species_list_doi,kingdom,phylum,class,order,family,genus,species,morphospecies,taxonID,commonName,scientificName,name,deployment,image_id,identifiedBy,detectionBy,detection_confidence,ID_confidence,mothbox,filepath,original_mothbox_identifciation,eventDate,eventTime,UTCOFFSET,verbatimEventDate,basisOfRecord,datasetID,parentEventID,eventID,occurrenceID
,,,,,,,,,,,,ERROR,Cerro_Hoya_Expedition_Hoya_606m_grisMejua_2025-01-26,grisMejua_2025_01_27__19_01_23_HDR0_0_Mothbot_yolo11m_4500_imgsz1600_b1_2024-01-18.pt.jpg,HS,Mothbot_yolo11m_4500_imgsz1600_b1_2024-01-18.pt,0.27265653014183044,,grisMejua,Cerro_Hoya_Expedition/Hoya_606m_grisMejua_2025-01-26/2025-01-27/patches/grisMejua_2025_01_27__19_01_23_HDR0_0_Mothbot_yolo11m_4500_imgsz1600_b1_2024-01-18.pt.jpg,ORDER_Psocodea,2025-01-27,19:01:23,,2025_01_27__19_01_23,MachineObservation,Cerro_Hoya_Expedition_Hoya_606m_grisMejua_2025-01-26_2025-01-27,Cerro_Hoya_Expedition_Hoya_606m_grisMejua_2025-01-26,grisMejua_2025_01_27__19_01_23_HDR0.jpg,grisMejua_2025_01_27__19_01_23_HDR0_0_Mothbot_yolo11m_4500_imgsz1600_b1_2024-01-18.pt.jpg
doi.org10.15468dl.6nxkw6.csv,Animalia,Arthropoda,Insecta,Coleoptera,,,,,1470,,Coleoptera,Coleoptera,Cerro_Hoya_Expedition_Hoya_606m_grisMejua_2025-01-26,grisMejua_2025_01_27__19_05_06_HDR0_0_Mothbot_yolo11m_4500_imgsz1600_b1_2024-01-18.pt.jpg,HS,Mothbot_yolo11m_4500_imgsz1600_b1_2024-01-18.pt,0.6127282977104187,,grisMejua,Cerro_Hoya_Expedition/Hoya_606m_grisMejua_2025-01-26/2025-01-27/patches/grisMejua_2025_01_27__19_05_06_HDR0_0_Mothbot_yolo11m_4500_imgsz1600_b1_2024-01-18.pt.jpg,ORDER_Diptera,2025-01-27,19:05:06,,2025_01_27__19_05_06,MachineObservation,Cerro_Hoya_Expedition_Hoya_606m_grisMejua_2025-01-26_2025-01-27,Cerro_Hoya_Expedition_Hoya_606m_grisMejua_2025-01-26,grisMejua_2025_01_27__19_05_06_HDR0.jpg,grisMejua_2025_01_27__19_05_06_HDR0_0_Mothbot_yolo11m_4500_imgsz1600_b1_2024-01-18.pt.jpg
doi.org10.15468dl.6nxkw6.csv,Animalia,Arthropoda,Insecta,Hemiptera,,,,,809,,Hemiptera,Hemiptera,Cerro_Hoya_Expedition_Hoya_606m_grisMejua_2025-01-26,grisMejua_2025_01_27__19_05_06_HDR0_1_Mothbot_yolo11m_4500_imgsz1600_b1_2024-01-18.pt.jpg,HS,Mothbot_yolo11m_4500_imgsz1600_b1_2024-01-18.pt,0.46031269431114197,,grisMejua,Cerro_Hoya_Expedition/Hoya_606m_grisMejua_2025-01-26/2025-01-27/patches/grisMejua_2025_01_27__19_05_06_HDR0_1_Mothbot_yolo11m_4500_imgsz1600_b1_2024-01-18.pt.jpg,ORDER_Hemiptera,2025-01-27,19:05:06,,2025_01_27__19_05_06,MachineObservation,Cerro_Hoya_Expedition_Hoya_606m_grisMejua_2025-01-26_2025-01-27,Cerro_Hoya_Expedition_Hoya_606m_grisMejua_2025-01-26,grisMejua_2025_01_27__19_05_06_HDR0.jpg,grisMejua_2025_01_27__19_05_06_HDR0_1_Mothbot_yolo11m_4500_imgsz1600_b1_2024-01-18.pt.jpg
doi.org10.15468dl.6nxkw6.csv,Animalia,Arthropoda,Insecta,Hemiptera,,,,,809,,Hemiptera,Hemiptera,Cerro_Hoya_Expedition_Hoya_606m_grisMejua_2025-01-26,grisMejua_2025_01_27__19_06_06_HDR0_0_Mothbot_yolo11m_4500_imgsz1600_b1_2024-01-18.pt.jpg,HS,Mothbot_yolo11m_4500_imgsz1600_b1_2024-01-18.pt,0.4535166323184967,,grisMejua,Cerro_Hoya_Expedition/Hoya_606m_grisMejua_2025-01-26/2025-01-27/patches/grisMejua_2025_01_27__19_06_06_HDR0_0_Mothbot_yolo11m_4500_imgsz1600_b1_2024-01-18.pt.jpg,ORDER_Diptera,2025-01-27,19:06:06,,2025_01_27__19_06_06,MachineObservation,Cerro_Hoya_Expedition_Hoya_606m_grisMejua_2025-01-26_2025-01-27,Cerro_Hoya_Expedition_Hoya_606m_grisMejua_2025-01-26,grisMejua_2025_01_27__19_06_06_HDR0.jpg,grisMejua_2025_01_27__19_06_06_HDR0_0_Mothbot_yolo11m_4500_imgsz1600_b1_2024-01-18.pt.jpg
doi.org10.15468dl.6nxkw6.csv,Animalia,Arthropoda,Insecta,Coleoptera,,,,,1470,,Coleoptera,Coleoptera,Cerro_Hoya_Expedition_Hoya_606m_grisMejua_2025-01-26,grisMejua_2025_01_27__19_07_05_HDR0_0_Mothbot_yolo11m_4500_imgsz1600_b1_2024-01-18.pt.jpg,HS,Mothbot_yolo11m_4500_imgsz1600_b1_2024-01-18.pt,0.4973926842212677,,grisMejua,Cerro_Hoya_Expedition/Hoya_606m_grisMejua_2025-01-26/2025-01-27/patches/grisMejua_2025_01_27__19_07_05_HDR0_0_Mothbot_yolo11m_4500_imgsz1600_b1_2024-01-18.pt.jpg,ORDER_Coleoptera,2025-01-27,19:07:05,,2025_01_27__19_07_05,MachineObservation,Cerro_Hoya_Expedition_Hoya_606m_grisMejua_2025-01-26_2025-01-27,Cerro_Hoya_Expedition_Hoya_606m_grisMejua_2025-01-26,grisMejua_2025_01_27__19_07_05_HDR0.jpg,grisMejua_2025_01_27__19_07_05_HDR0_0_Mothbot_yolo11m_4500_imgsz1600_b1_2024-01-18.pt.jpg
doi.org10.15468dl.6nxkw6.csv,Animalia,Arthropoda,Insecta,Coleoptera,,,,,1470,,Coleoptera,Coleoptera,Cerro_Hoya_Expedition_Hoya_606m_grisMejua_2025-01-26,grisMejua_2025_01_27__19_07_05_HDR0_1_Mothbot_yolo11m_4500_imgsz1600_b1_2024-01-18.pt.jpg,HS,Mothbot_yolo11m_4500_imgsz1600_b1_2024-01-18.pt,0.46770545840263367,,grisMejua,Cerro_Hoya_Expedition/Hoya_606m_grisMejua_2025-01-26/2025-01-27/patches/grisMejua_2025_01_27__19_07_05_HDR0_1_Mothbot_yolo11m_4500_imgsz1600_b1_2024-01-18.pt.jpg,ORDER_Diptera,2025-01-27,19:07:05,,2025_01_27__19_07_05,MachineObservation,Cerro_Hoya_Expedition_Hoya_606m_grisMejua_2025-01-26_2025-01-27,Cerro_Hoya_Expedition_Hoya_606m_grisMejua_2025-01-26,grisMejua_2025_01_27__19_07_05_HDR0.jpg,grisMejua_2025_01_27__19_07_05_HDR0_1_Mothbot_yolo11m_4500_imgsz1600_b1_2024-01-18.pt.jpg
doi.org10.15468dl.6nxkw6.csv,Animalia,Arthropoda,Insecta,Hemiptera,,,,,809,,Hemiptera,Hemiptera,Cerro_Hoya_Expedition_Hoya_606m_grisMejua_2025-01-26,grisMejua_2025_01_27__19_07_05_HDR0_2_Mothbot_yolo11m_4500_imgsz1600_b1_2024-01-18.pt.jpg,HS,Mothbot_yolo11m_4500_imgsz1600_b1_2024-01-18.pt,0.41573262214660645,,grisMejua,Cerro_Hoya_Expedition/Hoya_606m_grisMejua_2025-01-26/2025-01-27/patches/grisMejua_2025_01_27__19_07_05_HDR0_2_Mothbot_yolo11m_4500_imgsz1600_b1_2024-01-18.pt.jpg,ORDER_Diptera,2025-01-27,19:07:05,,2025_01_27__19_07_05,MachineObservation,Cerro_Hoya_Expedition_Hoya_606m_grisMejua_2025-01-26_2025-01-27,Cerro_Hoya_Expedition_Hoya_606m_grisMejua_2025-01-26,grisMejua_2025_01_27__19_07_05_HDR0.jpg,grisMejua_2025_01_27__19_07_05_HDR0_2_Mothbot_yolo11m_4500_imgsz1600_b1_2024-01-18.pt.jpg
doi.org10.15468dl.6nxkw6.csv,Animalia,Arthropoda,Insecta,Hemiptera,,,,,809,,Hemiptera,Hemiptera,Cerro_Hoya_Expedition_Hoya_606m_grisMejua_2025-01-26,grisMejua_2025_01_27__19_08_22_HDR0_0_Mothbot_yolo11m_4500_imgsz1600_b1_2024-01-18.pt.jpg,HS,Mothbot_yolo11m_4500_imgsz1600_b1_2024-01-18.pt,0.5585863590240479,,grisMejua,Cerro_Hoya_Expedition/Hoya_606m_grisMejua_2025-01-26/2025-01-27/patches/grisMejua_2025_01_27__19_08_22_HDR0_0_Mothbot_yolo11m_4500_imgsz1600_b1_2024-01-18.pt.jpg,ORDER_Diptera,2025-01-27,19:08:22,,2025_01_27__19_08_22,MachineObservation,Cerro_Hoya_Expedition_Hoya_606m_grisMejua_2025-01-26_2025-01-27,Cerro_Hoya_Expedition_Hoya_606m_grisMejua_2025-01-26,grisMejua_2025_01_27__19_08_22_HDR0.jpg,grisMejua_2025_01_27__19_08_22_HDR0_0_Mothbot_yolo11m_4500_imgsz1600_b1_2024-01-18.pt.jpg
doi.org10.15468dl.6nxkw6.csv,Animalia,Arthropoda,Insecta,Coleoptera,,,,,1470,,Coleoptera,Coleoptera,Cerro_Hoya_Expedition_Hoya_606m_grisMejua_2025-01-26,grisMejua_2025_01_27__19_08_22_HDR0_1_Mothbot_yolo11m_4500_imgsz1600_b1_2024-01-18.pt.jpg,HS,Mothbot_yolo11m_4500_imgsz1600_b1_2024-01-18.pt,0.5419266223907471,,grisMejua,Cerro_Hoya_Expedition/Hoya_606m_grisMejua_2025-01-26/2025-01-27/patches/grisMejua_2025_01_27__19_08_22_HDR0_1_Mothbot_yolo11m_4500_imgsz1600_b1_2024-01-18.pt.jpg,ORDER_Coleoptera,2025-01-27,19:08:22,,2025_01_27__19_08_22,MachineObservation,Cerro_Hoya_Expedition_Hoya_606m_grisMejua_2025-01-26_2025-01-27,Cerro_Hoya_Expedition_Hoya_606m_grisMejua_2025-01-26,grisMejua_2025_01_27__19_08_22_HDR0.jpg,grisMejua_2025_01_27__19_08_22_HDR0_1_Mothbot_yolo11m_4500_imgsz1600_b1_2024-01-18.pt.jpg
doi.org10.15468dl.6nxkw6.csv,Animalia,Arthropoda,Insecta,Hemiptera,,,,,809,,Hemiptera,Hemiptera,Cerro_Hoya_Expedition_Hoya_606m_grisMejua_2025-01-26,grisMejua_2025_01_27__19_08_22_HDR0_2_Mothbot_yolo11m_4500_imgsz1600_b1_2024-01-18.pt.jpg,HS,Mothbot_yolo11m_4500_imgsz1600_b1_2024-01-18.pt,0.42643216252326965,,grisMejua,Cerro_Hoya_Expedition/Hoya_606m_grisMejua_2025-01-26/2025-01-27/patches/grisMejua_2025_01_27__19_08_22_HDR0_2_Mothbot_yolo11m_4500_imgsz1600_b1_2024-01-18.pt.jpg,ORDER_Diptera,2025-01-27,19:08:22,,2025_01_27__19_08_22,MachineObservation,Cerro_Hoya_Expedition_Hoya_606m_grisMejua_2025-01-26_2025-01-27,Cerro_Hoya_Expedition_Hoya_606m_grisMejua_2025-01-26,grisMejua_2025_01_27__19_08_22_HDR0.jpg,grisMejua_2025_01_27__19_08_22_HDR0_2_Mothbot_yolo11m_4500_imgsz1600_b1_2024-01-18.pt.jpg
doi.org10.15468dl.6nxkw6.csv,Animalia,Arthropoda,Insecta,Coleoptera,,,,,1470,,Coleoptera,Coleoptera,Cerro_Hoya_Expedition_Hoya_606m_grisMejua_2025-01-26,grisMejua_2025_01_27__19_09_06_HDR0_0_Mothbot_yolo11m_4500_imgsz1600_b1_2024-01-18.pt.jpg,HS,Mothbot_yolo11m_4500_imgsz1600_b1_2024-01-18.pt,0.6060560345649719,,grisMejua,Cerro_Hoya_Expedition/Hoya_606m_grisMejua_2025-01-26/2025-01-27/patches/grisMejua_2025_01_27__19_09_06_HDR0_0_Mothbot_yolo11m_4500_imgsz1600_b1_2024-01-18.pt.jpg,ORDER_Diptera,2025-01-27,19:09:06,,2025_01_27__19_09_06,MachineObservation,Cerro_Hoya_Expedition_Hoya_606m_grisMejua_2025-01-26_2025-01-27,Cerro_Hoya_Expedition_Hoya_606m_grisMejua_2025-01-26,grisMejua_2025_01_27__19_09_06_HDR0.jpg,grisMejua_2025_01_27__19_09_06_HDR0_0_Mothbot_yolo11m_4500_imgsz1600_b1_2024-01-18.pt.jpg
doi.org10.15468dl.6nxkw6.csv,Animalia,Arthropoda,Insecta,Hemiptera,,,,,809,,Hemiptera,Hemiptera,Cerro_Hoya_Expedition_Hoya_606m_grisMejua_2025-01-26,grisMejua_2025_01_27__19_09_06_HDR0_1_Mothbot_yolo11m_4500_imgsz1600_b1_2024-01-18.pt.jpg,HS,Mothbot_yolo11m_4500_imgsz1600_b1_2024-01-18.pt,0.5950452089309692,,grisMejua,Cerro_Hoya_Expedition/Hoya_606m_grisMejua_2025-01-26/2025-01-27/patches/grisMejua_2025_01_27__19_09_06_HDR0_1_Mothbot_yolo11m_4500_imgsz1600_b1_2024-01-18.pt.jpg,ORDER_Hemiptera,2025-01-27,19:09:06,,2025_01_27__19_09_06,MachineObservation,Cerro_Hoya_Expedition_Hoya_606m_grisMejua_2025-01-26_2025-01-27,Cerro_Hoya_Expedition_Hoya_606m_grisMejua_2025-01-26,grisMejua_2025_01_27__19_09_06_HDR0.jpg,grisMejua_2025_01_27__19_09_06_HDR0_1_Mothbot_yolo11m_4500_imgsz1600_b1_2024-01-18.pt.jpg
doi.org10.15468dl.6nxkw6.csv,Animalia,Arthropoda,Insecta,Hemiptera,,,,,809,,Hemiptera,Hemiptera,Cerro_Hoya_Expedition_Hoya_606m_grisMejua_2025-01-26,grisMejua_2025_01_27__19_09_06_HDR0_2_Mothbot_yolo11m_4500_imgsz1600_b1_2024-01-18.pt.jpg,HS,Mothbot_yolo11m_4500_imgsz1600_b1_2024-01-18.pt,0.516544759273529,,grisMejua,Cerro_Hoya_Expedition/Hoya_606m_grisMejua_2025-01-26/2025-01-27/patches/grisMejua_2025_01_27__19_09_06_HDR0_2_Mothbot_yolo11m_4500_imgsz1600_b1_2024-01-18.pt.jpg,ORDER_Hemiptera,2025-01-27,19:09:06,,2025_01_27__19_09_06,MachineObservation,Cerro_Hoya_Expedition_Hoya_606m_grisMejua_2025-01-26_2025-01-27,Cerro_Hoya_Expedition_Hoya_606m_grisMejua_2025-01-26,grisMejua_2025_01_27__19_09_06_HDR0.jpg,grisMejua_2025_01_27__19_09_06_HDR0_2_Mothbot_yolo11m_4500_imgsz1600_b1_2024-01-18.pt.jpg
doi.org10.15468dl.6nxkw6.csv,Animalia,Arthropoda,Insecta,Hemiptera,,,,,809,,Hemiptera,Hemiptera,Cerro_Hoya_Expedition_Hoya_606m_grisMejua_2025-01-26,grisMejua_2025_01_27__19_09_06_HDR0_3_Mothbot_yolo11m_4500_imgsz1600_b1_2024-01-18.pt.jpg,HS,Mothbot_yolo11m_4500_imgsz1600_b1_2024-01-18.pt,0.3845916986465454,,grisMejua,Cerro_Hoya_Expedition/Hoya_606m_grisMejua_2025-01-26/2025-01-27/patches/grisMejua_2025_01_27__19_09_06_HDR0_3_Mothbot_yolo11m_4500_imgsz1600_b1_2024-01-18.pt.jpg,ORDER_Diptera,2025-01-27,19:09:06,,2025_01_27__19_09_06,MachineObservation,Cerro_Hoya_Expedition_Hoya_606m_grisMejua_2025-01-26_2025-01-27,Cerro_Hoya_Expedition_Hoya_606m_grisMejua_2025-01-26,grisMejua_2025_01_27__19_09_06_HDR0.jpg,grisMejua_2025_01_27__19_09_06_HDR0_3_Mothbot_yolo11m_4500_imgsz1600_b1_2024-01-18.pt.jpg
doi.org10.15468dl.6nxkw6.csv,Animalia,Arthropoda,Insecta,Hemiptera,,,,,809,,Hemiptera,Hemiptera,Cerro_Hoya_Expedition_Hoya_606m_grisMejua_2025-01-26,grisMejua_2025_01_27__19_10_06_HDR0_0_Mothbot_yolo11m_4500_imgsz1600_b1_2024-01-18.pt.jpg,HS,Mothbot_yolo11m_4500_imgsz1600_b1_2024-01-18.pt,0.6386045217514038,,grisMejua,Cerro_Hoya_Expedition/Hoya_606m_grisMejua_2025-01-26/2025-01-27/patches/grisMejua_2025_01_27__19_10_06_HDR0_0_Mothbot_yolo11m_4500_imgsz1600_b1_2024-01-18.pt.jpg,ORDER_Hemiptera,2025-01-27,19:10:06,,2025_01_27__19_10_06,MachineObservation,Cerro_Hoya_Expedition_Hoya_606m_grisMejua_2025-01-26_2025-01-27,Cerro_Hoya_Expedition_Hoya_606m_grisMejua_2025-01-26,grisMejua_2025_01_27__19_10_06_HDR0.jpg,grisMejua_2025_01_27__19_10_06_HDR0_0_Mothbot_yolo11m_4500_imgsz1600_b1_2024-01-18.pt.jpg
doi.org10.15468dl.6nxkw6.csv,Animalia,Arthropoda,Insecta,Hemiptera,,,,,809,,Hemiptera,Hemiptera,Cerro_Hoya_Expedition_Hoya_606m_grisMejua_2025-01-26,grisMejua_2025_01_27__19_10_06_HDR0_1_Mothbot_yolo11m_4500_imgsz1600_b1_2024-01-18.pt.jpg,HS,Mothbot_yolo11m_4500_imgsz1600_b1_2024-01-18.pt,0.5251269340515137,,grisMejua,Cerro_Hoya_Expedition/Hoya_606m_grisMejua_2025-01-26/2025-01-27/patches/grisMejua_2025_01_27__19_10_06_HDR0_1_Mothbot_yolo11m_4500_imgsz1600_b1_2024-01-18.pt.jpg,ORDER_Psocodea,2025-01-27,19:10:06,,2025_01_27__19_10_06,MachineObservation,Cerro_Hoya_Expedition_Hoya_606m_grisMejua_2025-01-26_2025-01-27,Cerro_Hoya_Expedition_Hoya_606m_grisMejua_2025-01-26,grisMejua_2025_01_27__19_10_06_HDR0.jpg,grisMejua_2025_01_27__19_10_06_HDR0_1_Mothbot_yolo11m_4500_imgsz1600_b1_2024-01-18.pt.jpg
doi.org10.15468dl.6nxkw6.csv,Animalia,Arthropoda,Insecta,Coleoptera,,,,,1470,,Coleoptera,Coleoptera,Cerro_Hoya_Expedition_Hoya_606m_grisMejua_2025-01-26,grisMejua_2025_01_27__19_10_06_HDR0_2_Mothbot_yolo11m_4500_imgsz1600_b1_2024-01-18.pt.jpg,HS,Mothbot_yolo11m_4500_imgsz1600_b1_2024-01-18.pt,0.5010333061218262,,grisMejua,Cerro_Hoya_Expedition/Hoya_606m_grisMejua_2025-01-26/2025-01-27/patches/grisMejua_2025_01_27__19_10_06_HDR0_2_Mothbot_yolo11m_4500_imgsz1600_b1_2024-01-18.pt.jpg,ORDER_Diptera,2025-01-27,19:10:06,,2025_01_27__19_10_06,MachineObservation,Cerro_Hoya_Expedition_Hoya_606m_grisMejua_2025-01-26_2025-01-27,Cerro_Hoya_Expedition_Hoya_606m_grisMejua_2025-01-26,grisMejua_2025_01_27__19_10_06_HDR0.jpg,grisMejua_2025_01_27__19_10_06_HDR0_2_Mothbot_yolo11m_4500_imgsz1600_b1_2024-01-18.pt.jpg
doi.org10.15468dl.6nxkw6.csv,Animalia,Arthropoda,Insecta,Coleoptera,,,,,1470,,Coleoptera,Coleoptera,Cerro_Hoya_Expedition_Hoya_606m_grisMejua_2025-01-26,grisMejua_2025_01_27__19_10_06_HDR0_3_Mothbot_yolo11m_4500_imgsz1600_b1_2024-01-18.pt.jpg,HS,Mothbot_yolo11m_4500_imgsz1600_b1_2024-01-18.pt,0.4909926950931549,,grisMejua,Cerro_Hoya_Expedition/Hoya_606m_grisMejua_2025-01-26/2025-01-27/patches/grisMejua_2025_01_27__19_10_06_HDR0_3_Mothbot_yolo11m_4500_imgsz1600_b1_2024-01-18.pt.jpg,ORDER_Hemiptera,2025-01-27,19:10:06,,2025_01_27__19_10_06,MachineObservation,Cerro_Hoya_Expedition_Hoya_606m_grisMejua_2025-01-26_2025-01-27,Cerro_Hoya_Expedition_Hoya_606m_grisMejua_2025-01-26,grisMejua_2025_01_27__19_10_06_HDR0.jpg,grisMejua_2025_01_27__19_10_06_HDR0_3_Mothbot_yolo11m_4500_imgsz1600_b1_2024-01-18.pt.jpg
doi.org10.15468dl.6nxkw6.csv,Animalia,Arthropoda,Insecta,Hemiptera,,,,,809,,Hemiptera,Hemiptera,Cerro_Hoya_Expedition_Hoya_606m_grisMejua_2025-01-26,grisMejua_2025_01_27__19_10_06_HDR0_4_Mothbot_yolo11m_4500_imgsz1600_b1_2024-01-18.pt.jpg,HS,Mothbot_yolo11m_4500_imgsz1600_b1_2024-01-18.pt,0.4001883864402771,,grisMejua,Cerro_Hoya_Expedition/Hoya_606m_grisMejua_2025-01-26/2025-01-27/patches/grisMejua_2025_01_27__19_10_06_HDR0_4_Mothbot_yolo11m_4500_imgsz1600_b1_2024-01-18.pt.jpg,ORDER_Diptera,2025-01-27,19:10:06,,2025_01_27__19_10_06,MachineObservation,Cerro_Hoya_Expedition_Hoya_606m_grisMejua_2025-01-26_2025-01-27,Cerro_Hoya_Expedition_Hoya_606m_grisMejua_2025-01-26,grisMejua_2025_01_27__19_10_06_HDR0.jpg,grisMejua_2025_01_27__19_10_06_HDR0_4_Mothbot_yolo11m_4500_imgsz1600_b1_2024-01-18.pt.jpg
doi.org10.15468dl.6nxkw6.csv,Animalia,Arthropoda,Insecta,,,,,,216,,Insecta,Insecta,Cerro_Hoya_Expedition_Hoya_606m_grisMejua_2025-01-26,grisMejua_2025_01_27__19_10_06_HDR0_5_Mothbot_yolo11m_4500_imgsz1600_b1_2024-01-18.pt.jpg,HS,Mothbot_yolo11m_4500_imgsz1600_b1_2024-01-18.pt,0.3107304275035858,,grisMejua,Cerro_Hoya_Expedition/Hoya_606m_grisMejua_2025-01-26/2025-01-27/patches/grisMejua_2025_01_27__19_10_06_HDR0_5_Mothbot_yolo11m_4500_imgsz1600_b1_2024-01-18.pt.jpg,ORDER_Hemiptera,2025-01-27,19:10:06,,2025_01_27__19_10_06,MachineObservation,Cerro_Hoya_Expedition_Hoya_606m_grisMejua_2025-01-26_2025-01-27,Cerro_Hoya_Expedition_Hoya_606m_grisMejua_2025-01-26,grisMejua_2025_01_27__19_10_06_HDR0.jpg,grisMejua_2025_01_27__19_10_06_HDR0_5_Mothbot_yolo11m_4500_imgsz1600_b1_2024-01-18.pt.jpg
doi.org10.15468dl.6nxkw6.csv,Animalia,Arthropoda,Insecta,Coleoptera,,,,,1470,,Coleoptera,Coleoptera,Cerro_Hoya_Expedition_Hoya_606m_grisMejua_2025-01-26,grisMejua_2025_01_27__19_11_05_HDR0_0_Mothbot_yolo11m_4500_imgsz1600_b1_2024-01-18.pt.jpg,HS,Mothbot_yolo11m_4500_imgsz1600_b1_2024-01-18.pt,0.6255748271942139,,grisMejua,Cerro_Hoya_Expedition/Hoya_606m_grisMejua_2025-01-26/2025-01-27/patches/grisMejua_2025_01_27__19_11_05_HDR0_0_Mothbot_yolo11m_4500_imgsz1600_b1_2024-01-18.pt.jpg,ORDER_Hymenoptera,2025-01-27,19:11:05,,2025_01_27__19_11_05,MachineObservation,Cerro_Hoya_Expedition_Hoya_606m_grisMejua_2025-01-26_2025-01-27,Cerro_Hoya_Expedition_Hoya_606m_grisMejua_2025-01-26,grisMejua_2025_01_27__19_11_05_HDR0.jpg,grisMejua_2025_01_27__19_11_05_HDR0_0_Mothbot_yolo11m_4500_imgsz1600_b1_2024-01-18.pt.jpg
doi.org10.15468dl.6nxkw6.csv,Animalia,Arthropoda,Insecta,Hemiptera,,,,,809,,Hemiptera,Hemiptera,Cerro_Hoya_Expedition_Hoya_606m_grisMejua_2025-01-26,grisMejua_2025_01_27__19_11_05_HDR0_1_Mothbot_yolo11m_4500_imgsz1600_b1_2024-01-18.pt.jpg,HS,Mothbot_yolo11m_4500_imgsz1600_b1_2024-01-18.pt,0.6240947842597961,,grisMejua,Cerro_Hoya_Expedition/Hoya_606m_grisMejua_2025-01-26/2025-01-27/patches/grisMejua_2025_01_27__19_11_05_HDR0_1_Mothbot_yolo11m_4500_imgsz1600_b1_2024-01-18.pt.jpg,ORDER_Hemiptera,2025-01-27,19:11:05,,2025_01_27__19_11_05,MachineObservation,Cerro_Hoya_Expedition_Hoya_606m_grisMejua_2025-01-26_2025-01-27,Cerro_Hoya_Expedition_Hoya_606m_grisMejua_2025-01-26,grisMejua_2025_01_27__19_11_05_HDR0.jpg,grisMejua_2025_01_27__19_11_05_HDR0_1_Mothbot_yolo11m_4500_imgsz1600_b1_2024-01-18.pt.jpg
doi.org10.15468dl.6nxkw6.csv,Animalia,Arthropoda,Insecta,Hemiptera,,,,,809,,Hemiptera,Hemiptera,Cerro_Hoya_Expedition_Hoya_606m_grisMejua_2025-01-26,grisMejua_2025_01_27__19_11_05_HDR0_2_Mothbot_yolo11m_4500_imgsz1600_b1_2024-01-18.pt.jpg,HS,Mothbot_yolo11m_4500_imgsz1600_b1_2024-01-18.pt,0.5042057633399963,,grisMejua,Cerro_Hoya_Expedition/Hoya_606m_grisMejua_2025-01-26/2025-01-27/patches/grisMejua_2025_01_27__19_11_05_HDR0_2_Mothbot_yolo11m_4500_imgsz1600_b1_2024-01-18.pt.jpg,ORDER_Diptera,2025-01-27,19:11:05,,2025_01_27__19_11_05,MachineObservation,Cerro_Hoya_Expedition_Hoya_606m_grisMejua_2025-01-26_2025-01-27,Cerro_Hoya_Expedition_Hoya_606m_grisMejua_2025-01-26,grisMejua_2025_01_27__19_11_05_HDR0.jpg,grisMejua_2025_01_27__19_11_05_HDR0_2_Mothbot_yolo11m_4500_imgsz1600_b1_2024-01-18.pt.jpg
doi.org10.15468dl.6nxkw6.csv,Animalia,Arthropoda,Insecta,Hemiptera,,,,,809,,Hemiptera,Hemiptera,Cerro_Hoya_Expedition_Hoya_606m_grisMejua_2025-01-26,grisMejua_2025_01_27__19_11_05_HDR0_3_Mothbot_yolo11m_4500_imgsz1600_b1_2024-01-18.pt.jpg,HS,Mothbot_yolo11m_4500_imgsz1600_b1_2024-01-18.pt,0.3905946612358093,,grisMejua,Cerro_Hoya_Expedition/Hoya_606m_grisMejua_2025-01-26/2025-01-27/patches/grisMejua_2025_01_27__19_11_05_HDR0_3_Mothbot_yolo11m_4500_imgsz1600_b1_2024-01-18.pt.jpg,ORDER_Diptera,2025-01-27,19:11:05,,2025_01_27__19_11_05,MachineObservation,Cerro_Hoya_Expedition_Hoya_606m_grisMejua_2025-01-26_2025-01-27,Cerro_Hoya_Expedition_Hoya_606m_grisMejua_2025-01-26,grisMejua_2025_01_27__19_11_05_HDR0.jpg,grisMejua_2025_01_27__19_11_05_HDR0_3_Mothbot_yolo11m_4500_imgsz1600_b1_2024-01-18.pt.jpg
doi.org10.15468dl.6nxkw6.csv,Animalia,Arthropoda,Insecta,Hemiptera,,,,,809,,Hemiptera,Hemiptera,Cerro_Hoya_Expedition_Hoya_606m_grisMejua_2025-01-26,grisMejua_2025_01_27__19_12_06_HDR0_0_Mothbot_yolo11m_4500_imgsz1600_b1_2024-01-18.pt.jpg,HS,Mothbot_yolo11m_4500_imgsz1600_b1_2024-01-18.pt,0.6081110239028931,,grisMejua,Cerro_Hoya_Expedition/Hoya_606m_grisMejua_2025-01-26/2025-01-27/patches/grisMejua_2025_01_27__19_12_06_HDR0_0_Mothbot_yolo11m_4500_imgsz1600_b1_2024-01-18.pt.jpg,ORDER_Hemiptera,2025-01-27,19:12:06,,2025_01_27__19_12_06,MachineObservation,Cerro_Hoya_Expedition_Hoya_606m_grisMejua_2025-01-26_2025-01-27,Cerro_Hoya_Expedition_Hoya_606m_grisMejua_2025-01-26,grisMejua_2025_01_27__19_12_06_HDR0.jpg,grisMejua_2025_01_27__19_12_06_HDR0_0_Mothbot_yolo11m_4500_imgsz1600_b1_2024-01-18.pt.jpg
doi.org10.15468dl.6nxkw6.csv,Animalia,Arthropoda,Insecta,Hemiptera,,,,,809,,Hemiptera,Hemiptera,Cerro_Hoya_Expedition_Hoya_606m_grisMejua_2025-01-26,grisMejua_2025_01_27__19_12_06_HDR0_1_Mothbot_yolo11m_4500_imgsz1600_b1_2024-01-18.pt.jpg,HS,Mothbot_yolo11m_4500_imgsz1600_b1_2024-01-18.pt,0.5380899310112,,grisMejua,Cerro_Hoya_Expedition/Hoya_606m_grisMejua_2025-01-26/2025-01-27/patches/grisMejua_2025_01_27__19_12_06_HDR0_1_Mothbot_yolo11m_4500_imgsz1600_b1_2024-01-18.pt.jpg,ORDER_Hemiptera,2025-01-27,19:12:06,,2025_01_27__19_12_06,MachineObservation,Cerro_Hoya_Expedition_Hoya_606m_grisMejua_2025-01-26_2025-01-27,Cerro_Hoya_Expedition_Hoya_606m_grisMejua_2025-01-26,grisMejua_2025_01_27__19_12_06_HDR0.jpg,grisMejua_2025_01_27__19_12_06_HDR0_1_Mothbot_yolo11m_4500_imgsz1600_b1_2024-01-18.pt.jpg
doi.org10.15468dl.6nxkw6.csv,Animalia,Arthropoda,Insecta,Coleoptera,,,,,1470,,Coleoptera,Coleoptera,Cerro_Hoya_Expedition_Hoya_606m_grisMejua_2025-01-26,grisMejua_2025_01_27__19_12_06_HDR0_2_Mothbot_yolo11m_4500_imgsz1600_b1_2024-01-18.pt.jpg,HS,Mothbot_yolo11m_4500_imgsz1600_b1_2024-01-18.pt,0.509292483329773,,grisMejua,Cerro_Hoya_Expedition/Hoya_606m_grisMejua_2025-01-26/2025-01-27/patches/grisMejua_2025_01_27__19_12_06_HDR0_2_Mothbot_yolo11m_4500_imgsz1600_b1_2024-01-18.pt.jpg,ORDER_Coleoptera,2025-01-27,19:12:06,,2025_01_27__19_12_06,MachineObservation,Cerro_Hoya_Expedition_Hoya_606m_grisMejua_2025-01-26_2025-01-27,Cerro_Hoya_Expedition_Hoya_606m_grisMejua_2025-01-26,grisMejua_2025_01_27__19_12_06_HDR0.jpg,grisMejua_2025_01_27__19_12_06_HDR0_2_Mothbot_yolo11m_4500_imgsz1600_b1_2024-01-18.pt.jpg
doi.org10.15468dl.6nxkw6.csv,Animalia,Arthropoda,Insecta,Hemiptera,,,,,809,,Hemiptera,Hemiptera,Cerro_Hoya_Expedition_Hoya_606m_grisMejua_2025-01-26,grisMejua_2025_01_27__19_12_06_HDR0_3_Mothbot_yolo11m_4500_imgsz1600_b1_2024-01-18.pt.jpg,HS,Mothbot_yolo11m_4500_imgsz1600_b1_2024-01-18.pt,0.3604426681995392,,grisMejua,Cerro_Hoya_Expedition/Hoya_606m_grisMejua_2025-01-26/2025-01-27/patches/grisMejua_2025_01_27__19_12_06_HDR0_3_Mothbot_yolo11m_4500_imgsz1600_b1_2024-01-18.pt.jpg,ORDER_Hemiptera,2025-01-27,19:12:06,,2025_01_27__19_12_06,MachineObservation,Cerro_Hoya_Expedition_Hoya_606m_grisMejua_2025-01-26_2025-01-27,Cerro_Hoya_Expedition_Hoya_606m_grisMejua_2025-01-26,grisMejua_2025_01_27__19_12_06_HDR0.jpg,grisMejua_2025_01_27__19_12_06_HDR0_3_Mothbot_yolo11m_4500_imgsz1600_b1_2024-01-18.pt.jpg
doi.org10.15468dl.6nxkw6.csv,Animalia,Arthropoda,Insecta,Hemiptera,,,,,809,,Hemiptera,Hemiptera,Cerro_Hoya_Expedition_Hoya_606m_grisMejua_2025-01-26,grisMejua_2025_01_27__19_13_06_HDR0_0_Mothbot_yolo11m_4500_imgsz1600_b1_2024-01-18.pt.jpg,HS,Mothbot_yolo11m_4500_imgsz1600_b1_2024-01-18.pt,0.6601965427398682,,grisMejua,Cerro_Hoya_Expedition/Hoya_606m_grisMejua_2025-01-26/2025-01-27/patches/grisMejua_2025_01_27__19_13_06_HDR0_0_Mothbot_yolo11m_4500_imgsz1600_b1_2024-01-18.pt.jpg,ORDER_Hemiptera,2025-01-27,19:13:06,,2025_01_27__19_13_06,MachineObservation,Cerro_Hoya_Expedition_Hoya_606m_grisMejua_2025-01-26_2025-01-27,Cerro_Hoya_Expedition_Hoya_606m_grisMejua_2025-01-26,grisMejua_2025_01_27__19_13_06_HDR0.jpg,grisMejua_2025_01_27__19_13_06_HDR0_0_Mothbot_yolo11m_4500_imgsz1600_b1_2024-01-18.pt.jpg
doi.org10.15468dl.6nxkw6.csv,Animalia,Arthropoda,Insecta,Hemiptera,,,,,809,,Hemiptera,Hemiptera,Cerro_Hoya_Expedition_Hoya_606m_grisMejua_2025-01-26,grisMejua_2025_01_27__19_13_06_HDR0_1_Mothbot_yolo11m_4500_imgsz1600_b1_2024-01-18.pt.jpg,HS,Mothbot_yolo11m_4500_imgsz1600_b1_2024-01-18.pt,0.6270896196365356,,grisMejua,Cerro_Hoya_Expedition/Hoya_606m_grisMejua_2025-01-26/2025-01-27/patches/grisMejua_2025_01_27__19_13_06_HDR0_1_Mothbot_yolo11m_4500_imgsz1600_b1_2024-01-18.pt.jpg,ORDER_Hemiptera,2025-01-27,19:13:06,,2025_01_27__19_13_06,MachineObservation,Cerro_Hoya_Expedition_Hoya_606m_grisMejua_2025-01-26_2025-01-27,Cerro_Hoya_Expedition_Hoya_606m_grisMejua_2025-01-26,grisMejua_2025_01_27__19_13_06_HDR0.jpg,grisMejua_2025_01_27__19_13_06_HDR0_1_Mothbot_yolo11m_4500_imgsz1600_b1_2024-01-18.pt.jpg
doi.org10.15468dl.6nxkw6.csv,Animalia,Arthropoda,Insecta,Hemiptera,,,,,809,,Hemiptera,Hemiptera,Cerro_Hoya_Expedition_Hoya_606m_grisMejua_2025-01-26,grisMejua_2025_01_27__19_13_06_HDR0_2_Mothbot_yolo11m_4500_imgsz1600_b1_2024-01-18.pt.jpg,HS,Mothbot_yolo11m_4500_imgsz1600_b1_2024-01-18.pt,0.6011382937431335,,grisMejua,Cerro_Hoya_Expedition/Hoya_606m_grisMejua_2025-01-26/2025-01-27/patches/grisMejua_2025_01_27__19_13_06_HDR0_2_Mothbot_yolo11m_4500_imgsz1600_b1_2024-01-18.pt.jpg,ORDER_Diptera,2025-01-27,19:13:06,,2025_01_27__19_13_06,MachineObservation,Cerro_Hoya_Expedition_Hoya_606m_grisMejua_2025-01-26_2025-01-27,Cerro_Hoya_Expedition_Hoya_606m_grisMejua_2025-01-26,grisMejua_2025_01_27__19_13_06_HDR0.jpg,grisMejua_2025_01_27__19_13_06_HDR0_2_Mothbot_yolo11m_4500_imgsz1600_b1_2024-01-18.pt.jpg
doi.org10.15468dl.6nxkw6.csv,Animalia,Arthropoda,Insecta,Coleoptera,,,,,1470,,Coleoptera,Coleoptera,Cerro_Hoya_Expedition_Hoya_606m_grisMejua_2025-01-26,grisMejua_2025_01_27__19_13_06_HDR0_3_Mothbot_yolo11m_4500_imgsz1600_b1_2024-01-18.pt.jpg,HS,Mothbot_yolo11m_4500_imgsz1600_b1_2024-01-18.pt,0.524109959602356,,grisMejua,Cerro_Hoya_Expedition/Hoya_606m_grisMejua_2025-01-26/2025-01-27/patches/grisMejua_2025_01_27__19_13_06_HDR0_3_Mothbot_yolo11m_4500_imgsz1600_b1_2024-01-18.pt.jpg,ORDER_Diptera,2025-01-27,19:13:06,,2025_01_27__19_13_06,MachineObservation,Cerro_Hoya_Expedition_Hoya_606m_grisMejua_2025-01-26_2025-01-27,Cerro_Hoya_Expedition_Hoya_606m_grisMejua_2025-01-26,grisMejua_2025_01_27__19_13_06_HDR0.jpg,grisMejua_2025_01_27__19_13_06_HDR0_3_Mothbot_yolo11m_4500_imgsz1600_b1_2024-01-18.pt.jpg
doi.org10.15468dl.6nxkw6.csv,Animalia,Arthropoda,Insecta,Coleoptera,,,,,1470,,Coleoptera,Coleoptera,Cerro_Hoya_Expedition_Hoya_606m_grisMejua_2025-01-26,grisMejua_2025_01_27__19_13_06_HDR0_4_Mothbot_yolo11m_4500_imgsz1600_b1_2024-01-18.pt.jpg,HS,Mothbot_yolo11m_4500_imgsz1600_b1_2024-01-18.pt,0.35637304186820984,,grisMejua,Cerro_Hoya_Expedition/Hoya_606m_grisMejua_2025-01-26/2025-01-27/patches/grisMejua_2025_01_27__19_13_06_HDR0_4_Mothbot_yolo11m_4500_imgsz1600_b1_2024-01-18.pt.jpg,ORDER_Coleoptera,2025-01-27,19:13:06,,2025_01_27__19_13_06,MachineObservation,Cerro_Hoya_Expedition_Hoya_606m_grisMejua_2025-01-26_2025-01-27,Cerro_Hoya_Expedition_Hoya_606m_grisMejua_2025-01-26,grisMejua_2025_01_27__19_13_06_HDR0.jpg,grisMejua_2025_01_27__19_13_06_HDR0_4_Mothbot_yolo11m_4500_imgsz1600_b1_2024-01-18.pt.jpg
doi.org10.15468dl.6nxkw6.csv,Animalia,Arthropoda,Insecta,Diptera,,,,,811,,Diptera,Diptera,Cerro_Hoya_Expedition_Hoya_606m_grisMejua_2025-01-26,grisMejua_2025_01_27__19_14_06_HDR0_0_Mothbot_yolo11m_4500_imgsz1600_b1_2024-01-18.pt.jpg,HS,Mothbot_yolo11m_4500_imgsz1600_b1_2024-01-18.pt,0.6720247268676758,,grisMejua,Cerro_Hoya_Expedition/Hoya_606m_grisMejua_2025-01-26/2025-01-27/patches/grisMejua_2025_01_27__19_14_06_HDR0_0_Mothbot_yolo11m_4500_imgsz1600_b1_2024-01-18.pt.jpg,ORDER_Diptera,2025-01-27,19:14:06,,2025_01_27__19_14_06,MachineObservation,Cerro_Hoya_Expedition_Hoya_606m_grisMejua_2025-01-26_2025-01-27,Cerro_Hoya_Expedition_Hoya_606m_grisMejua_2025-01-26,grisMejua_2025_01_27__19_14_06_HDR0.jpg,grisMejua_2025_01_27__19_14_06_HDR0_0_Mothbot_yolo11m_4500_imgsz1600_b1_2024-01-18.pt.jpg
doi.org10.15468dl.6nxkw6.csv,Animalia,Arthropoda,Insecta,Hemiptera,,,,,809,,Hemiptera,Hemiptera,Cerro_Hoya_Expedition_Hoya_606m_grisMejua_2025-01-26,grisMejua_2025_01_27__19_14_06_HDR0_1_Mothbot_yolo11m_4500_imgsz1600_b1_2024-01-18.pt.jpg,HS,Mothbot_yolo11m_4500_imgsz1600_b1_2024-01-18.pt,0.6348651647567749,,grisMejua,Cerro_Hoya_Expedition/Hoya_606m_grisMejua_2025-01-26/2025-01-27/patches/grisMejua_2025_01_27__19_14_06_HDR0_1_Mothbot_yolo11m_4500_imgsz1600_b1_2024-01-18.pt.jpg,ORDER_Hemiptera,2025-01-27,19:14:06,,2025_01_27__19_14_06,MachineObservation,Cerro_Hoya_Expedition_Hoya_606m_grisMejua_2025-01-26_2025-01-27,Cerro_Hoya_Expedition_Hoya_606m_grisMejua_2025-01-26,grisMejua_2025_01_27__19_14_06_HDR0.jpg,grisMejua_2025_01_27__19_14_06_HDR0_1_Mothbot_yolo11m_4500_imgsz1600_b1_2024-01-18.pt.jpg
doi.org10.15468dl.6nxkw6.csv,Animalia,Arthropoda,Insecta,Hemiptera,,,,,809,,Hemiptera,Hemiptera,Cerro_Hoya_Expedition_Hoya_606m_grisMejua_2025-01-26,grisMejua_2025_01_27__19_14_06_HDR0_2_Mothbot_yolo11m_4500_imgsz1600_b1_2024-01-18.pt.jpg,HS,Mothbot_yolo11m_4500_imgsz1600_b1_2024-01-18.pt,0.5826689004898071,,grisMejua,Cerro_Hoya_Expedition/Hoya_606m_grisMejua_2025-01-26/2025-01-27/patches/grisMejua_2025_01_27__19_14_06_HDR0_2_Mothbot_yolo11m_4500_imgsz1600_b1_2024-01-18.pt.jpg,ORDER_Hemiptera,2025-01-27,19:14:06,,2025_01_27__19_14_06,MachineObservation,Cerro_Hoya_Expedition_Hoya_606m_grisMejua_2025-01-26_2025-01-27,Cerro_Hoya_Expedition_Hoya_606m_grisMejua_2025-01-26,grisMejua_2025_01_27__19_14_06_HDR0.jpg,grisMejua_2025_01_27__19_14_06_HDR0_2_Mothbot_yolo11m_4500_imgsz1600_b1_2024-01-18.pt.jpg
doi.org10.15468dl.6nxkw6.csv,Animalia,Arthropoda,Insecta,Coleoptera,,,,,1470,,Coleoptera,Coleoptera,Cerro_Hoya_Expedition_Hoya_606m_grisMejua_2025-01-26,grisMejua_2025_01_27__19_14_06_HDR0_3_Mothbot_yolo11m_4500_imgsz1600_b1_2024-01-18.pt.jpg,HS,Mothbot_yolo11m_4500_imgsz1600_b1_2024-01-18.pt,0.5682321786880493,,grisMejua,Cerro_Hoya_Expedition/Hoya_606m_grisMejua_2025-01-26/2025-01-27/patches/grisMejua_2025_01_27__19_14_06_HDR0_3_Mothbot_yolo11m_4500_imgsz1600_b1_2024-01-18.pt.jpg,ORDER_Hemiptera,2025-01-27,19:14:06,,2025_01_27__19_14_06,MachineObservation,Cerro_Hoya_Expedition_Hoya_606m_grisMejua_2025-01-26_2025-01-27,Cerro_Hoya_Expedition_Hoya_606m_grisMejua_2025-01-26,grisMejua_2025_01_27__19_14_06_HDR0.jpg,grisMejua_2025_01_27__19_14_06_HDR0_3_Mothbot_yolo11m_4500_imgsz1600_b1_2024-01-18.pt.jpg
doi.org10.15468dl.6nxkw6.csv,Animalia,Arthropoda,Insecta,Coleoptera,,,,,1470,,Coleoptera,Coleoptera,Cerro_Hoya_Expedition_Hoya_606m_grisMejua_2025-01-26,grisMejua_2025_01_27__19_14_06_HDR0_4_Mothbot_yolo11m_4500_imgsz1600_b1_2024-01-18.pt.jpg,HS,Mothbot_yolo11m_4500_imgsz1600_b1_2024-01-18.pt,0.5635744333267212,,grisMejua,Cerro_Hoya_Expedition/Hoya_606m_grisMejua_2025-01-26/2025-01-27/patches/grisMejua_2025_01_27__19_14_06_HDR0_4_Mothbot_yolo11m_4500_imgsz1600_b1_2024-01-18.pt.jpg,ORDER_Coleoptera,2025-01-27,19:14:06,,2025_01_27__19_14_06,MachineObservation,Cerro_Hoya_Expedition_Hoya_606m_grisMejua_2025-01-26_2025-01-27,Cerro_Hoya_Expedition_Hoya_606m_grisMejua_2025-01-26,grisMejua_2025_01_27__19_14_06_HDR0.jpg,grisMejua_2025_01_27__19_14_06_HDR0_4_Mothbot_yolo11m_4500_imgsz1600_b1_2024-01-18.pt.jpg
doi.org10.15468dl.6nxkw6.csv,Animalia,Arthropoda,Insecta,Coleoptera,,,,,1470,,Coleoptera,Coleoptera,Cerro_Hoya_Expedition_Hoya_606m_grisMejua_2025-01-26,grisMejua_2025_01_27__19_14_06_HDR0_5_Mothbot_yolo11m_4500_imgsz1600_b1_2024-01-18.pt.jpg,HS,Mothbot_yolo11m_4500_imgsz1600_b1_2024-01-18.pt,0.44250333309173584,,grisMejua,Cerro_Hoya_Expedition/Hoya_606m_grisMejua_2025-01-26/2025-01-27/patches/grisMejua_2025_01_27__19_14_06_HDR0_5_Mothbot_yolo11m_4500_imgsz1600_b1_2024-01-18.pt.jpg,ORDER_Hymenoptera,2025-01-27,19:14:06,,2025_01_27__19_14_06,MachineObservation,Cerro_Hoya_Expedition_Hoya_606m_grisMejua_2025-01-26_2025-01-27,Cerro_Hoya_Expedition_Hoya_606m_grisMejua_2025-01-26,grisMejua_2025_01_27__19_14_06_HDR0.jpg,grisMejua_2025_01_27__19_14_06_HDR0_5_Mothbot_yolo11m_4500_imgsz1600_b1_2024-01-18.pt.jpg
doi.org10.15468dl.6nxkw6.csv,Animalia,Arthropoda,Insecta,,,,,,216,,Insecta,Insecta,Cerro_Hoya_Expedition_Hoya_606m_grisMejua_2025-01-26,grisMejua_2025_01_27__19_14_06_HDR0_6_Mothbot_yolo11m_4500_imgsz1600_b1_2024-01-18.pt.jpg,HS,Mothbot_yolo11m_4500_imgsz1600_b1_2024-01-18.pt,0.4380827248096466,,grisMejua,Cerro_Hoya_Expedition/Hoya_606m_grisMejua_2025-01-26/2025-01-27/patches/grisMejua_2025_01_27__19_14_06_HDR0_6_Mothbot_yolo11m_4500_imgsz1600_b1_2024-01-18.pt.jpg,ORDER_Coleoptera,2025-01-27,19:14:06,,2025_01_27__19_14_06,MachineObservation,Cerro_Hoya_Expedition_Hoya_606m_grisMejua_2025-01-26_2025-01-27,Cerro_Hoya_Expedition_Hoya_606m_grisMejua_2025-01-26,grisMejua_2025_01_27__19_14_06_HDR0.jpg,grisMejua_2025_01_27__19_14_06_HDR0_6_Mothbot_yolo11m_4500_imgsz1600_b1_2024-01-18.pt.jpg
doi.org10.15468dl.6nxkw6.csv,Animalia,Arthropoda,Insecta,Hemiptera,,,,,809,,Hemiptera,Hemiptera,Cerro_Hoya_Expedition_Hoya_606m_grisMejua_2025-01-26,grisMejua_2025_01_27__19_15_22_HDR0_0_Mothbot_yolo11m_4500_imgsz1600_b1_2024-01-18.pt.jpg,HS,Mothbot_yolo11m_4500_imgsz1600_b1_2024-01-18.pt,0.6455078125,,grisMejua,Cerro_Hoya_Expedition/Hoya_606m_grisMejua_2025-01-26/2025-01-27/patches/grisMejua_2025_01_27__19_15_22_HDR0_0_Mothbot_yolo11m_4500_imgsz1600_b1_2024-01-18.pt.jpg,ORDER_Hemiptera,2025-01-27,19:15:22,,2025_01_27__19_15_22,MachineObservation,Cerro_Hoya_Expedition_Hoya_606m_grisMejua_2025-01-26_2025-01-27,Cerro_Hoya_Expedition_Hoya_606m_grisMejua_2025-01-26,grisMejua_2025_01_27__19_15_22_HDR0.jpg,grisMejua_2025_01_27__19_15_22_HDR0_0_Mothbot_yolo11m_4500_imgsz1600_b1_2024-01-18.pt.jpg
doi.org10.15468dl.6nxkw6.csv,Animalia,Arthropoda,Insecta,Coleoptera,,,,,1470,,Coleoptera,Coleoptera,Cerro_Hoya_Expedition_Hoya_606m_grisMejua_2025-01-26,grisMejua_2025_01_27__19_15_22_HDR0_1_Mothbot_yolo11m_4500_imgsz1600_b1_2024-01-18.pt.jpg,HS,Mothbot_yolo11m_4500_imgsz1600_b1_2024-01-18.pt,0.53733229637146,,grisMejua,Cerro_Hoya_Expedition/Hoya_606m_grisMejua_2025-01-26/2025-01-27/patches/grisMejua_2025_01_27__19_15_22_HDR0_1_Mothbot_yolo11m_4500_imgsz1600_b1_2024-01-18.pt.jpg,ORDER_Hemiptera,2025-01-27,19:15:22,,2025_01_27__19_15_22,MachineObservation,Cerro_Hoya_Expedition_Hoya_606m_grisMejua_2025-01-26_2025-01-27,Cerro_Hoya_Expedition_Hoya_606m_grisMejua_2025-01-26,grisMejua_2025_01_27__19_15_22_HDR0.jpg,grisMejua_2025_01_27__19_15_22_HDR0_1_Mothbot_yolo11m_4500_imgsz1600_b1_2024-01-18.pt.jpg
doi.org10.15468dl.6nxkw6.csv,Animalia,Arthropoda,Insecta,Lepidoptera,,,,,797,,Lepidoptera,Lepidoptera,Cerro_Hoya_Expedition_Hoya_606m_grisMejua_2025-01-26,grisMejua_2025_01_27__19_15_22_HDR0_2_Mothbot_yolo11m_4500_imgsz1600_b1_2024-01-18.pt.jpg,HS,Mothbot_yolo11m_4500_imgsz1600_b1_2024-01-18.pt,0.5352796912193298,,grisMejua,Cerro_Hoya_Expedition/Hoya_606m_grisMejua_2025-01-26/2025-01-27/patches/grisMejua_2025_01_27__19_15_22_HDR0_2_Mothbot_yolo11m_4500_imgsz1600_b1_2024-01-18.pt.jpg,ORDER_Hemiptera,2025-01-27,19:15:22,,2025_01_27__19_15_22,MachineObservation,Cerro_Hoya_Expedition_Hoya_606m_grisMejua_2025-01-26_2025-01-27,Cerro_Hoya_Expedition_Hoya_606m_grisMejua_2025-01-26,grisMejua_2025_01_27__19_15_22_HDR0.jpg,grisMejua_2025_01_27__19_15_22_HDR0_2_Mothbot_yolo11m_4500_imgsz1600_b1_2024-01-18.pt.jpg
doi.org10.15468dl.6nxkw6.csv,Animalia,Arthropoda,Insecta,Coleoptera,,,,,1470,,Coleoptera,Coleoptera,Cerro_Hoya_Expedition_Hoya_606m_grisMejua_2025-01-26,grisMejua_2025_01_27__19_15_22_HDR0_3_Mothbot_yolo11m_4500_imgsz1600_b1_2024-01-18.pt.jpg,HS,Mothbot_yolo11m_4500_imgsz1600_b1_2024-01-18.pt,0.5278361439704895,,grisMejua,Cerro_Hoya_Expedition/Hoya_606m_grisMejua_2025-01-26/2025-01-27/patches/grisMejua_2025_01_27__19_15_22_HDR0_3_Mothbot_yolo11m_4500_imgsz1600_b1_2024-01-18.pt.jpg,ORDER_Coleoptera,2025-01-27,19:15:22,,2025_01_27__19_15_22,MachineObservation,Cerro_Hoya_Expedition_Hoya_606m_grisMejua_2025-01-26_2025-01-27,Cerro_Hoya_Expedition_Hoya_606m_grisMejua_2025-01-26,grisMejua_2025_01_27__19_15_22_HDR0.jpg,grisMejua_2025_01_27__19_15_22_HDR0_3_Mothbot_yolo11m_4500_imgsz1600_b1_2024-01-18.pt.jpg
doi.org10.15468dl.6nxkw6.csv,Animalia,Arthropoda,Insecta,Coleoptera,,,,,1470,,Coleoptera,Coleoptera,Cerro_Hoya_Expedition_Hoya_606m_grisMejua_2025-01-26,grisMejua_2025_01_27__19_15_22_HDR0_4_Mothbot_yolo11m_4500_imgsz1600_b1_2024-01-18.pt.jpg,HS,Mothbot_yolo11m_4500_imgsz1600_b1_2024-01-18.pt,0.47501859068870544,,grisMejua,Cerro_Hoya_Expedition/Hoya_606m_grisMejua_2025-01-26/2025-01-27/patches/grisMejua_2025_01_27__19_15_22_HDR0_4_Mothbot_yolo11m_4500_imgsz1600_b1_2024-01-18.pt.jpg,ORDER_Diptera,2025-01-27,19:15:22,,2025_01_27__19_15_22,MachineObservation,Cerro_Hoya_Expedition_Hoya_606m_grisMejua_2025-01-26_2025-01-27,Cerro_Hoya_Expedition_Hoya_606m_grisMejua_2025-01-26,grisMejua_2025_01_27__19_15_22_HDR0.jpg,grisMejua_2025_01_27__19_15_22_HDR0_4_Mothbot_yolo11m_4500_imgsz1600_b1_2024-01-18.pt.jpg
doi.org10.15468dl.6nxkw6.csv,Animalia,Arthropoda,Insecta,Coleoptera,,,,,1470,,Coleoptera,Coleoptera,Cerro_Hoya_Expedition_Hoya_606m_grisMejua_2025-01-26,grisMejua_2025_01_27__19_15_22_HDR0_5_Mothbot_yolo11m_4500_imgsz1600_b1_2024-01-18.pt.jpg,HS,Mothbot_yolo11m_4500_imgsz1600_b1_2024-01-18.pt,0.47144776582717896,,grisMejua,Cerro_Hoya_Expedition/Hoya_606m_grisMejua_2025-01-26/2025-01-27/patches/grisMejua_2025_01_27__19_15_22_HDR0_5_Mothbot_yolo11m_4500_imgsz1600_b1_2024-01-18.pt.jpg,ORDER_Coleoptera,2025-01-27,19:15:22,,2025_01_27__19_15_22,MachineObservation,Cerro_Hoya_Expedition_Hoya_606m_grisMejua_2025-01-26_2025-01-27,Cerro_Hoya_Expedition_Hoya_606m_grisMejua_2025-01-26,grisMejua_2025_01_27__19_15_22_HDR0.jpg,grisMejua_2025_01_27__19_15_22_HDR0_5_Mothbot_yolo11m_4500_imgsz1600_b1_2024-01-18.pt.jpg
doi.org10.15468dl.6nxkw6.csv,Animalia,Arthropoda,Insecta,Coleoptera,,,,,1470,,Coleoptera,Coleoptera,Cerro_Hoya_Expedition_Hoya_606m_grisMejua_2025-01-26,grisMejua_2025_01_27__19_15_22_HDR0_6_Mothbot_yolo11m_4500_imgsz1600_b1_2024-01-18.pt.jpg,HS,Mothbot_yolo11m_4500_imgsz1600_b1_2024-01-18.pt,0.3529919981956482,,grisMejua,Cerro_Hoya_Expedition/Hoya_606m_grisMejua_2025-01-26/2025-01-27/patches/grisMejua_2025_01_27__19_15_22_HDR0_6_Mothbot_yolo11m_4500_imgsz1600_b1_2024-01-18.pt.jpg,ORDER_Hymenoptera,2025-01-27,19:15:22,,2025_01_27__19_15_22,MachineObservation,Cerro_Hoya_Expedition_Hoya_606m_grisMejua_2025-01-26_2025-01-27,Cerro_Hoya_Expedition_Hoya_606m_grisMejua_2025-01-26,grisMejua_2025_01_27__19_15_22_HDR0.jpg,grisMejua_2025_01_27__19_15_22_HDR0_6_Mothbot_yolo11m_4500_imgsz1600_b1_2024-01-18.pt.jpg
doi.org10.15468dl.6nxkw6.csv,Animalia,Arthropoda,Insecta,Coleoptera,,,,,1470,,Coleoptera,Coleoptera,Cerro_Hoya_Expedition_Hoya_606m_grisMejua_2025-01-26,grisMejua_2025_01_27__19_15_22_HDR0_7_Mothbot_yolo11m_4500_imgsz1600_b1_2024-01-18.pt.jpg,HS,Mothbot_yolo11m_4500_imgsz1600_b1_2024-01-18.pt,0.2975109815597534,,grisMejua,Cerro_Hoya_Expedition/Hoya_606m_grisMejua_2025-01-26/2025-01-27/patches/grisMejua_2025_01_27__19_15_22_HDR0_7_Mothbot_yolo11m_4500_imgsz1600_b1_2024-01-18.pt.jpg,ORDER_Coleoptera,2025-01-27,19:15:22,,2025_01_27__19_15_22,MachineObservation,Cerro_Hoya_Expedition_Hoya_606m_grisMejua_2025-01-26_2025-01-27,Cerro_Hoya_Expedition_Hoya_606m_grisMejua_2025-01-26,grisMejua_2025_01_27__19_15_22_HDR0.jpg,grisMejua_2025_01_27__19_15_22_HDR0_7_Mothbot_yolo11m_4500_imgsz1600_b1_2024-01-18.pt.jpg
doi.org10.15468dl.6nxkw6.csv,Animalia,Arthropoda,Insecta,,,,,,216,,Insecta,Insecta,Cerro_Hoya_Expedition_Hoya_606m_grisMejua_2025-01-26,grisMejua_2025_01_27__19_15_22_HDR0_8_Mothbot_yolo11m_4500_imgsz1600_b1_2024-01-18.pt.jpg,HS,Mothbot_yolo11m_4500_imgsz1600_b1_2024-01-18.pt,0.2657436728477478,,grisMejua,Cerro_Hoya_Expedition/Hoya_606m_grisMejua_2025-01-26/2025-01-27/patches/grisMejua_2025_01_27__19_15_22_HDR0_8_Mothbot_yolo11m_4500_imgsz1600_b1_2024-01-18.pt.jpg,ORDER_Coleoptera,2025-01-27,19:15:22,,2025_01_27__19_15_22,MachineObservation,Cerro_Hoya_Expedition_Hoya_606m_grisMejua_2025-01-26_2025-01-27,Cerro_Hoya_Expedition_Hoya_606m_grisMejua_2025-01-26,grisMejua_2025_01_27__19_15_22_HDR0.jpg,grisMejua_2025_01_27__19_15_22_HDR0_8_Mothbot_yolo11m_4500_imgsz1600_b1_2024-01-18.pt.jpg
doi.org10.15468dl.6nxkw6.csv,Animalia,Arthropoda,Insecta,Hemiptera,,,,,809,,Hemiptera,Hemiptera,Cerro_Hoya_Expedition_Hoya_606m_grisMejua_2025-01-26,grisMejua_2025_01_27__19_16_06_HDR0_0_Mothbot_yolo11m_4500_imgsz1600_b1_2024-01-18.pt.jpg,HS,Mothbot_yolo11m_4500_imgsz1600_b1_2024-01-18.pt,0.64332515001297,,grisMejua,Cerro_Hoya_Expedition/Hoya_606m_grisMejua_2025-01-26/2025-01-27/patches/grisMejua_2025_01_27__19_16_06_HDR0_0_Mothbot_yolo11m_4500_imgsz1600_b1_2024-01-18.pt.jpg,ORDER_Hemiptera,2025-01-27,19:16:06,,2025_01_27__19_16_06,MachineObservation,Cerro_Hoya_Expedition_Hoya_606m_grisMejua_2025-01-26_2025-01-27,Cerro_Hoya_Expedition_Hoya_606m_grisMejua_2025-01-26,grisMejua_2025_01_27__19_16_06_HDR0.jpg,grisMejua_2025_01_27__19_16_06_HDR0_0_Mothbot_yolo11m_4500_imgsz1600_b1_2024-01-18.pt.jpg
doi.org10.15468dl.6nxkw6.csv,Animalia,Arthropoda,Insecta,Coleoptera,,,,,1470,,Coleoptera,Coleoptera,Cerro_Hoya_Expedition_Hoya_606m_grisMejua_2025-01-26,grisMejua_2025_01_27__19_16_06_HDR0_1_Mothbot_yolo11m_4500_imgsz1600_b1_2024-01-18.pt.jpg,HS,Mothbot_yolo11m_4500_imgsz1600_b1_2024-01-18.pt,0.5580457448959351,,grisMejua,Cerro_Hoya_Expedition/Hoya_606m_grisMejua_2025-01-26/2025-01-27/patches/grisMejua_2025_01_27__19_16_06_HDR0_1_Mothbot_yolo11m_4500_imgsz1600_b1_2024-01-18.pt.jpg,ORDER_Hymenoptera,2025-01-27,19:16:06,,2025_01_27__19_16_06,MachineObservation,Cerro_Hoya_Expedition_Hoya_606m_grisMejua_2025-01-26_2025-01-27,Cerro_Hoya_Expedition_Hoya_606m_grisMejua_2025-01-26,grisMejua_2025_01_27__19_16_06_HDR0.jpg,grisMejua_2025_01_27__19_16_06_HDR0_1_Mothbot_yolo11m_4500_imgsz1600_b1_2024-01-18.pt.jpg
doi.org10.15468dl.6nxkw6.csv,Animalia,Arthropoda,Insecta,Coleoptera,,,,,1470,,Coleoptera,Coleoptera,Cerro_Hoya_Expedition_Hoya_606m_grisMejua_2025-01-26,grisMejua_2025_01_27__19_16_06_HDR0_2_Mothbot_yolo11m_4500_imgsz1600_b1_2024-01-18.pt.jpg,HS,Mothbot_yolo11m_4500_imgsz1600_b1_2024-01-18.pt,0.5468875169754028,,grisMejua,Cerro_Hoya_Expedition/Hoya_606m_grisMejua_2025-01-26/2025-01-27/patches/grisMejua_2025_01_27__19_16_06_HDR0_2_Mothbot_yolo11m_4500_imgsz1600_b1_2024-01-18.pt.jpg,ORDER_Coleoptera,2025-01-27,19:16:06,,2025_01_27__19_16_06,MachineObservation,Cerro_Hoya_Expedition_Hoya_606m_grisMejua_2025-01-26_2025-01-27,Cerro_Hoya_Expedition_Hoya_606m_grisMejua_2025-01-26,grisMejua_2025_01_27__19_16_06_HDR0.jpg,grisMejua_2025_01_27__19_16_06_HDR0_2_Mothbot_yolo11m_4500_imgsz1600_b1_2024-01-18.pt.jpg
doi.org10.15468dl.6nxkw6.csv,Animalia,Arthropoda,Insecta,Lepidoptera,,,,,797,,Lepidoptera,Lepidoptera,Cerro_Hoya_Expedition_Hoya_606m_grisMejua_2025-01-26,grisMejua_2025_01_27__19_16_06_HDR0_3_Mothbot_yolo11m_4500_imgsz1600_b1_2024-01-18.pt.jpg,HS,Mothbot_yolo11m_4500_imgsz1600_b1_2024-01-18.pt,0.5297708511352539,,grisMejua,Cerro_Hoya_Expedition/Hoya_606m_grisMejua_2025-01-26/2025-01-27/patches/grisMejua_2025_01_27__19_16_06_HDR0_3_Mothbot_yolo11m_4500_imgsz1600_b1_2024-01-18.pt.jpg,ORDER_Psocodea,2025-01-27,19:16:06,,2025_01_27__19_16_06,MachineObservation,Cerro_Hoya_Expedition_Hoya_606m_grisMejua_2025-01-26_2025-01-27,Cerro_Hoya_Expedition_Hoya_606m_grisMejua_2025-01-26,grisMejua_2025_01_27__19_16_06_HDR0.jpg,grisMejua_2025_01_27__19_16_06_HDR0_3_Mothbot_yolo11m_4500_imgsz1600_b1_2024-01-18.pt.jpg
doi.org10.15468dl.6nxkw6.csv,Animalia,Arthropoda,Insecta,Coleoptera,,,,,1470,,Coleoptera,Coleoptera,Cerro_Hoya_Expedition_Hoya_606m_grisMejua_2025-01-26,grisMejua_2025_01_27__19_16_06_HDR0_4_Mothbot_yolo11m_4500_imgsz1600_b1_2024-01-18.pt.jpg,HS,Mothbot_yolo11m_4500_imgsz1600_b1_2024-01-18.pt,0.5210914611816406,,grisMejua,Cerro_Hoya_Expedition/Hoya_606m_grisMejua_2025-01-26/2025-01-27/patches/grisMejua_2025_01_27__19_16_06_HDR0_4_Mothbot_yolo11m_4500_imgsz1600_b1_2024-01-18.pt.jpg,ORDER_Coleoptera,2025-01-27,19:16:06,,2025_01_27__19_16_06,MachineObservation,Cerro_Hoya_Expedition_Hoya_606m_grisMejua_2025-01-26_2025-01-27,Cerro_Hoya_Expedition_Hoya_606m_grisMejua_2025-01-26,grisMejua_2025_01_27__19_16_06_HDR0.jpg,grisMejua_2025_01_27__19_16_06_HDR0_4_Mothbot_yolo11m_4500_imgsz1600_b1_2024-01-18.pt.jpg
doi.org10.15468dl.6nxkw6.csv,Animalia,Arthropoda,Insecta,Diptera,,,,,811,,Diptera,Diptera,Cerro_Hoya_Expedition_Hoya_606m_grisMejua_2025-01-26,grisMejua_2025_01_27__19_16_06_HDR0_5_Mothbot_yolo11m_4500_imgsz1600_b1_2024-01-18.pt.jpg,HS,Mothbot_yolo11m_4500_imgsz1600_b1_2024-01-18.pt,0.3705672025680542,,grisMejua,Cerro_Hoya_Expedition/Hoya_606m_grisMejua_2025-01-26/2025-01-27/patches/grisMejua_2025_01_27__19_16_06_HDR0_5_Mothbot_yolo11m_4500_imgsz1600_b1_2024-01-18.pt.jpg,ORDER_Diptera,2025-01-27,19:16:06,,2025_01_27__19_16_06,MachineObservation,Cerro_Hoya_Expedition_Hoya_606m_grisMejua_2025-01-26_2025-01-27,Cerro_Hoya_Expedition_Hoya_606m_grisMejua_2025-01-26,grisMejua_2025_01_27__19_16_06_HDR0.jpg,grisMejua_2025_01_27__19_16_06_HDR0_5_Mothbot_yolo11m_4500_imgsz1600_b1_2024-01-18.pt.jpg
doi.org10.15468dl.6nxkw6.csv,Animalia,Arthropoda,Insecta,Coleoptera,,,,,1470,,Coleoptera,Coleoptera,Cerro_Hoya_Expedition_Hoya_606m_grisMejua_2025-01-26,grisMejua_2025_01_27__19_16_06_HDR0_6_Mothbot_yolo11m_4500_imgsz1600_b1_2024-01-18.pt.jpg,HS,Mothbot_yolo11m_4500_imgsz1600_b1_2024-01-18.pt,0.36743974685668945,,grisMejua,Cerro_Hoya_Expedition/Hoya_606m_grisMejua_2025-01-26/2025-01-27/patches/grisMejua_2025_01_27__19_16_06_HDR0_6_Mothbot_yolo11m_4500_imgsz1600_b1_2024-01-18.pt.jpg,ORDER_Coleoptera,2025-01-27,19:16:06,,2025_01_27__19_16_06,MachineObservation,Cerro_Hoya_Expedition_Hoya_606m_grisMejua_2025-01-26_2025-01-27,Cerro_Hoya_Expedition_Hoya_606m_grisMejua_2025-01-26,grisMejua_2025_01_27__19_16_06_HDR0.jpg,grisMejua_2025_01_27__19_16_06_HDR0_6_Mothbot_yolo11m_4500_imgsz1600_b1_2024-01-18.pt.jpg
doi.org10.15468dl.6nxkw6.csv,Animalia,Arthropoda,Insecta,,,,,,216,,Insecta,Insecta,Cerro_Hoya_Expedition_Hoya_606m_grisMejua_2025-01-26,grisMejua_2025_01_27__19_16_06_HDR0_7_Mothbot_yolo11m_4500_imgsz1600_b1_2024-01-18.pt.jpg,HS,Mothbot_yolo11m_4500_imgsz1600_b1_2024-01-18.pt,0.3340734839439392,,grisMejua,Cerro_Hoya_Expedition/Hoya_606m_grisMejua_2025-01-26/2025-01-27/patches/grisMejua_2025_01_27__19_16_06_HDR0_7_Mothbot_yolo11m_4500_imgsz1600_b1_2024-01-18.pt.jpg,ORDER_Coleoptera,2025-01-27,19:16:06,,2025_01_27__19_16_06,MachineObservation,Cerro_Hoya_Expedition_Hoya_606m_grisMejua_2025-01-26_2025-01-27,Cerro_Hoya_Expedition_Hoya_606m_grisMejua_2025-01-26,grisMejua_2025_01_27__19_16_06_HDR0.jpg,grisMejua_2025_01_27__19_16_06_HDR0_7_Mothbot_yolo11m_4500_imgsz1600_b1_2024-01-18.pt.jpg
doi.org10.15468dl.6nxkw6.csv,Animalia,Arthropoda,Insecta,Coleoptera,,,,,1470,,Coleoptera,Coleoptera,Cerro_Hoya_Expedition_Hoya_606m_grisMejua_2025-01-26,grisMejua_2025_01_27__19_16_06_HDR0_8_Mothbot_yolo11m_4500_imgsz1600_b1_2024-01-18.pt.jpg,HS,Mothbot_yolo11m_4500_imgsz1600_b1_2024-01-18.pt,0.3172018229961395,,grisMejua,Cerro_Hoya_Expedition/Hoya_606m_grisMejua_2025-01-26/2025-01-27/patches/grisMejua_2025_01_27__19_16_06_HDR0_8_Mothbot_yolo11m_4500_imgsz1600_b1_2024-01-18.pt.jpg,ORDER_Coleoptera,2025-01-27,19:16:06,,2025_01_27__19_16_06,MachineObservation,Cerro_Hoya_Expedition_Hoya_606m_grisMejua_2025-01-26_2025-01-27,Cerro_Hoya_Expedition_Hoya_606m_grisMejua_2025-01-26,grisMejua_2025_01_27__19_16_06_HDR0.jpg,grisMejua_2025_01_27__19_16_06_HDR0_8_Mothbot_yolo11m_4500_imgsz1600_b1_2024-01-18.pt.jpg
doi.org10.15468dl.6nxkw6.csv,Animalia,Arthropoda,Insecta,Coleoptera,,,,,1470,,Coleoptera,Coleoptera,Cerro_Hoya_Expedition_Hoya_606m_grisMejua_2025-01-26,grisMejua_2025_01_27__19_16_06_HDR0_9_Mothbot_yolo11m_4500_imgsz1600_b1_2024-01-18.pt.jpg,HS,Mothbot_yolo11m_4500_imgsz1600_b1_2024-01-18.pt,0.3106505870819092,,grisMejua,Cerro_Hoya_Expedition/Hoya_606m_grisMejua_2025-01-26/2025-01-27/patches/grisMejua_2025_01_27__19_16_06_HDR0_9_Mothbot_yolo11m_4500_imgsz1600_b1_2024-01-18.pt.jpg,ORDER_Coleoptera,2025-01-27,19:16:06,,2025_01_27__19_16_06,MachineObservation,Cerro_Hoya_Expedition_Hoya_606m_grisMejua_2025-01-26_2025-01-27,Cerro_Hoya_Expedition_Hoya_606m_grisMejua_2025-01-26,grisMejua_2025_01_27__19_16_06_HDR0.jpg,grisMejua_2025_01_27__19_16_06_HDR0_9_Mothbot_yolo11m_4500_imgsz1600_b1_2024-01-18.pt.jpg
doi.org10.15468dl.6nxkw6.csv,Animalia,Arthropoda,Insecta,Coleoptera,,,,,1470,,Coleoptera,Coleoptera,Cerro_Hoya_Expedition_Hoya_606m_grisMejua_2025-01-26,grisMejua_2025_01_27__19_16_06_HDR0_10_Mothbot_yolo11m_4500_imgsz1600_b1_2024-01-18.pt.jpg,HS,Mothbot_yolo11m_4500_imgsz1600_b1_2024-01-18.pt,0.30779793858528137,,grisMejua,Cerro_Hoya_Expedition/Hoya_606m_grisMejua_2025-01-26/2025-01-27/patches/grisMejua_2025_01_27__19_16_06_HDR0_10_Mothbot_yolo11m_4500_imgsz1600_b1_2024-01-18.pt.jpg,ORDER_Coleoptera,2025-01-27,19:16:06,,2025_01_27__19_16_06,MachineObservation,Cerro_Hoya_Expedition_Hoya_606m_grisMejua_2025-01-26_2025-01-27,Cerro_Hoya_Expedition_Hoya_606m_grisMejua_2025-01-26,grisMejua_2025_01_27__19_16_06_HDR0.jpg,grisMejua_2025_01_27__19_16_06_HDR0_10_Mothbot_yolo11m_4500_imgsz1600_b1_2024-01-18.pt.jpg
doi.org10.15468dl.6nxkw6.csv,Animalia,Arthropoda,Insecta,Hemiptera,,,,,809,,Hemiptera,Hemiptera,Cerro_Hoya_Expedition_Hoya_606m_grisMejua_2025-01-26,grisMejua_2025_01_27__19_17_06_HDR0_0_Mothbot_yolo11m_4500_imgsz1600_b1_2024-01-18.pt.jpg,HS,Mothbot_yolo11m_4500_imgsz1600_b1_2024-01-18.pt,0.6533568501472473,,grisMejua,Cerro_Hoya_Expedition/Hoya_606m_grisMejua_2025-01-26/2025-01-27/patches/grisMejua_2025_01_27__19_17_06_HDR0_0_Mothbot_yolo11m_4500_imgsz1600_b1_2024-01-18.pt.jpg,ORDER_Hemiptera,2025-01-27,19:17:06,,2025_01_27__19_17_06,MachineObservation,Cerro_Hoya_Expedition_Hoya_606m_grisMejua_2025-01-26_2025-01-27,Cerro_Hoya_Expedition_Hoya_606m_grisMejua_2025-01-26,grisMejua_2025_01_27__19_17_06_HDR0.jpg,grisMejua_2025_01_27__19_17_06_HDR0_0_Mothbot_yolo11m_4500_imgsz1600_b1_2024-01-18.pt.jpg
doi.org10.15468dl.6nxkw6.csv,Animalia,Arthropoda,Insecta,Coleoptera,,,,,1470,,Coleoptera,Coleoptera,Cerro_Hoya_Expedition_Hoya_606m_grisMejua_2025-01-26,grisMejua_2025_01_27__19_17_06_HDR0_1_Mothbot_yolo11m_4500_imgsz1600_b1_2024-01-18.pt.jpg,HS,Mothbot_yolo11m_4500_imgsz1600_b1_2024-01-18.pt,0.577379584312439,,grisMejua,Cerro_Hoya_Expedition/Hoya_606m_grisMejua_2025-01-26/2025-01-27/patches/grisMejua_2025_01_27__19_17_06_HDR0_1_Mothbot_yolo11m_4500_imgsz1600_b1_2024-01-18.pt.jpg,ORDER_Diptera,2025-01-27,19:17:06,,2025_01_27__19_17_06,MachineObservation,Cerro_Hoya_Expedition_Hoya_606m_grisMejua_2025-01-26_2025-01-27,Cerro_Hoya_Expedition_Hoya_606m_grisMejua_2025-01-26,grisMejua_2025_01_27__19_17_06_HDR0.jpg,grisMejua_2025_01_27__19_17_06_HDR0_1_Mothbot_yolo11m_4500_imgsz1600_b1_2024-01-18.pt.jpg
doi.org10.15468dl.6nxkw6.csv,Animalia,Arthropoda,Insecta,Lepidoptera,,,,,797,,Lepidoptera,Lepidoptera,Cerro_Hoya_Expedition_Hoya_606m_grisMejua_2025-01-26,grisMejua_2025_01_27__19_17_06_HDR0_2_Mothbot_yolo11m_4500_imgsz1600_b1_2024-01-18.pt.jpg,HS,Mothbot_yolo11m_4500_imgsz1600_b1_2024-01-18.pt,0.5353038907051086,,grisMejua,Cerro_Hoya_Expedition/Hoya_606m_grisMejua_2025-01-26/2025-01-27/patches/grisMejua_2025_01_27__19_17_06_HDR0_2_Mothbot_yolo11m_4500_imgsz1600_b1_2024-01-18.pt.jpg,ORDER_Psocodea,2025-01-27,19:17:06,,2025_01_27__19_17_06,MachineObservation,Cerro_Hoya_Expedition_Hoya_606m_grisMejua_2025-01-26_2025-01-27,Cerro_Hoya_Expedition_Hoya_606m_grisMejua_2025-01-26,grisMejua_2025_01_27__19_17_06_HDR0.jpg,grisMejua_2025_01_27__19_17_06_HDR0_2_Mothbot_yolo11m_4500_imgsz1600_b1_2024-01-18.pt.jpg
doi.org10.15468dl.6nxkw6.csv,Animalia,Arthropoda,Insecta,Coleoptera,,,,,1470,,Coleoptera,Coleoptera,Cerro_Hoya_Expedition_Hoya_606m_grisMejua_2025-01-26,grisMejua_2025_01_27__19_17_06_HDR0_3_Mothbot_yolo11m_4500_imgsz1600_b1_2024-01-18.pt.jpg,HS,Mothbot_yolo11m_4500_imgsz1600_b1_2024-01-18.pt,0.37716493010520935,,grisMejua,Cerro_Hoya_Expedition/Hoya_606m_grisMejua_2025-01-26/2025-01-27/patches/grisMejua_2025_01_27__19_17_06_HDR0_3_Mothbot_yolo11m_4500_imgsz1600_b1_2024-01-18.pt.jpg,ORDER_Coleoptera,2025-01-27,19:17:06,,2025_01_27__19_17_06,MachineObservation,Cerro_Hoya_Expedition_Hoya_606m_grisMejua_2025-01-26_2025-01-27,Cerro_Hoya_Expedition_Hoya_606m_grisMejua_2025-01-26,grisMejua_2025_01_27__19_17_06_HDR0.jpg,grisMejua_2025_01_27__19_17_06_HDR0_3_Mothbot_yolo11m_4500_imgsz1600_b1_2024-01-18.pt.jpg
doi.org10.15468dl.6nxkw6.csv,Animalia,Arthropoda,Insecta,Coleoptera,,,,,1470,,Coleoptera,Coleoptera,Cerro_Hoya_Expedition_Hoya_606m_grisMejua_2025-01-26,grisMejua_2025_01_27__19_17_06_HDR0_4_Mothbot_yolo11m_4500_imgsz1600_b1_2024-01-18.pt.jpg,HS,Mothbot_yolo11m_4500_imgsz1600_b1_2024-01-18.pt,0.3175106644630432,,grisMejua,Cerro_Hoya_Expedition/Hoya_606m_grisMejua_2025-01-26/2025-01-27/patches/grisMejua_2025_01_27__19_17_06_HDR0_4_Mothbot_yolo11m_4500_imgsz1600_b1_2024-01-18.pt.jpg,ORDER_Diptera,2025-01-27,19:17:06,,2025_01_27__19_17_06,MachineObservation,Cerro_Hoya_Expedition_Hoya_606m_grisMejua_2025-01-26_2025-01-27,Cerro_Hoya_Expedition_Hoya_606m_grisMejua_2025-01-26,grisMejua_2025_01_27__19_17_06_HDR0.jpg,grisMejua_2025_01_27__19_17_06_HDR0_4_Mothbot_yolo11m_4500_imgsz1600_b1_2024-01-18.pt.jpg
doi.org10.15468dl.6nxkw6.csv,Animalia,Arthropoda,Insecta,Coleoptera,,,,,1470,,Coleoptera,Coleoptera,Cerro_Hoya_Expedition_Hoya_606m_grisMejua_2025-01-26,grisMejua_2025_01_27__19_17_06_HDR0_5_Mothbot_yolo11m_4500_imgsz1600_b1_2024-01-18.pt.jpg,HS,Mothbot_yolo11m_4500_imgsz1600_b1_2024-01-18.pt,0.30261072516441345,,grisMejua,Cerro_Hoya_Expedition/Hoya_606m_grisMejua_2025-01-26/2025-01-27/patches/grisMejua_2025_01_27__19_17_06_HDR0_5_Mothbot_yolo11m_4500_imgsz1600_b1_2024-01-18.pt.jpg,ORDER_Coleoptera,2025-01-27,19:17:06,,2025_01_27__19_17_06,MachineObservation,Cerro_Hoya_Expedition_Hoya_606m_grisMejua_2025-01-26_2025-01-27,Cerro_Hoya_Expedition_Hoya_606m_grisMejua_2025-01-26,grisMejua_2025_01_27__19_17_06_HDR0.jpg,grisMejua_2025_01_27__19_17_06_HDR0_5_Mothbot_yolo11m_4500_imgsz1600_b1_2024-01-18.pt.jpg
doi.org10.15468dl.6nxkw6.csv,Animalia,Arthropoda,Insecta,Coleoptera,,,,,1470,,Coleoptera,Coleoptera,Cerro_Hoya_Expedition_Hoya_606m_grisMejua_2025-01-26,grisMejua_2025_01_27__19_17_06_HDR0_6_Mothbot_yolo11m_4500_imgsz1600_b1_2024-01-18.pt.jpg,HS,Mothbot_yolo11m_4500_imgsz1600_b1_2024-01-18.pt,0.2856009304523468,,grisMejua,Cerro_Hoya_Expedition/Hoya_606m_grisMejua_2025-01-26/2025-01-27/patches/grisMejua_2025_01_27__19_17_06_HDR0_6_Mothbot_yolo11m_4500_imgsz1600_b1_2024-01-18.pt.jpg,ORDER_Hemiptera,2025-01-27,19:17:06,,2025_01_27__19_17_06,MachineObservation,Cerro_Hoya_Expedition_Hoya_606m_grisMejua_2025-01-26_2025-01-27,Cerro_Hoya_Expedition_Hoya_606m_grisMejua_2025-01-26,grisMejua_2025_01_27__19_17_06_HDR0.jpg,grisMejua_2025_01_27__19_17_06_HDR0_6_Mothbot_yolo11m_4500_imgsz1600_b1_2024-01-18.pt.jpg
doi.org10.15468dl.6nxkw6.csv,Animalia,Arthropoda,Insecta,Hemiptera,,,,,809,,Hemiptera,Hemiptera,Cerro_Hoya_Expedition_Hoya_606m_grisMejua_2025-01-26,grisMejua_2025_01_27__19_18_06_HDR0_0_Mothbot_yolo11m_4500_imgsz1600_b1_2024-01-18.pt.jpg,HS,Mothbot_yolo11m_4500_imgsz1600_b1_2024-01-18.pt,0.6179576516151428,,grisMejua,Cerro_Hoya_Expedition/Hoya_606m_grisMejua_2025-01-26/2025-01-27/patches/grisMejua_2025_01_27__19_18_06_HDR0_0_Mothbot_yolo11m_4500_imgsz1600_b1_2024-01-18.pt.jpg,ORDER_Diptera,2025-01-27,19:18:06,,2025_01_27__19_18_06,MachineObservation,Cerro_Hoya_Expedition_Hoya_606m_grisMejua_2025-01-26_2025-01-27,Cerro_Hoya_Expedition_Hoya_606m_grisMejua_2025-01-26,grisMejua_2025_01_27__19_18_06_HDR0.jpg,grisMejua_2025_01_27__19_18_06_HDR0_0_Mothbot_yolo11m_4500_imgsz1600_b1_2024-01-18.pt.jpg
doi.org10.15468dl.6nxkw6.csv,Animalia,Arthropoda,Insecta,Coleoptera,,,,,1470,,Coleoptera,Coleoptera,Cerro_Hoya_Expedition_Hoya_606m_grisMejua_2025-01-26,grisMejua_2025_01_27__19_18_06_HDR0_1_Mothbot_yolo11m_4500_imgsz1600_b1_2024-01-18.pt.jpg,HS,Mothbot_yolo11m_4500_imgsz1600_b1_2024-01-18.pt,0.5842746496200562,,grisMejua,Cerro_Hoya_Expedition/Hoya_606m_grisMejua_2025-01-26/2025-01-27/patches/grisMejua_2025_01_27__19_18_06_HDR0_1_Mothbot_yolo11m_4500_imgsz1600_b1_2024-01-18.pt.jpg,ORDER_Coleoptera,2025-01-27,19:18:06,,2025_01_27__19_18_06,MachineObservation,Cerro_Hoya_Expedition_Hoya_606m_grisMejua_2025-01-26_2025-01-27,Cerro_Hoya_Expedition_Hoya_606m_grisMejua_2025-01-26,grisMejua_2025_01_27__19_18_06_HDR0.jpg,grisMejua_2025_01_27__19_18_06_HDR0_1_Mothbot_yolo11m_4500_imgsz1600_b1_2024-01-18.pt.jpg
doi.org10.15468dl.6nxkw6.csv,Animalia,Arthropoda,Insecta,Lepidoptera,,,,,797,,Lepidoptera,Lepidoptera,Cerro_Hoya_Expedition_Hoya_606m_grisMejua_2025-01-26,grisMejua_2025_01_27__19_18_06_HDR0_2_Mothbot_yolo11m_4500_imgsz1600_b1_2024-01-18.pt.jpg,HS,Mothbot_yolo11m_4500_imgsz1600_b1_2024-01-18.pt,0.5638590455055237,,grisMejua,Cerro_Hoya_Expedition/Hoya_606m_grisMejua_2025-01-26/2025-01-27/patches/grisMejua_2025_01_27__19_18_06_HDR0_2_Mothbot_yolo11m_4500_imgsz1600_b1_2024-01-18.pt.jpg,ORDER_Diptera,2025-01-27,19:18:06,,2025_01_27__19_18_06,MachineObservation,Cerro_Hoya_Expedition_Hoya_606m_grisMejua_2025-01-26_2025-01-27,Cerro_Hoya_Expedition_Hoya_606m_grisMejua_2025-01-26,grisMejua_2025_01_27__19_18_06_HDR0.jpg,grisMejua_2025_01_27__19_18_06_HDR0_2_Mothbot_yolo11m_4500_imgsz1600_b1_2024-01-18.pt.jpg
doi.org10.15468dl.6nxkw6.csv,Animalia,Arthropoda,Insecta,Coleoptera,,,,,1470,,Coleoptera,Coleoptera,Cerro_Hoya_Expedition_Hoya_606m_grisMejua_2025-01-26,grisMejua_2025_01_27__19_18_06_HDR0_3_Mothbot_yolo11m_4500_imgsz1600_b1_2024-01-18.pt.jpg,HS,Mothbot_yolo11m_4500_imgsz1600_b1_2024-01-18.pt,0.5201797485351562,,grisMejua,Cerro_Hoya_Expedition/Hoya_606m_grisMejua_2025-01-26/2025-01-27/patches/grisMejua_2025_01_27__19_18_06_HDR0_3_Mothbot_yolo11m_4500_imgsz1600_b1_2024-01-18.pt.jpg,ORDER_Hymenoptera,2025-01-27,19:18:06,,2025_01_27__19_18_06,MachineObservation,Cerro_Hoya_Expedition_Hoya_606m_grisMejua_2025-01-26_2025-01-27,Cerro_Hoya_Expedition_Hoya_606m_grisMejua_2025-01-26,grisMejua_2025_01_27__19_18_06_HDR0.jpg,grisMejua_2025_01_27__19_18_06_HDR0_3_Mothbot_yolo11m_4500_imgsz1600_b1_2024-01-18.pt.jpg
doi.org10.15468dl.6nxkw6.csv,Animalia,Arthropoda,Insecta,Coleoptera,,,,,1470,,Coleoptera,Coleoptera,Cerro_Hoya_Expedition_Hoya_606m_grisMejua_2025-01-26,grisMejua_2025_01_27__19_18_06_HDR0_4_Mothbot_yolo11m_4500_imgsz1600_b1_2024-01-18.pt.jpg,HS,Mothbot_yolo11m_4500_imgsz1600_b1_2024-01-18.pt,0.4778367280960083,,grisMejua,Cerro_Hoya_Expedition/Hoya_606m_grisMejua_2025-01-26/2025-01-27/patches/grisMejua_2025_01_27__19_18_06_HDR0_4_Mothbot_yolo11m_4500_imgsz1600_b1_2024-01-18.pt.jpg,ORDER_Coleoptera,2025-01-27,19:18:06,,2025_01_27__19_18_06,MachineObservation,Cerro_Hoya_Expedition_Hoya_606m_grisMejua_2025-01-26_2025-01-27,Cerro_Hoya_Expedition_Hoya_606m_grisMejua_2025-01-26,grisMejua_2025_01_27__19_18_06_HDR0.jpg,grisMejua_2025_01_27__19_18_06_HDR0_4_Mothbot_yolo11m_4500_imgsz1600_b1_2024-01-18.pt.jpg
doi.org10.15468dl.6nxkw6.csv,Animalia,Arthropoda,Insecta,Coleoptera,,,,,1470,,Coleoptera,Coleoptera,Cerro_Hoya_Expedition_Hoya_606m_grisMejua_2025-01-26,grisMejua_2025_01_27__19_18_06_HDR0_5_Mothbot_yolo11m_4500_imgsz1600_b1_2024-01-18.pt.jpg,HS,Mothbot_yolo11m_4500_imgsz1600_b1_2024-01-18.pt,0.4397636651992798,,grisMejua,Cerro_Hoya_Expedition/Hoya_606m_grisMejua_2025-01-26/2025-01-27/patches/grisMejua_2025_01_27__19_18_06_HDR0_5_Mothbot_yolo11m_4500_imgsz1600_b1_2024-01-18.pt.jpg,ORDER_Hemiptera,2025-01-27,19:18:06,,2025_01_27__19_18_06,MachineObservation,Cerro_Hoya_Expedition_Hoya_606m_grisMejua_2025-01-26_2025-01-27,Cerro_Hoya_Expedition_Hoya_606m_grisMejua_2025-01-26,grisMejua_2025_01_27__19_18_06_HDR0.jpg,grisMejua_2025_01_27__19_18_06_HDR0_5_Mothbot_yolo11m_4500_imgsz1600_b1_2024-01-18.pt.jpg
doi.org10.15468dl.6nxkw6.csv,Animalia,Arthropoda,Insecta,Coleoptera,,,,,1470,,Coleoptera,Coleoptera,Cerro_Hoya_Expedition_Hoya_606m_grisMejua_2025-01-26,grisMejua_2025_01_27__19_18_06_HDR0_6_Mothbot_yolo11m_4500_imgsz1600_b1_2024-01-18.pt.jpg,HS,Mothbot_yolo11m_4500_imgsz1600_b1_2024-01-18.pt,0.3786770701408386,,grisMejua,Cerro_Hoya_Expedition/Hoya_606m_grisMejua_2025-01-26/2025-01-27/patches/grisMejua_2025_01_27__19_18_06_HDR0_6_Mothbot_yolo11m_4500_imgsz1600_b1_2024-01-18.pt.jpg,ORDER_Diptera,2025-01-27,19:18:06,,2025_01_27__19_18_06,MachineObservation,Cerro_Hoya_Expedition_Hoya_606m_grisMejua_2025-01-26_2025-01-27,Cerro_Hoya_Expedition_Hoya_606m_grisMejua_2025-01-26,grisMejua_2025_01_27__19_18_06_HDR0.jpg,grisMejua_2025_01_27__19_18_06_HDR0_6_Mothbot_yolo11m_4500_imgsz1600_b1_2024-01-18.pt.jpg
doi.org10.15468dl.6nxkw6.csv,Animalia,Arthropoda,Insecta,Diptera,,,,,811,,Diptera,Diptera,Cerro_Hoya_Expedition_Hoya_606m_grisMejua_2025-01-26,grisMejua_2025_01_27__19_18_06_HDR0_7_Mothbot_yolo11m_4500_imgsz1600_b1_2024-01-18.pt.jpg,HS,Mothbot_yolo11m_4500_imgsz1600_b1_2024-01-18.pt,0.3498137891292572,,grisMejua,Cerro_Hoya_Expedition/Hoya_606m_grisMejua_2025-01-26/2025-01-27/patches/grisMejua_2025_01_27__19_18_06_HDR0_7_Mothbot_yolo11m_4500_imgsz1600_b1_2024-01-18.pt.jpg,ORDER_Hemiptera,2025-01-27,19:18:06,,2025_01_27__19_18_06,MachineObservation,Cerro_Hoya_Expedition_Hoya_606m_grisMejua_2025-01-26_2025-01-27,Cerro_Hoya_Expedition_Hoya_606m_grisMejua_2025-01-26,grisMejua_2025_01_27__19_18_06_HDR0.jpg,grisMejua_2025_01_27__19_18_06_HDR0_7_Mothbot_yolo11m_4500_imgsz1600_b1_2024-01-18.pt.jpg
doi.org10.15468dl.6nxkw6.csv,Animalia,Arthropoda,Insecta,Lepidoptera,,,,,797,,Lepidoptera,Lepidoptera,Cerro_Hoya_Expedition_Hoya_606m_grisMejua_2025-01-26,grisMejua_2025_01_27__19_19_05_HDR0_0_Mothbot_yolo11m_4500_imgsz1600_b1_2024-01-18.pt.jpg,HS,Mothbot_yolo11m_4500_imgsz1600_b1_2024-01-18.pt,0.676196813583374,,grisMejua,Cerro_Hoya_Expedition/Hoya_606m_grisMejua_2025-01-26/2025-01-27/patches/grisMejua_2025_01_27__19_19_05_HDR0_0_Mothbot_yolo11m_4500_imgsz1600_b1_2024-01-18.pt.jpg,ORDER_Lepidoptera,2025-01-27,19:19:05,,2025_01_27__19_19_05,MachineObservation,Cerro_Hoya_Expedition_Hoya_606m_grisMejua_2025-01-26_2025-01-27,Cerro_Hoya_Expedition_Hoya_606m_grisMejua_2025-01-26,grisMejua_2025_01_27__19_19_05_HDR0.jpg,grisMejua_2025_01_27__19_19_05_HDR0_0_Mothbot_yolo11m_4500_imgsz1600_b1_2024-01-18.pt.jpg
doi.org10.15468dl.6nxkw6.csv,Animalia,Arthropoda,Insecta,Lepidoptera,,,,,797,,Lepidoptera,Lepidoptera,Cerro_Hoya_Expedition_Hoya_606m_grisMejua_2025-01-26,grisMejua_2025_01_27__19_19_05_HDR0_1_Mothbot_yolo11m_4500_imgsz1600_b1_2024-01-18.pt.jpg,HS,Mothbot_yolo11m_4500_imgsz1600_b1_2024-01-18.pt,0.6651434302330017,,grisMejua,Cerro_Hoya_Expedition/Hoya_606m_grisMejua_2025-01-26/2025-01-27/patches/grisMejua_2025_01_27__19_19_05_HDR0_1_Mothbot_yolo11m_4500_imgsz1600_b1_2024-01-18.pt.jpg,ORDER_Diptera,2025-01-27,19:19:05,,2025_01_27__19_19_05,MachineObservation,Cerro_Hoya_Expedition_Hoya_606m_grisMejua_2025-01-26_2025-01-27,Cerro_Hoya_Expedition_Hoya_606m_grisMejua_2025-01-26,grisMejua_2025_01_27__19_19_05_HDR0.jpg,grisMejua_2025_01_27__19_19_05_HDR0_1_Mothbot_yolo11m_4500_imgsz1600_b1_2024-01-18.pt.jpg
doi.org10.15468dl.6nxkw6.csv,Animalia,Arthropoda,Insecta,Coleoptera,,,,,1470,,Coleoptera,Coleoptera,Cerro_Hoya_Expedition_Hoya_606m_grisMejua_2025-01-26,grisMejua_2025_01_27__19_19_05_HDR0_2_Mothbot_yolo11m_4500_imgsz1600_b1_2024-01-18.pt.jpg,HS,Mothbot_yolo11m_4500_imgsz1600_b1_2024-01-18.pt,0.6391665935516357,,grisMejua,Cerro_Hoya_Expedition/Hoya_606m_grisMejua_2025-01-26/2025-01-27/patches/grisMejua_2025_01_27__19_19_05_HDR0_2_Mothbot_yolo11m_4500_imgsz1600_b1_2024-01-18.pt.jpg,ORDER_Coleoptera,2025-01-27,19:19:05,,2025_01_27__19_19_05,MachineObservation,Cerro_Hoya_Expedition_Hoya_606m_grisMejua_2025-01-26_2025-01-27,Cerro_Hoya_Expedition_Hoya_606m_grisMejua_2025-01-26,grisMejua_2025_01_27__19_19_05_HDR0.jpg,grisMejua_2025_01_27__19_19_05_HDR0_2_Mothbot_yolo11m_4500_imgsz1600_b1_2024-01-18.pt.jpg
doi.org10.15468dl.6nxkw6.csv,Animalia,Arthropoda,Insecta,Hemiptera,,,,,809,,Hemiptera,Hemiptera,Cerro_Hoya_Expedition_Hoya_606m_grisMejua_2025-01-26,grisMejua_2025_01_27__19_19_05_HDR0_3_Mothbot_yolo11m_4500_imgsz1600_b1_2024-01-18.pt.jpg,HS,Mothbot_yolo11m_4500_imgsz1600_b1_2024-01-18.pt,0.5946232080459595,,grisMejua,Cerro_Hoya_Expedition/Hoya_606m_grisMejua_2025-01-26/2025-01-27/patches/grisMejua_2025_01_27__19_19_05_HDR0_3_Mothbot_yolo11m_4500_imgsz1600_b1_2024-01-18.pt.jpg,ORDER_Hemiptera,2025-01-27,19:19:05,,2025_01_27__19_19_05,MachineObservation,Cerro_Hoya_Expedition_Hoya_606m_grisMejua_2025-01-26_2025-01-27,Cerro_Hoya_Expedition_Hoya_606m_grisMejua_2025-01-26,grisMejua_2025_01_27__19_19_05_HDR0.jpg,grisMejua_2025_01_27__19_19_05_HDR0_3_Mothbot_yolo11m_4500_imgsz1600_b1_2024-01-18.pt.jpg
doi.org10.15468dl.6nxkw6.csv,Animalia,Arthropoda,Insecta,Coleoptera,,,,,1470,,Coleoptera,Coleoptera,Cerro_Hoya_Expedition_Hoya_606m_grisMejua_2025-01-26,grisMejua_2025_01_27__19_19_05_HDR0_4_Mothbot_yolo11m_4500_imgsz1600_b1_2024-01-18.pt.jpg,HS,Mothbot_yolo11m_4500_imgsz1600_b1_2024-01-18.pt,0.4723525941371918,,grisMejua,Cerro_Hoya_Expedition/Hoya_606m_grisMejua_2025-01-26/2025-01-27/patches/grisMejua_2025_01_27__19_19_05_HDR0_4_Mothbot_yolo11m_4500_imgsz1600_b1_2024-01-18.pt.jpg,ORDER_Diptera,2025-01-27,19:19:05,,2025_01_27__19_19_05,MachineObservation,Cerro_Hoya_Expedition_Hoya_606m_grisMejua_2025-01-26_2025-01-27,Cerro_Hoya_Expedition_Hoya_606m_grisMejua_2025-01-26,grisMejua_2025_01_27__19_19_05_HDR0.jpg,grisMejua_2025_01_27__19_19_05_HDR0_4_Mothbot_yolo11m_4500_imgsz1600_b1_2024-01-18.pt.jpg
doi.org10.15468dl.6nxkw6.csv,Animalia,Arthropoda,Insecta,Lepidoptera,,,,,797,,Lepidoptera,Lepidoptera,Cerro_Hoya_Expedition_Hoya_606m_grisMejua_2025-01-26,grisMejua_2025_01_27__19_19_05_HDR0_5_Mothbot_yolo11m_4500_imgsz1600_b1_2024-01-18.pt.jpg,HS,Mothbot_yolo11m_4500_imgsz1600_b1_2024-01-18.pt,0.4403287172317505,,grisMejua,Cerro_Hoya_Expedition/Hoya_606m_grisMejua_2025-01-26/2025-01-27/patches/grisMejua_2025_01_27__19_19_05_HDR0_5_Mothbot_yolo11m_4500_imgsz1600_b1_2024-01-18.pt.jpg,ORDER_Diptera,2025-01-27,19:19:05,,2025_01_27__19_19_05,MachineObservation,Cerro_Hoya_Expedition_Hoya_606m_grisMejua_2025-01-26_2025-01-27,Cerro_Hoya_Expedition_Hoya_606m_grisMejua_2025-01-26,grisMejua_2025_01_27__19_19_05_HDR0.jpg,grisMejua_2025_01_27__19_19_05_HDR0_5_Mothbot_yolo11m_4500_imgsz1600_b1_2024-01-18.pt.jpg
doi.org10.15468dl.6nxkw6.csv,Animalia,Arthropoda,Insecta,Coleoptera,,,,,1470,,Coleoptera,Coleoptera,Cerro_Hoya_Expedition_Hoya_606m_grisMejua_2025-01-26,grisMejua_2025_01_27__19_19_05_HDR0_6_Mothbot_yolo11m_4500_imgsz1600_b1_2024-01-18.pt.jpg,HS,Mothbot_yolo11m_4500_imgsz1600_b1_2024-01-18.pt,0.42163410782814026,,grisMejua,Cerro_Hoya_Expedition/Hoya_606m_grisMejua_2025-01-26/2025-01-27/patches/grisMejua_2025_01_27__19_19_05_HDR0_6_Mothbot_yolo11m_4500_imgsz1600_b1_2024-01-18.pt.jpg,ORDER_Coleoptera,2025-01-27,19:19:05,,2025_01_27__19_19_05,MachineObservation,Cerro_Hoya_Expedition_Hoya_606m_grisMejua_2025-01-26_2025-01-27,Cerro_Hoya_Expedition_Hoya_606m_grisMejua_2025-01-26,grisMejua_2025_01_27__19_19_05_HDR0.jpg,grisMejua_2025_01_27__19_19_05_HDR0_6_Mothbot_yolo11m_4500_imgsz1600_b1_2024-01-18.pt.jpg
doi.org10.15468dl.6nxkw6.csv,Animalia,Arthropoda,Insecta,Coleoptera,,,,,1470,,Coleoptera,Coleoptera,Cerro_Hoya_Expedition_Hoya_606m_grisMejua_2025-01-26,grisMejua_2025_01_27__19_19_05_HDR0_7_Mothbot_yolo11m_4500_imgsz1600_b1_2024-01-18.pt.jpg,HS,Mothbot_yolo11m_4500_imgsz1600_b1_2024-01-18.pt,0.369693785905838,,grisMejua,Cerro_Hoya_Expedition/Hoya_606m_grisMejua_2025-01-26/2025-01-27/patches/grisMejua_2025_01_27__19_19_05_HDR0_7_Mothbot_yolo11m_4500_imgsz1600_b1_2024-01-18.pt.jpg,ORDER_Hemiptera,2025-01-27,19:19:05,,2025_01_27__19_19_05,MachineObservation,Cerro_Hoya_Expedition_Hoya_606m_grisMejua_2025-01-26_2025-01-27,Cerro_Hoya_Expedition_Hoya_606m_grisMejua_2025-01-26,grisMejua_2025_01_27__19_19_05_HDR0.jpg,grisMejua_2025_01_27__19_19_05_HDR0_7_Mothbot_yolo11m_4500_imgsz1600_b1_2024-01-18.pt.jpg
doi.org10.15468dl.6nxkw6.csv,Animalia,Arthropoda,Insecta,Coleoptera,,,,,1470,,Coleoptera,Coleoptera,Cerro_Hoya_Expedition_Hoya_606m_grisMejua_2025-01-26,grisMejua_2025_01_27__19_19_05_HDR0_8_Mothbot_yolo11m_4500_imgsz1600_b1_2024-01-18.pt.jpg,HS,Mothbot_yolo11m_4500_imgsz1600_b1_2024-01-18.pt,0.3618370294570923,,grisMejua,Cerro_Hoya_Expedition/Hoya_606m_grisMejua_2025-01-26/2025-01-27/patches/grisMejua_2025_01_27__19_19_05_HDR0_8_Mothbot_yolo11m_4500_imgsz1600_b1_2024-01-18.pt.jpg,ORDER_Hemiptera,2025-01-27,19:19:05,,2025_01_27__19_19_05,MachineObservation,Cerro_Hoya_Expedition_Hoya_606m_grisMejua_2025-01-26_2025-01-27,Cerro_Hoya_Expedition_Hoya_606m_grisMejua_2025-01-26,grisMejua_2025_01_27__19_19_05_HDR0.jpg,grisMejua_2025_01_27__19_19_05_HDR0_8_Mothbot_yolo11m_4500_imgsz1600_b1_2024-01-18.pt.jpg
doi.org10.15468dl.6nxkw6.csv,Animalia,Arthropoda,Insecta,Coleoptera,,,,,1470,,Coleoptera,Coleoptera,Cerro_Hoya_Expedition_Hoya_606m_grisMejua_2025-01-26,grisMejua_2025_01_27__19_20_05_HDR0_0_Mothbot_yolo11m_4500_imgsz1600_b1_2024-01-18.pt.jpg,HS,Mothbot_yolo11m_4500_imgsz1600_b1_2024-01-18.pt,0.7773460745811462,,grisMejua,Cerro_Hoya_Expedition/Hoya_606m_grisMejua_2025-01-26/2025-01-27/patches/grisMejua_2025_01_27__19_20_05_HDR0_0_Mothbot_yolo11m_4500_imgsz1600_b1_2024-01-18.pt.jpg,ORDER_Coleoptera,2025-01-27,19:20:05,,2025_01_27__19_20_05,MachineObservation,Cerro_Hoya_Expedition_Hoya_606m_grisMejua_2025-01-26_2025-01-27,Cerro_Hoya_Expedition_Hoya_606m_grisMejua_2025-01-26,grisMejua_2025_01_27__19_20_05_HDR0.jpg,grisMejua_2025_01_27__19_20_05_HDR0_0_Mothbot_yolo11m_4500_imgsz1600_b1_2024-01-18.pt.jpg
doi.org10.15468dl.6nxkw6.csv,Animalia,Arthropoda,Insecta,Lepidoptera,,,,,797,,Lepidoptera,Lepidoptera,Cerro_Hoya_Expedition_Hoya_606m_grisMejua_2025-01-26,grisMejua_2025_01_27__19_20_05_HDR0_1_Mothbot_yolo11m_4500_imgsz1600_b1_2024-01-18.pt.jpg,HS,Mothbot_yolo11m_4500_imgsz1600_b1_2024-01-18.pt,0.6737470030784607,,grisMejua,Cerro_Hoya_Expedition/Hoya_606m_grisMejua_2025-01-26/2025-01-27/patches/grisMejua_2025_01_27__19_20_05_HDR0_1_Mothbot_yolo11m_4500_imgsz1600_b1_2024-01-18.pt.jpg,ORDER_Diptera,2025-01-27,19:20:05,,2025_01_27__19_20_05,MachineObservation,Cerro_Hoya_Expedition_Hoya_606m_grisMejua_2025-01-26_2025-01-27,Cerro_Hoya_Expedition_Hoya_606m_grisMejua_2025-01-26,grisMejua_2025_01_27__19_20_05_HDR0.jpg,grisMejua_2025_01_27__19_20_05_HDR0_1_Mothbot_yolo11m_4500_imgsz1600_b1_2024-01-18.pt.jpg
doi.org10.15468dl.6nxkw6.csv,Animalia,Arthropoda,Insecta,Hemiptera,,,,,809,,Hemiptera,Hemiptera,Cerro_Hoya_Expedition_Hoya_606m_grisMejua_2025-01-26,grisMejua_2025_01_27__19_20_05_HDR0_2_Mothbot_yolo11m_4500_imgsz1600_b1_2024-01-18.pt.jpg,HS,Mothbot_yolo11m_4500_imgsz1600_b1_2024-01-18.pt,0.608808159828186,,grisMejua,Cerro_Hoya_Expedition/Hoya_606m_grisMejua_2025-01-26/2025-01-27/patches/grisMejua_2025_01_27__19_20_05_HDR0_2_Mothbot_yolo11m_4500_imgsz1600_b1_2024-01-18.pt.jpg,ORDER_Hemiptera,2025-01-27,19:20:05,,2025_01_27__19_20_05,MachineObservation,Cerro_Hoya_Expedition_Hoya_606m_grisMejua_2025-01-26_2025-01-27,Cerro_Hoya_Expedition_Hoya_606m_grisMejua_2025-01-26,grisMejua_2025_01_27__19_20_05_HDR0.jpg,grisMejua_2025_01_27__19_20_05_HDR0_2_Mothbot_yolo11m_4500_imgsz1600_b1_2024-01-18.pt.jpg
doi.org10.15468dl.6nxkw6.csv,Animalia,Arthropoda,Insecta,Lepidoptera,,,,,797,,Lepidoptera,Lepidoptera,Cerro_Hoya_Expedition_Hoya_606m_grisMejua_2025-01-26,grisMejua_2025_01_27__19_20_05_HDR0_3_Mothbot_yolo11m_4500_imgsz1600_b1_2024-01-18.pt.jpg,HS,Mothbot_yolo11m_4500_imgsz1600_b1_2024-01-18.pt,0.5871612429618835,,grisMejua,Cerro_Hoya_Expedition/Hoya_606m_grisMejua_2025-01-26/2025-01-27/patches/grisMejua_2025_01_27__19_20_05_HDR0_3_Mothbot_yolo11m_4500_imgsz1600_b1_2024-01-18.pt.jpg,ORDER_Hemiptera,2025-01-27,19:20:05,,2025_01_27__19_20_05,MachineObservation,Cerro_Hoya_Expedition_Hoya_606m_grisMejua_2025-01-26_2025-01-27,Cerro_Hoya_Expedition_Hoya_606m_grisMejua_2025-01-26,grisMejua_2025_01_27__19_20_05_HDR0.jpg,grisMejua_2025_01_27__19_20_05_HDR0_3_Mothbot_yolo11m_4500_imgsz1600_b1_2024-01-18.pt.jpg
doi.org10.15468dl.6nxkw6.csv,Animalia,Arthropoda,Insecta,Coleoptera,,,,,1470,,Coleoptera,Coleoptera,Cerro_Hoya_Expedition_Hoya_606m_grisMejua_2025-01-26,grisMejua_2025_01_27__19_20_05_HDR0_4_Mothbot_yolo11m_4500_imgsz1600_b1_2024-01-18.pt.jpg,HS,Mothbot_yolo11m_4500_imgsz1600_b1_2024-01-18.pt,0.5793377757072449,,grisMejua,Cerro_Hoya_Expedition/Hoya_606m_grisMejua_2025-01-26/2025-01-27/patches/grisMejua_2025_01_27__19_20_05_HDR0_4_Mothbot_yolo11m_4500_imgsz1600_b1_2024-01-18.pt.jpg,ORDER_Coleoptera,2025-01-27,19:20:05,,2025_01_27__19_20_05,MachineObservation,Cerro_Hoya_Expedition_Hoya_606m_grisMejua_2025-01-26_2025-01-27,Cerro_Hoya_Expedition_Hoya_606m_grisMejua_2025-01-26,grisMejua_2025_01_27__19_20_05_HDR0.jpg,grisMejua_2025_01_27__19_20_05_HDR0_4_Mothbot_yolo11m_4500_imgsz1600_b1_2024-01-18.pt.jpg
doi.org10.15468dl.6nxkw6.csv,Animalia,Arthropoda,Insecta,Coleoptera,,,,,1470,,Coleoptera,Coleoptera,Cerro_Hoya_Expedition_Hoya_606m_grisMejua_2025-01-26,grisMejua_2025_01_27__19_20_05_HDR0_5_Mothbot_yolo11m_4500_imgsz1600_b1_2024-01-18.pt.jpg,HS,Mothbot_yolo11m_4500_imgsz1600_b1_2024-01-18.pt,0.4585167169570923,,grisMejua,Cerro_Hoya_Expedition/Hoya_606m_grisMejua_2025-01-26/2025-01-27/patches/grisMejua_2025_01_27__19_20_05_HDR0_5_Mothbot_yolo11m_4500_imgsz1600_b1_2024-01-18.pt.jpg,ORDER_Hemiptera,2025-01-27,19:20:05,,2025_01_27__19_20_05,MachineObservation,Cerro_Hoya_Expedition_Hoya_606m_grisMejua_2025-01-26_2025-01-27,Cerro_Hoya_Expedition_Hoya_606m_grisMejua_2025-01-26,grisMejua_2025_01_27__19_20_05_HDR0.jpg,grisMejua_2025_01_27__19_20_05_HDR0_5_Mothbot_yolo11m_4500_imgsz1600_b1_2024-01-18.pt.jpg
doi.org10.15468dl.6nxkw6.csv,Animalia,Arthropoda,Insecta,Coleoptera,,,,,1470,,Coleoptera,Coleoptera,Cerro_Hoya_Expedition_Hoya_606m_grisMejua_2025-01-26,grisMejua_2025_01_27__19_20_05_HDR0_6_Mothbot_yolo11m_4500_imgsz1600_b1_2024-01-18.pt.jpg,HS,Mothbot_yolo11m_4500_imgsz1600_b1_2024-01-18.pt,0.4507448077201843,,grisMejua,Cerro_Hoya_Expedition/Hoya_606m_grisMejua_2025-01-26/2025-01-27/patches/grisMejua_2025_01_27__19_20_05_HDR0_6_Mothbot_yolo11m_4500_imgsz1600_b1_2024-01-18.pt.jpg,ORDER_Coleoptera,2025-01-27,19:20:05,,2025_01_27__19_20_05,MachineObservation,Cerro_Hoya_Expedition_Hoya_606m_grisMejua_2025-01-26_2025-01-27,Cerro_Hoya_Expedition_Hoya_606m_grisMejua_2025-01-26,grisMejua_2025_01_27__19_20_05_HDR0.jpg,grisMejua_2025_01_27__19_20_05_HDR0_6_Mothbot_yolo11m_4500_imgsz1600_b1_2024-01-18.pt.jpg
doi.org10.15468dl.6nxkw6.csv,Animalia,Arthropoda,Insecta,Coleoptera,,,,,1470,,Coleoptera,Coleoptera,Cerro_Hoya_Expedition_Hoya_606m_grisMejua_2025-01-26,grisMejua_2025_01_27__19_20_05_HDR0_7_Mothbot_yolo11m_4500_imgsz1600_b1_2024-01-18.pt.jpg,HS,Mothbot_yolo11m_4500_imgsz1600_b1_2024-01-18.pt,0.433339387178421,,grisMejua,Cerro_Hoya_Expedition/Hoya_606m_grisMejua_2025-01-26/2025-01-27/patches/grisMejua_2025_01_27__19_20_05_HDR0_7_Mothbot_yolo11m_4500_imgsz1600_b1_2024-01-18.pt.jpg,ORDER_Hemiptera,2025-01-27,19:20:05,,2025_01_27__19_20_05,MachineObservation,Cerro_Hoya_Expedition_Hoya_606m_grisMejua_2025-01-26_2025-01-27,Cerro_Hoya_Expedition_Hoya_606m_grisMejua_2025-01-26,grisMejua_2025_01_27__19_20_05_HDR0.jpg,grisMejua_2025_01_27__19_20_05_HDR0_7_Mothbot_yolo11m_4500_imgsz1600_b1_2024-01-18.pt.jpg
doi.org10.15468dl.6nxkw6.csv,Animalia,Arthropoda,Insecta,Coleoptera,,,,,1470,,Coleoptera,Coleoptera,Cerro_Hoya_Expedition_Hoya_606m_grisMejua_2025-01-26,grisMejua_2025_01_27__19_20_05_HDR0_8_Mothbot_yolo11m_4500_imgsz1600_b1_2024-01-18.pt.jpg,HS,Mothbot_yolo11m_4500_imgsz1600_b1_2024-01-18.pt,0.38949301838874817,,grisMejua,Cerro_Hoya_Expedition/Hoya_606m_grisMejua_2025-01-26/2025-01-27/patches/grisMejua_2025_01_27__19_20_05_HDR0_8_Mothbot_yolo11m_4500_imgsz1600_b1_2024-01-18.pt.jpg,ORDER_Hemiptera,2025-01-27,19:20:05,,2025_01_27__19_20_05,MachineObservation,Cerro_Hoya_Expedition_Hoya_606m_grisMejua_2025-01-26_2025-01-27,Cerro_Hoya_Expedition_Hoya_606m_grisMejua_2025-01-26,grisMejua_2025_01_27__19_20_05_HDR0.jpg,grisMejua_2025_01_27__19_20_05_HDR0_8_Mothbot_yolo11m_4500_imgsz1600_b1_2024-01-18.pt.jpg
doi.org10.15468dl.6nxkw6.csv,Animalia,Arthropoda,Insecta,Coleoptera,,,,,1470,,Coleoptera,Coleoptera,Cerro_Hoya_Expedition_Hoya_606m_grisMejua_2025-01-26,grisMejua_2025_01_27__19_20_05_HDR0_9_Mothbot_yolo11m_4500_imgsz1600_b1_2024-01-18.pt.jpg,HS,Mothbot_yolo11m_4500_imgsz1600_b1_2024-01-18.pt,0.3297272026538849,,grisMejua,Cerro_Hoya_Expedition/Hoya_606m_grisMejua_2025-01-26/2025-01-27/patches/grisMejua_2025_01_27__19_20_05_HDR0_9_Mothbot_yolo11m_4500_imgsz1600_b1_2024-01-18.pt.jpg,ORDER_Hymenoptera,2025-01-27,19:20:05,,2025_01_27__19_20_05,MachineObservation,Cerro_Hoya_Expedition_Hoya_606m_grisMejua_2025-01-26_2025-01-27,Cerro_Hoya_Expedition_Hoya_606m_grisMejua_2025-01-26,grisMejua_2025_01_27__19_20_05_HDR0.jpg,grisMejua_2025_01_27__19_20_05_HDR0_9_Mothbot_yolo11m_4500_imgsz1600_b1_2024-01-18.pt.jpg
doi.org10.15468dl.6nxkw6.csv,Animalia,Arthropoda,Insecta,Coleoptera,,,,,1470,,Coleoptera,Coleoptera,Cerro_Hoya_Expedition_Hoya_606m_grisMejua_2025-01-26,grisMejua_2025_01_27__19_20_05_HDR0_10_Mothbot_yolo11m_4500_imgsz1600_b1_2024-01-18.pt.jpg,HS,Mothbot_yolo11m_4500_imgsz1600_b1_2024-01-18.pt,0.31552913784980774,,grisMejua,Cerro_Hoya_Expedition/Hoya_606m_grisMejua_2025-01-26/2025-01-27/patches/grisMejua_2025_01_27__19_20_05_HDR0_10_Mothbot_yolo11m_4500_imgsz1600_b1_2024-01-18.pt.jpg,ORDER_Diptera,2025-01-27,19:20:05,,2025_01_27__19_20_05,MachineObservation,Cerro_Hoya_Expedition_Hoya_606m_grisMejua_2025-01-26_2025-01-27,Cerro_Hoya_Expedition_Hoya_606m_grisMejua_2025-01-26,grisMejua_2025_01_27__19_20_05_HDR0.jpg,grisMejua_2025_01_27__19_20_05_HDR0_10_Mothbot_yolo11m_4500_imgsz1600_b1_2024-01-18.pt.jpg
doi.org10.15468dl.6nxkw6.csv,Animalia,Arthropoda,Insecta,Coleoptera,,,,,1470,,Coleoptera,Coleoptera,Cerro_Hoya_Expedition_Hoya_606m_grisMejua_2025-01-26,grisMejua_2025_01_27__19_20_05_HDR0_11_Mothbot_yolo11m_4500_imgsz1600_b1_2024-01-18.pt.jpg,HS,Mothbot_yolo11m_4500_imgsz1600_b1_2024-01-18.pt,0.28739461302757263,,grisMejua,Cerro_Hoya_Expedition/Hoya_606m_grisMejua_2025-01-26/2025-01-27/patches/grisMejua_2025_01_27__19_20_05_HDR0_11_Mothbot_yolo11m_4500_imgsz1600_b1_2024-01-18.pt.jpg,ORDER_Coleoptera,2025-01-27,19:20:05,,2025_01_27__19_20_05,MachineObservation,Cerro_Hoya_Expedition_Hoya_606m_grisMejua_2025-01-26_2025-01-27,Cerro_Hoya_Expedition_Hoya_606m_grisMejua_2025-01-26,grisMejua_2025_01_27__19_20_05_HDR0.jpg,grisMejua_2025_01_27__19_20_05_HDR0_11_Mothbot_yolo11m_4500_imgsz1600_b1_2024-01-18.pt.jpg
doi.org10.15468dl.6nxkw6.csv,Animalia,Arthropoda,Insecta,Coleoptera,,,,,1470,,Coleoptera,Coleoptera,Cerro_Hoya_Expedition_Hoya_606m_grisMejua_2025-01-26,grisMejua_2025_01_27__19_21_06_HDR0_0_Mothbot_yolo11m_4500_imgsz1600_b1_2024-01-18.pt.jpg,HS,Mothbot_yolo11m_4500_imgsz1600_b1_2024-01-18.pt,0.8010841012001038,,grisMejua,Cerro_Hoya_Expedition/Hoya_606m_grisMejua_2025-01-26/2025-01-27/patches/grisMejua_2025_01_27__19_21_06_HDR0_0_Mothbot_yolo11m_4500_imgsz1600_b1_2024-01-18.pt.jpg,ORDER_Coleoptera,2025-01-27,19:21:06,,2025_01_27__19_21_06,MachineObservation,Cerro_Hoya_Expedition_Hoya_606m_grisMejua_2025-01-26_2025-01-27,Cerro_Hoya_Expedition_Hoya_606m_grisMejua_2025-01-26,grisMejua_2025_01_27__19_21_06_HDR0.jpg,grisMejua_2025_01_27__19_21_06_HDR0_0_Mothbot_yolo11m_4500_imgsz1600_b1_2024-01-18.pt.jpg
doi.org10.15468dl.6nxkw6.csv,Animalia,Arthropoda,Insecta,Lepidoptera,,,,,797,,Lepidoptera,Lepidoptera,Cerro_Hoya_Expedition_Hoya_606m_grisMejua_2025-01-26,grisMejua_2025_01_27__19_21_06_HDR0_1_Mothbot_yolo11m_4500_imgsz1600_b1_2024-01-18.pt.jpg,HS,Mothbot_yolo11m_4500_imgsz1600_b1_2024-01-18.pt,0.7140467166900635,,grisMejua,Cerro_Hoya_Expedition/Hoya_606m_grisMejua_2025-01-26/2025-01-27/patches/grisMejua_2025_01_27__19_21_06_HDR0_1_Mothbot_yolo11m_4500_imgsz1600_b1_2024-01-18.pt.jpg,ORDER_Diptera,2025-01-27,19:21:06,,2025_01_27__19_21_06,MachineObservation,Cerro_Hoya_Expedition_Hoya_606m_grisMejua_2025-01-26_2025-01-27,Cerro_Hoya_Expedition_Hoya_606m_grisMejua_2025-01-26,grisMejua_2025_01_27__19_21_06_HDR0.jpg,grisMejua_2025_01_27__19_21_06_HDR0_1_Mothbot_yolo11m_4500_imgsz1600_b1_2024-01-18.pt.jpg
doi.org10.15468dl.6nxkw6.csv,Animalia,Arthropoda,Insecta,,,,,,216,,Insecta,Insecta,Cerro_Hoya_Expedition_Hoya_606m_grisMejua_2025-01-26,grisMejua_2025_01_27__19_21_06_HDR0_2_Mothbot_yolo11m_4500_imgsz1600_b1_2024-01-18.pt.jpg,HS,Mothbot_yolo11m_4500_imgsz1600_b1_2024-01-18.pt,0.696057140827179,,grisMejua,Cerro_Hoya_Expedition/Hoya_606m_grisMejua_2025-01-26/2025-01-27/patches/grisMejua_2025_01_27__19_21_06_HDR0_2_Mothbot_yolo11m_4500_imgsz1600_b1_2024-01-18.pt.jpg,ORDER_Diptera,2025-01-27,19:21:06,,2025_01_27__19_21_06,MachineObservation,Cerro_Hoya_Expedition_Hoya_606m_grisMejua_2025-01-26_2025-01-27,Cerro_Hoya_Expedition_Hoya_606m_grisMejua_2025-01-26,grisMejua_2025_01_27__19_21_06_HDR0.jpg,grisMejua_2025_01_27__19_21_06_HDR0_2_Mothbot_yolo11m_4500_imgsz1600_b1_2024-01-18.pt.jpg
doi.org10.15468dl.6nxkw6.csv,Animalia,Arthropoda,Insecta,Hemiptera,,,,,809,,Hemiptera,Hemiptera,Cerro_Hoya_Expedition_Hoya_606m_grisMejua_2025-01-26,grisMejua_2025_01_27__19_21_06_HDR0_3_Mothbot_yolo11m_4500_imgsz1600_b1_2024-01-18.pt.jpg,HS,Mothbot_yolo11m_4500_imgsz1600_b1_2024-01-18.pt,0.5990979671478271,,grisMejua,Cerro_Hoya_Expedition/Hoya_606m_grisMejua_2025-01-26/2025-01-27/patches/grisMejua_2025_01_27__19_21_06_HDR0_3_Mothbot_yolo11m_4500_imgsz1600_b1_2024-01-18.pt.jpg,ORDER_Hemiptera,2025-01-27,19:21:06,,2025_01_27__19_21_06,MachineObservation,Cerro_Hoya_Expedition_Hoya_606m_grisMejua_2025-01-26_2025-01-27,Cerro_Hoya_Expedition_Hoya_606m_grisMejua_2025-01-26,grisMejua_2025_01_27__19_21_06_HDR0.jpg,grisMejua_2025_01_27__19_21_06_HDR0_3_Mothbot_yolo11m_4500_imgsz1600_b1_2024-01-18.pt.jpg
doi.org10.15468dl.6nxkw6.csv,Animalia,Arthropoda,Insecta,Lepidoptera,,,,,797,,Lepidoptera,Lepidoptera,Cerro_Hoya_Expedition_Hoya_606m_grisMejua_2025-01-26,grisMejua_2025_01_27__19_21_06_HDR0_4_Mothbot_yolo11m_4500_imgsz1600_b1_2024-01-18.pt.jpg,HS,Mothbot_yolo11m_4500_imgsz1600_b1_2024-01-18.pt,0.5782362222671509,,grisMejua,Cerro_Hoya_Expedition/Hoya_606m_grisMejua_2025-01-26/2025-01-27/patches/grisMejua_2025_01_27__19_21_06_HDR0_4_Mothbot_yolo11m_4500_imgsz1600_b1_2024-01-18.pt.jpg,ORDER_Hemiptera,2025-01-27,19:21:06,,2025_01_27__19_21_06,MachineObservation,Cerro_Hoya_Expedition_Hoya_606m_grisMejua_2025-01-26_2025-01-27,Cerro_Hoya_Expedition_Hoya_606m_grisMejua_2025-01-26,grisMejua_2025_01_27__19_21_06_HDR0.jpg,grisMejua_2025_01_27__19_21_06_HDR0_4_Mothbot_yolo11m_4500_imgsz1600_b1_2024-01-18.pt.jpg
doi.org10.15468dl.6nxkw6.csv,Animalia,Arthropoda,Insecta,Coleoptera,,,,,1470,,Coleoptera,Coleoptera,Cerro_Hoya_Expedition_Hoya_606m_grisMejua_2025-01-26,grisMejua_2025_01_27__19_21_06_HDR0_5_Mothbot_yolo11m_4500_imgsz1600_b1_2024-01-18.pt.jpg,HS,Mothbot_yolo11m_4500_imgsz1600_b1_2024-01-18.pt,0.5187039971351624,,grisMejua,Cerro_Hoya_Expedition/Hoya_606m_grisMejua_2025-01-26/2025-01-27/patches/grisMejua_2025_01_27__19_21_06_HDR0_5_Mothbot_yolo11m_4500_imgsz1600_b1_2024-01-18.pt.jpg,ORDER_Coleoptera,2025-01-27,19:21:06,,2025_01_27__19_21_06,MachineObservation,Cerro_Hoya_Expedition_Hoya_606m_grisMejua_2025-01-26_2025-01-27,Cerro_Hoya_Expedition_Hoya_606m_grisMejua_2025-01-26,grisMejua_2025_01_27__19_21_06_HDR0.jpg,grisMejua_2025_01_27__19_21_06_HDR0_5_Mothbot_yolo11m_4500_imgsz1600_b1_2024-01-18.pt.jpg
doi.org10.15468dl.6nxkw6.csv,Animalia,Arthropoda,Insecta,Coleoptera,,,,,1470,,Coleoptera,Coleoptera,Cerro_Hoya_Expedition_Hoya_606m_grisMejua_2025-01-26,grisMejua_2025_01_27__19_21_06_HDR0_6_Mothbot_yolo11m_4500_imgsz1600_b1_2024-01-18.pt.jpg,HS,Mothbot_yolo11m_4500_imgsz1600_b1_2024-01-18.pt,0.45716962218284607,,grisMejua,Cerro_Hoya_Expedition/Hoya_606m_grisMejua_2025-01-26/2025-01-27/patches/grisMejua_2025_01_27__19_21_06_HDR0_6_Mothbot_yolo11m_4500_imgsz1600_b1_2024-01-18.pt.jpg,ORDER_Hemiptera,2025-01-27,19:21:06,,2025_01_27__19_21_06,MachineObservation,Cerro_Hoya_Expedition_Hoya_606m_grisMejua_2025-01-26_2025-01-27,Cerro_Hoya_Expedition_Hoya_606m_grisMejua_2025-01-26,grisMejua_2025_01_27__19_21_06_HDR0.jpg,grisMejua_2025_01_27__19_21_06_HDR0_6_Mothbot_yolo11m_4500_imgsz1600_b1_2024-01-18.pt.jpg
doi.org10.15468dl.6nxkw6.csv,Animalia,Arthropoda,Insecta,Coleoptera,,,,,1470,,Coleoptera,Coleoptera,Cerro_Hoya_Expedition_Hoya_606m_grisMejua_2025-01-26,grisMejua_2025_01_27__19_21_06_HDR0_7_Mothbot_yolo11m_4500_imgsz1600_b1_2024-01-18.pt.jpg,HS,Mothbot_yolo11m_4500_imgsz1600_b1_2024-01-18.pt,0.39787557721138,,grisMejua,Cerro_Hoya_Expedition/Hoya_606m_grisMejua_2025-01-26/2025-01-27/patches/grisMejua_2025_01_27__19_21_06_HDR0_7_Mothbot_yolo11m_4500_imgsz1600_b1_2024-01-18.pt.jpg,ORDER_Coleoptera,2025-01-27,19:21:06,,2025_01_27__19_21_06,MachineObservation,Cerro_Hoya_Expedition_Hoya_606m_grisMejua_2025-01-26_2025-01-27,Cerro_Hoya_Expedition_Hoya_606m_grisMejua_2025-01-26,grisMejua_2025_01_27__19_21_06_HDR0.jpg,grisMejua_2025_01_27__19_21_06_HDR0_7_Mothbot_yolo11m_4500_imgsz1600_b1_2024-01-18.pt.jpg
doi.org10.15468dl.6nxkw6.csv,Animalia,Arthropoda,Insecta,Coleoptera,,,,,1470,,Coleoptera,Coleoptera,Cerro_Hoya_Expedition_Hoya_606m_grisMejua_2025-01-26,grisMejua_2025_01_27__19_21_06_HDR0_8_Mothbot_yolo11m_4500_imgsz1600_b1_2024-01-18.pt.jpg,HS,Mothbot_yolo11m_4500_imgsz1600_b1_2024-01-18.pt,0.36762726306915283,,grisMejua,Cerro_Hoya_Expedition/Hoya_606m_grisMejua_2025-01-26/2025-01-27/patches/grisMejua_2025_01_27__19_21_06_HDR0_8_Mothbot_yolo11m_4500_imgsz1600_b1_2024-01-18.pt.jpg,ORDER_Hemiptera,2025-01-27,19:21:06,,2025_01_27__19_21_06,MachineObservation,Cerro_Hoya_Expedition_Hoya_606m_grisMejua_2025-01-26_2025-01-27,Cerro_Hoya_Expedition_Hoya_606m_grisMejua_2025-01-26,grisMejua_2025_01_27__19_21_06_HDR0.jpg,grisMejua_2025_01_27__19_21_06_HDR0_8_Mothbot_yolo11m_4500_imgsz1600_b1_2024-01-18.pt.jpg
doi.org10.15468dl.6nxkw6.csv,Animalia,Arthropoda,Insecta,Coleoptera,,,,,1470,,Coleoptera,Coleoptera,Cerro_Hoya_Expedition_Hoya_606m_grisMejua_2025-01-26,grisMejua_2025_01_27__19_21_06_HDR0_9_Mothbot_yolo11m_4500_imgsz1600_b1_2024-01-18.pt.jpg,HS,Mothbot_yolo11m_4500_imgsz1600_b1_2024-01-18.pt,0.33866190910339355,,grisMejua,Cerro_Hoya_Expedition/Hoya_606m_grisMejua_2025-01-26/2025-01-27/patches/grisMejua_2025_01_27__19_21_06_HDR0_9_Mothbot_yolo11m_4500_imgsz1600_b1_2024-01-18.pt.jpg,ORDER_Coleoptera,2025-01-27,19:21:06,,2025_01_27__19_21_06,MachineObservation,Cerro_Hoya_Expedition_Hoya_606m_grisMejua_2025-01-26_2025-01-27,Cerro_Hoya_Expedition_Hoya_606m_grisMejua_2025-01-26,grisMejua_2025_01_27__19_21_06_HDR0.jpg,grisMejua_2025_01_27__19_21_06_HDR0_9_Mothbot_yolo11m_4500_imgsz1600_b1_2024-01-18.pt.jpg
doi.org10.15468dl.6nxkw6.csv,Animalia,Arthropoda,Insecta,Coleoptera,,,,,1470,,Coleoptera,Coleoptera,Cerro_Hoya_Expedition_Hoya_606m_grisMejua_2025-01-26,grisMejua_2025_01_27__19_21_06_HDR0_10_Mothbot_yolo11m_4500_imgsz1600_b1_2024-01-18.pt.jpg,HS,Mothbot_yolo11m_4500_imgsz1600_b1_2024-01-18.pt,0.33316922187805176,,grisMejua,Cerro_Hoya_Expedition/Hoya_606m_grisMejua_2025-01-26/2025-01-27/patches/grisMejua_2025_01_27__19_21_06_HDR0_10_Mothbot_yolo11m_4500_imgsz1600_b1_2024-01-18.pt.jpg,ORDER_Coleoptera,2025-01-27,19:21:06,,2025_01_27__19_21_06,MachineObservation,Cerro_Hoya_Expedition_Hoya_606m_grisMejua_2025-01-26_2025-01-27,Cerro_Hoya_Expedition_Hoya_606m_grisMejua_2025-01-26,grisMejua_2025_01_27__19_21_06_HDR0.jpg,grisMejua_2025_01_27__19_21_06_HDR0_10_Mothbot_yolo11m_4500_imgsz1600_b1_2024-01-18.pt.jpg
doi.org10.15468dl.6nxkw6.csv,Animalia,Arthropoda,Insecta,Coleoptera,,,,,1470,,Coleoptera,Coleoptera,Cerro_Hoya_Expedition_Hoya_606m_grisMejua_2025-01-26,grisMejua_2025_01_27__19_22_22_HDR0_0_Mothbot_yolo11m_4500_imgsz1600_b1_2024-01-18.pt.jpg,HS,Mothbot_yolo11m_4500_imgsz1600_b1_2024-01-18.pt,0.8007324934005737,,grisMejua,Cerro_Hoya_Expedition/Hoya_606m_grisMejua_2025-01-26/2025-01-27/patches/grisMejua_2025_01_27__19_22_22_HDR0_0_Mothbot_yolo11m_4500_imgsz1600_b1_2024-01-18.pt.jpg,ORDER_Coleoptera,2025-01-27,19:22:22,,2025_01_27__19_22_22,MachineObservation,Cerro_Hoya_Expedition_Hoya_606m_grisMejua_2025-01-26_2025-01-27,Cerro_Hoya_Expedition_Hoya_606m_grisMejua_2025-01-26,grisMejua_2025_01_27__19_22_22_HDR0.jpg,grisMejua_2025_01_27__19_22_22_HDR0_0_Mothbot_yolo11m_4500_imgsz1600_b1_2024-01-18.pt.jpg
doi.org10.15468dl.6nxkw6.csv,Animalia,Arthropoda,Insecta,Coleoptera,,,,,1470,,Coleoptera,Coleoptera,Cerro_Hoya_Expedition_Hoya_606m_grisMejua_2025-01-26,grisMejua_2025_01_27__19_22_22_HDR0_1_Mothbot_yolo11m_4500_imgsz1600_b1_2024-01-18.pt.jpg,HS,Mothbot_yolo11m_4500_imgsz1600_b1_2024-01-18.pt,0.5513149499893188,,grisMejua,Cerro_Hoya_Expedition/Hoya_606m_grisMejua_2025-01-26/2025-01-27/patches/grisMejua_2025_01_27__19_22_22_HDR0_1_Mothbot_yolo11m_4500_imgsz1600_b1_2024-01-18.pt.jpg,ORDER_Coleoptera,2025-01-27,19:22:22,,2025_01_27__19_22_22,MachineObservation,Cerro_Hoya_Expedition_Hoya_606m_grisMejua_2025-01-26_2025-01-27,Cerro_Hoya_Expedition_Hoya_606m_grisMejua_2025-01-26,grisMejua_2025_01_27__19_22_22_HDR0.jpg,grisMejua_2025_01_27__19_22_22_HDR0_1_Mothbot_yolo11m_4500_imgsz1600_b1_2024-01-18.pt.jpg
doi.org10.15468dl.6nxkw6.csv,Animalia,Arthropoda,Insecta,Lepidoptera,,,,,797,,Lepidoptera,Lepidoptera,Cerro_Hoya_Expedition_Hoya_606m_grisMejua_2025-01-26,grisMejua_2025_01_27__19_22_22_HDR0_2_Mothbot_yolo11m_4500_imgsz1600_b1_2024-01-18.pt.jpg,HS,Mothbot_yolo11m_4500_imgsz1600_b1_2024-01-18.pt,0.5365924835205078,,grisMejua,Cerro_Hoya_Expedition/Hoya_606m_grisMejua_2025-01-26/2025-01-27/patches/grisMejua_2025_01_27__19_22_22_HDR0_2_Mothbot_yolo11m_4500_imgsz1600_b1_2024-01-18.pt.jpg,ORDER_Diptera,2025-01-27,19:22:22,,2025_01_27__19_22_22,MachineObservation,Cerro_Hoya_Expedition_Hoya_606m_grisMejua_2025-01-26_2025-01-27,Cerro_Hoya_Expedition_Hoya_606m_grisMejua_2025-01-26,grisMejua_2025_01_27__19_22_22_HDR0.jpg,grisMejua_2025_01_27__19_22_22_HDR0_2_Mothbot_yolo11m_4500_imgsz1600_b1_2024-01-18.pt.jpg
doi.org10.15468dl.6nxkw6.csv,Animalia,Arthropoda,Insecta,Coleoptera,,,,,1470,,Coleoptera,Coleoptera,Cerro_Hoya_Expedition_Hoya_606m_grisMejua_2025-01-26,grisMejua_2025_01_27__19_22_22_HDR0_3_Mothbot_yolo11m_4500_imgsz1600_b1_2024-01-18.pt.jpg,HS,Mothbot_yolo11m_4500_imgsz1600_b1_2024-01-18.pt,0.508878231048584,,grisMejua,Cerro_Hoya_Expedition/Hoya_606m_grisMejua_2025-01-26/2025-01-27/patches/grisMejua_2025_01_27__19_22_22_HDR0_3_Mothbot_yolo11m_4500_imgsz1600_b1_2024-01-18.pt.jpg,ORDER_Coleoptera,2025-01-27,19:22:22,,2025_01_27__19_22_22,MachineObservation,Cerro_Hoya_Expedition_Hoya_606m_grisMejua_2025-01-26_2025-01-27,Cerro_Hoya_Expedition_Hoya_606m_grisMejua_2025-01-26,grisMejua_2025_01_27__19_22_22_HDR0.jpg,grisMejua_2025_01_27__19_22_22_HDR0_3_Mothbot_yolo11m_4500_imgsz1600_b1_2024-01-18.pt.jpg
doi.org10.15468dl.6nxkw6.csv,Animalia,Arthropoda,Insecta,Coleoptera,,,,,1470,,Coleoptera,Coleoptera,Cerro_Hoya_Expedition_Hoya_606m_grisMejua_2025-01-26,grisMejua_2025_01_27__19_22_22_HDR0_4_Mothbot_yolo11m_4500_imgsz1600_b1_2024-01-18.pt.jpg,HS,Mothbot_yolo11m_4500_imgsz1600_b1_2024-01-18.pt,0.48188289999961853,,grisMejua,Cerro_Hoya_Expedition/Hoya_606m_grisMejua_2025-01-26/2025-01-27/patches/grisMejua_2025_01_27__19_22_22_HDR0_4_Mothbot_yolo11m_4500_imgsz1600_b1_2024-01-18.pt.jpg,ORDER_Coleoptera,2025-01-27,19:22:22,,2025_01_27__19_22_22,MachineObservation,Cerro_Hoya_Expedition_Hoya_606m_grisMejua_2025-01-26_2025-01-27,Cerro_Hoya_Expedition_Hoya_606m_grisMejua_2025-01-26,grisMejua_2025_01_27__19_22_22_HDR0.jpg,grisMejua_2025_01_27__19_22_22_HDR0_4_Mothbot_yolo11m_4500_imgsz1600_b1_2024-01-18.pt.jpg
doi.org10.15468dl.6nxkw6.csv,Animalia,Arthropoda,Insecta,,,,,,216,,Insecta,Insecta,Cerro_Hoya_Expedition_Hoya_606m_grisMejua_2025-01-26,grisMejua_2025_01_27__19_22_22_HDR0_5_Mothbot_yolo11m_4500_imgsz1600_b1_2024-01-18.pt.jpg,HS,Mothbot_yolo11m_4500_imgsz1600_b1_2024-01-18.pt,0.38390520215034485,,grisMejua,Cerro_Hoya_Expedition/Hoya_606m_grisMejua_2025-01-26/2025-01-27/patches/grisMejua_2025_01_27__19_22_22_HDR0_5_Mothbot_yolo11m_4500_imgsz1600_b1_2024-01-18.pt.jpg,ORDER_Coleoptera,2025-01-27,19:22:22,,2025_01_27__19_22_22,MachineObservation,Cerro_Hoya_Expedition_Hoya_606m_grisMejua_2025-01-26_2025-01-27,Cerro_Hoya_Expedition_Hoya_606m_grisMejua_2025-01-26,grisMejua_2025_01_27__19_22_22_HDR0.jpg,grisMejua_2025_01_27__19_22_22_HDR0_5_Mothbot_yolo11m_4500_imgsz1600_b1_2024-01-18.pt.jpg
doi.org10.15468dl.6nxkw6.csv,Animalia,Arthropoda,Insecta,Coleoptera,,,,,1470,,Coleoptera,Coleoptera,Cerro_Hoya_Expedition_Hoya_606m_grisMejua_2025-01-26,grisMejua_2025_01_27__19_22_22_HDR0_6_Mothbot_yolo11m_4500_imgsz1600_b1_2024-01-18.pt.jpg,HS,Mothbot_yolo11m_4500_imgsz1600_b1_2024-01-18.pt,0.32122060656547546,,grisMejua,Cerro_Hoya_Expedition/Hoya_606m_grisMejua_2025-01-26/2025-01-27/patches/grisMejua_2025_01_27__19_22_22_HDR0_6_Mothbot_yolo11m_4500_imgsz1600_b1_2024-01-18.pt.jpg,ORDER_Coleoptera,2025-01-27,19:22:22,,2025_01_27__19_22_22,MachineObservation,Cerro_Hoya_Expedition_Hoya_606m_grisMejua_2025-01-26_2025-01-27,Cerro_Hoya_Expedition_Hoya_606m_grisMejua_2025-01-26,grisMejua_2025_01_27__19_22_22_HDR0.jpg,grisMejua_2025_01_27__19_22_22_HDR0_6_Mothbot_yolo11m_4500_imgsz1600_b1_2024-01-18.pt.jpg
doi.org10.15468dl.6nxkw6.csv,Animalia,Arthropoda,Insecta,Coleoptera,,,,,1470,,Coleoptera,Coleoptera,Cerro_Hoya_Expedition_Hoya_606m_grisMejua_2025-01-26,grisMejua_2025_01_27__19_22_22_HDR0_7_Mothbot_yolo11m_4500_imgsz1600_b1_2024-01-18.pt.jpg,HS,Mothbot_yolo11m_4500_imgsz1600_b1_2024-01-18.pt,0.27886566519737244,,grisMejua,Cerro_Hoya_Expedition/Hoya_606m_grisMejua_2025-01-26/2025-01-27/patches/grisMejua_2025_01_27__19_22_22_HDR0_7_Mothbot_yolo11m_4500_imgsz1600_b1_2024-01-18.pt.jpg,ORDER_Coleoptera,2025-01-27,19:22:22,,2025_01_27__19_22_22,MachineObservation,Cerro_Hoya_Expedition_Hoya_606m_grisMejua_2025-01-26_2025-01-27,Cerro_Hoya_Expedition_Hoya_606m_grisMejua_2025-01-26,grisMejua_2025_01_27__19_22_22_HDR0.jpg,grisMejua_2025_01_27__19_22_22_HDR0_7_Mothbot_yolo11m_4500_imgsz1600_b1_2024-01-18.pt.jpg
doi.org10.15468dl.6nxkw6.csv,Animalia,Arthropoda,Insecta,Hemiptera,,,,,809,,Hemiptera,Hemiptera,Cerro_Hoya_Expedition_Hoya_606m_grisMejua_2025-01-26,grisMejua_2025_01_27__19_22_22_HDR0_8_Mothbot_yolo11m_4500_imgsz1600_b1_2024-01-18.pt.jpg,HS,Mothbot_yolo11m_4500_imgsz1600_b1_2024-01-18.pt,0.2704331576824188,,grisMejua,Cerro_Hoya_Expedition/Hoya_606m_grisMejua_2025-01-26/2025-01-27/patches/grisMejua_2025_01_27__19_22_22_HDR0_8_Mothbot_yolo11m_4500_imgsz1600_b1_2024-01-18.pt.jpg,ORDER_Hemiptera,2025-01-27,19:22:22,,2025_01_27__19_22_22,MachineObservation,Cerro_Hoya_Expedition_Hoya_606m_grisMejua_2025-01-26_2025-01-27,Cerro_Hoya_Expedition_Hoya_606m_grisMejua_2025-01-26,grisMejua_2025_01_27__19_22_22_HDR0.jpg,grisMejua_2025_01_27__19_22_22_HDR0_8_Mothbot_yolo11m_4500_imgsz1600_b1_2024-01-18.pt.jpg
doi.org10.15468dl.6nxkw6.csv,Animalia,Arthropoda,Insecta,Coleoptera,,,,,1470,,Coleoptera,Coleoptera,Cerro_Hoya_Expedition_Hoya_606m_grisMejua_2025-01-26,grisMejua_2025_01_27__19_22_22_HDR0_9_Mothbot_yolo11m_4500_imgsz1600_b1_2024-01-18.pt.jpg,HS,Mothbot_yolo11m_4500_imgsz1600_b1_2024-01-18.pt,0.2649839520454407,,grisMejua,Cerro_Hoya_Expedition/Hoya_606m_grisMejua_2025-01-26/2025-01-27/patches/grisMejua_2025_01_27__19_22_22_HDR0_9_Mothbot_yolo11m_4500_imgsz1600_b1_2024-01-18.pt.jpg,ORDER_Coleoptera,2025-01-27,19:22:22,,2025_01_27__19_22_22,MachineObservation,Cerro_Hoya_Expedition_Hoya_606m_grisMejua_2025-01-26_2025-01-27,Cerro_Hoya_Expedition_Hoya_606m_grisMejua_2025-01-26,grisMejua_2025_01_27__19_22_22_HDR0.jpg,grisMejua_2025_01_27__19_22_22_HDR0_9_Mothbot_yolo11m_4500_imgsz1600_b1_2024-01-18.pt.jpg
doi.org10.15468dl.6nxkw6.csv,Animalia,Arthropoda,Insecta,Coleoptera,,,,,1470,,Coleoptera,Coleoptera,Cerro_Hoya_Expedition_Hoya_606m_grisMejua_2025-01-26,grisMejua_2025_01_27__19_23_05_HDR0_0_Mothbot_yolo11m_4500_imgsz1600_b1_2024-01-18.pt.jpg,HS,Mothbot_yolo11m_4500_imgsz1600_b1_2024-01-18.pt,0.7923542857170105,,grisMejua,Cerro_Hoya_Expedition/Hoya_606m_grisMejua_2025-01-26/2025-01-27/patches/grisMejua_2025_01_27__19_23_05_HDR0_0_Mothbot_yolo11m_4500_imgsz1600_b1_2024-01-18.pt.jpg,ORDER_Coleoptera,2025-01-27,19:23:05,,2025_01_27__19_23_05,MachineObservation,Cerro_Hoya_Expedition_Hoya_606m_grisMejua_2025-01-26_2025-01-27,Cerro_Hoya_Expedition_Hoya_606m_grisMejua_2025-01-26,grisMejua_2025_01_27__19_23_05_HDR0.jpg,grisMejua_2025_01_27__19_23_05_HDR0_0_Mothbot_yolo11m_4500_imgsz1600_b1_2024-01-18.pt.jpg
doi.org10.15468dl.6nxkw6.csv,Animalia,Arthropoda,Insecta,Coleoptera,,,,,1470,,Coleoptera,Coleoptera,Cerro_Hoya_Expedition_Hoya_606m_grisMejua_2025-01-26,grisMejua_2025_01_27__19_23_05_HDR0_1_Mothbot_yolo11m_4500_imgsz1600_b1_2024-01-18.pt.jpg,HS,Mothbot_yolo11m_4500_imgsz1600_b1_2024-01-18.pt,0.486529141664505,,grisMejua,Cerro_Hoya_Expedition/Hoya_606m_grisMejua_2025-01-26/2025-01-27/patches/grisMejua_2025_01_27__19_23_05_HDR0_1_Mothbot_yolo11m_4500_imgsz1600_b1_2024-01-18.pt.jpg,ORDER_Coleoptera,2025-01-27,19:23:05,,2025_01_27__19_23_05,MachineObservation,Cerro_Hoya_Expedition_Hoya_606m_grisMejua_2025-01-26_2025-01-27,Cerro_Hoya_Expedition_Hoya_606m_grisMejua_2025-01-26,grisMejua_2025_01_27__19_23_05_HDR0.jpg,grisMejua_2025_01_27__19_23_05_HDR0_1_Mothbot_yolo11m_4500_imgsz1600_b1_2024-01-18.pt.jpg
doi.org10.15468dl.6nxkw6.csv,Animalia,Arthropoda,Insecta,Lepidoptera,,,,,797,,Lepidoptera,Lepidoptera,Cerro_Hoya_Expedition_Hoya_606m_grisMejua_2025-01-26,grisMejua_2025_01_27__19_23_05_HDR0_2_Mothbot_yolo11m_4500_imgsz1600_b1_2024-01-18.pt.jpg,HS,Mothbot_yolo11m_4500_imgsz1600_b1_2024-01-18.pt,0.4789031744003296,,grisMejua,Cerro_Hoya_Expedition/Hoya_606m_grisMejua_2025-01-26/2025-01-27/patches/grisMejua_2025_01_27__19_23_05_HDR0_2_Mothbot_yolo11m_4500_imgsz1600_b1_2024-01-18.pt.jpg,ORDER_Hemiptera,2025-01-27,19:23:05,,2025_01_27__19_23_05,MachineObservation,Cerro_Hoya_Expedition_Hoya_606m_grisMejua_2025-01-26_2025-01-27,Cerro_Hoya_Expedition_Hoya_606m_grisMejua_2025-01-26,grisMejua_2025_01_27__19_23_05_HDR0.jpg,grisMejua_2025_01_27__19_23_05_HDR0_2_Mothbot_yolo11m_4500_imgsz1600_b1_2024-01-18.pt.jpg
doi.org10.15468dl.6nxkw6.csv,Animalia,Arthropoda,Insecta,,,,,,216,,Insecta,Insecta,Cerro_Hoya_Expedition_Hoya_606m_grisMejua_2025-01-26,grisMejua_2025_01_27__19_23_05_HDR0_3_Mothbot_yolo11m_4500_imgsz1600_b1_2024-01-18.pt.jpg,HS,Mothbot_yolo11m_4500_imgsz1600_b1_2024-01-18.pt,0.43909379839897156,,grisMejua,Cerro_Hoya_Expedition/Hoya_606m_grisMejua_2025-01-26/2025-01-27/patches/grisMejua_2025_01_27__19_23_05_HDR0_3_Mothbot_yolo11m_4500_imgsz1600_b1_2024-01-18.pt.jpg,ORDER_Diptera,2025-01-27,19:23:05,,2025_01_27__19_23_05,MachineObservation,Cerro_Hoya_Expedition_Hoya_606m_grisMejua_2025-01-26_2025-01-27,Cerro_Hoya_Expedition_Hoya_606m_grisMejua_2025-01-26,grisMejua_2025_01_27__19_23_05_HDR0.jpg,grisMejua_2025_01_27__19_23_05_HDR0_3_Mothbot_yolo11m_4500_imgsz1600_b1_2024-01-18.pt.jpg
doi.org10.15468dl.6nxkw6.csv,Animalia,Arthropoda,Insecta,Coleoptera,,,,,1470,,Coleoptera,Coleoptera,Cerro_Hoya_Expedition_Hoya_606m_grisMejua_2025-01-26,grisMejua_2025_01_27__19_23_05_HDR0_4_Mothbot_yolo11m_4500_imgsz1600_b1_2024-01-18.pt.jpg,HS,Mothbot_yolo11m_4500_imgsz1600_b1_2024-01-18.pt,0.4088398218154907,,grisMejua,Cerro_Hoya_Expedition/Hoya_606m_grisMejua_2025-01-26/2025-01-27/patches/grisMejua_2025_01_27__19_23_05_HDR0_4_Mothbot_yolo11m_4500_imgsz1600_b1_2024-01-18.pt.jpg,ORDER_Coleoptera,2025-01-27,19:23:05,,2025_01_27__19_23_05,MachineObservation,Cerro_Hoya_Expedition_Hoya_606m_grisMejua_2025-01-26_2025-01-27,Cerro_Hoya_Expedition_Hoya_606m_grisMejua_2025-01-26,grisMejua_2025_01_27__19_23_05_HDR0.jpg,grisMejua_2025_01_27__19_23_05_HDR0_4_Mothbot_yolo11m_4500_imgsz1600_b1_2024-01-18.pt.jpg
doi.org10.15468dl.6nxkw6.csv,Animalia,Arthropoda,Insecta,Coleoptera,,,,,1470,,Coleoptera,Coleoptera,Cerro_Hoya_Expedition_Hoya_606m_grisMejua_2025-01-26,grisMejua_2025_01_27__19_23_05_HDR0_5_Mothbot_yolo11m_4500_imgsz1600_b1_2024-01-18.pt.jpg,HS,Mothbot_yolo11m_4500_imgsz1600_b1_2024-01-18.pt,0.34259289503097534,,grisMejua,Cerro_Hoya_Expedition/Hoya_606m_grisMejua_2025-01-26/2025-01-27/patches/grisMejua_2025_01_27__19_23_05_HDR0_5_Mothbot_yolo11m_4500_imgsz1600_b1_2024-01-18.pt.jpg,ORDER_Coleoptera,2025-01-27,19:23:05,,2025_01_27__19_23_05,MachineObservation,Cerro_Hoya_Expedition_Hoya_606m_grisMejua_2025-01-26_2025-01-27,Cerro_Hoya_Expedition_Hoya_606m_grisMejua_2025-01-26,grisMejua_2025_01_27__19_23_05_HDR0.jpg,grisMejua_2025_01_27__19_23_05_HDR0_5_Mothbot_yolo11m_4500_imgsz1600_b1_2024-01-18.pt.jpg
doi.org10.15468dl.6nxkw6.csv,Animalia,Arthropoda,Insecta,Coleoptera,,,,,1470,,Coleoptera,Coleoptera,Cerro_Hoya_Expedition_Hoya_606m_grisMejua_2025-01-26,grisMejua_2025_01_27__19_23_05_HDR0_6_Mothbot_yolo11m_4500_imgsz1600_b1_2024-01-18.pt.jpg,HS,Mothbot_yolo11m_4500_imgsz1600_b1_2024-01-18.pt,0.3278636336326599,,grisMejua,Cerro_Hoya_Expedition/Hoya_606m_grisMejua_2025-01-26/2025-01-27/patches/grisMejua_2025_01_27__19_23_05_HDR0_6_Mothbot_yolo11m_4500_imgsz1600_b1_2024-01-18.pt.jpg,ORDER_Coleoptera,2025-01-27,19:23:05,,2025_01_27__19_23_05,MachineObservation,Cerro_Hoya_Expedition_Hoya_606m_grisMejua_2025-01-26_2025-01-27,Cerro_Hoya_Expedition_Hoya_606m_grisMejua_2025-01-26,grisMejua_2025_01_27__19_23_05_HDR0.jpg,grisMejua_2025_01_27__19_23_05_HDR0_6_Mothbot_yolo11m_4500_imgsz1600_b1_2024-01-18.pt.jpg
doi.org10.15468dl.6nxkw6.csv,Animalia,Arthropoda,Insecta,Hemiptera,,,,,809,,Hemiptera,Hemiptera,Cerro_Hoya_Expedition_Hoya_606m_grisMejua_2025-01-26,grisMejua_2025_01_27__19_23_05_HDR0_7_Mothbot_yolo11m_4500_imgsz1600_b1_2024-01-18.pt.jpg,HS,Mothbot_yolo11m_4500_imgsz1600_b1_2024-01-18.pt,0.3139656186103821,,grisMejua,Cerro_Hoya_Expedition/Hoya_606m_grisMejua_2025-01-26/2025-01-27/patches/grisMejua_2025_01_27__19_23_05_HDR0_7_Mothbot_yolo11m_4500_imgsz1600_b1_2024-01-18.pt.jpg,ORDER_Hemiptera,2025-01-27,19:23:05,,2025_01_27__19_23_05,MachineObservation,Cerro_Hoya_Expedition_Hoya_606m_grisMejua_2025-01-26_2025-01-27,Cerro_Hoya_Expedition_Hoya_606m_grisMejua_2025-01-26,grisMejua_2025_01_27__19_23_05_HDR0.jpg,grisMejua_2025_01_27__19_23_05_HDR0_7_Mothbot_yolo11m_4500_imgsz1600_b1_2024-01-18.pt.jpg
doi.org10.15468dl.6nxkw6.csv,Animalia,Arthropoda,Insecta,Coleoptera,,,,,1470,,Coleoptera,Coleoptera,Cerro_Hoya_Expedition_Hoya_606m_grisMejua_2025-01-26,grisMejua_2025_01_27__19_23_05_HDR0_8_Mothbot_yolo11m_4500_imgsz1600_b1_2024-01-18.pt.jpg,HS,Mothbot_yolo11m_4500_imgsz1600_b1_2024-01-18.pt,0.3089117407798767,,grisMejua,Cerro_Hoya_Expedition/Hoya_606m_grisMejua_2025-01-26/2025-01-27/patches/grisMejua_2025_01_27__19_23_05_HDR0_8_Mothbot_yolo11m_4500_imgsz1600_b1_2024-01-18.pt.jpg,ORDER_Hymenoptera,2025-01-27,19:23:05,,2025_01_27__19_23_05,MachineObservation,Cerro_Hoya_Expedition_Hoya_606m_grisMejua_2025-01-26_2025-01-27,Cerro_Hoya_Expedition_Hoya_606m_grisMejua_2025-01-26,grisMejua_2025_01_27__19_23_05_HDR0.jpg,grisMejua_2025_01_27__19_23_05_HDR0_8_Mothbot_yolo11m_4500_imgsz1600_b1_2024-01-18.pt.jpg
doi.org10.15468dl.6nxkw6.csv,Animalia,Arthropoda,Insecta,Coleoptera,,,,,1470,,Coleoptera,Coleoptera,Cerro_Hoya_Expedition_Hoya_606m_grisMejua_2025-01-26,grisMejua_2025_01_27__19_23_05_HDR0_9_Mothbot_yolo11m_4500_imgsz1600_b1_2024-01-18.pt.jpg,HS,Mothbot_yolo11m_4500_imgsz1600_b1_2024-01-18.pt,0.30526575446128845,,grisMejua,Cerro_Hoya_Expedition/Hoya_606m_grisMejua_2025-01-26/2025-01-27/patches/grisMejua_2025_01_27__19_23_05_HDR0_9_Mothbot_yolo11m_4500_imgsz1600_b1_2024-01-18.pt.jpg,ORDER_Coleoptera,2025-01-27,19:23:05,,2025_01_27__19_23_05,MachineObservation,Cerro_Hoya_Expedition_Hoya_606m_grisMejua_2025-01-26_2025-01-27,Cerro_Hoya_Expedition_Hoya_606m_grisMejua_2025-01-26,grisMejua_2025_01_27__19_23_05_HDR0.jpg,grisMejua_2025_01_27__19_23_05_HDR0_9_Mothbot_yolo11m_4500_imgsz1600_b1_2024-01-18.pt.jpg
doi.org10.15468dl.6nxkw6.csv,Animalia,Arthropoda,Insecta,Coleoptera,,,,,1470,,Coleoptera,Coleoptera,Cerro_Hoya_Expedition_Hoya_606m_grisMejua_2025-01-26,grisMejua_2025_01_27__19_24_05_HDR0_0_Mothbot_yolo11m_4500_imgsz1600_b1_2024-01-18.pt.jpg,HS,Mothbot_yolo11m_4500_imgsz1600_b1_2024-01-18.pt,0.7826034426689148,,grisMejua,Cerro_Hoya_Expedition/Hoya_606m_grisMejua_2025-01-26/2025-01-27/patches/grisMejua_2025_01_27__19_24_05_HDR0_0_Mothbot_yolo11m_4500_imgsz1600_b1_2024-01-18.pt.jpg,ORDER_Coleoptera,2025-01-27,19:24:05,,2025_01_27__19_24_05,MachineObservation,Cerro_Hoya_Expedition_Hoya_606m_grisMejua_2025-01-26_2025-01-27,Cerro_Hoya_Expedition_Hoya_606m_grisMejua_2025-01-26,grisMejua_2025_01_27__19_24_05_HDR0.jpg,grisMejua_2025_01_27__19_24_05_HDR0_0_Mothbot_yolo11m_4500_imgsz1600_b1_2024-01-18.pt.jpg
doi.org10.15468dl.6nxkw6.csv,Animalia,Arthropoda,Insecta,Lepidoptera,,,,,797,,Lepidoptera,Lepidoptera,Cerro_Hoya_Expedition_Hoya_606m_grisMejua_2025-01-26,grisMejua_2025_01_27__19_24_05_HDR0_1_Mothbot_yolo11m_4500_imgsz1600_b1_2024-01-18.pt.jpg,HS,Mothbot_yolo11m_4500_imgsz1600_b1_2024-01-18.pt,0.5301921963691711,,grisMejua,Cerro_Hoya_Expedition/Hoya_606m_grisMejua_2025-01-26/2025-01-27/patches/grisMejua_2025_01_27__19_24_05_HDR0_1_Mothbot_yolo11m_4500_imgsz1600_b1_2024-01-18.pt.jpg,ORDER_Psocodea,2025-01-27,19:24:05,,2025_01_27__19_24_05,MachineObservation,Cerro_Hoya_Expedition_Hoya_606m_grisMejua_2025-01-26_2025-01-27,Cerro_Hoya_Expedition_Hoya_606m_grisMejua_2025-01-26,grisMejua_2025_01_27__19_24_05_HDR0.jpg,grisMejua_2025_01_27__19_24_05_HDR0_1_Mothbot_yolo11m_4500_imgsz1600_b1_2024-01-18.pt.jpg
doi.org10.15468dl.6nxkw6.csv,Animalia,Arthropoda,Insecta,Coleoptera,,,,,1470,,Coleoptera,Coleoptera,Cerro_Hoya_Expedition_Hoya_606m_grisMejua_2025-01-26,grisMejua_2025_01_27__19_24_05_HDR0_2_Mothbot_yolo11m_4500_imgsz1600_b1_2024-01-18.pt.jpg,HS,Mothbot_yolo11m_4500_imgsz1600_b1_2024-01-18.pt,0.48709139227867126,,grisMejua,Cerro_Hoya_Expedition/Hoya_606m_grisMejua_2025-01-26/2025-01-27/patches/grisMejua_2025_01_27__19_24_05_HDR0_2_Mothbot_yolo11m_4500_imgsz1600_b1_2024-01-18.pt.jpg,ORDER_Coleoptera,2025-01-27,19:24:05,,2025_01_27__19_24_05,MachineObservation,Cerro_Hoya_Expedition_Hoya_606m_grisMejua_2025-01-26_2025-01-27,Cerro_Hoya_Expedition_Hoya_606m_grisMejua_2025-01-26,grisMejua_2025_01_27__19_24_05_HDR0.jpg,grisMejua_2025_01_27__19_24_05_HDR0_2_Mothbot_yolo11m_4500_imgsz1600_b1_2024-01-18.pt.jpg
doi.org10.15468dl.6nxkw6.csv,Animalia,Arthropoda,Insecta,Hemiptera,,,,,809,,Hemiptera,Hemiptera,Cerro_Hoya_Expedition_Hoya_606m_grisMejua_2025-01-26,grisMejua_2025_01_27__19_24_05_HDR0_3_Mothbot_yolo11m_4500_imgsz1600_b1_2024-01-18.pt.jpg,HS,Mothbot_yolo11m_4500_imgsz1600_b1_2024-01-18.pt,0.4245094954967499,,grisMejua,Cerro_Hoya_Expedition/Hoya_606m_grisMejua_2025-01-26/2025-01-27/patches/grisMejua_2025_01_27__19_24_05_HDR0_3_Mothbot_yolo11m_4500_imgsz1600_b1_2024-01-18.pt.jpg,ORDER_Hemiptera,2025-01-27,19:24:05,,2025_01_27__19_24_05,MachineObservation,Cerro_Hoya_Expedition_Hoya_606m_grisMejua_2025-01-26_2025-01-27,Cerro_Hoya_Expedition_Hoya_606m_grisMejua_2025-01-26,grisMejua_2025_01_27__19_24_05_HDR0.jpg,grisMejua_2025_01_27__19_24_05_HDR0_3_Mothbot_yolo11m_4500_imgsz1600_b1_2024-01-18.pt.jpg
doi.org10.15468dl.6nxkw6.csv,Animalia,Arthropoda,Insecta,,,,,,216,,Insecta,Insecta,Cerro_Hoya_Expedition_Hoya_606m_grisMejua_2025-01-26,grisMejua_2025_01_27__19_24_05_HDR0_4_Mothbot_yolo11m_4500_imgsz1600_b1_2024-01-18.pt.jpg,HS,Mothbot_yolo11m_4500_imgsz1600_b1_2024-01-18.pt,0.3661791682243347,,grisMejua,Cerro_Hoya_Expedition/Hoya_606m_grisMejua_2025-01-26/2025-01-27/patches/grisMejua_2025_01_27__19_24_05_HDR0_4_Mothbot_yolo11m_4500_imgsz1600_b1_2024-01-18.pt.jpg,ORDER_Hemiptera,2025-01-27,19:24:05,,2025_01_27__19_24_05,MachineObservation,Cerro_Hoya_Expedition_Hoya_606m_grisMejua_2025-01-26_2025-01-27,Cerro_Hoya_Expedition_Hoya_606m_grisMejua_2025-01-26,grisMejua_2025_01_27__19_24_05_HDR0.jpg,grisMejua_2025_01_27__19_24_05_HDR0_4_Mothbot_yolo11m_4500_imgsz1600_b1_2024-01-18.pt.jpg
doi.org10.15468dl.6nxkw6.csv,Animalia,Arthropoda,Insecta,Coleoptera,,,,,1470,,Coleoptera,Coleoptera,Cerro_Hoya_Expedition_Hoya_606m_grisMejua_2025-01-26,grisMejua_2025_01_27__19_24_05_HDR0_5_Mothbot_yolo11m_4500_imgsz1600_b1_2024-01-18.pt.jpg,HS,Mothbot_yolo11m_4500_imgsz1600_b1_2024-01-18.pt,0.35346904397010803,,grisMejua,Cerro_Hoya_Expedition/Hoya_606m_grisMejua_2025-01-26/2025-01-27/patches/grisMejua_2025_01_27__19_24_05_HDR0_5_Mothbot_yolo11m_4500_imgsz1600_b1_2024-01-18.pt.jpg,ORDER_Coleoptera,2025-01-27,19:24:05,,2025_01_27__19_24_05,MachineObservation,Cerro_Hoya_Expedition_Hoya_606m_grisMejua_2025-01-26_2025-01-27,Cerro_Hoya_Expedition_Hoya_606m_grisMejua_2025-01-26,grisMejua_2025_01_27__19_24_05_HDR0.jpg,grisMejua_2025_01_27__19_24_05_HDR0_5_Mothbot_yolo11m_4500_imgsz1600_b1_2024-01-18.pt.jpg
doi.org10.15468dl.6nxkw6.csv,Animalia,Arthropoda,Insecta,,,,,,216,,Insecta,Insecta,Cerro_Hoya_Expedition_Hoya_606m_grisMejua_2025-01-26,grisMejua_2025_01_27__19_24_05_HDR0_6_Mothbot_yolo11m_4500_imgsz1600_b1_2024-01-18.pt.jpg,HS,Mothbot_yolo11m_4500_imgsz1600_b1_2024-01-18.pt,0.34041160345077515,,grisMejua,Cerro_Hoya_Expedition/Hoya_606m_grisMejua_2025-01-26/2025-01-27/patches/grisMejua_2025_01_27__19_24_05_HDR0_6_Mothbot_yolo11m_4500_imgsz1600_b1_2024-01-18.pt.jpg,ORDER_Diptera,2025-01-27,19:24:05,,2025_01_27__19_24_05,MachineObservation,Cerro_Hoya_Expedition_Hoya_606m_grisMejua_2025-01-26_2025-01-27,Cerro_Hoya_Expedition_Hoya_606m_grisMejua_2025-01-26,grisMejua_2025_01_27__19_24_05_HDR0.jpg,grisMejua_2025_01_27__19_24_05_HDR0_6_Mothbot_yolo11m_4500_imgsz1600_b1_2024-01-18.pt.jpg
doi.org10.15468dl.6nxkw6.csv,Animalia,Arthropoda,Insecta,Coleoptera,,,,,1470,,Coleoptera,Coleoptera,Cerro_Hoya_Expedition_Hoya_606m_grisMejua_2025-01-26,grisMejua_2025_01_27__19_24_05_HDR0_7_Mothbot_yolo11m_4500_imgsz1600_b1_2024-01-18.pt.jpg,HS,Mothbot_yolo11m_4500_imgsz1600_b1_2024-01-18.pt,0.33361300826072693,,grisMejua,Cerro_Hoya_Expedition/Hoya_606m_grisMejua_2025-01-26/2025-01-27/patches/grisMejua_2025_01_27__19_24_05_HDR0_7_Mothbot_yolo11m_4500_imgsz1600_b1_2024-01-18.pt.jpg,ORDER_Coleoptera,2025-01-27,19:24:05,,2025_01_27__19_24_05,MachineObservation,Cerro_Hoya_Expedition_Hoya_606m_grisMejua_2025-01-26_2025-01-27,Cerro_Hoya_Expedition_Hoya_606m_grisMejua_2025-01-26,grisMejua_2025_01_27__19_24_05_HDR0.jpg,grisMejua_2025_01_27__19_24_05_HDR0_7_Mothbot_yolo11m_4500_imgsz1600_b1_2024-01-18.pt.jpg
doi.org10.15468dl.6nxkw6.csv,Animalia,Arthropoda,Insecta,Hemiptera,,,,,809,,Hemiptera,Hemiptera,Cerro_Hoya_Expedition_Hoya_606m_grisMejua_2025-01-26,grisMejua_2025_01_27__19_25_06_HDR0_0_Mothbot_yolo11m_4500_imgsz1600_b1_2024-01-18.pt.jpg,HS,Mothbot_yolo11m_4500_imgsz1600_b1_2024-01-18.pt,0.8451508283615112,,grisMejua,Cerro_Hoya_Expedition/Hoya_606m_grisMejua_2025-01-26/2025-01-27/patches/grisMejua_2025_01_27__19_25_06_HDR0_0_Mothbot_yolo11m_4500_imgsz1600_b1_2024-01-18.pt.jpg,ORDER_Hemiptera,2025-01-27,19:25:06,,2025_01_27__19_25_06,MachineObservation,Cerro_Hoya_Expedition_Hoya_606m_grisMejua_2025-01-26_2025-01-27,Cerro_Hoya_Expedition_Hoya_606m_grisMejua_2025-01-26,grisMejua_2025_01_27__19_25_06_HDR0.jpg,grisMejua_2025_01_27__19_25_06_HDR0_0_Mothbot_yolo11m_4500_imgsz1600_b1_2024-01-18.pt.jpg
doi.org10.15468dl.6nxkw6.csv,Animalia,Arthropoda,Insecta,Coleoptera,,,,,1470,,Coleoptera,Coleoptera,Cerro_Hoya_Expedition_Hoya_606m_grisMejua_2025-01-26,grisMejua_2025_01_27__19_25_06_HDR0_1_Mothbot_yolo11m_4500_imgsz1600_b1_2024-01-18.pt.jpg,HS,Mothbot_yolo11m_4500_imgsz1600_b1_2024-01-18.pt,0.7852259278297424,,grisMejua,Cerro_Hoya_Expedition/Hoya_606m_grisMejua_2025-01-26/2025-01-27/patches/grisMejua_2025_01_27__19_25_06_HDR0_1_Mothbot_yolo11m_4500_imgsz1600_b1_2024-01-18.pt.jpg,ORDER_Coleoptera,2025-01-27,19:25:06,,2025_01_27__19_25_06,MachineObservation,Cerro_Hoya_Expedition_Hoya_606m_grisMejua_2025-01-26_2025-01-27,Cerro_Hoya_Expedition_Hoya_606m_grisMejua_2025-01-26,grisMejua_2025_01_27__19_25_06_HDR0.jpg,grisMejua_2025_01_27__19_25_06_HDR0_1_Mothbot_yolo11m_4500_imgsz1600_b1_2024-01-18.pt.jpg
doi.org10.15468dl.6nxkw6.csv,Animalia,Arthropoda,Insecta,Lepidoptera,,,,,797,,Lepidoptera,Lepidoptera,Cerro_Hoya_Expedition_Hoya_606m_grisMejua_2025-01-26,grisMejua_2025_01_27__19_25_06_HDR0_2_Mothbot_yolo11m_4500_imgsz1600_b1_2024-01-18.pt.jpg,HS,Mothbot_yolo11m_4500_imgsz1600_b1_2024-01-18.pt,0.5151333808898926,,grisMejua,Cerro_Hoya_Expedition/Hoya_606m_grisMejua_2025-01-26/2025-01-27/patches/grisMejua_2025_01_27__19_25_06_HDR0_2_Mothbot_yolo11m_4500_imgsz1600_b1_2024-01-18.pt.jpg,ORDER_Diptera,2025-01-27,19:25:06,,2025_01_27__19_25_06,MachineObservation,Cerro_Hoya_Expedition_Hoya_606m_grisMejua_2025-01-26_2025-01-27,Cerro_Hoya_Expedition_Hoya_606m_grisMejua_2025-01-26,grisMejua_2025_01_27__19_25_06_HDR0.jpg,grisMejua_2025_01_27__19_25_06_HDR0_2_Mothbot_yolo11m_4500_imgsz1600_b1_2024-01-18.pt.jpg
doi.org10.15468dl.6nxkw6.csv,Animalia,Arthropoda,Insecta,Coleoptera,,,,,1470,,Coleoptera,Coleoptera,Cerro_Hoya_Expedition_Hoya_606m_grisMejua_2025-01-26,grisMejua_2025_01_27__19_25_06_HDR0_3_Mothbot_yolo11m_4500_imgsz1600_b1_2024-01-18.pt.jpg,HS,Mothbot_yolo11m_4500_imgsz1600_b1_2024-01-18.pt,0.5105401277542114,,grisMejua,Cerro_Hoya_Expedition/Hoya_606m_grisMejua_2025-01-26/2025-01-27/patches/grisMejua_2025_01_27__19_25_06_HDR0_3_Mothbot_yolo11m_4500_imgsz1600_b1_2024-01-18.pt.jpg,ORDER_Coleoptera,2025-01-27,19:25:06,,2025_01_27__19_25_06,MachineObservation,Cerro_Hoya_Expedition_Hoya_606m_grisMejua_2025-01-26_2025-01-27,Cerro_Hoya_Expedition_Hoya_606m_grisMejua_2025-01-26,grisMejua_2025_01_27__19_25_06_HDR0.jpg,grisMejua_2025_01_27__19_25_06_HDR0_3_Mothbot_yolo11m_4500_imgsz1600_b1_2024-01-18.pt.jpg
doi.org10.15468dl.6nxkw6.csv,Animalia,Arthropoda,Insecta,Coleoptera,,,,,1470,,Coleoptera,Coleoptera,Cerro_Hoya_Expedition_Hoya_606m_grisMejua_2025-01-26,grisMejua_2025_01_27__19_25_06_HDR0_4_Mothbot_yolo11m_4500_imgsz1600_b1_2024-01-18.pt.jpg,HS,Mothbot_yolo11m_4500_imgsz1600_b1_2024-01-18.pt,0.4022357165813446,,grisMejua,Cerro_Hoya_Expedition/Hoya_606m_grisMejua_2025-01-26/2025-01-27/patches/grisMejua_2025_01_27__19_25_06_HDR0_4_Mothbot_yolo11m_4500_imgsz1600_b1_2024-01-18.pt.jpg,ORDER_Coleoptera,2025-01-27,19:25:06,,2025_01_27__19_25_06,MachineObservation,Cerro_Hoya_Expedition_Hoya_606m_grisMejua_2025-01-26_2025-01-27,Cerro_Hoya_Expedition_Hoya_606m_grisMejua_2025-01-26,grisMejua_2025_01_27__19_25_06_HDR0.jpg,grisMejua_2025_01_27__19_25_06_HDR0_4_Mothbot_yolo11m_4500_imgsz1600_b1_2024-01-18.pt.jpg
doi.org10.15468dl.6nxkw6.csv,Animalia,Arthropoda,Insecta,Coleoptera,,,,,1470,,Coleoptera,Coleoptera,Cerro_Hoya_Expedition_Hoya_606m_grisMejua_2025-01-26,grisMejua_2025_01_27__19_25_06_HDR0_5_Mothbot_yolo11m_4500_imgsz1600_b1_2024-01-18.pt.jpg,HS,Mothbot_yolo11m_4500_imgsz1600_b1_2024-01-18.pt,0.33679088950157166,,grisMejua,Cerro_Hoya_Expedition/Hoya_606m_grisMejua_2025-01-26/2025-01-27/patches/grisMejua_2025_01_27__19_25_06_HDR0_5_Mothbot_yolo11m_4500_imgsz1600_b1_2024-01-18.pt.jpg,ORDER_Coleoptera,2025-01-27,19:25:06,,2025_01_27__19_25_06,MachineObservation,Cerro_Hoya_Expedition_Hoya_606m_grisMejua_2025-01-26_2025-01-27,Cerro_Hoya_Expedition_Hoya_606m_grisMejua_2025-01-26,grisMejua_2025_01_27__19_25_06_HDR0.jpg,grisMejua_2025_01_27__19_25_06_HDR0_5_Mothbot_yolo11m_4500_imgsz1600_b1_2024-01-18.pt.jpg
doi.org10.15468dl.6nxkw6.csv,Animalia,Arthropoda,Insecta,Coleoptera,,,,,1470,,Coleoptera,Coleoptera,Cerro_Hoya_Expedition_Hoya_606m_grisMejua_2025-01-26,grisMejua_2025_01_27__19_25_06_HDR0_6_Mothbot_yolo11m_4500_imgsz1600_b1_2024-01-18.pt.jpg,HS,Mothbot_yolo11m_4500_imgsz1600_b1_2024-01-18.pt,0.3184744119644165,,grisMejua,Cerro_Hoya_Expedition/Hoya_606m_grisMejua_2025-01-26/2025-01-27/patches/grisMejua_2025_01_27__19_25_06_HDR0_6_Mothbot_yolo11m_4500_imgsz1600_b1_2024-01-18.pt.jpg,ORDER_Coleoptera,2025-01-27,19:25:06,,2025_01_27__19_25_06,MachineObservation,Cerro_Hoya_Expedition_Hoya_606m_grisMejua_2025-01-26_2025-01-27,Cerro_Hoya_Expedition_Hoya_606m_grisMejua_2025-01-26,grisMejua_2025_01_27__19_25_06_HDR0.jpg,grisMejua_2025_01_27__19_25_06_HDR0_6_Mothbot_yolo11m_4500_imgsz1600_b1_2024-01-18.pt.jpg
doi.org10.15468dl.6nxkw6.csv,Animalia,Arthropoda,Insecta,Hemiptera,,,,,809,,Hemiptera,Hemiptera,Cerro_Hoya_Expedition_Hoya_606m_grisMejua_2025-01-26,grisMejua_2025_01_27__19_25_06_HDR0_7_Mothbot_yolo11m_4500_imgsz1600_b1_2024-01-18.pt.jpg,HS,Mothbot_yolo11m_4500_imgsz1600_b1_2024-01-18.pt,0.3028644621372223,,grisMejua,Cerro_Hoya_Expedition/Hoya_606m_grisMejua_2025-01-26/2025-01-27/patches/grisMejua_2025_01_27__19_25_06_HDR0_7_Mothbot_yolo11m_4500_imgsz1600_b1_2024-01-18.pt.jpg,ORDER_Hemiptera,2025-01-27,19:25:06,,2025_01_27__19_25_06,MachineObservation,Cerro_Hoya_Expedition_Hoya_606m_grisMejua_2025-01-26_2025-01-27,Cerro_Hoya_Expedition_Hoya_606m_grisMejua_2025-01-26,grisMejua_2025_01_27__19_25_06_HDR0.jpg,grisMejua_2025_01_27__19_25_06_HDR0_7_Mothbot_yolo11m_4500_imgsz1600_b1_2024-01-18.pt.jpg
doi.org10.15468dl.6nxkw6.csv,Animalia,Arthropoda,Insecta,Coleoptera,,,,,1470,,Coleoptera,Coleoptera,Cerro_Hoya_Expedition_Hoya_606m_grisMejua_2025-01-26,grisMejua_2025_01_27__19_26_06_HDR0_0_Mothbot_yolo11m_4500_imgsz1600_b1_2024-01-18.pt.jpg,HS,Mothbot_yolo11m_4500_imgsz1600_b1_2024-01-18.pt,0.8026440739631653,,grisMejua,Cerro_Hoya_Expedition/Hoya_606m_grisMejua_2025-01-26/2025-01-27/patches/grisMejua_2025_01_27__19_26_06_HDR0_0_Mothbot_yolo11m_4500_imgsz1600_b1_2024-01-18.pt.jpg,ORDER_Coleoptera,2025-01-27,19:26:06,,2025_01_27__19_26_06,MachineObservation,Cerro_Hoya_Expedition_Hoya_606m_grisMejua_2025-01-26_2025-01-27,Cerro_Hoya_Expedition_Hoya_606m_grisMejua_2025-01-26,grisMejua_2025_01_27__19_26_06_HDR0.jpg,grisMejua_2025_01_27__19_26_06_HDR0_0_Mothbot_yolo11m_4500_imgsz1600_b1_2024-01-18.pt.jpg
doi.org10.15468dl.6nxkw6.csv,Animalia,Arthropoda,Insecta,Coleoptera,,,,,1470,,Coleoptera,Coleoptera,Cerro_Hoya_Expedition_Hoya_606m_grisMejua_2025-01-26,grisMejua_2025_01_27__19_26_06_HDR0_1_Mothbot_yolo11m_4500_imgsz1600_b1_2024-01-18.pt.jpg,HS,Mothbot_yolo11m_4500_imgsz1600_b1_2024-01-18.pt,0.56843501329422,,grisMejua,Cerro_Hoya_Expedition/Hoya_606m_grisMejua_2025-01-26/2025-01-27/patches/grisMejua_2025_01_27__19_26_06_HDR0_1_Mothbot_yolo11m_4500_imgsz1600_b1_2024-01-18.pt.jpg,ORDER_Coleoptera,2025-01-27,19:26:06,,2025_01_27__19_26_06,MachineObservation,Cerro_Hoya_Expedition_Hoya_606m_grisMejua_2025-01-26_2025-01-27,Cerro_Hoya_Expedition_Hoya_606m_grisMejua_2025-01-26,grisMejua_2025_01_27__19_26_06_HDR0.jpg,grisMejua_2025_01_27__19_26_06_HDR0_1_Mothbot_yolo11m_4500_imgsz1600_b1_2024-01-18.pt.jpg
doi.org10.15468dl.6nxkw6.csv,Animalia,Arthropoda,Insecta,Coleoptera,,,,,1470,,Coleoptera,Coleoptera,Cerro_Hoya_Expedition_Hoya_606m_grisMejua_2025-01-26,grisMejua_2025_01_27__19_26_06_HDR0_2_Mothbot_yolo11m_4500_imgsz1600_b1_2024-01-18.pt.jpg,HS,Mothbot_yolo11m_4500_imgsz1600_b1_2024-01-18.pt,0.44525179266929626,,grisMejua,Cerro_Hoya_Expedition/Hoya_606m_grisMejua_2025-01-26/2025-01-27/patches/grisMejua_2025_01_27__19_26_06_HDR0_2_Mothbot_yolo11m_4500_imgsz1600_b1_2024-01-18.pt.jpg,ORDER_Hemiptera,2025-01-27,19:26:06,,2025_01_27__19_26_06,MachineObservation,Cerro_Hoya_Expedition_Hoya_606m_grisMejua_2025-01-26_2025-01-27,Cerro_Hoya_Expedition_Hoya_606m_grisMejua_2025-01-26,grisMejua_2025_01_27__19_26_06_HDR0.jpg,grisMejua_2025_01_27__19_26_06_HDR0_2_Mothbot_yolo11m_4500_imgsz1600_b1_2024-01-18.pt.jpg
doi.org10.15468dl.6nxkw6.csv,Animalia,Arthropoda,Insecta,Diptera,,,,,811,,Diptera,Diptera,Cerro_Hoya_Expedition_Hoya_606m_grisMejua_2025-01-26,grisMejua_2025_01_27__19_26_06_HDR0_3_Mothbot_yolo11m_4500_imgsz1600_b1_2024-01-18.pt.jpg,HS,Mothbot_yolo11m_4500_imgsz1600_b1_2024-01-18.pt,0.42676758766174316,,grisMejua,Cerro_Hoya_Expedition/Hoya_606m_grisMejua_2025-01-26/2025-01-27/patches/grisMejua_2025_01_27__19_26_06_HDR0_3_Mothbot_yolo11m_4500_imgsz1600_b1_2024-01-18.pt.jpg,ORDER_Diptera,2025-01-27,19:26:06,,2025_01_27__19_26_06,MachineObservation,Cerro_Hoya_Expedition_Hoya_606m_grisMejua_2025-01-26_2025-01-27,Cerro_Hoya_Expedition_Hoya_606m_grisMejua_2025-01-26,grisMejua_2025_01_27__19_26_06_HDR0.jpg,grisMejua_2025_01_27__19_26_06_HDR0_3_Mothbot_yolo11m_4500_imgsz1600_b1_2024-01-18.pt.jpg
doi.org10.15468dl.6nxkw6.csv,Animalia,Arthropoda,Insecta,Coleoptera,,,,,1470,,Coleoptera,Coleoptera,Cerro_Hoya_Expedition_Hoya_606m_grisMejua_2025-01-26,grisMejua_2025_01_27__19_26_06_HDR0_4_Mothbot_yolo11m_4500_imgsz1600_b1_2024-01-18.pt.jpg,HS,Mothbot_yolo11m_4500_imgsz1600_b1_2024-01-18.pt,0.42181482911109924,,grisMejua,Cerro_Hoya_Expedition/Hoya_606m_grisMejua_2025-01-26/2025-01-27/patches/grisMejua_2025_01_27__19_26_06_HDR0_4_Mothbot_yolo11m_4500_imgsz1600_b1_2024-01-18.pt.jpg,ORDER_Hemiptera,2025-01-27,19:26:06,,2025_01_27__19_26_06,MachineObservation,Cerro_Hoya_Expedition_Hoya_606m_grisMejua_2025-01-26_2025-01-27,Cerro_Hoya_Expedition_Hoya_606m_grisMejua_2025-01-26,grisMejua_2025_01_27__19_26_06_HDR0.jpg,grisMejua_2025_01_27__19_26_06_HDR0_4_Mothbot_yolo11m_4500_imgsz1600_b1_2024-01-18.pt.jpg
doi.org10.15468dl.6nxkw6.csv,Animalia,Arthropoda,Insecta,Coleoptera,,,,,1470,,Coleoptera,Coleoptera,Cerro_Hoya_Expedition_Hoya_606m_grisMejua_2025-01-26,grisMejua_2025_01_27__19_26_06_HDR0_5_Mothbot_yolo11m_4500_imgsz1600_b1_2024-01-18.pt.jpg,HS,Mothbot_yolo11m_4500_imgsz1600_b1_2024-01-18.pt,0.33758407831192017,,grisMejua,Cerro_Hoya_Expedition/Hoya_606m_grisMejua_2025-01-26/2025-01-27/patches/grisMejua_2025_01_27__19_26_06_HDR0_5_Mothbot_yolo11m_4500_imgsz1600_b1_2024-01-18.pt.jpg,ORDER_Hymenoptera,2025-01-27,19:26:06,,2025_01_27__19_26_06,MachineObservation,Cerro_Hoya_Expedition_Hoya_606m_grisMejua_2025-01-26_2025-01-27,Cerro_Hoya_Expedition_Hoya_606m_grisMejua_2025-01-26,grisMejua_2025_01_27__19_26_06_HDR0.jpg,grisMejua_2025_01_27__19_26_06_HDR0_5_Mothbot_yolo11m_4500_imgsz1600_b1_2024-01-18.pt.jpg
doi.org10.15468dl.6nxkw6.csv,Animalia,Arthropoda,Insecta,,,,,,216,,Insecta,Insecta,Cerro_Hoya_Expedition_Hoya_606m_grisMejua_2025-01-26,grisMejua_2025_01_27__19_26_06_HDR0_6_Mothbot_yolo11m_4500_imgsz1600_b1_2024-01-18.pt.jpg,HS,Mothbot_yolo11m_4500_imgsz1600_b1_2024-01-18.pt,0.32486048340797424,,grisMejua,Cerro_Hoya_Expedition/Hoya_606m_grisMejua_2025-01-26/2025-01-27/patches/grisMejua_2025_01_27__19_26_06_HDR0_6_Mothbot_yolo11m_4500_imgsz1600_b1_2024-01-18.pt.jpg,ORDER_Hemiptera,2025-01-27,19:26:06,,2025_01_27__19_26_06,MachineObservation,Cerro_Hoya_Expedition_Hoya_606m_grisMejua_2025-01-26_2025-01-27,Cerro_Hoya_Expedition_Hoya_606m_grisMejua_2025-01-26,grisMejua_2025_01_27__19_26_06_HDR0.jpg,grisMejua_2025_01_27__19_26_06_HDR0_6_Mothbot_yolo11m_4500_imgsz1600_b1_2024-01-18.pt.jpg
doi.org10.15468dl.6nxkw6.csv,Animalia,Arthropoda,Insecta,Coleoptera,,,,,1470,,Coleoptera,Coleoptera,Cerro_Hoya_Expedition_Hoya_606m_grisMejua_2025-01-26,grisMejua_2025_01_27__19_26_06_HDR0_7_Mothbot_yolo11m_4500_imgsz1600_b1_2024-01-18.pt.jpg,HS,Mothbot_yolo11m_4500_imgsz1600_b1_2024-01-18.pt,0.3038201630115509,,grisMejua,Cerro_Hoya_Expedition/Hoya_606m_grisMejua_2025-01-26/2025-01-27/patches/grisMejua_2025_01_27__19_26_06_HDR0_7_Mothbot_yolo11m_4500_imgsz1600_b1_2024-01-18.pt.jpg,ORDER_Coleoptera,2025-01-27,19:26:06,,2025_01_27__19_26_06,MachineObservation,Cerro_Hoya_Expedition_Hoya_606m_grisMejua_2025-01-26_2025-01-27,Cerro_Hoya_Expedition_Hoya_606m_grisMejua_2025-01-26,grisMejua_2025_01_27__19_26_06_HDR0.jpg,grisMejua_2025_01_27__19_26_06_HDR0_7_Mothbot_yolo11m_4500_imgsz1600_b1_2024-01-18.pt.jpg
doi.org10.15468dl.6nxkw6.csv,Animalia,Arthropoda,Insecta,Coleoptera,,,,,1470,,Coleoptera,Coleoptera,Cerro_Hoya_Expedition_Hoya_606m_grisMejua_2025-01-26,grisMejua_2025_01_27__19_26_06_HDR0_8_Mothbot_yolo11m_4500_imgsz1600_b1_2024-01-18.pt.jpg,HS,Mothbot_yolo11m_4500_imgsz1600_b1_2024-01-18.pt,0.2965392470359802,,grisMejua,Cerro_Hoya_Expedition/Hoya_606m_grisMejua_2025-01-26/2025-01-27/patches/grisMejua_2025_01_27__19_26_06_HDR0_8_Mothbot_yolo11m_4500_imgsz1600_b1_2024-01-18.pt.jpg,ORDER_Coleoptera,2025-01-27,19:26:06,,2025_01_27__19_26_06,MachineObservation,Cerro_Hoya_Expedition_Hoya_606m_grisMejua_2025-01-26_2025-01-27,Cerro_Hoya_Expedition_Hoya_606m_grisMejua_2025-01-26,grisMejua_2025_01_27__19_26_06_HDR0.jpg,grisMejua_2025_01_27__19_26_06_HDR0_8_Mothbot_yolo11m_4500_imgsz1600_b1_2024-01-18.pt.jpg
doi.org10.15468dl.6nxkw6.csv,Animalia,Arthropoda,Insecta,Coleoptera,,,,,1470,,Coleoptera,Coleoptera,Cerro_Hoya_Expedition_Hoya_606m_grisMejua_2025-01-26,grisMejua_2025_01_27__19_27_06_HDR0_0_Mothbot_yolo11m_4500_imgsz1600_b1_2024-01-18.pt.jpg,HS,Mothbot_yolo11m_4500_imgsz1600_b1_2024-01-18.pt,0.8286491632461548,,grisMejua,Cerro_Hoya_Expedition/Hoya_606m_grisMejua_2025-01-26/2025-01-27/patches/grisMejua_2025_01_27__19_27_06_HDR0_0_Mothbot_yolo11m_4500_imgsz1600_b1_2024-01-18.pt.jpg,ORDER_Coleoptera,2025-01-27,19:27:06,,2025_01_27__19_27_06,MachineObservation,Cerro_Hoya_Expedition_Hoya_606m_grisMejua_2025-01-26_2025-01-27,Cerro_Hoya_Expedition_Hoya_606m_grisMejua_2025-01-26,grisMejua_2025_01_27__19_27_06_HDR0.jpg,grisMejua_2025_01_27__19_27_06_HDR0_0_Mothbot_yolo11m_4500_imgsz1600_b1_2024-01-18.pt.jpg
doi.org10.15468dl.6nxkw6.csv,Animalia,Arthropoda,Insecta,Hemiptera,,,,,809,,Hemiptera,Hemiptera,Cerro_Hoya_Expedition_Hoya_606m_grisMejua_2025-01-26,grisMejua_2025_01_27__19_27_06_HDR0_1_Mothbot_yolo11m_4500_imgsz1600_b1_2024-01-18.pt.jpg,HS,Mothbot_yolo11m_4500_imgsz1600_b1_2024-01-18.pt,0.7754314541816711,,grisMejua,Cerro_Hoya_Expedition/Hoya_606m_grisMejua_2025-01-26/2025-01-27/patches/grisMejua_2025_01_27__19_27_06_HDR0_1_Mothbot_yolo11m_4500_imgsz1600_b1_2024-01-18.pt.jpg,ORDER_Hemiptera,2025-01-27,19:27:06,,2025_01_27__19_27_06,MachineObservation,Cerro_Hoya_Expedition_Hoya_606m_grisMejua_2025-01-26_2025-01-27,Cerro_Hoya_Expedition_Hoya_606m_grisMejua_2025-01-26,grisMejua_2025_01_27__19_27_06_HDR0.jpg,grisMejua_2025_01_27__19_27_06_HDR0_1_Mothbot_yolo11m_4500_imgsz1600_b1_2024-01-18.pt.jpg
doi.org10.15468dl.6nxkw6.csv,Animalia,Arthropoda,Insecta,Hemiptera,,,,,809,,Hemiptera,Hemiptera,Cerro_Hoya_Expedition_Hoya_606m_grisMejua_2025-01-26,grisMejua_2025_01_27__19_27_06_HDR0_2_Mothbot_yolo11m_4500_imgsz1600_b1_2024-01-18.pt.jpg,HS,Mothbot_yolo11m_4500_imgsz1600_b1_2024-01-18.pt,0.6812191605567932,,grisMejua,Cerro_Hoya_Expedition/Hoya_606m_grisMejua_2025-01-26/2025-01-27/patches/grisMejua_2025_01_27__19_27_06_HDR0_2_Mothbot_yolo11m_4500_imgsz1600_b1_2024-01-18.pt.jpg,ORDER_Diptera,2025-01-27,19:27:06,,2025_01_27__19_27_06,MachineObservation,Cerro_Hoya_Expedition_Hoya_606m_grisMejua_2025-01-26_2025-01-27,Cerro_Hoya_Expedition_Hoya_606m_grisMejua_2025-01-26,grisMejua_2025_01_27__19_27_06_HDR0.jpg,grisMejua_2025_01_27__19_27_06_HDR0_2_Mothbot_yolo11m_4500_imgsz1600_b1_2024-01-18.pt.jpg
doi.org10.15468dl.6nxkw6.csv,Animalia,Arthropoda,Insecta,Coleoptera,,,,,1470,,Coleoptera,Coleoptera,Cerro_Hoya_Expedition_Hoya_606m_grisMejua_2025-01-26,grisMejua_2025_01_27__19_27_06_HDR0_3_Mothbot_yolo11m_4500_imgsz1600_b1_2024-01-18.pt.jpg,HS,Mothbot_yolo11m_4500_imgsz1600_b1_2024-01-18.pt,0.6138852834701538,,grisMejua,Cerro_Hoya_Expedition/Hoya_606m_grisMejua_2025-01-26/2025-01-27/patches/grisMejua_2025_01_27__19_27_06_HDR0_3_Mothbot_yolo11m_4500_imgsz1600_b1_2024-01-18.pt.jpg,ORDER_Coleoptera,2025-01-27,19:27:06,,2025_01_27__19_27_06,MachineObservation,Cerro_Hoya_Expedition_Hoya_606m_grisMejua_2025-01-26_2025-01-27,Cerro_Hoya_Expedition_Hoya_606m_grisMejua_2025-01-26,grisMejua_2025_01_27__19_27_06_HDR0.jpg,grisMejua_2025_01_27__19_27_06_HDR0_3_Mothbot_yolo11m_4500_imgsz1600_b1_2024-01-18.pt.jpg
doi.org10.15468dl.6nxkw6.csv,Animalia,Arthropoda,Insecta,Coleoptera,,,,,1470,,Coleoptera,Coleoptera,Cerro_Hoya_Expedition_Hoya_606m_grisMejua_2025-01-26,grisMejua_2025_01_27__19_27_06_HDR0_4_Mothbot_yolo11m_4500_imgsz1600_b1_2024-01-18.pt.jpg,HS,Mothbot_yolo11m_4500_imgsz1600_b1_2024-01-18.pt,0.5366919040679932,,grisMejua,Cerro_Hoya_Expedition/Hoya_606m_grisMejua_2025-01-26/2025-01-27/patches/grisMejua_2025_01_27__19_27_06_HDR0_4_Mothbot_yolo11m_4500_imgsz1600_b1_2024-01-18.pt.jpg,ORDER_Diptera,2025-01-27,19:27:06,,2025_01_27__19_27_06,MachineObservation,Cerro_Hoya_Expedition_Hoya_606m_grisMejua_2025-01-26_2025-01-27,Cerro_Hoya_Expedition_Hoya_606m_grisMejua_2025-01-26,grisMejua_2025_01_27__19_27_06_HDR0.jpg,grisMejua_2025_01_27__19_27_06_HDR0_4_Mothbot_yolo11m_4500_imgsz1600_b1_2024-01-18.pt.jpg
doi.org10.15468dl.6nxkw6.csv,Animalia,Arthropoda,Insecta,Coleoptera,,,,,1470,,Coleoptera,Coleoptera,Cerro_Hoya_Expedition_Hoya_606m_grisMejua_2025-01-26,grisMejua_2025_01_27__19_27_06_HDR0_5_Mothbot_yolo11m_4500_imgsz1600_b1_2024-01-18.pt.jpg,HS,Mothbot_yolo11m_4500_imgsz1600_b1_2024-01-18.pt,0.43755653500556946,,grisMejua,Cerro_Hoya_Expedition/Hoya_606m_grisMejua_2025-01-26/2025-01-27/patches/grisMejua_2025_01_27__19_27_06_HDR0_5_Mothbot_yolo11m_4500_imgsz1600_b1_2024-01-18.pt.jpg,ORDER_Hemiptera,2025-01-27,19:27:06,,2025_01_27__19_27_06,MachineObservation,Cerro_Hoya_Expedition_Hoya_606m_grisMejua_2025-01-26_2025-01-27,Cerro_Hoya_Expedition_Hoya_606m_grisMejua_2025-01-26,grisMejua_2025_01_27__19_27_06_HDR0.jpg,grisMejua_2025_01_27__19_27_06_HDR0_5_Mothbot_yolo11m_4500_imgsz1600_b1_2024-01-18.pt.jpg
doi.org10.15468dl.6nxkw6.csv,Animalia,Arthropoda,Insecta,Diptera,,,,,811,,Diptera,Diptera,Cerro_Hoya_Expedition_Hoya_606m_grisMejua_2025-01-26,grisMejua_2025_01_27__19_27_06_HDR0_6_Mothbot_yolo11m_4500_imgsz1600_b1_2024-01-18.pt.jpg,HS,Mothbot_yolo11m_4500_imgsz1600_b1_2024-01-18.pt,0.4306837022304535,,grisMejua,Cerro_Hoya_Expedition/Hoya_606m_grisMejua_2025-01-26/2025-01-27/patches/grisMejua_2025_01_27__19_27_06_HDR0_6_Mothbot_yolo11m_4500_imgsz1600_b1_2024-01-18.pt.jpg,ORDER_Diptera,2025-01-27,19:27:06,,2025_01_27__19_27_06,MachineObservation,Cerro_Hoya_Expedition_Hoya_606m_grisMejua_2025-01-26_2025-01-27,Cerro_Hoya_Expedition_Hoya_606m_grisMejua_2025-01-26,grisMejua_2025_01_27__19_27_06_HDR0.jpg,grisMejua_2025_01_27__19_27_06_HDR0_6_Mothbot_yolo11m_4500_imgsz1600_b1_2024-01-18.pt.jpg
doi.org10.15468dl.6nxkw6.csv,Animalia,Arthropoda,Insecta,Coleoptera,,,,,1470,,Coleoptera,Coleoptera,Cerro_Hoya_Expedition_Hoya_606m_grisMejua_2025-01-26,grisMejua_2025_01_27__19_27_06_HDR0_7_Mothbot_yolo11m_4500_imgsz1600_b1_2024-01-18.pt.jpg,HS,Mothbot_yolo11m_4500_imgsz1600_b1_2024-01-18.pt,0.39191383123397827,,grisMejua,Cerro_Hoya_Expedition/Hoya_606m_grisMejua_2025-01-26/2025-01-27/patches/grisMejua_2025_01_27__19_27_06_HDR0_7_Mothbot_yolo11m_4500_imgsz1600_b1_2024-01-18.pt.jpg,ORDER_Coleoptera,2025-01-27,19:27:06,,2025_01_27__19_27_06,MachineObservation,Cerro_Hoya_Expedition_Hoya_606m_grisMejua_2025-01-26_2025-01-27,Cerro_Hoya_Expedition_Hoya_606m_grisMejua_2025-01-26,grisMejua_2025_01_27__19_27_06_HDR0.jpg,grisMejua_2025_01_27__19_27_06_HDR0_7_Mothbot_yolo11m_4500_imgsz1600_b1_2024-01-18.pt.jpg
doi.org10.15468dl.6nxkw6.csv,Animalia,Arthropoda,Insecta,Coleoptera,,,,,1470,,Coleoptera,Coleoptera,Cerro_Hoya_Expedition_Hoya_606m_grisMejua_2025-01-26,grisMejua_2025_01_27__19_27_06_HDR0_8_Mothbot_yolo11m_4500_imgsz1600_b1_2024-01-18.pt.jpg,HS,Mothbot_yolo11m_4500_imgsz1600_b1_2024-01-18.pt,0.28385815024375916,,grisMejua,Cerro_Hoya_Expedition/Hoya_606m_grisMejua_2025-01-26/2025-01-27/patches/grisMejua_2025_01_27__19_27_06_HDR0_8_Mothbot_yolo11m_4500_imgsz1600_b1_2024-01-18.pt.jpg,ORDER_Coleoptera,2025-01-27,19:27:06,,2025_01_27__19_27_06,MachineObservation,Cerro_Hoya_Expedition_Hoya_606m_grisMejua_2025-01-26_2025-01-27,Cerro_Hoya_Expedition_Hoya_606m_grisMejua_2025-01-26,grisMejua_2025_01_27__19_27_06_HDR0.jpg,grisMejua_2025_01_27__19_27_06_HDR0_8_Mothbot_yolo11m_4500_imgsz1600_b1_2024-01-18.pt.jpg
doi.org10.15468dl.6nxkw6.csv,Animalia,Arthropoda,Insecta,Coleoptera,,,,,1470,,Coleoptera,Coleoptera,Cerro_Hoya_Expedition_Hoya_606m_grisMejua_2025-01-26,grisMejua_2025_01_27__19_27_06_HDR0_9_Mothbot_yolo11m_4500_imgsz1600_b1_2024-01-18.pt.jpg,HS,Mothbot_yolo11m_4500_imgsz1600_b1_2024-01-18.pt,0.2762620747089386,,grisMejua,Cerro_Hoya_Expedition/Hoya_606m_grisMejua_2025-01-26/2025-01-27/patches/grisMejua_2025_01_27__19_27_06_HDR0_9_Mothbot_yolo11m_4500_imgsz1600_b1_2024-01-18.pt.jpg,ORDER_Coleoptera,2025-01-27,19:27:06,,2025_01_27__19_27_06,MachineObservation,Cerro_Hoya_Expedition_Hoya_606m_grisMejua_2025-01-26_2025-01-27,Cerro_Hoya_Expedition_Hoya_606m_grisMejua_2025-01-26,grisMejua_2025_01_27__19_27_06_HDR0.jpg,grisMejua_2025_01_27__19_27_06_HDR0_9_Mothbot_yolo11m_4500_imgsz1600_b1_2024-01-18.pt.jpg
doi.org10.15468dl.6nxkw6.csv,Animalia,Arthropoda,Insecta,Coleoptera,,,,,1470,,Coleoptera,Coleoptera,Cerro_Hoya_Expedition_Hoya_606m_grisMejua_2025-01-26,grisMejua_2025_01_27__19_27_06_HDR0_10_Mothbot_yolo11m_4500_imgsz1600_b1_2024-01-18.pt.jpg,HS,Mothbot_yolo11m_4500_imgsz1600_b1_2024-01-18.pt,0.267704576253891,,grisMejua,Cerro_Hoya_Expedition/Hoya_606m_grisMejua_2025-01-26/2025-01-27/patches/grisMejua_2025_01_27__19_27_06_HDR0_10_Mothbot_yolo11m_4500_imgsz1600_b1_2024-01-18.pt.jpg,ORDER_Coleoptera,2025-01-27,19:27:06,,2025_01_27__19_27_06,MachineObservation,Cerro_Hoya_Expedition_Hoya_606m_grisMejua_2025-01-26_2025-01-27,Cerro_Hoya_Expedition_Hoya_606m_grisMejua_2025-01-26,grisMejua_2025_01_27__19_27_06_HDR0.jpg,grisMejua_2025_01_27__19_27_06_HDR0_10_Mothbot_yolo11m_4500_imgsz1600_b1_2024-01-18.pt.jpg
doi.org10.15468dl.6nxkw6.csv,Animalia,Arthropoda,Insecta,Coleoptera,,,,,1470,,Coleoptera,Coleoptera,Cerro_Hoya_Expedition_Hoya_606m_grisMejua_2025-01-26,grisMejua_2025_01_27__19_28_06_HDR0_0_Mothbot_yolo11m_4500_imgsz1600_b1_2024-01-18.pt.jpg,HS,Mothbot_yolo11m_4500_imgsz1600_b1_2024-01-18.pt,0.8123628497123718,,grisMejua,Cerro_Hoya_Expedition/Hoya_606m_grisMejua_2025-01-26/2025-01-27/patches/grisMejua_2025_01_27__19_28_06_HDR0_0_Mothbot_yolo11m_4500_imgsz1600_b1_2024-01-18.pt.jpg,ORDER_Coleoptera,2025-01-27,19:28:06,,2025_01_27__19_28_06,MachineObservation,Cerro_Hoya_Expedition_Hoya_606m_grisMejua_2025-01-26_2025-01-27,Cerro_Hoya_Expedition_Hoya_606m_grisMejua_2025-01-26,grisMejua_2025_01_27__19_28_06_HDR0.jpg,grisMejua_2025_01_27__19_28_06_HDR0_0_Mothbot_yolo11m_4500_imgsz1600_b1_2024-01-18.pt.jpg
doi.org10.15468dl.6nxkw6.csv,Animalia,Arthropoda,Insecta,Lepidoptera,,,,,797,,Lepidoptera,Lepidoptera,Cerro_Hoya_Expedition_Hoya_606m_grisMejua_2025-01-26,grisMejua_2025_01_27__19_28_06_HDR0_1_Mothbot_yolo11m_4500_imgsz1600_b1_2024-01-18.pt.jpg,HS,Mothbot_yolo11m_4500_imgsz1600_b1_2024-01-18.pt,0.7332135438919067,,grisMejua,Cerro_Hoya_Expedition/Hoya_606m_grisMejua_2025-01-26/2025-01-27/patches/grisMejua_2025_01_27__19_28_06_HDR0_1_Mothbot_yolo11m_4500_imgsz1600_b1_2024-01-18.pt.jpg,ORDER_Lepidoptera,2025-01-27,19:28:06,,2025_01_27__19_28_06,MachineObservation,Cerro_Hoya_Expedition_Hoya_606m_grisMejua_2025-01-26_2025-01-27,Cerro_Hoya_Expedition_Hoya_606m_grisMejua_2025-01-26,grisMejua_2025_01_27__19_28_06_HDR0.jpg,grisMejua_2025_01_27__19_28_06_HDR0_1_Mothbot_yolo11m_4500_imgsz1600_b1_2024-01-18.pt.jpg
doi.org10.15468dl.6nxkw6.csv,Animalia,Arthropoda,Insecta,Hemiptera,,,,,809,,Hemiptera,Hemiptera,Cerro_Hoya_Expedition_Hoya_606m_grisMejua_2025-01-26,grisMejua_2025_01_27__19_28_06_HDR0_2_Mothbot_yolo11m_4500_imgsz1600_b1_2024-01-18.pt.jpg,HS,Mothbot_yolo11m_4500_imgsz1600_b1_2024-01-18.pt,0.6679790019989014,,grisMejua,Cerro_Hoya_Expedition/Hoya_606m_grisMejua_2025-01-26/2025-01-27/patches/grisMejua_2025_01_27__19_28_06_HDR0_2_Mothbot_yolo11m_4500_imgsz1600_b1_2024-01-18.pt.jpg,ORDER_Hemiptera,2025-01-27,19:28:06,,2025_01_27__19_28_06,MachineObservation,Cerro_Hoya_Expedition_Hoya_606m_grisMejua_2025-01-26_2025-01-27,Cerro_Hoya_Expedition_Hoya_606m_grisMejua_2025-01-26,grisMejua_2025_01_27__19_28_06_HDR0.jpg,grisMejua_2025_01_27__19_28_06_HDR0_2_Mothbot_yolo11m_4500_imgsz1600_b1_2024-01-18.pt.jpg
doi.org10.15468dl.6nxkw6.csv,Animalia,Arthropoda,Insecta,Hemiptera,,,,,809,,Hemiptera,Hemiptera,Cerro_Hoya_Expedition_Hoya_606m_grisMejua_2025-01-26,grisMejua_2025_01_27__19_28_06_HDR0_3_Mothbot_yolo11m_4500_imgsz1600_b1_2024-01-18.pt.jpg,HS,Mothbot_yolo11m_4500_imgsz1600_b1_2024-01-18.pt,0.6146013736724854,,grisMejua,Cerro_Hoya_Expedition/Hoya_606m_grisMejua_2025-01-26/2025-01-27/patches/grisMejua_2025_01_27__19_28_06_HDR0_3_Mothbot_yolo11m_4500_imgsz1600_b1_2024-01-18.pt.jpg,ORDER_Hemiptera,2025-01-27,19:28:06,,2025_01_27__19_28_06,MachineObservation,Cerro_Hoya_Expedition_Hoya_606m_grisMejua_2025-01-26_2025-01-27,Cerro_Hoya_Expedition_Hoya_606m_grisMejua_2025-01-26,grisMejua_2025_01_27__19_28_06_HDR0.jpg,grisMejua_2025_01_27__19_28_06_HDR0_3_Mothbot_yolo11m_4500_imgsz1600_b1_2024-01-18.pt.jpg
doi.org10.15468dl.6nxkw6.csv,Animalia,Arthropoda,Insecta,Coleoptera,,,,,1470,,Coleoptera,Coleoptera,Cerro_Hoya_Expedition_Hoya_606m_grisMejua_2025-01-26,grisMejua_2025_01_27__19_28_06_HDR0_4_Mothbot_yolo11m_4500_imgsz1600_b1_2024-01-18.pt.jpg,HS,Mothbot_yolo11m_4500_imgsz1600_b1_2024-01-18.pt,0.5631100535392761,,grisMejua,Cerro_Hoya_Expedition/Hoya_606m_grisMejua_2025-01-26/2025-01-27/patches/grisMejua_2025_01_27__19_28_06_HDR0_4_Mothbot_yolo11m_4500_imgsz1600_b1_2024-01-18.pt.jpg,ORDER_Coleoptera,2025-01-27,19:28:06,,2025_01_27__19_28_06,MachineObservation,Cerro_Hoya_Expedition_Hoya_606m_grisMejua_2025-01-26_2025-01-27,Cerro_Hoya_Expedition_Hoya_606m_grisMejua_2025-01-26,grisMejua_2025_01_27__19_28_06_HDR0.jpg,grisMejua_2025_01_27__19_28_06_HDR0_4_Mothbot_yolo11m_4500_imgsz1600_b1_2024-01-18.pt.jpg
doi.org10.15468dl.6nxkw6.csv,Animalia,Arthropoda,Insecta,Coleoptera,,,,,1470,,Coleoptera,Coleoptera,Cerro_Hoya_Expedition_Hoya_606m_grisMejua_2025-01-26,grisMejua_2025_01_27__19_28_06_HDR0_5_Mothbot_yolo11m_4500_imgsz1600_b1_2024-01-18.pt.jpg,HS,Mothbot_yolo11m_4500_imgsz1600_b1_2024-01-18.pt,0.4765263497829437,,grisMejua,Cerro_Hoya_Expedition/Hoya_606m_grisMejua_2025-01-26/2025-01-27/patches/grisMejua_2025_01_27__19_28_06_HDR0_5_Mothbot_yolo11m_4500_imgsz1600_b1_2024-01-18.pt.jpg,ORDER_Coleoptera,2025-01-27,19:28:06,,2025_01_27__19_28_06,MachineObservation,Cerro_Hoya_Expedition_Hoya_606m_grisMejua_2025-01-26_2025-01-27,Cerro_Hoya_Expedition_Hoya_606m_grisMejua_2025-01-26,grisMejua_2025_01_27__19_28_06_HDR0.jpg,grisMejua_2025_01_27__19_28_06_HDR0_5_Mothbot_yolo11m_4500_imgsz1600_b1_2024-01-18.pt.jpg
doi.org10.15468dl.6nxkw6.csv,Animalia,Arthropoda,Insecta,,,,,,216,,Insecta,Insecta,Cerro_Hoya_Expedition_Hoya_606m_grisMejua_2025-01-26,grisMejua_2025_01_27__19_28_06_HDR0_6_Mothbot_yolo11m_4500_imgsz1600_b1_2024-01-18.pt.jpg,HS,Mothbot_yolo11m_4500_imgsz1600_b1_2024-01-18.pt,0.441470742225647,,grisMejua,Cerro_Hoya_Expedition/Hoya_606m_grisMejua_2025-01-26/2025-01-27/patches/grisMejua_2025_01_27__19_28_06_HDR0_6_Mothbot_yolo11m_4500_imgsz1600_b1_2024-01-18.pt.jpg,ORDER_Diptera,2025-01-27,19:28:06,,2025_01_27__19_28_06,MachineObservation,Cerro_Hoya_Expedition_Hoya_606m_grisMejua_2025-01-26_2025-01-27,Cerro_Hoya_Expedition_Hoya_606m_grisMejua_2025-01-26,grisMejua_2025_01_27__19_28_06_HDR0.jpg,grisMejua_2025_01_27__19_28_06_HDR0_6_Mothbot_yolo11m_4500_imgsz1600_b1_2024-01-18.pt.jpg
doi.org10.15468dl.6nxkw6.csv,Animalia,Arthropoda,Insecta,,,,,,216,,Insecta,Insecta,Cerro_Hoya_Expedition_Hoya_606m_grisMejua_2025-01-26,grisMejua_2025_01_27__19_28_06_HDR0_7_Mothbot_yolo11m_4500_imgsz1600_b1_2024-01-18.pt.jpg,HS,Mothbot_yolo11m_4500_imgsz1600_b1_2024-01-18.pt,0.4271516799926758,,grisMejua,Cerro_Hoya_Expedition/Hoya_606m_grisMejua_2025-01-26/2025-01-27/patches/grisMejua_2025_01_27__19_28_06_HDR0_7_Mothbot_yolo11m_4500_imgsz1600_b1_2024-01-18.pt.jpg,ORDER_Coleoptera,2025-01-27,19:28:06,,2025_01_27__19_28_06,MachineObservation,Cerro_Hoya_Expedition_Hoya_606m_grisMejua_2025-01-26_2025-01-27,Cerro_Hoya_Expedition_Hoya_606m_grisMejua_2025-01-26,grisMejua_2025_01_27__19_28_06_HDR0.jpg,grisMejua_2025_01_27__19_28_06_HDR0_7_Mothbot_yolo11m_4500_imgsz1600_b1_2024-01-18.pt.jpg
doi.org10.15468dl.6nxkw6.csv,Animalia,Arthropoda,Insecta,Coleoptera,,,,,1470,,Coleoptera,Coleoptera,Cerro_Hoya_Expedition_Hoya_606m_grisMejua_2025-01-26,grisMejua_2025_01_27__19_28_06_HDR0_8_Mothbot_yolo11m_4500_imgsz1600_b1_2024-01-18.pt.jpg,HS,Mothbot_yolo11m_4500_imgsz1600_b1_2024-01-18.pt,0.35909631848335266,,grisMejua,Cerro_Hoya_Expedition/Hoya_606m_grisMejua_2025-01-26/2025-01-27/patches/grisMejua_2025_01_27__19_28_06_HDR0_8_Mothbot_yolo11m_4500_imgsz1600_b1_2024-01-18.pt.jpg,ORDER_Coleoptera,2025-01-27,19:28:06,,2025_01_27__19_28_06,MachineObservation,Cerro_Hoya_Expedition_Hoya_606m_grisMejua_2025-01-26_2025-01-27,Cerro_Hoya_Expedition_Hoya_606m_grisMejua_2025-01-26,grisMejua_2025_01_27__19_28_06_HDR0.jpg,grisMejua_2025_01_27__19_28_06_HDR0_8_Mothbot_yolo11m_4500_imgsz1600_b1_2024-01-18.pt.jpg
doi.org10.15468dl.6nxkw6.csv,Animalia,Arthropoda,Insecta,Hemiptera,,,,,809,,Hemiptera,Hemiptera,Cerro_Hoya_Expedition_Hoya_606m_grisMejua_2025-01-26,grisMejua_2025_01_27__19_29_22_HDR0_0_Mothbot_yolo11m_4500_imgsz1600_b1_2024-01-18.pt.jpg,HS,Mothbot_yolo11m_4500_imgsz1600_b1_2024-01-18.pt,0.8068763613700867,,grisMejua,Cerro_Hoya_Expedition/Hoya_606m_grisMejua_2025-01-26/2025-01-27/patches/grisMejua_2025_01_27__19_29_22_HDR0_0_Mothbot_yolo11m_4500_imgsz1600_b1_2024-01-18.pt.jpg,ORDER_Hemiptera,2025-01-27,19:29:22,,2025_01_27__19_29_22,MachineObservation,Cerro_Hoya_Expedition_Hoya_606m_grisMejua_2025-01-26_2025-01-27,Cerro_Hoya_Expedition_Hoya_606m_grisMejua_2025-01-26,grisMejua_2025_01_27__19_29_22_HDR0.jpg,grisMejua_2025_01_27__19_29_22_HDR0_0_Mothbot_yolo11m_4500_imgsz1600_b1_2024-01-18.pt.jpg
doi.org10.15468dl.6nxkw6.csv,Animalia,Arthropoda,Insecta,Hemiptera,,,,,809,,Hemiptera,Hemiptera,Cerro_Hoya_Expedition_Hoya_606m_grisMejua_2025-01-26,grisMejua_2025_01_27__19_29_22_HDR0_1_Mothbot_yolo11m_4500_imgsz1600_b1_2024-01-18.pt.jpg,HS,Mothbot_yolo11m_4500_imgsz1600_b1_2024-01-18.pt,0.7881357669830322,,grisMejua,Cerro_Hoya_Expedition/Hoya_606m_grisMejua_2025-01-26/2025-01-27/patches/grisMejua_2025_01_27__19_29_22_HDR0_1_Mothbot_yolo11m_4500_imgsz1600_b1_2024-01-18.pt.jpg,ORDER_Hemiptera,2025-01-27,19:29:22,,2025_01_27__19_29_22,MachineObservation,Cerro_Hoya_Expedition_Hoya_606m_grisMejua_2025-01-26_2025-01-27,Cerro_Hoya_Expedition_Hoya_606m_grisMejua_2025-01-26,grisMejua_2025_01_27__19_29_22_HDR0.jpg,grisMejua_2025_01_27__19_29_22_HDR0_1_Mothbot_yolo11m_4500_imgsz1600_b1_2024-01-18.pt.jpg
doi.org10.15468dl.6nxkw6.csv,Animalia,Arthropoda,Insecta,Coleoptera,,,,,1470,,Coleoptera,Coleoptera,Cerro_Hoya_Expedition_Hoya_606m_grisMejua_2025-01-26,grisMejua_2025_01_27__19_29_22_HDR0_2_Mothbot_yolo11m_4500_imgsz1600_b1_2024-01-18.pt.jpg,HS,Mothbot_yolo11m_4500_imgsz1600_b1_2024-01-18.pt,0.7778962850570679,,grisMejua,Cerro_Hoya_Expedition/Hoya_606m_grisMejua_2025-01-26/2025-01-27/patches/grisMejua_2025_01_27__19_29_22_HDR0_2_Mothbot_yolo11m_4500_imgsz1600_b1_2024-01-18.pt.jpg,ORDER_Hemiptera,2025-01-27,19:29:22,,2025_01_27__19_29_22,MachineObservation,Cerro_Hoya_Expedition_Hoya_606m_grisMejua_2025-01-26_2025-01-27,Cerro_Hoya_Expedition_Hoya_606m_grisMejua_2025-01-26,grisMejua_2025_01_27__19_29_22_HDR0.jpg,grisMejua_2025_01_27__19_29_22_HDR0_2_Mothbot_yolo11m_4500_imgsz1600_b1_2024-01-18.pt.jpg
doi.org10.15468dl.6nxkw6.csv,Animalia,Arthropoda,Insecta,Lepidoptera,,,,,797,,Lepidoptera,Lepidoptera,Cerro_Hoya_Expedition_Hoya_606m_grisMejua_2025-01-26,grisMejua_2025_01_27__19_29_22_HDR0_3_Mothbot_yolo11m_4500_imgsz1600_b1_2024-01-18.pt.jpg,HS,Mothbot_yolo11m_4500_imgsz1600_b1_2024-01-18.pt,0.6871615052223206,,grisMejua,Cerro_Hoya_Expedition/Hoya_606m_grisMejua_2025-01-26/2025-01-27/patches/grisMejua_2025_01_27__19_29_22_HDR0_3_Mothbot_yolo11m_4500_imgsz1600_b1_2024-01-18.pt.jpg,ORDER_Psocodea,2025-01-27,19:29:22,,2025_01_27__19_29_22,MachineObservation,Cerro_Hoya_Expedition_Hoya_606m_grisMejua_2025-01-26_2025-01-27,Cerro_Hoya_Expedition_Hoya_606m_grisMejua_2025-01-26,grisMejua_2025_01_27__19_29_22_HDR0.jpg,grisMejua_2025_01_27__19_29_22_HDR0_3_Mothbot_yolo11m_4500_imgsz1600_b1_2024-01-18.pt.jpg
doi.org10.15468dl.6nxkw6.csv,Animalia,Arthropoda,Insecta,Hemiptera,,,,,809,,Hemiptera,Hemiptera,Cerro_Hoya_Expedition_Hoya_606m_grisMejua_2025-01-26,grisMejua_2025_01_27__19_29_22_HDR0_4_Mothbot_yolo11m_4500_imgsz1600_b1_2024-01-18.pt.jpg,HS,Mothbot_yolo11m_4500_imgsz1600_b1_2024-01-18.pt,0.6284409165382385,,grisMejua,Cerro_Hoya_Expedition/Hoya_606m_grisMejua_2025-01-26/2025-01-27/patches/grisMejua_2025_01_27__19_29_22_HDR0_4_Mothbot_yolo11m_4500_imgsz1600_b1_2024-01-18.pt.jpg,ORDER_Hemiptera,2025-01-27,19:29:22,,2025_01_27__19_29_22,MachineObservation,Cerro_Hoya_Expedition_Hoya_606m_grisMejua_2025-01-26_2025-01-27,Cerro_Hoya_Expedition_Hoya_606m_grisMejua_2025-01-26,grisMejua_2025_01_27__19_29_22_HDR0.jpg,grisMejua_2025_01_27__19_29_22_HDR0_4_Mothbot_yolo11m_4500_imgsz1600_b1_2024-01-18.pt.jpg
doi.org10.15468dl.6nxkw6.csv,Animalia,Arthropoda,Insecta,Coleoptera,,,,,1470,,Coleoptera,Coleoptera,Cerro_Hoya_Expedition_Hoya_606m_grisMejua_2025-01-26,grisMejua_2025_01_27__19_29_22_HDR0_5_Mothbot_yolo11m_4500_imgsz1600_b1_2024-01-18.pt.jpg,HS,Mothbot_yolo11m_4500_imgsz1600_b1_2024-01-18.pt,0.554858922958374,,grisMejua,Cerro_Hoya_Expedition/Hoya_606m_grisMejua_2025-01-26/2025-01-27/patches/grisMejua_2025_01_27__19_29_22_HDR0_5_Mothbot_yolo11m_4500_imgsz1600_b1_2024-01-18.pt.jpg,ORDER_Coleoptera,2025-01-27,19:29:22,,2025_01_27__19_29_22,MachineObservation,Cerro_Hoya_Expedition_Hoya_606m_grisMejua_2025-01-26_2025-01-27,Cerro_Hoya_Expedition_Hoya_606m_grisMejua_2025-01-26,grisMejua_2025_01_27__19_29_22_HDR0.jpg,grisMejua_2025_01_27__19_29_22_HDR0_5_Mothbot_yolo11m_4500_imgsz1600_b1_2024-01-18.pt.jpg
doi.org10.15468dl.6nxkw6.csv,Animalia,Arthropoda,Insecta,Hemiptera,,,,,809,,Hemiptera,Hemiptera,Cerro_Hoya_Expedition_Hoya_606m_grisMejua_2025-01-26,grisMejua_2025_01_27__19_29_22_HDR0_6_Mothbot_yolo11m_4500_imgsz1600_b1_2024-01-18.pt.jpg,HS,Mothbot_yolo11m_4500_imgsz1600_b1_2024-01-18.pt,0.5332774519920349,,grisMejua,Cerro_Hoya_Expedition/Hoya_606m_grisMejua_2025-01-26/2025-01-27/patches/grisMejua_2025_01_27__19_29_22_HDR0_6_Mothbot_yolo11m_4500_imgsz1600_b1_2024-01-18.pt.jpg,ORDER_Hemiptera,2025-01-27,19:29:22,,2025_01_27__19_29_22,MachineObservation,Cerro_Hoya_Expedition_Hoya_606m_grisMejua_2025-01-26_2025-01-27,Cerro_Hoya_Expedition_Hoya_606m_grisMejua_2025-01-26,grisMejua_2025_01_27__19_29_22_HDR0.jpg,grisMejua_2025_01_27__19_29_22_HDR0_6_Mothbot_yolo11m_4500_imgsz1600_b1_2024-01-18.pt.jpg
doi.org10.15468dl.6nxkw6.csv,Animalia,Arthropoda,Insecta,Coleoptera,,,,,1470,,Coleoptera,Coleoptera,Cerro_Hoya_Expedition_Hoya_606m_grisMejua_2025-01-26,grisMejua_2025_01_27__19_29_22_HDR0_7_Mothbot_yolo11m_4500_imgsz1600_b1_2024-01-18.pt.jpg,HS,Mothbot_yolo11m_4500_imgsz1600_b1_2024-01-18.pt,0.4743688702583313,,grisMejua,Cerro_Hoya_Expedition/Hoya_606m_grisMejua_2025-01-26/2025-01-27/patches/grisMejua_2025_01_27__19_29_22_HDR0_7_Mothbot_yolo11m_4500_imgsz1600_b1_2024-01-18.pt.jpg,ORDER_Diptera,2025-01-27,19:29:22,,2025_01_27__19_29_22,MachineObservation,Cerro_Hoya_Expedition_Hoya_606m_grisMejua_2025-01-26_2025-01-27,Cerro_Hoya_Expedition_Hoya_606m_grisMejua_2025-01-26,grisMejua_2025_01_27__19_29_22_HDR0.jpg,grisMejua_2025_01_27__19_29_22_HDR0_7_Mothbot_yolo11m_4500_imgsz1600_b1_2024-01-18.pt.jpg
doi.org10.15468dl.6nxkw6.csv,Animalia,Arthropoda,Insecta,,,,,,216,,Insecta,Insecta,Cerro_Hoya_Expedition_Hoya_606m_grisMejua_2025-01-26,grisMejua_2025_01_27__19_29_22_HDR0_8_Mothbot_yolo11m_4500_imgsz1600_b1_2024-01-18.pt.jpg,HS,Mothbot_yolo11m_4500_imgsz1600_b1_2024-01-18.pt,0.4376688599586487,,grisMejua,Cerro_Hoya_Expedition/Hoya_606m_grisMejua_2025-01-26/2025-01-27/patches/grisMejua_2025_01_27__19_29_22_HDR0_8_Mothbot_yolo11m_4500_imgsz1600_b1_2024-01-18.pt.jpg,ORDER_Diptera,2025-01-27,19:29:22,,2025_01_27__19_29_22,MachineObservation,Cerro_Hoya_Expedition_Hoya_606m_grisMejua_2025-01-26_2025-01-27,Cerro_Hoya_Expedition_Hoya_606m_grisMejua_2025-01-26,grisMejua_2025_01_27__19_29_22_HDR0.jpg,grisMejua_2025_01_27__19_29_22_HDR0_8_Mothbot_yolo11m_4500_imgsz1600_b1_2024-01-18.pt.jpg
doi.org10.15468dl.6nxkw6.csv,Animalia,Arthropoda,Insecta,Coleoptera,,,,,1470,,Coleoptera,Coleoptera,Cerro_Hoya_Expedition_Hoya_606m_grisMejua_2025-01-26,grisMejua_2025_01_27__19_29_22_HDR0_9_Mothbot_yolo11m_4500_imgsz1600_b1_2024-01-18.pt.jpg,HS,Mothbot_yolo11m_4500_imgsz1600_b1_2024-01-18.pt,0.42457789182662964,,grisMejua,Cerro_Hoya_Expedition/Hoya_606m_grisMejua_2025-01-26/2025-01-27/patches/grisMejua_2025_01_27__19_29_22_HDR0_9_Mothbot_yolo11m_4500_imgsz1600_b1_2024-01-18.pt.jpg,ORDER_Coleoptera,2025-01-27,19:29:22,,2025_01_27__19_29_22,MachineObservation,Cerro_Hoya_Expedition_Hoya_606m_grisMejua_2025-01-26_2025-01-27,Cerro_Hoya_Expedition_Hoya_606m_grisMejua_2025-01-26,grisMejua_2025_01_27__19_29_22_HDR0.jpg,grisMejua_2025_01_27__19_29_22_HDR0_9_Mothbot_yolo11m_4500_imgsz1600_b1_2024-01-18.pt.jpg
doi.org10.15468dl.6nxkw6.csv,Animalia,Arthropoda,Insecta,Coleoptera,,,,,1470,,Coleoptera,Coleoptera,Cerro_Hoya_Expedition_Hoya_606m_grisMejua_2025-01-26,grisMejua_2025_01_27__19_29_22_HDR0_10_Mothbot_yolo11m_4500_imgsz1600_b1_2024-01-18.pt.jpg,HS,Mothbot_yolo11m_4500_imgsz1600_b1_2024-01-18.pt,0.3568570613861084,,grisMejua,Cerro_Hoya_Expedition/Hoya_606m_grisMejua_2025-01-26/2025-01-27/patches/grisMejua_2025_01_27__19_29_22_HDR0_10_Mothbot_yolo11m_4500_imgsz1600_b1_2024-01-18.pt.jpg,ORDER_Hemiptera,2025-01-27,19:29:22,,2025_01_27__19_29_22,MachineObservation,Cerro_Hoya_Expedition_Hoya_606m_grisMejua_2025-01-26_2025-01-27,Cerro_Hoya_Expedition_Hoya_606m_grisMejua_2025-01-26,grisMejua_2025_01_27__19_29_22_HDR0.jpg,grisMejua_2025_01_27__19_29_22_HDR0_10_Mothbot_yolo11m_4500_imgsz1600_b1_2024-01-18.pt.jpg
doi.org10.15468dl.6nxkw6.csv,Animalia,Arthropoda,Insecta,Coleoptera,,,,,1470,,Coleoptera,Coleoptera,Cerro_Hoya_Expedition_Hoya_606m_grisMejua_2025-01-26,grisMejua_2025_01_27__19_29_22_HDR0_11_Mothbot_yolo11m_4500_imgsz1600_b1_2024-01-18.pt.jpg,HS,Mothbot_yolo11m_4500_imgsz1600_b1_2024-01-18.pt,0.33829909563064575,,grisMejua,Cerro_Hoya_Expedition/Hoya_606m_grisMejua_2025-01-26/2025-01-27/patches/grisMejua_2025_01_27__19_29_22_HDR0_11_Mothbot_yolo11m_4500_imgsz1600_b1_2024-01-18.pt.jpg,ORDER_Coleoptera,2025-01-27,19:29:22,,2025_01_27__19_29_22,MachineObservation,Cerro_Hoya_Expedition_Hoya_606m_grisMejua_2025-01-26_2025-01-27,Cerro_Hoya_Expedition_Hoya_606m_grisMejua_2025-01-26,grisMejua_2025_01_27__19_29_22_HDR0.jpg,grisMejua_2025_01_27__19_29_22_HDR0_11_Mothbot_yolo11m_4500_imgsz1600_b1_2024-01-18.pt.jpg
doi.org10.15468dl.6nxkw6.csv,Animalia,Arthropoda,Insecta,Coleoptera,,,,,1470,,Coleoptera,Coleoptera,Cerro_Hoya_Expedition_Hoya_606m_grisMejua_2025-01-26,grisMejua_2025_01_27__19_29_22_HDR0_12_Mothbot_yolo11m_4500_imgsz1600_b1_2024-01-18.pt.jpg,HS,Mothbot_yolo11m_4500_imgsz1600_b1_2024-01-18.pt,0.2555152177810669,,grisMejua,Cerro_Hoya_Expedition/Hoya_606m_grisMejua_2025-01-26/2025-01-27/patches/grisMejua_2025_01_27__19_29_22_HDR0_12_Mothbot_yolo11m_4500_imgsz1600_b1_2024-01-18.pt.jpg,ORDER_Coleoptera,2025-01-27,19:29:22,,2025_01_27__19_29_22,MachineObservation,Cerro_Hoya_Expedition_Hoya_606m_grisMejua_2025-01-26_2025-01-27,Cerro_Hoya_Expedition_Hoya_606m_grisMejua_2025-01-26,grisMejua_2025_01_27__19_29_22_HDR0.jpg,grisMejua_2025_01_27__19_29_22_HDR0_12_Mothbot_yolo11m_4500_imgsz1600_b1_2024-01-18.pt.jpg
doi.org10.15468dl.6nxkw6.csv,Animalia,Arthropoda,Insecta,Hemiptera,,,,,809,,Hemiptera,Hemiptera,Cerro_Hoya_Expedition_Hoya_606m_grisMejua_2025-01-26,grisMejua_2025_01_27__19_30_06_HDR0_0_Mothbot_yolo11m_4500_imgsz1600_b1_2024-01-18.pt.jpg,HS,Mothbot_yolo11m_4500_imgsz1600_b1_2024-01-18.pt,0.7995011806488037,,grisMejua,Cerro_Hoya_Expedition/Hoya_606m_grisMejua_2025-01-26/2025-01-27/patches/grisMejua_2025_01_27__19_30_06_HDR0_0_Mothbot_yolo11m_4500_imgsz1600_b1_2024-01-18.pt.jpg,ORDER_Hemiptera,2025-01-27,19:30:06,,2025_01_27__19_30_06,MachineObservation,Cerro_Hoya_Expedition_Hoya_606m_grisMejua_2025-01-26_2025-01-27,Cerro_Hoya_Expedition_Hoya_606m_grisMejua_2025-01-26,grisMejua_2025_01_27__19_30_06_HDR0.jpg,grisMejua_2025_01_27__19_30_06_HDR0_0_Mothbot_yolo11m_4500_imgsz1600_b1_2024-01-18.pt.jpg
doi.org10.15468dl.6nxkw6.csv,Animalia,Arthropoda,Insecta,Lepidoptera,,,,,797,,Lepidoptera,Lepidoptera,Cerro_Hoya_Expedition_Hoya_606m_grisMejua_2025-01-26,grisMejua_2025_01_27__19_30_06_HDR0_1_Mothbot_yolo11m_4500_imgsz1600_b1_2024-01-18.pt.jpg,HS,Mothbot_yolo11m_4500_imgsz1600_b1_2024-01-18.pt,0.6860813498497009,,grisMejua,Cerro_Hoya_Expedition/Hoya_606m_grisMejua_2025-01-26/2025-01-27/patches/grisMejua_2025_01_27__19_30_06_HDR0_1_Mothbot_yolo11m_4500_imgsz1600_b1_2024-01-18.pt.jpg,ORDER_Hemiptera,2025-01-27,19:30:06,,2025_01_27__19_30_06,MachineObservation,Cerro_Hoya_Expedition_Hoya_606m_grisMejua_2025-01-26_2025-01-27,Cerro_Hoya_Expedition_Hoya_606m_grisMejua_2025-01-26,grisMejua_2025_01_27__19_30_06_HDR0.jpg,grisMejua_2025_01_27__19_30_06_HDR0_1_Mothbot_yolo11m_4500_imgsz1600_b1_2024-01-18.pt.jpg
doi.org10.15468dl.6nxkw6.csv,Animalia,Arthropoda,Insecta,Hemiptera,,,,,809,,Hemiptera,Hemiptera,Cerro_Hoya_Expedition_Hoya_606m_grisMejua_2025-01-26,grisMejua_2025_01_27__19_30_06_HDR0_2_Mothbot_yolo11m_4500_imgsz1600_b1_2024-01-18.pt.jpg,HS,Mothbot_yolo11m_4500_imgsz1600_b1_2024-01-18.pt,0.6371877193450928,,grisMejua,Cerro_Hoya_Expedition/Hoya_606m_grisMejua_2025-01-26/2025-01-27/patches/grisMejua_2025_01_27__19_30_06_HDR0_2_Mothbot_yolo11m_4500_imgsz1600_b1_2024-01-18.pt.jpg,ORDER_Hemiptera,2025-01-27,19:30:06,,2025_01_27__19_30_06,MachineObservation,Cerro_Hoya_Expedition_Hoya_606m_grisMejua_2025-01-26_2025-01-27,Cerro_Hoya_Expedition_Hoya_606m_grisMejua_2025-01-26,grisMejua_2025_01_27__19_30_06_HDR0.jpg,grisMejua_2025_01_27__19_30_06_HDR0_2_Mothbot_yolo11m_4500_imgsz1600_b1_2024-01-18.pt.jpg
doi.org10.15468dl.6nxkw6.csv,Animalia,Arthropoda,Insecta,Hemiptera,,,,,809,,Hemiptera,Hemiptera,Cerro_Hoya_Expedition_Hoya_606m_grisMejua_2025-01-26,grisMejua_2025_01_27__19_30_06_HDR0_3_Mothbot_yolo11m_4500_imgsz1600_b1_2024-01-18.pt.jpg,HS,Mothbot_yolo11m_4500_imgsz1600_b1_2024-01-18.pt,0.5837817192077637,,grisMejua,Cerro_Hoya_Expedition/Hoya_606m_grisMejua_2025-01-26/2025-01-27/patches/grisMejua_2025_01_27__19_30_06_HDR0_3_Mothbot_yolo11m_4500_imgsz1600_b1_2024-01-18.pt.jpg,ORDER_Diptera,2025-01-27,19:30:06,,2025_01_27__19_30_06,MachineObservation,Cerro_Hoya_Expedition_Hoya_606m_grisMejua_2025-01-26_2025-01-27,Cerro_Hoya_Expedition_Hoya_606m_grisMejua_2025-01-26,grisMejua_2025_01_27__19_30_06_HDR0.jpg,grisMejua_2025_01_27__19_30_06_HDR0_3_Mothbot_yolo11m_4500_imgsz1600_b1_2024-01-18.pt.jpg
doi.org10.15468dl.6nxkw6.csv,Animalia,Arthropoda,Insecta,Coleoptera,,,,,1470,,Coleoptera,Coleoptera,Cerro_Hoya_Expedition_Hoya_606m_grisMejua_2025-01-26,grisMejua_2025_01_27__19_30_06_HDR0_4_Mothbot_yolo11m_4500_imgsz1600_b1_2024-01-18.pt.jpg,HS,Mothbot_yolo11m_4500_imgsz1600_b1_2024-01-18.pt,0.48034584522247314,,grisMejua,Cerro_Hoya_Expedition/Hoya_606m_grisMejua_2025-01-26/2025-01-27/patches/grisMejua_2025_01_27__19_30_06_HDR0_4_Mothbot_yolo11m_4500_imgsz1600_b1_2024-01-18.pt.jpg,ORDER_Hemiptera,2025-01-27,19:30:06,,2025_01_27__19_30_06,MachineObservation,Cerro_Hoya_Expedition_Hoya_606m_grisMejua_2025-01-26_2025-01-27,Cerro_Hoya_Expedition_Hoya_606m_grisMejua_2025-01-26,grisMejua_2025_01_27__19_30_06_HDR0.jpg,grisMejua_2025_01_27__19_30_06_HDR0_4_Mothbot_yolo11m_4500_imgsz1600_b1_2024-01-18.pt.jpg
doi.org10.15468dl.6nxkw6.csv,Animalia,Arthropoda,Insecta,Coleoptera,,,,,1470,,Coleoptera,Coleoptera,Cerro_Hoya_Expedition_Hoya_606m_grisMejua_2025-01-26,grisMejua_2025_01_27__19_30_06_HDR0_5_Mothbot_yolo11m_4500_imgsz1600_b1_2024-01-18.pt.jpg,HS,Mothbot_yolo11m_4500_imgsz1600_b1_2024-01-18.pt,0.46815043687820435,,grisMejua,Cerro_Hoya_Expedition/Hoya_606m_grisMejua_2025-01-26/2025-01-27/patches/grisMejua_2025_01_27__19_30_06_HDR0_5_Mothbot_yolo11m_4500_imgsz1600_b1_2024-01-18.pt.jpg,ORDER_Hemiptera,2025-01-27,19:30:06,,2025_01_27__19_30_06,MachineObservation,Cerro_Hoya_Expedition_Hoya_606m_grisMejua_2025-01-26_2025-01-27,Cerro_Hoya_Expedition_Hoya_606m_grisMejua_2025-01-26,grisMejua_2025_01_27__19_30_06_HDR0.jpg,grisMejua_2025_01_27__19_30_06_HDR0_5_Mothbot_yolo11m_4500_imgsz1600_b1_2024-01-18.pt.jpg
doi.org10.15468dl.6nxkw6.csv,Animalia,Arthropoda,Insecta,Coleoptera,,,,,1470,,Coleoptera,Coleoptera,Cerro_Hoya_Expedition_Hoya_606m_grisMejua_2025-01-26,grisMejua_2025_01_27__19_30_06_HDR0_6_Mothbot_yolo11m_4500_imgsz1600_b1_2024-01-18.pt.jpg,HS,Mothbot_yolo11m_4500_imgsz1600_b1_2024-01-18.pt,0.4473622143268585,,grisMejua,Cerro_Hoya_Expedition/Hoya_606m_grisMejua_2025-01-26/2025-01-27/patches/grisMejua_2025_01_27__19_30_06_HDR0_6_Mothbot_yolo11m_4500_imgsz1600_b1_2024-01-18.pt.jpg,ORDER_Hemiptera,2025-01-27,19:30:06,,2025_01_27__19_30_06,MachineObservation,Cerro_Hoya_Expedition_Hoya_606m_grisMejua_2025-01-26_2025-01-27,Cerro_Hoya_Expedition_Hoya_606m_grisMejua_2025-01-26,grisMejua_2025_01_27__19_30_06_HDR0.jpg,grisMejua_2025_01_27__19_30_06_HDR0_6_Mothbot_yolo11m_4500_imgsz1600_b1_2024-01-18.pt.jpg
doi.org10.15468dl.6nxkw6.csv,Animalia,Arthropoda,Insecta,Coleoptera,,,,,1470,,Coleoptera,Coleoptera,Cerro_Hoya_Expedition_Hoya_606m_grisMejua_2025-01-26,grisMejua_2025_01_27__19_30_06_HDR0_7_Mothbot_yolo11m_4500_imgsz1600_b1_2024-01-18.pt.jpg,HS,Mothbot_yolo11m_4500_imgsz1600_b1_2024-01-18.pt,0.40658652782440186,,grisMejua,Cerro_Hoya_Expedition/Hoya_606m_grisMejua_2025-01-26/2025-01-27/patches/grisMejua_2025_01_27__19_30_06_HDR0_7_Mothbot_yolo11m_4500_imgsz1600_b1_2024-01-18.pt.jpg,ORDER_Coleoptera,2025-01-27,19:30:06,,2025_01_27__19_30_06,MachineObservation,Cerro_Hoya_Expedition_Hoya_606m_grisMejua_2025-01-26_2025-01-27,Cerro_Hoya_Expedition_Hoya_606m_grisMejua_2025-01-26,grisMejua_2025_01_27__19_30_06_HDR0.jpg,grisMejua_2025_01_27__19_30_06_HDR0_7_Mothbot_yolo11m_4500_imgsz1600_b1_2024-01-18.pt.jpg
doi.org10.15468dl.6nxkw6.csv,Animalia,Arthropoda,Insecta,Coleoptera,,,,,1470,,Coleoptera,Coleoptera,Cerro_Hoya_Expedition_Hoya_606m_grisMejua_2025-01-26,grisMejua_2025_01_27__19_30_06_HDR0_8_Mothbot_yolo11m_4500_imgsz1600_b1_2024-01-18.pt.jpg,HS,Mothbot_yolo11m_4500_imgsz1600_b1_2024-01-18.pt,0.39897000789642334,,grisMejua,Cerro_Hoya_Expedition/Hoya_606m_grisMejua_2025-01-26/2025-01-27/patches/grisMejua_2025_01_27__19_30_06_HDR0_8_Mothbot_yolo11m_4500_imgsz1600_b1_2024-01-18.pt.jpg,ORDER_Coleoptera,2025-01-27,19:30:06,,2025_01_27__19_30_06,MachineObservation,Cerro_Hoya_Expedition_Hoya_606m_grisMejua_2025-01-26_2025-01-27,Cerro_Hoya_Expedition_Hoya_606m_grisMejua_2025-01-26,grisMejua_2025_01_27__19_30_06_HDR0.jpg,grisMejua_2025_01_27__19_30_06_HDR0_8_Mothbot_yolo11m_4500_imgsz1600_b1_2024-01-18.pt.jpg
doi.org10.15468dl.6nxkw6.csv,Animalia,Arthropoda,Insecta,Coleoptera,,,,,1470,,Coleoptera,Coleoptera,Cerro_Hoya_Expedition_Hoya_606m_grisMejua_2025-01-26,grisMejua_2025_01_27__19_30_06_HDR0_9_Mothbot_yolo11m_4500_imgsz1600_b1_2024-01-18.pt.jpg,HS,Mothbot_yolo11m_4500_imgsz1600_b1_2024-01-18.pt,0.36200764775276184,,grisMejua,Cerro_Hoya_Expedition/Hoya_606m_grisMejua_2025-01-26/2025-01-27/patches/grisMejua_2025_01_27__19_30_06_HDR0_9_Mothbot_yolo11m_4500_imgsz1600_b1_2024-01-18.pt.jpg,ORDER_Coleoptera,2025-01-27,19:30:06,,2025_01_27__19_30_06,MachineObservation,Cerro_Hoya_Expedition_Hoya_606m_grisMejua_2025-01-26_2025-01-27,Cerro_Hoya_Expedition_Hoya_606m_grisMejua_2025-01-26,grisMejua_2025_01_27__19_30_06_HDR0.jpg,grisMejua_2025_01_27__19_30_06_HDR0_9_Mothbot_yolo11m_4500_imgsz1600_b1_2024-01-18.pt.jpg
doi.org10.15468dl.6nxkw6.csv,Animalia,Arthropoda,Insecta,,,,,,216,,Insecta,Insecta,Cerro_Hoya_Expedition_Hoya_606m_grisMejua_2025-01-26,grisMejua_2025_01_27__19_30_06_HDR0_10_Mothbot_yolo11m_4500_imgsz1600_b1_2024-01-18.pt.jpg,HS,Mothbot_yolo11m_4500_imgsz1600_b1_2024-01-18.pt,0.30017730593681335,,grisMejua,Cerro_Hoya_Expedition/Hoya_606m_grisMejua_2025-01-26/2025-01-27/patches/grisMejua_2025_01_27__19_30_06_HDR0_10_Mothbot_yolo11m_4500_imgsz1600_b1_2024-01-18.pt.jpg,ORDER_Hemiptera,2025-01-27,19:30:06,,2025_01_27__19_30_06,MachineObservation,Cerro_Hoya_Expedition_Hoya_606m_grisMejua_2025-01-26_2025-01-27,Cerro_Hoya_Expedition_Hoya_606m_grisMejua_2025-01-26,grisMejua_2025_01_27__19_30_06_HDR0.jpg,grisMejua_2025_01_27__19_30_06_HDR0_10_Mothbot_yolo11m_4500_imgsz1600_b1_2024-01-18.pt.jpg
doi.org10.15468dl.6nxkw6.csv,Animalia,Arthropoda,Insecta,Lepidoptera,,,,,797,,Lepidoptera,Lepidoptera,Cerro_Hoya_Expedition_Hoya_606m_grisMejua_2025-01-26,grisMejua_2025_01_27__19_31_06_HDR0_0_Mothbot_yolo11m_4500_imgsz1600_b1_2024-01-18.pt.jpg,HS,Mothbot_yolo11m_4500_imgsz1600_b1_2024-01-18.pt,0.6787034869194031,,grisMejua,Cerro_Hoya_Expedition/Hoya_606m_grisMejua_2025-01-26/2025-01-27/patches/grisMejua_2025_01_27__19_31_06_HDR0_0_Mothbot_yolo11m_4500_imgsz1600_b1_2024-01-18.pt.jpg,ORDER_Hemiptera,2025-01-27,19:31:06,,2025_01_27__19_31_06,MachineObservation,Cerro_Hoya_Expedition_Hoya_606m_grisMejua_2025-01-26_2025-01-27,Cerro_Hoya_Expedition_Hoya_606m_grisMejua_2025-01-26,grisMejua_2025_01_27__19_31_06_HDR0.jpg,grisMejua_2025_01_27__19_31_06_HDR0_0_Mothbot_yolo11m_4500_imgsz1600_b1_2024-01-18.pt.jpg
doi.org10.15468dl.6nxkw6.csv,Animalia,Arthropoda,Insecta,Hemiptera,,,,,809,,Hemiptera,Hemiptera,Cerro_Hoya_Expedition_Hoya_606m_grisMejua_2025-01-26,grisMejua_2025_01_27__19_31_06_HDR0_1_Mothbot_yolo11m_4500_imgsz1600_b1_2024-01-18.pt.jpg,HS,Mothbot_yolo11m_4500_imgsz1600_b1_2024-01-18.pt,0.654590368270874,,grisMejua,Cerro_Hoya_Expedition/Hoya_606m_grisMejua_2025-01-26/2025-01-27/patches/grisMejua_2025_01_27__19_31_06_HDR0_1_Mothbot_yolo11m_4500_imgsz1600_b1_2024-01-18.pt.jpg,ORDER_Hemiptera,2025-01-27,19:31:06,,2025_01_27__19_31_06,MachineObservation,Cerro_Hoya_Expedition_Hoya_606m_grisMejua_2025-01-26_2025-01-27,Cerro_Hoya_Expedition_Hoya_606m_grisMejua_2025-01-26,grisMejua_2025_01_27__19_31_06_HDR0.jpg,grisMejua_2025_01_27__19_31_06_HDR0_1_Mothbot_yolo11m_4500_imgsz1600_b1_2024-01-18.pt.jpg
doi.org10.15468dl.6nxkw6.csv,Animalia,Arthropoda,Insecta,Lepidoptera,,,,,797,,Lepidoptera,Lepidoptera,Cerro_Hoya_Expedition_Hoya_606m_grisMejua_2025-01-26,grisMejua_2025_01_27__19_31_06_HDR0_2_Mothbot_yolo11m_4500_imgsz1600_b1_2024-01-18.pt.jpg,HS,Mothbot_yolo11m_4500_imgsz1600_b1_2024-01-18.pt,0.6263821721076965,,grisMejua,Cerro_Hoya_Expedition/Hoya_606m_grisMejua_2025-01-26/2025-01-27/patches/grisMejua_2025_01_27__19_31_06_HDR0_2_Mothbot_yolo11m_4500_imgsz1600_b1_2024-01-18.pt.jpg,ORDER_Diptera,2025-01-27,19:31:06,,2025_01_27__19_31_06,MachineObservation,Cerro_Hoya_Expedition_Hoya_606m_grisMejua_2025-01-26_2025-01-27,Cerro_Hoya_Expedition_Hoya_606m_grisMejua_2025-01-26,grisMejua_2025_01_27__19_31_06_HDR0.jpg,grisMejua_2025_01_27__19_31_06_HDR0_2_Mothbot_yolo11m_4500_imgsz1600_b1_2024-01-18.pt.jpg
doi.org10.15468dl.6nxkw6.csv,Animalia,Arthropoda,Insecta,Hemiptera,,,,,809,,Hemiptera,Hemiptera,Cerro_Hoya_Expedition_Hoya_606m_grisMejua_2025-01-26,grisMejua_2025_01_27__19_31_06_HDR0_3_Mothbot_yolo11m_4500_imgsz1600_b1_2024-01-18.pt.jpg,HS,Mothbot_yolo11m_4500_imgsz1600_b1_2024-01-18.pt,0.5839325785636902,,grisMejua,Cerro_Hoya_Expedition/Hoya_606m_grisMejua_2025-01-26/2025-01-27/patches/grisMejua_2025_01_27__19_31_06_HDR0_3_Mothbot_yolo11m_4500_imgsz1600_b1_2024-01-18.pt.jpg,ORDER_Diptera,2025-01-27,19:31:06,,2025_01_27__19_31_06,MachineObservation,Cerro_Hoya_Expedition_Hoya_606m_grisMejua_2025-01-26_2025-01-27,Cerro_Hoya_Expedition_Hoya_606m_grisMejua_2025-01-26,grisMejua_2025_01_27__19_31_06_HDR0.jpg,grisMejua_2025_01_27__19_31_06_HDR0_3_Mothbot_yolo11m_4500_imgsz1600_b1_2024-01-18.pt.jpg
doi.org10.15468dl.6nxkw6.csv,Animalia,Arthropoda,Insecta,Coleoptera,,,,,1470,,Coleoptera,Coleoptera,Cerro_Hoya_Expedition_Hoya_606m_grisMejua_2025-01-26,grisMejua_2025_01_27__19_31_06_HDR0_4_Mothbot_yolo11m_4500_imgsz1600_b1_2024-01-18.pt.jpg,HS,Mothbot_yolo11m_4500_imgsz1600_b1_2024-01-18.pt,0.47309166193008423,,grisMejua,Cerro_Hoya_Expedition/Hoya_606m_grisMejua_2025-01-26/2025-01-27/patches/grisMejua_2025_01_27__19_31_06_HDR0_4_Mothbot_yolo11m_4500_imgsz1600_b1_2024-01-18.pt.jpg,ORDER_Coleoptera,2025-01-27,19:31:06,,2025_01_27__19_31_06,MachineObservation,Cerro_Hoya_Expedition_Hoya_606m_grisMejua_2025-01-26_2025-01-27,Cerro_Hoya_Expedition_Hoya_606m_grisMejua_2025-01-26,grisMejua_2025_01_27__19_31_06_HDR0.jpg,grisMejua_2025_01_27__19_31_06_HDR0_4_Mothbot_yolo11m_4500_imgsz1600_b1_2024-01-18.pt.jpg
doi.org10.15468dl.6nxkw6.csv,Animalia,Arthropoda,Insecta,Coleoptera,,,,,1470,,Coleoptera,Coleoptera,Cerro_Hoya_Expedition_Hoya_606m_grisMejua_2025-01-26,grisMejua_2025_01_27__19_31_06_HDR0_5_Mothbot_yolo11m_4500_imgsz1600_b1_2024-01-18.pt.jpg,HS,Mothbot_yolo11m_4500_imgsz1600_b1_2024-01-18.pt,0.46960291266441345,,grisMejua,Cerro_Hoya_Expedition/Hoya_606m_grisMejua_2025-01-26/2025-01-27/patches/grisMejua_2025_01_27__19_31_06_HDR0_5_Mothbot_yolo11m_4500_imgsz1600_b1_2024-01-18.pt.jpg,ORDER_Hemiptera,2025-01-27,19:31:06,,2025_01_27__19_31_06,MachineObservation,Cerro_Hoya_Expedition_Hoya_606m_grisMejua_2025-01-26_2025-01-27,Cerro_Hoya_Expedition_Hoya_606m_grisMejua_2025-01-26,grisMejua_2025_01_27__19_31_06_HDR0.jpg,grisMejua_2025_01_27__19_31_06_HDR0_5_Mothbot_yolo11m_4500_imgsz1600_b1_2024-01-18.pt.jpg
doi.org10.15468dl.6nxkw6.csv,Animalia,Arthropoda,Insecta,Coleoptera,,,,,1470,,Coleoptera,Coleoptera,Cerro_Hoya_Expedition_Hoya_606m_grisMejua_2025-01-26,grisMejua_2025_01_27__19_31_06_HDR0_6_Mothbot_yolo11m_4500_imgsz1600_b1_2024-01-18.pt.jpg,HS,Mothbot_yolo11m_4500_imgsz1600_b1_2024-01-18.pt,0.44573718309402466,,grisMejua,Cerro_Hoya_Expedition/Hoya_606m_grisMejua_2025-01-26/2025-01-27/patches/grisMejua_2025_01_27__19_31_06_HDR0_6_Mothbot_yolo11m_4500_imgsz1600_b1_2024-01-18.pt.jpg,ORDER_Coleoptera,2025-01-27,19:31:06,,2025_01_27__19_31_06,MachineObservation,Cerro_Hoya_Expedition_Hoya_606m_grisMejua_2025-01-26_2025-01-27,Cerro_Hoya_Expedition_Hoya_606m_grisMejua_2025-01-26,grisMejua_2025_01_27__19_31_06_HDR0.jpg,grisMejua_2025_01_27__19_31_06_HDR0_6_Mothbot_yolo11m_4500_imgsz1600_b1_2024-01-18.pt.jpg
doi.org10.15468dl.6nxkw6.csv,Animalia,Arthropoda,Insecta,Coleoptera,,,,,1470,,Coleoptera,Coleoptera,Cerro_Hoya_Expedition_Hoya_606m_grisMejua_2025-01-26,grisMejua_2025_01_27__19_31_06_HDR0_7_Mothbot_yolo11m_4500_imgsz1600_b1_2024-01-18.pt.jpg,HS,Mothbot_yolo11m_4500_imgsz1600_b1_2024-01-18.pt,0.3956524729728699,,grisMejua,Cerro_Hoya_Expedition/Hoya_606m_grisMejua_2025-01-26/2025-01-27/patches/grisMejua_2025_01_27__19_31_06_HDR0_7_Mothbot_yolo11m_4500_imgsz1600_b1_2024-01-18.pt.jpg,ORDER_Coleoptera,2025-01-27,19:31:06,,2025_01_27__19_31_06,MachineObservation,Cerro_Hoya_Expedition_Hoya_606m_grisMejua_2025-01-26_2025-01-27,Cerro_Hoya_Expedition_Hoya_606m_grisMejua_2025-01-26,grisMejua_2025_01_27__19_31_06_HDR0.jpg,grisMejua_2025_01_27__19_31_06_HDR0_7_Mothbot_yolo11m_4500_imgsz1600_b1_2024-01-18.pt.jpg
doi.org10.15468dl.6nxkw6.csv,Animalia,Arthropoda,Insecta,Coleoptera,,,,,1470,,Coleoptera,Coleoptera,Cerro_Hoya_Expedition_Hoya_606m_grisMejua_2025-01-26,grisMejua_2025_01_27__19_31_06_HDR0_8_Mothbot_yolo11m_4500_imgsz1600_b1_2024-01-18.pt.jpg,HS,Mothbot_yolo11m_4500_imgsz1600_b1_2024-01-18.pt,0.29102492332458496,,grisMejua,Cerro_Hoya_Expedition/Hoya_606m_grisMejua_2025-01-26/2025-01-27/patches/grisMejua_2025_01_27__19_31_06_HDR0_8_Mothbot_yolo11m_4500_imgsz1600_b1_2024-01-18.pt.jpg,ORDER_Hymenoptera,2025-01-27,19:31:06,,2025_01_27__19_31_06,MachineObservation,Cerro_Hoya_Expedition_Hoya_606m_grisMejua_2025-01-26_2025-01-27,Cerro_Hoya_Expedition_Hoya_606m_grisMejua_2025-01-26,grisMejua_2025_01_27__19_31_06_HDR0.jpg,grisMejua_2025_01_27__19_31_06_HDR0_8_Mothbot_yolo11m_4500_imgsz1600_b1_2024-01-18.pt.jpg
doi.org10.15468dl.6nxkw6.csv,Animalia,Arthropoda,Insecta,Coleoptera,,,,,1470,,Coleoptera,Coleoptera,Cerro_Hoya_Expedition_Hoya_606m_grisMejua_2025-01-26,grisMejua_2025_01_27__19_31_06_HDR0_9_Mothbot_yolo11m_4500_imgsz1600_b1_2024-01-18.pt.jpg,HS,Mothbot_yolo11m_4500_imgsz1600_b1_2024-01-18.pt,0.256160169839859,,grisMejua,Cerro_Hoya_Expedition/Hoya_606m_grisMejua_2025-01-26/2025-01-27/patches/grisMejua_2025_01_27__19_31_06_HDR0_9_Mothbot_yolo11m_4500_imgsz1600_b1_2024-01-18.pt.jpg,ORDER_Coleoptera,2025-01-27,19:31:06,,2025_01_27__19_31_06,MachineObservation,Cerro_Hoya_Expedition_Hoya_606m_grisMejua_2025-01-26_2025-01-27,Cerro_Hoya_Expedition_Hoya_606m_grisMejua_2025-01-26,grisMejua_2025_01_27__19_31_06_HDR0.jpg,grisMejua_2025_01_27__19_31_06_HDR0_9_Mothbot_yolo11m_4500_imgsz1600_b1_2024-01-18.pt.jpg
doi.org10.15468dl.6nxkw6.csv,Animalia,Arthropoda,Insecta,Hemiptera,,,,,809,,Hemiptera,Hemiptera,Cerro_Hoya_Expedition_Hoya_606m_grisMejua_2025-01-26,grisMejua_2025_01_27__19_32_05_HDR0_0_Mothbot_yolo11m_4500_imgsz1600_b1_2024-01-18.pt.jpg,HS,Mothbot_yolo11m_4500_imgsz1600_b1_2024-01-18.pt,0.7061358094215393,,grisMejua,Cerro_Hoya_Expedition/Hoya_606m_grisMejua_2025-01-26/2025-01-27/patches/grisMejua_2025_01_27__19_32_05_HDR0_0_Mothbot_yolo11m_4500_imgsz1600_b1_2024-01-18.pt.jpg,ORDER_Hemiptera,2025-01-27,19:32:05,,2025_01_27__19_32_05,MachineObservation,Cerro_Hoya_Expedition_Hoya_606m_grisMejua_2025-01-26_2025-01-27,Cerro_Hoya_Expedition_Hoya_606m_grisMejua_2025-01-26,grisMejua_2025_01_27__19_32_05_HDR0.jpg,grisMejua_2025_01_27__19_32_05_HDR0_0_Mothbot_yolo11m_4500_imgsz1600_b1_2024-01-18.pt.jpg
doi.org10.15468dl.6nxkw6.csv,Animalia,Arthropoda,Insecta,Lepidoptera,,,,,797,,Lepidoptera,Lepidoptera,Cerro_Hoya_Expedition_Hoya_606m_grisMejua_2025-01-26,grisMejua_2025_01_27__19_32_05_HDR0_1_Mothbot_yolo11m_4500_imgsz1600_b1_2024-01-18.pt.jpg,HS,Mothbot_yolo11m_4500_imgsz1600_b1_2024-01-18.pt,0.6865005493164062,,grisMejua,Cerro_Hoya_Expedition/Hoya_606m_grisMejua_2025-01-26/2025-01-27/patches/grisMejua_2025_01_27__19_32_05_HDR0_1_Mothbot_yolo11m_4500_imgsz1600_b1_2024-01-18.pt.jpg,ORDER_Hemiptera,2025-01-27,19:32:05,,2025_01_27__19_32_05,MachineObservation,Cerro_Hoya_Expedition_Hoya_606m_grisMejua_2025-01-26_2025-01-27,Cerro_Hoya_Expedition_Hoya_606m_grisMejua_2025-01-26,grisMejua_2025_01_27__19_32_05_HDR0.jpg,grisMejua_2025_01_27__19_32_05_HDR0_1_Mothbot_yolo11m_4500_imgsz1600_b1_2024-01-18.pt.jpg
doi.org10.15468dl.6nxkw6.csv,Animalia,Arthropoda,Insecta,Hemiptera,,,,,809,,Hemiptera,Hemiptera,Cerro_Hoya_Expedition_Hoya_606m_grisMejua_2025-01-26,grisMejua_2025_01_27__19_32_05_HDR0_2_Mothbot_yolo11m_4500_imgsz1600_b1_2024-01-18.pt.jpg,HS,Mothbot_yolo11m_4500_imgsz1600_b1_2024-01-18.pt,0.5812622308731079,,grisMejua,Cerro_Hoya_Expedition/Hoya_606m_grisMejua_2025-01-26/2025-01-27/patches/grisMejua_2025_01_27__19_32_05_HDR0_2_Mothbot_yolo11m_4500_imgsz1600_b1_2024-01-18.pt.jpg,ORDER_Coleoptera,2025-01-27,19:32:05,,2025_01_27__19_32_05,MachineObservation,Cerro_Hoya_Expedition_Hoya_606m_grisMejua_2025-01-26_2025-01-27,Cerro_Hoya_Expedition_Hoya_606m_grisMejua_2025-01-26,grisMejua_2025_01_27__19_32_05_HDR0.jpg,grisMejua_2025_01_27__19_32_05_HDR0_2_Mothbot_yolo11m_4500_imgsz1600_b1_2024-01-18.pt.jpg
doi.org10.15468dl.6nxkw6.csv,Animalia,Arthropoda,Insecta,Coleoptera,,,,,1470,,Coleoptera,Coleoptera,Cerro_Hoya_Expedition_Hoya_606m_grisMejua_2025-01-26,grisMejua_2025_01_27__19_32_05_HDR0_3_Mothbot_yolo11m_4500_imgsz1600_b1_2024-01-18.pt.jpg,HS,Mothbot_yolo11m_4500_imgsz1600_b1_2024-01-18.pt,0.506068766117096,,grisMejua,Cerro_Hoya_Expedition/Hoya_606m_grisMejua_2025-01-26/2025-01-27/patches/grisMejua_2025_01_27__19_32_05_HDR0_3_Mothbot_yolo11m_4500_imgsz1600_b1_2024-01-18.pt.jpg,ORDER_Coleoptera,2025-01-27,19:32:05,,2025_01_27__19_32_05,MachineObservation,Cerro_Hoya_Expedition_Hoya_606m_grisMejua_2025-01-26_2025-01-27,Cerro_Hoya_Expedition_Hoya_606m_grisMejua_2025-01-26,grisMejua_2025_01_27__19_32_05_HDR0.jpg,grisMejua_2025_01_27__19_32_05_HDR0_3_Mothbot_yolo11m_4500_imgsz1600_b1_2024-01-18.pt.jpg
doi.org10.15468dl.6nxkw6.csv,Animalia,Arthropoda,Insecta,Coleoptera,,,,,1470,,Coleoptera,Coleoptera,Cerro_Hoya_Expedition_Hoya_606m_grisMejua_2025-01-26,grisMejua_2025_01_27__19_32_05_HDR0_4_Mothbot_yolo11m_4500_imgsz1600_b1_2024-01-18.pt.jpg,HS,Mothbot_yolo11m_4500_imgsz1600_b1_2024-01-18.pt,0.45666632056236267,,grisMejua,Cerro_Hoya_Expedition/Hoya_606m_grisMejua_2025-01-26/2025-01-27/patches/grisMejua_2025_01_27__19_32_05_HDR0_4_Mothbot_yolo11m_4500_imgsz1600_b1_2024-01-18.pt.jpg,ORDER_Coleoptera,2025-01-27,19:32:05,,2025_01_27__19_32_05,MachineObservation,Cerro_Hoya_Expedition_Hoya_606m_grisMejua_2025-01-26_2025-01-27,Cerro_Hoya_Expedition_Hoya_606m_grisMejua_2025-01-26,grisMejua_2025_01_27__19_32_05_HDR0.jpg,grisMejua_2025_01_27__19_32_05_HDR0_4_Mothbot_yolo11m_4500_imgsz1600_b1_2024-01-18.pt.jpg
doi.org10.15468dl.6nxkw6.csv,Animalia,Arthropoda,Insecta,Coleoptera,,,,,1470,,Coleoptera,Coleoptera,Cerro_Hoya_Expedition_Hoya_606m_grisMejua_2025-01-26,grisMejua_2025_01_27__19_32_05_HDR0_5_Mothbot_yolo11m_4500_imgsz1600_b1_2024-01-18.pt.jpg,HS,Mothbot_yolo11m_4500_imgsz1600_b1_2024-01-18.pt,0.45116567611694336,,grisMejua,Cerro_Hoya_Expedition/Hoya_606m_grisMejua_2025-01-26/2025-01-27/patches/grisMejua_2025_01_27__19_32_05_HDR0_5_Mothbot_yolo11m_4500_imgsz1600_b1_2024-01-18.pt.jpg,ORDER_Hemiptera,2025-01-27,19:32:05,,2025_01_27__19_32_05,MachineObservation,Cerro_Hoya_Expedition_Hoya_606m_grisMejua_2025-01-26_2025-01-27,Cerro_Hoya_Expedition_Hoya_606m_grisMejua_2025-01-26,grisMejua_2025_01_27__19_32_05_HDR0.jpg,grisMejua_2025_01_27__19_32_05_HDR0_5_Mothbot_yolo11m_4500_imgsz1600_b1_2024-01-18.pt.jpg
doi.org10.15468dl.6nxkw6.csv,Animalia,Arthropoda,Insecta,Coleoptera,,,,,1470,,Coleoptera,Coleoptera,Cerro_Hoya_Expedition_Hoya_606m_grisMejua_2025-01-26,grisMejua_2025_01_27__19_32_05_HDR0_6_Mothbot_yolo11m_4500_imgsz1600_b1_2024-01-18.pt.jpg,HS,Mothbot_yolo11m_4500_imgsz1600_b1_2024-01-18.pt,0.4182886779308319,,grisMejua,Cerro_Hoya_Expedition/Hoya_606m_grisMejua_2025-01-26/2025-01-27/patches/grisMejua_2025_01_27__19_32_05_HDR0_6_Mothbot_yolo11m_4500_imgsz1600_b1_2024-01-18.pt.jpg,ORDER_Hemiptera,2025-01-27,19:32:05,,2025_01_27__19_32_05,MachineObservation,Cerro_Hoya_Expedition_Hoya_606m_grisMejua_2025-01-26_2025-01-27,Cerro_Hoya_Expedition_Hoya_606m_grisMejua_2025-01-26,grisMejua_2025_01_27__19_32_05_HDR0.jpg,grisMejua_2025_01_27__19_32_05_HDR0_6_Mothbot_yolo11m_4500_imgsz1600_b1_2024-01-18.pt.jpg
doi.org10.15468dl.6nxkw6.csv,Animalia,Arthropoda,Insecta,,,,,,216,,Insecta,Insecta,Cerro_Hoya_Expedition_Hoya_606m_grisMejua_2025-01-26,grisMejua_2025_01_27__19_32_05_HDR0_7_Mothbot_yolo11m_4500_imgsz1600_b1_2024-01-18.pt.jpg,HS,Mothbot_yolo11m_4500_imgsz1600_b1_2024-01-18.pt,0.41201427578926086,,grisMejua,Cerro_Hoya_Expedition/Hoya_606m_grisMejua_2025-01-26/2025-01-27/patches/grisMejua_2025_01_27__19_32_05_HDR0_7_Mothbot_yolo11m_4500_imgsz1600_b1_2024-01-18.pt.jpg,ORDER_Coleoptera,2025-01-27,19:32:05,,2025_01_27__19_32_05,MachineObservation,Cerro_Hoya_Expedition_Hoya_606m_grisMejua_2025-01-26_2025-01-27,Cerro_Hoya_Expedition_Hoya_606m_grisMejua_2025-01-26,grisMejua_2025_01_27__19_32_05_HDR0.jpg,grisMejua_2025_01_27__19_32_05_HDR0_7_Mothbot_yolo11m_4500_imgsz1600_b1_2024-01-18.pt.jpg
doi.org10.15468dl.6nxkw6.csv,Animalia,Arthropoda,Insecta,Coleoptera,,,,,1470,,Coleoptera,Coleoptera,Cerro_Hoya_Expedition_Hoya_606m_grisMejua_2025-01-26,grisMejua_2025_01_27__19_32_05_HDR0_8_Mothbot_yolo11m_4500_imgsz1600_b1_2024-01-18.pt.jpg,HS,Mothbot_yolo11m_4500_imgsz1600_b1_2024-01-18.pt,0.40550747513771057,,grisMejua,Cerro_Hoya_Expedition/Hoya_606m_grisMejua_2025-01-26/2025-01-27/patches/grisMejua_2025_01_27__19_32_05_HDR0_8_Mothbot_yolo11m_4500_imgsz1600_b1_2024-01-18.pt.jpg,ORDER_Coleoptera,2025-01-27,19:32:05,,2025_01_27__19_32_05,MachineObservation,Cerro_Hoya_Expedition_Hoya_606m_grisMejua_2025-01-26_2025-01-27,Cerro_Hoya_Expedition_Hoya_606m_grisMejua_2025-01-26,grisMejua_2025_01_27__19_32_05_HDR0.jpg,grisMejua_2025_01_27__19_32_05_HDR0_8_Mothbot_yolo11m_4500_imgsz1600_b1_2024-01-18.pt.jpg
doi.org10.15468dl.6nxkw6.csv,Animalia,Arthropoda,Insecta,,,,,,216,,Insecta,Insecta,Cerro_Hoya_Expedition_Hoya_606m_grisMejua_2025-01-26,grisMejua_2025_01_27__19_32_05_HDR0_9_Mothbot_yolo11m_4500_imgsz1600_b1_2024-01-18.pt.jpg,HS,Mothbot_yolo11m_4500_imgsz1600_b1_2024-01-18.pt,0.33383262157440186,,grisMejua,Cerro_Hoya_Expedition/Hoya_606m_grisMejua_2025-01-26/2025-01-27/patches/grisMejua_2025_01_27__19_32_05_HDR0_9_Mothbot_yolo11m_4500_imgsz1600_b1_2024-01-18.pt.jpg,ORDER_Coleoptera,2025-01-27,19:32:05,,2025_01_27__19_32_05,MachineObservation,Cerro_Hoya_Expedition_Hoya_606m_grisMejua_2025-01-26_2025-01-27,Cerro_Hoya_Expedition_Hoya_606m_grisMejua_2025-01-26,grisMejua_2025_01_27__19_32_05_HDR0.jpg,grisMejua_2025_01_27__19_32_05_HDR0_9_Mothbot_yolo11m_4500_imgsz1600_b1_2024-01-18.pt.jpg
doi.org10.15468dl.6nxkw6.csv,Animalia,Arthropoda,Insecta,Coleoptera,,,,,1470,,Coleoptera,Coleoptera,Cerro_Hoya_Expedition_Hoya_606m_grisMejua_2025-01-26,grisMejua_2025_01_27__19_32_05_HDR0_10_Mothbot_yolo11m_4500_imgsz1600_b1_2024-01-18.pt.jpg,HS,Mothbot_yolo11m_4500_imgsz1600_b1_2024-01-18.pt,0.26338785886764526,,grisMejua,Cerro_Hoya_Expedition/Hoya_606m_grisMejua_2025-01-26/2025-01-27/patches/grisMejua_2025_01_27__19_32_05_HDR0_10_Mothbot_yolo11m_4500_imgsz1600_b1_2024-01-18.pt.jpg,ORDER_Coleoptera,2025-01-27,19:32:05,,2025_01_27__19_32_05,MachineObservation,Cerro_Hoya_Expedition_Hoya_606m_grisMejua_2025-01-26_2025-01-27,Cerro_Hoya_Expedition_Hoya_606m_grisMejua_2025-01-26,grisMejua_2025_01_27__19_32_05_HDR0.jpg,grisMejua_2025_01_27__19_32_05_HDR0_10_Mothbot_yolo11m_4500_imgsz1600_b1_2024-01-18.pt.jpg
doi.org10.15468dl.6nxkw6.csv,Animalia,Arthropoda,Insecta,Hemiptera,,,,,809,,Hemiptera,Hemiptera,Cerro_Hoya_Expedition_Hoya_606m_grisMejua_2025-01-26,grisMejua_2025_01_27__19_33_06_HDR0_0_Mothbot_yolo11m_4500_imgsz1600_b1_2024-01-18.pt.jpg,HS,Mothbot_yolo11m_4500_imgsz1600_b1_2024-01-18.pt,0.7787347435951233,,grisMejua,Cerro_Hoya_Expedition/Hoya_606m_grisMejua_2025-01-26/2025-01-27/patches/grisMejua_2025_01_27__19_33_06_HDR0_0_Mothbot_yolo11m_4500_imgsz1600_b1_2024-01-18.pt.jpg,ORDER_Hemiptera,2025-01-27,19:33:06,,2025_01_27__19_33_06,MachineObservation,Cerro_Hoya_Expedition_Hoya_606m_grisMejua_2025-01-26_2025-01-27,Cerro_Hoya_Expedition_Hoya_606m_grisMejua_2025-01-26,grisMejua_2025_01_27__19_33_06_HDR0.jpg,grisMejua_2025_01_27__19_33_06_HDR0_0_Mothbot_yolo11m_4500_imgsz1600_b1_2024-01-18.pt.jpg
doi.org10.15468dl.6nxkw6.csv,Animalia,Arthropoda,Insecta,Orthoptera,,,,,1458,,Orthoptera,Orthoptera,Cerro_Hoya_Expedition_Hoya_606m_grisMejua_2025-01-26,grisMejua_2025_01_27__19_33_06_HDR0_1_Mothbot_yolo11m_4500_imgsz1600_b1_2024-01-18.pt.jpg,HS,Mothbot_yolo11m_4500_imgsz1600_b1_2024-01-18.pt,0.7648123502731323,,grisMejua,Cerro_Hoya_Expedition/Hoya_606m_grisMejua_2025-01-26/2025-01-27/patches/grisMejua_2025_01_27__19_33_06_HDR0_1_Mothbot_yolo11m_4500_imgsz1600_b1_2024-01-18.pt.jpg,ORDER_Orthoptera,2025-01-27,19:33:06,,2025_01_27__19_33_06,MachineObservation,Cerro_Hoya_Expedition_Hoya_606m_grisMejua_2025-01-26_2025-01-27,Cerro_Hoya_Expedition_Hoya_606m_grisMejua_2025-01-26,grisMejua_2025_01_27__19_33_06_HDR0.jpg,grisMejua_2025_01_27__19_33_06_HDR0_1_Mothbot_yolo11m_4500_imgsz1600_b1_2024-01-18.pt.jpg
doi.org10.15468dl.6nxkw6.csv,Animalia,Arthropoda,Insecta,Hemiptera,,,,,809,,Hemiptera,Hemiptera,Cerro_Hoya_Expedition_Hoya_606m_grisMejua_2025-01-26,grisMejua_2025_01_27__19_33_06_HDR0_2_Mothbot_yolo11m_4500_imgsz1600_b1_2024-01-18.pt.jpg,HS,Mothbot_yolo11m_4500_imgsz1600_b1_2024-01-18.pt,0.7384427785873413,,grisMejua,Cerro_Hoya_Expedition/Hoya_606m_grisMejua_2025-01-26/2025-01-27/patches/grisMejua_2025_01_27__19_33_06_HDR0_2_Mothbot_yolo11m_4500_imgsz1600_b1_2024-01-18.pt.jpg,ORDER_Hemiptera,2025-01-27,19:33:06,,2025_01_27__19_33_06,MachineObservation,Cerro_Hoya_Expedition_Hoya_606m_grisMejua_2025-01-26_2025-01-27,Cerro_Hoya_Expedition_Hoya_606m_grisMejua_2025-01-26,grisMejua_2025_01_27__19_33_06_HDR0.jpg,grisMejua_2025_01_27__19_33_06_HDR0_2_Mothbot_yolo11m_4500_imgsz1600_b1_2024-01-18.pt.jpg
doi.org10.15468dl.6nxkw6.csv,Animalia,Arthropoda,Insecta,Hymenoptera,,,,,1457,,Hymenoptera,Hymenoptera,Cerro_Hoya_Expedition_Hoya_606m_grisMejua_2025-01-26,grisMejua_2025_01_27__19_33_06_HDR0_3_Mothbot_yolo11m_4500_imgsz1600_b1_2024-01-18.pt.jpg,HS,Mothbot_yolo11m_4500_imgsz1600_b1_2024-01-18.pt,0.6858569979667664,,grisMejua,Cerro_Hoya_Expedition/Hoya_606m_grisMejua_2025-01-26/2025-01-27/patches/grisMejua_2025_01_27__19_33_06_HDR0_3_Mothbot_yolo11m_4500_imgsz1600_b1_2024-01-18.pt.jpg,ORDER_Hymenoptera,2025-01-27,19:33:06,,2025_01_27__19_33_06,MachineObservation,Cerro_Hoya_Expedition_Hoya_606m_grisMejua_2025-01-26_2025-01-27,Cerro_Hoya_Expedition_Hoya_606m_grisMejua_2025-01-26,grisMejua_2025_01_27__19_33_06_HDR0.jpg,grisMejua_2025_01_27__19_33_06_HDR0_3_Mothbot_yolo11m_4500_imgsz1600_b1_2024-01-18.pt.jpg
doi.org10.15468dl.6nxkw6.csv,Animalia,Arthropoda,Insecta,Lepidoptera,,,,,797,,Lepidoptera,Lepidoptera,Cerro_Hoya_Expedition_Hoya_606m_grisMejua_2025-01-26,grisMejua_2025_01_27__19_33_06_HDR0_4_Mothbot_yolo11m_4500_imgsz1600_b1_2024-01-18.pt.jpg,HS,Mothbot_yolo11m_4500_imgsz1600_b1_2024-01-18.pt,0.6837734580039978,,grisMejua,Cerro_Hoya_Expedition/Hoya_606m_grisMejua_2025-01-26/2025-01-27/patches/grisMejua_2025_01_27__19_33_06_HDR0_4_Mothbot_yolo11m_4500_imgsz1600_b1_2024-01-18.pt.jpg,ORDER_Hemiptera,2025-01-27,19:33:06,,2025_01_27__19_33_06,MachineObservation,Cerro_Hoya_Expedition_Hoya_606m_grisMejua_2025-01-26_2025-01-27,Cerro_Hoya_Expedition_Hoya_606m_grisMejua_2025-01-26,grisMejua_2025_01_27__19_33_06_HDR0.jpg,grisMejua_2025_01_27__19_33_06_HDR0_4_Mothbot_yolo11m_4500_imgsz1600_b1_2024-01-18.pt.jpg
doi.org10.15468dl.6nxkw6.csv,Animalia,Arthropoda,Insecta,Diptera,,,,,811,,Diptera,Diptera,Cerro_Hoya_Expedition_Hoya_606m_grisMejua_2025-01-26,grisMejua_2025_01_27__19_33_06_HDR0_5_Mothbot_yolo11m_4500_imgsz1600_b1_2024-01-18.pt.jpg,HS,Mothbot_yolo11m_4500_imgsz1600_b1_2024-01-18.pt,0.6773929595947266,,grisMejua,Cerro_Hoya_Expedition/Hoya_606m_grisMejua_2025-01-26/2025-01-27/patches/grisMejua_2025_01_27__19_33_06_HDR0_5_Mothbot_yolo11m_4500_imgsz1600_b1_2024-01-18.pt.jpg,ORDER_Diptera,2025-01-27,19:33:06,,2025_01_27__19_33_06,MachineObservation,Cerro_Hoya_Expedition_Hoya_606m_grisMejua_2025-01-26_2025-01-27,Cerro_Hoya_Expedition_Hoya_606m_grisMejua_2025-01-26,grisMejua_2025_01_27__19_33_06_HDR0.jpg,grisMejua_2025_01_27__19_33_06_HDR0_5_Mothbot_yolo11m_4500_imgsz1600_b1_2024-01-18.pt.jpg
doi.org10.15468dl.6nxkw6.csv,Animalia,Arthropoda,Insecta,Hemiptera,,,,,809,,Hemiptera,Hemiptera,Cerro_Hoya_Expedition_Hoya_606m_grisMejua_2025-01-26,grisMejua_2025_01_27__19_33_06_HDR0_6_Mothbot_yolo11m_4500_imgsz1600_b1_2024-01-18.pt.jpg,HS,Mothbot_yolo11m_4500_imgsz1600_b1_2024-01-18.pt,0.6516565084457397,,grisMejua,Cerro_Hoya_Expedition/Hoya_606m_grisMejua_2025-01-26/2025-01-27/patches/grisMejua_2025_01_27__19_33_06_HDR0_6_Mothbot_yolo11m_4500_imgsz1600_b1_2024-01-18.pt.jpg,ORDER_Hymenoptera,2025-01-27,19:33:06,,2025_01_27__19_33_06,MachineObservation,Cerro_Hoya_Expedition_Hoya_606m_grisMejua_2025-01-26_2025-01-27,Cerro_Hoya_Expedition_Hoya_606m_grisMejua_2025-01-26,grisMejua_2025_01_27__19_33_06_HDR0.jpg,grisMejua_2025_01_27__19_33_06_HDR0_6_Mothbot_yolo11m_4500_imgsz1600_b1_2024-01-18.pt.jpg
doi.org10.15468dl.6nxkw6.csv,Animalia,Arthropoda,Insecta,Hemiptera,,,,,809,,Hemiptera,Hemiptera,Cerro_Hoya_Expedition_Hoya_606m_grisMejua_2025-01-26,grisMejua_2025_01_27__19_33_06_HDR0_7_Mothbot_yolo11m_4500_imgsz1600_b1_2024-01-18.pt.jpg,HS,Mothbot_yolo11m_4500_imgsz1600_b1_2024-01-18.pt,0.6096231937408447,,grisMejua,Cerro_Hoya_Expedition/Hoya_606m_grisMejua_2025-01-26/2025-01-27/patches/grisMejua_2025_01_27__19_33_06_HDR0_7_Mothbot_yolo11m_4500_imgsz1600_b1_2024-01-18.pt.jpg,ORDER_Hemiptera,2025-01-27,19:33:06,,2025_01_27__19_33_06,MachineObservation,Cerro_Hoya_Expedition_Hoya_606m_grisMejua_2025-01-26_2025-01-27,Cerro_Hoya_Expedition_Hoya_606m_grisMejua_2025-01-26,grisMejua_2025_01_27__19_33_06_HDR0.jpg,grisMejua_2025_01_27__19_33_06_HDR0_7_Mothbot_yolo11m_4500_imgsz1600_b1_2024-01-18.pt.jpg
doi.org10.15468dl.6nxkw6.csv,Animalia,Arthropoda,Insecta,Hemiptera,,,,,809,,Hemiptera,Hemiptera,Cerro_Hoya_Expedition_Hoya_606m_grisMejua_2025-01-26,grisMejua_2025_01_27__19_33_06_HDR0_8_Mothbot_yolo11m_4500_imgsz1600_b1_2024-01-18.pt.jpg,HS,Mothbot_yolo11m_4500_imgsz1600_b1_2024-01-18.pt,0.6048327684402466,,grisMejua,Cerro_Hoya_Expedition/Hoya_606m_grisMejua_2025-01-26/2025-01-27/patches/grisMejua_2025_01_27__19_33_06_HDR0_8_Mothbot_yolo11m_4500_imgsz1600_b1_2024-01-18.pt.jpg,ORDER_Diptera,2025-01-27,19:33:06,,2025_01_27__19_33_06,MachineObservation,Cerro_Hoya_Expedition_Hoya_606m_grisMejua_2025-01-26_2025-01-27,Cerro_Hoya_Expedition_Hoya_606m_grisMejua_2025-01-26,grisMejua_2025_01_27__19_33_06_HDR0.jpg,grisMejua_2025_01_27__19_33_06_HDR0_8_Mothbot_yolo11m_4500_imgsz1600_b1_2024-01-18.pt.jpg
doi.org10.15468dl.6nxkw6.csv,Animalia,Arthropoda,Insecta,Coleoptera,,,,,1470,,Coleoptera,Coleoptera,Cerro_Hoya_Expedition_Hoya_606m_grisMejua_2025-01-26,grisMejua_2025_01_27__19_33_06_HDR0_9_Mothbot_yolo11m_4500_imgsz1600_b1_2024-01-18.pt.jpg,HS,Mothbot_yolo11m_4500_imgsz1600_b1_2024-01-18.pt,0.5016283988952637,,grisMejua,Cerro_Hoya_Expedition/Hoya_606m_grisMejua_2025-01-26/2025-01-27/patches/grisMejua_2025_01_27__19_33_06_HDR0_9_Mothbot_yolo11m_4500_imgsz1600_b1_2024-01-18.pt.jpg,ORDER_Coleoptera,2025-01-27,19:33:06,,2025_01_27__19_33_06,MachineObservation,Cerro_Hoya_Expedition_Hoya_606m_grisMejua_2025-01-26_2025-01-27,Cerro_Hoya_Expedition_Hoya_606m_grisMejua_2025-01-26,grisMejua_2025_01_27__19_33_06_HDR0.jpg,grisMejua_2025_01_27__19_33_06_HDR0_9_Mothbot_yolo11m_4500_imgsz1600_b1_2024-01-18.pt.jpg
doi.org10.15468dl.6nxkw6.csv,Animalia,Arthropoda,Insecta,Coleoptera,,,,,1470,,Coleoptera,Coleoptera,Cerro_Hoya_Expedition_Hoya_606m_grisMejua_2025-01-26,grisMejua_2025_01_27__19_33_06_HDR0_10_Mothbot_yolo11m_4500_imgsz1600_b1_2024-01-18.pt.jpg,HS,Mothbot_yolo11m_4500_imgsz1600_b1_2024-01-18.pt,0.4967872202396393,,grisMejua,Cerro_Hoya_Expedition/Hoya_606m_grisMejua_2025-01-26/2025-01-27/patches/grisMejua_2025_01_27__19_33_06_HDR0_10_Mothbot_yolo11m_4500_imgsz1600_b1_2024-01-18.pt.jpg,ORDER_Coleoptera,2025-01-27,19:33:06,,2025_01_27__19_33_06,MachineObservation,Cerro_Hoya_Expedition_Hoya_606m_grisMejua_2025-01-26_2025-01-27,Cerro_Hoya_Expedition_Hoya_606m_grisMejua_2025-01-26,grisMejua_2025_01_27__19_33_06_HDR0.jpg,grisMejua_2025_01_27__19_33_06_HDR0_10_Mothbot_yolo11m_4500_imgsz1600_b1_2024-01-18.pt.jpg
doi.org10.15468dl.6nxkw6.csv,Animalia,Arthropoda,Insecta,,,,,,216,,Insecta,Insecta,Cerro_Hoya_Expedition_Hoya_606m_grisMejua_2025-01-26,grisMejua_2025_01_27__19_33_06_HDR0_11_Mothbot_yolo11m_4500_imgsz1600_b1_2024-01-18.pt.jpg,HS,Mothbot_yolo11m_4500_imgsz1600_b1_2024-01-18.pt,0.43812549114227295,,grisMejua,Cerro_Hoya_Expedition/Hoya_606m_grisMejua_2025-01-26/2025-01-27/patches/grisMejua_2025_01_27__19_33_06_HDR0_11_Mothbot_yolo11m_4500_imgsz1600_b1_2024-01-18.pt.jpg,ORDER_Diptera,2025-01-27,19:33:06,,2025_01_27__19_33_06,MachineObservation,Cerro_Hoya_Expedition_Hoya_606m_grisMejua_2025-01-26_2025-01-27,Cerro_Hoya_Expedition_Hoya_606m_grisMejua_2025-01-26,grisMejua_2025_01_27__19_33_06_HDR0.jpg,grisMejua_2025_01_27__19_33_06_HDR0_11_Mothbot_yolo11m_4500_imgsz1600_b1_2024-01-18.pt.jpg
doi.org10.15468dl.6nxkw6.csv,Animalia,Arthropoda,Insecta,Coleoptera,,,,,1470,,Coleoptera,Coleoptera,Cerro_Hoya_Expedition_Hoya_606m_grisMejua_2025-01-26,grisMejua_2025_01_27__19_33_06_HDR0_12_Mothbot_yolo11m_4500_imgsz1600_b1_2024-01-18.pt.jpg,HS,Mothbot_yolo11m_4500_imgsz1600_b1_2024-01-18.pt,0.40520668029785156,,grisMejua,Cerro_Hoya_Expedition/Hoya_606m_grisMejua_2025-01-26/2025-01-27/patches/grisMejua_2025_01_27__19_33_06_HDR0_12_Mothbot_yolo11m_4500_imgsz1600_b1_2024-01-18.pt.jpg,ORDER_Diptera,2025-01-27,19:33:06,,2025_01_27__19_33_06,MachineObservation,Cerro_Hoya_Expedition_Hoya_606m_grisMejua_2025-01-26_2025-01-27,Cerro_Hoya_Expedition_Hoya_606m_grisMejua_2025-01-26,grisMejua_2025_01_27__19_33_06_HDR0.jpg,grisMejua_2025_01_27__19_33_06_HDR0_12_Mothbot_yolo11m_4500_imgsz1600_b1_2024-01-18.pt.jpg
doi.org10.15468dl.6nxkw6.csv,Animalia,Arthropoda,Insecta,Diptera,,,,,811,,Diptera,Diptera,Cerro_Hoya_Expedition_Hoya_606m_grisMejua_2025-01-26,grisMejua_2025_01_27__19_33_06_HDR0_13_Mothbot_yolo11m_4500_imgsz1600_b1_2024-01-18.pt.jpg,HS,Mothbot_yolo11m_4500_imgsz1600_b1_2024-01-18.pt,0.32339343428611755,,grisMejua,Cerro_Hoya_Expedition/Hoya_606m_grisMejua_2025-01-26/2025-01-27/patches/grisMejua_2025_01_27__19_33_06_HDR0_13_Mothbot_yolo11m_4500_imgsz1600_b1_2024-01-18.pt.jpg,ORDER_Hemiptera,2025-01-27,19:33:06,,2025_01_27__19_33_06,MachineObservation,Cerro_Hoya_Expedition_Hoya_606m_grisMejua_2025-01-26_2025-01-27,Cerro_Hoya_Expedition_Hoya_606m_grisMejua_2025-01-26,grisMejua_2025_01_27__19_33_06_HDR0.jpg,grisMejua_2025_01_27__19_33_06_HDR0_13_Mothbot_yolo11m_4500_imgsz1600_b1_2024-01-18.pt.jpg
doi.org10.15468dl.6nxkw6.csv,Animalia,Arthropoda,Insecta,Coleoptera,,,,,1470,,Coleoptera,Coleoptera,Cerro_Hoya_Expedition_Hoya_606m_grisMejua_2025-01-26,grisMejua_2025_01_27__19_33_06_HDR0_14_Mothbot_yolo11m_4500_imgsz1600_b1_2024-01-18.pt.jpg,HS,Mothbot_yolo11m_4500_imgsz1600_b1_2024-01-18.pt,0.3231073319911957,,grisMejua,Cerro_Hoya_Expedition/Hoya_606m_grisMejua_2025-01-26/2025-01-27/patches/grisMejua_2025_01_27__19_33_06_HDR0_14_Mothbot_yolo11m_4500_imgsz1600_b1_2024-01-18.pt.jpg,ORDER_Hymenoptera,2025-01-27,19:33:06,,2025_01_27__19_33_06,MachineObservation,Cerro_Hoya_Expedition_Hoya_606m_grisMejua_2025-01-26_2025-01-27,Cerro_Hoya_Expedition_Hoya_606m_grisMejua_2025-01-26,grisMejua_2025_01_27__19_33_06_HDR0.jpg,grisMejua_2025_01_27__19_33_06_HDR0_14_Mothbot_yolo11m_4500_imgsz1600_b1_2024-01-18.pt.jpg
doi.org10.15468dl.6nxkw6.csv,Animalia,Arthropoda,Insecta,Lepidoptera,,,,,797,,Lepidoptera,Lepidoptera,Cerro_Hoya_Expedition_Hoya_606m_grisMejua_2025-01-26,grisMejua_2025_01_27__19_34_06_HDR0_0_Mothbot_yolo11m_4500_imgsz1600_b1_2024-01-18.pt.jpg,HS,Mothbot_yolo11m_4500_imgsz1600_b1_2024-01-18.pt,0.8686435222625732,,grisMejua,Cerro_Hoya_Expedition/Hoya_606m_grisMejua_2025-01-26/2025-01-27/patches/grisMejua_2025_01_27__19_34_06_HDR0_0_Mothbot_yolo11m_4500_imgsz1600_b1_2024-01-18.pt.jpg,ORDER_Lepidoptera,2025-01-27,19:34:06,,2025_01_27__19_34_06,MachineObservation,Cerro_Hoya_Expedition_Hoya_606m_grisMejua_2025-01-26_2025-01-27,Cerro_Hoya_Expedition_Hoya_606m_grisMejua_2025-01-26,grisMejua_2025_01_27__19_34_06_HDR0.jpg,grisMejua_2025_01_27__19_34_06_HDR0_0_Mothbot_yolo11m_4500_imgsz1600_b1_2024-01-18.pt.jpg
doi.org10.15468dl.6nxkw6.csv,Animalia,Arthropoda,Insecta,Hemiptera,,,,,809,,Hemiptera,Hemiptera,Cerro_Hoya_Expedition_Hoya_606m_grisMejua_2025-01-26,grisMejua_2025_01_27__19_34_06_HDR0_1_Mothbot_yolo11m_4500_imgsz1600_b1_2024-01-18.pt.jpg,HS,Mothbot_yolo11m_4500_imgsz1600_b1_2024-01-18.pt,0.8030914068222046,,grisMejua,Cerro_Hoya_Expedition/Hoya_606m_grisMejua_2025-01-26/2025-01-27/patches/grisMejua_2025_01_27__19_34_06_HDR0_1_Mothbot_yolo11m_4500_imgsz1600_b1_2024-01-18.pt.jpg,ORDER_Hemiptera,2025-01-27,19:34:06,,2025_01_27__19_34_06,MachineObservation,Cerro_Hoya_Expedition_Hoya_606m_grisMejua_2025-01-26_2025-01-27,Cerro_Hoya_Expedition_Hoya_606m_grisMejua_2025-01-26,grisMejua_2025_01_27__19_34_06_HDR0.jpg,grisMejua_2025_01_27__19_34_06_HDR0_1_Mothbot_yolo11m_4500_imgsz1600_b1_2024-01-18.pt.jpg
doi.org10.15468dl.6nxkw6.csv,Animalia,Arthropoda,Insecta,Hemiptera,,,,,809,,Hemiptera,Hemiptera,Cerro_Hoya_Expedition_Hoya_606m_grisMejua_2025-01-26,grisMejua_2025_01_27__19_34_06_HDR0_2_Mothbot_yolo11m_4500_imgsz1600_b1_2024-01-18.pt.jpg,HS,Mothbot_yolo11m_4500_imgsz1600_b1_2024-01-18.pt,0.7887773513793945,,grisMejua,Cerro_Hoya_Expedition/Hoya_606m_grisMejua_2025-01-26/2025-01-27/patches/grisMejua_2025_01_27__19_34_06_HDR0_2_Mothbot_yolo11m_4500_imgsz1600_b1_2024-01-18.pt.jpg,ORDER_Hemiptera,2025-01-27,19:34:06,,2025_01_27__19_34_06,MachineObservation,Cerro_Hoya_Expedition_Hoya_606m_grisMejua_2025-01-26_2025-01-27,Cerro_Hoya_Expedition_Hoya_606m_grisMejua_2025-01-26,grisMejua_2025_01_27__19_34_06_HDR0.jpg,grisMejua_2025_01_27__19_34_06_HDR0_2_Mothbot_yolo11m_4500_imgsz1600_b1_2024-01-18.pt.jpg
doi.org10.15468dl.6nxkw6.csv,Animalia,Arthropoda,Insecta,Hemiptera,,,,,809,,Hemiptera,Hemiptera,Cerro_Hoya_Expedition_Hoya_606m_grisMejua_2025-01-26,grisMejua_2025_01_27__19_34_06_HDR0_3_Mothbot_yolo11m_4500_imgsz1600_b1_2024-01-18.pt.jpg,HS,Mothbot_yolo11m_4500_imgsz1600_b1_2024-01-18.pt,0.7308087348937988,,grisMejua,Cerro_Hoya_Expedition/Hoya_606m_grisMejua_2025-01-26/2025-01-27/patches/grisMejua_2025_01_27__19_34_06_HDR0_3_Mothbot_yolo11m_4500_imgsz1600_b1_2024-01-18.pt.jpg,ORDER_Hemiptera,2025-01-27,19:34:06,,2025_01_27__19_34_06,MachineObservation,Cerro_Hoya_Expedition_Hoya_606m_grisMejua_2025-01-26_2025-01-27,Cerro_Hoya_Expedition_Hoya_606m_grisMejua_2025-01-26,grisMejua_2025_01_27__19_34_06_HDR0.jpg,grisMejua_2025_01_27__19_34_06_HDR0_3_Mothbot_yolo11m_4500_imgsz1600_b1_2024-01-18.pt.jpg
doi.org10.15468dl.6nxkw6.csv,Animalia,Arthropoda,Insecta,Lepidoptera,,,,,797,,Lepidoptera,Lepidoptera,Cerro_Hoya_Expedition_Hoya_606m_grisMejua_2025-01-26,grisMejua_2025_01_27__19_34_06_HDR0_4_Mothbot_yolo11m_4500_imgsz1600_b1_2024-01-18.pt.jpg,HS,Mothbot_yolo11m_4500_imgsz1600_b1_2024-01-18.pt,0.6865389347076416,,grisMejua,Cerro_Hoya_Expedition/Hoya_606m_grisMejua_2025-01-26/2025-01-27/patches/grisMejua_2025_01_27__19_34_06_HDR0_4_Mothbot_yolo11m_4500_imgsz1600_b1_2024-01-18.pt.jpg,ORDER_Hemiptera,2025-01-27,19:34:06,,2025_01_27__19_34_06,MachineObservation,Cerro_Hoya_Expedition_Hoya_606m_grisMejua_2025-01-26_2025-01-27,Cerro_Hoya_Expedition_Hoya_606m_grisMejua_2025-01-26,grisMejua_2025_01_27__19_34_06_HDR0.jpg,grisMejua_2025_01_27__19_34_06_HDR0_4_Mothbot_yolo11m_4500_imgsz1600_b1_2024-01-18.pt.jpg
doi.org10.15468dl.6nxkw6.csv,Animalia,Arthropoda,Insecta,Hemiptera,,,,,809,,Hemiptera,Hemiptera,Cerro_Hoya_Expedition_Hoya_606m_grisMejua_2025-01-26,grisMejua_2025_01_27__19_34_06_HDR0_5_Mothbot_yolo11m_4500_imgsz1600_b1_2024-01-18.pt.jpg,HS,Mothbot_yolo11m_4500_imgsz1600_b1_2024-01-18.pt,0.6819108724594116,,grisMejua,Cerro_Hoya_Expedition/Hoya_606m_grisMejua_2025-01-26/2025-01-27/patches/grisMejua_2025_01_27__19_34_06_HDR0_5_Mothbot_yolo11m_4500_imgsz1600_b1_2024-01-18.pt.jpg,ORDER_Hemiptera,2025-01-27,19:34:06,,2025_01_27__19_34_06,MachineObservation,Cerro_Hoya_Expedition_Hoya_606m_grisMejua_2025-01-26_2025-01-27,Cerro_Hoya_Expedition_Hoya_606m_grisMejua_2025-01-26,grisMejua_2025_01_27__19_34_06_HDR0.jpg,grisMejua_2025_01_27__19_34_06_HDR0_5_Mothbot_yolo11m_4500_imgsz1600_b1_2024-01-18.pt.jpg
doi.org10.15468dl.6nxkw6.csv,Animalia,Arthropoda,Insecta,Hemiptera,,,,,809,,Hemiptera,Hemiptera,Cerro_Hoya_Expedition_Hoya_606m_grisMejua_2025-01-26,grisMejua_2025_01_27__19_34_06_HDR0_6_Mothbot_yolo11m_4500_imgsz1600_b1_2024-01-18.pt.jpg,HS,Mothbot_yolo11m_4500_imgsz1600_b1_2024-01-18.pt,0.5880517959594727,,grisMejua,Cerro_Hoya_Expedition/Hoya_606m_grisMejua_2025-01-26/2025-01-27/patches/grisMejua_2025_01_27__19_34_06_HDR0_6_Mothbot_yolo11m_4500_imgsz1600_b1_2024-01-18.pt.jpg,ORDER_Hemiptera,2025-01-27,19:34:06,,2025_01_27__19_34_06,MachineObservation,Cerro_Hoya_Expedition_Hoya_606m_grisMejua_2025-01-26_2025-01-27,Cerro_Hoya_Expedition_Hoya_606m_grisMejua_2025-01-26,grisMejua_2025_01_27__19_34_06_HDR0.jpg,grisMejua_2025_01_27__19_34_06_HDR0_6_Mothbot_yolo11m_4500_imgsz1600_b1_2024-01-18.pt.jpg
doi.org10.15468dl.6nxkw6.csv,Animalia,Arthropoda,Insecta,Coleoptera,,,,,1470,,Coleoptera,Coleoptera,Cerro_Hoya_Expedition_Hoya_606m_grisMejua_2025-01-26,grisMejua_2025_01_27__19_34_06_HDR0_7_Mothbot_yolo11m_4500_imgsz1600_b1_2024-01-18.pt.jpg,HS,Mothbot_yolo11m_4500_imgsz1600_b1_2024-01-18.pt,0.4206034243106842,,grisMejua,Cerro_Hoya_Expedition/Hoya_606m_grisMejua_2025-01-26/2025-01-27/patches/grisMejua_2025_01_27__19_34_06_HDR0_7_Mothbot_yolo11m_4500_imgsz1600_b1_2024-01-18.pt.jpg,ORDER_Coleoptera,2025-01-27,19:34:06,,2025_01_27__19_34_06,MachineObservation,Cerro_Hoya_Expedition_Hoya_606m_grisMejua_2025-01-26_2025-01-27,Cerro_Hoya_Expedition_Hoya_606m_grisMejua_2025-01-26,grisMejua_2025_01_27__19_34_06_HDR0.jpg,grisMejua_2025_01_27__19_34_06_HDR0_7_Mothbot_yolo11m_4500_imgsz1600_b1_2024-01-18.pt.jpg
doi.org10.15468dl.6nxkw6.csv,Animalia,Arthropoda,Insecta,Diptera,,,,,811,,Diptera,Diptera,Cerro_Hoya_Expedition_Hoya_606m_grisMejua_2025-01-26,grisMejua_2025_01_27__19_34_06_HDR0_8_Mothbot_yolo11m_4500_imgsz1600_b1_2024-01-18.pt.jpg,HS,Mothbot_yolo11m_4500_imgsz1600_b1_2024-01-18.pt,0.3908917009830475,,grisMejua,Cerro_Hoya_Expedition/Hoya_606m_grisMejua_2025-01-26/2025-01-27/patches/grisMejua_2025_01_27__19_34_06_HDR0_8_Mothbot_yolo11m_4500_imgsz1600_b1_2024-01-18.pt.jpg,ORDER_Hymenoptera,2025-01-27,19:34:06,,2025_01_27__19_34_06,MachineObservation,Cerro_Hoya_Expedition_Hoya_606m_grisMejua_2025-01-26_2025-01-27,Cerro_Hoya_Expedition_Hoya_606m_grisMejua_2025-01-26,grisMejua_2025_01_27__19_34_06_HDR0.jpg,grisMejua_2025_01_27__19_34_06_HDR0_8_Mothbot_yolo11m_4500_imgsz1600_b1_2024-01-18.pt.jpg
doi.org10.15468dl.6nxkw6.csv,Animalia,Arthropoda,Insecta,,,,,,216,,Insecta,Insecta,Cerro_Hoya_Expedition_Hoya_606m_grisMejua_2025-01-26,grisMejua_2025_01_27__19_34_06_HDR0_9_Mothbot_yolo11m_4500_imgsz1600_b1_2024-01-18.pt.jpg,HS,Mothbot_yolo11m_4500_imgsz1600_b1_2024-01-18.pt,0.3565896153450012,,grisMejua,Cerro_Hoya_Expedition/Hoya_606m_grisMejua_2025-01-26/2025-01-27/patches/grisMejua_2025_01_27__19_34_06_HDR0_9_Mothbot_yolo11m_4500_imgsz1600_b1_2024-01-18.pt.jpg,ORDER_Coleoptera,2025-01-27,19:34:06,,2025_01_27__19_34_06,MachineObservation,Cerro_Hoya_Expedition_Hoya_606m_grisMejua_2025-01-26_2025-01-27,Cerro_Hoya_Expedition_Hoya_606m_grisMejua_2025-01-26,grisMejua_2025_01_27__19_34_06_HDR0.jpg,grisMejua_2025_01_27__19_34_06_HDR0_9_Mothbot_yolo11m_4500_imgsz1600_b1_2024-01-18.pt.jpg
doi.org10.15468dl.6nxkw6.csv,Animalia,Arthropoda,Insecta,,,,,,216,,Insecta,Insecta,Cerro_Hoya_Expedition_Hoya_606m_grisMejua_2025-01-26,grisMejua_2025_01_27__19_34_06_HDR0_10_Mothbot_yolo11m_4500_imgsz1600_b1_2024-01-18.pt.jpg,HS,Mothbot_yolo11m_4500_imgsz1600_b1_2024-01-18.pt,0.3482823669910431,,grisMejua,Cerro_Hoya_Expedition/Hoya_606m_grisMejua_2025-01-26/2025-01-27/patches/grisMejua_2025_01_27__19_34_06_HDR0_10_Mothbot_yolo11m_4500_imgsz1600_b1_2024-01-18.pt.jpg,ORDER_Diptera,2025-01-27,19:34:06,,2025_01_27__19_34_06,MachineObservation,Cerro_Hoya_Expedition_Hoya_606m_grisMejua_2025-01-26_2025-01-27,Cerro_Hoya_Expedition_Hoya_606m_grisMejua_2025-01-26,grisMejua_2025_01_27__19_34_06_HDR0.jpg,grisMejua_2025_01_27__19_34_06_HDR0_10_Mothbot_yolo11m_4500_imgsz1600_b1_2024-01-18.pt.jpg
doi.org10.15468dl.6nxkw6.csv,Animalia,Arthropoda,Insecta,Coleoptera,,,,,1470,,Coleoptera,Coleoptera,Cerro_Hoya_Expedition_Hoya_606m_grisMejua_2025-01-26,grisMejua_2025_01_27__19_34_06_HDR0_11_Mothbot_yolo11m_4500_imgsz1600_b1_2024-01-18.pt.jpg,HS,Mothbot_yolo11m_4500_imgsz1600_b1_2024-01-18.pt,0.2565029263496399,,grisMejua,Cerro_Hoya_Expedition/Hoya_606m_grisMejua_2025-01-26/2025-01-27/patches/grisMejua_2025_01_27__19_34_06_HDR0_11_Mothbot_yolo11m_4500_imgsz1600_b1_2024-01-18.pt.jpg,ORDER_Hemiptera,2025-01-27,19:34:06,,2025_01_27__19_34_06,MachineObservation,Cerro_Hoya_Expedition_Hoya_606m_grisMejua_2025-01-26_2025-01-27,Cerro_Hoya_Expedition_Hoya_606m_grisMejua_2025-01-26,grisMejua_2025_01_27__19_34_06_HDR0.jpg,grisMejua_2025_01_27__19_34_06_HDR0_11_Mothbot_yolo11m_4500_imgsz1600_b1_2024-01-18.pt.jpg
doi.org10.15468dl.6nxkw6.csv,Animalia,Arthropoda,Insecta,Hemiptera,,,,,809,,Hemiptera,Hemiptera,Cerro_Hoya_Expedition_Hoya_606m_grisMejua_2025-01-26,grisMejua_2025_01_27__19_35_06_HDR0_0_Mothbot_yolo11m_4500_imgsz1600_b1_2024-01-18.pt.jpg,HS,Mothbot_yolo11m_4500_imgsz1600_b1_2024-01-18.pt,0.8435535430908203,,grisMejua,Cerro_Hoya_Expedition/Hoya_606m_grisMejua_2025-01-26/2025-01-27/patches/grisMejua_2025_01_27__19_35_06_HDR0_0_Mothbot_yolo11m_4500_imgsz1600_b1_2024-01-18.pt.jpg,ORDER_Hemiptera,2025-01-27,19:35:06,,2025_01_27__19_35_06,MachineObservation,Cerro_Hoya_Expedition_Hoya_606m_grisMejua_2025-01-26_2025-01-27,Cerro_Hoya_Expedition_Hoya_606m_grisMejua_2025-01-26,grisMejua_2025_01_27__19_35_06_HDR0.jpg,grisMejua_2025_01_27__19_35_06_HDR0_0_Mothbot_yolo11m_4500_imgsz1600_b1_2024-01-18.pt.jpg
doi.org10.15468dl.6nxkw6.csv,Animalia,Arthropoda,Insecta,Hemiptera,,,,,809,,Hemiptera,Hemiptera,Cerro_Hoya_Expedition_Hoya_606m_grisMejua_2025-01-26,grisMejua_2025_01_27__19_35_06_HDR0_1_Mothbot_yolo11m_4500_imgsz1600_b1_2024-01-18.pt.jpg,HS,Mothbot_yolo11m_4500_imgsz1600_b1_2024-01-18.pt,0.7681586146354675,,grisMejua,Cerro_Hoya_Expedition/Hoya_606m_grisMejua_2025-01-26/2025-01-27/patches/grisMejua_2025_01_27__19_35_06_HDR0_1_Mothbot_yolo11m_4500_imgsz1600_b1_2024-01-18.pt.jpg,ORDER_Hemiptera,2025-01-27,19:35:06,,2025_01_27__19_35_06,MachineObservation,Cerro_Hoya_Expedition_Hoya_606m_grisMejua_2025-01-26_2025-01-27,Cerro_Hoya_Expedition_Hoya_606m_grisMejua_2025-01-26,grisMejua_2025_01_27__19_35_06_HDR0.jpg,grisMejua_2025_01_27__19_35_06_HDR0_1_Mothbot_yolo11m_4500_imgsz1600_b1_2024-01-18.pt.jpg
doi.org10.15468dl.6nxkw6.csv,Animalia,Arthropoda,Insecta,Hemiptera,,,,,809,,Hemiptera,Hemiptera,Cerro_Hoya_Expedition_Hoya_606m_grisMejua_2025-01-26,grisMejua_2025_01_27__19_35_06_HDR0_2_Mothbot_yolo11m_4500_imgsz1600_b1_2024-01-18.pt.jpg,HS,Mothbot_yolo11m_4500_imgsz1600_b1_2024-01-18.pt,0.7207534313201904,,grisMejua,Cerro_Hoya_Expedition/Hoya_606m_grisMejua_2025-01-26/2025-01-27/patches/grisMejua_2025_01_27__19_35_06_HDR0_2_Mothbot_yolo11m_4500_imgsz1600_b1_2024-01-18.pt.jpg,ORDER_Hemiptera,2025-01-27,19:35:06,,2025_01_27__19_35_06,MachineObservation,Cerro_Hoya_Expedition_Hoya_606m_grisMejua_2025-01-26_2025-01-27,Cerro_Hoya_Expedition_Hoya_606m_grisMejua_2025-01-26,grisMejua_2025_01_27__19_35_06_HDR0.jpg,grisMejua_2025_01_27__19_35_06_HDR0_2_Mothbot_yolo11m_4500_imgsz1600_b1_2024-01-18.pt.jpg
doi.org10.15468dl.6nxkw6.csv,Animalia,Arthropoda,Insecta,Hemiptera,,,,,809,,Hemiptera,Hemiptera,Cerro_Hoya_Expedition_Hoya_606m_grisMejua_2025-01-26,grisMejua_2025_01_27__19_35_06_HDR0_3_Mothbot_yolo11m_4500_imgsz1600_b1_2024-01-18.pt.jpg,HS,Mothbot_yolo11m_4500_imgsz1600_b1_2024-01-18.pt,0.6681827306747437,,grisMejua,Cerro_Hoya_Expedition/Hoya_606m_grisMejua_2025-01-26/2025-01-27/patches/grisMejua_2025_01_27__19_35_06_HDR0_3_Mothbot_yolo11m_4500_imgsz1600_b1_2024-01-18.pt.jpg,ORDER_Hymenoptera,2025-01-27,19:35:06,,2025_01_27__19_35_06,MachineObservation,Cerro_Hoya_Expedition_Hoya_606m_grisMejua_2025-01-26_2025-01-27,Cerro_Hoya_Expedition_Hoya_606m_grisMejua_2025-01-26,grisMejua_2025_01_27__19_35_06_HDR0.jpg,grisMejua_2025_01_27__19_35_06_HDR0_3_Mothbot_yolo11m_4500_imgsz1600_b1_2024-01-18.pt.jpg
doi.org10.15468dl.6nxkw6.csv,Animalia,Arthropoda,Insecta,Hemiptera,,,,,809,,Hemiptera,Hemiptera,Cerro_Hoya_Expedition_Hoya_606m_grisMejua_2025-01-26,grisMejua_2025_01_27__19_35_06_HDR0_4_Mothbot_yolo11m_4500_imgsz1600_b1_2024-01-18.pt.jpg,HS,Mothbot_yolo11m_4500_imgsz1600_b1_2024-01-18.pt,0.6093754768371582,,grisMejua,Cerro_Hoya_Expedition/Hoya_606m_grisMejua_2025-01-26/2025-01-27/patches/grisMejua_2025_01_27__19_35_06_HDR0_4_Mothbot_yolo11m_4500_imgsz1600_b1_2024-01-18.pt.jpg,ORDER_Diptera,2025-01-27,19:35:06,,2025_01_27__19_35_06,MachineObservation,Cerro_Hoya_Expedition_Hoya_606m_grisMejua_2025-01-26_2025-01-27,Cerro_Hoya_Expedition_Hoya_606m_grisMejua_2025-01-26,grisMejua_2025_01_27__19_35_06_HDR0.jpg,grisMejua_2025_01_27__19_35_06_HDR0_4_Mothbot_yolo11m_4500_imgsz1600_b1_2024-01-18.pt.jpg
doi.org10.15468dl.6nxkw6.csv,Animalia,Arthropoda,Insecta,Coleoptera,,,,,1470,,Coleoptera,Coleoptera,Cerro_Hoya_Expedition_Hoya_606m_grisMejua_2025-01-26,grisMejua_2025_01_27__19_35_06_HDR0_5_Mothbot_yolo11m_4500_imgsz1600_b1_2024-01-18.pt.jpg,HS,Mothbot_yolo11m_4500_imgsz1600_b1_2024-01-18.pt,0.5167073607444763,,grisMejua,Cerro_Hoya_Expedition/Hoya_606m_grisMejua_2025-01-26/2025-01-27/patches/grisMejua_2025_01_27__19_35_06_HDR0_5_Mothbot_yolo11m_4500_imgsz1600_b1_2024-01-18.pt.jpg,ORDER_Coleoptera,2025-01-27,19:35:06,,2025_01_27__19_35_06,MachineObservation,Cerro_Hoya_Expedition_Hoya_606m_grisMejua_2025-01-26_2025-01-27,Cerro_Hoya_Expedition_Hoya_606m_grisMejua_2025-01-26,grisMejua_2025_01_27__19_35_06_HDR0.jpg,grisMejua_2025_01_27__19_35_06_HDR0_5_Mothbot_yolo11m_4500_imgsz1600_b1_2024-01-18.pt.jpg
doi.org10.15468dl.6nxkw6.csv,Animalia,Arthropoda,Insecta,Coleoptera,,,,,1470,,Coleoptera,Coleoptera,Cerro_Hoya_Expedition_Hoya_606m_grisMejua_2025-01-26,grisMejua_2025_01_27__19_35_06_HDR0_6_Mothbot_yolo11m_4500_imgsz1600_b1_2024-01-18.pt.jpg,HS,Mothbot_yolo11m_4500_imgsz1600_b1_2024-01-18.pt,0.4525623023509979,,grisMejua,Cerro_Hoya_Expedition/Hoya_606m_grisMejua_2025-01-26/2025-01-27/patches/grisMejua_2025_01_27__19_35_06_HDR0_6_Mothbot_yolo11m_4500_imgsz1600_b1_2024-01-18.pt.jpg,ORDER_Hemiptera,2025-01-27,19:35:06,,2025_01_27__19_35_06,MachineObservation,Cerro_Hoya_Expedition_Hoya_606m_grisMejua_2025-01-26_2025-01-27,Cerro_Hoya_Expedition_Hoya_606m_grisMejua_2025-01-26,grisMejua_2025_01_27__19_35_06_HDR0.jpg,grisMejua_2025_01_27__19_35_06_HDR0_6_Mothbot_yolo11m_4500_imgsz1600_b1_2024-01-18.pt.jpg
doi.org10.15468dl.6nxkw6.csv,Animalia,Arthropoda,Insecta,Coleoptera,,,,,1470,,Coleoptera,Coleoptera,Cerro_Hoya_Expedition_Hoya_606m_grisMejua_2025-01-26,grisMejua_2025_01_27__19_35_06_HDR0_7_Mothbot_yolo11m_4500_imgsz1600_b1_2024-01-18.pt.jpg,HS,Mothbot_yolo11m_4500_imgsz1600_b1_2024-01-18.pt,0.4172976613044739,,grisMejua,Cerro_Hoya_Expedition/Hoya_606m_grisMejua_2025-01-26/2025-01-27/patches/grisMejua_2025_01_27__19_35_06_HDR0_7_Mothbot_yolo11m_4500_imgsz1600_b1_2024-01-18.pt.jpg,ORDER_Hemiptera,2025-01-27,19:35:06,,2025_01_27__19_35_06,MachineObservation,Cerro_Hoya_Expedition_Hoya_606m_grisMejua_2025-01-26_2025-01-27,Cerro_Hoya_Expedition_Hoya_606m_grisMejua_2025-01-26,grisMejua_2025_01_27__19_35_06_HDR0.jpg,grisMejua_2025_01_27__19_35_06_HDR0_7_Mothbot_yolo11m_4500_imgsz1600_b1_2024-01-18.pt.jpg
doi.org10.15468dl.6nxkw6.csv,Animalia,Arthropoda,Insecta,Coleoptera,,,,,1470,,Coleoptera,Coleoptera,Cerro_Hoya_Expedition_Hoya_606m_grisMejua_2025-01-26,grisMejua_2025_01_27__19_35_06_HDR0_8_Mothbot_yolo11m_4500_imgsz1600_b1_2024-01-18.pt.jpg,HS,Mothbot_yolo11m_4500_imgsz1600_b1_2024-01-18.pt,0.3352697789669037,,grisMejua,Cerro_Hoya_Expedition/Hoya_606m_grisMejua_2025-01-26/2025-01-27/patches/grisMejua_2025_01_27__19_35_06_HDR0_8_Mothbot_yolo11m_4500_imgsz1600_b1_2024-01-18.pt.jpg,ORDER_Coleoptera,2025-01-27,19:35:06,,2025_01_27__19_35_06,MachineObservation,Cerro_Hoya_Expedition_Hoya_606m_grisMejua_2025-01-26_2025-01-27,Cerro_Hoya_Expedition_Hoya_606m_grisMejua_2025-01-26,grisMejua_2025_01_27__19_35_06_HDR0.jpg,grisMejua_2025_01_27__19_35_06_HDR0_8_Mothbot_yolo11m_4500_imgsz1600_b1_2024-01-18.pt.jpg
doi.org10.15468dl.6nxkw6.csv,Animalia,Arthropoda,Insecta,Coleoptera,,,,,1470,,Coleoptera,Coleoptera,Cerro_Hoya_Expedition_Hoya_606m_grisMejua_2025-01-26,grisMejua_2025_01_27__19_35_06_HDR0_9_Mothbot_yolo11m_4500_imgsz1600_b1_2024-01-18.pt.jpg,HS,Mothbot_yolo11m_4500_imgsz1600_b1_2024-01-18.pt,0.33081701397895813,,grisMejua,Cerro_Hoya_Expedition/Hoya_606m_grisMejua_2025-01-26/2025-01-27/patches/grisMejua_2025_01_27__19_35_06_HDR0_9_Mothbot_yolo11m_4500_imgsz1600_b1_2024-01-18.pt.jpg,ORDER_Diptera,2025-01-27,19:35:06,,2025_01_27__19_35_06,MachineObservation,Cerro_Hoya_Expedition_Hoya_606m_grisMejua_2025-01-26_2025-01-27,Cerro_Hoya_Expedition_Hoya_606m_grisMejua_2025-01-26,grisMejua_2025_01_27__19_35_06_HDR0.jpg,grisMejua_2025_01_27__19_35_06_HDR0_9_Mothbot_yolo11m_4500_imgsz1600_b1_2024-01-18.pt.jpg
doi.org10.15468dl.6nxkw6.csv,Animalia,Arthropoda,Insecta,Coleoptera,,,,,1470,,Coleoptera,Coleoptera,Cerro_Hoya_Expedition_Hoya_606m_grisMejua_2025-01-26,grisMejua_2025_01_27__19_35_06_HDR0_10_Mothbot_yolo11m_4500_imgsz1600_b1_2024-01-18.pt.jpg,HS,Mothbot_yolo11m_4500_imgsz1600_b1_2024-01-18.pt,0.31561586260795593,,grisMejua,Cerro_Hoya_Expedition/Hoya_606m_grisMejua_2025-01-26/2025-01-27/patches/grisMejua_2025_01_27__19_35_06_HDR0_10_Mothbot_yolo11m_4500_imgsz1600_b1_2024-01-18.pt.jpg,ORDER_Diptera,2025-01-27,19:35:06,,2025_01_27__19_35_06,MachineObservation,Cerro_Hoya_Expedition_Hoya_606m_grisMejua_2025-01-26_2025-01-27,Cerro_Hoya_Expedition_Hoya_606m_grisMejua_2025-01-26,grisMejua_2025_01_27__19_35_06_HDR0.jpg,grisMejua_2025_01_27__19_35_06_HDR0_10_Mothbot_yolo11m_4500_imgsz1600_b1_2024-01-18.pt.jpg
doi.org10.15468dl.6nxkw6.csv,Animalia,Arthropoda,Insecta,Coleoptera,,,,,1470,,Coleoptera,Coleoptera,Cerro_Hoya_Expedition_Hoya_606m_grisMejua_2025-01-26,grisMejua_2025_01_27__19_35_06_HDR0_11_Mothbot_yolo11m_4500_imgsz1600_b1_2024-01-18.pt.jpg,HS,Mothbot_yolo11m_4500_imgsz1600_b1_2024-01-18.pt,0.3014145493507385,,grisMejua,Cerro_Hoya_Expedition/Hoya_606m_grisMejua_2025-01-26/2025-01-27/patches/grisMejua_2025_01_27__19_35_06_HDR0_11_Mothbot_yolo11m_4500_imgsz1600_b1_2024-01-18.pt.jpg,ORDER_Coleoptera,2025-01-27,19:35:06,,2025_01_27__19_35_06,MachineObservation,Cerro_Hoya_Expedition_Hoya_606m_grisMejua_2025-01-26_2025-01-27,Cerro_Hoya_Expedition_Hoya_606m_grisMejua_2025-01-26,grisMejua_2025_01_27__19_35_06_HDR0.jpg,grisMejua_2025_01_27__19_35_06_HDR0_11_Mothbot_yolo11m_4500_imgsz1600_b1_2024-01-18.pt.jpg
doi.org10.15468dl.6nxkw6.csv,Animalia,Arthropoda,Insecta,,,,,,216,,Insecta,Insecta,Cerro_Hoya_Expedition_Hoya_606m_grisMejua_2025-01-26,grisMejua_2025_01_27__19_35_06_HDR0_12_Mothbot_yolo11m_4500_imgsz1600_b1_2024-01-18.pt.jpg,HS,Mothbot_yolo11m_4500_imgsz1600_b1_2024-01-18.pt,0.29110169410705566,,grisMejua,Cerro_Hoya_Expedition/Hoya_606m_grisMejua_2025-01-26/2025-01-27/patches/grisMejua_2025_01_27__19_35_06_HDR0_12_Mothbot_yolo11m_4500_imgsz1600_b1_2024-01-18.pt.jpg,ORDER_Coleoptera,2025-01-27,19:35:06,,2025_01_27__19_35_06,MachineObservation,Cerro_Hoya_Expedition_Hoya_606m_grisMejua_2025-01-26_2025-01-27,Cerro_Hoya_Expedition_Hoya_606m_grisMejua_2025-01-26,grisMejua_2025_01_27__19_35_06_HDR0.jpg,grisMejua_2025_01_27__19_35_06_HDR0_12_Mothbot_yolo11m_4500_imgsz1600_b1_2024-01-18.pt.jpg
doi.org10.15468dl.6nxkw6.csv,Animalia,Arthropoda,Insecta,Coleoptera,,,,,1470,,Coleoptera,Coleoptera,Cerro_Hoya_Expedition_Hoya_606m_grisMejua_2025-01-26,grisMejua_2025_01_27__19_35_06_HDR0_13_Mothbot_yolo11m_4500_imgsz1600_b1_2024-01-18.pt.jpg,HS,Mothbot_yolo11m_4500_imgsz1600_b1_2024-01-18.pt,0.2843483090400696,,grisMejua,Cerro_Hoya_Expedition/Hoya_606m_grisMejua_2025-01-26/2025-01-27/patches/grisMejua_2025_01_27__19_35_06_HDR0_13_Mothbot_yolo11m_4500_imgsz1600_b1_2024-01-18.pt.jpg,ORDER_Diptera,2025-01-27,19:35:06,,2025_01_27__19_35_06,MachineObservation,Cerro_Hoya_Expedition_Hoya_606m_grisMejua_2025-01-26_2025-01-27,Cerro_Hoya_Expedition_Hoya_606m_grisMejua_2025-01-26,grisMejua_2025_01_27__19_35_06_HDR0.jpg,grisMejua_2025_01_27__19_35_06_HDR0_13_Mothbot_yolo11m_4500_imgsz1600_b1_2024-01-18.pt.jpg
doi.org10.15468dl.6nxkw6.csv,Animalia,Arthropoda,Insecta,Hemiptera,,,,,809,,Hemiptera,Hemiptera,Cerro_Hoya_Expedition_Hoya_606m_grisMejua_2025-01-26,grisMejua_2025_01_27__19_35_06_HDR0_14_Mothbot_yolo11m_4500_imgsz1600_b1_2024-01-18.pt.jpg,HS,Mothbot_yolo11m_4500_imgsz1600_b1_2024-01-18.pt,0.2796633243560791,,grisMejua,Cerro_Hoya_Expedition/Hoya_606m_grisMejua_2025-01-26/2025-01-27/patches/grisMejua_2025_01_27__19_35_06_HDR0_14_Mothbot_yolo11m_4500_imgsz1600_b1_2024-01-18.pt.jpg,ORDER_Hemiptera,2025-01-27,19:35:06,,2025_01_27__19_35_06,MachineObservation,Cerro_Hoya_Expedition_Hoya_606m_grisMejua_2025-01-26_2025-01-27,Cerro_Hoya_Expedition_Hoya_606m_grisMejua_2025-01-26,grisMejua_2025_01_27__19_35_06_HDR0.jpg,grisMejua_2025_01_27__19_35_06_HDR0_14_Mothbot_yolo11m_4500_imgsz1600_b1_2024-01-18.pt.jpg
doi.org10.15468dl.6nxkw6.csv,Animalia,Arthropoda,Insecta,Coleoptera,,,,,1470,,Coleoptera,Coleoptera,Cerro_Hoya_Expedition_Hoya_606m_grisMejua_2025-01-26,grisMejua_2025_01_27__19_35_06_HDR0_15_Mothbot_yolo11m_4500_imgsz1600_b1_2024-01-18.pt.jpg,HS,Mothbot_yolo11m_4500_imgsz1600_b1_2024-01-18.pt,0.27570581436157227,,grisMejua,Cerro_Hoya_Expedition/Hoya_606m_grisMejua_2025-01-26/2025-01-27/patches/grisMejua_2025_01_27__19_35_06_HDR0_15_Mothbot_yolo11m_4500_imgsz1600_b1_2024-01-18.pt.jpg,ORDER_Hemiptera,2025-01-27,19:35:06,,2025_01_27__19_35_06,MachineObservation,Cerro_Hoya_Expedition_Hoya_606m_grisMejua_2025-01-26_2025-01-27,Cerro_Hoya_Expedition_Hoya_606m_grisMejua_2025-01-26,grisMejua_2025_01_27__19_35_06_HDR0.jpg,grisMejua_2025_01_27__19_35_06_HDR0_15_Mothbot_yolo11m_4500_imgsz1600_b1_2024-01-18.pt.jpg
doi.org10.15468dl.6nxkw6.csv,Animalia,Arthropoda,Insecta,Hemiptera,,,,,809,,Hemiptera,Hemiptera,Cerro_Hoya_Expedition_Hoya_606m_grisMejua_2025-01-26,grisMejua_2025_01_27__19_36_22_HDR0_0_Mothbot_yolo11m_4500_imgsz1600_b1_2024-01-18.pt.jpg,HS,Mothbot_yolo11m_4500_imgsz1600_b1_2024-01-18.pt,0.6593641638755798,,grisMejua,Cerro_Hoya_Expedition/Hoya_606m_grisMejua_2025-01-26/2025-01-27/patches/grisMejua_2025_01_27__19_36_22_HDR0_0_Mothbot_yolo11m_4500_imgsz1600_b1_2024-01-18.pt.jpg,ORDER_Hemiptera,2025-01-27,19:36:22,,2025_01_27__19_36_22,MachineObservation,Cerro_Hoya_Expedition_Hoya_606m_grisMejua_2025-01-26_2025-01-27,Cerro_Hoya_Expedition_Hoya_606m_grisMejua_2025-01-26,grisMejua_2025_01_27__19_36_22_HDR0.jpg,grisMejua_2025_01_27__19_36_22_HDR0_0_Mothbot_yolo11m_4500_imgsz1600_b1_2024-01-18.pt.jpg
doi.org10.15468dl.6nxkw6.csv,Animalia,Arthropoda,Insecta,Hemiptera,,,,,809,,Hemiptera,Hemiptera,Cerro_Hoya_Expedition_Hoya_606m_grisMejua_2025-01-26,grisMejua_2025_01_27__19_36_22_HDR0_1_Mothbot_yolo11m_4500_imgsz1600_b1_2024-01-18.pt.jpg,HS,Mothbot_yolo11m_4500_imgsz1600_b1_2024-01-18.pt,0.64985191822052,,grisMejua,Cerro_Hoya_Expedition/Hoya_606m_grisMejua_2025-01-26/2025-01-27/patches/grisMejua_2025_01_27__19_36_22_HDR0_1_Mothbot_yolo11m_4500_imgsz1600_b1_2024-01-18.pt.jpg,ORDER_Lepidoptera,2025-01-27,19:36:22,,2025_01_27__19_36_22,MachineObservation,Cerro_Hoya_Expedition_Hoya_606m_grisMejua_2025-01-26_2025-01-27,Cerro_Hoya_Expedition_Hoya_606m_grisMejua_2025-01-26,grisMejua_2025_01_27__19_36_22_HDR0.jpg,grisMejua_2025_01_27__19_36_22_HDR0_1_Mothbot_yolo11m_4500_imgsz1600_b1_2024-01-18.pt.jpg
doi.org10.15468dl.6nxkw6.csv,Animalia,Arthropoda,Insecta,Coleoptera,,,,,1470,,Coleoptera,Coleoptera,Cerro_Hoya_Expedition_Hoya_606m_grisMejua_2025-01-26,grisMejua_2025_01_27__19_36_22_HDR0_2_Mothbot_yolo11m_4500_imgsz1600_b1_2024-01-18.pt.jpg,HS,Mothbot_yolo11m_4500_imgsz1600_b1_2024-01-18.pt,0.5201877951622009,,grisMejua,Cerro_Hoya_Expedition/Hoya_606m_grisMejua_2025-01-26/2025-01-27/patches/grisMejua_2025_01_27__19_36_22_HDR0_2_Mothbot_yolo11m_4500_imgsz1600_b1_2024-01-18.pt.jpg,ORDER_Coleoptera,2025-01-27,19:36:22,,2025_01_27__19_36_22,MachineObservation,Cerro_Hoya_Expedition_Hoya_606m_grisMejua_2025-01-26_2025-01-27,Cerro_Hoya_Expedition_Hoya_606m_grisMejua_2025-01-26,grisMejua_2025_01_27__19_36_22_HDR0.jpg,grisMejua_2025_01_27__19_36_22_HDR0_2_Mothbot_yolo11m_4500_imgsz1600_b1_2024-01-18.pt.jpg
doi.org10.15468dl.6nxkw6.csv,Animalia,Arthropoda,Insecta,Diptera,,,,,811,,Diptera,Diptera,Cerro_Hoya_Expedition_Hoya_606m_grisMejua_2025-01-26,grisMejua_2025_01_27__19_36_22_HDR0_3_Mothbot_yolo11m_4500_imgsz1600_b1_2024-01-18.pt.jpg,HS,Mothbot_yolo11m_4500_imgsz1600_b1_2024-01-18.pt,0.4845522940158844,,grisMejua,Cerro_Hoya_Expedition/Hoya_606m_grisMejua_2025-01-26/2025-01-27/patches/grisMejua_2025_01_27__19_36_22_HDR0_3_Mothbot_yolo11m_4500_imgsz1600_b1_2024-01-18.pt.jpg,ORDER_Diptera,2025-01-27,19:36:22,,2025_01_27__19_36_22,MachineObservation,Cerro_Hoya_Expedition_Hoya_606m_grisMejua_2025-01-26_2025-01-27,Cerro_Hoya_Expedition_Hoya_606m_grisMejua_2025-01-26,grisMejua_2025_01_27__19_36_22_HDR0.jpg,grisMejua_2025_01_27__19_36_22_HDR0_3_Mothbot_yolo11m_4500_imgsz1600_b1_2024-01-18.pt.jpg
doi.org10.15468dl.6nxkw6.csv,Animalia,Arthropoda,Insecta,Hemiptera,,,,,809,,Hemiptera,Hemiptera,Cerro_Hoya_Expedition_Hoya_606m_grisMejua_2025-01-26,grisMejua_2025_01_27__19_36_22_HDR0_4_Mothbot_yolo11m_4500_imgsz1600_b1_2024-01-18.pt.jpg,HS,Mothbot_yolo11m_4500_imgsz1600_b1_2024-01-18.pt,0.4720293879508972,,grisMejua,Cerro_Hoya_Expedition/Hoya_606m_grisMejua_2025-01-26/2025-01-27/patches/grisMejua_2025_01_27__19_36_22_HDR0_4_Mothbot_yolo11m_4500_imgsz1600_b1_2024-01-18.pt.jpg,ORDER_Diptera,2025-01-27,19:36:22,,2025_01_27__19_36_22,MachineObservation,Cerro_Hoya_Expedition_Hoya_606m_grisMejua_2025-01-26_2025-01-27,Cerro_Hoya_Expedition_Hoya_606m_grisMejua_2025-01-26,grisMejua_2025_01_27__19_36_22_HDR0.jpg,grisMejua_2025_01_27__19_36_22_HDR0_4_Mothbot_yolo11m_4500_imgsz1600_b1_2024-01-18.pt.jpg
doi.org10.15468dl.6nxkw6.csv,Animalia,Arthropoda,Insecta,Coleoptera,,,,,1470,,Coleoptera,Coleoptera,Cerro_Hoya_Expedition_Hoya_606m_grisMejua_2025-01-26,grisMejua_2025_01_27__19_36_22_HDR0_5_Mothbot_yolo11m_4500_imgsz1600_b1_2024-01-18.pt.jpg,HS,Mothbot_yolo11m_4500_imgsz1600_b1_2024-01-18.pt,0.3168134093284607,,grisMejua,Cerro_Hoya_Expedition/Hoya_606m_grisMejua_2025-01-26/2025-01-27/patches/grisMejua_2025_01_27__19_36_22_HDR0_5_Mothbot_yolo11m_4500_imgsz1600_b1_2024-01-18.pt.jpg,ORDER_Hemiptera,2025-01-27,19:36:22,,2025_01_27__19_36_22,MachineObservation,Cerro_Hoya_Expedition_Hoya_606m_grisMejua_2025-01-26_2025-01-27,Cerro_Hoya_Expedition_Hoya_606m_grisMejua_2025-01-26,grisMejua_2025_01_27__19_36_22_HDR0.jpg,grisMejua_2025_01_27__19_36_22_HDR0_5_Mothbot_yolo11m_4500_imgsz1600_b1_2024-01-18.pt.jpg
doi.org10.15468dl.6nxkw6.csv,Animalia,Arthropoda,Insecta,Coleoptera,,,,,1470,,Coleoptera,Coleoptera,Cerro_Hoya_Expedition_Hoya_606m_grisMejua_2025-01-26,grisMejua_2025_01_27__19_36_22_HDR0_6_Mothbot_yolo11m_4500_imgsz1600_b1_2024-01-18.pt.jpg,HS,Mothbot_yolo11m_4500_imgsz1600_b1_2024-01-18.pt,0.2971464693546295,,grisMejua,Cerro_Hoya_Expedition/Hoya_606m_grisMejua_2025-01-26/2025-01-27/patches/grisMejua_2025_01_27__19_36_22_HDR0_6_Mothbot_yolo11m_4500_imgsz1600_b1_2024-01-18.pt.jpg,ORDER_Hemiptera,2025-01-27,19:36:22,,2025_01_27__19_36_22,MachineObservation,Cerro_Hoya_Expedition_Hoya_606m_grisMejua_2025-01-26_2025-01-27,Cerro_Hoya_Expedition_Hoya_606m_grisMejua_2025-01-26,grisMejua_2025_01_27__19_36_22_HDR0.jpg,grisMejua_2025_01_27__19_36_22_HDR0_6_Mothbot_yolo11m_4500_imgsz1600_b1_2024-01-18.pt.jpg
doi.org10.15468dl.6nxkw6.csv,Animalia,Arthropoda,Insecta,Coleoptera,,,,,1470,,Coleoptera,Coleoptera,Cerro_Hoya_Expedition_Hoya_606m_grisMejua_2025-01-26,grisMejua_2025_01_27__19_36_22_HDR0_7_Mothbot_yolo11m_4500_imgsz1600_b1_2024-01-18.pt.jpg,HS,Mothbot_yolo11m_4500_imgsz1600_b1_2024-01-18.pt,0.25846120715141296,,grisMejua,Cerro_Hoya_Expedition/Hoya_606m_grisMejua_2025-01-26/2025-01-27/patches/grisMejua_2025_01_27__19_36_22_HDR0_7_Mothbot_yolo11m_4500_imgsz1600_b1_2024-01-18.pt.jpg,ORDER_Coleoptera,2025-01-27,19:36:22,,2025_01_27__19_36_22,MachineObservation,Cerro_Hoya_Expedition_Hoya_606m_grisMejua_2025-01-26_2025-01-27,Cerro_Hoya_Expedition_Hoya_606m_grisMejua_2025-01-26,grisMejua_2025_01_27__19_36_22_HDR0.jpg,grisMejua_2025_01_27__19_36_22_HDR0_7_Mothbot_yolo11m_4500_imgsz1600_b1_2024-01-18.pt.jpg
doi.org10.15468dl.6nxkw6.csv,Animalia,Arthropoda,Insecta,Hemiptera,,,,,809,,Hemiptera,Hemiptera,Cerro_Hoya_Expedition_Hoya_606m_grisMejua_2025-01-26,grisMejua_2025_01_27__19_36_22_HDR0_8_Mothbot_yolo11m_4500_imgsz1600_b1_2024-01-18.pt.jpg,HS,Mothbot_yolo11m_4500_imgsz1600_b1_2024-01-18.pt,0.25798043608665466,,grisMejua,Cerro_Hoya_Expedition/Hoya_606m_grisMejua_2025-01-26/2025-01-27/patches/grisMejua_2025_01_27__19_36_22_HDR0_8_Mothbot_yolo11m_4500_imgsz1600_b1_2024-01-18.pt.jpg,ORDER_Odonata,2025-01-27,19:36:22,,2025_01_27__19_36_22,MachineObservation,Cerro_Hoya_Expedition_Hoya_606m_grisMejua_2025-01-26_2025-01-27,Cerro_Hoya_Expedition_Hoya_606m_grisMejua_2025-01-26,grisMejua_2025_01_27__19_36_22_HDR0.jpg,grisMejua_2025_01_27__19_36_22_HDR0_8_Mothbot_yolo11m_4500_imgsz1600_b1_2024-01-18.pt.jpg
doi.org10.15468dl.6nxkw6.csv,Animalia,Arthropoda,Insecta,Hemiptera,,,,,809,,Hemiptera,Hemiptera,Cerro_Hoya_Expedition_Hoya_606m_grisMejua_2025-01-26,grisMejua_2025_01_27__19_36_22_HDR0_9_Mothbot_yolo11m_4500_imgsz1600_b1_2024-01-18.pt.jpg,HS,Mothbot_yolo11m_4500_imgsz1600_b1_2024-01-18.pt,0.25312793254852295,,grisMejua,Cerro_Hoya_Expedition/Hoya_606m_grisMejua_2025-01-26/2025-01-27/patches/grisMejua_2025_01_27__19_36_22_HDR0_9_Mothbot_yolo11m_4500_imgsz1600_b1_2024-01-18.pt.jpg,ORDER_Hemiptera,2025-01-27,19:36:22,,2025_01_27__19_36_22,MachineObservation,Cerro_Hoya_Expedition_Hoya_606m_grisMejua_2025-01-26_2025-01-27,Cerro_Hoya_Expedition_Hoya_606m_grisMejua_2025-01-26,grisMejua_2025_01_27__19_36_22_HDR0.jpg,grisMejua_2025_01_27__19_36_22_HDR0_9_Mothbot_yolo11m_4500_imgsz1600_b1_2024-01-18.pt.jpg
doi.org10.15468dl.6nxkw6.csv,Animalia,Arthropoda,Insecta,Hemiptera,,,,,809,,Hemiptera,Hemiptera,Cerro_Hoya_Expedition_Hoya_606m_grisMejua_2025-01-26,grisMejua_2025_01_27__19_37_05_HDR0_0_Mothbot_yolo11m_4500_imgsz1600_b1_2024-01-18.pt.jpg,HS,Mothbot_yolo11m_4500_imgsz1600_b1_2024-01-18.pt,0.8167126178741455,,grisMejua,Cerro_Hoya_Expedition/Hoya_606m_grisMejua_2025-01-26/2025-01-27/patches/grisMejua_2025_01_27__19_37_05_HDR0_0_Mothbot_yolo11m_4500_imgsz1600_b1_2024-01-18.pt.jpg,ORDER_Hemiptera,2025-01-27,19:37:05,,2025_01_27__19_37_05,MachineObservation,Cerro_Hoya_Expedition_Hoya_606m_grisMejua_2025-01-26_2025-01-27,Cerro_Hoya_Expedition_Hoya_606m_grisMejua_2025-01-26,grisMejua_2025_01_27__19_37_05_HDR0.jpg,grisMejua_2025_01_27__19_37_05_HDR0_0_Mothbot_yolo11m_4500_imgsz1600_b1_2024-01-18.pt.jpg
doi.org10.15468dl.6nxkw6.csv,Animalia,Arthropoda,Insecta,Lepidoptera,,,,,797,,Lepidoptera,Lepidoptera,Cerro_Hoya_Expedition_Hoya_606m_grisMejua_2025-01-26,grisMejua_2025_01_27__19_37_05_HDR0_1_Mothbot_yolo11m_4500_imgsz1600_b1_2024-01-18.pt.jpg,HS,Mothbot_yolo11m_4500_imgsz1600_b1_2024-01-18.pt,0.7451411485671997,,grisMejua,Cerro_Hoya_Expedition/Hoya_606m_grisMejua_2025-01-26/2025-01-27/patches/grisMejua_2025_01_27__19_37_05_HDR0_1_Mothbot_yolo11m_4500_imgsz1600_b1_2024-01-18.pt.jpg,ORDER_Lepidoptera,2025-01-27,19:37:05,,2025_01_27__19_37_05,MachineObservation,Cerro_Hoya_Expedition_Hoya_606m_grisMejua_2025-01-26_2025-01-27,Cerro_Hoya_Expedition_Hoya_606m_grisMejua_2025-01-26,grisMejua_2025_01_27__19_37_05_HDR0.jpg,grisMejua_2025_01_27__19_37_05_HDR0_1_Mothbot_yolo11m_4500_imgsz1600_b1_2024-01-18.pt.jpg
doi.org10.15468dl.6nxkw6.csv,Animalia,Arthropoda,Insecta,Hemiptera,,,,,809,,Hemiptera,Hemiptera,Cerro_Hoya_Expedition_Hoya_606m_grisMejua_2025-01-26,grisMejua_2025_01_27__19_37_05_HDR0_2_Mothbot_yolo11m_4500_imgsz1600_b1_2024-01-18.pt.jpg,HS,Mothbot_yolo11m_4500_imgsz1600_b1_2024-01-18.pt,0.7199185490608215,,grisMejua,Cerro_Hoya_Expedition/Hoya_606m_grisMejua_2025-01-26/2025-01-27/patches/grisMejua_2025_01_27__19_37_05_HDR0_2_Mothbot_yolo11m_4500_imgsz1600_b1_2024-01-18.pt.jpg,ORDER_Hemiptera,2025-01-27,19:37:05,,2025_01_27__19_37_05,MachineObservation,Cerro_Hoya_Expedition_Hoya_606m_grisMejua_2025-01-26_2025-01-27,Cerro_Hoya_Expedition_Hoya_606m_grisMejua_2025-01-26,grisMejua_2025_01_27__19_37_05_HDR0.jpg,grisMejua_2025_01_27__19_37_05_HDR0_2_Mothbot_yolo11m_4500_imgsz1600_b1_2024-01-18.pt.jpg
doi.org10.15468dl.6nxkw6.csv,Animalia,Arthropoda,Insecta,Hemiptera,,,,,809,,Hemiptera,Hemiptera,Cerro_Hoya_Expedition_Hoya_606m_grisMejua_2025-01-26,grisMejua_2025_01_27__19_37_05_HDR0_3_Mothbot_yolo11m_4500_imgsz1600_b1_2024-01-18.pt.jpg,HS,Mothbot_yolo11m_4500_imgsz1600_b1_2024-01-18.pt,0.6277007460594177,,grisMejua,Cerro_Hoya_Expedition/Hoya_606m_grisMejua_2025-01-26/2025-01-27/patches/grisMejua_2025_01_27__19_37_05_HDR0_3_Mothbot_yolo11m_4500_imgsz1600_b1_2024-01-18.pt.jpg,ORDER_Hymenoptera,2025-01-27,19:37:05,,2025_01_27__19_37_05,MachineObservation,Cerro_Hoya_Expedition_Hoya_606m_grisMejua_2025-01-26_2025-01-27,Cerro_Hoya_Expedition_Hoya_606m_grisMejua_2025-01-26,grisMejua_2025_01_27__19_37_05_HDR0.jpg,grisMejua_2025_01_27__19_37_05_HDR0_3_Mothbot_yolo11m_4500_imgsz1600_b1_2024-01-18.pt.jpg
doi.org10.15468dl.6nxkw6.csv,Animalia,Arthropoda,Insecta,Coleoptera,,,,,1470,,Coleoptera,Coleoptera,Cerro_Hoya_Expedition_Hoya_606m_grisMejua_2025-01-26,grisMejua_2025_01_27__19_37_05_HDR0_4_Mothbot_yolo11m_4500_imgsz1600_b1_2024-01-18.pt.jpg,HS,Mothbot_yolo11m_4500_imgsz1600_b1_2024-01-18.pt,0.39597588777542114,,grisMejua,Cerro_Hoya_Expedition/Hoya_606m_grisMejua_2025-01-26/2025-01-27/patches/grisMejua_2025_01_27__19_37_05_HDR0_4_Mothbot_yolo11m_4500_imgsz1600_b1_2024-01-18.pt.jpg,ORDER_Coleoptera,2025-01-27,19:37:05,,2025_01_27__19_37_05,MachineObservation,Cerro_Hoya_Expedition_Hoya_606m_grisMejua_2025-01-26_2025-01-27,Cerro_Hoya_Expedition_Hoya_606m_grisMejua_2025-01-26,grisMejua_2025_01_27__19_37_05_HDR0.jpg,grisMejua_2025_01_27__19_37_05_HDR0_4_Mothbot_yolo11m_4500_imgsz1600_b1_2024-01-18.pt.jpg
doi.org10.15468dl.6nxkw6.csv,Animalia,Arthropoda,Insecta,Coleoptera,,,,,1470,,Coleoptera,Coleoptera,Cerro_Hoya_Expedition_Hoya_606m_grisMejua_2025-01-26,grisMejua_2025_01_27__19_37_05_HDR0_5_Mothbot_yolo11m_4500_imgsz1600_b1_2024-01-18.pt.jpg,HS,Mothbot_yolo11m_4500_imgsz1600_b1_2024-01-18.pt,0.3372041881084442,,grisMejua,Cerro_Hoya_Expedition/Hoya_606m_grisMejua_2025-01-26/2025-01-27/patches/grisMejua_2025_01_27__19_37_05_HDR0_5_Mothbot_yolo11m_4500_imgsz1600_b1_2024-01-18.pt.jpg,ORDER_Diptera,2025-01-27,19:37:05,,2025_01_27__19_37_05,MachineObservation,Cerro_Hoya_Expedition_Hoya_606m_grisMejua_2025-01-26_2025-01-27,Cerro_Hoya_Expedition_Hoya_606m_grisMejua_2025-01-26,grisMejua_2025_01_27__19_37_05_HDR0.jpg,grisMejua_2025_01_27__19_37_05_HDR0_5_Mothbot_yolo11m_4500_imgsz1600_b1_2024-01-18.pt.jpg
doi.org10.15468dl.6nxkw6.csv,Animalia,Arthropoda,Insecta,Coleoptera,,,,,1470,,Coleoptera,Coleoptera,Cerro_Hoya_Expedition_Hoya_606m_grisMejua_2025-01-26,grisMejua_2025_01_27__19_37_05_HDR0_6_Mothbot_yolo11m_4500_imgsz1600_b1_2024-01-18.pt.jpg,HS,Mothbot_yolo11m_4500_imgsz1600_b1_2024-01-18.pt,0.29686829447746277,,grisMejua,Cerro_Hoya_Expedition/Hoya_606m_grisMejua_2025-01-26/2025-01-27/patches/grisMejua_2025_01_27__19_37_05_HDR0_6_Mothbot_yolo11m_4500_imgsz1600_b1_2024-01-18.pt.jpg,ORDER_Hemiptera,2025-01-27,19:37:05,,2025_01_27__19_37_05,MachineObservation,Cerro_Hoya_Expedition_Hoya_606m_grisMejua_2025-01-26_2025-01-27,Cerro_Hoya_Expedition_Hoya_606m_grisMejua_2025-01-26,grisMejua_2025_01_27__19_37_05_HDR0.jpg,grisMejua_2025_01_27__19_37_05_HDR0_6_Mothbot_yolo11m_4500_imgsz1600_b1_2024-01-18.pt.jpg
doi.org10.15468dl.6nxkw6.csv,Animalia,Arthropoda,Insecta,Hemiptera,,,,,809,,Hemiptera,Hemiptera,Cerro_Hoya_Expedition_Hoya_606m_grisMejua_2025-01-26,grisMejua_2025_01_27__19_37_05_HDR0_7_Mothbot_yolo11m_4500_imgsz1600_b1_2024-01-18.pt.jpg,HS,Mothbot_yolo11m_4500_imgsz1600_b1_2024-01-18.pt,0.2838800549507141,,grisMejua,Cerro_Hoya_Expedition/Hoya_606m_grisMejua_2025-01-26/2025-01-27/patches/grisMejua_2025_01_27__19_37_05_HDR0_7_Mothbot_yolo11m_4500_imgsz1600_b1_2024-01-18.pt.jpg,ORDER_Lepidoptera,2025-01-27,19:37:05,,2025_01_27__19_37_05,MachineObservation,Cerro_Hoya_Expedition_Hoya_606m_grisMejua_2025-01-26_2025-01-27,Cerro_Hoya_Expedition_Hoya_606m_grisMejua_2025-01-26,grisMejua_2025_01_27__19_37_05_HDR0.jpg,grisMejua_2025_01_27__19_37_05_HDR0_7_Mothbot_yolo11m_4500_imgsz1600_b1_2024-01-18.pt.jpg
doi.org10.15468dl.6nxkw6.csv,Animalia,Arthropoda,Insecta,Coleoptera,,,,,1470,,Coleoptera,Coleoptera,Cerro_Hoya_Expedition_Hoya_606m_grisMejua_2025-01-26,grisMejua_2025_01_27__19_37_05_HDR0_8_Mothbot_yolo11m_4500_imgsz1600_b1_2024-01-18.pt.jpg,HS,Mothbot_yolo11m_4500_imgsz1600_b1_2024-01-18.pt,0.26873812079429626,,grisMejua,Cerro_Hoya_Expedition/Hoya_606m_grisMejua_2025-01-26/2025-01-27/patches/grisMejua_2025_01_27__19_37_05_HDR0_8_Mothbot_yolo11m_4500_imgsz1600_b1_2024-01-18.pt.jpg,ORDER_Coleoptera,2025-01-27,19:37:05,,2025_01_27__19_37_05,MachineObservation,Cerro_Hoya_Expedition_Hoya_606m_grisMejua_2025-01-26_2025-01-27,Cerro_Hoya_Expedition_Hoya_606m_grisMejua_2025-01-26,grisMejua_2025_01_27__19_37_05_HDR0.jpg,grisMejua_2025_01_27__19_37_05_HDR0_8_Mothbot_yolo11m_4500_imgsz1600_b1_2024-01-18.pt.jpg
doi.org10.15468dl.6nxkw6.csv,Animalia,Arthropoda,Insecta,Hemiptera,,,,,809,,Hemiptera,Hemiptera,Cerro_Hoya_Expedition_Hoya_606m_grisMejua_2025-01-26,grisMejua_2025_01_27__19_37_05_HDR0_9_Mothbot_yolo11m_4500_imgsz1600_b1_2024-01-18.pt.jpg,HS,Mothbot_yolo11m_4500_imgsz1600_b1_2024-01-18.pt,0.25992321968078613,,grisMejua,Cerro_Hoya_Expedition/Hoya_606m_grisMejua_2025-01-26/2025-01-27/patches/grisMejua_2025_01_27__19_37_05_HDR0_9_Mothbot_yolo11m_4500_imgsz1600_b1_2024-01-18.pt.jpg,ORDER_Hemiptera,2025-01-27,19:37:05,,2025_01_27__19_37_05,MachineObservation,Cerro_Hoya_Expedition_Hoya_606m_grisMejua_2025-01-26_2025-01-27,Cerro_Hoya_Expedition_Hoya_606m_grisMejua_2025-01-26,grisMejua_2025_01_27__19_37_05_HDR0.jpg,grisMejua_2025_01_27__19_37_05_HDR0_9_Mothbot_yolo11m_4500_imgsz1600_b1_2024-01-18.pt.jpg
doi.org10.15468dl.6nxkw6.csv,Animalia,Arthropoda,Insecta,Coleoptera,,,,,1470,,Coleoptera,Coleoptera,Cerro_Hoya_Expedition_Hoya_606m_grisMejua_2025-01-26,grisMejua_2025_01_27__19_37_05_HDR0_10_Mothbot_yolo11m_4500_imgsz1600_b1_2024-01-18.pt.jpg,HS,Mothbot_yolo11m_4500_imgsz1600_b1_2024-01-18.pt,0.2586745023727417,,grisMejua,Cerro_Hoya_Expedition/Hoya_606m_grisMejua_2025-01-26/2025-01-27/patches/grisMejua_2025_01_27__19_37_05_HDR0_10_Mothbot_yolo11m_4500_imgsz1600_b1_2024-01-18.pt.jpg,ORDER_Coleoptera,2025-01-27,19:37:05,,2025_01_27__19_37_05,MachineObservation,Cerro_Hoya_Expedition_Hoya_606m_grisMejua_2025-01-26_2025-01-27,Cerro_Hoya_Expedition_Hoya_606m_grisMejua_2025-01-26,grisMejua_2025_01_27__19_37_05_HDR0.jpg,grisMejua_2025_01_27__19_37_05_HDR0_10_Mothbot_yolo11m_4500_imgsz1600_b1_2024-01-18.pt.jpg
doi.org10.15468dl.6nxkw6.csv,Animalia,Arthropoda,Insecta,Hemiptera,,,,,809,,Hemiptera,Hemiptera,Cerro_Hoya_Expedition_Hoya_606m_grisMejua_2025-01-26,grisMejua_2025_01_27__19_38_06_HDR0_0_Mothbot_yolo11m_4500_imgsz1600_b1_2024-01-18.pt.jpg,HS,Mothbot_yolo11m_4500_imgsz1600_b1_2024-01-18.pt,0.7423180937767029,,grisMejua,Cerro_Hoya_Expedition/Hoya_606m_grisMejua_2025-01-26/2025-01-27/patches/grisMejua_2025_01_27__19_38_06_HDR0_0_Mothbot_yolo11m_4500_imgsz1600_b1_2024-01-18.pt.jpg,ORDER_Hemiptera,2025-01-27,19:38:06,,2025_01_27__19_38_06,MachineObservation,Cerro_Hoya_Expedition_Hoya_606m_grisMejua_2025-01-26_2025-01-27,Cerro_Hoya_Expedition_Hoya_606m_grisMejua_2025-01-26,grisMejua_2025_01_27__19_38_06_HDR0.jpg,grisMejua_2025_01_27__19_38_06_HDR0_0_Mothbot_yolo11m_4500_imgsz1600_b1_2024-01-18.pt.jpg
doi.org10.15468dl.6nxkw6.csv,Animalia,Arthropoda,Insecta,Hemiptera,,,,,809,,Hemiptera,Hemiptera,Cerro_Hoya_Expedition_Hoya_606m_grisMejua_2025-01-26,grisMejua_2025_01_27__19_38_06_HDR0_1_Mothbot_yolo11m_4500_imgsz1600_b1_2024-01-18.pt.jpg,HS,Mothbot_yolo11m_4500_imgsz1600_b1_2024-01-18.pt,0.6430566310882568,,grisMejua,Cerro_Hoya_Expedition/Hoya_606m_grisMejua_2025-01-26/2025-01-27/patches/grisMejua_2025_01_27__19_38_06_HDR0_1_Mothbot_yolo11m_4500_imgsz1600_b1_2024-01-18.pt.jpg,ORDER_Hemiptera,2025-01-27,19:38:06,,2025_01_27__19_38_06,MachineObservation,Cerro_Hoya_Expedition_Hoya_606m_grisMejua_2025-01-26_2025-01-27,Cerro_Hoya_Expedition_Hoya_606m_grisMejua_2025-01-26,grisMejua_2025_01_27__19_38_06_HDR0.jpg,grisMejua_2025_01_27__19_38_06_HDR0_1_Mothbot_yolo11m_4500_imgsz1600_b1_2024-01-18.pt.jpg
doi.org10.15468dl.6nxkw6.csv,Animalia,Arthropoda,Insecta,Hemiptera,,,,,809,,Hemiptera,Hemiptera,Cerro_Hoya_Expedition_Hoya_606m_grisMejua_2025-01-26,grisMejua_2025_01_27__19_38_06_HDR0_2_Mothbot_yolo11m_4500_imgsz1600_b1_2024-01-18.pt.jpg,HS,Mothbot_yolo11m_4500_imgsz1600_b1_2024-01-18.pt,0.630537211894989,,grisMejua,Cerro_Hoya_Expedition/Hoya_606m_grisMejua_2025-01-26/2025-01-27/patches/grisMejua_2025_01_27__19_38_06_HDR0_2_Mothbot_yolo11m_4500_imgsz1600_b1_2024-01-18.pt.jpg,ORDER_Hemiptera,2025-01-27,19:38:06,,2025_01_27__19_38_06,MachineObservation,Cerro_Hoya_Expedition_Hoya_606m_grisMejua_2025-01-26_2025-01-27,Cerro_Hoya_Expedition_Hoya_606m_grisMejua_2025-01-26,grisMejua_2025_01_27__19_38_06_HDR0.jpg,grisMejua_2025_01_27__19_38_06_HDR0_2_Mothbot_yolo11m_4500_imgsz1600_b1_2024-01-18.pt.jpg
doi.org10.15468dl.6nxkw6.csv,Animalia,Arthropoda,Insecta,Hemiptera,,,,,809,,Hemiptera,Hemiptera,Cerro_Hoya_Expedition_Hoya_606m_grisMejua_2025-01-26,grisMejua_2025_01_27__19_38_06_HDR0_3_Mothbot_yolo11m_4500_imgsz1600_b1_2024-01-18.pt.jpg,HS,Mothbot_yolo11m_4500_imgsz1600_b1_2024-01-18.pt,0.5697137713432312,,grisMejua,Cerro_Hoya_Expedition/Hoya_606m_grisMejua_2025-01-26/2025-01-27/patches/grisMejua_2025_01_27__19_38_06_HDR0_3_Mothbot_yolo11m_4500_imgsz1600_b1_2024-01-18.pt.jpg,ORDER_Diptera,2025-01-27,19:38:06,,2025_01_27__19_38_06,MachineObservation,Cerro_Hoya_Expedition_Hoya_606m_grisMejua_2025-01-26_2025-01-27,Cerro_Hoya_Expedition_Hoya_606m_grisMejua_2025-01-26,grisMejua_2025_01_27__19_38_06_HDR0.jpg,grisMejua_2025_01_27__19_38_06_HDR0_3_Mothbot_yolo11m_4500_imgsz1600_b1_2024-01-18.pt.jpg
doi.org10.15468dl.6nxkw6.csv,Animalia,Arthropoda,Insecta,Coleoptera,,,,,1470,,Coleoptera,Coleoptera,Cerro_Hoya_Expedition_Hoya_606m_grisMejua_2025-01-26,grisMejua_2025_01_27__19_38_06_HDR0_4_Mothbot_yolo11m_4500_imgsz1600_b1_2024-01-18.pt.jpg,HS,Mothbot_yolo11m_4500_imgsz1600_b1_2024-01-18.pt,0.3940390348434448,,grisMejua,Cerro_Hoya_Expedition/Hoya_606m_grisMejua_2025-01-26/2025-01-27/patches/grisMejua_2025_01_27__19_38_06_HDR0_4_Mothbot_yolo11m_4500_imgsz1600_b1_2024-01-18.pt.jpg,ORDER_Coleoptera,2025-01-27,19:38:06,,2025_01_27__19_38_06,MachineObservation,Cerro_Hoya_Expedition_Hoya_606m_grisMejua_2025-01-26_2025-01-27,Cerro_Hoya_Expedition_Hoya_606m_grisMejua_2025-01-26,grisMejua_2025_01_27__19_38_06_HDR0.jpg,grisMejua_2025_01_27__19_38_06_HDR0_4_Mothbot_yolo11m_4500_imgsz1600_b1_2024-01-18.pt.jpg
doi.org10.15468dl.6nxkw6.csv,Animalia,Arthropoda,Insecta,Coleoptera,,,,,1470,,Coleoptera,Coleoptera,Cerro_Hoya_Expedition_Hoya_606m_grisMejua_2025-01-26,grisMejua_2025_01_27__19_38_06_HDR0_5_Mothbot_yolo11m_4500_imgsz1600_b1_2024-01-18.pt.jpg,HS,Mothbot_yolo11m_4500_imgsz1600_b1_2024-01-18.pt,0.37712064385414124,,grisMejua,Cerro_Hoya_Expedition/Hoya_606m_grisMejua_2025-01-26/2025-01-27/patches/grisMejua_2025_01_27__19_38_06_HDR0_5_Mothbot_yolo11m_4500_imgsz1600_b1_2024-01-18.pt.jpg,ORDER_Diptera,2025-01-27,19:38:06,,2025_01_27__19_38_06,MachineObservation,Cerro_Hoya_Expedition_Hoya_606m_grisMejua_2025-01-26_2025-01-27,Cerro_Hoya_Expedition_Hoya_606m_grisMejua_2025-01-26,grisMejua_2025_01_27__19_38_06_HDR0.jpg,grisMejua_2025_01_27__19_38_06_HDR0_5_Mothbot_yolo11m_4500_imgsz1600_b1_2024-01-18.pt.jpg
doi.org10.15468dl.6nxkw6.csv,Animalia,Arthropoda,Insecta,Coleoptera,,,,,1470,,Coleoptera,Coleoptera,Cerro_Hoya_Expedition_Hoya_606m_grisMejua_2025-01-26,grisMejua_2025_01_27__19_38_06_HDR0_6_Mothbot_yolo11m_4500_imgsz1600_b1_2024-01-18.pt.jpg,HS,Mothbot_yolo11m_4500_imgsz1600_b1_2024-01-18.pt,0.35045960545539856,,grisMejua,Cerro_Hoya_Expedition/Hoya_606m_grisMejua_2025-01-26/2025-01-27/patches/grisMejua_2025_01_27__19_38_06_HDR0_6_Mothbot_yolo11m_4500_imgsz1600_b1_2024-01-18.pt.jpg,ORDER_Diptera,2025-01-27,19:38:06,,2025_01_27__19_38_06,MachineObservation,Cerro_Hoya_Expedition_Hoya_606m_grisMejua_2025-01-26_2025-01-27,Cerro_Hoya_Expedition_Hoya_606m_grisMejua_2025-01-26,grisMejua_2025_01_27__19_38_06_HDR0.jpg,grisMejua_2025_01_27__19_38_06_HDR0_6_Mothbot_yolo11m_4500_imgsz1600_b1_2024-01-18.pt.jpg
doi.org10.15468dl.6nxkw6.csv,Animalia,Arthropoda,Insecta,Coleoptera,,,,,1470,,Coleoptera,Coleoptera,Cerro_Hoya_Expedition_Hoya_606m_grisMejua_2025-01-26,grisMejua_2025_01_27__19_38_06_HDR0_7_Mothbot_yolo11m_4500_imgsz1600_b1_2024-01-18.pt.jpg,HS,Mothbot_yolo11m_4500_imgsz1600_b1_2024-01-18.pt,0.29705914855003357,,grisMejua,Cerro_Hoya_Expedition/Hoya_606m_grisMejua_2025-01-26/2025-01-27/patches/grisMejua_2025_01_27__19_38_06_HDR0_7_Mothbot_yolo11m_4500_imgsz1600_b1_2024-01-18.pt.jpg,ORDER_Diptera,2025-01-27,19:38:06,,2025_01_27__19_38_06,MachineObservation,Cerro_Hoya_Expedition_Hoya_606m_grisMejua_2025-01-26_2025-01-27,Cerro_Hoya_Expedition_Hoya_606m_grisMejua_2025-01-26,grisMejua_2025_01_27__19_38_06_HDR0.jpg,grisMejua_2025_01_27__19_38_06_HDR0_7_Mothbot_yolo11m_4500_imgsz1600_b1_2024-01-18.pt.jpg
doi.org10.15468dl.6nxkw6.csv,Animalia,Arthropoda,Insecta,Coleoptera,,,,,1470,,Coleoptera,Coleoptera,Cerro_Hoya_Expedition_Hoya_606m_grisMejua_2025-01-26,grisMejua_2025_01_27__19_38_06_HDR0_8_Mothbot_yolo11m_4500_imgsz1600_b1_2024-01-18.pt.jpg,HS,Mothbot_yolo11m_4500_imgsz1600_b1_2024-01-18.pt,0.26068028807640076,,grisMejua,Cerro_Hoya_Expedition/Hoya_606m_grisMejua_2025-01-26/2025-01-27/patches/grisMejua_2025_01_27__19_38_06_HDR0_8_Mothbot_yolo11m_4500_imgsz1600_b1_2024-01-18.pt.jpg,ORDER_Coleoptera,2025-01-27,19:38:06,,2025_01_27__19_38_06,MachineObservation,Cerro_Hoya_Expedition_Hoya_606m_grisMejua_2025-01-26_2025-01-27,Cerro_Hoya_Expedition_Hoya_606m_grisMejua_2025-01-26,grisMejua_2025_01_27__19_38_06_HDR0.jpg,grisMejua_2025_01_27__19_38_06_HDR0_8_Mothbot_yolo11m_4500_imgsz1600_b1_2024-01-18.pt.jpg
doi.org10.15468dl.6nxkw6.csv,Animalia,Arthropoda,Insecta,Hemiptera,,,,,809,,Hemiptera,Hemiptera,Cerro_Hoya_Expedition_Hoya_606m_grisMejua_2025-01-26,grisMejua_2025_01_27__19_39_06_HDR0_0_Mothbot_yolo11m_4500_imgsz1600_b1_2024-01-18.pt.jpg,HS,Mothbot_yolo11m_4500_imgsz1600_b1_2024-01-18.pt,0.813651978969574,,grisMejua,Cerro_Hoya_Expedition/Hoya_606m_grisMejua_2025-01-26/2025-01-27/patches/grisMejua_2025_01_27__19_39_06_HDR0_0_Mothbot_yolo11m_4500_imgsz1600_b1_2024-01-18.pt.jpg,ORDER_Hemiptera,2025-01-27,19:39:06,,2025_01_27__19_39_06,MachineObservation,Cerro_Hoya_Expedition_Hoya_606m_grisMejua_2025-01-26_2025-01-27,Cerro_Hoya_Expedition_Hoya_606m_grisMejua_2025-01-26,grisMejua_2025_01_27__19_39_06_HDR0.jpg,grisMejua_2025_01_27__19_39_06_HDR0_0_Mothbot_yolo11m_4500_imgsz1600_b1_2024-01-18.pt.jpg
doi.org10.15468dl.6nxkw6.csv,Animalia,Arthropoda,Insecta,Hemiptera,,,,,809,,Hemiptera,Hemiptera,Cerro_Hoya_Expedition_Hoya_606m_grisMejua_2025-01-26,grisMejua_2025_01_27__19_39_06_HDR0_1_Mothbot_yolo11m_4500_imgsz1600_b1_2024-01-18.pt.jpg,HS,Mothbot_yolo11m_4500_imgsz1600_b1_2024-01-18.pt,0.7908337116241455,,grisMejua,Cerro_Hoya_Expedition/Hoya_606m_grisMejua_2025-01-26/2025-01-27/patches/grisMejua_2025_01_27__19_39_06_HDR0_1_Mothbot_yolo11m_4500_imgsz1600_b1_2024-01-18.pt.jpg,ORDER_Hemiptera,2025-01-27,19:39:06,,2025_01_27__19_39_06,MachineObservation,Cerro_Hoya_Expedition_Hoya_606m_grisMejua_2025-01-26_2025-01-27,Cerro_Hoya_Expedition_Hoya_606m_grisMejua_2025-01-26,grisMejua_2025_01_27__19_39_06_HDR0.jpg,grisMejua_2025_01_27__19_39_06_HDR0_1_Mothbot_yolo11m_4500_imgsz1600_b1_2024-01-18.pt.jpg
doi.org10.15468dl.6nxkw6.csv,Animalia,Arthropoda,Insecta,Lepidoptera,,,,,797,,Lepidoptera,Lepidoptera,Cerro_Hoya_Expedition_Hoya_606m_grisMejua_2025-01-26,grisMejua_2025_01_27__19_39_06_HDR0_2_Mothbot_yolo11m_4500_imgsz1600_b1_2024-01-18.pt.jpg,HS,Mothbot_yolo11m_4500_imgsz1600_b1_2024-01-18.pt,0.6915667057037354,,grisMejua,Cerro_Hoya_Expedition/Hoya_606m_grisMejua_2025-01-26/2025-01-27/patches/grisMejua_2025_01_27__19_39_06_HDR0_2_Mothbot_yolo11m_4500_imgsz1600_b1_2024-01-18.pt.jpg,ORDER_Lepidoptera,2025-01-27,19:39:06,,2025_01_27__19_39_06,MachineObservation,Cerro_Hoya_Expedition_Hoya_606m_grisMejua_2025-01-26_2025-01-27,Cerro_Hoya_Expedition_Hoya_606m_grisMejua_2025-01-26,grisMejua_2025_01_27__19_39_06_HDR0.jpg,grisMejua_2025_01_27__19_39_06_HDR0_2_Mothbot_yolo11m_4500_imgsz1600_b1_2024-01-18.pt.jpg
doi.org10.15468dl.6nxkw6.csv,Animalia,Arthropoda,Insecta,Hemiptera,,,,,809,,Hemiptera,Hemiptera,Cerro_Hoya_Expedition_Hoya_606m_grisMejua_2025-01-26,grisMejua_2025_01_27__19_39_06_HDR0_3_Mothbot_yolo11m_4500_imgsz1600_b1_2024-01-18.pt.jpg,HS,Mothbot_yolo11m_4500_imgsz1600_b1_2024-01-18.pt,0.5365448594093323,,grisMejua,Cerro_Hoya_Expedition/Hoya_606m_grisMejua_2025-01-26/2025-01-27/patches/grisMejua_2025_01_27__19_39_06_HDR0_3_Mothbot_yolo11m_4500_imgsz1600_b1_2024-01-18.pt.jpg,ORDER_Coleoptera,2025-01-27,19:39:06,,2025_01_27__19_39_06,MachineObservation,Cerro_Hoya_Expedition_Hoya_606m_grisMejua_2025-01-26_2025-01-27,Cerro_Hoya_Expedition_Hoya_606m_grisMejua_2025-01-26,grisMejua_2025_01_27__19_39_06_HDR0.jpg,grisMejua_2025_01_27__19_39_06_HDR0_3_Mothbot_yolo11m_4500_imgsz1600_b1_2024-01-18.pt.jpg
doi.org10.15468dl.6nxkw6.csv,Animalia,Arthropoda,Insecta,Coleoptera,,,,,1470,,Coleoptera,Coleoptera,Cerro_Hoya_Expedition_Hoya_606m_grisMejua_2025-01-26,grisMejua_2025_01_27__19_39_06_HDR0_4_Mothbot_yolo11m_4500_imgsz1600_b1_2024-01-18.pt.jpg,HS,Mothbot_yolo11m_4500_imgsz1600_b1_2024-01-18.pt,0.517565131187439,,grisMejua,Cerro_Hoya_Expedition/Hoya_606m_grisMejua_2025-01-26/2025-01-27/patches/grisMejua_2025_01_27__19_39_06_HDR0_4_Mothbot_yolo11m_4500_imgsz1600_b1_2024-01-18.pt.jpg,ORDER_Coleoptera,2025-01-27,19:39:06,,2025_01_27__19_39_06,MachineObservation,Cerro_Hoya_Expedition_Hoya_606m_grisMejua_2025-01-26_2025-01-27,Cerro_Hoya_Expedition_Hoya_606m_grisMejua_2025-01-26,grisMejua_2025_01_27__19_39_06_HDR0.jpg,grisMejua_2025_01_27__19_39_06_HDR0_4_Mothbot_yolo11m_4500_imgsz1600_b1_2024-01-18.pt.jpg
doi.org10.15468dl.6nxkw6.csv,Animalia,Arthropoda,Insecta,Coleoptera,,,,,1470,,Coleoptera,Coleoptera,Cerro_Hoya_Expedition_Hoya_606m_grisMejua_2025-01-26,grisMejua_2025_01_27__19_39_06_HDR0_5_Mothbot_yolo11m_4500_imgsz1600_b1_2024-01-18.pt.jpg,HS,Mothbot_yolo11m_4500_imgsz1600_b1_2024-01-18.pt,0.43983349204063416,,grisMejua,Cerro_Hoya_Expedition/Hoya_606m_grisMejua_2025-01-26/2025-01-27/patches/grisMejua_2025_01_27__19_39_06_HDR0_5_Mothbot_yolo11m_4500_imgsz1600_b1_2024-01-18.pt.jpg,ORDER_Coleoptera,2025-01-27,19:39:06,,2025_01_27__19_39_06,MachineObservation,Cerro_Hoya_Expedition_Hoya_606m_grisMejua_2025-01-26_2025-01-27,Cerro_Hoya_Expedition_Hoya_606m_grisMejua_2025-01-26,grisMejua_2025_01_27__19_39_06_HDR0.jpg,grisMejua_2025_01_27__19_39_06_HDR0_5_Mothbot_yolo11m_4500_imgsz1600_b1_2024-01-18.pt.jpg
doi.org10.15468dl.6nxkw6.csv,Animalia,Arthropoda,Insecta,Coleoptera,,,,,1470,,Coleoptera,Coleoptera,Cerro_Hoya_Expedition_Hoya_606m_grisMejua_2025-01-26,grisMejua_2025_01_27__19_39_06_HDR0_6_Mothbot_yolo11m_4500_imgsz1600_b1_2024-01-18.pt.jpg,HS,Mothbot_yolo11m_4500_imgsz1600_b1_2024-01-18.pt,0.4394669234752655,,grisMejua,Cerro_Hoya_Expedition/Hoya_606m_grisMejua_2025-01-26/2025-01-27/patches/grisMejua_2025_01_27__19_39_06_HDR0_6_Mothbot_yolo11m_4500_imgsz1600_b1_2024-01-18.pt.jpg,ORDER_Hymenoptera,2025-01-27,19:39:06,,2025_01_27__19_39_06,MachineObservation,Cerro_Hoya_Expedition_Hoya_606m_grisMejua_2025-01-26_2025-01-27,Cerro_Hoya_Expedition_Hoya_606m_grisMejua_2025-01-26,grisMejua_2025_01_27__19_39_06_HDR0.jpg,grisMejua_2025_01_27__19_39_06_HDR0_6_Mothbot_yolo11m_4500_imgsz1600_b1_2024-01-18.pt.jpg
doi.org10.15468dl.6nxkw6.csv,Animalia,Arthropoda,Insecta,,,,,,216,,Insecta,Insecta,Cerro_Hoya_Expedition_Hoya_606m_grisMejua_2025-01-26,grisMejua_2025_01_27__19_39_06_HDR0_7_Mothbot_yolo11m_4500_imgsz1600_b1_2024-01-18.pt.jpg,HS,Mothbot_yolo11m_4500_imgsz1600_b1_2024-01-18.pt,0.36704525351524353,,grisMejua,Cerro_Hoya_Expedition/Hoya_606m_grisMejua_2025-01-26/2025-01-27/patches/grisMejua_2025_01_27__19_39_06_HDR0_7_Mothbot_yolo11m_4500_imgsz1600_b1_2024-01-18.pt.jpg,ORDER_Lepidoptera,2025-01-27,19:39:06,,2025_01_27__19_39_06,MachineObservation,Cerro_Hoya_Expedition_Hoya_606m_grisMejua_2025-01-26_2025-01-27,Cerro_Hoya_Expedition_Hoya_606m_grisMejua_2025-01-26,grisMejua_2025_01_27__19_39_06_HDR0.jpg,grisMejua_2025_01_27__19_39_06_HDR0_7_Mothbot_yolo11m_4500_imgsz1600_b1_2024-01-18.pt.jpg
doi.org10.15468dl.6nxkw6.csv,Animalia,Arthropoda,Insecta,Coleoptera,,,,,1470,,Coleoptera,Coleoptera,Cerro_Hoya_Expedition_Hoya_606m_grisMejua_2025-01-26,grisMejua_2025_01_27__19_39_06_HDR0_8_Mothbot_yolo11m_4500_imgsz1600_b1_2024-01-18.pt.jpg,HS,Mothbot_yolo11m_4500_imgsz1600_b1_2024-01-18.pt,0.31160634756088257,,grisMejua,Cerro_Hoya_Expedition/Hoya_606m_grisMejua_2025-01-26/2025-01-27/patches/grisMejua_2025_01_27__19_39_06_HDR0_8_Mothbot_yolo11m_4500_imgsz1600_b1_2024-01-18.pt.jpg,ORDER_Coleoptera,2025-01-27,19:39:06,,2025_01_27__19_39_06,MachineObservation,Cerro_Hoya_Expedition_Hoya_606m_grisMejua_2025-01-26_2025-01-27,Cerro_Hoya_Expedition_Hoya_606m_grisMejua_2025-01-26,grisMejua_2025_01_27__19_39_06_HDR0.jpg,grisMejua_2025_01_27__19_39_06_HDR0_8_Mothbot_yolo11m_4500_imgsz1600_b1_2024-01-18.pt.jpg
doi.org10.15468dl.6nxkw6.csv,Animalia,Arthropoda,Insecta,Coleoptera,,,,,1470,,Coleoptera,Coleoptera,Cerro_Hoya_Expedition_Hoya_606m_grisMejua_2025-01-26,grisMejua_2025_01_27__19_39_06_HDR0_9_Mothbot_yolo11m_4500_imgsz1600_b1_2024-01-18.pt.jpg,HS,Mothbot_yolo11m_4500_imgsz1600_b1_2024-01-18.pt,0.2810550332069397,,grisMejua,Cerro_Hoya_Expedition/Hoya_606m_grisMejua_2025-01-26/2025-01-27/patches/grisMejua_2025_01_27__19_39_06_HDR0_9_Mothbot_yolo11m_4500_imgsz1600_b1_2024-01-18.pt.jpg,ORDER_Diptera,2025-01-27,19:39:06,,2025_01_27__19_39_06,MachineObservation,Cerro_Hoya_Expedition_Hoya_606m_grisMejua_2025-01-26_2025-01-27,Cerro_Hoya_Expedition_Hoya_606m_grisMejua_2025-01-26,grisMejua_2025_01_27__19_39_06_HDR0.jpg,grisMejua_2025_01_27__19_39_06_HDR0_9_Mothbot_yolo11m_4500_imgsz1600_b1_2024-01-18.pt.jpg
doi.org10.15468dl.6nxkw6.csv,Animalia,Arthropoda,Insecta,Coleoptera,,,,,1470,,Coleoptera,Coleoptera,Cerro_Hoya_Expedition_Hoya_606m_grisMejua_2025-01-26,grisMejua_2025_01_27__19_39_06_HDR0_10_Mothbot_yolo11m_4500_imgsz1600_b1_2024-01-18.pt.jpg,HS,Mothbot_yolo11m_4500_imgsz1600_b1_2024-01-18.pt,0.2803329825401306,,grisMejua,Cerro_Hoya_Expedition/Hoya_606m_grisMejua_2025-01-26/2025-01-27/patches/grisMejua_2025_01_27__19_39_06_HDR0_10_Mothbot_yolo11m_4500_imgsz1600_b1_2024-01-18.pt.jpg,ORDER_Coleoptera,2025-01-27,19:39:06,,2025_01_27__19_39_06,MachineObservation,Cerro_Hoya_Expedition_Hoya_606m_grisMejua_2025-01-26_2025-01-27,Cerro_Hoya_Expedition_Hoya_606m_grisMejua_2025-01-26,grisMejua_2025_01_27__19_39_06_HDR0.jpg,grisMejua_2025_01_27__19_39_06_HDR0_10_Mothbot_yolo11m_4500_imgsz1600_b1_2024-01-18.pt.jpg
doi.org10.15468dl.6nxkw6.csv,Animalia,Arthropoda,Insecta,Coleoptera,,,,,1470,,Coleoptera,Coleoptera,Cerro_Hoya_Expedition_Hoya_606m_grisMejua_2025-01-26,grisMejua_2025_01_27__19_39_06_HDR0_11_Mothbot_yolo11m_4500_imgsz1600_b1_2024-01-18.pt.jpg,HS,Mothbot_yolo11m_4500_imgsz1600_b1_2024-01-18.pt,0.2800785005092621,,grisMejua,Cerro_Hoya_Expedition/Hoya_606m_grisMejua_2025-01-26/2025-01-27/patches/grisMejua_2025_01_27__19_39_06_HDR0_11_Mothbot_yolo11m_4500_imgsz1600_b1_2024-01-18.pt.jpg,ORDER_Coleoptera,2025-01-27,19:39:06,,2025_01_27__19_39_06,MachineObservation,Cerro_Hoya_Expedition_Hoya_606m_grisMejua_2025-01-26_2025-01-27,Cerro_Hoya_Expedition_Hoya_606m_grisMejua_2025-01-26,grisMejua_2025_01_27__19_39_06_HDR0.jpg,grisMejua_2025_01_27__19_39_06_HDR0_11_Mothbot_yolo11m_4500_imgsz1600_b1_2024-01-18.pt.jpg
doi.org10.15468dl.6nxkw6.csv,Animalia,Arthropoda,Insecta,Hemiptera,,,,,809,,Hemiptera,Hemiptera,Cerro_Hoya_Expedition_Hoya_606m_grisMejua_2025-01-26,grisMejua_2025_01_27__19_40_06_HDR0_0_Mothbot_yolo11m_4500_imgsz1600_b1_2024-01-18.pt.jpg,HS,Mothbot_yolo11m_4500_imgsz1600_b1_2024-01-18.pt,0.8231428861618042,,grisMejua,Cerro_Hoya_Expedition/Hoya_606m_grisMejua_2025-01-26/2025-01-27/patches/grisMejua_2025_01_27__19_40_06_HDR0_0_Mothbot_yolo11m_4500_imgsz1600_b1_2024-01-18.pt.jpg,ORDER_Hemiptera,2025-01-27,19:40:06,,2025_01_27__19_40_06,MachineObservation,Cerro_Hoya_Expedition_Hoya_606m_grisMejua_2025-01-26_2025-01-27,Cerro_Hoya_Expedition_Hoya_606m_grisMejua_2025-01-26,grisMejua_2025_01_27__19_40_06_HDR0.jpg,grisMejua_2025_01_27__19_40_06_HDR0_0_Mothbot_yolo11m_4500_imgsz1600_b1_2024-01-18.pt.jpg
doi.org10.15468dl.6nxkw6.csv,Animalia,Arthropoda,Insecta,Hemiptera,,,,,809,,Hemiptera,Hemiptera,Cerro_Hoya_Expedition_Hoya_606m_grisMejua_2025-01-26,grisMejua_2025_01_27__19_40_06_HDR0_1_Mothbot_yolo11m_4500_imgsz1600_b1_2024-01-18.pt.jpg,HS,Mothbot_yolo11m_4500_imgsz1600_b1_2024-01-18.pt,0.7855764627456665,,grisMejua,Cerro_Hoya_Expedition/Hoya_606m_grisMejua_2025-01-26/2025-01-27/patches/grisMejua_2025_01_27__19_40_06_HDR0_1_Mothbot_yolo11m_4500_imgsz1600_b1_2024-01-18.pt.jpg,ORDER_Hemiptera,2025-01-27,19:40:06,,2025_01_27__19_40_06,MachineObservation,Cerro_Hoya_Expedition_Hoya_606m_grisMejua_2025-01-26_2025-01-27,Cerro_Hoya_Expedition_Hoya_606m_grisMejua_2025-01-26,grisMejua_2025_01_27__19_40_06_HDR0.jpg,grisMejua_2025_01_27__19_40_06_HDR0_1_Mothbot_yolo11m_4500_imgsz1600_b1_2024-01-18.pt.jpg
doi.org10.15468dl.6nxkw6.csv,Animalia,Arthropoda,Insecta,Hemiptera,,,,,809,,Hemiptera,Hemiptera,Cerro_Hoya_Expedition_Hoya_606m_grisMejua_2025-01-26,grisMejua_2025_01_27__19_40_06_HDR0_2_Mothbot_yolo11m_4500_imgsz1600_b1_2024-01-18.pt.jpg,HS,Mothbot_yolo11m_4500_imgsz1600_b1_2024-01-18.pt,0.7104364633560181,,grisMejua,Cerro_Hoya_Expedition/Hoya_606m_grisMejua_2025-01-26/2025-01-27/patches/grisMejua_2025_01_27__19_40_06_HDR0_2_Mothbot_yolo11m_4500_imgsz1600_b1_2024-01-18.pt.jpg,ORDER_Hemiptera,2025-01-27,19:40:06,,2025_01_27__19_40_06,MachineObservation,Cerro_Hoya_Expedition_Hoya_606m_grisMejua_2025-01-26_2025-01-27,Cerro_Hoya_Expedition_Hoya_606m_grisMejua_2025-01-26,grisMejua_2025_01_27__19_40_06_HDR0.jpg,grisMejua_2025_01_27__19_40_06_HDR0_2_Mothbot_yolo11m_4500_imgsz1600_b1_2024-01-18.pt.jpg
doi.org10.15468dl.6nxkw6.csv,Animalia,Arthropoda,Insecta,Lepidoptera,,,,,797,,Lepidoptera,Lepidoptera,Cerro_Hoya_Expedition_Hoya_606m_grisMejua_2025-01-26,grisMejua_2025_01_27__19_40_06_HDR0_3_Mothbot_yolo11m_4500_imgsz1600_b1_2024-01-18.pt.jpg,HS,Mothbot_yolo11m_4500_imgsz1600_b1_2024-01-18.pt,0.6949411034584045,,grisMejua,Cerro_Hoya_Expedition/Hoya_606m_grisMejua_2025-01-26/2025-01-27/patches/grisMejua_2025_01_27__19_40_06_HDR0_3_Mothbot_yolo11m_4500_imgsz1600_b1_2024-01-18.pt.jpg,ORDER_Psocodea,2025-01-27,19:40:06,,2025_01_27__19_40_06,MachineObservation,Cerro_Hoya_Expedition_Hoya_606m_grisMejua_2025-01-26_2025-01-27,Cerro_Hoya_Expedition_Hoya_606m_grisMejua_2025-01-26,grisMejua_2025_01_27__19_40_06_HDR0.jpg,grisMejua_2025_01_27__19_40_06_HDR0_3_Mothbot_yolo11m_4500_imgsz1600_b1_2024-01-18.pt.jpg
doi.org10.15468dl.6nxkw6.csv,Animalia,Arthropoda,Insecta,Lepidoptera,,,,,797,,Lepidoptera,Lepidoptera,Cerro_Hoya_Expedition_Hoya_606m_grisMejua_2025-01-26,grisMejua_2025_01_27__19_40_06_HDR0_4_Mothbot_yolo11m_4500_imgsz1600_b1_2024-01-18.pt.jpg,HS,Mothbot_yolo11m_4500_imgsz1600_b1_2024-01-18.pt,0.6903964281082153,,grisMejua,Cerro_Hoya_Expedition/Hoya_606m_grisMejua_2025-01-26/2025-01-27/patches/grisMejua_2025_01_27__19_40_06_HDR0_4_Mothbot_yolo11m_4500_imgsz1600_b1_2024-01-18.pt.jpg,ORDER_Lepidoptera,2025-01-27,19:40:06,,2025_01_27__19_40_06,MachineObservation,Cerro_Hoya_Expedition_Hoya_606m_grisMejua_2025-01-26_2025-01-27,Cerro_Hoya_Expedition_Hoya_606m_grisMejua_2025-01-26,grisMejua_2025_01_27__19_40_06_HDR0.jpg,grisMejua_2025_01_27__19_40_06_HDR0_4_Mothbot_yolo11m_4500_imgsz1600_b1_2024-01-18.pt.jpg
doi.org10.15468dl.6nxkw6.csv,Animalia,Arthropoda,Insecta,,,,,,216,,Insecta,Insecta,Cerro_Hoya_Expedition_Hoya_606m_grisMejua_2025-01-26,grisMejua_2025_01_27__19_40_06_HDR0_5_Mothbot_yolo11m_4500_imgsz1600_b1_2024-01-18.pt.jpg,HS,Mothbot_yolo11m_4500_imgsz1600_b1_2024-01-18.pt,0.639631450176239,,grisMejua,Cerro_Hoya_Expedition/Hoya_606m_grisMejua_2025-01-26/2025-01-27/patches/grisMejua_2025_01_27__19_40_06_HDR0_5_Mothbot_yolo11m_4500_imgsz1600_b1_2024-01-18.pt.jpg,ORDER_Odonata,2025-01-27,19:40:06,,2025_01_27__19_40_06,MachineObservation,Cerro_Hoya_Expedition_Hoya_606m_grisMejua_2025-01-26_2025-01-27,Cerro_Hoya_Expedition_Hoya_606m_grisMejua_2025-01-26,grisMejua_2025_01_27__19_40_06_HDR0.jpg,grisMejua_2025_01_27__19_40_06_HDR0_5_Mothbot_yolo11m_4500_imgsz1600_b1_2024-01-18.pt.jpg
doi.org10.15468dl.6nxkw6.csv,Animalia,Arthropoda,Insecta,Hemiptera,,,,,809,,Hemiptera,Hemiptera,Cerro_Hoya_Expedition_Hoya_606m_grisMejua_2025-01-26,grisMejua_2025_01_27__19_40_06_HDR0_6_Mothbot_yolo11m_4500_imgsz1600_b1_2024-01-18.pt.jpg,HS,Mothbot_yolo11m_4500_imgsz1600_b1_2024-01-18.pt,0.553781270980835,,grisMejua,Cerro_Hoya_Expedition/Hoya_606m_grisMejua_2025-01-26/2025-01-27/patches/grisMejua_2025_01_27__19_40_06_HDR0_6_Mothbot_yolo11m_4500_imgsz1600_b1_2024-01-18.pt.jpg,ORDER_Hemiptera,2025-01-27,19:40:06,,2025_01_27__19_40_06,MachineObservation,Cerro_Hoya_Expedition_Hoya_606m_grisMejua_2025-01-26_2025-01-27,Cerro_Hoya_Expedition_Hoya_606m_grisMejua_2025-01-26,grisMejua_2025_01_27__19_40_06_HDR0.jpg,grisMejua_2025_01_27__19_40_06_HDR0_6_Mothbot_yolo11m_4500_imgsz1600_b1_2024-01-18.pt.jpg
doi.org10.15468dl.6nxkw6.csv,Animalia,Arthropoda,Insecta,Coleoptera,,,,,1470,,Coleoptera,Coleoptera,Cerro_Hoya_Expedition_Hoya_606m_grisMejua_2025-01-26,grisMejua_2025_01_27__19_40_06_HDR0_7_Mothbot_yolo11m_4500_imgsz1600_b1_2024-01-18.pt.jpg,HS,Mothbot_yolo11m_4500_imgsz1600_b1_2024-01-18.pt,0.5248575210571289,,grisMejua,Cerro_Hoya_Expedition/Hoya_606m_grisMejua_2025-01-26/2025-01-27/patches/grisMejua_2025_01_27__19_40_06_HDR0_7_Mothbot_yolo11m_4500_imgsz1600_b1_2024-01-18.pt.jpg,ORDER_Coleoptera,2025-01-27,19:40:06,,2025_01_27__19_40_06,MachineObservation,Cerro_Hoya_Expedition_Hoya_606m_grisMejua_2025-01-26_2025-01-27,Cerro_Hoya_Expedition_Hoya_606m_grisMejua_2025-01-26,grisMejua_2025_01_27__19_40_06_HDR0.jpg,grisMejua_2025_01_27__19_40_06_HDR0_7_Mothbot_yolo11m_4500_imgsz1600_b1_2024-01-18.pt.jpg
doi.org10.15468dl.6nxkw6.csv,Animalia,Arthropoda,Insecta,Coleoptera,,,,,1470,,Coleoptera,Coleoptera,Cerro_Hoya_Expedition_Hoya_606m_grisMejua_2025-01-26,grisMejua_2025_01_27__19_40_06_HDR0_8_Mothbot_yolo11m_4500_imgsz1600_b1_2024-01-18.pt.jpg,HS,Mothbot_yolo11m_4500_imgsz1600_b1_2024-01-18.pt,0.4371356964111328,,grisMejua,Cerro_Hoya_Expedition/Hoya_606m_grisMejua_2025-01-26/2025-01-27/patches/grisMejua_2025_01_27__19_40_06_HDR0_8_Mothbot_yolo11m_4500_imgsz1600_b1_2024-01-18.pt.jpg,ORDER_Coleoptera,2025-01-27,19:40:06,,2025_01_27__19_40_06,MachineObservation,Cerro_Hoya_Expedition_Hoya_606m_grisMejua_2025-01-26_2025-01-27,Cerro_Hoya_Expedition_Hoya_606m_grisMejua_2025-01-26,grisMejua_2025_01_27__19_40_06_HDR0.jpg,grisMejua_2025_01_27__19_40_06_HDR0_8_Mothbot_yolo11m_4500_imgsz1600_b1_2024-01-18.pt.jpg
doi.org10.15468dl.6nxkw6.csv,Animalia,Arthropoda,Insecta,Coleoptera,,,,,1470,,Coleoptera,Coleoptera,Cerro_Hoya_Expedition_Hoya_606m_grisMejua_2025-01-26,grisMejua_2025_01_27__19_40_06_HDR0_9_Mothbot_yolo11m_4500_imgsz1600_b1_2024-01-18.pt.jpg,HS,Mothbot_yolo11m_4500_imgsz1600_b1_2024-01-18.pt,0.43671128153800964,,grisMejua,Cerro_Hoya_Expedition/Hoya_606m_grisMejua_2025-01-26/2025-01-27/patches/grisMejua_2025_01_27__19_40_06_HDR0_9_Mothbot_yolo11m_4500_imgsz1600_b1_2024-01-18.pt.jpg,ORDER_Diptera,2025-01-27,19:40:06,,2025_01_27__19_40_06,MachineObservation,Cerro_Hoya_Expedition_Hoya_606m_grisMejua_2025-01-26_2025-01-27,Cerro_Hoya_Expedition_Hoya_606m_grisMejua_2025-01-26,grisMejua_2025_01_27__19_40_06_HDR0.jpg,grisMejua_2025_01_27__19_40_06_HDR0_9_Mothbot_yolo11m_4500_imgsz1600_b1_2024-01-18.pt.jpg
doi.org10.15468dl.6nxkw6.csv,Animalia,Arthropoda,Insecta,Hemiptera,,,,,809,,Hemiptera,Hemiptera,Cerro_Hoya_Expedition_Hoya_606m_grisMejua_2025-01-26,grisMejua_2025_01_27__19_40_06_HDR0_10_Mothbot_yolo11m_4500_imgsz1600_b1_2024-01-18.pt.jpg,HS,Mothbot_yolo11m_4500_imgsz1600_b1_2024-01-18.pt,0.42988908290863037,,grisMejua,Cerro_Hoya_Expedition/Hoya_606m_grisMejua_2025-01-26/2025-01-27/patches/grisMejua_2025_01_27__19_40_06_HDR0_10_Mothbot_yolo11m_4500_imgsz1600_b1_2024-01-18.pt.jpg,ORDER_Hemiptera,2025-01-27,19:40:06,,2025_01_27__19_40_06,MachineObservation,Cerro_Hoya_Expedition_Hoya_606m_grisMejua_2025-01-26_2025-01-27,Cerro_Hoya_Expedition_Hoya_606m_grisMejua_2025-01-26,grisMejua_2025_01_27__19_40_06_HDR0.jpg,grisMejua_2025_01_27__19_40_06_HDR0_10_Mothbot_yolo11m_4500_imgsz1600_b1_2024-01-18.pt.jpg
doi.org10.15468dl.6nxkw6.csv,Animalia,Arthropoda,Insecta,Coleoptera,,,,,1470,,Coleoptera,Coleoptera,Cerro_Hoya_Expedition_Hoya_606m_grisMejua_2025-01-26,grisMejua_2025_01_27__19_40_06_HDR0_11_Mothbot_yolo11m_4500_imgsz1600_b1_2024-01-18.pt.jpg,HS,Mothbot_yolo11m_4500_imgsz1600_b1_2024-01-18.pt,0.3512003421783447,,grisMejua,Cerro_Hoya_Expedition/Hoya_606m_grisMejua_2025-01-26/2025-01-27/patches/grisMejua_2025_01_27__19_40_06_HDR0_11_Mothbot_yolo11m_4500_imgsz1600_b1_2024-01-18.pt.jpg,ORDER_Coleoptera,2025-01-27,19:40:06,,2025_01_27__19_40_06,MachineObservation,Cerro_Hoya_Expedition_Hoya_606m_grisMejua_2025-01-26_2025-01-27,Cerro_Hoya_Expedition_Hoya_606m_grisMejua_2025-01-26,grisMejua_2025_01_27__19_40_06_HDR0.jpg,grisMejua_2025_01_27__19_40_06_HDR0_11_Mothbot_yolo11m_4500_imgsz1600_b1_2024-01-18.pt.jpg
doi.org10.15468dl.6nxkw6.csv,Animalia,Arthropoda,Insecta,Coleoptera,,,,,1470,,Coleoptera,Coleoptera,Cerro_Hoya_Expedition_Hoya_606m_grisMejua_2025-01-26,grisMejua_2025_01_27__19_40_06_HDR0_12_Mothbot_yolo11m_4500_imgsz1600_b1_2024-01-18.pt.jpg,HS,Mothbot_yolo11m_4500_imgsz1600_b1_2024-01-18.pt,0.25884440541267395,,grisMejua,Cerro_Hoya_Expedition/Hoya_606m_grisMejua_2025-01-26/2025-01-27/patches/grisMejua_2025_01_27__19_40_06_HDR0_12_Mothbot_yolo11m_4500_imgsz1600_b1_2024-01-18.pt.jpg,ORDER_Coleoptera,2025-01-27,19:40:06,,2025_01_27__19_40_06,MachineObservation,Cerro_Hoya_Expedition_Hoya_606m_grisMejua_2025-01-26_2025-01-27,Cerro_Hoya_Expedition_Hoya_606m_grisMejua_2025-01-26,grisMejua_2025_01_27__19_40_06_HDR0.jpg,grisMejua_2025_01_27__19_40_06_HDR0_12_Mothbot_yolo11m_4500_imgsz1600_b1_2024-01-18.pt.jpg
doi.org10.15468dl.6nxkw6.csv,Animalia,Arthropoda,Insecta,Coleoptera,,,,,1470,,Coleoptera,Coleoptera,Cerro_Hoya_Expedition_Hoya_606m_grisMejua_2025-01-26,grisMejua_2025_01_27__19_40_06_HDR0_13_Mothbot_yolo11m_4500_imgsz1600_b1_2024-01-18.pt.jpg,HS,Mothbot_yolo11m_4500_imgsz1600_b1_2024-01-18.pt,0.25780996680259705,,grisMejua,Cerro_Hoya_Expedition/Hoya_606m_grisMejua_2025-01-26/2025-01-27/patches/grisMejua_2025_01_27__19_40_06_HDR0_13_Mothbot_yolo11m_4500_imgsz1600_b1_2024-01-18.pt.jpg,ORDER_Hemiptera,2025-01-27,19:40:06,,2025_01_27__19_40_06,MachineObservation,Cerro_Hoya_Expedition_Hoya_606m_grisMejua_2025-01-26_2025-01-27,Cerro_Hoya_Expedition_Hoya_606m_grisMejua_2025-01-26,grisMejua_2025_01_27__19_40_06_HDR0.jpg,grisMejua_2025_01_27__19_40_06_HDR0_13_Mothbot_yolo11m_4500_imgsz1600_b1_2024-01-18.pt.jpg
doi.org10.15468dl.6nxkw6.csv,Animalia,Arthropoda,Insecta,Hemiptera,,,,,809,,Hemiptera,Hemiptera,Cerro_Hoya_Expedition_Hoya_606m_grisMejua_2025-01-26,grisMejua_2025_01_27__19_41_05_HDR0_0_Mothbot_yolo11m_4500_imgsz1600_b1_2024-01-18.pt.jpg,HS,Mothbot_yolo11m_4500_imgsz1600_b1_2024-01-18.pt,0.8148388862609863,,grisMejua,Cerro_Hoya_Expedition/Hoya_606m_grisMejua_2025-01-26/2025-01-27/patches/grisMejua_2025_01_27__19_41_05_HDR0_0_Mothbot_yolo11m_4500_imgsz1600_b1_2024-01-18.pt.jpg,ORDER_Hemiptera,2025-01-27,19:41:05,,2025_01_27__19_41_05,MachineObservation,Cerro_Hoya_Expedition_Hoya_606m_grisMejua_2025-01-26_2025-01-27,Cerro_Hoya_Expedition_Hoya_606m_grisMejua_2025-01-26,grisMejua_2025_01_27__19_41_05_HDR0.jpg,grisMejua_2025_01_27__19_41_05_HDR0_0_Mothbot_yolo11m_4500_imgsz1600_b1_2024-01-18.pt.jpg
doi.org10.15468dl.6nxkw6.csv,Animalia,Arthropoda,Insecta,Hemiptera,,,,,809,,Hemiptera,Hemiptera,Cerro_Hoya_Expedition_Hoya_606m_grisMejua_2025-01-26,grisMejua_2025_01_27__19_41_05_HDR0_1_Mothbot_yolo11m_4500_imgsz1600_b1_2024-01-18.pt.jpg,HS,Mothbot_yolo11m_4500_imgsz1600_b1_2024-01-18.pt,0.8062003254890442,,grisMejua,Cerro_Hoya_Expedition/Hoya_606m_grisMejua_2025-01-26/2025-01-27/patches/grisMejua_2025_01_27__19_41_05_HDR0_1_Mothbot_yolo11m_4500_imgsz1600_b1_2024-01-18.pt.jpg,ORDER_Hemiptera,2025-01-27,19:41:05,,2025_01_27__19_41_05,MachineObservation,Cerro_Hoya_Expedition_Hoya_606m_grisMejua_2025-01-26_2025-01-27,Cerro_Hoya_Expedition_Hoya_606m_grisMejua_2025-01-26,grisMejua_2025_01_27__19_41_05_HDR0.jpg,grisMejua_2025_01_27__19_41_05_HDR0_1_Mothbot_yolo11m_4500_imgsz1600_b1_2024-01-18.pt.jpg
doi.org10.15468dl.6nxkw6.csv,Animalia,Arthropoda,Insecta,Hemiptera,,,,,809,,Hemiptera,Hemiptera,Cerro_Hoya_Expedition_Hoya_606m_grisMejua_2025-01-26,grisMejua_2025_01_27__19_41_05_HDR0_2_Mothbot_yolo11m_4500_imgsz1600_b1_2024-01-18.pt.jpg,HS,Mothbot_yolo11m_4500_imgsz1600_b1_2024-01-18.pt,0.8044586181640625,,grisMejua,Cerro_Hoya_Expedition/Hoya_606m_grisMejua_2025-01-26/2025-01-27/patches/grisMejua_2025_01_27__19_41_05_HDR0_2_Mothbot_yolo11m_4500_imgsz1600_b1_2024-01-18.pt.jpg,ORDER_Hemiptera,2025-01-27,19:41:05,,2025_01_27__19_41_05,MachineObservation,Cerro_Hoya_Expedition_Hoya_606m_grisMejua_2025-01-26_2025-01-27,Cerro_Hoya_Expedition_Hoya_606m_grisMejua_2025-01-26,grisMejua_2025_01_27__19_41_05_HDR0.jpg,grisMejua_2025_01_27__19_41_05_HDR0_2_Mothbot_yolo11m_4500_imgsz1600_b1_2024-01-18.pt.jpg
doi.org10.15468dl.6nxkw6.csv,Animalia,Arthropoda,Insecta,Hemiptera,,,,,809,,Hemiptera,Hemiptera,Cerro_Hoya_Expedition_Hoya_606m_grisMejua_2025-01-26,grisMejua_2025_01_27__19_41_05_HDR0_3_Mothbot_yolo11m_4500_imgsz1600_b1_2024-01-18.pt.jpg,HS,Mothbot_yolo11m_4500_imgsz1600_b1_2024-01-18.pt,0.7828763723373413,,grisMejua,Cerro_Hoya_Expedition/Hoya_606m_grisMejua_2025-01-26/2025-01-27/patches/grisMejua_2025_01_27__19_41_05_HDR0_3_Mothbot_yolo11m_4500_imgsz1600_b1_2024-01-18.pt.jpg,ORDER_Hemiptera,2025-01-27,19:41:05,,2025_01_27__19_41_05,MachineObservation,Cerro_Hoya_Expedition_Hoya_606m_grisMejua_2025-01-26_2025-01-27,Cerro_Hoya_Expedition_Hoya_606m_grisMejua_2025-01-26,grisMejua_2025_01_27__19_41_05_HDR0.jpg,grisMejua_2025_01_27__19_41_05_HDR0_3_Mothbot_yolo11m_4500_imgsz1600_b1_2024-01-18.pt.jpg
doi.org10.15468dl.6nxkw6.csv,Animalia,Arthropoda,Insecta,Hemiptera,,,,,809,,Hemiptera,Hemiptera,Cerro_Hoya_Expedition_Hoya_606m_grisMejua_2025-01-26,grisMejua_2025_01_27__19_41_05_HDR0_4_Mothbot_yolo11m_4500_imgsz1600_b1_2024-01-18.pt.jpg,HS,Mothbot_yolo11m_4500_imgsz1600_b1_2024-01-18.pt,0.5196717381477356,,grisMejua,Cerro_Hoya_Expedition/Hoya_606m_grisMejua_2025-01-26/2025-01-27/patches/grisMejua_2025_01_27__19_41_05_HDR0_4_Mothbot_yolo11m_4500_imgsz1600_b1_2024-01-18.pt.jpg,ORDER_Diptera,2025-01-27,19:41:05,,2025_01_27__19_41_05,MachineObservation,Cerro_Hoya_Expedition_Hoya_606m_grisMejua_2025-01-26_2025-01-27,Cerro_Hoya_Expedition_Hoya_606m_grisMejua_2025-01-26,grisMejua_2025_01_27__19_41_05_HDR0.jpg,grisMejua_2025_01_27__19_41_05_HDR0_4_Mothbot_yolo11m_4500_imgsz1600_b1_2024-01-18.pt.jpg
doi.org10.15468dl.6nxkw6.csv,Animalia,Arthropoda,Insecta,Diptera,,,,,811,,Diptera,Diptera,Cerro_Hoya_Expedition_Hoya_606m_grisMejua_2025-01-26,grisMejua_2025_01_27__19_41_05_HDR0_5_Mothbot_yolo11m_4500_imgsz1600_b1_2024-01-18.pt.jpg,HS,Mothbot_yolo11m_4500_imgsz1600_b1_2024-01-18.pt,0.5049874186515808,,grisMejua,Cerro_Hoya_Expedition/Hoya_606m_grisMejua_2025-01-26/2025-01-27/patches/grisMejua_2025_01_27__19_41_05_HDR0_5_Mothbot_yolo11m_4500_imgsz1600_b1_2024-01-18.pt.jpg,ORDER_Diptera,2025-01-27,19:41:05,,2025_01_27__19_41_05,MachineObservation,Cerro_Hoya_Expedition_Hoya_606m_grisMejua_2025-01-26_2025-01-27,Cerro_Hoya_Expedition_Hoya_606m_grisMejua_2025-01-26,grisMejua_2025_01_27__19_41_05_HDR0.jpg,grisMejua_2025_01_27__19_41_05_HDR0_5_Mothbot_yolo11m_4500_imgsz1600_b1_2024-01-18.pt.jpg
doi.org10.15468dl.6nxkw6.csv,Animalia,Arthropoda,Insecta,Coleoptera,,,,,1470,,Coleoptera,Coleoptera,Cerro_Hoya_Expedition_Hoya_606m_grisMejua_2025-01-26,grisMejua_2025_01_27__19_41_05_HDR0_6_Mothbot_yolo11m_4500_imgsz1600_b1_2024-01-18.pt.jpg,HS,Mothbot_yolo11m_4500_imgsz1600_b1_2024-01-18.pt,0.4803667366504669,,grisMejua,Cerro_Hoya_Expedition/Hoya_606m_grisMejua_2025-01-26/2025-01-27/patches/grisMejua_2025_01_27__19_41_05_HDR0_6_Mothbot_yolo11m_4500_imgsz1600_b1_2024-01-18.pt.jpg,ORDER_Coleoptera,2025-01-27,19:41:05,,2025_01_27__19_41_05,MachineObservation,Cerro_Hoya_Expedition_Hoya_606m_grisMejua_2025-01-26_2025-01-27,Cerro_Hoya_Expedition_Hoya_606m_grisMejua_2025-01-26,grisMejua_2025_01_27__19_41_05_HDR0.jpg,grisMejua_2025_01_27__19_41_05_HDR0_6_Mothbot_yolo11m_4500_imgsz1600_b1_2024-01-18.pt.jpg
doi.org10.15468dl.6nxkw6.csv,Animalia,Arthropoda,Insecta,Coleoptera,,,,,1470,,Coleoptera,Coleoptera,Cerro_Hoya_Expedition_Hoya_606m_grisMejua_2025-01-26,grisMejua_2025_01_27__19_41_05_HDR0_7_Mothbot_yolo11m_4500_imgsz1600_b1_2024-01-18.pt.jpg,HS,Mothbot_yolo11m_4500_imgsz1600_b1_2024-01-18.pt,0.4457663297653198,,grisMejua,Cerro_Hoya_Expedition/Hoya_606m_grisMejua_2025-01-26/2025-01-27/patches/grisMejua_2025_01_27__19_41_05_HDR0_7_Mothbot_yolo11m_4500_imgsz1600_b1_2024-01-18.pt.jpg,ORDER_Coleoptera,2025-01-27,19:41:05,,2025_01_27__19_41_05,MachineObservation,Cerro_Hoya_Expedition_Hoya_606m_grisMejua_2025-01-26_2025-01-27,Cerro_Hoya_Expedition_Hoya_606m_grisMejua_2025-01-26,grisMejua_2025_01_27__19_41_05_HDR0.jpg,grisMejua_2025_01_27__19_41_05_HDR0_7_Mothbot_yolo11m_4500_imgsz1600_b1_2024-01-18.pt.jpg
doi.org10.15468dl.6nxkw6.csv,Animalia,Arthropoda,Insecta,Coleoptera,,,,,1470,,Coleoptera,Coleoptera,Cerro_Hoya_Expedition_Hoya_606m_grisMejua_2025-01-26,grisMejua_2025_01_27__19_41_05_HDR0_8_Mothbot_yolo11m_4500_imgsz1600_b1_2024-01-18.pt.jpg,HS,Mothbot_yolo11m_4500_imgsz1600_b1_2024-01-18.pt,0.3905678987503052,,grisMejua,Cerro_Hoya_Expedition/Hoya_606m_grisMejua_2025-01-26/2025-01-27/patches/grisMejua_2025_01_27__19_41_05_HDR0_8_Mothbot_yolo11m_4500_imgsz1600_b1_2024-01-18.pt.jpg,ORDER_Diptera,2025-01-27,19:41:05,,2025_01_27__19_41_05,MachineObservation,Cerro_Hoya_Expedition_Hoya_606m_grisMejua_2025-01-26_2025-01-27,Cerro_Hoya_Expedition_Hoya_606m_grisMejua_2025-01-26,grisMejua_2025_01_27__19_41_05_HDR0.jpg,grisMejua_2025_01_27__19_41_05_HDR0_8_Mothbot_yolo11m_4500_imgsz1600_b1_2024-01-18.pt.jpg
doi.org10.15468dl.6nxkw6.csv,Animalia,Arthropoda,Insecta,Coleoptera,,,,,1470,,Coleoptera,Coleoptera,Cerro_Hoya_Expedition_Hoya_606m_grisMejua_2025-01-26,grisMejua_2025_01_27__19_41_05_HDR0_9_Mothbot_yolo11m_4500_imgsz1600_b1_2024-01-18.pt.jpg,HS,Mothbot_yolo11m_4500_imgsz1600_b1_2024-01-18.pt,0.3661685585975647,,grisMejua,Cerro_Hoya_Expedition/Hoya_606m_grisMejua_2025-01-26/2025-01-27/patches/grisMejua_2025_01_27__19_41_05_HDR0_9_Mothbot_yolo11m_4500_imgsz1600_b1_2024-01-18.pt.jpg,ORDER_Hemiptera,2025-01-27,19:41:05,,2025_01_27__19_41_05,MachineObservation,Cerro_Hoya_Expedition_Hoya_606m_grisMejua_2025-01-26_2025-01-27,Cerro_Hoya_Expedition_Hoya_606m_grisMejua_2025-01-26,grisMejua_2025_01_27__19_41_05_HDR0.jpg,grisMejua_2025_01_27__19_41_05_HDR0_9_Mothbot_yolo11m_4500_imgsz1600_b1_2024-01-18.pt.jpg
doi.org10.15468dl.6nxkw6.csv,Animalia,Arthropoda,Insecta,Coleoptera,,,,,1470,,Coleoptera,Coleoptera,Cerro_Hoya_Expedition_Hoya_606m_grisMejua_2025-01-26,grisMejua_2025_01_27__19_41_05_HDR0_10_Mothbot_yolo11m_4500_imgsz1600_b1_2024-01-18.pt.jpg,HS,Mothbot_yolo11m_4500_imgsz1600_b1_2024-01-18.pt,0.3598736822605133,,grisMejua,Cerro_Hoya_Expedition/Hoya_606m_grisMejua_2025-01-26/2025-01-27/patches/grisMejua_2025_01_27__19_41_05_HDR0_10_Mothbot_yolo11m_4500_imgsz1600_b1_2024-01-18.pt.jpg,ORDER_Coleoptera,2025-01-27,19:41:05,,2025_01_27__19_41_05,MachineObservation,Cerro_Hoya_Expedition_Hoya_606m_grisMejua_2025-01-26_2025-01-27,Cerro_Hoya_Expedition_Hoya_606m_grisMejua_2025-01-26,grisMejua_2025_01_27__19_41_05_HDR0.jpg,grisMejua_2025_01_27__19_41_05_HDR0_10_Mothbot_yolo11m_4500_imgsz1600_b1_2024-01-18.pt.jpg
doi.org10.15468dl.6nxkw6.csv,Animalia,Arthropoda,Insecta,Coleoptera,,,,,1470,,Coleoptera,Coleoptera,Cerro_Hoya_Expedition_Hoya_606m_grisMejua_2025-01-26,grisMejua_2025_01_27__19_41_05_HDR0_11_Mothbot_yolo11m_4500_imgsz1600_b1_2024-01-18.pt.jpg,HS,Mothbot_yolo11m_4500_imgsz1600_b1_2024-01-18.pt,0.35406458377838135,,grisMejua,Cerro_Hoya_Expedition/Hoya_606m_grisMejua_2025-01-26/2025-01-27/patches/grisMejua_2025_01_27__19_41_05_HDR0_11_Mothbot_yolo11m_4500_imgsz1600_b1_2024-01-18.pt.jpg,ORDER_Coleoptera,2025-01-27,19:41:05,,2025_01_27__19_41_05,MachineObservation,Cerro_Hoya_Expedition_Hoya_606m_grisMejua_2025-01-26_2025-01-27,Cerro_Hoya_Expedition_Hoya_606m_grisMejua_2025-01-26,grisMejua_2025_01_27__19_41_05_HDR0.jpg,grisMejua_2025_01_27__19_41_05_HDR0_11_Mothbot_yolo11m_4500_imgsz1600_b1_2024-01-18.pt.jpg
doi.org10.15468dl.6nxkw6.csv,Animalia,Arthropoda,Insecta,Coleoptera,,,,,1470,,Coleoptera,Coleoptera,Cerro_Hoya_Expedition_Hoya_606m_grisMejua_2025-01-26,grisMejua_2025_01_27__19_41_05_HDR0_12_Mothbot_yolo11m_4500_imgsz1600_b1_2024-01-18.pt.jpg,HS,Mothbot_yolo11m_4500_imgsz1600_b1_2024-01-18.pt,0.29631340503692627,,grisMejua,Cerro_Hoya_Expedition/Hoya_606m_grisMejua_2025-01-26/2025-01-27/patches/grisMejua_2025_01_27__19_41_05_HDR0_12_Mothbot_yolo11m_4500_imgsz1600_b1_2024-01-18.pt.jpg,ORDER_Coleoptera,2025-01-27,19:41:05,,2025_01_27__19_41_05,MachineObservation,Cerro_Hoya_Expedition_Hoya_606m_grisMejua_2025-01-26_2025-01-27,Cerro_Hoya_Expedition_Hoya_606m_grisMejua_2025-01-26,grisMejua_2025_01_27__19_41_05_HDR0.jpg,grisMejua_2025_01_27__19_41_05_HDR0_12_Mothbot_yolo11m_4500_imgsz1600_b1_2024-01-18.pt.jpg
doi.org10.15468dl.6nxkw6.csv,Animalia,Arthropoda,Insecta,,,,,,216,,Insecta,Insecta,Cerro_Hoya_Expedition_Hoya_606m_grisMejua_2025-01-26,grisMejua_2025_01_27__19_41_05_HDR0_13_Mothbot_yolo11m_4500_imgsz1600_b1_2024-01-18.pt.jpg,HS,Mothbot_yolo11m_4500_imgsz1600_b1_2024-01-18.pt,0.29290294647216797,,grisMejua,Cerro_Hoya_Expedition/Hoya_606m_grisMejua_2025-01-26/2025-01-27/patches/grisMejua_2025_01_27__19_41_05_HDR0_13_Mothbot_yolo11m_4500_imgsz1600_b1_2024-01-18.pt.jpg,ORDER_Hemiptera,2025-01-27,19:41:05,,2025_01_27__19_41_05,MachineObservation,Cerro_Hoya_Expedition_Hoya_606m_grisMejua_2025-01-26_2025-01-27,Cerro_Hoya_Expedition_Hoya_606m_grisMejua_2025-01-26,grisMejua_2025_01_27__19_41_05_HDR0.jpg,grisMejua_2025_01_27__19_41_05_HDR0_13_Mothbot_yolo11m_4500_imgsz1600_b1_2024-01-18.pt.jpg
doi.org10.15468dl.6nxkw6.csv,Animalia,Arthropoda,Insecta,Hemiptera,,,,,809,,Hemiptera,Hemiptera,Cerro_Hoya_Expedition_Hoya_606m_grisMejua_2025-01-26,grisMejua_2025_01_27__19_41_05_HDR0_14_Mothbot_yolo11m_4500_imgsz1600_b1_2024-01-18.pt.jpg,HS,Mothbot_yolo11m_4500_imgsz1600_b1_2024-01-18.pt,0.2572415769100189,,grisMejua,Cerro_Hoya_Expedition/Hoya_606m_grisMejua_2025-01-26/2025-01-27/patches/grisMejua_2025_01_27__19_41_05_HDR0_14_Mothbot_yolo11m_4500_imgsz1600_b1_2024-01-18.pt.jpg,ORDER_Hemiptera,2025-01-27,19:41:05,,2025_01_27__19_41_05,MachineObservation,Cerro_Hoya_Expedition_Hoya_606m_grisMejua_2025-01-26_2025-01-27,Cerro_Hoya_Expedition_Hoya_606m_grisMejua_2025-01-26,grisMejua_2025_01_27__19_41_05_HDR0.jpg,grisMejua_2025_01_27__19_41_05_HDR0_14_Mothbot_yolo11m_4500_imgsz1600_b1_2024-01-18.pt.jpg
doi.org10.15468dl.6nxkw6.csv,Animalia,Arthropoda,Insecta,Hemiptera,,,,,809,,Hemiptera,Hemiptera,Cerro_Hoya_Expedition_Hoya_606m_grisMejua_2025-01-26,grisMejua_2025_01_27__19_42_05_HDR0_0_Mothbot_yolo11m_4500_imgsz1600_b1_2024-01-18.pt.jpg,HS,Mothbot_yolo11m_4500_imgsz1600_b1_2024-01-18.pt,0.7876147031784058,,grisMejua,Cerro_Hoya_Expedition/Hoya_606m_grisMejua_2025-01-26/2025-01-27/patches/grisMejua_2025_01_27__19_42_05_HDR0_0_Mothbot_yolo11m_4500_imgsz1600_b1_2024-01-18.pt.jpg,ORDER_Hemiptera,2025-01-27,19:42:05,,2025_01_27__19_42_05,MachineObservation,Cerro_Hoya_Expedition_Hoya_606m_grisMejua_2025-01-26_2025-01-27,Cerro_Hoya_Expedition_Hoya_606m_grisMejua_2025-01-26,grisMejua_2025_01_27__19_42_05_HDR0.jpg,grisMejua_2025_01_27__19_42_05_HDR0_0_Mothbot_yolo11m_4500_imgsz1600_b1_2024-01-18.pt.jpg
doi.org10.15468dl.6nxkw6.csv,Animalia,Arthropoda,Insecta,Lepidoptera,,,,,797,,Lepidoptera,Lepidoptera,Cerro_Hoya_Expedition_Hoya_606m_grisMejua_2025-01-26,grisMejua_2025_01_27__19_42_05_HDR0_1_Mothbot_yolo11m_4500_imgsz1600_b1_2024-01-18.pt.jpg,HS,Mothbot_yolo11m_4500_imgsz1600_b1_2024-01-18.pt,0.7715054154396057,,grisMejua,Cerro_Hoya_Expedition/Hoya_606m_grisMejua_2025-01-26/2025-01-27/patches/grisMejua_2025_01_27__19_42_05_HDR0_1_Mothbot_yolo11m_4500_imgsz1600_b1_2024-01-18.pt.jpg,ORDER_Lepidoptera,2025-01-27,19:42:05,,2025_01_27__19_42_05,MachineObservation,Cerro_Hoya_Expedition_Hoya_606m_grisMejua_2025-01-26_2025-01-27,Cerro_Hoya_Expedition_Hoya_606m_grisMejua_2025-01-26,grisMejua_2025_01_27__19_42_05_HDR0.jpg,grisMejua_2025_01_27__19_42_05_HDR0_1_Mothbot_yolo11m_4500_imgsz1600_b1_2024-01-18.pt.jpg
doi.org10.15468dl.6nxkw6.csv,Animalia,Arthropoda,Insecta,Hemiptera,,,,,809,,Hemiptera,Hemiptera,Cerro_Hoya_Expedition_Hoya_606m_grisMejua_2025-01-26,grisMejua_2025_01_27__19_42_05_HDR0_2_Mothbot_yolo11m_4500_imgsz1600_b1_2024-01-18.pt.jpg,HS,Mothbot_yolo11m_4500_imgsz1600_b1_2024-01-18.pt,0.7671303749084473,,grisMejua,Cerro_Hoya_Expedition/Hoya_606m_grisMejua_2025-01-26/2025-01-27/patches/grisMejua_2025_01_27__19_42_05_HDR0_2_Mothbot_yolo11m_4500_imgsz1600_b1_2024-01-18.pt.jpg,ORDER_Hemiptera,2025-01-27,19:42:05,,2025_01_27__19_42_05,MachineObservation,Cerro_Hoya_Expedition_Hoya_606m_grisMejua_2025-01-26_2025-01-27,Cerro_Hoya_Expedition_Hoya_606m_grisMejua_2025-01-26,grisMejua_2025_01_27__19_42_05_HDR0.jpg,grisMejua_2025_01_27__19_42_05_HDR0_2_Mothbot_yolo11m_4500_imgsz1600_b1_2024-01-18.pt.jpg
doi.org10.15468dl.6nxkw6.csv,Animalia,Arthropoda,Insecta,Hemiptera,,,,,809,,Hemiptera,Hemiptera,Cerro_Hoya_Expedition_Hoya_606m_grisMejua_2025-01-26,grisMejua_2025_01_27__19_42_05_HDR0_3_Mothbot_yolo11m_4500_imgsz1600_b1_2024-01-18.pt.jpg,HS,Mothbot_yolo11m_4500_imgsz1600_b1_2024-01-18.pt,0.7208287119865417,,grisMejua,Cerro_Hoya_Expedition/Hoya_606m_grisMejua_2025-01-26/2025-01-27/patches/grisMejua_2025_01_27__19_42_05_HDR0_3_Mothbot_yolo11m_4500_imgsz1600_b1_2024-01-18.pt.jpg,ORDER_Hemiptera,2025-01-27,19:42:05,,2025_01_27__19_42_05,MachineObservation,Cerro_Hoya_Expedition_Hoya_606m_grisMejua_2025-01-26_2025-01-27,Cerro_Hoya_Expedition_Hoya_606m_grisMejua_2025-01-26,grisMejua_2025_01_27__19_42_05_HDR0.jpg,grisMejua_2025_01_27__19_42_05_HDR0_3_Mothbot_yolo11m_4500_imgsz1600_b1_2024-01-18.pt.jpg
doi.org10.15468dl.6nxkw6.csv,Animalia,Arthropoda,Insecta,Hemiptera,,,,,809,,Hemiptera,Hemiptera,Cerro_Hoya_Expedition_Hoya_606m_grisMejua_2025-01-26,grisMejua_2025_01_27__19_42_05_HDR0_4_Mothbot_yolo11m_4500_imgsz1600_b1_2024-01-18.pt.jpg,HS,Mothbot_yolo11m_4500_imgsz1600_b1_2024-01-18.pt,0.6338483691215515,,grisMejua,Cerro_Hoya_Expedition/Hoya_606m_grisMejua_2025-01-26/2025-01-27/patches/grisMejua_2025_01_27__19_42_05_HDR0_4_Mothbot_yolo11m_4500_imgsz1600_b1_2024-01-18.pt.jpg,ORDER_Lepidoptera,2025-01-27,19:42:05,,2025_01_27__19_42_05,MachineObservation,Cerro_Hoya_Expedition_Hoya_606m_grisMejua_2025-01-26_2025-01-27,Cerro_Hoya_Expedition_Hoya_606m_grisMejua_2025-01-26,grisMejua_2025_01_27__19_42_05_HDR0.jpg,grisMejua_2025_01_27__19_42_05_HDR0_4_Mothbot_yolo11m_4500_imgsz1600_b1_2024-01-18.pt.jpg
doi.org10.15468dl.6nxkw6.csv,Animalia,Arthropoda,Insecta,Hemiptera,,,,,809,,Hemiptera,Hemiptera,Cerro_Hoya_Expedition_Hoya_606m_grisMejua_2025-01-26,grisMejua_2025_01_27__19_42_05_HDR0_5_Mothbot_yolo11m_4500_imgsz1600_b1_2024-01-18.pt.jpg,HS,Mothbot_yolo11m_4500_imgsz1600_b1_2024-01-18.pt,0.6037232875823975,,grisMejua,Cerro_Hoya_Expedition/Hoya_606m_grisMejua_2025-01-26/2025-01-27/patches/grisMejua_2025_01_27__19_42_05_HDR0_5_Mothbot_yolo11m_4500_imgsz1600_b1_2024-01-18.pt.jpg,ORDER_Hemiptera,2025-01-27,19:42:05,,2025_01_27__19_42_05,MachineObservation,Cerro_Hoya_Expedition_Hoya_606m_grisMejua_2025-01-26_2025-01-27,Cerro_Hoya_Expedition_Hoya_606m_grisMejua_2025-01-26,grisMejua_2025_01_27__19_42_05_HDR0.jpg,grisMejua_2025_01_27__19_42_05_HDR0_5_Mothbot_yolo11m_4500_imgsz1600_b1_2024-01-18.pt.jpg
doi.org10.15468dl.6nxkw6.csv,Animalia,Arthropoda,Insecta,Lepidoptera,,,,,797,,Lepidoptera,Lepidoptera,Cerro_Hoya_Expedition_Hoya_606m_grisMejua_2025-01-26,grisMejua_2025_01_27__19_42_05_HDR0_6_Mothbot_yolo11m_4500_imgsz1600_b1_2024-01-18.pt.jpg,HS,Mothbot_yolo11m_4500_imgsz1600_b1_2024-01-18.pt,0.595146656036377,,grisMejua,Cerro_Hoya_Expedition/Hoya_606m_grisMejua_2025-01-26/2025-01-27/patches/grisMejua_2025_01_27__19_42_05_HDR0_6_Mothbot_yolo11m_4500_imgsz1600_b1_2024-01-18.pt.jpg,ORDER_Psocodea,2025-01-27,19:42:05,,2025_01_27__19_42_05,MachineObservation,Cerro_Hoya_Expedition_Hoya_606m_grisMejua_2025-01-26_2025-01-27,Cerro_Hoya_Expedition_Hoya_606m_grisMejua_2025-01-26,grisMejua_2025_01_27__19_42_05_HDR0.jpg,grisMejua_2025_01_27__19_42_05_HDR0_6_Mothbot_yolo11m_4500_imgsz1600_b1_2024-01-18.pt.jpg
doi.org10.15468dl.6nxkw6.csv,Animalia,Arthropoda,Insecta,Hymenoptera,,,,,1457,,Hymenoptera,Hymenoptera,Cerro_Hoya_Expedition_Hoya_606m_grisMejua_2025-01-26,grisMejua_2025_01_27__19_42_05_HDR0_7_Mothbot_yolo11m_4500_imgsz1600_b1_2024-01-18.pt.jpg,HS,Mothbot_yolo11m_4500_imgsz1600_b1_2024-01-18.pt,0.5703451037406921,,grisMejua,Cerro_Hoya_Expedition/Hoya_606m_grisMejua_2025-01-26/2025-01-27/patches/grisMejua_2025_01_27__19_42_05_HDR0_7_Mothbot_yolo11m_4500_imgsz1600_b1_2024-01-18.pt.jpg,ORDER_Hymenoptera,2025-01-27,19:42:05,,2025_01_27__19_42_05,MachineObservation,Cerro_Hoya_Expedition_Hoya_606m_grisMejua_2025-01-26_2025-01-27,Cerro_Hoya_Expedition_Hoya_606m_grisMejua_2025-01-26,grisMejua_2025_01_27__19_42_05_HDR0.jpg,grisMejua_2025_01_27__19_42_05_HDR0_7_Mothbot_yolo11m_4500_imgsz1600_b1_2024-01-18.pt.jpg
doi.org10.15468dl.6nxkw6.csv,Animalia,Arthropoda,Insecta,Diptera,,,,,811,,Diptera,Diptera,Cerro_Hoya_Expedition_Hoya_606m_grisMejua_2025-01-26,grisMejua_2025_01_27__19_42_05_HDR0_8_Mothbot_yolo11m_4500_imgsz1600_b1_2024-01-18.pt.jpg,HS,Mothbot_yolo11m_4500_imgsz1600_b1_2024-01-18.pt,0.5505380034446716,,grisMejua,Cerro_Hoya_Expedition/Hoya_606m_grisMejua_2025-01-26/2025-01-27/patches/grisMejua_2025_01_27__19_42_05_HDR0_8_Mothbot_yolo11m_4500_imgsz1600_b1_2024-01-18.pt.jpg,ERROR_background,2025-01-27,19:42:05,,2025_01_27__19_42_05,MachineObservation,Cerro_Hoya_Expedition_Hoya_606m_grisMejua_2025-01-26_2025-01-27,Cerro_Hoya_Expedition_Hoya_606m_grisMejua_2025-01-26,grisMejua_2025_01_27__19_42_05_HDR0.jpg,grisMejua_2025_01_27__19_42_05_HDR0_8_Mothbot_yolo11m_4500_imgsz1600_b1_2024-01-18.pt.jpg
doi.org10.15468dl.6nxkw6.csv,Animalia,Arthropoda,Insecta,Coleoptera,,,,,1470,,Coleoptera,Coleoptera,Cerro_Hoya_Expedition_Hoya_606m_grisMejua_2025-01-26,grisMejua_2025_01_27__19_42_05_HDR0_9_Mothbot_yolo11m_4500_imgsz1600_b1_2024-01-18.pt.jpg,HS,Mothbot_yolo11m_4500_imgsz1600_b1_2024-01-18.pt,0.515417218208313,,grisMejua,Cerro_Hoya_Expedition/Hoya_606m_grisMejua_2025-01-26/2025-01-27/patches/grisMejua_2025_01_27__19_42_05_HDR0_9_Mothbot_yolo11m_4500_imgsz1600_b1_2024-01-18.pt.jpg,ORDER_Coleoptera,2025-01-27,19:42:05,,2025_01_27__19_42_05,MachineObservation,Cerro_Hoya_Expedition_Hoya_606m_grisMejua_2025-01-26_2025-01-27,Cerro_Hoya_Expedition_Hoya_606m_grisMejua_2025-01-26,grisMejua_2025_01_27__19_42_05_HDR0.jpg,grisMejua_2025_01_27__19_42_05_HDR0_9_Mothbot_yolo11m_4500_imgsz1600_b1_2024-01-18.pt.jpg
doi.org10.15468dl.6nxkw6.csv,Animalia,Arthropoda,Insecta,Coleoptera,,,,,1470,,Coleoptera,Coleoptera,Cerro_Hoya_Expedition_Hoya_606m_grisMejua_2025-01-26,grisMejua_2025_01_27__19_42_05_HDR0_10_Mothbot_yolo11m_4500_imgsz1600_b1_2024-01-18.pt.jpg,HS,Mothbot_yolo11m_4500_imgsz1600_b1_2024-01-18.pt,0.45562174916267395,,grisMejua,Cerro_Hoya_Expedition/Hoya_606m_grisMejua_2025-01-26/2025-01-27/patches/grisMejua_2025_01_27__19_42_05_HDR0_10_Mothbot_yolo11m_4500_imgsz1600_b1_2024-01-18.pt.jpg,ORDER_Diptera,2025-01-27,19:42:05,,2025_01_27__19_42_05,MachineObservation,Cerro_Hoya_Expedition_Hoya_606m_grisMejua_2025-01-26_2025-01-27,Cerro_Hoya_Expedition_Hoya_606m_grisMejua_2025-01-26,grisMejua_2025_01_27__19_42_05_HDR0.jpg,grisMejua_2025_01_27__19_42_05_HDR0_10_Mothbot_yolo11m_4500_imgsz1600_b1_2024-01-18.pt.jpg
doi.org10.15468dl.6nxkw6.csv,Animalia,Arthropoda,Insecta,Coleoptera,,,,,1470,,Coleoptera,Coleoptera,Cerro_Hoya_Expedition_Hoya_606m_grisMejua_2025-01-26,grisMejua_2025_01_27__19_42_05_HDR0_11_Mothbot_yolo11m_4500_imgsz1600_b1_2024-01-18.pt.jpg,HS,Mothbot_yolo11m_4500_imgsz1600_b1_2024-01-18.pt,0.4082544445991516,,grisMejua,Cerro_Hoya_Expedition/Hoya_606m_grisMejua_2025-01-26/2025-01-27/patches/grisMejua_2025_01_27__19_42_05_HDR0_11_Mothbot_yolo11m_4500_imgsz1600_b1_2024-01-18.pt.jpg,ORDER_Coleoptera,2025-01-27,19:42:05,,2025_01_27__19_42_05,MachineObservation,Cerro_Hoya_Expedition_Hoya_606m_grisMejua_2025-01-26_2025-01-27,Cerro_Hoya_Expedition_Hoya_606m_grisMejua_2025-01-26,grisMejua_2025_01_27__19_42_05_HDR0.jpg,grisMejua_2025_01_27__19_42_05_HDR0_11_Mothbot_yolo11m_4500_imgsz1600_b1_2024-01-18.pt.jpg
doi.org10.15468dl.6nxkw6.csv,Animalia,Arthropoda,Insecta,Coleoptera,,,,,1470,,Coleoptera,Coleoptera,Cerro_Hoya_Expedition_Hoya_606m_grisMejua_2025-01-26,grisMejua_2025_01_27__19_42_05_HDR0_12_Mothbot_yolo11m_4500_imgsz1600_b1_2024-01-18.pt.jpg,HS,Mothbot_yolo11m_4500_imgsz1600_b1_2024-01-18.pt,0.3732225000858307,,grisMejua,Cerro_Hoya_Expedition/Hoya_606m_grisMejua_2025-01-26/2025-01-27/patches/grisMejua_2025_01_27__19_42_05_HDR0_12_Mothbot_yolo11m_4500_imgsz1600_b1_2024-01-18.pt.jpg,ORDER_Coleoptera,2025-01-27,19:42:05,,2025_01_27__19_42_05,MachineObservation,Cerro_Hoya_Expedition_Hoya_606m_grisMejua_2025-01-26_2025-01-27,Cerro_Hoya_Expedition_Hoya_606m_grisMejua_2025-01-26,grisMejua_2025_01_27__19_42_05_HDR0.jpg,grisMejua_2025_01_27__19_42_05_HDR0_12_Mothbot_yolo11m_4500_imgsz1600_b1_2024-01-18.pt.jpg
doi.org10.15468dl.6nxkw6.csv,Animalia,Arthropoda,Insecta,Coleoptera,,,,,1470,,Coleoptera,Coleoptera,Cerro_Hoya_Expedition_Hoya_606m_grisMejua_2025-01-26,grisMejua_2025_01_27__19_42_05_HDR0_13_Mothbot_yolo11m_4500_imgsz1600_b1_2024-01-18.pt.jpg,HS,Mothbot_yolo11m_4500_imgsz1600_b1_2024-01-18.pt,0.35422003269195557,,grisMejua,Cerro_Hoya_Expedition/Hoya_606m_grisMejua_2025-01-26/2025-01-27/patches/grisMejua_2025_01_27__19_42_05_HDR0_13_Mothbot_yolo11m_4500_imgsz1600_b1_2024-01-18.pt.jpg,ORDER_Diptera,2025-01-27,19:42:05,,2025_01_27__19_42_05,MachineObservation,Cerro_Hoya_Expedition_Hoya_606m_grisMejua_2025-01-26_2025-01-27,Cerro_Hoya_Expedition_Hoya_606m_grisMejua_2025-01-26,grisMejua_2025_01_27__19_42_05_HDR0.jpg,grisMejua_2025_01_27__19_42_05_HDR0_13_Mothbot_yolo11m_4500_imgsz1600_b1_2024-01-18.pt.jpg
doi.org10.15468dl.6nxkw6.csv,Animalia,Arthropoda,Insecta,Coleoptera,,,,,1470,,Coleoptera,Coleoptera,Cerro_Hoya_Expedition_Hoya_606m_grisMejua_2025-01-26,grisMejua_2025_01_27__19_42_05_HDR0_14_Mothbot_yolo11m_4500_imgsz1600_b1_2024-01-18.pt.jpg,HS,Mothbot_yolo11m_4500_imgsz1600_b1_2024-01-18.pt,0.3059193193912506,,grisMejua,Cerro_Hoya_Expedition/Hoya_606m_grisMejua_2025-01-26/2025-01-27/patches/grisMejua_2025_01_27__19_42_05_HDR0_14_Mothbot_yolo11m_4500_imgsz1600_b1_2024-01-18.pt.jpg,ORDER_Coleoptera,2025-01-27,19:42:05,,2025_01_27__19_42_05,MachineObservation,Cerro_Hoya_Expedition_Hoya_606m_grisMejua_2025-01-26_2025-01-27,Cerro_Hoya_Expedition_Hoya_606m_grisMejua_2025-01-26,grisMejua_2025_01_27__19_42_05_HDR0.jpg,grisMejua_2025_01_27__19_42_05_HDR0_14_Mothbot_yolo11m_4500_imgsz1600_b1_2024-01-18.pt.jpg
doi.org10.15468dl.6nxkw6.csv,Animalia,Arthropoda,Insecta,Coleoptera,,,,,1470,,Coleoptera,Coleoptera,Cerro_Hoya_Expedition_Hoya_606m_grisMejua_2025-01-26,grisMejua_2025_01_27__19_42_05_HDR0_15_Mothbot_yolo11m_4500_imgsz1600_b1_2024-01-18.pt.jpg,HS,Mothbot_yolo11m_4500_imgsz1600_b1_2024-01-18.pt,0.2753143608570099,,grisMejua,Cerro_Hoya_Expedition/Hoya_606m_grisMejua_2025-01-26/2025-01-27/patches/grisMejua_2025_01_27__19_42_05_HDR0_15_Mothbot_yolo11m_4500_imgsz1600_b1_2024-01-18.pt.jpg,ORDER_Coleoptera,2025-01-27,19:42:05,,2025_01_27__19_42_05,MachineObservation,Cerro_Hoya_Expedition_Hoya_606m_grisMejua_2025-01-26_2025-01-27,Cerro_Hoya_Expedition_Hoya_606m_grisMejua_2025-01-26,grisMejua_2025_01_27__19_42_05_HDR0.jpg,grisMejua_2025_01_27__19_42_05_HDR0_15_Mothbot_yolo11m_4500_imgsz1600_b1_2024-01-18.pt.jpg
doi.org10.15468dl.6nxkw6.csv,Animalia,Arthropoda,Insecta,Hemiptera,,,,,809,,Hemiptera,Hemiptera,Cerro_Hoya_Expedition_Hoya_606m_grisMejua_2025-01-26,grisMejua_2025_01_27__19_43_22_HDR0_0_Mothbot_yolo11m_4500_imgsz1600_b1_2024-01-18.pt.jpg,HS,Mothbot_yolo11m_4500_imgsz1600_b1_2024-01-18.pt,0.8371407389640808,,grisMejua,Cerro_Hoya_Expedition/Hoya_606m_grisMejua_2025-01-26/2025-01-27/patches/grisMejua_2025_01_27__19_43_22_HDR0_0_Mothbot_yolo11m_4500_imgsz1600_b1_2024-01-18.pt.jpg,ORDER_Hemiptera,2025-01-27,19:43:22,,2025_01_27__19_43_22,MachineObservation,Cerro_Hoya_Expedition_Hoya_606m_grisMejua_2025-01-26_2025-01-27,Cerro_Hoya_Expedition_Hoya_606m_grisMejua_2025-01-26,grisMejua_2025_01_27__19_43_22_HDR0.jpg,grisMejua_2025_01_27__19_43_22_HDR0_0_Mothbot_yolo11m_4500_imgsz1600_b1_2024-01-18.pt.jpg
doi.org10.15468dl.6nxkw6.csv,Animalia,Arthropoda,Insecta,Hemiptera,,,,,809,,Hemiptera,Hemiptera,Cerro_Hoya_Expedition_Hoya_606m_grisMejua_2025-01-26,grisMejua_2025_01_27__19_43_22_HDR0_1_Mothbot_yolo11m_4500_imgsz1600_b1_2024-01-18.pt.jpg,HS,Mothbot_yolo11m_4500_imgsz1600_b1_2024-01-18.pt,0.8235859870910645,,grisMejua,Cerro_Hoya_Expedition/Hoya_606m_grisMejua_2025-01-26/2025-01-27/patches/grisMejua_2025_01_27__19_43_22_HDR0_1_Mothbot_yolo11m_4500_imgsz1600_b1_2024-01-18.pt.jpg,ORDER_Hemiptera,2025-01-27,19:43:22,,2025_01_27__19_43_22,MachineObservation,Cerro_Hoya_Expedition_Hoya_606m_grisMejua_2025-01-26_2025-01-27,Cerro_Hoya_Expedition_Hoya_606m_grisMejua_2025-01-26,grisMejua_2025_01_27__19_43_22_HDR0.jpg,grisMejua_2025_01_27__19_43_22_HDR0_1_Mothbot_yolo11m_4500_imgsz1600_b1_2024-01-18.pt.jpg
doi.org10.15468dl.6nxkw6.csv,Animalia,Arthropoda,Insecta,Hemiptera,,,,,809,,Hemiptera,Hemiptera,Cerro_Hoya_Expedition_Hoya_606m_grisMejua_2025-01-26,grisMejua_2025_01_27__19_43_22_HDR0_2_Mothbot_yolo11m_4500_imgsz1600_b1_2024-01-18.pt.jpg,HS,Mothbot_yolo11m_4500_imgsz1600_b1_2024-01-18.pt,0.7822399139404297,,grisMejua,Cerro_Hoya_Expedition/Hoya_606m_grisMejua_2025-01-26/2025-01-27/patches/grisMejua_2025_01_27__19_43_22_HDR0_2_Mothbot_yolo11m_4500_imgsz1600_b1_2024-01-18.pt.jpg,ORDER_Hemiptera,2025-01-27,19:43:22,,2025_01_27__19_43_22,MachineObservation,Cerro_Hoya_Expedition_Hoya_606m_grisMejua_2025-01-26_2025-01-27,Cerro_Hoya_Expedition_Hoya_606m_grisMejua_2025-01-26,grisMejua_2025_01_27__19_43_22_HDR0.jpg,grisMejua_2025_01_27__19_43_22_HDR0_2_Mothbot_yolo11m_4500_imgsz1600_b1_2024-01-18.pt.jpg
doi.org10.15468dl.6nxkw6.csv,Animalia,Arthropoda,Insecta,Hemiptera,,,,,809,,Hemiptera,Hemiptera,Cerro_Hoya_Expedition_Hoya_606m_grisMejua_2025-01-26,grisMejua_2025_01_27__19_43_22_HDR0_3_Mothbot_yolo11m_4500_imgsz1600_b1_2024-01-18.pt.jpg,HS,Mothbot_yolo11m_4500_imgsz1600_b1_2024-01-18.pt,0.7411659359931946,,grisMejua,Cerro_Hoya_Expedition/Hoya_606m_grisMejua_2025-01-26/2025-01-27/patches/grisMejua_2025_01_27__19_43_22_HDR0_3_Mothbot_yolo11m_4500_imgsz1600_b1_2024-01-18.pt.jpg,ORDER_Hemiptera,2025-01-27,19:43:22,,2025_01_27__19_43_22,MachineObservation,Cerro_Hoya_Expedition_Hoya_606m_grisMejua_2025-01-26_2025-01-27,Cerro_Hoya_Expedition_Hoya_606m_grisMejua_2025-01-26,grisMejua_2025_01_27__19_43_22_HDR0.jpg,grisMejua_2025_01_27__19_43_22_HDR0_3_Mothbot_yolo11m_4500_imgsz1600_b1_2024-01-18.pt.jpg
doi.org10.15468dl.6nxkw6.csv,Animalia,Arthropoda,Insecta,Lepidoptera,,,,,797,,Lepidoptera,Lepidoptera,Cerro_Hoya_Expedition_Hoya_606m_grisMejua_2025-01-26,grisMejua_2025_01_27__19_43_22_HDR0_4_Mothbot_yolo11m_4500_imgsz1600_b1_2024-01-18.pt.jpg,HS,Mothbot_yolo11m_4500_imgsz1600_b1_2024-01-18.pt,0.7120319604873657,,grisMejua,Cerro_Hoya_Expedition/Hoya_606m_grisMejua_2025-01-26/2025-01-27/patches/grisMejua_2025_01_27__19_43_22_HDR0_4_Mothbot_yolo11m_4500_imgsz1600_b1_2024-01-18.pt.jpg,ORDER_Lepidoptera,2025-01-27,19:43:22,,2025_01_27__19_43_22,MachineObservation,Cerro_Hoya_Expedition_Hoya_606m_grisMejua_2025-01-26_2025-01-27,Cerro_Hoya_Expedition_Hoya_606m_grisMejua_2025-01-26,grisMejua_2025_01_27__19_43_22_HDR0.jpg,grisMejua_2025_01_27__19_43_22_HDR0_4_Mothbot_yolo11m_4500_imgsz1600_b1_2024-01-18.pt.jpg
doi.org10.15468dl.6nxkw6.csv,Animalia,Arthropoda,Insecta,Hemiptera,,,,,809,,Hemiptera,Hemiptera,Cerro_Hoya_Expedition_Hoya_606m_grisMejua_2025-01-26,grisMejua_2025_01_27__19_43_22_HDR0_5_Mothbot_yolo11m_4500_imgsz1600_b1_2024-01-18.pt.jpg,HS,Mothbot_yolo11m_4500_imgsz1600_b1_2024-01-18.pt,0.6742783188819885,,grisMejua,Cerro_Hoya_Expedition/Hoya_606m_grisMejua_2025-01-26/2025-01-27/patches/grisMejua_2025_01_27__19_43_22_HDR0_5_Mothbot_yolo11m_4500_imgsz1600_b1_2024-01-18.pt.jpg,ORDER_Hemiptera,2025-01-27,19:43:22,,2025_01_27__19_43_22,MachineObservation,Cerro_Hoya_Expedition_Hoya_606m_grisMejua_2025-01-26_2025-01-27,Cerro_Hoya_Expedition_Hoya_606m_grisMejua_2025-01-26,grisMejua_2025_01_27__19_43_22_HDR0.jpg,grisMejua_2025_01_27__19_43_22_HDR0_5_Mothbot_yolo11m_4500_imgsz1600_b1_2024-01-18.pt.jpg
doi.org10.15468dl.6nxkw6.csv,Animalia,Arthropoda,Insecta,Coleoptera,,,,,1470,,Coleoptera,Coleoptera,Cerro_Hoya_Expedition_Hoya_606m_grisMejua_2025-01-26,grisMejua_2025_01_27__19_43_22_HDR0_6_Mothbot_yolo11m_4500_imgsz1600_b1_2024-01-18.pt.jpg,HS,Mothbot_yolo11m_4500_imgsz1600_b1_2024-01-18.pt,0.6629731059074402,,grisMejua,Cerro_Hoya_Expedition/Hoya_606m_grisMejua_2025-01-26/2025-01-27/patches/grisMejua_2025_01_27__19_43_22_HDR0_6_Mothbot_yolo11m_4500_imgsz1600_b1_2024-01-18.pt.jpg,ORDER_Coleoptera,2025-01-27,19:43:22,,2025_01_27__19_43_22,MachineObservation,Cerro_Hoya_Expedition_Hoya_606m_grisMejua_2025-01-26_2025-01-27,Cerro_Hoya_Expedition_Hoya_606m_grisMejua_2025-01-26,grisMejua_2025_01_27__19_43_22_HDR0.jpg,grisMejua_2025_01_27__19_43_22_HDR0_6_Mothbot_yolo11m_4500_imgsz1600_b1_2024-01-18.pt.jpg
doi.org10.15468dl.6nxkw6.csv,Animalia,Arthropoda,Insecta,Coleoptera,,,,,1470,,Coleoptera,Coleoptera,Cerro_Hoya_Expedition_Hoya_606m_grisMejua_2025-01-26,grisMejua_2025_01_27__19_43_22_HDR0_7_Mothbot_yolo11m_4500_imgsz1600_b1_2024-01-18.pt.jpg,HS,Mothbot_yolo11m_4500_imgsz1600_b1_2024-01-18.pt,0.5236319303512573,,grisMejua,Cerro_Hoya_Expedition/Hoya_606m_grisMejua_2025-01-26/2025-01-27/patches/grisMejua_2025_01_27__19_43_22_HDR0_7_Mothbot_yolo11m_4500_imgsz1600_b1_2024-01-18.pt.jpg,ORDER_Coleoptera,2025-01-27,19:43:22,,2025_01_27__19_43_22,MachineObservation,Cerro_Hoya_Expedition_Hoya_606m_grisMejua_2025-01-26_2025-01-27,Cerro_Hoya_Expedition_Hoya_606m_grisMejua_2025-01-26,grisMejua_2025_01_27__19_43_22_HDR0.jpg,grisMejua_2025_01_27__19_43_22_HDR0_7_Mothbot_yolo11m_4500_imgsz1600_b1_2024-01-18.pt.jpg
doi.org10.15468dl.6nxkw6.csv,Animalia,Arthropoda,Insecta,Coleoptera,,,,,1470,,Coleoptera,Coleoptera,Cerro_Hoya_Expedition_Hoya_606m_grisMejua_2025-01-26,grisMejua_2025_01_27__19_43_22_HDR0_8_Mothbot_yolo11m_4500_imgsz1600_b1_2024-01-18.pt.jpg,HS,Mothbot_yolo11m_4500_imgsz1600_b1_2024-01-18.pt,0.5156470537185669,,grisMejua,Cerro_Hoya_Expedition/Hoya_606m_grisMejua_2025-01-26/2025-01-27/patches/grisMejua_2025_01_27__19_43_22_HDR0_8_Mothbot_yolo11m_4500_imgsz1600_b1_2024-01-18.pt.jpg,ORDER_Coleoptera,2025-01-27,19:43:22,,2025_01_27__19_43_22,MachineObservation,Cerro_Hoya_Expedition_Hoya_606m_grisMejua_2025-01-26_2025-01-27,Cerro_Hoya_Expedition_Hoya_606m_grisMejua_2025-01-26,grisMejua_2025_01_27__19_43_22_HDR0.jpg,grisMejua_2025_01_27__19_43_22_HDR0_8_Mothbot_yolo11m_4500_imgsz1600_b1_2024-01-18.pt.jpg
doi.org10.15468dl.6nxkw6.csv,Animalia,Arthropoda,Insecta,Coleoptera,,,,,1470,,Coleoptera,Coleoptera,Cerro_Hoya_Expedition_Hoya_606m_grisMejua_2025-01-26,grisMejua_2025_01_27__19_43_22_HDR0_9_Mothbot_yolo11m_4500_imgsz1600_b1_2024-01-18.pt.jpg,HS,Mothbot_yolo11m_4500_imgsz1600_b1_2024-01-18.pt,0.38680776953697205,,grisMejua,Cerro_Hoya_Expedition/Hoya_606m_grisMejua_2025-01-26/2025-01-27/patches/grisMejua_2025_01_27__19_43_22_HDR0_9_Mothbot_yolo11m_4500_imgsz1600_b1_2024-01-18.pt.jpg,ORDER_Coleoptera,2025-01-27,19:43:22,,2025_01_27__19_43_22,MachineObservation,Cerro_Hoya_Expedition_Hoya_606m_grisMejua_2025-01-26_2025-01-27,Cerro_Hoya_Expedition_Hoya_606m_grisMejua_2025-01-26,grisMejua_2025_01_27__19_43_22_HDR0.jpg,grisMejua_2025_01_27__19_43_22_HDR0_9_Mothbot_yolo11m_4500_imgsz1600_b1_2024-01-18.pt.jpg
doi.org10.15468dl.6nxkw6.csv,Animalia,Arthropoda,Insecta,Coleoptera,,,,,1470,,Coleoptera,Coleoptera,Cerro_Hoya_Expedition_Hoya_606m_grisMejua_2025-01-26,grisMejua_2025_01_27__19_43_22_HDR0_10_Mothbot_yolo11m_4500_imgsz1600_b1_2024-01-18.pt.jpg,HS,Mothbot_yolo11m_4500_imgsz1600_b1_2024-01-18.pt,0.3823864758014679,,grisMejua,Cerro_Hoya_Expedition/Hoya_606m_grisMejua_2025-01-26/2025-01-27/patches/grisMejua_2025_01_27__19_43_22_HDR0_10_Mothbot_yolo11m_4500_imgsz1600_b1_2024-01-18.pt.jpg,ORDER_Coleoptera,2025-01-27,19:43:22,,2025_01_27__19_43_22,MachineObservation,Cerro_Hoya_Expedition_Hoya_606m_grisMejua_2025-01-26_2025-01-27,Cerro_Hoya_Expedition_Hoya_606m_grisMejua_2025-01-26,grisMejua_2025_01_27__19_43_22_HDR0.jpg,grisMejua_2025_01_27__19_43_22_HDR0_10_Mothbot_yolo11m_4500_imgsz1600_b1_2024-01-18.pt.jpg
doi.org10.15468dl.6nxkw6.csv,Animalia,Arthropoda,Insecta,Hemiptera,,,,,809,,Hemiptera,Hemiptera,Cerro_Hoya_Expedition_Hoya_606m_grisMejua_2025-01-26,grisMejua_2025_01_27__19_43_22_HDR0_11_Mothbot_yolo11m_4500_imgsz1600_b1_2024-01-18.pt.jpg,HS,Mothbot_yolo11m_4500_imgsz1600_b1_2024-01-18.pt,0.3635949194431305,,grisMejua,Cerro_Hoya_Expedition/Hoya_606m_grisMejua_2025-01-26/2025-01-27/patches/grisMejua_2025_01_27__19_43_22_HDR0_11_Mothbot_yolo11m_4500_imgsz1600_b1_2024-01-18.pt.jpg,ORDER_Hemiptera,2025-01-27,19:43:22,,2025_01_27__19_43_22,MachineObservation,Cerro_Hoya_Expedition_Hoya_606m_grisMejua_2025-01-26_2025-01-27,Cerro_Hoya_Expedition_Hoya_606m_grisMejua_2025-01-26,grisMejua_2025_01_27__19_43_22_HDR0.jpg,grisMejua_2025_01_27__19_43_22_HDR0_11_Mothbot_yolo11m_4500_imgsz1600_b1_2024-01-18.pt.jpg
doi.org10.15468dl.6nxkw6.csv,Animalia,Arthropoda,Insecta,Coleoptera,,,,,1470,,Coleoptera,Coleoptera,Cerro_Hoya_Expedition_Hoya_606m_grisMejua_2025-01-26,grisMejua_2025_01_27__19_43_22_HDR0_12_Mothbot_yolo11m_4500_imgsz1600_b1_2024-01-18.pt.jpg,HS,Mothbot_yolo11m_4500_imgsz1600_b1_2024-01-18.pt,0.3524779677391052,,grisMejua,Cerro_Hoya_Expedition/Hoya_606m_grisMejua_2025-01-26/2025-01-27/patches/grisMejua_2025_01_27__19_43_22_HDR0_12_Mothbot_yolo11m_4500_imgsz1600_b1_2024-01-18.pt.jpg,ORDER_Coleoptera,2025-01-27,19:43:22,,2025_01_27__19_43_22,MachineObservation,Cerro_Hoya_Expedition_Hoya_606m_grisMejua_2025-01-26_2025-01-27,Cerro_Hoya_Expedition_Hoya_606m_grisMejua_2025-01-26,grisMejua_2025_01_27__19_43_22_HDR0.jpg,grisMejua_2025_01_27__19_43_22_HDR0_12_Mothbot_yolo11m_4500_imgsz1600_b1_2024-01-18.pt.jpg
doi.org10.15468dl.6nxkw6.csv,Animalia,Arthropoda,Insecta,Coleoptera,,,,,1470,,Coleoptera,Coleoptera,Cerro_Hoya_Expedition_Hoya_606m_grisMejua_2025-01-26,grisMejua_2025_01_27__19_43_22_HDR0_13_Mothbot_yolo11m_4500_imgsz1600_b1_2024-01-18.pt.jpg,HS,Mothbot_yolo11m_4500_imgsz1600_b1_2024-01-18.pt,0.31999334692955017,,grisMejua,Cerro_Hoya_Expedition/Hoya_606m_grisMejua_2025-01-26/2025-01-27/patches/grisMejua_2025_01_27__19_43_22_HDR0_13_Mothbot_yolo11m_4500_imgsz1600_b1_2024-01-18.pt.jpg,ORDER_Coleoptera,2025-01-27,19:43:22,,2025_01_27__19_43_22,MachineObservation,Cerro_Hoya_Expedition_Hoya_606m_grisMejua_2025-01-26_2025-01-27,Cerro_Hoya_Expedition_Hoya_606m_grisMejua_2025-01-26,grisMejua_2025_01_27__19_43_22_HDR0.jpg,grisMejua_2025_01_27__19_43_22_HDR0_13_Mothbot_yolo11m_4500_imgsz1600_b1_2024-01-18.pt.jpg
doi.org10.15468dl.6nxkw6.csv,Animalia,Arthropoda,Insecta,Coleoptera,,,,,1470,,Coleoptera,Coleoptera,Cerro_Hoya_Expedition_Hoya_606m_grisMejua_2025-01-26,grisMejua_2025_01_27__19_43_22_HDR0_14_Mothbot_yolo11m_4500_imgsz1600_b1_2024-01-18.pt.jpg,HS,Mothbot_yolo11m_4500_imgsz1600_b1_2024-01-18.pt,0.30260196328163147,,grisMejua,Cerro_Hoya_Expedition/Hoya_606m_grisMejua_2025-01-26/2025-01-27/patches/grisMejua_2025_01_27__19_43_22_HDR0_14_Mothbot_yolo11m_4500_imgsz1600_b1_2024-01-18.pt.jpg,ORDER_Coleoptera,2025-01-27,19:43:22,,2025_01_27__19_43_22,MachineObservation,Cerro_Hoya_Expedition_Hoya_606m_grisMejua_2025-01-26_2025-01-27,Cerro_Hoya_Expedition_Hoya_606m_grisMejua_2025-01-26,grisMejua_2025_01_27__19_43_22_HDR0.jpg,grisMejua_2025_01_27__19_43_22_HDR0_14_Mothbot_yolo11m_4500_imgsz1600_b1_2024-01-18.pt.jpg
doi.org10.15468dl.6nxkw6.csv,Animalia,Arthropoda,Insecta,Hemiptera,,,,,809,,Hemiptera,Hemiptera,Cerro_Hoya_Expedition_Hoya_606m_grisMejua_2025-01-26,grisMejua_2025_01_27__19_44_06_HDR0_0_Mothbot_yolo11m_4500_imgsz1600_b1_2024-01-18.pt.jpg,HS,Mothbot_yolo11m_4500_imgsz1600_b1_2024-01-18.pt,0.7721584439277649,,grisMejua,Cerro_Hoya_Expedition/Hoya_606m_grisMejua_2025-01-26/2025-01-27/patches/grisMejua_2025_01_27__19_44_06_HDR0_0_Mothbot_yolo11m_4500_imgsz1600_b1_2024-01-18.pt.jpg,ORDER_Hemiptera,2025-01-27,19:44:06,,2025_01_27__19_44_06,MachineObservation,Cerro_Hoya_Expedition_Hoya_606m_grisMejua_2025-01-26_2025-01-27,Cerro_Hoya_Expedition_Hoya_606m_grisMejua_2025-01-26,grisMejua_2025_01_27__19_44_06_HDR0.jpg,grisMejua_2025_01_27__19_44_06_HDR0_0_Mothbot_yolo11m_4500_imgsz1600_b1_2024-01-18.pt.jpg
doi.org10.15468dl.6nxkw6.csv,Animalia,Arthropoda,Insecta,Hemiptera,,,,,809,,Hemiptera,Hemiptera,Cerro_Hoya_Expedition_Hoya_606m_grisMejua_2025-01-26,grisMejua_2025_01_27__19_44_06_HDR0_1_Mothbot_yolo11m_4500_imgsz1600_b1_2024-01-18.pt.jpg,HS,Mothbot_yolo11m_4500_imgsz1600_b1_2024-01-18.pt,0.715448260307312,,grisMejua,Cerro_Hoya_Expedition/Hoya_606m_grisMejua_2025-01-26/2025-01-27/patches/grisMejua_2025_01_27__19_44_06_HDR0_1_Mothbot_yolo11m_4500_imgsz1600_b1_2024-01-18.pt.jpg,ORDER_Hemiptera,2025-01-27,19:44:06,,2025_01_27__19_44_06,MachineObservation,Cerro_Hoya_Expedition_Hoya_606m_grisMejua_2025-01-26_2025-01-27,Cerro_Hoya_Expedition_Hoya_606m_grisMejua_2025-01-26,grisMejua_2025_01_27__19_44_06_HDR0.jpg,grisMejua_2025_01_27__19_44_06_HDR0_1_Mothbot_yolo11m_4500_imgsz1600_b1_2024-01-18.pt.jpg
doi.org10.15468dl.6nxkw6.csv,Animalia,Arthropoda,Insecta,Hemiptera,,,,,809,,Hemiptera,Hemiptera,Cerro_Hoya_Expedition_Hoya_606m_grisMejua_2025-01-26,grisMejua_2025_01_27__19_44_06_HDR0_2_Mothbot_yolo11m_4500_imgsz1600_b1_2024-01-18.pt.jpg,HS,Mothbot_yolo11m_4500_imgsz1600_b1_2024-01-18.pt,0.7124227285385132,,grisMejua,Cerro_Hoya_Expedition/Hoya_606m_grisMejua_2025-01-26/2025-01-27/patches/grisMejua_2025_01_27__19_44_06_HDR0_2_Mothbot_yolo11m_4500_imgsz1600_b1_2024-01-18.pt.jpg,ORDER_Hemiptera,2025-01-27,19:44:06,,2025_01_27__19_44_06,MachineObservation,Cerro_Hoya_Expedition_Hoya_606m_grisMejua_2025-01-26_2025-01-27,Cerro_Hoya_Expedition_Hoya_606m_grisMejua_2025-01-26,grisMejua_2025_01_27__19_44_06_HDR0.jpg,grisMejua_2025_01_27__19_44_06_HDR0_2_Mothbot_yolo11m_4500_imgsz1600_b1_2024-01-18.pt.jpg
doi.org10.15468dl.6nxkw6.csv,Animalia,Arthropoda,Insecta,Hemiptera,,,,,809,,Hemiptera,Hemiptera,Cerro_Hoya_Expedition_Hoya_606m_grisMejua_2025-01-26,grisMejua_2025_01_27__19_44_06_HDR0_3_Mothbot_yolo11m_4500_imgsz1600_b1_2024-01-18.pt.jpg,HS,Mothbot_yolo11m_4500_imgsz1600_b1_2024-01-18.pt,0.6919784545898438,,grisMejua,Cerro_Hoya_Expedition/Hoya_606m_grisMejua_2025-01-26/2025-01-27/patches/grisMejua_2025_01_27__19_44_06_HDR0_3_Mothbot_yolo11m_4500_imgsz1600_b1_2024-01-18.pt.jpg,ORDER_Diptera,2025-01-27,19:44:06,,2025_01_27__19_44_06,MachineObservation,Cerro_Hoya_Expedition_Hoya_606m_grisMejua_2025-01-26_2025-01-27,Cerro_Hoya_Expedition_Hoya_606m_grisMejua_2025-01-26,grisMejua_2025_01_27__19_44_06_HDR0.jpg,grisMejua_2025_01_27__19_44_06_HDR0_3_Mothbot_yolo11m_4500_imgsz1600_b1_2024-01-18.pt.jpg
doi.org10.15468dl.6nxkw6.csv,Animalia,Arthropoda,Insecta,Diptera,,,,,811,,Diptera,Diptera,Cerro_Hoya_Expedition_Hoya_606m_grisMejua_2025-01-26,grisMejua_2025_01_27__19_44_06_HDR0_4_Mothbot_yolo11m_4500_imgsz1600_b1_2024-01-18.pt.jpg,HS,Mothbot_yolo11m_4500_imgsz1600_b1_2024-01-18.pt,0.6770961880683899,,grisMejua,Cerro_Hoya_Expedition/Hoya_606m_grisMejua_2025-01-26/2025-01-27/patches/grisMejua_2025_01_27__19_44_06_HDR0_4_Mothbot_yolo11m_4500_imgsz1600_b1_2024-01-18.pt.jpg,ORDER_Diptera,2025-01-27,19:44:06,,2025_01_27__19_44_06,MachineObservation,Cerro_Hoya_Expedition_Hoya_606m_grisMejua_2025-01-26_2025-01-27,Cerro_Hoya_Expedition_Hoya_606m_grisMejua_2025-01-26,grisMejua_2025_01_27__19_44_06_HDR0.jpg,grisMejua_2025_01_27__19_44_06_HDR0_4_Mothbot_yolo11m_4500_imgsz1600_b1_2024-01-18.pt.jpg
doi.org10.15468dl.6nxkw6.csv,Animalia,Arthropoda,Insecta,Hemiptera,,,,,809,,Hemiptera,Hemiptera,Cerro_Hoya_Expedition_Hoya_606m_grisMejua_2025-01-26,grisMejua_2025_01_27__19_44_06_HDR0_5_Mothbot_yolo11m_4500_imgsz1600_b1_2024-01-18.pt.jpg,HS,Mothbot_yolo11m_4500_imgsz1600_b1_2024-01-18.pt,0.6678860187530518,,grisMejua,Cerro_Hoya_Expedition/Hoya_606m_grisMejua_2025-01-26/2025-01-27/patches/grisMejua_2025_01_27__19_44_06_HDR0_5_Mothbot_yolo11m_4500_imgsz1600_b1_2024-01-18.pt.jpg,ORDER_Hemiptera,2025-01-27,19:44:06,,2025_01_27__19_44_06,MachineObservation,Cerro_Hoya_Expedition_Hoya_606m_grisMejua_2025-01-26_2025-01-27,Cerro_Hoya_Expedition_Hoya_606m_grisMejua_2025-01-26,grisMejua_2025_01_27__19_44_06_HDR0.jpg,grisMejua_2025_01_27__19_44_06_HDR0_5_Mothbot_yolo11m_4500_imgsz1600_b1_2024-01-18.pt.jpg
doi.org10.15468dl.6nxkw6.csv,Animalia,Arthropoda,Insecta,Coleoptera,,,,,1470,,Coleoptera,Coleoptera,Cerro_Hoya_Expedition_Hoya_606m_grisMejua_2025-01-26,grisMejua_2025_01_27__19_44_06_HDR0_6_Mothbot_yolo11m_4500_imgsz1600_b1_2024-01-18.pt.jpg,HS,Mothbot_yolo11m_4500_imgsz1600_b1_2024-01-18.pt,0.5959070324897766,,grisMejua,Cerro_Hoya_Expedition/Hoya_606m_grisMejua_2025-01-26/2025-01-27/patches/grisMejua_2025_01_27__19_44_06_HDR0_6_Mothbot_yolo11m_4500_imgsz1600_b1_2024-01-18.pt.jpg,ORDER_Coleoptera,2025-01-27,19:44:06,,2025_01_27__19_44_06,MachineObservation,Cerro_Hoya_Expedition_Hoya_606m_grisMejua_2025-01-26_2025-01-27,Cerro_Hoya_Expedition_Hoya_606m_grisMejua_2025-01-26,grisMejua_2025_01_27__19_44_06_HDR0.jpg,grisMejua_2025_01_27__19_44_06_HDR0_6_Mothbot_yolo11m_4500_imgsz1600_b1_2024-01-18.pt.jpg
doi.org10.15468dl.6nxkw6.csv,Animalia,Arthropoda,Insecta,Coleoptera,,,,,1470,,Coleoptera,Coleoptera,Cerro_Hoya_Expedition_Hoya_606m_grisMejua_2025-01-26,grisMejua_2025_01_27__19_44_06_HDR0_7_Mothbot_yolo11m_4500_imgsz1600_b1_2024-01-18.pt.jpg,HS,Mothbot_yolo11m_4500_imgsz1600_b1_2024-01-18.pt,0.5623573660850525,,grisMejua,Cerro_Hoya_Expedition/Hoya_606m_grisMejua_2025-01-26/2025-01-27/patches/grisMejua_2025_01_27__19_44_06_HDR0_7_Mothbot_yolo11m_4500_imgsz1600_b1_2024-01-18.pt.jpg,ORDER_Coleoptera,2025-01-27,19:44:06,,2025_01_27__19_44_06,MachineObservation,Cerro_Hoya_Expedition_Hoya_606m_grisMejua_2025-01-26_2025-01-27,Cerro_Hoya_Expedition_Hoya_606m_grisMejua_2025-01-26,grisMejua_2025_01_27__19_44_06_HDR0.jpg,grisMejua_2025_01_27__19_44_06_HDR0_7_Mothbot_yolo11m_4500_imgsz1600_b1_2024-01-18.pt.jpg
doi.org10.15468dl.6nxkw6.csv,Animalia,Arthropoda,Insecta,Lepidoptera,,,,,797,,Lepidoptera,Lepidoptera,Cerro_Hoya_Expedition_Hoya_606m_grisMejua_2025-01-26,grisMejua_2025_01_27__19_44_06_HDR0_8_Mothbot_yolo11m_4500_imgsz1600_b1_2024-01-18.pt.jpg,HS,Mothbot_yolo11m_4500_imgsz1600_b1_2024-01-18.pt,0.4917776882648468,,grisMejua,Cerro_Hoya_Expedition/Hoya_606m_grisMejua_2025-01-26/2025-01-27/patches/grisMejua_2025_01_27__19_44_06_HDR0_8_Mothbot_yolo11m_4500_imgsz1600_b1_2024-01-18.pt.jpg,ORDER_Lepidoptera,2025-01-27,19:44:06,,2025_01_27__19_44_06,MachineObservation,Cerro_Hoya_Expedition_Hoya_606m_grisMejua_2025-01-26_2025-01-27,Cerro_Hoya_Expedition_Hoya_606m_grisMejua_2025-01-26,grisMejua_2025_01_27__19_44_06_HDR0.jpg,grisMejua_2025_01_27__19_44_06_HDR0_8_Mothbot_yolo11m_4500_imgsz1600_b1_2024-01-18.pt.jpg
doi.org10.15468dl.6nxkw6.csv,Animalia,Arthropoda,Insecta,Hemiptera,,,,,809,,Hemiptera,Hemiptera,Cerro_Hoya_Expedition_Hoya_606m_grisMejua_2025-01-26,grisMejua_2025_01_27__19_44_06_HDR0_9_Mothbot_yolo11m_4500_imgsz1600_b1_2024-01-18.pt.jpg,HS,Mothbot_yolo11m_4500_imgsz1600_b1_2024-01-18.pt,0.473161906003952,,grisMejua,Cerro_Hoya_Expedition/Hoya_606m_grisMejua_2025-01-26/2025-01-27/patches/grisMejua_2025_01_27__19_44_06_HDR0_9_Mothbot_yolo11m_4500_imgsz1600_b1_2024-01-18.pt.jpg,ORDER_Hymenoptera,2025-01-27,19:44:06,,2025_01_27__19_44_06,MachineObservation,Cerro_Hoya_Expedition_Hoya_606m_grisMejua_2025-01-26_2025-01-27,Cerro_Hoya_Expedition_Hoya_606m_grisMejua_2025-01-26,grisMejua_2025_01_27__19_44_06_HDR0.jpg,grisMejua_2025_01_27__19_44_06_HDR0_9_Mothbot_yolo11m_4500_imgsz1600_b1_2024-01-18.pt.jpg
doi.org10.15468dl.6nxkw6.csv,Animalia,Arthropoda,Insecta,Coleoptera,,,,,1470,,Coleoptera,Coleoptera,Cerro_Hoya_Expedition_Hoya_606m_grisMejua_2025-01-26,grisMejua_2025_01_27__19_44_06_HDR0_10_Mothbot_yolo11m_4500_imgsz1600_b1_2024-01-18.pt.jpg,HS,Mothbot_yolo11m_4500_imgsz1600_b1_2024-01-18.pt,0.411243736743927,,grisMejua,Cerro_Hoya_Expedition/Hoya_606m_grisMejua_2025-01-26/2025-01-27/patches/grisMejua_2025_01_27__19_44_06_HDR0_10_Mothbot_yolo11m_4500_imgsz1600_b1_2024-01-18.pt.jpg,ORDER_Coleoptera,2025-01-27,19:44:06,,2025_01_27__19_44_06,MachineObservation,Cerro_Hoya_Expedition_Hoya_606m_grisMejua_2025-01-26_2025-01-27,Cerro_Hoya_Expedition_Hoya_606m_grisMejua_2025-01-26,grisMejua_2025_01_27__19_44_06_HDR0.jpg,grisMejua_2025_01_27__19_44_06_HDR0_10_Mothbot_yolo11m_4500_imgsz1600_b1_2024-01-18.pt.jpg
doi.org10.15468dl.6nxkw6.csv,Animalia,Arthropoda,Insecta,Coleoptera,,,,,1470,,Coleoptera,Coleoptera,Cerro_Hoya_Expedition_Hoya_606m_grisMejua_2025-01-26,grisMejua_2025_01_27__19_44_06_HDR0_11_Mothbot_yolo11m_4500_imgsz1600_b1_2024-01-18.pt.jpg,HS,Mothbot_yolo11m_4500_imgsz1600_b1_2024-01-18.pt,0.4110677242279053,,grisMejua,Cerro_Hoya_Expedition/Hoya_606m_grisMejua_2025-01-26/2025-01-27/patches/grisMejua_2025_01_27__19_44_06_HDR0_11_Mothbot_yolo11m_4500_imgsz1600_b1_2024-01-18.pt.jpg,ORDER_Coleoptera,2025-01-27,19:44:06,,2025_01_27__19_44_06,MachineObservation,Cerro_Hoya_Expedition_Hoya_606m_grisMejua_2025-01-26_2025-01-27,Cerro_Hoya_Expedition_Hoya_606m_grisMejua_2025-01-26,grisMejua_2025_01_27__19_44_06_HDR0.jpg,grisMejua_2025_01_27__19_44_06_HDR0_11_Mothbot_yolo11m_4500_imgsz1600_b1_2024-01-18.pt.jpg
doi.org10.15468dl.6nxkw6.csv,Animalia,Arthropoda,Insecta,Coleoptera,,,,,1470,,Coleoptera,Coleoptera,Cerro_Hoya_Expedition_Hoya_606m_grisMejua_2025-01-26,grisMejua_2025_01_27__19_44_06_HDR0_12_Mothbot_yolo11m_4500_imgsz1600_b1_2024-01-18.pt.jpg,HS,Mothbot_yolo11m_4500_imgsz1600_b1_2024-01-18.pt,0.3824473023414612,,grisMejua,Cerro_Hoya_Expedition/Hoya_606m_grisMejua_2025-01-26/2025-01-27/patches/grisMejua_2025_01_27__19_44_06_HDR0_12_Mothbot_yolo11m_4500_imgsz1600_b1_2024-01-18.pt.jpg,ORDER_Coleoptera,2025-01-27,19:44:06,,2025_01_27__19_44_06,MachineObservation,Cerro_Hoya_Expedition_Hoya_606m_grisMejua_2025-01-26_2025-01-27,Cerro_Hoya_Expedition_Hoya_606m_grisMejua_2025-01-26,grisMejua_2025_01_27__19_44_06_HDR0.jpg,grisMejua_2025_01_27__19_44_06_HDR0_12_Mothbot_yolo11m_4500_imgsz1600_b1_2024-01-18.pt.jpg
doi.org10.15468dl.6nxkw6.csv,Animalia,Arthropoda,Insecta,Lepidoptera,,,,,797,,Lepidoptera,Lepidoptera,Cerro_Hoya_Expedition_Hoya_606m_grisMejua_2025-01-26,grisMejua_2025_01_27__19_44_06_HDR0_13_Mothbot_yolo11m_4500_imgsz1600_b1_2024-01-18.pt.jpg,HS,Mothbot_yolo11m_4500_imgsz1600_b1_2024-01-18.pt,0.3668578267097473,,grisMejua,Cerro_Hoya_Expedition/Hoya_606m_grisMejua_2025-01-26/2025-01-27/patches/grisMejua_2025_01_27__19_44_06_HDR0_13_Mothbot_yolo11m_4500_imgsz1600_b1_2024-01-18.pt.jpg,ORDER_Lepidoptera,2025-01-27,19:44:06,,2025_01_27__19_44_06,MachineObservation,Cerro_Hoya_Expedition_Hoya_606m_grisMejua_2025-01-26_2025-01-27,Cerro_Hoya_Expedition_Hoya_606m_grisMejua_2025-01-26,grisMejua_2025_01_27__19_44_06_HDR0.jpg,grisMejua_2025_01_27__19_44_06_HDR0_13_Mothbot_yolo11m_4500_imgsz1600_b1_2024-01-18.pt.jpg
doi.org10.15468dl.6nxkw6.csv,Animalia,Arthropoda,Insecta,Coleoptera,,,,,1470,,Coleoptera,Coleoptera,Cerro_Hoya_Expedition_Hoya_606m_grisMejua_2025-01-26,grisMejua_2025_01_27__19_44_06_HDR0_14_Mothbot_yolo11m_4500_imgsz1600_b1_2024-01-18.pt.jpg,HS,Mothbot_yolo11m_4500_imgsz1600_b1_2024-01-18.pt,0.35149192810058594,,grisMejua,Cerro_Hoya_Expedition/Hoya_606m_grisMejua_2025-01-26/2025-01-27/patches/grisMejua_2025_01_27__19_44_06_HDR0_14_Mothbot_yolo11m_4500_imgsz1600_b1_2024-01-18.pt.jpg,ORDER_Coleoptera,2025-01-27,19:44:06,,2025_01_27__19_44_06,MachineObservation,Cerro_Hoya_Expedition_Hoya_606m_grisMejua_2025-01-26_2025-01-27,Cerro_Hoya_Expedition_Hoya_606m_grisMejua_2025-01-26,grisMejua_2025_01_27__19_44_06_HDR0.jpg,grisMejua_2025_01_27__19_44_06_HDR0_14_Mothbot_yolo11m_4500_imgsz1600_b1_2024-01-18.pt.jpg
doi.org10.15468dl.6nxkw6.csv,Animalia,Arthropoda,Insecta,Hemiptera,,,,,809,,Hemiptera,Hemiptera,Cerro_Hoya_Expedition_Hoya_606m_grisMejua_2025-01-26,grisMejua_2025_01_27__19_44_06_HDR0_15_Mothbot_yolo11m_4500_imgsz1600_b1_2024-01-18.pt.jpg,HS,Mothbot_yolo11m_4500_imgsz1600_b1_2024-01-18.pt,0.32377690076828003,,grisMejua,Cerro_Hoya_Expedition/Hoya_606m_grisMejua_2025-01-26/2025-01-27/patches/grisMejua_2025_01_27__19_44_06_HDR0_15_Mothbot_yolo11m_4500_imgsz1600_b1_2024-01-18.pt.jpg,ORDER_Hemiptera,2025-01-27,19:44:06,,2025_01_27__19_44_06,MachineObservation,Cerro_Hoya_Expedition_Hoya_606m_grisMejua_2025-01-26_2025-01-27,Cerro_Hoya_Expedition_Hoya_606m_grisMejua_2025-01-26,grisMejua_2025_01_27__19_44_06_HDR0.jpg,grisMejua_2025_01_27__19_44_06_HDR0_15_Mothbot_yolo11m_4500_imgsz1600_b1_2024-01-18.pt.jpg
doi.org10.15468dl.6nxkw6.csv,Animalia,Arthropoda,Insecta,,,,,,216,,Insecta,Insecta,Cerro_Hoya_Expedition_Hoya_606m_grisMejua_2025-01-26,grisMejua_2025_01_27__19_44_06_HDR0_16_Mothbot_yolo11m_4500_imgsz1600_b1_2024-01-18.pt.jpg,HS,Mothbot_yolo11m_4500_imgsz1600_b1_2024-01-18.pt,0.307815819978714,,grisMejua,Cerro_Hoya_Expedition/Hoya_606m_grisMejua_2025-01-26/2025-01-27/patches/grisMejua_2025_01_27__19_44_06_HDR0_16_Mothbot_yolo11m_4500_imgsz1600_b1_2024-01-18.pt.jpg,ORDER_Diptera,2025-01-27,19:44:06,,2025_01_27__19_44_06,MachineObservation,Cerro_Hoya_Expedition_Hoya_606m_grisMejua_2025-01-26_2025-01-27,Cerro_Hoya_Expedition_Hoya_606m_grisMejua_2025-01-26,grisMejua_2025_01_27__19_44_06_HDR0.jpg,grisMejua_2025_01_27__19_44_06_HDR0_16_Mothbot_yolo11m_4500_imgsz1600_b1_2024-01-18.pt.jpg
doi.org10.15468dl.6nxkw6.csv,Animalia,Arthropoda,Insecta,Coleoptera,,,,,1470,,Coleoptera,Coleoptera,Cerro_Hoya_Expedition_Hoya_606m_grisMejua_2025-01-26,grisMejua_2025_01_27__19_44_06_HDR0_17_Mothbot_yolo11m_4500_imgsz1600_b1_2024-01-18.pt.jpg,HS,Mothbot_yolo11m_4500_imgsz1600_b1_2024-01-18.pt,0.2519534230232239,,grisMejua,Cerro_Hoya_Expedition/Hoya_606m_grisMejua_2025-01-26/2025-01-27/patches/grisMejua_2025_01_27__19_44_06_HDR0_17_Mothbot_yolo11m_4500_imgsz1600_b1_2024-01-18.pt.jpg,ORDER_Diptera,2025-01-27,19:44:06,,2025_01_27__19_44_06,MachineObservation,Cerro_Hoya_Expedition_Hoya_606m_grisMejua_2025-01-26_2025-01-27,Cerro_Hoya_Expedition_Hoya_606m_grisMejua_2025-01-26,grisMejua_2025_01_27__19_44_06_HDR0.jpg,grisMejua_2025_01_27__19_44_06_HDR0_17_Mothbot_yolo11m_4500_imgsz1600_b1_2024-01-18.pt.jpg
doi.org10.15468dl.6nxkw6.csv,Animalia,Arthropoda,Insecta,Hemiptera,,,,,809,,Hemiptera,Hemiptera,Cerro_Hoya_Expedition_Hoya_606m_grisMejua_2025-01-26,grisMejua_2025_01_27__19_45_05_HDR0_0_Mothbot_yolo11m_4500_imgsz1600_b1_2024-01-18.pt.jpg,HS,Mothbot_yolo11m_4500_imgsz1600_b1_2024-01-18.pt,0.8175075650215149,,grisMejua,Cerro_Hoya_Expedition/Hoya_606m_grisMejua_2025-01-26/2025-01-27/patches/grisMejua_2025_01_27__19_45_05_HDR0_0_Mothbot_yolo11m_4500_imgsz1600_b1_2024-01-18.pt.jpg,ORDER_Hemiptera,2025-01-27,19:45:05,,2025_01_27__19_45_05,MachineObservation,Cerro_Hoya_Expedition_Hoya_606m_grisMejua_2025-01-26_2025-01-27,Cerro_Hoya_Expedition_Hoya_606m_grisMejua_2025-01-26,grisMejua_2025_01_27__19_45_05_HDR0.jpg,grisMejua_2025_01_27__19_45_05_HDR0_0_Mothbot_yolo11m_4500_imgsz1600_b1_2024-01-18.pt.jpg
doi.org10.15468dl.6nxkw6.csv,Animalia,Arthropoda,Insecta,Hemiptera,,,,,809,,Hemiptera,Hemiptera,Cerro_Hoya_Expedition_Hoya_606m_grisMejua_2025-01-26,grisMejua_2025_01_27__19_45_05_HDR0_1_Mothbot_yolo11m_4500_imgsz1600_b1_2024-01-18.pt.jpg,HS,Mothbot_yolo11m_4500_imgsz1600_b1_2024-01-18.pt,0.7995537519454956,,grisMejua,Cerro_Hoya_Expedition/Hoya_606m_grisMejua_2025-01-26/2025-01-27/patches/grisMejua_2025_01_27__19_45_05_HDR0_1_Mothbot_yolo11m_4500_imgsz1600_b1_2024-01-18.pt.jpg,ORDER_Hemiptera,2025-01-27,19:45:05,,2025_01_27__19_45_05,MachineObservation,Cerro_Hoya_Expedition_Hoya_606m_grisMejua_2025-01-26_2025-01-27,Cerro_Hoya_Expedition_Hoya_606m_grisMejua_2025-01-26,grisMejua_2025_01_27__19_45_05_HDR0.jpg,grisMejua_2025_01_27__19_45_05_HDR0_1_Mothbot_yolo11m_4500_imgsz1600_b1_2024-01-18.pt.jpg
doi.org10.15468dl.6nxkw6.csv,Animalia,Arthropoda,Insecta,Hemiptera,,,,,809,,Hemiptera,Hemiptera,Cerro_Hoya_Expedition_Hoya_606m_grisMejua_2025-01-26,grisMejua_2025_01_27__19_45_05_HDR0_2_Mothbot_yolo11m_4500_imgsz1600_b1_2024-01-18.pt.jpg,HS,Mothbot_yolo11m_4500_imgsz1600_b1_2024-01-18.pt,0.7277581691741943,,grisMejua,Cerro_Hoya_Expedition/Hoya_606m_grisMejua_2025-01-26/2025-01-27/patches/grisMejua_2025_01_27__19_45_05_HDR0_2_Mothbot_yolo11m_4500_imgsz1600_b1_2024-01-18.pt.jpg,ORDER_Hemiptera,2025-01-27,19:45:05,,2025_01_27__19_45_05,MachineObservation,Cerro_Hoya_Expedition_Hoya_606m_grisMejua_2025-01-26_2025-01-27,Cerro_Hoya_Expedition_Hoya_606m_grisMejua_2025-01-26,grisMejua_2025_01_27__19_45_05_HDR0.jpg,grisMejua_2025_01_27__19_45_05_HDR0_2_Mothbot_yolo11m_4500_imgsz1600_b1_2024-01-18.pt.jpg
doi.org10.15468dl.6nxkw6.csv,Animalia,Arthropoda,Insecta,Hemiptera,,,,,809,,Hemiptera,Hemiptera,Cerro_Hoya_Expedition_Hoya_606m_grisMejua_2025-01-26,grisMejua_2025_01_27__19_45_05_HDR0_3_Mothbot_yolo11m_4500_imgsz1600_b1_2024-01-18.pt.jpg,HS,Mothbot_yolo11m_4500_imgsz1600_b1_2024-01-18.pt,0.7057343125343323,,grisMejua,Cerro_Hoya_Expedition/Hoya_606m_grisMejua_2025-01-26/2025-01-27/patches/grisMejua_2025_01_27__19_45_05_HDR0_3_Mothbot_yolo11m_4500_imgsz1600_b1_2024-01-18.pt.jpg,ORDER_Hemiptera,2025-01-27,19:45:05,,2025_01_27__19_45_05,MachineObservation,Cerro_Hoya_Expedition_Hoya_606m_grisMejua_2025-01-26_2025-01-27,Cerro_Hoya_Expedition_Hoya_606m_grisMejua_2025-01-26,grisMejua_2025_01_27__19_45_05_HDR0.jpg,grisMejua_2025_01_27__19_45_05_HDR0_3_Mothbot_yolo11m_4500_imgsz1600_b1_2024-01-18.pt.jpg
doi.org10.15468dl.6nxkw6.csv,Animalia,Arthropoda,Insecta,Hemiptera,,,,,809,,Hemiptera,Hemiptera,Cerro_Hoya_Expedition_Hoya_606m_grisMejua_2025-01-26,grisMejua_2025_01_27__19_45_05_HDR0_4_Mothbot_yolo11m_4500_imgsz1600_b1_2024-01-18.pt.jpg,HS,Mothbot_yolo11m_4500_imgsz1600_b1_2024-01-18.pt,0.6837313771247864,,grisMejua,Cerro_Hoya_Expedition/Hoya_606m_grisMejua_2025-01-26/2025-01-27/patches/grisMejua_2025_01_27__19_45_05_HDR0_4_Mothbot_yolo11m_4500_imgsz1600_b1_2024-01-18.pt.jpg,ORDER_Hemiptera,2025-01-27,19:45:05,,2025_01_27__19_45_05,MachineObservation,Cerro_Hoya_Expedition_Hoya_606m_grisMejua_2025-01-26_2025-01-27,Cerro_Hoya_Expedition_Hoya_606m_grisMejua_2025-01-26,grisMejua_2025_01_27__19_45_05_HDR0.jpg,grisMejua_2025_01_27__19_45_05_HDR0_4_Mothbot_yolo11m_4500_imgsz1600_b1_2024-01-18.pt.jpg
doi.org10.15468dl.6nxkw6.csv,Animalia,Arthropoda,Insecta,Hemiptera,,,,,809,,Hemiptera,Hemiptera,Cerro_Hoya_Expedition_Hoya_606m_grisMejua_2025-01-26,grisMejua_2025_01_27__19_45_05_HDR0_5_Mothbot_yolo11m_4500_imgsz1600_b1_2024-01-18.pt.jpg,HS,Mothbot_yolo11m_4500_imgsz1600_b1_2024-01-18.pt,0.66853928565979,,grisMejua,Cerro_Hoya_Expedition/Hoya_606m_grisMejua_2025-01-26/2025-01-27/patches/grisMejua_2025_01_27__19_45_05_HDR0_5_Mothbot_yolo11m_4500_imgsz1600_b1_2024-01-18.pt.jpg,ORDER_Hemiptera,2025-01-27,19:45:05,,2025_01_27__19_45_05,MachineObservation,Cerro_Hoya_Expedition_Hoya_606m_grisMejua_2025-01-26_2025-01-27,Cerro_Hoya_Expedition_Hoya_606m_grisMejua_2025-01-26,grisMejua_2025_01_27__19_45_05_HDR0.jpg,grisMejua_2025_01_27__19_45_05_HDR0_5_Mothbot_yolo11m_4500_imgsz1600_b1_2024-01-18.pt.jpg
doi.org10.15468dl.6nxkw6.csv,Animalia,Arthropoda,Insecta,,,,,,216,,Insecta,Insecta,Cerro_Hoya_Expedition_Hoya_606m_grisMejua_2025-01-26,grisMejua_2025_01_27__19_45_05_HDR0_6_Mothbot_yolo11m_4500_imgsz1600_b1_2024-01-18.pt.jpg,HS,Mothbot_yolo11m_4500_imgsz1600_b1_2024-01-18.pt,0.4749906361103058,,grisMejua,Cerro_Hoya_Expedition/Hoya_606m_grisMejua_2025-01-26/2025-01-27/patches/grisMejua_2025_01_27__19_45_05_HDR0_6_Mothbot_yolo11m_4500_imgsz1600_b1_2024-01-18.pt.jpg,ORDER_Diptera,2025-01-27,19:45:05,,2025_01_27__19_45_05,MachineObservation,Cerro_Hoya_Expedition_Hoya_606m_grisMejua_2025-01-26_2025-01-27,Cerro_Hoya_Expedition_Hoya_606m_grisMejua_2025-01-26,grisMejua_2025_01_27__19_45_05_HDR0.jpg,grisMejua_2025_01_27__19_45_05_HDR0_6_Mothbot_yolo11m_4500_imgsz1600_b1_2024-01-18.pt.jpg
doi.org10.15468dl.6nxkw6.csv,Animalia,Arthropoda,Insecta,Coleoptera,,,,,1470,,Coleoptera,Coleoptera,Cerro_Hoya_Expedition_Hoya_606m_grisMejua_2025-01-26,grisMejua_2025_01_27__19_45_05_HDR0_7_Mothbot_yolo11m_4500_imgsz1600_b1_2024-01-18.pt.jpg,HS,Mothbot_yolo11m_4500_imgsz1600_b1_2024-01-18.pt,0.4309823215007782,,grisMejua,Cerro_Hoya_Expedition/Hoya_606m_grisMejua_2025-01-26/2025-01-27/patches/grisMejua_2025_01_27__19_45_05_HDR0_7_Mothbot_yolo11m_4500_imgsz1600_b1_2024-01-18.pt.jpg,ORDER_Coleoptera,2025-01-27,19:45:05,,2025_01_27__19_45_05,MachineObservation,Cerro_Hoya_Expedition_Hoya_606m_grisMejua_2025-01-26_2025-01-27,Cerro_Hoya_Expedition_Hoya_606m_grisMejua_2025-01-26,grisMejua_2025_01_27__19_45_05_HDR0.jpg,grisMejua_2025_01_27__19_45_05_HDR0_7_Mothbot_yolo11m_4500_imgsz1600_b1_2024-01-18.pt.jpg
doi.org10.15468dl.6nxkw6.csv,Animalia,Arthropoda,Insecta,Lepidoptera,,,,,797,,Lepidoptera,Lepidoptera,Cerro_Hoya_Expedition_Hoya_606m_grisMejua_2025-01-26,grisMejua_2025_01_27__19_45_05_HDR0_8_Mothbot_yolo11m_4500_imgsz1600_b1_2024-01-18.pt.jpg,HS,Mothbot_yolo11m_4500_imgsz1600_b1_2024-01-18.pt,0.4157441258430481,,grisMejua,Cerro_Hoya_Expedition/Hoya_606m_grisMejua_2025-01-26/2025-01-27/patches/grisMejua_2025_01_27__19_45_05_HDR0_8_Mothbot_yolo11m_4500_imgsz1600_b1_2024-01-18.pt.jpg,ORDER_Lepidoptera,2025-01-27,19:45:05,,2025_01_27__19_45_05,MachineObservation,Cerro_Hoya_Expedition_Hoya_606m_grisMejua_2025-01-26_2025-01-27,Cerro_Hoya_Expedition_Hoya_606m_grisMejua_2025-01-26,grisMejua_2025_01_27__19_45_05_HDR0.jpg,grisMejua_2025_01_27__19_45_05_HDR0_8_Mothbot_yolo11m_4500_imgsz1600_b1_2024-01-18.pt.jpg
doi.org10.15468dl.6nxkw6.csv,Animalia,Arthropoda,Insecta,Coleoptera,,,,,1470,,Coleoptera,Coleoptera,Cerro_Hoya_Expedition_Hoya_606m_grisMejua_2025-01-26,grisMejua_2025_01_27__19_45_05_HDR0_9_Mothbot_yolo11m_4500_imgsz1600_b1_2024-01-18.pt.jpg,HS,Mothbot_yolo11m_4500_imgsz1600_b1_2024-01-18.pt,0.4131857454776764,,grisMejua,Cerro_Hoya_Expedition/Hoya_606m_grisMejua_2025-01-26/2025-01-27/patches/grisMejua_2025_01_27__19_45_05_HDR0_9_Mothbot_yolo11m_4500_imgsz1600_b1_2024-01-18.pt.jpg,ORDER_Coleoptera,2025-01-27,19:45:05,,2025_01_27__19_45_05,MachineObservation,Cerro_Hoya_Expedition_Hoya_606m_grisMejua_2025-01-26_2025-01-27,Cerro_Hoya_Expedition_Hoya_606m_grisMejua_2025-01-26,grisMejua_2025_01_27__19_45_05_HDR0.jpg,grisMejua_2025_01_27__19_45_05_HDR0_9_Mothbot_yolo11m_4500_imgsz1600_b1_2024-01-18.pt.jpg
doi.org10.15468dl.6nxkw6.csv,Animalia,Arthropoda,Insecta,Coleoptera,,,,,1470,,Coleoptera,Coleoptera,Cerro_Hoya_Expedition_Hoya_606m_grisMejua_2025-01-26,grisMejua_2025_01_27__19_45_05_HDR0_10_Mothbot_yolo11m_4500_imgsz1600_b1_2024-01-18.pt.jpg,HS,Mothbot_yolo11m_4500_imgsz1600_b1_2024-01-18.pt,0.38293108344078064,,grisMejua,Cerro_Hoya_Expedition/Hoya_606m_grisMejua_2025-01-26/2025-01-27/patches/grisMejua_2025_01_27__19_45_05_HDR0_10_Mothbot_yolo11m_4500_imgsz1600_b1_2024-01-18.pt.jpg,ORDER_Coleoptera,2025-01-27,19:45:05,,2025_01_27__19_45_05,MachineObservation,Cerro_Hoya_Expedition_Hoya_606m_grisMejua_2025-01-26_2025-01-27,Cerro_Hoya_Expedition_Hoya_606m_grisMejua_2025-01-26,grisMejua_2025_01_27__19_45_05_HDR0.jpg,grisMejua_2025_01_27__19_45_05_HDR0_10_Mothbot_yolo11m_4500_imgsz1600_b1_2024-01-18.pt.jpg
doi.org10.15468dl.6nxkw6.csv,Animalia,Arthropoda,Insecta,Hemiptera,,,,,809,,Hemiptera,Hemiptera,Cerro_Hoya_Expedition_Hoya_606m_grisMejua_2025-01-26,grisMejua_2025_01_27__19_45_05_HDR0_11_Mothbot_yolo11m_4500_imgsz1600_b1_2024-01-18.pt.jpg,HS,Mothbot_yolo11m_4500_imgsz1600_b1_2024-01-18.pt,0.3779667913913727,,grisMejua,Cerro_Hoya_Expedition/Hoya_606m_grisMejua_2025-01-26/2025-01-27/patches/grisMejua_2025_01_27__19_45_05_HDR0_11_Mothbot_yolo11m_4500_imgsz1600_b1_2024-01-18.pt.jpg,ORDER_Hemiptera,2025-01-27,19:45:05,,2025_01_27__19_45_05,MachineObservation,Cerro_Hoya_Expedition_Hoya_606m_grisMejua_2025-01-26_2025-01-27,Cerro_Hoya_Expedition_Hoya_606m_grisMejua_2025-01-26,grisMejua_2025_01_27__19_45_05_HDR0.jpg,grisMejua_2025_01_27__19_45_05_HDR0_11_Mothbot_yolo11m_4500_imgsz1600_b1_2024-01-18.pt.jpg
doi.org10.15468dl.6nxkw6.csv,Animalia,Arthropoda,Insecta,Coleoptera,,,,,1470,,Coleoptera,Coleoptera,Cerro_Hoya_Expedition_Hoya_606m_grisMejua_2025-01-26,grisMejua_2025_01_27__19_45_05_HDR0_12_Mothbot_yolo11m_4500_imgsz1600_b1_2024-01-18.pt.jpg,HS,Mothbot_yolo11m_4500_imgsz1600_b1_2024-01-18.pt,0.37738773226737976,,grisMejua,Cerro_Hoya_Expedition/Hoya_606m_grisMejua_2025-01-26/2025-01-27/patches/grisMejua_2025_01_27__19_45_05_HDR0_12_Mothbot_yolo11m_4500_imgsz1600_b1_2024-01-18.pt.jpg,ORDER_Diptera,2025-01-27,19:45:05,,2025_01_27__19_45_05,MachineObservation,Cerro_Hoya_Expedition_Hoya_606m_grisMejua_2025-01-26_2025-01-27,Cerro_Hoya_Expedition_Hoya_606m_grisMejua_2025-01-26,grisMejua_2025_01_27__19_45_05_HDR0.jpg,grisMejua_2025_01_27__19_45_05_HDR0_12_Mothbot_yolo11m_4500_imgsz1600_b1_2024-01-18.pt.jpg
doi.org10.15468dl.6nxkw6.csv,Animalia,Arthropoda,Insecta,Diptera,,,,,811,,Diptera,Diptera,Cerro_Hoya_Expedition_Hoya_606m_grisMejua_2025-01-26,grisMejua_2025_01_27__19_45_05_HDR0_13_Mothbot_yolo11m_4500_imgsz1600_b1_2024-01-18.pt.jpg,HS,Mothbot_yolo11m_4500_imgsz1600_b1_2024-01-18.pt,0.3617423176765442,,grisMejua,Cerro_Hoya_Expedition/Hoya_606m_grisMejua_2025-01-26/2025-01-27/patches/grisMejua_2025_01_27__19_45_05_HDR0_13_Mothbot_yolo11m_4500_imgsz1600_b1_2024-01-18.pt.jpg,ORDER_Diptera,2025-01-27,19:45:05,,2025_01_27__19_45_05,MachineObservation,Cerro_Hoya_Expedition_Hoya_606m_grisMejua_2025-01-26_2025-01-27,Cerro_Hoya_Expedition_Hoya_606m_grisMejua_2025-01-26,grisMejua_2025_01_27__19_45_05_HDR0.jpg,grisMejua_2025_01_27__19_45_05_HDR0_13_Mothbot_yolo11m_4500_imgsz1600_b1_2024-01-18.pt.jpg
doi.org10.15468dl.6nxkw6.csv,Animalia,Arthropoda,Insecta,Coleoptera,,,,,1470,,Coleoptera,Coleoptera,Cerro_Hoya_Expedition_Hoya_606m_grisMejua_2025-01-26,grisMejua_2025_01_27__19_45_05_HDR0_14_Mothbot_yolo11m_4500_imgsz1600_b1_2024-01-18.pt.jpg,HS,Mothbot_yolo11m_4500_imgsz1600_b1_2024-01-18.pt,0.3555501401424408,,grisMejua,Cerro_Hoya_Expedition/Hoya_606m_grisMejua_2025-01-26/2025-01-27/patches/grisMejua_2025_01_27__19_45_05_HDR0_14_Mothbot_yolo11m_4500_imgsz1600_b1_2024-01-18.pt.jpg,ORDER_Coleoptera,2025-01-27,19:45:05,,2025_01_27__19_45_05,MachineObservation,Cerro_Hoya_Expedition_Hoya_606m_grisMejua_2025-01-26_2025-01-27,Cerro_Hoya_Expedition_Hoya_606m_grisMejua_2025-01-26,grisMejua_2025_01_27__19_45_05_HDR0.jpg,grisMejua_2025_01_27__19_45_05_HDR0_14_Mothbot_yolo11m_4500_imgsz1600_b1_2024-01-18.pt.jpg
doi.org10.15468dl.6nxkw6.csv,Animalia,Arthropoda,Insecta,Coleoptera,,,,,1470,,Coleoptera,Coleoptera,Cerro_Hoya_Expedition_Hoya_606m_grisMejua_2025-01-26,grisMejua_2025_01_27__19_45_05_HDR0_15_Mothbot_yolo11m_4500_imgsz1600_b1_2024-01-18.pt.jpg,HS,Mothbot_yolo11m_4500_imgsz1600_b1_2024-01-18.pt,0.3425917327404022,,grisMejua,Cerro_Hoya_Expedition/Hoya_606m_grisMejua_2025-01-26/2025-01-27/patches/grisMejua_2025_01_27__19_45_05_HDR0_15_Mothbot_yolo11m_4500_imgsz1600_b1_2024-01-18.pt.jpg,ORDER_Coleoptera,2025-01-27,19:45:05,,2025_01_27__19_45_05,MachineObservation,Cerro_Hoya_Expedition_Hoya_606m_grisMejua_2025-01-26_2025-01-27,Cerro_Hoya_Expedition_Hoya_606m_grisMejua_2025-01-26,grisMejua_2025_01_27__19_45_05_HDR0.jpg,grisMejua_2025_01_27__19_45_05_HDR0_15_Mothbot_yolo11m_4500_imgsz1600_b1_2024-01-18.pt.jpg
doi.org10.15468dl.6nxkw6.csv,Animalia,Arthropoda,Insecta,Hemiptera,,,,,809,,Hemiptera,Hemiptera,Cerro_Hoya_Expedition_Hoya_606m_grisMejua_2025-01-26,grisMejua_2025_01_27__19_45_05_HDR0_16_Mothbot_yolo11m_4500_imgsz1600_b1_2024-01-18.pt.jpg,HS,Mothbot_yolo11m_4500_imgsz1600_b1_2024-01-18.pt,0.3355870544910431,,grisMejua,Cerro_Hoya_Expedition/Hoya_606m_grisMejua_2025-01-26/2025-01-27/patches/grisMejua_2025_01_27__19_45_05_HDR0_16_Mothbot_yolo11m_4500_imgsz1600_b1_2024-01-18.pt.jpg,ORDER_Hemiptera,2025-01-27,19:45:05,,2025_01_27__19_45_05,MachineObservation,Cerro_Hoya_Expedition_Hoya_606m_grisMejua_2025-01-26_2025-01-27,Cerro_Hoya_Expedition_Hoya_606m_grisMejua_2025-01-26,grisMejua_2025_01_27__19_45_05_HDR0.jpg,grisMejua_2025_01_27__19_45_05_HDR0_16_Mothbot_yolo11m_4500_imgsz1600_b1_2024-01-18.pt.jpg
doi.org10.15468dl.6nxkw6.csv,Animalia,Arthropoda,Insecta,Hemiptera,,,,,809,,Hemiptera,Hemiptera,Cerro_Hoya_Expedition_Hoya_606m_grisMejua_2025-01-26,grisMejua_2025_01_27__19_45_05_HDR0_17_Mothbot_yolo11m_4500_imgsz1600_b1_2024-01-18.pt.jpg,HS,Mothbot_yolo11m_4500_imgsz1600_b1_2024-01-18.pt,0.30332595109939575,,grisMejua,Cerro_Hoya_Expedition/Hoya_606m_grisMejua_2025-01-26/2025-01-27/patches/grisMejua_2025_01_27__19_45_05_HDR0_17_Mothbot_yolo11m_4500_imgsz1600_b1_2024-01-18.pt.jpg,ORDER_Hemiptera,2025-01-27,19:45:05,,2025_01_27__19_45_05,MachineObservation,Cerro_Hoya_Expedition_Hoya_606m_grisMejua_2025-01-26_2025-01-27,Cerro_Hoya_Expedition_Hoya_606m_grisMejua_2025-01-26,grisMejua_2025_01_27__19_45_05_HDR0.jpg,grisMejua_2025_01_27__19_45_05_HDR0_17_Mothbot_yolo11m_4500_imgsz1600_b1_2024-01-18.pt.jpg
doi.org10.15468dl.6nxkw6.csv,Animalia,Arthropoda,Insecta,Coleoptera,,,,,1470,,Coleoptera,Coleoptera,Cerro_Hoya_Expedition_Hoya_606m_grisMejua_2025-01-26,grisMejua_2025_01_27__19_45_05_HDR0_18_Mothbot_yolo11m_4500_imgsz1600_b1_2024-01-18.pt.jpg,HS,Mothbot_yolo11m_4500_imgsz1600_b1_2024-01-18.pt,0.26551762223243713,,grisMejua,Cerro_Hoya_Expedition/Hoya_606m_grisMejua_2025-01-26/2025-01-27/patches/grisMejua_2025_01_27__19_45_05_HDR0_18_Mothbot_yolo11m_4500_imgsz1600_b1_2024-01-18.pt.jpg,ORDER_Coleoptera,2025-01-27,19:45:05,,2025_01_27__19_45_05,MachineObservation,Cerro_Hoya_Expedition_Hoya_606m_grisMejua_2025-01-26_2025-01-27,Cerro_Hoya_Expedition_Hoya_606m_grisMejua_2025-01-26,grisMejua_2025_01_27__19_45_05_HDR0.jpg,grisMejua_2025_01_27__19_45_05_HDR0_18_Mothbot_yolo11m_4500_imgsz1600_b1_2024-01-18.pt.jpg
doi.org10.15468dl.6nxkw6.csv,Animalia,Arthropoda,Insecta,Hemiptera,,,,,809,,Hemiptera,Hemiptera,Cerro_Hoya_Expedition_Hoya_606m_grisMejua_2025-01-26,grisMejua_2025_01_27__19_46_06_HDR0_0_Mothbot_yolo11m_4500_imgsz1600_b1_2024-01-18.pt.jpg,HS,Mothbot_yolo11m_4500_imgsz1600_b1_2024-01-18.pt,0.8213510513305664,,grisMejua,Cerro_Hoya_Expedition/Hoya_606m_grisMejua_2025-01-26/2025-01-27/patches/grisMejua_2025_01_27__19_46_06_HDR0_0_Mothbot_yolo11m_4500_imgsz1600_b1_2024-01-18.pt.jpg,ORDER_Hemiptera,2025-01-27,19:46:06,,2025_01_27__19_46_06,MachineObservation,Cerro_Hoya_Expedition_Hoya_606m_grisMejua_2025-01-26_2025-01-27,Cerro_Hoya_Expedition_Hoya_606m_grisMejua_2025-01-26,grisMejua_2025_01_27__19_46_06_HDR0.jpg,grisMejua_2025_01_27__19_46_06_HDR0_0_Mothbot_yolo11m_4500_imgsz1600_b1_2024-01-18.pt.jpg
doi.org10.15468dl.6nxkw6.csv,Animalia,Arthropoda,Insecta,Hemiptera,,,,,809,,Hemiptera,Hemiptera,Cerro_Hoya_Expedition_Hoya_606m_grisMejua_2025-01-26,grisMejua_2025_01_27__19_46_06_HDR0_1_Mothbot_yolo11m_4500_imgsz1600_b1_2024-01-18.pt.jpg,HS,Mothbot_yolo11m_4500_imgsz1600_b1_2024-01-18.pt,0.7420739531517029,,grisMejua,Cerro_Hoya_Expedition/Hoya_606m_grisMejua_2025-01-26/2025-01-27/patches/grisMejua_2025_01_27__19_46_06_HDR0_1_Mothbot_yolo11m_4500_imgsz1600_b1_2024-01-18.pt.jpg,ORDER_Hemiptera,2025-01-27,19:46:06,,2025_01_27__19_46_06,MachineObservation,Cerro_Hoya_Expedition_Hoya_606m_grisMejua_2025-01-26_2025-01-27,Cerro_Hoya_Expedition_Hoya_606m_grisMejua_2025-01-26,grisMejua_2025_01_27__19_46_06_HDR0.jpg,grisMejua_2025_01_27__19_46_06_HDR0_1_Mothbot_yolo11m_4500_imgsz1600_b1_2024-01-18.pt.jpg
doi.org10.15468dl.6nxkw6.csv,Animalia,Arthropoda,Insecta,Hemiptera,,,,,809,,Hemiptera,Hemiptera,Cerro_Hoya_Expedition_Hoya_606m_grisMejua_2025-01-26,grisMejua_2025_01_27__19_46_06_HDR0_2_Mothbot_yolo11m_4500_imgsz1600_b1_2024-01-18.pt.jpg,HS,Mothbot_yolo11m_4500_imgsz1600_b1_2024-01-18.pt,0.6953122019767761,,grisMejua,Cerro_Hoya_Expedition/Hoya_606m_grisMejua_2025-01-26/2025-01-27/patches/grisMejua_2025_01_27__19_46_06_HDR0_2_Mothbot_yolo11m_4500_imgsz1600_b1_2024-01-18.pt.jpg,ORDER_Hemiptera,2025-01-27,19:46:06,,2025_01_27__19_46_06,MachineObservation,Cerro_Hoya_Expedition_Hoya_606m_grisMejua_2025-01-26_2025-01-27,Cerro_Hoya_Expedition_Hoya_606m_grisMejua_2025-01-26,grisMejua_2025_01_27__19_46_06_HDR0.jpg,grisMejua_2025_01_27__19_46_06_HDR0_2_Mothbot_yolo11m_4500_imgsz1600_b1_2024-01-18.pt.jpg
doi.org10.15468dl.6nxkw6.csv,Animalia,Arthropoda,Insecta,Coleoptera,,,,,1470,,Coleoptera,Coleoptera,Cerro_Hoya_Expedition_Hoya_606m_grisMejua_2025-01-26,grisMejua_2025_01_27__19_46_06_HDR0_3_Mothbot_yolo11m_4500_imgsz1600_b1_2024-01-18.pt.jpg,HS,Mothbot_yolo11m_4500_imgsz1600_b1_2024-01-18.pt,0.5624120235443115,,grisMejua,Cerro_Hoya_Expedition/Hoya_606m_grisMejua_2025-01-26/2025-01-27/patches/grisMejua_2025_01_27__19_46_06_HDR0_3_Mothbot_yolo11m_4500_imgsz1600_b1_2024-01-18.pt.jpg,ORDER_Hemiptera,2025-01-27,19:46:06,,2025_01_27__19_46_06,MachineObservation,Cerro_Hoya_Expedition_Hoya_606m_grisMejua_2025-01-26_2025-01-27,Cerro_Hoya_Expedition_Hoya_606m_grisMejua_2025-01-26,grisMejua_2025_01_27__19_46_06_HDR0.jpg,grisMejua_2025_01_27__19_46_06_HDR0_3_Mothbot_yolo11m_4500_imgsz1600_b1_2024-01-18.pt.jpg
doi.org10.15468dl.6nxkw6.csv,Animalia,Arthropoda,Insecta,Coleoptera,,,,,1470,,Coleoptera,Coleoptera,Cerro_Hoya_Expedition_Hoya_606m_grisMejua_2025-01-26,grisMejua_2025_01_27__19_46_06_HDR0_4_Mothbot_yolo11m_4500_imgsz1600_b1_2024-01-18.pt.jpg,HS,Mothbot_yolo11m_4500_imgsz1600_b1_2024-01-18.pt,0.429654061794281,,grisMejua,Cerro_Hoya_Expedition/Hoya_606m_grisMejua_2025-01-26/2025-01-27/patches/grisMejua_2025_01_27__19_46_06_HDR0_4_Mothbot_yolo11m_4500_imgsz1600_b1_2024-01-18.pt.jpg,ORDER_Coleoptera,2025-01-27,19:46:06,,2025_01_27__19_46_06,MachineObservation,Cerro_Hoya_Expedition_Hoya_606m_grisMejua_2025-01-26_2025-01-27,Cerro_Hoya_Expedition_Hoya_606m_grisMejua_2025-01-26,grisMejua_2025_01_27__19_46_06_HDR0.jpg,grisMejua_2025_01_27__19_46_06_HDR0_4_Mothbot_yolo11m_4500_imgsz1600_b1_2024-01-18.pt.jpg
doi.org10.15468dl.6nxkw6.csv,Animalia,Arthropoda,Insecta,Coleoptera,,,,,1470,,Coleoptera,Coleoptera,Cerro_Hoya_Expedition_Hoya_606m_grisMejua_2025-01-26,grisMejua_2025_01_27__19_46_06_HDR0_5_Mothbot_yolo11m_4500_imgsz1600_b1_2024-01-18.pt.jpg,HS,Mothbot_yolo11m_4500_imgsz1600_b1_2024-01-18.pt,0.42070233821868896,,grisMejua,Cerro_Hoya_Expedition/Hoya_606m_grisMejua_2025-01-26/2025-01-27/patches/grisMejua_2025_01_27__19_46_06_HDR0_5_Mothbot_yolo11m_4500_imgsz1600_b1_2024-01-18.pt.jpg,ORDER_Coleoptera,2025-01-27,19:46:06,,2025_01_27__19_46_06,MachineObservation,Cerro_Hoya_Expedition_Hoya_606m_grisMejua_2025-01-26_2025-01-27,Cerro_Hoya_Expedition_Hoya_606m_grisMejua_2025-01-26,grisMejua_2025_01_27__19_46_06_HDR0.jpg,grisMejua_2025_01_27__19_46_06_HDR0_5_Mothbot_yolo11m_4500_imgsz1600_b1_2024-01-18.pt.jpg
doi.org10.15468dl.6nxkw6.csv,Animalia,Arthropoda,Insecta,Coleoptera,,,,,1470,,Coleoptera,Coleoptera,Cerro_Hoya_Expedition_Hoya_606m_grisMejua_2025-01-26,grisMejua_2025_01_27__19_46_06_HDR0_6_Mothbot_yolo11m_4500_imgsz1600_b1_2024-01-18.pt.jpg,HS,Mothbot_yolo11m_4500_imgsz1600_b1_2024-01-18.pt,0.41143369674682617,,grisMejua,Cerro_Hoya_Expedition/Hoya_606m_grisMejua_2025-01-26/2025-01-27/patches/grisMejua_2025_01_27__19_46_06_HDR0_6_Mothbot_yolo11m_4500_imgsz1600_b1_2024-01-18.pt.jpg,ORDER_Coleoptera,2025-01-27,19:46:06,,2025_01_27__19_46_06,MachineObservation,Cerro_Hoya_Expedition_Hoya_606m_grisMejua_2025-01-26_2025-01-27,Cerro_Hoya_Expedition_Hoya_606m_grisMejua_2025-01-26,grisMejua_2025_01_27__19_46_06_HDR0.jpg,grisMejua_2025_01_27__19_46_06_HDR0_6_Mothbot_yolo11m_4500_imgsz1600_b1_2024-01-18.pt.jpg
doi.org10.15468dl.6nxkw6.csv,Animalia,Arthropoda,Insecta,Coleoptera,,,,,1470,,Coleoptera,Coleoptera,Cerro_Hoya_Expedition_Hoya_606m_grisMejua_2025-01-26,grisMejua_2025_01_27__19_46_06_HDR0_7_Mothbot_yolo11m_4500_imgsz1600_b1_2024-01-18.pt.jpg,HS,Mothbot_yolo11m_4500_imgsz1600_b1_2024-01-18.pt,0.3510107696056366,,grisMejua,Cerro_Hoya_Expedition/Hoya_606m_grisMejua_2025-01-26/2025-01-27/patches/grisMejua_2025_01_27__19_46_06_HDR0_7_Mothbot_yolo11m_4500_imgsz1600_b1_2024-01-18.pt.jpg,ORDER_Coleoptera,2025-01-27,19:46:06,,2025_01_27__19_46_06,MachineObservation,Cerro_Hoya_Expedition_Hoya_606m_grisMejua_2025-01-26_2025-01-27,Cerro_Hoya_Expedition_Hoya_606m_grisMejua_2025-01-26,grisMejua_2025_01_27__19_46_06_HDR0.jpg,grisMejua_2025_01_27__19_46_06_HDR0_7_Mothbot_yolo11m_4500_imgsz1600_b1_2024-01-18.pt.jpg
doi.org10.15468dl.6nxkw6.csv,Animalia,Arthropoda,Insecta,Coleoptera,,,,,1470,,Coleoptera,Coleoptera,Cerro_Hoya_Expedition_Hoya_606m_grisMejua_2025-01-26,grisMejua_2025_01_27__19_46_06_HDR0_8_Mothbot_yolo11m_4500_imgsz1600_b1_2024-01-18.pt.jpg,HS,Mothbot_yolo11m_4500_imgsz1600_b1_2024-01-18.pt,0.3161129355430603,,grisMejua,Cerro_Hoya_Expedition/Hoya_606m_grisMejua_2025-01-26/2025-01-27/patches/grisMejua_2025_01_27__19_46_06_HDR0_8_Mothbot_yolo11m_4500_imgsz1600_b1_2024-01-18.pt.jpg,ORDER_Diptera,2025-01-27,19:46:06,,2025_01_27__19_46_06,MachineObservation,Cerro_Hoya_Expedition_Hoya_606m_grisMejua_2025-01-26_2025-01-27,Cerro_Hoya_Expedition_Hoya_606m_grisMejua_2025-01-26,grisMejua_2025_01_27__19_46_06_HDR0.jpg,grisMejua_2025_01_27__19_46_06_HDR0_8_Mothbot_yolo11m_4500_imgsz1600_b1_2024-01-18.pt.jpg
doi.org10.15468dl.6nxkw6.csv,Animalia,Arthropoda,Insecta,Coleoptera,,,,,1470,,Coleoptera,Coleoptera,Cerro_Hoya_Expedition_Hoya_606m_grisMejua_2025-01-26,grisMejua_2025_01_27__19_46_06_HDR0_9_Mothbot_yolo11m_4500_imgsz1600_b1_2024-01-18.pt.jpg,HS,Mothbot_yolo11m_4500_imgsz1600_b1_2024-01-18.pt,0.3134675920009613,,grisMejua,Cerro_Hoya_Expedition/Hoya_606m_grisMejua_2025-01-26/2025-01-27/patches/grisMejua_2025_01_27__19_46_06_HDR0_9_Mothbot_yolo11m_4500_imgsz1600_b1_2024-01-18.pt.jpg,ORDER_Coleoptera,2025-01-27,19:46:06,,2025_01_27__19_46_06,MachineObservation,Cerro_Hoya_Expedition_Hoya_606m_grisMejua_2025-01-26_2025-01-27,Cerro_Hoya_Expedition_Hoya_606m_grisMejua_2025-01-26,grisMejua_2025_01_27__19_46_06_HDR0.jpg,grisMejua_2025_01_27__19_46_06_HDR0_9_Mothbot_yolo11m_4500_imgsz1600_b1_2024-01-18.pt.jpg
doi.org10.15468dl.6nxkw6.csv,Animalia,Arthropoda,Insecta,Coleoptera,,,,,1470,,Coleoptera,Coleoptera,Cerro_Hoya_Expedition_Hoya_606m_grisMejua_2025-01-26,grisMejua_2025_01_27__19_46_06_HDR0_10_Mothbot_yolo11m_4500_imgsz1600_b1_2024-01-18.pt.jpg,HS,Mothbot_yolo11m_4500_imgsz1600_b1_2024-01-18.pt,0.30776047706604004,,grisMejua,Cerro_Hoya_Expedition/Hoya_606m_grisMejua_2025-01-26/2025-01-27/patches/grisMejua_2025_01_27__19_46_06_HDR0_10_Mothbot_yolo11m_4500_imgsz1600_b1_2024-01-18.pt.jpg,ORDER_Hemiptera,2025-01-27,19:46:06,,2025_01_27__19_46_06,MachineObservation,Cerro_Hoya_Expedition_Hoya_606m_grisMejua_2025-01-26_2025-01-27,Cerro_Hoya_Expedition_Hoya_606m_grisMejua_2025-01-26,grisMejua_2025_01_27__19_46_06_HDR0.jpg,grisMejua_2025_01_27__19_46_06_HDR0_10_Mothbot_yolo11m_4500_imgsz1600_b1_2024-01-18.pt.jpg
doi.org10.15468dl.6nxkw6.csv,Animalia,Arthropoda,Insecta,Hemiptera,,,,,809,,Hemiptera,Hemiptera,Cerro_Hoya_Expedition_Hoya_606m_grisMejua_2025-01-26,grisMejua_2025_01_27__19_46_06_HDR0_11_Mothbot_yolo11m_4500_imgsz1600_b1_2024-01-18.pt.jpg,HS,Mothbot_yolo11m_4500_imgsz1600_b1_2024-01-18.pt,0.28794991970062256,,grisMejua,Cerro_Hoya_Expedition/Hoya_606m_grisMejua_2025-01-26/2025-01-27/patches/grisMejua_2025_01_27__19_46_06_HDR0_11_Mothbot_yolo11m_4500_imgsz1600_b1_2024-01-18.pt.jpg,ORDER_Hemiptera,2025-01-27,19:46:06,,2025_01_27__19_46_06,MachineObservation,Cerro_Hoya_Expedition_Hoya_606m_grisMejua_2025-01-26_2025-01-27,Cerro_Hoya_Expedition_Hoya_606m_grisMejua_2025-01-26,grisMejua_2025_01_27__19_46_06_HDR0.jpg,grisMejua_2025_01_27__19_46_06_HDR0_11_Mothbot_yolo11m_4500_imgsz1600_b1_2024-01-18.pt.jpg
doi.org10.15468dl.6nxkw6.csv,Animalia,Arthropoda,Insecta,Coleoptera,,,,,1470,,Coleoptera,Coleoptera,Cerro_Hoya_Expedition_Hoya_606m_grisMejua_2025-01-26,grisMejua_2025_01_27__19_46_06_HDR0_12_Mothbot_yolo11m_4500_imgsz1600_b1_2024-01-18.pt.jpg,HS,Mothbot_yolo11m_4500_imgsz1600_b1_2024-01-18.pt,0.2670128345489502,,grisMejua,Cerro_Hoya_Expedition/Hoya_606m_grisMejua_2025-01-26/2025-01-27/patches/grisMejua_2025_01_27__19_46_06_HDR0_12_Mothbot_yolo11m_4500_imgsz1600_b1_2024-01-18.pt.jpg,ORDER_Coleoptera,2025-01-27,19:46:06,,2025_01_27__19_46_06,MachineObservation,Cerro_Hoya_Expedition_Hoya_606m_grisMejua_2025-01-26_2025-01-27,Cerro_Hoya_Expedition_Hoya_606m_grisMejua_2025-01-26,grisMejua_2025_01_27__19_46_06_HDR0.jpg,grisMejua_2025_01_27__19_46_06_HDR0_12_Mothbot_yolo11m_4500_imgsz1600_b1_2024-01-18.pt.jpg
doi.org10.15468dl.6nxkw6.csv,Animalia,Arthropoda,Insecta,Lepidoptera,,,,,797,,Lepidoptera,Lepidoptera,Cerro_Hoya_Expedition_Hoya_606m_grisMejua_2025-01-26,grisMejua_2025_01_27__19_47_06_HDR0_0_Mothbot_yolo11m_4500_imgsz1600_b1_2024-01-18.pt.jpg,HS,Mothbot_yolo11m_4500_imgsz1600_b1_2024-01-18.pt,0.6672846078872681,,grisMejua,Cerro_Hoya_Expedition/Hoya_606m_grisMejua_2025-01-26/2025-01-27/patches/grisMejua_2025_01_27__19_47_06_HDR0_0_Mothbot_yolo11m_4500_imgsz1600_b1_2024-01-18.pt.jpg,ORDER_Lepidoptera,2025-01-27,19:47:06,,2025_01_27__19_47_06,MachineObservation,Cerro_Hoya_Expedition_Hoya_606m_grisMejua_2025-01-26_2025-01-27,Cerro_Hoya_Expedition_Hoya_606m_grisMejua_2025-01-26,grisMejua_2025_01_27__19_47_06_HDR0.jpg,grisMejua_2025_01_27__19_47_06_HDR0_0_Mothbot_yolo11m_4500_imgsz1600_b1_2024-01-18.pt.jpg
doi.org10.15468dl.6nxkw6.csv,Animalia,Arthropoda,Insecta,Coleoptera,,,,,1470,,Coleoptera,Coleoptera,Cerro_Hoya_Expedition_Hoya_606m_grisMejua_2025-01-26,grisMejua_2025_01_27__19_47_06_HDR0_1_Mothbot_yolo11m_4500_imgsz1600_b1_2024-01-18.pt.jpg,HS,Mothbot_yolo11m_4500_imgsz1600_b1_2024-01-18.pt,0.5465326309204102,,grisMejua,Cerro_Hoya_Expedition/Hoya_606m_grisMejua_2025-01-26/2025-01-27/patches/grisMejua_2025_01_27__19_47_06_HDR0_1_Mothbot_yolo11m_4500_imgsz1600_b1_2024-01-18.pt.jpg,ORDER_Hymenoptera,2025-01-27,19:47:06,,2025_01_27__19_47_06,MachineObservation,Cerro_Hoya_Expedition_Hoya_606m_grisMejua_2025-01-26_2025-01-27,Cerro_Hoya_Expedition_Hoya_606m_grisMejua_2025-01-26,grisMejua_2025_01_27__19_47_06_HDR0.jpg,grisMejua_2025_01_27__19_47_06_HDR0_1_Mothbot_yolo11m_4500_imgsz1600_b1_2024-01-18.pt.jpg
doi.org10.15468dl.6nxkw6.csv,Animalia,Arthropoda,Insecta,Coleoptera,,,,,1470,,Coleoptera,Coleoptera,Cerro_Hoya_Expedition_Hoya_606m_grisMejua_2025-01-26,grisMejua_2025_01_27__19_47_06_HDR0_2_Mothbot_yolo11m_4500_imgsz1600_b1_2024-01-18.pt.jpg,HS,Mothbot_yolo11m_4500_imgsz1600_b1_2024-01-18.pt,0.3989093005657196,,grisMejua,Cerro_Hoya_Expedition/Hoya_606m_grisMejua_2025-01-26/2025-01-27/patches/grisMejua_2025_01_27__19_47_06_HDR0_2_Mothbot_yolo11m_4500_imgsz1600_b1_2024-01-18.pt.jpg,ORDER_Coleoptera,2025-01-27,19:47:06,,2025_01_27__19_47_06,MachineObservation,Cerro_Hoya_Expedition_Hoya_606m_grisMejua_2025-01-26_2025-01-27,Cerro_Hoya_Expedition_Hoya_606m_grisMejua_2025-01-26,grisMejua_2025_01_27__19_47_06_HDR0.jpg,grisMejua_2025_01_27__19_47_06_HDR0_2_Mothbot_yolo11m_4500_imgsz1600_b1_2024-01-18.pt.jpg
doi.org10.15468dl.6nxkw6.csv,Animalia,Arthropoda,Insecta,Coleoptera,,,,,1470,,Coleoptera,Coleoptera,Cerro_Hoya_Expedition_Hoya_606m_grisMejua_2025-01-26,grisMejua_2025_01_27__19_47_06_HDR0_3_Mothbot_yolo11m_4500_imgsz1600_b1_2024-01-18.pt.jpg,HS,Mothbot_yolo11m_4500_imgsz1600_b1_2024-01-18.pt,0.38215315341949463,,grisMejua,Cerro_Hoya_Expedition/Hoya_606m_grisMejua_2025-01-26/2025-01-27/patches/grisMejua_2025_01_27__19_47_06_HDR0_3_Mothbot_yolo11m_4500_imgsz1600_b1_2024-01-18.pt.jpg,ORDER_Diptera,2025-01-27,19:47:06,,2025_01_27__19_47_06,MachineObservation,Cerro_Hoya_Expedition_Hoya_606m_grisMejua_2025-01-26_2025-01-27,Cerro_Hoya_Expedition_Hoya_606m_grisMejua_2025-01-26,grisMejua_2025_01_27__19_47_06_HDR0.jpg,grisMejua_2025_01_27__19_47_06_HDR0_3_Mothbot_yolo11m_4500_imgsz1600_b1_2024-01-18.pt.jpg
doi.org10.15468dl.6nxkw6.csv,Animalia,Arthropoda,Insecta,Hemiptera,,,,,809,,Hemiptera,Hemiptera,Cerro_Hoya_Expedition_Hoya_606m_grisMejua_2025-01-26,grisMejua_2025_01_27__19_47_06_HDR0_4_Mothbot_yolo11m_4500_imgsz1600_b1_2024-01-18.pt.jpg,HS,Mothbot_yolo11m_4500_imgsz1600_b1_2024-01-18.pt,0.3769218325614929,,grisMejua,Cerro_Hoya_Expedition/Hoya_606m_grisMejua_2025-01-26/2025-01-27/patches/grisMejua_2025_01_27__19_47_06_HDR0_4_Mothbot_yolo11m_4500_imgsz1600_b1_2024-01-18.pt.jpg,ORDER_Hemiptera,2025-01-27,19:47:06,,2025_01_27__19_47_06,MachineObservation,Cerro_Hoya_Expedition_Hoya_606m_grisMejua_2025-01-26_2025-01-27,Cerro_Hoya_Expedition_Hoya_606m_grisMejua_2025-01-26,grisMejua_2025_01_27__19_47_06_HDR0.jpg,grisMejua_2025_01_27__19_47_06_HDR0_4_Mothbot_yolo11m_4500_imgsz1600_b1_2024-01-18.pt.jpg
doi.org10.15468dl.6nxkw6.csv,Animalia,Arthropoda,Insecta,Coleoptera,,,,,1470,,Coleoptera,Coleoptera,Cerro_Hoya_Expedition_Hoya_606m_grisMejua_2025-01-26,grisMejua_2025_01_27__19_47_06_HDR0_5_Mothbot_yolo11m_4500_imgsz1600_b1_2024-01-18.pt.jpg,HS,Mothbot_yolo11m_4500_imgsz1600_b1_2024-01-18.pt,0.3722549080848694,,grisMejua,Cerro_Hoya_Expedition/Hoya_606m_grisMejua_2025-01-26/2025-01-27/patches/grisMejua_2025_01_27__19_47_06_HDR0_5_Mothbot_yolo11m_4500_imgsz1600_b1_2024-01-18.pt.jpg,ORDER_Coleoptera,2025-01-27,19:47:06,,2025_01_27__19_47_06,MachineObservation,Cerro_Hoya_Expedition_Hoya_606m_grisMejua_2025-01-26_2025-01-27,Cerro_Hoya_Expedition_Hoya_606m_grisMejua_2025-01-26,grisMejua_2025_01_27__19_47_06_HDR0.jpg,grisMejua_2025_01_27__19_47_06_HDR0_5_Mothbot_yolo11m_4500_imgsz1600_b1_2024-01-18.pt.jpg
doi.org10.15468dl.6nxkw6.csv,Animalia,Arthropoda,Insecta,Coleoptera,,,,,1470,,Coleoptera,Coleoptera,Cerro_Hoya_Expedition_Hoya_606m_grisMejua_2025-01-26,grisMejua_2025_01_27__19_47_06_HDR0_6_Mothbot_yolo11m_4500_imgsz1600_b1_2024-01-18.pt.jpg,HS,Mothbot_yolo11m_4500_imgsz1600_b1_2024-01-18.pt,0.342029869556427,,grisMejua,Cerro_Hoya_Expedition/Hoya_606m_grisMejua_2025-01-26/2025-01-27/patches/grisMejua_2025_01_27__19_47_06_HDR0_6_Mothbot_yolo11m_4500_imgsz1600_b1_2024-01-18.pt.jpg,ORDER_Coleoptera,2025-01-27,19:47:06,,2025_01_27__19_47_06,MachineObservation,Cerro_Hoya_Expedition_Hoya_606m_grisMejua_2025-01-26_2025-01-27,Cerro_Hoya_Expedition_Hoya_606m_grisMejua_2025-01-26,grisMejua_2025_01_27__19_47_06_HDR0.jpg,grisMejua_2025_01_27__19_47_06_HDR0_6_Mothbot_yolo11m_4500_imgsz1600_b1_2024-01-18.pt.jpg
doi.org10.15468dl.6nxkw6.csv,Animalia,Arthropoda,Insecta,Coleoptera,,,,,1470,,Coleoptera,Coleoptera,Cerro_Hoya_Expedition_Hoya_606m_grisMejua_2025-01-26,grisMejua_2025_01_27__19_47_06_HDR0_7_Mothbot_yolo11m_4500_imgsz1600_b1_2024-01-18.pt.jpg,HS,Mothbot_yolo11m_4500_imgsz1600_b1_2024-01-18.pt,0.33266714215278625,,grisMejua,Cerro_Hoya_Expedition/Hoya_606m_grisMejua_2025-01-26/2025-01-27/patches/grisMejua_2025_01_27__19_47_06_HDR0_7_Mothbot_yolo11m_4500_imgsz1600_b1_2024-01-18.pt.jpg,ORDER_Coleoptera,2025-01-27,19:47:06,,2025_01_27__19_47_06,MachineObservation,Cerro_Hoya_Expedition_Hoya_606m_grisMejua_2025-01-26_2025-01-27,Cerro_Hoya_Expedition_Hoya_606m_grisMejua_2025-01-26,grisMejua_2025_01_27__19_47_06_HDR0.jpg,grisMejua_2025_01_27__19_47_06_HDR0_7_Mothbot_yolo11m_4500_imgsz1600_b1_2024-01-18.pt.jpg
doi.org10.15468dl.6nxkw6.csv,Animalia,Arthropoda,Insecta,Coleoptera,,,,,1470,,Coleoptera,Coleoptera,Cerro_Hoya_Expedition_Hoya_606m_grisMejua_2025-01-26,grisMejua_2025_01_27__19_47_06_HDR0_8_Mothbot_yolo11m_4500_imgsz1600_b1_2024-01-18.pt.jpg,HS,Mothbot_yolo11m_4500_imgsz1600_b1_2024-01-18.pt,0.3280811607837677,,grisMejua,Cerro_Hoya_Expedition/Hoya_606m_grisMejua_2025-01-26/2025-01-27/patches/grisMejua_2025_01_27__19_47_06_HDR0_8_Mothbot_yolo11m_4500_imgsz1600_b1_2024-01-18.pt.jpg,ORDER_Coleoptera,2025-01-27,19:47:06,,2025_01_27__19_47_06,MachineObservation,Cerro_Hoya_Expedition_Hoya_606m_grisMejua_2025-01-26_2025-01-27,Cerro_Hoya_Expedition_Hoya_606m_grisMejua_2025-01-26,grisMejua_2025_01_27__19_47_06_HDR0.jpg,grisMejua_2025_01_27__19_47_06_HDR0_8_Mothbot_yolo11m_4500_imgsz1600_b1_2024-01-18.pt.jpg
doi.org10.15468dl.6nxkw6.csv,Animalia,Arthropoda,Insecta,Hemiptera,,,,,809,,Hemiptera,Hemiptera,Cerro_Hoya_Expedition_Hoya_606m_grisMejua_2025-01-26,grisMejua_2025_01_27__19_47_06_HDR0_9_Mothbot_yolo11m_4500_imgsz1600_b1_2024-01-18.pt.jpg,HS,Mothbot_yolo11m_4500_imgsz1600_b1_2024-01-18.pt,0.30597227811813354,,grisMejua,Cerro_Hoya_Expedition/Hoya_606m_grisMejua_2025-01-26/2025-01-27/patches/grisMejua_2025_01_27__19_47_06_HDR0_9_Mothbot_yolo11m_4500_imgsz1600_b1_2024-01-18.pt.jpg,ORDER_Hemiptera,2025-01-27,19:47:06,,2025_01_27__19_47_06,MachineObservation,Cerro_Hoya_Expedition_Hoya_606m_grisMejua_2025-01-26_2025-01-27,Cerro_Hoya_Expedition_Hoya_606m_grisMejua_2025-01-26,grisMejua_2025_01_27__19_47_06_HDR0.jpg,grisMejua_2025_01_27__19_47_06_HDR0_9_Mothbot_yolo11m_4500_imgsz1600_b1_2024-01-18.pt.jpg
doi.org10.15468dl.6nxkw6.csv,Animalia,Arthropoda,Insecta,Hemiptera,,,,,809,,Hemiptera,Hemiptera,Cerro_Hoya_Expedition_Hoya_606m_grisMejua_2025-01-26,grisMejua_2025_01_27__19_48_06_HDR0_0_Mothbot_yolo11m_4500_imgsz1600_b1_2024-01-18.pt.jpg,HS,Mothbot_yolo11m_4500_imgsz1600_b1_2024-01-18.pt,0.8023446798324585,,grisMejua,Cerro_Hoya_Expedition/Hoya_606m_grisMejua_2025-01-26/2025-01-27/patches/grisMejua_2025_01_27__19_48_06_HDR0_0_Mothbot_yolo11m_4500_imgsz1600_b1_2024-01-18.pt.jpg,ORDER_Hemiptera,2025-01-27,19:48:06,,2025_01_27__19_48_06,MachineObservation,Cerro_Hoya_Expedition_Hoya_606m_grisMejua_2025-01-26_2025-01-27,Cerro_Hoya_Expedition_Hoya_606m_grisMejua_2025-01-26,grisMejua_2025_01_27__19_48_06_HDR0.jpg,grisMejua_2025_01_27__19_48_06_HDR0_0_Mothbot_yolo11m_4500_imgsz1600_b1_2024-01-18.pt.jpg
doi.org10.15468dl.6nxkw6.csv,Animalia,Arthropoda,Insecta,Lepidoptera,,,,,797,,Lepidoptera,Lepidoptera,Cerro_Hoya_Expedition_Hoya_606m_grisMejua_2025-01-26,grisMejua_2025_01_27__19_48_06_HDR0_1_Mothbot_yolo11m_4500_imgsz1600_b1_2024-01-18.pt.jpg,HS,Mothbot_yolo11m_4500_imgsz1600_b1_2024-01-18.pt,0.7362610101699829,,grisMejua,Cerro_Hoya_Expedition/Hoya_606m_grisMejua_2025-01-26/2025-01-27/patches/grisMejua_2025_01_27__19_48_06_HDR0_1_Mothbot_yolo11m_4500_imgsz1600_b1_2024-01-18.pt.jpg,ORDER_Lepidoptera,2025-01-27,19:48:06,,2025_01_27__19_48_06,MachineObservation,Cerro_Hoya_Expedition_Hoya_606m_grisMejua_2025-01-26_2025-01-27,Cerro_Hoya_Expedition_Hoya_606m_grisMejua_2025-01-26,grisMejua_2025_01_27__19_48_06_HDR0.jpg,grisMejua_2025_01_27__19_48_06_HDR0_1_Mothbot_yolo11m_4500_imgsz1600_b1_2024-01-18.pt.jpg
doi.org10.15468dl.6nxkw6.csv,Animalia,Arthropoda,Insecta,Lepidoptera,,,,,797,,Lepidoptera,Lepidoptera,Cerro_Hoya_Expedition_Hoya_606m_grisMejua_2025-01-26,grisMejua_2025_01_27__19_48_06_HDR0_2_Mothbot_yolo11m_4500_imgsz1600_b1_2024-01-18.pt.jpg,HS,Mothbot_yolo11m_4500_imgsz1600_b1_2024-01-18.pt,0.6810627579689026,,grisMejua,Cerro_Hoya_Expedition/Hoya_606m_grisMejua_2025-01-26/2025-01-27/patches/grisMejua_2025_01_27__19_48_06_HDR0_2_Mothbot_yolo11m_4500_imgsz1600_b1_2024-01-18.pt.jpg,ORDER_Lepidoptera,2025-01-27,19:48:06,,2025_01_27__19_48_06,MachineObservation,Cerro_Hoya_Expedition_Hoya_606m_grisMejua_2025-01-26_2025-01-27,Cerro_Hoya_Expedition_Hoya_606m_grisMejua_2025-01-26,grisMejua_2025_01_27__19_48_06_HDR0.jpg,grisMejua_2025_01_27__19_48_06_HDR0_2_Mothbot_yolo11m_4500_imgsz1600_b1_2024-01-18.pt.jpg
doi.org10.15468dl.6nxkw6.csv,Animalia,Arthropoda,Insecta,Coleoptera,,,,,1470,,Coleoptera,Coleoptera,Cerro_Hoya_Expedition_Hoya_606m_grisMejua_2025-01-26,grisMejua_2025_01_27__19_48_06_HDR0_3_Mothbot_yolo11m_4500_imgsz1600_b1_2024-01-18.pt.jpg,HS,Mothbot_yolo11m_4500_imgsz1600_b1_2024-01-18.pt,0.5612049698829651,,grisMejua,Cerro_Hoya_Expedition/Hoya_606m_grisMejua_2025-01-26/2025-01-27/patches/grisMejua_2025_01_27__19_48_06_HDR0_3_Mothbot_yolo11m_4500_imgsz1600_b1_2024-01-18.pt.jpg,ORDER_Hymenoptera,2025-01-27,19:48:06,,2025_01_27__19_48_06,MachineObservation,Cerro_Hoya_Expedition_Hoya_606m_grisMejua_2025-01-26_2025-01-27,Cerro_Hoya_Expedition_Hoya_606m_grisMejua_2025-01-26,grisMejua_2025_01_27__19_48_06_HDR0.jpg,grisMejua_2025_01_27__19_48_06_HDR0_3_Mothbot_yolo11m_4500_imgsz1600_b1_2024-01-18.pt.jpg
doi.org10.15468dl.6nxkw6.csv,Animalia,Arthropoda,Insecta,Coleoptera,,,,,1470,,Coleoptera,Coleoptera,Cerro_Hoya_Expedition_Hoya_606m_grisMejua_2025-01-26,grisMejua_2025_01_27__19_48_06_HDR0_4_Mothbot_yolo11m_4500_imgsz1600_b1_2024-01-18.pt.jpg,HS,Mothbot_yolo11m_4500_imgsz1600_b1_2024-01-18.pt,0.43174538016319275,,grisMejua,Cerro_Hoya_Expedition/Hoya_606m_grisMejua_2025-01-26/2025-01-27/patches/grisMejua_2025_01_27__19_48_06_HDR0_4_Mothbot_yolo11m_4500_imgsz1600_b1_2024-01-18.pt.jpg,ORDER_Coleoptera,2025-01-27,19:48:06,,2025_01_27__19_48_06,MachineObservation,Cerro_Hoya_Expedition_Hoya_606m_grisMejua_2025-01-26_2025-01-27,Cerro_Hoya_Expedition_Hoya_606m_grisMejua_2025-01-26,grisMejua_2025_01_27__19_48_06_HDR0.jpg,grisMejua_2025_01_27__19_48_06_HDR0_4_Mothbot_yolo11m_4500_imgsz1600_b1_2024-01-18.pt.jpg
doi.org10.15468dl.6nxkw6.csv,Animalia,Arthropoda,Insecta,Hemiptera,,,,,809,,Hemiptera,Hemiptera,Cerro_Hoya_Expedition_Hoya_606m_grisMejua_2025-01-26,grisMejua_2025_01_27__19_48_06_HDR0_5_Mothbot_yolo11m_4500_imgsz1600_b1_2024-01-18.pt.jpg,HS,Mothbot_yolo11m_4500_imgsz1600_b1_2024-01-18.pt,0.4063578248023987,,grisMejua,Cerro_Hoya_Expedition/Hoya_606m_grisMejua_2025-01-26/2025-01-27/patches/grisMejua_2025_01_27__19_48_06_HDR0_5_Mothbot_yolo11m_4500_imgsz1600_b1_2024-01-18.pt.jpg,ORDER_Hemiptera,2025-01-27,19:48:06,,2025_01_27__19_48_06,MachineObservation,Cerro_Hoya_Expedition_Hoya_606m_grisMejua_2025-01-26_2025-01-27,Cerro_Hoya_Expedition_Hoya_606m_grisMejua_2025-01-26,grisMejua_2025_01_27__19_48_06_HDR0.jpg,grisMejua_2025_01_27__19_48_06_HDR0_5_Mothbot_yolo11m_4500_imgsz1600_b1_2024-01-18.pt.jpg
doi.org10.15468dl.6nxkw6.csv,Animalia,Arthropoda,Insecta,Coleoptera,,,,,1470,,Coleoptera,Coleoptera,Cerro_Hoya_Expedition_Hoya_606m_grisMejua_2025-01-26,grisMejua_2025_01_27__19_48_06_HDR0_6_Mothbot_yolo11m_4500_imgsz1600_b1_2024-01-18.pt.jpg,HS,Mothbot_yolo11m_4500_imgsz1600_b1_2024-01-18.pt,0.39396682381629944,,grisMejua,Cerro_Hoya_Expedition/Hoya_606m_grisMejua_2025-01-26/2025-01-27/patches/grisMejua_2025_01_27__19_48_06_HDR0_6_Mothbot_yolo11m_4500_imgsz1600_b1_2024-01-18.pt.jpg,ORDER_Coleoptera,2025-01-27,19:48:06,,2025_01_27__19_48_06,MachineObservation,Cerro_Hoya_Expedition_Hoya_606m_grisMejua_2025-01-26_2025-01-27,Cerro_Hoya_Expedition_Hoya_606m_grisMejua_2025-01-26,grisMejua_2025_01_27__19_48_06_HDR0.jpg,grisMejua_2025_01_27__19_48_06_HDR0_6_Mothbot_yolo11m_4500_imgsz1600_b1_2024-01-18.pt.jpg
doi.org10.15468dl.6nxkw6.csv,Animalia,Arthropoda,Insecta,Hemiptera,,,,,809,,Hemiptera,Hemiptera,Cerro_Hoya_Expedition_Hoya_606m_grisMejua_2025-01-26,grisMejua_2025_01_27__19_48_06_HDR0_7_Mothbot_yolo11m_4500_imgsz1600_b1_2024-01-18.pt.jpg,HS,Mothbot_yolo11m_4500_imgsz1600_b1_2024-01-18.pt,0.3697759211063385,,grisMejua,Cerro_Hoya_Expedition/Hoya_606m_grisMejua_2025-01-26/2025-01-27/patches/grisMejua_2025_01_27__19_48_06_HDR0_7_Mothbot_yolo11m_4500_imgsz1600_b1_2024-01-18.pt.jpg,ORDER_Hemiptera,2025-01-27,19:48:06,,2025_01_27__19_48_06,MachineObservation,Cerro_Hoya_Expedition_Hoya_606m_grisMejua_2025-01-26_2025-01-27,Cerro_Hoya_Expedition_Hoya_606m_grisMejua_2025-01-26,grisMejua_2025_01_27__19_48_06_HDR0.jpg,grisMejua_2025_01_27__19_48_06_HDR0_7_Mothbot_yolo11m_4500_imgsz1600_b1_2024-01-18.pt.jpg
doi.org10.15468dl.6nxkw6.csv,Animalia,Arthropoda,Insecta,Coleoptera,,,,,1470,,Coleoptera,Coleoptera,Cerro_Hoya_Expedition_Hoya_606m_grisMejua_2025-01-26,grisMejua_2025_01_27__19_48_06_HDR0_8_Mothbot_yolo11m_4500_imgsz1600_b1_2024-01-18.pt.jpg,HS,Mothbot_yolo11m_4500_imgsz1600_b1_2024-01-18.pt,0.35624149441719055,,grisMejua,Cerro_Hoya_Expedition/Hoya_606m_grisMejua_2025-01-26/2025-01-27/patches/grisMejua_2025_01_27__19_48_06_HDR0_8_Mothbot_yolo11m_4500_imgsz1600_b1_2024-01-18.pt.jpg,ORDER_Coleoptera,2025-01-27,19:48:06,,2025_01_27__19_48_06,MachineObservation,Cerro_Hoya_Expedition_Hoya_606m_grisMejua_2025-01-26_2025-01-27,Cerro_Hoya_Expedition_Hoya_606m_grisMejua_2025-01-26,grisMejua_2025_01_27__19_48_06_HDR0.jpg,grisMejua_2025_01_27__19_48_06_HDR0_8_Mothbot_yolo11m_4500_imgsz1600_b1_2024-01-18.pt.jpg
doi.org10.15468dl.6nxkw6.csv,Animalia,Arthropoda,Insecta,Hemiptera,,,,,809,,Hemiptera,Hemiptera,Cerro_Hoya_Expedition_Hoya_606m_grisMejua_2025-01-26,grisMejua_2025_01_27__19_48_06_HDR0_9_Mothbot_yolo11m_4500_imgsz1600_b1_2024-01-18.pt.jpg,HS,Mothbot_yolo11m_4500_imgsz1600_b1_2024-01-18.pt,0.3515475392341614,,grisMejua,Cerro_Hoya_Expedition/Hoya_606m_grisMejua_2025-01-26/2025-01-27/patches/grisMejua_2025_01_27__19_48_06_HDR0_9_Mothbot_yolo11m_4500_imgsz1600_b1_2024-01-18.pt.jpg,ORDER_Hemiptera,2025-01-27,19:48:06,,2025_01_27__19_48_06,MachineObservation,Cerro_Hoya_Expedition_Hoya_606m_grisMejua_2025-01-26_2025-01-27,Cerro_Hoya_Expedition_Hoya_606m_grisMejua_2025-01-26,grisMejua_2025_01_27__19_48_06_HDR0.jpg,grisMejua_2025_01_27__19_48_06_HDR0_9_Mothbot_yolo11m_4500_imgsz1600_b1_2024-01-18.pt.jpg
doi.org10.15468dl.6nxkw6.csv,Animalia,Arthropoda,Insecta,Coleoptera,,,,,1470,,Coleoptera,Coleoptera,Cerro_Hoya_Expedition_Hoya_606m_grisMejua_2025-01-26,grisMejua_2025_01_27__19_48_06_HDR0_10_Mothbot_yolo11m_4500_imgsz1600_b1_2024-01-18.pt.jpg,HS,Mothbot_yolo11m_4500_imgsz1600_b1_2024-01-18.pt,0.32876837253570557,,grisMejua,Cerro_Hoya_Expedition/Hoya_606m_grisMejua_2025-01-26/2025-01-27/patches/grisMejua_2025_01_27__19_48_06_HDR0_10_Mothbot_yolo11m_4500_imgsz1600_b1_2024-01-18.pt.jpg,ORDER_Coleoptera,2025-01-27,19:48:06,,2025_01_27__19_48_06,MachineObservation,Cerro_Hoya_Expedition_Hoya_606m_grisMejua_2025-01-26_2025-01-27,Cerro_Hoya_Expedition_Hoya_606m_grisMejua_2025-01-26,grisMejua_2025_01_27__19_48_06_HDR0.jpg,grisMejua_2025_01_27__19_48_06_HDR0_10_Mothbot_yolo11m_4500_imgsz1600_b1_2024-01-18.pt.jpg
doi.org10.15468dl.6nxkw6.csv,Animalia,Arthropoda,Insecta,Coleoptera,,,,,1470,,Coleoptera,Coleoptera,Cerro_Hoya_Expedition_Hoya_606m_grisMejua_2025-01-26,grisMejua_2025_01_27__19_48_06_HDR0_11_Mothbot_yolo11m_4500_imgsz1600_b1_2024-01-18.pt.jpg,HS,Mothbot_yolo11m_4500_imgsz1600_b1_2024-01-18.pt,0.29847320914268494,,grisMejua,Cerro_Hoya_Expedition/Hoya_606m_grisMejua_2025-01-26/2025-01-27/patches/grisMejua_2025_01_27__19_48_06_HDR0_11_Mothbot_yolo11m_4500_imgsz1600_b1_2024-01-18.pt.jpg,ORDER_Coleoptera,2025-01-27,19:48:06,,2025_01_27__19_48_06,MachineObservation,Cerro_Hoya_Expedition_Hoya_606m_grisMejua_2025-01-26_2025-01-27,Cerro_Hoya_Expedition_Hoya_606m_grisMejua_2025-01-26,grisMejua_2025_01_27__19_48_06_HDR0.jpg,grisMejua_2025_01_27__19_48_06_HDR0_11_Mothbot_yolo11m_4500_imgsz1600_b1_2024-01-18.pt.jpg
doi.org10.15468dl.6nxkw6.csv,Animalia,Arthropoda,Insecta,Coleoptera,,,,,1470,,Coleoptera,Coleoptera,Cerro_Hoya_Expedition_Hoya_606m_grisMejua_2025-01-26,grisMejua_2025_01_27__19_48_06_HDR0_12_Mothbot_yolo11m_4500_imgsz1600_b1_2024-01-18.pt.jpg,HS,Mothbot_yolo11m_4500_imgsz1600_b1_2024-01-18.pt,0.28319135308265686,,grisMejua,Cerro_Hoya_Expedition/Hoya_606m_grisMejua_2025-01-26/2025-01-27/patches/grisMejua_2025_01_27__19_48_06_HDR0_12_Mothbot_yolo11m_4500_imgsz1600_b1_2024-01-18.pt.jpg,ORDER_Coleoptera,2025-01-27,19:48:06,,2025_01_27__19_48_06,MachineObservation,Cerro_Hoya_Expedition_Hoya_606m_grisMejua_2025-01-26_2025-01-27,Cerro_Hoya_Expedition_Hoya_606m_grisMejua_2025-01-26,grisMejua_2025_01_27__19_48_06_HDR0.jpg,grisMejua_2025_01_27__19_48_06_HDR0_12_Mothbot_yolo11m_4500_imgsz1600_b1_2024-01-18.pt.jpg
doi.org10.15468dl.6nxkw6.csv,Animalia,Arthropoda,Insecta,Coleoptera,,,,,1470,,Coleoptera,Coleoptera,Cerro_Hoya_Expedition_Hoya_606m_grisMejua_2025-01-26,grisMejua_2025_01_27__19_48_06_HDR0_13_Mothbot_yolo11m_4500_imgsz1600_b1_2024-01-18.pt.jpg,HS,Mothbot_yolo11m_4500_imgsz1600_b1_2024-01-18.pt,0.2723369300365448,,grisMejua,Cerro_Hoya_Expedition/Hoya_606m_grisMejua_2025-01-26/2025-01-27/patches/grisMejua_2025_01_27__19_48_06_HDR0_13_Mothbot_yolo11m_4500_imgsz1600_b1_2024-01-18.pt.jpg,ORDER_Coleoptera,2025-01-27,19:48:06,,2025_01_27__19_48_06,MachineObservation,Cerro_Hoya_Expedition_Hoya_606m_grisMejua_2025-01-26_2025-01-27,Cerro_Hoya_Expedition_Hoya_606m_grisMejua_2025-01-26,grisMejua_2025_01_27__19_48_06_HDR0.jpg,grisMejua_2025_01_27__19_48_06_HDR0_13_Mothbot_yolo11m_4500_imgsz1600_b1_2024-01-18.pt.jpg
doi.org10.15468dl.6nxkw6.csv,Animalia,Arthropoda,Insecta,Hemiptera,,,,,809,,Hemiptera,Hemiptera,Cerro_Hoya_Expedition_Hoya_606m_grisMejua_2025-01-26,grisMejua_2025_01_27__19_49_06_HDR0_0_Mothbot_yolo11m_4500_imgsz1600_b1_2024-01-18.pt.jpg,HS,Mothbot_yolo11m_4500_imgsz1600_b1_2024-01-18.pt,0.7510010600090027,,grisMejua,Cerro_Hoya_Expedition/Hoya_606m_grisMejua_2025-01-26/2025-01-27/patches/grisMejua_2025_01_27__19_49_06_HDR0_0_Mothbot_yolo11m_4500_imgsz1600_b1_2024-01-18.pt.jpg,ORDER_Hemiptera,2025-01-27,19:49:06,,2025_01_27__19_49_06,MachineObservation,Cerro_Hoya_Expedition_Hoya_606m_grisMejua_2025-01-26_2025-01-27,Cerro_Hoya_Expedition_Hoya_606m_grisMejua_2025-01-26,grisMejua_2025_01_27__19_49_06_HDR0.jpg,grisMejua_2025_01_27__19_49_06_HDR0_0_Mothbot_yolo11m_4500_imgsz1600_b1_2024-01-18.pt.jpg
doi.org10.15468dl.6nxkw6.csv,Animalia,Arthropoda,Insecta,Lepidoptera,,,,,797,,Lepidoptera,Lepidoptera,Cerro_Hoya_Expedition_Hoya_606m_grisMejua_2025-01-26,grisMejua_2025_01_27__19_49_06_HDR0_1_Mothbot_yolo11m_4500_imgsz1600_b1_2024-01-18.pt.jpg,HS,Mothbot_yolo11m_4500_imgsz1600_b1_2024-01-18.pt,0.7391112446784973,,grisMejua,Cerro_Hoya_Expedition/Hoya_606m_grisMejua_2025-01-26/2025-01-27/patches/grisMejua_2025_01_27__19_49_06_HDR0_1_Mothbot_yolo11m_4500_imgsz1600_b1_2024-01-18.pt.jpg,ORDER_Lepidoptera,2025-01-27,19:49:06,,2025_01_27__19_49_06,MachineObservation,Cerro_Hoya_Expedition_Hoya_606m_grisMejua_2025-01-26_2025-01-27,Cerro_Hoya_Expedition_Hoya_606m_grisMejua_2025-01-26,grisMejua_2025_01_27__19_49_06_HDR0.jpg,grisMejua_2025_01_27__19_49_06_HDR0_1_Mothbot_yolo11m_4500_imgsz1600_b1_2024-01-18.pt.jpg
doi.org10.15468dl.6nxkw6.csv,Animalia,Arthropoda,Insecta,Hemiptera,,,,,809,,Hemiptera,Hemiptera,Cerro_Hoya_Expedition_Hoya_606m_grisMejua_2025-01-26,grisMejua_2025_01_27__19_49_06_HDR0_2_Mothbot_yolo11m_4500_imgsz1600_b1_2024-01-18.pt.jpg,HS,Mothbot_yolo11m_4500_imgsz1600_b1_2024-01-18.pt,0.6480742692947388,,grisMejua,Cerro_Hoya_Expedition/Hoya_606m_grisMejua_2025-01-26/2025-01-27/patches/grisMejua_2025_01_27__19_49_06_HDR0_2_Mothbot_yolo11m_4500_imgsz1600_b1_2024-01-18.pt.jpg,ORDER_Hemiptera,2025-01-27,19:49:06,,2025_01_27__19_49_06,MachineObservation,Cerro_Hoya_Expedition_Hoya_606m_grisMejua_2025-01-26_2025-01-27,Cerro_Hoya_Expedition_Hoya_606m_grisMejua_2025-01-26,grisMejua_2025_01_27__19_49_06_HDR0.jpg,grisMejua_2025_01_27__19_49_06_HDR0_2_Mothbot_yolo11m_4500_imgsz1600_b1_2024-01-18.pt.jpg
doi.org10.15468dl.6nxkw6.csv,Animalia,Arthropoda,Insecta,Coleoptera,,,,,1470,,Coleoptera,Coleoptera,Cerro_Hoya_Expedition_Hoya_606m_grisMejua_2025-01-26,grisMejua_2025_01_27__19_49_06_HDR0_3_Mothbot_yolo11m_4500_imgsz1600_b1_2024-01-18.pt.jpg,HS,Mothbot_yolo11m_4500_imgsz1600_b1_2024-01-18.pt,0.5441081523895264,,grisMejua,Cerro_Hoya_Expedition/Hoya_606m_grisMejua_2025-01-26/2025-01-27/patches/grisMejua_2025_01_27__19_49_06_HDR0_3_Mothbot_yolo11m_4500_imgsz1600_b1_2024-01-18.pt.jpg,ORDER_Coleoptera,2025-01-27,19:49:06,,2025_01_27__19_49_06,MachineObservation,Cerro_Hoya_Expedition_Hoya_606m_grisMejua_2025-01-26_2025-01-27,Cerro_Hoya_Expedition_Hoya_606m_grisMejua_2025-01-26,grisMejua_2025_01_27__19_49_06_HDR0.jpg,grisMejua_2025_01_27__19_49_06_HDR0_3_Mothbot_yolo11m_4500_imgsz1600_b1_2024-01-18.pt.jpg
doi.org10.15468dl.6nxkw6.csv,Animalia,Arthropoda,Insecta,Coleoptera,,,,,1470,,Coleoptera,Coleoptera,Cerro_Hoya_Expedition_Hoya_606m_grisMejua_2025-01-26,grisMejua_2025_01_27__19_49_06_HDR0_4_Mothbot_yolo11m_4500_imgsz1600_b1_2024-01-18.pt.jpg,HS,Mothbot_yolo11m_4500_imgsz1600_b1_2024-01-18.pt,0.4962221086025238,,grisMejua,Cerro_Hoya_Expedition/Hoya_606m_grisMejua_2025-01-26/2025-01-27/patches/grisMejua_2025_01_27__19_49_06_HDR0_4_Mothbot_yolo11m_4500_imgsz1600_b1_2024-01-18.pt.jpg,ORDER_Hemiptera,2025-01-27,19:49:06,,2025_01_27__19_49_06,MachineObservation,Cerro_Hoya_Expedition_Hoya_606m_grisMejua_2025-01-26_2025-01-27,Cerro_Hoya_Expedition_Hoya_606m_grisMejua_2025-01-26,grisMejua_2025_01_27__19_49_06_HDR0.jpg,grisMejua_2025_01_27__19_49_06_HDR0_4_Mothbot_yolo11m_4500_imgsz1600_b1_2024-01-18.pt.jpg
doi.org10.15468dl.6nxkw6.csv,Animalia,Arthropoda,Insecta,Hemiptera,,,,,809,,Hemiptera,Hemiptera,Cerro_Hoya_Expedition_Hoya_606m_grisMejua_2025-01-26,grisMejua_2025_01_27__19_49_06_HDR0_5_Mothbot_yolo11m_4500_imgsz1600_b1_2024-01-18.pt.jpg,HS,Mothbot_yolo11m_4500_imgsz1600_b1_2024-01-18.pt,0.47782257199287415,,grisMejua,Cerro_Hoya_Expedition/Hoya_606m_grisMejua_2025-01-26/2025-01-27/patches/grisMejua_2025_01_27__19_49_06_HDR0_5_Mothbot_yolo11m_4500_imgsz1600_b1_2024-01-18.pt.jpg,ORDER_Diptera,2025-01-27,19:49:06,,2025_01_27__19_49_06,MachineObservation,Cerro_Hoya_Expedition_Hoya_606m_grisMejua_2025-01-26_2025-01-27,Cerro_Hoya_Expedition_Hoya_606m_grisMejua_2025-01-26,grisMejua_2025_01_27__19_49_06_HDR0.jpg,grisMejua_2025_01_27__19_49_06_HDR0_5_Mothbot_yolo11m_4500_imgsz1600_b1_2024-01-18.pt.jpg
doi.org10.15468dl.6nxkw6.csv,Animalia,Arthropoda,Insecta,Hemiptera,,,,,809,,Hemiptera,Hemiptera,Cerro_Hoya_Expedition_Hoya_606m_grisMejua_2025-01-26,grisMejua_2025_01_27__19_49_06_HDR0_6_Mothbot_yolo11m_4500_imgsz1600_b1_2024-01-18.pt.jpg,HS,Mothbot_yolo11m_4500_imgsz1600_b1_2024-01-18.pt,0.3878028392791748,,grisMejua,Cerro_Hoya_Expedition/Hoya_606m_grisMejua_2025-01-26/2025-01-27/patches/grisMejua_2025_01_27__19_49_06_HDR0_6_Mothbot_yolo11m_4500_imgsz1600_b1_2024-01-18.pt.jpg,ORDER_Hemiptera,2025-01-27,19:49:06,,2025_01_27__19_49_06,MachineObservation,Cerro_Hoya_Expedition_Hoya_606m_grisMejua_2025-01-26_2025-01-27,Cerro_Hoya_Expedition_Hoya_606m_grisMejua_2025-01-26,grisMejua_2025_01_27__19_49_06_HDR0.jpg,grisMejua_2025_01_27__19_49_06_HDR0_6_Mothbot_yolo11m_4500_imgsz1600_b1_2024-01-18.pt.jpg
doi.org10.15468dl.6nxkw6.csv,Animalia,Arthropoda,Insecta,Coleoptera,,,,,1470,,Coleoptera,Coleoptera,Cerro_Hoya_Expedition_Hoya_606m_grisMejua_2025-01-26,grisMejua_2025_01_27__19_49_06_HDR0_7_Mothbot_yolo11m_4500_imgsz1600_b1_2024-01-18.pt.jpg,HS,Mothbot_yolo11m_4500_imgsz1600_b1_2024-01-18.pt,0.3738342821598053,,grisMejua,Cerro_Hoya_Expedition/Hoya_606m_grisMejua_2025-01-26/2025-01-27/patches/grisMejua_2025_01_27__19_49_06_HDR0_7_Mothbot_yolo11m_4500_imgsz1600_b1_2024-01-18.pt.jpg,ORDER_Coleoptera,2025-01-27,19:49:06,,2025_01_27__19_49_06,MachineObservation,Cerro_Hoya_Expedition_Hoya_606m_grisMejua_2025-01-26_2025-01-27,Cerro_Hoya_Expedition_Hoya_606m_grisMejua_2025-01-26,grisMejua_2025_01_27__19_49_06_HDR0.jpg,grisMejua_2025_01_27__19_49_06_HDR0_7_Mothbot_yolo11m_4500_imgsz1600_b1_2024-01-18.pt.jpg
doi.org10.15468dl.6nxkw6.csv,Animalia,Arthropoda,Insecta,Coleoptera,,,,,1470,,Coleoptera,Coleoptera,Cerro_Hoya_Expedition_Hoya_606m_grisMejua_2025-01-26,grisMejua_2025_01_27__19_49_06_HDR0_8_Mothbot_yolo11m_4500_imgsz1600_b1_2024-01-18.pt.jpg,HS,Mothbot_yolo11m_4500_imgsz1600_b1_2024-01-18.pt,0.3606840670108795,,grisMejua,Cerro_Hoya_Expedition/Hoya_606m_grisMejua_2025-01-26/2025-01-27/patches/grisMejua_2025_01_27__19_49_06_HDR0_8_Mothbot_yolo11m_4500_imgsz1600_b1_2024-01-18.pt.jpg,ORDER_Coleoptera,2025-01-27,19:49:06,,2025_01_27__19_49_06,MachineObservation,Cerro_Hoya_Expedition_Hoya_606m_grisMejua_2025-01-26_2025-01-27,Cerro_Hoya_Expedition_Hoya_606m_grisMejua_2025-01-26,grisMejua_2025_01_27__19_49_06_HDR0.jpg,grisMejua_2025_01_27__19_49_06_HDR0_8_Mothbot_yolo11m_4500_imgsz1600_b1_2024-01-18.pt.jpg
doi.org10.15468dl.6nxkw6.csv,Animalia,Arthropoda,Insecta,Coleoptera,,,,,1470,,Coleoptera,Coleoptera,Cerro_Hoya_Expedition_Hoya_606m_grisMejua_2025-01-26,grisMejua_2025_01_27__19_49_06_HDR0_9_Mothbot_yolo11m_4500_imgsz1600_b1_2024-01-18.pt.jpg,HS,Mothbot_yolo11m_4500_imgsz1600_b1_2024-01-18.pt,0.3152414858341217,,grisMejua,Cerro_Hoya_Expedition/Hoya_606m_grisMejua_2025-01-26/2025-01-27/patches/grisMejua_2025_01_27__19_49_06_HDR0_9_Mothbot_yolo11m_4500_imgsz1600_b1_2024-01-18.pt.jpg,ORDER_Coleoptera,2025-01-27,19:49:06,,2025_01_27__19_49_06,MachineObservation,Cerro_Hoya_Expedition_Hoya_606m_grisMejua_2025-01-26_2025-01-27,Cerro_Hoya_Expedition_Hoya_606m_grisMejua_2025-01-26,grisMejua_2025_01_27__19_49_06_HDR0.jpg,grisMejua_2025_01_27__19_49_06_HDR0_9_Mothbot_yolo11m_4500_imgsz1600_b1_2024-01-18.pt.jpg
doi.org10.15468dl.6nxkw6.csv,Animalia,Arthropoda,Insecta,Diptera,,,,,811,,Diptera,Diptera,Cerro_Hoya_Expedition_Hoya_606m_grisMejua_2025-01-26,grisMejua_2025_01_27__19_49_06_HDR0_10_Mothbot_yolo11m_4500_imgsz1600_b1_2024-01-18.pt.jpg,HS,Mothbot_yolo11m_4500_imgsz1600_b1_2024-01-18.pt,0.31176522374153137,,grisMejua,Cerro_Hoya_Expedition/Hoya_606m_grisMejua_2025-01-26/2025-01-27/patches/grisMejua_2025_01_27__19_49_06_HDR0_10_Mothbot_yolo11m_4500_imgsz1600_b1_2024-01-18.pt.jpg,ORDER_Diptera,2025-01-27,19:49:06,,2025_01_27__19_49_06,MachineObservation,Cerro_Hoya_Expedition_Hoya_606m_grisMejua_2025-01-26_2025-01-27,Cerro_Hoya_Expedition_Hoya_606m_grisMejua_2025-01-26,grisMejua_2025_01_27__19_49_06_HDR0.jpg,grisMejua_2025_01_27__19_49_06_HDR0_10_Mothbot_yolo11m_4500_imgsz1600_b1_2024-01-18.pt.jpg
doi.org10.15468dl.6nxkw6.csv,Animalia,Arthropoda,Insecta,Coleoptera,,,,,1470,,Coleoptera,Coleoptera,Cerro_Hoya_Expedition_Hoya_606m_grisMejua_2025-01-26,grisMejua_2025_01_27__19_49_06_HDR0_11_Mothbot_yolo11m_4500_imgsz1600_b1_2024-01-18.pt.jpg,HS,Mothbot_yolo11m_4500_imgsz1600_b1_2024-01-18.pt,0.2737235724925995,,grisMejua,Cerro_Hoya_Expedition/Hoya_606m_grisMejua_2025-01-26/2025-01-27/patches/grisMejua_2025_01_27__19_49_06_HDR0_11_Mothbot_yolo11m_4500_imgsz1600_b1_2024-01-18.pt.jpg,ORDER_Coleoptera,2025-01-27,19:49:06,,2025_01_27__19_49_06,MachineObservation,Cerro_Hoya_Expedition_Hoya_606m_grisMejua_2025-01-26_2025-01-27,Cerro_Hoya_Expedition_Hoya_606m_grisMejua_2025-01-26,grisMejua_2025_01_27__19_49_06_HDR0.jpg,grisMejua_2025_01_27__19_49_06_HDR0_11_Mothbot_yolo11m_4500_imgsz1600_b1_2024-01-18.pt.jpg
doi.org10.15468dl.6nxkw6.csv,Animalia,Arthropoda,Insecta,Lepidoptera,,,,,797,,Lepidoptera,Lepidoptera,Cerro_Hoya_Expedition_Hoya_606m_grisMejua_2025-01-26,grisMejua_2025_01_27__19_50_23_HDR0_0_Mothbot_yolo11m_4500_imgsz1600_b1_2024-01-18.pt.jpg,HS,Mothbot_yolo11m_4500_imgsz1600_b1_2024-01-18.pt,0.847939670085907,,grisMejua,Cerro_Hoya_Expedition/Hoya_606m_grisMejua_2025-01-26/2025-01-27/patches/grisMejua_2025_01_27__19_50_23_HDR0_0_Mothbot_yolo11m_4500_imgsz1600_b1_2024-01-18.pt.jpg,ORDER_Lepidoptera,2025-01-27,19:50:23,,2025_01_27__19_50_23,MachineObservation,Cerro_Hoya_Expedition_Hoya_606m_grisMejua_2025-01-26_2025-01-27,Cerro_Hoya_Expedition_Hoya_606m_grisMejua_2025-01-26,grisMejua_2025_01_27__19_50_23_HDR0.jpg,grisMejua_2025_01_27__19_50_23_HDR0_0_Mothbot_yolo11m_4500_imgsz1600_b1_2024-01-18.pt.jpg
doi.org10.15468dl.6nxkw6.csv,Animalia,Arthropoda,Insecta,Lepidoptera,,,,,797,,Lepidoptera,Lepidoptera,Cerro_Hoya_Expedition_Hoya_606m_grisMejua_2025-01-26,grisMejua_2025_01_27__19_50_23_HDR0_1_Mothbot_yolo11m_4500_imgsz1600_b1_2024-01-18.pt.jpg,HS,Mothbot_yolo11m_4500_imgsz1600_b1_2024-01-18.pt,0.7399119734764099,,grisMejua,Cerro_Hoya_Expedition/Hoya_606m_grisMejua_2025-01-26/2025-01-27/patches/grisMejua_2025_01_27__19_50_23_HDR0_1_Mothbot_yolo11m_4500_imgsz1600_b1_2024-01-18.pt.jpg,ORDER_Lepidoptera,2025-01-27,19:50:23,,2025_01_27__19_50_23,MachineObservation,Cerro_Hoya_Expedition_Hoya_606m_grisMejua_2025-01-26_2025-01-27,Cerro_Hoya_Expedition_Hoya_606m_grisMejua_2025-01-26,grisMejua_2025_01_27__19_50_23_HDR0.jpg,grisMejua_2025_01_27__19_50_23_HDR0_1_Mothbot_yolo11m_4500_imgsz1600_b1_2024-01-18.pt.jpg
doi.org10.15468dl.6nxkw6.csv,Animalia,Arthropoda,Insecta,Lepidoptera,,,,,797,,Lepidoptera,Lepidoptera,Cerro_Hoya_Expedition_Hoya_606m_grisMejua_2025-01-26,grisMejua_2025_01_27__19_50_23_HDR0_2_Mothbot_yolo11m_4500_imgsz1600_b1_2024-01-18.pt.jpg,HS,Mothbot_yolo11m_4500_imgsz1600_b1_2024-01-18.pt,0.6336659789085388,,grisMejua,Cerro_Hoya_Expedition/Hoya_606m_grisMejua_2025-01-26/2025-01-27/patches/grisMejua_2025_01_27__19_50_23_HDR0_2_Mothbot_yolo11m_4500_imgsz1600_b1_2024-01-18.pt.jpg,ORDER_Lepidoptera,2025-01-27,19:50:23,,2025_01_27__19_50_23,MachineObservation,Cerro_Hoya_Expedition_Hoya_606m_grisMejua_2025-01-26_2025-01-27,Cerro_Hoya_Expedition_Hoya_606m_grisMejua_2025-01-26,grisMejua_2025_01_27__19_50_23_HDR0.jpg,grisMejua_2025_01_27__19_50_23_HDR0_2_Mothbot_yolo11m_4500_imgsz1600_b1_2024-01-18.pt.jpg
doi.org10.15468dl.6nxkw6.csv,Animalia,Arthropoda,Insecta,Coleoptera,,,,,1470,,Coleoptera,Coleoptera,Cerro_Hoya_Expedition_Hoya_606m_grisMejua_2025-01-26,grisMejua_2025_01_27__19_50_23_HDR0_3_Mothbot_yolo11m_4500_imgsz1600_b1_2024-01-18.pt.jpg,HS,Mothbot_yolo11m_4500_imgsz1600_b1_2024-01-18.pt,0.577566921710968,,grisMejua,Cerro_Hoya_Expedition/Hoya_606m_grisMejua_2025-01-26/2025-01-27/patches/grisMejua_2025_01_27__19_50_23_HDR0_3_Mothbot_yolo11m_4500_imgsz1600_b1_2024-01-18.pt.jpg,ORDER_Hemiptera,2025-01-27,19:50:23,,2025_01_27__19_50_23,MachineObservation,Cerro_Hoya_Expedition_Hoya_606m_grisMejua_2025-01-26_2025-01-27,Cerro_Hoya_Expedition_Hoya_606m_grisMejua_2025-01-26,grisMejua_2025_01_27__19_50_23_HDR0.jpg,grisMejua_2025_01_27__19_50_23_HDR0_3_Mothbot_yolo11m_4500_imgsz1600_b1_2024-01-18.pt.jpg
doi.org10.15468dl.6nxkw6.csv,Animalia,Arthropoda,Insecta,Lepidoptera,,,,,797,,Lepidoptera,Lepidoptera,Cerro_Hoya_Expedition_Hoya_606m_grisMejua_2025-01-26,grisMejua_2025_01_27__19_50_23_HDR0_4_Mothbot_yolo11m_4500_imgsz1600_b1_2024-01-18.pt.jpg,HS,Mothbot_yolo11m_4500_imgsz1600_b1_2024-01-18.pt,0.5556249022483826,,grisMejua,Cerro_Hoya_Expedition/Hoya_606m_grisMejua_2025-01-26/2025-01-27/patches/grisMejua_2025_01_27__19_50_23_HDR0_4_Mothbot_yolo11m_4500_imgsz1600_b1_2024-01-18.pt.jpg,ORDER_Lepidoptera,2025-01-27,19:50:23,,2025_01_27__19_50_23,MachineObservation,Cerro_Hoya_Expedition_Hoya_606m_grisMejua_2025-01-26_2025-01-27,Cerro_Hoya_Expedition_Hoya_606m_grisMejua_2025-01-26,grisMejua_2025_01_27__19_50_23_HDR0.jpg,grisMejua_2025_01_27__19_50_23_HDR0_4_Mothbot_yolo11m_4500_imgsz1600_b1_2024-01-18.pt.jpg
doi.org10.15468dl.6nxkw6.csv,Animalia,Arthropoda,Insecta,Hemiptera,,,,,809,,Hemiptera,Hemiptera,Cerro_Hoya_Expedition_Hoya_606m_grisMejua_2025-01-26,grisMejua_2025_01_27__19_50_23_HDR0_5_Mothbot_yolo11m_4500_imgsz1600_b1_2024-01-18.pt.jpg,HS,Mothbot_yolo11m_4500_imgsz1600_b1_2024-01-18.pt,0.54654860496521,,grisMejua,Cerro_Hoya_Expedition/Hoya_606m_grisMejua_2025-01-26/2025-01-27/patches/grisMejua_2025_01_27__19_50_23_HDR0_5_Mothbot_yolo11m_4500_imgsz1600_b1_2024-01-18.pt.jpg,ORDER_Coleoptera,2025-01-27,19:50:23,,2025_01_27__19_50_23,MachineObservation,Cerro_Hoya_Expedition_Hoya_606m_grisMejua_2025-01-26_2025-01-27,Cerro_Hoya_Expedition_Hoya_606m_grisMejua_2025-01-26,grisMejua_2025_01_27__19_50_23_HDR0.jpg,grisMejua_2025_01_27__19_50_23_HDR0_5_Mothbot_yolo11m_4500_imgsz1600_b1_2024-01-18.pt.jpg
doi.org10.15468dl.6nxkw6.csv,Animalia,Arthropoda,Insecta,Hemiptera,,,,,809,,Hemiptera,Hemiptera,Cerro_Hoya_Expedition_Hoya_606m_grisMejua_2025-01-26,grisMejua_2025_01_27__19_50_23_HDR0_6_Mothbot_yolo11m_4500_imgsz1600_b1_2024-01-18.pt.jpg,HS,Mothbot_yolo11m_4500_imgsz1600_b1_2024-01-18.pt,0.5415185689926147,,grisMejua,Cerro_Hoya_Expedition/Hoya_606m_grisMejua_2025-01-26/2025-01-27/patches/grisMejua_2025_01_27__19_50_23_HDR0_6_Mothbot_yolo11m_4500_imgsz1600_b1_2024-01-18.pt.jpg,ORDER_Hymenoptera,2025-01-27,19:50:23,,2025_01_27__19_50_23,MachineObservation,Cerro_Hoya_Expedition_Hoya_606m_grisMejua_2025-01-26_2025-01-27,Cerro_Hoya_Expedition_Hoya_606m_grisMejua_2025-01-26,grisMejua_2025_01_27__19_50_23_HDR0.jpg,grisMejua_2025_01_27__19_50_23_HDR0_6_Mothbot_yolo11m_4500_imgsz1600_b1_2024-01-18.pt.jpg
doi.org10.15468dl.6nxkw6.csv,Animalia,Arthropoda,Insecta,Coleoptera,,,,,1470,,Coleoptera,Coleoptera,Cerro_Hoya_Expedition_Hoya_606m_grisMejua_2025-01-26,grisMejua_2025_01_27__19_50_23_HDR0_7_Mothbot_yolo11m_4500_imgsz1600_b1_2024-01-18.pt.jpg,HS,Mothbot_yolo11m_4500_imgsz1600_b1_2024-01-18.pt,0.5213636159896851,,grisMejua,Cerro_Hoya_Expedition/Hoya_606m_grisMejua_2025-01-26/2025-01-27/patches/grisMejua_2025_01_27__19_50_23_HDR0_7_Mothbot_yolo11m_4500_imgsz1600_b1_2024-01-18.pt.jpg,ORDER_Coleoptera,2025-01-27,19:50:23,,2025_01_27__19_50_23,MachineObservation,Cerro_Hoya_Expedition_Hoya_606m_grisMejua_2025-01-26_2025-01-27,Cerro_Hoya_Expedition_Hoya_606m_grisMejua_2025-01-26,grisMejua_2025_01_27__19_50_23_HDR0.jpg,grisMejua_2025_01_27__19_50_23_HDR0_7_Mothbot_yolo11m_4500_imgsz1600_b1_2024-01-18.pt.jpg
doi.org10.15468dl.6nxkw6.csv,Animalia,Arthropoda,Insecta,Coleoptera,,,,,1470,,Coleoptera,Coleoptera,Cerro_Hoya_Expedition_Hoya_606m_grisMejua_2025-01-26,grisMejua_2025_01_27__19_50_23_HDR0_8_Mothbot_yolo11m_4500_imgsz1600_b1_2024-01-18.pt.jpg,HS,Mothbot_yolo11m_4500_imgsz1600_b1_2024-01-18.pt,0.47738057374954224,,grisMejua,Cerro_Hoya_Expedition/Hoya_606m_grisMejua_2025-01-26/2025-01-27/patches/grisMejua_2025_01_27__19_50_23_HDR0_8_Mothbot_yolo11m_4500_imgsz1600_b1_2024-01-18.pt.jpg,ORDER_Coleoptera,2025-01-27,19:50:23,,2025_01_27__19_50_23,MachineObservation,Cerro_Hoya_Expedition_Hoya_606m_grisMejua_2025-01-26_2025-01-27,Cerro_Hoya_Expedition_Hoya_606m_grisMejua_2025-01-26,grisMejua_2025_01_27__19_50_23_HDR0.jpg,grisMejua_2025_01_27__19_50_23_HDR0_8_Mothbot_yolo11m_4500_imgsz1600_b1_2024-01-18.pt.jpg
doi.org10.15468dl.6nxkw6.csv,Animalia,Arthropoda,Insecta,Diptera,,,,,811,,Diptera,Diptera,Cerro_Hoya_Expedition_Hoya_606m_grisMejua_2025-01-26,grisMejua_2025_01_27__19_50_23_HDR0_9_Mothbot_yolo11m_4500_imgsz1600_b1_2024-01-18.pt.jpg,HS,Mothbot_yolo11m_4500_imgsz1600_b1_2024-01-18.pt,0.4488481879234314,,grisMejua,Cerro_Hoya_Expedition/Hoya_606m_grisMejua_2025-01-26/2025-01-27/patches/grisMejua_2025_01_27__19_50_23_HDR0_9_Mothbot_yolo11m_4500_imgsz1600_b1_2024-01-18.pt.jpg,ORDER_Diptera,2025-01-27,19:50:23,,2025_01_27__19_50_23,MachineObservation,Cerro_Hoya_Expedition_Hoya_606m_grisMejua_2025-01-26_2025-01-27,Cerro_Hoya_Expedition_Hoya_606m_grisMejua_2025-01-26,grisMejua_2025_01_27__19_50_23_HDR0.jpg,grisMejua_2025_01_27__19_50_23_HDR0_9_Mothbot_yolo11m_4500_imgsz1600_b1_2024-01-18.pt.jpg
doi.org10.15468dl.6nxkw6.csv,Animalia,Arthropoda,Insecta,Coleoptera,,,,,1470,,Coleoptera,Coleoptera,Cerro_Hoya_Expedition_Hoya_606m_grisMejua_2025-01-26,grisMejua_2025_01_27__19_50_23_HDR0_10_Mothbot_yolo11m_4500_imgsz1600_b1_2024-01-18.pt.jpg,HS,Mothbot_yolo11m_4500_imgsz1600_b1_2024-01-18.pt,0.4419456720352173,,grisMejua,Cerro_Hoya_Expedition/Hoya_606m_grisMejua_2025-01-26/2025-01-27/patches/grisMejua_2025_01_27__19_50_23_HDR0_10_Mothbot_yolo11m_4500_imgsz1600_b1_2024-01-18.pt.jpg,ORDER_Coleoptera,2025-01-27,19:50:23,,2025_01_27__19_50_23,MachineObservation,Cerro_Hoya_Expedition_Hoya_606m_grisMejua_2025-01-26_2025-01-27,Cerro_Hoya_Expedition_Hoya_606m_grisMejua_2025-01-26,grisMejua_2025_01_27__19_50_23_HDR0.jpg,grisMejua_2025_01_27__19_50_23_HDR0_10_Mothbot_yolo11m_4500_imgsz1600_b1_2024-01-18.pt.jpg
doi.org10.15468dl.6nxkw6.csv,Animalia,Arthropoda,Insecta,Coleoptera,,,,,1470,,Coleoptera,Coleoptera,Cerro_Hoya_Expedition_Hoya_606m_grisMejua_2025-01-26,grisMejua_2025_01_27__19_50_23_HDR0_11_Mothbot_yolo11m_4500_imgsz1600_b1_2024-01-18.pt.jpg,HS,Mothbot_yolo11m_4500_imgsz1600_b1_2024-01-18.pt,0.40478840470314026,,grisMejua,Cerro_Hoya_Expedition/Hoya_606m_grisMejua_2025-01-26/2025-01-27/patches/grisMejua_2025_01_27__19_50_23_HDR0_11_Mothbot_yolo11m_4500_imgsz1600_b1_2024-01-18.pt.jpg,ORDER_Coleoptera,2025-01-27,19:50:23,,2025_01_27__19_50_23,MachineObservation,Cerro_Hoya_Expedition_Hoya_606m_grisMejua_2025-01-26_2025-01-27,Cerro_Hoya_Expedition_Hoya_606m_grisMejua_2025-01-26,grisMejua_2025_01_27__19_50_23_HDR0.jpg,grisMejua_2025_01_27__19_50_23_HDR0_11_Mothbot_yolo11m_4500_imgsz1600_b1_2024-01-18.pt.jpg
doi.org10.15468dl.6nxkw6.csv,Animalia,Arthropoda,Insecta,Coleoptera,,,,,1470,,Coleoptera,Coleoptera,Cerro_Hoya_Expedition_Hoya_606m_grisMejua_2025-01-26,grisMejua_2025_01_27__19_50_23_HDR0_12_Mothbot_yolo11m_4500_imgsz1600_b1_2024-01-18.pt.jpg,HS,Mothbot_yolo11m_4500_imgsz1600_b1_2024-01-18.pt,0.37550750374794006,,grisMejua,Cerro_Hoya_Expedition/Hoya_606m_grisMejua_2025-01-26/2025-01-27/patches/grisMejua_2025_01_27__19_50_23_HDR0_12_Mothbot_yolo11m_4500_imgsz1600_b1_2024-01-18.pt.jpg,ORDER_Coleoptera,2025-01-27,19:50:23,,2025_01_27__19_50_23,MachineObservation,Cerro_Hoya_Expedition_Hoya_606m_grisMejua_2025-01-26_2025-01-27,Cerro_Hoya_Expedition_Hoya_606m_grisMejua_2025-01-26,grisMejua_2025_01_27__19_50_23_HDR0.jpg,grisMejua_2025_01_27__19_50_23_HDR0_12_Mothbot_yolo11m_4500_imgsz1600_b1_2024-01-18.pt.jpg
doi.org10.15468dl.6nxkw6.csv,Animalia,Arthropoda,Insecta,Hemiptera,,,,,809,,Hemiptera,Hemiptera,Cerro_Hoya_Expedition_Hoya_606m_grisMejua_2025-01-26,grisMejua_2025_01_27__19_50_23_HDR0_13_Mothbot_yolo11m_4500_imgsz1600_b1_2024-01-18.pt.jpg,HS,Mothbot_yolo11m_4500_imgsz1600_b1_2024-01-18.pt,0.3658267557621002,,grisMejua,Cerro_Hoya_Expedition/Hoya_606m_grisMejua_2025-01-26/2025-01-27/patches/grisMejua_2025_01_27__19_50_23_HDR0_13_Mothbot_yolo11m_4500_imgsz1600_b1_2024-01-18.pt.jpg,ORDER_Hemiptera,2025-01-27,19:50:23,,2025_01_27__19_50_23,MachineObservation,Cerro_Hoya_Expedition_Hoya_606m_grisMejua_2025-01-26_2025-01-27,Cerro_Hoya_Expedition_Hoya_606m_grisMejua_2025-01-26,grisMejua_2025_01_27__19_50_23_HDR0.jpg,grisMejua_2025_01_27__19_50_23_HDR0_13_Mothbot_yolo11m_4500_imgsz1600_b1_2024-01-18.pt.jpg
doi.org10.15468dl.6nxkw6.csv,Animalia,Arthropoda,Insecta,Coleoptera,,,,,1470,,Coleoptera,Coleoptera,Cerro_Hoya_Expedition_Hoya_606m_grisMejua_2025-01-26,grisMejua_2025_01_27__19_50_23_HDR0_14_Mothbot_yolo11m_4500_imgsz1600_b1_2024-01-18.pt.jpg,HS,Mothbot_yolo11m_4500_imgsz1600_b1_2024-01-18.pt,0.3477688729763031,,grisMejua,Cerro_Hoya_Expedition/Hoya_606m_grisMejua_2025-01-26/2025-01-27/patches/grisMejua_2025_01_27__19_50_23_HDR0_14_Mothbot_yolo11m_4500_imgsz1600_b1_2024-01-18.pt.jpg,ORDER_Psocodea,2025-01-27,19:50:23,,2025_01_27__19_50_23,MachineObservation,Cerro_Hoya_Expedition_Hoya_606m_grisMejua_2025-01-26_2025-01-27,Cerro_Hoya_Expedition_Hoya_606m_grisMejua_2025-01-26,grisMejua_2025_01_27__19_50_23_HDR0.jpg,grisMejua_2025_01_27__19_50_23_HDR0_14_Mothbot_yolo11m_4500_imgsz1600_b1_2024-01-18.pt.jpg
doi.org10.15468dl.6nxkw6.csv,Animalia,Arthropoda,Insecta,Coleoptera,,,,,1470,,Coleoptera,Coleoptera,Cerro_Hoya_Expedition_Hoya_606m_grisMejua_2025-01-26,grisMejua_2025_01_27__19_50_23_HDR0_15_Mothbot_yolo11m_4500_imgsz1600_b1_2024-01-18.pt.jpg,HS,Mothbot_yolo11m_4500_imgsz1600_b1_2024-01-18.pt,0.34468474984169006,,grisMejua,Cerro_Hoya_Expedition/Hoya_606m_grisMejua_2025-01-26/2025-01-27/patches/grisMejua_2025_01_27__19_50_23_HDR0_15_Mothbot_yolo11m_4500_imgsz1600_b1_2024-01-18.pt.jpg,ORDER_Hemiptera,2025-01-27,19:50:23,,2025_01_27__19_50_23,MachineObservation,Cerro_Hoya_Expedition_Hoya_606m_grisMejua_2025-01-26_2025-01-27,Cerro_Hoya_Expedition_Hoya_606m_grisMejua_2025-01-26,grisMejua_2025_01_27__19_50_23_HDR0.jpg,grisMejua_2025_01_27__19_50_23_HDR0_15_Mothbot_yolo11m_4500_imgsz1600_b1_2024-01-18.pt.jpg
doi.org10.15468dl.6nxkw6.csv,Animalia,Arthropoda,Insecta,Coleoptera,,,,,1470,,Coleoptera,Coleoptera,Cerro_Hoya_Expedition_Hoya_606m_grisMejua_2025-01-26,grisMejua_2025_01_27__19_50_23_HDR0_16_Mothbot_yolo11m_4500_imgsz1600_b1_2024-01-18.pt.jpg,HS,Mothbot_yolo11m_4500_imgsz1600_b1_2024-01-18.pt,0.3118458390235901,,grisMejua,Cerro_Hoya_Expedition/Hoya_606m_grisMejua_2025-01-26/2025-01-27/patches/grisMejua_2025_01_27__19_50_23_HDR0_16_Mothbot_yolo11m_4500_imgsz1600_b1_2024-01-18.pt.jpg,ORDER_Coleoptera,2025-01-27,19:50:23,,2025_01_27__19_50_23,MachineObservation,Cerro_Hoya_Expedition_Hoya_606m_grisMejua_2025-01-26_2025-01-27,Cerro_Hoya_Expedition_Hoya_606m_grisMejua_2025-01-26,grisMejua_2025_01_27__19_50_23_HDR0.jpg,grisMejua_2025_01_27__19_50_23_HDR0_16_Mothbot_yolo11m_4500_imgsz1600_b1_2024-01-18.pt.jpg
doi.org10.15468dl.6nxkw6.csv,Animalia,Arthropoda,Insecta,Hemiptera,,,,,809,,Hemiptera,Hemiptera,Cerro_Hoya_Expedition_Hoya_606m_grisMejua_2025-01-26,grisMejua_2025_01_27__19_50_23_HDR0_17_Mothbot_yolo11m_4500_imgsz1600_b1_2024-01-18.pt.jpg,HS,Mothbot_yolo11m_4500_imgsz1600_b1_2024-01-18.pt,0.3016339838504791,,grisMejua,Cerro_Hoya_Expedition/Hoya_606m_grisMejua_2025-01-26/2025-01-27/patches/grisMejua_2025_01_27__19_50_23_HDR0_17_Mothbot_yolo11m_4500_imgsz1600_b1_2024-01-18.pt.jpg,ORDER_Hemiptera,2025-01-27,19:50:23,,2025_01_27__19_50_23,MachineObservation,Cerro_Hoya_Expedition_Hoya_606m_grisMejua_2025-01-26_2025-01-27,Cerro_Hoya_Expedition_Hoya_606m_grisMejua_2025-01-26,grisMejua_2025_01_27__19_50_23_HDR0.jpg,grisMejua_2025_01_27__19_50_23_HDR0_17_Mothbot_yolo11m_4500_imgsz1600_b1_2024-01-18.pt.jpg
doi.org10.15468dl.6nxkw6.csv,Animalia,Arthropoda,Insecta,Hemiptera,,,,,809,,Hemiptera,Hemiptera,Cerro_Hoya_Expedition_Hoya_606m_grisMejua_2025-01-26,grisMejua_2025_01_27__19_50_23_HDR0_18_Mothbot_yolo11m_4500_imgsz1600_b1_2024-01-18.pt.jpg,HS,Mothbot_yolo11m_4500_imgsz1600_b1_2024-01-18.pt,0.2760552167892456,,grisMejua,Cerro_Hoya_Expedition/Hoya_606m_grisMejua_2025-01-26/2025-01-27/patches/grisMejua_2025_01_27__19_50_23_HDR0_18_Mothbot_yolo11m_4500_imgsz1600_b1_2024-01-18.pt.jpg,ORDER_Coleoptera,2025-01-27,19:50:23,,2025_01_27__19_50_23,MachineObservation,Cerro_Hoya_Expedition_Hoya_606m_grisMejua_2025-01-26_2025-01-27,Cerro_Hoya_Expedition_Hoya_606m_grisMejua_2025-01-26,grisMejua_2025_01_27__19_50_23_HDR0.jpg,grisMejua_2025_01_27__19_50_23_HDR0_18_Mothbot_yolo11m_4500_imgsz1600_b1_2024-01-18.pt.jpg
doi.org10.15468dl.6nxkw6.csv,Animalia,Arthropoda,Insecta,Coleoptera,,,,,1470,,Coleoptera,Coleoptera,Cerro_Hoya_Expedition_Hoya_606m_grisMejua_2025-01-26,grisMejua_2025_01_27__19_50_23_HDR0_19_Mothbot_yolo11m_4500_imgsz1600_b1_2024-01-18.pt.jpg,HS,Mothbot_yolo11m_4500_imgsz1600_b1_2024-01-18.pt,0.26349714398384094,,grisMejua,Cerro_Hoya_Expedition/Hoya_606m_grisMejua_2025-01-26/2025-01-27/patches/grisMejua_2025_01_27__19_50_23_HDR0_19_Mothbot_yolo11m_4500_imgsz1600_b1_2024-01-18.pt.jpg,ORDER_Diptera,2025-01-27,19:50:23,,2025_01_27__19_50_23,MachineObservation,Cerro_Hoya_Expedition_Hoya_606m_grisMejua_2025-01-26_2025-01-27,Cerro_Hoya_Expedition_Hoya_606m_grisMejua_2025-01-26,grisMejua_2025_01_27__19_50_23_HDR0.jpg,grisMejua_2025_01_27__19_50_23_HDR0_19_Mothbot_yolo11m_4500_imgsz1600_b1_2024-01-18.pt.jpg
doi.org10.15468dl.6nxkw6.csv,Animalia,Arthropoda,Insecta,Lepidoptera,,,,,797,,Lepidoptera,Lepidoptera,Cerro_Hoya_Expedition_Hoya_606m_grisMejua_2025-01-26,grisMejua_2025_01_27__19_51_06_HDR0_0_Mothbot_yolo11m_4500_imgsz1600_b1_2024-01-18.pt.jpg,HS,Mothbot_yolo11m_4500_imgsz1600_b1_2024-01-18.pt,0.7595794796943665,,grisMejua,Cerro_Hoya_Expedition/Hoya_606m_grisMejua_2025-01-26/2025-01-27/patches/grisMejua_2025_01_27__19_51_06_HDR0_0_Mothbot_yolo11m_4500_imgsz1600_b1_2024-01-18.pt.jpg,ORDER_Lepidoptera,2025-01-27,19:51:06,,2025_01_27__19_51_06,MachineObservation,Cerro_Hoya_Expedition_Hoya_606m_grisMejua_2025-01-26_2025-01-27,Cerro_Hoya_Expedition_Hoya_606m_grisMejua_2025-01-26,grisMejua_2025_01_27__19_51_06_HDR0.jpg,grisMejua_2025_01_27__19_51_06_HDR0_0_Mothbot_yolo11m_4500_imgsz1600_b1_2024-01-18.pt.jpg
doi.org10.15468dl.6nxkw6.csv,Animalia,Arthropoda,Insecta,Lepidoptera,,,,,797,,Lepidoptera,Lepidoptera,Cerro_Hoya_Expedition_Hoya_606m_grisMejua_2025-01-26,grisMejua_2025_01_27__19_51_06_HDR0_1_Mothbot_yolo11m_4500_imgsz1600_b1_2024-01-18.pt.jpg,HS,Mothbot_yolo11m_4500_imgsz1600_b1_2024-01-18.pt,0.7401670813560486,,grisMejua,Cerro_Hoya_Expedition/Hoya_606m_grisMejua_2025-01-26/2025-01-27/patches/grisMejua_2025_01_27__19_51_06_HDR0_1_Mothbot_yolo11m_4500_imgsz1600_b1_2024-01-18.pt.jpg,ORDER_Lepidoptera,2025-01-27,19:51:06,,2025_01_27__19_51_06,MachineObservation,Cerro_Hoya_Expedition_Hoya_606m_grisMejua_2025-01-26_2025-01-27,Cerro_Hoya_Expedition_Hoya_606m_grisMejua_2025-01-26,grisMejua_2025_01_27__19_51_06_HDR0.jpg,grisMejua_2025_01_27__19_51_06_HDR0_1_Mothbot_yolo11m_4500_imgsz1600_b1_2024-01-18.pt.jpg
doi.org10.15468dl.6nxkw6.csv,Animalia,Arthropoda,Insecta,Diptera,,,,,811,,Diptera,Diptera,Cerro_Hoya_Expedition_Hoya_606m_grisMejua_2025-01-26,grisMejua_2025_01_27__19_51_06_HDR0_2_Mothbot_yolo11m_4500_imgsz1600_b1_2024-01-18.pt.jpg,HS,Mothbot_yolo11m_4500_imgsz1600_b1_2024-01-18.pt,0.7069039940834045,,grisMejua,Cerro_Hoya_Expedition/Hoya_606m_grisMejua_2025-01-26/2025-01-27/patches/grisMejua_2025_01_27__19_51_06_HDR0_2_Mothbot_yolo11m_4500_imgsz1600_b1_2024-01-18.pt.jpg,ORDER_Diptera,2025-01-27,19:51:06,,2025_01_27__19_51_06,MachineObservation,Cerro_Hoya_Expedition_Hoya_606m_grisMejua_2025-01-26_2025-01-27,Cerro_Hoya_Expedition_Hoya_606m_grisMejua_2025-01-26,grisMejua_2025_01_27__19_51_06_HDR0.jpg,grisMejua_2025_01_27__19_51_06_HDR0_2_Mothbot_yolo11m_4500_imgsz1600_b1_2024-01-18.pt.jpg
doi.org10.15468dl.6nxkw6.csv,Animalia,Arthropoda,Insecta,Lepidoptera,,,,,797,,Lepidoptera,Lepidoptera,Cerro_Hoya_Expedition_Hoya_606m_grisMejua_2025-01-26,grisMejua_2025_01_27__19_51_06_HDR0_3_Mothbot_yolo11m_4500_imgsz1600_b1_2024-01-18.pt.jpg,HS,Mothbot_yolo11m_4500_imgsz1600_b1_2024-01-18.pt,0.6975483894348145,,grisMejua,Cerro_Hoya_Expedition/Hoya_606m_grisMejua_2025-01-26/2025-01-27/patches/grisMejua_2025_01_27__19_51_06_HDR0_3_Mothbot_yolo11m_4500_imgsz1600_b1_2024-01-18.pt.jpg,ORDER_Psocodea,2025-01-27,19:51:06,,2025_01_27__19_51_06,MachineObservation,Cerro_Hoya_Expedition_Hoya_606m_grisMejua_2025-01-26_2025-01-27,Cerro_Hoya_Expedition_Hoya_606m_grisMejua_2025-01-26,grisMejua_2025_01_27__19_51_06_HDR0.jpg,grisMejua_2025_01_27__19_51_06_HDR0_3_Mothbot_yolo11m_4500_imgsz1600_b1_2024-01-18.pt.jpg
doi.org10.15468dl.6nxkw6.csv,Animalia,Arthropoda,Insecta,Coleoptera,,,,,1470,,Coleoptera,Coleoptera,Cerro_Hoya_Expedition_Hoya_606m_grisMejua_2025-01-26,grisMejua_2025_01_27__19_51_06_HDR0_4_Mothbot_yolo11m_4500_imgsz1600_b1_2024-01-18.pt.jpg,HS,Mothbot_yolo11m_4500_imgsz1600_b1_2024-01-18.pt,0.6071332097053528,,grisMejua,Cerro_Hoya_Expedition/Hoya_606m_grisMejua_2025-01-26/2025-01-27/patches/grisMejua_2025_01_27__19_51_06_HDR0_4_Mothbot_yolo11m_4500_imgsz1600_b1_2024-01-18.pt.jpg,ORDER_Hemiptera,2025-01-27,19:51:06,,2025_01_27__19_51_06,MachineObservation,Cerro_Hoya_Expedition_Hoya_606m_grisMejua_2025-01-26_2025-01-27,Cerro_Hoya_Expedition_Hoya_606m_grisMejua_2025-01-26,grisMejua_2025_01_27__19_51_06_HDR0.jpg,grisMejua_2025_01_27__19_51_06_HDR0_4_Mothbot_yolo11m_4500_imgsz1600_b1_2024-01-18.pt.jpg
doi.org10.15468dl.6nxkw6.csv,Animalia,Arthropoda,Insecta,Hemiptera,,,,,809,,Hemiptera,Hemiptera,Cerro_Hoya_Expedition_Hoya_606m_grisMejua_2025-01-26,grisMejua_2025_01_27__19_51_06_HDR0_5_Mothbot_yolo11m_4500_imgsz1600_b1_2024-01-18.pt.jpg,HS,Mothbot_yolo11m_4500_imgsz1600_b1_2024-01-18.pt,0.5303589701652527,,grisMejua,Cerro_Hoya_Expedition/Hoya_606m_grisMejua_2025-01-26/2025-01-27/patches/grisMejua_2025_01_27__19_51_06_HDR0_5_Mothbot_yolo11m_4500_imgsz1600_b1_2024-01-18.pt.jpg,ORDER_Coleoptera,2025-01-27,19:51:06,,2025_01_27__19_51_06,MachineObservation,Cerro_Hoya_Expedition_Hoya_606m_grisMejua_2025-01-26_2025-01-27,Cerro_Hoya_Expedition_Hoya_606m_grisMejua_2025-01-26,grisMejua_2025_01_27__19_51_06_HDR0.jpg,grisMejua_2025_01_27__19_51_06_HDR0_5_Mothbot_yolo11m_4500_imgsz1600_b1_2024-01-18.pt.jpg
doi.org10.15468dl.6nxkw6.csv,Animalia,Arthropoda,Insecta,Hemiptera,,,,,809,,Hemiptera,Hemiptera,Cerro_Hoya_Expedition_Hoya_606m_grisMejua_2025-01-26,grisMejua_2025_01_27__19_51_06_HDR0_6_Mothbot_yolo11m_4500_imgsz1600_b1_2024-01-18.pt.jpg,HS,Mothbot_yolo11m_4500_imgsz1600_b1_2024-01-18.pt,0.5298678278923035,,grisMejua,Cerro_Hoya_Expedition/Hoya_606m_grisMejua_2025-01-26/2025-01-27/patches/grisMejua_2025_01_27__19_51_06_HDR0_6_Mothbot_yolo11m_4500_imgsz1600_b1_2024-01-18.pt.jpg,ORDER_Diptera,2025-01-27,19:51:06,,2025_01_27__19_51_06,MachineObservation,Cerro_Hoya_Expedition_Hoya_606m_grisMejua_2025-01-26_2025-01-27,Cerro_Hoya_Expedition_Hoya_606m_grisMejua_2025-01-26,grisMejua_2025_01_27__19_51_06_HDR0.jpg,grisMejua_2025_01_27__19_51_06_HDR0_6_Mothbot_yolo11m_4500_imgsz1600_b1_2024-01-18.pt.jpg
doi.org10.15468dl.6nxkw6.csv,Animalia,Arthropoda,Insecta,Lepidoptera,,,,,797,,Lepidoptera,Lepidoptera,Cerro_Hoya_Expedition_Hoya_606m_grisMejua_2025-01-26,grisMejua_2025_01_27__19_51_06_HDR0_7_Mothbot_yolo11m_4500_imgsz1600_b1_2024-01-18.pt.jpg,HS,Mothbot_yolo11m_4500_imgsz1600_b1_2024-01-18.pt,0.5225585103034973,,grisMejua,Cerro_Hoya_Expedition/Hoya_606m_grisMejua_2025-01-26/2025-01-27/patches/grisMejua_2025_01_27__19_51_06_HDR0_7_Mothbot_yolo11m_4500_imgsz1600_b1_2024-01-18.pt.jpg,ORDER_Lepidoptera,2025-01-27,19:51:06,,2025_01_27__19_51_06,MachineObservation,Cerro_Hoya_Expedition_Hoya_606m_grisMejua_2025-01-26_2025-01-27,Cerro_Hoya_Expedition_Hoya_606m_grisMejua_2025-01-26,grisMejua_2025_01_27__19_51_06_HDR0.jpg,grisMejua_2025_01_27__19_51_06_HDR0_7_Mothbot_yolo11m_4500_imgsz1600_b1_2024-01-18.pt.jpg
doi.org10.15468dl.6nxkw6.csv,Animalia,Arthropoda,Insecta,Lepidoptera,,,,,797,,Lepidoptera,Lepidoptera,Cerro_Hoya_Expedition_Hoya_606m_grisMejua_2025-01-26,grisMejua_2025_01_27__19_51_06_HDR0_8_Mothbot_yolo11m_4500_imgsz1600_b1_2024-01-18.pt.jpg,HS,Mothbot_yolo11m_4500_imgsz1600_b1_2024-01-18.pt,0.5146767497062683,,grisMejua,Cerro_Hoya_Expedition/Hoya_606m_grisMejua_2025-01-26/2025-01-27/patches/grisMejua_2025_01_27__19_51_06_HDR0_8_Mothbot_yolo11m_4500_imgsz1600_b1_2024-01-18.pt.jpg,ORDER_Lepidoptera,2025-01-27,19:51:06,,2025_01_27__19_51_06,MachineObservation,Cerro_Hoya_Expedition_Hoya_606m_grisMejua_2025-01-26_2025-01-27,Cerro_Hoya_Expedition_Hoya_606m_grisMejua_2025-01-26,grisMejua_2025_01_27__19_51_06_HDR0.jpg,grisMejua_2025_01_27__19_51_06_HDR0_8_Mothbot_yolo11m_4500_imgsz1600_b1_2024-01-18.pt.jpg
doi.org10.15468dl.6nxkw6.csv,Animalia,Arthropoda,Insecta,Coleoptera,,,,,1470,,Coleoptera,Coleoptera,Cerro_Hoya_Expedition_Hoya_606m_grisMejua_2025-01-26,grisMejua_2025_01_27__19_51_06_HDR0_9_Mothbot_yolo11m_4500_imgsz1600_b1_2024-01-18.pt.jpg,HS,Mothbot_yolo11m_4500_imgsz1600_b1_2024-01-18.pt,0.4999340772628784,,grisMejua,Cerro_Hoya_Expedition/Hoya_606m_grisMejua_2025-01-26/2025-01-27/patches/grisMejua_2025_01_27__19_51_06_HDR0_9_Mothbot_yolo11m_4500_imgsz1600_b1_2024-01-18.pt.jpg,ORDER_Hemiptera,2025-01-27,19:51:06,,2025_01_27__19_51_06,MachineObservation,Cerro_Hoya_Expedition_Hoya_606m_grisMejua_2025-01-26_2025-01-27,Cerro_Hoya_Expedition_Hoya_606m_grisMejua_2025-01-26,grisMejua_2025_01_27__19_51_06_HDR0.jpg,grisMejua_2025_01_27__19_51_06_HDR0_9_Mothbot_yolo11m_4500_imgsz1600_b1_2024-01-18.pt.jpg
doi.org10.15468dl.6nxkw6.csv,Animalia,Arthropoda,Insecta,Diptera,,,,,811,,Diptera,Diptera,Cerro_Hoya_Expedition_Hoya_606m_grisMejua_2025-01-26,grisMejua_2025_01_27__19_51_06_HDR0_10_Mothbot_yolo11m_4500_imgsz1600_b1_2024-01-18.pt.jpg,HS,Mothbot_yolo11m_4500_imgsz1600_b1_2024-01-18.pt,0.46125471591949463,,grisMejua,Cerro_Hoya_Expedition/Hoya_606m_grisMejua_2025-01-26/2025-01-27/patches/grisMejua_2025_01_27__19_51_06_HDR0_10_Mothbot_yolo11m_4500_imgsz1600_b1_2024-01-18.pt.jpg,ORDER_Diptera,2025-01-27,19:51:06,,2025_01_27__19_51_06,MachineObservation,Cerro_Hoya_Expedition_Hoya_606m_grisMejua_2025-01-26_2025-01-27,Cerro_Hoya_Expedition_Hoya_606m_grisMejua_2025-01-26,grisMejua_2025_01_27__19_51_06_HDR0.jpg,grisMejua_2025_01_27__19_51_06_HDR0_10_Mothbot_yolo11m_4500_imgsz1600_b1_2024-01-18.pt.jpg
doi.org10.15468dl.6nxkw6.csv,Animalia,Arthropoda,Insecta,Coleoptera,,,,,1470,,Coleoptera,Coleoptera,Cerro_Hoya_Expedition_Hoya_606m_grisMejua_2025-01-26,grisMejua_2025_01_27__19_51_06_HDR0_11_Mothbot_yolo11m_4500_imgsz1600_b1_2024-01-18.pt.jpg,HS,Mothbot_yolo11m_4500_imgsz1600_b1_2024-01-18.pt,0.4244164526462555,,grisMejua,Cerro_Hoya_Expedition/Hoya_606m_grisMejua_2025-01-26/2025-01-27/patches/grisMejua_2025_01_27__19_51_06_HDR0_11_Mothbot_yolo11m_4500_imgsz1600_b1_2024-01-18.pt.jpg,ORDER_Coleoptera,2025-01-27,19:51:06,,2025_01_27__19_51_06,MachineObservation,Cerro_Hoya_Expedition_Hoya_606m_grisMejua_2025-01-26_2025-01-27,Cerro_Hoya_Expedition_Hoya_606m_grisMejua_2025-01-26,grisMejua_2025_01_27__19_51_06_HDR0.jpg,grisMejua_2025_01_27__19_51_06_HDR0_11_Mothbot_yolo11m_4500_imgsz1600_b1_2024-01-18.pt.jpg
doi.org10.15468dl.6nxkw6.csv,Animalia,Arthropoda,Insecta,Coleoptera,,,,,1470,,Coleoptera,Coleoptera,Cerro_Hoya_Expedition_Hoya_606m_grisMejua_2025-01-26,grisMejua_2025_01_27__19_51_06_HDR0_12_Mothbot_yolo11m_4500_imgsz1600_b1_2024-01-18.pt.jpg,HS,Mothbot_yolo11m_4500_imgsz1600_b1_2024-01-18.pt,0.40167132019996643,,grisMejua,Cerro_Hoya_Expedition/Hoya_606m_grisMejua_2025-01-26/2025-01-27/patches/grisMejua_2025_01_27__19_51_06_HDR0_12_Mothbot_yolo11m_4500_imgsz1600_b1_2024-01-18.pt.jpg,ORDER_Coleoptera,2025-01-27,19:51:06,,2025_01_27__19_51_06,MachineObservation,Cerro_Hoya_Expedition_Hoya_606m_grisMejua_2025-01-26_2025-01-27,Cerro_Hoya_Expedition_Hoya_606m_grisMejua_2025-01-26,grisMejua_2025_01_27__19_51_06_HDR0.jpg,grisMejua_2025_01_27__19_51_06_HDR0_12_Mothbot_yolo11m_4500_imgsz1600_b1_2024-01-18.pt.jpg
doi.org10.15468dl.6nxkw6.csv,Animalia,Arthropoda,Insecta,Coleoptera,,,,,1470,,Coleoptera,Coleoptera,Cerro_Hoya_Expedition_Hoya_606m_grisMejua_2025-01-26,grisMejua_2025_01_27__19_51_06_HDR0_13_Mothbot_yolo11m_4500_imgsz1600_b1_2024-01-18.pt.jpg,HS,Mothbot_yolo11m_4500_imgsz1600_b1_2024-01-18.pt,0.39535823464393616,,grisMejua,Cerro_Hoya_Expedition/Hoya_606m_grisMejua_2025-01-26/2025-01-27/patches/grisMejua_2025_01_27__19_51_06_HDR0_13_Mothbot_yolo11m_4500_imgsz1600_b1_2024-01-18.pt.jpg,ORDER_Coleoptera,2025-01-27,19:51:06,,2025_01_27__19_51_06,MachineObservation,Cerro_Hoya_Expedition_Hoya_606m_grisMejua_2025-01-26_2025-01-27,Cerro_Hoya_Expedition_Hoya_606m_grisMejua_2025-01-26,grisMejua_2025_01_27__19_51_06_HDR0.jpg,grisMejua_2025_01_27__19_51_06_HDR0_13_Mothbot_yolo11m_4500_imgsz1600_b1_2024-01-18.pt.jpg
doi.org10.15468dl.6nxkw6.csv,Animalia,Arthropoda,Insecta,Coleoptera,,,,,1470,,Coleoptera,Coleoptera,Cerro_Hoya_Expedition_Hoya_606m_grisMejua_2025-01-26,grisMejua_2025_01_27__19_51_06_HDR0_14_Mothbot_yolo11m_4500_imgsz1600_b1_2024-01-18.pt.jpg,HS,Mothbot_yolo11m_4500_imgsz1600_b1_2024-01-18.pt,0.3486843407154083,,grisMejua,Cerro_Hoya_Expedition/Hoya_606m_grisMejua_2025-01-26/2025-01-27/patches/grisMejua_2025_01_27__19_51_06_HDR0_14_Mothbot_yolo11m_4500_imgsz1600_b1_2024-01-18.pt.jpg,ORDER_Psocodea,2025-01-27,19:51:06,,2025_01_27__19_51_06,MachineObservation,Cerro_Hoya_Expedition_Hoya_606m_grisMejua_2025-01-26_2025-01-27,Cerro_Hoya_Expedition_Hoya_606m_grisMejua_2025-01-26,grisMejua_2025_01_27__19_51_06_HDR0.jpg,grisMejua_2025_01_27__19_51_06_HDR0_14_Mothbot_yolo11m_4500_imgsz1600_b1_2024-01-18.pt.jpg
doi.org10.15468dl.6nxkw6.csv,Animalia,Arthropoda,Insecta,Coleoptera,,,,,1470,,Coleoptera,Coleoptera,Cerro_Hoya_Expedition_Hoya_606m_grisMejua_2025-01-26,grisMejua_2025_01_27__19_51_06_HDR0_15_Mothbot_yolo11m_4500_imgsz1600_b1_2024-01-18.pt.jpg,HS,Mothbot_yolo11m_4500_imgsz1600_b1_2024-01-18.pt,0.3321656882762909,,grisMejua,Cerro_Hoya_Expedition/Hoya_606m_grisMejua_2025-01-26/2025-01-27/patches/grisMejua_2025_01_27__19_51_06_HDR0_15_Mothbot_yolo11m_4500_imgsz1600_b1_2024-01-18.pt.jpg,ORDER_Psocodea,2025-01-27,19:51:06,,2025_01_27__19_51_06,MachineObservation,Cerro_Hoya_Expedition_Hoya_606m_grisMejua_2025-01-26_2025-01-27,Cerro_Hoya_Expedition_Hoya_606m_grisMejua_2025-01-26,grisMejua_2025_01_27__19_51_06_HDR0.jpg,grisMejua_2025_01_27__19_51_06_HDR0_15_Mothbot_yolo11m_4500_imgsz1600_b1_2024-01-18.pt.jpg
doi.org10.15468dl.6nxkw6.csv,Animalia,Arthropoda,Insecta,Coleoptera,,,,,1470,,Coleoptera,Coleoptera,Cerro_Hoya_Expedition_Hoya_606m_grisMejua_2025-01-26,grisMejua_2025_01_27__19_51_06_HDR0_16_Mothbot_yolo11m_4500_imgsz1600_b1_2024-01-18.pt.jpg,HS,Mothbot_yolo11m_4500_imgsz1600_b1_2024-01-18.pt,0.3055097460746765,,grisMejua,Cerro_Hoya_Expedition/Hoya_606m_grisMejua_2025-01-26/2025-01-27/patches/grisMejua_2025_01_27__19_51_06_HDR0_16_Mothbot_yolo11m_4500_imgsz1600_b1_2024-01-18.pt.jpg,ORDER_Coleoptera,2025-01-27,19:51:06,,2025_01_27__19_51_06,MachineObservation,Cerro_Hoya_Expedition_Hoya_606m_grisMejua_2025-01-26_2025-01-27,Cerro_Hoya_Expedition_Hoya_606m_grisMejua_2025-01-26,grisMejua_2025_01_27__19_51_06_HDR0.jpg,grisMejua_2025_01_27__19_51_06_HDR0_16_Mothbot_yolo11m_4500_imgsz1600_b1_2024-01-18.pt.jpg
doi.org10.15468dl.6nxkw6.csv,Animalia,Arthropoda,Insecta,Hemiptera,,,,,809,,Hemiptera,Hemiptera,Cerro_Hoya_Expedition_Hoya_606m_grisMejua_2025-01-26,grisMejua_2025_01_27__19_51_06_HDR0_17_Mothbot_yolo11m_4500_imgsz1600_b1_2024-01-18.pt.jpg,HS,Mothbot_yolo11m_4500_imgsz1600_b1_2024-01-18.pt,0.3038213551044464,,grisMejua,Cerro_Hoya_Expedition/Hoya_606m_grisMejua_2025-01-26/2025-01-27/patches/grisMejua_2025_01_27__19_51_06_HDR0_17_Mothbot_yolo11m_4500_imgsz1600_b1_2024-01-18.pt.jpg,ORDER_Hemiptera,2025-01-27,19:51:06,,2025_01_27__19_51_06,MachineObservation,Cerro_Hoya_Expedition_Hoya_606m_grisMejua_2025-01-26_2025-01-27,Cerro_Hoya_Expedition_Hoya_606m_grisMejua_2025-01-26,grisMejua_2025_01_27__19_51_06_HDR0.jpg,grisMejua_2025_01_27__19_51_06_HDR0_17_Mothbot_yolo11m_4500_imgsz1600_b1_2024-01-18.pt.jpg
doi.org10.15468dl.6nxkw6.csv,Animalia,Arthropoda,Insecta,Coleoptera,,,,,1470,,Coleoptera,Coleoptera,Cerro_Hoya_Expedition_Hoya_606m_grisMejua_2025-01-26,grisMejua_2025_01_27__19_51_06_HDR0_18_Mothbot_yolo11m_4500_imgsz1600_b1_2024-01-18.pt.jpg,HS,Mothbot_yolo11m_4500_imgsz1600_b1_2024-01-18.pt,0.28556111454963684,,grisMejua,Cerro_Hoya_Expedition/Hoya_606m_grisMejua_2025-01-26/2025-01-27/patches/grisMejua_2025_01_27__19_51_06_HDR0_18_Mothbot_yolo11m_4500_imgsz1600_b1_2024-01-18.pt.jpg,ORDER_Coleoptera,2025-01-27,19:51:06,,2025_01_27__19_51_06,MachineObservation,Cerro_Hoya_Expedition_Hoya_606m_grisMejua_2025-01-26_2025-01-27,Cerro_Hoya_Expedition_Hoya_606m_grisMejua_2025-01-26,grisMejua_2025_01_27__19_51_06_HDR0.jpg,grisMejua_2025_01_27__19_51_06_HDR0_18_Mothbot_yolo11m_4500_imgsz1600_b1_2024-01-18.pt.jpg
doi.org10.15468dl.6nxkw6.csv,Animalia,Arthropoda,Insecta,Hemiptera,,,,,809,,Hemiptera,Hemiptera,Cerro_Hoya_Expedition_Hoya_606m_grisMejua_2025-01-26,grisMejua_2025_01_27__19_52_06_HDR0_0_Mothbot_yolo11m_4500_imgsz1600_b1_2024-01-18.pt.jpg,HS,Mothbot_yolo11m_4500_imgsz1600_b1_2024-01-18.pt,0.7577601075172424,,grisMejua,Cerro_Hoya_Expedition/Hoya_606m_grisMejua_2025-01-26/2025-01-27/patches/grisMejua_2025_01_27__19_52_06_HDR0_0_Mothbot_yolo11m_4500_imgsz1600_b1_2024-01-18.pt.jpg,ORDER_Blattodea,2025-01-27,19:52:06,,2025_01_27__19_52_06,MachineObservation,Cerro_Hoya_Expedition_Hoya_606m_grisMejua_2025-01-26_2025-01-27,Cerro_Hoya_Expedition_Hoya_606m_grisMejua_2025-01-26,grisMejua_2025_01_27__19_52_06_HDR0.jpg,grisMejua_2025_01_27__19_52_06_HDR0_0_Mothbot_yolo11m_4500_imgsz1600_b1_2024-01-18.pt.jpg
doi.org10.15468dl.6nxkw6.csv,Animalia,Arthropoda,Insecta,Lepidoptera,,,,,797,,Lepidoptera,Lepidoptera,Cerro_Hoya_Expedition_Hoya_606m_grisMejua_2025-01-26,grisMejua_2025_01_27__19_52_06_HDR0_1_Mothbot_yolo11m_4500_imgsz1600_b1_2024-01-18.pt.jpg,HS,Mothbot_yolo11m_4500_imgsz1600_b1_2024-01-18.pt,0.7394404411315918,,grisMejua,Cerro_Hoya_Expedition/Hoya_606m_grisMejua_2025-01-26/2025-01-27/patches/grisMejua_2025_01_27__19_52_06_HDR0_1_Mothbot_yolo11m_4500_imgsz1600_b1_2024-01-18.pt.jpg,ORDER_Lepidoptera,2025-01-27,19:52:06,,2025_01_27__19_52_06,MachineObservation,Cerro_Hoya_Expedition_Hoya_606m_grisMejua_2025-01-26_2025-01-27,Cerro_Hoya_Expedition_Hoya_606m_grisMejua_2025-01-26,grisMejua_2025_01_27__19_52_06_HDR0.jpg,grisMejua_2025_01_27__19_52_06_HDR0_1_Mothbot_yolo11m_4500_imgsz1600_b1_2024-01-18.pt.jpg
doi.org10.15468dl.6nxkw6.csv,Animalia,Arthropoda,Insecta,Lepidoptera,,,,,797,,Lepidoptera,Lepidoptera,Cerro_Hoya_Expedition_Hoya_606m_grisMejua_2025-01-26,grisMejua_2025_01_27__19_52_06_HDR0_2_Mothbot_yolo11m_4500_imgsz1600_b1_2024-01-18.pt.jpg,HS,Mothbot_yolo11m_4500_imgsz1600_b1_2024-01-18.pt,0.7265521883964539,,grisMejua,Cerro_Hoya_Expedition/Hoya_606m_grisMejua_2025-01-26/2025-01-27/patches/grisMejua_2025_01_27__19_52_06_HDR0_2_Mothbot_yolo11m_4500_imgsz1600_b1_2024-01-18.pt.jpg,ORDER_Lepidoptera,2025-01-27,19:52:06,,2025_01_27__19_52_06,MachineObservation,Cerro_Hoya_Expedition_Hoya_606m_grisMejua_2025-01-26_2025-01-27,Cerro_Hoya_Expedition_Hoya_606m_grisMejua_2025-01-26,grisMejua_2025_01_27__19_52_06_HDR0.jpg,grisMejua_2025_01_27__19_52_06_HDR0_2_Mothbot_yolo11m_4500_imgsz1600_b1_2024-01-18.pt.jpg
doi.org10.15468dl.6nxkw6.csv,Animalia,Arthropoda,Insecta,Lepidoptera,,,,,797,,Lepidoptera,Lepidoptera,Cerro_Hoya_Expedition_Hoya_606m_grisMejua_2025-01-26,grisMejua_2025_01_27__19_52_06_HDR0_3_Mothbot_yolo11m_4500_imgsz1600_b1_2024-01-18.pt.jpg,HS,Mothbot_yolo11m_4500_imgsz1600_b1_2024-01-18.pt,0.6092449426651001,,grisMejua,Cerro_Hoya_Expedition/Hoya_606m_grisMejua_2025-01-26/2025-01-27/patches/grisMejua_2025_01_27__19_52_06_HDR0_3_Mothbot_yolo11m_4500_imgsz1600_b1_2024-01-18.pt.jpg,ORDER_Hemiptera,2025-01-27,19:52:06,,2025_01_27__19_52_06,MachineObservation,Cerro_Hoya_Expedition_Hoya_606m_grisMejua_2025-01-26_2025-01-27,Cerro_Hoya_Expedition_Hoya_606m_grisMejua_2025-01-26,grisMejua_2025_01_27__19_52_06_HDR0.jpg,grisMejua_2025_01_27__19_52_06_HDR0_3_Mothbot_yolo11m_4500_imgsz1600_b1_2024-01-18.pt.jpg
doi.org10.15468dl.6nxkw6.csv,Animalia,Arthropoda,Insecta,Hemiptera,,,,,809,,Hemiptera,Hemiptera,Cerro_Hoya_Expedition_Hoya_606m_grisMejua_2025-01-26,grisMejua_2025_01_27__19_52_06_HDR0_4_Mothbot_yolo11m_4500_imgsz1600_b1_2024-01-18.pt.jpg,HS,Mothbot_yolo11m_4500_imgsz1600_b1_2024-01-18.pt,0.5730543732643127,,grisMejua,Cerro_Hoya_Expedition/Hoya_606m_grisMejua_2025-01-26/2025-01-27/patches/grisMejua_2025_01_27__19_52_06_HDR0_4_Mothbot_yolo11m_4500_imgsz1600_b1_2024-01-18.pt.jpg,ORDER_Diptera,2025-01-27,19:52:06,,2025_01_27__19_52_06,MachineObservation,Cerro_Hoya_Expedition_Hoya_606m_grisMejua_2025-01-26_2025-01-27,Cerro_Hoya_Expedition_Hoya_606m_grisMejua_2025-01-26,grisMejua_2025_01_27__19_52_06_HDR0.jpg,grisMejua_2025_01_27__19_52_06_HDR0_4_Mothbot_yolo11m_4500_imgsz1600_b1_2024-01-18.pt.jpg
doi.org10.15468dl.6nxkw6.csv,Animalia,Arthropoda,Insecta,Coleoptera,,,,,1470,,Coleoptera,Coleoptera,Cerro_Hoya_Expedition_Hoya_606m_grisMejua_2025-01-26,grisMejua_2025_01_27__19_52_06_HDR0_5_Mothbot_yolo11m_4500_imgsz1600_b1_2024-01-18.pt.jpg,HS,Mothbot_yolo11m_4500_imgsz1600_b1_2024-01-18.pt,0.5492535829544067,,grisMejua,Cerro_Hoya_Expedition/Hoya_606m_grisMejua_2025-01-26/2025-01-27/patches/grisMejua_2025_01_27__19_52_06_HDR0_5_Mothbot_yolo11m_4500_imgsz1600_b1_2024-01-18.pt.jpg,ORDER_Coleoptera,2025-01-27,19:52:06,,2025_01_27__19_52_06,MachineObservation,Cerro_Hoya_Expedition_Hoya_606m_grisMejua_2025-01-26_2025-01-27,Cerro_Hoya_Expedition_Hoya_606m_grisMejua_2025-01-26,grisMejua_2025_01_27__19_52_06_HDR0.jpg,grisMejua_2025_01_27__19_52_06_HDR0_5_Mothbot_yolo11m_4500_imgsz1600_b1_2024-01-18.pt.jpg
doi.org10.15468dl.6nxkw6.csv,Animalia,Arthropoda,Insecta,Lepidoptera,,,,,797,,Lepidoptera,Lepidoptera,Cerro_Hoya_Expedition_Hoya_606m_grisMejua_2025-01-26,grisMejua_2025_01_27__19_52_06_HDR0_6_Mothbot_yolo11m_4500_imgsz1600_b1_2024-01-18.pt.jpg,HS,Mothbot_yolo11m_4500_imgsz1600_b1_2024-01-18.pt,0.4911162853240967,,grisMejua,Cerro_Hoya_Expedition/Hoya_606m_grisMejua_2025-01-26/2025-01-27/patches/grisMejua_2025_01_27__19_52_06_HDR0_6_Mothbot_yolo11m_4500_imgsz1600_b1_2024-01-18.pt.jpg,ORDER_Lepidoptera,2025-01-27,19:52:06,,2025_01_27__19_52_06,MachineObservation,Cerro_Hoya_Expedition_Hoya_606m_grisMejua_2025-01-26_2025-01-27,Cerro_Hoya_Expedition_Hoya_606m_grisMejua_2025-01-26,grisMejua_2025_01_27__19_52_06_HDR0.jpg,grisMejua_2025_01_27__19_52_06_HDR0_6_Mothbot_yolo11m_4500_imgsz1600_b1_2024-01-18.pt.jpg
doi.org10.15468dl.6nxkw6.csv,Animalia,Arthropoda,Insecta,Coleoptera,,,,,1470,,Coleoptera,Coleoptera,Cerro_Hoya_Expedition_Hoya_606m_grisMejua_2025-01-26,grisMejua_2025_01_27__19_52_06_HDR0_7_Mothbot_yolo11m_4500_imgsz1600_b1_2024-01-18.pt.jpg,HS,Mothbot_yolo11m_4500_imgsz1600_b1_2024-01-18.pt,0.47191596031188965,,grisMejua,Cerro_Hoya_Expedition/Hoya_606m_grisMejua_2025-01-26/2025-01-27/patches/grisMejua_2025_01_27__19_52_06_HDR0_7_Mothbot_yolo11m_4500_imgsz1600_b1_2024-01-18.pt.jpg,ORDER_Coleoptera,2025-01-27,19:52:06,,2025_01_27__19_52_06,MachineObservation,Cerro_Hoya_Expedition_Hoya_606m_grisMejua_2025-01-26_2025-01-27,Cerro_Hoya_Expedition_Hoya_606m_grisMejua_2025-01-26,grisMejua_2025_01_27__19_52_06_HDR0.jpg,grisMejua_2025_01_27__19_52_06_HDR0_7_Mothbot_yolo11m_4500_imgsz1600_b1_2024-01-18.pt.jpg
doi.org10.15468dl.6nxkw6.csv,Animalia,Arthropoda,Insecta,Coleoptera,,,,,1470,,Coleoptera,Coleoptera,Cerro_Hoya_Expedition_Hoya_606m_grisMejua_2025-01-26,grisMejua_2025_01_27__19_52_06_HDR0_8_Mothbot_yolo11m_4500_imgsz1600_b1_2024-01-18.pt.jpg,HS,Mothbot_yolo11m_4500_imgsz1600_b1_2024-01-18.pt,0.4633910059928894,,grisMejua,Cerro_Hoya_Expedition/Hoya_606m_grisMejua_2025-01-26/2025-01-27/patches/grisMejua_2025_01_27__19_52_06_HDR0_8_Mothbot_yolo11m_4500_imgsz1600_b1_2024-01-18.pt.jpg,ORDER_Coleoptera,2025-01-27,19:52:06,,2025_01_27__19_52_06,MachineObservation,Cerro_Hoya_Expedition_Hoya_606m_grisMejua_2025-01-26_2025-01-27,Cerro_Hoya_Expedition_Hoya_606m_grisMejua_2025-01-26,grisMejua_2025_01_27__19_52_06_HDR0.jpg,grisMejua_2025_01_27__19_52_06_HDR0_8_Mothbot_yolo11m_4500_imgsz1600_b1_2024-01-18.pt.jpg
doi.org10.15468dl.6nxkw6.csv,Animalia,Arthropoda,Insecta,Coleoptera,,,,,1470,,Coleoptera,Coleoptera,Cerro_Hoya_Expedition_Hoya_606m_grisMejua_2025-01-26,grisMejua_2025_01_27__19_52_06_HDR0_9_Mothbot_yolo11m_4500_imgsz1600_b1_2024-01-18.pt.jpg,HS,Mothbot_yolo11m_4500_imgsz1600_b1_2024-01-18.pt,0.44452518224716187,,grisMejua,Cerro_Hoya_Expedition/Hoya_606m_grisMejua_2025-01-26/2025-01-27/patches/grisMejua_2025_01_27__19_52_06_HDR0_9_Mothbot_yolo11m_4500_imgsz1600_b1_2024-01-18.pt.jpg,ORDER_Coleoptera,2025-01-27,19:52:06,,2025_01_27__19_52_06,MachineObservation,Cerro_Hoya_Expedition_Hoya_606m_grisMejua_2025-01-26_2025-01-27,Cerro_Hoya_Expedition_Hoya_606m_grisMejua_2025-01-26,grisMejua_2025_01_27__19_52_06_HDR0.jpg,grisMejua_2025_01_27__19_52_06_HDR0_9_Mothbot_yolo11m_4500_imgsz1600_b1_2024-01-18.pt.jpg
doi.org10.15468dl.6nxkw6.csv,Animalia,Arthropoda,Insecta,Diptera,,,,,811,,Diptera,Diptera,Cerro_Hoya_Expedition_Hoya_606m_grisMejua_2025-01-26,grisMejua_2025_01_27__19_52_06_HDR0_10_Mothbot_yolo11m_4500_imgsz1600_b1_2024-01-18.pt.jpg,HS,Mothbot_yolo11m_4500_imgsz1600_b1_2024-01-18.pt,0.4386875033378601,,grisMejua,Cerro_Hoya_Expedition/Hoya_606m_grisMejua_2025-01-26/2025-01-27/patches/grisMejua_2025_01_27__19_52_06_HDR0_10_Mothbot_yolo11m_4500_imgsz1600_b1_2024-01-18.pt.jpg,ORDER_Diptera,2025-01-27,19:52:06,,2025_01_27__19_52_06,MachineObservation,Cerro_Hoya_Expedition_Hoya_606m_grisMejua_2025-01-26_2025-01-27,Cerro_Hoya_Expedition_Hoya_606m_grisMejua_2025-01-26,grisMejua_2025_01_27__19_52_06_HDR0.jpg,grisMejua_2025_01_27__19_52_06_HDR0_10_Mothbot_yolo11m_4500_imgsz1600_b1_2024-01-18.pt.jpg
doi.org10.15468dl.6nxkw6.csv,Animalia,Arthropoda,Insecta,Hemiptera,,,,,809,,Hemiptera,Hemiptera,Cerro_Hoya_Expedition_Hoya_606m_grisMejua_2025-01-26,grisMejua_2025_01_27__19_52_06_HDR0_11_Mothbot_yolo11m_4500_imgsz1600_b1_2024-01-18.pt.jpg,HS,Mothbot_yolo11m_4500_imgsz1600_b1_2024-01-18.pt,0.4148922264575958,,grisMejua,Cerro_Hoya_Expedition/Hoya_606m_grisMejua_2025-01-26/2025-01-27/patches/grisMejua_2025_01_27__19_52_06_HDR0_11_Mothbot_yolo11m_4500_imgsz1600_b1_2024-01-18.pt.jpg,ORDER_Diptera,2025-01-27,19:52:06,,2025_01_27__19_52_06,MachineObservation,Cerro_Hoya_Expedition_Hoya_606m_grisMejua_2025-01-26_2025-01-27,Cerro_Hoya_Expedition_Hoya_606m_grisMejua_2025-01-26,grisMejua_2025_01_27__19_52_06_HDR0.jpg,grisMejua_2025_01_27__19_52_06_HDR0_11_Mothbot_yolo11m_4500_imgsz1600_b1_2024-01-18.pt.jpg
doi.org10.15468dl.6nxkw6.csv,Animalia,Arthropoda,Insecta,Hemiptera,,,,,809,,Hemiptera,Hemiptera,Cerro_Hoya_Expedition_Hoya_606m_grisMejua_2025-01-26,grisMejua_2025_01_27__19_52_06_HDR0_12_Mothbot_yolo11m_4500_imgsz1600_b1_2024-01-18.pt.jpg,HS,Mothbot_yolo11m_4500_imgsz1600_b1_2024-01-18.pt,0.3995952904224396,,grisMejua,Cerro_Hoya_Expedition/Hoya_606m_grisMejua_2025-01-26/2025-01-27/patches/grisMejua_2025_01_27__19_52_06_HDR0_12_Mothbot_yolo11m_4500_imgsz1600_b1_2024-01-18.pt.jpg,ORDER_Hemiptera,2025-01-27,19:52:06,,2025_01_27__19_52_06,MachineObservation,Cerro_Hoya_Expedition_Hoya_606m_grisMejua_2025-01-26_2025-01-27,Cerro_Hoya_Expedition_Hoya_606m_grisMejua_2025-01-26,grisMejua_2025_01_27__19_52_06_HDR0.jpg,grisMejua_2025_01_27__19_52_06_HDR0_12_Mothbot_yolo11m_4500_imgsz1600_b1_2024-01-18.pt.jpg
doi.org10.15468dl.6nxkw6.csv,Animalia,Arthropoda,Insecta,Hemiptera,,,,,809,,Hemiptera,Hemiptera,Cerro_Hoya_Expedition_Hoya_606m_grisMejua_2025-01-26,grisMejua_2025_01_27__19_52_06_HDR0_13_Mothbot_yolo11m_4500_imgsz1600_b1_2024-01-18.pt.jpg,HS,Mothbot_yolo11m_4500_imgsz1600_b1_2024-01-18.pt,0.39075973629951477,,grisMejua,Cerro_Hoya_Expedition/Hoya_606m_grisMejua_2025-01-26/2025-01-27/patches/grisMejua_2025_01_27__19_52_06_HDR0_13_Mothbot_yolo11m_4500_imgsz1600_b1_2024-01-18.pt.jpg,ORDER_Hemiptera,2025-01-27,19:52:06,,2025_01_27__19_52_06,MachineObservation,Cerro_Hoya_Expedition_Hoya_606m_grisMejua_2025-01-26_2025-01-27,Cerro_Hoya_Expedition_Hoya_606m_grisMejua_2025-01-26,grisMejua_2025_01_27__19_52_06_HDR0.jpg,grisMejua_2025_01_27__19_52_06_HDR0_13_Mothbot_yolo11m_4500_imgsz1600_b1_2024-01-18.pt.jpg
doi.org10.15468dl.6nxkw6.csv,Animalia,Arthropoda,Insecta,Coleoptera,,,,,1470,,Coleoptera,Coleoptera,Cerro_Hoya_Expedition_Hoya_606m_grisMejua_2025-01-26,grisMejua_2025_01_27__19_52_06_HDR0_14_Mothbot_yolo11m_4500_imgsz1600_b1_2024-01-18.pt.jpg,HS,Mothbot_yolo11m_4500_imgsz1600_b1_2024-01-18.pt,0.37400275468826294,,grisMejua,Cerro_Hoya_Expedition/Hoya_606m_grisMejua_2025-01-26/2025-01-27/patches/grisMejua_2025_01_27__19_52_06_HDR0_14_Mothbot_yolo11m_4500_imgsz1600_b1_2024-01-18.pt.jpg,ORDER_Coleoptera,2025-01-27,19:52:06,,2025_01_27__19_52_06,MachineObservation,Cerro_Hoya_Expedition_Hoya_606m_grisMejua_2025-01-26_2025-01-27,Cerro_Hoya_Expedition_Hoya_606m_grisMejua_2025-01-26,grisMejua_2025_01_27__19_52_06_HDR0.jpg,grisMejua_2025_01_27__19_52_06_HDR0_14_Mothbot_yolo11m_4500_imgsz1600_b1_2024-01-18.pt.jpg
doi.org10.15468dl.6nxkw6.csv,Animalia,Arthropoda,Insecta,Coleoptera,,,,,1470,,Coleoptera,Coleoptera,Cerro_Hoya_Expedition_Hoya_606m_grisMejua_2025-01-26,grisMejua_2025_01_27__19_52_06_HDR0_15_Mothbot_yolo11m_4500_imgsz1600_b1_2024-01-18.pt.jpg,HS,Mothbot_yolo11m_4500_imgsz1600_b1_2024-01-18.pt,0.36699149012565613,,grisMejua,Cerro_Hoya_Expedition/Hoya_606m_grisMejua_2025-01-26/2025-01-27/patches/grisMejua_2025_01_27__19_52_06_HDR0_15_Mothbot_yolo11m_4500_imgsz1600_b1_2024-01-18.pt.jpg,ORDER_Coleoptera,2025-01-27,19:52:06,,2025_01_27__19_52_06,MachineObservation,Cerro_Hoya_Expedition_Hoya_606m_grisMejua_2025-01-26_2025-01-27,Cerro_Hoya_Expedition_Hoya_606m_grisMejua_2025-01-26,grisMejua_2025_01_27__19_52_06_HDR0.jpg,grisMejua_2025_01_27__19_52_06_HDR0_15_Mothbot_yolo11m_4500_imgsz1600_b1_2024-01-18.pt.jpg
doi.org10.15468dl.6nxkw6.csv,Animalia,Arthropoda,Insecta,Coleoptera,,,,,1470,,Coleoptera,Coleoptera,Cerro_Hoya_Expedition_Hoya_606m_grisMejua_2025-01-26,grisMejua_2025_01_27__19_52_06_HDR0_16_Mothbot_yolo11m_4500_imgsz1600_b1_2024-01-18.pt.jpg,HS,Mothbot_yolo11m_4500_imgsz1600_b1_2024-01-18.pt,0.3116007149219513,,grisMejua,Cerro_Hoya_Expedition/Hoya_606m_grisMejua_2025-01-26/2025-01-27/patches/grisMejua_2025_01_27__19_52_06_HDR0_16_Mothbot_yolo11m_4500_imgsz1600_b1_2024-01-18.pt.jpg,ORDER_Coleoptera,2025-01-27,19:52:06,,2025_01_27__19_52_06,MachineObservation,Cerro_Hoya_Expedition_Hoya_606m_grisMejua_2025-01-26_2025-01-27,Cerro_Hoya_Expedition_Hoya_606m_grisMejua_2025-01-26,grisMejua_2025_01_27__19_52_06_HDR0.jpg,grisMejua_2025_01_27__19_52_06_HDR0_16_Mothbot_yolo11m_4500_imgsz1600_b1_2024-01-18.pt.jpg
doi.org10.15468dl.6nxkw6.csv,Animalia,Arthropoda,Insecta,Lepidoptera,,,,,797,,Lepidoptera,Lepidoptera,Cerro_Hoya_Expedition_Hoya_606m_grisMejua_2025-01-26,grisMejua_2025_01_27__19_53_06_HDR0_0_Mothbot_yolo11m_4500_imgsz1600_b1_2024-01-18.pt.jpg,HS,Mothbot_yolo11m_4500_imgsz1600_b1_2024-01-18.pt,0.8075206875801086,,grisMejua,Cerro_Hoya_Expedition/Hoya_606m_grisMejua_2025-01-26/2025-01-27/patches/grisMejua_2025_01_27__19_53_06_HDR0_0_Mothbot_yolo11m_4500_imgsz1600_b1_2024-01-18.pt.jpg,ORDER_Lepidoptera,2025-01-27,19:53:06,,2025_01_27__19_53_06,MachineObservation,Cerro_Hoya_Expedition_Hoya_606m_grisMejua_2025-01-26_2025-01-27,Cerro_Hoya_Expedition_Hoya_606m_grisMejua_2025-01-26,grisMejua_2025_01_27__19_53_06_HDR0.jpg,grisMejua_2025_01_27__19_53_06_HDR0_0_Mothbot_yolo11m_4500_imgsz1600_b1_2024-01-18.pt.jpg
doi.org10.15468dl.6nxkw6.csv,Animalia,Arthropoda,Insecta,Hemiptera,,,,,809,,Hemiptera,Hemiptera,Cerro_Hoya_Expedition_Hoya_606m_grisMejua_2025-01-26,grisMejua_2025_01_27__19_53_06_HDR0_1_Mothbot_yolo11m_4500_imgsz1600_b1_2024-01-18.pt.jpg,HS,Mothbot_yolo11m_4500_imgsz1600_b1_2024-01-18.pt,0.7994175553321838,,grisMejua,Cerro_Hoya_Expedition/Hoya_606m_grisMejua_2025-01-26/2025-01-27/patches/grisMejua_2025_01_27__19_53_06_HDR0_1_Mothbot_yolo11m_4500_imgsz1600_b1_2024-01-18.pt.jpg,ORDER_Orthoptera,2025-01-27,19:53:06,,2025_01_27__19_53_06,MachineObservation,Cerro_Hoya_Expedition_Hoya_606m_grisMejua_2025-01-26_2025-01-27,Cerro_Hoya_Expedition_Hoya_606m_grisMejua_2025-01-26,grisMejua_2025_01_27__19_53_06_HDR0.jpg,grisMejua_2025_01_27__19_53_06_HDR0_1_Mothbot_yolo11m_4500_imgsz1600_b1_2024-01-18.pt.jpg
doi.org10.15468dl.6nxkw6.csv,Animalia,Arthropoda,Insecta,Lepidoptera,,,,,797,,Lepidoptera,Lepidoptera,Cerro_Hoya_Expedition_Hoya_606m_grisMejua_2025-01-26,grisMejua_2025_01_27__19_53_06_HDR0_2_Mothbot_yolo11m_4500_imgsz1600_b1_2024-01-18.pt.jpg,HS,Mothbot_yolo11m_4500_imgsz1600_b1_2024-01-18.pt,0.7497712969779968,,grisMejua,Cerro_Hoya_Expedition/Hoya_606m_grisMejua_2025-01-26/2025-01-27/patches/grisMejua_2025_01_27__19_53_06_HDR0_2_Mothbot_yolo11m_4500_imgsz1600_b1_2024-01-18.pt.jpg,ORDER_Lepidoptera,2025-01-27,19:53:06,,2025_01_27__19_53_06,MachineObservation,Cerro_Hoya_Expedition_Hoya_606m_grisMejua_2025-01-26_2025-01-27,Cerro_Hoya_Expedition_Hoya_606m_grisMejua_2025-01-26,grisMejua_2025_01_27__19_53_06_HDR0.jpg,grisMejua_2025_01_27__19_53_06_HDR0_2_Mothbot_yolo11m_4500_imgsz1600_b1_2024-01-18.pt.jpg
doi.org10.15468dl.6nxkw6.csv,Animalia,Arthropoda,Insecta,,,,,,216,,Insecta,Insecta,Cerro_Hoya_Expedition_Hoya_606m_grisMejua_2025-01-26,grisMejua_2025_01_27__19_53_06_HDR0_3_Mothbot_yolo11m_4500_imgsz1600_b1_2024-01-18.pt.jpg,HS,Mothbot_yolo11m_4500_imgsz1600_b1_2024-01-18.pt,0.6464115381240845,,grisMejua,Cerro_Hoya_Expedition/Hoya_606m_grisMejua_2025-01-26/2025-01-27/patches/grisMejua_2025_01_27__19_53_06_HDR0_3_Mothbot_yolo11m_4500_imgsz1600_b1_2024-01-18.pt.jpg,ORDER_Diptera,2025-01-27,19:53:06,,2025_01_27__19_53_06,MachineObservation,Cerro_Hoya_Expedition_Hoya_606m_grisMejua_2025-01-26_2025-01-27,Cerro_Hoya_Expedition_Hoya_606m_grisMejua_2025-01-26,grisMejua_2025_01_27__19_53_06_HDR0.jpg,grisMejua_2025_01_27__19_53_06_HDR0_3_Mothbot_yolo11m_4500_imgsz1600_b1_2024-01-18.pt.jpg
doi.org10.15468dl.6nxkw6.csv,Animalia,Arthropoda,Insecta,Hemiptera,,,,,809,,Hemiptera,Hemiptera,Cerro_Hoya_Expedition_Hoya_606m_grisMejua_2025-01-26,grisMejua_2025_01_27__19_53_06_HDR0_4_Mothbot_yolo11m_4500_imgsz1600_b1_2024-01-18.pt.jpg,HS,Mothbot_yolo11m_4500_imgsz1600_b1_2024-01-18.pt,0.6034829020500183,,grisMejua,Cerro_Hoya_Expedition/Hoya_606m_grisMejua_2025-01-26/2025-01-27/patches/grisMejua_2025_01_27__19_53_06_HDR0_4_Mothbot_yolo11m_4500_imgsz1600_b1_2024-01-18.pt.jpg,ORDER_Coleoptera,2025-01-27,19:53:06,,2025_01_27__19_53_06,MachineObservation,Cerro_Hoya_Expedition_Hoya_606m_grisMejua_2025-01-26_2025-01-27,Cerro_Hoya_Expedition_Hoya_606m_grisMejua_2025-01-26,grisMejua_2025_01_27__19_53_06_HDR0.jpg,grisMejua_2025_01_27__19_53_06_HDR0_4_Mothbot_yolo11m_4500_imgsz1600_b1_2024-01-18.pt.jpg
doi.org10.15468dl.6nxkw6.csv,Animalia,Arthropoda,Insecta,Coleoptera,,,,,1470,,Coleoptera,Coleoptera,Cerro_Hoya_Expedition_Hoya_606m_grisMejua_2025-01-26,grisMejua_2025_01_27__19_53_06_HDR0_5_Mothbot_yolo11m_4500_imgsz1600_b1_2024-01-18.pt.jpg,HS,Mothbot_yolo11m_4500_imgsz1600_b1_2024-01-18.pt,0.4408504068851471,,grisMejua,Cerro_Hoya_Expedition/Hoya_606m_grisMejua_2025-01-26/2025-01-27/patches/grisMejua_2025_01_27__19_53_06_HDR0_5_Mothbot_yolo11m_4500_imgsz1600_b1_2024-01-18.pt.jpg,ORDER_Coleoptera,2025-01-27,19:53:06,,2025_01_27__19_53_06,MachineObservation,Cerro_Hoya_Expedition_Hoya_606m_grisMejua_2025-01-26_2025-01-27,Cerro_Hoya_Expedition_Hoya_606m_grisMejua_2025-01-26,grisMejua_2025_01_27__19_53_06_HDR0.jpg,grisMejua_2025_01_27__19_53_06_HDR0_5_Mothbot_yolo11m_4500_imgsz1600_b1_2024-01-18.pt.jpg
doi.org10.15468dl.6nxkw6.csv,Animalia,Arthropoda,Insecta,Coleoptera,,,,,1470,,Coleoptera,Coleoptera,Cerro_Hoya_Expedition_Hoya_606m_grisMejua_2025-01-26,grisMejua_2025_01_27__19_53_06_HDR0_6_Mothbot_yolo11m_4500_imgsz1600_b1_2024-01-18.pt.jpg,HS,Mothbot_yolo11m_4500_imgsz1600_b1_2024-01-18.pt,0.42491331696510315,,grisMejua,Cerro_Hoya_Expedition/Hoya_606m_grisMejua_2025-01-26/2025-01-27/patches/grisMejua_2025_01_27__19_53_06_HDR0_6_Mothbot_yolo11m_4500_imgsz1600_b1_2024-01-18.pt.jpg,ORDER_Coleoptera,2025-01-27,19:53:06,,2025_01_27__19_53_06,MachineObservation,Cerro_Hoya_Expedition_Hoya_606m_grisMejua_2025-01-26_2025-01-27,Cerro_Hoya_Expedition_Hoya_606m_grisMejua_2025-01-26,grisMejua_2025_01_27__19_53_06_HDR0.jpg,grisMejua_2025_01_27__19_53_06_HDR0_6_Mothbot_yolo11m_4500_imgsz1600_b1_2024-01-18.pt.jpg
doi.org10.15468dl.6nxkw6.csv,Animalia,Arthropoda,Insecta,Coleoptera,,,,,1470,,Coleoptera,Coleoptera,Cerro_Hoya_Expedition_Hoya_606m_grisMejua_2025-01-26,grisMejua_2025_01_27__19_53_06_HDR0_7_Mothbot_yolo11m_4500_imgsz1600_b1_2024-01-18.pt.jpg,HS,Mothbot_yolo11m_4500_imgsz1600_b1_2024-01-18.pt,0.4032437205314636,,grisMejua,Cerro_Hoya_Expedition/Hoya_606m_grisMejua_2025-01-26/2025-01-27/patches/grisMejua_2025_01_27__19_53_06_HDR0_7_Mothbot_yolo11m_4500_imgsz1600_b1_2024-01-18.pt.jpg,ORDER_Coleoptera,2025-01-27,19:53:06,,2025_01_27__19_53_06,MachineObservation,Cerro_Hoya_Expedition_Hoya_606m_grisMejua_2025-01-26_2025-01-27,Cerro_Hoya_Expedition_Hoya_606m_grisMejua_2025-01-26,grisMejua_2025_01_27__19_53_06_HDR0.jpg,grisMejua_2025_01_27__19_53_06_HDR0_7_Mothbot_yolo11m_4500_imgsz1600_b1_2024-01-18.pt.jpg
doi.org10.15468dl.6nxkw6.csv,Animalia,Arthropoda,Insecta,Hemiptera,,,,,809,,Hemiptera,Hemiptera,Cerro_Hoya_Expedition_Hoya_606m_grisMejua_2025-01-26,grisMejua_2025_01_27__19_53_06_HDR0_8_Mothbot_yolo11m_4500_imgsz1600_b1_2024-01-18.pt.jpg,HS,Mothbot_yolo11m_4500_imgsz1600_b1_2024-01-18.pt,0.3981003165245056,,grisMejua,Cerro_Hoya_Expedition/Hoya_606m_grisMejua_2025-01-26/2025-01-27/patches/grisMejua_2025_01_27__19_53_06_HDR0_8_Mothbot_yolo11m_4500_imgsz1600_b1_2024-01-18.pt.jpg,ORDER_Hemiptera,2025-01-27,19:53:06,,2025_01_27__19_53_06,MachineObservation,Cerro_Hoya_Expedition_Hoya_606m_grisMejua_2025-01-26_2025-01-27,Cerro_Hoya_Expedition_Hoya_606m_grisMejua_2025-01-26,grisMejua_2025_01_27__19_53_06_HDR0.jpg,grisMejua_2025_01_27__19_53_06_HDR0_8_Mothbot_yolo11m_4500_imgsz1600_b1_2024-01-18.pt.jpg
doi.org10.15468dl.6nxkw6.csv,Animalia,Arthropoda,Insecta,Coleoptera,,,,,1470,,Coleoptera,Coleoptera,Cerro_Hoya_Expedition_Hoya_606m_grisMejua_2025-01-26,grisMejua_2025_01_27__19_53_06_HDR0_9_Mothbot_yolo11m_4500_imgsz1600_b1_2024-01-18.pt.jpg,HS,Mothbot_yolo11m_4500_imgsz1600_b1_2024-01-18.pt,0.3968721032142639,,grisMejua,Cerro_Hoya_Expedition/Hoya_606m_grisMejua_2025-01-26/2025-01-27/patches/grisMejua_2025_01_27__19_53_06_HDR0_9_Mothbot_yolo11m_4500_imgsz1600_b1_2024-01-18.pt.jpg,ORDER_Coleoptera,2025-01-27,19:53:06,,2025_01_27__19_53_06,MachineObservation,Cerro_Hoya_Expedition_Hoya_606m_grisMejua_2025-01-26_2025-01-27,Cerro_Hoya_Expedition_Hoya_606m_grisMejua_2025-01-26,grisMejua_2025_01_27__19_53_06_HDR0.jpg,grisMejua_2025_01_27__19_53_06_HDR0_9_Mothbot_yolo11m_4500_imgsz1600_b1_2024-01-18.pt.jpg
doi.org10.15468dl.6nxkw6.csv,Animalia,Arthropoda,Insecta,Coleoptera,,,,,1470,,Coleoptera,Coleoptera,Cerro_Hoya_Expedition_Hoya_606m_grisMejua_2025-01-26,grisMejua_2025_01_27__19_53_06_HDR0_10_Mothbot_yolo11m_4500_imgsz1600_b1_2024-01-18.pt.jpg,HS,Mothbot_yolo11m_4500_imgsz1600_b1_2024-01-18.pt,0.38866472244262695,,grisMejua,Cerro_Hoya_Expedition/Hoya_606m_grisMejua_2025-01-26/2025-01-27/patches/grisMejua_2025_01_27__19_53_06_HDR0_10_Mothbot_yolo11m_4500_imgsz1600_b1_2024-01-18.pt.jpg,ORDER_Coleoptera,2025-01-27,19:53:06,,2025_01_27__19_53_06,MachineObservation,Cerro_Hoya_Expedition_Hoya_606m_grisMejua_2025-01-26_2025-01-27,Cerro_Hoya_Expedition_Hoya_606m_grisMejua_2025-01-26,grisMejua_2025_01_27__19_53_06_HDR0.jpg,grisMejua_2025_01_27__19_53_06_HDR0_10_Mothbot_yolo11m_4500_imgsz1600_b1_2024-01-18.pt.jpg
doi.org10.15468dl.6nxkw6.csv,Animalia,Arthropoda,Insecta,Hemiptera,,,,,809,,Hemiptera,Hemiptera,Cerro_Hoya_Expedition_Hoya_606m_grisMejua_2025-01-26,grisMejua_2025_01_27__19_53_06_HDR0_11_Mothbot_yolo11m_4500_imgsz1600_b1_2024-01-18.pt.jpg,HS,Mothbot_yolo11m_4500_imgsz1600_b1_2024-01-18.pt,0.3412400484085083,,grisMejua,Cerro_Hoya_Expedition/Hoya_606m_grisMejua_2025-01-26/2025-01-27/patches/grisMejua_2025_01_27__19_53_06_HDR0_11_Mothbot_yolo11m_4500_imgsz1600_b1_2024-01-18.pt.jpg,ORDER_Hemiptera,2025-01-27,19:53:06,,2025_01_27__19_53_06,MachineObservation,Cerro_Hoya_Expedition_Hoya_606m_grisMejua_2025-01-26_2025-01-27,Cerro_Hoya_Expedition_Hoya_606m_grisMejua_2025-01-26,grisMejua_2025_01_27__19_53_06_HDR0.jpg,grisMejua_2025_01_27__19_53_06_HDR0_11_Mothbot_yolo11m_4500_imgsz1600_b1_2024-01-18.pt.jpg
doi.org10.15468dl.6nxkw6.csv,Animalia,Arthropoda,Insecta,Coleoptera,,,,,1470,,Coleoptera,Coleoptera,Cerro_Hoya_Expedition_Hoya_606m_grisMejua_2025-01-26,grisMejua_2025_01_27__19_53_06_HDR0_12_Mothbot_yolo11m_4500_imgsz1600_b1_2024-01-18.pt.jpg,HS,Mothbot_yolo11m_4500_imgsz1600_b1_2024-01-18.pt,0.3048732280731201,,grisMejua,Cerro_Hoya_Expedition/Hoya_606m_grisMejua_2025-01-26/2025-01-27/patches/grisMejua_2025_01_27__19_53_06_HDR0_12_Mothbot_yolo11m_4500_imgsz1600_b1_2024-01-18.pt.jpg,ORDER_Coleoptera,2025-01-27,19:53:06,,2025_01_27__19_53_06,MachineObservation,Cerro_Hoya_Expedition_Hoya_606m_grisMejua_2025-01-26_2025-01-27,Cerro_Hoya_Expedition_Hoya_606m_grisMejua_2025-01-26,grisMejua_2025_01_27__19_53_06_HDR0.jpg,grisMejua_2025_01_27__19_53_06_HDR0_12_Mothbot_yolo11m_4500_imgsz1600_b1_2024-01-18.pt.jpg
doi.org10.15468dl.6nxkw6.csv,Animalia,Arthropoda,Insecta,Coleoptera,,,,,1470,,Coleoptera,Coleoptera,Cerro_Hoya_Expedition_Hoya_606m_grisMejua_2025-01-26,grisMejua_2025_01_27__19_53_06_HDR0_13_Mothbot_yolo11m_4500_imgsz1600_b1_2024-01-18.pt.jpg,HS,Mothbot_yolo11m_4500_imgsz1600_b1_2024-01-18.pt,0.30341917276382446,,grisMejua,Cerro_Hoya_Expedition/Hoya_606m_grisMejua_2025-01-26/2025-01-27/patches/grisMejua_2025_01_27__19_53_06_HDR0_13_Mothbot_yolo11m_4500_imgsz1600_b1_2024-01-18.pt.jpg,ORDER_Coleoptera,2025-01-27,19:53:06,,2025_01_27__19_53_06,MachineObservation,Cerro_Hoya_Expedition_Hoya_606m_grisMejua_2025-01-26_2025-01-27,Cerro_Hoya_Expedition_Hoya_606m_grisMejua_2025-01-26,grisMejua_2025_01_27__19_53_06_HDR0.jpg,grisMejua_2025_01_27__19_53_06_HDR0_13_Mothbot_yolo11m_4500_imgsz1600_b1_2024-01-18.pt.jpg
doi.org10.15468dl.6nxkw6.csv,Animalia,Arthropoda,Insecta,Diptera,,,,,811,,Diptera,Diptera,Cerro_Hoya_Expedition_Hoya_606m_grisMejua_2025-01-26,grisMejua_2025_01_27__19_53_06_HDR0_14_Mothbot_yolo11m_4500_imgsz1600_b1_2024-01-18.pt.jpg,HS,Mothbot_yolo11m_4500_imgsz1600_b1_2024-01-18.pt,0.26980865001678467,,grisMejua,Cerro_Hoya_Expedition/Hoya_606m_grisMejua_2025-01-26/2025-01-27/patches/grisMejua_2025_01_27__19_53_06_HDR0_14_Mothbot_yolo11m_4500_imgsz1600_b1_2024-01-18.pt.jpg,ORDER_Diptera,2025-01-27,19:53:06,,2025_01_27__19_53_06,MachineObservation,Cerro_Hoya_Expedition_Hoya_606m_grisMejua_2025-01-26_2025-01-27,Cerro_Hoya_Expedition_Hoya_606m_grisMejua_2025-01-26,grisMejua_2025_01_27__19_53_06_HDR0.jpg,grisMejua_2025_01_27__19_53_06_HDR0_14_Mothbot_yolo11m_4500_imgsz1600_b1_2024-01-18.pt.jpg
doi.org10.15468dl.6nxkw6.csv,Animalia,Arthropoda,Insecta,Lepidoptera,,,,,797,,Lepidoptera,Lepidoptera,Cerro_Hoya_Expedition_Hoya_606m_grisMejua_2025-01-26,grisMejua_2025_01_27__19_54_05_HDR0_0_Mothbot_yolo11m_4500_imgsz1600_b1_2024-01-18.pt.jpg,HS,Mothbot_yolo11m_4500_imgsz1600_b1_2024-01-18.pt,0.8173205852508545,,grisMejua,Cerro_Hoya_Expedition/Hoya_606m_grisMejua_2025-01-26/2025-01-27/patches/grisMejua_2025_01_27__19_54_05_HDR0_0_Mothbot_yolo11m_4500_imgsz1600_b1_2024-01-18.pt.jpg,ORDER_Lepidoptera,2025-01-27,19:54:05,,2025_01_27__19_54_05,MachineObservation,Cerro_Hoya_Expedition_Hoya_606m_grisMejua_2025-01-26_2025-01-27,Cerro_Hoya_Expedition_Hoya_606m_grisMejua_2025-01-26,grisMejua_2025_01_27__19_54_05_HDR0.jpg,grisMejua_2025_01_27__19_54_05_HDR0_0_Mothbot_yolo11m_4500_imgsz1600_b1_2024-01-18.pt.jpg
doi.org10.15468dl.6nxkw6.csv,Animalia,Arthropoda,Insecta,Lepidoptera,,,,,797,,Lepidoptera,Lepidoptera,Cerro_Hoya_Expedition_Hoya_606m_grisMejua_2025-01-26,grisMejua_2025_01_27__19_54_05_HDR0_1_Mothbot_yolo11m_4500_imgsz1600_b1_2024-01-18.pt.jpg,HS,Mothbot_yolo11m_4500_imgsz1600_b1_2024-01-18.pt,0.7624807357788086,,grisMejua,Cerro_Hoya_Expedition/Hoya_606m_grisMejua_2025-01-26/2025-01-27/patches/grisMejua_2025_01_27__19_54_05_HDR0_1_Mothbot_yolo11m_4500_imgsz1600_b1_2024-01-18.pt.jpg,ORDER_Lepidoptera,2025-01-27,19:54:05,,2025_01_27__19_54_05,MachineObservation,Cerro_Hoya_Expedition_Hoya_606m_grisMejua_2025-01-26_2025-01-27,Cerro_Hoya_Expedition_Hoya_606m_grisMejua_2025-01-26,grisMejua_2025_01_27__19_54_05_HDR0.jpg,grisMejua_2025_01_27__19_54_05_HDR0_1_Mothbot_yolo11m_4500_imgsz1600_b1_2024-01-18.pt.jpg
doi.org10.15468dl.6nxkw6.csv,Animalia,Arthropoda,Insecta,Hemiptera,,,,,809,,Hemiptera,Hemiptera,Cerro_Hoya_Expedition_Hoya_606m_grisMejua_2025-01-26,grisMejua_2025_01_27__19_54_05_HDR0_2_Mothbot_yolo11m_4500_imgsz1600_b1_2024-01-18.pt.jpg,HS,Mothbot_yolo11m_4500_imgsz1600_b1_2024-01-18.pt,0.6040791869163513,,grisMejua,Cerro_Hoya_Expedition/Hoya_606m_grisMejua_2025-01-26/2025-01-27/patches/grisMejua_2025_01_27__19_54_05_HDR0_2_Mothbot_yolo11m_4500_imgsz1600_b1_2024-01-18.pt.jpg,ORDER_Coleoptera,2025-01-27,19:54:05,,2025_01_27__19_54_05,MachineObservation,Cerro_Hoya_Expedition_Hoya_606m_grisMejua_2025-01-26_2025-01-27,Cerro_Hoya_Expedition_Hoya_606m_grisMejua_2025-01-26,grisMejua_2025_01_27__19_54_05_HDR0.jpg,grisMejua_2025_01_27__19_54_05_HDR0_2_Mothbot_yolo11m_4500_imgsz1600_b1_2024-01-18.pt.jpg
doi.org10.15468dl.6nxkw6.csv,Animalia,Arthropoda,Insecta,Hemiptera,,,,,809,,Hemiptera,Hemiptera,Cerro_Hoya_Expedition_Hoya_606m_grisMejua_2025-01-26,grisMejua_2025_01_27__19_54_05_HDR0_3_Mothbot_yolo11m_4500_imgsz1600_b1_2024-01-18.pt.jpg,HS,Mothbot_yolo11m_4500_imgsz1600_b1_2024-01-18.pt,0.5777815580368042,,grisMejua,Cerro_Hoya_Expedition/Hoya_606m_grisMejua_2025-01-26/2025-01-27/patches/grisMejua_2025_01_27__19_54_05_HDR0_3_Mothbot_yolo11m_4500_imgsz1600_b1_2024-01-18.pt.jpg,ORDER_Diptera,2025-01-27,19:54:05,,2025_01_27__19_54_05,MachineObservation,Cerro_Hoya_Expedition_Hoya_606m_grisMejua_2025-01-26_2025-01-27,Cerro_Hoya_Expedition_Hoya_606m_grisMejua_2025-01-26,grisMejua_2025_01_27__19_54_05_HDR0.jpg,grisMejua_2025_01_27__19_54_05_HDR0_3_Mothbot_yolo11m_4500_imgsz1600_b1_2024-01-18.pt.jpg
doi.org10.15468dl.6nxkw6.csv,Animalia,Arthropoda,Insecta,Coleoptera,,,,,1470,,Coleoptera,Coleoptera,Cerro_Hoya_Expedition_Hoya_606m_grisMejua_2025-01-26,grisMejua_2025_01_27__19_54_05_HDR0_4_Mothbot_yolo11m_4500_imgsz1600_b1_2024-01-18.pt.jpg,HS,Mothbot_yolo11m_4500_imgsz1600_b1_2024-01-18.pt,0.4843917489051819,,grisMejua,Cerro_Hoya_Expedition/Hoya_606m_grisMejua_2025-01-26/2025-01-27/patches/grisMejua_2025_01_27__19_54_05_HDR0_4_Mothbot_yolo11m_4500_imgsz1600_b1_2024-01-18.pt.jpg,ORDER_Hemiptera,2025-01-27,19:54:05,,2025_01_27__19_54_05,MachineObservation,Cerro_Hoya_Expedition_Hoya_606m_grisMejua_2025-01-26_2025-01-27,Cerro_Hoya_Expedition_Hoya_606m_grisMejua_2025-01-26,grisMejua_2025_01_27__19_54_05_HDR0.jpg,grisMejua_2025_01_27__19_54_05_HDR0_4_Mothbot_yolo11m_4500_imgsz1600_b1_2024-01-18.pt.jpg
doi.org10.15468dl.6nxkw6.csv,Animalia,Arthropoda,Insecta,Coleoptera,,,,,1470,,Coleoptera,Coleoptera,Cerro_Hoya_Expedition_Hoya_606m_grisMejua_2025-01-26,grisMejua_2025_01_27__19_54_05_HDR0_5_Mothbot_yolo11m_4500_imgsz1600_b1_2024-01-18.pt.jpg,HS,Mothbot_yolo11m_4500_imgsz1600_b1_2024-01-18.pt,0.47246551513671875,,grisMejua,Cerro_Hoya_Expedition/Hoya_606m_grisMejua_2025-01-26/2025-01-27/patches/grisMejua_2025_01_27__19_54_05_HDR0_5_Mothbot_yolo11m_4500_imgsz1600_b1_2024-01-18.pt.jpg,ORDER_Coleoptera,2025-01-27,19:54:05,,2025_01_27__19_54_05,MachineObservation,Cerro_Hoya_Expedition_Hoya_606m_grisMejua_2025-01-26_2025-01-27,Cerro_Hoya_Expedition_Hoya_606m_grisMejua_2025-01-26,grisMejua_2025_01_27__19_54_05_HDR0.jpg,grisMejua_2025_01_27__19_54_05_HDR0_5_Mothbot_yolo11m_4500_imgsz1600_b1_2024-01-18.pt.jpg
doi.org10.15468dl.6nxkw6.csv,Animalia,Arthropoda,Insecta,Coleoptera,,,,,1470,,Coleoptera,Coleoptera,Cerro_Hoya_Expedition_Hoya_606m_grisMejua_2025-01-26,grisMejua_2025_01_27__19_54_05_HDR0_6_Mothbot_yolo11m_4500_imgsz1600_b1_2024-01-18.pt.jpg,HS,Mothbot_yolo11m_4500_imgsz1600_b1_2024-01-18.pt,0.44895103573799133,,grisMejua,Cerro_Hoya_Expedition/Hoya_606m_grisMejua_2025-01-26/2025-01-27/patches/grisMejua_2025_01_27__19_54_05_HDR0_6_Mothbot_yolo11m_4500_imgsz1600_b1_2024-01-18.pt.jpg,ORDER_Coleoptera,2025-01-27,19:54:05,,2025_01_27__19_54_05,MachineObservation,Cerro_Hoya_Expedition_Hoya_606m_grisMejua_2025-01-26_2025-01-27,Cerro_Hoya_Expedition_Hoya_606m_grisMejua_2025-01-26,grisMejua_2025_01_27__19_54_05_HDR0.jpg,grisMejua_2025_01_27__19_54_05_HDR0_6_Mothbot_yolo11m_4500_imgsz1600_b1_2024-01-18.pt.jpg
doi.org10.15468dl.6nxkw6.csv,Animalia,Arthropoda,Insecta,Coleoptera,,,,,1470,,Coleoptera,Coleoptera,Cerro_Hoya_Expedition_Hoya_606m_grisMejua_2025-01-26,grisMejua_2025_01_27__19_54_05_HDR0_7_Mothbot_yolo11m_4500_imgsz1600_b1_2024-01-18.pt.jpg,HS,Mothbot_yolo11m_4500_imgsz1600_b1_2024-01-18.pt,0.44597765803337097,,grisMejua,Cerro_Hoya_Expedition/Hoya_606m_grisMejua_2025-01-26/2025-01-27/patches/grisMejua_2025_01_27__19_54_05_HDR0_7_Mothbot_yolo11m_4500_imgsz1600_b1_2024-01-18.pt.jpg,ORDER_Coleoptera,2025-01-27,19:54:05,,2025_01_27__19_54_05,MachineObservation,Cerro_Hoya_Expedition_Hoya_606m_grisMejua_2025-01-26_2025-01-27,Cerro_Hoya_Expedition_Hoya_606m_grisMejua_2025-01-26,grisMejua_2025_01_27__19_54_05_HDR0.jpg,grisMejua_2025_01_27__19_54_05_HDR0_7_Mothbot_yolo11m_4500_imgsz1600_b1_2024-01-18.pt.jpg
doi.org10.15468dl.6nxkw6.csv,Animalia,Arthropoda,Insecta,Coleoptera,,,,,1470,,Coleoptera,Coleoptera,Cerro_Hoya_Expedition_Hoya_606m_grisMejua_2025-01-26,grisMejua_2025_01_27__19_54_05_HDR0_8_Mothbot_yolo11m_4500_imgsz1600_b1_2024-01-18.pt.jpg,HS,Mothbot_yolo11m_4500_imgsz1600_b1_2024-01-18.pt,0.4178646504878998,,grisMejua,Cerro_Hoya_Expedition/Hoya_606m_grisMejua_2025-01-26/2025-01-27/patches/grisMejua_2025_01_27__19_54_05_HDR0_8_Mothbot_yolo11m_4500_imgsz1600_b1_2024-01-18.pt.jpg,ORDER_Hemiptera,2025-01-27,19:54:05,,2025_01_27__19_54_05,MachineObservation,Cerro_Hoya_Expedition_Hoya_606m_grisMejua_2025-01-26_2025-01-27,Cerro_Hoya_Expedition_Hoya_606m_grisMejua_2025-01-26,grisMejua_2025_01_27__19_54_05_HDR0.jpg,grisMejua_2025_01_27__19_54_05_HDR0_8_Mothbot_yolo11m_4500_imgsz1600_b1_2024-01-18.pt.jpg
doi.org10.15468dl.6nxkw6.csv,Animalia,Arthropoda,Insecta,Hemiptera,,,,,809,,Hemiptera,Hemiptera,Cerro_Hoya_Expedition_Hoya_606m_grisMejua_2025-01-26,grisMejua_2025_01_27__19_54_05_HDR0_9_Mothbot_yolo11m_4500_imgsz1600_b1_2024-01-18.pt.jpg,HS,Mothbot_yolo11m_4500_imgsz1600_b1_2024-01-18.pt,0.4016597270965576,,grisMejua,Cerro_Hoya_Expedition/Hoya_606m_grisMejua_2025-01-26/2025-01-27/patches/grisMejua_2025_01_27__19_54_05_HDR0_9_Mothbot_yolo11m_4500_imgsz1600_b1_2024-01-18.pt.jpg,ORDER_Hemiptera,2025-01-27,19:54:05,,2025_01_27__19_54_05,MachineObservation,Cerro_Hoya_Expedition_Hoya_606m_grisMejua_2025-01-26_2025-01-27,Cerro_Hoya_Expedition_Hoya_606m_grisMejua_2025-01-26,grisMejua_2025_01_27__19_54_05_HDR0.jpg,grisMejua_2025_01_27__19_54_05_HDR0_9_Mothbot_yolo11m_4500_imgsz1600_b1_2024-01-18.pt.jpg
doi.org10.15468dl.6nxkw6.csv,Animalia,Arthropoda,Insecta,Hymenoptera,,,,,1457,,Hymenoptera,Hymenoptera,Cerro_Hoya_Expedition_Hoya_606m_grisMejua_2025-01-26,grisMejua_2025_01_27__19_54_05_HDR0_10_Mothbot_yolo11m_4500_imgsz1600_b1_2024-01-18.pt.jpg,HS,Mothbot_yolo11m_4500_imgsz1600_b1_2024-01-18.pt,0.3456367552280426,,grisMejua,Cerro_Hoya_Expedition/Hoya_606m_grisMejua_2025-01-26/2025-01-27/patches/grisMejua_2025_01_27__19_54_05_HDR0_10_Mothbot_yolo11m_4500_imgsz1600_b1_2024-01-18.pt.jpg,ORDER_Hymenoptera,2025-01-27,19:54:05,,2025_01_27__19_54_05,MachineObservation,Cerro_Hoya_Expedition_Hoya_606m_grisMejua_2025-01-26_2025-01-27,Cerro_Hoya_Expedition_Hoya_606m_grisMejua_2025-01-26,grisMejua_2025_01_27__19_54_05_HDR0.jpg,grisMejua_2025_01_27__19_54_05_HDR0_10_Mothbot_yolo11m_4500_imgsz1600_b1_2024-01-18.pt.jpg
doi.org10.15468dl.6nxkw6.csv,Animalia,Arthropoda,Insecta,Coleoptera,,,,,1470,,Coleoptera,Coleoptera,Cerro_Hoya_Expedition_Hoya_606m_grisMejua_2025-01-26,grisMejua_2025_01_27__19_54_05_HDR0_11_Mothbot_yolo11m_4500_imgsz1600_b1_2024-01-18.pt.jpg,HS,Mothbot_yolo11m_4500_imgsz1600_b1_2024-01-18.pt,0.34251827001571655,,grisMejua,Cerro_Hoya_Expedition/Hoya_606m_grisMejua_2025-01-26/2025-01-27/patches/grisMejua_2025_01_27__19_54_05_HDR0_11_Mothbot_yolo11m_4500_imgsz1600_b1_2024-01-18.pt.jpg,ORDER_Coleoptera,2025-01-27,19:54:05,,2025_01_27__19_54_05,MachineObservation,Cerro_Hoya_Expedition_Hoya_606m_grisMejua_2025-01-26_2025-01-27,Cerro_Hoya_Expedition_Hoya_606m_grisMejua_2025-01-26,grisMejua_2025_01_27__19_54_05_HDR0.jpg,grisMejua_2025_01_27__19_54_05_HDR0_11_Mothbot_yolo11m_4500_imgsz1600_b1_2024-01-18.pt.jpg
doi.org10.15468dl.6nxkw6.csv,Animalia,Arthropoda,Insecta,Coleoptera,,,,,1470,,Coleoptera,Coleoptera,Cerro_Hoya_Expedition_Hoya_606m_grisMejua_2025-01-26,grisMejua_2025_01_27__19_54_05_HDR0_12_Mothbot_yolo11m_4500_imgsz1600_b1_2024-01-18.pt.jpg,HS,Mothbot_yolo11m_4500_imgsz1600_b1_2024-01-18.pt,0.27000927925109863,,grisMejua,Cerro_Hoya_Expedition/Hoya_606m_grisMejua_2025-01-26/2025-01-27/patches/grisMejua_2025_01_27__19_54_05_HDR0_12_Mothbot_yolo11m_4500_imgsz1600_b1_2024-01-18.pt.jpg,ORDER_Coleoptera,2025-01-27,19:54:05,,2025_01_27__19_54_05,MachineObservation,Cerro_Hoya_Expedition_Hoya_606m_grisMejua_2025-01-26_2025-01-27,Cerro_Hoya_Expedition_Hoya_606m_grisMejua_2025-01-26,grisMejua_2025_01_27__19_54_05_HDR0.jpg,grisMejua_2025_01_27__19_54_05_HDR0_12_Mothbot_yolo11m_4500_imgsz1600_b1_2024-01-18.pt.jpg
doi.org10.15468dl.6nxkw6.csv,Animalia,Arthropoda,Insecta,Lepidoptera,,,,,797,,Lepidoptera,Lepidoptera,Cerro_Hoya_Expedition_Hoya_606m_grisMejua_2025-01-26,grisMejua_2025_01_27__19_55_06_HDR0_0_Mothbot_yolo11m_4500_imgsz1600_b1_2024-01-18.pt.jpg,HS,Mothbot_yolo11m_4500_imgsz1600_b1_2024-01-18.pt,0.8444851636886597,,grisMejua,Cerro_Hoya_Expedition/Hoya_606m_grisMejua_2025-01-26/2025-01-27/patches/grisMejua_2025_01_27__19_55_06_HDR0_0_Mothbot_yolo11m_4500_imgsz1600_b1_2024-01-18.pt.jpg,ORDER_Lepidoptera,2025-01-27,19:55:06,,2025_01_27__19_55_06,MachineObservation,Cerro_Hoya_Expedition_Hoya_606m_grisMejua_2025-01-26_2025-01-27,Cerro_Hoya_Expedition_Hoya_606m_grisMejua_2025-01-26,grisMejua_2025_01_27__19_55_06_HDR0.jpg,grisMejua_2025_01_27__19_55_06_HDR0_0_Mothbot_yolo11m_4500_imgsz1600_b1_2024-01-18.pt.jpg
doi.org10.15468dl.6nxkw6.csv,Animalia,Arthropoda,Insecta,Lepidoptera,,,,,797,,Lepidoptera,Lepidoptera,Cerro_Hoya_Expedition_Hoya_606m_grisMejua_2025-01-26,grisMejua_2025_01_27__19_55_06_HDR0_1_Mothbot_yolo11m_4500_imgsz1600_b1_2024-01-18.pt.jpg,HS,Mothbot_yolo11m_4500_imgsz1600_b1_2024-01-18.pt,0.8159336447715759,,grisMejua,Cerro_Hoya_Expedition/Hoya_606m_grisMejua_2025-01-26/2025-01-27/patches/grisMejua_2025_01_27__19_55_06_HDR0_1_Mothbot_yolo11m_4500_imgsz1600_b1_2024-01-18.pt.jpg,ORDER_Lepidoptera,2025-01-27,19:55:06,,2025_01_27__19_55_06,MachineObservation,Cerro_Hoya_Expedition_Hoya_606m_grisMejua_2025-01-26_2025-01-27,Cerro_Hoya_Expedition_Hoya_606m_grisMejua_2025-01-26,grisMejua_2025_01_27__19_55_06_HDR0.jpg,grisMejua_2025_01_27__19_55_06_HDR0_1_Mothbot_yolo11m_4500_imgsz1600_b1_2024-01-18.pt.jpg
doi.org10.15468dl.6nxkw6.csv,Animalia,Arthropoda,Insecta,Hemiptera,,,,,809,,Hemiptera,Hemiptera,Cerro_Hoya_Expedition_Hoya_606m_grisMejua_2025-01-26,grisMejua_2025_01_27__19_55_06_HDR0_2_Mothbot_yolo11m_4500_imgsz1600_b1_2024-01-18.pt.jpg,HS,Mothbot_yolo11m_4500_imgsz1600_b1_2024-01-18.pt,0.7960710525512695,,grisMejua,Cerro_Hoya_Expedition/Hoya_606m_grisMejua_2025-01-26/2025-01-27/patches/grisMejua_2025_01_27__19_55_06_HDR0_2_Mothbot_yolo11m_4500_imgsz1600_b1_2024-01-18.pt.jpg,ORDER_Hemiptera,2025-01-27,19:55:06,,2025_01_27__19_55_06,MachineObservation,Cerro_Hoya_Expedition_Hoya_606m_grisMejua_2025-01-26_2025-01-27,Cerro_Hoya_Expedition_Hoya_606m_grisMejua_2025-01-26,grisMejua_2025_01_27__19_55_06_HDR0.jpg,grisMejua_2025_01_27__19_55_06_HDR0_2_Mothbot_yolo11m_4500_imgsz1600_b1_2024-01-18.pt.jpg
doi.org10.15468dl.6nxkw6.csv,Animalia,Arthropoda,Insecta,Lepidoptera,,,,,797,,Lepidoptera,Lepidoptera,Cerro_Hoya_Expedition_Hoya_606m_grisMejua_2025-01-26,grisMejua_2025_01_27__19_55_06_HDR0_3_Mothbot_yolo11m_4500_imgsz1600_b1_2024-01-18.pt.jpg,HS,Mothbot_yolo11m_4500_imgsz1600_b1_2024-01-18.pt,0.7446567416191101,,grisMejua,Cerro_Hoya_Expedition/Hoya_606m_grisMejua_2025-01-26/2025-01-27/patches/grisMejua_2025_01_27__19_55_06_HDR0_3_Mothbot_yolo11m_4500_imgsz1600_b1_2024-01-18.pt.jpg,ORDER_Lepidoptera,2025-01-27,19:55:06,,2025_01_27__19_55_06,MachineObservation,Cerro_Hoya_Expedition_Hoya_606m_grisMejua_2025-01-26_2025-01-27,Cerro_Hoya_Expedition_Hoya_606m_grisMejua_2025-01-26,grisMejua_2025_01_27__19_55_06_HDR0.jpg,grisMejua_2025_01_27__19_55_06_HDR0_3_Mothbot_yolo11m_4500_imgsz1600_b1_2024-01-18.pt.jpg
doi.org10.15468dl.6nxkw6.csv,Animalia,Arthropoda,Insecta,Hemiptera,,,,,809,,Hemiptera,Hemiptera,Cerro_Hoya_Expedition_Hoya_606m_grisMejua_2025-01-26,grisMejua_2025_01_27__19_55_06_HDR0_4_Mothbot_yolo11m_4500_imgsz1600_b1_2024-01-18.pt.jpg,HS,Mothbot_yolo11m_4500_imgsz1600_b1_2024-01-18.pt,0.6540320515632629,,grisMejua,Cerro_Hoya_Expedition/Hoya_606m_grisMejua_2025-01-26/2025-01-27/patches/grisMejua_2025_01_27__19_55_06_HDR0_4_Mothbot_yolo11m_4500_imgsz1600_b1_2024-01-18.pt.jpg,ORDER_Diptera,2025-01-27,19:55:06,,2025_01_27__19_55_06,MachineObservation,Cerro_Hoya_Expedition_Hoya_606m_grisMejua_2025-01-26_2025-01-27,Cerro_Hoya_Expedition_Hoya_606m_grisMejua_2025-01-26,grisMejua_2025_01_27__19_55_06_HDR0.jpg,grisMejua_2025_01_27__19_55_06_HDR0_4_Mothbot_yolo11m_4500_imgsz1600_b1_2024-01-18.pt.jpg
doi.org10.15468dl.6nxkw6.csv,Animalia,Arthropoda,Insecta,Coleoptera,,,,,1470,,Coleoptera,Coleoptera,Cerro_Hoya_Expedition_Hoya_606m_grisMejua_2025-01-26,grisMejua_2025_01_27__19_55_06_HDR0_5_Mothbot_yolo11m_4500_imgsz1600_b1_2024-01-18.pt.jpg,HS,Mothbot_yolo11m_4500_imgsz1600_b1_2024-01-18.pt,0.5531823635101318,,grisMejua,Cerro_Hoya_Expedition/Hoya_606m_grisMejua_2025-01-26/2025-01-27/patches/grisMejua_2025_01_27__19_55_06_HDR0_5_Mothbot_yolo11m_4500_imgsz1600_b1_2024-01-18.pt.jpg,ORDER_Coleoptera,2025-01-27,19:55:06,,2025_01_27__19_55_06,MachineObservation,Cerro_Hoya_Expedition_Hoya_606m_grisMejua_2025-01-26_2025-01-27,Cerro_Hoya_Expedition_Hoya_606m_grisMejua_2025-01-26,grisMejua_2025_01_27__19_55_06_HDR0.jpg,grisMejua_2025_01_27__19_55_06_HDR0_5_Mothbot_yolo11m_4500_imgsz1600_b1_2024-01-18.pt.jpg
doi.org10.15468dl.6nxkw6.csv,Animalia,Arthropoda,Insecta,Hemiptera,,,,,809,,Hemiptera,Hemiptera,Cerro_Hoya_Expedition_Hoya_606m_grisMejua_2025-01-26,grisMejua_2025_01_27__19_55_06_HDR0_6_Mothbot_yolo11m_4500_imgsz1600_b1_2024-01-18.pt.jpg,HS,Mothbot_yolo11m_4500_imgsz1600_b1_2024-01-18.pt,0.49880850315093994,,grisMejua,Cerro_Hoya_Expedition/Hoya_606m_grisMejua_2025-01-26/2025-01-27/patches/grisMejua_2025_01_27__19_55_06_HDR0_6_Mothbot_yolo11m_4500_imgsz1600_b1_2024-01-18.pt.jpg,ORDER_Hemiptera,2025-01-27,19:55:06,,2025_01_27__19_55_06,MachineObservation,Cerro_Hoya_Expedition_Hoya_606m_grisMejua_2025-01-26_2025-01-27,Cerro_Hoya_Expedition_Hoya_606m_grisMejua_2025-01-26,grisMejua_2025_01_27__19_55_06_HDR0.jpg,grisMejua_2025_01_27__19_55_06_HDR0_6_Mothbot_yolo11m_4500_imgsz1600_b1_2024-01-18.pt.jpg
doi.org10.15468dl.6nxkw6.csv,Animalia,Arthropoda,Insecta,Coleoptera,,,,,1470,,Coleoptera,Coleoptera,Cerro_Hoya_Expedition_Hoya_606m_grisMejua_2025-01-26,grisMejua_2025_01_27__19_55_06_HDR0_7_Mothbot_yolo11m_4500_imgsz1600_b1_2024-01-18.pt.jpg,HS,Mothbot_yolo11m_4500_imgsz1600_b1_2024-01-18.pt,0.4775949716567993,,grisMejua,Cerro_Hoya_Expedition/Hoya_606m_grisMejua_2025-01-26/2025-01-27/patches/grisMejua_2025_01_27__19_55_06_HDR0_7_Mothbot_yolo11m_4500_imgsz1600_b1_2024-01-18.pt.jpg,ORDER_Hemiptera,2025-01-27,19:55:06,,2025_01_27__19_55_06,MachineObservation,Cerro_Hoya_Expedition_Hoya_606m_grisMejua_2025-01-26_2025-01-27,Cerro_Hoya_Expedition_Hoya_606m_grisMejua_2025-01-26,grisMejua_2025_01_27__19_55_06_HDR0.jpg,grisMejua_2025_01_27__19_55_06_HDR0_7_Mothbot_yolo11m_4500_imgsz1600_b1_2024-01-18.pt.jpg
doi.org10.15468dl.6nxkw6.csv,Animalia,Arthropoda,Insecta,Coleoptera,,,,,1470,,Coleoptera,Coleoptera,Cerro_Hoya_Expedition_Hoya_606m_grisMejua_2025-01-26,grisMejua_2025_01_27__19_55_06_HDR0_8_Mothbot_yolo11m_4500_imgsz1600_b1_2024-01-18.pt.jpg,HS,Mothbot_yolo11m_4500_imgsz1600_b1_2024-01-18.pt,0.4597165584564209,,grisMejua,Cerro_Hoya_Expedition/Hoya_606m_grisMejua_2025-01-26/2025-01-27/patches/grisMejua_2025_01_27__19_55_06_HDR0_8_Mothbot_yolo11m_4500_imgsz1600_b1_2024-01-18.pt.jpg,ORDER_Coleoptera,2025-01-27,19:55:06,,2025_01_27__19_55_06,MachineObservation,Cerro_Hoya_Expedition_Hoya_606m_grisMejua_2025-01-26_2025-01-27,Cerro_Hoya_Expedition_Hoya_606m_grisMejua_2025-01-26,grisMejua_2025_01_27__19_55_06_HDR0.jpg,grisMejua_2025_01_27__19_55_06_HDR0_8_Mothbot_yolo11m_4500_imgsz1600_b1_2024-01-18.pt.jpg
doi.org10.15468dl.6nxkw6.csv,Animalia,Arthropoda,Insecta,Coleoptera,,,,,1470,,Coleoptera,Coleoptera,Cerro_Hoya_Expedition_Hoya_606m_grisMejua_2025-01-26,grisMejua_2025_01_27__19_55_06_HDR0_9_Mothbot_yolo11m_4500_imgsz1600_b1_2024-01-18.pt.jpg,HS,Mothbot_yolo11m_4500_imgsz1600_b1_2024-01-18.pt,0.3972570300102234,,grisMejua,Cerro_Hoya_Expedition/Hoya_606m_grisMejua_2025-01-26/2025-01-27/patches/grisMejua_2025_01_27__19_55_06_HDR0_9_Mothbot_yolo11m_4500_imgsz1600_b1_2024-01-18.pt.jpg,ORDER_Coleoptera,2025-01-27,19:55:06,,2025_01_27__19_55_06,MachineObservation,Cerro_Hoya_Expedition_Hoya_606m_grisMejua_2025-01-26_2025-01-27,Cerro_Hoya_Expedition_Hoya_606m_grisMejua_2025-01-26,grisMejua_2025_01_27__19_55_06_HDR0.jpg,grisMejua_2025_01_27__19_55_06_HDR0_9_Mothbot_yolo11m_4500_imgsz1600_b1_2024-01-18.pt.jpg
doi.org10.15468dl.6nxkw6.csv,Animalia,Arthropoda,Insecta,Coleoptera,,,,,1470,,Coleoptera,Coleoptera,Cerro_Hoya_Expedition_Hoya_606m_grisMejua_2025-01-26,grisMejua_2025_01_27__19_55_06_HDR0_10_Mothbot_yolo11m_4500_imgsz1600_b1_2024-01-18.pt.jpg,HS,Mothbot_yolo11m_4500_imgsz1600_b1_2024-01-18.pt,0.3852604925632477,,grisMejua,Cerro_Hoya_Expedition/Hoya_606m_grisMejua_2025-01-26/2025-01-27/patches/grisMejua_2025_01_27__19_55_06_HDR0_10_Mothbot_yolo11m_4500_imgsz1600_b1_2024-01-18.pt.jpg,ORDER_Coleoptera,2025-01-27,19:55:06,,2025_01_27__19_55_06,MachineObservation,Cerro_Hoya_Expedition_Hoya_606m_grisMejua_2025-01-26_2025-01-27,Cerro_Hoya_Expedition_Hoya_606m_grisMejua_2025-01-26,grisMejua_2025_01_27__19_55_06_HDR0.jpg,grisMejua_2025_01_27__19_55_06_HDR0_10_Mothbot_yolo11m_4500_imgsz1600_b1_2024-01-18.pt.jpg
doi.org10.15468dl.6nxkw6.csv,Animalia,Arthropoda,Insecta,Coleoptera,,,,,1470,,Coleoptera,Coleoptera,Cerro_Hoya_Expedition_Hoya_606m_grisMejua_2025-01-26,grisMejua_2025_01_27__19_55_06_HDR0_11_Mothbot_yolo11m_4500_imgsz1600_b1_2024-01-18.pt.jpg,HS,Mothbot_yolo11m_4500_imgsz1600_b1_2024-01-18.pt,0.3716806471347809,,grisMejua,Cerro_Hoya_Expedition/Hoya_606m_grisMejua_2025-01-26/2025-01-27/patches/grisMejua_2025_01_27__19_55_06_HDR0_11_Mothbot_yolo11m_4500_imgsz1600_b1_2024-01-18.pt.jpg,ORDER_Coleoptera,2025-01-27,19:55:06,,2025_01_27__19_55_06,MachineObservation,Cerro_Hoya_Expedition_Hoya_606m_grisMejua_2025-01-26_2025-01-27,Cerro_Hoya_Expedition_Hoya_606m_grisMejua_2025-01-26,grisMejua_2025_01_27__19_55_06_HDR0.jpg,grisMejua_2025_01_27__19_55_06_HDR0_11_Mothbot_yolo11m_4500_imgsz1600_b1_2024-01-18.pt.jpg
doi.org10.15468dl.6nxkw6.csv,Animalia,Arthropoda,Insecta,Hemiptera,,,,,809,,Hemiptera,Hemiptera,Cerro_Hoya_Expedition_Hoya_606m_grisMejua_2025-01-26,grisMejua_2025_01_27__19_55_06_HDR0_12_Mothbot_yolo11m_4500_imgsz1600_b1_2024-01-18.pt.jpg,HS,Mothbot_yolo11m_4500_imgsz1600_b1_2024-01-18.pt,0.321410596370697,,grisMejua,Cerro_Hoya_Expedition/Hoya_606m_grisMejua_2025-01-26/2025-01-27/patches/grisMejua_2025_01_27__19_55_06_HDR0_12_Mothbot_yolo11m_4500_imgsz1600_b1_2024-01-18.pt.jpg,ORDER_Diptera,2025-01-27,19:55:06,,2025_01_27__19_55_06,MachineObservation,Cerro_Hoya_Expedition_Hoya_606m_grisMejua_2025-01-26_2025-01-27,Cerro_Hoya_Expedition_Hoya_606m_grisMejua_2025-01-26,grisMejua_2025_01_27__19_55_06_HDR0.jpg,grisMejua_2025_01_27__19_55_06_HDR0_12_Mothbot_yolo11m_4500_imgsz1600_b1_2024-01-18.pt.jpg
doi.org10.15468dl.6nxkw6.csv,Animalia,Arthropoda,Insecta,Hemiptera,,,,,809,,Hemiptera,Hemiptera,Cerro_Hoya_Expedition_Hoya_606m_grisMejua_2025-01-26,grisMejua_2025_01_27__19_56_06_HDR0_0_Mothbot_yolo11m_4500_imgsz1600_b1_2024-01-18.pt.jpg,HS,Mothbot_yolo11m_4500_imgsz1600_b1_2024-01-18.pt,0.818392813205719,,grisMejua,Cerro_Hoya_Expedition/Hoya_606m_grisMejua_2025-01-26/2025-01-27/patches/grisMejua_2025_01_27__19_56_06_HDR0_0_Mothbot_yolo11m_4500_imgsz1600_b1_2024-01-18.pt.jpg,ORDER_Hemiptera,2025-01-27,19:56:06,,2025_01_27__19_56_06,MachineObservation,Cerro_Hoya_Expedition_Hoya_606m_grisMejua_2025-01-26_2025-01-27,Cerro_Hoya_Expedition_Hoya_606m_grisMejua_2025-01-26,grisMejua_2025_01_27__19_56_06_HDR0.jpg,grisMejua_2025_01_27__19_56_06_HDR0_0_Mothbot_yolo11m_4500_imgsz1600_b1_2024-01-18.pt.jpg
doi.org10.15468dl.6nxkw6.csv,Animalia,Arthropoda,Insecta,Lepidoptera,,,,,797,,Lepidoptera,Lepidoptera,Cerro_Hoya_Expedition_Hoya_606m_grisMejua_2025-01-26,grisMejua_2025_01_27__19_56_06_HDR0_1_Mothbot_yolo11m_4500_imgsz1600_b1_2024-01-18.pt.jpg,HS,Mothbot_yolo11m_4500_imgsz1600_b1_2024-01-18.pt,0.8108941316604614,,grisMejua,Cerro_Hoya_Expedition/Hoya_606m_grisMejua_2025-01-26/2025-01-27/patches/grisMejua_2025_01_27__19_56_06_HDR0_1_Mothbot_yolo11m_4500_imgsz1600_b1_2024-01-18.pt.jpg,ORDER_Lepidoptera,2025-01-27,19:56:06,,2025_01_27__19_56_06,MachineObservation,Cerro_Hoya_Expedition_Hoya_606m_grisMejua_2025-01-26_2025-01-27,Cerro_Hoya_Expedition_Hoya_606m_grisMejua_2025-01-26,grisMejua_2025_01_27__19_56_06_HDR0.jpg,grisMejua_2025_01_27__19_56_06_HDR0_1_Mothbot_yolo11m_4500_imgsz1600_b1_2024-01-18.pt.jpg
doi.org10.15468dl.6nxkw6.csv,Animalia,Arthropoda,Insecta,Lepidoptera,,,,,797,,Lepidoptera,Lepidoptera,Cerro_Hoya_Expedition_Hoya_606m_grisMejua_2025-01-26,grisMejua_2025_01_27__19_56_06_HDR0_2_Mothbot_yolo11m_4500_imgsz1600_b1_2024-01-18.pt.jpg,HS,Mothbot_yolo11m_4500_imgsz1600_b1_2024-01-18.pt,0.7390925884246826,,grisMejua,Cerro_Hoya_Expedition/Hoya_606m_grisMejua_2025-01-26/2025-01-27/patches/grisMejua_2025_01_27__19_56_06_HDR0_2_Mothbot_yolo11m_4500_imgsz1600_b1_2024-01-18.pt.jpg,ORDER_Lepidoptera,2025-01-27,19:56:06,,2025_01_27__19_56_06,MachineObservation,Cerro_Hoya_Expedition_Hoya_606m_grisMejua_2025-01-26_2025-01-27,Cerro_Hoya_Expedition_Hoya_606m_grisMejua_2025-01-26,grisMejua_2025_01_27__19_56_06_HDR0.jpg,grisMejua_2025_01_27__19_56_06_HDR0_2_Mothbot_yolo11m_4500_imgsz1600_b1_2024-01-18.pt.jpg
doi.org10.15468dl.6nxkw6.csv,Animalia,Arthropoda,Insecta,Hemiptera,,,,,809,,Hemiptera,Hemiptera,Cerro_Hoya_Expedition_Hoya_606m_grisMejua_2025-01-26,grisMejua_2025_01_27__19_56_06_HDR0_3_Mothbot_yolo11m_4500_imgsz1600_b1_2024-01-18.pt.jpg,HS,Mothbot_yolo11m_4500_imgsz1600_b1_2024-01-18.pt,0.6862649321556091,,grisMejua,Cerro_Hoya_Expedition/Hoya_606m_grisMejua_2025-01-26/2025-01-27/patches/grisMejua_2025_01_27__19_56_06_HDR0_3_Mothbot_yolo11m_4500_imgsz1600_b1_2024-01-18.pt.jpg,ORDER_Coleoptera,2025-01-27,19:56:06,,2025_01_27__19_56_06,MachineObservation,Cerro_Hoya_Expedition_Hoya_606m_grisMejua_2025-01-26_2025-01-27,Cerro_Hoya_Expedition_Hoya_606m_grisMejua_2025-01-26,grisMejua_2025_01_27__19_56_06_HDR0.jpg,grisMejua_2025_01_27__19_56_06_HDR0_3_Mothbot_yolo11m_4500_imgsz1600_b1_2024-01-18.pt.jpg
doi.org10.15468dl.6nxkw6.csv,Animalia,Arthropoda,Insecta,Coleoptera,,,,,1470,,Coleoptera,Coleoptera,Cerro_Hoya_Expedition_Hoya_606m_grisMejua_2025-01-26,grisMejua_2025_01_27__19_56_06_HDR0_4_Mothbot_yolo11m_4500_imgsz1600_b1_2024-01-18.pt.jpg,HS,Mothbot_yolo11m_4500_imgsz1600_b1_2024-01-18.pt,0.49749183654785156,,grisMejua,Cerro_Hoya_Expedition/Hoya_606m_grisMejua_2025-01-26/2025-01-27/patches/grisMejua_2025_01_27__19_56_06_HDR0_4_Mothbot_yolo11m_4500_imgsz1600_b1_2024-01-18.pt.jpg,ORDER_Diptera,2025-01-27,19:56:06,,2025_01_27__19_56_06,MachineObservation,Cerro_Hoya_Expedition_Hoya_606m_grisMejua_2025-01-26_2025-01-27,Cerro_Hoya_Expedition_Hoya_606m_grisMejua_2025-01-26,grisMejua_2025_01_27__19_56_06_HDR0.jpg,grisMejua_2025_01_27__19_56_06_HDR0_4_Mothbot_yolo11m_4500_imgsz1600_b1_2024-01-18.pt.jpg
doi.org10.15468dl.6nxkw6.csv,Animalia,Arthropoda,Insecta,Coleoptera,,,,,1470,,Coleoptera,Coleoptera,Cerro_Hoya_Expedition_Hoya_606m_grisMejua_2025-01-26,grisMejua_2025_01_27__19_56_06_HDR0_5_Mothbot_yolo11m_4500_imgsz1600_b1_2024-01-18.pt.jpg,HS,Mothbot_yolo11m_4500_imgsz1600_b1_2024-01-18.pt,0.48080408573150635,,grisMejua,Cerro_Hoya_Expedition/Hoya_606m_grisMejua_2025-01-26/2025-01-27/patches/grisMejua_2025_01_27__19_56_06_HDR0_5_Mothbot_yolo11m_4500_imgsz1600_b1_2024-01-18.pt.jpg,ORDER_Coleoptera,2025-01-27,19:56:06,,2025_01_27__19_56_06,MachineObservation,Cerro_Hoya_Expedition_Hoya_606m_grisMejua_2025-01-26_2025-01-27,Cerro_Hoya_Expedition_Hoya_606m_grisMejua_2025-01-26,grisMejua_2025_01_27__19_56_06_HDR0.jpg,grisMejua_2025_01_27__19_56_06_HDR0_5_Mothbot_yolo11m_4500_imgsz1600_b1_2024-01-18.pt.jpg
doi.org10.15468dl.6nxkw6.csv,Animalia,Arthropoda,Insecta,Coleoptera,,,,,1470,,Coleoptera,Coleoptera,Cerro_Hoya_Expedition_Hoya_606m_grisMejua_2025-01-26,grisMejua_2025_01_27__19_56_06_HDR0_6_Mothbot_yolo11m_4500_imgsz1600_b1_2024-01-18.pt.jpg,HS,Mothbot_yolo11m_4500_imgsz1600_b1_2024-01-18.pt,0.43934181332588196,,grisMejua,Cerro_Hoya_Expedition/Hoya_606m_grisMejua_2025-01-26/2025-01-27/patches/grisMejua_2025_01_27__19_56_06_HDR0_6_Mothbot_yolo11m_4500_imgsz1600_b1_2024-01-18.pt.jpg,ORDER_Coleoptera,2025-01-27,19:56:06,,2025_01_27__19_56_06,MachineObservation,Cerro_Hoya_Expedition_Hoya_606m_grisMejua_2025-01-26_2025-01-27,Cerro_Hoya_Expedition_Hoya_606m_grisMejua_2025-01-26,grisMejua_2025_01_27__19_56_06_HDR0.jpg,grisMejua_2025_01_27__19_56_06_HDR0_6_Mothbot_yolo11m_4500_imgsz1600_b1_2024-01-18.pt.jpg
doi.org10.15468dl.6nxkw6.csv,Animalia,Arthropoda,Insecta,Coleoptera,,,,,1470,,Coleoptera,Coleoptera,Cerro_Hoya_Expedition_Hoya_606m_grisMejua_2025-01-26,grisMejua_2025_01_27__19_56_06_HDR0_7_Mothbot_yolo11m_4500_imgsz1600_b1_2024-01-18.pt.jpg,HS,Mothbot_yolo11m_4500_imgsz1600_b1_2024-01-18.pt,0.3781798183917999,,grisMejua,Cerro_Hoya_Expedition/Hoya_606m_grisMejua_2025-01-26/2025-01-27/patches/grisMejua_2025_01_27__19_56_06_HDR0_7_Mothbot_yolo11m_4500_imgsz1600_b1_2024-01-18.pt.jpg,ORDER_Coleoptera,2025-01-27,19:56:06,,2025_01_27__19_56_06,MachineObservation,Cerro_Hoya_Expedition_Hoya_606m_grisMejua_2025-01-26_2025-01-27,Cerro_Hoya_Expedition_Hoya_606m_grisMejua_2025-01-26,grisMejua_2025_01_27__19_56_06_HDR0.jpg,grisMejua_2025_01_27__19_56_06_HDR0_7_Mothbot_yolo11m_4500_imgsz1600_b1_2024-01-18.pt.jpg
doi.org10.15468dl.6nxkw6.csv,Animalia,Arthropoda,Insecta,Coleoptera,,,,,1470,,Coleoptera,Coleoptera,Cerro_Hoya_Expedition_Hoya_606m_grisMejua_2025-01-26,grisMejua_2025_01_27__19_56_06_HDR0_8_Mothbot_yolo11m_4500_imgsz1600_b1_2024-01-18.pt.jpg,HS,Mothbot_yolo11m_4500_imgsz1600_b1_2024-01-18.pt,0.3344973027706146,,grisMejua,Cerro_Hoya_Expedition/Hoya_606m_grisMejua_2025-01-26/2025-01-27/patches/grisMejua_2025_01_27__19_56_06_HDR0_8_Mothbot_yolo11m_4500_imgsz1600_b1_2024-01-18.pt.jpg,ORDER_Hemiptera,2025-01-27,19:56:06,,2025_01_27__19_56_06,MachineObservation,Cerro_Hoya_Expedition_Hoya_606m_grisMejua_2025-01-26_2025-01-27,Cerro_Hoya_Expedition_Hoya_606m_grisMejua_2025-01-26,grisMejua_2025_01_27__19_56_06_HDR0.jpg,grisMejua_2025_01_27__19_56_06_HDR0_8_Mothbot_yolo11m_4500_imgsz1600_b1_2024-01-18.pt.jpg
doi.org10.15468dl.6nxkw6.csv,Animalia,Arthropoda,Insecta,Hemiptera,,,,,809,,Hemiptera,Hemiptera,Cerro_Hoya_Expedition_Hoya_606m_grisMejua_2025-01-26,grisMejua_2025_01_27__19_56_06_HDR0_9_Mothbot_yolo11m_4500_imgsz1600_b1_2024-01-18.pt.jpg,HS,Mothbot_yolo11m_4500_imgsz1600_b1_2024-01-18.pt,0.31034615635871887,,grisMejua,Cerro_Hoya_Expedition/Hoya_606m_grisMejua_2025-01-26/2025-01-27/patches/grisMejua_2025_01_27__19_56_06_HDR0_9_Mothbot_yolo11m_4500_imgsz1600_b1_2024-01-18.pt.jpg,ORDER_Hemiptera,2025-01-27,19:56:06,,2025_01_27__19_56_06,MachineObservation,Cerro_Hoya_Expedition_Hoya_606m_grisMejua_2025-01-26_2025-01-27,Cerro_Hoya_Expedition_Hoya_606m_grisMejua_2025-01-26,grisMejua_2025_01_27__19_56_06_HDR0.jpg,grisMejua_2025_01_27__19_56_06_HDR0_9_Mothbot_yolo11m_4500_imgsz1600_b1_2024-01-18.pt.jpg
doi.org10.15468dl.6nxkw6.csv,Animalia,Arthropoda,Insecta,Coleoptera,,,,,1470,,Coleoptera,Coleoptera,Cerro_Hoya_Expedition_Hoya_606m_grisMejua_2025-01-26,grisMejua_2025_01_27__19_56_06_HDR0_10_Mothbot_yolo11m_4500_imgsz1600_b1_2024-01-18.pt.jpg,HS,Mothbot_yolo11m_4500_imgsz1600_b1_2024-01-18.pt,0.297407865524292,,grisMejua,Cerro_Hoya_Expedition/Hoya_606m_grisMejua_2025-01-26/2025-01-27/patches/grisMejua_2025_01_27__19_56_06_HDR0_10_Mothbot_yolo11m_4500_imgsz1600_b1_2024-01-18.pt.jpg,ORDER_Coleoptera,2025-01-27,19:56:06,,2025_01_27__19_56_06,MachineObservation,Cerro_Hoya_Expedition_Hoya_606m_grisMejua_2025-01-26_2025-01-27,Cerro_Hoya_Expedition_Hoya_606m_grisMejua_2025-01-26,grisMejua_2025_01_27__19_56_06_HDR0.jpg,grisMejua_2025_01_27__19_56_06_HDR0_10_Mothbot_yolo11m_4500_imgsz1600_b1_2024-01-18.pt.jpg
doi.org10.15468dl.6nxkw6.csv,Animalia,Arthropoda,Insecta,Coleoptera,,,,,1470,,Coleoptera,Coleoptera,Cerro_Hoya_Expedition_Hoya_606m_grisMejua_2025-01-26,grisMejua_2025_01_27__19_56_06_HDR0_11_Mothbot_yolo11m_4500_imgsz1600_b1_2024-01-18.pt.jpg,HS,Mothbot_yolo11m_4500_imgsz1600_b1_2024-01-18.pt,0.2598641514778137,,grisMejua,Cerro_Hoya_Expedition/Hoya_606m_grisMejua_2025-01-26/2025-01-27/patches/grisMejua_2025_01_27__19_56_06_HDR0_11_Mothbot_yolo11m_4500_imgsz1600_b1_2024-01-18.pt.jpg,ORDER_Coleoptera,2025-01-27,19:56:06,,2025_01_27__19_56_06,MachineObservation,Cerro_Hoya_Expedition_Hoya_606m_grisMejua_2025-01-26_2025-01-27,Cerro_Hoya_Expedition_Hoya_606m_grisMejua_2025-01-26,grisMejua_2025_01_27__19_56_06_HDR0.jpg,grisMejua_2025_01_27__19_56_06_HDR0_11_Mothbot_yolo11m_4500_imgsz1600_b1_2024-01-18.pt.jpg
doi.org10.15468dl.6nxkw6.csv,Animalia,Arthropoda,Insecta,Hemiptera,,,,,809,,Hemiptera,Hemiptera,Cerro_Hoya_Expedition_Hoya_606m_grisMejua_2025-01-26,grisMejua_2025_01_27__19_57_23_HDR0_0_Mothbot_yolo11m_4500_imgsz1600_b1_2024-01-18.pt.jpg,HS,Mothbot_yolo11m_4500_imgsz1600_b1_2024-01-18.pt,0.8457391858100891,,grisMejua,Cerro_Hoya_Expedition/Hoya_606m_grisMejua_2025-01-26/2025-01-27/patches/grisMejua_2025_01_27__19_57_23_HDR0_0_Mothbot_yolo11m_4500_imgsz1600_b1_2024-01-18.pt.jpg,ORDER_Hemiptera,2025-01-27,19:57:23,,2025_01_27__19_57_23,MachineObservation,Cerro_Hoya_Expedition_Hoya_606m_grisMejua_2025-01-26_2025-01-27,Cerro_Hoya_Expedition_Hoya_606m_grisMejua_2025-01-26,grisMejua_2025_01_27__19_57_23_HDR0.jpg,grisMejua_2025_01_27__19_57_23_HDR0_0_Mothbot_yolo11m_4500_imgsz1600_b1_2024-01-18.pt.jpg
doi.org10.15468dl.6nxkw6.csv,Animalia,Arthropoda,Insecta,Lepidoptera,,,,,797,,Lepidoptera,Lepidoptera,Cerro_Hoya_Expedition_Hoya_606m_grisMejua_2025-01-26,grisMejua_2025_01_27__19_57_23_HDR0_1_Mothbot_yolo11m_4500_imgsz1600_b1_2024-01-18.pt.jpg,HS,Mothbot_yolo11m_4500_imgsz1600_b1_2024-01-18.pt,0.8177908062934875,,grisMejua,Cerro_Hoya_Expedition/Hoya_606m_grisMejua_2025-01-26/2025-01-27/patches/grisMejua_2025_01_27__19_57_23_HDR0_1_Mothbot_yolo11m_4500_imgsz1600_b1_2024-01-18.pt.jpg,ORDER_Lepidoptera,2025-01-27,19:57:23,,2025_01_27__19_57_23,MachineObservation,Cerro_Hoya_Expedition_Hoya_606m_grisMejua_2025-01-26_2025-01-27,Cerro_Hoya_Expedition_Hoya_606m_grisMejua_2025-01-26,grisMejua_2025_01_27__19_57_23_HDR0.jpg,grisMejua_2025_01_27__19_57_23_HDR0_1_Mothbot_yolo11m_4500_imgsz1600_b1_2024-01-18.pt.jpg
doi.org10.15468dl.6nxkw6.csv,Animalia,Arthropoda,Insecta,Hemiptera,,,,,809,,Hemiptera,Hemiptera,Cerro_Hoya_Expedition_Hoya_606m_grisMejua_2025-01-26,grisMejua_2025_01_27__19_57_23_HDR0_2_Mothbot_yolo11m_4500_imgsz1600_b1_2024-01-18.pt.jpg,HS,Mothbot_yolo11m_4500_imgsz1600_b1_2024-01-18.pt,0.7560929656028748,,grisMejua,Cerro_Hoya_Expedition/Hoya_606m_grisMejua_2025-01-26/2025-01-27/patches/grisMejua_2025_01_27__19_57_23_HDR0_2_Mothbot_yolo11m_4500_imgsz1600_b1_2024-01-18.pt.jpg,ORDER_Hemiptera,2025-01-27,19:57:23,,2025_01_27__19_57_23,MachineObservation,Cerro_Hoya_Expedition_Hoya_606m_grisMejua_2025-01-26_2025-01-27,Cerro_Hoya_Expedition_Hoya_606m_grisMejua_2025-01-26,grisMejua_2025_01_27__19_57_23_HDR0.jpg,grisMejua_2025_01_27__19_57_23_HDR0_2_Mothbot_yolo11m_4500_imgsz1600_b1_2024-01-18.pt.jpg
doi.org10.15468dl.6nxkw6.csv,Animalia,Arthropoda,Insecta,Lepidoptera,,,,,797,,Lepidoptera,Lepidoptera,Cerro_Hoya_Expedition_Hoya_606m_grisMejua_2025-01-26,grisMejua_2025_01_27__19_57_23_HDR0_3_Mothbot_yolo11m_4500_imgsz1600_b1_2024-01-18.pt.jpg,HS,Mothbot_yolo11m_4500_imgsz1600_b1_2024-01-18.pt,0.7366241216659546,,grisMejua,Cerro_Hoya_Expedition/Hoya_606m_grisMejua_2025-01-26/2025-01-27/patches/grisMejua_2025_01_27__19_57_23_HDR0_3_Mothbot_yolo11m_4500_imgsz1600_b1_2024-01-18.pt.jpg,ORDER_Lepidoptera,2025-01-27,19:57:23,,2025_01_27__19_57_23,MachineObservation,Cerro_Hoya_Expedition_Hoya_606m_grisMejua_2025-01-26_2025-01-27,Cerro_Hoya_Expedition_Hoya_606m_grisMejua_2025-01-26,grisMejua_2025_01_27__19_57_23_HDR0.jpg,grisMejua_2025_01_27__19_57_23_HDR0_3_Mothbot_yolo11m_4500_imgsz1600_b1_2024-01-18.pt.jpg
doi.org10.15468dl.6nxkw6.csv,Animalia,Arthropoda,Insecta,Hemiptera,,,,,809,,Hemiptera,Hemiptera,Cerro_Hoya_Expedition_Hoya_606m_grisMejua_2025-01-26,grisMejua_2025_01_27__19_57_23_HDR0_4_Mothbot_yolo11m_4500_imgsz1600_b1_2024-01-18.pt.jpg,HS,Mothbot_yolo11m_4500_imgsz1600_b1_2024-01-18.pt,0.7126869559288025,,grisMejua,Cerro_Hoya_Expedition/Hoya_606m_grisMejua_2025-01-26/2025-01-27/patches/grisMejua_2025_01_27__19_57_23_HDR0_4_Mothbot_yolo11m_4500_imgsz1600_b1_2024-01-18.pt.jpg,ORDER_Diptera,2025-01-27,19:57:23,,2025_01_27__19_57_23,MachineObservation,Cerro_Hoya_Expedition_Hoya_606m_grisMejua_2025-01-26_2025-01-27,Cerro_Hoya_Expedition_Hoya_606m_grisMejua_2025-01-26,grisMejua_2025_01_27__19_57_23_HDR0.jpg,grisMejua_2025_01_27__19_57_23_HDR0_4_Mothbot_yolo11m_4500_imgsz1600_b1_2024-01-18.pt.jpg
doi.org10.15468dl.6nxkw6.csv,Animalia,Arthropoda,Insecta,Hemiptera,,,,,809,,Hemiptera,Hemiptera,Cerro_Hoya_Expedition_Hoya_606m_grisMejua_2025-01-26,grisMejua_2025_01_27__19_57_23_HDR0_5_Mothbot_yolo11m_4500_imgsz1600_b1_2024-01-18.pt.jpg,HS,Mothbot_yolo11m_4500_imgsz1600_b1_2024-01-18.pt,0.6083433032035828,,grisMejua,Cerro_Hoya_Expedition/Hoya_606m_grisMejua_2025-01-26/2025-01-27/patches/grisMejua_2025_01_27__19_57_23_HDR0_5_Mothbot_yolo11m_4500_imgsz1600_b1_2024-01-18.pt.jpg,ORDER_Diptera,2025-01-27,19:57:23,,2025_01_27__19_57_23,MachineObservation,Cerro_Hoya_Expedition_Hoya_606m_grisMejua_2025-01-26_2025-01-27,Cerro_Hoya_Expedition_Hoya_606m_grisMejua_2025-01-26,grisMejua_2025_01_27__19_57_23_HDR0.jpg,grisMejua_2025_01_27__19_57_23_HDR0_5_Mothbot_yolo11m_4500_imgsz1600_b1_2024-01-18.pt.jpg
doi.org10.15468dl.6nxkw6.csv,Animalia,Arthropoda,Insecta,Hemiptera,,,,,809,,Hemiptera,Hemiptera,Cerro_Hoya_Expedition_Hoya_606m_grisMejua_2025-01-26,grisMejua_2025_01_27__19_57_23_HDR0_6_Mothbot_yolo11m_4500_imgsz1600_b1_2024-01-18.pt.jpg,HS,Mothbot_yolo11m_4500_imgsz1600_b1_2024-01-18.pt,0.5612583756446838,,grisMejua,Cerro_Hoya_Expedition/Hoya_606m_grisMejua_2025-01-26/2025-01-27/patches/grisMejua_2025_01_27__19_57_23_HDR0_6_Mothbot_yolo11m_4500_imgsz1600_b1_2024-01-18.pt.jpg,ORDER_Hemiptera,2025-01-27,19:57:23,,2025_01_27__19_57_23,MachineObservation,Cerro_Hoya_Expedition_Hoya_606m_grisMejua_2025-01-26_2025-01-27,Cerro_Hoya_Expedition_Hoya_606m_grisMejua_2025-01-26,grisMejua_2025_01_27__19_57_23_HDR0.jpg,grisMejua_2025_01_27__19_57_23_HDR0_6_Mothbot_yolo11m_4500_imgsz1600_b1_2024-01-18.pt.jpg
doi.org10.15468dl.6nxkw6.csv,Animalia,Arthropoda,Insecta,Hemiptera,,,,,809,,Hemiptera,Hemiptera,Cerro_Hoya_Expedition_Hoya_606m_grisMejua_2025-01-26,grisMejua_2025_01_27__19_57_23_HDR0_7_Mothbot_yolo11m_4500_imgsz1600_b1_2024-01-18.pt.jpg,HS,Mothbot_yolo11m_4500_imgsz1600_b1_2024-01-18.pt,0.46632570028305054,,grisMejua,Cerro_Hoya_Expedition/Hoya_606m_grisMejua_2025-01-26/2025-01-27/patches/grisMejua_2025_01_27__19_57_23_HDR0_7_Mothbot_yolo11m_4500_imgsz1600_b1_2024-01-18.pt.jpg,ORDER_Diptera,2025-01-27,19:57:23,,2025_01_27__19_57_23,MachineObservation,Cerro_Hoya_Expedition_Hoya_606m_grisMejua_2025-01-26_2025-01-27,Cerro_Hoya_Expedition_Hoya_606m_grisMejua_2025-01-26,grisMejua_2025_01_27__19_57_23_HDR0.jpg,grisMejua_2025_01_27__19_57_23_HDR0_7_Mothbot_yolo11m_4500_imgsz1600_b1_2024-01-18.pt.jpg
doi.org10.15468dl.6nxkw6.csv,Animalia,Arthropoda,Insecta,Coleoptera,,,,,1470,,Coleoptera,Coleoptera,Cerro_Hoya_Expedition_Hoya_606m_grisMejua_2025-01-26,grisMejua_2025_01_27__19_57_23_HDR0_8_Mothbot_yolo11m_4500_imgsz1600_b1_2024-01-18.pt.jpg,HS,Mothbot_yolo11m_4500_imgsz1600_b1_2024-01-18.pt,0.45909351110458374,,grisMejua,Cerro_Hoya_Expedition/Hoya_606m_grisMejua_2025-01-26/2025-01-27/patches/grisMejua_2025_01_27__19_57_23_HDR0_8_Mothbot_yolo11m_4500_imgsz1600_b1_2024-01-18.pt.jpg,ORDER_Coleoptera,2025-01-27,19:57:23,,2025_01_27__19_57_23,MachineObservation,Cerro_Hoya_Expedition_Hoya_606m_grisMejua_2025-01-26_2025-01-27,Cerro_Hoya_Expedition_Hoya_606m_grisMejua_2025-01-26,grisMejua_2025_01_27__19_57_23_HDR0.jpg,grisMejua_2025_01_27__19_57_23_HDR0_8_Mothbot_yolo11m_4500_imgsz1600_b1_2024-01-18.pt.jpg
doi.org10.15468dl.6nxkw6.csv,Animalia,Arthropoda,Insecta,Coleoptera,,,,,1470,,Coleoptera,Coleoptera,Cerro_Hoya_Expedition_Hoya_606m_grisMejua_2025-01-26,grisMejua_2025_01_27__19_57_23_HDR0_9_Mothbot_yolo11m_4500_imgsz1600_b1_2024-01-18.pt.jpg,HS,Mothbot_yolo11m_4500_imgsz1600_b1_2024-01-18.pt,0.4485417604446411,,grisMejua,Cerro_Hoya_Expedition/Hoya_606m_grisMejua_2025-01-26/2025-01-27/patches/grisMejua_2025_01_27__19_57_23_HDR0_9_Mothbot_yolo11m_4500_imgsz1600_b1_2024-01-18.pt.jpg,ORDER_Coleoptera,2025-01-27,19:57:23,,2025_01_27__19_57_23,MachineObservation,Cerro_Hoya_Expedition_Hoya_606m_grisMejua_2025-01-26_2025-01-27,Cerro_Hoya_Expedition_Hoya_606m_grisMejua_2025-01-26,grisMejua_2025_01_27__19_57_23_HDR0.jpg,grisMejua_2025_01_27__19_57_23_HDR0_9_Mothbot_yolo11m_4500_imgsz1600_b1_2024-01-18.pt.jpg
doi.org10.15468dl.6nxkw6.csv,Animalia,Arthropoda,Insecta,Coleoptera,,,,,1470,,Coleoptera,Coleoptera,Cerro_Hoya_Expedition_Hoya_606m_grisMejua_2025-01-26,grisMejua_2025_01_27__19_57_23_HDR0_10_Mothbot_yolo11m_4500_imgsz1600_b1_2024-01-18.pt.jpg,HS,Mothbot_yolo11m_4500_imgsz1600_b1_2024-01-18.pt,0.36912664771080017,,grisMejua,Cerro_Hoya_Expedition/Hoya_606m_grisMejua_2025-01-26/2025-01-27/patches/grisMejua_2025_01_27__19_57_23_HDR0_10_Mothbot_yolo11m_4500_imgsz1600_b1_2024-01-18.pt.jpg,ORDER_Coleoptera,2025-01-27,19:57:23,,2025_01_27__19_57_23,MachineObservation,Cerro_Hoya_Expedition_Hoya_606m_grisMejua_2025-01-26_2025-01-27,Cerro_Hoya_Expedition_Hoya_606m_grisMejua_2025-01-26,grisMejua_2025_01_27__19_57_23_HDR0.jpg,grisMejua_2025_01_27__19_57_23_HDR0_10_Mothbot_yolo11m_4500_imgsz1600_b1_2024-01-18.pt.jpg
doi.org10.15468dl.6nxkw6.csv,Animalia,Arthropoda,Insecta,Coleoptera,,,,,1470,,Coleoptera,Coleoptera,Cerro_Hoya_Expedition_Hoya_606m_grisMejua_2025-01-26,grisMejua_2025_01_27__19_57_23_HDR0_11_Mothbot_yolo11m_4500_imgsz1600_b1_2024-01-18.pt.jpg,HS,Mothbot_yolo11m_4500_imgsz1600_b1_2024-01-18.pt,0.35620802640914917,,grisMejua,Cerro_Hoya_Expedition/Hoya_606m_grisMejua_2025-01-26/2025-01-27/patches/grisMejua_2025_01_27__19_57_23_HDR0_11_Mothbot_yolo11m_4500_imgsz1600_b1_2024-01-18.pt.jpg,ORDER_Diptera,2025-01-27,19:57:23,,2025_01_27__19_57_23,MachineObservation,Cerro_Hoya_Expedition_Hoya_606m_grisMejua_2025-01-26_2025-01-27,Cerro_Hoya_Expedition_Hoya_606m_grisMejua_2025-01-26,grisMejua_2025_01_27__19_57_23_HDR0.jpg,grisMejua_2025_01_27__19_57_23_HDR0_11_Mothbot_yolo11m_4500_imgsz1600_b1_2024-01-18.pt.jpg
doi.org10.15468dl.6nxkw6.csv,Animalia,Arthropoda,Insecta,Coleoptera,,,,,1470,,Coleoptera,Coleoptera,Cerro_Hoya_Expedition_Hoya_606m_grisMejua_2025-01-26,grisMejua_2025_01_27__19_57_23_HDR0_12_Mothbot_yolo11m_4500_imgsz1600_b1_2024-01-18.pt.jpg,HS,Mothbot_yolo11m_4500_imgsz1600_b1_2024-01-18.pt,0.29688650369644165,,grisMejua,Cerro_Hoya_Expedition/Hoya_606m_grisMejua_2025-01-26/2025-01-27/patches/grisMejua_2025_01_27__19_57_23_HDR0_12_Mothbot_yolo11m_4500_imgsz1600_b1_2024-01-18.pt.jpg,ORDER_Coleoptera,2025-01-27,19:57:23,,2025_01_27__19_57_23,MachineObservation,Cerro_Hoya_Expedition_Hoya_606m_grisMejua_2025-01-26_2025-01-27,Cerro_Hoya_Expedition_Hoya_606m_grisMejua_2025-01-26,grisMejua_2025_01_27__19_57_23_HDR0.jpg,grisMejua_2025_01_27__19_57_23_HDR0_12_Mothbot_yolo11m_4500_imgsz1600_b1_2024-01-18.pt.jpg
doi.org10.15468dl.6nxkw6.csv,Animalia,Arthropoda,Insecta,Coleoptera,,,,,1470,,Coleoptera,Coleoptera,Cerro_Hoya_Expedition_Hoya_606m_grisMejua_2025-01-26,grisMejua_2025_01_27__19_57_23_HDR0_13_Mothbot_yolo11m_4500_imgsz1600_b1_2024-01-18.pt.jpg,HS,Mothbot_yolo11m_4500_imgsz1600_b1_2024-01-18.pt,0.2827315926551819,,grisMejua,Cerro_Hoya_Expedition/Hoya_606m_grisMejua_2025-01-26/2025-01-27/patches/grisMejua_2025_01_27__19_57_23_HDR0_13_Mothbot_yolo11m_4500_imgsz1600_b1_2024-01-18.pt.jpg,ORDER_Hemiptera,2025-01-27,19:57:23,,2025_01_27__19_57_23,MachineObservation,Cerro_Hoya_Expedition_Hoya_606m_grisMejua_2025-01-26_2025-01-27,Cerro_Hoya_Expedition_Hoya_606m_grisMejua_2025-01-26,grisMejua_2025_01_27__19_57_23_HDR0.jpg,grisMejua_2025_01_27__19_57_23_HDR0_13_Mothbot_yolo11m_4500_imgsz1600_b1_2024-01-18.pt.jpg
doi.org10.15468dl.6nxkw6.csv,Animalia,Arthropoda,Insecta,Coleoptera,,,,,1470,,Coleoptera,Coleoptera,Cerro_Hoya_Expedition_Hoya_606m_grisMejua_2025-01-26,grisMejua_2025_01_27__19_57_23_HDR0_14_Mothbot_yolo11m_4500_imgsz1600_b1_2024-01-18.pt.jpg,HS,Mothbot_yolo11m_4500_imgsz1600_b1_2024-01-18.pt,0.2671598494052887,,grisMejua,Cerro_Hoya_Expedition/Hoya_606m_grisMejua_2025-01-26/2025-01-27/patches/grisMejua_2025_01_27__19_57_23_HDR0_14_Mothbot_yolo11m_4500_imgsz1600_b1_2024-01-18.pt.jpg,ORDER_Hemiptera,2025-01-27,19:57:23,,2025_01_27__19_57_23,MachineObservation,Cerro_Hoya_Expedition_Hoya_606m_grisMejua_2025-01-26_2025-01-27,Cerro_Hoya_Expedition_Hoya_606m_grisMejua_2025-01-26,grisMejua_2025_01_27__19_57_23_HDR0.jpg,grisMejua_2025_01_27__19_57_23_HDR0_14_Mothbot_yolo11m_4500_imgsz1600_b1_2024-01-18.pt.jpg
doi.org10.15468dl.6nxkw6.csv,Animalia,Arthropoda,Insecta,Coleoptera,,,,,1470,,Coleoptera,Coleoptera,Cerro_Hoya_Expedition_Hoya_606m_grisMejua_2025-01-26,grisMejua_2025_01_27__19_57_23_HDR0_15_Mothbot_yolo11m_4500_imgsz1600_b1_2024-01-18.pt.jpg,HS,Mothbot_yolo11m_4500_imgsz1600_b1_2024-01-18.pt,0.25008800625801086,,grisMejua,Cerro_Hoya_Expedition/Hoya_606m_grisMejua_2025-01-26/2025-01-27/patches/grisMejua_2025_01_27__19_57_23_HDR0_15_Mothbot_yolo11m_4500_imgsz1600_b1_2024-01-18.pt.jpg,ORDER_Coleoptera,2025-01-27,19:57:23,,2025_01_27__19_57_23,MachineObservation,Cerro_Hoya_Expedition_Hoya_606m_grisMejua_2025-01-26_2025-01-27,Cerro_Hoya_Expedition_Hoya_606m_grisMejua_2025-01-26,grisMejua_2025_01_27__19_57_23_HDR0.jpg,grisMejua_2025_01_27__19_57_23_HDR0_15_Mothbot_yolo11m_4500_imgsz1600_b1_2024-01-18.pt.jpg
doi.org10.15468dl.6nxkw6.csv,Animalia,Arthropoda,Insecta,Lepidoptera,,,,,797,,Lepidoptera,Lepidoptera,Cerro_Hoya_Expedition_Hoya_606m_grisMejua_2025-01-26,grisMejua_2025_01_27__19_58_06_HDR0_0_Mothbot_yolo11m_4500_imgsz1600_b1_2024-01-18.pt.jpg,HS,Mothbot_yolo11m_4500_imgsz1600_b1_2024-01-18.pt,0.8070341348648071,,grisMejua,Cerro_Hoya_Expedition/Hoya_606m_grisMejua_2025-01-26/2025-01-27/patches/grisMejua_2025_01_27__19_58_06_HDR0_0_Mothbot_yolo11m_4500_imgsz1600_b1_2024-01-18.pt.jpg,ORDER_Lepidoptera,2025-01-27,19:58:06,,2025_01_27__19_58_06,MachineObservation,Cerro_Hoya_Expedition_Hoya_606m_grisMejua_2025-01-26_2025-01-27,Cerro_Hoya_Expedition_Hoya_606m_grisMejua_2025-01-26,grisMejua_2025_01_27__19_58_06_HDR0.jpg,grisMejua_2025_01_27__19_58_06_HDR0_0_Mothbot_yolo11m_4500_imgsz1600_b1_2024-01-18.pt.jpg
doi.org10.15468dl.6nxkw6.csv,Animalia,Arthropoda,Insecta,Lepidoptera,,,,,797,,Lepidoptera,Lepidoptera,Cerro_Hoya_Expedition_Hoya_606m_grisMejua_2025-01-26,grisMejua_2025_01_27__19_58_06_HDR0_1_Mothbot_yolo11m_4500_imgsz1600_b1_2024-01-18.pt.jpg,HS,Mothbot_yolo11m_4500_imgsz1600_b1_2024-01-18.pt,0.750217616558075,,grisMejua,Cerro_Hoya_Expedition/Hoya_606m_grisMejua_2025-01-26/2025-01-27/patches/grisMejua_2025_01_27__19_58_06_HDR0_1_Mothbot_yolo11m_4500_imgsz1600_b1_2024-01-18.pt.jpg,ORDER_Lepidoptera,2025-01-27,19:58:06,,2025_01_27__19_58_06,MachineObservation,Cerro_Hoya_Expedition_Hoya_606m_grisMejua_2025-01-26_2025-01-27,Cerro_Hoya_Expedition_Hoya_606m_grisMejua_2025-01-26,grisMejua_2025_01_27__19_58_06_HDR0.jpg,grisMejua_2025_01_27__19_58_06_HDR0_1_Mothbot_yolo11m_4500_imgsz1600_b1_2024-01-18.pt.jpg
doi.org10.15468dl.6nxkw6.csv,Animalia,Arthropoda,Insecta,Hemiptera,,,,,809,,Hemiptera,Hemiptera,Cerro_Hoya_Expedition_Hoya_606m_grisMejua_2025-01-26,grisMejua_2025_01_27__19_58_06_HDR0_2_Mothbot_yolo11m_4500_imgsz1600_b1_2024-01-18.pt.jpg,HS,Mothbot_yolo11m_4500_imgsz1600_b1_2024-01-18.pt,0.5815510749816895,,grisMejua,Cerro_Hoya_Expedition/Hoya_606m_grisMejua_2025-01-26/2025-01-27/patches/grisMejua_2025_01_27__19_58_06_HDR0_2_Mothbot_yolo11m_4500_imgsz1600_b1_2024-01-18.pt.jpg,ORDER_Hemiptera,2025-01-27,19:58:06,,2025_01_27__19_58_06,MachineObservation,Cerro_Hoya_Expedition_Hoya_606m_grisMejua_2025-01-26_2025-01-27,Cerro_Hoya_Expedition_Hoya_606m_grisMejua_2025-01-26,grisMejua_2025_01_27__19_58_06_HDR0.jpg,grisMejua_2025_01_27__19_58_06_HDR0_2_Mothbot_yolo11m_4500_imgsz1600_b1_2024-01-18.pt.jpg
doi.org10.15468dl.6nxkw6.csv,Animalia,Arthropoda,Insecta,Hemiptera,,,,,809,,Hemiptera,Hemiptera,Cerro_Hoya_Expedition_Hoya_606m_grisMejua_2025-01-26,grisMejua_2025_01_27__19_58_06_HDR0_3_Mothbot_yolo11m_4500_imgsz1600_b1_2024-01-18.pt.jpg,HS,Mothbot_yolo11m_4500_imgsz1600_b1_2024-01-18.pt,0.5528623461723328,,grisMejua,Cerro_Hoya_Expedition/Hoya_606m_grisMejua_2025-01-26/2025-01-27/patches/grisMejua_2025_01_27__19_58_06_HDR0_3_Mothbot_yolo11m_4500_imgsz1600_b1_2024-01-18.pt.jpg,ORDER_Hemiptera,2025-01-27,19:58:06,,2025_01_27__19_58_06,MachineObservation,Cerro_Hoya_Expedition_Hoya_606m_grisMejua_2025-01-26_2025-01-27,Cerro_Hoya_Expedition_Hoya_606m_grisMejua_2025-01-26,grisMejua_2025_01_27__19_58_06_HDR0.jpg,grisMejua_2025_01_27__19_58_06_HDR0_3_Mothbot_yolo11m_4500_imgsz1600_b1_2024-01-18.pt.jpg
doi.org10.15468dl.6nxkw6.csv,Animalia,Arthropoda,Insecta,Coleoptera,,,,,1470,,Coleoptera,Coleoptera,Cerro_Hoya_Expedition_Hoya_606m_grisMejua_2025-01-26,grisMejua_2025_01_27__19_58_06_HDR0_4_Mothbot_yolo11m_4500_imgsz1600_b1_2024-01-18.pt.jpg,HS,Mothbot_yolo11m_4500_imgsz1600_b1_2024-01-18.pt,0.4709198474884033,,grisMejua,Cerro_Hoya_Expedition/Hoya_606m_grisMejua_2025-01-26/2025-01-27/patches/grisMejua_2025_01_27__19_58_06_HDR0_4_Mothbot_yolo11m_4500_imgsz1600_b1_2024-01-18.pt.jpg,ORDER_Coleoptera,2025-01-27,19:58:06,,2025_01_27__19_58_06,MachineObservation,Cerro_Hoya_Expedition_Hoya_606m_grisMejua_2025-01-26_2025-01-27,Cerro_Hoya_Expedition_Hoya_606m_grisMejua_2025-01-26,grisMejua_2025_01_27__19_58_06_HDR0.jpg,grisMejua_2025_01_27__19_58_06_HDR0_4_Mothbot_yolo11m_4500_imgsz1600_b1_2024-01-18.pt.jpg
doi.org10.15468dl.6nxkw6.csv,Animalia,Arthropoda,Insecta,Hemiptera,,,,,809,,Hemiptera,Hemiptera,Cerro_Hoya_Expedition_Hoya_606m_grisMejua_2025-01-26,grisMejua_2025_01_27__19_58_06_HDR0_5_Mothbot_yolo11m_4500_imgsz1600_b1_2024-01-18.pt.jpg,HS,Mothbot_yolo11m_4500_imgsz1600_b1_2024-01-18.pt,0.46171367168426514,,grisMejua,Cerro_Hoya_Expedition/Hoya_606m_grisMejua_2025-01-26/2025-01-27/patches/grisMejua_2025_01_27__19_58_06_HDR0_5_Mothbot_yolo11m_4500_imgsz1600_b1_2024-01-18.pt.jpg,ORDER_Hemiptera,2025-01-27,19:58:06,,2025_01_27__19_58_06,MachineObservation,Cerro_Hoya_Expedition_Hoya_606m_grisMejua_2025-01-26_2025-01-27,Cerro_Hoya_Expedition_Hoya_606m_grisMejua_2025-01-26,grisMejua_2025_01_27__19_58_06_HDR0.jpg,grisMejua_2025_01_27__19_58_06_HDR0_5_Mothbot_yolo11m_4500_imgsz1600_b1_2024-01-18.pt.jpg
doi.org10.15468dl.6nxkw6.csv,Animalia,Arthropoda,Insecta,Coleoptera,,,,,1470,,Coleoptera,Coleoptera,Cerro_Hoya_Expedition_Hoya_606m_grisMejua_2025-01-26,grisMejua_2025_01_27__19_58_06_HDR0_6_Mothbot_yolo11m_4500_imgsz1600_b1_2024-01-18.pt.jpg,HS,Mothbot_yolo11m_4500_imgsz1600_b1_2024-01-18.pt,0.42772048711776733,,grisMejua,Cerro_Hoya_Expedition/Hoya_606m_grisMejua_2025-01-26/2025-01-27/patches/grisMejua_2025_01_27__19_58_06_HDR0_6_Mothbot_yolo11m_4500_imgsz1600_b1_2024-01-18.pt.jpg,ORDER_Coleoptera,2025-01-27,19:58:06,,2025_01_27__19_58_06,MachineObservation,Cerro_Hoya_Expedition_Hoya_606m_grisMejua_2025-01-26_2025-01-27,Cerro_Hoya_Expedition_Hoya_606m_grisMejua_2025-01-26,grisMejua_2025_01_27__19_58_06_HDR0.jpg,grisMejua_2025_01_27__19_58_06_HDR0_6_Mothbot_yolo11m_4500_imgsz1600_b1_2024-01-18.pt.jpg
doi.org10.15468dl.6nxkw6.csv,Animalia,Arthropoda,Insecta,Coleoptera,,,,,1470,,Coleoptera,Coleoptera,Cerro_Hoya_Expedition_Hoya_606m_grisMejua_2025-01-26,grisMejua_2025_01_27__19_58_06_HDR0_7_Mothbot_yolo11m_4500_imgsz1600_b1_2024-01-18.pt.jpg,HS,Mothbot_yolo11m_4500_imgsz1600_b1_2024-01-18.pt,0.3984498679637909,,grisMejua,Cerro_Hoya_Expedition/Hoya_606m_grisMejua_2025-01-26/2025-01-27/patches/grisMejua_2025_01_27__19_58_06_HDR0_7_Mothbot_yolo11m_4500_imgsz1600_b1_2024-01-18.pt.jpg,ORDER_Coleoptera,2025-01-27,19:58:06,,2025_01_27__19_58_06,MachineObservation,Cerro_Hoya_Expedition_Hoya_606m_grisMejua_2025-01-26_2025-01-27,Cerro_Hoya_Expedition_Hoya_606m_grisMejua_2025-01-26,grisMejua_2025_01_27__19_58_06_HDR0.jpg,grisMejua_2025_01_27__19_58_06_HDR0_7_Mothbot_yolo11m_4500_imgsz1600_b1_2024-01-18.pt.jpg
doi.org10.15468dl.6nxkw6.csv,Animalia,Arthropoda,Insecta,Coleoptera,,,,,1470,,Coleoptera,Coleoptera,Cerro_Hoya_Expedition_Hoya_606m_grisMejua_2025-01-26,grisMejua_2025_01_27__19_58_06_HDR0_8_Mothbot_yolo11m_4500_imgsz1600_b1_2024-01-18.pt.jpg,HS,Mothbot_yolo11m_4500_imgsz1600_b1_2024-01-18.pt,0.3981201946735382,,grisMejua,Cerro_Hoya_Expedition/Hoya_606m_grisMejua_2025-01-26/2025-01-27/patches/grisMejua_2025_01_27__19_58_06_HDR0_8_Mothbot_yolo11m_4500_imgsz1600_b1_2024-01-18.pt.jpg,ORDER_Coleoptera,2025-01-27,19:58:06,,2025_01_27__19_58_06,MachineObservation,Cerro_Hoya_Expedition_Hoya_606m_grisMejua_2025-01-26_2025-01-27,Cerro_Hoya_Expedition_Hoya_606m_grisMejua_2025-01-26,grisMejua_2025_01_27__19_58_06_HDR0.jpg,grisMejua_2025_01_27__19_58_06_HDR0_8_Mothbot_yolo11m_4500_imgsz1600_b1_2024-01-18.pt.jpg
doi.org10.15468dl.6nxkw6.csv,Animalia,Arthropoda,Insecta,Coleoptera,,,,,1470,,Coleoptera,Coleoptera,Cerro_Hoya_Expedition_Hoya_606m_grisMejua_2025-01-26,grisMejua_2025_01_27__19_58_06_HDR0_9_Mothbot_yolo11m_4500_imgsz1600_b1_2024-01-18.pt.jpg,HS,Mothbot_yolo11m_4500_imgsz1600_b1_2024-01-18.pt,0.3750937581062317,,grisMejua,Cerro_Hoya_Expedition/Hoya_606m_grisMejua_2025-01-26/2025-01-27/patches/grisMejua_2025_01_27__19_58_06_HDR0_9_Mothbot_yolo11m_4500_imgsz1600_b1_2024-01-18.pt.jpg,ORDER_Psocodea,2025-01-27,19:58:06,,2025_01_27__19_58_06,MachineObservation,Cerro_Hoya_Expedition_Hoya_606m_grisMejua_2025-01-26_2025-01-27,Cerro_Hoya_Expedition_Hoya_606m_grisMejua_2025-01-26,grisMejua_2025_01_27__19_58_06_HDR0.jpg,grisMejua_2025_01_27__19_58_06_HDR0_9_Mothbot_yolo11m_4500_imgsz1600_b1_2024-01-18.pt.jpg
doi.org10.15468dl.6nxkw6.csv,Animalia,Arthropoda,Insecta,Coleoptera,,,,,1470,,Coleoptera,Coleoptera,Cerro_Hoya_Expedition_Hoya_606m_grisMejua_2025-01-26,grisMejua_2025_01_27__19_58_06_HDR0_10_Mothbot_yolo11m_4500_imgsz1600_b1_2024-01-18.pt.jpg,HS,Mothbot_yolo11m_4500_imgsz1600_b1_2024-01-18.pt,0.3682224452495575,,grisMejua,Cerro_Hoya_Expedition/Hoya_606m_grisMejua_2025-01-26/2025-01-27/patches/grisMejua_2025_01_27__19_58_06_HDR0_10_Mothbot_yolo11m_4500_imgsz1600_b1_2024-01-18.pt.jpg,ORDER_Hemiptera,2025-01-27,19:58:06,,2025_01_27__19_58_06,MachineObservation,Cerro_Hoya_Expedition_Hoya_606m_grisMejua_2025-01-26_2025-01-27,Cerro_Hoya_Expedition_Hoya_606m_grisMejua_2025-01-26,grisMejua_2025_01_27__19_58_06_HDR0.jpg,grisMejua_2025_01_27__19_58_06_HDR0_10_Mothbot_yolo11m_4500_imgsz1600_b1_2024-01-18.pt.jpg
doi.org10.15468dl.6nxkw6.csv,Animalia,Arthropoda,Insecta,Hemiptera,,,,,809,,Hemiptera,Hemiptera,Cerro_Hoya_Expedition_Hoya_606m_grisMejua_2025-01-26,grisMejua_2025_01_27__19_59_06_HDR0_0_Mothbot_yolo11m_4500_imgsz1600_b1_2024-01-18.pt.jpg,HS,Mothbot_yolo11m_4500_imgsz1600_b1_2024-01-18.pt,0.8234672546386719,,grisMejua,Cerro_Hoya_Expedition/Hoya_606m_grisMejua_2025-01-26/2025-01-27/patches/grisMejua_2025_01_27__19_59_06_HDR0_0_Mothbot_yolo11m_4500_imgsz1600_b1_2024-01-18.pt.jpg,ORDER_Hemiptera,2025-01-27,19:59:06,,2025_01_27__19_59_06,MachineObservation,Cerro_Hoya_Expedition_Hoya_606m_grisMejua_2025-01-26_2025-01-27,Cerro_Hoya_Expedition_Hoya_606m_grisMejua_2025-01-26,grisMejua_2025_01_27__19_59_06_HDR0.jpg,grisMejua_2025_01_27__19_59_06_HDR0_0_Mothbot_yolo11m_4500_imgsz1600_b1_2024-01-18.pt.jpg
doi.org10.15468dl.6nxkw6.csv,Animalia,Arthropoda,Insecta,Lepidoptera,,,,,797,,Lepidoptera,Lepidoptera,Cerro_Hoya_Expedition_Hoya_606m_grisMejua_2025-01-26,grisMejua_2025_01_27__19_59_06_HDR0_1_Mothbot_yolo11m_4500_imgsz1600_b1_2024-01-18.pt.jpg,HS,Mothbot_yolo11m_4500_imgsz1600_b1_2024-01-18.pt,0.8010807037353516,,grisMejua,Cerro_Hoya_Expedition/Hoya_606m_grisMejua_2025-01-26/2025-01-27/patches/grisMejua_2025_01_27__19_59_06_HDR0_1_Mothbot_yolo11m_4500_imgsz1600_b1_2024-01-18.pt.jpg,ORDER_Lepidoptera,2025-01-27,19:59:06,,2025_01_27__19_59_06,MachineObservation,Cerro_Hoya_Expedition_Hoya_606m_grisMejua_2025-01-26_2025-01-27,Cerro_Hoya_Expedition_Hoya_606m_grisMejua_2025-01-26,grisMejua_2025_01_27__19_59_06_HDR0.jpg,grisMejua_2025_01_27__19_59_06_HDR0_1_Mothbot_yolo11m_4500_imgsz1600_b1_2024-01-18.pt.jpg
doi.org10.15468dl.6nxkw6.csv,Animalia,Arthropoda,Insecta,Hemiptera,,,,,809,,Hemiptera,Hemiptera,Cerro_Hoya_Expedition_Hoya_606m_grisMejua_2025-01-26,grisMejua_2025_01_27__19_59_06_HDR0_2_Mothbot_yolo11m_4500_imgsz1600_b1_2024-01-18.pt.jpg,HS,Mothbot_yolo11m_4500_imgsz1600_b1_2024-01-18.pt,0.7880663275718689,,grisMejua,Cerro_Hoya_Expedition/Hoya_606m_grisMejua_2025-01-26/2025-01-27/patches/grisMejua_2025_01_27__19_59_06_HDR0_2_Mothbot_yolo11m_4500_imgsz1600_b1_2024-01-18.pt.jpg,ORDER_Hemiptera,2025-01-27,19:59:06,,2025_01_27__19_59_06,MachineObservation,Cerro_Hoya_Expedition_Hoya_606m_grisMejua_2025-01-26_2025-01-27,Cerro_Hoya_Expedition_Hoya_606m_grisMejua_2025-01-26,grisMejua_2025_01_27__19_59_06_HDR0.jpg,grisMejua_2025_01_27__19_59_06_HDR0_2_Mothbot_yolo11m_4500_imgsz1600_b1_2024-01-18.pt.jpg
doi.org10.15468dl.6nxkw6.csv,Animalia,Arthropoda,Insecta,Lepidoptera,,,,,797,,Lepidoptera,Lepidoptera,Cerro_Hoya_Expedition_Hoya_606m_grisMejua_2025-01-26,grisMejua_2025_01_27__19_59_06_HDR0_3_Mothbot_yolo11m_4500_imgsz1600_b1_2024-01-18.pt.jpg,HS,Mothbot_yolo11m_4500_imgsz1600_b1_2024-01-18.pt,0.7423744797706604,,grisMejua,Cerro_Hoya_Expedition/Hoya_606m_grisMejua_2025-01-26/2025-01-27/patches/grisMejua_2025_01_27__19_59_06_HDR0_3_Mothbot_yolo11m_4500_imgsz1600_b1_2024-01-18.pt.jpg,ORDER_Lepidoptera,2025-01-27,19:59:06,,2025_01_27__19_59_06,MachineObservation,Cerro_Hoya_Expedition_Hoya_606m_grisMejua_2025-01-26_2025-01-27,Cerro_Hoya_Expedition_Hoya_606m_grisMejua_2025-01-26,grisMejua_2025_01_27__19_59_06_HDR0.jpg,grisMejua_2025_01_27__19_59_06_HDR0_3_Mothbot_yolo11m_4500_imgsz1600_b1_2024-01-18.pt.jpg
doi.org10.15468dl.6nxkw6.csv,Animalia,Arthropoda,Insecta,Hemiptera,,,,,809,,Hemiptera,Hemiptera,Cerro_Hoya_Expedition_Hoya_606m_grisMejua_2025-01-26,grisMejua_2025_01_27__19_59_06_HDR0_4_Mothbot_yolo11m_4500_imgsz1600_b1_2024-01-18.pt.jpg,HS,Mothbot_yolo11m_4500_imgsz1600_b1_2024-01-18.pt,0.5974079966545105,,grisMejua,Cerro_Hoya_Expedition/Hoya_606m_grisMejua_2025-01-26/2025-01-27/patches/grisMejua_2025_01_27__19_59_06_HDR0_4_Mothbot_yolo11m_4500_imgsz1600_b1_2024-01-18.pt.jpg,ORDER_Hemiptera,2025-01-27,19:59:06,,2025_01_27__19_59_06,MachineObservation,Cerro_Hoya_Expedition_Hoya_606m_grisMejua_2025-01-26_2025-01-27,Cerro_Hoya_Expedition_Hoya_606m_grisMejua_2025-01-26,grisMejua_2025_01_27__19_59_06_HDR0.jpg,grisMejua_2025_01_27__19_59_06_HDR0_4_Mothbot_yolo11m_4500_imgsz1600_b1_2024-01-18.pt.jpg
doi.org10.15468dl.6nxkw6.csv,Animalia,Arthropoda,Insecta,Hemiptera,,,,,809,,Hemiptera,Hemiptera,Cerro_Hoya_Expedition_Hoya_606m_grisMejua_2025-01-26,grisMejua_2025_01_27__19_59_06_HDR0_5_Mothbot_yolo11m_4500_imgsz1600_b1_2024-01-18.pt.jpg,HS,Mothbot_yolo11m_4500_imgsz1600_b1_2024-01-18.pt,0.5785285234451294,,grisMejua,Cerro_Hoya_Expedition/Hoya_606m_grisMejua_2025-01-26/2025-01-27/patches/grisMejua_2025_01_27__19_59_06_HDR0_5_Mothbot_yolo11m_4500_imgsz1600_b1_2024-01-18.pt.jpg,ORDER_Hemiptera,2025-01-27,19:59:06,,2025_01_27__19_59_06,MachineObservation,Cerro_Hoya_Expedition_Hoya_606m_grisMejua_2025-01-26_2025-01-27,Cerro_Hoya_Expedition_Hoya_606m_grisMejua_2025-01-26,grisMejua_2025_01_27__19_59_06_HDR0.jpg,grisMejua_2025_01_27__19_59_06_HDR0_5_Mothbot_yolo11m_4500_imgsz1600_b1_2024-01-18.pt.jpg
doi.org10.15468dl.6nxkw6.csv,Animalia,Arthropoda,Insecta,Coleoptera,,,,,1470,,Coleoptera,Coleoptera,Cerro_Hoya_Expedition_Hoya_606m_grisMejua_2025-01-26,grisMejua_2025_01_27__19_59_06_HDR0_6_Mothbot_yolo11m_4500_imgsz1600_b1_2024-01-18.pt.jpg,HS,Mothbot_yolo11m_4500_imgsz1600_b1_2024-01-18.pt,0.4994470179080963,,grisMejua,Cerro_Hoya_Expedition/Hoya_606m_grisMejua_2025-01-26/2025-01-27/patches/grisMejua_2025_01_27__19_59_06_HDR0_6_Mothbot_yolo11m_4500_imgsz1600_b1_2024-01-18.pt.jpg,ORDER_Coleoptera,2025-01-27,19:59:06,,2025_01_27__19_59_06,MachineObservation,Cerro_Hoya_Expedition_Hoya_606m_grisMejua_2025-01-26_2025-01-27,Cerro_Hoya_Expedition_Hoya_606m_grisMejua_2025-01-26,grisMejua_2025_01_27__19_59_06_HDR0.jpg,grisMejua_2025_01_27__19_59_06_HDR0_6_Mothbot_yolo11m_4500_imgsz1600_b1_2024-01-18.pt.jpg
doi.org10.15468dl.6nxkw6.csv,Animalia,Arthropoda,Insecta,Coleoptera,,,,,1470,,Coleoptera,Coleoptera,Cerro_Hoya_Expedition_Hoya_606m_grisMejua_2025-01-26,grisMejua_2025_01_27__19_59_06_HDR0_7_Mothbot_yolo11m_4500_imgsz1600_b1_2024-01-18.pt.jpg,HS,Mothbot_yolo11m_4500_imgsz1600_b1_2024-01-18.pt,0.49638450145721436,,grisMejua,Cerro_Hoya_Expedition/Hoya_606m_grisMejua_2025-01-26/2025-01-27/patches/grisMejua_2025_01_27__19_59_06_HDR0_7_Mothbot_yolo11m_4500_imgsz1600_b1_2024-01-18.pt.jpg,ORDER_Coleoptera,2025-01-27,19:59:06,,2025_01_27__19_59_06,MachineObservation,Cerro_Hoya_Expedition_Hoya_606m_grisMejua_2025-01-26_2025-01-27,Cerro_Hoya_Expedition_Hoya_606m_grisMejua_2025-01-26,grisMejua_2025_01_27__19_59_06_HDR0.jpg,grisMejua_2025_01_27__19_59_06_HDR0_7_Mothbot_yolo11m_4500_imgsz1600_b1_2024-01-18.pt.jpg
doi.org10.15468dl.6nxkw6.csv,Animalia,Arthropoda,Insecta,Hemiptera,,,,,809,,Hemiptera,Hemiptera,Cerro_Hoya_Expedition_Hoya_606m_grisMejua_2025-01-26,grisMejua_2025_01_27__19_59_06_HDR0_8_Mothbot_yolo11m_4500_imgsz1600_b1_2024-01-18.pt.jpg,HS,Mothbot_yolo11m_4500_imgsz1600_b1_2024-01-18.pt,0.4480695128440857,,grisMejua,Cerro_Hoya_Expedition/Hoya_606m_grisMejua_2025-01-26/2025-01-27/patches/grisMejua_2025_01_27__19_59_06_HDR0_8_Mothbot_yolo11m_4500_imgsz1600_b1_2024-01-18.pt.jpg,ORDER_Hemiptera,2025-01-27,19:59:06,,2025_01_27__19_59_06,MachineObservation,Cerro_Hoya_Expedition_Hoya_606m_grisMejua_2025-01-26_2025-01-27,Cerro_Hoya_Expedition_Hoya_606m_grisMejua_2025-01-26,grisMejua_2025_01_27__19_59_06_HDR0.jpg,grisMejua_2025_01_27__19_59_06_HDR0_8_Mothbot_yolo11m_4500_imgsz1600_b1_2024-01-18.pt.jpg
doi.org10.15468dl.6nxkw6.csv,Animalia,Arthropoda,Insecta,Coleoptera,,,,,1470,,Coleoptera,Coleoptera,Cerro_Hoya_Expedition_Hoya_606m_grisMejua_2025-01-26,grisMejua_2025_01_27__19_59_06_HDR0_9_Mothbot_yolo11m_4500_imgsz1600_b1_2024-01-18.pt.jpg,HS,Mothbot_yolo11m_4500_imgsz1600_b1_2024-01-18.pt,0.4409143626689911,,grisMejua,Cerro_Hoya_Expedition/Hoya_606m_grisMejua_2025-01-26/2025-01-27/patches/grisMejua_2025_01_27__19_59_06_HDR0_9_Mothbot_yolo11m_4500_imgsz1600_b1_2024-01-18.pt.jpg,ORDER_Psocodea,2025-01-27,19:59:06,,2025_01_27__19_59_06,MachineObservation,Cerro_Hoya_Expedition_Hoya_606m_grisMejua_2025-01-26_2025-01-27,Cerro_Hoya_Expedition_Hoya_606m_grisMejua_2025-01-26,grisMejua_2025_01_27__19_59_06_HDR0.jpg,grisMejua_2025_01_27__19_59_06_HDR0_9_Mothbot_yolo11m_4500_imgsz1600_b1_2024-01-18.pt.jpg
doi.org10.15468dl.6nxkw6.csv,Animalia,Arthropoda,Insecta,Coleoptera,,,,,1470,,Coleoptera,Coleoptera,Cerro_Hoya_Expedition_Hoya_606m_grisMejua_2025-01-26,grisMejua_2025_01_27__19_59_06_HDR0_10_Mothbot_yolo11m_4500_imgsz1600_b1_2024-01-18.pt.jpg,HS,Mothbot_yolo11m_4500_imgsz1600_b1_2024-01-18.pt,0.4388333261013031,,grisMejua,Cerro_Hoya_Expedition/Hoya_606m_grisMejua_2025-01-26/2025-01-27/patches/grisMejua_2025_01_27__19_59_06_HDR0_10_Mothbot_yolo11m_4500_imgsz1600_b1_2024-01-18.pt.jpg,ORDER_Coleoptera,2025-01-27,19:59:06,,2025_01_27__19_59_06,MachineObservation,Cerro_Hoya_Expedition_Hoya_606m_grisMejua_2025-01-26_2025-01-27,Cerro_Hoya_Expedition_Hoya_606m_grisMejua_2025-01-26,grisMejua_2025_01_27__19_59_06_HDR0.jpg,grisMejua_2025_01_27__19_59_06_HDR0_10_Mothbot_yolo11m_4500_imgsz1600_b1_2024-01-18.pt.jpg
doi.org10.15468dl.6nxkw6.csv,Animalia,Arthropoda,Insecta,Diptera,,,,,811,,Diptera,Diptera,Cerro_Hoya_Expedition_Hoya_606m_grisMejua_2025-01-26,grisMejua_2025_01_27__19_59_06_HDR0_11_Mothbot_yolo11m_4500_imgsz1600_b1_2024-01-18.pt.jpg,HS,Mothbot_yolo11m_4500_imgsz1600_b1_2024-01-18.pt,0.41023531556129456,,grisMejua,Cerro_Hoya_Expedition/Hoya_606m_grisMejua_2025-01-26/2025-01-27/patches/grisMejua_2025_01_27__19_59_06_HDR0_11_Mothbot_yolo11m_4500_imgsz1600_b1_2024-01-18.pt.jpg,ORDER_Diptera,2025-01-27,19:59:06,,2025_01_27__19_59_06,MachineObservation,Cerro_Hoya_Expedition_Hoya_606m_grisMejua_2025-01-26_2025-01-27,Cerro_Hoya_Expedition_Hoya_606m_grisMejua_2025-01-26,grisMejua_2025_01_27__19_59_06_HDR0.jpg,grisMejua_2025_01_27__19_59_06_HDR0_11_Mothbot_yolo11m_4500_imgsz1600_b1_2024-01-18.pt.jpg
doi.org10.15468dl.6nxkw6.csv,Animalia,Arthropoda,Insecta,Coleoptera,,,,,1470,,Coleoptera,Coleoptera,Cerro_Hoya_Expedition_Hoya_606m_grisMejua_2025-01-26,grisMejua_2025_01_27__19_59_06_HDR0_12_Mothbot_yolo11m_4500_imgsz1600_b1_2024-01-18.pt.jpg,HS,Mothbot_yolo11m_4500_imgsz1600_b1_2024-01-18.pt,0.3556131422519684,,grisMejua,Cerro_Hoya_Expedition/Hoya_606m_grisMejua_2025-01-26/2025-01-27/patches/grisMejua_2025_01_27__19_59_06_HDR0_12_Mothbot_yolo11m_4500_imgsz1600_b1_2024-01-18.pt.jpg,ORDER_Coleoptera,2025-01-27,19:59:06,,2025_01_27__19_59_06,MachineObservation,Cerro_Hoya_Expedition_Hoya_606m_grisMejua_2025-01-26_2025-01-27,Cerro_Hoya_Expedition_Hoya_606m_grisMejua_2025-01-26,grisMejua_2025_01_27__19_59_06_HDR0.jpg,grisMejua_2025_01_27__19_59_06_HDR0_12_Mothbot_yolo11m_4500_imgsz1600_b1_2024-01-18.pt.jpg
doi.org10.15468dl.6nxkw6.csv,Animalia,Arthropoda,Insecta,Coleoptera,,,,,1470,,Coleoptera,Coleoptera,Cerro_Hoya_Expedition_Hoya_606m_grisMejua_2025-01-26,grisMejua_2025_01_27__19_59_06_HDR0_13_Mothbot_yolo11m_4500_imgsz1600_b1_2024-01-18.pt.jpg,HS,Mothbot_yolo11m_4500_imgsz1600_b1_2024-01-18.pt,0.3455360233783722,,grisMejua,Cerro_Hoya_Expedition/Hoya_606m_grisMejua_2025-01-26/2025-01-27/patches/grisMejua_2025_01_27__19_59_06_HDR0_13_Mothbot_yolo11m_4500_imgsz1600_b1_2024-01-18.pt.jpg,ORDER_Coleoptera,2025-01-27,19:59:06,,2025_01_27__19_59_06,MachineObservation,Cerro_Hoya_Expedition_Hoya_606m_grisMejua_2025-01-26_2025-01-27,Cerro_Hoya_Expedition_Hoya_606m_grisMejua_2025-01-26,grisMejua_2025_01_27__19_59_06_HDR0.jpg,grisMejua_2025_01_27__19_59_06_HDR0_13_Mothbot_yolo11m_4500_imgsz1600_b1_2024-01-18.pt.jpg
doi.org10.15468dl.6nxkw6.csv,Animalia,Arthropoda,Insecta,Coleoptera,,,,,1470,,Coleoptera,Coleoptera,Cerro_Hoya_Expedition_Hoya_606m_grisMejua_2025-01-26,grisMejua_2025_01_27__19_59_06_HDR0_14_Mothbot_yolo11m_4500_imgsz1600_b1_2024-01-18.pt.jpg,HS,Mothbot_yolo11m_4500_imgsz1600_b1_2024-01-18.pt,0.25670450925827026,,grisMejua,Cerro_Hoya_Expedition/Hoya_606m_grisMejua_2025-01-26/2025-01-27/patches/grisMejua_2025_01_27__19_59_06_HDR0_14_Mothbot_yolo11m_4500_imgsz1600_b1_2024-01-18.pt.jpg,ORDER_Coleoptera,2025-01-27,19:59:06,,2025_01_27__19_59_06,MachineObservation,Cerro_Hoya_Expedition_Hoya_606m_grisMejua_2025-01-26_2025-01-27,Cerro_Hoya_Expedition_Hoya_606m_grisMejua_2025-01-26,grisMejua_2025_01_27__19_59_06_HDR0.jpg,grisMejua_2025_01_27__19_59_06_HDR0_14_Mothbot_yolo11m_4500_imgsz1600_b1_2024-01-18.pt.jpg
doi.org10.15468dl.6nxkw6.csv,Animalia,Arthropoda,Insecta,Hemiptera,,,,,809,,Hemiptera,Hemiptera,Cerro_Hoya_Expedition_Hoya_606m_grisMejua_2025-01-26,grisMejua_2025_01_27__21_03_06_HDR0_0_Mothbot_yolo11m_4500_imgsz1600_b1_2024-01-18.pt.jpg,HS,Mothbot_yolo11m_4500_imgsz1600_b1_2024-01-18.pt,0.8592702150344849,,grisMejua,Cerro_Hoya_Expedition/Hoya_606m_grisMejua_2025-01-26/2025-01-27/patches/grisMejua_2025_01_27__21_03_06_HDR0_0_Mothbot_yolo11m_4500_imgsz1600_b1_2024-01-18.pt.jpg,ORDER_Hemiptera,2025-01-27,21:03:06,,2025_01_27__21_03_06,MachineObservation,Cerro_Hoya_Expedition_Hoya_606m_grisMejua_2025-01-26_2025-01-27,Cerro_Hoya_Expedition_Hoya_606m_grisMejua_2025-01-26,grisMejua_2025_01_27__21_03_06_HDR0.jpg,grisMejua_2025_01_27__21_03_06_HDR0_0_Mothbot_yolo11m_4500_imgsz1600_b1_2024-01-18.pt.jpg
doi.org10.15468dl.6nxkw6.csv,Animalia,Arthropoda,Insecta,Hemiptera,,,,,809,,Hemiptera,Hemiptera,Cerro_Hoya_Expedition_Hoya_606m_grisMejua_2025-01-26,grisMejua_2025_01_27__21_04_06_HDR0_0_Mothbot_yolo11m_4500_imgsz1600_b1_2024-01-18.pt.jpg,HS,Mothbot_yolo11m_4500_imgsz1600_b1_2024-01-18.pt,0.7586315274238586,,grisMejua,Cerro_Hoya_Expedition/Hoya_606m_grisMejua_2025-01-26/2025-01-27/patches/grisMejua_2025_01_27__21_04_06_HDR0_0_Mothbot_yolo11m_4500_imgsz1600_b1_2024-01-18.pt.jpg,ORDER_Hemiptera,2025-01-27,21:04:06,,2025_01_27__21_04_06,MachineObservation,Cerro_Hoya_Expedition_Hoya_606m_grisMejua_2025-01-26_2025-01-27,Cerro_Hoya_Expedition_Hoya_606m_grisMejua_2025-01-26,grisMejua_2025_01_27__21_04_06_HDR0.jpg,grisMejua_2025_01_27__21_04_06_HDR0_0_Mothbot_yolo11m_4500_imgsz1600_b1_2024-01-18.pt.jpg
doi.org10.15468dl.6nxkw6.csv,Animalia,Arthropoda,Insecta,Hemiptera,,,,,809,,Hemiptera,Hemiptera,Cerro_Hoya_Expedition_Hoya_606m_grisMejua_2025-01-26,grisMejua_2025_01_27__21_05_06_HDR0_0_Mothbot_yolo11m_4500_imgsz1600_b1_2024-01-18.pt.jpg,HS,Mothbot_yolo11m_4500_imgsz1600_b1_2024-01-18.pt,0.7875810861587524,,grisMejua,Cerro_Hoya_Expedition/Hoya_606m_grisMejua_2025-01-26/2025-01-27/patches/grisMejua_2025_01_27__21_05_06_HDR0_0_Mothbot_yolo11m_4500_imgsz1600_b1_2024-01-18.pt.jpg,ORDER_Hemiptera,2025-01-27,21:05:06,,2025_01_27__21_05_06,MachineObservation,Cerro_Hoya_Expedition_Hoya_606m_grisMejua_2025-01-26_2025-01-27,Cerro_Hoya_Expedition_Hoya_606m_grisMejua_2025-01-26,grisMejua_2025_01_27__21_05_06_HDR0.jpg,grisMejua_2025_01_27__21_05_06_HDR0_0_Mothbot_yolo11m_4500_imgsz1600_b1_2024-01-18.pt.jpg
doi.org10.15468dl.6nxkw6.csv,Animalia,Arthropoda,Insecta,Hemiptera,,,,,809,,Hemiptera,Hemiptera,Cerro_Hoya_Expedition_Hoya_606m_grisMejua_2025-01-26,grisMejua_2025_01_27__21_06_06_HDR0_0_Mothbot_yolo11m_4500_imgsz1600_b1_2024-01-18.pt.jpg,HS,Mothbot_yolo11m_4500_imgsz1600_b1_2024-01-18.pt,0.658608615398407,,grisMejua,Cerro_Hoya_Expedition/Hoya_606m_grisMejua_2025-01-26/2025-01-27/patches/grisMejua_2025_01_27__21_06_06_HDR0_0_Mothbot_yolo11m_4500_imgsz1600_b1_2024-01-18.pt.jpg,ORDER_Hemiptera,2025-01-27,21:06:06,,2025_01_27__21_06_06,MachineObservation,Cerro_Hoya_Expedition_Hoya_606m_grisMejua_2025-01-26_2025-01-27,Cerro_Hoya_Expedition_Hoya_606m_grisMejua_2025-01-26,grisMejua_2025_01_27__21_06_06_HDR0.jpg,grisMejua_2025_01_27__21_06_06_HDR0_0_Mothbot_yolo11m_4500_imgsz1600_b1_2024-01-18.pt.jpg
doi.org10.15468dl.6nxkw6.csv,Animalia,Arthropoda,Insecta,Hemiptera,,,,,809,,Hemiptera,Hemiptera,Cerro_Hoya_Expedition_Hoya_606m_grisMejua_2025-01-26,grisMejua_2025_01_27__21_07_05_HDR0_0_Mothbot_yolo11m_4500_imgsz1600_b1_2024-01-18.pt.jpg,HS,Mothbot_yolo11m_4500_imgsz1600_b1_2024-01-18.pt,0.45246422290802,,grisMejua,Cerro_Hoya_Expedition/Hoya_606m_grisMejua_2025-01-26/2025-01-27/patches/grisMejua_2025_01_27__21_07_05_HDR0_0_Mothbot_yolo11m_4500_imgsz1600_b1_2024-01-18.pt.jpg,ORDER_Hemiptera,2025-01-27,21:07:05,,2025_01_27__21_07_05,MachineObservation,Cerro_Hoya_Expedition_Hoya_606m_grisMejua_2025-01-26_2025-01-27,Cerro_Hoya_Expedition_Hoya_606m_grisMejua_2025-01-26,grisMejua_2025_01_27__21_07_05_HDR0.jpg,grisMejua_2025_01_27__21_07_05_HDR0_0_Mothbot_yolo11m_4500_imgsz1600_b1_2024-01-18.pt.jpg
doi.org10.15468dl.6nxkw6.csv,Animalia,Arthropoda,Insecta,Diptera,,,,,811,,Diptera,Diptera,Cerro_Hoya_Expedition_Hoya_606m_grisMejua_2025-01-26,grisMejua_2025_01_27__21_07_05_HDR0_1_Mothbot_yolo11m_4500_imgsz1600_b1_2024-01-18.pt.jpg,HS,Mothbot_yolo11m_4500_imgsz1600_b1_2024-01-18.pt,0.36819690465927124,,grisMejua,Cerro_Hoya_Expedition/Hoya_606m_grisMejua_2025-01-26/2025-01-27/patches/grisMejua_2025_01_27__21_07_05_HDR0_1_Mothbot_yolo11m_4500_imgsz1600_b1_2024-01-18.pt.jpg,ORDER_Diptera,2025-01-27,21:07:05,,2025_01_27__21_07_05,MachineObservation,Cerro_Hoya_Expedition_Hoya_606m_grisMejua_2025-01-26_2025-01-27,Cerro_Hoya_Expedition_Hoya_606m_grisMejua_2025-01-26,grisMejua_2025_01_27__21_07_05_HDR0.jpg,grisMejua_2025_01_27__21_07_05_HDR0_1_Mothbot_yolo11m_4500_imgsz1600_b1_2024-01-18.pt.jpg
doi.org10.15468dl.6nxkw6.csv,Animalia,Arthropoda,Insecta,Hemiptera,,,,,809,,Hemiptera,Hemiptera,Cerro_Hoya_Expedition_Hoya_606m_grisMejua_2025-01-26,grisMejua_2025_01_27__21_08_22_HDR0_0_Mothbot_yolo11m_4500_imgsz1600_b1_2024-01-18.pt.jpg,HS,Mothbot_yolo11m_4500_imgsz1600_b1_2024-01-18.pt,0.6234242916107178,,grisMejua,Cerro_Hoya_Expedition/Hoya_606m_grisMejua_2025-01-26/2025-01-27/patches/grisMejua_2025_01_27__21_08_22_HDR0_0_Mothbot_yolo11m_4500_imgsz1600_b1_2024-01-18.pt.jpg,ORDER_Hemiptera,2025-01-27,21:08:22,,2025_01_27__21_08_22,MachineObservation,Cerro_Hoya_Expedition_Hoya_606m_grisMejua_2025-01-26_2025-01-27,Cerro_Hoya_Expedition_Hoya_606m_grisMejua_2025-01-26,grisMejua_2025_01_27__21_08_22_HDR0.jpg,grisMejua_2025_01_27__21_08_22_HDR0_0_Mothbot_yolo11m_4500_imgsz1600_b1_2024-01-18.pt.jpg
doi.org10.15468dl.6nxkw6.csv,Animalia,Arthropoda,Insecta,Hemiptera,,,,,809,,Hemiptera,Hemiptera,Cerro_Hoya_Expedition_Hoya_606m_grisMejua_2025-01-26,grisMejua_2025_01_27__21_09_06_HDR0_0_Mothbot_yolo11m_4500_imgsz1600_b1_2024-01-18.pt.jpg,HS,Mothbot_yolo11m_4500_imgsz1600_b1_2024-01-18.pt,0.7821864485740662,,grisMejua,Cerro_Hoya_Expedition/Hoya_606m_grisMejua_2025-01-26/2025-01-27/patches/grisMejua_2025_01_27__21_09_06_HDR0_0_Mothbot_yolo11m_4500_imgsz1600_b1_2024-01-18.pt.jpg,ORDER_Hemiptera,2025-01-27,21:09:06,,2025_01_27__21_09_06,MachineObservation,Cerro_Hoya_Expedition_Hoya_606m_grisMejua_2025-01-26_2025-01-27,Cerro_Hoya_Expedition_Hoya_606m_grisMejua_2025-01-26,grisMejua_2025_01_27__21_09_06_HDR0.jpg,grisMejua_2025_01_27__21_09_06_HDR0_0_Mothbot_yolo11m_4500_imgsz1600_b1_2024-01-18.pt.jpg
doi.org10.15468dl.6nxkw6.csv,Animalia,Arthropoda,Insecta,Hemiptera,,,,,809,,Hemiptera,Hemiptera,Cerro_Hoya_Expedition_Hoya_606m_grisMejua_2025-01-26,grisMejua_2025_01_27__21_11_05_HDR0_0_Mothbot_yolo11m_4500_imgsz1600_b1_2024-01-18.pt.jpg,HS,Mothbot_yolo11m_4500_imgsz1600_b1_2024-01-18.pt,0.7878290414810181,,grisMejua,Cerro_Hoya_Expedition/Hoya_606m_grisMejua_2025-01-26/2025-01-27/patches/grisMejua_2025_01_27__21_11_05_HDR0_0_Mothbot_yolo11m_4500_imgsz1600_b1_2024-01-18.pt.jpg,ORDER_Hemiptera,2025-01-27,21:11:05,,2025_01_27__21_11_05,MachineObservation,Cerro_Hoya_Expedition_Hoya_606m_grisMejua_2025-01-26_2025-01-27,Cerro_Hoya_Expedition_Hoya_606m_grisMejua_2025-01-26,grisMejua_2025_01_27__21_11_05_HDR0.jpg,grisMejua_2025_01_27__21_11_05_HDR0_0_Mothbot_yolo11m_4500_imgsz1600_b1_2024-01-18.pt.jpg
doi.org10.15468dl.6nxkw6.csv,Animalia,Arthropoda,Insecta,Lepidoptera,,,,,797,,Lepidoptera,Lepidoptera,Cerro_Hoya_Expedition_Hoya_606m_grisMejua_2025-01-26,grisMejua_2025_01_27__21_11_05_HDR0_1_Mothbot_yolo11m_4500_imgsz1600_b1_2024-01-18.pt.jpg,HS,Mothbot_yolo11m_4500_imgsz1600_b1_2024-01-18.pt,0.7433001399040222,,grisMejua,Cerro_Hoya_Expedition/Hoya_606m_grisMejua_2025-01-26/2025-01-27/patches/grisMejua_2025_01_27__21_11_05_HDR0_1_Mothbot_yolo11m_4500_imgsz1600_b1_2024-01-18.pt.jpg,ORDER_Lepidoptera,2025-01-27,21:11:05,,2025_01_27__21_11_05,MachineObservation,Cerro_Hoya_Expedition_Hoya_606m_grisMejua_2025-01-26_2025-01-27,Cerro_Hoya_Expedition_Hoya_606m_grisMejua_2025-01-26,grisMejua_2025_01_27__21_11_05_HDR0.jpg,grisMejua_2025_01_27__21_11_05_HDR0_1_Mothbot_yolo11m_4500_imgsz1600_b1_2024-01-18.pt.jpg
doi.org10.15468dl.6nxkw6.csv,Animalia,Arthropoda,Insecta,Lepidoptera,,,,,797,,Lepidoptera,Lepidoptera,Cerro_Hoya_Expedition_Hoya_606m_grisMejua_2025-01-26,grisMejua_2025_01_27__21_12_06_HDR0_0_Mothbot_yolo11m_4500_imgsz1600_b1_2024-01-18.pt.jpg,HS,Mothbot_yolo11m_4500_imgsz1600_b1_2024-01-18.pt,0.7405771017074585,,grisMejua,Cerro_Hoya_Expedition/Hoya_606m_grisMejua_2025-01-26/2025-01-27/patches/grisMejua_2025_01_27__21_12_06_HDR0_0_Mothbot_yolo11m_4500_imgsz1600_b1_2024-01-18.pt.jpg,ORDER_Lepidoptera,2025-01-27,21:12:06,,2025_01_27__21_12_06,MachineObservation,Cerro_Hoya_Expedition_Hoya_606m_grisMejua_2025-01-26_2025-01-27,Cerro_Hoya_Expedition_Hoya_606m_grisMejua_2025-01-26,grisMejua_2025_01_27__21_12_06_HDR0.jpg,grisMejua_2025_01_27__21_12_06_HDR0_0_Mothbot_yolo11m_4500_imgsz1600_b1_2024-01-18.pt.jpg
doi.org10.15468dl.6nxkw6.csv,Animalia,Arthropoda,Insecta,Coleoptera,,,,,1470,,Coleoptera,Coleoptera,Cerro_Hoya_Expedition_Hoya_606m_grisMejua_2025-01-26,grisMejua_2025_01_27__21_13_06_HDR0_0_Mothbot_yolo11m_4500_imgsz1600_b1_2024-01-18.pt.jpg,HS,Mothbot_yolo11m_4500_imgsz1600_b1_2024-01-18.pt,0.8262315988540649,,grisMejua,Cerro_Hoya_Expedition/Hoya_606m_grisMejua_2025-01-26/2025-01-27/patches/grisMejua_2025_01_27__21_13_06_HDR0_0_Mothbot_yolo11m_4500_imgsz1600_b1_2024-01-18.pt.jpg,ORDER_Coleoptera,2025-01-27,21:13:06,,2025_01_27__21_13_06,MachineObservation,Cerro_Hoya_Expedition_Hoya_606m_grisMejua_2025-01-26_2025-01-27,Cerro_Hoya_Expedition_Hoya_606m_grisMejua_2025-01-26,grisMejua_2025_01_27__21_13_06_HDR0.jpg,grisMejua_2025_01_27__21_13_06_HDR0_0_Mothbot_yolo11m_4500_imgsz1600_b1_2024-01-18.pt.jpg
doi.org10.15468dl.6nxkw6.csv,Animalia,Arthropoda,Insecta,Lepidoptera,,,,,797,,Lepidoptera,Lepidoptera,Cerro_Hoya_Expedition_Hoya_606m_grisMejua_2025-01-26,grisMejua_2025_01_27__21_13_06_HDR0_1_Mothbot_yolo11m_4500_imgsz1600_b1_2024-01-18.pt.jpg,HS,Mothbot_yolo11m_4500_imgsz1600_b1_2024-01-18.pt,0.7952769994735718,,grisMejua,Cerro_Hoya_Expedition/Hoya_606m_grisMejua_2025-01-26/2025-01-27/patches/grisMejua_2025_01_27__21_13_06_HDR0_1_Mothbot_yolo11m_4500_imgsz1600_b1_2024-01-18.pt.jpg,ORDER_Lepidoptera,2025-01-27,21:13:06,,2025_01_27__21_13_06,MachineObservation,Cerro_Hoya_Expedition_Hoya_606m_grisMejua_2025-01-26_2025-01-27,Cerro_Hoya_Expedition_Hoya_606m_grisMejua_2025-01-26,grisMejua_2025_01_27__21_13_06_HDR0.jpg,grisMejua_2025_01_27__21_13_06_HDR0_1_Mothbot_yolo11m_4500_imgsz1600_b1_2024-01-18.pt.jpg
doi.org10.15468dl.6nxkw6.csv,Animalia,Arthropoda,Insecta,Hemiptera,,,,,809,,Hemiptera,Hemiptera,Cerro_Hoya_Expedition_Hoya_606m_grisMejua_2025-01-26,grisMejua_2025_01_27__21_13_06_HDR0_2_Mothbot_yolo11m_4500_imgsz1600_b1_2024-01-18.pt.jpg,HS,Mothbot_yolo11m_4500_imgsz1600_b1_2024-01-18.pt,0.7945571541786194,,grisMejua,Cerro_Hoya_Expedition/Hoya_606m_grisMejua_2025-01-26/2025-01-27/patches/grisMejua_2025_01_27__21_13_06_HDR0_2_Mothbot_yolo11m_4500_imgsz1600_b1_2024-01-18.pt.jpg,ORDER_Hemiptera,2025-01-27,21:13:06,,2025_01_27__21_13_06,MachineObservation,Cerro_Hoya_Expedition_Hoya_606m_grisMejua_2025-01-26_2025-01-27,Cerro_Hoya_Expedition_Hoya_606m_grisMejua_2025-01-26,grisMejua_2025_01_27__21_13_06_HDR0.jpg,grisMejua_2025_01_27__21_13_06_HDR0_2_Mothbot_yolo11m_4500_imgsz1600_b1_2024-01-18.pt.jpg
doi.org10.15468dl.6nxkw6.csv,Animalia,Arthropoda,Insecta,Lepidoptera,,,,,797,,Lepidoptera,Lepidoptera,Cerro_Hoya_Expedition_Hoya_606m_grisMejua_2025-01-26,grisMejua_2025_01_27__21_13_06_HDR0_3_Mothbot_yolo11m_4500_imgsz1600_b1_2024-01-18.pt.jpg,HS,Mothbot_yolo11m_4500_imgsz1600_b1_2024-01-18.pt,0.7726815938949585,,grisMejua,Cerro_Hoya_Expedition/Hoya_606m_grisMejua_2025-01-26/2025-01-27/patches/grisMejua_2025_01_27__21_13_06_HDR0_3_Mothbot_yolo11m_4500_imgsz1600_b1_2024-01-18.pt.jpg,ORDER_Lepidoptera,2025-01-27,21:13:06,,2025_01_27__21_13_06,MachineObservation,Cerro_Hoya_Expedition_Hoya_606m_grisMejua_2025-01-26_2025-01-27,Cerro_Hoya_Expedition_Hoya_606m_grisMejua_2025-01-26,grisMejua_2025_01_27__21_13_06_HDR0.jpg,grisMejua_2025_01_27__21_13_06_HDR0_3_Mothbot_yolo11m_4500_imgsz1600_b1_2024-01-18.pt.jpg
doi.org10.15468dl.6nxkw6.csv,Animalia,Arthropoda,Insecta,Hemiptera,,,,,809,,Hemiptera,Hemiptera,Cerro_Hoya_Expedition_Hoya_606m_grisMejua_2025-01-26,grisMejua_2025_01_27__21_13_06_HDR0_4_Mothbot_yolo11m_4500_imgsz1600_b1_2024-01-18.pt.jpg,HS,Mothbot_yolo11m_4500_imgsz1600_b1_2024-01-18.pt,0.6114764213562012,,grisMejua,Cerro_Hoya_Expedition/Hoya_606m_grisMejua_2025-01-26/2025-01-27/patches/grisMejua_2025_01_27__21_13_06_HDR0_4_Mothbot_yolo11m_4500_imgsz1600_b1_2024-01-18.pt.jpg,ORDER_Hemiptera,2025-01-27,21:13:06,,2025_01_27__21_13_06,MachineObservation,Cerro_Hoya_Expedition_Hoya_606m_grisMejua_2025-01-26_2025-01-27,Cerro_Hoya_Expedition_Hoya_606m_grisMejua_2025-01-26,grisMejua_2025_01_27__21_13_06_HDR0.jpg,grisMejua_2025_01_27__21_13_06_HDR0_4_Mothbot_yolo11m_4500_imgsz1600_b1_2024-01-18.pt.jpg
doi.org10.15468dl.6nxkw6.csv,Animalia,Arthropoda,Insecta,Diptera,,,,,811,,Diptera,Diptera,Cerro_Hoya_Expedition_Hoya_606m_grisMejua_2025-01-26,grisMejua_2025_01_27__21_13_06_HDR0_5_Mothbot_yolo11m_4500_imgsz1600_b1_2024-01-18.pt.jpg,HS,Mothbot_yolo11m_4500_imgsz1600_b1_2024-01-18.pt,0.5409902334213257,,grisMejua,Cerro_Hoya_Expedition/Hoya_606m_grisMejua_2025-01-26/2025-01-27/patches/grisMejua_2025_01_27__21_13_06_HDR0_5_Mothbot_yolo11m_4500_imgsz1600_b1_2024-01-18.pt.jpg,ORDER_Hymenoptera,2025-01-27,21:13:06,,2025_01_27__21_13_06,MachineObservation,Cerro_Hoya_Expedition_Hoya_606m_grisMejua_2025-01-26_2025-01-27,Cerro_Hoya_Expedition_Hoya_606m_grisMejua_2025-01-26,grisMejua_2025_01_27__21_13_06_HDR0.jpg,grisMejua_2025_01_27__21_13_06_HDR0_5_Mothbot_yolo11m_4500_imgsz1600_b1_2024-01-18.pt.jpg
doi.org10.15468dl.6nxkw6.csv,Animalia,Arthropoda,Insecta,Lepidoptera,,,,,797,,Lepidoptera,Lepidoptera,Cerro_Hoya_Expedition_Hoya_606m_grisMejua_2025-01-26,grisMejua_2025_01_27__21_14_06_HDR0_0_Mothbot_yolo11m_4500_imgsz1600_b1_2024-01-18.pt.jpg,HS,Mothbot_yolo11m_4500_imgsz1600_b1_2024-01-18.pt,0.8486574292182922,,grisMejua,Cerro_Hoya_Expedition/Hoya_606m_grisMejua_2025-01-26/2025-01-27/patches/grisMejua_2025_01_27__21_14_06_HDR0_0_Mothbot_yolo11m_4500_imgsz1600_b1_2024-01-18.pt.jpg,ORDER_Lepidoptera,2025-01-27,21:14:06,,2025_01_27__21_14_06,MachineObservation,Cerro_Hoya_Expedition_Hoya_606m_grisMejua_2025-01-26_2025-01-27,Cerro_Hoya_Expedition_Hoya_606m_grisMejua_2025-01-26,grisMejua_2025_01_27__21_14_06_HDR0.jpg,grisMejua_2025_01_27__21_14_06_HDR0_0_Mothbot_yolo11m_4500_imgsz1600_b1_2024-01-18.pt.jpg
doi.org10.15468dl.6nxkw6.csv,Animalia,Arthropoda,Insecta,Hemiptera,,,,,809,,Hemiptera,Hemiptera,Cerro_Hoya_Expedition_Hoya_606m_grisMejua_2025-01-26,grisMejua_2025_01_27__21_14_06_HDR0_1_Mothbot_yolo11m_4500_imgsz1600_b1_2024-01-18.pt.jpg,HS,Mothbot_yolo11m_4500_imgsz1600_b1_2024-01-18.pt,0.8032574653625488,,grisMejua,Cerro_Hoya_Expedition/Hoya_606m_grisMejua_2025-01-26/2025-01-27/patches/grisMejua_2025_01_27__21_14_06_HDR0_1_Mothbot_yolo11m_4500_imgsz1600_b1_2024-01-18.pt.jpg,ORDER_Hemiptera,2025-01-27,21:14:06,,2025_01_27__21_14_06,MachineObservation,Cerro_Hoya_Expedition_Hoya_606m_grisMejua_2025-01-26_2025-01-27,Cerro_Hoya_Expedition_Hoya_606m_grisMejua_2025-01-26,grisMejua_2025_01_27__21_14_06_HDR0.jpg,grisMejua_2025_01_27__21_14_06_HDR0_1_Mothbot_yolo11m_4500_imgsz1600_b1_2024-01-18.pt.jpg
doi.org10.15468dl.6nxkw6.csv,Animalia,Arthropoda,Insecta,Hemiptera,,,,,809,,Hemiptera,Hemiptera,Cerro_Hoya_Expedition_Hoya_606m_grisMejua_2025-01-26,grisMejua_2025_01_27__21_14_06_HDR0_2_Mothbot_yolo11m_4500_imgsz1600_b1_2024-01-18.pt.jpg,HS,Mothbot_yolo11m_4500_imgsz1600_b1_2024-01-18.pt,0.7861496210098267,,grisMejua,Cerro_Hoya_Expedition/Hoya_606m_grisMejua_2025-01-26/2025-01-27/patches/grisMejua_2025_01_27__21_14_06_HDR0_2_Mothbot_yolo11m_4500_imgsz1600_b1_2024-01-18.pt.jpg,ORDER_Hemiptera,2025-01-27,21:14:06,,2025_01_27__21_14_06,MachineObservation,Cerro_Hoya_Expedition_Hoya_606m_grisMejua_2025-01-26_2025-01-27,Cerro_Hoya_Expedition_Hoya_606m_grisMejua_2025-01-26,grisMejua_2025_01_27__21_14_06_HDR0.jpg,grisMejua_2025_01_27__21_14_06_HDR0_2_Mothbot_yolo11m_4500_imgsz1600_b1_2024-01-18.pt.jpg
doi.org10.15468dl.6nxkw6.csv,Animalia,Arthropoda,Insecta,Lepidoptera,,,,,797,,Lepidoptera,Lepidoptera,Cerro_Hoya_Expedition_Hoya_606m_grisMejua_2025-01-26,grisMejua_2025_01_27__21_14_06_HDR0_3_Mothbot_yolo11m_4500_imgsz1600_b1_2024-01-18.pt.jpg,HS,Mothbot_yolo11m_4500_imgsz1600_b1_2024-01-18.pt,0.7552585005760193,,grisMejua,Cerro_Hoya_Expedition/Hoya_606m_grisMejua_2025-01-26/2025-01-27/patches/grisMejua_2025_01_27__21_14_06_HDR0_3_Mothbot_yolo11m_4500_imgsz1600_b1_2024-01-18.pt.jpg,ORDER_Lepidoptera,2025-01-27,21:14:06,,2025_01_27__21_14_06,MachineObservation,Cerro_Hoya_Expedition_Hoya_606m_grisMejua_2025-01-26_2025-01-27,Cerro_Hoya_Expedition_Hoya_606m_grisMejua_2025-01-26,grisMejua_2025_01_27__21_14_06_HDR0.jpg,grisMejua_2025_01_27__21_14_06_HDR0_3_Mothbot_yolo11m_4500_imgsz1600_b1_2024-01-18.pt.jpg
doi.org10.15468dl.6nxkw6.csv,Animalia,Arthropoda,Insecta,Hemiptera,,,,,809,,Hemiptera,Hemiptera,Cerro_Hoya_Expedition_Hoya_606m_grisMejua_2025-01-26,grisMejua_2025_01_27__21_14_06_HDR0_4_Mothbot_yolo11m_4500_imgsz1600_b1_2024-01-18.pt.jpg,HS,Mothbot_yolo11m_4500_imgsz1600_b1_2024-01-18.pt,0.6130752563476562,,grisMejua,Cerro_Hoya_Expedition/Hoya_606m_grisMejua_2025-01-26/2025-01-27/patches/grisMejua_2025_01_27__21_14_06_HDR0_4_Mothbot_yolo11m_4500_imgsz1600_b1_2024-01-18.pt.jpg,ORDER_Hemiptera,2025-01-27,21:14:06,,2025_01_27__21_14_06,MachineObservation,Cerro_Hoya_Expedition_Hoya_606m_grisMejua_2025-01-26_2025-01-27,Cerro_Hoya_Expedition_Hoya_606m_grisMejua_2025-01-26,grisMejua_2025_01_27__21_14_06_HDR0.jpg,grisMejua_2025_01_27__21_14_06_HDR0_4_Mothbot_yolo11m_4500_imgsz1600_b1_2024-01-18.pt.jpg
doi.org10.15468dl.6nxkw6.csv,Animalia,Arthropoda,Insecta,Lepidoptera,,,,,797,,Lepidoptera,Lepidoptera,Cerro_Hoya_Expedition_Hoya_606m_grisMejua_2025-01-26,grisMejua_2025_01_27__21_15_23_HDR0_0_Mothbot_yolo11m_4500_imgsz1600_b1_2024-01-18.pt.jpg,HS,Mothbot_yolo11m_4500_imgsz1600_b1_2024-01-18.pt,0.8221442103385925,,grisMejua,Cerro_Hoya_Expedition/Hoya_606m_grisMejua_2025-01-26/2025-01-27/patches/grisMejua_2025_01_27__21_15_23_HDR0_0_Mothbot_yolo11m_4500_imgsz1600_b1_2024-01-18.pt.jpg,ORDER_Lepidoptera,2025-01-27,21:15:23,,2025_01_27__21_15_23,MachineObservation,Cerro_Hoya_Expedition_Hoya_606m_grisMejua_2025-01-26_2025-01-27,Cerro_Hoya_Expedition_Hoya_606m_grisMejua_2025-01-26,grisMejua_2025_01_27__21_15_23_HDR0.jpg,grisMejua_2025_01_27__21_15_23_HDR0_0_Mothbot_yolo11m_4500_imgsz1600_b1_2024-01-18.pt.jpg
doi.org10.15468dl.6nxkw6.csv,Animalia,Arthropoda,Insecta,Lepidoptera,,,,,797,,Lepidoptera,Lepidoptera,Cerro_Hoya_Expedition_Hoya_606m_grisMejua_2025-01-26,grisMejua_2025_01_27__21_15_23_HDR0_1_Mothbot_yolo11m_4500_imgsz1600_b1_2024-01-18.pt.jpg,HS,Mothbot_yolo11m_4500_imgsz1600_b1_2024-01-18.pt,0.7642165422439575,,grisMejua,Cerro_Hoya_Expedition/Hoya_606m_grisMejua_2025-01-26/2025-01-27/patches/grisMejua_2025_01_27__21_15_23_HDR0_1_Mothbot_yolo11m_4500_imgsz1600_b1_2024-01-18.pt.jpg,ORDER_Lepidoptera,2025-01-27,21:15:23,,2025_01_27__21_15_23,MachineObservation,Cerro_Hoya_Expedition_Hoya_606m_grisMejua_2025-01-26_2025-01-27,Cerro_Hoya_Expedition_Hoya_606m_grisMejua_2025-01-26,grisMejua_2025_01_27__21_15_23_HDR0.jpg,grisMejua_2025_01_27__21_15_23_HDR0_1_Mothbot_yolo11m_4500_imgsz1600_b1_2024-01-18.pt.jpg
doi.org10.15468dl.6nxkw6.csv,Animalia,Arthropoda,Insecta,Hemiptera,,,,,809,,Hemiptera,Hemiptera,Cerro_Hoya_Expedition_Hoya_606m_grisMejua_2025-01-26,grisMejua_2025_01_27__21_15_23_HDR0_2_Mothbot_yolo11m_4500_imgsz1600_b1_2024-01-18.pt.jpg,HS,Mothbot_yolo11m_4500_imgsz1600_b1_2024-01-18.pt,0.5704864859580994,,grisMejua,Cerro_Hoya_Expedition/Hoya_606m_grisMejua_2025-01-26/2025-01-27/patches/grisMejua_2025_01_27__21_15_23_HDR0_2_Mothbot_yolo11m_4500_imgsz1600_b1_2024-01-18.pt.jpg,ORDER_Hemiptera,2025-01-27,21:15:23,,2025_01_27__21_15_23,MachineObservation,Cerro_Hoya_Expedition_Hoya_606m_grisMejua_2025-01-26_2025-01-27,Cerro_Hoya_Expedition_Hoya_606m_grisMejua_2025-01-26,grisMejua_2025_01_27__21_15_23_HDR0.jpg,grisMejua_2025_01_27__21_15_23_HDR0_2_Mothbot_yolo11m_4500_imgsz1600_b1_2024-01-18.pt.jpg
doi.org10.15468dl.6nxkw6.csv,Animalia,Arthropoda,Insecta,Lepidoptera,,,,,797,,Lepidoptera,Lepidoptera,Cerro_Hoya_Expedition_Hoya_606m_grisMejua_2025-01-26,grisMejua_2025_01_27__21_16_06_HDR0_0_Mothbot_yolo11m_4500_imgsz1600_b1_2024-01-18.pt.jpg,HS,Mothbot_yolo11m_4500_imgsz1600_b1_2024-01-18.pt,0.837273359298706,,grisMejua,Cerro_Hoya_Expedition/Hoya_606m_grisMejua_2025-01-26/2025-01-27/patches/grisMejua_2025_01_27__21_16_06_HDR0_0_Mothbot_yolo11m_4500_imgsz1600_b1_2024-01-18.pt.jpg,ORDER_Lepidoptera,2025-01-27,21:16:06,,2025_01_27__21_16_06,MachineObservation,Cerro_Hoya_Expedition_Hoya_606m_grisMejua_2025-01-26_2025-01-27,Cerro_Hoya_Expedition_Hoya_606m_grisMejua_2025-01-26,grisMejua_2025_01_27__21_16_06_HDR0.jpg,grisMejua_2025_01_27__21_16_06_HDR0_0_Mothbot_yolo11m_4500_imgsz1600_b1_2024-01-18.pt.jpg
doi.org10.15468dl.6nxkw6.csv,Animalia,Arthropoda,Insecta,Lepidoptera,,,,,797,,Lepidoptera,Lepidoptera,Cerro_Hoya_Expedition_Hoya_606m_grisMejua_2025-01-26,grisMejua_2025_01_27__21_16_06_HDR0_1_Mothbot_yolo11m_4500_imgsz1600_b1_2024-01-18.pt.jpg,HS,Mothbot_yolo11m_4500_imgsz1600_b1_2024-01-18.pt,0.8214879035949707,,grisMejua,Cerro_Hoya_Expedition/Hoya_606m_grisMejua_2025-01-26/2025-01-27/patches/grisMejua_2025_01_27__21_16_06_HDR0_1_Mothbot_yolo11m_4500_imgsz1600_b1_2024-01-18.pt.jpg,ORDER_Lepidoptera,2025-01-27,21:16:06,,2025_01_27__21_16_06,MachineObservation,Cerro_Hoya_Expedition_Hoya_606m_grisMejua_2025-01-26_2025-01-27,Cerro_Hoya_Expedition_Hoya_606m_grisMejua_2025-01-26,grisMejua_2025_01_27__21_16_06_HDR0.jpg,grisMejua_2025_01_27__21_16_06_HDR0_1_Mothbot_yolo11m_4500_imgsz1600_b1_2024-01-18.pt.jpg
doi.org10.15468dl.6nxkw6.csv,Animalia,Arthropoda,Insecta,Lepidoptera,,,,,797,,Lepidoptera,Lepidoptera,Cerro_Hoya_Expedition_Hoya_606m_grisMejua_2025-01-26,grisMejua_2025_01_27__21_16_06_HDR0_2_Mothbot_yolo11m_4500_imgsz1600_b1_2024-01-18.pt.jpg,HS,Mothbot_yolo11m_4500_imgsz1600_b1_2024-01-18.pt,0.7687777876853943,,grisMejua,Cerro_Hoya_Expedition/Hoya_606m_grisMejua_2025-01-26/2025-01-27/patches/grisMejua_2025_01_27__21_16_06_HDR0_2_Mothbot_yolo11m_4500_imgsz1600_b1_2024-01-18.pt.jpg,ORDER_Lepidoptera,2025-01-27,21:16:06,,2025_01_27__21_16_06,MachineObservation,Cerro_Hoya_Expedition_Hoya_606m_grisMejua_2025-01-26_2025-01-27,Cerro_Hoya_Expedition_Hoya_606m_grisMejua_2025-01-26,grisMejua_2025_01_27__21_16_06_HDR0.jpg,grisMejua_2025_01_27__21_16_06_HDR0_2_Mothbot_yolo11m_4500_imgsz1600_b1_2024-01-18.pt.jpg
doi.org10.15468dl.6nxkw6.csv,Animalia,Arthropoda,Insecta,Hemiptera,,,,,809,,Hemiptera,Hemiptera,Cerro_Hoya_Expedition_Hoya_606m_grisMejua_2025-01-26,grisMejua_2025_01_27__21_16_06_HDR0_3_Mothbot_yolo11m_4500_imgsz1600_b1_2024-01-18.pt.jpg,HS,Mothbot_yolo11m_4500_imgsz1600_b1_2024-01-18.pt,0.5864300727844238,,grisMejua,Cerro_Hoya_Expedition/Hoya_606m_grisMejua_2025-01-26/2025-01-27/patches/grisMejua_2025_01_27__21_16_06_HDR0_3_Mothbot_yolo11m_4500_imgsz1600_b1_2024-01-18.pt.jpg,ORDER_Hemiptera,2025-01-27,21:16:06,,2025_01_27__21_16_06,MachineObservation,Cerro_Hoya_Expedition_Hoya_606m_grisMejua_2025-01-26_2025-01-27,Cerro_Hoya_Expedition_Hoya_606m_grisMejua_2025-01-26,grisMejua_2025_01_27__21_16_06_HDR0.jpg,grisMejua_2025_01_27__21_16_06_HDR0_3_Mothbot_yolo11m_4500_imgsz1600_b1_2024-01-18.pt.jpg
doi.org10.15468dl.6nxkw6.csv,Animalia,Arthropoda,Insecta,Lepidoptera,,,,,797,,Lepidoptera,Lepidoptera,Cerro_Hoya_Expedition_Hoya_606m_grisMejua_2025-01-26,grisMejua_2025_01_27__21_17_06_HDR0_0_Mothbot_yolo11m_4500_imgsz1600_b1_2024-01-18.pt.jpg,HS,Mothbot_yolo11m_4500_imgsz1600_b1_2024-01-18.pt,0.8059805035591125,,grisMejua,Cerro_Hoya_Expedition/Hoya_606m_grisMejua_2025-01-26/2025-01-27/patches/grisMejua_2025_01_27__21_17_06_HDR0_0_Mothbot_yolo11m_4500_imgsz1600_b1_2024-01-18.pt.jpg,ORDER_Lepidoptera,2025-01-27,21:17:06,,2025_01_27__21_17_06,MachineObservation,Cerro_Hoya_Expedition_Hoya_606m_grisMejua_2025-01-26_2025-01-27,Cerro_Hoya_Expedition_Hoya_606m_grisMejua_2025-01-26,grisMejua_2025_01_27__21_17_06_HDR0.jpg,grisMejua_2025_01_27__21_17_06_HDR0_0_Mothbot_yolo11m_4500_imgsz1600_b1_2024-01-18.pt.jpg
doi.org10.15468dl.6nxkw6.csv,Animalia,Arthropoda,Insecta,Lepidoptera,,,,,797,,Lepidoptera,Lepidoptera,Cerro_Hoya_Expedition_Hoya_606m_grisMejua_2025-01-26,grisMejua_2025_01_27__21_17_06_HDR0_1_Mothbot_yolo11m_4500_imgsz1600_b1_2024-01-18.pt.jpg,HS,Mothbot_yolo11m_4500_imgsz1600_b1_2024-01-18.pt,0.7598594427108765,,grisMejua,Cerro_Hoya_Expedition/Hoya_606m_grisMejua_2025-01-26/2025-01-27/patches/grisMejua_2025_01_27__21_17_06_HDR0_1_Mothbot_yolo11m_4500_imgsz1600_b1_2024-01-18.pt.jpg,ORDER_Lepidoptera,2025-01-27,21:17:06,,2025_01_27__21_17_06,MachineObservation,Cerro_Hoya_Expedition_Hoya_606m_grisMejua_2025-01-26_2025-01-27,Cerro_Hoya_Expedition_Hoya_606m_grisMejua_2025-01-26,grisMejua_2025_01_27__21_17_06_HDR0.jpg,grisMejua_2025_01_27__21_17_06_HDR0_1_Mothbot_yolo11m_4500_imgsz1600_b1_2024-01-18.pt.jpg
doi.org10.15468dl.6nxkw6.csv,Animalia,Arthropoda,Insecta,Hemiptera,,,,,809,,Hemiptera,Hemiptera,Cerro_Hoya_Expedition_Hoya_606m_grisMejua_2025-01-26,grisMejua_2025_01_27__21_17_06_HDR0_2_Mothbot_yolo11m_4500_imgsz1600_b1_2024-01-18.pt.jpg,HS,Mothbot_yolo11m_4500_imgsz1600_b1_2024-01-18.pt,0.577269434928894,,grisMejua,Cerro_Hoya_Expedition/Hoya_606m_grisMejua_2025-01-26/2025-01-27/patches/grisMejua_2025_01_27__21_17_06_HDR0_2_Mothbot_yolo11m_4500_imgsz1600_b1_2024-01-18.pt.jpg,ORDER_Hemiptera,2025-01-27,21:17:06,,2025_01_27__21_17_06,MachineObservation,Cerro_Hoya_Expedition_Hoya_606m_grisMejua_2025-01-26_2025-01-27,Cerro_Hoya_Expedition_Hoya_606m_grisMejua_2025-01-26,grisMejua_2025_01_27__21_17_06_HDR0.jpg,grisMejua_2025_01_27__21_17_06_HDR0_2_Mothbot_yolo11m_4500_imgsz1600_b1_2024-01-18.pt.jpg
doi.org10.15468dl.6nxkw6.csv,Animalia,Arthropoda,Insecta,Lepidoptera,,,,,797,,Lepidoptera,Lepidoptera,Cerro_Hoya_Expedition_Hoya_606m_grisMejua_2025-01-26,grisMejua_2025_01_27__21_18_06_HDR0_0_Mothbot_yolo11m_4500_imgsz1600_b1_2024-01-18.pt.jpg,HS,Mothbot_yolo11m_4500_imgsz1600_b1_2024-01-18.pt,0.8053860068321228,,grisMejua,Cerro_Hoya_Expedition/Hoya_606m_grisMejua_2025-01-26/2025-01-27/patches/grisMejua_2025_01_27__21_18_06_HDR0_0_Mothbot_yolo11m_4500_imgsz1600_b1_2024-01-18.pt.jpg,ORDER_Lepidoptera,2025-01-27,21:18:06,,2025_01_27__21_18_06,MachineObservation,Cerro_Hoya_Expedition_Hoya_606m_grisMejua_2025-01-26_2025-01-27,Cerro_Hoya_Expedition_Hoya_606m_grisMejua_2025-01-26,grisMejua_2025_01_27__21_18_06_HDR0.jpg,grisMejua_2025_01_27__21_18_06_HDR0_0_Mothbot_yolo11m_4500_imgsz1600_b1_2024-01-18.pt.jpg
doi.org10.15468dl.6nxkw6.csv,Animalia,Arthropoda,Insecta,Lepidoptera,,,,,797,,Lepidoptera,Lepidoptera,Cerro_Hoya_Expedition_Hoya_606m_grisMejua_2025-01-26,grisMejua_2025_01_27__21_18_06_HDR0_1_Mothbot_yolo11m_4500_imgsz1600_b1_2024-01-18.pt.jpg,HS,Mothbot_yolo11m_4500_imgsz1600_b1_2024-01-18.pt,0.7600003480911255,,grisMejua,Cerro_Hoya_Expedition/Hoya_606m_grisMejua_2025-01-26/2025-01-27/patches/grisMejua_2025_01_27__21_18_06_HDR0_1_Mothbot_yolo11m_4500_imgsz1600_b1_2024-01-18.pt.jpg,ORDER_Lepidoptera,2025-01-27,21:18:06,,2025_01_27__21_18_06,MachineObservation,Cerro_Hoya_Expedition_Hoya_606m_grisMejua_2025-01-26_2025-01-27,Cerro_Hoya_Expedition_Hoya_606m_grisMejua_2025-01-26,grisMejua_2025_01_27__21_18_06_HDR0.jpg,grisMejua_2025_01_27__21_18_06_HDR0_1_Mothbot_yolo11m_4500_imgsz1600_b1_2024-01-18.pt.jpg
doi.org10.15468dl.6nxkw6.csv,Animalia,Arthropoda,Insecta,Hemiptera,,,,,809,,Hemiptera,Hemiptera,Cerro_Hoya_Expedition_Hoya_606m_grisMejua_2025-01-26,grisMejua_2025_01_27__21_18_06_HDR0_2_Mothbot_yolo11m_4500_imgsz1600_b1_2024-01-18.pt.jpg,HS,Mothbot_yolo11m_4500_imgsz1600_b1_2024-01-18.pt,0.5776281356811523,,grisMejua,Cerro_Hoya_Expedition/Hoya_606m_grisMejua_2025-01-26/2025-01-27/patches/grisMejua_2025_01_27__21_18_06_HDR0_2_Mothbot_yolo11m_4500_imgsz1600_b1_2024-01-18.pt.jpg,ORDER_Hemiptera,2025-01-27,21:18:06,,2025_01_27__21_18_06,MachineObservation,Cerro_Hoya_Expedition_Hoya_606m_grisMejua_2025-01-26_2025-01-27,Cerro_Hoya_Expedition_Hoya_606m_grisMejua_2025-01-26,grisMejua_2025_01_27__21_18_06_HDR0.jpg,grisMejua_2025_01_27__21_18_06_HDR0_2_Mothbot_yolo11m_4500_imgsz1600_b1_2024-01-18.pt.jpg
doi.org10.15468dl.6nxkw6.csv,Animalia,Arthropoda,Insecta,Lepidoptera,,,,,797,,Lepidoptera,Lepidoptera,Cerro_Hoya_Expedition_Hoya_606m_grisMejua_2025-01-26,grisMejua_2025_01_27__21_19_06_HDR0_0_Mothbot_yolo11m_4500_imgsz1600_b1_2024-01-18.pt.jpg,HS,Mothbot_yolo11m_4500_imgsz1600_b1_2024-01-18.pt,0.8045985102653503,,grisMejua,Cerro_Hoya_Expedition/Hoya_606m_grisMejua_2025-01-26/2025-01-27/patches/grisMejua_2025_01_27__21_19_06_HDR0_0_Mothbot_yolo11m_4500_imgsz1600_b1_2024-01-18.pt.jpg,ORDER_Lepidoptera,2025-01-27,21:19:06,,2025_01_27__21_19_06,MachineObservation,Cerro_Hoya_Expedition_Hoya_606m_grisMejua_2025-01-26_2025-01-27,Cerro_Hoya_Expedition_Hoya_606m_grisMejua_2025-01-26,grisMejua_2025_01_27__21_19_06_HDR0.jpg,grisMejua_2025_01_27__21_19_06_HDR0_0_Mothbot_yolo11m_4500_imgsz1600_b1_2024-01-18.pt.jpg
doi.org10.15468dl.6nxkw6.csv,Animalia,Arthropoda,Insecta,Lepidoptera,,,,,797,,Lepidoptera,Lepidoptera,Cerro_Hoya_Expedition_Hoya_606m_grisMejua_2025-01-26,grisMejua_2025_01_27__21_19_06_HDR0_1_Mothbot_yolo11m_4500_imgsz1600_b1_2024-01-18.pt.jpg,HS,Mothbot_yolo11m_4500_imgsz1600_b1_2024-01-18.pt,0.757908284664154,,grisMejua,Cerro_Hoya_Expedition/Hoya_606m_grisMejua_2025-01-26/2025-01-27/patches/grisMejua_2025_01_27__21_19_06_HDR0_1_Mothbot_yolo11m_4500_imgsz1600_b1_2024-01-18.pt.jpg,ORDER_Lepidoptera,2025-01-27,21:19:06,,2025_01_27__21_19_06,MachineObservation,Cerro_Hoya_Expedition_Hoya_606m_grisMejua_2025-01-26_2025-01-27,Cerro_Hoya_Expedition_Hoya_606m_grisMejua_2025-01-26,grisMejua_2025_01_27__21_19_06_HDR0.jpg,grisMejua_2025_01_27__21_19_06_HDR0_1_Mothbot_yolo11m_4500_imgsz1600_b1_2024-01-18.pt.jpg
doi.org10.15468dl.6nxkw6.csv,Animalia,Arthropoda,Insecta,Hemiptera,,,,,809,,Hemiptera,Hemiptera,Cerro_Hoya_Expedition_Hoya_606m_grisMejua_2025-01-26,grisMejua_2025_01_27__21_19_06_HDR0_2_Mothbot_yolo11m_4500_imgsz1600_b1_2024-01-18.pt.jpg,HS,Mothbot_yolo11m_4500_imgsz1600_b1_2024-01-18.pt,0.5411410331726074,,grisMejua,Cerro_Hoya_Expedition/Hoya_606m_grisMejua_2025-01-26/2025-01-27/patches/grisMejua_2025_01_27__21_19_06_HDR0_2_Mothbot_yolo11m_4500_imgsz1600_b1_2024-01-18.pt.jpg,ORDER_Hymenoptera,2025-01-27,21:19:06,,2025_01_27__21_19_06,MachineObservation,Cerro_Hoya_Expedition_Hoya_606m_grisMejua_2025-01-26_2025-01-27,Cerro_Hoya_Expedition_Hoya_606m_grisMejua_2025-01-26,grisMejua_2025_01_27__21_19_06_HDR0.jpg,grisMejua_2025_01_27__21_19_06_HDR0_2_Mothbot_yolo11m_4500_imgsz1600_b1_2024-01-18.pt.jpg
doi.org10.15468dl.6nxkw6.csv,Animalia,Arthropoda,Insecta,Lepidoptera,,,,,797,,Lepidoptera,Lepidoptera,Cerro_Hoya_Expedition_Hoya_606m_grisMejua_2025-01-26,grisMejua_2025_01_27__21_20_06_HDR0_0_Mothbot_yolo11m_4500_imgsz1600_b1_2024-01-18.pt.jpg,HS,Mothbot_yolo11m_4500_imgsz1600_b1_2024-01-18.pt,0.846383273601532,,grisMejua,Cerro_Hoya_Expedition/Hoya_606m_grisMejua_2025-01-26/2025-01-27/patches/grisMejua_2025_01_27__21_20_06_HDR0_0_Mothbot_yolo11m_4500_imgsz1600_b1_2024-01-18.pt.jpg,ORDER_Lepidoptera,2025-01-27,21:20:06,,2025_01_27__21_20_06,MachineObservation,Cerro_Hoya_Expedition_Hoya_606m_grisMejua_2025-01-26_2025-01-27,Cerro_Hoya_Expedition_Hoya_606m_grisMejua_2025-01-26,grisMejua_2025_01_27__21_20_06_HDR0.jpg,grisMejua_2025_01_27__21_20_06_HDR0_0_Mothbot_yolo11m_4500_imgsz1600_b1_2024-01-18.pt.jpg
doi.org10.15468dl.6nxkw6.csv,Animalia,Arthropoda,Insecta,Lepidoptera,,,,,797,,Lepidoptera,Lepidoptera,Cerro_Hoya_Expedition_Hoya_606m_grisMejua_2025-01-26,grisMejua_2025_01_27__21_20_06_HDR0_1_Mothbot_yolo11m_4500_imgsz1600_b1_2024-01-18.pt.jpg,HS,Mothbot_yolo11m_4500_imgsz1600_b1_2024-01-18.pt,0.8265669345855713,,grisMejua,Cerro_Hoya_Expedition/Hoya_606m_grisMejua_2025-01-26/2025-01-27/patches/grisMejua_2025_01_27__21_20_06_HDR0_1_Mothbot_yolo11m_4500_imgsz1600_b1_2024-01-18.pt.jpg,ORDER_Lepidoptera,2025-01-27,21:20:06,,2025_01_27__21_20_06,MachineObservation,Cerro_Hoya_Expedition_Hoya_606m_grisMejua_2025-01-26_2025-01-27,Cerro_Hoya_Expedition_Hoya_606m_grisMejua_2025-01-26,grisMejua_2025_01_27__21_20_06_HDR0.jpg,grisMejua_2025_01_27__21_20_06_HDR0_1_Mothbot_yolo11m_4500_imgsz1600_b1_2024-01-18.pt.jpg
doi.org10.15468dl.6nxkw6.csv,Animalia,Arthropoda,Insecta,Lepidoptera,,,,,797,,Lepidoptera,Lepidoptera,Cerro_Hoya_Expedition_Hoya_606m_grisMejua_2025-01-26,grisMejua_2025_01_27__21_20_06_HDR0_2_Mothbot_yolo11m_4500_imgsz1600_b1_2024-01-18.pt.jpg,HS,Mothbot_yolo11m_4500_imgsz1600_b1_2024-01-18.pt,0.7642963528633118,,grisMejua,Cerro_Hoya_Expedition/Hoya_606m_grisMejua_2025-01-26/2025-01-27/patches/grisMejua_2025_01_27__21_20_06_HDR0_2_Mothbot_yolo11m_4500_imgsz1600_b1_2024-01-18.pt.jpg,ORDER_Lepidoptera,2025-01-27,21:20:06,,2025_01_27__21_20_06,MachineObservation,Cerro_Hoya_Expedition_Hoya_606m_grisMejua_2025-01-26_2025-01-27,Cerro_Hoya_Expedition_Hoya_606m_grisMejua_2025-01-26,grisMejua_2025_01_27__21_20_06_HDR0.jpg,grisMejua_2025_01_27__21_20_06_HDR0_2_Mothbot_yolo11m_4500_imgsz1600_b1_2024-01-18.pt.jpg
doi.org10.15468dl.6nxkw6.csv,Animalia,Arthropoda,Insecta,Diptera,,,,,811,,Diptera,Diptera,Cerro_Hoya_Expedition_Hoya_606m_grisMejua_2025-01-26,grisMejua_2025_01_27__21_20_06_HDR0_3_Mothbot_yolo11m_4500_imgsz1600_b1_2024-01-18.pt.jpg,HS,Mothbot_yolo11m_4500_imgsz1600_b1_2024-01-18.pt,0.6480053663253784,,grisMejua,Cerro_Hoya_Expedition/Hoya_606m_grisMejua_2025-01-26/2025-01-27/patches/grisMejua_2025_01_27__21_20_06_HDR0_3_Mothbot_yolo11m_4500_imgsz1600_b1_2024-01-18.pt.jpg,ORDER_Diptera,2025-01-27,21:20:06,,2025_01_27__21_20_06,MachineObservation,Cerro_Hoya_Expedition_Hoya_606m_grisMejua_2025-01-26_2025-01-27,Cerro_Hoya_Expedition_Hoya_606m_grisMejua_2025-01-26,grisMejua_2025_01_27__21_20_06_HDR0.jpg,grisMejua_2025_01_27__21_20_06_HDR0_3_Mothbot_yolo11m_4500_imgsz1600_b1_2024-01-18.pt.jpg
doi.org10.15468dl.6nxkw6.csv,Animalia,Arthropoda,Insecta,Hemiptera,,,,,809,,Hemiptera,Hemiptera,Cerro_Hoya_Expedition_Hoya_606m_grisMejua_2025-01-26,grisMejua_2025_01_27__21_20_06_HDR0_4_Mothbot_yolo11m_4500_imgsz1600_b1_2024-01-18.pt.jpg,HS,Mothbot_yolo11m_4500_imgsz1600_b1_2024-01-18.pt,0.5797709226608276,,grisMejua,Cerro_Hoya_Expedition/Hoya_606m_grisMejua_2025-01-26/2025-01-27/patches/grisMejua_2025_01_27__21_20_06_HDR0_4_Mothbot_yolo11m_4500_imgsz1600_b1_2024-01-18.pt.jpg,ORDER_Hemiptera,2025-01-27,21:20:06,,2025_01_27__21_20_06,MachineObservation,Cerro_Hoya_Expedition_Hoya_606m_grisMejua_2025-01-26_2025-01-27,Cerro_Hoya_Expedition_Hoya_606m_grisMejua_2025-01-26,grisMejua_2025_01_27__21_20_06_HDR0.jpg,grisMejua_2025_01_27__21_20_06_HDR0_4_Mothbot_yolo11m_4500_imgsz1600_b1_2024-01-18.pt.jpg
doi.org10.15468dl.6nxkw6.csv,Animalia,Arthropoda,Insecta,Hemiptera,,,,,809,,Hemiptera,Hemiptera,Cerro_Hoya_Expedition_Hoya_606m_grisMejua_2025-01-26,grisMejua_2025_01_27__21_20_06_HDR0_5_Mothbot_yolo11m_4500_imgsz1600_b1_2024-01-18.pt.jpg,HS,Mothbot_yolo11m_4500_imgsz1600_b1_2024-01-18.pt,0.28543615341186523,,grisMejua,Cerro_Hoya_Expedition/Hoya_606m_grisMejua_2025-01-26/2025-01-27/patches/grisMejua_2025_01_27__21_20_06_HDR0_5_Mothbot_yolo11m_4500_imgsz1600_b1_2024-01-18.pt.jpg,ORDER_Lepidoptera,2025-01-27,21:20:06,,2025_01_27__21_20_06,MachineObservation,Cerro_Hoya_Expedition_Hoya_606m_grisMejua_2025-01-26_2025-01-27,Cerro_Hoya_Expedition_Hoya_606m_grisMejua_2025-01-26,grisMejua_2025_01_27__21_20_06_HDR0.jpg,grisMejua_2025_01_27__21_20_06_HDR0_5_Mothbot_yolo11m_4500_imgsz1600_b1_2024-01-18.pt.jpg
doi.org10.15468dl.6nxkw6.csv,Animalia,Arthropoda,Insecta,Lepidoptera,,,,,797,,Lepidoptera,Lepidoptera,Cerro_Hoya_Expedition_Hoya_606m_grisMejua_2025-01-26,grisMejua_2025_01_27__21_21_05_HDR0_0_Mothbot_yolo11m_4500_imgsz1600_b1_2024-01-18.pt.jpg,HS,Mothbot_yolo11m_4500_imgsz1600_b1_2024-01-18.pt,0.7712200284004211,,grisMejua,Cerro_Hoya_Expedition/Hoya_606m_grisMejua_2025-01-26/2025-01-27/patches/grisMejua_2025_01_27__21_21_05_HDR0_0_Mothbot_yolo11m_4500_imgsz1600_b1_2024-01-18.pt.jpg,ORDER_Lepidoptera,2025-01-27,21:21:05,,2025_01_27__21_21_05,MachineObservation,Cerro_Hoya_Expedition_Hoya_606m_grisMejua_2025-01-26_2025-01-27,Cerro_Hoya_Expedition_Hoya_606m_grisMejua_2025-01-26,grisMejua_2025_01_27__21_21_05_HDR0.jpg,grisMejua_2025_01_27__21_21_05_HDR0_0_Mothbot_yolo11m_4500_imgsz1600_b1_2024-01-18.pt.jpg
doi.org10.15468dl.6nxkw6.csv,Animalia,Arthropoda,Insecta,Diptera,,,,,811,,Diptera,Diptera,Cerro_Hoya_Expedition_Hoya_606m_grisMejua_2025-01-26,grisMejua_2025_01_27__21_21_05_HDR0_1_Mothbot_yolo11m_4500_imgsz1600_b1_2024-01-18.pt.jpg,HS,Mothbot_yolo11m_4500_imgsz1600_b1_2024-01-18.pt,0.7283997535705566,,grisMejua,Cerro_Hoya_Expedition/Hoya_606m_grisMejua_2025-01-26/2025-01-27/patches/grisMejua_2025_01_27__21_21_05_HDR0_1_Mothbot_yolo11m_4500_imgsz1600_b1_2024-01-18.pt.jpg,ORDER_Diptera,2025-01-27,21:21:05,,2025_01_27__21_21_05,MachineObservation,Cerro_Hoya_Expedition_Hoya_606m_grisMejua_2025-01-26_2025-01-27,Cerro_Hoya_Expedition_Hoya_606m_grisMejua_2025-01-26,grisMejua_2025_01_27__21_21_05_HDR0.jpg,grisMejua_2025_01_27__21_21_05_HDR0_1_Mothbot_yolo11m_4500_imgsz1600_b1_2024-01-18.pt.jpg
doi.org10.15468dl.6nxkw6.csv,Animalia,Arthropoda,Insecta,Hemiptera,,,,,809,,Hemiptera,Hemiptera,Cerro_Hoya_Expedition_Hoya_606m_grisMejua_2025-01-26,grisMejua_2025_01_27__21_21_05_HDR0_2_Mothbot_yolo11m_4500_imgsz1600_b1_2024-01-18.pt.jpg,HS,Mothbot_yolo11m_4500_imgsz1600_b1_2024-01-18.pt,0.5571418404579163,,grisMejua,Cerro_Hoya_Expedition/Hoya_606m_grisMejua_2025-01-26/2025-01-27/patches/grisMejua_2025_01_27__21_21_05_HDR0_2_Mothbot_yolo11m_4500_imgsz1600_b1_2024-01-18.pt.jpg,ORDER_Psocodea,2025-01-27,21:21:05,,2025_01_27__21_21_05,MachineObservation,Cerro_Hoya_Expedition_Hoya_606m_grisMejua_2025-01-26_2025-01-27,Cerro_Hoya_Expedition_Hoya_606m_grisMejua_2025-01-26,grisMejua_2025_01_27__21_21_05_HDR0.jpg,grisMejua_2025_01_27__21_21_05_HDR0_2_Mothbot_yolo11m_4500_imgsz1600_b1_2024-01-18.pt.jpg
doi.org10.15468dl.6nxkw6.csv,Animalia,Arthropoda,Insecta,Lepidoptera,,,,,797,,Lepidoptera,Lepidoptera,Cerro_Hoya_Expedition_Hoya_606m_grisMejua_2025-01-26,grisMejua_2025_01_27__21_22_22_HDR0_0_Mothbot_yolo11m_4500_imgsz1600_b1_2024-01-18.pt.jpg,HS,Mothbot_yolo11m_4500_imgsz1600_b1_2024-01-18.pt,0.7672340273857117,,grisMejua,Cerro_Hoya_Expedition/Hoya_606m_grisMejua_2025-01-26/2025-01-27/patches/grisMejua_2025_01_27__21_22_22_HDR0_0_Mothbot_yolo11m_4500_imgsz1600_b1_2024-01-18.pt.jpg,ORDER_Lepidoptera,2025-01-27,21:22:22,,2025_01_27__21_22_22,MachineObservation,Cerro_Hoya_Expedition_Hoya_606m_grisMejua_2025-01-26_2025-01-27,Cerro_Hoya_Expedition_Hoya_606m_grisMejua_2025-01-26,grisMejua_2025_01_27__21_22_22_HDR0.jpg,grisMejua_2025_01_27__21_22_22_HDR0_0_Mothbot_yolo11m_4500_imgsz1600_b1_2024-01-18.pt.jpg
doi.org10.15468dl.6nxkw6.csv,Animalia,Arthropoda,Insecta,Diptera,,,,,811,,Diptera,Diptera,Cerro_Hoya_Expedition_Hoya_606m_grisMejua_2025-01-26,grisMejua_2025_01_27__21_22_22_HDR0_1_Mothbot_yolo11m_4500_imgsz1600_b1_2024-01-18.pt.jpg,HS,Mothbot_yolo11m_4500_imgsz1600_b1_2024-01-18.pt,0.6775925755500793,,grisMejua,Cerro_Hoya_Expedition/Hoya_606m_grisMejua_2025-01-26/2025-01-27/patches/grisMejua_2025_01_27__21_22_22_HDR0_1_Mothbot_yolo11m_4500_imgsz1600_b1_2024-01-18.pt.jpg,ORDER_Diptera,2025-01-27,21:22:22,,2025_01_27__21_22_22,MachineObservation,Cerro_Hoya_Expedition_Hoya_606m_grisMejua_2025-01-26_2025-01-27,Cerro_Hoya_Expedition_Hoya_606m_grisMejua_2025-01-26,grisMejua_2025_01_27__21_22_22_HDR0.jpg,grisMejua_2025_01_27__21_22_22_HDR0_1_Mothbot_yolo11m_4500_imgsz1600_b1_2024-01-18.pt.jpg
doi.org10.15468dl.6nxkw6.csv,Animalia,Arthropoda,Insecta,Hemiptera,,,,,809,,Hemiptera,Hemiptera,Cerro_Hoya_Expedition_Hoya_606m_grisMejua_2025-01-26,grisMejua_2025_01_27__21_22_22_HDR0_2_Mothbot_yolo11m_4500_imgsz1600_b1_2024-01-18.pt.jpg,HS,Mothbot_yolo11m_4500_imgsz1600_b1_2024-01-18.pt,0.5805721282958984,,grisMejua,Cerro_Hoya_Expedition/Hoya_606m_grisMejua_2025-01-26/2025-01-27/patches/grisMejua_2025_01_27__21_22_22_HDR0_2_Mothbot_yolo11m_4500_imgsz1600_b1_2024-01-18.pt.jpg,ORDER_Diptera,2025-01-27,21:22:22,,2025_01_27__21_22_22,MachineObservation,Cerro_Hoya_Expedition_Hoya_606m_grisMejua_2025-01-26_2025-01-27,Cerro_Hoya_Expedition_Hoya_606m_grisMejua_2025-01-26,grisMejua_2025_01_27__21_22_22_HDR0.jpg,grisMejua_2025_01_27__21_22_22_HDR0_2_Mothbot_yolo11m_4500_imgsz1600_b1_2024-01-18.pt.jpg
doi.org10.15468dl.6nxkw6.csv,Animalia,Arthropoda,Insecta,Hemiptera,,,,,809,,Hemiptera,Hemiptera,Cerro_Hoya_Expedition_Hoya_606m_grisMejua_2025-01-26,grisMejua_2025_01_27__21_22_22_HDR0_3_Mothbot_yolo11m_4500_imgsz1600_b1_2024-01-18.pt.jpg,HS,Mothbot_yolo11m_4500_imgsz1600_b1_2024-01-18.pt,0.3968011140823364,,grisMejua,Cerro_Hoya_Expedition/Hoya_606m_grisMejua_2025-01-26/2025-01-27/patches/grisMejua_2025_01_27__21_22_22_HDR0_3_Mothbot_yolo11m_4500_imgsz1600_b1_2024-01-18.pt.jpg,ORDER_Psocodea,2025-01-27,21:22:22,,2025_01_27__21_22_22,MachineObservation,Cerro_Hoya_Expedition_Hoya_606m_grisMejua_2025-01-26_2025-01-27,Cerro_Hoya_Expedition_Hoya_606m_grisMejua_2025-01-26,grisMejua_2025_01_27__21_22_22_HDR0.jpg,grisMejua_2025_01_27__21_22_22_HDR0_3_Mothbot_yolo11m_4500_imgsz1600_b1_2024-01-18.pt.jpg
doi.org10.15468dl.6nxkw6.csv,Animalia,Arthropoda,Insecta,Lepidoptera,,,,,797,,Lepidoptera,Lepidoptera,Cerro_Hoya_Expedition_Hoya_606m_grisMejua_2025-01-26,grisMejua_2025_01_27__21_23_06_HDR0_0_Mothbot_yolo11m_4500_imgsz1600_b1_2024-01-18.pt.jpg,HS,Mothbot_yolo11m_4500_imgsz1600_b1_2024-01-18.pt,0.7617986798286438,,grisMejua,Cerro_Hoya_Expedition/Hoya_606m_grisMejua_2025-01-26/2025-01-27/patches/grisMejua_2025_01_27__21_23_06_HDR0_0_Mothbot_yolo11m_4500_imgsz1600_b1_2024-01-18.pt.jpg,ORDER_Lepidoptera,2025-01-27,21:23:06,,2025_01_27__21_23_06,MachineObservation,Cerro_Hoya_Expedition_Hoya_606m_grisMejua_2025-01-26_2025-01-27,Cerro_Hoya_Expedition_Hoya_606m_grisMejua_2025-01-26,grisMejua_2025_01_27__21_23_06_HDR0.jpg,grisMejua_2025_01_27__21_23_06_HDR0_0_Mothbot_yolo11m_4500_imgsz1600_b1_2024-01-18.pt.jpg
doi.org10.15468dl.6nxkw6.csv,Animalia,Arthropoda,Insecta,Hemiptera,,,,,809,,Hemiptera,Hemiptera,Cerro_Hoya_Expedition_Hoya_606m_grisMejua_2025-01-26,grisMejua_2025_01_27__21_23_06_HDR0_1_Mothbot_yolo11m_4500_imgsz1600_b1_2024-01-18.pt.jpg,HS,Mothbot_yolo11m_4500_imgsz1600_b1_2024-01-18.pt,0.5134559273719788,,grisMejua,Cerro_Hoya_Expedition/Hoya_606m_grisMejua_2025-01-26/2025-01-27/patches/grisMejua_2025_01_27__21_23_06_HDR0_1_Mothbot_yolo11m_4500_imgsz1600_b1_2024-01-18.pt.jpg,ORDER_Psocodea,2025-01-27,21:23:06,,2025_01_27__21_23_06,MachineObservation,Cerro_Hoya_Expedition_Hoya_606m_grisMejua_2025-01-26_2025-01-27,Cerro_Hoya_Expedition_Hoya_606m_grisMejua_2025-01-26,grisMejua_2025_01_27__21_23_06_HDR0.jpg,grisMejua_2025_01_27__21_23_06_HDR0_1_Mothbot_yolo11m_4500_imgsz1600_b1_2024-01-18.pt.jpg
doi.org10.15468dl.6nxkw6.csv,Animalia,Arthropoda,Insecta,Hemiptera,,,,,809,,Hemiptera,Hemiptera,Cerro_Hoya_Expedition_Hoya_606m_grisMejua_2025-01-26,grisMejua_2025_01_27__21_23_06_HDR0_2_Mothbot_yolo11m_4500_imgsz1600_b1_2024-01-18.pt.jpg,HS,Mothbot_yolo11m_4500_imgsz1600_b1_2024-01-18.pt,0.37940603494644165,,grisMejua,Cerro_Hoya_Expedition/Hoya_606m_grisMejua_2025-01-26/2025-01-27/patches/grisMejua_2025_01_27__21_23_06_HDR0_2_Mothbot_yolo11m_4500_imgsz1600_b1_2024-01-18.pt.jpg,ORDER_Diptera,2025-01-27,21:23:06,,2025_01_27__21_23_06,MachineObservation,Cerro_Hoya_Expedition_Hoya_606m_grisMejua_2025-01-26_2025-01-27,Cerro_Hoya_Expedition_Hoya_606m_grisMejua_2025-01-26,grisMejua_2025_01_27__21_23_06_HDR0.jpg,grisMejua_2025_01_27__21_23_06_HDR0_2_Mothbot_yolo11m_4500_imgsz1600_b1_2024-01-18.pt.jpg
doi.org10.15468dl.6nxkw6.csv,Animalia,Arthropoda,Insecta,Lepidoptera,,,,,797,,Lepidoptera,Lepidoptera,Cerro_Hoya_Expedition_Hoya_606m_grisMejua_2025-01-26,grisMejua_2025_01_27__21_24_06_HDR0_0_Mothbot_yolo11m_4500_imgsz1600_b1_2024-01-18.pt.jpg,HS,Mothbot_yolo11m_4500_imgsz1600_b1_2024-01-18.pt,0.7634203433990479,,grisMejua,Cerro_Hoya_Expedition/Hoya_606m_grisMejua_2025-01-26/2025-01-27/patches/grisMejua_2025_01_27__21_24_06_HDR0_0_Mothbot_yolo11m_4500_imgsz1600_b1_2024-01-18.pt.jpg,ORDER_Lepidoptera,2025-01-27,21:24:06,,2025_01_27__21_24_06,MachineObservation,Cerro_Hoya_Expedition_Hoya_606m_grisMejua_2025-01-26_2025-01-27,Cerro_Hoya_Expedition_Hoya_606m_grisMejua_2025-01-26,grisMejua_2025_01_27__21_24_06_HDR0.jpg,grisMejua_2025_01_27__21_24_06_HDR0_0_Mothbot_yolo11m_4500_imgsz1600_b1_2024-01-18.pt.jpg
doi.org10.15468dl.6nxkw6.csv,Animalia,Arthropoda,Insecta,Hemiptera,,,,,809,,Hemiptera,Hemiptera,Cerro_Hoya_Expedition_Hoya_606m_grisMejua_2025-01-26,grisMejua_2025_01_27__21_24_06_HDR0_1_Mothbot_yolo11m_4500_imgsz1600_b1_2024-01-18.pt.jpg,HS,Mothbot_yolo11m_4500_imgsz1600_b1_2024-01-18.pt,0.516038179397583,,grisMejua,Cerro_Hoya_Expedition/Hoya_606m_grisMejua_2025-01-26/2025-01-27/patches/grisMejua_2025_01_27__21_24_06_HDR0_1_Mothbot_yolo11m_4500_imgsz1600_b1_2024-01-18.pt.jpg,ORDER_Diptera,2025-01-27,21:24:06,,2025_01_27__21_24_06,MachineObservation,Cerro_Hoya_Expedition_Hoya_606m_grisMejua_2025-01-26_2025-01-27,Cerro_Hoya_Expedition_Hoya_606m_grisMejua_2025-01-26,grisMejua_2025_01_27__21_24_06_HDR0.jpg,grisMejua_2025_01_27__21_24_06_HDR0_1_Mothbot_yolo11m_4500_imgsz1600_b1_2024-01-18.pt.jpg
doi.org10.15468dl.6nxkw6.csv,Animalia,Arthropoda,Insecta,Hemiptera,,,,,809,,Hemiptera,Hemiptera,Cerro_Hoya_Expedition_Hoya_606m_grisMejua_2025-01-26,grisMejua_2025_01_27__21_24_06_HDR0_2_Mothbot_yolo11m_4500_imgsz1600_b1_2024-01-18.pt.jpg,HS,Mothbot_yolo11m_4500_imgsz1600_b1_2024-01-18.pt,0.3835933804512024,,grisMejua,Cerro_Hoya_Expedition/Hoya_606m_grisMejua_2025-01-26/2025-01-27/patches/grisMejua_2025_01_27__21_24_06_HDR0_2_Mothbot_yolo11m_4500_imgsz1600_b1_2024-01-18.pt.jpg,ORDER_Hemiptera,2025-01-27,21:24:06,,2025_01_27__21_24_06,MachineObservation,Cerro_Hoya_Expedition_Hoya_606m_grisMejua_2025-01-26_2025-01-27,Cerro_Hoya_Expedition_Hoya_606m_grisMejua_2025-01-26,grisMejua_2025_01_27__21_24_06_HDR0.jpg,grisMejua_2025_01_27__21_24_06_HDR0_2_Mothbot_yolo11m_4500_imgsz1600_b1_2024-01-18.pt.jpg
doi.org10.15468dl.6nxkw6.csv,Animalia,Arthropoda,Insecta,Hemiptera,,,,,809,,Hemiptera,Hemiptera,Cerro_Hoya_Expedition_Hoya_606m_grisMejua_2025-01-26,grisMejua_2025_01_27__21_24_06_HDR0_3_Mothbot_yolo11m_4500_imgsz1600_b1_2024-01-18.pt.jpg,HS,Mothbot_yolo11m_4500_imgsz1600_b1_2024-01-18.pt,0.2652715742588043,,grisMejua,Cerro_Hoya_Expedition/Hoya_606m_grisMejua_2025-01-26/2025-01-27/patches/grisMejua_2025_01_27__21_24_06_HDR0_3_Mothbot_yolo11m_4500_imgsz1600_b1_2024-01-18.pt.jpg,ORDER_Hemiptera,2025-01-27,21:24:06,,2025_01_27__21_24_06,MachineObservation,Cerro_Hoya_Expedition_Hoya_606m_grisMejua_2025-01-26_2025-01-27,Cerro_Hoya_Expedition_Hoya_606m_grisMejua_2025-01-26,grisMejua_2025_01_27__21_24_06_HDR0.jpg,grisMejua_2025_01_27__21_24_06_HDR0_3_Mothbot_yolo11m_4500_imgsz1600_b1_2024-01-18.pt.jpg
doi.org10.15468dl.6nxkw6.csv,Animalia,Arthropoda,Insecta,Lepidoptera,,,,,797,,Lepidoptera,Lepidoptera,Cerro_Hoya_Expedition_Hoya_606m_grisMejua_2025-01-26,grisMejua_2025_01_27__21_25_05_HDR0_0_Mothbot_yolo11m_4500_imgsz1600_b1_2024-01-18.pt.jpg,HS,Mothbot_yolo11m_4500_imgsz1600_b1_2024-01-18.pt,0.7480693459510803,,grisMejua,Cerro_Hoya_Expedition/Hoya_606m_grisMejua_2025-01-26/2025-01-27/patches/grisMejua_2025_01_27__21_25_05_HDR0_0_Mothbot_yolo11m_4500_imgsz1600_b1_2024-01-18.pt.jpg,ORDER_Lepidoptera,2025-01-27,21:25:05,,2025_01_27__21_25_05,MachineObservation,Cerro_Hoya_Expedition_Hoya_606m_grisMejua_2025-01-26_2025-01-27,Cerro_Hoya_Expedition_Hoya_606m_grisMejua_2025-01-26,grisMejua_2025_01_27__21_25_05_HDR0.jpg,grisMejua_2025_01_27__21_25_05_HDR0_0_Mothbot_yolo11m_4500_imgsz1600_b1_2024-01-18.pt.jpg
doi.org10.15468dl.6nxkw6.csv,Animalia,Arthropoda,Insecta,Hemiptera,,,,,809,,Hemiptera,Hemiptera,Cerro_Hoya_Expedition_Hoya_606m_grisMejua_2025-01-26,grisMejua_2025_01_27__21_25_05_HDR0_1_Mothbot_yolo11m_4500_imgsz1600_b1_2024-01-18.pt.jpg,HS,Mothbot_yolo11m_4500_imgsz1600_b1_2024-01-18.pt,0.7143194675445557,,grisMejua,Cerro_Hoya_Expedition/Hoya_606m_grisMejua_2025-01-26/2025-01-27/patches/grisMejua_2025_01_27__21_25_05_HDR0_1_Mothbot_yolo11m_4500_imgsz1600_b1_2024-01-18.pt.jpg,ORDER_Orthoptera,2025-01-27,21:25:05,,2025_01_27__21_25_05,MachineObservation,Cerro_Hoya_Expedition_Hoya_606m_grisMejua_2025-01-26_2025-01-27,Cerro_Hoya_Expedition_Hoya_606m_grisMejua_2025-01-26,grisMejua_2025_01_27__21_25_05_HDR0.jpg,grisMejua_2025_01_27__21_25_05_HDR0_1_Mothbot_yolo11m_4500_imgsz1600_b1_2024-01-18.pt.jpg
doi.org10.15468dl.6nxkw6.csv,Animalia,Arthropoda,Insecta,Hemiptera,,,,,809,,Hemiptera,Hemiptera,Cerro_Hoya_Expedition_Hoya_606m_grisMejua_2025-01-26,grisMejua_2025_01_27__21_25_05_HDR0_2_Mothbot_yolo11m_4500_imgsz1600_b1_2024-01-18.pt.jpg,HS,Mothbot_yolo11m_4500_imgsz1600_b1_2024-01-18.pt,0.4564651548862457,,grisMejua,Cerro_Hoya_Expedition/Hoya_606m_grisMejua_2025-01-26/2025-01-27/patches/grisMejua_2025_01_27__21_25_05_HDR0_2_Mothbot_yolo11m_4500_imgsz1600_b1_2024-01-18.pt.jpg,ORDER_Hemiptera,2025-01-27,21:25:05,,2025_01_27__21_25_05,MachineObservation,Cerro_Hoya_Expedition_Hoya_606m_grisMejua_2025-01-26_2025-01-27,Cerro_Hoya_Expedition_Hoya_606m_grisMejua_2025-01-26,grisMejua_2025_01_27__21_25_05_HDR0.jpg,grisMejua_2025_01_27__21_25_05_HDR0_2_Mothbot_yolo11m_4500_imgsz1600_b1_2024-01-18.pt.jpg
doi.org10.15468dl.6nxkw6.csv,Animalia,Arthropoda,Insecta,Hemiptera,,,,,809,,Hemiptera,Hemiptera,Cerro_Hoya_Expedition_Hoya_606m_grisMejua_2025-01-26,grisMejua_2025_01_27__21_25_05_HDR0_3_Mothbot_yolo11m_4500_imgsz1600_b1_2024-01-18.pt.jpg,HS,Mothbot_yolo11m_4500_imgsz1600_b1_2024-01-18.pt,0.426098495721817,,grisMejua,Cerro_Hoya_Expedition/Hoya_606m_grisMejua_2025-01-26/2025-01-27/patches/grisMejua_2025_01_27__21_25_05_HDR0_3_Mothbot_yolo11m_4500_imgsz1600_b1_2024-01-18.pt.jpg,ORDER_Psocodea,2025-01-27,21:25:05,,2025_01_27__21_25_05,MachineObservation,Cerro_Hoya_Expedition_Hoya_606m_grisMejua_2025-01-26_2025-01-27,Cerro_Hoya_Expedition_Hoya_606m_grisMejua_2025-01-26,grisMejua_2025_01_27__21_25_05_HDR0.jpg,grisMejua_2025_01_27__21_25_05_HDR0_3_Mothbot_yolo11m_4500_imgsz1600_b1_2024-01-18.pt.jpg
doi.org10.15468dl.6nxkw6.csv,Animalia,Arthropoda,Insecta,Diptera,,,,,811,,Diptera,Diptera,Cerro_Hoya_Expedition_Hoya_606m_grisMejua_2025-01-26,grisMejua_2025_01_27__21_25_05_HDR0_4_Mothbot_yolo11m_4500_imgsz1600_b1_2024-01-18.pt.jpg,HS,Mothbot_yolo11m_4500_imgsz1600_b1_2024-01-18.pt,0.31602561473846436,,grisMejua,Cerro_Hoya_Expedition/Hoya_606m_grisMejua_2025-01-26/2025-01-27/patches/grisMejua_2025_01_27__21_25_05_HDR0_4_Mothbot_yolo11m_4500_imgsz1600_b1_2024-01-18.pt.jpg,ORDER_Hymenoptera,2025-01-27,21:25:05,,2025_01_27__21_25_05,MachineObservation,Cerro_Hoya_Expedition_Hoya_606m_grisMejua_2025-01-26_2025-01-27,Cerro_Hoya_Expedition_Hoya_606m_grisMejua_2025-01-26,grisMejua_2025_01_27__21_25_05_HDR0.jpg,grisMejua_2025_01_27__21_25_05_HDR0_4_Mothbot_yolo11m_4500_imgsz1600_b1_2024-01-18.pt.jpg
doi.org10.15468dl.6nxkw6.csv,Animalia,Arthropoda,Insecta,Lepidoptera,,,,,797,,Lepidoptera,Lepidoptera,Cerro_Hoya_Expedition_Hoya_606m_grisMejua_2025-01-26,grisMejua_2025_01_27__21_26_06_HDR0_0_Mothbot_yolo11m_4500_imgsz1600_b1_2024-01-18.pt.jpg,HS,Mothbot_yolo11m_4500_imgsz1600_b1_2024-01-18.pt,0.7503802180290222,,grisMejua,Cerro_Hoya_Expedition/Hoya_606m_grisMejua_2025-01-26/2025-01-27/patches/grisMejua_2025_01_27__21_26_06_HDR0_0_Mothbot_yolo11m_4500_imgsz1600_b1_2024-01-18.pt.jpg,ORDER_Lepidoptera,2025-01-27,21:26:06,,2025_01_27__21_26_06,MachineObservation,Cerro_Hoya_Expedition_Hoya_606m_grisMejua_2025-01-26_2025-01-27,Cerro_Hoya_Expedition_Hoya_606m_grisMejua_2025-01-26,grisMejua_2025_01_27__21_26_06_HDR0.jpg,grisMejua_2025_01_27__21_26_06_HDR0_0_Mothbot_yolo11m_4500_imgsz1600_b1_2024-01-18.pt.jpg
doi.org10.15468dl.6nxkw6.csv,Animalia,Arthropoda,Insecta,Hemiptera,,,,,809,,Hemiptera,Hemiptera,Cerro_Hoya_Expedition_Hoya_606m_grisMejua_2025-01-26,grisMejua_2025_01_27__21_26_06_HDR0_1_Mothbot_yolo11m_4500_imgsz1600_b1_2024-01-18.pt.jpg,HS,Mothbot_yolo11m_4500_imgsz1600_b1_2024-01-18.pt,0.5518539547920227,,grisMejua,Cerro_Hoya_Expedition/Hoya_606m_grisMejua_2025-01-26/2025-01-27/patches/grisMejua_2025_01_27__21_26_06_HDR0_1_Mothbot_yolo11m_4500_imgsz1600_b1_2024-01-18.pt.jpg,ORDER_Hemiptera,2025-01-27,21:26:06,,2025_01_27__21_26_06,MachineObservation,Cerro_Hoya_Expedition_Hoya_606m_grisMejua_2025-01-26_2025-01-27,Cerro_Hoya_Expedition_Hoya_606m_grisMejua_2025-01-26,grisMejua_2025_01_27__21_26_06_HDR0.jpg,grisMejua_2025_01_27__21_26_06_HDR0_1_Mothbot_yolo11m_4500_imgsz1600_b1_2024-01-18.pt.jpg
doi.org10.15468dl.6nxkw6.csv,Animalia,Arthropoda,Insecta,Diptera,,,,,811,,Diptera,Diptera,Cerro_Hoya_Expedition_Hoya_606m_grisMejua_2025-01-26,grisMejua_2025_01_27__21_26_06_HDR0_2_Mothbot_yolo11m_4500_imgsz1600_b1_2024-01-18.pt.jpg,HS,Mothbot_yolo11m_4500_imgsz1600_b1_2024-01-18.pt,0.3761071562767029,,grisMejua,Cerro_Hoya_Expedition/Hoya_606m_grisMejua_2025-01-26/2025-01-27/patches/grisMejua_2025_01_27__21_26_06_HDR0_2_Mothbot_yolo11m_4500_imgsz1600_b1_2024-01-18.pt.jpg,ORDER_Hymenoptera,2025-01-27,21:26:06,,2025_01_27__21_26_06,MachineObservation,Cerro_Hoya_Expedition_Hoya_606m_grisMejua_2025-01-26_2025-01-27,Cerro_Hoya_Expedition_Hoya_606m_grisMejua_2025-01-26,grisMejua_2025_01_27__21_26_06_HDR0.jpg,grisMejua_2025_01_27__21_26_06_HDR0_2_Mothbot_yolo11m_4500_imgsz1600_b1_2024-01-18.pt.jpg
doi.org10.15468dl.6nxkw6.csv,Animalia,Arthropoda,Insecta,Hemiptera,,,,,809,,Hemiptera,Hemiptera,Cerro_Hoya_Expedition_Hoya_606m_grisMejua_2025-01-26,grisMejua_2025_01_27__21_27_06_HDR0_0_Mothbot_yolo11m_4500_imgsz1600_b1_2024-01-18.pt.jpg,HS,Mothbot_yolo11m_4500_imgsz1600_b1_2024-01-18.pt,0.8231976628303528,,grisMejua,Cerro_Hoya_Expedition/Hoya_606m_grisMejua_2025-01-26/2025-01-27/patches/grisMejua_2025_01_27__21_27_06_HDR0_0_Mothbot_yolo11m_4500_imgsz1600_b1_2024-01-18.pt.jpg,ORDER_Hemiptera,2025-01-27,21:27:06,,2025_01_27__21_27_06,MachineObservation,Cerro_Hoya_Expedition_Hoya_606m_grisMejua_2025-01-26_2025-01-27,Cerro_Hoya_Expedition_Hoya_606m_grisMejua_2025-01-26,grisMejua_2025_01_27__21_27_06_HDR0.jpg,grisMejua_2025_01_27__21_27_06_HDR0_0_Mothbot_yolo11m_4500_imgsz1600_b1_2024-01-18.pt.jpg
doi.org10.15468dl.6nxkw6.csv,Animalia,Arthropoda,Insecta,Lepidoptera,,,,,797,,Lepidoptera,Lepidoptera,Cerro_Hoya_Expedition_Hoya_606m_grisMejua_2025-01-26,grisMejua_2025_01_27__21_27_06_HDR0_1_Mothbot_yolo11m_4500_imgsz1600_b1_2024-01-18.pt.jpg,HS,Mothbot_yolo11m_4500_imgsz1600_b1_2024-01-18.pt,0.7616493105888367,,grisMejua,Cerro_Hoya_Expedition/Hoya_606m_grisMejua_2025-01-26/2025-01-27/patches/grisMejua_2025_01_27__21_27_06_HDR0_1_Mothbot_yolo11m_4500_imgsz1600_b1_2024-01-18.pt.jpg,ORDER_Lepidoptera,2025-01-27,21:27:06,,2025_01_27__21_27_06,MachineObservation,Cerro_Hoya_Expedition_Hoya_606m_grisMejua_2025-01-26_2025-01-27,Cerro_Hoya_Expedition_Hoya_606m_grisMejua_2025-01-26,grisMejua_2025_01_27__21_27_06_HDR0.jpg,grisMejua_2025_01_27__21_27_06_HDR0_1_Mothbot_yolo11m_4500_imgsz1600_b1_2024-01-18.pt.jpg
doi.org10.15468dl.6nxkw6.csv,Animalia,Arthropoda,Insecta,Lepidoptera,,,,,797,,Lepidoptera,Lepidoptera,Cerro_Hoya_Expedition_Hoya_606m_grisMejua_2025-01-26,grisMejua_2025_01_27__21_27_06_HDR0_2_Mothbot_yolo11m_4500_imgsz1600_b1_2024-01-18.pt.jpg,HS,Mothbot_yolo11m_4500_imgsz1600_b1_2024-01-18.pt,0.5735198855400085,,grisMejua,Cerro_Hoya_Expedition/Hoya_606m_grisMejua_2025-01-26/2025-01-27/patches/grisMejua_2025_01_27__21_27_06_HDR0_2_Mothbot_yolo11m_4500_imgsz1600_b1_2024-01-18.pt.jpg,ORDER_Diptera,2025-01-27,21:27:06,,2025_01_27__21_27_06,MachineObservation,Cerro_Hoya_Expedition_Hoya_606m_grisMejua_2025-01-26_2025-01-27,Cerro_Hoya_Expedition_Hoya_606m_grisMejua_2025-01-26,grisMejua_2025_01_27__21_27_06_HDR0.jpg,grisMejua_2025_01_27__21_27_06_HDR0_2_Mothbot_yolo11m_4500_imgsz1600_b1_2024-01-18.pt.jpg
doi.org10.15468dl.6nxkw6.csv,Animalia,Arthropoda,Insecta,Hemiptera,,,,,809,,Hemiptera,Hemiptera,Cerro_Hoya_Expedition_Hoya_606m_grisMejua_2025-01-26,grisMejua_2025_01_27__21_27_06_HDR0_3_Mothbot_yolo11m_4500_imgsz1600_b1_2024-01-18.pt.jpg,HS,Mothbot_yolo11m_4500_imgsz1600_b1_2024-01-18.pt,0.48765993118286133,,grisMejua,Cerro_Hoya_Expedition/Hoya_606m_grisMejua_2025-01-26/2025-01-27/patches/grisMejua_2025_01_27__21_27_06_HDR0_3_Mothbot_yolo11m_4500_imgsz1600_b1_2024-01-18.pt.jpg,ORDER_Hemiptera,2025-01-27,21:27:06,,2025_01_27__21_27_06,MachineObservation,Cerro_Hoya_Expedition_Hoya_606m_grisMejua_2025-01-26_2025-01-27,Cerro_Hoya_Expedition_Hoya_606m_grisMejua_2025-01-26,grisMejua_2025_01_27__21_27_06_HDR0.jpg,grisMejua_2025_01_27__21_27_06_HDR0_3_Mothbot_yolo11m_4500_imgsz1600_b1_2024-01-18.pt.jpg
doi.org10.15468dl.6nxkw6.csv,Animalia,Arthropoda,Insecta,Lepidoptera,,,,,797,,Lepidoptera,Lepidoptera,Cerro_Hoya_Expedition_Hoya_606m_grisMejua_2025-01-26,grisMejua_2025_01_27__21_28_06_HDR0_0_Mothbot_yolo11m_4500_imgsz1600_b1_2024-01-18.pt.jpg,HS,Mothbot_yolo11m_4500_imgsz1600_b1_2024-01-18.pt,0.7823261618614197,,grisMejua,Cerro_Hoya_Expedition/Hoya_606m_grisMejua_2025-01-26/2025-01-27/patches/grisMejua_2025_01_27__21_28_06_HDR0_0_Mothbot_yolo11m_4500_imgsz1600_b1_2024-01-18.pt.jpg,ORDER_Lepidoptera,2025-01-27,21:28:06,,2025_01_27__21_28_06,MachineObservation,Cerro_Hoya_Expedition_Hoya_606m_grisMejua_2025-01-26_2025-01-27,Cerro_Hoya_Expedition_Hoya_606m_grisMejua_2025-01-26,grisMejua_2025_01_27__21_28_06_HDR0.jpg,grisMejua_2025_01_27__21_28_06_HDR0_0_Mothbot_yolo11m_4500_imgsz1600_b1_2024-01-18.pt.jpg
doi.org10.15468dl.6nxkw6.csv,Animalia,Arthropoda,Insecta,Hemiptera,,,,,809,,Hemiptera,Hemiptera,Cerro_Hoya_Expedition_Hoya_606m_grisMejua_2025-01-26,grisMejua_2025_01_27__21_28_06_HDR0_1_Mothbot_yolo11m_4500_imgsz1600_b1_2024-01-18.pt.jpg,HS,Mothbot_yolo11m_4500_imgsz1600_b1_2024-01-18.pt,0.5373804569244385,,grisMejua,Cerro_Hoya_Expedition/Hoya_606m_grisMejua_2025-01-26/2025-01-27/patches/grisMejua_2025_01_27__21_28_06_HDR0_1_Mothbot_yolo11m_4500_imgsz1600_b1_2024-01-18.pt.jpg,ORDER_Hemiptera,2025-01-27,21:28:06,,2025_01_27__21_28_06,MachineObservation,Cerro_Hoya_Expedition_Hoya_606m_grisMejua_2025-01-26_2025-01-27,Cerro_Hoya_Expedition_Hoya_606m_grisMejua_2025-01-26,grisMejua_2025_01_27__21_28_06_HDR0.jpg,grisMejua_2025_01_27__21_28_06_HDR0_1_Mothbot_yolo11m_4500_imgsz1600_b1_2024-01-18.pt.jpg
doi.org10.15468dl.6nxkw6.csv,Animalia,Arthropoda,Insecta,Lepidoptera,,,,,797,,Lepidoptera,Lepidoptera,Cerro_Hoya_Expedition_Hoya_606m_grisMejua_2025-01-26,grisMejua_2025_01_27__21_29_23_HDR0_0_Mothbot_yolo11m_4500_imgsz1600_b1_2024-01-18.pt.jpg,HS,Mothbot_yolo11m_4500_imgsz1600_b1_2024-01-18.pt,0.7947660684585571,,grisMejua,Cerro_Hoya_Expedition/Hoya_606m_grisMejua_2025-01-26/2025-01-27/patches/grisMejua_2025_01_27__21_29_23_HDR0_0_Mothbot_yolo11m_4500_imgsz1600_b1_2024-01-18.pt.jpg,ORDER_Lepidoptera,2025-01-27,21:29:23,,2025_01_27__21_29_23,MachineObservation,Cerro_Hoya_Expedition_Hoya_606m_grisMejua_2025-01-26_2025-01-27,Cerro_Hoya_Expedition_Hoya_606m_grisMejua_2025-01-26,grisMejua_2025_01_27__21_29_23_HDR0.jpg,grisMejua_2025_01_27__21_29_23_HDR0_0_Mothbot_yolo11m_4500_imgsz1600_b1_2024-01-18.pt.jpg
doi.org10.15468dl.6nxkw6.csv,Animalia,Arthropoda,Insecta,Hemiptera,,,,,809,,Hemiptera,Hemiptera,Cerro_Hoya_Expedition_Hoya_606m_grisMejua_2025-01-26,grisMejua_2025_01_27__21_29_23_HDR0_1_Mothbot_yolo11m_4500_imgsz1600_b1_2024-01-18.pt.jpg,HS,Mothbot_yolo11m_4500_imgsz1600_b1_2024-01-18.pt,0.5892153382301331,,grisMejua,Cerro_Hoya_Expedition/Hoya_606m_grisMejua_2025-01-26/2025-01-27/patches/grisMejua_2025_01_27__21_29_23_HDR0_1_Mothbot_yolo11m_4500_imgsz1600_b1_2024-01-18.pt.jpg,ORDER_Hemiptera,2025-01-27,21:29:23,,2025_01_27__21_29_23,MachineObservation,Cerro_Hoya_Expedition_Hoya_606m_grisMejua_2025-01-26_2025-01-27,Cerro_Hoya_Expedition_Hoya_606m_grisMejua_2025-01-26,grisMejua_2025_01_27__21_29_23_HDR0.jpg,grisMejua_2025_01_27__21_29_23_HDR0_1_Mothbot_yolo11m_4500_imgsz1600_b1_2024-01-18.pt.jpg
doi.org10.15468dl.6nxkw6.csv,Animalia,Arthropoda,Insecta,Hemiptera,,,,,809,,Hemiptera,Hemiptera,Cerro_Hoya_Expedition_Hoya_606m_grisMejua_2025-01-26,grisMejua_2025_01_27__21_29_23_HDR0_2_Mothbot_yolo11m_4500_imgsz1600_b1_2024-01-18.pt.jpg,HS,Mothbot_yolo11m_4500_imgsz1600_b1_2024-01-18.pt,0.5538902282714844,,grisMejua,Cerro_Hoya_Expedition/Hoya_606m_grisMejua_2025-01-26/2025-01-27/patches/grisMejua_2025_01_27__21_29_23_HDR0_2_Mothbot_yolo11m_4500_imgsz1600_b1_2024-01-18.pt.jpg,ORDER_Hemiptera,2025-01-27,21:29:23,,2025_01_27__21_29_23,MachineObservation,Cerro_Hoya_Expedition_Hoya_606m_grisMejua_2025-01-26_2025-01-27,Cerro_Hoya_Expedition_Hoya_606m_grisMejua_2025-01-26,grisMejua_2025_01_27__21_29_23_HDR0.jpg,grisMejua_2025_01_27__21_29_23_HDR0_2_Mothbot_yolo11m_4500_imgsz1600_b1_2024-01-18.pt.jpg
doi.org10.15468dl.6nxkw6.csv,Animalia,Arthropoda,Insecta,Diptera,,,,,811,,Diptera,Diptera,Cerro_Hoya_Expedition_Hoya_606m_grisMejua_2025-01-26,grisMejua_2025_01_27__21_29_23_HDR0_3_Mothbot_yolo11m_4500_imgsz1600_b1_2024-01-18.pt.jpg,HS,Mothbot_yolo11m_4500_imgsz1600_b1_2024-01-18.pt,0.36021438241004944,,grisMejua,Cerro_Hoya_Expedition/Hoya_606m_grisMejua_2025-01-26/2025-01-27/patches/grisMejua_2025_01_27__21_29_23_HDR0_3_Mothbot_yolo11m_4500_imgsz1600_b1_2024-01-18.pt.jpg,ORDER_Diptera,2025-01-27,21:29:23,,2025_01_27__21_29_23,MachineObservation,Cerro_Hoya_Expedition_Hoya_606m_grisMejua_2025-01-26_2025-01-27,Cerro_Hoya_Expedition_Hoya_606m_grisMejua_2025-01-26,grisMejua_2025_01_27__21_29_23_HDR0.jpg,grisMejua_2025_01_27__21_29_23_HDR0_3_Mothbot_yolo11m_4500_imgsz1600_b1_2024-01-18.pt.jpg
doi.org10.15468dl.6nxkw6.csv,Animalia,Arthropoda,Insecta,Hemiptera,,,,,809,,Hemiptera,Hemiptera,Cerro_Hoya_Expedition_Hoya_606m_grisMejua_2025-01-26,grisMejua_2025_01_27__21_30_06_HDR0_0_Mothbot_yolo11m_4500_imgsz1600_b1_2024-01-18.pt.jpg,HS,Mothbot_yolo11m_4500_imgsz1600_b1_2024-01-18.pt,0.8003482818603516,,grisMejua,Cerro_Hoya_Expedition/Hoya_606m_grisMejua_2025-01-26/2025-01-27/patches/grisMejua_2025_01_27__21_30_06_HDR0_0_Mothbot_yolo11m_4500_imgsz1600_b1_2024-01-18.pt.jpg,ORDER_Hemiptera,2025-01-27,21:30:06,,2025_01_27__21_30_06,MachineObservation,Cerro_Hoya_Expedition_Hoya_606m_grisMejua_2025-01-26_2025-01-27,Cerro_Hoya_Expedition_Hoya_606m_grisMejua_2025-01-26,grisMejua_2025_01_27__21_30_06_HDR0.jpg,grisMejua_2025_01_27__21_30_06_HDR0_0_Mothbot_yolo11m_4500_imgsz1600_b1_2024-01-18.pt.jpg
doi.org10.15468dl.6nxkw6.csv,Animalia,Arthropoda,Insecta,Diptera,,,,,811,,Diptera,Diptera,Cerro_Hoya_Expedition_Hoya_606m_grisMejua_2025-01-26,grisMejua_2025_01_27__21_30_06_HDR0_1_Mothbot_yolo11m_4500_imgsz1600_b1_2024-01-18.pt.jpg,HS,Mothbot_yolo11m_4500_imgsz1600_b1_2024-01-18.pt,0.6115520596504211,,grisMejua,Cerro_Hoya_Expedition/Hoya_606m_grisMejua_2025-01-26/2025-01-27/patches/grisMejua_2025_01_27__21_30_06_HDR0_1_Mothbot_yolo11m_4500_imgsz1600_b1_2024-01-18.pt.jpg,ORDER_Diptera,2025-01-27,21:30:06,,2025_01_27__21_30_06,MachineObservation,Cerro_Hoya_Expedition_Hoya_606m_grisMejua_2025-01-26_2025-01-27,Cerro_Hoya_Expedition_Hoya_606m_grisMejua_2025-01-26,grisMejua_2025_01_27__21_30_06_HDR0.jpg,grisMejua_2025_01_27__21_30_06_HDR0_1_Mothbot_yolo11m_4500_imgsz1600_b1_2024-01-18.pt.jpg
doi.org10.15468dl.6nxkw6.csv,Animalia,Arthropoda,Insecta,Hemiptera,,,,,809,,Hemiptera,Hemiptera,Cerro_Hoya_Expedition_Hoya_606m_grisMejua_2025-01-26,grisMejua_2025_01_27__21_30_06_HDR0_2_Mothbot_yolo11m_4500_imgsz1600_b1_2024-01-18.pt.jpg,HS,Mothbot_yolo11m_4500_imgsz1600_b1_2024-01-18.pt,0.5832415819168091,,grisMejua,Cerro_Hoya_Expedition/Hoya_606m_grisMejua_2025-01-26/2025-01-27/patches/grisMejua_2025_01_27__21_30_06_HDR0_2_Mothbot_yolo11m_4500_imgsz1600_b1_2024-01-18.pt.jpg,ORDER_Diptera,2025-01-27,21:30:06,,2025_01_27__21_30_06,MachineObservation,Cerro_Hoya_Expedition_Hoya_606m_grisMejua_2025-01-26_2025-01-27,Cerro_Hoya_Expedition_Hoya_606m_grisMejua_2025-01-26,grisMejua_2025_01_27__21_30_06_HDR0.jpg,grisMejua_2025_01_27__21_30_06_HDR0_2_Mothbot_yolo11m_4500_imgsz1600_b1_2024-01-18.pt.jpg
doi.org10.15468dl.6nxkw6.csv,Animalia,Arthropoda,Insecta,Hemiptera,,,,,809,,Hemiptera,Hemiptera,Cerro_Hoya_Expedition_Hoya_606m_grisMejua_2025-01-26,grisMejua_2025_01_27__21_30_06_HDR0_3_Mothbot_yolo11m_4500_imgsz1600_b1_2024-01-18.pt.jpg,HS,Mothbot_yolo11m_4500_imgsz1600_b1_2024-01-18.pt,0.5377475619316101,,grisMejua,Cerro_Hoya_Expedition/Hoya_606m_grisMejua_2025-01-26/2025-01-27/patches/grisMejua_2025_01_27__21_30_06_HDR0_3_Mothbot_yolo11m_4500_imgsz1600_b1_2024-01-18.pt.jpg,ORDER_Hemiptera,2025-01-27,21:30:06,,2025_01_27__21_30_06,MachineObservation,Cerro_Hoya_Expedition_Hoya_606m_grisMejua_2025-01-26_2025-01-27,Cerro_Hoya_Expedition_Hoya_606m_grisMejua_2025-01-26,grisMejua_2025_01_27__21_30_06_HDR0.jpg,grisMejua_2025_01_27__21_30_06_HDR0_3_Mothbot_yolo11m_4500_imgsz1600_b1_2024-01-18.pt.jpg
doi.org10.15468dl.6nxkw6.csv,Animalia,Arthropoda,Insecta,,,,,,216,,Insecta,Insecta,Cerro_Hoya_Expedition_Hoya_606m_grisMejua_2025-01-26,grisMejua_2025_01_27__21_30_06_HDR0_4_Mothbot_yolo11m_4500_imgsz1600_b1_2024-01-18.pt.jpg,HS,Mothbot_yolo11m_4500_imgsz1600_b1_2024-01-18.pt,0.3203793466091156,,grisMejua,Cerro_Hoya_Expedition/Hoya_606m_grisMejua_2025-01-26/2025-01-27/patches/grisMejua_2025_01_27__21_30_06_HDR0_4_Mothbot_yolo11m_4500_imgsz1600_b1_2024-01-18.pt.jpg,ORDER_Hemiptera,2025-01-27,21:30:06,,2025_01_27__21_30_06,MachineObservation,Cerro_Hoya_Expedition_Hoya_606m_grisMejua_2025-01-26_2025-01-27,Cerro_Hoya_Expedition_Hoya_606m_grisMejua_2025-01-26,grisMejua_2025_01_27__21_30_06_HDR0.jpg,grisMejua_2025_01_27__21_30_06_HDR0_4_Mothbot_yolo11m_4500_imgsz1600_b1_2024-01-18.pt.jpg
doi.org10.15468dl.6nxkw6.csv,Animalia,Arthropoda,Insecta,Hemiptera,,,,,809,,Hemiptera,Hemiptera,Cerro_Hoya_Expedition_Hoya_606m_grisMejua_2025-01-26,grisMejua_2025_01_27__21_31_06_HDR0_0_Mothbot_yolo11m_4500_imgsz1600_b1_2024-01-18.pt.jpg,HS,Mothbot_yolo11m_4500_imgsz1600_b1_2024-01-18.pt,0.8449921607971191,,grisMejua,Cerro_Hoya_Expedition/Hoya_606m_grisMejua_2025-01-26/2025-01-27/patches/grisMejua_2025_01_27__21_31_06_HDR0_0_Mothbot_yolo11m_4500_imgsz1600_b1_2024-01-18.pt.jpg,ORDER_Coleoptera,2025-01-27,21:31:06,,2025_01_27__21_31_06,MachineObservation,Cerro_Hoya_Expedition_Hoya_606m_grisMejua_2025-01-26_2025-01-27,Cerro_Hoya_Expedition_Hoya_606m_grisMejua_2025-01-26,grisMejua_2025_01_27__21_31_06_HDR0.jpg,grisMejua_2025_01_27__21_31_06_HDR0_0_Mothbot_yolo11m_4500_imgsz1600_b1_2024-01-18.pt.jpg
doi.org10.15468dl.6nxkw6.csv,Animalia,Arthropoda,Insecta,Hemiptera,,,,,809,,Hemiptera,Hemiptera,Cerro_Hoya_Expedition_Hoya_606m_grisMejua_2025-01-26,grisMejua_2025_01_27__21_31_06_HDR0_1_Mothbot_yolo11m_4500_imgsz1600_b1_2024-01-18.pt.jpg,HS,Mothbot_yolo11m_4500_imgsz1600_b1_2024-01-18.pt,0.7650257349014282,,grisMejua,Cerro_Hoya_Expedition/Hoya_606m_grisMejua_2025-01-26/2025-01-27/patches/grisMejua_2025_01_27__21_31_06_HDR0_1_Mothbot_yolo11m_4500_imgsz1600_b1_2024-01-18.pt.jpg,ORDER_Hemiptera,2025-01-27,21:31:06,,2025_01_27__21_31_06,MachineObservation,Cerro_Hoya_Expedition_Hoya_606m_grisMejua_2025-01-26_2025-01-27,Cerro_Hoya_Expedition_Hoya_606m_grisMejua_2025-01-26,grisMejua_2025_01_27__21_31_06_HDR0.jpg,grisMejua_2025_01_27__21_31_06_HDR0_1_Mothbot_yolo11m_4500_imgsz1600_b1_2024-01-18.pt.jpg
doi.org10.15468dl.6nxkw6.csv,Animalia,Arthropoda,Insecta,Diptera,,,,,811,,Diptera,Diptera,Cerro_Hoya_Expedition_Hoya_606m_grisMejua_2025-01-26,grisMejua_2025_01_27__21_31_06_HDR0_2_Mothbot_yolo11m_4500_imgsz1600_b1_2024-01-18.pt.jpg,HS,Mothbot_yolo11m_4500_imgsz1600_b1_2024-01-18.pt,0.5839728116989136,,grisMejua,Cerro_Hoya_Expedition/Hoya_606m_grisMejua_2025-01-26/2025-01-27/patches/grisMejua_2025_01_27__21_31_06_HDR0_2_Mothbot_yolo11m_4500_imgsz1600_b1_2024-01-18.pt.jpg,ORDER_Hemiptera,2025-01-27,21:31:06,,2025_01_27__21_31_06,MachineObservation,Cerro_Hoya_Expedition_Hoya_606m_grisMejua_2025-01-26_2025-01-27,Cerro_Hoya_Expedition_Hoya_606m_grisMejua_2025-01-26,grisMejua_2025_01_27__21_31_06_HDR0.jpg,grisMejua_2025_01_27__21_31_06_HDR0_2_Mothbot_yolo11m_4500_imgsz1600_b1_2024-01-18.pt.jpg
doi.org10.15468dl.6nxkw6.csv,Animalia,Arthropoda,Insecta,Hemiptera,,,,,809,,Hemiptera,Hemiptera,Cerro_Hoya_Expedition_Hoya_606m_grisMejua_2025-01-26,grisMejua_2025_01_27__21_31_06_HDR0_3_Mothbot_yolo11m_4500_imgsz1600_b1_2024-01-18.pt.jpg,HS,Mothbot_yolo11m_4500_imgsz1600_b1_2024-01-18.pt,0.5249842405319214,,grisMejua,Cerro_Hoya_Expedition/Hoya_606m_grisMejua_2025-01-26/2025-01-27/patches/grisMejua_2025_01_27__21_31_06_HDR0_3_Mothbot_yolo11m_4500_imgsz1600_b1_2024-01-18.pt.jpg,ORDER_Hemiptera,2025-01-27,21:31:06,,2025_01_27__21_31_06,MachineObservation,Cerro_Hoya_Expedition_Hoya_606m_grisMejua_2025-01-26_2025-01-27,Cerro_Hoya_Expedition_Hoya_606m_grisMejua_2025-01-26,grisMejua_2025_01_27__21_31_06_HDR0.jpg,grisMejua_2025_01_27__21_31_06_HDR0_3_Mothbot_yolo11m_4500_imgsz1600_b1_2024-01-18.pt.jpg
doi.org10.15468dl.6nxkw6.csv,Animalia,Arthropoda,Insecta,Hemiptera,,,,,809,,Hemiptera,Hemiptera,Cerro_Hoya_Expedition_Hoya_606m_grisMejua_2025-01-26,grisMejua_2025_01_27__21_32_06_HDR0_0_Mothbot_yolo11m_4500_imgsz1600_b1_2024-01-18.pt.jpg,HS,Mothbot_yolo11m_4500_imgsz1600_b1_2024-01-18.pt,0.4942031502723694,,grisMejua,Cerro_Hoya_Expedition/Hoya_606m_grisMejua_2025-01-26/2025-01-27/patches/grisMejua_2025_01_27__21_32_06_HDR0_0_Mothbot_yolo11m_4500_imgsz1600_b1_2024-01-18.pt.jpg,ORDER_Diptera,2025-01-27,21:32:06,,2025_01_27__21_32_06,MachineObservation,Cerro_Hoya_Expedition_Hoya_606m_grisMejua_2025-01-26_2025-01-27,Cerro_Hoya_Expedition_Hoya_606m_grisMejua_2025-01-26,grisMejua_2025_01_27__21_32_06_HDR0.jpg,grisMejua_2025_01_27__21_32_06_HDR0_0_Mothbot_yolo11m_4500_imgsz1600_b1_2024-01-18.pt.jpg
doi.org10.15468dl.6nxkw6.csv,Animalia,Arthropoda,Insecta,Lepidoptera,,,,,797,,Lepidoptera,Lepidoptera,Cerro_Hoya_Expedition_Hoya_606m_grisMejua_2025-01-26,grisMejua_2025_01_27__21_33_05_HDR0_0_Mothbot_yolo11m_4500_imgsz1600_b1_2024-01-18.pt.jpg,HS,Mothbot_yolo11m_4500_imgsz1600_b1_2024-01-18.pt,0.8571670651435852,,grisMejua,Cerro_Hoya_Expedition/Hoya_606m_grisMejua_2025-01-26/2025-01-27/patches/grisMejua_2025_01_27__21_33_05_HDR0_0_Mothbot_yolo11m_4500_imgsz1600_b1_2024-01-18.pt.jpg,ORDER_Lepidoptera,2025-01-27,21:33:05,,2025_01_27__21_33_05,MachineObservation,Cerro_Hoya_Expedition_Hoya_606m_grisMejua_2025-01-26_2025-01-27,Cerro_Hoya_Expedition_Hoya_606m_grisMejua_2025-01-26,grisMejua_2025_01_27__21_33_05_HDR0.jpg,grisMejua_2025_01_27__21_33_05_HDR0_0_Mothbot_yolo11m_4500_imgsz1600_b1_2024-01-18.pt.jpg
doi.org10.15468dl.6nxkw6.csv,Animalia,Arthropoda,Insecta,Lepidoptera,,,,,797,,Lepidoptera,Lepidoptera,Cerro_Hoya_Expedition_Hoya_606m_grisMejua_2025-01-26,grisMejua_2025_01_27__21_33_05_HDR0_1_Mothbot_yolo11m_4500_imgsz1600_b1_2024-01-18.pt.jpg,HS,Mothbot_yolo11m_4500_imgsz1600_b1_2024-01-18.pt,0.7821305394172668,,grisMejua,Cerro_Hoya_Expedition/Hoya_606m_grisMejua_2025-01-26/2025-01-27/patches/grisMejua_2025_01_27__21_33_05_HDR0_1_Mothbot_yolo11m_4500_imgsz1600_b1_2024-01-18.pt.jpg,ORDER_Lepidoptera,2025-01-27,21:33:05,,2025_01_27__21_33_05,MachineObservation,Cerro_Hoya_Expedition_Hoya_606m_grisMejua_2025-01-26_2025-01-27,Cerro_Hoya_Expedition_Hoya_606m_grisMejua_2025-01-26,grisMejua_2025_01_27__21_33_05_HDR0.jpg,grisMejua_2025_01_27__21_33_05_HDR0_1_Mothbot_yolo11m_4500_imgsz1600_b1_2024-01-18.pt.jpg
doi.org10.15468dl.6nxkw6.csv,Animalia,Arthropoda,Insecta,Hemiptera,,,,,809,,Hemiptera,Hemiptera,Cerro_Hoya_Expedition_Hoya_606m_grisMejua_2025-01-26,grisMejua_2025_01_27__21_33_05_HDR0_2_Mothbot_yolo11m_4500_imgsz1600_b1_2024-01-18.pt.jpg,HS,Mothbot_yolo11m_4500_imgsz1600_b1_2024-01-18.pt,0.502579391002655,,grisMejua,Cerro_Hoya_Expedition/Hoya_606m_grisMejua_2025-01-26/2025-01-27/patches/grisMejua_2025_01_27__21_33_05_HDR0_2_Mothbot_yolo11m_4500_imgsz1600_b1_2024-01-18.pt.jpg,ORDER_Diptera,2025-01-27,21:33:05,,2025_01_27__21_33_05,MachineObservation,Cerro_Hoya_Expedition_Hoya_606m_grisMejua_2025-01-26_2025-01-27,Cerro_Hoya_Expedition_Hoya_606m_grisMejua_2025-01-26,grisMejua_2025_01_27__21_33_05_HDR0.jpg,grisMejua_2025_01_27__21_33_05_HDR0_2_Mothbot_yolo11m_4500_imgsz1600_b1_2024-01-18.pt.jpg
doi.org10.15468dl.6nxkw6.csv,Animalia,Arthropoda,Insecta,Lepidoptera,,,,,797,,Lepidoptera,Lepidoptera,Cerro_Hoya_Expedition_Hoya_606m_grisMejua_2025-01-26,grisMejua_2025_01_27__21_34_05_HDR0_0_Mothbot_yolo11m_4500_imgsz1600_b1_2024-01-18.pt.jpg,HS,Mothbot_yolo11m_4500_imgsz1600_b1_2024-01-18.pt,0.8127037882804871,,grisMejua,Cerro_Hoya_Expedition/Hoya_606m_grisMejua_2025-01-26/2025-01-27/patches/grisMejua_2025_01_27__21_34_05_HDR0_0_Mothbot_yolo11m_4500_imgsz1600_b1_2024-01-18.pt.jpg,ORDER_Lepidoptera,2025-01-27,21:34:05,,2025_01_27__21_34_05,MachineObservation,Cerro_Hoya_Expedition_Hoya_606m_grisMejua_2025-01-26_2025-01-27,Cerro_Hoya_Expedition_Hoya_606m_grisMejua_2025-01-26,grisMejua_2025_01_27__21_34_05_HDR0.jpg,grisMejua_2025_01_27__21_34_05_HDR0_0_Mothbot_yolo11m_4500_imgsz1600_b1_2024-01-18.pt.jpg
doi.org10.15468dl.6nxkw6.csv,Animalia,Arthropoda,Insecta,Lepidoptera,,,,,797,,Lepidoptera,Lepidoptera,Cerro_Hoya_Expedition_Hoya_606m_grisMejua_2025-01-26,grisMejua_2025_01_27__21_34_05_HDR0_1_Mothbot_yolo11m_4500_imgsz1600_b1_2024-01-18.pt.jpg,HS,Mothbot_yolo11m_4500_imgsz1600_b1_2024-01-18.pt,0.7746013402938843,,grisMejua,Cerro_Hoya_Expedition/Hoya_606m_grisMejua_2025-01-26/2025-01-27/patches/grisMejua_2025_01_27__21_34_05_HDR0_1_Mothbot_yolo11m_4500_imgsz1600_b1_2024-01-18.pt.jpg,ORDER_Lepidoptera,2025-01-27,21:34:05,,2025_01_27__21_34_05,MachineObservation,Cerro_Hoya_Expedition_Hoya_606m_grisMejua_2025-01-26_2025-01-27,Cerro_Hoya_Expedition_Hoya_606m_grisMejua_2025-01-26,grisMejua_2025_01_27__21_34_05_HDR0.jpg,grisMejua_2025_01_27__21_34_05_HDR0_1_Mothbot_yolo11m_4500_imgsz1600_b1_2024-01-18.pt.jpg
doi.org10.15468dl.6nxkw6.csv,Animalia,Arthropoda,Insecta,Hemiptera,,,,,809,,Hemiptera,Hemiptera,Cerro_Hoya_Expedition_Hoya_606m_grisMejua_2025-01-26,grisMejua_2025_01_27__21_34_05_HDR0_2_Mothbot_yolo11m_4500_imgsz1600_b1_2024-01-18.pt.jpg,HS,Mothbot_yolo11m_4500_imgsz1600_b1_2024-01-18.pt,0.5789621472358704,,grisMejua,Cerro_Hoya_Expedition/Hoya_606m_grisMejua_2025-01-26/2025-01-27/patches/grisMejua_2025_01_27__21_34_05_HDR0_2_Mothbot_yolo11m_4500_imgsz1600_b1_2024-01-18.pt.jpg,ORDER_Hemiptera,2025-01-27,21:34:05,,2025_01_27__21_34_05,MachineObservation,Cerro_Hoya_Expedition_Hoya_606m_grisMejua_2025-01-26_2025-01-27,Cerro_Hoya_Expedition_Hoya_606m_grisMejua_2025-01-26,grisMejua_2025_01_27__21_34_05_HDR0.jpg,grisMejua_2025_01_27__21_34_05_HDR0_2_Mothbot_yolo11m_4500_imgsz1600_b1_2024-01-18.pt.jpg
doi.org10.15468dl.6nxkw6.csv,Animalia,Arthropoda,Insecta,Diptera,,,,,811,,Diptera,Diptera,Cerro_Hoya_Expedition_Hoya_606m_grisMejua_2025-01-26,grisMejua_2025_01_27__21_34_05_HDR0_3_Mothbot_yolo11m_4500_imgsz1600_b1_2024-01-18.pt.jpg,HS,Mothbot_yolo11m_4500_imgsz1600_b1_2024-01-18.pt,0.47499579191207886,,grisMejua,Cerro_Hoya_Expedition/Hoya_606m_grisMejua_2025-01-26/2025-01-27/patches/grisMejua_2025_01_27__21_34_05_HDR0_3_Mothbot_yolo11m_4500_imgsz1600_b1_2024-01-18.pt.jpg,ORDER_Coleoptera,2025-01-27,21:34:05,,2025_01_27__21_34_05,MachineObservation,Cerro_Hoya_Expedition_Hoya_606m_grisMejua_2025-01-26_2025-01-27,Cerro_Hoya_Expedition_Hoya_606m_grisMejua_2025-01-26,grisMejua_2025_01_27__21_34_05_HDR0.jpg,grisMejua_2025_01_27__21_34_05_HDR0_3_Mothbot_yolo11m_4500_imgsz1600_b1_2024-01-18.pt.jpg
doi.org10.15468dl.6nxkw6.csv,Animalia,Arthropoda,Insecta,Diptera,,,,,811,,Diptera,Diptera,Cerro_Hoya_Expedition_Hoya_606m_grisMejua_2025-01-26,grisMejua_2025_01_27__21_34_05_HDR0_4_Mothbot_yolo11m_4500_imgsz1600_b1_2024-01-18.pt.jpg,HS,Mothbot_yolo11m_4500_imgsz1600_b1_2024-01-18.pt,0.33924001455307007,,grisMejua,Cerro_Hoya_Expedition/Hoya_606m_grisMejua_2025-01-26/2025-01-27/patches/grisMejua_2025_01_27__21_34_05_HDR0_4_Mothbot_yolo11m_4500_imgsz1600_b1_2024-01-18.pt.jpg,ORDER_Diptera,2025-01-27,21:34:05,,2025_01_27__21_34_05,MachineObservation,Cerro_Hoya_Expedition_Hoya_606m_grisMejua_2025-01-26_2025-01-27,Cerro_Hoya_Expedition_Hoya_606m_grisMejua_2025-01-26,grisMejua_2025_01_27__21_34_05_HDR0.jpg,grisMejua_2025_01_27__21_34_05_HDR0_4_Mothbot_yolo11m_4500_imgsz1600_b1_2024-01-18.pt.jpg
doi.org10.15468dl.6nxkw6.csv,Animalia,Arthropoda,Insecta,Lepidoptera,,,,,797,,Lepidoptera,Lepidoptera,Cerro_Hoya_Expedition_Hoya_606m_grisMejua_2025-01-26,grisMejua_2025_01_27__21_35_05_HDR0_0_Mothbot_yolo11m_4500_imgsz1600_b1_2024-01-18.pt.jpg,HS,Mothbot_yolo11m_4500_imgsz1600_b1_2024-01-18.pt,0.8394953608512878,,grisMejua,Cerro_Hoya_Expedition/Hoya_606m_grisMejua_2025-01-26/2025-01-27/patches/grisMejua_2025_01_27__21_35_05_HDR0_0_Mothbot_yolo11m_4500_imgsz1600_b1_2024-01-18.pt.jpg,ORDER_Lepidoptera,2025-01-27,21:35:05,,2025_01_27__21_35_05,MachineObservation,Cerro_Hoya_Expedition_Hoya_606m_grisMejua_2025-01-26_2025-01-27,Cerro_Hoya_Expedition_Hoya_606m_grisMejua_2025-01-26,grisMejua_2025_01_27__21_35_05_HDR0.jpg,grisMejua_2025_01_27__21_35_05_HDR0_0_Mothbot_yolo11m_4500_imgsz1600_b1_2024-01-18.pt.jpg
doi.org10.15468dl.6nxkw6.csv,Animalia,Arthropoda,Insecta,Lepidoptera,,,,,797,,Lepidoptera,Lepidoptera,Cerro_Hoya_Expedition_Hoya_606m_grisMejua_2025-01-26,grisMejua_2025_01_27__21_35_05_HDR0_1_Mothbot_yolo11m_4500_imgsz1600_b1_2024-01-18.pt.jpg,HS,Mothbot_yolo11m_4500_imgsz1600_b1_2024-01-18.pt,0.787177562713623,,grisMejua,Cerro_Hoya_Expedition/Hoya_606m_grisMejua_2025-01-26/2025-01-27/patches/grisMejua_2025_01_27__21_35_05_HDR0_1_Mothbot_yolo11m_4500_imgsz1600_b1_2024-01-18.pt.jpg,ORDER_Lepidoptera,2025-01-27,21:35:05,,2025_01_27__21_35_05,MachineObservation,Cerro_Hoya_Expedition_Hoya_606m_grisMejua_2025-01-26_2025-01-27,Cerro_Hoya_Expedition_Hoya_606m_grisMejua_2025-01-26,grisMejua_2025_01_27__21_35_05_HDR0.jpg,grisMejua_2025_01_27__21_35_05_HDR0_1_Mothbot_yolo11m_4500_imgsz1600_b1_2024-01-18.pt.jpg
doi.org10.15468dl.6nxkw6.csv,Animalia,Arthropoda,Insecta,Hemiptera,,,,,809,,Hemiptera,Hemiptera,Cerro_Hoya_Expedition_Hoya_606m_grisMejua_2025-01-26,grisMejua_2025_01_27__21_35_05_HDR0_2_Mothbot_yolo11m_4500_imgsz1600_b1_2024-01-18.pt.jpg,HS,Mothbot_yolo11m_4500_imgsz1600_b1_2024-01-18.pt,0.751107931137085,,grisMejua,Cerro_Hoya_Expedition/Hoya_606m_grisMejua_2025-01-26/2025-01-27/patches/grisMejua_2025_01_27__21_35_05_HDR0_2_Mothbot_yolo11m_4500_imgsz1600_b1_2024-01-18.pt.jpg,ORDER_Hemiptera,2025-01-27,21:35:05,,2025_01_27__21_35_05,MachineObservation,Cerro_Hoya_Expedition_Hoya_606m_grisMejua_2025-01-26_2025-01-27,Cerro_Hoya_Expedition_Hoya_606m_grisMejua_2025-01-26,grisMejua_2025_01_27__21_35_05_HDR0.jpg,grisMejua_2025_01_27__21_35_05_HDR0_2_Mothbot_yolo11m_4500_imgsz1600_b1_2024-01-18.pt.jpg
doi.org10.15468dl.6nxkw6.csv,Animalia,Arthropoda,Insecta,Lepidoptera,,,,,797,,Lepidoptera,Lepidoptera,Cerro_Hoya_Expedition_Hoya_606m_grisMejua_2025-01-26,grisMejua_2025_01_27__21_36_22_HDR0_0_Mothbot_yolo11m_4500_imgsz1600_b1_2024-01-18.pt.jpg,HS,Mothbot_yolo11m_4500_imgsz1600_b1_2024-01-18.pt,0.8420969843864441,,grisMejua,Cerro_Hoya_Expedition/Hoya_606m_grisMejua_2025-01-26/2025-01-27/patches/grisMejua_2025_01_27__21_36_22_HDR0_0_Mothbot_yolo11m_4500_imgsz1600_b1_2024-01-18.pt.jpg,ORDER_Lepidoptera,2025-01-27,21:36:22,,2025_01_27__21_36_22,MachineObservation,Cerro_Hoya_Expedition_Hoya_606m_grisMejua_2025-01-26_2025-01-27,Cerro_Hoya_Expedition_Hoya_606m_grisMejua_2025-01-26,grisMejua_2025_01_27__21_36_22_HDR0.jpg,grisMejua_2025_01_27__21_36_22_HDR0_0_Mothbot_yolo11m_4500_imgsz1600_b1_2024-01-18.pt.jpg
doi.org10.15468dl.6nxkw6.csv,Animalia,Arthropoda,Insecta,Hemiptera,,,,,809,,Hemiptera,Hemiptera,Cerro_Hoya_Expedition_Hoya_606m_grisMejua_2025-01-26,grisMejua_2025_01_27__21_36_22_HDR0_1_Mothbot_yolo11m_4500_imgsz1600_b1_2024-01-18.pt.jpg,HS,Mothbot_yolo11m_4500_imgsz1600_b1_2024-01-18.pt,0.8181660175323486,,grisMejua,Cerro_Hoya_Expedition/Hoya_606m_grisMejua_2025-01-26/2025-01-27/patches/grisMejua_2025_01_27__21_36_22_HDR0_1_Mothbot_yolo11m_4500_imgsz1600_b1_2024-01-18.pt.jpg,ORDER_Hemiptera,2025-01-27,21:36:22,,2025_01_27__21_36_22,MachineObservation,Cerro_Hoya_Expedition_Hoya_606m_grisMejua_2025-01-26_2025-01-27,Cerro_Hoya_Expedition_Hoya_606m_grisMejua_2025-01-26,grisMejua_2025_01_27__21_36_22_HDR0.jpg,grisMejua_2025_01_27__21_36_22_HDR0_1_Mothbot_yolo11m_4500_imgsz1600_b1_2024-01-18.pt.jpg
doi.org10.15468dl.6nxkw6.csv,Animalia,Arthropoda,Insecta,Lepidoptera,,,,,797,,Lepidoptera,Lepidoptera,Cerro_Hoya_Expedition_Hoya_606m_grisMejua_2025-01-26,grisMejua_2025_01_27__21_36_22_HDR0_2_Mothbot_yolo11m_4500_imgsz1600_b1_2024-01-18.pt.jpg,HS,Mothbot_yolo11m_4500_imgsz1600_b1_2024-01-18.pt,0.8111608624458313,,grisMejua,Cerro_Hoya_Expedition/Hoya_606m_grisMejua_2025-01-26/2025-01-27/patches/grisMejua_2025_01_27__21_36_22_HDR0_2_Mothbot_yolo11m_4500_imgsz1600_b1_2024-01-18.pt.jpg,ORDER_Lepidoptera,2025-01-27,21:36:22,,2025_01_27__21_36_22,MachineObservation,Cerro_Hoya_Expedition_Hoya_606m_grisMejua_2025-01-26_2025-01-27,Cerro_Hoya_Expedition_Hoya_606m_grisMejua_2025-01-26,grisMejua_2025_01_27__21_36_22_HDR0.jpg,grisMejua_2025_01_27__21_36_22_HDR0_2_Mothbot_yolo11m_4500_imgsz1600_b1_2024-01-18.pt.jpg
doi.org10.15468dl.6nxkw6.csv,Animalia,Arthropoda,Insecta,Hemiptera,,,,,809,,Hemiptera,Hemiptera,Cerro_Hoya_Expedition_Hoya_606m_grisMejua_2025-01-26,grisMejua_2025_01_27__21_36_22_HDR0_3_Mothbot_yolo11m_4500_imgsz1600_b1_2024-01-18.pt.jpg,HS,Mothbot_yolo11m_4500_imgsz1600_b1_2024-01-18.pt,0.7908434867858887,,grisMejua,Cerro_Hoya_Expedition/Hoya_606m_grisMejua_2025-01-26/2025-01-27/patches/grisMejua_2025_01_27__21_36_22_HDR0_3_Mothbot_yolo11m_4500_imgsz1600_b1_2024-01-18.pt.jpg,ORDER_Hemiptera,2025-01-27,21:36:22,,2025_01_27__21_36_22,MachineObservation,Cerro_Hoya_Expedition_Hoya_606m_grisMejua_2025-01-26_2025-01-27,Cerro_Hoya_Expedition_Hoya_606m_grisMejua_2025-01-26,grisMejua_2025_01_27__21_36_22_HDR0.jpg,grisMejua_2025_01_27__21_36_22_HDR0_3_Mothbot_yolo11m_4500_imgsz1600_b1_2024-01-18.pt.jpg
doi.org10.15468dl.6nxkw6.csv,Animalia,Arthropoda,Insecta,Hemiptera,,,,,809,,Hemiptera,Hemiptera,Cerro_Hoya_Expedition_Hoya_606m_grisMejua_2025-01-26,grisMejua_2025_01_27__21_37_06_HDR0_0_Mothbot_yolo11m_4500_imgsz1600_b1_2024-01-18.pt.jpg,HS,Mothbot_yolo11m_4500_imgsz1600_b1_2024-01-18.pt,0.8524455428123474,,grisMejua,Cerro_Hoya_Expedition/Hoya_606m_grisMejua_2025-01-26/2025-01-27/patches/grisMejua_2025_01_27__21_37_06_HDR0_0_Mothbot_yolo11m_4500_imgsz1600_b1_2024-01-18.pt.jpg,ORDER_Hemiptera,2025-01-27,21:37:06,,2025_01_27__21_37_06,MachineObservation,Cerro_Hoya_Expedition_Hoya_606m_grisMejua_2025-01-26_2025-01-27,Cerro_Hoya_Expedition_Hoya_606m_grisMejua_2025-01-26,grisMejua_2025_01_27__21_37_06_HDR0.jpg,grisMejua_2025_01_27__21_37_06_HDR0_0_Mothbot_yolo11m_4500_imgsz1600_b1_2024-01-18.pt.jpg
doi.org10.15468dl.6nxkw6.csv,Animalia,Arthropoda,Insecta,Lepidoptera,,,,,797,,Lepidoptera,Lepidoptera,Cerro_Hoya_Expedition_Hoya_606m_grisMejua_2025-01-26,grisMejua_2025_01_27__21_37_06_HDR0_1_Mothbot_yolo11m_4500_imgsz1600_b1_2024-01-18.pt.jpg,HS,Mothbot_yolo11m_4500_imgsz1600_b1_2024-01-18.pt,0.8340657353401184,,grisMejua,Cerro_Hoya_Expedition/Hoya_606m_grisMejua_2025-01-26/2025-01-27/patches/grisMejua_2025_01_27__21_37_06_HDR0_1_Mothbot_yolo11m_4500_imgsz1600_b1_2024-01-18.pt.jpg,ORDER_Lepidoptera,2025-01-27,21:37:06,,2025_01_27__21_37_06,MachineObservation,Cerro_Hoya_Expedition_Hoya_606m_grisMejua_2025-01-26_2025-01-27,Cerro_Hoya_Expedition_Hoya_606m_grisMejua_2025-01-26,grisMejua_2025_01_27__21_37_06_HDR0.jpg,grisMejua_2025_01_27__21_37_06_HDR0_1_Mothbot_yolo11m_4500_imgsz1600_b1_2024-01-18.pt.jpg
doi.org10.15468dl.6nxkw6.csv,Animalia,Arthropoda,Insecta,Hemiptera,,,,,809,,Hemiptera,Hemiptera,Cerro_Hoya_Expedition_Hoya_606m_grisMejua_2025-01-26,grisMejua_2025_01_27__21_37_06_HDR0_2_Mothbot_yolo11m_4500_imgsz1600_b1_2024-01-18.pt.jpg,HS,Mothbot_yolo11m_4500_imgsz1600_b1_2024-01-18.pt,0.7687932252883911,,grisMejua,Cerro_Hoya_Expedition/Hoya_606m_grisMejua_2025-01-26/2025-01-27/patches/grisMejua_2025_01_27__21_37_06_HDR0_2_Mothbot_yolo11m_4500_imgsz1600_b1_2024-01-18.pt.jpg,ORDER_Hemiptera,2025-01-27,21:37:06,,2025_01_27__21_37_06,MachineObservation,Cerro_Hoya_Expedition_Hoya_606m_grisMejua_2025-01-26_2025-01-27,Cerro_Hoya_Expedition_Hoya_606m_grisMejua_2025-01-26,grisMejua_2025_01_27__21_37_06_HDR0.jpg,grisMejua_2025_01_27__21_37_06_HDR0_2_Mothbot_yolo11m_4500_imgsz1600_b1_2024-01-18.pt.jpg
doi.org10.15468dl.6nxkw6.csv,Animalia,Arthropoda,Insecta,Diptera,,,,,811,,Diptera,Diptera,Cerro_Hoya_Expedition_Hoya_606m_grisMejua_2025-01-26,grisMejua_2025_01_27__21_37_06_HDR0_3_Mothbot_yolo11m_4500_imgsz1600_b1_2024-01-18.pt.jpg,HS,Mothbot_yolo11m_4500_imgsz1600_b1_2024-01-18.pt,0.5613283514976501,,grisMejua,Cerro_Hoya_Expedition/Hoya_606m_grisMejua_2025-01-26/2025-01-27/patches/grisMejua_2025_01_27__21_37_06_HDR0_3_Mothbot_yolo11m_4500_imgsz1600_b1_2024-01-18.pt.jpg,ORDER_Diptera,2025-01-27,21:37:06,,2025_01_27__21_37_06,MachineObservation,Cerro_Hoya_Expedition_Hoya_606m_grisMejua_2025-01-26_2025-01-27,Cerro_Hoya_Expedition_Hoya_606m_grisMejua_2025-01-26,grisMejua_2025_01_27__21_37_06_HDR0.jpg,grisMejua_2025_01_27__21_37_06_HDR0_3_Mothbot_yolo11m_4500_imgsz1600_b1_2024-01-18.pt.jpg
doi.org10.15468dl.6nxkw6.csv,Animalia,Arthropoda,Insecta,Hemiptera,,,,,809,,Hemiptera,Hemiptera,Cerro_Hoya_Expedition_Hoya_606m_grisMejua_2025-01-26,grisMejua_2025_01_27__21_38_05_HDR0_0_Mothbot_yolo11m_4500_imgsz1600_b1_2024-01-18.pt.jpg,HS,Mothbot_yolo11m_4500_imgsz1600_b1_2024-01-18.pt,0.8570823669433594,,grisMejua,Cerro_Hoya_Expedition/Hoya_606m_grisMejua_2025-01-26/2025-01-27/patches/grisMejua_2025_01_27__21_38_05_HDR0_0_Mothbot_yolo11m_4500_imgsz1600_b1_2024-01-18.pt.jpg,ORDER_Hemiptera,2025-01-27,21:38:05,,2025_01_27__21_38_05,MachineObservation,Cerro_Hoya_Expedition_Hoya_606m_grisMejua_2025-01-26_2025-01-27,Cerro_Hoya_Expedition_Hoya_606m_grisMejua_2025-01-26,grisMejua_2025_01_27__21_38_05_HDR0.jpg,grisMejua_2025_01_27__21_38_05_HDR0_0_Mothbot_yolo11m_4500_imgsz1600_b1_2024-01-18.pt.jpg
doi.org10.15468dl.6nxkw6.csv,Animalia,Arthropoda,Insecta,Lepidoptera,,,,,797,,Lepidoptera,Lepidoptera,Cerro_Hoya_Expedition_Hoya_606m_grisMejua_2025-01-26,grisMejua_2025_01_27__21_38_05_HDR0_1_Mothbot_yolo11m_4500_imgsz1600_b1_2024-01-18.pt.jpg,HS,Mothbot_yolo11m_4500_imgsz1600_b1_2024-01-18.pt,0.8394359946250916,,grisMejua,Cerro_Hoya_Expedition/Hoya_606m_grisMejua_2025-01-26/2025-01-27/patches/grisMejua_2025_01_27__21_38_05_HDR0_1_Mothbot_yolo11m_4500_imgsz1600_b1_2024-01-18.pt.jpg,ORDER_Lepidoptera,2025-01-27,21:38:05,,2025_01_27__21_38_05,MachineObservation,Cerro_Hoya_Expedition_Hoya_606m_grisMejua_2025-01-26_2025-01-27,Cerro_Hoya_Expedition_Hoya_606m_grisMejua_2025-01-26,grisMejua_2025_01_27__21_38_05_HDR0.jpg,grisMejua_2025_01_27__21_38_05_HDR0_1_Mothbot_yolo11m_4500_imgsz1600_b1_2024-01-18.pt.jpg
doi.org10.15468dl.6nxkw6.csv,Animalia,Arthropoda,Insecta,Hemiptera,,,,,809,,Hemiptera,Hemiptera,Cerro_Hoya_Expedition_Hoya_606m_grisMejua_2025-01-26,grisMejua_2025_01_27__21_38_05_HDR0_2_Mothbot_yolo11m_4500_imgsz1600_b1_2024-01-18.pt.jpg,HS,Mothbot_yolo11m_4500_imgsz1600_b1_2024-01-18.pt,0.6357361674308777,,grisMejua,Cerro_Hoya_Expedition/Hoya_606m_grisMejua_2025-01-26/2025-01-27/patches/grisMejua_2025_01_27__21_38_05_HDR0_2_Mothbot_yolo11m_4500_imgsz1600_b1_2024-01-18.pt.jpg,ORDER_Hemiptera,2025-01-27,21:38:05,,2025_01_27__21_38_05,MachineObservation,Cerro_Hoya_Expedition_Hoya_606m_grisMejua_2025-01-26_2025-01-27,Cerro_Hoya_Expedition_Hoya_606m_grisMejua_2025-01-26,grisMejua_2025_01_27__21_38_05_HDR0.jpg,grisMejua_2025_01_27__21_38_05_HDR0_2_Mothbot_yolo11m_4500_imgsz1600_b1_2024-01-18.pt.jpg
doi.org10.15468dl.6nxkw6.csv,Animalia,Arthropoda,Insecta,Lepidoptera,,,,,797,,Lepidoptera,Lepidoptera,Cerro_Hoya_Expedition_Hoya_606m_grisMejua_2025-01-26,grisMejua_2025_01_27__21_39_05_HDR0_0_Mothbot_yolo11m_4500_imgsz1600_b1_2024-01-18.pt.jpg,HS,Mothbot_yolo11m_4500_imgsz1600_b1_2024-01-18.pt,0.8377522230148315,,grisMejua,Cerro_Hoya_Expedition/Hoya_606m_grisMejua_2025-01-26/2025-01-27/patches/grisMejua_2025_01_27__21_39_05_HDR0_0_Mothbot_yolo11m_4500_imgsz1600_b1_2024-01-18.pt.jpg,ORDER_Lepidoptera,2025-01-27,21:39:05,,2025_01_27__21_39_05,MachineObservation,Cerro_Hoya_Expedition_Hoya_606m_grisMejua_2025-01-26_2025-01-27,Cerro_Hoya_Expedition_Hoya_606m_grisMejua_2025-01-26,grisMejua_2025_01_27__21_39_05_HDR0.jpg,grisMejua_2025_01_27__21_39_05_HDR0_0_Mothbot_yolo11m_4500_imgsz1600_b1_2024-01-18.pt.jpg
doi.org10.15468dl.6nxkw6.csv,Animalia,Arthropoda,Insecta,Hemiptera,,,,,809,,Hemiptera,Hemiptera,Cerro_Hoya_Expedition_Hoya_606m_grisMejua_2025-01-26,grisMejua_2025_01_27__21_39_05_HDR0_1_Mothbot_yolo11m_4500_imgsz1600_b1_2024-01-18.pt.jpg,HS,Mothbot_yolo11m_4500_imgsz1600_b1_2024-01-18.pt,0.8104760050773621,,grisMejua,Cerro_Hoya_Expedition/Hoya_606m_grisMejua_2025-01-26/2025-01-27/patches/grisMejua_2025_01_27__21_39_05_HDR0_1_Mothbot_yolo11m_4500_imgsz1600_b1_2024-01-18.pt.jpg,ORDER_Hemiptera,2025-01-27,21:39:05,,2025_01_27__21_39_05,MachineObservation,Cerro_Hoya_Expedition_Hoya_606m_grisMejua_2025-01-26_2025-01-27,Cerro_Hoya_Expedition_Hoya_606m_grisMejua_2025-01-26,grisMejua_2025_01_27__21_39_05_HDR0.jpg,grisMejua_2025_01_27__21_39_05_HDR0_1_Mothbot_yolo11m_4500_imgsz1600_b1_2024-01-18.pt.jpg
doi.org10.15468dl.6nxkw6.csv,Animalia,Arthropoda,Insecta,Hemiptera,,,,,809,,Hemiptera,Hemiptera,Cerro_Hoya_Expedition_Hoya_606m_grisMejua_2025-01-26,grisMejua_2025_01_27__21_39_05_HDR0_2_Mothbot_yolo11m_4500_imgsz1600_b1_2024-01-18.pt.jpg,HS,Mothbot_yolo11m_4500_imgsz1600_b1_2024-01-18.pt,0.797703206539154,,grisMejua,Cerro_Hoya_Expedition/Hoya_606m_grisMejua_2025-01-26/2025-01-27/patches/grisMejua_2025_01_27__21_39_05_HDR0_2_Mothbot_yolo11m_4500_imgsz1600_b1_2024-01-18.pt.jpg,ORDER_Hemiptera,2025-01-27,21:39:05,,2025_01_27__21_39_05,MachineObservation,Cerro_Hoya_Expedition_Hoya_606m_grisMejua_2025-01-26_2025-01-27,Cerro_Hoya_Expedition_Hoya_606m_grisMejua_2025-01-26,grisMejua_2025_01_27__21_39_05_HDR0.jpg,grisMejua_2025_01_27__21_39_05_HDR0_2_Mothbot_yolo11m_4500_imgsz1600_b1_2024-01-18.pt.jpg
doi.org10.15468dl.6nxkw6.csv,Animalia,Arthropoda,Insecta,Hemiptera,,,,,809,,Hemiptera,Hemiptera,Cerro_Hoya_Expedition_Hoya_606m_grisMejua_2025-01-26,grisMejua_2025_01_27__21_39_05_HDR0_3_Mothbot_yolo11m_4500_imgsz1600_b1_2024-01-18.pt.jpg,HS,Mothbot_yolo11m_4500_imgsz1600_b1_2024-01-18.pt,0.7304731607437134,,grisMejua,Cerro_Hoya_Expedition/Hoya_606m_grisMejua_2025-01-26/2025-01-27/patches/grisMejua_2025_01_27__21_39_05_HDR0_3_Mothbot_yolo11m_4500_imgsz1600_b1_2024-01-18.pt.jpg,ORDER_Hemiptera,2025-01-27,21:39:05,,2025_01_27__21_39_05,MachineObservation,Cerro_Hoya_Expedition_Hoya_606m_grisMejua_2025-01-26_2025-01-27,Cerro_Hoya_Expedition_Hoya_606m_grisMejua_2025-01-26,grisMejua_2025_01_27__21_39_05_HDR0.jpg,grisMejua_2025_01_27__21_39_05_HDR0_3_Mothbot_yolo11m_4500_imgsz1600_b1_2024-01-18.pt.jpg
doi.org10.15468dl.6nxkw6.csv,Animalia,Arthropoda,Insecta,Lepidoptera,,,,,797,,Lepidoptera,Lepidoptera,Cerro_Hoya_Expedition_Hoya_606m_grisMejua_2025-01-26,grisMejua_2025_01_27__21_40_06_HDR0_0_Mothbot_yolo11m_4500_imgsz1600_b1_2024-01-18.pt.jpg,HS,Mothbot_yolo11m_4500_imgsz1600_b1_2024-01-18.pt,0.8318905830383301,,grisMejua,Cerro_Hoya_Expedition/Hoya_606m_grisMejua_2025-01-26/2025-01-27/patches/grisMejua_2025_01_27__21_40_06_HDR0_0_Mothbot_yolo11m_4500_imgsz1600_b1_2024-01-18.pt.jpg,ORDER_Lepidoptera,2025-01-27,21:40:06,,2025_01_27__21_40_06,MachineObservation,Cerro_Hoya_Expedition_Hoya_606m_grisMejua_2025-01-26_2025-01-27,Cerro_Hoya_Expedition_Hoya_606m_grisMejua_2025-01-26,grisMejua_2025_01_27__21_40_06_HDR0.jpg,grisMejua_2025_01_27__21_40_06_HDR0_0_Mothbot_yolo11m_4500_imgsz1600_b1_2024-01-18.pt.jpg
doi.org10.15468dl.6nxkw6.csv,Animalia,Arthropoda,Insecta,Diptera,,,,,811,,Diptera,Diptera,Cerro_Hoya_Expedition_Hoya_606m_grisMejua_2025-01-26,grisMejua_2025_01_27__21_40_06_HDR0_1_Mothbot_yolo11m_4500_imgsz1600_b1_2024-01-18.pt.jpg,HS,Mothbot_yolo11m_4500_imgsz1600_b1_2024-01-18.pt,0.6204765439033508,,grisMejua,Cerro_Hoya_Expedition/Hoya_606m_grisMejua_2025-01-26/2025-01-27/patches/grisMejua_2025_01_27__21_40_06_HDR0_1_Mothbot_yolo11m_4500_imgsz1600_b1_2024-01-18.pt.jpg,ORDER_Hymenoptera,2025-01-27,21:40:06,,2025_01_27__21_40_06,MachineObservation,Cerro_Hoya_Expedition_Hoya_606m_grisMejua_2025-01-26_2025-01-27,Cerro_Hoya_Expedition_Hoya_606m_grisMejua_2025-01-26,grisMejua_2025_01_27__21_40_06_HDR0.jpg,grisMejua_2025_01_27__21_40_06_HDR0_1_Mothbot_yolo11m_4500_imgsz1600_b1_2024-01-18.pt.jpg
doi.org10.15468dl.6nxkw6.csv,Animalia,Arthropoda,Insecta,Diptera,,,,,811,,Diptera,Diptera,Cerro_Hoya_Expedition_Hoya_606m_grisMejua_2025-01-26,grisMejua_2025_01_27__21_40_06_HDR0_2_Mothbot_yolo11m_4500_imgsz1600_b1_2024-01-18.pt.jpg,HS,Mothbot_yolo11m_4500_imgsz1600_b1_2024-01-18.pt,0.6120213270187378,,grisMejua,Cerro_Hoya_Expedition/Hoya_606m_grisMejua_2025-01-26/2025-01-27/patches/grisMejua_2025_01_27__21_40_06_HDR0_2_Mothbot_yolo11m_4500_imgsz1600_b1_2024-01-18.pt.jpg,ORDER_Diptera,2025-01-27,21:40:06,,2025_01_27__21_40_06,MachineObservation,Cerro_Hoya_Expedition_Hoya_606m_grisMejua_2025-01-26_2025-01-27,Cerro_Hoya_Expedition_Hoya_606m_grisMejua_2025-01-26,grisMejua_2025_01_27__21_40_06_HDR0.jpg,grisMejua_2025_01_27__21_40_06_HDR0_2_Mothbot_yolo11m_4500_imgsz1600_b1_2024-01-18.pt.jpg
doi.org10.15468dl.6nxkw6.csv,Animalia,Arthropoda,Insecta,Lepidoptera,,,,,797,,Lepidoptera,Lepidoptera,Cerro_Hoya_Expedition_Hoya_606m_grisMejua_2025-01-26,grisMejua_2025_01_27__21_41_06_HDR0_0_Mothbot_yolo11m_4500_imgsz1600_b1_2024-01-18.pt.jpg,HS,Mothbot_yolo11m_4500_imgsz1600_b1_2024-01-18.pt,0.852976381778717,,grisMejua,Cerro_Hoya_Expedition/Hoya_606m_grisMejua_2025-01-26/2025-01-27/patches/grisMejua_2025_01_27__21_41_06_HDR0_0_Mothbot_yolo11m_4500_imgsz1600_b1_2024-01-18.pt.jpg,ORDER_Lepidoptera,2025-01-27,21:41:06,,2025_01_27__21_41_06,MachineObservation,Cerro_Hoya_Expedition_Hoya_606m_grisMejua_2025-01-26_2025-01-27,Cerro_Hoya_Expedition_Hoya_606m_grisMejua_2025-01-26,grisMejua_2025_01_27__21_41_06_HDR0.jpg,grisMejua_2025_01_27__21_41_06_HDR0_0_Mothbot_yolo11m_4500_imgsz1600_b1_2024-01-18.pt.jpg
doi.org10.15468dl.6nxkw6.csv,Animalia,Arthropoda,Insecta,Lepidoptera,,,,,797,,Lepidoptera,Lepidoptera,Cerro_Hoya_Expedition_Hoya_606m_grisMejua_2025-01-26,grisMejua_2025_01_27__21_42_06_HDR0_0_Mothbot_yolo11m_4500_imgsz1600_b1_2024-01-18.pt.jpg,HS,Mothbot_yolo11m_4500_imgsz1600_b1_2024-01-18.pt,0.8621083498001099,,grisMejua,Cerro_Hoya_Expedition/Hoya_606m_grisMejua_2025-01-26/2025-01-27/patches/grisMejua_2025_01_27__21_42_06_HDR0_0_Mothbot_yolo11m_4500_imgsz1600_b1_2024-01-18.pt.jpg,ORDER_Lepidoptera,2025-01-27,21:42:06,,2025_01_27__21_42_06,MachineObservation,Cerro_Hoya_Expedition_Hoya_606m_grisMejua_2025-01-26_2025-01-27,Cerro_Hoya_Expedition_Hoya_606m_grisMejua_2025-01-26,grisMejua_2025_01_27__21_42_06_HDR0.jpg,grisMejua_2025_01_27__21_42_06_HDR0_0_Mothbot_yolo11m_4500_imgsz1600_b1_2024-01-18.pt.jpg
doi.org10.15468dl.6nxkw6.csv,Animalia,Arthropoda,Insecta,Hemiptera,,,,,809,,Hemiptera,Hemiptera,Cerro_Hoya_Expedition_Hoya_606m_grisMejua_2025-01-26,grisMejua_2025_01_27__21_42_06_HDR0_1_Mothbot_yolo11m_4500_imgsz1600_b1_2024-01-18.pt.jpg,HS,Mothbot_yolo11m_4500_imgsz1600_b1_2024-01-18.pt,0.8423888087272644,,grisMejua,Cerro_Hoya_Expedition/Hoya_606m_grisMejua_2025-01-26/2025-01-27/patches/grisMejua_2025_01_27__21_42_06_HDR0_1_Mothbot_yolo11m_4500_imgsz1600_b1_2024-01-18.pt.jpg,ORDER_Hemiptera,2025-01-27,21:42:06,,2025_01_27__21_42_06,MachineObservation,Cerro_Hoya_Expedition_Hoya_606m_grisMejua_2025-01-26_2025-01-27,Cerro_Hoya_Expedition_Hoya_606m_grisMejua_2025-01-26,grisMejua_2025_01_27__21_42_06_HDR0.jpg,grisMejua_2025_01_27__21_42_06_HDR0_1_Mothbot_yolo11m_4500_imgsz1600_b1_2024-01-18.pt.jpg
doi.org10.15468dl.6nxkw6.csv,Animalia,Arthropoda,Insecta,Lepidoptera,,,,,797,,Lepidoptera,Lepidoptera,Cerro_Hoya_Expedition_Hoya_606m_grisMejua_2025-01-26,grisMejua_2025_01_27__21_43_22_HDR0_0_Mothbot_yolo11m_4500_imgsz1600_b1_2024-01-18.pt.jpg,HS,Mothbot_yolo11m_4500_imgsz1600_b1_2024-01-18.pt,0.8694608807563782,,grisMejua,Cerro_Hoya_Expedition/Hoya_606m_grisMejua_2025-01-26/2025-01-27/patches/grisMejua_2025_01_27__21_43_22_HDR0_0_Mothbot_yolo11m_4500_imgsz1600_b1_2024-01-18.pt.jpg,ORDER_Lepidoptera,2025-01-27,21:43:22,,2025_01_27__21_43_22,MachineObservation,Cerro_Hoya_Expedition_Hoya_606m_grisMejua_2025-01-26_2025-01-27,Cerro_Hoya_Expedition_Hoya_606m_grisMejua_2025-01-26,grisMejua_2025_01_27__21_43_22_HDR0.jpg,grisMejua_2025_01_27__21_43_22_HDR0_0_Mothbot_yolo11m_4500_imgsz1600_b1_2024-01-18.pt.jpg
doi.org10.15468dl.6nxkw6.csv,Animalia,Arthropoda,Insecta,Hemiptera,,,,,809,,Hemiptera,Hemiptera,Cerro_Hoya_Expedition_Hoya_606m_grisMejua_2025-01-26,grisMejua_2025_01_27__21_43_22_HDR0_1_Mothbot_yolo11m_4500_imgsz1600_b1_2024-01-18.pt.jpg,HS,Mothbot_yolo11m_4500_imgsz1600_b1_2024-01-18.pt,0.7676507234573364,,grisMejua,Cerro_Hoya_Expedition/Hoya_606m_grisMejua_2025-01-26/2025-01-27/patches/grisMejua_2025_01_27__21_43_22_HDR0_1_Mothbot_yolo11m_4500_imgsz1600_b1_2024-01-18.pt.jpg,ORDER_Hemiptera,2025-01-27,21:43:22,,2025_01_27__21_43_22,MachineObservation,Cerro_Hoya_Expedition_Hoya_606m_grisMejua_2025-01-26_2025-01-27,Cerro_Hoya_Expedition_Hoya_606m_grisMejua_2025-01-26,grisMejua_2025_01_27__21_43_22_HDR0.jpg,grisMejua_2025_01_27__21_43_22_HDR0_1_Mothbot_yolo11m_4500_imgsz1600_b1_2024-01-18.pt.jpg
doi.org10.15468dl.6nxkw6.csv,Animalia,Arthropoda,Insecta,Hemiptera,,,,,809,,Hemiptera,Hemiptera,Cerro_Hoya_Expedition_Hoya_606m_grisMejua_2025-01-26,grisMejua_2025_01_27__21_43_22_HDR0_2_Mothbot_yolo11m_4500_imgsz1600_b1_2024-01-18.pt.jpg,HS,Mothbot_yolo11m_4500_imgsz1600_b1_2024-01-18.pt,0.7514303922653198,,grisMejua,Cerro_Hoya_Expedition/Hoya_606m_grisMejua_2025-01-26/2025-01-27/patches/grisMejua_2025_01_27__21_43_22_HDR0_2_Mothbot_yolo11m_4500_imgsz1600_b1_2024-01-18.pt.jpg,ORDER_Hemiptera,2025-01-27,21:43:22,,2025_01_27__21_43_22,MachineObservation,Cerro_Hoya_Expedition_Hoya_606m_grisMejua_2025-01-26_2025-01-27,Cerro_Hoya_Expedition_Hoya_606m_grisMejua_2025-01-26,grisMejua_2025_01_27__21_43_22_HDR0.jpg,grisMejua_2025_01_27__21_43_22_HDR0_2_Mothbot_yolo11m_4500_imgsz1600_b1_2024-01-18.pt.jpg
doi.org10.15468dl.6nxkw6.csv,Animalia,Arthropoda,Insecta,Diptera,,,,,811,,Diptera,Diptera,Cerro_Hoya_Expedition_Hoya_606m_grisMejua_2025-01-26,grisMejua_2025_01_27__21_43_22_HDR0_3_Mothbot_yolo11m_4500_imgsz1600_b1_2024-01-18.pt.jpg,HS,Mothbot_yolo11m_4500_imgsz1600_b1_2024-01-18.pt,0.7408249378204346,,grisMejua,Cerro_Hoya_Expedition/Hoya_606m_grisMejua_2025-01-26/2025-01-27/patches/grisMejua_2025_01_27__21_43_22_HDR0_3_Mothbot_yolo11m_4500_imgsz1600_b1_2024-01-18.pt.jpg,ORDER_Diptera,2025-01-27,21:43:22,,2025_01_27__21_43_22,MachineObservation,Cerro_Hoya_Expedition_Hoya_606m_grisMejua_2025-01-26_2025-01-27,Cerro_Hoya_Expedition_Hoya_606m_grisMejua_2025-01-26,grisMejua_2025_01_27__21_43_22_HDR0.jpg,grisMejua_2025_01_27__21_43_22_HDR0_3_Mothbot_yolo11m_4500_imgsz1600_b1_2024-01-18.pt.jpg
doi.org10.15468dl.6nxkw6.csv,Animalia,Arthropoda,Insecta,Hemiptera,,,,,809,,Hemiptera,Hemiptera,Cerro_Hoya_Expedition_Hoya_606m_grisMejua_2025-01-26,grisMejua_2025_01_27__21_43_22_HDR0_4_Mothbot_yolo11m_4500_imgsz1600_b1_2024-01-18.pt.jpg,HS,Mothbot_yolo11m_4500_imgsz1600_b1_2024-01-18.pt,0.6793299317359924,,grisMejua,Cerro_Hoya_Expedition/Hoya_606m_grisMejua_2025-01-26/2025-01-27/patches/grisMejua_2025_01_27__21_43_22_HDR0_4_Mothbot_yolo11m_4500_imgsz1600_b1_2024-01-18.pt.jpg,ORDER_Hemiptera,2025-01-27,21:43:22,,2025_01_27__21_43_22,MachineObservation,Cerro_Hoya_Expedition_Hoya_606m_grisMejua_2025-01-26_2025-01-27,Cerro_Hoya_Expedition_Hoya_606m_grisMejua_2025-01-26,grisMejua_2025_01_27__21_43_22_HDR0.jpg,grisMejua_2025_01_27__21_43_22_HDR0_4_Mothbot_yolo11m_4500_imgsz1600_b1_2024-01-18.pt.jpg
doi.org10.15468dl.6nxkw6.csv,Animalia,Arthropoda,Insecta,Lepidoptera,,,,,797,,Lepidoptera,Lepidoptera,Cerro_Hoya_Expedition_Hoya_606m_grisMejua_2025-01-26,grisMejua_2025_01_27__21_44_06_HDR0_0_Mothbot_yolo11m_4500_imgsz1600_b1_2024-01-18.pt.jpg,HS,Mothbot_yolo11m_4500_imgsz1600_b1_2024-01-18.pt,0.86943119764328,,grisMejua,Cerro_Hoya_Expedition/Hoya_606m_grisMejua_2025-01-26/2025-01-27/patches/grisMejua_2025_01_27__21_44_06_HDR0_0_Mothbot_yolo11m_4500_imgsz1600_b1_2024-01-18.pt.jpg,ORDER_Lepidoptera,2025-01-27,21:44:06,,2025_01_27__21_44_06,MachineObservation,Cerro_Hoya_Expedition_Hoya_606m_grisMejua_2025-01-26_2025-01-27,Cerro_Hoya_Expedition_Hoya_606m_grisMejua_2025-01-26,grisMejua_2025_01_27__21_44_06_HDR0.jpg,grisMejua_2025_01_27__21_44_06_HDR0_0_Mothbot_yolo11m_4500_imgsz1600_b1_2024-01-18.pt.jpg
doi.org10.15468dl.6nxkw6.csv,Animalia,Arthropoda,Insecta,Hemiptera,,,,,809,,Hemiptera,Hemiptera,Cerro_Hoya_Expedition_Hoya_606m_grisMejua_2025-01-26,grisMejua_2025_01_27__21_44_06_HDR0_1_Mothbot_yolo11m_4500_imgsz1600_b1_2024-01-18.pt.jpg,HS,Mothbot_yolo11m_4500_imgsz1600_b1_2024-01-18.pt,0.8269444704055786,,grisMejua,Cerro_Hoya_Expedition/Hoya_606m_grisMejua_2025-01-26/2025-01-27/patches/grisMejua_2025_01_27__21_44_06_HDR0_1_Mothbot_yolo11m_4500_imgsz1600_b1_2024-01-18.pt.jpg,ORDER_Orthoptera,2025-01-27,21:44:06,,2025_01_27__21_44_06,MachineObservation,Cerro_Hoya_Expedition_Hoya_606m_grisMejua_2025-01-26_2025-01-27,Cerro_Hoya_Expedition_Hoya_606m_grisMejua_2025-01-26,grisMejua_2025_01_27__21_44_06_HDR0.jpg,grisMejua_2025_01_27__21_44_06_HDR0_1_Mothbot_yolo11m_4500_imgsz1600_b1_2024-01-18.pt.jpg
doi.org10.15468dl.6nxkw6.csv,Animalia,Arthropoda,Insecta,Lepidoptera,,,,,797,,Lepidoptera,Lepidoptera,Cerro_Hoya_Expedition_Hoya_606m_grisMejua_2025-01-26,grisMejua_2025_01_27__21_44_06_HDR0_2_Mothbot_yolo11m_4500_imgsz1600_b1_2024-01-18.pt.jpg,HS,Mothbot_yolo11m_4500_imgsz1600_b1_2024-01-18.pt,0.7462427020072937,,grisMejua,Cerro_Hoya_Expedition/Hoya_606m_grisMejua_2025-01-26/2025-01-27/patches/grisMejua_2025_01_27__21_44_06_HDR0_2_Mothbot_yolo11m_4500_imgsz1600_b1_2024-01-18.pt.jpg,ORDER_Lepidoptera,2025-01-27,21:44:06,,2025_01_27__21_44_06,MachineObservation,Cerro_Hoya_Expedition_Hoya_606m_grisMejua_2025-01-26_2025-01-27,Cerro_Hoya_Expedition_Hoya_606m_grisMejua_2025-01-26,grisMejua_2025_01_27__21_44_06_HDR0.jpg,grisMejua_2025_01_27__21_44_06_HDR0_2_Mothbot_yolo11m_4500_imgsz1600_b1_2024-01-18.pt.jpg
doi.org10.15468dl.6nxkw6.csv,Animalia,Arthropoda,Insecta,Diptera,,,,,811,,Diptera,Diptera,Cerro_Hoya_Expedition_Hoya_606m_grisMejua_2025-01-26,grisMejua_2025_01_27__21_44_06_HDR0_3_Mothbot_yolo11m_4500_imgsz1600_b1_2024-01-18.pt.jpg,HS,Mothbot_yolo11m_4500_imgsz1600_b1_2024-01-18.pt,0.7154794931411743,,grisMejua,Cerro_Hoya_Expedition/Hoya_606m_grisMejua_2025-01-26/2025-01-27/patches/grisMejua_2025_01_27__21_44_06_HDR0_3_Mothbot_yolo11m_4500_imgsz1600_b1_2024-01-18.pt.jpg,ORDER_Diptera,2025-01-27,21:44:06,,2025_01_27__21_44_06,MachineObservation,Cerro_Hoya_Expedition_Hoya_606m_grisMejua_2025-01-26_2025-01-27,Cerro_Hoya_Expedition_Hoya_606m_grisMejua_2025-01-26,grisMejua_2025_01_27__21_44_06_HDR0.jpg,grisMejua_2025_01_27__21_44_06_HDR0_3_Mothbot_yolo11m_4500_imgsz1600_b1_2024-01-18.pt.jpg
doi.org10.15468dl.6nxkw6.csv,Animalia,Arthropoda,Insecta,Lepidoptera,,,,,797,,Lepidoptera,Lepidoptera,Cerro_Hoya_Expedition_Hoya_606m_grisMejua_2025-01-26,grisMejua_2025_01_27__21_45_06_HDR0_0_Mothbot_yolo11m_4500_imgsz1600_b1_2024-01-18.pt.jpg,HS,Mothbot_yolo11m_4500_imgsz1600_b1_2024-01-18.pt,0.8700597286224365,,grisMejua,Cerro_Hoya_Expedition/Hoya_606m_grisMejua_2025-01-26/2025-01-27/patches/grisMejua_2025_01_27__21_45_06_HDR0_0_Mothbot_yolo11m_4500_imgsz1600_b1_2024-01-18.pt.jpg,ORDER_Lepidoptera,2025-01-27,21:45:06,,2025_01_27__21_45_06,MachineObservation,Cerro_Hoya_Expedition_Hoya_606m_grisMejua_2025-01-26_2025-01-27,Cerro_Hoya_Expedition_Hoya_606m_grisMejua_2025-01-26,grisMejua_2025_01_27__21_45_06_HDR0.jpg,grisMejua_2025_01_27__21_45_06_HDR0_0_Mothbot_yolo11m_4500_imgsz1600_b1_2024-01-18.pt.jpg
doi.org10.15468dl.6nxkw6.csv,Animalia,Arthropoda,Insecta,Hemiptera,,,,,809,,Hemiptera,Hemiptera,Cerro_Hoya_Expedition_Hoya_606m_grisMejua_2025-01-26,grisMejua_2025_01_27__21_45_06_HDR0_1_Mothbot_yolo11m_4500_imgsz1600_b1_2024-01-18.pt.jpg,HS,Mothbot_yolo11m_4500_imgsz1600_b1_2024-01-18.pt,0.8411663770675659,,grisMejua,Cerro_Hoya_Expedition/Hoya_606m_grisMejua_2025-01-26/2025-01-27/patches/grisMejua_2025_01_27__21_45_06_HDR0_1_Mothbot_yolo11m_4500_imgsz1600_b1_2024-01-18.pt.jpg,ORDER_Hemiptera,2025-01-27,21:45:06,,2025_01_27__21_45_06,MachineObservation,Cerro_Hoya_Expedition_Hoya_606m_grisMejua_2025-01-26_2025-01-27,Cerro_Hoya_Expedition_Hoya_606m_grisMejua_2025-01-26,grisMejua_2025_01_27__21_45_06_HDR0.jpg,grisMejua_2025_01_27__21_45_06_HDR0_1_Mothbot_yolo11m_4500_imgsz1600_b1_2024-01-18.pt.jpg
doi.org10.15468dl.6nxkw6.csv,Animalia,Arthropoda,Insecta,Hemiptera,,,,,809,,Hemiptera,Hemiptera,Cerro_Hoya_Expedition_Hoya_606m_grisMejua_2025-01-26,grisMejua_2025_01_27__21_45_06_HDR0_2_Mothbot_yolo11m_4500_imgsz1600_b1_2024-01-18.pt.jpg,HS,Mothbot_yolo11m_4500_imgsz1600_b1_2024-01-18.pt,0.8274357914924622,,grisMejua,Cerro_Hoya_Expedition/Hoya_606m_grisMejua_2025-01-26/2025-01-27/patches/grisMejua_2025_01_27__21_45_06_HDR0_2_Mothbot_yolo11m_4500_imgsz1600_b1_2024-01-18.pt.jpg,ORDER_Hemiptera,2025-01-27,21:45:06,,2025_01_27__21_45_06,MachineObservation,Cerro_Hoya_Expedition_Hoya_606m_grisMejua_2025-01-26_2025-01-27,Cerro_Hoya_Expedition_Hoya_606m_grisMejua_2025-01-26,grisMejua_2025_01_27__21_45_06_HDR0.jpg,grisMejua_2025_01_27__21_45_06_HDR0_2_Mothbot_yolo11m_4500_imgsz1600_b1_2024-01-18.pt.jpg
doi.org10.15468dl.6nxkw6.csv,Animalia,Arthropoda,Insecta,Lepidoptera,,,,,797,,Lepidoptera,Lepidoptera,Cerro_Hoya_Expedition_Hoya_606m_grisMejua_2025-01-26,grisMejua_2025_01_27__21_45_06_HDR0_3_Mothbot_yolo11m_4500_imgsz1600_b1_2024-01-18.pt.jpg,HS,Mothbot_yolo11m_4500_imgsz1600_b1_2024-01-18.pt,0.7270108461380005,,grisMejua,Cerro_Hoya_Expedition/Hoya_606m_grisMejua_2025-01-26/2025-01-27/patches/grisMejua_2025_01_27__21_45_06_HDR0_3_Mothbot_yolo11m_4500_imgsz1600_b1_2024-01-18.pt.jpg,ORDER_Lepidoptera,2025-01-27,21:45:06,,2025_01_27__21_45_06,MachineObservation,Cerro_Hoya_Expedition_Hoya_606m_grisMejua_2025-01-26_2025-01-27,Cerro_Hoya_Expedition_Hoya_606m_grisMejua_2025-01-26,grisMejua_2025_01_27__21_45_06_HDR0.jpg,grisMejua_2025_01_27__21_45_06_HDR0_3_Mothbot_yolo11m_4500_imgsz1600_b1_2024-01-18.pt.jpg
doi.org10.15468dl.6nxkw6.csv,Animalia,Arthropoda,Insecta,Lepidoptera,,,,,797,,Lepidoptera,Lepidoptera,Cerro_Hoya_Expedition_Hoya_606m_grisMejua_2025-01-26,grisMejua_2025_01_27__21_46_06_HDR0_0_Mothbot_yolo11m_4500_imgsz1600_b1_2024-01-18.pt.jpg,HS,Mothbot_yolo11m_4500_imgsz1600_b1_2024-01-18.pt,0.8686238527297974,,grisMejua,Cerro_Hoya_Expedition/Hoya_606m_grisMejua_2025-01-26/2025-01-27/patches/grisMejua_2025_01_27__21_46_06_HDR0_0_Mothbot_yolo11m_4500_imgsz1600_b1_2024-01-18.pt.jpg,ORDER_Lepidoptera,2025-01-27,21:46:06,,2025_01_27__21_46_06,MachineObservation,Cerro_Hoya_Expedition_Hoya_606m_grisMejua_2025-01-26_2025-01-27,Cerro_Hoya_Expedition_Hoya_606m_grisMejua_2025-01-26,grisMejua_2025_01_27__21_46_06_HDR0.jpg,grisMejua_2025_01_27__21_46_06_HDR0_0_Mothbot_yolo11m_4500_imgsz1600_b1_2024-01-18.pt.jpg
doi.org10.15468dl.6nxkw6.csv,Animalia,Arthropoda,Insecta,Hemiptera,,,,,809,,Hemiptera,Hemiptera,Cerro_Hoya_Expedition_Hoya_606m_grisMejua_2025-01-26,grisMejua_2025_01_27__21_46_06_HDR0_1_Mothbot_yolo11m_4500_imgsz1600_b1_2024-01-18.pt.jpg,HS,Mothbot_yolo11m_4500_imgsz1600_b1_2024-01-18.pt,0.8189820647239685,,grisMejua,Cerro_Hoya_Expedition/Hoya_606m_grisMejua_2025-01-26/2025-01-27/patches/grisMejua_2025_01_27__21_46_06_HDR0_1_Mothbot_yolo11m_4500_imgsz1600_b1_2024-01-18.pt.jpg,ORDER_Hemiptera,2025-01-27,21:46:06,,2025_01_27__21_46_06,MachineObservation,Cerro_Hoya_Expedition_Hoya_606m_grisMejua_2025-01-26_2025-01-27,Cerro_Hoya_Expedition_Hoya_606m_grisMejua_2025-01-26,grisMejua_2025_01_27__21_46_06_HDR0.jpg,grisMejua_2025_01_27__21_46_06_HDR0_1_Mothbot_yolo11m_4500_imgsz1600_b1_2024-01-18.pt.jpg
doi.org10.15468dl.6nxkw6.csv,Animalia,Arthropoda,Insecta,Hemiptera,,,,,809,,Hemiptera,Hemiptera,Cerro_Hoya_Expedition_Hoya_606m_grisMejua_2025-01-26,grisMejua_2025_01_27__21_46_06_HDR0_2_Mothbot_yolo11m_4500_imgsz1600_b1_2024-01-18.pt.jpg,HS,Mothbot_yolo11m_4500_imgsz1600_b1_2024-01-18.pt,0.7923753261566162,,grisMejua,Cerro_Hoya_Expedition/Hoya_606m_grisMejua_2025-01-26/2025-01-27/patches/grisMejua_2025_01_27__21_46_06_HDR0_2_Mothbot_yolo11m_4500_imgsz1600_b1_2024-01-18.pt.jpg,ORDER_Hemiptera,2025-01-27,21:46:06,,2025_01_27__21_46_06,MachineObservation,Cerro_Hoya_Expedition_Hoya_606m_grisMejua_2025-01-26_2025-01-27,Cerro_Hoya_Expedition_Hoya_606m_grisMejua_2025-01-26,grisMejua_2025_01_27__21_46_06_HDR0.jpg,grisMejua_2025_01_27__21_46_06_HDR0_2_Mothbot_yolo11m_4500_imgsz1600_b1_2024-01-18.pt.jpg
doi.org10.15468dl.6nxkw6.csv,Animalia,Arthropoda,Insecta,Lepidoptera,,,,,797,,Lepidoptera,Lepidoptera,Cerro_Hoya_Expedition_Hoya_606m_grisMejua_2025-01-26,grisMejua_2025_01_27__21_46_06_HDR0_3_Mothbot_yolo11m_4500_imgsz1600_b1_2024-01-18.pt.jpg,HS,Mothbot_yolo11m_4500_imgsz1600_b1_2024-01-18.pt,0.763784646987915,,grisMejua,Cerro_Hoya_Expedition/Hoya_606m_grisMejua_2025-01-26/2025-01-27/patches/grisMejua_2025_01_27__21_46_06_HDR0_3_Mothbot_yolo11m_4500_imgsz1600_b1_2024-01-18.pt.jpg,ORDER_Lepidoptera,2025-01-27,21:46:06,,2025_01_27__21_46_06,MachineObservation,Cerro_Hoya_Expedition_Hoya_606m_grisMejua_2025-01-26_2025-01-27,Cerro_Hoya_Expedition_Hoya_606m_grisMejua_2025-01-26,grisMejua_2025_01_27__21_46_06_HDR0.jpg,grisMejua_2025_01_27__21_46_06_HDR0_3_Mothbot_yolo11m_4500_imgsz1600_b1_2024-01-18.pt.jpg
doi.org10.15468dl.6nxkw6.csv,Animalia,Arthropoda,Insecta,Lepidoptera,,,,,797,,Lepidoptera,Lepidoptera,Cerro_Hoya_Expedition_Hoya_606m_grisMejua_2025-01-26,grisMejua_2025_01_27__21_46_06_HDR0_4_Mothbot_yolo11m_4500_imgsz1600_b1_2024-01-18.pt.jpg,HS,Mothbot_yolo11m_4500_imgsz1600_b1_2024-01-18.pt,0.5422163009643555,,grisMejua,Cerro_Hoya_Expedition/Hoya_606m_grisMejua_2025-01-26/2025-01-27/patches/grisMejua_2025_01_27__21_46_06_HDR0_4_Mothbot_yolo11m_4500_imgsz1600_b1_2024-01-18.pt.jpg,ORDER_Hemiptera,2025-01-27,21:46:06,,2025_01_27__21_46_06,MachineObservation,Cerro_Hoya_Expedition_Hoya_606m_grisMejua_2025-01-26_2025-01-27,Cerro_Hoya_Expedition_Hoya_606m_grisMejua_2025-01-26,grisMejua_2025_01_27__21_46_06_HDR0.jpg,grisMejua_2025_01_27__21_46_06_HDR0_4_Mothbot_yolo11m_4500_imgsz1600_b1_2024-01-18.pt.jpg
doi.org10.15468dl.6nxkw6.csv,Animalia,Arthropoda,Insecta,Hemiptera,,,,,809,,Hemiptera,Hemiptera,Cerro_Hoya_Expedition_Hoya_606m_grisMejua_2025-01-26,grisMejua_2025_01_27__21_47_06_HDR0_0_Mothbot_yolo11m_4500_imgsz1600_b1_2024-01-18.pt.jpg,HS,Mothbot_yolo11m_4500_imgsz1600_b1_2024-01-18.pt,0.8093985319137573,,grisMejua,Cerro_Hoya_Expedition/Hoya_606m_grisMejua_2025-01-26/2025-01-27/patches/grisMejua_2025_01_27__21_47_06_HDR0_0_Mothbot_yolo11m_4500_imgsz1600_b1_2024-01-18.pt.jpg,ORDER_Hemiptera,2025-01-27,21:47:06,,2025_01_27__21_47_06,MachineObservation,Cerro_Hoya_Expedition_Hoya_606m_grisMejua_2025-01-26_2025-01-27,Cerro_Hoya_Expedition_Hoya_606m_grisMejua_2025-01-26,grisMejua_2025_01_27__21_47_06_HDR0.jpg,grisMejua_2025_01_27__21_47_06_HDR0_0_Mothbot_yolo11m_4500_imgsz1600_b1_2024-01-18.pt.jpg
doi.org10.15468dl.6nxkw6.csv,Animalia,Arthropoda,Insecta,Coleoptera,,,,,1470,,Coleoptera,Coleoptera,Cerro_Hoya_Expedition_Hoya_606m_grisMejua_2025-01-26,grisMejua_2025_01_27__21_47_06_HDR0_1_Mothbot_yolo11m_4500_imgsz1600_b1_2024-01-18.pt.jpg,HS,Mothbot_yolo11m_4500_imgsz1600_b1_2024-01-18.pt,0.7604585886001587,,grisMejua,Cerro_Hoya_Expedition/Hoya_606m_grisMejua_2025-01-26/2025-01-27/patches/grisMejua_2025_01_27__21_47_06_HDR0_1_Mothbot_yolo11m_4500_imgsz1600_b1_2024-01-18.pt.jpg,ORDER_Coleoptera,2025-01-27,21:47:06,,2025_01_27__21_47_06,MachineObservation,Cerro_Hoya_Expedition_Hoya_606m_grisMejua_2025-01-26_2025-01-27,Cerro_Hoya_Expedition_Hoya_606m_grisMejua_2025-01-26,grisMejua_2025_01_27__21_47_06_HDR0.jpg,grisMejua_2025_01_27__21_47_06_HDR0_1_Mothbot_yolo11m_4500_imgsz1600_b1_2024-01-18.pt.jpg
doi.org10.15468dl.6nxkw6.csv,Animalia,Arthropoda,Insecta,Hemiptera,,,,,809,,Hemiptera,Hemiptera,Cerro_Hoya_Expedition_Hoya_606m_grisMejua_2025-01-26,grisMejua_2025_01_27__21_47_06_HDR0_2_Mothbot_yolo11m_4500_imgsz1600_b1_2024-01-18.pt.jpg,HS,Mothbot_yolo11m_4500_imgsz1600_b1_2024-01-18.pt,0.58871990442276,,grisMejua,Cerro_Hoya_Expedition/Hoya_606m_grisMejua_2025-01-26/2025-01-27/patches/grisMejua_2025_01_27__21_47_06_HDR0_2_Mothbot_yolo11m_4500_imgsz1600_b1_2024-01-18.pt.jpg,ORDER_Coleoptera,2025-01-27,21:47:06,,2025_01_27__21_47_06,MachineObservation,Cerro_Hoya_Expedition_Hoya_606m_grisMejua_2025-01-26_2025-01-27,Cerro_Hoya_Expedition_Hoya_606m_grisMejua_2025-01-26,grisMejua_2025_01_27__21_47_06_HDR0.jpg,grisMejua_2025_01_27__21_47_06_HDR0_2_Mothbot_yolo11m_4500_imgsz1600_b1_2024-01-18.pt.jpg
doi.org10.15468dl.6nxkw6.csv,Animalia,Arthropoda,Insecta,Lepidoptera,,,,,797,,Lepidoptera,Lepidoptera,Cerro_Hoya_Expedition_Hoya_606m_grisMejua_2025-01-26,grisMejua_2025_01_27__21_48_05_HDR0_0_Mothbot_yolo11m_4500_imgsz1600_b1_2024-01-18.pt.jpg,HS,Mothbot_yolo11m_4500_imgsz1600_b1_2024-01-18.pt,0.8749933242797852,,grisMejua,Cerro_Hoya_Expedition/Hoya_606m_grisMejua_2025-01-26/2025-01-27/patches/grisMejua_2025_01_27__21_48_05_HDR0_0_Mothbot_yolo11m_4500_imgsz1600_b1_2024-01-18.pt.jpg,ORDER_Lepidoptera,2025-01-27,21:48:05,,2025_01_27__21_48_05,MachineObservation,Cerro_Hoya_Expedition_Hoya_606m_grisMejua_2025-01-26_2025-01-27,Cerro_Hoya_Expedition_Hoya_606m_grisMejua_2025-01-26,grisMejua_2025_01_27__21_48_05_HDR0.jpg,grisMejua_2025_01_27__21_48_05_HDR0_0_Mothbot_yolo11m_4500_imgsz1600_b1_2024-01-18.pt.jpg
doi.org10.15468dl.6nxkw6.csv,Animalia,Arthropoda,Insecta,Hemiptera,,,,,809,,Hemiptera,Hemiptera,Cerro_Hoya_Expedition_Hoya_606m_grisMejua_2025-01-26,grisMejua_2025_01_27__21_48_05_HDR0_1_Mothbot_yolo11m_4500_imgsz1600_b1_2024-01-18.pt.jpg,HS,Mothbot_yolo11m_4500_imgsz1600_b1_2024-01-18.pt,0.7475335001945496,,grisMejua,Cerro_Hoya_Expedition/Hoya_606m_grisMejua_2025-01-26/2025-01-27/patches/grisMejua_2025_01_27__21_48_05_HDR0_1_Mothbot_yolo11m_4500_imgsz1600_b1_2024-01-18.pt.jpg,ORDER_Hemiptera,2025-01-27,21:48:05,,2025_01_27__21_48_05,MachineObservation,Cerro_Hoya_Expedition_Hoya_606m_grisMejua_2025-01-26_2025-01-27,Cerro_Hoya_Expedition_Hoya_606m_grisMejua_2025-01-26,grisMejua_2025_01_27__21_48_05_HDR0.jpg,grisMejua_2025_01_27__21_48_05_HDR0_1_Mothbot_yolo11m_4500_imgsz1600_b1_2024-01-18.pt.jpg
doi.org10.15468dl.6nxkw6.csv,Animalia,Arthropoda,Insecta,Coleoptera,,,,,1470,,Coleoptera,Coleoptera,Cerro_Hoya_Expedition_Hoya_606m_grisMejua_2025-01-26,grisMejua_2025_01_27__21_48_05_HDR0_2_Mothbot_yolo11m_4500_imgsz1600_b1_2024-01-18.pt.jpg,HS,Mothbot_yolo11m_4500_imgsz1600_b1_2024-01-18.pt,0.6168212294578552,,grisMejua,Cerro_Hoya_Expedition/Hoya_606m_grisMejua_2025-01-26/2025-01-27/patches/grisMejua_2025_01_27__21_48_05_HDR0_2_Mothbot_yolo11m_4500_imgsz1600_b1_2024-01-18.pt.jpg,ORDER_Diptera,2025-01-27,21:48:05,,2025_01_27__21_48_05,MachineObservation,Cerro_Hoya_Expedition_Hoya_606m_grisMejua_2025-01-26_2025-01-27,Cerro_Hoya_Expedition_Hoya_606m_grisMejua_2025-01-26,grisMejua_2025_01_27__21_48_05_HDR0.jpg,grisMejua_2025_01_27__21_48_05_HDR0_2_Mothbot_yolo11m_4500_imgsz1600_b1_2024-01-18.pt.jpg
doi.org10.15468dl.6nxkw6.csv,Animalia,Arthropoda,Insecta,Hemiptera,,,,,809,,Hemiptera,Hemiptera,Cerro_Hoya_Expedition_Hoya_606m_grisMejua_2025-01-26,grisMejua_2025_01_27__21_48_05_HDR0_3_Mothbot_yolo11m_4500_imgsz1600_b1_2024-01-18.pt.jpg,HS,Mothbot_yolo11m_4500_imgsz1600_b1_2024-01-18.pt,0.46100443601608276,,grisMejua,Cerro_Hoya_Expedition/Hoya_606m_grisMejua_2025-01-26/2025-01-27/patches/grisMejua_2025_01_27__21_48_05_HDR0_3_Mothbot_yolo11m_4500_imgsz1600_b1_2024-01-18.pt.jpg,ORDER_Hemiptera,2025-01-27,21:48:05,,2025_01_27__21_48_05,MachineObservation,Cerro_Hoya_Expedition_Hoya_606m_grisMejua_2025-01-26_2025-01-27,Cerro_Hoya_Expedition_Hoya_606m_grisMejua_2025-01-26,grisMejua_2025_01_27__21_48_05_HDR0.jpg,grisMejua_2025_01_27__21_48_05_HDR0_3_Mothbot_yolo11m_4500_imgsz1600_b1_2024-01-18.pt.jpg
doi.org10.15468dl.6nxkw6.csv,Animalia,Arthropoda,Insecta,Hemiptera,,,,,809,,Hemiptera,Hemiptera,Cerro_Hoya_Expedition_Hoya_606m_grisMejua_2025-01-26,grisMejua_2025_01_27__21_49_06_HDR0_0_Mothbot_yolo11m_4500_imgsz1600_b1_2024-01-18.pt.jpg,HS,Mothbot_yolo11m_4500_imgsz1600_b1_2024-01-18.pt,0.597375214099884,,grisMejua,Cerro_Hoya_Expedition/Hoya_606m_grisMejua_2025-01-26/2025-01-27/patches/grisMejua_2025_01_27__21_49_06_HDR0_0_Mothbot_yolo11m_4500_imgsz1600_b1_2024-01-18.pt.jpg,ORDER_Hemiptera,2025-01-27,21:49:06,,2025_01_27__21_49_06,MachineObservation,Cerro_Hoya_Expedition_Hoya_606m_grisMejua_2025-01-26_2025-01-27,Cerro_Hoya_Expedition_Hoya_606m_grisMejua_2025-01-26,grisMejua_2025_01_27__21_49_06_HDR0.jpg,grisMejua_2025_01_27__21_49_06_HDR0_0_Mothbot_yolo11m_4500_imgsz1600_b1_2024-01-18.pt.jpg
doi.org10.15468dl.6nxkw6.csv,Animalia,Arthropoda,Insecta,Hemiptera,,,,,809,,Hemiptera,Hemiptera,Cerro_Hoya_Expedition_Hoya_606m_grisMejua_2025-01-26,grisMejua_2025_01_27__21_49_06_HDR0_1_Mothbot_yolo11m_4500_imgsz1600_b1_2024-01-18.pt.jpg,HS,Mothbot_yolo11m_4500_imgsz1600_b1_2024-01-18.pt,0.5584442019462585,,grisMejua,Cerro_Hoya_Expedition/Hoya_606m_grisMejua_2025-01-26/2025-01-27/patches/grisMejua_2025_01_27__21_49_06_HDR0_1_Mothbot_yolo11m_4500_imgsz1600_b1_2024-01-18.pt.jpg,ORDER_Diptera,2025-01-27,21:49:06,,2025_01_27__21_49_06,MachineObservation,Cerro_Hoya_Expedition_Hoya_606m_grisMejua_2025-01-26_2025-01-27,Cerro_Hoya_Expedition_Hoya_606m_grisMejua_2025-01-26,grisMejua_2025_01_27__21_49_06_HDR0.jpg,grisMejua_2025_01_27__21_49_06_HDR0_1_Mothbot_yolo11m_4500_imgsz1600_b1_2024-01-18.pt.jpg
doi.org10.15468dl.6nxkw6.csv,Animalia,Arthropoda,Insecta,Diptera,,,,,811,,Diptera,Diptera,Cerro_Hoya_Expedition_Hoya_606m_grisMejua_2025-01-26,grisMejua_2025_01_27__21_49_06_HDR0_2_Mothbot_yolo11m_4500_imgsz1600_b1_2024-01-18.pt.jpg,HS,Mothbot_yolo11m_4500_imgsz1600_b1_2024-01-18.pt,0.4922318756580353,,grisMejua,Cerro_Hoya_Expedition/Hoya_606m_grisMejua_2025-01-26/2025-01-27/patches/grisMejua_2025_01_27__21_49_06_HDR0_2_Mothbot_yolo11m_4500_imgsz1600_b1_2024-01-18.pt.jpg,ORDER_Diptera,2025-01-27,21:49:06,,2025_01_27__21_49_06,MachineObservation,Cerro_Hoya_Expedition_Hoya_606m_grisMejua_2025-01-26_2025-01-27,Cerro_Hoya_Expedition_Hoya_606m_grisMejua_2025-01-26,grisMejua_2025_01_27__21_49_06_HDR0.jpg,grisMejua_2025_01_27__21_49_06_HDR0_2_Mothbot_yolo11m_4500_imgsz1600_b1_2024-01-18.pt.jpg
doi.org10.15468dl.6nxkw6.csv,Animalia,Arthropoda,Insecta,Diptera,,,,,811,,Diptera,Diptera,Cerro_Hoya_Expedition_Hoya_606m_grisMejua_2025-01-26,grisMejua_2025_01_27__21_49_06_HDR0_3_Mothbot_yolo11m_4500_imgsz1600_b1_2024-01-18.pt.jpg,HS,Mothbot_yolo11m_4500_imgsz1600_b1_2024-01-18.pt,0.28311747312545776,,grisMejua,Cerro_Hoya_Expedition/Hoya_606m_grisMejua_2025-01-26/2025-01-27/patches/grisMejua_2025_01_27__21_49_06_HDR0_3_Mothbot_yolo11m_4500_imgsz1600_b1_2024-01-18.pt.jpg,ORDER_Diptera,2025-01-27,21:49:06,,2025_01_27__21_49_06,MachineObservation,Cerro_Hoya_Expedition_Hoya_606m_grisMejua_2025-01-26_2025-01-27,Cerro_Hoya_Expedition_Hoya_606m_grisMejua_2025-01-26,grisMejua_2025_01_27__21_49_06_HDR0.jpg,grisMejua_2025_01_27__21_49_06_HDR0_3_Mothbot_yolo11m_4500_imgsz1600_b1_2024-01-18.pt.jpg
doi.org10.15468dl.6nxkw6.csv,Animalia,Arthropoda,Insecta,Hemiptera,,,,,809,,Hemiptera,Hemiptera,Cerro_Hoya_Expedition_Hoya_606m_grisMejua_2025-01-26,grisMejua_2025_01_27__21_50_22_HDR0_0_Mothbot_yolo11m_4500_imgsz1600_b1_2024-01-18.pt.jpg,HS,Mothbot_yolo11m_4500_imgsz1600_b1_2024-01-18.pt,0.4984906017780304,,grisMejua,Cerro_Hoya_Expedition/Hoya_606m_grisMejua_2025-01-26/2025-01-27/patches/grisMejua_2025_01_27__21_50_22_HDR0_0_Mothbot_yolo11m_4500_imgsz1600_b1_2024-01-18.pt.jpg,ORDER_Diptera,2025-01-27,21:50:22,,2025_01_27__21_50_22,MachineObservation,Cerro_Hoya_Expedition_Hoya_606m_grisMejua_2025-01-26_2025-01-27,Cerro_Hoya_Expedition_Hoya_606m_grisMejua_2025-01-26,grisMejua_2025_01_27__21_50_22_HDR0.jpg,grisMejua_2025_01_27__21_50_22_HDR0_0_Mothbot_yolo11m_4500_imgsz1600_b1_2024-01-18.pt.jpg
doi.org10.15468dl.6nxkw6.csv,Animalia,Arthropoda,Insecta,Hemiptera,,,,,809,,Hemiptera,Hemiptera,Cerro_Hoya_Expedition_Hoya_606m_grisMejua_2025-01-26,grisMejua_2025_01_27__21_51_05_HDR0_0_Mothbot_yolo11m_4500_imgsz1600_b1_2024-01-18.pt.jpg,HS,Mothbot_yolo11m_4500_imgsz1600_b1_2024-01-18.pt,0.6713995337486267,,grisMejua,Cerro_Hoya_Expedition/Hoya_606m_grisMejua_2025-01-26/2025-01-27/patches/grisMejua_2025_01_27__21_51_05_HDR0_0_Mothbot_yolo11m_4500_imgsz1600_b1_2024-01-18.pt.jpg,ORDER_Diptera,2025-01-27,21:51:05,,2025_01_27__21_51_05,MachineObservation,Cerro_Hoya_Expedition_Hoya_606m_grisMejua_2025-01-26_2025-01-27,Cerro_Hoya_Expedition_Hoya_606m_grisMejua_2025-01-26,grisMejua_2025_01_27__21_51_05_HDR0.jpg,grisMejua_2025_01_27__21_51_05_HDR0_0_Mothbot_yolo11m_4500_imgsz1600_b1_2024-01-18.pt.jpg
doi.org10.15468dl.6nxkw6.csv,Animalia,Arthropoda,Insecta,,,,,,216,,Insecta,Insecta,Cerro_Hoya_Expedition_Hoya_606m_grisMejua_2025-01-26,grisMejua_2025_01_27__21_51_05_HDR0_1_Mothbot_yolo11m_4500_imgsz1600_b1_2024-01-18.pt.jpg,HS,Mothbot_yolo11m_4500_imgsz1600_b1_2024-01-18.pt,0.2956567406654358,,grisMejua,Cerro_Hoya_Expedition/Hoya_606m_grisMejua_2025-01-26/2025-01-27/patches/grisMejua_2025_01_27__21_51_05_HDR0_1_Mothbot_yolo11m_4500_imgsz1600_b1_2024-01-18.pt.jpg,ORDER_Hymenoptera,2025-01-27,21:51:05,,2025_01_27__21_51_05,MachineObservation,Cerro_Hoya_Expedition_Hoya_606m_grisMejua_2025-01-26_2025-01-27,Cerro_Hoya_Expedition_Hoya_606m_grisMejua_2025-01-26,grisMejua_2025_01_27__21_51_05_HDR0.jpg,grisMejua_2025_01_27__21_51_05_HDR0_1_Mothbot_yolo11m_4500_imgsz1600_b1_2024-01-18.pt.jpg
doi.org10.15468dl.6nxkw6.csv,Animalia,Arthropoda,Insecta,Lepidoptera,,,,,797,,Lepidoptera,Lepidoptera,Cerro_Hoya_Expedition_Hoya_606m_grisMejua_2025-01-26,grisMejua_2025_01_27__21_52_06_HDR0_0_Mothbot_yolo11m_4500_imgsz1600_b1_2024-01-18.pt.jpg,HS,Mothbot_yolo11m_4500_imgsz1600_b1_2024-01-18.pt,0.7560463547706604,,grisMejua,Cerro_Hoya_Expedition/Hoya_606m_grisMejua_2025-01-26/2025-01-27/patches/grisMejua_2025_01_27__21_52_06_HDR0_0_Mothbot_yolo11m_4500_imgsz1600_b1_2024-01-18.pt.jpg,ORDER_Coleoptera,2025-01-27,21:52:06,,2025_01_27__21_52_06,MachineObservation,Cerro_Hoya_Expedition_Hoya_606m_grisMejua_2025-01-26_2025-01-27,Cerro_Hoya_Expedition_Hoya_606m_grisMejua_2025-01-26,grisMejua_2025_01_27__21_52_06_HDR0.jpg,grisMejua_2025_01_27__21_52_06_HDR0_0_Mothbot_yolo11m_4500_imgsz1600_b1_2024-01-18.pt.jpg
doi.org10.15468dl.6nxkw6.csv,Animalia,Arthropoda,Insecta,Hemiptera,,,,,809,,Hemiptera,Hemiptera,Cerro_Hoya_Expedition_Hoya_606m_grisMejua_2025-01-26,grisMejua_2025_01_27__21_52_06_HDR0_1_Mothbot_yolo11m_4500_imgsz1600_b1_2024-01-18.pt.jpg,HS,Mothbot_yolo11m_4500_imgsz1600_b1_2024-01-18.pt,0.5093784928321838,,grisMejua,Cerro_Hoya_Expedition/Hoya_606m_grisMejua_2025-01-26/2025-01-27/patches/grisMejua_2025_01_27__21_52_06_HDR0_1_Mothbot_yolo11m_4500_imgsz1600_b1_2024-01-18.pt.jpg,ORDER_Diptera,2025-01-27,21:52:06,,2025_01_27__21_52_06,MachineObservation,Cerro_Hoya_Expedition_Hoya_606m_grisMejua_2025-01-26_2025-01-27,Cerro_Hoya_Expedition_Hoya_606m_grisMejua_2025-01-26,grisMejua_2025_01_27__21_52_06_HDR0.jpg,grisMejua_2025_01_27__21_52_06_HDR0_1_Mothbot_yolo11m_4500_imgsz1600_b1_2024-01-18.pt.jpg
doi.org10.15468dl.6nxkw6.csv,Animalia,Arthropoda,Insecta,Hemiptera,,,,,809,,Hemiptera,Hemiptera,Cerro_Hoya_Expedition_Hoya_606m_grisMejua_2025-01-26,grisMejua_2025_01_27__21_53_06_HDR0_0_Mothbot_yolo11m_4500_imgsz1600_b1_2024-01-18.pt.jpg,HS,Mothbot_yolo11m_4500_imgsz1600_b1_2024-01-18.pt,0.5617823600769043,,grisMejua,Cerro_Hoya_Expedition/Hoya_606m_grisMejua_2025-01-26/2025-01-27/patches/grisMejua_2025_01_27__21_53_06_HDR0_0_Mothbot_yolo11m_4500_imgsz1600_b1_2024-01-18.pt.jpg,ORDER_Hemiptera,2025-01-27,21:53:06,,2025_01_27__21_53_06,MachineObservation,Cerro_Hoya_Expedition_Hoya_606m_grisMejua_2025-01-26_2025-01-27,Cerro_Hoya_Expedition_Hoya_606m_grisMejua_2025-01-26,grisMejua_2025_01_27__21_53_06_HDR0.jpg,grisMejua_2025_01_27__21_53_06_HDR0_0_Mothbot_yolo11m_4500_imgsz1600_b1_2024-01-18.pt.jpg
doi.org10.15468dl.6nxkw6.csv,Animalia,Arthropoda,Insecta,Hemiptera,,,,,809,,Hemiptera,Hemiptera,Cerro_Hoya_Expedition_Hoya_606m_grisMejua_2025-01-26,grisMejua_2025_01_27__21_53_06_HDR0_1_Mothbot_yolo11m_4500_imgsz1600_b1_2024-01-18.pt.jpg,HS,Mothbot_yolo11m_4500_imgsz1600_b1_2024-01-18.pt,0.49149617552757263,,grisMejua,Cerro_Hoya_Expedition/Hoya_606m_grisMejua_2025-01-26/2025-01-27/patches/grisMejua_2025_01_27__21_53_06_HDR0_1_Mothbot_yolo11m_4500_imgsz1600_b1_2024-01-18.pt.jpg,ORDER_Diptera,2025-01-27,21:53:06,,2025_01_27__21_53_06,MachineObservation,Cerro_Hoya_Expedition_Hoya_606m_grisMejua_2025-01-26_2025-01-27,Cerro_Hoya_Expedition_Hoya_606m_grisMejua_2025-01-26,grisMejua_2025_01_27__21_53_06_HDR0.jpg,grisMejua_2025_01_27__21_53_06_HDR0_1_Mothbot_yolo11m_4500_imgsz1600_b1_2024-01-18.pt.jpg
doi.org10.15468dl.6nxkw6.csv,Animalia,Arthropoda,Insecta,Lepidoptera,,,,,797,,Lepidoptera,Lepidoptera,Cerro_Hoya_Expedition_Hoya_606m_grisMejua_2025-01-26,grisMejua_2025_01_27__21_53_06_HDR0_2_Mothbot_yolo11m_4500_imgsz1600_b1_2024-01-18.pt.jpg,HS,Mothbot_yolo11m_4500_imgsz1600_b1_2024-01-18.pt,0.46784621477127075,,grisMejua,Cerro_Hoya_Expedition/Hoya_606m_grisMejua_2025-01-26/2025-01-27/patches/grisMejua_2025_01_27__21_53_06_HDR0_2_Mothbot_yolo11m_4500_imgsz1600_b1_2024-01-18.pt.jpg,ORDER_Lepidoptera,2025-01-27,21:53:06,,2025_01_27__21_53_06,MachineObservation,Cerro_Hoya_Expedition_Hoya_606m_grisMejua_2025-01-26_2025-01-27,Cerro_Hoya_Expedition_Hoya_606m_grisMejua_2025-01-26,grisMejua_2025_01_27__21_53_06_HDR0.jpg,grisMejua_2025_01_27__21_53_06_HDR0_2_Mothbot_yolo11m_4500_imgsz1600_b1_2024-01-18.pt.jpg
doi.org10.15468dl.6nxkw6.csv,Animalia,Arthropoda,Insecta,Diptera,,,,,811,,Diptera,Diptera,Cerro_Hoya_Expedition_Hoya_606m_grisMejua_2025-01-26,grisMejua_2025_01_27__21_53_06_HDR0_3_Mothbot_yolo11m_4500_imgsz1600_b1_2024-01-18.pt.jpg,HS,Mothbot_yolo11m_4500_imgsz1600_b1_2024-01-18.pt,0.46236497163772583,,grisMejua,Cerro_Hoya_Expedition/Hoya_606m_grisMejua_2025-01-26/2025-01-27/patches/grisMejua_2025_01_27__21_53_06_HDR0_3_Mothbot_yolo11m_4500_imgsz1600_b1_2024-01-18.pt.jpg,ORDER_Diptera,2025-01-27,21:53:06,,2025_01_27__21_53_06,MachineObservation,Cerro_Hoya_Expedition_Hoya_606m_grisMejua_2025-01-26_2025-01-27,Cerro_Hoya_Expedition_Hoya_606m_grisMejua_2025-01-26,grisMejua_2025_01_27__21_53_06_HDR0.jpg,grisMejua_2025_01_27__21_53_06_HDR0_3_Mothbot_yolo11m_4500_imgsz1600_b1_2024-01-18.pt.jpg
doi.org10.15468dl.6nxkw6.csv,Animalia,Arthropoda,Insecta,Hemiptera,,,,,809,,Hemiptera,Hemiptera,Cerro_Hoya_Expedition_Hoya_606m_grisMejua_2025-01-26,grisMejua_2025_01_27__21_53_06_HDR0_4_Mothbot_yolo11m_4500_imgsz1600_b1_2024-01-18.pt.jpg,HS,Mothbot_yolo11m_4500_imgsz1600_b1_2024-01-18.pt,0.27885207533836365,,grisMejua,Cerro_Hoya_Expedition/Hoya_606m_grisMejua_2025-01-26/2025-01-27/patches/grisMejua_2025_01_27__21_53_06_HDR0_4_Mothbot_yolo11m_4500_imgsz1600_b1_2024-01-18.pt.jpg,ORDER_Coleoptera,2025-01-27,21:53:06,,2025_01_27__21_53_06,MachineObservation,Cerro_Hoya_Expedition_Hoya_606m_grisMejua_2025-01-26_2025-01-27,Cerro_Hoya_Expedition_Hoya_606m_grisMejua_2025-01-26,grisMejua_2025_01_27__21_53_06_HDR0.jpg,grisMejua_2025_01_27__21_53_06_HDR0_4_Mothbot_yolo11m_4500_imgsz1600_b1_2024-01-18.pt.jpg
doi.org10.15468dl.6nxkw6.csv,Animalia,Arthropoda,Insecta,Hemiptera,,,,,809,,Hemiptera,Hemiptera,Cerro_Hoya_Expedition_Hoya_606m_grisMejua_2025-01-26,grisMejua_2025_01_27__21_54_06_HDR0_0_Mothbot_yolo11m_4500_imgsz1600_b1_2024-01-18.pt.jpg,HS,Mothbot_yolo11m_4500_imgsz1600_b1_2024-01-18.pt,0.6715846061706543,,grisMejua,Cerro_Hoya_Expedition/Hoya_606m_grisMejua_2025-01-26/2025-01-27/patches/grisMejua_2025_01_27__21_54_06_HDR0_0_Mothbot_yolo11m_4500_imgsz1600_b1_2024-01-18.pt.jpg,ORDER_Diptera,2025-01-27,21:54:06,,2025_01_27__21_54_06,MachineObservation,Cerro_Hoya_Expedition_Hoya_606m_grisMejua_2025-01-26_2025-01-27,Cerro_Hoya_Expedition_Hoya_606m_grisMejua_2025-01-26,grisMejua_2025_01_27__21_54_06_HDR0.jpg,grisMejua_2025_01_27__21_54_06_HDR0_0_Mothbot_yolo11m_4500_imgsz1600_b1_2024-01-18.pt.jpg
doi.org10.15468dl.6nxkw6.csv,Animalia,Arthropoda,Insecta,Hemiptera,,,,,809,,Hemiptera,Hemiptera,Cerro_Hoya_Expedition_Hoya_606m_grisMejua_2025-01-26,grisMejua_2025_01_27__21_54_06_HDR0_1_Mothbot_yolo11m_4500_imgsz1600_b1_2024-01-18.pt.jpg,HS,Mothbot_yolo11m_4500_imgsz1600_b1_2024-01-18.pt,0.5611333250999451,,grisMejua,Cerro_Hoya_Expedition/Hoya_606m_grisMejua_2025-01-26/2025-01-27/patches/grisMejua_2025_01_27__21_54_06_HDR0_1_Mothbot_yolo11m_4500_imgsz1600_b1_2024-01-18.pt.jpg,ORDER_Diptera,2025-01-27,21:54:06,,2025_01_27__21_54_06,MachineObservation,Cerro_Hoya_Expedition_Hoya_606m_grisMejua_2025-01-26_2025-01-27,Cerro_Hoya_Expedition_Hoya_606m_grisMejua_2025-01-26,grisMejua_2025_01_27__21_54_06_HDR0.jpg,grisMejua_2025_01_27__21_54_06_HDR0_1_Mothbot_yolo11m_4500_imgsz1600_b1_2024-01-18.pt.jpg
doi.org10.15468dl.6nxkw6.csv,Animalia,Arthropoda,Insecta,Hemiptera,,,,,809,,Hemiptera,Hemiptera,Cerro_Hoya_Expedition_Hoya_606m_grisMejua_2025-01-26,grisMejua_2025_01_27__21_55_06_HDR0_0_Mothbot_yolo11m_4500_imgsz1600_b1_2024-01-18.pt.jpg,HS,Mothbot_yolo11m_4500_imgsz1600_b1_2024-01-18.pt,0.8037316203117371,,grisMejua,Cerro_Hoya_Expedition/Hoya_606m_grisMejua_2025-01-26/2025-01-27/patches/grisMejua_2025_01_27__21_55_06_HDR0_0_Mothbot_yolo11m_4500_imgsz1600_b1_2024-01-18.pt.jpg,ORDER_Hemiptera,2025-01-27,21:55:06,,2025_01_27__21_55_06,MachineObservation,Cerro_Hoya_Expedition_Hoya_606m_grisMejua_2025-01-26_2025-01-27,Cerro_Hoya_Expedition_Hoya_606m_grisMejua_2025-01-26,grisMejua_2025_01_27__21_55_06_HDR0.jpg,grisMejua_2025_01_27__21_55_06_HDR0_0_Mothbot_yolo11m_4500_imgsz1600_b1_2024-01-18.pt.jpg
doi.org10.15468dl.6nxkw6.csv,Animalia,Arthropoda,Insecta,Hemiptera,,,,,809,,Hemiptera,Hemiptera,Cerro_Hoya_Expedition_Hoya_606m_grisMejua_2025-01-26,grisMejua_2025_01_27__21_55_06_HDR0_1_Mothbot_yolo11m_4500_imgsz1600_b1_2024-01-18.pt.jpg,HS,Mothbot_yolo11m_4500_imgsz1600_b1_2024-01-18.pt,0.5155138969421387,,grisMejua,Cerro_Hoya_Expedition/Hoya_606m_grisMejua_2025-01-26/2025-01-27/patches/grisMejua_2025_01_27__21_55_06_HDR0_1_Mothbot_yolo11m_4500_imgsz1600_b1_2024-01-18.pt.jpg,ORDER_Diptera,2025-01-27,21:55:06,,2025_01_27__21_55_06,MachineObservation,Cerro_Hoya_Expedition_Hoya_606m_grisMejua_2025-01-26_2025-01-27,Cerro_Hoya_Expedition_Hoya_606m_grisMejua_2025-01-26,grisMejua_2025_01_27__21_55_06_HDR0.jpg,grisMejua_2025_01_27__21_55_06_HDR0_1_Mothbot_yolo11m_4500_imgsz1600_b1_2024-01-18.pt.jpg
doi.org10.15468dl.6nxkw6.csv,Animalia,Arthropoda,Insecta,Diptera,,,,,811,,Diptera,Diptera,Cerro_Hoya_Expedition_Hoya_606m_grisMejua_2025-01-26,grisMejua_2025_01_27__21_55_06_HDR0_2_Mothbot_yolo11m_4500_imgsz1600_b1_2024-01-18.pt.jpg,HS,Mothbot_yolo11m_4500_imgsz1600_b1_2024-01-18.pt,0.26884815096855164,,grisMejua,Cerro_Hoya_Expedition/Hoya_606m_grisMejua_2025-01-26/2025-01-27/patches/grisMejua_2025_01_27__21_55_06_HDR0_2_Mothbot_yolo11m_4500_imgsz1600_b1_2024-01-18.pt.jpg,ORDER_Diptera,2025-01-27,21:55:06,,2025_01_27__21_55_06,MachineObservation,Cerro_Hoya_Expedition_Hoya_606m_grisMejua_2025-01-26_2025-01-27,Cerro_Hoya_Expedition_Hoya_606m_grisMejua_2025-01-26,grisMejua_2025_01_27__21_55_06_HDR0.jpg,grisMejua_2025_01_27__21_55_06_HDR0_2_Mothbot_yolo11m_4500_imgsz1600_b1_2024-01-18.pt.jpg
doi.org10.15468dl.6nxkw6.csv,Animalia,Arthropoda,Insecta,Diptera,,,,,811,,Diptera,Diptera,Cerro_Hoya_Expedition_Hoya_606m_grisMejua_2025-01-26,grisMejua_2025_01_27__21_56_06_HDR0_0_Mothbot_yolo11m_4500_imgsz1600_b1_2024-01-18.pt.jpg,HS,Mothbot_yolo11m_4500_imgsz1600_b1_2024-01-18.pt,0.7165170311927795,,grisMejua,Cerro_Hoya_Expedition/Hoya_606m_grisMejua_2025-01-26/2025-01-27/patches/grisMejua_2025_01_27__21_56_06_HDR0_0_Mothbot_yolo11m_4500_imgsz1600_b1_2024-01-18.pt.jpg,ORDER_Diptera,2025-01-27,21:56:06,,2025_01_27__21_56_06,MachineObservation,Cerro_Hoya_Expedition_Hoya_606m_grisMejua_2025-01-26_2025-01-27,Cerro_Hoya_Expedition_Hoya_606m_grisMejua_2025-01-26,grisMejua_2025_01_27__21_56_06_HDR0.jpg,grisMejua_2025_01_27__21_56_06_HDR0_0_Mothbot_yolo11m_4500_imgsz1600_b1_2024-01-18.pt.jpg
doi.org10.15468dl.6nxkw6.csv,Animalia,Arthropoda,Insecta,Coleoptera,,,,,1470,,Coleoptera,Coleoptera,Cerro_Hoya_Expedition_Hoya_606m_grisMejua_2025-01-26,grisMejua_2025_01_27__21_56_06_HDR0_1_Mothbot_yolo11m_4500_imgsz1600_b1_2024-01-18.pt.jpg,HS,Mothbot_yolo11m_4500_imgsz1600_b1_2024-01-18.pt,0.37065574526786804,,grisMejua,Cerro_Hoya_Expedition/Hoya_606m_grisMejua_2025-01-26/2025-01-27/patches/grisMejua_2025_01_27__21_56_06_HDR0_1_Mothbot_yolo11m_4500_imgsz1600_b1_2024-01-18.pt.jpg,ORDER_Psocodea,2025-01-27,21:56:06,,2025_01_27__21_56_06,MachineObservation,Cerro_Hoya_Expedition_Hoya_606m_grisMejua_2025-01-26_2025-01-27,Cerro_Hoya_Expedition_Hoya_606m_grisMejua_2025-01-26,grisMejua_2025_01_27__21_56_06_HDR0.jpg,grisMejua_2025_01_27__21_56_06_HDR0_1_Mothbot_yolo11m_4500_imgsz1600_b1_2024-01-18.pt.jpg
doi.org10.15468dl.6nxkw6.csv,Animalia,Arthropoda,Insecta,Lepidoptera,,,,,797,,Lepidoptera,Lepidoptera,Cerro_Hoya_Expedition_Hoya_606m_grisMejua_2025-01-26,grisMejua_2025_01_27__21_57_22_HDR0_0_Mothbot_yolo11m_4500_imgsz1600_b1_2024-01-18.pt.jpg,HS,Mothbot_yolo11m_4500_imgsz1600_b1_2024-01-18.pt,0.7196565270423889,,grisMejua,Cerro_Hoya_Expedition/Hoya_606m_grisMejua_2025-01-26/2025-01-27/patches/grisMejua_2025_01_27__21_57_22_HDR0_0_Mothbot_yolo11m_4500_imgsz1600_b1_2024-01-18.pt.jpg,ORDER_Lepidoptera,2025-01-27,21:57:22,,2025_01_27__21_57_22,MachineObservation,Cerro_Hoya_Expedition_Hoya_606m_grisMejua_2025-01-26_2025-01-27,Cerro_Hoya_Expedition_Hoya_606m_grisMejua_2025-01-26,grisMejua_2025_01_27__21_57_22_HDR0.jpg,grisMejua_2025_01_27__21_57_22_HDR0_0_Mothbot_yolo11m_4500_imgsz1600_b1_2024-01-18.pt.jpg
doi.org10.15468dl.6nxkw6.csv,Animalia,Arthropoda,Insecta,Diptera,,,,,811,,Diptera,Diptera,Cerro_Hoya_Expedition_Hoya_606m_grisMejua_2025-01-26,grisMejua_2025_01_27__21_57_22_HDR0_1_Mothbot_yolo11m_4500_imgsz1600_b1_2024-01-18.pt.jpg,HS,Mothbot_yolo11m_4500_imgsz1600_b1_2024-01-18.pt,0.6201444268226624,,grisMejua,Cerro_Hoya_Expedition/Hoya_606m_grisMejua_2025-01-26/2025-01-27/patches/grisMejua_2025_01_27__21_57_22_HDR0_1_Mothbot_yolo11m_4500_imgsz1600_b1_2024-01-18.pt.jpg,ORDER_Diptera,2025-01-27,21:57:22,,2025_01_27__21_57_22,MachineObservation,Cerro_Hoya_Expedition_Hoya_606m_grisMejua_2025-01-26_2025-01-27,Cerro_Hoya_Expedition_Hoya_606m_grisMejua_2025-01-26,grisMejua_2025_01_27__21_57_22_HDR0.jpg,grisMejua_2025_01_27__21_57_22_HDR0_1_Mothbot_yolo11m_4500_imgsz1600_b1_2024-01-18.pt.jpg
doi.org10.15468dl.6nxkw6.csv,Animalia,Arthropoda,Insecta,Lepidoptera,,,,,797,,Lepidoptera,Lepidoptera,Cerro_Hoya_Expedition_Hoya_606m_grisMejua_2025-01-26,grisMejua_2025_01_27__21_58_06_HDR0_0_Mothbot_yolo11m_4500_imgsz1600_b1_2024-01-18.pt.jpg,HS,Mothbot_yolo11m_4500_imgsz1600_b1_2024-01-18.pt,0.7048148512840271,,grisMejua,Cerro_Hoya_Expedition/Hoya_606m_grisMejua_2025-01-26/2025-01-27/patches/grisMejua_2025_01_27__21_58_06_HDR0_0_Mothbot_yolo11m_4500_imgsz1600_b1_2024-01-18.pt.jpg,ORDER_Lepidoptera,2025-01-27,21:58:06,,2025_01_27__21_58_06,MachineObservation,Cerro_Hoya_Expedition_Hoya_606m_grisMejua_2025-01-26_2025-01-27,Cerro_Hoya_Expedition_Hoya_606m_grisMejua_2025-01-26,grisMejua_2025_01_27__21_58_06_HDR0.jpg,grisMejua_2025_01_27__21_58_06_HDR0_0_Mothbot_yolo11m_4500_imgsz1600_b1_2024-01-18.pt.jpg
doi.org10.15468dl.6nxkw6.csv,Animalia,Arthropoda,Insecta,Diptera,,,,,811,,Diptera,Diptera,Cerro_Hoya_Expedition_Hoya_606m_grisMejua_2025-01-26,grisMejua_2025_01_27__21_58_06_HDR0_1_Mothbot_yolo11m_4500_imgsz1600_b1_2024-01-18.pt.jpg,HS,Mothbot_yolo11m_4500_imgsz1600_b1_2024-01-18.pt,0.6284610629081726,,grisMejua,Cerro_Hoya_Expedition/Hoya_606m_grisMejua_2025-01-26/2025-01-27/patches/grisMejua_2025_01_27__21_58_06_HDR0_1_Mothbot_yolo11m_4500_imgsz1600_b1_2024-01-18.pt.jpg,ORDER_Diptera,2025-01-27,21:58:06,,2025_01_27__21_58_06,MachineObservation,Cerro_Hoya_Expedition_Hoya_606m_grisMejua_2025-01-26_2025-01-27,Cerro_Hoya_Expedition_Hoya_606m_grisMejua_2025-01-26,grisMejua_2025_01_27__21_58_06_HDR0.jpg,grisMejua_2025_01_27__21_58_06_HDR0_1_Mothbot_yolo11m_4500_imgsz1600_b1_2024-01-18.pt.jpg
doi.org10.15468dl.6nxkw6.csv,Animalia,Arthropoda,Insecta,Coleoptera,,,,,1470,,Coleoptera,Coleoptera,Cerro_Hoya_Expedition_Hoya_606m_grisMejua_2025-01-26,grisMejua_2025_01_27__21_58_06_HDR0_2_Mothbot_yolo11m_4500_imgsz1600_b1_2024-01-18.pt.jpg,HS,Mothbot_yolo11m_4500_imgsz1600_b1_2024-01-18.pt,0.3001582622528076,,grisMejua,Cerro_Hoya_Expedition/Hoya_606m_grisMejua_2025-01-26/2025-01-27/patches/grisMejua_2025_01_27__21_58_06_HDR0_2_Mothbot_yolo11m_4500_imgsz1600_b1_2024-01-18.pt.jpg,ORDER_Psocodea,2025-01-27,21:58:06,,2025_01_27__21_58_06,MachineObservation,Cerro_Hoya_Expedition_Hoya_606m_grisMejua_2025-01-26_2025-01-27,Cerro_Hoya_Expedition_Hoya_606m_grisMejua_2025-01-26,grisMejua_2025_01_27__21_58_06_HDR0.jpg,grisMejua_2025_01_27__21_58_06_HDR0_2_Mothbot_yolo11m_4500_imgsz1600_b1_2024-01-18.pt.jpg
doi.org10.15468dl.6nxkw6.csv,Animalia,Arthropoda,Insecta,Hemiptera,,,,,809,,Hemiptera,Hemiptera,Cerro_Hoya_Expedition_Hoya_606m_grisMejua_2025-01-26,grisMejua_2025_01_27__21_59_06_HDR0_0_Mothbot_yolo11m_4500_imgsz1600_b1_2024-01-18.pt.jpg,HS,Mothbot_yolo11m_4500_imgsz1600_b1_2024-01-18.pt,0.7771627902984619,,grisMejua,Cerro_Hoya_Expedition/Hoya_606m_grisMejua_2025-01-26/2025-01-27/patches/grisMejua_2025_01_27__21_59_06_HDR0_0_Mothbot_yolo11m_4500_imgsz1600_b1_2024-01-18.pt.jpg,ORDER_Hemiptera,2025-01-27,21:59:06,,2025_01_27__21_59_06,MachineObservation,Cerro_Hoya_Expedition_Hoya_606m_grisMejua_2025-01-26_2025-01-27,Cerro_Hoya_Expedition_Hoya_606m_grisMejua_2025-01-26,grisMejua_2025_01_27__21_59_06_HDR0.jpg,grisMejua_2025_01_27__21_59_06_HDR0_0_Mothbot_yolo11m_4500_imgsz1600_b1_2024-01-18.pt.jpg
doi.org10.15468dl.6nxkw6.csv,Animalia,Arthropoda,Insecta,Lepidoptera,,,,,797,,Lepidoptera,Lepidoptera,Cerro_Hoya_Expedition_Hoya_606m_grisMejua_2025-01-26,grisMejua_2025_01_27__21_59_06_HDR0_1_Mothbot_yolo11m_4500_imgsz1600_b1_2024-01-18.pt.jpg,HS,Mothbot_yolo11m_4500_imgsz1600_b1_2024-01-18.pt,0.7126818895339966,,grisMejua,Cerro_Hoya_Expedition/Hoya_606m_grisMejua_2025-01-26/2025-01-27/patches/grisMejua_2025_01_27__21_59_06_HDR0_1_Mothbot_yolo11m_4500_imgsz1600_b1_2024-01-18.pt.jpg,ORDER_Lepidoptera,2025-01-27,21:59:06,,2025_01_27__21_59_06,MachineObservation,Cerro_Hoya_Expedition_Hoya_606m_grisMejua_2025-01-26_2025-01-27,Cerro_Hoya_Expedition_Hoya_606m_grisMejua_2025-01-26,grisMejua_2025_01_27__21_59_06_HDR0.jpg,grisMejua_2025_01_27__21_59_06_HDR0_1_Mothbot_yolo11m_4500_imgsz1600_b1_2024-01-18.pt.jpg
doi.org10.15468dl.6nxkw6.csv,Animalia,Arthropoda,Insecta,Lepidoptera,,,,,797,,Lepidoptera,Lepidoptera,Cerro_Hoya_Expedition_Hoya_606m_grisMejua_2025-01-26,grisMejua_2025_01_27__21_59_06_HDR0_2_Mothbot_yolo11m_4500_imgsz1600_b1_2024-01-18.pt.jpg,HS,Mothbot_yolo11m_4500_imgsz1600_b1_2024-01-18.pt,0.6616427302360535,,grisMejua,Cerro_Hoya_Expedition/Hoya_606m_grisMejua_2025-01-26/2025-01-27/patches/grisMejua_2025_01_27__21_59_06_HDR0_2_Mothbot_yolo11m_4500_imgsz1600_b1_2024-01-18.pt.jpg,ORDER_Lepidoptera,2025-01-27,21:59:06,,2025_01_27__21_59_06,MachineObservation,Cerro_Hoya_Expedition_Hoya_606m_grisMejua_2025-01-26_2025-01-27,Cerro_Hoya_Expedition_Hoya_606m_grisMejua_2025-01-26,grisMejua_2025_01_27__21_59_06_HDR0.jpg,grisMejua_2025_01_27__21_59_06_HDR0_2_Mothbot_yolo11m_4500_imgsz1600_b1_2024-01-18.pt.jpg
doi.org10.15468dl.6nxkw6.csv,Animalia,Arthropoda,Insecta,Coleoptera,,,,,1470,,Coleoptera,Coleoptera,Cerro_Hoya_Expedition_Hoya_606m_grisMejua_2025-01-26,grisMejua_2025_01_27__21_59_06_HDR0_3_Mothbot_yolo11m_4500_imgsz1600_b1_2024-01-18.pt.jpg,HS,Mothbot_yolo11m_4500_imgsz1600_b1_2024-01-18.pt,0.4049472212791443,,grisMejua,Cerro_Hoya_Expedition/Hoya_606m_grisMejua_2025-01-26/2025-01-27/patches/grisMejua_2025_01_27__21_59_06_HDR0_3_Mothbot_yolo11m_4500_imgsz1600_b1_2024-01-18.pt.jpg,ORDER_Diptera,2025-01-27,21:59:06,,2025_01_27__21_59_06,MachineObservation,Cerro_Hoya_Expedition_Hoya_606m_grisMejua_2025-01-26_2025-01-27,Cerro_Hoya_Expedition_Hoya_606m_grisMejua_2025-01-26,grisMejua_2025_01_27__21_59_06_HDR0.jpg,grisMejua_2025_01_27__21_59_06_HDR0_3_Mothbot_yolo11m_4500_imgsz1600_b1_2024-01-18.pt.jpg
doi.org10.15468dl.6nxkw6.csv,Animalia,Arthropoda,Insecta,Coleoptera,,,,,1470,,Coleoptera,Coleoptera,Cerro_Hoya_Expedition_Hoya_606m_grisMejua_2025-01-26,grisMejua_2025_01_27__21_59_06_HDR0_4_Mothbot_yolo11m_4500_imgsz1600_b1_2024-01-18.pt.jpg,HS,Mothbot_yolo11m_4500_imgsz1600_b1_2024-01-18.pt,0.29012513160705566,,grisMejua,Cerro_Hoya_Expedition/Hoya_606m_grisMejua_2025-01-26/2025-01-27/patches/grisMejua_2025_01_27__21_59_06_HDR0_4_Mothbot_yolo11m_4500_imgsz1600_b1_2024-01-18.pt.jpg,ORDER_Psocodea,2025-01-27,21:59:06,,2025_01_27__21_59_06,MachineObservation,Cerro_Hoya_Expedition_Hoya_606m_grisMejua_2025-01-26_2025-01-27,Cerro_Hoya_Expedition_Hoya_606m_grisMejua_2025-01-26,grisMejua_2025_01_27__21_59_06_HDR0.jpg,grisMejua_2025_01_27__21_59_06_HDR0_4_Mothbot_yolo11m_4500_imgsz1600_b1_2024-01-18.pt.jpg
doi.org10.15468dl.6nxkw6.csv,Animalia,Arthropoda,Insecta,Hemiptera,,,,,809,,Hemiptera,Hemiptera,Cerro_Hoya_Expedition_Hoya_606m_grisMejua_2025-01-26,grisMejua_2025_01_27__23_09_05_HDR0_0_Mothbot_yolo11m_4500_imgsz1600_b1_2024-01-18.pt.jpg,HS,Mothbot_yolo11m_4500_imgsz1600_b1_2024-01-18.pt,0.7770142555236816,,grisMejua,Cerro_Hoya_Expedition/Hoya_606m_grisMejua_2025-01-26/2025-01-27/patches/grisMejua_2025_01_27__23_09_05_HDR0_0_Mothbot_yolo11m_4500_imgsz1600_b1_2024-01-18.pt.jpg,ORDER_Hemiptera,2025-01-27,23:09:05,,2025_01_27__23_09_05,MachineObservation,Cerro_Hoya_Expedition_Hoya_606m_grisMejua_2025-01-26_2025-01-27,Cerro_Hoya_Expedition_Hoya_606m_grisMejua_2025-01-26,grisMejua_2025_01_27__23_09_05_HDR0.jpg,grisMejua_2025_01_27__23_09_05_HDR0_0_Mothbot_yolo11m_4500_imgsz1600_b1_2024-01-18.pt.jpg
doi.org10.15468dl.6nxkw6.csv,Animalia,Arthropoda,Insecta,Diptera,,,,,811,,Diptera,Diptera,Cerro_Hoya_Expedition_Hoya_606m_grisMejua_2025-01-26,grisMejua_2025_01_27__23_09_05_HDR0_1_Mothbot_yolo11m_4500_imgsz1600_b1_2024-01-18.pt.jpg,HS,Mothbot_yolo11m_4500_imgsz1600_b1_2024-01-18.pt,0.7681486010551453,,grisMejua,Cerro_Hoya_Expedition/Hoya_606m_grisMejua_2025-01-26/2025-01-27/patches/grisMejua_2025_01_27__23_09_05_HDR0_1_Mothbot_yolo11m_4500_imgsz1600_b1_2024-01-18.pt.jpg,ORDER_Diptera,2025-01-27,23:09:05,,2025_01_27__23_09_05,MachineObservation,Cerro_Hoya_Expedition_Hoya_606m_grisMejua_2025-01-26_2025-01-27,Cerro_Hoya_Expedition_Hoya_606m_grisMejua_2025-01-26,grisMejua_2025_01_27__23_09_05_HDR0.jpg,grisMejua_2025_01_27__23_09_05_HDR0_1_Mothbot_yolo11m_4500_imgsz1600_b1_2024-01-18.pt.jpg
doi.org10.15468dl.6nxkw6.csv,Animalia,Arthropoda,Insecta,Diptera,,,,,811,,Diptera,Diptera,Cerro_Hoya_Expedition_Hoya_606m_grisMejua_2025-01-26,grisMejua_2025_01_27__23_10_05_HDR0_0_Mothbot_yolo11m_4500_imgsz1600_b1_2024-01-18.pt.jpg,HS,Mothbot_yolo11m_4500_imgsz1600_b1_2024-01-18.pt,0.7952587008476257,,grisMejua,Cerro_Hoya_Expedition/Hoya_606m_grisMejua_2025-01-26/2025-01-27/patches/grisMejua_2025_01_27__23_10_05_HDR0_0_Mothbot_yolo11m_4500_imgsz1600_b1_2024-01-18.pt.jpg,ORDER_Hemiptera,2025-01-27,23:10:05,,2025_01_27__23_10_05,MachineObservation,Cerro_Hoya_Expedition_Hoya_606m_grisMejua_2025-01-26_2025-01-27,Cerro_Hoya_Expedition_Hoya_606m_grisMejua_2025-01-26,grisMejua_2025_01_27__23_10_05_HDR0.jpg,grisMejua_2025_01_27__23_10_05_HDR0_0_Mothbot_yolo11m_4500_imgsz1600_b1_2024-01-18.pt.jpg
doi.org10.15468dl.6nxkw6.csv,Animalia,Arthropoda,Insecta,Diptera,,,,,811,,Diptera,Diptera,Cerro_Hoya_Expedition_Hoya_606m_grisMejua_2025-01-26,grisMejua_2025_01_27__23_10_05_HDR0_1_Mothbot_yolo11m_4500_imgsz1600_b1_2024-01-18.pt.jpg,HS,Mothbot_yolo11m_4500_imgsz1600_b1_2024-01-18.pt,0.3487744629383087,,grisMejua,Cerro_Hoya_Expedition/Hoya_606m_grisMejua_2025-01-26/2025-01-27/patches/grisMejua_2025_01_27__23_10_05_HDR0_1_Mothbot_yolo11m_4500_imgsz1600_b1_2024-01-18.pt.jpg,ORDER_Diptera,2025-01-27,23:10:05,,2025_01_27__23_10_05,MachineObservation,Cerro_Hoya_Expedition_Hoya_606m_grisMejua_2025-01-26_2025-01-27,Cerro_Hoya_Expedition_Hoya_606m_grisMejua_2025-01-26,grisMejua_2025_01_27__23_10_05_HDR0.jpg,grisMejua_2025_01_27__23_10_05_HDR0_1_Mothbot_yolo11m_4500_imgsz1600_b1_2024-01-18.pt.jpg
doi.org10.15468dl.6nxkw6.csv,Animalia,Arthropoda,Insecta,,,,,,216,,Insecta,Insecta,Cerro_Hoya_Expedition_Hoya_606m_grisMejua_2025-01-26,grisMejua_2025_01_27__23_10_05_HDR0_2_Mothbot_yolo11m_4500_imgsz1600_b1_2024-01-18.pt.jpg,HS,Mothbot_yolo11m_4500_imgsz1600_b1_2024-01-18.pt,0.2573380768299103,,grisMejua,Cerro_Hoya_Expedition/Hoya_606m_grisMejua_2025-01-26/2025-01-27/patches/grisMejua_2025_01_27__23_10_05_HDR0_2_Mothbot_yolo11m_4500_imgsz1600_b1_2024-01-18.pt.jpg,ORDER_Diptera,2025-01-27,23:10:05,,2025_01_27__23_10_05,MachineObservation,Cerro_Hoya_Expedition_Hoya_606m_grisMejua_2025-01-26_2025-01-27,Cerro_Hoya_Expedition_Hoya_606m_grisMejua_2025-01-26,grisMejua_2025_01_27__23_10_05_HDR0.jpg,grisMejua_2025_01_27__23_10_05_HDR0_2_Mothbot_yolo11m_4500_imgsz1600_b1_2024-01-18.pt.jpg
doi.org10.15468dl.6nxkw6.csv,Animalia,Arthropoda,Insecta,,,,,,216,,Insecta,Insecta,Cerro_Hoya_Expedition_Hoya_606m_grisMejua_2025-01-26,grisMejua_2025_01_27__23_11_06_HDR0_0_Mothbot_yolo11m_4500_imgsz1600_b1_2024-01-18.pt.jpg,HS,Mothbot_yolo11m_4500_imgsz1600_b1_2024-01-18.pt,0.2544534206390381,,grisMejua,Cerro_Hoya_Expedition/Hoya_606m_grisMejua_2025-01-26/2025-01-27/patches/grisMejua_2025_01_27__23_11_06_HDR0_0_Mothbot_yolo11m_4500_imgsz1600_b1_2024-01-18.pt.jpg,ORDER_Diptera,2025-01-27,23:11:06,,2025_01_27__23_11_06,MachineObservation,Cerro_Hoya_Expedition_Hoya_606m_grisMejua_2025-01-26_2025-01-27,Cerro_Hoya_Expedition_Hoya_606m_grisMejua_2025-01-26,grisMejua_2025_01_27__23_11_06_HDR0.jpg,grisMejua_2025_01_27__23_11_06_HDR0_0_Mothbot_yolo11m_4500_imgsz1600_b1_2024-01-18.pt.jpg
doi.org10.15468dl.6nxkw6.csv,Animalia,Arthropoda,Insecta,Diptera,,,,,811,,Diptera,Diptera,Cerro_Hoya_Expedition_Hoya_606m_grisMejua_2025-01-26,grisMejua_2025_01_27__23_12_06_HDR0_0_Mothbot_yolo11m_4500_imgsz1600_b1_2024-01-18.pt.jpg,HS,Mothbot_yolo11m_4500_imgsz1600_b1_2024-01-18.pt,0.7293105125427246,,grisMejua,Cerro_Hoya_Expedition/Hoya_606m_grisMejua_2025-01-26/2025-01-27/patches/grisMejua_2025_01_27__23_12_06_HDR0_0_Mothbot_yolo11m_4500_imgsz1600_b1_2024-01-18.pt.jpg,ORDER_Diptera,2025-01-27,23:12:06,,2025_01_27__23_12_06,MachineObservation,Cerro_Hoya_Expedition_Hoya_606m_grisMejua_2025-01-26_2025-01-27,Cerro_Hoya_Expedition_Hoya_606m_grisMejua_2025-01-26,grisMejua_2025_01_27__23_12_06_HDR0.jpg,grisMejua_2025_01_27__23_12_06_HDR0_0_Mothbot_yolo11m_4500_imgsz1600_b1_2024-01-18.pt.jpg
doi.org10.15468dl.6nxkw6.csv,Animalia,Arthropoda,Insecta,Diptera,,,,,811,,Diptera,Diptera,Cerro_Hoya_Expedition_Hoya_606m_grisMejua_2025-01-26,grisMejua_2025_01_27__23_12_06_HDR0_1_Mothbot_yolo11m_4500_imgsz1600_b1_2024-01-18.pt.jpg,HS,Mothbot_yolo11m_4500_imgsz1600_b1_2024-01-18.pt,0.2770414650440216,,grisMejua,Cerro_Hoya_Expedition/Hoya_606m_grisMejua_2025-01-26/2025-01-27/patches/grisMejua_2025_01_27__23_12_06_HDR0_1_Mothbot_yolo11m_4500_imgsz1600_b1_2024-01-18.pt.jpg,ORDER_Diptera,2025-01-27,23:12:06,,2025_01_27__23_12_06,MachineObservation,Cerro_Hoya_Expedition_Hoya_606m_grisMejua_2025-01-26_2025-01-27,Cerro_Hoya_Expedition_Hoya_606m_grisMejua_2025-01-26,grisMejua_2025_01_27__23_12_06_HDR0.jpg,grisMejua_2025_01_27__23_12_06_HDR0_1_Mothbot_yolo11m_4500_imgsz1600_b1_2024-01-18.pt.jpg
doi.org10.15468dl.6nxkw6.csv,Animalia,Arthropoda,Insecta,Diptera,,,,,811,,Diptera,Diptera,Cerro_Hoya_Expedition_Hoya_606m_grisMejua_2025-01-26,grisMejua_2025_01_27__23_14_06_HDR0_0_Mothbot_yolo11m_4500_imgsz1600_b1_2024-01-18.pt.jpg,HS,Mothbot_yolo11m_4500_imgsz1600_b1_2024-01-18.pt,0.7784796357154846,,grisMejua,Cerro_Hoya_Expedition/Hoya_606m_grisMejua_2025-01-26/2025-01-27/patches/grisMejua_2025_01_27__23_14_06_HDR0_0_Mothbot_yolo11m_4500_imgsz1600_b1_2024-01-18.pt.jpg,ORDER_Hymenoptera,2025-01-27,23:14:06,,2025_01_27__23_14_06,MachineObservation,Cerro_Hoya_Expedition_Hoya_606m_grisMejua_2025-01-26_2025-01-27,Cerro_Hoya_Expedition_Hoya_606m_grisMejua_2025-01-26,grisMejua_2025_01_27__23_14_06_HDR0.jpg,grisMejua_2025_01_27__23_14_06_HDR0_0_Mothbot_yolo11m_4500_imgsz1600_b1_2024-01-18.pt.jpg
doi.org10.15468dl.6nxkw6.csv,Animalia,Arthropoda,Insecta,Coleoptera,,,,,1470,,Coleoptera,Coleoptera,Cerro_Hoya_Expedition_Hoya_606m_grisMejua_2025-01-26,grisMejua_2025_01_27__23_15_22_HDR0_0_Mothbot_yolo11m_4500_imgsz1600_b1_2024-01-18.pt.jpg,HS,Mothbot_yolo11m_4500_imgsz1600_b1_2024-01-18.pt,0.8422155380249023,,grisMejua,Cerro_Hoya_Expedition/Hoya_606m_grisMejua_2025-01-26/2025-01-27/patches/grisMejua_2025_01_27__23_15_22_HDR0_0_Mothbot_yolo11m_4500_imgsz1600_b1_2024-01-18.pt.jpg,ORDER_Coleoptera,2025-01-27,23:15:22,,2025_01_27__23_15_22,MachineObservation,Cerro_Hoya_Expedition_Hoya_606m_grisMejua_2025-01-26_2025-01-27,Cerro_Hoya_Expedition_Hoya_606m_grisMejua_2025-01-26,grisMejua_2025_01_27__23_15_22_HDR0.jpg,grisMejua_2025_01_27__23_15_22_HDR0_0_Mothbot_yolo11m_4500_imgsz1600_b1_2024-01-18.pt.jpg
doi.org10.15468dl.6nxkw6.csv,Animalia,Arthropoda,Insecta,Diptera,,,,,811,,Diptera,Diptera,Cerro_Hoya_Expedition_Hoya_606m_grisMejua_2025-01-26,grisMejua_2025_01_27__23_15_22_HDR0_1_Mothbot_yolo11m_4500_imgsz1600_b1_2024-01-18.pt.jpg,HS,Mothbot_yolo11m_4500_imgsz1600_b1_2024-01-18.pt,0.35957375168800354,,grisMejua,Cerro_Hoya_Expedition/Hoya_606m_grisMejua_2025-01-26/2025-01-27/patches/grisMejua_2025_01_27__23_15_22_HDR0_1_Mothbot_yolo11m_4500_imgsz1600_b1_2024-01-18.pt.jpg,ORDER_Diptera,2025-01-27,23:15:22,,2025_01_27__23_15_22,MachineObservation,Cerro_Hoya_Expedition_Hoya_606m_grisMejua_2025-01-26_2025-01-27,Cerro_Hoya_Expedition_Hoya_606m_grisMejua_2025-01-26,grisMejua_2025_01_27__23_15_22_HDR0.jpg,grisMejua_2025_01_27__23_15_22_HDR0_1_Mothbot_yolo11m_4500_imgsz1600_b1_2024-01-18.pt.jpg
doi.org10.15468dl.6nxkw6.csv,Animalia,Arthropoda,Insecta,Coleoptera,,,,,1470,,Coleoptera,Coleoptera,Cerro_Hoya_Expedition_Hoya_606m_grisMejua_2025-01-26,grisMejua_2025_01_27__23_16_06_HDR0_0_Mothbot_yolo11m_4500_imgsz1600_b1_2024-01-18.pt.jpg,HS,Mothbot_yolo11m_4500_imgsz1600_b1_2024-01-18.pt,0.855137825012207,,grisMejua,Cerro_Hoya_Expedition/Hoya_606m_grisMejua_2025-01-26/2025-01-27/patches/grisMejua_2025_01_27__23_16_06_HDR0_0_Mothbot_yolo11m_4500_imgsz1600_b1_2024-01-18.pt.jpg,ORDER_Coleoptera,2025-01-27,23:16:06,,2025_01_27__23_16_06,MachineObservation,Cerro_Hoya_Expedition_Hoya_606m_grisMejua_2025-01-26_2025-01-27,Cerro_Hoya_Expedition_Hoya_606m_grisMejua_2025-01-26,grisMejua_2025_01_27__23_16_06_HDR0.jpg,grisMejua_2025_01_27__23_16_06_HDR0_0_Mothbot_yolo11m_4500_imgsz1600_b1_2024-01-18.pt.jpg
doi.org10.15468dl.6nxkw6.csv,Animalia,Arthropoda,Insecta,Diptera,,,,,811,,Diptera,Diptera,Cerro_Hoya_Expedition_Hoya_606m_grisMejua_2025-01-26,grisMejua_2025_01_27__23_16_06_HDR0_1_Mothbot_yolo11m_4500_imgsz1600_b1_2024-01-18.pt.jpg,HS,Mothbot_yolo11m_4500_imgsz1600_b1_2024-01-18.pt,0.7557320594787598,,grisMejua,Cerro_Hoya_Expedition/Hoya_606m_grisMejua_2025-01-26/2025-01-27/patches/grisMejua_2025_01_27__23_16_06_HDR0_1_Mothbot_yolo11m_4500_imgsz1600_b1_2024-01-18.pt.jpg,ORDER_Hemiptera,2025-01-27,23:16:06,,2025_01_27__23_16_06,MachineObservation,Cerro_Hoya_Expedition_Hoya_606m_grisMejua_2025-01-26_2025-01-27,Cerro_Hoya_Expedition_Hoya_606m_grisMejua_2025-01-26,grisMejua_2025_01_27__23_16_06_HDR0.jpg,grisMejua_2025_01_27__23_16_06_HDR0_1_Mothbot_yolo11m_4500_imgsz1600_b1_2024-01-18.pt.jpg
doi.org10.15468dl.6nxkw6.csv,Animalia,Arthropoda,Insecta,Lepidoptera,,,,,797,,Lepidoptera,Lepidoptera,Cerro_Hoya_Expedition_Hoya_606m_grisMejua_2025-01-26,grisMejua_2025_01_27__23_17_06_HDR0_0_Mothbot_yolo11m_4500_imgsz1600_b1_2024-01-18.pt.jpg,HS,Mothbot_yolo11m_4500_imgsz1600_b1_2024-01-18.pt,0.3478409945964813,,grisMejua,Cerro_Hoya_Expedition/Hoya_606m_grisMejua_2025-01-26/2025-01-27/patches/grisMejua_2025_01_27__23_17_06_HDR0_0_Mothbot_yolo11m_4500_imgsz1600_b1_2024-01-18.pt.jpg,ORDER_Lepidoptera,2025-01-27,23:17:06,,2025_01_27__23_17_06,MachineObservation,Cerro_Hoya_Expedition_Hoya_606m_grisMejua_2025-01-26_2025-01-27,Cerro_Hoya_Expedition_Hoya_606m_grisMejua_2025-01-26,grisMejua_2025_01_27__23_17_06_HDR0.jpg,grisMejua_2025_01_27__23_17_06_HDR0_0_Mothbot_yolo11m_4500_imgsz1600_b1_2024-01-18.pt.jpg
doi.org10.15468dl.6nxkw6.csv,Animalia,Arthropoda,Insecta,Diptera,,,,,811,,Diptera,Diptera,Cerro_Hoya_Expedition_Hoya_606m_grisMejua_2025-01-26,grisMejua_2025_01_27__23_18_05_HDR0_0_Mothbot_yolo11m_4500_imgsz1600_b1_2024-01-18.pt.jpg,HS,Mothbot_yolo11m_4500_imgsz1600_b1_2024-01-18.pt,0.6236393451690674,,grisMejua,Cerro_Hoya_Expedition/Hoya_606m_grisMejua_2025-01-26/2025-01-27/patches/grisMejua_2025_01_27__23_18_05_HDR0_0_Mothbot_yolo11m_4500_imgsz1600_b1_2024-01-18.pt.jpg,ORDER_Diptera,2025-01-27,23:18:05,,2025_01_27__23_18_05,MachineObservation,Cerro_Hoya_Expedition_Hoya_606m_grisMejua_2025-01-26_2025-01-27,Cerro_Hoya_Expedition_Hoya_606m_grisMejua_2025-01-26,grisMejua_2025_01_27__23_18_05_HDR0.jpg,grisMejua_2025_01_27__23_18_05_HDR0_0_Mothbot_yolo11m_4500_imgsz1600_b1_2024-01-18.pt.jpg
doi.org10.15468dl.6nxkw6.csv,Animalia,Arthropoda,Insecta,Diptera,,,,,811,,Diptera,Diptera,Cerro_Hoya_Expedition_Hoya_606m_grisMejua_2025-01-26,grisMejua_2025_01_27__23_18_05_HDR0_1_Mothbot_yolo11m_4500_imgsz1600_b1_2024-01-18.pt.jpg,HS,Mothbot_yolo11m_4500_imgsz1600_b1_2024-01-18.pt,0.5959884524345398,,grisMejua,Cerro_Hoya_Expedition/Hoya_606m_grisMejua_2025-01-26/2025-01-27/patches/grisMejua_2025_01_27__23_18_05_HDR0_1_Mothbot_yolo11m_4500_imgsz1600_b1_2024-01-18.pt.jpg,ORDER_Hymenoptera,2025-01-27,23:18:05,,2025_01_27__23_18_05,MachineObservation,Cerro_Hoya_Expedition_Hoya_606m_grisMejua_2025-01-26_2025-01-27,Cerro_Hoya_Expedition_Hoya_606m_grisMejua_2025-01-26,grisMejua_2025_01_27__23_18_05_HDR0.jpg,grisMejua_2025_01_27__23_18_05_HDR0_1_Mothbot_yolo11m_4500_imgsz1600_b1_2024-01-18.pt.jpg
doi.org10.15468dl.6nxkw6.csv,Animalia,Arthropoda,Insecta,Diptera,,,,,811,,Diptera,Diptera,Cerro_Hoya_Expedition_Hoya_606m_grisMejua_2025-01-26,grisMejua_2025_01_27__23_19_05_HDR0_0_Mothbot_yolo11m_4500_imgsz1600_b1_2024-01-18.pt.jpg,HS,Mothbot_yolo11m_4500_imgsz1600_b1_2024-01-18.pt,0.7079070210456848,,grisMejua,Cerro_Hoya_Expedition/Hoya_606m_grisMejua_2025-01-26/2025-01-27/patches/grisMejua_2025_01_27__23_19_05_HDR0_0_Mothbot_yolo11m_4500_imgsz1600_b1_2024-01-18.pt.jpg,ORDER_Diptera,2025-01-27,23:19:05,,2025_01_27__23_19_05,MachineObservation,Cerro_Hoya_Expedition_Hoya_606m_grisMejua_2025-01-26_2025-01-27,Cerro_Hoya_Expedition_Hoya_606m_grisMejua_2025-01-26,grisMejua_2025_01_27__23_19_05_HDR0.jpg,grisMejua_2025_01_27__23_19_05_HDR0_0_Mothbot_yolo11m_4500_imgsz1600_b1_2024-01-18.pt.jpg
doi.org10.15468dl.6nxkw6.csv,Animalia,Arthropoda,Insecta,Lepidoptera,,,,,797,,Lepidoptera,Lepidoptera,Cerro_Hoya_Expedition_Hoya_606m_grisMejua_2025-01-26,grisMejua_2025_01_27__23_20_06_HDR0_0_Mothbot_yolo11m_4500_imgsz1600_b1_2024-01-18.pt.jpg,HS,Mothbot_yolo11m_4500_imgsz1600_b1_2024-01-18.pt,0.8084197640419006,,grisMejua,Cerro_Hoya_Expedition/Hoya_606m_grisMejua_2025-01-26/2025-01-27/patches/grisMejua_2025_01_27__23_20_06_HDR0_0_Mothbot_yolo11m_4500_imgsz1600_b1_2024-01-18.pt.jpg,ORDER_Lepidoptera,2025-01-27,23:20:06,,2025_01_27__23_20_06,MachineObservation,Cerro_Hoya_Expedition_Hoya_606m_grisMejua_2025-01-26_2025-01-27,Cerro_Hoya_Expedition_Hoya_606m_grisMejua_2025-01-26,grisMejua_2025_01_27__23_20_06_HDR0.jpg,grisMejua_2025_01_27__23_20_06_HDR0_0_Mothbot_yolo11m_4500_imgsz1600_b1_2024-01-18.pt.jpg
doi.org10.15468dl.6nxkw6.csv,Animalia,Arthropoda,Insecta,Coleoptera,,,,,1470,,Coleoptera,Coleoptera,Cerro_Hoya_Expedition_Hoya_606m_grisMejua_2025-01-26,grisMejua_2025_01_27__23_20_06_HDR0_1_Mothbot_yolo11m_4500_imgsz1600_b1_2024-01-18.pt.jpg,HS,Mothbot_yolo11m_4500_imgsz1600_b1_2024-01-18.pt,0.38905104994773865,,grisMejua,Cerro_Hoya_Expedition/Hoya_606m_grisMejua_2025-01-26/2025-01-27/patches/grisMejua_2025_01_27__23_20_06_HDR0_1_Mothbot_yolo11m_4500_imgsz1600_b1_2024-01-18.pt.jpg,ORDER_Psocodea,2025-01-27,23:20:06,,2025_01_27__23_20_06,MachineObservation,Cerro_Hoya_Expedition_Hoya_606m_grisMejua_2025-01-26_2025-01-27,Cerro_Hoya_Expedition_Hoya_606m_grisMejua_2025-01-26,grisMejua_2025_01_27__23_20_06_HDR0.jpg,grisMejua_2025_01_27__23_20_06_HDR0_1_Mothbot_yolo11m_4500_imgsz1600_b1_2024-01-18.pt.jpg
doi.org10.15468dl.6nxkw6.csv,Animalia,Arthropoda,Insecta,Lepidoptera,,,,,797,,Lepidoptera,Lepidoptera,Cerro_Hoya_Expedition_Hoya_606m_grisMejua_2025-01-26,grisMejua_2025_01_27__23_21_06_HDR0_0_Mothbot_yolo11m_4500_imgsz1600_b1_2024-01-18.pt.jpg,HS,Mothbot_yolo11m_4500_imgsz1600_b1_2024-01-18.pt,0.7957143783569336,,grisMejua,Cerro_Hoya_Expedition/Hoya_606m_grisMejua_2025-01-26/2025-01-27/patches/grisMejua_2025_01_27__23_21_06_HDR0_0_Mothbot_yolo11m_4500_imgsz1600_b1_2024-01-18.pt.jpg,ORDER_Lepidoptera,2025-01-27,23:21:06,,2025_01_27__23_21_06,MachineObservation,Cerro_Hoya_Expedition_Hoya_606m_grisMejua_2025-01-26_2025-01-27,Cerro_Hoya_Expedition_Hoya_606m_grisMejua_2025-01-26,grisMejua_2025_01_27__23_21_06_HDR0.jpg,grisMejua_2025_01_27__23_21_06_HDR0_0_Mothbot_yolo11m_4500_imgsz1600_b1_2024-01-18.pt.jpg
doi.org10.15468dl.6nxkw6.csv,Animalia,Arthropoda,Insecta,Hemiptera,,,,,809,,Hemiptera,Hemiptera,Cerro_Hoya_Expedition_Hoya_606m_grisMejua_2025-01-26,grisMejua_2025_01_27__23_21_06_HDR0_1_Mothbot_yolo11m_4500_imgsz1600_b1_2024-01-18.pt.jpg,HS,Mothbot_yolo11m_4500_imgsz1600_b1_2024-01-18.pt,0.7758306264877319,,grisMejua,Cerro_Hoya_Expedition/Hoya_606m_grisMejua_2025-01-26/2025-01-27/patches/grisMejua_2025_01_27__23_21_06_HDR0_1_Mothbot_yolo11m_4500_imgsz1600_b1_2024-01-18.pt.jpg,ORDER_Hemiptera,2025-01-27,23:21:06,,2025_01_27__23_21_06,MachineObservation,Cerro_Hoya_Expedition_Hoya_606m_grisMejua_2025-01-26_2025-01-27,Cerro_Hoya_Expedition_Hoya_606m_grisMejua_2025-01-26,grisMejua_2025_01_27__23_21_06_HDR0.jpg,grisMejua_2025_01_27__23_21_06_HDR0_1_Mothbot_yolo11m_4500_imgsz1600_b1_2024-01-18.pt.jpg
doi.org10.15468dl.6nxkw6.csv,Animalia,Arthropoda,Insecta,,,,,,216,,Insecta,Insecta,Cerro_Hoya_Expedition_Hoya_606m_grisMejua_2025-01-26,grisMejua_2025_01_27__23_21_06_HDR0_2_Mothbot_yolo11m_4500_imgsz1600_b1_2024-01-18.pt.jpg,HS,Mothbot_yolo11m_4500_imgsz1600_b1_2024-01-18.pt,0.6112455725669861,,grisMejua,Cerro_Hoya_Expedition/Hoya_606m_grisMejua_2025-01-26/2025-01-27/patches/grisMejua_2025_01_27__23_21_06_HDR0_2_Mothbot_yolo11m_4500_imgsz1600_b1_2024-01-18.pt.jpg,ORDER_Hymenoptera,2025-01-27,23:21:06,,2025_01_27__23_21_06,MachineObservation,Cerro_Hoya_Expedition_Hoya_606m_grisMejua_2025-01-26_2025-01-27,Cerro_Hoya_Expedition_Hoya_606m_grisMejua_2025-01-26,grisMejua_2025_01_27__23_21_06_HDR0.jpg,grisMejua_2025_01_27__23_21_06_HDR0_2_Mothbot_yolo11m_4500_imgsz1600_b1_2024-01-18.pt.jpg
doi.org10.15468dl.6nxkw6.csv,Animalia,Arthropoda,Insecta,Coleoptera,,,,,1470,,Coleoptera,Coleoptera,Cerro_Hoya_Expedition_Hoya_606m_grisMejua_2025-01-26,grisMejua_2025_01_27__23_21_06_HDR0_3_Mothbot_yolo11m_4500_imgsz1600_b1_2024-01-18.pt.jpg,HS,Mothbot_yolo11m_4500_imgsz1600_b1_2024-01-18.pt,0.2897980213165283,,grisMejua,Cerro_Hoya_Expedition/Hoya_606m_grisMejua_2025-01-26/2025-01-27/patches/grisMejua_2025_01_27__23_21_06_HDR0_3_Mothbot_yolo11m_4500_imgsz1600_b1_2024-01-18.pt.jpg,ORDER_Coleoptera,2025-01-27,23:21:06,,2025_01_27__23_21_06,MachineObservation,Cerro_Hoya_Expedition_Hoya_606m_grisMejua_2025-01-26_2025-01-27,Cerro_Hoya_Expedition_Hoya_606m_grisMejua_2025-01-26,grisMejua_2025_01_27__23_21_06_HDR0.jpg,grisMejua_2025_01_27__23_21_06_HDR0_3_Mothbot_yolo11m_4500_imgsz1600_b1_2024-01-18.pt.jpg
doi.org10.15468dl.6nxkw6.csv,Animalia,Arthropoda,Insecta,Hemiptera,,,,,809,,Hemiptera,Hemiptera,Cerro_Hoya_Expedition_Hoya_606m_grisMejua_2025-01-26,grisMejua_2025_01_27__23_22_22_HDR0_0_Mothbot_yolo11m_4500_imgsz1600_b1_2024-01-18.pt.jpg,HS,Mothbot_yolo11m_4500_imgsz1600_b1_2024-01-18.pt,0.8161963224411011,,grisMejua,Cerro_Hoya_Expedition/Hoya_606m_grisMejua_2025-01-26/2025-01-27/patches/grisMejua_2025_01_27__23_22_22_HDR0_0_Mothbot_yolo11m_4500_imgsz1600_b1_2024-01-18.pt.jpg,ORDER_Hemiptera,2025-01-27,23:22:22,,2025_01_27__23_22_22,MachineObservation,Cerro_Hoya_Expedition_Hoya_606m_grisMejua_2025-01-26_2025-01-27,Cerro_Hoya_Expedition_Hoya_606m_grisMejua_2025-01-26,grisMejua_2025_01_27__23_22_22_HDR0.jpg,grisMejua_2025_01_27__23_22_22_HDR0_0_Mothbot_yolo11m_4500_imgsz1600_b1_2024-01-18.pt.jpg
doi.org10.15468dl.6nxkw6.csv,Animalia,Arthropoda,Insecta,Lepidoptera,,,,,797,,Lepidoptera,Lepidoptera,Cerro_Hoya_Expedition_Hoya_606m_grisMejua_2025-01-26,grisMejua_2025_01_27__23_22_22_HDR0_1_Mothbot_yolo11m_4500_imgsz1600_b1_2024-01-18.pt.jpg,HS,Mothbot_yolo11m_4500_imgsz1600_b1_2024-01-18.pt,0.8014676570892334,,grisMejua,Cerro_Hoya_Expedition/Hoya_606m_grisMejua_2025-01-26/2025-01-27/patches/grisMejua_2025_01_27__23_22_22_HDR0_1_Mothbot_yolo11m_4500_imgsz1600_b1_2024-01-18.pt.jpg,ORDER_Lepidoptera,2025-01-27,23:22:22,,2025_01_27__23_22_22,MachineObservation,Cerro_Hoya_Expedition_Hoya_606m_grisMejua_2025-01-26_2025-01-27,Cerro_Hoya_Expedition_Hoya_606m_grisMejua_2025-01-26,grisMejua_2025_01_27__23_22_22_HDR0.jpg,grisMejua_2025_01_27__23_22_22_HDR0_1_Mothbot_yolo11m_4500_imgsz1600_b1_2024-01-18.pt.jpg
doi.org10.15468dl.6nxkw6.csv,Animalia,Arthropoda,Insecta,,,,,,216,,Insecta,Insecta,Cerro_Hoya_Expedition_Hoya_606m_grisMejua_2025-01-26,grisMejua_2025_01_27__23_22_22_HDR0_2_Mothbot_yolo11m_4500_imgsz1600_b1_2024-01-18.pt.jpg,HS,Mothbot_yolo11m_4500_imgsz1600_b1_2024-01-18.pt,0.5515140295028687,,grisMejua,Cerro_Hoya_Expedition/Hoya_606m_grisMejua_2025-01-26/2025-01-27/patches/grisMejua_2025_01_27__23_22_22_HDR0_2_Mothbot_yolo11m_4500_imgsz1600_b1_2024-01-18.pt.jpg,ORDER_Coleoptera,2025-01-27,23:22:22,,2025_01_27__23_22_22,MachineObservation,Cerro_Hoya_Expedition_Hoya_606m_grisMejua_2025-01-26_2025-01-27,Cerro_Hoya_Expedition_Hoya_606m_grisMejua_2025-01-26,grisMejua_2025_01_27__23_22_22_HDR0.jpg,grisMejua_2025_01_27__23_22_22_HDR0_2_Mothbot_yolo11m_4500_imgsz1600_b1_2024-01-18.pt.jpg
doi.org10.15468dl.6nxkw6.csv,Animalia,Arthropoda,Insecta,Coleoptera,,,,,1470,,Coleoptera,Coleoptera,Cerro_Hoya_Expedition_Hoya_606m_grisMejua_2025-01-26,grisMejua_2025_01_27__23_22_22_HDR0_3_Mothbot_yolo11m_4500_imgsz1600_b1_2024-01-18.pt.jpg,HS,Mothbot_yolo11m_4500_imgsz1600_b1_2024-01-18.pt,0.3454049527645111,,grisMejua,Cerro_Hoya_Expedition/Hoya_606m_grisMejua_2025-01-26/2025-01-27/patches/grisMejua_2025_01_27__23_22_22_HDR0_3_Mothbot_yolo11m_4500_imgsz1600_b1_2024-01-18.pt.jpg,ORDER_Coleoptera,2025-01-27,23:22:22,,2025_01_27__23_22_22,MachineObservation,Cerro_Hoya_Expedition_Hoya_606m_grisMejua_2025-01-26_2025-01-27,Cerro_Hoya_Expedition_Hoya_606m_grisMejua_2025-01-26,grisMejua_2025_01_27__23_22_22_HDR0.jpg,grisMejua_2025_01_27__23_22_22_HDR0_3_Mothbot_yolo11m_4500_imgsz1600_b1_2024-01-18.pt.jpg
doi.org10.15468dl.6nxkw6.csv,Animalia,Arthropoda,Insecta,Hemiptera,,,,,809,,Hemiptera,Hemiptera,Cerro_Hoya_Expedition_Hoya_606m_grisMejua_2025-01-26,grisMejua_2025_01_27__23_23_06_HDR0_0_Mothbot_yolo11m_4500_imgsz1600_b1_2024-01-18.pt.jpg,HS,Mothbot_yolo11m_4500_imgsz1600_b1_2024-01-18.pt,0.7372536659240723,,grisMejua,Cerro_Hoya_Expedition/Hoya_606m_grisMejua_2025-01-26/2025-01-27/patches/grisMejua_2025_01_27__23_23_06_HDR0_0_Mothbot_yolo11m_4500_imgsz1600_b1_2024-01-18.pt.jpg,ORDER_Hemiptera,2025-01-27,23:23:06,,2025_01_27__23_23_06,MachineObservation,Cerro_Hoya_Expedition_Hoya_606m_grisMejua_2025-01-26_2025-01-27,Cerro_Hoya_Expedition_Hoya_606m_grisMejua_2025-01-26,grisMejua_2025_01_27__23_23_06_HDR0.jpg,grisMejua_2025_01_27__23_23_06_HDR0_0_Mothbot_yolo11m_4500_imgsz1600_b1_2024-01-18.pt.jpg
doi.org10.15468dl.6nxkw6.csv,Animalia,Arthropoda,Insecta,Coleoptera,,,,,1470,,Coleoptera,Coleoptera,Cerro_Hoya_Expedition_Hoya_606m_grisMejua_2025-01-26,grisMejua_2025_01_27__23_23_06_HDR0_1_Mothbot_yolo11m_4500_imgsz1600_b1_2024-01-18.pt.jpg,HS,Mothbot_yolo11m_4500_imgsz1600_b1_2024-01-18.pt,0.4517807960510254,,grisMejua,Cerro_Hoya_Expedition/Hoya_606m_grisMejua_2025-01-26/2025-01-27/patches/grisMejua_2025_01_27__23_23_06_HDR0_1_Mothbot_yolo11m_4500_imgsz1600_b1_2024-01-18.pt.jpg,ORDER_Hemiptera,2025-01-27,23:23:06,,2025_01_27__23_23_06,MachineObservation,Cerro_Hoya_Expedition_Hoya_606m_grisMejua_2025-01-26_2025-01-27,Cerro_Hoya_Expedition_Hoya_606m_grisMejua_2025-01-26,grisMejua_2025_01_27__23_23_06_HDR0.jpg,grisMejua_2025_01_27__23_23_06_HDR0_1_Mothbot_yolo11m_4500_imgsz1600_b1_2024-01-18.pt.jpg
doi.org10.15468dl.6nxkw6.csv,Animalia,Arthropoda,Insecta,Lepidoptera,,,,,797,,Lepidoptera,Lepidoptera,Cerro_Hoya_Expedition_Hoya_606m_grisMejua_2025-01-26,grisMejua_2025_01_27__23_23_06_HDR0_2_Mothbot_yolo11m_4500_imgsz1600_b1_2024-01-18.pt.jpg,HS,Mothbot_yolo11m_4500_imgsz1600_b1_2024-01-18.pt,0.2975044250488281,,grisMejua,Cerro_Hoya_Expedition/Hoya_606m_grisMejua_2025-01-26/2025-01-27/patches/grisMejua_2025_01_27__23_23_06_HDR0_2_Mothbot_yolo11m_4500_imgsz1600_b1_2024-01-18.pt.jpg,ORDER_Lepidoptera,2025-01-27,23:23:06,,2025_01_27__23_23_06,MachineObservation,Cerro_Hoya_Expedition_Hoya_606m_grisMejua_2025-01-26_2025-01-27,Cerro_Hoya_Expedition_Hoya_606m_grisMejua_2025-01-26,grisMejua_2025_01_27__23_23_06_HDR0.jpg,grisMejua_2025_01_27__23_23_06_HDR0_2_Mothbot_yolo11m_4500_imgsz1600_b1_2024-01-18.pt.jpg
doi.org10.15468dl.6nxkw6.csv,Animalia,Arthropoda,Insecta,Hemiptera,,,,,809,,Hemiptera,Hemiptera,Cerro_Hoya_Expedition_Hoya_606m_grisMejua_2025-01-26,grisMejua_2025_01_27__23_24_06_HDR0_0_Mothbot_yolo11m_4500_imgsz1600_b1_2024-01-18.pt.jpg,HS,Mothbot_yolo11m_4500_imgsz1600_b1_2024-01-18.pt,0.8154543042182922,,grisMejua,Cerro_Hoya_Expedition/Hoya_606m_grisMejua_2025-01-26/2025-01-27/patches/grisMejua_2025_01_27__23_24_06_HDR0_0_Mothbot_yolo11m_4500_imgsz1600_b1_2024-01-18.pt.jpg,ORDER_Hemiptera,2025-01-27,23:24:06,,2025_01_27__23_24_06,MachineObservation,Cerro_Hoya_Expedition_Hoya_606m_grisMejua_2025-01-26_2025-01-27,Cerro_Hoya_Expedition_Hoya_606m_grisMejua_2025-01-26,grisMejua_2025_01_27__23_24_06_HDR0.jpg,grisMejua_2025_01_27__23_24_06_HDR0_0_Mothbot_yolo11m_4500_imgsz1600_b1_2024-01-18.pt.jpg
doi.org10.15468dl.6nxkw6.csv,Animalia,Arthropoda,Insecta,Diptera,,,,,811,,Diptera,Diptera,Cerro_Hoya_Expedition_Hoya_606m_grisMejua_2025-01-26,grisMejua_2025_01_27__23_24_06_HDR0_1_Mothbot_yolo11m_4500_imgsz1600_b1_2024-01-18.pt.jpg,HS,Mothbot_yolo11m_4500_imgsz1600_b1_2024-01-18.pt,0.7392544150352478,,grisMejua,Cerro_Hoya_Expedition/Hoya_606m_grisMejua_2025-01-26/2025-01-27/patches/grisMejua_2025_01_27__23_24_06_HDR0_1_Mothbot_yolo11m_4500_imgsz1600_b1_2024-01-18.pt.jpg,ORDER_Diptera,2025-01-27,23:24:06,,2025_01_27__23_24_06,MachineObservation,Cerro_Hoya_Expedition_Hoya_606m_grisMejua_2025-01-26_2025-01-27,Cerro_Hoya_Expedition_Hoya_606m_grisMejua_2025-01-26,grisMejua_2025_01_27__23_24_06_HDR0.jpg,grisMejua_2025_01_27__23_24_06_HDR0_1_Mothbot_yolo11m_4500_imgsz1600_b1_2024-01-18.pt.jpg
doi.org10.15468dl.6nxkw6.csv,Animalia,Arthropoda,Insecta,Diptera,,,,,811,,Diptera,Diptera,Cerro_Hoya_Expedition_Hoya_606m_grisMejua_2025-01-26,grisMejua_2025_01_27__23_24_06_HDR0_2_Mothbot_yolo11m_4500_imgsz1600_b1_2024-01-18.pt.jpg,HS,Mothbot_yolo11m_4500_imgsz1600_b1_2024-01-18.pt,0.3804088830947876,,grisMejua,Cerro_Hoya_Expedition/Hoya_606m_grisMejua_2025-01-26/2025-01-27/patches/grisMejua_2025_01_27__23_24_06_HDR0_2_Mothbot_yolo11m_4500_imgsz1600_b1_2024-01-18.pt.jpg,ORDER_Psocodea,2025-01-27,23:24:06,,2025_01_27__23_24_06,MachineObservation,Cerro_Hoya_Expedition_Hoya_606m_grisMejua_2025-01-26_2025-01-27,Cerro_Hoya_Expedition_Hoya_606m_grisMejua_2025-01-26,grisMejua_2025_01_27__23_24_06_HDR0.jpg,grisMejua_2025_01_27__23_24_06_HDR0_2_Mothbot_yolo11m_4500_imgsz1600_b1_2024-01-18.pt.jpg
doi.org10.15468dl.6nxkw6.csv,Animalia,Arthropoda,Insecta,Coleoptera,,,,,1470,,Coleoptera,Coleoptera,Cerro_Hoya_Expedition_Hoya_606m_grisMejua_2025-01-26,grisMejua_2025_01_27__23_24_06_HDR0_3_Mothbot_yolo11m_4500_imgsz1600_b1_2024-01-18.pt.jpg,HS,Mothbot_yolo11m_4500_imgsz1600_b1_2024-01-18.pt,0.2852553725242615,,grisMejua,Cerro_Hoya_Expedition/Hoya_606m_grisMejua_2025-01-26/2025-01-27/patches/grisMejua_2025_01_27__23_24_06_HDR0_3_Mothbot_yolo11m_4500_imgsz1600_b1_2024-01-18.pt.jpg,ORDER_Diptera,2025-01-27,23:24:06,,2025_01_27__23_24_06,MachineObservation,Cerro_Hoya_Expedition_Hoya_606m_grisMejua_2025-01-26_2025-01-27,Cerro_Hoya_Expedition_Hoya_606m_grisMejua_2025-01-26,grisMejua_2025_01_27__23_24_06_HDR0.jpg,grisMejua_2025_01_27__23_24_06_HDR0_3_Mothbot_yolo11m_4500_imgsz1600_b1_2024-01-18.pt.jpg
doi.org10.15468dl.6nxkw6.csv,Animalia,Arthropoda,Insecta,Hemiptera,,,,,809,,Hemiptera,Hemiptera,Cerro_Hoya_Expedition_Hoya_606m_grisMejua_2025-01-26,grisMejua_2025_01_27__23_25_06_HDR0_0_Mothbot_yolo11m_4500_imgsz1600_b1_2024-01-18.pt.jpg,HS,Mothbot_yolo11m_4500_imgsz1600_b1_2024-01-18.pt,0.7314406633377075,,grisMejua,Cerro_Hoya_Expedition/Hoya_606m_grisMejua_2025-01-26/2025-01-27/patches/grisMejua_2025_01_27__23_25_06_HDR0_0_Mothbot_yolo11m_4500_imgsz1600_b1_2024-01-18.pt.jpg,ORDER_Hemiptera,2025-01-27,23:25:06,,2025_01_27__23_25_06,MachineObservation,Cerro_Hoya_Expedition_Hoya_606m_grisMejua_2025-01-26_2025-01-27,Cerro_Hoya_Expedition_Hoya_606m_grisMejua_2025-01-26,grisMejua_2025_01_27__23_25_06_HDR0.jpg,grisMejua_2025_01_27__23_25_06_HDR0_0_Mothbot_yolo11m_4500_imgsz1600_b1_2024-01-18.pt.jpg
doi.org10.15468dl.6nxkw6.csv,Animalia,Arthropoda,Insecta,Diptera,,,,,811,,Diptera,Diptera,Cerro_Hoya_Expedition_Hoya_606m_grisMejua_2025-01-26,grisMejua_2025_01_27__23_25_06_HDR0_1_Mothbot_yolo11m_4500_imgsz1600_b1_2024-01-18.pt.jpg,HS,Mothbot_yolo11m_4500_imgsz1600_b1_2024-01-18.pt,0.7019298076629639,,grisMejua,Cerro_Hoya_Expedition/Hoya_606m_grisMejua_2025-01-26/2025-01-27/patches/grisMejua_2025_01_27__23_25_06_HDR0_1_Mothbot_yolo11m_4500_imgsz1600_b1_2024-01-18.pt.jpg,ORDER_Diptera,2025-01-27,23:25:06,,2025_01_27__23_25_06,MachineObservation,Cerro_Hoya_Expedition_Hoya_606m_grisMejua_2025-01-26_2025-01-27,Cerro_Hoya_Expedition_Hoya_606m_grisMejua_2025-01-26,grisMejua_2025_01_27__23_25_06_HDR0.jpg,grisMejua_2025_01_27__23_25_06_HDR0_1_Mothbot_yolo11m_4500_imgsz1600_b1_2024-01-18.pt.jpg
doi.org10.15468dl.6nxkw6.csv,Animalia,Arthropoda,Insecta,Coleoptera,,,,,1470,,Coleoptera,Coleoptera,Cerro_Hoya_Expedition_Hoya_606m_grisMejua_2025-01-26,grisMejua_2025_01_27__23_25_06_HDR0_2_Mothbot_yolo11m_4500_imgsz1600_b1_2024-01-18.pt.jpg,HS,Mothbot_yolo11m_4500_imgsz1600_b1_2024-01-18.pt,0.5765393972396851,,grisMejua,Cerro_Hoya_Expedition/Hoya_606m_grisMejua_2025-01-26/2025-01-27/patches/grisMejua_2025_01_27__23_25_06_HDR0_2_Mothbot_yolo11m_4500_imgsz1600_b1_2024-01-18.pt.jpg,ORDER_Hymenoptera,2025-01-27,23:25:06,,2025_01_27__23_25_06,MachineObservation,Cerro_Hoya_Expedition_Hoya_606m_grisMejua_2025-01-26_2025-01-27,Cerro_Hoya_Expedition_Hoya_606m_grisMejua_2025-01-26,grisMejua_2025_01_27__23_25_06_HDR0.jpg,grisMejua_2025_01_27__23_25_06_HDR0_2_Mothbot_yolo11m_4500_imgsz1600_b1_2024-01-18.pt.jpg
doi.org10.15468dl.6nxkw6.csv,Animalia,Arthropoda,Insecta,Coleoptera,,,,,1470,,Coleoptera,Coleoptera,Cerro_Hoya_Expedition_Hoya_606m_grisMejua_2025-01-26,grisMejua_2025_01_27__23_25_06_HDR0_3_Mothbot_yolo11m_4500_imgsz1600_b1_2024-01-18.pt.jpg,HS,Mothbot_yolo11m_4500_imgsz1600_b1_2024-01-18.pt,0.4988306760787964,,grisMejua,Cerro_Hoya_Expedition/Hoya_606m_grisMejua_2025-01-26/2025-01-27/patches/grisMejua_2025_01_27__23_25_06_HDR0_3_Mothbot_yolo11m_4500_imgsz1600_b1_2024-01-18.pt.jpg,ORDER_Hemiptera,2025-01-27,23:25:06,,2025_01_27__23_25_06,MachineObservation,Cerro_Hoya_Expedition_Hoya_606m_grisMejua_2025-01-26_2025-01-27,Cerro_Hoya_Expedition_Hoya_606m_grisMejua_2025-01-26,grisMejua_2025_01_27__23_25_06_HDR0.jpg,grisMejua_2025_01_27__23_25_06_HDR0_3_Mothbot_yolo11m_4500_imgsz1600_b1_2024-01-18.pt.jpg
doi.org10.15468dl.6nxkw6.csv,Animalia,Arthropoda,Insecta,Diptera,,,,,811,,Diptera,Diptera,Cerro_Hoya_Expedition_Hoya_606m_grisMejua_2025-01-26,grisMejua_2025_01_27__23_25_06_HDR0_4_Mothbot_yolo11m_4500_imgsz1600_b1_2024-01-18.pt.jpg,HS,Mothbot_yolo11m_4500_imgsz1600_b1_2024-01-18.pt,0.35238730907440186,,grisMejua,Cerro_Hoya_Expedition/Hoya_606m_grisMejua_2025-01-26/2025-01-27/patches/grisMejua_2025_01_27__23_25_06_HDR0_4_Mothbot_yolo11m_4500_imgsz1600_b1_2024-01-18.pt.jpg,ORDER_Diptera,2025-01-27,23:25:06,,2025_01_27__23_25_06,MachineObservation,Cerro_Hoya_Expedition_Hoya_606m_grisMejua_2025-01-26_2025-01-27,Cerro_Hoya_Expedition_Hoya_606m_grisMejua_2025-01-26,grisMejua_2025_01_27__23_25_06_HDR0.jpg,grisMejua_2025_01_27__23_25_06_HDR0_4_Mothbot_yolo11m_4500_imgsz1600_b1_2024-01-18.pt.jpg
doi.org10.15468dl.6nxkw6.csv,Animalia,Arthropoda,Insecta,Diptera,,,,,811,,Diptera,Diptera,Cerro_Hoya_Expedition_Hoya_606m_grisMejua_2025-01-26,grisMejua_2025_01_27__23_25_06_HDR0_5_Mothbot_yolo11m_4500_imgsz1600_b1_2024-01-18.pt.jpg,HS,Mothbot_yolo11m_4500_imgsz1600_b1_2024-01-18.pt,0.2891662120819092,,grisMejua,Cerro_Hoya_Expedition/Hoya_606m_grisMejua_2025-01-26/2025-01-27/patches/grisMejua_2025_01_27__23_25_06_HDR0_5_Mothbot_yolo11m_4500_imgsz1600_b1_2024-01-18.pt.jpg,ORDER_Hemiptera,2025-01-27,23:25:06,,2025_01_27__23_25_06,MachineObservation,Cerro_Hoya_Expedition_Hoya_606m_grisMejua_2025-01-26_2025-01-27,Cerro_Hoya_Expedition_Hoya_606m_grisMejua_2025-01-26,grisMejua_2025_01_27__23_25_06_HDR0.jpg,grisMejua_2025_01_27__23_25_06_HDR0_5_Mothbot_yolo11m_4500_imgsz1600_b1_2024-01-18.pt.jpg
doi.org10.15468dl.6nxkw6.csv,Animalia,Arthropoda,Insecta,Diptera,,,,,811,,Diptera,Diptera,Cerro_Hoya_Expedition_Hoya_606m_grisMejua_2025-01-26,grisMejua_2025_01_27__23_25_06_HDR0_6_Mothbot_yolo11m_4500_imgsz1600_b1_2024-01-18.pt.jpg,HS,Mothbot_yolo11m_4500_imgsz1600_b1_2024-01-18.pt,0.26500651240348816,,grisMejua,Cerro_Hoya_Expedition/Hoya_606m_grisMejua_2025-01-26/2025-01-27/patches/grisMejua_2025_01_27__23_25_06_HDR0_6_Mothbot_yolo11m_4500_imgsz1600_b1_2024-01-18.pt.jpg,ORDER_Hemiptera,2025-01-27,23:25:06,,2025_01_27__23_25_06,MachineObservation,Cerro_Hoya_Expedition_Hoya_606m_grisMejua_2025-01-26_2025-01-27,Cerro_Hoya_Expedition_Hoya_606m_grisMejua_2025-01-26,grisMejua_2025_01_27__23_25_06_HDR0.jpg,grisMejua_2025_01_27__23_25_06_HDR0_6_Mothbot_yolo11m_4500_imgsz1600_b1_2024-01-18.pt.jpg
doi.org10.15468dl.6nxkw6.csv,Animalia,Arthropoda,Insecta,Coleoptera,,,,,1470,,Coleoptera,Coleoptera,Cerro_Hoya_Expedition_Hoya_606m_grisMejua_2025-01-26,grisMejua_2025_01_27__23_26_05_HDR0_0_Mothbot_yolo11m_4500_imgsz1600_b1_2024-01-18.pt.jpg,HS,Mothbot_yolo11m_4500_imgsz1600_b1_2024-01-18.pt,0.5287995934486389,,grisMejua,Cerro_Hoya_Expedition/Hoya_606m_grisMejua_2025-01-26/2025-01-27/patches/grisMejua_2025_01_27__23_26_05_HDR0_0_Mothbot_yolo11m_4500_imgsz1600_b1_2024-01-18.pt.jpg,ORDER_Hemiptera,2025-01-27,23:26:05,,2025_01_27__23_26_05,MachineObservation,Cerro_Hoya_Expedition_Hoya_606m_grisMejua_2025-01-26_2025-01-27,Cerro_Hoya_Expedition_Hoya_606m_grisMejua_2025-01-26,grisMejua_2025_01_27__23_26_05_HDR0.jpg,grisMejua_2025_01_27__23_26_05_HDR0_0_Mothbot_yolo11m_4500_imgsz1600_b1_2024-01-18.pt.jpg
doi.org10.15468dl.6nxkw6.csv,Animalia,Arthropoda,Insecta,Hemiptera,,,,,809,,Hemiptera,Hemiptera,Cerro_Hoya_Expedition_Hoya_606m_grisMejua_2025-01-26,grisMejua_2025_01_27__23_26_05_HDR0_1_Mothbot_yolo11m_4500_imgsz1600_b1_2024-01-18.pt.jpg,HS,Mothbot_yolo11m_4500_imgsz1600_b1_2024-01-18.pt,0.5012362003326416,,grisMejua,Cerro_Hoya_Expedition/Hoya_606m_grisMejua_2025-01-26/2025-01-27/patches/grisMejua_2025_01_27__23_26_05_HDR0_1_Mothbot_yolo11m_4500_imgsz1600_b1_2024-01-18.pt.jpg,ORDER_Hemiptera,2025-01-27,23:26:05,,2025_01_27__23_26_05,MachineObservation,Cerro_Hoya_Expedition_Hoya_606m_grisMejua_2025-01-26_2025-01-27,Cerro_Hoya_Expedition_Hoya_606m_grisMejua_2025-01-26,grisMejua_2025_01_27__23_26_05_HDR0.jpg,grisMejua_2025_01_27__23_26_05_HDR0_1_Mothbot_yolo11m_4500_imgsz1600_b1_2024-01-18.pt.jpg
doi.org10.15468dl.6nxkw6.csv,Animalia,Arthropoda,Insecta,Diptera,,,,,811,,Diptera,Diptera,Cerro_Hoya_Expedition_Hoya_606m_grisMejua_2025-01-26,grisMejua_2025_01_27__23_26_05_HDR0_2_Mothbot_yolo11m_4500_imgsz1600_b1_2024-01-18.pt.jpg,HS,Mothbot_yolo11m_4500_imgsz1600_b1_2024-01-18.pt,0.36763426661491394,,grisMejua,Cerro_Hoya_Expedition/Hoya_606m_grisMejua_2025-01-26/2025-01-27/patches/grisMejua_2025_01_27__23_26_05_HDR0_2_Mothbot_yolo11m_4500_imgsz1600_b1_2024-01-18.pt.jpg,ORDER_Diptera,2025-01-27,23:26:05,,2025_01_27__23_26_05,MachineObservation,Cerro_Hoya_Expedition_Hoya_606m_grisMejua_2025-01-26_2025-01-27,Cerro_Hoya_Expedition_Hoya_606m_grisMejua_2025-01-26,grisMejua_2025_01_27__23_26_05_HDR0.jpg,grisMejua_2025_01_27__23_26_05_HDR0_2_Mothbot_yolo11m_4500_imgsz1600_b1_2024-01-18.pt.jpg
doi.org10.15468dl.6nxkw6.csv,Animalia,Arthropoda,Insecta,Lepidoptera,,,,,797,,Lepidoptera,Lepidoptera,Cerro_Hoya_Expedition_Hoya_606m_grisMejua_2025-01-26,grisMejua_2025_01_27__23_26_05_HDR0_3_Mothbot_yolo11m_4500_imgsz1600_b1_2024-01-18.pt.jpg,HS,Mothbot_yolo11m_4500_imgsz1600_b1_2024-01-18.pt,0.3112802505493164,,grisMejua,Cerro_Hoya_Expedition/Hoya_606m_grisMejua_2025-01-26/2025-01-27/patches/grisMejua_2025_01_27__23_26_05_HDR0_3_Mothbot_yolo11m_4500_imgsz1600_b1_2024-01-18.pt.jpg,ORDER_Lepidoptera,2025-01-27,23:26:05,,2025_01_27__23_26_05,MachineObservation,Cerro_Hoya_Expedition_Hoya_606m_grisMejua_2025-01-26_2025-01-27,Cerro_Hoya_Expedition_Hoya_606m_grisMejua_2025-01-26,grisMejua_2025_01_27__23_26_05_HDR0.jpg,grisMejua_2025_01_27__23_26_05_HDR0_3_Mothbot_yolo11m_4500_imgsz1600_b1_2024-01-18.pt.jpg
doi.org10.15468dl.6nxkw6.csv,Animalia,Arthropoda,Insecta,Coleoptera,,,,,1470,,Coleoptera,Coleoptera,Cerro_Hoya_Expedition_Hoya_606m_grisMejua_2025-01-26,grisMejua_2025_01_27__23_27_05_HDR0_0_Mothbot_yolo11m_4500_imgsz1600_b1_2024-01-18.pt.jpg,HS,Mothbot_yolo11m_4500_imgsz1600_b1_2024-01-18.pt,0.5506060719490051,,grisMejua,Cerro_Hoya_Expedition/Hoya_606m_grisMejua_2025-01-26/2025-01-27/patches/grisMejua_2025_01_27__23_27_05_HDR0_0_Mothbot_yolo11m_4500_imgsz1600_b1_2024-01-18.pt.jpg,ORDER_Coleoptera,2025-01-27,23:27:05,,2025_01_27__23_27_05,MachineObservation,Cerro_Hoya_Expedition_Hoya_606m_grisMejua_2025-01-26_2025-01-27,Cerro_Hoya_Expedition_Hoya_606m_grisMejua_2025-01-26,grisMejua_2025_01_27__23_27_05_HDR0.jpg,grisMejua_2025_01_27__23_27_05_HDR0_0_Mothbot_yolo11m_4500_imgsz1600_b1_2024-01-18.pt.jpg
doi.org10.15468dl.6nxkw6.csv,Animalia,Arthropoda,Insecta,Hemiptera,,,,,809,,Hemiptera,Hemiptera,Cerro_Hoya_Expedition_Hoya_606m_grisMejua_2025-01-26,grisMejua_2025_01_27__23_27_05_HDR0_1_Mothbot_yolo11m_4500_imgsz1600_b1_2024-01-18.pt.jpg,HS,Mothbot_yolo11m_4500_imgsz1600_b1_2024-01-18.pt,0.5398966073989868,,grisMejua,Cerro_Hoya_Expedition/Hoya_606m_grisMejua_2025-01-26/2025-01-27/patches/grisMejua_2025_01_27__23_27_05_HDR0_1_Mothbot_yolo11m_4500_imgsz1600_b1_2024-01-18.pt.jpg,ORDER_Hemiptera,2025-01-27,23:27:05,,2025_01_27__23_27_05,MachineObservation,Cerro_Hoya_Expedition_Hoya_606m_grisMejua_2025-01-26_2025-01-27,Cerro_Hoya_Expedition_Hoya_606m_grisMejua_2025-01-26,grisMejua_2025_01_27__23_27_05_HDR0.jpg,grisMejua_2025_01_27__23_27_05_HDR0_1_Mothbot_yolo11m_4500_imgsz1600_b1_2024-01-18.pt.jpg
doi.org10.15468dl.6nxkw6.csv,Animalia,Arthropoda,Insecta,Lepidoptera,,,,,797,,Lepidoptera,Lepidoptera,Cerro_Hoya_Expedition_Hoya_606m_grisMejua_2025-01-26,grisMejua_2025_01_27__23_27_05_HDR0_2_Mothbot_yolo11m_4500_imgsz1600_b1_2024-01-18.pt.jpg,HS,Mothbot_yolo11m_4500_imgsz1600_b1_2024-01-18.pt,0.31123873591423035,,grisMejua,Cerro_Hoya_Expedition/Hoya_606m_grisMejua_2025-01-26/2025-01-27/patches/grisMejua_2025_01_27__23_27_05_HDR0_2_Mothbot_yolo11m_4500_imgsz1600_b1_2024-01-18.pt.jpg,ORDER_Lepidoptera,2025-01-27,23:27:05,,2025_01_27__23_27_05,MachineObservation,Cerro_Hoya_Expedition_Hoya_606m_grisMejua_2025-01-26_2025-01-27,Cerro_Hoya_Expedition_Hoya_606m_grisMejua_2025-01-26,grisMejua_2025_01_27__23_27_05_HDR0.jpg,grisMejua_2025_01_27__23_27_05_HDR0_2_Mothbot_yolo11m_4500_imgsz1600_b1_2024-01-18.pt.jpg
doi.org10.15468dl.6nxkw6.csv,Animalia,Arthropoda,Insecta,Diptera,,,,,811,,Diptera,Diptera,Cerro_Hoya_Expedition_Hoya_606m_grisMejua_2025-01-26,grisMejua_2025_01_27__23_27_05_HDR0_3_Mothbot_yolo11m_4500_imgsz1600_b1_2024-01-18.pt.jpg,HS,Mothbot_yolo11m_4500_imgsz1600_b1_2024-01-18.pt,0.2835182249546051,,grisMejua,Cerro_Hoya_Expedition/Hoya_606m_grisMejua_2025-01-26/2025-01-27/patches/grisMejua_2025_01_27__23_27_05_HDR0_3_Mothbot_yolo11m_4500_imgsz1600_b1_2024-01-18.pt.jpg,ORDER_Diptera,2025-01-27,23:27:05,,2025_01_27__23_27_05,MachineObservation,Cerro_Hoya_Expedition_Hoya_606m_grisMejua_2025-01-26_2025-01-27,Cerro_Hoya_Expedition_Hoya_606m_grisMejua_2025-01-26,grisMejua_2025_01_27__23_27_05_HDR0.jpg,grisMejua_2025_01_27__23_27_05_HDR0_3_Mothbot_yolo11m_4500_imgsz1600_b1_2024-01-18.pt.jpg
doi.org10.15468dl.6nxkw6.csv,Animalia,Arthropoda,Insecta,Hemiptera,,,,,809,,Hemiptera,Hemiptera,Cerro_Hoya_Expedition_Hoya_606m_grisMejua_2025-01-26,grisMejua_2025_01_27__23_28_06_HDR0_0_Mothbot_yolo11m_4500_imgsz1600_b1_2024-01-18.pt.jpg,HS,Mothbot_yolo11m_4500_imgsz1600_b1_2024-01-18.pt,0.8214032649993896,,grisMejua,Cerro_Hoya_Expedition/Hoya_606m_grisMejua_2025-01-26/2025-01-27/patches/grisMejua_2025_01_27__23_28_06_HDR0_0_Mothbot_yolo11m_4500_imgsz1600_b1_2024-01-18.pt.jpg,ORDER_Hemiptera,2025-01-27,23:28:06,,2025_01_27__23_28_06,MachineObservation,Cerro_Hoya_Expedition_Hoya_606m_grisMejua_2025-01-26_2025-01-27,Cerro_Hoya_Expedition_Hoya_606m_grisMejua_2025-01-26,grisMejua_2025_01_27__23_28_06_HDR0.jpg,grisMejua_2025_01_27__23_28_06_HDR0_0_Mothbot_yolo11m_4500_imgsz1600_b1_2024-01-18.pt.jpg
doi.org10.15468dl.6nxkw6.csv,Animalia,Arthropoda,Insecta,Diptera,,,,,811,,Diptera,Diptera,Cerro_Hoya_Expedition_Hoya_606m_grisMejua_2025-01-26,grisMejua_2025_01_27__23_28_06_HDR0_1_Mothbot_yolo11m_4500_imgsz1600_b1_2024-01-18.pt.jpg,HS,Mothbot_yolo11m_4500_imgsz1600_b1_2024-01-18.pt,0.7729617953300476,,grisMejua,Cerro_Hoya_Expedition/Hoya_606m_grisMejua_2025-01-26/2025-01-27/patches/grisMejua_2025_01_27__23_28_06_HDR0_1_Mothbot_yolo11m_4500_imgsz1600_b1_2024-01-18.pt.jpg,ORDER_Diptera,2025-01-27,23:28:06,,2025_01_27__23_28_06,MachineObservation,Cerro_Hoya_Expedition_Hoya_606m_grisMejua_2025-01-26_2025-01-27,Cerro_Hoya_Expedition_Hoya_606m_grisMejua_2025-01-26,grisMejua_2025_01_27__23_28_06_HDR0.jpg,grisMejua_2025_01_27__23_28_06_HDR0_1_Mothbot_yolo11m_4500_imgsz1600_b1_2024-01-18.pt.jpg
doi.org10.15468dl.6nxkw6.csv,Animalia,Arthropoda,Insecta,Diptera,,,,,811,,Diptera,Diptera,Cerro_Hoya_Expedition_Hoya_606m_grisMejua_2025-01-26,grisMejua_2025_01_27__23_28_06_HDR0_2_Mothbot_yolo11m_4500_imgsz1600_b1_2024-01-18.pt.jpg,HS,Mothbot_yolo11m_4500_imgsz1600_b1_2024-01-18.pt,0.7157685160636902,,grisMejua,Cerro_Hoya_Expedition/Hoya_606m_grisMejua_2025-01-26/2025-01-27/patches/grisMejua_2025_01_27__23_28_06_HDR0_2_Mothbot_yolo11m_4500_imgsz1600_b1_2024-01-18.pt.jpg,ORDER_Diptera,2025-01-27,23:28:06,,2025_01_27__23_28_06,MachineObservation,Cerro_Hoya_Expedition_Hoya_606m_grisMejua_2025-01-26_2025-01-27,Cerro_Hoya_Expedition_Hoya_606m_grisMejua_2025-01-26,grisMejua_2025_01_27__23_28_06_HDR0.jpg,grisMejua_2025_01_27__23_28_06_HDR0_2_Mothbot_yolo11m_4500_imgsz1600_b1_2024-01-18.pt.jpg
doi.org10.15468dl.6nxkw6.csv,Animalia,Arthropoda,Insecta,Diptera,,,,,811,,Diptera,Diptera,Cerro_Hoya_Expedition_Hoya_606m_grisMejua_2025-01-26,grisMejua_2025_01_27__23_28_06_HDR0_3_Mothbot_yolo11m_4500_imgsz1600_b1_2024-01-18.pt.jpg,HS,Mothbot_yolo11m_4500_imgsz1600_b1_2024-01-18.pt,0.7065290212631226,,grisMejua,Cerro_Hoya_Expedition/Hoya_606m_grisMejua_2025-01-26/2025-01-27/patches/grisMejua_2025_01_27__23_28_06_HDR0_3_Mothbot_yolo11m_4500_imgsz1600_b1_2024-01-18.pt.jpg,ORDER_Hymenoptera,2025-01-27,23:28:06,,2025_01_27__23_28_06,MachineObservation,Cerro_Hoya_Expedition_Hoya_606m_grisMejua_2025-01-26_2025-01-27,Cerro_Hoya_Expedition_Hoya_606m_grisMejua_2025-01-26,grisMejua_2025_01_27__23_28_06_HDR0.jpg,grisMejua_2025_01_27__23_28_06_HDR0_3_Mothbot_yolo11m_4500_imgsz1600_b1_2024-01-18.pt.jpg
doi.org10.15468dl.6nxkw6.csv,Animalia,Arthropoda,Insecta,,,,,,216,,Insecta,Insecta,Cerro_Hoya_Expedition_Hoya_606m_grisMejua_2025-01-26,grisMejua_2025_01_27__23_28_06_HDR0_4_Mothbot_yolo11m_4500_imgsz1600_b1_2024-01-18.pt.jpg,HS,Mothbot_yolo11m_4500_imgsz1600_b1_2024-01-18.pt,0.6249249577522278,,grisMejua,Cerro_Hoya_Expedition/Hoya_606m_grisMejua_2025-01-26/2025-01-27/patches/grisMejua_2025_01_27__23_28_06_HDR0_4_Mothbot_yolo11m_4500_imgsz1600_b1_2024-01-18.pt.jpg,ORDER_Diptera,2025-01-27,23:28:06,,2025_01_27__23_28_06,MachineObservation,Cerro_Hoya_Expedition_Hoya_606m_grisMejua_2025-01-26_2025-01-27,Cerro_Hoya_Expedition_Hoya_606m_grisMejua_2025-01-26,grisMejua_2025_01_27__23_28_06_HDR0.jpg,grisMejua_2025_01_27__23_28_06_HDR0_4_Mothbot_yolo11m_4500_imgsz1600_b1_2024-01-18.pt.jpg
doi.org10.15468dl.6nxkw6.csv,Animalia,Arthropoda,Insecta,Lepidoptera,,,,,797,,Lepidoptera,Lepidoptera,Cerro_Hoya_Expedition_Hoya_606m_grisMejua_2025-01-26,grisMejua_2025_01_27__23_28_06_HDR0_5_Mothbot_yolo11m_4500_imgsz1600_b1_2024-01-18.pt.jpg,HS,Mothbot_yolo11m_4500_imgsz1600_b1_2024-01-18.pt,0.5854796171188354,,grisMejua,Cerro_Hoya_Expedition/Hoya_606m_grisMejua_2025-01-26/2025-01-27/patches/grisMejua_2025_01_27__23_28_06_HDR0_5_Mothbot_yolo11m_4500_imgsz1600_b1_2024-01-18.pt.jpg,ORDER_Lepidoptera,2025-01-27,23:28:06,,2025_01_27__23_28_06,MachineObservation,Cerro_Hoya_Expedition_Hoya_606m_grisMejua_2025-01-26_2025-01-27,Cerro_Hoya_Expedition_Hoya_606m_grisMejua_2025-01-26,grisMejua_2025_01_27__23_28_06_HDR0.jpg,grisMejua_2025_01_27__23_28_06_HDR0_5_Mothbot_yolo11m_4500_imgsz1600_b1_2024-01-18.pt.jpg
doi.org10.15468dl.6nxkw6.csv,Animalia,Arthropoda,Insecta,Hemiptera,,,,,809,,Hemiptera,Hemiptera,Cerro_Hoya_Expedition_Hoya_606m_grisMejua_2025-01-26,grisMejua_2025_01_27__23_28_06_HDR0_6_Mothbot_yolo11m_4500_imgsz1600_b1_2024-01-18.pt.jpg,HS,Mothbot_yolo11m_4500_imgsz1600_b1_2024-01-18.pt,0.4830164909362793,,grisMejua,Cerro_Hoya_Expedition/Hoya_606m_grisMejua_2025-01-26/2025-01-27/patches/grisMejua_2025_01_27__23_28_06_HDR0_6_Mothbot_yolo11m_4500_imgsz1600_b1_2024-01-18.pt.jpg,ORDER_Hemiptera,2025-01-27,23:28:06,,2025_01_27__23_28_06,MachineObservation,Cerro_Hoya_Expedition_Hoya_606m_grisMejua_2025-01-26_2025-01-27,Cerro_Hoya_Expedition_Hoya_606m_grisMejua_2025-01-26,grisMejua_2025_01_27__23_28_06_HDR0.jpg,grisMejua_2025_01_27__23_28_06_HDR0_6_Mothbot_yolo11m_4500_imgsz1600_b1_2024-01-18.pt.jpg
doi.org10.15468dl.6nxkw6.csv,Animalia,Arthropoda,Insecta,Coleoptera,,,,,1470,,Coleoptera,Coleoptera,Cerro_Hoya_Expedition_Hoya_606m_grisMejua_2025-01-26,grisMejua_2025_01_27__23_28_06_HDR0_7_Mothbot_yolo11m_4500_imgsz1600_b1_2024-01-18.pt.jpg,HS,Mothbot_yolo11m_4500_imgsz1600_b1_2024-01-18.pt,0.4644349217414856,,grisMejua,Cerro_Hoya_Expedition/Hoya_606m_grisMejua_2025-01-26/2025-01-27/patches/grisMejua_2025_01_27__23_28_06_HDR0_7_Mothbot_yolo11m_4500_imgsz1600_b1_2024-01-18.pt.jpg,ORDER_Hymenoptera,2025-01-27,23:28:06,,2025_01_27__23_28_06,MachineObservation,Cerro_Hoya_Expedition_Hoya_606m_grisMejua_2025-01-26_2025-01-27,Cerro_Hoya_Expedition_Hoya_606m_grisMejua_2025-01-26,grisMejua_2025_01_27__23_28_06_HDR0.jpg,grisMejua_2025_01_27__23_28_06_HDR0_7_Mothbot_yolo11m_4500_imgsz1600_b1_2024-01-18.pt.jpg
doi.org10.15468dl.6nxkw6.csv,Animalia,Arthropoda,Insecta,Hemiptera,,,,,809,,Hemiptera,Hemiptera,Cerro_Hoya_Expedition_Hoya_606m_grisMejua_2025-01-26,grisMejua_2025_01_27__23_29_22_HDR0_0_Mothbot_yolo11m_4500_imgsz1600_b1_2024-01-18.pt.jpg,HS,Mothbot_yolo11m_4500_imgsz1600_b1_2024-01-18.pt,0.7782160639762878,,grisMejua,Cerro_Hoya_Expedition/Hoya_606m_grisMejua_2025-01-26/2025-01-27/patches/grisMejua_2025_01_27__23_29_22_HDR0_0_Mothbot_yolo11m_4500_imgsz1600_b1_2024-01-18.pt.jpg,ORDER_Hemiptera,2025-01-27,23:29:22,,2025_01_27__23_29_22,MachineObservation,Cerro_Hoya_Expedition_Hoya_606m_grisMejua_2025-01-26_2025-01-27,Cerro_Hoya_Expedition_Hoya_606m_grisMejua_2025-01-26,grisMejua_2025_01_27__23_29_22_HDR0.jpg,grisMejua_2025_01_27__23_29_22_HDR0_0_Mothbot_yolo11m_4500_imgsz1600_b1_2024-01-18.pt.jpg
doi.org10.15468dl.6nxkw6.csv,Animalia,Arthropoda,Insecta,Lepidoptera,,,,,797,,Lepidoptera,Lepidoptera,Cerro_Hoya_Expedition_Hoya_606m_grisMejua_2025-01-26,grisMejua_2025_01_27__23_29_22_HDR0_1_Mothbot_yolo11m_4500_imgsz1600_b1_2024-01-18.pt.jpg,HS,Mothbot_yolo11m_4500_imgsz1600_b1_2024-01-18.pt,0.6346789002418518,,grisMejua,Cerro_Hoya_Expedition/Hoya_606m_grisMejua_2025-01-26/2025-01-27/patches/grisMejua_2025_01_27__23_29_22_HDR0_1_Mothbot_yolo11m_4500_imgsz1600_b1_2024-01-18.pt.jpg,ORDER_Lepidoptera,2025-01-27,23:29:22,,2025_01_27__23_29_22,MachineObservation,Cerro_Hoya_Expedition_Hoya_606m_grisMejua_2025-01-26_2025-01-27,Cerro_Hoya_Expedition_Hoya_606m_grisMejua_2025-01-26,grisMejua_2025_01_27__23_29_22_HDR0.jpg,grisMejua_2025_01_27__23_29_22_HDR0_1_Mothbot_yolo11m_4500_imgsz1600_b1_2024-01-18.pt.jpg
doi.org10.15468dl.6nxkw6.csv,Animalia,Arthropoda,Insecta,Coleoptera,,,,,1470,,Coleoptera,Coleoptera,Cerro_Hoya_Expedition_Hoya_606m_grisMejua_2025-01-26,grisMejua_2025_01_27__23_29_22_HDR0_2_Mothbot_yolo11m_4500_imgsz1600_b1_2024-01-18.pt.jpg,HS,Mothbot_yolo11m_4500_imgsz1600_b1_2024-01-18.pt,0.5759878158569336,,grisMejua,Cerro_Hoya_Expedition/Hoya_606m_grisMejua_2025-01-26/2025-01-27/patches/grisMejua_2025_01_27__23_29_22_HDR0_2_Mothbot_yolo11m_4500_imgsz1600_b1_2024-01-18.pt.jpg,ORDER_Hemiptera,2025-01-27,23:29:22,,2025_01_27__23_29_22,MachineObservation,Cerro_Hoya_Expedition_Hoya_606m_grisMejua_2025-01-26_2025-01-27,Cerro_Hoya_Expedition_Hoya_606m_grisMejua_2025-01-26,grisMejua_2025_01_27__23_29_22_HDR0.jpg,grisMejua_2025_01_27__23_29_22_HDR0_2_Mothbot_yolo11m_4500_imgsz1600_b1_2024-01-18.pt.jpg
doi.org10.15468dl.6nxkw6.csv,Animalia,Arthropoda,Insecta,Hemiptera,,,,,809,,Hemiptera,Hemiptera,Cerro_Hoya_Expedition_Hoya_606m_grisMejua_2025-01-26,grisMejua_2025_01_27__23_29_22_HDR0_3_Mothbot_yolo11m_4500_imgsz1600_b1_2024-01-18.pt.jpg,HS,Mothbot_yolo11m_4500_imgsz1600_b1_2024-01-18.pt,0.4815511703491211,,grisMejua,Cerro_Hoya_Expedition/Hoya_606m_grisMejua_2025-01-26/2025-01-27/patches/grisMejua_2025_01_27__23_29_22_HDR0_3_Mothbot_yolo11m_4500_imgsz1600_b1_2024-01-18.pt.jpg,ORDER_Diptera,2025-01-27,23:29:22,,2025_01_27__23_29_22,MachineObservation,Cerro_Hoya_Expedition_Hoya_606m_grisMejua_2025-01-26_2025-01-27,Cerro_Hoya_Expedition_Hoya_606m_grisMejua_2025-01-26,grisMejua_2025_01_27__23_29_22_HDR0.jpg,grisMejua_2025_01_27__23_29_22_HDR0_3_Mothbot_yolo11m_4500_imgsz1600_b1_2024-01-18.pt.jpg
doi.org10.15468dl.6nxkw6.csv,Animalia,Arthropoda,Insecta,Hemiptera,,,,,809,,Hemiptera,Hemiptera,Cerro_Hoya_Expedition_Hoya_606m_grisMejua_2025-01-26,grisMejua_2025_01_27__23_30_06_HDR0_0_Mothbot_yolo11m_4500_imgsz1600_b1_2024-01-18.pt.jpg,HS,Mothbot_yolo11m_4500_imgsz1600_b1_2024-01-18.pt,0.7887745499610901,,grisMejua,Cerro_Hoya_Expedition/Hoya_606m_grisMejua_2025-01-26/2025-01-27/patches/grisMejua_2025_01_27__23_30_06_HDR0_0_Mothbot_yolo11m_4500_imgsz1600_b1_2024-01-18.pt.jpg,ORDER_Hemiptera,2025-01-27,23:30:06,,2025_01_27__23_30_06,MachineObservation,Cerro_Hoya_Expedition_Hoya_606m_grisMejua_2025-01-26_2025-01-27,Cerro_Hoya_Expedition_Hoya_606m_grisMejua_2025-01-26,grisMejua_2025_01_27__23_30_06_HDR0.jpg,grisMejua_2025_01_27__23_30_06_HDR0_0_Mothbot_yolo11m_4500_imgsz1600_b1_2024-01-18.pt.jpg
doi.org10.15468dl.6nxkw6.csv,Animalia,Arthropoda,Insecta,Lepidoptera,,,,,797,,Lepidoptera,Lepidoptera,Cerro_Hoya_Expedition_Hoya_606m_grisMejua_2025-01-26,grisMejua_2025_01_27__23_30_06_HDR0_1_Mothbot_yolo11m_4500_imgsz1600_b1_2024-01-18.pt.jpg,HS,Mothbot_yolo11m_4500_imgsz1600_b1_2024-01-18.pt,0.6498798131942749,,grisMejua,Cerro_Hoya_Expedition/Hoya_606m_grisMejua_2025-01-26/2025-01-27/patches/grisMejua_2025_01_27__23_30_06_HDR0_1_Mothbot_yolo11m_4500_imgsz1600_b1_2024-01-18.pt.jpg,ORDER_Lepidoptera,2025-01-27,23:30:06,,2025_01_27__23_30_06,MachineObservation,Cerro_Hoya_Expedition_Hoya_606m_grisMejua_2025-01-26_2025-01-27,Cerro_Hoya_Expedition_Hoya_606m_grisMejua_2025-01-26,grisMejua_2025_01_27__23_30_06_HDR0.jpg,grisMejua_2025_01_27__23_30_06_HDR0_1_Mothbot_yolo11m_4500_imgsz1600_b1_2024-01-18.pt.jpg
doi.org10.15468dl.6nxkw6.csv,Animalia,Arthropoda,Insecta,Coleoptera,,,,,1470,,Coleoptera,Coleoptera,Cerro_Hoya_Expedition_Hoya_606m_grisMejua_2025-01-26,grisMejua_2025_01_27__23_30_06_HDR0_2_Mothbot_yolo11m_4500_imgsz1600_b1_2024-01-18.pt.jpg,HS,Mothbot_yolo11m_4500_imgsz1600_b1_2024-01-18.pt,0.6348372101783752,,grisMejua,Cerro_Hoya_Expedition/Hoya_606m_grisMejua_2025-01-26/2025-01-27/patches/grisMejua_2025_01_27__23_30_06_HDR0_2_Mothbot_yolo11m_4500_imgsz1600_b1_2024-01-18.pt.jpg,ORDER_Coleoptera,2025-01-27,23:30:06,,2025_01_27__23_30_06,MachineObservation,Cerro_Hoya_Expedition_Hoya_606m_grisMejua_2025-01-26_2025-01-27,Cerro_Hoya_Expedition_Hoya_606m_grisMejua_2025-01-26,grisMejua_2025_01_27__23_30_06_HDR0.jpg,grisMejua_2025_01_27__23_30_06_HDR0_2_Mothbot_yolo11m_4500_imgsz1600_b1_2024-01-18.pt.jpg
doi.org10.15468dl.6nxkw6.csv,Animalia,Arthropoda,Insecta,Hemiptera,,,,,809,,Hemiptera,Hemiptera,Cerro_Hoya_Expedition_Hoya_606m_grisMejua_2025-01-26,grisMejua_2025_01_27__23_30_06_HDR0_3_Mothbot_yolo11m_4500_imgsz1600_b1_2024-01-18.pt.jpg,HS,Mothbot_yolo11m_4500_imgsz1600_b1_2024-01-18.pt,0.370172381401062,,grisMejua,Cerro_Hoya_Expedition/Hoya_606m_grisMejua_2025-01-26/2025-01-27/patches/grisMejua_2025_01_27__23_30_06_HDR0_3_Mothbot_yolo11m_4500_imgsz1600_b1_2024-01-18.pt.jpg,ORDER_Diptera,2025-01-27,23:30:06,,2025_01_27__23_30_06,MachineObservation,Cerro_Hoya_Expedition_Hoya_606m_grisMejua_2025-01-26_2025-01-27,Cerro_Hoya_Expedition_Hoya_606m_grisMejua_2025-01-26,grisMejua_2025_01_27__23_30_06_HDR0.jpg,grisMejua_2025_01_27__23_30_06_HDR0_3_Mothbot_yolo11m_4500_imgsz1600_b1_2024-01-18.pt.jpg
doi.org10.15468dl.6nxkw6.csv,Animalia,Arthropoda,Insecta,Hemiptera,,,,,809,,Hemiptera,Hemiptera,Cerro_Hoya_Expedition_Hoya_606m_grisMejua_2025-01-26,grisMejua_2025_01_27__23_31_06_HDR0_0_Mothbot_yolo11m_4500_imgsz1600_b1_2024-01-18.pt.jpg,HS,Mothbot_yolo11m_4500_imgsz1600_b1_2024-01-18.pt,0.7486060261726379,,grisMejua,Cerro_Hoya_Expedition/Hoya_606m_grisMejua_2025-01-26/2025-01-27/patches/grisMejua_2025_01_27__23_31_06_HDR0_0_Mothbot_yolo11m_4500_imgsz1600_b1_2024-01-18.pt.jpg,ORDER_Hemiptera,2025-01-27,23:31:06,,2025_01_27__23_31_06,MachineObservation,Cerro_Hoya_Expedition_Hoya_606m_grisMejua_2025-01-26_2025-01-27,Cerro_Hoya_Expedition_Hoya_606m_grisMejua_2025-01-26,grisMejua_2025_01_27__23_31_06_HDR0.jpg,grisMejua_2025_01_27__23_31_06_HDR0_0_Mothbot_yolo11m_4500_imgsz1600_b1_2024-01-18.pt.jpg
doi.org10.15468dl.6nxkw6.csv,Animalia,Arthropoda,Insecta,Lepidoptera,,,,,797,,Lepidoptera,Lepidoptera,Cerro_Hoya_Expedition_Hoya_606m_grisMejua_2025-01-26,grisMejua_2025_01_27__23_31_06_HDR0_1_Mothbot_yolo11m_4500_imgsz1600_b1_2024-01-18.pt.jpg,HS,Mothbot_yolo11m_4500_imgsz1600_b1_2024-01-18.pt,0.5750612020492554,,grisMejua,Cerro_Hoya_Expedition/Hoya_606m_grisMejua_2025-01-26/2025-01-27/patches/grisMejua_2025_01_27__23_31_06_HDR0_1_Mothbot_yolo11m_4500_imgsz1600_b1_2024-01-18.pt.jpg,ORDER_Lepidoptera,2025-01-27,23:31:06,,2025_01_27__23_31_06,MachineObservation,Cerro_Hoya_Expedition_Hoya_606m_grisMejua_2025-01-26_2025-01-27,Cerro_Hoya_Expedition_Hoya_606m_grisMejua_2025-01-26,grisMejua_2025_01_27__23_31_06_HDR0.jpg,grisMejua_2025_01_27__23_31_06_HDR0_1_Mothbot_yolo11m_4500_imgsz1600_b1_2024-01-18.pt.jpg
doi.org10.15468dl.6nxkw6.csv,Animalia,Arthropoda,Insecta,Hemiptera,,,,,809,,Hemiptera,Hemiptera,Cerro_Hoya_Expedition_Hoya_606m_grisMejua_2025-01-26,grisMejua_2025_01_27__23_31_06_HDR0_2_Mothbot_yolo11m_4500_imgsz1600_b1_2024-01-18.pt.jpg,HS,Mothbot_yolo11m_4500_imgsz1600_b1_2024-01-18.pt,0.3711291551589966,,grisMejua,Cerro_Hoya_Expedition/Hoya_606m_grisMejua_2025-01-26/2025-01-27/patches/grisMejua_2025_01_27__23_31_06_HDR0_2_Mothbot_yolo11m_4500_imgsz1600_b1_2024-01-18.pt.jpg,ORDER_Diptera,2025-01-27,23:31:06,,2025_01_27__23_31_06,MachineObservation,Cerro_Hoya_Expedition_Hoya_606m_grisMejua_2025-01-26_2025-01-27,Cerro_Hoya_Expedition_Hoya_606m_grisMejua_2025-01-26,grisMejua_2025_01_27__23_31_06_HDR0.jpg,grisMejua_2025_01_27__23_31_06_HDR0_2_Mothbot_yolo11m_4500_imgsz1600_b1_2024-01-18.pt.jpg
doi.org10.15468dl.6nxkw6.csv,Animalia,Arthropoda,Insecta,Coleoptera,,,,,1470,,Coleoptera,Coleoptera,Cerro_Hoya_Expedition_Hoya_606m_grisMejua_2025-01-26,grisMejua_2025_01_27__23_31_06_HDR0_3_Mothbot_yolo11m_4500_imgsz1600_b1_2024-01-18.pt.jpg,HS,Mothbot_yolo11m_4500_imgsz1600_b1_2024-01-18.pt,0.3101968765258789,,grisMejua,Cerro_Hoya_Expedition/Hoya_606m_grisMejua_2025-01-26/2025-01-27/patches/grisMejua_2025_01_27__23_31_06_HDR0_3_Mothbot_yolo11m_4500_imgsz1600_b1_2024-01-18.pt.jpg,ORDER_Hemiptera,2025-01-27,23:31:06,,2025_01_27__23_31_06,MachineObservation,Cerro_Hoya_Expedition_Hoya_606m_grisMejua_2025-01-26_2025-01-27,Cerro_Hoya_Expedition_Hoya_606m_grisMejua_2025-01-26,grisMejua_2025_01_27__23_31_06_HDR0.jpg,grisMejua_2025_01_27__23_31_06_HDR0_3_Mothbot_yolo11m_4500_imgsz1600_b1_2024-01-18.pt.jpg
doi.org10.15468dl.6nxkw6.csv,Animalia,Arthropoda,Insecta,Hemiptera,,,,,809,,Hemiptera,Hemiptera,Cerro_Hoya_Expedition_Hoya_606m_grisMejua_2025-01-26,grisMejua_2025_01_27__23_32_06_HDR0_0_Mothbot_yolo11m_4500_imgsz1600_b1_2024-01-18.pt.jpg,HS,Mothbot_yolo11m_4500_imgsz1600_b1_2024-01-18.pt,0.7979585528373718,,grisMejua,Cerro_Hoya_Expedition/Hoya_606m_grisMejua_2025-01-26/2025-01-27/patches/grisMejua_2025_01_27__23_32_06_HDR0_0_Mothbot_yolo11m_4500_imgsz1600_b1_2024-01-18.pt.jpg,ORDER_Hemiptera,2025-01-27,23:32:06,,2025_01_27__23_32_06,MachineObservation,Cerro_Hoya_Expedition_Hoya_606m_grisMejua_2025-01-26_2025-01-27,Cerro_Hoya_Expedition_Hoya_606m_grisMejua_2025-01-26,grisMejua_2025_01_27__23_32_06_HDR0.jpg,grisMejua_2025_01_27__23_32_06_HDR0_0_Mothbot_yolo11m_4500_imgsz1600_b1_2024-01-18.pt.jpg
doi.org10.15468dl.6nxkw6.csv,Animalia,Arthropoda,Insecta,Diptera,,,,,811,,Diptera,Diptera,Cerro_Hoya_Expedition_Hoya_606m_grisMejua_2025-01-26,grisMejua_2025_01_27__23_32_06_HDR0_1_Mothbot_yolo11m_4500_imgsz1600_b1_2024-01-18.pt.jpg,HS,Mothbot_yolo11m_4500_imgsz1600_b1_2024-01-18.pt,0.6170349717140198,,grisMejua,Cerro_Hoya_Expedition/Hoya_606m_grisMejua_2025-01-26/2025-01-27/patches/grisMejua_2025_01_27__23_32_06_HDR0_1_Mothbot_yolo11m_4500_imgsz1600_b1_2024-01-18.pt.jpg,ORDER_Diptera,2025-01-27,23:32:06,,2025_01_27__23_32_06,MachineObservation,Cerro_Hoya_Expedition_Hoya_606m_grisMejua_2025-01-26_2025-01-27,Cerro_Hoya_Expedition_Hoya_606m_grisMejua_2025-01-26,grisMejua_2025_01_27__23_32_06_HDR0.jpg,grisMejua_2025_01_27__23_32_06_HDR0_1_Mothbot_yolo11m_4500_imgsz1600_b1_2024-01-18.pt.jpg
doi.org10.15468dl.6nxkw6.csv,Animalia,Arthropoda,Insecta,Lepidoptera,,,,,797,,Lepidoptera,Lepidoptera,Cerro_Hoya_Expedition_Hoya_606m_grisMejua_2025-01-26,grisMejua_2025_01_27__23_32_06_HDR0_2_Mothbot_yolo11m_4500_imgsz1600_b1_2024-01-18.pt.jpg,HS,Mothbot_yolo11m_4500_imgsz1600_b1_2024-01-18.pt,0.4906810224056244,,grisMejua,Cerro_Hoya_Expedition/Hoya_606m_grisMejua_2025-01-26/2025-01-27/patches/grisMejua_2025_01_27__23_32_06_HDR0_2_Mothbot_yolo11m_4500_imgsz1600_b1_2024-01-18.pt.jpg,ORDER_Lepidoptera,2025-01-27,23:32:06,,2025_01_27__23_32_06,MachineObservation,Cerro_Hoya_Expedition_Hoya_606m_grisMejua_2025-01-26_2025-01-27,Cerro_Hoya_Expedition_Hoya_606m_grisMejua_2025-01-26,grisMejua_2025_01_27__23_32_06_HDR0.jpg,grisMejua_2025_01_27__23_32_06_HDR0_2_Mothbot_yolo11m_4500_imgsz1600_b1_2024-01-18.pt.jpg
doi.org10.15468dl.6nxkw6.csv,Animalia,Arthropoda,Insecta,Hemiptera,,,,,809,,Hemiptera,Hemiptera,Cerro_Hoya_Expedition_Hoya_606m_grisMejua_2025-01-26,grisMejua_2025_01_27__23_32_06_HDR0_3_Mothbot_yolo11m_4500_imgsz1600_b1_2024-01-18.pt.jpg,HS,Mothbot_yolo11m_4500_imgsz1600_b1_2024-01-18.pt,0.4285961091518402,,grisMejua,Cerro_Hoya_Expedition/Hoya_606m_grisMejua_2025-01-26/2025-01-27/patches/grisMejua_2025_01_27__23_32_06_HDR0_3_Mothbot_yolo11m_4500_imgsz1600_b1_2024-01-18.pt.jpg,ORDER_Diptera,2025-01-27,23:32:06,,2025_01_27__23_32_06,MachineObservation,Cerro_Hoya_Expedition_Hoya_606m_grisMejua_2025-01-26_2025-01-27,Cerro_Hoya_Expedition_Hoya_606m_grisMejua_2025-01-26,grisMejua_2025_01_27__23_32_06_HDR0.jpg,grisMejua_2025_01_27__23_32_06_HDR0_3_Mothbot_yolo11m_4500_imgsz1600_b1_2024-01-18.pt.jpg
doi.org10.15468dl.6nxkw6.csv,Animalia,Arthropoda,Insecta,Diptera,,,,,811,,Diptera,Diptera,Cerro_Hoya_Expedition_Hoya_606m_grisMejua_2025-01-26,grisMejua_2025_01_27__23_32_06_HDR0_4_Mothbot_yolo11m_4500_imgsz1600_b1_2024-01-18.pt.jpg,HS,Mothbot_yolo11m_4500_imgsz1600_b1_2024-01-18.pt,0.3929189145565033,,grisMejua,Cerro_Hoya_Expedition/Hoya_606m_grisMejua_2025-01-26/2025-01-27/patches/grisMejua_2025_01_27__23_32_06_HDR0_4_Mothbot_yolo11m_4500_imgsz1600_b1_2024-01-18.pt.jpg,ORDER_Diptera,2025-01-27,23:32:06,,2025_01_27__23_32_06,MachineObservation,Cerro_Hoya_Expedition_Hoya_606m_grisMejua_2025-01-26_2025-01-27,Cerro_Hoya_Expedition_Hoya_606m_grisMejua_2025-01-26,grisMejua_2025_01_27__23_32_06_HDR0.jpg,grisMejua_2025_01_27__23_32_06_HDR0_4_Mothbot_yolo11m_4500_imgsz1600_b1_2024-01-18.pt.jpg
,,,,,,,,,,,,ERROR,Cerro_Hoya_Expedition_Hoya_606m_grisMejua_2025-01-26,grisMejua_2025_01_27__23_32_06_HDR0_5_Mothbot_yolo11m_4500_imgsz1600_b1_2024-01-18.pt.jpg,HS,Mothbot_yolo11m_4500_imgsz1600_b1_2024-01-18.pt,0.2705073356628418,,grisMejua,Cerro_Hoya_Expedition/Hoya_606m_grisMejua_2025-01-26/2025-01-27/patches/grisMejua_2025_01_27__23_32_06_HDR0_5_Mothbot_yolo11m_4500_imgsz1600_b1_2024-01-18.pt.jpg,ORDER_Psocodea,2025-01-27,23:32:06,,2025_01_27__23_32_06,MachineObservation,Cerro_Hoya_Expedition_Hoya_606m_grisMejua_2025-01-26_2025-01-27,Cerro_Hoya_Expedition_Hoya_606m_grisMejua_2025-01-26,grisMejua_2025_01_27__23_32_06_HDR0.jpg,grisMejua_2025_01_27__23_32_06_HDR0_5_Mothbot_yolo11m_4500_imgsz1600_b1_2024-01-18.pt.jpg
doi.org10.15468dl.6nxkw6.csv,Animalia,Arthropoda,Insecta,Lepidoptera,,,,,797,,Lepidoptera,Lepidoptera,Cerro_Hoya_Expedition_Hoya_606m_grisMejua_2025-01-26,grisMejua_2025_01_27__23_33_06_HDR0_0_Mothbot_yolo11m_4500_imgsz1600_b1_2024-01-18.pt.jpg,HS,Mothbot_yolo11m_4500_imgsz1600_b1_2024-01-18.pt,0.46360766887664795,,grisMejua,Cerro_Hoya_Expedition/Hoya_606m_grisMejua_2025-01-26/2025-01-27/patches/grisMejua_2025_01_27__23_33_06_HDR0_0_Mothbot_yolo11m_4500_imgsz1600_b1_2024-01-18.pt.jpg,ORDER_Lepidoptera,2025-01-27,23:33:06,,2025_01_27__23_33_06,MachineObservation,Cerro_Hoya_Expedition_Hoya_606m_grisMejua_2025-01-26_2025-01-27,Cerro_Hoya_Expedition_Hoya_606m_grisMejua_2025-01-26,grisMejua_2025_01_27__23_33_06_HDR0.jpg,grisMejua_2025_01_27__23_33_06_HDR0_0_Mothbot_yolo11m_4500_imgsz1600_b1_2024-01-18.pt.jpg
doi.org10.15468dl.6nxkw6.csv,Animalia,Arthropoda,Insecta,Hemiptera,,,,,809,,Hemiptera,Hemiptera,Cerro_Hoya_Expedition_Hoya_606m_grisMejua_2025-01-26,grisMejua_2025_01_27__23_33_06_HDR0_1_Mothbot_yolo11m_4500_imgsz1600_b1_2024-01-18.pt.jpg,HS,Mothbot_yolo11m_4500_imgsz1600_b1_2024-01-18.pt,0.3100283145904541,,grisMejua,Cerro_Hoya_Expedition/Hoya_606m_grisMejua_2025-01-26/2025-01-27/patches/grisMejua_2025_01_27__23_33_06_HDR0_1_Mothbot_yolo11m_4500_imgsz1600_b1_2024-01-18.pt.jpg,ORDER_Diptera,2025-01-27,23:33:06,,2025_01_27__23_33_06,MachineObservation,Cerro_Hoya_Expedition_Hoya_606m_grisMejua_2025-01-26_2025-01-27,Cerro_Hoya_Expedition_Hoya_606m_grisMejua_2025-01-26,grisMejua_2025_01_27__23_33_06_HDR0.jpg,grisMejua_2025_01_27__23_33_06_HDR0_1_Mothbot_yolo11m_4500_imgsz1600_b1_2024-01-18.pt.jpg
doi.org10.15468dl.6nxkw6.csv,Animalia,Arthropoda,Insecta,Diptera,,,,,811,,Diptera,Diptera,Cerro_Hoya_Expedition_Hoya_606m_grisMejua_2025-01-26,grisMejua_2025_01_27__23_34_06_HDR0_0_Mothbot_yolo11m_4500_imgsz1600_b1_2024-01-18.pt.jpg,HS,Mothbot_yolo11m_4500_imgsz1600_b1_2024-01-18.pt,0.7160586714744568,,grisMejua,Cerro_Hoya_Expedition/Hoya_606m_grisMejua_2025-01-26/2025-01-27/patches/grisMejua_2025_01_27__23_34_06_HDR0_0_Mothbot_yolo11m_4500_imgsz1600_b1_2024-01-18.pt.jpg,ORDER_Diptera,2025-01-27,23:34:06,,2025_01_27__23_34_06,MachineObservation,Cerro_Hoya_Expedition_Hoya_606m_grisMejua_2025-01-26_2025-01-27,Cerro_Hoya_Expedition_Hoya_606m_grisMejua_2025-01-26,grisMejua_2025_01_27__23_34_06_HDR0.jpg,grisMejua_2025_01_27__23_34_06_HDR0_0_Mothbot_yolo11m_4500_imgsz1600_b1_2024-01-18.pt.jpg
doi.org10.15468dl.6nxkw6.csv,Animalia,Arthropoda,Insecta,Lepidoptera,,,,,797,,Lepidoptera,Lepidoptera,Cerro_Hoya_Expedition_Hoya_606m_grisMejua_2025-01-26,grisMejua_2025_01_27__23_34_06_HDR0_1_Mothbot_yolo11m_4500_imgsz1600_b1_2024-01-18.pt.jpg,HS,Mothbot_yolo11m_4500_imgsz1600_b1_2024-01-18.pt,0.5412930846214294,,grisMejua,Cerro_Hoya_Expedition/Hoya_606m_grisMejua_2025-01-26/2025-01-27/patches/grisMejua_2025_01_27__23_34_06_HDR0_1_Mothbot_yolo11m_4500_imgsz1600_b1_2024-01-18.pt.jpg,ORDER_Lepidoptera,2025-01-27,23:34:06,,2025_01_27__23_34_06,MachineObservation,Cerro_Hoya_Expedition_Hoya_606m_grisMejua_2025-01-26_2025-01-27,Cerro_Hoya_Expedition_Hoya_606m_grisMejua_2025-01-26,grisMejua_2025_01_27__23_34_06_HDR0.jpg,grisMejua_2025_01_27__23_34_06_HDR0_1_Mothbot_yolo11m_4500_imgsz1600_b1_2024-01-18.pt.jpg
doi.org10.15468dl.6nxkw6.csv,Animalia,Arthropoda,Insecta,Diptera,,,,,811,,Diptera,Diptera,Cerro_Hoya_Expedition_Hoya_606m_grisMejua_2025-01-26,grisMejua_2025_01_27__23_34_06_HDR0_2_Mothbot_yolo11m_4500_imgsz1600_b1_2024-01-18.pt.jpg,HS,Mothbot_yolo11m_4500_imgsz1600_b1_2024-01-18.pt,0.47882702946662903,,grisMejua,Cerro_Hoya_Expedition/Hoya_606m_grisMejua_2025-01-26/2025-01-27/patches/grisMejua_2025_01_27__23_34_06_HDR0_2_Mothbot_yolo11m_4500_imgsz1600_b1_2024-01-18.pt.jpg,ORDER_Diptera,2025-01-27,23:34:06,,2025_01_27__23_34_06,MachineObservation,Cerro_Hoya_Expedition_Hoya_606m_grisMejua_2025-01-26_2025-01-27,Cerro_Hoya_Expedition_Hoya_606m_grisMejua_2025-01-26,grisMejua_2025_01_27__23_34_06_HDR0.jpg,grisMejua_2025_01_27__23_34_06_HDR0_2_Mothbot_yolo11m_4500_imgsz1600_b1_2024-01-18.pt.jpg
doi.org10.15468dl.6nxkw6.csv,Animalia,Arthropoda,Insecta,Hemiptera,,,,,809,,Hemiptera,Hemiptera,Cerro_Hoya_Expedition_Hoya_606m_grisMejua_2025-01-26,grisMejua_2025_01_27__23_34_06_HDR0_3_Mothbot_yolo11m_4500_imgsz1600_b1_2024-01-18.pt.jpg,HS,Mothbot_yolo11m_4500_imgsz1600_b1_2024-01-18.pt,0.320250004529953,,grisMejua,Cerro_Hoya_Expedition/Hoya_606m_grisMejua_2025-01-26/2025-01-27/patches/grisMejua_2025_01_27__23_34_06_HDR0_3_Mothbot_yolo11m_4500_imgsz1600_b1_2024-01-18.pt.jpg,ORDER_Diptera,2025-01-27,23:34:06,,2025_01_27__23_34_06,MachineObservation,Cerro_Hoya_Expedition_Hoya_606m_grisMejua_2025-01-26_2025-01-27,Cerro_Hoya_Expedition_Hoya_606m_grisMejua_2025-01-26,grisMejua_2025_01_27__23_34_06_HDR0.jpg,grisMejua_2025_01_27__23_34_06_HDR0_3_Mothbot_yolo11m_4500_imgsz1600_b1_2024-01-18.pt.jpg
doi.org10.15468dl.6nxkw6.csv,Animalia,Arthropoda,Insecta,Diptera,,,,,811,,Diptera,Diptera,Cerro_Hoya_Expedition_Hoya_606m_grisMejua_2025-01-26,grisMejua_2025_01_27__23_35_05_HDR0_0_Mothbot_yolo11m_4500_imgsz1600_b1_2024-01-18.pt.jpg,HS,Mothbot_yolo11m_4500_imgsz1600_b1_2024-01-18.pt,0.7023213505744934,,grisMejua,Cerro_Hoya_Expedition/Hoya_606m_grisMejua_2025-01-26/2025-01-27/patches/grisMejua_2025_01_27__23_35_05_HDR0_0_Mothbot_yolo11m_4500_imgsz1600_b1_2024-01-18.pt.jpg,ORDER_Hymenoptera,2025-01-27,23:35:05,,2025_01_27__23_35_05,MachineObservation,Cerro_Hoya_Expedition_Hoya_606m_grisMejua_2025-01-26_2025-01-27,Cerro_Hoya_Expedition_Hoya_606m_grisMejua_2025-01-26,grisMejua_2025_01_27__23_35_05_HDR0.jpg,grisMejua_2025_01_27__23_35_05_HDR0_0_Mothbot_yolo11m_4500_imgsz1600_b1_2024-01-18.pt.jpg
doi.org10.15468dl.6nxkw6.csv,Animalia,Arthropoda,Insecta,Lepidoptera,,,,,797,,Lepidoptera,Lepidoptera,Cerro_Hoya_Expedition_Hoya_606m_grisMejua_2025-01-26,grisMejua_2025_01_27__23_35_05_HDR0_1_Mothbot_yolo11m_4500_imgsz1600_b1_2024-01-18.pt.jpg,HS,Mothbot_yolo11m_4500_imgsz1600_b1_2024-01-18.pt,0.5555717945098877,,grisMejua,Cerro_Hoya_Expedition/Hoya_606m_grisMejua_2025-01-26/2025-01-27/patches/grisMejua_2025_01_27__23_35_05_HDR0_1_Mothbot_yolo11m_4500_imgsz1600_b1_2024-01-18.pt.jpg,ORDER_Lepidoptera,2025-01-27,23:35:05,,2025_01_27__23_35_05,MachineObservation,Cerro_Hoya_Expedition_Hoya_606m_grisMejua_2025-01-26_2025-01-27,Cerro_Hoya_Expedition_Hoya_606m_grisMejua_2025-01-26,grisMejua_2025_01_27__23_35_05_HDR0.jpg,grisMejua_2025_01_27__23_35_05_HDR0_1_Mothbot_yolo11m_4500_imgsz1600_b1_2024-01-18.pt.jpg
doi.org10.15468dl.6nxkw6.csv,Animalia,Arthropoda,Insecta,Hemiptera,,,,,809,,Hemiptera,Hemiptera,Cerro_Hoya_Expedition_Hoya_606m_grisMejua_2025-01-26,grisMejua_2025_01_27__23_35_05_HDR0_2_Mothbot_yolo11m_4500_imgsz1600_b1_2024-01-18.pt.jpg,HS,Mothbot_yolo11m_4500_imgsz1600_b1_2024-01-18.pt,0.4446887671947479,,grisMejua,Cerro_Hoya_Expedition/Hoya_606m_grisMejua_2025-01-26/2025-01-27/patches/grisMejua_2025_01_27__23_35_05_HDR0_2_Mothbot_yolo11m_4500_imgsz1600_b1_2024-01-18.pt.jpg,ORDER_Diptera,2025-01-27,23:35:05,,2025_01_27__23_35_05,MachineObservation,Cerro_Hoya_Expedition_Hoya_606m_grisMejua_2025-01-26_2025-01-27,Cerro_Hoya_Expedition_Hoya_606m_grisMejua_2025-01-26,grisMejua_2025_01_27__23_35_05_HDR0.jpg,grisMejua_2025_01_27__23_35_05_HDR0_2_Mothbot_yolo11m_4500_imgsz1600_b1_2024-01-18.pt.jpg
doi.org10.15468dl.6nxkw6.csv,Animalia,Arthropoda,Insecta,Hemiptera,,,,,809,,Hemiptera,Hemiptera,Cerro_Hoya_Expedition_Hoya_606m_grisMejua_2025-01-26,grisMejua_2025_01_27__23_36_22_HDR0_0_Mothbot_yolo11m_4500_imgsz1600_b1_2024-01-18.pt.jpg,HS,Mothbot_yolo11m_4500_imgsz1600_b1_2024-01-18.pt,0.4840337634086609,,grisMejua,Cerro_Hoya_Expedition/Hoya_606m_grisMejua_2025-01-26/2025-01-27/patches/grisMejua_2025_01_27__23_36_22_HDR0_0_Mothbot_yolo11m_4500_imgsz1600_b1_2024-01-18.pt.jpg,ORDER_Hemiptera,2025-01-27,23:36:22,,2025_01_27__23_36_22,MachineObservation,Cerro_Hoya_Expedition_Hoya_606m_grisMejua_2025-01-26_2025-01-27,Cerro_Hoya_Expedition_Hoya_606m_grisMejua_2025-01-26,grisMejua_2025_01_27__23_36_22_HDR0.jpg,grisMejua_2025_01_27__23_36_22_HDR0_0_Mothbot_yolo11m_4500_imgsz1600_b1_2024-01-18.pt.jpg
doi.org10.15468dl.6nxkw6.csv,Animalia,Arthropoda,Insecta,Lepidoptera,,,,,797,,Lepidoptera,Lepidoptera,Cerro_Hoya_Expedition_Hoya_606m_grisMejua_2025-01-26,grisMejua_2025_01_27__23_36_22_HDR0_1_Mothbot_yolo11m_4500_imgsz1600_b1_2024-01-18.pt.jpg,HS,Mothbot_yolo11m_4500_imgsz1600_b1_2024-01-18.pt,0.3252744674682617,,grisMejua,Cerro_Hoya_Expedition/Hoya_606m_grisMejua_2025-01-26/2025-01-27/patches/grisMejua_2025_01_27__23_36_22_HDR0_1_Mothbot_yolo11m_4500_imgsz1600_b1_2024-01-18.pt.jpg,ORDER_Lepidoptera,2025-01-27,23:36:22,,2025_01_27__23_36_22,MachineObservation,Cerro_Hoya_Expedition_Hoya_606m_grisMejua_2025-01-26_2025-01-27,Cerro_Hoya_Expedition_Hoya_606m_grisMejua_2025-01-26,grisMejua_2025_01_27__23_36_22_HDR0.jpg,grisMejua_2025_01_27__23_36_22_HDR0_1_Mothbot_yolo11m_4500_imgsz1600_b1_2024-01-18.pt.jpg
doi.org10.15468dl.6nxkw6.csv,Animalia,Arthropoda,Insecta,Hemiptera,,,,,809,,Hemiptera,Hemiptera,Cerro_Hoya_Expedition_Hoya_606m_grisMejua_2025-01-26,grisMejua_2025_01_27__23_37_06_HDR0_0_Mothbot_yolo11m_4500_imgsz1600_b1_2024-01-18.pt.jpg,HS,Mothbot_yolo11m_4500_imgsz1600_b1_2024-01-18.pt,0.8407864570617676,,grisMejua,Cerro_Hoya_Expedition/Hoya_606m_grisMejua_2025-01-26/2025-01-27/patches/grisMejua_2025_01_27__23_37_06_HDR0_0_Mothbot_yolo11m_4500_imgsz1600_b1_2024-01-18.pt.jpg,ORDER_Hemiptera,2025-01-27,23:37:06,,2025_01_27__23_37_06,MachineObservation,Cerro_Hoya_Expedition_Hoya_606m_grisMejua_2025-01-26_2025-01-27,Cerro_Hoya_Expedition_Hoya_606m_grisMejua_2025-01-26,grisMejua_2025_01_27__23_37_06_HDR0.jpg,grisMejua_2025_01_27__23_37_06_HDR0_0_Mothbot_yolo11m_4500_imgsz1600_b1_2024-01-18.pt.jpg
doi.org10.15468dl.6nxkw6.csv,Animalia,Arthropoda,Insecta,Hemiptera,,,,,809,,Hemiptera,Hemiptera,Cerro_Hoya_Expedition_Hoya_606m_grisMejua_2025-01-26,grisMejua_2025_01_27__23_37_06_HDR0_1_Mothbot_yolo11m_4500_imgsz1600_b1_2024-01-18.pt.jpg,HS,Mothbot_yolo11m_4500_imgsz1600_b1_2024-01-18.pt,0.4093833267688751,,grisMejua,Cerro_Hoya_Expedition/Hoya_606m_grisMejua_2025-01-26/2025-01-27/patches/grisMejua_2025_01_27__23_37_06_HDR0_1_Mothbot_yolo11m_4500_imgsz1600_b1_2024-01-18.pt.jpg,ORDER_Diptera,2025-01-27,23:37:06,,2025_01_27__23_37_06,MachineObservation,Cerro_Hoya_Expedition_Hoya_606m_grisMejua_2025-01-26_2025-01-27,Cerro_Hoya_Expedition_Hoya_606m_grisMejua_2025-01-26,grisMejua_2025_01_27__23_37_06_HDR0.jpg,grisMejua_2025_01_27__23_37_06_HDR0_1_Mothbot_yolo11m_4500_imgsz1600_b1_2024-01-18.pt.jpg
doi.org10.15468dl.6nxkw6.csv,Animalia,Arthropoda,Insecta,Hemiptera,,,,,809,,Hemiptera,Hemiptera,Cerro_Hoya_Expedition_Hoya_606m_grisMejua_2025-01-26,grisMejua_2025_01_27__23_38_05_HDR0_0_Mothbot_yolo11m_4500_imgsz1600_b1_2024-01-18.pt.jpg,HS,Mothbot_yolo11m_4500_imgsz1600_b1_2024-01-18.pt,0.7380034327507019,,grisMejua,Cerro_Hoya_Expedition/Hoya_606m_grisMejua_2025-01-26/2025-01-27/patches/grisMejua_2025_01_27__23_38_05_HDR0_0_Mothbot_yolo11m_4500_imgsz1600_b1_2024-01-18.pt.jpg,ORDER_Hemiptera,2025-01-27,23:38:05,,2025_01_27__23_38_05,MachineObservation,Cerro_Hoya_Expedition_Hoya_606m_grisMejua_2025-01-26_2025-01-27,Cerro_Hoya_Expedition_Hoya_606m_grisMejua_2025-01-26,grisMejua_2025_01_27__23_38_05_HDR0.jpg,grisMejua_2025_01_27__23_38_05_HDR0_0_Mothbot_yolo11m_4500_imgsz1600_b1_2024-01-18.pt.jpg
doi.org10.15468dl.6nxkw6.csv,Animalia,Arthropoda,Insecta,Hemiptera,,,,,809,,Hemiptera,Hemiptera,Cerro_Hoya_Expedition_Hoya_606m_grisMejua_2025-01-26,grisMejua_2025_01_27__23_38_05_HDR0_1_Mothbot_yolo11m_4500_imgsz1600_b1_2024-01-18.pt.jpg,HS,Mothbot_yolo11m_4500_imgsz1600_b1_2024-01-18.pt,0.5536384582519531,,grisMejua,Cerro_Hoya_Expedition/Hoya_606m_grisMejua_2025-01-26/2025-01-27/patches/grisMejua_2025_01_27__23_38_05_HDR0_1_Mothbot_yolo11m_4500_imgsz1600_b1_2024-01-18.pt.jpg,ORDER_Diptera,2025-01-27,23:38:05,,2025_01_27__23_38_05,MachineObservation,Cerro_Hoya_Expedition_Hoya_606m_grisMejua_2025-01-26_2025-01-27,Cerro_Hoya_Expedition_Hoya_606m_grisMejua_2025-01-26,grisMejua_2025_01_27__23_38_05_HDR0.jpg,grisMejua_2025_01_27__23_38_05_HDR0_1_Mothbot_yolo11m_4500_imgsz1600_b1_2024-01-18.pt.jpg
doi.org10.15468dl.6nxkw6.csv,Animalia,Arthropoda,Insecta,Diptera,,,,,811,,Diptera,Diptera,Cerro_Hoya_Expedition_Hoya_606m_grisMejua_2025-01-26,grisMejua_2025_01_27__23_39_05_HDR0_0_Mothbot_yolo11m_4500_imgsz1600_b1_2024-01-18.pt.jpg,HS,Mothbot_yolo11m_4500_imgsz1600_b1_2024-01-18.pt,0.783626139163971,,grisMejua,Cerro_Hoya_Expedition/Hoya_606m_grisMejua_2025-01-26/2025-01-27/patches/grisMejua_2025_01_27__23_39_05_HDR0_0_Mothbot_yolo11m_4500_imgsz1600_b1_2024-01-18.pt.jpg,ORDER_Diptera,2025-01-27,23:39:05,,2025_01_27__23_39_05,MachineObservation,Cerro_Hoya_Expedition_Hoya_606m_grisMejua_2025-01-26_2025-01-27,Cerro_Hoya_Expedition_Hoya_606m_grisMejua_2025-01-26,grisMejua_2025_01_27__23_39_05_HDR0.jpg,grisMejua_2025_01_27__23_39_05_HDR0_0_Mothbot_yolo11m_4500_imgsz1600_b1_2024-01-18.pt.jpg
doi.org10.15468dl.6nxkw6.csv,Animalia,Arthropoda,Insecta,Diptera,,,,,811,,Diptera,Diptera,Cerro_Hoya_Expedition_Hoya_606m_grisMejua_2025-01-26,grisMejua_2025_01_27__23_39_05_HDR0_1_Mothbot_yolo11m_4500_imgsz1600_b1_2024-01-18.pt.jpg,HS,Mothbot_yolo11m_4500_imgsz1600_b1_2024-01-18.pt,0.7196882963180542,,grisMejua,Cerro_Hoya_Expedition/Hoya_606m_grisMejua_2025-01-26/2025-01-27/patches/grisMejua_2025_01_27__23_39_05_HDR0_1_Mothbot_yolo11m_4500_imgsz1600_b1_2024-01-18.pt.jpg,ORDER_Hemiptera,2025-01-27,23:39:05,,2025_01_27__23_39_05,MachineObservation,Cerro_Hoya_Expedition_Hoya_606m_grisMejua_2025-01-26_2025-01-27,Cerro_Hoya_Expedition_Hoya_606m_grisMejua_2025-01-26,grisMejua_2025_01_27__23_39_05_HDR0.jpg,grisMejua_2025_01_27__23_39_05_HDR0_1_Mothbot_yolo11m_4500_imgsz1600_b1_2024-01-18.pt.jpg
doi.org10.15468dl.6nxkw6.csv,Animalia,Arthropoda,Insecta,Hemiptera,,,,,809,,Hemiptera,Hemiptera,Cerro_Hoya_Expedition_Hoya_606m_grisMejua_2025-01-26,grisMejua_2025_01_27__23_39_05_HDR0_2_Mothbot_yolo11m_4500_imgsz1600_b1_2024-01-18.pt.jpg,HS,Mothbot_yolo11m_4500_imgsz1600_b1_2024-01-18.pt,0.7041803598403931,,grisMejua,Cerro_Hoya_Expedition/Hoya_606m_grisMejua_2025-01-26/2025-01-27/patches/grisMejua_2025_01_27__23_39_05_HDR0_2_Mothbot_yolo11m_4500_imgsz1600_b1_2024-01-18.pt.jpg,ORDER_Hemiptera,2025-01-27,23:39:05,,2025_01_27__23_39_05,MachineObservation,Cerro_Hoya_Expedition_Hoya_606m_grisMejua_2025-01-26_2025-01-27,Cerro_Hoya_Expedition_Hoya_606m_grisMejua_2025-01-26,grisMejua_2025_01_27__23_39_05_HDR0.jpg,grisMejua_2025_01_27__23_39_05_HDR0_2_Mothbot_yolo11m_4500_imgsz1600_b1_2024-01-18.pt.jpg
doi.org10.15468dl.6nxkw6.csv,Animalia,Arthropoda,Insecta,Hemiptera,,,,,809,,Hemiptera,Hemiptera,Cerro_Hoya_Expedition_Hoya_606m_grisMejua_2025-01-26,grisMejua_2025_01_27__23_39_05_HDR0_3_Mothbot_yolo11m_4500_imgsz1600_b1_2024-01-18.pt.jpg,HS,Mothbot_yolo11m_4500_imgsz1600_b1_2024-01-18.pt,0.5423724055290222,,grisMejua,Cerro_Hoya_Expedition/Hoya_606m_grisMejua_2025-01-26/2025-01-27/patches/grisMejua_2025_01_27__23_39_05_HDR0_3_Mothbot_yolo11m_4500_imgsz1600_b1_2024-01-18.pt.jpg,ORDER_Coleoptera,2025-01-27,23:39:05,,2025_01_27__23_39_05,MachineObservation,Cerro_Hoya_Expedition_Hoya_606m_grisMejua_2025-01-26_2025-01-27,Cerro_Hoya_Expedition_Hoya_606m_grisMejua_2025-01-26,grisMejua_2025_01_27__23_39_05_HDR0.jpg,grisMejua_2025_01_27__23_39_05_HDR0_3_Mothbot_yolo11m_4500_imgsz1600_b1_2024-01-18.pt.jpg
doi.org10.15468dl.6nxkw6.csv,Animalia,Arthropoda,Insecta,Diptera,,,,,811,,Diptera,Diptera,Cerro_Hoya_Expedition_Hoya_606m_grisMejua_2025-01-26,grisMejua_2025_01_27__23_39_05_HDR0_4_Mothbot_yolo11m_4500_imgsz1600_b1_2024-01-18.pt.jpg,HS,Mothbot_yolo11m_4500_imgsz1600_b1_2024-01-18.pt,0.2938046157360077,,grisMejua,Cerro_Hoya_Expedition/Hoya_606m_grisMejua_2025-01-26/2025-01-27/patches/grisMejua_2025_01_27__23_39_05_HDR0_4_Mothbot_yolo11m_4500_imgsz1600_b1_2024-01-18.pt.jpg,ORDER_Diptera,2025-01-27,23:39:05,,2025_01_27__23_39_05,MachineObservation,Cerro_Hoya_Expedition_Hoya_606m_grisMejua_2025-01-26_2025-01-27,Cerro_Hoya_Expedition_Hoya_606m_grisMejua_2025-01-26,grisMejua_2025_01_27__23_39_05_HDR0.jpg,grisMejua_2025_01_27__23_39_05_HDR0_4_Mothbot_yolo11m_4500_imgsz1600_b1_2024-01-18.pt.jpg
doi.org10.15468dl.6nxkw6.csv,Animalia,Arthropoda,Insecta,Diptera,,,,,811,,Diptera,Diptera,Cerro_Hoya_Expedition_Hoya_606m_grisMejua_2025-01-26,grisMejua_2025_01_27__23_40_06_HDR0_0_Mothbot_yolo11m_4500_imgsz1600_b1_2024-01-18.pt.jpg,HS,Mothbot_yolo11m_4500_imgsz1600_b1_2024-01-18.pt,0.6660733222961426,,grisMejua,Cerro_Hoya_Expedition/Hoya_606m_grisMejua_2025-01-26/2025-01-27/patches/grisMejua_2025_01_27__23_40_06_HDR0_0_Mothbot_yolo11m_4500_imgsz1600_b1_2024-01-18.pt.jpg,ORDER_Diptera,2025-01-27,23:40:06,,2025_01_27__23_40_06,MachineObservation,Cerro_Hoya_Expedition_Hoya_606m_grisMejua_2025-01-26_2025-01-27,Cerro_Hoya_Expedition_Hoya_606m_grisMejua_2025-01-26,grisMejua_2025_01_27__23_40_06_HDR0.jpg,grisMejua_2025_01_27__23_40_06_HDR0_0_Mothbot_yolo11m_4500_imgsz1600_b1_2024-01-18.pt.jpg
doi.org10.15468dl.6nxkw6.csv,Animalia,Arthropoda,Insecta,Hemiptera,,,,,809,,Hemiptera,Hemiptera,Cerro_Hoya_Expedition_Hoya_606m_grisMejua_2025-01-26,grisMejua_2025_01_27__23_40_06_HDR0_1_Mothbot_yolo11m_4500_imgsz1600_b1_2024-01-18.pt.jpg,HS,Mothbot_yolo11m_4500_imgsz1600_b1_2024-01-18.pt,0.6175986528396606,,grisMejua,Cerro_Hoya_Expedition/Hoya_606m_grisMejua_2025-01-26/2025-01-27/patches/grisMejua_2025_01_27__23_40_06_HDR0_1_Mothbot_yolo11m_4500_imgsz1600_b1_2024-01-18.pt.jpg,ORDER_Coleoptera,2025-01-27,23:40:06,,2025_01_27__23_40_06,MachineObservation,Cerro_Hoya_Expedition_Hoya_606m_grisMejua_2025-01-26_2025-01-27,Cerro_Hoya_Expedition_Hoya_606m_grisMejua_2025-01-26,grisMejua_2025_01_27__23_40_06_HDR0.jpg,grisMejua_2025_01_27__23_40_06_HDR0_1_Mothbot_yolo11m_4500_imgsz1600_b1_2024-01-18.pt.jpg
doi.org10.15468dl.6nxkw6.csv,Animalia,Arthropoda,Insecta,Hemiptera,,,,,809,,Hemiptera,Hemiptera,Cerro_Hoya_Expedition_Hoya_606m_grisMejua_2025-01-26,grisMejua_2025_01_27__23_41_06_HDR0_0_Mothbot_yolo11m_4500_imgsz1600_b1_2024-01-18.pt.jpg,HS,Mothbot_yolo11m_4500_imgsz1600_b1_2024-01-18.pt,0.7950592637062073,,grisMejua,Cerro_Hoya_Expedition/Hoya_606m_grisMejua_2025-01-26/2025-01-27/patches/grisMejua_2025_01_27__23_41_06_HDR0_0_Mothbot_yolo11m_4500_imgsz1600_b1_2024-01-18.pt.jpg,ORDER_Hemiptera,2025-01-27,23:41:06,,2025_01_27__23_41_06,MachineObservation,Cerro_Hoya_Expedition_Hoya_606m_grisMejua_2025-01-26_2025-01-27,Cerro_Hoya_Expedition_Hoya_606m_grisMejua_2025-01-26,grisMejua_2025_01_27__23_41_06_HDR0.jpg,grisMejua_2025_01_27__23_41_06_HDR0_0_Mothbot_yolo11m_4500_imgsz1600_b1_2024-01-18.pt.jpg
doi.org10.15468dl.6nxkw6.csv,Animalia,Arthropoda,Insecta,Hemiptera,,,,,809,,Hemiptera,Hemiptera,Cerro_Hoya_Expedition_Hoya_606m_grisMejua_2025-01-26,grisMejua_2025_01_27__23_41_06_HDR0_1_Mothbot_yolo11m_4500_imgsz1600_b1_2024-01-18.pt.jpg,HS,Mothbot_yolo11m_4500_imgsz1600_b1_2024-01-18.pt,0.5647938847541809,,grisMejua,Cerro_Hoya_Expedition/Hoya_606m_grisMejua_2025-01-26/2025-01-27/patches/grisMejua_2025_01_27__23_41_06_HDR0_1_Mothbot_yolo11m_4500_imgsz1600_b1_2024-01-18.pt.jpg,ORDER_Diptera,2025-01-27,23:41:06,,2025_01_27__23_41_06,MachineObservation,Cerro_Hoya_Expedition_Hoya_606m_grisMejua_2025-01-26_2025-01-27,Cerro_Hoya_Expedition_Hoya_606m_grisMejua_2025-01-26,grisMejua_2025_01_27__23_41_06_HDR0.jpg,grisMejua_2025_01_27__23_41_06_HDR0_1_Mothbot_yolo11m_4500_imgsz1600_b1_2024-01-18.pt.jpg
doi.org10.15468dl.6nxkw6.csv,Animalia,Arthropoda,Insecta,Diptera,,,,,811,,Diptera,Diptera,Cerro_Hoya_Expedition_Hoya_606m_grisMejua_2025-01-26,grisMejua_2025_01_27__23_42_06_HDR0_0_Mothbot_yolo11m_4500_imgsz1600_b1_2024-01-18.pt.jpg,HS,Mothbot_yolo11m_4500_imgsz1600_b1_2024-01-18.pt,0.5499269962310791,,grisMejua,Cerro_Hoya_Expedition/Hoya_606m_grisMejua_2025-01-26/2025-01-27/patches/grisMejua_2025_01_27__23_42_06_HDR0_0_Mothbot_yolo11m_4500_imgsz1600_b1_2024-01-18.pt.jpg,ORDER_Diptera,2025-01-27,23:42:06,,2025_01_27__23_42_06,MachineObservation,Cerro_Hoya_Expedition_Hoya_606m_grisMejua_2025-01-26_2025-01-27,Cerro_Hoya_Expedition_Hoya_606m_grisMejua_2025-01-26,grisMejua_2025_01_27__23_42_06_HDR0.jpg,grisMejua_2025_01_27__23_42_06_HDR0_0_Mothbot_yolo11m_4500_imgsz1600_b1_2024-01-18.pt.jpg
doi.org10.15468dl.6nxkw6.csv,Animalia,Arthropoda,Insecta,Hemiptera,,,,,809,,Hemiptera,Hemiptera,Cerro_Hoya_Expedition_Hoya_606m_grisMejua_2025-01-26,grisMejua_2025_01_27__23_42_06_HDR0_1_Mothbot_yolo11m_4500_imgsz1600_b1_2024-01-18.pt.jpg,HS,Mothbot_yolo11m_4500_imgsz1600_b1_2024-01-18.pt,0.5202078223228455,,grisMejua,Cerro_Hoya_Expedition/Hoya_606m_grisMejua_2025-01-26/2025-01-27/patches/grisMejua_2025_01_27__23_42_06_HDR0_1_Mothbot_yolo11m_4500_imgsz1600_b1_2024-01-18.pt.jpg,ORDER_Diptera,2025-01-27,23:42:06,,2025_01_27__23_42_06,MachineObservation,Cerro_Hoya_Expedition_Hoya_606m_grisMejua_2025-01-26_2025-01-27,Cerro_Hoya_Expedition_Hoya_606m_grisMejua_2025-01-26,grisMejua_2025_01_27__23_42_06_HDR0.jpg,grisMejua_2025_01_27__23_42_06_HDR0_1_Mothbot_yolo11m_4500_imgsz1600_b1_2024-01-18.pt.jpg
doi.org10.15468dl.6nxkw6.csv,Animalia,Arthropoda,Insecta,Lepidoptera,,,,,797,,Lepidoptera,Lepidoptera,Cerro_Hoya_Expedition_Hoya_606m_grisMejua_2025-01-26,grisMejua_2025_01_27__23_43_23_HDR0_0_Mothbot_yolo11m_4500_imgsz1600_b1_2024-01-18.pt.jpg,HS,Mothbot_yolo11m_4500_imgsz1600_b1_2024-01-18.pt,0.8403711318969727,,grisMejua,Cerro_Hoya_Expedition/Hoya_606m_grisMejua_2025-01-26/2025-01-27/patches/grisMejua_2025_01_27__23_43_23_HDR0_0_Mothbot_yolo11m_4500_imgsz1600_b1_2024-01-18.pt.jpg,ORDER_Lepidoptera,2025-01-27,23:43:23,,2025_01_27__23_43_23,MachineObservation,Cerro_Hoya_Expedition_Hoya_606m_grisMejua_2025-01-26_2025-01-27,Cerro_Hoya_Expedition_Hoya_606m_grisMejua_2025-01-26,grisMejua_2025_01_27__23_43_23_HDR0.jpg,grisMejua_2025_01_27__23_43_23_HDR0_0_Mothbot_yolo11m_4500_imgsz1600_b1_2024-01-18.pt.jpg
doi.org10.15468dl.6nxkw6.csv,Animalia,Arthropoda,Insecta,Hemiptera,,,,,809,,Hemiptera,Hemiptera,Cerro_Hoya_Expedition_Hoya_606m_grisMejua_2025-01-26,grisMejua_2025_01_27__23_43_23_HDR0_1_Mothbot_yolo11m_4500_imgsz1600_b1_2024-01-18.pt.jpg,HS,Mothbot_yolo11m_4500_imgsz1600_b1_2024-01-18.pt,0.8157308101654053,,grisMejua,Cerro_Hoya_Expedition/Hoya_606m_grisMejua_2025-01-26/2025-01-27/patches/grisMejua_2025_01_27__23_43_23_HDR0_1_Mothbot_yolo11m_4500_imgsz1600_b1_2024-01-18.pt.jpg,ORDER_Hemiptera,2025-01-27,23:43:23,,2025_01_27__23_43_23,MachineObservation,Cerro_Hoya_Expedition_Hoya_606m_grisMejua_2025-01-26_2025-01-27,Cerro_Hoya_Expedition_Hoya_606m_grisMejua_2025-01-26,grisMejua_2025_01_27__23_43_23_HDR0.jpg,grisMejua_2025_01_27__23_43_23_HDR0_1_Mothbot_yolo11m_4500_imgsz1600_b1_2024-01-18.pt.jpg
doi.org10.15468dl.6nxkw6.csv,Animalia,Arthropoda,Insecta,Hemiptera,,,,,809,,Hemiptera,Hemiptera,Cerro_Hoya_Expedition_Hoya_606m_grisMejua_2025-01-26,grisMejua_2025_01_27__23_43_23_HDR0_2_Mothbot_yolo11m_4500_imgsz1600_b1_2024-01-18.pt.jpg,HS,Mothbot_yolo11m_4500_imgsz1600_b1_2024-01-18.pt,0.41587385535240173,,grisMejua,Cerro_Hoya_Expedition/Hoya_606m_grisMejua_2025-01-26/2025-01-27/patches/grisMejua_2025_01_27__23_43_23_HDR0_2_Mothbot_yolo11m_4500_imgsz1600_b1_2024-01-18.pt.jpg,ORDER_Diptera,2025-01-27,23:43:23,,2025_01_27__23_43_23,MachineObservation,Cerro_Hoya_Expedition_Hoya_606m_grisMejua_2025-01-26_2025-01-27,Cerro_Hoya_Expedition_Hoya_606m_grisMejua_2025-01-26,grisMejua_2025_01_27__23_43_23_HDR0.jpg,grisMejua_2025_01_27__23_43_23_HDR0_2_Mothbot_yolo11m_4500_imgsz1600_b1_2024-01-18.pt.jpg
doi.org10.15468dl.6nxkw6.csv,Animalia,Arthropoda,Insecta,Hemiptera,,,,,809,,Hemiptera,Hemiptera,Cerro_Hoya_Expedition_Hoya_606m_grisMejua_2025-01-26,grisMejua_2025_01_27__23_44_06_HDR0_0_Mothbot_yolo11m_4500_imgsz1600_b1_2024-01-18.pt.jpg,HS,Mothbot_yolo11m_4500_imgsz1600_b1_2024-01-18.pt,0.7451336979866028,,grisMejua,Cerro_Hoya_Expedition/Hoya_606m_grisMejua_2025-01-26/2025-01-27/patches/grisMejua_2025_01_27__23_44_06_HDR0_0_Mothbot_yolo11m_4500_imgsz1600_b1_2024-01-18.pt.jpg,ORDER_Hemiptera,2025-01-27,23:44:06,,2025_01_27__23_44_06,MachineObservation,Cerro_Hoya_Expedition_Hoya_606m_grisMejua_2025-01-26_2025-01-27,Cerro_Hoya_Expedition_Hoya_606m_grisMejua_2025-01-26,grisMejua_2025_01_27__23_44_06_HDR0.jpg,grisMejua_2025_01_27__23_44_06_HDR0_0_Mothbot_yolo11m_4500_imgsz1600_b1_2024-01-18.pt.jpg
doi.org10.15468dl.6nxkw6.csv,Animalia,Arthropoda,Insecta,Hemiptera,,,,,809,,Hemiptera,Hemiptera,Cerro_Hoya_Expedition_Hoya_606m_grisMejua_2025-01-26,grisMejua_2025_01_27__23_44_06_HDR0_1_Mothbot_yolo11m_4500_imgsz1600_b1_2024-01-18.pt.jpg,HS,Mothbot_yolo11m_4500_imgsz1600_b1_2024-01-18.pt,0.7429844737052917,,grisMejua,Cerro_Hoya_Expedition/Hoya_606m_grisMejua_2025-01-26/2025-01-27/patches/grisMejua_2025_01_27__23_44_06_HDR0_1_Mothbot_yolo11m_4500_imgsz1600_b1_2024-01-18.pt.jpg,ORDER_Hemiptera,2025-01-27,23:44:06,,2025_01_27__23_44_06,MachineObservation,Cerro_Hoya_Expedition_Hoya_606m_grisMejua_2025-01-26_2025-01-27,Cerro_Hoya_Expedition_Hoya_606m_grisMejua_2025-01-26,grisMejua_2025_01_27__23_44_06_HDR0.jpg,grisMejua_2025_01_27__23_44_06_HDR0_1_Mothbot_yolo11m_4500_imgsz1600_b1_2024-01-18.pt.jpg
doi.org10.15468dl.6nxkw6.csv,Animalia,Arthropoda,Insecta,Diptera,,,,,811,,Diptera,Diptera,Cerro_Hoya_Expedition_Hoya_606m_grisMejua_2025-01-26,grisMejua_2025_01_27__23_44_06_HDR0_2_Mothbot_yolo11m_4500_imgsz1600_b1_2024-01-18.pt.jpg,HS,Mothbot_yolo11m_4500_imgsz1600_b1_2024-01-18.pt,0.6028774380683899,,grisMejua,Cerro_Hoya_Expedition/Hoya_606m_grisMejua_2025-01-26/2025-01-27/patches/grisMejua_2025_01_27__23_44_06_HDR0_2_Mothbot_yolo11m_4500_imgsz1600_b1_2024-01-18.pt.jpg,ORDER_Diptera,2025-01-27,23:44:06,,2025_01_27__23_44_06,MachineObservation,Cerro_Hoya_Expedition_Hoya_606m_grisMejua_2025-01-26_2025-01-27,Cerro_Hoya_Expedition_Hoya_606m_grisMejua_2025-01-26,grisMejua_2025_01_27__23_44_06_HDR0.jpg,grisMejua_2025_01_27__23_44_06_HDR0_2_Mothbot_yolo11m_4500_imgsz1600_b1_2024-01-18.pt.jpg
doi.org10.15468dl.6nxkw6.csv,Animalia,Arthropoda,Insecta,Hemiptera,,,,,809,,Hemiptera,Hemiptera,Cerro_Hoya_Expedition_Hoya_606m_grisMejua_2025-01-26,grisMejua_2025_01_27__23_45_06_HDR0_0_Mothbot_yolo11m_4500_imgsz1600_b1_2024-01-18.pt.jpg,HS,Mothbot_yolo11m_4500_imgsz1600_b1_2024-01-18.pt,0.7124713659286499,,grisMejua,Cerro_Hoya_Expedition/Hoya_606m_grisMejua_2025-01-26/2025-01-27/patches/grisMejua_2025_01_27__23_45_06_HDR0_0_Mothbot_yolo11m_4500_imgsz1600_b1_2024-01-18.pt.jpg,ORDER_Orthoptera,2025-01-27,23:45:06,,2025_01_27__23_45_06,MachineObservation,Cerro_Hoya_Expedition_Hoya_606m_grisMejua_2025-01-26_2025-01-27,Cerro_Hoya_Expedition_Hoya_606m_grisMejua_2025-01-26,grisMejua_2025_01_27__23_45_06_HDR0.jpg,grisMejua_2025_01_27__23_45_06_HDR0_0_Mothbot_yolo11m_4500_imgsz1600_b1_2024-01-18.pt.jpg
doi.org10.15468dl.6nxkw6.csv,Animalia,Arthropoda,Insecta,Hemiptera,,,,,809,,Hemiptera,Hemiptera,Cerro_Hoya_Expedition_Hoya_606m_grisMejua_2025-01-26,grisMejua_2025_01_27__23_46_06_HDR0_0_Mothbot_yolo11m_4500_imgsz1600_b1_2024-01-18.pt.jpg,HS,Mothbot_yolo11m_4500_imgsz1600_b1_2024-01-18.pt,0.5847387909889221,,grisMejua,Cerro_Hoya_Expedition/Hoya_606m_grisMejua_2025-01-26/2025-01-27/patches/grisMejua_2025_01_27__23_46_06_HDR0_0_Mothbot_yolo11m_4500_imgsz1600_b1_2024-01-18.pt.jpg,ORDER_Diptera,2025-01-27,23:46:06,,2025_01_27__23_46_06,MachineObservation,Cerro_Hoya_Expedition_Hoya_606m_grisMejua_2025-01-26_2025-01-27,Cerro_Hoya_Expedition_Hoya_606m_grisMejua_2025-01-26,grisMejua_2025_01_27__23_46_06_HDR0.jpg,grisMejua_2025_01_27__23_46_06_HDR0_0_Mothbot_yolo11m_4500_imgsz1600_b1_2024-01-18.pt.jpg
doi.org10.15468dl.6nxkw6.csv,Animalia,Arthropoda,Insecta,Hemiptera,,,,,809,,Hemiptera,Hemiptera,Cerro_Hoya_Expedition_Hoya_606m_grisMejua_2025-01-26,grisMejua_2025_01_27__23_47_05_HDR0_0_Mothbot_yolo11m_4500_imgsz1600_b1_2024-01-18.pt.jpg,HS,Mothbot_yolo11m_4500_imgsz1600_b1_2024-01-18.pt,0.6453503966331482,,grisMejua,Cerro_Hoya_Expedition/Hoya_606m_grisMejua_2025-01-26/2025-01-27/patches/grisMejua_2025_01_27__23_47_05_HDR0_0_Mothbot_yolo11m_4500_imgsz1600_b1_2024-01-18.pt.jpg,ORDER_Hemiptera,2025-01-27,23:47:05,,2025_01_27__23_47_05,MachineObservation,Cerro_Hoya_Expedition_Hoya_606m_grisMejua_2025-01-26_2025-01-27,Cerro_Hoya_Expedition_Hoya_606m_grisMejua_2025-01-26,grisMejua_2025_01_27__23_47_05_HDR0.jpg,grisMejua_2025_01_27__23_47_05_HDR0_0_Mothbot_yolo11m_4500_imgsz1600_b1_2024-01-18.pt.jpg
doi.org10.15468dl.6nxkw6.csv,Animalia,Arthropoda,Insecta,,,,,,216,,Insecta,Insecta,Cerro_Hoya_Expedition_Hoya_606m_grisMejua_2025-01-26,grisMejua_2025_01_27__23_47_05_HDR0_1_Mothbot_yolo11m_4500_imgsz1600_b1_2024-01-18.pt.jpg,HS,Mothbot_yolo11m_4500_imgsz1600_b1_2024-01-18.pt,0.4573332667350769,,grisMejua,Cerro_Hoya_Expedition/Hoya_606m_grisMejua_2025-01-26/2025-01-27/patches/grisMejua_2025_01_27__23_47_05_HDR0_1_Mothbot_yolo11m_4500_imgsz1600_b1_2024-01-18.pt.jpg,ORDER_Hemiptera,2025-01-27,23:47:05,,2025_01_27__23_47_05,MachineObservation,Cerro_Hoya_Expedition_Hoya_606m_grisMejua_2025-01-26_2025-01-27,Cerro_Hoya_Expedition_Hoya_606m_grisMejua_2025-01-26,grisMejua_2025_01_27__23_47_05_HDR0.jpg,grisMejua_2025_01_27__23_47_05_HDR0_1_Mothbot_yolo11m_4500_imgsz1600_b1_2024-01-18.pt.jpg
doi.org10.15468dl.6nxkw6.csv,Animalia,Arthropoda,Insecta,,,,,,216,,Insecta,Insecta,Cerro_Hoya_Expedition_Hoya_606m_grisMejua_2025-01-26,grisMejua_2025_01_27__23_47_05_HDR0_2_Mothbot_yolo11m_4500_imgsz1600_b1_2024-01-18.pt.jpg,HS,Mothbot_yolo11m_4500_imgsz1600_b1_2024-01-18.pt,0.36516889929771423,,grisMejua,Cerro_Hoya_Expedition/Hoya_606m_grisMejua_2025-01-26/2025-01-27/patches/grisMejua_2025_01_27__23_47_05_HDR0_2_Mothbot_yolo11m_4500_imgsz1600_b1_2024-01-18.pt.jpg,ORDER_Coleoptera,2025-01-27,23:47:05,,2025_01_27__23_47_05,MachineObservation,Cerro_Hoya_Expedition_Hoya_606m_grisMejua_2025-01-26_2025-01-27,Cerro_Hoya_Expedition_Hoya_606m_grisMejua_2025-01-26,grisMejua_2025_01_27__23_47_05_HDR0.jpg,grisMejua_2025_01_27__23_47_05_HDR0_2_Mothbot_yolo11m_4500_imgsz1600_b1_2024-01-18.pt.jpg
doi.org10.15468dl.6nxkw6.csv,Animalia,Arthropoda,Insecta,Diptera,,,,,811,,Diptera,Diptera,Cerro_Hoya_Expedition_Hoya_606m_grisMejua_2025-01-26,grisMejua_2025_01_27__23_48_06_HDR0_0_Mothbot_yolo11m_4500_imgsz1600_b1_2024-01-18.pt.jpg,HS,Mothbot_yolo11m_4500_imgsz1600_b1_2024-01-18.pt,0.4456537365913391,,grisMejua,Cerro_Hoya_Expedition/Hoya_606m_grisMejua_2025-01-26/2025-01-27/patches/grisMejua_2025_01_27__23_48_06_HDR0_0_Mothbot_yolo11m_4500_imgsz1600_b1_2024-01-18.pt.jpg,ORDER_Psocodea,2025-01-27,23:48:06,,2025_01_27__23_48_06,MachineObservation,Cerro_Hoya_Expedition_Hoya_606m_grisMejua_2025-01-26_2025-01-27,Cerro_Hoya_Expedition_Hoya_606m_grisMejua_2025-01-26,grisMejua_2025_01_27__23_48_06_HDR0.jpg,grisMejua_2025_01_27__23_48_06_HDR0_0_Mothbot_yolo11m_4500_imgsz1600_b1_2024-01-18.pt.jpg
doi.org10.15468dl.6nxkw6.csv,Animalia,Arthropoda,Insecta,Coleoptera,,,,,1470,,Coleoptera,Coleoptera,Cerro_Hoya_Expedition_Hoya_606m_grisMejua_2025-01-26,grisMejua_2025_01_27__23_49_06_HDR0_0_Mothbot_yolo11m_4500_imgsz1600_b1_2024-01-18.pt.jpg,HS,Mothbot_yolo11m_4500_imgsz1600_b1_2024-01-18.pt,0.5957643985748291,,grisMejua,Cerro_Hoya_Expedition/Hoya_606m_grisMejua_2025-01-26/2025-01-27/patches/grisMejua_2025_01_27__23_49_06_HDR0_0_Mothbot_yolo11m_4500_imgsz1600_b1_2024-01-18.pt.jpg,ORDER_Coleoptera,2025-01-27,23:49:06,,2025_01_27__23_49_06,MachineObservation,Cerro_Hoya_Expedition_Hoya_606m_grisMejua_2025-01-26_2025-01-27,Cerro_Hoya_Expedition_Hoya_606m_grisMejua_2025-01-26,grisMejua_2025_01_27__23_49_06_HDR0.jpg,grisMejua_2025_01_27__23_49_06_HDR0_0_Mothbot_yolo11m_4500_imgsz1600_b1_2024-01-18.pt.jpg
doi.org10.15468dl.6nxkw6.csv,Animalia,Arthropoda,Insecta,Diptera,,,,,811,,Diptera,Diptera,Cerro_Hoya_Expedition_Hoya_606m_grisMejua_2025-01-26,grisMejua_2025_01_27__23_49_06_HDR0_1_Mothbot_yolo11m_4500_imgsz1600_b1_2024-01-18.pt.jpg,HS,Mothbot_yolo11m_4500_imgsz1600_b1_2024-01-18.pt,0.5068803429603577,,grisMejua,Cerro_Hoya_Expedition/Hoya_606m_grisMejua_2025-01-26/2025-01-27/patches/grisMejua_2025_01_27__23_49_06_HDR0_1_Mothbot_yolo11m_4500_imgsz1600_b1_2024-01-18.pt.jpg,ORDER_Psocodea,2025-01-27,23:49:06,,2025_01_27__23_49_06,MachineObservation,Cerro_Hoya_Expedition_Hoya_606m_grisMejua_2025-01-26_2025-01-27,Cerro_Hoya_Expedition_Hoya_606m_grisMejua_2025-01-26,grisMejua_2025_01_27__23_49_06_HDR0.jpg,grisMejua_2025_01_27__23_49_06_HDR0_1_Mothbot_yolo11m_4500_imgsz1600_b1_2024-01-18.pt.jpg
doi.org10.15468dl.6nxkw6.csv,Animalia,Arthropoda,Insecta,Diptera,,,,,811,,Diptera,Diptera,Cerro_Hoya_Expedition_Hoya_606m_grisMejua_2025-01-26,grisMejua_2025_01_27__23_49_06_HDR0_2_Mothbot_yolo11m_4500_imgsz1600_b1_2024-01-18.pt.jpg,HS,Mothbot_yolo11m_4500_imgsz1600_b1_2024-01-18.pt,0.424075722694397,,grisMejua,Cerro_Hoya_Expedition/Hoya_606m_grisMejua_2025-01-26/2025-01-27/patches/grisMejua_2025_01_27__23_49_06_HDR0_2_Mothbot_yolo11m_4500_imgsz1600_b1_2024-01-18.pt.jpg,ORDER_Hemiptera,2025-01-27,23:49:06,,2025_01_27__23_49_06,MachineObservation,Cerro_Hoya_Expedition_Hoya_606m_grisMejua_2025-01-26_2025-01-27,Cerro_Hoya_Expedition_Hoya_606m_grisMejua_2025-01-26,grisMejua_2025_01_27__23_49_06_HDR0.jpg,grisMejua_2025_01_27__23_49_06_HDR0_2_Mothbot_yolo11m_4500_imgsz1600_b1_2024-01-18.pt.jpg
doi.org10.15468dl.6nxkw6.csv,Animalia,Arthropoda,Insecta,Diptera,,,,,811,,Diptera,Diptera,Cerro_Hoya_Expedition_Hoya_606m_grisMejua_2025-01-26,grisMejua_2025_01_27__23_50_22_HDR0_0_Mothbot_yolo11m_4500_imgsz1600_b1_2024-01-18.pt.jpg,HS,Mothbot_yolo11m_4500_imgsz1600_b1_2024-01-18.pt,0.5936099290847778,,grisMejua,Cerro_Hoya_Expedition/Hoya_606m_grisMejua_2025-01-26/2025-01-27/patches/grisMejua_2025_01_27__23_50_22_HDR0_0_Mothbot_yolo11m_4500_imgsz1600_b1_2024-01-18.pt.jpg,ORDER_Diptera,2025-01-27,23:50:22,,2025_01_27__23_50_22,MachineObservation,Cerro_Hoya_Expedition_Hoya_606m_grisMejua_2025-01-26_2025-01-27,Cerro_Hoya_Expedition_Hoya_606m_grisMejua_2025-01-26,grisMejua_2025_01_27__23_50_22_HDR0.jpg,grisMejua_2025_01_27__23_50_22_HDR0_0_Mothbot_yolo11m_4500_imgsz1600_b1_2024-01-18.pt.jpg
doi.org10.15468dl.6nxkw6.csv,Animalia,Arthropoda,Insecta,Diptera,,,,,811,,Diptera,Diptera,Cerro_Hoya_Expedition_Hoya_606m_grisMejua_2025-01-26,grisMejua_2025_01_27__23_50_22_HDR0_1_Mothbot_yolo11m_4500_imgsz1600_b1_2024-01-18.pt.jpg,HS,Mothbot_yolo11m_4500_imgsz1600_b1_2024-01-18.pt,0.4588562548160553,,grisMejua,Cerro_Hoya_Expedition/Hoya_606m_grisMejua_2025-01-26/2025-01-27/patches/grisMejua_2025_01_27__23_50_22_HDR0_1_Mothbot_yolo11m_4500_imgsz1600_b1_2024-01-18.pt.jpg,ORDER_Psocodea,2025-01-27,23:50:22,,2025_01_27__23_50_22,MachineObservation,Cerro_Hoya_Expedition_Hoya_606m_grisMejua_2025-01-26_2025-01-27,Cerro_Hoya_Expedition_Hoya_606m_grisMejua_2025-01-26,grisMejua_2025_01_27__23_50_22_HDR0.jpg,grisMejua_2025_01_27__23_50_22_HDR0_1_Mothbot_yolo11m_4500_imgsz1600_b1_2024-01-18.pt.jpg
doi.org10.15468dl.6nxkw6.csv,Animalia,Arthropoda,Insecta,Diptera,,,,,811,,Diptera,Diptera,Cerro_Hoya_Expedition_Hoya_606m_grisMejua_2025-01-26,grisMejua_2025_01_27__23_50_22_HDR0_2_Mothbot_yolo11m_4500_imgsz1600_b1_2024-01-18.pt.jpg,HS,Mothbot_yolo11m_4500_imgsz1600_b1_2024-01-18.pt,0.4529206156730652,,grisMejua,Cerro_Hoya_Expedition/Hoya_606m_grisMejua_2025-01-26/2025-01-27/patches/grisMejua_2025_01_27__23_50_22_HDR0_2_Mothbot_yolo11m_4500_imgsz1600_b1_2024-01-18.pt.jpg,ORDER_Diptera,2025-01-27,23:50:22,,2025_01_27__23_50_22,MachineObservation,Cerro_Hoya_Expedition_Hoya_606m_grisMejua_2025-01-26_2025-01-27,Cerro_Hoya_Expedition_Hoya_606m_grisMejua_2025-01-26,grisMejua_2025_01_27__23_50_22_HDR0.jpg,grisMejua_2025_01_27__23_50_22_HDR0_2_Mothbot_yolo11m_4500_imgsz1600_b1_2024-01-18.pt.jpg
doi.org10.15468dl.6nxkw6.csv,Animalia,Arthropoda,Insecta,Diptera,,,,,811,,Diptera,Diptera,Cerro_Hoya_Expedition_Hoya_606m_grisMejua_2025-01-26,grisMejua_2025_01_27__23_50_22_HDR0_3_Mothbot_yolo11m_4500_imgsz1600_b1_2024-01-18.pt.jpg,HS,Mothbot_yolo11m_4500_imgsz1600_b1_2024-01-18.pt,0.34249526262283325,,grisMejua,Cerro_Hoya_Expedition/Hoya_606m_grisMejua_2025-01-26/2025-01-27/patches/grisMejua_2025_01_27__23_50_22_HDR0_3_Mothbot_yolo11m_4500_imgsz1600_b1_2024-01-18.pt.jpg,ORDER_Diptera,2025-01-27,23:50:22,,2025_01_27__23_50_22,MachineObservation,Cerro_Hoya_Expedition_Hoya_606m_grisMejua_2025-01-26_2025-01-27,Cerro_Hoya_Expedition_Hoya_606m_grisMejua_2025-01-26,grisMejua_2025_01_27__23_50_22_HDR0.jpg,grisMejua_2025_01_27__23_50_22_HDR0_3_Mothbot_yolo11m_4500_imgsz1600_b1_2024-01-18.pt.jpg
doi.org10.15468dl.6nxkw6.csv,Animalia,Arthropoda,Insecta,Diptera,,,,,811,,Diptera,Diptera,Cerro_Hoya_Expedition_Hoya_606m_grisMejua_2025-01-26,grisMejua_2025_01_27__23_51_06_HDR0_0_Mothbot_yolo11m_4500_imgsz1600_b1_2024-01-18.pt.jpg,HS,Mothbot_yolo11m_4500_imgsz1600_b1_2024-01-18.pt,0.6933707594871521,,grisMejua,Cerro_Hoya_Expedition/Hoya_606m_grisMejua_2025-01-26/2025-01-27/patches/grisMejua_2025_01_27__23_51_06_HDR0_0_Mothbot_yolo11m_4500_imgsz1600_b1_2024-01-18.pt.jpg,ORDER_Hemiptera,2025-01-27,23:51:06,,2025_01_27__23_51_06,MachineObservation,Cerro_Hoya_Expedition_Hoya_606m_grisMejua_2025-01-26_2025-01-27,Cerro_Hoya_Expedition_Hoya_606m_grisMejua_2025-01-26,grisMejua_2025_01_27__23_51_06_HDR0.jpg,grisMejua_2025_01_27__23_51_06_HDR0_0_Mothbot_yolo11m_4500_imgsz1600_b1_2024-01-18.pt.jpg
doi.org10.15468dl.6nxkw6.csv,Animalia,Arthropoda,Insecta,Diptera,,,,,811,,Diptera,Diptera,Cerro_Hoya_Expedition_Hoya_606m_grisMejua_2025-01-26,grisMejua_2025_01_27__23_51_06_HDR0_1_Mothbot_yolo11m_4500_imgsz1600_b1_2024-01-18.pt.jpg,HS,Mothbot_yolo11m_4500_imgsz1600_b1_2024-01-18.pt,0.482301265001297,,grisMejua,Cerro_Hoya_Expedition/Hoya_606m_grisMejua_2025-01-26/2025-01-27/patches/grisMejua_2025_01_27__23_51_06_HDR0_1_Mothbot_yolo11m_4500_imgsz1600_b1_2024-01-18.pt.jpg,ORDER_Diptera,2025-01-27,23:51:06,,2025_01_27__23_51_06,MachineObservation,Cerro_Hoya_Expedition_Hoya_606m_grisMejua_2025-01-26_2025-01-27,Cerro_Hoya_Expedition_Hoya_606m_grisMejua_2025-01-26,grisMejua_2025_01_27__23_51_06_HDR0.jpg,grisMejua_2025_01_27__23_51_06_HDR0_1_Mothbot_yolo11m_4500_imgsz1600_b1_2024-01-18.pt.jpg
doi.org10.15468dl.6nxkw6.csv,Animalia,Arthropoda,Insecta,Diptera,,,,,811,,Diptera,Diptera,Cerro_Hoya_Expedition_Hoya_606m_grisMejua_2025-01-26,grisMejua_2025_01_27__23_52_06_HDR0_0_Mothbot_yolo11m_4500_imgsz1600_b1_2024-01-18.pt.jpg,HS,Mothbot_yolo11m_4500_imgsz1600_b1_2024-01-18.pt,0.6379555463790894,,grisMejua,Cerro_Hoya_Expedition/Hoya_606m_grisMejua_2025-01-26/2025-01-27/patches/grisMejua_2025_01_27__23_52_06_HDR0_0_Mothbot_yolo11m_4500_imgsz1600_b1_2024-01-18.pt.jpg,ORDER_Diptera,2025-01-27,23:52:06,,2025_01_27__23_52_06,MachineObservation,Cerro_Hoya_Expedition_Hoya_606m_grisMejua_2025-01-26_2025-01-27,Cerro_Hoya_Expedition_Hoya_606m_grisMejua_2025-01-26,grisMejua_2025_01_27__23_52_06_HDR0.jpg,grisMejua_2025_01_27__23_52_06_HDR0_0_Mothbot_yolo11m_4500_imgsz1600_b1_2024-01-18.pt.jpg
doi.org10.15468dl.6nxkw6.csv,Animalia,Arthropoda,Insecta,,,,,,216,,Insecta,Insecta,Cerro_Hoya_Expedition_Hoya_606m_grisMejua_2025-01-26,grisMejua_2025_01_27__23_52_06_HDR0_1_Mothbot_yolo11m_4500_imgsz1600_b1_2024-01-18.pt.jpg,HS,Mothbot_yolo11m_4500_imgsz1600_b1_2024-01-18.pt,0.3239339590072632,,grisMejua,Cerro_Hoya_Expedition/Hoya_606m_grisMejua_2025-01-26/2025-01-27/patches/grisMejua_2025_01_27__23_52_06_HDR0_1_Mothbot_yolo11m_4500_imgsz1600_b1_2024-01-18.pt.jpg,ORDER_Coleoptera,2025-01-27,23:52:06,,2025_01_27__23_52_06,MachineObservation,Cerro_Hoya_Expedition_Hoya_606m_grisMejua_2025-01-26_2025-01-27,Cerro_Hoya_Expedition_Hoya_606m_grisMejua_2025-01-26,grisMejua_2025_01_27__23_52_06_HDR0.jpg,grisMejua_2025_01_27__23_52_06_HDR0_1_Mothbot_yolo11m_4500_imgsz1600_b1_2024-01-18.pt.jpg
doi.org10.15468dl.6nxkw6.csv,Animalia,Arthropoda,Insecta,Hemiptera,,,,,809,,Hemiptera,Hemiptera,Cerro_Hoya_Expedition_Hoya_606m_grisMejua_2025-01-26,grisMejua_2025_01_27__23_53_06_HDR0_0_Mothbot_yolo11m_4500_imgsz1600_b1_2024-01-18.pt.jpg,HS,Mothbot_yolo11m_4500_imgsz1600_b1_2024-01-18.pt,0.6128013134002686,,grisMejua,Cerro_Hoya_Expedition/Hoya_606m_grisMejua_2025-01-26/2025-01-27/patches/grisMejua_2025_01_27__23_53_06_HDR0_0_Mothbot_yolo11m_4500_imgsz1600_b1_2024-01-18.pt.jpg,ORDER_Hemiptera,2025-01-27,23:53:06,,2025_01_27__23_53_06,MachineObservation,Cerro_Hoya_Expedition_Hoya_606m_grisMejua_2025-01-26_2025-01-27,Cerro_Hoya_Expedition_Hoya_606m_grisMejua_2025-01-26,grisMejua_2025_01_27__23_53_06_HDR0.jpg,grisMejua_2025_01_27__23_53_06_HDR0_0_Mothbot_yolo11m_4500_imgsz1600_b1_2024-01-18.pt.jpg
doi.org10.15468dl.6nxkw6.csv,Animalia,Arthropoda,Insecta,Hemiptera,,,,,809,,Hemiptera,Hemiptera,Cerro_Hoya_Expedition_Hoya_606m_grisMejua_2025-01-26,grisMejua_2025_01_27__23_54_06_HDR0_0_Mothbot_yolo11m_4500_imgsz1600_b1_2024-01-18.pt.jpg,HS,Mothbot_yolo11m_4500_imgsz1600_b1_2024-01-18.pt,0.8032302856445312,,grisMejua,Cerro_Hoya_Expedition/Hoya_606m_grisMejua_2025-01-26/2025-01-27/patches/grisMejua_2025_01_27__23_54_06_HDR0_0_Mothbot_yolo11m_4500_imgsz1600_b1_2024-01-18.pt.jpg,ORDER_Hemiptera,2025-01-27,23:54:06,,2025_01_27__23_54_06,MachineObservation,Cerro_Hoya_Expedition_Hoya_606m_grisMejua_2025-01-26_2025-01-27,Cerro_Hoya_Expedition_Hoya_606m_grisMejua_2025-01-26,grisMejua_2025_01_27__23_54_06_HDR0.jpg,grisMejua_2025_01_27__23_54_06_HDR0_0_Mothbot_yolo11m_4500_imgsz1600_b1_2024-01-18.pt.jpg
doi.org10.15468dl.6nxkw6.csv,Animalia,Arthropoda,Insecta,Diptera,,,,,811,,Diptera,Diptera,Cerro_Hoya_Expedition_Hoya_606m_grisMejua_2025-01-26,grisMejua_2025_01_27__23_54_06_HDR0_1_Mothbot_yolo11m_4500_imgsz1600_b1_2024-01-18.pt.jpg,HS,Mothbot_yolo11m_4500_imgsz1600_b1_2024-01-18.pt,0.7143911123275757,,grisMejua,Cerro_Hoya_Expedition/Hoya_606m_grisMejua_2025-01-26/2025-01-27/patches/grisMejua_2025_01_27__23_54_06_HDR0_1_Mothbot_yolo11m_4500_imgsz1600_b1_2024-01-18.pt.jpg,ORDER_Diptera,2025-01-27,23:54:06,,2025_01_27__23_54_06,MachineObservation,Cerro_Hoya_Expedition_Hoya_606m_grisMejua_2025-01-26_2025-01-27,Cerro_Hoya_Expedition_Hoya_606m_grisMejua_2025-01-26,grisMejua_2025_01_27__23_54_06_HDR0.jpg,grisMejua_2025_01_27__23_54_06_HDR0_1_Mothbot_yolo11m_4500_imgsz1600_b1_2024-01-18.pt.jpg
doi.org10.15468dl.6nxkw6.csv,Animalia,Arthropoda,Insecta,Diptera,,,,,811,,Diptera,Diptera,Cerro_Hoya_Expedition_Hoya_606m_grisMejua_2025-01-26,grisMejua_2025_01_27__23_54_06_HDR0_2_Mothbot_yolo11m_4500_imgsz1600_b1_2024-01-18.pt.jpg,HS,Mothbot_yolo11m_4500_imgsz1600_b1_2024-01-18.pt,0.6897253394126892,,grisMejua,Cerro_Hoya_Expedition/Hoya_606m_grisMejua_2025-01-26/2025-01-27/patches/grisMejua_2025_01_27__23_54_06_HDR0_2_Mothbot_yolo11m_4500_imgsz1600_b1_2024-01-18.pt.jpg,ORDER_Diptera,2025-01-27,23:54:06,,2025_01_27__23_54_06,MachineObservation,Cerro_Hoya_Expedition_Hoya_606m_grisMejua_2025-01-26_2025-01-27,Cerro_Hoya_Expedition_Hoya_606m_grisMejua_2025-01-26,grisMejua_2025_01_27__23_54_06_HDR0.jpg,grisMejua_2025_01_27__23_54_06_HDR0_2_Mothbot_yolo11m_4500_imgsz1600_b1_2024-01-18.pt.jpg
doi.org10.15468dl.6nxkw6.csv,Animalia,Arthropoda,Insecta,Diptera,,,,,811,,Diptera,Diptera,Cerro_Hoya_Expedition_Hoya_606m_grisMejua_2025-01-26,grisMejua_2025_01_27__23_54_06_HDR0_3_Mothbot_yolo11m_4500_imgsz1600_b1_2024-01-18.pt.jpg,HS,Mothbot_yolo11m_4500_imgsz1600_b1_2024-01-18.pt,0.30799782276153564,,grisMejua,Cerro_Hoya_Expedition/Hoya_606m_grisMejua_2025-01-26/2025-01-27/patches/grisMejua_2025_01_27__23_54_06_HDR0_3_Mothbot_yolo11m_4500_imgsz1600_b1_2024-01-18.pt.jpg,ORDER_Hymenoptera,2025-01-27,23:54:06,,2025_01_27__23_54_06,MachineObservation,Cerro_Hoya_Expedition_Hoya_606m_grisMejua_2025-01-26_2025-01-27,Cerro_Hoya_Expedition_Hoya_606m_grisMejua_2025-01-26,grisMejua_2025_01_27__23_54_06_HDR0.jpg,grisMejua_2025_01_27__23_54_06_HDR0_3_Mothbot_yolo11m_4500_imgsz1600_b1_2024-01-18.pt.jpg
doi.org10.15468dl.6nxkw6.csv,Animalia,Arthropoda,Insecta,Hemiptera,,,,,809,,Hemiptera,Hemiptera,Cerro_Hoya_Expedition_Hoya_606m_grisMejua_2025-01-26,grisMejua_2025_01_27__23_55_05_HDR0_0_Mothbot_yolo11m_4500_imgsz1600_b1_2024-01-18.pt.jpg,HS,Mothbot_yolo11m_4500_imgsz1600_b1_2024-01-18.pt,0.7207208275794983,,grisMejua,Cerro_Hoya_Expedition/Hoya_606m_grisMejua_2025-01-26/2025-01-27/patches/grisMejua_2025_01_27__23_55_05_HDR0_0_Mothbot_yolo11m_4500_imgsz1600_b1_2024-01-18.pt.jpg,ORDER_Hemiptera,2025-01-27,23:55:05,,2025_01_27__23_55_05,MachineObservation,Cerro_Hoya_Expedition_Hoya_606m_grisMejua_2025-01-26_2025-01-27,Cerro_Hoya_Expedition_Hoya_606m_grisMejua_2025-01-26,grisMejua_2025_01_27__23_55_05_HDR0.jpg,grisMejua_2025_01_27__23_55_05_HDR0_0_Mothbot_yolo11m_4500_imgsz1600_b1_2024-01-18.pt.jpg
doi.org10.15468dl.6nxkw6.csv,Animalia,Arthropoda,Insecta,,,,,,216,,Insecta,Insecta,Cerro_Hoya_Expedition_Hoya_606m_grisMejua_2025-01-26,grisMejua_2025_01_27__23_55_05_HDR0_1_Mothbot_yolo11m_4500_imgsz1600_b1_2024-01-18.pt.jpg,HS,Mothbot_yolo11m_4500_imgsz1600_b1_2024-01-18.pt,0.4028512239456177,,grisMejua,Cerro_Hoya_Expedition/Hoya_606m_grisMejua_2025-01-26/2025-01-27/patches/grisMejua_2025_01_27__23_55_05_HDR0_1_Mothbot_yolo11m_4500_imgsz1600_b1_2024-01-18.pt.jpg,ORDER_Diptera,2025-01-27,23:55:05,,2025_01_27__23_55_05,MachineObservation,Cerro_Hoya_Expedition_Hoya_606m_grisMejua_2025-01-26_2025-01-27,Cerro_Hoya_Expedition_Hoya_606m_grisMejua_2025-01-26,grisMejua_2025_01_27__23_55_05_HDR0.jpg,grisMejua_2025_01_27__23_55_05_HDR0_1_Mothbot_yolo11m_4500_imgsz1600_b1_2024-01-18.pt.jpg
doi.org10.15468dl.6nxkw6.csv,Animalia,Arthropoda,Insecta,Diptera,,,,,811,,Diptera,Diptera,Cerro_Hoya_Expedition_Hoya_606m_grisMejua_2025-01-26,grisMejua_2025_01_27__23_55_05_HDR0_2_Mothbot_yolo11m_4500_imgsz1600_b1_2024-01-18.pt.jpg,HS,Mothbot_yolo11m_4500_imgsz1600_b1_2024-01-18.pt,0.34783852100372314,,grisMejua,Cerro_Hoya_Expedition/Hoya_606m_grisMejua_2025-01-26/2025-01-27/patches/grisMejua_2025_01_27__23_55_05_HDR0_2_Mothbot_yolo11m_4500_imgsz1600_b1_2024-01-18.pt.jpg,ORDER_Diptera,2025-01-27,23:55:05,,2025_01_27__23_55_05,MachineObservation,Cerro_Hoya_Expedition_Hoya_606m_grisMejua_2025-01-26_2025-01-27,Cerro_Hoya_Expedition_Hoya_606m_grisMejua_2025-01-26,grisMejua_2025_01_27__23_55_05_HDR0.jpg,grisMejua_2025_01_27__23_55_05_HDR0_2_Mothbot_yolo11m_4500_imgsz1600_b1_2024-01-18.pt.jpg
doi.org10.15468dl.6nxkw6.csv,Animalia,Arthropoda,Insecta,Diptera,,,,,811,,Diptera,Diptera,Cerro_Hoya_Expedition_Hoya_606m_grisMejua_2025-01-26,grisMejua_2025_01_27__23_55_05_HDR0_3_Mothbot_yolo11m_4500_imgsz1600_b1_2024-01-18.pt.jpg,HS,Mothbot_yolo11m_4500_imgsz1600_b1_2024-01-18.pt,0.3264601230621338,,grisMejua,Cerro_Hoya_Expedition/Hoya_606m_grisMejua_2025-01-26/2025-01-27/patches/grisMejua_2025_01_27__23_55_05_HDR0_3_Mothbot_yolo11m_4500_imgsz1600_b1_2024-01-18.pt.jpg,ORDER_Coleoptera,2025-01-27,23:55:05,,2025_01_27__23_55_05,MachineObservation,Cerro_Hoya_Expedition_Hoya_606m_grisMejua_2025-01-26_2025-01-27,Cerro_Hoya_Expedition_Hoya_606m_grisMejua_2025-01-26,grisMejua_2025_01_27__23_55_05_HDR0.jpg,grisMejua_2025_01_27__23_55_05_HDR0_3_Mothbot_yolo11m_4500_imgsz1600_b1_2024-01-18.pt.jpg
doi.org10.15468dl.6nxkw6.csv,Animalia,Arthropoda,Insecta,Hemiptera,,,,,809,,Hemiptera,Hemiptera,Cerro_Hoya_Expedition_Hoya_606m_grisMejua_2025-01-26,grisMejua_2025_01_27__23_56_06_HDR0_0_Mothbot_yolo11m_4500_imgsz1600_b1_2024-01-18.pt.jpg,HS,Mothbot_yolo11m_4500_imgsz1600_b1_2024-01-18.pt,0.7843125462532043,,grisMejua,Cerro_Hoya_Expedition/Hoya_606m_grisMejua_2025-01-26/2025-01-27/patches/grisMejua_2025_01_27__23_56_06_HDR0_0_Mothbot_yolo11m_4500_imgsz1600_b1_2024-01-18.pt.jpg,ORDER_Hemiptera,2025-01-27,23:56:06,,2025_01_27__23_56_06,MachineObservation,Cerro_Hoya_Expedition_Hoya_606m_grisMejua_2025-01-26_2025-01-27,Cerro_Hoya_Expedition_Hoya_606m_grisMejua_2025-01-26,grisMejua_2025_01_27__23_56_06_HDR0.jpg,grisMejua_2025_01_27__23_56_06_HDR0_0_Mothbot_yolo11m_4500_imgsz1600_b1_2024-01-18.pt.jpg
doi.org10.15468dl.6nxkw6.csv,Animalia,Arthropoda,Insecta,Diptera,,,,,811,,Diptera,Diptera,Cerro_Hoya_Expedition_Hoya_606m_grisMejua_2025-01-26,grisMejua_2025_01_27__23_56_06_HDR0_1_Mothbot_yolo11m_4500_imgsz1600_b1_2024-01-18.pt.jpg,HS,Mothbot_yolo11m_4500_imgsz1600_b1_2024-01-18.pt,0.7623936533927917,,grisMejua,Cerro_Hoya_Expedition/Hoya_606m_grisMejua_2025-01-26/2025-01-27/patches/grisMejua_2025_01_27__23_56_06_HDR0_1_Mothbot_yolo11m_4500_imgsz1600_b1_2024-01-18.pt.jpg,ORDER_Diptera,2025-01-27,23:56:06,,2025_01_27__23_56_06,MachineObservation,Cerro_Hoya_Expedition_Hoya_606m_grisMejua_2025-01-26_2025-01-27,Cerro_Hoya_Expedition_Hoya_606m_grisMejua_2025-01-26,grisMejua_2025_01_27__23_56_06_HDR0.jpg,grisMejua_2025_01_27__23_56_06_HDR0_1_Mothbot_yolo11m_4500_imgsz1600_b1_2024-01-18.pt.jpg
doi.org10.15468dl.6nxkw6.csv,Animalia,Arthropoda,Insecta,Hemiptera,,,,,809,,Hemiptera,Hemiptera,Cerro_Hoya_Expedition_Hoya_606m_grisMejua_2025-01-26,grisMejua_2025_01_27__23_56_06_HDR0_2_Mothbot_yolo11m_4500_imgsz1600_b1_2024-01-18.pt.jpg,HS,Mothbot_yolo11m_4500_imgsz1600_b1_2024-01-18.pt,0.7545043230056763,,grisMejua,Cerro_Hoya_Expedition/Hoya_606m_grisMejua_2025-01-26/2025-01-27/patches/grisMejua_2025_01_27__23_56_06_HDR0_2_Mothbot_yolo11m_4500_imgsz1600_b1_2024-01-18.pt.jpg,ORDER_Hemiptera,2025-01-27,23:56:06,,2025_01_27__23_56_06,MachineObservation,Cerro_Hoya_Expedition_Hoya_606m_grisMejua_2025-01-26_2025-01-27,Cerro_Hoya_Expedition_Hoya_606m_grisMejua_2025-01-26,grisMejua_2025_01_27__23_56_06_HDR0.jpg,grisMejua_2025_01_27__23_56_06_HDR0_2_Mothbot_yolo11m_4500_imgsz1600_b1_2024-01-18.pt.jpg
doi.org10.15468dl.6nxkw6.csv,Animalia,Arthropoda,Insecta,Diptera,,,,,811,,Diptera,Diptera,Cerro_Hoya_Expedition_Hoya_606m_grisMejua_2025-01-26,grisMejua_2025_01_27__23_56_06_HDR0_3_Mothbot_yolo11m_4500_imgsz1600_b1_2024-01-18.pt.jpg,HS,Mothbot_yolo11m_4500_imgsz1600_b1_2024-01-18.pt,0.6875316500663757,,grisMejua,Cerro_Hoya_Expedition/Hoya_606m_grisMejua_2025-01-26/2025-01-27/patches/grisMejua_2025_01_27__23_56_06_HDR0_3_Mothbot_yolo11m_4500_imgsz1600_b1_2024-01-18.pt.jpg,ORDER_Diptera,2025-01-27,23:56:06,,2025_01_27__23_56_06,MachineObservation,Cerro_Hoya_Expedition_Hoya_606m_grisMejua_2025-01-26_2025-01-27,Cerro_Hoya_Expedition_Hoya_606m_grisMejua_2025-01-26,grisMejua_2025_01_27__23_56_06_HDR0.jpg,grisMejua_2025_01_27__23_56_06_HDR0_3_Mothbot_yolo11m_4500_imgsz1600_b1_2024-01-18.pt.jpg
doi.org10.15468dl.6nxkw6.csv,Animalia,Arthropoda,Insecta,Diptera,,,,,811,,Diptera,Diptera,Cerro_Hoya_Expedition_Hoya_606m_grisMejua_2025-01-26,grisMejua_2025_01_27__23_56_06_HDR0_4_Mothbot_yolo11m_4500_imgsz1600_b1_2024-01-18.pt.jpg,HS,Mothbot_yolo11m_4500_imgsz1600_b1_2024-01-18.pt,0.6598129868507385,,grisMejua,Cerro_Hoya_Expedition/Hoya_606m_grisMejua_2025-01-26/2025-01-27/patches/grisMejua_2025_01_27__23_56_06_HDR0_4_Mothbot_yolo11m_4500_imgsz1600_b1_2024-01-18.pt.jpg,ORDER_Diptera,2025-01-27,23:56:06,,2025_01_27__23_56_06,MachineObservation,Cerro_Hoya_Expedition_Hoya_606m_grisMejua_2025-01-26_2025-01-27,Cerro_Hoya_Expedition_Hoya_606m_grisMejua_2025-01-26,grisMejua_2025_01_27__23_56_06_HDR0.jpg,grisMejua_2025_01_27__23_56_06_HDR0_4_Mothbot_yolo11m_4500_imgsz1600_b1_2024-01-18.pt.jpg
doi.org10.15468dl.6nxkw6.csv,Animalia,Arthropoda,Insecta,Hemiptera,,,,,809,,Hemiptera,Hemiptera,Cerro_Hoya_Expedition_Hoya_606m_grisMejua_2025-01-26,grisMejua_2025_01_27__23_56_06_HDR0_5_Mothbot_yolo11m_4500_imgsz1600_b1_2024-01-18.pt.jpg,HS,Mothbot_yolo11m_4500_imgsz1600_b1_2024-01-18.pt,0.6111985445022583,,grisMejua,Cerro_Hoya_Expedition/Hoya_606m_grisMejua_2025-01-26/2025-01-27/patches/grisMejua_2025_01_27__23_56_06_HDR0_5_Mothbot_yolo11m_4500_imgsz1600_b1_2024-01-18.pt.jpg,ORDER_Hemiptera,2025-01-27,23:56:06,,2025_01_27__23_56_06,MachineObservation,Cerro_Hoya_Expedition_Hoya_606m_grisMejua_2025-01-26_2025-01-27,Cerro_Hoya_Expedition_Hoya_606m_grisMejua_2025-01-26,grisMejua_2025_01_27__23_56_06_HDR0.jpg,grisMejua_2025_01_27__23_56_06_HDR0_5_Mothbot_yolo11m_4500_imgsz1600_b1_2024-01-18.pt.jpg
doi.org10.15468dl.6nxkw6.csv,Animalia,Arthropoda,Insecta,Lepidoptera,,,,,797,,Lepidoptera,Lepidoptera,Cerro_Hoya_Expedition_Hoya_606m_grisMejua_2025-01-26,grisMejua_2025_01_27__23_57_22_HDR0_0_Mothbot_yolo11m_4500_imgsz1600_b1_2024-01-18.pt.jpg,HS,Mothbot_yolo11m_4500_imgsz1600_b1_2024-01-18.pt,0.8148679137229919,,grisMejua,Cerro_Hoya_Expedition/Hoya_606m_grisMejua_2025-01-26/2025-01-27/patches/grisMejua_2025_01_27__23_57_22_HDR0_0_Mothbot_yolo11m_4500_imgsz1600_b1_2024-01-18.pt.jpg,ORDER_Lepidoptera,2025-01-27,23:57:22,,2025_01_27__23_57_22,MachineObservation,Cerro_Hoya_Expedition_Hoya_606m_grisMejua_2025-01-26_2025-01-27,Cerro_Hoya_Expedition_Hoya_606m_grisMejua_2025-01-26,grisMejua_2025_01_27__23_57_22_HDR0.jpg,grisMejua_2025_01_27__23_57_22_HDR0_0_Mothbot_yolo11m_4500_imgsz1600_b1_2024-01-18.pt.jpg
doi.org10.15468dl.6nxkw6.csv,Animalia,Arthropoda,Insecta,Diptera,,,,,811,,Diptera,Diptera,Cerro_Hoya_Expedition_Hoya_606m_grisMejua_2025-01-26,grisMejua_2025_01_27__23_57_22_HDR0_1_Mothbot_yolo11m_4500_imgsz1600_b1_2024-01-18.pt.jpg,HS,Mothbot_yolo11m_4500_imgsz1600_b1_2024-01-18.pt,0.7171663045883179,,grisMejua,Cerro_Hoya_Expedition/Hoya_606m_grisMejua_2025-01-26/2025-01-27/patches/grisMejua_2025_01_27__23_57_22_HDR0_1_Mothbot_yolo11m_4500_imgsz1600_b1_2024-01-18.pt.jpg,ORDER_Diptera,2025-01-27,23:57:22,,2025_01_27__23_57_22,MachineObservation,Cerro_Hoya_Expedition_Hoya_606m_grisMejua_2025-01-26_2025-01-27,Cerro_Hoya_Expedition_Hoya_606m_grisMejua_2025-01-26,grisMejua_2025_01_27__23_57_22_HDR0.jpg,grisMejua_2025_01_27__23_57_22_HDR0_1_Mothbot_yolo11m_4500_imgsz1600_b1_2024-01-18.pt.jpg
doi.org10.15468dl.6nxkw6.csv,Animalia,Arthropoda,Insecta,Coleoptera,,,,,1470,,Coleoptera,Coleoptera,Cerro_Hoya_Expedition_Hoya_606m_grisMejua_2025-01-26,grisMejua_2025_01_27__23_57_22_HDR0_2_Mothbot_yolo11m_4500_imgsz1600_b1_2024-01-18.pt.jpg,HS,Mothbot_yolo11m_4500_imgsz1600_b1_2024-01-18.pt,0.5304515957832336,,grisMejua,Cerro_Hoya_Expedition/Hoya_606m_grisMejua_2025-01-26/2025-01-27/patches/grisMejua_2025_01_27__23_57_22_HDR0_2_Mothbot_yolo11m_4500_imgsz1600_b1_2024-01-18.pt.jpg,ORDER_Coleoptera,2025-01-27,23:57:22,,2025_01_27__23_57_22,MachineObservation,Cerro_Hoya_Expedition_Hoya_606m_grisMejua_2025-01-26_2025-01-27,Cerro_Hoya_Expedition_Hoya_606m_grisMejua_2025-01-26,grisMejua_2025_01_27__23_57_22_HDR0.jpg,grisMejua_2025_01_27__23_57_22_HDR0_2_Mothbot_yolo11m_4500_imgsz1600_b1_2024-01-18.pt.jpg
doi.org10.15468dl.6nxkw6.csv,Animalia,Arthropoda,Insecta,,,,,,216,,Insecta,Insecta,Cerro_Hoya_Expedition_Hoya_606m_grisMejua_2025-01-26,grisMejua_2025_01_27__23_57_22_HDR0_3_Mothbot_yolo11m_4500_imgsz1600_b1_2024-01-18.pt.jpg,HS,Mothbot_yolo11m_4500_imgsz1600_b1_2024-01-18.pt,0.2661041021347046,,grisMejua,Cerro_Hoya_Expedition/Hoya_606m_grisMejua_2025-01-26/2025-01-27/patches/grisMejua_2025_01_27__23_57_22_HDR0_3_Mothbot_yolo11m_4500_imgsz1600_b1_2024-01-18.pt.jpg,ORDER_Diptera,2025-01-27,23:57:22,,2025_01_27__23_57_22,MachineObservation,Cerro_Hoya_Expedition_Hoya_606m_grisMejua_2025-01-26_2025-01-27,Cerro_Hoya_Expedition_Hoya_606m_grisMejua_2025-01-26,grisMejua_2025_01_27__23_57_22_HDR0.jpg,grisMejua_2025_01_27__23_57_22_HDR0_3_Mothbot_yolo11m_4500_imgsz1600_b1_2024-01-18.pt.jpg
doi.org10.15468dl.6nxkw6.csv,Animalia,Arthropoda,Insecta,Lepidoptera,,,,,797,,Lepidoptera,Lepidoptera,Cerro_Hoya_Expedition_Hoya_606m_grisMejua_2025-01-26,grisMejua_2025_01_27__23_58_06_HDR0_0_Mothbot_yolo11m_4500_imgsz1600_b1_2024-01-18.pt.jpg,HS,Mothbot_yolo11m_4500_imgsz1600_b1_2024-01-18.pt,0.8126721382141113,,grisMejua,Cerro_Hoya_Expedition/Hoya_606m_grisMejua_2025-01-26/2025-01-27/patches/grisMejua_2025_01_27__23_58_06_HDR0_0_Mothbot_yolo11m_4500_imgsz1600_b1_2024-01-18.pt.jpg,ORDER_Lepidoptera,2025-01-27,23:58:06,,2025_01_27__23_58_06,MachineObservation,Cerro_Hoya_Expedition_Hoya_606m_grisMejua_2025-01-26_2025-01-27,Cerro_Hoya_Expedition_Hoya_606m_grisMejua_2025-01-26,grisMejua_2025_01_27__23_58_06_HDR0.jpg,grisMejua_2025_01_27__23_58_06_HDR0_0_Mothbot_yolo11m_4500_imgsz1600_b1_2024-01-18.pt.jpg
doi.org10.15468dl.6nxkw6.csv,Animalia,Arthropoda,Insecta,Diptera,,,,,811,,Diptera,Diptera,Cerro_Hoya_Expedition_Hoya_606m_grisMejua_2025-01-26,grisMejua_2025_01_27__23_58_06_HDR0_1_Mothbot_yolo11m_4500_imgsz1600_b1_2024-01-18.pt.jpg,HS,Mothbot_yolo11m_4500_imgsz1600_b1_2024-01-18.pt,0.6805739402770996,,grisMejua,Cerro_Hoya_Expedition/Hoya_606m_grisMejua_2025-01-26/2025-01-27/patches/grisMejua_2025_01_27__23_58_06_HDR0_1_Mothbot_yolo11m_4500_imgsz1600_b1_2024-01-18.pt.jpg,ORDER_Diptera,2025-01-27,23:58:06,,2025_01_27__23_58_06,MachineObservation,Cerro_Hoya_Expedition_Hoya_606m_grisMejua_2025-01-26_2025-01-27,Cerro_Hoya_Expedition_Hoya_606m_grisMejua_2025-01-26,grisMejua_2025_01_27__23_58_06_HDR0.jpg,grisMejua_2025_01_27__23_58_06_HDR0_1_Mothbot_yolo11m_4500_imgsz1600_b1_2024-01-18.pt.jpg
doi.org10.15468dl.6nxkw6.csv,Animalia,Arthropoda,Insecta,Diptera,,,,,811,,Diptera,Diptera,Cerro_Hoya_Expedition_Hoya_606m_grisMejua_2025-01-26,grisMejua_2025_01_27__23_58_06_HDR0_2_Mothbot_yolo11m_4500_imgsz1600_b1_2024-01-18.pt.jpg,HS,Mothbot_yolo11m_4500_imgsz1600_b1_2024-01-18.pt,0.6755601763725281,,grisMejua,Cerro_Hoya_Expedition/Hoya_606m_grisMejua_2025-01-26/2025-01-27/patches/grisMejua_2025_01_27__23_58_06_HDR0_2_Mothbot_yolo11m_4500_imgsz1600_b1_2024-01-18.pt.jpg,ORDER_Hemiptera,2025-01-27,23:58:06,,2025_01_27__23_58_06,MachineObservation,Cerro_Hoya_Expedition_Hoya_606m_grisMejua_2025-01-26_2025-01-27,Cerro_Hoya_Expedition_Hoya_606m_grisMejua_2025-01-26,grisMejua_2025_01_27__23_58_06_HDR0.jpg,grisMejua_2025_01_27__23_58_06_HDR0_2_Mothbot_yolo11m_4500_imgsz1600_b1_2024-01-18.pt.jpg
doi.org10.15468dl.6nxkw6.csv,Animalia,Arthropoda,Insecta,Hemiptera,,,,,809,,Hemiptera,Hemiptera,Cerro_Hoya_Expedition_Hoya_606m_grisMejua_2025-01-26,grisMejua_2025_01_27__23_58_06_HDR0_3_Mothbot_yolo11m_4500_imgsz1600_b1_2024-01-18.pt.jpg,HS,Mothbot_yolo11m_4500_imgsz1600_b1_2024-01-18.pt,0.665155827999115,,grisMejua,Cerro_Hoya_Expedition/Hoya_606m_grisMejua_2025-01-26/2025-01-27/patches/grisMejua_2025_01_27__23_58_06_HDR0_3_Mothbot_yolo11m_4500_imgsz1600_b1_2024-01-18.pt.jpg,ORDER_Coleoptera,2025-01-27,23:58:06,,2025_01_27__23_58_06,MachineObservation,Cerro_Hoya_Expedition_Hoya_606m_grisMejua_2025-01-26_2025-01-27,Cerro_Hoya_Expedition_Hoya_606m_grisMejua_2025-01-26,grisMejua_2025_01_27__23_58_06_HDR0.jpg,grisMejua_2025_01_27__23_58_06_HDR0_3_Mothbot_yolo11m_4500_imgsz1600_b1_2024-01-18.pt.jpg
doi.org10.15468dl.6nxkw6.csv,Animalia,Arthropoda,Insecta,Coleoptera,,,,,1470,,Coleoptera,Coleoptera,Cerro_Hoya_Expedition_Hoya_606m_grisMejua_2025-01-26,grisMejua_2025_01_27__23_58_06_HDR0_4_Mothbot_yolo11m_4500_imgsz1600_b1_2024-01-18.pt.jpg,HS,Mothbot_yolo11m_4500_imgsz1600_b1_2024-01-18.pt,0.5417780876159668,,grisMejua,Cerro_Hoya_Expedition/Hoya_606m_grisMejua_2025-01-26/2025-01-27/patches/grisMejua_2025_01_27__23_58_06_HDR0_4_Mothbot_yolo11m_4500_imgsz1600_b1_2024-01-18.pt.jpg,ORDER_Coleoptera,2025-01-27,23:58:06,,2025_01_27__23_58_06,MachineObservation,Cerro_Hoya_Expedition_Hoya_606m_grisMejua_2025-01-26_2025-01-27,Cerro_Hoya_Expedition_Hoya_606m_grisMejua_2025-01-26,grisMejua_2025_01_27__23_58_06_HDR0.jpg,grisMejua_2025_01_27__23_58_06_HDR0_4_Mothbot_yolo11m_4500_imgsz1600_b1_2024-01-18.pt.jpg
doi.org10.15468dl.6nxkw6.csv,Animalia,Arthropoda,Insecta,Coleoptera,,,,,1470,,Coleoptera,Coleoptera,Cerro_Hoya_Expedition_Hoya_606m_grisMejua_2025-01-26,grisMejua_2025_01_27__23_58_06_HDR0_5_Mothbot_yolo11m_4500_imgsz1600_b1_2024-01-18.pt.jpg,HS,Mothbot_yolo11m_4500_imgsz1600_b1_2024-01-18.pt,0.42032814025878906,,grisMejua,Cerro_Hoya_Expedition/Hoya_606m_grisMejua_2025-01-26/2025-01-27/patches/grisMejua_2025_01_27__23_58_06_HDR0_5_Mothbot_yolo11m_4500_imgsz1600_b1_2024-01-18.pt.jpg,ORDER_Hemiptera,2025-01-27,23:58:06,,2025_01_27__23_58_06,MachineObservation,Cerro_Hoya_Expedition_Hoya_606m_grisMejua_2025-01-26_2025-01-27,Cerro_Hoya_Expedition_Hoya_606m_grisMejua_2025-01-26,grisMejua_2025_01_27__23_58_06_HDR0.jpg,grisMejua_2025_01_27__23_58_06_HDR0_5_Mothbot_yolo11m_4500_imgsz1600_b1_2024-01-18.pt.jpg
doi.org10.15468dl.6nxkw6.csv,Animalia,Arthropoda,Insecta,Diptera,,,,,811,,Diptera,Diptera,Cerro_Hoya_Expedition_Hoya_606m_grisMejua_2025-01-26,grisMejua_2025_01_27__23_58_06_HDR0_6_Mothbot_yolo11m_4500_imgsz1600_b1_2024-01-18.pt.jpg,HS,Mothbot_yolo11m_4500_imgsz1600_b1_2024-01-18.pt,0.32222744822502136,,grisMejua,Cerro_Hoya_Expedition/Hoya_606m_grisMejua_2025-01-26/2025-01-27/patches/grisMejua_2025_01_27__23_58_06_HDR0_6_Mothbot_yolo11m_4500_imgsz1600_b1_2024-01-18.pt.jpg,ORDER_Psocodea,2025-01-27,23:58:06,,2025_01_27__23_58_06,MachineObservation,Cerro_Hoya_Expedition_Hoya_606m_grisMejua_2025-01-26_2025-01-27,Cerro_Hoya_Expedition_Hoya_606m_grisMejua_2025-01-26,grisMejua_2025_01_27__23_58_06_HDR0.jpg,grisMejua_2025_01_27__23_58_06_HDR0_6_Mothbot_yolo11m_4500_imgsz1600_b1_2024-01-18.pt.jpg
doi.org10.15468dl.6nxkw6.csv,Animalia,Arthropoda,Insecta,Lepidoptera,,,,,797,,Lepidoptera,Lepidoptera,Cerro_Hoya_Expedition_Hoya_606m_grisMejua_2025-01-26,grisMejua_2025_01_27__23_59_06_HDR0_0_Mothbot_yolo11m_4500_imgsz1600_b1_2024-01-18.pt.jpg,HS,Mothbot_yolo11m_4500_imgsz1600_b1_2024-01-18.pt,0.8373373746871948,,grisMejua,Cerro_Hoya_Expedition/Hoya_606m_grisMejua_2025-01-26/2025-01-27/patches/grisMejua_2025_01_27__23_59_06_HDR0_0_Mothbot_yolo11m_4500_imgsz1600_b1_2024-01-18.pt.jpg,ORDER_Lepidoptera,2025-01-27,23:59:06,,2025_01_27__23_59_06,MachineObservation,Cerro_Hoya_Expedition_Hoya_606m_grisMejua_2025-01-26_2025-01-27,Cerro_Hoya_Expedition_Hoya_606m_grisMejua_2025-01-26,grisMejua_2025_01_27__23_59_06_HDR0.jpg,grisMejua_2025_01_27__23_59_06_HDR0_0_Mothbot_yolo11m_4500_imgsz1600_b1_2024-01-18.pt.jpg
doi.org10.15468dl.6nxkw6.csv,Animalia,Arthropoda,Insecta,Lepidoptera,,,,,797,,Lepidoptera,Lepidoptera,Cerro_Hoya_Expedition_Hoya_606m_grisMejua_2025-01-26,grisMejua_2025_01_27__23_59_06_HDR0_1_Mothbot_yolo11m_4500_imgsz1600_b1_2024-01-18.pt.jpg,HS,Mothbot_yolo11m_4500_imgsz1600_b1_2024-01-18.pt,0.8292338252067566,,grisMejua,Cerro_Hoya_Expedition/Hoya_606m_grisMejua_2025-01-26/2025-01-27/patches/grisMejua_2025_01_27__23_59_06_HDR0_1_Mothbot_yolo11m_4500_imgsz1600_b1_2024-01-18.pt.jpg,ORDER_Lepidoptera,2025-01-27,23:59:06,,2025_01_27__23_59_06,MachineObservation,Cerro_Hoya_Expedition_Hoya_606m_grisMejua_2025-01-26_2025-01-27,Cerro_Hoya_Expedition_Hoya_606m_grisMejua_2025-01-26,grisMejua_2025_01_27__23_59_06_HDR0.jpg,grisMejua_2025_01_27__23_59_06_HDR0_1_Mothbot_yolo11m_4500_imgsz1600_b1_2024-01-18.pt.jpg
doi.org10.15468dl.6nxkw6.csv,Animalia,Arthropoda,Insecta,Diptera,,,,,811,,Diptera,Diptera,Cerro_Hoya_Expedition_Hoya_606m_grisMejua_2025-01-26,grisMejua_2025_01_27__23_59_06_HDR0_2_Mothbot_yolo11m_4500_imgsz1600_b1_2024-01-18.pt.jpg,HS,Mothbot_yolo11m_4500_imgsz1600_b1_2024-01-18.pt,0.6909282207489014,,grisMejua,Cerro_Hoya_Expedition/Hoya_606m_grisMejua_2025-01-26/2025-01-27/patches/grisMejua_2025_01_27__23_59_06_HDR0_2_Mothbot_yolo11m_4500_imgsz1600_b1_2024-01-18.pt.jpg,ORDER_Diptera,2025-01-27,23:59:06,,2025_01_27__23_59_06,MachineObservation,Cerro_Hoya_Expedition_Hoya_606m_grisMejua_2025-01-26_2025-01-27,Cerro_Hoya_Expedition_Hoya_606m_grisMejua_2025-01-26,grisMejua_2025_01_27__23_59_06_HDR0.jpg,grisMejua_2025_01_27__23_59_06_HDR0_2_Mothbot_yolo11m_4500_imgsz1600_b1_2024-01-18.pt.jpg
doi.org10.15468dl.6nxkw6.csv,Animalia,Arthropoda,Insecta,Hemiptera,,,,,809,,Hemiptera,Hemiptera,Cerro_Hoya_Expedition_Hoya_606m_grisMejua_2025-01-26,grisMejua_2025_01_27__23_59_06_HDR0_3_Mothbot_yolo11m_4500_imgsz1600_b1_2024-01-18.pt.jpg,HS,Mothbot_yolo11m_4500_imgsz1600_b1_2024-01-18.pt,0.6881991624832153,,grisMejua,Cerro_Hoya_Expedition/Hoya_606m_grisMejua_2025-01-26/2025-01-27/patches/grisMejua_2025_01_27__23_59_06_HDR0_3_Mothbot_yolo11m_4500_imgsz1600_b1_2024-01-18.pt.jpg,ORDER_Hemiptera,2025-01-27,23:59:06,,2025_01_27__23_59_06,MachineObservation,Cerro_Hoya_Expedition_Hoya_606m_grisMejua_2025-01-26_2025-01-27,Cerro_Hoya_Expedition_Hoya_606m_grisMejua_2025-01-26,grisMejua_2025_01_27__23_59_06_HDR0.jpg,grisMejua_2025_01_27__23_59_06_HDR0_3_Mothbot_yolo11m_4500_imgsz1600_b1_2024-01-18.pt.jpg
doi.org10.15468dl.6nxkw6.csv,Animalia,Arthropoda,Insecta,Coleoptera,,,,,1470,,Coleoptera,Coleoptera,Cerro_Hoya_Expedition_Hoya_606m_grisMejua_2025-01-26,grisMejua_2025_01_27__23_59_06_HDR0_4_Mothbot_yolo11m_4500_imgsz1600_b1_2024-01-18.pt.jpg,HS,Mothbot_yolo11m_4500_imgsz1600_b1_2024-01-18.pt,0.5559547543525696,,grisMejua,Cerro_Hoya_Expedition/Hoya_606m_grisMejua_2025-01-26/2025-01-27/patches/grisMejua_2025_01_27__23_59_06_HDR0_4_Mothbot_yolo11m_4500_imgsz1600_b1_2024-01-18.pt.jpg,ORDER_Coleoptera,2025-01-27,23:59:06,,2025_01_27__23_59_06,MachineObservation,Cerro_Hoya_Expedition_Hoya_606m_grisMejua_2025-01-26_2025-01-27,Cerro_Hoya_Expedition_Hoya_606m_grisMejua_2025-01-26,grisMejua_2025_01_27__23_59_06_HDR0.jpg,grisMejua_2025_01_27__23_59_06_HDR0_4_Mothbot_yolo11m_4500_imgsz1600_b1_2024-01-18.pt.jpg
doi.org10.15468dl.6nxkw6.csv,Animalia,Arthropoda,Insecta,Diptera,,,,,811,,Diptera,Diptera,Cerro_Hoya_Expedition_Hoya_606m_grisMejua_2025-01-26,grisMejua_2025_01_27__23_59_06_HDR0_5_Mothbot_yolo11m_4500_imgsz1600_b1_2024-01-18.pt.jpg,HS,Mothbot_yolo11m_4500_imgsz1600_b1_2024-01-18.pt,0.42096519470214844,,grisMejua,Cerro_Hoya_Expedition/Hoya_606m_grisMejua_2025-01-26/2025-01-27/patches/grisMejua_2025_01_27__23_59_06_HDR0_5_Mothbot_yolo11m_4500_imgsz1600_b1_2024-01-18.pt.jpg,ORDER_Hymenoptera,2025-01-27,23:59:06,,2025_01_27__23_59_06,MachineObservation,Cerro_Hoya_Expedition_Hoya_606m_grisMejua_2025-01-26_2025-01-27,Cerro_Hoya_Expedition_Hoya_606m_grisMejua_2025-01-26,grisMejua_2025_01_27__23_59_06_HDR0.jpg,grisMejua_2025_01_27__23_59_06_HDR0_5_Mothbot_yolo11m_4500_imgsz1600_b1_2024-01-18.pt.jpg
doi.org10.15468dl.6nxkw6.csv,Animalia,Arthropoda,Insecta,Araneae,,,,,1496,,Araneae,Araneae,Cerro_Hoya_Expedition_Hoya_606m_grisMejua_2025-01-26,grisMejua_2025_01_28__02_03_06_HDR0_0_Mothbot_yolo11m_4500_imgsz1600_b1_2024-01-18.pt.jpg,HS,Mothbot_yolo11m_4500_imgsz1600_b1_2024-01-18.pt,0.3216492235660553,,grisMejua,Cerro_Hoya_Expedition/Hoya_606m_grisMejua_2025-01-26/2025-01-27/patches/grisMejua_2025_01_28__02_03_06_HDR0_0_Mothbot_yolo11m_4500_imgsz1600_b1_2024-01-18.pt.jpg,ORDER_Hemiptera,2025-01-28,02:03:06,,2025_01_28__02_03_06,MachineObservation,Cerro_Hoya_Expedition_Hoya_606m_grisMejua_2025-01-26_2025-01-27,Cerro_Hoya_Expedition_Hoya_606m_grisMejua_2025-01-26,grisMejua_2025_01_28__02_03_06_HDR0.jpg,grisMejua_2025_01_28__02_03_06_HDR0_0_Mothbot_yolo11m_4500_imgsz1600_b1_2024-01-18.pt.jpg
doi.org10.15468dl.6nxkw6.csv,Animalia,Arthropoda,Insecta,Diptera,,,,,811,,Diptera,Diptera,Cerro_Hoya_Expedition_Hoya_606m_grisMejua_2025-01-26,grisMejua_2025_01_28__02_03_06_HDR0_1_Mothbot_yolo11m_4500_imgsz1600_b1_2024-01-18.pt.jpg,HS,Mothbot_yolo11m_4500_imgsz1600_b1_2024-01-18.pt,0.2963765561580658,,grisMejua,Cerro_Hoya_Expedition/Hoya_606m_grisMejua_2025-01-26/2025-01-27/patches/grisMejua_2025_01_28__02_03_06_HDR0_1_Mothbot_yolo11m_4500_imgsz1600_b1_2024-01-18.pt.jpg,ORDER_Hymenoptera,2025-01-28,02:03:06,,2025_01_28__02_03_06,MachineObservation,Cerro_Hoya_Expedition_Hoya_606m_grisMejua_2025-01-26_2025-01-27,Cerro_Hoya_Expedition_Hoya_606m_grisMejua_2025-01-26,grisMejua_2025_01_28__02_03_06_HDR0.jpg,grisMejua_2025_01_28__02_03_06_HDR0_1_Mothbot_yolo11m_4500_imgsz1600_b1_2024-01-18.pt.jpg
doi.org10.15468dl.6nxkw6.csv,Animalia,Arthropoda,Insecta,Diptera,,,,,811,,Diptera,Diptera,Cerro_Hoya_Expedition_Hoya_606m_grisMejua_2025-01-26,grisMejua_2025_01_28__02_04_05_HDR0_0_Mothbot_yolo11m_4500_imgsz1600_b1_2024-01-18.pt.jpg,HS,Mothbot_yolo11m_4500_imgsz1600_b1_2024-01-18.pt,0.4464097023010254,,grisMejua,Cerro_Hoya_Expedition/Hoya_606m_grisMejua_2025-01-26/2025-01-27/patches/grisMejua_2025_01_28__02_04_05_HDR0_0_Mothbot_yolo11m_4500_imgsz1600_b1_2024-01-18.pt.jpg,ORDER_Diptera,2025-01-28,02:04:05,,2025_01_28__02_04_05,MachineObservation,Cerro_Hoya_Expedition_Hoya_606m_grisMejua_2025-01-26_2025-01-27,Cerro_Hoya_Expedition_Hoya_606m_grisMejua_2025-01-26,grisMejua_2025_01_28__02_04_05_HDR0.jpg,grisMejua_2025_01_28__02_04_05_HDR0_0_Mothbot_yolo11m_4500_imgsz1600_b1_2024-01-18.pt.jpg
doi.org10.15468dl.6nxkw6.csv,Animalia,Arthropoda,Insecta,Diptera,,,,,811,,Diptera,Diptera,Cerro_Hoya_Expedition_Hoya_606m_grisMejua_2025-01-26,grisMejua_2025_01_28__02_05_05_HDR0_0_Mothbot_yolo11m_4500_imgsz1600_b1_2024-01-18.pt.jpg,HS,Mothbot_yolo11m_4500_imgsz1600_b1_2024-01-18.pt,0.4066673815250397,,grisMejua,Cerro_Hoya_Expedition/Hoya_606m_grisMejua_2025-01-26/2025-01-27/patches/grisMejua_2025_01_28__02_05_05_HDR0_0_Mothbot_yolo11m_4500_imgsz1600_b1_2024-01-18.pt.jpg,ORDER_Hymenoptera,2025-01-28,02:05:05,,2025_01_28__02_05_05,MachineObservation,Cerro_Hoya_Expedition_Hoya_606m_grisMejua_2025-01-26_2025-01-27,Cerro_Hoya_Expedition_Hoya_606m_grisMejua_2025-01-26,grisMejua_2025_01_28__02_05_05_HDR0.jpg,grisMejua_2025_01_28__02_05_05_HDR0_0_Mothbot_yolo11m_4500_imgsz1600_b1_2024-01-18.pt.jpg
doi.org10.15468dl.6nxkw6.csv,Animalia,Arthropoda,Insecta,Lepidoptera,,,,,797,,Lepidoptera,Lepidoptera,Cerro_Hoya_Expedition_Hoya_606m_grisMejua_2025-01-26,grisMejua_2025_01_28__02_06_06_HDR0_0_Mothbot_yolo11m_4500_imgsz1600_b1_2024-01-18.pt.jpg,HS,Mothbot_yolo11m_4500_imgsz1600_b1_2024-01-18.pt,0.6279378533363342,,grisMejua,Cerro_Hoya_Expedition/Hoya_606m_grisMejua_2025-01-26/2025-01-27/patches/grisMejua_2025_01_28__02_06_06_HDR0_0_Mothbot_yolo11m_4500_imgsz1600_b1_2024-01-18.pt.jpg,ORDER_Zygentoma,2025-01-28,02:06:06,,2025_01_28__02_06_06,MachineObservation,Cerro_Hoya_Expedition_Hoya_606m_grisMejua_2025-01-26_2025-01-27,Cerro_Hoya_Expedition_Hoya_606m_grisMejua_2025-01-26,grisMejua_2025_01_28__02_06_06_HDR0.jpg,grisMejua_2025_01_28__02_06_06_HDR0_0_Mothbot_yolo11m_4500_imgsz1600_b1_2024-01-18.pt.jpg
doi.org10.15468dl.6nxkw6.csv,Animalia,Arthropoda,Insecta,Diptera,,,,,811,,Diptera,Diptera,Cerro_Hoya_Expedition_Hoya_606m_grisMejua_2025-01-26,grisMejua_2025_01_28__02_07_06_HDR0_0_Mothbot_yolo11m_4500_imgsz1600_b1_2024-01-18.pt.jpg,HS,Mothbot_yolo11m_4500_imgsz1600_b1_2024-01-18.pt,0.5433200001716614,,grisMejua,Cerro_Hoya_Expedition/Hoya_606m_grisMejua_2025-01-26/2025-01-27/patches/grisMejua_2025_01_28__02_07_06_HDR0_0_Mothbot_yolo11m_4500_imgsz1600_b1_2024-01-18.pt.jpg,ORDER_Hymenoptera,2025-01-28,02:07:06,,2025_01_28__02_07_06,MachineObservation,Cerro_Hoya_Expedition_Hoya_606m_grisMejua_2025-01-26_2025-01-27,Cerro_Hoya_Expedition_Hoya_606m_grisMejua_2025-01-26,grisMejua_2025_01_28__02_07_06_HDR0.jpg,grisMejua_2025_01_28__02_07_06_HDR0_0_Mothbot_yolo11m_4500_imgsz1600_b1_2024-01-18.pt.jpg
doi.org10.15468dl.6nxkw6.csv,Animalia,Arthropoda,Insecta,Lepidoptera,,,,,797,,Lepidoptera,Lepidoptera,Cerro_Hoya_Expedition_Hoya_606m_grisMejua_2025-01-26,grisMejua_2025_01_28__02_08_22_HDR0_0_Mothbot_yolo11m_4500_imgsz1600_b1_2024-01-18.pt.jpg,HS,Mothbot_yolo11m_4500_imgsz1600_b1_2024-01-18.pt,0.7332086563110352,,grisMejua,Cerro_Hoya_Expedition/Hoya_606m_grisMejua_2025-01-26/2025-01-27/patches/grisMejua_2025_01_28__02_08_22_HDR0_0_Mothbot_yolo11m_4500_imgsz1600_b1_2024-01-18.pt.jpg,ORDER_Lepidoptera,2025-01-28,02:08:22,,2025_01_28__02_08_22,MachineObservation,Cerro_Hoya_Expedition_Hoya_606m_grisMejua_2025-01-26_2025-01-27,Cerro_Hoya_Expedition_Hoya_606m_grisMejua_2025-01-26,grisMejua_2025_01_28__02_08_22_HDR0.jpg,grisMejua_2025_01_28__02_08_22_HDR0_0_Mothbot_yolo11m_4500_imgsz1600_b1_2024-01-18.pt.jpg
doi.org10.15468dl.6nxkw6.csv,Animalia,Arthropoda,Insecta,Lepidoptera,,,,,797,,Lepidoptera,Lepidoptera,Cerro_Hoya_Expedition_Hoya_606m_grisMejua_2025-01-26,grisMejua_2025_01_28__02_09_05_HDR0_0_Mothbot_yolo11m_4500_imgsz1600_b1_2024-01-18.pt.jpg,HS,Mothbot_yolo11m_4500_imgsz1600_b1_2024-01-18.pt,0.7454872727394104,,grisMejua,Cerro_Hoya_Expedition/Hoya_606m_grisMejua_2025-01-26/2025-01-27/patches/grisMejua_2025_01_28__02_09_05_HDR0_0_Mothbot_yolo11m_4500_imgsz1600_b1_2024-01-18.pt.jpg,ORDER_Lepidoptera,2025-01-28,02:09:05,,2025_01_28__02_09_05,MachineObservation,Cerro_Hoya_Expedition_Hoya_606m_grisMejua_2025-01-26_2025-01-27,Cerro_Hoya_Expedition_Hoya_606m_grisMejua_2025-01-26,grisMejua_2025_01_28__02_09_05_HDR0.jpg,grisMejua_2025_01_28__02_09_05_HDR0_0_Mothbot_yolo11m_4500_imgsz1600_b1_2024-01-18.pt.jpg
doi.org10.15468dl.6nxkw6.csv,Animalia,Arthropoda,Insecta,Araneae,,,,,1496,,Araneae,Araneae,Cerro_Hoya_Expedition_Hoya_606m_grisMejua_2025-01-26,grisMejua_2025_01_28__02_09_05_HDR0_1_Mothbot_yolo11m_4500_imgsz1600_b1_2024-01-18.pt.jpg,HS,Mothbot_yolo11m_4500_imgsz1600_b1_2024-01-18.pt,0.2938595116138458,,grisMejua,Cerro_Hoya_Expedition/Hoya_606m_grisMejua_2025-01-26/2025-01-27/patches/grisMejua_2025_01_28__02_09_05_HDR0_1_Mothbot_yolo11m_4500_imgsz1600_b1_2024-01-18.pt.jpg,ORDER_Diptera,2025-01-28,02:09:05,,2025_01_28__02_09_05,MachineObservation,Cerro_Hoya_Expedition_Hoya_606m_grisMejua_2025-01-26_2025-01-27,Cerro_Hoya_Expedition_Hoya_606m_grisMejua_2025-01-26,grisMejua_2025_01_28__02_09_05_HDR0.jpg,grisMejua_2025_01_28__02_09_05_HDR0_1_Mothbot_yolo11m_4500_imgsz1600_b1_2024-01-18.pt.jpg
doi.org10.15468dl.6nxkw6.csv,Animalia,Arthropoda,Insecta,Lepidoptera,,,,,797,,Lepidoptera,Lepidoptera,Cerro_Hoya_Expedition_Hoya_606m_grisMejua_2025-01-26,grisMejua_2025_01_28__02_10_06_HDR0_0_Mothbot_yolo11m_4500_imgsz1600_b1_2024-01-18.pt.jpg,HS,Mothbot_yolo11m_4500_imgsz1600_b1_2024-01-18.pt,0.7488300800323486,,grisMejua,Cerro_Hoya_Expedition/Hoya_606m_grisMejua_2025-01-26/2025-01-27/patches/grisMejua_2025_01_28__02_10_06_HDR0_0_Mothbot_yolo11m_4500_imgsz1600_b1_2024-01-18.pt.jpg,ORDER_Lepidoptera,2025-01-28,02:10:06,,2025_01_28__02_10_06,MachineObservation,Cerro_Hoya_Expedition_Hoya_606m_grisMejua_2025-01-26_2025-01-27,Cerro_Hoya_Expedition_Hoya_606m_grisMejua_2025-01-26,grisMejua_2025_01_28__02_10_06_HDR0.jpg,grisMejua_2025_01_28__02_10_06_HDR0_0_Mothbot_yolo11m_4500_imgsz1600_b1_2024-01-18.pt.jpg
doi.org10.15468dl.6nxkw6.csv,Animalia,Arthropoda,Insecta,Lepidoptera,,,,,797,,Lepidoptera,Lepidoptera,Cerro_Hoya_Expedition_Hoya_606m_grisMejua_2025-01-26,grisMejua_2025_01_28__02_11_06_HDR0_0_Mothbot_yolo11m_4500_imgsz1600_b1_2024-01-18.pt.jpg,HS,Mothbot_yolo11m_4500_imgsz1600_b1_2024-01-18.pt,0.7704278826713562,,grisMejua,Cerro_Hoya_Expedition/Hoya_606m_grisMejua_2025-01-26/2025-01-27/patches/grisMejua_2025_01_28__02_11_06_HDR0_0_Mothbot_yolo11m_4500_imgsz1600_b1_2024-01-18.pt.jpg,ORDER_Lepidoptera,2025-01-28,02:11:06,,2025_01_28__02_11_06,MachineObservation,Cerro_Hoya_Expedition_Hoya_606m_grisMejua_2025-01-26_2025-01-27,Cerro_Hoya_Expedition_Hoya_606m_grisMejua_2025-01-26,grisMejua_2025_01_28__02_11_06_HDR0.jpg,grisMejua_2025_01_28__02_11_06_HDR0_0_Mothbot_yolo11m_4500_imgsz1600_b1_2024-01-18.pt.jpg
doi.org10.15468dl.6nxkw6.csv,Animalia,Arthropoda,Insecta,Diptera,,,,,811,,Diptera,Diptera,Cerro_Hoya_Expedition_Hoya_606m_grisMejua_2025-01-26,grisMejua_2025_01_28__02_11_06_HDR0_1_Mothbot_yolo11m_4500_imgsz1600_b1_2024-01-18.pt.jpg,HS,Mothbot_yolo11m_4500_imgsz1600_b1_2024-01-18.pt,0.2730801999568939,,grisMejua,Cerro_Hoya_Expedition/Hoya_606m_grisMejua_2025-01-26/2025-01-27/patches/grisMejua_2025_01_28__02_11_06_HDR0_1_Mothbot_yolo11m_4500_imgsz1600_b1_2024-01-18.pt.jpg,ORDER_Diptera,2025-01-28,02:11:06,,2025_01_28__02_11_06,MachineObservation,Cerro_Hoya_Expedition_Hoya_606m_grisMejua_2025-01-26_2025-01-27,Cerro_Hoya_Expedition_Hoya_606m_grisMejua_2025-01-26,grisMejua_2025_01_28__02_11_06_HDR0.jpg,grisMejua_2025_01_28__02_11_06_HDR0_1_Mothbot_yolo11m_4500_imgsz1600_b1_2024-01-18.pt.jpg
doi.org10.15468dl.6nxkw6.csv,Animalia,Arthropoda,Insecta,Lepidoptera,,,,,797,,Lepidoptera,Lepidoptera,Cerro_Hoya_Expedition_Hoya_606m_grisMejua_2025-01-26,grisMejua_2025_01_28__02_12_06_HDR0_0_Mothbot_yolo11m_4500_imgsz1600_b1_2024-01-18.pt.jpg,HS,Mothbot_yolo11m_4500_imgsz1600_b1_2024-01-18.pt,0.7933393120765686,,grisMejua,Cerro_Hoya_Expedition/Hoya_606m_grisMejua_2025-01-26/2025-01-27/patches/grisMejua_2025_01_28__02_12_06_HDR0_0_Mothbot_yolo11m_4500_imgsz1600_b1_2024-01-18.pt.jpg,ORDER_Lepidoptera,2025-01-28,02:12:06,,2025_01_28__02_12_06,MachineObservation,Cerro_Hoya_Expedition_Hoya_606m_grisMejua_2025-01-26_2025-01-27,Cerro_Hoya_Expedition_Hoya_606m_grisMejua_2025-01-26,grisMejua_2025_01_28__02_12_06_HDR0.jpg,grisMejua_2025_01_28__02_12_06_HDR0_0_Mothbot_yolo11m_4500_imgsz1600_b1_2024-01-18.pt.jpg
doi.org10.15468dl.6nxkw6.csv,Animalia,Arthropoda,Insecta,Lepidoptera,,,,,797,,Lepidoptera,Lepidoptera,Cerro_Hoya_Expedition_Hoya_606m_grisMejua_2025-01-26,grisMejua_2025_01_28__02_12_06_HDR0_1_Mothbot_yolo11m_4500_imgsz1600_b1_2024-01-18.pt.jpg,HS,Mothbot_yolo11m_4500_imgsz1600_b1_2024-01-18.pt,0.7803649306297302,,grisMejua,Cerro_Hoya_Expedition/Hoya_606m_grisMejua_2025-01-26/2025-01-27/patches/grisMejua_2025_01_28__02_12_06_HDR0_1_Mothbot_yolo11m_4500_imgsz1600_b1_2024-01-18.pt.jpg,ORDER_Lepidoptera,2025-01-28,02:12:06,,2025_01_28__02_12_06,MachineObservation,Cerro_Hoya_Expedition_Hoya_606m_grisMejua_2025-01-26_2025-01-27,Cerro_Hoya_Expedition_Hoya_606m_grisMejua_2025-01-26,grisMejua_2025_01_28__02_12_06_HDR0.jpg,grisMejua_2025_01_28__02_12_06_HDR0_1_Mothbot_yolo11m_4500_imgsz1600_b1_2024-01-18.pt.jpg
doi.org10.15468dl.6nxkw6.csv,Animalia,Arthropoda,Insecta,Coleoptera,,,,,1470,,Coleoptera,Coleoptera,Cerro_Hoya_Expedition_Hoya_606m_grisMejua_2025-01-26,grisMejua_2025_01_28__02_12_06_HDR0_2_Mothbot_yolo11m_4500_imgsz1600_b1_2024-01-18.pt.jpg,HS,Mothbot_yolo11m_4500_imgsz1600_b1_2024-01-18.pt,0.5184583067893982,,grisMejua,Cerro_Hoya_Expedition/Hoya_606m_grisMejua_2025-01-26/2025-01-27/patches/grisMejua_2025_01_28__02_12_06_HDR0_2_Mothbot_yolo11m_4500_imgsz1600_b1_2024-01-18.pt.jpg,ORDER_Psocodea,2025-01-28,02:12:06,,2025_01_28__02_12_06,MachineObservation,Cerro_Hoya_Expedition_Hoya_606m_grisMejua_2025-01-26_2025-01-27,Cerro_Hoya_Expedition_Hoya_606m_grisMejua_2025-01-26,grisMejua_2025_01_28__02_12_06_HDR0.jpg,grisMejua_2025_01_28__02_12_06_HDR0_2_Mothbot_yolo11m_4500_imgsz1600_b1_2024-01-18.pt.jpg
doi.org10.15468dl.6nxkw6.csv,Animalia,Arthropoda,Insecta,Diptera,,,,,811,,Diptera,Diptera,Cerro_Hoya_Expedition_Hoya_606m_grisMejua_2025-01-26,grisMejua_2025_01_28__02_12_06_HDR0_3_Mothbot_yolo11m_4500_imgsz1600_b1_2024-01-18.pt.jpg,HS,Mothbot_yolo11m_4500_imgsz1600_b1_2024-01-18.pt,0.31861039996147156,,grisMejua,Cerro_Hoya_Expedition/Hoya_606m_grisMejua_2025-01-26/2025-01-27/patches/grisMejua_2025_01_28__02_12_06_HDR0_3_Mothbot_yolo11m_4500_imgsz1600_b1_2024-01-18.pt.jpg,ORDER_Hemiptera,2025-01-28,02:12:06,,2025_01_28__02_12_06,MachineObservation,Cerro_Hoya_Expedition_Hoya_606m_grisMejua_2025-01-26_2025-01-27,Cerro_Hoya_Expedition_Hoya_606m_grisMejua_2025-01-26,grisMejua_2025_01_28__02_12_06_HDR0.jpg,grisMejua_2025_01_28__02_12_06_HDR0_3_Mothbot_yolo11m_4500_imgsz1600_b1_2024-01-18.pt.jpg
doi.org10.15468dl.6nxkw6.csv,Animalia,Arthropoda,Insecta,Lepidoptera,,,,,797,,Lepidoptera,Lepidoptera,Cerro_Hoya_Expedition_Hoya_606m_grisMejua_2025-01-26,grisMejua_2025_01_28__02_13_06_HDR0_0_Mothbot_yolo11m_4500_imgsz1600_b1_2024-01-18.pt.jpg,HS,Mothbot_yolo11m_4500_imgsz1600_b1_2024-01-18.pt,0.7662224769592285,,grisMejua,Cerro_Hoya_Expedition/Hoya_606m_grisMejua_2025-01-26/2025-01-27/patches/grisMejua_2025_01_28__02_13_06_HDR0_0_Mothbot_yolo11m_4500_imgsz1600_b1_2024-01-18.pt.jpg,ORDER_Lepidoptera,2025-01-28,02:13:06,,2025_01_28__02_13_06,MachineObservation,Cerro_Hoya_Expedition_Hoya_606m_grisMejua_2025-01-26_2025-01-27,Cerro_Hoya_Expedition_Hoya_606m_grisMejua_2025-01-26,grisMejua_2025_01_28__02_13_06_HDR0.jpg,grisMejua_2025_01_28__02_13_06_HDR0_0_Mothbot_yolo11m_4500_imgsz1600_b1_2024-01-18.pt.jpg
doi.org10.15468dl.6nxkw6.csv,Animalia,Arthropoda,Insecta,Coleoptera,,,,,1470,,Coleoptera,Coleoptera,Cerro_Hoya_Expedition_Hoya_606m_grisMejua_2025-01-26,grisMejua_2025_01_28__02_13_06_HDR0_1_Mothbot_yolo11m_4500_imgsz1600_b1_2024-01-18.pt.jpg,HS,Mothbot_yolo11m_4500_imgsz1600_b1_2024-01-18.pt,0.6448447704315186,,grisMejua,Cerro_Hoya_Expedition/Hoya_606m_grisMejua_2025-01-26/2025-01-27/patches/grisMejua_2025_01_28__02_13_06_HDR0_1_Mothbot_yolo11m_4500_imgsz1600_b1_2024-01-18.pt.jpg,ORDER_Coleoptera,2025-01-28,02:13:06,,2025_01_28__02_13_06,MachineObservation,Cerro_Hoya_Expedition_Hoya_606m_grisMejua_2025-01-26_2025-01-27,Cerro_Hoya_Expedition_Hoya_606m_grisMejua_2025-01-26,grisMejua_2025_01_28__02_13_06_HDR0.jpg,grisMejua_2025_01_28__02_13_06_HDR0_1_Mothbot_yolo11m_4500_imgsz1600_b1_2024-01-18.pt.jpg
doi.org10.15468dl.6nxkw6.csv,Animalia,Arthropoda,Insecta,Diptera,,,,,811,,Diptera,Diptera,Cerro_Hoya_Expedition_Hoya_606m_grisMejua_2025-01-26,grisMejua_2025_01_28__02_13_06_HDR0_2_Mothbot_yolo11m_4500_imgsz1600_b1_2024-01-18.pt.jpg,HS,Mothbot_yolo11m_4500_imgsz1600_b1_2024-01-18.pt,0.3128689229488373,,grisMejua,Cerro_Hoya_Expedition/Hoya_606m_grisMejua_2025-01-26/2025-01-27/patches/grisMejua_2025_01_28__02_13_06_HDR0_2_Mothbot_yolo11m_4500_imgsz1600_b1_2024-01-18.pt.jpg,ORDER_Coleoptera,2025-01-28,02:13:06,,2025_01_28__02_13_06,MachineObservation,Cerro_Hoya_Expedition_Hoya_606m_grisMejua_2025-01-26_2025-01-27,Cerro_Hoya_Expedition_Hoya_606m_grisMejua_2025-01-26,grisMejua_2025_01_28__02_13_06_HDR0.jpg,grisMejua_2025_01_28__02_13_06_HDR0_2_Mothbot_yolo11m_4500_imgsz1600_b1_2024-01-18.pt.jpg
doi.org10.15468dl.6nxkw6.csv,Animalia,Arthropoda,Insecta,Diptera,,,,,811,,Diptera,Diptera,Cerro_Hoya_Expedition_Hoya_606m_grisMejua_2025-01-26,grisMejua_2025_01_28__02_13_06_HDR0_3_Mothbot_yolo11m_4500_imgsz1600_b1_2024-01-18.pt.jpg,HS,Mothbot_yolo11m_4500_imgsz1600_b1_2024-01-18.pt,0.3060707151889801,,grisMejua,Cerro_Hoya_Expedition/Hoya_606m_grisMejua_2025-01-26/2025-01-27/patches/grisMejua_2025_01_28__02_13_06_HDR0_3_Mothbot_yolo11m_4500_imgsz1600_b1_2024-01-18.pt.jpg,ORDER_Diptera,2025-01-28,02:13:06,,2025_01_28__02_13_06,MachineObservation,Cerro_Hoya_Expedition_Hoya_606m_grisMejua_2025-01-26_2025-01-27,Cerro_Hoya_Expedition_Hoya_606m_grisMejua_2025-01-26,grisMejua_2025_01_28__02_13_06_HDR0.jpg,grisMejua_2025_01_28__02_13_06_HDR0_3_Mothbot_yolo11m_4500_imgsz1600_b1_2024-01-18.pt.jpg
doi.org10.15468dl.6nxkw6.csv,Animalia,Arthropoda,Insecta,Lepidoptera,,,,,797,,Lepidoptera,Lepidoptera,Cerro_Hoya_Expedition_Hoya_606m_grisMejua_2025-01-26,grisMejua_2025_01_28__02_14_06_HDR0_0_Mothbot_yolo11m_4500_imgsz1600_b1_2024-01-18.pt.jpg,HS,Mothbot_yolo11m_4500_imgsz1600_b1_2024-01-18.pt,0.7801594138145447,,grisMejua,Cerro_Hoya_Expedition/Hoya_606m_grisMejua_2025-01-26/2025-01-27/patches/grisMejua_2025_01_28__02_14_06_HDR0_0_Mothbot_yolo11m_4500_imgsz1600_b1_2024-01-18.pt.jpg,ORDER_Lepidoptera,2025-01-28,02:14:06,,2025_01_28__02_14_06,MachineObservation,Cerro_Hoya_Expedition_Hoya_606m_grisMejua_2025-01-26_2025-01-27,Cerro_Hoya_Expedition_Hoya_606m_grisMejua_2025-01-26,grisMejua_2025_01_28__02_14_06_HDR0.jpg,grisMejua_2025_01_28__02_14_06_HDR0_0_Mothbot_yolo11m_4500_imgsz1600_b1_2024-01-18.pt.jpg
doi.org10.15468dl.6nxkw6.csv,Animalia,Arthropoda,Insecta,Coleoptera,,,,,1470,,Coleoptera,Coleoptera,Cerro_Hoya_Expedition_Hoya_606m_grisMejua_2025-01-26,grisMejua_2025_01_28__02_14_06_HDR0_1_Mothbot_yolo11m_4500_imgsz1600_b1_2024-01-18.pt.jpg,HS,Mothbot_yolo11m_4500_imgsz1600_b1_2024-01-18.pt,0.6273765563964844,,grisMejua,Cerro_Hoya_Expedition/Hoya_606m_grisMejua_2025-01-26/2025-01-27/patches/grisMejua_2025_01_28__02_14_06_HDR0_1_Mothbot_yolo11m_4500_imgsz1600_b1_2024-01-18.pt.jpg,ORDER_Coleoptera,2025-01-28,02:14:06,,2025_01_28__02_14_06,MachineObservation,Cerro_Hoya_Expedition_Hoya_606m_grisMejua_2025-01-26_2025-01-27,Cerro_Hoya_Expedition_Hoya_606m_grisMejua_2025-01-26,grisMejua_2025_01_28__02_14_06_HDR0.jpg,grisMejua_2025_01_28__02_14_06_HDR0_1_Mothbot_yolo11m_4500_imgsz1600_b1_2024-01-18.pt.jpg
doi.org10.15468dl.6nxkw6.csv,Animalia,Arthropoda,Insecta,Lepidoptera,,,,,797,,Lepidoptera,Lepidoptera,Cerro_Hoya_Expedition_Hoya_606m_grisMejua_2025-01-26,grisMejua_2025_01_28__02_15_22_HDR0_0_Mothbot_yolo11m_4500_imgsz1600_b1_2024-01-18.pt.jpg,HS,Mothbot_yolo11m_4500_imgsz1600_b1_2024-01-18.pt,0.7671468257904053,,grisMejua,Cerro_Hoya_Expedition/Hoya_606m_grisMejua_2025-01-26/2025-01-27/patches/grisMejua_2025_01_28__02_15_22_HDR0_0_Mothbot_yolo11m_4500_imgsz1600_b1_2024-01-18.pt.jpg,ORDER_Lepidoptera,2025-01-28,02:15:22,,2025_01_28__02_15_22,MachineObservation,Cerro_Hoya_Expedition_Hoya_606m_grisMejua_2025-01-26_2025-01-27,Cerro_Hoya_Expedition_Hoya_606m_grisMejua_2025-01-26,grisMejua_2025_01_28__02_15_22_HDR0.jpg,grisMejua_2025_01_28__02_15_22_HDR0_0_Mothbot_yolo11m_4500_imgsz1600_b1_2024-01-18.pt.jpg
doi.org10.15468dl.6nxkw6.csv,Animalia,Arthropoda,Insecta,Lepidoptera,,,,,797,,Lepidoptera,Lepidoptera,Cerro_Hoya_Expedition_Hoya_606m_grisMejua_2025-01-26,grisMejua_2025_01_28__02_15_22_HDR0_1_Mothbot_yolo11m_4500_imgsz1600_b1_2024-01-18.pt.jpg,HS,Mothbot_yolo11m_4500_imgsz1600_b1_2024-01-18.pt,0.7162653207778931,,grisMejua,Cerro_Hoya_Expedition/Hoya_606m_grisMejua_2025-01-26/2025-01-27/patches/grisMejua_2025_01_28__02_15_22_HDR0_1_Mothbot_yolo11m_4500_imgsz1600_b1_2024-01-18.pt.jpg,ORDER_Lepidoptera,2025-01-28,02:15:22,,2025_01_28__02_15_22,MachineObservation,Cerro_Hoya_Expedition_Hoya_606m_grisMejua_2025-01-26_2025-01-27,Cerro_Hoya_Expedition_Hoya_606m_grisMejua_2025-01-26,grisMejua_2025_01_28__02_15_22_HDR0.jpg,grisMejua_2025_01_28__02_15_22_HDR0_1_Mothbot_yolo11m_4500_imgsz1600_b1_2024-01-18.pt.jpg
doi.org10.15468dl.6nxkw6.csv,Animalia,Arthropoda,Insecta,Coleoptera,,,,,1470,,Coleoptera,Coleoptera,Cerro_Hoya_Expedition_Hoya_606m_grisMejua_2025-01-26,grisMejua_2025_01_28__02_15_22_HDR0_2_Mothbot_yolo11m_4500_imgsz1600_b1_2024-01-18.pt.jpg,HS,Mothbot_yolo11m_4500_imgsz1600_b1_2024-01-18.pt,0.6805793046951294,,grisMejua,Cerro_Hoya_Expedition/Hoya_606m_grisMejua_2025-01-26/2025-01-27/patches/grisMejua_2025_01_28__02_15_22_HDR0_2_Mothbot_yolo11m_4500_imgsz1600_b1_2024-01-18.pt.jpg,ORDER_Psocodea,2025-01-28,02:15:22,,2025_01_28__02_15_22,MachineObservation,Cerro_Hoya_Expedition_Hoya_606m_grisMejua_2025-01-26_2025-01-27,Cerro_Hoya_Expedition_Hoya_606m_grisMejua_2025-01-26,grisMejua_2025_01_28__02_15_22_HDR0.jpg,grisMejua_2025_01_28__02_15_22_HDR0_2_Mothbot_yolo11m_4500_imgsz1600_b1_2024-01-18.pt.jpg
doi.org10.15468dl.6nxkw6.csv,Animalia,Arthropoda,Insecta,Diptera,,,,,811,,Diptera,Diptera,Cerro_Hoya_Expedition_Hoya_606m_grisMejua_2025-01-26,grisMejua_2025_01_28__02_15_22_HDR0_3_Mothbot_yolo11m_4500_imgsz1600_b1_2024-01-18.pt.jpg,HS,Mothbot_yolo11m_4500_imgsz1600_b1_2024-01-18.pt,0.511497974395752,,grisMejua,Cerro_Hoya_Expedition/Hoya_606m_grisMejua_2025-01-26/2025-01-27/patches/grisMejua_2025_01_28__02_15_22_HDR0_3_Mothbot_yolo11m_4500_imgsz1600_b1_2024-01-18.pt.jpg,ORDER_Hemiptera,2025-01-28,02:15:22,,2025_01_28__02_15_22,MachineObservation,Cerro_Hoya_Expedition_Hoya_606m_grisMejua_2025-01-26_2025-01-27,Cerro_Hoya_Expedition_Hoya_606m_grisMejua_2025-01-26,grisMejua_2025_01_28__02_15_22_HDR0.jpg,grisMejua_2025_01_28__02_15_22_HDR0_3_Mothbot_yolo11m_4500_imgsz1600_b1_2024-01-18.pt.jpg
doi.org10.15468dl.6nxkw6.csv,Animalia,Arthropoda,Insecta,Diptera,,,,,811,,Diptera,Diptera,Cerro_Hoya_Expedition_Hoya_606m_grisMejua_2025-01-26,grisMejua_2025_01_28__02_15_22_HDR0_4_Mothbot_yolo11m_4500_imgsz1600_b1_2024-01-18.pt.jpg,HS,Mothbot_yolo11m_4500_imgsz1600_b1_2024-01-18.pt,0.3672833740711212,,grisMejua,Cerro_Hoya_Expedition/Hoya_606m_grisMejua_2025-01-26/2025-01-27/patches/grisMejua_2025_01_28__02_15_22_HDR0_4_Mothbot_yolo11m_4500_imgsz1600_b1_2024-01-18.pt.jpg,ORDER_Hymenoptera,2025-01-28,02:15:22,,2025_01_28__02_15_22,MachineObservation,Cerro_Hoya_Expedition_Hoya_606m_grisMejua_2025-01-26_2025-01-27,Cerro_Hoya_Expedition_Hoya_606m_grisMejua_2025-01-26,grisMejua_2025_01_28__02_15_22_HDR0.jpg,grisMejua_2025_01_28__02_15_22_HDR0_4_Mothbot_yolo11m_4500_imgsz1600_b1_2024-01-18.pt.jpg
doi.org10.15468dl.6nxkw6.csv,Animalia,Arthropoda,Insecta,Diptera,,,,,811,,Diptera,Diptera,Cerro_Hoya_Expedition_Hoya_606m_grisMejua_2025-01-26,grisMejua_2025_01_28__02_15_22_HDR0_5_Mothbot_yolo11m_4500_imgsz1600_b1_2024-01-18.pt.jpg,HS,Mothbot_yolo11m_4500_imgsz1600_b1_2024-01-18.pt,0.31076547503471375,,grisMejua,Cerro_Hoya_Expedition/Hoya_606m_grisMejua_2025-01-26/2025-01-27/patches/grisMejua_2025_01_28__02_15_22_HDR0_5_Mothbot_yolo11m_4500_imgsz1600_b1_2024-01-18.pt.jpg,ORDER_Hemiptera,2025-01-28,02:15:22,,2025_01_28__02_15_22,MachineObservation,Cerro_Hoya_Expedition_Hoya_606m_grisMejua_2025-01-26_2025-01-27,Cerro_Hoya_Expedition_Hoya_606m_grisMejua_2025-01-26,grisMejua_2025_01_28__02_15_22_HDR0.jpg,grisMejua_2025_01_28__02_15_22_HDR0_5_Mothbot_yolo11m_4500_imgsz1600_b1_2024-01-18.pt.jpg
doi.org10.15468dl.6nxkw6.csv,Animalia,Arthropoda,Insecta,Lepidoptera,,,,,797,,Lepidoptera,Lepidoptera,Cerro_Hoya_Expedition_Hoya_606m_grisMejua_2025-01-26,grisMejua_2025_01_28__02_16_06_HDR0_0_Mothbot_yolo11m_4500_imgsz1600_b1_2024-01-18.pt.jpg,HS,Mothbot_yolo11m_4500_imgsz1600_b1_2024-01-18.pt,0.7668018937110901,,grisMejua,Cerro_Hoya_Expedition/Hoya_606m_grisMejua_2025-01-26/2025-01-27/patches/grisMejua_2025_01_28__02_16_06_HDR0_0_Mothbot_yolo11m_4500_imgsz1600_b1_2024-01-18.pt.jpg,ORDER_Lepidoptera,2025-01-28,02:16:06,,2025_01_28__02_16_06,MachineObservation,Cerro_Hoya_Expedition_Hoya_606m_grisMejua_2025-01-26_2025-01-27,Cerro_Hoya_Expedition_Hoya_606m_grisMejua_2025-01-26,grisMejua_2025_01_28__02_16_06_HDR0.jpg,grisMejua_2025_01_28__02_16_06_HDR0_0_Mothbot_yolo11m_4500_imgsz1600_b1_2024-01-18.pt.jpg
doi.org10.15468dl.6nxkw6.csv,Animalia,Arthropoda,Insecta,Diptera,,,,,811,,Diptera,Diptera,Cerro_Hoya_Expedition_Hoya_606m_grisMejua_2025-01-26,grisMejua_2025_01_28__02_16_06_HDR0_1_Mothbot_yolo11m_4500_imgsz1600_b1_2024-01-18.pt.jpg,HS,Mothbot_yolo11m_4500_imgsz1600_b1_2024-01-18.pt,0.6842969655990601,,grisMejua,Cerro_Hoya_Expedition/Hoya_606m_grisMejua_2025-01-26/2025-01-27/patches/grisMejua_2025_01_28__02_16_06_HDR0_1_Mothbot_yolo11m_4500_imgsz1600_b1_2024-01-18.pt.jpg,ORDER_Hemiptera,2025-01-28,02:16:06,,2025_01_28__02_16_06,MachineObservation,Cerro_Hoya_Expedition_Hoya_606m_grisMejua_2025-01-26_2025-01-27,Cerro_Hoya_Expedition_Hoya_606m_grisMejua_2025-01-26,grisMejua_2025_01_28__02_16_06_HDR0.jpg,grisMejua_2025_01_28__02_16_06_HDR0_1_Mothbot_yolo11m_4500_imgsz1600_b1_2024-01-18.pt.jpg
doi.org10.15468dl.6nxkw6.csv,Animalia,Arthropoda,Insecta,Coleoptera,,,,,1470,,Coleoptera,Coleoptera,Cerro_Hoya_Expedition_Hoya_606m_grisMejua_2025-01-26,grisMejua_2025_01_28__02_16_06_HDR0_2_Mothbot_yolo11m_4500_imgsz1600_b1_2024-01-18.pt.jpg,HS,Mothbot_yolo11m_4500_imgsz1600_b1_2024-01-18.pt,0.6747649908065796,,grisMejua,Cerro_Hoya_Expedition/Hoya_606m_grisMejua_2025-01-26/2025-01-27/patches/grisMejua_2025_01_28__02_16_06_HDR0_2_Mothbot_yolo11m_4500_imgsz1600_b1_2024-01-18.pt.jpg,ORDER_Coleoptera,2025-01-28,02:16:06,,2025_01_28__02_16_06,MachineObservation,Cerro_Hoya_Expedition_Hoya_606m_grisMejua_2025-01-26_2025-01-27,Cerro_Hoya_Expedition_Hoya_606m_grisMejua_2025-01-26,grisMejua_2025_01_28__02_16_06_HDR0.jpg,grisMejua_2025_01_28__02_16_06_HDR0_2_Mothbot_yolo11m_4500_imgsz1600_b1_2024-01-18.pt.jpg
doi.org10.15468dl.6nxkw6.csv,Animalia,Arthropoda,Insecta,Diptera,,,,,811,,Diptera,Diptera,Cerro_Hoya_Expedition_Hoya_606m_grisMejua_2025-01-26,grisMejua_2025_01_28__02_16_06_HDR0_3_Mothbot_yolo11m_4500_imgsz1600_b1_2024-01-18.pt.jpg,HS,Mothbot_yolo11m_4500_imgsz1600_b1_2024-01-18.pt,0.6034135222434998,,grisMejua,Cerro_Hoya_Expedition/Hoya_606m_grisMejua_2025-01-26/2025-01-27/patches/grisMejua_2025_01_28__02_16_06_HDR0_3_Mothbot_yolo11m_4500_imgsz1600_b1_2024-01-18.pt.jpg,ORDER_Diptera,2025-01-28,02:16:06,,2025_01_28__02_16_06,MachineObservation,Cerro_Hoya_Expedition_Hoya_606m_grisMejua_2025-01-26_2025-01-27,Cerro_Hoya_Expedition_Hoya_606m_grisMejua_2025-01-26,grisMejua_2025_01_28__02_16_06_HDR0.jpg,grisMejua_2025_01_28__02_16_06_HDR0_3_Mothbot_yolo11m_4500_imgsz1600_b1_2024-01-18.pt.jpg
doi.org10.15468dl.6nxkw6.csv,Animalia,Arthropoda,Insecta,Diptera,,,,,811,,Diptera,Diptera,Cerro_Hoya_Expedition_Hoya_606m_grisMejua_2025-01-26,grisMejua_2025_01_28__02_17_05_HDR0_0_Mothbot_yolo11m_4500_imgsz1600_b1_2024-01-18.pt.jpg,HS,Mothbot_yolo11m_4500_imgsz1600_b1_2024-01-18.pt,0.7875033020973206,,grisMejua,Cerro_Hoya_Expedition/Hoya_606m_grisMejua_2025-01-26/2025-01-27/patches/grisMejua_2025_01_28__02_17_05_HDR0_0_Mothbot_yolo11m_4500_imgsz1600_b1_2024-01-18.pt.jpg,ORDER_Diptera,2025-01-28,02:17:05,,2025_01_28__02_17_05,MachineObservation,Cerro_Hoya_Expedition_Hoya_606m_grisMejua_2025-01-26_2025-01-27,Cerro_Hoya_Expedition_Hoya_606m_grisMejua_2025-01-26,grisMejua_2025_01_28__02_17_05_HDR0.jpg,grisMejua_2025_01_28__02_17_05_HDR0_0_Mothbot_yolo11m_4500_imgsz1600_b1_2024-01-18.pt.jpg
doi.org10.15468dl.6nxkw6.csv,Animalia,Arthropoda,Insecta,Lepidoptera,,,,,797,,Lepidoptera,Lepidoptera,Cerro_Hoya_Expedition_Hoya_606m_grisMejua_2025-01-26,grisMejua_2025_01_28__02_17_05_HDR0_1_Mothbot_yolo11m_4500_imgsz1600_b1_2024-01-18.pt.jpg,HS,Mothbot_yolo11m_4500_imgsz1600_b1_2024-01-18.pt,0.7452031970024109,,grisMejua,Cerro_Hoya_Expedition/Hoya_606m_grisMejua_2025-01-26/2025-01-27/patches/grisMejua_2025_01_28__02_17_05_HDR0_1_Mothbot_yolo11m_4500_imgsz1600_b1_2024-01-18.pt.jpg,ORDER_Lepidoptera,2025-01-28,02:17:05,,2025_01_28__02_17_05,MachineObservation,Cerro_Hoya_Expedition_Hoya_606m_grisMejua_2025-01-26_2025-01-27,Cerro_Hoya_Expedition_Hoya_606m_grisMejua_2025-01-26,grisMejua_2025_01_28__02_17_05_HDR0.jpg,grisMejua_2025_01_28__02_17_05_HDR0_1_Mothbot_yolo11m_4500_imgsz1600_b1_2024-01-18.pt.jpg
doi.org10.15468dl.6nxkw6.csv,Animalia,Arthropoda,Insecta,Coleoptera,,,,,1470,,Coleoptera,Coleoptera,Cerro_Hoya_Expedition_Hoya_606m_grisMejua_2025-01-26,grisMejua_2025_01_28__02_17_05_HDR0_2_Mothbot_yolo11m_4500_imgsz1600_b1_2024-01-18.pt.jpg,HS,Mothbot_yolo11m_4500_imgsz1600_b1_2024-01-18.pt,0.6622843742370605,,grisMejua,Cerro_Hoya_Expedition/Hoya_606m_grisMejua_2025-01-26/2025-01-27/patches/grisMejua_2025_01_28__02_17_05_HDR0_2_Mothbot_yolo11m_4500_imgsz1600_b1_2024-01-18.pt.jpg,ORDER_Coleoptera,2025-01-28,02:17:05,,2025_01_28__02_17_05,MachineObservation,Cerro_Hoya_Expedition_Hoya_606m_grisMejua_2025-01-26_2025-01-27,Cerro_Hoya_Expedition_Hoya_606m_grisMejua_2025-01-26,grisMejua_2025_01_28__02_17_05_HDR0.jpg,grisMejua_2025_01_28__02_17_05_HDR0_2_Mothbot_yolo11m_4500_imgsz1600_b1_2024-01-18.pt.jpg
doi.org10.15468dl.6nxkw6.csv,Animalia,Arthropoda,Insecta,Diptera,,,,,811,,Diptera,Diptera,Cerro_Hoya_Expedition_Hoya_606m_grisMejua_2025-01-26,grisMejua_2025_01_28__02_17_05_HDR0_3_Mothbot_yolo11m_4500_imgsz1600_b1_2024-01-18.pt.jpg,HS,Mothbot_yolo11m_4500_imgsz1600_b1_2024-01-18.pt,0.5360240340232849,,grisMejua,Cerro_Hoya_Expedition/Hoya_606m_grisMejua_2025-01-26/2025-01-27/patches/grisMejua_2025_01_28__02_17_05_HDR0_3_Mothbot_yolo11m_4500_imgsz1600_b1_2024-01-18.pt.jpg,ORDER_Diptera,2025-01-28,02:17:05,,2025_01_28__02_17_05,MachineObservation,Cerro_Hoya_Expedition_Hoya_606m_grisMejua_2025-01-26_2025-01-27,Cerro_Hoya_Expedition_Hoya_606m_grisMejua_2025-01-26,grisMejua_2025_01_28__02_17_05_HDR0.jpg,grisMejua_2025_01_28__02_17_05_HDR0_3_Mothbot_yolo11m_4500_imgsz1600_b1_2024-01-18.pt.jpg
doi.org10.15468dl.6nxkw6.csv,Animalia,Arthropoda,Insecta,Lepidoptera,,,,,797,,Lepidoptera,Lepidoptera,Cerro_Hoya_Expedition_Hoya_606m_grisMejua_2025-01-26,grisMejua_2025_01_28__02_17_05_HDR0_4_Mothbot_yolo11m_4500_imgsz1600_b1_2024-01-18.pt.jpg,HS,Mothbot_yolo11m_4500_imgsz1600_b1_2024-01-18.pt,0.28465840220451355,,grisMejua,Cerro_Hoya_Expedition/Hoya_606m_grisMejua_2025-01-26/2025-01-27/patches/grisMejua_2025_01_28__02_17_05_HDR0_4_Mothbot_yolo11m_4500_imgsz1600_b1_2024-01-18.pt.jpg,ORDER_Lepidoptera,2025-01-28,02:17:05,,2025_01_28__02_17_05,MachineObservation,Cerro_Hoya_Expedition_Hoya_606m_grisMejua_2025-01-26_2025-01-27,Cerro_Hoya_Expedition_Hoya_606m_grisMejua_2025-01-26,grisMejua_2025_01_28__02_17_05_HDR0.jpg,grisMejua_2025_01_28__02_17_05_HDR0_4_Mothbot_yolo11m_4500_imgsz1600_b1_2024-01-18.pt.jpg
doi.org10.15468dl.6nxkw6.csv,Animalia,Arthropoda,Insecta,Lepidoptera,,,,,797,,Lepidoptera,Lepidoptera,Cerro_Hoya_Expedition_Hoya_606m_grisMejua_2025-01-26,grisMejua_2025_01_28__02_18_05_HDR0_0_Mothbot_yolo11m_4500_imgsz1600_b1_2024-01-18.pt.jpg,HS,Mothbot_yolo11m_4500_imgsz1600_b1_2024-01-18.pt,0.7306575179100037,,grisMejua,Cerro_Hoya_Expedition/Hoya_606m_grisMejua_2025-01-26/2025-01-27/patches/grisMejua_2025_01_28__02_18_05_HDR0_0_Mothbot_yolo11m_4500_imgsz1600_b1_2024-01-18.pt.jpg,ORDER_Lepidoptera,2025-01-28,02:18:05,,2025_01_28__02_18_05,MachineObservation,Cerro_Hoya_Expedition_Hoya_606m_grisMejua_2025-01-26_2025-01-27,Cerro_Hoya_Expedition_Hoya_606m_grisMejua_2025-01-26,grisMejua_2025_01_28__02_18_05_HDR0.jpg,grisMejua_2025_01_28__02_18_05_HDR0_0_Mothbot_yolo11m_4500_imgsz1600_b1_2024-01-18.pt.jpg
doi.org10.15468dl.6nxkw6.csv,Animalia,Arthropoda,Insecta,Diptera,,,,,811,,Diptera,Diptera,Cerro_Hoya_Expedition_Hoya_606m_grisMejua_2025-01-26,grisMejua_2025_01_28__02_18_05_HDR0_1_Mothbot_yolo11m_4500_imgsz1600_b1_2024-01-18.pt.jpg,HS,Mothbot_yolo11m_4500_imgsz1600_b1_2024-01-18.pt,0.6988581418991089,,grisMejua,Cerro_Hoya_Expedition/Hoya_606m_grisMejua_2025-01-26/2025-01-27/patches/grisMejua_2025_01_28__02_18_05_HDR0_1_Mothbot_yolo11m_4500_imgsz1600_b1_2024-01-18.pt.jpg,ORDER_Diptera,2025-01-28,02:18:05,,2025_01_28__02_18_05,MachineObservation,Cerro_Hoya_Expedition_Hoya_606m_grisMejua_2025-01-26_2025-01-27,Cerro_Hoya_Expedition_Hoya_606m_grisMejua_2025-01-26,grisMejua_2025_01_28__02_18_05_HDR0.jpg,grisMejua_2025_01_28__02_18_05_HDR0_1_Mothbot_yolo11m_4500_imgsz1600_b1_2024-01-18.pt.jpg
doi.org10.15468dl.6nxkw6.csv,Animalia,Arthropoda,Insecta,Coleoptera,,,,,1470,,Coleoptera,Coleoptera,Cerro_Hoya_Expedition_Hoya_606m_grisMejua_2025-01-26,grisMejua_2025_01_28__02_18_05_HDR0_2_Mothbot_yolo11m_4500_imgsz1600_b1_2024-01-18.pt.jpg,HS,Mothbot_yolo11m_4500_imgsz1600_b1_2024-01-18.pt,0.6708452105522156,,grisMejua,Cerro_Hoya_Expedition/Hoya_606m_grisMejua_2025-01-26/2025-01-27/patches/grisMejua_2025_01_28__02_18_05_HDR0_2_Mothbot_yolo11m_4500_imgsz1600_b1_2024-01-18.pt.jpg,ORDER_Coleoptera,2025-01-28,02:18:05,,2025_01_28__02_18_05,MachineObservation,Cerro_Hoya_Expedition_Hoya_606m_grisMejua_2025-01-26_2025-01-27,Cerro_Hoya_Expedition_Hoya_606m_grisMejua_2025-01-26,grisMejua_2025_01_28__02_18_05_HDR0.jpg,grisMejua_2025_01_28__02_18_05_HDR0_2_Mothbot_yolo11m_4500_imgsz1600_b1_2024-01-18.pt.jpg
doi.org10.15468dl.6nxkw6.csv,Animalia,Arthropoda,Insecta,Lepidoptera,,,,,797,,Lepidoptera,Lepidoptera,Cerro_Hoya_Expedition_Hoya_606m_grisMejua_2025-01-26,grisMejua_2025_01_28__02_19_06_HDR0_0_Mothbot_yolo11m_4500_imgsz1600_b1_2024-01-18.pt.jpg,HS,Mothbot_yolo11m_4500_imgsz1600_b1_2024-01-18.pt,0.7403919696807861,,grisMejua,Cerro_Hoya_Expedition/Hoya_606m_grisMejua_2025-01-26/2025-01-27/patches/grisMejua_2025_01_28__02_19_06_HDR0_0_Mothbot_yolo11m_4500_imgsz1600_b1_2024-01-18.pt.jpg,ORDER_Lepidoptera,2025-01-28,02:19:06,,2025_01_28__02_19_06,MachineObservation,Cerro_Hoya_Expedition_Hoya_606m_grisMejua_2025-01-26_2025-01-27,Cerro_Hoya_Expedition_Hoya_606m_grisMejua_2025-01-26,grisMejua_2025_01_28__02_19_06_HDR0.jpg,grisMejua_2025_01_28__02_19_06_HDR0_0_Mothbot_yolo11m_4500_imgsz1600_b1_2024-01-18.pt.jpg
doi.org10.15468dl.6nxkw6.csv,Animalia,Arthropoda,Insecta,Coleoptera,,,,,1470,,Coleoptera,Coleoptera,Cerro_Hoya_Expedition_Hoya_606m_grisMejua_2025-01-26,grisMejua_2025_01_28__02_19_06_HDR0_1_Mothbot_yolo11m_4500_imgsz1600_b1_2024-01-18.pt.jpg,HS,Mothbot_yolo11m_4500_imgsz1600_b1_2024-01-18.pt,0.6912442445755005,,grisMejua,Cerro_Hoya_Expedition/Hoya_606m_grisMejua_2025-01-26/2025-01-27/patches/grisMejua_2025_01_28__02_19_06_HDR0_1_Mothbot_yolo11m_4500_imgsz1600_b1_2024-01-18.pt.jpg,ORDER_Diptera,2025-01-28,02:19:06,,2025_01_28__02_19_06,MachineObservation,Cerro_Hoya_Expedition_Hoya_606m_grisMejua_2025-01-26_2025-01-27,Cerro_Hoya_Expedition_Hoya_606m_grisMejua_2025-01-26,grisMejua_2025_01_28__02_19_06_HDR0.jpg,grisMejua_2025_01_28__02_19_06_HDR0_1_Mothbot_yolo11m_4500_imgsz1600_b1_2024-01-18.pt.jpg
doi.org10.15468dl.6nxkw6.csv,Animalia,Arthropoda,Insecta,Lepidoptera,,,,,797,,Lepidoptera,Lepidoptera,Cerro_Hoya_Expedition_Hoya_606m_grisMejua_2025-01-26,grisMejua_2025_01_28__02_19_06_HDR0_2_Mothbot_yolo11m_4500_imgsz1600_b1_2024-01-18.pt.jpg,HS,Mothbot_yolo11m_4500_imgsz1600_b1_2024-01-18.pt,0.2624704837799072,,grisMejua,Cerro_Hoya_Expedition/Hoya_606m_grisMejua_2025-01-26/2025-01-27/patches/grisMejua_2025_01_28__02_19_06_HDR0_2_Mothbot_yolo11m_4500_imgsz1600_b1_2024-01-18.pt.jpg,ORDER_Lepidoptera,2025-01-28,02:19:06,,2025_01_28__02_19_06,MachineObservation,Cerro_Hoya_Expedition_Hoya_606m_grisMejua_2025-01-26_2025-01-27,Cerro_Hoya_Expedition_Hoya_606m_grisMejua_2025-01-26,grisMejua_2025_01_28__02_19_06_HDR0.jpg,grisMejua_2025_01_28__02_19_06_HDR0_2_Mothbot_yolo11m_4500_imgsz1600_b1_2024-01-18.pt.jpg
doi.org10.15468dl.6nxkw6.csv,Animalia,Arthropoda,Insecta,Diptera,,,,,811,,Diptera,Diptera,Cerro_Hoya_Expedition_Hoya_606m_grisMejua_2025-01-26,grisMejua_2025_01_28__02_19_06_HDR0_3_Mothbot_yolo11m_4500_imgsz1600_b1_2024-01-18.pt.jpg,HS,Mothbot_yolo11m_4500_imgsz1600_b1_2024-01-18.pt,0.25235122442245483,,grisMejua,Cerro_Hoya_Expedition/Hoya_606m_grisMejua_2025-01-26/2025-01-27/patches/grisMejua_2025_01_28__02_19_06_HDR0_3_Mothbot_yolo11m_4500_imgsz1600_b1_2024-01-18.pt.jpg,ORDER_Psocodea,2025-01-28,02:19:06,,2025_01_28__02_19_06,MachineObservation,Cerro_Hoya_Expedition_Hoya_606m_grisMejua_2025-01-26_2025-01-27,Cerro_Hoya_Expedition_Hoya_606m_grisMejua_2025-01-26,grisMejua_2025_01_28__02_19_06_HDR0.jpg,grisMejua_2025_01_28__02_19_06_HDR0_3_Mothbot_yolo11m_4500_imgsz1600_b1_2024-01-18.pt.jpg
doi.org10.15468dl.6nxkw6.csv,Animalia,Arthropoda,Insecta,Lepidoptera,,,,,797,,Lepidoptera,Lepidoptera,Cerro_Hoya_Expedition_Hoya_606m_grisMejua_2025-01-26,grisMejua_2025_01_28__02_20_06_HDR0_0_Mothbot_yolo11m_4500_imgsz1600_b1_2024-01-18.pt.jpg,HS,Mothbot_yolo11m_4500_imgsz1600_b1_2024-01-18.pt,0.794467568397522,,grisMejua,Cerro_Hoya_Expedition/Hoya_606m_grisMejua_2025-01-26/2025-01-27/patches/grisMejua_2025_01_28__02_20_06_HDR0_0_Mothbot_yolo11m_4500_imgsz1600_b1_2024-01-18.pt.jpg,ORDER_Lepidoptera,2025-01-28,02:20:06,,2025_01_28__02_20_06,MachineObservation,Cerro_Hoya_Expedition_Hoya_606m_grisMejua_2025-01-26_2025-01-27,Cerro_Hoya_Expedition_Hoya_606m_grisMejua_2025-01-26,grisMejua_2025_01_28__02_20_06_HDR0.jpg,grisMejua_2025_01_28__02_20_06_HDR0_0_Mothbot_yolo11m_4500_imgsz1600_b1_2024-01-18.pt.jpg
doi.org10.15468dl.6nxkw6.csv,Animalia,Arthropoda,Insecta,Diptera,,,,,811,,Diptera,Diptera,Cerro_Hoya_Expedition_Hoya_606m_grisMejua_2025-01-26,grisMejua_2025_01_28__02_20_06_HDR0_1_Mothbot_yolo11m_4500_imgsz1600_b1_2024-01-18.pt.jpg,HS,Mothbot_yolo11m_4500_imgsz1600_b1_2024-01-18.pt,0.7262209057807922,,grisMejua,Cerro_Hoya_Expedition/Hoya_606m_grisMejua_2025-01-26/2025-01-27/patches/grisMejua_2025_01_28__02_20_06_HDR0_1_Mothbot_yolo11m_4500_imgsz1600_b1_2024-01-18.pt.jpg,ORDER_Diptera,2025-01-28,02:20:06,,2025_01_28__02_20_06,MachineObservation,Cerro_Hoya_Expedition_Hoya_606m_grisMejua_2025-01-26_2025-01-27,Cerro_Hoya_Expedition_Hoya_606m_grisMejua_2025-01-26,grisMejua_2025_01_28__02_20_06_HDR0.jpg,grisMejua_2025_01_28__02_20_06_HDR0_1_Mothbot_yolo11m_4500_imgsz1600_b1_2024-01-18.pt.jpg
doi.org10.15468dl.6nxkw6.csv,Animalia,Arthropoda,Insecta,Coleoptera,,,,,1470,,Coleoptera,Coleoptera,Cerro_Hoya_Expedition_Hoya_606m_grisMejua_2025-01-26,grisMejua_2025_01_28__02_20_06_HDR0_2_Mothbot_yolo11m_4500_imgsz1600_b1_2024-01-18.pt.jpg,HS,Mothbot_yolo11m_4500_imgsz1600_b1_2024-01-18.pt,0.5127528309822083,,grisMejua,Cerro_Hoya_Expedition/Hoya_606m_grisMejua_2025-01-26/2025-01-27/patches/grisMejua_2025_01_28__02_20_06_HDR0_2_Mothbot_yolo11m_4500_imgsz1600_b1_2024-01-18.pt.jpg,ORDER_Hymenoptera,2025-01-28,02:20:06,,2025_01_28__02_20_06,MachineObservation,Cerro_Hoya_Expedition_Hoya_606m_grisMejua_2025-01-26_2025-01-27,Cerro_Hoya_Expedition_Hoya_606m_grisMejua_2025-01-26,grisMejua_2025_01_28__02_20_06_HDR0.jpg,grisMejua_2025_01_28__02_20_06_HDR0_2_Mothbot_yolo11m_4500_imgsz1600_b1_2024-01-18.pt.jpg
doi.org10.15468dl.6nxkw6.csv,Animalia,Arthropoda,Insecta,Diptera,,,,,811,,Diptera,Diptera,Cerro_Hoya_Expedition_Hoya_606m_grisMejua_2025-01-26,grisMejua_2025_01_28__02_21_06_HDR0_0_Mothbot_yolo11m_4500_imgsz1600_b1_2024-01-18.pt.jpg,HS,Mothbot_yolo11m_4500_imgsz1600_b1_2024-01-18.pt,0.8051437139511108,,grisMejua,Cerro_Hoya_Expedition/Hoya_606m_grisMejua_2025-01-26/2025-01-27/patches/grisMejua_2025_01_28__02_21_06_HDR0_0_Mothbot_yolo11m_4500_imgsz1600_b1_2024-01-18.pt.jpg,ORDER_Diptera,2025-01-28,02:21:06,,2025_01_28__02_21_06,MachineObservation,Cerro_Hoya_Expedition_Hoya_606m_grisMejua_2025-01-26_2025-01-27,Cerro_Hoya_Expedition_Hoya_606m_grisMejua_2025-01-26,grisMejua_2025_01_28__02_21_06_HDR0.jpg,grisMejua_2025_01_28__02_21_06_HDR0_0_Mothbot_yolo11m_4500_imgsz1600_b1_2024-01-18.pt.jpg
doi.org10.15468dl.6nxkw6.csv,Animalia,Arthropoda,Insecta,Coleoptera,,,,,1470,,Coleoptera,Coleoptera,Cerro_Hoya_Expedition_Hoya_606m_grisMejua_2025-01-26,grisMejua_2025_01_28__02_21_06_HDR0_1_Mothbot_yolo11m_4500_imgsz1600_b1_2024-01-18.pt.jpg,HS,Mothbot_yolo11m_4500_imgsz1600_b1_2024-01-18.pt,0.7211097478866577,,grisMejua,Cerro_Hoya_Expedition/Hoya_606m_grisMejua_2025-01-26/2025-01-27/patches/grisMejua_2025_01_28__02_21_06_HDR0_1_Mothbot_yolo11m_4500_imgsz1600_b1_2024-01-18.pt.jpg,ORDER_Coleoptera,2025-01-28,02:21:06,,2025_01_28__02_21_06,MachineObservation,Cerro_Hoya_Expedition_Hoya_606m_grisMejua_2025-01-26_2025-01-27,Cerro_Hoya_Expedition_Hoya_606m_grisMejua_2025-01-26,grisMejua_2025_01_28__02_21_06_HDR0.jpg,grisMejua_2025_01_28__02_21_06_HDR0_1_Mothbot_yolo11m_4500_imgsz1600_b1_2024-01-18.pt.jpg
doi.org10.15468dl.6nxkw6.csv,Animalia,Arthropoda,Insecta,Lepidoptera,,,,,797,,Lepidoptera,Lepidoptera,Cerro_Hoya_Expedition_Hoya_606m_grisMejua_2025-01-26,grisMejua_2025_01_28__02_22_23_HDR0_0_Mothbot_yolo11m_4500_imgsz1600_b1_2024-01-18.pt.jpg,HS,Mothbot_yolo11m_4500_imgsz1600_b1_2024-01-18.pt,0.8049958348274231,,grisMejua,Cerro_Hoya_Expedition/Hoya_606m_grisMejua_2025-01-26/2025-01-27/patches/grisMejua_2025_01_28__02_22_23_HDR0_0_Mothbot_yolo11m_4500_imgsz1600_b1_2024-01-18.pt.jpg,ORDER_Diptera,2025-01-28,02:22:23,,2025_01_28__02_22_23,MachineObservation,Cerro_Hoya_Expedition_Hoya_606m_grisMejua_2025-01-26_2025-01-27,Cerro_Hoya_Expedition_Hoya_606m_grisMejua_2025-01-26,grisMejua_2025_01_28__02_22_23_HDR0.jpg,grisMejua_2025_01_28__02_22_23_HDR0_0_Mothbot_yolo11m_4500_imgsz1600_b1_2024-01-18.pt.jpg
doi.org10.15468dl.6nxkw6.csv,Animalia,Arthropoda,Insecta,Coleoptera,,,,,1470,,Coleoptera,Coleoptera,Cerro_Hoya_Expedition_Hoya_606m_grisMejua_2025-01-26,grisMejua_2025_01_28__02_22_23_HDR0_1_Mothbot_yolo11m_4500_imgsz1600_b1_2024-01-18.pt.jpg,HS,Mothbot_yolo11m_4500_imgsz1600_b1_2024-01-18.pt,0.7155095934867859,,grisMejua,Cerro_Hoya_Expedition/Hoya_606m_grisMejua_2025-01-26/2025-01-27/patches/grisMejua_2025_01_28__02_22_23_HDR0_1_Mothbot_yolo11m_4500_imgsz1600_b1_2024-01-18.pt.jpg,ORDER_Coleoptera,2025-01-28,02:22:23,,2025_01_28__02_22_23,MachineObservation,Cerro_Hoya_Expedition_Hoya_606m_grisMejua_2025-01-26_2025-01-27,Cerro_Hoya_Expedition_Hoya_606m_grisMejua_2025-01-26,grisMejua_2025_01_28__02_22_23_HDR0.jpg,grisMejua_2025_01_28__02_22_23_HDR0_1_Mothbot_yolo11m_4500_imgsz1600_b1_2024-01-18.pt.jpg
doi.org10.15468dl.6nxkw6.csv,Animalia,Arthropoda,Insecta,Lepidoptera,,,,,797,,Lepidoptera,Lepidoptera,Cerro_Hoya_Expedition_Hoya_606m_grisMejua_2025-01-26,grisMejua_2025_01_28__02_23_06_HDR0_0_Mothbot_yolo11m_4500_imgsz1600_b1_2024-01-18.pt.jpg,HS,Mothbot_yolo11m_4500_imgsz1600_b1_2024-01-18.pt,0.7901551723480225,,grisMejua,Cerro_Hoya_Expedition/Hoya_606m_grisMejua_2025-01-26/2025-01-27/patches/grisMejua_2025_01_28__02_23_06_HDR0_0_Mothbot_yolo11m_4500_imgsz1600_b1_2024-01-18.pt.jpg,ORDER_Lepidoptera,2025-01-28,02:23:06,,2025_01_28__02_23_06,MachineObservation,Cerro_Hoya_Expedition_Hoya_606m_grisMejua_2025-01-26_2025-01-27,Cerro_Hoya_Expedition_Hoya_606m_grisMejua_2025-01-26,grisMejua_2025_01_28__02_23_06_HDR0.jpg,grisMejua_2025_01_28__02_23_06_HDR0_0_Mothbot_yolo11m_4500_imgsz1600_b1_2024-01-18.pt.jpg
doi.org10.15468dl.6nxkw6.csv,Animalia,Arthropoda,Insecta,Coleoptera,,,,,1470,,Coleoptera,Coleoptera,Cerro_Hoya_Expedition_Hoya_606m_grisMejua_2025-01-26,grisMejua_2025_01_28__02_23_06_HDR0_1_Mothbot_yolo11m_4500_imgsz1600_b1_2024-01-18.pt.jpg,HS,Mothbot_yolo11m_4500_imgsz1600_b1_2024-01-18.pt,0.6366897225379944,,grisMejua,Cerro_Hoya_Expedition/Hoya_606m_grisMejua_2025-01-26/2025-01-27/patches/grisMejua_2025_01_28__02_23_06_HDR0_1_Mothbot_yolo11m_4500_imgsz1600_b1_2024-01-18.pt.jpg,ORDER_Coleoptera,2025-01-28,02:23:06,,2025_01_28__02_23_06,MachineObservation,Cerro_Hoya_Expedition_Hoya_606m_grisMejua_2025-01-26_2025-01-27,Cerro_Hoya_Expedition_Hoya_606m_grisMejua_2025-01-26,grisMejua_2025_01_28__02_23_06_HDR0.jpg,grisMejua_2025_01_28__02_23_06_HDR0_1_Mothbot_yolo11m_4500_imgsz1600_b1_2024-01-18.pt.jpg
doi.org10.15468dl.6nxkw6.csv,Animalia,Arthropoda,Insecta,Lepidoptera,,,,,797,,Lepidoptera,Lepidoptera,Cerro_Hoya_Expedition_Hoya_606m_grisMejua_2025-01-26,grisMejua_2025_01_28__02_24_06_HDR0_0_Mothbot_yolo11m_4500_imgsz1600_b1_2024-01-18.pt.jpg,HS,Mothbot_yolo11m_4500_imgsz1600_b1_2024-01-18.pt,0.7911985516548157,,grisMejua,Cerro_Hoya_Expedition/Hoya_606m_grisMejua_2025-01-26/2025-01-27/patches/grisMejua_2025_01_28__02_24_06_HDR0_0_Mothbot_yolo11m_4500_imgsz1600_b1_2024-01-18.pt.jpg,ORDER_Diptera,2025-01-28,02:24:06,,2025_01_28__02_24_06,MachineObservation,Cerro_Hoya_Expedition_Hoya_606m_grisMejua_2025-01-26_2025-01-27,Cerro_Hoya_Expedition_Hoya_606m_grisMejua_2025-01-26,grisMejua_2025_01_28__02_24_06_HDR0.jpg,grisMejua_2025_01_28__02_24_06_HDR0_0_Mothbot_yolo11m_4500_imgsz1600_b1_2024-01-18.pt.jpg
doi.org10.15468dl.6nxkw6.csv,Animalia,Arthropoda,Insecta,Coleoptera,,,,,1470,,Coleoptera,Coleoptera,Cerro_Hoya_Expedition_Hoya_606m_grisMejua_2025-01-26,grisMejua_2025_01_28__02_24_06_HDR0_1_Mothbot_yolo11m_4500_imgsz1600_b1_2024-01-18.pt.jpg,HS,Mothbot_yolo11m_4500_imgsz1600_b1_2024-01-18.pt,0.7004910111427307,,grisMejua,Cerro_Hoya_Expedition/Hoya_606m_grisMejua_2025-01-26/2025-01-27/patches/grisMejua_2025_01_28__02_24_06_HDR0_1_Mothbot_yolo11m_4500_imgsz1600_b1_2024-01-18.pt.jpg,ORDER_Psocodea,2025-01-28,02:24:06,,2025_01_28__02_24_06,MachineObservation,Cerro_Hoya_Expedition_Hoya_606m_grisMejua_2025-01-26_2025-01-27,Cerro_Hoya_Expedition_Hoya_606m_grisMejua_2025-01-26,grisMejua_2025_01_28__02_24_06_HDR0.jpg,grisMejua_2025_01_28__02_24_06_HDR0_1_Mothbot_yolo11m_4500_imgsz1600_b1_2024-01-18.pt.jpg
doi.org10.15468dl.6nxkw6.csv,Animalia,Arthropoda,Insecta,Lepidoptera,,,,,797,,Lepidoptera,Lepidoptera,Cerro_Hoya_Expedition_Hoya_606m_grisMejua_2025-01-26,grisMejua_2025_01_28__02_25_06_HDR0_0_Mothbot_yolo11m_4500_imgsz1600_b1_2024-01-18.pt.jpg,HS,Mothbot_yolo11m_4500_imgsz1600_b1_2024-01-18.pt,0.7998676300048828,,grisMejua,Cerro_Hoya_Expedition/Hoya_606m_grisMejua_2025-01-26/2025-01-27/patches/grisMejua_2025_01_28__02_25_06_HDR0_0_Mothbot_yolo11m_4500_imgsz1600_b1_2024-01-18.pt.jpg,ORDER_Diptera,2025-01-28,02:25:06,,2025_01_28__02_25_06,MachineObservation,Cerro_Hoya_Expedition_Hoya_606m_grisMejua_2025-01-26_2025-01-27,Cerro_Hoya_Expedition_Hoya_606m_grisMejua_2025-01-26,grisMejua_2025_01_28__02_25_06_HDR0.jpg,grisMejua_2025_01_28__02_25_06_HDR0_0_Mothbot_yolo11m_4500_imgsz1600_b1_2024-01-18.pt.jpg
doi.org10.15468dl.6nxkw6.csv,Animalia,Arthropoda,Insecta,Coleoptera,,,,,1470,,Coleoptera,Coleoptera,Cerro_Hoya_Expedition_Hoya_606m_grisMejua_2025-01-26,grisMejua_2025_01_28__02_25_06_HDR0_1_Mothbot_yolo11m_4500_imgsz1600_b1_2024-01-18.pt.jpg,HS,Mothbot_yolo11m_4500_imgsz1600_b1_2024-01-18.pt,0.6660845875740051,,grisMejua,Cerro_Hoya_Expedition/Hoya_606m_grisMejua_2025-01-26/2025-01-27/patches/grisMejua_2025_01_28__02_25_06_HDR0_1_Mothbot_yolo11m_4500_imgsz1600_b1_2024-01-18.pt.jpg,ORDER_Coleoptera,2025-01-28,02:25:06,,2025_01_28__02_25_06,MachineObservation,Cerro_Hoya_Expedition_Hoya_606m_grisMejua_2025-01-26_2025-01-27,Cerro_Hoya_Expedition_Hoya_606m_grisMejua_2025-01-26,grisMejua_2025_01_28__02_25_06_HDR0.jpg,grisMejua_2025_01_28__02_25_06_HDR0_1_Mothbot_yolo11m_4500_imgsz1600_b1_2024-01-18.pt.jpg
doi.org10.15468dl.6nxkw6.csv,Animalia,Arthropoda,Insecta,Lepidoptera,,,,,797,,Lepidoptera,Lepidoptera,Cerro_Hoya_Expedition_Hoya_606m_grisMejua_2025-01-26,grisMejua_2025_01_28__02_26_05_HDR0_0_Mothbot_yolo11m_4500_imgsz1600_b1_2024-01-18.pt.jpg,HS,Mothbot_yolo11m_4500_imgsz1600_b1_2024-01-18.pt,0.8105815649032593,,grisMejua,Cerro_Hoya_Expedition/Hoya_606m_grisMejua_2025-01-26/2025-01-27/patches/grisMejua_2025_01_28__02_26_05_HDR0_0_Mothbot_yolo11m_4500_imgsz1600_b1_2024-01-18.pt.jpg,ORDER_Hemiptera,2025-01-28,02:26:05,,2025_01_28__02_26_05,MachineObservation,Cerro_Hoya_Expedition_Hoya_606m_grisMejua_2025-01-26_2025-01-27,Cerro_Hoya_Expedition_Hoya_606m_grisMejua_2025-01-26,grisMejua_2025_01_28__02_26_05_HDR0.jpg,grisMejua_2025_01_28__02_26_05_HDR0_0_Mothbot_yolo11m_4500_imgsz1600_b1_2024-01-18.pt.jpg
doi.org10.15468dl.6nxkw6.csv,Animalia,Arthropoda,Insecta,Diptera,,,,,811,,Diptera,Diptera,Cerro_Hoya_Expedition_Hoya_606m_grisMejua_2025-01-26,grisMejua_2025_01_28__02_26_05_HDR0_1_Mothbot_yolo11m_4500_imgsz1600_b1_2024-01-18.pt.jpg,HS,Mothbot_yolo11m_4500_imgsz1600_b1_2024-01-18.pt,0.7226642370223999,,grisMejua,Cerro_Hoya_Expedition/Hoya_606m_grisMejua_2025-01-26/2025-01-27/patches/grisMejua_2025_01_28__02_26_05_HDR0_1_Mothbot_yolo11m_4500_imgsz1600_b1_2024-01-18.pt.jpg,ORDER_Diptera,2025-01-28,02:26:05,,2025_01_28__02_26_05,MachineObservation,Cerro_Hoya_Expedition_Hoya_606m_grisMejua_2025-01-26_2025-01-27,Cerro_Hoya_Expedition_Hoya_606m_grisMejua_2025-01-26,grisMejua_2025_01_28__02_26_05_HDR0.jpg,grisMejua_2025_01_28__02_26_05_HDR0_1_Mothbot_yolo11m_4500_imgsz1600_b1_2024-01-18.pt.jpg
doi.org10.15468dl.6nxkw6.csv,Animalia,Arthropoda,Insecta,Coleoptera,,,,,1470,,Coleoptera,Coleoptera,Cerro_Hoya_Expedition_Hoya_606m_grisMejua_2025-01-26,grisMejua_2025_01_28__02_26_05_HDR0_2_Mothbot_yolo11m_4500_imgsz1600_b1_2024-01-18.pt.jpg,HS,Mothbot_yolo11m_4500_imgsz1600_b1_2024-01-18.pt,0.652625322341919,,grisMejua,Cerro_Hoya_Expedition/Hoya_606m_grisMejua_2025-01-26/2025-01-27/patches/grisMejua_2025_01_28__02_26_05_HDR0_2_Mothbot_yolo11m_4500_imgsz1600_b1_2024-01-18.pt.jpg,ORDER_Coleoptera,2025-01-28,02:26:05,,2025_01_28__02_26_05,MachineObservation,Cerro_Hoya_Expedition_Hoya_606m_grisMejua_2025-01-26_2025-01-27,Cerro_Hoya_Expedition_Hoya_606m_grisMejua_2025-01-26,grisMejua_2025_01_28__02_26_05_HDR0.jpg,grisMejua_2025_01_28__02_26_05_HDR0_2_Mothbot_yolo11m_4500_imgsz1600_b1_2024-01-18.pt.jpg
doi.org10.15468dl.6nxkw6.csv,Animalia,Arthropoda,Insecta,Lepidoptera,,,,,797,,Lepidoptera,Lepidoptera,Cerro_Hoya_Expedition_Hoya_606m_grisMejua_2025-01-26,grisMejua_2025_01_28__02_27_06_HDR0_0_Mothbot_yolo11m_4500_imgsz1600_b1_2024-01-18.pt.jpg,HS,Mothbot_yolo11m_4500_imgsz1600_b1_2024-01-18.pt,0.8000229001045227,,grisMejua,Cerro_Hoya_Expedition/Hoya_606m_grisMejua_2025-01-26/2025-01-27/patches/grisMejua_2025_01_28__02_27_06_HDR0_0_Mothbot_yolo11m_4500_imgsz1600_b1_2024-01-18.pt.jpg,ORDER_Hemiptera,2025-01-28,02:27:06,,2025_01_28__02_27_06,MachineObservation,Cerro_Hoya_Expedition_Hoya_606m_grisMejua_2025-01-26_2025-01-27,Cerro_Hoya_Expedition_Hoya_606m_grisMejua_2025-01-26,grisMejua_2025_01_28__02_27_06_HDR0.jpg,grisMejua_2025_01_28__02_27_06_HDR0_0_Mothbot_yolo11m_4500_imgsz1600_b1_2024-01-18.pt.jpg
doi.org10.15468dl.6nxkw6.csv,Animalia,Arthropoda,Insecta,Coleoptera,,,,,1470,,Coleoptera,Coleoptera,Cerro_Hoya_Expedition_Hoya_606m_grisMejua_2025-01-26,grisMejua_2025_01_28__02_27_06_HDR0_1_Mothbot_yolo11m_4500_imgsz1600_b1_2024-01-18.pt.jpg,HS,Mothbot_yolo11m_4500_imgsz1600_b1_2024-01-18.pt,0.6398565769195557,,grisMejua,Cerro_Hoya_Expedition/Hoya_606m_grisMejua_2025-01-26/2025-01-27/patches/grisMejua_2025_01_28__02_27_06_HDR0_1_Mothbot_yolo11m_4500_imgsz1600_b1_2024-01-18.pt.jpg,ORDER_Coleoptera,2025-01-28,02:27:06,,2025_01_28__02_27_06,MachineObservation,Cerro_Hoya_Expedition_Hoya_606m_grisMejua_2025-01-26_2025-01-27,Cerro_Hoya_Expedition_Hoya_606m_grisMejua_2025-01-26,grisMejua_2025_01_28__02_27_06_HDR0.jpg,grisMejua_2025_01_28__02_27_06_HDR0_1_Mothbot_yolo11m_4500_imgsz1600_b1_2024-01-18.pt.jpg
doi.org10.15468dl.6nxkw6.csv,Animalia,Arthropoda,Insecta,Lepidoptera,,,,,797,,Lepidoptera,Lepidoptera,Cerro_Hoya_Expedition_Hoya_606m_grisMejua_2025-01-26,grisMejua_2025_01_28__02_28_06_HDR0_0_Mothbot_yolo11m_4500_imgsz1600_b1_2024-01-18.pt.jpg,HS,Mothbot_yolo11m_4500_imgsz1600_b1_2024-01-18.pt,0.80345618724823,,grisMejua,Cerro_Hoya_Expedition/Hoya_606m_grisMejua_2025-01-26/2025-01-27/patches/grisMejua_2025_01_28__02_28_06_HDR0_0_Mothbot_yolo11m_4500_imgsz1600_b1_2024-01-18.pt.jpg,ORDER_Hemiptera,2025-01-28,02:28:06,,2025_01_28__02_28_06,MachineObservation,Cerro_Hoya_Expedition_Hoya_606m_grisMejua_2025-01-26_2025-01-27,Cerro_Hoya_Expedition_Hoya_606m_grisMejua_2025-01-26,grisMejua_2025_01_28__02_28_06_HDR0.jpg,grisMejua_2025_01_28__02_28_06_HDR0_0_Mothbot_yolo11m_4500_imgsz1600_b1_2024-01-18.pt.jpg
doi.org10.15468dl.6nxkw6.csv,Animalia,Arthropoda,Insecta,Coleoptera,,,,,1470,,Coleoptera,Coleoptera,Cerro_Hoya_Expedition_Hoya_606m_grisMejua_2025-01-26,grisMejua_2025_01_28__02_28_06_HDR0_1_Mothbot_yolo11m_4500_imgsz1600_b1_2024-01-18.pt.jpg,HS,Mothbot_yolo11m_4500_imgsz1600_b1_2024-01-18.pt,0.6670709252357483,,grisMejua,Cerro_Hoya_Expedition/Hoya_606m_grisMejua_2025-01-26/2025-01-27/patches/grisMejua_2025_01_28__02_28_06_HDR0_1_Mothbot_yolo11m_4500_imgsz1600_b1_2024-01-18.pt.jpg,ORDER_Coleoptera,2025-01-28,02:28:06,,2025_01_28__02_28_06,MachineObservation,Cerro_Hoya_Expedition_Hoya_606m_grisMejua_2025-01-26_2025-01-27,Cerro_Hoya_Expedition_Hoya_606m_grisMejua_2025-01-26,grisMejua_2025_01_28__02_28_06_HDR0.jpg,grisMejua_2025_01_28__02_28_06_HDR0_1_Mothbot_yolo11m_4500_imgsz1600_b1_2024-01-18.pt.jpg
doi.org10.15468dl.6nxkw6.csv,Animalia,Arthropoda,Insecta,Lepidoptera,,,,,797,,Lepidoptera,Lepidoptera,Cerro_Hoya_Expedition_Hoya_606m_grisMejua_2025-01-26,grisMejua_2025_01_28__02_29_22_HDR0_0_Mothbot_yolo11m_4500_imgsz1600_b1_2024-01-18.pt.jpg,HS,Mothbot_yolo11m_4500_imgsz1600_b1_2024-01-18.pt,0.7972386479377747,,grisMejua,Cerro_Hoya_Expedition/Hoya_606m_grisMejua_2025-01-26/2025-01-27/patches/grisMejua_2025_01_28__02_29_22_HDR0_0_Mothbot_yolo11m_4500_imgsz1600_b1_2024-01-18.pt.jpg,ORDER_Lepidoptera,2025-01-28,02:29:22,,2025_01_28__02_29_22,MachineObservation,Cerro_Hoya_Expedition_Hoya_606m_grisMejua_2025-01-26_2025-01-27,Cerro_Hoya_Expedition_Hoya_606m_grisMejua_2025-01-26,grisMejua_2025_01_28__02_29_22_HDR0.jpg,grisMejua_2025_01_28__02_29_22_HDR0_0_Mothbot_yolo11m_4500_imgsz1600_b1_2024-01-18.pt.jpg
doi.org10.15468dl.6nxkw6.csv,Animalia,Arthropoda,Insecta,Lepidoptera,,,,,797,,Lepidoptera,Lepidoptera,Cerro_Hoya_Expedition_Hoya_606m_grisMejua_2025-01-26,grisMejua_2025_01_28__02_29_22_HDR0_1_Mothbot_yolo11m_4500_imgsz1600_b1_2024-01-18.pt.jpg,HS,Mothbot_yolo11m_4500_imgsz1600_b1_2024-01-18.pt,0.6345634460449219,,grisMejua,Cerro_Hoya_Expedition/Hoya_606m_grisMejua_2025-01-26/2025-01-27/patches/grisMejua_2025_01_28__02_29_22_HDR0_1_Mothbot_yolo11m_4500_imgsz1600_b1_2024-01-18.pt.jpg,ORDER_Lepidoptera,2025-01-28,02:29:22,,2025_01_28__02_29_22,MachineObservation,Cerro_Hoya_Expedition_Hoya_606m_grisMejua_2025-01-26_2025-01-27,Cerro_Hoya_Expedition_Hoya_606m_grisMejua_2025-01-26,grisMejua_2025_01_28__02_29_22_HDR0.jpg,grisMejua_2025_01_28__02_29_22_HDR0_1_Mothbot_yolo11m_4500_imgsz1600_b1_2024-01-18.pt.jpg
doi.org10.15468dl.6nxkw6.csv,Animalia,Arthropoda,Insecta,,,,,,216,,Insecta,Insecta,Cerro_Hoya_Expedition_Hoya_606m_grisMejua_2025-01-26,grisMejua_2025_01_28__02_29_22_HDR0_2_Mothbot_yolo11m_4500_imgsz1600_b1_2024-01-18.pt.jpg,HS,Mothbot_yolo11m_4500_imgsz1600_b1_2024-01-18.pt,0.4208468794822693,,grisMejua,Cerro_Hoya_Expedition/Hoya_606m_grisMejua_2025-01-26/2025-01-27/patches/grisMejua_2025_01_28__02_29_22_HDR0_2_Mothbot_yolo11m_4500_imgsz1600_b1_2024-01-18.pt.jpg,ORDER_Odonata,2025-01-28,02:29:22,,2025_01_28__02_29_22,MachineObservation,Cerro_Hoya_Expedition_Hoya_606m_grisMejua_2025-01-26_2025-01-27,Cerro_Hoya_Expedition_Hoya_606m_grisMejua_2025-01-26,grisMejua_2025_01_28__02_29_22_HDR0.jpg,grisMejua_2025_01_28__02_29_22_HDR0_2_Mothbot_yolo11m_4500_imgsz1600_b1_2024-01-18.pt.jpg
doi.org10.15468dl.6nxkw6.csv,Animalia,Arthropoda,Insecta,Coleoptera,,,,,1470,,Coleoptera,Coleoptera,Cerro_Hoya_Expedition_Hoya_606m_grisMejua_2025-01-26,grisMejua_2025_01_28__02_29_22_HDR0_3_Mothbot_yolo11m_4500_imgsz1600_b1_2024-01-18.pt.jpg,HS,Mothbot_yolo11m_4500_imgsz1600_b1_2024-01-18.pt,0.40398067235946655,,grisMejua,Cerro_Hoya_Expedition/Hoya_606m_grisMejua_2025-01-26/2025-01-27/patches/grisMejua_2025_01_28__02_29_22_HDR0_3_Mothbot_yolo11m_4500_imgsz1600_b1_2024-01-18.pt.jpg,ORDER_Hemiptera,2025-01-28,02:29:22,,2025_01_28__02_29_22,MachineObservation,Cerro_Hoya_Expedition_Hoya_606m_grisMejua_2025-01-26_2025-01-27,Cerro_Hoya_Expedition_Hoya_606m_grisMejua_2025-01-26,grisMejua_2025_01_28__02_29_22_HDR0.jpg,grisMejua_2025_01_28__02_29_22_HDR0_3_Mothbot_yolo11m_4500_imgsz1600_b1_2024-01-18.pt.jpg
doi.org10.15468dl.6nxkw6.csv,Animalia,Arthropoda,Insecta,Lepidoptera,,,,,797,,Lepidoptera,Lepidoptera,Cerro_Hoya_Expedition_Hoya_606m_grisMejua_2025-01-26,grisMejua_2025_01_28__02_30_06_HDR0_0_Mothbot_yolo11m_4500_imgsz1600_b1_2024-01-18.pt.jpg,HS,Mothbot_yolo11m_4500_imgsz1600_b1_2024-01-18.pt,0.7829219698905945,,grisMejua,Cerro_Hoya_Expedition/Hoya_606m_grisMejua_2025-01-26/2025-01-27/patches/grisMejua_2025_01_28__02_30_06_HDR0_0_Mothbot_yolo11m_4500_imgsz1600_b1_2024-01-18.pt.jpg,ORDER_Lepidoptera,2025-01-28,02:30:06,,2025_01_28__02_30_06,MachineObservation,Cerro_Hoya_Expedition_Hoya_606m_grisMejua_2025-01-26_2025-01-27,Cerro_Hoya_Expedition_Hoya_606m_grisMejua_2025-01-26,grisMejua_2025_01_28__02_30_06_HDR0.jpg,grisMejua_2025_01_28__02_30_06_HDR0_0_Mothbot_yolo11m_4500_imgsz1600_b1_2024-01-18.pt.jpg
doi.org10.15468dl.6nxkw6.csv,Animalia,Arthropoda,Insecta,Lepidoptera,,,,,797,,Lepidoptera,Lepidoptera,Cerro_Hoya_Expedition_Hoya_606m_grisMejua_2025-01-26,grisMejua_2025_01_28__02_31_05_HDR0_0_Mothbot_yolo11m_4500_imgsz1600_b1_2024-01-18.pt.jpg,HS,Mothbot_yolo11m_4500_imgsz1600_b1_2024-01-18.pt,0.8000367879867554,,grisMejua,Cerro_Hoya_Expedition/Hoya_606m_grisMejua_2025-01-26/2025-01-27/patches/grisMejua_2025_01_28__02_31_05_HDR0_0_Mothbot_yolo11m_4500_imgsz1600_b1_2024-01-18.pt.jpg,ORDER_Lepidoptera,2025-01-28,02:31:05,,2025_01_28__02_31_05,MachineObservation,Cerro_Hoya_Expedition_Hoya_606m_grisMejua_2025-01-26_2025-01-27,Cerro_Hoya_Expedition_Hoya_606m_grisMejua_2025-01-26,grisMejua_2025_01_28__02_31_05_HDR0.jpg,grisMejua_2025_01_28__02_31_05_HDR0_0_Mothbot_yolo11m_4500_imgsz1600_b1_2024-01-18.pt.jpg
doi.org10.15468dl.6nxkw6.csv,Animalia,Arthropoda,Insecta,Diptera,,,,,811,,Diptera,Diptera,Cerro_Hoya_Expedition_Hoya_606m_grisMejua_2025-01-26,grisMejua_2025_01_28__02_31_05_HDR0_1_Mothbot_yolo11m_4500_imgsz1600_b1_2024-01-18.pt.jpg,HS,Mothbot_yolo11m_4500_imgsz1600_b1_2024-01-18.pt,0.7211383581161499,,grisMejua,Cerro_Hoya_Expedition/Hoya_606m_grisMejua_2025-01-26/2025-01-27/patches/grisMejua_2025_01_28__02_31_05_HDR0_1_Mothbot_yolo11m_4500_imgsz1600_b1_2024-01-18.pt.jpg,ORDER_Diptera,2025-01-28,02:31:05,,2025_01_28__02_31_05,MachineObservation,Cerro_Hoya_Expedition_Hoya_606m_grisMejua_2025-01-26_2025-01-27,Cerro_Hoya_Expedition_Hoya_606m_grisMejua_2025-01-26,grisMejua_2025_01_28__02_31_05_HDR0.jpg,grisMejua_2025_01_28__02_31_05_HDR0_1_Mothbot_yolo11m_4500_imgsz1600_b1_2024-01-18.pt.jpg
doi.org10.15468dl.6nxkw6.csv,Animalia,Arthropoda,Insecta,Lepidoptera,,,,,797,,Lepidoptera,Lepidoptera,Cerro_Hoya_Expedition_Hoya_606m_grisMejua_2025-01-26,grisMejua_2025_01_28__02_32_06_HDR0_0_Mothbot_yolo11m_4500_imgsz1600_b1_2024-01-18.pt.jpg,HS,Mothbot_yolo11m_4500_imgsz1600_b1_2024-01-18.pt,0.7802294492721558,,grisMejua,Cerro_Hoya_Expedition/Hoya_606m_grisMejua_2025-01-26/2025-01-27/patches/grisMejua_2025_01_28__02_32_06_HDR0_0_Mothbot_yolo11m_4500_imgsz1600_b1_2024-01-18.pt.jpg,ORDER_Lepidoptera,2025-01-28,02:32:06,,2025_01_28__02_32_06,MachineObservation,Cerro_Hoya_Expedition_Hoya_606m_grisMejua_2025-01-26_2025-01-27,Cerro_Hoya_Expedition_Hoya_606m_grisMejua_2025-01-26,grisMejua_2025_01_28__02_32_06_HDR0.jpg,grisMejua_2025_01_28__02_32_06_HDR0_0_Mothbot_yolo11m_4500_imgsz1600_b1_2024-01-18.pt.jpg
doi.org10.15468dl.6nxkw6.csv,Animalia,Arthropoda,Insecta,Diptera,,,,,811,,Diptera,Diptera,Cerro_Hoya_Expedition_Hoya_606m_grisMejua_2025-01-26,grisMejua_2025_01_28__02_34_06_HDR0_0_Mothbot_yolo11m_4500_imgsz1600_b1_2024-01-18.pt.jpg,HS,Mothbot_yolo11m_4500_imgsz1600_b1_2024-01-18.pt,0.7450148463249207,,grisMejua,Cerro_Hoya_Expedition/Hoya_606m_grisMejua_2025-01-26/2025-01-27/patches/grisMejua_2025_01_28__02_34_06_HDR0_0_Mothbot_yolo11m_4500_imgsz1600_b1_2024-01-18.pt.jpg,ORDER_Hymenoptera,2025-01-28,02:34:06,,2025_01_28__02_34_06,MachineObservation,Cerro_Hoya_Expedition_Hoya_606m_grisMejua_2025-01-26_2025-01-27,Cerro_Hoya_Expedition_Hoya_606m_grisMejua_2025-01-26,grisMejua_2025_01_28__02_34_06_HDR0.jpg,grisMejua_2025_01_28__02_34_06_HDR0_0_Mothbot_yolo11m_4500_imgsz1600_b1_2024-01-18.pt.jpg
doi.org10.15468dl.6nxkw6.csv,Animalia,Arthropoda,Insecta,Diptera,,,,,811,,Diptera,Diptera,Cerro_Hoya_Expedition_Hoya_606m_grisMejua_2025-01-26,grisMejua_2025_01_28__02_35_06_HDR0_0_Mothbot_yolo11m_4500_imgsz1600_b1_2024-01-18.pt.jpg,HS,Mothbot_yolo11m_4500_imgsz1600_b1_2024-01-18.pt,0.2685554325580597,,grisMejua,Cerro_Hoya_Expedition/Hoya_606m_grisMejua_2025-01-26/2025-01-27/patches/grisMejua_2025_01_28__02_35_06_HDR0_0_Mothbot_yolo11m_4500_imgsz1600_b1_2024-01-18.pt.jpg,ORDER_Diptera,2025-01-28,02:35:06,,2025_01_28__02_35_06,MachineObservation,Cerro_Hoya_Expedition_Hoya_606m_grisMejua_2025-01-26_2025-01-27,Cerro_Hoya_Expedition_Hoya_606m_grisMejua_2025-01-26,grisMejua_2025_01_28__02_35_06_HDR0.jpg,grisMejua_2025_01_28__02_35_06_HDR0_0_Mothbot_yolo11m_4500_imgsz1600_b1_2024-01-18.pt.jpg
doi.org10.15468dl.6nxkw6.csv,Animalia,Arthropoda,Insecta,Lepidoptera,,,,,797,,Lepidoptera,Lepidoptera,Cerro_Hoya_Expedition_Hoya_606m_grisMejua_2025-01-26,grisMejua_2025_01_28__02_36_22_HDR0_0_Mothbot_yolo11m_4500_imgsz1600_b1_2024-01-18.pt.jpg,HS,Mothbot_yolo11m_4500_imgsz1600_b1_2024-01-18.pt,0.6352725625038147,,grisMejua,Cerro_Hoya_Expedition/Hoya_606m_grisMejua_2025-01-26/2025-01-27/patches/grisMejua_2025_01_28__02_36_22_HDR0_0_Mothbot_yolo11m_4500_imgsz1600_b1_2024-01-18.pt.jpg,ORDER_Lepidoptera,2025-01-28,02:36:22,,2025_01_28__02_36_22,MachineObservation,Cerro_Hoya_Expedition_Hoya_606m_grisMejua_2025-01-26_2025-01-27,Cerro_Hoya_Expedition_Hoya_606m_grisMejua_2025-01-26,grisMejua_2025_01_28__02_36_22_HDR0.jpg,grisMejua_2025_01_28__02_36_22_HDR0_0_Mothbot_yolo11m_4500_imgsz1600_b1_2024-01-18.pt.jpg
doi.org10.15468dl.6nxkw6.csv,Animalia,Arthropoda,Insecta,Lepidoptera,,,,,797,,Lepidoptera,Lepidoptera,Cerro_Hoya_Expedition_Hoya_606m_grisMejua_2025-01-26,grisMejua_2025_01_28__02_36_22_HDR0_1_Mothbot_yolo11m_4500_imgsz1600_b1_2024-01-18.pt.jpg,HS,Mothbot_yolo11m_4500_imgsz1600_b1_2024-01-18.pt,0.6222018599510193,,grisMejua,Cerro_Hoya_Expedition/Hoya_606m_grisMejua_2025-01-26/2025-01-27/patches/grisMejua_2025_01_28__02_36_22_HDR0_1_Mothbot_yolo11m_4500_imgsz1600_b1_2024-01-18.pt.jpg,ORDER_Psocodea,2025-01-28,02:36:22,,2025_01_28__02_36_22,MachineObservation,Cerro_Hoya_Expedition_Hoya_606m_grisMejua_2025-01-26_2025-01-27,Cerro_Hoya_Expedition_Hoya_606m_grisMejua_2025-01-26,grisMejua_2025_01_28__02_36_22_HDR0.jpg,grisMejua_2025_01_28__02_36_22_HDR0_1_Mothbot_yolo11m_4500_imgsz1600_b1_2024-01-18.pt.jpg
doi.org10.15468dl.6nxkw6.csv,Animalia,Arthropoda,Insecta,Lepidoptera,,,,,797,,Lepidoptera,Lepidoptera,Cerro_Hoya_Expedition_Hoya_606m_grisMejua_2025-01-26,grisMejua_2025_01_28__02_37_06_HDR0_0_Mothbot_yolo11m_4500_imgsz1600_b1_2024-01-18.pt.jpg,HS,Mothbot_yolo11m_4500_imgsz1600_b1_2024-01-18.pt,0.8014108538627625,,grisMejua,Cerro_Hoya_Expedition/Hoya_606m_grisMejua_2025-01-26/2025-01-27/patches/grisMejua_2025_01_28__02_37_06_HDR0_0_Mothbot_yolo11m_4500_imgsz1600_b1_2024-01-18.pt.jpg,ORDER_Lepidoptera,2025-01-28,02:37:06,,2025_01_28__02_37_06,MachineObservation,Cerro_Hoya_Expedition_Hoya_606m_grisMejua_2025-01-26_2025-01-27,Cerro_Hoya_Expedition_Hoya_606m_grisMejua_2025-01-26,grisMejua_2025_01_28__02_37_06_HDR0.jpg,grisMejua_2025_01_28__02_37_06_HDR0_0_Mothbot_yolo11m_4500_imgsz1600_b1_2024-01-18.pt.jpg
doi.org10.15468dl.6nxkw6.csv,Animalia,Arthropoda,Insecta,Araneae,,,,,1496,,Araneae,Araneae,Cerro_Hoya_Expedition_Hoya_606m_grisMejua_2025-01-26,grisMejua_2025_01_28__02_37_06_HDR0_1_Mothbot_yolo11m_4500_imgsz1600_b1_2024-01-18.pt.jpg,HS,Mothbot_yolo11m_4500_imgsz1600_b1_2024-01-18.pt,0.26513776183128357,,grisMejua,Cerro_Hoya_Expedition/Hoya_606m_grisMejua_2025-01-26/2025-01-27/patches/grisMejua_2025_01_28__02_37_06_HDR0_1_Mothbot_yolo11m_4500_imgsz1600_b1_2024-01-18.pt.jpg,ORDER_Diptera,2025-01-28,02:37:06,,2025_01_28__02_37_06,MachineObservation,Cerro_Hoya_Expedition_Hoya_606m_grisMejua_2025-01-26_2025-01-27,Cerro_Hoya_Expedition_Hoya_606m_grisMejua_2025-01-26,grisMejua_2025_01_28__02_37_06_HDR0.jpg,grisMejua_2025_01_28__02_37_06_HDR0_1_Mothbot_yolo11m_4500_imgsz1600_b1_2024-01-18.pt.jpg
doi.org10.15468dl.6nxkw6.csv,Animalia,Arthropoda,Insecta,Hymenoptera,,,,,1457,,Hymenoptera,Hymenoptera,Cerro_Hoya_Expedition_Hoya_606m_grisMejua_2025-01-26,grisMejua_2025_01_28__02_38_06_HDR0_0_Mothbot_yolo11m_4500_imgsz1600_b1_2024-01-18.pt.jpg,HS,Mothbot_yolo11m_4500_imgsz1600_b1_2024-01-18.pt,0.5536046028137207,,grisMejua,Cerro_Hoya_Expedition/Hoya_606m_grisMejua_2025-01-26/2025-01-27/patches/grisMejua_2025_01_28__02_38_06_HDR0_0_Mothbot_yolo11m_4500_imgsz1600_b1_2024-01-18.pt.jpg,ORDER_Odonata,2025-01-28,02:38:06,,2025_01_28__02_38_06,MachineObservation,Cerro_Hoya_Expedition_Hoya_606m_grisMejua_2025-01-26_2025-01-27,Cerro_Hoya_Expedition_Hoya_606m_grisMejua_2025-01-26,grisMejua_2025_01_28__02_38_06_HDR0.jpg,grisMejua_2025_01_28__02_38_06_HDR0_0_Mothbot_yolo11m_4500_imgsz1600_b1_2024-01-18.pt.jpg
doi.org10.15468dl.6nxkw6.csv,Animalia,Arthropoda,Insecta,Lepidoptera,,,,,797,,Lepidoptera,Lepidoptera,Cerro_Hoya_Expedition_Hoya_606m_grisMejua_2025-01-26,grisMejua_2025_01_28__02_38_06_HDR0_1_Mothbot_yolo11m_4500_imgsz1600_b1_2024-01-18.pt.jpg,HS,Mothbot_yolo11m_4500_imgsz1600_b1_2024-01-18.pt,0.525756299495697,,grisMejua,Cerro_Hoya_Expedition/Hoya_606m_grisMejua_2025-01-26/2025-01-27/patches/grisMejua_2025_01_28__02_38_06_HDR0_1_Mothbot_yolo11m_4500_imgsz1600_b1_2024-01-18.pt.jpg,ORDER_Lepidoptera,2025-01-28,02:38:06,,2025_01_28__02_38_06,MachineObservation,Cerro_Hoya_Expedition_Hoya_606m_grisMejua_2025-01-26_2025-01-27,Cerro_Hoya_Expedition_Hoya_606m_grisMejua_2025-01-26,grisMejua_2025_01_28__02_38_06_HDR0.jpg,grisMejua_2025_01_28__02_38_06_HDR0_1_Mothbot_yolo11m_4500_imgsz1600_b1_2024-01-18.pt.jpg
doi.org10.15468dl.6nxkw6.csv,Animalia,Arthropoda,Insecta,Diptera,,,,,811,,Diptera,Diptera,Cerro_Hoya_Expedition_Hoya_606m_grisMejua_2025-01-26,grisMejua_2025_01_28__02_38_06_HDR0_2_Mothbot_yolo11m_4500_imgsz1600_b1_2024-01-18.pt.jpg,HS,Mothbot_yolo11m_4500_imgsz1600_b1_2024-01-18.pt,0.5109185576438904,,grisMejua,Cerro_Hoya_Expedition/Hoya_606m_grisMejua_2025-01-26/2025-01-27/patches/grisMejua_2025_01_28__02_38_06_HDR0_2_Mothbot_yolo11m_4500_imgsz1600_b1_2024-01-18.pt.jpg,ORDER_Diptera,2025-01-28,02:38:06,,2025_01_28__02_38_06,MachineObservation,Cerro_Hoya_Expedition_Hoya_606m_grisMejua_2025-01-26_2025-01-27,Cerro_Hoya_Expedition_Hoya_606m_grisMejua_2025-01-26,grisMejua_2025_01_28__02_38_06_HDR0.jpg,grisMejua_2025_01_28__02_38_06_HDR0_2_Mothbot_yolo11m_4500_imgsz1600_b1_2024-01-18.pt.jpg
doi.org10.15468dl.6nxkw6.csv,Animalia,Arthropoda,Insecta,Diptera,,,,,811,,Diptera,Diptera,Cerro_Hoya_Expedition_Hoya_606m_grisMejua_2025-01-26,grisMejua_2025_01_28__02_38_06_HDR0_3_Mothbot_yolo11m_4500_imgsz1600_b1_2024-01-18.pt.jpg,HS,Mothbot_yolo11m_4500_imgsz1600_b1_2024-01-18.pt,0.35580843687057495,,grisMejua,Cerro_Hoya_Expedition/Hoya_606m_grisMejua_2025-01-26/2025-01-27/patches/grisMejua_2025_01_28__02_38_06_HDR0_3_Mothbot_yolo11m_4500_imgsz1600_b1_2024-01-18.pt.jpg,ORDER_Psocodea,2025-01-28,02:38:06,,2025_01_28__02_38_06,MachineObservation,Cerro_Hoya_Expedition_Hoya_606m_grisMejua_2025-01-26_2025-01-27,Cerro_Hoya_Expedition_Hoya_606m_grisMejua_2025-01-26,grisMejua_2025_01_28__02_38_06_HDR0.jpg,grisMejua_2025_01_28__02_38_06_HDR0_3_Mothbot_yolo11m_4500_imgsz1600_b1_2024-01-18.pt.jpg
doi.org10.15468dl.6nxkw6.csv,Animalia,Arthropoda,Insecta,Lepidoptera,,,,,797,,Lepidoptera,Lepidoptera,Cerro_Hoya_Expedition_Hoya_606m_grisMejua_2025-01-26,grisMejua_2025_01_28__02_39_06_HDR0_0_Mothbot_yolo11m_4500_imgsz1600_b1_2024-01-18.pt.jpg,HS,Mothbot_yolo11m_4500_imgsz1600_b1_2024-01-18.pt,0.8265935182571411,,grisMejua,Cerro_Hoya_Expedition/Hoya_606m_grisMejua_2025-01-26/2025-01-27/patches/grisMejua_2025_01_28__02_39_06_HDR0_0_Mothbot_yolo11m_4500_imgsz1600_b1_2024-01-18.pt.jpg,ORDER_Lepidoptera,2025-01-28,02:39:06,,2025_01_28__02_39_06,MachineObservation,Cerro_Hoya_Expedition_Hoya_606m_grisMejua_2025-01-26_2025-01-27,Cerro_Hoya_Expedition_Hoya_606m_grisMejua_2025-01-26,grisMejua_2025_01_28__02_39_06_HDR0.jpg,grisMejua_2025_01_28__02_39_06_HDR0_0_Mothbot_yolo11m_4500_imgsz1600_b1_2024-01-18.pt.jpg
doi.org10.15468dl.6nxkw6.csv,Animalia,Arthropoda,Insecta,,,,,,216,,Insecta,Insecta,Cerro_Hoya_Expedition_Hoya_606m_grisMejua_2025-01-26,grisMejua_2025_01_28__02_39_06_HDR0_1_Mothbot_yolo11m_4500_imgsz1600_b1_2024-01-18.pt.jpg,HS,Mothbot_yolo11m_4500_imgsz1600_b1_2024-01-18.pt,0.6790104508399963,,grisMejua,Cerro_Hoya_Expedition/Hoya_606m_grisMejua_2025-01-26/2025-01-27/patches/grisMejua_2025_01_28__02_39_06_HDR0_1_Mothbot_yolo11m_4500_imgsz1600_b1_2024-01-18.pt.jpg,ORDER_Hymenoptera,2025-01-28,02:39:06,,2025_01_28__02_39_06,MachineObservation,Cerro_Hoya_Expedition_Hoya_606m_grisMejua_2025-01-26_2025-01-27,Cerro_Hoya_Expedition_Hoya_606m_grisMejua_2025-01-26,grisMejua_2025_01_28__02_39_06_HDR0.jpg,grisMejua_2025_01_28__02_39_06_HDR0_1_Mothbot_yolo11m_4500_imgsz1600_b1_2024-01-18.pt.jpg
doi.org10.15468dl.6nxkw6.csv,Animalia,Arthropoda,Insecta,Diptera,,,,,811,,Diptera,Diptera,Cerro_Hoya_Expedition_Hoya_606m_grisMejua_2025-01-26,grisMejua_2025_01_28__02_39_06_HDR0_2_Mothbot_yolo11m_4500_imgsz1600_b1_2024-01-18.pt.jpg,HS,Mothbot_yolo11m_4500_imgsz1600_b1_2024-01-18.pt,0.6397971510887146,,grisMejua,Cerro_Hoya_Expedition/Hoya_606m_grisMejua_2025-01-26/2025-01-27/patches/grisMejua_2025_01_28__02_39_06_HDR0_2_Mothbot_yolo11m_4500_imgsz1600_b1_2024-01-18.pt.jpg,ORDER_Diptera,2025-01-28,02:39:06,,2025_01_28__02_39_06,MachineObservation,Cerro_Hoya_Expedition_Hoya_606m_grisMejua_2025-01-26_2025-01-27,Cerro_Hoya_Expedition_Hoya_606m_grisMejua_2025-01-26,grisMejua_2025_01_28__02_39_06_HDR0.jpg,grisMejua_2025_01_28__02_39_06_HDR0_2_Mothbot_yolo11m_4500_imgsz1600_b1_2024-01-18.pt.jpg
doi.org10.15468dl.6nxkw6.csv,Animalia,Arthropoda,Insecta,Lepidoptera,,,,,797,,Lepidoptera,Lepidoptera,Cerro_Hoya_Expedition_Hoya_606m_grisMejua_2025-01-26,grisMejua_2025_01_28__02_39_06_HDR0_3_Mothbot_yolo11m_4500_imgsz1600_b1_2024-01-18.pt.jpg,HS,Mothbot_yolo11m_4500_imgsz1600_b1_2024-01-18.pt,0.5185392498970032,,grisMejua,Cerro_Hoya_Expedition/Hoya_606m_grisMejua_2025-01-26/2025-01-27/patches/grisMejua_2025_01_28__02_39_06_HDR0_3_Mothbot_yolo11m_4500_imgsz1600_b1_2024-01-18.pt.jpg,ORDER_Lepidoptera,2025-01-28,02:39:06,,2025_01_28__02_39_06,MachineObservation,Cerro_Hoya_Expedition_Hoya_606m_grisMejua_2025-01-26_2025-01-27,Cerro_Hoya_Expedition_Hoya_606m_grisMejua_2025-01-26,grisMejua_2025_01_28__02_39_06_HDR0.jpg,grisMejua_2025_01_28__02_39_06_HDR0_3_Mothbot_yolo11m_4500_imgsz1600_b1_2024-01-18.pt.jpg
doi.org10.15468dl.6nxkw6.csv,Animalia,Arthropoda,Insecta,Lepidoptera,,,,,797,,Lepidoptera,Lepidoptera,Cerro_Hoya_Expedition_Hoya_606m_grisMejua_2025-01-26,grisMejua_2025_01_28__02_39_06_HDR0_4_Mothbot_yolo11m_4500_imgsz1600_b1_2024-01-18.pt.jpg,HS,Mothbot_yolo11m_4500_imgsz1600_b1_2024-01-18.pt,0.4373016357421875,,grisMejua,Cerro_Hoya_Expedition/Hoya_606m_grisMejua_2025-01-26/2025-01-27/patches/grisMejua_2025_01_28__02_39_06_HDR0_4_Mothbot_yolo11m_4500_imgsz1600_b1_2024-01-18.pt.jpg,ORDER_Lepidoptera,2025-01-28,02:39:06,,2025_01_28__02_39_06,MachineObservation,Cerro_Hoya_Expedition_Hoya_606m_grisMejua_2025-01-26_2025-01-27,Cerro_Hoya_Expedition_Hoya_606m_grisMejua_2025-01-26,grisMejua_2025_01_28__02_39_06_HDR0.jpg,grisMejua_2025_01_28__02_39_06_HDR0_4_Mothbot_yolo11m_4500_imgsz1600_b1_2024-01-18.pt.jpg
doi.org10.15468dl.6nxkw6.csv,Animalia,Arthropoda,Insecta,Hemiptera,,,,,809,,Hemiptera,Hemiptera,Cerro_Hoya_Expedition_Hoya_606m_grisMejua_2025-01-26,grisMejua_2025_01_28__02_40_05_HDR0_0_Mothbot_yolo11m_4500_imgsz1600_b1_2024-01-18.pt.jpg,HS,Mothbot_yolo11m_4500_imgsz1600_b1_2024-01-18.pt,0.6182474493980408,,grisMejua,Cerro_Hoya_Expedition/Hoya_606m_grisMejua_2025-01-26/2025-01-27/patches/grisMejua_2025_01_28__02_40_05_HDR0_0_Mothbot_yolo11m_4500_imgsz1600_b1_2024-01-18.pt.jpg,ORDER_Diptera,2025-01-28,02:40:05,,2025_01_28__02_40_05,MachineObservation,Cerro_Hoya_Expedition_Hoya_606m_grisMejua_2025-01-26_2025-01-27,Cerro_Hoya_Expedition_Hoya_606m_grisMejua_2025-01-26,grisMejua_2025_01_28__02_40_05_HDR0.jpg,grisMejua_2025_01_28__02_40_05_HDR0_0_Mothbot_yolo11m_4500_imgsz1600_b1_2024-01-18.pt.jpg
doi.org10.15468dl.6nxkw6.csv,Animalia,Arthropoda,Insecta,Lepidoptera,,,,,797,,Lepidoptera,Lepidoptera,Cerro_Hoya_Expedition_Hoya_606m_grisMejua_2025-01-26,grisMejua_2025_01_28__02_41_06_HDR0_0_Mothbot_yolo11m_4500_imgsz1600_b1_2024-01-18.pt.jpg,HS,Mothbot_yolo11m_4500_imgsz1600_b1_2024-01-18.pt,0.8254026174545288,,grisMejua,Cerro_Hoya_Expedition/Hoya_606m_grisMejua_2025-01-26/2025-01-27/patches/grisMejua_2025_01_28__02_41_06_HDR0_0_Mothbot_yolo11m_4500_imgsz1600_b1_2024-01-18.pt.jpg,ORDER_Lepidoptera,2025-01-28,02:41:06,,2025_01_28__02_41_06,MachineObservation,Cerro_Hoya_Expedition_Hoya_606m_grisMejua_2025-01-26_2025-01-27,Cerro_Hoya_Expedition_Hoya_606m_grisMejua_2025-01-26,grisMejua_2025_01_28__02_41_06_HDR0.jpg,grisMejua_2025_01_28__02_41_06_HDR0_0_Mothbot_yolo11m_4500_imgsz1600_b1_2024-01-18.pt.jpg
doi.org10.15468dl.6nxkw6.csv,Animalia,Arthropoda,Insecta,Lepidoptera,,,,,797,,Lepidoptera,Lepidoptera,Cerro_Hoya_Expedition_Hoya_606m_grisMejua_2025-01-26,grisMejua_2025_01_28__02_41_06_HDR0_1_Mothbot_yolo11m_4500_imgsz1600_b1_2024-01-18.pt.jpg,HS,Mothbot_yolo11m_4500_imgsz1600_b1_2024-01-18.pt,0.7884122133255005,,grisMejua,Cerro_Hoya_Expedition/Hoya_606m_grisMejua_2025-01-26/2025-01-27/patches/grisMejua_2025_01_28__02_41_06_HDR0_1_Mothbot_yolo11m_4500_imgsz1600_b1_2024-01-18.pt.jpg,ORDER_Lepidoptera,2025-01-28,02:41:06,,2025_01_28__02_41_06,MachineObservation,Cerro_Hoya_Expedition_Hoya_606m_grisMejua_2025-01-26_2025-01-27,Cerro_Hoya_Expedition_Hoya_606m_grisMejua_2025-01-26,grisMejua_2025_01_28__02_41_06_HDR0.jpg,grisMejua_2025_01_28__02_41_06_HDR0_1_Mothbot_yolo11m_4500_imgsz1600_b1_2024-01-18.pt.jpg
doi.org10.15468dl.6nxkw6.csv,Animalia,Arthropoda,Insecta,Lepidoptera,,,,,797,,Lepidoptera,Lepidoptera,Cerro_Hoya_Expedition_Hoya_606m_grisMejua_2025-01-26,grisMejua_2025_01_28__02_41_06_HDR0_2_Mothbot_yolo11m_4500_imgsz1600_b1_2024-01-18.pt.jpg,HS,Mothbot_yolo11m_4500_imgsz1600_b1_2024-01-18.pt,0.725297212600708,,grisMejua,Cerro_Hoya_Expedition/Hoya_606m_grisMejua_2025-01-26/2025-01-27/patches/grisMejua_2025_01_28__02_41_06_HDR0_2_Mothbot_yolo11m_4500_imgsz1600_b1_2024-01-18.pt.jpg,ORDER_Lepidoptera,2025-01-28,02:41:06,,2025_01_28__02_41_06,MachineObservation,Cerro_Hoya_Expedition_Hoya_606m_grisMejua_2025-01-26_2025-01-27,Cerro_Hoya_Expedition_Hoya_606m_grisMejua_2025-01-26,grisMejua_2025_01_28__02_41_06_HDR0.jpg,grisMejua_2025_01_28__02_41_06_HDR0_2_Mothbot_yolo11m_4500_imgsz1600_b1_2024-01-18.pt.jpg
doi.org10.15468dl.6nxkw6.csv,Animalia,Arthropoda,Insecta,Lepidoptera,,,,,797,,Lepidoptera,Lepidoptera,Cerro_Hoya_Expedition_Hoya_606m_grisMejua_2025-01-26,grisMejua_2025_01_28__02_41_06_HDR0_3_Mothbot_yolo11m_4500_imgsz1600_b1_2024-01-18.pt.jpg,HS,Mothbot_yolo11m_4500_imgsz1600_b1_2024-01-18.pt,0.7243789434432983,,grisMejua,Cerro_Hoya_Expedition/Hoya_606m_grisMejua_2025-01-26/2025-01-27/patches/grisMejua_2025_01_28__02_41_06_HDR0_3_Mothbot_yolo11m_4500_imgsz1600_b1_2024-01-18.pt.jpg,ORDER_Lepidoptera,2025-01-28,02:41:06,,2025_01_28__02_41_06,MachineObservation,Cerro_Hoya_Expedition_Hoya_606m_grisMejua_2025-01-26_2025-01-27,Cerro_Hoya_Expedition_Hoya_606m_grisMejua_2025-01-26,grisMejua_2025_01_28__02_41_06_HDR0.jpg,grisMejua_2025_01_28__02_41_06_HDR0_3_Mothbot_yolo11m_4500_imgsz1600_b1_2024-01-18.pt.jpg
doi.org10.15468dl.6nxkw6.csv,Animalia,Arthropoda,Insecta,Diptera,,,,,811,,Diptera,Diptera,Cerro_Hoya_Expedition_Hoya_606m_grisMejua_2025-01-26,grisMejua_2025_01_28__02_41_06_HDR0_4_Mothbot_yolo11m_4500_imgsz1600_b1_2024-01-18.pt.jpg,HS,Mothbot_yolo11m_4500_imgsz1600_b1_2024-01-18.pt,0.673960268497467,,grisMejua,Cerro_Hoya_Expedition/Hoya_606m_grisMejua_2025-01-26/2025-01-27/patches/grisMejua_2025_01_28__02_41_06_HDR0_4_Mothbot_yolo11m_4500_imgsz1600_b1_2024-01-18.pt.jpg,ORDER_Diptera,2025-01-28,02:41:06,,2025_01_28__02_41_06,MachineObservation,Cerro_Hoya_Expedition_Hoya_606m_grisMejua_2025-01-26_2025-01-27,Cerro_Hoya_Expedition_Hoya_606m_grisMejua_2025-01-26,grisMejua_2025_01_28__02_41_06_HDR0.jpg,grisMejua_2025_01_28__02_41_06_HDR0_4_Mothbot_yolo11m_4500_imgsz1600_b1_2024-01-18.pt.jpg
doi.org10.15468dl.6nxkw6.csv,Animalia,Arthropoda,Insecta,Diptera,,,,,811,,Diptera,Diptera,Cerro_Hoya_Expedition_Hoya_606m_grisMejua_2025-01-26,grisMejua_2025_01_28__02_41_06_HDR0_5_Mothbot_yolo11m_4500_imgsz1600_b1_2024-01-18.pt.jpg,HS,Mothbot_yolo11m_4500_imgsz1600_b1_2024-01-18.pt,0.50962233543396,,grisMejua,Cerro_Hoya_Expedition/Hoya_606m_grisMejua_2025-01-26/2025-01-27/patches/grisMejua_2025_01_28__02_41_06_HDR0_5_Mothbot_yolo11m_4500_imgsz1600_b1_2024-01-18.pt.jpg,ORDER_Diptera,2025-01-28,02:41:06,,2025_01_28__02_41_06,MachineObservation,Cerro_Hoya_Expedition_Hoya_606m_grisMejua_2025-01-26_2025-01-27,Cerro_Hoya_Expedition_Hoya_606m_grisMejua_2025-01-26,grisMejua_2025_01_28__02_41_06_HDR0.jpg,grisMejua_2025_01_28__02_41_06_HDR0_5_Mothbot_yolo11m_4500_imgsz1600_b1_2024-01-18.pt.jpg
doi.org10.15468dl.6nxkw6.csv,Animalia,Arthropoda,Insecta,Diptera,,,,,811,,Diptera,Diptera,Cerro_Hoya_Expedition_Hoya_606m_grisMejua_2025-01-26,grisMejua_2025_01_28__02_41_06_HDR0_6_Mothbot_yolo11m_4500_imgsz1600_b1_2024-01-18.pt.jpg,HS,Mothbot_yolo11m_4500_imgsz1600_b1_2024-01-18.pt,0.37894803285598755,,grisMejua,Cerro_Hoya_Expedition/Hoya_606m_grisMejua_2025-01-26/2025-01-27/patches/grisMejua_2025_01_28__02_41_06_HDR0_6_Mothbot_yolo11m_4500_imgsz1600_b1_2024-01-18.pt.jpg,ORDER_Hemiptera,2025-01-28,02:41:06,,2025_01_28__02_41_06,MachineObservation,Cerro_Hoya_Expedition_Hoya_606m_grisMejua_2025-01-26_2025-01-27,Cerro_Hoya_Expedition_Hoya_606m_grisMejua_2025-01-26,grisMejua_2025_01_28__02_41_06_HDR0.jpg,grisMejua_2025_01_28__02_41_06_HDR0_6_Mothbot_yolo11m_4500_imgsz1600_b1_2024-01-18.pt.jpg
doi.org10.15468dl.6nxkw6.csv,Animalia,Arthropoda,Insecta,Diptera,,,,,811,,Diptera,Diptera,Cerro_Hoya_Expedition_Hoya_606m_grisMejua_2025-01-26,grisMejua_2025_01_28__02_41_06_HDR0_7_Mothbot_yolo11m_4500_imgsz1600_b1_2024-01-18.pt.jpg,HS,Mothbot_yolo11m_4500_imgsz1600_b1_2024-01-18.pt,0.2965860962867737,,grisMejua,Cerro_Hoya_Expedition/Hoya_606m_grisMejua_2025-01-26/2025-01-27/patches/grisMejua_2025_01_28__02_41_06_HDR0_7_Mothbot_yolo11m_4500_imgsz1600_b1_2024-01-18.pt.jpg,ORDER_Diptera,2025-01-28,02:41:06,,2025_01_28__02_41_06,MachineObservation,Cerro_Hoya_Expedition_Hoya_606m_grisMejua_2025-01-26_2025-01-27,Cerro_Hoya_Expedition_Hoya_606m_grisMejua_2025-01-26,grisMejua_2025_01_28__02_41_06_HDR0.jpg,grisMejua_2025_01_28__02_41_06_HDR0_7_Mothbot_yolo11m_4500_imgsz1600_b1_2024-01-18.pt.jpg
doi.org10.15468dl.6nxkw6.csv,Animalia,Arthropoda,Insecta,Lepidoptera,,,,,797,,Lepidoptera,Lepidoptera,Cerro_Hoya_Expedition_Hoya_606m_grisMejua_2025-01-26,grisMejua_2025_01_28__02_42_06_HDR0_0_Mothbot_yolo11m_4500_imgsz1600_b1_2024-01-18.pt.jpg,HS,Mothbot_yolo11m_4500_imgsz1600_b1_2024-01-18.pt,0.8393208980560303,,grisMejua,Cerro_Hoya_Expedition/Hoya_606m_grisMejua_2025-01-26/2025-01-27/patches/grisMejua_2025_01_28__02_42_06_HDR0_0_Mothbot_yolo11m_4500_imgsz1600_b1_2024-01-18.pt.jpg,ORDER_Lepidoptera,2025-01-28,02:42:06,,2025_01_28__02_42_06,MachineObservation,Cerro_Hoya_Expedition_Hoya_606m_grisMejua_2025-01-26_2025-01-27,Cerro_Hoya_Expedition_Hoya_606m_grisMejua_2025-01-26,grisMejua_2025_01_28__02_42_06_HDR0.jpg,grisMejua_2025_01_28__02_42_06_HDR0_0_Mothbot_yolo11m_4500_imgsz1600_b1_2024-01-18.pt.jpg
doi.org10.15468dl.6nxkw6.csv,Animalia,Arthropoda,Insecta,Lepidoptera,,,,,797,,Lepidoptera,Lepidoptera,Cerro_Hoya_Expedition_Hoya_606m_grisMejua_2025-01-26,grisMejua_2025_01_28__02_42_06_HDR0_1_Mothbot_yolo11m_4500_imgsz1600_b1_2024-01-18.pt.jpg,HS,Mothbot_yolo11m_4500_imgsz1600_b1_2024-01-18.pt,0.817959189414978,,grisMejua,Cerro_Hoya_Expedition/Hoya_606m_grisMejua_2025-01-26/2025-01-27/patches/grisMejua_2025_01_28__02_42_06_HDR0_1_Mothbot_yolo11m_4500_imgsz1600_b1_2024-01-18.pt.jpg,ORDER_Lepidoptera,2025-01-28,02:42:06,,2025_01_28__02_42_06,MachineObservation,Cerro_Hoya_Expedition_Hoya_606m_grisMejua_2025-01-26_2025-01-27,Cerro_Hoya_Expedition_Hoya_606m_grisMejua_2025-01-26,grisMejua_2025_01_28__02_42_06_HDR0.jpg,grisMejua_2025_01_28__02_42_06_HDR0_1_Mothbot_yolo11m_4500_imgsz1600_b1_2024-01-18.pt.jpg
doi.org10.15468dl.6nxkw6.csv,Animalia,Arthropoda,Insecta,Hymenoptera,,,,,1457,,Hymenoptera,Hymenoptera,Cerro_Hoya_Expedition_Hoya_606m_grisMejua_2025-01-26,grisMejua_2025_01_28__02_42_06_HDR0_2_Mothbot_yolo11m_4500_imgsz1600_b1_2024-01-18.pt.jpg,HS,Mothbot_yolo11m_4500_imgsz1600_b1_2024-01-18.pt,0.7370967864990234,,grisMejua,Cerro_Hoya_Expedition/Hoya_606m_grisMejua_2025-01-26/2025-01-27/patches/grisMejua_2025_01_28__02_42_06_HDR0_2_Mothbot_yolo11m_4500_imgsz1600_b1_2024-01-18.pt.jpg,ORDER_Orthoptera,2025-01-28,02:42:06,,2025_01_28__02_42_06,MachineObservation,Cerro_Hoya_Expedition_Hoya_606m_grisMejua_2025-01-26_2025-01-27,Cerro_Hoya_Expedition_Hoya_606m_grisMejua_2025-01-26,grisMejua_2025_01_28__02_42_06_HDR0.jpg,grisMejua_2025_01_28__02_42_06_HDR0_2_Mothbot_yolo11m_4500_imgsz1600_b1_2024-01-18.pt.jpg
doi.org10.15468dl.6nxkw6.csv,Animalia,Arthropoda,Insecta,Diptera,,,,,811,,Diptera,Diptera,Cerro_Hoya_Expedition_Hoya_606m_grisMejua_2025-01-26,grisMejua_2025_01_28__02_42_06_HDR0_3_Mothbot_yolo11m_4500_imgsz1600_b1_2024-01-18.pt.jpg,HS,Mothbot_yolo11m_4500_imgsz1600_b1_2024-01-18.pt,0.7219799160957336,,grisMejua,Cerro_Hoya_Expedition/Hoya_606m_grisMejua_2025-01-26/2025-01-27/patches/grisMejua_2025_01_28__02_42_06_HDR0_3_Mothbot_yolo11m_4500_imgsz1600_b1_2024-01-18.pt.jpg,ORDER_Diptera,2025-01-28,02:42:06,,2025_01_28__02_42_06,MachineObservation,Cerro_Hoya_Expedition_Hoya_606m_grisMejua_2025-01-26_2025-01-27,Cerro_Hoya_Expedition_Hoya_606m_grisMejua_2025-01-26,grisMejua_2025_01_28__02_42_06_HDR0.jpg,grisMejua_2025_01_28__02_42_06_HDR0_3_Mothbot_yolo11m_4500_imgsz1600_b1_2024-01-18.pt.jpg
doi.org10.15468dl.6nxkw6.csv,Animalia,Arthropoda,Insecta,Lepidoptera,,,,,797,,Lepidoptera,Lepidoptera,Cerro_Hoya_Expedition_Hoya_606m_grisMejua_2025-01-26,grisMejua_2025_01_28__02_43_22_HDR0_0_Mothbot_yolo11m_4500_imgsz1600_b1_2024-01-18.pt.jpg,HS,Mothbot_yolo11m_4500_imgsz1600_b1_2024-01-18.pt,0.8169152736663818,,grisMejua,Cerro_Hoya_Expedition/Hoya_606m_grisMejua_2025-01-26/2025-01-27/patches/grisMejua_2025_01_28__02_43_22_HDR0_0_Mothbot_yolo11m_4500_imgsz1600_b1_2024-01-18.pt.jpg,ORDER_Lepidoptera,2025-01-28,02:43:22,,2025_01_28__02_43_22,MachineObservation,Cerro_Hoya_Expedition_Hoya_606m_grisMejua_2025-01-26_2025-01-27,Cerro_Hoya_Expedition_Hoya_606m_grisMejua_2025-01-26,grisMejua_2025_01_28__02_43_22_HDR0.jpg,grisMejua_2025_01_28__02_43_22_HDR0_0_Mothbot_yolo11m_4500_imgsz1600_b1_2024-01-18.pt.jpg
doi.org10.15468dl.6nxkw6.csv,Animalia,Arthropoda,Insecta,Diptera,,,,,811,,Diptera,Diptera,Cerro_Hoya_Expedition_Hoya_606m_grisMejua_2025-01-26,grisMejua_2025_01_28__02_43_22_HDR0_1_Mothbot_yolo11m_4500_imgsz1600_b1_2024-01-18.pt.jpg,HS,Mothbot_yolo11m_4500_imgsz1600_b1_2024-01-18.pt,0.6196152567863464,,grisMejua,Cerro_Hoya_Expedition/Hoya_606m_grisMejua_2025-01-26/2025-01-27/patches/grisMejua_2025_01_28__02_43_22_HDR0_1_Mothbot_yolo11m_4500_imgsz1600_b1_2024-01-18.pt.jpg,ORDER_Psocodea,2025-01-28,02:43:22,,2025_01_28__02_43_22,MachineObservation,Cerro_Hoya_Expedition_Hoya_606m_grisMejua_2025-01-26_2025-01-27,Cerro_Hoya_Expedition_Hoya_606m_grisMejua_2025-01-26,grisMejua_2025_01_28__02_43_22_HDR0.jpg,grisMejua_2025_01_28__02_43_22_HDR0_1_Mothbot_yolo11m_4500_imgsz1600_b1_2024-01-18.pt.jpg
doi.org10.15468dl.6nxkw6.csv,Animalia,Arthropoda,Insecta,Hemiptera,,,,,809,,Hemiptera,Hemiptera,Cerro_Hoya_Expedition_Hoya_606m_grisMejua_2025-01-26,grisMejua_2025_01_28__02_45_06_HDR0_0_Mothbot_yolo11m_4500_imgsz1600_b1_2024-01-18.pt.jpg,HS,Mothbot_yolo11m_4500_imgsz1600_b1_2024-01-18.pt,0.7001070976257324,,grisMejua,Cerro_Hoya_Expedition/Hoya_606m_grisMejua_2025-01-26/2025-01-27/patches/grisMejua_2025_01_28__02_45_06_HDR0_0_Mothbot_yolo11m_4500_imgsz1600_b1_2024-01-18.pt.jpg,ORDER_Blattodea,2025-01-28,02:45:06,,2025_01_28__02_45_06,MachineObservation,Cerro_Hoya_Expedition_Hoya_606m_grisMejua_2025-01-26_2025-01-27,Cerro_Hoya_Expedition_Hoya_606m_grisMejua_2025-01-26,grisMejua_2025_01_28__02_45_06_HDR0.jpg,grisMejua_2025_01_28__02_45_06_HDR0_0_Mothbot_yolo11m_4500_imgsz1600_b1_2024-01-18.pt.jpg
doi.org10.15468dl.6nxkw6.csv,Animalia,Arthropoda,Insecta,Lepidoptera,,,,,797,,Lepidoptera,Lepidoptera,Cerro_Hoya_Expedition_Hoya_606m_grisMejua_2025-01-26,grisMejua_2025_01_28__02_45_06_HDR0_1_Mothbot_yolo11m_4500_imgsz1600_b1_2024-01-18.pt.jpg,HS,Mothbot_yolo11m_4500_imgsz1600_b1_2024-01-18.pt,0.6728982925415039,,grisMejua,Cerro_Hoya_Expedition/Hoya_606m_grisMejua_2025-01-26/2025-01-27/patches/grisMejua_2025_01_28__02_45_06_HDR0_1_Mothbot_yolo11m_4500_imgsz1600_b1_2024-01-18.pt.jpg,ORDER_Lepidoptera,2025-01-28,02:45:06,,2025_01_28__02_45_06,MachineObservation,Cerro_Hoya_Expedition_Hoya_606m_grisMejua_2025-01-26_2025-01-27,Cerro_Hoya_Expedition_Hoya_606m_grisMejua_2025-01-26,grisMejua_2025_01_28__02_45_06_HDR0.jpg,grisMejua_2025_01_28__02_45_06_HDR0_1_Mothbot_yolo11m_4500_imgsz1600_b1_2024-01-18.pt.jpg
doi.org10.15468dl.6nxkw6.csv,Animalia,Arthropoda,Insecta,Hemiptera,,,,,809,,Hemiptera,Hemiptera,Cerro_Hoya_Expedition_Hoya_606m_grisMejua_2025-01-26,grisMejua_2025_01_28__02_45_06_HDR0_2_Mothbot_yolo11m_4500_imgsz1600_b1_2024-01-18.pt.jpg,HS,Mothbot_yolo11m_4500_imgsz1600_b1_2024-01-18.pt,0.5867597460746765,,grisMejua,Cerro_Hoya_Expedition/Hoya_606m_grisMejua_2025-01-26/2025-01-27/patches/grisMejua_2025_01_28__02_45_06_HDR0_2_Mothbot_yolo11m_4500_imgsz1600_b1_2024-01-18.pt.jpg,ORDER_Diptera,2025-01-28,02:45:06,,2025_01_28__02_45_06,MachineObservation,Cerro_Hoya_Expedition_Hoya_606m_grisMejua_2025-01-26_2025-01-27,Cerro_Hoya_Expedition_Hoya_606m_grisMejua_2025-01-26,grisMejua_2025_01_28__02_45_06_HDR0.jpg,grisMejua_2025_01_28__02_45_06_HDR0_2_Mothbot_yolo11m_4500_imgsz1600_b1_2024-01-18.pt.jpg
,,,,,,,,,,,,ERROR,Cerro_Hoya_Expedition_Hoya_606m_grisMejua_2025-01-26,grisMejua_2025_01_28__02_45_06_HDR0_3_Mothbot_yolo11m_4500_imgsz1600_b1_2024-01-18.pt.jpg,HS,Mothbot_yolo11m_4500_imgsz1600_b1_2024-01-18.pt,0.29327112436294556,,grisMejua,Cerro_Hoya_Expedition/Hoya_606m_grisMejua_2025-01-26/2025-01-27/patches/grisMejua_2025_01_28__02_45_06_HDR0_3_Mothbot_yolo11m_4500_imgsz1600_b1_2024-01-18.pt.jpg,ORDER_Psocodea,2025-01-28,02:45:06,,2025_01_28__02_45_06,MachineObservation,Cerro_Hoya_Expedition_Hoya_606m_grisMejua_2025-01-26_2025-01-27,Cerro_Hoya_Expedition_Hoya_606m_grisMejua_2025-01-26,grisMejua_2025_01_28__02_45_06_HDR0.jpg,grisMejua_2025_01_28__02_45_06_HDR0_3_Mothbot_yolo11m_4500_imgsz1600_b1_2024-01-18.pt.jpg
doi.org10.15468dl.6nxkw6.csv,Animalia,Arthropoda,Insecta,Lepidoptera,,,,,797,,Lepidoptera,Lepidoptera,Cerro_Hoya_Expedition_Hoya_606m_grisMejua_2025-01-26,grisMejua_2025_01_28__02_46_06_HDR0_0_Mothbot_yolo11m_4500_imgsz1600_b1_2024-01-18.pt.jpg,HS,Mothbot_yolo11m_4500_imgsz1600_b1_2024-01-18.pt,0.8313088417053223,,grisMejua,Cerro_Hoya_Expedition/Hoya_606m_grisMejua_2025-01-26/2025-01-27/patches/grisMejua_2025_01_28__02_46_06_HDR0_0_Mothbot_yolo11m_4500_imgsz1600_b1_2024-01-18.pt.jpg,ORDER_Lepidoptera,2025-01-28,02:46:06,,2025_01_28__02_46_06,MachineObservation,Cerro_Hoya_Expedition_Hoya_606m_grisMejua_2025-01-26_2025-01-27,Cerro_Hoya_Expedition_Hoya_606m_grisMejua_2025-01-26,grisMejua_2025_01_28__02_46_06_HDR0.jpg,grisMejua_2025_01_28__02_46_06_HDR0_0_Mothbot_yolo11m_4500_imgsz1600_b1_2024-01-18.pt.jpg
doi.org10.15468dl.6nxkw6.csv,Animalia,Arthropoda,Insecta,Lepidoptera,,,,,797,,Lepidoptera,Lepidoptera,Cerro_Hoya_Expedition_Hoya_606m_grisMejua_2025-01-26,grisMejua_2025_01_28__02_46_06_HDR0_1_Mothbot_yolo11m_4500_imgsz1600_b1_2024-01-18.pt.jpg,HS,Mothbot_yolo11m_4500_imgsz1600_b1_2024-01-18.pt,0.8154652714729309,,grisMejua,Cerro_Hoya_Expedition/Hoya_606m_grisMejua_2025-01-26/2025-01-27/patches/grisMejua_2025_01_28__02_46_06_HDR0_1_Mothbot_yolo11m_4500_imgsz1600_b1_2024-01-18.pt.jpg,ORDER_Lepidoptera,2025-01-28,02:46:06,,2025_01_28__02_46_06,MachineObservation,Cerro_Hoya_Expedition_Hoya_606m_grisMejua_2025-01-26_2025-01-27,Cerro_Hoya_Expedition_Hoya_606m_grisMejua_2025-01-26,grisMejua_2025_01_28__02_46_06_HDR0.jpg,grisMejua_2025_01_28__02_46_06_HDR0_1_Mothbot_yolo11m_4500_imgsz1600_b1_2024-01-18.pt.jpg
doi.org10.15468dl.6nxkw6.csv,Animalia,Arthropoda,Insecta,Diptera,,,,,811,,Diptera,Diptera,Cerro_Hoya_Expedition_Hoya_606m_grisMejua_2025-01-26,grisMejua_2025_01_28__02_46_06_HDR0_2_Mothbot_yolo11m_4500_imgsz1600_b1_2024-01-18.pt.jpg,HS,Mothbot_yolo11m_4500_imgsz1600_b1_2024-01-18.pt,0.6151307225227356,,grisMejua,Cerro_Hoya_Expedition/Hoya_606m_grisMejua_2025-01-26/2025-01-27/patches/grisMejua_2025_01_28__02_46_06_HDR0_2_Mothbot_yolo11m_4500_imgsz1600_b1_2024-01-18.pt.jpg,ORDER_Hemiptera,2025-01-28,02:46:06,,2025_01_28__02_46_06,MachineObservation,Cerro_Hoya_Expedition_Hoya_606m_grisMejua_2025-01-26_2025-01-27,Cerro_Hoya_Expedition_Hoya_606m_grisMejua_2025-01-26,grisMejua_2025_01_28__02_46_06_HDR0.jpg,grisMejua_2025_01_28__02_46_06_HDR0_2_Mothbot_yolo11m_4500_imgsz1600_b1_2024-01-18.pt.jpg
,,,,,,,,,,,,ERROR,Cerro_Hoya_Expedition_Hoya_606m_grisMejua_2025-01-26,grisMejua_2025_01_28__02_46_06_HDR0_3_Mothbot_yolo11m_4500_imgsz1600_b1_2024-01-18.pt.jpg,HS,Mothbot_yolo11m_4500_imgsz1600_b1_2024-01-18.pt,0.3179301619529724,,grisMejua,Cerro_Hoya_Expedition/Hoya_606m_grisMejua_2025-01-26/2025-01-27/patches/grisMejua_2025_01_28__02_46_06_HDR0_3_Mothbot_yolo11m_4500_imgsz1600_b1_2024-01-18.pt.jpg,ORDER_Hymenoptera,2025-01-28,02:46:06,,2025_01_28__02_46_06,MachineObservation,Cerro_Hoya_Expedition_Hoya_606m_grisMejua_2025-01-26_2025-01-27,Cerro_Hoya_Expedition_Hoya_606m_grisMejua_2025-01-26,grisMejua_2025_01_28__02_46_06_HDR0.jpg,grisMejua_2025_01_28__02_46_06_HDR0_3_Mothbot_yolo11m_4500_imgsz1600_b1_2024-01-18.pt.jpg
doi.org10.15468dl.6nxkw6.csv,Animalia,Arthropoda,Insecta,Lepidoptera,,,,,797,,Lepidoptera,Lepidoptera,Cerro_Hoya_Expedition_Hoya_606m_grisMejua_2025-01-26,grisMejua_2025_01_28__02_47_06_HDR0_0_Mothbot_yolo11m_4500_imgsz1600_b1_2024-01-18.pt.jpg,HS,Mothbot_yolo11m_4500_imgsz1600_b1_2024-01-18.pt,0.8199500441551208,,grisMejua,Cerro_Hoya_Expedition/Hoya_606m_grisMejua_2025-01-26/2025-01-27/patches/grisMejua_2025_01_28__02_47_06_HDR0_0_Mothbot_yolo11m_4500_imgsz1600_b1_2024-01-18.pt.jpg,ORDER_Lepidoptera,2025-01-28,02:47:06,,2025_01_28__02_47_06,MachineObservation,Cerro_Hoya_Expedition_Hoya_606m_grisMejua_2025-01-26_2025-01-27,Cerro_Hoya_Expedition_Hoya_606m_grisMejua_2025-01-26,grisMejua_2025_01_28__02_47_06_HDR0.jpg,grisMejua_2025_01_28__02_47_06_HDR0_0_Mothbot_yolo11m_4500_imgsz1600_b1_2024-01-18.pt.jpg
doi.org10.15468dl.6nxkw6.csv,Animalia,Arthropoda,Insecta,Diptera,,,,,811,,Diptera,Diptera,Cerro_Hoya_Expedition_Hoya_606m_grisMejua_2025-01-26,grisMejua_2025_01_28__02_47_06_HDR0_1_Mothbot_yolo11m_4500_imgsz1600_b1_2024-01-18.pt.jpg,HS,Mothbot_yolo11m_4500_imgsz1600_b1_2024-01-18.pt,0.5340482592582703,,grisMejua,Cerro_Hoya_Expedition/Hoya_606m_grisMejua_2025-01-26/2025-01-27/patches/grisMejua_2025_01_28__02_47_06_HDR0_1_Mothbot_yolo11m_4500_imgsz1600_b1_2024-01-18.pt.jpg,ORDER_Hymenoptera,2025-01-28,02:47:06,,2025_01_28__02_47_06,MachineObservation,Cerro_Hoya_Expedition_Hoya_606m_grisMejua_2025-01-26_2025-01-27,Cerro_Hoya_Expedition_Hoya_606m_grisMejua_2025-01-26,grisMejua_2025_01_28__02_47_06_HDR0.jpg,grisMejua_2025_01_28__02_47_06_HDR0_1_Mothbot_yolo11m_4500_imgsz1600_b1_2024-01-18.pt.jpg
doi.org10.15468dl.6nxkw6.csv,Animalia,Arthropoda,Insecta,Lepidoptera,,,,,797,,Lepidoptera,Lepidoptera,Cerro_Hoya_Expedition_Hoya_606m_grisMejua_2025-01-26,grisMejua_2025_01_28__02_48_06_HDR0_0_Mothbot_yolo11m_4500_imgsz1600_b1_2024-01-18.pt.jpg,HS,Mothbot_yolo11m_4500_imgsz1600_b1_2024-01-18.pt,0.7863938808441162,,grisMejua,Cerro_Hoya_Expedition/Hoya_606m_grisMejua_2025-01-26/2025-01-27/patches/grisMejua_2025_01_28__02_48_06_HDR0_0_Mothbot_yolo11m_4500_imgsz1600_b1_2024-01-18.pt.jpg,ORDER_Lepidoptera,2025-01-28,02:48:06,,2025_01_28__02_48_06,MachineObservation,Cerro_Hoya_Expedition_Hoya_606m_grisMejua_2025-01-26_2025-01-27,Cerro_Hoya_Expedition_Hoya_606m_grisMejua_2025-01-26,grisMejua_2025_01_28__02_48_06_HDR0.jpg,grisMejua_2025_01_28__02_48_06_HDR0_0_Mothbot_yolo11m_4500_imgsz1600_b1_2024-01-18.pt.jpg
doi.org10.15468dl.6nxkw6.csv,Animalia,Arthropoda,Insecta,Diptera,,,,,811,,Diptera,Diptera,Cerro_Hoya_Expedition_Hoya_606m_grisMejua_2025-01-26,grisMejua_2025_01_28__02_48_06_HDR0_1_Mothbot_yolo11m_4500_imgsz1600_b1_2024-01-18.pt.jpg,HS,Mothbot_yolo11m_4500_imgsz1600_b1_2024-01-18.pt,0.6628199219703674,,grisMejua,Cerro_Hoya_Expedition/Hoya_606m_grisMejua_2025-01-26/2025-01-27/patches/grisMejua_2025_01_28__02_48_06_HDR0_1_Mothbot_yolo11m_4500_imgsz1600_b1_2024-01-18.pt.jpg,ORDER_Diptera,2025-01-28,02:48:06,,2025_01_28__02_48_06,MachineObservation,Cerro_Hoya_Expedition_Hoya_606m_grisMejua_2025-01-26_2025-01-27,Cerro_Hoya_Expedition_Hoya_606m_grisMejua_2025-01-26,grisMejua_2025_01_28__02_48_06_HDR0.jpg,grisMejua_2025_01_28__02_48_06_HDR0_1_Mothbot_yolo11m_4500_imgsz1600_b1_2024-01-18.pt.jpg
doi.org10.15468dl.6nxkw6.csv,Animalia,Arthropoda,Insecta,Lepidoptera,,,,,797,,Lepidoptera,Lepidoptera,Cerro_Hoya_Expedition_Hoya_606m_grisMejua_2025-01-26,grisMejua_2025_01_28__02_49_05_HDR0_0_Mothbot_yolo11m_4500_imgsz1600_b1_2024-01-18.pt.jpg,HS,Mothbot_yolo11m_4500_imgsz1600_b1_2024-01-18.pt,0.8320804834365845,,grisMejua,Cerro_Hoya_Expedition/Hoya_606m_grisMejua_2025-01-26/2025-01-27/patches/grisMejua_2025_01_28__02_49_05_HDR0_0_Mothbot_yolo11m_4500_imgsz1600_b1_2024-01-18.pt.jpg,ORDER_Lepidoptera,2025-01-28,02:49:05,,2025_01_28__02_49_05,MachineObservation,Cerro_Hoya_Expedition_Hoya_606m_grisMejua_2025-01-26_2025-01-27,Cerro_Hoya_Expedition_Hoya_606m_grisMejua_2025-01-26,grisMejua_2025_01_28__02_49_05_HDR0.jpg,grisMejua_2025_01_28__02_49_05_HDR0_0_Mothbot_yolo11m_4500_imgsz1600_b1_2024-01-18.pt.jpg
doi.org10.15468dl.6nxkw6.csv,Animalia,Arthropoda,Insecta,Diptera,,,,,811,,Diptera,Diptera,Cerro_Hoya_Expedition_Hoya_606m_grisMejua_2025-01-26,grisMejua_2025_01_28__02_49_05_HDR0_1_Mothbot_yolo11m_4500_imgsz1600_b1_2024-01-18.pt.jpg,HS,Mothbot_yolo11m_4500_imgsz1600_b1_2024-01-18.pt,0.7279000878334045,,grisMejua,Cerro_Hoya_Expedition/Hoya_606m_grisMejua_2025-01-26/2025-01-27/patches/grisMejua_2025_01_28__02_49_05_HDR0_1_Mothbot_yolo11m_4500_imgsz1600_b1_2024-01-18.pt.jpg,ORDER_Diptera,2025-01-28,02:49:05,,2025_01_28__02_49_05,MachineObservation,Cerro_Hoya_Expedition_Hoya_606m_grisMejua_2025-01-26_2025-01-27,Cerro_Hoya_Expedition_Hoya_606m_grisMejua_2025-01-26,grisMejua_2025_01_28__02_49_05_HDR0.jpg,grisMejua_2025_01_28__02_49_05_HDR0_1_Mothbot_yolo11m_4500_imgsz1600_b1_2024-01-18.pt.jpg
doi.org10.15468dl.6nxkw6.csv,Animalia,Arthropoda,Insecta,Lepidoptera,,,,,797,,Lepidoptera,Lepidoptera,Cerro_Hoya_Expedition_Hoya_606m_grisMejua_2025-01-26,grisMejua_2025_01_28__02_50_22_HDR0_0_Mothbot_yolo11m_4500_imgsz1600_b1_2024-01-18.pt.jpg,HS,Mothbot_yolo11m_4500_imgsz1600_b1_2024-01-18.pt,0.7578114867210388,,grisMejua,Cerro_Hoya_Expedition/Hoya_606m_grisMejua_2025-01-26/2025-01-27/patches/grisMejua_2025_01_28__02_50_22_HDR0_0_Mothbot_yolo11m_4500_imgsz1600_b1_2024-01-18.pt.jpg,ORDER_Lepidoptera,2025-01-28,02:50:22,,2025_01_28__02_50_22,MachineObservation,Cerro_Hoya_Expedition_Hoya_606m_grisMejua_2025-01-26_2025-01-27,Cerro_Hoya_Expedition_Hoya_606m_grisMejua_2025-01-26,grisMejua_2025_01_28__02_50_22_HDR0.jpg,grisMejua_2025_01_28__02_50_22_HDR0_0_Mothbot_yolo11m_4500_imgsz1600_b1_2024-01-18.pt.jpg
doi.org10.15468dl.6nxkw6.csv,Animalia,Arthropoda,Insecta,Diptera,,,,,811,,Diptera,Diptera,Cerro_Hoya_Expedition_Hoya_606m_grisMejua_2025-01-26,grisMejua_2025_01_28__02_51_06_HDR0_0_Mothbot_yolo11m_4500_imgsz1600_b1_2024-01-18.pt.jpg,HS,Mothbot_yolo11m_4500_imgsz1600_b1_2024-01-18.pt,0.7177885174751282,,grisMejua,Cerro_Hoya_Expedition/Hoya_606m_grisMejua_2025-01-26/2025-01-27/patches/grisMejua_2025_01_28__02_51_06_HDR0_0_Mothbot_yolo11m_4500_imgsz1600_b1_2024-01-18.pt.jpg,ORDER_Hemiptera,2025-01-28,02:51:06,,2025_01_28__02_51_06,MachineObservation,Cerro_Hoya_Expedition_Hoya_606m_grisMejua_2025-01-26_2025-01-27,Cerro_Hoya_Expedition_Hoya_606m_grisMejua_2025-01-26,grisMejua_2025_01_28__02_51_06_HDR0.jpg,grisMejua_2025_01_28__02_51_06_HDR0_0_Mothbot_yolo11m_4500_imgsz1600_b1_2024-01-18.pt.jpg
doi.org10.15468dl.6nxkw6.csv,Animalia,Arthropoda,Insecta,Hemiptera,,,,,809,,Hemiptera,Hemiptera,Cerro_Hoya_Expedition_Hoya_606m_grisMejua_2025-01-26,grisMejua_2025_01_28__02_51_06_HDR0_1_Mothbot_yolo11m_4500_imgsz1600_b1_2024-01-18.pt.jpg,HS,Mothbot_yolo11m_4500_imgsz1600_b1_2024-01-18.pt,0.43448811769485474,,grisMejua,Cerro_Hoya_Expedition/Hoya_606m_grisMejua_2025-01-26/2025-01-27/patches/grisMejua_2025_01_28__02_51_06_HDR0_1_Mothbot_yolo11m_4500_imgsz1600_b1_2024-01-18.pt.jpg,ORDER_Hemiptera,2025-01-28,02:51:06,,2025_01_28__02_51_06,MachineObservation,Cerro_Hoya_Expedition_Hoya_606m_grisMejua_2025-01-26_2025-01-27,Cerro_Hoya_Expedition_Hoya_606m_grisMejua_2025-01-26,grisMejua_2025_01_28__02_51_06_HDR0.jpg,grisMejua_2025_01_28__02_51_06_HDR0_1_Mothbot_yolo11m_4500_imgsz1600_b1_2024-01-18.pt.jpg
doi.org10.15468dl.6nxkw6.csv,Animalia,Arthropoda,Insecta,Hemiptera,,,,,809,,Hemiptera,Hemiptera,Cerro_Hoya_Expedition_Hoya_606m_grisMejua_2025-01-26,grisMejua_2025_01_28__02_52_05_HDR0_0_Mothbot_yolo11m_4500_imgsz1600_b1_2024-01-18.pt.jpg,HS,Mothbot_yolo11m_4500_imgsz1600_b1_2024-01-18.pt,0.4670983850955963,,grisMejua,Cerro_Hoya_Expedition/Hoya_606m_grisMejua_2025-01-26/2025-01-27/patches/grisMejua_2025_01_28__02_52_05_HDR0_0_Mothbot_yolo11m_4500_imgsz1600_b1_2024-01-18.pt.jpg,ORDER_Hemiptera,2025-01-28,02:52:05,,2025_01_28__02_52_05,MachineObservation,Cerro_Hoya_Expedition_Hoya_606m_grisMejua_2025-01-26_2025-01-27,Cerro_Hoya_Expedition_Hoya_606m_grisMejua_2025-01-26,grisMejua_2025_01_28__02_52_05_HDR0.jpg,grisMejua_2025_01_28__02_52_05_HDR0_0_Mothbot_yolo11m_4500_imgsz1600_b1_2024-01-18.pt.jpg
doi.org10.15468dl.6nxkw6.csv,Animalia,Arthropoda,Insecta,Hemiptera,,,,,809,,Hemiptera,Hemiptera,Cerro_Hoya_Expedition_Hoya_606m_grisMejua_2025-01-26,grisMejua_2025_01_28__02_53_05_HDR0_0_Mothbot_yolo11m_4500_imgsz1600_b1_2024-01-18.pt.jpg,HS,Mothbot_yolo11m_4500_imgsz1600_b1_2024-01-18.pt,0.4741368889808655,,grisMejua,Cerro_Hoya_Expedition/Hoya_606m_grisMejua_2025-01-26/2025-01-27/patches/grisMejua_2025_01_28__02_53_05_HDR0_0_Mothbot_yolo11m_4500_imgsz1600_b1_2024-01-18.pt.jpg,ORDER_Hemiptera,2025-01-28,02:53:05,,2025_01_28__02_53_05,MachineObservation,Cerro_Hoya_Expedition_Hoya_606m_grisMejua_2025-01-26_2025-01-27,Cerro_Hoya_Expedition_Hoya_606m_grisMejua_2025-01-26,grisMejua_2025_01_28__02_53_05_HDR0.jpg,grisMejua_2025_01_28__02_53_05_HDR0_0_Mothbot_yolo11m_4500_imgsz1600_b1_2024-01-18.pt.jpg
doi.org10.15468dl.6nxkw6.csv,Animalia,Arthropoda,Insecta,Diptera,,,,,811,,Diptera,Diptera,Cerro_Hoya_Expedition_Hoya_606m_grisMejua_2025-01-26,grisMejua_2025_01_28__02_53_05_HDR0_1_Mothbot_yolo11m_4500_imgsz1600_b1_2024-01-18.pt.jpg,HS,Mothbot_yolo11m_4500_imgsz1600_b1_2024-01-18.pt,0.33117496967315674,,grisMejua,Cerro_Hoya_Expedition/Hoya_606m_grisMejua_2025-01-26/2025-01-27/patches/grisMejua_2025_01_28__02_53_05_HDR0_1_Mothbot_yolo11m_4500_imgsz1600_b1_2024-01-18.pt.jpg,ORDER_Hemiptera,2025-01-28,02:53:05,,2025_01_28__02_53_05,MachineObservation,Cerro_Hoya_Expedition_Hoya_606m_grisMejua_2025-01-26_2025-01-27,Cerro_Hoya_Expedition_Hoya_606m_grisMejua_2025-01-26,grisMejua_2025_01_28__02_53_05_HDR0.jpg,grisMejua_2025_01_28__02_53_05_HDR0_1_Mothbot_yolo11m_4500_imgsz1600_b1_2024-01-18.pt.jpg
doi.org10.15468dl.6nxkw6.csv,Animalia,Arthropoda,Insecta,Diptera,,,,,811,,Diptera,Diptera,Cerro_Hoya_Expedition_Hoya_606m_grisMejua_2025-01-26,grisMejua_2025_01_28__02_54_06_HDR0_0_Mothbot_yolo11m_4500_imgsz1600_b1_2024-01-18.pt.jpg,HS,Mothbot_yolo11m_4500_imgsz1600_b1_2024-01-18.pt,0.7067170739173889,,grisMejua,Cerro_Hoya_Expedition/Hoya_606m_grisMejua_2025-01-26/2025-01-27/patches/grisMejua_2025_01_28__02_54_06_HDR0_0_Mothbot_yolo11m_4500_imgsz1600_b1_2024-01-18.pt.jpg,ORDER_Diptera,2025-01-28,02:54:06,,2025_01_28__02_54_06,MachineObservation,Cerro_Hoya_Expedition_Hoya_606m_grisMejua_2025-01-26_2025-01-27,Cerro_Hoya_Expedition_Hoya_606m_grisMejua_2025-01-26,grisMejua_2025_01_28__02_54_06_HDR0.jpg,grisMejua_2025_01_28__02_54_06_HDR0_0_Mothbot_yolo11m_4500_imgsz1600_b1_2024-01-18.pt.jpg
doi.org10.15468dl.6nxkw6.csv,Animalia,Arthropoda,Insecta,Diptera,,,,,811,,Diptera,Diptera,Cerro_Hoya_Expedition_Hoya_606m_grisMejua_2025-01-26,grisMejua_2025_01_28__02_54_06_HDR0_1_Mothbot_yolo11m_4500_imgsz1600_b1_2024-01-18.pt.jpg,HS,Mothbot_yolo11m_4500_imgsz1600_b1_2024-01-18.pt,0.581561267375946,,grisMejua,Cerro_Hoya_Expedition/Hoya_606m_grisMejua_2025-01-26/2025-01-27/patches/grisMejua_2025_01_28__02_54_06_HDR0_1_Mothbot_yolo11m_4500_imgsz1600_b1_2024-01-18.pt.jpg,ORDER_Diptera,2025-01-28,02:54:06,,2025_01_28__02_54_06,MachineObservation,Cerro_Hoya_Expedition_Hoya_606m_grisMejua_2025-01-26_2025-01-27,Cerro_Hoya_Expedition_Hoya_606m_grisMejua_2025-01-26,grisMejua_2025_01_28__02_54_06_HDR0.jpg,grisMejua_2025_01_28__02_54_06_HDR0_1_Mothbot_yolo11m_4500_imgsz1600_b1_2024-01-18.pt.jpg
doi.org10.15468dl.6nxkw6.csv,Animalia,Arthropoda,Insecta,Hemiptera,,,,,809,,Hemiptera,Hemiptera,Cerro_Hoya_Expedition_Hoya_606m_grisMejua_2025-01-26,grisMejua_2025_01_28__02_54_06_HDR0_2_Mothbot_yolo11m_4500_imgsz1600_b1_2024-01-18.pt.jpg,HS,Mothbot_yolo11m_4500_imgsz1600_b1_2024-01-18.pt,0.3979715406894684,,grisMejua,Cerro_Hoya_Expedition/Hoya_606m_grisMejua_2025-01-26/2025-01-27/patches/grisMejua_2025_01_28__02_54_06_HDR0_2_Mothbot_yolo11m_4500_imgsz1600_b1_2024-01-18.pt.jpg,ORDER_Hemiptera,2025-01-28,02:54:06,,2025_01_28__02_54_06,MachineObservation,Cerro_Hoya_Expedition_Hoya_606m_grisMejua_2025-01-26_2025-01-27,Cerro_Hoya_Expedition_Hoya_606m_grisMejua_2025-01-26,grisMejua_2025_01_28__02_54_06_HDR0.jpg,grisMejua_2025_01_28__02_54_06_HDR0_2_Mothbot_yolo11m_4500_imgsz1600_b1_2024-01-18.pt.jpg
doi.org10.15468dl.6nxkw6.csv,Animalia,Arthropoda,Insecta,,,,,,216,,Insecta,Insecta,Cerro_Hoya_Expedition_Hoya_606m_grisMejua_2025-01-26,grisMejua_2025_01_28__02_54_06_HDR0_3_Mothbot_yolo11m_4500_imgsz1600_b1_2024-01-18.pt.jpg,HS,Mothbot_yolo11m_4500_imgsz1600_b1_2024-01-18.pt,0.35553428530693054,,grisMejua,Cerro_Hoya_Expedition/Hoya_606m_grisMejua_2025-01-26/2025-01-27/patches/grisMejua_2025_01_28__02_54_06_HDR0_3_Mothbot_yolo11m_4500_imgsz1600_b1_2024-01-18.pt.jpg,ORDER_Diptera,2025-01-28,02:54:06,,2025_01_28__02_54_06,MachineObservation,Cerro_Hoya_Expedition_Hoya_606m_grisMejua_2025-01-26_2025-01-27,Cerro_Hoya_Expedition_Hoya_606m_grisMejua_2025-01-26,grisMejua_2025_01_28__02_54_06_HDR0.jpg,grisMejua_2025_01_28__02_54_06_HDR0_3_Mothbot_yolo11m_4500_imgsz1600_b1_2024-01-18.pt.jpg
doi.org10.15468dl.6nxkw6.csv,Animalia,Arthropoda,Insecta,Hemiptera,,,,,809,,Hemiptera,Hemiptera,Cerro_Hoya_Expedition_Hoya_606m_grisMejua_2025-01-26,grisMejua_2025_01_28__02_55_06_HDR0_0_Mothbot_yolo11m_4500_imgsz1600_b1_2024-01-18.pt.jpg,HS,Mothbot_yolo11m_4500_imgsz1600_b1_2024-01-18.pt,0.4518817365169525,,grisMejua,Cerro_Hoya_Expedition/Hoya_606m_grisMejua_2025-01-26/2025-01-27/patches/grisMejua_2025_01_28__02_55_06_HDR0_0_Mothbot_yolo11m_4500_imgsz1600_b1_2024-01-18.pt.jpg,ORDER_Hemiptera,2025-01-28,02:55:06,,2025_01_28__02_55_06,MachineObservation,Cerro_Hoya_Expedition_Hoya_606m_grisMejua_2025-01-26_2025-01-27,Cerro_Hoya_Expedition_Hoya_606m_grisMejua_2025-01-26,grisMejua_2025_01_28__02_55_06_HDR0.jpg,grisMejua_2025_01_28__02_55_06_HDR0_0_Mothbot_yolo11m_4500_imgsz1600_b1_2024-01-18.pt.jpg
doi.org10.15468dl.6nxkw6.csv,Animalia,Arthropoda,Insecta,Diptera,,,,,811,,Diptera,Diptera,Cerro_Hoya_Expedition_Hoya_606m_grisMejua_2025-01-26,grisMejua_2025_01_28__02_56_06_HDR0_0_Mothbot_yolo11m_4500_imgsz1600_b1_2024-01-18.pt.jpg,HS,Mothbot_yolo11m_4500_imgsz1600_b1_2024-01-18.pt,0.5699178576469421,,grisMejua,Cerro_Hoya_Expedition/Hoya_606m_grisMejua_2025-01-26/2025-01-27/patches/grisMejua_2025_01_28__02_56_06_HDR0_0_Mothbot_yolo11m_4500_imgsz1600_b1_2024-01-18.pt.jpg,ORDER_Hymenoptera,2025-01-28,02:56:06,,2025_01_28__02_56_06,MachineObservation,Cerro_Hoya_Expedition_Hoya_606m_grisMejua_2025-01-26_2025-01-27,Cerro_Hoya_Expedition_Hoya_606m_grisMejua_2025-01-26,grisMejua_2025_01_28__02_56_06_HDR0.jpg,grisMejua_2025_01_28__02_56_06_HDR0_0_Mothbot_yolo11m_4500_imgsz1600_b1_2024-01-18.pt.jpg
doi.org10.15468dl.6nxkw6.csv,Animalia,Arthropoda,Insecta,Diptera,,,,,811,,Diptera,Diptera,Cerro_Hoya_Expedition_Hoya_606m_grisMejua_2025-01-26,grisMejua_2025_01_28__02_56_06_HDR0_1_Mothbot_yolo11m_4500_imgsz1600_b1_2024-01-18.pt.jpg,HS,Mothbot_yolo11m_4500_imgsz1600_b1_2024-01-18.pt,0.5145079493522644,,grisMejua,Cerro_Hoya_Expedition/Hoya_606m_grisMejua_2025-01-26/2025-01-27/patches/grisMejua_2025_01_28__02_56_06_HDR0_1_Mothbot_yolo11m_4500_imgsz1600_b1_2024-01-18.pt.jpg,ORDER_Diptera,2025-01-28,02:56:06,,2025_01_28__02_56_06,MachineObservation,Cerro_Hoya_Expedition_Hoya_606m_grisMejua_2025-01-26_2025-01-27,Cerro_Hoya_Expedition_Hoya_606m_grisMejua_2025-01-26,grisMejua_2025_01_28__02_56_06_HDR0.jpg,grisMejua_2025_01_28__02_56_06_HDR0_1_Mothbot_yolo11m_4500_imgsz1600_b1_2024-01-18.pt.jpg
doi.org10.15468dl.6nxkw6.csv,Animalia,Arthropoda,Insecta,,,,,,216,,Insecta,Insecta,Cerro_Hoya_Expedition_Hoya_606m_grisMejua_2025-01-26,grisMejua_2025_01_28__02_56_06_HDR0_2_Mothbot_yolo11m_4500_imgsz1600_b1_2024-01-18.pt.jpg,HS,Mothbot_yolo11m_4500_imgsz1600_b1_2024-01-18.pt,0.422608882188797,,grisMejua,Cerro_Hoya_Expedition/Hoya_606m_grisMejua_2025-01-26/2025-01-27/patches/grisMejua_2025_01_28__02_56_06_HDR0_2_Mothbot_yolo11m_4500_imgsz1600_b1_2024-01-18.pt.jpg,ORDER_Diptera,2025-01-28,02:56:06,,2025_01_28__02_56_06,MachineObservation,Cerro_Hoya_Expedition_Hoya_606m_grisMejua_2025-01-26_2025-01-27,Cerro_Hoya_Expedition_Hoya_606m_grisMejua_2025-01-26,grisMejua_2025_01_28__02_56_06_HDR0.jpg,grisMejua_2025_01_28__02_56_06_HDR0_2_Mothbot_yolo11m_4500_imgsz1600_b1_2024-01-18.pt.jpg
doi.org10.15468dl.6nxkw6.csv,Animalia,Arthropoda,Insecta,,,,,,216,,Insecta,Insecta,Cerro_Hoya_Expedition_Hoya_606m_grisMejua_2025-01-26,grisMejua_2025_01_28__02_57_22_HDR0_0_Mothbot_yolo11m_4500_imgsz1600_b1_2024-01-18.pt.jpg,HS,Mothbot_yolo11m_4500_imgsz1600_b1_2024-01-18.pt,0.2607406973838806,,grisMejua,Cerro_Hoya_Expedition/Hoya_606m_grisMejua_2025-01-26/2025-01-27/patches/grisMejua_2025_01_28__02_57_22_HDR0_0_Mothbot_yolo11m_4500_imgsz1600_b1_2024-01-18.pt.jpg,ORDER_Odonata,2025-01-28,02:57:22,,2025_01_28__02_57_22,MachineObservation,Cerro_Hoya_Expedition_Hoya_606m_grisMejua_2025-01-26_2025-01-27,Cerro_Hoya_Expedition_Hoya_606m_grisMejua_2025-01-26,grisMejua_2025_01_28__02_57_22_HDR0.jpg,grisMejua_2025_01_28__02_57_22_HDR0_0_Mothbot_yolo11m_4500_imgsz1600_b1_2024-01-18.pt.jpg
doi.org10.15468dl.6nxkw6.csv,Animalia,Arthropoda,Insecta,Lepidoptera,,,,,797,,Lepidoptera,Lepidoptera,Cerro_Hoya_Expedition_Hoya_606m_grisMejua_2025-01-26,grisMejua_2025_01_28__04_02_06_HDR0_0_Mothbot_yolo11m_4500_imgsz1600_b1_2024-01-18.pt.jpg,HS,Mothbot_yolo11m_4500_imgsz1600_b1_2024-01-18.pt,0.7547410130500793,,grisMejua,Cerro_Hoya_Expedition/Hoya_606m_grisMejua_2025-01-26/2025-01-27/patches/grisMejua_2025_01_28__04_02_06_HDR0_0_Mothbot_yolo11m_4500_imgsz1600_b1_2024-01-18.pt.jpg,ORDER_Diptera,2025-01-28,04:02:06,,2025_01_28__04_02_06,MachineObservation,Cerro_Hoya_Expedition_Hoya_606m_grisMejua_2025-01-26_2025-01-27,Cerro_Hoya_Expedition_Hoya_606m_grisMejua_2025-01-26,grisMejua_2025_01_28__04_02_06_HDR0.jpg,grisMejua_2025_01_28__04_02_06_HDR0_0_Mothbot_yolo11m_4500_imgsz1600_b1_2024-01-18.pt.jpg
doi.org10.15468dl.6nxkw6.csv,Animalia,Arthropoda,Insecta,Araneae,,,,,1496,,Araneae,Araneae,Cerro_Hoya_Expedition_Hoya_606m_grisMejua_2025-01-26,grisMejua_2025_01_28__04_02_06_HDR0_1_Mothbot_yolo11m_4500_imgsz1600_b1_2024-01-18.pt.jpg,HS,Mothbot_yolo11m_4500_imgsz1600_b1_2024-01-18.pt,0.39016515016555786,,grisMejua,Cerro_Hoya_Expedition/Hoya_606m_grisMejua_2025-01-26/2025-01-27/patches/grisMejua_2025_01_28__04_02_06_HDR0_1_Mothbot_yolo11m_4500_imgsz1600_b1_2024-01-18.pt.jpg,ORDER_Hemiptera,2025-01-28,04:02:06,,2025_01_28__04_02_06,MachineObservation,Cerro_Hoya_Expedition_Hoya_606m_grisMejua_2025-01-26_2025-01-27,Cerro_Hoya_Expedition_Hoya_606m_grisMejua_2025-01-26,grisMejua_2025_01_28__04_02_06_HDR0.jpg,grisMejua_2025_01_28__04_02_06_HDR0_1_Mothbot_yolo11m_4500_imgsz1600_b1_2024-01-18.pt.jpg
doi.org10.15468dl.6nxkw6.csv,Animalia,Arthropoda,Insecta,Diptera,,,,,811,,Diptera,Diptera,Cerro_Hoya_Expedition_Hoya_606m_grisMejua_2025-01-26,grisMejua_2025_01_28__04_04_06_HDR0_0_Mothbot_yolo11m_4500_imgsz1600_b1_2024-01-18.pt.jpg,HS,Mothbot_yolo11m_4500_imgsz1600_b1_2024-01-18.pt,0.7857003211975098,,grisMejua,Cerro_Hoya_Expedition/Hoya_606m_grisMejua_2025-01-26/2025-01-27/patches/grisMejua_2025_01_28__04_04_06_HDR0_0_Mothbot_yolo11m_4500_imgsz1600_b1_2024-01-18.pt.jpg,ORDER_Diptera,2025-01-28,04:04:06,,2025_01_28__04_04_06,MachineObservation,Cerro_Hoya_Expedition_Hoya_606m_grisMejua_2025-01-26_2025-01-27,Cerro_Hoya_Expedition_Hoya_606m_grisMejua_2025-01-26,grisMejua_2025_01_28__04_04_06_HDR0.jpg,grisMejua_2025_01_28__04_04_06_HDR0_0_Mothbot_yolo11m_4500_imgsz1600_b1_2024-01-18.pt.jpg
doi.org10.15468dl.6nxkw6.csv,Animalia,Arthropoda,Insecta,,,,,,216,,Insecta,Insecta,Cerro_Hoya_Expedition_Hoya_606m_grisMejua_2025-01-26,grisMejua_2025_01_28__04_04_06_HDR0_1_Mothbot_yolo11m_4500_imgsz1600_b1_2024-01-18.pt.jpg,HS,Mothbot_yolo11m_4500_imgsz1600_b1_2024-01-18.pt,0.3624626398086548,,grisMejua,Cerro_Hoya_Expedition/Hoya_606m_grisMejua_2025-01-26/2025-01-27/patches/grisMejua_2025_01_28__04_04_06_HDR0_1_Mothbot_yolo11m_4500_imgsz1600_b1_2024-01-18.pt.jpg,ORDER_Diptera,2025-01-28,04:04:06,,2025_01_28__04_04_06,MachineObservation,Cerro_Hoya_Expedition_Hoya_606m_grisMejua_2025-01-26_2025-01-27,Cerro_Hoya_Expedition_Hoya_606m_grisMejua_2025-01-26,grisMejua_2025_01_28__04_04_06_HDR0.jpg,grisMejua_2025_01_28__04_04_06_HDR0_1_Mothbot_yolo11m_4500_imgsz1600_b1_2024-01-18.pt.jpg
doi.org10.15468dl.6nxkw6.csv,Animalia,Arthropoda,Insecta,Diptera,,,,,811,,Diptera,Diptera,Cerro_Hoya_Expedition_Hoya_606m_grisMejua_2025-01-26,grisMejua_2025_01_28__04_05_06_HDR0_0_Mothbot_yolo11m_4500_imgsz1600_b1_2024-01-18.pt.jpg,HS,Mothbot_yolo11m_4500_imgsz1600_b1_2024-01-18.pt,0.31101521849632263,,grisMejua,Cerro_Hoya_Expedition/Hoya_606m_grisMejua_2025-01-26/2025-01-27/patches/grisMejua_2025_01_28__04_05_06_HDR0_0_Mothbot_yolo11m_4500_imgsz1600_b1_2024-01-18.pt.jpg,ORDER_Diptera,2025-01-28,04:05:06,,2025_01_28__04_05_06,MachineObservation,Cerro_Hoya_Expedition_Hoya_606m_grisMejua_2025-01-26_2025-01-27,Cerro_Hoya_Expedition_Hoya_606m_grisMejua_2025-01-26,grisMejua_2025_01_28__04_05_06_HDR0.jpg,grisMejua_2025_01_28__04_05_06_HDR0_0_Mothbot_yolo11m_4500_imgsz1600_b1_2024-01-18.pt.jpg
doi.org10.15468dl.6nxkw6.csv,Animalia,Arthropoda,Insecta,,,,,,216,,Insecta,Insecta,Cerro_Hoya_Expedition_Hoya_606m_grisMejua_2025-01-26,grisMejua_2025_01_28__04_06_05_HDR0_0_Mothbot_yolo11m_4500_imgsz1600_b1_2024-01-18.pt.jpg,HS,Mothbot_yolo11m_4500_imgsz1600_b1_2024-01-18.pt,0.42167964577674866,,grisMejua,Cerro_Hoya_Expedition/Hoya_606m_grisMejua_2025-01-26/2025-01-27/patches/grisMejua_2025_01_28__04_06_05_HDR0_0_Mothbot_yolo11m_4500_imgsz1600_b1_2024-01-18.pt.jpg,ORDER_Psocodea,2025-01-28,04:06:05,,2025_01_28__04_06_05,MachineObservation,Cerro_Hoya_Expedition_Hoya_606m_grisMejua_2025-01-26_2025-01-27,Cerro_Hoya_Expedition_Hoya_606m_grisMejua_2025-01-26,grisMejua_2025_01_28__04_06_05_HDR0.jpg,grisMejua_2025_01_28__04_06_05_HDR0_0_Mothbot_yolo11m_4500_imgsz1600_b1_2024-01-18.pt.jpg
doi.org10.15468dl.6nxkw6.csv,Animalia,Arthropoda,Insecta,Hemiptera,,,,,809,,Hemiptera,Hemiptera,Cerro_Hoya_Expedition_Hoya_606m_grisMejua_2025-01-26,grisMejua_2025_01_28__04_09_06_HDR0_0_Mothbot_yolo11m_4500_imgsz1600_b1_2024-01-18.pt.jpg,HS,Mothbot_yolo11m_4500_imgsz1600_b1_2024-01-18.pt,0.5698721408843994,,grisMejua,Cerro_Hoya_Expedition/Hoya_606m_grisMejua_2025-01-26/2025-01-27/patches/grisMejua_2025_01_28__04_09_06_HDR0_0_Mothbot_yolo11m_4500_imgsz1600_b1_2024-01-18.pt.jpg,ORDER_Coleoptera,2025-01-28,04:09:06,,2025_01_28__04_09_06,MachineObservation,Cerro_Hoya_Expedition_Hoya_606m_grisMejua_2025-01-26_2025-01-27,Cerro_Hoya_Expedition_Hoya_606m_grisMejua_2025-01-26,grisMejua_2025_01_28__04_09_06_HDR0.jpg,grisMejua_2025_01_28__04_09_06_HDR0_0_Mothbot_yolo11m_4500_imgsz1600_b1_2024-01-18.pt.jpg
doi.org10.15468dl.6nxkw6.csv,Animalia,Arthropoda,Insecta,Diptera,,,,,811,,Diptera,Diptera,Cerro_Hoya_Expedition_Hoya_606m_grisMejua_2025-01-26,grisMejua_2025_01_28__04_10_06_HDR0_0_Mothbot_yolo11m_4500_imgsz1600_b1_2024-01-18.pt.jpg,HS,Mothbot_yolo11m_4500_imgsz1600_b1_2024-01-18.pt,0.44180119037628174,,grisMejua,Cerro_Hoya_Expedition/Hoya_606m_grisMejua_2025-01-26/2025-01-27/patches/grisMejua_2025_01_28__04_10_06_HDR0_0_Mothbot_yolo11m_4500_imgsz1600_b1_2024-01-18.pt.jpg,ORDER_Hemiptera,2025-01-28,04:10:06,,2025_01_28__04_10_06,MachineObservation,Cerro_Hoya_Expedition_Hoya_606m_grisMejua_2025-01-26_2025-01-27,Cerro_Hoya_Expedition_Hoya_606m_grisMejua_2025-01-26,grisMejua_2025_01_28__04_10_06_HDR0.jpg,grisMejua_2025_01_28__04_10_06_HDR0_0_Mothbot_yolo11m_4500_imgsz1600_b1_2024-01-18.pt.jpg
doi.org10.15468dl.6nxkw6.csv,Animalia,Arthropoda,Insecta,Araneae,,,,,1496,,Araneae,Araneae,Cerro_Hoya_Expedition_Hoya_606m_grisMejua_2025-01-26,grisMejua_2025_01_28__04_11_06_HDR0_0_Mothbot_yolo11m_4500_imgsz1600_b1_2024-01-18.pt.jpg,HS,Mothbot_yolo11m_4500_imgsz1600_b1_2024-01-18.pt,0.48991042375564575,,grisMejua,Cerro_Hoya_Expedition/Hoya_606m_grisMejua_2025-01-26/2025-01-27/patches/grisMejua_2025_01_28__04_11_06_HDR0_0_Mothbot_yolo11m_4500_imgsz1600_b1_2024-01-18.pt.jpg,ORDER_Hemiptera,2025-01-28,04:11:06,,2025_01_28__04_11_06,MachineObservation,Cerro_Hoya_Expedition_Hoya_606m_grisMejua_2025-01-26_2025-01-27,Cerro_Hoya_Expedition_Hoya_606m_grisMejua_2025-01-26,grisMejua_2025_01_28__04_11_06_HDR0.jpg,grisMejua_2025_01_28__04_11_06_HDR0_0_Mothbot_yolo11m_4500_imgsz1600_b1_2024-01-18.pt.jpg
doi.org10.15468dl.6nxkw6.csv,Animalia,Arthropoda,Insecta,Hemiptera,,,,,809,,Hemiptera,Hemiptera,Cerro_Hoya_Expedition_Hoya_606m_grisMejua_2025-01-26,grisMejua_2025_01_28__04_11_06_HDR0_1_Mothbot_yolo11m_4500_imgsz1600_b1_2024-01-18.pt.jpg,HS,Mothbot_yolo11m_4500_imgsz1600_b1_2024-01-18.pt,0.33972302079200745,,grisMejua,Cerro_Hoya_Expedition/Hoya_606m_grisMejua_2025-01-26/2025-01-27/patches/grisMejua_2025_01_28__04_11_06_HDR0_1_Mothbot_yolo11m_4500_imgsz1600_b1_2024-01-18.pt.jpg,ORDER_Coleoptera,2025-01-28,04:11:06,,2025_01_28__04_11_06,MachineObservation,Cerro_Hoya_Expedition_Hoya_606m_grisMejua_2025-01-26_2025-01-27,Cerro_Hoya_Expedition_Hoya_606m_grisMejua_2025-01-26,grisMejua_2025_01_28__04_11_06_HDR0.jpg,grisMejua_2025_01_28__04_11_06_HDR0_1_Mothbot_yolo11m_4500_imgsz1600_b1_2024-01-18.pt.jpg
doi.org10.15468dl.6nxkw6.csv,Animalia,Arthropoda,Insecta,,,,,,216,,Insecta,Insecta,Cerro_Hoya_Expedition_Hoya_606m_grisMejua_2025-01-26,grisMejua_2025_01_28__04_13_05_HDR0_0_Mothbot_yolo11m_4500_imgsz1600_b1_2024-01-18.pt.jpg,HS,Mothbot_yolo11m_4500_imgsz1600_b1_2024-01-18.pt,0.2638282775878906,,grisMejua,Cerro_Hoya_Expedition/Hoya_606m_grisMejua_2025-01-26/2025-01-27/patches/grisMejua_2025_01_28__04_13_05_HDR0_0_Mothbot_yolo11m_4500_imgsz1600_b1_2024-01-18.pt.jpg,ORDER_Lepidoptera,2025-01-28,04:13:05,,2025_01_28__04_13_05,MachineObservation,Cerro_Hoya_Expedition_Hoya_606m_grisMejua_2025-01-26_2025-01-27,Cerro_Hoya_Expedition_Hoya_606m_grisMejua_2025-01-26,grisMejua_2025_01_28__04_13_05_HDR0.jpg,grisMejua_2025_01_28__04_13_05_HDR0_0_Mothbot_yolo11m_4500_imgsz1600_b1_2024-01-18.pt.jpg
doi.org10.15468dl.6nxkw6.csv,Animalia,Arthropoda,Insecta,Araneae,,,,,1496,,Araneae,Araneae,Cerro_Hoya_Expedition_Hoya_606m_grisMejua_2025-01-26,grisMejua_2025_01_28__04_15_23_HDR0_0_Mothbot_yolo11m_4500_imgsz1600_b1_2024-01-18.pt.jpg,HS,Mothbot_yolo11m_4500_imgsz1600_b1_2024-01-18.pt,0.25061050057411194,,grisMejua,Cerro_Hoya_Expedition/Hoya_606m_grisMejua_2025-01-26/2025-01-27/patches/grisMejua_2025_01_28__04_15_23_HDR0_0_Mothbot_yolo11m_4500_imgsz1600_b1_2024-01-18.pt.jpg,ORDER_Diptera,2025-01-28,04:15:23,,2025_01_28__04_15_23,MachineObservation,Cerro_Hoya_Expedition_Hoya_606m_grisMejua_2025-01-26_2025-01-27,Cerro_Hoya_Expedition_Hoya_606m_grisMejua_2025-01-26,grisMejua_2025_01_28__04_15_23_HDR0.jpg,grisMejua_2025_01_28__04_15_23_HDR0_0_Mothbot_yolo11m_4500_imgsz1600_b1_2024-01-18.pt.jpg
doi.org10.15468dl.6nxkw6.csv,Animalia,Arthropoda,Insecta,Diptera,,,,,811,,Diptera,Diptera,Cerro_Hoya_Expedition_Hoya_606m_grisMejua_2025-01-26,grisMejua_2025_01_28__04_16_06_HDR0_0_Mothbot_yolo11m_4500_imgsz1600_b1_2024-01-18.pt.jpg,HS,Mothbot_yolo11m_4500_imgsz1600_b1_2024-01-18.pt,0.6311149597167969,,grisMejua,Cerro_Hoya_Expedition/Hoya_606m_grisMejua_2025-01-26/2025-01-27/patches/grisMejua_2025_01_28__04_16_06_HDR0_0_Mothbot_yolo11m_4500_imgsz1600_b1_2024-01-18.pt.jpg,ORDER_Diptera,2025-01-28,04:16:06,,2025_01_28__04_16_06,MachineObservation,Cerro_Hoya_Expedition_Hoya_606m_grisMejua_2025-01-26_2025-01-27,Cerro_Hoya_Expedition_Hoya_606m_grisMejua_2025-01-26,grisMejua_2025_01_28__04_16_06_HDR0.jpg,grisMejua_2025_01_28__04_16_06_HDR0_0_Mothbot_yolo11m_4500_imgsz1600_b1_2024-01-18.pt.jpg
doi.org10.15468dl.6nxkw6.csv,Animalia,Arthropoda,Insecta,Lepidoptera,,,,,797,,Lepidoptera,Lepidoptera,Cerro_Hoya_Expedition_Hoya_606m_grisMejua_2025-01-26,grisMejua_2025_01_28__04_18_06_HDR0_0_Mothbot_yolo11m_4500_imgsz1600_b1_2024-01-18.pt.jpg,HS,Mothbot_yolo11m_4500_imgsz1600_b1_2024-01-18.pt,0.8362458348274231,,grisMejua,Cerro_Hoya_Expedition/Hoya_606m_grisMejua_2025-01-26/2025-01-27/patches/grisMejua_2025_01_28__04_18_06_HDR0_0_Mothbot_yolo11m_4500_imgsz1600_b1_2024-01-18.pt.jpg,ORDER_Lepidoptera,2025-01-28,04:18:06,,2025_01_28__04_18_06,MachineObservation,Cerro_Hoya_Expedition_Hoya_606m_grisMejua_2025-01-26_2025-01-27,Cerro_Hoya_Expedition_Hoya_606m_grisMejua_2025-01-26,grisMejua_2025_01_28__04_18_06_HDR0.jpg,grisMejua_2025_01_28__04_18_06_HDR0_0_Mothbot_yolo11m_4500_imgsz1600_b1_2024-01-18.pt.jpg
doi.org10.15468dl.6nxkw6.csv,Animalia,Arthropoda,Insecta,Lepidoptera,,,,,797,,Lepidoptera,Lepidoptera,Cerro_Hoya_Expedition_Hoya_606m_grisMejua_2025-01-26,grisMejua_2025_01_28__04_19_05_HDR0_0_Mothbot_yolo11m_4500_imgsz1600_b1_2024-01-18.pt.jpg,HS,Mothbot_yolo11m_4500_imgsz1600_b1_2024-01-18.pt,0.769440770149231,,grisMejua,Cerro_Hoya_Expedition/Hoya_606m_grisMejua_2025-01-26/2025-01-27/patches/grisMejua_2025_01_28__04_19_05_HDR0_0_Mothbot_yolo11m_4500_imgsz1600_b1_2024-01-18.pt.jpg,ORDER_Lepidoptera,2025-01-28,04:19:05,,2025_01_28__04_19_05,MachineObservation,Cerro_Hoya_Expedition_Hoya_606m_grisMejua_2025-01-26_2025-01-27,Cerro_Hoya_Expedition_Hoya_606m_grisMejua_2025-01-26,grisMejua_2025_01_28__04_19_05_HDR0.jpg,grisMejua_2025_01_28__04_19_05_HDR0_0_Mothbot_yolo11m_4500_imgsz1600_b1_2024-01-18.pt.jpg
doi.org10.15468dl.6nxkw6.csv,Animalia,Arthropoda,Insecta,Diptera,,,,,811,,Diptera,Diptera,Cerro_Hoya_Expedition_Hoya_606m_grisMejua_2025-01-26,grisMejua_2025_01_28__04_20_06_HDR0_0_Mothbot_yolo11m_4500_imgsz1600_b1_2024-01-18.pt.jpg,HS,Mothbot_yolo11m_4500_imgsz1600_b1_2024-01-18.pt,0.6728518605232239,,grisMejua,Cerro_Hoya_Expedition/Hoya_606m_grisMejua_2025-01-26/2025-01-27/patches/grisMejua_2025_01_28__04_20_06_HDR0_0_Mothbot_yolo11m_4500_imgsz1600_b1_2024-01-18.pt.jpg,ORDER_Diptera,2025-01-28,04:20:06,,2025_01_28__04_20_06,MachineObservation,Cerro_Hoya_Expedition_Hoya_606m_grisMejua_2025-01-26_2025-01-27,Cerro_Hoya_Expedition_Hoya_606m_grisMejua_2025-01-26,grisMejua_2025_01_28__04_20_06_HDR0.jpg,grisMejua_2025_01_28__04_20_06_HDR0_0_Mothbot_yolo11m_4500_imgsz1600_b1_2024-01-18.pt.jpg
doi.org10.15468dl.6nxkw6.csv,Animalia,Arthropoda,Insecta,Diptera,,,,,811,,Diptera,Diptera,Cerro_Hoya_Expedition_Hoya_606m_grisMejua_2025-01-26,grisMejua_2025_01_28__04_23_06_HDR0_0_Mothbot_yolo11m_4500_imgsz1600_b1_2024-01-18.pt.jpg,HS,Mothbot_yolo11m_4500_imgsz1600_b1_2024-01-18.pt,0.656696617603302,,grisMejua,Cerro_Hoya_Expedition/Hoya_606m_grisMejua_2025-01-26/2025-01-27/patches/grisMejua_2025_01_28__04_23_06_HDR0_0_Mothbot_yolo11m_4500_imgsz1600_b1_2024-01-18.pt.jpg,ORDER_Diptera,2025-01-28,04:23:06,,2025_01_28__04_23_06,MachineObservation,Cerro_Hoya_Expedition_Hoya_606m_grisMejua_2025-01-26_2025-01-27,Cerro_Hoya_Expedition_Hoya_606m_grisMejua_2025-01-26,grisMejua_2025_01_28__04_23_06_HDR0.jpg,grisMejua_2025_01_28__04_23_06_HDR0_0_Mothbot_yolo11m_4500_imgsz1600_b1_2024-01-18.pt.jpg
,,,,,,,,,,,,ERROR,Cerro_Hoya_Expedition_Hoya_606m_grisMejua_2025-01-26,grisMejua_2025_01_28__04_23_06_HDR0_1_Mothbot_yolo11m_4500_imgsz1600_b1_2024-01-18.pt.jpg,HS,Mothbot_yolo11m_4500_imgsz1600_b1_2024-01-18.pt,0.3167641758918762,,grisMejua,Cerro_Hoya_Expedition/Hoya_606m_grisMejua_2025-01-26/2025-01-27/patches/grisMejua_2025_01_28__04_23_06_HDR0_1_Mothbot_yolo11m_4500_imgsz1600_b1_2024-01-18.pt.jpg,ORDER_Hemiptera,2025-01-28,04:23:06,,2025_01_28__04_23_06,MachineObservation,Cerro_Hoya_Expedition_Hoya_606m_grisMejua_2025-01-26_2025-01-27,Cerro_Hoya_Expedition_Hoya_606m_grisMejua_2025-01-26,grisMejua_2025_01_28__04_23_06_HDR0.jpg,grisMejua_2025_01_28__04_23_06_HDR0_1_Mothbot_yolo11m_4500_imgsz1600_b1_2024-01-18.pt.jpg
doi.org10.15468dl.6nxkw6.csv,Animalia,Arthropoda,Insecta,Lepidoptera,,,,,797,,Lepidoptera,Lepidoptera,Cerro_Hoya_Expedition_Hoya_606m_grisMejua_2025-01-26,grisMejua_2025_01_28__04_25_06_HDR0_0_Mothbot_yolo11m_4500_imgsz1600_b1_2024-01-18.pt.jpg,HS,Mothbot_yolo11m_4500_imgsz1600_b1_2024-01-18.pt,0.8248698711395264,,grisMejua,Cerro_Hoya_Expedition/Hoya_606m_grisMejua_2025-01-26/2025-01-27/patches/grisMejua_2025_01_28__04_25_06_HDR0_0_Mothbot_yolo11m_4500_imgsz1600_b1_2024-01-18.pt.jpg,ORDER_Lepidoptera,2025-01-28,04:25:06,,2025_01_28__04_25_06,MachineObservation,Cerro_Hoya_Expedition_Hoya_606m_grisMejua_2025-01-26_2025-01-27,Cerro_Hoya_Expedition_Hoya_606m_grisMejua_2025-01-26,grisMejua_2025_01_28__04_25_06_HDR0.jpg,grisMejua_2025_01_28__04_25_06_HDR0_0_Mothbot_yolo11m_4500_imgsz1600_b1_2024-01-18.pt.jpg
doi.org10.15468dl.6nxkw6.csv,Animalia,Arthropoda,Insecta,Lepidoptera,,,,,797,,Lepidoptera,Lepidoptera,Cerro_Hoya_Expedition_Hoya_606m_grisMejua_2025-01-26,grisMejua_2025_01_28__04_26_05_HDR0_0_Mothbot_yolo11m_4500_imgsz1600_b1_2024-01-18.pt.jpg,HS,Mothbot_yolo11m_4500_imgsz1600_b1_2024-01-18.pt,0.8240397572517395,,grisMejua,Cerro_Hoya_Expedition/Hoya_606m_grisMejua_2025-01-26/2025-01-27/patches/grisMejua_2025_01_28__04_26_05_HDR0_0_Mothbot_yolo11m_4500_imgsz1600_b1_2024-01-18.pt.jpg,ORDER_Lepidoptera,2025-01-28,04:26:05,,2025_01_28__04_26_05,MachineObservation,Cerro_Hoya_Expedition_Hoya_606m_grisMejua_2025-01-26_2025-01-27,Cerro_Hoya_Expedition_Hoya_606m_grisMejua_2025-01-26,grisMejua_2025_01_28__04_26_05_HDR0.jpg,grisMejua_2025_01_28__04_26_05_HDR0_0_Mothbot_yolo11m_4500_imgsz1600_b1_2024-01-18.pt.jpg
doi.org10.15468dl.6nxkw6.csv,Animalia,Arthropoda,Insecta,Lepidoptera,,,,,797,,Lepidoptera,Lepidoptera,Cerro_Hoya_Expedition_Hoya_606m_grisMejua_2025-01-26,grisMejua_2025_01_28__04_29_22_HDR0_0_Mothbot_yolo11m_4500_imgsz1600_b1_2024-01-18.pt.jpg,HS,Mothbot_yolo11m_4500_imgsz1600_b1_2024-01-18.pt,0.8323663473129272,,grisMejua,Cerro_Hoya_Expedition/Hoya_606m_grisMejua_2025-01-26/2025-01-27/patches/grisMejua_2025_01_28__04_29_22_HDR0_0_Mothbot_yolo11m_4500_imgsz1600_b1_2024-01-18.pt.jpg,ORDER_Lepidoptera,2025-01-28,04:29:22,,2025_01_28__04_29_22,MachineObservation,Cerro_Hoya_Expedition_Hoya_606m_grisMejua_2025-01-26_2025-01-27,Cerro_Hoya_Expedition_Hoya_606m_grisMejua_2025-01-26,grisMejua_2025_01_28__04_29_22_HDR0.jpg,grisMejua_2025_01_28__04_29_22_HDR0_0_Mothbot_yolo11m_4500_imgsz1600_b1_2024-01-18.pt.jpg
doi.org10.15468dl.6nxkw6.csv,Animalia,Arthropoda,Insecta,Lepidoptera,,,,,797,,Lepidoptera,Lepidoptera,Cerro_Hoya_Expedition_Hoya_606m_grisMejua_2025-01-26,grisMejua_2025_01_28__04_30_06_HDR0_0_Mothbot_yolo11m_4500_imgsz1600_b1_2024-01-18.pt.jpg,HS,Mothbot_yolo11m_4500_imgsz1600_b1_2024-01-18.pt,0.8231203556060791,,grisMejua,Cerro_Hoya_Expedition/Hoya_606m_grisMejua_2025-01-26/2025-01-27/patches/grisMejua_2025_01_28__04_30_06_HDR0_0_Mothbot_yolo11m_4500_imgsz1600_b1_2024-01-18.pt.jpg,ORDER_Lepidoptera,2025-01-28,04:30:06,,2025_01_28__04_30_06,MachineObservation,Cerro_Hoya_Expedition_Hoya_606m_grisMejua_2025-01-26_2025-01-27,Cerro_Hoya_Expedition_Hoya_606m_grisMejua_2025-01-26,grisMejua_2025_01_28__04_30_06_HDR0.jpg,grisMejua_2025_01_28__04_30_06_HDR0_0_Mothbot_yolo11m_4500_imgsz1600_b1_2024-01-18.pt.jpg
doi.org10.15468dl.6nxkw6.csv,Animalia,Arthropoda,Insecta,Lepidoptera,,,,,797,,Lepidoptera,Lepidoptera,Cerro_Hoya_Expedition_Hoya_606m_grisMejua_2025-01-26,grisMejua_2025_01_28__04_31_06_HDR0_0_Mothbot_yolo11m_4500_imgsz1600_b1_2024-01-18.pt.jpg,HS,Mothbot_yolo11m_4500_imgsz1600_b1_2024-01-18.pt,0.8218953013420105,,grisMejua,Cerro_Hoya_Expedition/Hoya_606m_grisMejua_2025-01-26/2025-01-27/patches/grisMejua_2025_01_28__04_31_06_HDR0_0_Mothbot_yolo11m_4500_imgsz1600_b1_2024-01-18.pt.jpg,ORDER_Lepidoptera,2025-01-28,04:31:06,,2025_01_28__04_31_06,MachineObservation,Cerro_Hoya_Expedition_Hoya_606m_grisMejua_2025-01-26_2025-01-27,Cerro_Hoya_Expedition_Hoya_606m_grisMejua_2025-01-26,grisMejua_2025_01_28__04_31_06_HDR0.jpg,grisMejua_2025_01_28__04_31_06_HDR0_0_Mothbot_yolo11m_4500_imgsz1600_b1_2024-01-18.pt.jpg
doi.org10.15468dl.6nxkw6.csv,Animalia,Arthropoda,Insecta,Lepidoptera,,,,,797,,Lepidoptera,Lepidoptera,Cerro_Hoya_Expedition_Hoya_606m_grisMejua_2025-01-26,grisMejua_2025_01_28__04_32_06_HDR0_0_Mothbot_yolo11m_4500_imgsz1600_b1_2024-01-18.pt.jpg,HS,Mothbot_yolo11m_4500_imgsz1600_b1_2024-01-18.pt,0.8094438314437866,,grisMejua,Cerro_Hoya_Expedition/Hoya_606m_grisMejua_2025-01-26/2025-01-27/patches/grisMejua_2025_01_28__04_32_06_HDR0_0_Mothbot_yolo11m_4500_imgsz1600_b1_2024-01-18.pt.jpg,ORDER_Lepidoptera,2025-01-28,04:32:06,,2025_01_28__04_32_06,MachineObservation,Cerro_Hoya_Expedition_Hoya_606m_grisMejua_2025-01-26_2025-01-27,Cerro_Hoya_Expedition_Hoya_606m_grisMejua_2025-01-26,grisMejua_2025_01_28__04_32_06_HDR0.jpg,grisMejua_2025_01_28__04_32_06_HDR0_0_Mothbot_yolo11m_4500_imgsz1600_b1_2024-01-18.pt.jpg
doi.org10.15468dl.6nxkw6.csv,Animalia,Arthropoda,Insecta,Diptera,,,,,811,,Diptera,Diptera,Cerro_Hoya_Expedition_Hoya_606m_grisMejua_2025-01-26,grisMejua_2025_01_28__04_32_06_HDR0_1_Mothbot_yolo11m_4500_imgsz1600_b1_2024-01-18.pt.jpg,HS,Mothbot_yolo11m_4500_imgsz1600_b1_2024-01-18.pt,0.726478099822998,,grisMejua,Cerro_Hoya_Expedition/Hoya_606m_grisMejua_2025-01-26/2025-01-27/patches/grisMejua_2025_01_28__04_32_06_HDR0_1_Mothbot_yolo11m_4500_imgsz1600_b1_2024-01-18.pt.jpg,ORDER_Hymenoptera,2025-01-28,04:32:06,,2025_01_28__04_32_06,MachineObservation,Cerro_Hoya_Expedition_Hoya_606m_grisMejua_2025-01-26_2025-01-27,Cerro_Hoya_Expedition_Hoya_606m_grisMejua_2025-01-26,grisMejua_2025_01_28__04_32_06_HDR0.jpg,grisMejua_2025_01_28__04_32_06_HDR0_1_Mothbot_yolo11m_4500_imgsz1600_b1_2024-01-18.pt.jpg
doi.org10.15468dl.6nxkw6.csv,Animalia,Arthropoda,Insecta,Lepidoptera,,,,,797,,Lepidoptera,Lepidoptera,Cerro_Hoya_Expedition_Hoya_606m_grisMejua_2025-01-26,grisMejua_2025_01_28__04_33_06_HDR0_0_Mothbot_yolo11m_4500_imgsz1600_b1_2024-01-18.pt.jpg,HS,Mothbot_yolo11m_4500_imgsz1600_b1_2024-01-18.pt,0.8089832067489624,,grisMejua,Cerro_Hoya_Expedition/Hoya_606m_grisMejua_2025-01-26/2025-01-27/patches/grisMejua_2025_01_28__04_33_06_HDR0_0_Mothbot_yolo11m_4500_imgsz1600_b1_2024-01-18.pt.jpg,ORDER_Lepidoptera,2025-01-28,04:33:06,,2025_01_28__04_33_06,MachineObservation,Cerro_Hoya_Expedition_Hoya_606m_grisMejua_2025-01-26_2025-01-27,Cerro_Hoya_Expedition_Hoya_606m_grisMejua_2025-01-26,grisMejua_2025_01_28__04_33_06_HDR0.jpg,grisMejua_2025_01_28__04_33_06_HDR0_0_Mothbot_yolo11m_4500_imgsz1600_b1_2024-01-18.pt.jpg
doi.org10.15468dl.6nxkw6.csv,Animalia,Arthropoda,Insecta,Diptera,,,,,811,,Diptera,Diptera,Cerro_Hoya_Expedition_Hoya_606m_grisMejua_2025-01-26,grisMejua_2025_01_28__04_33_06_HDR0_1_Mothbot_yolo11m_4500_imgsz1600_b1_2024-01-18.pt.jpg,HS,Mothbot_yolo11m_4500_imgsz1600_b1_2024-01-18.pt,0.6579811573028564,,grisMejua,Cerro_Hoya_Expedition/Hoya_606m_grisMejua_2025-01-26/2025-01-27/patches/grisMejua_2025_01_28__04_33_06_HDR0_1_Mothbot_yolo11m_4500_imgsz1600_b1_2024-01-18.pt.jpg,ORDER_Diptera,2025-01-28,04:33:06,,2025_01_28__04_33_06,MachineObservation,Cerro_Hoya_Expedition_Hoya_606m_grisMejua_2025-01-26_2025-01-27,Cerro_Hoya_Expedition_Hoya_606m_grisMejua_2025-01-26,grisMejua_2025_01_28__04_33_06_HDR0.jpg,grisMejua_2025_01_28__04_33_06_HDR0_1_Mothbot_yolo11m_4500_imgsz1600_b1_2024-01-18.pt.jpg
doi.org10.15468dl.6nxkw6.csv,Animalia,Arthropoda,Insecta,Diptera,,,,,811,,Diptera,Diptera,Cerro_Hoya_Expedition_Hoya_606m_grisMejua_2025-01-26,grisMejua_2025_01_28__04_33_06_HDR0_2_Mothbot_yolo11m_4500_imgsz1600_b1_2024-01-18.pt.jpg,HS,Mothbot_yolo11m_4500_imgsz1600_b1_2024-01-18.pt,0.5655788779258728,,grisMejua,Cerro_Hoya_Expedition/Hoya_606m_grisMejua_2025-01-26/2025-01-27/patches/grisMejua_2025_01_28__04_33_06_HDR0_2_Mothbot_yolo11m_4500_imgsz1600_b1_2024-01-18.pt.jpg,ORDER_Hymenoptera,2025-01-28,04:33:06,,2025_01_28__04_33_06,MachineObservation,Cerro_Hoya_Expedition_Hoya_606m_grisMejua_2025-01-26_2025-01-27,Cerro_Hoya_Expedition_Hoya_606m_grisMejua_2025-01-26,grisMejua_2025_01_28__04_33_06_HDR0.jpg,grisMejua_2025_01_28__04_33_06_HDR0_2_Mothbot_yolo11m_4500_imgsz1600_b1_2024-01-18.pt.jpg
doi.org10.15468dl.6nxkw6.csv,Animalia,Arthropoda,Insecta,Lepidoptera,,,,,797,,Lepidoptera,Lepidoptera,Cerro_Hoya_Expedition_Hoya_606m_grisMejua_2025-01-26,grisMejua_2025_01_28__04_34_06_HDR0_0_Mothbot_yolo11m_4500_imgsz1600_b1_2024-01-18.pt.jpg,HS,Mothbot_yolo11m_4500_imgsz1600_b1_2024-01-18.pt,0.7857038378715515,,grisMejua,Cerro_Hoya_Expedition/Hoya_606m_grisMejua_2025-01-26/2025-01-27/patches/grisMejua_2025_01_28__04_34_06_HDR0_0_Mothbot_yolo11m_4500_imgsz1600_b1_2024-01-18.pt.jpg,ORDER_Lepidoptera,2025-01-28,04:34:06,,2025_01_28__04_34_06,MachineObservation,Cerro_Hoya_Expedition_Hoya_606m_grisMejua_2025-01-26_2025-01-27,Cerro_Hoya_Expedition_Hoya_606m_grisMejua_2025-01-26,grisMejua_2025_01_28__04_34_06_HDR0.jpg,grisMejua_2025_01_28__04_34_06_HDR0_0_Mothbot_yolo11m_4500_imgsz1600_b1_2024-01-18.pt.jpg
doi.org10.15468dl.6nxkw6.csv,Animalia,Arthropoda,Insecta,Lepidoptera,,,,,797,,Lepidoptera,Lepidoptera,Cerro_Hoya_Expedition_Hoya_606m_grisMejua_2025-01-26,grisMejua_2025_01_28__04_50_22_HDR0_0_Mothbot_yolo11m_4500_imgsz1600_b1_2024-01-18.pt.jpg,HS,Mothbot_yolo11m_4500_imgsz1600_b1_2024-01-18.pt,0.7963459491729736,,grisMejua,Cerro_Hoya_Expedition/Hoya_606m_grisMejua_2025-01-26/2025-01-27/patches/grisMejua_2025_01_28__04_50_22_HDR0_0_Mothbot_yolo11m_4500_imgsz1600_b1_2024-01-18.pt.jpg,ORDER_Lepidoptera,2025-01-28,04:50:22,,2025_01_28__04_50_22,MachineObservation,Cerro_Hoya_Expedition_Hoya_606m_grisMejua_2025-01-26_2025-01-27,Cerro_Hoya_Expedition_Hoya_606m_grisMejua_2025-01-26,grisMejua_2025_01_28__04_50_22_HDR0.jpg,grisMejua_2025_01_28__04_50_22_HDR0_0_Mothbot_yolo11m_4500_imgsz1600_b1_2024-01-18.pt.jpg
doi.org10.15468dl.6nxkw6.csv,Animalia,Arthropoda,Insecta,Diptera,,,,,811,,Diptera,Diptera,Cerro_Hoya_Expedition_Hoya_606m_grisMejua_2025-01-26,grisMejua_2025_01_28__04_52_05_HDR0_0_Mothbot_yolo11m_4500_imgsz1600_b1_2024-01-18.pt.jpg,HS,Mothbot_yolo11m_4500_imgsz1600_b1_2024-01-18.pt,0.6996294856071472,,grisMejua,Cerro_Hoya_Expedition/Hoya_606m_grisMejua_2025-01-26/2025-01-27/patches/grisMejua_2025_01_28__04_52_05_HDR0_0_Mothbot_yolo11m_4500_imgsz1600_b1_2024-01-18.pt.jpg,ORDER_Hymenoptera,2025-01-28,04:52:05,,2025_01_28__04_52_05,MachineObservation,Cerro_Hoya_Expedition_Hoya_606m_grisMejua_2025-01-26_2025-01-27,Cerro_Hoya_Expedition_Hoya_606m_grisMejua_2025-01-26,grisMejua_2025_01_28__04_52_05_HDR0.jpg,grisMejua_2025_01_28__04_52_05_HDR0_0_Mothbot_yolo11m_4500_imgsz1600_b1_2024-01-18.pt.jpg
doi.org10.15468dl.6nxkw6.csv,Animalia,Arthropoda,Insecta,,,,,,216,,Insecta,Insecta,Cerro_Hoya_Expedition_Hoya_606m_grisMejua_2025-01-26,grisMejua_2025_01_28__04_52_05_HDR0_1_Mothbot_yolo11m_4500_imgsz1600_b1_2024-01-18.pt.jpg,HS,Mothbot_yolo11m_4500_imgsz1600_b1_2024-01-18.pt,0.3364483714103699,,grisMejua,Cerro_Hoya_Expedition/Hoya_606m_grisMejua_2025-01-26/2025-01-27/patches/grisMejua_2025_01_28__04_52_05_HDR0_1_Mothbot_yolo11m_4500_imgsz1600_b1_2024-01-18.pt.jpg,ORDER_Coleoptera,2025-01-28,04:52:05,,2025_01_28__04_52_05,MachineObservation,Cerro_Hoya_Expedition_Hoya_606m_grisMejua_2025-01-26_2025-01-27,Cerro_Hoya_Expedition_Hoya_606m_grisMejua_2025-01-26,grisMejua_2025_01_28__04_52_05_HDR0.jpg,grisMejua_2025_01_28__04_52_05_HDR0_1_Mothbot_yolo11m_4500_imgsz1600_b1_2024-01-18.pt.jpg
doi.org10.15468dl.6nxkw6.csv,Animalia,Arthropoda,Insecta,Coleoptera,,,,,1470,,Coleoptera,Coleoptera,Cerro_Hoya_Expedition_Hoya_606m_grisMejua_2025-01-26,grisMejua_2025_01_28__04_53_06_HDR0_0_Mothbot_yolo11m_4500_imgsz1600_b1_2024-01-18.pt.jpg,HS,Mothbot_yolo11m_4500_imgsz1600_b1_2024-01-18.pt,0.735580563545227,,grisMejua,Cerro_Hoya_Expedition/Hoya_606m_grisMejua_2025-01-26/2025-01-27/patches/grisMejua_2025_01_28__04_53_06_HDR0_0_Mothbot_yolo11m_4500_imgsz1600_b1_2024-01-18.pt.jpg,ORDER_Hemiptera,2025-01-28,04:53:06,,2025_01_28__04_53_06,MachineObservation,Cerro_Hoya_Expedition_Hoya_606m_grisMejua_2025-01-26_2025-01-27,Cerro_Hoya_Expedition_Hoya_606m_grisMejua_2025-01-26,grisMejua_2025_01_28__04_53_06_HDR0.jpg,grisMejua_2025_01_28__04_53_06_HDR0_0_Mothbot_yolo11m_4500_imgsz1600_b1_2024-01-18.pt.jpg
,,,,,,,,,,,,ERROR,Cerro_Hoya_Expedition_Hoya_606m_grisMejua_2025-01-26,grisMejua_2025_01_28__04_53_06_HDR0_1_Mothbot_yolo11m_4500_imgsz1600_b1_2024-01-18.pt.jpg,HS,Mothbot_yolo11m_4500_imgsz1600_b1_2024-01-18.pt,0.2548762857913971,,grisMejua,Cerro_Hoya_Expedition/Hoya_606m_grisMejua_2025-01-26/2025-01-27/patches/grisMejua_2025_01_28__04_53_06_HDR0_1_Mothbot_yolo11m_4500_imgsz1600_b1_2024-01-18.pt.jpg,ORDER_Hymenoptera,2025-01-28,04:53:06,,2025_01_28__04_53_06,MachineObservation,Cerro_Hoya_Expedition_Hoya_606m_grisMejua_2025-01-26_2025-01-27,Cerro_Hoya_Expedition_Hoya_606m_grisMejua_2025-01-26,grisMejua_2025_01_28__04_53_06_HDR0.jpg,grisMejua_2025_01_28__04_53_06_HDR0_1_Mothbot_yolo11m_4500_imgsz1600_b1_2024-01-18.pt.jpg
doi.org10.15468dl.6nxkw6.csv,Animalia,Arthropoda,Insecta,Diptera,,,,,811,,Diptera,Diptera,Cerro_Hoya_Expedition_Hoya_606m_grisMejua_2025-01-26,grisMejua_2025_01_28__04_55_06_HDR0_0_Mothbot_yolo11m_4500_imgsz1600_b1_2024-01-18.pt.jpg,HS,Mothbot_yolo11m_4500_imgsz1600_b1_2024-01-18.pt,0.7225446105003357,,grisMejua,Cerro_Hoya_Expedition/Hoya_606m_grisMejua_2025-01-26/2025-01-27/patches/grisMejua_2025_01_28__04_55_06_HDR0_0_Mothbot_yolo11m_4500_imgsz1600_b1_2024-01-18.pt.jpg,ORDER_Diptera,2025-01-28,04:55:06,,2025_01_28__04_55_06,MachineObservation,Cerro_Hoya_Expedition_Hoya_606m_grisMejua_2025-01-26_2025-01-27,Cerro_Hoya_Expedition_Hoya_606m_grisMejua_2025-01-26,grisMejua_2025_01_28__04_55_06_HDR0.jpg,grisMejua_2025_01_28__04_55_06_HDR0_0_Mothbot_yolo11m_4500_imgsz1600_b1_2024-01-18.pt.jpg
doi.org10.15468dl.6nxkw6.csv,Animalia,Arthropoda,Insecta,Lepidoptera,,,,,797,,Lepidoptera,Lepidoptera,Cerro_Hoya_Expedition_Hoya_606m_grisMejua_2025-01-26,grisMejua_2025_01_28__04_57_22_HDR0_0_Mothbot_yolo11m_4500_imgsz1600_b1_2024-01-18.pt.jpg,HS,Mothbot_yolo11m_4500_imgsz1600_b1_2024-01-18.pt,0.8861719369888306,,grisMejua,Cerro_Hoya_Expedition/Hoya_606m_grisMejua_2025-01-26/2025-01-27/patches/grisMejua_2025_01_28__04_57_22_HDR0_0_Mothbot_yolo11m_4500_imgsz1600_b1_2024-01-18.pt.jpg,ORDER_Lepidoptera,2025-01-28,04:57:22,,2025_01_28__04_57_22,MachineObservation,Cerro_Hoya_Expedition_Hoya_606m_grisMejua_2025-01-26_2025-01-27,Cerro_Hoya_Expedition_Hoya_606m_grisMejua_2025-01-26,grisMejua_2025_01_28__04_57_22_HDR0.jpg,grisMejua_2025_01_28__04_57_22_HDR0_0_Mothbot_yolo11m_4500_imgsz1600_b1_2024-01-18.pt.jpg
doi.org10.15468dl.6nxkw6.csv,Animalia,Arthropoda,Insecta,Diptera,,,,,811,,Diptera,Diptera,Cerro_Hoya_Expedition_Hoya_606m_grisMejua_2025-01-26,grisMejua_2025_01_28__04_58_05_HDR0_0_Mothbot_yolo11m_4500_imgsz1600_b1_2024-01-18.pt.jpg,HS,Mothbot_yolo11m_4500_imgsz1600_b1_2024-01-18.pt,0.27009424567222595,,grisMejua,Cerro_Hoya_Expedition/Hoya_606m_grisMejua_2025-01-26/2025-01-27/patches/grisMejua_2025_01_28__04_58_05_HDR0_0_Mothbot_yolo11m_4500_imgsz1600_b1_2024-01-18.pt.jpg,ORDER_Hemiptera,2025-01-28,04:58:05,,2025_01_28__04_58_05,MachineObservation,Cerro_Hoya_Expedition_Hoya_606m_grisMejua_2025-01-26_2025-01-27,Cerro_Hoya_Expedition_Hoya_606m_grisMejua_2025-01-26,grisMejua_2025_01_28__04_58_05_HDR0.jpg,grisMejua_2025_01_28__04_58_05_HDR0_0_Mothbot_yolo11m_4500_imgsz1600_b1_2024-01-18.pt.jpg
doi.org10.15468dl.6nxkw6.csv,Animalia,Arthropoda,Insecta,Lepidoptera,,,,,797,,Lepidoptera,Lepidoptera,Cerro_Hoya_Expedition_Hoya_606m_grisMejua_2025-01-26,grisMejua_2025_01_28__04_59_06_HDR0_0_Mothbot_yolo11m_4500_imgsz1600_b1_2024-01-18.pt.jpg,HS,Mothbot_yolo11m_4500_imgsz1600_b1_2024-01-18.pt,0.7365427613258362,,grisMejua,Cerro_Hoya_Expedition/Hoya_606m_grisMejua_2025-01-26/2025-01-27/patches/grisMejua_2025_01_28__04_59_06_HDR0_0_Mothbot_yolo11m_4500_imgsz1600_b1_2024-01-18.pt.jpg,ORDER_Lepidoptera,2025-01-28,04:59:06,,2025_01_28__04_59_06,MachineObservation,Cerro_Hoya_Expedition_Hoya_606m_grisMejua_2025-01-26_2025-01-27,Cerro_Hoya_Expedition_Hoya_606m_grisMejua_2025-01-26,grisMejua_2025_01_28__04_59_06_HDR0.jpg,grisMejua_2025_01_28__04_59_06_HDR0_0_Mothbot_yolo11m_4500_imgsz1600_b1_2024-01-18.pt.jpg
doi.org10.15468dl.6nxkw6.csv,Animalia,Arthropoda,Insecta,Diptera,,,,,811,,Diptera,Diptera,Cerro_Hoya_Expedition_Hoya_606m_grisMejua_2025-01-26,grisMejua_2025_01_28__04_59_06_HDR0_1_Mothbot_yolo11m_4500_imgsz1600_b1_2024-01-18.pt.jpg,HS,Mothbot_yolo11m_4500_imgsz1600_b1_2024-01-18.pt,0.6837759017944336,,grisMejua,Cerro_Hoya_Expedition/Hoya_606m_grisMejua_2025-01-26/2025-01-27/patches/grisMejua_2025_01_28__04_59_06_HDR0_1_Mothbot_yolo11m_4500_imgsz1600_b1_2024-01-18.pt.jpg,ORDER_Diptera,2025-01-28,04:59:06,,2025_01_28__04_59_06,MachineObservation,Cerro_Hoya_Expedition_Hoya_606m_grisMejua_2025-01-26_2025-01-27,Cerro_Hoya_Expedition_Hoya_606m_grisMejua_2025-01-26,grisMejua_2025_01_28__04_59_06_HDR0.jpg,grisMejua_2025_01_28__04_59_06_HDR0_1_Mothbot_yolo11m_4500_imgsz1600_b1_2024-01-18.pt.jpg
doi.org10.15468dl.6nxkw6.csv,Animalia,Arthropoda,Insecta,Hemiptera,,,,,809,,Hemiptera,Hemiptera,Cerro_Hoya_Expedition_Hoya_606m_grisMejua_2025-01-26,grisMejua_2025_01_28__04_59_06_HDR0_2_Mothbot_yolo11m_4500_imgsz1600_b1_2024-01-18.pt.jpg,HS,Mothbot_yolo11m_4500_imgsz1600_b1_2024-01-18.pt,0.6313626766204834,,grisMejua,Cerro_Hoya_Expedition/Hoya_606m_grisMejua_2025-01-26/2025-01-27/patches/grisMejua_2025_01_28__04_59_06_HDR0_2_Mothbot_yolo11m_4500_imgsz1600_b1_2024-01-18.pt.jpg,ORDER_Hemiptera,2025-01-28,04:59:06,,2025_01_28__04_59_06,MachineObservation,Cerro_Hoya_Expedition_Hoya_606m_grisMejua_2025-01-26_2025-01-27,Cerro_Hoya_Expedition_Hoya_606m_grisMejua_2025-01-26,grisMejua_2025_01_28__04_59_06_HDR0.jpg,grisMejua_2025_01_28__04_59_06_HDR0_2_Mothbot_yolo11m_4500_imgsz1600_b1_2024-01-18.pt.jpg
doi.org10.15468dl.6nxkw6.csv,Animalia,Arthropoda,Insecta,Diptera,,,,,811,,Diptera,Diptera,Cerro_Hoya_Expedition_Hoya_606m_grisMejua_2025-01-26,grisMejua_2025_01_28__04_59_06_HDR0_3_Mothbot_yolo11m_4500_imgsz1600_b1_2024-01-18.pt.jpg,HS,Mothbot_yolo11m_4500_imgsz1600_b1_2024-01-18.pt,0.6009419560432434,,grisMejua,Cerro_Hoya_Expedition/Hoya_606m_grisMejua_2025-01-26/2025-01-27/patches/grisMejua_2025_01_28__04_59_06_HDR0_3_Mothbot_yolo11m_4500_imgsz1600_b1_2024-01-18.pt.jpg,ORDER_Diptera,2025-01-28,04:59:06,,2025_01_28__04_59_06,MachineObservation,Cerro_Hoya_Expedition_Hoya_606m_grisMejua_2025-01-26_2025-01-27,Cerro_Hoya_Expedition_Hoya_606m_grisMejua_2025-01-26,grisMejua_2025_01_28__04_59_06_HDR0.jpg,grisMejua_2025_01_28__04_59_06_HDR0_3_Mothbot_yolo11m_4500_imgsz1600_b1_2024-01-18.pt.jpg