species_list_doi,kingdom,phylum,class,order,family,genus,species,morphospecies,taxonID,commonName,scientificName,name,deployment,image_id,identifiedBy,detectionBy,detection_confidence,ID_confidence,mothbox,filepath,original_mothbox_identifciation,eventDate,eventTime,UTCOFFSET,verbatimEventDate,basisOfRecord,datasetID,parentEventID,eventID,occurrenceID
doi.org10.15468dl.6nxkw6.csv,Animalia,Arthropoda,Insecta,Diptera,,,,,811,,Diptera,Diptera,Cerro_Hoya_Expedition_Hoya_505m_prizeCrab_2025-01-26,prizeCrab_2025_01_26__19_10_06_HDR0_0_Mothbot_yolo11m_4500_imgsz1600_b1_2024-01-18.pt.jpg,HS,Mothbot_yolo11m_4500_imgsz1600_b1_2024-01-18.pt,0.49941548705101013,,prizeCrab,Cerro_Hoya_Expedition/Hoya_505m_prizeCrab_2025-01-26/2025-01-26/patches/prizeCrab_2025_01_26__19_10_06_HDR0_0_Mothbot_yolo11m_4500_imgsz1600_b1_2024-01-18.pt.jpg,ORDER_Diptera,2025-01-26,19:10:06,,2025_01_26__19_10_06,MachineObservation,Cerro_Hoya_Expedition_Hoya_505m_prizeCrab_2025-01-26_2025-01-26,Cerro_Hoya_Expedition_Hoya_505m_prizeCrab_2025-01-26,prizeCrab_2025_01_26__19_10_06_HDR0.jpg,prizeCrab_2025_01_26__19_10_06_HDR0_0_Mothbot_yolo11m_4500_imgsz1600_b1_2024-01-18.pt.jpg
doi.org10.15468dl.6nxkw6.csv,Animalia,Arthropoda,Insecta,Coleoptera,,,,,1470,,Coleoptera,Coleoptera,Cerro_Hoya_Expedition_Hoya_505m_prizeCrab_2025-01-26,prizeCrab_2025_01_26__19_10_06_HDR0_1_Mothbot_yolo11m_4500_imgsz1600_b1_2024-01-18.pt.jpg,HS,Mothbot_yolo11m_4500_imgsz1600_b1_2024-01-18.pt,0.4550156891345978,,prizeCrab,Cerro_Hoya_Expedition/Hoya_505m_prizeCrab_2025-01-26/2025-01-26/patches/prizeCrab_2025_01_26__19_10_06_HDR0_1_Mothbot_yolo11m_4500_imgsz1600_b1_2024-01-18.pt.jpg,ORDER_Coleoptera,2025-01-26,19:10:06,,2025_01_26__19_10_06,MachineObservation,Cerro_Hoya_Expedition_Hoya_505m_prizeCrab_2025-01-26_2025-01-26,Cerro_Hoya_Expedition_Hoya_505m_prizeCrab_2025-01-26,prizeCrab_2025_01_26__19_10_06_HDR0.jpg,prizeCrab_2025_01_26__19_10_06_HDR0_1_Mothbot_yolo11m_4500_imgsz1600_b1_2024-01-18.pt.jpg
doi.org10.15468dl.6nxkw6.csv,Animalia,Arthropoda,Insecta,Coleoptera,,,,,1470,,Coleoptera,Coleoptera,Cerro_Hoya_Expedition_Hoya_505m_prizeCrab_2025-01-26,prizeCrab_2025_01_26__19_13_06_HDR0_0_Mothbot_yolo11m_4500_imgsz1600_b1_2024-01-18.pt.jpg,HS,Mothbot_yolo11m_4500_imgsz1600_b1_2024-01-18.pt,0.4345565438270569,,prizeCrab,Cerro_Hoya_Expedition/Hoya_505m_prizeCrab_2025-01-26/2025-01-26/patches/prizeCrab_2025_01_26__19_13_06_HDR0_0_Mothbot_yolo11m_4500_imgsz1600_b1_2024-01-18.pt.jpg,ORDER_Coleoptera,2025-01-26,19:13:06,,2025_01_26__19_13_06,MachineObservation,Cerro_Hoya_Expedition_Hoya_505m_prizeCrab_2025-01-26_2025-01-26,Cerro_Hoya_Expedition_Hoya_505m_prizeCrab_2025-01-26,prizeCrab_2025_01_26__19_13_06_HDR0.jpg,prizeCrab_2025_01_26__19_13_06_HDR0_0_Mothbot_yolo11m_4500_imgsz1600_b1_2024-01-18.pt.jpg
doi.org10.15468dl.6nxkw6.csv,Animalia,Arthropoda,Insecta,Diptera,,,,,811,,Diptera,Diptera,Cerro_Hoya_Expedition_Hoya_505m_prizeCrab_2025-01-26,prizeCrab_2025_01_26__19_14_05_HDR0_0_Mothbot_yolo11m_4500_imgsz1600_b1_2024-01-18.pt.jpg,HS,Mothbot_yolo11m_4500_imgsz1600_b1_2024-01-18.pt,0.498218297958374,,prizeCrab,Cerro_Hoya_Expedition/Hoya_505m_prizeCrab_2025-01-26/2025-01-26/patches/prizeCrab_2025_01_26__19_14_05_HDR0_0_Mothbot_yolo11m_4500_imgsz1600_b1_2024-01-18.pt.jpg,ORDER_Diptera,2025-01-26,19:14:05,,2025_01_26__19_14_05,MachineObservation,Cerro_Hoya_Expedition_Hoya_505m_prizeCrab_2025-01-26_2025-01-26,Cerro_Hoya_Expedition_Hoya_505m_prizeCrab_2025-01-26,prizeCrab_2025_01_26__19_14_05_HDR0.jpg,prizeCrab_2025_01_26__19_14_05_HDR0_0_Mothbot_yolo11m_4500_imgsz1600_b1_2024-01-18.pt.jpg
doi.org10.15468dl.6nxkw6.csv,Animalia,Arthropoda,Insecta,Hemiptera,,,,,809,,Hemiptera,Hemiptera,Cerro_Hoya_Expedition_Hoya_505m_prizeCrab_2025-01-26,prizeCrab_2025_01_26__19_15_05_HDR0_0_Mothbot_yolo11m_4500_imgsz1600_b1_2024-01-18.pt.jpg,HS,Mothbot_yolo11m_4500_imgsz1600_b1_2024-01-18.pt,0.7001855373382568,,prizeCrab,Cerro_Hoya_Expedition/Hoya_505m_prizeCrab_2025-01-26/2025-01-26/patches/prizeCrab_2025_01_26__19_15_05_HDR0_0_Mothbot_yolo11m_4500_imgsz1600_b1_2024-01-18.pt.jpg,ORDER_Diptera,2025-01-26,19:15:05,,2025_01_26__19_15_05,MachineObservation,Cerro_Hoya_Expedition_Hoya_505m_prizeCrab_2025-01-26_2025-01-26,Cerro_Hoya_Expedition_Hoya_505m_prizeCrab_2025-01-26,prizeCrab_2025_01_26__19_15_05_HDR0.jpg,prizeCrab_2025_01_26__19_15_05_HDR0_0_Mothbot_yolo11m_4500_imgsz1600_b1_2024-01-18.pt.jpg
doi.org10.15468dl.6nxkw6.csv,Animalia,Arthropoda,Insecta,Hemiptera,Cicadellidae,,,,9647,,Cicadellidae,Cicadellidae,Cerro_Hoya_Expedition_Hoya_505m_prizeCrab_2025-01-26,prizeCrab_2025_01_26__19_15_05_HDR0_1_Mothbot_yolo11m_4500_imgsz1600_b1_2024-01-18.pt.jpg,HS,Mothbot_yolo11m_4500_imgsz1600_b1_2024-01-18.pt,0.5326896905899048,,prizeCrab,Cerro_Hoya_Expedition/Hoya_505m_prizeCrab_2025-01-26/2025-01-26/patches/prizeCrab_2025_01_26__19_15_05_HDR0_1_Mothbot_yolo11m_4500_imgsz1600_b1_2024-01-18.pt.jpg,ORDER_Lepidoptera,2025-01-26,19:15:05,,2025_01_26__19_15_05,MachineObservation,Cerro_Hoya_Expedition_Hoya_505m_prizeCrab_2025-01-26_2025-01-26,Cerro_Hoya_Expedition_Hoya_505m_prizeCrab_2025-01-26,prizeCrab_2025_01_26__19_15_05_HDR0.jpg,prizeCrab_2025_01_26__19_15_05_HDR0_1_Mothbot_yolo11m_4500_imgsz1600_b1_2024-01-18.pt.jpg
,,,,,,,,,,,,ERROR,Cerro_Hoya_Expedition_Hoya_505m_prizeCrab_2025-01-26,prizeCrab_2025_01_26__19_15_05_HDR0_2_Mothbot_yolo11m_4500_imgsz1600_b1_2024-01-18.pt.jpg,HS,Mothbot_yolo11m_4500_imgsz1600_b1_2024-01-18.pt,0.39305174350738525,,prizeCrab,Cerro_Hoya_Expedition/Hoya_505m_prizeCrab_2025-01-26/2025-01-26/patches/prizeCrab_2025_01_26__19_15_05_HDR0_2_Mothbot_yolo11m_4500_imgsz1600_b1_2024-01-18.pt.jpg,ORDER_Lepidoptera,2025-01-26,19:15:05,,2025_01_26__19_15_05,MachineObservation,Cerro_Hoya_Expedition_Hoya_505m_prizeCrab_2025-01-26_2025-01-26,Cerro_Hoya_Expedition_Hoya_505m_prizeCrab_2025-01-26,prizeCrab_2025_01_26__19_15_05_HDR0.jpg,prizeCrab_2025_01_26__19_15_05_HDR0_2_Mothbot_yolo11m_4500_imgsz1600_b1_2024-01-18.pt.jpg
doi.org10.15468dl.6nxkw6.csv,Animalia,Arthropoda,Insecta,Coleoptera,,,,,1470,,Coleoptera,Coleoptera,Cerro_Hoya_Expedition_Hoya_505m_prizeCrab_2025-01-26,prizeCrab_2025_01_26__19_15_05_HDR0_3_Mothbot_yolo11m_4500_imgsz1600_b1_2024-01-18.pt.jpg,HS,Mothbot_yolo11m_4500_imgsz1600_b1_2024-01-18.pt,0.30697059631347656,,prizeCrab,Cerro_Hoya_Expedition/Hoya_505m_prizeCrab_2025-01-26/2025-01-26/patches/prizeCrab_2025_01_26__19_15_05_HDR0_3_Mothbot_yolo11m_4500_imgsz1600_b1_2024-01-18.pt.jpg,ORDER_Coleoptera,2025-01-26,19:15:05,,2025_01_26__19_15_05,MachineObservation,Cerro_Hoya_Expedition_Hoya_505m_prizeCrab_2025-01-26_2025-01-26,Cerro_Hoya_Expedition_Hoya_505m_prizeCrab_2025-01-26,prizeCrab_2025_01_26__19_15_05_HDR0.jpg,prizeCrab_2025_01_26__19_15_05_HDR0_3_Mothbot_yolo11m_4500_imgsz1600_b1_2024-01-18.pt.jpg
doi.org10.15468dl.6nxkw6.csv,Animalia,Arthropoda,Insecta,Hemiptera,Cicadellidae,,,,9647,,Cicadellidae,Cicadellidae,Cerro_Hoya_Expedition_Hoya_505m_prizeCrab_2025-01-26,prizeCrab_2025_01_26__19_16_22_HDR0_0_Mothbot_yolo11m_4500_imgsz1600_b1_2024-01-18.pt.jpg,HS,Mothbot_yolo11m_4500_imgsz1600_b1_2024-01-18.pt,0.7011692523956299,,prizeCrab,Cerro_Hoya_Expedition/Hoya_505m_prizeCrab_2025-01-26/2025-01-26/patches/prizeCrab_2025_01_26__19_16_22_HDR0_0_Mothbot_yolo11m_4500_imgsz1600_b1_2024-01-18.pt.jpg,ORDER_Hemiptera,2025-01-26,19:16:22,,2025_01_26__19_16_22,MachineObservation,Cerro_Hoya_Expedition_Hoya_505m_prizeCrab_2025-01-26_2025-01-26,Cerro_Hoya_Expedition_Hoya_505m_prizeCrab_2025-01-26,prizeCrab_2025_01_26__19_16_22_HDR0.jpg,prizeCrab_2025_01_26__19_16_22_HDR0_0_Mothbot_yolo11m_4500_imgsz1600_b1_2024-01-18.pt.jpg
doi.org10.15468dl.6nxkw6.csv,Animalia,Arthropoda,Insecta,Lepidoptera,,,,,797,,Lepidoptera,Lepidoptera,Cerro_Hoya_Expedition_Hoya_505m_prizeCrab_2025-01-26,prizeCrab_2025_01_26__19_16_22_HDR0_1_Mothbot_yolo11m_4500_imgsz1600_b1_2024-01-18.pt.jpg,HS,Mothbot_yolo11m_4500_imgsz1600_b1_2024-01-18.pt,0.597154974937439,,prizeCrab,Cerro_Hoya_Expedition/Hoya_505m_prizeCrab_2025-01-26/2025-01-26/patches/prizeCrab_2025_01_26__19_16_22_HDR0_1_Mothbot_yolo11m_4500_imgsz1600_b1_2024-01-18.pt.jpg,ORDER_Lepidoptera,2025-01-26,19:16:22,,2025_01_26__19_16_22,MachineObservation,Cerro_Hoya_Expedition_Hoya_505m_prizeCrab_2025-01-26_2025-01-26,Cerro_Hoya_Expedition_Hoya_505m_prizeCrab_2025-01-26,prizeCrab_2025_01_26__19_16_22_HDR0.jpg,prizeCrab_2025_01_26__19_16_22_HDR0_1_Mothbot_yolo11m_4500_imgsz1600_b1_2024-01-18.pt.jpg
doi.org10.15468dl.6nxkw6.csv,Animalia,Arthropoda,Insecta,Hemiptera,Cicadellidae,,,,9647,,Cicadellidae,Cicadellidae,Cerro_Hoya_Expedition_Hoya_505m_prizeCrab_2025-01-26,prizeCrab_2025_01_26__19_16_22_HDR0_2_Mothbot_yolo11m_4500_imgsz1600_b1_2024-01-18.pt.jpg,HS,Mothbot_yolo11m_4500_imgsz1600_b1_2024-01-18.pt,0.5730282068252563,,prizeCrab,Cerro_Hoya_Expedition/Hoya_505m_prizeCrab_2025-01-26/2025-01-26/patches/prizeCrab_2025_01_26__19_16_22_HDR0_2_Mothbot_yolo11m_4500_imgsz1600_b1_2024-01-18.pt.jpg,ORDER_Hemiptera,2025-01-26,19:16:22,,2025_01_26__19_16_22,MachineObservation,Cerro_Hoya_Expedition_Hoya_505m_prizeCrab_2025-01-26_2025-01-26,Cerro_Hoya_Expedition_Hoya_505m_prizeCrab_2025-01-26,prizeCrab_2025_01_26__19_16_22_HDR0.jpg,prizeCrab_2025_01_26__19_16_22_HDR0_2_Mothbot_yolo11m_4500_imgsz1600_b1_2024-01-18.pt.jpg
doi.org10.15468dl.6nxkw6.csv,Animalia,Arthropoda,Insecta,Hemiptera,Cicadellidae,,,,9647,,Cicadellidae,Cicadellidae,Cerro_Hoya_Expedition_Hoya_505m_prizeCrab_2025-01-26,prizeCrab_2025_01_26__19_17_06_HDR0_0_Mothbot_yolo11m_4500_imgsz1600_b1_2024-01-18.pt.jpg,HS,Mothbot_yolo11m_4500_imgsz1600_b1_2024-01-18.pt,0.7058238983154297,,prizeCrab,Cerro_Hoya_Expedition/Hoya_505m_prizeCrab_2025-01-26/2025-01-26/patches/prizeCrab_2025_01_26__19_17_06_HDR0_0_Mothbot_yolo11m_4500_imgsz1600_b1_2024-01-18.pt.jpg,ORDER_Hemiptera,2025-01-26,19:17:06,,2025_01_26__19_17_06,MachineObservation,Cerro_Hoya_Expedition_Hoya_505m_prizeCrab_2025-01-26_2025-01-26,Cerro_Hoya_Expedition_Hoya_505m_prizeCrab_2025-01-26,prizeCrab_2025_01_26__19_17_06_HDR0.jpg,prizeCrab_2025_01_26__19_17_06_HDR0_0_Mothbot_yolo11m_4500_imgsz1600_b1_2024-01-18.pt.jpg
doi.org10.15468dl.6nxkw6.csv,Animalia,Arthropoda,Insecta,Diptera,,,,,811,,Diptera,Diptera,Cerro_Hoya_Expedition_Hoya_505m_prizeCrab_2025-01-26,prizeCrab_2025_01_26__19_17_06_HDR0_1_Mothbot_yolo11m_4500_imgsz1600_b1_2024-01-18.pt.jpg,HS,Mothbot_yolo11m_4500_imgsz1600_b1_2024-01-18.pt,0.6901701092720032,,prizeCrab,Cerro_Hoya_Expedition/Hoya_505m_prizeCrab_2025-01-26/2025-01-26/patches/prizeCrab_2025_01_26__19_17_06_HDR0_1_Mothbot_yolo11m_4500_imgsz1600_b1_2024-01-18.pt.jpg,ORDER_Diptera,2025-01-26,19:17:06,,2025_01_26__19_17_06,MachineObservation,Cerro_Hoya_Expedition_Hoya_505m_prizeCrab_2025-01-26_2025-01-26,Cerro_Hoya_Expedition_Hoya_505m_prizeCrab_2025-01-26,prizeCrab_2025_01_26__19_17_06_HDR0.jpg,prizeCrab_2025_01_26__19_17_06_HDR0_1_Mothbot_yolo11m_4500_imgsz1600_b1_2024-01-18.pt.jpg
doi.org10.15468dl.6nxkw6.csv,Animalia,Arthropoda,Insecta,Hemiptera,Cicadellidae,,,,9647,,Cicadellidae,Cicadellidae,Cerro_Hoya_Expedition_Hoya_505m_prizeCrab_2025-01-26,prizeCrab_2025_01_26__19_17_06_HDR0_2_Mothbot_yolo11m_4500_imgsz1600_b1_2024-01-18.pt.jpg,HS,Mothbot_yolo11m_4500_imgsz1600_b1_2024-01-18.pt,0.5857825875282288,,prizeCrab,Cerro_Hoya_Expedition/Hoya_505m_prizeCrab_2025-01-26/2025-01-26/patches/prizeCrab_2025_01_26__19_17_06_HDR0_2_Mothbot_yolo11m_4500_imgsz1600_b1_2024-01-18.pt.jpg,ORDER_Diptera,2025-01-26,19:17:06,,2025_01_26__19_17_06,MachineObservation,Cerro_Hoya_Expedition_Hoya_505m_prizeCrab_2025-01-26_2025-01-26,Cerro_Hoya_Expedition_Hoya_505m_prizeCrab_2025-01-26,prizeCrab_2025_01_26__19_17_06_HDR0.jpg,prizeCrab_2025_01_26__19_17_06_HDR0_2_Mothbot_yolo11m_4500_imgsz1600_b1_2024-01-18.pt.jpg
doi.org10.15468dl.6nxkw6.csv,Animalia,Arthropoda,Insecta,Hemiptera,,,,,809,,Hemiptera,Hemiptera,Cerro_Hoya_Expedition_Hoya_505m_prizeCrab_2025-01-26,prizeCrab_2025_01_26__19_18_06_HDR0_0_Mothbot_yolo11m_4500_imgsz1600_b1_2024-01-18.pt.jpg,HS,Mothbot_yolo11m_4500_imgsz1600_b1_2024-01-18.pt,0.6696456074714661,,prizeCrab,Cerro_Hoya_Expedition/Hoya_505m_prizeCrab_2025-01-26/2025-01-26/patches/prizeCrab_2025_01_26__19_18_06_HDR0_0_Mothbot_yolo11m_4500_imgsz1600_b1_2024-01-18.pt.jpg,ORDER_Diptera,2025-01-26,19:18:06,,2025_01_26__19_18_06,MachineObservation,Cerro_Hoya_Expedition_Hoya_505m_prizeCrab_2025-01-26_2025-01-26,Cerro_Hoya_Expedition_Hoya_505m_prizeCrab_2025-01-26,prizeCrab_2025_01_26__19_18_06_HDR0.jpg,prizeCrab_2025_01_26__19_18_06_HDR0_0_Mothbot_yolo11m_4500_imgsz1600_b1_2024-01-18.pt.jpg
doi.org10.15468dl.6nxkw6.csv,Animalia,Arthropoda,Insecta,Hemiptera,Cicadellidae,,,,9647,,Cicadellidae,Cicadellidae,Cerro_Hoya_Expedition_Hoya_505m_prizeCrab_2025-01-26,prizeCrab_2025_01_26__19_18_06_HDR0_1_Mothbot_yolo11m_4500_imgsz1600_b1_2024-01-18.pt.jpg,HS,Mothbot_yolo11m_4500_imgsz1600_b1_2024-01-18.pt,0.6404045820236206,,prizeCrab,Cerro_Hoya_Expedition/Hoya_505m_prizeCrab_2025-01-26/2025-01-26/patches/prizeCrab_2025_01_26__19_18_06_HDR0_1_Mothbot_yolo11m_4500_imgsz1600_b1_2024-01-18.pt.jpg,ORDER_Diptera,2025-01-26,19:18:06,,2025_01_26__19_18_06,MachineObservation,Cerro_Hoya_Expedition_Hoya_505m_prizeCrab_2025-01-26_2025-01-26,Cerro_Hoya_Expedition_Hoya_505m_prizeCrab_2025-01-26,prizeCrab_2025_01_26__19_18_06_HDR0.jpg,prizeCrab_2025_01_26__19_18_06_HDR0_1_Mothbot_yolo11m_4500_imgsz1600_b1_2024-01-18.pt.jpg
doi.org10.15468dl.6nxkw6.csv,Animalia,Arthropoda,Insecta,Hemiptera,,,,,809,,Hemiptera,Hemiptera,Cerro_Hoya_Expedition_Hoya_505m_prizeCrab_2025-01-26,prizeCrab_2025_01_26__19_19_05_HDR0_0_Mothbot_yolo11m_4500_imgsz1600_b1_2024-01-18.pt.jpg,HS,Mothbot_yolo11m_4500_imgsz1600_b1_2024-01-18.pt,0.6807548999786377,,prizeCrab,Cerro_Hoya_Expedition/Hoya_505m_prizeCrab_2025-01-26/2025-01-26/patches/prizeCrab_2025_01_26__19_19_05_HDR0_0_Mothbot_yolo11m_4500_imgsz1600_b1_2024-01-18.pt.jpg,ORDER_Diptera,2025-01-26,19:19:05,,2025_01_26__19_19_05,MachineObservation,Cerro_Hoya_Expedition_Hoya_505m_prizeCrab_2025-01-26_2025-01-26,Cerro_Hoya_Expedition_Hoya_505m_prizeCrab_2025-01-26,prizeCrab_2025_01_26__19_19_05_HDR0.jpg,prizeCrab_2025_01_26__19_19_05_HDR0_0_Mothbot_yolo11m_4500_imgsz1600_b1_2024-01-18.pt.jpg
doi.org10.15468dl.6nxkw6.csv,Animalia,Arthropoda,Insecta,Hemiptera,,,,,809,,Hemiptera,Hemiptera,Cerro_Hoya_Expedition_Hoya_505m_prizeCrab_2025-01-26,prizeCrab_2025_01_26__19_19_05_HDR0_1_Mothbot_yolo11m_4500_imgsz1600_b1_2024-01-18.pt.jpg,HS,Mothbot_yolo11m_4500_imgsz1600_b1_2024-01-18.pt,0.6590352654457092,,prizeCrab,Cerro_Hoya_Expedition/Hoya_505m_prizeCrab_2025-01-26/2025-01-26/patches/prizeCrab_2025_01_26__19_19_05_HDR0_1_Mothbot_yolo11m_4500_imgsz1600_b1_2024-01-18.pt.jpg,ORDER_Diptera,2025-01-26,19:19:05,,2025_01_26__19_19_05,MachineObservation,Cerro_Hoya_Expedition_Hoya_505m_prizeCrab_2025-01-26_2025-01-26,Cerro_Hoya_Expedition_Hoya_505m_prizeCrab_2025-01-26,prizeCrab_2025_01_26__19_19_05_HDR0.jpg,prizeCrab_2025_01_26__19_19_05_HDR0_1_Mothbot_yolo11m_4500_imgsz1600_b1_2024-01-18.pt.jpg
doi.org10.15468dl.6nxkw6.csv,Animalia,Arthropoda,Insecta,Coleoptera,,,,,1470,,Coleoptera,Coleoptera,Cerro_Hoya_Expedition_Hoya_505m_prizeCrab_2025-01-26,prizeCrab_2025_01_26__19_19_05_HDR0_2_Mothbot_yolo11m_4500_imgsz1600_b1_2024-01-18.pt.jpg,HS,Mothbot_yolo11m_4500_imgsz1600_b1_2024-01-18.pt,0.25963374972343445,,prizeCrab,Cerro_Hoya_Expedition/Hoya_505m_prizeCrab_2025-01-26/2025-01-26/patches/prizeCrab_2025_01_26__19_19_05_HDR0_2_Mothbot_yolo11m_4500_imgsz1600_b1_2024-01-18.pt.jpg,ORDER_Coleoptera,2025-01-26,19:19:05,,2025_01_26__19_19_05,MachineObservation,Cerro_Hoya_Expedition_Hoya_505m_prizeCrab_2025-01-26_2025-01-26,Cerro_Hoya_Expedition_Hoya_505m_prizeCrab_2025-01-26,prizeCrab_2025_01_26__19_19_05_HDR0.jpg,prizeCrab_2025_01_26__19_19_05_HDR0_2_Mothbot_yolo11m_4500_imgsz1600_b1_2024-01-18.pt.jpg
doi.org10.15468dl.6nxkw6.csv,Animalia,Arthropoda,Insecta,Hemiptera,Cicadellidae,,,,9647,,Cicadellidae,Cicadellidae,Cerro_Hoya_Expedition_Hoya_505m_prizeCrab_2025-01-26,prizeCrab_2025_01_26__19_20_05_HDR0_0_Mothbot_yolo11m_4500_imgsz1600_b1_2024-01-18.pt.jpg,HS,Mothbot_yolo11m_4500_imgsz1600_b1_2024-01-18.pt,0.6743593215942383,,prizeCrab,Cerro_Hoya_Expedition/Hoya_505m_prizeCrab_2025-01-26/2025-01-26/patches/prizeCrab_2025_01_26__19_20_05_HDR0_0_Mothbot_yolo11m_4500_imgsz1600_b1_2024-01-18.pt.jpg,ORDER_Diptera,2025-01-26,19:20:05,,2025_01_26__19_20_05,MachineObservation,Cerro_Hoya_Expedition_Hoya_505m_prizeCrab_2025-01-26_2025-01-26,Cerro_Hoya_Expedition_Hoya_505m_prizeCrab_2025-01-26,prizeCrab_2025_01_26__19_20_05_HDR0.jpg,prizeCrab_2025_01_26__19_20_05_HDR0_0_Mothbot_yolo11m_4500_imgsz1600_b1_2024-01-18.pt.jpg
doi.org10.15468dl.6nxkw6.csv,Animalia,Arthropoda,Insecta,Hemiptera,Cicadellidae,,,,9647,,Cicadellidae,Cicadellidae,Cerro_Hoya_Expedition_Hoya_505m_prizeCrab_2025-01-26,prizeCrab_2025_01_26__19_20_05_HDR0_1_Mothbot_yolo11m_4500_imgsz1600_b1_2024-01-18.pt.jpg,HS,Mothbot_yolo11m_4500_imgsz1600_b1_2024-01-18.pt,0.6729390025138855,,prizeCrab,Cerro_Hoya_Expedition/Hoya_505m_prizeCrab_2025-01-26/2025-01-26/patches/prizeCrab_2025_01_26__19_20_05_HDR0_1_Mothbot_yolo11m_4500_imgsz1600_b1_2024-01-18.pt.jpg,ORDER_Lepidoptera,2025-01-26,19:20:05,,2025_01_26__19_20_05,MachineObservation,Cerro_Hoya_Expedition_Hoya_505m_prizeCrab_2025-01-26_2025-01-26,Cerro_Hoya_Expedition_Hoya_505m_prizeCrab_2025-01-26,prizeCrab_2025_01_26__19_20_05_HDR0.jpg,prizeCrab_2025_01_26__19_20_05_HDR0_1_Mothbot_yolo11m_4500_imgsz1600_b1_2024-01-18.pt.jpg
doi.org10.15468dl.6nxkw6.csv,Animalia,Arthropoda,Insecta,Hemiptera,Cicadellidae,,,,9647,,Cicadellidae,Cicadellidae,Cerro_Hoya_Expedition_Hoya_505m_prizeCrab_2025-01-26,prizeCrab_2025_01_26__19_21_06_HDR0_0_Mothbot_yolo11m_4500_imgsz1600_b1_2024-01-18.pt.jpg,HS,Mothbot_yolo11m_4500_imgsz1600_b1_2024-01-18.pt,0.670603334903717,,prizeCrab,Cerro_Hoya_Expedition/Hoya_505m_prizeCrab_2025-01-26/2025-01-26/patches/prizeCrab_2025_01_26__19_21_06_HDR0_0_Mothbot_yolo11m_4500_imgsz1600_b1_2024-01-18.pt.jpg,ORDER_Lepidoptera,2025-01-26,19:21:06,,2025_01_26__19_21_06,MachineObservation,Cerro_Hoya_Expedition_Hoya_505m_prizeCrab_2025-01-26_2025-01-26,Cerro_Hoya_Expedition_Hoya_505m_prizeCrab_2025-01-26,prizeCrab_2025_01_26__19_21_06_HDR0.jpg,prizeCrab_2025_01_26__19_21_06_HDR0_0_Mothbot_yolo11m_4500_imgsz1600_b1_2024-01-18.pt.jpg
doi.org10.15468dl.6nxkw6.csv,Animalia,Arthropoda,Insecta,Hemiptera,Cicadellidae,,,,9647,,Cicadellidae,Cicadellidae,Cerro_Hoya_Expedition_Hoya_505m_prizeCrab_2025-01-26,prizeCrab_2025_01_26__19_21_06_HDR0_1_Mothbot_yolo11m_4500_imgsz1600_b1_2024-01-18.pt.jpg,HS,Mothbot_yolo11m_4500_imgsz1600_b1_2024-01-18.pt,0.6670076847076416,,prizeCrab,Cerro_Hoya_Expedition/Hoya_505m_prizeCrab_2025-01-26/2025-01-26/patches/prizeCrab_2025_01_26__19_21_06_HDR0_1_Mothbot_yolo11m_4500_imgsz1600_b1_2024-01-18.pt.jpg,ORDER_Trichoptera,2025-01-26,19:21:06,,2025_01_26__19_21_06,MachineObservation,Cerro_Hoya_Expedition_Hoya_505m_prizeCrab_2025-01-26_2025-01-26,Cerro_Hoya_Expedition_Hoya_505m_prizeCrab_2025-01-26,prizeCrab_2025_01_26__19_21_06_HDR0.jpg,prizeCrab_2025_01_26__19_21_06_HDR0_1_Mothbot_yolo11m_4500_imgsz1600_b1_2024-01-18.pt.jpg
doi.org10.15468dl.6nxkw6.csv,Animalia,Arthropoda,Insecta,Hemiptera,,,,,809,,Hemiptera,Hemiptera,Cerro_Hoya_Expedition_Hoya_505m_prizeCrab_2025-01-26,prizeCrab_2025_01_26__19_22_06_HDR0_0_Mothbot_yolo11m_4500_imgsz1600_b1_2024-01-18.pt.jpg,HS,Mothbot_yolo11m_4500_imgsz1600_b1_2024-01-18.pt,0.6695418953895569,,prizeCrab,Cerro_Hoya_Expedition/Hoya_505m_prizeCrab_2025-01-26/2025-01-26/patches/prizeCrab_2025_01_26__19_22_06_HDR0_0_Mothbot_yolo11m_4500_imgsz1600_b1_2024-01-18.pt.jpg,ORDER_Hemiptera,2025-01-26,19:22:06,,2025_01_26__19_22_06,MachineObservation,Cerro_Hoya_Expedition_Hoya_505m_prizeCrab_2025-01-26_2025-01-26,Cerro_Hoya_Expedition_Hoya_505m_prizeCrab_2025-01-26,prizeCrab_2025_01_26__19_22_06_HDR0.jpg,prizeCrab_2025_01_26__19_22_06_HDR0_0_Mothbot_yolo11m_4500_imgsz1600_b1_2024-01-18.pt.jpg
doi.org10.15468dl.6nxkw6.csv,Animalia,Arthropoda,Insecta,Hemiptera,Cicadellidae,,,,9647,,Cicadellidae,Cicadellidae,Cerro_Hoya_Expedition_Hoya_505m_prizeCrab_2025-01-26,prizeCrab_2025_01_26__19_22_06_HDR0_1_Mothbot_yolo11m_4500_imgsz1600_b1_2024-01-18.pt.jpg,HS,Mothbot_yolo11m_4500_imgsz1600_b1_2024-01-18.pt,0.6487599015235901,,prizeCrab,Cerro_Hoya_Expedition/Hoya_505m_prizeCrab_2025-01-26/2025-01-26/patches/prizeCrab_2025_01_26__19_22_06_HDR0_1_Mothbot_yolo11m_4500_imgsz1600_b1_2024-01-18.pt.jpg,ORDER_Lepidoptera,2025-01-26,19:22:06,,2025_01_26__19_22_06,MachineObservation,Cerro_Hoya_Expedition_Hoya_505m_prizeCrab_2025-01-26_2025-01-26,Cerro_Hoya_Expedition_Hoya_505m_prizeCrab_2025-01-26,prizeCrab_2025_01_26__19_22_06_HDR0.jpg,prizeCrab_2025_01_26__19_22_06_HDR0_1_Mothbot_yolo11m_4500_imgsz1600_b1_2024-01-18.pt.jpg
doi.org10.15468dl.6nxkw6.csv,Animalia,Arthropoda,Insecta,Hemiptera,,,,,809,,Hemiptera,Hemiptera,Cerro_Hoya_Expedition_Hoya_505m_prizeCrab_2025-01-26,prizeCrab_2025_01_26__19_23_22_HDR0_0_Mothbot_yolo11m_4500_imgsz1600_b1_2024-01-18.pt.jpg,HS,Mothbot_yolo11m_4500_imgsz1600_b1_2024-01-18.pt,0.6476641893386841,,prizeCrab,Cerro_Hoya_Expedition/Hoya_505m_prizeCrab_2025-01-26/2025-01-26/patches/prizeCrab_2025_01_26__19_23_22_HDR0_0_Mothbot_yolo11m_4500_imgsz1600_b1_2024-01-18.pt.jpg,ORDER_Hemiptera,2025-01-26,19:23:22,,2025_01_26__19_23_22,MachineObservation,Cerro_Hoya_Expedition_Hoya_505m_prizeCrab_2025-01-26_2025-01-26,Cerro_Hoya_Expedition_Hoya_505m_prizeCrab_2025-01-26,prizeCrab_2025_01_26__19_23_22_HDR0.jpg,prizeCrab_2025_01_26__19_23_22_HDR0_0_Mothbot_yolo11m_4500_imgsz1600_b1_2024-01-18.pt.jpg
doi.org10.15468dl.6nxkw6.csv,Animalia,Arthropoda,Insecta,Hemiptera,Cicadellidae,,,,9647,,Cicadellidae,Cicadellidae,Cerro_Hoya_Expedition_Hoya_505m_prizeCrab_2025-01-26,prizeCrab_2025_01_26__19_23_22_HDR0_1_Mothbot_yolo11m_4500_imgsz1600_b1_2024-01-18.pt.jpg,HS,Mothbot_yolo11m_4500_imgsz1600_b1_2024-01-18.pt,0.5409307479858398,,prizeCrab,Cerro_Hoya_Expedition/Hoya_505m_prizeCrab_2025-01-26/2025-01-26/patches/prizeCrab_2025_01_26__19_23_22_HDR0_1_Mothbot_yolo11m_4500_imgsz1600_b1_2024-01-18.pt.jpg,ORDER_Coleoptera,2025-01-26,19:23:22,,2025_01_26__19_23_22,MachineObservation,Cerro_Hoya_Expedition_Hoya_505m_prizeCrab_2025-01-26_2025-01-26,Cerro_Hoya_Expedition_Hoya_505m_prizeCrab_2025-01-26,prizeCrab_2025_01_26__19_23_22_HDR0.jpg,prizeCrab_2025_01_26__19_23_22_HDR0_1_Mothbot_yolo11m_4500_imgsz1600_b1_2024-01-18.pt.jpg
doi.org10.15468dl.6nxkw6.csv,Animalia,Arthropoda,Insecta,Hemiptera,,,,,809,,Hemiptera,Hemiptera,Cerro_Hoya_Expedition_Hoya_505m_prizeCrab_2025-01-26,prizeCrab_2025_01_26__19_24_06_HDR0_0_Mothbot_yolo11m_4500_imgsz1600_b1_2024-01-18.pt.jpg,HS,Mothbot_yolo11m_4500_imgsz1600_b1_2024-01-18.pt,0.6657260060310364,,prizeCrab,Cerro_Hoya_Expedition/Hoya_505m_prizeCrab_2025-01-26/2025-01-26/patches/prizeCrab_2025_01_26__19_24_06_HDR0_0_Mothbot_yolo11m_4500_imgsz1600_b1_2024-01-18.pt.jpg,ORDER_Diptera,2025-01-26,19:24:06,,2025_01_26__19_24_06,MachineObservation,Cerro_Hoya_Expedition_Hoya_505m_prizeCrab_2025-01-26_2025-01-26,Cerro_Hoya_Expedition_Hoya_505m_prizeCrab_2025-01-26,prizeCrab_2025_01_26__19_24_06_HDR0.jpg,prizeCrab_2025_01_26__19_24_06_HDR0_0_Mothbot_yolo11m_4500_imgsz1600_b1_2024-01-18.pt.jpg
doi.org10.15468dl.6nxkw6.csv,Animalia,Arthropoda,Insecta,Hemiptera,Cicadellidae,,,,9647,,Cicadellidae,Cicadellidae,Cerro_Hoya_Expedition_Hoya_505m_prizeCrab_2025-01-26,prizeCrab_2025_01_26__19_24_06_HDR0_1_Mothbot_yolo11m_4500_imgsz1600_b1_2024-01-18.pt.jpg,HS,Mothbot_yolo11m_4500_imgsz1600_b1_2024-01-18.pt,0.5708522200584412,,prizeCrab,Cerro_Hoya_Expedition/Hoya_505m_prizeCrab_2025-01-26/2025-01-26/patches/prizeCrab_2025_01_26__19_24_06_HDR0_1_Mothbot_yolo11m_4500_imgsz1600_b1_2024-01-18.pt.jpg,ORDER_Diptera,2025-01-26,19:24:06,,2025_01_26__19_24_06,MachineObservation,Cerro_Hoya_Expedition_Hoya_505m_prizeCrab_2025-01-26_2025-01-26,Cerro_Hoya_Expedition_Hoya_505m_prizeCrab_2025-01-26,prizeCrab_2025_01_26__19_24_06_HDR0.jpg,prizeCrab_2025_01_26__19_24_06_HDR0_1_Mothbot_yolo11m_4500_imgsz1600_b1_2024-01-18.pt.jpg
doi.org10.15468dl.6nxkw6.csv,Animalia,Arthropoda,Insecta,Hemiptera,,,,,809,,Hemiptera,Hemiptera,Cerro_Hoya_Expedition_Hoya_505m_prizeCrab_2025-01-26,prizeCrab_2025_01_26__19_25_05_HDR0_0_Mothbot_yolo11m_4500_imgsz1600_b1_2024-01-18.pt.jpg,HS,Mothbot_yolo11m_4500_imgsz1600_b1_2024-01-18.pt,0.6783941388130188,,prizeCrab,Cerro_Hoya_Expedition/Hoya_505m_prizeCrab_2025-01-26/2025-01-26/patches/prizeCrab_2025_01_26__19_25_05_HDR0_0_Mothbot_yolo11m_4500_imgsz1600_b1_2024-01-18.pt.jpg,ORDER_Hemiptera,2025-01-26,19:25:05,,2025_01_26__19_25_05,MachineObservation,Cerro_Hoya_Expedition_Hoya_505m_prizeCrab_2025-01-26_2025-01-26,Cerro_Hoya_Expedition_Hoya_505m_prizeCrab_2025-01-26,prizeCrab_2025_01_26__19_25_05_HDR0.jpg,prizeCrab_2025_01_26__19_25_05_HDR0_0_Mothbot_yolo11m_4500_imgsz1600_b1_2024-01-18.pt.jpg
doi.org10.15468dl.6nxkw6.csv,Animalia,Arthropoda,Insecta,,,,,,216,,Insecta,Insecta,Cerro_Hoya_Expedition_Hoya_505m_prizeCrab_2025-01-26,prizeCrab_2025_01_26__19_25_05_HDR0_1_Mothbot_yolo11m_4500_imgsz1600_b1_2024-01-18.pt.jpg,HS,Mothbot_yolo11m_4500_imgsz1600_b1_2024-01-18.pt,0.6217072606086731,,prizeCrab,Cerro_Hoya_Expedition/Hoya_505m_prizeCrab_2025-01-26/2025-01-26/patches/prizeCrab_2025_01_26__19_25_05_HDR0_1_Mothbot_yolo11m_4500_imgsz1600_b1_2024-01-18.pt.jpg,ORDER_Diptera,2025-01-26,19:25:05,,2025_01_26__19_25_05,MachineObservation,Cerro_Hoya_Expedition_Hoya_505m_prizeCrab_2025-01-26_2025-01-26,Cerro_Hoya_Expedition_Hoya_505m_prizeCrab_2025-01-26,prizeCrab_2025_01_26__19_25_05_HDR0.jpg,prizeCrab_2025_01_26__19_25_05_HDR0_1_Mothbot_yolo11m_4500_imgsz1600_b1_2024-01-18.pt.jpg
doi.org10.15468dl.6nxkw6.csv,Animalia,Arthropoda,Insecta,Hemiptera,Cicadellidae,,,,9647,,Cicadellidae,Cicadellidae,Cerro_Hoya_Expedition_Hoya_505m_prizeCrab_2025-01-26,prizeCrab_2025_01_26__19_25_05_HDR0_2_Mothbot_yolo11m_4500_imgsz1600_b1_2024-01-18.pt.jpg,HS,Mothbot_yolo11m_4500_imgsz1600_b1_2024-01-18.pt,0.5484791994094849,,prizeCrab,Cerro_Hoya_Expedition/Hoya_505m_prizeCrab_2025-01-26/2025-01-26/patches/prizeCrab_2025_01_26__19_25_05_HDR0_2_Mothbot_yolo11m_4500_imgsz1600_b1_2024-01-18.pt.jpg,ORDER_Diptera,2025-01-26,19:25:05,,2025_01_26__19_25_05,MachineObservation,Cerro_Hoya_Expedition_Hoya_505m_prizeCrab_2025-01-26_2025-01-26,Cerro_Hoya_Expedition_Hoya_505m_prizeCrab_2025-01-26,prizeCrab_2025_01_26__19_25_05_HDR0.jpg,prizeCrab_2025_01_26__19_25_05_HDR0_2_Mothbot_yolo11m_4500_imgsz1600_b1_2024-01-18.pt.jpg
doi.org10.15468dl.6nxkw6.csv,Animalia,Arthropoda,Insecta,Coleoptera,,,,,1470,,Coleoptera,Coleoptera,Cerro_Hoya_Expedition_Hoya_505m_prizeCrab_2025-01-26,prizeCrab_2025_01_26__19_25_05_HDR0_3_Mothbot_yolo11m_4500_imgsz1600_b1_2024-01-18.pt.jpg,HS,Mothbot_yolo11m_4500_imgsz1600_b1_2024-01-18.pt,0.33937057852745056,,prizeCrab,Cerro_Hoya_Expedition/Hoya_505m_prizeCrab_2025-01-26/2025-01-26/patches/prizeCrab_2025_01_26__19_25_05_HDR0_3_Mothbot_yolo11m_4500_imgsz1600_b1_2024-01-18.pt.jpg,ORDER_Coleoptera,2025-01-26,19:25:05,,2025_01_26__19_25_05,MachineObservation,Cerro_Hoya_Expedition_Hoya_505m_prizeCrab_2025-01-26_2025-01-26,Cerro_Hoya_Expedition_Hoya_505m_prizeCrab_2025-01-26,prizeCrab_2025_01_26__19_25_05_HDR0.jpg,prizeCrab_2025_01_26__19_25_05_HDR0_3_Mothbot_yolo11m_4500_imgsz1600_b1_2024-01-18.pt.jpg
doi.org10.15468dl.6nxkw6.csv,Animalia,Arthropoda,Insecta,,,,,,216,,Insecta,Insecta,Cerro_Hoya_Expedition_Hoya_505m_prizeCrab_2025-01-26,prizeCrab_2025_01_26__19_26_06_HDR0_0_Mothbot_yolo11m_4500_imgsz1600_b1_2024-01-18.pt.jpg,HS,Mothbot_yolo11m_4500_imgsz1600_b1_2024-01-18.pt,0.6668992042541504,,prizeCrab,Cerro_Hoya_Expedition/Hoya_505m_prizeCrab_2025-01-26/2025-01-26/patches/prizeCrab_2025_01_26__19_26_06_HDR0_0_Mothbot_yolo11m_4500_imgsz1600_b1_2024-01-18.pt.jpg,ORDER_Diptera,2025-01-26,19:26:06,,2025_01_26__19_26_06,MachineObservation,Cerro_Hoya_Expedition_Hoya_505m_prizeCrab_2025-01-26_2025-01-26,Cerro_Hoya_Expedition_Hoya_505m_prizeCrab_2025-01-26,prizeCrab_2025_01_26__19_26_06_HDR0.jpg,prizeCrab_2025_01_26__19_26_06_HDR0_0_Mothbot_yolo11m_4500_imgsz1600_b1_2024-01-18.pt.jpg
doi.org10.15468dl.6nxkw6.csv,Animalia,Arthropoda,Insecta,Hemiptera,Cicadellidae,,,,9647,,Cicadellidae,Cicadellidae,Cerro_Hoya_Expedition_Hoya_505m_prizeCrab_2025-01-26,prizeCrab_2025_01_26__19_26_06_HDR0_1_Mothbot_yolo11m_4500_imgsz1600_b1_2024-01-18.pt.jpg,HS,Mothbot_yolo11m_4500_imgsz1600_b1_2024-01-18.pt,0.6609025001525879,,prizeCrab,Cerro_Hoya_Expedition/Hoya_505m_prizeCrab_2025-01-26/2025-01-26/patches/prizeCrab_2025_01_26__19_26_06_HDR0_1_Mothbot_yolo11m_4500_imgsz1600_b1_2024-01-18.pt.jpg,ORDER_Hemiptera,2025-01-26,19:26:06,,2025_01_26__19_26_06,MachineObservation,Cerro_Hoya_Expedition_Hoya_505m_prizeCrab_2025-01-26_2025-01-26,Cerro_Hoya_Expedition_Hoya_505m_prizeCrab_2025-01-26,prizeCrab_2025_01_26__19_26_06_HDR0.jpg,prizeCrab_2025_01_26__19_26_06_HDR0_1_Mothbot_yolo11m_4500_imgsz1600_b1_2024-01-18.pt.jpg
doi.org10.15468dl.6nxkw6.csv,Animalia,Arthropoda,Insecta,Hemiptera,Cicadellidae,,,,9647,,Cicadellidae,Cicadellidae,Cerro_Hoya_Expedition_Hoya_505m_prizeCrab_2025-01-26,prizeCrab_2025_01_26__19_26_06_HDR0_2_Mothbot_yolo11m_4500_imgsz1600_b1_2024-01-18.pt.jpg,HS,Mothbot_yolo11m_4500_imgsz1600_b1_2024-01-18.pt,0.5976828336715698,,prizeCrab,Cerro_Hoya_Expedition/Hoya_505m_prizeCrab_2025-01-26/2025-01-26/patches/prizeCrab_2025_01_26__19_26_06_HDR0_2_Mothbot_yolo11m_4500_imgsz1600_b1_2024-01-18.pt.jpg,ORDER_Diptera,2025-01-26,19:26:06,,2025_01_26__19_26_06,MachineObservation,Cerro_Hoya_Expedition_Hoya_505m_prizeCrab_2025-01-26_2025-01-26,Cerro_Hoya_Expedition_Hoya_505m_prizeCrab_2025-01-26,prizeCrab_2025_01_26__19_26_06_HDR0.jpg,prizeCrab_2025_01_26__19_26_06_HDR0_2_Mothbot_yolo11m_4500_imgsz1600_b1_2024-01-18.pt.jpg
doi.org10.15468dl.6nxkw6.csv,Animalia,Arthropoda,Insecta,Coleoptera,,,,,1470,,Coleoptera,Coleoptera,Cerro_Hoya_Expedition_Hoya_505m_prizeCrab_2025-01-26,prizeCrab_2025_01_26__19_26_06_HDR0_3_Mothbot_yolo11m_4500_imgsz1600_b1_2024-01-18.pt.jpg,HS,Mothbot_yolo11m_4500_imgsz1600_b1_2024-01-18.pt,0.25496721267700195,,prizeCrab,Cerro_Hoya_Expedition/Hoya_505m_prizeCrab_2025-01-26/2025-01-26/patches/prizeCrab_2025_01_26__19_26_06_HDR0_3_Mothbot_yolo11m_4500_imgsz1600_b1_2024-01-18.pt.jpg,ORDER_Coleoptera,2025-01-26,19:26:06,,2025_01_26__19_26_06,MachineObservation,Cerro_Hoya_Expedition_Hoya_505m_prizeCrab_2025-01-26_2025-01-26,Cerro_Hoya_Expedition_Hoya_505m_prizeCrab_2025-01-26,prizeCrab_2025_01_26__19_26_06_HDR0.jpg,prizeCrab_2025_01_26__19_26_06_HDR0_3_Mothbot_yolo11m_4500_imgsz1600_b1_2024-01-18.pt.jpg
doi.org10.15468dl.6nxkw6.csv,Animalia,Arthropoda,Insecta,Lepidoptera,,,,,797,,Lepidoptera,Lepidoptera,Cerro_Hoya_Expedition_Hoya_505m_prizeCrab_2025-01-26,prizeCrab_2025_01_26__19_27_06_HDR0_0_Mothbot_yolo11m_4500_imgsz1600_b1_2024-01-18.pt.jpg,HS,Mothbot_yolo11m_4500_imgsz1600_b1_2024-01-18.pt,0.7916238307952881,,prizeCrab,Cerro_Hoya_Expedition/Hoya_505m_prizeCrab_2025-01-26/2025-01-26/patches/prizeCrab_2025_01_26__19_27_06_HDR0_0_Mothbot_yolo11m_4500_imgsz1600_b1_2024-01-18.pt.jpg,ORDER_Lepidoptera,2025-01-26,19:27:06,,2025_01_26__19_27_06,MachineObservation,Cerro_Hoya_Expedition_Hoya_505m_prizeCrab_2025-01-26_2025-01-26,Cerro_Hoya_Expedition_Hoya_505m_prizeCrab_2025-01-26,prizeCrab_2025_01_26__19_27_06_HDR0.jpg,prizeCrab_2025_01_26__19_27_06_HDR0_0_Mothbot_yolo11m_4500_imgsz1600_b1_2024-01-18.pt.jpg
doi.org10.15468dl.6nxkw6.csv,Animalia,Arthropoda,Insecta,Hemiptera,Cicadellidae,,,,9647,,Cicadellidae,Cicadellidae,Cerro_Hoya_Expedition_Hoya_505m_prizeCrab_2025-01-26,prizeCrab_2025_01_26__19_27_06_HDR0_1_Mothbot_yolo11m_4500_imgsz1600_b1_2024-01-18.pt.jpg,HS,Mothbot_yolo11m_4500_imgsz1600_b1_2024-01-18.pt,0.6373953819274902,,prizeCrab,Cerro_Hoya_Expedition/Hoya_505m_prizeCrab_2025-01-26/2025-01-26/patches/prizeCrab_2025_01_26__19_27_06_HDR0_1_Mothbot_yolo11m_4500_imgsz1600_b1_2024-01-18.pt.jpg,ORDER_Hemiptera,2025-01-26,19:27:06,,2025_01_26__19_27_06,MachineObservation,Cerro_Hoya_Expedition_Hoya_505m_prizeCrab_2025-01-26_2025-01-26,Cerro_Hoya_Expedition_Hoya_505m_prizeCrab_2025-01-26,prizeCrab_2025_01_26__19_27_06_HDR0.jpg,prizeCrab_2025_01_26__19_27_06_HDR0_1_Mothbot_yolo11m_4500_imgsz1600_b1_2024-01-18.pt.jpg
doi.org10.15468dl.6nxkw6.csv,Animalia,Arthropoda,Insecta,Hemiptera,Cicadellidae,,,,9647,,Cicadellidae,Cicadellidae,Cerro_Hoya_Expedition_Hoya_505m_prizeCrab_2025-01-26,prizeCrab_2025_01_26__19_27_06_HDR0_2_Mothbot_yolo11m_4500_imgsz1600_b1_2024-01-18.pt.jpg,HS,Mothbot_yolo11m_4500_imgsz1600_b1_2024-01-18.pt,0.5854458212852478,,prizeCrab,Cerro_Hoya_Expedition/Hoya_505m_prizeCrab_2025-01-26/2025-01-26/patches/prizeCrab_2025_01_26__19_27_06_HDR0_2_Mothbot_yolo11m_4500_imgsz1600_b1_2024-01-18.pt.jpg,ORDER_Trichoptera,2025-01-26,19:27:06,,2025_01_26__19_27_06,MachineObservation,Cerro_Hoya_Expedition_Hoya_505m_prizeCrab_2025-01-26_2025-01-26,Cerro_Hoya_Expedition_Hoya_505m_prizeCrab_2025-01-26,prizeCrab_2025_01_26__19_27_06_HDR0.jpg,prizeCrab_2025_01_26__19_27_06_HDR0_2_Mothbot_yolo11m_4500_imgsz1600_b1_2024-01-18.pt.jpg
doi.org10.15468dl.6nxkw6.csv,Animalia,Arthropoda,Insecta,Hemiptera,Cicadellidae,,,,9647,,Cicadellidae,Cicadellidae,Cerro_Hoya_Expedition_Hoya_505m_prizeCrab_2025-01-26,prizeCrab_2025_01_26__19_28_06_HDR0_0_Mothbot_yolo11m_4500_imgsz1600_b1_2024-01-18.pt.jpg,HS,Mothbot_yolo11m_4500_imgsz1600_b1_2024-01-18.pt,0.6553136110305786,,prizeCrab,Cerro_Hoya_Expedition/Hoya_505m_prizeCrab_2025-01-26/2025-01-26/patches/prizeCrab_2025_01_26__19_28_06_HDR0_0_Mothbot_yolo11m_4500_imgsz1600_b1_2024-01-18.pt.jpg,ORDER_Hemiptera,2025-01-26,19:28:06,,2025_01_26__19_28_06,MachineObservation,Cerro_Hoya_Expedition_Hoya_505m_prizeCrab_2025-01-26_2025-01-26,Cerro_Hoya_Expedition_Hoya_505m_prizeCrab_2025-01-26,prizeCrab_2025_01_26__19_28_06_HDR0.jpg,prizeCrab_2025_01_26__19_28_06_HDR0_0_Mothbot_yolo11m_4500_imgsz1600_b1_2024-01-18.pt.jpg
doi.org10.15468dl.6nxkw6.csv,Animalia,Arthropoda,Insecta,Coleoptera,,,,,1470,,Coleoptera,Coleoptera,Cerro_Hoya_Expedition_Hoya_505m_prizeCrab_2025-01-26,prizeCrab_2025_01_26__19_28_06_HDR0_1_Mothbot_yolo11m_4500_imgsz1600_b1_2024-01-18.pt.jpg,HS,Mothbot_yolo11m_4500_imgsz1600_b1_2024-01-18.pt,0.30224213004112244,,prizeCrab,Cerro_Hoya_Expedition/Hoya_505m_prizeCrab_2025-01-26/2025-01-26/patches/prizeCrab_2025_01_26__19_28_06_HDR0_1_Mothbot_yolo11m_4500_imgsz1600_b1_2024-01-18.pt.jpg,ORDER_Coleoptera,2025-01-26,19:28:06,,2025_01_26__19_28_06,MachineObservation,Cerro_Hoya_Expedition_Hoya_505m_prizeCrab_2025-01-26_2025-01-26,Cerro_Hoya_Expedition_Hoya_505m_prizeCrab_2025-01-26,prizeCrab_2025_01_26__19_28_06_HDR0.jpg,prizeCrab_2025_01_26__19_28_06_HDR0_1_Mothbot_yolo11m_4500_imgsz1600_b1_2024-01-18.pt.jpg
doi.org10.15468dl.6nxkw6.csv,Animalia,Arthropoda,Insecta,Hemiptera,Cicadellidae,,,,9647,,Cicadellidae,Cicadellidae,Cerro_Hoya_Expedition_Hoya_505m_prizeCrab_2025-01-26,prizeCrab_2025_01_26__19_29_06_HDR0_0_Mothbot_yolo11m_4500_imgsz1600_b1_2024-01-18.pt.jpg,HS,Mothbot_yolo11m_4500_imgsz1600_b1_2024-01-18.pt,0.6409871578216553,,prizeCrab,Cerro_Hoya_Expedition/Hoya_505m_prizeCrab_2025-01-26/2025-01-26/patches/prizeCrab_2025_01_26__19_29_06_HDR0_0_Mothbot_yolo11m_4500_imgsz1600_b1_2024-01-18.pt.jpg,ORDER_Hemiptera,2025-01-26,19:29:06,,2025_01_26__19_29_06,MachineObservation,Cerro_Hoya_Expedition_Hoya_505m_prizeCrab_2025-01-26_2025-01-26,Cerro_Hoya_Expedition_Hoya_505m_prizeCrab_2025-01-26,prizeCrab_2025_01_26__19_29_06_HDR0.jpg,prizeCrab_2025_01_26__19_29_06_HDR0_0_Mothbot_yolo11m_4500_imgsz1600_b1_2024-01-18.pt.jpg
doi.org10.15468dl.6nxkw6.csv,Animalia,Arthropoda,Insecta,Hemiptera,,,,,809,,Hemiptera,Hemiptera,Cerro_Hoya_Expedition_Hoya_505m_prizeCrab_2025-01-26,prizeCrab_2025_01_26__19_30_21_HDR0_0_Mothbot_yolo11m_4500_imgsz1600_b1_2024-01-18.pt.jpg,HS,Mothbot_yolo11m_4500_imgsz1600_b1_2024-01-18.pt,0.7102304100990295,,prizeCrab,Cerro_Hoya_Expedition/Hoya_505m_prizeCrab_2025-01-26/2025-01-26/patches/prizeCrab_2025_01_26__19_30_21_HDR0_0_Mothbot_yolo11m_4500_imgsz1600_b1_2024-01-18.pt.jpg,ORDER_Diptera,2025-01-26,19:30:21,,2025_01_26__19_30_21,MachineObservation,Cerro_Hoya_Expedition_Hoya_505m_prizeCrab_2025-01-26_2025-01-26,Cerro_Hoya_Expedition_Hoya_505m_prizeCrab_2025-01-26,prizeCrab_2025_01_26__19_30_21_HDR0.jpg,prizeCrab_2025_01_26__19_30_21_HDR0_0_Mothbot_yolo11m_4500_imgsz1600_b1_2024-01-18.pt.jpg
doi.org10.15468dl.6nxkw6.csv,Animalia,Arthropoda,Insecta,Coleoptera,,,,,1470,,Coleoptera,Coleoptera,Cerro_Hoya_Expedition_Hoya_505m_prizeCrab_2025-01-26,prizeCrab_2025_01_26__19_30_21_HDR0_1_Mothbot_yolo11m_4500_imgsz1600_b1_2024-01-18.pt.jpg,HS,Mothbot_yolo11m_4500_imgsz1600_b1_2024-01-18.pt,0.3314081132411957,,prizeCrab,Cerro_Hoya_Expedition/Hoya_505m_prizeCrab_2025-01-26/2025-01-26/patches/prizeCrab_2025_01_26__19_30_21_HDR0_1_Mothbot_yolo11m_4500_imgsz1600_b1_2024-01-18.pt.jpg,ORDER_Diptera,2025-01-26,19:30:21,,2025_01_26__19_30_21,MachineObservation,Cerro_Hoya_Expedition_Hoya_505m_prizeCrab_2025-01-26_2025-01-26,Cerro_Hoya_Expedition_Hoya_505m_prizeCrab_2025-01-26,prizeCrab_2025_01_26__19_30_21_HDR0.jpg,prizeCrab_2025_01_26__19_30_21_HDR0_1_Mothbot_yolo11m_4500_imgsz1600_b1_2024-01-18.pt.jpg
doi.org10.15468dl.6nxkw6.csv,Animalia,Arthropoda,Insecta,Hemiptera,,,,,809,,Hemiptera,Hemiptera,Cerro_Hoya_Expedition_Hoya_505m_prizeCrab_2025-01-26,prizeCrab_2025_01_26__19_31_06_HDR0_0_Mothbot_yolo11m_4500_imgsz1600_b1_2024-01-18.pt.jpg,HS,Mothbot_yolo11m_4500_imgsz1600_b1_2024-01-18.pt,0.660747230052948,,prizeCrab,Cerro_Hoya_Expedition/Hoya_505m_prizeCrab_2025-01-26/2025-01-26/patches/prizeCrab_2025_01_26__19_31_06_HDR0_0_Mothbot_yolo11m_4500_imgsz1600_b1_2024-01-18.pt.jpg,ORDER_Diptera,2025-01-26,19:31:06,,2025_01_26__19_31_06,MachineObservation,Cerro_Hoya_Expedition_Hoya_505m_prizeCrab_2025-01-26_2025-01-26,Cerro_Hoya_Expedition_Hoya_505m_prizeCrab_2025-01-26,prizeCrab_2025_01_26__19_31_06_HDR0.jpg,prizeCrab_2025_01_26__19_31_06_HDR0_0_Mothbot_yolo11m_4500_imgsz1600_b1_2024-01-18.pt.jpg
doi.org10.15468dl.6nxkw6.csv,Animalia,Arthropoda,Insecta,Coleoptera,,,,,1470,,Coleoptera,Coleoptera,Cerro_Hoya_Expedition_Hoya_505m_prizeCrab_2025-01-26,prizeCrab_2025_01_26__19_31_06_HDR0_1_Mothbot_yolo11m_4500_imgsz1600_b1_2024-01-18.pt.jpg,HS,Mothbot_yolo11m_4500_imgsz1600_b1_2024-01-18.pt,0.32180750370025635,,prizeCrab,Cerro_Hoya_Expedition/Hoya_505m_prizeCrab_2025-01-26/2025-01-26/patches/prizeCrab_2025_01_26__19_31_06_HDR0_1_Mothbot_yolo11m_4500_imgsz1600_b1_2024-01-18.pt.jpg,ORDER_Coleoptera,2025-01-26,19:31:06,,2025_01_26__19_31_06,MachineObservation,Cerro_Hoya_Expedition_Hoya_505m_prizeCrab_2025-01-26_2025-01-26,Cerro_Hoya_Expedition_Hoya_505m_prizeCrab_2025-01-26,prizeCrab_2025_01_26__19_31_06_HDR0.jpg,prizeCrab_2025_01_26__19_31_06_HDR0_1_Mothbot_yolo11m_4500_imgsz1600_b1_2024-01-18.pt.jpg
doi.org10.15468dl.6nxkw6.csv,Animalia,Arthropoda,Insecta,Hemiptera,Cicadellidae,,,,9647,,Cicadellidae,Cicadellidae,Cerro_Hoya_Expedition_Hoya_505m_prizeCrab_2025-01-26,prizeCrab_2025_01_26__19_32_06_HDR0_0_Mothbot_yolo11m_4500_imgsz1600_b1_2024-01-18.pt.jpg,HS,Mothbot_yolo11m_4500_imgsz1600_b1_2024-01-18.pt,0.7697247266769409,,prizeCrab,Cerro_Hoya_Expedition/Hoya_505m_prizeCrab_2025-01-26/2025-01-26/patches/prizeCrab_2025_01_26__19_32_06_HDR0_0_Mothbot_yolo11m_4500_imgsz1600_b1_2024-01-18.pt.jpg,ORDER_Hemiptera,2025-01-26,19:32:06,,2025_01_26__19_32_06,MachineObservation,Cerro_Hoya_Expedition_Hoya_505m_prizeCrab_2025-01-26_2025-01-26,Cerro_Hoya_Expedition_Hoya_505m_prizeCrab_2025-01-26,prizeCrab_2025_01_26__19_32_06_HDR0.jpg,prizeCrab_2025_01_26__19_32_06_HDR0_0_Mothbot_yolo11m_4500_imgsz1600_b1_2024-01-18.pt.jpg
doi.org10.15468dl.6nxkw6.csv,Animalia,Arthropoda,Insecta,Coleoptera,,,,,1470,,Coleoptera,Coleoptera,Cerro_Hoya_Expedition_Hoya_505m_prizeCrab_2025-01-26,prizeCrab_2025_01_26__19_32_06_HDR0_1_Mothbot_yolo11m_4500_imgsz1600_b1_2024-01-18.pt.jpg,HS,Mothbot_yolo11m_4500_imgsz1600_b1_2024-01-18.pt,0.33703699707984924,,prizeCrab,Cerro_Hoya_Expedition/Hoya_505m_prizeCrab_2025-01-26/2025-01-26/patches/prizeCrab_2025_01_26__19_32_06_HDR0_1_Mothbot_yolo11m_4500_imgsz1600_b1_2024-01-18.pt.jpg,ORDER_Diptera,2025-01-26,19:32:06,,2025_01_26__19_32_06,MachineObservation,Cerro_Hoya_Expedition_Hoya_505m_prizeCrab_2025-01-26_2025-01-26,Cerro_Hoya_Expedition_Hoya_505m_prizeCrab_2025-01-26,prizeCrab_2025_01_26__19_32_06_HDR0.jpg,prizeCrab_2025_01_26__19_32_06_HDR0_1_Mothbot_yolo11m_4500_imgsz1600_b1_2024-01-18.pt.jpg
doi.org10.15468dl.6nxkw6.csv,Animalia,Arthropoda,Insecta,Diptera,,,,,811,,Diptera,Diptera,Cerro_Hoya_Expedition_Hoya_505m_prizeCrab_2025-01-26,prizeCrab_2025_01_26__19_33_06_HDR0_0_Mothbot_yolo11m_4500_imgsz1600_b1_2024-01-18.pt.jpg,HS,Mothbot_yolo11m_4500_imgsz1600_b1_2024-01-18.pt,0.6829056739807129,,prizeCrab,Cerro_Hoya_Expedition/Hoya_505m_prizeCrab_2025-01-26/2025-01-26/patches/prizeCrab_2025_01_26__19_33_06_HDR0_0_Mothbot_yolo11m_4500_imgsz1600_b1_2024-01-18.pt.jpg,ORDER_Diptera,2025-01-26,19:33:06,,2025_01_26__19_33_06,MachineObservation,Cerro_Hoya_Expedition_Hoya_505m_prizeCrab_2025-01-26_2025-01-26,Cerro_Hoya_Expedition_Hoya_505m_prizeCrab_2025-01-26,prizeCrab_2025_01_26__19_33_06_HDR0.jpg,prizeCrab_2025_01_26__19_33_06_HDR0_0_Mothbot_yolo11m_4500_imgsz1600_b1_2024-01-18.pt.jpg
doi.org10.15468dl.6nxkw6.csv,Animalia,Arthropoda,Insecta,Coleoptera,,,,,1470,,Coleoptera,Coleoptera,Cerro_Hoya_Expedition_Hoya_505m_prizeCrab_2025-01-26,prizeCrab_2025_01_26__19_33_06_HDR0_1_Mothbot_yolo11m_4500_imgsz1600_b1_2024-01-18.pt.jpg,HS,Mothbot_yolo11m_4500_imgsz1600_b1_2024-01-18.pt,0.36773979663848877,,prizeCrab,Cerro_Hoya_Expedition/Hoya_505m_prizeCrab_2025-01-26/2025-01-26/patches/prizeCrab_2025_01_26__19_33_06_HDR0_1_Mothbot_yolo11m_4500_imgsz1600_b1_2024-01-18.pt.jpg,ORDER_Coleoptera,2025-01-26,19:33:06,,2025_01_26__19_33_06,MachineObservation,Cerro_Hoya_Expedition_Hoya_505m_prizeCrab_2025-01-26_2025-01-26,Cerro_Hoya_Expedition_Hoya_505m_prizeCrab_2025-01-26,prizeCrab_2025_01_26__19_33_06_HDR0.jpg,prizeCrab_2025_01_26__19_33_06_HDR0_1_Mothbot_yolo11m_4500_imgsz1600_b1_2024-01-18.pt.jpg
doi.org10.15468dl.6nxkw6.csv,Animalia,Arthropoda,Insecta,Lepidoptera,,,,,797,,Lepidoptera,Lepidoptera,Cerro_Hoya_Expedition_Hoya_505m_prizeCrab_2025-01-26,prizeCrab_2025_01_26__19_33_06_HDR0_2_Mothbot_yolo11m_4500_imgsz1600_b1_2024-01-18.pt.jpg,HS,Mothbot_yolo11m_4500_imgsz1600_b1_2024-01-18.pt,0.332448273897171,,prizeCrab,Cerro_Hoya_Expedition/Hoya_505m_prizeCrab_2025-01-26/2025-01-26/patches/prizeCrab_2025_01_26__19_33_06_HDR0_2_Mothbot_yolo11m_4500_imgsz1600_b1_2024-01-18.pt.jpg,ORDER_Lepidoptera,2025-01-26,19:33:06,,2025_01_26__19_33_06,MachineObservation,Cerro_Hoya_Expedition_Hoya_505m_prizeCrab_2025-01-26_2025-01-26,Cerro_Hoya_Expedition_Hoya_505m_prizeCrab_2025-01-26,prizeCrab_2025_01_26__19_33_06_HDR0.jpg,prizeCrab_2025_01_26__19_33_06_HDR0_2_Mothbot_yolo11m_4500_imgsz1600_b1_2024-01-18.pt.jpg
doi.org10.15468dl.6nxkw6.csv,Animalia,Arthropoda,Insecta,Diptera,,,,,811,,Diptera,Diptera,Cerro_Hoya_Expedition_Hoya_505m_prizeCrab_2025-01-26,prizeCrab_2025_01_26__19_34_06_HDR0_0_Mothbot_yolo11m_4500_imgsz1600_b1_2024-01-18.pt.jpg,HS,Mothbot_yolo11m_4500_imgsz1600_b1_2024-01-18.pt,0.6957703828811646,,prizeCrab,Cerro_Hoya_Expedition/Hoya_505m_prizeCrab_2025-01-26/2025-01-26/patches/prizeCrab_2025_01_26__19_34_06_HDR0_0_Mothbot_yolo11m_4500_imgsz1600_b1_2024-01-18.pt.jpg,ORDER_Diptera,2025-01-26,19:34:06,,2025_01_26__19_34_06,MachineObservation,Cerro_Hoya_Expedition_Hoya_505m_prizeCrab_2025-01-26_2025-01-26,Cerro_Hoya_Expedition_Hoya_505m_prizeCrab_2025-01-26,prizeCrab_2025_01_26__19_34_06_HDR0.jpg,prizeCrab_2025_01_26__19_34_06_HDR0_0_Mothbot_yolo11m_4500_imgsz1600_b1_2024-01-18.pt.jpg
doi.org10.15468dl.6nxkw6.csv,Animalia,Arthropoda,Insecta,Coleoptera,,,,,1470,,Coleoptera,Coleoptera,Cerro_Hoya_Expedition_Hoya_505m_prizeCrab_2025-01-26,prizeCrab_2025_01_26__19_34_06_HDR0_1_Mothbot_yolo11m_4500_imgsz1600_b1_2024-01-18.pt.jpg,HS,Mothbot_yolo11m_4500_imgsz1600_b1_2024-01-18.pt,0.29404744505882263,,prizeCrab,Cerro_Hoya_Expedition/Hoya_505m_prizeCrab_2025-01-26/2025-01-26/patches/prizeCrab_2025_01_26__19_34_06_HDR0_1_Mothbot_yolo11m_4500_imgsz1600_b1_2024-01-18.pt.jpg,ORDER_Diptera,2025-01-26,19:34:06,,2025_01_26__19_34_06,MachineObservation,Cerro_Hoya_Expedition_Hoya_505m_prizeCrab_2025-01-26_2025-01-26,Cerro_Hoya_Expedition_Hoya_505m_prizeCrab_2025-01-26,prizeCrab_2025_01_26__19_34_06_HDR0.jpg,prizeCrab_2025_01_26__19_34_06_HDR0_1_Mothbot_yolo11m_4500_imgsz1600_b1_2024-01-18.pt.jpg
doi.org10.15468dl.6nxkw6.csv,Animalia,Arthropoda,Insecta,Diptera,,,,,811,,Diptera,Diptera,Cerro_Hoya_Expedition_Hoya_505m_prizeCrab_2025-01-26,prizeCrab_2025_01_26__19_35_05_HDR0_0_Mothbot_yolo11m_4500_imgsz1600_b1_2024-01-18.pt.jpg,HS,Mothbot_yolo11m_4500_imgsz1600_b1_2024-01-18.pt,0.6897163987159729,,prizeCrab,Cerro_Hoya_Expedition/Hoya_505m_prizeCrab_2025-01-26/2025-01-26/patches/prizeCrab_2025_01_26__19_35_05_HDR0_0_Mothbot_yolo11m_4500_imgsz1600_b1_2024-01-18.pt.jpg,ORDER_Diptera,2025-01-26,19:35:05,,2025_01_26__19_35_05,MachineObservation,Cerro_Hoya_Expedition_Hoya_505m_prizeCrab_2025-01-26_2025-01-26,Cerro_Hoya_Expedition_Hoya_505m_prizeCrab_2025-01-26,prizeCrab_2025_01_26__19_35_05_HDR0.jpg,prizeCrab_2025_01_26__19_35_05_HDR0_0_Mothbot_yolo11m_4500_imgsz1600_b1_2024-01-18.pt.jpg
doi.org10.15468dl.6nxkw6.csv,Animalia,Arthropoda,Insecta,Coleoptera,,,,,1470,,Coleoptera,Coleoptera,Cerro_Hoya_Expedition_Hoya_505m_prizeCrab_2025-01-26,prizeCrab_2025_01_26__19_35_05_HDR0_1_Mothbot_yolo11m_4500_imgsz1600_b1_2024-01-18.pt.jpg,HS,Mothbot_yolo11m_4500_imgsz1600_b1_2024-01-18.pt,0.30817580223083496,,prizeCrab,Cerro_Hoya_Expedition/Hoya_505m_prizeCrab_2025-01-26/2025-01-26/patches/prizeCrab_2025_01_26__19_35_05_HDR0_1_Mothbot_yolo11m_4500_imgsz1600_b1_2024-01-18.pt.jpg,ORDER_Coleoptera,2025-01-26,19:35:05,,2025_01_26__19_35_05,MachineObservation,Cerro_Hoya_Expedition_Hoya_505m_prizeCrab_2025-01-26_2025-01-26,Cerro_Hoya_Expedition_Hoya_505m_prizeCrab_2025-01-26,prizeCrab_2025_01_26__19_35_05_HDR0.jpg,prizeCrab_2025_01_26__19_35_05_HDR0_1_Mothbot_yolo11m_4500_imgsz1600_b1_2024-01-18.pt.jpg
doi.org10.15468dl.6nxkw6.csv,Animalia,Arthropoda,Insecta,Hemiptera,Cicadellidae,,,,9647,,Cicadellidae,Cicadellidae,Cerro_Hoya_Expedition_Hoya_505m_prizeCrab_2025-01-26,prizeCrab_2025_01_26__19_36_05_HDR0_0_Mothbot_yolo11m_4500_imgsz1600_b1_2024-01-18.pt.jpg,HS,Mothbot_yolo11m_4500_imgsz1600_b1_2024-01-18.pt,0.7724871039390564,,prizeCrab,Cerro_Hoya_Expedition/Hoya_505m_prizeCrab_2025-01-26/2025-01-26/patches/prizeCrab_2025_01_26__19_36_05_HDR0_0_Mothbot_yolo11m_4500_imgsz1600_b1_2024-01-18.pt.jpg,ORDER_Diptera,2025-01-26,19:36:05,,2025_01_26__19_36_05,MachineObservation,Cerro_Hoya_Expedition_Hoya_505m_prizeCrab_2025-01-26_2025-01-26,Cerro_Hoya_Expedition_Hoya_505m_prizeCrab_2025-01-26,prizeCrab_2025_01_26__19_36_05_HDR0.jpg,prizeCrab_2025_01_26__19_36_05_HDR0_0_Mothbot_yolo11m_4500_imgsz1600_b1_2024-01-18.pt.jpg
doi.org10.15468dl.6nxkw6.csv,Animalia,Arthropoda,Insecta,,,,,,216,,Insecta,Insecta,Cerro_Hoya_Expedition_Hoya_505m_prizeCrab_2025-01-26,prizeCrab_2025_01_26__19_36_05_HDR0_1_Mothbot_yolo11m_4500_imgsz1600_b1_2024-01-18.pt.jpg,HS,Mothbot_yolo11m_4500_imgsz1600_b1_2024-01-18.pt,0.4475911259651184,,prizeCrab,Cerro_Hoya_Expedition/Hoya_505m_prizeCrab_2025-01-26/2025-01-26/patches/prizeCrab_2025_01_26__19_36_05_HDR0_1_Mothbot_yolo11m_4500_imgsz1600_b1_2024-01-18.pt.jpg,ORDER_Lepidoptera,2025-01-26,19:36:05,,2025_01_26__19_36_05,MachineObservation,Cerro_Hoya_Expedition_Hoya_505m_prizeCrab_2025-01-26_2025-01-26,Cerro_Hoya_Expedition_Hoya_505m_prizeCrab_2025-01-26,prizeCrab_2025_01_26__19_36_05_HDR0.jpg,prizeCrab_2025_01_26__19_36_05_HDR0_1_Mothbot_yolo11m_4500_imgsz1600_b1_2024-01-18.pt.jpg
doi.org10.15468dl.6nxkw6.csv,Animalia,Arthropoda,Insecta,Coleoptera,,,,,1470,,Coleoptera,Coleoptera,Cerro_Hoya_Expedition_Hoya_505m_prizeCrab_2025-01-26,prizeCrab_2025_01_26__19_36_05_HDR0_2_Mothbot_yolo11m_4500_imgsz1600_b1_2024-01-18.pt.jpg,HS,Mothbot_yolo11m_4500_imgsz1600_b1_2024-01-18.pt,0.28079989552497864,,prizeCrab,Cerro_Hoya_Expedition/Hoya_505m_prizeCrab_2025-01-26/2025-01-26/patches/prizeCrab_2025_01_26__19_36_05_HDR0_2_Mothbot_yolo11m_4500_imgsz1600_b1_2024-01-18.pt.jpg,ORDER_Diptera,2025-01-26,19:36:05,,2025_01_26__19_36_05,MachineObservation,Cerro_Hoya_Expedition_Hoya_505m_prizeCrab_2025-01-26_2025-01-26,Cerro_Hoya_Expedition_Hoya_505m_prizeCrab_2025-01-26,prizeCrab_2025_01_26__19_36_05_HDR0.jpg,prizeCrab_2025_01_26__19_36_05_HDR0_2_Mothbot_yolo11m_4500_imgsz1600_b1_2024-01-18.pt.jpg
doi.org10.15468dl.6nxkw6.csv,Animalia,Arthropoda,Insecta,Lepidoptera,,,,,797,,Lepidoptera,Lepidoptera,Cerro_Hoya_Expedition_Hoya_505m_prizeCrab_2025-01-26,prizeCrab_2025_01_26__19_36_05_HDR0_3_Mothbot_yolo11m_4500_imgsz1600_b1_2024-01-18.pt.jpg,HS,Mothbot_yolo11m_4500_imgsz1600_b1_2024-01-18.pt,0.25705230236053467,,prizeCrab,Cerro_Hoya_Expedition/Hoya_505m_prizeCrab_2025-01-26/2025-01-26/patches/prizeCrab_2025_01_26__19_36_05_HDR0_3_Mothbot_yolo11m_4500_imgsz1600_b1_2024-01-18.pt.jpg,ORDER_Lepidoptera,2025-01-26,19:36:05,,2025_01_26__19_36_05,MachineObservation,Cerro_Hoya_Expedition_Hoya_505m_prizeCrab_2025-01-26_2025-01-26,Cerro_Hoya_Expedition_Hoya_505m_prizeCrab_2025-01-26,prizeCrab_2025_01_26__19_36_05_HDR0.jpg,prizeCrab_2025_01_26__19_36_05_HDR0_3_Mothbot_yolo11m_4500_imgsz1600_b1_2024-01-18.pt.jpg
doi.org10.15468dl.6nxkw6.csv,Animalia,Arthropoda,Insecta,Hemiptera,,,,,809,,Hemiptera,Hemiptera,Cerro_Hoya_Expedition_Hoya_505m_prizeCrab_2025-01-26,prizeCrab_2025_01_26__19_37_21_HDR0_0_Mothbot_yolo11m_4500_imgsz1600_b1_2024-01-18.pt.jpg,HS,Mothbot_yolo11m_4500_imgsz1600_b1_2024-01-18.pt,0.7259007096290588,,prizeCrab,Cerro_Hoya_Expedition/Hoya_505m_prizeCrab_2025-01-26/2025-01-26/patches/prizeCrab_2025_01_26__19_37_21_HDR0_0_Mothbot_yolo11m_4500_imgsz1600_b1_2024-01-18.pt.jpg,ERROR_background,2025-01-26,19:37:21,,2025_01_26__19_37_21,MachineObservation,Cerro_Hoya_Expedition_Hoya_505m_prizeCrab_2025-01-26_2025-01-26,Cerro_Hoya_Expedition_Hoya_505m_prizeCrab_2025-01-26,prizeCrab_2025_01_26__19_37_21_HDR0.jpg,prizeCrab_2025_01_26__19_37_21_HDR0_0_Mothbot_yolo11m_4500_imgsz1600_b1_2024-01-18.pt.jpg
doi.org10.15468dl.6nxkw6.csv,Animalia,Arthropoda,Insecta,Coleoptera,,,,,1470,,Coleoptera,Coleoptera,Cerro_Hoya_Expedition_Hoya_505m_prizeCrab_2025-01-26,prizeCrab_2025_01_26__19_37_21_HDR0_1_Mothbot_yolo11m_4500_imgsz1600_b1_2024-01-18.pt.jpg,HS,Mothbot_yolo11m_4500_imgsz1600_b1_2024-01-18.pt,0.7148321866989136,,prizeCrab,Cerro_Hoya_Expedition/Hoya_505m_prizeCrab_2025-01-26/2025-01-26/patches/prizeCrab_2025_01_26__19_37_21_HDR0_1_Mothbot_yolo11m_4500_imgsz1600_b1_2024-01-18.pt.jpg,ORDER_Diptera,2025-01-26,19:37:21,,2025_01_26__19_37_21,MachineObservation,Cerro_Hoya_Expedition_Hoya_505m_prizeCrab_2025-01-26_2025-01-26,Cerro_Hoya_Expedition_Hoya_505m_prizeCrab_2025-01-26,prizeCrab_2025_01_26__19_37_21_HDR0.jpg,prizeCrab_2025_01_26__19_37_21_HDR0_1_Mothbot_yolo11m_4500_imgsz1600_b1_2024-01-18.pt.jpg
doi.org10.15468dl.6nxkw6.csv,Animalia,Arthropoda,Insecta,Coleoptera,,,,,1470,,Coleoptera,Coleoptera,Cerro_Hoya_Expedition_Hoya_505m_prizeCrab_2025-01-26,prizeCrab_2025_01_26__19_37_21_HDR0_2_Mothbot_yolo11m_4500_imgsz1600_b1_2024-01-18.pt.jpg,HS,Mothbot_yolo11m_4500_imgsz1600_b1_2024-01-18.pt,0.47589942812919617,,prizeCrab,Cerro_Hoya_Expedition/Hoya_505m_prizeCrab_2025-01-26/2025-01-26/patches/prizeCrab_2025_01_26__19_37_21_HDR0_2_Mothbot_yolo11m_4500_imgsz1600_b1_2024-01-18.pt.jpg,ORDER_Coleoptera,2025-01-26,19:37:21,,2025_01_26__19_37_21,MachineObservation,Cerro_Hoya_Expedition_Hoya_505m_prizeCrab_2025-01-26_2025-01-26,Cerro_Hoya_Expedition_Hoya_505m_prizeCrab_2025-01-26,prizeCrab_2025_01_26__19_37_21_HDR0.jpg,prizeCrab_2025_01_26__19_37_21_HDR0_2_Mothbot_yolo11m_4500_imgsz1600_b1_2024-01-18.pt.jpg
doi.org10.15468dl.6nxkw6.csv,Animalia,Arthropoda,Insecta,Diptera,,,,,811,,Diptera,Diptera,Cerro_Hoya_Expedition_Hoya_505m_prizeCrab_2025-01-26,prizeCrab_2025_01_26__19_38_06_HDR0_0_Mothbot_yolo11m_4500_imgsz1600_b1_2024-01-18.pt.jpg,HS,Mothbot_yolo11m_4500_imgsz1600_b1_2024-01-18.pt,0.6997573375701904,,prizeCrab,Cerro_Hoya_Expedition/Hoya_505m_prizeCrab_2025-01-26/2025-01-26/patches/prizeCrab_2025_01_26__19_38_06_HDR0_0_Mothbot_yolo11m_4500_imgsz1600_b1_2024-01-18.pt.jpg,ORDER_Diptera,2025-01-26,19:38:06,,2025_01_26__19_38_06,MachineObservation,Cerro_Hoya_Expedition_Hoya_505m_prizeCrab_2025-01-26_2025-01-26,Cerro_Hoya_Expedition_Hoya_505m_prizeCrab_2025-01-26,prizeCrab_2025_01_26__19_38_06_HDR0.jpg,prizeCrab_2025_01_26__19_38_06_HDR0_0_Mothbot_yolo11m_4500_imgsz1600_b1_2024-01-18.pt.jpg
doi.org10.15468dl.6nxkw6.csv,Animalia,Arthropoda,Insecta,Lepidoptera,,,,,797,,Lepidoptera,Lepidoptera,Cerro_Hoya_Expedition_Hoya_505m_prizeCrab_2025-01-26,prizeCrab_2025_01_26__19_38_06_HDR0_1_Mothbot_yolo11m_4500_imgsz1600_b1_2024-01-18.pt.jpg,HS,Mothbot_yolo11m_4500_imgsz1600_b1_2024-01-18.pt,0.6568968892097473,,prizeCrab,Cerro_Hoya_Expedition/Hoya_505m_prizeCrab_2025-01-26/2025-01-26/patches/prizeCrab_2025_01_26__19_38_06_HDR0_1_Mothbot_yolo11m_4500_imgsz1600_b1_2024-01-18.pt.jpg,ORDER_Psocodea,2025-01-26,19:38:06,,2025_01_26__19_38_06,MachineObservation,Cerro_Hoya_Expedition_Hoya_505m_prizeCrab_2025-01-26_2025-01-26,Cerro_Hoya_Expedition_Hoya_505m_prizeCrab_2025-01-26,prizeCrab_2025_01_26__19_38_06_HDR0.jpg,prizeCrab_2025_01_26__19_38_06_HDR0_1_Mothbot_yolo11m_4500_imgsz1600_b1_2024-01-18.pt.jpg
doi.org10.15468dl.6nxkw6.csv,Animalia,Arthropoda,Insecta,Hemiptera,Cicadellidae,,,,9647,,Cicadellidae,Cicadellidae,Cerro_Hoya_Expedition_Hoya_505m_prizeCrab_2025-01-26,prizeCrab_2025_01_26__19_38_06_HDR0_2_Mothbot_yolo11m_4500_imgsz1600_b1_2024-01-18.pt.jpg,HS,Mothbot_yolo11m_4500_imgsz1600_b1_2024-01-18.pt,0.5694159269332886,,prizeCrab,Cerro_Hoya_Expedition/Hoya_505m_prizeCrab_2025-01-26/2025-01-26/patches/prizeCrab_2025_01_26__19_38_06_HDR0_2_Mothbot_yolo11m_4500_imgsz1600_b1_2024-01-18.pt.jpg,ORDER_Diptera,2025-01-26,19:38:06,,2025_01_26__19_38_06,MachineObservation,Cerro_Hoya_Expedition_Hoya_505m_prizeCrab_2025-01-26_2025-01-26,Cerro_Hoya_Expedition_Hoya_505m_prizeCrab_2025-01-26,prizeCrab_2025_01_26__19_38_06_HDR0.jpg,prizeCrab_2025_01_26__19_38_06_HDR0_2_Mothbot_yolo11m_4500_imgsz1600_b1_2024-01-18.pt.jpg
doi.org10.15468dl.6nxkw6.csv,Animalia,Arthropoda,Insecta,Coleoptera,,,,,1470,,Coleoptera,Coleoptera,Cerro_Hoya_Expedition_Hoya_505m_prizeCrab_2025-01-26,prizeCrab_2025_01_26__19_38_06_HDR0_3_Mothbot_yolo11m_4500_imgsz1600_b1_2024-01-18.pt.jpg,HS,Mothbot_yolo11m_4500_imgsz1600_b1_2024-01-18.pt,0.5072817802429199,,prizeCrab,Cerro_Hoya_Expedition/Hoya_505m_prizeCrab_2025-01-26/2025-01-26/patches/prizeCrab_2025_01_26__19_38_06_HDR0_3_Mothbot_yolo11m_4500_imgsz1600_b1_2024-01-18.pt.jpg,ORDER_Coleoptera,2025-01-26,19:38:06,,2025_01_26__19_38_06,MachineObservation,Cerro_Hoya_Expedition_Hoya_505m_prizeCrab_2025-01-26_2025-01-26,Cerro_Hoya_Expedition_Hoya_505m_prizeCrab_2025-01-26,prizeCrab_2025_01_26__19_38_06_HDR0.jpg,prizeCrab_2025_01_26__19_38_06_HDR0_3_Mothbot_yolo11m_4500_imgsz1600_b1_2024-01-18.pt.jpg
doi.org10.15468dl.6nxkw6.csv,Animalia,Arthropoda,Insecta,Coleoptera,,,,,1470,,Coleoptera,Coleoptera,Cerro_Hoya_Expedition_Hoya_505m_prizeCrab_2025-01-26,prizeCrab_2025_01_26__19_38_06_HDR0_4_Mothbot_yolo11m_4500_imgsz1600_b1_2024-01-18.pt.jpg,HS,Mothbot_yolo11m_4500_imgsz1600_b1_2024-01-18.pt,0.4449408948421478,,prizeCrab,Cerro_Hoya_Expedition/Hoya_505m_prizeCrab_2025-01-26/2025-01-26/patches/prizeCrab_2025_01_26__19_38_06_HDR0_4_Mothbot_yolo11m_4500_imgsz1600_b1_2024-01-18.pt.jpg,ORDER_Hemiptera,2025-01-26,19:38:06,,2025_01_26__19_38_06,MachineObservation,Cerro_Hoya_Expedition_Hoya_505m_prizeCrab_2025-01-26_2025-01-26,Cerro_Hoya_Expedition_Hoya_505m_prizeCrab_2025-01-26,prizeCrab_2025_01_26__19_38_06_HDR0.jpg,prizeCrab_2025_01_26__19_38_06_HDR0_4_Mothbot_yolo11m_4500_imgsz1600_b1_2024-01-18.pt.jpg
doi.org10.15468dl.6nxkw6.csv,Animalia,Arthropoda,Insecta,Lepidoptera,,,,,797,,Lepidoptera,Lepidoptera,Cerro_Hoya_Expedition_Hoya_505m_prizeCrab_2025-01-26,prizeCrab_2025_01_26__19_39_06_HDR0_0_Mothbot_yolo11m_4500_imgsz1600_b1_2024-01-18.pt.jpg,HS,Mothbot_yolo11m_4500_imgsz1600_b1_2024-01-18.pt,0.67112135887146,,prizeCrab,Cerro_Hoya_Expedition/Hoya_505m_prizeCrab_2025-01-26/2025-01-26/patches/prizeCrab_2025_01_26__19_39_06_HDR0_0_Mothbot_yolo11m_4500_imgsz1600_b1_2024-01-18.pt.jpg,ORDER_Lepidoptera,2025-01-26,19:39:06,,2025_01_26__19_39_06,MachineObservation,Cerro_Hoya_Expedition_Hoya_505m_prizeCrab_2025-01-26_2025-01-26,Cerro_Hoya_Expedition_Hoya_505m_prizeCrab_2025-01-26,prizeCrab_2025_01_26__19_39_06_HDR0.jpg,prizeCrab_2025_01_26__19_39_06_HDR0_0_Mothbot_yolo11m_4500_imgsz1600_b1_2024-01-18.pt.jpg
doi.org10.15468dl.6nxkw6.csv,Animalia,Arthropoda,Insecta,Lepidoptera,,,,,797,,Lepidoptera,Lepidoptera,Cerro_Hoya_Expedition_Hoya_505m_prizeCrab_2025-01-26,prizeCrab_2025_01_26__19_39_06_HDR0_1_Mothbot_yolo11m_4500_imgsz1600_b1_2024-01-18.pt.jpg,HS,Mothbot_yolo11m_4500_imgsz1600_b1_2024-01-18.pt,0.6390377879142761,,prizeCrab,Cerro_Hoya_Expedition/Hoya_505m_prizeCrab_2025-01-26/2025-01-26/patches/prizeCrab_2025_01_26__19_39_06_HDR0_1_Mothbot_yolo11m_4500_imgsz1600_b1_2024-01-18.pt.jpg,ORDER_Zygentoma,2025-01-26,19:39:06,,2025_01_26__19_39_06,MachineObservation,Cerro_Hoya_Expedition_Hoya_505m_prizeCrab_2025-01-26_2025-01-26,Cerro_Hoya_Expedition_Hoya_505m_prizeCrab_2025-01-26,prizeCrab_2025_01_26__19_39_06_HDR0.jpg,prizeCrab_2025_01_26__19_39_06_HDR0_1_Mothbot_yolo11m_4500_imgsz1600_b1_2024-01-18.pt.jpg
doi.org10.15468dl.6nxkw6.csv,Animalia,Arthropoda,Insecta,Hemiptera,Cicadellidae,,,,9647,,Cicadellidae,Cicadellidae,Cerro_Hoya_Expedition_Hoya_505m_prizeCrab_2025-01-26,prizeCrab_2025_01_26__19_39_06_HDR0_2_Mothbot_yolo11m_4500_imgsz1600_b1_2024-01-18.pt.jpg,HS,Mothbot_yolo11m_4500_imgsz1600_b1_2024-01-18.pt,0.6283976435661316,,prizeCrab,Cerro_Hoya_Expedition/Hoya_505m_prizeCrab_2025-01-26/2025-01-26/patches/prizeCrab_2025_01_26__19_39_06_HDR0_2_Mothbot_yolo11m_4500_imgsz1600_b1_2024-01-18.pt.jpg,ORDER_Lepidoptera,2025-01-26,19:39:06,,2025_01_26__19_39_06,MachineObservation,Cerro_Hoya_Expedition_Hoya_505m_prizeCrab_2025-01-26_2025-01-26,Cerro_Hoya_Expedition_Hoya_505m_prizeCrab_2025-01-26,prizeCrab_2025_01_26__19_39_06_HDR0.jpg,prizeCrab_2025_01_26__19_39_06_HDR0_2_Mothbot_yolo11m_4500_imgsz1600_b1_2024-01-18.pt.jpg
doi.org10.15468dl.6nxkw6.csv,Animalia,Arthropoda,Insecta,Lepidoptera,,,,,797,,Lepidoptera,Lepidoptera,Cerro_Hoya_Expedition_Hoya_505m_prizeCrab_2025-01-26,prizeCrab_2025_01_26__19_40_06_HDR0_0_Mothbot_yolo11m_4500_imgsz1600_b1_2024-01-18.pt.jpg,HS,Mothbot_yolo11m_4500_imgsz1600_b1_2024-01-18.pt,0.6722694635391235,,prizeCrab,Cerro_Hoya_Expedition/Hoya_505m_prizeCrab_2025-01-26/2025-01-26/patches/prizeCrab_2025_01_26__19_40_06_HDR0_0_Mothbot_yolo11m_4500_imgsz1600_b1_2024-01-18.pt.jpg,ORDER_Zygentoma,2025-01-26,19:40:06,,2025_01_26__19_40_06,MachineObservation,Cerro_Hoya_Expedition_Hoya_505m_prizeCrab_2025-01-26_2025-01-26,Cerro_Hoya_Expedition_Hoya_505m_prizeCrab_2025-01-26,prizeCrab_2025_01_26__19_40_06_HDR0.jpg,prizeCrab_2025_01_26__19_40_06_HDR0_0_Mothbot_yolo11m_4500_imgsz1600_b1_2024-01-18.pt.jpg
doi.org10.15468dl.6nxkw6.csv,Animalia,Arthropoda,Insecta,Hemiptera,Cicadellidae,,,,9647,,Cicadellidae,Cicadellidae,Cerro_Hoya_Expedition_Hoya_505m_prizeCrab_2025-01-26,prizeCrab_2025_01_26__19_40_06_HDR0_1_Mothbot_yolo11m_4500_imgsz1600_b1_2024-01-18.pt.jpg,HS,Mothbot_yolo11m_4500_imgsz1600_b1_2024-01-18.pt,0.6114770770072937,,prizeCrab,Cerro_Hoya_Expedition/Hoya_505m_prizeCrab_2025-01-26/2025-01-26/patches/prizeCrab_2025_01_26__19_40_06_HDR0_1_Mothbot_yolo11m_4500_imgsz1600_b1_2024-01-18.pt.jpg,ORDER_Diptera,2025-01-26,19:40:06,,2025_01_26__19_40_06,MachineObservation,Cerro_Hoya_Expedition_Hoya_505m_prizeCrab_2025-01-26_2025-01-26,Cerro_Hoya_Expedition_Hoya_505m_prizeCrab_2025-01-26,prizeCrab_2025_01_26__19_40_06_HDR0.jpg,prizeCrab_2025_01_26__19_40_06_HDR0_1_Mothbot_yolo11m_4500_imgsz1600_b1_2024-01-18.pt.jpg
doi.org10.15468dl.6nxkw6.csv,Animalia,Arthropoda,Insecta,Lepidoptera,,,,,797,,Lepidoptera,Lepidoptera,Cerro_Hoya_Expedition_Hoya_505m_prizeCrab_2025-01-26,prizeCrab_2025_01_26__19_41_05_HDR0_0_Mothbot_yolo11m_4500_imgsz1600_b1_2024-01-18.pt.jpg,HS,Mothbot_yolo11m_4500_imgsz1600_b1_2024-01-18.pt,0.6731654405593872,,prizeCrab,Cerro_Hoya_Expedition/Hoya_505m_prizeCrab_2025-01-26/2025-01-26/patches/prizeCrab_2025_01_26__19_41_05_HDR0_0_Mothbot_yolo11m_4500_imgsz1600_b1_2024-01-18.pt.jpg,ORDER_Zygentoma,2025-01-26,19:41:05,,2025_01_26__19_41_05,MachineObservation,Cerro_Hoya_Expedition_Hoya_505m_prizeCrab_2025-01-26_2025-01-26,Cerro_Hoya_Expedition_Hoya_505m_prizeCrab_2025-01-26,prizeCrab_2025_01_26__19_41_05_HDR0.jpg,prizeCrab_2025_01_26__19_41_05_HDR0_0_Mothbot_yolo11m_4500_imgsz1600_b1_2024-01-18.pt.jpg
doi.org10.15468dl.6nxkw6.csv,Animalia,Arthropoda,Insecta,Hemiptera,,,,,809,,Hemiptera,Hemiptera,Cerro_Hoya_Expedition_Hoya_505m_prizeCrab_2025-01-26,prizeCrab_2025_01_26__19_41_05_HDR0_1_Mothbot_yolo11m_4500_imgsz1600_b1_2024-01-18.pt.jpg,HS,Mothbot_yolo11m_4500_imgsz1600_b1_2024-01-18.pt,0.6062585711479187,,prizeCrab,Cerro_Hoya_Expedition/Hoya_505m_prizeCrab_2025-01-26/2025-01-26/patches/prizeCrab_2025_01_26__19_41_05_HDR0_1_Mothbot_yolo11m_4500_imgsz1600_b1_2024-01-18.pt.jpg,ORDER_Lepidoptera,2025-01-26,19:41:05,,2025_01_26__19_41_05,MachineObservation,Cerro_Hoya_Expedition_Hoya_505m_prizeCrab_2025-01-26_2025-01-26,Cerro_Hoya_Expedition_Hoya_505m_prizeCrab_2025-01-26,prizeCrab_2025_01_26__19_41_05_HDR0.jpg,prizeCrab_2025_01_26__19_41_05_HDR0_1_Mothbot_yolo11m_4500_imgsz1600_b1_2024-01-18.pt.jpg
doi.org10.15468dl.6nxkw6.csv,Animalia,Arthropoda,Insecta,Lepidoptera,,,,,797,,Lepidoptera,Lepidoptera,Cerro_Hoya_Expedition_Hoya_505m_prizeCrab_2025-01-26,prizeCrab_2025_01_26__19_42_06_HDR0_0_Mothbot_yolo11m_4500_imgsz1600_b1_2024-01-18.pt.jpg,HS,Mothbot_yolo11m_4500_imgsz1600_b1_2024-01-18.pt,0.6660079956054688,,prizeCrab,Cerro_Hoya_Expedition/Hoya_505m_prizeCrab_2025-01-26/2025-01-26/patches/prizeCrab_2025_01_26__19_42_06_HDR0_0_Mothbot_yolo11m_4500_imgsz1600_b1_2024-01-18.pt.jpg,ORDER_Zygentoma,2025-01-26,19:42:06,,2025_01_26__19_42_06,MachineObservation,Cerro_Hoya_Expedition_Hoya_505m_prizeCrab_2025-01-26_2025-01-26,Cerro_Hoya_Expedition_Hoya_505m_prizeCrab_2025-01-26,prizeCrab_2025_01_26__19_42_06_HDR0.jpg,prizeCrab_2025_01_26__19_42_06_HDR0_0_Mothbot_yolo11m_4500_imgsz1600_b1_2024-01-18.pt.jpg
doi.org10.15468dl.6nxkw6.csv,Animalia,Arthropoda,Insecta,Hemiptera,Cicadellidae,,,,9647,,Cicadellidae,Cicadellidae,Cerro_Hoya_Expedition_Hoya_505m_prizeCrab_2025-01-26,prizeCrab_2025_01_26__19_42_06_HDR0_1_Mothbot_yolo11m_4500_imgsz1600_b1_2024-01-18.pt.jpg,HS,Mothbot_yolo11m_4500_imgsz1600_b1_2024-01-18.pt,0.34210988879203796,,prizeCrab,Cerro_Hoya_Expedition/Hoya_505m_prizeCrab_2025-01-26/2025-01-26/patches/prizeCrab_2025_01_26__19_42_06_HDR0_1_Mothbot_yolo11m_4500_imgsz1600_b1_2024-01-18.pt.jpg,ORDER_Hemiptera,2025-01-26,19:42:06,,2025_01_26__19_42_06,MachineObservation,Cerro_Hoya_Expedition_Hoya_505m_prizeCrab_2025-01-26_2025-01-26,Cerro_Hoya_Expedition_Hoya_505m_prizeCrab_2025-01-26,prizeCrab_2025_01_26__19_42_06_HDR0.jpg,prizeCrab_2025_01_26__19_42_06_HDR0_1_Mothbot_yolo11m_4500_imgsz1600_b1_2024-01-18.pt.jpg
doi.org10.15468dl.6nxkw6.csv,Animalia,Arthropoda,Insecta,Lepidoptera,,,,,797,,Lepidoptera,Lepidoptera,Cerro_Hoya_Expedition_Hoya_505m_prizeCrab_2025-01-26,prizeCrab_2025_01_26__19_43_06_HDR0_0_Mothbot_yolo11m_4500_imgsz1600_b1_2024-01-18.pt.jpg,HS,Mothbot_yolo11m_4500_imgsz1600_b1_2024-01-18.pt,0.7518293261528015,,prizeCrab,Cerro_Hoya_Expedition/Hoya_505m_prizeCrab_2025-01-26/2025-01-26/patches/prizeCrab_2025_01_26__19_43_06_HDR0_0_Mothbot_yolo11m_4500_imgsz1600_b1_2024-01-18.pt.jpg,ORDER_Lepidoptera,2025-01-26,19:43:06,,2025_01_26__19_43_06,MachineObservation,Cerro_Hoya_Expedition_Hoya_505m_prizeCrab_2025-01-26_2025-01-26,Cerro_Hoya_Expedition_Hoya_505m_prizeCrab_2025-01-26,prizeCrab_2025_01_26__19_43_06_HDR0.jpg,prizeCrab_2025_01_26__19_43_06_HDR0_0_Mothbot_yolo11m_4500_imgsz1600_b1_2024-01-18.pt.jpg
doi.org10.15468dl.6nxkw6.csv,Animalia,Arthropoda,Insecta,Coleoptera,,,,,1470,,Coleoptera,Coleoptera,Cerro_Hoya_Expedition_Hoya_505m_prizeCrab_2025-01-26,prizeCrab_2025_01_26__19_43_06_HDR0_1_Mothbot_yolo11m_4500_imgsz1600_b1_2024-01-18.pt.jpg,HS,Mothbot_yolo11m_4500_imgsz1600_b1_2024-01-18.pt,0.6701241731643677,,prizeCrab,Cerro_Hoya_Expedition/Hoya_505m_prizeCrab_2025-01-26/2025-01-26/patches/prizeCrab_2025_01_26__19_43_06_HDR0_1_Mothbot_yolo11m_4500_imgsz1600_b1_2024-01-18.pt.jpg,ORDER_Coleoptera,2025-01-26,19:43:06,,2025_01_26__19_43_06,MachineObservation,Cerro_Hoya_Expedition_Hoya_505m_prizeCrab_2025-01-26_2025-01-26,Cerro_Hoya_Expedition_Hoya_505m_prizeCrab_2025-01-26,prizeCrab_2025_01_26__19_43_06_HDR0.jpg,prizeCrab_2025_01_26__19_43_06_HDR0_1_Mothbot_yolo11m_4500_imgsz1600_b1_2024-01-18.pt.jpg
doi.org10.15468dl.6nxkw6.csv,Animalia,Arthropoda,Insecta,Hemiptera,Cicadellidae,,,,9647,,Cicadellidae,Cicadellidae,Cerro_Hoya_Expedition_Hoya_505m_prizeCrab_2025-01-26,prizeCrab_2025_01_26__19_43_06_HDR0_2_Mothbot_yolo11m_4500_imgsz1600_b1_2024-01-18.pt.jpg,HS,Mothbot_yolo11m_4500_imgsz1600_b1_2024-01-18.pt,0.3848032057285309,,prizeCrab,Cerro_Hoya_Expedition/Hoya_505m_prizeCrab_2025-01-26/2025-01-26/patches/prizeCrab_2025_01_26__19_43_06_HDR0_2_Mothbot_yolo11m_4500_imgsz1600_b1_2024-01-18.pt.jpg,ORDER_Blattodea,2025-01-26,19:43:06,,2025_01_26__19_43_06,MachineObservation,Cerro_Hoya_Expedition_Hoya_505m_prizeCrab_2025-01-26_2025-01-26,Cerro_Hoya_Expedition_Hoya_505m_prizeCrab_2025-01-26,prizeCrab_2025_01_26__19_43_06_HDR0.jpg,prizeCrab_2025_01_26__19_43_06_HDR0_2_Mothbot_yolo11m_4500_imgsz1600_b1_2024-01-18.pt.jpg
doi.org10.15468dl.6nxkw6.csv,Animalia,Arthropoda,Insecta,Coleoptera,,,,,1470,,Coleoptera,Coleoptera,Cerro_Hoya_Expedition_Hoya_505m_prizeCrab_2025-01-26,prizeCrab_2025_01_26__19_44_22_HDR0_0_Mothbot_yolo11m_4500_imgsz1600_b1_2024-01-18.pt.jpg,HS,Mothbot_yolo11m_4500_imgsz1600_b1_2024-01-18.pt,0.7150227427482605,,prizeCrab,Cerro_Hoya_Expedition/Hoya_505m_prizeCrab_2025-01-26/2025-01-26/patches/prizeCrab_2025_01_26__19_44_22_HDR0_0_Mothbot_yolo11m_4500_imgsz1600_b1_2024-01-18.pt.jpg,ORDER_Hemiptera,2025-01-26,19:44:22,,2025_01_26__19_44_22,MachineObservation,Cerro_Hoya_Expedition_Hoya_505m_prizeCrab_2025-01-26_2025-01-26,Cerro_Hoya_Expedition_Hoya_505m_prizeCrab_2025-01-26,prizeCrab_2025_01_26__19_44_22_HDR0.jpg,prizeCrab_2025_01_26__19_44_22_HDR0_0_Mothbot_yolo11m_4500_imgsz1600_b1_2024-01-18.pt.jpg
doi.org10.15468dl.6nxkw6.csv,Animalia,Arthropoda,Insecta,Hemiptera,,,,,809,,Hemiptera,Hemiptera,Cerro_Hoya_Expedition_Hoya_505m_prizeCrab_2025-01-26,prizeCrab_2025_01_26__19_44_22_HDR0_1_Mothbot_yolo11m_4500_imgsz1600_b1_2024-01-18.pt.jpg,HS,Mothbot_yolo11m_4500_imgsz1600_b1_2024-01-18.pt,0.5656380653381348,,prizeCrab,Cerro_Hoya_Expedition/Hoya_505m_prizeCrab_2025-01-26/2025-01-26/patches/prizeCrab_2025_01_26__19_44_22_HDR0_1_Mothbot_yolo11m_4500_imgsz1600_b1_2024-01-18.pt.jpg,ORDER_Diptera,2025-01-26,19:44:22,,2025_01_26__19_44_22,MachineObservation,Cerro_Hoya_Expedition_Hoya_505m_prizeCrab_2025-01-26_2025-01-26,Cerro_Hoya_Expedition_Hoya_505m_prizeCrab_2025-01-26,prizeCrab_2025_01_26__19_44_22_HDR0.jpg,prizeCrab_2025_01_26__19_44_22_HDR0_1_Mothbot_yolo11m_4500_imgsz1600_b1_2024-01-18.pt.jpg
doi.org10.15468dl.6nxkw6.csv,Animalia,Arthropoda,Insecta,Lepidoptera,,,,,797,,Lepidoptera,Lepidoptera,Cerro_Hoya_Expedition_Hoya_505m_prizeCrab_2025-01-26,prizeCrab_2025_01_26__19_44_22_HDR0_2_Mothbot_yolo11m_4500_imgsz1600_b1_2024-01-18.pt.jpg,HS,Mothbot_yolo11m_4500_imgsz1600_b1_2024-01-18.pt,0.4219709038734436,,prizeCrab,Cerro_Hoya_Expedition/Hoya_505m_prizeCrab_2025-01-26/2025-01-26/patches/prizeCrab_2025_01_26__19_44_22_HDR0_2_Mothbot_yolo11m_4500_imgsz1600_b1_2024-01-18.pt.jpg,ORDER_Diptera,2025-01-26,19:44:22,,2025_01_26__19_44_22,MachineObservation,Cerro_Hoya_Expedition_Hoya_505m_prizeCrab_2025-01-26_2025-01-26,Cerro_Hoya_Expedition_Hoya_505m_prizeCrab_2025-01-26,prizeCrab_2025_01_26__19_44_22_HDR0.jpg,prizeCrab_2025_01_26__19_44_22_HDR0_2_Mothbot_yolo11m_4500_imgsz1600_b1_2024-01-18.pt.jpg
doi.org10.15468dl.6nxkw6.csv,Animalia,Arthropoda,Insecta,Hemiptera,Cicadellidae,,,,9647,,Cicadellidae,Cicadellidae,Cerro_Hoya_Expedition_Hoya_505m_prizeCrab_2025-01-26,prizeCrab_2025_01_26__19_44_22_HDR0_3_Mothbot_yolo11m_4500_imgsz1600_b1_2024-01-18.pt.jpg,HS,Mothbot_yolo11m_4500_imgsz1600_b1_2024-01-18.pt,0.41809725761413574,,prizeCrab,Cerro_Hoya_Expedition/Hoya_505m_prizeCrab_2025-01-26/2025-01-26/patches/prizeCrab_2025_01_26__19_44_22_HDR0_3_Mothbot_yolo11m_4500_imgsz1600_b1_2024-01-18.pt.jpg,ORDER_Blattodea,2025-01-26,19:44:22,,2025_01_26__19_44_22,MachineObservation,Cerro_Hoya_Expedition_Hoya_505m_prizeCrab_2025-01-26_2025-01-26,Cerro_Hoya_Expedition_Hoya_505m_prizeCrab_2025-01-26,prizeCrab_2025_01_26__19_44_22_HDR0.jpg,prizeCrab_2025_01_26__19_44_22_HDR0_3_Mothbot_yolo11m_4500_imgsz1600_b1_2024-01-18.pt.jpg
doi.org10.15468dl.6nxkw6.csv,Animalia,Arthropoda,Insecta,Coleoptera,,,,,1470,,Coleoptera,Coleoptera,Cerro_Hoya_Expedition_Hoya_505m_prizeCrab_2025-01-26,prizeCrab_2025_01_26__19_45_06_HDR0_0_Mothbot_yolo11m_4500_imgsz1600_b1_2024-01-18.pt.jpg,HS,Mothbot_yolo11m_4500_imgsz1600_b1_2024-01-18.pt,0.6670694947242737,,prizeCrab,Cerro_Hoya_Expedition/Hoya_505m_prizeCrab_2025-01-26/2025-01-26/patches/prizeCrab_2025_01_26__19_45_06_HDR0_0_Mothbot_yolo11m_4500_imgsz1600_b1_2024-01-18.pt.jpg,ORDER_Coleoptera,2025-01-26,19:45:06,,2025_01_26__19_45_06,MachineObservation,Cerro_Hoya_Expedition_Hoya_505m_prizeCrab_2025-01-26_2025-01-26,Cerro_Hoya_Expedition_Hoya_505m_prizeCrab_2025-01-26,prizeCrab_2025_01_26__19_45_06_HDR0.jpg,prizeCrab_2025_01_26__19_45_06_HDR0_0_Mothbot_yolo11m_4500_imgsz1600_b1_2024-01-18.pt.jpg
doi.org10.15468dl.6nxkw6.csv,Animalia,Arthropoda,Insecta,Hemiptera,Cicadellidae,,,,9647,,Cicadellidae,Cicadellidae,Cerro_Hoya_Expedition_Hoya_505m_prizeCrab_2025-01-26,prizeCrab_2025_01_26__19_45_06_HDR0_1_Mothbot_yolo11m_4500_imgsz1600_b1_2024-01-18.pt.jpg,HS,Mothbot_yolo11m_4500_imgsz1600_b1_2024-01-18.pt,0.46175292134284973,,prizeCrab,Cerro_Hoya_Expedition/Hoya_505m_prizeCrab_2025-01-26/2025-01-26/patches/prizeCrab_2025_01_26__19_45_06_HDR0_1_Mothbot_yolo11m_4500_imgsz1600_b1_2024-01-18.pt.jpg,ORDER_Odonata,2025-01-26,19:45:06,,2025_01_26__19_45_06,MachineObservation,Cerro_Hoya_Expedition_Hoya_505m_prizeCrab_2025-01-26_2025-01-26,Cerro_Hoya_Expedition_Hoya_505m_prizeCrab_2025-01-26,prizeCrab_2025_01_26__19_45_06_HDR0.jpg,prizeCrab_2025_01_26__19_45_06_HDR0_1_Mothbot_yolo11m_4500_imgsz1600_b1_2024-01-18.pt.jpg
doi.org10.15468dl.6nxkw6.csv,Animalia,Arthropoda,Insecta,Hemiptera,Cicadellidae,,,,9647,,Cicadellidae,Cicadellidae,Cerro_Hoya_Expedition_Hoya_505m_prizeCrab_2025-01-26,prizeCrab_2025_01_26__19_45_06_HDR0_2_Mothbot_yolo11m_4500_imgsz1600_b1_2024-01-18.pt.jpg,HS,Mothbot_yolo11m_4500_imgsz1600_b1_2024-01-18.pt,0.3866121470928192,,prizeCrab,Cerro_Hoya_Expedition/Hoya_505m_prizeCrab_2025-01-26/2025-01-26/patches/prizeCrab_2025_01_26__19_45_06_HDR0_2_Mothbot_yolo11m_4500_imgsz1600_b1_2024-01-18.pt.jpg,ORDER_Hemiptera,2025-01-26,19:45:06,,2025_01_26__19_45_06,MachineObservation,Cerro_Hoya_Expedition_Hoya_505m_prizeCrab_2025-01-26_2025-01-26,Cerro_Hoya_Expedition_Hoya_505m_prizeCrab_2025-01-26,prizeCrab_2025_01_26__19_45_06_HDR0.jpg,prizeCrab_2025_01_26__19_45_06_HDR0_2_Mothbot_yolo11m_4500_imgsz1600_b1_2024-01-18.pt.jpg
doi.org10.15468dl.6nxkw6.csv,Animalia,Arthropoda,Insecta,Lepidoptera,,,,,797,,Lepidoptera,Lepidoptera,Cerro_Hoya_Expedition_Hoya_505m_prizeCrab_2025-01-26,prizeCrab_2025_01_26__19_45_06_HDR0_3_Mothbot_yolo11m_4500_imgsz1600_b1_2024-01-18.pt.jpg,HS,Mothbot_yolo11m_4500_imgsz1600_b1_2024-01-18.pt,0.3275984227657318,,prizeCrab,Cerro_Hoya_Expedition/Hoya_505m_prizeCrab_2025-01-26/2025-01-26/patches/prizeCrab_2025_01_26__19_45_06_HDR0_3_Mothbot_yolo11m_4500_imgsz1600_b1_2024-01-18.pt.jpg,ORDER_Diptera,2025-01-26,19:45:06,,2025_01_26__19_45_06,MachineObservation,Cerro_Hoya_Expedition_Hoya_505m_prizeCrab_2025-01-26_2025-01-26,Cerro_Hoya_Expedition_Hoya_505m_prizeCrab_2025-01-26,prizeCrab_2025_01_26__19_45_06_HDR0.jpg,prizeCrab_2025_01_26__19_45_06_HDR0_3_Mothbot_yolo11m_4500_imgsz1600_b1_2024-01-18.pt.jpg
doi.org10.15468dl.6nxkw6.csv,Animalia,Arthropoda,Insecta,Lepidoptera,,,,,797,,Lepidoptera,Lepidoptera,Cerro_Hoya_Expedition_Hoya_505m_prizeCrab_2025-01-26,prizeCrab_2025_01_26__19_45_06_HDR0_4_Mothbot_yolo11m_4500_imgsz1600_b1_2024-01-18.pt.jpg,HS,Mothbot_yolo11m_4500_imgsz1600_b1_2024-01-18.pt,0.2579261064529419,,prizeCrab,Cerro_Hoya_Expedition/Hoya_505m_prizeCrab_2025-01-26/2025-01-26/patches/prizeCrab_2025_01_26__19_45_06_HDR0_4_Mothbot_yolo11m_4500_imgsz1600_b1_2024-01-18.pt.jpg,ORDER_Lepidoptera,2025-01-26,19:45:06,,2025_01_26__19_45_06,MachineObservation,Cerro_Hoya_Expedition_Hoya_505m_prizeCrab_2025-01-26_2025-01-26,Cerro_Hoya_Expedition_Hoya_505m_prizeCrab_2025-01-26,prizeCrab_2025_01_26__19_45_06_HDR0.jpg,prizeCrab_2025_01_26__19_45_06_HDR0_4_Mothbot_yolo11m_4500_imgsz1600_b1_2024-01-18.pt.jpg
doi.org10.15468dl.6nxkw6.csv,Animalia,Arthropoda,Insecta,Coleoptera,,,,,1470,,Coleoptera,Coleoptera,Cerro_Hoya_Expedition_Hoya_505m_prizeCrab_2025-01-26,prizeCrab_2025_01_26__19_46_06_HDR0_0_Mothbot_yolo11m_4500_imgsz1600_b1_2024-01-18.pt.jpg,HS,Mothbot_yolo11m_4500_imgsz1600_b1_2024-01-18.pt,0.6553038954734802,,prizeCrab,Cerro_Hoya_Expedition/Hoya_505m_prizeCrab_2025-01-26/2025-01-26/patches/prizeCrab_2025_01_26__19_46_06_HDR0_0_Mothbot_yolo11m_4500_imgsz1600_b1_2024-01-18.pt.jpg,ORDER_Diptera,2025-01-26,19:46:06,,2025_01_26__19_46_06,MachineObservation,Cerro_Hoya_Expedition_Hoya_505m_prizeCrab_2025-01-26_2025-01-26,Cerro_Hoya_Expedition_Hoya_505m_prizeCrab_2025-01-26,prizeCrab_2025_01_26__19_46_06_HDR0.jpg,prizeCrab_2025_01_26__19_46_06_HDR0_0_Mothbot_yolo11m_4500_imgsz1600_b1_2024-01-18.pt.jpg
doi.org10.15468dl.6nxkw6.csv,Animalia,Arthropoda,Insecta,Hemiptera,Cicadellidae,,,,9647,,Cicadellidae,Cicadellidae,Cerro_Hoya_Expedition_Hoya_505m_prizeCrab_2025-01-26,prizeCrab_2025_01_26__19_46_06_HDR0_1_Mothbot_yolo11m_4500_imgsz1600_b1_2024-01-18.pt.jpg,HS,Mothbot_yolo11m_4500_imgsz1600_b1_2024-01-18.pt,0.5286033153533936,,prizeCrab,Cerro_Hoya_Expedition/Hoya_505m_prizeCrab_2025-01-26/2025-01-26/patches/prizeCrab_2025_01_26__19_46_06_HDR0_1_Mothbot_yolo11m_4500_imgsz1600_b1_2024-01-18.pt.jpg,ORDER_Diptera,2025-01-26,19:46:06,,2025_01_26__19_46_06,MachineObservation,Cerro_Hoya_Expedition_Hoya_505m_prizeCrab_2025-01-26_2025-01-26,Cerro_Hoya_Expedition_Hoya_505m_prizeCrab_2025-01-26,prizeCrab_2025_01_26__19_46_06_HDR0.jpg,prizeCrab_2025_01_26__19_46_06_HDR0_1_Mothbot_yolo11m_4500_imgsz1600_b1_2024-01-18.pt.jpg
doi.org10.15468dl.6nxkw6.csv,Animalia,Arthropoda,Insecta,Hemiptera,Cicadellidae,,,,9647,,Cicadellidae,Cicadellidae,Cerro_Hoya_Expedition_Hoya_505m_prizeCrab_2025-01-26,prizeCrab_2025_01_26__19_46_06_HDR0_2_Mothbot_yolo11m_4500_imgsz1600_b1_2024-01-18.pt.jpg,HS,Mothbot_yolo11m_4500_imgsz1600_b1_2024-01-18.pt,0.41843509674072266,,prizeCrab,Cerro_Hoya_Expedition/Hoya_505m_prizeCrab_2025-01-26/2025-01-26/patches/prizeCrab_2025_01_26__19_46_06_HDR0_2_Mothbot_yolo11m_4500_imgsz1600_b1_2024-01-18.pt.jpg,ORDER_Hemiptera,2025-01-26,19:46:06,,2025_01_26__19_46_06,MachineObservation,Cerro_Hoya_Expedition_Hoya_505m_prizeCrab_2025-01-26_2025-01-26,Cerro_Hoya_Expedition_Hoya_505m_prizeCrab_2025-01-26,prizeCrab_2025_01_26__19_46_06_HDR0.jpg,prizeCrab_2025_01_26__19_46_06_HDR0_2_Mothbot_yolo11m_4500_imgsz1600_b1_2024-01-18.pt.jpg
doi.org10.15468dl.6nxkw6.csv,Animalia,Arthropoda,Insecta,Lepidoptera,,,,,797,,Lepidoptera,Lepidoptera,Cerro_Hoya_Expedition_Hoya_505m_prizeCrab_2025-01-26,prizeCrab_2025_01_26__19_46_06_HDR0_3_Mothbot_yolo11m_4500_imgsz1600_b1_2024-01-18.pt.jpg,HS,Mothbot_yolo11m_4500_imgsz1600_b1_2024-01-18.pt,0.3499157428741455,,prizeCrab,Cerro_Hoya_Expedition/Hoya_505m_prizeCrab_2025-01-26/2025-01-26/patches/prizeCrab_2025_01_26__19_46_06_HDR0_3_Mothbot_yolo11m_4500_imgsz1600_b1_2024-01-18.pt.jpg,ORDER_Diptera,2025-01-26,19:46:06,,2025_01_26__19_46_06,MachineObservation,Cerro_Hoya_Expedition_Hoya_505m_prizeCrab_2025-01-26_2025-01-26,Cerro_Hoya_Expedition_Hoya_505m_prizeCrab_2025-01-26,prizeCrab_2025_01_26__19_46_06_HDR0.jpg,prizeCrab_2025_01_26__19_46_06_HDR0_3_Mothbot_yolo11m_4500_imgsz1600_b1_2024-01-18.pt.jpg
doi.org10.15468dl.6nxkw6.csv,Animalia,Arthropoda,Insecta,Diptera,,,,,811,,Diptera,Diptera,Cerro_Hoya_Expedition_Hoya_505m_prizeCrab_2025-01-26,prizeCrab_2025_01_26__19_46_06_HDR0_4_Mothbot_yolo11m_4500_imgsz1600_b1_2024-01-18.pt.jpg,HS,Mothbot_yolo11m_4500_imgsz1600_b1_2024-01-18.pt,0.29241520166397095,,prizeCrab,Cerro_Hoya_Expedition/Hoya_505m_prizeCrab_2025-01-26/2025-01-26/patches/prizeCrab_2025_01_26__19_46_06_HDR0_4_Mothbot_yolo11m_4500_imgsz1600_b1_2024-01-18.pt.jpg,ORDER_Diptera,2025-01-26,19:46:06,,2025_01_26__19_46_06,MachineObservation,Cerro_Hoya_Expedition_Hoya_505m_prizeCrab_2025-01-26_2025-01-26,Cerro_Hoya_Expedition_Hoya_505m_prizeCrab_2025-01-26,prizeCrab_2025_01_26__19_46_06_HDR0.jpg,prizeCrab_2025_01_26__19_46_06_HDR0_4_Mothbot_yolo11m_4500_imgsz1600_b1_2024-01-18.pt.jpg
doi.org10.15468dl.6nxkw6.csv,Animalia,Arthropoda,Insecta,Coleoptera,,,,,1470,,Coleoptera,Coleoptera,Cerro_Hoya_Expedition_Hoya_505m_prizeCrab_2025-01-26,prizeCrab_2025_01_26__19_47_05_HDR0_0_Mothbot_yolo11m_4500_imgsz1600_b1_2024-01-18.pt.jpg,HS,Mothbot_yolo11m_4500_imgsz1600_b1_2024-01-18.pt,0.6433634161949158,,prizeCrab,Cerro_Hoya_Expedition/Hoya_505m_prizeCrab_2025-01-26/2025-01-26/patches/prizeCrab_2025_01_26__19_47_05_HDR0_0_Mothbot_yolo11m_4500_imgsz1600_b1_2024-01-18.pt.jpg,ORDER_Psocodea,2025-01-26,19:47:05,,2025_01_26__19_47_05,MachineObservation,Cerro_Hoya_Expedition_Hoya_505m_prizeCrab_2025-01-26_2025-01-26,Cerro_Hoya_Expedition_Hoya_505m_prizeCrab_2025-01-26,prizeCrab_2025_01_26__19_47_05_HDR0.jpg,prizeCrab_2025_01_26__19_47_05_HDR0_0_Mothbot_yolo11m_4500_imgsz1600_b1_2024-01-18.pt.jpg
doi.org10.15468dl.6nxkw6.csv,Animalia,Arthropoda,Insecta,Diptera,,,,,811,,Diptera,Diptera,Cerro_Hoya_Expedition_Hoya_505m_prizeCrab_2025-01-26,prizeCrab_2025_01_26__19_47_05_HDR0_1_Mothbot_yolo11m_4500_imgsz1600_b1_2024-01-18.pt.jpg,HS,Mothbot_yolo11m_4500_imgsz1600_b1_2024-01-18.pt,0.5671536326408386,,prizeCrab,Cerro_Hoya_Expedition/Hoya_505m_prizeCrab_2025-01-26/2025-01-26/patches/prizeCrab_2025_01_26__19_47_05_HDR0_1_Mothbot_yolo11m_4500_imgsz1600_b1_2024-01-18.pt.jpg,ORDER_Diptera,2025-01-26,19:47:05,,2025_01_26__19_47_05,MachineObservation,Cerro_Hoya_Expedition_Hoya_505m_prizeCrab_2025-01-26_2025-01-26,Cerro_Hoya_Expedition_Hoya_505m_prizeCrab_2025-01-26,prizeCrab_2025_01_26__19_47_05_HDR0.jpg,prizeCrab_2025_01_26__19_47_05_HDR0_1_Mothbot_yolo11m_4500_imgsz1600_b1_2024-01-18.pt.jpg
doi.org10.15468dl.6nxkw6.csv,Animalia,Arthropoda,Insecta,Hemiptera,,,,,809,,Hemiptera,Hemiptera,Cerro_Hoya_Expedition_Hoya_505m_prizeCrab_2025-01-26,prizeCrab_2025_01_26__19_47_05_HDR0_2_Mothbot_yolo11m_4500_imgsz1600_b1_2024-01-18.pt.jpg,HS,Mothbot_yolo11m_4500_imgsz1600_b1_2024-01-18.pt,0.4951242506504059,,prizeCrab,Cerro_Hoya_Expedition/Hoya_505m_prizeCrab_2025-01-26/2025-01-26/patches/prizeCrab_2025_01_26__19_47_05_HDR0_2_Mothbot_yolo11m_4500_imgsz1600_b1_2024-01-18.pt.jpg,ORDER_Diptera,2025-01-26,19:47:05,,2025_01_26__19_47_05,MachineObservation,Cerro_Hoya_Expedition_Hoya_505m_prizeCrab_2025-01-26_2025-01-26,Cerro_Hoya_Expedition_Hoya_505m_prizeCrab_2025-01-26,prizeCrab_2025_01_26__19_47_05_HDR0.jpg,prizeCrab_2025_01_26__19_47_05_HDR0_2_Mothbot_yolo11m_4500_imgsz1600_b1_2024-01-18.pt.jpg
doi.org10.15468dl.6nxkw6.csv,Animalia,Arthropoda,Insecta,Hemiptera,Cicadellidae,,,,9647,,Cicadellidae,Cicadellidae,Cerro_Hoya_Expedition_Hoya_505m_prizeCrab_2025-01-26,prizeCrab_2025_01_26__19_47_05_HDR0_3_Mothbot_yolo11m_4500_imgsz1600_b1_2024-01-18.pt.jpg,HS,Mothbot_yolo11m_4500_imgsz1600_b1_2024-01-18.pt,0.3533344864845276,,prizeCrab,Cerro_Hoya_Expedition/Hoya_505m_prizeCrab_2025-01-26/2025-01-26/patches/prizeCrab_2025_01_26__19_47_05_HDR0_3_Mothbot_yolo11m_4500_imgsz1600_b1_2024-01-18.pt.jpg,ORDER_Hemiptera,2025-01-26,19:47:05,,2025_01_26__19_47_05,MachineObservation,Cerro_Hoya_Expedition_Hoya_505m_prizeCrab_2025-01-26_2025-01-26,Cerro_Hoya_Expedition_Hoya_505m_prizeCrab_2025-01-26,prizeCrab_2025_01_26__19_47_05_HDR0.jpg,prizeCrab_2025_01_26__19_47_05_HDR0_3_Mothbot_yolo11m_4500_imgsz1600_b1_2024-01-18.pt.jpg
doi.org10.15468dl.6nxkw6.csv,Animalia,Arthropoda,Insecta,Coleoptera,,,,,1470,,Coleoptera,Coleoptera,Cerro_Hoya_Expedition_Hoya_505m_prizeCrab_2025-01-26,prizeCrab_2025_01_26__19_48_06_HDR0_0_Mothbot_yolo11m_4500_imgsz1600_b1_2024-01-18.pt.jpg,HS,Mothbot_yolo11m_4500_imgsz1600_b1_2024-01-18.pt,0.683275043964386,,prizeCrab,Cerro_Hoya_Expedition/Hoya_505m_prizeCrab_2025-01-26/2025-01-26/patches/prizeCrab_2025_01_26__19_48_06_HDR0_0_Mothbot_yolo11m_4500_imgsz1600_b1_2024-01-18.pt.jpg,ORDER_Diptera,2025-01-26,19:48:06,,2025_01_26__19_48_06,MachineObservation,Cerro_Hoya_Expedition_Hoya_505m_prizeCrab_2025-01-26_2025-01-26,Cerro_Hoya_Expedition_Hoya_505m_prizeCrab_2025-01-26,prizeCrab_2025_01_26__19_48_06_HDR0.jpg,prizeCrab_2025_01_26__19_48_06_HDR0_0_Mothbot_yolo11m_4500_imgsz1600_b1_2024-01-18.pt.jpg
doi.org10.15468dl.6nxkw6.csv,Animalia,Arthropoda,Insecta,Diptera,,,,,811,,Diptera,Diptera,Cerro_Hoya_Expedition_Hoya_505m_prizeCrab_2025-01-26,prizeCrab_2025_01_26__19_48_06_HDR0_1_Mothbot_yolo11m_4500_imgsz1600_b1_2024-01-18.pt.jpg,HS,Mothbot_yolo11m_4500_imgsz1600_b1_2024-01-18.pt,0.629087507724762,,prizeCrab,Cerro_Hoya_Expedition/Hoya_505m_prizeCrab_2025-01-26/2025-01-26/patches/prizeCrab_2025_01_26__19_48_06_HDR0_1_Mothbot_yolo11m_4500_imgsz1600_b1_2024-01-18.pt.jpg,ORDER_Diptera,2025-01-26,19:48:06,,2025_01_26__19_48_06,MachineObservation,Cerro_Hoya_Expedition_Hoya_505m_prizeCrab_2025-01-26_2025-01-26,Cerro_Hoya_Expedition_Hoya_505m_prizeCrab_2025-01-26,prizeCrab_2025_01_26__19_48_06_HDR0.jpg,prizeCrab_2025_01_26__19_48_06_HDR0_1_Mothbot_yolo11m_4500_imgsz1600_b1_2024-01-18.pt.jpg
doi.org10.15468dl.6nxkw6.csv,Animalia,Arthropoda,Insecta,Hemiptera,Cicadellidae,,,,9647,,Cicadellidae,Cicadellidae,Cerro_Hoya_Expedition_Hoya_505m_prizeCrab_2025-01-26,prizeCrab_2025_01_26__19_48_06_HDR0_2_Mothbot_yolo11m_4500_imgsz1600_b1_2024-01-18.pt.jpg,HS,Mothbot_yolo11m_4500_imgsz1600_b1_2024-01-18.pt,0.5850937366485596,,prizeCrab,Cerro_Hoya_Expedition/Hoya_505m_prizeCrab_2025-01-26/2025-01-26/patches/prizeCrab_2025_01_26__19_48_06_HDR0_2_Mothbot_yolo11m_4500_imgsz1600_b1_2024-01-18.pt.jpg,ORDER_Hemiptera,2025-01-26,19:48:06,,2025_01_26__19_48_06,MachineObservation,Cerro_Hoya_Expedition_Hoya_505m_prizeCrab_2025-01-26_2025-01-26,Cerro_Hoya_Expedition_Hoya_505m_prizeCrab_2025-01-26,prizeCrab_2025_01_26__19_48_06_HDR0.jpg,prizeCrab_2025_01_26__19_48_06_HDR0_2_Mothbot_yolo11m_4500_imgsz1600_b1_2024-01-18.pt.jpg
doi.org10.15468dl.6nxkw6.csv,Animalia,Arthropoda,Insecta,Coleoptera,,,,,1470,,Coleoptera,Coleoptera,Cerro_Hoya_Expedition_Hoya_505m_prizeCrab_2025-01-26,prizeCrab_2025_01_26__19_49_06_HDR0_0_Mothbot_yolo11m_4500_imgsz1600_b1_2024-01-18.pt.jpg,HS,Mothbot_yolo11m_4500_imgsz1600_b1_2024-01-18.pt,0.6803082823753357,,prizeCrab,Cerro_Hoya_Expedition/Hoya_505m_prizeCrab_2025-01-26/2025-01-26/patches/prizeCrab_2025_01_26__19_49_06_HDR0_0_Mothbot_yolo11m_4500_imgsz1600_b1_2024-01-18.pt.jpg,ORDER_Coleoptera,2025-01-26,19:49:06,,2025_01_26__19_49_06,MachineObservation,Cerro_Hoya_Expedition_Hoya_505m_prizeCrab_2025-01-26_2025-01-26,Cerro_Hoya_Expedition_Hoya_505m_prizeCrab_2025-01-26,prizeCrab_2025_01_26__19_49_06_HDR0.jpg,prizeCrab_2025_01_26__19_49_06_HDR0_0_Mothbot_yolo11m_4500_imgsz1600_b1_2024-01-18.pt.jpg
doi.org10.15468dl.6nxkw6.csv,Animalia,Arthropoda,Insecta,Diptera,,,,,811,,Diptera,Diptera,Cerro_Hoya_Expedition_Hoya_505m_prizeCrab_2025-01-26,prizeCrab_2025_01_26__19_49_06_HDR0_1_Mothbot_yolo11m_4500_imgsz1600_b1_2024-01-18.pt.jpg,HS,Mothbot_yolo11m_4500_imgsz1600_b1_2024-01-18.pt,0.6028644442558289,,prizeCrab,Cerro_Hoya_Expedition/Hoya_505m_prizeCrab_2025-01-26/2025-01-26/patches/prizeCrab_2025_01_26__19_49_06_HDR0_1_Mothbot_yolo11m_4500_imgsz1600_b1_2024-01-18.pt.jpg,ORDER_Diptera,2025-01-26,19:49:06,,2025_01_26__19_49_06,MachineObservation,Cerro_Hoya_Expedition_Hoya_505m_prizeCrab_2025-01-26_2025-01-26,Cerro_Hoya_Expedition_Hoya_505m_prizeCrab_2025-01-26,prizeCrab_2025_01_26__19_49_06_HDR0.jpg,prizeCrab_2025_01_26__19_49_06_HDR0_1_Mothbot_yolo11m_4500_imgsz1600_b1_2024-01-18.pt.jpg
doi.org10.15468dl.6nxkw6.csv,Animalia,Arthropoda,Insecta,Hemiptera,Cicadellidae,,,,9647,,Cicadellidae,Cicadellidae,Cerro_Hoya_Expedition_Hoya_505m_prizeCrab_2025-01-26,prizeCrab_2025_01_26__19_49_06_HDR0_2_Mothbot_yolo11m_4500_imgsz1600_b1_2024-01-18.pt.jpg,HS,Mothbot_yolo11m_4500_imgsz1600_b1_2024-01-18.pt,0.566417396068573,,prizeCrab,Cerro_Hoya_Expedition/Hoya_505m_prizeCrab_2025-01-26/2025-01-26/patches/prizeCrab_2025_01_26__19_49_06_HDR0_2_Mothbot_yolo11m_4500_imgsz1600_b1_2024-01-18.pt.jpg,ORDER_Diptera,2025-01-26,19:49:06,,2025_01_26__19_49_06,MachineObservation,Cerro_Hoya_Expedition_Hoya_505m_prizeCrab_2025-01-26_2025-01-26,Cerro_Hoya_Expedition_Hoya_505m_prizeCrab_2025-01-26,prizeCrab_2025_01_26__19_49_06_HDR0.jpg,prizeCrab_2025_01_26__19_49_06_HDR0_2_Mothbot_yolo11m_4500_imgsz1600_b1_2024-01-18.pt.jpg
doi.org10.15468dl.6nxkw6.csv,Animalia,Arthropoda,Insecta,Lepidoptera,,,,,797,,Lepidoptera,Lepidoptera,Cerro_Hoya_Expedition_Hoya_505m_prizeCrab_2025-01-26,prizeCrab_2025_01_26__19_49_06_HDR0_3_Mothbot_yolo11m_4500_imgsz1600_b1_2024-01-18.pt.jpg,HS,Mothbot_yolo11m_4500_imgsz1600_b1_2024-01-18.pt,0.32502156496047974,,prizeCrab,Cerro_Hoya_Expedition/Hoya_505m_prizeCrab_2025-01-26/2025-01-26/patches/prizeCrab_2025_01_26__19_49_06_HDR0_3_Mothbot_yolo11m_4500_imgsz1600_b1_2024-01-18.pt.jpg,ORDER_Lepidoptera,2025-01-26,19:49:06,,2025_01_26__19_49_06,MachineObservation,Cerro_Hoya_Expedition_Hoya_505m_prizeCrab_2025-01-26_2025-01-26,Cerro_Hoya_Expedition_Hoya_505m_prizeCrab_2025-01-26,prizeCrab_2025_01_26__19_49_06_HDR0.jpg,prizeCrab_2025_01_26__19_49_06_HDR0_3_Mothbot_yolo11m_4500_imgsz1600_b1_2024-01-18.pt.jpg
doi.org10.15468dl.6nxkw6.csv,Animalia,Arthropoda,Insecta,Lepidoptera,,,,,797,,Lepidoptera,Lepidoptera,Cerro_Hoya_Expedition_Hoya_505m_prizeCrab_2025-01-26,prizeCrab_2025_01_26__19_49_06_HDR0_4_Mothbot_yolo11m_4500_imgsz1600_b1_2024-01-18.pt.jpg,HS,Mothbot_yolo11m_4500_imgsz1600_b1_2024-01-18.pt,0.30931803584098816,,prizeCrab,Cerro_Hoya_Expedition/Hoya_505m_prizeCrab_2025-01-26/2025-01-26/patches/prizeCrab_2025_01_26__19_49_06_HDR0_4_Mothbot_yolo11m_4500_imgsz1600_b1_2024-01-18.pt.jpg,ORDER_Diptera,2025-01-26,19:49:06,,2025_01_26__19_49_06,MachineObservation,Cerro_Hoya_Expedition_Hoya_505m_prizeCrab_2025-01-26_2025-01-26,Cerro_Hoya_Expedition_Hoya_505m_prizeCrab_2025-01-26,prizeCrab_2025_01_26__19_49_06_HDR0.jpg,prizeCrab_2025_01_26__19_49_06_HDR0_4_Mothbot_yolo11m_4500_imgsz1600_b1_2024-01-18.pt.jpg
doi.org10.15468dl.6nxkw6.csv,Animalia,Arthropoda,Insecta,Coleoptera,,,,,1470,,Coleoptera,Coleoptera,Cerro_Hoya_Expedition_Hoya_505m_prizeCrab_2025-01-26,prizeCrab_2025_01_26__19_50_06_HDR0_0_Mothbot_yolo11m_4500_imgsz1600_b1_2024-01-18.pt.jpg,HS,Mothbot_yolo11m_4500_imgsz1600_b1_2024-01-18.pt,0.8292247653007507,,prizeCrab,Cerro_Hoya_Expedition/Hoya_505m_prizeCrab_2025-01-26/2025-01-26/patches/prizeCrab_2025_01_26__19_50_06_HDR0_0_Mothbot_yolo11m_4500_imgsz1600_b1_2024-01-18.pt.jpg,ORDER_Coleoptera,2025-01-26,19:50:06,,2025_01_26__19_50_06,MachineObservation,Cerro_Hoya_Expedition_Hoya_505m_prizeCrab_2025-01-26_2025-01-26,Cerro_Hoya_Expedition_Hoya_505m_prizeCrab_2025-01-26,prizeCrab_2025_01_26__19_50_06_HDR0.jpg,prizeCrab_2025_01_26__19_50_06_HDR0_0_Mothbot_yolo11m_4500_imgsz1600_b1_2024-01-18.pt.jpg
doi.org10.15468dl.6nxkw6.csv,Animalia,Arthropoda,Insecta,Coleoptera,,,,,1470,,Coleoptera,Coleoptera,Cerro_Hoya_Expedition_Hoya_505m_prizeCrab_2025-01-26,prizeCrab_2025_01_26__19_50_06_HDR0_1_Mothbot_yolo11m_4500_imgsz1600_b1_2024-01-18.pt.jpg,HS,Mothbot_yolo11m_4500_imgsz1600_b1_2024-01-18.pt,0.6951252818107605,,prizeCrab,Cerro_Hoya_Expedition/Hoya_505m_prizeCrab_2025-01-26/2025-01-26/patches/prizeCrab_2025_01_26__19_50_06_HDR0_1_Mothbot_yolo11m_4500_imgsz1600_b1_2024-01-18.pt.jpg,ORDER_Coleoptera,2025-01-26,19:50:06,,2025_01_26__19_50_06,MachineObservation,Cerro_Hoya_Expedition_Hoya_505m_prizeCrab_2025-01-26_2025-01-26,Cerro_Hoya_Expedition_Hoya_505m_prizeCrab_2025-01-26,prizeCrab_2025_01_26__19_50_06_HDR0.jpg,prizeCrab_2025_01_26__19_50_06_HDR0_1_Mothbot_yolo11m_4500_imgsz1600_b1_2024-01-18.pt.jpg
doi.org10.15468dl.6nxkw6.csv,Animalia,Arthropoda,Insecta,Hemiptera,Cicadellidae,,,,9647,,Cicadellidae,Cicadellidae,Cerro_Hoya_Expedition_Hoya_505m_prizeCrab_2025-01-26,prizeCrab_2025_01_26__19_50_06_HDR0_2_Mothbot_yolo11m_4500_imgsz1600_b1_2024-01-18.pt.jpg,HS,Mothbot_yolo11m_4500_imgsz1600_b1_2024-01-18.pt,0.4930649697780609,,prizeCrab,Cerro_Hoya_Expedition/Hoya_505m_prizeCrab_2025-01-26/2025-01-26/patches/prizeCrab_2025_01_26__19_50_06_HDR0_2_Mothbot_yolo11m_4500_imgsz1600_b1_2024-01-18.pt.jpg,ORDER_Hemiptera,2025-01-26,19:50:06,,2025_01_26__19_50_06,MachineObservation,Cerro_Hoya_Expedition_Hoya_505m_prizeCrab_2025-01-26_2025-01-26,Cerro_Hoya_Expedition_Hoya_505m_prizeCrab_2025-01-26,prizeCrab_2025_01_26__19_50_06_HDR0.jpg,prizeCrab_2025_01_26__19_50_06_HDR0_2_Mothbot_yolo11m_4500_imgsz1600_b1_2024-01-18.pt.jpg
doi.org10.15468dl.6nxkw6.csv,Animalia,Arthropoda,Insecta,Hemiptera,,,,,809,,Hemiptera,Hemiptera,Cerro_Hoya_Expedition_Hoya_505m_prizeCrab_2025-01-26,prizeCrab_2025_01_26__19_50_06_HDR0_3_Mothbot_yolo11m_4500_imgsz1600_b1_2024-01-18.pt.jpg,HS,Mothbot_yolo11m_4500_imgsz1600_b1_2024-01-18.pt,0.29548180103302,,prizeCrab,Cerro_Hoya_Expedition/Hoya_505m_prizeCrab_2025-01-26/2025-01-26/patches/prizeCrab_2025_01_26__19_50_06_HDR0_3_Mothbot_yolo11m_4500_imgsz1600_b1_2024-01-18.pt.jpg,ORDER_Hemiptera,2025-01-26,19:50:06,,2025_01_26__19_50_06,MachineObservation,Cerro_Hoya_Expedition_Hoya_505m_prizeCrab_2025-01-26_2025-01-26,Cerro_Hoya_Expedition_Hoya_505m_prizeCrab_2025-01-26,prizeCrab_2025_01_26__19_50_06_HDR0.jpg,prizeCrab_2025_01_26__19_50_06_HDR0_3_Mothbot_yolo11m_4500_imgsz1600_b1_2024-01-18.pt.jpg
doi.org10.15468dl.6nxkw6.csv,Animalia,Arthropoda,Insecta,Lepidoptera,,,,,797,,Lepidoptera,Lepidoptera,Cerro_Hoya_Expedition_Hoya_505m_prizeCrab_2025-01-26,prizeCrab_2025_01_26__19_50_06_HDR0_4_Mothbot_yolo11m_4500_imgsz1600_b1_2024-01-18.pt.jpg,HS,Mothbot_yolo11m_4500_imgsz1600_b1_2024-01-18.pt,0.2581677734851837,,prizeCrab,Cerro_Hoya_Expedition/Hoya_505m_prizeCrab_2025-01-26/2025-01-26/patches/prizeCrab_2025_01_26__19_50_06_HDR0_4_Mothbot_yolo11m_4500_imgsz1600_b1_2024-01-18.pt.jpg,ORDER_Lepidoptera,2025-01-26,19:50:06,,2025_01_26__19_50_06,MachineObservation,Cerro_Hoya_Expedition_Hoya_505m_prizeCrab_2025-01-26_2025-01-26,Cerro_Hoya_Expedition_Hoya_505m_prizeCrab_2025-01-26,prizeCrab_2025_01_26__19_50_06_HDR0.jpg,prizeCrab_2025_01_26__19_50_06_HDR0_4_Mothbot_yolo11m_4500_imgsz1600_b1_2024-01-18.pt.jpg
doi.org10.15468dl.6nxkw6.csv,Animalia,Arthropoda,Insecta,Coleoptera,,,,,1470,,Coleoptera,Coleoptera,Cerro_Hoya_Expedition_Hoya_505m_prizeCrab_2025-01-26,prizeCrab_2025_01_26__19_51_22_HDR0_0_Mothbot_yolo11m_4500_imgsz1600_b1_2024-01-18.pt.jpg,HS,Mothbot_yolo11m_4500_imgsz1600_b1_2024-01-18.pt,0.6762024164199829,,prizeCrab,Cerro_Hoya_Expedition/Hoya_505m_prizeCrab_2025-01-26/2025-01-26/patches/prizeCrab_2025_01_26__19_51_22_HDR0_0_Mothbot_yolo11m_4500_imgsz1600_b1_2024-01-18.pt.jpg,ORDER_Coleoptera,2025-01-26,19:51:22,,2025_01_26__19_51_22,MachineObservation,Cerro_Hoya_Expedition_Hoya_505m_prizeCrab_2025-01-26_2025-01-26,Cerro_Hoya_Expedition_Hoya_505m_prizeCrab_2025-01-26,prizeCrab_2025_01_26__19_51_22_HDR0.jpg,prizeCrab_2025_01_26__19_51_22_HDR0_0_Mothbot_yolo11m_4500_imgsz1600_b1_2024-01-18.pt.jpg
doi.org10.15468dl.6nxkw6.csv,Animalia,Arthropoda,Insecta,Hemiptera,Cicadellidae,,,,9647,,Cicadellidae,Cicadellidae,Cerro_Hoya_Expedition_Hoya_505m_prizeCrab_2025-01-26,prizeCrab_2025_01_26__19_51_22_HDR0_1_Mothbot_yolo11m_4500_imgsz1600_b1_2024-01-18.pt.jpg,HS,Mothbot_yolo11m_4500_imgsz1600_b1_2024-01-18.pt,0.5209802985191345,,prizeCrab,Cerro_Hoya_Expedition/Hoya_505m_prizeCrab_2025-01-26/2025-01-26/patches/prizeCrab_2025_01_26__19_51_22_HDR0_1_Mothbot_yolo11m_4500_imgsz1600_b1_2024-01-18.pt.jpg,ORDER_Lepidoptera,2025-01-26,19:51:22,,2025_01_26__19_51_22,MachineObservation,Cerro_Hoya_Expedition_Hoya_505m_prizeCrab_2025-01-26_2025-01-26,Cerro_Hoya_Expedition_Hoya_505m_prizeCrab_2025-01-26,prizeCrab_2025_01_26__19_51_22_HDR0.jpg,prizeCrab_2025_01_26__19_51_22_HDR0_1_Mothbot_yolo11m_4500_imgsz1600_b1_2024-01-18.pt.jpg
doi.org10.15468dl.6nxkw6.csv,Animalia,Arthropoda,Insecta,Lepidoptera,,,,,797,,Lepidoptera,Lepidoptera,Cerro_Hoya_Expedition_Hoya_505m_prizeCrab_2025-01-26,prizeCrab_2025_01_26__19_51_22_HDR0_2_Mothbot_yolo11m_4500_imgsz1600_b1_2024-01-18.pt.jpg,HS,Mothbot_yolo11m_4500_imgsz1600_b1_2024-01-18.pt,0.49555516242980957,,prizeCrab,Cerro_Hoya_Expedition/Hoya_505m_prizeCrab_2025-01-26/2025-01-26/patches/prizeCrab_2025_01_26__19_51_22_HDR0_2_Mothbot_yolo11m_4500_imgsz1600_b1_2024-01-18.pt.jpg,ORDER_Lepidoptera,2025-01-26,19:51:22,,2025_01_26__19_51_22,MachineObservation,Cerro_Hoya_Expedition_Hoya_505m_prizeCrab_2025-01-26_2025-01-26,Cerro_Hoya_Expedition_Hoya_505m_prizeCrab_2025-01-26,prizeCrab_2025_01_26__19_51_22_HDR0.jpg,prizeCrab_2025_01_26__19_51_22_HDR0_2_Mothbot_yolo11m_4500_imgsz1600_b1_2024-01-18.pt.jpg
doi.org10.15468dl.6nxkw6.csv,Animalia,Arthropoda,Insecta,Hemiptera,,,,,809,,Hemiptera,Hemiptera,Cerro_Hoya_Expedition_Hoya_505m_prizeCrab_2025-01-26,prizeCrab_2025_01_26__19_51_22_HDR0_3_Mothbot_yolo11m_4500_imgsz1600_b1_2024-01-18.pt.jpg,HS,Mothbot_yolo11m_4500_imgsz1600_b1_2024-01-18.pt,0.3914424180984497,,prizeCrab,Cerro_Hoya_Expedition/Hoya_505m_prizeCrab_2025-01-26/2025-01-26/patches/prizeCrab_2025_01_26__19_51_22_HDR0_3_Mothbot_yolo11m_4500_imgsz1600_b1_2024-01-18.pt.jpg,ORDER_Hemiptera,2025-01-26,19:51:22,,2025_01_26__19_51_22,MachineObservation,Cerro_Hoya_Expedition_Hoya_505m_prizeCrab_2025-01-26_2025-01-26,Cerro_Hoya_Expedition_Hoya_505m_prizeCrab_2025-01-26,prizeCrab_2025_01_26__19_51_22_HDR0.jpg,prizeCrab_2025_01_26__19_51_22_HDR0_3_Mothbot_yolo11m_4500_imgsz1600_b1_2024-01-18.pt.jpg
doi.org10.15468dl.6nxkw6.csv,Animalia,Arthropoda,Insecta,Lepidoptera,,,,,797,,Lepidoptera,Lepidoptera,Cerro_Hoya_Expedition_Hoya_505m_prizeCrab_2025-01-26,prizeCrab_2025_01_26__19_51_22_HDR0_4_Mothbot_yolo11m_4500_imgsz1600_b1_2024-01-18.pt.jpg,HS,Mothbot_yolo11m_4500_imgsz1600_b1_2024-01-18.pt,0.27222129702568054,,prizeCrab,Cerro_Hoya_Expedition/Hoya_505m_prizeCrab_2025-01-26/2025-01-26/patches/prizeCrab_2025_01_26__19_51_22_HDR0_4_Mothbot_yolo11m_4500_imgsz1600_b1_2024-01-18.pt.jpg,ORDER_Lepidoptera,2025-01-26,19:51:22,,2025_01_26__19_51_22,MachineObservation,Cerro_Hoya_Expedition_Hoya_505m_prizeCrab_2025-01-26_2025-01-26,Cerro_Hoya_Expedition_Hoya_505m_prizeCrab_2025-01-26,prizeCrab_2025_01_26__19_51_22_HDR0.jpg,prizeCrab_2025_01_26__19_51_22_HDR0_4_Mothbot_yolo11m_4500_imgsz1600_b1_2024-01-18.pt.jpg
doi.org10.15468dl.6nxkw6.csv,Animalia,Arthropoda,Insecta,Lepidoptera,Erebidae,,,,4532185,,Erebidae,Erebidae,Cerro_Hoya_Expedition_Hoya_505m_prizeCrab_2025-01-26,prizeCrab_2025_01_26__19_52_05_HDR0_0_Mothbot_yolo11m_4500_imgsz1600_b1_2024-01-18.pt.jpg,HS,Mothbot_yolo11m_4500_imgsz1600_b1_2024-01-18.pt,0.7943382263183594,,prizeCrab,Cerro_Hoya_Expedition/Hoya_505m_prizeCrab_2025-01-26/2025-01-26/patches/prizeCrab_2025_01_26__19_52_05_HDR0_0_Mothbot_yolo11m_4500_imgsz1600_b1_2024-01-18.pt.jpg,ORDER_Lepidoptera,2025-01-26,19:52:05,,2025_01_26__19_52_05,MachineObservation,Cerro_Hoya_Expedition_Hoya_505m_prizeCrab_2025-01-26_2025-01-26,Cerro_Hoya_Expedition_Hoya_505m_prizeCrab_2025-01-26,prizeCrab_2025_01_26__19_52_05_HDR0.jpg,prizeCrab_2025_01_26__19_52_05_HDR0_0_Mothbot_yolo11m_4500_imgsz1600_b1_2024-01-18.pt.jpg
doi.org10.15468dl.6nxkw6.csv,Animalia,Arthropoda,Insecta,Coleoptera,,,,,1470,,Coleoptera,Coleoptera,Cerro_Hoya_Expedition_Hoya_505m_prizeCrab_2025-01-26,prizeCrab_2025_01_26__19_52_05_HDR0_1_Mothbot_yolo11m_4500_imgsz1600_b1_2024-01-18.pt.jpg,HS,Mothbot_yolo11m_4500_imgsz1600_b1_2024-01-18.pt,0.6802545785903931,,prizeCrab,Cerro_Hoya_Expedition/Hoya_505m_prizeCrab_2025-01-26/2025-01-26/patches/prizeCrab_2025_01_26__19_52_05_HDR0_1_Mothbot_yolo11m_4500_imgsz1600_b1_2024-01-18.pt.jpg,ORDER_Coleoptera,2025-01-26,19:52:05,,2025_01_26__19_52_05,MachineObservation,Cerro_Hoya_Expedition_Hoya_505m_prizeCrab_2025-01-26_2025-01-26,Cerro_Hoya_Expedition_Hoya_505m_prizeCrab_2025-01-26,prizeCrab_2025_01_26__19_52_05_HDR0.jpg,prizeCrab_2025_01_26__19_52_05_HDR0_1_Mothbot_yolo11m_4500_imgsz1600_b1_2024-01-18.pt.jpg
doi.org10.15468dl.6nxkw6.csv,Animalia,Arthropoda,Insecta,Hemiptera,Cicadellidae,,,,9647,,Cicadellidae,Cicadellidae,Cerro_Hoya_Expedition_Hoya_505m_prizeCrab_2025-01-26,prizeCrab_2025_01_26__19_52_05_HDR0_2_Mothbot_yolo11m_4500_imgsz1600_b1_2024-01-18.pt.jpg,HS,Mothbot_yolo11m_4500_imgsz1600_b1_2024-01-18.pt,0.5246428847312927,,prizeCrab,Cerro_Hoya_Expedition/Hoya_505m_prizeCrab_2025-01-26/2025-01-26/patches/prizeCrab_2025_01_26__19_52_05_HDR0_2_Mothbot_yolo11m_4500_imgsz1600_b1_2024-01-18.pt.jpg,ORDER_Diptera,2025-01-26,19:52:05,,2025_01_26__19_52_05,MachineObservation,Cerro_Hoya_Expedition_Hoya_505m_prizeCrab_2025-01-26_2025-01-26,Cerro_Hoya_Expedition_Hoya_505m_prizeCrab_2025-01-26,prizeCrab_2025_01_26__19_52_05_HDR0.jpg,prizeCrab_2025_01_26__19_52_05_HDR0_2_Mothbot_yolo11m_4500_imgsz1600_b1_2024-01-18.pt.jpg
doi.org10.15468dl.6nxkw6.csv,Animalia,Arthropoda,Insecta,Hemiptera,,,,,809,,Hemiptera,Hemiptera,Cerro_Hoya_Expedition_Hoya_505m_prizeCrab_2025-01-26,prizeCrab_2025_01_26__19_52_05_HDR0_3_Mothbot_yolo11m_4500_imgsz1600_b1_2024-01-18.pt.jpg,HS,Mothbot_yolo11m_4500_imgsz1600_b1_2024-01-18.pt,0.3690163493156433,,prizeCrab,Cerro_Hoya_Expedition/Hoya_505m_prizeCrab_2025-01-26/2025-01-26/patches/prizeCrab_2025_01_26__19_52_05_HDR0_3_Mothbot_yolo11m_4500_imgsz1600_b1_2024-01-18.pt.jpg,ORDER_Hemiptera,2025-01-26,19:52:05,,2025_01_26__19_52_05,MachineObservation,Cerro_Hoya_Expedition_Hoya_505m_prizeCrab_2025-01-26_2025-01-26,Cerro_Hoya_Expedition_Hoya_505m_prizeCrab_2025-01-26,prizeCrab_2025_01_26__19_52_05_HDR0.jpg,prizeCrab_2025_01_26__19_52_05_HDR0_3_Mothbot_yolo11m_4500_imgsz1600_b1_2024-01-18.pt.jpg
doi.org10.15468dl.6nxkw6.csv,Animalia,Arthropoda,Insecta,Lepidoptera,,,,,797,,Lepidoptera,Lepidoptera,Cerro_Hoya_Expedition_Hoya_505m_prizeCrab_2025-01-26,prizeCrab_2025_01_26__19_52_05_HDR0_4_Mothbot_yolo11m_4500_imgsz1600_b1_2024-01-18.pt.jpg,HS,Mothbot_yolo11m_4500_imgsz1600_b1_2024-01-18.pt,0.27417701482772827,,prizeCrab,Cerro_Hoya_Expedition/Hoya_505m_prizeCrab_2025-01-26/2025-01-26/patches/prizeCrab_2025_01_26__19_52_05_HDR0_4_Mothbot_yolo11m_4500_imgsz1600_b1_2024-01-18.pt.jpg,ORDER_Lepidoptera,2025-01-26,19:52:05,,2025_01_26__19_52_05,MachineObservation,Cerro_Hoya_Expedition_Hoya_505m_prizeCrab_2025-01-26_2025-01-26,Cerro_Hoya_Expedition_Hoya_505m_prizeCrab_2025-01-26,prizeCrab_2025_01_26__19_52_05_HDR0.jpg,prizeCrab_2025_01_26__19_52_05_HDR0_4_Mothbot_yolo11m_4500_imgsz1600_b1_2024-01-18.pt.jpg
doi.org10.15468dl.6nxkw6.csv,Animalia,Arthropoda,Insecta,Lepidoptera,Erebidae,,,,4532185,,Erebidae,Erebidae,Cerro_Hoya_Expedition_Hoya_505m_prizeCrab_2025-01-26,prizeCrab_2025_01_26__19_53_05_HDR0_0_Mothbot_yolo11m_4500_imgsz1600_b1_2024-01-18.pt.jpg,HS,Mothbot_yolo11m_4500_imgsz1600_b1_2024-01-18.pt,0.7903814911842346,,prizeCrab,Cerro_Hoya_Expedition/Hoya_505m_prizeCrab_2025-01-26/2025-01-26/patches/prizeCrab_2025_01_26__19_53_05_HDR0_0_Mothbot_yolo11m_4500_imgsz1600_b1_2024-01-18.pt.jpg,ORDER_Lepidoptera,2025-01-26,19:53:05,,2025_01_26__19_53_05,MachineObservation,Cerro_Hoya_Expedition_Hoya_505m_prizeCrab_2025-01-26_2025-01-26,Cerro_Hoya_Expedition_Hoya_505m_prizeCrab_2025-01-26,prizeCrab_2025_01_26__19_53_05_HDR0.jpg,prizeCrab_2025_01_26__19_53_05_HDR0_0_Mothbot_yolo11m_4500_imgsz1600_b1_2024-01-18.pt.jpg
doi.org10.15468dl.6nxkw6.csv,Animalia,Arthropoda,Insecta,Coleoptera,,,,,1470,,Coleoptera,Coleoptera,Cerro_Hoya_Expedition_Hoya_505m_prizeCrab_2025-01-26,prizeCrab_2025_01_26__19_53_05_HDR0_1_Mothbot_yolo11m_4500_imgsz1600_b1_2024-01-18.pt.jpg,HS,Mothbot_yolo11m_4500_imgsz1600_b1_2024-01-18.pt,0.6999150514602661,,prizeCrab,Cerro_Hoya_Expedition/Hoya_505m_prizeCrab_2025-01-26/2025-01-26/patches/prizeCrab_2025_01_26__19_53_05_HDR0_1_Mothbot_yolo11m_4500_imgsz1600_b1_2024-01-18.pt.jpg,ORDER_Diptera,2025-01-26,19:53:05,,2025_01_26__19_53_05,MachineObservation,Cerro_Hoya_Expedition_Hoya_505m_prizeCrab_2025-01-26_2025-01-26,Cerro_Hoya_Expedition_Hoya_505m_prizeCrab_2025-01-26,prizeCrab_2025_01_26__19_53_05_HDR0.jpg,prizeCrab_2025_01_26__19_53_05_HDR0_1_Mothbot_yolo11m_4500_imgsz1600_b1_2024-01-18.pt.jpg
doi.org10.15468dl.6nxkw6.csv,Animalia,Arthropoda,Insecta,Hemiptera,Cicadellidae,,,,9647,,Cicadellidae,Cicadellidae,Cerro_Hoya_Expedition_Hoya_505m_prizeCrab_2025-01-26,prizeCrab_2025_01_26__19_53_05_HDR0_2_Mothbot_yolo11m_4500_imgsz1600_b1_2024-01-18.pt.jpg,HS,Mothbot_yolo11m_4500_imgsz1600_b1_2024-01-18.pt,0.5778943300247192,,prizeCrab,Cerro_Hoya_Expedition/Hoya_505m_prizeCrab_2025-01-26/2025-01-26/patches/prizeCrab_2025_01_26__19_53_05_HDR0_2_Mothbot_yolo11m_4500_imgsz1600_b1_2024-01-18.pt.jpg,ORDER_Hemiptera,2025-01-26,19:53:05,,2025_01_26__19_53_05,MachineObservation,Cerro_Hoya_Expedition_Hoya_505m_prizeCrab_2025-01-26_2025-01-26,Cerro_Hoya_Expedition_Hoya_505m_prizeCrab_2025-01-26,prizeCrab_2025_01_26__19_53_05_HDR0.jpg,prizeCrab_2025_01_26__19_53_05_HDR0_2_Mothbot_yolo11m_4500_imgsz1600_b1_2024-01-18.pt.jpg
doi.org10.15468dl.6nxkw6.csv,Animalia,Arthropoda,Insecta,Lepidoptera,,,,,797,,Lepidoptera,Lepidoptera,Cerro_Hoya_Expedition_Hoya_505m_prizeCrab_2025-01-26,prizeCrab_2025_01_26__19_53_05_HDR0_3_Mothbot_yolo11m_4500_imgsz1600_b1_2024-01-18.pt.jpg,HS,Mothbot_yolo11m_4500_imgsz1600_b1_2024-01-18.pt,0.47460347414016724,,prizeCrab,Cerro_Hoya_Expedition/Hoya_505m_prizeCrab_2025-01-26/2025-01-26/patches/prizeCrab_2025_01_26__19_53_05_HDR0_3_Mothbot_yolo11m_4500_imgsz1600_b1_2024-01-18.pt.jpg,ORDER_Lepidoptera,2025-01-26,19:53:05,,2025_01_26__19_53_05,MachineObservation,Cerro_Hoya_Expedition_Hoya_505m_prizeCrab_2025-01-26_2025-01-26,Cerro_Hoya_Expedition_Hoya_505m_prizeCrab_2025-01-26,prizeCrab_2025_01_26__19_53_05_HDR0.jpg,prizeCrab_2025_01_26__19_53_05_HDR0_3_Mothbot_yolo11m_4500_imgsz1600_b1_2024-01-18.pt.jpg
doi.org10.15468dl.6nxkw6.csv,Animalia,Arthropoda,Insecta,Lepidoptera,Erebidae,,,,4532185,,Erebidae,Erebidae,Cerro_Hoya_Expedition_Hoya_505m_prizeCrab_2025-01-26,prizeCrab_2025_01_26__19_54_06_HDR0_0_Mothbot_yolo11m_4500_imgsz1600_b1_2024-01-18.pt.jpg,HS,Mothbot_yolo11m_4500_imgsz1600_b1_2024-01-18.pt,0.8197347521781921,,prizeCrab,Cerro_Hoya_Expedition/Hoya_505m_prizeCrab_2025-01-26/2025-01-26/patches/prizeCrab_2025_01_26__19_54_06_HDR0_0_Mothbot_yolo11m_4500_imgsz1600_b1_2024-01-18.pt.jpg,ORDER_Lepidoptera,2025-01-26,19:54:06,,2025_01_26__19_54_06,MachineObservation,Cerro_Hoya_Expedition_Hoya_505m_prizeCrab_2025-01-26_2025-01-26,Cerro_Hoya_Expedition_Hoya_505m_prizeCrab_2025-01-26,prizeCrab_2025_01_26__19_54_06_HDR0.jpg,prizeCrab_2025_01_26__19_54_06_HDR0_0_Mothbot_yolo11m_4500_imgsz1600_b1_2024-01-18.pt.jpg
doi.org10.15468dl.6nxkw6.csv,Animalia,Arthropoda,Insecta,Coleoptera,,,,,1470,,Coleoptera,Coleoptera,Cerro_Hoya_Expedition_Hoya_505m_prizeCrab_2025-01-26,prizeCrab_2025_01_26__19_54_06_HDR0_1_Mothbot_yolo11m_4500_imgsz1600_b1_2024-01-18.pt.jpg,HS,Mothbot_yolo11m_4500_imgsz1600_b1_2024-01-18.pt,0.5879009366035461,,prizeCrab,Cerro_Hoya_Expedition/Hoya_505m_prizeCrab_2025-01-26/2025-01-26/patches/prizeCrab_2025_01_26__19_54_06_HDR0_1_Mothbot_yolo11m_4500_imgsz1600_b1_2024-01-18.pt.jpg,ORDER_Psocodea,2025-01-26,19:54:06,,2025_01_26__19_54_06,MachineObservation,Cerro_Hoya_Expedition_Hoya_505m_prizeCrab_2025-01-26_2025-01-26,Cerro_Hoya_Expedition_Hoya_505m_prizeCrab_2025-01-26,prizeCrab_2025_01_26__19_54_06_HDR0.jpg,prizeCrab_2025_01_26__19_54_06_HDR0_1_Mothbot_yolo11m_4500_imgsz1600_b1_2024-01-18.pt.jpg
doi.org10.15468dl.6nxkw6.csv,Animalia,Arthropoda,Insecta,Hemiptera,Cicadellidae,,,,9647,,Cicadellidae,Cicadellidae,Cerro_Hoya_Expedition_Hoya_505m_prizeCrab_2025-01-26,prizeCrab_2025_01_26__19_54_06_HDR0_2_Mothbot_yolo11m_4500_imgsz1600_b1_2024-01-18.pt.jpg,HS,Mothbot_yolo11m_4500_imgsz1600_b1_2024-01-18.pt,0.5305546522140503,,prizeCrab,Cerro_Hoya_Expedition/Hoya_505m_prizeCrab_2025-01-26/2025-01-26/patches/prizeCrab_2025_01_26__19_54_06_HDR0_2_Mothbot_yolo11m_4500_imgsz1600_b1_2024-01-18.pt.jpg,ORDER_Odonata,2025-01-26,19:54:06,,2025_01_26__19_54_06,MachineObservation,Cerro_Hoya_Expedition_Hoya_505m_prizeCrab_2025-01-26_2025-01-26,Cerro_Hoya_Expedition_Hoya_505m_prizeCrab_2025-01-26,prizeCrab_2025_01_26__19_54_06_HDR0.jpg,prizeCrab_2025_01_26__19_54_06_HDR0_2_Mothbot_yolo11m_4500_imgsz1600_b1_2024-01-18.pt.jpg
doi.org10.15468dl.6nxkw6.csv,Animalia,Arthropoda,Insecta,Lepidoptera,,,,,797,,Lepidoptera,Lepidoptera,Cerro_Hoya_Expedition_Hoya_505m_prizeCrab_2025-01-26,prizeCrab_2025_01_26__19_54_06_HDR0_3_Mothbot_yolo11m_4500_imgsz1600_b1_2024-01-18.pt.jpg,HS,Mothbot_yolo11m_4500_imgsz1600_b1_2024-01-18.pt,0.4894847869873047,,prizeCrab,Cerro_Hoya_Expedition/Hoya_505m_prizeCrab_2025-01-26/2025-01-26/patches/prizeCrab_2025_01_26__19_54_06_HDR0_3_Mothbot_yolo11m_4500_imgsz1600_b1_2024-01-18.pt.jpg,ORDER_Psocodea,2025-01-26,19:54:06,,2025_01_26__19_54_06,MachineObservation,Cerro_Hoya_Expedition_Hoya_505m_prizeCrab_2025-01-26_2025-01-26,Cerro_Hoya_Expedition_Hoya_505m_prizeCrab_2025-01-26,prizeCrab_2025_01_26__19_54_06_HDR0.jpg,prizeCrab_2025_01_26__19_54_06_HDR0_3_Mothbot_yolo11m_4500_imgsz1600_b1_2024-01-18.pt.jpg
doi.org10.15468dl.6nxkw6.csv,Animalia,Arthropoda,Insecta,Hemiptera,,,,,809,,Hemiptera,Hemiptera,Cerro_Hoya_Expedition_Hoya_505m_prizeCrab_2025-01-26,prizeCrab_2025_01_26__19_54_06_HDR0_4_Mothbot_yolo11m_4500_imgsz1600_b1_2024-01-18.pt.jpg,HS,Mothbot_yolo11m_4500_imgsz1600_b1_2024-01-18.pt,0.2865883708000183,,prizeCrab,Cerro_Hoya_Expedition/Hoya_505m_prizeCrab_2025-01-26/2025-01-26/patches/prizeCrab_2025_01_26__19_54_06_HDR0_4_Mothbot_yolo11m_4500_imgsz1600_b1_2024-01-18.pt.jpg,ORDER_Hemiptera,2025-01-26,19:54:06,,2025_01_26__19_54_06,MachineObservation,Cerro_Hoya_Expedition_Hoya_505m_prizeCrab_2025-01-26_2025-01-26,Cerro_Hoya_Expedition_Hoya_505m_prizeCrab_2025-01-26,prizeCrab_2025_01_26__19_54_06_HDR0.jpg,prizeCrab_2025_01_26__19_54_06_HDR0_4_Mothbot_yolo11m_4500_imgsz1600_b1_2024-01-18.pt.jpg
doi.org10.15468dl.6nxkw6.csv,Animalia,Arthropoda,Insecta,Coleoptera,,,,,1470,,Coleoptera,Coleoptera,Cerro_Hoya_Expedition_Hoya_505m_prizeCrab_2025-01-26,prizeCrab_2025_01_26__19_55_06_HDR0_0_Mothbot_yolo11m_4500_imgsz1600_b1_2024-01-18.pt.jpg,HS,Mothbot_yolo11m_4500_imgsz1600_b1_2024-01-18.pt,0.6506243944168091,,prizeCrab,Cerro_Hoya_Expedition/Hoya_505m_prizeCrab_2025-01-26/2025-01-26/patches/prizeCrab_2025_01_26__19_55_06_HDR0_0_Mothbot_yolo11m_4500_imgsz1600_b1_2024-01-18.pt.jpg,ORDER_Diptera,2025-01-26,19:55:06,,2025_01_26__19_55_06,MachineObservation,Cerro_Hoya_Expedition_Hoya_505m_prizeCrab_2025-01-26_2025-01-26,Cerro_Hoya_Expedition_Hoya_505m_prizeCrab_2025-01-26,prizeCrab_2025_01_26__19_55_06_HDR0.jpg,prizeCrab_2025_01_26__19_55_06_HDR0_0_Mothbot_yolo11m_4500_imgsz1600_b1_2024-01-18.pt.jpg
doi.org10.15468dl.6nxkw6.csv,Animalia,Arthropoda,Insecta,Lepidoptera,,,,,797,,Lepidoptera,Lepidoptera,Cerro_Hoya_Expedition_Hoya_505m_prizeCrab_2025-01-26,prizeCrab_2025_01_26__19_55_06_HDR0_1_Mothbot_yolo11m_4500_imgsz1600_b1_2024-01-18.pt.jpg,HS,Mothbot_yolo11m_4500_imgsz1600_b1_2024-01-18.pt,0.5100739598274231,,prizeCrab,Cerro_Hoya_Expedition/Hoya_505m_prizeCrab_2025-01-26/2025-01-26/patches/prizeCrab_2025_01_26__19_55_06_HDR0_1_Mothbot_yolo11m_4500_imgsz1600_b1_2024-01-18.pt.jpg,ORDER_Lepidoptera,2025-01-26,19:55:06,,2025_01_26__19_55_06,MachineObservation,Cerro_Hoya_Expedition_Hoya_505m_prizeCrab_2025-01-26_2025-01-26,Cerro_Hoya_Expedition_Hoya_505m_prizeCrab_2025-01-26,prizeCrab_2025_01_26__19_55_06_HDR0.jpg,prizeCrab_2025_01_26__19_55_06_HDR0_1_Mothbot_yolo11m_4500_imgsz1600_b1_2024-01-18.pt.jpg
doi.org10.15468dl.6nxkw6.csv,Animalia,Arthropoda,Insecta,Hemiptera,Cicadellidae,,,,9647,,Cicadellidae,Cicadellidae,Cerro_Hoya_Expedition_Hoya_505m_prizeCrab_2025-01-26,prizeCrab_2025_01_26__19_55_06_HDR0_2_Mothbot_yolo11m_4500_imgsz1600_b1_2024-01-18.pt.jpg,HS,Mothbot_yolo11m_4500_imgsz1600_b1_2024-01-18.pt,0.4947046637535095,,prizeCrab,Cerro_Hoya_Expedition/Hoya_505m_prizeCrab_2025-01-26/2025-01-26/patches/prizeCrab_2025_01_26__19_55_06_HDR0_2_Mothbot_yolo11m_4500_imgsz1600_b1_2024-01-18.pt.jpg,ORDER_Hemiptera,2025-01-26,19:55:06,,2025_01_26__19_55_06,MachineObservation,Cerro_Hoya_Expedition_Hoya_505m_prizeCrab_2025-01-26_2025-01-26,Cerro_Hoya_Expedition_Hoya_505m_prizeCrab_2025-01-26,prizeCrab_2025_01_26__19_55_06_HDR0.jpg,prizeCrab_2025_01_26__19_55_06_HDR0_2_Mothbot_yolo11m_4500_imgsz1600_b1_2024-01-18.pt.jpg
doi.org10.15468dl.6nxkw6.csv,Animalia,Arthropoda,Insecta,Hemiptera,,,,,809,,Hemiptera,Hemiptera,Cerro_Hoya_Expedition_Hoya_505m_prizeCrab_2025-01-26,prizeCrab_2025_01_26__19_55_06_HDR0_3_Mothbot_yolo11m_4500_imgsz1600_b1_2024-01-18.pt.jpg,HS,Mothbot_yolo11m_4500_imgsz1600_b1_2024-01-18.pt,0.2827586531639099,,prizeCrab,Cerro_Hoya_Expedition/Hoya_505m_prizeCrab_2025-01-26/2025-01-26/patches/prizeCrab_2025_01_26__19_55_06_HDR0_3_Mothbot_yolo11m_4500_imgsz1600_b1_2024-01-18.pt.jpg,ORDER_Psocodea,2025-01-26,19:55:06,,2025_01_26__19_55_06,MachineObservation,Cerro_Hoya_Expedition_Hoya_505m_prizeCrab_2025-01-26_2025-01-26,Cerro_Hoya_Expedition_Hoya_505m_prizeCrab_2025-01-26,prizeCrab_2025_01_26__19_55_06_HDR0.jpg,prizeCrab_2025_01_26__19_55_06_HDR0_3_Mothbot_yolo11m_4500_imgsz1600_b1_2024-01-18.pt.jpg
doi.org10.15468dl.6nxkw6.csv,Animalia,Arthropoda,Insecta,Coleoptera,,,,,1470,,Coleoptera,Coleoptera,Cerro_Hoya_Expedition_Hoya_505m_prizeCrab_2025-01-26,prizeCrab_2025_01_26__19_56_06_HDR0_0_Mothbot_yolo11m_4500_imgsz1600_b1_2024-01-18.pt.jpg,HS,Mothbot_yolo11m_4500_imgsz1600_b1_2024-01-18.pt,0.681424617767334,,prizeCrab,Cerro_Hoya_Expedition/Hoya_505m_prizeCrab_2025-01-26/2025-01-26/patches/prizeCrab_2025_01_26__19_56_06_HDR0_0_Mothbot_yolo11m_4500_imgsz1600_b1_2024-01-18.pt.jpg,ORDER_Diptera,2025-01-26,19:56:06,,2025_01_26__19_56_06,MachineObservation,Cerro_Hoya_Expedition_Hoya_505m_prizeCrab_2025-01-26_2025-01-26,Cerro_Hoya_Expedition_Hoya_505m_prizeCrab_2025-01-26,prizeCrab_2025_01_26__19_56_06_HDR0.jpg,prizeCrab_2025_01_26__19_56_06_HDR0_0_Mothbot_yolo11m_4500_imgsz1600_b1_2024-01-18.pt.jpg
doi.org10.15468dl.6nxkw6.csv,Animalia,Arthropoda,Insecta,Lepidoptera,,,,,797,,Lepidoptera,Lepidoptera,Cerro_Hoya_Expedition_Hoya_505m_prizeCrab_2025-01-26,prizeCrab_2025_01_26__19_56_06_HDR0_1_Mothbot_yolo11m_4500_imgsz1600_b1_2024-01-18.pt.jpg,HS,Mothbot_yolo11m_4500_imgsz1600_b1_2024-01-18.pt,0.6130965352058411,,prizeCrab,Cerro_Hoya_Expedition/Hoya_505m_prizeCrab_2025-01-26/2025-01-26/patches/prizeCrab_2025_01_26__19_56_06_HDR0_1_Mothbot_yolo11m_4500_imgsz1600_b1_2024-01-18.pt.jpg,ORDER_Lepidoptera,2025-01-26,19:56:06,,2025_01_26__19_56_06,MachineObservation,Cerro_Hoya_Expedition_Hoya_505m_prizeCrab_2025-01-26_2025-01-26,Cerro_Hoya_Expedition_Hoya_505m_prizeCrab_2025-01-26,prizeCrab_2025_01_26__19_56_06_HDR0.jpg,prizeCrab_2025_01_26__19_56_06_HDR0_1_Mothbot_yolo11m_4500_imgsz1600_b1_2024-01-18.pt.jpg
doi.org10.15468dl.6nxkw6.csv,Animalia,Arthropoda,Insecta,Hemiptera,Cicadellidae,,,,9647,,Cicadellidae,Cicadellidae,Cerro_Hoya_Expedition_Hoya_505m_prizeCrab_2025-01-26,prizeCrab_2025_01_26__19_56_06_HDR0_2_Mothbot_yolo11m_4500_imgsz1600_b1_2024-01-18.pt.jpg,HS,Mothbot_yolo11m_4500_imgsz1600_b1_2024-01-18.pt,0.5823875665664673,,prizeCrab,Cerro_Hoya_Expedition/Hoya_505m_prizeCrab_2025-01-26/2025-01-26/patches/prizeCrab_2025_01_26__19_56_06_HDR0_2_Mothbot_yolo11m_4500_imgsz1600_b1_2024-01-18.pt.jpg,ORDER_Diptera,2025-01-26,19:56:06,,2025_01_26__19_56_06,MachineObservation,Cerro_Hoya_Expedition_Hoya_505m_prizeCrab_2025-01-26_2025-01-26,Cerro_Hoya_Expedition_Hoya_505m_prizeCrab_2025-01-26,prizeCrab_2025_01_26__19_56_06_HDR0.jpg,prizeCrab_2025_01_26__19_56_06_HDR0_2_Mothbot_yolo11m_4500_imgsz1600_b1_2024-01-18.pt.jpg
doi.org10.15468dl.6nxkw6.csv,Animalia,Arthropoda,Insecta,Coleoptera,,,,,1470,,Coleoptera,Coleoptera,Cerro_Hoya_Expedition_Hoya_505m_prizeCrab_2025-01-26,prizeCrab_2025_01_26__19_57_06_HDR0_0_Mothbot_yolo11m_4500_imgsz1600_b1_2024-01-18.pt.jpg,HS,Mothbot_yolo11m_4500_imgsz1600_b1_2024-01-18.pt,0.707444965839386,,prizeCrab,Cerro_Hoya_Expedition/Hoya_505m_prizeCrab_2025-01-26/2025-01-26/patches/prizeCrab_2025_01_26__19_57_06_HDR0_0_Mothbot_yolo11m_4500_imgsz1600_b1_2024-01-18.pt.jpg,ORDER_Psocodea,2025-01-26,19:57:06,,2025_01_26__19_57_06,MachineObservation,Cerro_Hoya_Expedition_Hoya_505m_prizeCrab_2025-01-26_2025-01-26,Cerro_Hoya_Expedition_Hoya_505m_prizeCrab_2025-01-26,prizeCrab_2025_01_26__19_57_06_HDR0.jpg,prizeCrab_2025_01_26__19_57_06_HDR0_0_Mothbot_yolo11m_4500_imgsz1600_b1_2024-01-18.pt.jpg
doi.org10.15468dl.6nxkw6.csv,Animalia,Arthropoda,Insecta,Lepidoptera,,,,,797,,Lepidoptera,Lepidoptera,Cerro_Hoya_Expedition_Hoya_505m_prizeCrab_2025-01-26,prizeCrab_2025_01_26__19_57_06_HDR0_1_Mothbot_yolo11m_4500_imgsz1600_b1_2024-01-18.pt.jpg,HS,Mothbot_yolo11m_4500_imgsz1600_b1_2024-01-18.pt,0.5603983402252197,,prizeCrab,Cerro_Hoya_Expedition/Hoya_505m_prizeCrab_2025-01-26/2025-01-26/patches/prizeCrab_2025_01_26__19_57_06_HDR0_1_Mothbot_yolo11m_4500_imgsz1600_b1_2024-01-18.pt.jpg,ORDER_Lepidoptera,2025-01-26,19:57:06,,2025_01_26__19_57_06,MachineObservation,Cerro_Hoya_Expedition_Hoya_505m_prizeCrab_2025-01-26_2025-01-26,Cerro_Hoya_Expedition_Hoya_505m_prizeCrab_2025-01-26,prizeCrab_2025_01_26__19_57_06_HDR0.jpg,prizeCrab_2025_01_26__19_57_06_HDR0_1_Mothbot_yolo11m_4500_imgsz1600_b1_2024-01-18.pt.jpg
doi.org10.15468dl.6nxkw6.csv,Animalia,Arthropoda,Insecta,Hemiptera,Cicadellidae,,,,9647,,Cicadellidae,Cicadellidae,Cerro_Hoya_Expedition_Hoya_505m_prizeCrab_2025-01-26,prizeCrab_2025_01_26__19_57_06_HDR0_2_Mothbot_yolo11m_4500_imgsz1600_b1_2024-01-18.pt.jpg,HS,Mothbot_yolo11m_4500_imgsz1600_b1_2024-01-18.pt,0.5154027938842773,,prizeCrab,Cerro_Hoya_Expedition/Hoya_505m_prizeCrab_2025-01-26/2025-01-26/patches/prizeCrab_2025_01_26__19_57_06_HDR0_2_Mothbot_yolo11m_4500_imgsz1600_b1_2024-01-18.pt.jpg,ORDER_Odonata,2025-01-26,19:57:06,,2025_01_26__19_57_06,MachineObservation,Cerro_Hoya_Expedition_Hoya_505m_prizeCrab_2025-01-26_2025-01-26,Cerro_Hoya_Expedition_Hoya_505m_prizeCrab_2025-01-26,prizeCrab_2025_01_26__19_57_06_HDR0.jpg,prizeCrab_2025_01_26__19_57_06_HDR0_2_Mothbot_yolo11m_4500_imgsz1600_b1_2024-01-18.pt.jpg
doi.org10.15468dl.6nxkw6.csv,Animalia,Arthropoda,Insecta,Lepidoptera,,,,,797,,Lepidoptera,Lepidoptera,Cerro_Hoya_Expedition_Hoya_505m_prizeCrab_2025-01-26,prizeCrab_2025_01_26__19_57_06_HDR0_3_Mothbot_yolo11m_4500_imgsz1600_b1_2024-01-18.pt.jpg,HS,Mothbot_yolo11m_4500_imgsz1600_b1_2024-01-18.pt,0.34819483757019043,,prizeCrab,Cerro_Hoya_Expedition/Hoya_505m_prizeCrab_2025-01-26/2025-01-26/patches/prizeCrab_2025_01_26__19_57_06_HDR0_3_Mothbot_yolo11m_4500_imgsz1600_b1_2024-01-18.pt.jpg,ORDER_Coleoptera,2025-01-26,19:57:06,,2025_01_26__19_57_06,MachineObservation,Cerro_Hoya_Expedition_Hoya_505m_prizeCrab_2025-01-26_2025-01-26,Cerro_Hoya_Expedition_Hoya_505m_prizeCrab_2025-01-26,prizeCrab_2025_01_26__19_57_06_HDR0.jpg,prizeCrab_2025_01_26__19_57_06_HDR0_3_Mothbot_yolo11m_4500_imgsz1600_b1_2024-01-18.pt.jpg
doi.org10.15468dl.6nxkw6.csv,Animalia,Arthropoda,Insecta,Hemiptera,,,,,809,,Hemiptera,Hemiptera,Cerro_Hoya_Expedition_Hoya_505m_prizeCrab_2025-01-26,prizeCrab_2025_01_26__19_57_06_HDR0_4_Mothbot_yolo11m_4500_imgsz1600_b1_2024-01-18.pt.jpg,HS,Mothbot_yolo11m_4500_imgsz1600_b1_2024-01-18.pt,0.3197907507419586,,prizeCrab,Cerro_Hoya_Expedition/Hoya_505m_prizeCrab_2025-01-26/2025-01-26/patches/prizeCrab_2025_01_26__19_57_06_HDR0_4_Mothbot_yolo11m_4500_imgsz1600_b1_2024-01-18.pt.jpg,ORDER_Hemiptera,2025-01-26,19:57:06,,2025_01_26__19_57_06,MachineObservation,Cerro_Hoya_Expedition_Hoya_505m_prizeCrab_2025-01-26_2025-01-26,Cerro_Hoya_Expedition_Hoya_505m_prizeCrab_2025-01-26,prizeCrab_2025_01_26__19_57_06_HDR0.jpg,prizeCrab_2025_01_26__19_57_06_HDR0_4_Mothbot_yolo11m_4500_imgsz1600_b1_2024-01-18.pt.jpg
doi.org10.15468dl.6nxkw6.csv,Animalia,Arthropoda,Insecta,Lepidoptera,,,,,797,,Lepidoptera,Lepidoptera,Cerro_Hoya_Expedition_Hoya_505m_prizeCrab_2025-01-26,prizeCrab_2025_01_26__19_58_22_HDR0_0_Mothbot_yolo11m_4500_imgsz1600_b1_2024-01-18.pt.jpg,HS,Mothbot_yolo11m_4500_imgsz1600_b1_2024-01-18.pt,0.7675431966781616,,prizeCrab,Cerro_Hoya_Expedition/Hoya_505m_prizeCrab_2025-01-26/2025-01-26/patches/prizeCrab_2025_01_26__19_58_22_HDR0_0_Mothbot_yolo11m_4500_imgsz1600_b1_2024-01-18.pt.jpg,ORDER_Lepidoptera,2025-01-26,19:58:22,,2025_01_26__19_58_22,MachineObservation,Cerro_Hoya_Expedition_Hoya_505m_prizeCrab_2025-01-26_2025-01-26,Cerro_Hoya_Expedition_Hoya_505m_prizeCrab_2025-01-26,prizeCrab_2025_01_26__19_58_22_HDR0.jpg,prizeCrab_2025_01_26__19_58_22_HDR0_0_Mothbot_yolo11m_4500_imgsz1600_b1_2024-01-18.pt.jpg
doi.org10.15468dl.6nxkw6.csv,Animalia,Arthropoda,Insecta,Coleoptera,,,,,1470,,Coleoptera,Coleoptera,Cerro_Hoya_Expedition_Hoya_505m_prizeCrab_2025-01-26,prizeCrab_2025_01_26__19_58_22_HDR0_1_Mothbot_yolo11m_4500_imgsz1600_b1_2024-01-18.pt.jpg,HS,Mothbot_yolo11m_4500_imgsz1600_b1_2024-01-18.pt,0.6802995800971985,,prizeCrab,Cerro_Hoya_Expedition/Hoya_505m_prizeCrab_2025-01-26/2025-01-26/patches/prizeCrab_2025_01_26__19_58_22_HDR0_1_Mothbot_yolo11m_4500_imgsz1600_b1_2024-01-18.pt.jpg,ORDER_Diptera,2025-01-26,19:58:22,,2025_01_26__19_58_22,MachineObservation,Cerro_Hoya_Expedition_Hoya_505m_prizeCrab_2025-01-26_2025-01-26,Cerro_Hoya_Expedition_Hoya_505m_prizeCrab_2025-01-26,prizeCrab_2025_01_26__19_58_22_HDR0.jpg,prizeCrab_2025_01_26__19_58_22_HDR0_1_Mothbot_yolo11m_4500_imgsz1600_b1_2024-01-18.pt.jpg
doi.org10.15468dl.6nxkw6.csv,Animalia,Arthropoda,Insecta,Hemiptera,Cicadellidae,,,,9647,,Cicadellidae,Cicadellidae,Cerro_Hoya_Expedition_Hoya_505m_prizeCrab_2025-01-26,prizeCrab_2025_01_26__19_58_22_HDR0_2_Mothbot_yolo11m_4500_imgsz1600_b1_2024-01-18.pt.jpg,HS,Mothbot_yolo11m_4500_imgsz1600_b1_2024-01-18.pt,0.48781198263168335,,prizeCrab,Cerro_Hoya_Expedition/Hoya_505m_prizeCrab_2025-01-26/2025-01-26/patches/prizeCrab_2025_01_26__19_58_22_HDR0_2_Mothbot_yolo11m_4500_imgsz1600_b1_2024-01-18.pt.jpg,ORDER_Diptera,2025-01-26,19:58:22,,2025_01_26__19_58_22,MachineObservation,Cerro_Hoya_Expedition_Hoya_505m_prizeCrab_2025-01-26_2025-01-26,Cerro_Hoya_Expedition_Hoya_505m_prizeCrab_2025-01-26,prizeCrab_2025_01_26__19_58_22_HDR0.jpg,prizeCrab_2025_01_26__19_58_22_HDR0_2_Mothbot_yolo11m_4500_imgsz1600_b1_2024-01-18.pt.jpg
doi.org10.15468dl.6nxkw6.csv,Animalia,Arthropoda,Insecta,Lepidoptera,,,,,797,,Lepidoptera,Lepidoptera,Cerro_Hoya_Expedition_Hoya_505m_prizeCrab_2025-01-26,prizeCrab_2025_01_26__19_59_06_HDR0_0_Mothbot_yolo11m_4500_imgsz1600_b1_2024-01-18.pt.jpg,HS,Mothbot_yolo11m_4500_imgsz1600_b1_2024-01-18.pt,0.7601258754730225,,prizeCrab,Cerro_Hoya_Expedition/Hoya_505m_prizeCrab_2025-01-26/2025-01-26/patches/prizeCrab_2025_01_26__19_59_06_HDR0_0_Mothbot_yolo11m_4500_imgsz1600_b1_2024-01-18.pt.jpg,ORDER_Lepidoptera,2025-01-26,19:59:06,,2025_01_26__19_59_06,MachineObservation,Cerro_Hoya_Expedition_Hoya_505m_prizeCrab_2025-01-26_2025-01-26,Cerro_Hoya_Expedition_Hoya_505m_prizeCrab_2025-01-26,prizeCrab_2025_01_26__19_59_06_HDR0.jpg,prizeCrab_2025_01_26__19_59_06_HDR0_0_Mothbot_yolo11m_4500_imgsz1600_b1_2024-01-18.pt.jpg
doi.org10.15468dl.6nxkw6.csv,Animalia,Arthropoda,Insecta,Coleoptera,,,,,1470,,Coleoptera,Coleoptera,Cerro_Hoya_Expedition_Hoya_505m_prizeCrab_2025-01-26,prizeCrab_2025_01_26__19_59_06_HDR0_1_Mothbot_yolo11m_4500_imgsz1600_b1_2024-01-18.pt.jpg,HS,Mothbot_yolo11m_4500_imgsz1600_b1_2024-01-18.pt,0.5809785723686218,,prizeCrab,Cerro_Hoya_Expedition/Hoya_505m_prizeCrab_2025-01-26/2025-01-26/patches/prizeCrab_2025_01_26__19_59_06_HDR0_1_Mothbot_yolo11m_4500_imgsz1600_b1_2024-01-18.pt.jpg,ORDER_Diptera,2025-01-26,19:59:06,,2025_01_26__19_59_06,MachineObservation,Cerro_Hoya_Expedition_Hoya_505m_prizeCrab_2025-01-26_2025-01-26,Cerro_Hoya_Expedition_Hoya_505m_prizeCrab_2025-01-26,prizeCrab_2025_01_26__19_59_06_HDR0.jpg,prizeCrab_2025_01_26__19_59_06_HDR0_1_Mothbot_yolo11m_4500_imgsz1600_b1_2024-01-18.pt.jpg
doi.org10.15468dl.6nxkw6.csv,Animalia,Arthropoda,Insecta,Hemiptera,Cicadellidae,,,,9647,,Cicadellidae,Cicadellidae,Cerro_Hoya_Expedition_Hoya_505m_prizeCrab_2025-01-26,prizeCrab_2025_01_26__19_59_06_HDR0_2_Mothbot_yolo11m_4500_imgsz1600_b1_2024-01-18.pt.jpg,HS,Mothbot_yolo11m_4500_imgsz1600_b1_2024-01-18.pt,0.5157606601715088,,prizeCrab,Cerro_Hoya_Expedition/Hoya_505m_prizeCrab_2025-01-26/2025-01-26/patches/prizeCrab_2025_01_26__19_59_06_HDR0_2_Mothbot_yolo11m_4500_imgsz1600_b1_2024-01-18.pt.jpg,ORDER_Diptera,2025-01-26,19:59:06,,2025_01_26__19_59_06,MachineObservation,Cerro_Hoya_Expedition_Hoya_505m_prizeCrab_2025-01-26_2025-01-26,Cerro_Hoya_Expedition_Hoya_505m_prizeCrab_2025-01-26,prizeCrab_2025_01_26__19_59_06_HDR0.jpg,prizeCrab_2025_01_26__19_59_06_HDR0_2_Mothbot_yolo11m_4500_imgsz1600_b1_2024-01-18.pt.jpg
doi.org10.15468dl.6nxkw6.csv,Animalia,Arthropoda,Insecta,Hemiptera,,,,,809,,Hemiptera,Hemiptera,Cerro_Hoya_Expedition_Hoya_505m_prizeCrab_2025-01-26,prizeCrab_2025_01_26__19_59_06_HDR0_3_Mothbot_yolo11m_4500_imgsz1600_b1_2024-01-18.pt.jpg,HS,Mothbot_yolo11m_4500_imgsz1600_b1_2024-01-18.pt,0.2622421085834503,,prizeCrab,Cerro_Hoya_Expedition/Hoya_505m_prizeCrab_2025-01-26/2025-01-26/patches/prizeCrab_2025_01_26__19_59_06_HDR0_3_Mothbot_yolo11m_4500_imgsz1600_b1_2024-01-18.pt.jpg,ORDER_Hemiptera,2025-01-26,19:59:06,,2025_01_26__19_59_06,MachineObservation,Cerro_Hoya_Expedition_Hoya_505m_prizeCrab_2025-01-26_2025-01-26,Cerro_Hoya_Expedition_Hoya_505m_prizeCrab_2025-01-26,prizeCrab_2025_01_26__19_59_06_HDR0.jpg,prizeCrab_2025_01_26__19_59_06_HDR0_3_Mothbot_yolo11m_4500_imgsz1600_b1_2024-01-18.pt.jpg
doi.org10.15468dl.6nxkw6.csv,Animalia,Arthropoda,Insecta,Lepidoptera,Geometridae,,,,6950,,Geometridae,Geometridae,Cerro_Hoya_Expedition_Hoya_505m_prizeCrab_2025-01-26,prizeCrab_2025_01_26__21_06_06_HDR0_0_Mothbot_yolo11m_4500_imgsz1600_b1_2024-01-18.pt.jpg,HS,Mothbot_yolo11m_4500_imgsz1600_b1_2024-01-18.pt,0.5043981075286865,,prizeCrab,Cerro_Hoya_Expedition/Hoya_505m_prizeCrab_2025-01-26/2025-01-26/patches/prizeCrab_2025_01_26__21_06_06_HDR0_0_Mothbot_yolo11m_4500_imgsz1600_b1_2024-01-18.pt.jpg,ORDER_Lepidoptera,2025-01-26,21:06:06,,2025_01_26__21_06_06,MachineObservation,Cerro_Hoya_Expedition_Hoya_505m_prizeCrab_2025-01-26_2025-01-26,Cerro_Hoya_Expedition_Hoya_505m_prizeCrab_2025-01-26,prizeCrab_2025_01_26__21_06_06_HDR0.jpg,prizeCrab_2025_01_26__21_06_06_HDR0_0_Mothbot_yolo11m_4500_imgsz1600_b1_2024-01-18.pt.jpg
doi.org10.15468dl.6nxkw6.csv,Animalia,Arthropoda,Insecta,Lepidoptera,Geometridae,,,,6950,,Geometridae,Geometridae,Cerro_Hoya_Expedition_Hoya_505m_prizeCrab_2025-01-26,prizeCrab_2025_01_26__21_07_05_HDR0_0_Mothbot_yolo11m_4500_imgsz1600_b1_2024-01-18.pt.jpg,HS,Mothbot_yolo11m_4500_imgsz1600_b1_2024-01-18.pt,0.48168855905532837,,prizeCrab,Cerro_Hoya_Expedition/Hoya_505m_prizeCrab_2025-01-26/2025-01-26/patches/prizeCrab_2025_01_26__21_07_05_HDR0_0_Mothbot_yolo11m_4500_imgsz1600_b1_2024-01-18.pt.jpg,ORDER_Lepidoptera,2025-01-26,21:07:05,,2025_01_26__21_07_05,MachineObservation,Cerro_Hoya_Expedition_Hoya_505m_prizeCrab_2025-01-26_2025-01-26,Cerro_Hoya_Expedition_Hoya_505m_prizeCrab_2025-01-26,prizeCrab_2025_01_26__21_07_05_HDR0.jpg,prizeCrab_2025_01_26__21_07_05_HDR0_0_Mothbot_yolo11m_4500_imgsz1600_b1_2024-01-18.pt.jpg
doi.org10.15468dl.6nxkw6.csv,Animalia,Arthropoda,Insecta,,,,,,216,,Insecta,Insecta,Cerro_Hoya_Expedition_Hoya_505m_prizeCrab_2025-01-26,prizeCrab_2025_01_26__21_07_05_HDR0_1_Mothbot_yolo11m_4500_imgsz1600_b1_2024-01-18.pt.jpg,HS,Mothbot_yolo11m_4500_imgsz1600_b1_2024-01-18.pt,0.25539925694465637,,prizeCrab,Cerro_Hoya_Expedition/Hoya_505m_prizeCrab_2025-01-26/2025-01-26/patches/prizeCrab_2025_01_26__21_07_05_HDR0_1_Mothbot_yolo11m_4500_imgsz1600_b1_2024-01-18.pt.jpg,ORDER_Diptera,2025-01-26,21:07:05,,2025_01_26__21_07_05,MachineObservation,Cerro_Hoya_Expedition_Hoya_505m_prizeCrab_2025-01-26_2025-01-26,Cerro_Hoya_Expedition_Hoya_505m_prizeCrab_2025-01-26,prizeCrab_2025_01_26__21_07_05_HDR0.jpg,prizeCrab_2025_01_26__21_07_05_HDR0_1_Mothbot_yolo11m_4500_imgsz1600_b1_2024-01-18.pt.jpg
doi.org10.15468dl.6nxkw6.csv,Animalia,Arthropoda,Insecta,Lepidoptera,Geometridae,,,,6950,,Geometridae,Geometridae,Cerro_Hoya_Expedition_Hoya_505m_prizeCrab_2025-01-26,prizeCrab_2025_01_26__21_09_06_HDR0_0_Mothbot_yolo11m_4500_imgsz1600_b1_2024-01-18.pt.jpg,HS,Mothbot_yolo11m_4500_imgsz1600_b1_2024-01-18.pt,0.5232840180397034,,prizeCrab,Cerro_Hoya_Expedition/Hoya_505m_prizeCrab_2025-01-26/2025-01-26/patches/prizeCrab_2025_01_26__21_09_06_HDR0_0_Mothbot_yolo11m_4500_imgsz1600_b1_2024-01-18.pt.jpg,ORDER_Lepidoptera,2025-01-26,21:09:06,,2025_01_26__21_09_06,MachineObservation,Cerro_Hoya_Expedition_Hoya_505m_prizeCrab_2025-01-26_2025-01-26,Cerro_Hoya_Expedition_Hoya_505m_prizeCrab_2025-01-26,prizeCrab_2025_01_26__21_09_06_HDR0.jpg,prizeCrab_2025_01_26__21_09_06_HDR0_0_Mothbot_yolo11m_4500_imgsz1600_b1_2024-01-18.pt.jpg
doi.org10.15468dl.6nxkw6.csv,Animalia,Arthropoda,Insecta,Lepidoptera,Geometridae,,,,6950,,Geometridae,Geometridae,Cerro_Hoya_Expedition_Hoya_505m_prizeCrab_2025-01-26,prizeCrab_2025_01_26__21_10_06_HDR0_0_Mothbot_yolo11m_4500_imgsz1600_b1_2024-01-18.pt.jpg,HS,Mothbot_yolo11m_4500_imgsz1600_b1_2024-01-18.pt,0.5296027064323425,,prizeCrab,Cerro_Hoya_Expedition/Hoya_505m_prizeCrab_2025-01-26/2025-01-26/patches/prizeCrab_2025_01_26__21_10_06_HDR0_0_Mothbot_yolo11m_4500_imgsz1600_b1_2024-01-18.pt.jpg,ORDER_Lepidoptera,2025-01-26,21:10:06,,2025_01_26__21_10_06,MachineObservation,Cerro_Hoya_Expedition_Hoya_505m_prizeCrab_2025-01-26_2025-01-26,Cerro_Hoya_Expedition_Hoya_505m_prizeCrab_2025-01-26,prizeCrab_2025_01_26__21_10_06_HDR0.jpg,prizeCrab_2025_01_26__21_10_06_HDR0_0_Mothbot_yolo11m_4500_imgsz1600_b1_2024-01-18.pt.jpg
doi.org10.15468dl.6nxkw6.csv,Animalia,Arthropoda,Insecta,Lepidoptera,Geometridae,,,,6950,,Geometridae,Geometridae,Cerro_Hoya_Expedition_Hoya_505m_prizeCrab_2025-01-26,prizeCrab_2025_01_26__21_11_05_HDR0_0_Mothbot_yolo11m_4500_imgsz1600_b1_2024-01-18.pt.jpg,HS,Mothbot_yolo11m_4500_imgsz1600_b1_2024-01-18.pt,0.5371609926223755,,prizeCrab,Cerro_Hoya_Expedition/Hoya_505m_prizeCrab_2025-01-26/2025-01-26/patches/prizeCrab_2025_01_26__21_11_05_HDR0_0_Mothbot_yolo11m_4500_imgsz1600_b1_2024-01-18.pt.jpg,ORDER_Lepidoptera,2025-01-26,21:11:05,,2025_01_26__21_11_05,MachineObservation,Cerro_Hoya_Expedition_Hoya_505m_prizeCrab_2025-01-26_2025-01-26,Cerro_Hoya_Expedition_Hoya_505m_prizeCrab_2025-01-26,prizeCrab_2025_01_26__21_11_05_HDR0.jpg,prizeCrab_2025_01_26__21_11_05_HDR0_0_Mothbot_yolo11m_4500_imgsz1600_b1_2024-01-18.pt.jpg
doi.org10.15468dl.6nxkw6.csv,Animalia,Arthropoda,Insecta,Lepidoptera,Geometridae,,,,6950,,Geometridae,Geometridae,Cerro_Hoya_Expedition_Hoya_505m_prizeCrab_2025-01-26,prizeCrab_2025_01_26__21_12_06_HDR0_0_Mothbot_yolo11m_4500_imgsz1600_b1_2024-01-18.pt.jpg,HS,Mothbot_yolo11m_4500_imgsz1600_b1_2024-01-18.pt,0.5005068778991699,,prizeCrab,Cerro_Hoya_Expedition/Hoya_505m_prizeCrab_2025-01-26/2025-01-26/patches/prizeCrab_2025_01_26__21_12_06_HDR0_0_Mothbot_yolo11m_4500_imgsz1600_b1_2024-01-18.pt.jpg,ORDER_Lepidoptera,2025-01-26,21:12:06,,2025_01_26__21_12_06,MachineObservation,Cerro_Hoya_Expedition_Hoya_505m_prizeCrab_2025-01-26_2025-01-26,Cerro_Hoya_Expedition_Hoya_505m_prizeCrab_2025-01-26,prizeCrab_2025_01_26__21_12_06_HDR0.jpg,prizeCrab_2025_01_26__21_12_06_HDR0_0_Mothbot_yolo11m_4500_imgsz1600_b1_2024-01-18.pt.jpg
doi.org10.15468dl.6nxkw6.csv,Animalia,Arthropoda,Insecta,Lepidoptera,,,,,797,,Lepidoptera,Lepidoptera,Cerro_Hoya_Expedition_Hoya_505m_prizeCrab_2025-01-26,prizeCrab_2025_01_26__21_13_06_HDR0_0_Mothbot_yolo11m_4500_imgsz1600_b1_2024-01-18.pt.jpg,HS,Mothbot_yolo11m_4500_imgsz1600_b1_2024-01-18.pt,0.8356730341911316,,prizeCrab,Cerro_Hoya_Expedition/Hoya_505m_prizeCrab_2025-01-26/2025-01-26/patches/prizeCrab_2025_01_26__21_13_06_HDR0_0_Mothbot_yolo11m_4500_imgsz1600_b1_2024-01-18.pt.jpg,ORDER_Lepidoptera,2025-01-26,21:13:06,,2025_01_26__21_13_06,MachineObservation,Cerro_Hoya_Expedition_Hoya_505m_prizeCrab_2025-01-26_2025-01-26,Cerro_Hoya_Expedition_Hoya_505m_prizeCrab_2025-01-26,prizeCrab_2025_01_26__21_13_06_HDR0.jpg,prizeCrab_2025_01_26__21_13_06_HDR0_0_Mothbot_yolo11m_4500_imgsz1600_b1_2024-01-18.pt.jpg
doi.org10.15468dl.6nxkw6.csv,Animalia,Arthropoda,Insecta,Lepidoptera,Geometridae,,,,6950,,Geometridae,Geometridae,Cerro_Hoya_Expedition_Hoya_505m_prizeCrab_2025-01-26,prizeCrab_2025_01_26__21_13_06_HDR0_1_Mothbot_yolo11m_4500_imgsz1600_b1_2024-01-18.pt.jpg,HS,Mothbot_yolo11m_4500_imgsz1600_b1_2024-01-18.pt,0.545732319355011,,prizeCrab,Cerro_Hoya_Expedition/Hoya_505m_prizeCrab_2025-01-26/2025-01-26/patches/prizeCrab_2025_01_26__21_13_06_HDR0_1_Mothbot_yolo11m_4500_imgsz1600_b1_2024-01-18.pt.jpg,ORDER_Lepidoptera,2025-01-26,21:13:06,,2025_01_26__21_13_06,MachineObservation,Cerro_Hoya_Expedition_Hoya_505m_prizeCrab_2025-01-26_2025-01-26,Cerro_Hoya_Expedition_Hoya_505m_prizeCrab_2025-01-26,prizeCrab_2025_01_26__21_13_06_HDR0.jpg,prizeCrab_2025_01_26__21_13_06_HDR0_1_Mothbot_yolo11m_4500_imgsz1600_b1_2024-01-18.pt.jpg
doi.org10.15468dl.6nxkw6.csv,Animalia,Arthropoda,Insecta,Lepidoptera,,,,,797,,Lepidoptera,Lepidoptera,Cerro_Hoya_Expedition_Hoya_505m_prizeCrab_2025-01-26,prizeCrab_2025_01_26__21_14_06_HDR0_0_Mothbot_yolo11m_4500_imgsz1600_b1_2024-01-18.pt.jpg,HS,Mothbot_yolo11m_4500_imgsz1600_b1_2024-01-18.pt,0.8254198431968689,,prizeCrab,Cerro_Hoya_Expedition/Hoya_505m_prizeCrab_2025-01-26/2025-01-26/patches/prizeCrab_2025_01_26__21_14_06_HDR0_0_Mothbot_yolo11m_4500_imgsz1600_b1_2024-01-18.pt.jpg,ORDER_Lepidoptera,2025-01-26,21:14:06,,2025_01_26__21_14_06,MachineObservation,Cerro_Hoya_Expedition_Hoya_505m_prizeCrab_2025-01-26_2025-01-26,Cerro_Hoya_Expedition_Hoya_505m_prizeCrab_2025-01-26,prizeCrab_2025_01_26__21_14_06_HDR0.jpg,prizeCrab_2025_01_26__21_14_06_HDR0_0_Mothbot_yolo11m_4500_imgsz1600_b1_2024-01-18.pt.jpg
doi.org10.15468dl.6nxkw6.csv,Animalia,Arthropoda,Insecta,Lepidoptera,Geometridae,,,,6950,,Geometridae,Geometridae,Cerro_Hoya_Expedition_Hoya_505m_prizeCrab_2025-01-26,prizeCrab_2025_01_26__21_14_06_HDR0_1_Mothbot_yolo11m_4500_imgsz1600_b1_2024-01-18.pt.jpg,HS,Mothbot_yolo11m_4500_imgsz1600_b1_2024-01-18.pt,0.5662767887115479,,prizeCrab,Cerro_Hoya_Expedition/Hoya_505m_prizeCrab_2025-01-26/2025-01-26/patches/prizeCrab_2025_01_26__21_14_06_HDR0_1_Mothbot_yolo11m_4500_imgsz1600_b1_2024-01-18.pt.jpg,ORDER_Lepidoptera,2025-01-26,21:14:06,,2025_01_26__21_14_06,MachineObservation,Cerro_Hoya_Expedition_Hoya_505m_prizeCrab_2025-01-26_2025-01-26,Cerro_Hoya_Expedition_Hoya_505m_prizeCrab_2025-01-26,prizeCrab_2025_01_26__21_14_06_HDR0.jpg,prizeCrab_2025_01_26__21_14_06_HDR0_1_Mothbot_yolo11m_4500_imgsz1600_b1_2024-01-18.pt.jpg
doi.org10.15468dl.6nxkw6.csv,Animalia,Arthropoda,Insecta,Diptera,,,,,811,,Diptera,Diptera,Cerro_Hoya_Expedition_Hoya_505m_prizeCrab_2025-01-26,prizeCrab_2025_01_26__21_14_06_HDR0_2_Mothbot_yolo11m_4500_imgsz1600_b1_2024-01-18.pt.jpg,HS,Mothbot_yolo11m_4500_imgsz1600_b1_2024-01-18.pt,0.4576714038848877,,prizeCrab,Cerro_Hoya_Expedition/Hoya_505m_prizeCrab_2025-01-26/2025-01-26/patches/prizeCrab_2025_01_26__21_14_06_HDR0_2_Mothbot_yolo11m_4500_imgsz1600_b1_2024-01-18.pt.jpg,ORDER_Diptera,2025-01-26,21:14:06,,2025_01_26__21_14_06,MachineObservation,Cerro_Hoya_Expedition_Hoya_505m_prizeCrab_2025-01-26_2025-01-26,Cerro_Hoya_Expedition_Hoya_505m_prizeCrab_2025-01-26,prizeCrab_2025_01_26__21_14_06_HDR0.jpg,prizeCrab_2025_01_26__21_14_06_HDR0_2_Mothbot_yolo11m_4500_imgsz1600_b1_2024-01-18.pt.jpg
doi.org10.15468dl.6nxkw6.csv,Animalia,Arthropoda,Insecta,Lepidoptera,,,,,797,,Lepidoptera,Lepidoptera,Cerro_Hoya_Expedition_Hoya_505m_prizeCrab_2025-01-26,prizeCrab_2025_01_26__21_16_06_HDR0_0_Mothbot_yolo11m_4500_imgsz1600_b1_2024-01-18.pt.jpg,HS,Mothbot_yolo11m_4500_imgsz1600_b1_2024-01-18.pt,0.8244917392730713,,prizeCrab,Cerro_Hoya_Expedition/Hoya_505m_prizeCrab_2025-01-26/2025-01-26/patches/prizeCrab_2025_01_26__21_16_06_HDR0_0_Mothbot_yolo11m_4500_imgsz1600_b1_2024-01-18.pt.jpg,ORDER_Lepidoptera,2025-01-26,21:16:06,,2025_01_26__21_16_06,MachineObservation,Cerro_Hoya_Expedition_Hoya_505m_prizeCrab_2025-01-26_2025-01-26,Cerro_Hoya_Expedition_Hoya_505m_prizeCrab_2025-01-26,prizeCrab_2025_01_26__21_16_06_HDR0.jpg,prizeCrab_2025_01_26__21_16_06_HDR0_0_Mothbot_yolo11m_4500_imgsz1600_b1_2024-01-18.pt.jpg
doi.org10.15468dl.6nxkw6.csv,Animalia,Arthropoda,Insecta,Lepidoptera,Geometridae,,,,6950,,Geometridae,Geometridae,Cerro_Hoya_Expedition_Hoya_505m_prizeCrab_2025-01-26,prizeCrab_2025_01_26__21_16_06_HDR0_1_Mothbot_yolo11m_4500_imgsz1600_b1_2024-01-18.pt.jpg,HS,Mothbot_yolo11m_4500_imgsz1600_b1_2024-01-18.pt,0.29190823435783386,,prizeCrab,Cerro_Hoya_Expedition/Hoya_505m_prizeCrab_2025-01-26/2025-01-26/patches/prizeCrab_2025_01_26__21_16_06_HDR0_1_Mothbot_yolo11m_4500_imgsz1600_b1_2024-01-18.pt.jpg,ORDER_Lepidoptera,2025-01-26,21:16:06,,2025_01_26__21_16_06,MachineObservation,Cerro_Hoya_Expedition_Hoya_505m_prizeCrab_2025-01-26_2025-01-26,Cerro_Hoya_Expedition_Hoya_505m_prizeCrab_2025-01-26,prizeCrab_2025_01_26__21_16_06_HDR0.jpg,prizeCrab_2025_01_26__21_16_06_HDR0_1_Mothbot_yolo11m_4500_imgsz1600_b1_2024-01-18.pt.jpg
doi.org10.15468dl.6nxkw6.csv,Animalia,Arthropoda,Insecta,Lepidoptera,,,,,797,,Lepidoptera,Lepidoptera,Cerro_Hoya_Expedition_Hoya_505m_prizeCrab_2025-01-26,prizeCrab_2025_01_26__21_17_06_HDR0_0_Mothbot_yolo11m_4500_imgsz1600_b1_2024-01-18.pt.jpg,HS,Mothbot_yolo11m_4500_imgsz1600_b1_2024-01-18.pt,0.8154421448707581,,prizeCrab,Cerro_Hoya_Expedition/Hoya_505m_prizeCrab_2025-01-26/2025-01-26/patches/prizeCrab_2025_01_26__21_17_06_HDR0_0_Mothbot_yolo11m_4500_imgsz1600_b1_2024-01-18.pt.jpg,ORDER_Lepidoptera,2025-01-26,21:17:06,,2025_01_26__21_17_06,MachineObservation,Cerro_Hoya_Expedition_Hoya_505m_prizeCrab_2025-01-26_2025-01-26,Cerro_Hoya_Expedition_Hoya_505m_prizeCrab_2025-01-26,prizeCrab_2025_01_26__21_17_06_HDR0.jpg,prizeCrab_2025_01_26__21_17_06_HDR0_0_Mothbot_yolo11m_4500_imgsz1600_b1_2024-01-18.pt.jpg
doi.org10.15468dl.6nxkw6.csv,Animalia,Arthropoda,Insecta,Lepidoptera,Geometridae,,,,6950,,Geometridae,Geometridae,Cerro_Hoya_Expedition_Hoya_505m_prizeCrab_2025-01-26,prizeCrab_2025_01_26__21_17_06_HDR0_1_Mothbot_yolo11m_4500_imgsz1600_b1_2024-01-18.pt.jpg,HS,Mothbot_yolo11m_4500_imgsz1600_b1_2024-01-18.pt,0.6554609537124634,,prizeCrab,Cerro_Hoya_Expedition/Hoya_505m_prizeCrab_2025-01-26/2025-01-26/patches/prizeCrab_2025_01_26__21_17_06_HDR0_1_Mothbot_yolo11m_4500_imgsz1600_b1_2024-01-18.pt.jpg,ORDER_Lepidoptera,2025-01-26,21:17:06,,2025_01_26__21_17_06,MachineObservation,Cerro_Hoya_Expedition_Hoya_505m_prizeCrab_2025-01-26_2025-01-26,Cerro_Hoya_Expedition_Hoya_505m_prizeCrab_2025-01-26,prizeCrab_2025_01_26__21_17_06_HDR0.jpg,prizeCrab_2025_01_26__21_17_06_HDR0_1_Mothbot_yolo11m_4500_imgsz1600_b1_2024-01-18.pt.jpg
doi.org10.15468dl.6nxkw6.csv,Animalia,Arthropoda,Insecta,Lepidoptera,,,,,797,,Lepidoptera,Lepidoptera,Cerro_Hoya_Expedition_Hoya_505m_prizeCrab_2025-01-26,prizeCrab_2025_01_26__21_18_06_HDR0_0_Mothbot_yolo11m_4500_imgsz1600_b1_2024-01-18.pt.jpg,HS,Mothbot_yolo11m_4500_imgsz1600_b1_2024-01-18.pt,0.8232595324516296,,prizeCrab,Cerro_Hoya_Expedition/Hoya_505m_prizeCrab_2025-01-26/2025-01-26/patches/prizeCrab_2025_01_26__21_18_06_HDR0_0_Mothbot_yolo11m_4500_imgsz1600_b1_2024-01-18.pt.jpg,ORDER_Lepidoptera,2025-01-26,21:18:06,,2025_01_26__21_18_06,MachineObservation,Cerro_Hoya_Expedition_Hoya_505m_prizeCrab_2025-01-26_2025-01-26,Cerro_Hoya_Expedition_Hoya_505m_prizeCrab_2025-01-26,prizeCrab_2025_01_26__21_18_06_HDR0.jpg,prizeCrab_2025_01_26__21_18_06_HDR0_0_Mothbot_yolo11m_4500_imgsz1600_b1_2024-01-18.pt.jpg
doi.org10.15468dl.6nxkw6.csv,Animalia,Arthropoda,Insecta,Lepidoptera,,,,,797,,Lepidoptera,Lepidoptera,Cerro_Hoya_Expedition_Hoya_505m_prizeCrab_2025-01-26,prizeCrab_2025_01_26__21_19_05_HDR0_0_Mothbot_yolo11m_4500_imgsz1600_b1_2024-01-18.pt.jpg,HS,Mothbot_yolo11m_4500_imgsz1600_b1_2024-01-18.pt,0.8007327914237976,,prizeCrab,Cerro_Hoya_Expedition/Hoya_505m_prizeCrab_2025-01-26/2025-01-26/patches/prizeCrab_2025_01_26__21_19_05_HDR0_0_Mothbot_yolo11m_4500_imgsz1600_b1_2024-01-18.pt.jpg,ORDER_Lepidoptera,2025-01-26,21:19:05,,2025_01_26__21_19_05,MachineObservation,Cerro_Hoya_Expedition_Hoya_505m_prizeCrab_2025-01-26_2025-01-26,Cerro_Hoya_Expedition_Hoya_505m_prizeCrab_2025-01-26,prizeCrab_2025_01_26__21_19_05_HDR0.jpg,prizeCrab_2025_01_26__21_19_05_HDR0_0_Mothbot_yolo11m_4500_imgsz1600_b1_2024-01-18.pt.jpg
doi.org10.15468dl.6nxkw6.csv,Animalia,Arthropoda,Insecta,Lepidoptera,,,,,797,,Lepidoptera,Lepidoptera,Cerro_Hoya_Expedition_Hoya_505m_prizeCrab_2025-01-26,prizeCrab_2025_01_26__21_20_06_HDR0_0_Mothbot_yolo11m_4500_imgsz1600_b1_2024-01-18.pt.jpg,HS,Mothbot_yolo11m_4500_imgsz1600_b1_2024-01-18.pt,0.7856752872467041,,prizeCrab,Cerro_Hoya_Expedition/Hoya_505m_prizeCrab_2025-01-26/2025-01-26/patches/prizeCrab_2025_01_26__21_20_06_HDR0_0_Mothbot_yolo11m_4500_imgsz1600_b1_2024-01-18.pt.jpg,ORDER_Lepidoptera,2025-01-26,21:20:06,,2025_01_26__21_20_06,MachineObservation,Cerro_Hoya_Expedition_Hoya_505m_prizeCrab_2025-01-26_2025-01-26,Cerro_Hoya_Expedition_Hoya_505m_prizeCrab_2025-01-26,prizeCrab_2025_01_26__21_20_06_HDR0.jpg,prizeCrab_2025_01_26__21_20_06_HDR0_0_Mothbot_yolo11m_4500_imgsz1600_b1_2024-01-18.pt.jpg
doi.org10.15468dl.6nxkw6.csv,Animalia,Arthropoda,Insecta,Lepidoptera,,,,,797,,Lepidoptera,Lepidoptera,Cerro_Hoya_Expedition_Hoya_505m_prizeCrab_2025-01-26,prizeCrab_2025_01_26__21_21_06_HDR0_0_Mothbot_yolo11m_4500_imgsz1600_b1_2024-01-18.pt.jpg,HS,Mothbot_yolo11m_4500_imgsz1600_b1_2024-01-18.pt,0.8140799403190613,,prizeCrab,Cerro_Hoya_Expedition/Hoya_505m_prizeCrab_2025-01-26/2025-01-26/patches/prizeCrab_2025_01_26__21_21_06_HDR0_0_Mothbot_yolo11m_4500_imgsz1600_b1_2024-01-18.pt.jpg,ORDER_Lepidoptera,2025-01-26,21:21:06,,2025_01_26__21_21_06,MachineObservation,Cerro_Hoya_Expedition_Hoya_505m_prizeCrab_2025-01-26_2025-01-26,Cerro_Hoya_Expedition_Hoya_505m_prizeCrab_2025-01-26,prizeCrab_2025_01_26__21_21_06_HDR0.jpg,prizeCrab_2025_01_26__21_21_06_HDR0_0_Mothbot_yolo11m_4500_imgsz1600_b1_2024-01-18.pt.jpg
doi.org10.15468dl.6nxkw6.csv,Animalia,Arthropoda,Insecta,Diptera,,,,,811,,Diptera,Diptera,Cerro_Hoya_Expedition_Hoya_505m_prizeCrab_2025-01-26,prizeCrab_2025_01_26__21_23_06_HDR0_0_Mothbot_yolo11m_4500_imgsz1600_b1_2024-01-18.pt.jpg,HS,Mothbot_yolo11m_4500_imgsz1600_b1_2024-01-18.pt,0.6769605278968811,,prizeCrab,Cerro_Hoya_Expedition/Hoya_505m_prizeCrab_2025-01-26/2025-01-26/patches/prizeCrab_2025_01_26__21_23_06_HDR0_0_Mothbot_yolo11m_4500_imgsz1600_b1_2024-01-18.pt.jpg,ORDER_Hemiptera,2025-01-26,21:23:06,,2025_01_26__21_23_06,MachineObservation,Cerro_Hoya_Expedition_Hoya_505m_prizeCrab_2025-01-26_2025-01-26,Cerro_Hoya_Expedition_Hoya_505m_prizeCrab_2025-01-26,prizeCrab_2025_01_26__21_23_06_HDR0.jpg,prizeCrab_2025_01_26__21_23_06_HDR0_0_Mothbot_yolo11m_4500_imgsz1600_b1_2024-01-18.pt.jpg
doi.org10.15468dl.6nxkw6.csv,Animalia,Arthropoda,Insecta,Lepidoptera,,,,,797,,Lepidoptera,Lepidoptera,Cerro_Hoya_Expedition_Hoya_505m_prizeCrab_2025-01-26,prizeCrab_2025_01_26__21_24_06_HDR0_0_Mothbot_yolo11m_4500_imgsz1600_b1_2024-01-18.pt.jpg,HS,Mothbot_yolo11m_4500_imgsz1600_b1_2024-01-18.pt,0.837578296661377,,prizeCrab,Cerro_Hoya_Expedition/Hoya_505m_prizeCrab_2025-01-26/2025-01-26/patches/prizeCrab_2025_01_26__21_24_06_HDR0_0_Mothbot_yolo11m_4500_imgsz1600_b1_2024-01-18.pt.jpg,ORDER_Lepidoptera,2025-01-26,21:24:06,,2025_01_26__21_24_06,MachineObservation,Cerro_Hoya_Expedition_Hoya_505m_prizeCrab_2025-01-26_2025-01-26,Cerro_Hoya_Expedition_Hoya_505m_prizeCrab_2025-01-26,prizeCrab_2025_01_26__21_24_06_HDR0.jpg,prizeCrab_2025_01_26__21_24_06_HDR0_0_Mothbot_yolo11m_4500_imgsz1600_b1_2024-01-18.pt.jpg
doi.org10.15468dl.6nxkw6.csv,Animalia,Arthropoda,Insecta,Diptera,,,,,811,,Diptera,Diptera,Cerro_Hoya_Expedition_Hoya_505m_prizeCrab_2025-01-26,prizeCrab_2025_01_26__21_25_06_HDR0_0_Mothbot_yolo11m_4500_imgsz1600_b1_2024-01-18.pt.jpg,HS,Mothbot_yolo11m_4500_imgsz1600_b1_2024-01-18.pt,0.41917234659194946,,prizeCrab,Cerro_Hoya_Expedition/Hoya_505m_prizeCrab_2025-01-26/2025-01-26/patches/prizeCrab_2025_01_26__21_25_06_HDR0_0_Mothbot_yolo11m_4500_imgsz1600_b1_2024-01-18.pt.jpg,ORDER_Diptera,2025-01-26,21:25:06,,2025_01_26__21_25_06,MachineObservation,Cerro_Hoya_Expedition_Hoya_505m_prizeCrab_2025-01-26_2025-01-26,Cerro_Hoya_Expedition_Hoya_505m_prizeCrab_2025-01-26,prizeCrab_2025_01_26__21_25_06_HDR0.jpg,prizeCrab_2025_01_26__21_25_06_HDR0_0_Mothbot_yolo11m_4500_imgsz1600_b1_2024-01-18.pt.jpg
doi.org10.15468dl.6nxkw6.csv,Animalia,Arthropoda,Insecta,Hemiptera,Pyrrhocoridae,Dysdercus,bimaculatus,,2012175,,bimaculatus,Dysdercus bimaculatus,Cerro_Hoya_Expedition_Hoya_505m_prizeCrab_2025-01-26,prizeCrab_2025_01_26__21_27_05_HDR0_0_Mothbot_yolo11m_4500_imgsz1600_b1_2024-01-18.pt.jpg,HS,Mothbot_yolo11m_4500_imgsz1600_b1_2024-01-18.pt,0.710202157497406,,prizeCrab,Cerro_Hoya_Expedition/Hoya_505m_prizeCrab_2025-01-26/2025-01-26/patches/prizeCrab_2025_01_26__21_27_05_HDR0_0_Mothbot_yolo11m_4500_imgsz1600_b1_2024-01-18.pt.jpg,ORDER_Hemiptera,2025-01-26,21:27:05,,2025_01_26__21_27_05,MachineObservation,Cerro_Hoya_Expedition_Hoya_505m_prizeCrab_2025-01-26_2025-01-26,Cerro_Hoya_Expedition_Hoya_505m_prizeCrab_2025-01-26,prizeCrab_2025_01_26__21_27_05_HDR0.jpg,prizeCrab_2025_01_26__21_27_05_HDR0_0_Mothbot_yolo11m_4500_imgsz1600_b1_2024-01-18.pt.jpg
doi.org10.15468dl.6nxkw6.csv,Animalia,Arthropoda,Insecta,Hemiptera,Pyrrhocoridae,Dysdercus,bimaculatus,,2012175,,bimaculatus,Dysdercus bimaculatus,Cerro_Hoya_Expedition_Hoya_505m_prizeCrab_2025-01-26,prizeCrab_2025_01_26__21_28_06_HDR0_0_Mothbot_yolo11m_4500_imgsz1600_b1_2024-01-18.pt.jpg,HS,Mothbot_yolo11m_4500_imgsz1600_b1_2024-01-18.pt,0.7860007286071777,,prizeCrab,Cerro_Hoya_Expedition/Hoya_505m_prizeCrab_2025-01-26/2025-01-26/patches/prizeCrab_2025_01_26__21_28_06_HDR0_0_Mothbot_yolo11m_4500_imgsz1600_b1_2024-01-18.pt.jpg,ORDER_Hemiptera,2025-01-26,21:28:06,,2025_01_26__21_28_06,MachineObservation,Cerro_Hoya_Expedition_Hoya_505m_prizeCrab_2025-01-26_2025-01-26,Cerro_Hoya_Expedition_Hoya_505m_prizeCrab_2025-01-26,prizeCrab_2025_01_26__21_28_06_HDR0.jpg,prizeCrab_2025_01_26__21_28_06_HDR0_0_Mothbot_yolo11m_4500_imgsz1600_b1_2024-01-18.pt.jpg
doi.org10.15468dl.6nxkw6.csv,Animalia,Arthropoda,Insecta,Hemiptera,Pyrrhocoridae,Dysdercus,bimaculatus,,2012175,,bimaculatus,Dysdercus bimaculatus,Cerro_Hoya_Expedition_Hoya_505m_prizeCrab_2025-01-26,prizeCrab_2025_01_26__21_32_06_HDR0_0_Mothbot_yolo11m_4500_imgsz1600_b1_2024-01-18.pt.jpg,HS,Mothbot_yolo11m_4500_imgsz1600_b1_2024-01-18.pt,0.8073820471763611,,prizeCrab,Cerro_Hoya_Expedition/Hoya_505m_prizeCrab_2025-01-26/2025-01-26/patches/prizeCrab_2025_01_26__21_32_06_HDR0_0_Mothbot_yolo11m_4500_imgsz1600_b1_2024-01-18.pt.jpg,ORDER_Hemiptera,2025-01-26,21:32:06,,2025_01_26__21_32_06,MachineObservation,Cerro_Hoya_Expedition_Hoya_505m_prizeCrab_2025-01-26_2025-01-26,Cerro_Hoya_Expedition_Hoya_505m_prizeCrab_2025-01-26,prizeCrab_2025_01_26__21_32_06_HDR0.jpg,prizeCrab_2025_01_26__21_32_06_HDR0_0_Mothbot_yolo11m_4500_imgsz1600_b1_2024-01-18.pt.jpg
doi.org10.15468dl.6nxkw6.csv,Animalia,Arthropoda,Insecta,,,,,,216,,Insecta,Insecta,Cerro_Hoya_Expedition_Hoya_505m_prizeCrab_2025-01-26,prizeCrab_2025_01_26__21_34_05_HDR0_0_Mothbot_yolo11m_4500_imgsz1600_b1_2024-01-18.pt.jpg,HS,Mothbot_yolo11m_4500_imgsz1600_b1_2024-01-18.pt,0.49947401881217957,,prizeCrab,Cerro_Hoya_Expedition/Hoya_505m_prizeCrab_2025-01-26/2025-01-26/patches/prizeCrab_2025_01_26__21_34_05_HDR0_0_Mothbot_yolo11m_4500_imgsz1600_b1_2024-01-18.pt.jpg,ORDER_Lepidoptera,2025-01-26,21:34:05,,2025_01_26__21_34_05,MachineObservation,Cerro_Hoya_Expedition_Hoya_505m_prizeCrab_2025-01-26_2025-01-26,Cerro_Hoya_Expedition_Hoya_505m_prizeCrab_2025-01-26,prizeCrab_2025_01_26__21_34_05_HDR0.jpg,prizeCrab_2025_01_26__21_34_05_HDR0_0_Mothbot_yolo11m_4500_imgsz1600_b1_2024-01-18.pt.jpg
doi.org10.15468dl.6nxkw6.csv,Animalia,Arthropoda,Insecta,Hemiptera,Delphacidae,,,,8498,,Delphacidae,Delphacidae,Cerro_Hoya_Expedition_Hoya_505m_prizeCrab_2025-01-26,prizeCrab_2025_01_26__21_37_06_HDR0_0_Mothbot_yolo11m_4500_imgsz1600_b1_2024-01-18.pt.jpg,HS,Mothbot_yolo11m_4500_imgsz1600_b1_2024-01-18.pt,0.68974369764328,,prizeCrab,Cerro_Hoya_Expedition/Hoya_505m_prizeCrab_2025-01-26/2025-01-26/patches/prizeCrab_2025_01_26__21_37_06_HDR0_0_Mothbot_yolo11m_4500_imgsz1600_b1_2024-01-18.pt.jpg,ORDER_Hemiptera,2025-01-26,21:37:06,,2025_01_26__21_37_06,MachineObservation,Cerro_Hoya_Expedition_Hoya_505m_prizeCrab_2025-01-26_2025-01-26,Cerro_Hoya_Expedition_Hoya_505m_prizeCrab_2025-01-26,prizeCrab_2025_01_26__21_37_06_HDR0.jpg,prizeCrab_2025_01_26__21_37_06_HDR0_0_Mothbot_yolo11m_4500_imgsz1600_b1_2024-01-18.pt.jpg
doi.org10.15468dl.6nxkw6.csv,Animalia,Arthropoda,Insecta,Diptera,,,,,811,,Diptera,Diptera,Cerro_Hoya_Expedition_Hoya_505m_prizeCrab_2025-01-26,prizeCrab_2025_01_26__21_37_06_HDR0_1_Mothbot_yolo11m_4500_imgsz1600_b1_2024-01-18.pt.jpg,HS,Mothbot_yolo11m_4500_imgsz1600_b1_2024-01-18.pt,0.5053585767745972,,prizeCrab,Cerro_Hoya_Expedition/Hoya_505m_prizeCrab_2025-01-26/2025-01-26/patches/prizeCrab_2025_01_26__21_37_06_HDR0_1_Mothbot_yolo11m_4500_imgsz1600_b1_2024-01-18.pt.jpg,ORDER_Coleoptera,2025-01-26,21:37:06,,2025_01_26__21_37_06,MachineObservation,Cerro_Hoya_Expedition_Hoya_505m_prizeCrab_2025-01-26_2025-01-26,Cerro_Hoya_Expedition_Hoya_505m_prizeCrab_2025-01-26,prizeCrab_2025_01_26__21_37_06_HDR0.jpg,prizeCrab_2025_01_26__21_37_06_HDR0_1_Mothbot_yolo11m_4500_imgsz1600_b1_2024-01-18.pt.jpg
doi.org10.15468dl.6nxkw6.csv,Animalia,Arthropoda,Insecta,Hemiptera,Cicadellidae,,,,9647,,Cicadellidae,Cicadellidae,Cerro_Hoya_Expedition_Hoya_505m_prizeCrab_2025-01-26,prizeCrab_2025_01_26__21_38_05_HDR0_0_Mothbot_yolo11m_4500_imgsz1600_b1_2024-01-18.pt.jpg,HS,Mothbot_yolo11m_4500_imgsz1600_b1_2024-01-18.pt,0.6834157705307007,,prizeCrab,Cerro_Hoya_Expedition/Hoya_505m_prizeCrab_2025-01-26/2025-01-26/patches/prizeCrab_2025_01_26__21_38_05_HDR0_0_Mothbot_yolo11m_4500_imgsz1600_b1_2024-01-18.pt.jpg,ORDER_Hemiptera,2025-01-26,21:38:05,,2025_01_26__21_38_05,MachineObservation,Cerro_Hoya_Expedition_Hoya_505m_prizeCrab_2025-01-26_2025-01-26,Cerro_Hoya_Expedition_Hoya_505m_prizeCrab_2025-01-26,prizeCrab_2025_01_26__21_38_05_HDR0.jpg,prizeCrab_2025_01_26__21_38_05_HDR0_0_Mothbot_yolo11m_4500_imgsz1600_b1_2024-01-18.pt.jpg
doi.org10.15468dl.6nxkw6.csv,Animalia,Arthropoda,Insecta,Hemiptera,Delphacidae,,,,8498,,Delphacidae,Delphacidae,Cerro_Hoya_Expedition_Hoya_505m_prizeCrab_2025-01-26,prizeCrab_2025_01_26__21_38_05_HDR0_1_Mothbot_yolo11m_4500_imgsz1600_b1_2024-01-18.pt.jpg,HS,Mothbot_yolo11m_4500_imgsz1600_b1_2024-01-18.pt,0.6643410325050354,,prizeCrab,Cerro_Hoya_Expedition/Hoya_505m_prizeCrab_2025-01-26/2025-01-26/patches/prizeCrab_2025_01_26__21_38_05_HDR0_1_Mothbot_yolo11m_4500_imgsz1600_b1_2024-01-18.pt.jpg,ORDER_Diptera,2025-01-26,21:38:05,,2025_01_26__21_38_05,MachineObservation,Cerro_Hoya_Expedition_Hoya_505m_prizeCrab_2025-01-26_2025-01-26,Cerro_Hoya_Expedition_Hoya_505m_prizeCrab_2025-01-26,prizeCrab_2025_01_26__21_38_05_HDR0.jpg,prizeCrab_2025_01_26__21_38_05_HDR0_1_Mothbot_yolo11m_4500_imgsz1600_b1_2024-01-18.pt.jpg
doi.org10.15468dl.6nxkw6.csv,Animalia,Arthropoda,Insecta,Diptera,,,,,811,,Diptera,Diptera,Cerro_Hoya_Expedition_Hoya_505m_prizeCrab_2025-01-26,prizeCrab_2025_01_26__21_39_06_HDR0_0_Mothbot_yolo11m_4500_imgsz1600_b1_2024-01-18.pt.jpg,HS,Mothbot_yolo11m_4500_imgsz1600_b1_2024-01-18.pt,0.7153232097625732,,prizeCrab,Cerro_Hoya_Expedition/Hoya_505m_prizeCrab_2025-01-26/2025-01-26/patches/prizeCrab_2025_01_26__21_39_06_HDR0_0_Mothbot_yolo11m_4500_imgsz1600_b1_2024-01-18.pt.jpg,ORDER_Diptera,2025-01-26,21:39:06,,2025_01_26__21_39_06,MachineObservation,Cerro_Hoya_Expedition_Hoya_505m_prizeCrab_2025-01-26_2025-01-26,Cerro_Hoya_Expedition_Hoya_505m_prizeCrab_2025-01-26,prizeCrab_2025_01_26__21_39_06_HDR0.jpg,prizeCrab_2025_01_26__21_39_06_HDR0_0_Mothbot_yolo11m_4500_imgsz1600_b1_2024-01-18.pt.jpg
doi.org10.15468dl.6nxkw6.csv,Animalia,Arthropoda,Insecta,Hemiptera,Delphacidae,,,,8498,,Delphacidae,Delphacidae,Cerro_Hoya_Expedition_Hoya_505m_prizeCrab_2025-01-26,prizeCrab_2025_01_26__21_39_06_HDR0_1_Mothbot_yolo11m_4500_imgsz1600_b1_2024-01-18.pt.jpg,HS,Mothbot_yolo11m_4500_imgsz1600_b1_2024-01-18.pt,0.7004914283752441,,prizeCrab,Cerro_Hoya_Expedition/Hoya_505m_prizeCrab_2025-01-26/2025-01-26/patches/prizeCrab_2025_01_26__21_39_06_HDR0_1_Mothbot_yolo11m_4500_imgsz1600_b1_2024-01-18.pt.jpg,ORDER_Hemiptera,2025-01-26,21:39:06,,2025_01_26__21_39_06,MachineObservation,Cerro_Hoya_Expedition_Hoya_505m_prizeCrab_2025-01-26_2025-01-26,Cerro_Hoya_Expedition_Hoya_505m_prizeCrab_2025-01-26,prizeCrab_2025_01_26__21_39_06_HDR0.jpg,prizeCrab_2025_01_26__21_39_06_HDR0_1_Mothbot_yolo11m_4500_imgsz1600_b1_2024-01-18.pt.jpg
doi.org10.15468dl.6nxkw6.csv,Animalia,Arthropoda,Insecta,Hemiptera,Cicadellidae,,,,9647,,Cicadellidae,Cicadellidae,Cerro_Hoya_Expedition_Hoya_505m_prizeCrab_2025-01-26,prizeCrab_2025_01_26__21_39_06_HDR0_2_Mothbot_yolo11m_4500_imgsz1600_b1_2024-01-18.pt.jpg,HS,Mothbot_yolo11m_4500_imgsz1600_b1_2024-01-18.pt,0.673377513885498,,prizeCrab,Cerro_Hoya_Expedition/Hoya_505m_prizeCrab_2025-01-26/2025-01-26/patches/prizeCrab_2025_01_26__21_39_06_HDR0_2_Mothbot_yolo11m_4500_imgsz1600_b1_2024-01-18.pt.jpg,ORDER_Hemiptera,2025-01-26,21:39:06,,2025_01_26__21_39_06,MachineObservation,Cerro_Hoya_Expedition_Hoya_505m_prizeCrab_2025-01-26_2025-01-26,Cerro_Hoya_Expedition_Hoya_505m_prizeCrab_2025-01-26,prizeCrab_2025_01_26__21_39_06_HDR0.jpg,prizeCrab_2025_01_26__21_39_06_HDR0_2_Mothbot_yolo11m_4500_imgsz1600_b1_2024-01-18.pt.jpg
doi.org10.15468dl.6nxkw6.csv,Animalia,Arthropoda,Insecta,Hemiptera,Delphacidae,,,,8498,,Delphacidae,Delphacidae,Cerro_Hoya_Expedition_Hoya_505m_prizeCrab_2025-01-26,prizeCrab_2025_01_26__21_40_06_HDR0_0_Mothbot_yolo11m_4500_imgsz1600_b1_2024-01-18.pt.jpg,HS,Mothbot_yolo11m_4500_imgsz1600_b1_2024-01-18.pt,0.6879341006278992,,prizeCrab,Cerro_Hoya_Expedition/Hoya_505m_prizeCrab_2025-01-26/2025-01-26/patches/prizeCrab_2025_01_26__21_40_06_HDR0_0_Mothbot_yolo11m_4500_imgsz1600_b1_2024-01-18.pt.jpg,ORDER_Diptera,2025-01-26,21:40:06,,2025_01_26__21_40_06,MachineObservation,Cerro_Hoya_Expedition_Hoya_505m_prizeCrab_2025-01-26_2025-01-26,Cerro_Hoya_Expedition_Hoya_505m_prizeCrab_2025-01-26,prizeCrab_2025_01_26__21_40_06_HDR0.jpg,prizeCrab_2025_01_26__21_40_06_HDR0_0_Mothbot_yolo11m_4500_imgsz1600_b1_2024-01-18.pt.jpg
doi.org10.15468dl.6nxkw6.csv,Animalia,Arthropoda,Insecta,Hemiptera,Cicadellidae,,,,9647,,Cicadellidae,Cicadellidae,Cerro_Hoya_Expedition_Hoya_505m_prizeCrab_2025-01-26,prizeCrab_2025_01_26__21_40_06_HDR0_1_Mothbot_yolo11m_4500_imgsz1600_b1_2024-01-18.pt.jpg,HS,Mothbot_yolo11m_4500_imgsz1600_b1_2024-01-18.pt,0.6597087979316711,,prizeCrab,Cerro_Hoya_Expedition/Hoya_505m_prizeCrab_2025-01-26/2025-01-26/patches/prizeCrab_2025_01_26__21_40_06_HDR0_1_Mothbot_yolo11m_4500_imgsz1600_b1_2024-01-18.pt.jpg,ORDER_Hemiptera,2025-01-26,21:40:06,,2025_01_26__21_40_06,MachineObservation,Cerro_Hoya_Expedition_Hoya_505m_prizeCrab_2025-01-26_2025-01-26,Cerro_Hoya_Expedition_Hoya_505m_prizeCrab_2025-01-26,prizeCrab_2025_01_26__21_40_06_HDR0.jpg,prizeCrab_2025_01_26__21_40_06_HDR0_1_Mothbot_yolo11m_4500_imgsz1600_b1_2024-01-18.pt.jpg
doi.org10.15468dl.6nxkw6.csv,Animalia,Arthropoda,Insecta,Hemiptera,Delphacidae,,,,8498,,Delphacidae,Delphacidae,Cerro_Hoya_Expedition_Hoya_505m_prizeCrab_2025-01-26,prizeCrab_2025_01_26__21_41_06_HDR0_0_Mothbot_yolo11m_4500_imgsz1600_b1_2024-01-18.pt.jpg,HS,Mothbot_yolo11m_4500_imgsz1600_b1_2024-01-18.pt,0.7141236662864685,,prizeCrab,Cerro_Hoya_Expedition/Hoya_505m_prizeCrab_2025-01-26/2025-01-26/patches/prizeCrab_2025_01_26__21_41_06_HDR0_0_Mothbot_yolo11m_4500_imgsz1600_b1_2024-01-18.pt.jpg,ORDER_Hemiptera,2025-01-26,21:41:06,,2025_01_26__21_41_06,MachineObservation,Cerro_Hoya_Expedition_Hoya_505m_prizeCrab_2025-01-26_2025-01-26,Cerro_Hoya_Expedition_Hoya_505m_prizeCrab_2025-01-26,prizeCrab_2025_01_26__21_41_06_HDR0.jpg,prizeCrab_2025_01_26__21_41_06_HDR0_0_Mothbot_yolo11m_4500_imgsz1600_b1_2024-01-18.pt.jpg
doi.org10.15468dl.6nxkw6.csv,Animalia,Arthropoda,Insecta,Hemiptera,Cicadellidae,,,,9647,,Cicadellidae,Cicadellidae,Cerro_Hoya_Expedition_Hoya_505m_prizeCrab_2025-01-26,prizeCrab_2025_01_26__21_41_06_HDR0_1_Mothbot_yolo11m_4500_imgsz1600_b1_2024-01-18.pt.jpg,HS,Mothbot_yolo11m_4500_imgsz1600_b1_2024-01-18.pt,0.6608335971832275,,prizeCrab,Cerro_Hoya_Expedition/Hoya_505m_prizeCrab_2025-01-26/2025-01-26/patches/prizeCrab_2025_01_26__21_41_06_HDR0_1_Mothbot_yolo11m_4500_imgsz1600_b1_2024-01-18.pt.jpg,ORDER_Hemiptera,2025-01-26,21:41:06,,2025_01_26__21_41_06,MachineObservation,Cerro_Hoya_Expedition_Hoya_505m_prizeCrab_2025-01-26_2025-01-26,Cerro_Hoya_Expedition_Hoya_505m_prizeCrab_2025-01-26,prizeCrab_2025_01_26__21_41_06_HDR0.jpg,prizeCrab_2025_01_26__21_41_06_HDR0_1_Mothbot_yolo11m_4500_imgsz1600_b1_2024-01-18.pt.jpg
doi.org10.15468dl.6nxkw6.csv,Animalia,Arthropoda,Insecta,Lepidoptera,,,,,797,,Lepidoptera,Lepidoptera,Cerro_Hoya_Expedition_Hoya_505m_prizeCrab_2025-01-26,prizeCrab_2025_01_26__21_41_06_HDR0_2_Mothbot_yolo11m_4500_imgsz1600_b1_2024-01-18.pt.jpg,HS,Mothbot_yolo11m_4500_imgsz1600_b1_2024-01-18.pt,0.5811803936958313,,prizeCrab,Cerro_Hoya_Expedition/Hoya_505m_prizeCrab_2025-01-26/2025-01-26/patches/prizeCrab_2025_01_26__21_41_06_HDR0_2_Mothbot_yolo11m_4500_imgsz1600_b1_2024-01-18.pt.jpg,ORDER_Diptera,2025-01-26,21:41:06,,2025_01_26__21_41_06,MachineObservation,Cerro_Hoya_Expedition_Hoya_505m_prizeCrab_2025-01-26_2025-01-26,Cerro_Hoya_Expedition_Hoya_505m_prizeCrab_2025-01-26,prizeCrab_2025_01_26__21_41_06_HDR0.jpg,prizeCrab_2025_01_26__21_41_06_HDR0_2_Mothbot_yolo11m_4500_imgsz1600_b1_2024-01-18.pt.jpg
doi.org10.15468dl.6nxkw6.csv,Animalia,Arthropoda,Insecta,Hemiptera,,,,,809,,Hemiptera,Hemiptera,Cerro_Hoya_Expedition_Hoya_505m_prizeCrab_2025-01-26,prizeCrab_2025_01_26__21_42_06_HDR0_0_Mothbot_yolo11m_4500_imgsz1600_b1_2024-01-18.pt.jpg,HS,Mothbot_yolo11m_4500_imgsz1600_b1_2024-01-18.pt,0.637732982635498,,prizeCrab,Cerro_Hoya_Expedition/Hoya_505m_prizeCrab_2025-01-26/2025-01-26/patches/prizeCrab_2025_01_26__21_42_06_HDR0_0_Mothbot_yolo11m_4500_imgsz1600_b1_2024-01-18.pt.jpg,ORDER_Hemiptera,2025-01-26,21:42:06,,2025_01_26__21_42_06,MachineObservation,Cerro_Hoya_Expedition_Hoya_505m_prizeCrab_2025-01-26_2025-01-26,Cerro_Hoya_Expedition_Hoya_505m_prizeCrab_2025-01-26,prizeCrab_2025_01_26__21_42_06_HDR0.jpg,prizeCrab_2025_01_26__21_42_06_HDR0_0_Mothbot_yolo11m_4500_imgsz1600_b1_2024-01-18.pt.jpg
doi.org10.15468dl.6nxkw6.csv,Animalia,Arthropoda,Insecta,Hemiptera,Cicadellidae,,,,9647,,Cicadellidae,Cicadellidae,Cerro_Hoya_Expedition_Hoya_505m_prizeCrab_2025-01-26,prizeCrab_2025_01_26__21_42_06_HDR0_1_Mothbot_yolo11m_4500_imgsz1600_b1_2024-01-18.pt.jpg,HS,Mothbot_yolo11m_4500_imgsz1600_b1_2024-01-18.pt,0.6284146308898926,,prizeCrab,Cerro_Hoya_Expedition/Hoya_505m_prizeCrab_2025-01-26/2025-01-26/patches/prizeCrab_2025_01_26__21_42_06_HDR0_1_Mothbot_yolo11m_4500_imgsz1600_b1_2024-01-18.pt.jpg,ORDER_Diptera,2025-01-26,21:42:06,,2025_01_26__21_42_06,MachineObservation,Cerro_Hoya_Expedition_Hoya_505m_prizeCrab_2025-01-26_2025-01-26,Cerro_Hoya_Expedition_Hoya_505m_prizeCrab_2025-01-26,prizeCrab_2025_01_26__21_42_06_HDR0.jpg,prizeCrab_2025_01_26__21_42_06_HDR0_1_Mothbot_yolo11m_4500_imgsz1600_b1_2024-01-18.pt.jpg
doi.org10.15468dl.6nxkw6.csv,Animalia,Arthropoda,Insecta,Hemiptera,,,,,809,,Hemiptera,Hemiptera,Cerro_Hoya_Expedition_Hoya_505m_prizeCrab_2025-01-26,prizeCrab_2025_01_26__21_42_06_HDR0_2_Mothbot_yolo11m_4500_imgsz1600_b1_2024-01-18.pt.jpg,HS,Mothbot_yolo11m_4500_imgsz1600_b1_2024-01-18.pt,0.599972665309906,,prizeCrab,Cerro_Hoya_Expedition/Hoya_505m_prizeCrab_2025-01-26/2025-01-26/patches/prizeCrab_2025_01_26__21_42_06_HDR0_2_Mothbot_yolo11m_4500_imgsz1600_b1_2024-01-18.pt.jpg,ORDER_Diptera,2025-01-26,21:42:06,,2025_01_26__21_42_06,MachineObservation,Cerro_Hoya_Expedition_Hoya_505m_prizeCrab_2025-01-26_2025-01-26,Cerro_Hoya_Expedition_Hoya_505m_prizeCrab_2025-01-26,prizeCrab_2025_01_26__21_42_06_HDR0.jpg,prizeCrab_2025_01_26__21_42_06_HDR0_2_Mothbot_yolo11m_4500_imgsz1600_b1_2024-01-18.pt.jpg
doi.org10.15468dl.6nxkw6.csv,Animalia,Arthropoda,Insecta,Lepidoptera,,,,,797,,Lepidoptera,Lepidoptera,Cerro_Hoya_Expedition_Hoya_505m_prizeCrab_2025-01-26,prizeCrab_2025_01_26__21_42_06_HDR0_3_Mothbot_yolo11m_4500_imgsz1600_b1_2024-01-18.pt.jpg,HS,Mothbot_yolo11m_4500_imgsz1600_b1_2024-01-18.pt,0.5147116780281067,,prizeCrab,Cerro_Hoya_Expedition/Hoya_505m_prizeCrab_2025-01-26/2025-01-26/patches/prizeCrab_2025_01_26__21_42_06_HDR0_3_Mothbot_yolo11m_4500_imgsz1600_b1_2024-01-18.pt.jpg,ORDER_Diptera,2025-01-26,21:42:06,,2025_01_26__21_42_06,MachineObservation,Cerro_Hoya_Expedition_Hoya_505m_prizeCrab_2025-01-26_2025-01-26,Cerro_Hoya_Expedition_Hoya_505m_prizeCrab_2025-01-26,prizeCrab_2025_01_26__21_42_06_HDR0.jpg,prizeCrab_2025_01_26__21_42_06_HDR0_3_Mothbot_yolo11m_4500_imgsz1600_b1_2024-01-18.pt.jpg
doi.org10.15468dl.6nxkw6.csv,Animalia,Arthropoda,Insecta,Lepidoptera,,,,,797,,Lepidoptera,Lepidoptera,Cerro_Hoya_Expedition_Hoya_505m_prizeCrab_2025-01-26,prizeCrab_2025_01_26__21_44_06_HDR0_0_Mothbot_yolo11m_4500_imgsz1600_b1_2024-01-18.pt.jpg,HS,Mothbot_yolo11m_4500_imgsz1600_b1_2024-01-18.pt,0.8374832272529602,,prizeCrab,Cerro_Hoya_Expedition/Hoya_505m_prizeCrab_2025-01-26/2025-01-26/patches/prizeCrab_2025_01_26__21_44_06_HDR0_0_Mothbot_yolo11m_4500_imgsz1600_b1_2024-01-18.pt.jpg,ORDER_Lepidoptera,2025-01-26,21:44:06,,2025_01_26__21_44_06,MachineObservation,Cerro_Hoya_Expedition_Hoya_505m_prizeCrab_2025-01-26_2025-01-26,Cerro_Hoya_Expedition_Hoya_505m_prizeCrab_2025-01-26,prizeCrab_2025_01_26__21_44_06_HDR0.jpg,prizeCrab_2025_01_26__21_44_06_HDR0_0_Mothbot_yolo11m_4500_imgsz1600_b1_2024-01-18.pt.jpg
doi.org10.15468dl.6nxkw6.csv,Animalia,Arthropoda,Insecta,Hemiptera,Cicadellidae,,,,9647,,Cicadellidae,Cicadellidae,Cerro_Hoya_Expedition_Hoya_505m_prizeCrab_2025-01-26,prizeCrab_2025_01_26__21_44_06_HDR0_1_Mothbot_yolo11m_4500_imgsz1600_b1_2024-01-18.pt.jpg,HS,Mothbot_yolo11m_4500_imgsz1600_b1_2024-01-18.pt,0.7234281301498413,,prizeCrab,Cerro_Hoya_Expedition/Hoya_505m_prizeCrab_2025-01-26/2025-01-26/patches/prizeCrab_2025_01_26__21_44_06_HDR0_1_Mothbot_yolo11m_4500_imgsz1600_b1_2024-01-18.pt.jpg,ORDER_Diptera,2025-01-26,21:44:06,,2025_01_26__21_44_06,MachineObservation,Cerro_Hoya_Expedition_Hoya_505m_prizeCrab_2025-01-26_2025-01-26,Cerro_Hoya_Expedition_Hoya_505m_prizeCrab_2025-01-26,prizeCrab_2025_01_26__21_44_06_HDR0.jpg,prizeCrab_2025_01_26__21_44_06_HDR0_1_Mothbot_yolo11m_4500_imgsz1600_b1_2024-01-18.pt.jpg
doi.org10.15468dl.6nxkw6.csv,Animalia,Arthropoda,Insecta,Diptera,,,,,811,,Diptera,Diptera,Cerro_Hoya_Expedition_Hoya_505m_prizeCrab_2025-01-26,prizeCrab_2025_01_26__21_44_06_HDR0_2_Mothbot_yolo11m_4500_imgsz1600_b1_2024-01-18.pt.jpg,HS,Mothbot_yolo11m_4500_imgsz1600_b1_2024-01-18.pt,0.7197771072387695,,prizeCrab,Cerro_Hoya_Expedition/Hoya_505m_prizeCrab_2025-01-26/2025-01-26/patches/prizeCrab_2025_01_26__21_44_06_HDR0_2_Mothbot_yolo11m_4500_imgsz1600_b1_2024-01-18.pt.jpg,ORDER_Diptera,2025-01-26,21:44:06,,2025_01_26__21_44_06,MachineObservation,Cerro_Hoya_Expedition_Hoya_505m_prizeCrab_2025-01-26_2025-01-26,Cerro_Hoya_Expedition_Hoya_505m_prizeCrab_2025-01-26,prizeCrab_2025_01_26__21_44_06_HDR0.jpg,prizeCrab_2025_01_26__21_44_06_HDR0_2_Mothbot_yolo11m_4500_imgsz1600_b1_2024-01-18.pt.jpg
doi.org10.15468dl.6nxkw6.csv,Animalia,Arthropoda,Insecta,Hemiptera,,,,,809,,Hemiptera,Hemiptera,Cerro_Hoya_Expedition_Hoya_505m_prizeCrab_2025-01-26,prizeCrab_2025_01_26__21_44_06_HDR0_3_Mothbot_yolo11m_4500_imgsz1600_b1_2024-01-18.pt.jpg,HS,Mothbot_yolo11m_4500_imgsz1600_b1_2024-01-18.pt,0.6615187525749207,,prizeCrab,Cerro_Hoya_Expedition/Hoya_505m_prizeCrab_2025-01-26/2025-01-26/patches/prizeCrab_2025_01_26__21_44_06_HDR0_3_Mothbot_yolo11m_4500_imgsz1600_b1_2024-01-18.pt.jpg,ORDER_Diptera,2025-01-26,21:44:06,,2025_01_26__21_44_06,MachineObservation,Cerro_Hoya_Expedition_Hoya_505m_prizeCrab_2025-01-26_2025-01-26,Cerro_Hoya_Expedition_Hoya_505m_prizeCrab_2025-01-26,prizeCrab_2025_01_26__21_44_06_HDR0.jpg,prizeCrab_2025_01_26__21_44_06_HDR0_3_Mothbot_yolo11m_4500_imgsz1600_b1_2024-01-18.pt.jpg
doi.org10.15468dl.6nxkw6.csv,Animalia,Arthropoda,Insecta,Hemiptera,,,,,809,,Hemiptera,Hemiptera,Cerro_Hoya_Expedition_Hoya_505m_prizeCrab_2025-01-26,prizeCrab_2025_01_26__21_44_06_HDR0_4_Mothbot_yolo11m_4500_imgsz1600_b1_2024-01-18.pt.jpg,HS,Mothbot_yolo11m_4500_imgsz1600_b1_2024-01-18.pt,0.6320298910140991,,prizeCrab,Cerro_Hoya_Expedition/Hoya_505m_prizeCrab_2025-01-26/2025-01-26/patches/prizeCrab_2025_01_26__21_44_06_HDR0_4_Mothbot_yolo11m_4500_imgsz1600_b1_2024-01-18.pt.jpg,ORDER_Coleoptera,2025-01-26,21:44:06,,2025_01_26__21_44_06,MachineObservation,Cerro_Hoya_Expedition_Hoya_505m_prizeCrab_2025-01-26_2025-01-26,Cerro_Hoya_Expedition_Hoya_505m_prizeCrab_2025-01-26,prizeCrab_2025_01_26__21_44_06_HDR0.jpg,prizeCrab_2025_01_26__21_44_06_HDR0_4_Mothbot_yolo11m_4500_imgsz1600_b1_2024-01-18.pt.jpg
doi.org10.15468dl.6nxkw6.csv,Animalia,Arthropoda,Insecta,Lepidoptera,,,,,797,,Lepidoptera,Lepidoptera,Cerro_Hoya_Expedition_Hoya_505m_prizeCrab_2025-01-26,prizeCrab_2025_01_26__21_44_06_HDR0_5_Mothbot_yolo11m_4500_imgsz1600_b1_2024-01-18.pt.jpg,HS,Mothbot_yolo11m_4500_imgsz1600_b1_2024-01-18.pt,0.518205463886261,,prizeCrab,Cerro_Hoya_Expedition/Hoya_505m_prizeCrab_2025-01-26/2025-01-26/patches/prizeCrab_2025_01_26__21_44_06_HDR0_5_Mothbot_yolo11m_4500_imgsz1600_b1_2024-01-18.pt.jpg,ORDER_Diptera,2025-01-26,21:44:06,,2025_01_26__21_44_06,MachineObservation,Cerro_Hoya_Expedition_Hoya_505m_prizeCrab_2025-01-26_2025-01-26,Cerro_Hoya_Expedition_Hoya_505m_prizeCrab_2025-01-26,prizeCrab_2025_01_26__21_44_06_HDR0.jpg,prizeCrab_2025_01_26__21_44_06_HDR0_5_Mothbot_yolo11m_4500_imgsz1600_b1_2024-01-18.pt.jpg
doi.org10.15468dl.6nxkw6.csv,Animalia,Arthropoda,Insecta,Lepidoptera,,,,,797,,Lepidoptera,Lepidoptera,Cerro_Hoya_Expedition_Hoya_505m_prizeCrab_2025-01-26,prizeCrab_2025_01_26__21_45_05_HDR0_0_Mothbot_yolo11m_4500_imgsz1600_b1_2024-01-18.pt.jpg,HS,Mothbot_yolo11m_4500_imgsz1600_b1_2024-01-18.pt,0.8312910795211792,,prizeCrab,Cerro_Hoya_Expedition/Hoya_505m_prizeCrab_2025-01-26/2025-01-26/patches/prizeCrab_2025_01_26__21_45_05_HDR0_0_Mothbot_yolo11m_4500_imgsz1600_b1_2024-01-18.pt.jpg,ORDER_Lepidoptera,2025-01-26,21:45:05,,2025_01_26__21_45_05,MachineObservation,Cerro_Hoya_Expedition_Hoya_505m_prizeCrab_2025-01-26_2025-01-26,Cerro_Hoya_Expedition_Hoya_505m_prizeCrab_2025-01-26,prizeCrab_2025_01_26__21_45_05_HDR0.jpg,prizeCrab_2025_01_26__21_45_05_HDR0_0_Mothbot_yolo11m_4500_imgsz1600_b1_2024-01-18.pt.jpg
doi.org10.15468dl.6nxkw6.csv,Animalia,Arthropoda,Insecta,Hemiptera,Cicadellidae,,,,9647,,Cicadellidae,Cicadellidae,Cerro_Hoya_Expedition_Hoya_505m_prizeCrab_2025-01-26,prizeCrab_2025_01_26__21_45_05_HDR0_1_Mothbot_yolo11m_4500_imgsz1600_b1_2024-01-18.pt.jpg,HS,Mothbot_yolo11m_4500_imgsz1600_b1_2024-01-18.pt,0.7285942435264587,,prizeCrab,Cerro_Hoya_Expedition/Hoya_505m_prizeCrab_2025-01-26/2025-01-26/patches/prizeCrab_2025_01_26__21_45_05_HDR0_1_Mothbot_yolo11m_4500_imgsz1600_b1_2024-01-18.pt.jpg,ORDER_Hemiptera,2025-01-26,21:45:05,,2025_01_26__21_45_05,MachineObservation,Cerro_Hoya_Expedition_Hoya_505m_prizeCrab_2025-01-26_2025-01-26,Cerro_Hoya_Expedition_Hoya_505m_prizeCrab_2025-01-26,prizeCrab_2025_01_26__21_45_05_HDR0.jpg,prizeCrab_2025_01_26__21_45_05_HDR0_1_Mothbot_yolo11m_4500_imgsz1600_b1_2024-01-18.pt.jpg
doi.org10.15468dl.6nxkw6.csv,Animalia,Arthropoda,Insecta,Hemiptera,,,,,809,,Hemiptera,Hemiptera,Cerro_Hoya_Expedition_Hoya_505m_prizeCrab_2025-01-26,prizeCrab_2025_01_26__21_45_05_HDR0_2_Mothbot_yolo11m_4500_imgsz1600_b1_2024-01-18.pt.jpg,HS,Mothbot_yolo11m_4500_imgsz1600_b1_2024-01-18.pt,0.5205190777778625,,prizeCrab,Cerro_Hoya_Expedition/Hoya_505m_prizeCrab_2025-01-26/2025-01-26/patches/prizeCrab_2025_01_26__21_45_05_HDR0_2_Mothbot_yolo11m_4500_imgsz1600_b1_2024-01-18.pt.jpg,ORDER_Zygentoma,2025-01-26,21:45:05,,2025_01_26__21_45_05,MachineObservation,Cerro_Hoya_Expedition_Hoya_505m_prizeCrab_2025-01-26_2025-01-26,Cerro_Hoya_Expedition_Hoya_505m_prizeCrab_2025-01-26,prizeCrab_2025_01_26__21_45_05_HDR0.jpg,prizeCrab_2025_01_26__21_45_05_HDR0_2_Mothbot_yolo11m_4500_imgsz1600_b1_2024-01-18.pt.jpg
doi.org10.15468dl.6nxkw6.csv,Animalia,Arthropoda,Insecta,Lepidoptera,,,,,797,,Lepidoptera,Lepidoptera,Cerro_Hoya_Expedition_Hoya_505m_prizeCrab_2025-01-26,prizeCrab_2025_01_26__21_45_05_HDR0_3_Mothbot_yolo11m_4500_imgsz1600_b1_2024-01-18.pt.jpg,HS,Mothbot_yolo11m_4500_imgsz1600_b1_2024-01-18.pt,0.49081748723983765,,prizeCrab,Cerro_Hoya_Expedition/Hoya_505m_prizeCrab_2025-01-26/2025-01-26/patches/prizeCrab_2025_01_26__21_45_05_HDR0_3_Mothbot_yolo11m_4500_imgsz1600_b1_2024-01-18.pt.jpg,ORDER_Diptera,2025-01-26,21:45:05,,2025_01_26__21_45_05,MachineObservation,Cerro_Hoya_Expedition_Hoya_505m_prizeCrab_2025-01-26_2025-01-26,Cerro_Hoya_Expedition_Hoya_505m_prizeCrab_2025-01-26,prizeCrab_2025_01_26__21_45_05_HDR0.jpg,prizeCrab_2025_01_26__21_45_05_HDR0_3_Mothbot_yolo11m_4500_imgsz1600_b1_2024-01-18.pt.jpg
doi.org10.15468dl.6nxkw6.csv,Animalia,Arthropoda,Insecta,Lepidoptera,,,,,797,,Lepidoptera,Lepidoptera,Cerro_Hoya_Expedition_Hoya_505m_prizeCrab_2025-01-26,prizeCrab_2025_01_26__21_46_05_HDR0_0_Mothbot_yolo11m_4500_imgsz1600_b1_2024-01-18.pt.jpg,HS,Mothbot_yolo11m_4500_imgsz1600_b1_2024-01-18.pt,0.8351317048072815,,prizeCrab,Cerro_Hoya_Expedition/Hoya_505m_prizeCrab_2025-01-26/2025-01-26/patches/prizeCrab_2025_01_26__21_46_05_HDR0_0_Mothbot_yolo11m_4500_imgsz1600_b1_2024-01-18.pt.jpg,ORDER_Lepidoptera,2025-01-26,21:46:05,,2025_01_26__21_46_05,MachineObservation,Cerro_Hoya_Expedition_Hoya_505m_prizeCrab_2025-01-26_2025-01-26,Cerro_Hoya_Expedition_Hoya_505m_prizeCrab_2025-01-26,prizeCrab_2025_01_26__21_46_05_HDR0.jpg,prizeCrab_2025_01_26__21_46_05_HDR0_0_Mothbot_yolo11m_4500_imgsz1600_b1_2024-01-18.pt.jpg
doi.org10.15468dl.6nxkw6.csv,Animalia,Arthropoda,Insecta,Lepidoptera,,,,,797,,Lepidoptera,Lepidoptera,Cerro_Hoya_Expedition_Hoya_505m_prizeCrab_2025-01-26,prizeCrab_2025_01_26__21_46_05_HDR0_1_Mothbot_yolo11m_4500_imgsz1600_b1_2024-01-18.pt.jpg,HS,Mothbot_yolo11m_4500_imgsz1600_b1_2024-01-18.pt,0.7333664894104004,,prizeCrab,Cerro_Hoya_Expedition/Hoya_505m_prizeCrab_2025-01-26/2025-01-26/patches/prizeCrab_2025_01_26__21_46_05_HDR0_1_Mothbot_yolo11m_4500_imgsz1600_b1_2024-01-18.pt.jpg,ORDER_Lepidoptera,2025-01-26,21:46:05,,2025_01_26__21_46_05,MachineObservation,Cerro_Hoya_Expedition_Hoya_505m_prizeCrab_2025-01-26_2025-01-26,Cerro_Hoya_Expedition_Hoya_505m_prizeCrab_2025-01-26,prizeCrab_2025_01_26__21_46_05_HDR0.jpg,prizeCrab_2025_01_26__21_46_05_HDR0_1_Mothbot_yolo11m_4500_imgsz1600_b1_2024-01-18.pt.jpg
doi.org10.15468dl.6nxkw6.csv,Animalia,Arthropoda,Insecta,Hemiptera,Cicadellidae,,,,9647,,Cicadellidae,Cicadellidae,Cerro_Hoya_Expedition_Hoya_505m_prizeCrab_2025-01-26,prizeCrab_2025_01_26__21_46_05_HDR0_2_Mothbot_yolo11m_4500_imgsz1600_b1_2024-01-18.pt.jpg,HS,Mothbot_yolo11m_4500_imgsz1600_b1_2024-01-18.pt,0.7282576560974121,,prizeCrab,Cerro_Hoya_Expedition/Hoya_505m_prizeCrab_2025-01-26/2025-01-26/patches/prizeCrab_2025_01_26__21_46_05_HDR0_2_Mothbot_yolo11m_4500_imgsz1600_b1_2024-01-18.pt.jpg,ORDER_Hemiptera,2025-01-26,21:46:05,,2025_01_26__21_46_05,MachineObservation,Cerro_Hoya_Expedition_Hoya_505m_prizeCrab_2025-01-26_2025-01-26,Cerro_Hoya_Expedition_Hoya_505m_prizeCrab_2025-01-26,prizeCrab_2025_01_26__21_46_05_HDR0.jpg,prizeCrab_2025_01_26__21_46_05_HDR0_2_Mothbot_yolo11m_4500_imgsz1600_b1_2024-01-18.pt.jpg
doi.org10.15468dl.6nxkw6.csv,Animalia,Arthropoda,Insecta,Hemiptera,,,,,809,,Hemiptera,Hemiptera,Cerro_Hoya_Expedition_Hoya_505m_prizeCrab_2025-01-26,prizeCrab_2025_01_26__21_46_05_HDR0_3_Mothbot_yolo11m_4500_imgsz1600_b1_2024-01-18.pt.jpg,HS,Mothbot_yolo11m_4500_imgsz1600_b1_2024-01-18.pt,0.6399490237236023,,prizeCrab,Cerro_Hoya_Expedition/Hoya_505m_prizeCrab_2025-01-26/2025-01-26/patches/prizeCrab_2025_01_26__21_46_05_HDR0_3_Mothbot_yolo11m_4500_imgsz1600_b1_2024-01-18.pt.jpg,ORDER_Hemiptera,2025-01-26,21:46:05,,2025_01_26__21_46_05,MachineObservation,Cerro_Hoya_Expedition_Hoya_505m_prizeCrab_2025-01-26_2025-01-26,Cerro_Hoya_Expedition_Hoya_505m_prizeCrab_2025-01-26,prizeCrab_2025_01_26__21_46_05_HDR0.jpg,prizeCrab_2025_01_26__21_46_05_HDR0_3_Mothbot_yolo11m_4500_imgsz1600_b1_2024-01-18.pt.jpg
doi.org10.15468dl.6nxkw6.csv,Animalia,Arthropoda,Insecta,Diptera,,,,,811,,Diptera,Diptera,Cerro_Hoya_Expedition_Hoya_505m_prizeCrab_2025-01-26,prizeCrab_2025_01_26__21_46_05_HDR0_4_Mothbot_yolo11m_4500_imgsz1600_b1_2024-01-18.pt.jpg,HS,Mothbot_yolo11m_4500_imgsz1600_b1_2024-01-18.pt,0.5579124689102173,,prizeCrab,Cerro_Hoya_Expedition/Hoya_505m_prizeCrab_2025-01-26/2025-01-26/patches/prizeCrab_2025_01_26__21_46_05_HDR0_4_Mothbot_yolo11m_4500_imgsz1600_b1_2024-01-18.pt.jpg,ORDER_Diptera,2025-01-26,21:46:05,,2025_01_26__21_46_05,MachineObservation,Cerro_Hoya_Expedition_Hoya_505m_prizeCrab_2025-01-26_2025-01-26,Cerro_Hoya_Expedition_Hoya_505m_prizeCrab_2025-01-26,prizeCrab_2025_01_26__21_46_05_HDR0.jpg,prizeCrab_2025_01_26__21_46_05_HDR0_4_Mothbot_yolo11m_4500_imgsz1600_b1_2024-01-18.pt.jpg
doi.org10.15468dl.6nxkw6.csv,Animalia,Arthropoda,Insecta,Hemiptera,,,,,809,,Hemiptera,Hemiptera,Cerro_Hoya_Expedition_Hoya_505m_prizeCrab_2025-01-26,prizeCrab_2025_01_26__21_46_05_HDR0_5_Mothbot_yolo11m_4500_imgsz1600_b1_2024-01-18.pt.jpg,HS,Mothbot_yolo11m_4500_imgsz1600_b1_2024-01-18.pt,0.4920423626899719,,prizeCrab,Cerro_Hoya_Expedition/Hoya_505m_prizeCrab_2025-01-26/2025-01-26/patches/prizeCrab_2025_01_26__21_46_05_HDR0_5_Mothbot_yolo11m_4500_imgsz1600_b1_2024-01-18.pt.jpg,ORDER_Coleoptera,2025-01-26,21:46:05,,2025_01_26__21_46_05,MachineObservation,Cerro_Hoya_Expedition_Hoya_505m_prizeCrab_2025-01-26_2025-01-26,Cerro_Hoya_Expedition_Hoya_505m_prizeCrab_2025-01-26,prizeCrab_2025_01_26__21_46_05_HDR0.jpg,prizeCrab_2025_01_26__21_46_05_HDR0_5_Mothbot_yolo11m_4500_imgsz1600_b1_2024-01-18.pt.jpg
doi.org10.15468dl.6nxkw6.csv,Animalia,Arthropoda,Insecta,Lepidoptera,,,,,797,,Lepidoptera,Lepidoptera,Cerro_Hoya_Expedition_Hoya_505m_prizeCrab_2025-01-26,prizeCrab_2025_01_26__21_46_05_HDR0_6_Mothbot_yolo11m_4500_imgsz1600_b1_2024-01-18.pt.jpg,HS,Mothbot_yolo11m_4500_imgsz1600_b1_2024-01-18.pt,0.4562874734401703,,prizeCrab,Cerro_Hoya_Expedition/Hoya_505m_prizeCrab_2025-01-26/2025-01-26/patches/prizeCrab_2025_01_26__21_46_05_HDR0_6_Mothbot_yolo11m_4500_imgsz1600_b1_2024-01-18.pt.jpg,ORDER_Diptera,2025-01-26,21:46:05,,2025_01_26__21_46_05,MachineObservation,Cerro_Hoya_Expedition_Hoya_505m_prizeCrab_2025-01-26_2025-01-26,Cerro_Hoya_Expedition_Hoya_505m_prizeCrab_2025-01-26,prizeCrab_2025_01_26__21_46_05_HDR0.jpg,prizeCrab_2025_01_26__21_46_05_HDR0_6_Mothbot_yolo11m_4500_imgsz1600_b1_2024-01-18.pt.jpg
doi.org10.15468dl.6nxkw6.csv,Animalia,Arthropoda,Insecta,Lepidoptera,,,,,797,,Lepidoptera,Lepidoptera,Cerro_Hoya_Expedition_Hoya_505m_prizeCrab_2025-01-26,prizeCrab_2025_01_26__21_47_06_HDR0_0_Mothbot_yolo11m_4500_imgsz1600_b1_2024-01-18.pt.jpg,HS,Mothbot_yolo11m_4500_imgsz1600_b1_2024-01-18.pt,0.8357504606246948,,prizeCrab,Cerro_Hoya_Expedition/Hoya_505m_prizeCrab_2025-01-26/2025-01-26/patches/prizeCrab_2025_01_26__21_47_06_HDR0_0_Mothbot_yolo11m_4500_imgsz1600_b1_2024-01-18.pt.jpg,ORDER_Lepidoptera,2025-01-26,21:47:06,,2025_01_26__21_47_06,MachineObservation,Cerro_Hoya_Expedition_Hoya_505m_prizeCrab_2025-01-26_2025-01-26,Cerro_Hoya_Expedition_Hoya_505m_prizeCrab_2025-01-26,prizeCrab_2025_01_26__21_47_06_HDR0.jpg,prizeCrab_2025_01_26__21_47_06_HDR0_0_Mothbot_yolo11m_4500_imgsz1600_b1_2024-01-18.pt.jpg
doi.org10.15468dl.6nxkw6.csv,Animalia,Arthropoda,Insecta,Hemiptera,Cicadellidae,,,,9647,,Cicadellidae,Cicadellidae,Cerro_Hoya_Expedition_Hoya_505m_prizeCrab_2025-01-26,prizeCrab_2025_01_26__21_47_06_HDR0_1_Mothbot_yolo11m_4500_imgsz1600_b1_2024-01-18.pt.jpg,HS,Mothbot_yolo11m_4500_imgsz1600_b1_2024-01-18.pt,0.7335044145584106,,prizeCrab,Cerro_Hoya_Expedition/Hoya_505m_prizeCrab_2025-01-26/2025-01-26/patches/prizeCrab_2025_01_26__21_47_06_HDR0_1_Mothbot_yolo11m_4500_imgsz1600_b1_2024-01-18.pt.jpg,ORDER_Hemiptera,2025-01-26,21:47:06,,2025_01_26__21_47_06,MachineObservation,Cerro_Hoya_Expedition_Hoya_505m_prizeCrab_2025-01-26_2025-01-26,Cerro_Hoya_Expedition_Hoya_505m_prizeCrab_2025-01-26,prizeCrab_2025_01_26__21_47_06_HDR0.jpg,prizeCrab_2025_01_26__21_47_06_HDR0_1_Mothbot_yolo11m_4500_imgsz1600_b1_2024-01-18.pt.jpg
doi.org10.15468dl.6nxkw6.csv,Animalia,Arthropoda,Insecta,Lepidoptera,,,,,797,,Lepidoptera,Lepidoptera,Cerro_Hoya_Expedition_Hoya_505m_prizeCrab_2025-01-26,prizeCrab_2025_01_26__21_47_06_HDR0_2_Mothbot_yolo11m_4500_imgsz1600_b1_2024-01-18.pt.jpg,HS,Mothbot_yolo11m_4500_imgsz1600_b1_2024-01-18.pt,0.6527742743492126,,prizeCrab,Cerro_Hoya_Expedition/Hoya_505m_prizeCrab_2025-01-26/2025-01-26/patches/prizeCrab_2025_01_26__21_47_06_HDR0_2_Mothbot_yolo11m_4500_imgsz1600_b1_2024-01-18.pt.jpg,ORDER_Lepidoptera,2025-01-26,21:47:06,,2025_01_26__21_47_06,MachineObservation,Cerro_Hoya_Expedition_Hoya_505m_prizeCrab_2025-01-26_2025-01-26,Cerro_Hoya_Expedition_Hoya_505m_prizeCrab_2025-01-26,prizeCrab_2025_01_26__21_47_06_HDR0.jpg,prizeCrab_2025_01_26__21_47_06_HDR0_2_Mothbot_yolo11m_4500_imgsz1600_b1_2024-01-18.pt.jpg
doi.org10.15468dl.6nxkw6.csv,Animalia,Arthropoda,Insecta,Hemiptera,,,,,809,,Hemiptera,Hemiptera,Cerro_Hoya_Expedition_Hoya_505m_prizeCrab_2025-01-26,prizeCrab_2025_01_26__21_47_06_HDR0_3_Mothbot_yolo11m_4500_imgsz1600_b1_2024-01-18.pt.jpg,HS,Mothbot_yolo11m_4500_imgsz1600_b1_2024-01-18.pt,0.6078078746795654,,prizeCrab,Cerro_Hoya_Expedition/Hoya_505m_prizeCrab_2025-01-26/2025-01-26/patches/prizeCrab_2025_01_26__21_47_06_HDR0_3_Mothbot_yolo11m_4500_imgsz1600_b1_2024-01-18.pt.jpg,ORDER_Hemiptera,2025-01-26,21:47:06,,2025_01_26__21_47_06,MachineObservation,Cerro_Hoya_Expedition_Hoya_505m_prizeCrab_2025-01-26_2025-01-26,Cerro_Hoya_Expedition_Hoya_505m_prizeCrab_2025-01-26,prizeCrab_2025_01_26__21_47_06_HDR0.jpg,prizeCrab_2025_01_26__21_47_06_HDR0_3_Mothbot_yolo11m_4500_imgsz1600_b1_2024-01-18.pt.jpg
doi.org10.15468dl.6nxkw6.csv,Animalia,Arthropoda,Insecta,Diptera,,,,,811,,Diptera,Diptera,Cerro_Hoya_Expedition_Hoya_505m_prizeCrab_2025-01-26,prizeCrab_2025_01_26__21_47_06_HDR0_4_Mothbot_yolo11m_4500_imgsz1600_b1_2024-01-18.pt.jpg,HS,Mothbot_yolo11m_4500_imgsz1600_b1_2024-01-18.pt,0.6042178869247437,,prizeCrab,Cerro_Hoya_Expedition/Hoya_505m_prizeCrab_2025-01-26/2025-01-26/patches/prizeCrab_2025_01_26__21_47_06_HDR0_4_Mothbot_yolo11m_4500_imgsz1600_b1_2024-01-18.pt.jpg,ORDER_Diptera,2025-01-26,21:47:06,,2025_01_26__21_47_06,MachineObservation,Cerro_Hoya_Expedition_Hoya_505m_prizeCrab_2025-01-26_2025-01-26,Cerro_Hoya_Expedition_Hoya_505m_prizeCrab_2025-01-26,prizeCrab_2025_01_26__21_47_06_HDR0.jpg,prizeCrab_2025_01_26__21_47_06_HDR0_4_Mothbot_yolo11m_4500_imgsz1600_b1_2024-01-18.pt.jpg
doi.org10.15468dl.6nxkw6.csv,Animalia,Arthropoda,Insecta,Hemiptera,,,,,809,,Hemiptera,Hemiptera,Cerro_Hoya_Expedition_Hoya_505m_prizeCrab_2025-01-26,prizeCrab_2025_01_26__21_47_06_HDR0_5_Mothbot_yolo11m_4500_imgsz1600_b1_2024-01-18.pt.jpg,HS,Mothbot_yolo11m_4500_imgsz1600_b1_2024-01-18.pt,0.509367048740387,,prizeCrab,Cerro_Hoya_Expedition/Hoya_505m_prizeCrab_2025-01-26/2025-01-26/patches/prizeCrab_2025_01_26__21_47_06_HDR0_5_Mothbot_yolo11m_4500_imgsz1600_b1_2024-01-18.pt.jpg,ORDER_Coleoptera,2025-01-26,21:47:06,,2025_01_26__21_47_06,MachineObservation,Cerro_Hoya_Expedition_Hoya_505m_prizeCrab_2025-01-26_2025-01-26,Cerro_Hoya_Expedition_Hoya_505m_prizeCrab_2025-01-26,prizeCrab_2025_01_26__21_47_06_HDR0.jpg,prizeCrab_2025_01_26__21_47_06_HDR0_5_Mothbot_yolo11m_4500_imgsz1600_b1_2024-01-18.pt.jpg
doi.org10.15468dl.6nxkw6.csv,Animalia,Arthropoda,Insecta,Lepidoptera,,,,,797,,Lepidoptera,Lepidoptera,Cerro_Hoya_Expedition_Hoya_505m_prizeCrab_2025-01-26,prizeCrab_2025_01_26__21_47_06_HDR0_6_Mothbot_yolo11m_4500_imgsz1600_b1_2024-01-18.pt.jpg,HS,Mothbot_yolo11m_4500_imgsz1600_b1_2024-01-18.pt,0.42932480573654175,,prizeCrab,Cerro_Hoya_Expedition/Hoya_505m_prizeCrab_2025-01-26/2025-01-26/patches/prizeCrab_2025_01_26__21_47_06_HDR0_6_Mothbot_yolo11m_4500_imgsz1600_b1_2024-01-18.pt.jpg,ORDER_Diptera,2025-01-26,21:47:06,,2025_01_26__21_47_06,MachineObservation,Cerro_Hoya_Expedition_Hoya_505m_prizeCrab_2025-01-26_2025-01-26,Cerro_Hoya_Expedition_Hoya_505m_prizeCrab_2025-01-26,prizeCrab_2025_01_26__21_47_06_HDR0.jpg,prizeCrab_2025_01_26__21_47_06_HDR0_6_Mothbot_yolo11m_4500_imgsz1600_b1_2024-01-18.pt.jpg
doi.org10.15468dl.6nxkw6.csv,Animalia,Arthropoda,Insecta,Lepidoptera,,,,,797,,Lepidoptera,Lepidoptera,Cerro_Hoya_Expedition_Hoya_505m_prizeCrab_2025-01-26,prizeCrab_2025_01_26__21_48_06_HDR0_0_Mothbot_yolo11m_4500_imgsz1600_b1_2024-01-18.pt.jpg,HS,Mothbot_yolo11m_4500_imgsz1600_b1_2024-01-18.pt,0.824047327041626,,prizeCrab,Cerro_Hoya_Expedition/Hoya_505m_prizeCrab_2025-01-26/2025-01-26/patches/prizeCrab_2025_01_26__21_48_06_HDR0_0_Mothbot_yolo11m_4500_imgsz1600_b1_2024-01-18.pt.jpg,ORDER_Lepidoptera,2025-01-26,21:48:06,,2025_01_26__21_48_06,MachineObservation,Cerro_Hoya_Expedition_Hoya_505m_prizeCrab_2025-01-26_2025-01-26,Cerro_Hoya_Expedition_Hoya_505m_prizeCrab_2025-01-26,prizeCrab_2025_01_26__21_48_06_HDR0.jpg,prizeCrab_2025_01_26__21_48_06_HDR0_0_Mothbot_yolo11m_4500_imgsz1600_b1_2024-01-18.pt.jpg
doi.org10.15468dl.6nxkw6.csv,Animalia,Arthropoda,Insecta,Hemiptera,Cicadellidae,,,,9647,,Cicadellidae,Cicadellidae,Cerro_Hoya_Expedition_Hoya_505m_prizeCrab_2025-01-26,prizeCrab_2025_01_26__21_48_06_HDR0_1_Mothbot_yolo11m_4500_imgsz1600_b1_2024-01-18.pt.jpg,HS,Mothbot_yolo11m_4500_imgsz1600_b1_2024-01-18.pt,0.7201430797576904,,prizeCrab,Cerro_Hoya_Expedition/Hoya_505m_prizeCrab_2025-01-26/2025-01-26/patches/prizeCrab_2025_01_26__21_48_06_HDR0_1_Mothbot_yolo11m_4500_imgsz1600_b1_2024-01-18.pt.jpg,ORDER_Hemiptera,2025-01-26,21:48:06,,2025_01_26__21_48_06,MachineObservation,Cerro_Hoya_Expedition_Hoya_505m_prizeCrab_2025-01-26_2025-01-26,Cerro_Hoya_Expedition_Hoya_505m_prizeCrab_2025-01-26,prizeCrab_2025_01_26__21_48_06_HDR0.jpg,prizeCrab_2025_01_26__21_48_06_HDR0_1_Mothbot_yolo11m_4500_imgsz1600_b1_2024-01-18.pt.jpg
doi.org10.15468dl.6nxkw6.csv,Animalia,Arthropoda,Insecta,Lepidoptera,,,,,797,,Lepidoptera,Lepidoptera,Cerro_Hoya_Expedition_Hoya_505m_prizeCrab_2025-01-26,prizeCrab_2025_01_26__21_48_06_HDR0_2_Mothbot_yolo11m_4500_imgsz1600_b1_2024-01-18.pt.jpg,HS,Mothbot_yolo11m_4500_imgsz1600_b1_2024-01-18.pt,0.7107032537460327,,prizeCrab,Cerro_Hoya_Expedition/Hoya_505m_prizeCrab_2025-01-26/2025-01-26/patches/prizeCrab_2025_01_26__21_48_06_HDR0_2_Mothbot_yolo11m_4500_imgsz1600_b1_2024-01-18.pt.jpg,ORDER_Lepidoptera,2025-01-26,21:48:06,,2025_01_26__21_48_06,MachineObservation,Cerro_Hoya_Expedition_Hoya_505m_prizeCrab_2025-01-26_2025-01-26,Cerro_Hoya_Expedition_Hoya_505m_prizeCrab_2025-01-26,prizeCrab_2025_01_26__21_48_06_HDR0.jpg,prizeCrab_2025_01_26__21_48_06_HDR0_2_Mothbot_yolo11m_4500_imgsz1600_b1_2024-01-18.pt.jpg
doi.org10.15468dl.6nxkw6.csv,Animalia,Arthropoda,Insecta,Hemiptera,,,,,809,,Hemiptera,Hemiptera,Cerro_Hoya_Expedition_Hoya_505m_prizeCrab_2025-01-26,prizeCrab_2025_01_26__21_48_06_HDR0_3_Mothbot_yolo11m_4500_imgsz1600_b1_2024-01-18.pt.jpg,HS,Mothbot_yolo11m_4500_imgsz1600_b1_2024-01-18.pt,0.6768471002578735,,prizeCrab,Cerro_Hoya_Expedition/Hoya_505m_prizeCrab_2025-01-26/2025-01-26/patches/prizeCrab_2025_01_26__21_48_06_HDR0_3_Mothbot_yolo11m_4500_imgsz1600_b1_2024-01-18.pt.jpg,ORDER_Hemiptera,2025-01-26,21:48:06,,2025_01_26__21_48_06,MachineObservation,Cerro_Hoya_Expedition_Hoya_505m_prizeCrab_2025-01-26_2025-01-26,Cerro_Hoya_Expedition_Hoya_505m_prizeCrab_2025-01-26,prizeCrab_2025_01_26__21_48_06_HDR0.jpg,prizeCrab_2025_01_26__21_48_06_HDR0_3_Mothbot_yolo11m_4500_imgsz1600_b1_2024-01-18.pt.jpg
doi.org10.15468dl.6nxkw6.csv,Animalia,Arthropoda,Insecta,Lepidoptera,,,,,797,,Lepidoptera,Lepidoptera,Cerro_Hoya_Expedition_Hoya_505m_prizeCrab_2025-01-26,prizeCrab_2025_01_26__21_48_06_HDR0_4_Mothbot_yolo11m_4500_imgsz1600_b1_2024-01-18.pt.jpg,HS,Mothbot_yolo11m_4500_imgsz1600_b1_2024-01-18.pt,0.5508928894996643,,prizeCrab,Cerro_Hoya_Expedition/Hoya_505m_prizeCrab_2025-01-26/2025-01-26/patches/prizeCrab_2025_01_26__21_48_06_HDR0_4_Mothbot_yolo11m_4500_imgsz1600_b1_2024-01-18.pt.jpg,ORDER_Diptera,2025-01-26,21:48:06,,2025_01_26__21_48_06,MachineObservation,Cerro_Hoya_Expedition_Hoya_505m_prizeCrab_2025-01-26_2025-01-26,Cerro_Hoya_Expedition_Hoya_505m_prizeCrab_2025-01-26,prizeCrab_2025_01_26__21_48_06_HDR0.jpg,prizeCrab_2025_01_26__21_48_06_HDR0_4_Mothbot_yolo11m_4500_imgsz1600_b1_2024-01-18.pt.jpg
doi.org10.15468dl.6nxkw6.csv,Animalia,Arthropoda,Insecta,Hemiptera,,,,,809,,Hemiptera,Hemiptera,Cerro_Hoya_Expedition_Hoya_505m_prizeCrab_2025-01-26,prizeCrab_2025_01_26__21_48_06_HDR0_5_Mothbot_yolo11m_4500_imgsz1600_b1_2024-01-18.pt.jpg,HS,Mothbot_yolo11m_4500_imgsz1600_b1_2024-01-18.pt,0.5387398600578308,,prizeCrab,Cerro_Hoya_Expedition/Hoya_505m_prizeCrab_2025-01-26/2025-01-26/patches/prizeCrab_2025_01_26__21_48_06_HDR0_5_Mothbot_yolo11m_4500_imgsz1600_b1_2024-01-18.pt.jpg,ORDER_Psocodea,2025-01-26,21:48:06,,2025_01_26__21_48_06,MachineObservation,Cerro_Hoya_Expedition_Hoya_505m_prizeCrab_2025-01-26_2025-01-26,Cerro_Hoya_Expedition_Hoya_505m_prizeCrab_2025-01-26,prizeCrab_2025_01_26__21_48_06_HDR0.jpg,prizeCrab_2025_01_26__21_48_06_HDR0_5_Mothbot_yolo11m_4500_imgsz1600_b1_2024-01-18.pt.jpg
doi.org10.15468dl.6nxkw6.csv,Animalia,Arthropoda,Insecta,Lepidoptera,,,,,797,,Lepidoptera,Lepidoptera,Cerro_Hoya_Expedition_Hoya_505m_prizeCrab_2025-01-26,prizeCrab_2025_01_26__21_49_06_HDR0_0_Mothbot_yolo11m_4500_imgsz1600_b1_2024-01-18.pt.jpg,HS,Mothbot_yolo11m_4500_imgsz1600_b1_2024-01-18.pt,0.8037244081497192,,prizeCrab,Cerro_Hoya_Expedition/Hoya_505m_prizeCrab_2025-01-26/2025-01-26/patches/prizeCrab_2025_01_26__21_49_06_HDR0_0_Mothbot_yolo11m_4500_imgsz1600_b1_2024-01-18.pt.jpg,ORDER_Lepidoptera,2025-01-26,21:49:06,,2025_01_26__21_49_06,MachineObservation,Cerro_Hoya_Expedition_Hoya_505m_prizeCrab_2025-01-26_2025-01-26,Cerro_Hoya_Expedition_Hoya_505m_prizeCrab_2025-01-26,prizeCrab_2025_01_26__21_49_06_HDR0.jpg,prizeCrab_2025_01_26__21_49_06_HDR0_0_Mothbot_yolo11m_4500_imgsz1600_b1_2024-01-18.pt.jpg
doi.org10.15468dl.6nxkw6.csv,Animalia,Arthropoda,Insecta,Hemiptera,Cicadellidae,,,,9647,,Cicadellidae,Cicadellidae,Cerro_Hoya_Expedition_Hoya_505m_prizeCrab_2025-01-26,prizeCrab_2025_01_26__21_49_06_HDR0_1_Mothbot_yolo11m_4500_imgsz1600_b1_2024-01-18.pt.jpg,HS,Mothbot_yolo11m_4500_imgsz1600_b1_2024-01-18.pt,0.7366111874580383,,prizeCrab,Cerro_Hoya_Expedition/Hoya_505m_prizeCrab_2025-01-26/2025-01-26/patches/prizeCrab_2025_01_26__21_49_06_HDR0_1_Mothbot_yolo11m_4500_imgsz1600_b1_2024-01-18.pt.jpg,ORDER_Hemiptera,2025-01-26,21:49:06,,2025_01_26__21_49_06,MachineObservation,Cerro_Hoya_Expedition_Hoya_505m_prizeCrab_2025-01-26_2025-01-26,Cerro_Hoya_Expedition_Hoya_505m_prizeCrab_2025-01-26,prizeCrab_2025_01_26__21_49_06_HDR0.jpg,prizeCrab_2025_01_26__21_49_06_HDR0_1_Mothbot_yolo11m_4500_imgsz1600_b1_2024-01-18.pt.jpg
doi.org10.15468dl.6nxkw6.csv,Animalia,Arthropoda,Insecta,Lepidoptera,,,,,797,,Lepidoptera,Lepidoptera,Cerro_Hoya_Expedition_Hoya_505m_prizeCrab_2025-01-26,prizeCrab_2025_01_26__21_49_06_HDR0_2_Mothbot_yolo11m_4500_imgsz1600_b1_2024-01-18.pt.jpg,HS,Mothbot_yolo11m_4500_imgsz1600_b1_2024-01-18.pt,0.7228935360908508,,prizeCrab,Cerro_Hoya_Expedition/Hoya_505m_prizeCrab_2025-01-26/2025-01-26/patches/prizeCrab_2025_01_26__21_49_06_HDR0_2_Mothbot_yolo11m_4500_imgsz1600_b1_2024-01-18.pt.jpg,ORDER_Lepidoptera,2025-01-26,21:49:06,,2025_01_26__21_49_06,MachineObservation,Cerro_Hoya_Expedition_Hoya_505m_prizeCrab_2025-01-26_2025-01-26,Cerro_Hoya_Expedition_Hoya_505m_prizeCrab_2025-01-26,prizeCrab_2025_01_26__21_49_06_HDR0.jpg,prizeCrab_2025_01_26__21_49_06_HDR0_2_Mothbot_yolo11m_4500_imgsz1600_b1_2024-01-18.pt.jpg
doi.org10.15468dl.6nxkw6.csv,Animalia,Arthropoda,Insecta,Hemiptera,,,,,809,,Hemiptera,Hemiptera,Cerro_Hoya_Expedition_Hoya_505m_prizeCrab_2025-01-26,prizeCrab_2025_01_26__21_49_06_HDR0_3_Mothbot_yolo11m_4500_imgsz1600_b1_2024-01-18.pt.jpg,HS,Mothbot_yolo11m_4500_imgsz1600_b1_2024-01-18.pt,0.5508001446723938,,prizeCrab,Cerro_Hoya_Expedition/Hoya_505m_prizeCrab_2025-01-26/2025-01-26/patches/prizeCrab_2025_01_26__21_49_06_HDR0_3_Mothbot_yolo11m_4500_imgsz1600_b1_2024-01-18.pt.jpg,ORDER_Diptera,2025-01-26,21:49:06,,2025_01_26__21_49_06,MachineObservation,Cerro_Hoya_Expedition_Hoya_505m_prizeCrab_2025-01-26_2025-01-26,Cerro_Hoya_Expedition_Hoya_505m_prizeCrab_2025-01-26,prizeCrab_2025_01_26__21_49_06_HDR0.jpg,prizeCrab_2025_01_26__21_49_06_HDR0_3_Mothbot_yolo11m_4500_imgsz1600_b1_2024-01-18.pt.jpg
doi.org10.15468dl.6nxkw6.csv,Animalia,Arthropoda,Insecta,Lepidoptera,,,,,797,,Lepidoptera,Lepidoptera,Cerro_Hoya_Expedition_Hoya_505m_prizeCrab_2025-01-26,prizeCrab_2025_01_26__21_49_06_HDR0_4_Mothbot_yolo11m_4500_imgsz1600_b1_2024-01-18.pt.jpg,HS,Mothbot_yolo11m_4500_imgsz1600_b1_2024-01-18.pt,0.5479019284248352,,prizeCrab,Cerro_Hoya_Expedition/Hoya_505m_prizeCrab_2025-01-26/2025-01-26/patches/prizeCrab_2025_01_26__21_49_06_HDR0_4_Mothbot_yolo11m_4500_imgsz1600_b1_2024-01-18.pt.jpg,ORDER_Diptera,2025-01-26,21:49:06,,2025_01_26__21_49_06,MachineObservation,Cerro_Hoya_Expedition_Hoya_505m_prizeCrab_2025-01-26_2025-01-26,Cerro_Hoya_Expedition_Hoya_505m_prizeCrab_2025-01-26,prizeCrab_2025_01_26__21_49_06_HDR0.jpg,prizeCrab_2025_01_26__21_49_06_HDR0_4_Mothbot_yolo11m_4500_imgsz1600_b1_2024-01-18.pt.jpg
doi.org10.15468dl.6nxkw6.csv,Animalia,Arthropoda,Insecta,,,,,,216,,Insecta,Insecta,Cerro_Hoya_Expedition_Hoya_505m_prizeCrab_2025-01-26,prizeCrab_2025_01_26__21_49_06_HDR0_5_Mothbot_yolo11m_4500_imgsz1600_b1_2024-01-18.pt.jpg,HS,Mothbot_yolo11m_4500_imgsz1600_b1_2024-01-18.pt,0.29512664675712585,,prizeCrab,Cerro_Hoya_Expedition/Hoya_505m_prizeCrab_2025-01-26/2025-01-26/patches/prizeCrab_2025_01_26__21_49_06_HDR0_5_Mothbot_yolo11m_4500_imgsz1600_b1_2024-01-18.pt.jpg,ORDER_Diptera,2025-01-26,21:49:06,,2025_01_26__21_49_06,MachineObservation,Cerro_Hoya_Expedition_Hoya_505m_prizeCrab_2025-01-26_2025-01-26,Cerro_Hoya_Expedition_Hoya_505m_prizeCrab_2025-01-26,prizeCrab_2025_01_26__21_49_06_HDR0.jpg,prizeCrab_2025_01_26__21_49_06_HDR0_5_Mothbot_yolo11m_4500_imgsz1600_b1_2024-01-18.pt.jpg
doi.org10.15468dl.6nxkw6.csv,Animalia,Arthropoda,Insecta,Lepidoptera,,,,,797,,Lepidoptera,Lepidoptera,Cerro_Hoya_Expedition_Hoya_505m_prizeCrab_2025-01-26,prizeCrab_2025_01_26__21_51_05_HDR0_0_Mothbot_yolo11m_4500_imgsz1600_b1_2024-01-18.pt.jpg,HS,Mothbot_yolo11m_4500_imgsz1600_b1_2024-01-18.pt,0.8212242722511292,,prizeCrab,Cerro_Hoya_Expedition/Hoya_505m_prizeCrab_2025-01-26/2025-01-26/patches/prizeCrab_2025_01_26__21_51_05_HDR0_0_Mothbot_yolo11m_4500_imgsz1600_b1_2024-01-18.pt.jpg,ORDER_Lepidoptera,2025-01-26,21:51:05,,2025_01_26__21_51_05,MachineObservation,Cerro_Hoya_Expedition_Hoya_505m_prizeCrab_2025-01-26_2025-01-26,Cerro_Hoya_Expedition_Hoya_505m_prizeCrab_2025-01-26,prizeCrab_2025_01_26__21_51_05_HDR0.jpg,prizeCrab_2025_01_26__21_51_05_HDR0_0_Mothbot_yolo11m_4500_imgsz1600_b1_2024-01-18.pt.jpg
doi.org10.15468dl.6nxkw6.csv,Animalia,Arthropoda,Insecta,Hemiptera,Cicadellidae,,,,9647,,Cicadellidae,Cicadellidae,Cerro_Hoya_Expedition_Hoya_505m_prizeCrab_2025-01-26,prizeCrab_2025_01_26__21_51_05_HDR0_1_Mothbot_yolo11m_4500_imgsz1600_b1_2024-01-18.pt.jpg,HS,Mothbot_yolo11m_4500_imgsz1600_b1_2024-01-18.pt,0.7311639189720154,,prizeCrab,Cerro_Hoya_Expedition/Hoya_505m_prizeCrab_2025-01-26/2025-01-26/patches/prizeCrab_2025_01_26__21_51_05_HDR0_1_Mothbot_yolo11m_4500_imgsz1600_b1_2024-01-18.pt.jpg,ORDER_Hemiptera,2025-01-26,21:51:05,,2025_01_26__21_51_05,MachineObservation,Cerro_Hoya_Expedition_Hoya_505m_prizeCrab_2025-01-26_2025-01-26,Cerro_Hoya_Expedition_Hoya_505m_prizeCrab_2025-01-26,prizeCrab_2025_01_26__21_51_05_HDR0.jpg,prizeCrab_2025_01_26__21_51_05_HDR0_1_Mothbot_yolo11m_4500_imgsz1600_b1_2024-01-18.pt.jpg
doi.org10.15468dl.6nxkw6.csv,Animalia,Arthropoda,Insecta,Hemiptera,,,,,809,,Hemiptera,Hemiptera,Cerro_Hoya_Expedition_Hoya_505m_prizeCrab_2025-01-26,prizeCrab_2025_01_26__21_51_05_HDR0_2_Mothbot_yolo11m_4500_imgsz1600_b1_2024-01-18.pt.jpg,HS,Mothbot_yolo11m_4500_imgsz1600_b1_2024-01-18.pt,0.5780825018882751,,prizeCrab,Cerro_Hoya_Expedition/Hoya_505m_prizeCrab_2025-01-26/2025-01-26/patches/prizeCrab_2025_01_26__21_51_05_HDR0_2_Mothbot_yolo11m_4500_imgsz1600_b1_2024-01-18.pt.jpg,ORDER_Coleoptera,2025-01-26,21:51:05,,2025_01_26__21_51_05,MachineObservation,Cerro_Hoya_Expedition_Hoya_505m_prizeCrab_2025-01-26_2025-01-26,Cerro_Hoya_Expedition_Hoya_505m_prizeCrab_2025-01-26,prizeCrab_2025_01_26__21_51_05_HDR0.jpg,prizeCrab_2025_01_26__21_51_05_HDR0_2_Mothbot_yolo11m_4500_imgsz1600_b1_2024-01-18.pt.jpg
doi.org10.15468dl.6nxkw6.csv,Animalia,Arthropoda,Insecta,Lepidoptera,,,,,797,,Lepidoptera,Lepidoptera,Cerro_Hoya_Expedition_Hoya_505m_prizeCrab_2025-01-26,prizeCrab_2025_01_26__21_51_05_HDR0_3_Mothbot_yolo11m_4500_imgsz1600_b1_2024-01-18.pt.jpg,HS,Mothbot_yolo11m_4500_imgsz1600_b1_2024-01-18.pt,0.4976292550563812,,prizeCrab,Cerro_Hoya_Expedition/Hoya_505m_prizeCrab_2025-01-26/2025-01-26/patches/prizeCrab_2025_01_26__21_51_05_HDR0_3_Mothbot_yolo11m_4500_imgsz1600_b1_2024-01-18.pt.jpg,ORDER_Trichoptera,2025-01-26,21:51:05,,2025_01_26__21_51_05,MachineObservation,Cerro_Hoya_Expedition_Hoya_505m_prizeCrab_2025-01-26_2025-01-26,Cerro_Hoya_Expedition_Hoya_505m_prizeCrab_2025-01-26,prizeCrab_2025_01_26__21_51_05_HDR0.jpg,prizeCrab_2025_01_26__21_51_05_HDR0_3_Mothbot_yolo11m_4500_imgsz1600_b1_2024-01-18.pt.jpg
doi.org10.15468dl.6nxkw6.csv,Animalia,Arthropoda,Insecta,Lepidoptera,,,,,797,,Lepidoptera,Lepidoptera,Cerro_Hoya_Expedition_Hoya_505m_prizeCrab_2025-01-26,prizeCrab_2025_01_26__21_52_06_HDR0_0_Mothbot_yolo11m_4500_imgsz1600_b1_2024-01-18.pt.jpg,HS,Mothbot_yolo11m_4500_imgsz1600_b1_2024-01-18.pt,0.8267337083816528,,prizeCrab,Cerro_Hoya_Expedition/Hoya_505m_prizeCrab_2025-01-26/2025-01-26/patches/prizeCrab_2025_01_26__21_52_06_HDR0_0_Mothbot_yolo11m_4500_imgsz1600_b1_2024-01-18.pt.jpg,ORDER_Lepidoptera,2025-01-26,21:52:06,,2025_01_26__21_52_06,MachineObservation,Cerro_Hoya_Expedition_Hoya_505m_prizeCrab_2025-01-26_2025-01-26,Cerro_Hoya_Expedition_Hoya_505m_prizeCrab_2025-01-26,prizeCrab_2025_01_26__21_52_06_HDR0.jpg,prizeCrab_2025_01_26__21_52_06_HDR0_0_Mothbot_yolo11m_4500_imgsz1600_b1_2024-01-18.pt.jpg
doi.org10.15468dl.6nxkw6.csv,Animalia,Arthropoda,Insecta,Hemiptera,Cicadellidae,,,,9647,,Cicadellidae,Cicadellidae,Cerro_Hoya_Expedition_Hoya_505m_prizeCrab_2025-01-26,prizeCrab_2025_01_26__21_52_06_HDR0_1_Mothbot_yolo11m_4500_imgsz1600_b1_2024-01-18.pt.jpg,HS,Mothbot_yolo11m_4500_imgsz1600_b1_2024-01-18.pt,0.7246682047843933,,prizeCrab,Cerro_Hoya_Expedition/Hoya_505m_prizeCrab_2025-01-26/2025-01-26/patches/prizeCrab_2025_01_26__21_52_06_HDR0_1_Mothbot_yolo11m_4500_imgsz1600_b1_2024-01-18.pt.jpg,ORDER_Hemiptera,2025-01-26,21:52:06,,2025_01_26__21_52_06,MachineObservation,Cerro_Hoya_Expedition_Hoya_505m_prizeCrab_2025-01-26_2025-01-26,Cerro_Hoya_Expedition_Hoya_505m_prizeCrab_2025-01-26,prizeCrab_2025_01_26__21_52_06_HDR0.jpg,prizeCrab_2025_01_26__21_52_06_HDR0_1_Mothbot_yolo11m_4500_imgsz1600_b1_2024-01-18.pt.jpg
doi.org10.15468dl.6nxkw6.csv,Animalia,Arthropoda,Insecta,Hemiptera,,,,,809,,Hemiptera,Hemiptera,Cerro_Hoya_Expedition_Hoya_505m_prizeCrab_2025-01-26,prizeCrab_2025_01_26__21_52_06_HDR0_2_Mothbot_yolo11m_4500_imgsz1600_b1_2024-01-18.pt.jpg,HS,Mothbot_yolo11m_4500_imgsz1600_b1_2024-01-18.pt,0.6015238761901855,,prizeCrab,Cerro_Hoya_Expedition/Hoya_505m_prizeCrab_2025-01-26/2025-01-26/patches/prizeCrab_2025_01_26__21_52_06_HDR0_2_Mothbot_yolo11m_4500_imgsz1600_b1_2024-01-18.pt.jpg,ORDER_Diptera,2025-01-26,21:52:06,,2025_01_26__21_52_06,MachineObservation,Cerro_Hoya_Expedition_Hoya_505m_prizeCrab_2025-01-26_2025-01-26,Cerro_Hoya_Expedition_Hoya_505m_prizeCrab_2025-01-26,prizeCrab_2025_01_26__21_52_06_HDR0.jpg,prizeCrab_2025_01_26__21_52_06_HDR0_2_Mothbot_yolo11m_4500_imgsz1600_b1_2024-01-18.pt.jpg
doi.org10.15468dl.6nxkw6.csv,Animalia,Arthropoda,Insecta,Lepidoptera,,,,,797,,Lepidoptera,Lepidoptera,Cerro_Hoya_Expedition_Hoya_505m_prizeCrab_2025-01-26,prizeCrab_2025_01_26__21_52_06_HDR0_3_Mothbot_yolo11m_4500_imgsz1600_b1_2024-01-18.pt.jpg,HS,Mothbot_yolo11m_4500_imgsz1600_b1_2024-01-18.pt,0.49441856145858765,,prizeCrab,Cerro_Hoya_Expedition/Hoya_505m_prizeCrab_2025-01-26/2025-01-26/patches/prizeCrab_2025_01_26__21_52_06_HDR0_3_Mothbot_yolo11m_4500_imgsz1600_b1_2024-01-18.pt.jpg,ORDER_Psocodea,2025-01-26,21:52:06,,2025_01_26__21_52_06,MachineObservation,Cerro_Hoya_Expedition_Hoya_505m_prizeCrab_2025-01-26_2025-01-26,Cerro_Hoya_Expedition_Hoya_505m_prizeCrab_2025-01-26,prizeCrab_2025_01_26__21_52_06_HDR0.jpg,prizeCrab_2025_01_26__21_52_06_HDR0_3_Mothbot_yolo11m_4500_imgsz1600_b1_2024-01-18.pt.jpg
doi.org10.15468dl.6nxkw6.csv,Animalia,Arthropoda,Insecta,Lepidoptera,,,,,797,,Lepidoptera,Lepidoptera,Cerro_Hoya_Expedition_Hoya_505m_prizeCrab_2025-01-26,prizeCrab_2025_01_26__21_53_06_HDR0_0_Mothbot_yolo11m_4500_imgsz1600_b1_2024-01-18.pt.jpg,HS,Mothbot_yolo11m_4500_imgsz1600_b1_2024-01-18.pt,0.8488467335700989,,prizeCrab,Cerro_Hoya_Expedition/Hoya_505m_prizeCrab_2025-01-26/2025-01-26/patches/prizeCrab_2025_01_26__21_53_06_HDR0_0_Mothbot_yolo11m_4500_imgsz1600_b1_2024-01-18.pt.jpg,ORDER_Lepidoptera,2025-01-26,21:53:06,,2025_01_26__21_53_06,MachineObservation,Cerro_Hoya_Expedition_Hoya_505m_prizeCrab_2025-01-26_2025-01-26,Cerro_Hoya_Expedition_Hoya_505m_prizeCrab_2025-01-26,prizeCrab_2025_01_26__21_53_06_HDR0.jpg,prizeCrab_2025_01_26__21_53_06_HDR0_0_Mothbot_yolo11m_4500_imgsz1600_b1_2024-01-18.pt.jpg
doi.org10.15468dl.6nxkw6.csv,Animalia,Arthropoda,Insecta,Hemiptera,Cicadellidae,,,,9647,,Cicadellidae,Cicadellidae,Cerro_Hoya_Expedition_Hoya_505m_prizeCrab_2025-01-26,prizeCrab_2025_01_26__21_53_06_HDR0_1_Mothbot_yolo11m_4500_imgsz1600_b1_2024-01-18.pt.jpg,HS,Mothbot_yolo11m_4500_imgsz1600_b1_2024-01-18.pt,0.7603724002838135,,prizeCrab,Cerro_Hoya_Expedition/Hoya_505m_prizeCrab_2025-01-26/2025-01-26/patches/prizeCrab_2025_01_26__21_53_06_HDR0_1_Mothbot_yolo11m_4500_imgsz1600_b1_2024-01-18.pt.jpg,ORDER_Hemiptera,2025-01-26,21:53:06,,2025_01_26__21_53_06,MachineObservation,Cerro_Hoya_Expedition_Hoya_505m_prizeCrab_2025-01-26_2025-01-26,Cerro_Hoya_Expedition_Hoya_505m_prizeCrab_2025-01-26,prizeCrab_2025_01_26__21_53_06_HDR0.jpg,prizeCrab_2025_01_26__21_53_06_HDR0_1_Mothbot_yolo11m_4500_imgsz1600_b1_2024-01-18.pt.jpg
doi.org10.15468dl.6nxkw6.csv,Animalia,Arthropoda,Insecta,Coleoptera,,,,,1470,,Coleoptera,Coleoptera,Cerro_Hoya_Expedition_Hoya_505m_prizeCrab_2025-01-26,prizeCrab_2025_01_26__21_53_06_HDR0_2_Mothbot_yolo11m_4500_imgsz1600_b1_2024-01-18.pt.jpg,HS,Mothbot_yolo11m_4500_imgsz1600_b1_2024-01-18.pt,0.6363803744316101,,prizeCrab,Cerro_Hoya_Expedition/Hoya_505m_prizeCrab_2025-01-26/2025-01-26/patches/prizeCrab_2025_01_26__21_53_06_HDR0_2_Mothbot_yolo11m_4500_imgsz1600_b1_2024-01-18.pt.jpg,ORDER_Hemiptera,2025-01-26,21:53:06,,2025_01_26__21_53_06,MachineObservation,Cerro_Hoya_Expedition_Hoya_505m_prizeCrab_2025-01-26_2025-01-26,Cerro_Hoya_Expedition_Hoya_505m_prizeCrab_2025-01-26,prizeCrab_2025_01_26__21_53_06_HDR0.jpg,prizeCrab_2025_01_26__21_53_06_HDR0_2_Mothbot_yolo11m_4500_imgsz1600_b1_2024-01-18.pt.jpg
doi.org10.15468dl.6nxkw6.csv,Animalia,Arthropoda,Insecta,Hemiptera,,,,,809,,Hemiptera,Hemiptera,Cerro_Hoya_Expedition_Hoya_505m_prizeCrab_2025-01-26,prizeCrab_2025_01_26__21_53_06_HDR0_3_Mothbot_yolo11m_4500_imgsz1600_b1_2024-01-18.pt.jpg,HS,Mothbot_yolo11m_4500_imgsz1600_b1_2024-01-18.pt,0.5006265640258789,,prizeCrab,Cerro_Hoya_Expedition/Hoya_505m_prizeCrab_2025-01-26/2025-01-26/patches/prizeCrab_2025_01_26__21_53_06_HDR0_3_Mothbot_yolo11m_4500_imgsz1600_b1_2024-01-18.pt.jpg,ORDER_Coleoptera,2025-01-26,21:53:06,,2025_01_26__21_53_06,MachineObservation,Cerro_Hoya_Expedition_Hoya_505m_prizeCrab_2025-01-26_2025-01-26,Cerro_Hoya_Expedition_Hoya_505m_prizeCrab_2025-01-26,prizeCrab_2025_01_26__21_53_06_HDR0.jpg,prizeCrab_2025_01_26__21_53_06_HDR0_3_Mothbot_yolo11m_4500_imgsz1600_b1_2024-01-18.pt.jpg
doi.org10.15468dl.6nxkw6.csv,Animalia,Arthropoda,Insecta,Lepidoptera,,,,,797,,Lepidoptera,Lepidoptera,Cerro_Hoya_Expedition_Hoya_505m_prizeCrab_2025-01-26,prizeCrab_2025_01_26__21_53_06_HDR0_4_Mothbot_yolo11m_4500_imgsz1600_b1_2024-01-18.pt.jpg,HS,Mothbot_yolo11m_4500_imgsz1600_b1_2024-01-18.pt,0.45453885197639465,,prizeCrab,Cerro_Hoya_Expedition/Hoya_505m_prizeCrab_2025-01-26/2025-01-26/patches/prizeCrab_2025_01_26__21_53_06_HDR0_4_Mothbot_yolo11m_4500_imgsz1600_b1_2024-01-18.pt.jpg,ORDER_Diptera,2025-01-26,21:53:06,,2025_01_26__21_53_06,MachineObservation,Cerro_Hoya_Expedition_Hoya_505m_prizeCrab_2025-01-26_2025-01-26,Cerro_Hoya_Expedition_Hoya_505m_prizeCrab_2025-01-26,prizeCrab_2025_01_26__21_53_06_HDR0.jpg,prizeCrab_2025_01_26__21_53_06_HDR0_4_Mothbot_yolo11m_4500_imgsz1600_b1_2024-01-18.pt.jpg
doi.org10.15468dl.6nxkw6.csv,Animalia,Arthropoda,Insecta,Lepidoptera,,,,,797,,Lepidoptera,Lepidoptera,Cerro_Hoya_Expedition_Hoya_505m_prizeCrab_2025-01-26,prizeCrab_2025_01_26__21_54_06_HDR0_0_Mothbot_yolo11m_4500_imgsz1600_b1_2024-01-18.pt.jpg,HS,Mothbot_yolo11m_4500_imgsz1600_b1_2024-01-18.pt,0.8310773372650146,,prizeCrab,Cerro_Hoya_Expedition/Hoya_505m_prizeCrab_2025-01-26/2025-01-26/patches/prizeCrab_2025_01_26__21_54_06_HDR0_0_Mothbot_yolo11m_4500_imgsz1600_b1_2024-01-18.pt.jpg,ORDER_Lepidoptera,2025-01-26,21:54:06,,2025_01_26__21_54_06,MachineObservation,Cerro_Hoya_Expedition_Hoya_505m_prizeCrab_2025-01-26_2025-01-26,Cerro_Hoya_Expedition_Hoya_505m_prizeCrab_2025-01-26,prizeCrab_2025_01_26__21_54_06_HDR0.jpg,prizeCrab_2025_01_26__21_54_06_HDR0_0_Mothbot_yolo11m_4500_imgsz1600_b1_2024-01-18.pt.jpg
doi.org10.15468dl.6nxkw6.csv,Animalia,Arthropoda,Insecta,Hemiptera,Cicadellidae,,,,9647,,Cicadellidae,Cicadellidae,Cerro_Hoya_Expedition_Hoya_505m_prizeCrab_2025-01-26,prizeCrab_2025_01_26__21_54_06_HDR0_1_Mothbot_yolo11m_4500_imgsz1600_b1_2024-01-18.pt.jpg,HS,Mothbot_yolo11m_4500_imgsz1600_b1_2024-01-18.pt,0.728608250617981,,prizeCrab,Cerro_Hoya_Expedition/Hoya_505m_prizeCrab_2025-01-26/2025-01-26/patches/prizeCrab_2025_01_26__21_54_06_HDR0_1_Mothbot_yolo11m_4500_imgsz1600_b1_2024-01-18.pt.jpg,ORDER_Hemiptera,2025-01-26,21:54:06,,2025_01_26__21_54_06,MachineObservation,Cerro_Hoya_Expedition_Hoya_505m_prizeCrab_2025-01-26_2025-01-26,Cerro_Hoya_Expedition_Hoya_505m_prizeCrab_2025-01-26,prizeCrab_2025_01_26__21_54_06_HDR0.jpg,prizeCrab_2025_01_26__21_54_06_HDR0_1_Mothbot_yolo11m_4500_imgsz1600_b1_2024-01-18.pt.jpg
doi.org10.15468dl.6nxkw6.csv,Animalia,Arthropoda,Insecta,Coleoptera,,,,,1470,,Coleoptera,Coleoptera,Cerro_Hoya_Expedition_Hoya_505m_prizeCrab_2025-01-26,prizeCrab_2025_01_26__21_54_06_HDR0_2_Mothbot_yolo11m_4500_imgsz1600_b1_2024-01-18.pt.jpg,HS,Mothbot_yolo11m_4500_imgsz1600_b1_2024-01-18.pt,0.6260570287704468,,prizeCrab,Cerro_Hoya_Expedition/Hoya_505m_prizeCrab_2025-01-26/2025-01-26/patches/prizeCrab_2025_01_26__21_54_06_HDR0_2_Mothbot_yolo11m_4500_imgsz1600_b1_2024-01-18.pt.jpg,ORDER_Diptera,2025-01-26,21:54:06,,2025_01_26__21_54_06,MachineObservation,Cerro_Hoya_Expedition_Hoya_505m_prizeCrab_2025-01-26_2025-01-26,Cerro_Hoya_Expedition_Hoya_505m_prizeCrab_2025-01-26,prizeCrab_2025_01_26__21_54_06_HDR0.jpg,prizeCrab_2025_01_26__21_54_06_HDR0_2_Mothbot_yolo11m_4500_imgsz1600_b1_2024-01-18.pt.jpg
doi.org10.15468dl.6nxkw6.csv,Animalia,Arthropoda,Insecta,Hemiptera,,,,,809,,Hemiptera,Hemiptera,Cerro_Hoya_Expedition_Hoya_505m_prizeCrab_2025-01-26,prizeCrab_2025_01_26__21_54_06_HDR0_3_Mothbot_yolo11m_4500_imgsz1600_b1_2024-01-18.pt.jpg,HS,Mothbot_yolo11m_4500_imgsz1600_b1_2024-01-18.pt,0.515869140625,,prizeCrab,Cerro_Hoya_Expedition/Hoya_505m_prizeCrab_2025-01-26/2025-01-26/patches/prizeCrab_2025_01_26__21_54_06_HDR0_3_Mothbot_yolo11m_4500_imgsz1600_b1_2024-01-18.pt.jpg,ORDER_Coleoptera,2025-01-26,21:54:06,,2025_01_26__21_54_06,MachineObservation,Cerro_Hoya_Expedition_Hoya_505m_prizeCrab_2025-01-26_2025-01-26,Cerro_Hoya_Expedition_Hoya_505m_prizeCrab_2025-01-26,prizeCrab_2025_01_26__21_54_06_HDR0.jpg,prizeCrab_2025_01_26__21_54_06_HDR0_3_Mothbot_yolo11m_4500_imgsz1600_b1_2024-01-18.pt.jpg
doi.org10.15468dl.6nxkw6.csv,Animalia,Arthropoda,Insecta,Lepidoptera,,,,,797,,Lepidoptera,Lepidoptera,Cerro_Hoya_Expedition_Hoya_505m_prizeCrab_2025-01-26,prizeCrab_2025_01_26__21_54_06_HDR0_4_Mothbot_yolo11m_4500_imgsz1600_b1_2024-01-18.pt.jpg,HS,Mothbot_yolo11m_4500_imgsz1600_b1_2024-01-18.pt,0.40336522459983826,,prizeCrab,Cerro_Hoya_Expedition/Hoya_505m_prizeCrab_2025-01-26/2025-01-26/patches/prizeCrab_2025_01_26__21_54_06_HDR0_4_Mothbot_yolo11m_4500_imgsz1600_b1_2024-01-18.pt.jpg,ORDER_Diptera,2025-01-26,21:54:06,,2025_01_26__21_54_06,MachineObservation,Cerro_Hoya_Expedition_Hoya_505m_prizeCrab_2025-01-26_2025-01-26,Cerro_Hoya_Expedition_Hoya_505m_prizeCrab_2025-01-26,prizeCrab_2025_01_26__21_54_06_HDR0.jpg,prizeCrab_2025_01_26__21_54_06_HDR0_4_Mothbot_yolo11m_4500_imgsz1600_b1_2024-01-18.pt.jpg
doi.org10.15468dl.6nxkw6.csv,Animalia,Arthropoda,Insecta,Lepidoptera,,,,,797,,Lepidoptera,Lepidoptera,Cerro_Hoya_Expedition_Hoya_505m_prizeCrab_2025-01-26,prizeCrab_2025_01_26__21_55_05_HDR0_0_Mothbot_yolo11m_4500_imgsz1600_b1_2024-01-18.pt.jpg,HS,Mothbot_yolo11m_4500_imgsz1600_b1_2024-01-18.pt,0.8520591259002686,,prizeCrab,Cerro_Hoya_Expedition/Hoya_505m_prizeCrab_2025-01-26/2025-01-26/patches/prizeCrab_2025_01_26__21_55_05_HDR0_0_Mothbot_yolo11m_4500_imgsz1600_b1_2024-01-18.pt.jpg,ORDER_Lepidoptera,2025-01-26,21:55:05,,2025_01_26__21_55_05,MachineObservation,Cerro_Hoya_Expedition_Hoya_505m_prizeCrab_2025-01-26_2025-01-26,Cerro_Hoya_Expedition_Hoya_505m_prizeCrab_2025-01-26,prizeCrab_2025_01_26__21_55_05_HDR0.jpg,prizeCrab_2025_01_26__21_55_05_HDR0_0_Mothbot_yolo11m_4500_imgsz1600_b1_2024-01-18.pt.jpg
doi.org10.15468dl.6nxkw6.csv,Animalia,Arthropoda,Insecta,Hemiptera,Cicadellidae,,,,9647,,Cicadellidae,Cicadellidae,Cerro_Hoya_Expedition_Hoya_505m_prizeCrab_2025-01-26,prizeCrab_2025_01_26__21_55_05_HDR0_1_Mothbot_yolo11m_4500_imgsz1600_b1_2024-01-18.pt.jpg,HS,Mothbot_yolo11m_4500_imgsz1600_b1_2024-01-18.pt,0.7288206815719604,,prizeCrab,Cerro_Hoya_Expedition/Hoya_505m_prizeCrab_2025-01-26/2025-01-26/patches/prizeCrab_2025_01_26__21_55_05_HDR0_1_Mothbot_yolo11m_4500_imgsz1600_b1_2024-01-18.pt.jpg,ORDER_Hemiptera,2025-01-26,21:55:05,,2025_01_26__21_55_05,MachineObservation,Cerro_Hoya_Expedition_Hoya_505m_prizeCrab_2025-01-26_2025-01-26,Cerro_Hoya_Expedition_Hoya_505m_prizeCrab_2025-01-26,prizeCrab_2025_01_26__21_55_05_HDR0.jpg,prizeCrab_2025_01_26__21_55_05_HDR0_1_Mothbot_yolo11m_4500_imgsz1600_b1_2024-01-18.pt.jpg
doi.org10.15468dl.6nxkw6.csv,Animalia,Arthropoda,Insecta,Coleoptera,,,,,1470,,Coleoptera,Coleoptera,Cerro_Hoya_Expedition_Hoya_505m_prizeCrab_2025-01-26,prizeCrab_2025_01_26__21_55_05_HDR0_2_Mothbot_yolo11m_4500_imgsz1600_b1_2024-01-18.pt.jpg,HS,Mothbot_yolo11m_4500_imgsz1600_b1_2024-01-18.pt,0.6111997365951538,,prizeCrab,Cerro_Hoya_Expedition/Hoya_505m_prizeCrab_2025-01-26/2025-01-26/patches/prizeCrab_2025_01_26__21_55_05_HDR0_2_Mothbot_yolo11m_4500_imgsz1600_b1_2024-01-18.pt.jpg,ORDER_Diptera,2025-01-26,21:55:05,,2025_01_26__21_55_05,MachineObservation,Cerro_Hoya_Expedition_Hoya_505m_prizeCrab_2025-01-26_2025-01-26,Cerro_Hoya_Expedition_Hoya_505m_prizeCrab_2025-01-26,prizeCrab_2025_01_26__21_55_05_HDR0.jpg,prizeCrab_2025_01_26__21_55_05_HDR0_2_Mothbot_yolo11m_4500_imgsz1600_b1_2024-01-18.pt.jpg
doi.org10.15468dl.6nxkw6.csv,Animalia,Arthropoda,Insecta,Hemiptera,,,,,809,,Hemiptera,Hemiptera,Cerro_Hoya_Expedition_Hoya_505m_prizeCrab_2025-01-26,prizeCrab_2025_01_26__21_55_05_HDR0_3_Mothbot_yolo11m_4500_imgsz1600_b1_2024-01-18.pt.jpg,HS,Mothbot_yolo11m_4500_imgsz1600_b1_2024-01-18.pt,0.5877264738082886,,prizeCrab,Cerro_Hoya_Expedition/Hoya_505m_prizeCrab_2025-01-26/2025-01-26/patches/prizeCrab_2025_01_26__21_55_05_HDR0_3_Mothbot_yolo11m_4500_imgsz1600_b1_2024-01-18.pt.jpg,ORDER_Diptera,2025-01-26,21:55:05,,2025_01_26__21_55_05,MachineObservation,Cerro_Hoya_Expedition_Hoya_505m_prizeCrab_2025-01-26_2025-01-26,Cerro_Hoya_Expedition_Hoya_505m_prizeCrab_2025-01-26,prizeCrab_2025_01_26__21_55_05_HDR0.jpg,prizeCrab_2025_01_26__21_55_05_HDR0_3_Mothbot_yolo11m_4500_imgsz1600_b1_2024-01-18.pt.jpg
doi.org10.15468dl.6nxkw6.csv,Animalia,Arthropoda,Insecta,Lepidoptera,,,,,797,,Lepidoptera,Lepidoptera,Cerro_Hoya_Expedition_Hoya_505m_prizeCrab_2025-01-26,prizeCrab_2025_01_26__21_55_05_HDR0_4_Mothbot_yolo11m_4500_imgsz1600_b1_2024-01-18.pt.jpg,HS,Mothbot_yolo11m_4500_imgsz1600_b1_2024-01-18.pt,0.4484924376010895,,prizeCrab,Cerro_Hoya_Expedition/Hoya_505m_prizeCrab_2025-01-26/2025-01-26/patches/prizeCrab_2025_01_26__21_55_05_HDR0_4_Mothbot_yolo11m_4500_imgsz1600_b1_2024-01-18.pt.jpg,ORDER_Diptera,2025-01-26,21:55:05,,2025_01_26__21_55_05,MachineObservation,Cerro_Hoya_Expedition_Hoya_505m_prizeCrab_2025-01-26_2025-01-26,Cerro_Hoya_Expedition_Hoya_505m_prizeCrab_2025-01-26,prizeCrab_2025_01_26__21_55_05_HDR0.jpg,prizeCrab_2025_01_26__21_55_05_HDR0_4_Mothbot_yolo11m_4500_imgsz1600_b1_2024-01-18.pt.jpg
doi.org10.15468dl.6nxkw6.csv,Animalia,Arthropoda,Insecta,Lepidoptera,,,,,797,,Lepidoptera,Lepidoptera,Cerro_Hoya_Expedition_Hoya_505m_prizeCrab_2025-01-26,prizeCrab_2025_01_26__21_56_05_HDR0_0_Mothbot_yolo11m_4500_imgsz1600_b1_2024-01-18.pt.jpg,HS,Mothbot_yolo11m_4500_imgsz1600_b1_2024-01-18.pt,0.8753758072853088,,prizeCrab,Cerro_Hoya_Expedition/Hoya_505m_prizeCrab_2025-01-26/2025-01-26/patches/prizeCrab_2025_01_26__21_56_05_HDR0_0_Mothbot_yolo11m_4500_imgsz1600_b1_2024-01-18.pt.jpg,ORDER_Lepidoptera,2025-01-26,21:56:05,,2025_01_26__21_56_05,MachineObservation,Cerro_Hoya_Expedition_Hoya_505m_prizeCrab_2025-01-26_2025-01-26,Cerro_Hoya_Expedition_Hoya_505m_prizeCrab_2025-01-26,prizeCrab_2025_01_26__21_56_05_HDR0.jpg,prizeCrab_2025_01_26__21_56_05_HDR0_0_Mothbot_yolo11m_4500_imgsz1600_b1_2024-01-18.pt.jpg
doi.org10.15468dl.6nxkw6.csv,Animalia,Arthropoda,Insecta,Lepidoptera,,,,,797,,Lepidoptera,Lepidoptera,Cerro_Hoya_Expedition_Hoya_505m_prizeCrab_2025-01-26,prizeCrab_2025_01_26__21_56_05_HDR0_1_Mothbot_yolo11m_4500_imgsz1600_b1_2024-01-18.pt.jpg,HS,Mothbot_yolo11m_4500_imgsz1600_b1_2024-01-18.pt,0.8484772443771362,,prizeCrab,Cerro_Hoya_Expedition/Hoya_505m_prizeCrab_2025-01-26/2025-01-26/patches/prizeCrab_2025_01_26__21_56_05_HDR0_1_Mothbot_yolo11m_4500_imgsz1600_b1_2024-01-18.pt.jpg,ORDER_Lepidoptera,2025-01-26,21:56:05,,2025_01_26__21_56_05,MachineObservation,Cerro_Hoya_Expedition_Hoya_505m_prizeCrab_2025-01-26_2025-01-26,Cerro_Hoya_Expedition_Hoya_505m_prizeCrab_2025-01-26,prizeCrab_2025_01_26__21_56_05_HDR0.jpg,prizeCrab_2025_01_26__21_56_05_HDR0_1_Mothbot_yolo11m_4500_imgsz1600_b1_2024-01-18.pt.jpg
doi.org10.15468dl.6nxkw6.csv,Animalia,Arthropoda,Insecta,Coleoptera,,,,,1470,,Coleoptera,Coleoptera,Cerro_Hoya_Expedition_Hoya_505m_prizeCrab_2025-01-26,prizeCrab_2025_01_26__21_56_05_HDR0_2_Mothbot_yolo11m_4500_imgsz1600_b1_2024-01-18.pt.jpg,HS,Mothbot_yolo11m_4500_imgsz1600_b1_2024-01-18.pt,0.7794293761253357,,prizeCrab,Cerro_Hoya_Expedition/Hoya_505m_prizeCrab_2025-01-26/2025-01-26/patches/prizeCrab_2025_01_26__21_56_05_HDR0_2_Mothbot_yolo11m_4500_imgsz1600_b1_2024-01-18.pt.jpg,ORDER_Hemiptera,2025-01-26,21:56:05,,2025_01_26__21_56_05,MachineObservation,Cerro_Hoya_Expedition_Hoya_505m_prizeCrab_2025-01-26_2025-01-26,Cerro_Hoya_Expedition_Hoya_505m_prizeCrab_2025-01-26,prizeCrab_2025_01_26__21_56_05_HDR0.jpg,prizeCrab_2025_01_26__21_56_05_HDR0_2_Mothbot_yolo11m_4500_imgsz1600_b1_2024-01-18.pt.jpg
doi.org10.15468dl.6nxkw6.csv,Animalia,Arthropoda,Insecta,Hemiptera,Cicadellidae,,,,9647,,Cicadellidae,Cicadellidae,Cerro_Hoya_Expedition_Hoya_505m_prizeCrab_2025-01-26,prizeCrab_2025_01_26__21_56_05_HDR0_3_Mothbot_yolo11m_4500_imgsz1600_b1_2024-01-18.pt.jpg,HS,Mothbot_yolo11m_4500_imgsz1600_b1_2024-01-18.pt,0.7326904535293579,,prizeCrab,Cerro_Hoya_Expedition/Hoya_505m_prizeCrab_2025-01-26/2025-01-26/patches/prizeCrab_2025_01_26__21_56_05_HDR0_3_Mothbot_yolo11m_4500_imgsz1600_b1_2024-01-18.pt.jpg,ORDER_Hemiptera,2025-01-26,21:56:05,,2025_01_26__21_56_05,MachineObservation,Cerro_Hoya_Expedition_Hoya_505m_prizeCrab_2025-01-26_2025-01-26,Cerro_Hoya_Expedition_Hoya_505m_prizeCrab_2025-01-26,prizeCrab_2025_01_26__21_56_05_HDR0.jpg,prizeCrab_2025_01_26__21_56_05_HDR0_3_Mothbot_yolo11m_4500_imgsz1600_b1_2024-01-18.pt.jpg
doi.org10.15468dl.6nxkw6.csv,Animalia,Arthropoda,Insecta,Diptera,,,,,811,,Diptera,Diptera,Cerro_Hoya_Expedition_Hoya_505m_prizeCrab_2025-01-26,prizeCrab_2025_01_26__21_56_05_HDR0_4_Mothbot_yolo11m_4500_imgsz1600_b1_2024-01-18.pt.jpg,HS,Mothbot_yolo11m_4500_imgsz1600_b1_2024-01-18.pt,0.6816174983978271,,prizeCrab,Cerro_Hoya_Expedition/Hoya_505m_prizeCrab_2025-01-26/2025-01-26/patches/prizeCrab_2025_01_26__21_56_05_HDR0_4_Mothbot_yolo11m_4500_imgsz1600_b1_2024-01-18.pt.jpg,ORDER_Diptera,2025-01-26,21:56:05,,2025_01_26__21_56_05,MachineObservation,Cerro_Hoya_Expedition_Hoya_505m_prizeCrab_2025-01-26_2025-01-26,Cerro_Hoya_Expedition_Hoya_505m_prizeCrab_2025-01-26,prizeCrab_2025_01_26__21_56_05_HDR0.jpg,prizeCrab_2025_01_26__21_56_05_HDR0_4_Mothbot_yolo11m_4500_imgsz1600_b1_2024-01-18.pt.jpg
doi.org10.15468dl.6nxkw6.csv,Animalia,Arthropoda,Insecta,Hemiptera,,,,,809,,Hemiptera,Hemiptera,Cerro_Hoya_Expedition_Hoya_505m_prizeCrab_2025-01-26,prizeCrab_2025_01_26__21_56_05_HDR0_5_Mothbot_yolo11m_4500_imgsz1600_b1_2024-01-18.pt.jpg,HS,Mothbot_yolo11m_4500_imgsz1600_b1_2024-01-18.pt,0.5283783674240112,,prizeCrab,Cerro_Hoya_Expedition/Hoya_505m_prizeCrab_2025-01-26/2025-01-26/patches/prizeCrab_2025_01_26__21_56_05_HDR0_5_Mothbot_yolo11m_4500_imgsz1600_b1_2024-01-18.pt.jpg,ORDER_Zygentoma,2025-01-26,21:56:05,,2025_01_26__21_56_05,MachineObservation,Cerro_Hoya_Expedition_Hoya_505m_prizeCrab_2025-01-26_2025-01-26,Cerro_Hoya_Expedition_Hoya_505m_prizeCrab_2025-01-26,prizeCrab_2025_01_26__21_56_05_HDR0.jpg,prizeCrab_2025_01_26__21_56_05_HDR0_5_Mothbot_yolo11m_4500_imgsz1600_b1_2024-01-18.pt.jpg
doi.org10.15468dl.6nxkw6.csv,Animalia,Arthropoda,Insecta,Lepidoptera,,,,,797,,Lepidoptera,Lepidoptera,Cerro_Hoya_Expedition_Hoya_505m_prizeCrab_2025-01-26,prizeCrab_2025_01_26__21_58_06_HDR0_0_Mothbot_yolo11m_4500_imgsz1600_b1_2024-01-18.pt.jpg,HS,Mothbot_yolo11m_4500_imgsz1600_b1_2024-01-18.pt,0.8729732632637024,,prizeCrab,Cerro_Hoya_Expedition/Hoya_505m_prizeCrab_2025-01-26/2025-01-26/patches/prizeCrab_2025_01_26__21_58_06_HDR0_0_Mothbot_yolo11m_4500_imgsz1600_b1_2024-01-18.pt.jpg,ORDER_Lepidoptera,2025-01-26,21:58:06,,2025_01_26__21_58_06,MachineObservation,Cerro_Hoya_Expedition_Hoya_505m_prizeCrab_2025-01-26_2025-01-26,Cerro_Hoya_Expedition_Hoya_505m_prizeCrab_2025-01-26,prizeCrab_2025_01_26__21_58_06_HDR0.jpg,prizeCrab_2025_01_26__21_58_06_HDR0_0_Mothbot_yolo11m_4500_imgsz1600_b1_2024-01-18.pt.jpg
doi.org10.15468dl.6nxkw6.csv,Animalia,Arthropoda,Insecta,Lepidoptera,,,,,797,,Lepidoptera,Lepidoptera,Cerro_Hoya_Expedition_Hoya_505m_prizeCrab_2025-01-26,prizeCrab_2025_01_26__21_58_06_HDR0_1_Mothbot_yolo11m_4500_imgsz1600_b1_2024-01-18.pt.jpg,HS,Mothbot_yolo11m_4500_imgsz1600_b1_2024-01-18.pt,0.8206242918968201,,prizeCrab,Cerro_Hoya_Expedition/Hoya_505m_prizeCrab_2025-01-26/2025-01-26/patches/prizeCrab_2025_01_26__21_58_06_HDR0_1_Mothbot_yolo11m_4500_imgsz1600_b1_2024-01-18.pt.jpg,ORDER_Lepidoptera,2025-01-26,21:58:06,,2025_01_26__21_58_06,MachineObservation,Cerro_Hoya_Expedition_Hoya_505m_prizeCrab_2025-01-26_2025-01-26,Cerro_Hoya_Expedition_Hoya_505m_prizeCrab_2025-01-26,prizeCrab_2025_01_26__21_58_06_HDR0.jpg,prizeCrab_2025_01_26__21_58_06_HDR0_1_Mothbot_yolo11m_4500_imgsz1600_b1_2024-01-18.pt.jpg
doi.org10.15468dl.6nxkw6.csv,Animalia,Arthropoda,Insecta,Hemiptera,Cicadellidae,,,,9647,,Cicadellidae,Cicadellidae,Cerro_Hoya_Expedition_Hoya_505m_prizeCrab_2025-01-26,prizeCrab_2025_01_26__21_58_06_HDR0_2_Mothbot_yolo11m_4500_imgsz1600_b1_2024-01-18.pt.jpg,HS,Mothbot_yolo11m_4500_imgsz1600_b1_2024-01-18.pt,0.7117651700973511,,prizeCrab,Cerro_Hoya_Expedition/Hoya_505m_prizeCrab_2025-01-26/2025-01-26/patches/prizeCrab_2025_01_26__21_58_06_HDR0_2_Mothbot_yolo11m_4500_imgsz1600_b1_2024-01-18.pt.jpg,ORDER_Blattodea,2025-01-26,21:58:06,,2025_01_26__21_58_06,MachineObservation,Cerro_Hoya_Expedition_Hoya_505m_prizeCrab_2025-01-26_2025-01-26,Cerro_Hoya_Expedition_Hoya_505m_prizeCrab_2025-01-26,prizeCrab_2025_01_26__21_58_06_HDR0.jpg,prizeCrab_2025_01_26__21_58_06_HDR0_2_Mothbot_yolo11m_4500_imgsz1600_b1_2024-01-18.pt.jpg
doi.org10.15468dl.6nxkw6.csv,Animalia,Arthropoda,Insecta,Diptera,,,,,811,,Diptera,Diptera,Cerro_Hoya_Expedition_Hoya_505m_prizeCrab_2025-01-26,prizeCrab_2025_01_26__21_58_06_HDR0_3_Mothbot_yolo11m_4500_imgsz1600_b1_2024-01-18.pt.jpg,HS,Mothbot_yolo11m_4500_imgsz1600_b1_2024-01-18.pt,0.6815086603164673,,prizeCrab,Cerro_Hoya_Expedition/Hoya_505m_prizeCrab_2025-01-26/2025-01-26/patches/prizeCrab_2025_01_26__21_58_06_HDR0_3_Mothbot_yolo11m_4500_imgsz1600_b1_2024-01-18.pt.jpg,ORDER_Diptera,2025-01-26,21:58:06,,2025_01_26__21_58_06,MachineObservation,Cerro_Hoya_Expedition_Hoya_505m_prizeCrab_2025-01-26_2025-01-26,Cerro_Hoya_Expedition_Hoya_505m_prizeCrab_2025-01-26,prizeCrab_2025_01_26__21_58_06_HDR0.jpg,prizeCrab_2025_01_26__21_58_06_HDR0_3_Mothbot_yolo11m_4500_imgsz1600_b1_2024-01-18.pt.jpg
doi.org10.15468dl.6nxkw6.csv,Animalia,Arthropoda,Insecta,Hemiptera,,,,,809,,Hemiptera,Hemiptera,Cerro_Hoya_Expedition_Hoya_505m_prizeCrab_2025-01-26,prizeCrab_2025_01_26__21_58_06_HDR0_4_Mothbot_yolo11m_4500_imgsz1600_b1_2024-01-18.pt.jpg,HS,Mothbot_yolo11m_4500_imgsz1600_b1_2024-01-18.pt,0.5639491081237793,,prizeCrab,Cerro_Hoya_Expedition/Hoya_505m_prizeCrab_2025-01-26/2025-01-26/patches/prizeCrab_2025_01_26__21_58_06_HDR0_4_Mothbot_yolo11m_4500_imgsz1600_b1_2024-01-18.pt.jpg,ORDER_Coleoptera,2025-01-26,21:58:06,,2025_01_26__21_58_06,MachineObservation,Cerro_Hoya_Expedition_Hoya_505m_prizeCrab_2025-01-26_2025-01-26,Cerro_Hoya_Expedition_Hoya_505m_prizeCrab_2025-01-26,prizeCrab_2025_01_26__21_58_06_HDR0.jpg,prizeCrab_2025_01_26__21_58_06_HDR0_4_Mothbot_yolo11m_4500_imgsz1600_b1_2024-01-18.pt.jpg
doi.org10.15468dl.6nxkw6.csv,Animalia,Arthropoda,Insecta,Coleoptera,,,,,1470,,Coleoptera,Coleoptera,Cerro_Hoya_Expedition_Hoya_505m_prizeCrab_2025-01-26,prizeCrab_2025_01_26__21_58_06_HDR0_5_Mothbot_yolo11m_4500_imgsz1600_b1_2024-01-18.pt.jpg,HS,Mothbot_yolo11m_4500_imgsz1600_b1_2024-01-18.pt,0.47851690649986267,,prizeCrab,Cerro_Hoya_Expedition/Hoya_505m_prizeCrab_2025-01-26/2025-01-26/patches/prizeCrab_2025_01_26__21_58_06_HDR0_5_Mothbot_yolo11m_4500_imgsz1600_b1_2024-01-18.pt.jpg,ORDER_Diptera,2025-01-26,21:58:06,,2025_01_26__21_58_06,MachineObservation,Cerro_Hoya_Expedition_Hoya_505m_prizeCrab_2025-01-26_2025-01-26,Cerro_Hoya_Expedition_Hoya_505m_prizeCrab_2025-01-26,prizeCrab_2025_01_26__21_58_06_HDR0.jpg,prizeCrab_2025_01_26__21_58_06_HDR0_5_Mothbot_yolo11m_4500_imgsz1600_b1_2024-01-18.pt.jpg
doi.org10.15468dl.6nxkw6.csv,Animalia,Arthropoda,Insecta,Lepidoptera,,,,,797,,Lepidoptera,Lepidoptera,Cerro_Hoya_Expedition_Hoya_505m_prizeCrab_2025-01-26,prizeCrab_2025_01_26__21_59_05_HDR0_0_Mothbot_yolo11m_4500_imgsz1600_b1_2024-01-18.pt.jpg,HS,Mothbot_yolo11m_4500_imgsz1600_b1_2024-01-18.pt,0.8757397532463074,,prizeCrab,Cerro_Hoya_Expedition/Hoya_505m_prizeCrab_2025-01-26/2025-01-26/patches/prizeCrab_2025_01_26__21_59_05_HDR0_0_Mothbot_yolo11m_4500_imgsz1600_b1_2024-01-18.pt.jpg,ORDER_Lepidoptera,2025-01-26,21:59:05,,2025_01_26__21_59_05,MachineObservation,Cerro_Hoya_Expedition_Hoya_505m_prizeCrab_2025-01-26_2025-01-26,Cerro_Hoya_Expedition_Hoya_505m_prizeCrab_2025-01-26,prizeCrab_2025_01_26__21_59_05_HDR0.jpg,prizeCrab_2025_01_26__21_59_05_HDR0_0_Mothbot_yolo11m_4500_imgsz1600_b1_2024-01-18.pt.jpg
doi.org10.15468dl.6nxkw6.csv,Animalia,Arthropoda,Insecta,Lepidoptera,,,,,797,,Lepidoptera,Lepidoptera,Cerro_Hoya_Expedition_Hoya_505m_prizeCrab_2025-01-26,prizeCrab_2025_01_26__21_59_05_HDR0_1_Mothbot_yolo11m_4500_imgsz1600_b1_2024-01-18.pt.jpg,HS,Mothbot_yolo11m_4500_imgsz1600_b1_2024-01-18.pt,0.8200597167015076,,prizeCrab,Cerro_Hoya_Expedition/Hoya_505m_prizeCrab_2025-01-26/2025-01-26/patches/prizeCrab_2025_01_26__21_59_05_HDR0_1_Mothbot_yolo11m_4500_imgsz1600_b1_2024-01-18.pt.jpg,ORDER_Lepidoptera,2025-01-26,21:59:05,,2025_01_26__21_59_05,MachineObservation,Cerro_Hoya_Expedition_Hoya_505m_prizeCrab_2025-01-26_2025-01-26,Cerro_Hoya_Expedition_Hoya_505m_prizeCrab_2025-01-26,prizeCrab_2025_01_26__21_59_05_HDR0.jpg,prizeCrab_2025_01_26__21_59_05_HDR0_1_Mothbot_yolo11m_4500_imgsz1600_b1_2024-01-18.pt.jpg
doi.org10.15468dl.6nxkw6.csv,Animalia,Arthropoda,Insecta,Hemiptera,Cicadellidae,,,,9647,,Cicadellidae,Cicadellidae,Cerro_Hoya_Expedition_Hoya_505m_prizeCrab_2025-01-26,prizeCrab_2025_01_26__21_59_05_HDR0_2_Mothbot_yolo11m_4500_imgsz1600_b1_2024-01-18.pt.jpg,HS,Mothbot_yolo11m_4500_imgsz1600_b1_2024-01-18.pt,0.718781054019928,,prizeCrab,Cerro_Hoya_Expedition/Hoya_505m_prizeCrab_2025-01-26/2025-01-26/patches/prizeCrab_2025_01_26__21_59_05_HDR0_2_Mothbot_yolo11m_4500_imgsz1600_b1_2024-01-18.pt.jpg,ORDER_Hemiptera,2025-01-26,21:59:05,,2025_01_26__21_59_05,MachineObservation,Cerro_Hoya_Expedition_Hoya_505m_prizeCrab_2025-01-26_2025-01-26,Cerro_Hoya_Expedition_Hoya_505m_prizeCrab_2025-01-26,prizeCrab_2025_01_26__21_59_05_HDR0.jpg,prizeCrab_2025_01_26__21_59_05_HDR0_2_Mothbot_yolo11m_4500_imgsz1600_b1_2024-01-18.pt.jpg
doi.org10.15468dl.6nxkw6.csv,Animalia,Arthropoda,Insecta,Hemiptera,,,,,809,,Hemiptera,Hemiptera,Cerro_Hoya_Expedition_Hoya_505m_prizeCrab_2025-01-26,prizeCrab_2025_01_26__21_59_05_HDR0_3_Mothbot_yolo11m_4500_imgsz1600_b1_2024-01-18.pt.jpg,HS,Mothbot_yolo11m_4500_imgsz1600_b1_2024-01-18.pt,0.5631631016731262,,prizeCrab,Cerro_Hoya_Expedition/Hoya_505m_prizeCrab_2025-01-26/2025-01-26/patches/prizeCrab_2025_01_26__21_59_05_HDR0_3_Mothbot_yolo11m_4500_imgsz1600_b1_2024-01-18.pt.jpg,ORDER_Diptera,2025-01-26,21:59:05,,2025_01_26__21_59_05,MachineObservation,Cerro_Hoya_Expedition_Hoya_505m_prizeCrab_2025-01-26_2025-01-26,Cerro_Hoya_Expedition_Hoya_505m_prizeCrab_2025-01-26,prizeCrab_2025_01_26__21_59_05_HDR0.jpg,prizeCrab_2025_01_26__21_59_05_HDR0_3_Mothbot_yolo11m_4500_imgsz1600_b1_2024-01-18.pt.jpg
doi.org10.15468dl.6nxkw6.csv,Animalia,Arthropoda,Insecta,Coleoptera,,,,,1470,,Coleoptera,Coleoptera,Cerro_Hoya_Expedition_Hoya_505m_prizeCrab_2025-01-26,prizeCrab_2025_01_26__21_59_05_HDR0_4_Mothbot_yolo11m_4500_imgsz1600_b1_2024-01-18.pt.jpg,HS,Mothbot_yolo11m_4500_imgsz1600_b1_2024-01-18.pt,0.5237676501274109,,prizeCrab,Cerro_Hoya_Expedition/Hoya_505m_prizeCrab_2025-01-26/2025-01-26/patches/prizeCrab_2025_01_26__21_59_05_HDR0_4_Mothbot_yolo11m_4500_imgsz1600_b1_2024-01-18.pt.jpg,ORDER_Hemiptera,2025-01-26,21:59:05,,2025_01_26__21_59_05,MachineObservation,Cerro_Hoya_Expedition_Hoya_505m_prizeCrab_2025-01-26_2025-01-26,Cerro_Hoya_Expedition_Hoya_505m_prizeCrab_2025-01-26,prizeCrab_2025_01_26__21_59_05_HDR0.jpg,prizeCrab_2025_01_26__21_59_05_HDR0_4_Mothbot_yolo11m_4500_imgsz1600_b1_2024-01-18.pt.jpg
doi.org10.15468dl.6nxkw6.csv,Animalia,Arthropoda,Insecta,Coleoptera,,,,,1470,,Coleoptera,Coleoptera,Cerro_Hoya_Expedition_Hoya_505m_prizeCrab_2025-01-26,prizeCrab_2025_01_26__23_08_06_HDR0_0_Mothbot_yolo11m_4500_imgsz1600_b1_2024-01-18.pt.jpg,HS,Mothbot_yolo11m_4500_imgsz1600_b1_2024-01-18.pt,0.7624396681785583,,prizeCrab,Cerro_Hoya_Expedition/Hoya_505m_prizeCrab_2025-01-26/2025-01-26/patches/prizeCrab_2025_01_26__23_08_06_HDR0_0_Mothbot_yolo11m_4500_imgsz1600_b1_2024-01-18.pt.jpg,ORDER_Coleoptera,2025-01-26,23:08:06,,2025_01_26__23_08_06,MachineObservation,Cerro_Hoya_Expedition_Hoya_505m_prizeCrab_2025-01-26_2025-01-26,Cerro_Hoya_Expedition_Hoya_505m_prizeCrab_2025-01-26,prizeCrab_2025_01_26__23_08_06_HDR0.jpg,prizeCrab_2025_01_26__23_08_06_HDR0_0_Mothbot_yolo11m_4500_imgsz1600_b1_2024-01-18.pt.jpg
doi.org10.15468dl.6nxkw6.csv,Animalia,Arthropoda,Insecta,Hemiptera,Delphacidae,,,,8498,,Delphacidae,Delphacidae,Cerro_Hoya_Expedition_Hoya_505m_prizeCrab_2025-01-26,prizeCrab_2025_01_26__23_10_06_HDR0_0_Mothbot_yolo11m_4500_imgsz1600_b1_2024-01-18.pt.jpg,HS,Mothbot_yolo11m_4500_imgsz1600_b1_2024-01-18.pt,0.7396928668022156,,prizeCrab,Cerro_Hoya_Expedition/Hoya_505m_prizeCrab_2025-01-26/2025-01-26/patches/prizeCrab_2025_01_26__23_10_06_HDR0_0_Mothbot_yolo11m_4500_imgsz1600_b1_2024-01-18.pt.jpg,ORDER_Hemiptera,2025-01-26,23:10:06,,2025_01_26__23_10_06,MachineObservation,Cerro_Hoya_Expedition_Hoya_505m_prizeCrab_2025-01-26_2025-01-26,Cerro_Hoya_Expedition_Hoya_505m_prizeCrab_2025-01-26,prizeCrab_2025_01_26__23_10_06_HDR0.jpg,prizeCrab_2025_01_26__23_10_06_HDR0_0_Mothbot_yolo11m_4500_imgsz1600_b1_2024-01-18.pt.jpg
doi.org10.15468dl.6nxkw6.csv,Animalia,Arthropoda,Insecta,Diptera,,,,,811,,Diptera,Diptera,Cerro_Hoya_Expedition_Hoya_505m_prizeCrab_2025-01-26,prizeCrab_2025_01_26__23_10_06_HDR0_1_Mothbot_yolo11m_4500_imgsz1600_b1_2024-01-18.pt.jpg,HS,Mothbot_yolo11m_4500_imgsz1600_b1_2024-01-18.pt,0.2864139974117279,,prizeCrab,Cerro_Hoya_Expedition/Hoya_505m_prizeCrab_2025-01-26/2025-01-26/patches/prizeCrab_2025_01_26__23_10_06_HDR0_1_Mothbot_yolo11m_4500_imgsz1600_b1_2024-01-18.pt.jpg,ORDER_Hymenoptera,2025-01-26,23:10:06,,2025_01_26__23_10_06,MachineObservation,Cerro_Hoya_Expedition_Hoya_505m_prizeCrab_2025-01-26_2025-01-26,Cerro_Hoya_Expedition_Hoya_505m_prizeCrab_2025-01-26,prizeCrab_2025_01_26__23_10_06_HDR0.jpg,prizeCrab_2025_01_26__23_10_06_HDR0_1_Mothbot_yolo11m_4500_imgsz1600_b1_2024-01-18.pt.jpg
doi.org10.15468dl.6nxkw6.csv,Animalia,Arthropoda,Insecta,Diptera,,,,,811,,Diptera,Diptera,Cerro_Hoya_Expedition_Hoya_505m_prizeCrab_2025-01-26,prizeCrab_2025_01_26__23_11_05_HDR0_0_Mothbot_yolo11m_4500_imgsz1600_b1_2024-01-18.pt.jpg,HS,Mothbot_yolo11m_4500_imgsz1600_b1_2024-01-18.pt,0.38530734181404114,,prizeCrab,Cerro_Hoya_Expedition/Hoya_505m_prizeCrab_2025-01-26/2025-01-26/patches/prizeCrab_2025_01_26__23_11_05_HDR0_0_Mothbot_yolo11m_4500_imgsz1600_b1_2024-01-18.pt.jpg,ORDER_Diptera,2025-01-26,23:11:05,,2025_01_26__23_11_05,MachineObservation,Cerro_Hoya_Expedition_Hoya_505m_prizeCrab_2025-01-26_2025-01-26,Cerro_Hoya_Expedition_Hoya_505m_prizeCrab_2025-01-26,prizeCrab_2025_01_26__23_11_05_HDR0.jpg,prizeCrab_2025_01_26__23_11_05_HDR0_0_Mothbot_yolo11m_4500_imgsz1600_b1_2024-01-18.pt.jpg
doi.org10.15468dl.6nxkw6.csv,Animalia,Arthropoda,Insecta,Diptera,,,,,811,,Diptera,Diptera,Cerro_Hoya_Expedition_Hoya_505m_prizeCrab_2025-01-26,prizeCrab_2025_01_26__23_12_05_HDR0_0_Mothbot_yolo11m_4500_imgsz1600_b1_2024-01-18.pt.jpg,HS,Mothbot_yolo11m_4500_imgsz1600_b1_2024-01-18.pt,0.3662435710430145,,prizeCrab,Cerro_Hoya_Expedition/Hoya_505m_prizeCrab_2025-01-26/2025-01-26/patches/prizeCrab_2025_01_26__23_12_05_HDR0_0_Mothbot_yolo11m_4500_imgsz1600_b1_2024-01-18.pt.jpg,ORDER_Diptera,2025-01-26,23:12:05,,2025_01_26__23_12_05,MachineObservation,Cerro_Hoya_Expedition_Hoya_505m_prizeCrab_2025-01-26_2025-01-26,Cerro_Hoya_Expedition_Hoya_505m_prizeCrab_2025-01-26,prizeCrab_2025_01_26__23_12_05_HDR0.jpg,prizeCrab_2025_01_26__23_12_05_HDR0_0_Mothbot_yolo11m_4500_imgsz1600_b1_2024-01-18.pt.jpg
doi.org10.15468dl.6nxkw6.csv,Animalia,Arthropoda,Insecta,Diptera,,,,,811,,Diptera,Diptera,Cerro_Hoya_Expedition_Hoya_505m_prizeCrab_2025-01-26,prizeCrab_2025_01_26__23_13_06_HDR0_0_Mothbot_yolo11m_4500_imgsz1600_b1_2024-01-18.pt.jpg,HS,Mothbot_yolo11m_4500_imgsz1600_b1_2024-01-18.pt,0.42405813932418823,,prizeCrab,Cerro_Hoya_Expedition/Hoya_505m_prizeCrab_2025-01-26/2025-01-26/patches/prizeCrab_2025_01_26__23_13_06_HDR0_0_Mothbot_yolo11m_4500_imgsz1600_b1_2024-01-18.pt.jpg,ORDER_Diptera,2025-01-26,23:13:06,,2025_01_26__23_13_06,MachineObservation,Cerro_Hoya_Expedition_Hoya_505m_prizeCrab_2025-01-26_2025-01-26,Cerro_Hoya_Expedition_Hoya_505m_prizeCrab_2025-01-26,prizeCrab_2025_01_26__23_13_06_HDR0.jpg,prizeCrab_2025_01_26__23_13_06_HDR0_0_Mothbot_yolo11m_4500_imgsz1600_b1_2024-01-18.pt.jpg
doi.org10.15468dl.6nxkw6.csv,Animalia,Arthropoda,Insecta,Diptera,,,,,811,,Diptera,Diptera,Cerro_Hoya_Expedition_Hoya_505m_prizeCrab_2025-01-26,prizeCrab_2025_01_26__23_14_06_HDR0_0_Mothbot_yolo11m_4500_imgsz1600_b1_2024-01-18.pt.jpg,HS,Mothbot_yolo11m_4500_imgsz1600_b1_2024-01-18.pt,0.615554928779602,,prizeCrab,Cerro_Hoya_Expedition/Hoya_505m_prizeCrab_2025-01-26/2025-01-26/patches/prizeCrab_2025_01_26__23_14_06_HDR0_0_Mothbot_yolo11m_4500_imgsz1600_b1_2024-01-18.pt.jpg,ORDER_Diptera,2025-01-26,23:14:06,,2025_01_26__23_14_06,MachineObservation,Cerro_Hoya_Expedition_Hoya_505m_prizeCrab_2025-01-26_2025-01-26,Cerro_Hoya_Expedition_Hoya_505m_prizeCrab_2025-01-26,prizeCrab_2025_01_26__23_14_06_HDR0.jpg,prizeCrab_2025_01_26__23_14_06_HDR0_0_Mothbot_yolo11m_4500_imgsz1600_b1_2024-01-18.pt.jpg
doi.org10.15468dl.6nxkw6.csv,Animalia,Arthropoda,Insecta,Diptera,,,,,811,,Diptera,Diptera,Cerro_Hoya_Expedition_Hoya_505m_prizeCrab_2025-01-26,prizeCrab_2025_01_26__23_14_06_HDR0_1_Mothbot_yolo11m_4500_imgsz1600_b1_2024-01-18.pt.jpg,HS,Mothbot_yolo11m_4500_imgsz1600_b1_2024-01-18.pt,0.41168680787086487,,prizeCrab,Cerro_Hoya_Expedition/Hoya_505m_prizeCrab_2025-01-26/2025-01-26/patches/prizeCrab_2025_01_26__23_14_06_HDR0_1_Mothbot_yolo11m_4500_imgsz1600_b1_2024-01-18.pt.jpg,ORDER_Diptera,2025-01-26,23:14:06,,2025_01_26__23_14_06,MachineObservation,Cerro_Hoya_Expedition_Hoya_505m_prizeCrab_2025-01-26_2025-01-26,Cerro_Hoya_Expedition_Hoya_505m_prizeCrab_2025-01-26,prizeCrab_2025_01_26__23_14_06_HDR0.jpg,prizeCrab_2025_01_26__23_14_06_HDR0_1_Mothbot_yolo11m_4500_imgsz1600_b1_2024-01-18.pt.jpg
doi.org10.15468dl.6nxkw6.csv,Animalia,Arthropoda,Insecta,Lepidoptera,,,,,797,,Lepidoptera,Lepidoptera,Cerro_Hoya_Expedition_Hoya_505m_prizeCrab_2025-01-26,prizeCrab_2025_01_26__23_15_06_HDR0_0_Mothbot_yolo11m_4500_imgsz1600_b1_2024-01-18.pt.jpg,HS,Mothbot_yolo11m_4500_imgsz1600_b1_2024-01-18.pt,0.8403738737106323,,prizeCrab,Cerro_Hoya_Expedition/Hoya_505m_prizeCrab_2025-01-26/2025-01-26/patches/prizeCrab_2025_01_26__23_15_06_HDR0_0_Mothbot_yolo11m_4500_imgsz1600_b1_2024-01-18.pt.jpg,ORDER_Lepidoptera,2025-01-26,23:15:06,,2025_01_26__23_15_06,MachineObservation,Cerro_Hoya_Expedition_Hoya_505m_prizeCrab_2025-01-26_2025-01-26,Cerro_Hoya_Expedition_Hoya_505m_prizeCrab_2025-01-26,prizeCrab_2025_01_26__23_15_06_HDR0.jpg,prizeCrab_2025_01_26__23_15_06_HDR0_0_Mothbot_yolo11m_4500_imgsz1600_b1_2024-01-18.pt.jpg
doi.org10.15468dl.6nxkw6.csv,Animalia,Arthropoda,Insecta,Hemiptera,Cicadellidae,,,,9647,,Cicadellidae,Cicadellidae,Cerro_Hoya_Expedition_Hoya_505m_prizeCrab_2025-01-26,prizeCrab_2025_01_26__23_15_06_HDR0_1_Mothbot_yolo11m_4500_imgsz1600_b1_2024-01-18.pt.jpg,HS,Mothbot_yolo11m_4500_imgsz1600_b1_2024-01-18.pt,0.7245464324951172,,prizeCrab,Cerro_Hoya_Expedition/Hoya_505m_prizeCrab_2025-01-26/2025-01-26/patches/prizeCrab_2025_01_26__23_15_06_HDR0_1_Mothbot_yolo11m_4500_imgsz1600_b1_2024-01-18.pt.jpg,ORDER_Diptera,2025-01-26,23:15:06,,2025_01_26__23_15_06,MachineObservation,Cerro_Hoya_Expedition_Hoya_505m_prizeCrab_2025-01-26_2025-01-26,Cerro_Hoya_Expedition_Hoya_505m_prizeCrab_2025-01-26,prizeCrab_2025_01_26__23_15_06_HDR0.jpg,prizeCrab_2025_01_26__23_15_06_HDR0_1_Mothbot_yolo11m_4500_imgsz1600_b1_2024-01-18.pt.jpg
doi.org10.15468dl.6nxkw6.csv,Animalia,Arthropoda,Insecta,Lepidoptera,,,,,797,,Lepidoptera,Lepidoptera,Cerro_Hoya_Expedition_Hoya_505m_prizeCrab_2025-01-26,prizeCrab_2025_01_26__23_15_06_HDR0_2_Mothbot_yolo11m_4500_imgsz1600_b1_2024-01-18.pt.jpg,HS,Mothbot_yolo11m_4500_imgsz1600_b1_2024-01-18.pt,0.6414243578910828,,prizeCrab,Cerro_Hoya_Expedition/Hoya_505m_prizeCrab_2025-01-26/2025-01-26/patches/prizeCrab_2025_01_26__23_15_06_HDR0_2_Mothbot_yolo11m_4500_imgsz1600_b1_2024-01-18.pt.jpg,ORDER_Lepidoptera,2025-01-26,23:15:06,,2025_01_26__23_15_06,MachineObservation,Cerro_Hoya_Expedition_Hoya_505m_prizeCrab_2025-01-26_2025-01-26,Cerro_Hoya_Expedition_Hoya_505m_prizeCrab_2025-01-26,prizeCrab_2025_01_26__23_15_06_HDR0.jpg,prizeCrab_2025_01_26__23_15_06_HDR0_2_Mothbot_yolo11m_4500_imgsz1600_b1_2024-01-18.pt.jpg
doi.org10.15468dl.6nxkw6.csv,Animalia,Arthropoda,Insecta,Hemiptera,,,,,809,,Hemiptera,Hemiptera,Cerro_Hoya_Expedition_Hoya_505m_prizeCrab_2025-01-26,prizeCrab_2025_01_26__23_15_06_HDR0_3_Mothbot_yolo11m_4500_imgsz1600_b1_2024-01-18.pt.jpg,HS,Mothbot_yolo11m_4500_imgsz1600_b1_2024-01-18.pt,0.580283522605896,,prizeCrab,Cerro_Hoya_Expedition/Hoya_505m_prizeCrab_2025-01-26/2025-01-26/patches/prizeCrab_2025_01_26__23_15_06_HDR0_3_Mothbot_yolo11m_4500_imgsz1600_b1_2024-01-18.pt.jpg,ORDER_Hemiptera,2025-01-26,23:15:06,,2025_01_26__23_15_06,MachineObservation,Cerro_Hoya_Expedition_Hoya_505m_prizeCrab_2025-01-26_2025-01-26,Cerro_Hoya_Expedition_Hoya_505m_prizeCrab_2025-01-26,prizeCrab_2025_01_26__23_15_06_HDR0.jpg,prizeCrab_2025_01_26__23_15_06_HDR0_3_Mothbot_yolo11m_4500_imgsz1600_b1_2024-01-18.pt.jpg
doi.org10.15468dl.6nxkw6.csv,Animalia,Arthropoda,Insecta,Diptera,,,,,811,,Diptera,Diptera,Cerro_Hoya_Expedition_Hoya_505m_prizeCrab_2025-01-26,prizeCrab_2025_01_26__23_15_06_HDR0_4_Mothbot_yolo11m_4500_imgsz1600_b1_2024-01-18.pt.jpg,HS,Mothbot_yolo11m_4500_imgsz1600_b1_2024-01-18.pt,0.3833652138710022,,prizeCrab,Cerro_Hoya_Expedition/Hoya_505m_prizeCrab_2025-01-26/2025-01-26/patches/prizeCrab_2025_01_26__23_15_06_HDR0_4_Mothbot_yolo11m_4500_imgsz1600_b1_2024-01-18.pt.jpg,ORDER_Diptera,2025-01-26,23:15:06,,2025_01_26__23_15_06,MachineObservation,Cerro_Hoya_Expedition_Hoya_505m_prizeCrab_2025-01-26_2025-01-26,Cerro_Hoya_Expedition_Hoya_505m_prizeCrab_2025-01-26,prizeCrab_2025_01_26__23_15_06_HDR0.jpg,prizeCrab_2025_01_26__23_15_06_HDR0_4_Mothbot_yolo11m_4500_imgsz1600_b1_2024-01-18.pt.jpg
doi.org10.15468dl.6nxkw6.csv,Animalia,Arthropoda,Insecta,Lepidoptera,,,,,797,,Lepidoptera,Lepidoptera,Cerro_Hoya_Expedition_Hoya_505m_prizeCrab_2025-01-26,prizeCrab_2025_01_26__23_16_22_HDR0_0_Mothbot_yolo11m_4500_imgsz1600_b1_2024-01-18.pt.jpg,HS,Mothbot_yolo11m_4500_imgsz1600_b1_2024-01-18.pt,0.8400102853775024,,prizeCrab,Cerro_Hoya_Expedition/Hoya_505m_prizeCrab_2025-01-26/2025-01-26/patches/prizeCrab_2025_01_26__23_16_22_HDR0_0_Mothbot_yolo11m_4500_imgsz1600_b1_2024-01-18.pt.jpg,ORDER_Lepidoptera,2025-01-26,23:16:22,,2025_01_26__23_16_22,MachineObservation,Cerro_Hoya_Expedition_Hoya_505m_prizeCrab_2025-01-26_2025-01-26,Cerro_Hoya_Expedition_Hoya_505m_prizeCrab_2025-01-26,prizeCrab_2025_01_26__23_16_22_HDR0.jpg,prizeCrab_2025_01_26__23_16_22_HDR0_0_Mothbot_yolo11m_4500_imgsz1600_b1_2024-01-18.pt.jpg
doi.org10.15468dl.6nxkw6.csv,Animalia,Arthropoda,Insecta,Hemiptera,Cicadellidae,,,,9647,,Cicadellidae,Cicadellidae,Cerro_Hoya_Expedition_Hoya_505m_prizeCrab_2025-01-26,prizeCrab_2025_01_26__23_16_22_HDR0_1_Mothbot_yolo11m_4500_imgsz1600_b1_2024-01-18.pt.jpg,HS,Mothbot_yolo11m_4500_imgsz1600_b1_2024-01-18.pt,0.7230265140533447,,prizeCrab,Cerro_Hoya_Expedition/Hoya_505m_prizeCrab_2025-01-26/2025-01-26/patches/prizeCrab_2025_01_26__23_16_22_HDR0_1_Mothbot_yolo11m_4500_imgsz1600_b1_2024-01-18.pt.jpg,ORDER_Diptera,2025-01-26,23:16:22,,2025_01_26__23_16_22,MachineObservation,Cerro_Hoya_Expedition_Hoya_505m_prizeCrab_2025-01-26_2025-01-26,Cerro_Hoya_Expedition_Hoya_505m_prizeCrab_2025-01-26,prizeCrab_2025_01_26__23_16_22_HDR0.jpg,prizeCrab_2025_01_26__23_16_22_HDR0_1_Mothbot_yolo11m_4500_imgsz1600_b1_2024-01-18.pt.jpg
doi.org10.15468dl.6nxkw6.csv,Animalia,Arthropoda,Insecta,Lepidoptera,,,,,797,,Lepidoptera,Lepidoptera,Cerro_Hoya_Expedition_Hoya_505m_prizeCrab_2025-01-26,prizeCrab_2025_01_26__23_16_22_HDR0_2_Mothbot_yolo11m_4500_imgsz1600_b1_2024-01-18.pt.jpg,HS,Mothbot_yolo11m_4500_imgsz1600_b1_2024-01-18.pt,0.6841632723808289,,prizeCrab,Cerro_Hoya_Expedition/Hoya_505m_prizeCrab_2025-01-26/2025-01-26/patches/prizeCrab_2025_01_26__23_16_22_HDR0_2_Mothbot_yolo11m_4500_imgsz1600_b1_2024-01-18.pt.jpg,ORDER_Lepidoptera,2025-01-26,23:16:22,,2025_01_26__23_16_22,MachineObservation,Cerro_Hoya_Expedition_Hoya_505m_prizeCrab_2025-01-26_2025-01-26,Cerro_Hoya_Expedition_Hoya_505m_prizeCrab_2025-01-26,prizeCrab_2025_01_26__23_16_22_HDR0.jpg,prizeCrab_2025_01_26__23_16_22_HDR0_2_Mothbot_yolo11m_4500_imgsz1600_b1_2024-01-18.pt.jpg
doi.org10.15468dl.6nxkw6.csv,Animalia,Arthropoda,Insecta,Hemiptera,,,,,809,,Hemiptera,Hemiptera,Cerro_Hoya_Expedition_Hoya_505m_prizeCrab_2025-01-26,prizeCrab_2025_01_26__23_16_22_HDR0_3_Mothbot_yolo11m_4500_imgsz1600_b1_2024-01-18.pt.jpg,HS,Mothbot_yolo11m_4500_imgsz1600_b1_2024-01-18.pt,0.4194936156272888,,prizeCrab,Cerro_Hoya_Expedition/Hoya_505m_prizeCrab_2025-01-26/2025-01-26/patches/prizeCrab_2025_01_26__23_16_22_HDR0_3_Mothbot_yolo11m_4500_imgsz1600_b1_2024-01-18.pt.jpg,ORDER_Psocodea,2025-01-26,23:16:22,,2025_01_26__23_16_22,MachineObservation,Cerro_Hoya_Expedition_Hoya_505m_prizeCrab_2025-01-26_2025-01-26,Cerro_Hoya_Expedition_Hoya_505m_prizeCrab_2025-01-26,prizeCrab_2025_01_26__23_16_22_HDR0.jpg,prizeCrab_2025_01_26__23_16_22_HDR0_3_Mothbot_yolo11m_4500_imgsz1600_b1_2024-01-18.pt.jpg
doi.org10.15468dl.6nxkw6.csv,Animalia,Arthropoda,Insecta,Diptera,,,,,811,,Diptera,Diptera,Cerro_Hoya_Expedition_Hoya_505m_prizeCrab_2025-01-26,prizeCrab_2025_01_26__23_16_22_HDR0_4_Mothbot_yolo11m_4500_imgsz1600_b1_2024-01-18.pt.jpg,HS,Mothbot_yolo11m_4500_imgsz1600_b1_2024-01-18.pt,0.4132995009422302,,prizeCrab,Cerro_Hoya_Expedition/Hoya_505m_prizeCrab_2025-01-26/2025-01-26/patches/prizeCrab_2025_01_26__23_16_22_HDR0_4_Mothbot_yolo11m_4500_imgsz1600_b1_2024-01-18.pt.jpg,ORDER_Diptera,2025-01-26,23:16:22,,2025_01_26__23_16_22,MachineObservation,Cerro_Hoya_Expedition_Hoya_505m_prizeCrab_2025-01-26_2025-01-26,Cerro_Hoya_Expedition_Hoya_505m_prizeCrab_2025-01-26,prizeCrab_2025_01_26__23_16_22_HDR0.jpg,prizeCrab_2025_01_26__23_16_22_HDR0_4_Mothbot_yolo11m_4500_imgsz1600_b1_2024-01-18.pt.jpg
doi.org10.15468dl.6nxkw6.csv,Animalia,Arthropoda,Insecta,Diptera,,,,,811,,Diptera,Diptera,Cerro_Hoya_Expedition_Hoya_505m_prizeCrab_2025-01-26,prizeCrab_2025_01_26__23_16_22_HDR0_5_Mothbot_yolo11m_4500_imgsz1600_b1_2024-01-18.pt.jpg,HS,Mothbot_yolo11m_4500_imgsz1600_b1_2024-01-18.pt,0.26211437582969666,,prizeCrab,Cerro_Hoya_Expedition/Hoya_505m_prizeCrab_2025-01-26/2025-01-26/patches/prizeCrab_2025_01_26__23_16_22_HDR0_5_Mothbot_yolo11m_4500_imgsz1600_b1_2024-01-18.pt.jpg,ORDER_Diptera,2025-01-26,23:16:22,,2025_01_26__23_16_22,MachineObservation,Cerro_Hoya_Expedition_Hoya_505m_prizeCrab_2025-01-26_2025-01-26,Cerro_Hoya_Expedition_Hoya_505m_prizeCrab_2025-01-26,prizeCrab_2025_01_26__23_16_22_HDR0.jpg,prizeCrab_2025_01_26__23_16_22_HDR0_5_Mothbot_yolo11m_4500_imgsz1600_b1_2024-01-18.pt.jpg
doi.org10.15468dl.6nxkw6.csv,Animalia,Arthropoda,Insecta,Lepidoptera,,,,,797,,Lepidoptera,Lepidoptera,Cerro_Hoya_Expedition_Hoya_505m_prizeCrab_2025-01-26,prizeCrab_2025_01_26__23_17_05_HDR0_0_Mothbot_yolo11m_4500_imgsz1600_b1_2024-01-18.pt.jpg,HS,Mothbot_yolo11m_4500_imgsz1600_b1_2024-01-18.pt,0.8426253795623779,,prizeCrab,Cerro_Hoya_Expedition/Hoya_505m_prizeCrab_2025-01-26/2025-01-26/patches/prizeCrab_2025_01_26__23_17_05_HDR0_0_Mothbot_yolo11m_4500_imgsz1600_b1_2024-01-18.pt.jpg,ORDER_Lepidoptera,2025-01-26,23:17:05,,2025_01_26__23_17_05,MachineObservation,Cerro_Hoya_Expedition_Hoya_505m_prizeCrab_2025-01-26_2025-01-26,Cerro_Hoya_Expedition_Hoya_505m_prizeCrab_2025-01-26,prizeCrab_2025_01_26__23_17_05_HDR0.jpg,prizeCrab_2025_01_26__23_17_05_HDR0_0_Mothbot_yolo11m_4500_imgsz1600_b1_2024-01-18.pt.jpg
doi.org10.15468dl.6nxkw6.csv,Animalia,Arthropoda,Insecta,Hemiptera,,,,,809,,Hemiptera,Hemiptera,Cerro_Hoya_Expedition_Hoya_505m_prizeCrab_2025-01-26,prizeCrab_2025_01_26__23_17_05_HDR0_1_Mothbot_yolo11m_4500_imgsz1600_b1_2024-01-18.pt.jpg,HS,Mothbot_yolo11m_4500_imgsz1600_b1_2024-01-18.pt,0.7389757037162781,,prizeCrab,Cerro_Hoya_Expedition/Hoya_505m_prizeCrab_2025-01-26/2025-01-26/patches/prizeCrab_2025_01_26__23_17_05_HDR0_1_Mothbot_yolo11m_4500_imgsz1600_b1_2024-01-18.pt.jpg,ORDER_Diptera,2025-01-26,23:17:05,,2025_01_26__23_17_05,MachineObservation,Cerro_Hoya_Expedition_Hoya_505m_prizeCrab_2025-01-26_2025-01-26,Cerro_Hoya_Expedition_Hoya_505m_prizeCrab_2025-01-26,prizeCrab_2025_01_26__23_17_05_HDR0.jpg,prizeCrab_2025_01_26__23_17_05_HDR0_1_Mothbot_yolo11m_4500_imgsz1600_b1_2024-01-18.pt.jpg
doi.org10.15468dl.6nxkw6.csv,Animalia,Arthropoda,Insecta,Lepidoptera,,,,,797,,Lepidoptera,Lepidoptera,Cerro_Hoya_Expedition_Hoya_505m_prizeCrab_2025-01-26,prizeCrab_2025_01_26__23_17_05_HDR0_2_Mothbot_yolo11m_4500_imgsz1600_b1_2024-01-18.pt.jpg,HS,Mothbot_yolo11m_4500_imgsz1600_b1_2024-01-18.pt,0.7304911613464355,,prizeCrab,Cerro_Hoya_Expedition/Hoya_505m_prizeCrab_2025-01-26/2025-01-26/patches/prizeCrab_2025_01_26__23_17_05_HDR0_2_Mothbot_yolo11m_4500_imgsz1600_b1_2024-01-18.pt.jpg,ORDER_Lepidoptera,2025-01-26,23:17:05,,2025_01_26__23_17_05,MachineObservation,Cerro_Hoya_Expedition_Hoya_505m_prizeCrab_2025-01-26_2025-01-26,Cerro_Hoya_Expedition_Hoya_505m_prizeCrab_2025-01-26,prizeCrab_2025_01_26__23_17_05_HDR0.jpg,prizeCrab_2025_01_26__23_17_05_HDR0_2_Mothbot_yolo11m_4500_imgsz1600_b1_2024-01-18.pt.jpg
doi.org10.15468dl.6nxkw6.csv,Animalia,Arthropoda,Insecta,Diptera,,,,,811,,Diptera,Diptera,Cerro_Hoya_Expedition_Hoya_505m_prizeCrab_2025-01-26,prizeCrab_2025_01_26__23_17_05_HDR0_3_Mothbot_yolo11m_4500_imgsz1600_b1_2024-01-18.pt.jpg,HS,Mothbot_yolo11m_4500_imgsz1600_b1_2024-01-18.pt,0.7176503539085388,,prizeCrab,Cerro_Hoya_Expedition/Hoya_505m_prizeCrab_2025-01-26/2025-01-26/patches/prizeCrab_2025_01_26__23_17_05_HDR0_3_Mothbot_yolo11m_4500_imgsz1600_b1_2024-01-18.pt.jpg,ORDER_Diptera,2025-01-26,23:17:05,,2025_01_26__23_17_05,MachineObservation,Cerro_Hoya_Expedition_Hoya_505m_prizeCrab_2025-01-26_2025-01-26,Cerro_Hoya_Expedition_Hoya_505m_prizeCrab_2025-01-26,prizeCrab_2025_01_26__23_17_05_HDR0.jpg,prizeCrab_2025_01_26__23_17_05_HDR0_3_Mothbot_yolo11m_4500_imgsz1600_b1_2024-01-18.pt.jpg
doi.org10.15468dl.6nxkw6.csv,Animalia,Arthropoda,Insecta,Hemiptera,,,,,809,,Hemiptera,Hemiptera,Cerro_Hoya_Expedition_Hoya_505m_prizeCrab_2025-01-26,prizeCrab_2025_01_26__23_17_05_HDR0_4_Mothbot_yolo11m_4500_imgsz1600_b1_2024-01-18.pt.jpg,HS,Mothbot_yolo11m_4500_imgsz1600_b1_2024-01-18.pt,0.7021312713623047,,prizeCrab,Cerro_Hoya_Expedition/Hoya_505m_prizeCrab_2025-01-26/2025-01-26/patches/prizeCrab_2025_01_26__23_17_05_HDR0_4_Mothbot_yolo11m_4500_imgsz1600_b1_2024-01-18.pt.jpg,ORDER_Hemiptera,2025-01-26,23:17:05,,2025_01_26__23_17_05,MachineObservation,Cerro_Hoya_Expedition_Hoya_505m_prizeCrab_2025-01-26_2025-01-26,Cerro_Hoya_Expedition_Hoya_505m_prizeCrab_2025-01-26,prizeCrab_2025_01_26__23_17_05_HDR0.jpg,prizeCrab_2025_01_26__23_17_05_HDR0_4_Mothbot_yolo11m_4500_imgsz1600_b1_2024-01-18.pt.jpg
doi.org10.15468dl.6nxkw6.csv,Animalia,Arthropoda,Insecta,Lepidoptera,,,,,797,,Lepidoptera,Lepidoptera,Cerro_Hoya_Expedition_Hoya_505m_prizeCrab_2025-01-26,prizeCrab_2025_01_26__23_17_05_HDR0_5_Mothbot_yolo11m_4500_imgsz1600_b1_2024-01-18.pt.jpg,HS,Mothbot_yolo11m_4500_imgsz1600_b1_2024-01-18.pt,0.6810329556465149,,prizeCrab,Cerro_Hoya_Expedition/Hoya_505m_prizeCrab_2025-01-26/2025-01-26/patches/prizeCrab_2025_01_26__23_17_05_HDR0_5_Mothbot_yolo11m_4500_imgsz1600_b1_2024-01-18.pt.jpg,ORDER_Diptera,2025-01-26,23:17:05,,2025_01_26__23_17_05,MachineObservation,Cerro_Hoya_Expedition_Hoya_505m_prizeCrab_2025-01-26_2025-01-26,Cerro_Hoya_Expedition_Hoya_505m_prizeCrab_2025-01-26,prizeCrab_2025_01_26__23_17_05_HDR0.jpg,prizeCrab_2025_01_26__23_17_05_HDR0_5_Mothbot_yolo11m_4500_imgsz1600_b1_2024-01-18.pt.jpg
doi.org10.15468dl.6nxkw6.csv,Animalia,Arthropoda,Insecta,Diptera,,,,,811,,Diptera,Diptera,Cerro_Hoya_Expedition_Hoya_505m_prizeCrab_2025-01-26,prizeCrab_2025_01_26__23_17_05_HDR0_6_Mothbot_yolo11m_4500_imgsz1600_b1_2024-01-18.pt.jpg,HS,Mothbot_yolo11m_4500_imgsz1600_b1_2024-01-18.pt,0.39191603660583496,,prizeCrab,Cerro_Hoya_Expedition/Hoya_505m_prizeCrab_2025-01-26/2025-01-26/patches/prizeCrab_2025_01_26__23_17_05_HDR0_6_Mothbot_yolo11m_4500_imgsz1600_b1_2024-01-18.pt.jpg,ORDER_Diptera,2025-01-26,23:17:05,,2025_01_26__23_17_05,MachineObservation,Cerro_Hoya_Expedition_Hoya_505m_prizeCrab_2025-01-26_2025-01-26,Cerro_Hoya_Expedition_Hoya_505m_prizeCrab_2025-01-26,prizeCrab_2025_01_26__23_17_05_HDR0.jpg,prizeCrab_2025_01_26__23_17_05_HDR0_6_Mothbot_yolo11m_4500_imgsz1600_b1_2024-01-18.pt.jpg
doi.org10.15468dl.6nxkw6.csv,Animalia,Arthropoda,Insecta,Lepidoptera,,,,,797,,Lepidoptera,Lepidoptera,Cerro_Hoya_Expedition_Hoya_505m_prizeCrab_2025-01-26,prizeCrab_2025_01_26__23_18_06_HDR0_0_Mothbot_yolo11m_4500_imgsz1600_b1_2024-01-18.pt.jpg,HS,Mothbot_yolo11m_4500_imgsz1600_b1_2024-01-18.pt,0.8484544157981873,,prizeCrab,Cerro_Hoya_Expedition/Hoya_505m_prizeCrab_2025-01-26/2025-01-26/patches/prizeCrab_2025_01_26__23_18_06_HDR0_0_Mothbot_yolo11m_4500_imgsz1600_b1_2024-01-18.pt.jpg,ORDER_Lepidoptera,2025-01-26,23:18:06,,2025_01_26__23_18_06,MachineObservation,Cerro_Hoya_Expedition_Hoya_505m_prizeCrab_2025-01-26_2025-01-26,Cerro_Hoya_Expedition_Hoya_505m_prizeCrab_2025-01-26,prizeCrab_2025_01_26__23_18_06_HDR0.jpg,prizeCrab_2025_01_26__23_18_06_HDR0_0_Mothbot_yolo11m_4500_imgsz1600_b1_2024-01-18.pt.jpg
doi.org10.15468dl.6nxkw6.csv,Animalia,Arthropoda,Insecta,Lepidoptera,,,,,797,,Lepidoptera,Lepidoptera,Cerro_Hoya_Expedition_Hoya_505m_prizeCrab_2025-01-26,prizeCrab_2025_01_26__23_18_06_HDR0_1_Mothbot_yolo11m_4500_imgsz1600_b1_2024-01-18.pt.jpg,HS,Mothbot_yolo11m_4500_imgsz1600_b1_2024-01-18.pt,0.8379043340682983,,prizeCrab,Cerro_Hoya_Expedition/Hoya_505m_prizeCrab_2025-01-26/2025-01-26/patches/prizeCrab_2025_01_26__23_18_06_HDR0_1_Mothbot_yolo11m_4500_imgsz1600_b1_2024-01-18.pt.jpg,ORDER_Lepidoptera,2025-01-26,23:18:06,,2025_01_26__23_18_06,MachineObservation,Cerro_Hoya_Expedition_Hoya_505m_prizeCrab_2025-01-26_2025-01-26,Cerro_Hoya_Expedition_Hoya_505m_prizeCrab_2025-01-26,prizeCrab_2025_01_26__23_18_06_HDR0.jpg,prizeCrab_2025_01_26__23_18_06_HDR0_1_Mothbot_yolo11m_4500_imgsz1600_b1_2024-01-18.pt.jpg
doi.org10.15468dl.6nxkw6.csv,Animalia,Arthropoda,Insecta,Hemiptera,Cicadellidae,,,,9647,,Cicadellidae,Cicadellidae,Cerro_Hoya_Expedition_Hoya_505m_prizeCrab_2025-01-26,prizeCrab_2025_01_26__23_18_06_HDR0_2_Mothbot_yolo11m_4500_imgsz1600_b1_2024-01-18.pt.jpg,HS,Mothbot_yolo11m_4500_imgsz1600_b1_2024-01-18.pt,0.740965723991394,,prizeCrab,Cerro_Hoya_Expedition/Hoya_505m_prizeCrab_2025-01-26/2025-01-26/patches/prizeCrab_2025_01_26__23_18_06_HDR0_2_Mothbot_yolo11m_4500_imgsz1600_b1_2024-01-18.pt.jpg,ORDER_Diptera,2025-01-26,23:18:06,,2025_01_26__23_18_06,MachineObservation,Cerro_Hoya_Expedition_Hoya_505m_prizeCrab_2025-01-26_2025-01-26,Cerro_Hoya_Expedition_Hoya_505m_prizeCrab_2025-01-26,prizeCrab_2025_01_26__23_18_06_HDR0.jpg,prizeCrab_2025_01_26__23_18_06_HDR0_2_Mothbot_yolo11m_4500_imgsz1600_b1_2024-01-18.pt.jpg
doi.org10.15468dl.6nxkw6.csv,Animalia,Arthropoda,Insecta,Lepidoptera,,,,,797,,Lepidoptera,Lepidoptera,Cerro_Hoya_Expedition_Hoya_505m_prizeCrab_2025-01-26,prizeCrab_2025_01_26__23_18_06_HDR0_3_Mothbot_yolo11m_4500_imgsz1600_b1_2024-01-18.pt.jpg,HS,Mothbot_yolo11m_4500_imgsz1600_b1_2024-01-18.pt,0.736733078956604,,prizeCrab,Cerro_Hoya_Expedition/Hoya_505m_prizeCrab_2025-01-26/2025-01-26/patches/prizeCrab_2025_01_26__23_18_06_HDR0_3_Mothbot_yolo11m_4500_imgsz1600_b1_2024-01-18.pt.jpg,ORDER_Lepidoptera,2025-01-26,23:18:06,,2025_01_26__23_18_06,MachineObservation,Cerro_Hoya_Expedition_Hoya_505m_prizeCrab_2025-01-26_2025-01-26,Cerro_Hoya_Expedition_Hoya_505m_prizeCrab_2025-01-26,prizeCrab_2025_01_26__23_18_06_HDR0.jpg,prizeCrab_2025_01_26__23_18_06_HDR0_3_Mothbot_yolo11m_4500_imgsz1600_b1_2024-01-18.pt.jpg
doi.org10.15468dl.6nxkw6.csv,Animalia,Arthropoda,Insecta,Hemiptera,Delphacidae,,,,8498,,Delphacidae,Delphacidae,Cerro_Hoya_Expedition_Hoya_505m_prizeCrab_2025-01-26,prizeCrab_2025_01_26__23_18_06_HDR0_4_Mothbot_yolo11m_4500_imgsz1600_b1_2024-01-18.pt.jpg,HS,Mothbot_yolo11m_4500_imgsz1600_b1_2024-01-18.pt,0.619054913520813,,prizeCrab,Cerro_Hoya_Expedition/Hoya_505m_prizeCrab_2025-01-26/2025-01-26/patches/prizeCrab_2025_01_26__23_18_06_HDR0_4_Mothbot_yolo11m_4500_imgsz1600_b1_2024-01-18.pt.jpg,ORDER_Hemiptera,2025-01-26,23:18:06,,2025_01_26__23_18_06,MachineObservation,Cerro_Hoya_Expedition_Hoya_505m_prizeCrab_2025-01-26_2025-01-26,Cerro_Hoya_Expedition_Hoya_505m_prizeCrab_2025-01-26,prizeCrab_2025_01_26__23_18_06_HDR0.jpg,prizeCrab_2025_01_26__23_18_06_HDR0_4_Mothbot_yolo11m_4500_imgsz1600_b1_2024-01-18.pt.jpg
doi.org10.15468dl.6nxkw6.csv,Animalia,Arthropoda,Insecta,Diptera,,,,,811,,Diptera,Diptera,Cerro_Hoya_Expedition_Hoya_505m_prizeCrab_2025-01-26,prizeCrab_2025_01_26__23_18_06_HDR0_5_Mothbot_yolo11m_4500_imgsz1600_b1_2024-01-18.pt.jpg,HS,Mothbot_yolo11m_4500_imgsz1600_b1_2024-01-18.pt,0.5490255951881409,,prizeCrab,Cerro_Hoya_Expedition/Hoya_505m_prizeCrab_2025-01-26/2025-01-26/patches/prizeCrab_2025_01_26__23_18_06_HDR0_5_Mothbot_yolo11m_4500_imgsz1600_b1_2024-01-18.pt.jpg,ERROR_floor,2025-01-26,23:18:06,,2025_01_26__23_18_06,MachineObservation,Cerro_Hoya_Expedition_Hoya_505m_prizeCrab_2025-01-26_2025-01-26,Cerro_Hoya_Expedition_Hoya_505m_prizeCrab_2025-01-26,prizeCrab_2025_01_26__23_18_06_HDR0.jpg,prizeCrab_2025_01_26__23_18_06_HDR0_5_Mothbot_yolo11m_4500_imgsz1600_b1_2024-01-18.pt.jpg
doi.org10.15468dl.6nxkw6.csv,Animalia,Arthropoda,Insecta,Lepidoptera,,,,,797,,Lepidoptera,Lepidoptera,Cerro_Hoya_Expedition_Hoya_505m_prizeCrab_2025-01-26,prizeCrab_2025_01_26__23_19_06_HDR0_0_Mothbot_yolo11m_4500_imgsz1600_b1_2024-01-18.pt.jpg,HS,Mothbot_yolo11m_4500_imgsz1600_b1_2024-01-18.pt,0.8353639841079712,,prizeCrab,Cerro_Hoya_Expedition/Hoya_505m_prizeCrab_2025-01-26/2025-01-26/patches/prizeCrab_2025_01_26__23_19_06_HDR0_0_Mothbot_yolo11m_4500_imgsz1600_b1_2024-01-18.pt.jpg,ORDER_Lepidoptera,2025-01-26,23:19:06,,2025_01_26__23_19_06,MachineObservation,Cerro_Hoya_Expedition_Hoya_505m_prizeCrab_2025-01-26_2025-01-26,Cerro_Hoya_Expedition_Hoya_505m_prizeCrab_2025-01-26,prizeCrab_2025_01_26__23_19_06_HDR0.jpg,prizeCrab_2025_01_26__23_19_06_HDR0_0_Mothbot_yolo11m_4500_imgsz1600_b1_2024-01-18.pt.jpg
doi.org10.15468dl.6nxkw6.csv,Animalia,Arthropoda,Insecta,Hemiptera,Cicadellidae,,,,9647,,Cicadellidae,Cicadellidae,Cerro_Hoya_Expedition_Hoya_505m_prizeCrab_2025-01-26,prizeCrab_2025_01_26__23_19_06_HDR0_1_Mothbot_yolo11m_4500_imgsz1600_b1_2024-01-18.pt.jpg,HS,Mothbot_yolo11m_4500_imgsz1600_b1_2024-01-18.pt,0.732668399810791,,prizeCrab,Cerro_Hoya_Expedition/Hoya_505m_prizeCrab_2025-01-26/2025-01-26/patches/prizeCrab_2025_01_26__23_19_06_HDR0_1_Mothbot_yolo11m_4500_imgsz1600_b1_2024-01-18.pt.jpg,ORDER_Diptera,2025-01-26,23:19:06,,2025_01_26__23_19_06,MachineObservation,Cerro_Hoya_Expedition_Hoya_505m_prizeCrab_2025-01-26_2025-01-26,Cerro_Hoya_Expedition_Hoya_505m_prizeCrab_2025-01-26,prizeCrab_2025_01_26__23_19_06_HDR0.jpg,prizeCrab_2025_01_26__23_19_06_HDR0_1_Mothbot_yolo11m_4500_imgsz1600_b1_2024-01-18.pt.jpg
doi.org10.15468dl.6nxkw6.csv,Animalia,Arthropoda,Insecta,Diptera,,,,,811,,Diptera,Diptera,Cerro_Hoya_Expedition_Hoya_505m_prizeCrab_2025-01-26,prizeCrab_2025_01_26__23_19_06_HDR0_2_Mothbot_yolo11m_4500_imgsz1600_b1_2024-01-18.pt.jpg,HS,Mothbot_yolo11m_4500_imgsz1600_b1_2024-01-18.pt,0.5595998167991638,,prizeCrab,Cerro_Hoya_Expedition/Hoya_505m_prizeCrab_2025-01-26/2025-01-26/patches/prizeCrab_2025_01_26__23_19_06_HDR0_2_Mothbot_yolo11m_4500_imgsz1600_b1_2024-01-18.pt.jpg,ORDER_Diptera,2025-01-26,23:19:06,,2025_01_26__23_19_06,MachineObservation,Cerro_Hoya_Expedition_Hoya_505m_prizeCrab_2025-01-26_2025-01-26,Cerro_Hoya_Expedition_Hoya_505m_prizeCrab_2025-01-26,prizeCrab_2025_01_26__23_19_06_HDR0.jpg,prizeCrab_2025_01_26__23_19_06_HDR0_2_Mothbot_yolo11m_4500_imgsz1600_b1_2024-01-18.pt.jpg
doi.org10.15468dl.6nxkw6.csv,Animalia,Arthropoda,Insecta,Lepidoptera,,,,,797,,Lepidoptera,Lepidoptera,Cerro_Hoya_Expedition_Hoya_505m_prizeCrab_2025-01-26,prizeCrab_2025_01_26__23_19_06_HDR0_3_Mothbot_yolo11m_4500_imgsz1600_b1_2024-01-18.pt.jpg,HS,Mothbot_yolo11m_4500_imgsz1600_b1_2024-01-18.pt,0.5461105704307556,,prizeCrab,Cerro_Hoya_Expedition/Hoya_505m_prizeCrab_2025-01-26/2025-01-26/patches/prizeCrab_2025_01_26__23_19_06_HDR0_3_Mothbot_yolo11m_4500_imgsz1600_b1_2024-01-18.pt.jpg,ORDER_Lepidoptera,2025-01-26,23:19:06,,2025_01_26__23_19_06,MachineObservation,Cerro_Hoya_Expedition_Hoya_505m_prizeCrab_2025-01-26_2025-01-26,Cerro_Hoya_Expedition_Hoya_505m_prizeCrab_2025-01-26,prizeCrab_2025_01_26__23_19_06_HDR0.jpg,prizeCrab_2025_01_26__23_19_06_HDR0_3_Mothbot_yolo11m_4500_imgsz1600_b1_2024-01-18.pt.jpg
doi.org10.15468dl.6nxkw6.csv,Animalia,Arthropoda,Insecta,Hemiptera,Delphacidae,,,,8498,,Delphacidae,Delphacidae,Cerro_Hoya_Expedition_Hoya_505m_prizeCrab_2025-01-26,prizeCrab_2025_01_26__23_19_06_HDR0_4_Mothbot_yolo11m_4500_imgsz1600_b1_2024-01-18.pt.jpg,HS,Mothbot_yolo11m_4500_imgsz1600_b1_2024-01-18.pt,0.5045157670974731,,prizeCrab,Cerro_Hoya_Expedition/Hoya_505m_prizeCrab_2025-01-26/2025-01-26/patches/prizeCrab_2025_01_26__23_19_06_HDR0_4_Mothbot_yolo11m_4500_imgsz1600_b1_2024-01-18.pt.jpg,ORDER_Hemiptera,2025-01-26,23:19:06,,2025_01_26__23_19_06,MachineObservation,Cerro_Hoya_Expedition_Hoya_505m_prizeCrab_2025-01-26_2025-01-26,Cerro_Hoya_Expedition_Hoya_505m_prizeCrab_2025-01-26,prizeCrab_2025_01_26__23_19_06_HDR0.jpg,prizeCrab_2025_01_26__23_19_06_HDR0_4_Mothbot_yolo11m_4500_imgsz1600_b1_2024-01-18.pt.jpg
doi.org10.15468dl.6nxkw6.csv,Animalia,Arthropoda,Insecta,Diptera,,,,,811,,Diptera,Diptera,Cerro_Hoya_Expedition_Hoya_505m_prizeCrab_2025-01-26,prizeCrab_2025_01_26__23_19_06_HDR0_5_Mothbot_yolo11m_4500_imgsz1600_b1_2024-01-18.pt.jpg,HS,Mothbot_yolo11m_4500_imgsz1600_b1_2024-01-18.pt,0.3154832124710083,,prizeCrab,Cerro_Hoya_Expedition/Hoya_505m_prizeCrab_2025-01-26/2025-01-26/patches/prizeCrab_2025_01_26__23_19_06_HDR0_5_Mothbot_yolo11m_4500_imgsz1600_b1_2024-01-18.pt.jpg,ORDER_Hymenoptera,2025-01-26,23:19:06,,2025_01_26__23_19_06,MachineObservation,Cerro_Hoya_Expedition_Hoya_505m_prizeCrab_2025-01-26_2025-01-26,Cerro_Hoya_Expedition_Hoya_505m_prizeCrab_2025-01-26,prizeCrab_2025_01_26__23_19_06_HDR0.jpg,prizeCrab_2025_01_26__23_19_06_HDR0_5_Mothbot_yolo11m_4500_imgsz1600_b1_2024-01-18.pt.jpg
doi.org10.15468dl.6nxkw6.csv,Animalia,Arthropoda,Insecta,Lepidoptera,,,,,797,,Lepidoptera,Lepidoptera,Cerro_Hoya_Expedition_Hoya_505m_prizeCrab_2025-01-26,prizeCrab_2025_01_26__23_20_06_HDR0_0_Mothbot_yolo11m_4500_imgsz1600_b1_2024-01-18.pt.jpg,HS,Mothbot_yolo11m_4500_imgsz1600_b1_2024-01-18.pt,0.8315373063087463,,prizeCrab,Cerro_Hoya_Expedition/Hoya_505m_prizeCrab_2025-01-26/2025-01-26/patches/prizeCrab_2025_01_26__23_20_06_HDR0_0_Mothbot_yolo11m_4500_imgsz1600_b1_2024-01-18.pt.jpg,ORDER_Lepidoptera,2025-01-26,23:20:06,,2025_01_26__23_20_06,MachineObservation,Cerro_Hoya_Expedition_Hoya_505m_prizeCrab_2025-01-26_2025-01-26,Cerro_Hoya_Expedition_Hoya_505m_prizeCrab_2025-01-26,prizeCrab_2025_01_26__23_20_06_HDR0.jpg,prizeCrab_2025_01_26__23_20_06_HDR0_0_Mothbot_yolo11m_4500_imgsz1600_b1_2024-01-18.pt.jpg
doi.org10.15468dl.6nxkw6.csv,Animalia,Arthropoda,Insecta,Hemiptera,Cicadellidae,,,,9647,,Cicadellidae,Cicadellidae,Cerro_Hoya_Expedition_Hoya_505m_prizeCrab_2025-01-26,prizeCrab_2025_01_26__23_20_06_HDR0_1_Mothbot_yolo11m_4500_imgsz1600_b1_2024-01-18.pt.jpg,HS,Mothbot_yolo11m_4500_imgsz1600_b1_2024-01-18.pt,0.7348408102989197,,prizeCrab,Cerro_Hoya_Expedition/Hoya_505m_prizeCrab_2025-01-26/2025-01-26/patches/prizeCrab_2025_01_26__23_20_06_HDR0_1_Mothbot_yolo11m_4500_imgsz1600_b1_2024-01-18.pt.jpg,ORDER_Diptera,2025-01-26,23:20:06,,2025_01_26__23_20_06,MachineObservation,Cerro_Hoya_Expedition_Hoya_505m_prizeCrab_2025-01-26_2025-01-26,Cerro_Hoya_Expedition_Hoya_505m_prizeCrab_2025-01-26,prizeCrab_2025_01_26__23_20_06_HDR0.jpg,prizeCrab_2025_01_26__23_20_06_HDR0_1_Mothbot_yolo11m_4500_imgsz1600_b1_2024-01-18.pt.jpg
doi.org10.15468dl.6nxkw6.csv,Animalia,Arthropoda,Insecta,Lepidoptera,,,,,797,,Lepidoptera,Lepidoptera,Cerro_Hoya_Expedition_Hoya_505m_prizeCrab_2025-01-26,prizeCrab_2025_01_26__23_20_06_HDR0_2_Mothbot_yolo11m_4500_imgsz1600_b1_2024-01-18.pt.jpg,HS,Mothbot_yolo11m_4500_imgsz1600_b1_2024-01-18.pt,0.5333791971206665,,prizeCrab,Cerro_Hoya_Expedition/Hoya_505m_prizeCrab_2025-01-26/2025-01-26/patches/prizeCrab_2025_01_26__23_20_06_HDR0_2_Mothbot_yolo11m_4500_imgsz1600_b1_2024-01-18.pt.jpg,ORDER_Lepidoptera,2025-01-26,23:20:06,,2025_01_26__23_20_06,MachineObservation,Cerro_Hoya_Expedition_Hoya_505m_prizeCrab_2025-01-26_2025-01-26,Cerro_Hoya_Expedition_Hoya_505m_prizeCrab_2025-01-26,prizeCrab_2025_01_26__23_20_06_HDR0.jpg,prizeCrab_2025_01_26__23_20_06_HDR0_2_Mothbot_yolo11m_4500_imgsz1600_b1_2024-01-18.pt.jpg
doi.org10.15468dl.6nxkw6.csv,Animalia,Arthropoda,Insecta,Diptera,,,,,811,,Diptera,Diptera,Cerro_Hoya_Expedition_Hoya_505m_prizeCrab_2025-01-26,prizeCrab_2025_01_26__23_20_06_HDR0_3_Mothbot_yolo11m_4500_imgsz1600_b1_2024-01-18.pt.jpg,HS,Mothbot_yolo11m_4500_imgsz1600_b1_2024-01-18.pt,0.5148354172706604,,prizeCrab,Cerro_Hoya_Expedition/Hoya_505m_prizeCrab_2025-01-26/2025-01-26/patches/prizeCrab_2025_01_26__23_20_06_HDR0_3_Mothbot_yolo11m_4500_imgsz1600_b1_2024-01-18.pt.jpg,ORDER_Diptera,2025-01-26,23:20:06,,2025_01_26__23_20_06,MachineObservation,Cerro_Hoya_Expedition_Hoya_505m_prizeCrab_2025-01-26_2025-01-26,Cerro_Hoya_Expedition_Hoya_505m_prizeCrab_2025-01-26,prizeCrab_2025_01_26__23_20_06_HDR0.jpg,prizeCrab_2025_01_26__23_20_06_HDR0_3_Mothbot_yolo11m_4500_imgsz1600_b1_2024-01-18.pt.jpg
doi.org10.15468dl.6nxkw6.csv,Animalia,Arthropoda,Insecta,Lepidoptera,,,,,797,,Lepidoptera,Lepidoptera,Cerro_Hoya_Expedition_Hoya_505m_prizeCrab_2025-01-26,prizeCrab_2025_01_26__23_21_06_HDR0_0_Mothbot_yolo11m_4500_imgsz1600_b1_2024-01-18.pt.jpg,HS,Mothbot_yolo11m_4500_imgsz1600_b1_2024-01-18.pt,0.8250563144683838,,prizeCrab,Cerro_Hoya_Expedition/Hoya_505m_prizeCrab_2025-01-26/2025-01-26/patches/prizeCrab_2025_01_26__23_21_06_HDR0_0_Mothbot_yolo11m_4500_imgsz1600_b1_2024-01-18.pt.jpg,ORDER_Lepidoptera,2025-01-26,23:21:06,,2025_01_26__23_21_06,MachineObservation,Cerro_Hoya_Expedition_Hoya_505m_prizeCrab_2025-01-26_2025-01-26,Cerro_Hoya_Expedition_Hoya_505m_prizeCrab_2025-01-26,prizeCrab_2025_01_26__23_21_06_HDR0.jpg,prizeCrab_2025_01_26__23_21_06_HDR0_0_Mothbot_yolo11m_4500_imgsz1600_b1_2024-01-18.pt.jpg
doi.org10.15468dl.6nxkw6.csv,Animalia,Arthropoda,Insecta,Hemiptera,Cicadellidae,,,,9647,,Cicadellidae,Cicadellidae,Cerro_Hoya_Expedition_Hoya_505m_prizeCrab_2025-01-26,prizeCrab_2025_01_26__23_21_06_HDR0_1_Mothbot_yolo11m_4500_imgsz1600_b1_2024-01-18.pt.jpg,HS,Mothbot_yolo11m_4500_imgsz1600_b1_2024-01-18.pt,0.7360981702804565,,prizeCrab,Cerro_Hoya_Expedition/Hoya_505m_prizeCrab_2025-01-26/2025-01-26/patches/prizeCrab_2025_01_26__23_21_06_HDR0_1_Mothbot_yolo11m_4500_imgsz1600_b1_2024-01-18.pt.jpg,ORDER_Diptera,2025-01-26,23:21:06,,2025_01_26__23_21_06,MachineObservation,Cerro_Hoya_Expedition_Hoya_505m_prizeCrab_2025-01-26_2025-01-26,Cerro_Hoya_Expedition_Hoya_505m_prizeCrab_2025-01-26,prizeCrab_2025_01_26__23_21_06_HDR0.jpg,prizeCrab_2025_01_26__23_21_06_HDR0_1_Mothbot_yolo11m_4500_imgsz1600_b1_2024-01-18.pt.jpg
doi.org10.15468dl.6nxkw6.csv,Animalia,Arthropoda,Insecta,Hemiptera,,,,,809,,Hemiptera,Hemiptera,Cerro_Hoya_Expedition_Hoya_505m_prizeCrab_2025-01-26,prizeCrab_2025_01_26__23_21_06_HDR0_2_Mothbot_yolo11m_4500_imgsz1600_b1_2024-01-18.pt.jpg,HS,Mothbot_yolo11m_4500_imgsz1600_b1_2024-01-18.pt,0.6145250201225281,,prizeCrab,Cerro_Hoya_Expedition/Hoya_505m_prizeCrab_2025-01-26/2025-01-26/patches/prizeCrab_2025_01_26__23_21_06_HDR0_2_Mothbot_yolo11m_4500_imgsz1600_b1_2024-01-18.pt.jpg,ORDER_Hemiptera,2025-01-26,23:21:06,,2025_01_26__23_21_06,MachineObservation,Cerro_Hoya_Expedition_Hoya_505m_prizeCrab_2025-01-26_2025-01-26,Cerro_Hoya_Expedition_Hoya_505m_prizeCrab_2025-01-26,prizeCrab_2025_01_26__23_21_06_HDR0.jpg,prizeCrab_2025_01_26__23_21_06_HDR0_2_Mothbot_yolo11m_4500_imgsz1600_b1_2024-01-18.pt.jpg
doi.org10.15468dl.6nxkw6.csv,Animalia,Arthropoda,Insecta,Lepidoptera,,,,,797,,Lepidoptera,Lepidoptera,Cerro_Hoya_Expedition_Hoya_505m_prizeCrab_2025-01-26,prizeCrab_2025_01_26__23_21_06_HDR0_3_Mothbot_yolo11m_4500_imgsz1600_b1_2024-01-18.pt.jpg,HS,Mothbot_yolo11m_4500_imgsz1600_b1_2024-01-18.pt,0.48175737261772156,,prizeCrab,Cerro_Hoya_Expedition/Hoya_505m_prizeCrab_2025-01-26/2025-01-26/patches/prizeCrab_2025_01_26__23_21_06_HDR0_3_Mothbot_yolo11m_4500_imgsz1600_b1_2024-01-18.pt.jpg,ORDER_Lepidoptera,2025-01-26,23:21:06,,2025_01_26__23_21_06,MachineObservation,Cerro_Hoya_Expedition_Hoya_505m_prizeCrab_2025-01-26_2025-01-26,Cerro_Hoya_Expedition_Hoya_505m_prizeCrab_2025-01-26,prizeCrab_2025_01_26__23_21_06_HDR0.jpg,prizeCrab_2025_01_26__23_21_06_HDR0_3_Mothbot_yolo11m_4500_imgsz1600_b1_2024-01-18.pt.jpg
doi.org10.15468dl.6nxkw6.csv,Animalia,Arthropoda,Insecta,Diptera,,,,,811,,Diptera,Diptera,Cerro_Hoya_Expedition_Hoya_505m_prizeCrab_2025-01-26,prizeCrab_2025_01_26__23_21_06_HDR0_4_Mothbot_yolo11m_4500_imgsz1600_b1_2024-01-18.pt.jpg,HS,Mothbot_yolo11m_4500_imgsz1600_b1_2024-01-18.pt,0.46551746129989624,,prizeCrab,Cerro_Hoya_Expedition/Hoya_505m_prizeCrab_2025-01-26/2025-01-26/patches/prizeCrab_2025_01_26__23_21_06_HDR0_4_Mothbot_yolo11m_4500_imgsz1600_b1_2024-01-18.pt.jpg,ERROR_floor,2025-01-26,23:21:06,,2025_01_26__23_21_06,MachineObservation,Cerro_Hoya_Expedition_Hoya_505m_prizeCrab_2025-01-26_2025-01-26,Cerro_Hoya_Expedition_Hoya_505m_prizeCrab_2025-01-26,prizeCrab_2025_01_26__23_21_06_HDR0.jpg,prizeCrab_2025_01_26__23_21_06_HDR0_4_Mothbot_yolo11m_4500_imgsz1600_b1_2024-01-18.pt.jpg
doi.org10.15468dl.6nxkw6.csv,Animalia,Arthropoda,Insecta,Lepidoptera,,,,,797,,Lepidoptera,Lepidoptera,Cerro_Hoya_Expedition_Hoya_505m_prizeCrab_2025-01-26,prizeCrab_2025_01_26__23_22_06_HDR0_0_Mothbot_yolo11m_4500_imgsz1600_b1_2024-01-18.pt.jpg,HS,Mothbot_yolo11m_4500_imgsz1600_b1_2024-01-18.pt,0.8275322318077087,,prizeCrab,Cerro_Hoya_Expedition/Hoya_505m_prizeCrab_2025-01-26/2025-01-26/patches/prizeCrab_2025_01_26__23_22_06_HDR0_0_Mothbot_yolo11m_4500_imgsz1600_b1_2024-01-18.pt.jpg,ORDER_Lepidoptera,2025-01-26,23:22:06,,2025_01_26__23_22_06,MachineObservation,Cerro_Hoya_Expedition_Hoya_505m_prizeCrab_2025-01-26_2025-01-26,Cerro_Hoya_Expedition_Hoya_505m_prizeCrab_2025-01-26,prizeCrab_2025_01_26__23_22_06_HDR0.jpg,prizeCrab_2025_01_26__23_22_06_HDR0_0_Mothbot_yolo11m_4500_imgsz1600_b1_2024-01-18.pt.jpg
doi.org10.15468dl.6nxkw6.csv,Animalia,Arthropoda,Insecta,Hemiptera,Cicadellidae,,,,9647,,Cicadellidae,Cicadellidae,Cerro_Hoya_Expedition_Hoya_505m_prizeCrab_2025-01-26,prizeCrab_2025_01_26__23_22_06_HDR0_1_Mothbot_yolo11m_4500_imgsz1600_b1_2024-01-18.pt.jpg,HS,Mothbot_yolo11m_4500_imgsz1600_b1_2024-01-18.pt,0.7512425780296326,,prizeCrab,Cerro_Hoya_Expedition/Hoya_505m_prizeCrab_2025-01-26/2025-01-26/patches/prizeCrab_2025_01_26__23_22_06_HDR0_1_Mothbot_yolo11m_4500_imgsz1600_b1_2024-01-18.pt.jpg,ORDER_Diptera,2025-01-26,23:22:06,,2025_01_26__23_22_06,MachineObservation,Cerro_Hoya_Expedition_Hoya_505m_prizeCrab_2025-01-26_2025-01-26,Cerro_Hoya_Expedition_Hoya_505m_prizeCrab_2025-01-26,prizeCrab_2025_01_26__23_22_06_HDR0.jpg,prizeCrab_2025_01_26__23_22_06_HDR0_1_Mothbot_yolo11m_4500_imgsz1600_b1_2024-01-18.pt.jpg
doi.org10.15468dl.6nxkw6.csv,Animalia,Arthropoda,Insecta,Diptera,,,,,811,,Diptera,Diptera,Cerro_Hoya_Expedition_Hoya_505m_prizeCrab_2025-01-26,prizeCrab_2025_01_26__23_22_06_HDR0_2_Mothbot_yolo11m_4500_imgsz1600_b1_2024-01-18.pt.jpg,HS,Mothbot_yolo11m_4500_imgsz1600_b1_2024-01-18.pt,0.5630842447280884,,prizeCrab,Cerro_Hoya_Expedition/Hoya_505m_prizeCrab_2025-01-26/2025-01-26/patches/prizeCrab_2025_01_26__23_22_06_HDR0_2_Mothbot_yolo11m_4500_imgsz1600_b1_2024-01-18.pt.jpg,ERROR_floor,2025-01-26,23:22:06,,2025_01_26__23_22_06,MachineObservation,Cerro_Hoya_Expedition_Hoya_505m_prizeCrab_2025-01-26_2025-01-26,Cerro_Hoya_Expedition_Hoya_505m_prizeCrab_2025-01-26,prizeCrab_2025_01_26__23_22_06_HDR0.jpg,prizeCrab_2025_01_26__23_22_06_HDR0_2_Mothbot_yolo11m_4500_imgsz1600_b1_2024-01-18.pt.jpg
doi.org10.15468dl.6nxkw6.csv,Animalia,Arthropoda,Insecta,Lepidoptera,,,,,797,,Lepidoptera,Lepidoptera,Cerro_Hoya_Expedition_Hoya_505m_prizeCrab_2025-01-26,prizeCrab_2025_01_26__23_22_06_HDR0_3_Mothbot_yolo11m_4500_imgsz1600_b1_2024-01-18.pt.jpg,HS,Mothbot_yolo11m_4500_imgsz1600_b1_2024-01-18.pt,0.5593560338020325,,prizeCrab,Cerro_Hoya_Expedition/Hoya_505m_prizeCrab_2025-01-26/2025-01-26/patches/prizeCrab_2025_01_26__23_22_06_HDR0_3_Mothbot_yolo11m_4500_imgsz1600_b1_2024-01-18.pt.jpg,ORDER_Lepidoptera,2025-01-26,23:22:06,,2025_01_26__23_22_06,MachineObservation,Cerro_Hoya_Expedition_Hoya_505m_prizeCrab_2025-01-26_2025-01-26,Cerro_Hoya_Expedition_Hoya_505m_prizeCrab_2025-01-26,prizeCrab_2025_01_26__23_22_06_HDR0.jpg,prizeCrab_2025_01_26__23_22_06_HDR0_3_Mothbot_yolo11m_4500_imgsz1600_b1_2024-01-18.pt.jpg
doi.org10.15468dl.6nxkw6.csv,Animalia,Arthropoda,Insecta,Diptera,,,,,811,,Diptera,Diptera,Cerro_Hoya_Expedition_Hoya_505m_prizeCrab_2025-01-26,prizeCrab_2025_01_26__23_22_06_HDR0_4_Mothbot_yolo11m_4500_imgsz1600_b1_2024-01-18.pt.jpg,HS,Mothbot_yolo11m_4500_imgsz1600_b1_2024-01-18.pt,0.3236582279205322,,prizeCrab,Cerro_Hoya_Expedition/Hoya_505m_prizeCrab_2025-01-26/2025-01-26/patches/prizeCrab_2025_01_26__23_22_06_HDR0_4_Mothbot_yolo11m_4500_imgsz1600_b1_2024-01-18.pt.jpg,ORDER_Diptera,2025-01-26,23:22:06,,2025_01_26__23_22_06,MachineObservation,Cerro_Hoya_Expedition_Hoya_505m_prizeCrab_2025-01-26_2025-01-26,Cerro_Hoya_Expedition_Hoya_505m_prizeCrab_2025-01-26,prizeCrab_2025_01_26__23_22_06_HDR0.jpg,prizeCrab_2025_01_26__23_22_06_HDR0_4_Mothbot_yolo11m_4500_imgsz1600_b1_2024-01-18.pt.jpg
doi.org10.15468dl.6nxkw6.csv,Animalia,Arthropoda,Insecta,Lepidoptera,,,,,797,,Lepidoptera,Lepidoptera,Cerro_Hoya_Expedition_Hoya_505m_prizeCrab_2025-01-26,prizeCrab_2025_01_26__23_23_21_HDR0_0_Mothbot_yolo11m_4500_imgsz1600_b1_2024-01-18.pt.jpg,HS,Mothbot_yolo11m_4500_imgsz1600_b1_2024-01-18.pt,0.8164116740226746,,prizeCrab,Cerro_Hoya_Expedition/Hoya_505m_prizeCrab_2025-01-26/2025-01-26/patches/prizeCrab_2025_01_26__23_23_21_HDR0_0_Mothbot_yolo11m_4500_imgsz1600_b1_2024-01-18.pt.jpg,ORDER_Lepidoptera,2025-01-26,23:23:21,,2025_01_26__23_23_21,MachineObservation,Cerro_Hoya_Expedition_Hoya_505m_prizeCrab_2025-01-26_2025-01-26,Cerro_Hoya_Expedition_Hoya_505m_prizeCrab_2025-01-26,prizeCrab_2025_01_26__23_23_21_HDR0.jpg,prizeCrab_2025_01_26__23_23_21_HDR0_0_Mothbot_yolo11m_4500_imgsz1600_b1_2024-01-18.pt.jpg
doi.org10.15468dl.6nxkw6.csv,Animalia,Arthropoda,Insecta,Hemiptera,Cicadellidae,,,,9647,,Cicadellidae,Cicadellidae,Cerro_Hoya_Expedition_Hoya_505m_prizeCrab_2025-01-26,prizeCrab_2025_01_26__23_23_21_HDR0_1_Mothbot_yolo11m_4500_imgsz1600_b1_2024-01-18.pt.jpg,HS,Mothbot_yolo11m_4500_imgsz1600_b1_2024-01-18.pt,0.7419805526733398,,prizeCrab,Cerro_Hoya_Expedition/Hoya_505m_prizeCrab_2025-01-26/2025-01-26/patches/prizeCrab_2025_01_26__23_23_21_HDR0_1_Mothbot_yolo11m_4500_imgsz1600_b1_2024-01-18.pt.jpg,ORDER_Diptera,2025-01-26,23:23:21,,2025_01_26__23_23_21,MachineObservation,Cerro_Hoya_Expedition_Hoya_505m_prizeCrab_2025-01-26_2025-01-26,Cerro_Hoya_Expedition_Hoya_505m_prizeCrab_2025-01-26,prizeCrab_2025_01_26__23_23_21_HDR0.jpg,prizeCrab_2025_01_26__23_23_21_HDR0_1_Mothbot_yolo11m_4500_imgsz1600_b1_2024-01-18.pt.jpg
doi.org10.15468dl.6nxkw6.csv,Animalia,Arthropoda,Insecta,Hemiptera,,,,,809,,Hemiptera,Hemiptera,Cerro_Hoya_Expedition_Hoya_505m_prizeCrab_2025-01-26,prizeCrab_2025_01_26__23_23_21_HDR0_2_Mothbot_yolo11m_4500_imgsz1600_b1_2024-01-18.pt.jpg,HS,Mothbot_yolo11m_4500_imgsz1600_b1_2024-01-18.pt,0.7395175695419312,,prizeCrab,Cerro_Hoya_Expedition/Hoya_505m_prizeCrab_2025-01-26/2025-01-26/patches/prizeCrab_2025_01_26__23_23_21_HDR0_2_Mothbot_yolo11m_4500_imgsz1600_b1_2024-01-18.pt.jpg,ORDER_Diptera,2025-01-26,23:23:21,,2025_01_26__23_23_21,MachineObservation,Cerro_Hoya_Expedition_Hoya_505m_prizeCrab_2025-01-26_2025-01-26,Cerro_Hoya_Expedition_Hoya_505m_prizeCrab_2025-01-26,prizeCrab_2025_01_26__23_23_21_HDR0.jpg,prizeCrab_2025_01_26__23_23_21_HDR0_2_Mothbot_yolo11m_4500_imgsz1600_b1_2024-01-18.pt.jpg
doi.org10.15468dl.6nxkw6.csv,Animalia,Arthropoda,Insecta,,,,,,216,,Insecta,Insecta,Cerro_Hoya_Expedition_Hoya_505m_prizeCrab_2025-01-26,prizeCrab_2025_01_26__23_23_21_HDR0_3_Mothbot_yolo11m_4500_imgsz1600_b1_2024-01-18.pt.jpg,HS,Mothbot_yolo11m_4500_imgsz1600_b1_2024-01-18.pt,0.5621553659439087,,prizeCrab,Cerro_Hoya_Expedition/Hoya_505m_prizeCrab_2025-01-26/2025-01-26/patches/prizeCrab_2025_01_26__23_23_21_HDR0_3_Mothbot_yolo11m_4500_imgsz1600_b1_2024-01-18.pt.jpg,ORDER_Diptera,2025-01-26,23:23:21,,2025_01_26__23_23_21,MachineObservation,Cerro_Hoya_Expedition_Hoya_505m_prizeCrab_2025-01-26_2025-01-26,Cerro_Hoya_Expedition_Hoya_505m_prizeCrab_2025-01-26,prizeCrab_2025_01_26__23_23_21_HDR0.jpg,prizeCrab_2025_01_26__23_23_21_HDR0_3_Mothbot_yolo11m_4500_imgsz1600_b1_2024-01-18.pt.jpg
doi.org10.15468dl.6nxkw6.csv,Animalia,Arthropoda,Insecta,Diptera,,,,,811,,Diptera,Diptera,Cerro_Hoya_Expedition_Hoya_505m_prizeCrab_2025-01-26,prizeCrab_2025_01_26__23_23_21_HDR0_4_Mothbot_yolo11m_4500_imgsz1600_b1_2024-01-18.pt.jpg,HS,Mothbot_yolo11m_4500_imgsz1600_b1_2024-01-18.pt,0.5221611261367798,,prizeCrab,Cerro_Hoya_Expedition/Hoya_505m_prizeCrab_2025-01-26/2025-01-26/patches/prizeCrab_2025_01_26__23_23_21_HDR0_4_Mothbot_yolo11m_4500_imgsz1600_b1_2024-01-18.pt.jpg,ERROR_floor,2025-01-26,23:23:21,,2025_01_26__23_23_21,MachineObservation,Cerro_Hoya_Expedition_Hoya_505m_prizeCrab_2025-01-26_2025-01-26,Cerro_Hoya_Expedition_Hoya_505m_prizeCrab_2025-01-26,prizeCrab_2025_01_26__23_23_21_HDR0.jpg,prizeCrab_2025_01_26__23_23_21_HDR0_4_Mothbot_yolo11m_4500_imgsz1600_b1_2024-01-18.pt.jpg
doi.org10.15468dl.6nxkw6.csv,Animalia,Arthropoda,Insecta,Diptera,,,,,811,,Diptera,Diptera,Cerro_Hoya_Expedition_Hoya_505m_prizeCrab_2025-01-26,prizeCrab_2025_01_26__23_23_21_HDR0_5_Mothbot_yolo11m_4500_imgsz1600_b1_2024-01-18.pt.jpg,HS,Mothbot_yolo11m_4500_imgsz1600_b1_2024-01-18.pt,0.3975975513458252,,prizeCrab,Cerro_Hoya_Expedition/Hoya_505m_prizeCrab_2025-01-26/2025-01-26/patches/prizeCrab_2025_01_26__23_23_21_HDR0_5_Mothbot_yolo11m_4500_imgsz1600_b1_2024-01-18.pt.jpg,ORDER_Diptera,2025-01-26,23:23:21,,2025_01_26__23_23_21,MachineObservation,Cerro_Hoya_Expedition_Hoya_505m_prizeCrab_2025-01-26_2025-01-26,Cerro_Hoya_Expedition_Hoya_505m_prizeCrab_2025-01-26,prizeCrab_2025_01_26__23_23_21_HDR0.jpg,prizeCrab_2025_01_26__23_23_21_HDR0_5_Mothbot_yolo11m_4500_imgsz1600_b1_2024-01-18.pt.jpg
doi.org10.15468dl.6nxkw6.csv,Animalia,Arthropoda,Insecta,Diptera,,,,,811,,Diptera,Diptera,Cerro_Hoya_Expedition_Hoya_505m_prizeCrab_2025-01-26,prizeCrab_2025_01_26__23_23_21_HDR0_6_Mothbot_yolo11m_4500_imgsz1600_b1_2024-01-18.pt.jpg,HS,Mothbot_yolo11m_4500_imgsz1600_b1_2024-01-18.pt,0.3459954261779785,,prizeCrab,Cerro_Hoya_Expedition/Hoya_505m_prizeCrab_2025-01-26/2025-01-26/patches/prizeCrab_2025_01_26__23_23_21_HDR0_6_Mothbot_yolo11m_4500_imgsz1600_b1_2024-01-18.pt.jpg,ERROR_floor,2025-01-26,23:23:21,,2025_01_26__23_23_21,MachineObservation,Cerro_Hoya_Expedition_Hoya_505m_prizeCrab_2025-01-26_2025-01-26,Cerro_Hoya_Expedition_Hoya_505m_prizeCrab_2025-01-26,prizeCrab_2025_01_26__23_23_21_HDR0.jpg,prizeCrab_2025_01_26__23_23_21_HDR0_6_Mothbot_yolo11m_4500_imgsz1600_b1_2024-01-18.pt.jpg
doi.org10.15468dl.6nxkw6.csv,Animalia,Arthropoda,Insecta,Lepidoptera,,,,,797,,Lepidoptera,Lepidoptera,Cerro_Hoya_Expedition_Hoya_505m_prizeCrab_2025-01-26,prizeCrab_2025_01_26__23_24_06_HDR0_0_Mothbot_yolo11m_4500_imgsz1600_b1_2024-01-18.pt.jpg,HS,Mothbot_yolo11m_4500_imgsz1600_b1_2024-01-18.pt,0.822580873966217,,prizeCrab,Cerro_Hoya_Expedition/Hoya_505m_prizeCrab_2025-01-26/2025-01-26/patches/prizeCrab_2025_01_26__23_24_06_HDR0_0_Mothbot_yolo11m_4500_imgsz1600_b1_2024-01-18.pt.jpg,ORDER_Lepidoptera,2025-01-26,23:24:06,,2025_01_26__23_24_06,MachineObservation,Cerro_Hoya_Expedition_Hoya_505m_prizeCrab_2025-01-26_2025-01-26,Cerro_Hoya_Expedition_Hoya_505m_prizeCrab_2025-01-26,prizeCrab_2025_01_26__23_24_06_HDR0.jpg,prizeCrab_2025_01_26__23_24_06_HDR0_0_Mothbot_yolo11m_4500_imgsz1600_b1_2024-01-18.pt.jpg
doi.org10.15468dl.6nxkw6.csv,Animalia,Arthropoda,Insecta,Hemiptera,Cicadellidae,,,,9647,,Cicadellidae,Cicadellidae,Cerro_Hoya_Expedition_Hoya_505m_prizeCrab_2025-01-26,prizeCrab_2025_01_26__23_24_06_HDR0_1_Mothbot_yolo11m_4500_imgsz1600_b1_2024-01-18.pt.jpg,HS,Mothbot_yolo11m_4500_imgsz1600_b1_2024-01-18.pt,0.7331293225288391,,prizeCrab,Cerro_Hoya_Expedition/Hoya_505m_prizeCrab_2025-01-26/2025-01-26/patches/prizeCrab_2025_01_26__23_24_06_HDR0_1_Mothbot_yolo11m_4500_imgsz1600_b1_2024-01-18.pt.jpg,ORDER_Diptera,2025-01-26,23:24:06,,2025_01_26__23_24_06,MachineObservation,Cerro_Hoya_Expedition_Hoya_505m_prizeCrab_2025-01-26_2025-01-26,Cerro_Hoya_Expedition_Hoya_505m_prizeCrab_2025-01-26,prizeCrab_2025_01_26__23_24_06_HDR0.jpg,prizeCrab_2025_01_26__23_24_06_HDR0_1_Mothbot_yolo11m_4500_imgsz1600_b1_2024-01-18.pt.jpg
doi.org10.15468dl.6nxkw6.csv,Animalia,Arthropoda,Insecta,Hemiptera,,,,,809,,Hemiptera,Hemiptera,Cerro_Hoya_Expedition_Hoya_505m_prizeCrab_2025-01-26,prizeCrab_2025_01_26__23_24_06_HDR0_2_Mothbot_yolo11m_4500_imgsz1600_b1_2024-01-18.pt.jpg,HS,Mothbot_yolo11m_4500_imgsz1600_b1_2024-01-18.pt,0.6650087833404541,,prizeCrab,Cerro_Hoya_Expedition/Hoya_505m_prizeCrab_2025-01-26/2025-01-26/patches/prizeCrab_2025_01_26__23_24_06_HDR0_2_Mothbot_yolo11m_4500_imgsz1600_b1_2024-01-18.pt.jpg,ORDER_Diptera,2025-01-26,23:24:06,,2025_01_26__23_24_06,MachineObservation,Cerro_Hoya_Expedition_Hoya_505m_prizeCrab_2025-01-26_2025-01-26,Cerro_Hoya_Expedition_Hoya_505m_prizeCrab_2025-01-26,prizeCrab_2025_01_26__23_24_06_HDR0.jpg,prizeCrab_2025_01_26__23_24_06_HDR0_2_Mothbot_yolo11m_4500_imgsz1600_b1_2024-01-18.pt.jpg
doi.org10.15468dl.6nxkw6.csv,Animalia,Arthropoda,Insecta,Diptera,,,,,811,,Diptera,Diptera,Cerro_Hoya_Expedition_Hoya_505m_prizeCrab_2025-01-26,prizeCrab_2025_01_26__23_24_06_HDR0_3_Mothbot_yolo11m_4500_imgsz1600_b1_2024-01-18.pt.jpg,HS,Mothbot_yolo11m_4500_imgsz1600_b1_2024-01-18.pt,0.5269026756286621,,prizeCrab,Cerro_Hoya_Expedition/Hoya_505m_prizeCrab_2025-01-26/2025-01-26/patches/prizeCrab_2025_01_26__23_24_06_HDR0_3_Mothbot_yolo11m_4500_imgsz1600_b1_2024-01-18.pt.jpg,ERROR_floor,2025-01-26,23:24:06,,2025_01_26__23_24_06,MachineObservation,Cerro_Hoya_Expedition_Hoya_505m_prizeCrab_2025-01-26_2025-01-26,Cerro_Hoya_Expedition_Hoya_505m_prizeCrab_2025-01-26,prizeCrab_2025_01_26__23_24_06_HDR0.jpg,prizeCrab_2025_01_26__23_24_06_HDR0_3_Mothbot_yolo11m_4500_imgsz1600_b1_2024-01-18.pt.jpg
doi.org10.15468dl.6nxkw6.csv,Animalia,Arthropoda,Insecta,Diptera,,,,,811,,Diptera,Diptera,Cerro_Hoya_Expedition_Hoya_505m_prizeCrab_2025-01-26,prizeCrab_2025_01_26__23_24_06_HDR0_4_Mothbot_yolo11m_4500_imgsz1600_b1_2024-01-18.pt.jpg,HS,Mothbot_yolo11m_4500_imgsz1600_b1_2024-01-18.pt,0.39710500836372375,,prizeCrab,Cerro_Hoya_Expedition/Hoya_505m_prizeCrab_2025-01-26/2025-01-26/patches/prizeCrab_2025_01_26__23_24_06_HDR0_4_Mothbot_yolo11m_4500_imgsz1600_b1_2024-01-18.pt.jpg,ORDER_Diptera,2025-01-26,23:24:06,,2025_01_26__23_24_06,MachineObservation,Cerro_Hoya_Expedition_Hoya_505m_prizeCrab_2025-01-26_2025-01-26,Cerro_Hoya_Expedition_Hoya_505m_prizeCrab_2025-01-26,prizeCrab_2025_01_26__23_24_06_HDR0.jpg,prizeCrab_2025_01_26__23_24_06_HDR0_4_Mothbot_yolo11m_4500_imgsz1600_b1_2024-01-18.pt.jpg
doi.org10.15468dl.6nxkw6.csv,Animalia,Arthropoda,Insecta,Lepidoptera,,,,,797,,Lepidoptera,Lepidoptera,Cerro_Hoya_Expedition_Hoya_505m_prizeCrab_2025-01-26,prizeCrab_2025_01_26__23_25_06_HDR0_0_Mothbot_yolo11m_4500_imgsz1600_b1_2024-01-18.pt.jpg,HS,Mothbot_yolo11m_4500_imgsz1600_b1_2024-01-18.pt,0.8139122724533081,,prizeCrab,Cerro_Hoya_Expedition/Hoya_505m_prizeCrab_2025-01-26/2025-01-26/patches/prizeCrab_2025_01_26__23_25_06_HDR0_0_Mothbot_yolo11m_4500_imgsz1600_b1_2024-01-18.pt.jpg,ORDER_Lepidoptera,2025-01-26,23:25:06,,2025_01_26__23_25_06,MachineObservation,Cerro_Hoya_Expedition_Hoya_505m_prizeCrab_2025-01-26_2025-01-26,Cerro_Hoya_Expedition_Hoya_505m_prizeCrab_2025-01-26,prizeCrab_2025_01_26__23_25_06_HDR0.jpg,prizeCrab_2025_01_26__23_25_06_HDR0_0_Mothbot_yolo11m_4500_imgsz1600_b1_2024-01-18.pt.jpg
doi.org10.15468dl.6nxkw6.csv,Animalia,Arthropoda,Insecta,Hemiptera,Cicadellidae,,,,9647,,Cicadellidae,Cicadellidae,Cerro_Hoya_Expedition_Hoya_505m_prizeCrab_2025-01-26,prizeCrab_2025_01_26__23_25_06_HDR0_1_Mothbot_yolo11m_4500_imgsz1600_b1_2024-01-18.pt.jpg,HS,Mothbot_yolo11m_4500_imgsz1600_b1_2024-01-18.pt,0.737237811088562,,prizeCrab,Cerro_Hoya_Expedition/Hoya_505m_prizeCrab_2025-01-26/2025-01-26/patches/prizeCrab_2025_01_26__23_25_06_HDR0_1_Mothbot_yolo11m_4500_imgsz1600_b1_2024-01-18.pt.jpg,ORDER_Diptera,2025-01-26,23:25:06,,2025_01_26__23_25_06,MachineObservation,Cerro_Hoya_Expedition_Hoya_505m_prizeCrab_2025-01-26_2025-01-26,Cerro_Hoya_Expedition_Hoya_505m_prizeCrab_2025-01-26,prizeCrab_2025_01_26__23_25_06_HDR0.jpg,prizeCrab_2025_01_26__23_25_06_HDR0_1_Mothbot_yolo11m_4500_imgsz1600_b1_2024-01-18.pt.jpg
doi.org10.15468dl.6nxkw6.csv,Animalia,Arthropoda,Insecta,Diptera,,,,,811,,Diptera,Diptera,Cerro_Hoya_Expedition_Hoya_505m_prizeCrab_2025-01-26,prizeCrab_2025_01_26__23_25_06_HDR0_2_Mothbot_yolo11m_4500_imgsz1600_b1_2024-01-18.pt.jpg,HS,Mothbot_yolo11m_4500_imgsz1600_b1_2024-01-18.pt,0.5122467875480652,,prizeCrab,Cerro_Hoya_Expedition/Hoya_505m_prizeCrab_2025-01-26/2025-01-26/patches/prizeCrab_2025_01_26__23_25_06_HDR0_2_Mothbot_yolo11m_4500_imgsz1600_b1_2024-01-18.pt.jpg,ORDER_Diptera,2025-01-26,23:25:06,,2025_01_26__23_25_06,MachineObservation,Cerro_Hoya_Expedition_Hoya_505m_prizeCrab_2025-01-26_2025-01-26,Cerro_Hoya_Expedition_Hoya_505m_prizeCrab_2025-01-26,prizeCrab_2025_01_26__23_25_06_HDR0.jpg,prizeCrab_2025_01_26__23_25_06_HDR0_2_Mothbot_yolo11m_4500_imgsz1600_b1_2024-01-18.pt.jpg
doi.org10.15468dl.6nxkw6.csv,Animalia,Arthropoda,Insecta,Diptera,,,,,811,,Diptera,Diptera,Cerro_Hoya_Expedition_Hoya_505m_prizeCrab_2025-01-26,prizeCrab_2025_01_26__23_25_06_HDR0_3_Mothbot_yolo11m_4500_imgsz1600_b1_2024-01-18.pt.jpg,HS,Mothbot_yolo11m_4500_imgsz1600_b1_2024-01-18.pt,0.4456343650817871,,prizeCrab,Cerro_Hoya_Expedition/Hoya_505m_prizeCrab_2025-01-26/2025-01-26/patches/prizeCrab_2025_01_26__23_25_06_HDR0_3_Mothbot_yolo11m_4500_imgsz1600_b1_2024-01-18.pt.jpg,ORDER_Diptera,2025-01-26,23:25:06,,2025_01_26__23_25_06,MachineObservation,Cerro_Hoya_Expedition_Hoya_505m_prizeCrab_2025-01-26_2025-01-26,Cerro_Hoya_Expedition_Hoya_505m_prizeCrab_2025-01-26,prizeCrab_2025_01_26__23_25_06_HDR0.jpg,prizeCrab_2025_01_26__23_25_06_HDR0_3_Mothbot_yolo11m_4500_imgsz1600_b1_2024-01-18.pt.jpg
doi.org10.15468dl.6nxkw6.csv,Animalia,Arthropoda,Insecta,Lepidoptera,,,,,797,,Lepidoptera,Lepidoptera,Cerro_Hoya_Expedition_Hoya_505m_prizeCrab_2025-01-26,prizeCrab_2025_01_26__23_26_06_HDR0_0_Mothbot_yolo11m_4500_imgsz1600_b1_2024-01-18.pt.jpg,HS,Mothbot_yolo11m_4500_imgsz1600_b1_2024-01-18.pt,0.8191056251525879,,prizeCrab,Cerro_Hoya_Expedition/Hoya_505m_prizeCrab_2025-01-26/2025-01-26/patches/prizeCrab_2025_01_26__23_26_06_HDR0_0_Mothbot_yolo11m_4500_imgsz1600_b1_2024-01-18.pt.jpg,ORDER_Lepidoptera,2025-01-26,23:26:06,,2025_01_26__23_26_06,MachineObservation,Cerro_Hoya_Expedition_Hoya_505m_prizeCrab_2025-01-26_2025-01-26,Cerro_Hoya_Expedition_Hoya_505m_prizeCrab_2025-01-26,prizeCrab_2025_01_26__23_26_06_HDR0.jpg,prizeCrab_2025_01_26__23_26_06_HDR0_0_Mothbot_yolo11m_4500_imgsz1600_b1_2024-01-18.pt.jpg
doi.org10.15468dl.6nxkw6.csv,Animalia,Arthropoda,Insecta,Diptera,,,,,811,,Diptera,Diptera,Cerro_Hoya_Expedition_Hoya_505m_prizeCrab_2025-01-26,prizeCrab_2025_01_26__23_26_06_HDR0_1_Mothbot_yolo11m_4500_imgsz1600_b1_2024-01-18.pt.jpg,HS,Mothbot_yolo11m_4500_imgsz1600_b1_2024-01-18.pt,0.7701063752174377,,prizeCrab,Cerro_Hoya_Expedition/Hoya_505m_prizeCrab_2025-01-26/2025-01-26/patches/prizeCrab_2025_01_26__23_26_06_HDR0_1_Mothbot_yolo11m_4500_imgsz1600_b1_2024-01-18.pt.jpg,ORDER_Psocodea,2025-01-26,23:26:06,,2025_01_26__23_26_06,MachineObservation,Cerro_Hoya_Expedition_Hoya_505m_prizeCrab_2025-01-26_2025-01-26,Cerro_Hoya_Expedition_Hoya_505m_prizeCrab_2025-01-26,prizeCrab_2025_01_26__23_26_06_HDR0.jpg,prizeCrab_2025_01_26__23_26_06_HDR0_1_Mothbot_yolo11m_4500_imgsz1600_b1_2024-01-18.pt.jpg
doi.org10.15468dl.6nxkw6.csv,Animalia,Arthropoda,Insecta,Hemiptera,Cicadellidae,,,,9647,,Cicadellidae,Cicadellidae,Cerro_Hoya_Expedition_Hoya_505m_prizeCrab_2025-01-26,prizeCrab_2025_01_26__23_26_06_HDR0_2_Mothbot_yolo11m_4500_imgsz1600_b1_2024-01-18.pt.jpg,HS,Mothbot_yolo11m_4500_imgsz1600_b1_2024-01-18.pt,0.7605141401290894,,prizeCrab,Cerro_Hoya_Expedition/Hoya_505m_prizeCrab_2025-01-26/2025-01-26/patches/prizeCrab_2025_01_26__23_26_06_HDR0_2_Mothbot_yolo11m_4500_imgsz1600_b1_2024-01-18.pt.jpg,ORDER_Diptera,2025-01-26,23:26:06,,2025_01_26__23_26_06,MachineObservation,Cerro_Hoya_Expedition_Hoya_505m_prizeCrab_2025-01-26_2025-01-26,Cerro_Hoya_Expedition_Hoya_505m_prizeCrab_2025-01-26,prizeCrab_2025_01_26__23_26_06_HDR0.jpg,prizeCrab_2025_01_26__23_26_06_HDR0_2_Mothbot_yolo11m_4500_imgsz1600_b1_2024-01-18.pt.jpg
doi.org10.15468dl.6nxkw6.csv,Animalia,Arthropoda,Insecta,Diptera,,,,,811,,Diptera,Diptera,Cerro_Hoya_Expedition_Hoya_505m_prizeCrab_2025-01-26,prizeCrab_2025_01_26__23_26_06_HDR0_3_Mothbot_yolo11m_4500_imgsz1600_b1_2024-01-18.pt.jpg,HS,Mothbot_yolo11m_4500_imgsz1600_b1_2024-01-18.pt,0.7112221717834473,,prizeCrab,Cerro_Hoya_Expedition/Hoya_505m_prizeCrab_2025-01-26/2025-01-26/patches/prizeCrab_2025_01_26__23_26_06_HDR0_3_Mothbot_yolo11m_4500_imgsz1600_b1_2024-01-18.pt.jpg,ORDER_Diptera,2025-01-26,23:26:06,,2025_01_26__23_26_06,MachineObservation,Cerro_Hoya_Expedition_Hoya_505m_prizeCrab_2025-01-26_2025-01-26,Cerro_Hoya_Expedition_Hoya_505m_prizeCrab_2025-01-26,prizeCrab_2025_01_26__23_26_06_HDR0.jpg,prizeCrab_2025_01_26__23_26_06_HDR0_3_Mothbot_yolo11m_4500_imgsz1600_b1_2024-01-18.pt.jpg
doi.org10.15468dl.6nxkw6.csv,Animalia,Arthropoda,Insecta,Diptera,,,,,811,,Diptera,Diptera,Cerro_Hoya_Expedition_Hoya_505m_prizeCrab_2025-01-26,prizeCrab_2025_01_26__23_26_06_HDR0_4_Mothbot_yolo11m_4500_imgsz1600_b1_2024-01-18.pt.jpg,HS,Mothbot_yolo11m_4500_imgsz1600_b1_2024-01-18.pt,0.5676246285438538,,prizeCrab,Cerro_Hoya_Expedition/Hoya_505m_prizeCrab_2025-01-26/2025-01-26/patches/prizeCrab_2025_01_26__23_26_06_HDR0_4_Mothbot_yolo11m_4500_imgsz1600_b1_2024-01-18.pt.jpg,ORDER_Diptera,2025-01-26,23:26:06,,2025_01_26__23_26_06,MachineObservation,Cerro_Hoya_Expedition_Hoya_505m_prizeCrab_2025-01-26_2025-01-26,Cerro_Hoya_Expedition_Hoya_505m_prizeCrab_2025-01-26,prizeCrab_2025_01_26__23_26_06_HDR0.jpg,prizeCrab_2025_01_26__23_26_06_HDR0_4_Mothbot_yolo11m_4500_imgsz1600_b1_2024-01-18.pt.jpg
doi.org10.15468dl.6nxkw6.csv,Animalia,Arthropoda,Insecta,Diptera,,,,,811,,Diptera,Diptera,Cerro_Hoya_Expedition_Hoya_505m_prizeCrab_2025-01-26,prizeCrab_2025_01_26__23_26_06_HDR0_5_Mothbot_yolo11m_4500_imgsz1600_b1_2024-01-18.pt.jpg,HS,Mothbot_yolo11m_4500_imgsz1600_b1_2024-01-18.pt,0.514348030090332,,prizeCrab,Cerro_Hoya_Expedition/Hoya_505m_prizeCrab_2025-01-26/2025-01-26/patches/prizeCrab_2025_01_26__23_26_06_HDR0_5_Mothbot_yolo11m_4500_imgsz1600_b1_2024-01-18.pt.jpg,ORDER_Hemiptera,2025-01-26,23:26:06,,2025_01_26__23_26_06,MachineObservation,Cerro_Hoya_Expedition_Hoya_505m_prizeCrab_2025-01-26_2025-01-26,Cerro_Hoya_Expedition_Hoya_505m_prizeCrab_2025-01-26,prizeCrab_2025_01_26__23_26_06_HDR0.jpg,prizeCrab_2025_01_26__23_26_06_HDR0_5_Mothbot_yolo11m_4500_imgsz1600_b1_2024-01-18.pt.jpg
doi.org10.15468dl.6nxkw6.csv,Animalia,Arthropoda,Insecta,Diptera,,,,,811,,Diptera,Diptera,Cerro_Hoya_Expedition_Hoya_505m_prizeCrab_2025-01-26,prizeCrab_2025_01_26__23_26_06_HDR0_6_Mothbot_yolo11m_4500_imgsz1600_b1_2024-01-18.pt.jpg,HS,Mothbot_yolo11m_4500_imgsz1600_b1_2024-01-18.pt,0.3899889588356018,,prizeCrab,Cerro_Hoya_Expedition/Hoya_505m_prizeCrab_2025-01-26/2025-01-26/patches/prizeCrab_2025_01_26__23_26_06_HDR0_6_Mothbot_yolo11m_4500_imgsz1600_b1_2024-01-18.pt.jpg,ORDER_Diptera,2025-01-26,23:26:06,,2025_01_26__23_26_06,MachineObservation,Cerro_Hoya_Expedition_Hoya_505m_prizeCrab_2025-01-26_2025-01-26,Cerro_Hoya_Expedition_Hoya_505m_prizeCrab_2025-01-26,prizeCrab_2025_01_26__23_26_06_HDR0.jpg,prizeCrab_2025_01_26__23_26_06_HDR0_6_Mothbot_yolo11m_4500_imgsz1600_b1_2024-01-18.pt.jpg
doi.org10.15468dl.6nxkw6.csv,Animalia,Arthropoda,Insecta,Lepidoptera,,,,,797,,Lepidoptera,Lepidoptera,Cerro_Hoya_Expedition_Hoya_505m_prizeCrab_2025-01-26,prizeCrab_2025_01_26__23_27_06_HDR0_0_Mothbot_yolo11m_4500_imgsz1600_b1_2024-01-18.pt.jpg,HS,Mothbot_yolo11m_4500_imgsz1600_b1_2024-01-18.pt,0.8154895305633545,,prizeCrab,Cerro_Hoya_Expedition/Hoya_505m_prizeCrab_2025-01-26/2025-01-26/patches/prizeCrab_2025_01_26__23_27_06_HDR0_0_Mothbot_yolo11m_4500_imgsz1600_b1_2024-01-18.pt.jpg,ORDER_Lepidoptera,2025-01-26,23:27:06,,2025_01_26__23_27_06,MachineObservation,Cerro_Hoya_Expedition_Hoya_505m_prizeCrab_2025-01-26_2025-01-26,Cerro_Hoya_Expedition_Hoya_505m_prizeCrab_2025-01-26,prizeCrab_2025_01_26__23_27_06_HDR0.jpg,prizeCrab_2025_01_26__23_27_06_HDR0_0_Mothbot_yolo11m_4500_imgsz1600_b1_2024-01-18.pt.jpg
doi.org10.15468dl.6nxkw6.csv,Animalia,Arthropoda,Insecta,Hemiptera,Cicadellidae,,,,9647,,Cicadellidae,Cicadellidae,Cerro_Hoya_Expedition_Hoya_505m_prizeCrab_2025-01-26,prizeCrab_2025_01_26__23_27_06_HDR0_1_Mothbot_yolo11m_4500_imgsz1600_b1_2024-01-18.pt.jpg,HS,Mothbot_yolo11m_4500_imgsz1600_b1_2024-01-18.pt,0.7695782780647278,,prizeCrab,Cerro_Hoya_Expedition/Hoya_505m_prizeCrab_2025-01-26/2025-01-26/patches/prizeCrab_2025_01_26__23_27_06_HDR0_1_Mothbot_yolo11m_4500_imgsz1600_b1_2024-01-18.pt.jpg,ORDER_Diptera,2025-01-26,23:27:06,,2025_01_26__23_27_06,MachineObservation,Cerro_Hoya_Expedition_Hoya_505m_prizeCrab_2025-01-26_2025-01-26,Cerro_Hoya_Expedition_Hoya_505m_prizeCrab_2025-01-26,prizeCrab_2025_01_26__23_27_06_HDR0.jpg,prizeCrab_2025_01_26__23_27_06_HDR0_1_Mothbot_yolo11m_4500_imgsz1600_b1_2024-01-18.pt.jpg
doi.org10.15468dl.6nxkw6.csv,Animalia,Arthropoda,Insecta,Diptera,,,,,811,,Diptera,Diptera,Cerro_Hoya_Expedition_Hoya_505m_prizeCrab_2025-01-26,prizeCrab_2025_01_26__23_27_06_HDR0_2_Mothbot_yolo11m_4500_imgsz1600_b1_2024-01-18.pt.jpg,HS,Mothbot_yolo11m_4500_imgsz1600_b1_2024-01-18.pt,0.5857519507408142,,prizeCrab,Cerro_Hoya_Expedition/Hoya_505m_prizeCrab_2025-01-26/2025-01-26/patches/prizeCrab_2025_01_26__23_27_06_HDR0_2_Mothbot_yolo11m_4500_imgsz1600_b1_2024-01-18.pt.jpg,ORDER_Diptera,2025-01-26,23:27:06,,2025_01_26__23_27_06,MachineObservation,Cerro_Hoya_Expedition_Hoya_505m_prizeCrab_2025-01-26_2025-01-26,Cerro_Hoya_Expedition_Hoya_505m_prizeCrab_2025-01-26,prizeCrab_2025_01_26__23_27_06_HDR0.jpg,prizeCrab_2025_01_26__23_27_06_HDR0_2_Mothbot_yolo11m_4500_imgsz1600_b1_2024-01-18.pt.jpg
doi.org10.15468dl.6nxkw6.csv,Animalia,Arthropoda,Insecta,Diptera,,,,,811,,Diptera,Diptera,Cerro_Hoya_Expedition_Hoya_505m_prizeCrab_2025-01-26,prizeCrab_2025_01_26__23_27_06_HDR0_3_Mothbot_yolo11m_4500_imgsz1600_b1_2024-01-18.pt.jpg,HS,Mothbot_yolo11m_4500_imgsz1600_b1_2024-01-18.pt,0.48471367359161377,,prizeCrab,Cerro_Hoya_Expedition/Hoya_505m_prizeCrab_2025-01-26/2025-01-26/patches/prizeCrab_2025_01_26__23_27_06_HDR0_3_Mothbot_yolo11m_4500_imgsz1600_b1_2024-01-18.pt.jpg,ORDER_Diptera,2025-01-26,23:27:06,,2025_01_26__23_27_06,MachineObservation,Cerro_Hoya_Expedition_Hoya_505m_prizeCrab_2025-01-26_2025-01-26,Cerro_Hoya_Expedition_Hoya_505m_prizeCrab_2025-01-26,prizeCrab_2025_01_26__23_27_06_HDR0.jpg,prizeCrab_2025_01_26__23_27_06_HDR0_3_Mothbot_yolo11m_4500_imgsz1600_b1_2024-01-18.pt.jpg
doi.org10.15468dl.6nxkw6.csv,Animalia,Arthropoda,Insecta,Diptera,,,,,811,,Diptera,Diptera,Cerro_Hoya_Expedition_Hoya_505m_prizeCrab_2025-01-26,prizeCrab_2025_01_26__23_27_06_HDR0_4_Mothbot_yolo11m_4500_imgsz1600_b1_2024-01-18.pt.jpg,HS,Mothbot_yolo11m_4500_imgsz1600_b1_2024-01-18.pt,0.3006206452846527,,prizeCrab,Cerro_Hoya_Expedition/Hoya_505m_prizeCrab_2025-01-26/2025-01-26/patches/prizeCrab_2025_01_26__23_27_06_HDR0_4_Mothbot_yolo11m_4500_imgsz1600_b1_2024-01-18.pt.jpg,ORDER_Diptera,2025-01-26,23:27:06,,2025_01_26__23_27_06,MachineObservation,Cerro_Hoya_Expedition_Hoya_505m_prizeCrab_2025-01-26_2025-01-26,Cerro_Hoya_Expedition_Hoya_505m_prizeCrab_2025-01-26,prizeCrab_2025_01_26__23_27_06_HDR0.jpg,prizeCrab_2025_01_26__23_27_06_HDR0_4_Mothbot_yolo11m_4500_imgsz1600_b1_2024-01-18.pt.jpg
doi.org10.15468dl.6nxkw6.csv,Animalia,Arthropoda,Insecta,Hemiptera,Cicadellidae,,,,9647,,Cicadellidae,Cicadellidae,Cerro_Hoya_Expedition_Hoya_505m_prizeCrab_2025-01-26,prizeCrab_2025_01_26__23_28_05_HDR0_0_Mothbot_yolo11m_4500_imgsz1600_b1_2024-01-18.pt.jpg,HS,Mothbot_yolo11m_4500_imgsz1600_b1_2024-01-18.pt,0.7697877287864685,,prizeCrab,Cerro_Hoya_Expedition/Hoya_505m_prizeCrab_2025-01-26/2025-01-26/patches/prizeCrab_2025_01_26__23_28_05_HDR0_0_Mothbot_yolo11m_4500_imgsz1600_b1_2024-01-18.pt.jpg,ORDER_Diptera,2025-01-26,23:28:05,,2025_01_26__23_28_05,MachineObservation,Cerro_Hoya_Expedition_Hoya_505m_prizeCrab_2025-01-26_2025-01-26,Cerro_Hoya_Expedition_Hoya_505m_prizeCrab_2025-01-26,prizeCrab_2025_01_26__23_28_05_HDR0.jpg,prizeCrab_2025_01_26__23_28_05_HDR0_0_Mothbot_yolo11m_4500_imgsz1600_b1_2024-01-18.pt.jpg
doi.org10.15468dl.6nxkw6.csv,Animalia,Arthropoda,Insecta,Diptera,,,,,811,,Diptera,Diptera,Cerro_Hoya_Expedition_Hoya_505m_prizeCrab_2025-01-26,prizeCrab_2025_01_26__23_28_05_HDR0_1_Mothbot_yolo11m_4500_imgsz1600_b1_2024-01-18.pt.jpg,HS,Mothbot_yolo11m_4500_imgsz1600_b1_2024-01-18.pt,0.609096884727478,,prizeCrab,Cerro_Hoya_Expedition/Hoya_505m_prizeCrab_2025-01-26/2025-01-26/patches/prizeCrab_2025_01_26__23_28_05_HDR0_1_Mothbot_yolo11m_4500_imgsz1600_b1_2024-01-18.pt.jpg,ORDER_Diptera,2025-01-26,23:28:05,,2025_01_26__23_28_05,MachineObservation,Cerro_Hoya_Expedition_Hoya_505m_prizeCrab_2025-01-26_2025-01-26,Cerro_Hoya_Expedition_Hoya_505m_prizeCrab_2025-01-26,prizeCrab_2025_01_26__23_28_05_HDR0.jpg,prizeCrab_2025_01_26__23_28_05_HDR0_1_Mothbot_yolo11m_4500_imgsz1600_b1_2024-01-18.pt.jpg
doi.org10.15468dl.6nxkw6.csv,Animalia,Arthropoda,Insecta,Hymenoptera,,,,,1457,,Hymenoptera,Hymenoptera,Cerro_Hoya_Expedition_Hoya_505m_prizeCrab_2025-01-26,prizeCrab_2025_01_26__23_28_05_HDR0_2_Mothbot_yolo11m_4500_imgsz1600_b1_2024-01-18.pt.jpg,HS,Mothbot_yolo11m_4500_imgsz1600_b1_2024-01-18.pt,0.5797762870788574,,prizeCrab,Cerro_Hoya_Expedition/Hoya_505m_prizeCrab_2025-01-26/2025-01-26/patches/prizeCrab_2025_01_26__23_28_05_HDR0_2_Mothbot_yolo11m_4500_imgsz1600_b1_2024-01-18.pt.jpg,ORDER_Diptera,2025-01-26,23:28:05,,2025_01_26__23_28_05,MachineObservation,Cerro_Hoya_Expedition_Hoya_505m_prizeCrab_2025-01-26_2025-01-26,Cerro_Hoya_Expedition_Hoya_505m_prizeCrab_2025-01-26,prizeCrab_2025_01_26__23_28_05_HDR0.jpg,prizeCrab_2025_01_26__23_28_05_HDR0_2_Mothbot_yolo11m_4500_imgsz1600_b1_2024-01-18.pt.jpg
doi.org10.15468dl.6nxkw6.csv,Animalia,Arthropoda,Insecta,Diptera,,,,,811,,Diptera,Diptera,Cerro_Hoya_Expedition_Hoya_505m_prizeCrab_2025-01-26,prizeCrab_2025_01_26__23_28_05_HDR0_3_Mothbot_yolo11m_4500_imgsz1600_b1_2024-01-18.pt.jpg,HS,Mothbot_yolo11m_4500_imgsz1600_b1_2024-01-18.pt,0.5780160427093506,,prizeCrab,Cerro_Hoya_Expedition/Hoya_505m_prizeCrab_2025-01-26/2025-01-26/patches/prizeCrab_2025_01_26__23_28_05_HDR0_3_Mothbot_yolo11m_4500_imgsz1600_b1_2024-01-18.pt.jpg,ORDER_Diptera,2025-01-26,23:28:05,,2025_01_26__23_28_05,MachineObservation,Cerro_Hoya_Expedition_Hoya_505m_prizeCrab_2025-01-26_2025-01-26,Cerro_Hoya_Expedition_Hoya_505m_prizeCrab_2025-01-26,prizeCrab_2025_01_26__23_28_05_HDR0.jpg,prizeCrab_2025_01_26__23_28_05_HDR0_3_Mothbot_yolo11m_4500_imgsz1600_b1_2024-01-18.pt.jpg
doi.org10.15468dl.6nxkw6.csv,Animalia,Arthropoda,Insecta,Diptera,,,,,811,,Diptera,Diptera,Cerro_Hoya_Expedition_Hoya_505m_prizeCrab_2025-01-26,prizeCrab_2025_01_26__23_28_05_HDR0_4_Mothbot_yolo11m_4500_imgsz1600_b1_2024-01-18.pt.jpg,HS,Mothbot_yolo11m_4500_imgsz1600_b1_2024-01-18.pt,0.3578322231769562,,prizeCrab,Cerro_Hoya_Expedition/Hoya_505m_prizeCrab_2025-01-26/2025-01-26/patches/prizeCrab_2025_01_26__23_28_05_HDR0_4_Mothbot_yolo11m_4500_imgsz1600_b1_2024-01-18.pt.jpg,ORDER_Hymenoptera,2025-01-26,23:28:05,,2025_01_26__23_28_05,MachineObservation,Cerro_Hoya_Expedition_Hoya_505m_prizeCrab_2025-01-26_2025-01-26,Cerro_Hoya_Expedition_Hoya_505m_prizeCrab_2025-01-26,prizeCrab_2025_01_26__23_28_05_HDR0.jpg,prizeCrab_2025_01_26__23_28_05_HDR0_4_Mothbot_yolo11m_4500_imgsz1600_b1_2024-01-18.pt.jpg
doi.org10.15468dl.6nxkw6.csv,Animalia,Arthropoda,Insecta,Lepidoptera,,,,,797,,Lepidoptera,Lepidoptera,Cerro_Hoya_Expedition_Hoya_505m_prizeCrab_2025-01-26,prizeCrab_2025_01_26__23_29_05_HDR0_0_Mothbot_yolo11m_4500_imgsz1600_b1_2024-01-18.pt.jpg,HS,Mothbot_yolo11m_4500_imgsz1600_b1_2024-01-18.pt,0.684796154499054,,prizeCrab,Cerro_Hoya_Expedition/Hoya_505m_prizeCrab_2025-01-26/2025-01-26/patches/prizeCrab_2025_01_26__23_29_05_HDR0_0_Mothbot_yolo11m_4500_imgsz1600_b1_2024-01-18.pt.jpg,ORDER_Diptera,2025-01-26,23:29:05,,2025_01_26__23_29_05,MachineObservation,Cerro_Hoya_Expedition_Hoya_505m_prizeCrab_2025-01-26_2025-01-26,Cerro_Hoya_Expedition_Hoya_505m_prizeCrab_2025-01-26,prizeCrab_2025_01_26__23_29_05_HDR0.jpg,prizeCrab_2025_01_26__23_29_05_HDR0_0_Mothbot_yolo11m_4500_imgsz1600_b1_2024-01-18.pt.jpg
doi.org10.15468dl.6nxkw6.csv,Animalia,Arthropoda,Insecta,Diptera,,,,,811,,Diptera,Diptera,Cerro_Hoya_Expedition_Hoya_505m_prizeCrab_2025-01-26,prizeCrab_2025_01_26__23_29_05_HDR0_1_Mothbot_yolo11m_4500_imgsz1600_b1_2024-01-18.pt.jpg,HS,Mothbot_yolo11m_4500_imgsz1600_b1_2024-01-18.pt,0.6683100461959839,,prizeCrab,Cerro_Hoya_Expedition/Hoya_505m_prizeCrab_2025-01-26/2025-01-26/patches/prizeCrab_2025_01_26__23_29_05_HDR0_1_Mothbot_yolo11m_4500_imgsz1600_b1_2024-01-18.pt.jpg,ORDER_Diptera,2025-01-26,23:29:05,,2025_01_26__23_29_05,MachineObservation,Cerro_Hoya_Expedition_Hoya_505m_prizeCrab_2025-01-26_2025-01-26,Cerro_Hoya_Expedition_Hoya_505m_prizeCrab_2025-01-26,prizeCrab_2025_01_26__23_29_05_HDR0.jpg,prizeCrab_2025_01_26__23_29_05_HDR0_1_Mothbot_yolo11m_4500_imgsz1600_b1_2024-01-18.pt.jpg
doi.org10.15468dl.6nxkw6.csv,Animalia,Arthropoda,Insecta,Hemiptera,,,,,809,,Hemiptera,Hemiptera,Cerro_Hoya_Expedition_Hoya_505m_prizeCrab_2025-01-26,prizeCrab_2025_01_26__23_29_05_HDR0_2_Mothbot_yolo11m_4500_imgsz1600_b1_2024-01-18.pt.jpg,HS,Mothbot_yolo11m_4500_imgsz1600_b1_2024-01-18.pt,0.61766117811203,,prizeCrab,Cerro_Hoya_Expedition/Hoya_505m_prizeCrab_2025-01-26/2025-01-26/patches/prizeCrab_2025_01_26__23_29_05_HDR0_2_Mothbot_yolo11m_4500_imgsz1600_b1_2024-01-18.pt.jpg,ORDER_Diptera,2025-01-26,23:29:05,,2025_01_26__23_29_05,MachineObservation,Cerro_Hoya_Expedition_Hoya_505m_prizeCrab_2025-01-26_2025-01-26,Cerro_Hoya_Expedition_Hoya_505m_prizeCrab_2025-01-26,prizeCrab_2025_01_26__23_29_05_HDR0.jpg,prizeCrab_2025_01_26__23_29_05_HDR0_2_Mothbot_yolo11m_4500_imgsz1600_b1_2024-01-18.pt.jpg
doi.org10.15468dl.6nxkw6.csv,Animalia,Arthropoda,Insecta,Diptera,,,,,811,,Diptera,Diptera,Cerro_Hoya_Expedition_Hoya_505m_prizeCrab_2025-01-26,prizeCrab_2025_01_26__23_29_05_HDR0_3_Mothbot_yolo11m_4500_imgsz1600_b1_2024-01-18.pt.jpg,HS,Mothbot_yolo11m_4500_imgsz1600_b1_2024-01-18.pt,0.5733042359352112,,prizeCrab,Cerro_Hoya_Expedition/Hoya_505m_prizeCrab_2025-01-26/2025-01-26/patches/prizeCrab_2025_01_26__23_29_05_HDR0_3_Mothbot_yolo11m_4500_imgsz1600_b1_2024-01-18.pt.jpg,ORDER_Diptera,2025-01-26,23:29:05,,2025_01_26__23_29_05,MachineObservation,Cerro_Hoya_Expedition_Hoya_505m_prizeCrab_2025-01-26_2025-01-26,Cerro_Hoya_Expedition_Hoya_505m_prizeCrab_2025-01-26,prizeCrab_2025_01_26__23_29_05_HDR0.jpg,prizeCrab_2025_01_26__23_29_05_HDR0_3_Mothbot_yolo11m_4500_imgsz1600_b1_2024-01-18.pt.jpg
doi.org10.15468dl.6nxkw6.csv,Animalia,Arthropoda,Insecta,Diptera,,,,,811,,Diptera,Diptera,Cerro_Hoya_Expedition_Hoya_505m_prizeCrab_2025-01-26,prizeCrab_2025_01_26__23_29_05_HDR0_4_Mothbot_yolo11m_4500_imgsz1600_b1_2024-01-18.pt.jpg,HS,Mothbot_yolo11m_4500_imgsz1600_b1_2024-01-18.pt,0.28206688165664673,,prizeCrab,Cerro_Hoya_Expedition/Hoya_505m_prizeCrab_2025-01-26/2025-01-26/patches/prizeCrab_2025_01_26__23_29_05_HDR0_4_Mothbot_yolo11m_4500_imgsz1600_b1_2024-01-18.pt.jpg,ORDER_Hymenoptera,2025-01-26,23:29:05,,2025_01_26__23_29_05,MachineObservation,Cerro_Hoya_Expedition_Hoya_505m_prizeCrab_2025-01-26_2025-01-26,Cerro_Hoya_Expedition_Hoya_505m_prizeCrab_2025-01-26,prizeCrab_2025_01_26__23_29_05_HDR0.jpg,prizeCrab_2025_01_26__23_29_05_HDR0_4_Mothbot_yolo11m_4500_imgsz1600_b1_2024-01-18.pt.jpg
doi.org10.15468dl.6nxkw6.csv,Animalia,Arthropoda,Insecta,Lepidoptera,,,,,797,,Lepidoptera,Lepidoptera,Cerro_Hoya_Expedition_Hoya_505m_prizeCrab_2025-01-26,prizeCrab_2025_01_26__23_30_22_HDR0_0_Mothbot_yolo11m_4500_imgsz1600_b1_2024-01-18.pt.jpg,HS,Mothbot_yolo11m_4500_imgsz1600_b1_2024-01-18.pt,0.662763237953186,,prizeCrab,Cerro_Hoya_Expedition/Hoya_505m_prizeCrab_2025-01-26/2025-01-26/patches/prizeCrab_2025_01_26__23_30_22_HDR0_0_Mothbot_yolo11m_4500_imgsz1600_b1_2024-01-18.pt.jpg,ORDER_Diptera,2025-01-26,23:30:22,,2025_01_26__23_30_22,MachineObservation,Cerro_Hoya_Expedition_Hoya_505m_prizeCrab_2025-01-26_2025-01-26,Cerro_Hoya_Expedition_Hoya_505m_prizeCrab_2025-01-26,prizeCrab_2025_01_26__23_30_22_HDR0.jpg,prizeCrab_2025_01_26__23_30_22_HDR0_0_Mothbot_yolo11m_4500_imgsz1600_b1_2024-01-18.pt.jpg
doi.org10.15468dl.6nxkw6.csv,Animalia,Arthropoda,Insecta,Hemiptera,,,,,809,,Hemiptera,Hemiptera,Cerro_Hoya_Expedition_Hoya_505m_prizeCrab_2025-01-26,prizeCrab_2025_01_26__23_30_22_HDR0_1_Mothbot_yolo11m_4500_imgsz1600_b1_2024-01-18.pt.jpg,HS,Mothbot_yolo11m_4500_imgsz1600_b1_2024-01-18.pt,0.6533406376838684,,prizeCrab,Cerro_Hoya_Expedition/Hoya_505m_prizeCrab_2025-01-26/2025-01-26/patches/prizeCrab_2025_01_26__23_30_22_HDR0_1_Mothbot_yolo11m_4500_imgsz1600_b1_2024-01-18.pt.jpg,ORDER_Diptera,2025-01-26,23:30:22,,2025_01_26__23_30_22,MachineObservation,Cerro_Hoya_Expedition_Hoya_505m_prizeCrab_2025-01-26_2025-01-26,Cerro_Hoya_Expedition_Hoya_505m_prizeCrab_2025-01-26,prizeCrab_2025_01_26__23_30_22_HDR0.jpg,prizeCrab_2025_01_26__23_30_22_HDR0_1_Mothbot_yolo11m_4500_imgsz1600_b1_2024-01-18.pt.jpg
doi.org10.15468dl.6nxkw6.csv,Animalia,Arthropoda,Insecta,Diptera,,,,,811,,Diptera,Diptera,Cerro_Hoya_Expedition_Hoya_505m_prizeCrab_2025-01-26,prizeCrab_2025_01_26__23_30_22_HDR0_2_Mothbot_yolo11m_4500_imgsz1600_b1_2024-01-18.pt.jpg,HS,Mothbot_yolo11m_4500_imgsz1600_b1_2024-01-18.pt,0.5894738435745239,,prizeCrab,Cerro_Hoya_Expedition/Hoya_505m_prizeCrab_2025-01-26/2025-01-26/patches/prizeCrab_2025_01_26__23_30_22_HDR0_2_Mothbot_yolo11m_4500_imgsz1600_b1_2024-01-18.pt.jpg,ORDER_Hemiptera,2025-01-26,23:30:22,,2025_01_26__23_30_22,MachineObservation,Cerro_Hoya_Expedition_Hoya_505m_prizeCrab_2025-01-26_2025-01-26,Cerro_Hoya_Expedition_Hoya_505m_prizeCrab_2025-01-26,prizeCrab_2025_01_26__23_30_22_HDR0.jpg,prizeCrab_2025_01_26__23_30_22_HDR0_2_Mothbot_yolo11m_4500_imgsz1600_b1_2024-01-18.pt.jpg
doi.org10.15468dl.6nxkw6.csv,Animalia,Arthropoda,Insecta,Diptera,,,,,811,,Diptera,Diptera,Cerro_Hoya_Expedition_Hoya_505m_prizeCrab_2025-01-26,prizeCrab_2025_01_26__23_30_22_HDR0_3_Mothbot_yolo11m_4500_imgsz1600_b1_2024-01-18.pt.jpg,HS,Mothbot_yolo11m_4500_imgsz1600_b1_2024-01-18.pt,0.47243207693099976,,prizeCrab,Cerro_Hoya_Expedition/Hoya_505m_prizeCrab_2025-01-26/2025-01-26/patches/prizeCrab_2025_01_26__23_30_22_HDR0_3_Mothbot_yolo11m_4500_imgsz1600_b1_2024-01-18.pt.jpg,ERROR_floor,2025-01-26,23:30:22,,2025_01_26__23_30_22,MachineObservation,Cerro_Hoya_Expedition_Hoya_505m_prizeCrab_2025-01-26_2025-01-26,Cerro_Hoya_Expedition_Hoya_505m_prizeCrab_2025-01-26,prizeCrab_2025_01_26__23_30_22_HDR0.jpg,prizeCrab_2025_01_26__23_30_22_HDR0_3_Mothbot_yolo11m_4500_imgsz1600_b1_2024-01-18.pt.jpg
doi.org10.15468dl.6nxkw6.csv,Animalia,Arthropoda,Insecta,,,,,,216,,Insecta,Insecta,Cerro_Hoya_Expedition_Hoya_505m_prizeCrab_2025-01-26,prizeCrab_2025_01_26__23_30_22_HDR0_4_Mothbot_yolo11m_4500_imgsz1600_b1_2024-01-18.pt.jpg,HS,Mothbot_yolo11m_4500_imgsz1600_b1_2024-01-18.pt,0.25182023644447327,,prizeCrab,Cerro_Hoya_Expedition/Hoya_505m_prizeCrab_2025-01-26/2025-01-26/patches/prizeCrab_2025_01_26__23_30_22_HDR0_4_Mothbot_yolo11m_4500_imgsz1600_b1_2024-01-18.pt.jpg,ORDER_Diptera,2025-01-26,23:30:22,,2025_01_26__23_30_22,MachineObservation,Cerro_Hoya_Expedition_Hoya_505m_prizeCrab_2025-01-26_2025-01-26,Cerro_Hoya_Expedition_Hoya_505m_prizeCrab_2025-01-26,prizeCrab_2025_01_26__23_30_22_HDR0.jpg,prizeCrab_2025_01_26__23_30_22_HDR0_4_Mothbot_yolo11m_4500_imgsz1600_b1_2024-01-18.pt.jpg
doi.org10.15468dl.6nxkw6.csv,Animalia,Arthropoda,Insecta,Lepidoptera,,,,,797,,Lepidoptera,Lepidoptera,Cerro_Hoya_Expedition_Hoya_505m_prizeCrab_2025-01-26,prizeCrab_2025_01_26__23_31_06_HDR0_0_Mothbot_yolo11m_4500_imgsz1600_b1_2024-01-18.pt.jpg,HS,Mothbot_yolo11m_4500_imgsz1600_b1_2024-01-18.pt,0.6664201021194458,,prizeCrab,Cerro_Hoya_Expedition/Hoya_505m_prizeCrab_2025-01-26/2025-01-26/patches/prizeCrab_2025_01_26__23_31_06_HDR0_0_Mothbot_yolo11m_4500_imgsz1600_b1_2024-01-18.pt.jpg,ORDER_Diptera,2025-01-26,23:31:06,,2025_01_26__23_31_06,MachineObservation,Cerro_Hoya_Expedition_Hoya_505m_prizeCrab_2025-01-26_2025-01-26,Cerro_Hoya_Expedition_Hoya_505m_prizeCrab_2025-01-26,prizeCrab_2025_01_26__23_31_06_HDR0.jpg,prizeCrab_2025_01_26__23_31_06_HDR0_0_Mothbot_yolo11m_4500_imgsz1600_b1_2024-01-18.pt.jpg
doi.org10.15468dl.6nxkw6.csv,Animalia,Arthropoda,Insecta,Hemiptera,,,,,809,,Hemiptera,Hemiptera,Cerro_Hoya_Expedition_Hoya_505m_prizeCrab_2025-01-26,prizeCrab_2025_01_26__23_31_06_HDR0_1_Mothbot_yolo11m_4500_imgsz1600_b1_2024-01-18.pt.jpg,HS,Mothbot_yolo11m_4500_imgsz1600_b1_2024-01-18.pt,0.620341956615448,,prizeCrab,Cerro_Hoya_Expedition/Hoya_505m_prizeCrab_2025-01-26/2025-01-26/patches/prizeCrab_2025_01_26__23_31_06_HDR0_1_Mothbot_yolo11m_4500_imgsz1600_b1_2024-01-18.pt.jpg,ORDER_Diptera,2025-01-26,23:31:06,,2025_01_26__23_31_06,MachineObservation,Cerro_Hoya_Expedition_Hoya_505m_prizeCrab_2025-01-26_2025-01-26,Cerro_Hoya_Expedition_Hoya_505m_prizeCrab_2025-01-26,prizeCrab_2025_01_26__23_31_06_HDR0.jpg,prizeCrab_2025_01_26__23_31_06_HDR0_1_Mothbot_yolo11m_4500_imgsz1600_b1_2024-01-18.pt.jpg
doi.org10.15468dl.6nxkw6.csv,Animalia,Arthropoda,Insecta,Hymenoptera,,,,,1457,,Hymenoptera,Hymenoptera,Cerro_Hoya_Expedition_Hoya_505m_prizeCrab_2025-01-26,prizeCrab_2025_01_26__23_31_06_HDR0_2_Mothbot_yolo11m_4500_imgsz1600_b1_2024-01-18.pt.jpg,HS,Mothbot_yolo11m_4500_imgsz1600_b1_2024-01-18.pt,0.6185769438743591,,prizeCrab,Cerro_Hoya_Expedition/Hoya_505m_prizeCrab_2025-01-26/2025-01-26/patches/prizeCrab_2025_01_26__23_31_06_HDR0_2_Mothbot_yolo11m_4500_imgsz1600_b1_2024-01-18.pt.jpg,ORDER_Hymenoptera,2025-01-26,23:31:06,,2025_01_26__23_31_06,MachineObservation,Cerro_Hoya_Expedition_Hoya_505m_prizeCrab_2025-01-26_2025-01-26,Cerro_Hoya_Expedition_Hoya_505m_prizeCrab_2025-01-26,prizeCrab_2025_01_26__23_31_06_HDR0.jpg,prizeCrab_2025_01_26__23_31_06_HDR0_2_Mothbot_yolo11m_4500_imgsz1600_b1_2024-01-18.pt.jpg
doi.org10.15468dl.6nxkw6.csv,Animalia,Arthropoda,Insecta,Diptera,,,,,811,,Diptera,Diptera,Cerro_Hoya_Expedition_Hoya_505m_prizeCrab_2025-01-26,prizeCrab_2025_01_26__23_31_06_HDR0_3_Mothbot_yolo11m_4500_imgsz1600_b1_2024-01-18.pt.jpg,HS,Mothbot_yolo11m_4500_imgsz1600_b1_2024-01-18.pt,0.566723644733429,,prizeCrab,Cerro_Hoya_Expedition/Hoya_505m_prizeCrab_2025-01-26/2025-01-26/patches/prizeCrab_2025_01_26__23_31_06_HDR0_3_Mothbot_yolo11m_4500_imgsz1600_b1_2024-01-18.pt.jpg,ORDER_Psocodea,2025-01-26,23:31:06,,2025_01_26__23_31_06,MachineObservation,Cerro_Hoya_Expedition_Hoya_505m_prizeCrab_2025-01-26_2025-01-26,Cerro_Hoya_Expedition_Hoya_505m_prizeCrab_2025-01-26,prizeCrab_2025_01_26__23_31_06_HDR0.jpg,prizeCrab_2025_01_26__23_31_06_HDR0_3_Mothbot_yolo11m_4500_imgsz1600_b1_2024-01-18.pt.jpg
doi.org10.15468dl.6nxkw6.csv,Animalia,Arthropoda,Insecta,,,,,,216,,Insecta,Insecta,Cerro_Hoya_Expedition_Hoya_505m_prizeCrab_2025-01-26,prizeCrab_2025_01_26__23_31_06_HDR0_4_Mothbot_yolo11m_4500_imgsz1600_b1_2024-01-18.pt.jpg,HS,Mothbot_yolo11m_4500_imgsz1600_b1_2024-01-18.pt,0.4586200416088104,,prizeCrab,Cerro_Hoya_Expedition/Hoya_505m_prizeCrab_2025-01-26/2025-01-26/patches/prizeCrab_2025_01_26__23_31_06_HDR0_4_Mothbot_yolo11m_4500_imgsz1600_b1_2024-01-18.pt.jpg,ERROR_background,2025-01-26,23:31:06,,2025_01_26__23_31_06,MachineObservation,Cerro_Hoya_Expedition_Hoya_505m_prizeCrab_2025-01-26_2025-01-26,Cerro_Hoya_Expedition_Hoya_505m_prizeCrab_2025-01-26,prizeCrab_2025_01_26__23_31_06_HDR0.jpg,prizeCrab_2025_01_26__23_31_06_HDR0_4_Mothbot_yolo11m_4500_imgsz1600_b1_2024-01-18.pt.jpg
doi.org10.15468dl.6nxkw6.csv,Animalia,Arthropoda,Insecta,,,,,,216,,Insecta,Insecta,Cerro_Hoya_Expedition_Hoya_505m_prizeCrab_2025-01-26,prizeCrab_2025_01_26__23_31_06_HDR0_5_Mothbot_yolo11m_4500_imgsz1600_b1_2024-01-18.pt.jpg,HS,Mothbot_yolo11m_4500_imgsz1600_b1_2024-01-18.pt,0.3514082431793213,,prizeCrab,Cerro_Hoya_Expedition/Hoya_505m_prizeCrab_2025-01-26/2025-01-26/patches/prizeCrab_2025_01_26__23_31_06_HDR0_5_Mothbot_yolo11m_4500_imgsz1600_b1_2024-01-18.pt.jpg,ORDER_Lepidoptera,2025-01-26,23:31:06,,2025_01_26__23_31_06,MachineObservation,Cerro_Hoya_Expedition_Hoya_505m_prizeCrab_2025-01-26_2025-01-26,Cerro_Hoya_Expedition_Hoya_505m_prizeCrab_2025-01-26,prizeCrab_2025_01_26__23_31_06_HDR0.jpg,prizeCrab_2025_01_26__23_31_06_HDR0_5_Mothbot_yolo11m_4500_imgsz1600_b1_2024-01-18.pt.jpg
doi.org10.15468dl.6nxkw6.csv,Animalia,Arthropoda,Insecta,Hymenoptera,,,,,1457,,Hymenoptera,Hymenoptera,Cerro_Hoya_Expedition_Hoya_505m_prizeCrab_2025-01-26,prizeCrab_2025_01_26__23_32_06_HDR0_0_Mothbot_yolo11m_4500_imgsz1600_b1_2024-01-18.pt.jpg,HS,Mothbot_yolo11m_4500_imgsz1600_b1_2024-01-18.pt,0.6997974514961243,,prizeCrab,Cerro_Hoya_Expedition/Hoya_505m_prizeCrab_2025-01-26/2025-01-26/patches/prizeCrab_2025_01_26__23_32_06_HDR0_0_Mothbot_yolo11m_4500_imgsz1600_b1_2024-01-18.pt.jpg,ORDER_Hymenoptera,2025-01-26,23:32:06,,2025_01_26__23_32_06,MachineObservation,Cerro_Hoya_Expedition_Hoya_505m_prizeCrab_2025-01-26_2025-01-26,Cerro_Hoya_Expedition_Hoya_505m_prizeCrab_2025-01-26,prizeCrab_2025_01_26__23_32_06_HDR0.jpg,prizeCrab_2025_01_26__23_32_06_HDR0_0_Mothbot_yolo11m_4500_imgsz1600_b1_2024-01-18.pt.jpg
doi.org10.15468dl.6nxkw6.csv,Animalia,Arthropoda,Insecta,Lepidoptera,,,,,797,,Lepidoptera,Lepidoptera,Cerro_Hoya_Expedition_Hoya_505m_prizeCrab_2025-01-26,prizeCrab_2025_01_26__23_32_06_HDR0_1_Mothbot_yolo11m_4500_imgsz1600_b1_2024-01-18.pt.jpg,HS,Mothbot_yolo11m_4500_imgsz1600_b1_2024-01-18.pt,0.6917096972465515,,prizeCrab,Cerro_Hoya_Expedition/Hoya_505m_prizeCrab_2025-01-26/2025-01-26/patches/prizeCrab_2025_01_26__23_32_06_HDR0_1_Mothbot_yolo11m_4500_imgsz1600_b1_2024-01-18.pt.jpg,ORDER_Lepidoptera,2025-01-26,23:32:06,,2025_01_26__23_32_06,MachineObservation,Cerro_Hoya_Expedition_Hoya_505m_prizeCrab_2025-01-26_2025-01-26,Cerro_Hoya_Expedition_Hoya_505m_prizeCrab_2025-01-26,prizeCrab_2025_01_26__23_32_06_HDR0.jpg,prizeCrab_2025_01_26__23_32_06_HDR0_1_Mothbot_yolo11m_4500_imgsz1600_b1_2024-01-18.pt.jpg
doi.org10.15468dl.6nxkw6.csv,Animalia,Arthropoda,Insecta,Hemiptera,Cicadellidae,,,,9647,,Cicadellidae,Cicadellidae,Cerro_Hoya_Expedition_Hoya_505m_prizeCrab_2025-01-26,prizeCrab_2025_01_26__23_32_06_HDR0_2_Mothbot_yolo11m_4500_imgsz1600_b1_2024-01-18.pt.jpg,HS,Mothbot_yolo11m_4500_imgsz1600_b1_2024-01-18.pt,0.6138433814048767,,prizeCrab,Cerro_Hoya_Expedition/Hoya_505m_prizeCrab_2025-01-26/2025-01-26/patches/prizeCrab_2025_01_26__23_32_06_HDR0_2_Mothbot_yolo11m_4500_imgsz1600_b1_2024-01-18.pt.jpg,ORDER_Diptera,2025-01-26,23:32:06,,2025_01_26__23_32_06,MachineObservation,Cerro_Hoya_Expedition_Hoya_505m_prizeCrab_2025-01-26_2025-01-26,Cerro_Hoya_Expedition_Hoya_505m_prizeCrab_2025-01-26,prizeCrab_2025_01_26__23_32_06_HDR0.jpg,prizeCrab_2025_01_26__23_32_06_HDR0_2_Mothbot_yolo11m_4500_imgsz1600_b1_2024-01-18.pt.jpg
doi.org10.15468dl.6nxkw6.csv,Animalia,Arthropoda,Insecta,Diptera,,,,,811,,Diptera,Diptera,Cerro_Hoya_Expedition_Hoya_505m_prizeCrab_2025-01-26,prizeCrab_2025_01_26__23_32_06_HDR0_3_Mothbot_yolo11m_4500_imgsz1600_b1_2024-01-18.pt.jpg,HS,Mothbot_yolo11m_4500_imgsz1600_b1_2024-01-18.pt,0.5959387421607971,,prizeCrab,Cerro_Hoya_Expedition/Hoya_505m_prizeCrab_2025-01-26/2025-01-26/patches/prizeCrab_2025_01_26__23_32_06_HDR0_3_Mothbot_yolo11m_4500_imgsz1600_b1_2024-01-18.pt.jpg,ORDER_Hymenoptera,2025-01-26,23:32:06,,2025_01_26__23_32_06,MachineObservation,Cerro_Hoya_Expedition_Hoya_505m_prizeCrab_2025-01-26_2025-01-26,Cerro_Hoya_Expedition_Hoya_505m_prizeCrab_2025-01-26,prizeCrab_2025_01_26__23_32_06_HDR0.jpg,prizeCrab_2025_01_26__23_32_06_HDR0_3_Mothbot_yolo11m_4500_imgsz1600_b1_2024-01-18.pt.jpg
doi.org10.15468dl.6nxkw6.csv,Animalia,Arthropoda,Insecta,Hemiptera,Cicadellidae,,,,9647,,Cicadellidae,Cicadellidae,Cerro_Hoya_Expedition_Hoya_505m_prizeCrab_2025-01-26,prizeCrab_2025_01_26__23_33_05_HDR0_0_Mothbot_yolo11m_4500_imgsz1600_b1_2024-01-18.pt.jpg,HS,Mothbot_yolo11m_4500_imgsz1600_b1_2024-01-18.pt,0.5815289616584778,,prizeCrab,Cerro_Hoya_Expedition/Hoya_505m_prizeCrab_2025-01-26/2025-01-26/patches/prizeCrab_2025_01_26__23_33_05_HDR0_0_Mothbot_yolo11m_4500_imgsz1600_b1_2024-01-18.pt.jpg,ORDER_Diptera,2025-01-26,23:33:05,,2025_01_26__23_33_05,MachineObservation,Cerro_Hoya_Expedition_Hoya_505m_prizeCrab_2025-01-26_2025-01-26,Cerro_Hoya_Expedition_Hoya_505m_prizeCrab_2025-01-26,prizeCrab_2025_01_26__23_33_05_HDR0.jpg,prizeCrab_2025_01_26__23_33_05_HDR0_0_Mothbot_yolo11m_4500_imgsz1600_b1_2024-01-18.pt.jpg
doi.org10.15468dl.6nxkw6.csv,Animalia,Arthropoda,Insecta,Diptera,,,,,811,,Diptera,Diptera,Cerro_Hoya_Expedition_Hoya_505m_prizeCrab_2025-01-26,prizeCrab_2025_01_26__23_33_05_HDR0_1_Mothbot_yolo11m_4500_imgsz1600_b1_2024-01-18.pt.jpg,HS,Mothbot_yolo11m_4500_imgsz1600_b1_2024-01-18.pt,0.4293714165687561,,prizeCrab,Cerro_Hoya_Expedition/Hoya_505m_prizeCrab_2025-01-26/2025-01-26/patches/prizeCrab_2025_01_26__23_33_05_HDR0_1_Mothbot_yolo11m_4500_imgsz1600_b1_2024-01-18.pt.jpg,ERROR_floor,2025-01-26,23:33:05,,2025_01_26__23_33_05,MachineObservation,Cerro_Hoya_Expedition_Hoya_505m_prizeCrab_2025-01-26_2025-01-26,Cerro_Hoya_Expedition_Hoya_505m_prizeCrab_2025-01-26,prizeCrab_2025_01_26__23_33_05_HDR0.jpg,prizeCrab_2025_01_26__23_33_05_HDR0_1_Mothbot_yolo11m_4500_imgsz1600_b1_2024-01-18.pt.jpg
doi.org10.15468dl.6nxkw6.csv,Animalia,Arthropoda,Insecta,Diptera,,,,,811,,Diptera,Diptera,Cerro_Hoya_Expedition_Hoya_505m_prizeCrab_2025-01-26,prizeCrab_2025_01_26__23_33_05_HDR0_2_Mothbot_yolo11m_4500_imgsz1600_b1_2024-01-18.pt.jpg,HS,Mothbot_yolo11m_4500_imgsz1600_b1_2024-01-18.pt,0.4163280129432678,,prizeCrab,Cerro_Hoya_Expedition/Hoya_505m_prizeCrab_2025-01-26/2025-01-26/patches/prizeCrab_2025_01_26__23_33_05_HDR0_2_Mothbot_yolo11m_4500_imgsz1600_b1_2024-01-18.pt.jpg,ORDER_Diptera,2025-01-26,23:33:05,,2025_01_26__23_33_05,MachineObservation,Cerro_Hoya_Expedition_Hoya_505m_prizeCrab_2025-01-26_2025-01-26,Cerro_Hoya_Expedition_Hoya_505m_prizeCrab_2025-01-26,prizeCrab_2025_01_26__23_33_05_HDR0.jpg,prizeCrab_2025_01_26__23_33_05_HDR0_2_Mothbot_yolo11m_4500_imgsz1600_b1_2024-01-18.pt.jpg
doi.org10.15468dl.6nxkw6.csv,Animalia,Arthropoda,Insecta,Diptera,,,,,811,,Diptera,Diptera,Cerro_Hoya_Expedition_Hoya_505m_prizeCrab_2025-01-26,prizeCrab_2025_01_26__23_33_05_HDR0_3_Mothbot_yolo11m_4500_imgsz1600_b1_2024-01-18.pt.jpg,HS,Mothbot_yolo11m_4500_imgsz1600_b1_2024-01-18.pt,0.25885969400405884,,prizeCrab,Cerro_Hoya_Expedition/Hoya_505m_prizeCrab_2025-01-26/2025-01-26/patches/prizeCrab_2025_01_26__23_33_05_HDR0_3_Mothbot_yolo11m_4500_imgsz1600_b1_2024-01-18.pt.jpg,ORDER_Diptera,2025-01-26,23:33:05,,2025_01_26__23_33_05,MachineObservation,Cerro_Hoya_Expedition_Hoya_505m_prizeCrab_2025-01-26_2025-01-26,Cerro_Hoya_Expedition_Hoya_505m_prizeCrab_2025-01-26,prizeCrab_2025_01_26__23_33_05_HDR0.jpg,prizeCrab_2025_01_26__23_33_05_HDR0_3_Mothbot_yolo11m_4500_imgsz1600_b1_2024-01-18.pt.jpg
doi.org10.15468dl.6nxkw6.csv,Animalia,Arthropoda,Insecta,Coleoptera,,,,,1470,,Coleoptera,Coleoptera,Cerro_Hoya_Expedition_Hoya_505m_prizeCrab_2025-01-26,prizeCrab_2025_01_26__23_34_06_HDR0_0_Mothbot_yolo11m_4500_imgsz1600_b1_2024-01-18.pt.jpg,HS,Mothbot_yolo11m_4500_imgsz1600_b1_2024-01-18.pt,0.7989773750305176,,prizeCrab,Cerro_Hoya_Expedition/Hoya_505m_prizeCrab_2025-01-26/2025-01-26/patches/prizeCrab_2025_01_26__23_34_06_HDR0_0_Mothbot_yolo11m_4500_imgsz1600_b1_2024-01-18.pt.jpg,ORDER_Coleoptera,2025-01-26,23:34:06,,2025_01_26__23_34_06,MachineObservation,Cerro_Hoya_Expedition_Hoya_505m_prizeCrab_2025-01-26_2025-01-26,Cerro_Hoya_Expedition_Hoya_505m_prizeCrab_2025-01-26,prizeCrab_2025_01_26__23_34_06_HDR0.jpg,prizeCrab_2025_01_26__23_34_06_HDR0_0_Mothbot_yolo11m_4500_imgsz1600_b1_2024-01-18.pt.jpg
doi.org10.15468dl.6nxkw6.csv,Animalia,Arthropoda,Insecta,Hemiptera,Cicadellidae,,,,9647,,Cicadellidae,Cicadellidae,Cerro_Hoya_Expedition_Hoya_505m_prizeCrab_2025-01-26,prizeCrab_2025_01_26__23_34_06_HDR0_1_Mothbot_yolo11m_4500_imgsz1600_b1_2024-01-18.pt.jpg,HS,Mothbot_yolo11m_4500_imgsz1600_b1_2024-01-18.pt,0.6099303960800171,,prizeCrab,Cerro_Hoya_Expedition/Hoya_505m_prizeCrab_2025-01-26/2025-01-26/patches/prizeCrab_2025_01_26__23_34_06_HDR0_1_Mothbot_yolo11m_4500_imgsz1600_b1_2024-01-18.pt.jpg,ORDER_Diptera,2025-01-26,23:34:06,,2025_01_26__23_34_06,MachineObservation,Cerro_Hoya_Expedition_Hoya_505m_prizeCrab_2025-01-26_2025-01-26,Cerro_Hoya_Expedition_Hoya_505m_prizeCrab_2025-01-26,prizeCrab_2025_01_26__23_34_06_HDR0.jpg,prizeCrab_2025_01_26__23_34_06_HDR0_1_Mothbot_yolo11m_4500_imgsz1600_b1_2024-01-18.pt.jpg
doi.org10.15468dl.6nxkw6.csv,Animalia,Arthropoda,Insecta,Diptera,,,,,811,,Diptera,Diptera,Cerro_Hoya_Expedition_Hoya_505m_prizeCrab_2025-01-26,prizeCrab_2025_01_26__23_34_06_HDR0_2_Mothbot_yolo11m_4500_imgsz1600_b1_2024-01-18.pt.jpg,HS,Mothbot_yolo11m_4500_imgsz1600_b1_2024-01-18.pt,0.5214283466339111,,prizeCrab,Cerro_Hoya_Expedition/Hoya_505m_prizeCrab_2025-01-26/2025-01-26/patches/prizeCrab_2025_01_26__23_34_06_HDR0_2_Mothbot_yolo11m_4500_imgsz1600_b1_2024-01-18.pt.jpg,ORDER_Hemiptera,2025-01-26,23:34:06,,2025_01_26__23_34_06,MachineObservation,Cerro_Hoya_Expedition_Hoya_505m_prizeCrab_2025-01-26_2025-01-26,Cerro_Hoya_Expedition_Hoya_505m_prizeCrab_2025-01-26,prizeCrab_2025_01_26__23_34_06_HDR0.jpg,prizeCrab_2025_01_26__23_34_06_HDR0_2_Mothbot_yolo11m_4500_imgsz1600_b1_2024-01-18.pt.jpg
doi.org10.15468dl.6nxkw6.csv,Animalia,Arthropoda,Insecta,Diptera,,,,,811,,Diptera,Diptera,Cerro_Hoya_Expedition_Hoya_505m_prizeCrab_2025-01-26,prizeCrab_2025_01_26__23_34_06_HDR0_3_Mothbot_yolo11m_4500_imgsz1600_b1_2024-01-18.pt.jpg,HS,Mothbot_yolo11m_4500_imgsz1600_b1_2024-01-18.pt,0.45901885628700256,,prizeCrab,Cerro_Hoya_Expedition/Hoya_505m_prizeCrab_2025-01-26/2025-01-26/patches/prizeCrab_2025_01_26__23_34_06_HDR0_3_Mothbot_yolo11m_4500_imgsz1600_b1_2024-01-18.pt.jpg,ERROR_floor,2025-01-26,23:34:06,,2025_01_26__23_34_06,MachineObservation,Cerro_Hoya_Expedition_Hoya_505m_prizeCrab_2025-01-26_2025-01-26,Cerro_Hoya_Expedition_Hoya_505m_prizeCrab_2025-01-26,prizeCrab_2025_01_26__23_34_06_HDR0.jpg,prizeCrab_2025_01_26__23_34_06_HDR0_3_Mothbot_yolo11m_4500_imgsz1600_b1_2024-01-18.pt.jpg
doi.org10.15468dl.6nxkw6.csv,Animalia,Arthropoda,Insecta,Lepidoptera,,,,,797,,Lepidoptera,Lepidoptera,Cerro_Hoya_Expedition_Hoya_505m_prizeCrab_2025-01-26,prizeCrab_2025_01_26__23_34_06_HDR0_4_Mothbot_yolo11m_4500_imgsz1600_b1_2024-01-18.pt.jpg,HS,Mothbot_yolo11m_4500_imgsz1600_b1_2024-01-18.pt,0.3928203284740448,,prizeCrab,Cerro_Hoya_Expedition/Hoya_505m_prizeCrab_2025-01-26/2025-01-26/patches/prizeCrab_2025_01_26__23_34_06_HDR0_4_Mothbot_yolo11m_4500_imgsz1600_b1_2024-01-18.pt.jpg,ORDER_Lepidoptera,2025-01-26,23:34:06,,2025_01_26__23_34_06,MachineObservation,Cerro_Hoya_Expedition_Hoya_505m_prizeCrab_2025-01-26_2025-01-26,Cerro_Hoya_Expedition_Hoya_505m_prizeCrab_2025-01-26,prizeCrab_2025_01_26__23_34_06_HDR0.jpg,prizeCrab_2025_01_26__23_34_06_HDR0_4_Mothbot_yolo11m_4500_imgsz1600_b1_2024-01-18.pt.jpg
doi.org10.15468dl.6nxkw6.csv,Animalia,Arthropoda,Insecta,Diptera,,,,,811,,Diptera,Diptera,Cerro_Hoya_Expedition_Hoya_505m_prizeCrab_2025-01-26,prizeCrab_2025_01_26__23_35_06_HDR0_0_Mothbot_yolo11m_4500_imgsz1600_b1_2024-01-18.pt.jpg,HS,Mothbot_yolo11m_4500_imgsz1600_b1_2024-01-18.pt,0.7129555940628052,,prizeCrab,Cerro_Hoya_Expedition/Hoya_505m_prizeCrab_2025-01-26/2025-01-26/patches/prizeCrab_2025_01_26__23_35_06_HDR0_0_Mothbot_yolo11m_4500_imgsz1600_b1_2024-01-18.pt.jpg,ORDER_Diptera,2025-01-26,23:35:06,,2025_01_26__23_35_06,MachineObservation,Cerro_Hoya_Expedition_Hoya_505m_prizeCrab_2025-01-26_2025-01-26,Cerro_Hoya_Expedition_Hoya_505m_prizeCrab_2025-01-26,prizeCrab_2025_01_26__23_35_06_HDR0.jpg,prizeCrab_2025_01_26__23_35_06_HDR0_0_Mothbot_yolo11m_4500_imgsz1600_b1_2024-01-18.pt.jpg
doi.org10.15468dl.6nxkw6.csv,Animalia,Arthropoda,Insecta,Hemiptera,Cicadellidae,,,,9647,,Cicadellidae,Cicadellidae,Cerro_Hoya_Expedition_Hoya_505m_prizeCrab_2025-01-26,prizeCrab_2025_01_26__23_35_06_HDR0_1_Mothbot_yolo11m_4500_imgsz1600_b1_2024-01-18.pt.jpg,HS,Mothbot_yolo11m_4500_imgsz1600_b1_2024-01-18.pt,0.5947678089141846,,prizeCrab,Cerro_Hoya_Expedition/Hoya_505m_prizeCrab_2025-01-26/2025-01-26/patches/prizeCrab_2025_01_26__23_35_06_HDR0_1_Mothbot_yolo11m_4500_imgsz1600_b1_2024-01-18.pt.jpg,ORDER_Diptera,2025-01-26,23:35:06,,2025_01_26__23_35_06,MachineObservation,Cerro_Hoya_Expedition_Hoya_505m_prizeCrab_2025-01-26_2025-01-26,Cerro_Hoya_Expedition_Hoya_505m_prizeCrab_2025-01-26,prizeCrab_2025_01_26__23_35_06_HDR0.jpg,prizeCrab_2025_01_26__23_35_06_HDR0_1_Mothbot_yolo11m_4500_imgsz1600_b1_2024-01-18.pt.jpg
doi.org10.15468dl.6nxkw6.csv,Animalia,Arthropoda,Insecta,Diptera,,,,,811,,Diptera,Diptera,Cerro_Hoya_Expedition_Hoya_505m_prizeCrab_2025-01-26,prizeCrab_2025_01_26__23_35_06_HDR0_2_Mothbot_yolo11m_4500_imgsz1600_b1_2024-01-18.pt.jpg,HS,Mothbot_yolo11m_4500_imgsz1600_b1_2024-01-18.pt,0.5497821569442749,,prizeCrab,Cerro_Hoya_Expedition/Hoya_505m_prizeCrab_2025-01-26/2025-01-26/patches/prizeCrab_2025_01_26__23_35_06_HDR0_2_Mothbot_yolo11m_4500_imgsz1600_b1_2024-01-18.pt.jpg,ORDER_Diptera,2025-01-26,23:35:06,,2025_01_26__23_35_06,MachineObservation,Cerro_Hoya_Expedition_Hoya_505m_prizeCrab_2025-01-26_2025-01-26,Cerro_Hoya_Expedition_Hoya_505m_prizeCrab_2025-01-26,prizeCrab_2025_01_26__23_35_06_HDR0.jpg,prizeCrab_2025_01_26__23_35_06_HDR0_2_Mothbot_yolo11m_4500_imgsz1600_b1_2024-01-18.pt.jpg
doi.org10.15468dl.6nxkw6.csv,Animalia,Arthropoda,Insecta,Coleoptera,,,,,1470,,Coleoptera,Coleoptera,Cerro_Hoya_Expedition_Hoya_505m_prizeCrab_2025-01-26,prizeCrab_2025_01_26__23_35_06_HDR0_3_Mothbot_yolo11m_4500_imgsz1600_b1_2024-01-18.pt.jpg,HS,Mothbot_yolo11m_4500_imgsz1600_b1_2024-01-18.pt,0.48948729038238525,,prizeCrab,Cerro_Hoya_Expedition/Hoya_505m_prizeCrab_2025-01-26/2025-01-26/patches/prizeCrab_2025_01_26__23_35_06_HDR0_3_Mothbot_yolo11m_4500_imgsz1600_b1_2024-01-18.pt.jpg,ORDER_Hymenoptera,2025-01-26,23:35:06,,2025_01_26__23_35_06,MachineObservation,Cerro_Hoya_Expedition_Hoya_505m_prizeCrab_2025-01-26_2025-01-26,Cerro_Hoya_Expedition_Hoya_505m_prizeCrab_2025-01-26,prizeCrab_2025_01_26__23_35_06_HDR0.jpg,prizeCrab_2025_01_26__23_35_06_HDR0_3_Mothbot_yolo11m_4500_imgsz1600_b1_2024-01-18.pt.jpg
doi.org10.15468dl.6nxkw6.csv,Animalia,Arthropoda,Insecta,Coleoptera,,,,,1470,,Coleoptera,Coleoptera,Cerro_Hoya_Expedition_Hoya_505m_prizeCrab_2025-01-26,prizeCrab_2025_01_26__23_36_06_HDR0_0_Mothbot_yolo11m_4500_imgsz1600_b1_2024-01-18.pt.jpg,HS,Mothbot_yolo11m_4500_imgsz1600_b1_2024-01-18.pt,0.7434558868408203,,prizeCrab,Cerro_Hoya_Expedition/Hoya_505m_prizeCrab_2025-01-26/2025-01-26/patches/prizeCrab_2025_01_26__23_36_06_HDR0_0_Mothbot_yolo11m_4500_imgsz1600_b1_2024-01-18.pt.jpg,ORDER_Psocodea,2025-01-26,23:36:06,,2025_01_26__23_36_06,MachineObservation,Cerro_Hoya_Expedition_Hoya_505m_prizeCrab_2025-01-26_2025-01-26,Cerro_Hoya_Expedition_Hoya_505m_prizeCrab_2025-01-26,prizeCrab_2025_01_26__23_36_06_HDR0.jpg,prizeCrab_2025_01_26__23_36_06_HDR0_0_Mothbot_yolo11m_4500_imgsz1600_b1_2024-01-18.pt.jpg
doi.org10.15468dl.6nxkw6.csv,Animalia,Arthropoda,Insecta,Hemiptera,,,,,809,,Hemiptera,Hemiptera,Cerro_Hoya_Expedition_Hoya_505m_prizeCrab_2025-01-26,prizeCrab_2025_01_26__23_36_06_HDR0_1_Mothbot_yolo11m_4500_imgsz1600_b1_2024-01-18.pt.jpg,HS,Mothbot_yolo11m_4500_imgsz1600_b1_2024-01-18.pt,0.5572655200958252,,prizeCrab,Cerro_Hoya_Expedition/Hoya_505m_prizeCrab_2025-01-26/2025-01-26/patches/prizeCrab_2025_01_26__23_36_06_HDR0_1_Mothbot_yolo11m_4500_imgsz1600_b1_2024-01-18.pt.jpg,ORDER_Diptera,2025-01-26,23:36:06,,2025_01_26__23_36_06,MachineObservation,Cerro_Hoya_Expedition_Hoya_505m_prizeCrab_2025-01-26_2025-01-26,Cerro_Hoya_Expedition_Hoya_505m_prizeCrab_2025-01-26,prizeCrab_2025_01_26__23_36_06_HDR0.jpg,prizeCrab_2025_01_26__23_36_06_HDR0_1_Mothbot_yolo11m_4500_imgsz1600_b1_2024-01-18.pt.jpg
doi.org10.15468dl.6nxkw6.csv,Animalia,Arthropoda,Insecta,,,,,,216,,Insecta,Insecta,Cerro_Hoya_Expedition_Hoya_505m_prizeCrab_2025-01-26,prizeCrab_2025_01_26__23_37_22_HDR0_0_Mothbot_yolo11m_4500_imgsz1600_b1_2024-01-18.pt.jpg,HS,Mothbot_yolo11m_4500_imgsz1600_b1_2024-01-18.pt,0.562109112739563,,prizeCrab,Cerro_Hoya_Expedition/Hoya_505m_prizeCrab_2025-01-26/2025-01-26/patches/prizeCrab_2025_01_26__23_37_22_HDR0_0_Mothbot_yolo11m_4500_imgsz1600_b1_2024-01-18.pt.jpg,ORDER_Diptera,2025-01-26,23:37:22,,2025_01_26__23_37_22,MachineObservation,Cerro_Hoya_Expedition_Hoya_505m_prizeCrab_2025-01-26_2025-01-26,Cerro_Hoya_Expedition_Hoya_505m_prizeCrab_2025-01-26,prizeCrab_2025_01_26__23_37_22_HDR0.jpg,prizeCrab_2025_01_26__23_37_22_HDR0_0_Mothbot_yolo11m_4500_imgsz1600_b1_2024-01-18.pt.jpg
doi.org10.15468dl.6nxkw6.csv,Animalia,Arthropoda,Insecta,Hemiptera,Cicadellidae,,,,9647,,Cicadellidae,Cicadellidae,Cerro_Hoya_Expedition_Hoya_505m_prizeCrab_2025-01-26,prizeCrab_2025_01_26__23_37_22_HDR0_1_Mothbot_yolo11m_4500_imgsz1600_b1_2024-01-18.pt.jpg,HS,Mothbot_yolo11m_4500_imgsz1600_b1_2024-01-18.pt,0.45061424374580383,,prizeCrab,Cerro_Hoya_Expedition/Hoya_505m_prizeCrab_2025-01-26/2025-01-26/patches/prizeCrab_2025_01_26__23_37_22_HDR0_1_Mothbot_yolo11m_4500_imgsz1600_b1_2024-01-18.pt.jpg,ORDER_Diptera,2025-01-26,23:37:22,,2025_01_26__23_37_22,MachineObservation,Cerro_Hoya_Expedition_Hoya_505m_prizeCrab_2025-01-26_2025-01-26,Cerro_Hoya_Expedition_Hoya_505m_prizeCrab_2025-01-26,prizeCrab_2025_01_26__23_37_22_HDR0.jpg,prizeCrab_2025_01_26__23_37_22_HDR0_1_Mothbot_yolo11m_4500_imgsz1600_b1_2024-01-18.pt.jpg
doi.org10.15468dl.6nxkw6.csv,Animalia,Arthropoda,Insecta,,,,,,216,,Insecta,Insecta,Cerro_Hoya_Expedition_Hoya_505m_prizeCrab_2025-01-26,prizeCrab_2025_01_26__23_38_06_HDR0_0_Mothbot_yolo11m_4500_imgsz1600_b1_2024-01-18.pt.jpg,HS,Mothbot_yolo11m_4500_imgsz1600_b1_2024-01-18.pt,0.6314142346382141,,prizeCrab,Cerro_Hoya_Expedition/Hoya_505m_prizeCrab_2025-01-26/2025-01-26/patches/prizeCrab_2025_01_26__23_38_06_HDR0_0_Mothbot_yolo11m_4500_imgsz1600_b1_2024-01-18.pt.jpg,ORDER_Diptera,2025-01-26,23:38:06,,2025_01_26__23_38_06,MachineObservation,Cerro_Hoya_Expedition_Hoya_505m_prizeCrab_2025-01-26_2025-01-26,Cerro_Hoya_Expedition_Hoya_505m_prizeCrab_2025-01-26,prizeCrab_2025_01_26__23_38_06_HDR0.jpg,prizeCrab_2025_01_26__23_38_06_HDR0_0_Mothbot_yolo11m_4500_imgsz1600_b1_2024-01-18.pt.jpg
doi.org10.15468dl.6nxkw6.csv,Animalia,Arthropoda,Insecta,Hemiptera,,,,,809,,Hemiptera,Hemiptera,Cerro_Hoya_Expedition_Hoya_505m_prizeCrab_2025-01-26,prizeCrab_2025_01_26__23_38_06_HDR0_1_Mothbot_yolo11m_4500_imgsz1600_b1_2024-01-18.pt.jpg,HS,Mothbot_yolo11m_4500_imgsz1600_b1_2024-01-18.pt,0.4928002655506134,,prizeCrab,Cerro_Hoya_Expedition/Hoya_505m_prizeCrab_2025-01-26/2025-01-26/patches/prizeCrab_2025_01_26__23_38_06_HDR0_1_Mothbot_yolo11m_4500_imgsz1600_b1_2024-01-18.pt.jpg,ORDER_Diptera,2025-01-26,23:38:06,,2025_01_26__23_38_06,MachineObservation,Cerro_Hoya_Expedition_Hoya_505m_prizeCrab_2025-01-26_2025-01-26,Cerro_Hoya_Expedition_Hoya_505m_prizeCrab_2025-01-26,prizeCrab_2025_01_26__23_38_06_HDR0.jpg,prizeCrab_2025_01_26__23_38_06_HDR0_1_Mothbot_yolo11m_4500_imgsz1600_b1_2024-01-18.pt.jpg
doi.org10.15468dl.6nxkw6.csv,Animalia,Arthropoda,Insecta,Lepidoptera,,,,,797,,Lepidoptera,Lepidoptera,Cerro_Hoya_Expedition_Hoya_505m_prizeCrab_2025-01-26,prizeCrab_2025_01_26__23_39_06_HDR0_0_Mothbot_yolo11m_4500_imgsz1600_b1_2024-01-18.pt.jpg,HS,Mothbot_yolo11m_4500_imgsz1600_b1_2024-01-18.pt,0.5727292895317078,,prizeCrab,Cerro_Hoya_Expedition/Hoya_505m_prizeCrab_2025-01-26/2025-01-26/patches/prizeCrab_2025_01_26__23_39_06_HDR0_0_Mothbot_yolo11m_4500_imgsz1600_b1_2024-01-18.pt.jpg,ORDER_Psocodea,2025-01-26,23:39:06,,2025_01_26__23_39_06,MachineObservation,Cerro_Hoya_Expedition_Hoya_505m_prizeCrab_2025-01-26_2025-01-26,Cerro_Hoya_Expedition_Hoya_505m_prizeCrab_2025-01-26,prizeCrab_2025_01_26__23_39_06_HDR0.jpg,prizeCrab_2025_01_26__23_39_06_HDR0_0_Mothbot_yolo11m_4500_imgsz1600_b1_2024-01-18.pt.jpg
,,,,,,,,,,,,ERROR,Cerro_Hoya_Expedition_Hoya_505m_prizeCrab_2025-01-26,prizeCrab_2025_01_26__23_39_06_HDR0_1_Mothbot_yolo11m_4500_imgsz1600_b1_2024-01-18.pt.jpg,HS,Mothbot_yolo11m_4500_imgsz1600_b1_2024-01-18.pt,0.5364847183227539,,prizeCrab,Cerro_Hoya_Expedition/Hoya_505m_prizeCrab_2025-01-26/2025-01-26/patches/prizeCrab_2025_01_26__23_39_06_HDR0_1_Mothbot_yolo11m_4500_imgsz1600_b1_2024-01-18.pt.jpg,ORDER_Hymenoptera,2025-01-26,23:39:06,,2025_01_26__23_39_06,MachineObservation,Cerro_Hoya_Expedition_Hoya_505m_prizeCrab_2025-01-26_2025-01-26,Cerro_Hoya_Expedition_Hoya_505m_prizeCrab_2025-01-26,prizeCrab_2025_01_26__23_39_06_HDR0.jpg,prizeCrab_2025_01_26__23_39_06_HDR0_1_Mothbot_yolo11m_4500_imgsz1600_b1_2024-01-18.pt.jpg
doi.org10.15468dl.6nxkw6.csv,Animalia,Arthropoda,Insecta,Hemiptera,Cicadellidae,,,,9647,,Cicadellidae,Cicadellidae,Cerro_Hoya_Expedition_Hoya_505m_prizeCrab_2025-01-26,prizeCrab_2025_01_26__23_39_06_HDR0_2_Mothbot_yolo11m_4500_imgsz1600_b1_2024-01-18.pt.jpg,HS,Mothbot_yolo11m_4500_imgsz1600_b1_2024-01-18.pt,0.5289295315742493,,prizeCrab,Cerro_Hoya_Expedition/Hoya_505m_prizeCrab_2025-01-26/2025-01-26/patches/prizeCrab_2025_01_26__23_39_06_HDR0_2_Mothbot_yolo11m_4500_imgsz1600_b1_2024-01-18.pt.jpg,ORDER_Diptera,2025-01-26,23:39:06,,2025_01_26__23_39_06,MachineObservation,Cerro_Hoya_Expedition_Hoya_505m_prizeCrab_2025-01-26_2025-01-26,Cerro_Hoya_Expedition_Hoya_505m_prizeCrab_2025-01-26,prizeCrab_2025_01_26__23_39_06_HDR0.jpg,prizeCrab_2025_01_26__23_39_06_HDR0_2_Mothbot_yolo11m_4500_imgsz1600_b1_2024-01-18.pt.jpg
doi.org10.15468dl.6nxkw6.csv,Animalia,Arthropoda,Insecta,,,,,,216,,Insecta,Insecta,Cerro_Hoya_Expedition_Hoya_505m_prizeCrab_2025-01-26,prizeCrab_2025_01_26__23_39_06_HDR0_3_Mothbot_yolo11m_4500_imgsz1600_b1_2024-01-18.pt.jpg,HS,Mothbot_yolo11m_4500_imgsz1600_b1_2024-01-18.pt,0.45898309350013733,,prizeCrab,Cerro_Hoya_Expedition/Hoya_505m_prizeCrab_2025-01-26/2025-01-26/patches/prizeCrab_2025_01_26__23_39_06_HDR0_3_Mothbot_yolo11m_4500_imgsz1600_b1_2024-01-18.pt.jpg,ORDER_Diptera,2025-01-26,23:39:06,,2025_01_26__23_39_06,MachineObservation,Cerro_Hoya_Expedition_Hoya_505m_prizeCrab_2025-01-26_2025-01-26,Cerro_Hoya_Expedition_Hoya_505m_prizeCrab_2025-01-26,prizeCrab_2025_01_26__23_39_06_HDR0.jpg,prizeCrab_2025_01_26__23_39_06_HDR0_3_Mothbot_yolo11m_4500_imgsz1600_b1_2024-01-18.pt.jpg
doi.org10.15468dl.6nxkw6.csv,Animalia,Arthropoda,Insecta,Hemiptera,Cicadellidae,,,,9647,,Cicadellidae,Cicadellidae,Cerro_Hoya_Expedition_Hoya_505m_prizeCrab_2025-01-26,prizeCrab_2025_01_26__23_40_06_HDR0_0_Mothbot_yolo11m_4500_imgsz1600_b1_2024-01-18.pt.jpg,HS,Mothbot_yolo11m_4500_imgsz1600_b1_2024-01-18.pt,0.6219308972358704,,prizeCrab,Cerro_Hoya_Expedition/Hoya_505m_prizeCrab_2025-01-26/2025-01-26/patches/prizeCrab_2025_01_26__23_40_06_HDR0_0_Mothbot_yolo11m_4500_imgsz1600_b1_2024-01-18.pt.jpg,ORDER_Diptera,2025-01-26,23:40:06,,2025_01_26__23_40_06,MachineObservation,Cerro_Hoya_Expedition_Hoya_505m_prizeCrab_2025-01-26_2025-01-26,Cerro_Hoya_Expedition_Hoya_505m_prizeCrab_2025-01-26,prizeCrab_2025_01_26__23_40_06_HDR0.jpg,prizeCrab_2025_01_26__23_40_06_HDR0_0_Mothbot_yolo11m_4500_imgsz1600_b1_2024-01-18.pt.jpg
doi.org10.15468dl.6nxkw6.csv,Animalia,Arthropoda,Insecta,Diptera,,,,,811,,Diptera,Diptera,Cerro_Hoya_Expedition_Hoya_505m_prizeCrab_2025-01-26,prizeCrab_2025_01_26__23_40_06_HDR0_1_Mothbot_yolo11m_4500_imgsz1600_b1_2024-01-18.pt.jpg,HS,Mothbot_yolo11m_4500_imgsz1600_b1_2024-01-18.pt,0.49864861369132996,,prizeCrab,Cerro_Hoya_Expedition/Hoya_505m_prizeCrab_2025-01-26/2025-01-26/patches/prizeCrab_2025_01_26__23_40_06_HDR0_1_Mothbot_yolo11m_4500_imgsz1600_b1_2024-01-18.pt.jpg,ORDER_Diptera,2025-01-26,23:40:06,,2025_01_26__23_40_06,MachineObservation,Cerro_Hoya_Expedition_Hoya_505m_prizeCrab_2025-01-26_2025-01-26,Cerro_Hoya_Expedition_Hoya_505m_prizeCrab_2025-01-26,prizeCrab_2025_01_26__23_40_06_HDR0.jpg,prizeCrab_2025_01_26__23_40_06_HDR0_1_Mothbot_yolo11m_4500_imgsz1600_b1_2024-01-18.pt.jpg
doi.org10.15468dl.6nxkw6.csv,Animalia,Arthropoda,Insecta,Diptera,,,,,811,,Diptera,Diptera,Cerro_Hoya_Expedition_Hoya_505m_prizeCrab_2025-01-26,prizeCrab_2025_01_26__23_40_06_HDR0_2_Mothbot_yolo11m_4500_imgsz1600_b1_2024-01-18.pt.jpg,HS,Mothbot_yolo11m_4500_imgsz1600_b1_2024-01-18.pt,0.46475163102149963,,prizeCrab,Cerro_Hoya_Expedition/Hoya_505m_prizeCrab_2025-01-26/2025-01-26/patches/prizeCrab_2025_01_26__23_40_06_HDR0_2_Mothbot_yolo11m_4500_imgsz1600_b1_2024-01-18.pt.jpg,ORDER_Diptera,2025-01-26,23:40:06,,2025_01_26__23_40_06,MachineObservation,Cerro_Hoya_Expedition_Hoya_505m_prizeCrab_2025-01-26_2025-01-26,Cerro_Hoya_Expedition_Hoya_505m_prizeCrab_2025-01-26,prizeCrab_2025_01_26__23_40_06_HDR0.jpg,prizeCrab_2025_01_26__23_40_06_HDR0_2_Mothbot_yolo11m_4500_imgsz1600_b1_2024-01-18.pt.jpg
doi.org10.15468dl.6nxkw6.csv,Animalia,Arthropoda,Insecta,Hemiptera,Cicadellidae,,,,9647,,Cicadellidae,Cicadellidae,Cerro_Hoya_Expedition_Hoya_505m_prizeCrab_2025-01-26,prizeCrab_2025_01_26__23_41_05_HDR0_0_Mothbot_yolo11m_4500_imgsz1600_b1_2024-01-18.pt.jpg,HS,Mothbot_yolo11m_4500_imgsz1600_b1_2024-01-18.pt,0.6459919214248657,,prizeCrab,Cerro_Hoya_Expedition/Hoya_505m_prizeCrab_2025-01-26/2025-01-26/patches/prizeCrab_2025_01_26__23_41_05_HDR0_0_Mothbot_yolo11m_4500_imgsz1600_b1_2024-01-18.pt.jpg,ORDER_Diptera,2025-01-26,23:41:05,,2025_01_26__23_41_05,MachineObservation,Cerro_Hoya_Expedition_Hoya_505m_prizeCrab_2025-01-26_2025-01-26,Cerro_Hoya_Expedition_Hoya_505m_prizeCrab_2025-01-26,prizeCrab_2025_01_26__23_41_05_HDR0.jpg,prizeCrab_2025_01_26__23_41_05_HDR0_0_Mothbot_yolo11m_4500_imgsz1600_b1_2024-01-18.pt.jpg
doi.org10.15468dl.6nxkw6.csv,Animalia,Arthropoda,Insecta,Diptera,,,,,811,,Diptera,Diptera,Cerro_Hoya_Expedition_Hoya_505m_prizeCrab_2025-01-26,prizeCrab_2025_01_26__23_41_05_HDR0_1_Mothbot_yolo11m_4500_imgsz1600_b1_2024-01-18.pt.jpg,HS,Mothbot_yolo11m_4500_imgsz1600_b1_2024-01-18.pt,0.45862480998039246,,prizeCrab,Cerro_Hoya_Expedition/Hoya_505m_prizeCrab_2025-01-26/2025-01-26/patches/prizeCrab_2025_01_26__23_41_05_HDR0_1_Mothbot_yolo11m_4500_imgsz1600_b1_2024-01-18.pt.jpg,ORDER_Diptera,2025-01-26,23:41:05,,2025_01_26__23_41_05,MachineObservation,Cerro_Hoya_Expedition_Hoya_505m_prizeCrab_2025-01-26_2025-01-26,Cerro_Hoya_Expedition_Hoya_505m_prizeCrab_2025-01-26,prizeCrab_2025_01_26__23_41_05_HDR0.jpg,prizeCrab_2025_01_26__23_41_05_HDR0_1_Mothbot_yolo11m_4500_imgsz1600_b1_2024-01-18.pt.jpg
doi.org10.15468dl.6nxkw6.csv,Animalia,Arthropoda,Insecta,,,,,,216,,Insecta,Insecta,Cerro_Hoya_Expedition_Hoya_505m_prizeCrab_2025-01-26,prizeCrab_2025_01_26__23_41_05_HDR0_2_Mothbot_yolo11m_4500_imgsz1600_b1_2024-01-18.pt.jpg,HS,Mothbot_yolo11m_4500_imgsz1600_b1_2024-01-18.pt,0.26388218998908997,,prizeCrab,Cerro_Hoya_Expedition/Hoya_505m_prizeCrab_2025-01-26/2025-01-26/patches/prizeCrab_2025_01_26__23_41_05_HDR0_2_Mothbot_yolo11m_4500_imgsz1600_b1_2024-01-18.pt.jpg,ORDER_Psocodea,2025-01-26,23:41:05,,2025_01_26__23_41_05,MachineObservation,Cerro_Hoya_Expedition_Hoya_505m_prizeCrab_2025-01-26_2025-01-26,Cerro_Hoya_Expedition_Hoya_505m_prizeCrab_2025-01-26,prizeCrab_2025_01_26__23_41_05_HDR0.jpg,prizeCrab_2025_01_26__23_41_05_HDR0_2_Mothbot_yolo11m_4500_imgsz1600_b1_2024-01-18.pt.jpg
doi.org10.15468dl.6nxkw6.csv,Animalia,Arthropoda,Insecta,Hemiptera,Cicadellidae,,,,9647,,Cicadellidae,Cicadellidae,Cerro_Hoya_Expedition_Hoya_505m_prizeCrab_2025-01-26,prizeCrab_2025_01_26__23_42_05_HDR0_0_Mothbot_yolo11m_4500_imgsz1600_b1_2024-01-18.pt.jpg,HS,Mothbot_yolo11m_4500_imgsz1600_b1_2024-01-18.pt,0.6480056643486023,,prizeCrab,Cerro_Hoya_Expedition/Hoya_505m_prizeCrab_2025-01-26/2025-01-26/patches/prizeCrab_2025_01_26__23_42_05_HDR0_0_Mothbot_yolo11m_4500_imgsz1600_b1_2024-01-18.pt.jpg,ORDER_Diptera,2025-01-26,23:42:05,,2025_01_26__23_42_05,MachineObservation,Cerro_Hoya_Expedition_Hoya_505m_prizeCrab_2025-01-26_2025-01-26,Cerro_Hoya_Expedition_Hoya_505m_prizeCrab_2025-01-26,prizeCrab_2025_01_26__23_42_05_HDR0.jpg,prizeCrab_2025_01_26__23_42_05_HDR0_0_Mothbot_yolo11m_4500_imgsz1600_b1_2024-01-18.pt.jpg
doi.org10.15468dl.6nxkw6.csv,Animalia,Arthropoda,Insecta,Lepidoptera,,,,,797,,Lepidoptera,Lepidoptera,Cerro_Hoya_Expedition_Hoya_505m_prizeCrab_2025-01-26,prizeCrab_2025_01_26__23_42_05_HDR0_1_Mothbot_yolo11m_4500_imgsz1600_b1_2024-01-18.pt.jpg,HS,Mothbot_yolo11m_4500_imgsz1600_b1_2024-01-18.pt,0.5466852188110352,,prizeCrab,Cerro_Hoya_Expedition/Hoya_505m_prizeCrab_2025-01-26/2025-01-26/patches/prizeCrab_2025_01_26__23_42_05_HDR0_1_Mothbot_yolo11m_4500_imgsz1600_b1_2024-01-18.pt.jpg,ORDER_Diptera,2025-01-26,23:42:05,,2025_01_26__23_42_05,MachineObservation,Cerro_Hoya_Expedition_Hoya_505m_prizeCrab_2025-01-26_2025-01-26,Cerro_Hoya_Expedition_Hoya_505m_prizeCrab_2025-01-26,prizeCrab_2025_01_26__23_42_05_HDR0.jpg,prizeCrab_2025_01_26__23_42_05_HDR0_1_Mothbot_yolo11m_4500_imgsz1600_b1_2024-01-18.pt.jpg
doi.org10.15468dl.6nxkw6.csv,Animalia,Arthropoda,Insecta,,,,,,216,,Insecta,Insecta,Cerro_Hoya_Expedition_Hoya_505m_prizeCrab_2025-01-26,prizeCrab_2025_01_26__23_42_05_HDR0_2_Mothbot_yolo11m_4500_imgsz1600_b1_2024-01-18.pt.jpg,HS,Mothbot_yolo11m_4500_imgsz1600_b1_2024-01-18.pt,0.3905021548271179,,prizeCrab,Cerro_Hoya_Expedition/Hoya_505m_prizeCrab_2025-01-26/2025-01-26/patches/prizeCrab_2025_01_26__23_42_05_HDR0_2_Mothbot_yolo11m_4500_imgsz1600_b1_2024-01-18.pt.jpg,ORDER_Psocodea,2025-01-26,23:42:05,,2025_01_26__23_42_05,MachineObservation,Cerro_Hoya_Expedition_Hoya_505m_prizeCrab_2025-01-26_2025-01-26,Cerro_Hoya_Expedition_Hoya_505m_prizeCrab_2025-01-26,prizeCrab_2025_01_26__23_42_05_HDR0.jpg,prizeCrab_2025_01_26__23_42_05_HDR0_2_Mothbot_yolo11m_4500_imgsz1600_b1_2024-01-18.pt.jpg
doi.org10.15468dl.6nxkw6.csv,Animalia,Arthropoda,Insecta,Diptera,,,,,811,,Diptera,Diptera,Cerro_Hoya_Expedition_Hoya_505m_prizeCrab_2025-01-26,prizeCrab_2025_01_26__23_42_05_HDR0_3_Mothbot_yolo11m_4500_imgsz1600_b1_2024-01-18.pt.jpg,HS,Mothbot_yolo11m_4500_imgsz1600_b1_2024-01-18.pt,0.2934962511062622,,prizeCrab,Cerro_Hoya_Expedition/Hoya_505m_prizeCrab_2025-01-26/2025-01-26/patches/prizeCrab_2025_01_26__23_42_05_HDR0_3_Mothbot_yolo11m_4500_imgsz1600_b1_2024-01-18.pt.jpg,ORDER_Diptera,2025-01-26,23:42:05,,2025_01_26__23_42_05,MachineObservation,Cerro_Hoya_Expedition_Hoya_505m_prizeCrab_2025-01-26_2025-01-26,Cerro_Hoya_Expedition_Hoya_505m_prizeCrab_2025-01-26,prizeCrab_2025_01_26__23_42_05_HDR0.jpg,prizeCrab_2025_01_26__23_42_05_HDR0_3_Mothbot_yolo11m_4500_imgsz1600_b1_2024-01-18.pt.jpg
doi.org10.15468dl.6nxkw6.csv,Animalia,Arthropoda,Insecta,Diptera,,,,,811,,Diptera,Diptera,Cerro_Hoya_Expedition_Hoya_505m_prizeCrab_2025-01-26,prizeCrab_2025_01_26__23_43_06_HDR0_0_Mothbot_yolo11m_4500_imgsz1600_b1_2024-01-18.pt.jpg,HS,Mothbot_yolo11m_4500_imgsz1600_b1_2024-01-18.pt,0.6988531351089478,,prizeCrab,Cerro_Hoya_Expedition/Hoya_505m_prizeCrab_2025-01-26/2025-01-26/patches/prizeCrab_2025_01_26__23_43_06_HDR0_0_Mothbot_yolo11m_4500_imgsz1600_b1_2024-01-18.pt.jpg,ORDER_Diptera,2025-01-26,23:43:06,,2025_01_26__23_43_06,MachineObservation,Cerro_Hoya_Expedition_Hoya_505m_prizeCrab_2025-01-26_2025-01-26,Cerro_Hoya_Expedition_Hoya_505m_prizeCrab_2025-01-26,prizeCrab_2025_01_26__23_43_06_HDR0.jpg,prizeCrab_2025_01_26__23_43_06_HDR0_0_Mothbot_yolo11m_4500_imgsz1600_b1_2024-01-18.pt.jpg
doi.org10.15468dl.6nxkw6.csv,Animalia,Arthropoda,Insecta,Hemiptera,Cicadellidae,,,,9647,,Cicadellidae,Cicadellidae,Cerro_Hoya_Expedition_Hoya_505m_prizeCrab_2025-01-26,prizeCrab_2025_01_26__23_43_06_HDR0_1_Mothbot_yolo11m_4500_imgsz1600_b1_2024-01-18.pt.jpg,HS,Mothbot_yolo11m_4500_imgsz1600_b1_2024-01-18.pt,0.6408078670501709,,prizeCrab,Cerro_Hoya_Expedition/Hoya_505m_prizeCrab_2025-01-26/2025-01-26/patches/prizeCrab_2025_01_26__23_43_06_HDR0_1_Mothbot_yolo11m_4500_imgsz1600_b1_2024-01-18.pt.jpg,ORDER_Diptera,2025-01-26,23:43:06,,2025_01_26__23_43_06,MachineObservation,Cerro_Hoya_Expedition_Hoya_505m_prizeCrab_2025-01-26_2025-01-26,Cerro_Hoya_Expedition_Hoya_505m_prizeCrab_2025-01-26,prizeCrab_2025_01_26__23_43_06_HDR0.jpg,prizeCrab_2025_01_26__23_43_06_HDR0_1_Mothbot_yolo11m_4500_imgsz1600_b1_2024-01-18.pt.jpg
doi.org10.15468dl.6nxkw6.csv,Animalia,Arthropoda,Insecta,Lepidoptera,,,,,797,,Lepidoptera,Lepidoptera,Cerro_Hoya_Expedition_Hoya_505m_prizeCrab_2025-01-26,prizeCrab_2025_01_26__23_43_06_HDR0_2_Mothbot_yolo11m_4500_imgsz1600_b1_2024-01-18.pt.jpg,HS,Mothbot_yolo11m_4500_imgsz1600_b1_2024-01-18.pt,0.487020343542099,,prizeCrab,Cerro_Hoya_Expedition/Hoya_505m_prizeCrab_2025-01-26/2025-01-26/patches/prizeCrab_2025_01_26__23_43_06_HDR0_2_Mothbot_yolo11m_4500_imgsz1600_b1_2024-01-18.pt.jpg,ORDER_Diptera,2025-01-26,23:43:06,,2025_01_26__23_43_06,MachineObservation,Cerro_Hoya_Expedition_Hoya_505m_prizeCrab_2025-01-26_2025-01-26,Cerro_Hoya_Expedition_Hoya_505m_prizeCrab_2025-01-26,prizeCrab_2025_01_26__23_43_06_HDR0.jpg,prizeCrab_2025_01_26__23_43_06_HDR0_2_Mothbot_yolo11m_4500_imgsz1600_b1_2024-01-18.pt.jpg
doi.org10.15468dl.6nxkw6.csv,Animalia,Arthropoda,Insecta,Diptera,,,,,811,,Diptera,Diptera,Cerro_Hoya_Expedition_Hoya_505m_prizeCrab_2025-01-26,prizeCrab_2025_01_26__23_43_06_HDR0_3_Mothbot_yolo11m_4500_imgsz1600_b1_2024-01-18.pt.jpg,HS,Mothbot_yolo11m_4500_imgsz1600_b1_2024-01-18.pt,0.4128977656364441,,prizeCrab,Cerro_Hoya_Expedition/Hoya_505m_prizeCrab_2025-01-26/2025-01-26/patches/prizeCrab_2025_01_26__23_43_06_HDR0_3_Mothbot_yolo11m_4500_imgsz1600_b1_2024-01-18.pt.jpg,ORDER_Coleoptera,2025-01-26,23:43:06,,2025_01_26__23_43_06,MachineObservation,Cerro_Hoya_Expedition_Hoya_505m_prizeCrab_2025-01-26_2025-01-26,Cerro_Hoya_Expedition_Hoya_505m_prizeCrab_2025-01-26,prizeCrab_2025_01_26__23_43_06_HDR0.jpg,prizeCrab_2025_01_26__23_43_06_HDR0_3_Mothbot_yolo11m_4500_imgsz1600_b1_2024-01-18.pt.jpg
doi.org10.15468dl.6nxkw6.csv,Animalia,Arthropoda,Insecta,Diptera,,,,,811,,Diptera,Diptera,Cerro_Hoya_Expedition_Hoya_505m_prizeCrab_2025-01-26,prizeCrab_2025_01_26__23_43_06_HDR0_4_Mothbot_yolo11m_4500_imgsz1600_b1_2024-01-18.pt.jpg,HS,Mothbot_yolo11m_4500_imgsz1600_b1_2024-01-18.pt,0.3562621474266052,,prizeCrab,Cerro_Hoya_Expedition/Hoya_505m_prizeCrab_2025-01-26/2025-01-26/patches/prizeCrab_2025_01_26__23_43_06_HDR0_4_Mothbot_yolo11m_4500_imgsz1600_b1_2024-01-18.pt.jpg,ORDER_Diptera,2025-01-26,23:43:06,,2025_01_26__23_43_06,MachineObservation,Cerro_Hoya_Expedition_Hoya_505m_prizeCrab_2025-01-26_2025-01-26,Cerro_Hoya_Expedition_Hoya_505m_prizeCrab_2025-01-26,prizeCrab_2025_01_26__23_43_06_HDR0.jpg,prizeCrab_2025_01_26__23_43_06_HDR0_4_Mothbot_yolo11m_4500_imgsz1600_b1_2024-01-18.pt.jpg
doi.org10.15468dl.6nxkw6.csv,Animalia,Arthropoda,Insecta,Hemiptera,Cicadellidae,,,,9647,,Cicadellidae,Cicadellidae,Cerro_Hoya_Expedition_Hoya_505m_prizeCrab_2025-01-26,prizeCrab_2025_01_26__23_44_22_HDR0_0_Mothbot_yolo11m_4500_imgsz1600_b1_2024-01-18.pt.jpg,HS,Mothbot_yolo11m_4500_imgsz1600_b1_2024-01-18.pt,0.6428173184394836,,prizeCrab,Cerro_Hoya_Expedition/Hoya_505m_prizeCrab_2025-01-26/2025-01-26/patches/prizeCrab_2025_01_26__23_44_22_HDR0_0_Mothbot_yolo11m_4500_imgsz1600_b1_2024-01-18.pt.jpg,ORDER_Diptera,2025-01-26,23:44:22,,2025_01_26__23_44_22,MachineObservation,Cerro_Hoya_Expedition_Hoya_505m_prizeCrab_2025-01-26_2025-01-26,Cerro_Hoya_Expedition_Hoya_505m_prizeCrab_2025-01-26,prizeCrab_2025_01_26__23_44_22_HDR0.jpg,prizeCrab_2025_01_26__23_44_22_HDR0_0_Mothbot_yolo11m_4500_imgsz1600_b1_2024-01-18.pt.jpg
doi.org10.15468dl.6nxkw6.csv,Animalia,Arthropoda,Insecta,Diptera,,,,,811,,Diptera,Diptera,Cerro_Hoya_Expedition_Hoya_505m_prizeCrab_2025-01-26,prizeCrab_2025_01_26__23_44_22_HDR0_1_Mothbot_yolo11m_4500_imgsz1600_b1_2024-01-18.pt.jpg,HS,Mothbot_yolo11m_4500_imgsz1600_b1_2024-01-18.pt,0.4043591320514679,,prizeCrab,Cerro_Hoya_Expedition/Hoya_505m_prizeCrab_2025-01-26/2025-01-26/patches/prizeCrab_2025_01_26__23_44_22_HDR0_1_Mothbot_yolo11m_4500_imgsz1600_b1_2024-01-18.pt.jpg,ORDER_Diptera,2025-01-26,23:44:22,,2025_01_26__23_44_22,MachineObservation,Cerro_Hoya_Expedition_Hoya_505m_prizeCrab_2025-01-26_2025-01-26,Cerro_Hoya_Expedition_Hoya_505m_prizeCrab_2025-01-26,prizeCrab_2025_01_26__23_44_22_HDR0.jpg,prizeCrab_2025_01_26__23_44_22_HDR0_1_Mothbot_yolo11m_4500_imgsz1600_b1_2024-01-18.pt.jpg
doi.org10.15468dl.6nxkw6.csv,Animalia,Arthropoda,Insecta,Hemiptera,Cicadellidae,,,,9647,,Cicadellidae,Cicadellidae,Cerro_Hoya_Expedition_Hoya_505m_prizeCrab_2025-01-26,prizeCrab_2025_01_26__23_45_06_HDR0_0_Mothbot_yolo11m_4500_imgsz1600_b1_2024-01-18.pt.jpg,HS,Mothbot_yolo11m_4500_imgsz1600_b1_2024-01-18.pt,0.6871209144592285,,prizeCrab,Cerro_Hoya_Expedition/Hoya_505m_prizeCrab_2025-01-26/2025-01-26/patches/prizeCrab_2025_01_26__23_45_06_HDR0_0_Mothbot_yolo11m_4500_imgsz1600_b1_2024-01-18.pt.jpg,ORDER_Diptera,2025-01-26,23:45:06,,2025_01_26__23_45_06,MachineObservation,Cerro_Hoya_Expedition_Hoya_505m_prizeCrab_2025-01-26_2025-01-26,Cerro_Hoya_Expedition_Hoya_505m_prizeCrab_2025-01-26,prizeCrab_2025_01_26__23_45_06_HDR0.jpg,prizeCrab_2025_01_26__23_45_06_HDR0_0_Mothbot_yolo11m_4500_imgsz1600_b1_2024-01-18.pt.jpg
doi.org10.15468dl.6nxkw6.csv,Animalia,Arthropoda,Insecta,Hemiptera,Cicadellidae,,,,9647,,Cicadellidae,Cicadellidae,Cerro_Hoya_Expedition_Hoya_505m_prizeCrab_2025-01-26,prizeCrab_2025_01_26__23_45_06_HDR0_1_Mothbot_yolo11m_4500_imgsz1600_b1_2024-01-18.pt.jpg,HS,Mothbot_yolo11m_4500_imgsz1600_b1_2024-01-18.pt,0.6238252520561218,,prizeCrab,Cerro_Hoya_Expedition/Hoya_505m_prizeCrab_2025-01-26/2025-01-26/patches/prizeCrab_2025_01_26__23_45_06_HDR0_1_Mothbot_yolo11m_4500_imgsz1600_b1_2024-01-18.pt.jpg,ORDER_Diptera,2025-01-26,23:45:06,,2025_01_26__23_45_06,MachineObservation,Cerro_Hoya_Expedition_Hoya_505m_prizeCrab_2025-01-26_2025-01-26,Cerro_Hoya_Expedition_Hoya_505m_prizeCrab_2025-01-26,prizeCrab_2025_01_26__23_45_06_HDR0.jpg,prizeCrab_2025_01_26__23_45_06_HDR0_1_Mothbot_yolo11m_4500_imgsz1600_b1_2024-01-18.pt.jpg
doi.org10.15468dl.6nxkw6.csv,Animalia,Arthropoda,Insecta,Diptera,,,,,811,,Diptera,Diptera,Cerro_Hoya_Expedition_Hoya_505m_prizeCrab_2025-01-26,prizeCrab_2025_01_26__23_45_06_HDR0_2_Mothbot_yolo11m_4500_imgsz1600_b1_2024-01-18.pt.jpg,HS,Mothbot_yolo11m_4500_imgsz1600_b1_2024-01-18.pt,0.39484110474586487,,prizeCrab,Cerro_Hoya_Expedition/Hoya_505m_prizeCrab_2025-01-26/2025-01-26/patches/prizeCrab_2025_01_26__23_45_06_HDR0_2_Mothbot_yolo11m_4500_imgsz1600_b1_2024-01-18.pt.jpg,ORDER_Diptera,2025-01-26,23:45:06,,2025_01_26__23_45_06,MachineObservation,Cerro_Hoya_Expedition_Hoya_505m_prizeCrab_2025-01-26_2025-01-26,Cerro_Hoya_Expedition_Hoya_505m_prizeCrab_2025-01-26,prizeCrab_2025_01_26__23_45_06_HDR0.jpg,prizeCrab_2025_01_26__23_45_06_HDR0_2_Mothbot_yolo11m_4500_imgsz1600_b1_2024-01-18.pt.jpg
doi.org10.15468dl.6nxkw6.csv,Animalia,Arthropoda,Insecta,Hymenoptera,,,,,1457,,Hymenoptera,Hymenoptera,Cerro_Hoya_Expedition_Hoya_505m_prizeCrab_2025-01-26,prizeCrab_2025_01_26__23_46_06_HDR0_0_Mothbot_yolo11m_4500_imgsz1600_b1_2024-01-18.pt.jpg,HS,Mothbot_yolo11m_4500_imgsz1600_b1_2024-01-18.pt,0.7670671343803406,,prizeCrab,Cerro_Hoya_Expedition/Hoya_505m_prizeCrab_2025-01-26/2025-01-26/patches/prizeCrab_2025_01_26__23_46_06_HDR0_0_Mothbot_yolo11m_4500_imgsz1600_b1_2024-01-18.pt.jpg,ORDER_Hymenoptera,2025-01-26,23:46:06,,2025_01_26__23_46_06,MachineObservation,Cerro_Hoya_Expedition_Hoya_505m_prizeCrab_2025-01-26_2025-01-26,Cerro_Hoya_Expedition_Hoya_505m_prizeCrab_2025-01-26,prizeCrab_2025_01_26__23_46_06_HDR0.jpg,prizeCrab_2025_01_26__23_46_06_HDR0_0_Mothbot_yolo11m_4500_imgsz1600_b1_2024-01-18.pt.jpg
doi.org10.15468dl.6nxkw6.csv,Animalia,Arthropoda,Insecta,Lepidoptera,,,,,797,,Lepidoptera,Lepidoptera,Cerro_Hoya_Expedition_Hoya_505m_prizeCrab_2025-01-26,prizeCrab_2025_01_26__23_46_06_HDR0_1_Mothbot_yolo11m_4500_imgsz1600_b1_2024-01-18.pt.jpg,HS,Mothbot_yolo11m_4500_imgsz1600_b1_2024-01-18.pt,0.7595937848091125,,prizeCrab,Cerro_Hoya_Expedition/Hoya_505m_prizeCrab_2025-01-26/2025-01-26/patches/prizeCrab_2025_01_26__23_46_06_HDR0_1_Mothbot_yolo11m_4500_imgsz1600_b1_2024-01-18.pt.jpg,ORDER_Lepidoptera,2025-01-26,23:46:06,,2025_01_26__23_46_06,MachineObservation,Cerro_Hoya_Expedition_Hoya_505m_prizeCrab_2025-01-26_2025-01-26,Cerro_Hoya_Expedition_Hoya_505m_prizeCrab_2025-01-26,prizeCrab_2025_01_26__23_46_06_HDR0.jpg,prizeCrab_2025_01_26__23_46_06_HDR0_1_Mothbot_yolo11m_4500_imgsz1600_b1_2024-01-18.pt.jpg
doi.org10.15468dl.6nxkw6.csv,Animalia,Arthropoda,Insecta,Hemiptera,Cicadellidae,,,,9647,,Cicadellidae,Cicadellidae,Cerro_Hoya_Expedition_Hoya_505m_prizeCrab_2025-01-26,prizeCrab_2025_01_26__23_46_06_HDR0_2_Mothbot_yolo11m_4500_imgsz1600_b1_2024-01-18.pt.jpg,HS,Mothbot_yolo11m_4500_imgsz1600_b1_2024-01-18.pt,0.721724808216095,,prizeCrab,Cerro_Hoya_Expedition/Hoya_505m_prizeCrab_2025-01-26/2025-01-26/patches/prizeCrab_2025_01_26__23_46_06_HDR0_2_Mothbot_yolo11m_4500_imgsz1600_b1_2024-01-18.pt.jpg,ORDER_Diptera,2025-01-26,23:46:06,,2025_01_26__23_46_06,MachineObservation,Cerro_Hoya_Expedition_Hoya_505m_prizeCrab_2025-01-26_2025-01-26,Cerro_Hoya_Expedition_Hoya_505m_prizeCrab_2025-01-26,prizeCrab_2025_01_26__23_46_06_HDR0.jpg,prizeCrab_2025_01_26__23_46_06_HDR0_2_Mothbot_yolo11m_4500_imgsz1600_b1_2024-01-18.pt.jpg
doi.org10.15468dl.6nxkw6.csv,Animalia,Arthropoda,Insecta,Hemiptera,Cicadellidae,,,,9647,,Cicadellidae,Cicadellidae,Cerro_Hoya_Expedition_Hoya_505m_prizeCrab_2025-01-26,prizeCrab_2025_01_26__23_46_06_HDR0_3_Mothbot_yolo11m_4500_imgsz1600_b1_2024-01-18.pt.jpg,HS,Mothbot_yolo11m_4500_imgsz1600_b1_2024-01-18.pt,0.6281530261039734,,prizeCrab,Cerro_Hoya_Expedition/Hoya_505m_prizeCrab_2025-01-26/2025-01-26/patches/prizeCrab_2025_01_26__23_46_06_HDR0_3_Mothbot_yolo11m_4500_imgsz1600_b1_2024-01-18.pt.jpg,ORDER_Ephemeroptera,2025-01-26,23:46:06,,2025_01_26__23_46_06,MachineObservation,Cerro_Hoya_Expedition_Hoya_505m_prizeCrab_2025-01-26_2025-01-26,Cerro_Hoya_Expedition_Hoya_505m_prizeCrab_2025-01-26,prizeCrab_2025_01_26__23_46_06_HDR0.jpg,prizeCrab_2025_01_26__23_46_06_HDR0_3_Mothbot_yolo11m_4500_imgsz1600_b1_2024-01-18.pt.jpg
doi.org10.15468dl.6nxkw6.csv,Animalia,Arthropoda,Insecta,Lepidoptera,,,,,797,,Lepidoptera,Lepidoptera,Cerro_Hoya_Expedition_Hoya_505m_prizeCrab_2025-01-26,prizeCrab_2025_01_26__23_47_05_HDR0_0_Mothbot_yolo11m_4500_imgsz1600_b1_2024-01-18.pt.jpg,HS,Mothbot_yolo11m_4500_imgsz1600_b1_2024-01-18.pt,0.7583330869674683,,prizeCrab,Cerro_Hoya_Expedition/Hoya_505m_prizeCrab_2025-01-26/2025-01-26/patches/prizeCrab_2025_01_26__23_47_05_HDR0_0_Mothbot_yolo11m_4500_imgsz1600_b1_2024-01-18.pt.jpg,ORDER_Lepidoptera,2025-01-26,23:47:05,,2025_01_26__23_47_05,MachineObservation,Cerro_Hoya_Expedition_Hoya_505m_prizeCrab_2025-01-26_2025-01-26,Cerro_Hoya_Expedition_Hoya_505m_prizeCrab_2025-01-26,prizeCrab_2025_01_26__23_47_05_HDR0.jpg,prizeCrab_2025_01_26__23_47_05_HDR0_0_Mothbot_yolo11m_4500_imgsz1600_b1_2024-01-18.pt.jpg
doi.org10.15468dl.6nxkw6.csv,Animalia,Arthropoda,Insecta,Hemiptera,,,,,809,,Hemiptera,Hemiptera,Cerro_Hoya_Expedition_Hoya_505m_prizeCrab_2025-01-26,prizeCrab_2025_01_26__23_47_05_HDR0_1_Mothbot_yolo11m_4500_imgsz1600_b1_2024-01-18.pt.jpg,HS,Mothbot_yolo11m_4500_imgsz1600_b1_2024-01-18.pt,0.7407904863357544,,prizeCrab,Cerro_Hoya_Expedition/Hoya_505m_prizeCrab_2025-01-26/2025-01-26/patches/prizeCrab_2025_01_26__23_47_05_HDR0_1_Mothbot_yolo11m_4500_imgsz1600_b1_2024-01-18.pt.jpg,ORDER_Diptera,2025-01-26,23:47:05,,2025_01_26__23_47_05,MachineObservation,Cerro_Hoya_Expedition_Hoya_505m_prizeCrab_2025-01-26_2025-01-26,Cerro_Hoya_Expedition_Hoya_505m_prizeCrab_2025-01-26,prizeCrab_2025_01_26__23_47_05_HDR0.jpg,prizeCrab_2025_01_26__23_47_05_HDR0_1_Mothbot_yolo11m_4500_imgsz1600_b1_2024-01-18.pt.jpg
doi.org10.15468dl.6nxkw6.csv,Animalia,Arthropoda,Insecta,Diptera,,,,,811,,Diptera,Diptera,Cerro_Hoya_Expedition_Hoya_505m_prizeCrab_2025-01-26,prizeCrab_2025_01_26__23_47_05_HDR0_2_Mothbot_yolo11m_4500_imgsz1600_b1_2024-01-18.pt.jpg,HS,Mothbot_yolo11m_4500_imgsz1600_b1_2024-01-18.pt,0.7122671604156494,,prizeCrab,Cerro_Hoya_Expedition/Hoya_505m_prizeCrab_2025-01-26/2025-01-26/patches/prizeCrab_2025_01_26__23_47_05_HDR0_2_Mothbot_yolo11m_4500_imgsz1600_b1_2024-01-18.pt.jpg,ORDER_Diptera,2025-01-26,23:47:05,,2025_01_26__23_47_05,MachineObservation,Cerro_Hoya_Expedition_Hoya_505m_prizeCrab_2025-01-26_2025-01-26,Cerro_Hoya_Expedition_Hoya_505m_prizeCrab_2025-01-26,prizeCrab_2025_01_26__23_47_05_HDR0.jpg,prizeCrab_2025_01_26__23_47_05_HDR0_2_Mothbot_yolo11m_4500_imgsz1600_b1_2024-01-18.pt.jpg
doi.org10.15468dl.6nxkw6.csv,Animalia,Arthropoda,Insecta,Diptera,,,,,811,,Diptera,Diptera,Cerro_Hoya_Expedition_Hoya_505m_prizeCrab_2025-01-26,prizeCrab_2025_01_26__23_47_05_HDR0_3_Mothbot_yolo11m_4500_imgsz1600_b1_2024-01-18.pt.jpg,HS,Mothbot_yolo11m_4500_imgsz1600_b1_2024-01-18.pt,0.6695850491523743,,prizeCrab,Cerro_Hoya_Expedition/Hoya_505m_prizeCrab_2025-01-26/2025-01-26/patches/prizeCrab_2025_01_26__23_47_05_HDR0_3_Mothbot_yolo11m_4500_imgsz1600_b1_2024-01-18.pt.jpg,ORDER_Diptera,2025-01-26,23:47:05,,2025_01_26__23_47_05,MachineObservation,Cerro_Hoya_Expedition_Hoya_505m_prizeCrab_2025-01-26_2025-01-26,Cerro_Hoya_Expedition_Hoya_505m_prizeCrab_2025-01-26,prizeCrab_2025_01_26__23_47_05_HDR0.jpg,prizeCrab_2025_01_26__23_47_05_HDR0_3_Mothbot_yolo11m_4500_imgsz1600_b1_2024-01-18.pt.jpg
doi.org10.15468dl.6nxkw6.csv,Animalia,Arthropoda,Insecta,Lepidoptera,,,,,797,,Lepidoptera,Lepidoptera,Cerro_Hoya_Expedition_Hoya_505m_prizeCrab_2025-01-26,prizeCrab_2025_01_26__23_48_06_HDR0_0_Mothbot_yolo11m_4500_imgsz1600_b1_2024-01-18.pt.jpg,HS,Mothbot_yolo11m_4500_imgsz1600_b1_2024-01-18.pt,0.7576585412025452,,prizeCrab,Cerro_Hoya_Expedition/Hoya_505m_prizeCrab_2025-01-26/2025-01-26/patches/prizeCrab_2025_01_26__23_48_06_HDR0_0_Mothbot_yolo11m_4500_imgsz1600_b1_2024-01-18.pt.jpg,ORDER_Lepidoptera,2025-01-26,23:48:06,,2025_01_26__23_48_06,MachineObservation,Cerro_Hoya_Expedition_Hoya_505m_prizeCrab_2025-01-26_2025-01-26,Cerro_Hoya_Expedition_Hoya_505m_prizeCrab_2025-01-26,prizeCrab_2025_01_26__23_48_06_HDR0.jpg,prizeCrab_2025_01_26__23_48_06_HDR0_0_Mothbot_yolo11m_4500_imgsz1600_b1_2024-01-18.pt.jpg
doi.org10.15468dl.6nxkw6.csv,Animalia,Arthropoda,Insecta,Hemiptera,Cicadellidae,,,,9647,,Cicadellidae,Cicadellidae,Cerro_Hoya_Expedition_Hoya_505m_prizeCrab_2025-01-26,prizeCrab_2025_01_26__23_48_06_HDR0_1_Mothbot_yolo11m_4500_imgsz1600_b1_2024-01-18.pt.jpg,HS,Mothbot_yolo11m_4500_imgsz1600_b1_2024-01-18.pt,0.6987610459327698,,prizeCrab,Cerro_Hoya_Expedition/Hoya_505m_prizeCrab_2025-01-26/2025-01-26/patches/prizeCrab_2025_01_26__23_48_06_HDR0_1_Mothbot_yolo11m_4500_imgsz1600_b1_2024-01-18.pt.jpg,ORDER_Diptera,2025-01-26,23:48:06,,2025_01_26__23_48_06,MachineObservation,Cerro_Hoya_Expedition_Hoya_505m_prizeCrab_2025-01-26_2025-01-26,Cerro_Hoya_Expedition_Hoya_505m_prizeCrab_2025-01-26,prizeCrab_2025_01_26__23_48_06_HDR0.jpg,prizeCrab_2025_01_26__23_48_06_HDR0_1_Mothbot_yolo11m_4500_imgsz1600_b1_2024-01-18.pt.jpg
doi.org10.15468dl.6nxkw6.csv,Animalia,Arthropoda,Insecta,Lepidoptera,,,,,797,,Lepidoptera,Lepidoptera,Cerro_Hoya_Expedition_Hoya_505m_prizeCrab_2025-01-26,prizeCrab_2025_01_26__23_48_06_HDR0_2_Mothbot_yolo11m_4500_imgsz1600_b1_2024-01-18.pt.jpg,HS,Mothbot_yolo11m_4500_imgsz1600_b1_2024-01-18.pt,0.32565248012542725,,prizeCrab,Cerro_Hoya_Expedition/Hoya_505m_prizeCrab_2025-01-26/2025-01-26/patches/prizeCrab_2025_01_26__23_48_06_HDR0_2_Mothbot_yolo11m_4500_imgsz1600_b1_2024-01-18.pt.jpg,ORDER_Lepidoptera,2025-01-26,23:48:06,,2025_01_26__23_48_06,MachineObservation,Cerro_Hoya_Expedition_Hoya_505m_prizeCrab_2025-01-26_2025-01-26,Cerro_Hoya_Expedition_Hoya_505m_prizeCrab_2025-01-26,prizeCrab_2025_01_26__23_48_06_HDR0.jpg,prizeCrab_2025_01_26__23_48_06_HDR0_2_Mothbot_yolo11m_4500_imgsz1600_b1_2024-01-18.pt.jpg
doi.org10.15468dl.6nxkw6.csv,Animalia,Arthropoda,Insecta,Lepidoptera,,,,,797,,Lepidoptera,Lepidoptera,Cerro_Hoya_Expedition_Hoya_505m_prizeCrab_2025-01-26,prizeCrab_2025_01_26__23_49_06_HDR0_0_Mothbot_yolo11m_4500_imgsz1600_b1_2024-01-18.pt.jpg,HS,Mothbot_yolo11m_4500_imgsz1600_b1_2024-01-18.pt,0.7421106696128845,,prizeCrab,Cerro_Hoya_Expedition/Hoya_505m_prizeCrab_2025-01-26/2025-01-26/patches/prizeCrab_2025_01_26__23_49_06_HDR0_0_Mothbot_yolo11m_4500_imgsz1600_b1_2024-01-18.pt.jpg,ORDER_Lepidoptera,2025-01-26,23:49:06,,2025_01_26__23_49_06,MachineObservation,Cerro_Hoya_Expedition_Hoya_505m_prizeCrab_2025-01-26_2025-01-26,Cerro_Hoya_Expedition_Hoya_505m_prizeCrab_2025-01-26,prizeCrab_2025_01_26__23_49_06_HDR0.jpg,prizeCrab_2025_01_26__23_49_06_HDR0_0_Mothbot_yolo11m_4500_imgsz1600_b1_2024-01-18.pt.jpg
doi.org10.15468dl.6nxkw6.csv,Animalia,Arthropoda,Insecta,Lepidoptera,,,,,797,,Lepidoptera,Lepidoptera,Cerro_Hoya_Expedition_Hoya_505m_prizeCrab_2025-01-26,prizeCrab_2025_01_26__23_50_06_HDR0_0_Mothbot_yolo11m_4500_imgsz1600_b1_2024-01-18.pt.jpg,HS,Mothbot_yolo11m_4500_imgsz1600_b1_2024-01-18.pt,0.7390023469924927,,prizeCrab,Cerro_Hoya_Expedition/Hoya_505m_prizeCrab_2025-01-26/2025-01-26/patches/prizeCrab_2025_01_26__23_50_06_HDR0_0_Mothbot_yolo11m_4500_imgsz1600_b1_2024-01-18.pt.jpg,ORDER_Lepidoptera,2025-01-26,23:50:06,,2025_01_26__23_50_06,MachineObservation,Cerro_Hoya_Expedition_Hoya_505m_prizeCrab_2025-01-26_2025-01-26,Cerro_Hoya_Expedition_Hoya_505m_prizeCrab_2025-01-26,prizeCrab_2025_01_26__23_50_06_HDR0.jpg,prizeCrab_2025_01_26__23_50_06_HDR0_0_Mothbot_yolo11m_4500_imgsz1600_b1_2024-01-18.pt.jpg
doi.org10.15468dl.6nxkw6.csv,Animalia,Arthropoda,Insecta,Diptera,,,,,811,,Diptera,Diptera,Cerro_Hoya_Expedition_Hoya_505m_prizeCrab_2025-01-26,prizeCrab_2025_01_26__23_50_06_HDR0_1_Mothbot_yolo11m_4500_imgsz1600_b1_2024-01-18.pt.jpg,HS,Mothbot_yolo11m_4500_imgsz1600_b1_2024-01-18.pt,0.5177651643753052,,prizeCrab,Cerro_Hoya_Expedition/Hoya_505m_prizeCrab_2025-01-26/2025-01-26/patches/prizeCrab_2025_01_26__23_50_06_HDR0_1_Mothbot_yolo11m_4500_imgsz1600_b1_2024-01-18.pt.jpg,ORDER_Diptera,2025-01-26,23:50:06,,2025_01_26__23_50_06,MachineObservation,Cerro_Hoya_Expedition_Hoya_505m_prizeCrab_2025-01-26_2025-01-26,Cerro_Hoya_Expedition_Hoya_505m_prizeCrab_2025-01-26,prizeCrab_2025_01_26__23_50_06_HDR0.jpg,prizeCrab_2025_01_26__23_50_06_HDR0_1_Mothbot_yolo11m_4500_imgsz1600_b1_2024-01-18.pt.jpg
doi.org10.15468dl.6nxkw6.csv,Animalia,Arthropoda,Insecta,Lepidoptera,,,,,797,,Lepidoptera,Lepidoptera,Cerro_Hoya_Expedition_Hoya_505m_prizeCrab_2025-01-26,prizeCrab_2025_01_26__23_51_22_HDR0_0_Mothbot_yolo11m_4500_imgsz1600_b1_2024-01-18.pt.jpg,HS,Mothbot_yolo11m_4500_imgsz1600_b1_2024-01-18.pt,0.6385173797607422,,prizeCrab,Cerro_Hoya_Expedition/Hoya_505m_prizeCrab_2025-01-26/2025-01-26/patches/prizeCrab_2025_01_26__23_51_22_HDR0_0_Mothbot_yolo11m_4500_imgsz1600_b1_2024-01-18.pt.jpg,ORDER_Lepidoptera,2025-01-26,23:51:22,,2025_01_26__23_51_22,MachineObservation,Cerro_Hoya_Expedition_Hoya_505m_prizeCrab_2025-01-26_2025-01-26,Cerro_Hoya_Expedition_Hoya_505m_prizeCrab_2025-01-26,prizeCrab_2025_01_26__23_51_22_HDR0.jpg,prizeCrab_2025_01_26__23_51_22_HDR0_0_Mothbot_yolo11m_4500_imgsz1600_b1_2024-01-18.pt.jpg
doi.org10.15468dl.6nxkw6.csv,Animalia,Arthropoda,Insecta,Diptera,,,,,811,,Diptera,Diptera,Cerro_Hoya_Expedition_Hoya_505m_prizeCrab_2025-01-26,prizeCrab_2025_01_26__23_51_22_HDR0_1_Mothbot_yolo11m_4500_imgsz1600_b1_2024-01-18.pt.jpg,HS,Mothbot_yolo11m_4500_imgsz1600_b1_2024-01-18.pt,0.6280550360679626,,prizeCrab,Cerro_Hoya_Expedition/Hoya_505m_prizeCrab_2025-01-26/2025-01-26/patches/prizeCrab_2025_01_26__23_51_22_HDR0_1_Mothbot_yolo11m_4500_imgsz1600_b1_2024-01-18.pt.jpg,ORDER_Diptera,2025-01-26,23:51:22,,2025_01_26__23_51_22,MachineObservation,Cerro_Hoya_Expedition_Hoya_505m_prizeCrab_2025-01-26_2025-01-26,Cerro_Hoya_Expedition_Hoya_505m_prizeCrab_2025-01-26,prizeCrab_2025_01_26__23_51_22_HDR0.jpg,prizeCrab_2025_01_26__23_51_22_HDR0_1_Mothbot_yolo11m_4500_imgsz1600_b1_2024-01-18.pt.jpg
doi.org10.15468dl.6nxkw6.csv,Animalia,Arthropoda,Insecta,Lepidoptera,,,,,797,,Lepidoptera,Lepidoptera,Cerro_Hoya_Expedition_Hoya_505m_prizeCrab_2025-01-26,prizeCrab_2025_01_26__23_52_06_HDR0_0_Mothbot_yolo11m_4500_imgsz1600_b1_2024-01-18.pt.jpg,HS,Mothbot_yolo11m_4500_imgsz1600_b1_2024-01-18.pt,0.6472886204719543,,prizeCrab,Cerro_Hoya_Expedition/Hoya_505m_prizeCrab_2025-01-26/2025-01-26/patches/prizeCrab_2025_01_26__23_52_06_HDR0_0_Mothbot_yolo11m_4500_imgsz1600_b1_2024-01-18.pt.jpg,ORDER_Lepidoptera,2025-01-26,23:52:06,,2025_01_26__23_52_06,MachineObservation,Cerro_Hoya_Expedition_Hoya_505m_prizeCrab_2025-01-26_2025-01-26,Cerro_Hoya_Expedition_Hoya_505m_prizeCrab_2025-01-26,prizeCrab_2025_01_26__23_52_06_HDR0.jpg,prizeCrab_2025_01_26__23_52_06_HDR0_0_Mothbot_yolo11m_4500_imgsz1600_b1_2024-01-18.pt.jpg
doi.org10.15468dl.6nxkw6.csv,Animalia,Arthropoda,Insecta,Lepidoptera,,,,,797,,Lepidoptera,Lepidoptera,Cerro_Hoya_Expedition_Hoya_505m_prizeCrab_2025-01-26,prizeCrab_2025_01_26__23_53_05_HDR0_0_Mothbot_yolo11m_4500_imgsz1600_b1_2024-01-18.pt.jpg,HS,Mothbot_yolo11m_4500_imgsz1600_b1_2024-01-18.pt,0.8187761306762695,,prizeCrab,Cerro_Hoya_Expedition/Hoya_505m_prizeCrab_2025-01-26/2025-01-26/patches/prizeCrab_2025_01_26__23_53_05_HDR0_0_Mothbot_yolo11m_4500_imgsz1600_b1_2024-01-18.pt.jpg,ORDER_Lepidoptera,2025-01-26,23:53:05,,2025_01_26__23_53_05,MachineObservation,Cerro_Hoya_Expedition_Hoya_505m_prizeCrab_2025-01-26_2025-01-26,Cerro_Hoya_Expedition_Hoya_505m_prizeCrab_2025-01-26,prizeCrab_2025_01_26__23_53_05_HDR0.jpg,prizeCrab_2025_01_26__23_53_05_HDR0_0_Mothbot_yolo11m_4500_imgsz1600_b1_2024-01-18.pt.jpg
doi.org10.15468dl.6nxkw6.csv,Animalia,Arthropoda,Insecta,Lepidoptera,,,,,797,,Lepidoptera,Lepidoptera,Cerro_Hoya_Expedition_Hoya_505m_prizeCrab_2025-01-26,prizeCrab_2025_01_26__23_53_05_HDR0_1_Mothbot_yolo11m_4500_imgsz1600_b1_2024-01-18.pt.jpg,HS,Mothbot_yolo11m_4500_imgsz1600_b1_2024-01-18.pt,0.6495043635368347,,prizeCrab,Cerro_Hoya_Expedition/Hoya_505m_prizeCrab_2025-01-26/2025-01-26/patches/prizeCrab_2025_01_26__23_53_05_HDR0_1_Mothbot_yolo11m_4500_imgsz1600_b1_2024-01-18.pt.jpg,ORDER_Lepidoptera,2025-01-26,23:53:05,,2025_01_26__23_53_05,MachineObservation,Cerro_Hoya_Expedition_Hoya_505m_prizeCrab_2025-01-26_2025-01-26,Cerro_Hoya_Expedition_Hoya_505m_prizeCrab_2025-01-26,prizeCrab_2025_01_26__23_53_05_HDR0.jpg,prizeCrab_2025_01_26__23_53_05_HDR0_1_Mothbot_yolo11m_4500_imgsz1600_b1_2024-01-18.pt.jpg
doi.org10.15468dl.6nxkw6.csv,Animalia,Arthropoda,Insecta,Diptera,,,,,811,,Diptera,Diptera,Cerro_Hoya_Expedition_Hoya_505m_prizeCrab_2025-01-26,prizeCrab_2025_01_26__23_54_06_HDR0_0_Mothbot_yolo11m_4500_imgsz1600_b1_2024-01-18.pt.jpg,HS,Mothbot_yolo11m_4500_imgsz1600_b1_2024-01-18.pt,0.45442238450050354,,prizeCrab,Cerro_Hoya_Expedition/Hoya_505m_prizeCrab_2025-01-26/2025-01-26/patches/prizeCrab_2025_01_26__23_54_06_HDR0_0_Mothbot_yolo11m_4500_imgsz1600_b1_2024-01-18.pt.jpg,ORDER_Diptera,2025-01-26,23:54:06,,2025_01_26__23_54_06,MachineObservation,Cerro_Hoya_Expedition_Hoya_505m_prizeCrab_2025-01-26_2025-01-26,Cerro_Hoya_Expedition_Hoya_505m_prizeCrab_2025-01-26,prizeCrab_2025_01_26__23_54_06_HDR0.jpg,prizeCrab_2025_01_26__23_54_06_HDR0_0_Mothbot_yolo11m_4500_imgsz1600_b1_2024-01-18.pt.jpg
doi.org10.15468dl.6nxkw6.csv,Animalia,Arthropoda,Insecta,Diptera,,,,,811,,Diptera,Diptera,Cerro_Hoya_Expedition_Hoya_505m_prizeCrab_2025-01-26,prizeCrab_2025_01_26__23_54_06_HDR0_1_Mothbot_yolo11m_4500_imgsz1600_b1_2024-01-18.pt.jpg,HS,Mothbot_yolo11m_4500_imgsz1600_b1_2024-01-18.pt,0.43684372305870056,,prizeCrab,Cerro_Hoya_Expedition/Hoya_505m_prizeCrab_2025-01-26/2025-01-26/patches/prizeCrab_2025_01_26__23_54_06_HDR0_1_Mothbot_yolo11m_4500_imgsz1600_b1_2024-01-18.pt.jpg,ORDER_Diptera,2025-01-26,23:54:06,,2025_01_26__23_54_06,MachineObservation,Cerro_Hoya_Expedition_Hoya_505m_prizeCrab_2025-01-26_2025-01-26,Cerro_Hoya_Expedition_Hoya_505m_prizeCrab_2025-01-26,prizeCrab_2025_01_26__23_54_06_HDR0.jpg,prizeCrab_2025_01_26__23_54_06_HDR0_1_Mothbot_yolo11m_4500_imgsz1600_b1_2024-01-18.pt.jpg
doi.org10.15468dl.6nxkw6.csv,Animalia,Arthropoda,Insecta,Coleoptera,,,,,1470,,Coleoptera,Coleoptera,Cerro_Hoya_Expedition_Hoya_505m_prizeCrab_2025-01-26,prizeCrab_2025_01_26__23_55_06_HDR0_0_Mothbot_yolo11m_4500_imgsz1600_b1_2024-01-18.pt.jpg,HS,Mothbot_yolo11m_4500_imgsz1600_b1_2024-01-18.pt,0.6760634183883667,,prizeCrab,Cerro_Hoya_Expedition/Hoya_505m_prizeCrab_2025-01-26/2025-01-26/patches/prizeCrab_2025_01_26__23_55_06_HDR0_0_Mothbot_yolo11m_4500_imgsz1600_b1_2024-01-18.pt.jpg,ORDER_Coleoptera,2025-01-26,23:55:06,,2025_01_26__23_55_06,MachineObservation,Cerro_Hoya_Expedition_Hoya_505m_prizeCrab_2025-01-26_2025-01-26,Cerro_Hoya_Expedition_Hoya_505m_prizeCrab_2025-01-26,prizeCrab_2025_01_26__23_55_06_HDR0.jpg,prizeCrab_2025_01_26__23_55_06_HDR0_0_Mothbot_yolo11m_4500_imgsz1600_b1_2024-01-18.pt.jpg
doi.org10.15468dl.6nxkw6.csv,Animalia,Arthropoda,Insecta,Coleoptera,,,,,1470,,Coleoptera,Coleoptera,Cerro_Hoya_Expedition_Hoya_505m_prizeCrab_2025-01-26,prizeCrab_2025_01_26__23_56_06_HDR0_0_Mothbot_yolo11m_4500_imgsz1600_b1_2024-01-18.pt.jpg,HS,Mothbot_yolo11m_4500_imgsz1600_b1_2024-01-18.pt,0.7265354990959167,,prizeCrab,Cerro_Hoya_Expedition/Hoya_505m_prizeCrab_2025-01-26/2025-01-26/patches/prizeCrab_2025_01_26__23_56_06_HDR0_0_Mothbot_yolo11m_4500_imgsz1600_b1_2024-01-18.pt.jpg,ORDER_Coleoptera,2025-01-26,23:56:06,,2025_01_26__23_56_06,MachineObservation,Cerro_Hoya_Expedition_Hoya_505m_prizeCrab_2025-01-26_2025-01-26,Cerro_Hoya_Expedition_Hoya_505m_prizeCrab_2025-01-26,prizeCrab_2025_01_26__23_56_06_HDR0.jpg,prizeCrab_2025_01_26__23_56_06_HDR0_0_Mothbot_yolo11m_4500_imgsz1600_b1_2024-01-18.pt.jpg
doi.org10.15468dl.6nxkw6.csv,Animalia,Arthropoda,Insecta,Diptera,,,,,811,,Diptera,Diptera,Cerro_Hoya_Expedition_Hoya_505m_prizeCrab_2025-01-26,prizeCrab_2025_01_26__23_56_06_HDR0_1_Mothbot_yolo11m_4500_imgsz1600_b1_2024-01-18.pt.jpg,HS,Mothbot_yolo11m_4500_imgsz1600_b1_2024-01-18.pt,0.44457748532295227,,prizeCrab,Cerro_Hoya_Expedition/Hoya_505m_prizeCrab_2025-01-26/2025-01-26/patches/prizeCrab_2025_01_26__23_56_06_HDR0_1_Mothbot_yolo11m_4500_imgsz1600_b1_2024-01-18.pt.jpg,ORDER_Diptera,2025-01-26,23:56:06,,2025_01_26__23_56_06,MachineObservation,Cerro_Hoya_Expedition_Hoya_505m_prizeCrab_2025-01-26_2025-01-26,Cerro_Hoya_Expedition_Hoya_505m_prizeCrab_2025-01-26,prizeCrab_2025_01_26__23_56_06_HDR0.jpg,prizeCrab_2025_01_26__23_56_06_HDR0_1_Mothbot_yolo11m_4500_imgsz1600_b1_2024-01-18.pt.jpg
doi.org10.15468dl.6nxkw6.csv,Animalia,Arthropoda,Insecta,Hymenoptera,,,,,1457,,Hymenoptera,Hymenoptera,Cerro_Hoya_Expedition_Hoya_505m_prizeCrab_2025-01-26,prizeCrab_2025_01_26__23_56_06_HDR0_2_Mothbot_yolo11m_4500_imgsz1600_b1_2024-01-18.pt.jpg,HS,Mothbot_yolo11m_4500_imgsz1600_b1_2024-01-18.pt,0.3127257227897644,,prizeCrab,Cerro_Hoya_Expedition/Hoya_505m_prizeCrab_2025-01-26/2025-01-26/patches/prizeCrab_2025_01_26__23_56_06_HDR0_2_Mothbot_yolo11m_4500_imgsz1600_b1_2024-01-18.pt.jpg,ORDER_Hymenoptera,2025-01-26,23:56:06,,2025_01_26__23_56_06,MachineObservation,Cerro_Hoya_Expedition_Hoya_505m_prizeCrab_2025-01-26_2025-01-26,Cerro_Hoya_Expedition_Hoya_505m_prizeCrab_2025-01-26,prizeCrab_2025_01_26__23_56_06_HDR0.jpg,prizeCrab_2025_01_26__23_56_06_HDR0_2_Mothbot_yolo11m_4500_imgsz1600_b1_2024-01-18.pt.jpg
doi.org10.15468dl.6nxkw6.csv,Animalia,Arthropoda,Insecta,Coleoptera,,,,,1470,,Coleoptera,Coleoptera,Cerro_Hoya_Expedition_Hoya_505m_prizeCrab_2025-01-26,prizeCrab_2025_01_26__23_57_06_HDR0_0_Mothbot_yolo11m_4500_imgsz1600_b1_2024-01-18.pt.jpg,HS,Mothbot_yolo11m_4500_imgsz1600_b1_2024-01-18.pt,0.812913715839386,,prizeCrab,Cerro_Hoya_Expedition/Hoya_505m_prizeCrab_2025-01-26/2025-01-26/patches/prizeCrab_2025_01_26__23_57_06_HDR0_0_Mothbot_yolo11m_4500_imgsz1600_b1_2024-01-18.pt.jpg,ORDER_Coleoptera,2025-01-26,23:57:06,,2025_01_26__23_57_06,MachineObservation,Cerro_Hoya_Expedition_Hoya_505m_prizeCrab_2025-01-26_2025-01-26,Cerro_Hoya_Expedition_Hoya_505m_prizeCrab_2025-01-26,prizeCrab_2025_01_26__23_57_06_HDR0.jpg,prizeCrab_2025_01_26__23_57_06_HDR0_0_Mothbot_yolo11m_4500_imgsz1600_b1_2024-01-18.pt.jpg
doi.org10.15468dl.6nxkw6.csv,Animalia,Arthropoda,Insecta,,,,,,216,,Insecta,Insecta,Cerro_Hoya_Expedition_Hoya_505m_prizeCrab_2025-01-26,prizeCrab_2025_01_26__23_57_06_HDR0_1_Mothbot_yolo11m_4500_imgsz1600_b1_2024-01-18.pt.jpg,HS,Mothbot_yolo11m_4500_imgsz1600_b1_2024-01-18.pt,0.51274573802948,,prizeCrab,Cerro_Hoya_Expedition/Hoya_505m_prizeCrab_2025-01-26/2025-01-26/patches/prizeCrab_2025_01_26__23_57_06_HDR0_1_Mothbot_yolo11m_4500_imgsz1600_b1_2024-01-18.pt.jpg,ORDER_Diptera,2025-01-26,23:57:06,,2025_01_26__23_57_06,MachineObservation,Cerro_Hoya_Expedition_Hoya_505m_prizeCrab_2025-01-26_2025-01-26,Cerro_Hoya_Expedition_Hoya_505m_prizeCrab_2025-01-26,prizeCrab_2025_01_26__23_57_06_HDR0.jpg,prizeCrab_2025_01_26__23_57_06_HDR0_1_Mothbot_yolo11m_4500_imgsz1600_b1_2024-01-18.pt.jpg
doi.org10.15468dl.6nxkw6.csv,Animalia,Arthropoda,Insecta,,,,,,216,,Insecta,Insecta,Cerro_Hoya_Expedition_Hoya_505m_prizeCrab_2025-01-26,prizeCrab_2025_01_26__23_57_06_HDR0_2_Mothbot_yolo11m_4500_imgsz1600_b1_2024-01-18.pt.jpg,HS,Mothbot_yolo11m_4500_imgsz1600_b1_2024-01-18.pt,0.25438305735588074,,prizeCrab,Cerro_Hoya_Expedition/Hoya_505m_prizeCrab_2025-01-26/2025-01-26/patches/prizeCrab_2025_01_26__23_57_06_HDR0_2_Mothbot_yolo11m_4500_imgsz1600_b1_2024-01-18.pt.jpg,ORDER_Diptera,2025-01-26,23:57:06,,2025_01_26__23_57_06,MachineObservation,Cerro_Hoya_Expedition_Hoya_505m_prizeCrab_2025-01-26_2025-01-26,Cerro_Hoya_Expedition_Hoya_505m_prizeCrab_2025-01-26,prizeCrab_2025_01_26__23_57_06_HDR0.jpg,prizeCrab_2025_01_26__23_57_06_HDR0_2_Mothbot_yolo11m_4500_imgsz1600_b1_2024-01-18.pt.jpg
doi.org10.15468dl.6nxkw6.csv,Animalia,Arthropoda,Insecta,Coleoptera,,,,,1470,,Coleoptera,Coleoptera,Cerro_Hoya_Expedition_Hoya_505m_prizeCrab_2025-01-26,prizeCrab_2025_01_26__23_58_21_HDR0_0_Mothbot_yolo11m_4500_imgsz1600_b1_2024-01-18.pt.jpg,HS,Mothbot_yolo11m_4500_imgsz1600_b1_2024-01-18.pt,0.5858126282691956,,prizeCrab,Cerro_Hoya_Expedition/Hoya_505m_prizeCrab_2025-01-26/2025-01-26/patches/prizeCrab_2025_01_26__23_58_21_HDR0_0_Mothbot_yolo11m_4500_imgsz1600_b1_2024-01-18.pt.jpg,ORDER_Blattodea,2025-01-26,23:58:21,,2025_01_26__23_58_21,MachineObservation,Cerro_Hoya_Expedition_Hoya_505m_prizeCrab_2025-01-26_2025-01-26,Cerro_Hoya_Expedition_Hoya_505m_prizeCrab_2025-01-26,prizeCrab_2025_01_26__23_58_21_HDR0.jpg,prizeCrab_2025_01_26__23_58_21_HDR0_0_Mothbot_yolo11m_4500_imgsz1600_b1_2024-01-18.pt.jpg
doi.org10.15468dl.6nxkw6.csv,Animalia,Arthropoda,Insecta,Hemiptera,,,,,809,,Hemiptera,Hemiptera,Cerro_Hoya_Expedition_Hoya_505m_prizeCrab_2025-01-26,prizeCrab_2025_01_26__23_59_05_HDR0_0_Mothbot_yolo11m_4500_imgsz1600_b1_2024-01-18.pt.jpg,HS,Mothbot_yolo11m_4500_imgsz1600_b1_2024-01-18.pt,0.7491589188575745,,prizeCrab,Cerro_Hoya_Expedition/Hoya_505m_prizeCrab_2025-01-26/2025-01-26/patches/prizeCrab_2025_01_26__23_59_05_HDR0_0_Mothbot_yolo11m_4500_imgsz1600_b1_2024-01-18.pt.jpg,ORDER_Diptera,2025-01-26,23:59:05,,2025_01_26__23_59_05,MachineObservation,Cerro_Hoya_Expedition_Hoya_505m_prizeCrab_2025-01-26_2025-01-26,Cerro_Hoya_Expedition_Hoya_505m_prizeCrab_2025-01-26,prizeCrab_2025_01_26__23_59_05_HDR0.jpg,prizeCrab_2025_01_26__23_59_05_HDR0_0_Mothbot_yolo11m_4500_imgsz1600_b1_2024-01-18.pt.jpg
doi.org10.15468dl.6nxkw6.csv,Animalia,Arthropoda,Insecta,Coleoptera,,,,,1470,,Coleoptera,Coleoptera,Cerro_Hoya_Expedition_Hoya_505m_prizeCrab_2025-01-26,prizeCrab_2025_01_26__23_59_05_HDR0_1_Mothbot_yolo11m_4500_imgsz1600_b1_2024-01-18.pt.jpg,HS,Mothbot_yolo11m_4500_imgsz1600_b1_2024-01-18.pt,0.7089601159095764,,prizeCrab,Cerro_Hoya_Expedition/Hoya_505m_prizeCrab_2025-01-26/2025-01-26/patches/prizeCrab_2025_01_26__23_59_05_HDR0_1_Mothbot_yolo11m_4500_imgsz1600_b1_2024-01-18.pt.jpg,ORDER_Coleoptera,2025-01-26,23:59:05,,2025_01_26__23_59_05,MachineObservation,Cerro_Hoya_Expedition_Hoya_505m_prizeCrab_2025-01-26_2025-01-26,Cerro_Hoya_Expedition_Hoya_505m_prizeCrab_2025-01-26,prizeCrab_2025_01_26__23_59_05_HDR0.jpg,prizeCrab_2025_01_26__23_59_05_HDR0_1_Mothbot_yolo11m_4500_imgsz1600_b1_2024-01-18.pt.jpg
doi.org10.15468dl.6nxkw6.csv,Animalia,Arthropoda,Insecta,Diptera,,,,,811,,Diptera,Diptera,Cerro_Hoya_Expedition_Hoya_505m_prizeCrab_2025-01-26,prizeCrab_2025_01_26__23_59_05_HDR0_2_Mothbot_yolo11m_4500_imgsz1600_b1_2024-01-18.pt.jpg,HS,Mothbot_yolo11m_4500_imgsz1600_b1_2024-01-18.pt,0.5151728391647339,,prizeCrab,Cerro_Hoya_Expedition/Hoya_505m_prizeCrab_2025-01-26/2025-01-26/patches/prizeCrab_2025_01_26__23_59_05_HDR0_2_Mothbot_yolo11m_4500_imgsz1600_b1_2024-01-18.pt.jpg,ORDER_Hymenoptera,2025-01-26,23:59:05,,2025_01_26__23_59_05,MachineObservation,Cerro_Hoya_Expedition_Hoya_505m_prizeCrab_2025-01-26_2025-01-26,Cerro_Hoya_Expedition_Hoya_505m_prizeCrab_2025-01-26,prizeCrab_2025_01_26__23_59_05_HDR0.jpg,prizeCrab_2025_01_26__23_59_05_HDR0_2_Mothbot_yolo11m_4500_imgsz1600_b1_2024-01-18.pt.jpg
doi.org10.15468dl.6nxkw6.csv,Animalia,Arthropoda,Insecta,Coleoptera,,,,,1470,,Coleoptera,Coleoptera,Cerro_Hoya_Expedition_Hoya_505m_prizeCrab_2025-01-26,prizeCrab_2025_01_27__00_00_06_HDR0_0_Mothbot_yolo11m_4500_imgsz1600_b1_2024-01-18.pt.jpg,HS,Mothbot_yolo11m_4500_imgsz1600_b1_2024-01-18.pt,0.6721034049987793,,prizeCrab,Cerro_Hoya_Expedition/Hoya_505m_prizeCrab_2025-01-26/2025-01-26/patches/prizeCrab_2025_01_27__00_00_06_HDR0_0_Mothbot_yolo11m_4500_imgsz1600_b1_2024-01-18.pt.jpg,ORDER_Coleoptera,2025-01-27,00:00:06,,2025_01_27__00_00_06,MachineObservation,Cerro_Hoya_Expedition_Hoya_505m_prizeCrab_2025-01-26_2025-01-26,Cerro_Hoya_Expedition_Hoya_505m_prizeCrab_2025-01-26,prizeCrab_2025_01_27__00_00_06_HDR0.jpg,prizeCrab_2025_01_27__00_00_06_HDR0_0_Mothbot_yolo11m_4500_imgsz1600_b1_2024-01-18.pt.jpg
doi.org10.15468dl.6nxkw6.csv,Animalia,Arthropoda,Insecta,Diptera,,,,,811,,Diptera,Diptera,Cerro_Hoya_Expedition_Hoya_505m_prizeCrab_2025-01-26,prizeCrab_2025_01_27__02_04_06_HDR0_0_Mothbot_yolo11m_4500_imgsz1600_b1_2024-01-18.pt.jpg,HS,Mothbot_yolo11m_4500_imgsz1600_b1_2024-01-18.pt,0.428846150636673,,prizeCrab,Cerro_Hoya_Expedition/Hoya_505m_prizeCrab_2025-01-26/2025-01-26/patches/prizeCrab_2025_01_27__02_04_06_HDR0_0_Mothbot_yolo11m_4500_imgsz1600_b1_2024-01-18.pt.jpg,ORDER_Diptera,2025-01-27,02:04:06,,2025_01_27__02_04_06,MachineObservation,Cerro_Hoya_Expedition_Hoya_505m_prizeCrab_2025-01-26_2025-01-26,Cerro_Hoya_Expedition_Hoya_505m_prizeCrab_2025-01-26,prizeCrab_2025_01_27__02_04_06_HDR0.jpg,prizeCrab_2025_01_27__02_04_06_HDR0_0_Mothbot_yolo11m_4500_imgsz1600_b1_2024-01-18.pt.jpg
doi.org10.15468dl.6nxkw6.csv,Animalia,Arthropoda,Insecta,Diptera,,,,,811,,Diptera,Diptera,Cerro_Hoya_Expedition_Hoya_505m_prizeCrab_2025-01-26,prizeCrab_2025_01_27__02_09_06_HDR0_0_Mothbot_yolo11m_4500_imgsz1600_b1_2024-01-18.pt.jpg,HS,Mothbot_yolo11m_4500_imgsz1600_b1_2024-01-18.pt,0.31623244285583496,,prizeCrab,Cerro_Hoya_Expedition/Hoya_505m_prizeCrab_2025-01-26/2025-01-26/patches/prizeCrab_2025_01_27__02_09_06_HDR0_0_Mothbot_yolo11m_4500_imgsz1600_b1_2024-01-18.pt.jpg,ORDER_Diptera,2025-01-27,02:09:06,,2025_01_27__02_09_06,MachineObservation,Cerro_Hoya_Expedition_Hoya_505m_prizeCrab_2025-01-26_2025-01-26,Cerro_Hoya_Expedition_Hoya_505m_prizeCrab_2025-01-26,prizeCrab_2025_01_27__02_09_06_HDR0.jpg,prizeCrab_2025_01_27__02_09_06_HDR0_0_Mothbot_yolo11m_4500_imgsz1600_b1_2024-01-18.pt.jpg
doi.org10.15468dl.6nxkw6.csv,Animalia,Arthropoda,Insecta,Diptera,,,,,811,,Diptera,Diptera,Cerro_Hoya_Expedition_Hoya_505m_prizeCrab_2025-01-26,prizeCrab_2025_01_27__02_10_06_HDR0_0_Mothbot_yolo11m_4500_imgsz1600_b1_2024-01-18.pt.jpg,HS,Mothbot_yolo11m_4500_imgsz1600_b1_2024-01-18.pt,0.5966464877128601,,prizeCrab,Cerro_Hoya_Expedition/Hoya_505m_prizeCrab_2025-01-26/2025-01-26/patches/prizeCrab_2025_01_27__02_10_06_HDR0_0_Mothbot_yolo11m_4500_imgsz1600_b1_2024-01-18.pt.jpg,ORDER_Diptera,2025-01-27,02:10:06,,2025_01_27__02_10_06,MachineObservation,Cerro_Hoya_Expedition_Hoya_505m_prizeCrab_2025-01-26_2025-01-26,Cerro_Hoya_Expedition_Hoya_505m_prizeCrab_2025-01-26,prizeCrab_2025_01_27__02_10_06_HDR0.jpg,prizeCrab_2025_01_27__02_10_06_HDR0_0_Mothbot_yolo11m_4500_imgsz1600_b1_2024-01-18.pt.jpg
doi.org10.15468dl.6nxkw6.csv,Animalia,Arthropoda,Insecta,Lepidoptera,,,,,797,,Lepidoptera,Lepidoptera,Cerro_Hoya_Expedition_Hoya_505m_prizeCrab_2025-01-26,prizeCrab_2025_01_27__02_13_06_HDR0_0_Mothbot_yolo11m_4500_imgsz1600_b1_2024-01-18.pt.jpg,HS,Mothbot_yolo11m_4500_imgsz1600_b1_2024-01-18.pt,0.7146649360656738,,prizeCrab,Cerro_Hoya_Expedition/Hoya_505m_prizeCrab_2025-01-26/2025-01-26/patches/prizeCrab_2025_01_27__02_13_06_HDR0_0_Mothbot_yolo11m_4500_imgsz1600_b1_2024-01-18.pt.jpg,ORDER_Lepidoptera,2025-01-27,02:13:06,,2025_01_27__02_13_06,MachineObservation,Cerro_Hoya_Expedition_Hoya_505m_prizeCrab_2025-01-26_2025-01-26,Cerro_Hoya_Expedition_Hoya_505m_prizeCrab_2025-01-26,prizeCrab_2025_01_27__02_13_06_HDR0.jpg,prizeCrab_2025_01_27__02_13_06_HDR0_0_Mothbot_yolo11m_4500_imgsz1600_b1_2024-01-18.pt.jpg
doi.org10.15468dl.6nxkw6.csv,Animalia,Arthropoda,Insecta,Hemiptera,,,,,809,,Hemiptera,Hemiptera,Cerro_Hoya_Expedition_Hoya_505m_prizeCrab_2025-01-26,prizeCrab_2025_01_27__02_14_06_HDR0_0_Mothbot_yolo11m_4500_imgsz1600_b1_2024-01-18.pt.jpg,HS,Mothbot_yolo11m_4500_imgsz1600_b1_2024-01-18.pt,0.7286854982376099,,prizeCrab,Cerro_Hoya_Expedition/Hoya_505m_prizeCrab_2025-01-26/2025-01-26/patches/prizeCrab_2025_01_27__02_14_06_HDR0_0_Mothbot_yolo11m_4500_imgsz1600_b1_2024-01-18.pt.jpg,ORDER_Diptera,2025-01-27,02:14:06,,2025_01_27__02_14_06,MachineObservation,Cerro_Hoya_Expedition_Hoya_505m_prizeCrab_2025-01-26_2025-01-26,Cerro_Hoya_Expedition_Hoya_505m_prizeCrab_2025-01-26,prizeCrab_2025_01_27__02_14_06_HDR0.jpg,prizeCrab_2025_01_27__02_14_06_HDR0_0_Mothbot_yolo11m_4500_imgsz1600_b1_2024-01-18.pt.jpg
doi.org10.15468dl.6nxkw6.csv,Animalia,Arthropoda,Insecta,Hemiptera,,,,,809,,Hemiptera,Hemiptera,Cerro_Hoya_Expedition_Hoya_505m_prizeCrab_2025-01-26,prizeCrab_2025_01_27__02_15_22_HDR0_0_Mothbot_yolo11m_4500_imgsz1600_b1_2024-01-18.pt.jpg,HS,Mothbot_yolo11m_4500_imgsz1600_b1_2024-01-18.pt,0.6589736342430115,,prizeCrab,Cerro_Hoya_Expedition/Hoya_505m_prizeCrab_2025-01-26/2025-01-26/patches/prizeCrab_2025_01_27__02_15_22_HDR0_0_Mothbot_yolo11m_4500_imgsz1600_b1_2024-01-18.pt.jpg,ORDER_Psocodea,2025-01-27,02:15:22,,2025_01_27__02_15_22,MachineObservation,Cerro_Hoya_Expedition_Hoya_505m_prizeCrab_2025-01-26_2025-01-26,Cerro_Hoya_Expedition_Hoya_505m_prizeCrab_2025-01-26,prizeCrab_2025_01_27__02_15_22_HDR0.jpg,prizeCrab_2025_01_27__02_15_22_HDR0_0_Mothbot_yolo11m_4500_imgsz1600_b1_2024-01-18.pt.jpg
doi.org10.15468dl.6nxkw6.csv,Animalia,Arthropoda,Insecta,Diptera,,,,,811,,Diptera,Diptera,Cerro_Hoya_Expedition_Hoya_505m_prizeCrab_2025-01-26,prizeCrab_2025_01_27__02_15_22_HDR0_1_Mothbot_yolo11m_4500_imgsz1600_b1_2024-01-18.pt.jpg,HS,Mothbot_yolo11m_4500_imgsz1600_b1_2024-01-18.pt,0.40389925241470337,,prizeCrab,Cerro_Hoya_Expedition/Hoya_505m_prizeCrab_2025-01-26/2025-01-26/patches/prizeCrab_2025_01_27__02_15_22_HDR0_1_Mothbot_yolo11m_4500_imgsz1600_b1_2024-01-18.pt.jpg,ORDER_Diptera,2025-01-27,02:15:22,,2025_01_27__02_15_22,MachineObservation,Cerro_Hoya_Expedition_Hoya_505m_prizeCrab_2025-01-26_2025-01-26,Cerro_Hoya_Expedition_Hoya_505m_prizeCrab_2025-01-26,prizeCrab_2025_01_27__02_15_22_HDR0.jpg,prizeCrab_2025_01_27__02_15_22_HDR0_1_Mothbot_yolo11m_4500_imgsz1600_b1_2024-01-18.pt.jpg
doi.org10.15468dl.6nxkw6.csv,Animalia,Arthropoda,Insecta,,,,,,216,,Insecta,Insecta,Cerro_Hoya_Expedition_Hoya_505m_prizeCrab_2025-01-26,prizeCrab_2025_01_27__02_15_22_HDR0_2_Mothbot_yolo11m_4500_imgsz1600_b1_2024-01-18.pt.jpg,HS,Mothbot_yolo11m_4500_imgsz1600_b1_2024-01-18.pt,0.35755249857902527,,prizeCrab,Cerro_Hoya_Expedition/Hoya_505m_prizeCrab_2025-01-26/2025-01-26/patches/prizeCrab_2025_01_27__02_15_22_HDR0_2_Mothbot_yolo11m_4500_imgsz1600_b1_2024-01-18.pt.jpg,ORDER_Diptera,2025-01-27,02:15:22,,2025_01_27__02_15_22,MachineObservation,Cerro_Hoya_Expedition_Hoya_505m_prizeCrab_2025-01-26_2025-01-26,Cerro_Hoya_Expedition_Hoya_505m_prizeCrab_2025-01-26,prizeCrab_2025_01_27__02_15_22_HDR0.jpg,prizeCrab_2025_01_27__02_15_22_HDR0_2_Mothbot_yolo11m_4500_imgsz1600_b1_2024-01-18.pt.jpg
doi.org10.15468dl.6nxkw6.csv,Animalia,Arthropoda,Insecta,Hymenoptera,,,,,1457,,Hymenoptera,Hymenoptera,Cerro_Hoya_Expedition_Hoya_505m_prizeCrab_2025-01-26,prizeCrab_2025_01_27__02_15_22_HDR0_3_Mothbot_yolo11m_4500_imgsz1600_b1_2024-01-18.pt.jpg,HS,Mothbot_yolo11m_4500_imgsz1600_b1_2024-01-18.pt,0.2901597023010254,,prizeCrab,Cerro_Hoya_Expedition/Hoya_505m_prizeCrab_2025-01-26/2025-01-26/patches/prizeCrab_2025_01_27__02_15_22_HDR0_3_Mothbot_yolo11m_4500_imgsz1600_b1_2024-01-18.pt.jpg,ORDER_Diptera,2025-01-27,02:15:22,,2025_01_27__02_15_22,MachineObservation,Cerro_Hoya_Expedition_Hoya_505m_prizeCrab_2025-01-26_2025-01-26,Cerro_Hoya_Expedition_Hoya_505m_prizeCrab_2025-01-26,prizeCrab_2025_01_27__02_15_22_HDR0.jpg,prizeCrab_2025_01_27__02_15_22_HDR0_3_Mothbot_yolo11m_4500_imgsz1600_b1_2024-01-18.pt.jpg
doi.org10.15468dl.6nxkw6.csv,Animalia,Arthropoda,Insecta,Hemiptera,Cicadellidae,,,,9647,,Cicadellidae,Cicadellidae,Cerro_Hoya_Expedition_Hoya_505m_prizeCrab_2025-01-26,prizeCrab_2025_01_27__02_16_06_HDR0_0_Mothbot_yolo11m_4500_imgsz1600_b1_2024-01-18.pt.jpg,HS,Mothbot_yolo11m_4500_imgsz1600_b1_2024-01-18.pt,0.6525304913520813,,prizeCrab,Cerro_Hoya_Expedition/Hoya_505m_prizeCrab_2025-01-26/2025-01-26/patches/prizeCrab_2025_01_27__02_16_06_HDR0_0_Mothbot_yolo11m_4500_imgsz1600_b1_2024-01-18.pt.jpg,ORDER_Diptera,2025-01-27,02:16:06,,2025_01_27__02_16_06,MachineObservation,Cerro_Hoya_Expedition_Hoya_505m_prizeCrab_2025-01-26_2025-01-26,Cerro_Hoya_Expedition_Hoya_505m_prizeCrab_2025-01-26,prizeCrab_2025_01_27__02_16_06_HDR0.jpg,prizeCrab_2025_01_27__02_16_06_HDR0_0_Mothbot_yolo11m_4500_imgsz1600_b1_2024-01-18.pt.jpg
doi.org10.15468dl.6nxkw6.csv,Animalia,Arthropoda,Insecta,Diptera,,,,,811,,Diptera,Diptera,Cerro_Hoya_Expedition_Hoya_505m_prizeCrab_2025-01-26,prizeCrab_2025_01_27__02_16_06_HDR0_1_Mothbot_yolo11m_4500_imgsz1600_b1_2024-01-18.pt.jpg,HS,Mothbot_yolo11m_4500_imgsz1600_b1_2024-01-18.pt,0.6266221404075623,,prizeCrab,Cerro_Hoya_Expedition/Hoya_505m_prizeCrab_2025-01-26/2025-01-26/patches/prizeCrab_2025_01_27__02_16_06_HDR0_1_Mothbot_yolo11m_4500_imgsz1600_b1_2024-01-18.pt.jpg,ORDER_Diptera,2025-01-27,02:16:06,,2025_01_27__02_16_06,MachineObservation,Cerro_Hoya_Expedition_Hoya_505m_prizeCrab_2025-01-26_2025-01-26,Cerro_Hoya_Expedition_Hoya_505m_prizeCrab_2025-01-26,prizeCrab_2025_01_27__02_16_06_HDR0.jpg,prizeCrab_2025_01_27__02_16_06_HDR0_1_Mothbot_yolo11m_4500_imgsz1600_b1_2024-01-18.pt.jpg
doi.org10.15468dl.6nxkw6.csv,Animalia,Arthropoda,Insecta,Diptera,,,,,811,,Diptera,Diptera,Cerro_Hoya_Expedition_Hoya_505m_prizeCrab_2025-01-26,prizeCrab_2025_01_27__02_16_06_HDR0_2_Mothbot_yolo11m_4500_imgsz1600_b1_2024-01-18.pt.jpg,HS,Mothbot_yolo11m_4500_imgsz1600_b1_2024-01-18.pt,0.5619683861732483,,prizeCrab,Cerro_Hoya_Expedition/Hoya_505m_prizeCrab_2025-01-26/2025-01-26/patches/prizeCrab_2025_01_27__02_16_06_HDR0_2_Mothbot_yolo11m_4500_imgsz1600_b1_2024-01-18.pt.jpg,ORDER_Diptera,2025-01-27,02:16:06,,2025_01_27__02_16_06,MachineObservation,Cerro_Hoya_Expedition_Hoya_505m_prizeCrab_2025-01-26_2025-01-26,Cerro_Hoya_Expedition_Hoya_505m_prizeCrab_2025-01-26,prizeCrab_2025_01_27__02_16_06_HDR0.jpg,prizeCrab_2025_01_27__02_16_06_HDR0_2_Mothbot_yolo11m_4500_imgsz1600_b1_2024-01-18.pt.jpg
doi.org10.15468dl.6nxkw6.csv,Animalia,Arthropoda,Insecta,Diptera,,,,,811,,Diptera,Diptera,Cerro_Hoya_Expedition_Hoya_505m_prizeCrab_2025-01-26,prizeCrab_2025_01_27__02_16_06_HDR0_3_Mothbot_yolo11m_4500_imgsz1600_b1_2024-01-18.pt.jpg,HS,Mothbot_yolo11m_4500_imgsz1600_b1_2024-01-18.pt,0.2972352206707001,,prizeCrab,Cerro_Hoya_Expedition/Hoya_505m_prizeCrab_2025-01-26/2025-01-26/patches/prizeCrab_2025_01_27__02_16_06_HDR0_3_Mothbot_yolo11m_4500_imgsz1600_b1_2024-01-18.pt.jpg,ORDER_Diptera,2025-01-27,02:16:06,,2025_01_27__02_16_06,MachineObservation,Cerro_Hoya_Expedition_Hoya_505m_prizeCrab_2025-01-26_2025-01-26,Cerro_Hoya_Expedition_Hoya_505m_prizeCrab_2025-01-26,prizeCrab_2025_01_27__02_16_06_HDR0.jpg,prizeCrab_2025_01_27__02_16_06_HDR0_3_Mothbot_yolo11m_4500_imgsz1600_b1_2024-01-18.pt.jpg
doi.org10.15468dl.6nxkw6.csv,Animalia,Arthropoda,Insecta,Lepidoptera,,,,,797,,Lepidoptera,Lepidoptera,Cerro_Hoya_Expedition_Hoya_505m_prizeCrab_2025-01-26,prizeCrab_2025_01_27__02_17_05_HDR0_0_Mothbot_yolo11m_4500_imgsz1600_b1_2024-01-18.pt.jpg,HS,Mothbot_yolo11m_4500_imgsz1600_b1_2024-01-18.pt,0.7757528424263,,prizeCrab,Cerro_Hoya_Expedition/Hoya_505m_prizeCrab_2025-01-26/2025-01-26/patches/prizeCrab_2025_01_27__02_17_05_HDR0_0_Mothbot_yolo11m_4500_imgsz1600_b1_2024-01-18.pt.jpg,ORDER_Lepidoptera,2025-01-27,02:17:05,,2025_01_27__02_17_05,MachineObservation,Cerro_Hoya_Expedition_Hoya_505m_prizeCrab_2025-01-26_2025-01-26,Cerro_Hoya_Expedition_Hoya_505m_prizeCrab_2025-01-26,prizeCrab_2025_01_27__02_17_05_HDR0.jpg,prizeCrab_2025_01_27__02_17_05_HDR0_0_Mothbot_yolo11m_4500_imgsz1600_b1_2024-01-18.pt.jpg
doi.org10.15468dl.6nxkw6.csv,Animalia,Arthropoda,Insecta,Diptera,,,,,811,,Diptera,Diptera,Cerro_Hoya_Expedition_Hoya_505m_prizeCrab_2025-01-26,prizeCrab_2025_01_27__02_17_05_HDR0_1_Mothbot_yolo11m_4500_imgsz1600_b1_2024-01-18.pt.jpg,HS,Mothbot_yolo11m_4500_imgsz1600_b1_2024-01-18.pt,0.6796375513076782,,prizeCrab,Cerro_Hoya_Expedition/Hoya_505m_prizeCrab_2025-01-26/2025-01-26/patches/prizeCrab_2025_01_27__02_17_05_HDR0_1_Mothbot_yolo11m_4500_imgsz1600_b1_2024-01-18.pt.jpg,ORDER_Diptera,2025-01-27,02:17:05,,2025_01_27__02_17_05,MachineObservation,Cerro_Hoya_Expedition_Hoya_505m_prizeCrab_2025-01-26_2025-01-26,Cerro_Hoya_Expedition_Hoya_505m_prizeCrab_2025-01-26,prizeCrab_2025_01_27__02_17_05_HDR0.jpg,prizeCrab_2025_01_27__02_17_05_HDR0_1_Mothbot_yolo11m_4500_imgsz1600_b1_2024-01-18.pt.jpg
,,,,,,,,,,,,ERROR,Cerro_Hoya_Expedition_Hoya_505m_prizeCrab_2025-01-26,prizeCrab_2025_01_27__02_18_06_HDR0_0_Mothbot_yolo11m_4500_imgsz1600_b1_2024-01-18.pt.jpg,HS,Mothbot_yolo11m_4500_imgsz1600_b1_2024-01-18.pt,0.42912212014198303,,prizeCrab,Cerro_Hoya_Expedition/Hoya_505m_prizeCrab_2025-01-26/2025-01-26/patches/prizeCrab_2025_01_27__02_18_06_HDR0_0_Mothbot_yolo11m_4500_imgsz1600_b1_2024-01-18.pt.jpg,ORDER_Lepidoptera,2025-01-27,02:18:06,,2025_01_27__02_18_06,MachineObservation,Cerro_Hoya_Expedition_Hoya_505m_prizeCrab_2025-01-26_2025-01-26,Cerro_Hoya_Expedition_Hoya_505m_prizeCrab_2025-01-26,prizeCrab_2025_01_27__02_18_06_HDR0.jpg,prizeCrab_2025_01_27__02_18_06_HDR0_0_Mothbot_yolo11m_4500_imgsz1600_b1_2024-01-18.pt.jpg
doi.org10.15468dl.6nxkw6.csv,Animalia,Arthropoda,Insecta,Hemiptera,,,,,809,,Hemiptera,Hemiptera,Cerro_Hoya_Expedition_Hoya_505m_prizeCrab_2025-01-26,prizeCrab_2025_01_27__02_19_06_HDR0_0_Mothbot_yolo11m_4500_imgsz1600_b1_2024-01-18.pt.jpg,HS,Mothbot_yolo11m_4500_imgsz1600_b1_2024-01-18.pt,0.36767861247062683,,prizeCrab,Cerro_Hoya_Expedition/Hoya_505m_prizeCrab_2025-01-26/2025-01-26/patches/prizeCrab_2025_01_27__02_19_06_HDR0_0_Mothbot_yolo11m_4500_imgsz1600_b1_2024-01-18.pt.jpg,ORDER_Hemiptera,2025-01-27,02:19:06,,2025_01_27__02_19_06,MachineObservation,Cerro_Hoya_Expedition_Hoya_505m_prizeCrab_2025-01-26_2025-01-26,Cerro_Hoya_Expedition_Hoya_505m_prizeCrab_2025-01-26,prizeCrab_2025_01_27__02_19_06_HDR0.jpg,prizeCrab_2025_01_27__02_19_06_HDR0_0_Mothbot_yolo11m_4500_imgsz1600_b1_2024-01-18.pt.jpg
doi.org10.15468dl.6nxkw6.csv,Animalia,Arthropoda,Insecta,Lepidoptera,,,,,797,,Lepidoptera,Lepidoptera,Cerro_Hoya_Expedition_Hoya_505m_prizeCrab_2025-01-26,prizeCrab_2025_01_27__02_20_06_HDR0_0_Mothbot_yolo11m_4500_imgsz1600_b1_2024-01-18.pt.jpg,HS,Mothbot_yolo11m_4500_imgsz1600_b1_2024-01-18.pt,0.273604154586792,,prizeCrab,Cerro_Hoya_Expedition/Hoya_505m_prizeCrab_2025-01-26/2025-01-26/patches/prizeCrab_2025_01_27__02_20_06_HDR0_0_Mothbot_yolo11m_4500_imgsz1600_b1_2024-01-18.pt.jpg,ORDER_Coleoptera,2025-01-27,02:20:06,,2025_01_27__02_20_06,MachineObservation,Cerro_Hoya_Expedition_Hoya_505m_prizeCrab_2025-01-26_2025-01-26,Cerro_Hoya_Expedition_Hoya_505m_prizeCrab_2025-01-26,prizeCrab_2025_01_27__02_20_06_HDR0.jpg,prizeCrab_2025_01_27__02_20_06_HDR0_0_Mothbot_yolo11m_4500_imgsz1600_b1_2024-01-18.pt.jpg
doi.org10.15468dl.6nxkw6.csv,Animalia,Arthropoda,Insecta,Hemiptera,,,,,809,,Hemiptera,Hemiptera,Cerro_Hoya_Expedition_Hoya_505m_prizeCrab_2025-01-26,prizeCrab_2025_01_27__02_20_06_HDR0_1_Mothbot_yolo11m_4500_imgsz1600_b1_2024-01-18.pt.jpg,HS,Mothbot_yolo11m_4500_imgsz1600_b1_2024-01-18.pt,0.2614422142505646,,prizeCrab,Cerro_Hoya_Expedition/Hoya_505m_prizeCrab_2025-01-26/2025-01-26/patches/prizeCrab_2025_01_27__02_20_06_HDR0_1_Mothbot_yolo11m_4500_imgsz1600_b1_2024-01-18.pt.jpg,ORDER_Hemiptera,2025-01-27,02:20:06,,2025_01_27__02_20_06,MachineObservation,Cerro_Hoya_Expedition_Hoya_505m_prizeCrab_2025-01-26_2025-01-26,Cerro_Hoya_Expedition_Hoya_505m_prizeCrab_2025-01-26,prizeCrab_2025_01_27__02_20_06_HDR0.jpg,prizeCrab_2025_01_27__02_20_06_HDR0_1_Mothbot_yolo11m_4500_imgsz1600_b1_2024-01-18.pt.jpg
doi.org10.15468dl.6nxkw6.csv,Animalia,Arthropoda,Insecta,Diptera,,,,,811,,Diptera,Diptera,Cerro_Hoya_Expedition_Hoya_505m_prizeCrab_2025-01-26,prizeCrab_2025_01_27__02_21_06_HDR0_0_Mothbot_yolo11m_4500_imgsz1600_b1_2024-01-18.pt.jpg,HS,Mothbot_yolo11m_4500_imgsz1600_b1_2024-01-18.pt,0.4408973455429077,,prizeCrab,Cerro_Hoya_Expedition/Hoya_505m_prizeCrab_2025-01-26/2025-01-26/patches/prizeCrab_2025_01_27__02_21_06_HDR0_0_Mothbot_yolo11m_4500_imgsz1600_b1_2024-01-18.pt.jpg,ORDER_Diptera,2025-01-27,02:21:06,,2025_01_27__02_21_06,MachineObservation,Cerro_Hoya_Expedition_Hoya_505m_prizeCrab_2025-01-26_2025-01-26,Cerro_Hoya_Expedition_Hoya_505m_prizeCrab_2025-01-26,prizeCrab_2025_01_27__02_21_06_HDR0.jpg,prizeCrab_2025_01_27__02_21_06_HDR0_0_Mothbot_yolo11m_4500_imgsz1600_b1_2024-01-18.pt.jpg
doi.org10.15468dl.6nxkw6.csv,Animalia,Arthropoda,Insecta,Hemiptera,,,,,809,,Hemiptera,Hemiptera,Cerro_Hoya_Expedition_Hoya_505m_prizeCrab_2025-01-26,prizeCrab_2025_01_27__02_23_06_HDR0_0_Mothbot_yolo11m_4500_imgsz1600_b1_2024-01-18.pt.jpg,HS,Mothbot_yolo11m_4500_imgsz1600_b1_2024-01-18.pt,0.37839022278785706,,prizeCrab,Cerro_Hoya_Expedition/Hoya_505m_prizeCrab_2025-01-26/2025-01-26/patches/prizeCrab_2025_01_27__02_23_06_HDR0_0_Mothbot_yolo11m_4500_imgsz1600_b1_2024-01-18.pt.jpg,ORDER_Diptera,2025-01-27,02:23:06,,2025_01_27__02_23_06,MachineObservation,Cerro_Hoya_Expedition_Hoya_505m_prizeCrab_2025-01-26_2025-01-26,Cerro_Hoya_Expedition_Hoya_505m_prizeCrab_2025-01-26,prizeCrab_2025_01_27__02_23_06_HDR0.jpg,prizeCrab_2025_01_27__02_23_06_HDR0_0_Mothbot_yolo11m_4500_imgsz1600_b1_2024-01-18.pt.jpg
doi.org10.15468dl.6nxkw6.csv,Animalia,Arthropoda,Insecta,Diptera,,,,,811,,Diptera,Diptera,Cerro_Hoya_Expedition_Hoya_505m_prizeCrab_2025-01-26,prizeCrab_2025_01_27__02_24_06_HDR0_0_Mothbot_yolo11m_4500_imgsz1600_b1_2024-01-18.pt.jpg,HS,Mothbot_yolo11m_4500_imgsz1600_b1_2024-01-18.pt,0.7049301862716675,,prizeCrab,Cerro_Hoya_Expedition/Hoya_505m_prizeCrab_2025-01-26/2025-01-26/patches/prizeCrab_2025_01_27__02_24_06_HDR0_0_Mothbot_yolo11m_4500_imgsz1600_b1_2024-01-18.pt.jpg,ORDER_Diptera,2025-01-27,02:24:06,,2025_01_27__02_24_06,MachineObservation,Cerro_Hoya_Expedition_Hoya_505m_prizeCrab_2025-01-26_2025-01-26,Cerro_Hoya_Expedition_Hoya_505m_prizeCrab_2025-01-26,prizeCrab_2025_01_27__02_24_06_HDR0.jpg,prizeCrab_2025_01_27__02_24_06_HDR0_0_Mothbot_yolo11m_4500_imgsz1600_b1_2024-01-18.pt.jpg
doi.org10.15468dl.6nxkw6.csv,Animalia,Arthropoda,Insecta,Diptera,,,,,811,,Diptera,Diptera,Cerro_Hoya_Expedition_Hoya_505m_prizeCrab_2025-01-26,prizeCrab_2025_01_27__02_24_06_HDR0_1_Mothbot_yolo11m_4500_imgsz1600_b1_2024-01-18.pt.jpg,HS,Mothbot_yolo11m_4500_imgsz1600_b1_2024-01-18.pt,0.6477554440498352,,prizeCrab,Cerro_Hoya_Expedition/Hoya_505m_prizeCrab_2025-01-26/2025-01-26/patches/prizeCrab_2025_01_27__02_24_06_HDR0_1_Mothbot_yolo11m_4500_imgsz1600_b1_2024-01-18.pt.jpg,ORDER_Diptera,2025-01-27,02:24:06,,2025_01_27__02_24_06,MachineObservation,Cerro_Hoya_Expedition_Hoya_505m_prizeCrab_2025-01-26_2025-01-26,Cerro_Hoya_Expedition_Hoya_505m_prizeCrab_2025-01-26,prizeCrab_2025_01_27__02_24_06_HDR0.jpg,prizeCrab_2025_01_27__02_24_06_HDR0_1_Mothbot_yolo11m_4500_imgsz1600_b1_2024-01-18.pt.jpg
doi.org10.15468dl.6nxkw6.csv,Animalia,Arthropoda,Insecta,Hemiptera,,,,,809,,Hemiptera,Hemiptera,Cerro_Hoya_Expedition_Hoya_505m_prizeCrab_2025-01-26,prizeCrab_2025_01_27__02_24_06_HDR0_2_Mothbot_yolo11m_4500_imgsz1600_b1_2024-01-18.pt.jpg,HS,Mothbot_yolo11m_4500_imgsz1600_b1_2024-01-18.pt,0.6115660667419434,,prizeCrab,Cerro_Hoya_Expedition/Hoya_505m_prizeCrab_2025-01-26/2025-01-26/patches/prizeCrab_2025_01_27__02_24_06_HDR0_2_Mothbot_yolo11m_4500_imgsz1600_b1_2024-01-18.pt.jpg,ORDER_Diptera,2025-01-27,02:24:06,,2025_01_27__02_24_06,MachineObservation,Cerro_Hoya_Expedition_Hoya_505m_prizeCrab_2025-01-26_2025-01-26,Cerro_Hoya_Expedition_Hoya_505m_prizeCrab_2025-01-26,prizeCrab_2025_01_27__02_24_06_HDR0.jpg,prizeCrab_2025_01_27__02_24_06_HDR0_2_Mothbot_yolo11m_4500_imgsz1600_b1_2024-01-18.pt.jpg
doi.org10.15468dl.6nxkw6.csv,Animalia,Arthropoda,Insecta,Hemiptera,,,,,809,,Hemiptera,Hemiptera,Cerro_Hoya_Expedition_Hoya_505m_prizeCrab_2025-01-26,prizeCrab_2025_01_27__02_24_06_HDR0_3_Mothbot_yolo11m_4500_imgsz1600_b1_2024-01-18.pt.jpg,HS,Mothbot_yolo11m_4500_imgsz1600_b1_2024-01-18.pt,0.2784089744091034,,prizeCrab,Cerro_Hoya_Expedition/Hoya_505m_prizeCrab_2025-01-26/2025-01-26/patches/prizeCrab_2025_01_27__02_24_06_HDR0_3_Mothbot_yolo11m_4500_imgsz1600_b1_2024-01-18.pt.jpg,ORDER_Hemiptera,2025-01-27,02:24:06,,2025_01_27__02_24_06,MachineObservation,Cerro_Hoya_Expedition_Hoya_505m_prizeCrab_2025-01-26_2025-01-26,Cerro_Hoya_Expedition_Hoya_505m_prizeCrab_2025-01-26,prizeCrab_2025_01_27__02_24_06_HDR0.jpg,prizeCrab_2025_01_27__02_24_06_HDR0_3_Mothbot_yolo11m_4500_imgsz1600_b1_2024-01-18.pt.jpg
doi.org10.15468dl.6nxkw6.csv,Animalia,Arthropoda,Insecta,Diptera,,,,,811,,Diptera,Diptera,Cerro_Hoya_Expedition_Hoya_505m_prizeCrab_2025-01-26,prizeCrab_2025_01_27__02_25_06_HDR0_0_Mothbot_yolo11m_4500_imgsz1600_b1_2024-01-18.pt.jpg,HS,Mothbot_yolo11m_4500_imgsz1600_b1_2024-01-18.pt,0.738976776599884,,prizeCrab,Cerro_Hoya_Expedition/Hoya_505m_prizeCrab_2025-01-26/2025-01-26/patches/prizeCrab_2025_01_27__02_25_06_HDR0_0_Mothbot_yolo11m_4500_imgsz1600_b1_2024-01-18.pt.jpg,ORDER_Diptera,2025-01-27,02:25:06,,2025_01_27__02_25_06,MachineObservation,Cerro_Hoya_Expedition_Hoya_505m_prizeCrab_2025-01-26_2025-01-26,Cerro_Hoya_Expedition_Hoya_505m_prizeCrab_2025-01-26,prizeCrab_2025_01_27__02_25_06_HDR0.jpg,prizeCrab_2025_01_27__02_25_06_HDR0_0_Mothbot_yolo11m_4500_imgsz1600_b1_2024-01-18.pt.jpg
doi.org10.15468dl.6nxkw6.csv,Animalia,Arthropoda,Insecta,Diptera,,,,,811,,Diptera,Diptera,Cerro_Hoya_Expedition_Hoya_505m_prizeCrab_2025-01-26,prizeCrab_2025_01_27__02_25_06_HDR0_1_Mothbot_yolo11m_4500_imgsz1600_b1_2024-01-18.pt.jpg,HS,Mothbot_yolo11m_4500_imgsz1600_b1_2024-01-18.pt,0.691548228263855,,prizeCrab,Cerro_Hoya_Expedition/Hoya_505m_prizeCrab_2025-01-26/2025-01-26/patches/prizeCrab_2025_01_27__02_25_06_HDR0_1_Mothbot_yolo11m_4500_imgsz1600_b1_2024-01-18.pt.jpg,ORDER_Diptera,2025-01-27,02:25:06,,2025_01_27__02_25_06,MachineObservation,Cerro_Hoya_Expedition_Hoya_505m_prizeCrab_2025-01-26_2025-01-26,Cerro_Hoya_Expedition_Hoya_505m_prizeCrab_2025-01-26,prizeCrab_2025_01_27__02_25_06_HDR0.jpg,prizeCrab_2025_01_27__02_25_06_HDR0_1_Mothbot_yolo11m_4500_imgsz1600_b1_2024-01-18.pt.jpg
doi.org10.15468dl.6nxkw6.csv,Animalia,Arthropoda,Insecta,Lepidoptera,,,,,797,,Lepidoptera,Lepidoptera,Cerro_Hoya_Expedition_Hoya_505m_prizeCrab_2025-01-26,prizeCrab_2025_01_27__02_25_06_HDR0_2_Mothbot_yolo11m_4500_imgsz1600_b1_2024-01-18.pt.jpg,HS,Mothbot_yolo11m_4500_imgsz1600_b1_2024-01-18.pt,0.6288478970527649,,prizeCrab,Cerro_Hoya_Expedition/Hoya_505m_prizeCrab_2025-01-26/2025-01-26/patches/prizeCrab_2025_01_27__02_25_06_HDR0_2_Mothbot_yolo11m_4500_imgsz1600_b1_2024-01-18.pt.jpg,ORDER_Lepidoptera,2025-01-27,02:25:06,,2025_01_27__02_25_06,MachineObservation,Cerro_Hoya_Expedition_Hoya_505m_prizeCrab_2025-01-26_2025-01-26,Cerro_Hoya_Expedition_Hoya_505m_prizeCrab_2025-01-26,prizeCrab_2025_01_27__02_25_06_HDR0.jpg,prizeCrab_2025_01_27__02_25_06_HDR0_2_Mothbot_yolo11m_4500_imgsz1600_b1_2024-01-18.pt.jpg
doi.org10.15468dl.6nxkw6.csv,Animalia,Arthropoda,Insecta,Diptera,,,,,811,,Diptera,Diptera,Cerro_Hoya_Expedition_Hoya_505m_prizeCrab_2025-01-26,prizeCrab_2025_01_27__02_25_06_HDR0_3_Mothbot_yolo11m_4500_imgsz1600_b1_2024-01-18.pt.jpg,HS,Mothbot_yolo11m_4500_imgsz1600_b1_2024-01-18.pt,0.611336886882782,,prizeCrab,Cerro_Hoya_Expedition/Hoya_505m_prizeCrab_2025-01-26/2025-01-26/patches/prizeCrab_2025_01_27__02_25_06_HDR0_3_Mothbot_yolo11m_4500_imgsz1600_b1_2024-01-18.pt.jpg,ORDER_Diptera,2025-01-27,02:25:06,,2025_01_27__02_25_06,MachineObservation,Cerro_Hoya_Expedition_Hoya_505m_prizeCrab_2025-01-26_2025-01-26,Cerro_Hoya_Expedition_Hoya_505m_prizeCrab_2025-01-26,prizeCrab_2025_01_27__02_25_06_HDR0.jpg,prizeCrab_2025_01_27__02_25_06_HDR0_3_Mothbot_yolo11m_4500_imgsz1600_b1_2024-01-18.pt.jpg
doi.org10.15468dl.6nxkw6.csv,Animalia,Arthropoda,Insecta,Diptera,,,,,811,,Diptera,Diptera,Cerro_Hoya_Expedition_Hoya_505m_prizeCrab_2025-01-26,prizeCrab_2025_01_27__02_25_06_HDR0_4_Mothbot_yolo11m_4500_imgsz1600_b1_2024-01-18.pt.jpg,HS,Mothbot_yolo11m_4500_imgsz1600_b1_2024-01-18.pt,0.6073105931282043,,prizeCrab,Cerro_Hoya_Expedition/Hoya_505m_prizeCrab_2025-01-26/2025-01-26/patches/prizeCrab_2025_01_27__02_25_06_HDR0_4_Mothbot_yolo11m_4500_imgsz1600_b1_2024-01-18.pt.jpg,ORDER_Diptera,2025-01-27,02:25:06,,2025_01_27__02_25_06,MachineObservation,Cerro_Hoya_Expedition_Hoya_505m_prizeCrab_2025-01-26_2025-01-26,Cerro_Hoya_Expedition_Hoya_505m_prizeCrab_2025-01-26,prizeCrab_2025_01_27__02_25_06_HDR0.jpg,prizeCrab_2025_01_27__02_25_06_HDR0_4_Mothbot_yolo11m_4500_imgsz1600_b1_2024-01-18.pt.jpg
doi.org10.15468dl.6nxkw6.csv,Animalia,Arthropoda,Insecta,Diptera,,,,,811,,Diptera,Diptera,Cerro_Hoya_Expedition_Hoya_505m_prizeCrab_2025-01-26,prizeCrab_2025_01_27__02_25_06_HDR0_5_Mothbot_yolo11m_4500_imgsz1600_b1_2024-01-18.pt.jpg,HS,Mothbot_yolo11m_4500_imgsz1600_b1_2024-01-18.pt,0.5870069265365601,,prizeCrab,Cerro_Hoya_Expedition/Hoya_505m_prizeCrab_2025-01-26/2025-01-26/patches/prizeCrab_2025_01_27__02_25_06_HDR0_5_Mothbot_yolo11m_4500_imgsz1600_b1_2024-01-18.pt.jpg,ORDER_Diptera,2025-01-27,02:25:06,,2025_01_27__02_25_06,MachineObservation,Cerro_Hoya_Expedition_Hoya_505m_prizeCrab_2025-01-26_2025-01-26,Cerro_Hoya_Expedition_Hoya_505m_prizeCrab_2025-01-26,prizeCrab_2025_01_27__02_25_06_HDR0.jpg,prizeCrab_2025_01_27__02_25_06_HDR0_5_Mothbot_yolo11m_4500_imgsz1600_b1_2024-01-18.pt.jpg
doi.org10.15468dl.6nxkw6.csv,Animalia,Arthropoda,Insecta,Hemiptera,Cicadellidae,,,,9647,,Cicadellidae,Cicadellidae,Cerro_Hoya_Expedition_Hoya_505m_prizeCrab_2025-01-26,prizeCrab_2025_01_27__02_25_06_HDR0_6_Mothbot_yolo11m_4500_imgsz1600_b1_2024-01-18.pt.jpg,HS,Mothbot_yolo11m_4500_imgsz1600_b1_2024-01-18.pt,0.5546588897705078,,prizeCrab,Cerro_Hoya_Expedition/Hoya_505m_prizeCrab_2025-01-26/2025-01-26/patches/prizeCrab_2025_01_27__02_25_06_HDR0_6_Mothbot_yolo11m_4500_imgsz1600_b1_2024-01-18.pt.jpg,ORDER_Diptera,2025-01-27,02:25:06,,2025_01_27__02_25_06,MachineObservation,Cerro_Hoya_Expedition_Hoya_505m_prizeCrab_2025-01-26_2025-01-26,Cerro_Hoya_Expedition_Hoya_505m_prizeCrab_2025-01-26,prizeCrab_2025_01_27__02_25_06_HDR0.jpg,prizeCrab_2025_01_27__02_25_06_HDR0_6_Mothbot_yolo11m_4500_imgsz1600_b1_2024-01-18.pt.jpg
doi.org10.15468dl.6nxkw6.csv,Animalia,Arthropoda,Insecta,Diptera,,,,,811,,Diptera,Diptera,Cerro_Hoya_Expedition_Hoya_505m_prizeCrab_2025-01-26,prizeCrab_2025_01_27__02_26_06_HDR0_0_Mothbot_yolo11m_4500_imgsz1600_b1_2024-01-18.pt.jpg,HS,Mothbot_yolo11m_4500_imgsz1600_b1_2024-01-18.pt,0.6864546537399292,,prizeCrab,Cerro_Hoya_Expedition/Hoya_505m_prizeCrab_2025-01-26/2025-01-26/patches/prizeCrab_2025_01_27__02_26_06_HDR0_0_Mothbot_yolo11m_4500_imgsz1600_b1_2024-01-18.pt.jpg,ORDER_Diptera,2025-01-27,02:26:06,,2025_01_27__02_26_06,MachineObservation,Cerro_Hoya_Expedition_Hoya_505m_prizeCrab_2025-01-26_2025-01-26,Cerro_Hoya_Expedition_Hoya_505m_prizeCrab_2025-01-26,prizeCrab_2025_01_27__02_26_06_HDR0.jpg,prizeCrab_2025_01_27__02_26_06_HDR0_0_Mothbot_yolo11m_4500_imgsz1600_b1_2024-01-18.pt.jpg
doi.org10.15468dl.6nxkw6.csv,Animalia,Arthropoda,Insecta,Hemiptera,,,,,809,,Hemiptera,Hemiptera,Cerro_Hoya_Expedition_Hoya_505m_prizeCrab_2025-01-26,prizeCrab_2025_01_27__02_26_06_HDR0_1_Mothbot_yolo11m_4500_imgsz1600_b1_2024-01-18.pt.jpg,HS,Mothbot_yolo11m_4500_imgsz1600_b1_2024-01-18.pt,0.5623562932014465,,prizeCrab,Cerro_Hoya_Expedition/Hoya_505m_prizeCrab_2025-01-26/2025-01-26/patches/prizeCrab_2025_01_27__02_26_06_HDR0_1_Mothbot_yolo11m_4500_imgsz1600_b1_2024-01-18.pt.jpg,ORDER_Diptera,2025-01-27,02:26:06,,2025_01_27__02_26_06,MachineObservation,Cerro_Hoya_Expedition_Hoya_505m_prizeCrab_2025-01-26_2025-01-26,Cerro_Hoya_Expedition_Hoya_505m_prizeCrab_2025-01-26,prizeCrab_2025_01_27__02_26_06_HDR0.jpg,prizeCrab_2025_01_27__02_26_06_HDR0_1_Mothbot_yolo11m_4500_imgsz1600_b1_2024-01-18.pt.jpg
doi.org10.15468dl.6nxkw6.csv,Animalia,Arthropoda,Insecta,Lepidoptera,,,,,797,,Lepidoptera,Lepidoptera,Cerro_Hoya_Expedition_Hoya_505m_prizeCrab_2025-01-26,prizeCrab_2025_01_27__02_27_05_HDR0_0_Mothbot_yolo11m_4500_imgsz1600_b1_2024-01-18.pt.jpg,HS,Mothbot_yolo11m_4500_imgsz1600_b1_2024-01-18.pt,0.7885685563087463,,prizeCrab,Cerro_Hoya_Expedition/Hoya_505m_prizeCrab_2025-01-26/2025-01-26/patches/prizeCrab_2025_01_27__02_27_05_HDR0_0_Mothbot_yolo11m_4500_imgsz1600_b1_2024-01-18.pt.jpg,ORDER_Lepidoptera,2025-01-27,02:27:05,,2025_01_27__02_27_05,MachineObservation,Cerro_Hoya_Expedition_Hoya_505m_prizeCrab_2025-01-26_2025-01-26,Cerro_Hoya_Expedition_Hoya_505m_prizeCrab_2025-01-26,prizeCrab_2025_01_27__02_27_05_HDR0.jpg,prizeCrab_2025_01_27__02_27_05_HDR0_0_Mothbot_yolo11m_4500_imgsz1600_b1_2024-01-18.pt.jpg
doi.org10.15468dl.6nxkw6.csv,Animalia,Arthropoda,Insecta,Lepidoptera,,,,,797,,Lepidoptera,Lepidoptera,Cerro_Hoya_Expedition_Hoya_505m_prizeCrab_2025-01-26,prizeCrab_2025_01_27__02_27_05_HDR0_1_Mothbot_yolo11m_4500_imgsz1600_b1_2024-01-18.pt.jpg,HS,Mothbot_yolo11m_4500_imgsz1600_b1_2024-01-18.pt,0.728593111038208,,prizeCrab,Cerro_Hoya_Expedition/Hoya_505m_prizeCrab_2025-01-26/2025-01-26/patches/prizeCrab_2025_01_27__02_27_05_HDR0_1_Mothbot_yolo11m_4500_imgsz1600_b1_2024-01-18.pt.jpg,ORDER_Lepidoptera,2025-01-27,02:27:05,,2025_01_27__02_27_05,MachineObservation,Cerro_Hoya_Expedition_Hoya_505m_prizeCrab_2025-01-26_2025-01-26,Cerro_Hoya_Expedition_Hoya_505m_prizeCrab_2025-01-26,prizeCrab_2025_01_27__02_27_05_HDR0.jpg,prizeCrab_2025_01_27__02_27_05_HDR0_1_Mothbot_yolo11m_4500_imgsz1600_b1_2024-01-18.pt.jpg
doi.org10.15468dl.6nxkw6.csv,Animalia,Arthropoda,Insecta,Hemiptera,Cicadellidae,,,,9647,,Cicadellidae,Cicadellidae,Cerro_Hoya_Expedition_Hoya_505m_prizeCrab_2025-01-26,prizeCrab_2025_01_27__02_27_05_HDR0_2_Mothbot_yolo11m_4500_imgsz1600_b1_2024-01-18.pt.jpg,HS,Mothbot_yolo11m_4500_imgsz1600_b1_2024-01-18.pt,0.6044584512710571,,prizeCrab,Cerro_Hoya_Expedition/Hoya_505m_prizeCrab_2025-01-26/2025-01-26/patches/prizeCrab_2025_01_27__02_27_05_HDR0_2_Mothbot_yolo11m_4500_imgsz1600_b1_2024-01-18.pt.jpg,ORDER_Lepidoptera,2025-01-27,02:27:05,,2025_01_27__02_27_05,MachineObservation,Cerro_Hoya_Expedition_Hoya_505m_prizeCrab_2025-01-26_2025-01-26,Cerro_Hoya_Expedition_Hoya_505m_prizeCrab_2025-01-26,prizeCrab_2025_01_27__02_27_05_HDR0.jpg,prizeCrab_2025_01_27__02_27_05_HDR0_2_Mothbot_yolo11m_4500_imgsz1600_b1_2024-01-18.pt.jpg
doi.org10.15468dl.6nxkw6.csv,Animalia,Arthropoda,Insecta,Lepidoptera,,,,,797,,Lepidoptera,Lepidoptera,Cerro_Hoya_Expedition_Hoya_505m_prizeCrab_2025-01-26,prizeCrab_2025_01_27__02_28_06_HDR0_0_Mothbot_yolo11m_4500_imgsz1600_b1_2024-01-18.pt.jpg,HS,Mothbot_yolo11m_4500_imgsz1600_b1_2024-01-18.pt,0.7921651005744934,,prizeCrab,Cerro_Hoya_Expedition/Hoya_505m_prizeCrab_2025-01-26/2025-01-26/patches/prizeCrab_2025_01_27__02_28_06_HDR0_0_Mothbot_yolo11m_4500_imgsz1600_b1_2024-01-18.pt.jpg,ORDER_Lepidoptera,2025-01-27,02:28:06,,2025_01_27__02_28_06,MachineObservation,Cerro_Hoya_Expedition_Hoya_505m_prizeCrab_2025-01-26_2025-01-26,Cerro_Hoya_Expedition_Hoya_505m_prizeCrab_2025-01-26,prizeCrab_2025_01_27__02_28_06_HDR0.jpg,prizeCrab_2025_01_27__02_28_06_HDR0_0_Mothbot_yolo11m_4500_imgsz1600_b1_2024-01-18.pt.jpg
doi.org10.15468dl.6nxkw6.csv,Animalia,Arthropoda,Insecta,Lepidoptera,,,,,797,,Lepidoptera,Lepidoptera,Cerro_Hoya_Expedition_Hoya_505m_prizeCrab_2025-01-26,prizeCrab_2025_01_27__02_28_06_HDR0_1_Mothbot_yolo11m_4500_imgsz1600_b1_2024-01-18.pt.jpg,HS,Mothbot_yolo11m_4500_imgsz1600_b1_2024-01-18.pt,0.743714451789856,,prizeCrab,Cerro_Hoya_Expedition/Hoya_505m_prizeCrab_2025-01-26/2025-01-26/patches/prizeCrab_2025_01_27__02_28_06_HDR0_1_Mothbot_yolo11m_4500_imgsz1600_b1_2024-01-18.pt.jpg,ORDER_Lepidoptera,2025-01-27,02:28:06,,2025_01_27__02_28_06,MachineObservation,Cerro_Hoya_Expedition_Hoya_505m_prizeCrab_2025-01-26_2025-01-26,Cerro_Hoya_Expedition_Hoya_505m_prizeCrab_2025-01-26,prizeCrab_2025_01_27__02_28_06_HDR0.jpg,prizeCrab_2025_01_27__02_28_06_HDR0_1_Mothbot_yolo11m_4500_imgsz1600_b1_2024-01-18.pt.jpg
doi.org10.15468dl.6nxkw6.csv,Animalia,Arthropoda,Insecta,Lepidoptera,,,,,797,,Lepidoptera,Lepidoptera,Cerro_Hoya_Expedition_Hoya_505m_prizeCrab_2025-01-26,prizeCrab_2025_01_27__02_28_06_HDR0_2_Mothbot_yolo11m_4500_imgsz1600_b1_2024-01-18.pt.jpg,HS,Mothbot_yolo11m_4500_imgsz1600_b1_2024-01-18.pt,0.7333601117134094,,prizeCrab,Cerro_Hoya_Expedition/Hoya_505m_prizeCrab_2025-01-26/2025-01-26/patches/prizeCrab_2025_01_27__02_28_06_HDR0_2_Mothbot_yolo11m_4500_imgsz1600_b1_2024-01-18.pt.jpg,ORDER_Lepidoptera,2025-01-27,02:28:06,,2025_01_27__02_28_06,MachineObservation,Cerro_Hoya_Expedition_Hoya_505m_prizeCrab_2025-01-26_2025-01-26,Cerro_Hoya_Expedition_Hoya_505m_prizeCrab_2025-01-26,prizeCrab_2025_01_27__02_28_06_HDR0.jpg,prizeCrab_2025_01_27__02_28_06_HDR0_2_Mothbot_yolo11m_4500_imgsz1600_b1_2024-01-18.pt.jpg
doi.org10.15468dl.6nxkw6.csv,Animalia,Arthropoda,Insecta,Diptera,,,,,811,,Diptera,Diptera,Cerro_Hoya_Expedition_Hoya_505m_prizeCrab_2025-01-26,prizeCrab_2025_01_27__02_28_06_HDR0_3_Mothbot_yolo11m_4500_imgsz1600_b1_2024-01-18.pt.jpg,HS,Mothbot_yolo11m_4500_imgsz1600_b1_2024-01-18.pt,0.7226436734199524,,prizeCrab,Cerro_Hoya_Expedition/Hoya_505m_prizeCrab_2025-01-26/2025-01-26/patches/prizeCrab_2025_01_27__02_28_06_HDR0_3_Mothbot_yolo11m_4500_imgsz1600_b1_2024-01-18.pt.jpg,ORDER_Diptera,2025-01-27,02:28:06,,2025_01_27__02_28_06,MachineObservation,Cerro_Hoya_Expedition_Hoya_505m_prizeCrab_2025-01-26_2025-01-26,Cerro_Hoya_Expedition_Hoya_505m_prizeCrab_2025-01-26,prizeCrab_2025_01_27__02_28_06_HDR0.jpg,prizeCrab_2025_01_27__02_28_06_HDR0_3_Mothbot_yolo11m_4500_imgsz1600_b1_2024-01-18.pt.jpg
doi.org10.15468dl.6nxkw6.csv,Animalia,Arthropoda,Insecta,Hemiptera,,,,,809,,Hemiptera,Hemiptera,Cerro_Hoya_Expedition_Hoya_505m_prizeCrab_2025-01-26,prizeCrab_2025_01_27__02_28_06_HDR0_4_Mothbot_yolo11m_4500_imgsz1600_b1_2024-01-18.pt.jpg,HS,Mothbot_yolo11m_4500_imgsz1600_b1_2024-01-18.pt,0.601521909236908,,prizeCrab,Cerro_Hoya_Expedition/Hoya_505m_prizeCrab_2025-01-26/2025-01-26/patches/prizeCrab_2025_01_27__02_28_06_HDR0_4_Mothbot_yolo11m_4500_imgsz1600_b1_2024-01-18.pt.jpg,ORDER_Coleoptera,2025-01-27,02:28:06,,2025_01_27__02_28_06,MachineObservation,Cerro_Hoya_Expedition_Hoya_505m_prizeCrab_2025-01-26_2025-01-26,Cerro_Hoya_Expedition_Hoya_505m_prizeCrab_2025-01-26,prizeCrab_2025_01_27__02_28_06_HDR0.jpg,prizeCrab_2025_01_27__02_28_06_HDR0_4_Mothbot_yolo11m_4500_imgsz1600_b1_2024-01-18.pt.jpg
doi.org10.15468dl.6nxkw6.csv,Animalia,Arthropoda,Insecta,Hemiptera,Cicadellidae,,,,9647,,Cicadellidae,Cicadellidae,Cerro_Hoya_Expedition_Hoya_505m_prizeCrab_2025-01-26,prizeCrab_2025_01_27__02_28_06_HDR0_5_Mothbot_yolo11m_4500_imgsz1600_b1_2024-01-18.pt.jpg,HS,Mothbot_yolo11m_4500_imgsz1600_b1_2024-01-18.pt,0.2555461525917053,,prizeCrab,Cerro_Hoya_Expedition/Hoya_505m_prizeCrab_2025-01-26/2025-01-26/patches/prizeCrab_2025_01_27__02_28_06_HDR0_5_Mothbot_yolo11m_4500_imgsz1600_b1_2024-01-18.pt.jpg,ORDER_Hemiptera,2025-01-27,02:28:06,,2025_01_27__02_28_06,MachineObservation,Cerro_Hoya_Expedition_Hoya_505m_prizeCrab_2025-01-26_2025-01-26,Cerro_Hoya_Expedition_Hoya_505m_prizeCrab_2025-01-26,prizeCrab_2025_01_27__02_28_06_HDR0.jpg,prizeCrab_2025_01_27__02_28_06_HDR0_5_Mothbot_yolo11m_4500_imgsz1600_b1_2024-01-18.pt.jpg
doi.org10.15468dl.6nxkw6.csv,Animalia,Arthropoda,Insecta,Lepidoptera,,,,,797,,Lepidoptera,Lepidoptera,Cerro_Hoya_Expedition_Hoya_505m_prizeCrab_2025-01-26,prizeCrab_2025_01_27__02_29_22_HDR0_0_Mothbot_yolo11m_4500_imgsz1600_b1_2024-01-18.pt.jpg,HS,Mothbot_yolo11m_4500_imgsz1600_b1_2024-01-18.pt,0.7938648462295532,,prizeCrab,Cerro_Hoya_Expedition/Hoya_505m_prizeCrab_2025-01-26/2025-01-26/patches/prizeCrab_2025_01_27__02_29_22_HDR0_0_Mothbot_yolo11m_4500_imgsz1600_b1_2024-01-18.pt.jpg,ORDER_Lepidoptera,2025-01-27,02:29:22,,2025_01_27__02_29_22,MachineObservation,Cerro_Hoya_Expedition_Hoya_505m_prizeCrab_2025-01-26_2025-01-26,Cerro_Hoya_Expedition_Hoya_505m_prizeCrab_2025-01-26,prizeCrab_2025_01_27__02_29_22_HDR0.jpg,prizeCrab_2025_01_27__02_29_22_HDR0_0_Mothbot_yolo11m_4500_imgsz1600_b1_2024-01-18.pt.jpg
doi.org10.15468dl.6nxkw6.csv,Animalia,Arthropoda,Insecta,Lepidoptera,,,,,797,,Lepidoptera,Lepidoptera,Cerro_Hoya_Expedition_Hoya_505m_prizeCrab_2025-01-26,prizeCrab_2025_01_27__02_29_22_HDR0_1_Mothbot_yolo11m_4500_imgsz1600_b1_2024-01-18.pt.jpg,HS,Mothbot_yolo11m_4500_imgsz1600_b1_2024-01-18.pt,0.7461263537406921,,prizeCrab,Cerro_Hoya_Expedition/Hoya_505m_prizeCrab_2025-01-26/2025-01-26/patches/prizeCrab_2025_01_27__02_29_22_HDR0_1_Mothbot_yolo11m_4500_imgsz1600_b1_2024-01-18.pt.jpg,ORDER_Lepidoptera,2025-01-27,02:29:22,,2025_01_27__02_29_22,MachineObservation,Cerro_Hoya_Expedition_Hoya_505m_prizeCrab_2025-01-26_2025-01-26,Cerro_Hoya_Expedition_Hoya_505m_prizeCrab_2025-01-26,prizeCrab_2025_01_27__02_29_22_HDR0.jpg,prizeCrab_2025_01_27__02_29_22_HDR0_1_Mothbot_yolo11m_4500_imgsz1600_b1_2024-01-18.pt.jpg
doi.org10.15468dl.6nxkw6.csv,Animalia,Arthropoda,Insecta,Diptera,,,,,811,,Diptera,Diptera,Cerro_Hoya_Expedition_Hoya_505m_prizeCrab_2025-01-26,prizeCrab_2025_01_27__02_29_22_HDR0_2_Mothbot_yolo11m_4500_imgsz1600_b1_2024-01-18.pt.jpg,HS,Mothbot_yolo11m_4500_imgsz1600_b1_2024-01-18.pt,0.7160208225250244,,prizeCrab,Cerro_Hoya_Expedition/Hoya_505m_prizeCrab_2025-01-26/2025-01-26/patches/prizeCrab_2025_01_27__02_29_22_HDR0_2_Mothbot_yolo11m_4500_imgsz1600_b1_2024-01-18.pt.jpg,ORDER_Diptera,2025-01-27,02:29:22,,2025_01_27__02_29_22,MachineObservation,Cerro_Hoya_Expedition_Hoya_505m_prizeCrab_2025-01-26_2025-01-26,Cerro_Hoya_Expedition_Hoya_505m_prizeCrab_2025-01-26,prizeCrab_2025_01_27__02_29_22_HDR0.jpg,prizeCrab_2025_01_27__02_29_22_HDR0_2_Mothbot_yolo11m_4500_imgsz1600_b1_2024-01-18.pt.jpg
doi.org10.15468dl.6nxkw6.csv,Animalia,Arthropoda,Insecta,Hemiptera,Cicadellidae,,,,9647,,Cicadellidae,Cicadellidae,Cerro_Hoya_Expedition_Hoya_505m_prizeCrab_2025-01-26,prizeCrab_2025_01_27__02_29_22_HDR0_3_Mothbot_yolo11m_4500_imgsz1600_b1_2024-01-18.pt.jpg,HS,Mothbot_yolo11m_4500_imgsz1600_b1_2024-01-18.pt,0.6710381507873535,,prizeCrab,Cerro_Hoya_Expedition/Hoya_505m_prizeCrab_2025-01-26/2025-01-26/patches/prizeCrab_2025_01_27__02_29_22_HDR0_3_Mothbot_yolo11m_4500_imgsz1600_b1_2024-01-18.pt.jpg,ORDER_Hemiptera,2025-01-27,02:29:22,,2025_01_27__02_29_22,MachineObservation,Cerro_Hoya_Expedition_Hoya_505m_prizeCrab_2025-01-26_2025-01-26,Cerro_Hoya_Expedition_Hoya_505m_prizeCrab_2025-01-26,prizeCrab_2025_01_27__02_29_22_HDR0.jpg,prizeCrab_2025_01_27__02_29_22_HDR0_3_Mothbot_yolo11m_4500_imgsz1600_b1_2024-01-18.pt.jpg
doi.org10.15468dl.6nxkw6.csv,Animalia,Arthropoda,Insecta,Hemiptera,Cicadellidae,,,,9647,,Cicadellidae,Cicadellidae,Cerro_Hoya_Expedition_Hoya_505m_prizeCrab_2025-01-26,prizeCrab_2025_01_27__02_29_22_HDR0_4_Mothbot_yolo11m_4500_imgsz1600_b1_2024-01-18.pt.jpg,HS,Mothbot_yolo11m_4500_imgsz1600_b1_2024-01-18.pt,0.5675431489944458,,prizeCrab,Cerro_Hoya_Expedition/Hoya_505m_prizeCrab_2025-01-26/2025-01-26/patches/prizeCrab_2025_01_27__02_29_22_HDR0_4_Mothbot_yolo11m_4500_imgsz1600_b1_2024-01-18.pt.jpg,ORDER_Coleoptera,2025-01-27,02:29:22,,2025_01_27__02_29_22,MachineObservation,Cerro_Hoya_Expedition_Hoya_505m_prizeCrab_2025-01-26_2025-01-26,Cerro_Hoya_Expedition_Hoya_505m_prizeCrab_2025-01-26,prizeCrab_2025_01_27__02_29_22_HDR0.jpg,prizeCrab_2025_01_27__02_29_22_HDR0_4_Mothbot_yolo11m_4500_imgsz1600_b1_2024-01-18.pt.jpg
doi.org10.15468dl.6nxkw6.csv,Animalia,Arthropoda,Insecta,Lepidoptera,,,,,797,,Lepidoptera,Lepidoptera,Cerro_Hoya_Expedition_Hoya_505m_prizeCrab_2025-01-26,prizeCrab_2025_01_27__02_29_22_HDR0_5_Mothbot_yolo11m_4500_imgsz1600_b1_2024-01-18.pt.jpg,HS,Mothbot_yolo11m_4500_imgsz1600_b1_2024-01-18.pt,0.3144371211528778,,prizeCrab,Cerro_Hoya_Expedition/Hoya_505m_prizeCrab_2025-01-26/2025-01-26/patches/prizeCrab_2025_01_27__02_29_22_HDR0_5_Mothbot_yolo11m_4500_imgsz1600_b1_2024-01-18.pt.jpg,ORDER_Diptera,2025-01-27,02:29:22,,2025_01_27__02_29_22,MachineObservation,Cerro_Hoya_Expedition_Hoya_505m_prizeCrab_2025-01-26_2025-01-26,Cerro_Hoya_Expedition_Hoya_505m_prizeCrab_2025-01-26,prizeCrab_2025_01_27__02_29_22_HDR0.jpg,prizeCrab_2025_01_27__02_29_22_HDR0_5_Mothbot_yolo11m_4500_imgsz1600_b1_2024-01-18.pt.jpg
doi.org10.15468dl.6nxkw6.csv,Animalia,Arthropoda,Insecta,Hemiptera,Cicadellidae,,,,9647,,Cicadellidae,Cicadellidae,Cerro_Hoya_Expedition_Hoya_505m_prizeCrab_2025-01-26,prizeCrab_2025_01_27__02_29_22_HDR0_6_Mothbot_yolo11m_4500_imgsz1600_b1_2024-01-18.pt.jpg,HS,Mothbot_yolo11m_4500_imgsz1600_b1_2024-01-18.pt,0.2956361472606659,,prizeCrab,Cerro_Hoya_Expedition/Hoya_505m_prizeCrab_2025-01-26/2025-01-26/patches/prizeCrab_2025_01_27__02_29_22_HDR0_6_Mothbot_yolo11m_4500_imgsz1600_b1_2024-01-18.pt.jpg,ORDER_Diptera,2025-01-27,02:29:22,,2025_01_27__02_29_22,MachineObservation,Cerro_Hoya_Expedition_Hoya_505m_prizeCrab_2025-01-26_2025-01-26,Cerro_Hoya_Expedition_Hoya_505m_prizeCrab_2025-01-26,prizeCrab_2025_01_27__02_29_22_HDR0.jpg,prizeCrab_2025_01_27__02_29_22_HDR0_6_Mothbot_yolo11m_4500_imgsz1600_b1_2024-01-18.pt.jpg
doi.org10.15468dl.6nxkw6.csv,Animalia,Arthropoda,Insecta,Lepidoptera,,,,,797,,Lepidoptera,Lepidoptera,Cerro_Hoya_Expedition_Hoya_505m_prizeCrab_2025-01-26,prizeCrab_2025_01_27__02_30_06_HDR0_0_Mothbot_yolo11m_4500_imgsz1600_b1_2024-01-18.pt.jpg,HS,Mothbot_yolo11m_4500_imgsz1600_b1_2024-01-18.pt,0.7925920486450195,,prizeCrab,Cerro_Hoya_Expedition/Hoya_505m_prizeCrab_2025-01-26/2025-01-26/patches/prizeCrab_2025_01_27__02_30_06_HDR0_0_Mothbot_yolo11m_4500_imgsz1600_b1_2024-01-18.pt.jpg,ORDER_Lepidoptera,2025-01-27,02:30:06,,2025_01_27__02_30_06,MachineObservation,Cerro_Hoya_Expedition_Hoya_505m_prizeCrab_2025-01-26_2025-01-26,Cerro_Hoya_Expedition_Hoya_505m_prizeCrab_2025-01-26,prizeCrab_2025_01_27__02_30_06_HDR0.jpg,prizeCrab_2025_01_27__02_30_06_HDR0_0_Mothbot_yolo11m_4500_imgsz1600_b1_2024-01-18.pt.jpg
doi.org10.15468dl.6nxkw6.csv,Animalia,Arthropoda,Insecta,Diptera,,,,,811,,Diptera,Diptera,Cerro_Hoya_Expedition_Hoya_505m_prizeCrab_2025-01-26,prizeCrab_2025_01_27__02_30_06_HDR0_1_Mothbot_yolo11m_4500_imgsz1600_b1_2024-01-18.pt.jpg,HS,Mothbot_yolo11m_4500_imgsz1600_b1_2024-01-18.pt,0.7221238017082214,,prizeCrab,Cerro_Hoya_Expedition/Hoya_505m_prizeCrab_2025-01-26/2025-01-26/patches/prizeCrab_2025_01_27__02_30_06_HDR0_1_Mothbot_yolo11m_4500_imgsz1600_b1_2024-01-18.pt.jpg,ORDER_Hymenoptera,2025-01-27,02:30:06,,2025_01_27__02_30_06,MachineObservation,Cerro_Hoya_Expedition_Hoya_505m_prizeCrab_2025-01-26_2025-01-26,Cerro_Hoya_Expedition_Hoya_505m_prizeCrab_2025-01-26,prizeCrab_2025_01_27__02_30_06_HDR0.jpg,prizeCrab_2025_01_27__02_30_06_HDR0_1_Mothbot_yolo11m_4500_imgsz1600_b1_2024-01-18.pt.jpg
doi.org10.15468dl.6nxkw6.csv,Animalia,Arthropoda,Insecta,Lepidoptera,,,,,797,,Lepidoptera,Lepidoptera,Cerro_Hoya_Expedition_Hoya_505m_prizeCrab_2025-01-26,prizeCrab_2025_01_27__02_30_06_HDR0_2_Mothbot_yolo11m_4500_imgsz1600_b1_2024-01-18.pt.jpg,HS,Mothbot_yolo11m_4500_imgsz1600_b1_2024-01-18.pt,0.683655858039856,,prizeCrab,Cerro_Hoya_Expedition/Hoya_505m_prizeCrab_2025-01-26/2025-01-26/patches/prizeCrab_2025_01_27__02_30_06_HDR0_2_Mothbot_yolo11m_4500_imgsz1600_b1_2024-01-18.pt.jpg,ORDER_Lepidoptera,2025-01-27,02:30:06,,2025_01_27__02_30_06,MachineObservation,Cerro_Hoya_Expedition_Hoya_505m_prizeCrab_2025-01-26_2025-01-26,Cerro_Hoya_Expedition_Hoya_505m_prizeCrab_2025-01-26,prizeCrab_2025_01_27__02_30_06_HDR0.jpg,prizeCrab_2025_01_27__02_30_06_HDR0_2_Mothbot_yolo11m_4500_imgsz1600_b1_2024-01-18.pt.jpg
doi.org10.15468dl.6nxkw6.csv,Animalia,Arthropoda,Insecta,Hemiptera,Cicadellidae,,,,9647,,Cicadellidae,Cicadellidae,Cerro_Hoya_Expedition_Hoya_505m_prizeCrab_2025-01-26,prizeCrab_2025_01_27__02_30_06_HDR0_3_Mothbot_yolo11m_4500_imgsz1600_b1_2024-01-18.pt.jpg,HS,Mothbot_yolo11m_4500_imgsz1600_b1_2024-01-18.pt,0.6609748601913452,,prizeCrab,Cerro_Hoya_Expedition/Hoya_505m_prizeCrab_2025-01-26/2025-01-26/patches/prizeCrab_2025_01_27__02_30_06_HDR0_3_Mothbot_yolo11m_4500_imgsz1600_b1_2024-01-18.pt.jpg,ORDER_Hemiptera,2025-01-27,02:30:06,,2025_01_27__02_30_06,MachineObservation,Cerro_Hoya_Expedition_Hoya_505m_prizeCrab_2025-01-26_2025-01-26,Cerro_Hoya_Expedition_Hoya_505m_prizeCrab_2025-01-26,prizeCrab_2025_01_27__02_30_06_HDR0.jpg,prizeCrab_2025_01_27__02_30_06_HDR0_3_Mothbot_yolo11m_4500_imgsz1600_b1_2024-01-18.pt.jpg
doi.org10.15468dl.6nxkw6.csv,Animalia,Arthropoda,Insecta,Hemiptera,Cicadellidae,,,,9647,,Cicadellidae,Cicadellidae,Cerro_Hoya_Expedition_Hoya_505m_prizeCrab_2025-01-26,prizeCrab_2025_01_27__02_30_06_HDR0_4_Mothbot_yolo11m_4500_imgsz1600_b1_2024-01-18.pt.jpg,HS,Mothbot_yolo11m_4500_imgsz1600_b1_2024-01-18.pt,0.583419144153595,,prizeCrab,Cerro_Hoya_Expedition/Hoya_505m_prizeCrab_2025-01-26/2025-01-26/patches/prizeCrab_2025_01_27__02_30_06_HDR0_4_Mothbot_yolo11m_4500_imgsz1600_b1_2024-01-18.pt.jpg,ORDER_Diptera,2025-01-27,02:30:06,,2025_01_27__02_30_06,MachineObservation,Cerro_Hoya_Expedition_Hoya_505m_prizeCrab_2025-01-26_2025-01-26,Cerro_Hoya_Expedition_Hoya_505m_prizeCrab_2025-01-26,prizeCrab_2025_01_27__02_30_06_HDR0.jpg,prizeCrab_2025_01_27__02_30_06_HDR0_4_Mothbot_yolo11m_4500_imgsz1600_b1_2024-01-18.pt.jpg
doi.org10.15468dl.6nxkw6.csv,Animalia,Arthropoda,Insecta,Diptera,,,,,811,,Diptera,Diptera,Cerro_Hoya_Expedition_Hoya_505m_prizeCrab_2025-01-26,prizeCrab_2025_01_27__02_30_06_HDR0_5_Mothbot_yolo11m_4500_imgsz1600_b1_2024-01-18.pt.jpg,HS,Mothbot_yolo11m_4500_imgsz1600_b1_2024-01-18.pt,0.48519638180732727,,prizeCrab,Cerro_Hoya_Expedition/Hoya_505m_prizeCrab_2025-01-26/2025-01-26/patches/prizeCrab_2025_01_27__02_30_06_HDR0_5_Mothbot_yolo11m_4500_imgsz1600_b1_2024-01-18.pt.jpg,ORDER_Hymenoptera,2025-01-27,02:30:06,,2025_01_27__02_30_06,MachineObservation,Cerro_Hoya_Expedition_Hoya_505m_prizeCrab_2025-01-26_2025-01-26,Cerro_Hoya_Expedition_Hoya_505m_prizeCrab_2025-01-26,prizeCrab_2025_01_27__02_30_06_HDR0.jpg,prizeCrab_2025_01_27__02_30_06_HDR0_5_Mothbot_yolo11m_4500_imgsz1600_b1_2024-01-18.pt.jpg
doi.org10.15468dl.6nxkw6.csv,Animalia,Arthropoda,Insecta,,,,,,216,,Insecta,Insecta,Cerro_Hoya_Expedition_Hoya_505m_prizeCrab_2025-01-26,prizeCrab_2025_01_27__02_30_06_HDR0_6_Mothbot_yolo11m_4500_imgsz1600_b1_2024-01-18.pt.jpg,HS,Mothbot_yolo11m_4500_imgsz1600_b1_2024-01-18.pt,0.47064679861068726,,prizeCrab,Cerro_Hoya_Expedition/Hoya_505m_prizeCrab_2025-01-26/2025-01-26/patches/prizeCrab_2025_01_27__02_30_06_HDR0_6_Mothbot_yolo11m_4500_imgsz1600_b1_2024-01-18.pt.jpg,ORDER_Diptera,2025-01-27,02:30:06,,2025_01_27__02_30_06,MachineObservation,Cerro_Hoya_Expedition_Hoya_505m_prizeCrab_2025-01-26_2025-01-26,Cerro_Hoya_Expedition_Hoya_505m_prizeCrab_2025-01-26,prizeCrab_2025_01_27__02_30_06_HDR0.jpg,prizeCrab_2025_01_27__02_30_06_HDR0_6_Mothbot_yolo11m_4500_imgsz1600_b1_2024-01-18.pt.jpg
doi.org10.15468dl.6nxkw6.csv,Animalia,Arthropoda,Insecta,Hemiptera,,,,,809,,Hemiptera,Hemiptera,Cerro_Hoya_Expedition_Hoya_505m_prizeCrab_2025-01-26,prizeCrab_2025_01_27__02_30_06_HDR0_7_Mothbot_yolo11m_4500_imgsz1600_b1_2024-01-18.pt.jpg,HS,Mothbot_yolo11m_4500_imgsz1600_b1_2024-01-18.pt,0.43408942222595215,,prizeCrab,Cerro_Hoya_Expedition/Hoya_505m_prizeCrab_2025-01-26/2025-01-26/patches/prizeCrab_2025_01_27__02_30_06_HDR0_7_Mothbot_yolo11m_4500_imgsz1600_b1_2024-01-18.pt.jpg,ORDER_Diptera,2025-01-27,02:30:06,,2025_01_27__02_30_06,MachineObservation,Cerro_Hoya_Expedition_Hoya_505m_prizeCrab_2025-01-26_2025-01-26,Cerro_Hoya_Expedition_Hoya_505m_prizeCrab_2025-01-26,prizeCrab_2025_01_27__02_30_06_HDR0.jpg,prizeCrab_2025_01_27__02_30_06_HDR0_7_Mothbot_yolo11m_4500_imgsz1600_b1_2024-01-18.pt.jpg
doi.org10.15468dl.6nxkw6.csv,Animalia,Arthropoda,Insecta,Lepidoptera,,,,,797,,Lepidoptera,Lepidoptera,Cerro_Hoya_Expedition_Hoya_505m_prizeCrab_2025-01-26,prizeCrab_2025_01_27__02_31_06_HDR0_0_Mothbot_yolo11m_4500_imgsz1600_b1_2024-01-18.pt.jpg,HS,Mothbot_yolo11m_4500_imgsz1600_b1_2024-01-18.pt,0.7980638742446899,,prizeCrab,Cerro_Hoya_Expedition/Hoya_505m_prizeCrab_2025-01-26/2025-01-26/patches/prizeCrab_2025_01_27__02_31_06_HDR0_0_Mothbot_yolo11m_4500_imgsz1600_b1_2024-01-18.pt.jpg,ORDER_Lepidoptera,2025-01-27,02:31:06,,2025_01_27__02_31_06,MachineObservation,Cerro_Hoya_Expedition_Hoya_505m_prizeCrab_2025-01-26_2025-01-26,Cerro_Hoya_Expedition_Hoya_505m_prizeCrab_2025-01-26,prizeCrab_2025_01_27__02_31_06_HDR0.jpg,prizeCrab_2025_01_27__02_31_06_HDR0_0_Mothbot_yolo11m_4500_imgsz1600_b1_2024-01-18.pt.jpg
doi.org10.15468dl.6nxkw6.csv,Animalia,Arthropoda,Insecta,Lepidoptera,,,,,797,,Lepidoptera,Lepidoptera,Cerro_Hoya_Expedition_Hoya_505m_prizeCrab_2025-01-26,prizeCrab_2025_01_27__02_31_06_HDR0_1_Mothbot_yolo11m_4500_imgsz1600_b1_2024-01-18.pt.jpg,HS,Mothbot_yolo11m_4500_imgsz1600_b1_2024-01-18.pt,0.7369247078895569,,prizeCrab,Cerro_Hoya_Expedition/Hoya_505m_prizeCrab_2025-01-26/2025-01-26/patches/prizeCrab_2025_01_27__02_31_06_HDR0_1_Mothbot_yolo11m_4500_imgsz1600_b1_2024-01-18.pt.jpg,ORDER_Lepidoptera,2025-01-27,02:31:06,,2025_01_27__02_31_06,MachineObservation,Cerro_Hoya_Expedition_Hoya_505m_prizeCrab_2025-01-26_2025-01-26,Cerro_Hoya_Expedition_Hoya_505m_prizeCrab_2025-01-26,prizeCrab_2025_01_27__02_31_06_HDR0.jpg,prizeCrab_2025_01_27__02_31_06_HDR0_1_Mothbot_yolo11m_4500_imgsz1600_b1_2024-01-18.pt.jpg
doi.org10.15468dl.6nxkw6.csv,Animalia,Arthropoda,Insecta,Diptera,,,,,811,,Diptera,Diptera,Cerro_Hoya_Expedition_Hoya_505m_prizeCrab_2025-01-26,prizeCrab_2025_01_27__02_31_06_HDR0_2_Mothbot_yolo11m_4500_imgsz1600_b1_2024-01-18.pt.jpg,HS,Mothbot_yolo11m_4500_imgsz1600_b1_2024-01-18.pt,0.722992479801178,,prizeCrab,Cerro_Hoya_Expedition/Hoya_505m_prizeCrab_2025-01-26/2025-01-26/patches/prizeCrab_2025_01_27__02_31_06_HDR0_2_Mothbot_yolo11m_4500_imgsz1600_b1_2024-01-18.pt.jpg,ORDER_Diptera,2025-01-27,02:31:06,,2025_01_27__02_31_06,MachineObservation,Cerro_Hoya_Expedition_Hoya_505m_prizeCrab_2025-01-26_2025-01-26,Cerro_Hoya_Expedition_Hoya_505m_prizeCrab_2025-01-26,prizeCrab_2025_01_27__02_31_06_HDR0.jpg,prizeCrab_2025_01_27__02_31_06_HDR0_2_Mothbot_yolo11m_4500_imgsz1600_b1_2024-01-18.pt.jpg
doi.org10.15468dl.6nxkw6.csv,Animalia,Arthropoda,Insecta,Hemiptera,Cicadellidae,,,,9647,,Cicadellidae,Cicadellidae,Cerro_Hoya_Expedition_Hoya_505m_prizeCrab_2025-01-26,prizeCrab_2025_01_27__02_31_06_HDR0_3_Mothbot_yolo11m_4500_imgsz1600_b1_2024-01-18.pt.jpg,HS,Mothbot_yolo11m_4500_imgsz1600_b1_2024-01-18.pt,0.6360840797424316,,prizeCrab,Cerro_Hoya_Expedition/Hoya_505m_prizeCrab_2025-01-26/2025-01-26/patches/prizeCrab_2025_01_27__02_31_06_HDR0_3_Mothbot_yolo11m_4500_imgsz1600_b1_2024-01-18.pt.jpg,ORDER_Hemiptera,2025-01-27,02:31:06,,2025_01_27__02_31_06,MachineObservation,Cerro_Hoya_Expedition_Hoya_505m_prizeCrab_2025-01-26_2025-01-26,Cerro_Hoya_Expedition_Hoya_505m_prizeCrab_2025-01-26,prizeCrab_2025_01_27__02_31_06_HDR0.jpg,prizeCrab_2025_01_27__02_31_06_HDR0_3_Mothbot_yolo11m_4500_imgsz1600_b1_2024-01-18.pt.jpg
doi.org10.15468dl.6nxkw6.csv,Animalia,Arthropoda,Insecta,Hemiptera,Cicadellidae,,,,9647,,Cicadellidae,Cicadellidae,Cerro_Hoya_Expedition_Hoya_505m_prizeCrab_2025-01-26,prizeCrab_2025_01_27__02_31_06_HDR0_4_Mothbot_yolo11m_4500_imgsz1600_b1_2024-01-18.pt.jpg,HS,Mothbot_yolo11m_4500_imgsz1600_b1_2024-01-18.pt,0.6061781644821167,,prizeCrab,Cerro_Hoya_Expedition/Hoya_505m_prizeCrab_2025-01-26/2025-01-26/patches/prizeCrab_2025_01_27__02_31_06_HDR0_4_Mothbot_yolo11m_4500_imgsz1600_b1_2024-01-18.pt.jpg,ORDER_Coleoptera,2025-01-27,02:31:06,,2025_01_27__02_31_06,MachineObservation,Cerro_Hoya_Expedition_Hoya_505m_prizeCrab_2025-01-26_2025-01-26,Cerro_Hoya_Expedition_Hoya_505m_prizeCrab_2025-01-26,prizeCrab_2025_01_27__02_31_06_HDR0.jpg,prizeCrab_2025_01_27__02_31_06_HDR0_4_Mothbot_yolo11m_4500_imgsz1600_b1_2024-01-18.pt.jpg
doi.org10.15468dl.6nxkw6.csv,Animalia,Arthropoda,Insecta,Hemiptera,Cicadellidae,,,,9647,,Cicadellidae,Cicadellidae,Cerro_Hoya_Expedition_Hoya_505m_prizeCrab_2025-01-26,prizeCrab_2025_01_27__02_31_06_HDR0_5_Mothbot_yolo11m_4500_imgsz1600_b1_2024-01-18.pt.jpg,HS,Mothbot_yolo11m_4500_imgsz1600_b1_2024-01-18.pt,0.4037856459617615,,prizeCrab,Cerro_Hoya_Expedition/Hoya_505m_prizeCrab_2025-01-26/2025-01-26/patches/prizeCrab_2025_01_27__02_31_06_HDR0_5_Mothbot_yolo11m_4500_imgsz1600_b1_2024-01-18.pt.jpg,ORDER_Diptera,2025-01-27,02:31:06,,2025_01_27__02_31_06,MachineObservation,Cerro_Hoya_Expedition_Hoya_505m_prizeCrab_2025-01-26_2025-01-26,Cerro_Hoya_Expedition_Hoya_505m_prizeCrab_2025-01-26,prizeCrab_2025_01_27__02_31_06_HDR0.jpg,prizeCrab_2025_01_27__02_31_06_HDR0_5_Mothbot_yolo11m_4500_imgsz1600_b1_2024-01-18.pt.jpg
doi.org10.15468dl.6nxkw6.csv,Animalia,Arthropoda,Insecta,Diptera,,,,,811,,Diptera,Diptera,Cerro_Hoya_Expedition_Hoya_505m_prizeCrab_2025-01-26,prizeCrab_2025_01_27__02_31_06_HDR0_6_Mothbot_yolo11m_4500_imgsz1600_b1_2024-01-18.pt.jpg,HS,Mothbot_yolo11m_4500_imgsz1600_b1_2024-01-18.pt,0.35729900002479553,,prizeCrab,Cerro_Hoya_Expedition/Hoya_505m_prizeCrab_2025-01-26/2025-01-26/patches/prizeCrab_2025_01_27__02_31_06_HDR0_6_Mothbot_yolo11m_4500_imgsz1600_b1_2024-01-18.pt.jpg,ORDER_Diptera,2025-01-27,02:31:06,,2025_01_27__02_31_06,MachineObservation,Cerro_Hoya_Expedition_Hoya_505m_prizeCrab_2025-01-26_2025-01-26,Cerro_Hoya_Expedition_Hoya_505m_prizeCrab_2025-01-26,prizeCrab_2025_01_27__02_31_06_HDR0.jpg,prizeCrab_2025_01_27__02_31_06_HDR0_6_Mothbot_yolo11m_4500_imgsz1600_b1_2024-01-18.pt.jpg
doi.org10.15468dl.6nxkw6.csv,Animalia,Arthropoda,Insecta,Lepidoptera,,,,,797,,Lepidoptera,Lepidoptera,Cerro_Hoya_Expedition_Hoya_505m_prizeCrab_2025-01-26,prizeCrab_2025_01_27__02_31_06_HDR0_7_Mothbot_yolo11m_4500_imgsz1600_b1_2024-01-18.pt.jpg,HS,Mothbot_yolo11m_4500_imgsz1600_b1_2024-01-18.pt,0.34081998467445374,,prizeCrab,Cerro_Hoya_Expedition/Hoya_505m_prizeCrab_2025-01-26/2025-01-26/patches/prizeCrab_2025_01_27__02_31_06_HDR0_7_Mothbot_yolo11m_4500_imgsz1600_b1_2024-01-18.pt.jpg,ORDER_Lepidoptera,2025-01-27,02:31:06,,2025_01_27__02_31_06,MachineObservation,Cerro_Hoya_Expedition_Hoya_505m_prizeCrab_2025-01-26_2025-01-26,Cerro_Hoya_Expedition_Hoya_505m_prizeCrab_2025-01-26,prizeCrab_2025_01_27__02_31_06_HDR0.jpg,prizeCrab_2025_01_27__02_31_06_HDR0_7_Mothbot_yolo11m_4500_imgsz1600_b1_2024-01-18.pt.jpg
doi.org10.15468dl.6nxkw6.csv,Animalia,Arthropoda,Insecta,Lepidoptera,,,,,797,,Lepidoptera,Lepidoptera,Cerro_Hoya_Expedition_Hoya_505m_prizeCrab_2025-01-26,prizeCrab_2025_01_27__02_32_05_HDR0_0_Mothbot_yolo11m_4500_imgsz1600_b1_2024-01-18.pt.jpg,HS,Mothbot_yolo11m_4500_imgsz1600_b1_2024-01-18.pt,0.8029194474220276,,prizeCrab,Cerro_Hoya_Expedition/Hoya_505m_prizeCrab_2025-01-26/2025-01-26/patches/prizeCrab_2025_01_27__02_32_05_HDR0_0_Mothbot_yolo11m_4500_imgsz1600_b1_2024-01-18.pt.jpg,ORDER_Lepidoptera,2025-01-27,02:32:05,,2025_01_27__02_32_05,MachineObservation,Cerro_Hoya_Expedition_Hoya_505m_prizeCrab_2025-01-26_2025-01-26,Cerro_Hoya_Expedition_Hoya_505m_prizeCrab_2025-01-26,prizeCrab_2025_01_27__02_32_05_HDR0.jpg,prizeCrab_2025_01_27__02_32_05_HDR0_0_Mothbot_yolo11m_4500_imgsz1600_b1_2024-01-18.pt.jpg
doi.org10.15468dl.6nxkw6.csv,Animalia,Arthropoda,Insecta,Lepidoptera,,,,,797,,Lepidoptera,Lepidoptera,Cerro_Hoya_Expedition_Hoya_505m_prizeCrab_2025-01-26,prizeCrab_2025_01_27__02_32_05_HDR0_1_Mothbot_yolo11m_4500_imgsz1600_b1_2024-01-18.pt.jpg,HS,Mothbot_yolo11m_4500_imgsz1600_b1_2024-01-18.pt,0.7368150949478149,,prizeCrab,Cerro_Hoya_Expedition/Hoya_505m_prizeCrab_2025-01-26/2025-01-26/patches/prizeCrab_2025_01_27__02_32_05_HDR0_1_Mothbot_yolo11m_4500_imgsz1600_b1_2024-01-18.pt.jpg,ORDER_Lepidoptera,2025-01-27,02:32:05,,2025_01_27__02_32_05,MachineObservation,Cerro_Hoya_Expedition_Hoya_505m_prizeCrab_2025-01-26_2025-01-26,Cerro_Hoya_Expedition_Hoya_505m_prizeCrab_2025-01-26,prizeCrab_2025_01_27__02_32_05_HDR0.jpg,prizeCrab_2025_01_27__02_32_05_HDR0_1_Mothbot_yolo11m_4500_imgsz1600_b1_2024-01-18.pt.jpg
doi.org10.15468dl.6nxkw6.csv,Animalia,Arthropoda,Insecta,Diptera,,,,,811,,Diptera,Diptera,Cerro_Hoya_Expedition_Hoya_505m_prizeCrab_2025-01-26,prizeCrab_2025_01_27__02_32_05_HDR0_2_Mothbot_yolo11m_4500_imgsz1600_b1_2024-01-18.pt.jpg,HS,Mothbot_yolo11m_4500_imgsz1600_b1_2024-01-18.pt,0.6551722288131714,,prizeCrab,Cerro_Hoya_Expedition/Hoya_505m_prizeCrab_2025-01-26/2025-01-26/patches/prizeCrab_2025_01_27__02_32_05_HDR0_2_Mothbot_yolo11m_4500_imgsz1600_b1_2024-01-18.pt.jpg,ORDER_Diptera,2025-01-27,02:32:05,,2025_01_27__02_32_05,MachineObservation,Cerro_Hoya_Expedition_Hoya_505m_prizeCrab_2025-01-26_2025-01-26,Cerro_Hoya_Expedition_Hoya_505m_prizeCrab_2025-01-26,prizeCrab_2025_01_27__02_32_05_HDR0.jpg,prizeCrab_2025_01_27__02_32_05_HDR0_2_Mothbot_yolo11m_4500_imgsz1600_b1_2024-01-18.pt.jpg
doi.org10.15468dl.6nxkw6.csv,Animalia,Arthropoda,Insecta,Hemiptera,Cicadellidae,,,,9647,,Cicadellidae,Cicadellidae,Cerro_Hoya_Expedition_Hoya_505m_prizeCrab_2025-01-26,prizeCrab_2025_01_27__02_32_05_HDR0_3_Mothbot_yolo11m_4500_imgsz1600_b1_2024-01-18.pt.jpg,HS,Mothbot_yolo11m_4500_imgsz1600_b1_2024-01-18.pt,0.5953490138053894,,prizeCrab,Cerro_Hoya_Expedition/Hoya_505m_prizeCrab_2025-01-26/2025-01-26/patches/prizeCrab_2025_01_27__02_32_05_HDR0_3_Mothbot_yolo11m_4500_imgsz1600_b1_2024-01-18.pt.jpg,ORDER_Coleoptera,2025-01-27,02:32:05,,2025_01_27__02_32_05,MachineObservation,Cerro_Hoya_Expedition_Hoya_505m_prizeCrab_2025-01-26_2025-01-26,Cerro_Hoya_Expedition_Hoya_505m_prizeCrab_2025-01-26,prizeCrab_2025_01_27__02_32_05_HDR0.jpg,prizeCrab_2025_01_27__02_32_05_HDR0_3_Mothbot_yolo11m_4500_imgsz1600_b1_2024-01-18.pt.jpg
doi.org10.15468dl.6nxkw6.csv,Animalia,Arthropoda,Insecta,Hemiptera,Cicadellidae,,,,9647,,Cicadellidae,Cicadellidae,Cerro_Hoya_Expedition_Hoya_505m_prizeCrab_2025-01-26,prizeCrab_2025_01_27__02_32_05_HDR0_4_Mothbot_yolo11m_4500_imgsz1600_b1_2024-01-18.pt.jpg,HS,Mothbot_yolo11m_4500_imgsz1600_b1_2024-01-18.pt,0.5897089838981628,,prizeCrab,Cerro_Hoya_Expedition/Hoya_505m_prizeCrab_2025-01-26/2025-01-26/patches/prizeCrab_2025_01_27__02_32_05_HDR0_4_Mothbot_yolo11m_4500_imgsz1600_b1_2024-01-18.pt.jpg,ORDER_Hemiptera,2025-01-27,02:32:05,,2025_01_27__02_32_05,MachineObservation,Cerro_Hoya_Expedition_Hoya_505m_prizeCrab_2025-01-26_2025-01-26,Cerro_Hoya_Expedition_Hoya_505m_prizeCrab_2025-01-26,prizeCrab_2025_01_27__02_32_05_HDR0.jpg,prizeCrab_2025_01_27__02_32_05_HDR0_4_Mothbot_yolo11m_4500_imgsz1600_b1_2024-01-18.pt.jpg
doi.org10.15468dl.6nxkw6.csv,Animalia,Arthropoda,Insecta,,,,,,216,,Insecta,Insecta,Cerro_Hoya_Expedition_Hoya_505m_prizeCrab_2025-01-26,prizeCrab_2025_01_27__02_32_05_HDR0_5_Mothbot_yolo11m_4500_imgsz1600_b1_2024-01-18.pt.jpg,HS,Mothbot_yolo11m_4500_imgsz1600_b1_2024-01-18.pt,0.5356717705726624,,prizeCrab,Cerro_Hoya_Expedition/Hoya_505m_prizeCrab_2025-01-26/2025-01-26/patches/prizeCrab_2025_01_27__02_32_05_HDR0_5_Mothbot_yolo11m_4500_imgsz1600_b1_2024-01-18.pt.jpg,ORDER_Lepidoptera,2025-01-27,02:32:05,,2025_01_27__02_32_05,MachineObservation,Cerro_Hoya_Expedition_Hoya_505m_prizeCrab_2025-01-26_2025-01-26,Cerro_Hoya_Expedition_Hoya_505m_prizeCrab_2025-01-26,prizeCrab_2025_01_27__02_32_05_HDR0.jpg,prizeCrab_2025_01_27__02_32_05_HDR0_5_Mothbot_yolo11m_4500_imgsz1600_b1_2024-01-18.pt.jpg
doi.org10.15468dl.6nxkw6.csv,Animalia,Arthropoda,Insecta,Hemiptera,Cicadellidae,,,,9647,,Cicadellidae,Cicadellidae,Cerro_Hoya_Expedition_Hoya_505m_prizeCrab_2025-01-26,prizeCrab_2025_01_27__02_32_05_HDR0_6_Mothbot_yolo11m_4500_imgsz1600_b1_2024-01-18.pt.jpg,HS,Mothbot_yolo11m_4500_imgsz1600_b1_2024-01-18.pt,0.3480558395385742,,prizeCrab,Cerro_Hoya_Expedition/Hoya_505m_prizeCrab_2025-01-26/2025-01-26/patches/prizeCrab_2025_01_27__02_32_05_HDR0_6_Mothbot_yolo11m_4500_imgsz1600_b1_2024-01-18.pt.jpg,ORDER_Diptera,2025-01-27,02:32:05,,2025_01_27__02_32_05,MachineObservation,Cerro_Hoya_Expedition_Hoya_505m_prizeCrab_2025-01-26_2025-01-26,Cerro_Hoya_Expedition_Hoya_505m_prizeCrab_2025-01-26,prizeCrab_2025_01_27__02_32_05_HDR0.jpg,prizeCrab_2025_01_27__02_32_05_HDR0_6_Mothbot_yolo11m_4500_imgsz1600_b1_2024-01-18.pt.jpg
doi.org10.15468dl.6nxkw6.csv,Animalia,Arthropoda,Insecta,Lepidoptera,,,,,797,,Lepidoptera,Lepidoptera,Cerro_Hoya_Expedition_Hoya_505m_prizeCrab_2025-01-26,prizeCrab_2025_01_27__02_33_05_HDR0_0_Mothbot_yolo11m_4500_imgsz1600_b1_2024-01-18.pt.jpg,HS,Mothbot_yolo11m_4500_imgsz1600_b1_2024-01-18.pt,0.8201165199279785,,prizeCrab,Cerro_Hoya_Expedition/Hoya_505m_prizeCrab_2025-01-26/2025-01-26/patches/prizeCrab_2025_01_27__02_33_05_HDR0_0_Mothbot_yolo11m_4500_imgsz1600_b1_2024-01-18.pt.jpg,ORDER_Lepidoptera,2025-01-27,02:33:05,,2025_01_27__02_33_05,MachineObservation,Cerro_Hoya_Expedition_Hoya_505m_prizeCrab_2025-01-26_2025-01-26,Cerro_Hoya_Expedition_Hoya_505m_prizeCrab_2025-01-26,prizeCrab_2025_01_27__02_33_05_HDR0.jpg,prizeCrab_2025_01_27__02_33_05_HDR0_0_Mothbot_yolo11m_4500_imgsz1600_b1_2024-01-18.pt.jpg
doi.org10.15468dl.6nxkw6.csv,Animalia,Arthropoda,Insecta,Lepidoptera,,,,,797,,Lepidoptera,Lepidoptera,Cerro_Hoya_Expedition_Hoya_505m_prizeCrab_2025-01-26,prizeCrab_2025_01_27__02_33_05_HDR0_1_Mothbot_yolo11m_4500_imgsz1600_b1_2024-01-18.pt.jpg,HS,Mothbot_yolo11m_4500_imgsz1600_b1_2024-01-18.pt,0.7240306735038757,,prizeCrab,Cerro_Hoya_Expedition/Hoya_505m_prizeCrab_2025-01-26/2025-01-26/patches/prizeCrab_2025_01_27__02_33_05_HDR0_1_Mothbot_yolo11m_4500_imgsz1600_b1_2024-01-18.pt.jpg,ORDER_Lepidoptera,2025-01-27,02:33:05,,2025_01_27__02_33_05,MachineObservation,Cerro_Hoya_Expedition_Hoya_505m_prizeCrab_2025-01-26_2025-01-26,Cerro_Hoya_Expedition_Hoya_505m_prizeCrab_2025-01-26,prizeCrab_2025_01_27__02_33_05_HDR0.jpg,prizeCrab_2025_01_27__02_33_05_HDR0_1_Mothbot_yolo11m_4500_imgsz1600_b1_2024-01-18.pt.jpg
doi.org10.15468dl.6nxkw6.csv,Animalia,Arthropoda,Insecta,Lepidoptera,Crambidae,,,,8841,,Crambidae,Crambidae,Cerro_Hoya_Expedition_Hoya_505m_prizeCrab_2025-01-26,prizeCrab_2025_01_27__02_33_05_HDR0_2_Mothbot_yolo11m_4500_imgsz1600_b1_2024-01-18.pt.jpg,HS,Mothbot_yolo11m_4500_imgsz1600_b1_2024-01-18.pt,0.7147426009178162,,prizeCrab,Cerro_Hoya_Expedition/Hoya_505m_prizeCrab_2025-01-26/2025-01-26/patches/prizeCrab_2025_01_27__02_33_05_HDR0_2_Mothbot_yolo11m_4500_imgsz1600_b1_2024-01-18.pt.jpg,ORDER_Lepidoptera,2025-01-27,02:33:05,,2025_01_27__02_33_05,MachineObservation,Cerro_Hoya_Expedition_Hoya_505m_prizeCrab_2025-01-26_2025-01-26,Cerro_Hoya_Expedition_Hoya_505m_prizeCrab_2025-01-26,prizeCrab_2025_01_27__02_33_05_HDR0.jpg,prizeCrab_2025_01_27__02_33_05_HDR0_2_Mothbot_yolo11m_4500_imgsz1600_b1_2024-01-18.pt.jpg
doi.org10.15468dl.6nxkw6.csv,Animalia,Arthropoda,Insecta,Hemiptera,Cicadellidae,,,,9647,,Cicadellidae,Cicadellidae,Cerro_Hoya_Expedition_Hoya_505m_prizeCrab_2025-01-26,prizeCrab_2025_01_27__02_33_05_HDR0_3_Mothbot_yolo11m_4500_imgsz1600_b1_2024-01-18.pt.jpg,HS,Mothbot_yolo11m_4500_imgsz1600_b1_2024-01-18.pt,0.6650393605232239,,prizeCrab,Cerro_Hoya_Expedition/Hoya_505m_prizeCrab_2025-01-26/2025-01-26/patches/prizeCrab_2025_01_27__02_33_05_HDR0_3_Mothbot_yolo11m_4500_imgsz1600_b1_2024-01-18.pt.jpg,ORDER_Hemiptera,2025-01-27,02:33:05,,2025_01_27__02_33_05,MachineObservation,Cerro_Hoya_Expedition_Hoya_505m_prizeCrab_2025-01-26_2025-01-26,Cerro_Hoya_Expedition_Hoya_505m_prizeCrab_2025-01-26,prizeCrab_2025_01_27__02_33_05_HDR0.jpg,prizeCrab_2025_01_27__02_33_05_HDR0_3_Mothbot_yolo11m_4500_imgsz1600_b1_2024-01-18.pt.jpg
doi.org10.15468dl.6nxkw6.csv,Animalia,Arthropoda,Insecta,Diptera,,,,,811,,Diptera,Diptera,Cerro_Hoya_Expedition_Hoya_505m_prizeCrab_2025-01-26,prizeCrab_2025_01_27__02_33_05_HDR0_4_Mothbot_yolo11m_4500_imgsz1600_b1_2024-01-18.pt.jpg,HS,Mothbot_yolo11m_4500_imgsz1600_b1_2024-01-18.pt,0.575436532497406,,prizeCrab,Cerro_Hoya_Expedition/Hoya_505m_prizeCrab_2025-01-26/2025-01-26/patches/prizeCrab_2025_01_27__02_33_05_HDR0_4_Mothbot_yolo11m_4500_imgsz1600_b1_2024-01-18.pt.jpg,ORDER_Diptera,2025-01-27,02:33:05,,2025_01_27__02_33_05,MachineObservation,Cerro_Hoya_Expedition_Hoya_505m_prizeCrab_2025-01-26_2025-01-26,Cerro_Hoya_Expedition_Hoya_505m_prizeCrab_2025-01-26,prizeCrab_2025_01_27__02_33_05_HDR0.jpg,prizeCrab_2025_01_27__02_33_05_HDR0_4_Mothbot_yolo11m_4500_imgsz1600_b1_2024-01-18.pt.jpg
doi.org10.15468dl.6nxkw6.csv,Animalia,Arthropoda,Insecta,Hemiptera,,,,,809,,Hemiptera,Hemiptera,Cerro_Hoya_Expedition_Hoya_505m_prizeCrab_2025-01-26,prizeCrab_2025_01_27__02_33_05_HDR0_5_Mothbot_yolo11m_4500_imgsz1600_b1_2024-01-18.pt.jpg,HS,Mothbot_yolo11m_4500_imgsz1600_b1_2024-01-18.pt,0.5626615285873413,,prizeCrab,Cerro_Hoya_Expedition/Hoya_505m_prizeCrab_2025-01-26/2025-01-26/patches/prizeCrab_2025_01_27__02_33_05_HDR0_5_Mothbot_yolo11m_4500_imgsz1600_b1_2024-01-18.pt.jpg,ORDER_Coleoptera,2025-01-27,02:33:05,,2025_01_27__02_33_05,MachineObservation,Cerro_Hoya_Expedition_Hoya_505m_prizeCrab_2025-01-26_2025-01-26,Cerro_Hoya_Expedition_Hoya_505m_prizeCrab_2025-01-26,prizeCrab_2025_01_27__02_33_05_HDR0.jpg,prizeCrab_2025_01_27__02_33_05_HDR0_5_Mothbot_yolo11m_4500_imgsz1600_b1_2024-01-18.pt.jpg
doi.org10.15468dl.6nxkw6.csv,Animalia,Arthropoda,Insecta,Lepidoptera,,,,,797,,Lepidoptera,Lepidoptera,Cerro_Hoya_Expedition_Hoya_505m_prizeCrab_2025-01-26,prizeCrab_2025_01_27__02_34_06_HDR0_0_Mothbot_yolo11m_4500_imgsz1600_b1_2024-01-18.pt.jpg,HS,Mothbot_yolo11m_4500_imgsz1600_b1_2024-01-18.pt,0.8444921970367432,,prizeCrab,Cerro_Hoya_Expedition/Hoya_505m_prizeCrab_2025-01-26/2025-01-26/patches/prizeCrab_2025_01_27__02_34_06_HDR0_0_Mothbot_yolo11m_4500_imgsz1600_b1_2024-01-18.pt.jpg,ORDER_Lepidoptera,2025-01-27,02:34:06,,2025_01_27__02_34_06,MachineObservation,Cerro_Hoya_Expedition_Hoya_505m_prizeCrab_2025-01-26_2025-01-26,Cerro_Hoya_Expedition_Hoya_505m_prizeCrab_2025-01-26,prizeCrab_2025_01_27__02_34_06_HDR0.jpg,prizeCrab_2025_01_27__02_34_06_HDR0_0_Mothbot_yolo11m_4500_imgsz1600_b1_2024-01-18.pt.jpg
doi.org10.15468dl.6nxkw6.csv,Animalia,Arthropoda,Insecta,Lepidoptera,,,,,797,,Lepidoptera,Lepidoptera,Cerro_Hoya_Expedition_Hoya_505m_prizeCrab_2025-01-26,prizeCrab_2025_01_27__02_34_06_HDR0_1_Mothbot_yolo11m_4500_imgsz1600_b1_2024-01-18.pt.jpg,HS,Mothbot_yolo11m_4500_imgsz1600_b1_2024-01-18.pt,0.8105862736701965,,prizeCrab,Cerro_Hoya_Expedition/Hoya_505m_prizeCrab_2025-01-26/2025-01-26/patches/prizeCrab_2025_01_27__02_34_06_HDR0_1_Mothbot_yolo11m_4500_imgsz1600_b1_2024-01-18.pt.jpg,ORDER_Lepidoptera,2025-01-27,02:34:06,,2025_01_27__02_34_06,MachineObservation,Cerro_Hoya_Expedition_Hoya_505m_prizeCrab_2025-01-26_2025-01-26,Cerro_Hoya_Expedition_Hoya_505m_prizeCrab_2025-01-26,prizeCrab_2025_01_27__02_34_06_HDR0.jpg,prizeCrab_2025_01_27__02_34_06_HDR0_1_Mothbot_yolo11m_4500_imgsz1600_b1_2024-01-18.pt.jpg
doi.org10.15468dl.6nxkw6.csv,Animalia,Arthropoda,Insecta,Hemiptera,Cicadellidae,,,,9647,,Cicadellidae,Cicadellidae,Cerro_Hoya_Expedition_Hoya_505m_prizeCrab_2025-01-26,prizeCrab_2025_01_27__02_34_06_HDR0_2_Mothbot_yolo11m_4500_imgsz1600_b1_2024-01-18.pt.jpg,HS,Mothbot_yolo11m_4500_imgsz1600_b1_2024-01-18.pt,0.6683517694473267,,prizeCrab,Cerro_Hoya_Expedition/Hoya_505m_prizeCrab_2025-01-26/2025-01-26/patches/prizeCrab_2025_01_27__02_34_06_HDR0_2_Mothbot_yolo11m_4500_imgsz1600_b1_2024-01-18.pt.jpg,ORDER_Hemiptera,2025-01-27,02:34:06,,2025_01_27__02_34_06,MachineObservation,Cerro_Hoya_Expedition_Hoya_505m_prizeCrab_2025-01-26_2025-01-26,Cerro_Hoya_Expedition_Hoya_505m_prizeCrab_2025-01-26,prizeCrab_2025_01_27__02_34_06_HDR0.jpg,prizeCrab_2025_01_27__02_34_06_HDR0_2_Mothbot_yolo11m_4500_imgsz1600_b1_2024-01-18.pt.jpg
doi.org10.15468dl.6nxkw6.csv,Animalia,Arthropoda,Insecta,Hemiptera,Cicadellidae,,,,9647,,Cicadellidae,Cicadellidae,Cerro_Hoya_Expedition_Hoya_505m_prizeCrab_2025-01-26,prizeCrab_2025_01_27__02_34_06_HDR0_3_Mothbot_yolo11m_4500_imgsz1600_b1_2024-01-18.pt.jpg,HS,Mothbot_yolo11m_4500_imgsz1600_b1_2024-01-18.pt,0.6363716721534729,,prizeCrab,Cerro_Hoya_Expedition/Hoya_505m_prizeCrab_2025-01-26/2025-01-26/patches/prizeCrab_2025_01_27__02_34_06_HDR0_3_Mothbot_yolo11m_4500_imgsz1600_b1_2024-01-18.pt.jpg,ORDER_Hemiptera,2025-01-27,02:34:06,,2025_01_27__02_34_06,MachineObservation,Cerro_Hoya_Expedition_Hoya_505m_prizeCrab_2025-01-26_2025-01-26,Cerro_Hoya_Expedition_Hoya_505m_prizeCrab_2025-01-26,prizeCrab_2025_01_27__02_34_06_HDR0.jpg,prizeCrab_2025_01_27__02_34_06_HDR0_3_Mothbot_yolo11m_4500_imgsz1600_b1_2024-01-18.pt.jpg
doi.org10.15468dl.6nxkw6.csv,Animalia,Arthropoda,Insecta,Hemiptera,Cicadellidae,,,,9647,,Cicadellidae,Cicadellidae,Cerro_Hoya_Expedition_Hoya_505m_prizeCrab_2025-01-26,prizeCrab_2025_01_27__02_34_06_HDR0_4_Mothbot_yolo11m_4500_imgsz1600_b1_2024-01-18.pt.jpg,HS,Mothbot_yolo11m_4500_imgsz1600_b1_2024-01-18.pt,0.596938967704773,,prizeCrab,Cerro_Hoya_Expedition/Hoya_505m_prizeCrab_2025-01-26/2025-01-26/patches/prizeCrab_2025_01_27__02_34_06_HDR0_4_Mothbot_yolo11m_4500_imgsz1600_b1_2024-01-18.pt.jpg,ORDER_Coleoptera,2025-01-27,02:34:06,,2025_01_27__02_34_06,MachineObservation,Cerro_Hoya_Expedition_Hoya_505m_prizeCrab_2025-01-26_2025-01-26,Cerro_Hoya_Expedition_Hoya_505m_prizeCrab_2025-01-26,prizeCrab_2025_01_27__02_34_06_HDR0.jpg,prizeCrab_2025_01_27__02_34_06_HDR0_4_Mothbot_yolo11m_4500_imgsz1600_b1_2024-01-18.pt.jpg
doi.org10.15468dl.6nxkw6.csv,Animalia,Arthropoda,Insecta,Diptera,,,,,811,,Diptera,Diptera,Cerro_Hoya_Expedition_Hoya_505m_prizeCrab_2025-01-26,prizeCrab_2025_01_27__02_34_06_HDR0_5_Mothbot_yolo11m_4500_imgsz1600_b1_2024-01-18.pt.jpg,HS,Mothbot_yolo11m_4500_imgsz1600_b1_2024-01-18.pt,0.4469755291938782,,prizeCrab,Cerro_Hoya_Expedition/Hoya_505m_prizeCrab_2025-01-26/2025-01-26/patches/prizeCrab_2025_01_27__02_34_06_HDR0_5_Mothbot_yolo11m_4500_imgsz1600_b1_2024-01-18.pt.jpg,ORDER_Diptera,2025-01-27,02:34:06,,2025_01_27__02_34_06,MachineObservation,Cerro_Hoya_Expedition_Hoya_505m_prizeCrab_2025-01-26_2025-01-26,Cerro_Hoya_Expedition_Hoya_505m_prizeCrab_2025-01-26,prizeCrab_2025_01_27__02_34_06_HDR0.jpg,prizeCrab_2025_01_27__02_34_06_HDR0_5_Mothbot_yolo11m_4500_imgsz1600_b1_2024-01-18.pt.jpg
doi.org10.15468dl.6nxkw6.csv,Animalia,Arthropoda,Insecta,Lepidoptera,,,,,797,,Lepidoptera,Lepidoptera,Cerro_Hoya_Expedition_Hoya_505m_prizeCrab_2025-01-26,prizeCrab_2025_01_27__02_35_06_HDR0_0_Mothbot_yolo11m_4500_imgsz1600_b1_2024-01-18.pt.jpg,HS,Mothbot_yolo11m_4500_imgsz1600_b1_2024-01-18.pt,0.8405687808990479,,prizeCrab,Cerro_Hoya_Expedition/Hoya_505m_prizeCrab_2025-01-26/2025-01-26/patches/prizeCrab_2025_01_27__02_35_06_HDR0_0_Mothbot_yolo11m_4500_imgsz1600_b1_2024-01-18.pt.jpg,ORDER_Lepidoptera,2025-01-27,02:35:06,,2025_01_27__02_35_06,MachineObservation,Cerro_Hoya_Expedition_Hoya_505m_prizeCrab_2025-01-26_2025-01-26,Cerro_Hoya_Expedition_Hoya_505m_prizeCrab_2025-01-26,prizeCrab_2025_01_27__02_35_06_HDR0.jpg,prizeCrab_2025_01_27__02_35_06_HDR0_0_Mothbot_yolo11m_4500_imgsz1600_b1_2024-01-18.pt.jpg
doi.org10.15468dl.6nxkw6.csv,Animalia,Arthropoda,Insecta,Lepidoptera,,,,,797,,Lepidoptera,Lepidoptera,Cerro_Hoya_Expedition_Hoya_505m_prizeCrab_2025-01-26,prizeCrab_2025_01_27__02_35_06_HDR0_1_Mothbot_yolo11m_4500_imgsz1600_b1_2024-01-18.pt.jpg,HS,Mothbot_yolo11m_4500_imgsz1600_b1_2024-01-18.pt,0.8272625207901001,,prizeCrab,Cerro_Hoya_Expedition/Hoya_505m_prizeCrab_2025-01-26/2025-01-26/patches/prizeCrab_2025_01_27__02_35_06_HDR0_1_Mothbot_yolo11m_4500_imgsz1600_b1_2024-01-18.pt.jpg,ORDER_Lepidoptera,2025-01-27,02:35:06,,2025_01_27__02_35_06,MachineObservation,Cerro_Hoya_Expedition_Hoya_505m_prizeCrab_2025-01-26_2025-01-26,Cerro_Hoya_Expedition_Hoya_505m_prizeCrab_2025-01-26,prizeCrab_2025_01_27__02_35_06_HDR0.jpg,prizeCrab_2025_01_27__02_35_06_HDR0_1_Mothbot_yolo11m_4500_imgsz1600_b1_2024-01-18.pt.jpg
doi.org10.15468dl.6nxkw6.csv,Animalia,Arthropoda,Insecta,Lepidoptera,,,,,797,,Lepidoptera,Lepidoptera,Cerro_Hoya_Expedition_Hoya_505m_prizeCrab_2025-01-26,prizeCrab_2025_01_27__02_35_06_HDR0_2_Mothbot_yolo11m_4500_imgsz1600_b1_2024-01-18.pt.jpg,HS,Mothbot_yolo11m_4500_imgsz1600_b1_2024-01-18.pt,0.7910088896751404,,prizeCrab,Cerro_Hoya_Expedition/Hoya_505m_prizeCrab_2025-01-26/2025-01-26/patches/prizeCrab_2025_01_27__02_35_06_HDR0_2_Mothbot_yolo11m_4500_imgsz1600_b1_2024-01-18.pt.jpg,ORDER_Lepidoptera,2025-01-27,02:35:06,,2025_01_27__02_35_06,MachineObservation,Cerro_Hoya_Expedition_Hoya_505m_prizeCrab_2025-01-26_2025-01-26,Cerro_Hoya_Expedition_Hoya_505m_prizeCrab_2025-01-26,prizeCrab_2025_01_27__02_35_06_HDR0.jpg,prizeCrab_2025_01_27__02_35_06_HDR0_2_Mothbot_yolo11m_4500_imgsz1600_b1_2024-01-18.pt.jpg
doi.org10.15468dl.6nxkw6.csv,Animalia,Arthropoda,Insecta,Hemiptera,Cicadellidae,,,,9647,,Cicadellidae,Cicadellidae,Cerro_Hoya_Expedition_Hoya_505m_prizeCrab_2025-01-26,prizeCrab_2025_01_27__02_35_06_HDR0_3_Mothbot_yolo11m_4500_imgsz1600_b1_2024-01-18.pt.jpg,HS,Mothbot_yolo11m_4500_imgsz1600_b1_2024-01-18.pt,0.6543139219284058,,prizeCrab,Cerro_Hoya_Expedition/Hoya_505m_prizeCrab_2025-01-26/2025-01-26/patches/prizeCrab_2025_01_27__02_35_06_HDR0_3_Mothbot_yolo11m_4500_imgsz1600_b1_2024-01-18.pt.jpg,ORDER_Hemiptera,2025-01-27,02:35:06,,2025_01_27__02_35_06,MachineObservation,Cerro_Hoya_Expedition_Hoya_505m_prizeCrab_2025-01-26_2025-01-26,Cerro_Hoya_Expedition_Hoya_505m_prizeCrab_2025-01-26,prizeCrab_2025_01_27__02_35_06_HDR0.jpg,prizeCrab_2025_01_27__02_35_06_HDR0_3_Mothbot_yolo11m_4500_imgsz1600_b1_2024-01-18.pt.jpg
doi.org10.15468dl.6nxkw6.csv,Animalia,Arthropoda,Insecta,Hemiptera,Cicadellidae,,,,9647,,Cicadellidae,Cicadellidae,Cerro_Hoya_Expedition_Hoya_505m_prizeCrab_2025-01-26,prizeCrab_2025_01_27__02_35_06_HDR0_4_Mothbot_yolo11m_4500_imgsz1600_b1_2024-01-18.pt.jpg,HS,Mothbot_yolo11m_4500_imgsz1600_b1_2024-01-18.pt,0.6320486664772034,,prizeCrab,Cerro_Hoya_Expedition/Hoya_505m_prizeCrab_2025-01-26/2025-01-26/patches/prizeCrab_2025_01_27__02_35_06_HDR0_4_Mothbot_yolo11m_4500_imgsz1600_b1_2024-01-18.pt.jpg,ORDER_Coleoptera,2025-01-27,02:35:06,,2025_01_27__02_35_06,MachineObservation,Cerro_Hoya_Expedition_Hoya_505m_prizeCrab_2025-01-26_2025-01-26,Cerro_Hoya_Expedition_Hoya_505m_prizeCrab_2025-01-26,prizeCrab_2025_01_27__02_35_06_HDR0.jpg,prizeCrab_2025_01_27__02_35_06_HDR0_4_Mothbot_yolo11m_4500_imgsz1600_b1_2024-01-18.pt.jpg
doi.org10.15468dl.6nxkw6.csv,Animalia,Arthropoda,Insecta,Hemiptera,Cicadellidae,,,,9647,,Cicadellidae,Cicadellidae,Cerro_Hoya_Expedition_Hoya_505m_prizeCrab_2025-01-26,prizeCrab_2025_01_27__02_35_06_HDR0_5_Mothbot_yolo11m_4500_imgsz1600_b1_2024-01-18.pt.jpg,HS,Mothbot_yolo11m_4500_imgsz1600_b1_2024-01-18.pt,0.624430239200592,,prizeCrab,Cerro_Hoya_Expedition/Hoya_505m_prizeCrab_2025-01-26/2025-01-26/patches/prizeCrab_2025_01_27__02_35_06_HDR0_5_Mothbot_yolo11m_4500_imgsz1600_b1_2024-01-18.pt.jpg,ORDER_Hemiptera,2025-01-27,02:35:06,,2025_01_27__02_35_06,MachineObservation,Cerro_Hoya_Expedition_Hoya_505m_prizeCrab_2025-01-26_2025-01-26,Cerro_Hoya_Expedition_Hoya_505m_prizeCrab_2025-01-26,prizeCrab_2025_01_27__02_35_06_HDR0.jpg,prizeCrab_2025_01_27__02_35_06_HDR0_5_Mothbot_yolo11m_4500_imgsz1600_b1_2024-01-18.pt.jpg
doi.org10.15468dl.6nxkw6.csv,Animalia,Arthropoda,Insecta,Lepidoptera,,,,,797,,Lepidoptera,Lepidoptera,Cerro_Hoya_Expedition_Hoya_505m_prizeCrab_2025-01-26,prizeCrab_2025_01_27__02_36_22_HDR0_0_Mothbot_yolo11m_4500_imgsz1600_b1_2024-01-18.pt.jpg,HS,Mothbot_yolo11m_4500_imgsz1600_b1_2024-01-18.pt,0.8397343754768372,,prizeCrab,Cerro_Hoya_Expedition/Hoya_505m_prizeCrab_2025-01-26/2025-01-26/patches/prizeCrab_2025_01_27__02_36_22_HDR0_0_Mothbot_yolo11m_4500_imgsz1600_b1_2024-01-18.pt.jpg,ORDER_Lepidoptera,2025-01-27,02:36:22,,2025_01_27__02_36_22,MachineObservation,Cerro_Hoya_Expedition_Hoya_505m_prizeCrab_2025-01-26_2025-01-26,Cerro_Hoya_Expedition_Hoya_505m_prizeCrab_2025-01-26,prizeCrab_2025_01_27__02_36_22_HDR0.jpg,prizeCrab_2025_01_27__02_36_22_HDR0_0_Mothbot_yolo11m_4500_imgsz1600_b1_2024-01-18.pt.jpg
doi.org10.15468dl.6nxkw6.csv,Animalia,Arthropoda,Insecta,Lepidoptera,,,,,797,,Lepidoptera,Lepidoptera,Cerro_Hoya_Expedition_Hoya_505m_prizeCrab_2025-01-26,prizeCrab_2025_01_27__02_36_22_HDR0_1_Mothbot_yolo11m_4500_imgsz1600_b1_2024-01-18.pt.jpg,HS,Mothbot_yolo11m_4500_imgsz1600_b1_2024-01-18.pt,0.8098520636558533,,prizeCrab,Cerro_Hoya_Expedition/Hoya_505m_prizeCrab_2025-01-26/2025-01-26/patches/prizeCrab_2025_01_27__02_36_22_HDR0_1_Mothbot_yolo11m_4500_imgsz1600_b1_2024-01-18.pt.jpg,ORDER_Lepidoptera,2025-01-27,02:36:22,,2025_01_27__02_36_22,MachineObservation,Cerro_Hoya_Expedition_Hoya_505m_prizeCrab_2025-01-26_2025-01-26,Cerro_Hoya_Expedition_Hoya_505m_prizeCrab_2025-01-26,prizeCrab_2025_01_27__02_36_22_HDR0.jpg,prizeCrab_2025_01_27__02_36_22_HDR0_1_Mothbot_yolo11m_4500_imgsz1600_b1_2024-01-18.pt.jpg
doi.org10.15468dl.6nxkw6.csv,Animalia,Arthropoda,Insecta,Lepidoptera,,,,,797,,Lepidoptera,Lepidoptera,Cerro_Hoya_Expedition_Hoya_505m_prizeCrab_2025-01-26,prizeCrab_2025_01_27__02_36_22_HDR0_2_Mothbot_yolo11m_4500_imgsz1600_b1_2024-01-18.pt.jpg,HS,Mothbot_yolo11m_4500_imgsz1600_b1_2024-01-18.pt,0.7992307543754578,,prizeCrab,Cerro_Hoya_Expedition/Hoya_505m_prizeCrab_2025-01-26/2025-01-26/patches/prizeCrab_2025_01_27__02_36_22_HDR0_2_Mothbot_yolo11m_4500_imgsz1600_b1_2024-01-18.pt.jpg,ORDER_Lepidoptera,2025-01-27,02:36:22,,2025_01_27__02_36_22,MachineObservation,Cerro_Hoya_Expedition_Hoya_505m_prizeCrab_2025-01-26_2025-01-26,Cerro_Hoya_Expedition_Hoya_505m_prizeCrab_2025-01-26,prizeCrab_2025_01_27__02_36_22_HDR0.jpg,prizeCrab_2025_01_27__02_36_22_HDR0_2_Mothbot_yolo11m_4500_imgsz1600_b1_2024-01-18.pt.jpg
doi.org10.15468dl.6nxkw6.csv,Animalia,Arthropoda,Insecta,Hemiptera,Cicadellidae,,,,9647,,Cicadellidae,Cicadellidae,Cerro_Hoya_Expedition_Hoya_505m_prizeCrab_2025-01-26,prizeCrab_2025_01_27__02_36_22_HDR0_3_Mothbot_yolo11m_4500_imgsz1600_b1_2024-01-18.pt.jpg,HS,Mothbot_yolo11m_4500_imgsz1600_b1_2024-01-18.pt,0.7373318076133728,,prizeCrab,Cerro_Hoya_Expedition/Hoya_505m_prizeCrab_2025-01-26/2025-01-26/patches/prizeCrab_2025_01_27__02_36_22_HDR0_3_Mothbot_yolo11m_4500_imgsz1600_b1_2024-01-18.pt.jpg,ORDER_Hemiptera,2025-01-27,02:36:22,,2025_01_27__02_36_22,MachineObservation,Cerro_Hoya_Expedition_Hoya_505m_prizeCrab_2025-01-26_2025-01-26,Cerro_Hoya_Expedition_Hoya_505m_prizeCrab_2025-01-26,prizeCrab_2025_01_27__02_36_22_HDR0.jpg,prizeCrab_2025_01_27__02_36_22_HDR0_3_Mothbot_yolo11m_4500_imgsz1600_b1_2024-01-18.pt.jpg
doi.org10.15468dl.6nxkw6.csv,Animalia,Arthropoda,Insecta,Hemiptera,Cicadellidae,,,,9647,,Cicadellidae,Cicadellidae,Cerro_Hoya_Expedition_Hoya_505m_prizeCrab_2025-01-26,prizeCrab_2025_01_27__02_36_22_HDR0_4_Mothbot_yolo11m_4500_imgsz1600_b1_2024-01-18.pt.jpg,HS,Mothbot_yolo11m_4500_imgsz1600_b1_2024-01-18.pt,0.4698316752910614,,prizeCrab,Cerro_Hoya_Expedition/Hoya_505m_prizeCrab_2025-01-26/2025-01-26/patches/prizeCrab_2025_01_27__02_36_22_HDR0_4_Mothbot_yolo11m_4500_imgsz1600_b1_2024-01-18.pt.jpg,ORDER_Diptera,2025-01-27,02:36:22,,2025_01_27__02_36_22,MachineObservation,Cerro_Hoya_Expedition_Hoya_505m_prizeCrab_2025-01-26_2025-01-26,Cerro_Hoya_Expedition_Hoya_505m_prizeCrab_2025-01-26,prizeCrab_2025_01_27__02_36_22_HDR0.jpg,prizeCrab_2025_01_27__02_36_22_HDR0_4_Mothbot_yolo11m_4500_imgsz1600_b1_2024-01-18.pt.jpg
doi.org10.15468dl.6nxkw6.csv,Animalia,Arthropoda,Insecta,Hemiptera,Cicadellidae,,,,9647,,Cicadellidae,Cicadellidae,Cerro_Hoya_Expedition_Hoya_505m_prizeCrab_2025-01-26,prizeCrab_2025_01_27__02_36_22_HDR0_5_Mothbot_yolo11m_4500_imgsz1600_b1_2024-01-18.pt.jpg,HS,Mothbot_yolo11m_4500_imgsz1600_b1_2024-01-18.pt,0.4293561279773712,,prizeCrab,Cerro_Hoya_Expedition/Hoya_505m_prizeCrab_2025-01-26/2025-01-26/patches/prizeCrab_2025_01_27__02_36_22_HDR0_5_Mothbot_yolo11m_4500_imgsz1600_b1_2024-01-18.pt.jpg,ORDER_Lepidoptera,2025-01-27,02:36:22,,2025_01_27__02_36_22,MachineObservation,Cerro_Hoya_Expedition_Hoya_505m_prizeCrab_2025-01-26_2025-01-26,Cerro_Hoya_Expedition_Hoya_505m_prizeCrab_2025-01-26,prizeCrab_2025_01_27__02_36_22_HDR0.jpg,prizeCrab_2025_01_27__02_36_22_HDR0_5_Mothbot_yolo11m_4500_imgsz1600_b1_2024-01-18.pt.jpg
doi.org10.15468dl.6nxkw6.csv,Animalia,Arthropoda,Insecta,Lepidoptera,,,,,797,,Lepidoptera,Lepidoptera,Cerro_Hoya_Expedition_Hoya_505m_prizeCrab_2025-01-26,prizeCrab_2025_01_27__02_37_06_HDR0_0_Mothbot_yolo11m_4500_imgsz1600_b1_2024-01-18.pt.jpg,HS,Mothbot_yolo11m_4500_imgsz1600_b1_2024-01-18.pt,0.8374161720275879,,prizeCrab,Cerro_Hoya_Expedition/Hoya_505m_prizeCrab_2025-01-26/2025-01-26/patches/prizeCrab_2025_01_27__02_37_06_HDR0_0_Mothbot_yolo11m_4500_imgsz1600_b1_2024-01-18.pt.jpg,ORDER_Lepidoptera,2025-01-27,02:37:06,,2025_01_27__02_37_06,MachineObservation,Cerro_Hoya_Expedition_Hoya_505m_prizeCrab_2025-01-26_2025-01-26,Cerro_Hoya_Expedition_Hoya_505m_prizeCrab_2025-01-26,prizeCrab_2025_01_27__02_37_06_HDR0.jpg,prizeCrab_2025_01_27__02_37_06_HDR0_0_Mothbot_yolo11m_4500_imgsz1600_b1_2024-01-18.pt.jpg
doi.org10.15468dl.6nxkw6.csv,Animalia,Arthropoda,Insecta,Hemiptera,Cicadellidae,,,,9647,,Cicadellidae,Cicadellidae,Cerro_Hoya_Expedition_Hoya_505m_prizeCrab_2025-01-26,prizeCrab_2025_01_27__02_37_06_HDR0_1_Mothbot_yolo11m_4500_imgsz1600_b1_2024-01-18.pt.jpg,HS,Mothbot_yolo11m_4500_imgsz1600_b1_2024-01-18.pt,0.8230860233306885,,prizeCrab,Cerro_Hoya_Expedition/Hoya_505m_prizeCrab_2025-01-26/2025-01-26/patches/prizeCrab_2025_01_27__02_37_06_HDR0_1_Mothbot_yolo11m_4500_imgsz1600_b1_2024-01-18.pt.jpg,ORDER_Hemiptera,2025-01-27,02:37:06,,2025_01_27__02_37_06,MachineObservation,Cerro_Hoya_Expedition_Hoya_505m_prizeCrab_2025-01-26_2025-01-26,Cerro_Hoya_Expedition_Hoya_505m_prizeCrab_2025-01-26,prizeCrab_2025_01_27__02_37_06_HDR0.jpg,prizeCrab_2025_01_27__02_37_06_HDR0_1_Mothbot_yolo11m_4500_imgsz1600_b1_2024-01-18.pt.jpg
doi.org10.15468dl.6nxkw6.csv,Animalia,Arthropoda,Insecta,Lepidoptera,,,,,797,,Lepidoptera,Lepidoptera,Cerro_Hoya_Expedition_Hoya_505m_prizeCrab_2025-01-26,prizeCrab_2025_01_27__02_37_06_HDR0_2_Mothbot_yolo11m_4500_imgsz1600_b1_2024-01-18.pt.jpg,HS,Mothbot_yolo11m_4500_imgsz1600_b1_2024-01-18.pt,0.7985807061195374,,prizeCrab,Cerro_Hoya_Expedition/Hoya_505m_prizeCrab_2025-01-26/2025-01-26/patches/prizeCrab_2025_01_27__02_37_06_HDR0_2_Mothbot_yolo11m_4500_imgsz1600_b1_2024-01-18.pt.jpg,ORDER_Lepidoptera,2025-01-27,02:37:06,,2025_01_27__02_37_06,MachineObservation,Cerro_Hoya_Expedition_Hoya_505m_prizeCrab_2025-01-26_2025-01-26,Cerro_Hoya_Expedition_Hoya_505m_prizeCrab_2025-01-26,prizeCrab_2025_01_27__02_37_06_HDR0.jpg,prizeCrab_2025_01_27__02_37_06_HDR0_2_Mothbot_yolo11m_4500_imgsz1600_b1_2024-01-18.pt.jpg
doi.org10.15468dl.6nxkw6.csv,Animalia,Arthropoda,Insecta,Lepidoptera,,,,,797,,Lepidoptera,Lepidoptera,Cerro_Hoya_Expedition_Hoya_505m_prizeCrab_2025-01-26,prizeCrab_2025_01_27__02_37_06_HDR0_3_Mothbot_yolo11m_4500_imgsz1600_b1_2024-01-18.pt.jpg,HS,Mothbot_yolo11m_4500_imgsz1600_b1_2024-01-18.pt,0.7936751246452332,,prizeCrab,Cerro_Hoya_Expedition/Hoya_505m_prizeCrab_2025-01-26/2025-01-26/patches/prizeCrab_2025_01_27__02_37_06_HDR0_3_Mothbot_yolo11m_4500_imgsz1600_b1_2024-01-18.pt.jpg,ORDER_Lepidoptera,2025-01-27,02:37:06,,2025_01_27__02_37_06,MachineObservation,Cerro_Hoya_Expedition_Hoya_505m_prizeCrab_2025-01-26_2025-01-26,Cerro_Hoya_Expedition_Hoya_505m_prizeCrab_2025-01-26,prizeCrab_2025_01_27__02_37_06_HDR0.jpg,prizeCrab_2025_01_27__02_37_06_HDR0_3_Mothbot_yolo11m_4500_imgsz1600_b1_2024-01-18.pt.jpg
doi.org10.15468dl.6nxkw6.csv,Animalia,Arthropoda,Insecta,Hemiptera,Cicadellidae,,,,9647,,Cicadellidae,Cicadellidae,Cerro_Hoya_Expedition_Hoya_505m_prizeCrab_2025-01-26,prizeCrab_2025_01_27__02_37_06_HDR0_4_Mothbot_yolo11m_4500_imgsz1600_b1_2024-01-18.pt.jpg,HS,Mothbot_yolo11m_4500_imgsz1600_b1_2024-01-18.pt,0.5217748284339905,,prizeCrab,Cerro_Hoya_Expedition/Hoya_505m_prizeCrab_2025-01-26/2025-01-26/patches/prizeCrab_2025_01_27__02_37_06_HDR0_4_Mothbot_yolo11m_4500_imgsz1600_b1_2024-01-18.pt.jpg,ORDER_Diptera,2025-01-27,02:37:06,,2025_01_27__02_37_06,MachineObservation,Cerro_Hoya_Expedition_Hoya_505m_prizeCrab_2025-01-26_2025-01-26,Cerro_Hoya_Expedition_Hoya_505m_prizeCrab_2025-01-26,prizeCrab_2025_01_27__02_37_06_HDR0.jpg,prizeCrab_2025_01_27__02_37_06_HDR0_4_Mothbot_yolo11m_4500_imgsz1600_b1_2024-01-18.pt.jpg
doi.org10.15468dl.6nxkw6.csv,Animalia,Arthropoda,Insecta,Hemiptera,,,,,809,,Hemiptera,Hemiptera,Cerro_Hoya_Expedition_Hoya_505m_prizeCrab_2025-01-26,prizeCrab_2025_01_27__02_37_06_HDR0_5_Mothbot_yolo11m_4500_imgsz1600_b1_2024-01-18.pt.jpg,HS,Mothbot_yolo11m_4500_imgsz1600_b1_2024-01-18.pt,0.50586998462677,,prizeCrab,Cerro_Hoya_Expedition/Hoya_505m_prizeCrab_2025-01-26/2025-01-26/patches/prizeCrab_2025_01_27__02_37_06_HDR0_5_Mothbot_yolo11m_4500_imgsz1600_b1_2024-01-18.pt.jpg,ORDER_Diptera,2025-01-27,02:37:06,,2025_01_27__02_37_06,MachineObservation,Cerro_Hoya_Expedition_Hoya_505m_prizeCrab_2025-01-26_2025-01-26,Cerro_Hoya_Expedition_Hoya_505m_prizeCrab_2025-01-26,prizeCrab_2025_01_27__02_37_06_HDR0.jpg,prizeCrab_2025_01_27__02_37_06_HDR0_5_Mothbot_yolo11m_4500_imgsz1600_b1_2024-01-18.pt.jpg
doi.org10.15468dl.6nxkw6.csv,Animalia,Arthropoda,Insecta,Diptera,,,,,811,,Diptera,Diptera,Cerro_Hoya_Expedition_Hoya_505m_prizeCrab_2025-01-26,prizeCrab_2025_01_27__02_37_06_HDR0_6_Mothbot_yolo11m_4500_imgsz1600_b1_2024-01-18.pt.jpg,HS,Mothbot_yolo11m_4500_imgsz1600_b1_2024-01-18.pt,0.4113050699234009,,prizeCrab,Cerro_Hoya_Expedition/Hoya_505m_prizeCrab_2025-01-26/2025-01-26/patches/prizeCrab_2025_01_27__02_37_06_HDR0_6_Mothbot_yolo11m_4500_imgsz1600_b1_2024-01-18.pt.jpg,ORDER_Hymenoptera,2025-01-27,02:37:06,,2025_01_27__02_37_06,MachineObservation,Cerro_Hoya_Expedition_Hoya_505m_prizeCrab_2025-01-26_2025-01-26,Cerro_Hoya_Expedition_Hoya_505m_prizeCrab_2025-01-26,prizeCrab_2025_01_27__02_37_06_HDR0.jpg,prizeCrab_2025_01_27__02_37_06_HDR0_6_Mothbot_yolo11m_4500_imgsz1600_b1_2024-01-18.pt.jpg
doi.org10.15468dl.6nxkw6.csv,Animalia,Arthropoda,Insecta,Lepidoptera,,,,,797,,Lepidoptera,Lepidoptera,Cerro_Hoya_Expedition_Hoya_505m_prizeCrab_2025-01-26,prizeCrab_2025_01_27__02_38_05_HDR0_0_Mothbot_yolo11m_4500_imgsz1600_b1_2024-01-18.pt.jpg,HS,Mothbot_yolo11m_4500_imgsz1600_b1_2024-01-18.pt,0.8393208980560303,,prizeCrab,Cerro_Hoya_Expedition/Hoya_505m_prizeCrab_2025-01-26/2025-01-26/patches/prizeCrab_2025_01_27__02_38_05_HDR0_0_Mothbot_yolo11m_4500_imgsz1600_b1_2024-01-18.pt.jpg,ORDER_Lepidoptera,2025-01-27,02:38:05,,2025_01_27__02_38_05,MachineObservation,Cerro_Hoya_Expedition_Hoya_505m_prizeCrab_2025-01-26_2025-01-26,Cerro_Hoya_Expedition_Hoya_505m_prizeCrab_2025-01-26,prizeCrab_2025_01_27__02_38_05_HDR0.jpg,prizeCrab_2025_01_27__02_38_05_HDR0_0_Mothbot_yolo11m_4500_imgsz1600_b1_2024-01-18.pt.jpg
doi.org10.15468dl.6nxkw6.csv,Animalia,Arthropoda,Insecta,Lepidoptera,,,,,797,,Lepidoptera,Lepidoptera,Cerro_Hoya_Expedition_Hoya_505m_prizeCrab_2025-01-26,prizeCrab_2025_01_27__02_38_05_HDR0_1_Mothbot_yolo11m_4500_imgsz1600_b1_2024-01-18.pt.jpg,HS,Mothbot_yolo11m_4500_imgsz1600_b1_2024-01-18.pt,0.7940657734870911,,prizeCrab,Cerro_Hoya_Expedition/Hoya_505m_prizeCrab_2025-01-26/2025-01-26/patches/prizeCrab_2025_01_27__02_38_05_HDR0_1_Mothbot_yolo11m_4500_imgsz1600_b1_2024-01-18.pt.jpg,ORDER_Lepidoptera,2025-01-27,02:38:05,,2025_01_27__02_38_05,MachineObservation,Cerro_Hoya_Expedition_Hoya_505m_prizeCrab_2025-01-26_2025-01-26,Cerro_Hoya_Expedition_Hoya_505m_prizeCrab_2025-01-26,prizeCrab_2025_01_27__02_38_05_HDR0.jpg,prizeCrab_2025_01_27__02_38_05_HDR0_1_Mothbot_yolo11m_4500_imgsz1600_b1_2024-01-18.pt.jpg
doi.org10.15468dl.6nxkw6.csv,Animalia,Arthropoda,Insecta,Lepidoptera,,,,,797,,Lepidoptera,Lepidoptera,Cerro_Hoya_Expedition_Hoya_505m_prizeCrab_2025-01-26,prizeCrab_2025_01_27__02_38_05_HDR0_2_Mothbot_yolo11m_4500_imgsz1600_b1_2024-01-18.pt.jpg,HS,Mothbot_yolo11m_4500_imgsz1600_b1_2024-01-18.pt,0.7822137475013733,,prizeCrab,Cerro_Hoya_Expedition/Hoya_505m_prizeCrab_2025-01-26/2025-01-26/patches/prizeCrab_2025_01_27__02_38_05_HDR0_2_Mothbot_yolo11m_4500_imgsz1600_b1_2024-01-18.pt.jpg,ORDER_Lepidoptera,2025-01-27,02:38:05,,2025_01_27__02_38_05,MachineObservation,Cerro_Hoya_Expedition_Hoya_505m_prizeCrab_2025-01-26_2025-01-26,Cerro_Hoya_Expedition_Hoya_505m_prizeCrab_2025-01-26,prizeCrab_2025_01_27__02_38_05_HDR0.jpg,prizeCrab_2025_01_27__02_38_05_HDR0_2_Mothbot_yolo11m_4500_imgsz1600_b1_2024-01-18.pt.jpg
doi.org10.15468dl.6nxkw6.csv,Animalia,Arthropoda,Insecta,Hemiptera,Cicadellidae,,,,9647,,Cicadellidae,Cicadellidae,Cerro_Hoya_Expedition_Hoya_505m_prizeCrab_2025-01-26,prizeCrab_2025_01_27__02_38_05_HDR0_3_Mothbot_yolo11m_4500_imgsz1600_b1_2024-01-18.pt.jpg,HS,Mothbot_yolo11m_4500_imgsz1600_b1_2024-01-18.pt,0.5616039037704468,,prizeCrab,Cerro_Hoya_Expedition/Hoya_505m_prizeCrab_2025-01-26/2025-01-26/patches/prizeCrab_2025_01_27__02_38_05_HDR0_3_Mothbot_yolo11m_4500_imgsz1600_b1_2024-01-18.pt.jpg,ORDER_Diptera,2025-01-27,02:38:05,,2025_01_27__02_38_05,MachineObservation,Cerro_Hoya_Expedition_Hoya_505m_prizeCrab_2025-01-26_2025-01-26,Cerro_Hoya_Expedition_Hoya_505m_prizeCrab_2025-01-26,prizeCrab_2025_01_27__02_38_05_HDR0.jpg,prizeCrab_2025_01_27__02_38_05_HDR0_3_Mothbot_yolo11m_4500_imgsz1600_b1_2024-01-18.pt.jpg
doi.org10.15468dl.6nxkw6.csv,Animalia,Arthropoda,Insecta,Diptera,,,,,811,,Diptera,Diptera,Cerro_Hoya_Expedition_Hoya_505m_prizeCrab_2025-01-26,prizeCrab_2025_01_27__02_38_05_HDR0_4_Mothbot_yolo11m_4500_imgsz1600_b1_2024-01-18.pt.jpg,HS,Mothbot_yolo11m_4500_imgsz1600_b1_2024-01-18.pt,0.5562984943389893,,prizeCrab,Cerro_Hoya_Expedition/Hoya_505m_prizeCrab_2025-01-26/2025-01-26/patches/prizeCrab_2025_01_27__02_38_05_HDR0_4_Mothbot_yolo11m_4500_imgsz1600_b1_2024-01-18.pt.jpg,ORDER_Diptera,2025-01-27,02:38:05,,2025_01_27__02_38_05,MachineObservation,Cerro_Hoya_Expedition_Hoya_505m_prizeCrab_2025-01-26_2025-01-26,Cerro_Hoya_Expedition_Hoya_505m_prizeCrab_2025-01-26,prizeCrab_2025_01_27__02_38_05_HDR0.jpg,prizeCrab_2025_01_27__02_38_05_HDR0_4_Mothbot_yolo11m_4500_imgsz1600_b1_2024-01-18.pt.jpg
doi.org10.15468dl.6nxkw6.csv,Animalia,Arthropoda,Insecta,Hemiptera,Cicadellidae,,,,9647,,Cicadellidae,Cicadellidae,Cerro_Hoya_Expedition_Hoya_505m_prizeCrab_2025-01-26,prizeCrab_2025_01_27__02_38_05_HDR0_5_Mothbot_yolo11m_4500_imgsz1600_b1_2024-01-18.pt.jpg,HS,Mothbot_yolo11m_4500_imgsz1600_b1_2024-01-18.pt,0.4966214597225189,,prizeCrab,Cerro_Hoya_Expedition/Hoya_505m_prizeCrab_2025-01-26/2025-01-26/patches/prizeCrab_2025_01_27__02_38_05_HDR0_5_Mothbot_yolo11m_4500_imgsz1600_b1_2024-01-18.pt.jpg,ORDER_Diptera,2025-01-27,02:38:05,,2025_01_27__02_38_05,MachineObservation,Cerro_Hoya_Expedition_Hoya_505m_prizeCrab_2025-01-26_2025-01-26,Cerro_Hoya_Expedition_Hoya_505m_prizeCrab_2025-01-26,prizeCrab_2025_01_27__02_38_05_HDR0.jpg,prizeCrab_2025_01_27__02_38_05_HDR0_5_Mothbot_yolo11m_4500_imgsz1600_b1_2024-01-18.pt.jpg
doi.org10.15468dl.6nxkw6.csv,Animalia,Arthropoda,Insecta,Lepidoptera,,,,,797,,Lepidoptera,Lepidoptera,Cerro_Hoya_Expedition_Hoya_505m_prizeCrab_2025-01-26,prizeCrab_2025_01_27__02_39_05_HDR0_0_Mothbot_yolo11m_4500_imgsz1600_b1_2024-01-18.pt.jpg,HS,Mothbot_yolo11m_4500_imgsz1600_b1_2024-01-18.pt,0.8385483026504517,,prizeCrab,Cerro_Hoya_Expedition/Hoya_505m_prizeCrab_2025-01-26/2025-01-26/patches/prizeCrab_2025_01_27__02_39_05_HDR0_0_Mothbot_yolo11m_4500_imgsz1600_b1_2024-01-18.pt.jpg,ORDER_Lepidoptera,2025-01-27,02:39:05,,2025_01_27__02_39_05,MachineObservation,Cerro_Hoya_Expedition_Hoya_505m_prizeCrab_2025-01-26_2025-01-26,Cerro_Hoya_Expedition_Hoya_505m_prizeCrab_2025-01-26,prizeCrab_2025_01_27__02_39_05_HDR0.jpg,prizeCrab_2025_01_27__02_39_05_HDR0_0_Mothbot_yolo11m_4500_imgsz1600_b1_2024-01-18.pt.jpg
doi.org10.15468dl.6nxkw6.csv,Animalia,Arthropoda,Insecta,Hemiptera,,,,,809,,Hemiptera,Hemiptera,Cerro_Hoya_Expedition_Hoya_505m_prizeCrab_2025-01-26,prizeCrab_2025_01_27__02_39_05_HDR0_1_Mothbot_yolo11m_4500_imgsz1600_b1_2024-01-18.pt.jpg,HS,Mothbot_yolo11m_4500_imgsz1600_b1_2024-01-18.pt,0.7658740878105164,,prizeCrab,Cerro_Hoya_Expedition/Hoya_505m_prizeCrab_2025-01-26/2025-01-26/patches/prizeCrab_2025_01_27__02_39_05_HDR0_1_Mothbot_yolo11m_4500_imgsz1600_b1_2024-01-18.pt.jpg,ORDER_Hemiptera,2025-01-27,02:39:05,,2025_01_27__02_39_05,MachineObservation,Cerro_Hoya_Expedition_Hoya_505m_prizeCrab_2025-01-26_2025-01-26,Cerro_Hoya_Expedition_Hoya_505m_prizeCrab_2025-01-26,prizeCrab_2025_01_27__02_39_05_HDR0.jpg,prizeCrab_2025_01_27__02_39_05_HDR0_1_Mothbot_yolo11m_4500_imgsz1600_b1_2024-01-18.pt.jpg
doi.org10.15468dl.6nxkw6.csv,Animalia,Arthropoda,Insecta,Hemiptera,Cicadellidae,,,,9647,,Cicadellidae,Cicadellidae,Cerro_Hoya_Expedition_Hoya_505m_prizeCrab_2025-01-26,prizeCrab_2025_01_27__02_39_05_HDR0_2_Mothbot_yolo11m_4500_imgsz1600_b1_2024-01-18.pt.jpg,HS,Mothbot_yolo11m_4500_imgsz1600_b1_2024-01-18.pt,0.5956563353538513,,prizeCrab,Cerro_Hoya_Expedition/Hoya_505m_prizeCrab_2025-01-26/2025-01-26/patches/prizeCrab_2025_01_27__02_39_05_HDR0_2_Mothbot_yolo11m_4500_imgsz1600_b1_2024-01-18.pt.jpg,ORDER_Diptera,2025-01-27,02:39:05,,2025_01_27__02_39_05,MachineObservation,Cerro_Hoya_Expedition_Hoya_505m_prizeCrab_2025-01-26_2025-01-26,Cerro_Hoya_Expedition_Hoya_505m_prizeCrab_2025-01-26,prizeCrab_2025_01_27__02_39_05_HDR0.jpg,prizeCrab_2025_01_27__02_39_05_HDR0_2_Mothbot_yolo11m_4500_imgsz1600_b1_2024-01-18.pt.jpg
doi.org10.15468dl.6nxkw6.csv,Animalia,Arthropoda,Insecta,Hemiptera,,,,,809,,Hemiptera,Hemiptera,Cerro_Hoya_Expedition_Hoya_505m_prizeCrab_2025-01-26,prizeCrab_2025_01_27__02_39_05_HDR0_3_Mothbot_yolo11m_4500_imgsz1600_b1_2024-01-18.pt.jpg,HS,Mothbot_yolo11m_4500_imgsz1600_b1_2024-01-18.pt,0.5252416133880615,,prizeCrab,Cerro_Hoya_Expedition/Hoya_505m_prizeCrab_2025-01-26/2025-01-26/patches/prizeCrab_2025_01_27__02_39_05_HDR0_3_Mothbot_yolo11m_4500_imgsz1600_b1_2024-01-18.pt.jpg,ORDER_Lepidoptera,2025-01-27,02:39:05,,2025_01_27__02_39_05,MachineObservation,Cerro_Hoya_Expedition_Hoya_505m_prizeCrab_2025-01-26_2025-01-26,Cerro_Hoya_Expedition_Hoya_505m_prizeCrab_2025-01-26,prizeCrab_2025_01_27__02_39_05_HDR0.jpg,prizeCrab_2025_01_27__02_39_05_HDR0_3_Mothbot_yolo11m_4500_imgsz1600_b1_2024-01-18.pt.jpg
doi.org10.15468dl.6nxkw6.csv,Animalia,Arthropoda,Insecta,Lepidoptera,,,,,797,,Lepidoptera,Lepidoptera,Cerro_Hoya_Expedition_Hoya_505m_prizeCrab_2025-01-26,prizeCrab_2025_01_27__02_39_05_HDR0_4_Mothbot_yolo11m_4500_imgsz1600_b1_2024-01-18.pt.jpg,HS,Mothbot_yolo11m_4500_imgsz1600_b1_2024-01-18.pt,0.45005014538764954,,prizeCrab,Cerro_Hoya_Expedition/Hoya_505m_prizeCrab_2025-01-26/2025-01-26/patches/prizeCrab_2025_01_27__02_39_05_HDR0_4_Mothbot_yolo11m_4500_imgsz1600_b1_2024-01-18.pt.jpg,ORDER_Diptera,2025-01-27,02:39:05,,2025_01_27__02_39_05,MachineObservation,Cerro_Hoya_Expedition_Hoya_505m_prizeCrab_2025-01-26_2025-01-26,Cerro_Hoya_Expedition_Hoya_505m_prizeCrab_2025-01-26,prizeCrab_2025_01_27__02_39_05_HDR0.jpg,prizeCrab_2025_01_27__02_39_05_HDR0_4_Mothbot_yolo11m_4500_imgsz1600_b1_2024-01-18.pt.jpg
doi.org10.15468dl.6nxkw6.csv,Animalia,Arthropoda,Insecta,,,,,,216,,Insecta,Insecta,Cerro_Hoya_Expedition_Hoya_505m_prizeCrab_2025-01-26,prizeCrab_2025_01_27__02_39_05_HDR0_5_Mothbot_yolo11m_4500_imgsz1600_b1_2024-01-18.pt.jpg,HS,Mothbot_yolo11m_4500_imgsz1600_b1_2024-01-18.pt,0.3469962477684021,,prizeCrab,Cerro_Hoya_Expedition/Hoya_505m_prizeCrab_2025-01-26/2025-01-26/patches/prizeCrab_2025_01_27__02_39_05_HDR0_5_Mothbot_yolo11m_4500_imgsz1600_b1_2024-01-18.pt.jpg,ORDER_Lepidoptera,2025-01-27,02:39:05,,2025_01_27__02_39_05,MachineObservation,Cerro_Hoya_Expedition_Hoya_505m_prizeCrab_2025-01-26_2025-01-26,Cerro_Hoya_Expedition_Hoya_505m_prizeCrab_2025-01-26,prizeCrab_2025_01_27__02_39_05_HDR0.jpg,prizeCrab_2025_01_27__02_39_05_HDR0_5_Mothbot_yolo11m_4500_imgsz1600_b1_2024-01-18.pt.jpg
doi.org10.15468dl.6nxkw6.csv,Animalia,Arthropoda,Insecta,Lepidoptera,,,,,797,,Lepidoptera,Lepidoptera,Cerro_Hoya_Expedition_Hoya_505m_prizeCrab_2025-01-26,prizeCrab_2025_01_27__02_40_06_HDR0_0_Mothbot_yolo11m_4500_imgsz1600_b1_2024-01-18.pt.jpg,HS,Mothbot_yolo11m_4500_imgsz1600_b1_2024-01-18.pt,0.841396689414978,,prizeCrab,Cerro_Hoya_Expedition/Hoya_505m_prizeCrab_2025-01-26/2025-01-26/patches/prizeCrab_2025_01_27__02_40_06_HDR0_0_Mothbot_yolo11m_4500_imgsz1600_b1_2024-01-18.pt.jpg,ORDER_Lepidoptera,2025-01-27,02:40:06,,2025_01_27__02_40_06,MachineObservation,Cerro_Hoya_Expedition_Hoya_505m_prizeCrab_2025-01-26_2025-01-26,Cerro_Hoya_Expedition_Hoya_505m_prizeCrab_2025-01-26,prizeCrab_2025_01_27__02_40_06_HDR0.jpg,prizeCrab_2025_01_27__02_40_06_HDR0_0_Mothbot_yolo11m_4500_imgsz1600_b1_2024-01-18.pt.jpg
doi.org10.15468dl.6nxkw6.csv,Animalia,Arthropoda,Insecta,Hemiptera,,,,,809,,Hemiptera,Hemiptera,Cerro_Hoya_Expedition_Hoya_505m_prizeCrab_2025-01-26,prizeCrab_2025_01_27__02_40_06_HDR0_1_Mothbot_yolo11m_4500_imgsz1600_b1_2024-01-18.pt.jpg,HS,Mothbot_yolo11m_4500_imgsz1600_b1_2024-01-18.pt,0.8232424855232239,,prizeCrab,Cerro_Hoya_Expedition/Hoya_505m_prizeCrab_2025-01-26/2025-01-26/patches/prizeCrab_2025_01_27__02_40_06_HDR0_1_Mothbot_yolo11m_4500_imgsz1600_b1_2024-01-18.pt.jpg,ORDER_Diptera,2025-01-27,02:40:06,,2025_01_27__02_40_06,MachineObservation,Cerro_Hoya_Expedition_Hoya_505m_prizeCrab_2025-01-26_2025-01-26,Cerro_Hoya_Expedition_Hoya_505m_prizeCrab_2025-01-26,prizeCrab_2025_01_27__02_40_06_HDR0.jpg,prizeCrab_2025_01_27__02_40_06_HDR0_1_Mothbot_yolo11m_4500_imgsz1600_b1_2024-01-18.pt.jpg
doi.org10.15468dl.6nxkw6.csv,Animalia,Arthropoda,Insecta,Hemiptera,Cicadellidae,,,,9647,,Cicadellidae,Cicadellidae,Cerro_Hoya_Expedition_Hoya_505m_prizeCrab_2025-01-26,prizeCrab_2025_01_27__02_40_06_HDR0_2_Mothbot_yolo11m_4500_imgsz1600_b1_2024-01-18.pt.jpg,HS,Mothbot_yolo11m_4500_imgsz1600_b1_2024-01-18.pt,0.5985743999481201,,prizeCrab,Cerro_Hoya_Expedition/Hoya_505m_prizeCrab_2025-01-26/2025-01-26/patches/prizeCrab_2025_01_27__02_40_06_HDR0_2_Mothbot_yolo11m_4500_imgsz1600_b1_2024-01-18.pt.jpg,ORDER_Diptera,2025-01-27,02:40:06,,2025_01_27__02_40_06,MachineObservation,Cerro_Hoya_Expedition_Hoya_505m_prizeCrab_2025-01-26_2025-01-26,Cerro_Hoya_Expedition_Hoya_505m_prizeCrab_2025-01-26,prizeCrab_2025_01_27__02_40_06_HDR0.jpg,prizeCrab_2025_01_27__02_40_06_HDR0_2_Mothbot_yolo11m_4500_imgsz1600_b1_2024-01-18.pt.jpg
doi.org10.15468dl.6nxkw6.csv,Animalia,Arthropoda,Insecta,Diptera,,,,,811,,Diptera,Diptera,Cerro_Hoya_Expedition_Hoya_505m_prizeCrab_2025-01-26,prizeCrab_2025_01_27__02_40_06_HDR0_3_Mothbot_yolo11m_4500_imgsz1600_b1_2024-01-18.pt.jpg,HS,Mothbot_yolo11m_4500_imgsz1600_b1_2024-01-18.pt,0.5250163674354553,,prizeCrab,Cerro_Hoya_Expedition/Hoya_505m_prizeCrab_2025-01-26/2025-01-26/patches/prizeCrab_2025_01_27__02_40_06_HDR0_3_Mothbot_yolo11m_4500_imgsz1600_b1_2024-01-18.pt.jpg,ORDER_Diptera,2025-01-27,02:40:06,,2025_01_27__02_40_06,MachineObservation,Cerro_Hoya_Expedition_Hoya_505m_prizeCrab_2025-01-26_2025-01-26,Cerro_Hoya_Expedition_Hoya_505m_prizeCrab_2025-01-26,prizeCrab_2025_01_27__02_40_06_HDR0.jpg,prizeCrab_2025_01_27__02_40_06_HDR0_3_Mothbot_yolo11m_4500_imgsz1600_b1_2024-01-18.pt.jpg
doi.org10.15468dl.6nxkw6.csv,Animalia,Arthropoda,Insecta,Hemiptera,Cicadellidae,,,,9647,,Cicadellidae,Cicadellidae,Cerro_Hoya_Expedition_Hoya_505m_prizeCrab_2025-01-26,prizeCrab_2025_01_27__02_40_06_HDR0_4_Mothbot_yolo11m_4500_imgsz1600_b1_2024-01-18.pt.jpg,HS,Mothbot_yolo11m_4500_imgsz1600_b1_2024-01-18.pt,0.46987658739089966,,prizeCrab,Cerro_Hoya_Expedition/Hoya_505m_prizeCrab_2025-01-26/2025-01-26/patches/prizeCrab_2025_01_27__02_40_06_HDR0_4_Mothbot_yolo11m_4500_imgsz1600_b1_2024-01-18.pt.jpg,ORDER_Coleoptera,2025-01-27,02:40:06,,2025_01_27__02_40_06,MachineObservation,Cerro_Hoya_Expedition_Hoya_505m_prizeCrab_2025-01-26_2025-01-26,Cerro_Hoya_Expedition_Hoya_505m_prizeCrab_2025-01-26,prizeCrab_2025_01_27__02_40_06_HDR0.jpg,prizeCrab_2025_01_27__02_40_06_HDR0_4_Mothbot_yolo11m_4500_imgsz1600_b1_2024-01-18.pt.jpg
doi.org10.15468dl.6nxkw6.csv,Animalia,Arthropoda,Insecta,Diptera,,,,,811,,Diptera,Diptera,Cerro_Hoya_Expedition_Hoya_505m_prizeCrab_2025-01-26,prizeCrab_2025_01_27__02_41_06_HDR0_0_Mothbot_yolo11m_4500_imgsz1600_b1_2024-01-18.pt.jpg,HS,Mothbot_yolo11m_4500_imgsz1600_b1_2024-01-18.pt,0.6958917379379272,,prizeCrab,Cerro_Hoya_Expedition/Hoya_505m_prizeCrab_2025-01-26/2025-01-26/patches/prizeCrab_2025_01_27__02_41_06_HDR0_0_Mothbot_yolo11m_4500_imgsz1600_b1_2024-01-18.pt.jpg,ORDER_Diptera,2025-01-27,02:41:06,,2025_01_27__02_41_06,MachineObservation,Cerro_Hoya_Expedition_Hoya_505m_prizeCrab_2025-01-26_2025-01-26,Cerro_Hoya_Expedition_Hoya_505m_prizeCrab_2025-01-26,prizeCrab_2025_01_27__02_41_06_HDR0.jpg,prizeCrab_2025_01_27__02_41_06_HDR0_0_Mothbot_yolo11m_4500_imgsz1600_b1_2024-01-18.pt.jpg
doi.org10.15468dl.6nxkw6.csv,Animalia,Arthropoda,Insecta,Diptera,,,,,811,,Diptera,Diptera,Cerro_Hoya_Expedition_Hoya_505m_prizeCrab_2025-01-26,prizeCrab_2025_01_27__02_41_06_HDR0_1_Mothbot_yolo11m_4500_imgsz1600_b1_2024-01-18.pt.jpg,HS,Mothbot_yolo11m_4500_imgsz1600_b1_2024-01-18.pt,0.6451985239982605,,prizeCrab,Cerro_Hoya_Expedition/Hoya_505m_prizeCrab_2025-01-26/2025-01-26/patches/prizeCrab_2025_01_27__02_41_06_HDR0_1_Mothbot_yolo11m_4500_imgsz1600_b1_2024-01-18.pt.jpg,ORDER_Diptera,2025-01-27,02:41:06,,2025_01_27__02_41_06,MachineObservation,Cerro_Hoya_Expedition_Hoya_505m_prizeCrab_2025-01-26_2025-01-26,Cerro_Hoya_Expedition_Hoya_505m_prizeCrab_2025-01-26,prizeCrab_2025_01_27__02_41_06_HDR0.jpg,prizeCrab_2025_01_27__02_41_06_HDR0_1_Mothbot_yolo11m_4500_imgsz1600_b1_2024-01-18.pt.jpg
doi.org10.15468dl.6nxkw6.csv,Animalia,Arthropoda,Insecta,Hemiptera,Cicadellidae,,,,9647,,Cicadellidae,Cicadellidae,Cerro_Hoya_Expedition_Hoya_505m_prizeCrab_2025-01-26,prizeCrab_2025_01_27__02_41_06_HDR0_2_Mothbot_yolo11m_4500_imgsz1600_b1_2024-01-18.pt.jpg,HS,Mothbot_yolo11m_4500_imgsz1600_b1_2024-01-18.pt,0.588241457939148,,prizeCrab,Cerro_Hoya_Expedition/Hoya_505m_prizeCrab_2025-01-26/2025-01-26/patches/prizeCrab_2025_01_27__02_41_06_HDR0_2_Mothbot_yolo11m_4500_imgsz1600_b1_2024-01-18.pt.jpg,ORDER_Hemiptera,2025-01-27,02:41:06,,2025_01_27__02_41_06,MachineObservation,Cerro_Hoya_Expedition_Hoya_505m_prizeCrab_2025-01-26_2025-01-26,Cerro_Hoya_Expedition_Hoya_505m_prizeCrab_2025-01-26,prizeCrab_2025_01_27__02_41_06_HDR0.jpg,prizeCrab_2025_01_27__02_41_06_HDR0_2_Mothbot_yolo11m_4500_imgsz1600_b1_2024-01-18.pt.jpg
doi.org10.15468dl.6nxkw6.csv,Animalia,Arthropoda,Insecta,Diptera,,,,,811,,Diptera,Diptera,Cerro_Hoya_Expedition_Hoya_505m_prizeCrab_2025-01-26,prizeCrab_2025_01_27__02_41_06_HDR0_3_Mothbot_yolo11m_4500_imgsz1600_b1_2024-01-18.pt.jpg,HS,Mothbot_yolo11m_4500_imgsz1600_b1_2024-01-18.pt,0.5707976222038269,,prizeCrab,Cerro_Hoya_Expedition/Hoya_505m_prizeCrab_2025-01-26/2025-01-26/patches/prizeCrab_2025_01_27__02_41_06_HDR0_3_Mothbot_yolo11m_4500_imgsz1600_b1_2024-01-18.pt.jpg,ORDER_Diptera,2025-01-27,02:41:06,,2025_01_27__02_41_06,MachineObservation,Cerro_Hoya_Expedition_Hoya_505m_prizeCrab_2025-01-26_2025-01-26,Cerro_Hoya_Expedition_Hoya_505m_prizeCrab_2025-01-26,prizeCrab_2025_01_27__02_41_06_HDR0.jpg,prizeCrab_2025_01_27__02_41_06_HDR0_3_Mothbot_yolo11m_4500_imgsz1600_b1_2024-01-18.pt.jpg
doi.org10.15468dl.6nxkw6.csv,Animalia,Arthropoda,Insecta,Diptera,,,,,811,,Diptera,Diptera,Cerro_Hoya_Expedition_Hoya_505m_prizeCrab_2025-01-26,prizeCrab_2025_01_27__02_41_06_HDR0_4_Mothbot_yolo11m_4500_imgsz1600_b1_2024-01-18.pt.jpg,HS,Mothbot_yolo11m_4500_imgsz1600_b1_2024-01-18.pt,0.5615531802177429,,prizeCrab,Cerro_Hoya_Expedition/Hoya_505m_prizeCrab_2025-01-26/2025-01-26/patches/prizeCrab_2025_01_27__02_41_06_HDR0_4_Mothbot_yolo11m_4500_imgsz1600_b1_2024-01-18.pt.jpg,ORDER_Hymenoptera,2025-01-27,02:41:06,,2025_01_27__02_41_06,MachineObservation,Cerro_Hoya_Expedition_Hoya_505m_prizeCrab_2025-01-26_2025-01-26,Cerro_Hoya_Expedition_Hoya_505m_prizeCrab_2025-01-26,prizeCrab_2025_01_27__02_41_06_HDR0.jpg,prizeCrab_2025_01_27__02_41_06_HDR0_4_Mothbot_yolo11m_4500_imgsz1600_b1_2024-01-18.pt.jpg
doi.org10.15468dl.6nxkw6.csv,Animalia,Arthropoda,Insecta,Hemiptera,Cicadellidae,,,,9647,,Cicadellidae,Cicadellidae,Cerro_Hoya_Expedition_Hoya_505m_prizeCrab_2025-01-26,prizeCrab_2025_01_27__02_41_06_HDR0_5_Mothbot_yolo11m_4500_imgsz1600_b1_2024-01-18.pt.jpg,HS,Mothbot_yolo11m_4500_imgsz1600_b1_2024-01-18.pt,0.5102250576019287,,prizeCrab,Cerro_Hoya_Expedition/Hoya_505m_prizeCrab_2025-01-26/2025-01-26/patches/prizeCrab_2025_01_27__02_41_06_HDR0_5_Mothbot_yolo11m_4500_imgsz1600_b1_2024-01-18.pt.jpg,ORDER_Coleoptera,2025-01-27,02:41:06,,2025_01_27__02_41_06,MachineObservation,Cerro_Hoya_Expedition_Hoya_505m_prizeCrab_2025-01-26_2025-01-26,Cerro_Hoya_Expedition_Hoya_505m_prizeCrab_2025-01-26,prizeCrab_2025_01_27__02_41_06_HDR0.jpg,prizeCrab_2025_01_27__02_41_06_HDR0_5_Mothbot_yolo11m_4500_imgsz1600_b1_2024-01-18.pt.jpg
doi.org10.15468dl.6nxkw6.csv,Animalia,Arthropoda,Insecta,Hemiptera,,,,,809,,Hemiptera,Hemiptera,Cerro_Hoya_Expedition_Hoya_505m_prizeCrab_2025-01-26,prizeCrab_2025_01_27__02_41_06_HDR0_6_Mothbot_yolo11m_4500_imgsz1600_b1_2024-01-18.pt.jpg,HS,Mothbot_yolo11m_4500_imgsz1600_b1_2024-01-18.pt,0.3958449959754944,,prizeCrab,Cerro_Hoya_Expedition/Hoya_505m_prizeCrab_2025-01-26/2025-01-26/patches/prizeCrab_2025_01_27__02_41_06_HDR0_6_Mothbot_yolo11m_4500_imgsz1600_b1_2024-01-18.pt.jpg,ORDER_Hemiptera,2025-01-27,02:41:06,,2025_01_27__02_41_06,MachineObservation,Cerro_Hoya_Expedition_Hoya_505m_prizeCrab_2025-01-26_2025-01-26,Cerro_Hoya_Expedition_Hoya_505m_prizeCrab_2025-01-26,prizeCrab_2025_01_27__02_41_06_HDR0.jpg,prizeCrab_2025_01_27__02_41_06_HDR0_6_Mothbot_yolo11m_4500_imgsz1600_b1_2024-01-18.pt.jpg
doi.org10.15468dl.6nxkw6.csv,Animalia,Arthropoda,Insecta,,,,,,216,,Insecta,Insecta,Cerro_Hoya_Expedition_Hoya_505m_prizeCrab_2025-01-26,prizeCrab_2025_01_27__02_41_06_HDR0_7_Mothbot_yolo11m_4500_imgsz1600_b1_2024-01-18.pt.jpg,HS,Mothbot_yolo11m_4500_imgsz1600_b1_2024-01-18.pt,0.3470766544342041,,prizeCrab,Cerro_Hoya_Expedition/Hoya_505m_prizeCrab_2025-01-26/2025-01-26/patches/prizeCrab_2025_01_27__02_41_06_HDR0_7_Mothbot_yolo11m_4500_imgsz1600_b1_2024-01-18.pt.jpg,ORDER_Diptera,2025-01-27,02:41:06,,2025_01_27__02_41_06,MachineObservation,Cerro_Hoya_Expedition_Hoya_505m_prizeCrab_2025-01-26_2025-01-26,Cerro_Hoya_Expedition_Hoya_505m_prizeCrab_2025-01-26,prizeCrab_2025_01_27__02_41_06_HDR0.jpg,prizeCrab_2025_01_27__02_41_06_HDR0_7_Mothbot_yolo11m_4500_imgsz1600_b1_2024-01-18.pt.jpg
doi.org10.15468dl.6nxkw6.csv,Animalia,Arthropoda,Insecta,Lepidoptera,,,,,797,,Lepidoptera,Lepidoptera,Cerro_Hoya_Expedition_Hoya_505m_prizeCrab_2025-01-26,prizeCrab_2025_01_27__02_42_06_HDR0_0_Mothbot_yolo11m_4500_imgsz1600_b1_2024-01-18.pt.jpg,HS,Mothbot_yolo11m_4500_imgsz1600_b1_2024-01-18.pt,0.8137733340263367,,prizeCrab,Cerro_Hoya_Expedition/Hoya_505m_prizeCrab_2025-01-26/2025-01-26/patches/prizeCrab_2025_01_27__02_42_06_HDR0_0_Mothbot_yolo11m_4500_imgsz1600_b1_2024-01-18.pt.jpg,ORDER_Lepidoptera,2025-01-27,02:42:06,,2025_01_27__02_42_06,MachineObservation,Cerro_Hoya_Expedition_Hoya_505m_prizeCrab_2025-01-26_2025-01-26,Cerro_Hoya_Expedition_Hoya_505m_prizeCrab_2025-01-26,prizeCrab_2025_01_27__02_42_06_HDR0.jpg,prizeCrab_2025_01_27__02_42_06_HDR0_0_Mothbot_yolo11m_4500_imgsz1600_b1_2024-01-18.pt.jpg
doi.org10.15468dl.6nxkw6.csv,Animalia,Arthropoda,Insecta,Hemiptera,,,,,809,,Hemiptera,Hemiptera,Cerro_Hoya_Expedition_Hoya_505m_prizeCrab_2025-01-26,prizeCrab_2025_01_27__02_42_06_HDR0_1_Mothbot_yolo11m_4500_imgsz1600_b1_2024-01-18.pt.jpg,HS,Mothbot_yolo11m_4500_imgsz1600_b1_2024-01-18.pt,0.7686138153076172,,prizeCrab,Cerro_Hoya_Expedition/Hoya_505m_prizeCrab_2025-01-26/2025-01-26/patches/prizeCrab_2025_01_27__02_42_06_HDR0_1_Mothbot_yolo11m_4500_imgsz1600_b1_2024-01-18.pt.jpg,ORDER_Diptera,2025-01-27,02:42:06,,2025_01_27__02_42_06,MachineObservation,Cerro_Hoya_Expedition_Hoya_505m_prizeCrab_2025-01-26_2025-01-26,Cerro_Hoya_Expedition_Hoya_505m_prizeCrab_2025-01-26,prizeCrab_2025_01_27__02_42_06_HDR0.jpg,prizeCrab_2025_01_27__02_42_06_HDR0_1_Mothbot_yolo11m_4500_imgsz1600_b1_2024-01-18.pt.jpg
doi.org10.15468dl.6nxkw6.csv,Animalia,Arthropoda,Insecta,Lepidoptera,Geometridae,,,,6950,,Geometridae,Geometridae,Cerro_Hoya_Expedition_Hoya_505m_prizeCrab_2025-01-26,prizeCrab_2025_01_27__02_42_06_HDR0_2_Mothbot_yolo11m_4500_imgsz1600_b1_2024-01-18.pt.jpg,HS,Mothbot_yolo11m_4500_imgsz1600_b1_2024-01-18.pt,0.7019316554069519,,prizeCrab,Cerro_Hoya_Expedition/Hoya_505m_prizeCrab_2025-01-26/2025-01-26/patches/prizeCrab_2025_01_27__02_42_06_HDR0_2_Mothbot_yolo11m_4500_imgsz1600_b1_2024-01-18.pt.jpg,ORDER_Lepidoptera,2025-01-27,02:42:06,,2025_01_27__02_42_06,MachineObservation,Cerro_Hoya_Expedition_Hoya_505m_prizeCrab_2025-01-26_2025-01-26,Cerro_Hoya_Expedition_Hoya_505m_prizeCrab_2025-01-26,prizeCrab_2025_01_27__02_42_06_HDR0.jpg,prizeCrab_2025_01_27__02_42_06_HDR0_2_Mothbot_yolo11m_4500_imgsz1600_b1_2024-01-18.pt.jpg
doi.org10.15468dl.6nxkw6.csv,Animalia,Arthropoda,Insecta,Lepidoptera,Crambidae,,,,8841,,Crambidae,Crambidae,Cerro_Hoya_Expedition_Hoya_505m_prizeCrab_2025-01-26,prizeCrab_2025_01_27__02_42_06_HDR0_3_Mothbot_yolo11m_4500_imgsz1600_b1_2024-01-18.pt.jpg,HS,Mothbot_yolo11m_4500_imgsz1600_b1_2024-01-18.pt,0.673330545425415,,prizeCrab,Cerro_Hoya_Expedition/Hoya_505m_prizeCrab_2025-01-26/2025-01-26/patches/prizeCrab_2025_01_27__02_42_06_HDR0_3_Mothbot_yolo11m_4500_imgsz1600_b1_2024-01-18.pt.jpg,ORDER_Lepidoptera,2025-01-27,02:42:06,,2025_01_27__02_42_06,MachineObservation,Cerro_Hoya_Expedition_Hoya_505m_prizeCrab_2025-01-26_2025-01-26,Cerro_Hoya_Expedition_Hoya_505m_prizeCrab_2025-01-26,prizeCrab_2025_01_27__02_42_06_HDR0.jpg,prizeCrab_2025_01_27__02_42_06_HDR0_3_Mothbot_yolo11m_4500_imgsz1600_b1_2024-01-18.pt.jpg
doi.org10.15468dl.6nxkw6.csv,Animalia,Arthropoda,Insecta,Hemiptera,Cicadellidae,,,,9647,,Cicadellidae,Cicadellidae,Cerro_Hoya_Expedition_Hoya_505m_prizeCrab_2025-01-26,prizeCrab_2025_01_27__02_42_06_HDR0_4_Mothbot_yolo11m_4500_imgsz1600_b1_2024-01-18.pt.jpg,HS,Mothbot_yolo11m_4500_imgsz1600_b1_2024-01-18.pt,0.5840833187103271,,prizeCrab,Cerro_Hoya_Expedition/Hoya_505m_prizeCrab_2025-01-26/2025-01-26/patches/prizeCrab_2025_01_27__02_42_06_HDR0_4_Mothbot_yolo11m_4500_imgsz1600_b1_2024-01-18.pt.jpg,ORDER_Hemiptera,2025-01-27,02:42:06,,2025_01_27__02_42_06,MachineObservation,Cerro_Hoya_Expedition_Hoya_505m_prizeCrab_2025-01-26_2025-01-26,Cerro_Hoya_Expedition_Hoya_505m_prizeCrab_2025-01-26,prizeCrab_2025_01_27__02_42_06_HDR0.jpg,prizeCrab_2025_01_27__02_42_06_HDR0_4_Mothbot_yolo11m_4500_imgsz1600_b1_2024-01-18.pt.jpg
doi.org10.15468dl.6nxkw6.csv,Animalia,Arthropoda,Insecta,Hemiptera,,,,,809,,Hemiptera,Hemiptera,Cerro_Hoya_Expedition_Hoya_505m_prizeCrab_2025-01-26,prizeCrab_2025_01_27__02_42_06_HDR0_5_Mothbot_yolo11m_4500_imgsz1600_b1_2024-01-18.pt.jpg,HS,Mothbot_yolo11m_4500_imgsz1600_b1_2024-01-18.pt,0.5429661273956299,,prizeCrab,Cerro_Hoya_Expedition/Hoya_505m_prizeCrab_2025-01-26/2025-01-26/patches/prizeCrab_2025_01_27__02_42_06_HDR0_5_Mothbot_yolo11m_4500_imgsz1600_b1_2024-01-18.pt.jpg,ORDER_Diptera,2025-01-27,02:42:06,,2025_01_27__02_42_06,MachineObservation,Cerro_Hoya_Expedition_Hoya_505m_prizeCrab_2025-01-26_2025-01-26,Cerro_Hoya_Expedition_Hoya_505m_prizeCrab_2025-01-26,prizeCrab_2025_01_27__02_42_06_HDR0.jpg,prizeCrab_2025_01_27__02_42_06_HDR0_5_Mothbot_yolo11m_4500_imgsz1600_b1_2024-01-18.pt.jpg
doi.org10.15468dl.6nxkw6.csv,Animalia,Arthropoda,Insecta,Lepidoptera,Crambidae,,,,8841,,Crambidae,Crambidae,Cerro_Hoya_Expedition_Hoya_505m_prizeCrab_2025-01-26,prizeCrab_2025_01_27__02_43_22_HDR0_0_Mothbot_yolo11m_4500_imgsz1600_b1_2024-01-18.pt.jpg,HS,Mothbot_yolo11m_4500_imgsz1600_b1_2024-01-18.pt,0.7928854823112488,,prizeCrab,Cerro_Hoya_Expedition/Hoya_505m_prizeCrab_2025-01-26/2025-01-26/patches/prizeCrab_2025_01_27__02_43_22_HDR0_0_Mothbot_yolo11m_4500_imgsz1600_b1_2024-01-18.pt.jpg,ORDER_Lepidoptera,2025-01-27,02:43:22,,2025_01_27__02_43_22,MachineObservation,Cerro_Hoya_Expedition_Hoya_505m_prizeCrab_2025-01-26_2025-01-26,Cerro_Hoya_Expedition_Hoya_505m_prizeCrab_2025-01-26,prizeCrab_2025_01_27__02_43_22_HDR0.jpg,prizeCrab_2025_01_27__02_43_22_HDR0_0_Mothbot_yolo11m_4500_imgsz1600_b1_2024-01-18.pt.jpg
doi.org10.15468dl.6nxkw6.csv,Animalia,Arthropoda,Insecta,Lepidoptera,Geometridae,,,,6950,,Geometridae,Geometridae,Cerro_Hoya_Expedition_Hoya_505m_prizeCrab_2025-01-26,prizeCrab_2025_01_27__02_43_22_HDR0_1_Mothbot_yolo11m_4500_imgsz1600_b1_2024-01-18.pt.jpg,HS,Mothbot_yolo11m_4500_imgsz1600_b1_2024-01-18.pt,0.7043426632881165,,prizeCrab,Cerro_Hoya_Expedition/Hoya_505m_prizeCrab_2025-01-26/2025-01-26/patches/prizeCrab_2025_01_27__02_43_22_HDR0_1_Mothbot_yolo11m_4500_imgsz1600_b1_2024-01-18.pt.jpg,ORDER_Lepidoptera,2025-01-27,02:43:22,,2025_01_27__02_43_22,MachineObservation,Cerro_Hoya_Expedition_Hoya_505m_prizeCrab_2025-01-26_2025-01-26,Cerro_Hoya_Expedition_Hoya_505m_prizeCrab_2025-01-26,prizeCrab_2025_01_27__02_43_22_HDR0.jpg,prizeCrab_2025_01_27__02_43_22_HDR0_1_Mothbot_yolo11m_4500_imgsz1600_b1_2024-01-18.pt.jpg
doi.org10.15468dl.6nxkw6.csv,Animalia,Arthropoda,Insecta,Hemiptera,Cicadellidae,,,,9647,,Cicadellidae,Cicadellidae,Cerro_Hoya_Expedition_Hoya_505m_prizeCrab_2025-01-26,prizeCrab_2025_01_27__02_43_22_HDR0_2_Mothbot_yolo11m_4500_imgsz1600_b1_2024-01-18.pt.jpg,HS,Mothbot_yolo11m_4500_imgsz1600_b1_2024-01-18.pt,0.6250196695327759,,prizeCrab,Cerro_Hoya_Expedition/Hoya_505m_prizeCrab_2025-01-26/2025-01-26/patches/prizeCrab_2025_01_27__02_43_22_HDR0_2_Mothbot_yolo11m_4500_imgsz1600_b1_2024-01-18.pt.jpg,ORDER_Coleoptera,2025-01-27,02:43:22,,2025_01_27__02_43_22,MachineObservation,Cerro_Hoya_Expedition_Hoya_505m_prizeCrab_2025-01-26_2025-01-26,Cerro_Hoya_Expedition_Hoya_505m_prizeCrab_2025-01-26,prizeCrab_2025_01_27__02_43_22_HDR0.jpg,prizeCrab_2025_01_27__02_43_22_HDR0_2_Mothbot_yolo11m_4500_imgsz1600_b1_2024-01-18.pt.jpg
doi.org10.15468dl.6nxkw6.csv,Animalia,Arthropoda,Insecta,Hemiptera,Cicadellidae,,,,9647,,Cicadellidae,Cicadellidae,Cerro_Hoya_Expedition_Hoya_505m_prizeCrab_2025-01-26,prizeCrab_2025_01_27__02_43_22_HDR0_3_Mothbot_yolo11m_4500_imgsz1600_b1_2024-01-18.pt.jpg,HS,Mothbot_yolo11m_4500_imgsz1600_b1_2024-01-18.pt,0.5795256495475769,,prizeCrab,Cerro_Hoya_Expedition/Hoya_505m_prizeCrab_2025-01-26/2025-01-26/patches/prizeCrab_2025_01_27__02_43_22_HDR0_3_Mothbot_yolo11m_4500_imgsz1600_b1_2024-01-18.pt.jpg,ORDER_Diptera,2025-01-27,02:43:22,,2025_01_27__02_43_22,MachineObservation,Cerro_Hoya_Expedition_Hoya_505m_prizeCrab_2025-01-26_2025-01-26,Cerro_Hoya_Expedition_Hoya_505m_prizeCrab_2025-01-26,prizeCrab_2025_01_27__02_43_22_HDR0.jpg,prizeCrab_2025_01_27__02_43_22_HDR0_3_Mothbot_yolo11m_4500_imgsz1600_b1_2024-01-18.pt.jpg
doi.org10.15468dl.6nxkw6.csv,Animalia,Arthropoda,Insecta,Lepidoptera,,,,,797,,Lepidoptera,Lepidoptera,Cerro_Hoya_Expedition_Hoya_505m_prizeCrab_2025-01-26,prizeCrab_2025_01_27__02_43_22_HDR0_4_Mothbot_yolo11m_4500_imgsz1600_b1_2024-01-18.pt.jpg,HS,Mothbot_yolo11m_4500_imgsz1600_b1_2024-01-18.pt,0.5245245695114136,,prizeCrab,Cerro_Hoya_Expedition/Hoya_505m_prizeCrab_2025-01-26/2025-01-26/patches/prizeCrab_2025_01_27__02_43_22_HDR0_4_Mothbot_yolo11m_4500_imgsz1600_b1_2024-01-18.pt.jpg,ORDER_Trichoptera,2025-01-27,02:43:22,,2025_01_27__02_43_22,MachineObservation,Cerro_Hoya_Expedition_Hoya_505m_prizeCrab_2025-01-26_2025-01-26,Cerro_Hoya_Expedition_Hoya_505m_prizeCrab_2025-01-26,prizeCrab_2025_01_27__02_43_22_HDR0.jpg,prizeCrab_2025_01_27__02_43_22_HDR0_4_Mothbot_yolo11m_4500_imgsz1600_b1_2024-01-18.pt.jpg
doi.org10.15468dl.6nxkw6.csv,Animalia,Arthropoda,Insecta,Lepidoptera,Geometridae,,,,6950,,Geometridae,Geometridae,Cerro_Hoya_Expedition_Hoya_505m_prizeCrab_2025-01-26,prizeCrab_2025_01_27__02_44_05_HDR0_0_Mothbot_yolo11m_4500_imgsz1600_b1_2024-01-18.pt.jpg,HS,Mothbot_yolo11m_4500_imgsz1600_b1_2024-01-18.pt,0.703506350517273,,prizeCrab,Cerro_Hoya_Expedition/Hoya_505m_prizeCrab_2025-01-26/2025-01-26/patches/prizeCrab_2025_01_27__02_44_05_HDR0_0_Mothbot_yolo11m_4500_imgsz1600_b1_2024-01-18.pt.jpg,ORDER_Lepidoptera,2025-01-27,02:44:05,,2025_01_27__02_44_05,MachineObservation,Cerro_Hoya_Expedition_Hoya_505m_prizeCrab_2025-01-26_2025-01-26,Cerro_Hoya_Expedition_Hoya_505m_prizeCrab_2025-01-26,prizeCrab_2025_01_27__02_44_05_HDR0.jpg,prizeCrab_2025_01_27__02_44_05_HDR0_0_Mothbot_yolo11m_4500_imgsz1600_b1_2024-01-18.pt.jpg
doi.org10.15468dl.6nxkw6.csv,Animalia,Arthropoda,Insecta,Hemiptera,Cicadellidae,,,,9647,,Cicadellidae,Cicadellidae,Cerro_Hoya_Expedition_Hoya_505m_prizeCrab_2025-01-26,prizeCrab_2025_01_27__02_44_05_HDR0_1_Mothbot_yolo11m_4500_imgsz1600_b1_2024-01-18.pt.jpg,HS,Mothbot_yolo11m_4500_imgsz1600_b1_2024-01-18.pt,0.6172389388084412,,prizeCrab,Cerro_Hoya_Expedition/Hoya_505m_prizeCrab_2025-01-26/2025-01-26/patches/prizeCrab_2025_01_27__02_44_05_HDR0_1_Mothbot_yolo11m_4500_imgsz1600_b1_2024-01-18.pt.jpg,ORDER_Lepidoptera,2025-01-27,02:44:05,,2025_01_27__02_44_05,MachineObservation,Cerro_Hoya_Expedition_Hoya_505m_prizeCrab_2025-01-26_2025-01-26,Cerro_Hoya_Expedition_Hoya_505m_prizeCrab_2025-01-26,prizeCrab_2025_01_27__02_44_05_HDR0.jpg,prizeCrab_2025_01_27__02_44_05_HDR0_1_Mothbot_yolo11m_4500_imgsz1600_b1_2024-01-18.pt.jpg
doi.org10.15468dl.6nxkw6.csv,Animalia,Arthropoda,Insecta,,,,,,216,,Insecta,Insecta,Cerro_Hoya_Expedition_Hoya_505m_prizeCrab_2025-01-26,prizeCrab_2025_01_27__02_44_05_HDR0_2_Mothbot_yolo11m_4500_imgsz1600_b1_2024-01-18.pt.jpg,HS,Mothbot_yolo11m_4500_imgsz1600_b1_2024-01-18.pt,0.47638216614723206,,prizeCrab,Cerro_Hoya_Expedition/Hoya_505m_prizeCrab_2025-01-26/2025-01-26/patches/prizeCrab_2025_01_27__02_44_05_HDR0_2_Mothbot_yolo11m_4500_imgsz1600_b1_2024-01-18.pt.jpg,ORDER_Diptera,2025-01-27,02:44:05,,2025_01_27__02_44_05,MachineObservation,Cerro_Hoya_Expedition_Hoya_505m_prizeCrab_2025-01-26_2025-01-26,Cerro_Hoya_Expedition_Hoya_505m_prizeCrab_2025-01-26,prizeCrab_2025_01_27__02_44_05_HDR0.jpg,prizeCrab_2025_01_27__02_44_05_HDR0_2_Mothbot_yolo11m_4500_imgsz1600_b1_2024-01-18.pt.jpg
doi.org10.15468dl.6nxkw6.csv,Animalia,Arthropoda,Insecta,Hemiptera,Cicadellidae,,,,9647,,Cicadellidae,Cicadellidae,Cerro_Hoya_Expedition_Hoya_505m_prizeCrab_2025-01-26,prizeCrab_2025_01_27__02_44_05_HDR0_3_Mothbot_yolo11m_4500_imgsz1600_b1_2024-01-18.pt.jpg,HS,Mothbot_yolo11m_4500_imgsz1600_b1_2024-01-18.pt,0.3551294505596161,,prizeCrab,Cerro_Hoya_Expedition/Hoya_505m_prizeCrab_2025-01-26/2025-01-26/patches/prizeCrab_2025_01_27__02_44_05_HDR0_3_Mothbot_yolo11m_4500_imgsz1600_b1_2024-01-18.pt.jpg,ORDER_Diptera,2025-01-27,02:44:05,,2025_01_27__02_44_05,MachineObservation,Cerro_Hoya_Expedition_Hoya_505m_prizeCrab_2025-01-26_2025-01-26,Cerro_Hoya_Expedition_Hoya_505m_prizeCrab_2025-01-26,prizeCrab_2025_01_27__02_44_05_HDR0.jpg,prizeCrab_2025_01_27__02_44_05_HDR0_3_Mothbot_yolo11m_4500_imgsz1600_b1_2024-01-18.pt.jpg
doi.org10.15468dl.6nxkw6.csv,Animalia,Arthropoda,Insecta,Lepidoptera,,,,,797,,Lepidoptera,Lepidoptera,Cerro_Hoya_Expedition_Hoya_505m_prizeCrab_2025-01-26,prizeCrab_2025_01_27__02_44_05_HDR0_4_Mothbot_yolo11m_4500_imgsz1600_b1_2024-01-18.pt.jpg,HS,Mothbot_yolo11m_4500_imgsz1600_b1_2024-01-18.pt,0.2832607626914978,,prizeCrab,Cerro_Hoya_Expedition/Hoya_505m_prizeCrab_2025-01-26/2025-01-26/patches/prizeCrab_2025_01_27__02_44_05_HDR0_4_Mothbot_yolo11m_4500_imgsz1600_b1_2024-01-18.pt.jpg,ORDER_Lepidoptera,2025-01-27,02:44:05,,2025_01_27__02_44_05,MachineObservation,Cerro_Hoya_Expedition_Hoya_505m_prizeCrab_2025-01-26_2025-01-26,Cerro_Hoya_Expedition_Hoya_505m_prizeCrab_2025-01-26,prizeCrab_2025_01_27__02_44_05_HDR0.jpg,prizeCrab_2025_01_27__02_44_05_HDR0_4_Mothbot_yolo11m_4500_imgsz1600_b1_2024-01-18.pt.jpg
doi.org10.15468dl.6nxkw6.csv,Animalia,Arthropoda,Insecta,Lepidoptera,Geometridae,,,,6950,,Geometridae,Geometridae,Cerro_Hoya_Expedition_Hoya_505m_prizeCrab_2025-01-26,prizeCrab_2025_01_27__02_45_06_HDR0_0_Mothbot_yolo11m_4500_imgsz1600_b1_2024-01-18.pt.jpg,HS,Mothbot_yolo11m_4500_imgsz1600_b1_2024-01-18.pt,0.7098255753517151,,prizeCrab,Cerro_Hoya_Expedition/Hoya_505m_prizeCrab_2025-01-26/2025-01-26/patches/prizeCrab_2025_01_27__02_45_06_HDR0_0_Mothbot_yolo11m_4500_imgsz1600_b1_2024-01-18.pt.jpg,ORDER_Lepidoptera,2025-01-27,02:45:06,,2025_01_27__02_45_06,MachineObservation,Cerro_Hoya_Expedition_Hoya_505m_prizeCrab_2025-01-26_2025-01-26,Cerro_Hoya_Expedition_Hoya_505m_prizeCrab_2025-01-26,prizeCrab_2025_01_27__02_45_06_HDR0.jpg,prizeCrab_2025_01_27__02_45_06_HDR0_0_Mothbot_yolo11m_4500_imgsz1600_b1_2024-01-18.pt.jpg
doi.org10.15468dl.6nxkw6.csv,Animalia,Arthropoda,Insecta,Coleoptera,,,,,1470,,Coleoptera,Coleoptera,Cerro_Hoya_Expedition_Hoya_505m_prizeCrab_2025-01-26,prizeCrab_2025_01_27__02_45_06_HDR0_1_Mothbot_yolo11m_4500_imgsz1600_b1_2024-01-18.pt.jpg,HS,Mothbot_yolo11m_4500_imgsz1600_b1_2024-01-18.pt,0.6468408107757568,,prizeCrab,Cerro_Hoya_Expedition/Hoya_505m_prizeCrab_2025-01-26/2025-01-26/patches/prizeCrab_2025_01_27__02_45_06_HDR0_1_Mothbot_yolo11m_4500_imgsz1600_b1_2024-01-18.pt.jpg,ORDER_Diptera,2025-01-27,02:45:06,,2025_01_27__02_45_06,MachineObservation,Cerro_Hoya_Expedition_Hoya_505m_prizeCrab_2025-01-26_2025-01-26,Cerro_Hoya_Expedition_Hoya_505m_prizeCrab_2025-01-26,prizeCrab_2025_01_27__02_45_06_HDR0.jpg,prizeCrab_2025_01_27__02_45_06_HDR0_1_Mothbot_yolo11m_4500_imgsz1600_b1_2024-01-18.pt.jpg
doi.org10.15468dl.6nxkw6.csv,Animalia,Arthropoda,Insecta,Hemiptera,Cicadellidae,,,,9647,,Cicadellidae,Cicadellidae,Cerro_Hoya_Expedition_Hoya_505m_prizeCrab_2025-01-26,prizeCrab_2025_01_27__02_45_06_HDR0_2_Mothbot_yolo11m_4500_imgsz1600_b1_2024-01-18.pt.jpg,HS,Mothbot_yolo11m_4500_imgsz1600_b1_2024-01-18.pt,0.6234163641929626,,prizeCrab,Cerro_Hoya_Expedition/Hoya_505m_prizeCrab_2025-01-26/2025-01-26/patches/prizeCrab_2025_01_27__02_45_06_HDR0_2_Mothbot_yolo11m_4500_imgsz1600_b1_2024-01-18.pt.jpg,ORDER_Coleoptera,2025-01-27,02:45:06,,2025_01_27__02_45_06,MachineObservation,Cerro_Hoya_Expedition_Hoya_505m_prizeCrab_2025-01-26_2025-01-26,Cerro_Hoya_Expedition_Hoya_505m_prizeCrab_2025-01-26,prizeCrab_2025_01_27__02_45_06_HDR0.jpg,prizeCrab_2025_01_27__02_45_06_HDR0_2_Mothbot_yolo11m_4500_imgsz1600_b1_2024-01-18.pt.jpg
doi.org10.15468dl.6nxkw6.csv,Animalia,Arthropoda,Insecta,Hemiptera,Cicadellidae,,,,9647,,Cicadellidae,Cicadellidae,Cerro_Hoya_Expedition_Hoya_505m_prizeCrab_2025-01-26,prizeCrab_2025_01_27__02_45_06_HDR0_3_Mothbot_yolo11m_4500_imgsz1600_b1_2024-01-18.pt.jpg,HS,Mothbot_yolo11m_4500_imgsz1600_b1_2024-01-18.pt,0.5572414994239807,,prizeCrab,Cerro_Hoya_Expedition/Hoya_505m_prizeCrab_2025-01-26/2025-01-26/patches/prizeCrab_2025_01_27__02_45_06_HDR0_3_Mothbot_yolo11m_4500_imgsz1600_b1_2024-01-18.pt.jpg,ORDER_Diptera,2025-01-27,02:45:06,,2025_01_27__02_45_06,MachineObservation,Cerro_Hoya_Expedition_Hoya_505m_prizeCrab_2025-01-26_2025-01-26,Cerro_Hoya_Expedition_Hoya_505m_prizeCrab_2025-01-26,prizeCrab_2025_01_27__02_45_06_HDR0.jpg,prizeCrab_2025_01_27__02_45_06_HDR0_3_Mothbot_yolo11m_4500_imgsz1600_b1_2024-01-18.pt.jpg
doi.org10.15468dl.6nxkw6.csv,Animalia,Arthropoda,Insecta,Lepidoptera,Geometridae,,,,6950,,Geometridae,Geometridae,Cerro_Hoya_Expedition_Hoya_505m_prizeCrab_2025-01-26,prizeCrab_2025_01_27__02_46_06_HDR0_0_Mothbot_yolo11m_4500_imgsz1600_b1_2024-01-18.pt.jpg,HS,Mothbot_yolo11m_4500_imgsz1600_b1_2024-01-18.pt,0.7104682326316833,,prizeCrab,Cerro_Hoya_Expedition/Hoya_505m_prizeCrab_2025-01-26/2025-01-26/patches/prizeCrab_2025_01_27__02_46_06_HDR0_0_Mothbot_yolo11m_4500_imgsz1600_b1_2024-01-18.pt.jpg,ORDER_Lepidoptera,2025-01-27,02:46:06,,2025_01_27__02_46_06,MachineObservation,Cerro_Hoya_Expedition_Hoya_505m_prizeCrab_2025-01-26_2025-01-26,Cerro_Hoya_Expedition_Hoya_505m_prizeCrab_2025-01-26,prizeCrab_2025_01_27__02_46_06_HDR0.jpg,prizeCrab_2025_01_27__02_46_06_HDR0_0_Mothbot_yolo11m_4500_imgsz1600_b1_2024-01-18.pt.jpg
doi.org10.15468dl.6nxkw6.csv,Animalia,Arthropoda,Insecta,Diptera,,,,,811,,Diptera,Diptera,Cerro_Hoya_Expedition_Hoya_505m_prizeCrab_2025-01-26,prizeCrab_2025_01_27__02_46_06_HDR0_1_Mothbot_yolo11m_4500_imgsz1600_b1_2024-01-18.pt.jpg,HS,Mothbot_yolo11m_4500_imgsz1600_b1_2024-01-18.pt,0.6780436038970947,,prizeCrab,Cerro_Hoya_Expedition/Hoya_505m_prizeCrab_2025-01-26/2025-01-26/patches/prizeCrab_2025_01_27__02_46_06_HDR0_1_Mothbot_yolo11m_4500_imgsz1600_b1_2024-01-18.pt.jpg,ORDER_Diptera,2025-01-27,02:46:06,,2025_01_27__02_46_06,MachineObservation,Cerro_Hoya_Expedition_Hoya_505m_prizeCrab_2025-01-26_2025-01-26,Cerro_Hoya_Expedition_Hoya_505m_prizeCrab_2025-01-26,prizeCrab_2025_01_27__02_46_06_HDR0.jpg,prizeCrab_2025_01_27__02_46_06_HDR0_1_Mothbot_yolo11m_4500_imgsz1600_b1_2024-01-18.pt.jpg
doi.org10.15468dl.6nxkw6.csv,Animalia,Arthropoda,Insecta,Hemiptera,Cicadellidae,,,,9647,,Cicadellidae,Cicadellidae,Cerro_Hoya_Expedition_Hoya_505m_prizeCrab_2025-01-26,prizeCrab_2025_01_27__02_46_06_HDR0_2_Mothbot_yolo11m_4500_imgsz1600_b1_2024-01-18.pt.jpg,HS,Mothbot_yolo11m_4500_imgsz1600_b1_2024-01-18.pt,0.6187718510627747,,prizeCrab,Cerro_Hoya_Expedition/Hoya_505m_prizeCrab_2025-01-26/2025-01-26/patches/prizeCrab_2025_01_27__02_46_06_HDR0_2_Mothbot_yolo11m_4500_imgsz1600_b1_2024-01-18.pt.jpg,ORDER_Coleoptera,2025-01-27,02:46:06,,2025_01_27__02_46_06,MachineObservation,Cerro_Hoya_Expedition_Hoya_505m_prizeCrab_2025-01-26_2025-01-26,Cerro_Hoya_Expedition_Hoya_505m_prizeCrab_2025-01-26,prizeCrab_2025_01_27__02_46_06_HDR0.jpg,prizeCrab_2025_01_27__02_46_06_HDR0_2_Mothbot_yolo11m_4500_imgsz1600_b1_2024-01-18.pt.jpg
doi.org10.15468dl.6nxkw6.csv,Animalia,Arthropoda,Insecta,Lepidoptera,,,,,797,,Lepidoptera,Lepidoptera,Cerro_Hoya_Expedition_Hoya_505m_prizeCrab_2025-01-26,prizeCrab_2025_01_27__02_46_06_HDR0_3_Mothbot_yolo11m_4500_imgsz1600_b1_2024-01-18.pt.jpg,HS,Mothbot_yolo11m_4500_imgsz1600_b1_2024-01-18.pt,0.6177446246147156,,prizeCrab,Cerro_Hoya_Expedition/Hoya_505m_prizeCrab_2025-01-26/2025-01-26/patches/prizeCrab_2025_01_27__02_46_06_HDR0_3_Mothbot_yolo11m_4500_imgsz1600_b1_2024-01-18.pt.jpg,ORDER_Lepidoptera,2025-01-27,02:46:06,,2025_01_27__02_46_06,MachineObservation,Cerro_Hoya_Expedition_Hoya_505m_prizeCrab_2025-01-26_2025-01-26,Cerro_Hoya_Expedition_Hoya_505m_prizeCrab_2025-01-26,prizeCrab_2025_01_27__02_46_06_HDR0.jpg,prizeCrab_2025_01_27__02_46_06_HDR0_3_Mothbot_yolo11m_4500_imgsz1600_b1_2024-01-18.pt.jpg
doi.org10.15468dl.6nxkw6.csv,Animalia,Arthropoda,Insecta,Lepidoptera,,,,,797,,Lepidoptera,Lepidoptera,Cerro_Hoya_Expedition_Hoya_505m_prizeCrab_2025-01-26,prizeCrab_2025_01_27__02_46_06_HDR0_4_Mothbot_yolo11m_4500_imgsz1600_b1_2024-01-18.pt.jpg,HS,Mothbot_yolo11m_4500_imgsz1600_b1_2024-01-18.pt,0.6028884053230286,,prizeCrab,Cerro_Hoya_Expedition/Hoya_505m_prizeCrab_2025-01-26/2025-01-26/patches/prizeCrab_2025_01_27__02_46_06_HDR0_4_Mothbot_yolo11m_4500_imgsz1600_b1_2024-01-18.pt.jpg,ORDER_Lepidoptera,2025-01-27,02:46:06,,2025_01_27__02_46_06,MachineObservation,Cerro_Hoya_Expedition_Hoya_505m_prizeCrab_2025-01-26_2025-01-26,Cerro_Hoya_Expedition_Hoya_505m_prizeCrab_2025-01-26,prizeCrab_2025_01_27__02_46_06_HDR0.jpg,prizeCrab_2025_01_27__02_46_06_HDR0_4_Mothbot_yolo11m_4500_imgsz1600_b1_2024-01-18.pt.jpg
doi.org10.15468dl.6nxkw6.csv,Animalia,Arthropoda,Insecta,Hemiptera,Cicadellidae,,,,9647,,Cicadellidae,Cicadellidae,Cerro_Hoya_Expedition_Hoya_505m_prizeCrab_2025-01-26,prizeCrab_2025_01_27__02_46_06_HDR0_5_Mothbot_yolo11m_4500_imgsz1600_b1_2024-01-18.pt.jpg,HS,Mothbot_yolo11m_4500_imgsz1600_b1_2024-01-18.pt,0.5242324471473694,,prizeCrab,Cerro_Hoya_Expedition/Hoya_505m_prizeCrab_2025-01-26/2025-01-26/patches/prizeCrab_2025_01_27__02_46_06_HDR0_5_Mothbot_yolo11m_4500_imgsz1600_b1_2024-01-18.pt.jpg,ORDER_Diptera,2025-01-27,02:46:06,,2025_01_27__02_46_06,MachineObservation,Cerro_Hoya_Expedition_Hoya_505m_prizeCrab_2025-01-26_2025-01-26,Cerro_Hoya_Expedition_Hoya_505m_prizeCrab_2025-01-26,prizeCrab_2025_01_27__02_46_06_HDR0.jpg,prizeCrab_2025_01_27__02_46_06_HDR0_5_Mothbot_yolo11m_4500_imgsz1600_b1_2024-01-18.pt.jpg
doi.org10.15468dl.6nxkw6.csv,Animalia,Arthropoda,Insecta,Coleoptera,,,,,1470,,Coleoptera,Coleoptera,Cerro_Hoya_Expedition_Hoya_505m_prizeCrab_2025-01-26,prizeCrab_2025_01_27__02_46_06_HDR0_6_Mothbot_yolo11m_4500_imgsz1600_b1_2024-01-18.pt.jpg,HS,Mothbot_yolo11m_4500_imgsz1600_b1_2024-01-18.pt,0.4760049283504486,,prizeCrab,Cerro_Hoya_Expedition/Hoya_505m_prizeCrab_2025-01-26/2025-01-26/patches/prizeCrab_2025_01_27__02_46_06_HDR0_6_Mothbot_yolo11m_4500_imgsz1600_b1_2024-01-18.pt.jpg,ORDER_Diptera,2025-01-27,02:46:06,,2025_01_27__02_46_06,MachineObservation,Cerro_Hoya_Expedition_Hoya_505m_prizeCrab_2025-01-26_2025-01-26,Cerro_Hoya_Expedition_Hoya_505m_prizeCrab_2025-01-26,prizeCrab_2025_01_27__02_46_06_HDR0.jpg,prizeCrab_2025_01_27__02_46_06_HDR0_6_Mothbot_yolo11m_4500_imgsz1600_b1_2024-01-18.pt.jpg
doi.org10.15468dl.6nxkw6.csv,Animalia,Arthropoda,Insecta,Lepidoptera,Geometridae,,,,6950,,Geometridae,Geometridae,Cerro_Hoya_Expedition_Hoya_505m_prizeCrab_2025-01-26,prizeCrab_2025_01_27__02_47_06_HDR0_0_Mothbot_yolo11m_4500_imgsz1600_b1_2024-01-18.pt.jpg,HS,Mothbot_yolo11m_4500_imgsz1600_b1_2024-01-18.pt,0.6871795058250427,,prizeCrab,Cerro_Hoya_Expedition/Hoya_505m_prizeCrab_2025-01-26/2025-01-26/patches/prizeCrab_2025_01_27__02_47_06_HDR0_0_Mothbot_yolo11m_4500_imgsz1600_b1_2024-01-18.pt.jpg,ORDER_Lepidoptera,2025-01-27,02:47:06,,2025_01_27__02_47_06,MachineObservation,Cerro_Hoya_Expedition_Hoya_505m_prizeCrab_2025-01-26_2025-01-26,Cerro_Hoya_Expedition_Hoya_505m_prizeCrab_2025-01-26,prizeCrab_2025_01_27__02_47_06_HDR0.jpg,prizeCrab_2025_01_27__02_47_06_HDR0_0_Mothbot_yolo11m_4500_imgsz1600_b1_2024-01-18.pt.jpg
doi.org10.15468dl.6nxkw6.csv,Animalia,Arthropoda,Insecta,Lepidoptera,,,,,797,,Lepidoptera,Lepidoptera,Cerro_Hoya_Expedition_Hoya_505m_prizeCrab_2025-01-26,prizeCrab_2025_01_27__02_47_06_HDR0_1_Mothbot_yolo11m_4500_imgsz1600_b1_2024-01-18.pt.jpg,HS,Mothbot_yolo11m_4500_imgsz1600_b1_2024-01-18.pt,0.614459753036499,,prizeCrab,Cerro_Hoya_Expedition/Hoya_505m_prizeCrab_2025-01-26/2025-01-26/patches/prizeCrab_2025_01_27__02_47_06_HDR0_1_Mothbot_yolo11m_4500_imgsz1600_b1_2024-01-18.pt.jpg,ORDER_Lepidoptera,2025-01-27,02:47:06,,2025_01_27__02_47_06,MachineObservation,Cerro_Hoya_Expedition_Hoya_505m_prizeCrab_2025-01-26_2025-01-26,Cerro_Hoya_Expedition_Hoya_505m_prizeCrab_2025-01-26,prizeCrab_2025_01_27__02_47_06_HDR0.jpg,prizeCrab_2025_01_27__02_47_06_HDR0_1_Mothbot_yolo11m_4500_imgsz1600_b1_2024-01-18.pt.jpg
doi.org10.15468dl.6nxkw6.csv,Animalia,Arthropoda,Insecta,Lepidoptera,,,,,797,,Lepidoptera,Lepidoptera,Cerro_Hoya_Expedition_Hoya_505m_prizeCrab_2025-01-26,prizeCrab_2025_01_27__02_47_06_HDR0_2_Mothbot_yolo11m_4500_imgsz1600_b1_2024-01-18.pt.jpg,HS,Mothbot_yolo11m_4500_imgsz1600_b1_2024-01-18.pt,0.5924879312515259,,prizeCrab,Cerro_Hoya_Expedition/Hoya_505m_prizeCrab_2025-01-26/2025-01-26/patches/prizeCrab_2025_01_27__02_47_06_HDR0_2_Mothbot_yolo11m_4500_imgsz1600_b1_2024-01-18.pt.jpg,ORDER_Lepidoptera,2025-01-27,02:47:06,,2025_01_27__02_47_06,MachineObservation,Cerro_Hoya_Expedition_Hoya_505m_prizeCrab_2025-01-26_2025-01-26,Cerro_Hoya_Expedition_Hoya_505m_prizeCrab_2025-01-26,prizeCrab_2025_01_27__02_47_06_HDR0.jpg,prizeCrab_2025_01_27__02_47_06_HDR0_2_Mothbot_yolo11m_4500_imgsz1600_b1_2024-01-18.pt.jpg
doi.org10.15468dl.6nxkw6.csv,Animalia,Arthropoda,Insecta,Coleoptera,,,,,1470,,Coleoptera,Coleoptera,Cerro_Hoya_Expedition_Hoya_505m_prizeCrab_2025-01-26,prizeCrab_2025_01_27__02_47_06_HDR0_3_Mothbot_yolo11m_4500_imgsz1600_b1_2024-01-18.pt.jpg,HS,Mothbot_yolo11m_4500_imgsz1600_b1_2024-01-18.pt,0.4033157527446747,,prizeCrab,Cerro_Hoya_Expedition/Hoya_505m_prizeCrab_2025-01-26/2025-01-26/patches/prizeCrab_2025_01_27__02_47_06_HDR0_3_Mothbot_yolo11m_4500_imgsz1600_b1_2024-01-18.pt.jpg,ORDER_Hemiptera,2025-01-27,02:47:06,,2025_01_27__02_47_06,MachineObservation,Cerro_Hoya_Expedition_Hoya_505m_prizeCrab_2025-01-26_2025-01-26,Cerro_Hoya_Expedition_Hoya_505m_prizeCrab_2025-01-26,prizeCrab_2025_01_27__02_47_06_HDR0.jpg,prizeCrab_2025_01_27__02_47_06_HDR0_3_Mothbot_yolo11m_4500_imgsz1600_b1_2024-01-18.pt.jpg
doi.org10.15468dl.6nxkw6.csv,Animalia,Arthropoda,Insecta,Hemiptera,Cicadellidae,,,,9647,,Cicadellidae,Cicadellidae,Cerro_Hoya_Expedition_Hoya_505m_prizeCrab_2025-01-26,prizeCrab_2025_01_27__02_47_06_HDR0_4_Mothbot_yolo11m_4500_imgsz1600_b1_2024-01-18.pt.jpg,HS,Mothbot_yolo11m_4500_imgsz1600_b1_2024-01-18.pt,0.4028843343257904,,prizeCrab,Cerro_Hoya_Expedition/Hoya_505m_prizeCrab_2025-01-26/2025-01-26/patches/prizeCrab_2025_01_27__02_47_06_HDR0_4_Mothbot_yolo11m_4500_imgsz1600_b1_2024-01-18.pt.jpg,ORDER_Diptera,2025-01-27,02:47:06,,2025_01_27__02_47_06,MachineObservation,Cerro_Hoya_Expedition_Hoya_505m_prizeCrab_2025-01-26_2025-01-26,Cerro_Hoya_Expedition_Hoya_505m_prizeCrab_2025-01-26,prizeCrab_2025_01_27__02_47_06_HDR0.jpg,prizeCrab_2025_01_27__02_47_06_HDR0_4_Mothbot_yolo11m_4500_imgsz1600_b1_2024-01-18.pt.jpg
doi.org10.15468dl.6nxkw6.csv,Animalia,Arthropoda,Insecta,Lepidoptera,,,,,797,,Lepidoptera,Lepidoptera,Cerro_Hoya_Expedition_Hoya_505m_prizeCrab_2025-01-26,prizeCrab_2025_01_27__02_48_06_HDR0_0_Mothbot_yolo11m_4500_imgsz1600_b1_2024-01-18.pt.jpg,HS,Mothbot_yolo11m_4500_imgsz1600_b1_2024-01-18.pt,0.796460747718811,,prizeCrab,Cerro_Hoya_Expedition/Hoya_505m_prizeCrab_2025-01-26/2025-01-26/patches/prizeCrab_2025_01_27__02_48_06_HDR0_0_Mothbot_yolo11m_4500_imgsz1600_b1_2024-01-18.pt.jpg,ORDER_Psocodea,2025-01-27,02:48:06,,2025_01_27__02_48_06,MachineObservation,Cerro_Hoya_Expedition_Hoya_505m_prizeCrab_2025-01-26_2025-01-26,Cerro_Hoya_Expedition_Hoya_505m_prizeCrab_2025-01-26,prizeCrab_2025_01_27__02_48_06_HDR0.jpg,prizeCrab_2025_01_27__02_48_06_HDR0_0_Mothbot_yolo11m_4500_imgsz1600_b1_2024-01-18.pt.jpg
doi.org10.15468dl.6nxkw6.csv,Animalia,Arthropoda,Insecta,Lepidoptera,,,,,797,,Lepidoptera,Lepidoptera,Cerro_Hoya_Expedition_Hoya_505m_prizeCrab_2025-01-26,prizeCrab_2025_01_27__02_48_06_HDR0_1_Mothbot_yolo11m_4500_imgsz1600_b1_2024-01-18.pt.jpg,HS,Mothbot_yolo11m_4500_imgsz1600_b1_2024-01-18.pt,0.6192757487297058,,prizeCrab,Cerro_Hoya_Expedition/Hoya_505m_prizeCrab_2025-01-26/2025-01-26/patches/prizeCrab_2025_01_27__02_48_06_HDR0_1_Mothbot_yolo11m_4500_imgsz1600_b1_2024-01-18.pt.jpg,ORDER_Lepidoptera,2025-01-27,02:48:06,,2025_01_27__02_48_06,MachineObservation,Cerro_Hoya_Expedition_Hoya_505m_prizeCrab_2025-01-26_2025-01-26,Cerro_Hoya_Expedition_Hoya_505m_prizeCrab_2025-01-26,prizeCrab_2025_01_27__02_48_06_HDR0.jpg,prizeCrab_2025_01_27__02_48_06_HDR0_1_Mothbot_yolo11m_4500_imgsz1600_b1_2024-01-18.pt.jpg
doi.org10.15468dl.6nxkw6.csv,Animalia,Arthropoda,Insecta,Hemiptera,,,,,809,,Hemiptera,Hemiptera,Cerro_Hoya_Expedition_Hoya_505m_prizeCrab_2025-01-26,prizeCrab_2025_01_27__02_48_06_HDR0_2_Mothbot_yolo11m_4500_imgsz1600_b1_2024-01-18.pt.jpg,HS,Mothbot_yolo11m_4500_imgsz1600_b1_2024-01-18.pt,0.5359451174736023,,prizeCrab,Cerro_Hoya_Expedition/Hoya_505m_prizeCrab_2025-01-26/2025-01-26/patches/prizeCrab_2025_01_27__02_48_06_HDR0_2_Mothbot_yolo11m_4500_imgsz1600_b1_2024-01-18.pt.jpg,ORDER_Hemiptera,2025-01-27,02:48:06,,2025_01_27__02_48_06,MachineObservation,Cerro_Hoya_Expedition_Hoya_505m_prizeCrab_2025-01-26_2025-01-26,Cerro_Hoya_Expedition_Hoya_505m_prizeCrab_2025-01-26,prizeCrab_2025_01_27__02_48_06_HDR0.jpg,prizeCrab_2025_01_27__02_48_06_HDR0_2_Mothbot_yolo11m_4500_imgsz1600_b1_2024-01-18.pt.jpg
doi.org10.15468dl.6nxkw6.csv,Animalia,Arthropoda,Insecta,Lepidoptera,,,,,797,,Lepidoptera,Lepidoptera,Cerro_Hoya_Expedition_Hoya_505m_prizeCrab_2025-01-26,prizeCrab_2025_01_27__02_48_06_HDR0_3_Mothbot_yolo11m_4500_imgsz1600_b1_2024-01-18.pt.jpg,HS,Mothbot_yolo11m_4500_imgsz1600_b1_2024-01-18.pt,0.5349240899085999,,prizeCrab,Cerro_Hoya_Expedition/Hoya_505m_prizeCrab_2025-01-26/2025-01-26/patches/prizeCrab_2025_01_27__02_48_06_HDR0_3_Mothbot_yolo11m_4500_imgsz1600_b1_2024-01-18.pt.jpg,ORDER_Lepidoptera,2025-01-27,02:48:06,,2025_01_27__02_48_06,MachineObservation,Cerro_Hoya_Expedition_Hoya_505m_prizeCrab_2025-01-26_2025-01-26,Cerro_Hoya_Expedition_Hoya_505m_prizeCrab_2025-01-26,prizeCrab_2025_01_27__02_48_06_HDR0.jpg,prizeCrab_2025_01_27__02_48_06_HDR0_3_Mothbot_yolo11m_4500_imgsz1600_b1_2024-01-18.pt.jpg
doi.org10.15468dl.6nxkw6.csv,Animalia,Arthropoda,Insecta,Coleoptera,,,,,1470,,Coleoptera,Coleoptera,Cerro_Hoya_Expedition_Hoya_505m_prizeCrab_2025-01-26,prizeCrab_2025_01_27__02_48_06_HDR0_4_Mothbot_yolo11m_4500_imgsz1600_b1_2024-01-18.pt.jpg,HS,Mothbot_yolo11m_4500_imgsz1600_b1_2024-01-18.pt,0.5082166194915771,,prizeCrab,Cerro_Hoya_Expedition/Hoya_505m_prizeCrab_2025-01-26/2025-01-26/patches/prizeCrab_2025_01_27__02_48_06_HDR0_4_Mothbot_yolo11m_4500_imgsz1600_b1_2024-01-18.pt.jpg,ORDER_Hymenoptera,2025-01-27,02:48:06,,2025_01_27__02_48_06,MachineObservation,Cerro_Hoya_Expedition_Hoya_505m_prizeCrab_2025-01-26_2025-01-26,Cerro_Hoya_Expedition_Hoya_505m_prizeCrab_2025-01-26,prizeCrab_2025_01_27__02_48_06_HDR0.jpg,prizeCrab_2025_01_27__02_48_06_HDR0_4_Mothbot_yolo11m_4500_imgsz1600_b1_2024-01-18.pt.jpg
doi.org10.15468dl.6nxkw6.csv,Animalia,Arthropoda,Insecta,Hemiptera,Cicadellidae,,,,9647,,Cicadellidae,Cicadellidae,Cerro_Hoya_Expedition_Hoya_505m_prizeCrab_2025-01-26,prizeCrab_2025_01_27__02_48_06_HDR0_5_Mothbot_yolo11m_4500_imgsz1600_b1_2024-01-18.pt.jpg,HS,Mothbot_yolo11m_4500_imgsz1600_b1_2024-01-18.pt,0.43670377135276794,,prizeCrab,Cerro_Hoya_Expedition/Hoya_505m_prizeCrab_2025-01-26/2025-01-26/patches/prizeCrab_2025_01_27__02_48_06_HDR0_5_Mothbot_yolo11m_4500_imgsz1600_b1_2024-01-18.pt.jpg,ORDER_Diptera,2025-01-27,02:48:06,,2025_01_27__02_48_06,MachineObservation,Cerro_Hoya_Expedition_Hoya_505m_prizeCrab_2025-01-26_2025-01-26,Cerro_Hoya_Expedition_Hoya_505m_prizeCrab_2025-01-26,prizeCrab_2025_01_27__02_48_06_HDR0.jpg,prizeCrab_2025_01_27__02_48_06_HDR0_5_Mothbot_yolo11m_4500_imgsz1600_b1_2024-01-18.pt.jpg
doi.org10.15468dl.6nxkw6.csv,Animalia,Arthropoda,Insecta,Hemiptera,,,,,809,,Hemiptera,Hemiptera,Cerro_Hoya_Expedition_Hoya_505m_prizeCrab_2025-01-26,prizeCrab_2025_01_27__02_48_06_HDR0_6_Mothbot_yolo11m_4500_imgsz1600_b1_2024-01-18.pt.jpg,HS,Mothbot_yolo11m_4500_imgsz1600_b1_2024-01-18.pt,0.2865915894508362,,prizeCrab,Cerro_Hoya_Expedition/Hoya_505m_prizeCrab_2025-01-26/2025-01-26/patches/prizeCrab_2025_01_27__02_48_06_HDR0_6_Mothbot_yolo11m_4500_imgsz1600_b1_2024-01-18.pt.jpg,ORDER_Hemiptera,2025-01-27,02:48:06,,2025_01_27__02_48_06,MachineObservation,Cerro_Hoya_Expedition_Hoya_505m_prizeCrab_2025-01-26_2025-01-26,Cerro_Hoya_Expedition_Hoya_505m_prizeCrab_2025-01-26,prizeCrab_2025_01_27__02_48_06_HDR0.jpg,prizeCrab_2025_01_27__02_48_06_HDR0_6_Mothbot_yolo11m_4500_imgsz1600_b1_2024-01-18.pt.jpg
doi.org10.15468dl.6nxkw6.csv,Animalia,Arthropoda,Insecta,Lepidoptera,,,,,797,,Lepidoptera,Lepidoptera,Cerro_Hoya_Expedition_Hoya_505m_prizeCrab_2025-01-26,prizeCrab_2025_01_27__02_49_05_HDR0_0_Mothbot_yolo11m_4500_imgsz1600_b1_2024-01-18.pt.jpg,HS,Mothbot_yolo11m_4500_imgsz1600_b1_2024-01-18.pt,0.6911000609397888,,prizeCrab,Cerro_Hoya_Expedition/Hoya_505m_prizeCrab_2025-01-26/2025-01-26/patches/prizeCrab_2025_01_27__02_49_05_HDR0_0_Mothbot_yolo11m_4500_imgsz1600_b1_2024-01-18.pt.jpg,ORDER_Lepidoptera,2025-01-27,02:49:05,,2025_01_27__02_49_05,MachineObservation,Cerro_Hoya_Expedition_Hoya_505m_prizeCrab_2025-01-26_2025-01-26,Cerro_Hoya_Expedition_Hoya_505m_prizeCrab_2025-01-26,prizeCrab_2025_01_27__02_49_05_HDR0.jpg,prizeCrab_2025_01_27__02_49_05_HDR0_0_Mothbot_yolo11m_4500_imgsz1600_b1_2024-01-18.pt.jpg
doi.org10.15468dl.6nxkw6.csv,Animalia,Arthropoda,Insecta,Lepidoptera,,,,,797,,Lepidoptera,Lepidoptera,Cerro_Hoya_Expedition_Hoya_505m_prizeCrab_2025-01-26,prizeCrab_2025_01_27__02_49_05_HDR0_1_Mothbot_yolo11m_4500_imgsz1600_b1_2024-01-18.pt.jpg,HS,Mothbot_yolo11m_4500_imgsz1600_b1_2024-01-18.pt,0.6541205644607544,,prizeCrab,Cerro_Hoya_Expedition/Hoya_505m_prizeCrab_2025-01-26/2025-01-26/patches/prizeCrab_2025_01_27__02_49_05_HDR0_1_Mothbot_yolo11m_4500_imgsz1600_b1_2024-01-18.pt.jpg,ORDER_Lepidoptera,2025-01-27,02:49:05,,2025_01_27__02_49_05,MachineObservation,Cerro_Hoya_Expedition_Hoya_505m_prizeCrab_2025-01-26_2025-01-26,Cerro_Hoya_Expedition_Hoya_505m_prizeCrab_2025-01-26,prizeCrab_2025_01_27__02_49_05_HDR0.jpg,prizeCrab_2025_01_27__02_49_05_HDR0_1_Mothbot_yolo11m_4500_imgsz1600_b1_2024-01-18.pt.jpg
doi.org10.15468dl.6nxkw6.csv,Animalia,Arthropoda,Insecta,Coleoptera,,,,,1470,,Coleoptera,Coleoptera,Cerro_Hoya_Expedition_Hoya_505m_prizeCrab_2025-01-26,prizeCrab_2025_01_27__02_49_05_HDR0_2_Mothbot_yolo11m_4500_imgsz1600_b1_2024-01-18.pt.jpg,HS,Mothbot_yolo11m_4500_imgsz1600_b1_2024-01-18.pt,0.5459033250808716,,prizeCrab,Cerro_Hoya_Expedition/Hoya_505m_prizeCrab_2025-01-26/2025-01-26/patches/prizeCrab_2025_01_27__02_49_05_HDR0_2_Mothbot_yolo11m_4500_imgsz1600_b1_2024-01-18.pt.jpg,ORDER_Diptera,2025-01-27,02:49:05,,2025_01_27__02_49_05,MachineObservation,Cerro_Hoya_Expedition_Hoya_505m_prizeCrab_2025-01-26_2025-01-26,Cerro_Hoya_Expedition_Hoya_505m_prizeCrab_2025-01-26,prizeCrab_2025_01_27__02_49_05_HDR0.jpg,prizeCrab_2025_01_27__02_49_05_HDR0_2_Mothbot_yolo11m_4500_imgsz1600_b1_2024-01-18.pt.jpg
doi.org10.15468dl.6nxkw6.csv,Animalia,Arthropoda,Insecta,Hemiptera,Cicadellidae,,,,9647,,Cicadellidae,Cicadellidae,Cerro_Hoya_Expedition_Hoya_505m_prizeCrab_2025-01-26,prizeCrab_2025_01_27__02_49_05_HDR0_3_Mothbot_yolo11m_4500_imgsz1600_b1_2024-01-18.pt.jpg,HS,Mothbot_yolo11m_4500_imgsz1600_b1_2024-01-18.pt,0.4997818171977997,,prizeCrab,Cerro_Hoya_Expedition/Hoya_505m_prizeCrab_2025-01-26/2025-01-26/patches/prizeCrab_2025_01_27__02_49_05_HDR0_3_Mothbot_yolo11m_4500_imgsz1600_b1_2024-01-18.pt.jpg,ORDER_Diptera,2025-01-27,02:49:05,,2025_01_27__02_49_05,MachineObservation,Cerro_Hoya_Expedition_Hoya_505m_prizeCrab_2025-01-26_2025-01-26,Cerro_Hoya_Expedition_Hoya_505m_prizeCrab_2025-01-26,prizeCrab_2025_01_27__02_49_05_HDR0.jpg,prizeCrab_2025_01_27__02_49_05_HDR0_3_Mothbot_yolo11m_4500_imgsz1600_b1_2024-01-18.pt.jpg
doi.org10.15468dl.6nxkw6.csv,Animalia,Arthropoda,Insecta,Hemiptera,,,,,809,,Hemiptera,Hemiptera,Cerro_Hoya_Expedition_Hoya_505m_prizeCrab_2025-01-26,prizeCrab_2025_01_27__02_49_05_HDR0_4_Mothbot_yolo11m_4500_imgsz1600_b1_2024-01-18.pt.jpg,HS,Mothbot_yolo11m_4500_imgsz1600_b1_2024-01-18.pt,0.459337443113327,,prizeCrab,Cerro_Hoya_Expedition/Hoya_505m_prizeCrab_2025-01-26/2025-01-26/patches/prizeCrab_2025_01_27__02_49_05_HDR0_4_Mothbot_yolo11m_4500_imgsz1600_b1_2024-01-18.pt.jpg,ORDER_Hemiptera,2025-01-27,02:49:05,,2025_01_27__02_49_05,MachineObservation,Cerro_Hoya_Expedition_Hoya_505m_prizeCrab_2025-01-26_2025-01-26,Cerro_Hoya_Expedition_Hoya_505m_prizeCrab_2025-01-26,prizeCrab_2025_01_27__02_49_05_HDR0.jpg,prizeCrab_2025_01_27__02_49_05_HDR0_4_Mothbot_yolo11m_4500_imgsz1600_b1_2024-01-18.pt.jpg
doi.org10.15468dl.6nxkw6.csv,Animalia,Arthropoda,Insecta,Diptera,,,,,811,,Diptera,Diptera,Cerro_Hoya_Expedition_Hoya_505m_prizeCrab_2025-01-26,prizeCrab_2025_01_27__02_50_22_HDR0_0_Mothbot_yolo11m_4500_imgsz1600_b1_2024-01-18.pt.jpg,HS,Mothbot_yolo11m_4500_imgsz1600_b1_2024-01-18.pt,0.7878019213676453,,prizeCrab,Cerro_Hoya_Expedition/Hoya_505m_prizeCrab_2025-01-26/2025-01-26/patches/prizeCrab_2025_01_27__02_50_22_HDR0_0_Mothbot_yolo11m_4500_imgsz1600_b1_2024-01-18.pt.jpg,ORDER_Diptera,2025-01-27,02:50:22,,2025_01_27__02_50_22,MachineObservation,Cerro_Hoya_Expedition_Hoya_505m_prizeCrab_2025-01-26_2025-01-26,Cerro_Hoya_Expedition_Hoya_505m_prizeCrab_2025-01-26,prizeCrab_2025_01_27__02_50_22_HDR0.jpg,prizeCrab_2025_01_27__02_50_22_HDR0_0_Mothbot_yolo11m_4500_imgsz1600_b1_2024-01-18.pt.jpg
doi.org10.15468dl.6nxkw6.csv,Animalia,Arthropoda,Insecta,Coleoptera,,,,,1470,,Coleoptera,Coleoptera,Cerro_Hoya_Expedition_Hoya_505m_prizeCrab_2025-01-26,prizeCrab_2025_01_27__02_50_22_HDR0_1_Mothbot_yolo11m_4500_imgsz1600_b1_2024-01-18.pt.jpg,HS,Mothbot_yolo11m_4500_imgsz1600_b1_2024-01-18.pt,0.7195099592208862,,prizeCrab,Cerro_Hoya_Expedition/Hoya_505m_prizeCrab_2025-01-26/2025-01-26/patches/prizeCrab_2025_01_27__02_50_22_HDR0_1_Mothbot_yolo11m_4500_imgsz1600_b1_2024-01-18.pt.jpg,ORDER_Diptera,2025-01-27,02:50:22,,2025_01_27__02_50_22,MachineObservation,Cerro_Hoya_Expedition_Hoya_505m_prizeCrab_2025-01-26_2025-01-26,Cerro_Hoya_Expedition_Hoya_505m_prizeCrab_2025-01-26,prizeCrab_2025_01_27__02_50_22_HDR0.jpg,prizeCrab_2025_01_27__02_50_22_HDR0_1_Mothbot_yolo11m_4500_imgsz1600_b1_2024-01-18.pt.jpg
doi.org10.15468dl.6nxkw6.csv,Animalia,Arthropoda,Insecta,Lepidoptera,,,,,797,,Lepidoptera,Lepidoptera,Cerro_Hoya_Expedition_Hoya_505m_prizeCrab_2025-01-26,prizeCrab_2025_01_27__02_50_22_HDR0_2_Mothbot_yolo11m_4500_imgsz1600_b1_2024-01-18.pt.jpg,HS,Mothbot_yolo11m_4500_imgsz1600_b1_2024-01-18.pt,0.699268639087677,,prizeCrab,Cerro_Hoya_Expedition/Hoya_505m_prizeCrab_2025-01-26/2025-01-26/patches/prizeCrab_2025_01_27__02_50_22_HDR0_2_Mothbot_yolo11m_4500_imgsz1600_b1_2024-01-18.pt.jpg,ORDER_Lepidoptera,2025-01-27,02:50:22,,2025_01_27__02_50_22,MachineObservation,Cerro_Hoya_Expedition_Hoya_505m_prizeCrab_2025-01-26_2025-01-26,Cerro_Hoya_Expedition_Hoya_505m_prizeCrab_2025-01-26,prizeCrab_2025_01_27__02_50_22_HDR0.jpg,prizeCrab_2025_01_27__02_50_22_HDR0_2_Mothbot_yolo11m_4500_imgsz1600_b1_2024-01-18.pt.jpg
doi.org10.15468dl.6nxkw6.csv,Animalia,Arthropoda,Insecta,Hemiptera,,,,,809,,Hemiptera,Hemiptera,Cerro_Hoya_Expedition_Hoya_505m_prizeCrab_2025-01-26,prizeCrab_2025_01_27__02_50_22_HDR0_3_Mothbot_yolo11m_4500_imgsz1600_b1_2024-01-18.pt.jpg,HS,Mothbot_yolo11m_4500_imgsz1600_b1_2024-01-18.pt,0.5883950591087341,,prizeCrab,Cerro_Hoya_Expedition/Hoya_505m_prizeCrab_2025-01-26/2025-01-26/patches/prizeCrab_2025_01_27__02_50_22_HDR0_3_Mothbot_yolo11m_4500_imgsz1600_b1_2024-01-18.pt.jpg,ORDER_Hemiptera,2025-01-27,02:50:22,,2025_01_27__02_50_22,MachineObservation,Cerro_Hoya_Expedition_Hoya_505m_prizeCrab_2025-01-26_2025-01-26,Cerro_Hoya_Expedition_Hoya_505m_prizeCrab_2025-01-26,prizeCrab_2025_01_27__02_50_22_HDR0.jpg,prizeCrab_2025_01_27__02_50_22_HDR0_3_Mothbot_yolo11m_4500_imgsz1600_b1_2024-01-18.pt.jpg
,,,,,,,,,,,,ERROR,Cerro_Hoya_Expedition_Hoya_505m_prizeCrab_2025-01-26,prizeCrab_2025_01_27__02_50_22_HDR0_4_Mothbot_yolo11m_4500_imgsz1600_b1_2024-01-18.pt.jpg,HS,Mothbot_yolo11m_4500_imgsz1600_b1_2024-01-18.pt,0.5517687201499939,,prizeCrab,Cerro_Hoya_Expedition/Hoya_505m_prizeCrab_2025-01-26/2025-01-26/patches/prizeCrab_2025_01_27__02_50_22_HDR0_4_Mothbot_yolo11m_4500_imgsz1600_b1_2024-01-18.pt.jpg,ORDER_Coleoptera,2025-01-27,02:50:22,,2025_01_27__02_50_22,MachineObservation,Cerro_Hoya_Expedition_Hoya_505m_prizeCrab_2025-01-26_2025-01-26,Cerro_Hoya_Expedition_Hoya_505m_prizeCrab_2025-01-26,prizeCrab_2025_01_27__02_50_22_HDR0.jpg,prizeCrab_2025_01_27__02_50_22_HDR0_4_Mothbot_yolo11m_4500_imgsz1600_b1_2024-01-18.pt.jpg
doi.org10.15468dl.6nxkw6.csv,Animalia,Arthropoda,Insecta,Diptera,,,,,811,,Diptera,Diptera,Cerro_Hoya_Expedition_Hoya_505m_prizeCrab_2025-01-26,prizeCrab_2025_01_27__02_50_22_HDR0_5_Mothbot_yolo11m_4500_imgsz1600_b1_2024-01-18.pt.jpg,HS,Mothbot_yolo11m_4500_imgsz1600_b1_2024-01-18.pt,0.47488802671432495,,prizeCrab,Cerro_Hoya_Expedition/Hoya_505m_prizeCrab_2025-01-26/2025-01-26/patches/prizeCrab_2025_01_27__02_50_22_HDR0_5_Mothbot_yolo11m_4500_imgsz1600_b1_2024-01-18.pt.jpg,ORDER_Diptera,2025-01-27,02:50:22,,2025_01_27__02_50_22,MachineObservation,Cerro_Hoya_Expedition_Hoya_505m_prizeCrab_2025-01-26_2025-01-26,Cerro_Hoya_Expedition_Hoya_505m_prizeCrab_2025-01-26,prizeCrab_2025_01_27__02_50_22_HDR0.jpg,prizeCrab_2025_01_27__02_50_22_HDR0_5_Mothbot_yolo11m_4500_imgsz1600_b1_2024-01-18.pt.jpg
doi.org10.15468dl.6nxkw6.csv,Animalia,Arthropoda,Insecta,Hemiptera,,,,,809,,Hemiptera,Hemiptera,Cerro_Hoya_Expedition_Hoya_505m_prizeCrab_2025-01-26,prizeCrab_2025_01_27__02_50_22_HDR0_6_Mothbot_yolo11m_4500_imgsz1600_b1_2024-01-18.pt.jpg,HS,Mothbot_yolo11m_4500_imgsz1600_b1_2024-01-18.pt,0.3164672553539276,,prizeCrab,Cerro_Hoya_Expedition/Hoya_505m_prizeCrab_2025-01-26/2025-01-26/patches/prizeCrab_2025_01_27__02_50_22_HDR0_6_Mothbot_yolo11m_4500_imgsz1600_b1_2024-01-18.pt.jpg,ORDER_Coleoptera,2025-01-27,02:50:22,,2025_01_27__02_50_22,MachineObservation,Cerro_Hoya_Expedition_Hoya_505m_prizeCrab_2025-01-26_2025-01-26,Cerro_Hoya_Expedition_Hoya_505m_prizeCrab_2025-01-26,prizeCrab_2025_01_27__02_50_22_HDR0.jpg,prizeCrab_2025_01_27__02_50_22_HDR0_6_Mothbot_yolo11m_4500_imgsz1600_b1_2024-01-18.pt.jpg
doi.org10.15468dl.6nxkw6.csv,Animalia,Arthropoda,Insecta,Lepidoptera,,,,,797,,Lepidoptera,Lepidoptera,Cerro_Hoya_Expedition_Hoya_505m_prizeCrab_2025-01-26,prizeCrab_2025_01_27__02_51_06_HDR0_0_Mothbot_yolo11m_4500_imgsz1600_b1_2024-01-18.pt.jpg,HS,Mothbot_yolo11m_4500_imgsz1600_b1_2024-01-18.pt,0.8098457455635071,,prizeCrab,Cerro_Hoya_Expedition/Hoya_505m_prizeCrab_2025-01-26/2025-01-26/patches/prizeCrab_2025_01_27__02_51_06_HDR0_0_Mothbot_yolo11m_4500_imgsz1600_b1_2024-01-18.pt.jpg,ORDER_Lepidoptera,2025-01-27,02:51:06,,2025_01_27__02_51_06,MachineObservation,Cerro_Hoya_Expedition_Hoya_505m_prizeCrab_2025-01-26_2025-01-26,Cerro_Hoya_Expedition_Hoya_505m_prizeCrab_2025-01-26,prizeCrab_2025_01_27__02_51_06_HDR0.jpg,prizeCrab_2025_01_27__02_51_06_HDR0_0_Mothbot_yolo11m_4500_imgsz1600_b1_2024-01-18.pt.jpg
doi.org10.15468dl.6nxkw6.csv,Animalia,Arthropoda,Insecta,Coleoptera,,,,,1470,,Coleoptera,Coleoptera,Cerro_Hoya_Expedition_Hoya_505m_prizeCrab_2025-01-26,prizeCrab_2025_01_27__02_51_06_HDR0_1_Mothbot_yolo11m_4500_imgsz1600_b1_2024-01-18.pt.jpg,HS,Mothbot_yolo11m_4500_imgsz1600_b1_2024-01-18.pt,0.7141252160072327,,prizeCrab,Cerro_Hoya_Expedition/Hoya_505m_prizeCrab_2025-01-26/2025-01-26/patches/prizeCrab_2025_01_27__02_51_06_HDR0_1_Mothbot_yolo11m_4500_imgsz1600_b1_2024-01-18.pt.jpg,ORDER_Diptera,2025-01-27,02:51:06,,2025_01_27__02_51_06,MachineObservation,Cerro_Hoya_Expedition_Hoya_505m_prizeCrab_2025-01-26_2025-01-26,Cerro_Hoya_Expedition_Hoya_505m_prizeCrab_2025-01-26,prizeCrab_2025_01_27__02_51_06_HDR0.jpg,prizeCrab_2025_01_27__02_51_06_HDR0_1_Mothbot_yolo11m_4500_imgsz1600_b1_2024-01-18.pt.jpg
doi.org10.15468dl.6nxkw6.csv,Animalia,Arthropoda,Insecta,Hemiptera,,,,,809,,Hemiptera,Hemiptera,Cerro_Hoya_Expedition_Hoya_505m_prizeCrab_2025-01-26,prizeCrab_2025_01_27__02_51_06_HDR0_2_Mothbot_yolo11m_4500_imgsz1600_b1_2024-01-18.pt.jpg,HS,Mothbot_yolo11m_4500_imgsz1600_b1_2024-01-18.pt,0.6817975640296936,,prizeCrab,Cerro_Hoya_Expedition/Hoya_505m_prizeCrab_2025-01-26/2025-01-26/patches/prizeCrab_2025_01_27__02_51_06_HDR0_2_Mothbot_yolo11m_4500_imgsz1600_b1_2024-01-18.pt.jpg,ORDER_Hemiptera,2025-01-27,02:51:06,,2025_01_27__02_51_06,MachineObservation,Cerro_Hoya_Expedition_Hoya_505m_prizeCrab_2025-01-26_2025-01-26,Cerro_Hoya_Expedition_Hoya_505m_prizeCrab_2025-01-26,prizeCrab_2025_01_27__02_51_06_HDR0.jpg,prizeCrab_2025_01_27__02_51_06_HDR0_2_Mothbot_yolo11m_4500_imgsz1600_b1_2024-01-18.pt.jpg
doi.org10.15468dl.6nxkw6.csv,Animalia,Arthropoda,Insecta,Lepidoptera,Geometridae,,,,6950,,Geometridae,Geometridae,Cerro_Hoya_Expedition_Hoya_505m_prizeCrab_2025-01-26,prizeCrab_2025_01_27__02_51_06_HDR0_3_Mothbot_yolo11m_4500_imgsz1600_b1_2024-01-18.pt.jpg,HS,Mothbot_yolo11m_4500_imgsz1600_b1_2024-01-18.pt,0.643018364906311,,prizeCrab,Cerro_Hoya_Expedition/Hoya_505m_prizeCrab_2025-01-26/2025-01-26/patches/prizeCrab_2025_01_27__02_51_06_HDR0_3_Mothbot_yolo11m_4500_imgsz1600_b1_2024-01-18.pt.jpg,ORDER_Lepidoptera,2025-01-27,02:51:06,,2025_01_27__02_51_06,MachineObservation,Cerro_Hoya_Expedition_Hoya_505m_prizeCrab_2025-01-26_2025-01-26,Cerro_Hoya_Expedition_Hoya_505m_prizeCrab_2025-01-26,prizeCrab_2025_01_27__02_51_06_HDR0.jpg,prizeCrab_2025_01_27__02_51_06_HDR0_3_Mothbot_yolo11m_4500_imgsz1600_b1_2024-01-18.pt.jpg
doi.org10.15468dl.6nxkw6.csv,Animalia,Arthropoda,Insecta,Hemiptera,,,,,809,,Hemiptera,Hemiptera,Cerro_Hoya_Expedition_Hoya_505m_prizeCrab_2025-01-26,prizeCrab_2025_01_27__02_51_06_HDR0_4_Mothbot_yolo11m_4500_imgsz1600_b1_2024-01-18.pt.jpg,HS,Mothbot_yolo11m_4500_imgsz1600_b1_2024-01-18.pt,0.5350808501243591,,prizeCrab,Cerro_Hoya_Expedition/Hoya_505m_prizeCrab_2025-01-26/2025-01-26/patches/prizeCrab_2025_01_27__02_51_06_HDR0_4_Mothbot_yolo11m_4500_imgsz1600_b1_2024-01-18.pt.jpg,ORDER_Hemiptera,2025-01-27,02:51:06,,2025_01_27__02_51_06,MachineObservation,Cerro_Hoya_Expedition_Hoya_505m_prizeCrab_2025-01-26_2025-01-26,Cerro_Hoya_Expedition_Hoya_505m_prizeCrab_2025-01-26,prizeCrab_2025_01_27__02_51_06_HDR0.jpg,prizeCrab_2025_01_27__02_51_06_HDR0_4_Mothbot_yolo11m_4500_imgsz1600_b1_2024-01-18.pt.jpg
doi.org10.15468dl.6nxkw6.csv,Animalia,Arthropoda,Insecta,Hemiptera,Cicadellidae,,,,9647,,Cicadellidae,Cicadellidae,Cerro_Hoya_Expedition_Hoya_505m_prizeCrab_2025-01-26,prizeCrab_2025_01_27__02_51_06_HDR0_5_Mothbot_yolo11m_4500_imgsz1600_b1_2024-01-18.pt.jpg,HS,Mothbot_yolo11m_4500_imgsz1600_b1_2024-01-18.pt,0.34421467781066895,,prizeCrab,Cerro_Hoya_Expedition/Hoya_505m_prizeCrab_2025-01-26/2025-01-26/patches/prizeCrab_2025_01_27__02_51_06_HDR0_5_Mothbot_yolo11m_4500_imgsz1600_b1_2024-01-18.pt.jpg,ORDER_Diptera,2025-01-27,02:51:06,,2025_01_27__02_51_06,MachineObservation,Cerro_Hoya_Expedition_Hoya_505m_prizeCrab_2025-01-26_2025-01-26,Cerro_Hoya_Expedition_Hoya_505m_prizeCrab_2025-01-26,prizeCrab_2025_01_27__02_51_06_HDR0.jpg,prizeCrab_2025_01_27__02_51_06_HDR0_5_Mothbot_yolo11m_4500_imgsz1600_b1_2024-01-18.pt.jpg
doi.org10.15468dl.6nxkw6.csv,Animalia,Arthropoda,Insecta,Lepidoptera,,,,,797,,Lepidoptera,Lepidoptera,Cerro_Hoya_Expedition_Hoya_505m_prizeCrab_2025-01-26,prizeCrab_2025_01_27__02_51_06_HDR0_6_Mothbot_yolo11m_4500_imgsz1600_b1_2024-01-18.pt.jpg,HS,Mothbot_yolo11m_4500_imgsz1600_b1_2024-01-18.pt,0.3190414011478424,,prizeCrab,Cerro_Hoya_Expedition/Hoya_505m_prizeCrab_2025-01-26/2025-01-26/patches/prizeCrab_2025_01_27__02_51_06_HDR0_6_Mothbot_yolo11m_4500_imgsz1600_b1_2024-01-18.pt.jpg,ORDER_Lepidoptera,2025-01-27,02:51:06,,2025_01_27__02_51_06,MachineObservation,Cerro_Hoya_Expedition_Hoya_505m_prizeCrab_2025-01-26_2025-01-26,Cerro_Hoya_Expedition_Hoya_505m_prizeCrab_2025-01-26,prizeCrab_2025_01_27__02_51_06_HDR0.jpg,prizeCrab_2025_01_27__02_51_06_HDR0_6_Mothbot_yolo11m_4500_imgsz1600_b1_2024-01-18.pt.jpg
doi.org10.15468dl.6nxkw6.csv,Animalia,Arthropoda,Insecta,Coleoptera,,,,,1470,,Coleoptera,Coleoptera,Cerro_Hoya_Expedition_Hoya_505m_prizeCrab_2025-01-26,prizeCrab_2025_01_27__02_52_06_HDR0_0_Mothbot_yolo11m_4500_imgsz1600_b1_2024-01-18.pt.jpg,HS,Mothbot_yolo11m_4500_imgsz1600_b1_2024-01-18.pt,0.6685498356819153,,prizeCrab,Cerro_Hoya_Expedition/Hoya_505m_prizeCrab_2025-01-26/2025-01-26/patches/prizeCrab_2025_01_27__02_52_06_HDR0_0_Mothbot_yolo11m_4500_imgsz1600_b1_2024-01-18.pt.jpg,ORDER_Diptera,2025-01-27,02:52:06,,2025_01_27__02_52_06,MachineObservation,Cerro_Hoya_Expedition_Hoya_505m_prizeCrab_2025-01-26_2025-01-26,Cerro_Hoya_Expedition_Hoya_505m_prizeCrab_2025-01-26,prizeCrab_2025_01_27__02_52_06_HDR0.jpg,prizeCrab_2025_01_27__02_52_06_HDR0_0_Mothbot_yolo11m_4500_imgsz1600_b1_2024-01-18.pt.jpg
doi.org10.15468dl.6nxkw6.csv,Animalia,Arthropoda,Insecta,Lepidoptera,Geometridae,,,,6950,,Geometridae,Geometridae,Cerro_Hoya_Expedition_Hoya_505m_prizeCrab_2025-01-26,prizeCrab_2025_01_27__02_52_06_HDR0_1_Mothbot_yolo11m_4500_imgsz1600_b1_2024-01-18.pt.jpg,HS,Mothbot_yolo11m_4500_imgsz1600_b1_2024-01-18.pt,0.6643623113632202,,prizeCrab,Cerro_Hoya_Expedition/Hoya_505m_prizeCrab_2025-01-26/2025-01-26/patches/prizeCrab_2025_01_27__02_52_06_HDR0_1_Mothbot_yolo11m_4500_imgsz1600_b1_2024-01-18.pt.jpg,ORDER_Lepidoptera,2025-01-27,02:52:06,,2025_01_27__02_52_06,MachineObservation,Cerro_Hoya_Expedition_Hoya_505m_prizeCrab_2025-01-26_2025-01-26,Cerro_Hoya_Expedition_Hoya_505m_prizeCrab_2025-01-26,prizeCrab_2025_01_27__02_52_06_HDR0.jpg,prizeCrab_2025_01_27__02_52_06_HDR0_1_Mothbot_yolo11m_4500_imgsz1600_b1_2024-01-18.pt.jpg
doi.org10.15468dl.6nxkw6.csv,Animalia,Arthropoda,Insecta,Hemiptera,,,,,809,,Hemiptera,Hemiptera,Cerro_Hoya_Expedition_Hoya_505m_prizeCrab_2025-01-26,prizeCrab_2025_01_27__02_52_06_HDR0_2_Mothbot_yolo11m_4500_imgsz1600_b1_2024-01-18.pt.jpg,HS,Mothbot_yolo11m_4500_imgsz1600_b1_2024-01-18.pt,0.6602553725242615,,prizeCrab,Cerro_Hoya_Expedition/Hoya_505m_prizeCrab_2025-01-26/2025-01-26/patches/prizeCrab_2025_01_27__02_52_06_HDR0_2_Mothbot_yolo11m_4500_imgsz1600_b1_2024-01-18.pt.jpg,ORDER_Hemiptera,2025-01-27,02:52:06,,2025_01_27__02_52_06,MachineObservation,Cerro_Hoya_Expedition_Hoya_505m_prizeCrab_2025-01-26_2025-01-26,Cerro_Hoya_Expedition_Hoya_505m_prizeCrab_2025-01-26,prizeCrab_2025_01_27__02_52_06_HDR0.jpg,prizeCrab_2025_01_27__02_52_06_HDR0_2_Mothbot_yolo11m_4500_imgsz1600_b1_2024-01-18.pt.jpg
doi.org10.15468dl.6nxkw6.csv,Animalia,Arthropoda,Insecta,Diptera,,,,,811,,Diptera,Diptera,Cerro_Hoya_Expedition_Hoya_505m_prizeCrab_2025-01-26,prizeCrab_2025_01_27__02_52_06_HDR0_3_Mothbot_yolo11m_4500_imgsz1600_b1_2024-01-18.pt.jpg,HS,Mothbot_yolo11m_4500_imgsz1600_b1_2024-01-18.pt,0.6387549638748169,,prizeCrab,Cerro_Hoya_Expedition/Hoya_505m_prizeCrab_2025-01-26/2025-01-26/patches/prizeCrab_2025_01_27__02_52_06_HDR0_3_Mothbot_yolo11m_4500_imgsz1600_b1_2024-01-18.pt.jpg,ORDER_Diptera,2025-01-27,02:52:06,,2025_01_27__02_52_06,MachineObservation,Cerro_Hoya_Expedition_Hoya_505m_prizeCrab_2025-01-26_2025-01-26,Cerro_Hoya_Expedition_Hoya_505m_prizeCrab_2025-01-26,prizeCrab_2025_01_27__02_52_06_HDR0.jpg,prizeCrab_2025_01_27__02_52_06_HDR0_3_Mothbot_yolo11m_4500_imgsz1600_b1_2024-01-18.pt.jpg
doi.org10.15468dl.6nxkw6.csv,Animalia,Arthropoda,Insecta,Lepidoptera,,,,,797,,Lepidoptera,Lepidoptera,Cerro_Hoya_Expedition_Hoya_505m_prizeCrab_2025-01-26,prizeCrab_2025_01_27__02_52_06_HDR0_4_Mothbot_yolo11m_4500_imgsz1600_b1_2024-01-18.pt.jpg,HS,Mothbot_yolo11m_4500_imgsz1600_b1_2024-01-18.pt,0.5920794606208801,,prizeCrab,Cerro_Hoya_Expedition/Hoya_505m_prizeCrab_2025-01-26/2025-01-26/patches/prizeCrab_2025_01_27__02_52_06_HDR0_4_Mothbot_yolo11m_4500_imgsz1600_b1_2024-01-18.pt.jpg,ORDER_Lepidoptera,2025-01-27,02:52:06,,2025_01_27__02_52_06,MachineObservation,Cerro_Hoya_Expedition_Hoya_505m_prizeCrab_2025-01-26_2025-01-26,Cerro_Hoya_Expedition_Hoya_505m_prizeCrab_2025-01-26,prizeCrab_2025_01_27__02_52_06_HDR0.jpg,prizeCrab_2025_01_27__02_52_06_HDR0_4_Mothbot_yolo11m_4500_imgsz1600_b1_2024-01-18.pt.jpg
doi.org10.15468dl.6nxkw6.csv,Animalia,Arthropoda,Insecta,Lepidoptera,,,,,797,,Lepidoptera,Lepidoptera,Cerro_Hoya_Expedition_Hoya_505m_prizeCrab_2025-01-26,prizeCrab_2025_01_27__02_52_06_HDR0_5_Mothbot_yolo11m_4500_imgsz1600_b1_2024-01-18.pt.jpg,HS,Mothbot_yolo11m_4500_imgsz1600_b1_2024-01-18.pt,0.5754400491714478,,prizeCrab,Cerro_Hoya_Expedition/Hoya_505m_prizeCrab_2025-01-26/2025-01-26/patches/prizeCrab_2025_01_27__02_52_06_HDR0_5_Mothbot_yolo11m_4500_imgsz1600_b1_2024-01-18.pt.jpg,ORDER_Lepidoptera,2025-01-27,02:52:06,,2025_01_27__02_52_06,MachineObservation,Cerro_Hoya_Expedition_Hoya_505m_prizeCrab_2025-01-26_2025-01-26,Cerro_Hoya_Expedition_Hoya_505m_prizeCrab_2025-01-26,prizeCrab_2025_01_27__02_52_06_HDR0.jpg,prizeCrab_2025_01_27__02_52_06_HDR0_5_Mothbot_yolo11m_4500_imgsz1600_b1_2024-01-18.pt.jpg
doi.org10.15468dl.6nxkw6.csv,Animalia,Arthropoda,Insecta,Hemiptera,Cicadellidae,,,,9647,,Cicadellidae,Cicadellidae,Cerro_Hoya_Expedition_Hoya_505m_prizeCrab_2025-01-26,prizeCrab_2025_01_27__02_52_06_HDR0_6_Mothbot_yolo11m_4500_imgsz1600_b1_2024-01-18.pt.jpg,HS,Mothbot_yolo11m_4500_imgsz1600_b1_2024-01-18.pt,0.5382426381111145,,prizeCrab,Cerro_Hoya_Expedition/Hoya_505m_prizeCrab_2025-01-26/2025-01-26/patches/prizeCrab_2025_01_27__02_52_06_HDR0_6_Mothbot_yolo11m_4500_imgsz1600_b1_2024-01-18.pt.jpg,ORDER_Diptera,2025-01-27,02:52:06,,2025_01_27__02_52_06,MachineObservation,Cerro_Hoya_Expedition_Hoya_505m_prizeCrab_2025-01-26_2025-01-26,Cerro_Hoya_Expedition_Hoya_505m_prizeCrab_2025-01-26,prizeCrab_2025_01_27__02_52_06_HDR0.jpg,prizeCrab_2025_01_27__02_52_06_HDR0_6_Mothbot_yolo11m_4500_imgsz1600_b1_2024-01-18.pt.jpg
doi.org10.15468dl.6nxkw6.csv,Animalia,Arthropoda,Insecta,Diptera,,,,,811,,Diptera,Diptera,Cerro_Hoya_Expedition_Hoya_505m_prizeCrab_2025-01-26,prizeCrab_2025_01_27__02_52_06_HDR0_7_Mothbot_yolo11m_4500_imgsz1600_b1_2024-01-18.pt.jpg,HS,Mothbot_yolo11m_4500_imgsz1600_b1_2024-01-18.pt,0.30713754892349243,,prizeCrab,Cerro_Hoya_Expedition/Hoya_505m_prizeCrab_2025-01-26/2025-01-26/patches/prizeCrab_2025_01_27__02_52_06_HDR0_7_Mothbot_yolo11m_4500_imgsz1600_b1_2024-01-18.pt.jpg,ORDER_Diptera,2025-01-27,02:52:06,,2025_01_27__02_52_06,MachineObservation,Cerro_Hoya_Expedition_Hoya_505m_prizeCrab_2025-01-26_2025-01-26,Cerro_Hoya_Expedition_Hoya_505m_prizeCrab_2025-01-26,prizeCrab_2025_01_27__02_52_06_HDR0.jpg,prizeCrab_2025_01_27__02_52_06_HDR0_7_Mothbot_yolo11m_4500_imgsz1600_b1_2024-01-18.pt.jpg
doi.org10.15468dl.6nxkw6.csv,Animalia,Arthropoda,Insecta,Lepidoptera,,,,,797,,Lepidoptera,Lepidoptera,Cerro_Hoya_Expedition_Hoya_505m_prizeCrab_2025-01-26,prizeCrab_2025_01_27__02_52_06_HDR0_8_Mothbot_yolo11m_4500_imgsz1600_b1_2024-01-18.pt.jpg,HS,Mothbot_yolo11m_4500_imgsz1600_b1_2024-01-18.pt,0.3033578097820282,,prizeCrab,Cerro_Hoya_Expedition/Hoya_505m_prizeCrab_2025-01-26/2025-01-26/patches/prizeCrab_2025_01_27__02_52_06_HDR0_8_Mothbot_yolo11m_4500_imgsz1600_b1_2024-01-18.pt.jpg,ORDER_Hemiptera,2025-01-27,02:52:06,,2025_01_27__02_52_06,MachineObservation,Cerro_Hoya_Expedition_Hoya_505m_prizeCrab_2025-01-26_2025-01-26,Cerro_Hoya_Expedition_Hoya_505m_prizeCrab_2025-01-26,prizeCrab_2025_01_27__02_52_06_HDR0.jpg,prizeCrab_2025_01_27__02_52_06_HDR0_8_Mothbot_yolo11m_4500_imgsz1600_b1_2024-01-18.pt.jpg
doi.org10.15468dl.6nxkw6.csv,Animalia,Arthropoda,Insecta,Lepidoptera,,,,,797,,Lepidoptera,Lepidoptera,Cerro_Hoya_Expedition_Hoya_505m_prizeCrab_2025-01-26,prizeCrab_2025_01_27__02_53_06_HDR0_0_Mothbot_yolo11m_4500_imgsz1600_b1_2024-01-18.pt.jpg,HS,Mothbot_yolo11m_4500_imgsz1600_b1_2024-01-18.pt,0.8220619559288025,,prizeCrab,Cerro_Hoya_Expedition/Hoya_505m_prizeCrab_2025-01-26/2025-01-26/patches/prizeCrab_2025_01_27__02_53_06_HDR0_0_Mothbot_yolo11m_4500_imgsz1600_b1_2024-01-18.pt.jpg,ORDER_Diptera,2025-01-27,02:53:06,,2025_01_27__02_53_06,MachineObservation,Cerro_Hoya_Expedition_Hoya_505m_prizeCrab_2025-01-26_2025-01-26,Cerro_Hoya_Expedition_Hoya_505m_prizeCrab_2025-01-26,prizeCrab_2025_01_27__02_53_06_HDR0.jpg,prizeCrab_2025_01_27__02_53_06_HDR0_0_Mothbot_yolo11m_4500_imgsz1600_b1_2024-01-18.pt.jpg
doi.org10.15468dl.6nxkw6.csv,Animalia,Arthropoda,Insecta,Coleoptera,,,,,1470,,Coleoptera,Coleoptera,Cerro_Hoya_Expedition_Hoya_505m_prizeCrab_2025-01-26,prizeCrab_2025_01_27__02_53_06_HDR0_1_Mothbot_yolo11m_4500_imgsz1600_b1_2024-01-18.pt.jpg,HS,Mothbot_yolo11m_4500_imgsz1600_b1_2024-01-18.pt,0.6536765694618225,,prizeCrab,Cerro_Hoya_Expedition/Hoya_505m_prizeCrab_2025-01-26/2025-01-26/patches/prizeCrab_2025_01_27__02_53_06_HDR0_1_Mothbot_yolo11m_4500_imgsz1600_b1_2024-01-18.pt.jpg,ORDER_Diptera,2025-01-27,02:53:06,,2025_01_27__02_53_06,MachineObservation,Cerro_Hoya_Expedition_Hoya_505m_prizeCrab_2025-01-26_2025-01-26,Cerro_Hoya_Expedition_Hoya_505m_prizeCrab_2025-01-26,prizeCrab_2025_01_27__02_53_06_HDR0.jpg,prizeCrab_2025_01_27__02_53_06_HDR0_1_Mothbot_yolo11m_4500_imgsz1600_b1_2024-01-18.pt.jpg
doi.org10.15468dl.6nxkw6.csv,Animalia,Arthropoda,Insecta,Lepidoptera,Geometridae,,,,6950,,Geometridae,Geometridae,Cerro_Hoya_Expedition_Hoya_505m_prizeCrab_2025-01-26,prizeCrab_2025_01_27__02_53_06_HDR0_2_Mothbot_yolo11m_4500_imgsz1600_b1_2024-01-18.pt.jpg,HS,Mothbot_yolo11m_4500_imgsz1600_b1_2024-01-18.pt,0.6300386190414429,,prizeCrab,Cerro_Hoya_Expedition/Hoya_505m_prizeCrab_2025-01-26/2025-01-26/patches/prizeCrab_2025_01_27__02_53_06_HDR0_2_Mothbot_yolo11m_4500_imgsz1600_b1_2024-01-18.pt.jpg,ORDER_Lepidoptera,2025-01-27,02:53:06,,2025_01_27__02_53_06,MachineObservation,Cerro_Hoya_Expedition_Hoya_505m_prizeCrab_2025-01-26_2025-01-26,Cerro_Hoya_Expedition_Hoya_505m_prizeCrab_2025-01-26,prizeCrab_2025_01_27__02_53_06_HDR0.jpg,prizeCrab_2025_01_27__02_53_06_HDR0_2_Mothbot_yolo11m_4500_imgsz1600_b1_2024-01-18.pt.jpg
doi.org10.15468dl.6nxkw6.csv,Animalia,Arthropoda,Insecta,Hemiptera,,,,,809,,Hemiptera,Hemiptera,Cerro_Hoya_Expedition_Hoya_505m_prizeCrab_2025-01-26,prizeCrab_2025_01_27__02_53_06_HDR0_3_Mothbot_yolo11m_4500_imgsz1600_b1_2024-01-18.pt.jpg,HS,Mothbot_yolo11m_4500_imgsz1600_b1_2024-01-18.pt,0.6271948218345642,,prizeCrab,Cerro_Hoya_Expedition/Hoya_505m_prizeCrab_2025-01-26/2025-01-26/patches/prizeCrab_2025_01_27__02_53_06_HDR0_3_Mothbot_yolo11m_4500_imgsz1600_b1_2024-01-18.pt.jpg,ORDER_Diptera,2025-01-27,02:53:06,,2025_01_27__02_53_06,MachineObservation,Cerro_Hoya_Expedition_Hoya_505m_prizeCrab_2025-01-26_2025-01-26,Cerro_Hoya_Expedition_Hoya_505m_prizeCrab_2025-01-26,prizeCrab_2025_01_27__02_53_06_HDR0.jpg,prizeCrab_2025_01_27__02_53_06_HDR0_3_Mothbot_yolo11m_4500_imgsz1600_b1_2024-01-18.pt.jpg
doi.org10.15468dl.6nxkw6.csv,Animalia,Arthropoda,Insecta,Diptera,,,,,811,,Diptera,Diptera,Cerro_Hoya_Expedition_Hoya_505m_prizeCrab_2025-01-26,prizeCrab_2025_01_27__02_53_06_HDR0_4_Mothbot_yolo11m_4500_imgsz1600_b1_2024-01-18.pt.jpg,HS,Mothbot_yolo11m_4500_imgsz1600_b1_2024-01-18.pt,0.619284451007843,,prizeCrab,Cerro_Hoya_Expedition/Hoya_505m_prizeCrab_2025-01-26/2025-01-26/patches/prizeCrab_2025_01_27__02_53_06_HDR0_4_Mothbot_yolo11m_4500_imgsz1600_b1_2024-01-18.pt.jpg,ORDER_Diptera,2025-01-27,02:53:06,,2025_01_27__02_53_06,MachineObservation,Cerro_Hoya_Expedition_Hoya_505m_prizeCrab_2025-01-26_2025-01-26,Cerro_Hoya_Expedition_Hoya_505m_prizeCrab_2025-01-26,prizeCrab_2025_01_27__02_53_06_HDR0.jpg,prizeCrab_2025_01_27__02_53_06_HDR0_4_Mothbot_yolo11m_4500_imgsz1600_b1_2024-01-18.pt.jpg
doi.org10.15468dl.6nxkw6.csv,Animalia,Arthropoda,Insecta,Diptera,,,,,811,,Diptera,Diptera,Cerro_Hoya_Expedition_Hoya_505m_prizeCrab_2025-01-26,prizeCrab_2025_01_27__02_53_06_HDR0_5_Mothbot_yolo11m_4500_imgsz1600_b1_2024-01-18.pt.jpg,HS,Mothbot_yolo11m_4500_imgsz1600_b1_2024-01-18.pt,0.5208334922790527,,prizeCrab,Cerro_Hoya_Expedition/Hoya_505m_prizeCrab_2025-01-26/2025-01-26/patches/prizeCrab_2025_01_27__02_53_06_HDR0_5_Mothbot_yolo11m_4500_imgsz1600_b1_2024-01-18.pt.jpg,ORDER_Psocodea,2025-01-27,02:53:06,,2025_01_27__02_53_06,MachineObservation,Cerro_Hoya_Expedition_Hoya_505m_prizeCrab_2025-01-26_2025-01-26,Cerro_Hoya_Expedition_Hoya_505m_prizeCrab_2025-01-26,prizeCrab_2025_01_27__02_53_06_HDR0.jpg,prizeCrab_2025_01_27__02_53_06_HDR0_5_Mothbot_yolo11m_4500_imgsz1600_b1_2024-01-18.pt.jpg
doi.org10.15468dl.6nxkw6.csv,Animalia,Arthropoda,Insecta,Lepidoptera,,,,,797,,Lepidoptera,Lepidoptera,Cerro_Hoya_Expedition_Hoya_505m_prizeCrab_2025-01-26,prizeCrab_2025_01_27__02_53_06_HDR0_6_Mothbot_yolo11m_4500_imgsz1600_b1_2024-01-18.pt.jpg,HS,Mothbot_yolo11m_4500_imgsz1600_b1_2024-01-18.pt,0.46290111541748047,,prizeCrab,Cerro_Hoya_Expedition/Hoya_505m_prizeCrab_2025-01-26/2025-01-26/patches/prizeCrab_2025_01_27__02_53_06_HDR0_6_Mothbot_yolo11m_4500_imgsz1600_b1_2024-01-18.pt.jpg,ORDER_Lepidoptera,2025-01-27,02:53:06,,2025_01_27__02_53_06,MachineObservation,Cerro_Hoya_Expedition_Hoya_505m_prizeCrab_2025-01-26_2025-01-26,Cerro_Hoya_Expedition_Hoya_505m_prizeCrab_2025-01-26,prizeCrab_2025_01_27__02_53_06_HDR0.jpg,prizeCrab_2025_01_27__02_53_06_HDR0_6_Mothbot_yolo11m_4500_imgsz1600_b1_2024-01-18.pt.jpg
doi.org10.15468dl.6nxkw6.csv,Animalia,Arthropoda,Insecta,Hemiptera,Cicadellidae,,,,9647,,Cicadellidae,Cicadellidae,Cerro_Hoya_Expedition_Hoya_505m_prizeCrab_2025-01-26,prizeCrab_2025_01_27__02_53_06_HDR0_7_Mothbot_yolo11m_4500_imgsz1600_b1_2024-01-18.pt.jpg,HS,Mothbot_yolo11m_4500_imgsz1600_b1_2024-01-18.pt,0.380344957113266,,prizeCrab,Cerro_Hoya_Expedition/Hoya_505m_prizeCrab_2025-01-26/2025-01-26/patches/prizeCrab_2025_01_27__02_53_06_HDR0_7_Mothbot_yolo11m_4500_imgsz1600_b1_2024-01-18.pt.jpg,ORDER_Hemiptera,2025-01-27,02:53:06,,2025_01_27__02_53_06,MachineObservation,Cerro_Hoya_Expedition_Hoya_505m_prizeCrab_2025-01-26_2025-01-26,Cerro_Hoya_Expedition_Hoya_505m_prizeCrab_2025-01-26,prizeCrab_2025_01_27__02_53_06_HDR0.jpg,prizeCrab_2025_01_27__02_53_06_HDR0_7_Mothbot_yolo11m_4500_imgsz1600_b1_2024-01-18.pt.jpg
doi.org10.15468dl.6nxkw6.csv,Animalia,Arthropoda,Insecta,Lepidoptera,,,,,797,,Lepidoptera,Lepidoptera,Cerro_Hoya_Expedition_Hoya_505m_prizeCrab_2025-01-26,prizeCrab_2025_01_27__02_53_06_HDR0_8_Mothbot_yolo11m_4500_imgsz1600_b1_2024-01-18.pt.jpg,HS,Mothbot_yolo11m_4500_imgsz1600_b1_2024-01-18.pt,0.25262731313705444,,prizeCrab,Cerro_Hoya_Expedition/Hoya_505m_prizeCrab_2025-01-26/2025-01-26/patches/prizeCrab_2025_01_27__02_53_06_HDR0_8_Mothbot_yolo11m_4500_imgsz1600_b1_2024-01-18.pt.jpg,ORDER_Psocodea,2025-01-27,02:53:06,,2025_01_27__02_53_06,MachineObservation,Cerro_Hoya_Expedition_Hoya_505m_prizeCrab_2025-01-26_2025-01-26,Cerro_Hoya_Expedition_Hoya_505m_prizeCrab_2025-01-26,prizeCrab_2025_01_27__02_53_06_HDR0.jpg,prizeCrab_2025_01_27__02_53_06_HDR0_8_Mothbot_yolo11m_4500_imgsz1600_b1_2024-01-18.pt.jpg
doi.org10.15468dl.6nxkw6.csv,Animalia,Arthropoda,Insecta,Lepidoptera,,,,,797,,Lepidoptera,Lepidoptera,Cerro_Hoya_Expedition_Hoya_505m_prizeCrab_2025-01-26,prizeCrab_2025_01_27__02_54_06_HDR0_0_Mothbot_yolo11m_4500_imgsz1600_b1_2024-01-18.pt.jpg,HS,Mothbot_yolo11m_4500_imgsz1600_b1_2024-01-18.pt,0.8484809398651123,,prizeCrab,Cerro_Hoya_Expedition/Hoya_505m_prizeCrab_2025-01-26/2025-01-26/patches/prizeCrab_2025_01_27__02_54_06_HDR0_0_Mothbot_yolo11m_4500_imgsz1600_b1_2024-01-18.pt.jpg,ORDER_Lepidoptera,2025-01-27,02:54:06,,2025_01_27__02_54_06,MachineObservation,Cerro_Hoya_Expedition_Hoya_505m_prizeCrab_2025-01-26_2025-01-26,Cerro_Hoya_Expedition_Hoya_505m_prizeCrab_2025-01-26,prizeCrab_2025_01_27__02_54_06_HDR0.jpg,prizeCrab_2025_01_27__02_54_06_HDR0_0_Mothbot_yolo11m_4500_imgsz1600_b1_2024-01-18.pt.jpg
doi.org10.15468dl.6nxkw6.csv,Animalia,Arthropoda,Insecta,Hemiptera,Cicadellidae,,,,9647,,Cicadellidae,Cicadellidae,Cerro_Hoya_Expedition_Hoya_505m_prizeCrab_2025-01-26,prizeCrab_2025_01_27__02_54_06_HDR0_1_Mothbot_yolo11m_4500_imgsz1600_b1_2024-01-18.pt.jpg,HS,Mothbot_yolo11m_4500_imgsz1600_b1_2024-01-18.pt,0.6865684986114502,,prizeCrab,Cerro_Hoya_Expedition/Hoya_505m_prizeCrab_2025-01-26/2025-01-26/patches/prizeCrab_2025_01_27__02_54_06_HDR0_1_Mothbot_yolo11m_4500_imgsz1600_b1_2024-01-18.pt.jpg,ORDER_Diptera,2025-01-27,02:54:06,,2025_01_27__02_54_06,MachineObservation,Cerro_Hoya_Expedition_Hoya_505m_prizeCrab_2025-01-26_2025-01-26,Cerro_Hoya_Expedition_Hoya_505m_prizeCrab_2025-01-26,prizeCrab_2025_01_27__02_54_06_HDR0.jpg,prizeCrab_2025_01_27__02_54_06_HDR0_1_Mothbot_yolo11m_4500_imgsz1600_b1_2024-01-18.pt.jpg
doi.org10.15468dl.6nxkw6.csv,Animalia,Arthropoda,Insecta,Lepidoptera,Geometridae,,,,6950,,Geometridae,Geometridae,Cerro_Hoya_Expedition_Hoya_505m_prizeCrab_2025-01-26,prizeCrab_2025_01_27__02_54_06_HDR0_2_Mothbot_yolo11m_4500_imgsz1600_b1_2024-01-18.pt.jpg,HS,Mothbot_yolo11m_4500_imgsz1600_b1_2024-01-18.pt,0.6517947912216187,,prizeCrab,Cerro_Hoya_Expedition/Hoya_505m_prizeCrab_2025-01-26/2025-01-26/patches/prizeCrab_2025_01_27__02_54_06_HDR0_2_Mothbot_yolo11m_4500_imgsz1600_b1_2024-01-18.pt.jpg,ORDER_Lepidoptera,2025-01-27,02:54:06,,2025_01_27__02_54_06,MachineObservation,Cerro_Hoya_Expedition_Hoya_505m_prizeCrab_2025-01-26_2025-01-26,Cerro_Hoya_Expedition_Hoya_505m_prizeCrab_2025-01-26,prizeCrab_2025_01_27__02_54_06_HDR0.jpg,prizeCrab_2025_01_27__02_54_06_HDR0_2_Mothbot_yolo11m_4500_imgsz1600_b1_2024-01-18.pt.jpg
doi.org10.15468dl.6nxkw6.csv,Animalia,Arthropoda,Insecta,Coleoptera,,,,,1470,,Coleoptera,Coleoptera,Cerro_Hoya_Expedition_Hoya_505m_prizeCrab_2025-01-26,prizeCrab_2025_01_27__02_54_06_HDR0_3_Mothbot_yolo11m_4500_imgsz1600_b1_2024-01-18.pt.jpg,HS,Mothbot_yolo11m_4500_imgsz1600_b1_2024-01-18.pt,0.6216700077056885,,prizeCrab,Cerro_Hoya_Expedition/Hoya_505m_prizeCrab_2025-01-26/2025-01-26/patches/prizeCrab_2025_01_27__02_54_06_HDR0_3_Mothbot_yolo11m_4500_imgsz1600_b1_2024-01-18.pt.jpg,ORDER_Diptera,2025-01-27,02:54:06,,2025_01_27__02_54_06,MachineObservation,Cerro_Hoya_Expedition_Hoya_505m_prizeCrab_2025-01-26_2025-01-26,Cerro_Hoya_Expedition_Hoya_505m_prizeCrab_2025-01-26,prizeCrab_2025_01_27__02_54_06_HDR0.jpg,prizeCrab_2025_01_27__02_54_06_HDR0_3_Mothbot_yolo11m_4500_imgsz1600_b1_2024-01-18.pt.jpg
doi.org10.15468dl.6nxkw6.csv,Animalia,Arthropoda,Insecta,Lepidoptera,,,,,797,,Lepidoptera,Lepidoptera,Cerro_Hoya_Expedition_Hoya_505m_prizeCrab_2025-01-26,prizeCrab_2025_01_27__02_54_06_HDR0_4_Mothbot_yolo11m_4500_imgsz1600_b1_2024-01-18.pt.jpg,HS,Mothbot_yolo11m_4500_imgsz1600_b1_2024-01-18.pt,0.479166179895401,,prizeCrab,Cerro_Hoya_Expedition/Hoya_505m_prizeCrab_2025-01-26/2025-01-26/patches/prizeCrab_2025_01_27__02_54_06_HDR0_4_Mothbot_yolo11m_4500_imgsz1600_b1_2024-01-18.pt.jpg,ORDER_Lepidoptera,2025-01-27,02:54:06,,2025_01_27__02_54_06,MachineObservation,Cerro_Hoya_Expedition_Hoya_505m_prizeCrab_2025-01-26_2025-01-26,Cerro_Hoya_Expedition_Hoya_505m_prizeCrab_2025-01-26,prizeCrab_2025_01_27__02_54_06_HDR0.jpg,prizeCrab_2025_01_27__02_54_06_HDR0_4_Mothbot_yolo11m_4500_imgsz1600_b1_2024-01-18.pt.jpg
doi.org10.15468dl.6nxkw6.csv,Animalia,Arthropoda,Insecta,Hemiptera,Cicadellidae,,,,9647,,Cicadellidae,Cicadellidae,Cerro_Hoya_Expedition_Hoya_505m_prizeCrab_2025-01-26,prizeCrab_2025_01_27__02_54_06_HDR0_5_Mothbot_yolo11m_4500_imgsz1600_b1_2024-01-18.pt.jpg,HS,Mothbot_yolo11m_4500_imgsz1600_b1_2024-01-18.pt,0.40430518984794617,,prizeCrab,Cerro_Hoya_Expedition/Hoya_505m_prizeCrab_2025-01-26/2025-01-26/patches/prizeCrab_2025_01_27__02_54_06_HDR0_5_Mothbot_yolo11m_4500_imgsz1600_b1_2024-01-18.pt.jpg,ORDER_Diptera,2025-01-27,02:54:06,,2025_01_27__02_54_06,MachineObservation,Cerro_Hoya_Expedition_Hoya_505m_prizeCrab_2025-01-26_2025-01-26,Cerro_Hoya_Expedition_Hoya_505m_prizeCrab_2025-01-26,prizeCrab_2025_01_27__02_54_06_HDR0.jpg,prizeCrab_2025_01_27__02_54_06_HDR0_5_Mothbot_yolo11m_4500_imgsz1600_b1_2024-01-18.pt.jpg
doi.org10.15468dl.6nxkw6.csv,Animalia,Arthropoda,Insecta,Lepidoptera,Geometridae,,,,6950,,Geometridae,Geometridae,Cerro_Hoya_Expedition_Hoya_505m_prizeCrab_2025-01-26,prizeCrab_2025_01_27__02_55_05_HDR0_0_Mothbot_yolo11m_4500_imgsz1600_b1_2024-01-18.pt.jpg,HS,Mothbot_yolo11m_4500_imgsz1600_b1_2024-01-18.pt,0.6448795795440674,,prizeCrab,Cerro_Hoya_Expedition/Hoya_505m_prizeCrab_2025-01-26/2025-01-26/patches/prizeCrab_2025_01_27__02_55_05_HDR0_0_Mothbot_yolo11m_4500_imgsz1600_b1_2024-01-18.pt.jpg,ORDER_Lepidoptera,2025-01-27,02:55:05,,2025_01_27__02_55_05,MachineObservation,Cerro_Hoya_Expedition_Hoya_505m_prizeCrab_2025-01-26_2025-01-26,Cerro_Hoya_Expedition_Hoya_505m_prizeCrab_2025-01-26,prizeCrab_2025_01_27__02_55_05_HDR0.jpg,prizeCrab_2025_01_27__02_55_05_HDR0_0_Mothbot_yolo11m_4500_imgsz1600_b1_2024-01-18.pt.jpg
doi.org10.15468dl.6nxkw6.csv,Animalia,Arthropoda,Insecta,Hemiptera,Cicadellidae,,,,9647,,Cicadellidae,Cicadellidae,Cerro_Hoya_Expedition_Hoya_505m_prizeCrab_2025-01-26,prizeCrab_2025_01_27__02_55_05_HDR0_1_Mothbot_yolo11m_4500_imgsz1600_b1_2024-01-18.pt.jpg,HS,Mothbot_yolo11m_4500_imgsz1600_b1_2024-01-18.pt,0.5564810037612915,,prizeCrab,Cerro_Hoya_Expedition/Hoya_505m_prizeCrab_2025-01-26/2025-01-26/patches/prizeCrab_2025_01_27__02_55_05_HDR0_1_Mothbot_yolo11m_4500_imgsz1600_b1_2024-01-18.pt.jpg,ORDER_Diptera,2025-01-27,02:55:05,,2025_01_27__02_55_05,MachineObservation,Cerro_Hoya_Expedition_Hoya_505m_prizeCrab_2025-01-26_2025-01-26,Cerro_Hoya_Expedition_Hoya_505m_prizeCrab_2025-01-26,prizeCrab_2025_01_27__02_55_05_HDR0.jpg,prizeCrab_2025_01_27__02_55_05_HDR0_1_Mothbot_yolo11m_4500_imgsz1600_b1_2024-01-18.pt.jpg
doi.org10.15468dl.6nxkw6.csv,Animalia,Arthropoda,Insecta,Hemiptera,,,,,809,,Hemiptera,Hemiptera,Cerro_Hoya_Expedition_Hoya_505m_prizeCrab_2025-01-26,prizeCrab_2025_01_27__02_55_05_HDR0_2_Mothbot_yolo11m_4500_imgsz1600_b1_2024-01-18.pt.jpg,HS,Mothbot_yolo11m_4500_imgsz1600_b1_2024-01-18.pt,0.5409435033798218,,prizeCrab,Cerro_Hoya_Expedition/Hoya_505m_prizeCrab_2025-01-26/2025-01-26/patches/prizeCrab_2025_01_27__02_55_05_HDR0_2_Mothbot_yolo11m_4500_imgsz1600_b1_2024-01-18.pt.jpg,ORDER_Diptera,2025-01-27,02:55:05,,2025_01_27__02_55_05,MachineObservation,Cerro_Hoya_Expedition_Hoya_505m_prizeCrab_2025-01-26_2025-01-26,Cerro_Hoya_Expedition_Hoya_505m_prizeCrab_2025-01-26,prizeCrab_2025_01_27__02_55_05_HDR0.jpg,prizeCrab_2025_01_27__02_55_05_HDR0_2_Mothbot_yolo11m_4500_imgsz1600_b1_2024-01-18.pt.jpg
doi.org10.15468dl.6nxkw6.csv,Animalia,Arthropoda,Insecta,Lepidoptera,,,,,797,,Lepidoptera,Lepidoptera,Cerro_Hoya_Expedition_Hoya_505m_prizeCrab_2025-01-26,prizeCrab_2025_01_27__02_55_05_HDR0_3_Mothbot_yolo11m_4500_imgsz1600_b1_2024-01-18.pt.jpg,HS,Mothbot_yolo11m_4500_imgsz1600_b1_2024-01-18.pt,0.2871835231781006,,prizeCrab,Cerro_Hoya_Expedition/Hoya_505m_prizeCrab_2025-01-26/2025-01-26/patches/prizeCrab_2025_01_27__02_55_05_HDR0_3_Mothbot_yolo11m_4500_imgsz1600_b1_2024-01-18.pt.jpg,ORDER_Lepidoptera,2025-01-27,02:55:05,,2025_01_27__02_55_05,MachineObservation,Cerro_Hoya_Expedition_Hoya_505m_prizeCrab_2025-01-26_2025-01-26,Cerro_Hoya_Expedition_Hoya_505m_prizeCrab_2025-01-26,prizeCrab_2025_01_27__02_55_05_HDR0.jpg,prizeCrab_2025_01_27__02_55_05_HDR0_3_Mothbot_yolo11m_4500_imgsz1600_b1_2024-01-18.pt.jpg
doi.org10.15468dl.6nxkw6.csv,Animalia,Arthropoda,Insecta,Lepidoptera,,,,,797,,Lepidoptera,Lepidoptera,Cerro_Hoya_Expedition_Hoya_505m_prizeCrab_2025-01-26,prizeCrab_2025_01_27__02_55_05_HDR0_4_Mothbot_yolo11m_4500_imgsz1600_b1_2024-01-18.pt.jpg,HS,Mothbot_yolo11m_4500_imgsz1600_b1_2024-01-18.pt,0.26338398456573486,,prizeCrab,Cerro_Hoya_Expedition/Hoya_505m_prizeCrab_2025-01-26/2025-01-26/patches/prizeCrab_2025_01_27__02_55_05_HDR0_4_Mothbot_yolo11m_4500_imgsz1600_b1_2024-01-18.pt.jpg,ORDER_Lepidoptera,2025-01-27,02:55:05,,2025_01_27__02_55_05,MachineObservation,Cerro_Hoya_Expedition_Hoya_505m_prizeCrab_2025-01-26_2025-01-26,Cerro_Hoya_Expedition_Hoya_505m_prizeCrab_2025-01-26,prizeCrab_2025_01_27__02_55_05_HDR0.jpg,prizeCrab_2025_01_27__02_55_05_HDR0_4_Mothbot_yolo11m_4500_imgsz1600_b1_2024-01-18.pt.jpg
doi.org10.15468dl.6nxkw6.csv,Animalia,Arthropoda,Insecta,Lepidoptera,Geometridae,,,,6950,,Geometridae,Geometridae,Cerro_Hoya_Expedition_Hoya_505m_prizeCrab_2025-01-26,prizeCrab_2025_01_27__02_56_06_HDR0_0_Mothbot_yolo11m_4500_imgsz1600_b1_2024-01-18.pt.jpg,HS,Mothbot_yolo11m_4500_imgsz1600_b1_2024-01-18.pt,0.6636101007461548,,prizeCrab,Cerro_Hoya_Expedition/Hoya_505m_prizeCrab_2025-01-26/2025-01-26/patches/prizeCrab_2025_01_27__02_56_06_HDR0_0_Mothbot_yolo11m_4500_imgsz1600_b1_2024-01-18.pt.jpg,ORDER_Lepidoptera,2025-01-27,02:56:06,,2025_01_27__02_56_06,MachineObservation,Cerro_Hoya_Expedition_Hoya_505m_prizeCrab_2025-01-26_2025-01-26,Cerro_Hoya_Expedition_Hoya_505m_prizeCrab_2025-01-26,prizeCrab_2025_01_27__02_56_06_HDR0.jpg,prizeCrab_2025_01_27__02_56_06_HDR0_0_Mothbot_yolo11m_4500_imgsz1600_b1_2024-01-18.pt.jpg
doi.org10.15468dl.6nxkw6.csv,Animalia,Arthropoda,Insecta,Hemiptera,,,,,809,,Hemiptera,Hemiptera,Cerro_Hoya_Expedition_Hoya_505m_prizeCrab_2025-01-26,prizeCrab_2025_01_27__02_56_06_HDR0_1_Mothbot_yolo11m_4500_imgsz1600_b1_2024-01-18.pt.jpg,HS,Mothbot_yolo11m_4500_imgsz1600_b1_2024-01-18.pt,0.5099389553070068,,prizeCrab,Cerro_Hoya_Expedition/Hoya_505m_prizeCrab_2025-01-26/2025-01-26/patches/prizeCrab_2025_01_27__02_56_06_HDR0_1_Mothbot_yolo11m_4500_imgsz1600_b1_2024-01-18.pt.jpg,ORDER_Diptera,2025-01-27,02:56:06,,2025_01_27__02_56_06,MachineObservation,Cerro_Hoya_Expedition_Hoya_505m_prizeCrab_2025-01-26_2025-01-26,Cerro_Hoya_Expedition_Hoya_505m_prizeCrab_2025-01-26,prizeCrab_2025_01_27__02_56_06_HDR0.jpg,prizeCrab_2025_01_27__02_56_06_HDR0_1_Mothbot_yolo11m_4500_imgsz1600_b1_2024-01-18.pt.jpg
doi.org10.15468dl.6nxkw6.csv,Animalia,Arthropoda,Insecta,Lepidoptera,,,,,797,,Lepidoptera,Lepidoptera,Cerro_Hoya_Expedition_Hoya_505m_prizeCrab_2025-01-26,prizeCrab_2025_01_27__02_56_06_HDR0_2_Mothbot_yolo11m_4500_imgsz1600_b1_2024-01-18.pt.jpg,HS,Mothbot_yolo11m_4500_imgsz1600_b1_2024-01-18.pt,0.477426677942276,,prizeCrab,Cerro_Hoya_Expedition/Hoya_505m_prizeCrab_2025-01-26/2025-01-26/patches/prizeCrab_2025_01_27__02_56_06_HDR0_2_Mothbot_yolo11m_4500_imgsz1600_b1_2024-01-18.pt.jpg,ORDER_Hemiptera,2025-01-27,02:56:06,,2025_01_27__02_56_06,MachineObservation,Cerro_Hoya_Expedition_Hoya_505m_prizeCrab_2025-01-26_2025-01-26,Cerro_Hoya_Expedition_Hoya_505m_prizeCrab_2025-01-26,prizeCrab_2025_01_27__02_56_06_HDR0.jpg,prizeCrab_2025_01_27__02_56_06_HDR0_2_Mothbot_yolo11m_4500_imgsz1600_b1_2024-01-18.pt.jpg
doi.org10.15468dl.6nxkw6.csv,Animalia,Arthropoda,Insecta,Hemiptera,,,,,809,,Hemiptera,Hemiptera,Cerro_Hoya_Expedition_Hoya_505m_prizeCrab_2025-01-26,prizeCrab_2025_01_27__02_56_06_HDR0_3_Mothbot_yolo11m_4500_imgsz1600_b1_2024-01-18.pt.jpg,HS,Mothbot_yolo11m_4500_imgsz1600_b1_2024-01-18.pt,0.46263888478279114,,prizeCrab,Cerro_Hoya_Expedition/Hoya_505m_prizeCrab_2025-01-26/2025-01-26/patches/prizeCrab_2025_01_27__02_56_06_HDR0_3_Mothbot_yolo11m_4500_imgsz1600_b1_2024-01-18.pt.jpg,ORDER_Diptera,2025-01-27,02:56:06,,2025_01_27__02_56_06,MachineObservation,Cerro_Hoya_Expedition_Hoya_505m_prizeCrab_2025-01-26_2025-01-26,Cerro_Hoya_Expedition_Hoya_505m_prizeCrab_2025-01-26,prizeCrab_2025_01_27__02_56_06_HDR0.jpg,prizeCrab_2025_01_27__02_56_06_HDR0_3_Mothbot_yolo11m_4500_imgsz1600_b1_2024-01-18.pt.jpg
doi.org10.15468dl.6nxkw6.csv,Animalia,Arthropoda,Insecta,Coleoptera,,,,,1470,,Coleoptera,Coleoptera,Cerro_Hoya_Expedition_Hoya_505m_prizeCrab_2025-01-26,prizeCrab_2025_01_27__02_56_06_HDR0_4_Mothbot_yolo11m_4500_imgsz1600_b1_2024-01-18.pt.jpg,HS,Mothbot_yolo11m_4500_imgsz1600_b1_2024-01-18.pt,0.3516971468925476,,prizeCrab,Cerro_Hoya_Expedition/Hoya_505m_prizeCrab_2025-01-26/2025-01-26/patches/prizeCrab_2025_01_27__02_56_06_HDR0_4_Mothbot_yolo11m_4500_imgsz1600_b1_2024-01-18.pt.jpg,ORDER_Diptera,2025-01-27,02:56:06,,2025_01_27__02_56_06,MachineObservation,Cerro_Hoya_Expedition_Hoya_505m_prizeCrab_2025-01-26_2025-01-26,Cerro_Hoya_Expedition_Hoya_505m_prizeCrab_2025-01-26,prizeCrab_2025_01_27__02_56_06_HDR0.jpg,prizeCrab_2025_01_27__02_56_06_HDR0_4_Mothbot_yolo11m_4500_imgsz1600_b1_2024-01-18.pt.jpg
doi.org10.15468dl.6nxkw6.csv,Animalia,Arthropoda,Insecta,Lepidoptera,Geometridae,,,,6950,,Geometridae,Geometridae,Cerro_Hoya_Expedition_Hoya_505m_prizeCrab_2025-01-26,prizeCrab_2025_01_27__02_57_22_HDR0_0_Mothbot_yolo11m_4500_imgsz1600_b1_2024-01-18.pt.jpg,HS,Mothbot_yolo11m_4500_imgsz1600_b1_2024-01-18.pt,0.71440589427948,,prizeCrab,Cerro_Hoya_Expedition/Hoya_505m_prizeCrab_2025-01-26/2025-01-26/patches/prizeCrab_2025_01_27__02_57_22_HDR0_0_Mothbot_yolo11m_4500_imgsz1600_b1_2024-01-18.pt.jpg,ORDER_Lepidoptera,2025-01-27,02:57:22,,2025_01_27__02_57_22,MachineObservation,Cerro_Hoya_Expedition_Hoya_505m_prizeCrab_2025-01-26_2025-01-26,Cerro_Hoya_Expedition_Hoya_505m_prizeCrab_2025-01-26,prizeCrab_2025_01_27__02_57_22_HDR0.jpg,prizeCrab_2025_01_27__02_57_22_HDR0_0_Mothbot_yolo11m_4500_imgsz1600_b1_2024-01-18.pt.jpg
doi.org10.15468dl.6nxkw6.csv,Animalia,Arthropoda,Insecta,Hemiptera,Cicadellidae,,,,9647,,Cicadellidae,Cicadellidae,Cerro_Hoya_Expedition_Hoya_505m_prizeCrab_2025-01-26,prizeCrab_2025_01_27__02_57_22_HDR0_1_Mothbot_yolo11m_4500_imgsz1600_b1_2024-01-18.pt.jpg,HS,Mothbot_yolo11m_4500_imgsz1600_b1_2024-01-18.pt,0.5774591565132141,,prizeCrab,Cerro_Hoya_Expedition/Hoya_505m_prizeCrab_2025-01-26/2025-01-26/patches/prizeCrab_2025_01_27__02_57_22_HDR0_1_Mothbot_yolo11m_4500_imgsz1600_b1_2024-01-18.pt.jpg,ORDER_Diptera,2025-01-27,02:57:22,,2025_01_27__02_57_22,MachineObservation,Cerro_Hoya_Expedition_Hoya_505m_prizeCrab_2025-01-26_2025-01-26,Cerro_Hoya_Expedition_Hoya_505m_prizeCrab_2025-01-26,prizeCrab_2025_01_27__02_57_22_HDR0.jpg,prizeCrab_2025_01_27__02_57_22_HDR0_1_Mothbot_yolo11m_4500_imgsz1600_b1_2024-01-18.pt.jpg
doi.org10.15468dl.6nxkw6.csv,Animalia,Arthropoda,Insecta,Lepidoptera,,,,,797,,Lepidoptera,Lepidoptera,Cerro_Hoya_Expedition_Hoya_505m_prizeCrab_2025-01-26,prizeCrab_2025_01_27__02_58_06_HDR0_0_Mothbot_yolo11m_4500_imgsz1600_b1_2024-01-18.pt.jpg,HS,Mothbot_yolo11m_4500_imgsz1600_b1_2024-01-18.pt,0.7733142375946045,,prizeCrab,Cerro_Hoya_Expedition/Hoya_505m_prizeCrab_2025-01-26/2025-01-26/patches/prizeCrab_2025_01_27__02_58_06_HDR0_0_Mothbot_yolo11m_4500_imgsz1600_b1_2024-01-18.pt.jpg,ORDER_Lepidoptera,2025-01-27,02:58:06,,2025_01_27__02_58_06,MachineObservation,Cerro_Hoya_Expedition_Hoya_505m_prizeCrab_2025-01-26_2025-01-26,Cerro_Hoya_Expedition_Hoya_505m_prizeCrab_2025-01-26,prizeCrab_2025_01_27__02_58_06_HDR0.jpg,prizeCrab_2025_01_27__02_58_06_HDR0_0_Mothbot_yolo11m_4500_imgsz1600_b1_2024-01-18.pt.jpg
doi.org10.15468dl.6nxkw6.csv,Animalia,Arthropoda,Insecta,Hemiptera,Cicadellidae,,,,9647,,Cicadellidae,Cicadellidae,Cerro_Hoya_Expedition_Hoya_505m_prizeCrab_2025-01-26,prizeCrab_2025_01_27__02_58_06_HDR0_1_Mothbot_yolo11m_4500_imgsz1600_b1_2024-01-18.pt.jpg,HS,Mothbot_yolo11m_4500_imgsz1600_b1_2024-01-18.pt,0.5843634605407715,,prizeCrab,Cerro_Hoya_Expedition/Hoya_505m_prizeCrab_2025-01-26/2025-01-26/patches/prizeCrab_2025_01_27__02_58_06_HDR0_1_Mothbot_yolo11m_4500_imgsz1600_b1_2024-01-18.pt.jpg,ORDER_Lepidoptera,2025-01-27,02:58:06,,2025_01_27__02_58_06,MachineObservation,Cerro_Hoya_Expedition_Hoya_505m_prizeCrab_2025-01-26_2025-01-26,Cerro_Hoya_Expedition_Hoya_505m_prizeCrab_2025-01-26,prizeCrab_2025_01_27__02_58_06_HDR0.jpg,prizeCrab_2025_01_27__02_58_06_HDR0_1_Mothbot_yolo11m_4500_imgsz1600_b1_2024-01-18.pt.jpg
doi.org10.15468dl.6nxkw6.csv,Animalia,Arthropoda,Insecta,Coleoptera,,,,,1470,,Coleoptera,Coleoptera,Cerro_Hoya_Expedition_Hoya_505m_prizeCrab_2025-01-26,prizeCrab_2025_01_27__02_58_06_HDR0_2_Mothbot_yolo11m_4500_imgsz1600_b1_2024-01-18.pt.jpg,HS,Mothbot_yolo11m_4500_imgsz1600_b1_2024-01-18.pt,0.49419113993644714,,prizeCrab,Cerro_Hoya_Expedition/Hoya_505m_prizeCrab_2025-01-26/2025-01-26/patches/prizeCrab_2025_01_27__02_58_06_HDR0_2_Mothbot_yolo11m_4500_imgsz1600_b1_2024-01-18.pt.jpg,ORDER_Hemiptera,2025-01-27,02:58:06,,2025_01_27__02_58_06,MachineObservation,Cerro_Hoya_Expedition_Hoya_505m_prizeCrab_2025-01-26_2025-01-26,Cerro_Hoya_Expedition_Hoya_505m_prizeCrab_2025-01-26,prizeCrab_2025_01_27__02_58_06_HDR0.jpg,prizeCrab_2025_01_27__02_58_06_HDR0_2_Mothbot_yolo11m_4500_imgsz1600_b1_2024-01-18.pt.jpg
doi.org10.15468dl.6nxkw6.csv,Animalia,Arthropoda,Insecta,Diptera,,,,,811,,Diptera,Diptera,Cerro_Hoya_Expedition_Hoya_505m_prizeCrab_2025-01-26,prizeCrab_2025_01_27__02_58_06_HDR0_3_Mothbot_yolo11m_4500_imgsz1600_b1_2024-01-18.pt.jpg,HS,Mothbot_yolo11m_4500_imgsz1600_b1_2024-01-18.pt,0.2556801736354828,,prizeCrab,Cerro_Hoya_Expedition/Hoya_505m_prizeCrab_2025-01-26/2025-01-26/patches/prizeCrab_2025_01_27__02_58_06_HDR0_3_Mothbot_yolo11m_4500_imgsz1600_b1_2024-01-18.pt.jpg,ORDER_Diptera,2025-01-27,02:58:06,,2025_01_27__02_58_06,MachineObservation,Cerro_Hoya_Expedition_Hoya_505m_prizeCrab_2025-01-26_2025-01-26,Cerro_Hoya_Expedition_Hoya_505m_prizeCrab_2025-01-26,prizeCrab_2025_01_27__02_58_06_HDR0.jpg,prizeCrab_2025_01_27__02_58_06_HDR0_3_Mothbot_yolo11m_4500_imgsz1600_b1_2024-01-18.pt.jpg
doi.org10.15468dl.6nxkw6.csv,Animalia,Arthropoda,Insecta,Hemiptera,Cicadellidae,,,,9647,,Cicadellidae,Cicadellidae,Cerro_Hoya_Expedition_Hoya_505m_prizeCrab_2025-01-26,prizeCrab_2025_01_27__02_59_06_HDR0_0_Mothbot_yolo11m_4500_imgsz1600_b1_2024-01-18.pt.jpg,HS,Mothbot_yolo11m_4500_imgsz1600_b1_2024-01-18.pt,0.5660162568092346,,prizeCrab,Cerro_Hoya_Expedition/Hoya_505m_prizeCrab_2025-01-26/2025-01-26/patches/prizeCrab_2025_01_27__02_59_06_HDR0_0_Mothbot_yolo11m_4500_imgsz1600_b1_2024-01-18.pt.jpg,ORDER_Diptera,2025-01-27,02:59:06,,2025_01_27__02_59_06,MachineObservation,Cerro_Hoya_Expedition_Hoya_505m_prizeCrab_2025-01-26_2025-01-26,Cerro_Hoya_Expedition_Hoya_505m_prizeCrab_2025-01-26,prizeCrab_2025_01_27__02_59_06_HDR0.jpg,prizeCrab_2025_01_27__02_59_06_HDR0_0_Mothbot_yolo11m_4500_imgsz1600_b1_2024-01-18.pt.jpg
doi.org10.15468dl.6nxkw6.csv,Animalia,Arthropoda,Insecta,Hemiptera,Cicadellidae,,,,9647,,Cicadellidae,Cicadellidae,Cerro_Hoya_Expedition_Hoya_505m_prizeCrab_2025-01-26,prizeCrab_2025_01_27__02_59_06_HDR0_1_Mothbot_yolo11m_4500_imgsz1600_b1_2024-01-18.pt.jpg,HS,Mothbot_yolo11m_4500_imgsz1600_b1_2024-01-18.pt,0.25191718339920044,,prizeCrab,Cerro_Hoya_Expedition/Hoya_505m_prizeCrab_2025-01-26/2025-01-26/patches/prizeCrab_2025_01_27__02_59_06_HDR0_1_Mothbot_yolo11m_4500_imgsz1600_b1_2024-01-18.pt.jpg,ORDER_Diptera,2025-01-27,02:59:06,,2025_01_27__02_59_06,MachineObservation,Cerro_Hoya_Expedition_Hoya_505m_prizeCrab_2025-01-26_2025-01-26,Cerro_Hoya_Expedition_Hoya_505m_prizeCrab_2025-01-26,prizeCrab_2025_01_27__02_59_06_HDR0.jpg,prizeCrab_2025_01_27__02_59_06_HDR0_1_Mothbot_yolo11m_4500_imgsz1600_b1_2024-01-18.pt.jpg
doi.org10.15468dl.6nxkw6.csv,Animalia,Arthropoda,Insecta,Lepidoptera,,,,,797,,Lepidoptera,Lepidoptera,Cerro_Hoya_Expedition_Hoya_505m_prizeCrab_2025-01-26,prizeCrab_2025_01_27__04_02_31_HDR0_0_Mothbot_yolo11m_4500_imgsz1600_b1_2024-01-18.pt.jpg,HS,Mothbot_yolo11m_4500_imgsz1600_b1_2024-01-18.pt,0.7696188688278198,,prizeCrab,Cerro_Hoya_Expedition/Hoya_505m_prizeCrab_2025-01-26/2025-01-26/patches/prizeCrab_2025_01_27__04_02_31_HDR0_0_Mothbot_yolo11m_4500_imgsz1600_b1_2024-01-18.pt.jpg,ORDER_Lepidoptera,2025-01-27,04:02:31,,2025_01_27__04_02_31,MachineObservation,Cerro_Hoya_Expedition_Hoya_505m_prizeCrab_2025-01-26_2025-01-26,Cerro_Hoya_Expedition_Hoya_505m_prizeCrab_2025-01-26,prizeCrab_2025_01_27__04_02_31_HDR0.jpg,prizeCrab_2025_01_27__04_02_31_HDR0_0_Mothbot_yolo11m_4500_imgsz1600_b1_2024-01-18.pt.jpg
doi.org10.15468dl.6nxkw6.csv,Animalia,Arthropoda,Insecta,Diptera,,,,,811,,Diptera,Diptera,Cerro_Hoya_Expedition_Hoya_505m_prizeCrab_2025-01-26,prizeCrab_2025_01_27__04_02_31_HDR0_1_Mothbot_yolo11m_4500_imgsz1600_b1_2024-01-18.pt.jpg,HS,Mothbot_yolo11m_4500_imgsz1600_b1_2024-01-18.pt,0.6566777229309082,,prizeCrab,Cerro_Hoya_Expedition/Hoya_505m_prizeCrab_2025-01-26/2025-01-26/patches/prizeCrab_2025_01_27__04_02_31_HDR0_1_Mothbot_yolo11m_4500_imgsz1600_b1_2024-01-18.pt.jpg,ORDER_Diptera,2025-01-27,04:02:31,,2025_01_27__04_02_31,MachineObservation,Cerro_Hoya_Expedition_Hoya_505m_prizeCrab_2025-01-26_2025-01-26,Cerro_Hoya_Expedition_Hoya_505m_prizeCrab_2025-01-26,prizeCrab_2025_01_27__04_02_31_HDR0.jpg,prizeCrab_2025_01_27__04_02_31_HDR0_1_Mothbot_yolo11m_4500_imgsz1600_b1_2024-01-18.pt.jpg
doi.org10.15468dl.6nxkw6.csv,Animalia,Arthropoda,Insecta,Lepidoptera,,,,,797,,Lepidoptera,Lepidoptera,Cerro_Hoya_Expedition_Hoya_505m_prizeCrab_2025-01-26,prizeCrab_2025_01_27__04_03_05_HDR0_0_Mothbot_yolo11m_4500_imgsz1600_b1_2024-01-18.pt.jpg,HS,Mothbot_yolo11m_4500_imgsz1600_b1_2024-01-18.pt,0.7713322043418884,,prizeCrab,Cerro_Hoya_Expedition/Hoya_505m_prizeCrab_2025-01-26/2025-01-26/patches/prizeCrab_2025_01_27__04_03_05_HDR0_0_Mothbot_yolo11m_4500_imgsz1600_b1_2024-01-18.pt.jpg,ORDER_Lepidoptera,2025-01-27,04:03:05,,2025_01_27__04_03_05,MachineObservation,Cerro_Hoya_Expedition_Hoya_505m_prizeCrab_2025-01-26_2025-01-26,Cerro_Hoya_Expedition_Hoya_505m_prizeCrab_2025-01-26,prizeCrab_2025_01_27__04_03_05_HDR0.jpg,prizeCrab_2025_01_27__04_03_05_HDR0_0_Mothbot_yolo11m_4500_imgsz1600_b1_2024-01-18.pt.jpg
doi.org10.15468dl.6nxkw6.csv,Animalia,Arthropoda,Insecta,Lepidoptera,,,,,797,,Lepidoptera,Lepidoptera,Cerro_Hoya_Expedition_Hoya_505m_prizeCrab_2025-01-26,prizeCrab_2025_01_27__04_03_05_HDR0_1_Mothbot_yolo11m_4500_imgsz1600_b1_2024-01-18.pt.jpg,HS,Mothbot_yolo11m_4500_imgsz1600_b1_2024-01-18.pt,0.6480432748794556,,prizeCrab,Cerro_Hoya_Expedition/Hoya_505m_prizeCrab_2025-01-26/2025-01-26/patches/prizeCrab_2025_01_27__04_03_05_HDR0_1_Mothbot_yolo11m_4500_imgsz1600_b1_2024-01-18.pt.jpg,ORDER_Diptera,2025-01-27,04:03:05,,2025_01_27__04_03_05,MachineObservation,Cerro_Hoya_Expedition_Hoya_505m_prizeCrab_2025-01-26_2025-01-26,Cerro_Hoya_Expedition_Hoya_505m_prizeCrab_2025-01-26,prizeCrab_2025_01_27__04_03_05_HDR0.jpg,prizeCrab_2025_01_27__04_03_05_HDR0_1_Mothbot_yolo11m_4500_imgsz1600_b1_2024-01-18.pt.jpg
doi.org10.15468dl.6nxkw6.csv,Animalia,Arthropoda,Insecta,Diptera,,,,,811,,Diptera,Diptera,Cerro_Hoya_Expedition_Hoya_505m_prizeCrab_2025-01-26,prizeCrab_2025_01_27__04_03_05_HDR0_2_Mothbot_yolo11m_4500_imgsz1600_b1_2024-01-18.pt.jpg,HS,Mothbot_yolo11m_4500_imgsz1600_b1_2024-01-18.pt,0.605631411075592,,prizeCrab,Cerro_Hoya_Expedition/Hoya_505m_prizeCrab_2025-01-26/2025-01-26/patches/prizeCrab_2025_01_27__04_03_05_HDR0_2_Mothbot_yolo11m_4500_imgsz1600_b1_2024-01-18.pt.jpg,ORDER_Diptera,2025-01-27,04:03:05,,2025_01_27__04_03_05,MachineObservation,Cerro_Hoya_Expedition_Hoya_505m_prizeCrab_2025-01-26_2025-01-26,Cerro_Hoya_Expedition_Hoya_505m_prizeCrab_2025-01-26,prizeCrab_2025_01_27__04_03_05_HDR0.jpg,prizeCrab_2025_01_27__04_03_05_HDR0_2_Mothbot_yolo11m_4500_imgsz1600_b1_2024-01-18.pt.jpg
doi.org10.15468dl.6nxkw6.csv,Animalia,Arthropoda,Insecta,Diptera,,,,,811,,Diptera,Diptera,Cerro_Hoya_Expedition_Hoya_505m_prizeCrab_2025-01-26,prizeCrab_2025_01_27__04_03_05_HDR0_3_Mothbot_yolo11m_4500_imgsz1600_b1_2024-01-18.pt.jpg,HS,Mothbot_yolo11m_4500_imgsz1600_b1_2024-01-18.pt,0.5982288718223572,,prizeCrab,Cerro_Hoya_Expedition/Hoya_505m_prizeCrab_2025-01-26/2025-01-26/patches/prizeCrab_2025_01_27__04_03_05_HDR0_3_Mothbot_yolo11m_4500_imgsz1600_b1_2024-01-18.pt.jpg,ORDER_Diptera,2025-01-27,04:03:05,,2025_01_27__04_03_05,MachineObservation,Cerro_Hoya_Expedition_Hoya_505m_prizeCrab_2025-01-26_2025-01-26,Cerro_Hoya_Expedition_Hoya_505m_prizeCrab_2025-01-26,prizeCrab_2025_01_27__04_03_05_HDR0.jpg,prizeCrab_2025_01_27__04_03_05_HDR0_3_Mothbot_yolo11m_4500_imgsz1600_b1_2024-01-18.pt.jpg
doi.org10.15468dl.6nxkw6.csv,Animalia,Arthropoda,Insecta,Diptera,,,,,811,,Diptera,Diptera,Cerro_Hoya_Expedition_Hoya_505m_prizeCrab_2025-01-26,prizeCrab_2025_01_27__04_03_05_HDR0_4_Mothbot_yolo11m_4500_imgsz1600_b1_2024-01-18.pt.jpg,HS,Mothbot_yolo11m_4500_imgsz1600_b1_2024-01-18.pt,0.5012373924255371,,prizeCrab,Cerro_Hoya_Expedition/Hoya_505m_prizeCrab_2025-01-26/2025-01-26/patches/prizeCrab_2025_01_27__04_03_05_HDR0_4_Mothbot_yolo11m_4500_imgsz1600_b1_2024-01-18.pt.jpg,ORDER_Coleoptera,2025-01-27,04:03:05,,2025_01_27__04_03_05,MachineObservation,Cerro_Hoya_Expedition_Hoya_505m_prizeCrab_2025-01-26_2025-01-26,Cerro_Hoya_Expedition_Hoya_505m_prizeCrab_2025-01-26,prizeCrab_2025_01_27__04_03_05_HDR0.jpg,prizeCrab_2025_01_27__04_03_05_HDR0_4_Mothbot_yolo11m_4500_imgsz1600_b1_2024-01-18.pt.jpg
doi.org10.15468dl.6nxkw6.csv,Animalia,Arthropoda,Insecta,Lepidoptera,,,,,797,,Lepidoptera,Lepidoptera,Cerro_Hoya_Expedition_Hoya_505m_prizeCrab_2025-01-26,prizeCrab_2025_01_27__04_04_06_HDR0_0_Mothbot_yolo11m_4500_imgsz1600_b1_2024-01-18.pt.jpg,HS,Mothbot_yolo11m_4500_imgsz1600_b1_2024-01-18.pt,0.787799060344696,,prizeCrab,Cerro_Hoya_Expedition/Hoya_505m_prizeCrab_2025-01-26/2025-01-26/patches/prizeCrab_2025_01_27__04_04_06_HDR0_0_Mothbot_yolo11m_4500_imgsz1600_b1_2024-01-18.pt.jpg,ORDER_Lepidoptera,2025-01-27,04:04:06,,2025_01_27__04_04_06,MachineObservation,Cerro_Hoya_Expedition_Hoya_505m_prizeCrab_2025-01-26_2025-01-26,Cerro_Hoya_Expedition_Hoya_505m_prizeCrab_2025-01-26,prizeCrab_2025_01_27__04_04_06_HDR0.jpg,prizeCrab_2025_01_27__04_04_06_HDR0_0_Mothbot_yolo11m_4500_imgsz1600_b1_2024-01-18.pt.jpg
doi.org10.15468dl.6nxkw6.csv,Animalia,Arthropoda,Insecta,Diptera,,,,,811,,Diptera,Diptera,Cerro_Hoya_Expedition_Hoya_505m_prizeCrab_2025-01-26,prizeCrab_2025_01_27__04_04_06_HDR0_1_Mothbot_yolo11m_4500_imgsz1600_b1_2024-01-18.pt.jpg,HS,Mothbot_yolo11m_4500_imgsz1600_b1_2024-01-18.pt,0.7409336566925049,,prizeCrab,Cerro_Hoya_Expedition/Hoya_505m_prizeCrab_2025-01-26/2025-01-26/patches/prizeCrab_2025_01_27__04_04_06_HDR0_1_Mothbot_yolo11m_4500_imgsz1600_b1_2024-01-18.pt.jpg,ORDER_Psocodea,2025-01-27,04:04:06,,2025_01_27__04_04_06,MachineObservation,Cerro_Hoya_Expedition_Hoya_505m_prizeCrab_2025-01-26_2025-01-26,Cerro_Hoya_Expedition_Hoya_505m_prizeCrab_2025-01-26,prizeCrab_2025_01_27__04_04_06_HDR0.jpg,prizeCrab_2025_01_27__04_04_06_HDR0_1_Mothbot_yolo11m_4500_imgsz1600_b1_2024-01-18.pt.jpg
doi.org10.15468dl.6nxkw6.csv,Animalia,Arthropoda,Insecta,Diptera,,,,,811,,Diptera,Diptera,Cerro_Hoya_Expedition_Hoya_505m_prizeCrab_2025-01-26,prizeCrab_2025_01_27__04_04_06_HDR0_2_Mothbot_yolo11m_4500_imgsz1600_b1_2024-01-18.pt.jpg,HS,Mothbot_yolo11m_4500_imgsz1600_b1_2024-01-18.pt,0.4786396622657776,,prizeCrab,Cerro_Hoya_Expedition/Hoya_505m_prizeCrab_2025-01-26/2025-01-26/patches/prizeCrab_2025_01_27__04_04_06_HDR0_2_Mothbot_yolo11m_4500_imgsz1600_b1_2024-01-18.pt.jpg,ORDER_Diptera,2025-01-27,04:04:06,,2025_01_27__04_04_06,MachineObservation,Cerro_Hoya_Expedition_Hoya_505m_prizeCrab_2025-01-26_2025-01-26,Cerro_Hoya_Expedition_Hoya_505m_prizeCrab_2025-01-26,prizeCrab_2025_01_27__04_04_06_HDR0.jpg,prizeCrab_2025_01_27__04_04_06_HDR0_2_Mothbot_yolo11m_4500_imgsz1600_b1_2024-01-18.pt.jpg
doi.org10.15468dl.6nxkw6.csv,Animalia,Arthropoda,Insecta,Lepidoptera,Geometridae,,,,6950,,Geometridae,Geometridae,Cerro_Hoya_Expedition_Hoya_505m_prizeCrab_2025-01-26,prizeCrab_2025_01_27__04_05_06_HDR0_0_Mothbot_yolo11m_4500_imgsz1600_b1_2024-01-18.pt.jpg,HS,Mothbot_yolo11m_4500_imgsz1600_b1_2024-01-18.pt,0.4534941613674164,,prizeCrab,Cerro_Hoya_Expedition/Hoya_505m_prizeCrab_2025-01-26/2025-01-26/patches/prizeCrab_2025_01_27__04_05_06_HDR0_0_Mothbot_yolo11m_4500_imgsz1600_b1_2024-01-18.pt.jpg,ORDER_Lepidoptera,2025-01-27,04:05:06,,2025_01_27__04_05_06,MachineObservation,Cerro_Hoya_Expedition_Hoya_505m_prizeCrab_2025-01-26_2025-01-26,Cerro_Hoya_Expedition_Hoya_505m_prizeCrab_2025-01-26,prizeCrab_2025_01_27__04_05_06_HDR0.jpg,prizeCrab_2025_01_27__04_05_06_HDR0_0_Mothbot_yolo11m_4500_imgsz1600_b1_2024-01-18.pt.jpg
doi.org10.15468dl.6nxkw6.csv,Animalia,Arthropoda,Insecta,Diptera,,,,,811,,Diptera,Diptera,Cerro_Hoya_Expedition_Hoya_505m_prizeCrab_2025-01-26,prizeCrab_2025_01_27__04_06_06_HDR0_0_Mothbot_yolo11m_4500_imgsz1600_b1_2024-01-18.pt.jpg,HS,Mothbot_yolo11m_4500_imgsz1600_b1_2024-01-18.pt,0.33189916610717773,,prizeCrab,Cerro_Hoya_Expedition/Hoya_505m_prizeCrab_2025-01-26/2025-01-26/patches/prizeCrab_2025_01_27__04_06_06_HDR0_0_Mothbot_yolo11m_4500_imgsz1600_b1_2024-01-18.pt.jpg,ORDER_Diptera,2025-01-27,04:06:06,,2025_01_27__04_06_06,MachineObservation,Cerro_Hoya_Expedition_Hoya_505m_prizeCrab_2025-01-26_2025-01-26,Cerro_Hoya_Expedition_Hoya_505m_prizeCrab_2025-01-26,prizeCrab_2025_01_27__04_06_06_HDR0.jpg,prizeCrab_2025_01_27__04_06_06_HDR0_0_Mothbot_yolo11m_4500_imgsz1600_b1_2024-01-18.pt.jpg
doi.org10.15468dl.6nxkw6.csv,Animalia,Arthropoda,Insecta,Lepidoptera,,,,,797,,Lepidoptera,Lepidoptera,Cerro_Hoya_Expedition_Hoya_505m_prizeCrab_2025-01-26,prizeCrab_2025_01_27__04_07_06_HDR0_0_Mothbot_yolo11m_4500_imgsz1600_b1_2024-01-18.pt.jpg,HS,Mothbot_yolo11m_4500_imgsz1600_b1_2024-01-18.pt,0.8735712170600891,,prizeCrab,Cerro_Hoya_Expedition/Hoya_505m_prizeCrab_2025-01-26/2025-01-26/patches/prizeCrab_2025_01_27__04_07_06_HDR0_0_Mothbot_yolo11m_4500_imgsz1600_b1_2024-01-18.pt.jpg,ORDER_Lepidoptera,2025-01-27,04:07:06,,2025_01_27__04_07_06,MachineObservation,Cerro_Hoya_Expedition_Hoya_505m_prizeCrab_2025-01-26_2025-01-26,Cerro_Hoya_Expedition_Hoya_505m_prizeCrab_2025-01-26,prizeCrab_2025_01_27__04_07_06_HDR0.jpg,prizeCrab_2025_01_27__04_07_06_HDR0_0_Mothbot_yolo11m_4500_imgsz1600_b1_2024-01-18.pt.jpg
doi.org10.15468dl.6nxkw6.csv,Animalia,Arthropoda,Insecta,Lepidoptera,,,,,797,,Lepidoptera,Lepidoptera,Cerro_Hoya_Expedition_Hoya_505m_prizeCrab_2025-01-26,prizeCrab_2025_01_27__04_07_06_HDR0_1_Mothbot_yolo11m_4500_imgsz1600_b1_2024-01-18.pt.jpg,HS,Mothbot_yolo11m_4500_imgsz1600_b1_2024-01-18.pt,0.8570767641067505,,prizeCrab,Cerro_Hoya_Expedition/Hoya_505m_prizeCrab_2025-01-26/2025-01-26/patches/prizeCrab_2025_01_27__04_07_06_HDR0_1_Mothbot_yolo11m_4500_imgsz1600_b1_2024-01-18.pt.jpg,ORDER_Lepidoptera,2025-01-27,04:07:06,,2025_01_27__04_07_06,MachineObservation,Cerro_Hoya_Expedition_Hoya_505m_prizeCrab_2025-01-26_2025-01-26,Cerro_Hoya_Expedition_Hoya_505m_prizeCrab_2025-01-26,prizeCrab_2025_01_27__04_07_06_HDR0.jpg,prizeCrab_2025_01_27__04_07_06_HDR0_1_Mothbot_yolo11m_4500_imgsz1600_b1_2024-01-18.pt.jpg
doi.org10.15468dl.6nxkw6.csv,Animalia,Arthropoda,Insecta,Diptera,,,,,811,,Diptera,Diptera,Cerro_Hoya_Expedition_Hoya_505m_prizeCrab_2025-01-26,prizeCrab_2025_01_27__04_07_06_HDR0_2_Mothbot_yolo11m_4500_imgsz1600_b1_2024-01-18.pt.jpg,HS,Mothbot_yolo11m_4500_imgsz1600_b1_2024-01-18.pt,0.45583462715148926,,prizeCrab,Cerro_Hoya_Expedition/Hoya_505m_prizeCrab_2025-01-26/2025-01-26/patches/prizeCrab_2025_01_27__04_07_06_HDR0_2_Mothbot_yolo11m_4500_imgsz1600_b1_2024-01-18.pt.jpg,ORDER_Hemiptera,2025-01-27,04:07:06,,2025_01_27__04_07_06,MachineObservation,Cerro_Hoya_Expedition_Hoya_505m_prizeCrab_2025-01-26_2025-01-26,Cerro_Hoya_Expedition_Hoya_505m_prizeCrab_2025-01-26,prizeCrab_2025_01_27__04_07_06_HDR0.jpg,prizeCrab_2025_01_27__04_07_06_HDR0_2_Mothbot_yolo11m_4500_imgsz1600_b1_2024-01-18.pt.jpg
doi.org10.15468dl.6nxkw6.csv,Animalia,Arthropoda,Insecta,Coleoptera,,,,,1470,,Coleoptera,Coleoptera,Cerro_Hoya_Expedition_Hoya_505m_prizeCrab_2025-01-26,prizeCrab_2025_01_27__04_08_06_HDR0_0_Mothbot_yolo11m_4500_imgsz1600_b1_2024-01-18.pt.jpg,HS,Mothbot_yolo11m_4500_imgsz1600_b1_2024-01-18.pt,0.50568687915802,,prizeCrab,Cerro_Hoya_Expedition/Hoya_505m_prizeCrab_2025-01-26/2025-01-26/patches/prizeCrab_2025_01_27__04_08_06_HDR0_0_Mothbot_yolo11m_4500_imgsz1600_b1_2024-01-18.pt.jpg,ORDER_Hymenoptera,2025-01-27,04:08:06,,2025_01_27__04_08_06,MachineObservation,Cerro_Hoya_Expedition_Hoya_505m_prizeCrab_2025-01-26_2025-01-26,Cerro_Hoya_Expedition_Hoya_505m_prizeCrab_2025-01-26,prizeCrab_2025_01_27__04_08_06_HDR0.jpg,prizeCrab_2025_01_27__04_08_06_HDR0_0_Mothbot_yolo11m_4500_imgsz1600_b1_2024-01-18.pt.jpg
doi.org10.15468dl.6nxkw6.csv,Animalia,Arthropoda,Insecta,,,,,,216,,Insecta,Insecta,Cerro_Hoya_Expedition_Hoya_505m_prizeCrab_2025-01-26,prizeCrab_2025_01_27__04_12_06_HDR0_0_Mothbot_yolo11m_4500_imgsz1600_b1_2024-01-18.pt.jpg,HS,Mothbot_yolo11m_4500_imgsz1600_b1_2024-01-18.pt,0.3896355628967285,,prizeCrab,Cerro_Hoya_Expedition/Hoya_505m_prizeCrab_2025-01-26/2025-01-26/patches/prizeCrab_2025_01_27__04_12_06_HDR0_0_Mothbot_yolo11m_4500_imgsz1600_b1_2024-01-18.pt.jpg,ORDER_Hymenoptera,2025-01-27,04:12:06,,2025_01_27__04_12_06,MachineObservation,Cerro_Hoya_Expedition_Hoya_505m_prizeCrab_2025-01-26_2025-01-26,Cerro_Hoya_Expedition_Hoya_505m_prizeCrab_2025-01-26,prizeCrab_2025_01_27__04_12_06_HDR0.jpg,prizeCrab_2025_01_27__04_12_06_HDR0_0_Mothbot_yolo11m_4500_imgsz1600_b1_2024-01-18.pt.jpg
doi.org10.15468dl.6nxkw6.csv,Animalia,Arthropoda,Insecta,Diptera,,,,,811,,Diptera,Diptera,Cerro_Hoya_Expedition_Hoya_505m_prizeCrab_2025-01-26,prizeCrab_2025_01_27__04_13_06_HDR0_0_Mothbot_yolo11m_4500_imgsz1600_b1_2024-01-18.pt.jpg,HS,Mothbot_yolo11m_4500_imgsz1600_b1_2024-01-18.pt,0.5044224262237549,,prizeCrab,Cerro_Hoya_Expedition/Hoya_505m_prizeCrab_2025-01-26/2025-01-26/patches/prizeCrab_2025_01_27__04_13_06_HDR0_0_Mothbot_yolo11m_4500_imgsz1600_b1_2024-01-18.pt.jpg,ORDER_Diptera,2025-01-27,04:13:06,,2025_01_27__04_13_06,MachineObservation,Cerro_Hoya_Expedition_Hoya_505m_prizeCrab_2025-01-26_2025-01-26,Cerro_Hoya_Expedition_Hoya_505m_prizeCrab_2025-01-26,prizeCrab_2025_01_27__04_13_06_HDR0.jpg,prizeCrab_2025_01_27__04_13_06_HDR0_0_Mothbot_yolo11m_4500_imgsz1600_b1_2024-01-18.pt.jpg
doi.org10.15468dl.6nxkw6.csv,Animalia,Arthropoda,Insecta,Diptera,,,,,811,,Diptera,Diptera,Cerro_Hoya_Expedition_Hoya_505m_prizeCrab_2025-01-26,prizeCrab_2025_01_27__04_13_06_HDR0_1_Mothbot_yolo11m_4500_imgsz1600_b1_2024-01-18.pt.jpg,HS,Mothbot_yolo11m_4500_imgsz1600_b1_2024-01-18.pt,0.48891937732696533,,prizeCrab,Cerro_Hoya_Expedition/Hoya_505m_prizeCrab_2025-01-26/2025-01-26/patches/prizeCrab_2025_01_27__04_13_06_HDR0_1_Mothbot_yolo11m_4500_imgsz1600_b1_2024-01-18.pt.jpg,ORDER_Diptera,2025-01-27,04:13:06,,2025_01_27__04_13_06,MachineObservation,Cerro_Hoya_Expedition_Hoya_505m_prizeCrab_2025-01-26_2025-01-26,Cerro_Hoya_Expedition_Hoya_505m_prizeCrab_2025-01-26,prizeCrab_2025_01_27__04_13_06_HDR0.jpg,prizeCrab_2025_01_27__04_13_06_HDR0_1_Mothbot_yolo11m_4500_imgsz1600_b1_2024-01-18.pt.jpg
doi.org10.15468dl.6nxkw6.csv,Animalia,Arthropoda,Insecta,Lepidoptera,,,,,797,,Lepidoptera,Lepidoptera,Cerro_Hoya_Expedition_Hoya_505m_prizeCrab_2025-01-26,prizeCrab_2025_01_27__04_14_05_HDR0_0_Mothbot_yolo11m_4500_imgsz1600_b1_2024-01-18.pt.jpg,HS,Mothbot_yolo11m_4500_imgsz1600_b1_2024-01-18.pt,0.8056487441062927,,prizeCrab,Cerro_Hoya_Expedition/Hoya_505m_prizeCrab_2025-01-26/2025-01-26/patches/prizeCrab_2025_01_27__04_14_05_HDR0_0_Mothbot_yolo11m_4500_imgsz1600_b1_2024-01-18.pt.jpg,ORDER_Lepidoptera,2025-01-27,04:14:05,,2025_01_27__04_14_05,MachineObservation,Cerro_Hoya_Expedition_Hoya_505m_prizeCrab_2025-01-26_2025-01-26,Cerro_Hoya_Expedition_Hoya_505m_prizeCrab_2025-01-26,prizeCrab_2025_01_27__04_14_05_HDR0.jpg,prizeCrab_2025_01_27__04_14_05_HDR0_0_Mothbot_yolo11m_4500_imgsz1600_b1_2024-01-18.pt.jpg
doi.org10.15468dl.6nxkw6.csv,Animalia,Arthropoda,Insecta,Lepidoptera,,,,,797,,Lepidoptera,Lepidoptera,Cerro_Hoya_Expedition_Hoya_505m_prizeCrab_2025-01-26,prizeCrab_2025_01_27__04_14_05_HDR0_1_Mothbot_yolo11m_4500_imgsz1600_b1_2024-01-18.pt.jpg,HS,Mothbot_yolo11m_4500_imgsz1600_b1_2024-01-18.pt,0.664743185043335,,prizeCrab,Cerro_Hoya_Expedition/Hoya_505m_prizeCrab_2025-01-26/2025-01-26/patches/prizeCrab_2025_01_27__04_14_05_HDR0_1_Mothbot_yolo11m_4500_imgsz1600_b1_2024-01-18.pt.jpg,ORDER_Lepidoptera,2025-01-27,04:14:05,,2025_01_27__04_14_05,MachineObservation,Cerro_Hoya_Expedition_Hoya_505m_prizeCrab_2025-01-26_2025-01-26,Cerro_Hoya_Expedition_Hoya_505m_prizeCrab_2025-01-26,prizeCrab_2025_01_27__04_14_05_HDR0.jpg,prizeCrab_2025_01_27__04_14_05_HDR0_1_Mothbot_yolo11m_4500_imgsz1600_b1_2024-01-18.pt.jpg
,,,,,,,,,,,,ERROR,Cerro_Hoya_Expedition_Hoya_505m_prizeCrab_2025-01-26,prizeCrab_2025_01_27__04_14_05_HDR0_2_Mothbot_yolo11m_4500_imgsz1600_b1_2024-01-18.pt.jpg,HS,Mothbot_yolo11m_4500_imgsz1600_b1_2024-01-18.pt,0.6561061143875122,,prizeCrab,Cerro_Hoya_Expedition/Hoya_505m_prizeCrab_2025-01-26/2025-01-26/patches/prizeCrab_2025_01_27__04_14_05_HDR0_2_Mothbot_yolo11m_4500_imgsz1600_b1_2024-01-18.pt.jpg,ORDER_Lepidoptera,2025-01-27,04:14:05,,2025_01_27__04_14_05,MachineObservation,Cerro_Hoya_Expedition_Hoya_505m_prizeCrab_2025-01-26_2025-01-26,Cerro_Hoya_Expedition_Hoya_505m_prizeCrab_2025-01-26,prizeCrab_2025_01_27__04_14_05_HDR0.jpg,prizeCrab_2025_01_27__04_14_05_HDR0_2_Mothbot_yolo11m_4500_imgsz1600_b1_2024-01-18.pt.jpg
doi.org10.15468dl.6nxkw6.csv,Animalia,Arthropoda,Insecta,Lepidoptera,,,,,797,,Lepidoptera,Lepidoptera,Cerro_Hoya_Expedition_Hoya_505m_prizeCrab_2025-01-26,prizeCrab_2025_01_27__04_15_05_HDR0_0_Mothbot_yolo11m_4500_imgsz1600_b1_2024-01-18.pt.jpg,HS,Mothbot_yolo11m_4500_imgsz1600_b1_2024-01-18.pt,0.5496134757995605,,prizeCrab,Cerro_Hoya_Expedition/Hoya_505m_prizeCrab_2025-01-26/2025-01-26/patches/prizeCrab_2025_01_27__04_15_05_HDR0_0_Mothbot_yolo11m_4500_imgsz1600_b1_2024-01-18.pt.jpg,ORDER_Lepidoptera,2025-01-27,04:15:05,,2025_01_27__04_15_05,MachineObservation,Cerro_Hoya_Expedition_Hoya_505m_prizeCrab_2025-01-26_2025-01-26,Cerro_Hoya_Expedition_Hoya_505m_prizeCrab_2025-01-26,prizeCrab_2025_01_27__04_15_05_HDR0.jpg,prizeCrab_2025_01_27__04_15_05_HDR0_0_Mothbot_yolo11m_4500_imgsz1600_b1_2024-01-18.pt.jpg
doi.org10.15468dl.6nxkw6.csv,Animalia,Arthropoda,Insecta,Hemiptera,,,,,809,,Hemiptera,Hemiptera,Cerro_Hoya_Expedition_Hoya_505m_prizeCrab_2025-01-26,prizeCrab_2025_01_27__04_16_22_HDR0_0_Mothbot_yolo11m_4500_imgsz1600_b1_2024-01-18.pt.jpg,HS,Mothbot_yolo11m_4500_imgsz1600_b1_2024-01-18.pt,0.7256237268447876,,prizeCrab,Cerro_Hoya_Expedition/Hoya_505m_prizeCrab_2025-01-26/2025-01-26/patches/prizeCrab_2025_01_27__04_16_22_HDR0_0_Mothbot_yolo11m_4500_imgsz1600_b1_2024-01-18.pt.jpg,ORDER_Hemiptera,2025-01-27,04:16:22,,2025_01_27__04_16_22,MachineObservation,Cerro_Hoya_Expedition_Hoya_505m_prizeCrab_2025-01-26_2025-01-26,Cerro_Hoya_Expedition_Hoya_505m_prizeCrab_2025-01-26,prizeCrab_2025_01_27__04_16_22_HDR0.jpg,prizeCrab_2025_01_27__04_16_22_HDR0_0_Mothbot_yolo11m_4500_imgsz1600_b1_2024-01-18.pt.jpg
doi.org10.15468dl.6nxkw6.csv,Animalia,Arthropoda,Insecta,,,,,,216,,Insecta,Insecta,Cerro_Hoya_Expedition_Hoya_505m_prizeCrab_2025-01-26,prizeCrab_2025_01_27__04_16_22_HDR0_1_Mothbot_yolo11m_4500_imgsz1600_b1_2024-01-18.pt.jpg,HS,Mothbot_yolo11m_4500_imgsz1600_b1_2024-01-18.pt,0.3287184536457062,,prizeCrab,Cerro_Hoya_Expedition/Hoya_505m_prizeCrab_2025-01-26/2025-01-26/patches/prizeCrab_2025_01_27__04_16_22_HDR0_1_Mothbot_yolo11m_4500_imgsz1600_b1_2024-01-18.pt.jpg,ORDER_Diptera,2025-01-27,04:16:22,,2025_01_27__04_16_22,MachineObservation,Cerro_Hoya_Expedition_Hoya_505m_prizeCrab_2025-01-26_2025-01-26,Cerro_Hoya_Expedition_Hoya_505m_prizeCrab_2025-01-26,prizeCrab_2025_01_27__04_16_22_HDR0.jpg,prizeCrab_2025_01_27__04_16_22_HDR0_1_Mothbot_yolo11m_4500_imgsz1600_b1_2024-01-18.pt.jpg
doi.org10.15468dl.6nxkw6.csv,Animalia,Arthropoda,Insecta,Lepidoptera,,,,,797,,Lepidoptera,Lepidoptera,Cerro_Hoya_Expedition_Hoya_505m_prizeCrab_2025-01-26,prizeCrab_2025_01_27__04_17_06_HDR0_0_Mothbot_yolo11m_4500_imgsz1600_b1_2024-01-18.pt.jpg,HS,Mothbot_yolo11m_4500_imgsz1600_b1_2024-01-18.pt,0.5071455240249634,,prizeCrab,Cerro_Hoya_Expedition/Hoya_505m_prizeCrab_2025-01-26/2025-01-26/patches/prizeCrab_2025_01_27__04_17_06_HDR0_0_Mothbot_yolo11m_4500_imgsz1600_b1_2024-01-18.pt.jpg,ORDER_Diptera,2025-01-27,04:17:06,,2025_01_27__04_17_06,MachineObservation,Cerro_Hoya_Expedition_Hoya_505m_prizeCrab_2025-01-26_2025-01-26,Cerro_Hoya_Expedition_Hoya_505m_prizeCrab_2025-01-26,prizeCrab_2025_01_27__04_17_06_HDR0.jpg,prizeCrab_2025_01_27__04_17_06_HDR0_0_Mothbot_yolo11m_4500_imgsz1600_b1_2024-01-18.pt.jpg
doi.org10.15468dl.6nxkw6.csv,Animalia,Arthropoda,Insecta,Diptera,,,,,811,,Diptera,Diptera,Cerro_Hoya_Expedition_Hoya_505m_prizeCrab_2025-01-26,prizeCrab_2025_01_27__04_17_06_HDR0_1_Mothbot_yolo11m_4500_imgsz1600_b1_2024-01-18.pt.jpg,HS,Mothbot_yolo11m_4500_imgsz1600_b1_2024-01-18.pt,0.3887917101383209,,prizeCrab,Cerro_Hoya_Expedition/Hoya_505m_prizeCrab_2025-01-26/2025-01-26/patches/prizeCrab_2025_01_27__04_17_06_HDR0_1_Mothbot_yolo11m_4500_imgsz1600_b1_2024-01-18.pt.jpg,ORDER_Diptera,2025-01-27,04:17:06,,2025_01_27__04_17_06,MachineObservation,Cerro_Hoya_Expedition_Hoya_505m_prizeCrab_2025-01-26_2025-01-26,Cerro_Hoya_Expedition_Hoya_505m_prizeCrab_2025-01-26,prizeCrab_2025_01_27__04_17_06_HDR0.jpg,prizeCrab_2025_01_27__04_17_06_HDR0_1_Mothbot_yolo11m_4500_imgsz1600_b1_2024-01-18.pt.jpg
doi.org10.15468dl.6nxkw6.csv,Animalia,Arthropoda,Insecta,Diptera,,,,,811,,Diptera,Diptera,Cerro_Hoya_Expedition_Hoya_505m_prizeCrab_2025-01-26,prizeCrab_2025_01_27__04_20_06_HDR0_0_Mothbot_yolo11m_4500_imgsz1600_b1_2024-01-18.pt.jpg,HS,Mothbot_yolo11m_4500_imgsz1600_b1_2024-01-18.pt,0.5307788848876953,,prizeCrab,Cerro_Hoya_Expedition/Hoya_505m_prizeCrab_2025-01-26/2025-01-26/patches/prizeCrab_2025_01_27__04_20_06_HDR0_0_Mothbot_yolo11m_4500_imgsz1600_b1_2024-01-18.pt.jpg,ORDER_Diptera,2025-01-27,04:20:06,,2025_01_27__04_20_06,MachineObservation,Cerro_Hoya_Expedition_Hoya_505m_prizeCrab_2025-01-26_2025-01-26,Cerro_Hoya_Expedition_Hoya_505m_prizeCrab_2025-01-26,prizeCrab_2025_01_27__04_20_06_HDR0.jpg,prizeCrab_2025_01_27__04_20_06_HDR0_0_Mothbot_yolo11m_4500_imgsz1600_b1_2024-01-18.pt.jpg
doi.org10.15468dl.6nxkw6.csv,Animalia,Arthropoda,Insecta,,,,,,216,,Insecta,Insecta,Cerro_Hoya_Expedition_Hoya_505m_prizeCrab_2025-01-26,prizeCrab_2025_01_27__04_20_06_HDR0_1_Mothbot_yolo11m_4500_imgsz1600_b1_2024-01-18.pt.jpg,HS,Mothbot_yolo11m_4500_imgsz1600_b1_2024-01-18.pt,0.2561015486717224,,prizeCrab,Cerro_Hoya_Expedition/Hoya_505m_prizeCrab_2025-01-26/2025-01-26/patches/prizeCrab_2025_01_27__04_20_06_HDR0_1_Mothbot_yolo11m_4500_imgsz1600_b1_2024-01-18.pt.jpg,ORDER_Lepidoptera,2025-01-27,04:20:06,,2025_01_27__04_20_06,MachineObservation,Cerro_Hoya_Expedition_Hoya_505m_prizeCrab_2025-01-26_2025-01-26,Cerro_Hoya_Expedition_Hoya_505m_prizeCrab_2025-01-26,prizeCrab_2025_01_27__04_20_06_HDR0.jpg,prizeCrab_2025_01_27__04_20_06_HDR0_1_Mothbot_yolo11m_4500_imgsz1600_b1_2024-01-18.pt.jpg
doi.org10.15468dl.6nxkw6.csv,Animalia,Arthropoda,Insecta,Hemiptera,,,,,809,,Hemiptera,Hemiptera,Cerro_Hoya_Expedition_Hoya_505m_prizeCrab_2025-01-26,prizeCrab_2025_01_27__04_22_06_HDR0_0_Mothbot_yolo11m_4500_imgsz1600_b1_2024-01-18.pt.jpg,HS,Mothbot_yolo11m_4500_imgsz1600_b1_2024-01-18.pt,0.719566822052002,,prizeCrab,Cerro_Hoya_Expedition/Hoya_505m_prizeCrab_2025-01-26/2025-01-26/patches/prizeCrab_2025_01_27__04_22_06_HDR0_0_Mothbot_yolo11m_4500_imgsz1600_b1_2024-01-18.pt.jpg,ORDER_Psocodea,2025-01-27,04:22:06,,2025_01_27__04_22_06,MachineObservation,Cerro_Hoya_Expedition_Hoya_505m_prizeCrab_2025-01-26_2025-01-26,Cerro_Hoya_Expedition_Hoya_505m_prizeCrab_2025-01-26,prizeCrab_2025_01_27__04_22_06_HDR0.jpg,prizeCrab_2025_01_27__04_22_06_HDR0_0_Mothbot_yolo11m_4500_imgsz1600_b1_2024-01-18.pt.jpg
doi.org10.15468dl.6nxkw6.csv,Animalia,Arthropoda,Insecta,Diptera,,,,,811,,Diptera,Diptera,Cerro_Hoya_Expedition_Hoya_505m_prizeCrab_2025-01-26,prizeCrab_2025_01_27__04_22_06_HDR0_1_Mothbot_yolo11m_4500_imgsz1600_b1_2024-01-18.pt.jpg,HS,Mothbot_yolo11m_4500_imgsz1600_b1_2024-01-18.pt,0.6095066666603088,,prizeCrab,Cerro_Hoya_Expedition/Hoya_505m_prizeCrab_2025-01-26/2025-01-26/patches/prizeCrab_2025_01_27__04_22_06_HDR0_1_Mothbot_yolo11m_4500_imgsz1600_b1_2024-01-18.pt.jpg,ORDER_Diptera,2025-01-27,04:22:06,,2025_01_27__04_22_06,MachineObservation,Cerro_Hoya_Expedition_Hoya_505m_prizeCrab_2025-01-26_2025-01-26,Cerro_Hoya_Expedition_Hoya_505m_prizeCrab_2025-01-26,prizeCrab_2025_01_27__04_22_06_HDR0.jpg,prizeCrab_2025_01_27__04_22_06_HDR0_1_Mothbot_yolo11m_4500_imgsz1600_b1_2024-01-18.pt.jpg
doi.org10.15468dl.6nxkw6.csv,Animalia,Arthropoda,Insecta,Diptera,,,,,811,,Diptera,Diptera,Cerro_Hoya_Expedition_Hoya_505m_prizeCrab_2025-01-26,prizeCrab_2025_01_27__04_22_06_HDR0_2_Mothbot_yolo11m_4500_imgsz1600_b1_2024-01-18.pt.jpg,HS,Mothbot_yolo11m_4500_imgsz1600_b1_2024-01-18.pt,0.538134753704071,,prizeCrab,Cerro_Hoya_Expedition/Hoya_505m_prizeCrab_2025-01-26/2025-01-26/patches/prizeCrab_2025_01_27__04_22_06_HDR0_2_Mothbot_yolo11m_4500_imgsz1600_b1_2024-01-18.pt.jpg,ORDER_Diptera,2025-01-27,04:22:06,,2025_01_27__04_22_06,MachineObservation,Cerro_Hoya_Expedition_Hoya_505m_prizeCrab_2025-01-26_2025-01-26,Cerro_Hoya_Expedition_Hoya_505m_prizeCrab_2025-01-26,prizeCrab_2025_01_27__04_22_06_HDR0.jpg,prizeCrab_2025_01_27__04_22_06_HDR0_2_Mothbot_yolo11m_4500_imgsz1600_b1_2024-01-18.pt.jpg
doi.org10.15468dl.6nxkw6.csv,Animalia,Arthropoda,Insecta,Diptera,,,,,811,,Diptera,Diptera,Cerro_Hoya_Expedition_Hoya_505m_prizeCrab_2025-01-26,prizeCrab_2025_01_27__04_22_06_HDR0_3_Mothbot_yolo11m_4500_imgsz1600_b1_2024-01-18.pt.jpg,HS,Mothbot_yolo11m_4500_imgsz1600_b1_2024-01-18.pt,0.2585093080997467,,prizeCrab,Cerro_Hoya_Expedition/Hoya_505m_prizeCrab_2025-01-26/2025-01-26/patches/prizeCrab_2025_01_27__04_22_06_HDR0_3_Mothbot_yolo11m_4500_imgsz1600_b1_2024-01-18.pt.jpg,ORDER_Diptera,2025-01-27,04:22:06,,2025_01_27__04_22_06,MachineObservation,Cerro_Hoya_Expedition_Hoya_505m_prizeCrab_2025-01-26_2025-01-26,Cerro_Hoya_Expedition_Hoya_505m_prizeCrab_2025-01-26,prizeCrab_2025_01_27__04_22_06_HDR0.jpg,prizeCrab_2025_01_27__04_22_06_HDR0_3_Mothbot_yolo11m_4500_imgsz1600_b1_2024-01-18.pt.jpg
doi.org10.15468dl.6nxkw6.csv,Animalia,Arthropoda,Insecta,Diptera,,,,,811,,Diptera,Diptera,Cerro_Hoya_Expedition_Hoya_505m_prizeCrab_2025-01-26,prizeCrab_2025_01_27__04_23_22_HDR0_0_Mothbot_yolo11m_4500_imgsz1600_b1_2024-01-18.pt.jpg,HS,Mothbot_yolo11m_4500_imgsz1600_b1_2024-01-18.pt,0.6549347043037415,,prizeCrab,Cerro_Hoya_Expedition/Hoya_505m_prizeCrab_2025-01-26/2025-01-26/patches/prizeCrab_2025_01_27__04_23_22_HDR0_0_Mothbot_yolo11m_4500_imgsz1600_b1_2024-01-18.pt.jpg,ORDER_Diptera,2025-01-27,04:23:22,,2025_01_27__04_23_22,MachineObservation,Cerro_Hoya_Expedition_Hoya_505m_prizeCrab_2025-01-26_2025-01-26,Cerro_Hoya_Expedition_Hoya_505m_prizeCrab_2025-01-26,prizeCrab_2025_01_27__04_23_22_HDR0.jpg,prizeCrab_2025_01_27__04_23_22_HDR0_0_Mothbot_yolo11m_4500_imgsz1600_b1_2024-01-18.pt.jpg
doi.org10.15468dl.6nxkw6.csv,Animalia,Arthropoda,Insecta,Diptera,,,,,811,,Diptera,Diptera,Cerro_Hoya_Expedition_Hoya_505m_prizeCrab_2025-01-26,prizeCrab_2025_01_27__04_24_06_HDR0_0_Mothbot_yolo11m_4500_imgsz1600_b1_2024-01-18.pt.jpg,HS,Mothbot_yolo11m_4500_imgsz1600_b1_2024-01-18.pt,0.5137414932250977,,prizeCrab,Cerro_Hoya_Expedition/Hoya_505m_prizeCrab_2025-01-26/2025-01-26/patches/prizeCrab_2025_01_27__04_24_06_HDR0_0_Mothbot_yolo11m_4500_imgsz1600_b1_2024-01-18.pt.jpg,ORDER_Diptera,2025-01-27,04:24:06,,2025_01_27__04_24_06,MachineObservation,Cerro_Hoya_Expedition_Hoya_505m_prizeCrab_2025-01-26_2025-01-26,Cerro_Hoya_Expedition_Hoya_505m_prizeCrab_2025-01-26,prizeCrab_2025_01_27__04_24_06_HDR0.jpg,prizeCrab_2025_01_27__04_24_06_HDR0_0_Mothbot_yolo11m_4500_imgsz1600_b1_2024-01-18.pt.jpg
doi.org10.15468dl.6nxkw6.csv,Animalia,Arthropoda,Insecta,Diptera,,,,,811,,Diptera,Diptera,Cerro_Hoya_Expedition_Hoya_505m_prizeCrab_2025-01-26,prizeCrab_2025_01_27__04_25_05_HDR0_0_Mothbot_yolo11m_4500_imgsz1600_b1_2024-01-18.pt.jpg,HS,Mothbot_yolo11m_4500_imgsz1600_b1_2024-01-18.pt,0.6947012543678284,,prizeCrab,Cerro_Hoya_Expedition/Hoya_505m_prizeCrab_2025-01-26/2025-01-26/patches/prizeCrab_2025_01_27__04_25_05_HDR0_0_Mothbot_yolo11m_4500_imgsz1600_b1_2024-01-18.pt.jpg,ORDER_Diptera,2025-01-27,04:25:05,,2025_01_27__04_25_05,MachineObservation,Cerro_Hoya_Expedition_Hoya_505m_prizeCrab_2025-01-26_2025-01-26,Cerro_Hoya_Expedition_Hoya_505m_prizeCrab_2025-01-26,prizeCrab_2025_01_27__04_25_05_HDR0.jpg,prizeCrab_2025_01_27__04_25_05_HDR0_0_Mothbot_yolo11m_4500_imgsz1600_b1_2024-01-18.pt.jpg
doi.org10.15468dl.6nxkw6.csv,Animalia,Arthropoda,Insecta,Hemiptera,Cixiidae,,,,8470,,Cixiidae,Cixiidae,Cerro_Hoya_Expedition_Hoya_505m_prizeCrab_2025-01-26,prizeCrab_2025_01_27__04_30_22_HDR0_0_Mothbot_yolo11m_4500_imgsz1600_b1_2024-01-18.pt.jpg,HS,Mothbot_yolo11m_4500_imgsz1600_b1_2024-01-18.pt,0.7852993011474609,,prizeCrab,Cerro_Hoya_Expedition/Hoya_505m_prizeCrab_2025-01-26/2025-01-26/patches/prizeCrab_2025_01_27__04_30_22_HDR0_0_Mothbot_yolo11m_4500_imgsz1600_b1_2024-01-18.pt.jpg,ORDER_Diptera,2025-01-27,04:30:22,,2025_01_27__04_30_22,MachineObservation,Cerro_Hoya_Expedition_Hoya_505m_prizeCrab_2025-01-26_2025-01-26,Cerro_Hoya_Expedition_Hoya_505m_prizeCrab_2025-01-26,prizeCrab_2025_01_27__04_30_22_HDR0.jpg,prizeCrab_2025_01_27__04_30_22_HDR0_0_Mothbot_yolo11m_4500_imgsz1600_b1_2024-01-18.pt.jpg
doi.org10.15468dl.6nxkw6.csv,Animalia,Arthropoda,Insecta,Diptera,,,,,811,,Diptera,Diptera,Cerro_Hoya_Expedition_Hoya_505m_prizeCrab_2025-01-26,prizeCrab_2025_01_27__04_30_22_HDR0_1_Mothbot_yolo11m_4500_imgsz1600_b1_2024-01-18.pt.jpg,HS,Mothbot_yolo11m_4500_imgsz1600_b1_2024-01-18.pt,0.7835912108421326,,prizeCrab,Cerro_Hoya_Expedition/Hoya_505m_prizeCrab_2025-01-26/2025-01-26/patches/prizeCrab_2025_01_27__04_30_22_HDR0_1_Mothbot_yolo11m_4500_imgsz1600_b1_2024-01-18.pt.jpg,ORDER_Diptera,2025-01-27,04:30:22,,2025_01_27__04_30_22,MachineObservation,Cerro_Hoya_Expedition_Hoya_505m_prizeCrab_2025-01-26_2025-01-26,Cerro_Hoya_Expedition_Hoya_505m_prizeCrab_2025-01-26,prizeCrab_2025_01_27__04_30_22_HDR0.jpg,prizeCrab_2025_01_27__04_30_22_HDR0_1_Mothbot_yolo11m_4500_imgsz1600_b1_2024-01-18.pt.jpg
doi.org10.15468dl.6nxkw6.csv,Animalia,Arthropoda,Insecta,Hemiptera,,,,,809,,Hemiptera,Hemiptera,Cerro_Hoya_Expedition_Hoya_505m_prizeCrab_2025-01-26,prizeCrab_2025_01_27__04_31_06_HDR0_0_Mothbot_yolo11m_4500_imgsz1600_b1_2024-01-18.pt.jpg,HS,Mothbot_yolo11m_4500_imgsz1600_b1_2024-01-18.pt,0.7676718235015869,,prizeCrab,Cerro_Hoya_Expedition/Hoya_505m_prizeCrab_2025-01-26/2025-01-26/patches/prizeCrab_2025_01_27__04_31_06_HDR0_0_Mothbot_yolo11m_4500_imgsz1600_b1_2024-01-18.pt.jpg,ORDER_Diptera,2025-01-27,04:31:06,,2025_01_27__04_31_06,MachineObservation,Cerro_Hoya_Expedition_Hoya_505m_prizeCrab_2025-01-26_2025-01-26,Cerro_Hoya_Expedition_Hoya_505m_prizeCrab_2025-01-26,prizeCrab_2025_01_27__04_31_06_HDR0.jpg,prizeCrab_2025_01_27__04_31_06_HDR0_0_Mothbot_yolo11m_4500_imgsz1600_b1_2024-01-18.pt.jpg
doi.org10.15468dl.6nxkw6.csv,Animalia,Arthropoda,Insecta,Diptera,,,,,811,,Diptera,Diptera,Cerro_Hoya_Expedition_Hoya_505m_prizeCrab_2025-01-26,prizeCrab_2025_01_27__04_31_06_HDR0_1_Mothbot_yolo11m_4500_imgsz1600_b1_2024-01-18.pt.jpg,HS,Mothbot_yolo11m_4500_imgsz1600_b1_2024-01-18.pt,0.701148271560669,,prizeCrab,Cerro_Hoya_Expedition/Hoya_505m_prizeCrab_2025-01-26/2025-01-26/patches/prizeCrab_2025_01_27__04_31_06_HDR0_1_Mothbot_yolo11m_4500_imgsz1600_b1_2024-01-18.pt.jpg,ORDER_Diptera,2025-01-27,04:31:06,,2025_01_27__04_31_06,MachineObservation,Cerro_Hoya_Expedition_Hoya_505m_prizeCrab_2025-01-26_2025-01-26,Cerro_Hoya_Expedition_Hoya_505m_prizeCrab_2025-01-26,prizeCrab_2025_01_27__04_31_06_HDR0.jpg,prizeCrab_2025_01_27__04_31_06_HDR0_1_Mothbot_yolo11m_4500_imgsz1600_b1_2024-01-18.pt.jpg
doi.org10.15468dl.6nxkw6.csv,Animalia,Arthropoda,Insecta,,,,,,216,,Insecta,Insecta,Cerro_Hoya_Expedition_Hoya_505m_prizeCrab_2025-01-26,prizeCrab_2025_01_27__04_31_06_HDR0_2_Mothbot_yolo11m_4500_imgsz1600_b1_2024-01-18.pt.jpg,HS,Mothbot_yolo11m_4500_imgsz1600_b1_2024-01-18.pt,0.5543604493141174,,prizeCrab,Cerro_Hoya_Expedition/Hoya_505m_prizeCrab_2025-01-26/2025-01-26/patches/prizeCrab_2025_01_27__04_31_06_HDR0_2_Mothbot_yolo11m_4500_imgsz1600_b1_2024-01-18.pt.jpg,ORDER_Coleoptera,2025-01-27,04:31:06,,2025_01_27__04_31_06,MachineObservation,Cerro_Hoya_Expedition_Hoya_505m_prizeCrab_2025-01-26_2025-01-26,Cerro_Hoya_Expedition_Hoya_505m_prizeCrab_2025-01-26,prizeCrab_2025_01_27__04_31_06_HDR0.jpg,prizeCrab_2025_01_27__04_31_06_HDR0_2_Mothbot_yolo11m_4500_imgsz1600_b1_2024-01-18.pt.jpg
doi.org10.15468dl.6nxkw6.csv,Animalia,Arthropoda,Insecta,,,,,,216,,Insecta,Insecta,Cerro_Hoya_Expedition_Hoya_505m_prizeCrab_2025-01-26,prizeCrab_2025_01_27__04_31_06_HDR0_3_Mothbot_yolo11m_4500_imgsz1600_b1_2024-01-18.pt.jpg,HS,Mothbot_yolo11m_4500_imgsz1600_b1_2024-01-18.pt,0.3551905155181885,,prizeCrab,Cerro_Hoya_Expedition/Hoya_505m_prizeCrab_2025-01-26/2025-01-26/patches/prizeCrab_2025_01_27__04_31_06_HDR0_3_Mothbot_yolo11m_4500_imgsz1600_b1_2024-01-18.pt.jpg,ORDER_Diptera,2025-01-27,04:31:06,,2025_01_27__04_31_06,MachineObservation,Cerro_Hoya_Expedition_Hoya_505m_prizeCrab_2025-01-26_2025-01-26,Cerro_Hoya_Expedition_Hoya_505m_prizeCrab_2025-01-26,prizeCrab_2025_01_27__04_31_06_HDR0.jpg,prizeCrab_2025_01_27__04_31_06_HDR0_3_Mothbot_yolo11m_4500_imgsz1600_b1_2024-01-18.pt.jpg
doi.org10.15468dl.6nxkw6.csv,Animalia,Arthropoda,Insecta,Diptera,,,,,811,,Diptera,Diptera,Cerro_Hoya_Expedition_Hoya_505m_prizeCrab_2025-01-26,prizeCrab_2025_01_27__04_32_06_HDR0_0_Mothbot_yolo11m_4500_imgsz1600_b1_2024-01-18.pt.jpg,HS,Mothbot_yolo11m_4500_imgsz1600_b1_2024-01-18.pt,0.6357637047767639,,prizeCrab,Cerro_Hoya_Expedition/Hoya_505m_prizeCrab_2025-01-26/2025-01-26/patches/prizeCrab_2025_01_27__04_32_06_HDR0_0_Mothbot_yolo11m_4500_imgsz1600_b1_2024-01-18.pt.jpg,ORDER_Diptera,2025-01-27,04:32:06,,2025_01_27__04_32_06,MachineObservation,Cerro_Hoya_Expedition_Hoya_505m_prizeCrab_2025-01-26_2025-01-26,Cerro_Hoya_Expedition_Hoya_505m_prizeCrab_2025-01-26,prizeCrab_2025_01_27__04_32_06_HDR0.jpg,prizeCrab_2025_01_27__04_32_06_HDR0_0_Mothbot_yolo11m_4500_imgsz1600_b1_2024-01-18.pt.jpg
doi.org10.15468dl.6nxkw6.csv,Animalia,Arthropoda,Insecta,Diptera,,,,,811,,Diptera,Diptera,Cerro_Hoya_Expedition_Hoya_505m_prizeCrab_2025-01-26,prizeCrab_2025_01_27__04_32_06_HDR0_1_Mothbot_yolo11m_4500_imgsz1600_b1_2024-01-18.pt.jpg,HS,Mothbot_yolo11m_4500_imgsz1600_b1_2024-01-18.pt,0.46398288011550903,,prizeCrab,Cerro_Hoya_Expedition/Hoya_505m_prizeCrab_2025-01-26/2025-01-26/patches/prizeCrab_2025_01_27__04_32_06_HDR0_1_Mothbot_yolo11m_4500_imgsz1600_b1_2024-01-18.pt.jpg,ORDER_Diptera,2025-01-27,04:32:06,,2025_01_27__04_32_06,MachineObservation,Cerro_Hoya_Expedition_Hoya_505m_prizeCrab_2025-01-26_2025-01-26,Cerro_Hoya_Expedition_Hoya_505m_prizeCrab_2025-01-26,prizeCrab_2025_01_27__04_32_06_HDR0.jpg,prizeCrab_2025_01_27__04_32_06_HDR0_1_Mothbot_yolo11m_4500_imgsz1600_b1_2024-01-18.pt.jpg
doi.org10.15468dl.6nxkw6.csv,Animalia,Arthropoda,Insecta,Diptera,,,,,811,,Diptera,Diptera,Cerro_Hoya_Expedition_Hoya_505m_prizeCrab_2025-01-26,prizeCrab_2025_01_27__04_34_06_HDR0_0_Mothbot_yolo11m_4500_imgsz1600_b1_2024-01-18.pt.jpg,HS,Mothbot_yolo11m_4500_imgsz1600_b1_2024-01-18.pt,0.56765216588974,,prizeCrab,Cerro_Hoya_Expedition/Hoya_505m_prizeCrab_2025-01-26/2025-01-26/patches/prizeCrab_2025_01_27__04_34_06_HDR0_0_Mothbot_yolo11m_4500_imgsz1600_b1_2024-01-18.pt.jpg,ORDER_Psocodea,2025-01-27,04:34:06,,2025_01_27__04_34_06,MachineObservation,Cerro_Hoya_Expedition_Hoya_505m_prizeCrab_2025-01-26_2025-01-26,Cerro_Hoya_Expedition_Hoya_505m_prizeCrab_2025-01-26,prizeCrab_2025_01_27__04_34_06_HDR0.jpg,prizeCrab_2025_01_27__04_34_06_HDR0_0_Mothbot_yolo11m_4500_imgsz1600_b1_2024-01-18.pt.jpg
doi.org10.15468dl.6nxkw6.csv,Animalia,Arthropoda,Insecta,Diptera,,,,,811,,Diptera,Diptera,Cerro_Hoya_Expedition_Hoya_505m_prizeCrab_2025-01-26,prizeCrab_2025_01_27__04_34_06_HDR0_1_Mothbot_yolo11m_4500_imgsz1600_b1_2024-01-18.pt.jpg,HS,Mothbot_yolo11m_4500_imgsz1600_b1_2024-01-18.pt,0.3020862936973572,,prizeCrab,Cerro_Hoya_Expedition/Hoya_505m_prizeCrab_2025-01-26/2025-01-26/patches/prizeCrab_2025_01_27__04_34_06_HDR0_1_Mothbot_yolo11m_4500_imgsz1600_b1_2024-01-18.pt.jpg,ORDER_Hymenoptera,2025-01-27,04:34:06,,2025_01_27__04_34_06,MachineObservation,Cerro_Hoya_Expedition_Hoya_505m_prizeCrab_2025-01-26_2025-01-26,Cerro_Hoya_Expedition_Hoya_505m_prizeCrab_2025-01-26,prizeCrab_2025_01_27__04_34_06_HDR0.jpg,prizeCrab_2025_01_27__04_34_06_HDR0_1_Mothbot_yolo11m_4500_imgsz1600_b1_2024-01-18.pt.jpg
doi.org10.15468dl.6nxkw6.csv,Animalia,Arthropoda,Insecta,Hemiptera,,,,,809,,Hemiptera,Hemiptera,Cerro_Hoya_Expedition_Hoya_505m_prizeCrab_2025-01-26,prizeCrab_2025_01_27__04_35_05_HDR0_0_Mothbot_yolo11m_4500_imgsz1600_b1_2024-01-18.pt.jpg,HS,Mothbot_yolo11m_4500_imgsz1600_b1_2024-01-18.pt,0.7411001920700073,,prizeCrab,Cerro_Hoya_Expedition/Hoya_505m_prizeCrab_2025-01-26/2025-01-26/patches/prizeCrab_2025_01_27__04_35_05_HDR0_0_Mothbot_yolo11m_4500_imgsz1600_b1_2024-01-18.pt.jpg,ORDER_Diptera,2025-01-27,04:35:05,,2025_01_27__04_35_05,MachineObservation,Cerro_Hoya_Expedition_Hoya_505m_prizeCrab_2025-01-26_2025-01-26,Cerro_Hoya_Expedition_Hoya_505m_prizeCrab_2025-01-26,prizeCrab_2025_01_27__04_35_05_HDR0.jpg,prizeCrab_2025_01_27__04_35_05_HDR0_0_Mothbot_yolo11m_4500_imgsz1600_b1_2024-01-18.pt.jpg
doi.org10.15468dl.6nxkw6.csv,Animalia,Arthropoda,Insecta,Hemiptera,,,,,809,,Hemiptera,Hemiptera,Cerro_Hoya_Expedition_Hoya_505m_prizeCrab_2025-01-26,prizeCrab_2025_01_27__04_35_05_HDR0_1_Mothbot_yolo11m_4500_imgsz1600_b1_2024-01-18.pt.jpg,HS,Mothbot_yolo11m_4500_imgsz1600_b1_2024-01-18.pt,0.7288323640823364,,prizeCrab,Cerro_Hoya_Expedition/Hoya_505m_prizeCrab_2025-01-26/2025-01-26/patches/prizeCrab_2025_01_27__04_35_05_HDR0_1_Mothbot_yolo11m_4500_imgsz1600_b1_2024-01-18.pt.jpg,ORDER_Lepidoptera,2025-01-27,04:35:05,,2025_01_27__04_35_05,MachineObservation,Cerro_Hoya_Expedition_Hoya_505m_prizeCrab_2025-01-26_2025-01-26,Cerro_Hoya_Expedition_Hoya_505m_prizeCrab_2025-01-26,prizeCrab_2025_01_27__04_35_05_HDR0.jpg,prizeCrab_2025_01_27__04_35_05_HDR0_1_Mothbot_yolo11m_4500_imgsz1600_b1_2024-01-18.pt.jpg
doi.org10.15468dl.6nxkw6.csv,Animalia,Arthropoda,Insecta,Lepidoptera,,,,,797,,Lepidoptera,Lepidoptera,Cerro_Hoya_Expedition_Hoya_505m_prizeCrab_2025-01-26,prizeCrab_2025_01_27__04_37_22_HDR0_0_Mothbot_yolo11m_4500_imgsz1600_b1_2024-01-18.pt.jpg,HS,Mothbot_yolo11m_4500_imgsz1600_b1_2024-01-18.pt,0.8260594606399536,,prizeCrab,Cerro_Hoya_Expedition/Hoya_505m_prizeCrab_2025-01-26/2025-01-26/patches/prizeCrab_2025_01_27__04_37_22_HDR0_0_Mothbot_yolo11m_4500_imgsz1600_b1_2024-01-18.pt.jpg,ORDER_Lepidoptera,2025-01-27,04:37:22,,2025_01_27__04_37_22,MachineObservation,Cerro_Hoya_Expedition_Hoya_505m_prizeCrab_2025-01-26_2025-01-26,Cerro_Hoya_Expedition_Hoya_505m_prizeCrab_2025-01-26,prizeCrab_2025_01_27__04_37_22_HDR0.jpg,prizeCrab_2025_01_27__04_37_22_HDR0_0_Mothbot_yolo11m_4500_imgsz1600_b1_2024-01-18.pt.jpg
doi.org10.15468dl.6nxkw6.csv,Animalia,Arthropoda,Insecta,Hymenoptera,,,,,1457,,Hymenoptera,Hymenoptera,Cerro_Hoya_Expedition_Hoya_505m_prizeCrab_2025-01-26,prizeCrab_2025_01_27__04_37_22_HDR0_1_Mothbot_yolo11m_4500_imgsz1600_b1_2024-01-18.pt.jpg,HS,Mothbot_yolo11m_4500_imgsz1600_b1_2024-01-18.pt,0.6336127519607544,,prizeCrab,Cerro_Hoya_Expedition/Hoya_505m_prizeCrab_2025-01-26/2025-01-26/patches/prizeCrab_2025_01_27__04_37_22_HDR0_1_Mothbot_yolo11m_4500_imgsz1600_b1_2024-01-18.pt.jpg,ORDER_Hymenoptera,2025-01-27,04:37:22,,2025_01_27__04_37_22,MachineObservation,Cerro_Hoya_Expedition_Hoya_505m_prizeCrab_2025-01-26_2025-01-26,Cerro_Hoya_Expedition_Hoya_505m_prizeCrab_2025-01-26,prizeCrab_2025_01_27__04_37_22_HDR0.jpg,prizeCrab_2025_01_27__04_37_22_HDR0_1_Mothbot_yolo11m_4500_imgsz1600_b1_2024-01-18.pt.jpg
doi.org10.15468dl.6nxkw6.csv,Animalia,Arthropoda,Insecta,Lepidoptera,,,,,797,,Lepidoptera,Lepidoptera,Cerro_Hoya_Expedition_Hoya_505m_prizeCrab_2025-01-26,prizeCrab_2025_01_27__04_38_06_HDR0_0_Mothbot_yolo11m_4500_imgsz1600_b1_2024-01-18.pt.jpg,HS,Mothbot_yolo11m_4500_imgsz1600_b1_2024-01-18.pt,0.8256577849388123,,prizeCrab,Cerro_Hoya_Expedition/Hoya_505m_prizeCrab_2025-01-26/2025-01-26/patches/prizeCrab_2025_01_27__04_38_06_HDR0_0_Mothbot_yolo11m_4500_imgsz1600_b1_2024-01-18.pt.jpg,ORDER_Lepidoptera,2025-01-27,04:38:06,,2025_01_27__04_38_06,MachineObservation,Cerro_Hoya_Expedition_Hoya_505m_prizeCrab_2025-01-26_2025-01-26,Cerro_Hoya_Expedition_Hoya_505m_prizeCrab_2025-01-26,prizeCrab_2025_01_27__04_38_06_HDR0.jpg,prizeCrab_2025_01_27__04_38_06_HDR0_0_Mothbot_yolo11m_4500_imgsz1600_b1_2024-01-18.pt.jpg
doi.org10.15468dl.6nxkw6.csv,Animalia,Arthropoda,Insecta,Coleoptera,,,,,1470,,Coleoptera,Coleoptera,Cerro_Hoya_Expedition_Hoya_505m_prizeCrab_2025-01-26,prizeCrab_2025_01_27__04_38_06_HDR0_1_Mothbot_yolo11m_4500_imgsz1600_b1_2024-01-18.pt.jpg,HS,Mothbot_yolo11m_4500_imgsz1600_b1_2024-01-18.pt,0.6735128164291382,,prizeCrab,Cerro_Hoya_Expedition/Hoya_505m_prizeCrab_2025-01-26/2025-01-26/patches/prizeCrab_2025_01_27__04_38_06_HDR0_1_Mothbot_yolo11m_4500_imgsz1600_b1_2024-01-18.pt.jpg,ORDER_Coleoptera,2025-01-27,04:38:06,,2025_01_27__04_38_06,MachineObservation,Cerro_Hoya_Expedition_Hoya_505m_prizeCrab_2025-01-26_2025-01-26,Cerro_Hoya_Expedition_Hoya_505m_prizeCrab_2025-01-26,prizeCrab_2025_01_27__04_38_06_HDR0.jpg,prizeCrab_2025_01_27__04_38_06_HDR0_1_Mothbot_yolo11m_4500_imgsz1600_b1_2024-01-18.pt.jpg
doi.org10.15468dl.6nxkw6.csv,Animalia,Arthropoda,Insecta,,,,,,216,,Insecta,Insecta,Cerro_Hoya_Expedition_Hoya_505m_prizeCrab_2025-01-26,prizeCrab_2025_01_27__04_38_06_HDR0_2_Mothbot_yolo11m_4500_imgsz1600_b1_2024-01-18.pt.jpg,HS,Mothbot_yolo11m_4500_imgsz1600_b1_2024-01-18.pt,0.5030741095542908,,prizeCrab,Cerro_Hoya_Expedition/Hoya_505m_prizeCrab_2025-01-26/2025-01-26/patches/prizeCrab_2025_01_27__04_38_06_HDR0_2_Mothbot_yolo11m_4500_imgsz1600_b1_2024-01-18.pt.jpg,ORDER_Hymenoptera,2025-01-27,04:38:06,,2025_01_27__04_38_06,MachineObservation,Cerro_Hoya_Expedition_Hoya_505m_prizeCrab_2025-01-26_2025-01-26,Cerro_Hoya_Expedition_Hoya_505m_prizeCrab_2025-01-26,prizeCrab_2025_01_27__04_38_06_HDR0.jpg,prizeCrab_2025_01_27__04_38_06_HDR0_2_Mothbot_yolo11m_4500_imgsz1600_b1_2024-01-18.pt.jpg
doi.org10.15468dl.6nxkw6.csv,Animalia,Arthropoda,Insecta,Hymenoptera,,,,,1457,,Hymenoptera,Hymenoptera,Cerro_Hoya_Expedition_Hoya_505m_prizeCrab_2025-01-26,prizeCrab_2025_01_27__04_38_06_HDR0_3_Mothbot_yolo11m_4500_imgsz1600_b1_2024-01-18.pt.jpg,HS,Mothbot_yolo11m_4500_imgsz1600_b1_2024-01-18.pt,0.44895023107528687,,prizeCrab,Cerro_Hoya_Expedition/Hoya_505m_prizeCrab_2025-01-26/2025-01-26/patches/prizeCrab_2025_01_27__04_38_06_HDR0_3_Mothbot_yolo11m_4500_imgsz1600_b1_2024-01-18.pt.jpg,ORDER_Hymenoptera,2025-01-27,04:38:06,,2025_01_27__04_38_06,MachineObservation,Cerro_Hoya_Expedition_Hoya_505m_prizeCrab_2025-01-26_2025-01-26,Cerro_Hoya_Expedition_Hoya_505m_prizeCrab_2025-01-26,prizeCrab_2025_01_27__04_38_06_HDR0.jpg,prizeCrab_2025_01_27__04_38_06_HDR0_3_Mothbot_yolo11m_4500_imgsz1600_b1_2024-01-18.pt.jpg
doi.org10.15468dl.6nxkw6.csv,Animalia,Arthropoda,Insecta,Diptera,,,,,811,,Diptera,Diptera,Cerro_Hoya_Expedition_Hoya_505m_prizeCrab_2025-01-26,prizeCrab_2025_01_27__04_38_06_HDR0_4_Mothbot_yolo11m_4500_imgsz1600_b1_2024-01-18.pt.jpg,HS,Mothbot_yolo11m_4500_imgsz1600_b1_2024-01-18.pt,0.44877398014068604,,prizeCrab,Cerro_Hoya_Expedition/Hoya_505m_prizeCrab_2025-01-26/2025-01-26/patches/prizeCrab_2025_01_27__04_38_06_HDR0_4_Mothbot_yolo11m_4500_imgsz1600_b1_2024-01-18.pt.jpg,ORDER_Diptera,2025-01-27,04:38:06,,2025_01_27__04_38_06,MachineObservation,Cerro_Hoya_Expedition_Hoya_505m_prizeCrab_2025-01-26_2025-01-26,Cerro_Hoya_Expedition_Hoya_505m_prizeCrab_2025-01-26,prizeCrab_2025_01_27__04_38_06_HDR0.jpg,prizeCrab_2025_01_27__04_38_06_HDR0_4_Mothbot_yolo11m_4500_imgsz1600_b1_2024-01-18.pt.jpg
doi.org10.15468dl.6nxkw6.csv,Animalia,Arthropoda,Insecta,Lepidoptera,,,,,797,,Lepidoptera,Lepidoptera,Cerro_Hoya_Expedition_Hoya_505m_prizeCrab_2025-01-26,prizeCrab_2025_01_27__04_39_06_HDR0_0_Mothbot_yolo11m_4500_imgsz1600_b1_2024-01-18.pt.jpg,HS,Mothbot_yolo11m_4500_imgsz1600_b1_2024-01-18.pt,0.7959504127502441,,prizeCrab,Cerro_Hoya_Expedition/Hoya_505m_prizeCrab_2025-01-26/2025-01-26/patches/prizeCrab_2025_01_27__04_39_06_HDR0_0_Mothbot_yolo11m_4500_imgsz1600_b1_2024-01-18.pt.jpg,ORDER_Lepidoptera,2025-01-27,04:39:06,,2025_01_27__04_39_06,MachineObservation,Cerro_Hoya_Expedition_Hoya_505m_prizeCrab_2025-01-26_2025-01-26,Cerro_Hoya_Expedition_Hoya_505m_prizeCrab_2025-01-26,prizeCrab_2025_01_27__04_39_06_HDR0.jpg,prizeCrab_2025_01_27__04_39_06_HDR0_0_Mothbot_yolo11m_4500_imgsz1600_b1_2024-01-18.pt.jpg
doi.org10.15468dl.6nxkw6.csv,Animalia,Arthropoda,Insecta,Coleoptera,,,,,1470,,Coleoptera,Coleoptera,Cerro_Hoya_Expedition_Hoya_505m_prizeCrab_2025-01-26,prizeCrab_2025_01_27__04_39_06_HDR0_1_Mothbot_yolo11m_4500_imgsz1600_b1_2024-01-18.pt.jpg,HS,Mothbot_yolo11m_4500_imgsz1600_b1_2024-01-18.pt,0.7230584621429443,,prizeCrab,Cerro_Hoya_Expedition/Hoya_505m_prizeCrab_2025-01-26/2025-01-26/patches/prizeCrab_2025_01_27__04_39_06_HDR0_1_Mothbot_yolo11m_4500_imgsz1600_b1_2024-01-18.pt.jpg,ORDER_Hymenoptera,2025-01-27,04:39:06,,2025_01_27__04_39_06,MachineObservation,Cerro_Hoya_Expedition_Hoya_505m_prizeCrab_2025-01-26_2025-01-26,Cerro_Hoya_Expedition_Hoya_505m_prizeCrab_2025-01-26,prizeCrab_2025_01_27__04_39_06_HDR0.jpg,prizeCrab_2025_01_27__04_39_06_HDR0_1_Mothbot_yolo11m_4500_imgsz1600_b1_2024-01-18.pt.jpg
doi.org10.15468dl.6nxkw6.csv,Animalia,Arthropoda,Insecta,Diptera,,,,,811,,Diptera,Diptera,Cerro_Hoya_Expedition_Hoya_505m_prizeCrab_2025-01-26,prizeCrab_2025_01_27__04_39_06_HDR0_2_Mothbot_yolo11m_4500_imgsz1600_b1_2024-01-18.pt.jpg,HS,Mothbot_yolo11m_4500_imgsz1600_b1_2024-01-18.pt,0.49773991107940674,,prizeCrab,Cerro_Hoya_Expedition/Hoya_505m_prizeCrab_2025-01-26/2025-01-26/patches/prizeCrab_2025_01_27__04_39_06_HDR0_2_Mothbot_yolo11m_4500_imgsz1600_b1_2024-01-18.pt.jpg,ORDER_Coleoptera,2025-01-27,04:39:06,,2025_01_27__04_39_06,MachineObservation,Cerro_Hoya_Expedition_Hoya_505m_prizeCrab_2025-01-26_2025-01-26,Cerro_Hoya_Expedition_Hoya_505m_prizeCrab_2025-01-26,prizeCrab_2025_01_27__04_39_06_HDR0.jpg,prizeCrab_2025_01_27__04_39_06_HDR0_2_Mothbot_yolo11m_4500_imgsz1600_b1_2024-01-18.pt.jpg
doi.org10.15468dl.6nxkw6.csv,Animalia,Arthropoda,Insecta,,,,,,216,,Insecta,Insecta,Cerro_Hoya_Expedition_Hoya_505m_prizeCrab_2025-01-26,prizeCrab_2025_01_27__04_39_06_HDR0_3_Mothbot_yolo11m_4500_imgsz1600_b1_2024-01-18.pt.jpg,HS,Mothbot_yolo11m_4500_imgsz1600_b1_2024-01-18.pt,0.457250714302063,,prizeCrab,Cerro_Hoya_Expedition/Hoya_505m_prizeCrab_2025-01-26/2025-01-26/patches/prizeCrab_2025_01_27__04_39_06_HDR0_3_Mothbot_yolo11m_4500_imgsz1600_b1_2024-01-18.pt.jpg,ORDER_Diptera,2025-01-27,04:39:06,,2025_01_27__04_39_06,MachineObservation,Cerro_Hoya_Expedition_Hoya_505m_prizeCrab_2025-01-26_2025-01-26,Cerro_Hoya_Expedition_Hoya_505m_prizeCrab_2025-01-26,prizeCrab_2025_01_27__04_39_06_HDR0.jpg,prizeCrab_2025_01_27__04_39_06_HDR0_3_Mothbot_yolo11m_4500_imgsz1600_b1_2024-01-18.pt.jpg
doi.org10.15468dl.6nxkw6.csv,Animalia,Arthropoda,Insecta,,,,,,216,,Insecta,Insecta,Cerro_Hoya_Expedition_Hoya_505m_prizeCrab_2025-01-26,prizeCrab_2025_01_27__04_39_06_HDR0_4_Mothbot_yolo11m_4500_imgsz1600_b1_2024-01-18.pt.jpg,HS,Mothbot_yolo11m_4500_imgsz1600_b1_2024-01-18.pt,0.3596048057079315,,prizeCrab,Cerro_Hoya_Expedition/Hoya_505m_prizeCrab_2025-01-26/2025-01-26/patches/prizeCrab_2025_01_27__04_39_06_HDR0_4_Mothbot_yolo11m_4500_imgsz1600_b1_2024-01-18.pt.jpg,ORDER_Diptera,2025-01-27,04:39:06,,2025_01_27__04_39_06,MachineObservation,Cerro_Hoya_Expedition_Hoya_505m_prizeCrab_2025-01-26_2025-01-26,Cerro_Hoya_Expedition_Hoya_505m_prizeCrab_2025-01-26,prizeCrab_2025_01_27__04_39_06_HDR0.jpg,prizeCrab_2025_01_27__04_39_06_HDR0_4_Mothbot_yolo11m_4500_imgsz1600_b1_2024-01-18.pt.jpg
doi.org10.15468dl.6nxkw6.csv,Animalia,Arthropoda,Insecta,Lepidoptera,,,,,797,,Lepidoptera,Lepidoptera,Cerro_Hoya_Expedition_Hoya_505m_prizeCrab_2025-01-26,prizeCrab_2025_01_27__04_40_06_HDR0_0_Mothbot_yolo11m_4500_imgsz1600_b1_2024-01-18.pt.jpg,HS,Mothbot_yolo11m_4500_imgsz1600_b1_2024-01-18.pt,0.8441779613494873,,prizeCrab,Cerro_Hoya_Expedition/Hoya_505m_prizeCrab_2025-01-26/2025-01-26/patches/prizeCrab_2025_01_27__04_40_06_HDR0_0_Mothbot_yolo11m_4500_imgsz1600_b1_2024-01-18.pt.jpg,ORDER_Lepidoptera,2025-01-27,04:40:06,,2025_01_27__04_40_06,MachineObservation,Cerro_Hoya_Expedition_Hoya_505m_prizeCrab_2025-01-26_2025-01-26,Cerro_Hoya_Expedition_Hoya_505m_prizeCrab_2025-01-26,prizeCrab_2025_01_27__04_40_06_HDR0.jpg,prizeCrab_2025_01_27__04_40_06_HDR0_0_Mothbot_yolo11m_4500_imgsz1600_b1_2024-01-18.pt.jpg
doi.org10.15468dl.6nxkw6.csv,Animalia,Arthropoda,Insecta,Coleoptera,,,,,1470,,Coleoptera,Coleoptera,Cerro_Hoya_Expedition_Hoya_505m_prizeCrab_2025-01-26,prizeCrab_2025_01_27__04_40_06_HDR0_1_Mothbot_yolo11m_4500_imgsz1600_b1_2024-01-18.pt.jpg,HS,Mothbot_yolo11m_4500_imgsz1600_b1_2024-01-18.pt,0.747046947479248,,prizeCrab,Cerro_Hoya_Expedition/Hoya_505m_prizeCrab_2025-01-26/2025-01-26/patches/prizeCrab_2025_01_27__04_40_06_HDR0_1_Mothbot_yolo11m_4500_imgsz1600_b1_2024-01-18.pt.jpg,ORDER_Hemiptera,2025-01-27,04:40:06,,2025_01_27__04_40_06,MachineObservation,Cerro_Hoya_Expedition_Hoya_505m_prizeCrab_2025-01-26_2025-01-26,Cerro_Hoya_Expedition_Hoya_505m_prizeCrab_2025-01-26,prizeCrab_2025_01_27__04_40_06_HDR0.jpg,prizeCrab_2025_01_27__04_40_06_HDR0_1_Mothbot_yolo11m_4500_imgsz1600_b1_2024-01-18.pt.jpg
doi.org10.15468dl.6nxkw6.csv,Animalia,Arthropoda,Insecta,Diptera,,,,,811,,Diptera,Diptera,Cerro_Hoya_Expedition_Hoya_505m_prizeCrab_2025-01-26,prizeCrab_2025_01_27__04_40_06_HDR0_2_Mothbot_yolo11m_4500_imgsz1600_b1_2024-01-18.pt.jpg,HS,Mothbot_yolo11m_4500_imgsz1600_b1_2024-01-18.pt,0.669135332107544,,prizeCrab,Cerro_Hoya_Expedition/Hoya_505m_prizeCrab_2025-01-26/2025-01-26/patches/prizeCrab_2025_01_27__04_40_06_HDR0_2_Mothbot_yolo11m_4500_imgsz1600_b1_2024-01-18.pt.jpg,ORDER_Hemiptera,2025-01-27,04:40:06,,2025_01_27__04_40_06,MachineObservation,Cerro_Hoya_Expedition_Hoya_505m_prizeCrab_2025-01-26_2025-01-26,Cerro_Hoya_Expedition_Hoya_505m_prizeCrab_2025-01-26,prizeCrab_2025_01_27__04_40_06_HDR0.jpg,prizeCrab_2025_01_27__04_40_06_HDR0_2_Mothbot_yolo11m_4500_imgsz1600_b1_2024-01-18.pt.jpg
doi.org10.15468dl.6nxkw6.csv,Animalia,Arthropoda,Insecta,Diptera,,,,,811,,Diptera,Diptera,Cerro_Hoya_Expedition_Hoya_505m_prizeCrab_2025-01-26,prizeCrab_2025_01_27__04_40_06_HDR0_3_Mothbot_yolo11m_4500_imgsz1600_b1_2024-01-18.pt.jpg,HS,Mothbot_yolo11m_4500_imgsz1600_b1_2024-01-18.pt,0.5842556357383728,,prizeCrab,Cerro_Hoya_Expedition/Hoya_505m_prizeCrab_2025-01-26/2025-01-26/patches/prizeCrab_2025_01_27__04_40_06_HDR0_3_Mothbot_yolo11m_4500_imgsz1600_b1_2024-01-18.pt.jpg,ORDER_Diptera,2025-01-27,04:40:06,,2025_01_27__04_40_06,MachineObservation,Cerro_Hoya_Expedition_Hoya_505m_prizeCrab_2025-01-26_2025-01-26,Cerro_Hoya_Expedition_Hoya_505m_prizeCrab_2025-01-26,prizeCrab_2025_01_27__04_40_06_HDR0.jpg,prizeCrab_2025_01_27__04_40_06_HDR0_3_Mothbot_yolo11m_4500_imgsz1600_b1_2024-01-18.pt.jpg
doi.org10.15468dl.6nxkw6.csv,Animalia,Arthropoda,Insecta,Diptera,,,,,811,,Diptera,Diptera,Cerro_Hoya_Expedition_Hoya_505m_prizeCrab_2025-01-26,prizeCrab_2025_01_27__04_40_06_HDR0_4_Mothbot_yolo11m_4500_imgsz1600_b1_2024-01-18.pt.jpg,HS,Mothbot_yolo11m_4500_imgsz1600_b1_2024-01-18.pt,0.25654077529907227,,prizeCrab,Cerro_Hoya_Expedition/Hoya_505m_prizeCrab_2025-01-26/2025-01-26/patches/prizeCrab_2025_01_27__04_40_06_HDR0_4_Mothbot_yolo11m_4500_imgsz1600_b1_2024-01-18.pt.jpg,ORDER_Diptera,2025-01-27,04:40:06,,2025_01_27__04_40_06,MachineObservation,Cerro_Hoya_Expedition_Hoya_505m_prizeCrab_2025-01-26_2025-01-26,Cerro_Hoya_Expedition_Hoya_505m_prizeCrab_2025-01-26,prizeCrab_2025_01_27__04_40_06_HDR0.jpg,prizeCrab_2025_01_27__04_40_06_HDR0_4_Mothbot_yolo11m_4500_imgsz1600_b1_2024-01-18.pt.jpg
doi.org10.15468dl.6nxkw6.csv,Animalia,Arthropoda,Insecta,Hemiptera,Cixiidae,,,,8470,,Cixiidae,Cixiidae,Cerro_Hoya_Expedition_Hoya_505m_prizeCrab_2025-01-26,prizeCrab_2025_01_27__04_41_05_HDR0_0_Mothbot_yolo11m_4500_imgsz1600_b1_2024-01-18.pt.jpg,HS,Mothbot_yolo11m_4500_imgsz1600_b1_2024-01-18.pt,0.8009952902793884,,prizeCrab,Cerro_Hoya_Expedition/Hoya_505m_prizeCrab_2025-01-26/2025-01-26/patches/prizeCrab_2025_01_27__04_41_05_HDR0_0_Mothbot_yolo11m_4500_imgsz1600_b1_2024-01-18.pt.jpg,ORDER_Diptera,2025-01-27,04:41:05,,2025_01_27__04_41_05,MachineObservation,Cerro_Hoya_Expedition_Hoya_505m_prizeCrab_2025-01-26_2025-01-26,Cerro_Hoya_Expedition_Hoya_505m_prizeCrab_2025-01-26,prizeCrab_2025_01_27__04_41_05_HDR0.jpg,prizeCrab_2025_01_27__04_41_05_HDR0_0_Mothbot_yolo11m_4500_imgsz1600_b1_2024-01-18.pt.jpg
doi.org10.15468dl.6nxkw6.csv,Animalia,Arthropoda,Insecta,Hymenoptera,,,,,1457,,Hymenoptera,Hymenoptera,Cerro_Hoya_Expedition_Hoya_505m_prizeCrab_2025-01-26,prizeCrab_2025_01_27__04_41_05_HDR0_1_Mothbot_yolo11m_4500_imgsz1600_b1_2024-01-18.pt.jpg,HS,Mothbot_yolo11m_4500_imgsz1600_b1_2024-01-18.pt,0.4710829555988312,,prizeCrab,Cerro_Hoya_Expedition/Hoya_505m_prizeCrab_2025-01-26/2025-01-26/patches/prizeCrab_2025_01_27__04_41_05_HDR0_1_Mothbot_yolo11m_4500_imgsz1600_b1_2024-01-18.pt.jpg,ORDER_Hymenoptera,2025-01-27,04:41:05,,2025_01_27__04_41_05,MachineObservation,Cerro_Hoya_Expedition_Hoya_505m_prizeCrab_2025-01-26_2025-01-26,Cerro_Hoya_Expedition_Hoya_505m_prizeCrab_2025-01-26,prizeCrab_2025_01_27__04_41_05_HDR0.jpg,prizeCrab_2025_01_27__04_41_05_HDR0_1_Mothbot_yolo11m_4500_imgsz1600_b1_2024-01-18.pt.jpg
doi.org10.15468dl.6nxkw6.csv,Animalia,Arthropoda,Insecta,Hemiptera,Cixiidae,,,,8470,,Cixiidae,Cixiidae,Cerro_Hoya_Expedition_Hoya_505m_prizeCrab_2025-01-26,prizeCrab_2025_01_27__04_42_06_HDR0_0_Mothbot_yolo11m_4500_imgsz1600_b1_2024-01-18.pt.jpg,HS,Mothbot_yolo11m_4500_imgsz1600_b1_2024-01-18.pt,0.7942905426025391,,prizeCrab,Cerro_Hoya_Expedition/Hoya_505m_prizeCrab_2025-01-26/2025-01-26/patches/prizeCrab_2025_01_27__04_42_06_HDR0_0_Mothbot_yolo11m_4500_imgsz1600_b1_2024-01-18.pt.jpg,ORDER_Diptera,2025-01-27,04:42:06,,2025_01_27__04_42_06,MachineObservation,Cerro_Hoya_Expedition_Hoya_505m_prizeCrab_2025-01-26_2025-01-26,Cerro_Hoya_Expedition_Hoya_505m_prizeCrab_2025-01-26,prizeCrab_2025_01_27__04_42_06_HDR0.jpg,prizeCrab_2025_01_27__04_42_06_HDR0_0_Mothbot_yolo11m_4500_imgsz1600_b1_2024-01-18.pt.jpg
doi.org10.15468dl.6nxkw6.csv,Animalia,Arthropoda,Insecta,Diptera,,,,,811,,Diptera,Diptera,Cerro_Hoya_Expedition_Hoya_505m_prizeCrab_2025-01-26,prizeCrab_2025_01_27__04_42_06_HDR0_1_Mothbot_yolo11m_4500_imgsz1600_b1_2024-01-18.pt.jpg,HS,Mothbot_yolo11m_4500_imgsz1600_b1_2024-01-18.pt,0.5139452815055847,,prizeCrab,Cerro_Hoya_Expedition/Hoya_505m_prizeCrab_2025-01-26/2025-01-26/patches/prizeCrab_2025_01_27__04_42_06_HDR0_1_Mothbot_yolo11m_4500_imgsz1600_b1_2024-01-18.pt.jpg,ORDER_Hymenoptera,2025-01-27,04:42:06,,2025_01_27__04_42_06,MachineObservation,Cerro_Hoya_Expedition_Hoya_505m_prizeCrab_2025-01-26_2025-01-26,Cerro_Hoya_Expedition_Hoya_505m_prizeCrab_2025-01-26,prizeCrab_2025_01_27__04_42_06_HDR0.jpg,prizeCrab_2025_01_27__04_42_06_HDR0_1_Mothbot_yolo11m_4500_imgsz1600_b1_2024-01-18.pt.jpg
doi.org10.15468dl.6nxkw6.csv,Animalia,Arthropoda,Insecta,Coleoptera,,,,,1470,,Coleoptera,Coleoptera,Cerro_Hoya_Expedition_Hoya_505m_prizeCrab_2025-01-26,prizeCrab_2025_01_27__04_43_06_HDR0_0_Mothbot_yolo11m_4500_imgsz1600_b1_2024-01-18.pt.jpg,HS,Mothbot_yolo11m_4500_imgsz1600_b1_2024-01-18.pt,0.794094443321228,,prizeCrab,Cerro_Hoya_Expedition/Hoya_505m_prizeCrab_2025-01-26/2025-01-26/patches/prizeCrab_2025_01_27__04_43_06_HDR0_0_Mothbot_yolo11m_4500_imgsz1600_b1_2024-01-18.pt.jpg,ORDER_Hymenoptera,2025-01-27,04:43:06,,2025_01_27__04_43_06,MachineObservation,Cerro_Hoya_Expedition_Hoya_505m_prizeCrab_2025-01-26_2025-01-26,Cerro_Hoya_Expedition_Hoya_505m_prizeCrab_2025-01-26,prizeCrab_2025_01_27__04_43_06_HDR0.jpg,prizeCrab_2025_01_27__04_43_06_HDR0_0_Mothbot_yolo11m_4500_imgsz1600_b1_2024-01-18.pt.jpg
doi.org10.15468dl.6nxkw6.csv,Animalia,Arthropoda,Insecta,Hemiptera,Cixiidae,,,,8470,,Cixiidae,Cixiidae,Cerro_Hoya_Expedition_Hoya_505m_prizeCrab_2025-01-26,prizeCrab_2025_01_27__04_43_06_HDR0_1_Mothbot_yolo11m_4500_imgsz1600_b1_2024-01-18.pt.jpg,HS,Mothbot_yolo11m_4500_imgsz1600_b1_2024-01-18.pt,0.7704604268074036,,prizeCrab,Cerro_Hoya_Expedition/Hoya_505m_prizeCrab_2025-01-26/2025-01-26/patches/prizeCrab_2025_01_27__04_43_06_HDR0_1_Mothbot_yolo11m_4500_imgsz1600_b1_2024-01-18.pt.jpg,ORDER_Diptera,2025-01-27,04:43:06,,2025_01_27__04_43_06,MachineObservation,Cerro_Hoya_Expedition_Hoya_505m_prizeCrab_2025-01-26_2025-01-26,Cerro_Hoya_Expedition_Hoya_505m_prizeCrab_2025-01-26,prizeCrab_2025_01_27__04_43_06_HDR0.jpg,prizeCrab_2025_01_27__04_43_06_HDR0_1_Mothbot_yolo11m_4500_imgsz1600_b1_2024-01-18.pt.jpg
doi.org10.15468dl.6nxkw6.csv,Animalia,Arthropoda,Insecta,Diptera,,,,,811,,Diptera,Diptera,Cerro_Hoya_Expedition_Hoya_505m_prizeCrab_2025-01-26,prizeCrab_2025_01_27__04_43_06_HDR0_2_Mothbot_yolo11m_4500_imgsz1600_b1_2024-01-18.pt.jpg,HS,Mothbot_yolo11m_4500_imgsz1600_b1_2024-01-18.pt,0.7284054160118103,,prizeCrab,Cerro_Hoya_Expedition/Hoya_505m_prizeCrab_2025-01-26/2025-01-26/patches/prizeCrab_2025_01_27__04_43_06_HDR0_2_Mothbot_yolo11m_4500_imgsz1600_b1_2024-01-18.pt.jpg,ORDER_Diptera,2025-01-27,04:43:06,,2025_01_27__04_43_06,MachineObservation,Cerro_Hoya_Expedition_Hoya_505m_prizeCrab_2025-01-26_2025-01-26,Cerro_Hoya_Expedition_Hoya_505m_prizeCrab_2025-01-26,prizeCrab_2025_01_27__04_43_06_HDR0.jpg,prizeCrab_2025_01_27__04_43_06_HDR0_2_Mothbot_yolo11m_4500_imgsz1600_b1_2024-01-18.pt.jpg
doi.org10.15468dl.6nxkw6.csv,Animalia,Arthropoda,Insecta,,,,,,216,,Insecta,Insecta,Cerro_Hoya_Expedition_Hoya_505m_prizeCrab_2025-01-26,prizeCrab_2025_01_27__04_43_06_HDR0_3_Mothbot_yolo11m_4500_imgsz1600_b1_2024-01-18.pt.jpg,HS,Mothbot_yolo11m_4500_imgsz1600_b1_2024-01-18.pt,0.3261362314224243,,prizeCrab,Cerro_Hoya_Expedition/Hoya_505m_prizeCrab_2025-01-26/2025-01-26/patches/prizeCrab_2025_01_27__04_43_06_HDR0_3_Mothbot_yolo11m_4500_imgsz1600_b1_2024-01-18.pt.jpg,ORDER_Diptera,2025-01-27,04:43:06,,2025_01_27__04_43_06,MachineObservation,Cerro_Hoya_Expedition_Hoya_505m_prizeCrab_2025-01-26_2025-01-26,Cerro_Hoya_Expedition_Hoya_505m_prizeCrab_2025-01-26,prizeCrab_2025_01_27__04_43_06_HDR0.jpg,prizeCrab_2025_01_27__04_43_06_HDR0_3_Mothbot_yolo11m_4500_imgsz1600_b1_2024-01-18.pt.jpg
doi.org10.15468dl.6nxkw6.csv,Animalia,Arthropoda,Insecta,Hemiptera,Cixiidae,,,,8470,,Cixiidae,Cixiidae,Cerro_Hoya_Expedition_Hoya_505m_prizeCrab_2025-01-26,prizeCrab_2025_01_27__04_44_22_HDR0_0_Mothbot_yolo11m_4500_imgsz1600_b1_2024-01-18.pt.jpg,HS,Mothbot_yolo11m_4500_imgsz1600_b1_2024-01-18.pt,0.7974727749824524,,prizeCrab,Cerro_Hoya_Expedition/Hoya_505m_prizeCrab_2025-01-26/2025-01-26/patches/prizeCrab_2025_01_27__04_44_22_HDR0_0_Mothbot_yolo11m_4500_imgsz1600_b1_2024-01-18.pt.jpg,ORDER_Diptera,2025-01-27,04:44:22,,2025_01_27__04_44_22,MachineObservation,Cerro_Hoya_Expedition_Hoya_505m_prizeCrab_2025-01-26_2025-01-26,Cerro_Hoya_Expedition_Hoya_505m_prizeCrab_2025-01-26,prizeCrab_2025_01_27__04_44_22_HDR0.jpg,prizeCrab_2025_01_27__04_44_22_HDR0_0_Mothbot_yolo11m_4500_imgsz1600_b1_2024-01-18.pt.jpg
doi.org10.15468dl.6nxkw6.csv,Animalia,Arthropoda,Insecta,Diptera,,,,,811,,Diptera,Diptera,Cerro_Hoya_Expedition_Hoya_505m_prizeCrab_2025-01-26,prizeCrab_2025_01_27__04_44_22_HDR0_1_Mothbot_yolo11m_4500_imgsz1600_b1_2024-01-18.pt.jpg,HS,Mothbot_yolo11m_4500_imgsz1600_b1_2024-01-18.pt,0.6804038882255554,,prizeCrab,Cerro_Hoya_Expedition/Hoya_505m_prizeCrab_2025-01-26/2025-01-26/patches/prizeCrab_2025_01_27__04_44_22_HDR0_1_Mothbot_yolo11m_4500_imgsz1600_b1_2024-01-18.pt.jpg,ORDER_Diptera,2025-01-27,04:44:22,,2025_01_27__04_44_22,MachineObservation,Cerro_Hoya_Expedition_Hoya_505m_prizeCrab_2025-01-26_2025-01-26,Cerro_Hoya_Expedition_Hoya_505m_prizeCrab_2025-01-26,prizeCrab_2025_01_27__04_44_22_HDR0.jpg,prizeCrab_2025_01_27__04_44_22_HDR0_1_Mothbot_yolo11m_4500_imgsz1600_b1_2024-01-18.pt.jpg
doi.org10.15468dl.6nxkw6.csv,Animalia,Arthropoda,Insecta,Hemiptera,Cixiidae,,,,8470,,Cixiidae,Cixiidae,Cerro_Hoya_Expedition_Hoya_505m_prizeCrab_2025-01-26,prizeCrab_2025_01_27__04_45_05_HDR0_0_Mothbot_yolo11m_4500_imgsz1600_b1_2024-01-18.pt.jpg,HS,Mothbot_yolo11m_4500_imgsz1600_b1_2024-01-18.pt,0.8055503368377686,,prizeCrab,Cerro_Hoya_Expedition/Hoya_505m_prizeCrab_2025-01-26/2025-01-26/patches/prizeCrab_2025_01_27__04_45_05_HDR0_0_Mothbot_yolo11m_4500_imgsz1600_b1_2024-01-18.pt.jpg,ORDER_Diptera,2025-01-27,04:45:05,,2025_01_27__04_45_05,MachineObservation,Cerro_Hoya_Expedition_Hoya_505m_prizeCrab_2025-01-26_2025-01-26,Cerro_Hoya_Expedition_Hoya_505m_prizeCrab_2025-01-26,prizeCrab_2025_01_27__04_45_05_HDR0.jpg,prizeCrab_2025_01_27__04_45_05_HDR0_0_Mothbot_yolo11m_4500_imgsz1600_b1_2024-01-18.pt.jpg
doi.org10.15468dl.6nxkw6.csv,Animalia,Arthropoda,Insecta,Diptera,,,,,811,,Diptera,Diptera,Cerro_Hoya_Expedition_Hoya_505m_prizeCrab_2025-01-26,prizeCrab_2025_01_27__04_45_05_HDR0_1_Mothbot_yolo11m_4500_imgsz1600_b1_2024-01-18.pt.jpg,HS,Mothbot_yolo11m_4500_imgsz1600_b1_2024-01-18.pt,0.7258076667785645,,prizeCrab,Cerro_Hoya_Expedition/Hoya_505m_prizeCrab_2025-01-26/2025-01-26/patches/prizeCrab_2025_01_27__04_45_05_HDR0_1_Mothbot_yolo11m_4500_imgsz1600_b1_2024-01-18.pt.jpg,ORDER_Diptera,2025-01-27,04:45:05,,2025_01_27__04_45_05,MachineObservation,Cerro_Hoya_Expedition_Hoya_505m_prizeCrab_2025-01-26_2025-01-26,Cerro_Hoya_Expedition_Hoya_505m_prizeCrab_2025-01-26,prizeCrab_2025_01_27__04_45_05_HDR0.jpg,prizeCrab_2025_01_27__04_45_05_HDR0_1_Mothbot_yolo11m_4500_imgsz1600_b1_2024-01-18.pt.jpg
doi.org10.15468dl.6nxkw6.csv,Animalia,Arthropoda,Insecta,Hemiptera,Cixiidae,,,,8470,,Cixiidae,Cixiidae,Cerro_Hoya_Expedition_Hoya_505m_prizeCrab_2025-01-26,prizeCrab_2025_01_27__04_46_05_HDR0_0_Mothbot_yolo11m_4500_imgsz1600_b1_2024-01-18.pt.jpg,HS,Mothbot_yolo11m_4500_imgsz1600_b1_2024-01-18.pt,0.7586466670036316,,prizeCrab,Cerro_Hoya_Expedition/Hoya_505m_prizeCrab_2025-01-26/2025-01-26/patches/prizeCrab_2025_01_27__04_46_05_HDR0_0_Mothbot_yolo11m_4500_imgsz1600_b1_2024-01-18.pt.jpg,ORDER_Diptera,2025-01-27,04:46:05,,2025_01_27__04_46_05,MachineObservation,Cerro_Hoya_Expedition_Hoya_505m_prizeCrab_2025-01-26_2025-01-26,Cerro_Hoya_Expedition_Hoya_505m_prizeCrab_2025-01-26,prizeCrab_2025_01_27__04_46_05_HDR0.jpg,prizeCrab_2025_01_27__04_46_05_HDR0_0_Mothbot_yolo11m_4500_imgsz1600_b1_2024-01-18.pt.jpg
doi.org10.15468dl.6nxkw6.csv,Animalia,Arthropoda,Insecta,Diptera,,,,,811,,Diptera,Diptera,Cerro_Hoya_Expedition_Hoya_505m_prizeCrab_2025-01-26,prizeCrab_2025_01_27__04_46_05_HDR0_1_Mothbot_yolo11m_4500_imgsz1600_b1_2024-01-18.pt.jpg,HS,Mothbot_yolo11m_4500_imgsz1600_b1_2024-01-18.pt,0.6853992342948914,,prizeCrab,Cerro_Hoya_Expedition/Hoya_505m_prizeCrab_2025-01-26/2025-01-26/patches/prizeCrab_2025_01_27__04_46_05_HDR0_1_Mothbot_yolo11m_4500_imgsz1600_b1_2024-01-18.pt.jpg,ORDER_Diptera,2025-01-27,04:46:05,,2025_01_27__04_46_05,MachineObservation,Cerro_Hoya_Expedition_Hoya_505m_prizeCrab_2025-01-26_2025-01-26,Cerro_Hoya_Expedition_Hoya_505m_prizeCrab_2025-01-26,prizeCrab_2025_01_27__04_46_05_HDR0.jpg,prizeCrab_2025_01_27__04_46_05_HDR0_1_Mothbot_yolo11m_4500_imgsz1600_b1_2024-01-18.pt.jpg
doi.org10.15468dl.6nxkw6.csv,Animalia,Arthropoda,Insecta,Diptera,,,,,811,,Diptera,Diptera,Cerro_Hoya_Expedition_Hoya_505m_prizeCrab_2025-01-26,prizeCrab_2025_01_27__04_46_05_HDR0_2_Mothbot_yolo11m_4500_imgsz1600_b1_2024-01-18.pt.jpg,HS,Mothbot_yolo11m_4500_imgsz1600_b1_2024-01-18.pt,0.6789737343788147,,prizeCrab,Cerro_Hoya_Expedition/Hoya_505m_prizeCrab_2025-01-26/2025-01-26/patches/prizeCrab_2025_01_27__04_46_05_HDR0_2_Mothbot_yolo11m_4500_imgsz1600_b1_2024-01-18.pt.jpg,ORDER_Diptera,2025-01-27,04:46:05,,2025_01_27__04_46_05,MachineObservation,Cerro_Hoya_Expedition_Hoya_505m_prizeCrab_2025-01-26_2025-01-26,Cerro_Hoya_Expedition_Hoya_505m_prizeCrab_2025-01-26,prizeCrab_2025_01_27__04_46_05_HDR0.jpg,prizeCrab_2025_01_27__04_46_05_HDR0_2_Mothbot_yolo11m_4500_imgsz1600_b1_2024-01-18.pt.jpg
doi.org10.15468dl.6nxkw6.csv,Animalia,Arthropoda,Insecta,Hemiptera,Cixiidae,,,,8470,,Cixiidae,Cixiidae,Cerro_Hoya_Expedition_Hoya_505m_prizeCrab_2025-01-26,prizeCrab_2025_01_27__04_47_06_HDR0_0_Mothbot_yolo11m_4500_imgsz1600_b1_2024-01-18.pt.jpg,HS,Mothbot_yolo11m_4500_imgsz1600_b1_2024-01-18.pt,0.7880458831787109,,prizeCrab,Cerro_Hoya_Expedition/Hoya_505m_prizeCrab_2025-01-26/2025-01-26/patches/prizeCrab_2025_01_27__04_47_06_HDR0_0_Mothbot_yolo11m_4500_imgsz1600_b1_2024-01-18.pt.jpg,ORDER_Diptera,2025-01-27,04:47:06,,2025_01_27__04_47_06,MachineObservation,Cerro_Hoya_Expedition_Hoya_505m_prizeCrab_2025-01-26_2025-01-26,Cerro_Hoya_Expedition_Hoya_505m_prizeCrab_2025-01-26,prizeCrab_2025_01_27__04_47_06_HDR0.jpg,prizeCrab_2025_01_27__04_47_06_HDR0_0_Mothbot_yolo11m_4500_imgsz1600_b1_2024-01-18.pt.jpg
doi.org10.15468dl.6nxkw6.csv,Animalia,Arthropoda,Insecta,Diptera,,,,,811,,Diptera,Diptera,Cerro_Hoya_Expedition_Hoya_505m_prizeCrab_2025-01-26,prizeCrab_2025_01_27__04_47_06_HDR0_1_Mothbot_yolo11m_4500_imgsz1600_b1_2024-01-18.pt.jpg,HS,Mothbot_yolo11m_4500_imgsz1600_b1_2024-01-18.pt,0.6847277879714966,,prizeCrab,Cerro_Hoya_Expedition/Hoya_505m_prizeCrab_2025-01-26/2025-01-26/patches/prizeCrab_2025_01_27__04_47_06_HDR0_1_Mothbot_yolo11m_4500_imgsz1600_b1_2024-01-18.pt.jpg,ORDER_Diptera,2025-01-27,04:47:06,,2025_01_27__04_47_06,MachineObservation,Cerro_Hoya_Expedition_Hoya_505m_prizeCrab_2025-01-26_2025-01-26,Cerro_Hoya_Expedition_Hoya_505m_prizeCrab_2025-01-26,prizeCrab_2025_01_27__04_47_06_HDR0.jpg,prizeCrab_2025_01_27__04_47_06_HDR0_1_Mothbot_yolo11m_4500_imgsz1600_b1_2024-01-18.pt.jpg
doi.org10.15468dl.6nxkw6.csv,Animalia,Arthropoda,Insecta,Diptera,,,,,811,,Diptera,Diptera,Cerro_Hoya_Expedition_Hoya_505m_prizeCrab_2025-01-26,prizeCrab_2025_01_27__04_47_06_HDR0_2_Mothbot_yolo11m_4500_imgsz1600_b1_2024-01-18.pt.jpg,HS,Mothbot_yolo11m_4500_imgsz1600_b1_2024-01-18.pt,0.6182201504707336,,prizeCrab,Cerro_Hoya_Expedition/Hoya_505m_prizeCrab_2025-01-26/2025-01-26/patches/prizeCrab_2025_01_27__04_47_06_HDR0_2_Mothbot_yolo11m_4500_imgsz1600_b1_2024-01-18.pt.jpg,ORDER_Diptera,2025-01-27,04:47:06,,2025_01_27__04_47_06,MachineObservation,Cerro_Hoya_Expedition_Hoya_505m_prizeCrab_2025-01-26_2025-01-26,Cerro_Hoya_Expedition_Hoya_505m_prizeCrab_2025-01-26,prizeCrab_2025_01_27__04_47_06_HDR0.jpg,prizeCrab_2025_01_27__04_47_06_HDR0_2_Mothbot_yolo11m_4500_imgsz1600_b1_2024-01-18.pt.jpg
doi.org10.15468dl.6nxkw6.csv,Animalia,Arthropoda,Insecta,Diptera,,,,,811,,Diptera,Diptera,Cerro_Hoya_Expedition_Hoya_505m_prizeCrab_2025-01-26,prizeCrab_2025_01_27__04_47_06_HDR0_3_Mothbot_yolo11m_4500_imgsz1600_b1_2024-01-18.pt.jpg,HS,Mothbot_yolo11m_4500_imgsz1600_b1_2024-01-18.pt,0.5737752318382263,,prizeCrab,Cerro_Hoya_Expedition/Hoya_505m_prizeCrab_2025-01-26/2025-01-26/patches/prizeCrab_2025_01_27__04_47_06_HDR0_3_Mothbot_yolo11m_4500_imgsz1600_b1_2024-01-18.pt.jpg,ORDER_Psocodea,2025-01-27,04:47:06,,2025_01_27__04_47_06,MachineObservation,Cerro_Hoya_Expedition_Hoya_505m_prizeCrab_2025-01-26_2025-01-26,Cerro_Hoya_Expedition_Hoya_505m_prizeCrab_2025-01-26,prizeCrab_2025_01_27__04_47_06_HDR0.jpg,prizeCrab_2025_01_27__04_47_06_HDR0_3_Mothbot_yolo11m_4500_imgsz1600_b1_2024-01-18.pt.jpg
doi.org10.15468dl.6nxkw6.csv,Animalia,Arthropoda,Insecta,Hymenoptera,,,,,1457,,Hymenoptera,Hymenoptera,Cerro_Hoya_Expedition_Hoya_505m_prizeCrab_2025-01-26,prizeCrab_2025_01_27__04_48_06_HDR0_0_Mothbot_yolo11m_4500_imgsz1600_b1_2024-01-18.pt.jpg,HS,Mothbot_yolo11m_4500_imgsz1600_b1_2024-01-18.pt,0.747123658657074,,prizeCrab,Cerro_Hoya_Expedition/Hoya_505m_prizeCrab_2025-01-26/2025-01-26/patches/prizeCrab_2025_01_27__04_48_06_HDR0_0_Mothbot_yolo11m_4500_imgsz1600_b1_2024-01-18.pt.jpg,ORDER_Hymenoptera,2025-01-27,04:48:06,,2025_01_27__04_48_06,MachineObservation,Cerro_Hoya_Expedition_Hoya_505m_prizeCrab_2025-01-26_2025-01-26,Cerro_Hoya_Expedition_Hoya_505m_prizeCrab_2025-01-26,prizeCrab_2025_01_27__04_48_06_HDR0.jpg,prizeCrab_2025_01_27__04_48_06_HDR0_0_Mothbot_yolo11m_4500_imgsz1600_b1_2024-01-18.pt.jpg
doi.org10.15468dl.6nxkw6.csv,Animalia,Arthropoda,Insecta,Hemiptera,Cixiidae,,,,8470,,Cixiidae,Cixiidae,Cerro_Hoya_Expedition_Hoya_505m_prizeCrab_2025-01-26,prizeCrab_2025_01_27__04_48_06_HDR0_1_Mothbot_yolo11m_4500_imgsz1600_b1_2024-01-18.pt.jpg,HS,Mothbot_yolo11m_4500_imgsz1600_b1_2024-01-18.pt,0.7293725609779358,,prizeCrab,Cerro_Hoya_Expedition/Hoya_505m_prizeCrab_2025-01-26/2025-01-26/patches/prizeCrab_2025_01_27__04_48_06_HDR0_1_Mothbot_yolo11m_4500_imgsz1600_b1_2024-01-18.pt.jpg,ORDER_Diptera,2025-01-27,04:48:06,,2025_01_27__04_48_06,MachineObservation,Cerro_Hoya_Expedition_Hoya_505m_prizeCrab_2025-01-26_2025-01-26,Cerro_Hoya_Expedition_Hoya_505m_prizeCrab_2025-01-26,prizeCrab_2025_01_27__04_48_06_HDR0.jpg,prizeCrab_2025_01_27__04_48_06_HDR0_1_Mothbot_yolo11m_4500_imgsz1600_b1_2024-01-18.pt.jpg
doi.org10.15468dl.6nxkw6.csv,Animalia,Arthropoda,Insecta,Diptera,,,,,811,,Diptera,Diptera,Cerro_Hoya_Expedition_Hoya_505m_prizeCrab_2025-01-26,prizeCrab_2025_01_27__04_48_06_HDR0_2_Mothbot_yolo11m_4500_imgsz1600_b1_2024-01-18.pt.jpg,HS,Mothbot_yolo11m_4500_imgsz1600_b1_2024-01-18.pt,0.6951133012771606,,prizeCrab,Cerro_Hoya_Expedition/Hoya_505m_prizeCrab_2025-01-26/2025-01-26/patches/prizeCrab_2025_01_27__04_48_06_HDR0_2_Mothbot_yolo11m_4500_imgsz1600_b1_2024-01-18.pt.jpg,ORDER_Diptera,2025-01-27,04:48:06,,2025_01_27__04_48_06,MachineObservation,Cerro_Hoya_Expedition_Hoya_505m_prizeCrab_2025-01-26_2025-01-26,Cerro_Hoya_Expedition_Hoya_505m_prizeCrab_2025-01-26,prizeCrab_2025_01_27__04_48_06_HDR0.jpg,prizeCrab_2025_01_27__04_48_06_HDR0_2_Mothbot_yolo11m_4500_imgsz1600_b1_2024-01-18.pt.jpg
doi.org10.15468dl.6nxkw6.csv,Animalia,Arthropoda,Insecta,Diptera,,,,,811,,Diptera,Diptera,Cerro_Hoya_Expedition_Hoya_505m_prizeCrab_2025-01-26,prizeCrab_2025_01_27__04_48_06_HDR0_3_Mothbot_yolo11m_4500_imgsz1600_b1_2024-01-18.pt.jpg,HS,Mothbot_yolo11m_4500_imgsz1600_b1_2024-01-18.pt,0.568683922290802,,prizeCrab,Cerro_Hoya_Expedition/Hoya_505m_prizeCrab_2025-01-26/2025-01-26/patches/prizeCrab_2025_01_27__04_48_06_HDR0_3_Mothbot_yolo11m_4500_imgsz1600_b1_2024-01-18.pt.jpg,ORDER_Diptera,2025-01-27,04:48:06,,2025_01_27__04_48_06,MachineObservation,Cerro_Hoya_Expedition_Hoya_505m_prizeCrab_2025-01-26_2025-01-26,Cerro_Hoya_Expedition_Hoya_505m_prizeCrab_2025-01-26,prizeCrab_2025_01_27__04_48_06_HDR0.jpg,prizeCrab_2025_01_27__04_48_06_HDR0_3_Mothbot_yolo11m_4500_imgsz1600_b1_2024-01-18.pt.jpg
doi.org10.15468dl.6nxkw6.csv,Animalia,Arthropoda,Insecta,Diptera,,,,,811,,Diptera,Diptera,Cerro_Hoya_Expedition_Hoya_505m_prizeCrab_2025-01-26,prizeCrab_2025_01_27__04_48_06_HDR0_4_Mothbot_yolo11m_4500_imgsz1600_b1_2024-01-18.pt.jpg,HS,Mothbot_yolo11m_4500_imgsz1600_b1_2024-01-18.pt,0.5281875133514404,,prizeCrab,Cerro_Hoya_Expedition/Hoya_505m_prizeCrab_2025-01-26/2025-01-26/patches/prizeCrab_2025_01_27__04_48_06_HDR0_4_Mothbot_yolo11m_4500_imgsz1600_b1_2024-01-18.pt.jpg,ORDER_Hymenoptera,2025-01-27,04:48:06,,2025_01_27__04_48_06,MachineObservation,Cerro_Hoya_Expedition_Hoya_505m_prizeCrab_2025-01-26_2025-01-26,Cerro_Hoya_Expedition_Hoya_505m_prizeCrab_2025-01-26,prizeCrab_2025_01_27__04_48_06_HDR0.jpg,prizeCrab_2025_01_27__04_48_06_HDR0_4_Mothbot_yolo11m_4500_imgsz1600_b1_2024-01-18.pt.jpg
doi.org10.15468dl.6nxkw6.csv,Animalia,Arthropoda,Insecta,Hemiptera,Cixiidae,,,,8470,,Cixiidae,Cixiidae,Cerro_Hoya_Expedition_Hoya_505m_prizeCrab_2025-01-26,prizeCrab_2025_01_27__04_49_06_HDR0_0_Mothbot_yolo11m_4500_imgsz1600_b1_2024-01-18.pt.jpg,HS,Mothbot_yolo11m_4500_imgsz1600_b1_2024-01-18.pt,0.7469495534896851,,prizeCrab,Cerro_Hoya_Expedition/Hoya_505m_prizeCrab_2025-01-26/2025-01-26/patches/prizeCrab_2025_01_27__04_49_06_HDR0_0_Mothbot_yolo11m_4500_imgsz1600_b1_2024-01-18.pt.jpg,ORDER_Diptera,2025-01-27,04:49:06,,2025_01_27__04_49_06,MachineObservation,Cerro_Hoya_Expedition_Hoya_505m_prizeCrab_2025-01-26_2025-01-26,Cerro_Hoya_Expedition_Hoya_505m_prizeCrab_2025-01-26,prizeCrab_2025_01_27__04_49_06_HDR0.jpg,prizeCrab_2025_01_27__04_49_06_HDR0_0_Mothbot_yolo11m_4500_imgsz1600_b1_2024-01-18.pt.jpg
doi.org10.15468dl.6nxkw6.csv,Animalia,Arthropoda,Insecta,Diptera,,,,,811,,Diptera,Diptera,Cerro_Hoya_Expedition_Hoya_505m_prizeCrab_2025-01-26,prizeCrab_2025_01_27__04_49_06_HDR0_1_Mothbot_yolo11m_4500_imgsz1600_b1_2024-01-18.pt.jpg,HS,Mothbot_yolo11m_4500_imgsz1600_b1_2024-01-18.pt,0.6357589364051819,,prizeCrab,Cerro_Hoya_Expedition/Hoya_505m_prizeCrab_2025-01-26/2025-01-26/patches/prizeCrab_2025_01_27__04_49_06_HDR0_1_Mothbot_yolo11m_4500_imgsz1600_b1_2024-01-18.pt.jpg,ORDER_Diptera,2025-01-27,04:49:06,,2025_01_27__04_49_06,MachineObservation,Cerro_Hoya_Expedition_Hoya_505m_prizeCrab_2025-01-26_2025-01-26,Cerro_Hoya_Expedition_Hoya_505m_prizeCrab_2025-01-26,prizeCrab_2025_01_27__04_49_06_HDR0.jpg,prizeCrab_2025_01_27__04_49_06_HDR0_1_Mothbot_yolo11m_4500_imgsz1600_b1_2024-01-18.pt.jpg
doi.org10.15468dl.6nxkw6.csv,Animalia,Arthropoda,Insecta,Diptera,,,,,811,,Diptera,Diptera,Cerro_Hoya_Expedition_Hoya_505m_prizeCrab_2025-01-26,prizeCrab_2025_01_27__04_49_06_HDR0_2_Mothbot_yolo11m_4500_imgsz1600_b1_2024-01-18.pt.jpg,HS,Mothbot_yolo11m_4500_imgsz1600_b1_2024-01-18.pt,0.6128112077713013,,prizeCrab,Cerro_Hoya_Expedition/Hoya_505m_prizeCrab_2025-01-26/2025-01-26/patches/prizeCrab_2025_01_27__04_49_06_HDR0_2_Mothbot_yolo11m_4500_imgsz1600_b1_2024-01-18.pt.jpg,ORDER_Diptera,2025-01-27,04:49:06,,2025_01_27__04_49_06,MachineObservation,Cerro_Hoya_Expedition_Hoya_505m_prizeCrab_2025-01-26_2025-01-26,Cerro_Hoya_Expedition_Hoya_505m_prizeCrab_2025-01-26,prizeCrab_2025_01_27__04_49_06_HDR0.jpg,prizeCrab_2025_01_27__04_49_06_HDR0_2_Mothbot_yolo11m_4500_imgsz1600_b1_2024-01-18.pt.jpg
doi.org10.15468dl.6nxkw6.csv,Animalia,Arthropoda,Insecta,Diptera,,,,,811,,Diptera,Diptera,Cerro_Hoya_Expedition_Hoya_505m_prizeCrab_2025-01-26,prizeCrab_2025_01_27__04_49_06_HDR0_3_Mothbot_yolo11m_4500_imgsz1600_b1_2024-01-18.pt.jpg,HS,Mothbot_yolo11m_4500_imgsz1600_b1_2024-01-18.pt,0.34604257345199585,,prizeCrab,Cerro_Hoya_Expedition/Hoya_505m_prizeCrab_2025-01-26/2025-01-26/patches/prizeCrab_2025_01_27__04_49_06_HDR0_3_Mothbot_yolo11m_4500_imgsz1600_b1_2024-01-18.pt.jpg,ORDER_Diptera,2025-01-27,04:49:06,,2025_01_27__04_49_06,MachineObservation,Cerro_Hoya_Expedition_Hoya_505m_prizeCrab_2025-01-26_2025-01-26,Cerro_Hoya_Expedition_Hoya_505m_prizeCrab_2025-01-26,prizeCrab_2025_01_27__04_49_06_HDR0.jpg,prizeCrab_2025_01_27__04_49_06_HDR0_3_Mothbot_yolo11m_4500_imgsz1600_b1_2024-01-18.pt.jpg
doi.org10.15468dl.6nxkw6.csv,Animalia,Arthropoda,Insecta,Diptera,,,,,811,,Diptera,Diptera,Cerro_Hoya_Expedition_Hoya_505m_prizeCrab_2025-01-26,prizeCrab_2025_01_27__04_49_06_HDR0_4_Mothbot_yolo11m_4500_imgsz1600_b1_2024-01-18.pt.jpg,HS,Mothbot_yolo11m_4500_imgsz1600_b1_2024-01-18.pt,0.2950640618801117,,prizeCrab,Cerro_Hoya_Expedition/Hoya_505m_prizeCrab_2025-01-26/2025-01-26/patches/prizeCrab_2025_01_27__04_49_06_HDR0_4_Mothbot_yolo11m_4500_imgsz1600_b1_2024-01-18.pt.jpg,ORDER_Diptera,2025-01-27,04:49:06,,2025_01_27__04_49_06,MachineObservation,Cerro_Hoya_Expedition_Hoya_505m_prizeCrab_2025-01-26_2025-01-26,Cerro_Hoya_Expedition_Hoya_505m_prizeCrab_2025-01-26,prizeCrab_2025_01_27__04_49_06_HDR0.jpg,prizeCrab_2025_01_27__04_49_06_HDR0_4_Mothbot_yolo11m_4500_imgsz1600_b1_2024-01-18.pt.jpg
doi.org10.15468dl.6nxkw6.csv,Animalia,Arthropoda,Insecta,Hemiptera,Cixiidae,,,,8470,,Cixiidae,Cixiidae,Cerro_Hoya_Expedition_Hoya_505m_prizeCrab_2025-01-26,prizeCrab_2025_01_27__04_50_06_HDR0_0_Mothbot_yolo11m_4500_imgsz1600_b1_2024-01-18.pt.jpg,HS,Mothbot_yolo11m_4500_imgsz1600_b1_2024-01-18.pt,0.7356568574905396,,prizeCrab,Cerro_Hoya_Expedition/Hoya_505m_prizeCrab_2025-01-26/2025-01-26/patches/prizeCrab_2025_01_27__04_50_06_HDR0_0_Mothbot_yolo11m_4500_imgsz1600_b1_2024-01-18.pt.jpg,ORDER_Diptera,2025-01-27,04:50:06,,2025_01_27__04_50_06,MachineObservation,Cerro_Hoya_Expedition_Hoya_505m_prizeCrab_2025-01-26_2025-01-26,Cerro_Hoya_Expedition_Hoya_505m_prizeCrab_2025-01-26,prizeCrab_2025_01_27__04_50_06_HDR0.jpg,prizeCrab_2025_01_27__04_50_06_HDR0_0_Mothbot_yolo11m_4500_imgsz1600_b1_2024-01-18.pt.jpg
doi.org10.15468dl.6nxkw6.csv,Animalia,Arthropoda,Insecta,Diptera,,,,,811,,Diptera,Diptera,Cerro_Hoya_Expedition_Hoya_505m_prizeCrab_2025-01-26,prizeCrab_2025_01_27__04_51_22_HDR0_0_Mothbot_yolo11m_4500_imgsz1600_b1_2024-01-18.pt.jpg,HS,Mothbot_yolo11m_4500_imgsz1600_b1_2024-01-18.pt,0.598284900188446,,prizeCrab,Cerro_Hoya_Expedition/Hoya_505m_prizeCrab_2025-01-26/2025-01-26/patches/prizeCrab_2025_01_27__04_51_22_HDR0_0_Mothbot_yolo11m_4500_imgsz1600_b1_2024-01-18.pt.jpg,ORDER_Diptera,2025-01-27,04:51:22,,2025_01_27__04_51_22,MachineObservation,Cerro_Hoya_Expedition_Hoya_505m_prizeCrab_2025-01-26_2025-01-26,Cerro_Hoya_Expedition_Hoya_505m_prizeCrab_2025-01-26,prizeCrab_2025_01_27__04_51_22_HDR0.jpg,prizeCrab_2025_01_27__04_51_22_HDR0_0_Mothbot_yolo11m_4500_imgsz1600_b1_2024-01-18.pt.jpg
doi.org10.15468dl.6nxkw6.csv,Animalia,Arthropoda,Insecta,Hemiptera,,,,,809,,Hemiptera,Hemiptera,Cerro_Hoya_Expedition_Hoya_505m_prizeCrab_2025-01-26,prizeCrab_2025_01_27__04_51_22_HDR0_1_Mothbot_yolo11m_4500_imgsz1600_b1_2024-01-18.pt.jpg,HS,Mothbot_yolo11m_4500_imgsz1600_b1_2024-01-18.pt,0.26288822293281555,,prizeCrab,Cerro_Hoya_Expedition/Hoya_505m_prizeCrab_2025-01-26/2025-01-26/patches/prizeCrab_2025_01_27__04_51_22_HDR0_1_Mothbot_yolo11m_4500_imgsz1600_b1_2024-01-18.pt.jpg,ORDER_Hemiptera,2025-01-27,04:51:22,,2025_01_27__04_51_22,MachineObservation,Cerro_Hoya_Expedition_Hoya_505m_prizeCrab_2025-01-26_2025-01-26,Cerro_Hoya_Expedition_Hoya_505m_prizeCrab_2025-01-26,prizeCrab_2025_01_27__04_51_22_HDR0.jpg,prizeCrab_2025_01_27__04_51_22_HDR0_1_Mothbot_yolo11m_4500_imgsz1600_b1_2024-01-18.pt.jpg
doi.org10.15468dl.6nxkw6.csv,Animalia,Arthropoda,Insecta,Diptera,,,,,811,,Diptera,Diptera,Cerro_Hoya_Expedition_Hoya_505m_prizeCrab_2025-01-26,prizeCrab_2025_01_27__04_52_05_HDR0_0_Mothbot_yolo11m_4500_imgsz1600_b1_2024-01-18.pt.jpg,HS,Mothbot_yolo11m_4500_imgsz1600_b1_2024-01-18.pt,0.6410325169563293,,prizeCrab,Cerro_Hoya_Expedition/Hoya_505m_prizeCrab_2025-01-26/2025-01-26/patches/prizeCrab_2025_01_27__04_52_05_HDR0_0_Mothbot_yolo11m_4500_imgsz1600_b1_2024-01-18.pt.jpg,ORDER_Diptera,2025-01-27,04:52:05,,2025_01_27__04_52_05,MachineObservation,Cerro_Hoya_Expedition_Hoya_505m_prizeCrab_2025-01-26_2025-01-26,Cerro_Hoya_Expedition_Hoya_505m_prizeCrab_2025-01-26,prizeCrab_2025_01_27__04_52_05_HDR0.jpg,prizeCrab_2025_01_27__04_52_05_HDR0_0_Mothbot_yolo11m_4500_imgsz1600_b1_2024-01-18.pt.jpg
doi.org10.15468dl.6nxkw6.csv,Animalia,Arthropoda,Insecta,Diptera,,,,,811,,Diptera,Diptera,Cerro_Hoya_Expedition_Hoya_505m_prizeCrab_2025-01-26,prizeCrab_2025_01_27__04_53_05_HDR0_0_Mothbot_yolo11m_4500_imgsz1600_b1_2024-01-18.pt.jpg,HS,Mothbot_yolo11m_4500_imgsz1600_b1_2024-01-18.pt,0.3797992467880249,,prizeCrab,Cerro_Hoya_Expedition/Hoya_505m_prizeCrab_2025-01-26/2025-01-26/patches/prizeCrab_2025_01_27__04_53_05_HDR0_0_Mothbot_yolo11m_4500_imgsz1600_b1_2024-01-18.pt.jpg,ORDER_Diptera,2025-01-27,04:53:05,,2025_01_27__04_53_05,MachineObservation,Cerro_Hoya_Expedition_Hoya_505m_prizeCrab_2025-01-26_2025-01-26,Cerro_Hoya_Expedition_Hoya_505m_prizeCrab_2025-01-26,prizeCrab_2025_01_27__04_53_05_HDR0.jpg,prizeCrab_2025_01_27__04_53_05_HDR0_0_Mothbot_yolo11m_4500_imgsz1600_b1_2024-01-18.pt.jpg
doi.org10.15468dl.6nxkw6.csv,Animalia,Arthropoda,Insecta,Diptera,,,,,811,,Diptera,Diptera,Cerro_Hoya_Expedition_Hoya_505m_prizeCrab_2025-01-26,prizeCrab_2025_01_27__04_55_06_HDR0_0_Mothbot_yolo11m_4500_imgsz1600_b1_2024-01-18.pt.jpg,HS,Mothbot_yolo11m_4500_imgsz1600_b1_2024-01-18.pt,0.4188341200351715,,prizeCrab,Cerro_Hoya_Expedition/Hoya_505m_prizeCrab_2025-01-26/2025-01-26/patches/prizeCrab_2025_01_27__04_55_06_HDR0_0_Mothbot_yolo11m_4500_imgsz1600_b1_2024-01-18.pt.jpg,ORDER_Coleoptera,2025-01-27,04:55:06,,2025_01_27__04_55_06,MachineObservation,Cerro_Hoya_Expedition_Hoya_505m_prizeCrab_2025-01-26_2025-01-26,Cerro_Hoya_Expedition_Hoya_505m_prizeCrab_2025-01-26,prizeCrab_2025_01_27__04_55_06_HDR0.jpg,prizeCrab_2025_01_27__04_55_06_HDR0_0_Mothbot_yolo11m_4500_imgsz1600_b1_2024-01-18.pt.jpg
doi.org10.15468dl.6nxkw6.csv,Animalia,Arthropoda,Insecta,Diptera,,,,,811,,Diptera,Diptera,Cerro_Hoya_Expedition_Hoya_505m_prizeCrab_2025-01-26,prizeCrab_2025_01_27__04_55_06_HDR0_1_Mothbot_yolo11m_4500_imgsz1600_b1_2024-01-18.pt.jpg,HS,Mothbot_yolo11m_4500_imgsz1600_b1_2024-01-18.pt,0.4185422658920288,,prizeCrab,Cerro_Hoya_Expedition/Hoya_505m_prizeCrab_2025-01-26/2025-01-26/patches/prizeCrab_2025_01_27__04_55_06_HDR0_1_Mothbot_yolo11m_4500_imgsz1600_b1_2024-01-18.pt.jpg,ORDER_Hemiptera,2025-01-27,04:55:06,,2025_01_27__04_55_06,MachineObservation,Cerro_Hoya_Expedition_Hoya_505m_prizeCrab_2025-01-26_2025-01-26,Cerro_Hoya_Expedition_Hoya_505m_prizeCrab_2025-01-26,prizeCrab_2025_01_27__04_55_06_HDR0.jpg,prizeCrab_2025_01_27__04_55_06_HDR0_1_Mothbot_yolo11m_4500_imgsz1600_b1_2024-01-18.pt.jpg
doi.org10.15468dl.6nxkw6.csv,Animalia,Arthropoda,Insecta,Hemiptera,,,,,809,,Hemiptera,Hemiptera,Cerro_Hoya_Expedition_Hoya_505m_prizeCrab_2025-01-26,prizeCrab_2025_01_27__04_56_06_HDR0_0_Mothbot_yolo11m_4500_imgsz1600_b1_2024-01-18.pt.jpg,HS,Mothbot_yolo11m_4500_imgsz1600_b1_2024-01-18.pt,0.682502269744873,,prizeCrab,Cerro_Hoya_Expedition/Hoya_505m_prizeCrab_2025-01-26/2025-01-26/patches/prizeCrab_2025_01_27__04_56_06_HDR0_0_Mothbot_yolo11m_4500_imgsz1600_b1_2024-01-18.pt.jpg,ORDER_Hemiptera,2025-01-27,04:56:06,,2025_01_27__04_56_06,MachineObservation,Cerro_Hoya_Expedition_Hoya_505m_prizeCrab_2025-01-26_2025-01-26,Cerro_Hoya_Expedition_Hoya_505m_prizeCrab_2025-01-26,prizeCrab_2025_01_27__04_56_06_HDR0.jpg,prizeCrab_2025_01_27__04_56_06_HDR0_0_Mothbot_yolo11m_4500_imgsz1600_b1_2024-01-18.pt.jpg
doi.org10.15468dl.6nxkw6.csv,Animalia,Arthropoda,Insecta,Hymenoptera,,,,,1457,,Hymenoptera,Hymenoptera,Cerro_Hoya_Expedition_Hoya_505m_prizeCrab_2025-01-26,prizeCrab_2025_01_27__04_56_06_HDR0_1_Mothbot_yolo11m_4500_imgsz1600_b1_2024-01-18.pt.jpg,HS,Mothbot_yolo11m_4500_imgsz1600_b1_2024-01-18.pt,0.6728770136833191,,prizeCrab,Cerro_Hoya_Expedition/Hoya_505m_prizeCrab_2025-01-26/2025-01-26/patches/prizeCrab_2025_01_27__04_56_06_HDR0_1_Mothbot_yolo11m_4500_imgsz1600_b1_2024-01-18.pt.jpg,ORDER_Hymenoptera,2025-01-27,04:56:06,,2025_01_27__04_56_06,MachineObservation,Cerro_Hoya_Expedition_Hoya_505m_prizeCrab_2025-01-26_2025-01-26,Cerro_Hoya_Expedition_Hoya_505m_prizeCrab_2025-01-26,prizeCrab_2025_01_27__04_56_06_HDR0.jpg,prizeCrab_2025_01_27__04_56_06_HDR0_1_Mothbot_yolo11m_4500_imgsz1600_b1_2024-01-18.pt.jpg
doi.org10.15468dl.6nxkw6.csv,Animalia,Arthropoda,Insecta,Hemiptera,,,,,809,,Hemiptera,Hemiptera,Cerro_Hoya_Expedition_Hoya_505m_prizeCrab_2025-01-26,prizeCrab_2025_01_27__04_57_06_HDR0_0_Mothbot_yolo11m_4500_imgsz1600_b1_2024-01-18.pt.jpg,HS,Mothbot_yolo11m_4500_imgsz1600_b1_2024-01-18.pt,0.7010363340377808,,prizeCrab,Cerro_Hoya_Expedition/Hoya_505m_prizeCrab_2025-01-26/2025-01-26/patches/prizeCrab_2025_01_27__04_57_06_HDR0_0_Mothbot_yolo11m_4500_imgsz1600_b1_2024-01-18.pt.jpg,ORDER_Diptera,2025-01-27,04:57:06,,2025_01_27__04_57_06,MachineObservation,Cerro_Hoya_Expedition_Hoya_505m_prizeCrab_2025-01-26_2025-01-26,Cerro_Hoya_Expedition_Hoya_505m_prizeCrab_2025-01-26,prizeCrab_2025_01_27__04_57_06_HDR0.jpg,prizeCrab_2025_01_27__04_57_06_HDR0_0_Mothbot_yolo11m_4500_imgsz1600_b1_2024-01-18.pt.jpg
doi.org10.15468dl.6nxkw6.csv,Animalia,Arthropoda,Insecta,Diptera,,,,,811,,Diptera,Diptera,Cerro_Hoya_Expedition_Hoya_505m_prizeCrab_2025-01-26,prizeCrab_2025_01_27__04_59_05_HDR0_0_Mothbot_yolo11m_4500_imgsz1600_b1_2024-01-18.pt.jpg,HS,Mothbot_yolo11m_4500_imgsz1600_b1_2024-01-18.pt,0.6926789283752441,,prizeCrab,Cerro_Hoya_Expedition/Hoya_505m_prizeCrab_2025-01-26/2025-01-26/patches/prizeCrab_2025_01_27__04_59_05_HDR0_0_Mothbot_yolo11m_4500_imgsz1600_b1_2024-01-18.pt.jpg,ORDER_Psocodea,2025-01-27,04:59:05,,2025_01_27__04_59_05,MachineObservation,Cerro_Hoya_Expedition_Hoya_505m_prizeCrab_2025-01-26_2025-01-26,Cerro_Hoya_Expedition_Hoya_505m_prizeCrab_2025-01-26,prizeCrab_2025_01_27__04_59_05_HDR0.jpg,prizeCrab_2025_01_27__04_59_05_HDR0_0_Mothbot_yolo11m_4500_imgsz1600_b1_2024-01-18.pt.jpg