species_list_doi,kingdom,phylum,class,order,family,genus,species,morphospecies,taxonID,commonName,scientificName,name,deployment,image_id,identifiedBy,detectionBy,detection_confidence,ID_confidence,mothbox,filepath,original_mothbox_identifciation,eventDate,eventTime,UTCOFFSET,verbatimEventDate,basisOfRecord,datasetID,parentEventID,eventID,occurrenceID
doi.org10.15468dl.6nxkw6.csv,Animalia,Arthropoda,Insecta,Diptera,,,,,,,Diptera,Diptera,Cerro_Hoya_Expedition_Hoya_1204m_lightPotoro_2025-01-26,lightPotoro_2025_01_28__19_11_05_HDR0_0_Mothbot_yolo11m_4500_imgsz1600_b1_2024-01-18.pt.jpg,HS,Mothbot_yolo11m_4500_imgsz1600_b1_2024-01-18.pt,0.7663269639015198,,lightPotoro,Cerro_Hoya_Expedition/Hoya_1204m_lightPotoro_2025-01-26/2025-01-28/patches/lightPotoro_2025_01_28__19_11_05_HDR0_0_Mothbot_yolo11m_4500_imgsz1600_b1_2024-01-18.pt.jpg,ORDER_Coleoptera,2025-01-28,19:11:05,,2025_01_28__19_11_05,MachineObservation,Cerro_Hoya_Expedition_Hoya_1204m_lightPotoro_2025-01-26_2025-01-28,Cerro_Hoya_Expedition_Hoya_1204m_lightPotoro_2025-01-26,lightPotoro_2025_01_28__19_11_05_HDR0.jpg,lightPotoro_2025_01_28__19_11_05_HDR0_0_Mothbot_yolo11m_4500_imgsz1600_b1_2024-01-18.pt.jpg
,Animalia,Arthropoda,Insecta,Diptera,,,,,,,Diptera,Diptera,Cerro_Hoya_Expedition_Hoya_1204m_lightPotoro_2025-01-26,lightPotoro_2025_01_28__19_12_06_HDR0_0_Mothbot_yolo11m_4500_imgsz1600_b1_2024-01-18.pt.jpg,HS,Mothbot_yolo11m_4500_imgsz1600_b1_2024-01-18.pt,0.791340708732605,,lightPotoro,Cerro_Hoya_Expedition/Hoya_1204m_lightPotoro_2025-01-26/2025-01-28/patches/lightPotoro_2025_01_28__19_12_06_HDR0_0_Mothbot_yolo11m_4500_imgsz1600_b1_2024-01-18.pt.jpg,ORDER_Diptera,2025-01-28,19:12:06,,2025_01_28__19_12_06,MachineObservation,Cerro_Hoya_Expedition_Hoya_1204m_lightPotoro_2025-01-26_2025-01-28,Cerro_Hoya_Expedition_Hoya_1204m_lightPotoro_2025-01-26,lightPotoro_2025_01_28__19_12_06_HDR0.jpg,lightPotoro_2025_01_28__19_12_06_HDR0_0_Mothbot_yolo11m_4500_imgsz1600_b1_2024-01-18.pt.jpg
,Animalia,Arthropoda,Insecta,Diptera,,,,,,,Diptera,Diptera,Cerro_Hoya_Expedition_Hoya_1204m_lightPotoro_2025-01-26,lightPotoro_2025_01_28__19_13_06_HDR0_0_Mothbot_yolo11m_4500_imgsz1600_b1_2024-01-18.pt.jpg,HS,Mothbot_yolo11m_4500_imgsz1600_b1_2024-01-18.pt,0.7944120764732361,,lightPotoro,Cerro_Hoya_Expedition/Hoya_1204m_lightPotoro_2025-01-26/2025-01-28/patches/lightPotoro_2025_01_28__19_13_06_HDR0_0_Mothbot_yolo11m_4500_imgsz1600_b1_2024-01-18.pt.jpg,ORDER_Diptera,2025-01-28,19:13:06,,2025_01_28__19_13_06,MachineObservation,Cerro_Hoya_Expedition_Hoya_1204m_lightPotoro_2025-01-26_2025-01-28,Cerro_Hoya_Expedition_Hoya_1204m_lightPotoro_2025-01-26,lightPotoro_2025_01_28__19_13_06_HDR0.jpg,lightPotoro_2025_01_28__19_13_06_HDR0_0_Mothbot_yolo11m_4500_imgsz1600_b1_2024-01-18.pt.jpg
,Animalia,Arthropoda,Insecta,Diptera,,,,,,,Diptera,Diptera,Cerro_Hoya_Expedition_Hoya_1204m_lightPotoro_2025-01-26,lightPotoro_2025_01_28__19_14_06_HDR0_0_Mothbot_yolo11m_4500_imgsz1600_b1_2024-01-18.pt.jpg,HS,Mothbot_yolo11m_4500_imgsz1600_b1_2024-01-18.pt,0.81227707862854,,lightPotoro,Cerro_Hoya_Expedition/Hoya_1204m_lightPotoro_2025-01-26/2025-01-28/patches/lightPotoro_2025_01_28__19_14_06_HDR0_0_Mothbot_yolo11m_4500_imgsz1600_b1_2024-01-18.pt.jpg,ORDER_Diptera,2025-01-28,19:14:06,,2025_01_28__19_14_06,MachineObservation,Cerro_Hoya_Expedition_Hoya_1204m_lightPotoro_2025-01-26_2025-01-28,Cerro_Hoya_Expedition_Hoya_1204m_lightPotoro_2025-01-26,lightPotoro_2025_01_28__19_14_06_HDR0.jpg,lightPotoro_2025_01_28__19_14_06_HDR0_0_Mothbot_yolo11m_4500_imgsz1600_b1_2024-01-18.pt.jpg
,Animalia,Arthropoda,Insecta,Hemiptera,,,,,,,Hemiptera,Hemiptera,Cerro_Hoya_Expedition_Hoya_1204m_lightPotoro_2025-01-26,lightPotoro_2025_01_28__19_14_06_HDR0_1_Mothbot_yolo11m_4500_imgsz1600_b1_2024-01-18.pt.jpg,HS,Mothbot_yolo11m_4500_imgsz1600_b1_2024-01-18.pt,0.7610840797424316,,lightPotoro,Cerro_Hoya_Expedition/Hoya_1204m_lightPotoro_2025-01-26/2025-01-28/patches/lightPotoro_2025_01_28__19_14_06_HDR0_1_Mothbot_yolo11m_4500_imgsz1600_b1_2024-01-18.pt.jpg,ORDER_Hemiptera,2025-01-28,19:14:06,,2025_01_28__19_14_06,MachineObservation,Cerro_Hoya_Expedition_Hoya_1204m_lightPotoro_2025-01-26_2025-01-28,Cerro_Hoya_Expedition_Hoya_1204m_lightPotoro_2025-01-26,lightPotoro_2025_01_28__19_14_06_HDR0.jpg,lightPotoro_2025_01_28__19_14_06_HDR0_1_Mothbot_yolo11m_4500_imgsz1600_b1_2024-01-18.pt.jpg
,Animalia,Arthropoda,Insecta,Diptera,,,,,,,Diptera,Diptera,Cerro_Hoya_Expedition_Hoya_1204m_lightPotoro_2025-01-26,lightPotoro_2025_01_28__19_15_22_HDR0_0_Mothbot_yolo11m_4500_imgsz1600_b1_2024-01-18.pt.jpg,HS,Mothbot_yolo11m_4500_imgsz1600_b1_2024-01-18.pt,0.834560215473175,,lightPotoro,Cerro_Hoya_Expedition/Hoya_1204m_lightPotoro_2025-01-26/2025-01-28/patches/lightPotoro_2025_01_28__19_15_22_HDR0_0_Mothbot_yolo11m_4500_imgsz1600_b1_2024-01-18.pt.jpg,ORDER_Diptera,2025-01-28,19:15:22,,2025_01_28__19_15_22,MachineObservation,Cerro_Hoya_Expedition_Hoya_1204m_lightPotoro_2025-01-26_2025-01-28,Cerro_Hoya_Expedition_Hoya_1204m_lightPotoro_2025-01-26,lightPotoro_2025_01_28__19_15_22_HDR0.jpg,lightPotoro_2025_01_28__19_15_22_HDR0_0_Mothbot_yolo11m_4500_imgsz1600_b1_2024-01-18.pt.jpg
,Animalia,Arthropoda,Insecta,Hemiptera,,,,,,,Hemiptera,Hemiptera,Cerro_Hoya_Expedition_Hoya_1204m_lightPotoro_2025-01-26,lightPotoro_2025_01_28__19_15_22_HDR0_1_Mothbot_yolo11m_4500_imgsz1600_b1_2024-01-18.pt.jpg,HS,Mothbot_yolo11m_4500_imgsz1600_b1_2024-01-18.pt,0.7293541431427002,,lightPotoro,Cerro_Hoya_Expedition/Hoya_1204m_lightPotoro_2025-01-26/2025-01-28/patches/lightPotoro_2025_01_28__19_15_22_HDR0_1_Mothbot_yolo11m_4500_imgsz1600_b1_2024-01-18.pt.jpg,ORDER_Hemiptera,2025-01-28,19:15:22,,2025_01_28__19_15_22,MachineObservation,Cerro_Hoya_Expedition_Hoya_1204m_lightPotoro_2025-01-26_2025-01-28,Cerro_Hoya_Expedition_Hoya_1204m_lightPotoro_2025-01-26,lightPotoro_2025_01_28__19_15_22_HDR0.jpg,lightPotoro_2025_01_28__19_15_22_HDR0_1_Mothbot_yolo11m_4500_imgsz1600_b1_2024-01-18.pt.jpg
doi.org10.15468dl.6nxkw6.csv,Animalia,Arthropoda,Insecta,Diptera,,,,,,,Diptera,Diptera,Cerro_Hoya_Expedition_Hoya_1204m_lightPotoro_2025-01-26,lightPotoro_2025_01_28__19_16_06_HDR0_0_Mothbot_yolo11m_4500_imgsz1600_b1_2024-01-18.pt.jpg,HS,Mothbot_yolo11m_4500_imgsz1600_b1_2024-01-18.pt,0.8045309782028198,,lightPotoro,Cerro_Hoya_Expedition/Hoya_1204m_lightPotoro_2025-01-26/2025-01-28/patches/lightPotoro_2025_01_28__19_16_06_HDR0_0_Mothbot_yolo11m_4500_imgsz1600_b1_2024-01-18.pt.jpg,ORDER_Coleoptera,2025-01-28,19:16:06,,2025_01_28__19_16_06,MachineObservation,Cerro_Hoya_Expedition_Hoya_1204m_lightPotoro_2025-01-26_2025-01-28,Cerro_Hoya_Expedition_Hoya_1204m_lightPotoro_2025-01-26,lightPotoro_2025_01_28__19_16_06_HDR0.jpg,lightPotoro_2025_01_28__19_16_06_HDR0_0_Mothbot_yolo11m_4500_imgsz1600_b1_2024-01-18.pt.jpg
doi.org10.15468dl.6nxkw6.csv,Animalia,Arthropoda,Insecta,Hemiptera,,,,,,,Hemiptera,Hemiptera,Cerro_Hoya_Expedition_Hoya_1204m_lightPotoro_2025-01-26,lightPotoro_2025_01_28__19_16_06_HDR0_1_Mothbot_yolo11m_4500_imgsz1600_b1_2024-01-18.pt.jpg,HS,Mothbot_yolo11m_4500_imgsz1600_b1_2024-01-18.pt,0.7482362389564514,,lightPotoro,Cerro_Hoya_Expedition/Hoya_1204m_lightPotoro_2025-01-26/2025-01-28/patches/lightPotoro_2025_01_28__19_16_06_HDR0_1_Mothbot_yolo11m_4500_imgsz1600_b1_2024-01-18.pt.jpg,ORDER_Coleoptera,2025-01-28,19:16:06,,2025_01_28__19_16_06,MachineObservation,Cerro_Hoya_Expedition_Hoya_1204m_lightPotoro_2025-01-26_2025-01-28,Cerro_Hoya_Expedition_Hoya_1204m_lightPotoro_2025-01-26,lightPotoro_2025_01_28__19_16_06_HDR0.jpg,lightPotoro_2025_01_28__19_16_06_HDR0_1_Mothbot_yolo11m_4500_imgsz1600_b1_2024-01-18.pt.jpg
doi.org10.15468dl.6nxkw6.csv,Animalia,Arthropoda,Insecta,Diptera,,,,,,,Diptera,Diptera,Cerro_Hoya_Expedition_Hoya_1204m_lightPotoro_2025-01-26,lightPotoro_2025_01_28__19_17_06_HDR0_0_Mothbot_yolo11m_4500_imgsz1600_b1_2024-01-18.pt.jpg,HS,Mothbot_yolo11m_4500_imgsz1600_b1_2024-01-18.pt,0.806512176990509,,lightPotoro,Cerro_Hoya_Expedition/Hoya_1204m_lightPotoro_2025-01-26/2025-01-28/patches/lightPotoro_2025_01_28__19_17_06_HDR0_0_Mothbot_yolo11m_4500_imgsz1600_b1_2024-01-18.pt.jpg,ORDER_Coleoptera,2025-01-28,19:17:06,,2025_01_28__19_17_06,MachineObservation,Cerro_Hoya_Expedition_Hoya_1204m_lightPotoro_2025-01-26_2025-01-28,Cerro_Hoya_Expedition_Hoya_1204m_lightPotoro_2025-01-26,lightPotoro_2025_01_28__19_17_06_HDR0.jpg,lightPotoro_2025_01_28__19_17_06_HDR0_0_Mothbot_yolo11m_4500_imgsz1600_b1_2024-01-18.pt.jpg
,Animalia,Arthropoda,Insecta,Diptera,,,,,,,Diptera,Diptera,Cerro_Hoya_Expedition_Hoya_1204m_lightPotoro_2025-01-26,lightPotoro_2025_01_28__19_17_06_HDR0_1_Mothbot_yolo11m_4500_imgsz1600_b1_2024-01-18.pt.jpg,HS,Mothbot_yolo11m_4500_imgsz1600_b1_2024-01-18.pt,0.744566023349762,,lightPotoro,Cerro_Hoya_Expedition/Hoya_1204m_lightPotoro_2025-01-26/2025-01-28/patches/lightPotoro_2025_01_28__19_17_06_HDR0_1_Mothbot_yolo11m_4500_imgsz1600_b1_2024-01-18.pt.jpg,ORDER_Diptera,2025-01-28,19:17:06,,2025_01_28__19_17_06,MachineObservation,Cerro_Hoya_Expedition_Hoya_1204m_lightPotoro_2025-01-26_2025-01-28,Cerro_Hoya_Expedition_Hoya_1204m_lightPotoro_2025-01-26,lightPotoro_2025_01_28__19_17_06_HDR0.jpg,lightPotoro_2025_01_28__19_17_06_HDR0_1_Mothbot_yolo11m_4500_imgsz1600_b1_2024-01-18.pt.jpg
,Animalia,Arthropoda,Insecta,Hemiptera,,,,,,,Hemiptera,Hemiptera,Cerro_Hoya_Expedition_Hoya_1204m_lightPotoro_2025-01-26,lightPotoro_2025_01_28__19_17_06_HDR0_2_Mothbot_yolo11m_4500_imgsz1600_b1_2024-01-18.pt.jpg,HS,Mothbot_yolo11m_4500_imgsz1600_b1_2024-01-18.pt,0.6915006041526794,,lightPotoro,Cerro_Hoya_Expedition/Hoya_1204m_lightPotoro_2025-01-26/2025-01-28/patches/lightPotoro_2025_01_28__19_17_06_HDR0_2_Mothbot_yolo11m_4500_imgsz1600_b1_2024-01-18.pt.jpg,ORDER_Hemiptera,2025-01-28,19:17:06,,2025_01_28__19_17_06,MachineObservation,Cerro_Hoya_Expedition_Hoya_1204m_lightPotoro_2025-01-26_2025-01-28,Cerro_Hoya_Expedition_Hoya_1204m_lightPotoro_2025-01-26,lightPotoro_2025_01_28__19_17_06_HDR0.jpg,lightPotoro_2025_01_28__19_17_06_HDR0_2_Mothbot_yolo11m_4500_imgsz1600_b1_2024-01-18.pt.jpg
doi.org10.15468dl.6nxkw6.csv,Animalia,Arthropoda,Insecta,Diptera,,,,,,,Diptera,Diptera,Cerro_Hoya_Expedition_Hoya_1204m_lightPotoro_2025-01-26,lightPotoro_2025_01_28__19_18_06_HDR0_0_Mothbot_yolo11m_4500_imgsz1600_b1_2024-01-18.pt.jpg,HS,Mothbot_yolo11m_4500_imgsz1600_b1_2024-01-18.pt,0.7958927750587463,,lightPotoro,Cerro_Hoya_Expedition/Hoya_1204m_lightPotoro_2025-01-26/2025-01-28/patches/lightPotoro_2025_01_28__19_18_06_HDR0_0_Mothbot_yolo11m_4500_imgsz1600_b1_2024-01-18.pt.jpg,ORDER_Coleoptera,2025-01-28,19:18:06,,2025_01_28__19_18_06,MachineObservation,Cerro_Hoya_Expedition_Hoya_1204m_lightPotoro_2025-01-26_2025-01-28,Cerro_Hoya_Expedition_Hoya_1204m_lightPotoro_2025-01-26,lightPotoro_2025_01_28__19_18_06_HDR0.jpg,lightPotoro_2025_01_28__19_18_06_HDR0_0_Mothbot_yolo11m_4500_imgsz1600_b1_2024-01-18.pt.jpg
,Animalia,Arthropoda,Insecta,Hemiptera,,,,,,,Hemiptera,Hemiptera,Cerro_Hoya_Expedition_Hoya_1204m_lightPotoro_2025-01-26,lightPotoro_2025_01_28__19_18_06_HDR0_1_Mothbot_yolo11m_4500_imgsz1600_b1_2024-01-18.pt.jpg,HS,Mothbot_yolo11m_4500_imgsz1600_b1_2024-01-18.pt,0.7545679211616516,,lightPotoro,Cerro_Hoya_Expedition/Hoya_1204m_lightPotoro_2025-01-26/2025-01-28/patches/lightPotoro_2025_01_28__19_18_06_HDR0_1_Mothbot_yolo11m_4500_imgsz1600_b1_2024-01-18.pt.jpg,ORDER_Hemiptera,2025-01-28,19:18:06,,2025_01_28__19_18_06,MachineObservation,Cerro_Hoya_Expedition_Hoya_1204m_lightPotoro_2025-01-26_2025-01-28,Cerro_Hoya_Expedition_Hoya_1204m_lightPotoro_2025-01-26,lightPotoro_2025_01_28__19_18_06_HDR0.jpg,lightPotoro_2025_01_28__19_18_06_HDR0_1_Mothbot_yolo11m_4500_imgsz1600_b1_2024-01-18.pt.jpg
doi.org10.15468dl.6nxkw6.csv,Animalia,Arthropoda,Insecta,Diptera,,,,,,,Diptera,Diptera,Cerro_Hoya_Expedition_Hoya_1204m_lightPotoro_2025-01-26,lightPotoro_2025_01_28__19_19_06_HDR0_0_Mothbot_yolo11m_4500_imgsz1600_b1_2024-01-18.pt.jpg,HS,Mothbot_yolo11m_4500_imgsz1600_b1_2024-01-18.pt,0.7901785373687744,,lightPotoro,Cerro_Hoya_Expedition/Hoya_1204m_lightPotoro_2025-01-26/2025-01-28/patches/lightPotoro_2025_01_28__19_19_06_HDR0_0_Mothbot_yolo11m_4500_imgsz1600_b1_2024-01-18.pt.jpg,ORDER_Coleoptera,2025-01-28,19:19:06,,2025_01_28__19_19_06,MachineObservation,Cerro_Hoya_Expedition_Hoya_1204m_lightPotoro_2025-01-26_2025-01-28,Cerro_Hoya_Expedition_Hoya_1204m_lightPotoro_2025-01-26,lightPotoro_2025_01_28__19_19_06_HDR0.jpg,lightPotoro_2025_01_28__19_19_06_HDR0_0_Mothbot_yolo11m_4500_imgsz1600_b1_2024-01-18.pt.jpg
,Animalia,Arthropoda,Insecta,Hemiptera,,,,,,,Hemiptera,Hemiptera,Cerro_Hoya_Expedition_Hoya_1204m_lightPotoro_2025-01-26,lightPotoro_2025_01_28__19_19_06_HDR0_1_Mothbot_yolo11m_4500_imgsz1600_b1_2024-01-18.pt.jpg,HS,Mothbot_yolo11m_4500_imgsz1600_b1_2024-01-18.pt,0.7532888054847717,,lightPotoro,Cerro_Hoya_Expedition/Hoya_1204m_lightPotoro_2025-01-26/2025-01-28/patches/lightPotoro_2025_01_28__19_19_06_HDR0_1_Mothbot_yolo11m_4500_imgsz1600_b1_2024-01-18.pt.jpg,ORDER_Hemiptera,2025-01-28,19:19:06,,2025_01_28__19_19_06,MachineObservation,Cerro_Hoya_Expedition_Hoya_1204m_lightPotoro_2025-01-26_2025-01-28,Cerro_Hoya_Expedition_Hoya_1204m_lightPotoro_2025-01-26,lightPotoro_2025_01_28__19_19_06_HDR0.jpg,lightPotoro_2025_01_28__19_19_06_HDR0_1_Mothbot_yolo11m_4500_imgsz1600_b1_2024-01-18.pt.jpg
,Animalia,Arthropoda,Insecta,Diptera,,,,,,,Diptera,Diptera,Cerro_Hoya_Expedition_Hoya_1204m_lightPotoro_2025-01-26,lightPotoro_2025_01_28__19_20_05_HDR0_0_Mothbot_yolo11m_4500_imgsz1600_b1_2024-01-18.pt.jpg,HS,Mothbot_yolo11m_4500_imgsz1600_b1_2024-01-18.pt,0.8333386182785034,,lightPotoro,Cerro_Hoya_Expedition/Hoya_1204m_lightPotoro_2025-01-26/2025-01-28/patches/lightPotoro_2025_01_28__19_20_05_HDR0_0_Mothbot_yolo11m_4500_imgsz1600_b1_2024-01-18.pt.jpg,ORDER_Diptera,2025-01-28,19:20:05,,2025_01_28__19_20_05,MachineObservation,Cerro_Hoya_Expedition_Hoya_1204m_lightPotoro_2025-01-26_2025-01-28,Cerro_Hoya_Expedition_Hoya_1204m_lightPotoro_2025-01-26,lightPotoro_2025_01_28__19_20_05_HDR0.jpg,lightPotoro_2025_01_28__19_20_05_HDR0_0_Mothbot_yolo11m_4500_imgsz1600_b1_2024-01-18.pt.jpg
,Animalia,Arthropoda,Insecta,Hemiptera,,,,,,,Hemiptera,Hemiptera,Cerro_Hoya_Expedition_Hoya_1204m_lightPotoro_2025-01-26,lightPotoro_2025_01_28__19_20_05_HDR0_1_Mothbot_yolo11m_4500_imgsz1600_b1_2024-01-18.pt.jpg,HS,Mothbot_yolo11m_4500_imgsz1600_b1_2024-01-18.pt,0.7510104775428772,,lightPotoro,Cerro_Hoya_Expedition/Hoya_1204m_lightPotoro_2025-01-26/2025-01-28/patches/lightPotoro_2025_01_28__19_20_05_HDR0_1_Mothbot_yolo11m_4500_imgsz1600_b1_2024-01-18.pt.jpg,ORDER_Hemiptera,2025-01-28,19:20:05,,2025_01_28__19_20_05,MachineObservation,Cerro_Hoya_Expedition_Hoya_1204m_lightPotoro_2025-01-26_2025-01-28,Cerro_Hoya_Expedition_Hoya_1204m_lightPotoro_2025-01-26,lightPotoro_2025_01_28__19_20_05_HDR0.jpg,lightPotoro_2025_01_28__19_20_05_HDR0_1_Mothbot_yolo11m_4500_imgsz1600_b1_2024-01-18.pt.jpg
,Animalia,Arthropoda,Insecta,Lepidoptera,,,,,,,Lepidoptera,Lepidoptera,Cerro_Hoya_Expedition_Hoya_1204m_lightPotoro_2025-01-26,lightPotoro_2025_01_28__19_21_05_HDR0_0_Mothbot_yolo11m_4500_imgsz1600_b1_2024-01-18.pt.jpg,HS,Mothbot_yolo11m_4500_imgsz1600_b1_2024-01-18.pt,0.8181226849555969,,lightPotoro,Cerro_Hoya_Expedition/Hoya_1204m_lightPotoro_2025-01-26/2025-01-28/patches/lightPotoro_2025_01_28__19_21_05_HDR0_0_Mothbot_yolo11m_4500_imgsz1600_b1_2024-01-18.pt.jpg,ORDER_Lepidoptera,2025-01-28,19:21:05,,2025_01_28__19_21_05,MachineObservation,Cerro_Hoya_Expedition_Hoya_1204m_lightPotoro_2025-01-26_2025-01-28,Cerro_Hoya_Expedition_Hoya_1204m_lightPotoro_2025-01-26,lightPotoro_2025_01_28__19_21_05_HDR0.jpg,lightPotoro_2025_01_28__19_21_05_HDR0_0_Mothbot_yolo11m_4500_imgsz1600_b1_2024-01-18.pt.jpg
doi.org10.15468dl.6nxkw6.csv,Animalia,Arthropoda,Insecta,Coleoptera,Chrysomelidae,,,Chrysomelidae16,7780,,Chrysomelidae,Chrysomelidae16,Cerro_Hoya_Expedition_Hoya_1204m_lightPotoro_2025-01-26,lightPotoro_2025_01_28__19_21_05_HDR0_1_Mothbot_yolo11m_4500_imgsz1600_b1_2024-01-18.pt.jpg,HS,Mothbot_yolo11m_4500_imgsz1600_b1_2024-01-18.pt,0.8168453574180603,,lightPotoro,Cerro_Hoya_Expedition/Hoya_1204m_lightPotoro_2025-01-26/2025-01-28/patches/lightPotoro_2025_01_28__19_21_05_HDR0_1_Mothbot_yolo11m_4500_imgsz1600_b1_2024-01-18.pt.jpg,ORDER_Coleoptera,2025-01-28,19:21:05,,2025_01_28__19_21_05,MachineObservation,Cerro_Hoya_Expedition_Hoya_1204m_lightPotoro_2025-01-26_2025-01-28,Cerro_Hoya_Expedition_Hoya_1204m_lightPotoro_2025-01-26,lightPotoro_2025_01_28__19_21_05_HDR0.jpg,lightPotoro_2025_01_28__19_21_05_HDR0_1_Mothbot_yolo11m_4500_imgsz1600_b1_2024-01-18.pt.jpg
,Animalia,Arthropoda,Insecta,Diptera,,,,,,,Diptera,Diptera,Cerro_Hoya_Expedition_Hoya_1204m_lightPotoro_2025-01-26,lightPotoro_2025_01_28__19_21_05_HDR0_2_Mothbot_yolo11m_4500_imgsz1600_b1_2024-01-18.pt.jpg,HS,Mothbot_yolo11m_4500_imgsz1600_b1_2024-01-18.pt,0.7421548366546631,,lightPotoro,Cerro_Hoya_Expedition/Hoya_1204m_lightPotoro_2025-01-26/2025-01-28/patches/lightPotoro_2025_01_28__19_21_05_HDR0_2_Mothbot_yolo11m_4500_imgsz1600_b1_2024-01-18.pt.jpg,ORDER_Diptera,2025-01-28,19:21:05,,2025_01_28__19_21_05,MachineObservation,Cerro_Hoya_Expedition_Hoya_1204m_lightPotoro_2025-01-26_2025-01-28,Cerro_Hoya_Expedition_Hoya_1204m_lightPotoro_2025-01-26,lightPotoro_2025_01_28__19_21_05_HDR0.jpg,lightPotoro_2025_01_28__19_21_05_HDR0_2_Mothbot_yolo11m_4500_imgsz1600_b1_2024-01-18.pt.jpg
doi.org10.15468dl.6nxkw6.csv,Animalia,Arthropoda,Insecta,Hemiptera,,,,,,,Hemiptera,Hemiptera,Cerro_Hoya_Expedition_Hoya_1204m_lightPotoro_2025-01-26,lightPotoro_2025_01_28__19_21_05_HDR0_3_Mothbot_yolo11m_4500_imgsz1600_b1_2024-01-18.pt.jpg,HS,Mothbot_yolo11m_4500_imgsz1600_b1_2024-01-18.pt,0.560068666934967,,lightPotoro,Cerro_Hoya_Expedition/Hoya_1204m_lightPotoro_2025-01-26/2025-01-28/patches/lightPotoro_2025_01_28__19_21_05_HDR0_3_Mothbot_yolo11m_4500_imgsz1600_b1_2024-01-18.pt.jpg,ORDER_Orthoptera,2025-01-28,19:21:05,,2025_01_28__19_21_05,MachineObservation,Cerro_Hoya_Expedition_Hoya_1204m_lightPotoro_2025-01-26_2025-01-28,Cerro_Hoya_Expedition_Hoya_1204m_lightPotoro_2025-01-26,lightPotoro_2025_01_28__19_21_05_HDR0.jpg,lightPotoro_2025_01_28__19_21_05_HDR0_3_Mothbot_yolo11m_4500_imgsz1600_b1_2024-01-18.pt.jpg
,Animalia,Arthropoda,Insecta,Lepidoptera,,,,,,,Lepidoptera,Lepidoptera,Cerro_Hoya_Expedition_Hoya_1204m_lightPotoro_2025-01-26,lightPotoro_2025_01_28__19_22_22_HDR0_0_Mothbot_yolo11m_4500_imgsz1600_b1_2024-01-18.pt.jpg,HS,Mothbot_yolo11m_4500_imgsz1600_b1_2024-01-18.pt,0.8333722949028015,,lightPotoro,Cerro_Hoya_Expedition/Hoya_1204m_lightPotoro_2025-01-26/2025-01-28/patches/lightPotoro_2025_01_28__19_22_22_HDR0_0_Mothbot_yolo11m_4500_imgsz1600_b1_2024-01-18.pt.jpg,ORDER_Lepidoptera,2025-01-28,19:22:22,,2025_01_28__19_22_22,MachineObservation,Cerro_Hoya_Expedition_Hoya_1204m_lightPotoro_2025-01-26_2025-01-28,Cerro_Hoya_Expedition_Hoya_1204m_lightPotoro_2025-01-26,lightPotoro_2025_01_28__19_22_22_HDR0.jpg,lightPotoro_2025_01_28__19_22_22_HDR0_0_Mothbot_yolo11m_4500_imgsz1600_b1_2024-01-18.pt.jpg
doi.org10.15468dl.6nxkw6.csv,Animalia,Arthropoda,Insecta,Diptera,,,,,,,Diptera,Diptera,Cerro_Hoya_Expedition_Hoya_1204m_lightPotoro_2025-01-26,lightPotoro_2025_01_28__19_22_22_HDR0_1_Mothbot_yolo11m_4500_imgsz1600_b1_2024-01-18.pt.jpg,HS,Mothbot_yolo11m_4500_imgsz1600_b1_2024-01-18.pt,0.7479145526885986,,lightPotoro,Cerro_Hoya_Expedition/Hoya_1204m_lightPotoro_2025-01-26/2025-01-28/patches/lightPotoro_2025_01_28__19_22_22_HDR0_1_Mothbot_yolo11m_4500_imgsz1600_b1_2024-01-18.pt.jpg,ORDER_Coleoptera,2025-01-28,19:22:22,,2025_01_28__19_22_22,MachineObservation,Cerro_Hoya_Expedition_Hoya_1204m_lightPotoro_2025-01-26_2025-01-28,Cerro_Hoya_Expedition_Hoya_1204m_lightPotoro_2025-01-26,lightPotoro_2025_01_28__19_22_22_HDR0.jpg,lightPotoro_2025_01_28__19_22_22_HDR0_1_Mothbot_yolo11m_4500_imgsz1600_b1_2024-01-18.pt.jpg
,Animalia,Arthropoda,Insecta,Hemiptera,,,,,,,Hemiptera,Hemiptera,Cerro_Hoya_Expedition_Hoya_1204m_lightPotoro_2025-01-26,lightPotoro_2025_01_28__19_22_22_HDR0_2_Mothbot_yolo11m_4500_imgsz1600_b1_2024-01-18.pt.jpg,HS,Mothbot_yolo11m_4500_imgsz1600_b1_2024-01-18.pt,0.6460577845573425,,lightPotoro,Cerro_Hoya_Expedition/Hoya_1204m_lightPotoro_2025-01-26/2025-01-28/patches/lightPotoro_2025_01_28__19_22_22_HDR0_2_Mothbot_yolo11m_4500_imgsz1600_b1_2024-01-18.pt.jpg,ORDER_Hemiptera,2025-01-28,19:22:22,,2025_01_28__19_22_22,MachineObservation,Cerro_Hoya_Expedition_Hoya_1204m_lightPotoro_2025-01-26_2025-01-28,Cerro_Hoya_Expedition_Hoya_1204m_lightPotoro_2025-01-26,lightPotoro_2025_01_28__19_22_22_HDR0.jpg,lightPotoro_2025_01_28__19_22_22_HDR0_2_Mothbot_yolo11m_4500_imgsz1600_b1_2024-01-18.pt.jpg
,Animalia,Arthropoda,Insecta,Lepidoptera,,,,,,,Lepidoptera,Lepidoptera,Cerro_Hoya_Expedition_Hoya_1204m_lightPotoro_2025-01-26,lightPotoro_2025_01_28__19_23_05_HDR0_0_Mothbot_yolo11m_4500_imgsz1600_b1_2024-01-18.pt.jpg,HS,Mothbot_yolo11m_4500_imgsz1600_b1_2024-01-18.pt,0.8493425250053406,,lightPotoro,Cerro_Hoya_Expedition/Hoya_1204m_lightPotoro_2025-01-26/2025-01-28/patches/lightPotoro_2025_01_28__19_23_05_HDR0_0_Mothbot_yolo11m_4500_imgsz1600_b1_2024-01-18.pt.jpg,ORDER_Lepidoptera,2025-01-28,19:23:05,,2025_01_28__19_23_05,MachineObservation,Cerro_Hoya_Expedition_Hoya_1204m_lightPotoro_2025-01-26_2025-01-28,Cerro_Hoya_Expedition_Hoya_1204m_lightPotoro_2025-01-26,lightPotoro_2025_01_28__19_23_05_HDR0.jpg,lightPotoro_2025_01_28__19_23_05_HDR0_0_Mothbot_yolo11m_4500_imgsz1600_b1_2024-01-18.pt.jpg
,Animalia,Arthropoda,Insecta,Diptera,,,,,,,Diptera,Diptera,Cerro_Hoya_Expedition_Hoya_1204m_lightPotoro_2025-01-26,lightPotoro_2025_01_28__19_23_05_HDR0_1_Mothbot_yolo11m_4500_imgsz1600_b1_2024-01-18.pt.jpg,HS,Mothbot_yolo11m_4500_imgsz1600_b1_2024-01-18.pt,0.8229376673698425,,lightPotoro,Cerro_Hoya_Expedition/Hoya_1204m_lightPotoro_2025-01-26/2025-01-28/patches/lightPotoro_2025_01_28__19_23_05_HDR0_1_Mothbot_yolo11m_4500_imgsz1600_b1_2024-01-18.pt.jpg,ORDER_Diptera,2025-01-28,19:23:05,,2025_01_28__19_23_05,MachineObservation,Cerro_Hoya_Expedition_Hoya_1204m_lightPotoro_2025-01-26_2025-01-28,Cerro_Hoya_Expedition_Hoya_1204m_lightPotoro_2025-01-26,lightPotoro_2025_01_28__19_23_05_HDR0.jpg,lightPotoro_2025_01_28__19_23_05_HDR0_1_Mothbot_yolo11m_4500_imgsz1600_b1_2024-01-18.pt.jpg
,Animalia,Arthropoda,Insecta,Hemiptera,,,,,,,Hemiptera,Hemiptera,Cerro_Hoya_Expedition_Hoya_1204m_lightPotoro_2025-01-26,lightPotoro_2025_01_28__19_23_05_HDR0_2_Mothbot_yolo11m_4500_imgsz1600_b1_2024-01-18.pt.jpg,HS,Mothbot_yolo11m_4500_imgsz1600_b1_2024-01-18.pt,0.6627271175384521,,lightPotoro,Cerro_Hoya_Expedition/Hoya_1204m_lightPotoro_2025-01-26/2025-01-28/patches/lightPotoro_2025_01_28__19_23_05_HDR0_2_Mothbot_yolo11m_4500_imgsz1600_b1_2024-01-18.pt.jpg,ORDER_Hemiptera,2025-01-28,19:23:05,,2025_01_28__19_23_05,MachineObservation,Cerro_Hoya_Expedition_Hoya_1204m_lightPotoro_2025-01-26_2025-01-28,Cerro_Hoya_Expedition_Hoya_1204m_lightPotoro_2025-01-26,lightPotoro_2025_01_28__19_23_05_HDR0.jpg,lightPotoro_2025_01_28__19_23_05_HDR0_2_Mothbot_yolo11m_4500_imgsz1600_b1_2024-01-18.pt.jpg
,Animalia,Arthropoda,Insecta,Diptera,,,,,,,Diptera,Diptera,Cerro_Hoya_Expedition_Hoya_1204m_lightPotoro_2025-01-26,lightPotoro_2025_01_28__19_24_06_HDR0_0_Mothbot_yolo11m_4500_imgsz1600_b1_2024-01-18.pt.jpg,HS,Mothbot_yolo11m_4500_imgsz1600_b1_2024-01-18.pt,0.7978536486625671,,lightPotoro,Cerro_Hoya_Expedition/Hoya_1204m_lightPotoro_2025-01-26/2025-01-28/patches/lightPotoro_2025_01_28__19_24_06_HDR0_0_Mothbot_yolo11m_4500_imgsz1600_b1_2024-01-18.pt.jpg,ORDER_Diptera,2025-01-28,19:24:06,,2025_01_28__19_24_06,MachineObservation,Cerro_Hoya_Expedition_Hoya_1204m_lightPotoro_2025-01-26_2025-01-28,Cerro_Hoya_Expedition_Hoya_1204m_lightPotoro_2025-01-26,lightPotoro_2025_01_28__19_24_06_HDR0.jpg,lightPotoro_2025_01_28__19_24_06_HDR0_0_Mothbot_yolo11m_4500_imgsz1600_b1_2024-01-18.pt.jpg
,Animalia,Arthropoda,Insecta,Hemiptera,,,,,,,Hemiptera,Hemiptera,Cerro_Hoya_Expedition_Hoya_1204m_lightPotoro_2025-01-26,lightPotoro_2025_01_28__19_24_06_HDR0_1_Mothbot_yolo11m_4500_imgsz1600_b1_2024-01-18.pt.jpg,HS,Mothbot_yolo11m_4500_imgsz1600_b1_2024-01-18.pt,0.727082371711731,,lightPotoro,Cerro_Hoya_Expedition/Hoya_1204m_lightPotoro_2025-01-26/2025-01-28/patches/lightPotoro_2025_01_28__19_24_06_HDR0_1_Mothbot_yolo11m_4500_imgsz1600_b1_2024-01-18.pt.jpg,ORDER_Hemiptera,2025-01-28,19:24:06,,2025_01_28__19_24_06,MachineObservation,Cerro_Hoya_Expedition_Hoya_1204m_lightPotoro_2025-01-26_2025-01-28,Cerro_Hoya_Expedition_Hoya_1204m_lightPotoro_2025-01-26,lightPotoro_2025_01_28__19_24_06_HDR0.jpg,lightPotoro_2025_01_28__19_24_06_HDR0_1_Mothbot_yolo11m_4500_imgsz1600_b1_2024-01-18.pt.jpg
,Animalia,Arthropoda,Insecta,Diptera,,,,,,,Diptera,Diptera,Cerro_Hoya_Expedition_Hoya_1204m_lightPotoro_2025-01-26,lightPotoro_2025_01_28__19_25_06_HDR0_0_Mothbot_yolo11m_4500_imgsz1600_b1_2024-01-18.pt.jpg,HS,Mothbot_yolo11m_4500_imgsz1600_b1_2024-01-18.pt,0.747745156288147,,lightPotoro,Cerro_Hoya_Expedition/Hoya_1204m_lightPotoro_2025-01-26/2025-01-28/patches/lightPotoro_2025_01_28__19_25_06_HDR0_0_Mothbot_yolo11m_4500_imgsz1600_b1_2024-01-18.pt.jpg,ORDER_Diptera,2025-01-28,19:25:06,,2025_01_28__19_25_06,MachineObservation,Cerro_Hoya_Expedition_Hoya_1204m_lightPotoro_2025-01-26_2025-01-28,Cerro_Hoya_Expedition_Hoya_1204m_lightPotoro_2025-01-26,lightPotoro_2025_01_28__19_25_06_HDR0.jpg,lightPotoro_2025_01_28__19_25_06_HDR0_0_Mothbot_yolo11m_4500_imgsz1600_b1_2024-01-18.pt.jpg
,Animalia,Arthropoda,Insecta,Hemiptera,,,,,,,Hemiptera,Hemiptera,Cerro_Hoya_Expedition_Hoya_1204m_lightPotoro_2025-01-26,lightPotoro_2025_01_28__19_25_06_HDR0_1_Mothbot_yolo11m_4500_imgsz1600_b1_2024-01-18.pt.jpg,HS,Mothbot_yolo11m_4500_imgsz1600_b1_2024-01-18.pt,0.6917607188224792,,lightPotoro,Cerro_Hoya_Expedition/Hoya_1204m_lightPotoro_2025-01-26/2025-01-28/patches/lightPotoro_2025_01_28__19_25_06_HDR0_1_Mothbot_yolo11m_4500_imgsz1600_b1_2024-01-18.pt.jpg,ORDER_Hemiptera,2025-01-28,19:25:06,,2025_01_28__19_25_06,MachineObservation,Cerro_Hoya_Expedition_Hoya_1204m_lightPotoro_2025-01-26_2025-01-28,Cerro_Hoya_Expedition_Hoya_1204m_lightPotoro_2025-01-26,lightPotoro_2025_01_28__19_25_06_HDR0.jpg,lightPotoro_2025_01_28__19_25_06_HDR0_1_Mothbot_yolo11m_4500_imgsz1600_b1_2024-01-18.pt.jpg
,Animalia,Arthropoda,Insecta,Diptera,,,,,,,Diptera,Diptera,Cerro_Hoya_Expedition_Hoya_1204m_lightPotoro_2025-01-26,lightPotoro_2025_01_28__19_26_06_HDR0_0_Mothbot_yolo11m_4500_imgsz1600_b1_2024-01-18.pt.jpg,HS,Mothbot_yolo11m_4500_imgsz1600_b1_2024-01-18.pt,0.7493324875831604,,lightPotoro,Cerro_Hoya_Expedition/Hoya_1204m_lightPotoro_2025-01-26/2025-01-28/patches/lightPotoro_2025_01_28__19_26_06_HDR0_0_Mothbot_yolo11m_4500_imgsz1600_b1_2024-01-18.pt.jpg,ORDER_Diptera,2025-01-28,19:26:06,,2025_01_28__19_26_06,MachineObservation,Cerro_Hoya_Expedition_Hoya_1204m_lightPotoro_2025-01-26_2025-01-28,Cerro_Hoya_Expedition_Hoya_1204m_lightPotoro_2025-01-26,lightPotoro_2025_01_28__19_26_06_HDR0.jpg,lightPotoro_2025_01_28__19_26_06_HDR0_0_Mothbot_yolo11m_4500_imgsz1600_b1_2024-01-18.pt.jpg
doi.org10.15468dl.6nxkw6.csv,Animalia,Arthropoda,Insecta,Coleoptera,Chrysomelidae,,,Chrysomelidae16,7780,,Chrysomelidae,Chrysomelidae16,Cerro_Hoya_Expedition_Hoya_1204m_lightPotoro_2025-01-26,lightPotoro_2025_01_28__19_26_06_HDR0_1_Mothbot_yolo11m_4500_imgsz1600_b1_2024-01-18.pt.jpg,HS,Mothbot_yolo11m_4500_imgsz1600_b1_2024-01-18.pt,0.728723406791687,,lightPotoro,Cerro_Hoya_Expedition/Hoya_1204m_lightPotoro_2025-01-26/2025-01-28/patches/lightPotoro_2025_01_28__19_26_06_HDR0_1_Mothbot_yolo11m_4500_imgsz1600_b1_2024-01-18.pt.jpg,ORDER_Coleoptera,2025-01-28,19:26:06,,2025_01_28__19_26_06,MachineObservation,Cerro_Hoya_Expedition_Hoya_1204m_lightPotoro_2025-01-26_2025-01-28,Cerro_Hoya_Expedition_Hoya_1204m_lightPotoro_2025-01-26,lightPotoro_2025_01_28__19_26_06_HDR0.jpg,lightPotoro_2025_01_28__19_26_06_HDR0_1_Mothbot_yolo11m_4500_imgsz1600_b1_2024-01-18.pt.jpg
,Animalia,Arthropoda,Insecta,Hemiptera,,,,,,,Hemiptera,Hemiptera,Cerro_Hoya_Expedition_Hoya_1204m_lightPotoro_2025-01-26,lightPotoro_2025_01_28__19_26_06_HDR0_2_Mothbot_yolo11m_4500_imgsz1600_b1_2024-01-18.pt.jpg,HS,Mothbot_yolo11m_4500_imgsz1600_b1_2024-01-18.pt,0.705212414264679,,lightPotoro,Cerro_Hoya_Expedition/Hoya_1204m_lightPotoro_2025-01-26/2025-01-28/patches/lightPotoro_2025_01_28__19_26_06_HDR0_2_Mothbot_yolo11m_4500_imgsz1600_b1_2024-01-18.pt.jpg,ORDER_Hemiptera,2025-01-28,19:26:06,,2025_01_28__19_26_06,MachineObservation,Cerro_Hoya_Expedition_Hoya_1204m_lightPotoro_2025-01-26_2025-01-28,Cerro_Hoya_Expedition_Hoya_1204m_lightPotoro_2025-01-26,lightPotoro_2025_01_28__19_26_06_HDR0.jpg,lightPotoro_2025_01_28__19_26_06_HDR0_2_Mothbot_yolo11m_4500_imgsz1600_b1_2024-01-18.pt.jpg
,Animalia,Arthropoda,Insecta,Diptera,,,,,,,Diptera,Diptera,Cerro_Hoya_Expedition_Hoya_1204m_lightPotoro_2025-01-26,lightPotoro_2025_01_28__19_27_06_HDR0_0_Mothbot_yolo11m_4500_imgsz1600_b1_2024-01-18.pt.jpg,HS,Mothbot_yolo11m_4500_imgsz1600_b1_2024-01-18.pt,0.7460592985153198,,lightPotoro,Cerro_Hoya_Expedition/Hoya_1204m_lightPotoro_2025-01-26/2025-01-28/patches/lightPotoro_2025_01_28__19_27_06_HDR0_0_Mothbot_yolo11m_4500_imgsz1600_b1_2024-01-18.pt.jpg,ORDER_Diptera,2025-01-28,19:27:06,,2025_01_28__19_27_06,MachineObservation,Cerro_Hoya_Expedition_Hoya_1204m_lightPotoro_2025-01-26_2025-01-28,Cerro_Hoya_Expedition_Hoya_1204m_lightPotoro_2025-01-26,lightPotoro_2025_01_28__19_27_06_HDR0.jpg,lightPotoro_2025_01_28__19_27_06_HDR0_0_Mothbot_yolo11m_4500_imgsz1600_b1_2024-01-18.pt.jpg
doi.org10.15468dl.6nxkw6.csv,Animalia,Arthropoda,Insecta,Diptera,,,,,,,Diptera,Diptera,Cerro_Hoya_Expedition_Hoya_1204m_lightPotoro_2025-01-26,lightPotoro_2025_01_28__19_28_06_HDR0_0_Mothbot_yolo11m_4500_imgsz1600_b1_2024-01-18.pt.jpg,HS,Mothbot_yolo11m_4500_imgsz1600_b1_2024-01-18.pt,0.7483232021331787,,lightPotoro,Cerro_Hoya_Expedition/Hoya_1204m_lightPotoro_2025-01-26/2025-01-28/patches/lightPotoro_2025_01_28__19_28_06_HDR0_0_Mothbot_yolo11m_4500_imgsz1600_b1_2024-01-18.pt.jpg,ORDER_Lepidoptera,2025-01-28,19:28:06,,2025_01_28__19_28_06,MachineObservation,Cerro_Hoya_Expedition_Hoya_1204m_lightPotoro_2025-01-26_2025-01-28,Cerro_Hoya_Expedition_Hoya_1204m_lightPotoro_2025-01-26,lightPotoro_2025_01_28__19_28_06_HDR0.jpg,lightPotoro_2025_01_28__19_28_06_HDR0_0_Mothbot_yolo11m_4500_imgsz1600_b1_2024-01-18.pt.jpg
,Animalia,Arthropoda,Insecta,Lepidoptera,,,,,,,Lepidoptera,Lepidoptera,Cerro_Hoya_Expedition_Hoya_1204m_lightPotoro_2025-01-26,lightPotoro_2025_01_28__19_29_22_HDR0_0_Mothbot_yolo11m_4500_imgsz1600_b1_2024-01-18.pt.jpg,HS,Mothbot_yolo11m_4500_imgsz1600_b1_2024-01-18.pt,0.8120247721672058,,lightPotoro,Cerro_Hoya_Expedition/Hoya_1204m_lightPotoro_2025-01-26/2025-01-28/patches/lightPotoro_2025_01_28__19_29_22_HDR0_0_Mothbot_yolo11m_4500_imgsz1600_b1_2024-01-18.pt.jpg,ORDER_Lepidoptera,2025-01-28,19:29:22,,2025_01_28__19_29_22,MachineObservation,Cerro_Hoya_Expedition_Hoya_1204m_lightPotoro_2025-01-26_2025-01-28,Cerro_Hoya_Expedition_Hoya_1204m_lightPotoro_2025-01-26,lightPotoro_2025_01_28__19_29_22_HDR0.jpg,lightPotoro_2025_01_28__19_29_22_HDR0_0_Mothbot_yolo11m_4500_imgsz1600_b1_2024-01-18.pt.jpg
doi.org10.15468dl.6nxkw6.csv,Animalia,Arthropoda,Insecta,Diptera,,,,,,,Diptera,Diptera,Cerro_Hoya_Expedition_Hoya_1204m_lightPotoro_2025-01-26,lightPotoro_2025_01_28__19_29_22_HDR0_1_Mothbot_yolo11m_4500_imgsz1600_b1_2024-01-18.pt.jpg,HS,Mothbot_yolo11m_4500_imgsz1600_b1_2024-01-18.pt,0.7596520781517029,,lightPotoro,Cerro_Hoya_Expedition/Hoya_1204m_lightPotoro_2025-01-26/2025-01-28/patches/lightPotoro_2025_01_28__19_29_22_HDR0_1_Mothbot_yolo11m_4500_imgsz1600_b1_2024-01-18.pt.jpg,ORDER_Coleoptera,2025-01-28,19:29:22,,2025_01_28__19_29_22,MachineObservation,Cerro_Hoya_Expedition_Hoya_1204m_lightPotoro_2025-01-26_2025-01-28,Cerro_Hoya_Expedition_Hoya_1204m_lightPotoro_2025-01-26,lightPotoro_2025_01_28__19_29_22_HDR0.jpg,lightPotoro_2025_01_28__19_29_22_HDR0_1_Mothbot_yolo11m_4500_imgsz1600_b1_2024-01-18.pt.jpg
doi.org10.15468dl.6nxkw6.csv,Animalia,Arthropoda,Insecta,Diptera,,,,,,,Diptera,Diptera,Cerro_Hoya_Expedition_Hoya_1204m_lightPotoro_2025-01-26,lightPotoro_2025_01_28__19_30_06_HDR0_0_Mothbot_yolo11m_4500_imgsz1600_b1_2024-01-18.pt.jpg,HS,Mothbot_yolo11m_4500_imgsz1600_b1_2024-01-18.pt,0.7366141676902771,,lightPotoro,Cerro_Hoya_Expedition/Hoya_1204m_lightPotoro_2025-01-26/2025-01-28/patches/lightPotoro_2025_01_28__19_30_06_HDR0_0_Mothbot_yolo11m_4500_imgsz1600_b1_2024-01-18.pt.jpg,ORDER_Coleoptera,2025-01-28,19:30:06,,2025_01_28__19_30_06,MachineObservation,Cerro_Hoya_Expedition_Hoya_1204m_lightPotoro_2025-01-26_2025-01-28,Cerro_Hoya_Expedition_Hoya_1204m_lightPotoro_2025-01-26,lightPotoro_2025_01_28__19_30_06_HDR0.jpg,lightPotoro_2025_01_28__19_30_06_HDR0_0_Mothbot_yolo11m_4500_imgsz1600_b1_2024-01-18.pt.jpg
doi.org10.15468dl.6nxkw6.csv,Animalia,Arthropoda,Insecta,Diptera,,,,,,,Diptera,Diptera,Cerro_Hoya_Expedition_Hoya_1204m_lightPotoro_2025-01-26,lightPotoro_2025_01_28__19_31_06_HDR0_0_Mothbot_yolo11m_4500_imgsz1600_b1_2024-01-18.pt.jpg,HS,Mothbot_yolo11m_4500_imgsz1600_b1_2024-01-18.pt,0.7332813739776611,,lightPotoro,Cerro_Hoya_Expedition/Hoya_1204m_lightPotoro_2025-01-26/2025-01-28/patches/lightPotoro_2025_01_28__19_31_06_HDR0_0_Mothbot_yolo11m_4500_imgsz1600_b1_2024-01-18.pt.jpg,ORDER_Coleoptera,2025-01-28,19:31:06,,2025_01_28__19_31_06,MachineObservation,Cerro_Hoya_Expedition_Hoya_1204m_lightPotoro_2025-01-26_2025-01-28,Cerro_Hoya_Expedition_Hoya_1204m_lightPotoro_2025-01-26,lightPotoro_2025_01_28__19_31_06_HDR0.jpg,lightPotoro_2025_01_28__19_31_06_HDR0_0_Mothbot_yolo11m_4500_imgsz1600_b1_2024-01-18.pt.jpg
doi.org10.15468dl.6nxkw6.csv,Animalia,Arthropoda,Insecta,,,,,,216,,Insecta,Insecta,Cerro_Hoya_Expedition_Hoya_1204m_lightPotoro_2025-01-26,lightPotoro_2025_01_28__19_31_06_HDR0_1_Mothbot_yolo11m_4500_imgsz1600_b1_2024-01-18.pt.jpg,HS,Mothbot_yolo11m_4500_imgsz1600_b1_2024-01-18.pt,0.26985254883766174,,lightPotoro,Cerro_Hoya_Expedition/Hoya_1204m_lightPotoro_2025-01-26/2025-01-28/patches/lightPotoro_2025_01_28__19_31_06_HDR0_1_Mothbot_yolo11m_4500_imgsz1600_b1_2024-01-18.pt.jpg,ORDER_Psocodea,2025-01-28,19:31:06,,2025_01_28__19_31_06,MachineObservation,Cerro_Hoya_Expedition_Hoya_1204m_lightPotoro_2025-01-26_2025-01-28,Cerro_Hoya_Expedition_Hoya_1204m_lightPotoro_2025-01-26,lightPotoro_2025_01_28__19_31_06_HDR0.jpg,lightPotoro_2025_01_28__19_31_06_HDR0_1_Mothbot_yolo11m_4500_imgsz1600_b1_2024-01-18.pt.jpg
doi.org10.15468dl.6nxkw6.csv,Animalia,Arthropoda,Insecta,Diptera,,,,,,,Diptera,Diptera,Cerro_Hoya_Expedition_Hoya_1204m_lightPotoro_2025-01-26,lightPotoro_2025_01_28__19_32_06_HDR0_0_Mothbot_yolo11m_4500_imgsz1600_b1_2024-01-18.pt.jpg,HS,Mothbot_yolo11m_4500_imgsz1600_b1_2024-01-18.pt,0.7111085057258606,,lightPotoro,Cerro_Hoya_Expedition/Hoya_1204m_lightPotoro_2025-01-26/2025-01-28/patches/lightPotoro_2025_01_28__19_32_06_HDR0_0_Mothbot_yolo11m_4500_imgsz1600_b1_2024-01-18.pt.jpg,ORDER_Lepidoptera,2025-01-28,19:32:06,,2025_01_28__19_32_06,MachineObservation,Cerro_Hoya_Expedition_Hoya_1204m_lightPotoro_2025-01-26_2025-01-28,Cerro_Hoya_Expedition_Hoya_1204m_lightPotoro_2025-01-26,lightPotoro_2025_01_28__19_32_06_HDR0.jpg,lightPotoro_2025_01_28__19_32_06_HDR0_0_Mothbot_yolo11m_4500_imgsz1600_b1_2024-01-18.pt.jpg
doi.org10.15468dl.6nxkw6.csv,Animalia,Arthropoda,Insecta,Diptera,,,,,,,Diptera,Diptera,Cerro_Hoya_Expedition_Hoya_1204m_lightPotoro_2025-01-26,lightPotoro_2025_01_28__19_33_05_HDR0_0_Mothbot_yolo11m_4500_imgsz1600_b1_2024-01-18.pt.jpg,HS,Mothbot_yolo11m_4500_imgsz1600_b1_2024-01-18.pt,0.7674303650856018,,lightPotoro,Cerro_Hoya_Expedition/Hoya_1204m_lightPotoro_2025-01-26/2025-01-28/patches/lightPotoro_2025_01_28__19_33_05_HDR0_0_Mothbot_yolo11m_4500_imgsz1600_b1_2024-01-18.pt.jpg,ORDER_Coleoptera,2025-01-28,19:33:05,,2025_01_28__19_33_05,MachineObservation,Cerro_Hoya_Expedition_Hoya_1204m_lightPotoro_2025-01-26_2025-01-28,Cerro_Hoya_Expedition_Hoya_1204m_lightPotoro_2025-01-26,lightPotoro_2025_01_28__19_33_05_HDR0.jpg,lightPotoro_2025_01_28__19_33_05_HDR0_0_Mothbot_yolo11m_4500_imgsz1600_b1_2024-01-18.pt.jpg
,Animalia,Arthropoda,Insecta,Hemiptera,,,,,,,Hemiptera,Hemiptera,Cerro_Hoya_Expedition_Hoya_1204m_lightPotoro_2025-01-26,lightPotoro_2025_01_28__19_34_06_HDR0_0_Mothbot_yolo11m_4500_imgsz1600_b1_2024-01-18.pt.jpg,HS,Mothbot_yolo11m_4500_imgsz1600_b1_2024-01-18.pt,0.7756049633026123,,lightPotoro,Cerro_Hoya_Expedition/Hoya_1204m_lightPotoro_2025-01-26/2025-01-28/patches/lightPotoro_2025_01_28__19_34_06_HDR0_0_Mothbot_yolo11m_4500_imgsz1600_b1_2024-01-18.pt.jpg,ORDER_Hemiptera,2025-01-28,19:34:06,,2025_01_28__19_34_06,MachineObservation,Cerro_Hoya_Expedition_Hoya_1204m_lightPotoro_2025-01-26_2025-01-28,Cerro_Hoya_Expedition_Hoya_1204m_lightPotoro_2025-01-26,lightPotoro_2025_01_28__19_34_06_HDR0.jpg,lightPotoro_2025_01_28__19_34_06_HDR0_0_Mothbot_yolo11m_4500_imgsz1600_b1_2024-01-18.pt.jpg
doi.org10.15468dl.6nxkw6.csv,Animalia,Arthropoda,Insecta,Hemiptera,,,,,,,Hemiptera,Hemiptera,Cerro_Hoya_Expedition_Hoya_1204m_lightPotoro_2025-01-26,lightPotoro_2025_01_28__19_34_06_HDR0_1_Mothbot_yolo11m_4500_imgsz1600_b1_2024-01-18.pt.jpg,HS,Mothbot_yolo11m_4500_imgsz1600_b1_2024-01-18.pt,0.7045769691467285,,lightPotoro,Cerro_Hoya_Expedition/Hoya_1204m_lightPotoro_2025-01-26/2025-01-28/patches/lightPotoro_2025_01_28__19_34_06_HDR0_1_Mothbot_yolo11m_4500_imgsz1600_b1_2024-01-18.pt.jpg,ORDER_Hymenoptera,2025-01-28,19:34:06,,2025_01_28__19_34_06,MachineObservation,Cerro_Hoya_Expedition_Hoya_1204m_lightPotoro_2025-01-26_2025-01-28,Cerro_Hoya_Expedition_Hoya_1204m_lightPotoro_2025-01-26,lightPotoro_2025_01_28__19_34_06_HDR0.jpg,lightPotoro_2025_01_28__19_34_06_HDR0_1_Mothbot_yolo11m_4500_imgsz1600_b1_2024-01-18.pt.jpg
,Animalia,Arthropoda,Insecta,Diptera,,,,,,,Diptera,Diptera,Cerro_Hoya_Expedition_Hoya_1204m_lightPotoro_2025-01-26,lightPotoro_2025_01_28__19_34_06_HDR0_2_Mothbot_yolo11m_4500_imgsz1600_b1_2024-01-18.pt.jpg,HS,Mothbot_yolo11m_4500_imgsz1600_b1_2024-01-18.pt,0.694881021976471,,lightPotoro,Cerro_Hoya_Expedition/Hoya_1204m_lightPotoro_2025-01-26/2025-01-28/patches/lightPotoro_2025_01_28__19_34_06_HDR0_2_Mothbot_yolo11m_4500_imgsz1600_b1_2024-01-18.pt.jpg,ORDER_Diptera,2025-01-28,19:34:06,,2025_01_28__19_34_06,MachineObservation,Cerro_Hoya_Expedition_Hoya_1204m_lightPotoro_2025-01-26_2025-01-28,Cerro_Hoya_Expedition_Hoya_1204m_lightPotoro_2025-01-26,lightPotoro_2025_01_28__19_34_06_HDR0.jpg,lightPotoro_2025_01_28__19_34_06_HDR0_2_Mothbot_yolo11m_4500_imgsz1600_b1_2024-01-18.pt.jpg
doi.org10.15468dl.6nxkw6.csv,Animalia,Arthropoda,Insecta,Lepidoptera,,,,,797,,Lepidoptera,Lepidoptera,Cerro_Hoya_Expedition_Hoya_1204m_lightPotoro_2025-01-26,lightPotoro_2025_01_28__19_34_06_HDR0_3_Mothbot_yolo11m_4500_imgsz1600_b1_2024-01-18.pt.jpg,HS,Mothbot_yolo11m_4500_imgsz1600_b1_2024-01-18.pt,0.6082245111465454,,lightPotoro,Cerro_Hoya_Expedition/Hoya_1204m_lightPotoro_2025-01-26/2025-01-28/patches/lightPotoro_2025_01_28__19_34_06_HDR0_3_Mothbot_yolo11m_4500_imgsz1600_b1_2024-01-18.pt.jpg,ORDER_Hemiptera,2025-01-28,19:34:06,,2025_01_28__19_34_06,MachineObservation,Cerro_Hoya_Expedition_Hoya_1204m_lightPotoro_2025-01-26_2025-01-28,Cerro_Hoya_Expedition_Hoya_1204m_lightPotoro_2025-01-26,lightPotoro_2025_01_28__19_34_06_HDR0.jpg,lightPotoro_2025_01_28__19_34_06_HDR0_3_Mothbot_yolo11m_4500_imgsz1600_b1_2024-01-18.pt.jpg
,Animalia,Arthropoda,Insecta,Diptera,,,,,,,Diptera,Diptera,Cerro_Hoya_Expedition_Hoya_1204m_lightPotoro_2025-01-26,lightPotoro_2025_01_28__19_34_06_HDR0_4_Mothbot_yolo11m_4500_imgsz1600_b1_2024-01-18.pt.jpg,HS,Mothbot_yolo11m_4500_imgsz1600_b1_2024-01-18.pt,0.5696060061454773,,lightPotoro,Cerro_Hoya_Expedition/Hoya_1204m_lightPotoro_2025-01-26/2025-01-28/patches/lightPotoro_2025_01_28__19_34_06_HDR0_4_Mothbot_yolo11m_4500_imgsz1600_b1_2024-01-18.pt.jpg,ORDER_Diptera,2025-01-28,19:34:06,,2025_01_28__19_34_06,MachineObservation,Cerro_Hoya_Expedition_Hoya_1204m_lightPotoro_2025-01-26_2025-01-28,Cerro_Hoya_Expedition_Hoya_1204m_lightPotoro_2025-01-26,lightPotoro_2025_01_28__19_34_06_HDR0.jpg,lightPotoro_2025_01_28__19_34_06_HDR0_4_Mothbot_yolo11m_4500_imgsz1600_b1_2024-01-18.pt.jpg
,Animalia,Arthropoda,Insecta,Lepidoptera,,,,,,,Lepidoptera,Lepidoptera,Cerro_Hoya_Expedition_Hoya_1204m_lightPotoro_2025-01-26,lightPotoro_2025_01_28__19_34_06_HDR0_5_Mothbot_yolo11m_4500_imgsz1600_b1_2024-01-18.pt.jpg,HS,Mothbot_yolo11m_4500_imgsz1600_b1_2024-01-18.pt,0.2782133221626282,,lightPotoro,Cerro_Hoya_Expedition/Hoya_1204m_lightPotoro_2025-01-26/2025-01-28/patches/lightPotoro_2025_01_28__19_34_06_HDR0_5_Mothbot_yolo11m_4500_imgsz1600_b1_2024-01-18.pt.jpg,ORDER_Lepidoptera,2025-01-28,19:34:06,,2025_01_28__19_34_06,MachineObservation,Cerro_Hoya_Expedition_Hoya_1204m_lightPotoro_2025-01-26_2025-01-28,Cerro_Hoya_Expedition_Hoya_1204m_lightPotoro_2025-01-26,lightPotoro_2025_01_28__19_34_06_HDR0.jpg,lightPotoro_2025_01_28__19_34_06_HDR0_5_Mothbot_yolo11m_4500_imgsz1600_b1_2024-01-18.pt.jpg
,Animalia,Arthropoda,Insecta,Hemiptera,,,,,,,Hemiptera,Hemiptera,Cerro_Hoya_Expedition_Hoya_1204m_lightPotoro_2025-01-26,lightPotoro_2025_01_28__19_35_06_HDR0_0_Mothbot_yolo11m_4500_imgsz1600_b1_2024-01-18.pt.jpg,HS,Mothbot_yolo11m_4500_imgsz1600_b1_2024-01-18.pt,0.7288674116134644,,lightPotoro,Cerro_Hoya_Expedition/Hoya_1204m_lightPotoro_2025-01-26/2025-01-28/patches/lightPotoro_2025_01_28__19_35_06_HDR0_0_Mothbot_yolo11m_4500_imgsz1600_b1_2024-01-18.pt.jpg,ORDER_Hemiptera,2025-01-28,19:35:06,,2025_01_28__19_35_06,MachineObservation,Cerro_Hoya_Expedition_Hoya_1204m_lightPotoro_2025-01-26_2025-01-28,Cerro_Hoya_Expedition_Hoya_1204m_lightPotoro_2025-01-26,lightPotoro_2025_01_28__19_35_06_HDR0.jpg,lightPotoro_2025_01_28__19_35_06_HDR0_0_Mothbot_yolo11m_4500_imgsz1600_b1_2024-01-18.pt.jpg
doi.org10.15468dl.6nxkw6.csv,Animalia,Arthropoda,Insecta,Hemiptera,,,,,,,Hemiptera,Hemiptera,Cerro_Hoya_Expedition_Hoya_1204m_lightPotoro_2025-01-26,lightPotoro_2025_01_28__19_35_06_HDR0_1_Mothbot_yolo11m_4500_imgsz1600_b1_2024-01-18.pt.jpg,HS,Mothbot_yolo11m_4500_imgsz1600_b1_2024-01-18.pt,0.7146754860877991,,lightPotoro,Cerro_Hoya_Expedition/Hoya_1204m_lightPotoro_2025-01-26/2025-01-28/patches/lightPotoro_2025_01_28__19_35_06_HDR0_1_Mothbot_yolo11m_4500_imgsz1600_b1_2024-01-18.pt.jpg,ORDER_Hymenoptera,2025-01-28,19:35:06,,2025_01_28__19_35_06,MachineObservation,Cerro_Hoya_Expedition_Hoya_1204m_lightPotoro_2025-01-26_2025-01-28,Cerro_Hoya_Expedition_Hoya_1204m_lightPotoro_2025-01-26,lightPotoro_2025_01_28__19_35_06_HDR0.jpg,lightPotoro_2025_01_28__19_35_06_HDR0_1_Mothbot_yolo11m_4500_imgsz1600_b1_2024-01-18.pt.jpg
doi.org10.15468dl.6nxkw6.csv,Animalia,Arthropoda,Insecta,Lepidoptera,,,,,797,,Lepidoptera,Lepidoptera,Cerro_Hoya_Expedition_Hoya_1204m_lightPotoro_2025-01-26,lightPotoro_2025_01_28__19_35_06_HDR0_2_Mothbot_yolo11m_4500_imgsz1600_b1_2024-01-18.pt.jpg,HS,Mothbot_yolo11m_4500_imgsz1600_b1_2024-01-18.pt,0.6938914060592651,,lightPotoro,Cerro_Hoya_Expedition/Hoya_1204m_lightPotoro_2025-01-26/2025-01-28/patches/lightPotoro_2025_01_28__19_35_06_HDR0_2_Mothbot_yolo11m_4500_imgsz1600_b1_2024-01-18.pt.jpg,ORDER_Hemiptera,2025-01-28,19:35:06,,2025_01_28__19_35_06,MachineObservation,Cerro_Hoya_Expedition_Hoya_1204m_lightPotoro_2025-01-26_2025-01-28,Cerro_Hoya_Expedition_Hoya_1204m_lightPotoro_2025-01-26,lightPotoro_2025_01_28__19_35_06_HDR0.jpg,lightPotoro_2025_01_28__19_35_06_HDR0_2_Mothbot_yolo11m_4500_imgsz1600_b1_2024-01-18.pt.jpg
doi.org10.15468dl.6nxkw6.csv,Animalia,Arthropoda,Insecta,Diptera,,,,,,,Diptera,Diptera,Cerro_Hoya_Expedition_Hoya_1204m_lightPotoro_2025-01-26,lightPotoro_2025_01_28__19_36_22_HDR0_0_Mothbot_yolo11m_4500_imgsz1600_b1_2024-01-18.pt.jpg,HS,Mothbot_yolo11m_4500_imgsz1600_b1_2024-01-18.pt,0.7521480321884155,,lightPotoro,Cerro_Hoya_Expedition/Hoya_1204m_lightPotoro_2025-01-26/2025-01-28/patches/lightPotoro_2025_01_28__19_36_22_HDR0_0_Mothbot_yolo11m_4500_imgsz1600_b1_2024-01-18.pt.jpg,ORDER_Coleoptera,2025-01-28,19:36:22,,2025_01_28__19_36_22,MachineObservation,Cerro_Hoya_Expedition_Hoya_1204m_lightPotoro_2025-01-26_2025-01-28,Cerro_Hoya_Expedition_Hoya_1204m_lightPotoro_2025-01-26,lightPotoro_2025_01_28__19_36_22_HDR0.jpg,lightPotoro_2025_01_28__19_36_22_HDR0_0_Mothbot_yolo11m_4500_imgsz1600_b1_2024-01-18.pt.jpg
doi.org10.15468dl.6nxkw6.csv,Animalia,Arthropoda,Insecta,Hemiptera,,,,,,,Hemiptera,Hemiptera,Cerro_Hoya_Expedition_Hoya_1204m_lightPotoro_2025-01-26,lightPotoro_2025_01_28__19_36_22_HDR0_1_Mothbot_yolo11m_4500_imgsz1600_b1_2024-01-18.pt.jpg,HS,Mothbot_yolo11m_4500_imgsz1600_b1_2024-01-18.pt,0.7032299041748047,,lightPotoro,Cerro_Hoya_Expedition/Hoya_1204m_lightPotoro_2025-01-26/2025-01-28/patches/lightPotoro_2025_01_28__19_36_22_HDR0_1_Mothbot_yolo11m_4500_imgsz1600_b1_2024-01-18.pt.jpg,ORDER_Hymenoptera,2025-01-28,19:36:22,,2025_01_28__19_36_22,MachineObservation,Cerro_Hoya_Expedition_Hoya_1204m_lightPotoro_2025-01-26_2025-01-28,Cerro_Hoya_Expedition_Hoya_1204m_lightPotoro_2025-01-26,lightPotoro_2025_01_28__19_36_22_HDR0.jpg,lightPotoro_2025_01_28__19_36_22_HDR0_1_Mothbot_yolo11m_4500_imgsz1600_b1_2024-01-18.pt.jpg
doi.org10.15468dl.6nxkw6.csv,Animalia,Arthropoda,Insecta,Lepidoptera,,,,,797,,Lepidoptera,Lepidoptera,Cerro_Hoya_Expedition_Hoya_1204m_lightPotoro_2025-01-26,lightPotoro_2025_01_28__19_36_22_HDR0_2_Mothbot_yolo11m_4500_imgsz1600_b1_2024-01-18.pt.jpg,HS,Mothbot_yolo11m_4500_imgsz1600_b1_2024-01-18.pt,0.32876572012901306,,lightPotoro,Cerro_Hoya_Expedition/Hoya_1204m_lightPotoro_2025-01-26/2025-01-28/patches/lightPotoro_2025_01_28__19_36_22_HDR0_2_Mothbot_yolo11m_4500_imgsz1600_b1_2024-01-18.pt.jpg,ORDER_Diptera,2025-01-28,19:36:22,,2025_01_28__19_36_22,MachineObservation,Cerro_Hoya_Expedition_Hoya_1204m_lightPotoro_2025-01-26_2025-01-28,Cerro_Hoya_Expedition_Hoya_1204m_lightPotoro_2025-01-26,lightPotoro_2025_01_28__19_36_22_HDR0.jpg,lightPotoro_2025_01_28__19_36_22_HDR0_2_Mothbot_yolo11m_4500_imgsz1600_b1_2024-01-18.pt.jpg
doi.org10.15468dl.6nxkw6.csv,Animalia,Arthropoda,Insecta,Diptera,,,,,,,Diptera,Diptera,Cerro_Hoya_Expedition_Hoya_1204m_lightPotoro_2025-01-26,lightPotoro_2025_01_28__19_37_06_HDR0_0_Mothbot_yolo11m_4500_imgsz1600_b1_2024-01-18.pt.jpg,HS,Mothbot_yolo11m_4500_imgsz1600_b1_2024-01-18.pt,0.7620711326599121,,lightPotoro,Cerro_Hoya_Expedition/Hoya_1204m_lightPotoro_2025-01-26/2025-01-28/patches/lightPotoro_2025_01_28__19_37_06_HDR0_0_Mothbot_yolo11m_4500_imgsz1600_b1_2024-01-18.pt.jpg,ORDER_Coleoptera,2025-01-28,19:37:06,,2025_01_28__19_37_06,MachineObservation,Cerro_Hoya_Expedition_Hoya_1204m_lightPotoro_2025-01-26_2025-01-28,Cerro_Hoya_Expedition_Hoya_1204m_lightPotoro_2025-01-26,lightPotoro_2025_01_28__19_37_06_HDR0.jpg,lightPotoro_2025_01_28__19_37_06_HDR0_0_Mothbot_yolo11m_4500_imgsz1600_b1_2024-01-18.pt.jpg
doi.org10.15468dl.6nxkw6.csv,Animalia,Arthropoda,Insecta,Diptera,,,,,,,Diptera,Diptera,Cerro_Hoya_Expedition_Hoya_1204m_lightPotoro_2025-01-26,lightPotoro_2025_01_28__19_37_06_HDR0_1_Mothbot_yolo11m_4500_imgsz1600_b1_2024-01-18.pt.jpg,HS,Mothbot_yolo11m_4500_imgsz1600_b1_2024-01-18.pt,0.6873634457588196,,lightPotoro,Cerro_Hoya_Expedition/Hoya_1204m_lightPotoro_2025-01-26/2025-01-28/patches/lightPotoro_2025_01_28__19_37_06_HDR0_1_Mothbot_yolo11m_4500_imgsz1600_b1_2024-01-18.pt.jpg,ORDER_Coleoptera,2025-01-28,19:37:06,,2025_01_28__19_37_06,MachineObservation,Cerro_Hoya_Expedition_Hoya_1204m_lightPotoro_2025-01-26_2025-01-28,Cerro_Hoya_Expedition_Hoya_1204m_lightPotoro_2025-01-26,lightPotoro_2025_01_28__19_37_06_HDR0.jpg,lightPotoro_2025_01_28__19_37_06_HDR0_1_Mothbot_yolo11m_4500_imgsz1600_b1_2024-01-18.pt.jpg
doi.org10.15468dl.6nxkw6.csv,Animalia,Arthropoda,Insecta,Hemiptera,,,,,,,Hemiptera,Hemiptera,Cerro_Hoya_Expedition_Hoya_1204m_lightPotoro_2025-01-26,lightPotoro_2025_01_28__19_37_06_HDR0_2_Mothbot_yolo11m_4500_imgsz1600_b1_2024-01-18.pt.jpg,HS,Mothbot_yolo11m_4500_imgsz1600_b1_2024-01-18.pt,0.6771923899650574,,lightPotoro,Cerro_Hoya_Expedition/Hoya_1204m_lightPotoro_2025-01-26/2025-01-28/patches/lightPotoro_2025_01_28__19_37_06_HDR0_2_Mothbot_yolo11m_4500_imgsz1600_b1_2024-01-18.pt.jpg,ORDER_Hymenoptera,2025-01-28,19:37:06,,2025_01_28__19_37_06,MachineObservation,Cerro_Hoya_Expedition_Hoya_1204m_lightPotoro_2025-01-26_2025-01-28,Cerro_Hoya_Expedition_Hoya_1204m_lightPotoro_2025-01-26,lightPotoro_2025_01_28__19_37_06_HDR0.jpg,lightPotoro_2025_01_28__19_37_06_HDR0_2_Mothbot_yolo11m_4500_imgsz1600_b1_2024-01-18.pt.jpg
doi.org10.15468dl.6nxkw6.csv,Animalia,Arthropoda,Insecta,Diptera,,,,,,,Diptera,Diptera,Cerro_Hoya_Expedition_Hoya_1204m_lightPotoro_2025-01-26,lightPotoro_2025_01_28__19_38_05_HDR0_0_Mothbot_yolo11m_4500_imgsz1600_b1_2024-01-18.pt.jpg,HS,Mothbot_yolo11m_4500_imgsz1600_b1_2024-01-18.pt,0.7702187299728394,,lightPotoro,Cerro_Hoya_Expedition/Hoya_1204m_lightPotoro_2025-01-26/2025-01-28/patches/lightPotoro_2025_01_28__19_38_05_HDR0_0_Mothbot_yolo11m_4500_imgsz1600_b1_2024-01-18.pt.jpg,ORDER_Coleoptera,2025-01-28,19:38:05,,2025_01_28__19_38_05,MachineObservation,Cerro_Hoya_Expedition_Hoya_1204m_lightPotoro_2025-01-26_2025-01-28,Cerro_Hoya_Expedition_Hoya_1204m_lightPotoro_2025-01-26,lightPotoro_2025_01_28__19_38_05_HDR0.jpg,lightPotoro_2025_01_28__19_38_05_HDR0_0_Mothbot_yolo11m_4500_imgsz1600_b1_2024-01-18.pt.jpg
doi.org10.15468dl.6nxkw6.csv,Animalia,Arthropoda,Insecta,Hemiptera,,,,,,,Hemiptera,Hemiptera,Cerro_Hoya_Expedition_Hoya_1204m_lightPotoro_2025-01-26,lightPotoro_2025_01_28__19_38_05_HDR0_1_Mothbot_yolo11m_4500_imgsz1600_b1_2024-01-18.pt.jpg,HS,Mothbot_yolo11m_4500_imgsz1600_b1_2024-01-18.pt,0.6814030408859253,,lightPotoro,Cerro_Hoya_Expedition/Hoya_1204m_lightPotoro_2025-01-26/2025-01-28/patches/lightPotoro_2025_01_28__19_38_05_HDR0_1_Mothbot_yolo11m_4500_imgsz1600_b1_2024-01-18.pt.jpg,ORDER_Hymenoptera,2025-01-28,19:38:05,,2025_01_28__19_38_05,MachineObservation,Cerro_Hoya_Expedition_Hoya_1204m_lightPotoro_2025-01-26_2025-01-28,Cerro_Hoya_Expedition_Hoya_1204m_lightPotoro_2025-01-26,lightPotoro_2025_01_28__19_38_05_HDR0.jpg,lightPotoro_2025_01_28__19_38_05_HDR0_1_Mothbot_yolo11m_4500_imgsz1600_b1_2024-01-18.pt.jpg
,Animalia,Arthropoda,Insecta,Diptera,,,,,,,Diptera,Diptera,Cerro_Hoya_Expedition_Hoya_1204m_lightPotoro_2025-01-26,lightPotoro_2025_01_28__19_38_05_HDR0_2_Mothbot_yolo11m_4500_imgsz1600_b1_2024-01-18.pt.jpg,HS,Mothbot_yolo11m_4500_imgsz1600_b1_2024-01-18.pt,0.4012632966041565,,lightPotoro,Cerro_Hoya_Expedition/Hoya_1204m_lightPotoro_2025-01-26/2025-01-28/patches/lightPotoro_2025_01_28__19_38_05_HDR0_2_Mothbot_yolo11m_4500_imgsz1600_b1_2024-01-18.pt.jpg,ORDER_Diptera,2025-01-28,19:38:05,,2025_01_28__19_38_05,MachineObservation,Cerro_Hoya_Expedition_Hoya_1204m_lightPotoro_2025-01-26_2025-01-28,Cerro_Hoya_Expedition_Hoya_1204m_lightPotoro_2025-01-26,lightPotoro_2025_01_28__19_38_05_HDR0.jpg,lightPotoro_2025_01_28__19_38_05_HDR0_2_Mothbot_yolo11m_4500_imgsz1600_b1_2024-01-18.pt.jpg
doi.org10.15468dl.6nxkw6.csv,Animalia,Arthropoda,Insecta,Diptera,,,,,,,Diptera,Diptera,Cerro_Hoya_Expedition_Hoya_1204m_lightPotoro_2025-01-26,lightPotoro_2025_01_28__19_39_05_HDR0_0_Mothbot_yolo11m_4500_imgsz1600_b1_2024-01-18.pt.jpg,HS,Mothbot_yolo11m_4500_imgsz1600_b1_2024-01-18.pt,0.7649217844009399,,lightPotoro,Cerro_Hoya_Expedition/Hoya_1204m_lightPotoro_2025-01-26/2025-01-28/patches/lightPotoro_2025_01_28__19_39_05_HDR0_0_Mothbot_yolo11m_4500_imgsz1600_b1_2024-01-18.pt.jpg,ORDER_Coleoptera,2025-01-28,19:39:05,,2025_01_28__19_39_05,MachineObservation,Cerro_Hoya_Expedition_Hoya_1204m_lightPotoro_2025-01-26_2025-01-28,Cerro_Hoya_Expedition_Hoya_1204m_lightPotoro_2025-01-26,lightPotoro_2025_01_28__19_39_05_HDR0.jpg,lightPotoro_2025_01_28__19_39_05_HDR0_0_Mothbot_yolo11m_4500_imgsz1600_b1_2024-01-18.pt.jpg
doi.org10.15468dl.6nxkw6.csv,Animalia,Arthropoda,Insecta,Hemiptera,,,,,,,Hemiptera,Hemiptera,Cerro_Hoya_Expedition_Hoya_1204m_lightPotoro_2025-01-26,lightPotoro_2025_01_28__19_39_05_HDR0_1_Mothbot_yolo11m_4500_imgsz1600_b1_2024-01-18.pt.jpg,HS,Mothbot_yolo11m_4500_imgsz1600_b1_2024-01-18.pt,0.6269955635070801,,lightPotoro,Cerro_Hoya_Expedition/Hoya_1204m_lightPotoro_2025-01-26/2025-01-28/patches/lightPotoro_2025_01_28__19_39_05_HDR0_1_Mothbot_yolo11m_4500_imgsz1600_b1_2024-01-18.pt.jpg,ORDER_Hymenoptera,2025-01-28,19:39:05,,2025_01_28__19_39_05,MachineObservation,Cerro_Hoya_Expedition_Hoya_1204m_lightPotoro_2025-01-26_2025-01-28,Cerro_Hoya_Expedition_Hoya_1204m_lightPotoro_2025-01-26,lightPotoro_2025_01_28__19_39_05_HDR0.jpg,lightPotoro_2025_01_28__19_39_05_HDR0_1_Mothbot_yolo11m_4500_imgsz1600_b1_2024-01-18.pt.jpg
,Animalia,Arthropoda,Insecta,Diptera,,,,,,,Diptera,Diptera,Cerro_Hoya_Expedition_Hoya_1204m_lightPotoro_2025-01-26,lightPotoro_2025_01_28__19_39_05_HDR0_2_Mothbot_yolo11m_4500_imgsz1600_b1_2024-01-18.pt.jpg,HS,Mothbot_yolo11m_4500_imgsz1600_b1_2024-01-18.pt,0.553463339805603,,lightPotoro,Cerro_Hoya_Expedition/Hoya_1204m_lightPotoro_2025-01-26/2025-01-28/patches/lightPotoro_2025_01_28__19_39_05_HDR0_2_Mothbot_yolo11m_4500_imgsz1600_b1_2024-01-18.pt.jpg,ORDER_Diptera,2025-01-28,19:39:05,,2025_01_28__19_39_05,MachineObservation,Cerro_Hoya_Expedition_Hoya_1204m_lightPotoro_2025-01-26_2025-01-28,Cerro_Hoya_Expedition_Hoya_1204m_lightPotoro_2025-01-26,lightPotoro_2025_01_28__19_39_05_HDR0.jpg,lightPotoro_2025_01_28__19_39_05_HDR0_2_Mothbot_yolo11m_4500_imgsz1600_b1_2024-01-18.pt.jpg
doi.org10.15468dl.6nxkw6.csv,Animalia,Arthropoda,Insecta,Lepidoptera,,,,,797,,Lepidoptera,Lepidoptera,Cerro_Hoya_Expedition_Hoya_1204m_lightPotoro_2025-01-26,lightPotoro_2025_01_28__19_39_05_HDR0_3_Mothbot_yolo11m_4500_imgsz1600_b1_2024-01-18.pt.jpg,HS,Mothbot_yolo11m_4500_imgsz1600_b1_2024-01-18.pt,0.361379474401474,,lightPotoro,Cerro_Hoya_Expedition/Hoya_1204m_lightPotoro_2025-01-26/2025-01-28/patches/lightPotoro_2025_01_28__19_39_05_HDR0_3_Mothbot_yolo11m_4500_imgsz1600_b1_2024-01-18.pt.jpg,ORDER_Diptera,2025-01-28,19:39:05,,2025_01_28__19_39_05,MachineObservation,Cerro_Hoya_Expedition_Hoya_1204m_lightPotoro_2025-01-26_2025-01-28,Cerro_Hoya_Expedition_Hoya_1204m_lightPotoro_2025-01-26,lightPotoro_2025_01_28__19_39_05_HDR0.jpg,lightPotoro_2025_01_28__19_39_05_HDR0_3_Mothbot_yolo11m_4500_imgsz1600_b1_2024-01-18.pt.jpg
doi.org10.15468dl.6nxkw6.csv,Animalia,Arthropoda,Insecta,Diptera,,,,,,,Diptera,Diptera,Cerro_Hoya_Expedition_Hoya_1204m_lightPotoro_2025-01-26,lightPotoro_2025_01_28__19_40_06_HDR0_0_Mothbot_yolo11m_4500_imgsz1600_b1_2024-01-18.pt.jpg,HS,Mothbot_yolo11m_4500_imgsz1600_b1_2024-01-18.pt,0.7740607857704163,,lightPotoro,Cerro_Hoya_Expedition/Hoya_1204m_lightPotoro_2025-01-26/2025-01-28/patches/lightPotoro_2025_01_28__19_40_06_HDR0_0_Mothbot_yolo11m_4500_imgsz1600_b1_2024-01-18.pt.jpg,ORDER_Coleoptera,2025-01-28,19:40:06,,2025_01_28__19_40_06,MachineObservation,Cerro_Hoya_Expedition_Hoya_1204m_lightPotoro_2025-01-26_2025-01-28,Cerro_Hoya_Expedition_Hoya_1204m_lightPotoro_2025-01-26,lightPotoro_2025_01_28__19_40_06_HDR0.jpg,lightPotoro_2025_01_28__19_40_06_HDR0_0_Mothbot_yolo11m_4500_imgsz1600_b1_2024-01-18.pt.jpg
,Animalia,Arthropoda,Insecta,Hemiptera,,,,,,,Hemiptera,Hemiptera,Cerro_Hoya_Expedition_Hoya_1204m_lightPotoro_2025-01-26,lightPotoro_2025_01_28__19_40_06_HDR0_1_Mothbot_yolo11m_4500_imgsz1600_b1_2024-01-18.pt.jpg,HS,Mothbot_yolo11m_4500_imgsz1600_b1_2024-01-18.pt,0.6934502720832825,,lightPotoro,Cerro_Hoya_Expedition/Hoya_1204m_lightPotoro_2025-01-26/2025-01-28/patches/lightPotoro_2025_01_28__19_40_06_HDR0_1_Mothbot_yolo11m_4500_imgsz1600_b1_2024-01-18.pt.jpg,ORDER_Hemiptera,2025-01-28,19:40:06,,2025_01_28__19_40_06,MachineObservation,Cerro_Hoya_Expedition_Hoya_1204m_lightPotoro_2025-01-26_2025-01-28,Cerro_Hoya_Expedition_Hoya_1204m_lightPotoro_2025-01-26,lightPotoro_2025_01_28__19_40_06_HDR0.jpg,lightPotoro_2025_01_28__19_40_06_HDR0_1_Mothbot_yolo11m_4500_imgsz1600_b1_2024-01-18.pt.jpg
,Animalia,Arthropoda,Insecta,Diptera,,,,,,,Diptera,Diptera,Cerro_Hoya_Expedition_Hoya_1204m_lightPotoro_2025-01-26,lightPotoro_2025_01_28__19_40_06_HDR0_2_Mothbot_yolo11m_4500_imgsz1600_b1_2024-01-18.pt.jpg,HS,Mothbot_yolo11m_4500_imgsz1600_b1_2024-01-18.pt,0.41812047362327576,,lightPotoro,Cerro_Hoya_Expedition/Hoya_1204m_lightPotoro_2025-01-26/2025-01-28/patches/lightPotoro_2025_01_28__19_40_06_HDR0_2_Mothbot_yolo11m_4500_imgsz1600_b1_2024-01-18.pt.jpg,ORDER_Diptera,2025-01-28,19:40:06,,2025_01_28__19_40_06,MachineObservation,Cerro_Hoya_Expedition_Hoya_1204m_lightPotoro_2025-01-26_2025-01-28,Cerro_Hoya_Expedition_Hoya_1204m_lightPotoro_2025-01-26,lightPotoro_2025_01_28__19_40_06_HDR0.jpg,lightPotoro_2025_01_28__19_40_06_HDR0_2_Mothbot_yolo11m_4500_imgsz1600_b1_2024-01-18.pt.jpg
doi.org10.15468dl.6nxkw6.csv,Animalia,Arthropoda,Insecta,Diptera,,,,,,,Diptera,Diptera,Cerro_Hoya_Expedition_Hoya_1204m_lightPotoro_2025-01-26,lightPotoro_2025_01_28__19_41_06_HDR0_0_Mothbot_yolo11m_4500_imgsz1600_b1_2024-01-18.pt.jpg,HS,Mothbot_yolo11m_4500_imgsz1600_b1_2024-01-18.pt,0.7306212782859802,,lightPotoro,Cerro_Hoya_Expedition/Hoya_1204m_lightPotoro_2025-01-26/2025-01-28/patches/lightPotoro_2025_01_28__19_41_06_HDR0_0_Mothbot_yolo11m_4500_imgsz1600_b1_2024-01-18.pt.jpg,ORDER_Coleoptera,2025-01-28,19:41:06,,2025_01_28__19_41_06,MachineObservation,Cerro_Hoya_Expedition_Hoya_1204m_lightPotoro_2025-01-26_2025-01-28,Cerro_Hoya_Expedition_Hoya_1204m_lightPotoro_2025-01-26,lightPotoro_2025_01_28__19_41_06_HDR0.jpg,lightPotoro_2025_01_28__19_41_06_HDR0_0_Mothbot_yolo11m_4500_imgsz1600_b1_2024-01-18.pt.jpg
doi.org10.15468dl.6nxkw6.csv,Animalia,Arthropoda,Insecta,Hemiptera,,,,,,,Hemiptera,Hemiptera,Cerro_Hoya_Expedition_Hoya_1204m_lightPotoro_2025-01-26,lightPotoro_2025_01_28__19_41_06_HDR0_1_Mothbot_yolo11m_4500_imgsz1600_b1_2024-01-18.pt.jpg,HS,Mothbot_yolo11m_4500_imgsz1600_b1_2024-01-18.pt,0.6812902092933655,,lightPotoro,Cerro_Hoya_Expedition/Hoya_1204m_lightPotoro_2025-01-26/2025-01-28/patches/lightPotoro_2025_01_28__19_41_06_HDR0_1_Mothbot_yolo11m_4500_imgsz1600_b1_2024-01-18.pt.jpg,ORDER_Hymenoptera,2025-01-28,19:41:06,,2025_01_28__19_41_06,MachineObservation,Cerro_Hoya_Expedition_Hoya_1204m_lightPotoro_2025-01-26_2025-01-28,Cerro_Hoya_Expedition_Hoya_1204m_lightPotoro_2025-01-26,lightPotoro_2025_01_28__19_41_06_HDR0.jpg,lightPotoro_2025_01_28__19_41_06_HDR0_1_Mothbot_yolo11m_4500_imgsz1600_b1_2024-01-18.pt.jpg
doi.org10.15468dl.6nxkw6.csv,Animalia,Arthropoda,Insecta,Diptera,,,,,,,Diptera,Diptera,Cerro_Hoya_Expedition_Hoya_1204m_lightPotoro_2025-01-26,lightPotoro_2025_01_28__19_41_06_HDR0_2_Mothbot_yolo11m_4500_imgsz1600_b1_2024-01-18.pt.jpg,HS,Mothbot_yolo11m_4500_imgsz1600_b1_2024-01-18.pt,0.4320243299007416,,lightPotoro,Cerro_Hoya_Expedition/Hoya_1204m_lightPotoro_2025-01-26/2025-01-28/patches/lightPotoro_2025_01_28__19_41_06_HDR0_2_Mothbot_yolo11m_4500_imgsz1600_b1_2024-01-18.pt.jpg,ORDER_Coleoptera,2025-01-28,19:41:06,,2025_01_28__19_41_06,MachineObservation,Cerro_Hoya_Expedition_Hoya_1204m_lightPotoro_2025-01-26_2025-01-28,Cerro_Hoya_Expedition_Hoya_1204m_lightPotoro_2025-01-26,lightPotoro_2025_01_28__19_41_06_HDR0.jpg,lightPotoro_2025_01_28__19_41_06_HDR0_2_Mothbot_yolo11m_4500_imgsz1600_b1_2024-01-18.pt.jpg
doi.org10.15468dl.6nxkw6.csv,Animalia,Arthropoda,Insecta,Hemiptera,,,,,,,Hemiptera,Hemiptera,Cerro_Hoya_Expedition_Hoya_1204m_lightPotoro_2025-01-26,lightPotoro_2025_01_28__19_42_06_HDR0_0_Mothbot_yolo11m_4500_imgsz1600_b1_2024-01-18.pt.jpg,HS,Mothbot_yolo11m_4500_imgsz1600_b1_2024-01-18.pt,0.7979873418807983,,lightPotoro,Cerro_Hoya_Expedition/Hoya_1204m_lightPotoro_2025-01-26/2025-01-28/patches/lightPotoro_2025_01_28__19_42_06_HDR0_0_Mothbot_yolo11m_4500_imgsz1600_b1_2024-01-18.pt.jpg,ORDER_Coleoptera,2025-01-28,19:42:06,,2025_01_28__19_42_06,MachineObservation,Cerro_Hoya_Expedition_Hoya_1204m_lightPotoro_2025-01-26_2025-01-28,Cerro_Hoya_Expedition_Hoya_1204m_lightPotoro_2025-01-26,lightPotoro_2025_01_28__19_42_06_HDR0.jpg,lightPotoro_2025_01_28__19_42_06_HDR0_0_Mothbot_yolo11m_4500_imgsz1600_b1_2024-01-18.pt.jpg
,Animalia,Arthropoda,Insecta,Hemiptera,,,,,,,Hemiptera,Hemiptera,Cerro_Hoya_Expedition_Hoya_1204m_lightPotoro_2025-01-26,lightPotoro_2025_01_28__19_42_06_HDR0_1_Mothbot_yolo11m_4500_imgsz1600_b1_2024-01-18.pt.jpg,HS,Mothbot_yolo11m_4500_imgsz1600_b1_2024-01-18.pt,0.7273419499397278,,lightPotoro,Cerro_Hoya_Expedition/Hoya_1204m_lightPotoro_2025-01-26/2025-01-28/patches/lightPotoro_2025_01_28__19_42_06_HDR0_1_Mothbot_yolo11m_4500_imgsz1600_b1_2024-01-18.pt.jpg,ORDER_Hemiptera,2025-01-28,19:42:06,,2025_01_28__19_42_06,MachineObservation,Cerro_Hoya_Expedition_Hoya_1204m_lightPotoro_2025-01-26_2025-01-28,Cerro_Hoya_Expedition_Hoya_1204m_lightPotoro_2025-01-26,lightPotoro_2025_01_28__19_42_06_HDR0.jpg,lightPotoro_2025_01_28__19_42_06_HDR0_1_Mothbot_yolo11m_4500_imgsz1600_b1_2024-01-18.pt.jpg
doi.org10.15468dl.6nxkw6.csv,Animalia,Arthropoda,Insecta,Hemiptera,,,,,,,Hemiptera,Hemiptera,Cerro_Hoya_Expedition_Hoya_1204m_lightPotoro_2025-01-26,lightPotoro_2025_01_28__19_42_06_HDR0_2_Mothbot_yolo11m_4500_imgsz1600_b1_2024-01-18.pt.jpg,HS,Mothbot_yolo11m_4500_imgsz1600_b1_2024-01-18.pt,0.7018304467201233,,lightPotoro,Cerro_Hoya_Expedition/Hoya_1204m_lightPotoro_2025-01-26/2025-01-28/patches/lightPotoro_2025_01_28__19_42_06_HDR0_2_Mothbot_yolo11m_4500_imgsz1600_b1_2024-01-18.pt.jpg,ORDER_Hymenoptera,2025-01-28,19:42:06,,2025_01_28__19_42_06,MachineObservation,Cerro_Hoya_Expedition_Hoya_1204m_lightPotoro_2025-01-26_2025-01-28,Cerro_Hoya_Expedition_Hoya_1204m_lightPotoro_2025-01-26,lightPotoro_2025_01_28__19_42_06_HDR0.jpg,lightPotoro_2025_01_28__19_42_06_HDR0_2_Mothbot_yolo11m_4500_imgsz1600_b1_2024-01-18.pt.jpg
doi.org10.15468dl.6nxkw6.csv,Animalia,Arthropoda,Insecta,Diptera,,,,,,,Diptera,Diptera,Cerro_Hoya_Expedition_Hoya_1204m_lightPotoro_2025-01-26,lightPotoro_2025_01_28__19_42_06_HDR0_3_Mothbot_yolo11m_4500_imgsz1600_b1_2024-01-18.pt.jpg,HS,Mothbot_yolo11m_4500_imgsz1600_b1_2024-01-18.pt,0.5996037125587463,,lightPotoro,Cerro_Hoya_Expedition/Hoya_1204m_lightPotoro_2025-01-26/2025-01-28/patches/lightPotoro_2025_01_28__19_42_06_HDR0_3_Mothbot_yolo11m_4500_imgsz1600_b1_2024-01-18.pt.jpg,ORDER_Coleoptera,2025-01-28,19:42:06,,2025_01_28__19_42_06,MachineObservation,Cerro_Hoya_Expedition_Hoya_1204m_lightPotoro_2025-01-26_2025-01-28,Cerro_Hoya_Expedition_Hoya_1204m_lightPotoro_2025-01-26,lightPotoro_2025_01_28__19_42_06_HDR0.jpg,lightPotoro_2025_01_28__19_42_06_HDR0_3_Mothbot_yolo11m_4500_imgsz1600_b1_2024-01-18.pt.jpg
,Animalia,Arthropoda,Insecta,Lepidoptera,,,,,,,Lepidoptera,Lepidoptera,Cerro_Hoya_Expedition_Hoya_1204m_lightPotoro_2025-01-26,lightPotoro_2025_01_28__19_43_21_HDR0_0_Mothbot_yolo11m_4500_imgsz1600_b1_2024-01-18.pt.jpg,HS,Mothbot_yolo11m_4500_imgsz1600_b1_2024-01-18.pt,0.8354671597480774,,lightPotoro,Cerro_Hoya_Expedition/Hoya_1204m_lightPotoro_2025-01-26/2025-01-28/patches/lightPotoro_2025_01_28__19_43_21_HDR0_0_Mothbot_yolo11m_4500_imgsz1600_b1_2024-01-18.pt.jpg,ORDER_Lepidoptera,2025-01-28,19:43:21,,2025_01_28__19_43_21,MachineObservation,Cerro_Hoya_Expedition_Hoya_1204m_lightPotoro_2025-01-26_2025-01-28,Cerro_Hoya_Expedition_Hoya_1204m_lightPotoro_2025-01-26,lightPotoro_2025_01_28__19_43_21_HDR0.jpg,lightPotoro_2025_01_28__19_43_21_HDR0_0_Mothbot_yolo11m_4500_imgsz1600_b1_2024-01-18.pt.jpg
,Animalia,Arthropoda,Insecta,Hemiptera,,,,,,,Hemiptera,Hemiptera,Cerro_Hoya_Expedition_Hoya_1204m_lightPotoro_2025-01-26,lightPotoro_2025_01_28__19_43_21_HDR0_1_Mothbot_yolo11m_4500_imgsz1600_b1_2024-01-18.pt.jpg,HS,Mothbot_yolo11m_4500_imgsz1600_b1_2024-01-18.pt,0.7824066877365112,,lightPotoro,Cerro_Hoya_Expedition/Hoya_1204m_lightPotoro_2025-01-26/2025-01-28/patches/lightPotoro_2025_01_28__19_43_21_HDR0_1_Mothbot_yolo11m_4500_imgsz1600_b1_2024-01-18.pt.jpg,ORDER_Hemiptera,2025-01-28,19:43:21,,2025_01_28__19_43_21,MachineObservation,Cerro_Hoya_Expedition_Hoya_1204m_lightPotoro_2025-01-26_2025-01-28,Cerro_Hoya_Expedition_Hoya_1204m_lightPotoro_2025-01-26,lightPotoro_2025_01_28__19_43_21_HDR0.jpg,lightPotoro_2025_01_28__19_43_21_HDR0_1_Mothbot_yolo11m_4500_imgsz1600_b1_2024-01-18.pt.jpg
doi.org10.15468dl.6nxkw6.csv,Animalia,Arthropoda,Insecta,Coleoptera,Chrysomelidae,Diabrotica,,Diabrotica1,1048495,,Diabrotica,Diabrotica1,Cerro_Hoya_Expedition_Hoya_1204m_lightPotoro_2025-01-26,lightPotoro_2025_01_28__19_43_21_HDR0_2_Mothbot_yolo11m_4500_imgsz1600_b1_2024-01-18.pt.jpg,HS,Mothbot_yolo11m_4500_imgsz1600_b1_2024-01-18.pt,0.745255708694458,,lightPotoro,Cerro_Hoya_Expedition/Hoya_1204m_lightPotoro_2025-01-26/2025-01-28/patches/lightPotoro_2025_01_28__19_43_21_HDR0_2_Mothbot_yolo11m_4500_imgsz1600_b1_2024-01-18.pt.jpg,ORDER_Coleoptera,2025-01-28,19:43:21,,2025_01_28__19_43_21,MachineObservation,Cerro_Hoya_Expedition_Hoya_1204m_lightPotoro_2025-01-26_2025-01-28,Cerro_Hoya_Expedition_Hoya_1204m_lightPotoro_2025-01-26,lightPotoro_2025_01_28__19_43_21_HDR0.jpg,lightPotoro_2025_01_28__19_43_21_HDR0_2_Mothbot_yolo11m_4500_imgsz1600_b1_2024-01-18.pt.jpg
doi.org10.15468dl.6nxkw6.csv,Animalia,Arthropoda,Insecta,Hemiptera,,,,,,,Hemiptera,Hemiptera,Cerro_Hoya_Expedition_Hoya_1204m_lightPotoro_2025-01-26,lightPotoro_2025_01_28__19_43_21_HDR0_3_Mothbot_yolo11m_4500_imgsz1600_b1_2024-01-18.pt.jpg,HS,Mothbot_yolo11m_4500_imgsz1600_b1_2024-01-18.pt,0.6966022849082947,,lightPotoro,Cerro_Hoya_Expedition/Hoya_1204m_lightPotoro_2025-01-26/2025-01-28/patches/lightPotoro_2025_01_28__19_43_21_HDR0_3_Mothbot_yolo11m_4500_imgsz1600_b1_2024-01-18.pt.jpg,ORDER_Hymenoptera,2025-01-28,19:43:21,,2025_01_28__19_43_21,MachineObservation,Cerro_Hoya_Expedition_Hoya_1204m_lightPotoro_2025-01-26_2025-01-28,Cerro_Hoya_Expedition_Hoya_1204m_lightPotoro_2025-01-26,lightPotoro_2025_01_28__19_43_21_HDR0.jpg,lightPotoro_2025_01_28__19_43_21_HDR0_3_Mothbot_yolo11m_4500_imgsz1600_b1_2024-01-18.pt.jpg
doi.org10.15468dl.6nxkw6.csv,Animalia,Arthropoda,Insecta,Diptera,,,,,,,Diptera,Diptera,Cerro_Hoya_Expedition_Hoya_1204m_lightPotoro_2025-01-26,lightPotoro_2025_01_28__19_43_21_HDR0_4_Mothbot_yolo11m_4500_imgsz1600_b1_2024-01-18.pt.jpg,HS,Mothbot_yolo11m_4500_imgsz1600_b1_2024-01-18.pt,0.5043692588806152,,lightPotoro,Cerro_Hoya_Expedition/Hoya_1204m_lightPotoro_2025-01-26/2025-01-28/patches/lightPotoro_2025_01_28__19_43_21_HDR0_4_Mothbot_yolo11m_4500_imgsz1600_b1_2024-01-18.pt.jpg,ORDER_Lepidoptera,2025-01-28,19:43:21,,2025_01_28__19_43_21,MachineObservation,Cerro_Hoya_Expedition_Hoya_1204m_lightPotoro_2025-01-26_2025-01-28,Cerro_Hoya_Expedition_Hoya_1204m_lightPotoro_2025-01-26,lightPotoro_2025_01_28__19_43_21_HDR0.jpg,lightPotoro_2025_01_28__19_43_21_HDR0_4_Mothbot_yolo11m_4500_imgsz1600_b1_2024-01-18.pt.jpg
,Animalia,Arthropoda,Insecta,Lepidoptera,,,,,,,Lepidoptera,Lepidoptera,Cerro_Hoya_Expedition_Hoya_1204m_lightPotoro_2025-01-26,lightPotoro_2025_01_28__19_44_06_HDR0_0_Mothbot_yolo11m_4500_imgsz1600_b1_2024-01-18.pt.jpg,HS,Mothbot_yolo11m_4500_imgsz1600_b1_2024-01-18.pt,0.8307573199272156,,lightPotoro,Cerro_Hoya_Expedition/Hoya_1204m_lightPotoro_2025-01-26/2025-01-28/patches/lightPotoro_2025_01_28__19_44_06_HDR0_0_Mothbot_yolo11m_4500_imgsz1600_b1_2024-01-18.pt.jpg,ORDER_Lepidoptera,2025-01-28,19:44:06,,2025_01_28__19_44_06,MachineObservation,Cerro_Hoya_Expedition_Hoya_1204m_lightPotoro_2025-01-26_2025-01-28,Cerro_Hoya_Expedition_Hoya_1204m_lightPotoro_2025-01-26,lightPotoro_2025_01_28__19_44_06_HDR0.jpg,lightPotoro_2025_01_28__19_44_06_HDR0_0_Mothbot_yolo11m_4500_imgsz1600_b1_2024-01-18.pt.jpg
doi.org10.15468dl.6nxkw6.csv,Animalia,Arthropoda,Insecta,Hemiptera,,,,,,,Hemiptera,Hemiptera,Cerro_Hoya_Expedition_Hoya_1204m_lightPotoro_2025-01-26,lightPotoro_2025_01_28__19_44_06_HDR0_1_Mothbot_yolo11m_4500_imgsz1600_b1_2024-01-18.pt.jpg,HS,Mothbot_yolo11m_4500_imgsz1600_b1_2024-01-18.pt,0.7979581356048584,,lightPotoro,Cerro_Hoya_Expedition/Hoya_1204m_lightPotoro_2025-01-26/2025-01-28/patches/lightPotoro_2025_01_28__19_44_06_HDR0_1_Mothbot_yolo11m_4500_imgsz1600_b1_2024-01-18.pt.jpg,ORDER_Coleoptera,2025-01-28,19:44:06,,2025_01_28__19_44_06,MachineObservation,Cerro_Hoya_Expedition_Hoya_1204m_lightPotoro_2025-01-26_2025-01-28,Cerro_Hoya_Expedition_Hoya_1204m_lightPotoro_2025-01-26,lightPotoro_2025_01_28__19_44_06_HDR0.jpg,lightPotoro_2025_01_28__19_44_06_HDR0_1_Mothbot_yolo11m_4500_imgsz1600_b1_2024-01-18.pt.jpg
doi.org10.15468dl.6nxkw6.csv,Animalia,Arthropoda,Insecta,Diptera,,,,,,,Diptera,Diptera,Cerro_Hoya_Expedition_Hoya_1204m_lightPotoro_2025-01-26,lightPotoro_2025_01_28__19_44_06_HDR0_2_Mothbot_yolo11m_4500_imgsz1600_b1_2024-01-18.pt.jpg,HS,Mothbot_yolo11m_4500_imgsz1600_b1_2024-01-18.pt,0.7690558433532715,,lightPotoro,Cerro_Hoya_Expedition/Hoya_1204m_lightPotoro_2025-01-26/2025-01-28/patches/lightPotoro_2025_01_28__19_44_06_HDR0_2_Mothbot_yolo11m_4500_imgsz1600_b1_2024-01-18.pt.jpg,ORDER_Hymenoptera,2025-01-28,19:44:06,,2025_01_28__19_44_06,MachineObservation,Cerro_Hoya_Expedition_Hoya_1204m_lightPotoro_2025-01-26_2025-01-28,Cerro_Hoya_Expedition_Hoya_1204m_lightPotoro_2025-01-26,lightPotoro_2025_01_28__19_44_06_HDR0.jpg,lightPotoro_2025_01_28__19_44_06_HDR0_2_Mothbot_yolo11m_4500_imgsz1600_b1_2024-01-18.pt.jpg
doi.org10.15468dl.6nxkw6.csv,Animalia,Arthropoda,Insecta,Coleoptera,Chrysomelidae,Diabrotica,,Diabrotica1,1048495,,Diabrotica,Diabrotica1,Cerro_Hoya_Expedition_Hoya_1204m_lightPotoro_2025-01-26,lightPotoro_2025_01_28__19_44_06_HDR0_3_Mothbot_yolo11m_4500_imgsz1600_b1_2024-01-18.pt.jpg,HS,Mothbot_yolo11m_4500_imgsz1600_b1_2024-01-18.pt,0.7587995529174805,,lightPotoro,Cerro_Hoya_Expedition/Hoya_1204m_lightPotoro_2025-01-26/2025-01-28/patches/lightPotoro_2025_01_28__19_44_06_HDR0_3_Mothbot_yolo11m_4500_imgsz1600_b1_2024-01-18.pt.jpg,ORDER_Coleoptera,2025-01-28,19:44:06,,2025_01_28__19_44_06,MachineObservation,Cerro_Hoya_Expedition_Hoya_1204m_lightPotoro_2025-01-26_2025-01-28,Cerro_Hoya_Expedition_Hoya_1204m_lightPotoro_2025-01-26,lightPotoro_2025_01_28__19_44_06_HDR0.jpg,lightPotoro_2025_01_28__19_44_06_HDR0_3_Mothbot_yolo11m_4500_imgsz1600_b1_2024-01-18.pt.jpg
doi.org10.15468dl.6nxkw6.csv,Animalia,Arthropoda,Insecta,Hemiptera,,,,,,,Hemiptera,Hemiptera,Cerro_Hoya_Expedition_Hoya_1204m_lightPotoro_2025-01-26,lightPotoro_2025_01_28__19_44_06_HDR0_4_Mothbot_yolo11m_4500_imgsz1600_b1_2024-01-18.pt.jpg,HS,Mothbot_yolo11m_4500_imgsz1600_b1_2024-01-18.pt,0.7526590824127197,,lightPotoro,Cerro_Hoya_Expedition/Hoya_1204m_lightPotoro_2025-01-26/2025-01-28/patches/lightPotoro_2025_01_28__19_44_06_HDR0_4_Mothbot_yolo11m_4500_imgsz1600_b1_2024-01-18.pt.jpg,ORDER_Hymenoptera,2025-01-28,19:44:06,,2025_01_28__19_44_06,MachineObservation,Cerro_Hoya_Expedition_Hoya_1204m_lightPotoro_2025-01-26_2025-01-28,Cerro_Hoya_Expedition_Hoya_1204m_lightPotoro_2025-01-26,lightPotoro_2025_01_28__19_44_06_HDR0.jpg,lightPotoro_2025_01_28__19_44_06_HDR0_4_Mothbot_yolo11m_4500_imgsz1600_b1_2024-01-18.pt.jpg
,Animalia,Arthropoda,Insecta,Diptera,,,,,,,Diptera,Diptera,Cerro_Hoya_Expedition_Hoya_1204m_lightPotoro_2025-01-26,lightPotoro_2025_01_28__19_44_06_HDR0_5_Mothbot_yolo11m_4500_imgsz1600_b1_2024-01-18.pt.jpg,HS,Mothbot_yolo11m_4500_imgsz1600_b1_2024-01-18.pt,0.5531641244888306,,lightPotoro,Cerro_Hoya_Expedition/Hoya_1204m_lightPotoro_2025-01-26/2025-01-28/patches/lightPotoro_2025_01_28__19_44_06_HDR0_5_Mothbot_yolo11m_4500_imgsz1600_b1_2024-01-18.pt.jpg,ORDER_Diptera,2025-01-28,19:44:06,,2025_01_28__19_44_06,MachineObservation,Cerro_Hoya_Expedition_Hoya_1204m_lightPotoro_2025-01-26_2025-01-28,Cerro_Hoya_Expedition_Hoya_1204m_lightPotoro_2025-01-26,lightPotoro_2025_01_28__19_44_06_HDR0.jpg,lightPotoro_2025_01_28__19_44_06_HDR0_5_Mothbot_yolo11m_4500_imgsz1600_b1_2024-01-18.pt.jpg
,Animalia,Arthropoda,Insecta,Lepidoptera,,,,,,,Lepidoptera,Lepidoptera,Cerro_Hoya_Expedition_Hoya_1204m_lightPotoro_2025-01-26,lightPotoro_2025_01_28__19_45_06_HDR0_0_Mothbot_yolo11m_4500_imgsz1600_b1_2024-01-18.pt.jpg,HS,Mothbot_yolo11m_4500_imgsz1600_b1_2024-01-18.pt,0.8408165574073792,,lightPotoro,Cerro_Hoya_Expedition/Hoya_1204m_lightPotoro_2025-01-26/2025-01-28/patches/lightPotoro_2025_01_28__19_45_06_HDR0_0_Mothbot_yolo11m_4500_imgsz1600_b1_2024-01-18.pt.jpg,ORDER_Lepidoptera,2025-01-28,19:45:06,,2025_01_28__19_45_06,MachineObservation,Cerro_Hoya_Expedition_Hoya_1204m_lightPotoro_2025-01-26_2025-01-28,Cerro_Hoya_Expedition_Hoya_1204m_lightPotoro_2025-01-26,lightPotoro_2025_01_28__19_45_06_HDR0.jpg,lightPotoro_2025_01_28__19_45_06_HDR0_0_Mothbot_yolo11m_4500_imgsz1600_b1_2024-01-18.pt.jpg
doi.org10.15468dl.6nxkw6.csv,Animalia,Arthropoda,Insecta,Coleoptera,Chrysomelidae,Diabrotica,,Diabrotica1,1048495,,Diabrotica,Diabrotica1,Cerro_Hoya_Expedition_Hoya_1204m_lightPotoro_2025-01-26,lightPotoro_2025_01_28__19_45_06_HDR0_1_Mothbot_yolo11m_4500_imgsz1600_b1_2024-01-18.pt.jpg,HS,Mothbot_yolo11m_4500_imgsz1600_b1_2024-01-18.pt,0.8090002536773682,,lightPotoro,Cerro_Hoya_Expedition/Hoya_1204m_lightPotoro_2025-01-26/2025-01-28/patches/lightPotoro_2025_01_28__19_45_06_HDR0_1_Mothbot_yolo11m_4500_imgsz1600_b1_2024-01-18.pt.jpg,ORDER_Coleoptera,2025-01-28,19:45:06,,2025_01_28__19_45_06,MachineObservation,Cerro_Hoya_Expedition_Hoya_1204m_lightPotoro_2025-01-26_2025-01-28,Cerro_Hoya_Expedition_Hoya_1204m_lightPotoro_2025-01-26,lightPotoro_2025_01_28__19_45_06_HDR0.jpg,lightPotoro_2025_01_28__19_45_06_HDR0_1_Mothbot_yolo11m_4500_imgsz1600_b1_2024-01-18.pt.jpg
,Animalia,Arthropoda,Insecta,Hemiptera,,,,,,,Hemiptera,Hemiptera,Cerro_Hoya_Expedition_Hoya_1204m_lightPotoro_2025-01-26,lightPotoro_2025_01_28__19_45_06_HDR0_2_Mothbot_yolo11m_4500_imgsz1600_b1_2024-01-18.pt.jpg,HS,Mothbot_yolo11m_4500_imgsz1600_b1_2024-01-18.pt,0.8089868426322937,,lightPotoro,Cerro_Hoya_Expedition/Hoya_1204m_lightPotoro_2025-01-26/2025-01-28/patches/lightPotoro_2025_01_28__19_45_06_HDR0_2_Mothbot_yolo11m_4500_imgsz1600_b1_2024-01-18.pt.jpg,ORDER_Hemiptera,2025-01-28,19:45:06,,2025_01_28__19_45_06,MachineObservation,Cerro_Hoya_Expedition_Hoya_1204m_lightPotoro_2025-01-26_2025-01-28,Cerro_Hoya_Expedition_Hoya_1204m_lightPotoro_2025-01-26,lightPotoro_2025_01_28__19_45_06_HDR0.jpg,lightPotoro_2025_01_28__19_45_06_HDR0_2_Mothbot_yolo11m_4500_imgsz1600_b1_2024-01-18.pt.jpg
doi.org10.15468dl.6nxkw6.csv,Animalia,Arthropoda,Insecta,Hemiptera,,,,,,,Hemiptera,Hemiptera,Cerro_Hoya_Expedition_Hoya_1204m_lightPotoro_2025-01-26,lightPotoro_2025_01_28__19_45_06_HDR0_3_Mothbot_yolo11m_4500_imgsz1600_b1_2024-01-18.pt.jpg,HS,Mothbot_yolo11m_4500_imgsz1600_b1_2024-01-18.pt,0.6775767207145691,,lightPotoro,Cerro_Hoya_Expedition/Hoya_1204m_lightPotoro_2025-01-26/2025-01-28/patches/lightPotoro_2025_01_28__19_45_06_HDR0_3_Mothbot_yolo11m_4500_imgsz1600_b1_2024-01-18.pt.jpg,ORDER_Hymenoptera,2025-01-28,19:45:06,,2025_01_28__19_45_06,MachineObservation,Cerro_Hoya_Expedition_Hoya_1204m_lightPotoro_2025-01-26_2025-01-28,Cerro_Hoya_Expedition_Hoya_1204m_lightPotoro_2025-01-26,lightPotoro_2025_01_28__19_45_06_HDR0.jpg,lightPotoro_2025_01_28__19_45_06_HDR0_3_Mothbot_yolo11m_4500_imgsz1600_b1_2024-01-18.pt.jpg
,Animalia,Arthropoda,Insecta,Diptera,,,,,,,Diptera,Diptera,Cerro_Hoya_Expedition_Hoya_1204m_lightPotoro_2025-01-26,lightPotoro_2025_01_28__19_45_06_HDR0_4_Mothbot_yolo11m_4500_imgsz1600_b1_2024-01-18.pt.jpg,HS,Mothbot_yolo11m_4500_imgsz1600_b1_2024-01-18.pt,0.5911775827407837,,lightPotoro,Cerro_Hoya_Expedition/Hoya_1204m_lightPotoro_2025-01-26/2025-01-28/patches/lightPotoro_2025_01_28__19_45_06_HDR0_4_Mothbot_yolo11m_4500_imgsz1600_b1_2024-01-18.pt.jpg,ORDER_Diptera,2025-01-28,19:45:06,,2025_01_28__19_45_06,MachineObservation,Cerro_Hoya_Expedition_Hoya_1204m_lightPotoro_2025-01-26_2025-01-28,Cerro_Hoya_Expedition_Hoya_1204m_lightPotoro_2025-01-26,lightPotoro_2025_01_28__19_45_06_HDR0.jpg,lightPotoro_2025_01_28__19_45_06_HDR0_4_Mothbot_yolo11m_4500_imgsz1600_b1_2024-01-18.pt.jpg
doi.org10.15468dl.6nxkw6.csv,Animalia,Arthropoda,Insecta,Coleoptera,Chrysomelidae,Diabrotica,,Diabrotica1,1048495,,Diabrotica,Diabrotica1,Cerro_Hoya_Expedition_Hoya_1204m_lightPotoro_2025-01-26,lightPotoro_2025_01_28__19_46_06_HDR0_0_Mothbot_yolo11m_4500_imgsz1600_b1_2024-01-18.pt.jpg,HS,Mothbot_yolo11m_4500_imgsz1600_b1_2024-01-18.pt,0.8028446435928345,,lightPotoro,Cerro_Hoya_Expedition/Hoya_1204m_lightPotoro_2025-01-26/2025-01-28/patches/lightPotoro_2025_01_28__19_46_06_HDR0_0_Mothbot_yolo11m_4500_imgsz1600_b1_2024-01-18.pt.jpg,ORDER_Coleoptera,2025-01-28,19:46:06,,2025_01_28__19_46_06,MachineObservation,Cerro_Hoya_Expedition_Hoya_1204m_lightPotoro_2025-01-26_2025-01-28,Cerro_Hoya_Expedition_Hoya_1204m_lightPotoro_2025-01-26,lightPotoro_2025_01_28__19_46_06_HDR0.jpg,lightPotoro_2025_01_28__19_46_06_HDR0_0_Mothbot_yolo11m_4500_imgsz1600_b1_2024-01-18.pt.jpg
doi.org10.15468dl.6nxkw6.csv,Animalia,Arthropoda,Insecta,Hemiptera,,,,,,,Hemiptera,Hemiptera,Cerro_Hoya_Expedition_Hoya_1204m_lightPotoro_2025-01-26,lightPotoro_2025_01_28__19_46_06_HDR0_1_Mothbot_yolo11m_4500_imgsz1600_b1_2024-01-18.pt.jpg,HS,Mothbot_yolo11m_4500_imgsz1600_b1_2024-01-18.pt,0.7941070795059204,,lightPotoro,Cerro_Hoya_Expedition/Hoya_1204m_lightPotoro_2025-01-26/2025-01-28/patches/lightPotoro_2025_01_28__19_46_06_HDR0_1_Mothbot_yolo11m_4500_imgsz1600_b1_2024-01-18.pt.jpg,ORDER_Coleoptera,2025-01-28,19:46:06,,2025_01_28__19_46_06,MachineObservation,Cerro_Hoya_Expedition_Hoya_1204m_lightPotoro_2025-01-26_2025-01-28,Cerro_Hoya_Expedition_Hoya_1204m_lightPotoro_2025-01-26,lightPotoro_2025_01_28__19_46_06_HDR0.jpg,lightPotoro_2025_01_28__19_46_06_HDR0_1_Mothbot_yolo11m_4500_imgsz1600_b1_2024-01-18.pt.jpg
doi.org10.15468dl.6nxkw6.csv,Animalia,Arthropoda,Insecta,Hemiptera,,,,,,,Hemiptera,Hemiptera,Cerro_Hoya_Expedition_Hoya_1204m_lightPotoro_2025-01-26,lightPotoro_2025_01_28__19_46_06_HDR0_2_Mothbot_yolo11m_4500_imgsz1600_b1_2024-01-18.pt.jpg,HS,Mothbot_yolo11m_4500_imgsz1600_b1_2024-01-18.pt,0.5335754752159119,,lightPotoro,Cerro_Hoya_Expedition/Hoya_1204m_lightPotoro_2025-01-26/2025-01-28/patches/lightPotoro_2025_01_28__19_46_06_HDR0_2_Mothbot_yolo11m_4500_imgsz1600_b1_2024-01-18.pt.jpg,ORDER_Hymenoptera,2025-01-28,19:46:06,,2025_01_28__19_46_06,MachineObservation,Cerro_Hoya_Expedition_Hoya_1204m_lightPotoro_2025-01-26_2025-01-28,Cerro_Hoya_Expedition_Hoya_1204m_lightPotoro_2025-01-26,lightPotoro_2025_01_28__19_46_06_HDR0.jpg,lightPotoro_2025_01_28__19_46_06_HDR0_2_Mothbot_yolo11m_4500_imgsz1600_b1_2024-01-18.pt.jpg
doi.org10.15468dl.6nxkw6.csv,Animalia,Arthropoda,Insecta,Diptera,,,,,,,Diptera,Diptera,Cerro_Hoya_Expedition_Hoya_1204m_lightPotoro_2025-01-26,lightPotoro_2025_01_28__19_46_06_HDR0_3_Mothbot_yolo11m_4500_imgsz1600_b1_2024-01-18.pt.jpg,HS,Mothbot_yolo11m_4500_imgsz1600_b1_2024-01-18.pt,0.32013219594955444,,lightPotoro,Cerro_Hoya_Expedition/Hoya_1204m_lightPotoro_2025-01-26/2025-01-28/patches/lightPotoro_2025_01_28__19_46_06_HDR0_3_Mothbot_yolo11m_4500_imgsz1600_b1_2024-01-18.pt.jpg,ORDER_Lepidoptera,2025-01-28,19:46:06,,2025_01_28__19_46_06,MachineObservation,Cerro_Hoya_Expedition_Hoya_1204m_lightPotoro_2025-01-26_2025-01-28,Cerro_Hoya_Expedition_Hoya_1204m_lightPotoro_2025-01-26,lightPotoro_2025_01_28__19_46_06_HDR0.jpg,lightPotoro_2025_01_28__19_46_06_HDR0_3_Mothbot_yolo11m_4500_imgsz1600_b1_2024-01-18.pt.jpg
,Animalia,Arthropoda,Insecta,Hemiptera,,,,,,,Hemiptera,Hemiptera,Cerro_Hoya_Expedition_Hoya_1204m_lightPotoro_2025-01-26,lightPotoro_2025_01_28__19_47_06_HDR0_0_Mothbot_yolo11m_4500_imgsz1600_b1_2024-01-18.pt.jpg,HS,Mothbot_yolo11m_4500_imgsz1600_b1_2024-01-18.pt,0.8149048686027527,,lightPotoro,Cerro_Hoya_Expedition/Hoya_1204m_lightPotoro_2025-01-26/2025-01-28/patches/lightPotoro_2025_01_28__19_47_06_HDR0_0_Mothbot_yolo11m_4500_imgsz1600_b1_2024-01-18.pt.jpg,ORDER_Hemiptera,2025-01-28,19:47:06,,2025_01_28__19_47_06,MachineObservation,Cerro_Hoya_Expedition_Hoya_1204m_lightPotoro_2025-01-26_2025-01-28,Cerro_Hoya_Expedition_Hoya_1204m_lightPotoro_2025-01-26,lightPotoro_2025_01_28__19_47_06_HDR0.jpg,lightPotoro_2025_01_28__19_47_06_HDR0_0_Mothbot_yolo11m_4500_imgsz1600_b1_2024-01-18.pt.jpg
doi.org10.15468dl.6nxkw6.csv,Animalia,Arthropoda,Insecta,Coleoptera,Chrysomelidae,Diabrotica,,Diabrotica1,1048495,,Diabrotica,Diabrotica1,Cerro_Hoya_Expedition_Hoya_1204m_lightPotoro_2025-01-26,lightPotoro_2025_01_28__19_47_06_HDR0_1_Mothbot_yolo11m_4500_imgsz1600_b1_2024-01-18.pt.jpg,HS,Mothbot_yolo11m_4500_imgsz1600_b1_2024-01-18.pt,0.8022027611732483,,lightPotoro,Cerro_Hoya_Expedition/Hoya_1204m_lightPotoro_2025-01-26/2025-01-28/patches/lightPotoro_2025_01_28__19_47_06_HDR0_1_Mothbot_yolo11m_4500_imgsz1600_b1_2024-01-18.pt.jpg,ORDER_Coleoptera,2025-01-28,19:47:06,,2025_01_28__19_47_06,MachineObservation,Cerro_Hoya_Expedition_Hoya_1204m_lightPotoro_2025-01-26_2025-01-28,Cerro_Hoya_Expedition_Hoya_1204m_lightPotoro_2025-01-26,lightPotoro_2025_01_28__19_47_06_HDR0.jpg,lightPotoro_2025_01_28__19_47_06_HDR0_1_Mothbot_yolo11m_4500_imgsz1600_b1_2024-01-18.pt.jpg
,Animalia,Arthropoda,Insecta,Hemiptera,,,,,,,Hemiptera,Hemiptera,Cerro_Hoya_Expedition_Hoya_1204m_lightPotoro_2025-01-26,lightPotoro_2025_01_28__19_47_06_HDR0_2_Mothbot_yolo11m_4500_imgsz1600_b1_2024-01-18.pt.jpg,HS,Mothbot_yolo11m_4500_imgsz1600_b1_2024-01-18.pt,0.7154280543327332,,lightPotoro,Cerro_Hoya_Expedition/Hoya_1204m_lightPotoro_2025-01-26/2025-01-28/patches/lightPotoro_2025_01_28__19_47_06_HDR0_2_Mothbot_yolo11m_4500_imgsz1600_b1_2024-01-18.pt.jpg,ORDER_Hemiptera,2025-01-28,19:47:06,,2025_01_28__19_47_06,MachineObservation,Cerro_Hoya_Expedition_Hoya_1204m_lightPotoro_2025-01-26_2025-01-28,Cerro_Hoya_Expedition_Hoya_1204m_lightPotoro_2025-01-26,lightPotoro_2025_01_28__19_47_06_HDR0.jpg,lightPotoro_2025_01_28__19_47_06_HDR0_2_Mothbot_yolo11m_4500_imgsz1600_b1_2024-01-18.pt.jpg
doi.org10.15468dl.6nxkw6.csv,Animalia,Arthropoda,Insecta,Diptera,,,,,,,Diptera,Diptera,Cerro_Hoya_Expedition_Hoya_1204m_lightPotoro_2025-01-26,lightPotoro_2025_01_28__19_47_06_HDR0_3_Mothbot_yolo11m_4500_imgsz1600_b1_2024-01-18.pt.jpg,HS,Mothbot_yolo11m_4500_imgsz1600_b1_2024-01-18.pt,0.4081324338912964,,lightPotoro,Cerro_Hoya_Expedition/Hoya_1204m_lightPotoro_2025-01-26/2025-01-28/patches/lightPotoro_2025_01_28__19_47_06_HDR0_3_Mothbot_yolo11m_4500_imgsz1600_b1_2024-01-18.pt.jpg,ORDER_Lepidoptera,2025-01-28,19:47:06,,2025_01_28__19_47_06,MachineObservation,Cerro_Hoya_Expedition_Hoya_1204m_lightPotoro_2025-01-26_2025-01-28,Cerro_Hoya_Expedition_Hoya_1204m_lightPotoro_2025-01-26,lightPotoro_2025_01_28__19_47_06_HDR0.jpg,lightPotoro_2025_01_28__19_47_06_HDR0_3_Mothbot_yolo11m_4500_imgsz1600_b1_2024-01-18.pt.jpg
doi.org10.15468dl.6nxkw6.csv,Animalia,Arthropoda,Insecta,Coleoptera,Chrysomelidae,Diabrotica,,Diabrotica1,1048495,,Diabrotica,Diabrotica1,Cerro_Hoya_Expedition_Hoya_1204m_lightPotoro_2025-01-26,lightPotoro_2025_01_28__19_48_05_HDR0_0_Mothbot_yolo11m_4500_imgsz1600_b1_2024-01-18.pt.jpg,HS,Mothbot_yolo11m_4500_imgsz1600_b1_2024-01-18.pt,0.8057050704956055,,lightPotoro,Cerro_Hoya_Expedition/Hoya_1204m_lightPotoro_2025-01-26/2025-01-28/patches/lightPotoro_2025_01_28__19_48_05_HDR0_0_Mothbot_yolo11m_4500_imgsz1600_b1_2024-01-18.pt.jpg,ORDER_Coleoptera,2025-01-28,19:48:05,,2025_01_28__19_48_05,MachineObservation,Cerro_Hoya_Expedition_Hoya_1204m_lightPotoro_2025-01-26_2025-01-28,Cerro_Hoya_Expedition_Hoya_1204m_lightPotoro_2025-01-26,lightPotoro_2025_01_28__19_48_05_HDR0.jpg,lightPotoro_2025_01_28__19_48_05_HDR0_0_Mothbot_yolo11m_4500_imgsz1600_b1_2024-01-18.pt.jpg
doi.org10.15468dl.6nxkw6.csv,Animalia,Arthropoda,Insecta,Hemiptera,,,,,,,Hemiptera,Hemiptera,Cerro_Hoya_Expedition_Hoya_1204m_lightPotoro_2025-01-26,lightPotoro_2025_01_28__19_48_05_HDR0_1_Mothbot_yolo11m_4500_imgsz1600_b1_2024-01-18.pt.jpg,HS,Mothbot_yolo11m_4500_imgsz1600_b1_2024-01-18.pt,0.8029451370239258,,lightPotoro,Cerro_Hoya_Expedition/Hoya_1204m_lightPotoro_2025-01-26/2025-01-28/patches/lightPotoro_2025_01_28__19_48_05_HDR0_1_Mothbot_yolo11m_4500_imgsz1600_b1_2024-01-18.pt.jpg,ORDER_Coleoptera,2025-01-28,19:48:05,,2025_01_28__19_48_05,MachineObservation,Cerro_Hoya_Expedition_Hoya_1204m_lightPotoro_2025-01-26_2025-01-28,Cerro_Hoya_Expedition_Hoya_1204m_lightPotoro_2025-01-26,lightPotoro_2025_01_28__19_48_05_HDR0.jpg,lightPotoro_2025_01_28__19_48_05_HDR0_1_Mothbot_yolo11m_4500_imgsz1600_b1_2024-01-18.pt.jpg
doi.org10.15468dl.6nxkw6.csv,Animalia,Arthropoda,Insecta,Hemiptera,,,,,,,Hemiptera,Hemiptera,Cerro_Hoya_Expedition_Hoya_1204m_lightPotoro_2025-01-26,lightPotoro_2025_01_28__19_48_05_HDR0_2_Mothbot_yolo11m_4500_imgsz1600_b1_2024-01-18.pt.jpg,HS,Mothbot_yolo11m_4500_imgsz1600_b1_2024-01-18.pt,0.6560128331184387,,lightPotoro,Cerro_Hoya_Expedition/Hoya_1204m_lightPotoro_2025-01-26/2025-01-28/patches/lightPotoro_2025_01_28__19_48_05_HDR0_2_Mothbot_yolo11m_4500_imgsz1600_b1_2024-01-18.pt.jpg,ORDER_Hymenoptera,2025-01-28,19:48:05,,2025_01_28__19_48_05,MachineObservation,Cerro_Hoya_Expedition_Hoya_1204m_lightPotoro_2025-01-26_2025-01-28,Cerro_Hoya_Expedition_Hoya_1204m_lightPotoro_2025-01-26,lightPotoro_2025_01_28__19_48_05_HDR0.jpg,lightPotoro_2025_01_28__19_48_05_HDR0_2_Mothbot_yolo11m_4500_imgsz1600_b1_2024-01-18.pt.jpg
doi.org10.15468dl.6nxkw6.csv,Animalia,Arthropoda,Insecta,Diptera,,,,,,,Diptera,Diptera,Cerro_Hoya_Expedition_Hoya_1204m_lightPotoro_2025-01-26,lightPotoro_2025_01_28__19_48_05_HDR0_3_Mothbot_yolo11m_4500_imgsz1600_b1_2024-01-18.pt.jpg,HS,Mothbot_yolo11m_4500_imgsz1600_b1_2024-01-18.pt,0.5772240161895752,,lightPotoro,Cerro_Hoya_Expedition/Hoya_1204m_lightPotoro_2025-01-26/2025-01-28/patches/lightPotoro_2025_01_28__19_48_05_HDR0_3_Mothbot_yolo11m_4500_imgsz1600_b1_2024-01-18.pt.jpg,ORDER_Blattodea,2025-01-28,19:48:05,,2025_01_28__19_48_05,MachineObservation,Cerro_Hoya_Expedition_Hoya_1204m_lightPotoro_2025-01-26_2025-01-28,Cerro_Hoya_Expedition_Hoya_1204m_lightPotoro_2025-01-26,lightPotoro_2025_01_28__19_48_05_HDR0.jpg,lightPotoro_2025_01_28__19_48_05_HDR0_3_Mothbot_yolo11m_4500_imgsz1600_b1_2024-01-18.pt.jpg
doi.org10.15468dl.6nxkw6.csv,Animalia,Arthropoda,Insecta,Coleoptera,Chrysomelidae,Diabrotica,,Diabrotica1,1048495,,Diabrotica,Diabrotica1,Cerro_Hoya_Expedition_Hoya_1204m_lightPotoro_2025-01-26,lightPotoro_2025_01_28__19_49_05_HDR0_0_Mothbot_yolo11m_4500_imgsz1600_b1_2024-01-18.pt.jpg,HS,Mothbot_yolo11m_4500_imgsz1600_b1_2024-01-18.pt,0.824198305606842,,lightPotoro,Cerro_Hoya_Expedition/Hoya_1204m_lightPotoro_2025-01-26/2025-01-28/patches/lightPotoro_2025_01_28__19_49_05_HDR0_0_Mothbot_yolo11m_4500_imgsz1600_b1_2024-01-18.pt.jpg,ORDER_Coleoptera,2025-01-28,19:49:05,,2025_01_28__19_49_05,MachineObservation,Cerro_Hoya_Expedition_Hoya_1204m_lightPotoro_2025-01-26_2025-01-28,Cerro_Hoya_Expedition_Hoya_1204m_lightPotoro_2025-01-26,lightPotoro_2025_01_28__19_49_05_HDR0.jpg,lightPotoro_2025_01_28__19_49_05_HDR0_0_Mothbot_yolo11m_4500_imgsz1600_b1_2024-01-18.pt.jpg
doi.org10.15468dl.6nxkw6.csv,Animalia,Arthropoda,Insecta,Hemiptera,,,,,,,Hemiptera,Hemiptera,Cerro_Hoya_Expedition_Hoya_1204m_lightPotoro_2025-01-26,lightPotoro_2025_01_28__19_49_05_HDR0_1_Mothbot_yolo11m_4500_imgsz1600_b1_2024-01-18.pt.jpg,HS,Mothbot_yolo11m_4500_imgsz1600_b1_2024-01-18.pt,0.7925955057144165,,lightPotoro,Cerro_Hoya_Expedition/Hoya_1204m_lightPotoro_2025-01-26/2025-01-28/patches/lightPotoro_2025_01_28__19_49_05_HDR0_1_Mothbot_yolo11m_4500_imgsz1600_b1_2024-01-18.pt.jpg,ORDER_Coleoptera,2025-01-28,19:49:05,,2025_01_28__19_49_05,MachineObservation,Cerro_Hoya_Expedition_Hoya_1204m_lightPotoro_2025-01-26_2025-01-28,Cerro_Hoya_Expedition_Hoya_1204m_lightPotoro_2025-01-26,lightPotoro_2025_01_28__19_49_05_HDR0.jpg,lightPotoro_2025_01_28__19_49_05_HDR0_1_Mothbot_yolo11m_4500_imgsz1600_b1_2024-01-18.pt.jpg
doi.org10.15468dl.6nxkw6.csv,Animalia,Arthropoda,Insecta,Hemiptera,,,,,,,Hemiptera,Hemiptera,Cerro_Hoya_Expedition_Hoya_1204m_lightPotoro_2025-01-26,lightPotoro_2025_01_28__19_49_05_HDR0_2_Mothbot_yolo11m_4500_imgsz1600_b1_2024-01-18.pt.jpg,HS,Mothbot_yolo11m_4500_imgsz1600_b1_2024-01-18.pt,0.6523101925849915,,lightPotoro,Cerro_Hoya_Expedition/Hoya_1204m_lightPotoro_2025-01-26/2025-01-28/patches/lightPotoro_2025_01_28__19_49_05_HDR0_2_Mothbot_yolo11m_4500_imgsz1600_b1_2024-01-18.pt.jpg,ORDER_Hymenoptera,2025-01-28,19:49:05,,2025_01_28__19_49_05,MachineObservation,Cerro_Hoya_Expedition_Hoya_1204m_lightPotoro_2025-01-26_2025-01-28,Cerro_Hoya_Expedition_Hoya_1204m_lightPotoro_2025-01-26,lightPotoro_2025_01_28__19_49_05_HDR0.jpg,lightPotoro_2025_01_28__19_49_05_HDR0_2_Mothbot_yolo11m_4500_imgsz1600_b1_2024-01-18.pt.jpg
doi.org10.15468dl.6nxkw6.csv,Animalia,Arthropoda,Insecta,Diptera,,,,,,,Diptera,Diptera,Cerro_Hoya_Expedition_Hoya_1204m_lightPotoro_2025-01-26,lightPotoro_2025_01_28__19_49_05_HDR0_3_Mothbot_yolo11m_4500_imgsz1600_b1_2024-01-18.pt.jpg,HS,Mothbot_yolo11m_4500_imgsz1600_b1_2024-01-18.pt,0.6273991465568542,,lightPotoro,Cerro_Hoya_Expedition/Hoya_1204m_lightPotoro_2025-01-26/2025-01-28/patches/lightPotoro_2025_01_28__19_49_05_HDR0_3_Mothbot_yolo11m_4500_imgsz1600_b1_2024-01-18.pt.jpg,ORDER_Coleoptera,2025-01-28,19:49:05,,2025_01_28__19_49_05,MachineObservation,Cerro_Hoya_Expedition_Hoya_1204m_lightPotoro_2025-01-26_2025-01-28,Cerro_Hoya_Expedition_Hoya_1204m_lightPotoro_2025-01-26,lightPotoro_2025_01_28__19_49_05_HDR0.jpg,lightPotoro_2025_01_28__19_49_05_HDR0_3_Mothbot_yolo11m_4500_imgsz1600_b1_2024-01-18.pt.jpg
doi.org10.15468dl.6nxkw6.csv,Animalia,Arthropoda,Insecta,Hemiptera,,,,,,,Hemiptera,Hemiptera,Cerro_Hoya_Expedition_Hoya_1204m_lightPotoro_2025-01-26,lightPotoro_2025_01_28__19_50_22_HDR0_0_Mothbot_yolo11m_4500_imgsz1600_b1_2024-01-18.pt.jpg,HS,Mothbot_yolo11m_4500_imgsz1600_b1_2024-01-18.pt,0.805226743221283,,lightPotoro,Cerro_Hoya_Expedition/Hoya_1204m_lightPotoro_2025-01-26/2025-01-28/patches/lightPotoro_2025_01_28__19_50_22_HDR0_0_Mothbot_yolo11m_4500_imgsz1600_b1_2024-01-18.pt.jpg,ORDER_Coleoptera,2025-01-28,19:50:22,,2025_01_28__19_50_22,MachineObservation,Cerro_Hoya_Expedition_Hoya_1204m_lightPotoro_2025-01-26_2025-01-28,Cerro_Hoya_Expedition_Hoya_1204m_lightPotoro_2025-01-26,lightPotoro_2025_01_28__19_50_22_HDR0.jpg,lightPotoro_2025_01_28__19_50_22_HDR0_0_Mothbot_yolo11m_4500_imgsz1600_b1_2024-01-18.pt.jpg
doi.org10.15468dl.6nxkw6.csv,Animalia,Arthropoda,Insecta,Coleoptera,Chrysomelidae,Diabrotica,,Diabrotica1,1048495,,Diabrotica,Diabrotica1,Cerro_Hoya_Expedition_Hoya_1204m_lightPotoro_2025-01-26,lightPotoro_2025_01_28__19_50_22_HDR0_1_Mothbot_yolo11m_4500_imgsz1600_b1_2024-01-18.pt.jpg,HS,Mothbot_yolo11m_4500_imgsz1600_b1_2024-01-18.pt,0.7830813527107239,,lightPotoro,Cerro_Hoya_Expedition/Hoya_1204m_lightPotoro_2025-01-26/2025-01-28/patches/lightPotoro_2025_01_28__19_50_22_HDR0_1_Mothbot_yolo11m_4500_imgsz1600_b1_2024-01-18.pt.jpg,ORDER_Coleoptera,2025-01-28,19:50:22,,2025_01_28__19_50_22,MachineObservation,Cerro_Hoya_Expedition_Hoya_1204m_lightPotoro_2025-01-26_2025-01-28,Cerro_Hoya_Expedition_Hoya_1204m_lightPotoro_2025-01-26,lightPotoro_2025_01_28__19_50_22_HDR0.jpg,lightPotoro_2025_01_28__19_50_22_HDR0_1_Mothbot_yolo11m_4500_imgsz1600_b1_2024-01-18.pt.jpg
,Animalia,Arthropoda,Insecta,Diptera,,,,,,,Diptera,Diptera,Cerro_Hoya_Expedition_Hoya_1204m_lightPotoro_2025-01-26,lightPotoro_2025_01_28__19_50_22_HDR0_2_Mothbot_yolo11m_4500_imgsz1600_b1_2024-01-18.pt.jpg,HS,Mothbot_yolo11m_4500_imgsz1600_b1_2024-01-18.pt,0.7828353643417358,,lightPotoro,Cerro_Hoya_Expedition/Hoya_1204m_lightPotoro_2025-01-26/2025-01-28/patches/lightPotoro_2025_01_28__19_50_22_HDR0_2_Mothbot_yolo11m_4500_imgsz1600_b1_2024-01-18.pt.jpg,ORDER_Diptera,2025-01-28,19:50:22,,2025_01_28__19_50_22,MachineObservation,Cerro_Hoya_Expedition_Hoya_1204m_lightPotoro_2025-01-26_2025-01-28,Cerro_Hoya_Expedition_Hoya_1204m_lightPotoro_2025-01-26,lightPotoro_2025_01_28__19_50_22_HDR0.jpg,lightPotoro_2025_01_28__19_50_22_HDR0_2_Mothbot_yolo11m_4500_imgsz1600_b1_2024-01-18.pt.jpg
doi.org10.15468dl.6nxkw6.csv,Animalia,Arthropoda,Insecta,Lepidoptera,,,,,797,,Lepidoptera,Lepidoptera,Cerro_Hoya_Expedition_Hoya_1204m_lightPotoro_2025-01-26,lightPotoro_2025_01_28__19_50_22_HDR0_3_Mothbot_yolo11m_4500_imgsz1600_b1_2024-01-18.pt.jpg,HS,Mothbot_yolo11m_4500_imgsz1600_b1_2024-01-18.pt,0.7398903369903564,,lightPotoro,Cerro_Hoya_Expedition/Hoya_1204m_lightPotoro_2025-01-26/2025-01-28/patches/lightPotoro_2025_01_28__19_50_22_HDR0_3_Mothbot_yolo11m_4500_imgsz1600_b1_2024-01-18.pt.jpg,ORDER_Hemiptera,2025-01-28,19:50:22,,2025_01_28__19_50_22,MachineObservation,Cerro_Hoya_Expedition_Hoya_1204m_lightPotoro_2025-01-26_2025-01-28,Cerro_Hoya_Expedition_Hoya_1204m_lightPotoro_2025-01-26,lightPotoro_2025_01_28__19_50_22_HDR0.jpg,lightPotoro_2025_01_28__19_50_22_HDR0_3_Mothbot_yolo11m_4500_imgsz1600_b1_2024-01-18.pt.jpg
,Animalia,Arthropoda,Insecta,Hemiptera,,,,,,,Hemiptera,Hemiptera,Cerro_Hoya_Expedition_Hoya_1204m_lightPotoro_2025-01-26,lightPotoro_2025_01_28__19_50_22_HDR0_4_Mothbot_yolo11m_4500_imgsz1600_b1_2024-01-18.pt.jpg,HS,Mothbot_yolo11m_4500_imgsz1600_b1_2024-01-18.pt,0.5517303347587585,,lightPotoro,Cerro_Hoya_Expedition/Hoya_1204m_lightPotoro_2025-01-26/2025-01-28/patches/lightPotoro_2025_01_28__19_50_22_HDR0_4_Mothbot_yolo11m_4500_imgsz1600_b1_2024-01-18.pt.jpg,ORDER_Hemiptera,2025-01-28,19:50:22,,2025_01_28__19_50_22,MachineObservation,Cerro_Hoya_Expedition_Hoya_1204m_lightPotoro_2025-01-26_2025-01-28,Cerro_Hoya_Expedition_Hoya_1204m_lightPotoro_2025-01-26,lightPotoro_2025_01_28__19_50_22_HDR0.jpg,lightPotoro_2025_01_28__19_50_22_HDR0_4_Mothbot_yolo11m_4500_imgsz1600_b1_2024-01-18.pt.jpg
,Animalia,Arthropoda,Insecta,Hemiptera,,,,,,,Hemiptera,Hemiptera,Cerro_Hoya_Expedition_Hoya_1204m_lightPotoro_2025-01-26,lightPotoro_2025_01_28__19_51_06_HDR0_0_Mothbot_yolo11m_4500_imgsz1600_b1_2024-01-18.pt.jpg,HS,Mothbot_yolo11m_4500_imgsz1600_b1_2024-01-18.pt,0.8071591258049011,,lightPotoro,Cerro_Hoya_Expedition/Hoya_1204m_lightPotoro_2025-01-26/2025-01-28/patches/lightPotoro_2025_01_28__19_51_06_HDR0_0_Mothbot_yolo11m_4500_imgsz1600_b1_2024-01-18.pt.jpg,ORDER_Hemiptera,2025-01-28,19:51:06,,2025_01_28__19_51_06,MachineObservation,Cerro_Hoya_Expedition_Hoya_1204m_lightPotoro_2025-01-26_2025-01-28,Cerro_Hoya_Expedition_Hoya_1204m_lightPotoro_2025-01-26,lightPotoro_2025_01_28__19_51_06_HDR0.jpg,lightPotoro_2025_01_28__19_51_06_HDR0_0_Mothbot_yolo11m_4500_imgsz1600_b1_2024-01-18.pt.jpg
doi.org10.15468dl.6nxkw6.csv,Animalia,Arthropoda,Insecta,Coleoptera,Chrysomelidae,Diabrotica,,Diabrotica1,1048495,,Diabrotica,Diabrotica1,Cerro_Hoya_Expedition_Hoya_1204m_lightPotoro_2025-01-26,lightPotoro_2025_01_28__19_51_06_HDR0_1_Mothbot_yolo11m_4500_imgsz1600_b1_2024-01-18.pt.jpg,HS,Mothbot_yolo11m_4500_imgsz1600_b1_2024-01-18.pt,0.7805578112602234,,lightPotoro,Cerro_Hoya_Expedition/Hoya_1204m_lightPotoro_2025-01-26/2025-01-28/patches/lightPotoro_2025_01_28__19_51_06_HDR0_1_Mothbot_yolo11m_4500_imgsz1600_b1_2024-01-18.pt.jpg,ORDER_Coleoptera,2025-01-28,19:51:06,,2025_01_28__19_51_06,MachineObservation,Cerro_Hoya_Expedition_Hoya_1204m_lightPotoro_2025-01-26_2025-01-28,Cerro_Hoya_Expedition_Hoya_1204m_lightPotoro_2025-01-26,lightPotoro_2025_01_28__19_51_06_HDR0.jpg,lightPotoro_2025_01_28__19_51_06_HDR0_1_Mothbot_yolo11m_4500_imgsz1600_b1_2024-01-18.pt.jpg
doi.org10.15468dl.6nxkw6.csv,Animalia,Arthropoda,Insecta,Hemiptera,,,,,,,Hemiptera,Hemiptera,Cerro_Hoya_Expedition_Hoya_1204m_lightPotoro_2025-01-26,lightPotoro_2025_01_28__19_52_05_HDR0_0_Mothbot_yolo11m_4500_imgsz1600_b1_2024-01-18.pt.jpg,HS,Mothbot_yolo11m_4500_imgsz1600_b1_2024-01-18.pt,0.8115503191947937,,lightPotoro,Cerro_Hoya_Expedition/Hoya_1204m_lightPotoro_2025-01-26/2025-01-28/patches/lightPotoro_2025_01_28__19_52_05_HDR0_0_Mothbot_yolo11m_4500_imgsz1600_b1_2024-01-18.pt.jpg,ORDER_Coleoptera,2025-01-28,19:52:05,,2025_01_28__19_52_05,MachineObservation,Cerro_Hoya_Expedition_Hoya_1204m_lightPotoro_2025-01-26_2025-01-28,Cerro_Hoya_Expedition_Hoya_1204m_lightPotoro_2025-01-26,lightPotoro_2025_01_28__19_52_05_HDR0.jpg,lightPotoro_2025_01_28__19_52_05_HDR0_0_Mothbot_yolo11m_4500_imgsz1600_b1_2024-01-18.pt.jpg
,Animalia,Arthropoda,Insecta,Lepidoptera,,,,,,,Lepidoptera,Lepidoptera,Cerro_Hoya_Expedition_Hoya_1204m_lightPotoro_2025-01-26,lightPotoro_2025_01_28__19_52_05_HDR0_1_Mothbot_yolo11m_4500_imgsz1600_b1_2024-01-18.pt.jpg,HS,Mothbot_yolo11m_4500_imgsz1600_b1_2024-01-18.pt,0.7469620108604431,,lightPotoro,Cerro_Hoya_Expedition/Hoya_1204m_lightPotoro_2025-01-26/2025-01-28/patches/lightPotoro_2025_01_28__19_52_05_HDR0_1_Mothbot_yolo11m_4500_imgsz1600_b1_2024-01-18.pt.jpg,ORDER_Lepidoptera,2025-01-28,19:52:05,,2025_01_28__19_52_05,MachineObservation,Cerro_Hoya_Expedition_Hoya_1204m_lightPotoro_2025-01-26_2025-01-28,Cerro_Hoya_Expedition_Hoya_1204m_lightPotoro_2025-01-26,lightPotoro_2025_01_28__19_52_05_HDR0.jpg,lightPotoro_2025_01_28__19_52_05_HDR0_1_Mothbot_yolo11m_4500_imgsz1600_b1_2024-01-18.pt.jpg
doi.org10.15468dl.6nxkw6.csv,Animalia,Arthropoda,Insecta,Coleoptera,Chrysomelidae,Diabrotica,,Diabrotica1,1048495,,Diabrotica,Diabrotica1,Cerro_Hoya_Expedition_Hoya_1204m_lightPotoro_2025-01-26,lightPotoro_2025_01_28__19_52_05_HDR0_2_Mothbot_yolo11m_4500_imgsz1600_b1_2024-01-18.pt.jpg,HS,Mothbot_yolo11m_4500_imgsz1600_b1_2024-01-18.pt,0.6436928510665894,,lightPotoro,Cerro_Hoya_Expedition/Hoya_1204m_lightPotoro_2025-01-26/2025-01-28/patches/lightPotoro_2025_01_28__19_52_05_HDR0_2_Mothbot_yolo11m_4500_imgsz1600_b1_2024-01-18.pt.jpg,ORDER_Coleoptera,2025-01-28,19:52:05,,2025_01_28__19_52_05,MachineObservation,Cerro_Hoya_Expedition_Hoya_1204m_lightPotoro_2025-01-26_2025-01-28,Cerro_Hoya_Expedition_Hoya_1204m_lightPotoro_2025-01-26,lightPotoro_2025_01_28__19_52_05_HDR0.jpg,lightPotoro_2025_01_28__19_52_05_HDR0_2_Mothbot_yolo11m_4500_imgsz1600_b1_2024-01-18.pt.jpg
doi.org10.15468dl.6nxkw6.csv,Animalia,Arthropoda,Insecta,Coleoptera,Chrysomelidae,Diabrotica,,Diabrotica1,1048495,,Diabrotica,Diabrotica1,Cerro_Hoya_Expedition_Hoya_1204m_lightPotoro_2025-01-26,lightPotoro_2025_01_28__19_53_05_HDR0_0_Mothbot_yolo11m_4500_imgsz1600_b1_2024-01-18.pt.jpg,HS,Mothbot_yolo11m_4500_imgsz1600_b1_2024-01-18.pt,0.7390146851539612,,lightPotoro,Cerro_Hoya_Expedition/Hoya_1204m_lightPotoro_2025-01-26/2025-01-28/patches/lightPotoro_2025_01_28__19_53_05_HDR0_0_Mothbot_yolo11m_4500_imgsz1600_b1_2024-01-18.pt.jpg,ORDER_Coleoptera,2025-01-28,19:53:05,,2025_01_28__19_53_05,MachineObservation,Cerro_Hoya_Expedition_Hoya_1204m_lightPotoro_2025-01-26_2025-01-28,Cerro_Hoya_Expedition_Hoya_1204m_lightPotoro_2025-01-26,lightPotoro_2025_01_28__19_53_05_HDR0.jpg,lightPotoro_2025_01_28__19_53_05_HDR0_0_Mothbot_yolo11m_4500_imgsz1600_b1_2024-01-18.pt.jpg
doi.org10.15468dl.6nxkw6.csv,Animalia,Arthropoda,Insecta,Lepidoptera,,,,,797,,Lepidoptera,Lepidoptera,Cerro_Hoya_Expedition_Hoya_1204m_lightPotoro_2025-01-26,lightPotoro_2025_01_28__19_53_05_HDR0_1_Mothbot_yolo11m_4500_imgsz1600_b1_2024-01-18.pt.jpg,HS,Mothbot_yolo11m_4500_imgsz1600_b1_2024-01-18.pt,0.7386215925216675,,lightPotoro,Cerro_Hoya_Expedition/Hoya_1204m_lightPotoro_2025-01-26/2025-01-28/patches/lightPotoro_2025_01_28__19_53_05_HDR0_1_Mothbot_yolo11m_4500_imgsz1600_b1_2024-01-18.pt.jpg,ORDER_Coleoptera,2025-01-28,19:53:05,,2025_01_28__19_53_05,MachineObservation,Cerro_Hoya_Expedition_Hoya_1204m_lightPotoro_2025-01-26_2025-01-28,Cerro_Hoya_Expedition_Hoya_1204m_lightPotoro_2025-01-26,lightPotoro_2025_01_28__19_53_05_HDR0.jpg,lightPotoro_2025_01_28__19_53_05_HDR0_1_Mothbot_yolo11m_4500_imgsz1600_b1_2024-01-18.pt.jpg
,Animalia,Arthropoda,Insecta,Hemiptera,,,,,,,Hemiptera,Hemiptera,Cerro_Hoya_Expedition_Hoya_1204m_lightPotoro_2025-01-26,lightPotoro_2025_01_28__19_53_05_HDR0_2_Mothbot_yolo11m_4500_imgsz1600_b1_2024-01-18.pt.jpg,HS,Mothbot_yolo11m_4500_imgsz1600_b1_2024-01-18.pt,0.7339215874671936,,lightPotoro,Cerro_Hoya_Expedition/Hoya_1204m_lightPotoro_2025-01-26/2025-01-28/patches/lightPotoro_2025_01_28__19_53_05_HDR0_2_Mothbot_yolo11m_4500_imgsz1600_b1_2024-01-18.pt.jpg,ORDER_Hemiptera,2025-01-28,19:53:05,,2025_01_28__19_53_05,MachineObservation,Cerro_Hoya_Expedition_Hoya_1204m_lightPotoro_2025-01-26_2025-01-28,Cerro_Hoya_Expedition_Hoya_1204m_lightPotoro_2025-01-26,lightPotoro_2025_01_28__19_53_05_HDR0.jpg,lightPotoro_2025_01_28__19_53_05_HDR0_2_Mothbot_yolo11m_4500_imgsz1600_b1_2024-01-18.pt.jpg
,Animalia,Arthropoda,Insecta,Hemiptera,,,,,,,Hemiptera,Hemiptera,Cerro_Hoya_Expedition_Hoya_1204m_lightPotoro_2025-01-26,lightPotoro_2025_01_28__19_54_06_HDR0_0_Mothbot_yolo11m_4500_imgsz1600_b1_2024-01-18.pt.jpg,HS,Mothbot_yolo11m_4500_imgsz1600_b1_2024-01-18.pt,0.6566992402076721,,lightPotoro,Cerro_Hoya_Expedition/Hoya_1204m_lightPotoro_2025-01-26/2025-01-28/patches/lightPotoro_2025_01_28__19_54_06_HDR0_0_Mothbot_yolo11m_4500_imgsz1600_b1_2024-01-18.pt.jpg,ORDER_Hemiptera,2025-01-28,19:54:06,,2025_01_28__19_54_06,MachineObservation,Cerro_Hoya_Expedition_Hoya_1204m_lightPotoro_2025-01-26_2025-01-28,Cerro_Hoya_Expedition_Hoya_1204m_lightPotoro_2025-01-26,lightPotoro_2025_01_28__19_54_06_HDR0.jpg,lightPotoro_2025_01_28__19_54_06_HDR0_0_Mothbot_yolo11m_4500_imgsz1600_b1_2024-01-18.pt.jpg
doi.org10.15468dl.6nxkw6.csv,Animalia,Arthropoda,Insecta,Coleoptera,Chrysomelidae,Diabrotica,,Diabrotica1,1048495,,Diabrotica,Diabrotica1,Cerro_Hoya_Expedition_Hoya_1204m_lightPotoro_2025-01-26,lightPotoro_2025_01_28__19_54_06_HDR0_1_Mothbot_yolo11m_4500_imgsz1600_b1_2024-01-18.pt.jpg,HS,Mothbot_yolo11m_4500_imgsz1600_b1_2024-01-18.pt,0.6527283787727356,,lightPotoro,Cerro_Hoya_Expedition/Hoya_1204m_lightPotoro_2025-01-26/2025-01-28/patches/lightPotoro_2025_01_28__19_54_06_HDR0_1_Mothbot_yolo11m_4500_imgsz1600_b1_2024-01-18.pt.jpg,ORDER_Coleoptera,2025-01-28,19:54:06,,2025_01_28__19_54_06,MachineObservation,Cerro_Hoya_Expedition_Hoya_1204m_lightPotoro_2025-01-26_2025-01-28,Cerro_Hoya_Expedition_Hoya_1204m_lightPotoro_2025-01-26,lightPotoro_2025_01_28__19_54_06_HDR0.jpg,lightPotoro_2025_01_28__19_54_06_HDR0_1_Mothbot_yolo11m_4500_imgsz1600_b1_2024-01-18.pt.jpg
,Animalia,Arthropoda,Insecta,Lepidoptera,,,,,,,Lepidoptera,Lepidoptera,Cerro_Hoya_Expedition_Hoya_1204m_lightPotoro_2025-01-26,lightPotoro_2025_01_28__19_55_06_HDR0_0_Mothbot_yolo11m_4500_imgsz1600_b1_2024-01-18.pt.jpg,HS,Mothbot_yolo11m_4500_imgsz1600_b1_2024-01-18.pt,0.8290995359420776,,lightPotoro,Cerro_Hoya_Expedition/Hoya_1204m_lightPotoro_2025-01-26/2025-01-28/patches/lightPotoro_2025_01_28__19_55_06_HDR0_0_Mothbot_yolo11m_4500_imgsz1600_b1_2024-01-18.pt.jpg,ORDER_Lepidoptera,2025-01-28,19:55:06,,2025_01_28__19_55_06,MachineObservation,Cerro_Hoya_Expedition_Hoya_1204m_lightPotoro_2025-01-26_2025-01-28,Cerro_Hoya_Expedition_Hoya_1204m_lightPotoro_2025-01-26,lightPotoro_2025_01_28__19_55_06_HDR0.jpg,lightPotoro_2025_01_28__19_55_06_HDR0_0_Mothbot_yolo11m_4500_imgsz1600_b1_2024-01-18.pt.jpg
doi.org10.15468dl.6nxkw6.csv,Animalia,Arthropoda,Insecta,Coleoptera,Chrysomelidae,Diabrotica,,Diabrotica1,1048495,,Diabrotica,Diabrotica1,Cerro_Hoya_Expedition_Hoya_1204m_lightPotoro_2025-01-26,lightPotoro_2025_01_28__19_55_06_HDR0_1_Mothbot_yolo11m_4500_imgsz1600_b1_2024-01-18.pt.jpg,HS,Mothbot_yolo11m_4500_imgsz1600_b1_2024-01-18.pt,0.6960085034370422,,lightPotoro,Cerro_Hoya_Expedition/Hoya_1204m_lightPotoro_2025-01-26/2025-01-28/patches/lightPotoro_2025_01_28__19_55_06_HDR0_1_Mothbot_yolo11m_4500_imgsz1600_b1_2024-01-18.pt.jpg,ORDER_Coleoptera,2025-01-28,19:55:06,,2025_01_28__19_55_06,MachineObservation,Cerro_Hoya_Expedition_Hoya_1204m_lightPotoro_2025-01-26_2025-01-28,Cerro_Hoya_Expedition_Hoya_1204m_lightPotoro_2025-01-26,lightPotoro_2025_01_28__19_55_06_HDR0.jpg,lightPotoro_2025_01_28__19_55_06_HDR0_1_Mothbot_yolo11m_4500_imgsz1600_b1_2024-01-18.pt.jpg
,Animalia,Arthropoda,Insecta,Hemiptera,,,,,,,Hemiptera,Hemiptera,Cerro_Hoya_Expedition_Hoya_1204m_lightPotoro_2025-01-26,lightPotoro_2025_01_28__19_55_06_HDR0_2_Mothbot_yolo11m_4500_imgsz1600_b1_2024-01-18.pt.jpg,HS,Mothbot_yolo11m_4500_imgsz1600_b1_2024-01-18.pt,0.6462897062301636,,lightPotoro,Cerro_Hoya_Expedition/Hoya_1204m_lightPotoro_2025-01-26/2025-01-28/patches/lightPotoro_2025_01_28__19_55_06_HDR0_2_Mothbot_yolo11m_4500_imgsz1600_b1_2024-01-18.pt.jpg,ORDER_Hemiptera,2025-01-28,19:55:06,,2025_01_28__19_55_06,MachineObservation,Cerro_Hoya_Expedition_Hoya_1204m_lightPotoro_2025-01-26_2025-01-28,Cerro_Hoya_Expedition_Hoya_1204m_lightPotoro_2025-01-26,lightPotoro_2025_01_28__19_55_06_HDR0.jpg,lightPotoro_2025_01_28__19_55_06_HDR0_2_Mothbot_yolo11m_4500_imgsz1600_b1_2024-01-18.pt.jpg
doi.org10.15468dl.6nxkw6.csv,Animalia,Arthropoda,Insecta,Coleoptera,Chrysomelidae,,,Chrysomelidae16,7780,,Chrysomelidae,Chrysomelidae16,Cerro_Hoya_Expedition_Hoya_1204m_lightPotoro_2025-01-26,lightPotoro_2025_01_28__19_56_06_HDR0_0_Mothbot_yolo11m_4500_imgsz1600_b1_2024-01-18.pt.jpg,HS,Mothbot_yolo11m_4500_imgsz1600_b1_2024-01-18.pt,0.7543846964836121,,lightPotoro,Cerro_Hoya_Expedition/Hoya_1204m_lightPotoro_2025-01-26/2025-01-28/patches/lightPotoro_2025_01_28__19_56_06_HDR0_0_Mothbot_yolo11m_4500_imgsz1600_b1_2024-01-18.pt.jpg,ORDER_Coleoptera,2025-01-28,19:56:06,,2025_01_28__19_56_06,MachineObservation,Cerro_Hoya_Expedition_Hoya_1204m_lightPotoro_2025-01-26_2025-01-28,Cerro_Hoya_Expedition_Hoya_1204m_lightPotoro_2025-01-26,lightPotoro_2025_01_28__19_56_06_HDR0.jpg,lightPotoro_2025_01_28__19_56_06_HDR0_0_Mothbot_yolo11m_4500_imgsz1600_b1_2024-01-18.pt.jpg
,Animalia,Arthropoda,Insecta,Hemiptera,,,,,,,Hemiptera,Hemiptera,Cerro_Hoya_Expedition_Hoya_1204m_lightPotoro_2025-01-26,lightPotoro_2025_01_28__19_56_06_HDR0_1_Mothbot_yolo11m_4500_imgsz1600_b1_2024-01-18.pt.jpg,HS,Mothbot_yolo11m_4500_imgsz1600_b1_2024-01-18.pt,0.7419808506965637,,lightPotoro,Cerro_Hoya_Expedition/Hoya_1204m_lightPotoro_2025-01-26/2025-01-28/patches/lightPotoro_2025_01_28__19_56_06_HDR0_1_Mothbot_yolo11m_4500_imgsz1600_b1_2024-01-18.pt.jpg,ORDER_Hemiptera,2025-01-28,19:56:06,,2025_01_28__19_56_06,MachineObservation,Cerro_Hoya_Expedition_Hoya_1204m_lightPotoro_2025-01-26_2025-01-28,Cerro_Hoya_Expedition_Hoya_1204m_lightPotoro_2025-01-26,lightPotoro_2025_01_28__19_56_06_HDR0.jpg,lightPotoro_2025_01_28__19_56_06_HDR0_1_Mothbot_yolo11m_4500_imgsz1600_b1_2024-01-18.pt.jpg
doi.org10.15468dl.6nxkw6.csv,Animalia,Arthropoda,Insecta,Coleoptera,Chrysomelidae,Diabrotica,,Diabrotica1,1048495,,Diabrotica,Diabrotica1,Cerro_Hoya_Expedition_Hoya_1204m_lightPotoro_2025-01-26,lightPotoro_2025_01_28__19_56_06_HDR0_2_Mothbot_yolo11m_4500_imgsz1600_b1_2024-01-18.pt.jpg,HS,Mothbot_yolo11m_4500_imgsz1600_b1_2024-01-18.pt,0.5614782571792603,,lightPotoro,Cerro_Hoya_Expedition/Hoya_1204m_lightPotoro_2025-01-26/2025-01-28/patches/lightPotoro_2025_01_28__19_56_06_HDR0_2_Mothbot_yolo11m_4500_imgsz1600_b1_2024-01-18.pt.jpg,ORDER_Coleoptera,2025-01-28,19:56:06,,2025_01_28__19_56_06,MachineObservation,Cerro_Hoya_Expedition_Hoya_1204m_lightPotoro_2025-01-26_2025-01-28,Cerro_Hoya_Expedition_Hoya_1204m_lightPotoro_2025-01-26,lightPotoro_2025_01_28__19_56_06_HDR0.jpg,lightPotoro_2025_01_28__19_56_06_HDR0_2_Mothbot_yolo11m_4500_imgsz1600_b1_2024-01-18.pt.jpg
doi.org10.15468dl.6nxkw6.csv,Animalia,Arthropoda,Insecta,Coleoptera,Chrysomelidae,,,Chrysomelidae16,7780,,Chrysomelidae,Chrysomelidae16,Cerro_Hoya_Expedition_Hoya_1204m_lightPotoro_2025-01-26,lightPotoro_2025_01_28__19_57_22_HDR0_0_Mothbot_yolo11m_4500_imgsz1600_b1_2024-01-18.pt.jpg,HS,Mothbot_yolo11m_4500_imgsz1600_b1_2024-01-18.pt,0.799606204032898,,lightPotoro,Cerro_Hoya_Expedition/Hoya_1204m_lightPotoro_2025-01-26/2025-01-28/patches/lightPotoro_2025_01_28__19_57_22_HDR0_0_Mothbot_yolo11m_4500_imgsz1600_b1_2024-01-18.pt.jpg,ORDER_Diptera,2025-01-28,19:57:22,,2025_01_28__19_57_22,MachineObservation,Cerro_Hoya_Expedition_Hoya_1204m_lightPotoro_2025-01-26_2025-01-28,Cerro_Hoya_Expedition_Hoya_1204m_lightPotoro_2025-01-26,lightPotoro_2025_01_28__19_57_22_HDR0.jpg,lightPotoro_2025_01_28__19_57_22_HDR0_0_Mothbot_yolo11m_4500_imgsz1600_b1_2024-01-18.pt.jpg
,Animalia,Arthropoda,Insecta,Hemiptera,,,,,,,Hemiptera,Hemiptera,Cerro_Hoya_Expedition_Hoya_1204m_lightPotoro_2025-01-26,lightPotoro_2025_01_28__19_57_22_HDR0_1_Mothbot_yolo11m_4500_imgsz1600_b1_2024-01-18.pt.jpg,HS,Mothbot_yolo11m_4500_imgsz1600_b1_2024-01-18.pt,0.7949879765510559,,lightPotoro,Cerro_Hoya_Expedition/Hoya_1204m_lightPotoro_2025-01-26/2025-01-28/patches/lightPotoro_2025_01_28__19_57_22_HDR0_1_Mothbot_yolo11m_4500_imgsz1600_b1_2024-01-18.pt.jpg,ORDER_Hemiptera,2025-01-28,19:57:22,,2025_01_28__19_57_22,MachineObservation,Cerro_Hoya_Expedition_Hoya_1204m_lightPotoro_2025-01-26_2025-01-28,Cerro_Hoya_Expedition_Hoya_1204m_lightPotoro_2025-01-26,lightPotoro_2025_01_28__19_57_22_HDR0.jpg,lightPotoro_2025_01_28__19_57_22_HDR0_1_Mothbot_yolo11m_4500_imgsz1600_b1_2024-01-18.pt.jpg
,Animalia,Arthropoda,Insecta,Hemiptera,,,,,,,Hemiptera,Hemiptera,Cerro_Hoya_Expedition_Hoya_1204m_lightPotoro_2025-01-26,lightPotoro_2025_01_28__19_57_22_HDR0_2_Mothbot_yolo11m_4500_imgsz1600_b1_2024-01-18.pt.jpg,HS,Mothbot_yolo11m_4500_imgsz1600_b1_2024-01-18.pt,0.7535876035690308,,lightPotoro,Cerro_Hoya_Expedition/Hoya_1204m_lightPotoro_2025-01-26/2025-01-28/patches/lightPotoro_2025_01_28__19_57_22_HDR0_2_Mothbot_yolo11m_4500_imgsz1600_b1_2024-01-18.pt.jpg,ORDER_Hemiptera,2025-01-28,19:57:22,,2025_01_28__19_57_22,MachineObservation,Cerro_Hoya_Expedition_Hoya_1204m_lightPotoro_2025-01-26_2025-01-28,Cerro_Hoya_Expedition_Hoya_1204m_lightPotoro_2025-01-26,lightPotoro_2025_01_28__19_57_22_HDR0.jpg,lightPotoro_2025_01_28__19_57_22_HDR0_2_Mothbot_yolo11m_4500_imgsz1600_b1_2024-01-18.pt.jpg
doi.org10.15468dl.6nxkw6.csv,Animalia,Arthropoda,Insecta,Hemiptera,,,,,,,Hemiptera,Hemiptera,Cerro_Hoya_Expedition_Hoya_1204m_lightPotoro_2025-01-26,lightPotoro_2025_01_28__19_57_22_HDR0_3_Mothbot_yolo11m_4500_imgsz1600_b1_2024-01-18.pt.jpg,HS,Mothbot_yolo11m_4500_imgsz1600_b1_2024-01-18.pt,0.7281022071838379,,lightPotoro,Cerro_Hoya_Expedition/Hoya_1204m_lightPotoro_2025-01-26/2025-01-28/patches/lightPotoro_2025_01_28__19_57_22_HDR0_3_Mothbot_yolo11m_4500_imgsz1600_b1_2024-01-18.pt.jpg,ORDER_Psocodea,2025-01-28,19:57:22,,2025_01_28__19_57_22,MachineObservation,Cerro_Hoya_Expedition_Hoya_1204m_lightPotoro_2025-01-26_2025-01-28,Cerro_Hoya_Expedition_Hoya_1204m_lightPotoro_2025-01-26,lightPotoro_2025_01_28__19_57_22_HDR0.jpg,lightPotoro_2025_01_28__19_57_22_HDR0_3_Mothbot_yolo11m_4500_imgsz1600_b1_2024-01-18.pt.jpg
doi.org10.15468dl.6nxkw6.csv,Animalia,Arthropoda,Insecta,Coleoptera,Chrysomelidae,Diabrotica,,Diabrotica1,1048495,,Diabrotica,Diabrotica1,Cerro_Hoya_Expedition_Hoya_1204m_lightPotoro_2025-01-26,lightPotoro_2025_01_28__19_57_22_HDR0_4_Mothbot_yolo11m_4500_imgsz1600_b1_2024-01-18.pt.jpg,HS,Mothbot_yolo11m_4500_imgsz1600_b1_2024-01-18.pt,0.726872444152832,,lightPotoro,Cerro_Hoya_Expedition/Hoya_1204m_lightPotoro_2025-01-26/2025-01-28/patches/lightPotoro_2025_01_28__19_57_22_HDR0_4_Mothbot_yolo11m_4500_imgsz1600_b1_2024-01-18.pt.jpg,ORDER_Coleoptera,2025-01-28,19:57:22,,2025_01_28__19_57_22,MachineObservation,Cerro_Hoya_Expedition_Hoya_1204m_lightPotoro_2025-01-26_2025-01-28,Cerro_Hoya_Expedition_Hoya_1204m_lightPotoro_2025-01-26,lightPotoro_2025_01_28__19_57_22_HDR0.jpg,lightPotoro_2025_01_28__19_57_22_HDR0_4_Mothbot_yolo11m_4500_imgsz1600_b1_2024-01-18.pt.jpg
doi.org10.15468dl.6nxkw6.csv,Animalia,Arthropoda,Insecta,Coleoptera,Chrysomelidae,,,Chrysomelidae16,7780,,Chrysomelidae,Chrysomelidae16,Cerro_Hoya_Expedition_Hoya_1204m_lightPotoro_2025-01-26,lightPotoro_2025_01_28__19_58_05_HDR0_0_Mothbot_yolo11m_4500_imgsz1600_b1_2024-01-18.pt.jpg,HS,Mothbot_yolo11m_4500_imgsz1600_b1_2024-01-18.pt,0.8319255113601685,,lightPotoro,Cerro_Hoya_Expedition/Hoya_1204m_lightPotoro_2025-01-26/2025-01-28/patches/lightPotoro_2025_01_28__19_58_05_HDR0_0_Mothbot_yolo11m_4500_imgsz1600_b1_2024-01-18.pt.jpg,ORDER_Hemiptera,2025-01-28,19:58:05,,2025_01_28__19_58_05,MachineObservation,Cerro_Hoya_Expedition_Hoya_1204m_lightPotoro_2025-01-26_2025-01-28,Cerro_Hoya_Expedition_Hoya_1204m_lightPotoro_2025-01-26,lightPotoro_2025_01_28__19_58_05_HDR0.jpg,lightPotoro_2025_01_28__19_58_05_HDR0_0_Mothbot_yolo11m_4500_imgsz1600_b1_2024-01-18.pt.jpg
,Animalia,Arthropoda,Insecta,Lepidoptera,,,,,,,Lepidoptera,Lepidoptera,Cerro_Hoya_Expedition_Hoya_1204m_lightPotoro_2025-01-26,lightPotoro_2025_01_28__19_58_05_HDR0_1_Mothbot_yolo11m_4500_imgsz1600_b1_2024-01-18.pt.jpg,HS,Mothbot_yolo11m_4500_imgsz1600_b1_2024-01-18.pt,0.7985266447067261,,lightPotoro,Cerro_Hoya_Expedition/Hoya_1204m_lightPotoro_2025-01-26/2025-01-28/patches/lightPotoro_2025_01_28__19_58_05_HDR0_1_Mothbot_yolo11m_4500_imgsz1600_b1_2024-01-18.pt.jpg,ORDER_Lepidoptera,2025-01-28,19:58:05,,2025_01_28__19_58_05,MachineObservation,Cerro_Hoya_Expedition_Hoya_1204m_lightPotoro_2025-01-26_2025-01-28,Cerro_Hoya_Expedition_Hoya_1204m_lightPotoro_2025-01-26,lightPotoro_2025_01_28__19_58_05_HDR0.jpg,lightPotoro_2025_01_28__19_58_05_HDR0_1_Mothbot_yolo11m_4500_imgsz1600_b1_2024-01-18.pt.jpg
,Animalia,Arthropoda,Insecta,Hemiptera,,,,,,,Hemiptera,Hemiptera,Cerro_Hoya_Expedition_Hoya_1204m_lightPotoro_2025-01-26,lightPotoro_2025_01_28__19_58_05_HDR0_2_Mothbot_yolo11m_4500_imgsz1600_b1_2024-01-18.pt.jpg,HS,Mothbot_yolo11m_4500_imgsz1600_b1_2024-01-18.pt,0.7295769453048706,,lightPotoro,Cerro_Hoya_Expedition/Hoya_1204m_lightPotoro_2025-01-26/2025-01-28/patches/lightPotoro_2025_01_28__19_58_05_HDR0_2_Mothbot_yolo11m_4500_imgsz1600_b1_2024-01-18.pt.jpg,ORDER_Hemiptera,2025-01-28,19:58:05,,2025_01_28__19_58_05,MachineObservation,Cerro_Hoya_Expedition_Hoya_1204m_lightPotoro_2025-01-26_2025-01-28,Cerro_Hoya_Expedition_Hoya_1204m_lightPotoro_2025-01-26,lightPotoro_2025_01_28__19_58_05_HDR0.jpg,lightPotoro_2025_01_28__19_58_05_HDR0_2_Mothbot_yolo11m_4500_imgsz1600_b1_2024-01-18.pt.jpg
doi.org10.15468dl.6nxkw6.csv,Animalia,Arthropoda,Insecta,Coleoptera,Chrysomelidae,Diabrotica,,Diabrotica1,1048495,,Diabrotica,Diabrotica1,Cerro_Hoya_Expedition_Hoya_1204m_lightPotoro_2025-01-26,lightPotoro_2025_01_28__19_58_05_HDR0_3_Mothbot_yolo11m_4500_imgsz1600_b1_2024-01-18.pt.jpg,HS,Mothbot_yolo11m_4500_imgsz1600_b1_2024-01-18.pt,0.7248309254646301,,lightPotoro,Cerro_Hoya_Expedition/Hoya_1204m_lightPotoro_2025-01-26/2025-01-28/patches/lightPotoro_2025_01_28__19_58_05_HDR0_3_Mothbot_yolo11m_4500_imgsz1600_b1_2024-01-18.pt.jpg,ORDER_Coleoptera,2025-01-28,19:58:05,,2025_01_28__19_58_05,MachineObservation,Cerro_Hoya_Expedition_Hoya_1204m_lightPotoro_2025-01-26_2025-01-28,Cerro_Hoya_Expedition_Hoya_1204m_lightPotoro_2025-01-26,lightPotoro_2025_01_28__19_58_05_HDR0.jpg,lightPotoro_2025_01_28__19_58_05_HDR0_3_Mothbot_yolo11m_4500_imgsz1600_b1_2024-01-18.pt.jpg
,Animalia,Arthropoda,Insecta,Hemiptera,,,,,,,Hemiptera,Hemiptera,Cerro_Hoya_Expedition_Hoya_1204m_lightPotoro_2025-01-26,lightPotoro_2025_01_28__19_58_05_HDR0_4_Mothbot_yolo11m_4500_imgsz1600_b1_2024-01-18.pt.jpg,HS,Mothbot_yolo11m_4500_imgsz1600_b1_2024-01-18.pt,0.723895788192749,,lightPotoro,Cerro_Hoya_Expedition/Hoya_1204m_lightPotoro_2025-01-26/2025-01-28/patches/lightPotoro_2025_01_28__19_58_05_HDR0_4_Mothbot_yolo11m_4500_imgsz1600_b1_2024-01-18.pt.jpg,ORDER_Hemiptera,2025-01-28,19:58:05,,2025_01_28__19_58_05,MachineObservation,Cerro_Hoya_Expedition_Hoya_1204m_lightPotoro_2025-01-26_2025-01-28,Cerro_Hoya_Expedition_Hoya_1204m_lightPotoro_2025-01-26,lightPotoro_2025_01_28__19_58_05_HDR0.jpg,lightPotoro_2025_01_28__19_58_05_HDR0_4_Mothbot_yolo11m_4500_imgsz1600_b1_2024-01-18.pt.jpg
,Animalia,Arthropoda,Insecta,Lepidoptera,,,,,,,Lepidoptera,Lepidoptera,Cerro_Hoya_Expedition_Hoya_1204m_lightPotoro_2025-01-26,lightPotoro_2025_01_28__19_59_06_HDR0_0_Mothbot_yolo11m_4500_imgsz1600_b1_2024-01-18.pt.jpg,HS,Mothbot_yolo11m_4500_imgsz1600_b1_2024-01-18.pt,0.8187127709388733,,lightPotoro,Cerro_Hoya_Expedition/Hoya_1204m_lightPotoro_2025-01-26/2025-01-28/patches/lightPotoro_2025_01_28__19_59_06_HDR0_0_Mothbot_yolo11m_4500_imgsz1600_b1_2024-01-18.pt.jpg,ORDER_Lepidoptera,2025-01-28,19:59:06,,2025_01_28__19_59_06,MachineObservation,Cerro_Hoya_Expedition_Hoya_1204m_lightPotoro_2025-01-26_2025-01-28,Cerro_Hoya_Expedition_Hoya_1204m_lightPotoro_2025-01-26,lightPotoro_2025_01_28__19_59_06_HDR0.jpg,lightPotoro_2025_01_28__19_59_06_HDR0_0_Mothbot_yolo11m_4500_imgsz1600_b1_2024-01-18.pt.jpg
doi.org10.15468dl.6nxkw6.csv,Animalia,Arthropoda,Insecta,Coleoptera,Chrysomelidae,Diabrotica,,Diabrotica1,1048495,,Diabrotica,Diabrotica1,Cerro_Hoya_Expedition_Hoya_1204m_lightPotoro_2025-01-26,lightPotoro_2025_01_28__19_59_06_HDR0_1_Mothbot_yolo11m_4500_imgsz1600_b1_2024-01-18.pt.jpg,HS,Mothbot_yolo11m_4500_imgsz1600_b1_2024-01-18.pt,0.7672143578529358,,lightPotoro,Cerro_Hoya_Expedition/Hoya_1204m_lightPotoro_2025-01-26/2025-01-28/patches/lightPotoro_2025_01_28__19_59_06_HDR0_1_Mothbot_yolo11m_4500_imgsz1600_b1_2024-01-18.pt.jpg,ORDER_Coleoptera,2025-01-28,19:59:06,,2025_01_28__19_59_06,MachineObservation,Cerro_Hoya_Expedition_Hoya_1204m_lightPotoro_2025-01-26_2025-01-28,Cerro_Hoya_Expedition_Hoya_1204m_lightPotoro_2025-01-26,lightPotoro_2025_01_28__19_59_06_HDR0.jpg,lightPotoro_2025_01_28__19_59_06_HDR0_1_Mothbot_yolo11m_4500_imgsz1600_b1_2024-01-18.pt.jpg
,Animalia,Arthropoda,Insecta,Hemiptera,,,,,,,Hemiptera,Hemiptera,Cerro_Hoya_Expedition_Hoya_1204m_lightPotoro_2025-01-26,lightPotoro_2025_01_28__19_59_06_HDR0_2_Mothbot_yolo11m_4500_imgsz1600_b1_2024-01-18.pt.jpg,HS,Mothbot_yolo11m_4500_imgsz1600_b1_2024-01-18.pt,0.7635647058486938,,lightPotoro,Cerro_Hoya_Expedition/Hoya_1204m_lightPotoro_2025-01-26/2025-01-28/patches/lightPotoro_2025_01_28__19_59_06_HDR0_2_Mothbot_yolo11m_4500_imgsz1600_b1_2024-01-18.pt.jpg,ORDER_Hemiptera,2025-01-28,19:59:06,,2025_01_28__19_59_06,MachineObservation,Cerro_Hoya_Expedition_Hoya_1204m_lightPotoro_2025-01-26_2025-01-28,Cerro_Hoya_Expedition_Hoya_1204m_lightPotoro_2025-01-26,lightPotoro_2025_01_28__19_59_06_HDR0.jpg,lightPotoro_2025_01_28__19_59_06_HDR0_2_Mothbot_yolo11m_4500_imgsz1600_b1_2024-01-18.pt.jpg
,Animalia,Arthropoda,Insecta,Hemiptera,,,,,,,Hemiptera,Hemiptera,Cerro_Hoya_Expedition_Hoya_1204m_lightPotoro_2025-01-26,lightPotoro_2025_01_28__19_59_06_HDR0_3_Mothbot_yolo11m_4500_imgsz1600_b1_2024-01-18.pt.jpg,HS,Mothbot_yolo11m_4500_imgsz1600_b1_2024-01-18.pt,0.6885571479797363,,lightPotoro,Cerro_Hoya_Expedition/Hoya_1204m_lightPotoro_2025-01-26/2025-01-28/patches/lightPotoro_2025_01_28__19_59_06_HDR0_3_Mothbot_yolo11m_4500_imgsz1600_b1_2024-01-18.pt.jpg,ORDER_Hemiptera,2025-01-28,19:59:06,,2025_01_28__19_59_06,MachineObservation,Cerro_Hoya_Expedition_Hoya_1204m_lightPotoro_2025-01-26_2025-01-28,Cerro_Hoya_Expedition_Hoya_1204m_lightPotoro_2025-01-26,lightPotoro_2025_01_28__19_59_06_HDR0.jpg,lightPotoro_2025_01_28__19_59_06_HDR0_3_Mothbot_yolo11m_4500_imgsz1600_b1_2024-01-18.pt.jpg
doi.org10.15468dl.6nxkw6.csv,Animalia,Arthropoda,Insecta,Coleoptera,Chrysomelidae,,,Chrysomelidae16,7780,,Chrysomelidae,Chrysomelidae16,Cerro_Hoya_Expedition_Hoya_1204m_lightPotoro_2025-01-26,lightPotoro_2025_01_28__19_59_06_HDR0_4_Mothbot_yolo11m_4500_imgsz1600_b1_2024-01-18.pt.jpg,HS,Mothbot_yolo11m_4500_imgsz1600_b1_2024-01-18.pt,0.6559825539588928,,lightPotoro,Cerro_Hoya_Expedition/Hoya_1204m_lightPotoro_2025-01-26/2025-01-28/patches/lightPotoro_2025_01_28__19_59_06_HDR0_4_Mothbot_yolo11m_4500_imgsz1600_b1_2024-01-18.pt.jpg,ORDER_Coleoptera,2025-01-28,19:59:06,,2025_01_28__19_59_06,MachineObservation,Cerro_Hoya_Expedition_Hoya_1204m_lightPotoro_2025-01-26_2025-01-28,Cerro_Hoya_Expedition_Hoya_1204m_lightPotoro_2025-01-26,lightPotoro_2025_01_28__19_59_06_HDR0.jpg,lightPotoro_2025_01_28__19_59_06_HDR0_4_Mothbot_yolo11m_4500_imgsz1600_b1_2024-01-18.pt.jpg
doi.org10.15468dl.6nxkw6.csv,Animalia,Arthropoda,Insecta,Coleoptera,Chrysomelidae,,,Diabroticina1,7780,,Chrysomelidae,Diabroticina1,Cerro_Hoya_Expedition_Hoya_1204m_lightPotoro_2025-01-26,lightPotoro_2025_01_28__21_05_06_HDR0_0_Mothbot_yolo11m_4500_imgsz1600_b1_2024-01-18.pt.jpg,HS,Mothbot_yolo11m_4500_imgsz1600_b1_2024-01-18.pt,0.6354691982269287,,lightPotoro,Cerro_Hoya_Expedition/Hoya_1204m_lightPotoro_2025-01-26/2025-01-28/patches/lightPotoro_2025_01_28__21_05_06_HDR0_0_Mothbot_yolo11m_4500_imgsz1600_b1_2024-01-18.pt.jpg,ORDER_Coleoptera,2025-01-28,21:05:06,,2025_01_28__21_05_06,MachineObservation,Cerro_Hoya_Expedition_Hoya_1204m_lightPotoro_2025-01-26_2025-01-28,Cerro_Hoya_Expedition_Hoya_1204m_lightPotoro_2025-01-26,lightPotoro_2025_01_28__21_05_06_HDR0.jpg,lightPotoro_2025_01_28__21_05_06_HDR0_0_Mothbot_yolo11m_4500_imgsz1600_b1_2024-01-18.pt.jpg
,Animalia,Arthropoda,Insecta,Diptera,,,,,,,Diptera,Diptera,Cerro_Hoya_Expedition_Hoya_1204m_lightPotoro_2025-01-26,lightPotoro_2025_01_28__21_18_06_HDR0_0_Mothbot_yolo11m_4500_imgsz1600_b1_2024-01-18.pt.jpg,HS,Mothbot_yolo11m_4500_imgsz1600_b1_2024-01-18.pt,0.8054347038269043,,lightPotoro,Cerro_Hoya_Expedition/Hoya_1204m_lightPotoro_2025-01-26/2025-01-28/patches/lightPotoro_2025_01_28__21_18_06_HDR0_0_Mothbot_yolo11m_4500_imgsz1600_b1_2024-01-18.pt.jpg,ORDER_Diptera,2025-01-28,21:18:06,,2025_01_28__21_18_06,MachineObservation,Cerro_Hoya_Expedition_Hoya_1204m_lightPotoro_2025-01-26_2025-01-28,Cerro_Hoya_Expedition_Hoya_1204m_lightPotoro_2025-01-26,lightPotoro_2025_01_28__21_18_06_HDR0.jpg,lightPotoro_2025_01_28__21_18_06_HDR0_0_Mothbot_yolo11m_4500_imgsz1600_b1_2024-01-18.pt.jpg
,Animalia,Arthropoda,Insecta,Diptera,,,,,,,Diptera,Diptera,Cerro_Hoya_Expedition_Hoya_1204m_lightPotoro_2025-01-26,lightPotoro_2025_01_28__21_19_06_HDR0_0_Mothbot_yolo11m_4500_imgsz1600_b1_2024-01-18.pt.jpg,HS,Mothbot_yolo11m_4500_imgsz1600_b1_2024-01-18.pt,0.7915276288986206,,lightPotoro,Cerro_Hoya_Expedition/Hoya_1204m_lightPotoro_2025-01-26/2025-01-28/patches/lightPotoro_2025_01_28__21_19_06_HDR0_0_Mothbot_yolo11m_4500_imgsz1600_b1_2024-01-18.pt.jpg,ORDER_Diptera,2025-01-28,21:19:06,,2025_01_28__21_19_06,MachineObservation,Cerro_Hoya_Expedition_Hoya_1204m_lightPotoro_2025-01-26_2025-01-28,Cerro_Hoya_Expedition_Hoya_1204m_lightPotoro_2025-01-26,lightPotoro_2025_01_28__21_19_06_HDR0.jpg,lightPotoro_2025_01_28__21_19_06_HDR0_0_Mothbot_yolo11m_4500_imgsz1600_b1_2024-01-18.pt.jpg
,Animalia,Arthropoda,Insecta,Hemiptera,,,,,,,Hemiptera,Hemiptera,Cerro_Hoya_Expedition_Hoya_1204m_lightPotoro_2025-01-26,lightPotoro_2025_01_28__21_20_06_HDR0_0_Mothbot_yolo11m_4500_imgsz1600_b1_2024-01-18.pt.jpg,HS,Mothbot_yolo11m_4500_imgsz1600_b1_2024-01-18.pt,0.8274357914924622,,lightPotoro,Cerro_Hoya_Expedition/Hoya_1204m_lightPotoro_2025-01-26/2025-01-28/patches/lightPotoro_2025_01_28__21_20_06_HDR0_0_Mothbot_yolo11m_4500_imgsz1600_b1_2024-01-18.pt.jpg,ORDER_Hemiptera,2025-01-28,21:20:06,,2025_01_28__21_20_06,MachineObservation,Cerro_Hoya_Expedition_Hoya_1204m_lightPotoro_2025-01-26_2025-01-28,Cerro_Hoya_Expedition_Hoya_1204m_lightPotoro_2025-01-26,lightPotoro_2025_01_28__21_20_06_HDR0.jpg,lightPotoro_2025_01_28__21_20_06_HDR0_0_Mothbot_yolo11m_4500_imgsz1600_b1_2024-01-18.pt.jpg
,Animalia,Arthropoda,Insecta,Diptera,,,,,,,Diptera,Diptera,Cerro_Hoya_Expedition_Hoya_1204m_lightPotoro_2025-01-26,lightPotoro_2025_01_28__21_20_06_HDR0_1_Mothbot_yolo11m_4500_imgsz1600_b1_2024-01-18.pt.jpg,HS,Mothbot_yolo11m_4500_imgsz1600_b1_2024-01-18.pt,0.6413757801055908,,lightPotoro,Cerro_Hoya_Expedition/Hoya_1204m_lightPotoro_2025-01-26/2025-01-28/patches/lightPotoro_2025_01_28__21_20_06_HDR0_1_Mothbot_yolo11m_4500_imgsz1600_b1_2024-01-18.pt.jpg,ORDER_Diptera,2025-01-28,21:20:06,,2025_01_28__21_20_06,MachineObservation,Cerro_Hoya_Expedition_Hoya_1204m_lightPotoro_2025-01-26_2025-01-28,Cerro_Hoya_Expedition_Hoya_1204m_lightPotoro_2025-01-26,lightPotoro_2025_01_28__21_20_06_HDR0.jpg,lightPotoro_2025_01_28__21_20_06_HDR0_1_Mothbot_yolo11m_4500_imgsz1600_b1_2024-01-18.pt.jpg
,Animalia,Arthropoda,Insecta,Diptera,,,,,,,Diptera,Diptera,Cerro_Hoya_Expedition_Hoya_1204m_lightPotoro_2025-01-26,lightPotoro_2025_01_28__21_21_06_HDR0_0_Mothbot_yolo11m_4500_imgsz1600_b1_2024-01-18.pt.jpg,HS,Mothbot_yolo11m_4500_imgsz1600_b1_2024-01-18.pt,0.7796995639801025,,lightPotoro,Cerro_Hoya_Expedition/Hoya_1204m_lightPotoro_2025-01-26/2025-01-28/patches/lightPotoro_2025_01_28__21_21_06_HDR0_0_Mothbot_yolo11m_4500_imgsz1600_b1_2024-01-18.pt.jpg,ORDER_Diptera,2025-01-28,21:21:06,,2025_01_28__21_21_06,MachineObservation,Cerro_Hoya_Expedition_Hoya_1204m_lightPotoro_2025-01-26_2025-01-28,Cerro_Hoya_Expedition_Hoya_1204m_lightPotoro_2025-01-26,lightPotoro_2025_01_28__21_21_06_HDR0.jpg,lightPotoro_2025_01_28__21_21_06_HDR0_0_Mothbot_yolo11m_4500_imgsz1600_b1_2024-01-18.pt.jpg
,Animalia,Arthropoda,Insecta,Hemiptera,,,,,,,Hemiptera,Hemiptera,Cerro_Hoya_Expedition_Hoya_1204m_lightPotoro_2025-01-26,lightPotoro_2025_01_28__21_21_06_HDR0_1_Mothbot_yolo11m_4500_imgsz1600_b1_2024-01-18.pt.jpg,HS,Mothbot_yolo11m_4500_imgsz1600_b1_2024-01-18.pt,0.7325668334960938,,lightPotoro,Cerro_Hoya_Expedition/Hoya_1204m_lightPotoro_2025-01-26/2025-01-28/patches/lightPotoro_2025_01_28__21_21_06_HDR0_1_Mothbot_yolo11m_4500_imgsz1600_b1_2024-01-18.pt.jpg,ORDER_Hemiptera,2025-01-28,21:21:06,,2025_01_28__21_21_06,MachineObservation,Cerro_Hoya_Expedition_Hoya_1204m_lightPotoro_2025-01-26_2025-01-28,Cerro_Hoya_Expedition_Hoya_1204m_lightPotoro_2025-01-26,lightPotoro_2025_01_28__21_21_06_HDR0.jpg,lightPotoro_2025_01_28__21_21_06_HDR0_1_Mothbot_yolo11m_4500_imgsz1600_b1_2024-01-18.pt.jpg
,Animalia,Arthropoda,Insecta,Diptera,,,,,,,Diptera,Diptera,Cerro_Hoya_Expedition_Hoya_1204m_lightPotoro_2025-01-26,lightPotoro_2025_01_28__21_22_23_HDR0_0_Mothbot_yolo11m_4500_imgsz1600_b1_2024-01-18.pt.jpg,HS,Mothbot_yolo11m_4500_imgsz1600_b1_2024-01-18.pt,0.79726642370224,,lightPotoro,Cerro_Hoya_Expedition/Hoya_1204m_lightPotoro_2025-01-26/2025-01-28/patches/lightPotoro_2025_01_28__21_22_23_HDR0_0_Mothbot_yolo11m_4500_imgsz1600_b1_2024-01-18.pt.jpg,ORDER_Diptera,2025-01-28,21:22:23,,2025_01_28__21_22_23,MachineObservation,Cerro_Hoya_Expedition_Hoya_1204m_lightPotoro_2025-01-26_2025-01-28,Cerro_Hoya_Expedition_Hoya_1204m_lightPotoro_2025-01-26,lightPotoro_2025_01_28__21_22_23_HDR0.jpg,lightPotoro_2025_01_28__21_22_23_HDR0_0_Mothbot_yolo11m_4500_imgsz1600_b1_2024-01-18.pt.jpg
,Animalia,Arthropoda,Insecta,Hemiptera,,,,,,,Hemiptera,Hemiptera,Cerro_Hoya_Expedition_Hoya_1204m_lightPotoro_2025-01-26,lightPotoro_2025_01_28__21_22_23_HDR0_1_Mothbot_yolo11m_4500_imgsz1600_b1_2024-01-18.pt.jpg,HS,Mothbot_yolo11m_4500_imgsz1600_b1_2024-01-18.pt,0.7664223909378052,,lightPotoro,Cerro_Hoya_Expedition/Hoya_1204m_lightPotoro_2025-01-26/2025-01-28/patches/lightPotoro_2025_01_28__21_22_23_HDR0_1_Mothbot_yolo11m_4500_imgsz1600_b1_2024-01-18.pt.jpg,ORDER_Hemiptera,2025-01-28,21:22:23,,2025_01_28__21_22_23,MachineObservation,Cerro_Hoya_Expedition_Hoya_1204m_lightPotoro_2025-01-26_2025-01-28,Cerro_Hoya_Expedition_Hoya_1204m_lightPotoro_2025-01-26,lightPotoro_2025_01_28__21_22_23_HDR0.jpg,lightPotoro_2025_01_28__21_22_23_HDR0_1_Mothbot_yolo11m_4500_imgsz1600_b1_2024-01-18.pt.jpg
,Animalia,Arthropoda,Insecta,Diptera,,,,,,,Diptera,Diptera,Cerro_Hoya_Expedition_Hoya_1204m_lightPotoro_2025-01-26,lightPotoro_2025_01_28__21_23_06_HDR0_0_Mothbot_yolo11m_4500_imgsz1600_b1_2024-01-18.pt.jpg,HS,Mothbot_yolo11m_4500_imgsz1600_b1_2024-01-18.pt,0.8230130076408386,,lightPotoro,Cerro_Hoya_Expedition/Hoya_1204m_lightPotoro_2025-01-26/2025-01-28/patches/lightPotoro_2025_01_28__21_23_06_HDR0_0_Mothbot_yolo11m_4500_imgsz1600_b1_2024-01-18.pt.jpg,ORDER_Diptera,2025-01-28,21:23:06,,2025_01_28__21_23_06,MachineObservation,Cerro_Hoya_Expedition_Hoya_1204m_lightPotoro_2025-01-26_2025-01-28,Cerro_Hoya_Expedition_Hoya_1204m_lightPotoro_2025-01-26,lightPotoro_2025_01_28__21_23_06_HDR0.jpg,lightPotoro_2025_01_28__21_23_06_HDR0_0_Mothbot_yolo11m_4500_imgsz1600_b1_2024-01-18.pt.jpg
,Animalia,Arthropoda,Insecta,Hemiptera,,,,,,,Hemiptera,Hemiptera,Cerro_Hoya_Expedition_Hoya_1204m_lightPotoro_2025-01-26,lightPotoro_2025_01_28__21_23_06_HDR0_1_Mothbot_yolo11m_4500_imgsz1600_b1_2024-01-18.pt.jpg,HS,Mothbot_yolo11m_4500_imgsz1600_b1_2024-01-18.pt,0.8106222748756409,,lightPotoro,Cerro_Hoya_Expedition/Hoya_1204m_lightPotoro_2025-01-26/2025-01-28/patches/lightPotoro_2025_01_28__21_23_06_HDR0_1_Mothbot_yolo11m_4500_imgsz1600_b1_2024-01-18.pt.jpg,ORDER_Hemiptera,2025-01-28,21:23:06,,2025_01_28__21_23_06,MachineObservation,Cerro_Hoya_Expedition_Hoya_1204m_lightPotoro_2025-01-26_2025-01-28,Cerro_Hoya_Expedition_Hoya_1204m_lightPotoro_2025-01-26,lightPotoro_2025_01_28__21_23_06_HDR0.jpg,lightPotoro_2025_01_28__21_23_06_HDR0_1_Mothbot_yolo11m_4500_imgsz1600_b1_2024-01-18.pt.jpg
doi.org10.15468dl.6nxkw6.csv,Animalia,Arthropoda,Insecta,Hemiptera,,,,,,,Hemiptera,Hemiptera,Cerro_Hoya_Expedition_Hoya_1204m_lightPotoro_2025-01-26,lightPotoro_2025_01_28__21_23_06_HDR0_2_Mothbot_yolo11m_4500_imgsz1600_b1_2024-01-18.pt.jpg,HS,Mothbot_yolo11m_4500_imgsz1600_b1_2024-01-18.pt,0.8059317469596863,,lightPotoro,Cerro_Hoya_Expedition/Hoya_1204m_lightPotoro_2025-01-26/2025-01-28/patches/lightPotoro_2025_01_28__21_23_06_HDR0_2_Mothbot_yolo11m_4500_imgsz1600_b1_2024-01-18.pt.jpg,ORDER_Psocodea,2025-01-28,21:23:06,,2025_01_28__21_23_06,MachineObservation,Cerro_Hoya_Expedition_Hoya_1204m_lightPotoro_2025-01-26_2025-01-28,Cerro_Hoya_Expedition_Hoya_1204m_lightPotoro_2025-01-26,lightPotoro_2025_01_28__21_23_06_HDR0.jpg,lightPotoro_2025_01_28__21_23_06_HDR0_2_Mothbot_yolo11m_4500_imgsz1600_b1_2024-01-18.pt.jpg
,Animalia,Arthropoda,Insecta,Hemiptera,,,,,,,Hemiptera,Hemiptera,Cerro_Hoya_Expedition_Hoya_1204m_lightPotoro_2025-01-26,lightPotoro_2025_01_28__21_24_06_HDR0_0_Mothbot_yolo11m_4500_imgsz1600_b1_2024-01-18.pt.jpg,HS,Mothbot_yolo11m_4500_imgsz1600_b1_2024-01-18.pt,0.7836911678314209,,lightPotoro,Cerro_Hoya_Expedition/Hoya_1204m_lightPotoro_2025-01-26/2025-01-28/patches/lightPotoro_2025_01_28__21_24_06_HDR0_0_Mothbot_yolo11m_4500_imgsz1600_b1_2024-01-18.pt.jpg,ORDER_Hemiptera,2025-01-28,21:24:06,,2025_01_28__21_24_06,MachineObservation,Cerro_Hoya_Expedition_Hoya_1204m_lightPotoro_2025-01-26_2025-01-28,Cerro_Hoya_Expedition_Hoya_1204m_lightPotoro_2025-01-26,lightPotoro_2025_01_28__21_24_06_HDR0.jpg,lightPotoro_2025_01_28__21_24_06_HDR0_0_Mothbot_yolo11m_4500_imgsz1600_b1_2024-01-18.pt.jpg
,Animalia,Arthropoda,Insecta,Hemiptera,,,,,,,Hemiptera,Hemiptera,Cerro_Hoya_Expedition_Hoya_1204m_lightPotoro_2025-01-26,lightPotoro_2025_01_28__21_25_06_HDR0_0_Mothbot_yolo11m_4500_imgsz1600_b1_2024-01-18.pt.jpg,HS,Mothbot_yolo11m_4500_imgsz1600_b1_2024-01-18.pt,0.8166846036911011,,lightPotoro,Cerro_Hoya_Expedition/Hoya_1204m_lightPotoro_2025-01-26/2025-01-28/patches/lightPotoro_2025_01_28__21_25_06_HDR0_0_Mothbot_yolo11m_4500_imgsz1600_b1_2024-01-18.pt.jpg,ORDER_Hemiptera,2025-01-28,21:25:06,,2025_01_28__21_25_06,MachineObservation,Cerro_Hoya_Expedition_Hoya_1204m_lightPotoro_2025-01-26_2025-01-28,Cerro_Hoya_Expedition_Hoya_1204m_lightPotoro_2025-01-26,lightPotoro_2025_01_28__21_25_06_HDR0.jpg,lightPotoro_2025_01_28__21_25_06_HDR0_0_Mothbot_yolo11m_4500_imgsz1600_b1_2024-01-18.pt.jpg
,Animalia,Arthropoda,Insecta,Hemiptera,,,,,,,Hemiptera,Hemiptera,Cerro_Hoya_Expedition_Hoya_1204m_lightPotoro_2025-01-26,lightPotoro_2025_01_28__21_26_06_HDR0_0_Mothbot_yolo11m_4500_imgsz1600_b1_2024-01-18.pt.jpg,HS,Mothbot_yolo11m_4500_imgsz1600_b1_2024-01-18.pt,0.8029163479804993,,lightPotoro,Cerro_Hoya_Expedition/Hoya_1204m_lightPotoro_2025-01-26/2025-01-28/patches/lightPotoro_2025_01_28__21_26_06_HDR0_0_Mothbot_yolo11m_4500_imgsz1600_b1_2024-01-18.pt.jpg,ORDER_Hemiptera,2025-01-28,21:26:06,,2025_01_28__21_26_06,MachineObservation,Cerro_Hoya_Expedition_Hoya_1204m_lightPotoro_2025-01-26_2025-01-28,Cerro_Hoya_Expedition_Hoya_1204m_lightPotoro_2025-01-26,lightPotoro_2025_01_28__21_26_06_HDR0.jpg,lightPotoro_2025_01_28__21_26_06_HDR0_0_Mothbot_yolo11m_4500_imgsz1600_b1_2024-01-18.pt.jpg
,Animalia,Arthropoda,Insecta,Hemiptera,,,,,,,Hemiptera,Hemiptera,Cerro_Hoya_Expedition_Hoya_1204m_lightPotoro_2025-01-26,lightPotoro_2025_01_28__21_27_05_HDR0_0_Mothbot_yolo11m_4500_imgsz1600_b1_2024-01-18.pt.jpg,HS,Mothbot_yolo11m_4500_imgsz1600_b1_2024-01-18.pt,0.8422115445137024,,lightPotoro,Cerro_Hoya_Expedition/Hoya_1204m_lightPotoro_2025-01-26/2025-01-28/patches/lightPotoro_2025_01_28__21_27_05_HDR0_0_Mothbot_yolo11m_4500_imgsz1600_b1_2024-01-18.pt.jpg,ORDER_Hemiptera,2025-01-28,21:27:05,,2025_01_28__21_27_05,MachineObservation,Cerro_Hoya_Expedition_Hoya_1204m_lightPotoro_2025-01-26_2025-01-28,Cerro_Hoya_Expedition_Hoya_1204m_lightPotoro_2025-01-26,lightPotoro_2025_01_28__21_27_05_HDR0.jpg,lightPotoro_2025_01_28__21_27_05_HDR0_0_Mothbot_yolo11m_4500_imgsz1600_b1_2024-01-18.pt.jpg
,Animalia,Arthropoda,Insecta,Lepidoptera,,,,,,,Lepidoptera,Lepidoptera,Cerro_Hoya_Expedition_Hoya_1204m_lightPotoro_2025-01-26,lightPotoro_2025_01_28__21_27_05_HDR0_1_Mothbot_yolo11m_4500_imgsz1600_b1_2024-01-18.pt.jpg,HS,Mothbot_yolo11m_4500_imgsz1600_b1_2024-01-18.pt,0.7121060490608215,,lightPotoro,Cerro_Hoya_Expedition/Hoya_1204m_lightPotoro_2025-01-26/2025-01-28/patches/lightPotoro_2025_01_28__21_27_05_HDR0_1_Mothbot_yolo11m_4500_imgsz1600_b1_2024-01-18.pt.jpg,ORDER_Lepidoptera,2025-01-28,21:27:05,,2025_01_28__21_27_05,MachineObservation,Cerro_Hoya_Expedition_Hoya_1204m_lightPotoro_2025-01-26_2025-01-28,Cerro_Hoya_Expedition_Hoya_1204m_lightPotoro_2025-01-26,lightPotoro_2025_01_28__21_27_05_HDR0.jpg,lightPotoro_2025_01_28__21_27_05_HDR0_1_Mothbot_yolo11m_4500_imgsz1600_b1_2024-01-18.pt.jpg
,Animalia,Arthropoda,Insecta,Hemiptera,,,,,,,Hemiptera,Hemiptera,Cerro_Hoya_Expedition_Hoya_1204m_lightPotoro_2025-01-26,lightPotoro_2025_01_28__21_28_06_HDR0_0_Mothbot_yolo11m_4500_imgsz1600_b1_2024-01-18.pt.jpg,HS,Mothbot_yolo11m_4500_imgsz1600_b1_2024-01-18.pt,0.8086611032485962,,lightPotoro,Cerro_Hoya_Expedition/Hoya_1204m_lightPotoro_2025-01-26/2025-01-28/patches/lightPotoro_2025_01_28__21_28_06_HDR0_0_Mothbot_yolo11m_4500_imgsz1600_b1_2024-01-18.pt.jpg,ORDER_Hemiptera,2025-01-28,21:28:06,,2025_01_28__21_28_06,MachineObservation,Cerro_Hoya_Expedition_Hoya_1204m_lightPotoro_2025-01-26_2025-01-28,Cerro_Hoya_Expedition_Hoya_1204m_lightPotoro_2025-01-26,lightPotoro_2025_01_28__21_28_06_HDR0.jpg,lightPotoro_2025_01_28__21_28_06_HDR0_0_Mothbot_yolo11m_4500_imgsz1600_b1_2024-01-18.pt.jpg
,,,,,,,,,,,,ERROR,Cerro_Hoya_Expedition_Hoya_1204m_lightPotoro_2025-01-26,lightPotoro_2025_01_28__21_28_06_HDR0_1_Mothbot_yolo11m_4500_imgsz1600_b1_2024-01-18.pt.jpg,HS,Mothbot_yolo11m_4500_imgsz1600_b1_2024-01-18.pt,0.7663660049438477,,lightPotoro,Cerro_Hoya_Expedition/Hoya_1204m_lightPotoro_2025-01-26/2025-01-28/patches/lightPotoro_2025_01_28__21_28_06_HDR0_1_Mothbot_yolo11m_4500_imgsz1600_b1_2024-01-18.pt.jpg,ORDER_Lepidoptera,2025-01-28,21:28:06,,2025_01_28__21_28_06,MachineObservation,Cerro_Hoya_Expedition_Hoya_1204m_lightPotoro_2025-01-26_2025-01-28,Cerro_Hoya_Expedition_Hoya_1204m_lightPotoro_2025-01-26,lightPotoro_2025_01_28__21_28_06_HDR0.jpg,lightPotoro_2025_01_28__21_28_06_HDR0_1_Mothbot_yolo11m_4500_imgsz1600_b1_2024-01-18.pt.jpg
,Animalia,Arthropoda,Insecta,Hemiptera,,,,,,,Hemiptera,Hemiptera,Cerro_Hoya_Expedition_Hoya_1204m_lightPotoro_2025-01-26,lightPotoro_2025_01_28__21_30_06_HDR0_0_Mothbot_yolo11m_4500_imgsz1600_b1_2024-01-18.pt.jpg,HS,Mothbot_yolo11m_4500_imgsz1600_b1_2024-01-18.pt,0.8198040723800659,,lightPotoro,Cerro_Hoya_Expedition/Hoya_1204m_lightPotoro_2025-01-26/2025-01-28/patches/lightPotoro_2025_01_28__21_30_06_HDR0_0_Mothbot_yolo11m_4500_imgsz1600_b1_2024-01-18.pt.jpg,ORDER_Hemiptera,2025-01-28,21:30:06,,2025_01_28__21_30_06,MachineObservation,Cerro_Hoya_Expedition_Hoya_1204m_lightPotoro_2025-01-26_2025-01-28,Cerro_Hoya_Expedition_Hoya_1204m_lightPotoro_2025-01-26,lightPotoro_2025_01_28__21_30_06_HDR0.jpg,lightPotoro_2025_01_28__21_30_06_HDR0_0_Mothbot_yolo11m_4500_imgsz1600_b1_2024-01-18.pt.jpg
,Animalia,Arthropoda,Insecta,Hemiptera,,,,,,,Hemiptera,Hemiptera,Cerro_Hoya_Expedition_Hoya_1204m_lightPotoro_2025-01-26,lightPotoro_2025_01_28__21_31_06_HDR0_0_Mothbot_yolo11m_4500_imgsz1600_b1_2024-01-18.pt.jpg,HS,Mothbot_yolo11m_4500_imgsz1600_b1_2024-01-18.pt,0.7822088599205017,,lightPotoro,Cerro_Hoya_Expedition/Hoya_1204m_lightPotoro_2025-01-26/2025-01-28/patches/lightPotoro_2025_01_28__21_31_06_HDR0_0_Mothbot_yolo11m_4500_imgsz1600_b1_2024-01-18.pt.jpg,ORDER_Hemiptera,2025-01-28,21:31:06,,2025_01_28__21_31_06,MachineObservation,Cerro_Hoya_Expedition_Hoya_1204m_lightPotoro_2025-01-26_2025-01-28,Cerro_Hoya_Expedition_Hoya_1204m_lightPotoro_2025-01-26,lightPotoro_2025_01_28__21_31_06_HDR0.jpg,lightPotoro_2025_01_28__21_31_06_HDR0_0_Mothbot_yolo11m_4500_imgsz1600_b1_2024-01-18.pt.jpg
,Animalia,Arthropoda,Insecta,Hemiptera,,,,,,,Hemiptera,Hemiptera,Cerro_Hoya_Expedition_Hoya_1204m_lightPotoro_2025-01-26,lightPotoro_2025_01_28__21_32_06_HDR0_0_Mothbot_yolo11m_4500_imgsz1600_b1_2024-01-18.pt.jpg,HS,Mothbot_yolo11m_4500_imgsz1600_b1_2024-01-18.pt,0.7676490545272827,,lightPotoro,Cerro_Hoya_Expedition/Hoya_1204m_lightPotoro_2025-01-26/2025-01-28/patches/lightPotoro_2025_01_28__21_32_06_HDR0_0_Mothbot_yolo11m_4500_imgsz1600_b1_2024-01-18.pt.jpg,ORDER_Hemiptera,2025-01-28,21:32:06,,2025_01_28__21_32_06,MachineObservation,Cerro_Hoya_Expedition_Hoya_1204m_lightPotoro_2025-01-26_2025-01-28,Cerro_Hoya_Expedition_Hoya_1204m_lightPotoro_2025-01-26,lightPotoro_2025_01_28__21_32_06_HDR0.jpg,lightPotoro_2025_01_28__21_32_06_HDR0_0_Mothbot_yolo11m_4500_imgsz1600_b1_2024-01-18.pt.jpg
,Animalia,Arthropoda,Insecta,Hemiptera,,,,,,,Hemiptera,Hemiptera,Cerro_Hoya_Expedition_Hoya_1204m_lightPotoro_2025-01-26,lightPotoro_2025_01_28__21_33_05_HDR0_0_Mothbot_yolo11m_4500_imgsz1600_b1_2024-01-18.pt.jpg,HS,Mothbot_yolo11m_4500_imgsz1600_b1_2024-01-18.pt,0.8243023157119751,,lightPotoro,Cerro_Hoya_Expedition/Hoya_1204m_lightPotoro_2025-01-26/2025-01-28/patches/lightPotoro_2025_01_28__21_33_05_HDR0_0_Mothbot_yolo11m_4500_imgsz1600_b1_2024-01-18.pt.jpg,ORDER_Hemiptera,2025-01-28,21:33:05,,2025_01_28__21_33_05,MachineObservation,Cerro_Hoya_Expedition_Hoya_1204m_lightPotoro_2025-01-26_2025-01-28,Cerro_Hoya_Expedition_Hoya_1204m_lightPotoro_2025-01-26,lightPotoro_2025_01_28__21_33_05_HDR0.jpg,lightPotoro_2025_01_28__21_33_05_HDR0_0_Mothbot_yolo11m_4500_imgsz1600_b1_2024-01-18.pt.jpg
,Animalia,Arthropoda,Insecta,Diptera,,,,,,,Diptera,Diptera,Cerro_Hoya_Expedition_Hoya_1204m_lightPotoro_2025-01-26,lightPotoro_2025_01_28__21_45_06_HDR0_0_Mothbot_yolo11m_4500_imgsz1600_b1_2024-01-18.pt.jpg,HS,Mothbot_yolo11m_4500_imgsz1600_b1_2024-01-18.pt,0.7508485317230225,,lightPotoro,Cerro_Hoya_Expedition/Hoya_1204m_lightPotoro_2025-01-26/2025-01-28/patches/lightPotoro_2025_01_28__21_45_06_HDR0_0_Mothbot_yolo11m_4500_imgsz1600_b1_2024-01-18.pt.jpg,ORDER_Diptera,2025-01-28,21:45:06,,2025_01_28__21_45_06,MachineObservation,Cerro_Hoya_Expedition_Hoya_1204m_lightPotoro_2025-01-26_2025-01-28,Cerro_Hoya_Expedition_Hoya_1204m_lightPotoro_2025-01-26,lightPotoro_2025_01_28__21_45_06_HDR0.jpg,lightPotoro_2025_01_28__21_45_06_HDR0_0_Mothbot_yolo11m_4500_imgsz1600_b1_2024-01-18.pt.jpg
,Animalia,Arthropoda,Insecta,Diptera,,,,,,,Diptera,Diptera,Cerro_Hoya_Expedition_Hoya_1204m_lightPotoro_2025-01-26,lightPotoro_2025_01_28__21_46_06_HDR0_0_Mothbot_yolo11m_4500_imgsz1600_b1_2024-01-18.pt.jpg,HS,Mothbot_yolo11m_4500_imgsz1600_b1_2024-01-18.pt,0.7475317120552063,,lightPotoro,Cerro_Hoya_Expedition/Hoya_1204m_lightPotoro_2025-01-26/2025-01-28/patches/lightPotoro_2025_01_28__21_46_06_HDR0_0_Mothbot_yolo11m_4500_imgsz1600_b1_2024-01-18.pt.jpg,ORDER_Diptera,2025-01-28,21:46:06,,2025_01_28__21_46_06,MachineObservation,Cerro_Hoya_Expedition_Hoya_1204m_lightPotoro_2025-01-26_2025-01-28,Cerro_Hoya_Expedition_Hoya_1204m_lightPotoro_2025-01-26,lightPotoro_2025_01_28__21_46_06_HDR0.jpg,lightPotoro_2025_01_28__21_46_06_HDR0_0_Mothbot_yolo11m_4500_imgsz1600_b1_2024-01-18.pt.jpg
,Animalia,Arthropoda,Insecta,Diptera,,,,,,,Diptera,Diptera,Cerro_Hoya_Expedition_Hoya_1204m_lightPotoro_2025-01-26,lightPotoro_2025_01_28__21_52_06_HDR0_0_Mothbot_yolo11m_4500_imgsz1600_b1_2024-01-18.pt.jpg,HS,Mothbot_yolo11m_4500_imgsz1600_b1_2024-01-18.pt,0.796293318271637,,lightPotoro,Cerro_Hoya_Expedition/Hoya_1204m_lightPotoro_2025-01-26/2025-01-28/patches/lightPotoro_2025_01_28__21_52_06_HDR0_0_Mothbot_yolo11m_4500_imgsz1600_b1_2024-01-18.pt.jpg,ORDER_Diptera,2025-01-28,21:52:06,,2025_01_28__21_52_06,MachineObservation,Cerro_Hoya_Expedition_Hoya_1204m_lightPotoro_2025-01-26_2025-01-28,Cerro_Hoya_Expedition_Hoya_1204m_lightPotoro_2025-01-26,lightPotoro_2025_01_28__21_52_06_HDR0.jpg,lightPotoro_2025_01_28__21_52_06_HDR0_0_Mothbot_yolo11m_4500_imgsz1600_b1_2024-01-18.pt.jpg
,Animalia,Arthropoda,Insecta,Hemiptera,,,,,,,Hemiptera,Hemiptera,Cerro_Hoya_Expedition_Hoya_1204m_lightPotoro_2025-01-26,lightPotoro_2025_01_28__21_53_05_HDR0_0_Mothbot_yolo11m_4500_imgsz1600_b1_2024-01-18.pt.jpg,HS,Mothbot_yolo11m_4500_imgsz1600_b1_2024-01-18.pt,0.7386473417282104,,lightPotoro,Cerro_Hoya_Expedition/Hoya_1204m_lightPotoro_2025-01-26/2025-01-28/patches/lightPotoro_2025_01_28__21_53_05_HDR0_0_Mothbot_yolo11m_4500_imgsz1600_b1_2024-01-18.pt.jpg,ORDER_Hemiptera,2025-01-28,21:53:05,,2025_01_28__21_53_05,MachineObservation,Cerro_Hoya_Expedition_Hoya_1204m_lightPotoro_2025-01-26_2025-01-28,Cerro_Hoya_Expedition_Hoya_1204m_lightPotoro_2025-01-26,lightPotoro_2025_01_28__21_53_05_HDR0.jpg,lightPotoro_2025_01_28__21_53_05_HDR0_0_Mothbot_yolo11m_4500_imgsz1600_b1_2024-01-18.pt.jpg
,Animalia,Arthropoda,Insecta,Diptera,,,,,,,Diptera,Diptera,Cerro_Hoya_Expedition_Hoya_1204m_lightPotoro_2025-01-26,lightPotoro_2025_01_28__21_54_05_HDR0_0_Mothbot_yolo11m_4500_imgsz1600_b1_2024-01-18.pt.jpg,HS,Mothbot_yolo11m_4500_imgsz1600_b1_2024-01-18.pt,0.7116972804069519,,lightPotoro,Cerro_Hoya_Expedition/Hoya_1204m_lightPotoro_2025-01-26/2025-01-28/patches/lightPotoro_2025_01_28__21_54_05_HDR0_0_Mothbot_yolo11m_4500_imgsz1600_b1_2024-01-18.pt.jpg,ORDER_Diptera,2025-01-28,21:54:05,,2025_01_28__21_54_05,MachineObservation,Cerro_Hoya_Expedition_Hoya_1204m_lightPotoro_2025-01-26_2025-01-28,Cerro_Hoya_Expedition_Hoya_1204m_lightPotoro_2025-01-26,lightPotoro_2025_01_28__21_54_05_HDR0.jpg,lightPotoro_2025_01_28__21_54_05_HDR0_0_Mothbot_yolo11m_4500_imgsz1600_b1_2024-01-18.pt.jpg
doi.org10.15468dl.6nxkw6.csv,Animalia,Arthropoda,Insecta,Hemiptera,,,,,,,Hemiptera,Hemiptera,Cerro_Hoya_Expedition_Hoya_1204m_lightPotoro_2025-01-26,lightPotoro_2025_01_28__21_59_05_HDR0_0_Mothbot_yolo11m_4500_imgsz1600_b1_2024-01-18.pt.jpg,HS,Mothbot_yolo11m_4500_imgsz1600_b1_2024-01-18.pt,0.8061475157737732,,lightPotoro,Cerro_Hoya_Expedition/Hoya_1204m_lightPotoro_2025-01-26/2025-01-28/patches/lightPotoro_2025_01_28__21_59_05_HDR0_0_Mothbot_yolo11m_4500_imgsz1600_b1_2024-01-18.pt.jpg,ORDER_Coleoptera,2025-01-28,21:59:05,,2025_01_28__21_59_05,MachineObservation,Cerro_Hoya_Expedition_Hoya_1204m_lightPotoro_2025-01-26_2025-01-28,Cerro_Hoya_Expedition_Hoya_1204m_lightPotoro_2025-01-26,lightPotoro_2025_01_28__21_59_05_HDR0.jpg,lightPotoro_2025_01_28__21_59_05_HDR0_0_Mothbot_yolo11m_4500_imgsz1600_b1_2024-01-18.pt.jpg
doi.org10.15468dl.6nxkw6.csv,Animalia,Arthropoda,Insecta,Diptera,,,,,,,Diptera,Diptera,Cerro_Hoya_Expedition_Hoya_1204m_lightPotoro_2025-01-26,lightPotoro_2025_01_28__23_27_05_HDR0_0_Mothbot_yolo11m_4500_imgsz1600_b1_2024-01-18.pt.jpg,HS,Mothbot_yolo11m_4500_imgsz1600_b1_2024-01-18.pt,0.7773374915122986,,lightPotoro,Cerro_Hoya_Expedition/Hoya_1204m_lightPotoro_2025-01-26/2025-01-28/patches/lightPotoro_2025_01_28__23_27_05_HDR0_0_Mothbot_yolo11m_4500_imgsz1600_b1_2024-01-18.pt.jpg,ORDER_Coleoptera,2025-01-28,23:27:05,,2025_01_28__23_27_05,MachineObservation,Cerro_Hoya_Expedition_Hoya_1204m_lightPotoro_2025-01-26_2025-01-28,Cerro_Hoya_Expedition_Hoya_1204m_lightPotoro_2025-01-26,lightPotoro_2025_01_28__23_27_05_HDR0.jpg,lightPotoro_2025_01_28__23_27_05_HDR0_0_Mothbot_yolo11m_4500_imgsz1600_b1_2024-01-18.pt.jpg
doi.org10.15468dl.6nxkw6.csv,Animalia,Arthropoda,Insecta,Diptera,,,,,,,Diptera,Diptera,Cerro_Hoya_Expedition_Hoya_1204m_lightPotoro_2025-01-26,lightPotoro_2025_01_28__23_28_05_HDR0_0_Mothbot_yolo11m_4500_imgsz1600_b1_2024-01-18.pt.jpg,HS,Mothbot_yolo11m_4500_imgsz1600_b1_2024-01-18.pt,0.8013389110565186,,lightPotoro,Cerro_Hoya_Expedition/Hoya_1204m_lightPotoro_2025-01-26/2025-01-28/patches/lightPotoro_2025_01_28__23_28_05_HDR0_0_Mothbot_yolo11m_4500_imgsz1600_b1_2024-01-18.pt.jpg,ORDER_Coleoptera,2025-01-28,23:28:05,,2025_01_28__23_28_05,MachineObservation,Cerro_Hoya_Expedition_Hoya_1204m_lightPotoro_2025-01-26_2025-01-28,Cerro_Hoya_Expedition_Hoya_1204m_lightPotoro_2025-01-26,lightPotoro_2025_01_28__23_28_05_HDR0.jpg,lightPotoro_2025_01_28__23_28_05_HDR0_0_Mothbot_yolo11m_4500_imgsz1600_b1_2024-01-18.pt.jpg
doi.org10.15468dl.6nxkw6.csv,Animalia,Arthropoda,Insecta,Hemiptera,,,,,,,Hemiptera,Hemiptera,Cerro_Hoya_Expedition_Hoya_1204m_lightPotoro_2025-01-26,lightPotoro_2025_01_28__23_28_05_HDR0_1_Mothbot_yolo11m_4500_imgsz1600_b1_2024-01-18.pt.jpg,HS,Mothbot_yolo11m_4500_imgsz1600_b1_2024-01-18.pt,0.7798051238059998,,lightPotoro,Cerro_Hoya_Expedition/Hoya_1204m_lightPotoro_2025-01-26/2025-01-28/patches/lightPotoro_2025_01_28__23_28_05_HDR0_1_Mothbot_yolo11m_4500_imgsz1600_b1_2024-01-18.pt.jpg,ORDER_Diptera,2025-01-28,23:28:05,,2025_01_28__23_28_05,MachineObservation,Cerro_Hoya_Expedition_Hoya_1204m_lightPotoro_2025-01-26_2025-01-28,Cerro_Hoya_Expedition_Hoya_1204m_lightPotoro_2025-01-26,lightPotoro_2025_01_28__23_28_05_HDR0.jpg,lightPotoro_2025_01_28__23_28_05_HDR0_1_Mothbot_yolo11m_4500_imgsz1600_b1_2024-01-18.pt.jpg
doi.org10.15468dl.6nxkw6.csv,Animalia,Arthropoda,Insecta,Diptera,,,,,,,Diptera,Diptera,Cerro_Hoya_Expedition_Hoya_1204m_lightPotoro_2025-01-26,lightPotoro_2025_01_28__23_29_22_HDR0_0_Mothbot_yolo11m_4500_imgsz1600_b1_2024-01-18.pt.jpg,HS,Mothbot_yolo11m_4500_imgsz1600_b1_2024-01-18.pt,0.7857518196105957,,lightPotoro,Cerro_Hoya_Expedition/Hoya_1204m_lightPotoro_2025-01-26/2025-01-28/patches/lightPotoro_2025_01_28__23_29_22_HDR0_0_Mothbot_yolo11m_4500_imgsz1600_b1_2024-01-18.pt.jpg,ORDER_Coleoptera,2025-01-28,23:29:22,,2025_01_28__23_29_22,MachineObservation,Cerro_Hoya_Expedition_Hoya_1204m_lightPotoro_2025-01-26_2025-01-28,Cerro_Hoya_Expedition_Hoya_1204m_lightPotoro_2025-01-26,lightPotoro_2025_01_28__23_29_22_HDR0.jpg,lightPotoro_2025_01_28__23_29_22_HDR0_0_Mothbot_yolo11m_4500_imgsz1600_b1_2024-01-18.pt.jpg
,Animalia,Arthropoda,Insecta,Hemiptera,,,,,,,Hemiptera,Hemiptera,Cerro_Hoya_Expedition_Hoya_1204m_lightPotoro_2025-01-26,lightPotoro_2025_01_28__23_29_22_HDR0_1_Mothbot_yolo11m_4500_imgsz1600_b1_2024-01-18.pt.jpg,HS,Mothbot_yolo11m_4500_imgsz1600_b1_2024-01-18.pt,0.6751039624214172,,lightPotoro,Cerro_Hoya_Expedition/Hoya_1204m_lightPotoro_2025-01-26/2025-01-28/patches/lightPotoro_2025_01_28__23_29_22_HDR0_1_Mothbot_yolo11m_4500_imgsz1600_b1_2024-01-18.pt.jpg,ORDER_Hemiptera,2025-01-28,23:29:22,,2025_01_28__23_29_22,MachineObservation,Cerro_Hoya_Expedition_Hoya_1204m_lightPotoro_2025-01-26_2025-01-28,Cerro_Hoya_Expedition_Hoya_1204m_lightPotoro_2025-01-26,lightPotoro_2025_01_28__23_29_22_HDR0.jpg,lightPotoro_2025_01_28__23_29_22_HDR0_1_Mothbot_yolo11m_4500_imgsz1600_b1_2024-01-18.pt.jpg
doi.org10.15468dl.6nxkw6.csv,Animalia,Arthropoda,Insecta,Diptera,,,,,,,Diptera,Diptera,Cerro_Hoya_Expedition_Hoya_1204m_lightPotoro_2025-01-26,lightPotoro_2025_01_28__23_30_06_HDR0_0_Mothbot_yolo11m_4500_imgsz1600_b1_2024-01-18.pt.jpg,HS,Mothbot_yolo11m_4500_imgsz1600_b1_2024-01-18.pt,0.7991522550582886,,lightPotoro,Cerro_Hoya_Expedition/Hoya_1204m_lightPotoro_2025-01-26/2025-01-28/patches/lightPotoro_2025_01_28__23_30_06_HDR0_0_Mothbot_yolo11m_4500_imgsz1600_b1_2024-01-18.pt.jpg,ORDER_Coleoptera,2025-01-28,23:30:06,,2025_01_28__23_30_06,MachineObservation,Cerro_Hoya_Expedition_Hoya_1204m_lightPotoro_2025-01-26_2025-01-28,Cerro_Hoya_Expedition_Hoya_1204m_lightPotoro_2025-01-26,lightPotoro_2025_01_28__23_30_06_HDR0.jpg,lightPotoro_2025_01_28__23_30_06_HDR0_0_Mothbot_yolo11m_4500_imgsz1600_b1_2024-01-18.pt.jpg
,Animalia,Arthropoda,Insecta,Hemiptera,,,,,,,Hemiptera,Hemiptera,Cerro_Hoya_Expedition_Hoya_1204m_lightPotoro_2025-01-26,lightPotoro_2025_01_28__23_30_06_HDR0_1_Mothbot_yolo11m_4500_imgsz1600_b1_2024-01-18.pt.jpg,HS,Mothbot_yolo11m_4500_imgsz1600_b1_2024-01-18.pt,0.7874805331230164,,lightPotoro,Cerro_Hoya_Expedition/Hoya_1204m_lightPotoro_2025-01-26/2025-01-28/patches/lightPotoro_2025_01_28__23_30_06_HDR0_1_Mothbot_yolo11m_4500_imgsz1600_b1_2024-01-18.pt.jpg,ORDER_Hemiptera,2025-01-28,23:30:06,,2025_01_28__23_30_06,MachineObservation,Cerro_Hoya_Expedition_Hoya_1204m_lightPotoro_2025-01-26_2025-01-28,Cerro_Hoya_Expedition_Hoya_1204m_lightPotoro_2025-01-26,lightPotoro_2025_01_28__23_30_06_HDR0.jpg,lightPotoro_2025_01_28__23_30_06_HDR0_1_Mothbot_yolo11m_4500_imgsz1600_b1_2024-01-18.pt.jpg
,Animalia,Arthropoda,Insecta,Diptera,,,,,,,Diptera,Diptera,Cerro_Hoya_Expedition_Hoya_1204m_lightPotoro_2025-01-26,lightPotoro_2025_01_28__23_30_06_HDR0_2_Mothbot_yolo11m_4500_imgsz1600_b1_2024-01-18.pt.jpg,HS,Mothbot_yolo11m_4500_imgsz1600_b1_2024-01-18.pt,0.7798386812210083,,lightPotoro,Cerro_Hoya_Expedition/Hoya_1204m_lightPotoro_2025-01-26/2025-01-28/patches/lightPotoro_2025_01_28__23_30_06_HDR0_2_Mothbot_yolo11m_4500_imgsz1600_b1_2024-01-18.pt.jpg,ORDER_Diptera,2025-01-28,23:30:06,,2025_01_28__23_30_06,MachineObservation,Cerro_Hoya_Expedition_Hoya_1204m_lightPotoro_2025-01-26_2025-01-28,Cerro_Hoya_Expedition_Hoya_1204m_lightPotoro_2025-01-26,lightPotoro_2025_01_28__23_30_06_HDR0.jpg,lightPotoro_2025_01_28__23_30_06_HDR0_2_Mothbot_yolo11m_4500_imgsz1600_b1_2024-01-18.pt.jpg
,Animalia,Arthropoda,Insecta,Lepidoptera,,,,,,,Lepidoptera,Lepidoptera,Cerro_Hoya_Expedition_Hoya_1204m_lightPotoro_2025-01-26,lightPotoro_2025_01_28__23_31_06_HDR0_0_Mothbot_yolo11m_4500_imgsz1600_b1_2024-01-18.pt.jpg,HS,Mothbot_yolo11m_4500_imgsz1600_b1_2024-01-18.pt,0.8793833255767822,,lightPotoro,Cerro_Hoya_Expedition/Hoya_1204m_lightPotoro_2025-01-26/2025-01-28/patches/lightPotoro_2025_01_28__23_31_06_HDR0_0_Mothbot_yolo11m_4500_imgsz1600_b1_2024-01-18.pt.jpg,ORDER_Lepidoptera,2025-01-28,23:31:06,,2025_01_28__23_31_06,MachineObservation,Cerro_Hoya_Expedition_Hoya_1204m_lightPotoro_2025-01-26_2025-01-28,Cerro_Hoya_Expedition_Hoya_1204m_lightPotoro_2025-01-26,lightPotoro_2025_01_28__23_31_06_HDR0.jpg,lightPotoro_2025_01_28__23_31_06_HDR0_0_Mothbot_yolo11m_4500_imgsz1600_b1_2024-01-18.pt.jpg
,Animalia,Arthropoda,Insecta,Hemiptera,,,,,,,Hemiptera,Hemiptera,Cerro_Hoya_Expedition_Hoya_1204m_lightPotoro_2025-01-26,lightPotoro_2025_01_28__23_31_06_HDR0_1_Mothbot_yolo11m_4500_imgsz1600_b1_2024-01-18.pt.jpg,HS,Mothbot_yolo11m_4500_imgsz1600_b1_2024-01-18.pt,0.8384547233581543,,lightPotoro,Cerro_Hoya_Expedition/Hoya_1204m_lightPotoro_2025-01-26/2025-01-28/patches/lightPotoro_2025_01_28__23_31_06_HDR0_1_Mothbot_yolo11m_4500_imgsz1600_b1_2024-01-18.pt.jpg,ORDER_Hemiptera,2025-01-28,23:31:06,,2025_01_28__23_31_06,MachineObservation,Cerro_Hoya_Expedition_Hoya_1204m_lightPotoro_2025-01-26_2025-01-28,Cerro_Hoya_Expedition_Hoya_1204m_lightPotoro_2025-01-26,lightPotoro_2025_01_28__23_31_06_HDR0.jpg,lightPotoro_2025_01_28__23_31_06_HDR0_1_Mothbot_yolo11m_4500_imgsz1600_b1_2024-01-18.pt.jpg
,Animalia,Arthropoda,Insecta,Diptera,,,,,,,Diptera,Diptera,Cerro_Hoya_Expedition_Hoya_1204m_lightPotoro_2025-01-26,lightPotoro_2025_01_28__23_31_06_HDR0_2_Mothbot_yolo11m_4500_imgsz1600_b1_2024-01-18.pt.jpg,HS,Mothbot_yolo11m_4500_imgsz1600_b1_2024-01-18.pt,0.8147130608558655,,lightPotoro,Cerro_Hoya_Expedition/Hoya_1204m_lightPotoro_2025-01-26/2025-01-28/patches/lightPotoro_2025_01_28__23_31_06_HDR0_2_Mothbot_yolo11m_4500_imgsz1600_b1_2024-01-18.pt.jpg,ORDER_Diptera,2025-01-28,23:31:06,,2025_01_28__23_31_06,MachineObservation,Cerro_Hoya_Expedition_Hoya_1204m_lightPotoro_2025-01-26_2025-01-28,Cerro_Hoya_Expedition_Hoya_1204m_lightPotoro_2025-01-26,lightPotoro_2025_01_28__23_31_06_HDR0.jpg,lightPotoro_2025_01_28__23_31_06_HDR0_2_Mothbot_yolo11m_4500_imgsz1600_b1_2024-01-18.pt.jpg
doi.org10.15468dl.6nxkw6.csv,Animalia,Arthropoda,Insecta,Diptera,,,,,,,Diptera,Diptera,Cerro_Hoya_Expedition_Hoya_1204m_lightPotoro_2025-01-26,lightPotoro_2025_01_28__23_31_06_HDR0_3_Mothbot_yolo11m_4500_imgsz1600_b1_2024-01-18.pt.jpg,HS,Mothbot_yolo11m_4500_imgsz1600_b1_2024-01-18.pt,0.7806106805801392,,lightPotoro,Cerro_Hoya_Expedition/Hoya_1204m_lightPotoro_2025-01-26/2025-01-28/patches/lightPotoro_2025_01_28__23_31_06_HDR0_3_Mothbot_yolo11m_4500_imgsz1600_b1_2024-01-18.pt.jpg,ORDER_Coleoptera,2025-01-28,23:31:06,,2025_01_28__23_31_06,MachineObservation,Cerro_Hoya_Expedition_Hoya_1204m_lightPotoro_2025-01-26_2025-01-28,Cerro_Hoya_Expedition_Hoya_1204m_lightPotoro_2025-01-26,lightPotoro_2025_01_28__23_31_06_HDR0.jpg,lightPotoro_2025_01_28__23_31_06_HDR0_3_Mothbot_yolo11m_4500_imgsz1600_b1_2024-01-18.pt.jpg
,Animalia,Arthropoda,Insecta,Hemiptera,,,,,,,Hemiptera,Hemiptera,Cerro_Hoya_Expedition_Hoya_1204m_lightPotoro_2025-01-26,lightPotoro_2025_01_28__23_31_06_HDR0_4_Mothbot_yolo11m_4500_imgsz1600_b1_2024-01-18.pt.jpg,HS,Mothbot_yolo11m_4500_imgsz1600_b1_2024-01-18.pt,0.7743938565254211,,lightPotoro,Cerro_Hoya_Expedition/Hoya_1204m_lightPotoro_2025-01-26/2025-01-28/patches/lightPotoro_2025_01_28__23_31_06_HDR0_4_Mothbot_yolo11m_4500_imgsz1600_b1_2024-01-18.pt.jpg,ORDER_Hemiptera,2025-01-28,23:31:06,,2025_01_28__23_31_06,MachineObservation,Cerro_Hoya_Expedition_Hoya_1204m_lightPotoro_2025-01-26_2025-01-28,Cerro_Hoya_Expedition_Hoya_1204m_lightPotoro_2025-01-26,lightPotoro_2025_01_28__23_31_06_HDR0.jpg,lightPotoro_2025_01_28__23_31_06_HDR0_4_Mothbot_yolo11m_4500_imgsz1600_b1_2024-01-18.pt.jpg
doi.org10.15468dl.6nxkw6.csv,Animalia,Arthropoda,Insecta,Diptera,,,,,,,Diptera,Diptera,Cerro_Hoya_Expedition_Hoya_1204m_lightPotoro_2025-01-26,lightPotoro_2025_01_28__23_32_06_HDR0_0_Mothbot_yolo11m_4500_imgsz1600_b1_2024-01-18.pt.jpg,HS,Mothbot_yolo11m_4500_imgsz1600_b1_2024-01-18.pt,0.8154820203781128,,lightPotoro,Cerro_Hoya_Expedition/Hoya_1204m_lightPotoro_2025-01-26/2025-01-28/patches/lightPotoro_2025_01_28__23_32_06_HDR0_0_Mothbot_yolo11m_4500_imgsz1600_b1_2024-01-18.pt.jpg,ORDER_Lepidoptera,2025-01-28,23:32:06,,2025_01_28__23_32_06,MachineObservation,Cerro_Hoya_Expedition_Hoya_1204m_lightPotoro_2025-01-26_2025-01-28,Cerro_Hoya_Expedition_Hoya_1204m_lightPotoro_2025-01-26,lightPotoro_2025_01_28__23_32_06_HDR0.jpg,lightPotoro_2025_01_28__23_32_06_HDR0_0_Mothbot_yolo11m_4500_imgsz1600_b1_2024-01-18.pt.jpg
,Animalia,Arthropoda,Insecta,Lepidoptera,,,,,,,Lepidoptera,Lepidoptera,Cerro_Hoya_Expedition_Hoya_1204m_lightPotoro_2025-01-26,lightPotoro_2025_01_28__23_32_06_HDR0_1_Mothbot_yolo11m_4500_imgsz1600_b1_2024-01-18.pt.jpg,HS,Mothbot_yolo11m_4500_imgsz1600_b1_2024-01-18.pt,0.7862148284912109,,lightPotoro,Cerro_Hoya_Expedition/Hoya_1204m_lightPotoro_2025-01-26/2025-01-28/patches/lightPotoro_2025_01_28__23_32_06_HDR0_1_Mothbot_yolo11m_4500_imgsz1600_b1_2024-01-18.pt.jpg,ORDER_Lepidoptera,2025-01-28,23:32:06,,2025_01_28__23_32_06,MachineObservation,Cerro_Hoya_Expedition_Hoya_1204m_lightPotoro_2025-01-26_2025-01-28,Cerro_Hoya_Expedition_Hoya_1204m_lightPotoro_2025-01-26,lightPotoro_2025_01_28__23_32_06_HDR0.jpg,lightPotoro_2025_01_28__23_32_06_HDR0_1_Mothbot_yolo11m_4500_imgsz1600_b1_2024-01-18.pt.jpg
,Animalia,Arthropoda,Insecta,Hemiptera,,,,,,,Hemiptera,Hemiptera,Cerro_Hoya_Expedition_Hoya_1204m_lightPotoro_2025-01-26,lightPotoro_2025_01_28__23_32_06_HDR0_2_Mothbot_yolo11m_4500_imgsz1600_b1_2024-01-18.pt.jpg,HS,Mothbot_yolo11m_4500_imgsz1600_b1_2024-01-18.pt,0.7807867527008057,,lightPotoro,Cerro_Hoya_Expedition/Hoya_1204m_lightPotoro_2025-01-26/2025-01-28/patches/lightPotoro_2025_01_28__23_32_06_HDR0_2_Mothbot_yolo11m_4500_imgsz1600_b1_2024-01-18.pt.jpg,ORDER_Hemiptera,2025-01-28,23:32:06,,2025_01_28__23_32_06,MachineObservation,Cerro_Hoya_Expedition_Hoya_1204m_lightPotoro_2025-01-26_2025-01-28,Cerro_Hoya_Expedition_Hoya_1204m_lightPotoro_2025-01-26,lightPotoro_2025_01_28__23_32_06_HDR0.jpg,lightPotoro_2025_01_28__23_32_06_HDR0_2_Mothbot_yolo11m_4500_imgsz1600_b1_2024-01-18.pt.jpg
,Animalia,Arthropoda,Insecta,Hemiptera,,,,,,,Hemiptera,Hemiptera,Cerro_Hoya_Expedition_Hoya_1204m_lightPotoro_2025-01-26,lightPotoro_2025_01_28__23_32_06_HDR0_3_Mothbot_yolo11m_4500_imgsz1600_b1_2024-01-18.pt.jpg,HS,Mothbot_yolo11m_4500_imgsz1600_b1_2024-01-18.pt,0.7324969172477722,,lightPotoro,Cerro_Hoya_Expedition/Hoya_1204m_lightPotoro_2025-01-26/2025-01-28/patches/lightPotoro_2025_01_28__23_32_06_HDR0_3_Mothbot_yolo11m_4500_imgsz1600_b1_2024-01-18.pt.jpg,ORDER_Hemiptera,2025-01-28,23:32:06,,2025_01_28__23_32_06,MachineObservation,Cerro_Hoya_Expedition_Hoya_1204m_lightPotoro_2025-01-26_2025-01-28,Cerro_Hoya_Expedition_Hoya_1204m_lightPotoro_2025-01-26,lightPotoro_2025_01_28__23_32_06_HDR0.jpg,lightPotoro_2025_01_28__23_32_06_HDR0_3_Mothbot_yolo11m_4500_imgsz1600_b1_2024-01-18.pt.jpg
,Animalia,Arthropoda,Insecta,Hemiptera,,,,,,,Hemiptera,Hemiptera,Cerro_Hoya_Expedition_Hoya_1204m_lightPotoro_2025-01-26,lightPotoro_2025_01_28__23_33_05_HDR0_0_Mothbot_yolo11m_4500_imgsz1600_b1_2024-01-18.pt.jpg,HS,Mothbot_yolo11m_4500_imgsz1600_b1_2024-01-18.pt,0.705120325088501,,lightPotoro,Cerro_Hoya_Expedition/Hoya_1204m_lightPotoro_2025-01-26/2025-01-28/patches/lightPotoro_2025_01_28__23_33_05_HDR0_0_Mothbot_yolo11m_4500_imgsz1600_b1_2024-01-18.pt.jpg,ORDER_Hemiptera,2025-01-28,23:33:05,,2025_01_28__23_33_05,MachineObservation,Cerro_Hoya_Expedition_Hoya_1204m_lightPotoro_2025-01-26_2025-01-28,Cerro_Hoya_Expedition_Hoya_1204m_lightPotoro_2025-01-26,lightPotoro_2025_01_28__23_33_05_HDR0.jpg,lightPotoro_2025_01_28__23_33_05_HDR0_0_Mothbot_yolo11m_4500_imgsz1600_b1_2024-01-18.pt.jpg
doi.org10.15468dl.6nxkw6.csv,Animalia,Arthropoda,Insecta,Hemiptera,,,,,,,Hemiptera,Hemiptera,Cerro_Hoya_Expedition_Hoya_1204m_lightPotoro_2025-01-26,lightPotoro_2025_01_28__23_33_05_HDR0_1_Mothbot_yolo11m_4500_imgsz1600_b1_2024-01-18.pt.jpg,HS,Mothbot_yolo11m_4500_imgsz1600_b1_2024-01-18.pt,0.4832119643688202,,lightPotoro,Cerro_Hoya_Expedition/Hoya_1204m_lightPotoro_2025-01-26/2025-01-28/patches/lightPotoro_2025_01_28__23_33_05_HDR0_1_Mothbot_yolo11m_4500_imgsz1600_b1_2024-01-18.pt.jpg,ORDER_Blattodea,2025-01-28,23:33:05,,2025_01_28__23_33_05,MachineObservation,Cerro_Hoya_Expedition_Hoya_1204m_lightPotoro_2025-01-26_2025-01-28,Cerro_Hoya_Expedition_Hoya_1204m_lightPotoro_2025-01-26,lightPotoro_2025_01_28__23_33_05_HDR0.jpg,lightPotoro_2025_01_28__23_33_05_HDR0_1_Mothbot_yolo11m_4500_imgsz1600_b1_2024-01-18.pt.jpg
,Animalia,Arthropoda,Insecta,Hemiptera,,,,,,,Hemiptera,Hemiptera,Cerro_Hoya_Expedition_Hoya_1204m_lightPotoro_2025-01-26,lightPotoro_2025_01_28__23_34_05_HDR0_0_Mothbot_yolo11m_4500_imgsz1600_b1_2024-01-18.pt.jpg,HS,Mothbot_yolo11m_4500_imgsz1600_b1_2024-01-18.pt,0.6802143454551697,,lightPotoro,Cerro_Hoya_Expedition/Hoya_1204m_lightPotoro_2025-01-26/2025-01-28/patches/lightPotoro_2025_01_28__23_34_05_HDR0_0_Mothbot_yolo11m_4500_imgsz1600_b1_2024-01-18.pt.jpg,ORDER_Hemiptera,2025-01-28,23:34:05,,2025_01_28__23_34_05,MachineObservation,Cerro_Hoya_Expedition_Hoya_1204m_lightPotoro_2025-01-26_2025-01-28,Cerro_Hoya_Expedition_Hoya_1204m_lightPotoro_2025-01-26,lightPotoro_2025_01_28__23_34_05_HDR0.jpg,lightPotoro_2025_01_28__23_34_05_HDR0_0_Mothbot_yolo11m_4500_imgsz1600_b1_2024-01-18.pt.jpg
doi.org10.15468dl.6nxkw6.csv,Animalia,Arthropoda,Insecta,Hemiptera,,,,,,,Hemiptera,Hemiptera,Cerro_Hoya_Expedition_Hoya_1204m_lightPotoro_2025-01-26,lightPotoro_2025_01_28__23_34_05_HDR0_1_Mothbot_yolo11m_4500_imgsz1600_b1_2024-01-18.pt.jpg,HS,Mothbot_yolo11m_4500_imgsz1600_b1_2024-01-18.pt,0.5597574710845947,,lightPotoro,Cerro_Hoya_Expedition/Hoya_1204m_lightPotoro_2025-01-26/2025-01-28/patches/lightPotoro_2025_01_28__23_34_05_HDR0_1_Mothbot_yolo11m_4500_imgsz1600_b1_2024-01-18.pt.jpg,ORDER_Coleoptera,2025-01-28,23:34:05,,2025_01_28__23_34_05,MachineObservation,Cerro_Hoya_Expedition_Hoya_1204m_lightPotoro_2025-01-26_2025-01-28,Cerro_Hoya_Expedition_Hoya_1204m_lightPotoro_2025-01-26,lightPotoro_2025_01_28__23_34_05_HDR0.jpg,lightPotoro_2025_01_28__23_34_05_HDR0_1_Mothbot_yolo11m_4500_imgsz1600_b1_2024-01-18.pt.jpg
,,,,,,,,,,,,ERROR,Cerro_Hoya_Expedition_Hoya_1204m_lightPotoro_2025-01-26,lightPotoro_2025_01_28__23_34_05_HDR0_2_Mothbot_yolo11m_4500_imgsz1600_b1_2024-01-18.pt.jpg,HS,Mothbot_yolo11m_4500_imgsz1600_b1_2024-01-18.pt,0.2905462384223938,,lightPotoro,Cerro_Hoya_Expedition/Hoya_1204m_lightPotoro_2025-01-26/2025-01-28/patches/lightPotoro_2025_01_28__23_34_05_HDR0_2_Mothbot_yolo11m_4500_imgsz1600_b1_2024-01-18.pt.jpg,ORDER_Coleoptera,2025-01-28,23:34:05,,2025_01_28__23_34_05,MachineObservation,Cerro_Hoya_Expedition_Hoya_1204m_lightPotoro_2025-01-26_2025-01-28,Cerro_Hoya_Expedition_Hoya_1204m_lightPotoro_2025-01-26,lightPotoro_2025_01_28__23_34_05_HDR0.jpg,lightPotoro_2025_01_28__23_34_05_HDR0_2_Mothbot_yolo11m_4500_imgsz1600_b1_2024-01-18.pt.jpg
,Animalia,Arthropoda,Insecta,Diptera,,,,,,,Diptera,Diptera,Cerro_Hoya_Expedition_Hoya_1204m_lightPotoro_2025-01-26,lightPotoro_2025_01_28__23_35_05_HDR0_0_Mothbot_yolo11m_4500_imgsz1600_b1_2024-01-18.pt.jpg,HS,Mothbot_yolo11m_4500_imgsz1600_b1_2024-01-18.pt,0.7294445037841797,,lightPotoro,Cerro_Hoya_Expedition/Hoya_1204m_lightPotoro_2025-01-26/2025-01-28/patches/lightPotoro_2025_01_28__23_35_05_HDR0_0_Mothbot_yolo11m_4500_imgsz1600_b1_2024-01-18.pt.jpg,ORDER_Diptera,2025-01-28,23:35:05,,2025_01_28__23_35_05,MachineObservation,Cerro_Hoya_Expedition_Hoya_1204m_lightPotoro_2025-01-26_2025-01-28,Cerro_Hoya_Expedition_Hoya_1204m_lightPotoro_2025-01-26,lightPotoro_2025_01_28__23_35_05_HDR0.jpg,lightPotoro_2025_01_28__23_35_05_HDR0_0_Mothbot_yolo11m_4500_imgsz1600_b1_2024-01-18.pt.jpg
,Animalia,Arthropoda,Insecta,Diptera,,,,,,,Diptera,Diptera,Cerro_Hoya_Expedition_Hoya_1204m_lightPotoro_2025-01-26,lightPotoro_2025_01_28__23_35_05_HDR0_1_Mothbot_yolo11m_4500_imgsz1600_b1_2024-01-18.pt.jpg,HS,Mothbot_yolo11m_4500_imgsz1600_b1_2024-01-18.pt,0.7262063026428223,,lightPotoro,Cerro_Hoya_Expedition/Hoya_1204m_lightPotoro_2025-01-26/2025-01-28/patches/lightPotoro_2025_01_28__23_35_05_HDR0_1_Mothbot_yolo11m_4500_imgsz1600_b1_2024-01-18.pt.jpg,ORDER_Diptera,2025-01-28,23:35:05,,2025_01_28__23_35_05,MachineObservation,Cerro_Hoya_Expedition_Hoya_1204m_lightPotoro_2025-01-26_2025-01-28,Cerro_Hoya_Expedition_Hoya_1204m_lightPotoro_2025-01-26,lightPotoro_2025_01_28__23_35_05_HDR0.jpg,lightPotoro_2025_01_28__23_35_05_HDR0_1_Mothbot_yolo11m_4500_imgsz1600_b1_2024-01-18.pt.jpg
,Animalia,Arthropoda,Insecta,Hemiptera,,,,,,,Hemiptera,Hemiptera,Cerro_Hoya_Expedition_Hoya_1204m_lightPotoro_2025-01-26,lightPotoro_2025_01_28__23_35_05_HDR0_2_Mothbot_yolo11m_4500_imgsz1600_b1_2024-01-18.pt.jpg,HS,Mothbot_yolo11m_4500_imgsz1600_b1_2024-01-18.pt,0.6857150197029114,,lightPotoro,Cerro_Hoya_Expedition/Hoya_1204m_lightPotoro_2025-01-26/2025-01-28/patches/lightPotoro_2025_01_28__23_35_05_HDR0_2_Mothbot_yolo11m_4500_imgsz1600_b1_2024-01-18.pt.jpg,ORDER_Hemiptera,2025-01-28,23:35:05,,2025_01_28__23_35_05,MachineObservation,Cerro_Hoya_Expedition_Hoya_1204m_lightPotoro_2025-01-26_2025-01-28,Cerro_Hoya_Expedition_Hoya_1204m_lightPotoro_2025-01-26,lightPotoro_2025_01_28__23_35_05_HDR0.jpg,lightPotoro_2025_01_28__23_35_05_HDR0_2_Mothbot_yolo11m_4500_imgsz1600_b1_2024-01-18.pt.jpg
doi.org10.15468dl.6nxkw6.csv,Animalia,Arthropoda,Insecta,Hemiptera,,,,,,,Hemiptera,Hemiptera,Cerro_Hoya_Expedition_Hoya_1204m_lightPotoro_2025-01-26,lightPotoro_2025_01_28__23_35_05_HDR0_3_Mothbot_yolo11m_4500_imgsz1600_b1_2024-01-18.pt.jpg,HS,Mothbot_yolo11m_4500_imgsz1600_b1_2024-01-18.pt,0.4088556468486786,,lightPotoro,Cerro_Hoya_Expedition/Hoya_1204m_lightPotoro_2025-01-26/2025-01-28/patches/lightPotoro_2025_01_28__23_35_05_HDR0_3_Mothbot_yolo11m_4500_imgsz1600_b1_2024-01-18.pt.jpg,ORDER_Psocodea,2025-01-28,23:35:05,,2025_01_28__23_35_05,MachineObservation,Cerro_Hoya_Expedition_Hoya_1204m_lightPotoro_2025-01-26_2025-01-28,Cerro_Hoya_Expedition_Hoya_1204m_lightPotoro_2025-01-26,lightPotoro_2025_01_28__23_35_05_HDR0.jpg,lightPotoro_2025_01_28__23_35_05_HDR0_3_Mothbot_yolo11m_4500_imgsz1600_b1_2024-01-18.pt.jpg
,Animalia,Arthropoda,Insecta,Hemiptera,,,,,,,Hemiptera,Hemiptera,Cerro_Hoya_Expedition_Hoya_1204m_lightPotoro_2025-01-26,lightPotoro_2025_01_28__23_36_22_HDR0_0_Mothbot_yolo11m_4500_imgsz1600_b1_2024-01-18.pt.jpg,HS,Mothbot_yolo11m_4500_imgsz1600_b1_2024-01-18.pt,0.8055939674377441,,lightPotoro,Cerro_Hoya_Expedition/Hoya_1204m_lightPotoro_2025-01-26/2025-01-28/patches/lightPotoro_2025_01_28__23_36_22_HDR0_0_Mothbot_yolo11m_4500_imgsz1600_b1_2024-01-18.pt.jpg,ORDER_Hemiptera,2025-01-28,23:36:22,,2025_01_28__23_36_22,MachineObservation,Cerro_Hoya_Expedition_Hoya_1204m_lightPotoro_2025-01-26_2025-01-28,Cerro_Hoya_Expedition_Hoya_1204m_lightPotoro_2025-01-26,lightPotoro_2025_01_28__23_36_22_HDR0.jpg,lightPotoro_2025_01_28__23_36_22_HDR0_0_Mothbot_yolo11m_4500_imgsz1600_b1_2024-01-18.pt.jpg
,Animalia,Arthropoda,Insecta,Diptera,,,,,,,Diptera,Diptera,Cerro_Hoya_Expedition_Hoya_1204m_lightPotoro_2025-01-26,lightPotoro_2025_01_28__23_36_22_HDR0_1_Mothbot_yolo11m_4500_imgsz1600_b1_2024-01-18.pt.jpg,HS,Mothbot_yolo11m_4500_imgsz1600_b1_2024-01-18.pt,0.7924078106880188,,lightPotoro,Cerro_Hoya_Expedition/Hoya_1204m_lightPotoro_2025-01-26/2025-01-28/patches/lightPotoro_2025_01_28__23_36_22_HDR0_1_Mothbot_yolo11m_4500_imgsz1600_b1_2024-01-18.pt.jpg,ORDER_Diptera,2025-01-28,23:36:22,,2025_01_28__23_36_22,MachineObservation,Cerro_Hoya_Expedition_Hoya_1204m_lightPotoro_2025-01-26_2025-01-28,Cerro_Hoya_Expedition_Hoya_1204m_lightPotoro_2025-01-26,lightPotoro_2025_01_28__23_36_22_HDR0.jpg,lightPotoro_2025_01_28__23_36_22_HDR0_1_Mothbot_yolo11m_4500_imgsz1600_b1_2024-01-18.pt.jpg
,Animalia,Arthropoda,Insecta,Diptera,,,,,,,Diptera,Diptera,Cerro_Hoya_Expedition_Hoya_1204m_lightPotoro_2025-01-26,lightPotoro_2025_01_28__23_36_22_HDR0_2_Mothbot_yolo11m_4500_imgsz1600_b1_2024-01-18.pt.jpg,HS,Mothbot_yolo11m_4500_imgsz1600_b1_2024-01-18.pt,0.748111367225647,,lightPotoro,Cerro_Hoya_Expedition/Hoya_1204m_lightPotoro_2025-01-26/2025-01-28/patches/lightPotoro_2025_01_28__23_36_22_HDR0_2_Mothbot_yolo11m_4500_imgsz1600_b1_2024-01-18.pt.jpg,ORDER_Diptera,2025-01-28,23:36:22,,2025_01_28__23_36_22,MachineObservation,Cerro_Hoya_Expedition_Hoya_1204m_lightPotoro_2025-01-26_2025-01-28,Cerro_Hoya_Expedition_Hoya_1204m_lightPotoro_2025-01-26,lightPotoro_2025_01_28__23_36_22_HDR0.jpg,lightPotoro_2025_01_28__23_36_22_HDR0_2_Mothbot_yolo11m_4500_imgsz1600_b1_2024-01-18.pt.jpg
doi.org10.15468dl.6nxkw6.csv,Animalia,Arthropoda,Insecta,Diptera,,,,,,,Diptera,Diptera,Cerro_Hoya_Expedition_Hoya_1204m_lightPotoro_2025-01-26,lightPotoro_2025_01_28__23_36_22_HDR0_3_Mothbot_yolo11m_4500_imgsz1600_b1_2024-01-18.pt.jpg,HS,Mothbot_yolo11m_4500_imgsz1600_b1_2024-01-18.pt,0.6857394576072693,,lightPotoro,Cerro_Hoya_Expedition/Hoya_1204m_lightPotoro_2025-01-26/2025-01-28/patches/lightPotoro_2025_01_28__23_36_22_HDR0_3_Mothbot_yolo11m_4500_imgsz1600_b1_2024-01-18.pt.jpg,ORDER_Hymenoptera,2025-01-28,23:36:22,,2025_01_28__23_36_22,MachineObservation,Cerro_Hoya_Expedition_Hoya_1204m_lightPotoro_2025-01-26_2025-01-28,Cerro_Hoya_Expedition_Hoya_1204m_lightPotoro_2025-01-26,lightPotoro_2025_01_28__23_36_22_HDR0.jpg,lightPotoro_2025_01_28__23_36_22_HDR0_3_Mothbot_yolo11m_4500_imgsz1600_b1_2024-01-18.pt.jpg
,Animalia,Arthropoda,Insecta,Diptera,,,,,,,Diptera,Diptera,Cerro_Hoya_Expedition_Hoya_1204m_lightPotoro_2025-01-26,lightPotoro_2025_01_28__23_36_22_HDR0_4_Mothbot_yolo11m_4500_imgsz1600_b1_2024-01-18.pt.jpg,HS,Mothbot_yolo11m_4500_imgsz1600_b1_2024-01-18.pt,0.658254861831665,,lightPotoro,Cerro_Hoya_Expedition/Hoya_1204m_lightPotoro_2025-01-26/2025-01-28/patches/lightPotoro_2025_01_28__23_36_22_HDR0_4_Mothbot_yolo11m_4500_imgsz1600_b1_2024-01-18.pt.jpg,ORDER_Diptera,2025-01-28,23:36:22,,2025_01_28__23_36_22,MachineObservation,Cerro_Hoya_Expedition_Hoya_1204m_lightPotoro_2025-01-26_2025-01-28,Cerro_Hoya_Expedition_Hoya_1204m_lightPotoro_2025-01-26,lightPotoro_2025_01_28__23_36_22_HDR0.jpg,lightPotoro_2025_01_28__23_36_22_HDR0_4_Mothbot_yolo11m_4500_imgsz1600_b1_2024-01-18.pt.jpg
,Animalia,Arthropoda,Insecta,Hemiptera,,,,,,,Hemiptera,Hemiptera,Cerro_Hoya_Expedition_Hoya_1204m_lightPotoro_2025-01-26,lightPotoro_2025_01_28__23_36_22_HDR0_5_Mothbot_yolo11m_4500_imgsz1600_b1_2024-01-18.pt.jpg,HS,Mothbot_yolo11m_4500_imgsz1600_b1_2024-01-18.pt,0.6543158292770386,,lightPotoro,Cerro_Hoya_Expedition/Hoya_1204m_lightPotoro_2025-01-26/2025-01-28/patches/lightPotoro_2025_01_28__23_36_22_HDR0_5_Mothbot_yolo11m_4500_imgsz1600_b1_2024-01-18.pt.jpg,ORDER_Hemiptera,2025-01-28,23:36:22,,2025_01_28__23_36_22,MachineObservation,Cerro_Hoya_Expedition_Hoya_1204m_lightPotoro_2025-01-26_2025-01-28,Cerro_Hoya_Expedition_Hoya_1204m_lightPotoro_2025-01-26,lightPotoro_2025_01_28__23_36_22_HDR0.jpg,lightPotoro_2025_01_28__23_36_22_HDR0_5_Mothbot_yolo11m_4500_imgsz1600_b1_2024-01-18.pt.jpg
,Animalia,Arthropoda,Insecta,Diptera,,,,,,,Diptera,Diptera,Cerro_Hoya_Expedition_Hoya_1204m_lightPotoro_2025-01-26,lightPotoro_2025_01_28__23_36_22_HDR0_6_Mothbot_yolo11m_4500_imgsz1600_b1_2024-01-18.pt.jpg,HS,Mothbot_yolo11m_4500_imgsz1600_b1_2024-01-18.pt,0.5881612300872803,,lightPotoro,Cerro_Hoya_Expedition/Hoya_1204m_lightPotoro_2025-01-26/2025-01-28/patches/lightPotoro_2025_01_28__23_36_22_HDR0_6_Mothbot_yolo11m_4500_imgsz1600_b1_2024-01-18.pt.jpg,ORDER_Diptera,2025-01-28,23:36:22,,2025_01_28__23_36_22,MachineObservation,Cerro_Hoya_Expedition_Hoya_1204m_lightPotoro_2025-01-26_2025-01-28,Cerro_Hoya_Expedition_Hoya_1204m_lightPotoro_2025-01-26,lightPotoro_2025_01_28__23_36_22_HDR0.jpg,lightPotoro_2025_01_28__23_36_22_HDR0_6_Mothbot_yolo11m_4500_imgsz1600_b1_2024-01-18.pt.jpg
doi.org10.15468dl.6nxkw6.csv,Animalia,Arthropoda,Insecta,Diptera,,,,,,,Diptera,Diptera,Cerro_Hoya_Expedition_Hoya_1204m_lightPotoro_2025-01-26,lightPotoro_2025_01_28__23_36_22_HDR0_7_Mothbot_yolo11m_4500_imgsz1600_b1_2024-01-18.pt.jpg,HS,Mothbot_yolo11m_4500_imgsz1600_b1_2024-01-18.pt,0.5252040028572083,,lightPotoro,Cerro_Hoya_Expedition/Hoya_1204m_lightPotoro_2025-01-26/2025-01-28/patches/lightPotoro_2025_01_28__23_36_22_HDR0_7_Mothbot_yolo11m_4500_imgsz1600_b1_2024-01-18.pt.jpg,ORDER_Coleoptera,2025-01-28,23:36:22,,2025_01_28__23_36_22,MachineObservation,Cerro_Hoya_Expedition_Hoya_1204m_lightPotoro_2025-01-26_2025-01-28,Cerro_Hoya_Expedition_Hoya_1204m_lightPotoro_2025-01-26,lightPotoro_2025_01_28__23_36_22_HDR0.jpg,lightPotoro_2025_01_28__23_36_22_HDR0_7_Mothbot_yolo11m_4500_imgsz1600_b1_2024-01-18.pt.jpg
doi.org10.15468dl.6nxkw6.csv,Animalia,Arthropoda,Insecta,Hemiptera,,,,,,,Hemiptera,Hemiptera,Cerro_Hoya_Expedition_Hoya_1204m_lightPotoro_2025-01-26,lightPotoro_2025_01_28__23_36_22_HDR0_8_Mothbot_yolo11m_4500_imgsz1600_b1_2024-01-18.pt.jpg,HS,Mothbot_yolo11m_4500_imgsz1600_b1_2024-01-18.pt,0.48763230443000793,,lightPotoro,Cerro_Hoya_Expedition/Hoya_1204m_lightPotoro_2025-01-26/2025-01-28/patches/lightPotoro_2025_01_28__23_36_22_HDR0_8_Mothbot_yolo11m_4500_imgsz1600_b1_2024-01-18.pt.jpg,ORDER_Diptera,2025-01-28,23:36:22,,2025_01_28__23_36_22,MachineObservation,Cerro_Hoya_Expedition_Hoya_1204m_lightPotoro_2025-01-26_2025-01-28,Cerro_Hoya_Expedition_Hoya_1204m_lightPotoro_2025-01-26,lightPotoro_2025_01_28__23_36_22_HDR0.jpg,lightPotoro_2025_01_28__23_36_22_HDR0_8_Mothbot_yolo11m_4500_imgsz1600_b1_2024-01-18.pt.jpg
doi.org10.15468dl.6nxkw6.csv,Animalia,Arthropoda,Insecta,Diptera,,,,,,,Diptera,Diptera,Cerro_Hoya_Expedition_Hoya_1204m_lightPotoro_2025-01-26,lightPotoro_2025_01_28__23_36_22_HDR0_9_Mothbot_yolo11m_4500_imgsz1600_b1_2024-01-18.pt.jpg,HS,Mothbot_yolo11m_4500_imgsz1600_b1_2024-01-18.pt,0.3008566200733185,,lightPotoro,Cerro_Hoya_Expedition/Hoya_1204m_lightPotoro_2025-01-26/2025-01-28/patches/lightPotoro_2025_01_28__23_36_22_HDR0_9_Mothbot_yolo11m_4500_imgsz1600_b1_2024-01-18.pt.jpg,ORDER_Coleoptera,2025-01-28,23:36:22,,2025_01_28__23_36_22,MachineObservation,Cerro_Hoya_Expedition_Hoya_1204m_lightPotoro_2025-01-26_2025-01-28,Cerro_Hoya_Expedition_Hoya_1204m_lightPotoro_2025-01-26,lightPotoro_2025_01_28__23_36_22_HDR0.jpg,lightPotoro_2025_01_28__23_36_22_HDR0_9_Mothbot_yolo11m_4500_imgsz1600_b1_2024-01-18.pt.jpg
doi.org10.15468dl.6nxkw6.csv,Animalia,Arthropoda,Insecta,Hemiptera,,,,,,,Hemiptera,Hemiptera,Cerro_Hoya_Expedition_Hoya_1204m_lightPotoro_2025-01-26,lightPotoro_2025_01_28__23_37_06_HDR0_0_Mothbot_yolo11m_4500_imgsz1600_b1_2024-01-18.pt.jpg,HS,Mothbot_yolo11m_4500_imgsz1600_b1_2024-01-18.pt,0.8142692446708679,,lightPotoro,Cerro_Hoya_Expedition/Hoya_1204m_lightPotoro_2025-01-26/2025-01-28/patches/lightPotoro_2025_01_28__23_37_06_HDR0_0_Mothbot_yolo11m_4500_imgsz1600_b1_2024-01-18.pt.jpg,ORDER_Hymenoptera,2025-01-28,23:37:06,,2025_01_28__23_37_06,MachineObservation,Cerro_Hoya_Expedition_Hoya_1204m_lightPotoro_2025-01-26_2025-01-28,Cerro_Hoya_Expedition_Hoya_1204m_lightPotoro_2025-01-26,lightPotoro_2025_01_28__23_37_06_HDR0.jpg,lightPotoro_2025_01_28__23_37_06_HDR0_0_Mothbot_yolo11m_4500_imgsz1600_b1_2024-01-18.pt.jpg
doi.org10.15468dl.6nxkw6.csv,Animalia,Arthropoda,Insecta,Diptera,,,,,,,Diptera,Diptera,Cerro_Hoya_Expedition_Hoya_1204m_lightPotoro_2025-01-26,lightPotoro_2025_01_28__23_37_06_HDR0_1_Mothbot_yolo11m_4500_imgsz1600_b1_2024-01-18.pt.jpg,HS,Mothbot_yolo11m_4500_imgsz1600_b1_2024-01-18.pt,0.784259021282196,,lightPotoro,Cerro_Hoya_Expedition/Hoya_1204m_lightPotoro_2025-01-26/2025-01-28/patches/lightPotoro_2025_01_28__23_37_06_HDR0_1_Mothbot_yolo11m_4500_imgsz1600_b1_2024-01-18.pt.jpg,ORDER_Lepidoptera,2025-01-28,23:37:06,,2025_01_28__23_37_06,MachineObservation,Cerro_Hoya_Expedition_Hoya_1204m_lightPotoro_2025-01-26_2025-01-28,Cerro_Hoya_Expedition_Hoya_1204m_lightPotoro_2025-01-26,lightPotoro_2025_01_28__23_37_06_HDR0.jpg,lightPotoro_2025_01_28__23_37_06_HDR0_1_Mothbot_yolo11m_4500_imgsz1600_b1_2024-01-18.pt.jpg
doi.org10.15468dl.6nxkw6.csv,Animalia,Arthropoda,Insecta,Diptera,,,,,,,Diptera,Diptera,Cerro_Hoya_Expedition_Hoya_1204m_lightPotoro_2025-01-26,lightPotoro_2025_01_28__23_37_06_HDR0_2_Mothbot_yolo11m_4500_imgsz1600_b1_2024-01-18.pt.jpg,HS,Mothbot_yolo11m_4500_imgsz1600_b1_2024-01-18.pt,0.758399486541748,,lightPotoro,Cerro_Hoya_Expedition/Hoya_1204m_lightPotoro_2025-01-26/2025-01-28/patches/lightPotoro_2025_01_28__23_37_06_HDR0_2_Mothbot_yolo11m_4500_imgsz1600_b1_2024-01-18.pt.jpg,ORDER_Coleoptera,2025-01-28,23:37:06,,2025_01_28__23_37_06,MachineObservation,Cerro_Hoya_Expedition_Hoya_1204m_lightPotoro_2025-01-26_2025-01-28,Cerro_Hoya_Expedition_Hoya_1204m_lightPotoro_2025-01-26,lightPotoro_2025_01_28__23_37_06_HDR0.jpg,lightPotoro_2025_01_28__23_37_06_HDR0_2_Mothbot_yolo11m_4500_imgsz1600_b1_2024-01-18.pt.jpg
,Animalia,Arthropoda,Insecta,Diptera,,,,,,,Diptera,Diptera,Cerro_Hoya_Expedition_Hoya_1204m_lightPotoro_2025-01-26,lightPotoro_2025_01_28__23_37_06_HDR0_3_Mothbot_yolo11m_4500_imgsz1600_b1_2024-01-18.pt.jpg,HS,Mothbot_yolo11m_4500_imgsz1600_b1_2024-01-18.pt,0.665103554725647,,lightPotoro,Cerro_Hoya_Expedition/Hoya_1204m_lightPotoro_2025-01-26/2025-01-28/patches/lightPotoro_2025_01_28__23_37_06_HDR0_3_Mothbot_yolo11m_4500_imgsz1600_b1_2024-01-18.pt.jpg,ORDER_Diptera,2025-01-28,23:37:06,,2025_01_28__23_37_06,MachineObservation,Cerro_Hoya_Expedition_Hoya_1204m_lightPotoro_2025-01-26_2025-01-28,Cerro_Hoya_Expedition_Hoya_1204m_lightPotoro_2025-01-26,lightPotoro_2025_01_28__23_37_06_HDR0.jpg,lightPotoro_2025_01_28__23_37_06_HDR0_3_Mothbot_yolo11m_4500_imgsz1600_b1_2024-01-18.pt.jpg
,Animalia,Arthropoda,Insecta,Hemiptera,,,,,,,Hemiptera,Hemiptera,Cerro_Hoya_Expedition_Hoya_1204m_lightPotoro_2025-01-26,lightPotoro_2025_01_28__23_37_06_HDR0_4_Mothbot_yolo11m_4500_imgsz1600_b1_2024-01-18.pt.jpg,HS,Mothbot_yolo11m_4500_imgsz1600_b1_2024-01-18.pt,0.6631612777709961,,lightPotoro,Cerro_Hoya_Expedition/Hoya_1204m_lightPotoro_2025-01-26/2025-01-28/patches/lightPotoro_2025_01_28__23_37_06_HDR0_4_Mothbot_yolo11m_4500_imgsz1600_b1_2024-01-18.pt.jpg,ORDER_Hemiptera,2025-01-28,23:37:06,,2025_01_28__23_37_06,MachineObservation,Cerro_Hoya_Expedition_Hoya_1204m_lightPotoro_2025-01-26_2025-01-28,Cerro_Hoya_Expedition_Hoya_1204m_lightPotoro_2025-01-26,lightPotoro_2025_01_28__23_37_06_HDR0.jpg,lightPotoro_2025_01_28__23_37_06_HDR0_4_Mothbot_yolo11m_4500_imgsz1600_b1_2024-01-18.pt.jpg
,Animalia,Arthropoda,Insecta,Diptera,,,,,,,Diptera,Diptera,Cerro_Hoya_Expedition_Hoya_1204m_lightPotoro_2025-01-26,lightPotoro_2025_01_28__23_37_06_HDR0_5_Mothbot_yolo11m_4500_imgsz1600_b1_2024-01-18.pt.jpg,HS,Mothbot_yolo11m_4500_imgsz1600_b1_2024-01-18.pt,0.6485995650291443,,lightPotoro,Cerro_Hoya_Expedition/Hoya_1204m_lightPotoro_2025-01-26/2025-01-28/patches/lightPotoro_2025_01_28__23_37_06_HDR0_5_Mothbot_yolo11m_4500_imgsz1600_b1_2024-01-18.pt.jpg,ORDER_Diptera,2025-01-28,23:37:06,,2025_01_28__23_37_06,MachineObservation,Cerro_Hoya_Expedition_Hoya_1204m_lightPotoro_2025-01-26_2025-01-28,Cerro_Hoya_Expedition_Hoya_1204m_lightPotoro_2025-01-26,lightPotoro_2025_01_28__23_37_06_HDR0.jpg,lightPotoro_2025_01_28__23_37_06_HDR0_5_Mothbot_yolo11m_4500_imgsz1600_b1_2024-01-18.pt.jpg
doi.org10.15468dl.6nxkw6.csv,Animalia,Arthropoda,Insecta,Diptera,,,,,,,Diptera,Diptera,Cerro_Hoya_Expedition_Hoya_1204m_lightPotoro_2025-01-26,lightPotoro_2025_01_28__23_37_06_HDR0_6_Mothbot_yolo11m_4500_imgsz1600_b1_2024-01-18.pt.jpg,HS,Mothbot_yolo11m_4500_imgsz1600_b1_2024-01-18.pt,0.47018420696258545,,lightPotoro,Cerro_Hoya_Expedition/Hoya_1204m_lightPotoro_2025-01-26/2025-01-28/patches/lightPotoro_2025_01_28__23_37_06_HDR0_6_Mothbot_yolo11m_4500_imgsz1600_b1_2024-01-18.pt.jpg,ORDER_Coleoptera,2025-01-28,23:37:06,,2025_01_28__23_37_06,MachineObservation,Cerro_Hoya_Expedition_Hoya_1204m_lightPotoro_2025-01-26_2025-01-28,Cerro_Hoya_Expedition_Hoya_1204m_lightPotoro_2025-01-26,lightPotoro_2025_01_28__23_37_06_HDR0.jpg,lightPotoro_2025_01_28__23_37_06_HDR0_6_Mothbot_yolo11m_4500_imgsz1600_b1_2024-01-18.pt.jpg
doi.org10.15468dl.6nxkw6.csv,Animalia,Arthropoda,Insecta,Hemiptera,,,,,,,Hemiptera,Hemiptera,Cerro_Hoya_Expedition_Hoya_1204m_lightPotoro_2025-01-26,lightPotoro_2025_01_28__23_38_06_HDR0_0_Mothbot_yolo11m_4500_imgsz1600_b1_2024-01-18.pt.jpg,HS,Mothbot_yolo11m_4500_imgsz1600_b1_2024-01-18.pt,0.8041878938674927,,lightPotoro,Cerro_Hoya_Expedition/Hoya_1204m_lightPotoro_2025-01-26/2025-01-28/patches/lightPotoro_2025_01_28__23_38_06_HDR0_0_Mothbot_yolo11m_4500_imgsz1600_b1_2024-01-18.pt.jpg,ORDER_Coleoptera,2025-01-28,23:38:06,,2025_01_28__23_38_06,MachineObservation,Cerro_Hoya_Expedition_Hoya_1204m_lightPotoro_2025-01-26_2025-01-28,Cerro_Hoya_Expedition_Hoya_1204m_lightPotoro_2025-01-26,lightPotoro_2025_01_28__23_38_06_HDR0.jpg,lightPotoro_2025_01_28__23_38_06_HDR0_0_Mothbot_yolo11m_4500_imgsz1600_b1_2024-01-18.pt.jpg
doi.org10.15468dl.6nxkw6.csv,Animalia,Arthropoda,Insecta,Diptera,,,,,,,Diptera,Diptera,Cerro_Hoya_Expedition_Hoya_1204m_lightPotoro_2025-01-26,lightPotoro_2025_01_28__23_38_06_HDR0_1_Mothbot_yolo11m_4500_imgsz1600_b1_2024-01-18.pt.jpg,HS,Mothbot_yolo11m_4500_imgsz1600_b1_2024-01-18.pt,0.7666304111480713,,lightPotoro,Cerro_Hoya_Expedition/Hoya_1204m_lightPotoro_2025-01-26/2025-01-28/patches/lightPotoro_2025_01_28__23_38_06_HDR0_1_Mothbot_yolo11m_4500_imgsz1600_b1_2024-01-18.pt.jpg,ORDER_Lepidoptera,2025-01-28,23:38:06,,2025_01_28__23_38_06,MachineObservation,Cerro_Hoya_Expedition_Hoya_1204m_lightPotoro_2025-01-26_2025-01-28,Cerro_Hoya_Expedition_Hoya_1204m_lightPotoro_2025-01-26,lightPotoro_2025_01_28__23_38_06_HDR0.jpg,lightPotoro_2025_01_28__23_38_06_HDR0_1_Mothbot_yolo11m_4500_imgsz1600_b1_2024-01-18.pt.jpg
doi.org10.15468dl.6nxkw6.csv,Animalia,Arthropoda,Insecta,Diptera,,,,,,,Diptera,Diptera,Cerro_Hoya_Expedition_Hoya_1204m_lightPotoro_2025-01-26,lightPotoro_2025_01_28__23_38_06_HDR0_2_Mothbot_yolo11m_4500_imgsz1600_b1_2024-01-18.pt.jpg,HS,Mothbot_yolo11m_4500_imgsz1600_b1_2024-01-18.pt,0.7529662251472473,,lightPotoro,Cerro_Hoya_Expedition/Hoya_1204m_lightPotoro_2025-01-26/2025-01-28/patches/lightPotoro_2025_01_28__23_38_06_HDR0_2_Mothbot_yolo11m_4500_imgsz1600_b1_2024-01-18.pt.jpg,ORDER_Lepidoptera,2025-01-28,23:38:06,,2025_01_28__23_38_06,MachineObservation,Cerro_Hoya_Expedition_Hoya_1204m_lightPotoro_2025-01-26_2025-01-28,Cerro_Hoya_Expedition_Hoya_1204m_lightPotoro_2025-01-26,lightPotoro_2025_01_28__23_38_06_HDR0.jpg,lightPotoro_2025_01_28__23_38_06_HDR0_2_Mothbot_yolo11m_4500_imgsz1600_b1_2024-01-18.pt.jpg
doi.org10.15468dl.6nxkw6.csv,Animalia,Arthropoda,Insecta,Hemiptera,,,,,,,Hemiptera,Hemiptera,Cerro_Hoya_Expedition_Hoya_1204m_lightPotoro_2025-01-26,lightPotoro_2025_01_28__23_38_06_HDR0_3_Mothbot_yolo11m_4500_imgsz1600_b1_2024-01-18.pt.jpg,HS,Mothbot_yolo11m_4500_imgsz1600_b1_2024-01-18.pt,0.5940595269203186,,lightPotoro,Cerro_Hoya_Expedition/Hoya_1204m_lightPotoro_2025-01-26/2025-01-28/patches/lightPotoro_2025_01_28__23_38_06_HDR0_3_Mothbot_yolo11m_4500_imgsz1600_b1_2024-01-18.pt.jpg,ORDER_Psocodea,2025-01-28,23:38:06,,2025_01_28__23_38_06,MachineObservation,Cerro_Hoya_Expedition_Hoya_1204m_lightPotoro_2025-01-26_2025-01-28,Cerro_Hoya_Expedition_Hoya_1204m_lightPotoro_2025-01-26,lightPotoro_2025_01_28__23_38_06_HDR0.jpg,lightPotoro_2025_01_28__23_38_06_HDR0_3_Mothbot_yolo11m_4500_imgsz1600_b1_2024-01-18.pt.jpg
,Animalia,Arthropoda,Insecta,Diptera,,,,,,,Diptera,Diptera,Cerro_Hoya_Expedition_Hoya_1204m_lightPotoro_2025-01-26,lightPotoro_2025_01_28__23_38_06_HDR0_4_Mothbot_yolo11m_4500_imgsz1600_b1_2024-01-18.pt.jpg,HS,Mothbot_yolo11m_4500_imgsz1600_b1_2024-01-18.pt,0.548845648765564,,lightPotoro,Cerro_Hoya_Expedition/Hoya_1204m_lightPotoro_2025-01-26/2025-01-28/patches/lightPotoro_2025_01_28__23_38_06_HDR0_4_Mothbot_yolo11m_4500_imgsz1600_b1_2024-01-18.pt.jpg,ORDER_Diptera,2025-01-28,23:38:06,,2025_01_28__23_38_06,MachineObservation,Cerro_Hoya_Expedition_Hoya_1204m_lightPotoro_2025-01-26_2025-01-28,Cerro_Hoya_Expedition_Hoya_1204m_lightPotoro_2025-01-26,lightPotoro_2025_01_28__23_38_06_HDR0.jpg,lightPotoro_2025_01_28__23_38_06_HDR0_4_Mothbot_yolo11m_4500_imgsz1600_b1_2024-01-18.pt.jpg
doi.org10.15468dl.6nxkw6.csv,Animalia,Arthropoda,Insecta,Diptera,,,,,,,Diptera,Diptera,Cerro_Hoya_Expedition_Hoya_1204m_lightPotoro_2025-01-26,lightPotoro_2025_01_28__23_38_06_HDR0_5_Mothbot_yolo11m_4500_imgsz1600_b1_2024-01-18.pt.jpg,HS,Mothbot_yolo11m_4500_imgsz1600_b1_2024-01-18.pt,0.4365800619125366,,lightPotoro,Cerro_Hoya_Expedition/Hoya_1204m_lightPotoro_2025-01-26/2025-01-28/patches/lightPotoro_2025_01_28__23_38_06_HDR0_5_Mothbot_yolo11m_4500_imgsz1600_b1_2024-01-18.pt.jpg,ORDER_Coleoptera,2025-01-28,23:38:06,,2025_01_28__23_38_06,MachineObservation,Cerro_Hoya_Expedition_Hoya_1204m_lightPotoro_2025-01-26_2025-01-28,Cerro_Hoya_Expedition_Hoya_1204m_lightPotoro_2025-01-26,lightPotoro_2025_01_28__23_38_06_HDR0.jpg,lightPotoro_2025_01_28__23_38_06_HDR0_5_Mothbot_yolo11m_4500_imgsz1600_b1_2024-01-18.pt.jpg
doi.org10.15468dl.6nxkw6.csv,Animalia,Arthropoda,Insecta,Diptera,,,,,,,Diptera,Diptera,Cerro_Hoya_Expedition_Hoya_1204m_lightPotoro_2025-01-26,lightPotoro_2025_01_28__23_38_06_HDR0_6_Mothbot_yolo11m_4500_imgsz1600_b1_2024-01-18.pt.jpg,HS,Mothbot_yolo11m_4500_imgsz1600_b1_2024-01-18.pt,0.4324377477169037,,lightPotoro,Cerro_Hoya_Expedition/Hoya_1204m_lightPotoro_2025-01-26/2025-01-28/patches/lightPotoro_2025_01_28__23_38_06_HDR0_6_Mothbot_yolo11m_4500_imgsz1600_b1_2024-01-18.pt.jpg,ORDER_Coleoptera,2025-01-28,23:38:06,,2025_01_28__23_38_06,MachineObservation,Cerro_Hoya_Expedition_Hoya_1204m_lightPotoro_2025-01-26_2025-01-28,Cerro_Hoya_Expedition_Hoya_1204m_lightPotoro_2025-01-26,lightPotoro_2025_01_28__23_38_06_HDR0.jpg,lightPotoro_2025_01_28__23_38_06_HDR0_6_Mothbot_yolo11m_4500_imgsz1600_b1_2024-01-18.pt.jpg
doi.org10.15468dl.6nxkw6.csv,Animalia,Arthropoda,Insecta,Hemiptera,,,,,,,Hemiptera,Hemiptera,Cerro_Hoya_Expedition_Hoya_1204m_lightPotoro_2025-01-26,lightPotoro_2025_01_28__23_38_06_HDR0_7_Mothbot_yolo11m_4500_imgsz1600_b1_2024-01-18.pt.jpg,HS,Mothbot_yolo11m_4500_imgsz1600_b1_2024-01-18.pt,0.39095553755760193,,lightPotoro,Cerro_Hoya_Expedition/Hoya_1204m_lightPotoro_2025-01-26/2025-01-28/patches/lightPotoro_2025_01_28__23_38_06_HDR0_7_Mothbot_yolo11m_4500_imgsz1600_b1_2024-01-18.pt.jpg,ORDER_Diptera,2025-01-28,23:38:06,,2025_01_28__23_38_06,MachineObservation,Cerro_Hoya_Expedition_Hoya_1204m_lightPotoro_2025-01-26_2025-01-28,Cerro_Hoya_Expedition_Hoya_1204m_lightPotoro_2025-01-26,lightPotoro_2025_01_28__23_38_06_HDR0.jpg,lightPotoro_2025_01_28__23_38_06_HDR0_7_Mothbot_yolo11m_4500_imgsz1600_b1_2024-01-18.pt.jpg
,Animalia,Arthropoda,Insecta,Diptera,,,,,,,Diptera,Diptera,Cerro_Hoya_Expedition_Hoya_1204m_lightPotoro_2025-01-26,lightPotoro_2025_01_28__23_39_06_HDR0_0_Mothbot_yolo11m_4500_imgsz1600_b1_2024-01-18.pt.jpg,HS,Mothbot_yolo11m_4500_imgsz1600_b1_2024-01-18.pt,0.8550150990486145,,lightPotoro,Cerro_Hoya_Expedition/Hoya_1204m_lightPotoro_2025-01-26/2025-01-28/patches/lightPotoro_2025_01_28__23_39_06_HDR0_0_Mothbot_yolo11m_4500_imgsz1600_b1_2024-01-18.pt.jpg,ORDER_Diptera,2025-01-28,23:39:06,,2025_01_28__23_39_06,MachineObservation,Cerro_Hoya_Expedition_Hoya_1204m_lightPotoro_2025-01-26_2025-01-28,Cerro_Hoya_Expedition_Hoya_1204m_lightPotoro_2025-01-26,lightPotoro_2025_01_28__23_39_06_HDR0.jpg,lightPotoro_2025_01_28__23_39_06_HDR0_0_Mothbot_yolo11m_4500_imgsz1600_b1_2024-01-18.pt.jpg
doi.org10.15468dl.6nxkw6.csv,Animalia,Arthropoda,Insecta,Hemiptera,,,,,,,Hemiptera,Hemiptera,Cerro_Hoya_Expedition_Hoya_1204m_lightPotoro_2025-01-26,lightPotoro_2025_01_28__23_39_06_HDR0_1_Mothbot_yolo11m_4500_imgsz1600_b1_2024-01-18.pt.jpg,HS,Mothbot_yolo11m_4500_imgsz1600_b1_2024-01-18.pt,0.798182487487793,,lightPotoro,Cerro_Hoya_Expedition/Hoya_1204m_lightPotoro_2025-01-26/2025-01-28/patches/lightPotoro_2025_01_28__23_39_06_HDR0_1_Mothbot_yolo11m_4500_imgsz1600_b1_2024-01-18.pt.jpg,ORDER_Psocodea,2025-01-28,23:39:06,,2025_01_28__23_39_06,MachineObservation,Cerro_Hoya_Expedition_Hoya_1204m_lightPotoro_2025-01-26_2025-01-28,Cerro_Hoya_Expedition_Hoya_1204m_lightPotoro_2025-01-26,lightPotoro_2025_01_28__23_39_06_HDR0.jpg,lightPotoro_2025_01_28__23_39_06_HDR0_1_Mothbot_yolo11m_4500_imgsz1600_b1_2024-01-18.pt.jpg
,Animalia,Arthropoda,Insecta,Diptera,,,,,,,Diptera,Diptera,Cerro_Hoya_Expedition_Hoya_1204m_lightPotoro_2025-01-26,lightPotoro_2025_01_28__23_39_06_HDR0_2_Mothbot_yolo11m_4500_imgsz1600_b1_2024-01-18.pt.jpg,HS,Mothbot_yolo11m_4500_imgsz1600_b1_2024-01-18.pt,0.7909412384033203,,lightPotoro,Cerro_Hoya_Expedition/Hoya_1204m_lightPotoro_2025-01-26/2025-01-28/patches/lightPotoro_2025_01_28__23_39_06_HDR0_2_Mothbot_yolo11m_4500_imgsz1600_b1_2024-01-18.pt.jpg,ORDER_Diptera,2025-01-28,23:39:06,,2025_01_28__23_39_06,MachineObservation,Cerro_Hoya_Expedition_Hoya_1204m_lightPotoro_2025-01-26_2025-01-28,Cerro_Hoya_Expedition_Hoya_1204m_lightPotoro_2025-01-26,lightPotoro_2025_01_28__23_39_06_HDR0.jpg,lightPotoro_2025_01_28__23_39_06_HDR0_2_Mothbot_yolo11m_4500_imgsz1600_b1_2024-01-18.pt.jpg
,Animalia,Arthropoda,Insecta,Diptera,,,,,,,Diptera,Diptera,Cerro_Hoya_Expedition_Hoya_1204m_lightPotoro_2025-01-26,lightPotoro_2025_01_28__23_39_06_HDR0_3_Mothbot_yolo11m_4500_imgsz1600_b1_2024-01-18.pt.jpg,HS,Mothbot_yolo11m_4500_imgsz1600_b1_2024-01-18.pt,0.785742998123169,,lightPotoro,Cerro_Hoya_Expedition/Hoya_1204m_lightPotoro_2025-01-26/2025-01-28/patches/lightPotoro_2025_01_28__23_39_06_HDR0_3_Mothbot_yolo11m_4500_imgsz1600_b1_2024-01-18.pt.jpg,ORDER_Diptera,2025-01-28,23:39:06,,2025_01_28__23_39_06,MachineObservation,Cerro_Hoya_Expedition_Hoya_1204m_lightPotoro_2025-01-26_2025-01-28,Cerro_Hoya_Expedition_Hoya_1204m_lightPotoro_2025-01-26,lightPotoro_2025_01_28__23_39_06_HDR0.jpg,lightPotoro_2025_01_28__23_39_06_HDR0_3_Mothbot_yolo11m_4500_imgsz1600_b1_2024-01-18.pt.jpg
doi.org10.15468dl.6nxkw6.csv,Animalia,Arthropoda,Insecta,Hemiptera,,,,,,,Hemiptera,Hemiptera,Cerro_Hoya_Expedition_Hoya_1204m_lightPotoro_2025-01-26,lightPotoro_2025_01_28__23_39_06_HDR0_4_Mothbot_yolo11m_4500_imgsz1600_b1_2024-01-18.pt.jpg,HS,Mothbot_yolo11m_4500_imgsz1600_b1_2024-01-18.pt,0.7844790816307068,,lightPotoro,Cerro_Hoya_Expedition/Hoya_1204m_lightPotoro_2025-01-26/2025-01-28/patches/lightPotoro_2025_01_28__23_39_06_HDR0_4_Mothbot_yolo11m_4500_imgsz1600_b1_2024-01-18.pt.jpg,ORDER_Diptera,2025-01-28,23:39:06,,2025_01_28__23_39_06,MachineObservation,Cerro_Hoya_Expedition_Hoya_1204m_lightPotoro_2025-01-26_2025-01-28,Cerro_Hoya_Expedition_Hoya_1204m_lightPotoro_2025-01-26,lightPotoro_2025_01_28__23_39_06_HDR0.jpg,lightPotoro_2025_01_28__23_39_06_HDR0_4_Mothbot_yolo11m_4500_imgsz1600_b1_2024-01-18.pt.jpg
,Animalia,Arthropoda,Insecta,Diptera,,,,,,,Diptera,Diptera,Cerro_Hoya_Expedition_Hoya_1204m_lightPotoro_2025-01-26,lightPotoro_2025_01_28__23_39_06_HDR0_5_Mothbot_yolo11m_4500_imgsz1600_b1_2024-01-18.pt.jpg,HS,Mothbot_yolo11m_4500_imgsz1600_b1_2024-01-18.pt,0.7597821354866028,,lightPotoro,Cerro_Hoya_Expedition/Hoya_1204m_lightPotoro_2025-01-26/2025-01-28/patches/lightPotoro_2025_01_28__23_39_06_HDR0_5_Mothbot_yolo11m_4500_imgsz1600_b1_2024-01-18.pt.jpg,ORDER_Diptera,2025-01-28,23:39:06,,2025_01_28__23_39_06,MachineObservation,Cerro_Hoya_Expedition_Hoya_1204m_lightPotoro_2025-01-26_2025-01-28,Cerro_Hoya_Expedition_Hoya_1204m_lightPotoro_2025-01-26,lightPotoro_2025_01_28__23_39_06_HDR0.jpg,lightPotoro_2025_01_28__23_39_06_HDR0_5_Mothbot_yolo11m_4500_imgsz1600_b1_2024-01-18.pt.jpg
doi.org10.15468dl.6nxkw6.csv,Animalia,Arthropoda,Insecta,Hemiptera,,,,,,,Hemiptera,Hemiptera,Cerro_Hoya_Expedition_Hoya_1204m_lightPotoro_2025-01-26,lightPotoro_2025_01_28__23_39_06_HDR0_6_Mothbot_yolo11m_4500_imgsz1600_b1_2024-01-18.pt.jpg,HS,Mothbot_yolo11m_4500_imgsz1600_b1_2024-01-18.pt,0.4480193257331848,,lightPotoro,Cerro_Hoya_Expedition/Hoya_1204m_lightPotoro_2025-01-26/2025-01-28/patches/lightPotoro_2025_01_28__23_39_06_HDR0_6_Mothbot_yolo11m_4500_imgsz1600_b1_2024-01-18.pt.jpg,ORDER_Psocodea,2025-01-28,23:39:06,,2025_01_28__23_39_06,MachineObservation,Cerro_Hoya_Expedition_Hoya_1204m_lightPotoro_2025-01-26_2025-01-28,Cerro_Hoya_Expedition_Hoya_1204m_lightPotoro_2025-01-26,lightPotoro_2025_01_28__23_39_06_HDR0.jpg,lightPotoro_2025_01_28__23_39_06_HDR0_6_Mothbot_yolo11m_4500_imgsz1600_b1_2024-01-18.pt.jpg
doi.org10.15468dl.6nxkw6.csv,Animalia,Arthropoda,Insecta,Diptera,,,,,,,Diptera,Diptera,Cerro_Hoya_Expedition_Hoya_1204m_lightPotoro_2025-01-26,lightPotoro_2025_01_28__23_39_06_HDR0_7_Mothbot_yolo11m_4500_imgsz1600_b1_2024-01-18.pt.jpg,HS,Mothbot_yolo11m_4500_imgsz1600_b1_2024-01-18.pt,0.4198770523071289,,lightPotoro,Cerro_Hoya_Expedition/Hoya_1204m_lightPotoro_2025-01-26/2025-01-28/patches/lightPotoro_2025_01_28__23_39_06_HDR0_7_Mothbot_yolo11m_4500_imgsz1600_b1_2024-01-18.pt.jpg,ORDER_Coleoptera,2025-01-28,23:39:06,,2025_01_28__23_39_06,MachineObservation,Cerro_Hoya_Expedition_Hoya_1204m_lightPotoro_2025-01-26_2025-01-28,Cerro_Hoya_Expedition_Hoya_1204m_lightPotoro_2025-01-26,lightPotoro_2025_01_28__23_39_06_HDR0.jpg,lightPotoro_2025_01_28__23_39_06_HDR0_7_Mothbot_yolo11m_4500_imgsz1600_b1_2024-01-18.pt.jpg
doi.org10.15468dl.6nxkw6.csv,Animalia,Arthropoda,Insecta,Hemiptera,,,,,,,Hemiptera,Hemiptera,Cerro_Hoya_Expedition_Hoya_1204m_lightPotoro_2025-01-26,lightPotoro_2025_01_28__23_39_06_HDR0_8_Mothbot_yolo11m_4500_imgsz1600_b1_2024-01-18.pt.jpg,HS,Mothbot_yolo11m_4500_imgsz1600_b1_2024-01-18.pt,0.4148900508880615,,lightPotoro,Cerro_Hoya_Expedition/Hoya_1204m_lightPotoro_2025-01-26/2025-01-28/patches/lightPotoro_2025_01_28__23_39_06_HDR0_8_Mothbot_yolo11m_4500_imgsz1600_b1_2024-01-18.pt.jpg,ORDER_Diptera,2025-01-28,23:39:06,,2025_01_28__23_39_06,MachineObservation,Cerro_Hoya_Expedition_Hoya_1204m_lightPotoro_2025-01-26_2025-01-28,Cerro_Hoya_Expedition_Hoya_1204m_lightPotoro_2025-01-26,lightPotoro_2025_01_28__23_39_06_HDR0.jpg,lightPotoro_2025_01_28__23_39_06_HDR0_8_Mothbot_yolo11m_4500_imgsz1600_b1_2024-01-18.pt.jpg
,Animalia,Arthropoda,Insecta,Diptera,,,,,,,Diptera,Diptera,Cerro_Hoya_Expedition_Hoya_1204m_lightPotoro_2025-01-26,lightPotoro_2025_01_28__23_39_06_HDR0_9_Mothbot_yolo11m_4500_imgsz1600_b1_2024-01-18.pt.jpg,HS,Mothbot_yolo11m_4500_imgsz1600_b1_2024-01-18.pt,0.3919876515865326,,lightPotoro,Cerro_Hoya_Expedition/Hoya_1204m_lightPotoro_2025-01-26/2025-01-28/patches/lightPotoro_2025_01_28__23_39_06_HDR0_9_Mothbot_yolo11m_4500_imgsz1600_b1_2024-01-18.pt.jpg,ORDER_Diptera,2025-01-28,23:39:06,,2025_01_28__23_39_06,MachineObservation,Cerro_Hoya_Expedition_Hoya_1204m_lightPotoro_2025-01-26_2025-01-28,Cerro_Hoya_Expedition_Hoya_1204m_lightPotoro_2025-01-26,lightPotoro_2025_01_28__23_39_06_HDR0.jpg,lightPotoro_2025_01_28__23_39_06_HDR0_9_Mothbot_yolo11m_4500_imgsz1600_b1_2024-01-18.pt.jpg
doi.org10.15468dl.6nxkw6.csv,Animalia,Arthropoda,Insecta,,,,,,216,,Insecta,Insecta,Cerro_Hoya_Expedition_Hoya_1204m_lightPotoro_2025-01-26,lightPotoro_2025_01_28__23_39_06_HDR0_10_Mothbot_yolo11m_4500_imgsz1600_b1_2024-01-18.pt.jpg,HS,Mothbot_yolo11m_4500_imgsz1600_b1_2024-01-18.pt,0.38218727707862854,,lightPotoro,Cerro_Hoya_Expedition/Hoya_1204m_lightPotoro_2025-01-26/2025-01-28/patches/lightPotoro_2025_01_28__23_39_06_HDR0_10_Mothbot_yolo11m_4500_imgsz1600_b1_2024-01-18.pt.jpg,ORDER_Diptera,2025-01-28,23:39:06,,2025_01_28__23_39_06,MachineObservation,Cerro_Hoya_Expedition_Hoya_1204m_lightPotoro_2025-01-26_2025-01-28,Cerro_Hoya_Expedition_Hoya_1204m_lightPotoro_2025-01-26,lightPotoro_2025_01_28__23_39_06_HDR0.jpg,lightPotoro_2025_01_28__23_39_06_HDR0_10_Mothbot_yolo11m_4500_imgsz1600_b1_2024-01-18.pt.jpg
,Animalia,Arthropoda,Insecta,Diptera,,,,,,,Diptera,Diptera,Cerro_Hoya_Expedition_Hoya_1204m_lightPotoro_2025-01-26,lightPotoro_2025_01_28__23_39_06_HDR0_11_Mothbot_yolo11m_4500_imgsz1600_b1_2024-01-18.pt.jpg,HS,Mothbot_yolo11m_4500_imgsz1600_b1_2024-01-18.pt,0.367298424243927,,lightPotoro,Cerro_Hoya_Expedition/Hoya_1204m_lightPotoro_2025-01-26/2025-01-28/patches/lightPotoro_2025_01_28__23_39_06_HDR0_11_Mothbot_yolo11m_4500_imgsz1600_b1_2024-01-18.pt.jpg,ORDER_Diptera,2025-01-28,23:39:06,,2025_01_28__23_39_06,MachineObservation,Cerro_Hoya_Expedition_Hoya_1204m_lightPotoro_2025-01-26_2025-01-28,Cerro_Hoya_Expedition_Hoya_1204m_lightPotoro_2025-01-26,lightPotoro_2025_01_28__23_39_06_HDR0.jpg,lightPotoro_2025_01_28__23_39_06_HDR0_11_Mothbot_yolo11m_4500_imgsz1600_b1_2024-01-18.pt.jpg
,Animalia,Arthropoda,Insecta,Diptera,,,,,,,Diptera,Diptera,Cerro_Hoya_Expedition_Hoya_1204m_lightPotoro_2025-01-26,lightPotoro_2025_01_28__23_40_06_HDR0_0_Mothbot_yolo11m_4500_imgsz1600_b1_2024-01-18.pt.jpg,HS,Mothbot_yolo11m_4500_imgsz1600_b1_2024-01-18.pt,0.7947427034378052,,lightPotoro,Cerro_Hoya_Expedition/Hoya_1204m_lightPotoro_2025-01-26/2025-01-28/patches/lightPotoro_2025_01_28__23_40_06_HDR0_0_Mothbot_yolo11m_4500_imgsz1600_b1_2024-01-18.pt.jpg,ORDER_Diptera,2025-01-28,23:40:06,,2025_01_28__23_40_06,MachineObservation,Cerro_Hoya_Expedition_Hoya_1204m_lightPotoro_2025-01-26_2025-01-28,Cerro_Hoya_Expedition_Hoya_1204m_lightPotoro_2025-01-26,lightPotoro_2025_01_28__23_40_06_HDR0.jpg,lightPotoro_2025_01_28__23_40_06_HDR0_0_Mothbot_yolo11m_4500_imgsz1600_b1_2024-01-18.pt.jpg
,Animalia,Arthropoda,Insecta,Diptera,,,,,,,Diptera,Diptera,Cerro_Hoya_Expedition_Hoya_1204m_lightPotoro_2025-01-26,lightPotoro_2025_01_28__23_40_06_HDR0_1_Mothbot_yolo11m_4500_imgsz1600_b1_2024-01-18.pt.jpg,HS,Mothbot_yolo11m_4500_imgsz1600_b1_2024-01-18.pt,0.790751039981842,,lightPotoro,Cerro_Hoya_Expedition/Hoya_1204m_lightPotoro_2025-01-26/2025-01-28/patches/lightPotoro_2025_01_28__23_40_06_HDR0_1_Mothbot_yolo11m_4500_imgsz1600_b1_2024-01-18.pt.jpg,ORDER_Diptera,2025-01-28,23:40:06,,2025_01_28__23_40_06,MachineObservation,Cerro_Hoya_Expedition_Hoya_1204m_lightPotoro_2025-01-26_2025-01-28,Cerro_Hoya_Expedition_Hoya_1204m_lightPotoro_2025-01-26,lightPotoro_2025_01_28__23_40_06_HDR0.jpg,lightPotoro_2025_01_28__23_40_06_HDR0_1_Mothbot_yolo11m_4500_imgsz1600_b1_2024-01-18.pt.jpg
doi.org10.15468dl.6nxkw6.csv,Animalia,Arthropoda,Insecta,Hemiptera,,,,,,,Hemiptera,Hemiptera,Cerro_Hoya_Expedition_Hoya_1204m_lightPotoro_2025-01-26,lightPotoro_2025_01_28__23_40_06_HDR0_2_Mothbot_yolo11m_4500_imgsz1600_b1_2024-01-18.pt.jpg,HS,Mothbot_yolo11m_4500_imgsz1600_b1_2024-01-18.pt,0.7606789469718933,,lightPotoro,Cerro_Hoya_Expedition/Hoya_1204m_lightPotoro_2025-01-26/2025-01-28/patches/lightPotoro_2025_01_28__23_40_06_HDR0_2_Mothbot_yolo11m_4500_imgsz1600_b1_2024-01-18.pt.jpg,ORDER_Coleoptera,2025-01-28,23:40:06,,2025_01_28__23_40_06,MachineObservation,Cerro_Hoya_Expedition_Hoya_1204m_lightPotoro_2025-01-26_2025-01-28,Cerro_Hoya_Expedition_Hoya_1204m_lightPotoro_2025-01-26,lightPotoro_2025_01_28__23_40_06_HDR0.jpg,lightPotoro_2025_01_28__23_40_06_HDR0_2_Mothbot_yolo11m_4500_imgsz1600_b1_2024-01-18.pt.jpg
,Animalia,Arthropoda,Insecta,Diptera,,,,,,,Diptera,Diptera,Cerro_Hoya_Expedition_Hoya_1204m_lightPotoro_2025-01-26,lightPotoro_2025_01_28__23_40_06_HDR0_3_Mothbot_yolo11m_4500_imgsz1600_b1_2024-01-18.pt.jpg,HS,Mothbot_yolo11m_4500_imgsz1600_b1_2024-01-18.pt,0.724144697189331,,lightPotoro,Cerro_Hoya_Expedition/Hoya_1204m_lightPotoro_2025-01-26/2025-01-28/patches/lightPotoro_2025_01_28__23_40_06_HDR0_3_Mothbot_yolo11m_4500_imgsz1600_b1_2024-01-18.pt.jpg,ORDER_Diptera,2025-01-28,23:40:06,,2025_01_28__23_40_06,MachineObservation,Cerro_Hoya_Expedition_Hoya_1204m_lightPotoro_2025-01-26_2025-01-28,Cerro_Hoya_Expedition_Hoya_1204m_lightPotoro_2025-01-26,lightPotoro_2025_01_28__23_40_06_HDR0.jpg,lightPotoro_2025_01_28__23_40_06_HDR0_3_Mothbot_yolo11m_4500_imgsz1600_b1_2024-01-18.pt.jpg
,Animalia,Arthropoda,Insecta,Hemiptera,,,,,,,Hemiptera,Hemiptera,Cerro_Hoya_Expedition_Hoya_1204m_lightPotoro_2025-01-26,lightPotoro_2025_01_28__23_40_06_HDR0_4_Mothbot_yolo11m_4500_imgsz1600_b1_2024-01-18.pt.jpg,HS,Mothbot_yolo11m_4500_imgsz1600_b1_2024-01-18.pt,0.7231355309486389,,lightPotoro,Cerro_Hoya_Expedition/Hoya_1204m_lightPotoro_2025-01-26/2025-01-28/patches/lightPotoro_2025_01_28__23_40_06_HDR0_4_Mothbot_yolo11m_4500_imgsz1600_b1_2024-01-18.pt.jpg,ORDER_Hemiptera,2025-01-28,23:40:06,,2025_01_28__23_40_06,MachineObservation,Cerro_Hoya_Expedition_Hoya_1204m_lightPotoro_2025-01-26_2025-01-28,Cerro_Hoya_Expedition_Hoya_1204m_lightPotoro_2025-01-26,lightPotoro_2025_01_28__23_40_06_HDR0.jpg,lightPotoro_2025_01_28__23_40_06_HDR0_4_Mothbot_yolo11m_4500_imgsz1600_b1_2024-01-18.pt.jpg
,Animalia,Arthropoda,Insecta,Hemiptera,,,,,,,Hemiptera,Hemiptera,Cerro_Hoya_Expedition_Hoya_1204m_lightPotoro_2025-01-26,lightPotoro_2025_01_28__23_40_06_HDR0_5_Mothbot_yolo11m_4500_imgsz1600_b1_2024-01-18.pt.jpg,HS,Mothbot_yolo11m_4500_imgsz1600_b1_2024-01-18.pt,0.6989777684211731,,lightPotoro,Cerro_Hoya_Expedition/Hoya_1204m_lightPotoro_2025-01-26/2025-01-28/patches/lightPotoro_2025_01_28__23_40_06_HDR0_5_Mothbot_yolo11m_4500_imgsz1600_b1_2024-01-18.pt.jpg,ORDER_Hemiptera,2025-01-28,23:40:06,,2025_01_28__23_40_06,MachineObservation,Cerro_Hoya_Expedition_Hoya_1204m_lightPotoro_2025-01-26_2025-01-28,Cerro_Hoya_Expedition_Hoya_1204m_lightPotoro_2025-01-26,lightPotoro_2025_01_28__23_40_06_HDR0.jpg,lightPotoro_2025_01_28__23_40_06_HDR0_5_Mothbot_yolo11m_4500_imgsz1600_b1_2024-01-18.pt.jpg
,Animalia,Arthropoda,Insecta,Diptera,,,,,,,Diptera,Diptera,Cerro_Hoya_Expedition_Hoya_1204m_lightPotoro_2025-01-26,lightPotoro_2025_01_28__23_40_06_HDR0_6_Mothbot_yolo11m_4500_imgsz1600_b1_2024-01-18.pt.jpg,HS,Mothbot_yolo11m_4500_imgsz1600_b1_2024-01-18.pt,0.5563502311706543,,lightPotoro,Cerro_Hoya_Expedition/Hoya_1204m_lightPotoro_2025-01-26/2025-01-28/patches/lightPotoro_2025_01_28__23_40_06_HDR0_6_Mothbot_yolo11m_4500_imgsz1600_b1_2024-01-18.pt.jpg,ORDER_Diptera,2025-01-28,23:40:06,,2025_01_28__23_40_06,MachineObservation,Cerro_Hoya_Expedition_Hoya_1204m_lightPotoro_2025-01-26_2025-01-28,Cerro_Hoya_Expedition_Hoya_1204m_lightPotoro_2025-01-26,lightPotoro_2025_01_28__23_40_06_HDR0.jpg,lightPotoro_2025_01_28__23_40_06_HDR0_6_Mothbot_yolo11m_4500_imgsz1600_b1_2024-01-18.pt.jpg
doi.org10.15468dl.6nxkw6.csv,Animalia,Arthropoda,Insecta,Diptera,,,,,,,Diptera,Diptera,Cerro_Hoya_Expedition_Hoya_1204m_lightPotoro_2025-01-26,lightPotoro_2025_01_28__23_40_06_HDR0_7_Mothbot_yolo11m_4500_imgsz1600_b1_2024-01-18.pt.jpg,HS,Mothbot_yolo11m_4500_imgsz1600_b1_2024-01-18.pt,0.5438380837440491,,lightPotoro,Cerro_Hoya_Expedition/Hoya_1204m_lightPotoro_2025-01-26/2025-01-28/patches/lightPotoro_2025_01_28__23_40_06_HDR0_7_Mothbot_yolo11m_4500_imgsz1600_b1_2024-01-18.pt.jpg,ORDER_Coleoptera,2025-01-28,23:40:06,,2025_01_28__23_40_06,MachineObservation,Cerro_Hoya_Expedition_Hoya_1204m_lightPotoro_2025-01-26_2025-01-28,Cerro_Hoya_Expedition_Hoya_1204m_lightPotoro_2025-01-26,lightPotoro_2025_01_28__23_40_06_HDR0.jpg,lightPotoro_2025_01_28__23_40_06_HDR0_7_Mothbot_yolo11m_4500_imgsz1600_b1_2024-01-18.pt.jpg
doi.org10.15468dl.6nxkw6.csv,Animalia,Arthropoda,Insecta,Diptera,,,,,,,Diptera,Diptera,Cerro_Hoya_Expedition_Hoya_1204m_lightPotoro_2025-01-26,lightPotoro_2025_01_28__23_40_06_HDR0_8_Mothbot_yolo11m_4500_imgsz1600_b1_2024-01-18.pt.jpg,HS,Mothbot_yolo11m_4500_imgsz1600_b1_2024-01-18.pt,0.49647989869117737,,lightPotoro,Cerro_Hoya_Expedition/Hoya_1204m_lightPotoro_2025-01-26/2025-01-28/patches/lightPotoro_2025_01_28__23_40_06_HDR0_8_Mothbot_yolo11m_4500_imgsz1600_b1_2024-01-18.pt.jpg,ORDER_Coleoptera,2025-01-28,23:40:06,,2025_01_28__23_40_06,MachineObservation,Cerro_Hoya_Expedition_Hoya_1204m_lightPotoro_2025-01-26_2025-01-28,Cerro_Hoya_Expedition_Hoya_1204m_lightPotoro_2025-01-26,lightPotoro_2025_01_28__23_40_06_HDR0.jpg,lightPotoro_2025_01_28__23_40_06_HDR0_8_Mothbot_yolo11m_4500_imgsz1600_b1_2024-01-18.pt.jpg
doi.org10.15468dl.6nxkw6.csv,Animalia,Arthropoda,Insecta,Diptera,,,,,,,Diptera,Diptera,Cerro_Hoya_Expedition_Hoya_1204m_lightPotoro_2025-01-26,lightPotoro_2025_01_28__23_40_06_HDR0_9_Mothbot_yolo11m_4500_imgsz1600_b1_2024-01-18.pt.jpg,HS,Mothbot_yolo11m_4500_imgsz1600_b1_2024-01-18.pt,0.48675239086151123,,lightPotoro,Cerro_Hoya_Expedition/Hoya_1204m_lightPotoro_2025-01-26/2025-01-28/patches/lightPotoro_2025_01_28__23_40_06_HDR0_9_Mothbot_yolo11m_4500_imgsz1600_b1_2024-01-18.pt.jpg,ORDER_Hemiptera,2025-01-28,23:40:06,,2025_01_28__23_40_06,MachineObservation,Cerro_Hoya_Expedition_Hoya_1204m_lightPotoro_2025-01-26_2025-01-28,Cerro_Hoya_Expedition_Hoya_1204m_lightPotoro_2025-01-26,lightPotoro_2025_01_28__23_40_06_HDR0.jpg,lightPotoro_2025_01_28__23_40_06_HDR0_9_Mothbot_yolo11m_4500_imgsz1600_b1_2024-01-18.pt.jpg
doi.org10.15468dl.6nxkw6.csv,Animalia,Arthropoda,Insecta,Diptera,,,,,,,Diptera,Diptera,Cerro_Hoya_Expedition_Hoya_1204m_lightPotoro_2025-01-26,lightPotoro_2025_01_28__23_40_06_HDR0_10_Mothbot_yolo11m_4500_imgsz1600_b1_2024-01-18.pt.jpg,HS,Mothbot_yolo11m_4500_imgsz1600_b1_2024-01-18.pt,0.3941992521286011,,lightPotoro,Cerro_Hoya_Expedition/Hoya_1204m_lightPotoro_2025-01-26/2025-01-28/patches/lightPotoro_2025_01_28__23_40_06_HDR0_10_Mothbot_yolo11m_4500_imgsz1600_b1_2024-01-18.pt.jpg,ORDER_Coleoptera,2025-01-28,23:40:06,,2025_01_28__23_40_06,MachineObservation,Cerro_Hoya_Expedition_Hoya_1204m_lightPotoro_2025-01-26_2025-01-28,Cerro_Hoya_Expedition_Hoya_1204m_lightPotoro_2025-01-26,lightPotoro_2025_01_28__23_40_06_HDR0.jpg,lightPotoro_2025_01_28__23_40_06_HDR0_10_Mothbot_yolo11m_4500_imgsz1600_b1_2024-01-18.pt.jpg
,Animalia,Arthropoda,Insecta,Lepidoptera,,,,,,,Lepidoptera,Lepidoptera,Cerro_Hoya_Expedition_Hoya_1204m_lightPotoro_2025-01-26,lightPotoro_2025_01_28__23_41_05_HDR0_0_Mothbot_yolo11m_4500_imgsz1600_b1_2024-01-18.pt.jpg,HS,Mothbot_yolo11m_4500_imgsz1600_b1_2024-01-18.pt,0.8489900231361389,,lightPotoro,Cerro_Hoya_Expedition/Hoya_1204m_lightPotoro_2025-01-26/2025-01-28/patches/lightPotoro_2025_01_28__23_41_05_HDR0_0_Mothbot_yolo11m_4500_imgsz1600_b1_2024-01-18.pt.jpg,ORDER_Lepidoptera,2025-01-28,23:41:05,,2025_01_28__23_41_05,MachineObservation,Cerro_Hoya_Expedition_Hoya_1204m_lightPotoro_2025-01-26_2025-01-28,Cerro_Hoya_Expedition_Hoya_1204m_lightPotoro_2025-01-26,lightPotoro_2025_01_28__23_41_05_HDR0.jpg,lightPotoro_2025_01_28__23_41_05_HDR0_0_Mothbot_yolo11m_4500_imgsz1600_b1_2024-01-18.pt.jpg
,Animalia,Arthropoda,Insecta,Lepidoptera,,,,,,,Lepidoptera,Lepidoptera,Cerro_Hoya_Expedition_Hoya_1204m_lightPotoro_2025-01-26,lightPotoro_2025_01_28__23_41_05_HDR0_1_Mothbot_yolo11m_4500_imgsz1600_b1_2024-01-18.pt.jpg,HS,Mothbot_yolo11m_4500_imgsz1600_b1_2024-01-18.pt,0.7990854978561401,,lightPotoro,Cerro_Hoya_Expedition/Hoya_1204m_lightPotoro_2025-01-26/2025-01-28/patches/lightPotoro_2025_01_28__23_41_05_HDR0_1_Mothbot_yolo11m_4500_imgsz1600_b1_2024-01-18.pt.jpg,ORDER_Lepidoptera,2025-01-28,23:41:05,,2025_01_28__23_41_05,MachineObservation,Cerro_Hoya_Expedition_Hoya_1204m_lightPotoro_2025-01-26_2025-01-28,Cerro_Hoya_Expedition_Hoya_1204m_lightPotoro_2025-01-26,lightPotoro_2025_01_28__23_41_05_HDR0.jpg,lightPotoro_2025_01_28__23_41_05_HDR0_1_Mothbot_yolo11m_4500_imgsz1600_b1_2024-01-18.pt.jpg
doi.org10.15468dl.6nxkw6.csv,Animalia,Arthropoda,Insecta,Diptera,,,,,,,Diptera,Diptera,Cerro_Hoya_Expedition_Hoya_1204m_lightPotoro_2025-01-26,lightPotoro_2025_01_28__23_41_05_HDR0_2_Mothbot_yolo11m_4500_imgsz1600_b1_2024-01-18.pt.jpg,HS,Mothbot_yolo11m_4500_imgsz1600_b1_2024-01-18.pt,0.7786242961883545,,lightPotoro,Cerro_Hoya_Expedition/Hoya_1204m_lightPotoro_2025-01-26/2025-01-28/patches/lightPotoro_2025_01_28__23_41_05_HDR0_2_Mothbot_yolo11m_4500_imgsz1600_b1_2024-01-18.pt.jpg,ORDER_Coleoptera,2025-01-28,23:41:05,,2025_01_28__23_41_05,MachineObservation,Cerro_Hoya_Expedition_Hoya_1204m_lightPotoro_2025-01-26_2025-01-28,Cerro_Hoya_Expedition_Hoya_1204m_lightPotoro_2025-01-26,lightPotoro_2025_01_28__23_41_05_HDR0.jpg,lightPotoro_2025_01_28__23_41_05_HDR0_2_Mothbot_yolo11m_4500_imgsz1600_b1_2024-01-18.pt.jpg
,Animalia,Arthropoda,Insecta,Hemiptera,,,,,,,Hemiptera,Hemiptera,Cerro_Hoya_Expedition_Hoya_1204m_lightPotoro_2025-01-26,lightPotoro_2025_01_28__23_41_05_HDR0_3_Mothbot_yolo11m_4500_imgsz1600_b1_2024-01-18.pt.jpg,HS,Mothbot_yolo11m_4500_imgsz1600_b1_2024-01-18.pt,0.6376782655715942,,lightPotoro,Cerro_Hoya_Expedition/Hoya_1204m_lightPotoro_2025-01-26/2025-01-28/patches/lightPotoro_2025_01_28__23_41_05_HDR0_3_Mothbot_yolo11m_4500_imgsz1600_b1_2024-01-18.pt.jpg,ORDER_Hemiptera,2025-01-28,23:41:05,,2025_01_28__23_41_05,MachineObservation,Cerro_Hoya_Expedition_Hoya_1204m_lightPotoro_2025-01-26_2025-01-28,Cerro_Hoya_Expedition_Hoya_1204m_lightPotoro_2025-01-26,lightPotoro_2025_01_28__23_41_05_HDR0.jpg,lightPotoro_2025_01_28__23_41_05_HDR0_3_Mothbot_yolo11m_4500_imgsz1600_b1_2024-01-18.pt.jpg
doi.org10.15468dl.6nxkw6.csv,Animalia,Arthropoda,Insecta,Hemiptera,,,,,,,Hemiptera,Hemiptera,Cerro_Hoya_Expedition_Hoya_1204m_lightPotoro_2025-01-26,lightPotoro_2025_01_28__23_41_05_HDR0_4_Mothbot_yolo11m_4500_imgsz1600_b1_2024-01-18.pt.jpg,HS,Mothbot_yolo11m_4500_imgsz1600_b1_2024-01-18.pt,0.6336458325386047,,lightPotoro,Cerro_Hoya_Expedition/Hoya_1204m_lightPotoro_2025-01-26/2025-01-28/patches/lightPotoro_2025_01_28__23_41_05_HDR0_4_Mothbot_yolo11m_4500_imgsz1600_b1_2024-01-18.pt.jpg,ORDER_Diptera,2025-01-28,23:41:05,,2025_01_28__23_41_05,MachineObservation,Cerro_Hoya_Expedition_Hoya_1204m_lightPotoro_2025-01-26_2025-01-28,Cerro_Hoya_Expedition_Hoya_1204m_lightPotoro_2025-01-26,lightPotoro_2025_01_28__23_41_05_HDR0.jpg,lightPotoro_2025_01_28__23_41_05_HDR0_4_Mothbot_yolo11m_4500_imgsz1600_b1_2024-01-18.pt.jpg
doi.org10.15468dl.6nxkw6.csv,Animalia,Arthropoda,Insecta,Diptera,,,,,,,Diptera,Diptera,Cerro_Hoya_Expedition_Hoya_1204m_lightPotoro_2025-01-26,lightPotoro_2025_01_28__23_41_05_HDR0_5_Mothbot_yolo11m_4500_imgsz1600_b1_2024-01-18.pt.jpg,HS,Mothbot_yolo11m_4500_imgsz1600_b1_2024-01-18.pt,0.6206348538398743,,lightPotoro,Cerro_Hoya_Expedition/Hoya_1204m_lightPotoro_2025-01-26/2025-01-28/patches/lightPotoro_2025_01_28__23_41_05_HDR0_5_Mothbot_yolo11m_4500_imgsz1600_b1_2024-01-18.pt.jpg,ORDER_Coleoptera,2025-01-28,23:41:05,,2025_01_28__23_41_05,MachineObservation,Cerro_Hoya_Expedition_Hoya_1204m_lightPotoro_2025-01-26_2025-01-28,Cerro_Hoya_Expedition_Hoya_1204m_lightPotoro_2025-01-26,lightPotoro_2025_01_28__23_41_05_HDR0.jpg,lightPotoro_2025_01_28__23_41_05_HDR0_5_Mothbot_yolo11m_4500_imgsz1600_b1_2024-01-18.pt.jpg
,Animalia,Arthropoda,Insecta,Diptera,,,,,,,Diptera,Diptera,Cerro_Hoya_Expedition_Hoya_1204m_lightPotoro_2025-01-26,lightPotoro_2025_01_28__23_41_05_HDR0_6_Mothbot_yolo11m_4500_imgsz1600_b1_2024-01-18.pt.jpg,HS,Mothbot_yolo11m_4500_imgsz1600_b1_2024-01-18.pt,0.6114016771316528,,lightPotoro,Cerro_Hoya_Expedition/Hoya_1204m_lightPotoro_2025-01-26/2025-01-28/patches/lightPotoro_2025_01_28__23_41_05_HDR0_6_Mothbot_yolo11m_4500_imgsz1600_b1_2024-01-18.pt.jpg,ORDER_Diptera,2025-01-28,23:41:05,,2025_01_28__23_41_05,MachineObservation,Cerro_Hoya_Expedition_Hoya_1204m_lightPotoro_2025-01-26_2025-01-28,Cerro_Hoya_Expedition_Hoya_1204m_lightPotoro_2025-01-26,lightPotoro_2025_01_28__23_41_05_HDR0.jpg,lightPotoro_2025_01_28__23_41_05_HDR0_6_Mothbot_yolo11m_4500_imgsz1600_b1_2024-01-18.pt.jpg
,Animalia,Arthropoda,Insecta,Diptera,,,,,,,Diptera,Diptera,Cerro_Hoya_Expedition_Hoya_1204m_lightPotoro_2025-01-26,lightPotoro_2025_01_28__23_41_05_HDR0_7_Mothbot_yolo11m_4500_imgsz1600_b1_2024-01-18.pt.jpg,HS,Mothbot_yolo11m_4500_imgsz1600_b1_2024-01-18.pt,0.5965724587440491,,lightPotoro,Cerro_Hoya_Expedition/Hoya_1204m_lightPotoro_2025-01-26/2025-01-28/patches/lightPotoro_2025_01_28__23_41_05_HDR0_7_Mothbot_yolo11m_4500_imgsz1600_b1_2024-01-18.pt.jpg,ORDER_Diptera,2025-01-28,23:41:05,,2025_01_28__23_41_05,MachineObservation,Cerro_Hoya_Expedition_Hoya_1204m_lightPotoro_2025-01-26_2025-01-28,Cerro_Hoya_Expedition_Hoya_1204m_lightPotoro_2025-01-26,lightPotoro_2025_01_28__23_41_05_HDR0.jpg,lightPotoro_2025_01_28__23_41_05_HDR0_7_Mothbot_yolo11m_4500_imgsz1600_b1_2024-01-18.pt.jpg
,Animalia,Arthropoda,Insecta,Diptera,,,,,,,Diptera,Diptera,Cerro_Hoya_Expedition_Hoya_1204m_lightPotoro_2025-01-26,lightPotoro_2025_01_28__23_41_05_HDR0_8_Mothbot_yolo11m_4500_imgsz1600_b1_2024-01-18.pt.jpg,HS,Mothbot_yolo11m_4500_imgsz1600_b1_2024-01-18.pt,0.5661268830299377,,lightPotoro,Cerro_Hoya_Expedition/Hoya_1204m_lightPotoro_2025-01-26/2025-01-28/patches/lightPotoro_2025_01_28__23_41_05_HDR0_8_Mothbot_yolo11m_4500_imgsz1600_b1_2024-01-18.pt.jpg,ORDER_Diptera,2025-01-28,23:41:05,,2025_01_28__23_41_05,MachineObservation,Cerro_Hoya_Expedition_Hoya_1204m_lightPotoro_2025-01-26_2025-01-28,Cerro_Hoya_Expedition_Hoya_1204m_lightPotoro_2025-01-26,lightPotoro_2025_01_28__23_41_05_HDR0.jpg,lightPotoro_2025_01_28__23_41_05_HDR0_8_Mothbot_yolo11m_4500_imgsz1600_b1_2024-01-18.pt.jpg
doi.org10.15468dl.6nxkw6.csv,Animalia,Arthropoda,Insecta,Diptera,,,,,,,Diptera,Diptera,Cerro_Hoya_Expedition_Hoya_1204m_lightPotoro_2025-01-26,lightPotoro_2025_01_28__23_41_05_HDR0_9_Mothbot_yolo11m_4500_imgsz1600_b1_2024-01-18.pt.jpg,HS,Mothbot_yolo11m_4500_imgsz1600_b1_2024-01-18.pt,0.3167686462402344,,lightPotoro,Cerro_Hoya_Expedition/Hoya_1204m_lightPotoro_2025-01-26/2025-01-28/patches/lightPotoro_2025_01_28__23_41_05_HDR0_9_Mothbot_yolo11m_4500_imgsz1600_b1_2024-01-18.pt.jpg,ORDER_Coleoptera,2025-01-28,23:41:05,,2025_01_28__23_41_05,MachineObservation,Cerro_Hoya_Expedition_Hoya_1204m_lightPotoro_2025-01-26_2025-01-28,Cerro_Hoya_Expedition_Hoya_1204m_lightPotoro_2025-01-26,lightPotoro_2025_01_28__23_41_05_HDR0.jpg,lightPotoro_2025_01_28__23_41_05_HDR0_9_Mothbot_yolo11m_4500_imgsz1600_b1_2024-01-18.pt.jpg
,Animalia,Arthropoda,Insecta,Lepidoptera,,,,,,,Lepidoptera,Lepidoptera,Cerro_Hoya_Expedition_Hoya_1204m_lightPotoro_2025-01-26,lightPotoro_2025_01_28__23_42_06_HDR0_0_Mothbot_yolo11m_4500_imgsz1600_b1_2024-01-18.pt.jpg,HS,Mothbot_yolo11m_4500_imgsz1600_b1_2024-01-18.pt,0.8605148196220398,,lightPotoro,Cerro_Hoya_Expedition/Hoya_1204m_lightPotoro_2025-01-26/2025-01-28/patches/lightPotoro_2025_01_28__23_42_06_HDR0_0_Mothbot_yolo11m_4500_imgsz1600_b1_2024-01-18.pt.jpg,ORDER_Lepidoptera,2025-01-28,23:42:06,,2025_01_28__23_42_06,MachineObservation,Cerro_Hoya_Expedition_Hoya_1204m_lightPotoro_2025-01-26_2025-01-28,Cerro_Hoya_Expedition_Hoya_1204m_lightPotoro_2025-01-26,lightPotoro_2025_01_28__23_42_06_HDR0.jpg,lightPotoro_2025_01_28__23_42_06_HDR0_0_Mothbot_yolo11m_4500_imgsz1600_b1_2024-01-18.pt.jpg
,Animalia,Arthropoda,Insecta,Diptera,,,,,,,Diptera,Diptera,Cerro_Hoya_Expedition_Hoya_1204m_lightPotoro_2025-01-26,lightPotoro_2025_01_28__23_42_06_HDR0_1_Mothbot_yolo11m_4500_imgsz1600_b1_2024-01-18.pt.jpg,HS,Mothbot_yolo11m_4500_imgsz1600_b1_2024-01-18.pt,0.8133070468902588,,lightPotoro,Cerro_Hoya_Expedition/Hoya_1204m_lightPotoro_2025-01-26/2025-01-28/patches/lightPotoro_2025_01_28__23_42_06_HDR0_1_Mothbot_yolo11m_4500_imgsz1600_b1_2024-01-18.pt.jpg,ORDER_Diptera,2025-01-28,23:42:06,,2025_01_28__23_42_06,MachineObservation,Cerro_Hoya_Expedition_Hoya_1204m_lightPotoro_2025-01-26_2025-01-28,Cerro_Hoya_Expedition_Hoya_1204m_lightPotoro_2025-01-26,lightPotoro_2025_01_28__23_42_06_HDR0.jpg,lightPotoro_2025_01_28__23_42_06_HDR0_1_Mothbot_yolo11m_4500_imgsz1600_b1_2024-01-18.pt.jpg
doi.org10.15468dl.6nxkw6.csv,Animalia,Arthropoda,Insecta,Lepidoptera,,,,,797,,Lepidoptera,Lepidoptera,Cerro_Hoya_Expedition_Hoya_1204m_lightPotoro_2025-01-26,lightPotoro_2025_01_28__23_42_06_HDR0_2_Mothbot_yolo11m_4500_imgsz1600_b1_2024-01-18.pt.jpg,HS,Mothbot_yolo11m_4500_imgsz1600_b1_2024-01-18.pt,0.7960770726203918,,lightPotoro,Cerro_Hoya_Expedition/Hoya_1204m_lightPotoro_2025-01-26/2025-01-28/patches/lightPotoro_2025_01_28__23_42_06_HDR0_2_Mothbot_yolo11m_4500_imgsz1600_b1_2024-01-18.pt.jpg,ORDER_Zygentoma,2025-01-28,23:42:06,,2025_01_28__23_42_06,MachineObservation,Cerro_Hoya_Expedition_Hoya_1204m_lightPotoro_2025-01-26_2025-01-28,Cerro_Hoya_Expedition_Hoya_1204m_lightPotoro_2025-01-26,lightPotoro_2025_01_28__23_42_06_HDR0.jpg,lightPotoro_2025_01_28__23_42_06_HDR0_2_Mothbot_yolo11m_4500_imgsz1600_b1_2024-01-18.pt.jpg
,Animalia,Arthropoda,Insecta,Hemiptera,,,,,,,Hemiptera,Hemiptera,Cerro_Hoya_Expedition_Hoya_1204m_lightPotoro_2025-01-26,lightPotoro_2025_01_28__23_42_06_HDR0_3_Mothbot_yolo11m_4500_imgsz1600_b1_2024-01-18.pt.jpg,HS,Mothbot_yolo11m_4500_imgsz1600_b1_2024-01-18.pt,0.7828747630119324,,lightPotoro,Cerro_Hoya_Expedition/Hoya_1204m_lightPotoro_2025-01-26/2025-01-28/patches/lightPotoro_2025_01_28__23_42_06_HDR0_3_Mothbot_yolo11m_4500_imgsz1600_b1_2024-01-18.pt.jpg,ORDER_Hemiptera,2025-01-28,23:42:06,,2025_01_28__23_42_06,MachineObservation,Cerro_Hoya_Expedition_Hoya_1204m_lightPotoro_2025-01-26_2025-01-28,Cerro_Hoya_Expedition_Hoya_1204m_lightPotoro_2025-01-26,lightPotoro_2025_01_28__23_42_06_HDR0.jpg,lightPotoro_2025_01_28__23_42_06_HDR0_3_Mothbot_yolo11m_4500_imgsz1600_b1_2024-01-18.pt.jpg
,Animalia,Arthropoda,Insecta,Hemiptera,,,,,,,Hemiptera,Hemiptera,Cerro_Hoya_Expedition_Hoya_1204m_lightPotoro_2025-01-26,lightPotoro_2025_01_28__23_42_06_HDR0_4_Mothbot_yolo11m_4500_imgsz1600_b1_2024-01-18.pt.jpg,HS,Mothbot_yolo11m_4500_imgsz1600_b1_2024-01-18.pt,0.7205466628074646,,lightPotoro,Cerro_Hoya_Expedition/Hoya_1204m_lightPotoro_2025-01-26/2025-01-28/patches/lightPotoro_2025_01_28__23_42_06_HDR0_4_Mothbot_yolo11m_4500_imgsz1600_b1_2024-01-18.pt.jpg,ORDER_Hemiptera,2025-01-28,23:42:06,,2025_01_28__23_42_06,MachineObservation,Cerro_Hoya_Expedition_Hoya_1204m_lightPotoro_2025-01-26_2025-01-28,Cerro_Hoya_Expedition_Hoya_1204m_lightPotoro_2025-01-26,lightPotoro_2025_01_28__23_42_06_HDR0.jpg,lightPotoro_2025_01_28__23_42_06_HDR0_4_Mothbot_yolo11m_4500_imgsz1600_b1_2024-01-18.pt.jpg
doi.org10.15468dl.6nxkw6.csv,Animalia,Arthropoda,Insecta,Diptera,,,,,,,Diptera,Diptera,Cerro_Hoya_Expedition_Hoya_1204m_lightPotoro_2025-01-26,lightPotoro_2025_01_28__23_42_06_HDR0_5_Mothbot_yolo11m_4500_imgsz1600_b1_2024-01-18.pt.jpg,HS,Mothbot_yolo11m_4500_imgsz1600_b1_2024-01-18.pt,0.6594150066375732,,lightPotoro,Cerro_Hoya_Expedition/Hoya_1204m_lightPotoro_2025-01-26/2025-01-28/patches/lightPotoro_2025_01_28__23_42_06_HDR0_5_Mothbot_yolo11m_4500_imgsz1600_b1_2024-01-18.pt.jpg,ORDER_Coleoptera,2025-01-28,23:42:06,,2025_01_28__23_42_06,MachineObservation,Cerro_Hoya_Expedition_Hoya_1204m_lightPotoro_2025-01-26_2025-01-28,Cerro_Hoya_Expedition_Hoya_1204m_lightPotoro_2025-01-26,lightPotoro_2025_01_28__23_42_06_HDR0.jpg,lightPotoro_2025_01_28__23_42_06_HDR0_5_Mothbot_yolo11m_4500_imgsz1600_b1_2024-01-18.pt.jpg
doi.org10.15468dl.6nxkw6.csv,Animalia,Arthropoda,Insecta,Diptera,,,,,,,Diptera,Diptera,Cerro_Hoya_Expedition_Hoya_1204m_lightPotoro_2025-01-26,lightPotoro_2025_01_28__23_42_06_HDR0_6_Mothbot_yolo11m_4500_imgsz1600_b1_2024-01-18.pt.jpg,HS,Mothbot_yolo11m_4500_imgsz1600_b1_2024-01-18.pt,0.6408383846282959,,lightPotoro,Cerro_Hoya_Expedition/Hoya_1204m_lightPotoro_2025-01-26/2025-01-28/patches/lightPotoro_2025_01_28__23_42_06_HDR0_6_Mothbot_yolo11m_4500_imgsz1600_b1_2024-01-18.pt.jpg,ORDER_Hymenoptera,2025-01-28,23:42:06,,2025_01_28__23_42_06,MachineObservation,Cerro_Hoya_Expedition_Hoya_1204m_lightPotoro_2025-01-26_2025-01-28,Cerro_Hoya_Expedition_Hoya_1204m_lightPotoro_2025-01-26,lightPotoro_2025_01_28__23_42_06_HDR0.jpg,lightPotoro_2025_01_28__23_42_06_HDR0_6_Mothbot_yolo11m_4500_imgsz1600_b1_2024-01-18.pt.jpg
doi.org10.15468dl.6nxkw6.csv,Animalia,Arthropoda,Insecta,Diptera,,,,,,,Diptera,Diptera,Cerro_Hoya_Expedition_Hoya_1204m_lightPotoro_2025-01-26,lightPotoro_2025_01_28__23_42_06_HDR0_7_Mothbot_yolo11m_4500_imgsz1600_b1_2024-01-18.pt.jpg,HS,Mothbot_yolo11m_4500_imgsz1600_b1_2024-01-18.pt,0.5757008790969849,,lightPotoro,Cerro_Hoya_Expedition/Hoya_1204m_lightPotoro_2025-01-26/2025-01-28/patches/lightPotoro_2025_01_28__23_42_06_HDR0_7_Mothbot_yolo11m_4500_imgsz1600_b1_2024-01-18.pt.jpg,ORDER_Hymenoptera,2025-01-28,23:42:06,,2025_01_28__23_42_06,MachineObservation,Cerro_Hoya_Expedition_Hoya_1204m_lightPotoro_2025-01-26_2025-01-28,Cerro_Hoya_Expedition_Hoya_1204m_lightPotoro_2025-01-26,lightPotoro_2025_01_28__23_42_06_HDR0.jpg,lightPotoro_2025_01_28__23_42_06_HDR0_7_Mothbot_yolo11m_4500_imgsz1600_b1_2024-01-18.pt.jpg
,Animalia,Arthropoda,Insecta,Lepidoptera,,,,,,,Lepidoptera,Lepidoptera,Cerro_Hoya_Expedition_Hoya_1204m_lightPotoro_2025-01-26,lightPotoro_2025_01_28__23_43_22_HDR0_0_Mothbot_yolo11m_4500_imgsz1600_b1_2024-01-18.pt.jpg,HS,Mothbot_yolo11m_4500_imgsz1600_b1_2024-01-18.pt,0.8795928359031677,,lightPotoro,Cerro_Hoya_Expedition/Hoya_1204m_lightPotoro_2025-01-26/2025-01-28/patches/lightPotoro_2025_01_28__23_43_22_HDR0_0_Mothbot_yolo11m_4500_imgsz1600_b1_2024-01-18.pt.jpg,ORDER_Lepidoptera,2025-01-28,23:43:22,,2025_01_28__23_43_22,MachineObservation,Cerro_Hoya_Expedition_Hoya_1204m_lightPotoro_2025-01-26_2025-01-28,Cerro_Hoya_Expedition_Hoya_1204m_lightPotoro_2025-01-26,lightPotoro_2025_01_28__23_43_22_HDR0.jpg,lightPotoro_2025_01_28__23_43_22_HDR0_0_Mothbot_yolo11m_4500_imgsz1600_b1_2024-01-18.pt.jpg
,Animalia,Arthropoda,Insecta,Diptera,,,,,,,Diptera,Diptera,Cerro_Hoya_Expedition_Hoya_1204m_lightPotoro_2025-01-26,lightPotoro_2025_01_28__23_43_22_HDR0_1_Mothbot_yolo11m_4500_imgsz1600_b1_2024-01-18.pt.jpg,HS,Mothbot_yolo11m_4500_imgsz1600_b1_2024-01-18.pt,0.7014079689979553,,lightPotoro,Cerro_Hoya_Expedition/Hoya_1204m_lightPotoro_2025-01-26/2025-01-28/patches/lightPotoro_2025_01_28__23_43_22_HDR0_1_Mothbot_yolo11m_4500_imgsz1600_b1_2024-01-18.pt.jpg,ORDER_Diptera,2025-01-28,23:43:22,,2025_01_28__23_43_22,MachineObservation,Cerro_Hoya_Expedition_Hoya_1204m_lightPotoro_2025-01-26_2025-01-28,Cerro_Hoya_Expedition_Hoya_1204m_lightPotoro_2025-01-26,lightPotoro_2025_01_28__23_43_22_HDR0.jpg,lightPotoro_2025_01_28__23_43_22_HDR0_1_Mothbot_yolo11m_4500_imgsz1600_b1_2024-01-18.pt.jpg
doi.org10.15468dl.6nxkw6.csv,Animalia,Arthropoda,Insecta,Diptera,,,,,,,Diptera,Diptera,Cerro_Hoya_Expedition_Hoya_1204m_lightPotoro_2025-01-26,lightPotoro_2025_01_28__23_43_22_HDR0_2_Mothbot_yolo11m_4500_imgsz1600_b1_2024-01-18.pt.jpg,HS,Mothbot_yolo11m_4500_imgsz1600_b1_2024-01-18.pt,0.6907161474227905,,lightPotoro,Cerro_Hoya_Expedition/Hoya_1204m_lightPotoro_2025-01-26/2025-01-28/patches/lightPotoro_2025_01_28__23_43_22_HDR0_2_Mothbot_yolo11m_4500_imgsz1600_b1_2024-01-18.pt.jpg,ORDER_Coleoptera,2025-01-28,23:43:22,,2025_01_28__23_43_22,MachineObservation,Cerro_Hoya_Expedition_Hoya_1204m_lightPotoro_2025-01-26_2025-01-28,Cerro_Hoya_Expedition_Hoya_1204m_lightPotoro_2025-01-26,lightPotoro_2025_01_28__23_43_22_HDR0.jpg,lightPotoro_2025_01_28__23_43_22_HDR0_2_Mothbot_yolo11m_4500_imgsz1600_b1_2024-01-18.pt.jpg
,Animalia,Arthropoda,Insecta,Diptera,,,,,,,Diptera,Diptera,Cerro_Hoya_Expedition_Hoya_1204m_lightPotoro_2025-01-26,lightPotoro_2025_01_28__23_43_22_HDR0_3_Mothbot_yolo11m_4500_imgsz1600_b1_2024-01-18.pt.jpg,HS,Mothbot_yolo11m_4500_imgsz1600_b1_2024-01-18.pt,0.5998959541320801,,lightPotoro,Cerro_Hoya_Expedition/Hoya_1204m_lightPotoro_2025-01-26/2025-01-28/patches/lightPotoro_2025_01_28__23_43_22_HDR0_3_Mothbot_yolo11m_4500_imgsz1600_b1_2024-01-18.pt.jpg,ORDER_Diptera,2025-01-28,23:43:22,,2025_01_28__23_43_22,MachineObservation,Cerro_Hoya_Expedition_Hoya_1204m_lightPotoro_2025-01-26_2025-01-28,Cerro_Hoya_Expedition_Hoya_1204m_lightPotoro_2025-01-26,lightPotoro_2025_01_28__23_43_22_HDR0.jpg,lightPotoro_2025_01_28__23_43_22_HDR0_3_Mothbot_yolo11m_4500_imgsz1600_b1_2024-01-18.pt.jpg
doi.org10.15468dl.6nxkw6.csv,Animalia,Arthropoda,Insecta,Hemiptera,,,,,,,Hemiptera,Hemiptera,Cerro_Hoya_Expedition_Hoya_1204m_lightPotoro_2025-01-26,lightPotoro_2025_01_28__23_43_22_HDR0_4_Mothbot_yolo11m_4500_imgsz1600_b1_2024-01-18.pt.jpg,HS,Mothbot_yolo11m_4500_imgsz1600_b1_2024-01-18.pt,0.47805625200271606,,lightPotoro,Cerro_Hoya_Expedition/Hoya_1204m_lightPotoro_2025-01-26/2025-01-28/patches/lightPotoro_2025_01_28__23_43_22_HDR0_4_Mothbot_yolo11m_4500_imgsz1600_b1_2024-01-18.pt.jpg,ORDER_Diptera,2025-01-28,23:43:22,,2025_01_28__23_43_22,MachineObservation,Cerro_Hoya_Expedition_Hoya_1204m_lightPotoro_2025-01-26_2025-01-28,Cerro_Hoya_Expedition_Hoya_1204m_lightPotoro_2025-01-26,lightPotoro_2025_01_28__23_43_22_HDR0.jpg,lightPotoro_2025_01_28__23_43_22_HDR0_4_Mothbot_yolo11m_4500_imgsz1600_b1_2024-01-18.pt.jpg
,Animalia,Arthropoda,Insecta,Lepidoptera,,,,,,,Lepidoptera,Lepidoptera,Cerro_Hoya_Expedition_Hoya_1204m_lightPotoro_2025-01-26,lightPotoro_2025_01_28__23_44_06_HDR0_0_Mothbot_yolo11m_4500_imgsz1600_b1_2024-01-18.pt.jpg,HS,Mothbot_yolo11m_4500_imgsz1600_b1_2024-01-18.pt,0.8732205629348755,,lightPotoro,Cerro_Hoya_Expedition/Hoya_1204m_lightPotoro_2025-01-26/2025-01-28/patches/lightPotoro_2025_01_28__23_44_06_HDR0_0_Mothbot_yolo11m_4500_imgsz1600_b1_2024-01-18.pt.jpg,ORDER_Lepidoptera,2025-01-28,23:44:06,,2025_01_28__23_44_06,MachineObservation,Cerro_Hoya_Expedition_Hoya_1204m_lightPotoro_2025-01-26_2025-01-28,Cerro_Hoya_Expedition_Hoya_1204m_lightPotoro_2025-01-26,lightPotoro_2025_01_28__23_44_06_HDR0.jpg,lightPotoro_2025_01_28__23_44_06_HDR0_0_Mothbot_yolo11m_4500_imgsz1600_b1_2024-01-18.pt.jpg
doi.org10.15468dl.6nxkw6.csv,Animalia,Arthropoda,Insecta,Diptera,,,,,,,Diptera,Diptera,Cerro_Hoya_Expedition_Hoya_1204m_lightPotoro_2025-01-26,lightPotoro_2025_01_28__23_44_06_HDR0_1_Mothbot_yolo11m_4500_imgsz1600_b1_2024-01-18.pt.jpg,HS,Mothbot_yolo11m_4500_imgsz1600_b1_2024-01-18.pt,0.6990662813186646,,lightPotoro,Cerro_Hoya_Expedition/Hoya_1204m_lightPotoro_2025-01-26/2025-01-28/patches/lightPotoro_2025_01_28__23_44_06_HDR0_1_Mothbot_yolo11m_4500_imgsz1600_b1_2024-01-18.pt.jpg,ORDER_Coleoptera,2025-01-28,23:44:06,,2025_01_28__23_44_06,MachineObservation,Cerro_Hoya_Expedition_Hoya_1204m_lightPotoro_2025-01-26_2025-01-28,Cerro_Hoya_Expedition_Hoya_1204m_lightPotoro_2025-01-26,lightPotoro_2025_01_28__23_44_06_HDR0.jpg,lightPotoro_2025_01_28__23_44_06_HDR0_1_Mothbot_yolo11m_4500_imgsz1600_b1_2024-01-18.pt.jpg
doi.org10.15468dl.6nxkw6.csv,Animalia,Arthropoda,Insecta,Diptera,,,,,,,Diptera,Diptera,Cerro_Hoya_Expedition_Hoya_1204m_lightPotoro_2025-01-26,lightPotoro_2025_01_28__23_44_06_HDR0_2_Mothbot_yolo11m_4500_imgsz1600_b1_2024-01-18.pt.jpg,HS,Mothbot_yolo11m_4500_imgsz1600_b1_2024-01-18.pt,0.6738008856773376,,lightPotoro,Cerro_Hoya_Expedition/Hoya_1204m_lightPotoro_2025-01-26/2025-01-28/patches/lightPotoro_2025_01_28__23_44_06_HDR0_2_Mothbot_yolo11m_4500_imgsz1600_b1_2024-01-18.pt.jpg,ORDER_Coleoptera,2025-01-28,23:44:06,,2025_01_28__23_44_06,MachineObservation,Cerro_Hoya_Expedition_Hoya_1204m_lightPotoro_2025-01-26_2025-01-28,Cerro_Hoya_Expedition_Hoya_1204m_lightPotoro_2025-01-26,lightPotoro_2025_01_28__23_44_06_HDR0.jpg,lightPotoro_2025_01_28__23_44_06_HDR0_2_Mothbot_yolo11m_4500_imgsz1600_b1_2024-01-18.pt.jpg
,Animalia,Arthropoda,Insecta,Diptera,,,,,,,Diptera,Diptera,Cerro_Hoya_Expedition_Hoya_1204m_lightPotoro_2025-01-26,lightPotoro_2025_01_28__23_44_06_HDR0_3_Mothbot_yolo11m_4500_imgsz1600_b1_2024-01-18.pt.jpg,HS,Mothbot_yolo11m_4500_imgsz1600_b1_2024-01-18.pt,0.5568199157714844,,lightPotoro,Cerro_Hoya_Expedition/Hoya_1204m_lightPotoro_2025-01-26/2025-01-28/patches/lightPotoro_2025_01_28__23_44_06_HDR0_3_Mothbot_yolo11m_4500_imgsz1600_b1_2024-01-18.pt.jpg,ORDER_Diptera,2025-01-28,23:44:06,,2025_01_28__23_44_06,MachineObservation,Cerro_Hoya_Expedition_Hoya_1204m_lightPotoro_2025-01-26_2025-01-28,Cerro_Hoya_Expedition_Hoya_1204m_lightPotoro_2025-01-26,lightPotoro_2025_01_28__23_44_06_HDR0.jpg,lightPotoro_2025_01_28__23_44_06_HDR0_3_Mothbot_yolo11m_4500_imgsz1600_b1_2024-01-18.pt.jpg
,Animalia,Arthropoda,Insecta,Lepidoptera,,,,,,,Lepidoptera,Lepidoptera,Cerro_Hoya_Expedition_Hoya_1204m_lightPotoro_2025-01-26,lightPotoro_2025_01_28__23_45_06_HDR0_0_Mothbot_yolo11m_4500_imgsz1600_b1_2024-01-18.pt.jpg,HS,Mothbot_yolo11m_4500_imgsz1600_b1_2024-01-18.pt,0.8719452619552612,,lightPotoro,Cerro_Hoya_Expedition/Hoya_1204m_lightPotoro_2025-01-26/2025-01-28/patches/lightPotoro_2025_01_28__23_45_06_HDR0_0_Mothbot_yolo11m_4500_imgsz1600_b1_2024-01-18.pt.jpg,ORDER_Lepidoptera,2025-01-28,23:45:06,,2025_01_28__23_45_06,MachineObservation,Cerro_Hoya_Expedition_Hoya_1204m_lightPotoro_2025-01-26_2025-01-28,Cerro_Hoya_Expedition_Hoya_1204m_lightPotoro_2025-01-26,lightPotoro_2025_01_28__23_45_06_HDR0.jpg,lightPotoro_2025_01_28__23_45_06_HDR0_0_Mothbot_yolo11m_4500_imgsz1600_b1_2024-01-18.pt.jpg
doi.org10.15468dl.6nxkw6.csv,Animalia,Arthropoda,Insecta,Diptera,,,,,,,Diptera,Diptera,Cerro_Hoya_Expedition_Hoya_1204m_lightPotoro_2025-01-26,lightPotoro_2025_01_28__23_45_06_HDR0_1_Mothbot_yolo11m_4500_imgsz1600_b1_2024-01-18.pt.jpg,HS,Mothbot_yolo11m_4500_imgsz1600_b1_2024-01-18.pt,0.6607541441917419,,lightPotoro,Cerro_Hoya_Expedition/Hoya_1204m_lightPotoro_2025-01-26/2025-01-28/patches/lightPotoro_2025_01_28__23_45_06_HDR0_1_Mothbot_yolo11m_4500_imgsz1600_b1_2024-01-18.pt.jpg,ORDER_Coleoptera,2025-01-28,23:45:06,,2025_01_28__23_45_06,MachineObservation,Cerro_Hoya_Expedition_Hoya_1204m_lightPotoro_2025-01-26_2025-01-28,Cerro_Hoya_Expedition_Hoya_1204m_lightPotoro_2025-01-26,lightPotoro_2025_01_28__23_45_06_HDR0.jpg,lightPotoro_2025_01_28__23_45_06_HDR0_1_Mothbot_yolo11m_4500_imgsz1600_b1_2024-01-18.pt.jpg
,Animalia,Arthropoda,Insecta,Diptera,,,,,,,Diptera,Diptera,Cerro_Hoya_Expedition_Hoya_1204m_lightPotoro_2025-01-26,lightPotoro_2025_01_28__23_45_06_HDR0_2_Mothbot_yolo11m_4500_imgsz1600_b1_2024-01-18.pt.jpg,HS,Mothbot_yolo11m_4500_imgsz1600_b1_2024-01-18.pt,0.620824933052063,,lightPotoro,Cerro_Hoya_Expedition/Hoya_1204m_lightPotoro_2025-01-26/2025-01-28/patches/lightPotoro_2025_01_28__23_45_06_HDR0_2_Mothbot_yolo11m_4500_imgsz1600_b1_2024-01-18.pt.jpg,ORDER_Diptera,2025-01-28,23:45:06,,2025_01_28__23_45_06,MachineObservation,Cerro_Hoya_Expedition_Hoya_1204m_lightPotoro_2025-01-26_2025-01-28,Cerro_Hoya_Expedition_Hoya_1204m_lightPotoro_2025-01-26,lightPotoro_2025_01_28__23_45_06_HDR0.jpg,lightPotoro_2025_01_28__23_45_06_HDR0_2_Mothbot_yolo11m_4500_imgsz1600_b1_2024-01-18.pt.jpg
,Animalia,Arthropoda,Insecta,Diptera,,,,,,,Diptera,Diptera,Cerro_Hoya_Expedition_Hoya_1204m_lightPotoro_2025-01-26,lightPotoro_2025_01_28__23_45_06_HDR0_3_Mothbot_yolo11m_4500_imgsz1600_b1_2024-01-18.pt.jpg,HS,Mothbot_yolo11m_4500_imgsz1600_b1_2024-01-18.pt,0.6017209887504578,,lightPotoro,Cerro_Hoya_Expedition/Hoya_1204m_lightPotoro_2025-01-26/2025-01-28/patches/lightPotoro_2025_01_28__23_45_06_HDR0_3_Mothbot_yolo11m_4500_imgsz1600_b1_2024-01-18.pt.jpg,ORDER_Diptera,2025-01-28,23:45:06,,2025_01_28__23_45_06,MachineObservation,Cerro_Hoya_Expedition_Hoya_1204m_lightPotoro_2025-01-26_2025-01-28,Cerro_Hoya_Expedition_Hoya_1204m_lightPotoro_2025-01-26,lightPotoro_2025_01_28__23_45_06_HDR0.jpg,lightPotoro_2025_01_28__23_45_06_HDR0_3_Mothbot_yolo11m_4500_imgsz1600_b1_2024-01-18.pt.jpg
,Animalia,Arthropoda,Insecta,Lepidoptera,,,,,,,Lepidoptera,Lepidoptera,Cerro_Hoya_Expedition_Hoya_1204m_lightPotoro_2025-01-26,lightPotoro_2025_01_28__23_46_05_HDR0_0_Mothbot_yolo11m_4500_imgsz1600_b1_2024-01-18.pt.jpg,HS,Mothbot_yolo11m_4500_imgsz1600_b1_2024-01-18.pt,0.8612524271011353,,lightPotoro,Cerro_Hoya_Expedition/Hoya_1204m_lightPotoro_2025-01-26/2025-01-28/patches/lightPotoro_2025_01_28__23_46_05_HDR0_0_Mothbot_yolo11m_4500_imgsz1600_b1_2024-01-18.pt.jpg,ORDER_Lepidoptera,2025-01-28,23:46:05,,2025_01_28__23_46_05,MachineObservation,Cerro_Hoya_Expedition_Hoya_1204m_lightPotoro_2025-01-26_2025-01-28,Cerro_Hoya_Expedition_Hoya_1204m_lightPotoro_2025-01-26,lightPotoro_2025_01_28__23_46_05_HDR0.jpg,lightPotoro_2025_01_28__23_46_05_HDR0_0_Mothbot_yolo11m_4500_imgsz1600_b1_2024-01-18.pt.jpg
doi.org10.15468dl.6nxkw6.csv,Animalia,Arthropoda,Insecta,Diptera,,,,,,,Diptera,Diptera,Cerro_Hoya_Expedition_Hoya_1204m_lightPotoro_2025-01-26,lightPotoro_2025_01_28__23_46_05_HDR0_1_Mothbot_yolo11m_4500_imgsz1600_b1_2024-01-18.pt.jpg,HS,Mothbot_yolo11m_4500_imgsz1600_b1_2024-01-18.pt,0.6766180396080017,,lightPotoro,Cerro_Hoya_Expedition/Hoya_1204m_lightPotoro_2025-01-26/2025-01-28/patches/lightPotoro_2025_01_28__23_46_05_HDR0_1_Mothbot_yolo11m_4500_imgsz1600_b1_2024-01-18.pt.jpg,ORDER_Hymenoptera,2025-01-28,23:46:05,,2025_01_28__23_46_05,MachineObservation,Cerro_Hoya_Expedition_Hoya_1204m_lightPotoro_2025-01-26_2025-01-28,Cerro_Hoya_Expedition_Hoya_1204m_lightPotoro_2025-01-26,lightPotoro_2025_01_28__23_46_05_HDR0.jpg,lightPotoro_2025_01_28__23_46_05_HDR0_1_Mothbot_yolo11m_4500_imgsz1600_b1_2024-01-18.pt.jpg
doi.org10.15468dl.6nxkw6.csv,Animalia,Arthropoda,Insecta,Diptera,,,,,,,Diptera,Diptera,Cerro_Hoya_Expedition_Hoya_1204m_lightPotoro_2025-01-26,lightPotoro_2025_01_28__23_46_05_HDR0_2_Mothbot_yolo11m_4500_imgsz1600_b1_2024-01-18.pt.jpg,HS,Mothbot_yolo11m_4500_imgsz1600_b1_2024-01-18.pt,0.6356748938560486,,lightPotoro,Cerro_Hoya_Expedition/Hoya_1204m_lightPotoro_2025-01-26/2025-01-28/patches/lightPotoro_2025_01_28__23_46_05_HDR0_2_Mothbot_yolo11m_4500_imgsz1600_b1_2024-01-18.pt.jpg,ORDER_Coleoptera,2025-01-28,23:46:05,,2025_01_28__23_46_05,MachineObservation,Cerro_Hoya_Expedition_Hoya_1204m_lightPotoro_2025-01-26_2025-01-28,Cerro_Hoya_Expedition_Hoya_1204m_lightPotoro_2025-01-26,lightPotoro_2025_01_28__23_46_05_HDR0.jpg,lightPotoro_2025_01_28__23_46_05_HDR0_2_Mothbot_yolo11m_4500_imgsz1600_b1_2024-01-18.pt.jpg
,Animalia,Arthropoda,Insecta,Diptera,,,,,,,Diptera,Diptera,Cerro_Hoya_Expedition_Hoya_1204m_lightPotoro_2025-01-26,lightPotoro_2025_01_28__23_46_05_HDR0_3_Mothbot_yolo11m_4500_imgsz1600_b1_2024-01-18.pt.jpg,HS,Mothbot_yolo11m_4500_imgsz1600_b1_2024-01-18.pt,0.5181821584701538,,lightPotoro,Cerro_Hoya_Expedition/Hoya_1204m_lightPotoro_2025-01-26/2025-01-28/patches/lightPotoro_2025_01_28__23_46_05_HDR0_3_Mothbot_yolo11m_4500_imgsz1600_b1_2024-01-18.pt.jpg,ORDER_Diptera,2025-01-28,23:46:05,,2025_01_28__23_46_05,MachineObservation,Cerro_Hoya_Expedition_Hoya_1204m_lightPotoro_2025-01-26_2025-01-28,Cerro_Hoya_Expedition_Hoya_1204m_lightPotoro_2025-01-26,lightPotoro_2025_01_28__23_46_05_HDR0.jpg,lightPotoro_2025_01_28__23_46_05_HDR0_3_Mothbot_yolo11m_4500_imgsz1600_b1_2024-01-18.pt.jpg
,Animalia,Arthropoda,Insecta,Lepidoptera,,,,,,,Lepidoptera,Lepidoptera,Cerro_Hoya_Expedition_Hoya_1204m_lightPotoro_2025-01-26,lightPotoro_2025_01_28__23_47_05_HDR0_0_Mothbot_yolo11m_4500_imgsz1600_b1_2024-01-18.pt.jpg,HS,Mothbot_yolo11m_4500_imgsz1600_b1_2024-01-18.pt,0.8870294094085693,,lightPotoro,Cerro_Hoya_Expedition/Hoya_1204m_lightPotoro_2025-01-26/2025-01-28/patches/lightPotoro_2025_01_28__23_47_05_HDR0_0_Mothbot_yolo11m_4500_imgsz1600_b1_2024-01-18.pt.jpg,ORDER_Lepidoptera,2025-01-28,23:47:05,,2025_01_28__23_47_05,MachineObservation,Cerro_Hoya_Expedition_Hoya_1204m_lightPotoro_2025-01-26_2025-01-28,Cerro_Hoya_Expedition_Hoya_1204m_lightPotoro_2025-01-26,lightPotoro_2025_01_28__23_47_05_HDR0.jpg,lightPotoro_2025_01_28__23_47_05_HDR0_0_Mothbot_yolo11m_4500_imgsz1600_b1_2024-01-18.pt.jpg
,,,,,,,,,,,,ERROR,Cerro_Hoya_Expedition_Hoya_1204m_lightPotoro_2025-01-26,lightPotoro_2025_01_28__23_47_05_HDR0_1_Mothbot_yolo11m_4500_imgsz1600_b1_2024-01-18.pt.jpg,HS,Mothbot_yolo11m_4500_imgsz1600_b1_2024-01-18.pt,0.8277990818023682,,lightPotoro,Cerro_Hoya_Expedition/Hoya_1204m_lightPotoro_2025-01-26/2025-01-28/patches/lightPotoro_2025_01_28__23_47_05_HDR0_1_Mothbot_yolo11m_4500_imgsz1600_b1_2024-01-18.pt.jpg,ORDER_Lepidoptera,2025-01-28,23:47:05,,2025_01_28__23_47_05,MachineObservation,Cerro_Hoya_Expedition_Hoya_1204m_lightPotoro_2025-01-26_2025-01-28,Cerro_Hoya_Expedition_Hoya_1204m_lightPotoro_2025-01-26,lightPotoro_2025_01_28__23_47_05_HDR0.jpg,lightPotoro_2025_01_28__23_47_05_HDR0_1_Mothbot_yolo11m_4500_imgsz1600_b1_2024-01-18.pt.jpg
,Animalia,Arthropoda,Insecta,Lepidoptera,,,,,,,Lepidoptera,Lepidoptera,Cerro_Hoya_Expedition_Hoya_1204m_lightPotoro_2025-01-26,lightPotoro_2025_01_28__23_47_05_HDR0_2_Mothbot_yolo11m_4500_imgsz1600_b1_2024-01-18.pt.jpg,HS,Mothbot_yolo11m_4500_imgsz1600_b1_2024-01-18.pt,0.8272683620452881,,lightPotoro,Cerro_Hoya_Expedition/Hoya_1204m_lightPotoro_2025-01-26/2025-01-28/patches/lightPotoro_2025_01_28__23_47_05_HDR0_2_Mothbot_yolo11m_4500_imgsz1600_b1_2024-01-18.pt.jpg,ORDER_Lepidoptera,2025-01-28,23:47:05,,2025_01_28__23_47_05,MachineObservation,Cerro_Hoya_Expedition_Hoya_1204m_lightPotoro_2025-01-26_2025-01-28,Cerro_Hoya_Expedition_Hoya_1204m_lightPotoro_2025-01-26,lightPotoro_2025_01_28__23_47_05_HDR0.jpg,lightPotoro_2025_01_28__23_47_05_HDR0_2_Mothbot_yolo11m_4500_imgsz1600_b1_2024-01-18.pt.jpg
doi.org10.15468dl.6nxkw6.csv,Animalia,Arthropoda,Insecta,Diptera,,,,,,,Diptera,Diptera,Cerro_Hoya_Expedition_Hoya_1204m_lightPotoro_2025-01-26,lightPotoro_2025_01_28__23_47_05_HDR0_3_Mothbot_yolo11m_4500_imgsz1600_b1_2024-01-18.pt.jpg,HS,Mothbot_yolo11m_4500_imgsz1600_b1_2024-01-18.pt,0.8050521612167358,,lightPotoro,Cerro_Hoya_Expedition/Hoya_1204m_lightPotoro_2025-01-26/2025-01-28/patches/lightPotoro_2025_01_28__23_47_05_HDR0_3_Mothbot_yolo11m_4500_imgsz1600_b1_2024-01-18.pt.jpg,ORDER_Hymenoptera,2025-01-28,23:47:05,,2025_01_28__23_47_05,MachineObservation,Cerro_Hoya_Expedition_Hoya_1204m_lightPotoro_2025-01-26_2025-01-28,Cerro_Hoya_Expedition_Hoya_1204m_lightPotoro_2025-01-26,lightPotoro_2025_01_28__23_47_05_HDR0.jpg,lightPotoro_2025_01_28__23_47_05_HDR0_3_Mothbot_yolo11m_4500_imgsz1600_b1_2024-01-18.pt.jpg
,Animalia,Arthropoda,Insecta,Hemiptera,,,,,,,Hemiptera,Hemiptera,Cerro_Hoya_Expedition_Hoya_1204m_lightPotoro_2025-01-26,lightPotoro_2025_01_28__23_47_05_HDR0_4_Mothbot_yolo11m_4500_imgsz1600_b1_2024-01-18.pt.jpg,HS,Mothbot_yolo11m_4500_imgsz1600_b1_2024-01-18.pt,0.7279074788093567,,lightPotoro,Cerro_Hoya_Expedition/Hoya_1204m_lightPotoro_2025-01-26/2025-01-28/patches/lightPotoro_2025_01_28__23_47_05_HDR0_4_Mothbot_yolo11m_4500_imgsz1600_b1_2024-01-18.pt.jpg,ORDER_Hemiptera,2025-01-28,23:47:05,,2025_01_28__23_47_05,MachineObservation,Cerro_Hoya_Expedition_Hoya_1204m_lightPotoro_2025-01-26_2025-01-28,Cerro_Hoya_Expedition_Hoya_1204m_lightPotoro_2025-01-26,lightPotoro_2025_01_28__23_47_05_HDR0.jpg,lightPotoro_2025_01_28__23_47_05_HDR0_4_Mothbot_yolo11m_4500_imgsz1600_b1_2024-01-18.pt.jpg
,Animalia,Arthropoda,Insecta,Diptera,,,,,,,Diptera,Diptera,Cerro_Hoya_Expedition_Hoya_1204m_lightPotoro_2025-01-26,lightPotoro_2025_01_28__23_47_05_HDR0_5_Mothbot_yolo11m_4500_imgsz1600_b1_2024-01-18.pt.jpg,HS,Mothbot_yolo11m_4500_imgsz1600_b1_2024-01-18.pt,0.7033573389053345,,lightPotoro,Cerro_Hoya_Expedition/Hoya_1204m_lightPotoro_2025-01-26/2025-01-28/patches/lightPotoro_2025_01_28__23_47_05_HDR0_5_Mothbot_yolo11m_4500_imgsz1600_b1_2024-01-18.pt.jpg,ORDER_Diptera,2025-01-28,23:47:05,,2025_01_28__23_47_05,MachineObservation,Cerro_Hoya_Expedition_Hoya_1204m_lightPotoro_2025-01-26_2025-01-28,Cerro_Hoya_Expedition_Hoya_1204m_lightPotoro_2025-01-26,lightPotoro_2025_01_28__23_47_05_HDR0.jpg,lightPotoro_2025_01_28__23_47_05_HDR0_5_Mothbot_yolo11m_4500_imgsz1600_b1_2024-01-18.pt.jpg
doi.org10.15468dl.6nxkw6.csv,Animalia,Arthropoda,Insecta,Diptera,,,,,,,Diptera,Diptera,Cerro_Hoya_Expedition_Hoya_1204m_lightPotoro_2025-01-26,lightPotoro_2025_01_28__23_47_05_HDR0_6_Mothbot_yolo11m_4500_imgsz1600_b1_2024-01-18.pt.jpg,HS,Mothbot_yolo11m_4500_imgsz1600_b1_2024-01-18.pt,0.6734572649002075,,lightPotoro,Cerro_Hoya_Expedition/Hoya_1204m_lightPotoro_2025-01-26/2025-01-28/patches/lightPotoro_2025_01_28__23_47_05_HDR0_6_Mothbot_yolo11m_4500_imgsz1600_b1_2024-01-18.pt.jpg,ORDER_Coleoptera,2025-01-28,23:47:05,,2025_01_28__23_47_05,MachineObservation,Cerro_Hoya_Expedition_Hoya_1204m_lightPotoro_2025-01-26_2025-01-28,Cerro_Hoya_Expedition_Hoya_1204m_lightPotoro_2025-01-26,lightPotoro_2025_01_28__23_47_05_HDR0.jpg,lightPotoro_2025_01_28__23_47_05_HDR0_6_Mothbot_yolo11m_4500_imgsz1600_b1_2024-01-18.pt.jpg
doi.org10.15468dl.6nxkw6.csv,Animalia,Arthropoda,Insecta,Diptera,,,,,,,Diptera,Diptera,Cerro_Hoya_Expedition_Hoya_1204m_lightPotoro_2025-01-26,lightPotoro_2025_01_28__23_47_05_HDR0_7_Mothbot_yolo11m_4500_imgsz1600_b1_2024-01-18.pt.jpg,HS,Mothbot_yolo11m_4500_imgsz1600_b1_2024-01-18.pt,0.6194366216659546,,lightPotoro,Cerro_Hoya_Expedition/Hoya_1204m_lightPotoro_2025-01-26/2025-01-28/patches/lightPotoro_2025_01_28__23_47_05_HDR0_7_Mothbot_yolo11m_4500_imgsz1600_b1_2024-01-18.pt.jpg,ORDER_Coleoptera,2025-01-28,23:47:05,,2025_01_28__23_47_05,MachineObservation,Cerro_Hoya_Expedition_Hoya_1204m_lightPotoro_2025-01-26_2025-01-28,Cerro_Hoya_Expedition_Hoya_1204m_lightPotoro_2025-01-26,lightPotoro_2025_01_28__23_47_05_HDR0.jpg,lightPotoro_2025_01_28__23_47_05_HDR0_7_Mothbot_yolo11m_4500_imgsz1600_b1_2024-01-18.pt.jpg
,Animalia,Arthropoda,Insecta,Lepidoptera,,,,,,,Lepidoptera,Lepidoptera,Cerro_Hoya_Expedition_Hoya_1204m_lightPotoro_2025-01-26,lightPotoro_2025_01_28__23_48_06_HDR0_0_Mothbot_yolo11m_4500_imgsz1600_b1_2024-01-18.pt.jpg,HS,Mothbot_yolo11m_4500_imgsz1600_b1_2024-01-18.pt,0.8696506023406982,,lightPotoro,Cerro_Hoya_Expedition/Hoya_1204m_lightPotoro_2025-01-26/2025-01-28/patches/lightPotoro_2025_01_28__23_48_06_HDR0_0_Mothbot_yolo11m_4500_imgsz1600_b1_2024-01-18.pt.jpg,ORDER_Lepidoptera,2025-01-28,23:48:06,,2025_01_28__23_48_06,MachineObservation,Cerro_Hoya_Expedition_Hoya_1204m_lightPotoro_2025-01-26_2025-01-28,Cerro_Hoya_Expedition_Hoya_1204m_lightPotoro_2025-01-26,lightPotoro_2025_01_28__23_48_06_HDR0.jpg,lightPotoro_2025_01_28__23_48_06_HDR0_0_Mothbot_yolo11m_4500_imgsz1600_b1_2024-01-18.pt.jpg
,Animalia,Arthropoda,Insecta,Diptera,,,,,,,Diptera,Diptera,Cerro_Hoya_Expedition_Hoya_1204m_lightPotoro_2025-01-26,lightPotoro_2025_01_28__23_48_06_HDR0_1_Mothbot_yolo11m_4500_imgsz1600_b1_2024-01-18.pt.jpg,HS,Mothbot_yolo11m_4500_imgsz1600_b1_2024-01-18.pt,0.835425615310669,,lightPotoro,Cerro_Hoya_Expedition/Hoya_1204m_lightPotoro_2025-01-26/2025-01-28/patches/lightPotoro_2025_01_28__23_48_06_HDR0_1_Mothbot_yolo11m_4500_imgsz1600_b1_2024-01-18.pt.jpg,ORDER_Diptera,2025-01-28,23:48:06,,2025_01_28__23_48_06,MachineObservation,Cerro_Hoya_Expedition_Hoya_1204m_lightPotoro_2025-01-26_2025-01-28,Cerro_Hoya_Expedition_Hoya_1204m_lightPotoro_2025-01-26,lightPotoro_2025_01_28__23_48_06_HDR0.jpg,lightPotoro_2025_01_28__23_48_06_HDR0_1_Mothbot_yolo11m_4500_imgsz1600_b1_2024-01-18.pt.jpg
,Animalia,Arthropoda,Insecta,Lepidoptera,,,,,,,Lepidoptera,Lepidoptera,Cerro_Hoya_Expedition_Hoya_1204m_lightPotoro_2025-01-26,lightPotoro_2025_01_28__23_48_06_HDR0_2_Mothbot_yolo11m_4500_imgsz1600_b1_2024-01-18.pt.jpg,HS,Mothbot_yolo11m_4500_imgsz1600_b1_2024-01-18.pt,0.7680488228797913,,lightPotoro,Cerro_Hoya_Expedition/Hoya_1204m_lightPotoro_2025-01-26/2025-01-28/patches/lightPotoro_2025_01_28__23_48_06_HDR0_2_Mothbot_yolo11m_4500_imgsz1600_b1_2024-01-18.pt.jpg,ORDER_Lepidoptera,2025-01-28,23:48:06,,2025_01_28__23_48_06,MachineObservation,Cerro_Hoya_Expedition_Hoya_1204m_lightPotoro_2025-01-26_2025-01-28,Cerro_Hoya_Expedition_Hoya_1204m_lightPotoro_2025-01-26,lightPotoro_2025_01_28__23_48_06_HDR0.jpg,lightPotoro_2025_01_28__23_48_06_HDR0_2_Mothbot_yolo11m_4500_imgsz1600_b1_2024-01-18.pt.jpg
,Animalia,Arthropoda,Insecta,Hemiptera,,,,,,,Hemiptera,Hemiptera,Cerro_Hoya_Expedition_Hoya_1204m_lightPotoro_2025-01-26,lightPotoro_2025_01_28__23_48_06_HDR0_3_Mothbot_yolo11m_4500_imgsz1600_b1_2024-01-18.pt.jpg,HS,Mothbot_yolo11m_4500_imgsz1600_b1_2024-01-18.pt,0.7067674994468689,,lightPotoro,Cerro_Hoya_Expedition/Hoya_1204m_lightPotoro_2025-01-26/2025-01-28/patches/lightPotoro_2025_01_28__23_48_06_HDR0_3_Mothbot_yolo11m_4500_imgsz1600_b1_2024-01-18.pt.jpg,ORDER_Hemiptera,2025-01-28,23:48:06,,2025_01_28__23_48_06,MachineObservation,Cerro_Hoya_Expedition_Hoya_1204m_lightPotoro_2025-01-26_2025-01-28,Cerro_Hoya_Expedition_Hoya_1204m_lightPotoro_2025-01-26,lightPotoro_2025_01_28__23_48_06_HDR0.jpg,lightPotoro_2025_01_28__23_48_06_HDR0_3_Mothbot_yolo11m_4500_imgsz1600_b1_2024-01-18.pt.jpg
doi.org10.15468dl.6nxkw6.csv,Animalia,Arthropoda,Insecta,Diptera,,,,,,,Diptera,Diptera,Cerro_Hoya_Expedition_Hoya_1204m_lightPotoro_2025-01-26,lightPotoro_2025_01_28__23_48_06_HDR0_4_Mothbot_yolo11m_4500_imgsz1600_b1_2024-01-18.pt.jpg,HS,Mothbot_yolo11m_4500_imgsz1600_b1_2024-01-18.pt,0.7007720470428467,,lightPotoro,Cerro_Hoya_Expedition/Hoya_1204m_lightPotoro_2025-01-26/2025-01-28/patches/lightPotoro_2025_01_28__23_48_06_HDR0_4_Mothbot_yolo11m_4500_imgsz1600_b1_2024-01-18.pt.jpg,ORDER_Coleoptera,2025-01-28,23:48:06,,2025_01_28__23_48_06,MachineObservation,Cerro_Hoya_Expedition_Hoya_1204m_lightPotoro_2025-01-26_2025-01-28,Cerro_Hoya_Expedition_Hoya_1204m_lightPotoro_2025-01-26,lightPotoro_2025_01_28__23_48_06_HDR0.jpg,lightPotoro_2025_01_28__23_48_06_HDR0_4_Mothbot_yolo11m_4500_imgsz1600_b1_2024-01-18.pt.jpg
,Animalia,Arthropoda,Insecta,Diptera,,,,,,,Diptera,Diptera,Cerro_Hoya_Expedition_Hoya_1204m_lightPotoro_2025-01-26,lightPotoro_2025_01_28__23_48_06_HDR0_5_Mothbot_yolo11m_4500_imgsz1600_b1_2024-01-18.pt.jpg,HS,Mothbot_yolo11m_4500_imgsz1600_b1_2024-01-18.pt,0.6738517880439758,,lightPotoro,Cerro_Hoya_Expedition/Hoya_1204m_lightPotoro_2025-01-26/2025-01-28/patches/lightPotoro_2025_01_28__23_48_06_HDR0_5_Mothbot_yolo11m_4500_imgsz1600_b1_2024-01-18.pt.jpg,ORDER_Diptera,2025-01-28,23:48:06,,2025_01_28__23_48_06,MachineObservation,Cerro_Hoya_Expedition_Hoya_1204m_lightPotoro_2025-01-26_2025-01-28,Cerro_Hoya_Expedition_Hoya_1204m_lightPotoro_2025-01-26,lightPotoro_2025_01_28__23_48_06_HDR0.jpg,lightPotoro_2025_01_28__23_48_06_HDR0_5_Mothbot_yolo11m_4500_imgsz1600_b1_2024-01-18.pt.jpg
,Animalia,Arthropoda,Insecta,Hemiptera,,,,,,,Hemiptera,Hemiptera,Cerro_Hoya_Expedition_Hoya_1204m_lightPotoro_2025-01-26,lightPotoro_2025_01_28__23_48_06_HDR0_6_Mothbot_yolo11m_4500_imgsz1600_b1_2024-01-18.pt.jpg,HS,Mothbot_yolo11m_4500_imgsz1600_b1_2024-01-18.pt,0.6373762488365173,,lightPotoro,Cerro_Hoya_Expedition/Hoya_1204m_lightPotoro_2025-01-26/2025-01-28/patches/lightPotoro_2025_01_28__23_48_06_HDR0_6_Mothbot_yolo11m_4500_imgsz1600_b1_2024-01-18.pt.jpg,ORDER_Hemiptera,2025-01-28,23:48:06,,2025_01_28__23_48_06,MachineObservation,Cerro_Hoya_Expedition_Hoya_1204m_lightPotoro_2025-01-26_2025-01-28,Cerro_Hoya_Expedition_Hoya_1204m_lightPotoro_2025-01-26,lightPotoro_2025_01_28__23_48_06_HDR0.jpg,lightPotoro_2025_01_28__23_48_06_HDR0_6_Mothbot_yolo11m_4500_imgsz1600_b1_2024-01-18.pt.jpg
,Animalia,Arthropoda,Insecta,Hemiptera,,,,,,,Hemiptera,Hemiptera,Cerro_Hoya_Expedition_Hoya_1204m_lightPotoro_2025-01-26,lightPotoro_2025_01_28__23_48_06_HDR0_7_Mothbot_yolo11m_4500_imgsz1600_b1_2024-01-18.pt.jpg,HS,Mothbot_yolo11m_4500_imgsz1600_b1_2024-01-18.pt,0.26545050740242004,,lightPotoro,Cerro_Hoya_Expedition/Hoya_1204m_lightPotoro_2025-01-26/2025-01-28/patches/lightPotoro_2025_01_28__23_48_06_HDR0_7_Mothbot_yolo11m_4500_imgsz1600_b1_2024-01-18.pt.jpg,ORDER_Hemiptera,2025-01-28,23:48:06,,2025_01_28__23_48_06,MachineObservation,Cerro_Hoya_Expedition_Hoya_1204m_lightPotoro_2025-01-26_2025-01-28,Cerro_Hoya_Expedition_Hoya_1204m_lightPotoro_2025-01-26,lightPotoro_2025_01_28__23_48_06_HDR0.jpg,lightPotoro_2025_01_28__23_48_06_HDR0_7_Mothbot_yolo11m_4500_imgsz1600_b1_2024-01-18.pt.jpg
,Animalia,Arthropoda,Insecta,Lepidoptera,,,,,,,Lepidoptera,Lepidoptera,Cerro_Hoya_Expedition_Hoya_1204m_lightPotoro_2025-01-26,lightPotoro_2025_01_28__23_49_06_HDR0_0_Mothbot_yolo11m_4500_imgsz1600_b1_2024-01-18.pt.jpg,HS,Mothbot_yolo11m_4500_imgsz1600_b1_2024-01-18.pt,0.8726324439048767,,lightPotoro,Cerro_Hoya_Expedition/Hoya_1204m_lightPotoro_2025-01-26/2025-01-28/patches/lightPotoro_2025_01_28__23_49_06_HDR0_0_Mothbot_yolo11m_4500_imgsz1600_b1_2024-01-18.pt.jpg,ORDER_Lepidoptera,2025-01-28,23:49:06,,2025_01_28__23_49_06,MachineObservation,Cerro_Hoya_Expedition_Hoya_1204m_lightPotoro_2025-01-26_2025-01-28,Cerro_Hoya_Expedition_Hoya_1204m_lightPotoro_2025-01-26,lightPotoro_2025_01_28__23_49_06_HDR0.jpg,lightPotoro_2025_01_28__23_49_06_HDR0_0_Mothbot_yolo11m_4500_imgsz1600_b1_2024-01-18.pt.jpg
,Animalia,Arthropoda,Insecta,Lepidoptera,,,,,,,Lepidoptera,Lepidoptera,Cerro_Hoya_Expedition_Hoya_1204m_lightPotoro_2025-01-26,lightPotoro_2025_01_28__23_49_06_HDR0_1_Mothbot_yolo11m_4500_imgsz1600_b1_2024-01-18.pt.jpg,HS,Mothbot_yolo11m_4500_imgsz1600_b1_2024-01-18.pt,0.7376809120178223,,lightPotoro,Cerro_Hoya_Expedition/Hoya_1204m_lightPotoro_2025-01-26/2025-01-28/patches/lightPotoro_2025_01_28__23_49_06_HDR0_1_Mothbot_yolo11m_4500_imgsz1600_b1_2024-01-18.pt.jpg,ORDER_Lepidoptera,2025-01-28,23:49:06,,2025_01_28__23_49_06,MachineObservation,Cerro_Hoya_Expedition_Hoya_1204m_lightPotoro_2025-01-26_2025-01-28,Cerro_Hoya_Expedition_Hoya_1204m_lightPotoro_2025-01-26,lightPotoro_2025_01_28__23_49_06_HDR0.jpg,lightPotoro_2025_01_28__23_49_06_HDR0_1_Mothbot_yolo11m_4500_imgsz1600_b1_2024-01-18.pt.jpg
,Animalia,Arthropoda,Insecta,Hemiptera,,,,,,,Hemiptera,Hemiptera,Cerro_Hoya_Expedition_Hoya_1204m_lightPotoro_2025-01-26,lightPotoro_2025_01_28__23_49_06_HDR0_2_Mothbot_yolo11m_4500_imgsz1600_b1_2024-01-18.pt.jpg,HS,Mothbot_yolo11m_4500_imgsz1600_b1_2024-01-18.pt,0.6152070760726929,,lightPotoro,Cerro_Hoya_Expedition/Hoya_1204m_lightPotoro_2025-01-26/2025-01-28/patches/lightPotoro_2025_01_28__23_49_06_HDR0_2_Mothbot_yolo11m_4500_imgsz1600_b1_2024-01-18.pt.jpg,ORDER_Hemiptera,2025-01-28,23:49:06,,2025_01_28__23_49_06,MachineObservation,Cerro_Hoya_Expedition_Hoya_1204m_lightPotoro_2025-01-26_2025-01-28,Cerro_Hoya_Expedition_Hoya_1204m_lightPotoro_2025-01-26,lightPotoro_2025_01_28__23_49_06_HDR0.jpg,lightPotoro_2025_01_28__23_49_06_HDR0_2_Mothbot_yolo11m_4500_imgsz1600_b1_2024-01-18.pt.jpg
,Animalia,Arthropoda,Insecta,Hemiptera,,,,,,,Hemiptera,Hemiptera,Cerro_Hoya_Expedition_Hoya_1204m_lightPotoro_2025-01-26,lightPotoro_2025_01_28__23_49_06_HDR0_3_Mothbot_yolo11m_4500_imgsz1600_b1_2024-01-18.pt.jpg,HS,Mothbot_yolo11m_4500_imgsz1600_b1_2024-01-18.pt,0.6060240268707275,,lightPotoro,Cerro_Hoya_Expedition/Hoya_1204m_lightPotoro_2025-01-26/2025-01-28/patches/lightPotoro_2025_01_28__23_49_06_HDR0_3_Mothbot_yolo11m_4500_imgsz1600_b1_2024-01-18.pt.jpg,ORDER_Hemiptera,2025-01-28,23:49:06,,2025_01_28__23_49_06,MachineObservation,Cerro_Hoya_Expedition_Hoya_1204m_lightPotoro_2025-01-26_2025-01-28,Cerro_Hoya_Expedition_Hoya_1204m_lightPotoro_2025-01-26,lightPotoro_2025_01_28__23_49_06_HDR0.jpg,lightPotoro_2025_01_28__23_49_06_HDR0_3_Mothbot_yolo11m_4500_imgsz1600_b1_2024-01-18.pt.jpg
doi.org10.15468dl.6nxkw6.csv,Animalia,Arthropoda,Insecta,Diptera,,,,,,,Diptera,Diptera,Cerro_Hoya_Expedition_Hoya_1204m_lightPotoro_2025-01-26,lightPotoro_2025_01_28__23_49_06_HDR0_4_Mothbot_yolo11m_4500_imgsz1600_b1_2024-01-18.pt.jpg,HS,Mothbot_yolo11m_4500_imgsz1600_b1_2024-01-18.pt,0.5642428994178772,,lightPotoro,Cerro_Hoya_Expedition/Hoya_1204m_lightPotoro_2025-01-26/2025-01-28/patches/lightPotoro_2025_01_28__23_49_06_HDR0_4_Mothbot_yolo11m_4500_imgsz1600_b1_2024-01-18.pt.jpg,ORDER_Coleoptera,2025-01-28,23:49:06,,2025_01_28__23_49_06,MachineObservation,Cerro_Hoya_Expedition_Hoya_1204m_lightPotoro_2025-01-26_2025-01-28,Cerro_Hoya_Expedition_Hoya_1204m_lightPotoro_2025-01-26,lightPotoro_2025_01_28__23_49_06_HDR0.jpg,lightPotoro_2025_01_28__23_49_06_HDR0_4_Mothbot_yolo11m_4500_imgsz1600_b1_2024-01-18.pt.jpg
,Animalia,Arthropoda,Insecta,Lepidoptera,,,,,,,Lepidoptera,Lepidoptera,Cerro_Hoya_Expedition_Hoya_1204m_lightPotoro_2025-01-26,lightPotoro_2025_01_28__23_50_21_HDR0_0_Mothbot_yolo11m_4500_imgsz1600_b1_2024-01-18.pt.jpg,HS,Mothbot_yolo11m_4500_imgsz1600_b1_2024-01-18.pt,0.8735238909721375,,lightPotoro,Cerro_Hoya_Expedition/Hoya_1204m_lightPotoro_2025-01-26/2025-01-28/patches/lightPotoro_2025_01_28__23_50_21_HDR0_0_Mothbot_yolo11m_4500_imgsz1600_b1_2024-01-18.pt.jpg,ORDER_Lepidoptera,2025-01-28,23:50:21,,2025_01_28__23_50_21,MachineObservation,Cerro_Hoya_Expedition_Hoya_1204m_lightPotoro_2025-01-26_2025-01-28,Cerro_Hoya_Expedition_Hoya_1204m_lightPotoro_2025-01-26,lightPotoro_2025_01_28__23_50_21_HDR0.jpg,lightPotoro_2025_01_28__23_50_21_HDR0_0_Mothbot_yolo11m_4500_imgsz1600_b1_2024-01-18.pt.jpg
,Animalia,Arthropoda,Insecta,Lepidoptera,,,,,,,Lepidoptera,Lepidoptera,Cerro_Hoya_Expedition_Hoya_1204m_lightPotoro_2025-01-26,lightPotoro_2025_01_28__23_50_21_HDR0_1_Mothbot_yolo11m_4500_imgsz1600_b1_2024-01-18.pt.jpg,HS,Mothbot_yolo11m_4500_imgsz1600_b1_2024-01-18.pt,0.8464275002479553,,lightPotoro,Cerro_Hoya_Expedition/Hoya_1204m_lightPotoro_2025-01-26/2025-01-28/patches/lightPotoro_2025_01_28__23_50_21_HDR0_1_Mothbot_yolo11m_4500_imgsz1600_b1_2024-01-18.pt.jpg,ORDER_Lepidoptera,2025-01-28,23:50:21,,2025_01_28__23_50_21,MachineObservation,Cerro_Hoya_Expedition_Hoya_1204m_lightPotoro_2025-01-26_2025-01-28,Cerro_Hoya_Expedition_Hoya_1204m_lightPotoro_2025-01-26,lightPotoro_2025_01_28__23_50_21_HDR0.jpg,lightPotoro_2025_01_28__23_50_21_HDR0_1_Mothbot_yolo11m_4500_imgsz1600_b1_2024-01-18.pt.jpg
doi.org10.15468dl.6nxkw6.csv,Animalia,Arthropoda,Insecta,Diptera,,,,,,,Diptera,Diptera,Cerro_Hoya_Expedition_Hoya_1204m_lightPotoro_2025-01-26,lightPotoro_2025_01_28__23_50_21_HDR0_2_Mothbot_yolo11m_4500_imgsz1600_b1_2024-01-18.pt.jpg,HS,Mothbot_yolo11m_4500_imgsz1600_b1_2024-01-18.pt,0.6478755474090576,,lightPotoro,Cerro_Hoya_Expedition/Hoya_1204m_lightPotoro_2025-01-26/2025-01-28/patches/lightPotoro_2025_01_28__23_50_21_HDR0_2_Mothbot_yolo11m_4500_imgsz1600_b1_2024-01-18.pt.jpg,ORDER_Hemiptera,2025-01-28,23:50:21,,2025_01_28__23_50_21,MachineObservation,Cerro_Hoya_Expedition_Hoya_1204m_lightPotoro_2025-01-26_2025-01-28,Cerro_Hoya_Expedition_Hoya_1204m_lightPotoro_2025-01-26,lightPotoro_2025_01_28__23_50_21_HDR0.jpg,lightPotoro_2025_01_28__23_50_21_HDR0_2_Mothbot_yolo11m_4500_imgsz1600_b1_2024-01-18.pt.jpg
doi.org10.15468dl.6nxkw6.csv,Animalia,Arthropoda,Insecta,Hemiptera,,,,,,,Hemiptera,Hemiptera,Cerro_Hoya_Expedition_Hoya_1204m_lightPotoro_2025-01-26,lightPotoro_2025_01_28__23_50_21_HDR0_3_Mothbot_yolo11m_4500_imgsz1600_b1_2024-01-18.pt.jpg,HS,Mothbot_yolo11m_4500_imgsz1600_b1_2024-01-18.pt,0.5244836211204529,,lightPotoro,Cerro_Hoya_Expedition/Hoya_1204m_lightPotoro_2025-01-26/2025-01-28/patches/lightPotoro_2025_01_28__23_50_21_HDR0_3_Mothbot_yolo11m_4500_imgsz1600_b1_2024-01-18.pt.jpg,ORDER_Psocodea,2025-01-28,23:50:21,,2025_01_28__23_50_21,MachineObservation,Cerro_Hoya_Expedition_Hoya_1204m_lightPotoro_2025-01-26_2025-01-28,Cerro_Hoya_Expedition_Hoya_1204m_lightPotoro_2025-01-26,lightPotoro_2025_01_28__23_50_21_HDR0.jpg,lightPotoro_2025_01_28__23_50_21_HDR0_3_Mothbot_yolo11m_4500_imgsz1600_b1_2024-01-18.pt.jpg
doi.org10.15468dl.6nxkw6.csv,Animalia,Arthropoda,Insecta,Diptera,,,,,,,Diptera,Diptera,Cerro_Hoya_Expedition_Hoya_1204m_lightPotoro_2025-01-26,lightPotoro_2025_01_28__23_50_21_HDR0_4_Mothbot_yolo11m_4500_imgsz1600_b1_2024-01-18.pt.jpg,HS,Mothbot_yolo11m_4500_imgsz1600_b1_2024-01-18.pt,0.4828183650970459,,lightPotoro,Cerro_Hoya_Expedition/Hoya_1204m_lightPotoro_2025-01-26/2025-01-28/patches/lightPotoro_2025_01_28__23_50_21_HDR0_4_Mothbot_yolo11m_4500_imgsz1600_b1_2024-01-18.pt.jpg,ORDER_Coleoptera,2025-01-28,23:50:21,,2025_01_28__23_50_21,MachineObservation,Cerro_Hoya_Expedition_Hoya_1204m_lightPotoro_2025-01-26_2025-01-28,Cerro_Hoya_Expedition_Hoya_1204m_lightPotoro_2025-01-26,lightPotoro_2025_01_28__23_50_21_HDR0.jpg,lightPotoro_2025_01_28__23_50_21_HDR0_4_Mothbot_yolo11m_4500_imgsz1600_b1_2024-01-18.pt.jpg
,Animalia,Arthropoda,Insecta,Lepidoptera,,,,,,,Lepidoptera,Lepidoptera,Cerro_Hoya_Expedition_Hoya_1204m_lightPotoro_2025-01-26,lightPotoro_2025_01_28__23_51_06_HDR0_0_Mothbot_yolo11m_4500_imgsz1600_b1_2024-01-18.pt.jpg,HS,Mothbot_yolo11m_4500_imgsz1600_b1_2024-01-18.pt,0.896258533000946,,lightPotoro,Cerro_Hoya_Expedition/Hoya_1204m_lightPotoro_2025-01-26/2025-01-28/patches/lightPotoro_2025_01_28__23_51_06_HDR0_0_Mothbot_yolo11m_4500_imgsz1600_b1_2024-01-18.pt.jpg,ORDER_Lepidoptera,2025-01-28,23:51:06,,2025_01_28__23_51_06,MachineObservation,Cerro_Hoya_Expedition_Hoya_1204m_lightPotoro_2025-01-26_2025-01-28,Cerro_Hoya_Expedition_Hoya_1204m_lightPotoro_2025-01-26,lightPotoro_2025_01_28__23_51_06_HDR0.jpg,lightPotoro_2025_01_28__23_51_06_HDR0_0_Mothbot_yolo11m_4500_imgsz1600_b1_2024-01-18.pt.jpg
,Animalia,Arthropoda,Insecta,Lepidoptera,,,,,,,Lepidoptera,Lepidoptera,Cerro_Hoya_Expedition_Hoya_1204m_lightPotoro_2025-01-26,lightPotoro_2025_01_28__23_51_06_HDR0_1_Mothbot_yolo11m_4500_imgsz1600_b1_2024-01-18.pt.jpg,HS,Mothbot_yolo11m_4500_imgsz1600_b1_2024-01-18.pt,0.8285242915153503,,lightPotoro,Cerro_Hoya_Expedition/Hoya_1204m_lightPotoro_2025-01-26/2025-01-28/patches/lightPotoro_2025_01_28__23_51_06_HDR0_1_Mothbot_yolo11m_4500_imgsz1600_b1_2024-01-18.pt.jpg,ORDER_Lepidoptera,2025-01-28,23:51:06,,2025_01_28__23_51_06,MachineObservation,Cerro_Hoya_Expedition_Hoya_1204m_lightPotoro_2025-01-26_2025-01-28,Cerro_Hoya_Expedition_Hoya_1204m_lightPotoro_2025-01-26,lightPotoro_2025_01_28__23_51_06_HDR0.jpg,lightPotoro_2025_01_28__23_51_06_HDR0_1_Mothbot_yolo11m_4500_imgsz1600_b1_2024-01-18.pt.jpg
,Animalia,Arthropoda,Insecta,Hemiptera,,,,,,,Hemiptera,Hemiptera,Cerro_Hoya_Expedition_Hoya_1204m_lightPotoro_2025-01-26,lightPotoro_2025_01_28__23_51_06_HDR0_2_Mothbot_yolo11m_4500_imgsz1600_b1_2024-01-18.pt.jpg,HS,Mothbot_yolo11m_4500_imgsz1600_b1_2024-01-18.pt,0.7270078063011169,,lightPotoro,Cerro_Hoya_Expedition/Hoya_1204m_lightPotoro_2025-01-26/2025-01-28/patches/lightPotoro_2025_01_28__23_51_06_HDR0_2_Mothbot_yolo11m_4500_imgsz1600_b1_2024-01-18.pt.jpg,ORDER_Hemiptera,2025-01-28,23:51:06,,2025_01_28__23_51_06,MachineObservation,Cerro_Hoya_Expedition_Hoya_1204m_lightPotoro_2025-01-26_2025-01-28,Cerro_Hoya_Expedition_Hoya_1204m_lightPotoro_2025-01-26,lightPotoro_2025_01_28__23_51_06_HDR0.jpg,lightPotoro_2025_01_28__23_51_06_HDR0_2_Mothbot_yolo11m_4500_imgsz1600_b1_2024-01-18.pt.jpg
,Animalia,Arthropoda,Insecta,Diptera,,,,,,,Diptera,Diptera,Cerro_Hoya_Expedition_Hoya_1204m_lightPotoro_2025-01-26,lightPotoro_2025_01_28__23_51_06_HDR0_3_Mothbot_yolo11m_4500_imgsz1600_b1_2024-01-18.pt.jpg,HS,Mothbot_yolo11m_4500_imgsz1600_b1_2024-01-18.pt,0.5514400601387024,,lightPotoro,Cerro_Hoya_Expedition/Hoya_1204m_lightPotoro_2025-01-26/2025-01-28/patches/lightPotoro_2025_01_28__23_51_06_HDR0_3_Mothbot_yolo11m_4500_imgsz1600_b1_2024-01-18.pt.jpg,ORDER_Diptera,2025-01-28,23:51:06,,2025_01_28__23_51_06,MachineObservation,Cerro_Hoya_Expedition_Hoya_1204m_lightPotoro_2025-01-26_2025-01-28,Cerro_Hoya_Expedition_Hoya_1204m_lightPotoro_2025-01-26,lightPotoro_2025_01_28__23_51_06_HDR0.jpg,lightPotoro_2025_01_28__23_51_06_HDR0_3_Mothbot_yolo11m_4500_imgsz1600_b1_2024-01-18.pt.jpg
doi.org10.15468dl.6nxkw6.csv,Animalia,Arthropoda,Insecta,Diptera,,,,,,,Diptera,Diptera,Cerro_Hoya_Expedition_Hoya_1204m_lightPotoro_2025-01-26,lightPotoro_2025_01_28__23_51_06_HDR0_4_Mothbot_yolo11m_4500_imgsz1600_b1_2024-01-18.pt.jpg,HS,Mothbot_yolo11m_4500_imgsz1600_b1_2024-01-18.pt,0.550786554813385,,lightPotoro,Cerro_Hoya_Expedition/Hoya_1204m_lightPotoro_2025-01-26/2025-01-28/patches/lightPotoro_2025_01_28__23_51_06_HDR0_4_Mothbot_yolo11m_4500_imgsz1600_b1_2024-01-18.pt.jpg,ORDER_Hymenoptera,2025-01-28,23:51:06,,2025_01_28__23_51_06,MachineObservation,Cerro_Hoya_Expedition_Hoya_1204m_lightPotoro_2025-01-26_2025-01-28,Cerro_Hoya_Expedition_Hoya_1204m_lightPotoro_2025-01-26,lightPotoro_2025_01_28__23_51_06_HDR0.jpg,lightPotoro_2025_01_28__23_51_06_HDR0_4_Mothbot_yolo11m_4500_imgsz1600_b1_2024-01-18.pt.jpg
doi.org10.15468dl.6nxkw6.csv,Animalia,Arthropoda,Insecta,Diptera,,,,,,,Diptera,Diptera,Cerro_Hoya_Expedition_Hoya_1204m_lightPotoro_2025-01-26,lightPotoro_2025_01_28__23_51_06_HDR0_5_Mothbot_yolo11m_4500_imgsz1600_b1_2024-01-18.pt.jpg,HS,Mothbot_yolo11m_4500_imgsz1600_b1_2024-01-18.pt,0.433541476726532,,lightPotoro,Cerro_Hoya_Expedition/Hoya_1204m_lightPotoro_2025-01-26/2025-01-28/patches/lightPotoro_2025_01_28__23_51_06_HDR0_5_Mothbot_yolo11m_4500_imgsz1600_b1_2024-01-18.pt.jpg,ORDER_Hymenoptera,2025-01-28,23:51:06,,2025_01_28__23_51_06,MachineObservation,Cerro_Hoya_Expedition_Hoya_1204m_lightPotoro_2025-01-26_2025-01-28,Cerro_Hoya_Expedition_Hoya_1204m_lightPotoro_2025-01-26,lightPotoro_2025_01_28__23_51_06_HDR0.jpg,lightPotoro_2025_01_28__23_51_06_HDR0_5_Mothbot_yolo11m_4500_imgsz1600_b1_2024-01-18.pt.jpg
,Animalia,Arthropoda,Insecta,Diptera,,,,,,,Diptera,Diptera,Cerro_Hoya_Expedition_Hoya_1204m_lightPotoro_2025-01-26,lightPotoro_2025_01_28__23_51_06_HDR0_6_Mothbot_yolo11m_4500_imgsz1600_b1_2024-01-18.pt.jpg,HS,Mothbot_yolo11m_4500_imgsz1600_b1_2024-01-18.pt,0.3720663785934448,,lightPotoro,Cerro_Hoya_Expedition/Hoya_1204m_lightPotoro_2025-01-26/2025-01-28/patches/lightPotoro_2025_01_28__23_51_06_HDR0_6_Mothbot_yolo11m_4500_imgsz1600_b1_2024-01-18.pt.jpg,ORDER_Diptera,2025-01-28,23:51:06,,2025_01_28__23_51_06,MachineObservation,Cerro_Hoya_Expedition_Hoya_1204m_lightPotoro_2025-01-26_2025-01-28,Cerro_Hoya_Expedition_Hoya_1204m_lightPotoro_2025-01-26,lightPotoro_2025_01_28__23_51_06_HDR0.jpg,lightPotoro_2025_01_28__23_51_06_HDR0_6_Mothbot_yolo11m_4500_imgsz1600_b1_2024-01-18.pt.jpg
,Animalia,Arthropoda,Insecta,Lepidoptera,,,,,,,Lepidoptera,Lepidoptera,Cerro_Hoya_Expedition_Hoya_1204m_lightPotoro_2025-01-26,lightPotoro_2025_01_28__23_52_06_HDR0_0_Mothbot_yolo11m_4500_imgsz1600_b1_2024-01-18.pt.jpg,HS,Mothbot_yolo11m_4500_imgsz1600_b1_2024-01-18.pt,0.8967774510383606,,lightPotoro,Cerro_Hoya_Expedition/Hoya_1204m_lightPotoro_2025-01-26/2025-01-28/patches/lightPotoro_2025_01_28__23_52_06_HDR0_0_Mothbot_yolo11m_4500_imgsz1600_b1_2024-01-18.pt.jpg,ORDER_Lepidoptera,2025-01-28,23:52:06,,2025_01_28__23_52_06,MachineObservation,Cerro_Hoya_Expedition_Hoya_1204m_lightPotoro_2025-01-26_2025-01-28,Cerro_Hoya_Expedition_Hoya_1204m_lightPotoro_2025-01-26,lightPotoro_2025_01_28__23_52_06_HDR0.jpg,lightPotoro_2025_01_28__23_52_06_HDR0_0_Mothbot_yolo11m_4500_imgsz1600_b1_2024-01-18.pt.jpg
,Animalia,Arthropoda,Insecta,Hemiptera,,,,,,,Hemiptera,Hemiptera,Cerro_Hoya_Expedition_Hoya_1204m_lightPotoro_2025-01-26,lightPotoro_2025_01_28__23_52_06_HDR0_1_Mothbot_yolo11m_4500_imgsz1600_b1_2024-01-18.pt.jpg,HS,Mothbot_yolo11m_4500_imgsz1600_b1_2024-01-18.pt,0.7379792332649231,,lightPotoro,Cerro_Hoya_Expedition/Hoya_1204m_lightPotoro_2025-01-26/2025-01-28/patches/lightPotoro_2025_01_28__23_52_06_HDR0_1_Mothbot_yolo11m_4500_imgsz1600_b1_2024-01-18.pt.jpg,ORDER_Hemiptera,2025-01-28,23:52:06,,2025_01_28__23_52_06,MachineObservation,Cerro_Hoya_Expedition_Hoya_1204m_lightPotoro_2025-01-26_2025-01-28,Cerro_Hoya_Expedition_Hoya_1204m_lightPotoro_2025-01-26,lightPotoro_2025_01_28__23_52_06_HDR0.jpg,lightPotoro_2025_01_28__23_52_06_HDR0_1_Mothbot_yolo11m_4500_imgsz1600_b1_2024-01-18.pt.jpg
,Animalia,Arthropoda,Insecta,Hemiptera,,,,,,,Hemiptera,Hemiptera,Cerro_Hoya_Expedition_Hoya_1204m_lightPotoro_2025-01-26,lightPotoro_2025_01_28__23_52_06_HDR0_2_Mothbot_yolo11m_4500_imgsz1600_b1_2024-01-18.pt.jpg,HS,Mothbot_yolo11m_4500_imgsz1600_b1_2024-01-18.pt,0.5862994194030762,,lightPotoro,Cerro_Hoya_Expedition/Hoya_1204m_lightPotoro_2025-01-26/2025-01-28/patches/lightPotoro_2025_01_28__23_52_06_HDR0_2_Mothbot_yolo11m_4500_imgsz1600_b1_2024-01-18.pt.jpg,ORDER_Hemiptera,2025-01-28,23:52:06,,2025_01_28__23_52_06,MachineObservation,Cerro_Hoya_Expedition_Hoya_1204m_lightPotoro_2025-01-26_2025-01-28,Cerro_Hoya_Expedition_Hoya_1204m_lightPotoro_2025-01-26,lightPotoro_2025_01_28__23_52_06_HDR0.jpg,lightPotoro_2025_01_28__23_52_06_HDR0_2_Mothbot_yolo11m_4500_imgsz1600_b1_2024-01-18.pt.jpg
,Animalia,Arthropoda,Insecta,Diptera,,,,,,,Diptera,Diptera,Cerro_Hoya_Expedition_Hoya_1204m_lightPotoro_2025-01-26,lightPotoro_2025_01_28__23_52_06_HDR0_3_Mothbot_yolo11m_4500_imgsz1600_b1_2024-01-18.pt.jpg,HS,Mothbot_yolo11m_4500_imgsz1600_b1_2024-01-18.pt,0.5540689826011658,,lightPotoro,Cerro_Hoya_Expedition/Hoya_1204m_lightPotoro_2025-01-26/2025-01-28/patches/lightPotoro_2025_01_28__23_52_06_HDR0_3_Mothbot_yolo11m_4500_imgsz1600_b1_2024-01-18.pt.jpg,ORDER_Diptera,2025-01-28,23:52:06,,2025_01_28__23_52_06,MachineObservation,Cerro_Hoya_Expedition_Hoya_1204m_lightPotoro_2025-01-26_2025-01-28,Cerro_Hoya_Expedition_Hoya_1204m_lightPotoro_2025-01-26,lightPotoro_2025_01_28__23_52_06_HDR0.jpg,lightPotoro_2025_01_28__23_52_06_HDR0_3_Mothbot_yolo11m_4500_imgsz1600_b1_2024-01-18.pt.jpg
doi.org10.15468dl.6nxkw6.csv,Animalia,Arthropoda,Insecta,Diptera,,,,,,,Diptera,Diptera,Cerro_Hoya_Expedition_Hoya_1204m_lightPotoro_2025-01-26,lightPotoro_2025_01_28__23_52_06_HDR0_4_Mothbot_yolo11m_4500_imgsz1600_b1_2024-01-18.pt.jpg,HS,Mothbot_yolo11m_4500_imgsz1600_b1_2024-01-18.pt,0.49952611327171326,,lightPotoro,Cerro_Hoya_Expedition/Hoya_1204m_lightPotoro_2025-01-26/2025-01-28/patches/lightPotoro_2025_01_28__23_52_06_HDR0_4_Mothbot_yolo11m_4500_imgsz1600_b1_2024-01-18.pt.jpg,ORDER_Coleoptera,2025-01-28,23:52:06,,2025_01_28__23_52_06,MachineObservation,Cerro_Hoya_Expedition_Hoya_1204m_lightPotoro_2025-01-26_2025-01-28,Cerro_Hoya_Expedition_Hoya_1204m_lightPotoro_2025-01-26,lightPotoro_2025_01_28__23_52_06_HDR0.jpg,lightPotoro_2025_01_28__23_52_06_HDR0_4_Mothbot_yolo11m_4500_imgsz1600_b1_2024-01-18.pt.jpg
doi.org10.15468dl.6nxkw6.csv,Animalia,Arthropoda,Insecta,Diptera,,,,,,,Diptera,Diptera,Cerro_Hoya_Expedition_Hoya_1204m_lightPotoro_2025-01-26,lightPotoro_2025_01_28__23_52_06_HDR0_5_Mothbot_yolo11m_4500_imgsz1600_b1_2024-01-18.pt.jpg,HS,Mothbot_yolo11m_4500_imgsz1600_b1_2024-01-18.pt,0.4395093321800232,,lightPotoro,Cerro_Hoya_Expedition/Hoya_1204m_lightPotoro_2025-01-26/2025-01-28/patches/lightPotoro_2025_01_28__23_52_06_HDR0_5_Mothbot_yolo11m_4500_imgsz1600_b1_2024-01-18.pt.jpg,ORDER_Coleoptera,2025-01-28,23:52:06,,2025_01_28__23_52_06,MachineObservation,Cerro_Hoya_Expedition_Hoya_1204m_lightPotoro_2025-01-26_2025-01-28,Cerro_Hoya_Expedition_Hoya_1204m_lightPotoro_2025-01-26,lightPotoro_2025_01_28__23_52_06_HDR0.jpg,lightPotoro_2025_01_28__23_52_06_HDR0_5_Mothbot_yolo11m_4500_imgsz1600_b1_2024-01-18.pt.jpg
,Animalia,Arthropoda,Insecta,Hemiptera,,,,,,,Hemiptera,Hemiptera,Cerro_Hoya_Expedition_Hoya_1204m_lightPotoro_2025-01-26,lightPotoro_2025_01_28__23_52_06_HDR0_6_Mothbot_yolo11m_4500_imgsz1600_b1_2024-01-18.pt.jpg,HS,Mothbot_yolo11m_4500_imgsz1600_b1_2024-01-18.pt,0.41750362515449524,,lightPotoro,Cerro_Hoya_Expedition/Hoya_1204m_lightPotoro_2025-01-26/2025-01-28/patches/lightPotoro_2025_01_28__23_52_06_HDR0_6_Mothbot_yolo11m_4500_imgsz1600_b1_2024-01-18.pt.jpg,ORDER_Hemiptera,2025-01-28,23:52:06,,2025_01_28__23_52_06,MachineObservation,Cerro_Hoya_Expedition_Hoya_1204m_lightPotoro_2025-01-26_2025-01-28,Cerro_Hoya_Expedition_Hoya_1204m_lightPotoro_2025-01-26,lightPotoro_2025_01_28__23_52_06_HDR0.jpg,lightPotoro_2025_01_28__23_52_06_HDR0_6_Mothbot_yolo11m_4500_imgsz1600_b1_2024-01-18.pt.jpg
doi.org10.15468dl.6nxkw6.csv,Animalia,Arthropoda,Insecta,Hemiptera,,,,,,,Hemiptera,Hemiptera,Cerro_Hoya_Expedition_Hoya_1204m_lightPotoro_2025-01-26,lightPotoro_2025_01_28__23_52_06_HDR0_7_Mothbot_yolo11m_4500_imgsz1600_b1_2024-01-18.pt.jpg,HS,Mothbot_yolo11m_4500_imgsz1600_b1_2024-01-18.pt,0.2906319499015808,,lightPotoro,Cerro_Hoya_Expedition/Hoya_1204m_lightPotoro_2025-01-26/2025-01-28/patches/lightPotoro_2025_01_28__23_52_06_HDR0_7_Mothbot_yolo11m_4500_imgsz1600_b1_2024-01-18.pt.jpg,ORDER_Psocodea,2025-01-28,23:52:06,,2025_01_28__23_52_06,MachineObservation,Cerro_Hoya_Expedition_Hoya_1204m_lightPotoro_2025-01-26_2025-01-28,Cerro_Hoya_Expedition_Hoya_1204m_lightPotoro_2025-01-26,lightPotoro_2025_01_28__23_52_06_HDR0.jpg,lightPotoro_2025_01_28__23_52_06_HDR0_7_Mothbot_yolo11m_4500_imgsz1600_b1_2024-01-18.pt.jpg
,Animalia,Arthropoda,Insecta,Lepidoptera,,,,,,,Lepidoptera,Lepidoptera,Cerro_Hoya_Expedition_Hoya_1204m_lightPotoro_2025-01-26,lightPotoro_2025_01_28__23_53_06_HDR0_0_Mothbot_yolo11m_4500_imgsz1600_b1_2024-01-18.pt.jpg,HS,Mothbot_yolo11m_4500_imgsz1600_b1_2024-01-18.pt,0.8839800357818604,,lightPotoro,Cerro_Hoya_Expedition/Hoya_1204m_lightPotoro_2025-01-26/2025-01-28/patches/lightPotoro_2025_01_28__23_53_06_HDR0_0_Mothbot_yolo11m_4500_imgsz1600_b1_2024-01-18.pt.jpg,ORDER_Lepidoptera,2025-01-28,23:53:06,,2025_01_28__23_53_06,MachineObservation,Cerro_Hoya_Expedition_Hoya_1204m_lightPotoro_2025-01-26_2025-01-28,Cerro_Hoya_Expedition_Hoya_1204m_lightPotoro_2025-01-26,lightPotoro_2025_01_28__23_53_06_HDR0.jpg,lightPotoro_2025_01_28__23_53_06_HDR0_0_Mothbot_yolo11m_4500_imgsz1600_b1_2024-01-18.pt.jpg
doi.org10.15468dl.6nxkw6.csv,Animalia,Arthropoda,Insecta,Hemiptera,,,,,,,Hemiptera,Hemiptera,Cerro_Hoya_Expedition_Hoya_1204m_lightPotoro_2025-01-26,lightPotoro_2025_01_28__23_53_06_HDR0_1_Mothbot_yolo11m_4500_imgsz1600_b1_2024-01-18.pt.jpg,HS,Mothbot_yolo11m_4500_imgsz1600_b1_2024-01-18.pt,0.8008374571800232,,lightPotoro,Cerro_Hoya_Expedition/Hoya_1204m_lightPotoro_2025-01-26/2025-01-28/patches/lightPotoro_2025_01_28__23_53_06_HDR0_1_Mothbot_yolo11m_4500_imgsz1600_b1_2024-01-18.pt.jpg,ORDER_Psocodea,2025-01-28,23:53:06,,2025_01_28__23_53_06,MachineObservation,Cerro_Hoya_Expedition_Hoya_1204m_lightPotoro_2025-01-26_2025-01-28,Cerro_Hoya_Expedition_Hoya_1204m_lightPotoro_2025-01-26,lightPotoro_2025_01_28__23_53_06_HDR0.jpg,lightPotoro_2025_01_28__23_53_06_HDR0_1_Mothbot_yolo11m_4500_imgsz1600_b1_2024-01-18.pt.jpg
doi.org10.15468dl.6nxkw6.csv,Animalia,Arthropoda,Insecta,Diptera,,,,,,,Diptera,Diptera,Cerro_Hoya_Expedition_Hoya_1204m_lightPotoro_2025-01-26,lightPotoro_2025_01_28__23_53_06_HDR0_2_Mothbot_yolo11m_4500_imgsz1600_b1_2024-01-18.pt.jpg,HS,Mothbot_yolo11m_4500_imgsz1600_b1_2024-01-18.pt,0.7108284831047058,,lightPotoro,Cerro_Hoya_Expedition/Hoya_1204m_lightPotoro_2025-01-26/2025-01-28/patches/lightPotoro_2025_01_28__23_53_06_HDR0_2_Mothbot_yolo11m_4500_imgsz1600_b1_2024-01-18.pt.jpg,ORDER_Coleoptera,2025-01-28,23:53:06,,2025_01_28__23_53_06,MachineObservation,Cerro_Hoya_Expedition_Hoya_1204m_lightPotoro_2025-01-26_2025-01-28,Cerro_Hoya_Expedition_Hoya_1204m_lightPotoro_2025-01-26,lightPotoro_2025_01_28__23_53_06_HDR0.jpg,lightPotoro_2025_01_28__23_53_06_HDR0_2_Mothbot_yolo11m_4500_imgsz1600_b1_2024-01-18.pt.jpg
doi.org10.15468dl.6nxkw6.csv,Animalia,Arthropoda,Insecta,Hemiptera,,,,,,,Hemiptera,Hemiptera,Cerro_Hoya_Expedition_Hoya_1204m_lightPotoro_2025-01-26,lightPotoro_2025_01_28__23_53_06_HDR0_3_Mothbot_yolo11m_4500_imgsz1600_b1_2024-01-18.pt.jpg,HS,Mothbot_yolo11m_4500_imgsz1600_b1_2024-01-18.pt,0.5794179439544678,,lightPotoro,Cerro_Hoya_Expedition/Hoya_1204m_lightPotoro_2025-01-26/2025-01-28/patches/lightPotoro_2025_01_28__23_53_06_HDR0_3_Mothbot_yolo11m_4500_imgsz1600_b1_2024-01-18.pt.jpg,ORDER_Psocodea,2025-01-28,23:53:06,,2025_01_28__23_53_06,MachineObservation,Cerro_Hoya_Expedition_Hoya_1204m_lightPotoro_2025-01-26_2025-01-28,Cerro_Hoya_Expedition_Hoya_1204m_lightPotoro_2025-01-26,lightPotoro_2025_01_28__23_53_06_HDR0.jpg,lightPotoro_2025_01_28__23_53_06_HDR0_3_Mothbot_yolo11m_4500_imgsz1600_b1_2024-01-18.pt.jpg
,Animalia,Arthropoda,Insecta,Hemiptera,,,,,,,Hemiptera,Hemiptera,Cerro_Hoya_Expedition_Hoya_1204m_lightPotoro_2025-01-26,lightPotoro_2025_01_28__23_53_06_HDR0_4_Mothbot_yolo11m_4500_imgsz1600_b1_2024-01-18.pt.jpg,HS,Mothbot_yolo11m_4500_imgsz1600_b1_2024-01-18.pt,0.42926204204559326,,lightPotoro,Cerro_Hoya_Expedition/Hoya_1204m_lightPotoro_2025-01-26/2025-01-28/patches/lightPotoro_2025_01_28__23_53_06_HDR0_4_Mothbot_yolo11m_4500_imgsz1600_b1_2024-01-18.pt.jpg,ORDER_Hemiptera,2025-01-28,23:53:06,,2025_01_28__23_53_06,MachineObservation,Cerro_Hoya_Expedition_Hoya_1204m_lightPotoro_2025-01-26_2025-01-28,Cerro_Hoya_Expedition_Hoya_1204m_lightPotoro_2025-01-26,lightPotoro_2025_01_28__23_53_06_HDR0.jpg,lightPotoro_2025_01_28__23_53_06_HDR0_4_Mothbot_yolo11m_4500_imgsz1600_b1_2024-01-18.pt.jpg
,Animalia,Arthropoda,Insecta,Hemiptera,,,,,,,Hemiptera,Hemiptera,Cerro_Hoya_Expedition_Hoya_1204m_lightPotoro_2025-01-26,lightPotoro_2025_01_28__23_53_06_HDR0_5_Mothbot_yolo11m_4500_imgsz1600_b1_2024-01-18.pt.jpg,HS,Mothbot_yolo11m_4500_imgsz1600_b1_2024-01-18.pt,0.3986896872520447,,lightPotoro,Cerro_Hoya_Expedition/Hoya_1204m_lightPotoro_2025-01-26/2025-01-28/patches/lightPotoro_2025_01_28__23_53_06_HDR0_5_Mothbot_yolo11m_4500_imgsz1600_b1_2024-01-18.pt.jpg,ORDER_Hemiptera,2025-01-28,23:53:06,,2025_01_28__23_53_06,MachineObservation,Cerro_Hoya_Expedition_Hoya_1204m_lightPotoro_2025-01-26_2025-01-28,Cerro_Hoya_Expedition_Hoya_1204m_lightPotoro_2025-01-26,lightPotoro_2025_01_28__23_53_06_HDR0.jpg,lightPotoro_2025_01_28__23_53_06_HDR0_5_Mothbot_yolo11m_4500_imgsz1600_b1_2024-01-18.pt.jpg
,Animalia,Arthropoda,Insecta,Hemiptera,,,,,,,Hemiptera,Hemiptera,Cerro_Hoya_Expedition_Hoya_1204m_lightPotoro_2025-01-26,lightPotoro_2025_01_28__23_53_06_HDR0_6_Mothbot_yolo11m_4500_imgsz1600_b1_2024-01-18.pt.jpg,HS,Mothbot_yolo11m_4500_imgsz1600_b1_2024-01-18.pt,0.3470304012298584,,lightPotoro,Cerro_Hoya_Expedition/Hoya_1204m_lightPotoro_2025-01-26/2025-01-28/patches/lightPotoro_2025_01_28__23_53_06_HDR0_6_Mothbot_yolo11m_4500_imgsz1600_b1_2024-01-18.pt.jpg,ORDER_Hemiptera,2025-01-28,23:53:06,,2025_01_28__23_53_06,MachineObservation,Cerro_Hoya_Expedition_Hoya_1204m_lightPotoro_2025-01-26_2025-01-28,Cerro_Hoya_Expedition_Hoya_1204m_lightPotoro_2025-01-26,lightPotoro_2025_01_28__23_53_06_HDR0.jpg,lightPotoro_2025_01_28__23_53_06_HDR0_6_Mothbot_yolo11m_4500_imgsz1600_b1_2024-01-18.pt.jpg
,Animalia,Arthropoda,Insecta,Lepidoptera,,,,,,,Lepidoptera,Lepidoptera,Cerro_Hoya_Expedition_Hoya_1204m_lightPotoro_2025-01-26,lightPotoro_2025_01_28__23_54_06_HDR0_0_Mothbot_yolo11m_4500_imgsz1600_b1_2024-01-18.pt.jpg,HS,Mothbot_yolo11m_4500_imgsz1600_b1_2024-01-18.pt,0.8828191757202148,,lightPotoro,Cerro_Hoya_Expedition/Hoya_1204m_lightPotoro_2025-01-26/2025-01-28/patches/lightPotoro_2025_01_28__23_54_06_HDR0_0_Mothbot_yolo11m_4500_imgsz1600_b1_2024-01-18.pt.jpg,ORDER_Lepidoptera,2025-01-28,23:54:06,,2025_01_28__23_54_06,MachineObservation,Cerro_Hoya_Expedition_Hoya_1204m_lightPotoro_2025-01-26_2025-01-28,Cerro_Hoya_Expedition_Hoya_1204m_lightPotoro_2025-01-26,lightPotoro_2025_01_28__23_54_06_HDR0.jpg,lightPotoro_2025_01_28__23_54_06_HDR0_0_Mothbot_yolo11m_4500_imgsz1600_b1_2024-01-18.pt.jpg
,Animalia,Arthropoda,Insecta,Hemiptera,,,,,,,Hemiptera,Hemiptera,Cerro_Hoya_Expedition_Hoya_1204m_lightPotoro_2025-01-26,lightPotoro_2025_01_28__23_54_06_HDR0_1_Mothbot_yolo11m_4500_imgsz1600_b1_2024-01-18.pt.jpg,HS,Mothbot_yolo11m_4500_imgsz1600_b1_2024-01-18.pt,0.7834055423736572,,lightPotoro,Cerro_Hoya_Expedition/Hoya_1204m_lightPotoro_2025-01-26/2025-01-28/patches/lightPotoro_2025_01_28__23_54_06_HDR0_1_Mothbot_yolo11m_4500_imgsz1600_b1_2024-01-18.pt.jpg,ORDER_Hemiptera,2025-01-28,23:54:06,,2025_01_28__23_54_06,MachineObservation,Cerro_Hoya_Expedition_Hoya_1204m_lightPotoro_2025-01-26_2025-01-28,Cerro_Hoya_Expedition_Hoya_1204m_lightPotoro_2025-01-26,lightPotoro_2025_01_28__23_54_06_HDR0.jpg,lightPotoro_2025_01_28__23_54_06_HDR0_1_Mothbot_yolo11m_4500_imgsz1600_b1_2024-01-18.pt.jpg
doi.org10.15468dl.6nxkw6.csv,Animalia,Arthropoda,Insecta,Diptera,,,,,,,Diptera,Diptera,Cerro_Hoya_Expedition_Hoya_1204m_lightPotoro_2025-01-26,lightPotoro_2025_01_28__23_54_06_HDR0_2_Mothbot_yolo11m_4500_imgsz1600_b1_2024-01-18.pt.jpg,HS,Mothbot_yolo11m_4500_imgsz1600_b1_2024-01-18.pt,0.49867990612983704,,lightPotoro,Cerro_Hoya_Expedition/Hoya_1204m_lightPotoro_2025-01-26/2025-01-28/patches/lightPotoro_2025_01_28__23_54_06_HDR0_2_Mothbot_yolo11m_4500_imgsz1600_b1_2024-01-18.pt.jpg,ORDER_Hymenoptera,2025-01-28,23:54:06,,2025_01_28__23_54_06,MachineObservation,Cerro_Hoya_Expedition_Hoya_1204m_lightPotoro_2025-01-26_2025-01-28,Cerro_Hoya_Expedition_Hoya_1204m_lightPotoro_2025-01-26,lightPotoro_2025_01_28__23_54_06_HDR0.jpg,lightPotoro_2025_01_28__23_54_06_HDR0_2_Mothbot_yolo11m_4500_imgsz1600_b1_2024-01-18.pt.jpg
,Animalia,Arthropoda,Insecta,Hemiptera,,,,,,,Hemiptera,Hemiptera,Cerro_Hoya_Expedition_Hoya_1204m_lightPotoro_2025-01-26,lightPotoro_2025_01_28__23_54_06_HDR0_3_Mothbot_yolo11m_4500_imgsz1600_b1_2024-01-18.pt.jpg,HS,Mothbot_yolo11m_4500_imgsz1600_b1_2024-01-18.pt,0.4277036488056183,,lightPotoro,Cerro_Hoya_Expedition/Hoya_1204m_lightPotoro_2025-01-26/2025-01-28/patches/lightPotoro_2025_01_28__23_54_06_HDR0_3_Mothbot_yolo11m_4500_imgsz1600_b1_2024-01-18.pt.jpg,ORDER_Hemiptera,2025-01-28,23:54:06,,2025_01_28__23_54_06,MachineObservation,Cerro_Hoya_Expedition_Hoya_1204m_lightPotoro_2025-01-26_2025-01-28,Cerro_Hoya_Expedition_Hoya_1204m_lightPotoro_2025-01-26,lightPotoro_2025_01_28__23_54_06_HDR0.jpg,lightPotoro_2025_01_28__23_54_06_HDR0_3_Mothbot_yolo11m_4500_imgsz1600_b1_2024-01-18.pt.jpg
,Animalia,Arthropoda,Insecta,Hemiptera,,,,,,,Hemiptera,Hemiptera,Cerro_Hoya_Expedition_Hoya_1204m_lightPotoro_2025-01-26,lightPotoro_2025_01_28__23_54_06_HDR0_4_Mothbot_yolo11m_4500_imgsz1600_b1_2024-01-18.pt.jpg,HS,Mothbot_yolo11m_4500_imgsz1600_b1_2024-01-18.pt,0.4074663817882538,,lightPotoro,Cerro_Hoya_Expedition/Hoya_1204m_lightPotoro_2025-01-26/2025-01-28/patches/lightPotoro_2025_01_28__23_54_06_HDR0_4_Mothbot_yolo11m_4500_imgsz1600_b1_2024-01-18.pt.jpg,ORDER_Hemiptera,2025-01-28,23:54:06,,2025_01_28__23_54_06,MachineObservation,Cerro_Hoya_Expedition_Hoya_1204m_lightPotoro_2025-01-26_2025-01-28,Cerro_Hoya_Expedition_Hoya_1204m_lightPotoro_2025-01-26,lightPotoro_2025_01_28__23_54_06_HDR0.jpg,lightPotoro_2025_01_28__23_54_06_HDR0_4_Mothbot_yolo11m_4500_imgsz1600_b1_2024-01-18.pt.jpg
,Animalia,Arthropoda,Insecta,Lepidoptera,,,,,,,Lepidoptera,Lepidoptera,Cerro_Hoya_Expedition_Hoya_1204m_lightPotoro_2025-01-26,lightPotoro_2025_01_28__23_55_05_HDR0_0_Mothbot_yolo11m_4500_imgsz1600_b1_2024-01-18.pt.jpg,HS,Mothbot_yolo11m_4500_imgsz1600_b1_2024-01-18.pt,0.8937409520149231,,lightPotoro,Cerro_Hoya_Expedition/Hoya_1204m_lightPotoro_2025-01-26/2025-01-28/patches/lightPotoro_2025_01_28__23_55_05_HDR0_0_Mothbot_yolo11m_4500_imgsz1600_b1_2024-01-18.pt.jpg,ORDER_Lepidoptera,2025-01-28,23:55:05,,2025_01_28__23_55_05,MachineObservation,Cerro_Hoya_Expedition_Hoya_1204m_lightPotoro_2025-01-26_2025-01-28,Cerro_Hoya_Expedition_Hoya_1204m_lightPotoro_2025-01-26,lightPotoro_2025_01_28__23_55_05_HDR0.jpg,lightPotoro_2025_01_28__23_55_05_HDR0_0_Mothbot_yolo11m_4500_imgsz1600_b1_2024-01-18.pt.jpg
doi.org10.15468dl.6nxkw6.csv,Animalia,Arthropoda,Insecta,Diptera,,,,,,,Diptera,Diptera,Cerro_Hoya_Expedition_Hoya_1204m_lightPotoro_2025-01-26,lightPotoro_2025_01_28__23_55_05_HDR0_1_Mothbot_yolo11m_4500_imgsz1600_b1_2024-01-18.pt.jpg,HS,Mothbot_yolo11m_4500_imgsz1600_b1_2024-01-18.pt,0.7162625789642334,,lightPotoro,Cerro_Hoya_Expedition/Hoya_1204m_lightPotoro_2025-01-26/2025-01-28/patches/lightPotoro_2025_01_28__23_55_05_HDR0_1_Mothbot_yolo11m_4500_imgsz1600_b1_2024-01-18.pt.jpg,ORDER_Coleoptera,2025-01-28,23:55:05,,2025_01_28__23_55_05,MachineObservation,Cerro_Hoya_Expedition_Hoya_1204m_lightPotoro_2025-01-26_2025-01-28,Cerro_Hoya_Expedition_Hoya_1204m_lightPotoro_2025-01-26,lightPotoro_2025_01_28__23_55_05_HDR0.jpg,lightPotoro_2025_01_28__23_55_05_HDR0_1_Mothbot_yolo11m_4500_imgsz1600_b1_2024-01-18.pt.jpg
,Animalia,Arthropoda,Insecta,Hemiptera,,,,,,,Hemiptera,Hemiptera,Cerro_Hoya_Expedition_Hoya_1204m_lightPotoro_2025-01-26,lightPotoro_2025_01_28__23_55_05_HDR0_2_Mothbot_yolo11m_4500_imgsz1600_b1_2024-01-18.pt.jpg,HS,Mothbot_yolo11m_4500_imgsz1600_b1_2024-01-18.pt,0.6852311491966248,,lightPotoro,Cerro_Hoya_Expedition/Hoya_1204m_lightPotoro_2025-01-26/2025-01-28/patches/lightPotoro_2025_01_28__23_55_05_HDR0_2_Mothbot_yolo11m_4500_imgsz1600_b1_2024-01-18.pt.jpg,ORDER_Hemiptera,2025-01-28,23:55:05,,2025_01_28__23_55_05,MachineObservation,Cerro_Hoya_Expedition_Hoya_1204m_lightPotoro_2025-01-26_2025-01-28,Cerro_Hoya_Expedition_Hoya_1204m_lightPotoro_2025-01-26,lightPotoro_2025_01_28__23_55_05_HDR0.jpg,lightPotoro_2025_01_28__23_55_05_HDR0_2_Mothbot_yolo11m_4500_imgsz1600_b1_2024-01-18.pt.jpg
,Animalia,Arthropoda,Insecta,Diptera,,,,,,,Diptera,Diptera,Cerro_Hoya_Expedition_Hoya_1204m_lightPotoro_2025-01-26,lightPotoro_2025_01_28__23_55_05_HDR0_3_Mothbot_yolo11m_4500_imgsz1600_b1_2024-01-18.pt.jpg,HS,Mothbot_yolo11m_4500_imgsz1600_b1_2024-01-18.pt,0.6310489177703857,,lightPotoro,Cerro_Hoya_Expedition/Hoya_1204m_lightPotoro_2025-01-26/2025-01-28/patches/lightPotoro_2025_01_28__23_55_05_HDR0_3_Mothbot_yolo11m_4500_imgsz1600_b1_2024-01-18.pt.jpg,ORDER_Diptera,2025-01-28,23:55:05,,2025_01_28__23_55_05,MachineObservation,Cerro_Hoya_Expedition_Hoya_1204m_lightPotoro_2025-01-26_2025-01-28,Cerro_Hoya_Expedition_Hoya_1204m_lightPotoro_2025-01-26,lightPotoro_2025_01_28__23_55_05_HDR0.jpg,lightPotoro_2025_01_28__23_55_05_HDR0_3_Mothbot_yolo11m_4500_imgsz1600_b1_2024-01-18.pt.jpg
doi.org10.15468dl.6nxkw6.csv,Animalia,Arthropoda,Insecta,Hemiptera,,,,,,,Hemiptera,Hemiptera,Cerro_Hoya_Expedition_Hoya_1204m_lightPotoro_2025-01-26,lightPotoro_2025_01_28__23_55_05_HDR0_4_Mothbot_yolo11m_4500_imgsz1600_b1_2024-01-18.pt.jpg,HS,Mothbot_yolo11m_4500_imgsz1600_b1_2024-01-18.pt,0.4267348051071167,,lightPotoro,Cerro_Hoya_Expedition/Hoya_1204m_lightPotoro_2025-01-26/2025-01-28/patches/lightPotoro_2025_01_28__23_55_05_HDR0_4_Mothbot_yolo11m_4500_imgsz1600_b1_2024-01-18.pt.jpg,ORDER_Coleoptera,2025-01-28,23:55:05,,2025_01_28__23_55_05,MachineObservation,Cerro_Hoya_Expedition_Hoya_1204m_lightPotoro_2025-01-26_2025-01-28,Cerro_Hoya_Expedition_Hoya_1204m_lightPotoro_2025-01-26,lightPotoro_2025_01_28__23_55_05_HDR0.jpg,lightPotoro_2025_01_28__23_55_05_HDR0_4_Mothbot_yolo11m_4500_imgsz1600_b1_2024-01-18.pt.jpg
,Animalia,Arthropoda,Insecta,Diptera,,,,,,,Diptera,Diptera,Cerro_Hoya_Expedition_Hoya_1204m_lightPotoro_2025-01-26,lightPotoro_2025_01_28__23_55_05_HDR0_5_Mothbot_yolo11m_4500_imgsz1600_b1_2024-01-18.pt.jpg,HS,Mothbot_yolo11m_4500_imgsz1600_b1_2024-01-18.pt,0.2789410352706909,,lightPotoro,Cerro_Hoya_Expedition/Hoya_1204m_lightPotoro_2025-01-26/2025-01-28/patches/lightPotoro_2025_01_28__23_55_05_HDR0_5_Mothbot_yolo11m_4500_imgsz1600_b1_2024-01-18.pt.jpg,ORDER_Diptera,2025-01-28,23:55:05,,2025_01_28__23_55_05,MachineObservation,Cerro_Hoya_Expedition_Hoya_1204m_lightPotoro_2025-01-26_2025-01-28,Cerro_Hoya_Expedition_Hoya_1204m_lightPotoro_2025-01-26,lightPotoro_2025_01_28__23_55_05_HDR0.jpg,lightPotoro_2025_01_28__23_55_05_HDR0_5_Mothbot_yolo11m_4500_imgsz1600_b1_2024-01-18.pt.jpg
,Animalia,Arthropoda,Insecta,Lepidoptera,,,,,,,Lepidoptera,Lepidoptera,Cerro_Hoya_Expedition_Hoya_1204m_lightPotoro_2025-01-26,lightPotoro_2025_01_28__23_56_06_HDR0_0_Mothbot_yolo11m_4500_imgsz1600_b1_2024-01-18.pt.jpg,HS,Mothbot_yolo11m_4500_imgsz1600_b1_2024-01-18.pt,0.8704183101654053,,lightPotoro,Cerro_Hoya_Expedition/Hoya_1204m_lightPotoro_2025-01-26/2025-01-28/patches/lightPotoro_2025_01_28__23_56_06_HDR0_0_Mothbot_yolo11m_4500_imgsz1600_b1_2024-01-18.pt.jpg,ORDER_Lepidoptera,2025-01-28,23:56:06,,2025_01_28__23_56_06,MachineObservation,Cerro_Hoya_Expedition_Hoya_1204m_lightPotoro_2025-01-26_2025-01-28,Cerro_Hoya_Expedition_Hoya_1204m_lightPotoro_2025-01-26,lightPotoro_2025_01_28__23_56_06_HDR0.jpg,lightPotoro_2025_01_28__23_56_06_HDR0_0_Mothbot_yolo11m_4500_imgsz1600_b1_2024-01-18.pt.jpg
doi.org10.15468dl.6nxkw6.csv,Animalia,Arthropoda,Insecta,Diptera,,,,,,,Diptera,Diptera,Cerro_Hoya_Expedition_Hoya_1204m_lightPotoro_2025-01-26,lightPotoro_2025_01_28__23_56_06_HDR0_1_Mothbot_yolo11m_4500_imgsz1600_b1_2024-01-18.pt.jpg,HS,Mothbot_yolo11m_4500_imgsz1600_b1_2024-01-18.pt,0.7075235247612,,lightPotoro,Cerro_Hoya_Expedition/Hoya_1204m_lightPotoro_2025-01-26/2025-01-28/patches/lightPotoro_2025_01_28__23_56_06_HDR0_1_Mothbot_yolo11m_4500_imgsz1600_b1_2024-01-18.pt.jpg,ORDER_Coleoptera,2025-01-28,23:56:06,,2025_01_28__23_56_06,MachineObservation,Cerro_Hoya_Expedition_Hoya_1204m_lightPotoro_2025-01-26_2025-01-28,Cerro_Hoya_Expedition_Hoya_1204m_lightPotoro_2025-01-26,lightPotoro_2025_01_28__23_56_06_HDR0.jpg,lightPotoro_2025_01_28__23_56_06_HDR0_1_Mothbot_yolo11m_4500_imgsz1600_b1_2024-01-18.pt.jpg
doi.org10.15468dl.6nxkw6.csv,Animalia,Arthropoda,Insecta,Diptera,,,,,,,Diptera,Diptera,Cerro_Hoya_Expedition_Hoya_1204m_lightPotoro_2025-01-26,lightPotoro_2025_01_28__23_56_06_HDR0_2_Mothbot_yolo11m_4500_imgsz1600_b1_2024-01-18.pt.jpg,HS,Mothbot_yolo11m_4500_imgsz1600_b1_2024-01-18.pt,0.4833608567714691,,lightPotoro,Cerro_Hoya_Expedition/Hoya_1204m_lightPotoro_2025-01-26/2025-01-28/patches/lightPotoro_2025_01_28__23_56_06_HDR0_2_Mothbot_yolo11m_4500_imgsz1600_b1_2024-01-18.pt.jpg,ORDER_Coleoptera,2025-01-28,23:56:06,,2025_01_28__23_56_06,MachineObservation,Cerro_Hoya_Expedition_Hoya_1204m_lightPotoro_2025-01-26_2025-01-28,Cerro_Hoya_Expedition_Hoya_1204m_lightPotoro_2025-01-26,lightPotoro_2025_01_28__23_56_06_HDR0.jpg,lightPotoro_2025_01_28__23_56_06_HDR0_2_Mothbot_yolo11m_4500_imgsz1600_b1_2024-01-18.pt.jpg
,Animalia,Arthropoda,Insecta,Diptera,,,,,,,Diptera,Diptera,Cerro_Hoya_Expedition_Hoya_1204m_lightPotoro_2025-01-26,lightPotoro_2025_01_28__23_56_06_HDR0_3_Mothbot_yolo11m_4500_imgsz1600_b1_2024-01-18.pt.jpg,HS,Mothbot_yolo11m_4500_imgsz1600_b1_2024-01-18.pt,0.46204763650894165,,lightPotoro,Cerro_Hoya_Expedition/Hoya_1204m_lightPotoro_2025-01-26/2025-01-28/patches/lightPotoro_2025_01_28__23_56_06_HDR0_3_Mothbot_yolo11m_4500_imgsz1600_b1_2024-01-18.pt.jpg,ORDER_Diptera,2025-01-28,23:56:06,,2025_01_28__23_56_06,MachineObservation,Cerro_Hoya_Expedition_Hoya_1204m_lightPotoro_2025-01-26_2025-01-28,Cerro_Hoya_Expedition_Hoya_1204m_lightPotoro_2025-01-26,lightPotoro_2025_01_28__23_56_06_HDR0.jpg,lightPotoro_2025_01_28__23_56_06_HDR0_3_Mothbot_yolo11m_4500_imgsz1600_b1_2024-01-18.pt.jpg
,Animalia,Arthropoda,Insecta,Hemiptera,,,,,,,Hemiptera,Hemiptera,Cerro_Hoya_Expedition_Hoya_1204m_lightPotoro_2025-01-26,lightPotoro_2025_01_28__23_56_06_HDR0_4_Mothbot_yolo11m_4500_imgsz1600_b1_2024-01-18.pt.jpg,HS,Mothbot_yolo11m_4500_imgsz1600_b1_2024-01-18.pt,0.307245135307312,,lightPotoro,Cerro_Hoya_Expedition/Hoya_1204m_lightPotoro_2025-01-26/2025-01-28/patches/lightPotoro_2025_01_28__23_56_06_HDR0_4_Mothbot_yolo11m_4500_imgsz1600_b1_2024-01-18.pt.jpg,ORDER_Hemiptera,2025-01-28,23:56:06,,2025_01_28__23_56_06,MachineObservation,Cerro_Hoya_Expedition_Hoya_1204m_lightPotoro_2025-01-26_2025-01-28,Cerro_Hoya_Expedition_Hoya_1204m_lightPotoro_2025-01-26,lightPotoro_2025_01_28__23_56_06_HDR0.jpg,lightPotoro_2025_01_28__23_56_06_HDR0_4_Mothbot_yolo11m_4500_imgsz1600_b1_2024-01-18.pt.jpg
,Animalia,Arthropoda,Insecta,Lepidoptera,,,,,,,Lepidoptera,Lepidoptera,Cerro_Hoya_Expedition_Hoya_1204m_lightPotoro_2025-01-26,lightPotoro_2025_01_28__23_57_22_HDR0_0_Mothbot_yolo11m_4500_imgsz1600_b1_2024-01-18.pt.jpg,HS,Mothbot_yolo11m_4500_imgsz1600_b1_2024-01-18.pt,0.8688337206840515,,lightPotoro,Cerro_Hoya_Expedition/Hoya_1204m_lightPotoro_2025-01-26/2025-01-28/patches/lightPotoro_2025_01_28__23_57_22_HDR0_0_Mothbot_yolo11m_4500_imgsz1600_b1_2024-01-18.pt.jpg,ORDER_Lepidoptera,2025-01-28,23:57:22,,2025_01_28__23_57_22,MachineObservation,Cerro_Hoya_Expedition_Hoya_1204m_lightPotoro_2025-01-26_2025-01-28,Cerro_Hoya_Expedition_Hoya_1204m_lightPotoro_2025-01-26,lightPotoro_2025_01_28__23_57_22_HDR0.jpg,lightPotoro_2025_01_28__23_57_22_HDR0_0_Mothbot_yolo11m_4500_imgsz1600_b1_2024-01-18.pt.jpg
,Animalia,Arthropoda,Insecta,Diptera,,,,,,,Diptera,Diptera,Cerro_Hoya_Expedition_Hoya_1204m_lightPotoro_2025-01-26,lightPotoro_2025_01_28__23_57_22_HDR0_1_Mothbot_yolo11m_4500_imgsz1600_b1_2024-01-18.pt.jpg,HS,Mothbot_yolo11m_4500_imgsz1600_b1_2024-01-18.pt,0.570229172706604,,lightPotoro,Cerro_Hoya_Expedition/Hoya_1204m_lightPotoro_2025-01-26/2025-01-28/patches/lightPotoro_2025_01_28__23_57_22_HDR0_1_Mothbot_yolo11m_4500_imgsz1600_b1_2024-01-18.pt.jpg,ORDER_Diptera,2025-01-28,23:57:22,,2025_01_28__23_57_22,MachineObservation,Cerro_Hoya_Expedition_Hoya_1204m_lightPotoro_2025-01-26_2025-01-28,Cerro_Hoya_Expedition_Hoya_1204m_lightPotoro_2025-01-26,lightPotoro_2025_01_28__23_57_22_HDR0.jpg,lightPotoro_2025_01_28__23_57_22_HDR0_1_Mothbot_yolo11m_4500_imgsz1600_b1_2024-01-18.pt.jpg
doi.org10.15468dl.6nxkw6.csv,Animalia,Arthropoda,Insecta,Diptera,,,,,,,Diptera,Diptera,Cerro_Hoya_Expedition_Hoya_1204m_lightPotoro_2025-01-26,lightPotoro_2025_01_28__23_57_22_HDR0_2_Mothbot_yolo11m_4500_imgsz1600_b1_2024-01-18.pt.jpg,HS,Mothbot_yolo11m_4500_imgsz1600_b1_2024-01-18.pt,0.5410128235816956,,lightPotoro,Cerro_Hoya_Expedition/Hoya_1204m_lightPotoro_2025-01-26/2025-01-28/patches/lightPotoro_2025_01_28__23_57_22_HDR0_2_Mothbot_yolo11m_4500_imgsz1600_b1_2024-01-18.pt.jpg,ORDER_Coleoptera,2025-01-28,23:57:22,,2025_01_28__23_57_22,MachineObservation,Cerro_Hoya_Expedition_Hoya_1204m_lightPotoro_2025-01-26_2025-01-28,Cerro_Hoya_Expedition_Hoya_1204m_lightPotoro_2025-01-26,lightPotoro_2025_01_28__23_57_22_HDR0.jpg,lightPotoro_2025_01_28__23_57_22_HDR0_2_Mothbot_yolo11m_4500_imgsz1600_b1_2024-01-18.pt.jpg
doi.org10.15468dl.6nxkw6.csv,Animalia,Arthropoda,Insecta,Hemiptera,,,,,,,Hemiptera,Hemiptera,Cerro_Hoya_Expedition_Hoya_1204m_lightPotoro_2025-01-26,lightPotoro_2025_01_28__23_57_22_HDR0_3_Mothbot_yolo11m_4500_imgsz1600_b1_2024-01-18.pt.jpg,HS,Mothbot_yolo11m_4500_imgsz1600_b1_2024-01-18.pt,0.367949903011322,,lightPotoro,Cerro_Hoya_Expedition/Hoya_1204m_lightPotoro_2025-01-26/2025-01-28/patches/lightPotoro_2025_01_28__23_57_22_HDR0_3_Mothbot_yolo11m_4500_imgsz1600_b1_2024-01-18.pt.jpg,ORDER_Diptera,2025-01-28,23:57:22,,2025_01_28__23_57_22,MachineObservation,Cerro_Hoya_Expedition_Hoya_1204m_lightPotoro_2025-01-26_2025-01-28,Cerro_Hoya_Expedition_Hoya_1204m_lightPotoro_2025-01-26,lightPotoro_2025_01_28__23_57_22_HDR0.jpg,lightPotoro_2025_01_28__23_57_22_HDR0_3_Mothbot_yolo11m_4500_imgsz1600_b1_2024-01-18.pt.jpg
,Animalia,Arthropoda,Insecta,Lepidoptera,,,,,,,Lepidoptera,Lepidoptera,Cerro_Hoya_Expedition_Hoya_1204m_lightPotoro_2025-01-26,lightPotoro_2025_01_28__23_58_06_HDR0_0_Mothbot_yolo11m_4500_imgsz1600_b1_2024-01-18.pt.jpg,HS,Mothbot_yolo11m_4500_imgsz1600_b1_2024-01-18.pt,0.8754239082336426,,lightPotoro,Cerro_Hoya_Expedition/Hoya_1204m_lightPotoro_2025-01-26/2025-01-28/patches/lightPotoro_2025_01_28__23_58_06_HDR0_0_Mothbot_yolo11m_4500_imgsz1600_b1_2024-01-18.pt.jpg,ORDER_Lepidoptera,2025-01-28,23:58:06,,2025_01_28__23_58_06,MachineObservation,Cerro_Hoya_Expedition_Hoya_1204m_lightPotoro_2025-01-26_2025-01-28,Cerro_Hoya_Expedition_Hoya_1204m_lightPotoro_2025-01-26,lightPotoro_2025_01_28__23_58_06_HDR0.jpg,lightPotoro_2025_01_28__23_58_06_HDR0_0_Mothbot_yolo11m_4500_imgsz1600_b1_2024-01-18.pt.jpg
,Animalia,Arthropoda,Insecta,Diptera,,,,,,,Diptera,Diptera,Cerro_Hoya_Expedition_Hoya_1204m_lightPotoro_2025-01-26,lightPotoro_2025_01_28__23_58_06_HDR0_1_Mothbot_yolo11m_4500_imgsz1600_b1_2024-01-18.pt.jpg,HS,Mothbot_yolo11m_4500_imgsz1600_b1_2024-01-18.pt,0.5394095778465271,,lightPotoro,Cerro_Hoya_Expedition/Hoya_1204m_lightPotoro_2025-01-26/2025-01-28/patches/lightPotoro_2025_01_28__23_58_06_HDR0_1_Mothbot_yolo11m_4500_imgsz1600_b1_2024-01-18.pt.jpg,ORDER_Diptera,2025-01-28,23:58:06,,2025_01_28__23_58_06,MachineObservation,Cerro_Hoya_Expedition_Hoya_1204m_lightPotoro_2025-01-26_2025-01-28,Cerro_Hoya_Expedition_Hoya_1204m_lightPotoro_2025-01-26,lightPotoro_2025_01_28__23_58_06_HDR0.jpg,lightPotoro_2025_01_28__23_58_06_HDR0_1_Mothbot_yolo11m_4500_imgsz1600_b1_2024-01-18.pt.jpg
doi.org10.15468dl.6nxkw6.csv,Animalia,Arthropoda,Insecta,Diptera,,,,,,,Diptera,Diptera,Cerro_Hoya_Expedition_Hoya_1204m_lightPotoro_2025-01-26,lightPotoro_2025_01_28__23_58_06_HDR0_2_Mothbot_yolo11m_4500_imgsz1600_b1_2024-01-18.pt.jpg,HS,Mothbot_yolo11m_4500_imgsz1600_b1_2024-01-18.pt,0.3742186725139618,,lightPotoro,Cerro_Hoya_Expedition/Hoya_1204m_lightPotoro_2025-01-26/2025-01-28/patches/lightPotoro_2025_01_28__23_58_06_HDR0_2_Mothbot_yolo11m_4500_imgsz1600_b1_2024-01-18.pt.jpg,ORDER_Coleoptera,2025-01-28,23:58:06,,2025_01_28__23_58_06,MachineObservation,Cerro_Hoya_Expedition_Hoya_1204m_lightPotoro_2025-01-26_2025-01-28,Cerro_Hoya_Expedition_Hoya_1204m_lightPotoro_2025-01-26,lightPotoro_2025_01_28__23_58_06_HDR0.jpg,lightPotoro_2025_01_28__23_58_06_HDR0_2_Mothbot_yolo11m_4500_imgsz1600_b1_2024-01-18.pt.jpg
,Animalia,Arthropoda,Insecta,Lepidoptera,,,,,,,Lepidoptera,Lepidoptera,Cerro_Hoya_Expedition_Hoya_1204m_lightPotoro_2025-01-26,lightPotoro_2025_01_28__23_59_05_HDR0_0_Mothbot_yolo11m_4500_imgsz1600_b1_2024-01-18.pt.jpg,HS,Mothbot_yolo11m_4500_imgsz1600_b1_2024-01-18.pt,0.872266948223114,,lightPotoro,Cerro_Hoya_Expedition/Hoya_1204m_lightPotoro_2025-01-26/2025-01-28/patches/lightPotoro_2025_01_28__23_59_05_HDR0_0_Mothbot_yolo11m_4500_imgsz1600_b1_2024-01-18.pt.jpg,ORDER_Lepidoptera,2025-01-28,23:59:05,,2025_01_28__23_59_05,MachineObservation,Cerro_Hoya_Expedition_Hoya_1204m_lightPotoro_2025-01-26_2025-01-28,Cerro_Hoya_Expedition_Hoya_1204m_lightPotoro_2025-01-26,lightPotoro_2025_01_28__23_59_05_HDR0.jpg,lightPotoro_2025_01_28__23_59_05_HDR0_0_Mothbot_yolo11m_4500_imgsz1600_b1_2024-01-18.pt.jpg
doi.org10.15468dl.6nxkw6.csv,Animalia,Arthropoda,Insecta,Diptera,,,,,,,Diptera,Diptera,Cerro_Hoya_Expedition_Hoya_1204m_lightPotoro_2025-01-26,lightPotoro_2025_01_28__23_59_05_HDR0_1_Mothbot_yolo11m_4500_imgsz1600_b1_2024-01-18.pt.jpg,HS,Mothbot_yolo11m_4500_imgsz1600_b1_2024-01-18.pt,0.592767059803009,,lightPotoro,Cerro_Hoya_Expedition/Hoya_1204m_lightPotoro_2025-01-26/2025-01-28/patches/lightPotoro_2025_01_28__23_59_05_HDR0_1_Mothbot_yolo11m_4500_imgsz1600_b1_2024-01-18.pt.jpg,ORDER_Coleoptera,2025-01-28,23:59:05,,2025_01_28__23_59_05,MachineObservation,Cerro_Hoya_Expedition_Hoya_1204m_lightPotoro_2025-01-26_2025-01-28,Cerro_Hoya_Expedition_Hoya_1204m_lightPotoro_2025-01-26,lightPotoro_2025_01_28__23_59_05_HDR0.jpg,lightPotoro_2025_01_28__23_59_05_HDR0_1_Mothbot_yolo11m_4500_imgsz1600_b1_2024-01-18.pt.jpg
,Animalia,Arthropoda,Insecta,Diptera,,,,,,,Diptera,Diptera,Cerro_Hoya_Expedition_Hoya_1204m_lightPotoro_2025-01-26,lightPotoro_2025_01_28__23_59_05_HDR0_2_Mothbot_yolo11m_4500_imgsz1600_b1_2024-01-18.pt.jpg,HS,Mothbot_yolo11m_4500_imgsz1600_b1_2024-01-18.pt,0.3981647491455078,,lightPotoro,Cerro_Hoya_Expedition/Hoya_1204m_lightPotoro_2025-01-26/2025-01-28/patches/lightPotoro_2025_01_28__23_59_05_HDR0_2_Mothbot_yolo11m_4500_imgsz1600_b1_2024-01-18.pt.jpg,ORDER_Diptera,2025-01-28,23:59:05,,2025_01_28__23_59_05,MachineObservation,Cerro_Hoya_Expedition_Hoya_1204m_lightPotoro_2025-01-26_2025-01-28,Cerro_Hoya_Expedition_Hoya_1204m_lightPotoro_2025-01-26,lightPotoro_2025_01_28__23_59_05_HDR0.jpg,lightPotoro_2025_01_28__23_59_05_HDR0_2_Mothbot_yolo11m_4500_imgsz1600_b1_2024-01-18.pt.jpg
,Animalia,Arthropoda,Insecta,Lepidoptera,,,,,,,Lepidoptera,Lepidoptera,Cerro_Hoya_Expedition_Hoya_1204m_lightPotoro_2025-01-26,lightPotoro_2025_01_29__02_01_24_HDR0_0_Mothbot_yolo11m_4500_imgsz1600_b1_2024-01-18.pt.jpg,HS,Mothbot_yolo11m_4500_imgsz1600_b1_2024-01-18.pt,0.8926496505737305,,lightPotoro,Cerro_Hoya_Expedition/Hoya_1204m_lightPotoro_2025-01-26/2025-01-28/patches/lightPotoro_2025_01_29__02_01_24_HDR0_0_Mothbot_yolo11m_4500_imgsz1600_b1_2024-01-18.pt.jpg,ORDER_Lepidoptera,2025-01-29,02:01:24,,2025_01_29__02_01_24,MachineObservation,Cerro_Hoya_Expedition_Hoya_1204m_lightPotoro_2025-01-26_2025-01-28,Cerro_Hoya_Expedition_Hoya_1204m_lightPotoro_2025-01-26,lightPotoro_2025_01_29__02_01_24_HDR0.jpg,lightPotoro_2025_01_29__02_01_24_HDR0_0_Mothbot_yolo11m_4500_imgsz1600_b1_2024-01-18.pt.jpg
,Animalia,Arthropoda,Insecta,Lepidoptera,,,,,,,Lepidoptera,Lepidoptera,Cerro_Hoya_Expedition_Hoya_1204m_lightPotoro_2025-01-26,lightPotoro_2025_01_29__02_02_06_HDR0_0_Mothbot_yolo11m_4500_imgsz1600_b1_2024-01-18.pt.jpg,HS,Mothbot_yolo11m_4500_imgsz1600_b1_2024-01-18.pt,0.895632266998291,,lightPotoro,Cerro_Hoya_Expedition/Hoya_1204m_lightPotoro_2025-01-26/2025-01-28/patches/lightPotoro_2025_01_29__02_02_06_HDR0_0_Mothbot_yolo11m_4500_imgsz1600_b1_2024-01-18.pt.jpg,ORDER_Lepidoptera,2025-01-29,02:02:06,,2025_01_29__02_02_06,MachineObservation,Cerro_Hoya_Expedition_Hoya_1204m_lightPotoro_2025-01-26_2025-01-28,Cerro_Hoya_Expedition_Hoya_1204m_lightPotoro_2025-01-26,lightPotoro_2025_01_29__02_02_06_HDR0.jpg,lightPotoro_2025_01_29__02_02_06_HDR0_0_Mothbot_yolo11m_4500_imgsz1600_b1_2024-01-18.pt.jpg
,Animalia,Arthropoda,Insecta,Lepidoptera,,,,,,,Lepidoptera,Lepidoptera,Cerro_Hoya_Expedition_Hoya_1204m_lightPotoro_2025-01-26,lightPotoro_2025_01_29__02_03_06_HDR0_0_Mothbot_yolo11m_4500_imgsz1600_b1_2024-01-18.pt.jpg,HS,Mothbot_yolo11m_4500_imgsz1600_b1_2024-01-18.pt,0.8933165073394775,,lightPotoro,Cerro_Hoya_Expedition/Hoya_1204m_lightPotoro_2025-01-26/2025-01-28/patches/lightPotoro_2025_01_29__02_03_06_HDR0_0_Mothbot_yolo11m_4500_imgsz1600_b1_2024-01-18.pt.jpg,ORDER_Lepidoptera,2025-01-29,02:03:06,,2025_01_29__02_03_06,MachineObservation,Cerro_Hoya_Expedition_Hoya_1204m_lightPotoro_2025-01-26_2025-01-28,Cerro_Hoya_Expedition_Hoya_1204m_lightPotoro_2025-01-26,lightPotoro_2025_01_29__02_03_06_HDR0.jpg,lightPotoro_2025_01_29__02_03_06_HDR0_0_Mothbot_yolo11m_4500_imgsz1600_b1_2024-01-18.pt.jpg
,Animalia,Arthropoda,Insecta,Lepidoptera,,,,,,,Lepidoptera,Lepidoptera,Cerro_Hoya_Expedition_Hoya_1204m_lightPotoro_2025-01-26,lightPotoro_2025_01_29__02_04_06_HDR0_0_Mothbot_yolo11m_4500_imgsz1600_b1_2024-01-18.pt.jpg,HS,Mothbot_yolo11m_4500_imgsz1600_b1_2024-01-18.pt,0.8746894001960754,,lightPotoro,Cerro_Hoya_Expedition/Hoya_1204m_lightPotoro_2025-01-26/2025-01-28/patches/lightPotoro_2025_01_29__02_04_06_HDR0_0_Mothbot_yolo11m_4500_imgsz1600_b1_2024-01-18.pt.jpg,ORDER_Lepidoptera,2025-01-29,02:04:06,,2025_01_29__02_04_06,MachineObservation,Cerro_Hoya_Expedition_Hoya_1204m_lightPotoro_2025-01-26_2025-01-28,Cerro_Hoya_Expedition_Hoya_1204m_lightPotoro_2025-01-26,lightPotoro_2025_01_29__02_04_06_HDR0.jpg,lightPotoro_2025_01_29__02_04_06_HDR0_0_Mothbot_yolo11m_4500_imgsz1600_b1_2024-01-18.pt.jpg
,Animalia,Arthropoda,Insecta,Lepidoptera,,,,,,,Lepidoptera,Lepidoptera,Cerro_Hoya_Expedition_Hoya_1204m_lightPotoro_2025-01-26,lightPotoro_2025_01_29__02_05_06_HDR0_0_Mothbot_yolo11m_4500_imgsz1600_b1_2024-01-18.pt.jpg,HS,Mothbot_yolo11m_4500_imgsz1600_b1_2024-01-18.pt,0.8933141231536865,,lightPotoro,Cerro_Hoya_Expedition/Hoya_1204m_lightPotoro_2025-01-26/2025-01-28/patches/lightPotoro_2025_01_29__02_05_06_HDR0_0_Mothbot_yolo11m_4500_imgsz1600_b1_2024-01-18.pt.jpg,ORDER_Lepidoptera,2025-01-29,02:05:06,,2025_01_29__02_05_06,MachineObservation,Cerro_Hoya_Expedition_Hoya_1204m_lightPotoro_2025-01-26_2025-01-28,Cerro_Hoya_Expedition_Hoya_1204m_lightPotoro_2025-01-26,lightPotoro_2025_01_29__02_05_06_HDR0.jpg,lightPotoro_2025_01_29__02_05_06_HDR0_0_Mothbot_yolo11m_4500_imgsz1600_b1_2024-01-18.pt.jpg
,Animalia,Arthropoda,Insecta,Hemiptera,,,,,,,Hemiptera,Hemiptera,Cerro_Hoya_Expedition_Hoya_1204m_lightPotoro_2025-01-26,lightPotoro_2025_01_29__02_05_06_HDR0_1_Mothbot_yolo11m_4500_imgsz1600_b1_2024-01-18.pt.jpg,HS,Mothbot_yolo11m_4500_imgsz1600_b1_2024-01-18.pt,0.7144685387611389,,lightPotoro,Cerro_Hoya_Expedition/Hoya_1204m_lightPotoro_2025-01-26/2025-01-28/patches/lightPotoro_2025_01_29__02_05_06_HDR0_1_Mothbot_yolo11m_4500_imgsz1600_b1_2024-01-18.pt.jpg,ORDER_Hemiptera,2025-01-29,02:05:06,,2025_01_29__02_05_06,MachineObservation,Cerro_Hoya_Expedition_Hoya_1204m_lightPotoro_2025-01-26_2025-01-28,Cerro_Hoya_Expedition_Hoya_1204m_lightPotoro_2025-01-26,lightPotoro_2025_01_29__02_05_06_HDR0.jpg,lightPotoro_2025_01_29__02_05_06_HDR0_1_Mothbot_yolo11m_4500_imgsz1600_b1_2024-01-18.pt.jpg
,Animalia,Arthropoda,Insecta,Lepidoptera,,,,,,,Lepidoptera,Lepidoptera,Cerro_Hoya_Expedition_Hoya_1204m_lightPotoro_2025-01-26,lightPotoro_2025_01_29__02_06_06_HDR0_0_Mothbot_yolo11m_4500_imgsz1600_b1_2024-01-18.pt.jpg,HS,Mothbot_yolo11m_4500_imgsz1600_b1_2024-01-18.pt,0.8779386281967163,,lightPotoro,Cerro_Hoya_Expedition/Hoya_1204m_lightPotoro_2025-01-26/2025-01-28/patches/lightPotoro_2025_01_29__02_06_06_HDR0_0_Mothbot_yolo11m_4500_imgsz1600_b1_2024-01-18.pt.jpg,ORDER_Lepidoptera,2025-01-29,02:06:06,,2025_01_29__02_06_06,MachineObservation,Cerro_Hoya_Expedition_Hoya_1204m_lightPotoro_2025-01-26_2025-01-28,Cerro_Hoya_Expedition_Hoya_1204m_lightPotoro_2025-01-26,lightPotoro_2025_01_29__02_06_06_HDR0.jpg,lightPotoro_2025_01_29__02_06_06_HDR0_0_Mothbot_yolo11m_4500_imgsz1600_b1_2024-01-18.pt.jpg
doi.org10.15468dl.6nxkw6.csv,Animalia,Arthropoda,Insecta,Hemiptera,,,,,,,Hemiptera,Hemiptera,Cerro_Hoya_Expedition_Hoya_1204m_lightPotoro_2025-01-26,lightPotoro_2025_01_29__02_06_06_HDR0_1_Mothbot_yolo11m_4500_imgsz1600_b1_2024-01-18.pt.jpg,HS,Mothbot_yolo11m_4500_imgsz1600_b1_2024-01-18.pt,0.6698017716407776,,lightPotoro,Cerro_Hoya_Expedition/Hoya_1204m_lightPotoro_2025-01-26/2025-01-28/patches/lightPotoro_2025_01_29__02_06_06_HDR0_1_Mothbot_yolo11m_4500_imgsz1600_b1_2024-01-18.pt.jpg,ORDER_Coleoptera,2025-01-29,02:06:06,,2025_01_29__02_06_06,MachineObservation,Cerro_Hoya_Expedition_Hoya_1204m_lightPotoro_2025-01-26_2025-01-28,Cerro_Hoya_Expedition_Hoya_1204m_lightPotoro_2025-01-26,lightPotoro_2025_01_29__02_06_06_HDR0.jpg,lightPotoro_2025_01_29__02_06_06_HDR0_1_Mothbot_yolo11m_4500_imgsz1600_b1_2024-01-18.pt.jpg
,Animalia,Arthropoda,Insecta,Lepidoptera,,,,,,,Lepidoptera,Lepidoptera,Cerro_Hoya_Expedition_Hoya_1204m_lightPotoro_2025-01-26,lightPotoro_2025_01_29__02_07_06_HDR0_0_Mothbot_yolo11m_4500_imgsz1600_b1_2024-01-18.pt.jpg,HS,Mothbot_yolo11m_4500_imgsz1600_b1_2024-01-18.pt,0.8778930902481079,,lightPotoro,Cerro_Hoya_Expedition/Hoya_1204m_lightPotoro_2025-01-26/2025-01-28/patches/lightPotoro_2025_01_29__02_07_06_HDR0_0_Mothbot_yolo11m_4500_imgsz1600_b1_2024-01-18.pt.jpg,ORDER_Lepidoptera,2025-01-29,02:07:06,,2025_01_29__02_07_06,MachineObservation,Cerro_Hoya_Expedition_Hoya_1204m_lightPotoro_2025-01-26_2025-01-28,Cerro_Hoya_Expedition_Hoya_1204m_lightPotoro_2025-01-26,lightPotoro_2025_01_29__02_07_06_HDR0.jpg,lightPotoro_2025_01_29__02_07_06_HDR0_0_Mothbot_yolo11m_4500_imgsz1600_b1_2024-01-18.pt.jpg
,Animalia,Arthropoda,Insecta,Hemiptera,,,,,,,Hemiptera,Hemiptera,Cerro_Hoya_Expedition_Hoya_1204m_lightPotoro_2025-01-26,lightPotoro_2025_01_29__02_07_06_HDR0_1_Mothbot_yolo11m_4500_imgsz1600_b1_2024-01-18.pt.jpg,HS,Mothbot_yolo11m_4500_imgsz1600_b1_2024-01-18.pt,0.7694918513298035,,lightPotoro,Cerro_Hoya_Expedition/Hoya_1204m_lightPotoro_2025-01-26/2025-01-28/patches/lightPotoro_2025_01_29__02_07_06_HDR0_1_Mothbot_yolo11m_4500_imgsz1600_b1_2024-01-18.pt.jpg,ORDER_Hemiptera,2025-01-29,02:07:06,,2025_01_29__02_07_06,MachineObservation,Cerro_Hoya_Expedition_Hoya_1204m_lightPotoro_2025-01-26_2025-01-28,Cerro_Hoya_Expedition_Hoya_1204m_lightPotoro_2025-01-26,lightPotoro_2025_01_29__02_07_06_HDR0.jpg,lightPotoro_2025_01_29__02_07_06_HDR0_1_Mothbot_yolo11m_4500_imgsz1600_b1_2024-01-18.pt.jpg
,Animalia,Arthropoda,Insecta,Lepidoptera,,,,,,,Lepidoptera,Lepidoptera,Cerro_Hoya_Expedition_Hoya_1204m_lightPotoro_2025-01-26,lightPotoro_2025_01_29__02_08_23_HDR0_0_Mothbot_yolo11m_4500_imgsz1600_b1_2024-01-18.pt.jpg,HS,Mothbot_yolo11m_4500_imgsz1600_b1_2024-01-18.pt,0.8871375918388367,,lightPotoro,Cerro_Hoya_Expedition/Hoya_1204m_lightPotoro_2025-01-26/2025-01-28/patches/lightPotoro_2025_01_29__02_08_23_HDR0_0_Mothbot_yolo11m_4500_imgsz1600_b1_2024-01-18.pt.jpg,ORDER_Lepidoptera,2025-01-29,02:08:23,,2025_01_29__02_08_23,MachineObservation,Cerro_Hoya_Expedition_Hoya_1204m_lightPotoro_2025-01-26_2025-01-28,Cerro_Hoya_Expedition_Hoya_1204m_lightPotoro_2025-01-26,lightPotoro_2025_01_29__02_08_23_HDR0.jpg,lightPotoro_2025_01_29__02_08_23_HDR0_0_Mothbot_yolo11m_4500_imgsz1600_b1_2024-01-18.pt.jpg
,Animalia,Arthropoda,Insecta,Hemiptera,,,,,,,Hemiptera,Hemiptera,Cerro_Hoya_Expedition_Hoya_1204m_lightPotoro_2025-01-26,lightPotoro_2025_01_29__02_08_23_HDR0_1_Mothbot_yolo11m_4500_imgsz1600_b1_2024-01-18.pt.jpg,HS,Mothbot_yolo11m_4500_imgsz1600_b1_2024-01-18.pt,0.703269362449646,,lightPotoro,Cerro_Hoya_Expedition/Hoya_1204m_lightPotoro_2025-01-26/2025-01-28/patches/lightPotoro_2025_01_29__02_08_23_HDR0_1_Mothbot_yolo11m_4500_imgsz1600_b1_2024-01-18.pt.jpg,ORDER_Hemiptera,2025-01-29,02:08:23,,2025_01_29__02_08_23,MachineObservation,Cerro_Hoya_Expedition_Hoya_1204m_lightPotoro_2025-01-26_2025-01-28,Cerro_Hoya_Expedition_Hoya_1204m_lightPotoro_2025-01-26,lightPotoro_2025_01_29__02_08_23_HDR0.jpg,lightPotoro_2025_01_29__02_08_23_HDR0_1_Mothbot_yolo11m_4500_imgsz1600_b1_2024-01-18.pt.jpg
,Animalia,Arthropoda,Insecta,Lepidoptera,,,,,,,Lepidoptera,Lepidoptera,Cerro_Hoya_Expedition_Hoya_1204m_lightPotoro_2025-01-26,lightPotoro_2025_01_29__02_09_06_HDR0_0_Mothbot_yolo11m_4500_imgsz1600_b1_2024-01-18.pt.jpg,HS,Mothbot_yolo11m_4500_imgsz1600_b1_2024-01-18.pt,0.8812533020973206,,lightPotoro,Cerro_Hoya_Expedition/Hoya_1204m_lightPotoro_2025-01-26/2025-01-28/patches/lightPotoro_2025_01_29__02_09_06_HDR0_0_Mothbot_yolo11m_4500_imgsz1600_b1_2024-01-18.pt.jpg,ORDER_Lepidoptera,2025-01-29,02:09:06,,2025_01_29__02_09_06,MachineObservation,Cerro_Hoya_Expedition_Hoya_1204m_lightPotoro_2025-01-26_2025-01-28,Cerro_Hoya_Expedition_Hoya_1204m_lightPotoro_2025-01-26,lightPotoro_2025_01_29__02_09_06_HDR0.jpg,lightPotoro_2025_01_29__02_09_06_HDR0_0_Mothbot_yolo11m_4500_imgsz1600_b1_2024-01-18.pt.jpg
,Animalia,Arthropoda,Insecta,Hemiptera,,,,,,,Hemiptera,Hemiptera,Cerro_Hoya_Expedition_Hoya_1204m_lightPotoro_2025-01-26,lightPotoro_2025_01_29__02_09_06_HDR0_1_Mothbot_yolo11m_4500_imgsz1600_b1_2024-01-18.pt.jpg,HS,Mothbot_yolo11m_4500_imgsz1600_b1_2024-01-18.pt,0.656778872013092,,lightPotoro,Cerro_Hoya_Expedition/Hoya_1204m_lightPotoro_2025-01-26/2025-01-28/patches/lightPotoro_2025_01_29__02_09_06_HDR0_1_Mothbot_yolo11m_4500_imgsz1600_b1_2024-01-18.pt.jpg,ORDER_Hemiptera,2025-01-29,02:09:06,,2025_01_29__02_09_06,MachineObservation,Cerro_Hoya_Expedition_Hoya_1204m_lightPotoro_2025-01-26_2025-01-28,Cerro_Hoya_Expedition_Hoya_1204m_lightPotoro_2025-01-26,lightPotoro_2025_01_29__02_09_06_HDR0.jpg,lightPotoro_2025_01_29__02_09_06_HDR0_1_Mothbot_yolo11m_4500_imgsz1600_b1_2024-01-18.pt.jpg
,Animalia,Arthropoda,Insecta,Lepidoptera,,,,,,,Lepidoptera,Lepidoptera,Cerro_Hoya_Expedition_Hoya_1204m_lightPotoro_2025-01-26,lightPotoro_2025_01_29__02_10_06_HDR0_0_Mothbot_yolo11m_4500_imgsz1600_b1_2024-01-18.pt.jpg,HS,Mothbot_yolo11m_4500_imgsz1600_b1_2024-01-18.pt,0.8915611505508423,,lightPotoro,Cerro_Hoya_Expedition/Hoya_1204m_lightPotoro_2025-01-26/2025-01-28/patches/lightPotoro_2025_01_29__02_10_06_HDR0_0_Mothbot_yolo11m_4500_imgsz1600_b1_2024-01-18.pt.jpg,ORDER_Lepidoptera,2025-01-29,02:10:06,,2025_01_29__02_10_06,MachineObservation,Cerro_Hoya_Expedition_Hoya_1204m_lightPotoro_2025-01-26_2025-01-28,Cerro_Hoya_Expedition_Hoya_1204m_lightPotoro_2025-01-26,lightPotoro_2025_01_29__02_10_06_HDR0.jpg,lightPotoro_2025_01_29__02_10_06_HDR0_0_Mothbot_yolo11m_4500_imgsz1600_b1_2024-01-18.pt.jpg
doi.org10.15468dl.6nxkw6.csv,Animalia,Arthropoda,Insecta,Hemiptera,,,,,,,Hemiptera,Hemiptera,Cerro_Hoya_Expedition_Hoya_1204m_lightPotoro_2025-01-26,lightPotoro_2025_01_29__02_10_06_HDR0_1_Mothbot_yolo11m_4500_imgsz1600_b1_2024-01-18.pt.jpg,HS,Mothbot_yolo11m_4500_imgsz1600_b1_2024-01-18.pt,0.6970857977867126,,lightPotoro,Cerro_Hoya_Expedition/Hoya_1204m_lightPotoro_2025-01-26/2025-01-28/patches/lightPotoro_2025_01_29__02_10_06_HDR0_1_Mothbot_yolo11m_4500_imgsz1600_b1_2024-01-18.pt.jpg,ORDER_Coleoptera,2025-01-29,02:10:06,,2025_01_29__02_10_06,MachineObservation,Cerro_Hoya_Expedition_Hoya_1204m_lightPotoro_2025-01-26_2025-01-28,Cerro_Hoya_Expedition_Hoya_1204m_lightPotoro_2025-01-26,lightPotoro_2025_01_29__02_10_06_HDR0.jpg,lightPotoro_2025_01_29__02_10_06_HDR0_1_Mothbot_yolo11m_4500_imgsz1600_b1_2024-01-18.pt.jpg
,Animalia,Arthropoda,Insecta,Lepidoptera,,,,,,,Lepidoptera,Lepidoptera,Cerro_Hoya_Expedition_Hoya_1204m_lightPotoro_2025-01-26,lightPotoro_2025_01_29__02_11_06_HDR0_0_Mothbot_yolo11m_4500_imgsz1600_b1_2024-01-18.pt.jpg,HS,Mothbot_yolo11m_4500_imgsz1600_b1_2024-01-18.pt,0.8867855072021484,,lightPotoro,Cerro_Hoya_Expedition/Hoya_1204m_lightPotoro_2025-01-26/2025-01-28/patches/lightPotoro_2025_01_29__02_11_06_HDR0_0_Mothbot_yolo11m_4500_imgsz1600_b1_2024-01-18.pt.jpg,ORDER_Lepidoptera,2025-01-29,02:11:06,,2025_01_29__02_11_06,MachineObservation,Cerro_Hoya_Expedition_Hoya_1204m_lightPotoro_2025-01-26_2025-01-28,Cerro_Hoya_Expedition_Hoya_1204m_lightPotoro_2025-01-26,lightPotoro_2025_01_29__02_11_06_HDR0.jpg,lightPotoro_2025_01_29__02_11_06_HDR0_0_Mothbot_yolo11m_4500_imgsz1600_b1_2024-01-18.pt.jpg
doi.org10.15468dl.6nxkw6.csv,Animalia,Arthropoda,Insecta,Hemiptera,,,,,,,Hemiptera,Hemiptera,Cerro_Hoya_Expedition_Hoya_1204m_lightPotoro_2025-01-26,lightPotoro_2025_01_29__02_11_06_HDR0_1_Mothbot_yolo11m_4500_imgsz1600_b1_2024-01-18.pt.jpg,HS,Mothbot_yolo11m_4500_imgsz1600_b1_2024-01-18.pt,0.7652810215950012,,lightPotoro,Cerro_Hoya_Expedition/Hoya_1204m_lightPotoro_2025-01-26/2025-01-28/patches/lightPotoro_2025_01_29__02_11_06_HDR0_1_Mothbot_yolo11m_4500_imgsz1600_b1_2024-01-18.pt.jpg,ORDER_Diptera,2025-01-29,02:11:06,,2025_01_29__02_11_06,MachineObservation,Cerro_Hoya_Expedition_Hoya_1204m_lightPotoro_2025-01-26_2025-01-28,Cerro_Hoya_Expedition_Hoya_1204m_lightPotoro_2025-01-26,lightPotoro_2025_01_29__02_11_06_HDR0.jpg,lightPotoro_2025_01_29__02_11_06_HDR0_1_Mothbot_yolo11m_4500_imgsz1600_b1_2024-01-18.pt.jpg
,Animalia,Arthropoda,Insecta,Lepidoptera,,,,,,,Lepidoptera,Lepidoptera,Cerro_Hoya_Expedition_Hoya_1204m_lightPotoro_2025-01-26,lightPotoro_2025_01_29__02_12_06_HDR0_0_Mothbot_yolo11m_4500_imgsz1600_b1_2024-01-18.pt.jpg,HS,Mothbot_yolo11m_4500_imgsz1600_b1_2024-01-18.pt,0.8853078484535217,,lightPotoro,Cerro_Hoya_Expedition/Hoya_1204m_lightPotoro_2025-01-26/2025-01-28/patches/lightPotoro_2025_01_29__02_12_06_HDR0_0_Mothbot_yolo11m_4500_imgsz1600_b1_2024-01-18.pt.jpg,ORDER_Lepidoptera,2025-01-29,02:12:06,,2025_01_29__02_12_06,MachineObservation,Cerro_Hoya_Expedition_Hoya_1204m_lightPotoro_2025-01-26_2025-01-28,Cerro_Hoya_Expedition_Hoya_1204m_lightPotoro_2025-01-26,lightPotoro_2025_01_29__02_12_06_HDR0.jpg,lightPotoro_2025_01_29__02_12_06_HDR0_0_Mothbot_yolo11m_4500_imgsz1600_b1_2024-01-18.pt.jpg
,Animalia,Arthropoda,Insecta,Lepidoptera,,,,,,,Lepidoptera,Lepidoptera,Cerro_Hoya_Expedition_Hoya_1204m_lightPotoro_2025-01-26,lightPotoro_2025_01_29__02_13_05_HDR0_0_Mothbot_yolo11m_4500_imgsz1600_b1_2024-01-18.pt.jpg,HS,Mothbot_yolo11m_4500_imgsz1600_b1_2024-01-18.pt,0.8891536593437195,,lightPotoro,Cerro_Hoya_Expedition/Hoya_1204m_lightPotoro_2025-01-26/2025-01-28/patches/lightPotoro_2025_01_29__02_13_05_HDR0_0_Mothbot_yolo11m_4500_imgsz1600_b1_2024-01-18.pt.jpg,ORDER_Lepidoptera,2025-01-29,02:13:05,,2025_01_29__02_13_05,MachineObservation,Cerro_Hoya_Expedition_Hoya_1204m_lightPotoro_2025-01-26_2025-01-28,Cerro_Hoya_Expedition_Hoya_1204m_lightPotoro_2025-01-26,lightPotoro_2025_01_29__02_13_05_HDR0.jpg,lightPotoro_2025_01_29__02_13_05_HDR0_0_Mothbot_yolo11m_4500_imgsz1600_b1_2024-01-18.pt.jpg
,Animalia,Arthropoda,Insecta,Lepidoptera,,,,,,,Lepidoptera,Lepidoptera,Cerro_Hoya_Expedition_Hoya_1204m_lightPotoro_2025-01-26,lightPotoro_2025_01_29__02_14_05_HDR0_0_Mothbot_yolo11m_4500_imgsz1600_b1_2024-01-18.pt.jpg,HS,Mothbot_yolo11m_4500_imgsz1600_b1_2024-01-18.pt,0.8937853574752808,,lightPotoro,Cerro_Hoya_Expedition/Hoya_1204m_lightPotoro_2025-01-26/2025-01-28/patches/lightPotoro_2025_01_29__02_14_05_HDR0_0_Mothbot_yolo11m_4500_imgsz1600_b1_2024-01-18.pt.jpg,ORDER_Lepidoptera,2025-01-29,02:14:05,,2025_01_29__02_14_05,MachineObservation,Cerro_Hoya_Expedition_Hoya_1204m_lightPotoro_2025-01-26_2025-01-28,Cerro_Hoya_Expedition_Hoya_1204m_lightPotoro_2025-01-26,lightPotoro_2025_01_29__02_14_05_HDR0.jpg,lightPotoro_2025_01_29__02_14_05_HDR0_0_Mothbot_yolo11m_4500_imgsz1600_b1_2024-01-18.pt.jpg
,Animalia,Arthropoda,Insecta,Lepidoptera,,,,,,,Lepidoptera,Lepidoptera,Cerro_Hoya_Expedition_Hoya_1204m_lightPotoro_2025-01-26,lightPotoro_2025_01_29__02_15_22_HDR0_0_Mothbot_yolo11m_4500_imgsz1600_b1_2024-01-18.pt.jpg,HS,Mothbot_yolo11m_4500_imgsz1600_b1_2024-01-18.pt,0.8715355396270752,,lightPotoro,Cerro_Hoya_Expedition/Hoya_1204m_lightPotoro_2025-01-26/2025-01-28/patches/lightPotoro_2025_01_29__02_15_22_HDR0_0_Mothbot_yolo11m_4500_imgsz1600_b1_2024-01-18.pt.jpg,ORDER_Lepidoptera,2025-01-29,02:15:22,,2025_01_29__02_15_22,MachineObservation,Cerro_Hoya_Expedition_Hoya_1204m_lightPotoro_2025-01-26_2025-01-28,Cerro_Hoya_Expedition_Hoya_1204m_lightPotoro_2025-01-26,lightPotoro_2025_01_29__02_15_22_HDR0.jpg,lightPotoro_2025_01_29__02_15_22_HDR0_0_Mothbot_yolo11m_4500_imgsz1600_b1_2024-01-18.pt.jpg
,Animalia,Arthropoda,Insecta,Diptera,,,,,,,Diptera,Diptera,Cerro_Hoya_Expedition_Hoya_1204m_lightPotoro_2025-01-26,lightPotoro_2025_01_29__02_15_22_HDR0_1_Mothbot_yolo11m_4500_imgsz1600_b1_2024-01-18.pt.jpg,HS,Mothbot_yolo11m_4500_imgsz1600_b1_2024-01-18.pt,0.5992677211761475,,lightPotoro,Cerro_Hoya_Expedition/Hoya_1204m_lightPotoro_2025-01-26/2025-01-28/patches/lightPotoro_2025_01_29__02_15_22_HDR0_1_Mothbot_yolo11m_4500_imgsz1600_b1_2024-01-18.pt.jpg,ORDER_Diptera,2025-01-29,02:15:22,,2025_01_29__02_15_22,MachineObservation,Cerro_Hoya_Expedition_Hoya_1204m_lightPotoro_2025-01-26_2025-01-28,Cerro_Hoya_Expedition_Hoya_1204m_lightPotoro_2025-01-26,lightPotoro_2025_01_29__02_15_22_HDR0.jpg,lightPotoro_2025_01_29__02_15_22_HDR0_1_Mothbot_yolo11m_4500_imgsz1600_b1_2024-01-18.pt.jpg
,Animalia,Arthropoda,Insecta,Lepidoptera,,,,,,,Lepidoptera,Lepidoptera,Cerro_Hoya_Expedition_Hoya_1204m_lightPotoro_2025-01-26,lightPotoro_2025_01_29__02_16_06_HDR0_0_Mothbot_yolo11m_4500_imgsz1600_b1_2024-01-18.pt.jpg,HS,Mothbot_yolo11m_4500_imgsz1600_b1_2024-01-18.pt,0.8936964869499207,,lightPotoro,Cerro_Hoya_Expedition/Hoya_1204m_lightPotoro_2025-01-26/2025-01-28/patches/lightPotoro_2025_01_29__02_16_06_HDR0_0_Mothbot_yolo11m_4500_imgsz1600_b1_2024-01-18.pt.jpg,ORDER_Lepidoptera,2025-01-29,02:16:06,,2025_01_29__02_16_06,MachineObservation,Cerro_Hoya_Expedition_Hoya_1204m_lightPotoro_2025-01-26_2025-01-28,Cerro_Hoya_Expedition_Hoya_1204m_lightPotoro_2025-01-26,lightPotoro_2025_01_29__02_16_06_HDR0.jpg,lightPotoro_2025_01_29__02_16_06_HDR0_0_Mothbot_yolo11m_4500_imgsz1600_b1_2024-01-18.pt.jpg
,Animalia,Arthropoda,Insecta,Lepidoptera,,,,,,,Lepidoptera,Lepidoptera,Cerro_Hoya_Expedition_Hoya_1204m_lightPotoro_2025-01-26,lightPotoro_2025_01_29__02_17_05_HDR0_0_Mothbot_yolo11m_4500_imgsz1600_b1_2024-01-18.pt.jpg,HS,Mothbot_yolo11m_4500_imgsz1600_b1_2024-01-18.pt,0.8929404020309448,,lightPotoro,Cerro_Hoya_Expedition/Hoya_1204m_lightPotoro_2025-01-26/2025-01-28/patches/lightPotoro_2025_01_29__02_17_05_HDR0_0_Mothbot_yolo11m_4500_imgsz1600_b1_2024-01-18.pt.jpg,ORDER_Lepidoptera,2025-01-29,02:17:05,,2025_01_29__02_17_05,MachineObservation,Cerro_Hoya_Expedition_Hoya_1204m_lightPotoro_2025-01-26_2025-01-28,Cerro_Hoya_Expedition_Hoya_1204m_lightPotoro_2025-01-26,lightPotoro_2025_01_29__02_17_05_HDR0.jpg,lightPotoro_2025_01_29__02_17_05_HDR0_0_Mothbot_yolo11m_4500_imgsz1600_b1_2024-01-18.pt.jpg
,Animalia,Arthropoda,Insecta,Diptera,,,,,,,Diptera,Diptera,Cerro_Hoya_Expedition_Hoya_1204m_lightPotoro_2025-01-26,lightPotoro_2025_01_29__02_17_05_HDR0_1_Mothbot_yolo11m_4500_imgsz1600_b1_2024-01-18.pt.jpg,HS,Mothbot_yolo11m_4500_imgsz1600_b1_2024-01-18.pt,0.7784894704818726,,lightPotoro,Cerro_Hoya_Expedition/Hoya_1204m_lightPotoro_2025-01-26/2025-01-28/patches/lightPotoro_2025_01_29__02_17_05_HDR0_1_Mothbot_yolo11m_4500_imgsz1600_b1_2024-01-18.pt.jpg,ORDER_Diptera,2025-01-29,02:17:05,,2025_01_29__02_17_05,MachineObservation,Cerro_Hoya_Expedition_Hoya_1204m_lightPotoro_2025-01-26_2025-01-28,Cerro_Hoya_Expedition_Hoya_1204m_lightPotoro_2025-01-26,lightPotoro_2025_01_29__02_17_05_HDR0.jpg,lightPotoro_2025_01_29__02_17_05_HDR0_1_Mothbot_yolo11m_4500_imgsz1600_b1_2024-01-18.pt.jpg
,Animalia,Arthropoda,Insecta,Lepidoptera,,,,,,,Lepidoptera,Lepidoptera,Cerro_Hoya_Expedition_Hoya_1204m_lightPotoro_2025-01-26,lightPotoro_2025_01_29__02_18_06_HDR0_0_Mothbot_yolo11m_4500_imgsz1600_b1_2024-01-18.pt.jpg,HS,Mothbot_yolo11m_4500_imgsz1600_b1_2024-01-18.pt,0.8808859586715698,,lightPotoro,Cerro_Hoya_Expedition/Hoya_1204m_lightPotoro_2025-01-26/2025-01-28/patches/lightPotoro_2025_01_29__02_18_06_HDR0_0_Mothbot_yolo11m_4500_imgsz1600_b1_2024-01-18.pt.jpg,ORDER_Lepidoptera,2025-01-29,02:18:06,,2025_01_29__02_18_06,MachineObservation,Cerro_Hoya_Expedition_Hoya_1204m_lightPotoro_2025-01-26_2025-01-28,Cerro_Hoya_Expedition_Hoya_1204m_lightPotoro_2025-01-26,lightPotoro_2025_01_29__02_18_06_HDR0.jpg,lightPotoro_2025_01_29__02_18_06_HDR0_0_Mothbot_yolo11m_4500_imgsz1600_b1_2024-01-18.pt.jpg
doi.org10.15468dl.6nxkw6.csv,Animalia,Arthropoda,Insecta,Hemiptera,,,,,,,Hemiptera,Hemiptera,Cerro_Hoya_Expedition_Hoya_1204m_lightPotoro_2025-01-26,lightPotoro_2025_01_29__02_18_06_HDR0_1_Mothbot_yolo11m_4500_imgsz1600_b1_2024-01-18.pt.jpg,HS,Mothbot_yolo11m_4500_imgsz1600_b1_2024-01-18.pt,0.8202189207077026,,lightPotoro,Cerro_Hoya_Expedition/Hoya_1204m_lightPotoro_2025-01-26/2025-01-28/patches/lightPotoro_2025_01_29__02_18_06_HDR0_1_Mothbot_yolo11m_4500_imgsz1600_b1_2024-01-18.pt.jpg,ORDER_Psocodea,2025-01-29,02:18:06,,2025_01_29__02_18_06,MachineObservation,Cerro_Hoya_Expedition_Hoya_1204m_lightPotoro_2025-01-26_2025-01-28,Cerro_Hoya_Expedition_Hoya_1204m_lightPotoro_2025-01-26,lightPotoro_2025_01_29__02_18_06_HDR0.jpg,lightPotoro_2025_01_29__02_18_06_HDR0_1_Mothbot_yolo11m_4500_imgsz1600_b1_2024-01-18.pt.jpg
,Animalia,Arthropoda,Insecta,Lepidoptera,,,,,,,Lepidoptera,Lepidoptera,Cerro_Hoya_Expedition_Hoya_1204m_lightPotoro_2025-01-26,lightPotoro_2025_01_29__02_19_06_HDR0_0_Mothbot_yolo11m_4500_imgsz1600_b1_2024-01-18.pt.jpg,HS,Mothbot_yolo11m_4500_imgsz1600_b1_2024-01-18.pt,0.8820605278015137,,lightPotoro,Cerro_Hoya_Expedition/Hoya_1204m_lightPotoro_2025-01-26/2025-01-28/patches/lightPotoro_2025_01_29__02_19_06_HDR0_0_Mothbot_yolo11m_4500_imgsz1600_b1_2024-01-18.pt.jpg,ORDER_Lepidoptera,2025-01-29,02:19:06,,2025_01_29__02_19_06,MachineObservation,Cerro_Hoya_Expedition_Hoya_1204m_lightPotoro_2025-01-26_2025-01-28,Cerro_Hoya_Expedition_Hoya_1204m_lightPotoro_2025-01-26,lightPotoro_2025_01_29__02_19_06_HDR0.jpg,lightPotoro_2025_01_29__02_19_06_HDR0_0_Mothbot_yolo11m_4500_imgsz1600_b1_2024-01-18.pt.jpg
,Animalia,Arthropoda,Insecta,Hemiptera,,,,,,,Hemiptera,Hemiptera,Cerro_Hoya_Expedition_Hoya_1204m_lightPotoro_2025-01-26,lightPotoro_2025_01_29__02_19_06_HDR0_1_Mothbot_yolo11m_4500_imgsz1600_b1_2024-01-18.pt.jpg,HS,Mothbot_yolo11m_4500_imgsz1600_b1_2024-01-18.pt,0.8045691251754761,,lightPotoro,Cerro_Hoya_Expedition/Hoya_1204m_lightPotoro_2025-01-26/2025-01-28/patches/lightPotoro_2025_01_29__02_19_06_HDR0_1_Mothbot_yolo11m_4500_imgsz1600_b1_2024-01-18.pt.jpg,ORDER_Hemiptera,2025-01-29,02:19:06,,2025_01_29__02_19_06,MachineObservation,Cerro_Hoya_Expedition_Hoya_1204m_lightPotoro_2025-01-26_2025-01-28,Cerro_Hoya_Expedition_Hoya_1204m_lightPotoro_2025-01-26,lightPotoro_2025_01_29__02_19_06_HDR0.jpg,lightPotoro_2025_01_29__02_19_06_HDR0_1_Mothbot_yolo11m_4500_imgsz1600_b1_2024-01-18.pt.jpg
,Animalia,Arthropoda,Insecta,Lepidoptera,,,,,,,Lepidoptera,Lepidoptera,Cerro_Hoya_Expedition_Hoya_1204m_lightPotoro_2025-01-26,lightPotoro_2025_01_29__02_20_06_HDR0_0_Mothbot_yolo11m_4500_imgsz1600_b1_2024-01-18.pt.jpg,HS,Mothbot_yolo11m_4500_imgsz1600_b1_2024-01-18.pt,0.8962365388870239,,lightPotoro,Cerro_Hoya_Expedition/Hoya_1204m_lightPotoro_2025-01-26/2025-01-28/patches/lightPotoro_2025_01_29__02_20_06_HDR0_0_Mothbot_yolo11m_4500_imgsz1600_b1_2024-01-18.pt.jpg,ORDER_Lepidoptera,2025-01-29,02:20:06,,2025_01_29__02_20_06,MachineObservation,Cerro_Hoya_Expedition_Hoya_1204m_lightPotoro_2025-01-26_2025-01-28,Cerro_Hoya_Expedition_Hoya_1204m_lightPotoro_2025-01-26,lightPotoro_2025_01_29__02_20_06_HDR0.jpg,lightPotoro_2025_01_29__02_20_06_HDR0_0_Mothbot_yolo11m_4500_imgsz1600_b1_2024-01-18.pt.jpg
,Animalia,Arthropoda,Insecta,Lepidoptera,,,,,,,Lepidoptera,Lepidoptera,Cerro_Hoya_Expedition_Hoya_1204m_lightPotoro_2025-01-26,lightPotoro_2025_01_29__02_21_06_HDR0_0_Mothbot_yolo11m_4500_imgsz1600_b1_2024-01-18.pt.jpg,HS,Mothbot_yolo11m_4500_imgsz1600_b1_2024-01-18.pt,0.8925922513008118,,lightPotoro,Cerro_Hoya_Expedition/Hoya_1204m_lightPotoro_2025-01-26/2025-01-28/patches/lightPotoro_2025_01_29__02_21_06_HDR0_0_Mothbot_yolo11m_4500_imgsz1600_b1_2024-01-18.pt.jpg,ORDER_Lepidoptera,2025-01-29,02:21:06,,2025_01_29__02_21_06,MachineObservation,Cerro_Hoya_Expedition_Hoya_1204m_lightPotoro_2025-01-26_2025-01-28,Cerro_Hoya_Expedition_Hoya_1204m_lightPotoro_2025-01-26,lightPotoro_2025_01_29__02_21_06_HDR0.jpg,lightPotoro_2025_01_29__02_21_06_HDR0_0_Mothbot_yolo11m_4500_imgsz1600_b1_2024-01-18.pt.jpg
,Animalia,Arthropoda,Insecta,Lepidoptera,,,,,,,Lepidoptera,Lepidoptera,Cerro_Hoya_Expedition_Hoya_1204m_lightPotoro_2025-01-26,lightPotoro_2025_01_29__02_22_23_HDR0_0_Mothbot_yolo11m_4500_imgsz1600_b1_2024-01-18.pt.jpg,HS,Mothbot_yolo11m_4500_imgsz1600_b1_2024-01-18.pt,0.8955283761024475,,lightPotoro,Cerro_Hoya_Expedition/Hoya_1204m_lightPotoro_2025-01-26/2025-01-28/patches/lightPotoro_2025_01_29__02_22_23_HDR0_0_Mothbot_yolo11m_4500_imgsz1600_b1_2024-01-18.pt.jpg,ORDER_Lepidoptera,2025-01-29,02:22:23,,2025_01_29__02_22_23,MachineObservation,Cerro_Hoya_Expedition_Hoya_1204m_lightPotoro_2025-01-26_2025-01-28,Cerro_Hoya_Expedition_Hoya_1204m_lightPotoro_2025-01-26,lightPotoro_2025_01_29__02_22_23_HDR0.jpg,lightPotoro_2025_01_29__02_22_23_HDR0_0_Mothbot_yolo11m_4500_imgsz1600_b1_2024-01-18.pt.jpg
,Animalia,Arthropoda,Insecta,Lepidoptera,,,,,,,Lepidoptera,Lepidoptera,Cerro_Hoya_Expedition_Hoya_1204m_lightPotoro_2025-01-26,lightPotoro_2025_01_29__02_23_06_HDR0_0_Mothbot_yolo11m_4500_imgsz1600_b1_2024-01-18.pt.jpg,HS,Mothbot_yolo11m_4500_imgsz1600_b1_2024-01-18.pt,0.9004693627357483,,lightPotoro,Cerro_Hoya_Expedition/Hoya_1204m_lightPotoro_2025-01-26/2025-01-28/patches/lightPotoro_2025_01_29__02_23_06_HDR0_0_Mothbot_yolo11m_4500_imgsz1600_b1_2024-01-18.pt.jpg,ORDER_Lepidoptera,2025-01-29,02:23:06,,2025_01_29__02_23_06,MachineObservation,Cerro_Hoya_Expedition_Hoya_1204m_lightPotoro_2025-01-26_2025-01-28,Cerro_Hoya_Expedition_Hoya_1204m_lightPotoro_2025-01-26,lightPotoro_2025_01_29__02_23_06_HDR0.jpg,lightPotoro_2025_01_29__02_23_06_HDR0_0_Mothbot_yolo11m_4500_imgsz1600_b1_2024-01-18.pt.jpg
,Animalia,Arthropoda,Insecta,Hemiptera,,,,,,,Hemiptera,Hemiptera,Cerro_Hoya_Expedition_Hoya_1204m_lightPotoro_2025-01-26,lightPotoro_2025_01_29__02_23_06_HDR0_1_Mothbot_yolo11m_4500_imgsz1600_b1_2024-01-18.pt.jpg,HS,Mothbot_yolo11m_4500_imgsz1600_b1_2024-01-18.pt,0.3670642077922821,,lightPotoro,Cerro_Hoya_Expedition/Hoya_1204m_lightPotoro_2025-01-26/2025-01-28/patches/lightPotoro_2025_01_29__02_23_06_HDR0_1_Mothbot_yolo11m_4500_imgsz1600_b1_2024-01-18.pt.jpg,ORDER_Hemiptera,2025-01-29,02:23:06,,2025_01_29__02_23_06,MachineObservation,Cerro_Hoya_Expedition_Hoya_1204m_lightPotoro_2025-01-26_2025-01-28,Cerro_Hoya_Expedition_Hoya_1204m_lightPotoro_2025-01-26,lightPotoro_2025_01_29__02_23_06_HDR0.jpg,lightPotoro_2025_01_29__02_23_06_HDR0_1_Mothbot_yolo11m_4500_imgsz1600_b1_2024-01-18.pt.jpg
,Animalia,Arthropoda,Insecta,Lepidoptera,,,,,,,Lepidoptera,Lepidoptera,Cerro_Hoya_Expedition_Hoya_1204m_lightPotoro_2025-01-26,lightPotoro_2025_01_29__02_24_06_HDR0_0_Mothbot_yolo11m_4500_imgsz1600_b1_2024-01-18.pt.jpg,HS,Mothbot_yolo11m_4500_imgsz1600_b1_2024-01-18.pt,0.9004523754119873,,lightPotoro,Cerro_Hoya_Expedition/Hoya_1204m_lightPotoro_2025-01-26/2025-01-28/patches/lightPotoro_2025_01_29__02_24_06_HDR0_0_Mothbot_yolo11m_4500_imgsz1600_b1_2024-01-18.pt.jpg,ORDER_Lepidoptera,2025-01-29,02:24:06,,2025_01_29__02_24_06,MachineObservation,Cerro_Hoya_Expedition_Hoya_1204m_lightPotoro_2025-01-26_2025-01-28,Cerro_Hoya_Expedition_Hoya_1204m_lightPotoro_2025-01-26,lightPotoro_2025_01_29__02_24_06_HDR0.jpg,lightPotoro_2025_01_29__02_24_06_HDR0_0_Mothbot_yolo11m_4500_imgsz1600_b1_2024-01-18.pt.jpg
,Animalia,Arthropoda,Insecta,Diptera,,,,,,,Diptera,Diptera,Cerro_Hoya_Expedition_Hoya_1204m_lightPotoro_2025-01-26,lightPotoro_2025_01_29__02_24_06_HDR0_1_Mothbot_yolo11m_4500_imgsz1600_b1_2024-01-18.pt.jpg,HS,Mothbot_yolo11m_4500_imgsz1600_b1_2024-01-18.pt,0.7262163162231445,,lightPotoro,Cerro_Hoya_Expedition/Hoya_1204m_lightPotoro_2025-01-26/2025-01-28/patches/lightPotoro_2025_01_29__02_24_06_HDR0_1_Mothbot_yolo11m_4500_imgsz1600_b1_2024-01-18.pt.jpg,ORDER_Diptera,2025-01-29,02:24:06,,2025_01_29__02_24_06,MachineObservation,Cerro_Hoya_Expedition_Hoya_1204m_lightPotoro_2025-01-26_2025-01-28,Cerro_Hoya_Expedition_Hoya_1204m_lightPotoro_2025-01-26,lightPotoro_2025_01_29__02_24_06_HDR0.jpg,lightPotoro_2025_01_29__02_24_06_HDR0_1_Mothbot_yolo11m_4500_imgsz1600_b1_2024-01-18.pt.jpg
,Animalia,Arthropoda,Insecta,Lepidoptera,,,,,,,Lepidoptera,Lepidoptera,Cerro_Hoya_Expedition_Hoya_1204m_lightPotoro_2025-01-26,lightPotoro_2025_01_29__02_25_06_HDR0_0_Mothbot_yolo11m_4500_imgsz1600_b1_2024-01-18.pt.jpg,HS,Mothbot_yolo11m_4500_imgsz1600_b1_2024-01-18.pt,0.88741534948349,,lightPotoro,Cerro_Hoya_Expedition/Hoya_1204m_lightPotoro_2025-01-26/2025-01-28/patches/lightPotoro_2025_01_29__02_25_06_HDR0_0_Mothbot_yolo11m_4500_imgsz1600_b1_2024-01-18.pt.jpg,ORDER_Lepidoptera,2025-01-29,02:25:06,,2025_01_29__02_25_06,MachineObservation,Cerro_Hoya_Expedition_Hoya_1204m_lightPotoro_2025-01-26_2025-01-28,Cerro_Hoya_Expedition_Hoya_1204m_lightPotoro_2025-01-26,lightPotoro_2025_01_29__02_25_06_HDR0.jpg,lightPotoro_2025_01_29__02_25_06_HDR0_0_Mothbot_yolo11m_4500_imgsz1600_b1_2024-01-18.pt.jpg
,Animalia,Arthropoda,Insecta,Lepidoptera,,,,,,,Lepidoptera,Lepidoptera,Cerro_Hoya_Expedition_Hoya_1204m_lightPotoro_2025-01-26,lightPotoro_2025_01_29__02_25_06_HDR0_1_Mothbot_yolo11m_4500_imgsz1600_b1_2024-01-18.pt.jpg,HS,Mothbot_yolo11m_4500_imgsz1600_b1_2024-01-18.pt,0.8300026059150696,,lightPotoro,Cerro_Hoya_Expedition/Hoya_1204m_lightPotoro_2025-01-26/2025-01-28/patches/lightPotoro_2025_01_29__02_25_06_HDR0_1_Mothbot_yolo11m_4500_imgsz1600_b1_2024-01-18.pt.jpg,ORDER_Lepidoptera,2025-01-29,02:25:06,,2025_01_29__02_25_06,MachineObservation,Cerro_Hoya_Expedition_Hoya_1204m_lightPotoro_2025-01-26_2025-01-28,Cerro_Hoya_Expedition_Hoya_1204m_lightPotoro_2025-01-26,lightPotoro_2025_01_29__02_25_06_HDR0.jpg,lightPotoro_2025_01_29__02_25_06_HDR0_1_Mothbot_yolo11m_4500_imgsz1600_b1_2024-01-18.pt.jpg
doi.org10.15468dl.6nxkw6.csv,Animalia,Arthropoda,Insecta,Lepidoptera,,,,,797,,Lepidoptera,Lepidoptera,Cerro_Hoya_Expedition_Hoya_1204m_lightPotoro_2025-01-26,lightPotoro_2025_01_29__02_25_06_HDR0_2_Mothbot_yolo11m_4500_imgsz1600_b1_2024-01-18.pt.jpg,HS,Mothbot_yolo11m_4500_imgsz1600_b1_2024-01-18.pt,0.4818630814552307,,lightPotoro,Cerro_Hoya_Expedition/Hoya_1204m_lightPotoro_2025-01-26/2025-01-28/patches/lightPotoro_2025_01_29__02_25_06_HDR0_2_Mothbot_yolo11m_4500_imgsz1600_b1_2024-01-18.pt.jpg,ERROR_wall,2025-01-29,02:25:06,,2025_01_29__02_25_06,MachineObservation,Cerro_Hoya_Expedition_Hoya_1204m_lightPotoro_2025-01-26_2025-01-28,Cerro_Hoya_Expedition_Hoya_1204m_lightPotoro_2025-01-26,lightPotoro_2025_01_29__02_25_06_HDR0.jpg,lightPotoro_2025_01_29__02_25_06_HDR0_2_Mothbot_yolo11m_4500_imgsz1600_b1_2024-01-18.pt.jpg
,,,,,,,,,,,,ERROR,Cerro_Hoya_Expedition_Hoya_1204m_lightPotoro_2025-01-26,lightPotoro_2025_01_29__02_25_06_HDR0_3_Mothbot_yolo11m_4500_imgsz1600_b1_2024-01-18.pt.jpg,HS,Mothbot_yolo11m_4500_imgsz1600_b1_2024-01-18.pt,0.33776381611824036,,lightPotoro,Cerro_Hoya_Expedition/Hoya_1204m_lightPotoro_2025-01-26/2025-01-28/patches/lightPotoro_2025_01_29__02_25_06_HDR0_3_Mothbot_yolo11m_4500_imgsz1600_b1_2024-01-18.pt.jpg,ORDER_Hymenoptera,2025-01-29,02:25:06,,2025_01_29__02_25_06,MachineObservation,Cerro_Hoya_Expedition_Hoya_1204m_lightPotoro_2025-01-26_2025-01-28,Cerro_Hoya_Expedition_Hoya_1204m_lightPotoro_2025-01-26,lightPotoro_2025_01_29__02_25_06_HDR0.jpg,lightPotoro_2025_01_29__02_25_06_HDR0_3_Mothbot_yolo11m_4500_imgsz1600_b1_2024-01-18.pt.jpg
,Animalia,Arthropoda,Insecta,Lepidoptera,,,,,,,Lepidoptera,Lepidoptera,Cerro_Hoya_Expedition_Hoya_1204m_lightPotoro_2025-01-26,lightPotoro_2025_01_29__02_25_06_HDR0_4_Mothbot_yolo11m_4500_imgsz1600_b1_2024-01-18.pt.jpg,HS,Mothbot_yolo11m_4500_imgsz1600_b1_2024-01-18.pt,0.32328298687934875,,lightPotoro,Cerro_Hoya_Expedition/Hoya_1204m_lightPotoro_2025-01-26/2025-01-28/patches/lightPotoro_2025_01_29__02_25_06_HDR0_4_Mothbot_yolo11m_4500_imgsz1600_b1_2024-01-18.pt.jpg,ORDER_Lepidoptera,2025-01-29,02:25:06,,2025_01_29__02_25_06,MachineObservation,Cerro_Hoya_Expedition_Hoya_1204m_lightPotoro_2025-01-26_2025-01-28,Cerro_Hoya_Expedition_Hoya_1204m_lightPotoro_2025-01-26,lightPotoro_2025_01_29__02_25_06_HDR0.jpg,lightPotoro_2025_01_29__02_25_06_HDR0_4_Mothbot_yolo11m_4500_imgsz1600_b1_2024-01-18.pt.jpg
,Animalia,Arthropoda,Insecta,Lepidoptera,,,,,,,Lepidoptera,Lepidoptera,Cerro_Hoya_Expedition_Hoya_1204m_lightPotoro_2025-01-26,lightPotoro_2025_01_29__02_26_06_HDR0_0_Mothbot_yolo11m_4500_imgsz1600_b1_2024-01-18.pt.jpg,HS,Mothbot_yolo11m_4500_imgsz1600_b1_2024-01-18.pt,0.9104874134063721,,lightPotoro,Cerro_Hoya_Expedition/Hoya_1204m_lightPotoro_2025-01-26/2025-01-28/patches/lightPotoro_2025_01_29__02_26_06_HDR0_0_Mothbot_yolo11m_4500_imgsz1600_b1_2024-01-18.pt.jpg,ORDER_Lepidoptera,2025-01-29,02:26:06,,2025_01_29__02_26_06,MachineObservation,Cerro_Hoya_Expedition_Hoya_1204m_lightPotoro_2025-01-26_2025-01-28,Cerro_Hoya_Expedition_Hoya_1204m_lightPotoro_2025-01-26,lightPotoro_2025_01_29__02_26_06_HDR0.jpg,lightPotoro_2025_01_29__02_26_06_HDR0_0_Mothbot_yolo11m_4500_imgsz1600_b1_2024-01-18.pt.jpg
,Animalia,Arthropoda,Insecta,Lepidoptera,,,,,,,Lepidoptera,Lepidoptera,Cerro_Hoya_Expedition_Hoya_1204m_lightPotoro_2025-01-26,lightPotoro_2025_01_29__02_26_06_HDR0_1_Mothbot_yolo11m_4500_imgsz1600_b1_2024-01-18.pt.jpg,HS,Mothbot_yolo11m_4500_imgsz1600_b1_2024-01-18.pt,0.8535857796669006,,lightPotoro,Cerro_Hoya_Expedition/Hoya_1204m_lightPotoro_2025-01-26/2025-01-28/patches/lightPotoro_2025_01_29__02_26_06_HDR0_1_Mothbot_yolo11m_4500_imgsz1600_b1_2024-01-18.pt.jpg,ORDER_Lepidoptera,2025-01-29,02:26:06,,2025_01_29__02_26_06,MachineObservation,Cerro_Hoya_Expedition_Hoya_1204m_lightPotoro_2025-01-26_2025-01-28,Cerro_Hoya_Expedition_Hoya_1204m_lightPotoro_2025-01-26,lightPotoro_2025_01_29__02_26_06_HDR0.jpg,lightPotoro_2025_01_29__02_26_06_HDR0_1_Mothbot_yolo11m_4500_imgsz1600_b1_2024-01-18.pt.jpg
,Animalia,Arthropoda,Insecta,Lepidoptera,,,,,,,Lepidoptera,Lepidoptera,Cerro_Hoya_Expedition_Hoya_1204m_lightPotoro_2025-01-26,lightPotoro_2025_01_29__02_27_05_HDR0_0_Mothbot_yolo11m_4500_imgsz1600_b1_2024-01-18.pt.jpg,HS,Mothbot_yolo11m_4500_imgsz1600_b1_2024-01-18.pt,0.9092397689819336,,lightPotoro,Cerro_Hoya_Expedition/Hoya_1204m_lightPotoro_2025-01-26/2025-01-28/patches/lightPotoro_2025_01_29__02_27_05_HDR0_0_Mothbot_yolo11m_4500_imgsz1600_b1_2024-01-18.pt.jpg,ORDER_Lepidoptera,2025-01-29,02:27:05,,2025_01_29__02_27_05,MachineObservation,Cerro_Hoya_Expedition_Hoya_1204m_lightPotoro_2025-01-26_2025-01-28,Cerro_Hoya_Expedition_Hoya_1204m_lightPotoro_2025-01-26,lightPotoro_2025_01_29__02_27_05_HDR0.jpg,lightPotoro_2025_01_29__02_27_05_HDR0_0_Mothbot_yolo11m_4500_imgsz1600_b1_2024-01-18.pt.jpg
,Animalia,Arthropoda,Insecta,Lepidoptera,,,,,,,Lepidoptera,Lepidoptera,Cerro_Hoya_Expedition_Hoya_1204m_lightPotoro_2025-01-26,lightPotoro_2025_01_29__02_27_05_HDR0_1_Mothbot_yolo11m_4500_imgsz1600_b1_2024-01-18.pt.jpg,HS,Mothbot_yolo11m_4500_imgsz1600_b1_2024-01-18.pt,0.8263546824455261,,lightPotoro,Cerro_Hoya_Expedition/Hoya_1204m_lightPotoro_2025-01-26/2025-01-28/patches/lightPotoro_2025_01_29__02_27_05_HDR0_1_Mothbot_yolo11m_4500_imgsz1600_b1_2024-01-18.pt.jpg,ORDER_Lepidoptera,2025-01-29,02:27:05,,2025_01_29__02_27_05,MachineObservation,Cerro_Hoya_Expedition_Hoya_1204m_lightPotoro_2025-01-26_2025-01-28,Cerro_Hoya_Expedition_Hoya_1204m_lightPotoro_2025-01-26,lightPotoro_2025_01_29__02_27_05_HDR0.jpg,lightPotoro_2025_01_29__02_27_05_HDR0_1_Mothbot_yolo11m_4500_imgsz1600_b1_2024-01-18.pt.jpg
,Animalia,Arthropoda,Insecta,Lepidoptera,,,,,,,Lepidoptera,Lepidoptera,Cerro_Hoya_Expedition_Hoya_1204m_lightPotoro_2025-01-26,lightPotoro_2025_01_29__02_28_05_HDR0_0_Mothbot_yolo11m_4500_imgsz1600_b1_2024-01-18.pt.jpg,HS,Mothbot_yolo11m_4500_imgsz1600_b1_2024-01-18.pt,0.9153264164924622,,lightPotoro,Cerro_Hoya_Expedition/Hoya_1204m_lightPotoro_2025-01-26/2025-01-28/patches/lightPotoro_2025_01_29__02_28_05_HDR0_0_Mothbot_yolo11m_4500_imgsz1600_b1_2024-01-18.pt.jpg,ORDER_Lepidoptera,2025-01-29,02:28:05,,2025_01_29__02_28_05,MachineObservation,Cerro_Hoya_Expedition_Hoya_1204m_lightPotoro_2025-01-26_2025-01-28,Cerro_Hoya_Expedition_Hoya_1204m_lightPotoro_2025-01-26,lightPotoro_2025_01_29__02_28_05_HDR0.jpg,lightPotoro_2025_01_29__02_28_05_HDR0_0_Mothbot_yolo11m_4500_imgsz1600_b1_2024-01-18.pt.jpg
,Animalia,Arthropoda,Insecta,Lepidoptera,,,,,,,Lepidoptera,Lepidoptera,Cerro_Hoya_Expedition_Hoya_1204m_lightPotoro_2025-01-26,lightPotoro_2025_01_29__02_28_05_HDR0_1_Mothbot_yolo11m_4500_imgsz1600_b1_2024-01-18.pt.jpg,HS,Mothbot_yolo11m_4500_imgsz1600_b1_2024-01-18.pt,0.8216491937637329,,lightPotoro,Cerro_Hoya_Expedition/Hoya_1204m_lightPotoro_2025-01-26/2025-01-28/patches/lightPotoro_2025_01_29__02_28_05_HDR0_1_Mothbot_yolo11m_4500_imgsz1600_b1_2024-01-18.pt.jpg,ORDER_Lepidoptera,2025-01-29,02:28:05,,2025_01_29__02_28_05,MachineObservation,Cerro_Hoya_Expedition_Hoya_1204m_lightPotoro_2025-01-26_2025-01-28,Cerro_Hoya_Expedition_Hoya_1204m_lightPotoro_2025-01-26,lightPotoro_2025_01_29__02_28_05_HDR0.jpg,lightPotoro_2025_01_29__02_28_05_HDR0_1_Mothbot_yolo11m_4500_imgsz1600_b1_2024-01-18.pt.jpg
doi.org10.15468dl.6nxkw6.csv,Animalia,Arthropoda,Insecta,Hemiptera,,,,,,,Hemiptera,Hemiptera,Cerro_Hoya_Expedition_Hoya_1204m_lightPotoro_2025-01-26,lightPotoro_2025_01_29__02_28_05_HDR0_2_Mothbot_yolo11m_4500_imgsz1600_b1_2024-01-18.pt.jpg,HS,Mothbot_yolo11m_4500_imgsz1600_b1_2024-01-18.pt,0.4623163342475891,,lightPotoro,Cerro_Hoya_Expedition/Hoya_1204m_lightPotoro_2025-01-26/2025-01-28/patches/lightPotoro_2025_01_29__02_28_05_HDR0_2_Mothbot_yolo11m_4500_imgsz1600_b1_2024-01-18.pt.jpg,ORDER_Psocodea,2025-01-29,02:28:05,,2025_01_29__02_28_05,MachineObservation,Cerro_Hoya_Expedition_Hoya_1204m_lightPotoro_2025-01-26_2025-01-28,Cerro_Hoya_Expedition_Hoya_1204m_lightPotoro_2025-01-26,lightPotoro_2025_01_29__02_28_05_HDR0.jpg,lightPotoro_2025_01_29__02_28_05_HDR0_2_Mothbot_yolo11m_4500_imgsz1600_b1_2024-01-18.pt.jpg
,Animalia,Arthropoda,Insecta,Lepidoptera,,,,,,,Lepidoptera,Lepidoptera,Cerro_Hoya_Expedition_Hoya_1204m_lightPotoro_2025-01-26,lightPotoro_2025_01_29__02_29_22_HDR0_0_Mothbot_yolo11m_4500_imgsz1600_b1_2024-01-18.pt.jpg,HS,Mothbot_yolo11m_4500_imgsz1600_b1_2024-01-18.pt,0.9139814972877502,,lightPotoro,Cerro_Hoya_Expedition/Hoya_1204m_lightPotoro_2025-01-26/2025-01-28/patches/lightPotoro_2025_01_29__02_29_22_HDR0_0_Mothbot_yolo11m_4500_imgsz1600_b1_2024-01-18.pt.jpg,ORDER_Lepidoptera,2025-01-29,02:29:22,,2025_01_29__02_29_22,MachineObservation,Cerro_Hoya_Expedition_Hoya_1204m_lightPotoro_2025-01-26_2025-01-28,Cerro_Hoya_Expedition_Hoya_1204m_lightPotoro_2025-01-26,lightPotoro_2025_01_29__02_29_22_HDR0.jpg,lightPotoro_2025_01_29__02_29_22_HDR0_0_Mothbot_yolo11m_4500_imgsz1600_b1_2024-01-18.pt.jpg
,Animalia,Arthropoda,Insecta,Lepidoptera,,,,,,,Lepidoptera,Lepidoptera,Cerro_Hoya_Expedition_Hoya_1204m_lightPotoro_2025-01-26,lightPotoro_2025_01_29__02_29_22_HDR0_1_Mothbot_yolo11m_4500_imgsz1600_b1_2024-01-18.pt.jpg,HS,Mothbot_yolo11m_4500_imgsz1600_b1_2024-01-18.pt,0.8217992782592773,,lightPotoro,Cerro_Hoya_Expedition/Hoya_1204m_lightPotoro_2025-01-26/2025-01-28/patches/lightPotoro_2025_01_29__02_29_22_HDR0_1_Mothbot_yolo11m_4500_imgsz1600_b1_2024-01-18.pt.jpg,ORDER_Lepidoptera,2025-01-29,02:29:22,,2025_01_29__02_29_22,MachineObservation,Cerro_Hoya_Expedition_Hoya_1204m_lightPotoro_2025-01-26_2025-01-28,Cerro_Hoya_Expedition_Hoya_1204m_lightPotoro_2025-01-26,lightPotoro_2025_01_29__02_29_22_HDR0.jpg,lightPotoro_2025_01_29__02_29_22_HDR0_1_Mothbot_yolo11m_4500_imgsz1600_b1_2024-01-18.pt.jpg
doi.org10.15468dl.6nxkw6.csv,Animalia,Arthropoda,Insecta,Hemiptera,,,,,,,Hemiptera,Hemiptera,Cerro_Hoya_Expedition_Hoya_1204m_lightPotoro_2025-01-26,lightPotoro_2025_01_29__02_29_22_HDR0_2_Mothbot_yolo11m_4500_imgsz1600_b1_2024-01-18.pt.jpg,HS,Mothbot_yolo11m_4500_imgsz1600_b1_2024-01-18.pt,0.7967263460159302,,lightPotoro,Cerro_Hoya_Expedition/Hoya_1204m_lightPotoro_2025-01-26/2025-01-28/patches/lightPotoro_2025_01_29__02_29_22_HDR0_2_Mothbot_yolo11m_4500_imgsz1600_b1_2024-01-18.pt.jpg,ORDER_Psocodea,2025-01-29,02:29:22,,2025_01_29__02_29_22,MachineObservation,Cerro_Hoya_Expedition_Hoya_1204m_lightPotoro_2025-01-26_2025-01-28,Cerro_Hoya_Expedition_Hoya_1204m_lightPotoro_2025-01-26,lightPotoro_2025_01_29__02_29_22_HDR0.jpg,lightPotoro_2025_01_29__02_29_22_HDR0_2_Mothbot_yolo11m_4500_imgsz1600_b1_2024-01-18.pt.jpg
,Animalia,Arthropoda,Insecta,Lepidoptera,,,,,,,Lepidoptera,Lepidoptera,Cerro_Hoya_Expedition_Hoya_1204m_lightPotoro_2025-01-26,lightPotoro_2025_01_29__02_30_06_HDR0_0_Mothbot_yolo11m_4500_imgsz1600_b1_2024-01-18.pt.jpg,HS,Mothbot_yolo11m_4500_imgsz1600_b1_2024-01-18.pt,0.9142749309539795,,lightPotoro,Cerro_Hoya_Expedition/Hoya_1204m_lightPotoro_2025-01-26/2025-01-28/patches/lightPotoro_2025_01_29__02_30_06_HDR0_0_Mothbot_yolo11m_4500_imgsz1600_b1_2024-01-18.pt.jpg,ORDER_Lepidoptera,2025-01-29,02:30:06,,2025_01_29__02_30_06,MachineObservation,Cerro_Hoya_Expedition_Hoya_1204m_lightPotoro_2025-01-26_2025-01-28,Cerro_Hoya_Expedition_Hoya_1204m_lightPotoro_2025-01-26,lightPotoro_2025_01_29__02_30_06_HDR0.jpg,lightPotoro_2025_01_29__02_30_06_HDR0_0_Mothbot_yolo11m_4500_imgsz1600_b1_2024-01-18.pt.jpg
,Animalia,Arthropoda,Insecta,Lepidoptera,,,,,,,Lepidoptera,Lepidoptera,Cerro_Hoya_Expedition_Hoya_1204m_lightPotoro_2025-01-26,lightPotoro_2025_01_29__02_30_06_HDR0_1_Mothbot_yolo11m_4500_imgsz1600_b1_2024-01-18.pt.jpg,HS,Mothbot_yolo11m_4500_imgsz1600_b1_2024-01-18.pt,0.8254031538963318,,lightPotoro,Cerro_Hoya_Expedition/Hoya_1204m_lightPotoro_2025-01-26/2025-01-28/patches/lightPotoro_2025_01_29__02_30_06_HDR0_1_Mothbot_yolo11m_4500_imgsz1600_b1_2024-01-18.pt.jpg,ORDER_Lepidoptera,2025-01-29,02:30:06,,2025_01_29__02_30_06,MachineObservation,Cerro_Hoya_Expedition_Hoya_1204m_lightPotoro_2025-01-26_2025-01-28,Cerro_Hoya_Expedition_Hoya_1204m_lightPotoro_2025-01-26,lightPotoro_2025_01_29__02_30_06_HDR0.jpg,lightPotoro_2025_01_29__02_30_06_HDR0_1_Mothbot_yolo11m_4500_imgsz1600_b1_2024-01-18.pt.jpg
doi.org10.15468dl.6nxkw6.csv,Animalia,Arthropoda,Insecta,Hemiptera,,,,,,,Hemiptera,Hemiptera,Cerro_Hoya_Expedition_Hoya_1204m_lightPotoro_2025-01-26,lightPotoro_2025_01_29__02_30_06_HDR0_2_Mothbot_yolo11m_4500_imgsz1600_b1_2024-01-18.pt.jpg,HS,Mothbot_yolo11m_4500_imgsz1600_b1_2024-01-18.pt,0.7727584838867188,,lightPotoro,Cerro_Hoya_Expedition/Hoya_1204m_lightPotoro_2025-01-26/2025-01-28/patches/lightPotoro_2025_01_29__02_30_06_HDR0_2_Mothbot_yolo11m_4500_imgsz1600_b1_2024-01-18.pt.jpg,ORDER_Diptera,2025-01-29,02:30:06,,2025_01_29__02_30_06,MachineObservation,Cerro_Hoya_Expedition_Hoya_1204m_lightPotoro_2025-01-26_2025-01-28,Cerro_Hoya_Expedition_Hoya_1204m_lightPotoro_2025-01-26,lightPotoro_2025_01_29__02_30_06_HDR0.jpg,lightPotoro_2025_01_29__02_30_06_HDR0_2_Mothbot_yolo11m_4500_imgsz1600_b1_2024-01-18.pt.jpg
,Animalia,Arthropoda,Insecta,Lepidoptera,,,,,,,Lepidoptera,Lepidoptera,Cerro_Hoya_Expedition_Hoya_1204m_lightPotoro_2025-01-26,lightPotoro_2025_01_29__02_31_05_HDR0_0_Mothbot_yolo11m_4500_imgsz1600_b1_2024-01-18.pt.jpg,HS,Mothbot_yolo11m_4500_imgsz1600_b1_2024-01-18.pt,0.9167619347572327,,lightPotoro,Cerro_Hoya_Expedition/Hoya_1204m_lightPotoro_2025-01-26/2025-01-28/patches/lightPotoro_2025_01_29__02_31_05_HDR0_0_Mothbot_yolo11m_4500_imgsz1600_b1_2024-01-18.pt.jpg,ORDER_Lepidoptera,2025-01-29,02:31:05,,2025_01_29__02_31_05,MachineObservation,Cerro_Hoya_Expedition_Hoya_1204m_lightPotoro_2025-01-26_2025-01-28,Cerro_Hoya_Expedition_Hoya_1204m_lightPotoro_2025-01-26,lightPotoro_2025_01_29__02_31_05_HDR0.jpg,lightPotoro_2025_01_29__02_31_05_HDR0_0_Mothbot_yolo11m_4500_imgsz1600_b1_2024-01-18.pt.jpg
,Animalia,Arthropoda,Insecta,Lepidoptera,,,,,,,Lepidoptera,Lepidoptera,Cerro_Hoya_Expedition_Hoya_1204m_lightPotoro_2025-01-26,lightPotoro_2025_01_29__02_31_05_HDR0_1_Mothbot_yolo11m_4500_imgsz1600_b1_2024-01-18.pt.jpg,HS,Mothbot_yolo11m_4500_imgsz1600_b1_2024-01-18.pt,0.837234377861023,,lightPotoro,Cerro_Hoya_Expedition/Hoya_1204m_lightPotoro_2025-01-26/2025-01-28/patches/lightPotoro_2025_01_29__02_31_05_HDR0_1_Mothbot_yolo11m_4500_imgsz1600_b1_2024-01-18.pt.jpg,ORDER_Lepidoptera,2025-01-29,02:31:05,,2025_01_29__02_31_05,MachineObservation,Cerro_Hoya_Expedition_Hoya_1204m_lightPotoro_2025-01-26_2025-01-28,Cerro_Hoya_Expedition_Hoya_1204m_lightPotoro_2025-01-26,lightPotoro_2025_01_29__02_31_05_HDR0.jpg,lightPotoro_2025_01_29__02_31_05_HDR0_1_Mothbot_yolo11m_4500_imgsz1600_b1_2024-01-18.pt.jpg
doi.org10.15468dl.6nxkw6.csv,Animalia,Arthropoda,Insecta,Psocodea,,,,,7612838,,Psocodea,Psocodea,Cerro_Hoya_Expedition_Hoya_1204m_lightPotoro_2025-01-26,lightPotoro_2025_01_29__02_31_05_HDR0_2_Mothbot_yolo11m_4500_imgsz1600_b1_2024-01-18.pt.jpg,HS,Mothbot_yolo11m_4500_imgsz1600_b1_2024-01-18.pt,0.586553156375885,,lightPotoro,Cerro_Hoya_Expedition/Hoya_1204m_lightPotoro_2025-01-26/2025-01-28/patches/lightPotoro_2025_01_29__02_31_05_HDR0_2_Mothbot_yolo11m_4500_imgsz1600_b1_2024-01-18.pt.jpg,ORDER_Hymenoptera,2025-01-29,02:31:05,,2025_01_29__02_31_05,MachineObservation,Cerro_Hoya_Expedition_Hoya_1204m_lightPotoro_2025-01-26_2025-01-28,Cerro_Hoya_Expedition_Hoya_1204m_lightPotoro_2025-01-26,lightPotoro_2025_01_29__02_31_05_HDR0.jpg,lightPotoro_2025_01_29__02_31_05_HDR0_2_Mothbot_yolo11m_4500_imgsz1600_b1_2024-01-18.pt.jpg
,Animalia,Arthropoda,Insecta,Diptera,,,,,,,Diptera,Diptera,Cerro_Hoya_Expedition_Hoya_1204m_lightPotoro_2025-01-26,lightPotoro_2025_01_29__02_31_05_HDR0_3_Mothbot_yolo11m_4500_imgsz1600_b1_2024-01-18.pt.jpg,HS,Mothbot_yolo11m_4500_imgsz1600_b1_2024-01-18.pt,0.4759572148323059,,lightPotoro,Cerro_Hoya_Expedition/Hoya_1204m_lightPotoro_2025-01-26/2025-01-28/patches/lightPotoro_2025_01_29__02_31_05_HDR0_3_Mothbot_yolo11m_4500_imgsz1600_b1_2024-01-18.pt.jpg,ORDER_Diptera,2025-01-29,02:31:05,,2025_01_29__02_31_05,MachineObservation,Cerro_Hoya_Expedition_Hoya_1204m_lightPotoro_2025-01-26_2025-01-28,Cerro_Hoya_Expedition_Hoya_1204m_lightPotoro_2025-01-26,lightPotoro_2025_01_29__02_31_05_HDR0.jpg,lightPotoro_2025_01_29__02_31_05_HDR0_3_Mothbot_yolo11m_4500_imgsz1600_b1_2024-01-18.pt.jpg
,Animalia,Arthropoda,Insecta,Diptera,,,,,,,Diptera,Diptera,Cerro_Hoya_Expedition_Hoya_1204m_lightPotoro_2025-01-26,lightPotoro_2025_01_29__02_31_05_HDR0_4_Mothbot_yolo11m_4500_imgsz1600_b1_2024-01-18.pt.jpg,HS,Mothbot_yolo11m_4500_imgsz1600_b1_2024-01-18.pt,0.4530061185359955,,lightPotoro,Cerro_Hoya_Expedition/Hoya_1204m_lightPotoro_2025-01-26/2025-01-28/patches/lightPotoro_2025_01_29__02_31_05_HDR0_4_Mothbot_yolo11m_4500_imgsz1600_b1_2024-01-18.pt.jpg,ORDER_Diptera,2025-01-29,02:31:05,,2025_01_29__02_31_05,MachineObservation,Cerro_Hoya_Expedition_Hoya_1204m_lightPotoro_2025-01-26_2025-01-28,Cerro_Hoya_Expedition_Hoya_1204m_lightPotoro_2025-01-26,lightPotoro_2025_01_29__02_31_05_HDR0.jpg,lightPotoro_2025_01_29__02_31_05_HDR0_4_Mothbot_yolo11m_4500_imgsz1600_b1_2024-01-18.pt.jpg
,Animalia,Arthropoda,Insecta,Lepidoptera,,,,,,,Lepidoptera,Lepidoptera,Cerro_Hoya_Expedition_Hoya_1204m_lightPotoro_2025-01-26,lightPotoro_2025_01_29__02_32_06_HDR0_0_Mothbot_yolo11m_4500_imgsz1600_b1_2024-01-18.pt.jpg,HS,Mothbot_yolo11m_4500_imgsz1600_b1_2024-01-18.pt,0.9088853001594543,,lightPotoro,Cerro_Hoya_Expedition/Hoya_1204m_lightPotoro_2025-01-26/2025-01-28/patches/lightPotoro_2025_01_29__02_32_06_HDR0_0_Mothbot_yolo11m_4500_imgsz1600_b1_2024-01-18.pt.jpg,ORDER_Lepidoptera,2025-01-29,02:32:06,,2025_01_29__02_32_06,MachineObservation,Cerro_Hoya_Expedition_Hoya_1204m_lightPotoro_2025-01-26_2025-01-28,Cerro_Hoya_Expedition_Hoya_1204m_lightPotoro_2025-01-26,lightPotoro_2025_01_29__02_32_06_HDR0.jpg,lightPotoro_2025_01_29__02_32_06_HDR0_0_Mothbot_yolo11m_4500_imgsz1600_b1_2024-01-18.pt.jpg
,Animalia,Arthropoda,Insecta,Lepidoptera,,,,,,,Lepidoptera,Lepidoptera,Cerro_Hoya_Expedition_Hoya_1204m_lightPotoro_2025-01-26,lightPotoro_2025_01_29__02_32_06_HDR0_1_Mothbot_yolo11m_4500_imgsz1600_b1_2024-01-18.pt.jpg,HS,Mothbot_yolo11m_4500_imgsz1600_b1_2024-01-18.pt,0.8304376006126404,,lightPotoro,Cerro_Hoya_Expedition/Hoya_1204m_lightPotoro_2025-01-26/2025-01-28/patches/lightPotoro_2025_01_29__02_32_06_HDR0_1_Mothbot_yolo11m_4500_imgsz1600_b1_2024-01-18.pt.jpg,ORDER_Lepidoptera,2025-01-29,02:32:06,,2025_01_29__02_32_06,MachineObservation,Cerro_Hoya_Expedition_Hoya_1204m_lightPotoro_2025-01-26_2025-01-28,Cerro_Hoya_Expedition_Hoya_1204m_lightPotoro_2025-01-26,lightPotoro_2025_01_29__02_32_06_HDR0.jpg,lightPotoro_2025_01_29__02_32_06_HDR0_1_Mothbot_yolo11m_4500_imgsz1600_b1_2024-01-18.pt.jpg
,Animalia,Arthropoda,Insecta,Hemiptera,,,,,,,Hemiptera,Hemiptera,Cerro_Hoya_Expedition_Hoya_1204m_lightPotoro_2025-01-26,lightPotoro_2025_01_29__02_32_06_HDR0_2_Mothbot_yolo11m_4500_imgsz1600_b1_2024-01-18.pt.jpg,HS,Mothbot_yolo11m_4500_imgsz1600_b1_2024-01-18.pt,0.7252037525177002,,lightPotoro,Cerro_Hoya_Expedition/Hoya_1204m_lightPotoro_2025-01-26/2025-01-28/patches/lightPotoro_2025_01_29__02_32_06_HDR0_2_Mothbot_yolo11m_4500_imgsz1600_b1_2024-01-18.pt.jpg,ORDER_Hemiptera,2025-01-29,02:32:06,,2025_01_29__02_32_06,MachineObservation,Cerro_Hoya_Expedition_Hoya_1204m_lightPotoro_2025-01-26_2025-01-28,Cerro_Hoya_Expedition_Hoya_1204m_lightPotoro_2025-01-26,lightPotoro_2025_01_29__02_32_06_HDR0.jpg,lightPotoro_2025_01_29__02_32_06_HDR0_2_Mothbot_yolo11m_4500_imgsz1600_b1_2024-01-18.pt.jpg
,Animalia,Arthropoda,Insecta,Diptera,,,,,,,Diptera,Diptera,Cerro_Hoya_Expedition_Hoya_1204m_lightPotoro_2025-01-26,lightPotoro_2025_01_29__02_32_06_HDR0_3_Mothbot_yolo11m_4500_imgsz1600_b1_2024-01-18.pt.jpg,HS,Mothbot_yolo11m_4500_imgsz1600_b1_2024-01-18.pt,0.6228038668632507,,lightPotoro,Cerro_Hoya_Expedition/Hoya_1204m_lightPotoro_2025-01-26/2025-01-28/patches/lightPotoro_2025_01_29__02_32_06_HDR0_3_Mothbot_yolo11m_4500_imgsz1600_b1_2024-01-18.pt.jpg,ORDER_Diptera,2025-01-29,02:32:06,,2025_01_29__02_32_06,MachineObservation,Cerro_Hoya_Expedition_Hoya_1204m_lightPotoro_2025-01-26_2025-01-28,Cerro_Hoya_Expedition_Hoya_1204m_lightPotoro_2025-01-26,lightPotoro_2025_01_29__02_32_06_HDR0.jpg,lightPotoro_2025_01_29__02_32_06_HDR0_3_Mothbot_yolo11m_4500_imgsz1600_b1_2024-01-18.pt.jpg
,Animalia,Arthropoda,Insecta,Lepidoptera,,,,,,,Lepidoptera,Lepidoptera,Cerro_Hoya_Expedition_Hoya_1204m_lightPotoro_2025-01-26,lightPotoro_2025_01_29__02_33_06_HDR0_0_Mothbot_yolo11m_4500_imgsz1600_b1_2024-01-18.pt.jpg,HS,Mothbot_yolo11m_4500_imgsz1600_b1_2024-01-18.pt,0.9136781692504883,,lightPotoro,Cerro_Hoya_Expedition/Hoya_1204m_lightPotoro_2025-01-26/2025-01-28/patches/lightPotoro_2025_01_29__02_33_06_HDR0_0_Mothbot_yolo11m_4500_imgsz1600_b1_2024-01-18.pt.jpg,ORDER_Lepidoptera,2025-01-29,02:33:06,,2025_01_29__02_33_06,MachineObservation,Cerro_Hoya_Expedition_Hoya_1204m_lightPotoro_2025-01-26_2025-01-28,Cerro_Hoya_Expedition_Hoya_1204m_lightPotoro_2025-01-26,lightPotoro_2025_01_29__02_33_06_HDR0.jpg,lightPotoro_2025_01_29__02_33_06_HDR0_0_Mothbot_yolo11m_4500_imgsz1600_b1_2024-01-18.pt.jpg
,Animalia,Arthropoda,Insecta,Lepidoptera,,,,,,,Lepidoptera,Lepidoptera,Cerro_Hoya_Expedition_Hoya_1204m_lightPotoro_2025-01-26,lightPotoro_2025_01_29__02_33_06_HDR0_1_Mothbot_yolo11m_4500_imgsz1600_b1_2024-01-18.pt.jpg,HS,Mothbot_yolo11m_4500_imgsz1600_b1_2024-01-18.pt,0.8313613533973694,,lightPotoro,Cerro_Hoya_Expedition/Hoya_1204m_lightPotoro_2025-01-26/2025-01-28/patches/lightPotoro_2025_01_29__02_33_06_HDR0_1_Mothbot_yolo11m_4500_imgsz1600_b1_2024-01-18.pt.jpg,ORDER_Lepidoptera,2025-01-29,02:33:06,,2025_01_29__02_33_06,MachineObservation,Cerro_Hoya_Expedition_Hoya_1204m_lightPotoro_2025-01-26_2025-01-28,Cerro_Hoya_Expedition_Hoya_1204m_lightPotoro_2025-01-26,lightPotoro_2025_01_29__02_33_06_HDR0.jpg,lightPotoro_2025_01_29__02_33_06_HDR0_1_Mothbot_yolo11m_4500_imgsz1600_b1_2024-01-18.pt.jpg
doi.org10.15468dl.6nxkw6.csv,Animalia,Arthropoda,Insecta,Coleoptera,Chrysomelidae,Diabrotica,,Diabrotica1,1048495,,Diabrotica,Diabrotica1,Cerro_Hoya_Expedition_Hoya_1204m_lightPotoro_2025-01-26,lightPotoro_2025_01_29__02_33_06_HDR0_2_Mothbot_yolo11m_4500_imgsz1600_b1_2024-01-18.pt.jpg,HS,Mothbot_yolo11m_4500_imgsz1600_b1_2024-01-18.pt,0.800139844417572,,lightPotoro,Cerro_Hoya_Expedition/Hoya_1204m_lightPotoro_2025-01-26/2025-01-28/patches/lightPotoro_2025_01_29__02_33_06_HDR0_2_Mothbot_yolo11m_4500_imgsz1600_b1_2024-01-18.pt.jpg,ORDER_Coleoptera,2025-01-29,02:33:06,,2025_01_29__02_33_06,MachineObservation,Cerro_Hoya_Expedition_Hoya_1204m_lightPotoro_2025-01-26_2025-01-28,Cerro_Hoya_Expedition_Hoya_1204m_lightPotoro_2025-01-26,lightPotoro_2025_01_29__02_33_06_HDR0.jpg,lightPotoro_2025_01_29__02_33_06_HDR0_2_Mothbot_yolo11m_4500_imgsz1600_b1_2024-01-18.pt.jpg
,Animalia,Arthropoda,Insecta,Hemiptera,,,,,,,Hemiptera,Hemiptera,Cerro_Hoya_Expedition_Hoya_1204m_lightPotoro_2025-01-26,lightPotoro_2025_01_29__02_33_06_HDR0_3_Mothbot_yolo11m_4500_imgsz1600_b1_2024-01-18.pt.jpg,HS,Mothbot_yolo11m_4500_imgsz1600_b1_2024-01-18.pt,0.7239350080490112,,lightPotoro,Cerro_Hoya_Expedition/Hoya_1204m_lightPotoro_2025-01-26/2025-01-28/patches/lightPotoro_2025_01_29__02_33_06_HDR0_3_Mothbot_yolo11m_4500_imgsz1600_b1_2024-01-18.pt.jpg,ORDER_Hemiptera,2025-01-29,02:33:06,,2025_01_29__02_33_06,MachineObservation,Cerro_Hoya_Expedition_Hoya_1204m_lightPotoro_2025-01-26_2025-01-28,Cerro_Hoya_Expedition_Hoya_1204m_lightPotoro_2025-01-26,lightPotoro_2025_01_29__02_33_06_HDR0.jpg,lightPotoro_2025_01_29__02_33_06_HDR0_3_Mothbot_yolo11m_4500_imgsz1600_b1_2024-01-18.pt.jpg
,Animalia,Arthropoda,Insecta,Diptera,,,,,,,Diptera,Diptera,Cerro_Hoya_Expedition_Hoya_1204m_lightPotoro_2025-01-26,lightPotoro_2025_01_29__02_33_06_HDR0_4_Mothbot_yolo11m_4500_imgsz1600_b1_2024-01-18.pt.jpg,HS,Mothbot_yolo11m_4500_imgsz1600_b1_2024-01-18.pt,0.6826555728912354,,lightPotoro,Cerro_Hoya_Expedition/Hoya_1204m_lightPotoro_2025-01-26/2025-01-28/patches/lightPotoro_2025_01_29__02_33_06_HDR0_4_Mothbot_yolo11m_4500_imgsz1600_b1_2024-01-18.pt.jpg,ORDER_Diptera,2025-01-29,02:33:06,,2025_01_29__02_33_06,MachineObservation,Cerro_Hoya_Expedition_Hoya_1204m_lightPotoro_2025-01-26_2025-01-28,Cerro_Hoya_Expedition_Hoya_1204m_lightPotoro_2025-01-26,lightPotoro_2025_01_29__02_33_06_HDR0.jpg,lightPotoro_2025_01_29__02_33_06_HDR0_4_Mothbot_yolo11m_4500_imgsz1600_b1_2024-01-18.pt.jpg
doi.org10.15468dl.6nxkw6.csv,Animalia,Arthropoda,Insecta,Hemiptera,,,,,,,Hemiptera,Hemiptera,Cerro_Hoya_Expedition_Hoya_1204m_lightPotoro_2025-01-26,lightPotoro_2025_01_29__02_33_06_HDR0_5_Mothbot_yolo11m_4500_imgsz1600_b1_2024-01-18.pt.jpg,HS,Mothbot_yolo11m_4500_imgsz1600_b1_2024-01-18.pt,0.5375458002090454,,lightPotoro,Cerro_Hoya_Expedition/Hoya_1204m_lightPotoro_2025-01-26/2025-01-28/patches/lightPotoro_2025_01_29__02_33_06_HDR0_5_Mothbot_yolo11m_4500_imgsz1600_b1_2024-01-18.pt.jpg,ORDER_Psocodea,2025-01-29,02:33:06,,2025_01_29__02_33_06,MachineObservation,Cerro_Hoya_Expedition_Hoya_1204m_lightPotoro_2025-01-26_2025-01-28,Cerro_Hoya_Expedition_Hoya_1204m_lightPotoro_2025-01-26,lightPotoro_2025_01_29__02_33_06_HDR0.jpg,lightPotoro_2025_01_29__02_33_06_HDR0_5_Mothbot_yolo11m_4500_imgsz1600_b1_2024-01-18.pt.jpg
doi.org10.15468dl.6nxkw6.csv,Animalia,Arthropoda,Insecta,,,,,,216,,Insecta,Insecta,Cerro_Hoya_Expedition_Hoya_1204m_lightPotoro_2025-01-26,lightPotoro_2025_01_29__02_33_06_HDR0_6_Mothbot_yolo11m_4500_imgsz1600_b1_2024-01-18.pt.jpg,HS,Mothbot_yolo11m_4500_imgsz1600_b1_2024-01-18.pt,0.35450291633605957,,lightPotoro,Cerro_Hoya_Expedition/Hoya_1204m_lightPotoro_2025-01-26/2025-01-28/patches/lightPotoro_2025_01_29__02_33_06_HDR0_6_Mothbot_yolo11m_4500_imgsz1600_b1_2024-01-18.pt.jpg,ORDER_Hemiptera,2025-01-29,02:33:06,,2025_01_29__02_33_06,MachineObservation,Cerro_Hoya_Expedition_Hoya_1204m_lightPotoro_2025-01-26_2025-01-28,Cerro_Hoya_Expedition_Hoya_1204m_lightPotoro_2025-01-26,lightPotoro_2025_01_29__02_33_06_HDR0.jpg,lightPotoro_2025_01_29__02_33_06_HDR0_6_Mothbot_yolo11m_4500_imgsz1600_b1_2024-01-18.pt.jpg
,Animalia,Arthropoda,Insecta,Lepidoptera,,,,,,,Lepidoptera,Lepidoptera,Cerro_Hoya_Expedition_Hoya_1204m_lightPotoro_2025-01-26,lightPotoro_2025_01_29__02_34_06_HDR0_0_Mothbot_yolo11m_4500_imgsz1600_b1_2024-01-18.pt.jpg,HS,Mothbot_yolo11m_4500_imgsz1600_b1_2024-01-18.pt,0.910285234451294,,lightPotoro,Cerro_Hoya_Expedition/Hoya_1204m_lightPotoro_2025-01-26/2025-01-28/patches/lightPotoro_2025_01_29__02_34_06_HDR0_0_Mothbot_yolo11m_4500_imgsz1600_b1_2024-01-18.pt.jpg,ORDER_Lepidoptera,2025-01-29,02:34:06,,2025_01_29__02_34_06,MachineObservation,Cerro_Hoya_Expedition_Hoya_1204m_lightPotoro_2025-01-26_2025-01-28,Cerro_Hoya_Expedition_Hoya_1204m_lightPotoro_2025-01-26,lightPotoro_2025_01_29__02_34_06_HDR0.jpg,lightPotoro_2025_01_29__02_34_06_HDR0_0_Mothbot_yolo11m_4500_imgsz1600_b1_2024-01-18.pt.jpg
,Animalia,Arthropoda,Insecta,Lepidoptera,,,,,,,Lepidoptera,Lepidoptera,Cerro_Hoya_Expedition_Hoya_1204m_lightPotoro_2025-01-26,lightPotoro_2025_01_29__02_34_06_HDR0_1_Mothbot_yolo11m_4500_imgsz1600_b1_2024-01-18.pt.jpg,HS,Mothbot_yolo11m_4500_imgsz1600_b1_2024-01-18.pt,0.8360294103622437,,lightPotoro,Cerro_Hoya_Expedition/Hoya_1204m_lightPotoro_2025-01-26/2025-01-28/patches/lightPotoro_2025_01_29__02_34_06_HDR0_1_Mothbot_yolo11m_4500_imgsz1600_b1_2024-01-18.pt.jpg,ORDER_Lepidoptera,2025-01-29,02:34:06,,2025_01_29__02_34_06,MachineObservation,Cerro_Hoya_Expedition_Hoya_1204m_lightPotoro_2025-01-26_2025-01-28,Cerro_Hoya_Expedition_Hoya_1204m_lightPotoro_2025-01-26,lightPotoro_2025_01_29__02_34_06_HDR0.jpg,lightPotoro_2025_01_29__02_34_06_HDR0_1_Mothbot_yolo11m_4500_imgsz1600_b1_2024-01-18.pt.jpg
doi.org10.15468dl.6nxkw6.csv,Animalia,Arthropoda,Insecta,Coleoptera,Chrysomelidae,Diabrotica,,Diabrotica1,1048495,,Diabrotica,Diabrotica1,Cerro_Hoya_Expedition_Hoya_1204m_lightPotoro_2025-01-26,lightPotoro_2025_01_29__02_34_06_HDR0_2_Mothbot_yolo11m_4500_imgsz1600_b1_2024-01-18.pt.jpg,HS,Mothbot_yolo11m_4500_imgsz1600_b1_2024-01-18.pt,0.753709614276886,,lightPotoro,Cerro_Hoya_Expedition/Hoya_1204m_lightPotoro_2025-01-26/2025-01-28/patches/lightPotoro_2025_01_29__02_34_06_HDR0_2_Mothbot_yolo11m_4500_imgsz1600_b1_2024-01-18.pt.jpg,ORDER_Coleoptera,2025-01-29,02:34:06,,2025_01_29__02_34_06,MachineObservation,Cerro_Hoya_Expedition_Hoya_1204m_lightPotoro_2025-01-26_2025-01-28,Cerro_Hoya_Expedition_Hoya_1204m_lightPotoro_2025-01-26,lightPotoro_2025_01_29__02_34_06_HDR0.jpg,lightPotoro_2025_01_29__02_34_06_HDR0_2_Mothbot_yolo11m_4500_imgsz1600_b1_2024-01-18.pt.jpg
doi.org10.15468dl.6nxkw6.csv,Animalia,Arthropoda,Insecta,Hemiptera,,,,,,,Hemiptera,Hemiptera,Cerro_Hoya_Expedition_Hoya_1204m_lightPotoro_2025-01-26,lightPotoro_2025_01_29__02_34_06_HDR0_3_Mothbot_yolo11m_4500_imgsz1600_b1_2024-01-18.pt.jpg,HS,Mothbot_yolo11m_4500_imgsz1600_b1_2024-01-18.pt,0.6361792683601379,,lightPotoro,Cerro_Hoya_Expedition/Hoya_1204m_lightPotoro_2025-01-26/2025-01-28/patches/lightPotoro_2025_01_29__02_34_06_HDR0_3_Mothbot_yolo11m_4500_imgsz1600_b1_2024-01-18.pt.jpg,ORDER_Psocodea,2025-01-29,02:34:06,,2025_01_29__02_34_06,MachineObservation,Cerro_Hoya_Expedition_Hoya_1204m_lightPotoro_2025-01-26_2025-01-28,Cerro_Hoya_Expedition_Hoya_1204m_lightPotoro_2025-01-26,lightPotoro_2025_01_29__02_34_06_HDR0.jpg,lightPotoro_2025_01_29__02_34_06_HDR0_3_Mothbot_yolo11m_4500_imgsz1600_b1_2024-01-18.pt.jpg
,Animalia,Arthropoda,Insecta,Diptera,,,,,,,Diptera,Diptera,Cerro_Hoya_Expedition_Hoya_1204m_lightPotoro_2025-01-26,lightPotoro_2025_01_29__02_34_06_HDR0_4_Mothbot_yolo11m_4500_imgsz1600_b1_2024-01-18.pt.jpg,HS,Mothbot_yolo11m_4500_imgsz1600_b1_2024-01-18.pt,0.6248679757118225,,lightPotoro,Cerro_Hoya_Expedition/Hoya_1204m_lightPotoro_2025-01-26/2025-01-28/patches/lightPotoro_2025_01_29__02_34_06_HDR0_4_Mothbot_yolo11m_4500_imgsz1600_b1_2024-01-18.pt.jpg,ORDER_Diptera,2025-01-29,02:34:06,,2025_01_29__02_34_06,MachineObservation,Cerro_Hoya_Expedition_Hoya_1204m_lightPotoro_2025-01-26_2025-01-28,Cerro_Hoya_Expedition_Hoya_1204m_lightPotoro_2025-01-26,lightPotoro_2025_01_29__02_34_06_HDR0.jpg,lightPotoro_2025_01_29__02_34_06_HDR0_4_Mothbot_yolo11m_4500_imgsz1600_b1_2024-01-18.pt.jpg
,Animalia,Arthropoda,Insecta,Lepidoptera,,,,,,,Lepidoptera,Lepidoptera,Cerro_Hoya_Expedition_Hoya_1204m_lightPotoro_2025-01-26,lightPotoro_2025_01_29__02_35_06_HDR0_0_Mothbot_yolo11m_4500_imgsz1600_b1_2024-01-18.pt.jpg,HS,Mothbot_yolo11m_4500_imgsz1600_b1_2024-01-18.pt,0.8474134206771851,,lightPotoro,Cerro_Hoya_Expedition/Hoya_1204m_lightPotoro_2025-01-26/2025-01-28/patches/lightPotoro_2025_01_29__02_35_06_HDR0_0_Mothbot_yolo11m_4500_imgsz1600_b1_2024-01-18.pt.jpg,ORDER_Lepidoptera,2025-01-29,02:35:06,,2025_01_29__02_35_06,MachineObservation,Cerro_Hoya_Expedition_Hoya_1204m_lightPotoro_2025-01-26_2025-01-28,Cerro_Hoya_Expedition_Hoya_1204m_lightPotoro_2025-01-26,lightPotoro_2025_01_29__02_35_06_HDR0.jpg,lightPotoro_2025_01_29__02_35_06_HDR0_0_Mothbot_yolo11m_4500_imgsz1600_b1_2024-01-18.pt.jpg
,Animalia,Arthropoda,Insecta,Lepidoptera,,,,,,,Lepidoptera,Lepidoptera,Cerro_Hoya_Expedition_Hoya_1204m_lightPotoro_2025-01-26,lightPotoro_2025_01_29__02_35_06_HDR0_1_Mothbot_yolo11m_4500_imgsz1600_b1_2024-01-18.pt.jpg,HS,Mothbot_yolo11m_4500_imgsz1600_b1_2024-01-18.pt,0.8305956125259399,,lightPotoro,Cerro_Hoya_Expedition/Hoya_1204m_lightPotoro_2025-01-26/2025-01-28/patches/lightPotoro_2025_01_29__02_35_06_HDR0_1_Mothbot_yolo11m_4500_imgsz1600_b1_2024-01-18.pt.jpg,ORDER_Lepidoptera,2025-01-29,02:35:06,,2025_01_29__02_35_06,MachineObservation,Cerro_Hoya_Expedition_Hoya_1204m_lightPotoro_2025-01-26_2025-01-28,Cerro_Hoya_Expedition_Hoya_1204m_lightPotoro_2025-01-26,lightPotoro_2025_01_29__02_35_06_HDR0.jpg,lightPotoro_2025_01_29__02_35_06_HDR0_1_Mothbot_yolo11m_4500_imgsz1600_b1_2024-01-18.pt.jpg
doi.org10.15468dl.6nxkw6.csv,Animalia,Arthropoda,Insecta,Coleoptera,Chrysomelidae,Diabrotica,,Diabrotica1,1048495,,Diabrotica,Diabrotica1,Cerro_Hoya_Expedition_Hoya_1204m_lightPotoro_2025-01-26,lightPotoro_2025_01_29__02_35_06_HDR0_2_Mothbot_yolo11m_4500_imgsz1600_b1_2024-01-18.pt.jpg,HS,Mothbot_yolo11m_4500_imgsz1600_b1_2024-01-18.pt,0.7792900204658508,,lightPotoro,Cerro_Hoya_Expedition/Hoya_1204m_lightPotoro_2025-01-26/2025-01-28/patches/lightPotoro_2025_01_29__02_35_06_HDR0_2_Mothbot_yolo11m_4500_imgsz1600_b1_2024-01-18.pt.jpg,ORDER_Coleoptera,2025-01-29,02:35:06,,2025_01_29__02_35_06,MachineObservation,Cerro_Hoya_Expedition_Hoya_1204m_lightPotoro_2025-01-26_2025-01-28,Cerro_Hoya_Expedition_Hoya_1204m_lightPotoro_2025-01-26,lightPotoro_2025_01_29__02_35_06_HDR0.jpg,lightPotoro_2025_01_29__02_35_06_HDR0_2_Mothbot_yolo11m_4500_imgsz1600_b1_2024-01-18.pt.jpg
doi.org10.15468dl.6nxkw6.csv,Animalia,Arthropoda,Insecta,Coleoptera,Chrysomelidae,Diabrotica,,Diabrotica1,1048495,,Diabrotica,Diabrotica1,Cerro_Hoya_Expedition_Hoya_1204m_lightPotoro_2025-01-26,lightPotoro_2025_01_29__02_35_06_HDR0_3_Mothbot_yolo11m_4500_imgsz1600_b1_2024-01-18.pt.jpg,HS,Mothbot_yolo11m_4500_imgsz1600_b1_2024-01-18.pt,0.7605499625205994,,lightPotoro,Cerro_Hoya_Expedition/Hoya_1204m_lightPotoro_2025-01-26/2025-01-28/patches/lightPotoro_2025_01_29__02_35_06_HDR0_3_Mothbot_yolo11m_4500_imgsz1600_b1_2024-01-18.pt.jpg,ORDER_Coleoptera,2025-01-29,02:35:06,,2025_01_29__02_35_06,MachineObservation,Cerro_Hoya_Expedition_Hoya_1204m_lightPotoro_2025-01-26_2025-01-28,Cerro_Hoya_Expedition_Hoya_1204m_lightPotoro_2025-01-26,lightPotoro_2025_01_29__02_35_06_HDR0.jpg,lightPotoro_2025_01_29__02_35_06_HDR0_3_Mothbot_yolo11m_4500_imgsz1600_b1_2024-01-18.pt.jpg
,Animalia,Arthropoda,Insecta,Diptera,,,,,,,Diptera,Diptera,Cerro_Hoya_Expedition_Hoya_1204m_lightPotoro_2025-01-26,lightPotoro_2025_01_29__02_35_06_HDR0_4_Mothbot_yolo11m_4500_imgsz1600_b1_2024-01-18.pt.jpg,HS,Mothbot_yolo11m_4500_imgsz1600_b1_2024-01-18.pt,0.5566139817237854,,lightPotoro,Cerro_Hoya_Expedition/Hoya_1204m_lightPotoro_2025-01-26/2025-01-28/patches/lightPotoro_2025_01_29__02_35_06_HDR0_4_Mothbot_yolo11m_4500_imgsz1600_b1_2024-01-18.pt.jpg,ORDER_Diptera,2025-01-29,02:35:06,,2025_01_29__02_35_06,MachineObservation,Cerro_Hoya_Expedition_Hoya_1204m_lightPotoro_2025-01-26_2025-01-28,Cerro_Hoya_Expedition_Hoya_1204m_lightPotoro_2025-01-26,lightPotoro_2025_01_29__02_35_06_HDR0.jpg,lightPotoro_2025_01_29__02_35_06_HDR0_4_Mothbot_yolo11m_4500_imgsz1600_b1_2024-01-18.pt.jpg
,Animalia,Arthropoda,Insecta,Diptera,,,,,,,Diptera,Diptera,Cerro_Hoya_Expedition_Hoya_1204m_lightPotoro_2025-01-26,lightPotoro_2025_01_29__02_35_06_HDR0_5_Mothbot_yolo11m_4500_imgsz1600_b1_2024-01-18.pt.jpg,HS,Mothbot_yolo11m_4500_imgsz1600_b1_2024-01-18.pt,0.4328618049621582,,lightPotoro,Cerro_Hoya_Expedition/Hoya_1204m_lightPotoro_2025-01-26/2025-01-28/patches/lightPotoro_2025_01_29__02_35_06_HDR0_5_Mothbot_yolo11m_4500_imgsz1600_b1_2024-01-18.pt.jpg,ORDER_Diptera,2025-01-29,02:35:06,,2025_01_29__02_35_06,MachineObservation,Cerro_Hoya_Expedition_Hoya_1204m_lightPotoro_2025-01-26_2025-01-28,Cerro_Hoya_Expedition_Hoya_1204m_lightPotoro_2025-01-26,lightPotoro_2025_01_29__02_35_06_HDR0.jpg,lightPotoro_2025_01_29__02_35_06_HDR0_5_Mothbot_yolo11m_4500_imgsz1600_b1_2024-01-18.pt.jpg
doi.org10.15468dl.6nxkw6.csv,Animalia,Arthropoda,Insecta,Coleoptera,Chrysomelidae,Diabrotica,,Diabrotica1,1048495,,Diabrotica,Diabrotica1,Cerro_Hoya_Expedition_Hoya_1204m_lightPotoro_2025-01-26,lightPotoro_2025_01_29__02_36_22_HDR0_0_Mothbot_yolo11m_4500_imgsz1600_b1_2024-01-18.pt.jpg,HS,Mothbot_yolo11m_4500_imgsz1600_b1_2024-01-18.pt,0.8386624455451965,,lightPotoro,Cerro_Hoya_Expedition/Hoya_1204m_lightPotoro_2025-01-26/2025-01-28/patches/lightPotoro_2025_01_29__02_36_22_HDR0_0_Mothbot_yolo11m_4500_imgsz1600_b1_2024-01-18.pt.jpg,ORDER_Coleoptera,2025-01-29,02:36:22,,2025_01_29__02_36_22,MachineObservation,Cerro_Hoya_Expedition_Hoya_1204m_lightPotoro_2025-01-26_2025-01-28,Cerro_Hoya_Expedition_Hoya_1204m_lightPotoro_2025-01-26,lightPotoro_2025_01_29__02_36_22_HDR0.jpg,lightPotoro_2025_01_29__02_36_22_HDR0_0_Mothbot_yolo11m_4500_imgsz1600_b1_2024-01-18.pt.jpg
,Animalia,Arthropoda,Insecta,Lepidoptera,,,,,,,Lepidoptera,Lepidoptera,Cerro_Hoya_Expedition_Hoya_1204m_lightPotoro_2025-01-26,lightPotoro_2025_01_29__02_36_22_HDR0_1_Mothbot_yolo11m_4500_imgsz1600_b1_2024-01-18.pt.jpg,HS,Mothbot_yolo11m_4500_imgsz1600_b1_2024-01-18.pt,0.8351482152938843,,lightPotoro,Cerro_Hoya_Expedition/Hoya_1204m_lightPotoro_2025-01-26/2025-01-28/patches/lightPotoro_2025_01_29__02_36_22_HDR0_1_Mothbot_yolo11m_4500_imgsz1600_b1_2024-01-18.pt.jpg,ORDER_Lepidoptera,2025-01-29,02:36:22,,2025_01_29__02_36_22,MachineObservation,Cerro_Hoya_Expedition_Hoya_1204m_lightPotoro_2025-01-26_2025-01-28,Cerro_Hoya_Expedition_Hoya_1204m_lightPotoro_2025-01-26,lightPotoro_2025_01_29__02_36_22_HDR0.jpg,lightPotoro_2025_01_29__02_36_22_HDR0_1_Mothbot_yolo11m_4500_imgsz1600_b1_2024-01-18.pt.jpg
,Animalia,Arthropoda,Insecta,Diptera,,,,,,,Diptera,Diptera,Cerro_Hoya_Expedition_Hoya_1204m_lightPotoro_2025-01-26,lightPotoro_2025_01_29__02_36_22_HDR0_2_Mothbot_yolo11m_4500_imgsz1600_b1_2024-01-18.pt.jpg,HS,Mothbot_yolo11m_4500_imgsz1600_b1_2024-01-18.pt,0.415651798248291,,lightPotoro,Cerro_Hoya_Expedition/Hoya_1204m_lightPotoro_2025-01-26/2025-01-28/patches/lightPotoro_2025_01_29__02_36_22_HDR0_2_Mothbot_yolo11m_4500_imgsz1600_b1_2024-01-18.pt.jpg,ORDER_Diptera,2025-01-29,02:36:22,,2025_01_29__02_36_22,MachineObservation,Cerro_Hoya_Expedition_Hoya_1204m_lightPotoro_2025-01-26_2025-01-28,Cerro_Hoya_Expedition_Hoya_1204m_lightPotoro_2025-01-26,lightPotoro_2025_01_29__02_36_22_HDR0.jpg,lightPotoro_2025_01_29__02_36_22_HDR0_2_Mothbot_yolo11m_4500_imgsz1600_b1_2024-01-18.pt.jpg
doi.org10.15468dl.6nxkw6.csv,Animalia,Arthropoda,Insecta,Coleoptera,Chrysomelidae,Diabrotica,,Diabrotica1,1048495,,Diabrotica,Diabrotica1,Cerro_Hoya_Expedition_Hoya_1204m_lightPotoro_2025-01-26,lightPotoro_2025_01_29__02_37_06_HDR0_0_Mothbot_yolo11m_4500_imgsz1600_b1_2024-01-18.pt.jpg,HS,Mothbot_yolo11m_4500_imgsz1600_b1_2024-01-18.pt,0.8325539827346802,,lightPotoro,Cerro_Hoya_Expedition/Hoya_1204m_lightPotoro_2025-01-26/2025-01-28/patches/lightPotoro_2025_01_29__02_37_06_HDR0_0_Mothbot_yolo11m_4500_imgsz1600_b1_2024-01-18.pt.jpg,ORDER_Coleoptera,2025-01-29,02:37:06,,2025_01_29__02_37_06,MachineObservation,Cerro_Hoya_Expedition_Hoya_1204m_lightPotoro_2025-01-26_2025-01-28,Cerro_Hoya_Expedition_Hoya_1204m_lightPotoro_2025-01-26,lightPotoro_2025_01_29__02_37_06_HDR0.jpg,lightPotoro_2025_01_29__02_37_06_HDR0_0_Mothbot_yolo11m_4500_imgsz1600_b1_2024-01-18.pt.jpg
,Animalia,Arthropoda,Insecta,Lepidoptera,,,,,,,Lepidoptera,Lepidoptera,Cerro_Hoya_Expedition_Hoya_1204m_lightPotoro_2025-01-26,lightPotoro_2025_01_29__02_37_06_HDR0_1_Mothbot_yolo11m_4500_imgsz1600_b1_2024-01-18.pt.jpg,HS,Mothbot_yolo11m_4500_imgsz1600_b1_2024-01-18.pt,0.8260963559150696,,lightPotoro,Cerro_Hoya_Expedition/Hoya_1204m_lightPotoro_2025-01-26/2025-01-28/patches/lightPotoro_2025_01_29__02_37_06_HDR0_1_Mothbot_yolo11m_4500_imgsz1600_b1_2024-01-18.pt.jpg,ORDER_Lepidoptera,2025-01-29,02:37:06,,2025_01_29__02_37_06,MachineObservation,Cerro_Hoya_Expedition_Hoya_1204m_lightPotoro_2025-01-26_2025-01-28,Cerro_Hoya_Expedition_Hoya_1204m_lightPotoro_2025-01-26,lightPotoro_2025_01_29__02_37_06_HDR0.jpg,lightPotoro_2025_01_29__02_37_06_HDR0_1_Mothbot_yolo11m_4500_imgsz1600_b1_2024-01-18.pt.jpg
,Animalia,Arthropoda,Insecta,Diptera,,,,,,,Diptera,Diptera,Cerro_Hoya_Expedition_Hoya_1204m_lightPotoro_2025-01-26,lightPotoro_2025_01_29__02_37_06_HDR0_2_Mothbot_yolo11m_4500_imgsz1600_b1_2024-01-18.pt.jpg,HS,Mothbot_yolo11m_4500_imgsz1600_b1_2024-01-18.pt,0.3238746225833893,,lightPotoro,Cerro_Hoya_Expedition/Hoya_1204m_lightPotoro_2025-01-26/2025-01-28/patches/lightPotoro_2025_01_29__02_37_06_HDR0_2_Mothbot_yolo11m_4500_imgsz1600_b1_2024-01-18.pt.jpg,ORDER_Diptera,2025-01-29,02:37:06,,2025_01_29__02_37_06,MachineObservation,Cerro_Hoya_Expedition_Hoya_1204m_lightPotoro_2025-01-26_2025-01-28,Cerro_Hoya_Expedition_Hoya_1204m_lightPotoro_2025-01-26,lightPotoro_2025_01_29__02_37_06_HDR0.jpg,lightPotoro_2025_01_29__02_37_06_HDR0_2_Mothbot_yolo11m_4500_imgsz1600_b1_2024-01-18.pt.jpg
,Animalia,Arthropoda,Insecta,Diptera,,,,,,,Diptera,Diptera,Cerro_Hoya_Expedition_Hoya_1204m_lightPotoro_2025-01-26,lightPotoro_2025_01_29__02_38_06_HDR0_0_Mothbot_yolo11m_4500_imgsz1600_b1_2024-01-18.pt.jpg,HS,Mothbot_yolo11m_4500_imgsz1600_b1_2024-01-18.pt,0.8359891772270203,,lightPotoro,Cerro_Hoya_Expedition/Hoya_1204m_lightPotoro_2025-01-26/2025-01-28/patches/lightPotoro_2025_01_29__02_38_06_HDR0_0_Mothbot_yolo11m_4500_imgsz1600_b1_2024-01-18.pt.jpg,ORDER_Diptera,2025-01-29,02:38:06,,2025_01_29__02_38_06,MachineObservation,Cerro_Hoya_Expedition_Hoya_1204m_lightPotoro_2025-01-26_2025-01-28,Cerro_Hoya_Expedition_Hoya_1204m_lightPotoro_2025-01-26,lightPotoro_2025_01_29__02_38_06_HDR0.jpg,lightPotoro_2025_01_29__02_38_06_HDR0_0_Mothbot_yolo11m_4500_imgsz1600_b1_2024-01-18.pt.jpg
,Animalia,Arthropoda,Insecta,Lepidoptera,,,,,,,Lepidoptera,Lepidoptera,Cerro_Hoya_Expedition_Hoya_1204m_lightPotoro_2025-01-26,lightPotoro_2025_01_29__02_38_06_HDR0_1_Mothbot_yolo11m_4500_imgsz1600_b1_2024-01-18.pt.jpg,HS,Mothbot_yolo11m_4500_imgsz1600_b1_2024-01-18.pt,0.8280479907989502,,lightPotoro,Cerro_Hoya_Expedition/Hoya_1204m_lightPotoro_2025-01-26/2025-01-28/patches/lightPotoro_2025_01_29__02_38_06_HDR0_1_Mothbot_yolo11m_4500_imgsz1600_b1_2024-01-18.pt.jpg,ORDER_Lepidoptera,2025-01-29,02:38:06,,2025_01_29__02_38_06,MachineObservation,Cerro_Hoya_Expedition_Hoya_1204m_lightPotoro_2025-01-26_2025-01-28,Cerro_Hoya_Expedition_Hoya_1204m_lightPotoro_2025-01-26,lightPotoro_2025_01_29__02_38_06_HDR0.jpg,lightPotoro_2025_01_29__02_38_06_HDR0_1_Mothbot_yolo11m_4500_imgsz1600_b1_2024-01-18.pt.jpg
doi.org10.15468dl.6nxkw6.csv,Animalia,Arthropoda,Insecta,Hemiptera,,,,,,,Hemiptera,Hemiptera,Cerro_Hoya_Expedition_Hoya_1204m_lightPotoro_2025-01-26,lightPotoro_2025_01_29__02_38_06_HDR0_2_Mothbot_yolo11m_4500_imgsz1600_b1_2024-01-18.pt.jpg,HS,Mothbot_yolo11m_4500_imgsz1600_b1_2024-01-18.pt,0.7827610969543457,,lightPotoro,Cerro_Hoya_Expedition/Hoya_1204m_lightPotoro_2025-01-26/2025-01-28/patches/lightPotoro_2025_01_29__02_38_06_HDR0_2_Mothbot_yolo11m_4500_imgsz1600_b1_2024-01-18.pt.jpg,ORDER_Psocodea,2025-01-29,02:38:06,,2025_01_29__02_38_06,MachineObservation,Cerro_Hoya_Expedition_Hoya_1204m_lightPotoro_2025-01-26_2025-01-28,Cerro_Hoya_Expedition_Hoya_1204m_lightPotoro_2025-01-26,lightPotoro_2025_01_29__02_38_06_HDR0.jpg,lightPotoro_2025_01_29__02_38_06_HDR0_2_Mothbot_yolo11m_4500_imgsz1600_b1_2024-01-18.pt.jpg
,Animalia,Arthropoda,Insecta,Diptera,,,,,,,Diptera,Diptera,Cerro_Hoya_Expedition_Hoya_1204m_lightPotoro_2025-01-26,lightPotoro_2025_01_29__02_38_06_HDR0_3_Mothbot_yolo11m_4500_imgsz1600_b1_2024-01-18.pt.jpg,HS,Mothbot_yolo11m_4500_imgsz1600_b1_2024-01-18.pt,0.5939480662345886,,lightPotoro,Cerro_Hoya_Expedition/Hoya_1204m_lightPotoro_2025-01-26/2025-01-28/patches/lightPotoro_2025_01_29__02_38_06_HDR0_3_Mothbot_yolo11m_4500_imgsz1600_b1_2024-01-18.pt.jpg,ORDER_Diptera,2025-01-29,02:38:06,,2025_01_29__02_38_06,MachineObservation,Cerro_Hoya_Expedition_Hoya_1204m_lightPotoro_2025-01-26_2025-01-28,Cerro_Hoya_Expedition_Hoya_1204m_lightPotoro_2025-01-26,lightPotoro_2025_01_29__02_38_06_HDR0.jpg,lightPotoro_2025_01_29__02_38_06_HDR0_3_Mothbot_yolo11m_4500_imgsz1600_b1_2024-01-18.pt.jpg
,Animalia,Arthropoda,Insecta,Diptera,,,,,,,Diptera,Diptera,Cerro_Hoya_Expedition_Hoya_1204m_lightPotoro_2025-01-26,lightPotoro_2025_01_29__02_38_06_HDR0_4_Mothbot_yolo11m_4500_imgsz1600_b1_2024-01-18.pt.jpg,HS,Mothbot_yolo11m_4500_imgsz1600_b1_2024-01-18.pt,0.5717012286186218,,lightPotoro,Cerro_Hoya_Expedition/Hoya_1204m_lightPotoro_2025-01-26/2025-01-28/patches/lightPotoro_2025_01_29__02_38_06_HDR0_4_Mothbot_yolo11m_4500_imgsz1600_b1_2024-01-18.pt.jpg,ORDER_Diptera,2025-01-29,02:38:06,,2025_01_29__02_38_06,MachineObservation,Cerro_Hoya_Expedition_Hoya_1204m_lightPotoro_2025-01-26_2025-01-28,Cerro_Hoya_Expedition_Hoya_1204m_lightPotoro_2025-01-26,lightPotoro_2025_01_29__02_38_06_HDR0.jpg,lightPotoro_2025_01_29__02_38_06_HDR0_4_Mothbot_yolo11m_4500_imgsz1600_b1_2024-01-18.pt.jpg
,Animalia,Arthropoda,Insecta,Diptera,,,,,,,Diptera,Diptera,Cerro_Hoya_Expedition_Hoya_1204m_lightPotoro_2025-01-26,lightPotoro_2025_01_29__02_38_06_HDR0_5_Mothbot_yolo11m_4500_imgsz1600_b1_2024-01-18.pt.jpg,HS,Mothbot_yolo11m_4500_imgsz1600_b1_2024-01-18.pt,0.2640219032764435,,lightPotoro,Cerro_Hoya_Expedition/Hoya_1204m_lightPotoro_2025-01-26/2025-01-28/patches/lightPotoro_2025_01_29__02_38_06_HDR0_5_Mothbot_yolo11m_4500_imgsz1600_b1_2024-01-18.pt.jpg,ORDER_Diptera,2025-01-29,02:38:06,,2025_01_29__02_38_06,MachineObservation,Cerro_Hoya_Expedition_Hoya_1204m_lightPotoro_2025-01-26_2025-01-28,Cerro_Hoya_Expedition_Hoya_1204m_lightPotoro_2025-01-26,lightPotoro_2025_01_29__02_38_06_HDR0.jpg,lightPotoro_2025_01_29__02_38_06_HDR0_5_Mothbot_yolo11m_4500_imgsz1600_b1_2024-01-18.pt.jpg
,Animalia,Arthropoda,Insecta,Lepidoptera,,,,,,,Lepidoptera,Lepidoptera,Cerro_Hoya_Expedition_Hoya_1204m_lightPotoro_2025-01-26,lightPotoro_2025_01_29__02_39_05_HDR0_0_Mothbot_yolo11m_4500_imgsz1600_b1_2024-01-18.pt.jpg,HS,Mothbot_yolo11m_4500_imgsz1600_b1_2024-01-18.pt,0.8393832445144653,,lightPotoro,Cerro_Hoya_Expedition/Hoya_1204m_lightPotoro_2025-01-26/2025-01-28/patches/lightPotoro_2025_01_29__02_39_05_HDR0_0_Mothbot_yolo11m_4500_imgsz1600_b1_2024-01-18.pt.jpg,ORDER_Lepidoptera,2025-01-29,02:39:05,,2025_01_29__02_39_05,MachineObservation,Cerro_Hoya_Expedition_Hoya_1204m_lightPotoro_2025-01-26_2025-01-28,Cerro_Hoya_Expedition_Hoya_1204m_lightPotoro_2025-01-26,lightPotoro_2025_01_29__02_39_05_HDR0.jpg,lightPotoro_2025_01_29__02_39_05_HDR0_0_Mothbot_yolo11m_4500_imgsz1600_b1_2024-01-18.pt.jpg
,Animalia,Arthropoda,Insecta,Diptera,,,,,,,Diptera,Diptera,Cerro_Hoya_Expedition_Hoya_1204m_lightPotoro_2025-01-26,lightPotoro_2025_01_29__02_39_05_HDR0_1_Mothbot_yolo11m_4500_imgsz1600_b1_2024-01-18.pt.jpg,HS,Mothbot_yolo11m_4500_imgsz1600_b1_2024-01-18.pt,0.7997614145278931,,lightPotoro,Cerro_Hoya_Expedition/Hoya_1204m_lightPotoro_2025-01-26/2025-01-28/patches/lightPotoro_2025_01_29__02_39_05_HDR0_1_Mothbot_yolo11m_4500_imgsz1600_b1_2024-01-18.pt.jpg,ORDER_Diptera,2025-01-29,02:39:05,,2025_01_29__02_39_05,MachineObservation,Cerro_Hoya_Expedition_Hoya_1204m_lightPotoro_2025-01-26_2025-01-28,Cerro_Hoya_Expedition_Hoya_1204m_lightPotoro_2025-01-26,lightPotoro_2025_01_29__02_39_05_HDR0.jpg,lightPotoro_2025_01_29__02_39_05_HDR0_1_Mothbot_yolo11m_4500_imgsz1600_b1_2024-01-18.pt.jpg
,Animalia,Arthropoda,Insecta,Diptera,,,,,,,Diptera,Diptera,Cerro_Hoya_Expedition_Hoya_1204m_lightPotoro_2025-01-26,lightPotoro_2025_01_29__02_39_05_HDR0_2_Mothbot_yolo11m_4500_imgsz1600_b1_2024-01-18.pt.jpg,HS,Mothbot_yolo11m_4500_imgsz1600_b1_2024-01-18.pt,0.626930832862854,,lightPotoro,Cerro_Hoya_Expedition/Hoya_1204m_lightPotoro_2025-01-26/2025-01-28/patches/lightPotoro_2025_01_29__02_39_05_HDR0_2_Mothbot_yolo11m_4500_imgsz1600_b1_2024-01-18.pt.jpg,ORDER_Diptera,2025-01-29,02:39:05,,2025_01_29__02_39_05,MachineObservation,Cerro_Hoya_Expedition_Hoya_1204m_lightPotoro_2025-01-26_2025-01-28,Cerro_Hoya_Expedition_Hoya_1204m_lightPotoro_2025-01-26,lightPotoro_2025_01_29__02_39_05_HDR0.jpg,lightPotoro_2025_01_29__02_39_05_HDR0_2_Mothbot_yolo11m_4500_imgsz1600_b1_2024-01-18.pt.jpg
,Animalia,Arthropoda,Insecta,Diptera,,,,,,,Diptera,Diptera,Cerro_Hoya_Expedition_Hoya_1204m_lightPotoro_2025-01-26,lightPotoro_2025_01_29__02_39_05_HDR0_3_Mothbot_yolo11m_4500_imgsz1600_b1_2024-01-18.pt.jpg,HS,Mothbot_yolo11m_4500_imgsz1600_b1_2024-01-18.pt,0.6077520251274109,,lightPotoro,Cerro_Hoya_Expedition/Hoya_1204m_lightPotoro_2025-01-26/2025-01-28/patches/lightPotoro_2025_01_29__02_39_05_HDR0_3_Mothbot_yolo11m_4500_imgsz1600_b1_2024-01-18.pt.jpg,ORDER_Diptera,2025-01-29,02:39:05,,2025_01_29__02_39_05,MachineObservation,Cerro_Hoya_Expedition_Hoya_1204m_lightPotoro_2025-01-26_2025-01-28,Cerro_Hoya_Expedition_Hoya_1204m_lightPotoro_2025-01-26,lightPotoro_2025_01_29__02_39_05_HDR0.jpg,lightPotoro_2025_01_29__02_39_05_HDR0_3_Mothbot_yolo11m_4500_imgsz1600_b1_2024-01-18.pt.jpg
,Animalia,Arthropoda,Insecta,Lepidoptera,,,,,,,Lepidoptera,Lepidoptera,Cerro_Hoya_Expedition_Hoya_1204m_lightPotoro_2025-01-26,lightPotoro_2025_01_29__02_40_06_HDR0_0_Mothbot_yolo11m_4500_imgsz1600_b1_2024-01-18.pt.jpg,HS,Mothbot_yolo11m_4500_imgsz1600_b1_2024-01-18.pt,0.8288524746894836,,lightPotoro,Cerro_Hoya_Expedition/Hoya_1204m_lightPotoro_2025-01-26/2025-01-28/patches/lightPotoro_2025_01_29__02_40_06_HDR0_0_Mothbot_yolo11m_4500_imgsz1600_b1_2024-01-18.pt.jpg,ORDER_Lepidoptera,2025-01-29,02:40:06,,2025_01_29__02_40_06,MachineObservation,Cerro_Hoya_Expedition_Hoya_1204m_lightPotoro_2025-01-26_2025-01-28,Cerro_Hoya_Expedition_Hoya_1204m_lightPotoro_2025-01-26,lightPotoro_2025_01_29__02_40_06_HDR0.jpg,lightPotoro_2025_01_29__02_40_06_HDR0_0_Mothbot_yolo11m_4500_imgsz1600_b1_2024-01-18.pt.jpg
,Animalia,Arthropoda,Insecta,Diptera,,,,,,,Diptera,Diptera,Cerro_Hoya_Expedition_Hoya_1204m_lightPotoro_2025-01-26,lightPotoro_2025_01_29__02_40_06_HDR0_1_Mothbot_yolo11m_4500_imgsz1600_b1_2024-01-18.pt.jpg,HS,Mothbot_yolo11m_4500_imgsz1600_b1_2024-01-18.pt,0.6117098927497864,,lightPotoro,Cerro_Hoya_Expedition/Hoya_1204m_lightPotoro_2025-01-26/2025-01-28/patches/lightPotoro_2025_01_29__02_40_06_HDR0_1_Mothbot_yolo11m_4500_imgsz1600_b1_2024-01-18.pt.jpg,ORDER_Diptera,2025-01-29,02:40:06,,2025_01_29__02_40_06,MachineObservation,Cerro_Hoya_Expedition_Hoya_1204m_lightPotoro_2025-01-26_2025-01-28,Cerro_Hoya_Expedition_Hoya_1204m_lightPotoro_2025-01-26,lightPotoro_2025_01_29__02_40_06_HDR0.jpg,lightPotoro_2025_01_29__02_40_06_HDR0_1_Mothbot_yolo11m_4500_imgsz1600_b1_2024-01-18.pt.jpg
,Animalia,Arthropoda,Insecta,Lepidoptera,,,,,,,Lepidoptera,Lepidoptera,Cerro_Hoya_Expedition_Hoya_1204m_lightPotoro_2025-01-26,lightPotoro_2025_01_29__02_41_06_HDR0_0_Mothbot_yolo11m_4500_imgsz1600_b1_2024-01-18.pt.jpg,HS,Mothbot_yolo11m_4500_imgsz1600_b1_2024-01-18.pt,0.8302269577980042,,lightPotoro,Cerro_Hoya_Expedition/Hoya_1204m_lightPotoro_2025-01-26/2025-01-28/patches/lightPotoro_2025_01_29__02_41_06_HDR0_0_Mothbot_yolo11m_4500_imgsz1600_b1_2024-01-18.pt.jpg,ORDER_Lepidoptera,2025-01-29,02:41:06,,2025_01_29__02_41_06,MachineObservation,Cerro_Hoya_Expedition_Hoya_1204m_lightPotoro_2025-01-26_2025-01-28,Cerro_Hoya_Expedition_Hoya_1204m_lightPotoro_2025-01-26,lightPotoro_2025_01_29__02_41_06_HDR0.jpg,lightPotoro_2025_01_29__02_41_06_HDR0_0_Mothbot_yolo11m_4500_imgsz1600_b1_2024-01-18.pt.jpg
doi.org10.15468dl.6nxkw6.csv,Animalia,Arthropoda,Insecta,Coleoptera,Chrysomelidae,Diabrotica,,Diabrotica1,1048495,,Diabrotica,Diabrotica1,Cerro_Hoya_Expedition_Hoya_1204m_lightPotoro_2025-01-26,lightPotoro_2025_01_29__02_41_06_HDR0_1_Mothbot_yolo11m_4500_imgsz1600_b1_2024-01-18.pt.jpg,HS,Mothbot_yolo11m_4500_imgsz1600_b1_2024-01-18.pt,0.7893304824829102,,lightPotoro,Cerro_Hoya_Expedition/Hoya_1204m_lightPotoro_2025-01-26/2025-01-28/patches/lightPotoro_2025_01_29__02_41_06_HDR0_1_Mothbot_yolo11m_4500_imgsz1600_b1_2024-01-18.pt.jpg,ORDER_Coleoptera,2025-01-29,02:41:06,,2025_01_29__02_41_06,MachineObservation,Cerro_Hoya_Expedition_Hoya_1204m_lightPotoro_2025-01-26_2025-01-28,Cerro_Hoya_Expedition_Hoya_1204m_lightPotoro_2025-01-26,lightPotoro_2025_01_29__02_41_06_HDR0.jpg,lightPotoro_2025_01_29__02_41_06_HDR0_1_Mothbot_yolo11m_4500_imgsz1600_b1_2024-01-18.pt.jpg
,Animalia,Arthropoda,Insecta,Hemiptera,,,,,,,Hemiptera,Hemiptera,Cerro_Hoya_Expedition_Hoya_1204m_lightPotoro_2025-01-26,lightPotoro_2025_01_29__02_41_06_HDR0_2_Mothbot_yolo11m_4500_imgsz1600_b1_2024-01-18.pt.jpg,HS,Mothbot_yolo11m_4500_imgsz1600_b1_2024-01-18.pt,0.76020348072052,,lightPotoro,Cerro_Hoya_Expedition/Hoya_1204m_lightPotoro_2025-01-26/2025-01-28/patches/lightPotoro_2025_01_29__02_41_06_HDR0_2_Mothbot_yolo11m_4500_imgsz1600_b1_2024-01-18.pt.jpg,ORDER_Hemiptera,2025-01-29,02:41:06,,2025_01_29__02_41_06,MachineObservation,Cerro_Hoya_Expedition_Hoya_1204m_lightPotoro_2025-01-26_2025-01-28,Cerro_Hoya_Expedition_Hoya_1204m_lightPotoro_2025-01-26,lightPotoro_2025_01_29__02_41_06_HDR0.jpg,lightPotoro_2025_01_29__02_41_06_HDR0_2_Mothbot_yolo11m_4500_imgsz1600_b1_2024-01-18.pt.jpg
,Animalia,Arthropoda,Insecta,Lepidoptera,,,,,,,Lepidoptera,Lepidoptera,Cerro_Hoya_Expedition_Hoya_1204m_lightPotoro_2025-01-26,lightPotoro_2025_01_29__02_42_06_HDR0_0_Mothbot_yolo11m_4500_imgsz1600_b1_2024-01-18.pt.jpg,HS,Mothbot_yolo11m_4500_imgsz1600_b1_2024-01-18.pt,0.8843713402748108,,lightPotoro,Cerro_Hoya_Expedition/Hoya_1204m_lightPotoro_2025-01-26/2025-01-28/patches/lightPotoro_2025_01_29__02_42_06_HDR0_0_Mothbot_yolo11m_4500_imgsz1600_b1_2024-01-18.pt.jpg,ORDER_Lepidoptera,2025-01-29,02:42:06,,2025_01_29__02_42_06,MachineObservation,Cerro_Hoya_Expedition_Hoya_1204m_lightPotoro_2025-01-26_2025-01-28,Cerro_Hoya_Expedition_Hoya_1204m_lightPotoro_2025-01-26,lightPotoro_2025_01_29__02_42_06_HDR0.jpg,lightPotoro_2025_01_29__02_42_06_HDR0_0_Mothbot_yolo11m_4500_imgsz1600_b1_2024-01-18.pt.jpg
doi.org10.15468dl.6nxkw6.csv,Animalia,Arthropoda,Insecta,Coleoptera,Coccinellidae,Jaguarita,vogli,,,,vogli,Jaguarita vogli,Cerro_Hoya_Expedition_Hoya_1204m_lightPotoro_2025-01-26,lightPotoro_2025_01_29__02_42_06_HDR0_1_Mothbot_yolo11m_4500_imgsz1600_b1_2024-01-18.pt.jpg,HS,Mothbot_yolo11m_4500_imgsz1600_b1_2024-01-18.pt,0.8517681360244751,,lightPotoro,Cerro_Hoya_Expedition/Hoya_1204m_lightPotoro_2025-01-26/2025-01-28/patches/lightPotoro_2025_01_29__02_42_06_HDR0_1_Mothbot_yolo11m_4500_imgsz1600_b1_2024-01-18.pt.jpg,ORDER_Coleoptera,2025-01-29,02:42:06,,2025_01_29__02_42_06,MachineObservation,Cerro_Hoya_Expedition_Hoya_1204m_lightPotoro_2025-01-26_2025-01-28,Cerro_Hoya_Expedition_Hoya_1204m_lightPotoro_2025-01-26,lightPotoro_2025_01_29__02_42_06_HDR0.jpg,lightPotoro_2025_01_29__02_42_06_HDR0_1_Mothbot_yolo11m_4500_imgsz1600_b1_2024-01-18.pt.jpg
,Animalia,Arthropoda,Insecta,Lepidoptera,,,,,,,Lepidoptera,Lepidoptera,Cerro_Hoya_Expedition_Hoya_1204m_lightPotoro_2025-01-26,lightPotoro_2025_01_29__02_42_06_HDR0_2_Mothbot_yolo11m_4500_imgsz1600_b1_2024-01-18.pt.jpg,HS,Mothbot_yolo11m_4500_imgsz1600_b1_2024-01-18.pt,0.8341341614723206,,lightPotoro,Cerro_Hoya_Expedition/Hoya_1204m_lightPotoro_2025-01-26/2025-01-28/patches/lightPotoro_2025_01_29__02_42_06_HDR0_2_Mothbot_yolo11m_4500_imgsz1600_b1_2024-01-18.pt.jpg,ORDER_Lepidoptera,2025-01-29,02:42:06,,2025_01_29__02_42_06,MachineObservation,Cerro_Hoya_Expedition_Hoya_1204m_lightPotoro_2025-01-26_2025-01-28,Cerro_Hoya_Expedition_Hoya_1204m_lightPotoro_2025-01-26,lightPotoro_2025_01_29__02_42_06_HDR0.jpg,lightPotoro_2025_01_29__02_42_06_HDR0_2_Mothbot_yolo11m_4500_imgsz1600_b1_2024-01-18.pt.jpg
,Animalia,Arthropoda,Insecta,Hemiptera,,,,,,,Hemiptera,Hemiptera,Cerro_Hoya_Expedition_Hoya_1204m_lightPotoro_2025-01-26,lightPotoro_2025_01_29__02_42_06_HDR0_3_Mothbot_yolo11m_4500_imgsz1600_b1_2024-01-18.pt.jpg,HS,Mothbot_yolo11m_4500_imgsz1600_b1_2024-01-18.pt,0.7541435956954956,,lightPotoro,Cerro_Hoya_Expedition/Hoya_1204m_lightPotoro_2025-01-26/2025-01-28/patches/lightPotoro_2025_01_29__02_42_06_HDR0_3_Mothbot_yolo11m_4500_imgsz1600_b1_2024-01-18.pt.jpg,ORDER_Hemiptera,2025-01-29,02:42:06,,2025_01_29__02_42_06,MachineObservation,Cerro_Hoya_Expedition_Hoya_1204m_lightPotoro_2025-01-26_2025-01-28,Cerro_Hoya_Expedition_Hoya_1204m_lightPotoro_2025-01-26,lightPotoro_2025_01_29__02_42_06_HDR0.jpg,lightPotoro_2025_01_29__02_42_06_HDR0_3_Mothbot_yolo11m_4500_imgsz1600_b1_2024-01-18.pt.jpg
doi.org10.15468dl.6nxkw6.csv,Animalia,Arthropoda,Insecta,Coleoptera,Chrysomelidae,Diabrotica,,Diabrotica1,1048495,,Diabrotica,Diabrotica1,Cerro_Hoya_Expedition_Hoya_1204m_lightPotoro_2025-01-26,lightPotoro_2025_01_29__02_42_06_HDR0_4_Mothbot_yolo11m_4500_imgsz1600_b1_2024-01-18.pt.jpg,HS,Mothbot_yolo11m_4500_imgsz1600_b1_2024-01-18.pt,0.7226011753082275,,lightPotoro,Cerro_Hoya_Expedition/Hoya_1204m_lightPotoro_2025-01-26/2025-01-28/patches/lightPotoro_2025_01_29__02_42_06_HDR0_4_Mothbot_yolo11m_4500_imgsz1600_b1_2024-01-18.pt.jpg,ORDER_Coleoptera,2025-01-29,02:42:06,,2025_01_29__02_42_06,MachineObservation,Cerro_Hoya_Expedition_Hoya_1204m_lightPotoro_2025-01-26_2025-01-28,Cerro_Hoya_Expedition_Hoya_1204m_lightPotoro_2025-01-26,lightPotoro_2025_01_29__02_42_06_HDR0.jpg,lightPotoro_2025_01_29__02_42_06_HDR0_4_Mothbot_yolo11m_4500_imgsz1600_b1_2024-01-18.pt.jpg
,Animalia,Arthropoda,Insecta,Hemiptera,,,,,,,Hemiptera,Hemiptera,Cerro_Hoya_Expedition_Hoya_1204m_lightPotoro_2025-01-26,lightPotoro_2025_01_29__02_42_06_HDR0_5_Mothbot_yolo11m_4500_imgsz1600_b1_2024-01-18.pt.jpg,HS,Mothbot_yolo11m_4500_imgsz1600_b1_2024-01-18.pt,0.6971707344055176,,lightPotoro,Cerro_Hoya_Expedition/Hoya_1204m_lightPotoro_2025-01-26/2025-01-28/patches/lightPotoro_2025_01_29__02_42_06_HDR0_5_Mothbot_yolo11m_4500_imgsz1600_b1_2024-01-18.pt.jpg,ORDER_Hemiptera,2025-01-29,02:42:06,,2025_01_29__02_42_06,MachineObservation,Cerro_Hoya_Expedition_Hoya_1204m_lightPotoro_2025-01-26_2025-01-28,Cerro_Hoya_Expedition_Hoya_1204m_lightPotoro_2025-01-26,lightPotoro_2025_01_29__02_42_06_HDR0.jpg,lightPotoro_2025_01_29__02_42_06_HDR0_5_Mothbot_yolo11m_4500_imgsz1600_b1_2024-01-18.pt.jpg
doi.org10.15468dl.6nxkw6.csv,Animalia,Arthropoda,Insecta,Diptera,,,,,,,Diptera,Diptera,Cerro_Hoya_Expedition_Hoya_1204m_lightPotoro_2025-01-26,lightPotoro_2025_01_29__02_42_06_HDR0_6_Mothbot_yolo11m_4500_imgsz1600_b1_2024-01-18.pt.jpg,HS,Mothbot_yolo11m_4500_imgsz1600_b1_2024-01-18.pt,0.5937835574150085,,lightPotoro,Cerro_Hoya_Expedition/Hoya_1204m_lightPotoro_2025-01-26/2025-01-28/patches/lightPotoro_2025_01_29__02_42_06_HDR0_6_Mothbot_yolo11m_4500_imgsz1600_b1_2024-01-18.pt.jpg,ORDER_Coleoptera,2025-01-29,02:42:06,,2025_01_29__02_42_06,MachineObservation,Cerro_Hoya_Expedition_Hoya_1204m_lightPotoro_2025-01-26_2025-01-28,Cerro_Hoya_Expedition_Hoya_1204m_lightPotoro_2025-01-26,lightPotoro_2025_01_29__02_42_06_HDR0.jpg,lightPotoro_2025_01_29__02_42_06_HDR0_6_Mothbot_yolo11m_4500_imgsz1600_b1_2024-01-18.pt.jpg
doi.org10.15468dl.6nxkw6.csv,Animalia,Arthropoda,Insecta,Lepidoptera,,,,,797,,Lepidoptera,Lepidoptera,Cerro_Hoya_Expedition_Hoya_1204m_lightPotoro_2025-01-26,lightPotoro_2025_01_29__02_42_06_HDR0_7_Mothbot_yolo11m_4500_imgsz1600_b1_2024-01-18.pt.jpg,HS,Mothbot_yolo11m_4500_imgsz1600_b1_2024-01-18.pt,0.40674957633018494,,lightPotoro,Cerro_Hoya_Expedition/Hoya_1204m_lightPotoro_2025-01-26/2025-01-28/patches/lightPotoro_2025_01_29__02_42_06_HDR0_7_Mothbot_yolo11m_4500_imgsz1600_b1_2024-01-18.pt.jpg,ORDER_Diptera,2025-01-29,02:42:06,,2025_01_29__02_42_06,MachineObservation,Cerro_Hoya_Expedition_Hoya_1204m_lightPotoro_2025-01-26_2025-01-28,Cerro_Hoya_Expedition_Hoya_1204m_lightPotoro_2025-01-26,lightPotoro_2025_01_29__02_42_06_HDR0.jpg,lightPotoro_2025_01_29__02_42_06_HDR0_7_Mothbot_yolo11m_4500_imgsz1600_b1_2024-01-18.pt.jpg
,Animalia,Arthropoda,Insecta,Lepidoptera,,,,,,,Lepidoptera,Lepidoptera,Cerro_Hoya_Expedition_Hoya_1204m_lightPotoro_2025-01-26,lightPotoro_2025_01_29__02_43_22_HDR0_0_Mothbot_yolo11m_4500_imgsz1600_b1_2024-01-18.pt.jpg,HS,Mothbot_yolo11m_4500_imgsz1600_b1_2024-01-18.pt,0.835545539855957,,lightPotoro,Cerro_Hoya_Expedition/Hoya_1204m_lightPotoro_2025-01-26/2025-01-28/patches/lightPotoro_2025_01_29__02_43_22_HDR0_0_Mothbot_yolo11m_4500_imgsz1600_b1_2024-01-18.pt.jpg,ORDER_Lepidoptera,2025-01-29,02:43:22,,2025_01_29__02_43_22,MachineObservation,Cerro_Hoya_Expedition_Hoya_1204m_lightPotoro_2025-01-26_2025-01-28,Cerro_Hoya_Expedition_Hoya_1204m_lightPotoro_2025-01-26,lightPotoro_2025_01_29__02_43_22_HDR0.jpg,lightPotoro_2025_01_29__02_43_22_HDR0_0_Mothbot_yolo11m_4500_imgsz1600_b1_2024-01-18.pt.jpg
doi.org10.15468dl.6nxkw6.csv,Animalia,Arthropoda,Insecta,Diptera,,,,,,,Diptera,Diptera,Cerro_Hoya_Expedition_Hoya_1204m_lightPotoro_2025-01-26,lightPotoro_2025_01_29__02_43_22_HDR0_1_Mothbot_yolo11m_4500_imgsz1600_b1_2024-01-18.pt.jpg,HS,Mothbot_yolo11m_4500_imgsz1600_b1_2024-01-18.pt,0.7757161259651184,,lightPotoro,Cerro_Hoya_Expedition/Hoya_1204m_lightPotoro_2025-01-26/2025-01-28/patches/lightPotoro_2025_01_29__02_43_22_HDR0_1_Mothbot_yolo11m_4500_imgsz1600_b1_2024-01-18.pt.jpg,ORDER_Coleoptera,2025-01-29,02:43:22,,2025_01_29__02_43_22,MachineObservation,Cerro_Hoya_Expedition_Hoya_1204m_lightPotoro_2025-01-26_2025-01-28,Cerro_Hoya_Expedition_Hoya_1204m_lightPotoro_2025-01-26,lightPotoro_2025_01_29__02_43_22_HDR0.jpg,lightPotoro_2025_01_29__02_43_22_HDR0_1_Mothbot_yolo11m_4500_imgsz1600_b1_2024-01-18.pt.jpg
,Animalia,Arthropoda,Insecta,Hemiptera,,,,,,,Hemiptera,Hemiptera,Cerro_Hoya_Expedition_Hoya_1204m_lightPotoro_2025-01-26,lightPotoro_2025_01_29__02_43_22_HDR0_2_Mothbot_yolo11m_4500_imgsz1600_b1_2024-01-18.pt.jpg,HS,Mothbot_yolo11m_4500_imgsz1600_b1_2024-01-18.pt,0.7609142661094666,,lightPotoro,Cerro_Hoya_Expedition/Hoya_1204m_lightPotoro_2025-01-26/2025-01-28/patches/lightPotoro_2025_01_29__02_43_22_HDR0_2_Mothbot_yolo11m_4500_imgsz1600_b1_2024-01-18.pt.jpg,ORDER_Hemiptera,2025-01-29,02:43:22,,2025_01_29__02_43_22,MachineObservation,Cerro_Hoya_Expedition_Hoya_1204m_lightPotoro_2025-01-26_2025-01-28,Cerro_Hoya_Expedition_Hoya_1204m_lightPotoro_2025-01-26,lightPotoro_2025_01_29__02_43_22_HDR0.jpg,lightPotoro_2025_01_29__02_43_22_HDR0_2_Mothbot_yolo11m_4500_imgsz1600_b1_2024-01-18.pt.jpg
doi.org10.15468dl.6nxkw6.csv,Animalia,Arthropoda,Insecta,Coleoptera,,,,,,,Coleoptera,Coleoptera,Cerro_Hoya_Expedition_Hoya_1204m_lightPotoro_2025-01-26,lightPotoro_2025_01_29__02_43_22_HDR0_3_Mothbot_yolo11m_4500_imgsz1600_b1_2024-01-18.pt.jpg,HS,Mothbot_yolo11m_4500_imgsz1600_b1_2024-01-18.pt,0.7460324168205261,,lightPotoro,Cerro_Hoya_Expedition/Hoya_1204m_lightPotoro_2025-01-26/2025-01-28/patches/lightPotoro_2025_01_29__02_43_22_HDR0_3_Mothbot_yolo11m_4500_imgsz1600_b1_2024-01-18.pt.jpg,ORDER_Hemiptera,2025-01-29,02:43:22,,2025_01_29__02_43_22,MachineObservation,Cerro_Hoya_Expedition_Hoya_1204m_lightPotoro_2025-01-26_2025-01-28,Cerro_Hoya_Expedition_Hoya_1204m_lightPotoro_2025-01-26,lightPotoro_2025_01_29__02_43_22_HDR0.jpg,lightPotoro_2025_01_29__02_43_22_HDR0_3_Mothbot_yolo11m_4500_imgsz1600_b1_2024-01-18.pt.jpg
doi.org10.15468dl.6nxkw6.csv,Animalia,Arthropoda,Insecta,Hemiptera,,,,,,,Hemiptera,Hemiptera,Cerro_Hoya_Expedition_Hoya_1204m_lightPotoro_2025-01-26,lightPotoro_2025_01_29__02_43_22_HDR0_4_Mothbot_yolo11m_4500_imgsz1600_b1_2024-01-18.pt.jpg,HS,Mothbot_yolo11m_4500_imgsz1600_b1_2024-01-18.pt,0.7029763460159302,,lightPotoro,Cerro_Hoya_Expedition/Hoya_1204m_lightPotoro_2025-01-26/2025-01-28/patches/lightPotoro_2025_01_29__02_43_22_HDR0_4_Mothbot_yolo11m_4500_imgsz1600_b1_2024-01-18.pt.jpg,ORDER_Psocodea,2025-01-29,02:43:22,,2025_01_29__02_43_22,MachineObservation,Cerro_Hoya_Expedition_Hoya_1204m_lightPotoro_2025-01-26_2025-01-28,Cerro_Hoya_Expedition_Hoya_1204m_lightPotoro_2025-01-26,lightPotoro_2025_01_29__02_43_22_HDR0.jpg,lightPotoro_2025_01_29__02_43_22_HDR0_4_Mothbot_yolo11m_4500_imgsz1600_b1_2024-01-18.pt.jpg
,Animalia,Arthropoda,Insecta,Diptera,,,,,,,Diptera,Diptera,Cerro_Hoya_Expedition_Hoya_1204m_lightPotoro_2025-01-26,lightPotoro_2025_01_29__02_43_22_HDR0_5_Mothbot_yolo11m_4500_imgsz1600_b1_2024-01-18.pt.jpg,HS,Mothbot_yolo11m_4500_imgsz1600_b1_2024-01-18.pt,0.5571985244750977,,lightPotoro,Cerro_Hoya_Expedition/Hoya_1204m_lightPotoro_2025-01-26/2025-01-28/patches/lightPotoro_2025_01_29__02_43_22_HDR0_5_Mothbot_yolo11m_4500_imgsz1600_b1_2024-01-18.pt.jpg,ORDER_Diptera,2025-01-29,02:43:22,,2025_01_29__02_43_22,MachineObservation,Cerro_Hoya_Expedition_Hoya_1204m_lightPotoro_2025-01-26_2025-01-28,Cerro_Hoya_Expedition_Hoya_1204m_lightPotoro_2025-01-26,lightPotoro_2025_01_29__02_43_22_HDR0.jpg,lightPotoro_2025_01_29__02_43_22_HDR0_5_Mothbot_yolo11m_4500_imgsz1600_b1_2024-01-18.pt.jpg
doi.org10.15468dl.6nxkw6.csv,Animalia,Arthropoda,Insecta,Lepidoptera,,,,,797,,Lepidoptera,Lepidoptera,Cerro_Hoya_Expedition_Hoya_1204m_lightPotoro_2025-01-26,lightPotoro_2025_01_29__02_43_22_HDR0_6_Mothbot_yolo11m_4500_imgsz1600_b1_2024-01-18.pt.jpg,HS,Mothbot_yolo11m_4500_imgsz1600_b1_2024-01-18.pt,0.29092714190483093,,lightPotoro,Cerro_Hoya_Expedition/Hoya_1204m_lightPotoro_2025-01-26/2025-01-28/patches/lightPotoro_2025_01_29__02_43_22_HDR0_6_Mothbot_yolo11m_4500_imgsz1600_b1_2024-01-18.pt.jpg,ORDER_Hemiptera,2025-01-29,02:43:22,,2025_01_29__02_43_22,MachineObservation,Cerro_Hoya_Expedition_Hoya_1204m_lightPotoro_2025-01-26_2025-01-28,Cerro_Hoya_Expedition_Hoya_1204m_lightPotoro_2025-01-26,lightPotoro_2025_01_29__02_43_22_HDR0.jpg,lightPotoro_2025_01_29__02_43_22_HDR0_6_Mothbot_yolo11m_4500_imgsz1600_b1_2024-01-18.pt.jpg
,,,,,,,,,,,,ERROR,Cerro_Hoya_Expedition_Hoya_1204m_lightPotoro_2025-01-26,lightPotoro_2025_01_29__02_43_22_HDR0_7_Mothbot_yolo11m_4500_imgsz1600_b1_2024-01-18.pt.jpg,HS,Mothbot_yolo11m_4500_imgsz1600_b1_2024-01-18.pt,0.26004332304000854,,lightPotoro,Cerro_Hoya_Expedition/Hoya_1204m_lightPotoro_2025-01-26/2025-01-28/patches/lightPotoro_2025_01_29__02_43_22_HDR0_7_Mothbot_yolo11m_4500_imgsz1600_b1_2024-01-18.pt.jpg,ORDER_Psocodea,2025-01-29,02:43:22,,2025_01_29__02_43_22,MachineObservation,Cerro_Hoya_Expedition_Hoya_1204m_lightPotoro_2025-01-26_2025-01-28,Cerro_Hoya_Expedition_Hoya_1204m_lightPotoro_2025-01-26,lightPotoro_2025_01_29__02_43_22_HDR0.jpg,lightPotoro_2025_01_29__02_43_22_HDR0_7_Mothbot_yolo11m_4500_imgsz1600_b1_2024-01-18.pt.jpg
,Animalia,Arthropoda,Insecta,Lepidoptera,,,,,,,Lepidoptera,Lepidoptera,Cerro_Hoya_Expedition_Hoya_1204m_lightPotoro_2025-01-26,lightPotoro_2025_01_29__02_44_05_HDR0_0_Mothbot_yolo11m_4500_imgsz1600_b1_2024-01-18.pt.jpg,HS,Mothbot_yolo11m_4500_imgsz1600_b1_2024-01-18.pt,0.822935938835144,,lightPotoro,Cerro_Hoya_Expedition/Hoya_1204m_lightPotoro_2025-01-26/2025-01-28/patches/lightPotoro_2025_01_29__02_44_05_HDR0_0_Mothbot_yolo11m_4500_imgsz1600_b1_2024-01-18.pt.jpg,ORDER_Lepidoptera,2025-01-29,02:44:05,,2025_01_29__02_44_05,MachineObservation,Cerro_Hoya_Expedition_Hoya_1204m_lightPotoro_2025-01-26_2025-01-28,Cerro_Hoya_Expedition_Hoya_1204m_lightPotoro_2025-01-26,lightPotoro_2025_01_29__02_44_05_HDR0.jpg,lightPotoro_2025_01_29__02_44_05_HDR0_0_Mothbot_yolo11m_4500_imgsz1600_b1_2024-01-18.pt.jpg
,,,,,,,,,,,,ERROR,Cerro_Hoya_Expedition_Hoya_1204m_lightPotoro_2025-01-26,lightPotoro_2025_01_29__02_44_05_HDR0_1_Mothbot_yolo11m_4500_imgsz1600_b1_2024-01-18.pt.jpg,HS,Mothbot_yolo11m_4500_imgsz1600_b1_2024-01-18.pt,0.8039546012878418,,lightPotoro,Cerro_Hoya_Expedition/Hoya_1204m_lightPotoro_2025-01-26/2025-01-28/patches/lightPotoro_2025_01_29__02_44_05_HDR0_1_Mothbot_yolo11m_4500_imgsz1600_b1_2024-01-18.pt.jpg,ORDER_Lepidoptera,2025-01-29,02:44:05,,2025_01_29__02_44_05,MachineObservation,Cerro_Hoya_Expedition_Hoya_1204m_lightPotoro_2025-01-26_2025-01-28,Cerro_Hoya_Expedition_Hoya_1204m_lightPotoro_2025-01-26,lightPotoro_2025_01_29__02_44_05_HDR0.jpg,lightPotoro_2025_01_29__02_44_05_HDR0_1_Mothbot_yolo11m_4500_imgsz1600_b1_2024-01-18.pt.jpg
,Animalia,Arthropoda,Insecta,Hemiptera,,,,,,,Hemiptera,Hemiptera,Cerro_Hoya_Expedition_Hoya_1204m_lightPotoro_2025-01-26,lightPotoro_2025_01_29__02_44_05_HDR0_2_Mothbot_yolo11m_4500_imgsz1600_b1_2024-01-18.pt.jpg,HS,Mothbot_yolo11m_4500_imgsz1600_b1_2024-01-18.pt,0.7865667939186096,,lightPotoro,Cerro_Hoya_Expedition/Hoya_1204m_lightPotoro_2025-01-26/2025-01-28/patches/lightPotoro_2025_01_29__02_44_05_HDR0_2_Mothbot_yolo11m_4500_imgsz1600_b1_2024-01-18.pt.jpg,ORDER_Hemiptera,2025-01-29,02:44:05,,2025_01_29__02_44_05,MachineObservation,Cerro_Hoya_Expedition_Hoya_1204m_lightPotoro_2025-01-26_2025-01-28,Cerro_Hoya_Expedition_Hoya_1204m_lightPotoro_2025-01-26,lightPotoro_2025_01_29__02_44_05_HDR0.jpg,lightPotoro_2025_01_29__02_44_05_HDR0_2_Mothbot_yolo11m_4500_imgsz1600_b1_2024-01-18.pt.jpg
,Animalia,Arthropoda,Insecta,Hemiptera,,,,,,,Hemiptera,Hemiptera,Cerro_Hoya_Expedition_Hoya_1204m_lightPotoro_2025-01-26,lightPotoro_2025_01_29__02_44_05_HDR0_3_Mothbot_yolo11m_4500_imgsz1600_b1_2024-01-18.pt.jpg,HS,Mothbot_yolo11m_4500_imgsz1600_b1_2024-01-18.pt,0.7669957280158997,,lightPotoro,Cerro_Hoya_Expedition/Hoya_1204m_lightPotoro_2025-01-26/2025-01-28/patches/lightPotoro_2025_01_29__02_44_05_HDR0_3_Mothbot_yolo11m_4500_imgsz1600_b1_2024-01-18.pt.jpg,ORDER_Hemiptera,2025-01-29,02:44:05,,2025_01_29__02_44_05,MachineObservation,Cerro_Hoya_Expedition_Hoya_1204m_lightPotoro_2025-01-26_2025-01-28,Cerro_Hoya_Expedition_Hoya_1204m_lightPotoro_2025-01-26,lightPotoro_2025_01_29__02_44_05_HDR0.jpg,lightPotoro_2025_01_29__02_44_05_HDR0_3_Mothbot_yolo11m_4500_imgsz1600_b1_2024-01-18.pt.jpg
doi.org10.15468dl.6nxkw6.csv,Animalia,Arthropoda,Insecta,Coleoptera,,,,,,,Coleoptera,Coleoptera,Cerro_Hoya_Expedition_Hoya_1204m_lightPotoro_2025-01-26,lightPotoro_2025_01_29__02_44_05_HDR0_4_Mothbot_yolo11m_4500_imgsz1600_b1_2024-01-18.pt.jpg,HS,Mothbot_yolo11m_4500_imgsz1600_b1_2024-01-18.pt,0.7156060934066772,,lightPotoro,Cerro_Hoya_Expedition/Hoya_1204m_lightPotoro_2025-01-26/2025-01-28/patches/lightPotoro_2025_01_29__02_44_05_HDR0_4_Mothbot_yolo11m_4500_imgsz1600_b1_2024-01-18.pt.jpg,ORDER_Hemiptera,2025-01-29,02:44:05,,2025_01_29__02_44_05,MachineObservation,Cerro_Hoya_Expedition_Hoya_1204m_lightPotoro_2025-01-26_2025-01-28,Cerro_Hoya_Expedition_Hoya_1204m_lightPotoro_2025-01-26,lightPotoro_2025_01_29__02_44_05_HDR0.jpg,lightPotoro_2025_01_29__02_44_05_HDR0_4_Mothbot_yolo11m_4500_imgsz1600_b1_2024-01-18.pt.jpg
doi.org10.15468dl.6nxkw6.csv,Animalia,Arthropoda,Insecta,Hemiptera,,,,,,,Hemiptera,Hemiptera,Cerro_Hoya_Expedition_Hoya_1204m_lightPotoro_2025-01-26,lightPotoro_2025_01_29__02_44_05_HDR0_5_Mothbot_yolo11m_4500_imgsz1600_b1_2024-01-18.pt.jpg,HS,Mothbot_yolo11m_4500_imgsz1600_b1_2024-01-18.pt,0.5408480763435364,,lightPotoro,Cerro_Hoya_Expedition/Hoya_1204m_lightPotoro_2025-01-26/2025-01-28/patches/lightPotoro_2025_01_29__02_44_05_HDR0_5_Mothbot_yolo11m_4500_imgsz1600_b1_2024-01-18.pt.jpg,ORDER_Psocodea,2025-01-29,02:44:05,,2025_01_29__02_44_05,MachineObservation,Cerro_Hoya_Expedition_Hoya_1204m_lightPotoro_2025-01-26_2025-01-28,Cerro_Hoya_Expedition_Hoya_1204m_lightPotoro_2025-01-26,lightPotoro_2025_01_29__02_44_05_HDR0.jpg,lightPotoro_2025_01_29__02_44_05_HDR0_5_Mothbot_yolo11m_4500_imgsz1600_b1_2024-01-18.pt.jpg
,Animalia,Arthropoda,Insecta,Diptera,,,,,,,Diptera,Diptera,Cerro_Hoya_Expedition_Hoya_1204m_lightPotoro_2025-01-26,lightPotoro_2025_01_29__02_44_05_HDR0_6_Mothbot_yolo11m_4500_imgsz1600_b1_2024-01-18.pt.jpg,HS,Mothbot_yolo11m_4500_imgsz1600_b1_2024-01-18.pt,0.5052372813224792,,lightPotoro,Cerro_Hoya_Expedition/Hoya_1204m_lightPotoro_2025-01-26/2025-01-28/patches/lightPotoro_2025_01_29__02_44_05_HDR0_6_Mothbot_yolo11m_4500_imgsz1600_b1_2024-01-18.pt.jpg,ORDER_Diptera,2025-01-29,02:44:05,,2025_01_29__02_44_05,MachineObservation,Cerro_Hoya_Expedition_Hoya_1204m_lightPotoro_2025-01-26_2025-01-28,Cerro_Hoya_Expedition_Hoya_1204m_lightPotoro_2025-01-26,lightPotoro_2025_01_29__02_44_05_HDR0.jpg,lightPotoro_2025_01_29__02_44_05_HDR0_6_Mothbot_yolo11m_4500_imgsz1600_b1_2024-01-18.pt.jpg
doi.org10.15468dl.6nxkw6.csv,Animalia,Arthropoda,Insecta,Coleoptera,,,,,,,Coleoptera,Coleoptera,Cerro_Hoya_Expedition_Hoya_1204m_lightPotoro_2025-01-26,lightPotoro_2025_01_29__02_45_05_HDR0_0_Mothbot_yolo11m_4500_imgsz1600_b1_2024-01-18.pt.jpg,HS,Mothbot_yolo11m_4500_imgsz1600_b1_2024-01-18.pt,0.8553557991981506,,lightPotoro,Cerro_Hoya_Expedition/Hoya_1204m_lightPotoro_2025-01-26/2025-01-28/patches/lightPotoro_2025_01_29__02_45_05_HDR0_0_Mothbot_yolo11m_4500_imgsz1600_b1_2024-01-18.pt.jpg,ORDER_Hemiptera,2025-01-29,02:45:05,,2025_01_29__02_45_05,MachineObservation,Cerro_Hoya_Expedition_Hoya_1204m_lightPotoro_2025-01-26_2025-01-28,Cerro_Hoya_Expedition_Hoya_1204m_lightPotoro_2025-01-26,lightPotoro_2025_01_29__02_45_05_HDR0.jpg,lightPotoro_2025_01_29__02_45_05_HDR0_0_Mothbot_yolo11m_4500_imgsz1600_b1_2024-01-18.pt.jpg
,Animalia,Arthropoda,Insecta,Lepidoptera,,,,,,,Lepidoptera,Lepidoptera,Cerro_Hoya_Expedition_Hoya_1204m_lightPotoro_2025-01-26,lightPotoro_2025_01_29__02_45_05_HDR0_1_Mothbot_yolo11m_4500_imgsz1600_b1_2024-01-18.pt.jpg,HS,Mothbot_yolo11m_4500_imgsz1600_b1_2024-01-18.pt,0.8194770812988281,,lightPotoro,Cerro_Hoya_Expedition/Hoya_1204m_lightPotoro_2025-01-26/2025-01-28/patches/lightPotoro_2025_01_29__02_45_05_HDR0_1_Mothbot_yolo11m_4500_imgsz1600_b1_2024-01-18.pt.jpg,ORDER_Lepidoptera,2025-01-29,02:45:05,,2025_01_29__02_45_05,MachineObservation,Cerro_Hoya_Expedition_Hoya_1204m_lightPotoro_2025-01-26_2025-01-28,Cerro_Hoya_Expedition_Hoya_1204m_lightPotoro_2025-01-26,lightPotoro_2025_01_29__02_45_05_HDR0.jpg,lightPotoro_2025_01_29__02_45_05_HDR0_1_Mothbot_yolo11m_4500_imgsz1600_b1_2024-01-18.pt.jpg
,Animalia,Arthropoda,Insecta,Lepidoptera,,,,,,,Lepidoptera,Lepidoptera,Cerro_Hoya_Expedition_Hoya_1204m_lightPotoro_2025-01-26,lightPotoro_2025_01_29__02_45_05_HDR0_2_Mothbot_yolo11m_4500_imgsz1600_b1_2024-01-18.pt.jpg,HS,Mothbot_yolo11m_4500_imgsz1600_b1_2024-01-18.pt,0.8188597559928894,,lightPotoro,Cerro_Hoya_Expedition/Hoya_1204m_lightPotoro_2025-01-26/2025-01-28/patches/lightPotoro_2025_01_29__02_45_05_HDR0_2_Mothbot_yolo11m_4500_imgsz1600_b1_2024-01-18.pt.jpg,ORDER_Lepidoptera,2025-01-29,02:45:05,,2025_01_29__02_45_05,MachineObservation,Cerro_Hoya_Expedition_Hoya_1204m_lightPotoro_2025-01-26_2025-01-28,Cerro_Hoya_Expedition_Hoya_1204m_lightPotoro_2025-01-26,lightPotoro_2025_01_29__02_45_05_HDR0.jpg,lightPotoro_2025_01_29__02_45_05_HDR0_2_Mothbot_yolo11m_4500_imgsz1600_b1_2024-01-18.pt.jpg
,Animalia,Arthropoda,Insecta,Hemiptera,,,,,,,Hemiptera,Hemiptera,Cerro_Hoya_Expedition_Hoya_1204m_lightPotoro_2025-01-26,lightPotoro_2025_01_29__02_45_05_HDR0_3_Mothbot_yolo11m_4500_imgsz1600_b1_2024-01-18.pt.jpg,HS,Mothbot_yolo11m_4500_imgsz1600_b1_2024-01-18.pt,0.8166555166244507,,lightPotoro,Cerro_Hoya_Expedition/Hoya_1204m_lightPotoro_2025-01-26/2025-01-28/patches/lightPotoro_2025_01_29__02_45_05_HDR0_3_Mothbot_yolo11m_4500_imgsz1600_b1_2024-01-18.pt.jpg,ORDER_Hemiptera,2025-01-29,02:45:05,,2025_01_29__02_45_05,MachineObservation,Cerro_Hoya_Expedition_Hoya_1204m_lightPotoro_2025-01-26_2025-01-28,Cerro_Hoya_Expedition_Hoya_1204m_lightPotoro_2025-01-26,lightPotoro_2025_01_29__02_45_05_HDR0.jpg,lightPotoro_2025_01_29__02_45_05_HDR0_3_Mothbot_yolo11m_4500_imgsz1600_b1_2024-01-18.pt.jpg
doi.org10.15468dl.6nxkw6.csv,Animalia,Arthropoda,Insecta,Coleoptera,Chrysomelidae,Neobrotica,trichops,,,,trichops,Neobrotica trichops,Cerro_Hoya_Expedition_Hoya_1204m_lightPotoro_2025-01-26,lightPotoro_2025_01_29__02_45_05_HDR0_4_Mothbot_yolo11m_4500_imgsz1600_b1_2024-01-18.pt.jpg,HS,Mothbot_yolo11m_4500_imgsz1600_b1_2024-01-18.pt,0.762245774269104,,lightPotoro,Cerro_Hoya_Expedition/Hoya_1204m_lightPotoro_2025-01-26/2025-01-28/patches/lightPotoro_2025_01_29__02_45_05_HDR0_4_Mothbot_yolo11m_4500_imgsz1600_b1_2024-01-18.pt.jpg,ORDER_Coleoptera,2025-01-29,02:45:05,,2025_01_29__02_45_05,MachineObservation,Cerro_Hoya_Expedition_Hoya_1204m_lightPotoro_2025-01-26_2025-01-28,Cerro_Hoya_Expedition_Hoya_1204m_lightPotoro_2025-01-26,lightPotoro_2025_01_29__02_45_05_HDR0.jpg,lightPotoro_2025_01_29__02_45_05_HDR0_4_Mothbot_yolo11m_4500_imgsz1600_b1_2024-01-18.pt.jpg
doi.org10.15468dl.6nxkw6.csv,Animalia,Arthropoda,Insecta,Diptera,,,,,,,Diptera,Diptera,Cerro_Hoya_Expedition_Hoya_1204m_lightPotoro_2025-01-26,lightPotoro_2025_01_29__02_45_05_HDR0_5_Mothbot_yolo11m_4500_imgsz1600_b1_2024-01-18.pt.jpg,HS,Mothbot_yolo11m_4500_imgsz1600_b1_2024-01-18.pt,0.7406731247901917,,lightPotoro,Cerro_Hoya_Expedition/Hoya_1204m_lightPotoro_2025-01-26/2025-01-28/patches/lightPotoro_2025_01_29__02_45_05_HDR0_5_Mothbot_yolo11m_4500_imgsz1600_b1_2024-01-18.pt.jpg,ORDER_Hymenoptera,2025-01-29,02:45:05,,2025_01_29__02_45_05,MachineObservation,Cerro_Hoya_Expedition_Hoya_1204m_lightPotoro_2025-01-26_2025-01-28,Cerro_Hoya_Expedition_Hoya_1204m_lightPotoro_2025-01-26,lightPotoro_2025_01_29__02_45_05_HDR0.jpg,lightPotoro_2025_01_29__02_45_05_HDR0_5_Mothbot_yolo11m_4500_imgsz1600_b1_2024-01-18.pt.jpg
,,,,,,,,,,,,ERROR,Cerro_Hoya_Expedition_Hoya_1204m_lightPotoro_2025-01-26,lightPotoro_2025_01_29__02_45_05_HDR0_6_Mothbot_yolo11m_4500_imgsz1600_b1_2024-01-18.pt.jpg,HS,Mothbot_yolo11m_4500_imgsz1600_b1_2024-01-18.pt,0.6902309060096741,,lightPotoro,Cerro_Hoya_Expedition/Hoya_1204m_lightPotoro_2025-01-26/2025-01-28/patches/lightPotoro_2025_01_29__02_45_05_HDR0_6_Mothbot_yolo11m_4500_imgsz1600_b1_2024-01-18.pt.jpg,ORDER_Lepidoptera,2025-01-29,02:45:05,,2025_01_29__02_45_05,MachineObservation,Cerro_Hoya_Expedition_Hoya_1204m_lightPotoro_2025-01-26_2025-01-28,Cerro_Hoya_Expedition_Hoya_1204m_lightPotoro_2025-01-26,lightPotoro_2025_01_29__02_45_05_HDR0.jpg,lightPotoro_2025_01_29__02_45_05_HDR0_6_Mothbot_yolo11m_4500_imgsz1600_b1_2024-01-18.pt.jpg
,Animalia,Arthropoda,Insecta,Diptera,,,,,,,Diptera,Diptera,Cerro_Hoya_Expedition_Hoya_1204m_lightPotoro_2025-01-26,lightPotoro_2025_01_29__02_45_05_HDR0_7_Mothbot_yolo11m_4500_imgsz1600_b1_2024-01-18.pt.jpg,HS,Mothbot_yolo11m_4500_imgsz1600_b1_2024-01-18.pt,0.6859584450721741,,lightPotoro,Cerro_Hoya_Expedition/Hoya_1204m_lightPotoro_2025-01-26/2025-01-28/patches/lightPotoro_2025_01_29__02_45_05_HDR0_7_Mothbot_yolo11m_4500_imgsz1600_b1_2024-01-18.pt.jpg,ORDER_Diptera,2025-01-29,02:45:05,,2025_01_29__02_45_05,MachineObservation,Cerro_Hoya_Expedition_Hoya_1204m_lightPotoro_2025-01-26_2025-01-28,Cerro_Hoya_Expedition_Hoya_1204m_lightPotoro_2025-01-26,lightPotoro_2025_01_29__02_45_05_HDR0.jpg,lightPotoro_2025_01_29__02_45_05_HDR0_7_Mothbot_yolo11m_4500_imgsz1600_b1_2024-01-18.pt.jpg
doi.org10.15468dl.6nxkw6.csv,Animalia,Arthropoda,Insecta,,,,,,216,,Insecta,Insecta,Cerro_Hoya_Expedition_Hoya_1204m_lightPotoro_2025-01-26,lightPotoro_2025_01_29__02_45_05_HDR0_8_Mothbot_yolo11m_4500_imgsz1600_b1_2024-01-18.pt.jpg,HS,Mothbot_yolo11m_4500_imgsz1600_b1_2024-01-18.pt,0.684737503528595,,lightPotoro,Cerro_Hoya_Expedition/Hoya_1204m_lightPotoro_2025-01-26/2025-01-28/patches/lightPotoro_2025_01_29__02_45_05_HDR0_8_Mothbot_yolo11m_4500_imgsz1600_b1_2024-01-18.pt.jpg,ORDER_Psocodea,2025-01-29,02:45:05,,2025_01_29__02_45_05,MachineObservation,Cerro_Hoya_Expedition_Hoya_1204m_lightPotoro_2025-01-26_2025-01-28,Cerro_Hoya_Expedition_Hoya_1204m_lightPotoro_2025-01-26,lightPotoro_2025_01_29__02_45_05_HDR0.jpg,lightPotoro_2025_01_29__02_45_05_HDR0_8_Mothbot_yolo11m_4500_imgsz1600_b1_2024-01-18.pt.jpg
doi.org10.15468dl.6nxkw6.csv,Animalia,Arthropoda,Insecta,Coleoptera,Cantharidae,,,Silini2,7777,,Cantharidae,Silini2,Cerro_Hoya_Expedition_Hoya_1204m_lightPotoro_2025-01-26,lightPotoro_2025_01_29__02_45_05_HDR0_9_Mothbot_yolo11m_4500_imgsz1600_b1_2024-01-18.pt.jpg,HS,Mothbot_yolo11m_4500_imgsz1600_b1_2024-01-18.pt,0.6751507520675659,,lightPotoro,Cerro_Hoya_Expedition/Hoya_1204m_lightPotoro_2025-01-26/2025-01-28/patches/lightPotoro_2025_01_29__02_45_05_HDR0_9_Mothbot_yolo11m_4500_imgsz1600_b1_2024-01-18.pt.jpg,ORDER_Coleoptera,2025-01-29,02:45:05,,2025_01_29__02_45_05,MachineObservation,Cerro_Hoya_Expedition_Hoya_1204m_lightPotoro_2025-01-26_2025-01-28,Cerro_Hoya_Expedition_Hoya_1204m_lightPotoro_2025-01-26,lightPotoro_2025_01_29__02_45_05_HDR0.jpg,lightPotoro_2025_01_29__02_45_05_HDR0_9_Mothbot_yolo11m_4500_imgsz1600_b1_2024-01-18.pt.jpg
,Animalia,Arthropoda,Insecta,Diptera,,,,,,,Diptera,Diptera,Cerro_Hoya_Expedition_Hoya_1204m_lightPotoro_2025-01-26,lightPotoro_2025_01_29__02_45_05_HDR0_10_Mothbot_yolo11m_4500_imgsz1600_b1_2024-01-18.pt.jpg,HS,Mothbot_yolo11m_4500_imgsz1600_b1_2024-01-18.pt,0.6635237336158752,,lightPotoro,Cerro_Hoya_Expedition/Hoya_1204m_lightPotoro_2025-01-26/2025-01-28/patches/lightPotoro_2025_01_29__02_45_05_HDR0_10_Mothbot_yolo11m_4500_imgsz1600_b1_2024-01-18.pt.jpg,ORDER_Diptera,2025-01-29,02:45:05,,2025_01_29__02_45_05,MachineObservation,Cerro_Hoya_Expedition_Hoya_1204m_lightPotoro_2025-01-26_2025-01-28,Cerro_Hoya_Expedition_Hoya_1204m_lightPotoro_2025-01-26,lightPotoro_2025_01_29__02_45_05_HDR0.jpg,lightPotoro_2025_01_29__02_45_05_HDR0_10_Mothbot_yolo11m_4500_imgsz1600_b1_2024-01-18.pt.jpg
,Animalia,Arthropoda,Insecta,Diptera,,,,,,,Diptera,Diptera,Cerro_Hoya_Expedition_Hoya_1204m_lightPotoro_2025-01-26,lightPotoro_2025_01_29__02_45_05_HDR0_11_Mothbot_yolo11m_4500_imgsz1600_b1_2024-01-18.pt.jpg,HS,Mothbot_yolo11m_4500_imgsz1600_b1_2024-01-18.pt,0.601181149482727,,lightPotoro,Cerro_Hoya_Expedition/Hoya_1204m_lightPotoro_2025-01-26/2025-01-28/patches/lightPotoro_2025_01_29__02_45_05_HDR0_11_Mothbot_yolo11m_4500_imgsz1600_b1_2024-01-18.pt.jpg,ORDER_Diptera,2025-01-29,02:45:05,,2025_01_29__02_45_05,MachineObservation,Cerro_Hoya_Expedition_Hoya_1204m_lightPotoro_2025-01-26_2025-01-28,Cerro_Hoya_Expedition_Hoya_1204m_lightPotoro_2025-01-26,lightPotoro_2025_01_29__02_45_05_HDR0.jpg,lightPotoro_2025_01_29__02_45_05_HDR0_11_Mothbot_yolo11m_4500_imgsz1600_b1_2024-01-18.pt.jpg
doi.org10.15468dl.6nxkw6.csv,Animalia,Arthropoda,Insecta,Lepidoptera,,,,,797,,Lepidoptera,Lepidoptera,Cerro_Hoya_Expedition_Hoya_1204m_lightPotoro_2025-01-26,lightPotoro_2025_01_29__02_45_05_HDR0_12_Mothbot_yolo11m_4500_imgsz1600_b1_2024-01-18.pt.jpg,HS,Mothbot_yolo11m_4500_imgsz1600_b1_2024-01-18.pt,0.5876911282539368,,lightPotoro,Cerro_Hoya_Expedition/Hoya_1204m_lightPotoro_2025-01-26/2025-01-28/patches/lightPotoro_2025_01_29__02_45_05_HDR0_12_Mothbot_yolo11m_4500_imgsz1600_b1_2024-01-18.pt.jpg,ORDER_Psocodea,2025-01-29,02:45:05,,2025_01_29__02_45_05,MachineObservation,Cerro_Hoya_Expedition_Hoya_1204m_lightPotoro_2025-01-26_2025-01-28,Cerro_Hoya_Expedition_Hoya_1204m_lightPotoro_2025-01-26,lightPotoro_2025_01_29__02_45_05_HDR0.jpg,lightPotoro_2025_01_29__02_45_05_HDR0_12_Mothbot_yolo11m_4500_imgsz1600_b1_2024-01-18.pt.jpg
,Animalia,Arthropoda,Insecta,Lepidoptera,,,,,,,Lepidoptera,Lepidoptera,Cerro_Hoya_Expedition_Hoya_1204m_lightPotoro_2025-01-26,lightPotoro_2025_01_29__02_46_06_HDR0_0_Mothbot_yolo11m_4500_imgsz1600_b1_2024-01-18.pt.jpg,HS,Mothbot_yolo11m_4500_imgsz1600_b1_2024-01-18.pt,0.8444969654083252,,lightPotoro,Cerro_Hoya_Expedition/Hoya_1204m_lightPotoro_2025-01-26/2025-01-28/patches/lightPotoro_2025_01_29__02_46_06_HDR0_0_Mothbot_yolo11m_4500_imgsz1600_b1_2024-01-18.pt.jpg,ORDER_Lepidoptera,2025-01-29,02:46:06,,2025_01_29__02_46_06,MachineObservation,Cerro_Hoya_Expedition_Hoya_1204m_lightPotoro_2025-01-26_2025-01-28,Cerro_Hoya_Expedition_Hoya_1204m_lightPotoro_2025-01-26,lightPotoro_2025_01_29__02_46_06_HDR0.jpg,lightPotoro_2025_01_29__02_46_06_HDR0_0_Mothbot_yolo11m_4500_imgsz1600_b1_2024-01-18.pt.jpg
,Animalia,Arthropoda,Insecta,Hemiptera,,,,,,,Hemiptera,Hemiptera,Cerro_Hoya_Expedition_Hoya_1204m_lightPotoro_2025-01-26,lightPotoro_2025_01_29__02_46_06_HDR0_1_Mothbot_yolo11m_4500_imgsz1600_b1_2024-01-18.pt.jpg,HS,Mothbot_yolo11m_4500_imgsz1600_b1_2024-01-18.pt,0.8295426964759827,,lightPotoro,Cerro_Hoya_Expedition/Hoya_1204m_lightPotoro_2025-01-26/2025-01-28/patches/lightPotoro_2025_01_29__02_46_06_HDR0_1_Mothbot_yolo11m_4500_imgsz1600_b1_2024-01-18.pt.jpg,ORDER_Hemiptera,2025-01-29,02:46:06,,2025_01_29__02_46_06,MachineObservation,Cerro_Hoya_Expedition_Hoya_1204m_lightPotoro_2025-01-26_2025-01-28,Cerro_Hoya_Expedition_Hoya_1204m_lightPotoro_2025-01-26,lightPotoro_2025_01_29__02_46_06_HDR0.jpg,lightPotoro_2025_01_29__02_46_06_HDR0_1_Mothbot_yolo11m_4500_imgsz1600_b1_2024-01-18.pt.jpg
doi.org10.15468dl.6nxkw6.csv,Animalia,Arthropoda,Insecta,Coleoptera,Chrysomelidae,Diabrotica,,Diabrotica1,1048495,,Diabrotica,Diabrotica1,Cerro_Hoya_Expedition_Hoya_1204m_lightPotoro_2025-01-26,lightPotoro_2025_01_29__02_46_06_HDR0_2_Mothbot_yolo11m_4500_imgsz1600_b1_2024-01-18.pt.jpg,HS,Mothbot_yolo11m_4500_imgsz1600_b1_2024-01-18.pt,0.7949367165565491,,lightPotoro,Cerro_Hoya_Expedition/Hoya_1204m_lightPotoro_2025-01-26/2025-01-28/patches/lightPotoro_2025_01_29__02_46_06_HDR0_2_Mothbot_yolo11m_4500_imgsz1600_b1_2024-01-18.pt.jpg,ORDER_Coleoptera,2025-01-29,02:46:06,,2025_01_29__02_46_06,MachineObservation,Cerro_Hoya_Expedition_Hoya_1204m_lightPotoro_2025-01-26_2025-01-28,Cerro_Hoya_Expedition_Hoya_1204m_lightPotoro_2025-01-26,lightPotoro_2025_01_29__02_46_06_HDR0.jpg,lightPotoro_2025_01_29__02_46_06_HDR0_2_Mothbot_yolo11m_4500_imgsz1600_b1_2024-01-18.pt.jpg
,Animalia,Arthropoda,Insecta,Hemiptera,,,,,,,Hemiptera,Hemiptera,Cerro_Hoya_Expedition_Hoya_1204m_lightPotoro_2025-01-26,lightPotoro_2025_01_29__02_46_06_HDR0_3_Mothbot_yolo11m_4500_imgsz1600_b1_2024-01-18.pt.jpg,HS,Mothbot_yolo11m_4500_imgsz1600_b1_2024-01-18.pt,0.7632306814193726,,lightPotoro,Cerro_Hoya_Expedition/Hoya_1204m_lightPotoro_2025-01-26/2025-01-28/patches/lightPotoro_2025_01_29__02_46_06_HDR0_3_Mothbot_yolo11m_4500_imgsz1600_b1_2024-01-18.pt.jpg,ORDER_Hemiptera,2025-01-29,02:46:06,,2025_01_29__02_46_06,MachineObservation,Cerro_Hoya_Expedition_Hoya_1204m_lightPotoro_2025-01-26_2025-01-28,Cerro_Hoya_Expedition_Hoya_1204m_lightPotoro_2025-01-26,lightPotoro_2025_01_29__02_46_06_HDR0.jpg,lightPotoro_2025_01_29__02_46_06_HDR0_3_Mothbot_yolo11m_4500_imgsz1600_b1_2024-01-18.pt.jpg
,Animalia,Arthropoda,Insecta,Diptera,,,,,,,Diptera,Diptera,Cerro_Hoya_Expedition_Hoya_1204m_lightPotoro_2025-01-26,lightPotoro_2025_01_29__02_46_06_HDR0_4_Mothbot_yolo11m_4500_imgsz1600_b1_2024-01-18.pt.jpg,HS,Mothbot_yolo11m_4500_imgsz1600_b1_2024-01-18.pt,0.7081865668296814,,lightPotoro,Cerro_Hoya_Expedition/Hoya_1204m_lightPotoro_2025-01-26/2025-01-28/patches/lightPotoro_2025_01_29__02_46_06_HDR0_4_Mothbot_yolo11m_4500_imgsz1600_b1_2024-01-18.pt.jpg,ORDER_Diptera,2025-01-29,02:46:06,,2025_01_29__02_46_06,MachineObservation,Cerro_Hoya_Expedition_Hoya_1204m_lightPotoro_2025-01-26_2025-01-28,Cerro_Hoya_Expedition_Hoya_1204m_lightPotoro_2025-01-26,lightPotoro_2025_01_29__02_46_06_HDR0.jpg,lightPotoro_2025_01_29__02_46_06_HDR0_4_Mothbot_yolo11m_4500_imgsz1600_b1_2024-01-18.pt.jpg
doi.org10.15468dl.6nxkw6.csv,Animalia,Arthropoda,Insecta,Coleoptera,Chrysomelidae,Neobrotica,trichops,,,,trichops,Neobrotica trichops,Cerro_Hoya_Expedition_Hoya_1204m_lightPotoro_2025-01-26,lightPotoro_2025_01_29__02_46_06_HDR0_5_Mothbot_yolo11m_4500_imgsz1600_b1_2024-01-18.pt.jpg,HS,Mothbot_yolo11m_4500_imgsz1600_b1_2024-01-18.pt,0.6515792012214661,,lightPotoro,Cerro_Hoya_Expedition/Hoya_1204m_lightPotoro_2025-01-26/2025-01-28/patches/lightPotoro_2025_01_29__02_46_06_HDR0_5_Mothbot_yolo11m_4500_imgsz1600_b1_2024-01-18.pt.jpg,ORDER_Coleoptera,2025-01-29,02:46:06,,2025_01_29__02_46_06,MachineObservation,Cerro_Hoya_Expedition_Hoya_1204m_lightPotoro_2025-01-26_2025-01-28,Cerro_Hoya_Expedition_Hoya_1204m_lightPotoro_2025-01-26,lightPotoro_2025_01_29__02_46_06_HDR0.jpg,lightPotoro_2025_01_29__02_46_06_HDR0_5_Mothbot_yolo11m_4500_imgsz1600_b1_2024-01-18.pt.jpg
doi.org10.15468dl.6nxkw6.csv,Animalia,Arthropoda,Insecta,Coleoptera,Cantharidae,,,Silini2,7777,,Cantharidae,Silini2,Cerro_Hoya_Expedition_Hoya_1204m_lightPotoro_2025-01-26,lightPotoro_2025_01_29__02_46_06_HDR0_6_Mothbot_yolo11m_4500_imgsz1600_b1_2024-01-18.pt.jpg,HS,Mothbot_yolo11m_4500_imgsz1600_b1_2024-01-18.pt,0.6445537805557251,,lightPotoro,Cerro_Hoya_Expedition/Hoya_1204m_lightPotoro_2025-01-26/2025-01-28/patches/lightPotoro_2025_01_29__02_46_06_HDR0_6_Mothbot_yolo11m_4500_imgsz1600_b1_2024-01-18.pt.jpg,ORDER_Coleoptera,2025-01-29,02:46:06,,2025_01_29__02_46_06,MachineObservation,Cerro_Hoya_Expedition_Hoya_1204m_lightPotoro_2025-01-26_2025-01-28,Cerro_Hoya_Expedition_Hoya_1204m_lightPotoro_2025-01-26,lightPotoro_2025_01_29__02_46_06_HDR0.jpg,lightPotoro_2025_01_29__02_46_06_HDR0_6_Mothbot_yolo11m_4500_imgsz1600_b1_2024-01-18.pt.jpg
,Animalia,Arthropoda,Insecta,Diptera,,,,,,,Diptera,Diptera,Cerro_Hoya_Expedition_Hoya_1204m_lightPotoro_2025-01-26,lightPotoro_2025_01_29__02_46_06_HDR0_7_Mothbot_yolo11m_4500_imgsz1600_b1_2024-01-18.pt.jpg,HS,Mothbot_yolo11m_4500_imgsz1600_b1_2024-01-18.pt,0.609522819519043,,lightPotoro,Cerro_Hoya_Expedition/Hoya_1204m_lightPotoro_2025-01-26/2025-01-28/patches/lightPotoro_2025_01_29__02_46_06_HDR0_7_Mothbot_yolo11m_4500_imgsz1600_b1_2024-01-18.pt.jpg,ORDER_Diptera,2025-01-29,02:46:06,,2025_01_29__02_46_06,MachineObservation,Cerro_Hoya_Expedition_Hoya_1204m_lightPotoro_2025-01-26_2025-01-28,Cerro_Hoya_Expedition_Hoya_1204m_lightPotoro_2025-01-26,lightPotoro_2025_01_29__02_46_06_HDR0.jpg,lightPotoro_2025_01_29__02_46_06_HDR0_7_Mothbot_yolo11m_4500_imgsz1600_b1_2024-01-18.pt.jpg
,Animalia,Arthropoda,Insecta,Hemiptera,,,,,,,Hemiptera,Hemiptera,Cerro_Hoya_Expedition_Hoya_1204m_lightPotoro_2025-01-26,lightPotoro_2025_01_29__02_46_06_HDR0_8_Mothbot_yolo11m_4500_imgsz1600_b1_2024-01-18.pt.jpg,HS,Mothbot_yolo11m_4500_imgsz1600_b1_2024-01-18.pt,0.5685744285583496,,lightPotoro,Cerro_Hoya_Expedition/Hoya_1204m_lightPotoro_2025-01-26/2025-01-28/patches/lightPotoro_2025_01_29__02_46_06_HDR0_8_Mothbot_yolo11m_4500_imgsz1600_b1_2024-01-18.pt.jpg,ORDER_Hemiptera,2025-01-29,02:46:06,,2025_01_29__02_46_06,MachineObservation,Cerro_Hoya_Expedition_Hoya_1204m_lightPotoro_2025-01-26_2025-01-28,Cerro_Hoya_Expedition_Hoya_1204m_lightPotoro_2025-01-26,lightPotoro_2025_01_29__02_46_06_HDR0.jpg,lightPotoro_2025_01_29__02_46_06_HDR0_8_Mothbot_yolo11m_4500_imgsz1600_b1_2024-01-18.pt.jpg
,Animalia,Arthropoda,Insecta,Diptera,,,,,,,Diptera,Diptera,Cerro_Hoya_Expedition_Hoya_1204m_lightPotoro_2025-01-26,lightPotoro_2025_01_29__02_46_06_HDR0_9_Mothbot_yolo11m_4500_imgsz1600_b1_2024-01-18.pt.jpg,HS,Mothbot_yolo11m_4500_imgsz1600_b1_2024-01-18.pt,0.48303601145744324,,lightPotoro,Cerro_Hoya_Expedition/Hoya_1204m_lightPotoro_2025-01-26/2025-01-28/patches/lightPotoro_2025_01_29__02_46_06_HDR0_9_Mothbot_yolo11m_4500_imgsz1600_b1_2024-01-18.pt.jpg,ORDER_Diptera,2025-01-29,02:46:06,,2025_01_29__02_46_06,MachineObservation,Cerro_Hoya_Expedition_Hoya_1204m_lightPotoro_2025-01-26_2025-01-28,Cerro_Hoya_Expedition_Hoya_1204m_lightPotoro_2025-01-26,lightPotoro_2025_01_29__02_46_06_HDR0.jpg,lightPotoro_2025_01_29__02_46_06_HDR0_9_Mothbot_yolo11m_4500_imgsz1600_b1_2024-01-18.pt.jpg
,Animalia,Arthropoda,Insecta,Lepidoptera,,,,,,,Lepidoptera,Lepidoptera,Cerro_Hoya_Expedition_Hoya_1204m_lightPotoro_2025-01-26,lightPotoro_2025_01_29__02_47_06_HDR0_0_Mothbot_yolo11m_4500_imgsz1600_b1_2024-01-18.pt.jpg,HS,Mothbot_yolo11m_4500_imgsz1600_b1_2024-01-18.pt,0.8421246409416199,,lightPotoro,Cerro_Hoya_Expedition/Hoya_1204m_lightPotoro_2025-01-26/2025-01-28/patches/lightPotoro_2025_01_29__02_47_06_HDR0_0_Mothbot_yolo11m_4500_imgsz1600_b1_2024-01-18.pt.jpg,ORDER_Lepidoptera,2025-01-29,02:47:06,,2025_01_29__02_47_06,MachineObservation,Cerro_Hoya_Expedition_Hoya_1204m_lightPotoro_2025-01-26_2025-01-28,Cerro_Hoya_Expedition_Hoya_1204m_lightPotoro_2025-01-26,lightPotoro_2025_01_29__02_47_06_HDR0.jpg,lightPotoro_2025_01_29__02_47_06_HDR0_0_Mothbot_yolo11m_4500_imgsz1600_b1_2024-01-18.pt.jpg
doi.org10.15468dl.6nxkw6.csv,Animalia,Arthropoda,Insecta,Coleoptera,Chrysomelidae,Diabrotica,,Diabrotica1,1048495,,Diabrotica,Diabrotica1,Cerro_Hoya_Expedition_Hoya_1204m_lightPotoro_2025-01-26,lightPotoro_2025_01_29__02_47_06_HDR0_1_Mothbot_yolo11m_4500_imgsz1600_b1_2024-01-18.pt.jpg,HS,Mothbot_yolo11m_4500_imgsz1600_b1_2024-01-18.pt,0.8058466911315918,,lightPotoro,Cerro_Hoya_Expedition/Hoya_1204m_lightPotoro_2025-01-26/2025-01-28/patches/lightPotoro_2025_01_29__02_47_06_HDR0_1_Mothbot_yolo11m_4500_imgsz1600_b1_2024-01-18.pt.jpg,ORDER_Coleoptera,2025-01-29,02:47:06,,2025_01_29__02_47_06,MachineObservation,Cerro_Hoya_Expedition_Hoya_1204m_lightPotoro_2025-01-26_2025-01-28,Cerro_Hoya_Expedition_Hoya_1204m_lightPotoro_2025-01-26,lightPotoro_2025_01_29__02_47_06_HDR0.jpg,lightPotoro_2025_01_29__02_47_06_HDR0_1_Mothbot_yolo11m_4500_imgsz1600_b1_2024-01-18.pt.jpg
doi.org10.15468dl.6nxkw6.csv,Animalia,Arthropoda,Insecta,Diptera,,,,,,,Diptera,Diptera,Cerro_Hoya_Expedition_Hoya_1204m_lightPotoro_2025-01-26,lightPotoro_2025_01_29__02_47_06_HDR0_2_Mothbot_yolo11m_4500_imgsz1600_b1_2024-01-18.pt.jpg,HS,Mothbot_yolo11m_4500_imgsz1600_b1_2024-01-18.pt,0.7334376573562622,,lightPotoro,Cerro_Hoya_Expedition/Hoya_1204m_lightPotoro_2025-01-26/2025-01-28/patches/lightPotoro_2025_01_29__02_47_06_HDR0_2_Mothbot_yolo11m_4500_imgsz1600_b1_2024-01-18.pt.jpg,ORDER_Hymenoptera,2025-01-29,02:47:06,,2025_01_29__02_47_06,MachineObservation,Cerro_Hoya_Expedition_Hoya_1204m_lightPotoro_2025-01-26_2025-01-28,Cerro_Hoya_Expedition_Hoya_1204m_lightPotoro_2025-01-26,lightPotoro_2025_01_29__02_47_06_HDR0.jpg,lightPotoro_2025_01_29__02_47_06_HDR0_2_Mothbot_yolo11m_4500_imgsz1600_b1_2024-01-18.pt.jpg
doi.org10.15468dl.6nxkw6.csv,Animalia,Arthropoda,Insecta,Coleoptera,Cantharidae,,,Silini2,7777,,Cantharidae,Silini2,Cerro_Hoya_Expedition_Hoya_1204m_lightPotoro_2025-01-26,lightPotoro_2025_01_29__02_47_06_HDR0_3_Mothbot_yolo11m_4500_imgsz1600_b1_2024-01-18.pt.jpg,HS,Mothbot_yolo11m_4500_imgsz1600_b1_2024-01-18.pt,0.727211058139801,,lightPotoro,Cerro_Hoya_Expedition/Hoya_1204m_lightPotoro_2025-01-26/2025-01-28/patches/lightPotoro_2025_01_29__02_47_06_HDR0_3_Mothbot_yolo11m_4500_imgsz1600_b1_2024-01-18.pt.jpg,ORDER_Coleoptera,2025-01-29,02:47:06,,2025_01_29__02_47_06,MachineObservation,Cerro_Hoya_Expedition_Hoya_1204m_lightPotoro_2025-01-26_2025-01-28,Cerro_Hoya_Expedition_Hoya_1204m_lightPotoro_2025-01-26,lightPotoro_2025_01_29__02_47_06_HDR0.jpg,lightPotoro_2025_01_29__02_47_06_HDR0_3_Mothbot_yolo11m_4500_imgsz1600_b1_2024-01-18.pt.jpg
,Animalia,Arthropoda,Insecta,Hemiptera,,,,,,,Hemiptera,Hemiptera,Cerro_Hoya_Expedition_Hoya_1204m_lightPotoro_2025-01-26,lightPotoro_2025_01_29__02_47_06_HDR0_4_Mothbot_yolo11m_4500_imgsz1600_b1_2024-01-18.pt.jpg,HS,Mothbot_yolo11m_4500_imgsz1600_b1_2024-01-18.pt,0.6844924688339233,,lightPotoro,Cerro_Hoya_Expedition/Hoya_1204m_lightPotoro_2025-01-26/2025-01-28/patches/lightPotoro_2025_01_29__02_47_06_HDR0_4_Mothbot_yolo11m_4500_imgsz1600_b1_2024-01-18.pt.jpg,ORDER_Hemiptera,2025-01-29,02:47:06,,2025_01_29__02_47_06,MachineObservation,Cerro_Hoya_Expedition_Hoya_1204m_lightPotoro_2025-01-26_2025-01-28,Cerro_Hoya_Expedition_Hoya_1204m_lightPotoro_2025-01-26,lightPotoro_2025_01_29__02_47_06_HDR0.jpg,lightPotoro_2025_01_29__02_47_06_HDR0_4_Mothbot_yolo11m_4500_imgsz1600_b1_2024-01-18.pt.jpg
doi.org10.15468dl.6nxkw6.csv,Animalia,Arthropoda,Insecta,Coleoptera,Chrysomelidae,Diabrotica,,Diabrotica1,1048495,,Diabrotica,Diabrotica1,Cerro_Hoya_Expedition_Hoya_1204m_lightPotoro_2025-01-26,lightPotoro_2025_01_29__02_47_06_HDR0_5_Mothbot_yolo11m_4500_imgsz1600_b1_2024-01-18.pt.jpg,HS,Mothbot_yolo11m_4500_imgsz1600_b1_2024-01-18.pt,0.6692821979522705,,lightPotoro,Cerro_Hoya_Expedition/Hoya_1204m_lightPotoro_2025-01-26/2025-01-28/patches/lightPotoro_2025_01_29__02_47_06_HDR0_5_Mothbot_yolo11m_4500_imgsz1600_b1_2024-01-18.pt.jpg,ORDER_Coleoptera,2025-01-29,02:47:06,,2025_01_29__02_47_06,MachineObservation,Cerro_Hoya_Expedition_Hoya_1204m_lightPotoro_2025-01-26_2025-01-28,Cerro_Hoya_Expedition_Hoya_1204m_lightPotoro_2025-01-26,lightPotoro_2025_01_29__02_47_06_HDR0.jpg,lightPotoro_2025_01_29__02_47_06_HDR0_5_Mothbot_yolo11m_4500_imgsz1600_b1_2024-01-18.pt.jpg
,Animalia,Arthropoda,Insecta,Diptera,,,,,,,Diptera,Diptera,Cerro_Hoya_Expedition_Hoya_1204m_lightPotoro_2025-01-26,lightPotoro_2025_01_29__02_47_06_HDR0_6_Mothbot_yolo11m_4500_imgsz1600_b1_2024-01-18.pt.jpg,HS,Mothbot_yolo11m_4500_imgsz1600_b1_2024-01-18.pt,0.6613343358039856,,lightPotoro,Cerro_Hoya_Expedition/Hoya_1204m_lightPotoro_2025-01-26/2025-01-28/patches/lightPotoro_2025_01_29__02_47_06_HDR0_6_Mothbot_yolo11m_4500_imgsz1600_b1_2024-01-18.pt.jpg,ORDER_Diptera,2025-01-29,02:47:06,,2025_01_29__02_47_06,MachineObservation,Cerro_Hoya_Expedition_Hoya_1204m_lightPotoro_2025-01-26_2025-01-28,Cerro_Hoya_Expedition_Hoya_1204m_lightPotoro_2025-01-26,lightPotoro_2025_01_29__02_47_06_HDR0.jpg,lightPotoro_2025_01_29__02_47_06_HDR0_6_Mothbot_yolo11m_4500_imgsz1600_b1_2024-01-18.pt.jpg
,Animalia,Arthropoda,Insecta,Hemiptera,,,,,,,Hemiptera,Hemiptera,Cerro_Hoya_Expedition_Hoya_1204m_lightPotoro_2025-01-26,lightPotoro_2025_01_29__02_47_06_HDR0_7_Mothbot_yolo11m_4500_imgsz1600_b1_2024-01-18.pt.jpg,HS,Mothbot_yolo11m_4500_imgsz1600_b1_2024-01-18.pt,0.5723174810409546,,lightPotoro,Cerro_Hoya_Expedition/Hoya_1204m_lightPotoro_2025-01-26/2025-01-28/patches/lightPotoro_2025_01_29__02_47_06_HDR0_7_Mothbot_yolo11m_4500_imgsz1600_b1_2024-01-18.pt.jpg,ORDER_Hemiptera,2025-01-29,02:47:06,,2025_01_29__02_47_06,MachineObservation,Cerro_Hoya_Expedition_Hoya_1204m_lightPotoro_2025-01-26_2025-01-28,Cerro_Hoya_Expedition_Hoya_1204m_lightPotoro_2025-01-26,lightPotoro_2025_01_29__02_47_06_HDR0.jpg,lightPotoro_2025_01_29__02_47_06_HDR0_7_Mothbot_yolo11m_4500_imgsz1600_b1_2024-01-18.pt.jpg
doi.org10.15468dl.6nxkw6.csv,Animalia,Arthropoda,Insecta,Diptera,,,,,,,Diptera,Diptera,Cerro_Hoya_Expedition_Hoya_1204m_lightPotoro_2025-01-26,lightPotoro_2025_01_29__02_47_06_HDR0_8_Mothbot_yolo11m_4500_imgsz1600_b1_2024-01-18.pt.jpg,HS,Mothbot_yolo11m_4500_imgsz1600_b1_2024-01-18.pt,0.47063976526260376,,lightPotoro,Cerro_Hoya_Expedition/Hoya_1204m_lightPotoro_2025-01-26/2025-01-28/patches/lightPotoro_2025_01_29__02_47_06_HDR0_8_Mothbot_yolo11m_4500_imgsz1600_b1_2024-01-18.pt.jpg,ORDER_Hymenoptera,2025-01-29,02:47:06,,2025_01_29__02_47_06,MachineObservation,Cerro_Hoya_Expedition_Hoya_1204m_lightPotoro_2025-01-26_2025-01-28,Cerro_Hoya_Expedition_Hoya_1204m_lightPotoro_2025-01-26,lightPotoro_2025_01_29__02_47_06_HDR0.jpg,lightPotoro_2025_01_29__02_47_06_HDR0_8_Mothbot_yolo11m_4500_imgsz1600_b1_2024-01-18.pt.jpg
,Animalia,Arthropoda,Insecta,Hemiptera,,,,,,,Hemiptera,Hemiptera,Cerro_Hoya_Expedition_Hoya_1204m_lightPotoro_2025-01-26,lightPotoro_2025_01_29__02_47_06_HDR0_9_Mothbot_yolo11m_4500_imgsz1600_b1_2024-01-18.pt.jpg,HS,Mothbot_yolo11m_4500_imgsz1600_b1_2024-01-18.pt,0.3042057752609253,,lightPotoro,Cerro_Hoya_Expedition/Hoya_1204m_lightPotoro_2025-01-26/2025-01-28/patches/lightPotoro_2025_01_29__02_47_06_HDR0_9_Mothbot_yolo11m_4500_imgsz1600_b1_2024-01-18.pt.jpg,ORDER_Hemiptera,2025-01-29,02:47:06,,2025_01_29__02_47_06,MachineObservation,Cerro_Hoya_Expedition_Hoya_1204m_lightPotoro_2025-01-26_2025-01-28,Cerro_Hoya_Expedition_Hoya_1204m_lightPotoro_2025-01-26,lightPotoro_2025_01_29__02_47_06_HDR0.jpg,lightPotoro_2025_01_29__02_47_06_HDR0_9_Mothbot_yolo11m_4500_imgsz1600_b1_2024-01-18.pt.jpg
,Animalia,Arthropoda,Insecta,Diptera,,,,,,,Diptera,Diptera,Cerro_Hoya_Expedition_Hoya_1204m_lightPotoro_2025-01-26,lightPotoro_2025_01_29__02_47_06_HDR0_10_Mothbot_yolo11m_4500_imgsz1600_b1_2024-01-18.pt.jpg,HS,Mothbot_yolo11m_4500_imgsz1600_b1_2024-01-18.pt,0.2966984212398529,,lightPotoro,Cerro_Hoya_Expedition/Hoya_1204m_lightPotoro_2025-01-26/2025-01-28/patches/lightPotoro_2025_01_29__02_47_06_HDR0_10_Mothbot_yolo11m_4500_imgsz1600_b1_2024-01-18.pt.jpg,ORDER_Diptera,2025-01-29,02:47:06,,2025_01_29__02_47_06,MachineObservation,Cerro_Hoya_Expedition_Hoya_1204m_lightPotoro_2025-01-26_2025-01-28,Cerro_Hoya_Expedition_Hoya_1204m_lightPotoro_2025-01-26,lightPotoro_2025_01_29__02_47_06_HDR0.jpg,lightPotoro_2025_01_29__02_47_06_HDR0_10_Mothbot_yolo11m_4500_imgsz1600_b1_2024-01-18.pt.jpg
,Animalia,Arthropoda,Insecta,Lepidoptera,,,,,,,Lepidoptera,Lepidoptera,Cerro_Hoya_Expedition_Hoya_1204m_lightPotoro_2025-01-26,lightPotoro_2025_01_29__02_48_07_HDR0_0_Mothbot_yolo11m_4500_imgsz1600_b1_2024-01-18.pt.jpg,HS,Mothbot_yolo11m_4500_imgsz1600_b1_2024-01-18.pt,0.8489287495613098,,lightPotoro,Cerro_Hoya_Expedition/Hoya_1204m_lightPotoro_2025-01-26/2025-01-28/patches/lightPotoro_2025_01_29__02_48_07_HDR0_0_Mothbot_yolo11m_4500_imgsz1600_b1_2024-01-18.pt.jpg,ORDER_Lepidoptera,2025-01-29,02:48:07,,2025_01_29__02_48_07,MachineObservation,Cerro_Hoya_Expedition_Hoya_1204m_lightPotoro_2025-01-26_2025-01-28,Cerro_Hoya_Expedition_Hoya_1204m_lightPotoro_2025-01-26,lightPotoro_2025_01_29__02_48_07_HDR0.jpg,lightPotoro_2025_01_29__02_48_07_HDR0_0_Mothbot_yolo11m_4500_imgsz1600_b1_2024-01-18.pt.jpg
doi.org10.15468dl.6nxkw6.csv,Animalia,Arthropoda,Insecta,Coleoptera,Chrysomelidae,Diabrotica,,Diabrotica1,1048495,,Diabrotica,Diabrotica1,Cerro_Hoya_Expedition_Hoya_1204m_lightPotoro_2025-01-26,lightPotoro_2025_01_29__02_48_07_HDR0_1_Mothbot_yolo11m_4500_imgsz1600_b1_2024-01-18.pt.jpg,HS,Mothbot_yolo11m_4500_imgsz1600_b1_2024-01-18.pt,0.8212245106697083,,lightPotoro,Cerro_Hoya_Expedition/Hoya_1204m_lightPotoro_2025-01-26/2025-01-28/patches/lightPotoro_2025_01_29__02_48_07_HDR0_1_Mothbot_yolo11m_4500_imgsz1600_b1_2024-01-18.pt.jpg,ORDER_Coleoptera,2025-01-29,02:48:07,,2025_01_29__02_48_07,MachineObservation,Cerro_Hoya_Expedition_Hoya_1204m_lightPotoro_2025-01-26_2025-01-28,Cerro_Hoya_Expedition_Hoya_1204m_lightPotoro_2025-01-26,lightPotoro_2025_01_29__02_48_07_HDR0.jpg,lightPotoro_2025_01_29__02_48_07_HDR0_1_Mothbot_yolo11m_4500_imgsz1600_b1_2024-01-18.pt.jpg
,Animalia,Arthropoda,Insecta,Diptera,,,,,,,Diptera,Diptera,Cerro_Hoya_Expedition_Hoya_1204m_lightPotoro_2025-01-26,lightPotoro_2025_01_29__02_48_07_HDR0_2_Mothbot_yolo11m_4500_imgsz1600_b1_2024-01-18.pt.jpg,HS,Mothbot_yolo11m_4500_imgsz1600_b1_2024-01-18.pt,0.7177145481109619,,lightPotoro,Cerro_Hoya_Expedition/Hoya_1204m_lightPotoro_2025-01-26/2025-01-28/patches/lightPotoro_2025_01_29__02_48_07_HDR0_2_Mothbot_yolo11m_4500_imgsz1600_b1_2024-01-18.pt.jpg,ORDER_Diptera,2025-01-29,02:48:07,,2025_01_29__02_48_07,MachineObservation,Cerro_Hoya_Expedition_Hoya_1204m_lightPotoro_2025-01-26_2025-01-28,Cerro_Hoya_Expedition_Hoya_1204m_lightPotoro_2025-01-26,lightPotoro_2025_01_29__02_48_07_HDR0.jpg,lightPotoro_2025_01_29__02_48_07_HDR0_2_Mothbot_yolo11m_4500_imgsz1600_b1_2024-01-18.pt.jpg
,Animalia,Arthropoda,Insecta,Hemiptera,,,,,,,Hemiptera,Hemiptera,Cerro_Hoya_Expedition_Hoya_1204m_lightPotoro_2025-01-26,lightPotoro_2025_01_29__02_48_07_HDR0_3_Mothbot_yolo11m_4500_imgsz1600_b1_2024-01-18.pt.jpg,HS,Mothbot_yolo11m_4500_imgsz1600_b1_2024-01-18.pt,0.5692122578620911,,lightPotoro,Cerro_Hoya_Expedition/Hoya_1204m_lightPotoro_2025-01-26/2025-01-28/patches/lightPotoro_2025_01_29__02_48_07_HDR0_3_Mothbot_yolo11m_4500_imgsz1600_b1_2024-01-18.pt.jpg,ORDER_Hemiptera,2025-01-29,02:48:07,,2025_01_29__02_48_07,MachineObservation,Cerro_Hoya_Expedition_Hoya_1204m_lightPotoro_2025-01-26_2025-01-28,Cerro_Hoya_Expedition_Hoya_1204m_lightPotoro_2025-01-26,lightPotoro_2025_01_29__02_48_07_HDR0.jpg,lightPotoro_2025_01_29__02_48_07_HDR0_3_Mothbot_yolo11m_4500_imgsz1600_b1_2024-01-18.pt.jpg
,Animalia,Arthropoda,Insecta,Diptera,,,,,,,Diptera,Diptera,Cerro_Hoya_Expedition_Hoya_1204m_lightPotoro_2025-01-26,lightPotoro_2025_01_29__02_48_07_HDR0_4_Mothbot_yolo11m_4500_imgsz1600_b1_2024-01-18.pt.jpg,HS,Mothbot_yolo11m_4500_imgsz1600_b1_2024-01-18.pt,0.5230344533920288,,lightPotoro,Cerro_Hoya_Expedition/Hoya_1204m_lightPotoro_2025-01-26/2025-01-28/patches/lightPotoro_2025_01_29__02_48_07_HDR0_4_Mothbot_yolo11m_4500_imgsz1600_b1_2024-01-18.pt.jpg,ORDER_Diptera,2025-01-29,02:48:07,,2025_01_29__02_48_07,MachineObservation,Cerro_Hoya_Expedition_Hoya_1204m_lightPotoro_2025-01-26_2025-01-28,Cerro_Hoya_Expedition_Hoya_1204m_lightPotoro_2025-01-26,lightPotoro_2025_01_29__02_48_07_HDR0.jpg,lightPotoro_2025_01_29__02_48_07_HDR0_4_Mothbot_yolo11m_4500_imgsz1600_b1_2024-01-18.pt.jpg
doi.org10.15468dl.6nxkw6.csv,Animalia,Arthropoda,Insecta,Coleoptera,Cantharidae,,,Silini2,7777,,Cantharidae,Silini2,Cerro_Hoya_Expedition_Hoya_1204m_lightPotoro_2025-01-26,lightPotoro_2025_01_29__02_48_07_HDR0_5_Mothbot_yolo11m_4500_imgsz1600_b1_2024-01-18.pt.jpg,HS,Mothbot_yolo11m_4500_imgsz1600_b1_2024-01-18.pt,0.47583070397377014,,lightPotoro,Cerro_Hoya_Expedition/Hoya_1204m_lightPotoro_2025-01-26/2025-01-28/patches/lightPotoro_2025_01_29__02_48_07_HDR0_5_Mothbot_yolo11m_4500_imgsz1600_b1_2024-01-18.pt.jpg,ORDER_Coleoptera,2025-01-29,02:48:07,,2025_01_29__02_48_07,MachineObservation,Cerro_Hoya_Expedition_Hoya_1204m_lightPotoro_2025-01-26_2025-01-28,Cerro_Hoya_Expedition_Hoya_1204m_lightPotoro_2025-01-26,lightPotoro_2025_01_29__02_48_07_HDR0.jpg,lightPotoro_2025_01_29__02_48_07_HDR0_5_Mothbot_yolo11m_4500_imgsz1600_b1_2024-01-18.pt.jpg
,Animalia,Arthropoda,Insecta,Hemiptera,,,,,,,Hemiptera,Hemiptera,Cerro_Hoya_Expedition_Hoya_1204m_lightPotoro_2025-01-26,lightPotoro_2025_01_29__02_48_07_HDR0_6_Mothbot_yolo11m_4500_imgsz1600_b1_2024-01-18.pt.jpg,HS,Mothbot_yolo11m_4500_imgsz1600_b1_2024-01-18.pt,0.3110678493976593,,lightPotoro,Cerro_Hoya_Expedition/Hoya_1204m_lightPotoro_2025-01-26/2025-01-28/patches/lightPotoro_2025_01_29__02_48_07_HDR0_6_Mothbot_yolo11m_4500_imgsz1600_b1_2024-01-18.pt.jpg,ORDER_Hemiptera,2025-01-29,02:48:07,,2025_01_29__02_48_07,MachineObservation,Cerro_Hoya_Expedition_Hoya_1204m_lightPotoro_2025-01-26_2025-01-28,Cerro_Hoya_Expedition_Hoya_1204m_lightPotoro_2025-01-26,lightPotoro_2025_01_29__02_48_07_HDR0.jpg,lightPotoro_2025_01_29__02_48_07_HDR0_6_Mothbot_yolo11m_4500_imgsz1600_b1_2024-01-18.pt.jpg
doi.org10.15468dl.6nxkw6.csv,Animalia,Arthropoda,Insecta,Coleoptera,Chrysomelidae,Diabrotica,,Diabrotica1,1048495,,Diabrotica,Diabrotica1,Cerro_Hoya_Expedition_Hoya_1204m_lightPotoro_2025-01-26,lightPotoro_2025_01_29__02_49_06_HDR0_0_Mothbot_yolo11m_4500_imgsz1600_b1_2024-01-18.pt.jpg,HS,Mothbot_yolo11m_4500_imgsz1600_b1_2024-01-18.pt,0.8438735008239746,,lightPotoro,Cerro_Hoya_Expedition/Hoya_1204m_lightPotoro_2025-01-26/2025-01-28/patches/lightPotoro_2025_01_29__02_49_06_HDR0_0_Mothbot_yolo11m_4500_imgsz1600_b1_2024-01-18.pt.jpg,ORDER_Coleoptera,2025-01-29,02:49:06,,2025_01_29__02_49_06,MachineObservation,Cerro_Hoya_Expedition_Hoya_1204m_lightPotoro_2025-01-26_2025-01-28,Cerro_Hoya_Expedition_Hoya_1204m_lightPotoro_2025-01-26,lightPotoro_2025_01_29__02_49_06_HDR0.jpg,lightPotoro_2025_01_29__02_49_06_HDR0_0_Mothbot_yolo11m_4500_imgsz1600_b1_2024-01-18.pt.jpg
,Animalia,Arthropoda,Insecta,Lepidoptera,,,,,,,Lepidoptera,Lepidoptera,Cerro_Hoya_Expedition_Hoya_1204m_lightPotoro_2025-01-26,lightPotoro_2025_01_29__02_49_06_HDR0_1_Mothbot_yolo11m_4500_imgsz1600_b1_2024-01-18.pt.jpg,HS,Mothbot_yolo11m_4500_imgsz1600_b1_2024-01-18.pt,0.8423919677734375,,lightPotoro,Cerro_Hoya_Expedition/Hoya_1204m_lightPotoro_2025-01-26/2025-01-28/patches/lightPotoro_2025_01_29__02_49_06_HDR0_1_Mothbot_yolo11m_4500_imgsz1600_b1_2024-01-18.pt.jpg,ORDER_Lepidoptera,2025-01-29,02:49:06,,2025_01_29__02_49_06,MachineObservation,Cerro_Hoya_Expedition_Hoya_1204m_lightPotoro_2025-01-26_2025-01-28,Cerro_Hoya_Expedition_Hoya_1204m_lightPotoro_2025-01-26,lightPotoro_2025_01_29__02_49_06_HDR0.jpg,lightPotoro_2025_01_29__02_49_06_HDR0_1_Mothbot_yolo11m_4500_imgsz1600_b1_2024-01-18.pt.jpg
doi.org10.15468dl.6nxkw6.csv,Animalia,Arthropoda,Insecta,Coleoptera,Chrysomelidae,Diabrotica,,Diabrotica1,1048495,,Diabrotica,Diabrotica1,Cerro_Hoya_Expedition_Hoya_1204m_lightPotoro_2025-01-26,lightPotoro_2025_01_29__02_49_06_HDR0_2_Mothbot_yolo11m_4500_imgsz1600_b1_2024-01-18.pt.jpg,HS,Mothbot_yolo11m_4500_imgsz1600_b1_2024-01-18.pt,0.7512844800949097,,lightPotoro,Cerro_Hoya_Expedition/Hoya_1204m_lightPotoro_2025-01-26/2025-01-28/patches/lightPotoro_2025_01_29__02_49_06_HDR0_2_Mothbot_yolo11m_4500_imgsz1600_b1_2024-01-18.pt.jpg,ORDER_Coleoptera,2025-01-29,02:49:06,,2025_01_29__02_49_06,MachineObservation,Cerro_Hoya_Expedition_Hoya_1204m_lightPotoro_2025-01-26_2025-01-28,Cerro_Hoya_Expedition_Hoya_1204m_lightPotoro_2025-01-26,lightPotoro_2025_01_29__02_49_06_HDR0.jpg,lightPotoro_2025_01_29__02_49_06_HDR0_2_Mothbot_yolo11m_4500_imgsz1600_b1_2024-01-18.pt.jpg
,Animalia,Arthropoda,Insecta,Hemiptera,,,,,,,Hemiptera,Hemiptera,Cerro_Hoya_Expedition_Hoya_1204m_lightPotoro_2025-01-26,lightPotoro_2025_01_29__02_49_06_HDR0_3_Mothbot_yolo11m_4500_imgsz1600_b1_2024-01-18.pt.jpg,HS,Mothbot_yolo11m_4500_imgsz1600_b1_2024-01-18.pt,0.6227281093597412,,lightPotoro,Cerro_Hoya_Expedition/Hoya_1204m_lightPotoro_2025-01-26/2025-01-28/patches/lightPotoro_2025_01_29__02_49_06_HDR0_3_Mothbot_yolo11m_4500_imgsz1600_b1_2024-01-18.pt.jpg,ORDER_Hemiptera,2025-01-29,02:49:06,,2025_01_29__02_49_06,MachineObservation,Cerro_Hoya_Expedition_Hoya_1204m_lightPotoro_2025-01-26_2025-01-28,Cerro_Hoya_Expedition_Hoya_1204m_lightPotoro_2025-01-26,lightPotoro_2025_01_29__02_49_06_HDR0.jpg,lightPotoro_2025_01_29__02_49_06_HDR0_3_Mothbot_yolo11m_4500_imgsz1600_b1_2024-01-18.pt.jpg
,Animalia,Arthropoda,Insecta,Diptera,,,,,,,Diptera,Diptera,Cerro_Hoya_Expedition_Hoya_1204m_lightPotoro_2025-01-26,lightPotoro_2025_01_29__02_49_06_HDR0_4_Mothbot_yolo11m_4500_imgsz1600_b1_2024-01-18.pt.jpg,HS,Mothbot_yolo11m_4500_imgsz1600_b1_2024-01-18.pt,0.537966251373291,,lightPotoro,Cerro_Hoya_Expedition/Hoya_1204m_lightPotoro_2025-01-26/2025-01-28/patches/lightPotoro_2025_01_29__02_49_06_HDR0_4_Mothbot_yolo11m_4500_imgsz1600_b1_2024-01-18.pt.jpg,ORDER_Diptera,2025-01-29,02:49:06,,2025_01_29__02_49_06,MachineObservation,Cerro_Hoya_Expedition_Hoya_1204m_lightPotoro_2025-01-26_2025-01-28,Cerro_Hoya_Expedition_Hoya_1204m_lightPotoro_2025-01-26,lightPotoro_2025_01_29__02_49_06_HDR0.jpg,lightPotoro_2025_01_29__02_49_06_HDR0_4_Mothbot_yolo11m_4500_imgsz1600_b1_2024-01-18.pt.jpg
,Animalia,Arthropoda,Insecta,Hemiptera,,,,,,,Hemiptera,Hemiptera,Cerro_Hoya_Expedition_Hoya_1204m_lightPotoro_2025-01-26,lightPotoro_2025_01_29__02_49_06_HDR0_5_Mothbot_yolo11m_4500_imgsz1600_b1_2024-01-18.pt.jpg,HS,Mothbot_yolo11m_4500_imgsz1600_b1_2024-01-18.pt,0.4180862605571747,,lightPotoro,Cerro_Hoya_Expedition/Hoya_1204m_lightPotoro_2025-01-26/2025-01-28/patches/lightPotoro_2025_01_29__02_49_06_HDR0_5_Mothbot_yolo11m_4500_imgsz1600_b1_2024-01-18.pt.jpg,ORDER_Hemiptera,2025-01-29,02:49:06,,2025_01_29__02_49_06,MachineObservation,Cerro_Hoya_Expedition_Hoya_1204m_lightPotoro_2025-01-26_2025-01-28,Cerro_Hoya_Expedition_Hoya_1204m_lightPotoro_2025-01-26,lightPotoro_2025_01_29__02_49_06_HDR0.jpg,lightPotoro_2025_01_29__02_49_06_HDR0_5_Mothbot_yolo11m_4500_imgsz1600_b1_2024-01-18.pt.jpg
,Animalia,Arthropoda,Insecta,Diptera,,,,,,,Diptera,Diptera,Cerro_Hoya_Expedition_Hoya_1204m_lightPotoro_2025-01-26,lightPotoro_2025_01_29__02_49_06_HDR0_6_Mothbot_yolo11m_4500_imgsz1600_b1_2024-01-18.pt.jpg,HS,Mothbot_yolo11m_4500_imgsz1600_b1_2024-01-18.pt,0.40011951327323914,,lightPotoro,Cerro_Hoya_Expedition/Hoya_1204m_lightPotoro_2025-01-26/2025-01-28/patches/lightPotoro_2025_01_29__02_49_06_HDR0_6_Mothbot_yolo11m_4500_imgsz1600_b1_2024-01-18.pt.jpg,ORDER_Diptera,2025-01-29,02:49:06,,2025_01_29__02_49_06,MachineObservation,Cerro_Hoya_Expedition_Hoya_1204m_lightPotoro_2025-01-26_2025-01-28,Cerro_Hoya_Expedition_Hoya_1204m_lightPotoro_2025-01-26,lightPotoro_2025_01_29__02_49_06_HDR0.jpg,lightPotoro_2025_01_29__02_49_06_HDR0_6_Mothbot_yolo11m_4500_imgsz1600_b1_2024-01-18.pt.jpg
,Animalia,Arthropoda,Insecta,Lepidoptera,,,,,,,Lepidoptera,Lepidoptera,Cerro_Hoya_Expedition_Hoya_1204m_lightPotoro_2025-01-26,lightPotoro_2025_01_29__02_50_22_HDR0_0_Mothbot_yolo11m_4500_imgsz1600_b1_2024-01-18.pt.jpg,HS,Mothbot_yolo11m_4500_imgsz1600_b1_2024-01-18.pt,0.8496673703193665,,lightPotoro,Cerro_Hoya_Expedition/Hoya_1204m_lightPotoro_2025-01-26/2025-01-28/patches/lightPotoro_2025_01_29__02_50_22_HDR0_0_Mothbot_yolo11m_4500_imgsz1600_b1_2024-01-18.pt.jpg,ORDER_Lepidoptera,2025-01-29,02:50:22,,2025_01_29__02_50_22,MachineObservation,Cerro_Hoya_Expedition_Hoya_1204m_lightPotoro_2025-01-26_2025-01-28,Cerro_Hoya_Expedition_Hoya_1204m_lightPotoro_2025-01-26,lightPotoro_2025_01_29__02_50_22_HDR0.jpg,lightPotoro_2025_01_29__02_50_22_HDR0_0_Mothbot_yolo11m_4500_imgsz1600_b1_2024-01-18.pt.jpg
doi.org10.15468dl.6nxkw6.csv,Animalia,Arthropoda,Insecta,Coleoptera,Chrysomelidae,Diabrotica,,Diabrotica1,1048495,,Diabrotica,Diabrotica1,Cerro_Hoya_Expedition_Hoya_1204m_lightPotoro_2025-01-26,lightPotoro_2025_01_29__02_50_22_HDR0_1_Mothbot_yolo11m_4500_imgsz1600_b1_2024-01-18.pt.jpg,HS,Mothbot_yolo11m_4500_imgsz1600_b1_2024-01-18.pt,0.7450039982795715,,lightPotoro,Cerro_Hoya_Expedition/Hoya_1204m_lightPotoro_2025-01-26/2025-01-28/patches/lightPotoro_2025_01_29__02_50_22_HDR0_1_Mothbot_yolo11m_4500_imgsz1600_b1_2024-01-18.pt.jpg,ORDER_Coleoptera,2025-01-29,02:50:22,,2025_01_29__02_50_22,MachineObservation,Cerro_Hoya_Expedition_Hoya_1204m_lightPotoro_2025-01-26_2025-01-28,Cerro_Hoya_Expedition_Hoya_1204m_lightPotoro_2025-01-26,lightPotoro_2025_01_29__02_50_22_HDR0.jpg,lightPotoro_2025_01_29__02_50_22_HDR0_1_Mothbot_yolo11m_4500_imgsz1600_b1_2024-01-18.pt.jpg
,Animalia,Arthropoda,Insecta,Diptera,,,,,,,Diptera,Diptera,Cerro_Hoya_Expedition_Hoya_1204m_lightPotoro_2025-01-26,lightPotoro_2025_01_29__02_50_22_HDR0_2_Mothbot_yolo11m_4500_imgsz1600_b1_2024-01-18.pt.jpg,HS,Mothbot_yolo11m_4500_imgsz1600_b1_2024-01-18.pt,0.6122413873672485,,lightPotoro,Cerro_Hoya_Expedition/Hoya_1204m_lightPotoro_2025-01-26/2025-01-28/patches/lightPotoro_2025_01_29__02_50_22_HDR0_2_Mothbot_yolo11m_4500_imgsz1600_b1_2024-01-18.pt.jpg,ORDER_Diptera,2025-01-29,02:50:22,,2025_01_29__02_50_22,MachineObservation,Cerro_Hoya_Expedition_Hoya_1204m_lightPotoro_2025-01-26_2025-01-28,Cerro_Hoya_Expedition_Hoya_1204m_lightPotoro_2025-01-26,lightPotoro_2025_01_29__02_50_22_HDR0.jpg,lightPotoro_2025_01_29__02_50_22_HDR0_2_Mothbot_yolo11m_4500_imgsz1600_b1_2024-01-18.pt.jpg
,Animalia,Arthropoda,Insecta,Lepidoptera,,,,,,,Lepidoptera,Lepidoptera,Cerro_Hoya_Expedition_Hoya_1204m_lightPotoro_2025-01-26,lightPotoro_2025_01_29__02_51_06_HDR0_0_Mothbot_yolo11m_4500_imgsz1600_b1_2024-01-18.pt.jpg,HS,Mothbot_yolo11m_4500_imgsz1600_b1_2024-01-18.pt,0.8440749049186707,,lightPotoro,Cerro_Hoya_Expedition/Hoya_1204m_lightPotoro_2025-01-26/2025-01-28/patches/lightPotoro_2025_01_29__02_51_06_HDR0_0_Mothbot_yolo11m_4500_imgsz1600_b1_2024-01-18.pt.jpg,ORDER_Lepidoptera,2025-01-29,02:51:06,,2025_01_29__02_51_06,MachineObservation,Cerro_Hoya_Expedition_Hoya_1204m_lightPotoro_2025-01-26_2025-01-28,Cerro_Hoya_Expedition_Hoya_1204m_lightPotoro_2025-01-26,lightPotoro_2025_01_29__02_51_06_HDR0.jpg,lightPotoro_2025_01_29__02_51_06_HDR0_0_Mothbot_yolo11m_4500_imgsz1600_b1_2024-01-18.pt.jpg
,Animalia,Arthropoda,Insecta,Lepidoptera,,,,,,,Lepidoptera,Lepidoptera,Cerro_Hoya_Expedition_Hoya_1204m_lightPotoro_2025-01-26,lightPotoro_2025_01_29__02_52_06_HDR0_0_Mothbot_yolo11m_4500_imgsz1600_b1_2024-01-18.pt.jpg,HS,Mothbot_yolo11m_4500_imgsz1600_b1_2024-01-18.pt,0.8463873863220215,,lightPotoro,Cerro_Hoya_Expedition/Hoya_1204m_lightPotoro_2025-01-26/2025-01-28/patches/lightPotoro_2025_01_29__02_52_06_HDR0_0_Mothbot_yolo11m_4500_imgsz1600_b1_2024-01-18.pt.jpg,ORDER_Lepidoptera,2025-01-29,02:52:06,,2025_01_29__02_52_06,MachineObservation,Cerro_Hoya_Expedition_Hoya_1204m_lightPotoro_2025-01-26_2025-01-28,Cerro_Hoya_Expedition_Hoya_1204m_lightPotoro_2025-01-26,lightPotoro_2025_01_29__02_52_06_HDR0.jpg,lightPotoro_2025_01_29__02_52_06_HDR0_0_Mothbot_yolo11m_4500_imgsz1600_b1_2024-01-18.pt.jpg
,Animalia,Arthropoda,Insecta,Hemiptera,,,,,,,Hemiptera,Hemiptera,Cerro_Hoya_Expedition_Hoya_1204m_lightPotoro_2025-01-26,lightPotoro_2025_01_29__02_52_06_HDR0_1_Mothbot_yolo11m_4500_imgsz1600_b1_2024-01-18.pt.jpg,HS,Mothbot_yolo11m_4500_imgsz1600_b1_2024-01-18.pt,0.293771356344223,,lightPotoro,Cerro_Hoya_Expedition/Hoya_1204m_lightPotoro_2025-01-26/2025-01-28/patches/lightPotoro_2025_01_29__02_52_06_HDR0_1_Mothbot_yolo11m_4500_imgsz1600_b1_2024-01-18.pt.jpg,ORDER_Hemiptera,2025-01-29,02:52:06,,2025_01_29__02_52_06,MachineObservation,Cerro_Hoya_Expedition_Hoya_1204m_lightPotoro_2025-01-26_2025-01-28,Cerro_Hoya_Expedition_Hoya_1204m_lightPotoro_2025-01-26,lightPotoro_2025_01_29__02_52_06_HDR0.jpg,lightPotoro_2025_01_29__02_52_06_HDR0_1_Mothbot_yolo11m_4500_imgsz1600_b1_2024-01-18.pt.jpg
,Animalia,Arthropoda,Insecta,Lepidoptera,,,,,,,Lepidoptera,Lepidoptera,Cerro_Hoya_Expedition_Hoya_1204m_lightPotoro_2025-01-26,lightPotoro_2025_01_29__02_53_05_HDR0_0_Mothbot_yolo11m_4500_imgsz1600_b1_2024-01-18.pt.jpg,HS,Mothbot_yolo11m_4500_imgsz1600_b1_2024-01-18.pt,0.8394866585731506,,lightPotoro,Cerro_Hoya_Expedition/Hoya_1204m_lightPotoro_2025-01-26/2025-01-28/patches/lightPotoro_2025_01_29__02_53_05_HDR0_0_Mothbot_yolo11m_4500_imgsz1600_b1_2024-01-18.pt.jpg,ORDER_Lepidoptera,2025-01-29,02:53:05,,2025_01_29__02_53_05,MachineObservation,Cerro_Hoya_Expedition_Hoya_1204m_lightPotoro_2025-01-26_2025-01-28,Cerro_Hoya_Expedition_Hoya_1204m_lightPotoro_2025-01-26,lightPotoro_2025_01_29__02_53_05_HDR0.jpg,lightPotoro_2025_01_29__02_53_05_HDR0_0_Mothbot_yolo11m_4500_imgsz1600_b1_2024-01-18.pt.jpg
doi.org10.15468dl.6nxkw6.csv,Animalia,Arthropoda,Insecta,Coleoptera,Chrysomelidae,Diabrotica,,Diabrotica1,1048495,,Diabrotica,Diabrotica1,Cerro_Hoya_Expedition_Hoya_1204m_lightPotoro_2025-01-26,lightPotoro_2025_01_29__02_53_05_HDR0_1_Mothbot_yolo11m_4500_imgsz1600_b1_2024-01-18.pt.jpg,HS,Mothbot_yolo11m_4500_imgsz1600_b1_2024-01-18.pt,0.2508360743522644,,lightPotoro,Cerro_Hoya_Expedition/Hoya_1204m_lightPotoro_2025-01-26/2025-01-28/patches/lightPotoro_2025_01_29__02_53_05_HDR0_1_Mothbot_yolo11m_4500_imgsz1600_b1_2024-01-18.pt.jpg,ORDER_Blattodea,2025-01-29,02:53:05,,2025_01_29__02_53_05,MachineObservation,Cerro_Hoya_Expedition_Hoya_1204m_lightPotoro_2025-01-26_2025-01-28,Cerro_Hoya_Expedition_Hoya_1204m_lightPotoro_2025-01-26,lightPotoro_2025_01_29__02_53_05_HDR0.jpg,lightPotoro_2025_01_29__02_53_05_HDR0_1_Mothbot_yolo11m_4500_imgsz1600_b1_2024-01-18.pt.jpg
,Animalia,Arthropoda,Insecta,Lepidoptera,,,,,,,Lepidoptera,Lepidoptera,Cerro_Hoya_Expedition_Hoya_1204m_lightPotoro_2025-01-26,lightPotoro_2025_01_29__02_54_06_HDR0_0_Mothbot_yolo11m_4500_imgsz1600_b1_2024-01-18.pt.jpg,HS,Mothbot_yolo11m_4500_imgsz1600_b1_2024-01-18.pt,0.8490443229675293,,lightPotoro,Cerro_Hoya_Expedition/Hoya_1204m_lightPotoro_2025-01-26/2025-01-28/patches/lightPotoro_2025_01_29__02_54_06_HDR0_0_Mothbot_yolo11m_4500_imgsz1600_b1_2024-01-18.pt.jpg,ORDER_Lepidoptera,2025-01-29,02:54:06,,2025_01_29__02_54_06,MachineObservation,Cerro_Hoya_Expedition_Hoya_1204m_lightPotoro_2025-01-26_2025-01-28,Cerro_Hoya_Expedition_Hoya_1204m_lightPotoro_2025-01-26,lightPotoro_2025_01_29__02_54_06_HDR0.jpg,lightPotoro_2025_01_29__02_54_06_HDR0_0_Mothbot_yolo11m_4500_imgsz1600_b1_2024-01-18.pt.jpg
doi.org10.15468dl.6nxkw6.csv,Animalia,Arthropoda,Insecta,Coleoptera,Chrysomelidae,Diabrotica,,Diabrotica1,1048495,,Diabrotica,Diabrotica1,Cerro_Hoya_Expedition_Hoya_1204m_lightPotoro_2025-01-26,lightPotoro_2025_01_29__02_54_06_HDR0_1_Mothbot_yolo11m_4500_imgsz1600_b1_2024-01-18.pt.jpg,HS,Mothbot_yolo11m_4500_imgsz1600_b1_2024-01-18.pt,0.8287729620933533,,lightPotoro,Cerro_Hoya_Expedition/Hoya_1204m_lightPotoro_2025-01-26/2025-01-28/patches/lightPotoro_2025_01_29__02_54_06_HDR0_1_Mothbot_yolo11m_4500_imgsz1600_b1_2024-01-18.pt.jpg,ORDER_Coleoptera,2025-01-29,02:54:06,,2025_01_29__02_54_06,MachineObservation,Cerro_Hoya_Expedition_Hoya_1204m_lightPotoro_2025-01-26_2025-01-28,Cerro_Hoya_Expedition_Hoya_1204m_lightPotoro_2025-01-26,lightPotoro_2025_01_29__02_54_06_HDR0.jpg,lightPotoro_2025_01_29__02_54_06_HDR0_1_Mothbot_yolo11m_4500_imgsz1600_b1_2024-01-18.pt.jpg
,Animalia,Arthropoda,Insecta,Lepidoptera,,,,,,,Lepidoptera,Lepidoptera,Cerro_Hoya_Expedition_Hoya_1204m_lightPotoro_2025-01-26,lightPotoro_2025_01_29__02_55_06_HDR0_0_Mothbot_yolo11m_4500_imgsz1600_b1_2024-01-18.pt.jpg,HS,Mothbot_yolo11m_4500_imgsz1600_b1_2024-01-18.pt,0.8422669172286987,,lightPotoro,Cerro_Hoya_Expedition/Hoya_1204m_lightPotoro_2025-01-26/2025-01-28/patches/lightPotoro_2025_01_29__02_55_06_HDR0_0_Mothbot_yolo11m_4500_imgsz1600_b1_2024-01-18.pt.jpg,ORDER_Lepidoptera,2025-01-29,02:55:06,,2025_01_29__02_55_06,MachineObservation,Cerro_Hoya_Expedition_Hoya_1204m_lightPotoro_2025-01-26_2025-01-28,Cerro_Hoya_Expedition_Hoya_1204m_lightPotoro_2025-01-26,lightPotoro_2025_01_29__02_55_06_HDR0.jpg,lightPotoro_2025_01_29__02_55_06_HDR0_0_Mothbot_yolo11m_4500_imgsz1600_b1_2024-01-18.pt.jpg
,Animalia,Arthropoda,Insecta,Diptera,,,,,,,Diptera,Diptera,Cerro_Hoya_Expedition_Hoya_1204m_lightPotoro_2025-01-26,lightPotoro_2025_01_29__02_55_06_HDR0_1_Mothbot_yolo11m_4500_imgsz1600_b1_2024-01-18.pt.jpg,HS,Mothbot_yolo11m_4500_imgsz1600_b1_2024-01-18.pt,0.6123217940330505,,lightPotoro,Cerro_Hoya_Expedition/Hoya_1204m_lightPotoro_2025-01-26/2025-01-28/patches/lightPotoro_2025_01_29__02_55_06_HDR0_1_Mothbot_yolo11m_4500_imgsz1600_b1_2024-01-18.pt.jpg,ORDER_Diptera,2025-01-29,02:55:06,,2025_01_29__02_55_06,MachineObservation,Cerro_Hoya_Expedition_Hoya_1204m_lightPotoro_2025-01-26_2025-01-28,Cerro_Hoya_Expedition_Hoya_1204m_lightPotoro_2025-01-26,lightPotoro_2025_01_29__02_55_06_HDR0.jpg,lightPotoro_2025_01_29__02_55_06_HDR0_1_Mothbot_yolo11m_4500_imgsz1600_b1_2024-01-18.pt.jpg
doi.org10.15468dl.6nxkw6.csv,Animalia,Arthropoda,Insecta,Coleoptera,Chrysomelidae,Diabrotica,,Diabrotica1,1048495,,Diabrotica,Diabrotica1,Cerro_Hoya_Expedition_Hoya_1204m_lightPotoro_2025-01-26,lightPotoro_2025_01_29__02_55_06_HDR0_2_Mothbot_yolo11m_4500_imgsz1600_b1_2024-01-18.pt.jpg,HS,Mothbot_yolo11m_4500_imgsz1600_b1_2024-01-18.pt,0.49734094738960266,,lightPotoro,Cerro_Hoya_Expedition/Hoya_1204m_lightPotoro_2025-01-26/2025-01-28/patches/lightPotoro_2025_01_29__02_55_06_HDR0_2_Mothbot_yolo11m_4500_imgsz1600_b1_2024-01-18.pt.jpg,ORDER_Hymenoptera,2025-01-29,02:55:06,,2025_01_29__02_55_06,MachineObservation,Cerro_Hoya_Expedition_Hoya_1204m_lightPotoro_2025-01-26_2025-01-28,Cerro_Hoya_Expedition_Hoya_1204m_lightPotoro_2025-01-26,lightPotoro_2025_01_29__02_55_06_HDR0.jpg,lightPotoro_2025_01_29__02_55_06_HDR0_2_Mothbot_yolo11m_4500_imgsz1600_b1_2024-01-18.pt.jpg
,Animalia,Arthropoda,Insecta,Lepidoptera,,,,,,,Lepidoptera,Lepidoptera,Cerro_Hoya_Expedition_Hoya_1204m_lightPotoro_2025-01-26,lightPotoro_2025_01_29__02_56_06_HDR0_0_Mothbot_yolo11m_4500_imgsz1600_b1_2024-01-18.pt.jpg,HS,Mothbot_yolo11m_4500_imgsz1600_b1_2024-01-18.pt,0.8432864546775818,,lightPotoro,Cerro_Hoya_Expedition/Hoya_1204m_lightPotoro_2025-01-26/2025-01-28/patches/lightPotoro_2025_01_29__02_56_06_HDR0_0_Mothbot_yolo11m_4500_imgsz1600_b1_2024-01-18.pt.jpg,ORDER_Lepidoptera,2025-01-29,02:56:06,,2025_01_29__02_56_06,MachineObservation,Cerro_Hoya_Expedition_Hoya_1204m_lightPotoro_2025-01-26_2025-01-28,Cerro_Hoya_Expedition_Hoya_1204m_lightPotoro_2025-01-26,lightPotoro_2025_01_29__02_56_06_HDR0.jpg,lightPotoro_2025_01_29__02_56_06_HDR0_0_Mothbot_yolo11m_4500_imgsz1600_b1_2024-01-18.pt.jpg
doi.org10.15468dl.6nxkw6.csv,Animalia,Arthropoda,Insecta,Diptera,,,,,,,Diptera,Diptera,Cerro_Hoya_Expedition_Hoya_1204m_lightPotoro_2025-01-26,lightPotoro_2025_01_29__02_56_06_HDR0_1_Mothbot_yolo11m_4500_imgsz1600_b1_2024-01-18.pt.jpg,HS,Mothbot_yolo11m_4500_imgsz1600_b1_2024-01-18.pt,0.5835055112838745,,lightPotoro,Cerro_Hoya_Expedition/Hoya_1204m_lightPotoro_2025-01-26/2025-01-28/patches/lightPotoro_2025_01_29__02_56_06_HDR0_1_Mothbot_yolo11m_4500_imgsz1600_b1_2024-01-18.pt.jpg,ORDER_Coleoptera,2025-01-29,02:56:06,,2025_01_29__02_56_06,MachineObservation,Cerro_Hoya_Expedition_Hoya_1204m_lightPotoro_2025-01-26_2025-01-28,Cerro_Hoya_Expedition_Hoya_1204m_lightPotoro_2025-01-26,lightPotoro_2025_01_29__02_56_06_HDR0.jpg,lightPotoro_2025_01_29__02_56_06_HDR0_1_Mothbot_yolo11m_4500_imgsz1600_b1_2024-01-18.pt.jpg
,Animalia,Arthropoda,Insecta,Diptera,,,,,,,Diptera,Diptera,Cerro_Hoya_Expedition_Hoya_1204m_lightPotoro_2025-01-26,lightPotoro_2025_01_29__02_57_22_HDR0_0_Mothbot_yolo11m_4500_imgsz1600_b1_2024-01-18.pt.jpg,HS,Mothbot_yolo11m_4500_imgsz1600_b1_2024-01-18.pt,0.8456411361694336,,lightPotoro,Cerro_Hoya_Expedition/Hoya_1204m_lightPotoro_2025-01-26/2025-01-28/patches/lightPotoro_2025_01_29__02_57_22_HDR0_0_Mothbot_yolo11m_4500_imgsz1600_b1_2024-01-18.pt.jpg,ORDER_Diptera,2025-01-29,02:57:22,,2025_01_29__02_57_22,MachineObservation,Cerro_Hoya_Expedition_Hoya_1204m_lightPotoro_2025-01-26_2025-01-28,Cerro_Hoya_Expedition_Hoya_1204m_lightPotoro_2025-01-26,lightPotoro_2025_01_29__02_57_22_HDR0.jpg,lightPotoro_2025_01_29__02_57_22_HDR0_0_Mothbot_yolo11m_4500_imgsz1600_b1_2024-01-18.pt.jpg
,Animalia,Arthropoda,Insecta,Lepidoptera,,,,,,,Lepidoptera,Lepidoptera,Cerro_Hoya_Expedition_Hoya_1204m_lightPotoro_2025-01-26,lightPotoro_2025_01_29__02_57_22_HDR0_1_Mothbot_yolo11m_4500_imgsz1600_b1_2024-01-18.pt.jpg,HS,Mothbot_yolo11m_4500_imgsz1600_b1_2024-01-18.pt,0.8429937362670898,,lightPotoro,Cerro_Hoya_Expedition/Hoya_1204m_lightPotoro_2025-01-26/2025-01-28/patches/lightPotoro_2025_01_29__02_57_22_HDR0_1_Mothbot_yolo11m_4500_imgsz1600_b1_2024-01-18.pt.jpg,ORDER_Lepidoptera,2025-01-29,02:57:22,,2025_01_29__02_57_22,MachineObservation,Cerro_Hoya_Expedition_Hoya_1204m_lightPotoro_2025-01-26_2025-01-28,Cerro_Hoya_Expedition_Hoya_1204m_lightPotoro_2025-01-26,lightPotoro_2025_01_29__02_57_22_HDR0.jpg,lightPotoro_2025_01_29__02_57_22_HDR0_1_Mothbot_yolo11m_4500_imgsz1600_b1_2024-01-18.pt.jpg
,Animalia,Arthropoda,Insecta,Lepidoptera,,,,,,,Lepidoptera,Lepidoptera,Cerro_Hoya_Expedition_Hoya_1204m_lightPotoro_2025-01-26,lightPotoro_2025_01_29__02_57_22_HDR0_2_Mothbot_yolo11m_4500_imgsz1600_b1_2024-01-18.pt.jpg,HS,Mothbot_yolo11m_4500_imgsz1600_b1_2024-01-18.pt,0.8363789319992065,,lightPotoro,Cerro_Hoya_Expedition/Hoya_1204m_lightPotoro_2025-01-26/2025-01-28/patches/lightPotoro_2025_01_29__02_57_22_HDR0_2_Mothbot_yolo11m_4500_imgsz1600_b1_2024-01-18.pt.jpg,ORDER_Lepidoptera,2025-01-29,02:57:22,,2025_01_29__02_57_22,MachineObservation,Cerro_Hoya_Expedition_Hoya_1204m_lightPotoro_2025-01-26_2025-01-28,Cerro_Hoya_Expedition_Hoya_1204m_lightPotoro_2025-01-26,lightPotoro_2025_01_29__02_57_22_HDR0.jpg,lightPotoro_2025_01_29__02_57_22_HDR0_2_Mothbot_yolo11m_4500_imgsz1600_b1_2024-01-18.pt.jpg
doi.org10.15468dl.6nxkw6.csv,Animalia,Arthropoda,Insecta,Coleoptera,Chrysomelidae,Diabrotica,,Diabrotica1,1048495,,Diabrotica,Diabrotica1,Cerro_Hoya_Expedition_Hoya_1204m_lightPotoro_2025-01-26,lightPotoro_2025_01_29__02_57_22_HDR0_3_Mothbot_yolo11m_4500_imgsz1600_b1_2024-01-18.pt.jpg,HS,Mothbot_yolo11m_4500_imgsz1600_b1_2024-01-18.pt,0.7060077786445618,,lightPotoro,Cerro_Hoya_Expedition/Hoya_1204m_lightPotoro_2025-01-26/2025-01-28/patches/lightPotoro_2025_01_29__02_57_22_HDR0_3_Mothbot_yolo11m_4500_imgsz1600_b1_2024-01-18.pt.jpg,ORDER_Hymenoptera,2025-01-29,02:57:22,,2025_01_29__02_57_22,MachineObservation,Cerro_Hoya_Expedition_Hoya_1204m_lightPotoro_2025-01-26_2025-01-28,Cerro_Hoya_Expedition_Hoya_1204m_lightPotoro_2025-01-26,lightPotoro_2025_01_29__02_57_22_HDR0.jpg,lightPotoro_2025_01_29__02_57_22_HDR0_3_Mothbot_yolo11m_4500_imgsz1600_b1_2024-01-18.pt.jpg
,,,,,,,,,,,,ERROR,Cerro_Hoya_Expedition_Hoya_1204m_lightPotoro_2025-01-26,lightPotoro_2025_01_29__02_57_22_HDR0_4_Mothbot_yolo11m_4500_imgsz1600_b1_2024-01-18.pt.jpg,HS,Mothbot_yolo11m_4500_imgsz1600_b1_2024-01-18.pt,0.6220688223838806,,lightPotoro,Cerro_Hoya_Expedition/Hoya_1204m_lightPotoro_2025-01-26/2025-01-28/patches/lightPotoro_2025_01_29__02_57_22_HDR0_4_Mothbot_yolo11m_4500_imgsz1600_b1_2024-01-18.pt.jpg,ORDER_Diptera,2025-01-29,02:57:22,,2025_01_29__02_57_22,MachineObservation,Cerro_Hoya_Expedition_Hoya_1204m_lightPotoro_2025-01-26_2025-01-28,Cerro_Hoya_Expedition_Hoya_1204m_lightPotoro_2025-01-26,lightPotoro_2025_01_29__02_57_22_HDR0.jpg,lightPotoro_2025_01_29__02_57_22_HDR0_4_Mothbot_yolo11m_4500_imgsz1600_b1_2024-01-18.pt.jpg
,Animalia,Arthropoda,Insecta,Lepidoptera,,,,,,,Lepidoptera,Lepidoptera,Cerro_Hoya_Expedition_Hoya_1204m_lightPotoro_2025-01-26,lightPotoro_2025_01_29__02_58_06_HDR0_0_Mothbot_yolo11m_4500_imgsz1600_b1_2024-01-18.pt.jpg,HS,Mothbot_yolo11m_4500_imgsz1600_b1_2024-01-18.pt,0.8401246666908264,,lightPotoro,Cerro_Hoya_Expedition/Hoya_1204m_lightPotoro_2025-01-26/2025-01-28/patches/lightPotoro_2025_01_29__02_58_06_HDR0_0_Mothbot_yolo11m_4500_imgsz1600_b1_2024-01-18.pt.jpg,ORDER_Lepidoptera,2025-01-29,02:58:06,,2025_01_29__02_58_06,MachineObservation,Cerro_Hoya_Expedition_Hoya_1204m_lightPotoro_2025-01-26_2025-01-28,Cerro_Hoya_Expedition_Hoya_1204m_lightPotoro_2025-01-26,lightPotoro_2025_01_29__02_58_06_HDR0.jpg,lightPotoro_2025_01_29__02_58_06_HDR0_0_Mothbot_yolo11m_4500_imgsz1600_b1_2024-01-18.pt.jpg
,Animalia,Arthropoda,Insecta,Lepidoptera,,,,,,,Lepidoptera,Lepidoptera,Cerro_Hoya_Expedition_Hoya_1204m_lightPotoro_2025-01-26,lightPotoro_2025_01_29__02_58_06_HDR0_1_Mothbot_yolo11m_4500_imgsz1600_b1_2024-01-18.pt.jpg,HS,Mothbot_yolo11m_4500_imgsz1600_b1_2024-01-18.pt,0.79860919713974,,lightPotoro,Cerro_Hoya_Expedition/Hoya_1204m_lightPotoro_2025-01-26/2025-01-28/patches/lightPotoro_2025_01_29__02_58_06_HDR0_1_Mothbot_yolo11m_4500_imgsz1600_b1_2024-01-18.pt.jpg,ORDER_Lepidoptera,2025-01-29,02:58:06,,2025_01_29__02_58_06,MachineObservation,Cerro_Hoya_Expedition_Hoya_1204m_lightPotoro_2025-01-26_2025-01-28,Cerro_Hoya_Expedition_Hoya_1204m_lightPotoro_2025-01-26,lightPotoro_2025_01_29__02_58_06_HDR0.jpg,lightPotoro_2025_01_29__02_58_06_HDR0_1_Mothbot_yolo11m_4500_imgsz1600_b1_2024-01-18.pt.jpg
doi.org10.15468dl.6nxkw6.csv,Animalia,Arthropoda,Insecta,Coleoptera,Chrysomelidae,Diabrotica,,Diabrotica1,1048495,,Diabrotica,Diabrotica1,Cerro_Hoya_Expedition_Hoya_1204m_lightPotoro_2025-01-26,lightPotoro_2025_01_29__02_58_06_HDR0_2_Mothbot_yolo11m_4500_imgsz1600_b1_2024-01-18.pt.jpg,HS,Mothbot_yolo11m_4500_imgsz1600_b1_2024-01-18.pt,0.7509350180625916,,lightPotoro,Cerro_Hoya_Expedition/Hoya_1204m_lightPotoro_2025-01-26/2025-01-28/patches/lightPotoro_2025_01_29__02_58_06_HDR0_2_Mothbot_yolo11m_4500_imgsz1600_b1_2024-01-18.pt.jpg,ORDER_Coleoptera,2025-01-29,02:58:06,,2025_01_29__02_58_06,MachineObservation,Cerro_Hoya_Expedition_Hoya_1204m_lightPotoro_2025-01-26_2025-01-28,Cerro_Hoya_Expedition_Hoya_1204m_lightPotoro_2025-01-26,lightPotoro_2025_01_29__02_58_06_HDR0.jpg,lightPotoro_2025_01_29__02_58_06_HDR0_2_Mothbot_yolo11m_4500_imgsz1600_b1_2024-01-18.pt.jpg
,Animalia,Arthropoda,Insecta,Diptera,,,,,,,Diptera,Diptera,Cerro_Hoya_Expedition_Hoya_1204m_lightPotoro_2025-01-26,lightPotoro_2025_01_29__02_58_06_HDR0_3_Mothbot_yolo11m_4500_imgsz1600_b1_2024-01-18.pt.jpg,HS,Mothbot_yolo11m_4500_imgsz1600_b1_2024-01-18.pt,0.44076070189476013,,lightPotoro,Cerro_Hoya_Expedition/Hoya_1204m_lightPotoro_2025-01-26/2025-01-28/patches/lightPotoro_2025_01_29__02_58_06_HDR0_3_Mothbot_yolo11m_4500_imgsz1600_b1_2024-01-18.pt.jpg,ORDER_Diptera,2025-01-29,02:58:06,,2025_01_29__02_58_06,MachineObservation,Cerro_Hoya_Expedition_Hoya_1204m_lightPotoro_2025-01-26_2025-01-28,Cerro_Hoya_Expedition_Hoya_1204m_lightPotoro_2025-01-26,lightPotoro_2025_01_29__02_58_06_HDR0.jpg,lightPotoro_2025_01_29__02_58_06_HDR0_3_Mothbot_yolo11m_4500_imgsz1600_b1_2024-01-18.pt.jpg
,Animalia,Arthropoda,Insecta,Lepidoptera,,,,,,,Lepidoptera,Lepidoptera,Cerro_Hoya_Expedition_Hoya_1204m_lightPotoro_2025-01-26,lightPotoro_2025_01_29__02_59_05_HDR0_0_Mothbot_yolo11m_4500_imgsz1600_b1_2024-01-18.pt.jpg,HS,Mothbot_yolo11m_4500_imgsz1600_b1_2024-01-18.pt,0.8439383506774902,,lightPotoro,Cerro_Hoya_Expedition/Hoya_1204m_lightPotoro_2025-01-26/2025-01-28/patches/lightPotoro_2025_01_29__02_59_05_HDR0_0_Mothbot_yolo11m_4500_imgsz1600_b1_2024-01-18.pt.jpg,ORDER_Lepidoptera,2025-01-29,02:59:05,,2025_01_29__02_59_05,MachineObservation,Cerro_Hoya_Expedition_Hoya_1204m_lightPotoro_2025-01-26_2025-01-28,Cerro_Hoya_Expedition_Hoya_1204m_lightPotoro_2025-01-26,lightPotoro_2025_01_29__02_59_05_HDR0.jpg,lightPotoro_2025_01_29__02_59_05_HDR0_0_Mothbot_yolo11m_4500_imgsz1600_b1_2024-01-18.pt.jpg
doi.org10.15468dl.6nxkw6.csv,Animalia,Arthropoda,Insecta,Coleoptera,Chrysomelidae,Diabrotica,,Diabrotica1,1048495,,Diabrotica,Diabrotica1,Cerro_Hoya_Expedition_Hoya_1204m_lightPotoro_2025-01-26,lightPotoro_2025_01_29__02_59_05_HDR0_1_Mothbot_yolo11m_4500_imgsz1600_b1_2024-01-18.pt.jpg,HS,Mothbot_yolo11m_4500_imgsz1600_b1_2024-01-18.pt,0.8353559970855713,,lightPotoro,Cerro_Hoya_Expedition/Hoya_1204m_lightPotoro_2025-01-26/2025-01-28/patches/lightPotoro_2025_01_29__02_59_05_HDR0_1_Mothbot_yolo11m_4500_imgsz1600_b1_2024-01-18.pt.jpg,ORDER_Coleoptera,2025-01-29,02:59:05,,2025_01_29__02_59_05,MachineObservation,Cerro_Hoya_Expedition_Hoya_1204m_lightPotoro_2025-01-26_2025-01-28,Cerro_Hoya_Expedition_Hoya_1204m_lightPotoro_2025-01-26,lightPotoro_2025_01_29__02_59_05_HDR0.jpg,lightPotoro_2025_01_29__02_59_05_HDR0_1_Mothbot_yolo11m_4500_imgsz1600_b1_2024-01-18.pt.jpg
,Animalia,Arthropoda,Insecta,Diptera,,,,,,,Diptera,Diptera,Cerro_Hoya_Expedition_Hoya_1204m_lightPotoro_2025-01-26,lightPotoro_2025_01_29__02_59_05_HDR0_2_Mothbot_yolo11m_4500_imgsz1600_b1_2024-01-18.pt.jpg,HS,Mothbot_yolo11m_4500_imgsz1600_b1_2024-01-18.pt,0.7991354465484619,,lightPotoro,Cerro_Hoya_Expedition/Hoya_1204m_lightPotoro_2025-01-26/2025-01-28/patches/lightPotoro_2025_01_29__02_59_05_HDR0_2_Mothbot_yolo11m_4500_imgsz1600_b1_2024-01-18.pt.jpg,ORDER_Diptera,2025-01-29,02:59:05,,2025_01_29__02_59_05,MachineObservation,Cerro_Hoya_Expedition_Hoya_1204m_lightPotoro_2025-01-26_2025-01-28,Cerro_Hoya_Expedition_Hoya_1204m_lightPotoro_2025-01-26,lightPotoro_2025_01_29__02_59_05_HDR0.jpg,lightPotoro_2025_01_29__02_59_05_HDR0_2_Mothbot_yolo11m_4500_imgsz1600_b1_2024-01-18.pt.jpg
doi.org10.15468dl.6nxkw6.csv,Animalia,Arthropoda,Insecta,Lepidoptera,,,,,797,,Lepidoptera,Lepidoptera,Cerro_Hoya_Expedition_Hoya_1204m_lightPotoro_2025-01-26,lightPotoro_2025_01_29__02_59_05_HDR0_3_Mothbot_yolo11m_4500_imgsz1600_b1_2024-01-18.pt.jpg,HS,Mothbot_yolo11m_4500_imgsz1600_b1_2024-01-18.pt,0.7772549390792847,,lightPotoro,Cerro_Hoya_Expedition/Hoya_1204m_lightPotoro_2025-01-26/2025-01-28/patches/lightPotoro_2025_01_29__02_59_05_HDR0_3_Mothbot_yolo11m_4500_imgsz1600_b1_2024-01-18.pt.jpg,ORDER_Trichoptera,2025-01-29,02:59:05,,2025_01_29__02_59_05,MachineObservation,Cerro_Hoya_Expedition_Hoya_1204m_lightPotoro_2025-01-26_2025-01-28,Cerro_Hoya_Expedition_Hoya_1204m_lightPotoro_2025-01-26,lightPotoro_2025_01_29__02_59_05_HDR0.jpg,lightPotoro_2025_01_29__02_59_05_HDR0_3_Mothbot_yolo11m_4500_imgsz1600_b1_2024-01-18.pt.jpg
,Animalia,Arthropoda,Insecta,Hemiptera,,,,,,,Hemiptera,Hemiptera,Cerro_Hoya_Expedition_Hoya_1204m_lightPotoro_2025-01-26,lightPotoro_2025_01_29__02_59_05_HDR0_4_Mothbot_yolo11m_4500_imgsz1600_b1_2024-01-18.pt.jpg,HS,Mothbot_yolo11m_4500_imgsz1600_b1_2024-01-18.pt,0.4269484579563141,,lightPotoro,Cerro_Hoya_Expedition/Hoya_1204m_lightPotoro_2025-01-26/2025-01-28/patches/lightPotoro_2025_01_29__02_59_05_HDR0_4_Mothbot_yolo11m_4500_imgsz1600_b1_2024-01-18.pt.jpg,ORDER_Hemiptera,2025-01-29,02:59:05,,2025_01_29__02_59_05,MachineObservation,Cerro_Hoya_Expedition_Hoya_1204m_lightPotoro_2025-01-26_2025-01-28,Cerro_Hoya_Expedition_Hoya_1204m_lightPotoro_2025-01-26,lightPotoro_2025_01_29__02_59_05_HDR0.jpg,lightPotoro_2025_01_29__02_59_05_HDR0_4_Mothbot_yolo11m_4500_imgsz1600_b1_2024-01-18.pt.jpg
,Animalia,Arthropoda,Insecta,Lepidoptera,,,,,,,Lepidoptera,Lepidoptera,Cerro_Hoya_Expedition_Hoya_1204m_lightPotoro_2025-01-26,lightPotoro_2025_01_29__04_01_24_HDR0_0_Mothbot_yolo11m_4500_imgsz1600_b1_2024-01-18.pt.jpg,HS,Mothbot_yolo11m_4500_imgsz1600_b1_2024-01-18.pt,0.7652437686920166,,lightPotoro,Cerro_Hoya_Expedition/Hoya_1204m_lightPotoro_2025-01-26/2025-01-28/patches/lightPotoro_2025_01_29__04_01_24_HDR0_0_Mothbot_yolo11m_4500_imgsz1600_b1_2024-01-18.pt.jpg,ORDER_Lepidoptera,2025-01-29,04:01:24,,2025_01_29__04_01_24,MachineObservation,Cerro_Hoya_Expedition_Hoya_1204m_lightPotoro_2025-01-26_2025-01-28,Cerro_Hoya_Expedition_Hoya_1204m_lightPotoro_2025-01-26,lightPotoro_2025_01_29__04_01_24_HDR0.jpg,lightPotoro_2025_01_29__04_01_24_HDR0_0_Mothbot_yolo11m_4500_imgsz1600_b1_2024-01-18.pt.jpg
doi.org10.15468dl.6nxkw6.csv,Animalia,Arthropoda,Insecta,Coleoptera,Chrysomelidae,Diabrotica,viridula,,8734396,,viridula,Diabrotica viridula,Cerro_Hoya_Expedition_Hoya_1204m_lightPotoro_2025-01-26,lightPotoro_2025_01_29__04_01_24_HDR0_1_Mothbot_yolo11m_4500_imgsz1600_b1_2024-01-18.pt.jpg,HS,Mothbot_yolo11m_4500_imgsz1600_b1_2024-01-18.pt,0.2595645487308502,,lightPotoro,Cerro_Hoya_Expedition/Hoya_1204m_lightPotoro_2025-01-26/2025-01-28/patches/lightPotoro_2025_01_29__04_01_24_HDR0_1_Mothbot_yolo11m_4500_imgsz1600_b1_2024-01-18.pt.jpg,ORDER_Hemiptera,2025-01-29,04:01:24,,2025_01_29__04_01_24,MachineObservation,Cerro_Hoya_Expedition_Hoya_1204m_lightPotoro_2025-01-26_2025-01-28,Cerro_Hoya_Expedition_Hoya_1204m_lightPotoro_2025-01-26,lightPotoro_2025_01_29__04_01_24_HDR0.jpg,lightPotoro_2025_01_29__04_01_24_HDR0_1_Mothbot_yolo11m_4500_imgsz1600_b1_2024-01-18.pt.jpg
,Animalia,Arthropoda,Insecta,Lepidoptera,,,,,,,Lepidoptera,Lepidoptera,Cerro_Hoya_Expedition_Hoya_1204m_lightPotoro_2025-01-26,lightPotoro_2025_01_29__04_02_06_HDR0_0_Mothbot_yolo11m_4500_imgsz1600_b1_2024-01-18.pt.jpg,HS,Mothbot_yolo11m_4500_imgsz1600_b1_2024-01-18.pt,0.7676025629043579,,lightPotoro,Cerro_Hoya_Expedition/Hoya_1204m_lightPotoro_2025-01-26/2025-01-28/patches/lightPotoro_2025_01_29__04_02_06_HDR0_0_Mothbot_yolo11m_4500_imgsz1600_b1_2024-01-18.pt.jpg,ORDER_Lepidoptera,2025-01-29,04:02:06,,2025_01_29__04_02_06,MachineObservation,Cerro_Hoya_Expedition_Hoya_1204m_lightPotoro_2025-01-26_2025-01-28,Cerro_Hoya_Expedition_Hoya_1204m_lightPotoro_2025-01-26,lightPotoro_2025_01_29__04_02_06_HDR0.jpg,lightPotoro_2025_01_29__04_02_06_HDR0_0_Mothbot_yolo11m_4500_imgsz1600_b1_2024-01-18.pt.jpg
,Animalia,Arthropoda,Insecta,Hemiptera,,,,,,,Hemiptera,Hemiptera,Cerro_Hoya_Expedition_Hoya_1204m_lightPotoro_2025-01-26,lightPotoro_2025_01_29__04_02_06_HDR0_1_Mothbot_yolo11m_4500_imgsz1600_b1_2024-01-18.pt.jpg,HS,Mothbot_yolo11m_4500_imgsz1600_b1_2024-01-18.pt,0.40826064348220825,,lightPotoro,Cerro_Hoya_Expedition/Hoya_1204m_lightPotoro_2025-01-26/2025-01-28/patches/lightPotoro_2025_01_29__04_02_06_HDR0_1_Mothbot_yolo11m_4500_imgsz1600_b1_2024-01-18.pt.jpg,ORDER_Hemiptera,2025-01-29,04:02:06,,2025_01_29__04_02_06,MachineObservation,Cerro_Hoya_Expedition_Hoya_1204m_lightPotoro_2025-01-26_2025-01-28,Cerro_Hoya_Expedition_Hoya_1204m_lightPotoro_2025-01-26,lightPotoro_2025_01_29__04_02_06_HDR0.jpg,lightPotoro_2025_01_29__04_02_06_HDR0_1_Mothbot_yolo11m_4500_imgsz1600_b1_2024-01-18.pt.jpg
,Animalia,Arthropoda,Insecta,Lepidoptera,,,,,,,Lepidoptera,Lepidoptera,Cerro_Hoya_Expedition_Hoya_1204m_lightPotoro_2025-01-26,lightPotoro_2025_01_29__04_03_06_HDR0_0_Mothbot_yolo11m_4500_imgsz1600_b1_2024-01-18.pt.jpg,HS,Mothbot_yolo11m_4500_imgsz1600_b1_2024-01-18.pt,0.7875702381134033,,lightPotoro,Cerro_Hoya_Expedition/Hoya_1204m_lightPotoro_2025-01-26/2025-01-28/patches/lightPotoro_2025_01_29__04_03_06_HDR0_0_Mothbot_yolo11m_4500_imgsz1600_b1_2024-01-18.pt.jpg,ORDER_Lepidoptera,2025-01-29,04:03:06,,2025_01_29__04_03_06,MachineObservation,Cerro_Hoya_Expedition_Hoya_1204m_lightPotoro_2025-01-26_2025-01-28,Cerro_Hoya_Expedition_Hoya_1204m_lightPotoro_2025-01-26,lightPotoro_2025_01_29__04_03_06_HDR0.jpg,lightPotoro_2025_01_29__04_03_06_HDR0_0_Mothbot_yolo11m_4500_imgsz1600_b1_2024-01-18.pt.jpg
,Animalia,Arthropoda,Insecta,Hemiptera,,,,,,,Hemiptera,Hemiptera,Cerro_Hoya_Expedition_Hoya_1204m_lightPotoro_2025-01-26,lightPotoro_2025_01_29__04_03_06_HDR0_1_Mothbot_yolo11m_4500_imgsz1600_b1_2024-01-18.pt.jpg,HS,Mothbot_yolo11m_4500_imgsz1600_b1_2024-01-18.pt,0.33313870429992676,,lightPotoro,Cerro_Hoya_Expedition/Hoya_1204m_lightPotoro_2025-01-26/2025-01-28/patches/lightPotoro_2025_01_29__04_03_06_HDR0_1_Mothbot_yolo11m_4500_imgsz1600_b1_2024-01-18.pt.jpg,ORDER_Hemiptera,2025-01-29,04:03:06,,2025_01_29__04_03_06,MachineObservation,Cerro_Hoya_Expedition_Hoya_1204m_lightPotoro_2025-01-26_2025-01-28,Cerro_Hoya_Expedition_Hoya_1204m_lightPotoro_2025-01-26,lightPotoro_2025_01_29__04_03_06_HDR0.jpg,lightPotoro_2025_01_29__04_03_06_HDR0_1_Mothbot_yolo11m_4500_imgsz1600_b1_2024-01-18.pt.jpg
,Animalia,Arthropoda,Insecta,Lepidoptera,,,,,,,Lepidoptera,Lepidoptera,Cerro_Hoya_Expedition_Hoya_1204m_lightPotoro_2025-01-26,lightPotoro_2025_01_29__04_04_06_HDR0_0_Mothbot_yolo11m_4500_imgsz1600_b1_2024-01-18.pt.jpg,HS,Mothbot_yolo11m_4500_imgsz1600_b1_2024-01-18.pt,0.795583963394165,,lightPotoro,Cerro_Hoya_Expedition/Hoya_1204m_lightPotoro_2025-01-26/2025-01-28/patches/lightPotoro_2025_01_29__04_04_06_HDR0_0_Mothbot_yolo11m_4500_imgsz1600_b1_2024-01-18.pt.jpg,ORDER_Lepidoptera,2025-01-29,04:04:06,,2025_01_29__04_04_06,MachineObservation,Cerro_Hoya_Expedition_Hoya_1204m_lightPotoro_2025-01-26_2025-01-28,Cerro_Hoya_Expedition_Hoya_1204m_lightPotoro_2025-01-26,lightPotoro_2025_01_29__04_04_06_HDR0.jpg,lightPotoro_2025_01_29__04_04_06_HDR0_0_Mothbot_yolo11m_4500_imgsz1600_b1_2024-01-18.pt.jpg
,Animalia,Arthropoda,Insecta,Hemiptera,,,,,,,Hemiptera,Hemiptera,Cerro_Hoya_Expedition_Hoya_1204m_lightPotoro_2025-01-26,lightPotoro_2025_01_29__04_04_06_HDR0_1_Mothbot_yolo11m_4500_imgsz1600_b1_2024-01-18.pt.jpg,HS,Mothbot_yolo11m_4500_imgsz1600_b1_2024-01-18.pt,0.6136178970336914,,lightPotoro,Cerro_Hoya_Expedition/Hoya_1204m_lightPotoro_2025-01-26/2025-01-28/patches/lightPotoro_2025_01_29__04_04_06_HDR0_1_Mothbot_yolo11m_4500_imgsz1600_b1_2024-01-18.pt.jpg,ORDER_Hemiptera,2025-01-29,04:04:06,,2025_01_29__04_04_06,MachineObservation,Cerro_Hoya_Expedition_Hoya_1204m_lightPotoro_2025-01-26_2025-01-28,Cerro_Hoya_Expedition_Hoya_1204m_lightPotoro_2025-01-26,lightPotoro_2025_01_29__04_04_06_HDR0.jpg,lightPotoro_2025_01_29__04_04_06_HDR0_1_Mothbot_yolo11m_4500_imgsz1600_b1_2024-01-18.pt.jpg
,Animalia,Arthropoda,Insecta,Lepidoptera,,,,,,,Lepidoptera,Lepidoptera,Cerro_Hoya_Expedition_Hoya_1204m_lightPotoro_2025-01-26,lightPotoro_2025_01_29__04_05_06_HDR0_0_Mothbot_yolo11m_4500_imgsz1600_b1_2024-01-18.pt.jpg,HS,Mothbot_yolo11m_4500_imgsz1600_b1_2024-01-18.pt,0.7918638586997986,,lightPotoro,Cerro_Hoya_Expedition/Hoya_1204m_lightPotoro_2025-01-26/2025-01-28/patches/lightPotoro_2025_01_29__04_05_06_HDR0_0_Mothbot_yolo11m_4500_imgsz1600_b1_2024-01-18.pt.jpg,ORDER_Lepidoptera,2025-01-29,04:05:06,,2025_01_29__04_05_06,MachineObservation,Cerro_Hoya_Expedition_Hoya_1204m_lightPotoro_2025-01-26_2025-01-28,Cerro_Hoya_Expedition_Hoya_1204m_lightPotoro_2025-01-26,lightPotoro_2025_01_29__04_05_06_HDR0.jpg,lightPotoro_2025_01_29__04_05_06_HDR0_0_Mothbot_yolo11m_4500_imgsz1600_b1_2024-01-18.pt.jpg
,Animalia,Arthropoda,Insecta,Hemiptera,,,,,,,Hemiptera,Hemiptera,Cerro_Hoya_Expedition_Hoya_1204m_lightPotoro_2025-01-26,lightPotoro_2025_01_29__04_05_06_HDR0_1_Mothbot_yolo11m_4500_imgsz1600_b1_2024-01-18.pt.jpg,HS,Mothbot_yolo11m_4500_imgsz1600_b1_2024-01-18.pt,0.6570879220962524,,lightPotoro,Cerro_Hoya_Expedition/Hoya_1204m_lightPotoro_2025-01-26/2025-01-28/patches/lightPotoro_2025_01_29__04_05_06_HDR0_1_Mothbot_yolo11m_4500_imgsz1600_b1_2024-01-18.pt.jpg,ORDER_Hemiptera,2025-01-29,04:05:06,,2025_01_29__04_05_06,MachineObservation,Cerro_Hoya_Expedition_Hoya_1204m_lightPotoro_2025-01-26_2025-01-28,Cerro_Hoya_Expedition_Hoya_1204m_lightPotoro_2025-01-26,lightPotoro_2025_01_29__04_05_06_HDR0.jpg,lightPotoro_2025_01_29__04_05_06_HDR0_1_Mothbot_yolo11m_4500_imgsz1600_b1_2024-01-18.pt.jpg
,Animalia,Arthropoda,Insecta,Lepidoptera,,,,,,,Lepidoptera,Lepidoptera,Cerro_Hoya_Expedition_Hoya_1204m_lightPotoro_2025-01-26,lightPotoro_2025_01_29__04_06_06_HDR0_0_Mothbot_yolo11m_4500_imgsz1600_b1_2024-01-18.pt.jpg,HS,Mothbot_yolo11m_4500_imgsz1600_b1_2024-01-18.pt,0.8051691651344299,,lightPotoro,Cerro_Hoya_Expedition/Hoya_1204m_lightPotoro_2025-01-26/2025-01-28/patches/lightPotoro_2025_01_29__04_06_06_HDR0_0_Mothbot_yolo11m_4500_imgsz1600_b1_2024-01-18.pt.jpg,ORDER_Lepidoptera,2025-01-29,04:06:06,,2025_01_29__04_06_06,MachineObservation,Cerro_Hoya_Expedition_Hoya_1204m_lightPotoro_2025-01-26_2025-01-28,Cerro_Hoya_Expedition_Hoya_1204m_lightPotoro_2025-01-26,lightPotoro_2025_01_29__04_06_06_HDR0.jpg,lightPotoro_2025_01_29__04_06_06_HDR0_0_Mothbot_yolo11m_4500_imgsz1600_b1_2024-01-18.pt.jpg
,Animalia,Arthropoda,Insecta,Hemiptera,,,,,,,Hemiptera,Hemiptera,Cerro_Hoya_Expedition_Hoya_1204m_lightPotoro_2025-01-26,lightPotoro_2025_01_29__04_06_06_HDR0_1_Mothbot_yolo11m_4500_imgsz1600_b1_2024-01-18.pt.jpg,HS,Mothbot_yolo11m_4500_imgsz1600_b1_2024-01-18.pt,0.5803676843643188,,lightPotoro,Cerro_Hoya_Expedition/Hoya_1204m_lightPotoro_2025-01-26/2025-01-28/patches/lightPotoro_2025_01_29__04_06_06_HDR0_1_Mothbot_yolo11m_4500_imgsz1600_b1_2024-01-18.pt.jpg,ORDER_Hemiptera,2025-01-29,04:06:06,,2025_01_29__04_06_06,MachineObservation,Cerro_Hoya_Expedition_Hoya_1204m_lightPotoro_2025-01-26_2025-01-28,Cerro_Hoya_Expedition_Hoya_1204m_lightPotoro_2025-01-26,lightPotoro_2025_01_29__04_06_06_HDR0.jpg,lightPotoro_2025_01_29__04_06_06_HDR0_1_Mothbot_yolo11m_4500_imgsz1600_b1_2024-01-18.pt.jpg
,Animalia,Arthropoda,Insecta,Lepidoptera,,,,,,,Lepidoptera,Lepidoptera,Cerro_Hoya_Expedition_Hoya_1204m_lightPotoro_2025-01-26,lightPotoro_2025_01_29__04_07_05_HDR0_0_Mothbot_yolo11m_4500_imgsz1600_b1_2024-01-18.pt.jpg,HS,Mothbot_yolo11m_4500_imgsz1600_b1_2024-01-18.pt,0.8003121614456177,,lightPotoro,Cerro_Hoya_Expedition/Hoya_1204m_lightPotoro_2025-01-26/2025-01-28/patches/lightPotoro_2025_01_29__04_07_05_HDR0_0_Mothbot_yolo11m_4500_imgsz1600_b1_2024-01-18.pt.jpg,ORDER_Lepidoptera,2025-01-29,04:07:05,,2025_01_29__04_07_05,MachineObservation,Cerro_Hoya_Expedition_Hoya_1204m_lightPotoro_2025-01-26_2025-01-28,Cerro_Hoya_Expedition_Hoya_1204m_lightPotoro_2025-01-26,lightPotoro_2025_01_29__04_07_05_HDR0.jpg,lightPotoro_2025_01_29__04_07_05_HDR0_0_Mothbot_yolo11m_4500_imgsz1600_b1_2024-01-18.pt.jpg
,Animalia,Arthropoda,Insecta,Hemiptera,,,,,,,Hemiptera,Hemiptera,Cerro_Hoya_Expedition_Hoya_1204m_lightPotoro_2025-01-26,lightPotoro_2025_01_29__04_07_05_HDR0_1_Mothbot_yolo11m_4500_imgsz1600_b1_2024-01-18.pt.jpg,HS,Mothbot_yolo11m_4500_imgsz1600_b1_2024-01-18.pt,0.3835337162017822,,lightPotoro,Cerro_Hoya_Expedition/Hoya_1204m_lightPotoro_2025-01-26/2025-01-28/patches/lightPotoro_2025_01_29__04_07_05_HDR0_1_Mothbot_yolo11m_4500_imgsz1600_b1_2024-01-18.pt.jpg,ORDER_Hemiptera,2025-01-29,04:07:05,,2025_01_29__04_07_05,MachineObservation,Cerro_Hoya_Expedition_Hoya_1204m_lightPotoro_2025-01-26_2025-01-28,Cerro_Hoya_Expedition_Hoya_1204m_lightPotoro_2025-01-26,lightPotoro_2025_01_29__04_07_05_HDR0.jpg,lightPotoro_2025_01_29__04_07_05_HDR0_1_Mothbot_yolo11m_4500_imgsz1600_b1_2024-01-18.pt.jpg
,Animalia,Arthropoda,Insecta,Lepidoptera,,,,,,,Lepidoptera,Lepidoptera,Cerro_Hoya_Expedition_Hoya_1204m_lightPotoro_2025-01-26,lightPotoro_2025_01_29__04_08_22_HDR0_0_Mothbot_yolo11m_4500_imgsz1600_b1_2024-01-18.pt.jpg,HS,Mothbot_yolo11m_4500_imgsz1600_b1_2024-01-18.pt,0.8111591339111328,,lightPotoro,Cerro_Hoya_Expedition/Hoya_1204m_lightPotoro_2025-01-26/2025-01-28/patches/lightPotoro_2025_01_29__04_08_22_HDR0_0_Mothbot_yolo11m_4500_imgsz1600_b1_2024-01-18.pt.jpg,ORDER_Lepidoptera,2025-01-29,04:08:22,,2025_01_29__04_08_22,MachineObservation,Cerro_Hoya_Expedition_Hoya_1204m_lightPotoro_2025-01-26_2025-01-28,Cerro_Hoya_Expedition_Hoya_1204m_lightPotoro_2025-01-26,lightPotoro_2025_01_29__04_08_22_HDR0.jpg,lightPotoro_2025_01_29__04_08_22_HDR0_0_Mothbot_yolo11m_4500_imgsz1600_b1_2024-01-18.pt.jpg
,Animalia,Arthropoda,Insecta,Hemiptera,,,,,,,Hemiptera,Hemiptera,Cerro_Hoya_Expedition_Hoya_1204m_lightPotoro_2025-01-26,lightPotoro_2025_01_29__04_08_22_HDR0_1_Mothbot_yolo11m_4500_imgsz1600_b1_2024-01-18.pt.jpg,HS,Mothbot_yolo11m_4500_imgsz1600_b1_2024-01-18.pt,0.6750703454017639,,lightPotoro,Cerro_Hoya_Expedition/Hoya_1204m_lightPotoro_2025-01-26/2025-01-28/patches/lightPotoro_2025_01_29__04_08_22_HDR0_1_Mothbot_yolo11m_4500_imgsz1600_b1_2024-01-18.pt.jpg,ORDER_Hemiptera,2025-01-29,04:08:22,,2025_01_29__04_08_22,MachineObservation,Cerro_Hoya_Expedition_Hoya_1204m_lightPotoro_2025-01-26_2025-01-28,Cerro_Hoya_Expedition_Hoya_1204m_lightPotoro_2025-01-26,lightPotoro_2025_01_29__04_08_22_HDR0.jpg,lightPotoro_2025_01_29__04_08_22_HDR0_1_Mothbot_yolo11m_4500_imgsz1600_b1_2024-01-18.pt.jpg
,Animalia,Arthropoda,Insecta,Lepidoptera,,,,,,,Lepidoptera,Lepidoptera,Cerro_Hoya_Expedition_Hoya_1204m_lightPotoro_2025-01-26,lightPotoro_2025_01_29__04_09_06_HDR0_0_Mothbot_yolo11m_4500_imgsz1600_b1_2024-01-18.pt.jpg,HS,Mothbot_yolo11m_4500_imgsz1600_b1_2024-01-18.pt,0.7913931012153625,,lightPotoro,Cerro_Hoya_Expedition/Hoya_1204m_lightPotoro_2025-01-26/2025-01-28/patches/lightPotoro_2025_01_29__04_09_06_HDR0_0_Mothbot_yolo11m_4500_imgsz1600_b1_2024-01-18.pt.jpg,ORDER_Lepidoptera,2025-01-29,04:09:06,,2025_01_29__04_09_06,MachineObservation,Cerro_Hoya_Expedition_Hoya_1204m_lightPotoro_2025-01-26_2025-01-28,Cerro_Hoya_Expedition_Hoya_1204m_lightPotoro_2025-01-26,lightPotoro_2025_01_29__04_09_06_HDR0.jpg,lightPotoro_2025_01_29__04_09_06_HDR0_0_Mothbot_yolo11m_4500_imgsz1600_b1_2024-01-18.pt.jpg
,Animalia,Arthropoda,Insecta,Hemiptera,,,,,,,Hemiptera,Hemiptera,Cerro_Hoya_Expedition_Hoya_1204m_lightPotoro_2025-01-26,lightPotoro_2025_01_29__04_09_06_HDR0_1_Mothbot_yolo11m_4500_imgsz1600_b1_2024-01-18.pt.jpg,HS,Mothbot_yolo11m_4500_imgsz1600_b1_2024-01-18.pt,0.6090829968452454,,lightPotoro,Cerro_Hoya_Expedition/Hoya_1204m_lightPotoro_2025-01-26/2025-01-28/patches/lightPotoro_2025_01_29__04_09_06_HDR0_1_Mothbot_yolo11m_4500_imgsz1600_b1_2024-01-18.pt.jpg,ORDER_Hemiptera,2025-01-29,04:09:06,,2025_01_29__04_09_06,MachineObservation,Cerro_Hoya_Expedition_Hoya_1204m_lightPotoro_2025-01-26_2025-01-28,Cerro_Hoya_Expedition_Hoya_1204m_lightPotoro_2025-01-26,lightPotoro_2025_01_29__04_09_06_HDR0.jpg,lightPotoro_2025_01_29__04_09_06_HDR0_1_Mothbot_yolo11m_4500_imgsz1600_b1_2024-01-18.pt.jpg
,Animalia,Arthropoda,Insecta,Lepidoptera,,,,,,,Lepidoptera,Lepidoptera,Cerro_Hoya_Expedition_Hoya_1204m_lightPotoro_2025-01-26,lightPotoro_2025_01_29__04_10_06_HDR0_0_Mothbot_yolo11m_4500_imgsz1600_b1_2024-01-18.pt.jpg,HS,Mothbot_yolo11m_4500_imgsz1600_b1_2024-01-18.pt,0.8036962747573853,,lightPotoro,Cerro_Hoya_Expedition/Hoya_1204m_lightPotoro_2025-01-26/2025-01-28/patches/lightPotoro_2025_01_29__04_10_06_HDR0_0_Mothbot_yolo11m_4500_imgsz1600_b1_2024-01-18.pt.jpg,ORDER_Lepidoptera,2025-01-29,04:10:06,,2025_01_29__04_10_06,MachineObservation,Cerro_Hoya_Expedition_Hoya_1204m_lightPotoro_2025-01-26_2025-01-28,Cerro_Hoya_Expedition_Hoya_1204m_lightPotoro_2025-01-26,lightPotoro_2025_01_29__04_10_06_HDR0.jpg,lightPotoro_2025_01_29__04_10_06_HDR0_0_Mothbot_yolo11m_4500_imgsz1600_b1_2024-01-18.pt.jpg
,Animalia,Arthropoda,Insecta,Hemiptera,,,,,,,Hemiptera,Hemiptera,Cerro_Hoya_Expedition_Hoya_1204m_lightPotoro_2025-01-26,lightPotoro_2025_01_29__04_10_06_HDR0_1_Mothbot_yolo11m_4500_imgsz1600_b1_2024-01-18.pt.jpg,HS,Mothbot_yolo11m_4500_imgsz1600_b1_2024-01-18.pt,0.7221230268478394,,lightPotoro,Cerro_Hoya_Expedition/Hoya_1204m_lightPotoro_2025-01-26/2025-01-28/patches/lightPotoro_2025_01_29__04_10_06_HDR0_1_Mothbot_yolo11m_4500_imgsz1600_b1_2024-01-18.pt.jpg,ORDER_Hemiptera,2025-01-29,04:10:06,,2025_01_29__04_10_06,MachineObservation,Cerro_Hoya_Expedition_Hoya_1204m_lightPotoro_2025-01-26_2025-01-28,Cerro_Hoya_Expedition_Hoya_1204m_lightPotoro_2025-01-26,lightPotoro_2025_01_29__04_10_06_HDR0.jpg,lightPotoro_2025_01_29__04_10_06_HDR0_1_Mothbot_yolo11m_4500_imgsz1600_b1_2024-01-18.pt.jpg
,Animalia,Arthropoda,Insecta,Hemiptera,,,,,,,Hemiptera,Hemiptera,Cerro_Hoya_Expedition_Hoya_1204m_lightPotoro_2025-01-26,lightPotoro_2025_01_29__04_11_05_HDR0_0_Mothbot_yolo11m_4500_imgsz1600_b1_2024-01-18.pt.jpg,HS,Mothbot_yolo11m_4500_imgsz1600_b1_2024-01-18.pt,0.8060925006866455,,lightPotoro,Cerro_Hoya_Expedition/Hoya_1204m_lightPotoro_2025-01-26/2025-01-28/patches/lightPotoro_2025_01_29__04_11_05_HDR0_0_Mothbot_yolo11m_4500_imgsz1600_b1_2024-01-18.pt.jpg,ORDER_Hemiptera,2025-01-29,04:11:05,,2025_01_29__04_11_05,MachineObservation,Cerro_Hoya_Expedition_Hoya_1204m_lightPotoro_2025-01-26_2025-01-28,Cerro_Hoya_Expedition_Hoya_1204m_lightPotoro_2025-01-26,lightPotoro_2025_01_29__04_11_05_HDR0.jpg,lightPotoro_2025_01_29__04_11_05_HDR0_0_Mothbot_yolo11m_4500_imgsz1600_b1_2024-01-18.pt.jpg
,Animalia,Arthropoda,Insecta,Lepidoptera,,,,,,,Lepidoptera,Lepidoptera,Cerro_Hoya_Expedition_Hoya_1204m_lightPotoro_2025-01-26,lightPotoro_2025_01_29__04_11_05_HDR0_1_Mothbot_yolo11m_4500_imgsz1600_b1_2024-01-18.pt.jpg,HS,Mothbot_yolo11m_4500_imgsz1600_b1_2024-01-18.pt,0.799652636051178,,lightPotoro,Cerro_Hoya_Expedition/Hoya_1204m_lightPotoro_2025-01-26/2025-01-28/patches/lightPotoro_2025_01_29__04_11_05_HDR0_1_Mothbot_yolo11m_4500_imgsz1600_b1_2024-01-18.pt.jpg,ORDER_Lepidoptera,2025-01-29,04:11:05,,2025_01_29__04_11_05,MachineObservation,Cerro_Hoya_Expedition_Hoya_1204m_lightPotoro_2025-01-26_2025-01-28,Cerro_Hoya_Expedition_Hoya_1204m_lightPotoro_2025-01-26,lightPotoro_2025_01_29__04_11_05_HDR0.jpg,lightPotoro_2025_01_29__04_11_05_HDR0_1_Mothbot_yolo11m_4500_imgsz1600_b1_2024-01-18.pt.jpg
,Animalia,Arthropoda,Insecta,Lepidoptera,,,,,,,Lepidoptera,Lepidoptera,Cerro_Hoya_Expedition_Hoya_1204m_lightPotoro_2025-01-26,lightPotoro_2025_01_29__04_12_05_HDR0_0_Mothbot_yolo11m_4500_imgsz1600_b1_2024-01-18.pt.jpg,HS,Mothbot_yolo11m_4500_imgsz1600_b1_2024-01-18.pt,0.8462461829185486,,lightPotoro,Cerro_Hoya_Expedition/Hoya_1204m_lightPotoro_2025-01-26/2025-01-28/patches/lightPotoro_2025_01_29__04_12_05_HDR0_0_Mothbot_yolo11m_4500_imgsz1600_b1_2024-01-18.pt.jpg,ORDER_Lepidoptera,2025-01-29,04:12:05,,2025_01_29__04_12_05,MachineObservation,Cerro_Hoya_Expedition_Hoya_1204m_lightPotoro_2025-01-26_2025-01-28,Cerro_Hoya_Expedition_Hoya_1204m_lightPotoro_2025-01-26,lightPotoro_2025_01_29__04_12_05_HDR0.jpg,lightPotoro_2025_01_29__04_12_05_HDR0_0_Mothbot_yolo11m_4500_imgsz1600_b1_2024-01-18.pt.jpg
,Animalia,Arthropoda,Insecta,Lepidoptera,,,,,,,Lepidoptera,Lepidoptera,Cerro_Hoya_Expedition_Hoya_1204m_lightPotoro_2025-01-26,lightPotoro_2025_01_29__04_12_05_HDR0_1_Mothbot_yolo11m_4500_imgsz1600_b1_2024-01-18.pt.jpg,HS,Mothbot_yolo11m_4500_imgsz1600_b1_2024-01-18.pt,0.7980291843414307,,lightPotoro,Cerro_Hoya_Expedition/Hoya_1204m_lightPotoro_2025-01-26/2025-01-28/patches/lightPotoro_2025_01_29__04_12_05_HDR0_1_Mothbot_yolo11m_4500_imgsz1600_b1_2024-01-18.pt.jpg,ORDER_Lepidoptera,2025-01-29,04:12:05,,2025_01_29__04_12_05,MachineObservation,Cerro_Hoya_Expedition_Hoya_1204m_lightPotoro_2025-01-26_2025-01-28,Cerro_Hoya_Expedition_Hoya_1204m_lightPotoro_2025-01-26,lightPotoro_2025_01_29__04_12_05_HDR0.jpg,lightPotoro_2025_01_29__04_12_05_HDR0_1_Mothbot_yolo11m_4500_imgsz1600_b1_2024-01-18.pt.jpg
doi.org10.15468dl.6nxkw6.csv,Animalia,Arthropoda,Insecta,Hemiptera,,,,,,,Hemiptera,Hemiptera,Cerro_Hoya_Expedition_Hoya_1204m_lightPotoro_2025-01-26,lightPotoro_2025_01_29__04_12_05_HDR0_2_Mothbot_yolo11m_4500_imgsz1600_b1_2024-01-18.pt.jpg,HS,Mothbot_yolo11m_4500_imgsz1600_b1_2024-01-18.pt,0.75638747215271,,lightPotoro,Cerro_Hoya_Expedition/Hoya_1204m_lightPotoro_2025-01-26/2025-01-28/patches/lightPotoro_2025_01_29__04_12_05_HDR0_2_Mothbot_yolo11m_4500_imgsz1600_b1_2024-01-18.pt.jpg,ORDER_Orthoptera,2025-01-29,04:12:05,,2025_01_29__04_12_05,MachineObservation,Cerro_Hoya_Expedition_Hoya_1204m_lightPotoro_2025-01-26_2025-01-28,Cerro_Hoya_Expedition_Hoya_1204m_lightPotoro_2025-01-26,lightPotoro_2025_01_29__04_12_05_HDR0.jpg,lightPotoro_2025_01_29__04_12_05_HDR0_2_Mothbot_yolo11m_4500_imgsz1600_b1_2024-01-18.pt.jpg
,Animalia,Arthropoda,Insecta,Lepidoptera,,,,,,,Lepidoptera,Lepidoptera,Cerro_Hoya_Expedition_Hoya_1204m_lightPotoro_2025-01-26,lightPotoro_2025_01_29__04_13_06_HDR0_0_Mothbot_yolo11m_4500_imgsz1600_b1_2024-01-18.pt.jpg,HS,Mothbot_yolo11m_4500_imgsz1600_b1_2024-01-18.pt,0.8342541456222534,,lightPotoro,Cerro_Hoya_Expedition/Hoya_1204m_lightPotoro_2025-01-26/2025-01-28/patches/lightPotoro_2025_01_29__04_13_06_HDR0_0_Mothbot_yolo11m_4500_imgsz1600_b1_2024-01-18.pt.jpg,ORDER_Lepidoptera,2025-01-29,04:13:06,,2025_01_29__04_13_06,MachineObservation,Cerro_Hoya_Expedition_Hoya_1204m_lightPotoro_2025-01-26_2025-01-28,Cerro_Hoya_Expedition_Hoya_1204m_lightPotoro_2025-01-26,lightPotoro_2025_01_29__04_13_06_HDR0.jpg,lightPotoro_2025_01_29__04_13_06_HDR0_0_Mothbot_yolo11m_4500_imgsz1600_b1_2024-01-18.pt.jpg
,Animalia,Arthropoda,Insecta,Lepidoptera,,,,,,,Lepidoptera,Lepidoptera,Cerro_Hoya_Expedition_Hoya_1204m_lightPotoro_2025-01-26,lightPotoro_2025_01_29__04_13_06_HDR0_1_Mothbot_yolo11m_4500_imgsz1600_b1_2024-01-18.pt.jpg,HS,Mothbot_yolo11m_4500_imgsz1600_b1_2024-01-18.pt,0.8161682486534119,,lightPotoro,Cerro_Hoya_Expedition/Hoya_1204m_lightPotoro_2025-01-26/2025-01-28/patches/lightPotoro_2025_01_29__04_13_06_HDR0_1_Mothbot_yolo11m_4500_imgsz1600_b1_2024-01-18.pt.jpg,ORDER_Lepidoptera,2025-01-29,04:13:06,,2025_01_29__04_13_06,MachineObservation,Cerro_Hoya_Expedition_Hoya_1204m_lightPotoro_2025-01-26_2025-01-28,Cerro_Hoya_Expedition_Hoya_1204m_lightPotoro_2025-01-26,lightPotoro_2025_01_29__04_13_06_HDR0.jpg,lightPotoro_2025_01_29__04_13_06_HDR0_1_Mothbot_yolo11m_4500_imgsz1600_b1_2024-01-18.pt.jpg
,Animalia,Arthropoda,Insecta,Hemiptera,,,,,,,Hemiptera,Hemiptera,Cerro_Hoya_Expedition_Hoya_1204m_lightPotoro_2025-01-26,lightPotoro_2025_01_29__04_13_06_HDR0_2_Mothbot_yolo11m_4500_imgsz1600_b1_2024-01-18.pt.jpg,HS,Mothbot_yolo11m_4500_imgsz1600_b1_2024-01-18.pt,0.3333889842033386,,lightPotoro,Cerro_Hoya_Expedition/Hoya_1204m_lightPotoro_2025-01-26/2025-01-28/patches/lightPotoro_2025_01_29__04_13_06_HDR0_2_Mothbot_yolo11m_4500_imgsz1600_b1_2024-01-18.pt.jpg,ORDER_Hemiptera,2025-01-29,04:13:06,,2025_01_29__04_13_06,MachineObservation,Cerro_Hoya_Expedition_Hoya_1204m_lightPotoro_2025-01-26_2025-01-28,Cerro_Hoya_Expedition_Hoya_1204m_lightPotoro_2025-01-26,lightPotoro_2025_01_29__04_13_06_HDR0.jpg,lightPotoro_2025_01_29__04_13_06_HDR0_2_Mothbot_yolo11m_4500_imgsz1600_b1_2024-01-18.pt.jpg
,Animalia,Arthropoda,Insecta,Lepidoptera,,,,,,,Lepidoptera,Lepidoptera,Cerro_Hoya_Expedition_Hoya_1204m_lightPotoro_2025-01-26,lightPotoro_2025_01_29__04_14_06_HDR0_0_Mothbot_yolo11m_4500_imgsz1600_b1_2024-01-18.pt.jpg,HS,Mothbot_yolo11m_4500_imgsz1600_b1_2024-01-18.pt,0.8174128532409668,,lightPotoro,Cerro_Hoya_Expedition/Hoya_1204m_lightPotoro_2025-01-26/2025-01-28/patches/lightPotoro_2025_01_29__04_14_06_HDR0_0_Mothbot_yolo11m_4500_imgsz1600_b1_2024-01-18.pt.jpg,ORDER_Lepidoptera,2025-01-29,04:14:06,,2025_01_29__04_14_06,MachineObservation,Cerro_Hoya_Expedition_Hoya_1204m_lightPotoro_2025-01-26_2025-01-28,Cerro_Hoya_Expedition_Hoya_1204m_lightPotoro_2025-01-26,lightPotoro_2025_01_29__04_14_06_HDR0.jpg,lightPotoro_2025_01_29__04_14_06_HDR0_0_Mothbot_yolo11m_4500_imgsz1600_b1_2024-01-18.pt.jpg
doi.org10.15468dl.6nxkw6.csv,Animalia,Arthropoda,Insecta,Lepidoptera,,,,,797,,Lepidoptera,Lepidoptera,Cerro_Hoya_Expedition_Hoya_1204m_lightPotoro_2025-01-26,lightPotoro_2025_01_29__04_14_06_HDR0_1_Mothbot_yolo11m_4500_imgsz1600_b1_2024-01-18.pt.jpg,HS,Mothbot_yolo11m_4500_imgsz1600_b1_2024-01-18.pt,0.7013068795204163,,lightPotoro,Cerro_Hoya_Expedition/Hoya_1204m_lightPotoro_2025-01-26/2025-01-28/patches/lightPotoro_2025_01_29__04_14_06_HDR0_1_Mothbot_yolo11m_4500_imgsz1600_b1_2024-01-18.pt.jpg,ORDER_Diptera,2025-01-29,04:14:06,,2025_01_29__04_14_06,MachineObservation,Cerro_Hoya_Expedition_Hoya_1204m_lightPotoro_2025-01-26_2025-01-28,Cerro_Hoya_Expedition_Hoya_1204m_lightPotoro_2025-01-26,lightPotoro_2025_01_29__04_14_06_HDR0.jpg,lightPotoro_2025_01_29__04_14_06_HDR0_1_Mothbot_yolo11m_4500_imgsz1600_b1_2024-01-18.pt.jpg
,Animalia,Arthropoda,Insecta,Lepidoptera,,,,,,,Lepidoptera,Lepidoptera,Cerro_Hoya_Expedition_Hoya_1204m_lightPotoro_2025-01-26,lightPotoro_2025_01_29__04_14_06_HDR0_2_Mothbot_yolo11m_4500_imgsz1600_b1_2024-01-18.pt.jpg,HS,Mothbot_yolo11m_4500_imgsz1600_b1_2024-01-18.pt,0.41218826174736023,,lightPotoro,Cerro_Hoya_Expedition/Hoya_1204m_lightPotoro_2025-01-26/2025-01-28/patches/lightPotoro_2025_01_29__04_14_06_HDR0_2_Mothbot_yolo11m_4500_imgsz1600_b1_2024-01-18.pt.jpg,ORDER_Lepidoptera,2025-01-29,04:14:06,,2025_01_29__04_14_06,MachineObservation,Cerro_Hoya_Expedition_Hoya_1204m_lightPotoro_2025-01-26_2025-01-28,Cerro_Hoya_Expedition_Hoya_1204m_lightPotoro_2025-01-26,lightPotoro_2025_01_29__04_14_06_HDR0.jpg,lightPotoro_2025_01_29__04_14_06_HDR0_2_Mothbot_yolo11m_4500_imgsz1600_b1_2024-01-18.pt.jpg
,Animalia,Arthropoda,Insecta,Lepidoptera,,,,,,,Lepidoptera,Lepidoptera,Cerro_Hoya_Expedition_Hoya_1204m_lightPotoro_2025-01-26,lightPotoro_2025_01_29__04_15_22_HDR0_0_Mothbot_yolo11m_4500_imgsz1600_b1_2024-01-18.pt.jpg,HS,Mothbot_yolo11m_4500_imgsz1600_b1_2024-01-18.pt,0.8011955618858337,,lightPotoro,Cerro_Hoya_Expedition/Hoya_1204m_lightPotoro_2025-01-26/2025-01-28/patches/lightPotoro_2025_01_29__04_15_22_HDR0_0_Mothbot_yolo11m_4500_imgsz1600_b1_2024-01-18.pt.jpg,ORDER_Lepidoptera,2025-01-29,04:15:22,,2025_01_29__04_15_22,MachineObservation,Cerro_Hoya_Expedition_Hoya_1204m_lightPotoro_2025-01-26_2025-01-28,Cerro_Hoya_Expedition_Hoya_1204m_lightPotoro_2025-01-26,lightPotoro_2025_01_29__04_15_22_HDR0.jpg,lightPotoro_2025_01_29__04_15_22_HDR0_0_Mothbot_yolo11m_4500_imgsz1600_b1_2024-01-18.pt.jpg
,Animalia,Arthropoda,Insecta,Hemiptera,,,,,,,Hemiptera,Hemiptera,Cerro_Hoya_Expedition_Hoya_1204m_lightPotoro_2025-01-26,lightPotoro_2025_01_29__04_15_22_HDR0_1_Mothbot_yolo11m_4500_imgsz1600_b1_2024-01-18.pt.jpg,HS,Mothbot_yolo11m_4500_imgsz1600_b1_2024-01-18.pt,0.6008208394050598,,lightPotoro,Cerro_Hoya_Expedition/Hoya_1204m_lightPotoro_2025-01-26/2025-01-28/patches/lightPotoro_2025_01_29__04_15_22_HDR0_1_Mothbot_yolo11m_4500_imgsz1600_b1_2024-01-18.pt.jpg,ORDER_Hemiptera,2025-01-29,04:15:22,,2025_01_29__04_15_22,MachineObservation,Cerro_Hoya_Expedition_Hoya_1204m_lightPotoro_2025-01-26_2025-01-28,Cerro_Hoya_Expedition_Hoya_1204m_lightPotoro_2025-01-26,lightPotoro_2025_01_29__04_15_22_HDR0.jpg,lightPotoro_2025_01_29__04_15_22_HDR0_1_Mothbot_yolo11m_4500_imgsz1600_b1_2024-01-18.pt.jpg
,Animalia,Arthropoda,Insecta,Lepidoptera,,,,,,,Lepidoptera,Lepidoptera,Cerro_Hoya_Expedition_Hoya_1204m_lightPotoro_2025-01-26,lightPotoro_2025_01_29__04_16_05_HDR0_0_Mothbot_yolo11m_4500_imgsz1600_b1_2024-01-18.pt.jpg,HS,Mothbot_yolo11m_4500_imgsz1600_b1_2024-01-18.pt,0.8158407807350159,,lightPotoro,Cerro_Hoya_Expedition/Hoya_1204m_lightPotoro_2025-01-26/2025-01-28/patches/lightPotoro_2025_01_29__04_16_05_HDR0_0_Mothbot_yolo11m_4500_imgsz1600_b1_2024-01-18.pt.jpg,ORDER_Lepidoptera,2025-01-29,04:16:05,,2025_01_29__04_16_05,MachineObservation,Cerro_Hoya_Expedition_Hoya_1204m_lightPotoro_2025-01-26_2025-01-28,Cerro_Hoya_Expedition_Hoya_1204m_lightPotoro_2025-01-26,lightPotoro_2025_01_29__04_16_05_HDR0.jpg,lightPotoro_2025_01_29__04_16_05_HDR0_0_Mothbot_yolo11m_4500_imgsz1600_b1_2024-01-18.pt.jpg
,Animalia,Arthropoda,Insecta,Lepidoptera,,,,,,,Lepidoptera,Lepidoptera,Cerro_Hoya_Expedition_Hoya_1204m_lightPotoro_2025-01-26,lightPotoro_2025_01_29__04_17_06_HDR0_0_Mothbot_yolo11m_4500_imgsz1600_b1_2024-01-18.pt.jpg,HS,Mothbot_yolo11m_4500_imgsz1600_b1_2024-01-18.pt,0.7839624881744385,,lightPotoro,Cerro_Hoya_Expedition/Hoya_1204m_lightPotoro_2025-01-26/2025-01-28/patches/lightPotoro_2025_01_29__04_17_06_HDR0_0_Mothbot_yolo11m_4500_imgsz1600_b1_2024-01-18.pt.jpg,ORDER_Lepidoptera,2025-01-29,04:17:06,,2025_01_29__04_17_06,MachineObservation,Cerro_Hoya_Expedition_Hoya_1204m_lightPotoro_2025-01-26_2025-01-28,Cerro_Hoya_Expedition_Hoya_1204m_lightPotoro_2025-01-26,lightPotoro_2025_01_29__04_17_06_HDR0.jpg,lightPotoro_2025_01_29__04_17_06_HDR0_0_Mothbot_yolo11m_4500_imgsz1600_b1_2024-01-18.pt.jpg
,Animalia,Arthropoda,Insecta,Lepidoptera,,,,,,,Lepidoptera,Lepidoptera,Cerro_Hoya_Expedition_Hoya_1204m_lightPotoro_2025-01-26,lightPotoro_2025_01_29__04_18_06_HDR0_0_Mothbot_yolo11m_4500_imgsz1600_b1_2024-01-18.pt.jpg,HS,Mothbot_yolo11m_4500_imgsz1600_b1_2024-01-18.pt,0.8156172037124634,,lightPotoro,Cerro_Hoya_Expedition/Hoya_1204m_lightPotoro_2025-01-26/2025-01-28/patches/lightPotoro_2025_01_29__04_18_06_HDR0_0_Mothbot_yolo11m_4500_imgsz1600_b1_2024-01-18.pt.jpg,ORDER_Lepidoptera,2025-01-29,04:18:06,,2025_01_29__04_18_06,MachineObservation,Cerro_Hoya_Expedition_Hoya_1204m_lightPotoro_2025-01-26_2025-01-28,Cerro_Hoya_Expedition_Hoya_1204m_lightPotoro_2025-01-26,lightPotoro_2025_01_29__04_18_06_HDR0.jpg,lightPotoro_2025_01_29__04_18_06_HDR0_0_Mothbot_yolo11m_4500_imgsz1600_b1_2024-01-18.pt.jpg
,Animalia,Arthropoda,Insecta,Diptera,,,,,,,Diptera,Diptera,Cerro_Hoya_Expedition_Hoya_1204m_lightPotoro_2025-01-26,lightPotoro_2025_01_29__04_18_06_HDR0_1_Mothbot_yolo11m_4500_imgsz1600_b1_2024-01-18.pt.jpg,HS,Mothbot_yolo11m_4500_imgsz1600_b1_2024-01-18.pt,0.6275764107704163,,lightPotoro,Cerro_Hoya_Expedition/Hoya_1204m_lightPotoro_2025-01-26/2025-01-28/patches/lightPotoro_2025_01_29__04_18_06_HDR0_1_Mothbot_yolo11m_4500_imgsz1600_b1_2024-01-18.pt.jpg,ORDER_Diptera,2025-01-29,04:18:06,,2025_01_29__04_18_06,MachineObservation,Cerro_Hoya_Expedition_Hoya_1204m_lightPotoro_2025-01-26_2025-01-28,Cerro_Hoya_Expedition_Hoya_1204m_lightPotoro_2025-01-26,lightPotoro_2025_01_29__04_18_06_HDR0.jpg,lightPotoro_2025_01_29__04_18_06_HDR0_1_Mothbot_yolo11m_4500_imgsz1600_b1_2024-01-18.pt.jpg
doi.org10.15468dl.6nxkw6.csv,Animalia,Arthropoda,Insecta,,,,,,216,,Insecta,Insecta,Cerro_Hoya_Expedition_Hoya_1204m_lightPotoro_2025-01-26,lightPotoro_2025_01_29__04_18_06_HDR0_2_Mothbot_yolo11m_4500_imgsz1600_b1_2024-01-18.pt.jpg,HS,Mothbot_yolo11m_4500_imgsz1600_b1_2024-01-18.pt,0.3800978660583496,,lightPotoro,Cerro_Hoya_Expedition/Hoya_1204m_lightPotoro_2025-01-26/2025-01-28/patches/lightPotoro_2025_01_29__04_18_06_HDR0_2_Mothbot_yolo11m_4500_imgsz1600_b1_2024-01-18.pt.jpg,ORDER_Psocodea,2025-01-29,04:18:06,,2025_01_29__04_18_06,MachineObservation,Cerro_Hoya_Expedition_Hoya_1204m_lightPotoro_2025-01-26_2025-01-28,Cerro_Hoya_Expedition_Hoya_1204m_lightPotoro_2025-01-26,lightPotoro_2025_01_29__04_18_06_HDR0.jpg,lightPotoro_2025_01_29__04_18_06_HDR0_2_Mothbot_yolo11m_4500_imgsz1600_b1_2024-01-18.pt.jpg
,Animalia,Arthropoda,Insecta,Lepidoptera,,,,,,,Lepidoptera,Lepidoptera,Cerro_Hoya_Expedition_Hoya_1204m_lightPotoro_2025-01-26,lightPotoro_2025_01_29__04_19_06_HDR0_0_Mothbot_yolo11m_4500_imgsz1600_b1_2024-01-18.pt.jpg,HS,Mothbot_yolo11m_4500_imgsz1600_b1_2024-01-18.pt,0.8138965368270874,,lightPotoro,Cerro_Hoya_Expedition/Hoya_1204m_lightPotoro_2025-01-26/2025-01-28/patches/lightPotoro_2025_01_29__04_19_06_HDR0_0_Mothbot_yolo11m_4500_imgsz1600_b1_2024-01-18.pt.jpg,ORDER_Lepidoptera,2025-01-29,04:19:06,,2025_01_29__04_19_06,MachineObservation,Cerro_Hoya_Expedition_Hoya_1204m_lightPotoro_2025-01-26_2025-01-28,Cerro_Hoya_Expedition_Hoya_1204m_lightPotoro_2025-01-26,lightPotoro_2025_01_29__04_19_06_HDR0.jpg,lightPotoro_2025_01_29__04_19_06_HDR0_0_Mothbot_yolo11m_4500_imgsz1600_b1_2024-01-18.pt.jpg
doi.org10.15468dl.6nxkw6.csv,Animalia,Arthropoda,Insecta,Hemiptera,,,,,,,Hemiptera,Hemiptera,Cerro_Hoya_Expedition_Hoya_1204m_lightPotoro_2025-01-26,lightPotoro_2025_01_29__04_19_06_HDR0_1_Mothbot_yolo11m_4500_imgsz1600_b1_2024-01-18.pt.jpg,HS,Mothbot_yolo11m_4500_imgsz1600_b1_2024-01-18.pt,0.8083999752998352,,lightPotoro,Cerro_Hoya_Expedition/Hoya_1204m_lightPotoro_2025-01-26/2025-01-28/patches/lightPotoro_2025_01_29__04_19_06_HDR0_1_Mothbot_yolo11m_4500_imgsz1600_b1_2024-01-18.pt.jpg,ORDER_Coleoptera,2025-01-29,04:19:06,,2025_01_29__04_19_06,MachineObservation,Cerro_Hoya_Expedition_Hoya_1204m_lightPotoro_2025-01-26_2025-01-28,Cerro_Hoya_Expedition_Hoya_1204m_lightPotoro_2025-01-26,lightPotoro_2025_01_29__04_19_06_HDR0.jpg,lightPotoro_2025_01_29__04_19_06_HDR0_1_Mothbot_yolo11m_4500_imgsz1600_b1_2024-01-18.pt.jpg
,Animalia,Arthropoda,Insecta,Hemiptera,,,,,,,Hemiptera,Hemiptera,Cerro_Hoya_Expedition_Hoya_1204m_lightPotoro_2025-01-26,lightPotoro_2025_01_29__04_20_06_HDR0_0_Mothbot_yolo11m_4500_imgsz1600_b1_2024-01-18.pt.jpg,HS,Mothbot_yolo11m_4500_imgsz1600_b1_2024-01-18.pt,0.8175472021102905,,lightPotoro,Cerro_Hoya_Expedition/Hoya_1204m_lightPotoro_2025-01-26/2025-01-28/patches/lightPotoro_2025_01_29__04_20_06_HDR0_0_Mothbot_yolo11m_4500_imgsz1600_b1_2024-01-18.pt.jpg,ORDER_Hemiptera,2025-01-29,04:20:06,,2025_01_29__04_20_06,MachineObservation,Cerro_Hoya_Expedition_Hoya_1204m_lightPotoro_2025-01-26_2025-01-28,Cerro_Hoya_Expedition_Hoya_1204m_lightPotoro_2025-01-26,lightPotoro_2025_01_29__04_20_06_HDR0.jpg,lightPotoro_2025_01_29__04_20_06_HDR0_0_Mothbot_yolo11m_4500_imgsz1600_b1_2024-01-18.pt.jpg
,Animalia,Arthropoda,Insecta,Lepidoptera,,,,,,,Lepidoptera,Lepidoptera,Cerro_Hoya_Expedition_Hoya_1204m_lightPotoro_2025-01-26,lightPotoro_2025_01_29__04_20_06_HDR0_1_Mothbot_yolo11m_4500_imgsz1600_b1_2024-01-18.pt.jpg,HS,Mothbot_yolo11m_4500_imgsz1600_b1_2024-01-18.pt,0.8040755987167358,,lightPotoro,Cerro_Hoya_Expedition/Hoya_1204m_lightPotoro_2025-01-26/2025-01-28/patches/lightPotoro_2025_01_29__04_20_06_HDR0_1_Mothbot_yolo11m_4500_imgsz1600_b1_2024-01-18.pt.jpg,ORDER_Lepidoptera,2025-01-29,04:20:06,,2025_01_29__04_20_06,MachineObservation,Cerro_Hoya_Expedition_Hoya_1204m_lightPotoro_2025-01-26_2025-01-28,Cerro_Hoya_Expedition_Hoya_1204m_lightPotoro_2025-01-26,lightPotoro_2025_01_29__04_20_06_HDR0.jpg,lightPotoro_2025_01_29__04_20_06_HDR0_1_Mothbot_yolo11m_4500_imgsz1600_b1_2024-01-18.pt.jpg
,Animalia,Arthropoda,Insecta,Lepidoptera,,,,,,,Lepidoptera,Lepidoptera,Cerro_Hoya_Expedition_Hoya_1204m_lightPotoro_2025-01-26,lightPotoro_2025_01_29__04_21_06_HDR0_0_Mothbot_yolo11m_4500_imgsz1600_b1_2024-01-18.pt.jpg,HS,Mothbot_yolo11m_4500_imgsz1600_b1_2024-01-18.pt,0.8113639950752258,,lightPotoro,Cerro_Hoya_Expedition/Hoya_1204m_lightPotoro_2025-01-26/2025-01-28/patches/lightPotoro_2025_01_29__04_21_06_HDR0_0_Mothbot_yolo11m_4500_imgsz1600_b1_2024-01-18.pt.jpg,ORDER_Lepidoptera,2025-01-29,04:21:06,,2025_01_29__04_21_06,MachineObservation,Cerro_Hoya_Expedition_Hoya_1204m_lightPotoro_2025-01-26_2025-01-28,Cerro_Hoya_Expedition_Hoya_1204m_lightPotoro_2025-01-26,lightPotoro_2025_01_29__04_21_06_HDR0.jpg,lightPotoro_2025_01_29__04_21_06_HDR0_0_Mothbot_yolo11m_4500_imgsz1600_b1_2024-01-18.pt.jpg
doi.org10.15468dl.6nxkw6.csv,Animalia,Arthropoda,Insecta,Hemiptera,,,,,,,Hemiptera,Hemiptera,Cerro_Hoya_Expedition_Hoya_1204m_lightPotoro_2025-01-26,lightPotoro_2025_01_29__04_21_06_HDR0_1_Mothbot_yolo11m_4500_imgsz1600_b1_2024-01-18.pt.jpg,HS,Mothbot_yolo11m_4500_imgsz1600_b1_2024-01-18.pt,0.776107668876648,,lightPotoro,Cerro_Hoya_Expedition/Hoya_1204m_lightPotoro_2025-01-26/2025-01-28/patches/lightPotoro_2025_01_29__04_21_06_HDR0_1_Mothbot_yolo11m_4500_imgsz1600_b1_2024-01-18.pt.jpg,ORDER_Hymenoptera,2025-01-29,04:21:06,,2025_01_29__04_21_06,MachineObservation,Cerro_Hoya_Expedition_Hoya_1204m_lightPotoro_2025-01-26_2025-01-28,Cerro_Hoya_Expedition_Hoya_1204m_lightPotoro_2025-01-26,lightPotoro_2025_01_29__04_21_06_HDR0.jpg,lightPotoro_2025_01_29__04_21_06_HDR0_1_Mothbot_yolo11m_4500_imgsz1600_b1_2024-01-18.pt.jpg
,Animalia,Arthropoda,Insecta,Hemiptera,,,,,,,Hemiptera,Hemiptera,Cerro_Hoya_Expedition_Hoya_1204m_lightPotoro_2025-01-26,lightPotoro_2025_01_29__04_21_06_HDR0_2_Mothbot_yolo11m_4500_imgsz1600_b1_2024-01-18.pt.jpg,HS,Mothbot_yolo11m_4500_imgsz1600_b1_2024-01-18.pt,0.7454164624214172,,lightPotoro,Cerro_Hoya_Expedition/Hoya_1204m_lightPotoro_2025-01-26/2025-01-28/patches/lightPotoro_2025_01_29__04_21_06_HDR0_2_Mothbot_yolo11m_4500_imgsz1600_b1_2024-01-18.pt.jpg,ORDER_Hemiptera,2025-01-29,04:21:06,,2025_01_29__04_21_06,MachineObservation,Cerro_Hoya_Expedition_Hoya_1204m_lightPotoro_2025-01-26_2025-01-28,Cerro_Hoya_Expedition_Hoya_1204m_lightPotoro_2025-01-26,lightPotoro_2025_01_29__04_21_06_HDR0.jpg,lightPotoro_2025_01_29__04_21_06_HDR0_2_Mothbot_yolo11m_4500_imgsz1600_b1_2024-01-18.pt.jpg
,Animalia,Arthropoda,Insecta,Lepidoptera,,,,,,,Lepidoptera,Lepidoptera,Cerro_Hoya_Expedition_Hoya_1204m_lightPotoro_2025-01-26,lightPotoro_2025_01_29__04_21_06_HDR0_3_Mothbot_yolo11m_4500_imgsz1600_b1_2024-01-18.pt.jpg,HS,Mothbot_yolo11m_4500_imgsz1600_b1_2024-01-18.pt,0.7445380687713623,,lightPotoro,Cerro_Hoya_Expedition/Hoya_1204m_lightPotoro_2025-01-26/2025-01-28/patches/lightPotoro_2025_01_29__04_21_06_HDR0_3_Mothbot_yolo11m_4500_imgsz1600_b1_2024-01-18.pt.jpg,ORDER_Lepidoptera,2025-01-29,04:21:06,,2025_01_29__04_21_06,MachineObservation,Cerro_Hoya_Expedition_Hoya_1204m_lightPotoro_2025-01-26_2025-01-28,Cerro_Hoya_Expedition_Hoya_1204m_lightPotoro_2025-01-26,lightPotoro_2025_01_29__04_21_06_HDR0.jpg,lightPotoro_2025_01_29__04_21_06_HDR0_3_Mothbot_yolo11m_4500_imgsz1600_b1_2024-01-18.pt.jpg
,Animalia,Arthropoda,Insecta,Lepidoptera,,,,,,,Lepidoptera,Lepidoptera,Cerro_Hoya_Expedition_Hoya_1204m_lightPotoro_2025-01-26,lightPotoro_2025_01_29__04_22_21_HDR0_0_Mothbot_yolo11m_4500_imgsz1600_b1_2024-01-18.pt.jpg,HS,Mothbot_yolo11m_4500_imgsz1600_b1_2024-01-18.pt,0.8007638454437256,,lightPotoro,Cerro_Hoya_Expedition/Hoya_1204m_lightPotoro_2025-01-26/2025-01-28/patches/lightPotoro_2025_01_29__04_22_21_HDR0_0_Mothbot_yolo11m_4500_imgsz1600_b1_2024-01-18.pt.jpg,ORDER_Lepidoptera,2025-01-29,04:22:21,,2025_01_29__04_22_21,MachineObservation,Cerro_Hoya_Expedition_Hoya_1204m_lightPotoro_2025-01-26_2025-01-28,Cerro_Hoya_Expedition_Hoya_1204m_lightPotoro_2025-01-26,lightPotoro_2025_01_29__04_22_21_HDR0.jpg,lightPotoro_2025_01_29__04_22_21_HDR0_0_Mothbot_yolo11m_4500_imgsz1600_b1_2024-01-18.pt.jpg
,Animalia,Arthropoda,Insecta,Hemiptera,,,,,,,Hemiptera,Hemiptera,Cerro_Hoya_Expedition_Hoya_1204m_lightPotoro_2025-01-26,lightPotoro_2025_01_29__04_22_21_HDR0_1_Mothbot_yolo11m_4500_imgsz1600_b1_2024-01-18.pt.jpg,HS,Mothbot_yolo11m_4500_imgsz1600_b1_2024-01-18.pt,0.7804099917411804,,lightPotoro,Cerro_Hoya_Expedition/Hoya_1204m_lightPotoro_2025-01-26/2025-01-28/patches/lightPotoro_2025_01_29__04_22_21_HDR0_1_Mothbot_yolo11m_4500_imgsz1600_b1_2024-01-18.pt.jpg,ORDER_Hemiptera,2025-01-29,04:22:21,,2025_01_29__04_22_21,MachineObservation,Cerro_Hoya_Expedition_Hoya_1204m_lightPotoro_2025-01-26_2025-01-28,Cerro_Hoya_Expedition_Hoya_1204m_lightPotoro_2025-01-26,lightPotoro_2025_01_29__04_22_21_HDR0.jpg,lightPotoro_2025_01_29__04_22_21_HDR0_1_Mothbot_yolo11m_4500_imgsz1600_b1_2024-01-18.pt.jpg
,Animalia,Arthropoda,Insecta,Diptera,,,,,,,Diptera,Diptera,Cerro_Hoya_Expedition_Hoya_1204m_lightPotoro_2025-01-26,lightPotoro_2025_01_29__04_23_06_HDR0_0_Mothbot_yolo11m_4500_imgsz1600_b1_2024-01-18.pt.jpg,HS,Mothbot_yolo11m_4500_imgsz1600_b1_2024-01-18.pt,0.817027747631073,,lightPotoro,Cerro_Hoya_Expedition/Hoya_1204m_lightPotoro_2025-01-26/2025-01-28/patches/lightPotoro_2025_01_29__04_23_06_HDR0_0_Mothbot_yolo11m_4500_imgsz1600_b1_2024-01-18.pt.jpg,ORDER_Diptera,2025-01-29,04:23:06,,2025_01_29__04_23_06,MachineObservation,Cerro_Hoya_Expedition_Hoya_1204m_lightPotoro_2025-01-26_2025-01-28,Cerro_Hoya_Expedition_Hoya_1204m_lightPotoro_2025-01-26,lightPotoro_2025_01_29__04_23_06_HDR0.jpg,lightPotoro_2025_01_29__04_23_06_HDR0_0_Mothbot_yolo11m_4500_imgsz1600_b1_2024-01-18.pt.jpg
,Animalia,Arthropoda,Insecta,Lepidoptera,,,,,,,Lepidoptera,Lepidoptera,Cerro_Hoya_Expedition_Hoya_1204m_lightPotoro_2025-01-26,lightPotoro_2025_01_29__04_23_06_HDR0_1_Mothbot_yolo11m_4500_imgsz1600_b1_2024-01-18.pt.jpg,HS,Mothbot_yolo11m_4500_imgsz1600_b1_2024-01-18.pt,0.7903914451599121,,lightPotoro,Cerro_Hoya_Expedition/Hoya_1204m_lightPotoro_2025-01-26/2025-01-28/patches/lightPotoro_2025_01_29__04_23_06_HDR0_1_Mothbot_yolo11m_4500_imgsz1600_b1_2024-01-18.pt.jpg,ORDER_Lepidoptera,2025-01-29,04:23:06,,2025_01_29__04_23_06,MachineObservation,Cerro_Hoya_Expedition_Hoya_1204m_lightPotoro_2025-01-26_2025-01-28,Cerro_Hoya_Expedition_Hoya_1204m_lightPotoro_2025-01-26,lightPotoro_2025_01_29__04_23_06_HDR0.jpg,lightPotoro_2025_01_29__04_23_06_HDR0_1_Mothbot_yolo11m_4500_imgsz1600_b1_2024-01-18.pt.jpg
doi.org10.15468dl.6nxkw6.csv,Animalia,Arthropoda,Insecta,Hemiptera,,,,,,,Hemiptera,Hemiptera,Cerro_Hoya_Expedition_Hoya_1204m_lightPotoro_2025-01-26,lightPotoro_2025_01_29__04_23_06_HDR0_2_Mothbot_yolo11m_4500_imgsz1600_b1_2024-01-18.pt.jpg,HS,Mothbot_yolo11m_4500_imgsz1600_b1_2024-01-18.pt,0.6735194325447083,,lightPotoro,Cerro_Hoya_Expedition/Hoya_1204m_lightPotoro_2025-01-26/2025-01-28/patches/lightPotoro_2025_01_29__04_23_06_HDR0_2_Mothbot_yolo11m_4500_imgsz1600_b1_2024-01-18.pt.jpg,ORDER_Diptera,2025-01-29,04:23:06,,2025_01_29__04_23_06,MachineObservation,Cerro_Hoya_Expedition_Hoya_1204m_lightPotoro_2025-01-26_2025-01-28,Cerro_Hoya_Expedition_Hoya_1204m_lightPotoro_2025-01-26,lightPotoro_2025_01_29__04_23_06_HDR0.jpg,lightPotoro_2025_01_29__04_23_06_HDR0_2_Mothbot_yolo11m_4500_imgsz1600_b1_2024-01-18.pt.jpg
,Animalia,Arthropoda,Insecta,Lepidoptera,,,,,,,Lepidoptera,Lepidoptera,Cerro_Hoya_Expedition_Hoya_1204m_lightPotoro_2025-01-26,lightPotoro_2025_01_29__04_24_06_HDR0_0_Mothbot_yolo11m_4500_imgsz1600_b1_2024-01-18.pt.jpg,HS,Mothbot_yolo11m_4500_imgsz1600_b1_2024-01-18.pt,0.7964304089546204,,lightPotoro,Cerro_Hoya_Expedition/Hoya_1204m_lightPotoro_2025-01-26/2025-01-28/patches/lightPotoro_2025_01_29__04_24_06_HDR0_0_Mothbot_yolo11m_4500_imgsz1600_b1_2024-01-18.pt.jpg,ORDER_Lepidoptera,2025-01-29,04:24:06,,2025_01_29__04_24_06,MachineObservation,Cerro_Hoya_Expedition_Hoya_1204m_lightPotoro_2025-01-26_2025-01-28,Cerro_Hoya_Expedition_Hoya_1204m_lightPotoro_2025-01-26,lightPotoro_2025_01_29__04_24_06_HDR0.jpg,lightPotoro_2025_01_29__04_24_06_HDR0_0_Mothbot_yolo11m_4500_imgsz1600_b1_2024-01-18.pt.jpg
,Animalia,Arthropoda,Insecta,Hemiptera,,,,,,,Hemiptera,Hemiptera,Cerro_Hoya_Expedition_Hoya_1204m_lightPotoro_2025-01-26,lightPotoro_2025_01_29__04_24_06_HDR0_1_Mothbot_yolo11m_4500_imgsz1600_b1_2024-01-18.pt.jpg,HS,Mothbot_yolo11m_4500_imgsz1600_b1_2024-01-18.pt,0.7436284422874451,,lightPotoro,Cerro_Hoya_Expedition/Hoya_1204m_lightPotoro_2025-01-26/2025-01-28/patches/lightPotoro_2025_01_29__04_24_06_HDR0_1_Mothbot_yolo11m_4500_imgsz1600_b1_2024-01-18.pt.jpg,ORDER_Hemiptera,2025-01-29,04:24:06,,2025_01_29__04_24_06,MachineObservation,Cerro_Hoya_Expedition_Hoya_1204m_lightPotoro_2025-01-26_2025-01-28,Cerro_Hoya_Expedition_Hoya_1204m_lightPotoro_2025-01-26,lightPotoro_2025_01_29__04_24_06_HDR0.jpg,lightPotoro_2025_01_29__04_24_06_HDR0_1_Mothbot_yolo11m_4500_imgsz1600_b1_2024-01-18.pt.jpg
doi.org10.15468dl.6nxkw6.csv,Animalia,Arthropoda,Insecta,Hemiptera,,,,,,,Hemiptera,Hemiptera,Cerro_Hoya_Expedition_Hoya_1204m_lightPotoro_2025-01-26,lightPotoro_2025_01_29__04_24_06_HDR0_2_Mothbot_yolo11m_4500_imgsz1600_b1_2024-01-18.pt.jpg,HS,Mothbot_yolo11m_4500_imgsz1600_b1_2024-01-18.pt,0.7169961929321289,,lightPotoro,Cerro_Hoya_Expedition/Hoya_1204m_lightPotoro_2025-01-26/2025-01-28/patches/lightPotoro_2025_01_29__04_24_06_HDR0_2_Mothbot_yolo11m_4500_imgsz1600_b1_2024-01-18.pt.jpg,ORDER_Psocodea,2025-01-29,04:24:06,,2025_01_29__04_24_06,MachineObservation,Cerro_Hoya_Expedition_Hoya_1204m_lightPotoro_2025-01-26_2025-01-28,Cerro_Hoya_Expedition_Hoya_1204m_lightPotoro_2025-01-26,lightPotoro_2025_01_29__04_24_06_HDR0.jpg,lightPotoro_2025_01_29__04_24_06_HDR0_2_Mothbot_yolo11m_4500_imgsz1600_b1_2024-01-18.pt.jpg
doi.org10.15468dl.6nxkw6.csv,Animalia,Arthropoda,Insecta,Coleoptera,Chrysomelidae,Diabrotica,,Diabrotica1,1048495,,Diabrotica,Diabrotica1,Cerro_Hoya_Expedition_Hoya_1204m_lightPotoro_2025-01-26,lightPotoro_2025_01_29__04_24_06_HDR0_3_Mothbot_yolo11m_4500_imgsz1600_b1_2024-01-18.pt.jpg,HS,Mothbot_yolo11m_4500_imgsz1600_b1_2024-01-18.pt,0.6910743713378906,,lightPotoro,Cerro_Hoya_Expedition/Hoya_1204m_lightPotoro_2025-01-26/2025-01-28/patches/lightPotoro_2025_01_29__04_24_06_HDR0_3_Mothbot_yolo11m_4500_imgsz1600_b1_2024-01-18.pt.jpg,ORDER_Coleoptera,2025-01-29,04:24:06,,2025_01_29__04_24_06,MachineObservation,Cerro_Hoya_Expedition_Hoya_1204m_lightPotoro_2025-01-26_2025-01-28,Cerro_Hoya_Expedition_Hoya_1204m_lightPotoro_2025-01-26,lightPotoro_2025_01_29__04_24_06_HDR0.jpg,lightPotoro_2025_01_29__04_24_06_HDR0_3_Mothbot_yolo11m_4500_imgsz1600_b1_2024-01-18.pt.jpg
,Animalia,Arthropoda,Insecta,Diptera,,,,,,,Diptera,Diptera,Cerro_Hoya_Expedition_Hoya_1204m_lightPotoro_2025-01-26,lightPotoro_2025_01_29__04_24_06_HDR0_4_Mothbot_yolo11m_4500_imgsz1600_b1_2024-01-18.pt.jpg,HS,Mothbot_yolo11m_4500_imgsz1600_b1_2024-01-18.pt,0.6780694723129272,,lightPotoro,Cerro_Hoya_Expedition/Hoya_1204m_lightPotoro_2025-01-26/2025-01-28/patches/lightPotoro_2025_01_29__04_24_06_HDR0_4_Mothbot_yolo11m_4500_imgsz1600_b1_2024-01-18.pt.jpg,ORDER_Diptera,2025-01-29,04:24:06,,2025_01_29__04_24_06,MachineObservation,Cerro_Hoya_Expedition_Hoya_1204m_lightPotoro_2025-01-26_2025-01-28,Cerro_Hoya_Expedition_Hoya_1204m_lightPotoro_2025-01-26,lightPotoro_2025_01_29__04_24_06_HDR0.jpg,lightPotoro_2025_01_29__04_24_06_HDR0_4_Mothbot_yolo11m_4500_imgsz1600_b1_2024-01-18.pt.jpg
,Animalia,Arthropoda,Insecta,Lepidoptera,,,,,,,Lepidoptera,Lepidoptera,Cerro_Hoya_Expedition_Hoya_1204m_lightPotoro_2025-01-26,lightPotoro_2025_01_29__04_25_06_HDR0_0_Mothbot_yolo11m_4500_imgsz1600_b1_2024-01-18.pt.jpg,HS,Mothbot_yolo11m_4500_imgsz1600_b1_2024-01-18.pt,0.7965145111083984,,lightPotoro,Cerro_Hoya_Expedition/Hoya_1204m_lightPotoro_2025-01-26/2025-01-28/patches/lightPotoro_2025_01_29__04_25_06_HDR0_0_Mothbot_yolo11m_4500_imgsz1600_b1_2024-01-18.pt.jpg,ORDER_Lepidoptera,2025-01-29,04:25:06,,2025_01_29__04_25_06,MachineObservation,Cerro_Hoya_Expedition_Hoya_1204m_lightPotoro_2025-01-26_2025-01-28,Cerro_Hoya_Expedition_Hoya_1204m_lightPotoro_2025-01-26,lightPotoro_2025_01_29__04_25_06_HDR0.jpg,lightPotoro_2025_01_29__04_25_06_HDR0_0_Mothbot_yolo11m_4500_imgsz1600_b1_2024-01-18.pt.jpg
,Animalia,Arthropoda,Insecta,Diptera,,,,,,,Diptera,Diptera,Cerro_Hoya_Expedition_Hoya_1204m_lightPotoro_2025-01-26,lightPotoro_2025_01_29__04_25_06_HDR0_1_Mothbot_yolo11m_4500_imgsz1600_b1_2024-01-18.pt.jpg,HS,Mothbot_yolo11m_4500_imgsz1600_b1_2024-01-18.pt,0.785106360912323,,lightPotoro,Cerro_Hoya_Expedition/Hoya_1204m_lightPotoro_2025-01-26/2025-01-28/patches/lightPotoro_2025_01_29__04_25_06_HDR0_1_Mothbot_yolo11m_4500_imgsz1600_b1_2024-01-18.pt.jpg,ORDER_Diptera,2025-01-29,04:25:06,,2025_01_29__04_25_06,MachineObservation,Cerro_Hoya_Expedition_Hoya_1204m_lightPotoro_2025-01-26_2025-01-28,Cerro_Hoya_Expedition_Hoya_1204m_lightPotoro_2025-01-26,lightPotoro_2025_01_29__04_25_06_HDR0.jpg,lightPotoro_2025_01_29__04_25_06_HDR0_1_Mothbot_yolo11m_4500_imgsz1600_b1_2024-01-18.pt.jpg
,Animalia,Arthropoda,Insecta,Hemiptera,,,,,,,Hemiptera,Hemiptera,Cerro_Hoya_Expedition_Hoya_1204m_lightPotoro_2025-01-26,lightPotoro_2025_01_29__04_25_06_HDR0_2_Mothbot_yolo11m_4500_imgsz1600_b1_2024-01-18.pt.jpg,HS,Mothbot_yolo11m_4500_imgsz1600_b1_2024-01-18.pt,0.7395899295806885,,lightPotoro,Cerro_Hoya_Expedition/Hoya_1204m_lightPotoro_2025-01-26/2025-01-28/patches/lightPotoro_2025_01_29__04_25_06_HDR0_2_Mothbot_yolo11m_4500_imgsz1600_b1_2024-01-18.pt.jpg,ORDER_Hemiptera,2025-01-29,04:25:06,,2025_01_29__04_25_06,MachineObservation,Cerro_Hoya_Expedition_Hoya_1204m_lightPotoro_2025-01-26_2025-01-28,Cerro_Hoya_Expedition_Hoya_1204m_lightPotoro_2025-01-26,lightPotoro_2025_01_29__04_25_06_HDR0.jpg,lightPotoro_2025_01_29__04_25_06_HDR0_2_Mothbot_yolo11m_4500_imgsz1600_b1_2024-01-18.pt.jpg
,Animalia,Arthropoda,Insecta,Hemiptera,,,,,,,Hemiptera,Hemiptera,Cerro_Hoya_Expedition_Hoya_1204m_lightPotoro_2025-01-26,lightPotoro_2025_01_29__04_25_06_HDR0_3_Mothbot_yolo11m_4500_imgsz1600_b1_2024-01-18.pt.jpg,HS,Mothbot_yolo11m_4500_imgsz1600_b1_2024-01-18.pt,0.7344258427619934,,lightPotoro,Cerro_Hoya_Expedition/Hoya_1204m_lightPotoro_2025-01-26/2025-01-28/patches/lightPotoro_2025_01_29__04_25_06_HDR0_3_Mothbot_yolo11m_4500_imgsz1600_b1_2024-01-18.pt.jpg,ORDER_Hemiptera,2025-01-29,04:25:06,,2025_01_29__04_25_06,MachineObservation,Cerro_Hoya_Expedition_Hoya_1204m_lightPotoro_2025-01-26_2025-01-28,Cerro_Hoya_Expedition_Hoya_1204m_lightPotoro_2025-01-26,lightPotoro_2025_01_29__04_25_06_HDR0.jpg,lightPotoro_2025_01_29__04_25_06_HDR0_3_Mothbot_yolo11m_4500_imgsz1600_b1_2024-01-18.pt.jpg
doi.org10.15468dl.6nxkw6.csv,Animalia,Arthropoda,Insecta,Coleoptera,Chrysomelidae,Diabrotica,,Diabrotica1,1048495,,Diabrotica,Diabrotica1,Cerro_Hoya_Expedition_Hoya_1204m_lightPotoro_2025-01-26,lightPotoro_2025_01_29__04_25_06_HDR0_4_Mothbot_yolo11m_4500_imgsz1600_b1_2024-01-18.pt.jpg,HS,Mothbot_yolo11m_4500_imgsz1600_b1_2024-01-18.pt,0.7038323879241943,,lightPotoro,Cerro_Hoya_Expedition/Hoya_1204m_lightPotoro_2025-01-26/2025-01-28/patches/lightPotoro_2025_01_29__04_25_06_HDR0_4_Mothbot_yolo11m_4500_imgsz1600_b1_2024-01-18.pt.jpg,ORDER_Coleoptera,2025-01-29,04:25:06,,2025_01_29__04_25_06,MachineObservation,Cerro_Hoya_Expedition_Hoya_1204m_lightPotoro_2025-01-26_2025-01-28,Cerro_Hoya_Expedition_Hoya_1204m_lightPotoro_2025-01-26,lightPotoro_2025_01_29__04_25_06_HDR0.jpg,lightPotoro_2025_01_29__04_25_06_HDR0_4_Mothbot_yolo11m_4500_imgsz1600_b1_2024-01-18.pt.jpg
,Animalia,Arthropoda,Insecta,Hemiptera,,,,,,,Hemiptera,Hemiptera,Cerro_Hoya_Expedition_Hoya_1204m_lightPotoro_2025-01-26,lightPotoro_2025_01_29__04_25_06_HDR0_5_Mothbot_yolo11m_4500_imgsz1600_b1_2024-01-18.pt.jpg,HS,Mothbot_yolo11m_4500_imgsz1600_b1_2024-01-18.pt,0.6873005032539368,,lightPotoro,Cerro_Hoya_Expedition/Hoya_1204m_lightPotoro_2025-01-26/2025-01-28/patches/lightPotoro_2025_01_29__04_25_06_HDR0_5_Mothbot_yolo11m_4500_imgsz1600_b1_2024-01-18.pt.jpg,ORDER_Hemiptera,2025-01-29,04:25:06,,2025_01_29__04_25_06,MachineObservation,Cerro_Hoya_Expedition_Hoya_1204m_lightPotoro_2025-01-26_2025-01-28,Cerro_Hoya_Expedition_Hoya_1204m_lightPotoro_2025-01-26,lightPotoro_2025_01_29__04_25_06_HDR0.jpg,lightPotoro_2025_01_29__04_25_06_HDR0_5_Mothbot_yolo11m_4500_imgsz1600_b1_2024-01-18.pt.jpg
doi.org10.15468dl.6nxkw6.csv,Animalia,Arthropoda,Insecta,Hemiptera,,,,,,,Hemiptera,Hemiptera,Cerro_Hoya_Expedition_Hoya_1204m_lightPotoro_2025-01-26,lightPotoro_2025_01_29__04_25_06_HDR0_6_Mothbot_yolo11m_4500_imgsz1600_b1_2024-01-18.pt.jpg,HS,Mothbot_yolo11m_4500_imgsz1600_b1_2024-01-18.pt,0.4632682800292969,,lightPotoro,Cerro_Hoya_Expedition/Hoya_1204m_lightPotoro_2025-01-26/2025-01-28/patches/lightPotoro_2025_01_29__04_25_06_HDR0_6_Mothbot_yolo11m_4500_imgsz1600_b1_2024-01-18.pt.jpg,ORDER_Diptera,2025-01-29,04:25:06,,2025_01_29__04_25_06,MachineObservation,Cerro_Hoya_Expedition_Hoya_1204m_lightPotoro_2025-01-26_2025-01-28,Cerro_Hoya_Expedition_Hoya_1204m_lightPotoro_2025-01-26,lightPotoro_2025_01_29__04_25_06_HDR0.jpg,lightPotoro_2025_01_29__04_25_06_HDR0_6_Mothbot_yolo11m_4500_imgsz1600_b1_2024-01-18.pt.jpg
,Animalia,Arthropoda,Insecta,Lepidoptera,,,,,,,Lepidoptera,Lepidoptera,Cerro_Hoya_Expedition_Hoya_1204m_lightPotoro_2025-01-26,lightPotoro_2025_01_29__04_26_06_HDR0_0_Mothbot_yolo11m_4500_imgsz1600_b1_2024-01-18.pt.jpg,HS,Mothbot_yolo11m_4500_imgsz1600_b1_2024-01-18.pt,0.8868715167045593,,lightPotoro,Cerro_Hoya_Expedition/Hoya_1204m_lightPotoro_2025-01-26/2025-01-28/patches/lightPotoro_2025_01_29__04_26_06_HDR0_0_Mothbot_yolo11m_4500_imgsz1600_b1_2024-01-18.pt.jpg,ORDER_Lepidoptera,2025-01-29,04:26:06,,2025_01_29__04_26_06,MachineObservation,Cerro_Hoya_Expedition_Hoya_1204m_lightPotoro_2025-01-26_2025-01-28,Cerro_Hoya_Expedition_Hoya_1204m_lightPotoro_2025-01-26,lightPotoro_2025_01_29__04_26_06_HDR0.jpg,lightPotoro_2025_01_29__04_26_06_HDR0_0_Mothbot_yolo11m_4500_imgsz1600_b1_2024-01-18.pt.jpg
,Animalia,Arthropoda,Insecta,Lepidoptera,,,,,,,Lepidoptera,Lepidoptera,Cerro_Hoya_Expedition_Hoya_1204m_lightPotoro_2025-01-26,lightPotoro_2025_01_29__04_26_06_HDR0_1_Mothbot_yolo11m_4500_imgsz1600_b1_2024-01-18.pt.jpg,HS,Mothbot_yolo11m_4500_imgsz1600_b1_2024-01-18.pt,0.8188417553901672,,lightPotoro,Cerro_Hoya_Expedition/Hoya_1204m_lightPotoro_2025-01-26/2025-01-28/patches/lightPotoro_2025_01_29__04_26_06_HDR0_1_Mothbot_yolo11m_4500_imgsz1600_b1_2024-01-18.pt.jpg,ORDER_Lepidoptera,2025-01-29,04:26:06,,2025_01_29__04_26_06,MachineObservation,Cerro_Hoya_Expedition_Hoya_1204m_lightPotoro_2025-01-26_2025-01-28,Cerro_Hoya_Expedition_Hoya_1204m_lightPotoro_2025-01-26,lightPotoro_2025_01_29__04_26_06_HDR0.jpg,lightPotoro_2025_01_29__04_26_06_HDR0_1_Mothbot_yolo11m_4500_imgsz1600_b1_2024-01-18.pt.jpg
,Animalia,Arthropoda,Insecta,Diptera,,,,,,,Diptera,Diptera,Cerro_Hoya_Expedition_Hoya_1204m_lightPotoro_2025-01-26,lightPotoro_2025_01_29__04_26_06_HDR0_2_Mothbot_yolo11m_4500_imgsz1600_b1_2024-01-18.pt.jpg,HS,Mothbot_yolo11m_4500_imgsz1600_b1_2024-01-18.pt,0.8079624772071838,,lightPotoro,Cerro_Hoya_Expedition/Hoya_1204m_lightPotoro_2025-01-26/2025-01-28/patches/lightPotoro_2025_01_29__04_26_06_HDR0_2_Mothbot_yolo11m_4500_imgsz1600_b1_2024-01-18.pt.jpg,ORDER_Diptera,2025-01-29,04:26:06,,2025_01_29__04_26_06,MachineObservation,Cerro_Hoya_Expedition_Hoya_1204m_lightPotoro_2025-01-26_2025-01-28,Cerro_Hoya_Expedition_Hoya_1204m_lightPotoro_2025-01-26,lightPotoro_2025_01_29__04_26_06_HDR0.jpg,lightPotoro_2025_01_29__04_26_06_HDR0_2_Mothbot_yolo11m_4500_imgsz1600_b1_2024-01-18.pt.jpg
,Animalia,Arthropoda,Insecta,Diptera,,,,,,,Diptera,Diptera,Cerro_Hoya_Expedition_Hoya_1204m_lightPotoro_2025-01-26,lightPotoro_2025_01_29__04_26_06_HDR0_3_Mothbot_yolo11m_4500_imgsz1600_b1_2024-01-18.pt.jpg,HS,Mothbot_yolo11m_4500_imgsz1600_b1_2024-01-18.pt,0.7802474498748779,,lightPotoro,Cerro_Hoya_Expedition/Hoya_1204m_lightPotoro_2025-01-26/2025-01-28/patches/lightPotoro_2025_01_29__04_26_06_HDR0_3_Mothbot_yolo11m_4500_imgsz1600_b1_2024-01-18.pt.jpg,ORDER_Diptera,2025-01-29,04:26:06,,2025_01_29__04_26_06,MachineObservation,Cerro_Hoya_Expedition_Hoya_1204m_lightPotoro_2025-01-26_2025-01-28,Cerro_Hoya_Expedition_Hoya_1204m_lightPotoro_2025-01-26,lightPotoro_2025_01_29__04_26_06_HDR0.jpg,lightPotoro_2025_01_29__04_26_06_HDR0_3_Mothbot_yolo11m_4500_imgsz1600_b1_2024-01-18.pt.jpg
,Animalia,Arthropoda,Insecta,Lepidoptera,,,,,,,Lepidoptera,Lepidoptera,Cerro_Hoya_Expedition_Hoya_1204m_lightPotoro_2025-01-26,lightPotoro_2025_01_29__04_26_06_HDR0_4_Mothbot_yolo11m_4500_imgsz1600_b1_2024-01-18.pt.jpg,HS,Mothbot_yolo11m_4500_imgsz1600_b1_2024-01-18.pt,0.7472753524780273,,lightPotoro,Cerro_Hoya_Expedition/Hoya_1204m_lightPotoro_2025-01-26/2025-01-28/patches/lightPotoro_2025_01_29__04_26_06_HDR0_4_Mothbot_yolo11m_4500_imgsz1600_b1_2024-01-18.pt.jpg,ORDER_Lepidoptera,2025-01-29,04:26:06,,2025_01_29__04_26_06,MachineObservation,Cerro_Hoya_Expedition_Hoya_1204m_lightPotoro_2025-01-26_2025-01-28,Cerro_Hoya_Expedition_Hoya_1204m_lightPotoro_2025-01-26,lightPotoro_2025_01_29__04_26_06_HDR0.jpg,lightPotoro_2025_01_29__04_26_06_HDR0_4_Mothbot_yolo11m_4500_imgsz1600_b1_2024-01-18.pt.jpg
,Animalia,Arthropoda,Insecta,Hemiptera,,,,,,,Hemiptera,Hemiptera,Cerro_Hoya_Expedition_Hoya_1204m_lightPotoro_2025-01-26,lightPotoro_2025_01_29__04_26_06_HDR0_5_Mothbot_yolo11m_4500_imgsz1600_b1_2024-01-18.pt.jpg,HS,Mothbot_yolo11m_4500_imgsz1600_b1_2024-01-18.pt,0.6948719620704651,,lightPotoro,Cerro_Hoya_Expedition/Hoya_1204m_lightPotoro_2025-01-26/2025-01-28/patches/lightPotoro_2025_01_29__04_26_06_HDR0_5_Mothbot_yolo11m_4500_imgsz1600_b1_2024-01-18.pt.jpg,ORDER_Hemiptera,2025-01-29,04:26:06,,2025_01_29__04_26_06,MachineObservation,Cerro_Hoya_Expedition_Hoya_1204m_lightPotoro_2025-01-26_2025-01-28,Cerro_Hoya_Expedition_Hoya_1204m_lightPotoro_2025-01-26,lightPotoro_2025_01_29__04_26_06_HDR0.jpg,lightPotoro_2025_01_29__04_26_06_HDR0_5_Mothbot_yolo11m_4500_imgsz1600_b1_2024-01-18.pt.jpg
doi.org10.15468dl.6nxkw6.csv,Animalia,Arthropoda,Insecta,Lepidoptera,,,,,797,,Lepidoptera,Lepidoptera,Cerro_Hoya_Expedition_Hoya_1204m_lightPotoro_2025-01-26,lightPotoro_2025_01_29__04_26_06_HDR0_6_Mothbot_yolo11m_4500_imgsz1600_b1_2024-01-18.pt.jpg,HS,Mothbot_yolo11m_4500_imgsz1600_b1_2024-01-18.pt,0.6944953799247742,,lightPotoro,Cerro_Hoya_Expedition/Hoya_1204m_lightPotoro_2025-01-26/2025-01-28/patches/lightPotoro_2025_01_29__04_26_06_HDR0_6_Mothbot_yolo11m_4500_imgsz1600_b1_2024-01-18.pt.jpg,ORDER_Psocodea,2025-01-29,04:26:06,,2025_01_29__04_26_06,MachineObservation,Cerro_Hoya_Expedition_Hoya_1204m_lightPotoro_2025-01-26_2025-01-28,Cerro_Hoya_Expedition_Hoya_1204m_lightPotoro_2025-01-26,lightPotoro_2025_01_29__04_26_06_HDR0.jpg,lightPotoro_2025_01_29__04_26_06_HDR0_6_Mothbot_yolo11m_4500_imgsz1600_b1_2024-01-18.pt.jpg
,Animalia,Arthropoda,Insecta,Lepidoptera,,,,,,,Lepidoptera,Lepidoptera,Cerro_Hoya_Expedition_Hoya_1204m_lightPotoro_2025-01-26,lightPotoro_2025_01_29__04_27_05_HDR0_0_Mothbot_yolo11m_4500_imgsz1600_b1_2024-01-18.pt.jpg,HS,Mothbot_yolo11m_4500_imgsz1600_b1_2024-01-18.pt,0.8812673091888428,,lightPotoro,Cerro_Hoya_Expedition/Hoya_1204m_lightPotoro_2025-01-26/2025-01-28/patches/lightPotoro_2025_01_29__04_27_05_HDR0_0_Mothbot_yolo11m_4500_imgsz1600_b1_2024-01-18.pt.jpg,ORDER_Lepidoptera,2025-01-29,04:27:05,,2025_01_29__04_27_05,MachineObservation,Cerro_Hoya_Expedition_Hoya_1204m_lightPotoro_2025-01-26_2025-01-28,Cerro_Hoya_Expedition_Hoya_1204m_lightPotoro_2025-01-26,lightPotoro_2025_01_29__04_27_05_HDR0.jpg,lightPotoro_2025_01_29__04_27_05_HDR0_0_Mothbot_yolo11m_4500_imgsz1600_b1_2024-01-18.pt.jpg
,Animalia,Arthropoda,Insecta,Lepidoptera,,,,,,,Lepidoptera,Lepidoptera,Cerro_Hoya_Expedition_Hoya_1204m_lightPotoro_2025-01-26,lightPotoro_2025_01_29__04_27_05_HDR0_1_Mothbot_yolo11m_4500_imgsz1600_b1_2024-01-18.pt.jpg,HS,Mothbot_yolo11m_4500_imgsz1600_b1_2024-01-18.pt,0.8099218606948853,,lightPotoro,Cerro_Hoya_Expedition/Hoya_1204m_lightPotoro_2025-01-26/2025-01-28/patches/lightPotoro_2025_01_29__04_27_05_HDR0_1_Mothbot_yolo11m_4500_imgsz1600_b1_2024-01-18.pt.jpg,ORDER_Lepidoptera,2025-01-29,04:27:05,,2025_01_29__04_27_05,MachineObservation,Cerro_Hoya_Expedition_Hoya_1204m_lightPotoro_2025-01-26_2025-01-28,Cerro_Hoya_Expedition_Hoya_1204m_lightPotoro_2025-01-26,lightPotoro_2025_01_29__04_27_05_HDR0.jpg,lightPotoro_2025_01_29__04_27_05_HDR0_1_Mothbot_yolo11m_4500_imgsz1600_b1_2024-01-18.pt.jpg
,Animalia,Arthropoda,Insecta,Lepidoptera,,,,,,,Lepidoptera,Lepidoptera,Cerro_Hoya_Expedition_Hoya_1204m_lightPotoro_2025-01-26,lightPotoro_2025_01_29__04_27_05_HDR0_2_Mothbot_yolo11m_4500_imgsz1600_b1_2024-01-18.pt.jpg,HS,Mothbot_yolo11m_4500_imgsz1600_b1_2024-01-18.pt,0.8054352402687073,,lightPotoro,Cerro_Hoya_Expedition/Hoya_1204m_lightPotoro_2025-01-26/2025-01-28/patches/lightPotoro_2025_01_29__04_27_05_HDR0_2_Mothbot_yolo11m_4500_imgsz1600_b1_2024-01-18.pt.jpg,ORDER_Lepidoptera,2025-01-29,04:27:05,,2025_01_29__04_27_05,MachineObservation,Cerro_Hoya_Expedition_Hoya_1204m_lightPotoro_2025-01-26_2025-01-28,Cerro_Hoya_Expedition_Hoya_1204m_lightPotoro_2025-01-26,lightPotoro_2025_01_29__04_27_05_HDR0.jpg,lightPotoro_2025_01_29__04_27_05_HDR0_2_Mothbot_yolo11m_4500_imgsz1600_b1_2024-01-18.pt.jpg
,Animalia,Arthropoda,Insecta,Lepidoptera,,,,,,,Lepidoptera,Lepidoptera,Cerro_Hoya_Expedition_Hoya_1204m_lightPotoro_2025-01-26,lightPotoro_2025_01_29__04_27_05_HDR0_3_Mothbot_yolo11m_4500_imgsz1600_b1_2024-01-18.pt.jpg,HS,Mothbot_yolo11m_4500_imgsz1600_b1_2024-01-18.pt,0.7713866829872131,,lightPotoro,Cerro_Hoya_Expedition/Hoya_1204m_lightPotoro_2025-01-26/2025-01-28/patches/lightPotoro_2025_01_29__04_27_05_HDR0_3_Mothbot_yolo11m_4500_imgsz1600_b1_2024-01-18.pt.jpg,ORDER_Lepidoptera,2025-01-29,04:27:05,,2025_01_29__04_27_05,MachineObservation,Cerro_Hoya_Expedition_Hoya_1204m_lightPotoro_2025-01-26_2025-01-28,Cerro_Hoya_Expedition_Hoya_1204m_lightPotoro_2025-01-26,lightPotoro_2025_01_29__04_27_05_HDR0.jpg,lightPotoro_2025_01_29__04_27_05_HDR0_3_Mothbot_yolo11m_4500_imgsz1600_b1_2024-01-18.pt.jpg
,Animalia,Arthropoda,Insecta,Diptera,,,,,,,Diptera,Diptera,Cerro_Hoya_Expedition_Hoya_1204m_lightPotoro_2025-01-26,lightPotoro_2025_01_29__04_27_05_HDR0_4_Mothbot_yolo11m_4500_imgsz1600_b1_2024-01-18.pt.jpg,HS,Mothbot_yolo11m_4500_imgsz1600_b1_2024-01-18.pt,0.7669723033905029,,lightPotoro,Cerro_Hoya_Expedition/Hoya_1204m_lightPotoro_2025-01-26/2025-01-28/patches/lightPotoro_2025_01_29__04_27_05_HDR0_4_Mothbot_yolo11m_4500_imgsz1600_b1_2024-01-18.pt.jpg,ORDER_Diptera,2025-01-29,04:27:05,,2025_01_29__04_27_05,MachineObservation,Cerro_Hoya_Expedition_Hoya_1204m_lightPotoro_2025-01-26_2025-01-28,Cerro_Hoya_Expedition_Hoya_1204m_lightPotoro_2025-01-26,lightPotoro_2025_01_29__04_27_05_HDR0.jpg,lightPotoro_2025_01_29__04_27_05_HDR0_4_Mothbot_yolo11m_4500_imgsz1600_b1_2024-01-18.pt.jpg
doi.org10.15468dl.6nxkw6.csv,Animalia,Arthropoda,Insecta,Diptera,,,,,,,Diptera,Diptera,Cerro_Hoya_Expedition_Hoya_1204m_lightPotoro_2025-01-26,lightPotoro_2025_01_29__04_27_05_HDR0_5_Mothbot_yolo11m_4500_imgsz1600_b1_2024-01-18.pt.jpg,HS,Mothbot_yolo11m_4500_imgsz1600_b1_2024-01-18.pt,0.6498622894287109,,lightPotoro,Cerro_Hoya_Expedition/Hoya_1204m_lightPotoro_2025-01-26/2025-01-28/patches/lightPotoro_2025_01_29__04_27_05_HDR0_5_Mothbot_yolo11m_4500_imgsz1600_b1_2024-01-18.pt.jpg,ORDER_Hemiptera,2025-01-29,04:27:05,,2025_01_29__04_27_05,MachineObservation,Cerro_Hoya_Expedition_Hoya_1204m_lightPotoro_2025-01-26_2025-01-28,Cerro_Hoya_Expedition_Hoya_1204m_lightPotoro_2025-01-26,lightPotoro_2025_01_29__04_27_05_HDR0.jpg,lightPotoro_2025_01_29__04_27_05_HDR0_5_Mothbot_yolo11m_4500_imgsz1600_b1_2024-01-18.pt.jpg
doi.org10.15468dl.6nxkw6.csv,Animalia,Arthropoda,Insecta,Lepidoptera,,,,,797,,Lepidoptera,Lepidoptera,Cerro_Hoya_Expedition_Hoya_1204m_lightPotoro_2025-01-26,lightPotoro_2025_01_29__04_27_05_HDR0_6_Mothbot_yolo11m_4500_imgsz1600_b1_2024-01-18.pt.jpg,HS,Mothbot_yolo11m_4500_imgsz1600_b1_2024-01-18.pt,0.38827478885650635,,lightPotoro,Cerro_Hoya_Expedition/Hoya_1204m_lightPotoro_2025-01-26/2025-01-28/patches/lightPotoro_2025_01_29__04_27_05_HDR0_6_Mothbot_yolo11m_4500_imgsz1600_b1_2024-01-18.pt.jpg,ORDER_Psocodea,2025-01-29,04:27:05,,2025_01_29__04_27_05,MachineObservation,Cerro_Hoya_Expedition_Hoya_1204m_lightPotoro_2025-01-26_2025-01-28,Cerro_Hoya_Expedition_Hoya_1204m_lightPotoro_2025-01-26,lightPotoro_2025_01_29__04_27_05_HDR0.jpg,lightPotoro_2025_01_29__04_27_05_HDR0_6_Mothbot_yolo11m_4500_imgsz1600_b1_2024-01-18.pt.jpg
doi.org10.15468dl.6nxkw6.csv,Animalia,Arthropoda,Insecta,Lepidoptera,,,,,797,,Lepidoptera,Lepidoptera,Cerro_Hoya_Expedition_Hoya_1204m_lightPotoro_2025-01-26,lightPotoro_2025_01_29__04_28_06_HDR0_0_Mothbot_yolo11m_4500_imgsz1600_b1_2024-01-18.pt.jpg,HS,Mothbot_yolo11m_4500_imgsz1600_b1_2024-01-18.pt,0.8345704674720764,,lightPotoro,Cerro_Hoya_Expedition/Hoya_1204m_lightPotoro_2025-01-26/2025-01-28/patches/lightPotoro_2025_01_29__04_28_06_HDR0_0_Mothbot_yolo11m_4500_imgsz1600_b1_2024-01-18.pt.jpg,ORDER_Zygentoma,2025-01-29,04:28:06,,2025_01_29__04_28_06,MachineObservation,Cerro_Hoya_Expedition_Hoya_1204m_lightPotoro_2025-01-26_2025-01-28,Cerro_Hoya_Expedition_Hoya_1204m_lightPotoro_2025-01-26,lightPotoro_2025_01_29__04_28_06_HDR0.jpg,lightPotoro_2025_01_29__04_28_06_HDR0_0_Mothbot_yolo11m_4500_imgsz1600_b1_2024-01-18.pt.jpg
,Animalia,Arthropoda,Insecta,Lepidoptera,,,,,,,Lepidoptera,Lepidoptera,Cerro_Hoya_Expedition_Hoya_1204m_lightPotoro_2025-01-26,lightPotoro_2025_01_29__04_28_06_HDR0_1_Mothbot_yolo11m_4500_imgsz1600_b1_2024-01-18.pt.jpg,HS,Mothbot_yolo11m_4500_imgsz1600_b1_2024-01-18.pt,0.8092653751373291,,lightPotoro,Cerro_Hoya_Expedition/Hoya_1204m_lightPotoro_2025-01-26/2025-01-28/patches/lightPotoro_2025_01_29__04_28_06_HDR0_1_Mothbot_yolo11m_4500_imgsz1600_b1_2024-01-18.pt.jpg,ORDER_Lepidoptera,2025-01-29,04:28:06,,2025_01_29__04_28_06,MachineObservation,Cerro_Hoya_Expedition_Hoya_1204m_lightPotoro_2025-01-26_2025-01-28,Cerro_Hoya_Expedition_Hoya_1204m_lightPotoro_2025-01-26,lightPotoro_2025_01_29__04_28_06_HDR0.jpg,lightPotoro_2025_01_29__04_28_06_HDR0_1_Mothbot_yolo11m_4500_imgsz1600_b1_2024-01-18.pt.jpg
,Animalia,Arthropoda,Insecta,Lepidoptera,,,,,,,Lepidoptera,Lepidoptera,Cerro_Hoya_Expedition_Hoya_1204m_lightPotoro_2025-01-26,lightPotoro_2025_01_29__04_28_06_HDR0_2_Mothbot_yolo11m_4500_imgsz1600_b1_2024-01-18.pt.jpg,HS,Mothbot_yolo11m_4500_imgsz1600_b1_2024-01-18.pt,0.8055195212364197,,lightPotoro,Cerro_Hoya_Expedition/Hoya_1204m_lightPotoro_2025-01-26/2025-01-28/patches/lightPotoro_2025_01_29__04_28_06_HDR0_2_Mothbot_yolo11m_4500_imgsz1600_b1_2024-01-18.pt.jpg,ORDER_Lepidoptera,2025-01-29,04:28:06,,2025_01_29__04_28_06,MachineObservation,Cerro_Hoya_Expedition_Hoya_1204m_lightPotoro_2025-01-26_2025-01-28,Cerro_Hoya_Expedition_Hoya_1204m_lightPotoro_2025-01-26,lightPotoro_2025_01_29__04_28_06_HDR0.jpg,lightPotoro_2025_01_29__04_28_06_HDR0_2_Mothbot_yolo11m_4500_imgsz1600_b1_2024-01-18.pt.jpg
,Animalia,Arthropoda,Insecta,Diptera,,,,,,,Diptera,Diptera,Cerro_Hoya_Expedition_Hoya_1204m_lightPotoro_2025-01-26,lightPotoro_2025_01_29__04_28_06_HDR0_3_Mothbot_yolo11m_4500_imgsz1600_b1_2024-01-18.pt.jpg,HS,Mothbot_yolo11m_4500_imgsz1600_b1_2024-01-18.pt,0.7578768134117126,,lightPotoro,Cerro_Hoya_Expedition/Hoya_1204m_lightPotoro_2025-01-26/2025-01-28/patches/lightPotoro_2025_01_29__04_28_06_HDR0_3_Mothbot_yolo11m_4500_imgsz1600_b1_2024-01-18.pt.jpg,ORDER_Diptera,2025-01-29,04:28:06,,2025_01_29__04_28_06,MachineObservation,Cerro_Hoya_Expedition_Hoya_1204m_lightPotoro_2025-01-26_2025-01-28,Cerro_Hoya_Expedition_Hoya_1204m_lightPotoro_2025-01-26,lightPotoro_2025_01_29__04_28_06_HDR0.jpg,lightPotoro_2025_01_29__04_28_06_HDR0_3_Mothbot_yolo11m_4500_imgsz1600_b1_2024-01-18.pt.jpg
,Animalia,Arthropoda,Insecta,Diptera,,,,,,,Diptera,Diptera,Cerro_Hoya_Expedition_Hoya_1204m_lightPotoro_2025-01-26,lightPotoro_2025_01_29__04_28_06_HDR0_4_Mothbot_yolo11m_4500_imgsz1600_b1_2024-01-18.pt.jpg,HS,Mothbot_yolo11m_4500_imgsz1600_b1_2024-01-18.pt,0.6100379228591919,,lightPotoro,Cerro_Hoya_Expedition/Hoya_1204m_lightPotoro_2025-01-26/2025-01-28/patches/lightPotoro_2025_01_29__04_28_06_HDR0_4_Mothbot_yolo11m_4500_imgsz1600_b1_2024-01-18.pt.jpg,ORDER_Diptera,2025-01-29,04:28:06,,2025_01_29__04_28_06,MachineObservation,Cerro_Hoya_Expedition_Hoya_1204m_lightPotoro_2025-01-26_2025-01-28,Cerro_Hoya_Expedition_Hoya_1204m_lightPotoro_2025-01-26,lightPotoro_2025_01_29__04_28_06_HDR0.jpg,lightPotoro_2025_01_29__04_28_06_HDR0_4_Mothbot_yolo11m_4500_imgsz1600_b1_2024-01-18.pt.jpg
,Animalia,Arthropoda,Insecta,Diptera,,,,,,,Diptera,Diptera,Cerro_Hoya_Expedition_Hoya_1204m_lightPotoro_2025-01-26,lightPotoro_2025_01_29__04_28_06_HDR0_5_Mothbot_yolo11m_4500_imgsz1600_b1_2024-01-18.pt.jpg,HS,Mothbot_yolo11m_4500_imgsz1600_b1_2024-01-18.pt,0.6018660664558411,,lightPotoro,Cerro_Hoya_Expedition/Hoya_1204m_lightPotoro_2025-01-26/2025-01-28/patches/lightPotoro_2025_01_29__04_28_06_HDR0_5_Mothbot_yolo11m_4500_imgsz1600_b1_2024-01-18.pt.jpg,ORDER_Diptera,2025-01-29,04:28:06,,2025_01_29__04_28_06,MachineObservation,Cerro_Hoya_Expedition_Hoya_1204m_lightPotoro_2025-01-26_2025-01-28,Cerro_Hoya_Expedition_Hoya_1204m_lightPotoro_2025-01-26,lightPotoro_2025_01_29__04_28_06_HDR0.jpg,lightPotoro_2025_01_29__04_28_06_HDR0_5_Mothbot_yolo11m_4500_imgsz1600_b1_2024-01-18.pt.jpg
doi.org10.15468dl.6nxkw6.csv,Animalia,Arthropoda,Insecta,Lepidoptera,,,,,797,,Lepidoptera,Lepidoptera,Cerro_Hoya_Expedition_Hoya_1204m_lightPotoro_2025-01-26,lightPotoro_2025_01_29__04_28_06_HDR0_6_Mothbot_yolo11m_4500_imgsz1600_b1_2024-01-18.pt.jpg,HS,Mothbot_yolo11m_4500_imgsz1600_b1_2024-01-18.pt,0.554793655872345,,lightPotoro,Cerro_Hoya_Expedition/Hoya_1204m_lightPotoro_2025-01-26/2025-01-28/patches/lightPotoro_2025_01_29__04_28_06_HDR0_6_Mothbot_yolo11m_4500_imgsz1600_b1_2024-01-18.pt.jpg,ORDER_Diptera,2025-01-29,04:28:06,,2025_01_29__04_28_06,MachineObservation,Cerro_Hoya_Expedition_Hoya_1204m_lightPotoro_2025-01-26_2025-01-28,Cerro_Hoya_Expedition_Hoya_1204m_lightPotoro_2025-01-26,lightPotoro_2025_01_29__04_28_06_HDR0.jpg,lightPotoro_2025_01_29__04_28_06_HDR0_6_Mothbot_yolo11m_4500_imgsz1600_b1_2024-01-18.pt.jpg
,Animalia,Arthropoda,Insecta,Lepidoptera,,,,,,,Lepidoptera,Lepidoptera,Cerro_Hoya_Expedition_Hoya_1204m_lightPotoro_2025-01-26,lightPotoro_2025_01_29__04_29_22_HDR0_0_Mothbot_yolo11m_4500_imgsz1600_b1_2024-01-18.pt.jpg,HS,Mothbot_yolo11m_4500_imgsz1600_b1_2024-01-18.pt,0.8608277440071106,,lightPotoro,Cerro_Hoya_Expedition/Hoya_1204m_lightPotoro_2025-01-26/2025-01-28/patches/lightPotoro_2025_01_29__04_29_22_HDR0_0_Mothbot_yolo11m_4500_imgsz1600_b1_2024-01-18.pt.jpg,ORDER_Lepidoptera,2025-01-29,04:29:22,,2025_01_29__04_29_22,MachineObservation,Cerro_Hoya_Expedition_Hoya_1204m_lightPotoro_2025-01-26_2025-01-28,Cerro_Hoya_Expedition_Hoya_1204m_lightPotoro_2025-01-26,lightPotoro_2025_01_29__04_29_22_HDR0.jpg,lightPotoro_2025_01_29__04_29_22_HDR0_0_Mothbot_yolo11m_4500_imgsz1600_b1_2024-01-18.pt.jpg
,Animalia,Arthropoda,Insecta,Lepidoptera,,,,,,,Lepidoptera,Lepidoptera,Cerro_Hoya_Expedition_Hoya_1204m_lightPotoro_2025-01-26,lightPotoro_2025_01_29__04_29_22_HDR0_1_Mothbot_yolo11m_4500_imgsz1600_b1_2024-01-18.pt.jpg,HS,Mothbot_yolo11m_4500_imgsz1600_b1_2024-01-18.pt,0.8458616733551025,,lightPotoro,Cerro_Hoya_Expedition/Hoya_1204m_lightPotoro_2025-01-26/2025-01-28/patches/lightPotoro_2025_01_29__04_29_22_HDR0_1_Mothbot_yolo11m_4500_imgsz1600_b1_2024-01-18.pt.jpg,ORDER_Lepidoptera,2025-01-29,04:29:22,,2025_01_29__04_29_22,MachineObservation,Cerro_Hoya_Expedition_Hoya_1204m_lightPotoro_2025-01-26_2025-01-28,Cerro_Hoya_Expedition_Hoya_1204m_lightPotoro_2025-01-26,lightPotoro_2025_01_29__04_29_22_HDR0.jpg,lightPotoro_2025_01_29__04_29_22_HDR0_1_Mothbot_yolo11m_4500_imgsz1600_b1_2024-01-18.pt.jpg
,Animalia,Arthropoda,Insecta,Diptera,,,,,,,Diptera,Diptera,Cerro_Hoya_Expedition_Hoya_1204m_lightPotoro_2025-01-26,lightPotoro_2025_01_29__04_29_22_HDR0_2_Mothbot_yolo11m_4500_imgsz1600_b1_2024-01-18.pt.jpg,HS,Mothbot_yolo11m_4500_imgsz1600_b1_2024-01-18.pt,0.7549837827682495,,lightPotoro,Cerro_Hoya_Expedition/Hoya_1204m_lightPotoro_2025-01-26/2025-01-28/patches/lightPotoro_2025_01_29__04_29_22_HDR0_2_Mothbot_yolo11m_4500_imgsz1600_b1_2024-01-18.pt.jpg,ORDER_Diptera,2025-01-29,04:29:22,,2025_01_29__04_29_22,MachineObservation,Cerro_Hoya_Expedition_Hoya_1204m_lightPotoro_2025-01-26_2025-01-28,Cerro_Hoya_Expedition_Hoya_1204m_lightPotoro_2025-01-26,lightPotoro_2025_01_29__04_29_22_HDR0.jpg,lightPotoro_2025_01_29__04_29_22_HDR0_2_Mothbot_yolo11m_4500_imgsz1600_b1_2024-01-18.pt.jpg
,Animalia,Arthropoda,Insecta,Lepidoptera,,,,,,,Lepidoptera,Lepidoptera,Cerro_Hoya_Expedition_Hoya_1204m_lightPotoro_2025-01-26,lightPotoro_2025_01_29__04_29_22_HDR0_3_Mothbot_yolo11m_4500_imgsz1600_b1_2024-01-18.pt.jpg,HS,Mothbot_yolo11m_4500_imgsz1600_b1_2024-01-18.pt,0.6111435890197754,,lightPotoro,Cerro_Hoya_Expedition/Hoya_1204m_lightPotoro_2025-01-26/2025-01-28/patches/lightPotoro_2025_01_29__04_29_22_HDR0_3_Mothbot_yolo11m_4500_imgsz1600_b1_2024-01-18.pt.jpg,ORDER_Lepidoptera,2025-01-29,04:29:22,,2025_01_29__04_29_22,MachineObservation,Cerro_Hoya_Expedition_Hoya_1204m_lightPotoro_2025-01-26_2025-01-28,Cerro_Hoya_Expedition_Hoya_1204m_lightPotoro_2025-01-26,lightPotoro_2025_01_29__04_29_22_HDR0.jpg,lightPotoro_2025_01_29__04_29_22_HDR0_3_Mothbot_yolo11m_4500_imgsz1600_b1_2024-01-18.pt.jpg
doi.org10.15468dl.6nxkw6.csv,Animalia,Arthropoda,Insecta,Diptera,,,,,,,Diptera,Diptera,Cerro_Hoya_Expedition_Hoya_1204m_lightPotoro_2025-01-26,lightPotoro_2025_01_29__04_29_22_HDR0_4_Mothbot_yolo11m_4500_imgsz1600_b1_2024-01-18.pt.jpg,HS,Mothbot_yolo11m_4500_imgsz1600_b1_2024-01-18.pt,0.5666527152061462,,lightPotoro,Cerro_Hoya_Expedition/Hoya_1204m_lightPotoro_2025-01-26/2025-01-28/patches/lightPotoro_2025_01_29__04_29_22_HDR0_4_Mothbot_yolo11m_4500_imgsz1600_b1_2024-01-18.pt.jpg,ORDER_Hemiptera,2025-01-29,04:29:22,,2025_01_29__04_29_22,MachineObservation,Cerro_Hoya_Expedition_Hoya_1204m_lightPotoro_2025-01-26_2025-01-28,Cerro_Hoya_Expedition_Hoya_1204m_lightPotoro_2025-01-26,lightPotoro_2025_01_29__04_29_22_HDR0.jpg,lightPotoro_2025_01_29__04_29_22_HDR0_4_Mothbot_yolo11m_4500_imgsz1600_b1_2024-01-18.pt.jpg
doi.org10.15468dl.6nxkw6.csv,Animalia,Arthropoda,Insecta,Lepidoptera,,,,,797,,Lepidoptera,Lepidoptera,Cerro_Hoya_Expedition_Hoya_1204m_lightPotoro_2025-01-26,lightPotoro_2025_01_29__04_29_22_HDR0_5_Mothbot_yolo11m_4500_imgsz1600_b1_2024-01-18.pt.jpg,HS,Mothbot_yolo11m_4500_imgsz1600_b1_2024-01-18.pt,0.5664380788803101,,lightPotoro,Cerro_Hoya_Expedition/Hoya_1204m_lightPotoro_2025-01-26/2025-01-28/patches/lightPotoro_2025_01_29__04_29_22_HDR0_5_Mothbot_yolo11m_4500_imgsz1600_b1_2024-01-18.pt.jpg,ORDER_Diptera,2025-01-29,04:29:22,,2025_01_29__04_29_22,MachineObservation,Cerro_Hoya_Expedition_Hoya_1204m_lightPotoro_2025-01-26_2025-01-28,Cerro_Hoya_Expedition_Hoya_1204m_lightPotoro_2025-01-26,lightPotoro_2025_01_29__04_29_22_HDR0.jpg,lightPotoro_2025_01_29__04_29_22_HDR0_5_Mothbot_yolo11m_4500_imgsz1600_b1_2024-01-18.pt.jpg
,Animalia,Arthropoda,Insecta,Lepidoptera,,,,,,,Lepidoptera,Lepidoptera,Cerro_Hoya_Expedition_Hoya_1204m_lightPotoro_2025-01-26,lightPotoro_2025_01_29__04_30_06_HDR0_0_Mothbot_yolo11m_4500_imgsz1600_b1_2024-01-18.pt.jpg,HS,Mothbot_yolo11m_4500_imgsz1600_b1_2024-01-18.pt,0.8702788352966309,,lightPotoro,Cerro_Hoya_Expedition/Hoya_1204m_lightPotoro_2025-01-26/2025-01-28/patches/lightPotoro_2025_01_29__04_30_06_HDR0_0_Mothbot_yolo11m_4500_imgsz1600_b1_2024-01-18.pt.jpg,ORDER_Lepidoptera,2025-01-29,04:30:06,,2025_01_29__04_30_06,MachineObservation,Cerro_Hoya_Expedition_Hoya_1204m_lightPotoro_2025-01-26_2025-01-28,Cerro_Hoya_Expedition_Hoya_1204m_lightPotoro_2025-01-26,lightPotoro_2025_01_29__04_30_06_HDR0.jpg,lightPotoro_2025_01_29__04_30_06_HDR0_0_Mothbot_yolo11m_4500_imgsz1600_b1_2024-01-18.pt.jpg
,Animalia,Arthropoda,Insecta,Lepidoptera,,,,,,,Lepidoptera,Lepidoptera,Cerro_Hoya_Expedition_Hoya_1204m_lightPotoro_2025-01-26,lightPotoro_2025_01_29__04_30_06_HDR0_1_Mothbot_yolo11m_4500_imgsz1600_b1_2024-01-18.pt.jpg,HS,Mothbot_yolo11m_4500_imgsz1600_b1_2024-01-18.pt,0.8590623140335083,,lightPotoro,Cerro_Hoya_Expedition/Hoya_1204m_lightPotoro_2025-01-26/2025-01-28/patches/lightPotoro_2025_01_29__04_30_06_HDR0_1_Mothbot_yolo11m_4500_imgsz1600_b1_2024-01-18.pt.jpg,ORDER_Lepidoptera,2025-01-29,04:30:06,,2025_01_29__04_30_06,MachineObservation,Cerro_Hoya_Expedition_Hoya_1204m_lightPotoro_2025-01-26_2025-01-28,Cerro_Hoya_Expedition_Hoya_1204m_lightPotoro_2025-01-26,lightPotoro_2025_01_29__04_30_06_HDR0.jpg,lightPotoro_2025_01_29__04_30_06_HDR0_1_Mothbot_yolo11m_4500_imgsz1600_b1_2024-01-18.pt.jpg
,Animalia,Arthropoda,Insecta,Lepidoptera,,,,,,,Lepidoptera,Lepidoptera,Cerro_Hoya_Expedition_Hoya_1204m_lightPotoro_2025-01-26,lightPotoro_2025_01_29__04_30_06_HDR0_2_Mothbot_yolo11m_4500_imgsz1600_b1_2024-01-18.pt.jpg,HS,Mothbot_yolo11m_4500_imgsz1600_b1_2024-01-18.pt,0.8349863886833191,,lightPotoro,Cerro_Hoya_Expedition/Hoya_1204m_lightPotoro_2025-01-26/2025-01-28/patches/lightPotoro_2025_01_29__04_30_06_HDR0_2_Mothbot_yolo11m_4500_imgsz1600_b1_2024-01-18.pt.jpg,ORDER_Lepidoptera,2025-01-29,04:30:06,,2025_01_29__04_30_06,MachineObservation,Cerro_Hoya_Expedition_Hoya_1204m_lightPotoro_2025-01-26_2025-01-28,Cerro_Hoya_Expedition_Hoya_1204m_lightPotoro_2025-01-26,lightPotoro_2025_01_29__04_30_06_HDR0.jpg,lightPotoro_2025_01_29__04_30_06_HDR0_2_Mothbot_yolo11m_4500_imgsz1600_b1_2024-01-18.pt.jpg
,Animalia,Arthropoda,Insecta,Diptera,,,,,,,Diptera,Diptera,Cerro_Hoya_Expedition_Hoya_1204m_lightPotoro_2025-01-26,lightPotoro_2025_01_29__04_30_06_HDR0_3_Mothbot_yolo11m_4500_imgsz1600_b1_2024-01-18.pt.jpg,HS,Mothbot_yolo11m_4500_imgsz1600_b1_2024-01-18.pt,0.7848839163780212,,lightPotoro,Cerro_Hoya_Expedition/Hoya_1204m_lightPotoro_2025-01-26/2025-01-28/patches/lightPotoro_2025_01_29__04_30_06_HDR0_3_Mothbot_yolo11m_4500_imgsz1600_b1_2024-01-18.pt.jpg,ORDER_Diptera,2025-01-29,04:30:06,,2025_01_29__04_30_06,MachineObservation,Cerro_Hoya_Expedition_Hoya_1204m_lightPotoro_2025-01-26_2025-01-28,Cerro_Hoya_Expedition_Hoya_1204m_lightPotoro_2025-01-26,lightPotoro_2025_01_29__04_30_06_HDR0.jpg,lightPotoro_2025_01_29__04_30_06_HDR0_3_Mothbot_yolo11m_4500_imgsz1600_b1_2024-01-18.pt.jpg
doi.org10.15468dl.6nxkw6.csv,Animalia,Arthropoda,Insecta,Coleoptera,Chrysomelidae,Diabrotica,viridula,,8734396,,viridula,Diabrotica viridula,Cerro_Hoya_Expedition_Hoya_1204m_lightPotoro_2025-01-26,lightPotoro_2025_01_29__04_30_06_HDR0_4_Mothbot_yolo11m_4500_imgsz1600_b1_2024-01-18.pt.jpg,HS,Mothbot_yolo11m_4500_imgsz1600_b1_2024-01-18.pt,0.7806193828582764,,lightPotoro,Cerro_Hoya_Expedition/Hoya_1204m_lightPotoro_2025-01-26/2025-01-28/patches/lightPotoro_2025_01_29__04_30_06_HDR0_4_Mothbot_yolo11m_4500_imgsz1600_b1_2024-01-18.pt.jpg,ORDER_Coleoptera,2025-01-29,04:30:06,,2025_01_29__04_30_06,MachineObservation,Cerro_Hoya_Expedition_Hoya_1204m_lightPotoro_2025-01-26_2025-01-28,Cerro_Hoya_Expedition_Hoya_1204m_lightPotoro_2025-01-26,lightPotoro_2025_01_29__04_30_06_HDR0.jpg,lightPotoro_2025_01_29__04_30_06_HDR0_4_Mothbot_yolo11m_4500_imgsz1600_b1_2024-01-18.pt.jpg
doi.org10.15468dl.6nxkw6.csv,Animalia,Arthropoda,Insecta,Hemiptera,,,,,,,Hemiptera,Hemiptera,Cerro_Hoya_Expedition_Hoya_1204m_lightPotoro_2025-01-26,lightPotoro_2025_01_29__04_30_06_HDR0_5_Mothbot_yolo11m_4500_imgsz1600_b1_2024-01-18.pt.jpg,HS,Mothbot_yolo11m_4500_imgsz1600_b1_2024-01-18.pt,0.7568896412849426,,lightPotoro,Cerro_Hoya_Expedition/Hoya_1204m_lightPotoro_2025-01-26/2025-01-28/patches/lightPotoro_2025_01_29__04_30_06_HDR0_5_Mothbot_yolo11m_4500_imgsz1600_b1_2024-01-18.pt.jpg,ORDER_Coleoptera,2025-01-29,04:30:06,,2025_01_29__04_30_06,MachineObservation,Cerro_Hoya_Expedition_Hoya_1204m_lightPotoro_2025-01-26_2025-01-28,Cerro_Hoya_Expedition_Hoya_1204m_lightPotoro_2025-01-26,lightPotoro_2025_01_29__04_30_06_HDR0.jpg,lightPotoro_2025_01_29__04_30_06_HDR0_5_Mothbot_yolo11m_4500_imgsz1600_b1_2024-01-18.pt.jpg
,Animalia,Arthropoda,Insecta,Lepidoptera,,,,,,,Lepidoptera,Lepidoptera,Cerro_Hoya_Expedition_Hoya_1204m_lightPotoro_2025-01-26,lightPotoro_2025_01_29__04_30_06_HDR0_6_Mothbot_yolo11m_4500_imgsz1600_b1_2024-01-18.pt.jpg,HS,Mothbot_yolo11m_4500_imgsz1600_b1_2024-01-18.pt,0.6867950558662415,,lightPotoro,Cerro_Hoya_Expedition/Hoya_1204m_lightPotoro_2025-01-26/2025-01-28/patches/lightPotoro_2025_01_29__04_30_06_HDR0_6_Mothbot_yolo11m_4500_imgsz1600_b1_2024-01-18.pt.jpg,ORDER_Lepidoptera,2025-01-29,04:30:06,,2025_01_29__04_30_06,MachineObservation,Cerro_Hoya_Expedition_Hoya_1204m_lightPotoro_2025-01-26_2025-01-28,Cerro_Hoya_Expedition_Hoya_1204m_lightPotoro_2025-01-26,lightPotoro_2025_01_29__04_30_06_HDR0.jpg,lightPotoro_2025_01_29__04_30_06_HDR0_6_Mothbot_yolo11m_4500_imgsz1600_b1_2024-01-18.pt.jpg
doi.org10.15468dl.6nxkw6.csv,Animalia,Arthropoda,Insecta,Diptera,,,,,,,Diptera,Diptera,Cerro_Hoya_Expedition_Hoya_1204m_lightPotoro_2025-01-26,lightPotoro_2025_01_29__04_30_06_HDR0_7_Mothbot_yolo11m_4500_imgsz1600_b1_2024-01-18.pt.jpg,HS,Mothbot_yolo11m_4500_imgsz1600_b1_2024-01-18.pt,0.6838588118553162,,lightPotoro,Cerro_Hoya_Expedition/Hoya_1204m_lightPotoro_2025-01-26/2025-01-28/patches/lightPotoro_2025_01_29__04_30_06_HDR0_7_Mothbot_yolo11m_4500_imgsz1600_b1_2024-01-18.pt.jpg,ORDER_Hymenoptera,2025-01-29,04:30:06,,2025_01_29__04_30_06,MachineObservation,Cerro_Hoya_Expedition_Hoya_1204m_lightPotoro_2025-01-26_2025-01-28,Cerro_Hoya_Expedition_Hoya_1204m_lightPotoro_2025-01-26,lightPotoro_2025_01_29__04_30_06_HDR0.jpg,lightPotoro_2025_01_29__04_30_06_HDR0_7_Mothbot_yolo11m_4500_imgsz1600_b1_2024-01-18.pt.jpg
doi.org10.15468dl.6nxkw6.csv,Animalia,Arthropoda,Insecta,Diptera,,,,,,,Diptera,Diptera,Cerro_Hoya_Expedition_Hoya_1204m_lightPotoro_2025-01-26,lightPotoro_2025_01_29__04_30_06_HDR0_8_Mothbot_yolo11m_4500_imgsz1600_b1_2024-01-18.pt.jpg,HS,Mothbot_yolo11m_4500_imgsz1600_b1_2024-01-18.pt,0.6756493449211121,,lightPotoro,Cerro_Hoya_Expedition/Hoya_1204m_lightPotoro_2025-01-26/2025-01-28/patches/lightPotoro_2025_01_29__04_30_06_HDR0_8_Mothbot_yolo11m_4500_imgsz1600_b1_2024-01-18.pt.jpg,ORDER_Coleoptera,2025-01-29,04:30:06,,2025_01_29__04_30_06,MachineObservation,Cerro_Hoya_Expedition_Hoya_1204m_lightPotoro_2025-01-26_2025-01-28,Cerro_Hoya_Expedition_Hoya_1204m_lightPotoro_2025-01-26,lightPotoro_2025_01_29__04_30_06_HDR0.jpg,lightPotoro_2025_01_29__04_30_06_HDR0_8_Mothbot_yolo11m_4500_imgsz1600_b1_2024-01-18.pt.jpg
,Animalia,Arthropoda,Insecta,Hemiptera,,,,,,,Hemiptera,Hemiptera,Cerro_Hoya_Expedition_Hoya_1204m_lightPotoro_2025-01-26,lightPotoro_2025_01_29__04_30_06_HDR0_9_Mothbot_yolo11m_4500_imgsz1600_b1_2024-01-18.pt.jpg,HS,Mothbot_yolo11m_4500_imgsz1600_b1_2024-01-18.pt,0.6700207591056824,,lightPotoro,Cerro_Hoya_Expedition/Hoya_1204m_lightPotoro_2025-01-26/2025-01-28/patches/lightPotoro_2025_01_29__04_30_06_HDR0_9_Mothbot_yolo11m_4500_imgsz1600_b1_2024-01-18.pt.jpg,ORDER_Hemiptera,2025-01-29,04:30:06,,2025_01_29__04_30_06,MachineObservation,Cerro_Hoya_Expedition_Hoya_1204m_lightPotoro_2025-01-26_2025-01-28,Cerro_Hoya_Expedition_Hoya_1204m_lightPotoro_2025-01-26,lightPotoro_2025_01_29__04_30_06_HDR0.jpg,lightPotoro_2025_01_29__04_30_06_HDR0_9_Mothbot_yolo11m_4500_imgsz1600_b1_2024-01-18.pt.jpg
,Animalia,Arthropoda,Insecta,Diptera,,,,,,,Diptera,Diptera,Cerro_Hoya_Expedition_Hoya_1204m_lightPotoro_2025-01-26,lightPotoro_2025_01_29__04_30_06_HDR0_10_Mothbot_yolo11m_4500_imgsz1600_b1_2024-01-18.pt.jpg,HS,Mothbot_yolo11m_4500_imgsz1600_b1_2024-01-18.pt,0.5685861110687256,,lightPotoro,Cerro_Hoya_Expedition/Hoya_1204m_lightPotoro_2025-01-26/2025-01-28/patches/lightPotoro_2025_01_29__04_30_06_HDR0_10_Mothbot_yolo11m_4500_imgsz1600_b1_2024-01-18.pt.jpg,ORDER_Diptera,2025-01-29,04:30:06,,2025_01_29__04_30_06,MachineObservation,Cerro_Hoya_Expedition_Hoya_1204m_lightPotoro_2025-01-26_2025-01-28,Cerro_Hoya_Expedition_Hoya_1204m_lightPotoro_2025-01-26,lightPotoro_2025_01_29__04_30_06_HDR0.jpg,lightPotoro_2025_01_29__04_30_06_HDR0_10_Mothbot_yolo11m_4500_imgsz1600_b1_2024-01-18.pt.jpg
,Animalia,Arthropoda,Insecta,Diptera,,,,,,,Diptera,Diptera,Cerro_Hoya_Expedition_Hoya_1204m_lightPotoro_2025-01-26,lightPotoro_2025_01_29__04_30_06_HDR0_11_Mothbot_yolo11m_4500_imgsz1600_b1_2024-01-18.pt.jpg,HS,Mothbot_yolo11m_4500_imgsz1600_b1_2024-01-18.pt,0.5529915690422058,,lightPotoro,Cerro_Hoya_Expedition/Hoya_1204m_lightPotoro_2025-01-26/2025-01-28/patches/lightPotoro_2025_01_29__04_30_06_HDR0_11_Mothbot_yolo11m_4500_imgsz1600_b1_2024-01-18.pt.jpg,ORDER_Diptera,2025-01-29,04:30:06,,2025_01_29__04_30_06,MachineObservation,Cerro_Hoya_Expedition_Hoya_1204m_lightPotoro_2025-01-26_2025-01-28,Cerro_Hoya_Expedition_Hoya_1204m_lightPotoro_2025-01-26,lightPotoro_2025_01_29__04_30_06_HDR0.jpg,lightPotoro_2025_01_29__04_30_06_HDR0_11_Mothbot_yolo11m_4500_imgsz1600_b1_2024-01-18.pt.jpg
,Animalia,Arthropoda,Insecta,Diptera,,,,,,,Diptera,Diptera,Cerro_Hoya_Expedition_Hoya_1204m_lightPotoro_2025-01-26,lightPotoro_2025_01_29__04_30_06_HDR0_12_Mothbot_yolo11m_4500_imgsz1600_b1_2024-01-18.pt.jpg,HS,Mothbot_yolo11m_4500_imgsz1600_b1_2024-01-18.pt,0.410405695438385,,lightPotoro,Cerro_Hoya_Expedition/Hoya_1204m_lightPotoro_2025-01-26/2025-01-28/patches/lightPotoro_2025_01_29__04_30_06_HDR0_12_Mothbot_yolo11m_4500_imgsz1600_b1_2024-01-18.pt.jpg,ORDER_Diptera,2025-01-29,04:30:06,,2025_01_29__04_30_06,MachineObservation,Cerro_Hoya_Expedition_Hoya_1204m_lightPotoro_2025-01-26_2025-01-28,Cerro_Hoya_Expedition_Hoya_1204m_lightPotoro_2025-01-26,lightPotoro_2025_01_29__04_30_06_HDR0.jpg,lightPotoro_2025_01_29__04_30_06_HDR0_12_Mothbot_yolo11m_4500_imgsz1600_b1_2024-01-18.pt.jpg
,Animalia,Arthropoda,Insecta,Diptera,,,,,,,Diptera,Diptera,Cerro_Hoya_Expedition_Hoya_1204m_lightPotoro_2025-01-26,lightPotoro_2025_01_29__04_30_06_HDR0_13_Mothbot_yolo11m_4500_imgsz1600_b1_2024-01-18.pt.jpg,HS,Mothbot_yolo11m_4500_imgsz1600_b1_2024-01-18.pt,0.3982713520526886,,lightPotoro,Cerro_Hoya_Expedition/Hoya_1204m_lightPotoro_2025-01-26/2025-01-28/patches/lightPotoro_2025_01_29__04_30_06_HDR0_13_Mothbot_yolo11m_4500_imgsz1600_b1_2024-01-18.pt.jpg,ORDER_Diptera,2025-01-29,04:30:06,,2025_01_29__04_30_06,MachineObservation,Cerro_Hoya_Expedition_Hoya_1204m_lightPotoro_2025-01-26_2025-01-28,Cerro_Hoya_Expedition_Hoya_1204m_lightPotoro_2025-01-26,lightPotoro_2025_01_29__04_30_06_HDR0.jpg,lightPotoro_2025_01_29__04_30_06_HDR0_13_Mothbot_yolo11m_4500_imgsz1600_b1_2024-01-18.pt.jpg
,Animalia,Arthropoda,Insecta,Lepidoptera,,,,,,,Lepidoptera,Lepidoptera,Cerro_Hoya_Expedition_Hoya_1204m_lightPotoro_2025-01-26,lightPotoro_2025_01_29__04_31_05_HDR0_0_Mothbot_yolo11m_4500_imgsz1600_b1_2024-01-18.pt.jpg,HS,Mothbot_yolo11m_4500_imgsz1600_b1_2024-01-18.pt,0.8660067319869995,,lightPotoro,Cerro_Hoya_Expedition/Hoya_1204m_lightPotoro_2025-01-26/2025-01-28/patches/lightPotoro_2025_01_29__04_31_05_HDR0_0_Mothbot_yolo11m_4500_imgsz1600_b1_2024-01-18.pt.jpg,ORDER_Lepidoptera,2025-01-29,04:31:05,,2025_01_29__04_31_05,MachineObservation,Cerro_Hoya_Expedition_Hoya_1204m_lightPotoro_2025-01-26_2025-01-28,Cerro_Hoya_Expedition_Hoya_1204m_lightPotoro_2025-01-26,lightPotoro_2025_01_29__04_31_05_HDR0.jpg,lightPotoro_2025_01_29__04_31_05_HDR0_0_Mothbot_yolo11m_4500_imgsz1600_b1_2024-01-18.pt.jpg
,Animalia,Arthropoda,Insecta,Lepidoptera,,,,,,,Lepidoptera,Lepidoptera,Cerro_Hoya_Expedition_Hoya_1204m_lightPotoro_2025-01-26,lightPotoro_2025_01_29__04_31_05_HDR0_1_Mothbot_yolo11m_4500_imgsz1600_b1_2024-01-18.pt.jpg,HS,Mothbot_yolo11m_4500_imgsz1600_b1_2024-01-18.pt,0.8520523309707642,,lightPotoro,Cerro_Hoya_Expedition/Hoya_1204m_lightPotoro_2025-01-26/2025-01-28/patches/lightPotoro_2025_01_29__04_31_05_HDR0_1_Mothbot_yolo11m_4500_imgsz1600_b1_2024-01-18.pt.jpg,ORDER_Lepidoptera,2025-01-29,04:31:05,,2025_01_29__04_31_05,MachineObservation,Cerro_Hoya_Expedition_Hoya_1204m_lightPotoro_2025-01-26_2025-01-28,Cerro_Hoya_Expedition_Hoya_1204m_lightPotoro_2025-01-26,lightPotoro_2025_01_29__04_31_05_HDR0.jpg,lightPotoro_2025_01_29__04_31_05_HDR0_1_Mothbot_yolo11m_4500_imgsz1600_b1_2024-01-18.pt.jpg
doi.org10.15468dl.6nxkw6.csv,Animalia,Arthropoda,Insecta,Hemiptera,,,,,,,Hemiptera,Hemiptera,Cerro_Hoya_Expedition_Hoya_1204m_lightPotoro_2025-01-26,lightPotoro_2025_01_29__04_31_05_HDR0_2_Mothbot_yolo11m_4500_imgsz1600_b1_2024-01-18.pt.jpg,HS,Mothbot_yolo11m_4500_imgsz1600_b1_2024-01-18.pt,0.740164041519165,,lightPotoro,Cerro_Hoya_Expedition/Hoya_1204m_lightPotoro_2025-01-26/2025-01-28/patches/lightPotoro_2025_01_29__04_31_05_HDR0_2_Mothbot_yolo11m_4500_imgsz1600_b1_2024-01-18.pt.jpg,ORDER_Psocodea,2025-01-29,04:31:05,,2025_01_29__04_31_05,MachineObservation,Cerro_Hoya_Expedition_Hoya_1204m_lightPotoro_2025-01-26_2025-01-28,Cerro_Hoya_Expedition_Hoya_1204m_lightPotoro_2025-01-26,lightPotoro_2025_01_29__04_31_05_HDR0.jpg,lightPotoro_2025_01_29__04_31_05_HDR0_2_Mothbot_yolo11m_4500_imgsz1600_b1_2024-01-18.pt.jpg
doi.org10.15468dl.6nxkw6.csv,Animalia,Arthropoda,Insecta,Coleoptera,Chrysomelidae,Diabrotica,,Diabrotica1,1048495,,Diabrotica,Diabrotica1,Cerro_Hoya_Expedition_Hoya_1204m_lightPotoro_2025-01-26,lightPotoro_2025_01_29__04_31_05_HDR0_3_Mothbot_yolo11m_4500_imgsz1600_b1_2024-01-18.pt.jpg,HS,Mothbot_yolo11m_4500_imgsz1600_b1_2024-01-18.pt,0.7106717824935913,,lightPotoro,Cerro_Hoya_Expedition/Hoya_1204m_lightPotoro_2025-01-26/2025-01-28/patches/lightPotoro_2025_01_29__04_31_05_HDR0_3_Mothbot_yolo11m_4500_imgsz1600_b1_2024-01-18.pt.jpg,ORDER_Coleoptera,2025-01-29,04:31:05,,2025_01_29__04_31_05,MachineObservation,Cerro_Hoya_Expedition_Hoya_1204m_lightPotoro_2025-01-26_2025-01-28,Cerro_Hoya_Expedition_Hoya_1204m_lightPotoro_2025-01-26,lightPotoro_2025_01_29__04_31_05_HDR0.jpg,lightPotoro_2025_01_29__04_31_05_HDR0_3_Mothbot_yolo11m_4500_imgsz1600_b1_2024-01-18.pt.jpg
doi.org10.15468dl.6nxkw6.csv,Animalia,Arthropoda,Insecta,Hemiptera,,,,,,,Hemiptera,Hemiptera,Cerro_Hoya_Expedition_Hoya_1204m_lightPotoro_2025-01-26,lightPotoro_2025_01_29__04_31_05_HDR0_4_Mothbot_yolo11m_4500_imgsz1600_b1_2024-01-18.pt.jpg,HS,Mothbot_yolo11m_4500_imgsz1600_b1_2024-01-18.pt,0.6885530948638916,,lightPotoro,Cerro_Hoya_Expedition/Hoya_1204m_lightPotoro_2025-01-26/2025-01-28/patches/lightPotoro_2025_01_29__04_31_05_HDR0_4_Mothbot_yolo11m_4500_imgsz1600_b1_2024-01-18.pt.jpg,ORDER_Psocodea,2025-01-29,04:31:05,,2025_01_29__04_31_05,MachineObservation,Cerro_Hoya_Expedition_Hoya_1204m_lightPotoro_2025-01-26_2025-01-28,Cerro_Hoya_Expedition_Hoya_1204m_lightPotoro_2025-01-26,lightPotoro_2025_01_29__04_31_05_HDR0.jpg,lightPotoro_2025_01_29__04_31_05_HDR0_4_Mothbot_yolo11m_4500_imgsz1600_b1_2024-01-18.pt.jpg
,Animalia,Arthropoda,Insecta,Hemiptera,,,,,,,Hemiptera,Hemiptera,Cerro_Hoya_Expedition_Hoya_1204m_lightPotoro_2025-01-26,lightPotoro_2025_01_29__04_31_05_HDR0_5_Mothbot_yolo11m_4500_imgsz1600_b1_2024-01-18.pt.jpg,HS,Mothbot_yolo11m_4500_imgsz1600_b1_2024-01-18.pt,0.6875980496406555,,lightPotoro,Cerro_Hoya_Expedition/Hoya_1204m_lightPotoro_2025-01-26/2025-01-28/patches/lightPotoro_2025_01_29__04_31_05_HDR0_5_Mothbot_yolo11m_4500_imgsz1600_b1_2024-01-18.pt.jpg,ORDER_Hemiptera,2025-01-29,04:31:05,,2025_01_29__04_31_05,MachineObservation,Cerro_Hoya_Expedition_Hoya_1204m_lightPotoro_2025-01-26_2025-01-28,Cerro_Hoya_Expedition_Hoya_1204m_lightPotoro_2025-01-26,lightPotoro_2025_01_29__04_31_05_HDR0.jpg,lightPotoro_2025_01_29__04_31_05_HDR0_5_Mothbot_yolo11m_4500_imgsz1600_b1_2024-01-18.pt.jpg
,Animalia,Arthropoda,Insecta,Diptera,,,,,,,Diptera,Diptera,Cerro_Hoya_Expedition_Hoya_1204m_lightPotoro_2025-01-26,lightPotoro_2025_01_29__04_31_05_HDR0_6_Mothbot_yolo11m_4500_imgsz1600_b1_2024-01-18.pt.jpg,HS,Mothbot_yolo11m_4500_imgsz1600_b1_2024-01-18.pt,0.6503358483314514,,lightPotoro,Cerro_Hoya_Expedition/Hoya_1204m_lightPotoro_2025-01-26/2025-01-28/patches/lightPotoro_2025_01_29__04_31_05_HDR0_6_Mothbot_yolo11m_4500_imgsz1600_b1_2024-01-18.pt.jpg,ORDER_Diptera,2025-01-29,04:31:05,,2025_01_29__04_31_05,MachineObservation,Cerro_Hoya_Expedition_Hoya_1204m_lightPotoro_2025-01-26_2025-01-28,Cerro_Hoya_Expedition_Hoya_1204m_lightPotoro_2025-01-26,lightPotoro_2025_01_29__04_31_05_HDR0.jpg,lightPotoro_2025_01_29__04_31_05_HDR0_6_Mothbot_yolo11m_4500_imgsz1600_b1_2024-01-18.pt.jpg
,Animalia,Arthropoda,Insecta,Hemiptera,,,,,,,Hemiptera,Hemiptera,Cerro_Hoya_Expedition_Hoya_1204m_lightPotoro_2025-01-26,lightPotoro_2025_01_29__04_31_05_HDR0_7_Mothbot_yolo11m_4500_imgsz1600_b1_2024-01-18.pt.jpg,HS,Mothbot_yolo11m_4500_imgsz1600_b1_2024-01-18.pt,0.5569658279418945,,lightPotoro,Cerro_Hoya_Expedition/Hoya_1204m_lightPotoro_2025-01-26/2025-01-28/patches/lightPotoro_2025_01_29__04_31_05_HDR0_7_Mothbot_yolo11m_4500_imgsz1600_b1_2024-01-18.pt.jpg,ORDER_Hemiptera,2025-01-29,04:31:05,,2025_01_29__04_31_05,MachineObservation,Cerro_Hoya_Expedition_Hoya_1204m_lightPotoro_2025-01-26_2025-01-28,Cerro_Hoya_Expedition_Hoya_1204m_lightPotoro_2025-01-26,lightPotoro_2025_01_29__04_31_05_HDR0.jpg,lightPotoro_2025_01_29__04_31_05_HDR0_7_Mothbot_yolo11m_4500_imgsz1600_b1_2024-01-18.pt.jpg
,Animalia,Arthropoda,Insecta,Diptera,,,,,,,Diptera,Diptera,Cerro_Hoya_Expedition_Hoya_1204m_lightPotoro_2025-01-26,lightPotoro_2025_01_29__04_31_05_HDR0_8_Mothbot_yolo11m_4500_imgsz1600_b1_2024-01-18.pt.jpg,HS,Mothbot_yolo11m_4500_imgsz1600_b1_2024-01-18.pt,0.5401498079299927,,lightPotoro,Cerro_Hoya_Expedition/Hoya_1204m_lightPotoro_2025-01-26/2025-01-28/patches/lightPotoro_2025_01_29__04_31_05_HDR0_8_Mothbot_yolo11m_4500_imgsz1600_b1_2024-01-18.pt.jpg,ORDER_Diptera,2025-01-29,04:31:05,,2025_01_29__04_31_05,MachineObservation,Cerro_Hoya_Expedition_Hoya_1204m_lightPotoro_2025-01-26_2025-01-28,Cerro_Hoya_Expedition_Hoya_1204m_lightPotoro_2025-01-26,lightPotoro_2025_01_29__04_31_05_HDR0.jpg,lightPotoro_2025_01_29__04_31_05_HDR0_8_Mothbot_yolo11m_4500_imgsz1600_b1_2024-01-18.pt.jpg
doi.org10.15468dl.6nxkw6.csv,Animalia,Arthropoda,Insecta,Coleoptera,Chrysomelidae,Diabrotica,viridula,,8734396,,viridula,Diabrotica viridula,Cerro_Hoya_Expedition_Hoya_1204m_lightPotoro_2025-01-26,lightPotoro_2025_01_29__04_31_05_HDR0_9_Mothbot_yolo11m_4500_imgsz1600_b1_2024-01-18.pt.jpg,HS,Mothbot_yolo11m_4500_imgsz1600_b1_2024-01-18.pt,0.5161586999893188,,lightPotoro,Cerro_Hoya_Expedition/Hoya_1204m_lightPotoro_2025-01-26/2025-01-28/patches/lightPotoro_2025_01_29__04_31_05_HDR0_9_Mothbot_yolo11m_4500_imgsz1600_b1_2024-01-18.pt.jpg,ORDER_Coleoptera,2025-01-29,04:31:05,,2025_01_29__04_31_05,MachineObservation,Cerro_Hoya_Expedition_Hoya_1204m_lightPotoro_2025-01-26_2025-01-28,Cerro_Hoya_Expedition_Hoya_1204m_lightPotoro_2025-01-26,lightPotoro_2025_01_29__04_31_05_HDR0.jpg,lightPotoro_2025_01_29__04_31_05_HDR0_9_Mothbot_yolo11m_4500_imgsz1600_b1_2024-01-18.pt.jpg
doi.org10.15468dl.6nxkw6.csv,Animalia,Arthropoda,Insecta,Diptera,,,,,,,Diptera,Diptera,Cerro_Hoya_Expedition_Hoya_1204m_lightPotoro_2025-01-26,lightPotoro_2025_01_29__04_31_05_HDR0_10_Mothbot_yolo11m_4500_imgsz1600_b1_2024-01-18.pt.jpg,HS,Mothbot_yolo11m_4500_imgsz1600_b1_2024-01-18.pt,0.5048543214797974,,lightPotoro,Cerro_Hoya_Expedition/Hoya_1204m_lightPotoro_2025-01-26/2025-01-28/patches/lightPotoro_2025_01_29__04_31_05_HDR0_10_Mothbot_yolo11m_4500_imgsz1600_b1_2024-01-18.pt.jpg,ORDER_Hemiptera,2025-01-29,04:31:05,,2025_01_29__04_31_05,MachineObservation,Cerro_Hoya_Expedition_Hoya_1204m_lightPotoro_2025-01-26_2025-01-28,Cerro_Hoya_Expedition_Hoya_1204m_lightPotoro_2025-01-26,lightPotoro_2025_01_29__04_31_05_HDR0.jpg,lightPotoro_2025_01_29__04_31_05_HDR0_10_Mothbot_yolo11m_4500_imgsz1600_b1_2024-01-18.pt.jpg