species_list_doi,kingdom,phylum,class,order,family,genus,species,morphospecies,taxonID,commonName,scientificName,name,deployment,image_id,identifiedBy,detectionBy,detection_confidence,ID_confidence,mothbox,filepath,original_mothbox_identifciation,eventDate,eventTime,UTCOFFSET,verbatimEventDate,basisOfRecord,datasetID,parentEventID,eventID,occurrenceID
doi.org10.15468dl.6nxkw6.csv,Animalia,Arthropoda,Insecta,Hemiptera,,,,,809,,Hemiptera,Hemiptera,Cerro_Hoya_Expedition_Hoya_606m_grisMejua_2025-01-26,grisMejua_2025_01_26__19_09_05_HDR0_0_Mothbot_yolo11m_4500_imgsz1600_b1_2024-01-18.pt.jpg,HS,Mothbot_yolo11m_4500_imgsz1600_b1_2024-01-18.pt,0.7897340655326843,,grisMejua,Cerro_Hoya_Expedition/Hoya_606m_grisMejua_2025-01-26/2025-01-26/patches/grisMejua_2025_01_26__19_09_05_HDR0_0_Mothbot_yolo11m_4500_imgsz1600_b1_2024-01-18.pt.jpg,ORDER_Diptera,2025-01-26,19:09:05,,2025_01_26__19_09_05,MachineObservation,Cerro_Hoya_Expedition_Hoya_606m_grisMejua_2025-01-26_2025-01-26,Cerro_Hoya_Expedition_Hoya_606m_grisMejua_2025-01-26,grisMejua_2025_01_26__19_09_05_HDR0.jpg,grisMejua_2025_01_26__19_09_05_HDR0_0_Mothbot_yolo11m_4500_imgsz1600_b1_2024-01-18.pt.jpg
doi.org10.15468dl.6nxkw6.csv,Animalia,Arthropoda,Insecta,,,,,,216,,Insecta,Insecta,Cerro_Hoya_Expedition_Hoya_606m_grisMejua_2025-01-26,grisMejua_2025_01_26__19_15_22_HDR0_0_Mothbot_yolo11m_4500_imgsz1600_b1_2024-01-18.pt.jpg,HS,Mothbot_yolo11m_4500_imgsz1600_b1_2024-01-18.pt,0.7968815565109253,,grisMejua,Cerro_Hoya_Expedition/Hoya_606m_grisMejua_2025-01-26/2025-01-26/patches/grisMejua_2025_01_26__19_15_22_HDR0_0_Mothbot_yolo11m_4500_imgsz1600_b1_2024-01-18.pt.jpg,ORDER_Diptera,2025-01-26,19:15:22,,2025_01_26__19_15_22,MachineObservation,Cerro_Hoya_Expedition_Hoya_606m_grisMejua_2025-01-26_2025-01-26,Cerro_Hoya_Expedition_Hoya_606m_grisMejua_2025-01-26,grisMejua_2025_01_26__19_15_22_HDR0.jpg,grisMejua_2025_01_26__19_15_22_HDR0_0_Mothbot_yolo11m_4500_imgsz1600_b1_2024-01-18.pt.jpg
doi.org10.15468dl.6nxkw6.csv,Animalia,Arthropoda,Insecta,Diptera,,,,,811,,Diptera,Diptera,Cerro_Hoya_Expedition_Hoya_606m_grisMejua_2025-01-26,grisMejua_2025_01_26__19_15_22_HDR0_1_Mothbot_yolo11m_4500_imgsz1600_b1_2024-01-18.pt.jpg,HS,Mothbot_yolo11m_4500_imgsz1600_b1_2024-01-18.pt,0.6186180114746094,,grisMejua,Cerro_Hoya_Expedition/Hoya_606m_grisMejua_2025-01-26/2025-01-26/patches/grisMejua_2025_01_26__19_15_22_HDR0_1_Mothbot_yolo11m_4500_imgsz1600_b1_2024-01-18.pt.jpg,ORDER_Diptera,2025-01-26,19:15:22,,2025_01_26__19_15_22,MachineObservation,Cerro_Hoya_Expedition_Hoya_606m_grisMejua_2025-01-26_2025-01-26,Cerro_Hoya_Expedition_Hoya_606m_grisMejua_2025-01-26,grisMejua_2025_01_26__19_15_22_HDR0.jpg,grisMejua_2025_01_26__19_15_22_HDR0_1_Mothbot_yolo11m_4500_imgsz1600_b1_2024-01-18.pt.jpg
doi.org10.15468dl.6nxkw6.csv,Animalia,Arthropoda,Insecta,,,,,,216,,Insecta,Insecta,Cerro_Hoya_Expedition_Hoya_606m_grisMejua_2025-01-26,grisMejua_2025_01_26__19_15_22_HDR0_2_Mothbot_yolo11m_4500_imgsz1600_b1_2024-01-18.pt.jpg,HS,Mothbot_yolo11m_4500_imgsz1600_b1_2024-01-18.pt,0.4109257161617279,,grisMejua,Cerro_Hoya_Expedition/Hoya_606m_grisMejua_2025-01-26/2025-01-26/patches/grisMejua_2025_01_26__19_15_22_HDR0_2_Mothbot_yolo11m_4500_imgsz1600_b1_2024-01-18.pt.jpg,ORDER_Diptera,2025-01-26,19:15:22,,2025_01_26__19_15_22,MachineObservation,Cerro_Hoya_Expedition_Hoya_606m_grisMejua_2025-01-26_2025-01-26,Cerro_Hoya_Expedition_Hoya_606m_grisMejua_2025-01-26,grisMejua_2025_01_26__19_15_22_HDR0.jpg,grisMejua_2025_01_26__19_15_22_HDR0_2_Mothbot_yolo11m_4500_imgsz1600_b1_2024-01-18.pt.jpg
doi.org10.15468dl.6nxkw6.csv,Animalia,Arthropoda,Insecta,,,,,,216,,Insecta,Insecta,Cerro_Hoya_Expedition_Hoya_606m_grisMejua_2025-01-26,grisMejua_2025_01_26__19_15_22_HDR0_3_Mothbot_yolo11m_4500_imgsz1600_b1_2024-01-18.pt.jpg,HS,Mothbot_yolo11m_4500_imgsz1600_b1_2024-01-18.pt,0.293445885181427,,grisMejua,Cerro_Hoya_Expedition/Hoya_606m_grisMejua_2025-01-26/2025-01-26/patches/grisMejua_2025_01_26__19_15_22_HDR0_3_Mothbot_yolo11m_4500_imgsz1600_b1_2024-01-18.pt.jpg,ORDER_Diptera,2025-01-26,19:15:22,,2025_01_26__19_15_22,MachineObservation,Cerro_Hoya_Expedition_Hoya_606m_grisMejua_2025-01-26_2025-01-26,Cerro_Hoya_Expedition_Hoya_606m_grisMejua_2025-01-26,grisMejua_2025_01_26__19_15_22_HDR0.jpg,grisMejua_2025_01_26__19_15_22_HDR0_3_Mothbot_yolo11m_4500_imgsz1600_b1_2024-01-18.pt.jpg
doi.org10.15468dl.6nxkw6.csv,Animalia,Arthropoda,Insecta,,,,,,216,,Insecta,Insecta,Cerro_Hoya_Expedition_Hoya_606m_grisMejua_2025-01-26,grisMejua_2025_01_26__19_15_22_HDR0_4_Mothbot_yolo11m_4500_imgsz1600_b1_2024-01-18.pt.jpg,HS,Mothbot_yolo11m_4500_imgsz1600_b1_2024-01-18.pt,0.2556896209716797,,grisMejua,Cerro_Hoya_Expedition/Hoya_606m_grisMejua_2025-01-26/2025-01-26/patches/grisMejua_2025_01_26__19_15_22_HDR0_4_Mothbot_yolo11m_4500_imgsz1600_b1_2024-01-18.pt.jpg,ORDER_Hymenoptera,2025-01-26,19:15:22,,2025_01_26__19_15_22,MachineObservation,Cerro_Hoya_Expedition_Hoya_606m_grisMejua_2025-01-26_2025-01-26,Cerro_Hoya_Expedition_Hoya_606m_grisMejua_2025-01-26,grisMejua_2025_01_26__19_15_22_HDR0.jpg,grisMejua_2025_01_26__19_15_22_HDR0_4_Mothbot_yolo11m_4500_imgsz1600_b1_2024-01-18.pt.jpg
doi.org10.15468dl.6nxkw6.csv,Animalia,Arthropoda,Insecta,Lepidoptera,,,,,797,,Lepidoptera,Lepidoptera,Cerro_Hoya_Expedition_Hoya_606m_grisMejua_2025-01-26,grisMejua_2025_01_26__19_16_06_HDR0_0_Mothbot_yolo11m_4500_imgsz1600_b1_2024-01-18.pt.jpg,HS,Mothbot_yolo11m_4500_imgsz1600_b1_2024-01-18.pt,0.4923190176486969,,grisMejua,Cerro_Hoya_Expedition/Hoya_606m_grisMejua_2025-01-26/2025-01-26/patches/grisMejua_2025_01_26__19_16_06_HDR0_0_Mothbot_yolo11m_4500_imgsz1600_b1_2024-01-18.pt.jpg,ORDER_Lepidoptera,2025-01-26,19:16:06,,2025_01_26__19_16_06,MachineObservation,Cerro_Hoya_Expedition_Hoya_606m_grisMejua_2025-01-26_2025-01-26,Cerro_Hoya_Expedition_Hoya_606m_grisMejua_2025-01-26,grisMejua_2025_01_26__19_16_06_HDR0.jpg,grisMejua_2025_01_26__19_16_06_HDR0_0_Mothbot_yolo11m_4500_imgsz1600_b1_2024-01-18.pt.jpg
doi.org10.15468dl.6nxkw6.csv,Animalia,Arthropoda,Insecta,Lepidoptera,,,,,797,,Lepidoptera,Lepidoptera,Cerro_Hoya_Expedition_Hoya_606m_grisMejua_2025-01-26,grisMejua_2025_01_26__19_17_05_HDR0_0_Mothbot_yolo11m_4500_imgsz1600_b1_2024-01-18.pt.jpg,HS,Mothbot_yolo11m_4500_imgsz1600_b1_2024-01-18.pt,0.780887246131897,,grisMejua,Cerro_Hoya_Expedition/Hoya_606m_grisMejua_2025-01-26/2025-01-26/patches/grisMejua_2025_01_26__19_17_05_HDR0_0_Mothbot_yolo11m_4500_imgsz1600_b1_2024-01-18.pt.jpg,ORDER_Lepidoptera,2025-01-26,19:17:05,,2025_01_26__19_17_05,MachineObservation,Cerro_Hoya_Expedition_Hoya_606m_grisMejua_2025-01-26_2025-01-26,Cerro_Hoya_Expedition_Hoya_606m_grisMejua_2025-01-26,grisMejua_2025_01_26__19_17_05_HDR0.jpg,grisMejua_2025_01_26__19_17_05_HDR0_0_Mothbot_yolo11m_4500_imgsz1600_b1_2024-01-18.pt.jpg
doi.org10.15468dl.6nxkw6.csv,Animalia,Arthropoda,Insecta,Coleoptera,Coccinellidae,Jaguarita,vogli,,,,vogli,Jaguarita vogli,Cerro_Hoya_Expedition_Hoya_606m_grisMejua_2025-01-26,grisMejua_2025_01_26__19_17_05_HDR0_1_Mothbot_yolo11m_4500_imgsz1600_b1_2024-01-18.pt.jpg,HS,Mothbot_yolo11m_4500_imgsz1600_b1_2024-01-18.pt,0.6540553569793701,,grisMejua,Cerro_Hoya_Expedition/Hoya_606m_grisMejua_2025-01-26/2025-01-26/patches/grisMejua_2025_01_26__19_17_05_HDR0_1_Mothbot_yolo11m_4500_imgsz1600_b1_2024-01-18.pt.jpg,ORDER_Coleoptera,2025-01-26,19:17:05,,2025_01_26__19_17_05,MachineObservation,Cerro_Hoya_Expedition_Hoya_606m_grisMejua_2025-01-26_2025-01-26,Cerro_Hoya_Expedition_Hoya_606m_grisMejua_2025-01-26,grisMejua_2025_01_26__19_17_05_HDR0.jpg,grisMejua_2025_01_26__19_17_05_HDR0_1_Mothbot_yolo11m_4500_imgsz1600_b1_2024-01-18.pt.jpg
doi.org10.15468dl.6nxkw6.csv,Animalia,Arthropoda,Insecta,Lepidoptera,,,,,797,,Lepidoptera,Lepidoptera,Cerro_Hoya_Expedition_Hoya_606m_grisMejua_2025-01-26,grisMejua_2025_01_26__19_18_06_HDR0_0_Mothbot_yolo11m_4500_imgsz1600_b1_2024-01-18.pt.jpg,HS,Mothbot_yolo11m_4500_imgsz1600_b1_2024-01-18.pt,0.7694628238677979,,grisMejua,Cerro_Hoya_Expedition/Hoya_606m_grisMejua_2025-01-26/2025-01-26/patches/grisMejua_2025_01_26__19_18_06_HDR0_0_Mothbot_yolo11m_4500_imgsz1600_b1_2024-01-18.pt.jpg,ORDER_Hemiptera,2025-01-26,19:18:06,,2025_01_26__19_18_06,MachineObservation,Cerro_Hoya_Expedition_Hoya_606m_grisMejua_2025-01-26_2025-01-26,Cerro_Hoya_Expedition_Hoya_606m_grisMejua_2025-01-26,grisMejua_2025_01_26__19_18_06_HDR0.jpg,grisMejua_2025_01_26__19_18_06_HDR0_0_Mothbot_yolo11m_4500_imgsz1600_b1_2024-01-18.pt.jpg
doi.org10.15468dl.6nxkw6.csv,Animalia,Arthropoda,Insecta,Lepidoptera,,,,,797,,Lepidoptera,Lepidoptera,Cerro_Hoya_Expedition_Hoya_606m_grisMejua_2025-01-26,grisMejua_2025_01_26__19_18_06_HDR0_1_Mothbot_yolo11m_4500_imgsz1600_b1_2024-01-18.pt.jpg,HS,Mothbot_yolo11m_4500_imgsz1600_b1_2024-01-18.pt,0.4192364513874054,,grisMejua,Cerro_Hoya_Expedition/Hoya_606m_grisMejua_2025-01-26/2025-01-26/patches/grisMejua_2025_01_26__19_18_06_HDR0_1_Mothbot_yolo11m_4500_imgsz1600_b1_2024-01-18.pt.jpg,ORDER_Coleoptera,2025-01-26,19:18:06,,2025_01_26__19_18_06,MachineObservation,Cerro_Hoya_Expedition_Hoya_606m_grisMejua_2025-01-26_2025-01-26,Cerro_Hoya_Expedition_Hoya_606m_grisMejua_2025-01-26,grisMejua_2025_01_26__19_18_06_HDR0.jpg,grisMejua_2025_01_26__19_18_06_HDR0_1_Mothbot_yolo11m_4500_imgsz1600_b1_2024-01-18.pt.jpg
doi.org10.15468dl.6nxkw6.csv,Animalia,Arthropoda,Insecta,Lepidoptera,,,,,797,,Lepidoptera,Lepidoptera,Cerro_Hoya_Expedition_Hoya_606m_grisMejua_2025-01-26,grisMejua_2025_01_26__19_19_06_HDR0_0_Mothbot_yolo11m_4500_imgsz1600_b1_2024-01-18.pt.jpg,HS,Mothbot_yolo11m_4500_imgsz1600_b1_2024-01-18.pt,0.7779179811477661,,grisMejua,Cerro_Hoya_Expedition/Hoya_606m_grisMejua_2025-01-26/2025-01-26/patches/grisMejua_2025_01_26__19_19_06_HDR0_0_Mothbot_yolo11m_4500_imgsz1600_b1_2024-01-18.pt.jpg,ORDER_Lepidoptera,2025-01-26,19:19:06,,2025_01_26__19_19_06,MachineObservation,Cerro_Hoya_Expedition_Hoya_606m_grisMejua_2025-01-26_2025-01-26,Cerro_Hoya_Expedition_Hoya_606m_grisMejua_2025-01-26,grisMejua_2025_01_26__19_19_06_HDR0.jpg,grisMejua_2025_01_26__19_19_06_HDR0_0_Mothbot_yolo11m_4500_imgsz1600_b1_2024-01-18.pt.jpg
doi.org10.15468dl.6nxkw6.csv,Animalia,Arthropoda,Insecta,Lepidoptera,,,,,797,,Lepidoptera,Lepidoptera,Cerro_Hoya_Expedition_Hoya_606m_grisMejua_2025-01-26,grisMejua_2025_01_26__19_19_06_HDR0_1_Mothbot_yolo11m_4500_imgsz1600_b1_2024-01-18.pt.jpg,HS,Mothbot_yolo11m_4500_imgsz1600_b1_2024-01-18.pt,0.7624724507331848,,grisMejua,Cerro_Hoya_Expedition/Hoya_606m_grisMejua_2025-01-26/2025-01-26/patches/grisMejua_2025_01_26__19_19_06_HDR0_1_Mothbot_yolo11m_4500_imgsz1600_b1_2024-01-18.pt.jpg,ORDER_Diptera,2025-01-26,19:19:06,,2025_01_26__19_19_06,MachineObservation,Cerro_Hoya_Expedition_Hoya_606m_grisMejua_2025-01-26_2025-01-26,Cerro_Hoya_Expedition_Hoya_606m_grisMejua_2025-01-26,grisMejua_2025_01_26__19_19_06_HDR0.jpg,grisMejua_2025_01_26__19_19_06_HDR0_1_Mothbot_yolo11m_4500_imgsz1600_b1_2024-01-18.pt.jpg
doi.org10.15468dl.6nxkw6.csv,Animalia,Arthropoda,Insecta,Diptera,,,,,811,,Diptera,Diptera,Cerro_Hoya_Expedition_Hoya_606m_grisMejua_2025-01-26,grisMejua_2025_01_26__19_19_06_HDR0_2_Mothbot_yolo11m_4500_imgsz1600_b1_2024-01-18.pt.jpg,HS,Mothbot_yolo11m_4500_imgsz1600_b1_2024-01-18.pt,0.6297956109046936,,grisMejua,Cerro_Hoya_Expedition/Hoya_606m_grisMejua_2025-01-26/2025-01-26/patches/grisMejua_2025_01_26__19_19_06_HDR0_2_Mothbot_yolo11m_4500_imgsz1600_b1_2024-01-18.pt.jpg,ORDER_Diptera,2025-01-26,19:19:06,,2025_01_26__19_19_06,MachineObservation,Cerro_Hoya_Expedition_Hoya_606m_grisMejua_2025-01-26_2025-01-26,Cerro_Hoya_Expedition_Hoya_606m_grisMejua_2025-01-26,grisMejua_2025_01_26__19_19_06_HDR0.jpg,grisMejua_2025_01_26__19_19_06_HDR0_2_Mothbot_yolo11m_4500_imgsz1600_b1_2024-01-18.pt.jpg
doi.org10.15468dl.6nxkw6.csv,Animalia,Arthropoda,Insecta,Lepidoptera,,,,,797,,Lepidoptera,Lepidoptera,Cerro_Hoya_Expedition_Hoya_606m_grisMejua_2025-01-26,grisMejua_2025_01_26__19_20_06_HDR0_0_Mothbot_yolo11m_4500_imgsz1600_b1_2024-01-18.pt.jpg,HS,Mothbot_yolo11m_4500_imgsz1600_b1_2024-01-18.pt,0.7724317312240601,,grisMejua,Cerro_Hoya_Expedition/Hoya_606m_grisMejua_2025-01-26/2025-01-26/patches/grisMejua_2025_01_26__19_20_06_HDR0_0_Mothbot_yolo11m_4500_imgsz1600_b1_2024-01-18.pt.jpg,ORDER_Hemiptera,2025-01-26,19:20:06,,2025_01_26__19_20_06,MachineObservation,Cerro_Hoya_Expedition_Hoya_606m_grisMejua_2025-01-26_2025-01-26,Cerro_Hoya_Expedition_Hoya_606m_grisMejua_2025-01-26,grisMejua_2025_01_26__19_20_06_HDR0.jpg,grisMejua_2025_01_26__19_20_06_HDR0_0_Mothbot_yolo11m_4500_imgsz1600_b1_2024-01-18.pt.jpg
doi.org10.15468dl.6nxkw6.csv,Animalia,Arthropoda,Insecta,Lepidoptera,,,,,797,,Lepidoptera,Lepidoptera,Cerro_Hoya_Expedition_Hoya_606m_grisMejua_2025-01-26,grisMejua_2025_01_26__19_20_06_HDR0_1_Mothbot_yolo11m_4500_imgsz1600_b1_2024-01-18.pt.jpg,HS,Mothbot_yolo11m_4500_imgsz1600_b1_2024-01-18.pt,0.6645866632461548,,grisMejua,Cerro_Hoya_Expedition/Hoya_606m_grisMejua_2025-01-26/2025-01-26/patches/grisMejua_2025_01_26__19_20_06_HDR0_1_Mothbot_yolo11m_4500_imgsz1600_b1_2024-01-18.pt.jpg,ORDER_Lepidoptera,2025-01-26,19:20:06,,2025_01_26__19_20_06,MachineObservation,Cerro_Hoya_Expedition_Hoya_606m_grisMejua_2025-01-26_2025-01-26,Cerro_Hoya_Expedition_Hoya_606m_grisMejua_2025-01-26,grisMejua_2025_01_26__19_20_06_HDR0.jpg,grisMejua_2025_01_26__19_20_06_HDR0_1_Mothbot_yolo11m_4500_imgsz1600_b1_2024-01-18.pt.jpg
doi.org10.15468dl.6nxkw6.csv,Animalia,Arthropoda,Insecta,Lepidoptera,,,,,797,,Lepidoptera,Lepidoptera,Cerro_Hoya_Expedition_Hoya_606m_grisMejua_2025-01-26,grisMejua_2025_01_26__19_21_05_HDR0_0_Mothbot_yolo11m_4500_imgsz1600_b1_2024-01-18.pt.jpg,HS,Mothbot_yolo11m_4500_imgsz1600_b1_2024-01-18.pt,0.7567864656448364,,grisMejua,Cerro_Hoya_Expedition/Hoya_606m_grisMejua_2025-01-26/2025-01-26/patches/grisMejua_2025_01_26__19_21_05_HDR0_0_Mothbot_yolo11m_4500_imgsz1600_b1_2024-01-18.pt.jpg,ORDER_Lepidoptera,2025-01-26,19:21:05,,2025_01_26__19_21_05,MachineObservation,Cerro_Hoya_Expedition_Hoya_606m_grisMejua_2025-01-26_2025-01-26,Cerro_Hoya_Expedition_Hoya_606m_grisMejua_2025-01-26,grisMejua_2025_01_26__19_21_05_HDR0.jpg,grisMejua_2025_01_26__19_21_05_HDR0_0_Mothbot_yolo11m_4500_imgsz1600_b1_2024-01-18.pt.jpg
doi.org10.15468dl.6nxkw6.csv,Animalia,Arthropoda,Insecta,Lepidoptera,,,,,797,,Lepidoptera,Lepidoptera,Cerro_Hoya_Expedition_Hoya_606m_grisMejua_2025-01-26,grisMejua_2025_01_26__19_21_05_HDR0_1_Mothbot_yolo11m_4500_imgsz1600_b1_2024-01-18.pt.jpg,HS,Mothbot_yolo11m_4500_imgsz1600_b1_2024-01-18.pt,0.7202591300010681,,grisMejua,Cerro_Hoya_Expedition/Hoya_606m_grisMejua_2025-01-26/2025-01-26/patches/grisMejua_2025_01_26__19_21_05_HDR0_1_Mothbot_yolo11m_4500_imgsz1600_b1_2024-01-18.pt.jpg,ORDER_Hymenoptera,2025-01-26,19:21:05,,2025_01_26__19_21_05,MachineObservation,Cerro_Hoya_Expedition_Hoya_606m_grisMejua_2025-01-26_2025-01-26,Cerro_Hoya_Expedition_Hoya_606m_grisMejua_2025-01-26,grisMejua_2025_01_26__19_21_05_HDR0.jpg,grisMejua_2025_01_26__19_21_05_HDR0_1_Mothbot_yolo11m_4500_imgsz1600_b1_2024-01-18.pt.jpg
doi.org10.15468dl.6nxkw6.csv,Animalia,Arthropoda,Insecta,Lepidoptera,,,,,797,,Lepidoptera,Lepidoptera,Cerro_Hoya_Expedition_Hoya_606m_grisMejua_2025-01-26,grisMejua_2025_01_26__19_21_05_HDR0_2_Mothbot_yolo11m_4500_imgsz1600_b1_2024-01-18.pt.jpg,HS,Mothbot_yolo11m_4500_imgsz1600_b1_2024-01-18.pt,0.623573899269104,,grisMejua,Cerro_Hoya_Expedition/Hoya_606m_grisMejua_2025-01-26/2025-01-26/patches/grisMejua_2025_01_26__19_21_05_HDR0_2_Mothbot_yolo11m_4500_imgsz1600_b1_2024-01-18.pt.jpg,ORDER_Lepidoptera,2025-01-26,19:21:05,,2025_01_26__19_21_05,MachineObservation,Cerro_Hoya_Expedition_Hoya_606m_grisMejua_2025-01-26_2025-01-26,Cerro_Hoya_Expedition_Hoya_606m_grisMejua_2025-01-26,grisMejua_2025_01_26__19_21_05_HDR0.jpg,grisMejua_2025_01_26__19_21_05_HDR0_2_Mothbot_yolo11m_4500_imgsz1600_b1_2024-01-18.pt.jpg
doi.org10.15468dl.6nxkw6.csv,Animalia,Arthropoda,Insecta,Lepidoptera,,,,,797,,Lepidoptera,Lepidoptera,Cerro_Hoya_Expedition_Hoya_606m_grisMejua_2025-01-26,grisMejua_2025_01_26__19_22_22_HDR0_0_Mothbot_yolo11m_4500_imgsz1600_b1_2024-01-18.pt.jpg,HS,Mothbot_yolo11m_4500_imgsz1600_b1_2024-01-18.pt,0.748558759689331,,grisMejua,Cerro_Hoya_Expedition/Hoya_606m_grisMejua_2025-01-26/2025-01-26/patches/grisMejua_2025_01_26__19_22_22_HDR0_0_Mothbot_yolo11m_4500_imgsz1600_b1_2024-01-18.pt.jpg,ORDER_Lepidoptera,2025-01-26,19:22:22,,2025_01_26__19_22_22,MachineObservation,Cerro_Hoya_Expedition_Hoya_606m_grisMejua_2025-01-26_2025-01-26,Cerro_Hoya_Expedition_Hoya_606m_grisMejua_2025-01-26,grisMejua_2025_01_26__19_22_22_HDR0.jpg,grisMejua_2025_01_26__19_22_22_HDR0_0_Mothbot_yolo11m_4500_imgsz1600_b1_2024-01-18.pt.jpg
doi.org10.15468dl.6nxkw6.csv,Animalia,Arthropoda,Insecta,Lepidoptera,,,,,797,,Lepidoptera,Lepidoptera,Cerro_Hoya_Expedition_Hoya_606m_grisMejua_2025-01-26,grisMejua_2025_01_26__19_22_22_HDR0_1_Mothbot_yolo11m_4500_imgsz1600_b1_2024-01-18.pt.jpg,HS,Mothbot_yolo11m_4500_imgsz1600_b1_2024-01-18.pt,0.7297142744064331,,grisMejua,Cerro_Hoya_Expedition/Hoya_606m_grisMejua_2025-01-26/2025-01-26/patches/grisMejua_2025_01_26__19_22_22_HDR0_1_Mothbot_yolo11m_4500_imgsz1600_b1_2024-01-18.pt.jpg,ORDER_Hemiptera,2025-01-26,19:22:22,,2025_01_26__19_22_22,MachineObservation,Cerro_Hoya_Expedition_Hoya_606m_grisMejua_2025-01-26_2025-01-26,Cerro_Hoya_Expedition_Hoya_606m_grisMejua_2025-01-26,grisMejua_2025_01_26__19_22_22_HDR0.jpg,grisMejua_2025_01_26__19_22_22_HDR0_1_Mothbot_yolo11m_4500_imgsz1600_b1_2024-01-18.pt.jpg
doi.org10.15468dl.6nxkw6.csv,Animalia,Arthropoda,Insecta,Lepidoptera,,,,,797,,Lepidoptera,Lepidoptera,Cerro_Hoya_Expedition_Hoya_606m_grisMejua_2025-01-26,grisMejua_2025_01_26__19_22_22_HDR0_2_Mothbot_yolo11m_4500_imgsz1600_b1_2024-01-18.pt.jpg,HS,Mothbot_yolo11m_4500_imgsz1600_b1_2024-01-18.pt,0.6583462953567505,,grisMejua,Cerro_Hoya_Expedition/Hoya_606m_grisMejua_2025-01-26/2025-01-26/patches/grisMejua_2025_01_26__19_22_22_HDR0_2_Mothbot_yolo11m_4500_imgsz1600_b1_2024-01-18.pt.jpg,ORDER_Lepidoptera,2025-01-26,19:22:22,,2025_01_26__19_22_22,MachineObservation,Cerro_Hoya_Expedition_Hoya_606m_grisMejua_2025-01-26_2025-01-26,Cerro_Hoya_Expedition_Hoya_606m_grisMejua_2025-01-26,grisMejua_2025_01_26__19_22_22_HDR0.jpg,grisMejua_2025_01_26__19_22_22_HDR0_2_Mothbot_yolo11m_4500_imgsz1600_b1_2024-01-18.pt.jpg
doi.org10.15468dl.6nxkw6.csv,Animalia,Arthropoda,Insecta,Hemiptera,,,,,809,,Hemiptera,Hemiptera,Cerro_Hoya_Expedition_Hoya_606m_grisMejua_2025-01-26,grisMejua_2025_01_26__19_22_22_HDR0_3_Mothbot_yolo11m_4500_imgsz1600_b1_2024-01-18.pt.jpg,HS,Mothbot_yolo11m_4500_imgsz1600_b1_2024-01-18.pt,0.6179429888725281,,grisMejua,Cerro_Hoya_Expedition/Hoya_606m_grisMejua_2025-01-26/2025-01-26/patches/grisMejua_2025_01_26__19_22_22_HDR0_3_Mothbot_yolo11m_4500_imgsz1600_b1_2024-01-18.pt.jpg,ORDER_Hemiptera,2025-01-26,19:22:22,,2025_01_26__19_22_22,MachineObservation,Cerro_Hoya_Expedition_Hoya_606m_grisMejua_2025-01-26_2025-01-26,Cerro_Hoya_Expedition_Hoya_606m_grisMejua_2025-01-26,grisMejua_2025_01_26__19_22_22_HDR0.jpg,grisMejua_2025_01_26__19_22_22_HDR0_3_Mothbot_yolo11m_4500_imgsz1600_b1_2024-01-18.pt.jpg
doi.org10.15468dl.6nxkw6.csv,Animalia,Arthropoda,Insecta,Lepidoptera,,,,,797,,Lepidoptera,Lepidoptera,Cerro_Hoya_Expedition_Hoya_606m_grisMejua_2025-01-26,grisMejua_2025_01_26__19_23_06_HDR0_0_Mothbot_yolo11m_4500_imgsz1600_b1_2024-01-18.pt.jpg,HS,Mothbot_yolo11m_4500_imgsz1600_b1_2024-01-18.pt,0.8053755164146423,,grisMejua,Cerro_Hoya_Expedition/Hoya_606m_grisMejua_2025-01-26/2025-01-26/patches/grisMejua_2025_01_26__19_23_06_HDR0_0_Mothbot_yolo11m_4500_imgsz1600_b1_2024-01-18.pt.jpg,ORDER_Lepidoptera,2025-01-26,19:23:06,,2025_01_26__19_23_06,MachineObservation,Cerro_Hoya_Expedition_Hoya_606m_grisMejua_2025-01-26_2025-01-26,Cerro_Hoya_Expedition_Hoya_606m_grisMejua_2025-01-26,grisMejua_2025_01_26__19_23_06_HDR0.jpg,grisMejua_2025_01_26__19_23_06_HDR0_0_Mothbot_yolo11m_4500_imgsz1600_b1_2024-01-18.pt.jpg
doi.org10.15468dl.6nxkw6.csv,Animalia,Arthropoda,Insecta,Lepidoptera,,,,,797,,Lepidoptera,Lepidoptera,Cerro_Hoya_Expedition_Hoya_606m_grisMejua_2025-01-26,grisMejua_2025_01_26__19_23_06_HDR0_1_Mothbot_yolo11m_4500_imgsz1600_b1_2024-01-18.pt.jpg,HS,Mothbot_yolo11m_4500_imgsz1600_b1_2024-01-18.pt,0.7584283351898193,,grisMejua,Cerro_Hoya_Expedition/Hoya_606m_grisMejua_2025-01-26/2025-01-26/patches/grisMejua_2025_01_26__19_23_06_HDR0_1_Mothbot_yolo11m_4500_imgsz1600_b1_2024-01-18.pt.jpg,ORDER_Hemiptera,2025-01-26,19:23:06,,2025_01_26__19_23_06,MachineObservation,Cerro_Hoya_Expedition_Hoya_606m_grisMejua_2025-01-26_2025-01-26,Cerro_Hoya_Expedition_Hoya_606m_grisMejua_2025-01-26,grisMejua_2025_01_26__19_23_06_HDR0.jpg,grisMejua_2025_01_26__19_23_06_HDR0_1_Mothbot_yolo11m_4500_imgsz1600_b1_2024-01-18.pt.jpg
doi.org10.15468dl.6nxkw6.csv,Animalia,Arthropoda,Insecta,Lepidoptera,,,,,797,,Lepidoptera,Lepidoptera,Cerro_Hoya_Expedition_Hoya_606m_grisMejua_2025-01-26,grisMejua_2025_01_26__19_23_06_HDR0_2_Mothbot_yolo11m_4500_imgsz1600_b1_2024-01-18.pt.jpg,HS,Mothbot_yolo11m_4500_imgsz1600_b1_2024-01-18.pt,0.6243962049484253,,grisMejua,Cerro_Hoya_Expedition/Hoya_606m_grisMejua_2025-01-26/2025-01-26/patches/grisMejua_2025_01_26__19_23_06_HDR0_2_Mothbot_yolo11m_4500_imgsz1600_b1_2024-01-18.pt.jpg,ORDER_Lepidoptera,2025-01-26,19:23:06,,2025_01_26__19_23_06,MachineObservation,Cerro_Hoya_Expedition_Hoya_606m_grisMejua_2025-01-26_2025-01-26,Cerro_Hoya_Expedition_Hoya_606m_grisMejua_2025-01-26,grisMejua_2025_01_26__19_23_06_HDR0.jpg,grisMejua_2025_01_26__19_23_06_HDR0_2_Mothbot_yolo11m_4500_imgsz1600_b1_2024-01-18.pt.jpg
doi.org10.15468dl.6nxkw6.csv,Animalia,Arthropoda,Insecta,Hemiptera,,,,,809,,Hemiptera,Hemiptera,Cerro_Hoya_Expedition_Hoya_606m_grisMejua_2025-01-26,grisMejua_2025_01_26__19_23_06_HDR0_3_Mothbot_yolo11m_4500_imgsz1600_b1_2024-01-18.pt.jpg,HS,Mothbot_yolo11m_4500_imgsz1600_b1_2024-01-18.pt,0.5820836424827576,,grisMejua,Cerro_Hoya_Expedition/Hoya_606m_grisMejua_2025-01-26/2025-01-26/patches/grisMejua_2025_01_26__19_23_06_HDR0_3_Mothbot_yolo11m_4500_imgsz1600_b1_2024-01-18.pt.jpg,ORDER_Hemiptera,2025-01-26,19:23:06,,2025_01_26__19_23_06,MachineObservation,Cerro_Hoya_Expedition_Hoya_606m_grisMejua_2025-01-26_2025-01-26,Cerro_Hoya_Expedition_Hoya_606m_grisMejua_2025-01-26,grisMejua_2025_01_26__19_23_06_HDR0.jpg,grisMejua_2025_01_26__19_23_06_HDR0_3_Mothbot_yolo11m_4500_imgsz1600_b1_2024-01-18.pt.jpg
doi.org10.15468dl.6nxkw6.csv,Animalia,Arthropoda,Insecta,Coleoptera,Coccinellidae,Jaguarita,vogli,,,,vogli,Jaguarita vogli,Cerro_Hoya_Expedition_Hoya_606m_grisMejua_2025-01-26,grisMejua_2025_01_26__19_24_05_HDR0_0_Mothbot_yolo11m_4500_imgsz1600_b1_2024-01-18.pt.jpg,HS,Mothbot_yolo11m_4500_imgsz1600_b1_2024-01-18.pt,0.7591113448143005,,grisMejua,Cerro_Hoya_Expedition/Hoya_606m_grisMejua_2025-01-26/2025-01-26/patches/grisMejua_2025_01_26__19_24_05_HDR0_0_Mothbot_yolo11m_4500_imgsz1600_b1_2024-01-18.pt.jpg,ORDER_Coleoptera,2025-01-26,19:24:05,,2025_01_26__19_24_05,MachineObservation,Cerro_Hoya_Expedition_Hoya_606m_grisMejua_2025-01-26_2025-01-26,Cerro_Hoya_Expedition_Hoya_606m_grisMejua_2025-01-26,grisMejua_2025_01_26__19_24_05_HDR0.jpg,grisMejua_2025_01_26__19_24_05_HDR0_0_Mothbot_yolo11m_4500_imgsz1600_b1_2024-01-18.pt.jpg
doi.org10.15468dl.6nxkw6.csv,Animalia,Arthropoda,Insecta,Lepidoptera,,,,,797,,Lepidoptera,Lepidoptera,Cerro_Hoya_Expedition_Hoya_606m_grisMejua_2025-01-26,grisMejua_2025_01_26__19_24_05_HDR0_1_Mothbot_yolo11m_4500_imgsz1600_b1_2024-01-18.pt.jpg,HS,Mothbot_yolo11m_4500_imgsz1600_b1_2024-01-18.pt,0.7549245357513428,,grisMejua,Cerro_Hoya_Expedition/Hoya_606m_grisMejua_2025-01-26/2025-01-26/patches/grisMejua_2025_01_26__19_24_05_HDR0_1_Mothbot_yolo11m_4500_imgsz1600_b1_2024-01-18.pt.jpg,ORDER_Lepidoptera,2025-01-26,19:24:05,,2025_01_26__19_24_05,MachineObservation,Cerro_Hoya_Expedition_Hoya_606m_grisMejua_2025-01-26_2025-01-26,Cerro_Hoya_Expedition_Hoya_606m_grisMejua_2025-01-26,grisMejua_2025_01_26__19_24_05_HDR0.jpg,grisMejua_2025_01_26__19_24_05_HDR0_1_Mothbot_yolo11m_4500_imgsz1600_b1_2024-01-18.pt.jpg
doi.org10.15468dl.6nxkw6.csv,Animalia,Arthropoda,Insecta,Lepidoptera,,,,,797,,Lepidoptera,Lepidoptera,Cerro_Hoya_Expedition_Hoya_606m_grisMejua_2025-01-26,grisMejua_2025_01_26__19_24_05_HDR0_2_Mothbot_yolo11m_4500_imgsz1600_b1_2024-01-18.pt.jpg,HS,Mothbot_yolo11m_4500_imgsz1600_b1_2024-01-18.pt,0.7488978505134583,,grisMejua,Cerro_Hoya_Expedition/Hoya_606m_grisMejua_2025-01-26/2025-01-26/patches/grisMejua_2025_01_26__19_24_05_HDR0_2_Mothbot_yolo11m_4500_imgsz1600_b1_2024-01-18.pt.jpg,ORDER_Hemiptera,2025-01-26,19:24:05,,2025_01_26__19_24_05,MachineObservation,Cerro_Hoya_Expedition_Hoya_606m_grisMejua_2025-01-26_2025-01-26,Cerro_Hoya_Expedition_Hoya_606m_grisMejua_2025-01-26,grisMejua_2025_01_26__19_24_05_HDR0.jpg,grisMejua_2025_01_26__19_24_05_HDR0_2_Mothbot_yolo11m_4500_imgsz1600_b1_2024-01-18.pt.jpg
doi.org10.15468dl.6nxkw6.csv,Animalia,Arthropoda,Insecta,Hemiptera,,,,,809,,Hemiptera,Hemiptera,Cerro_Hoya_Expedition_Hoya_606m_grisMejua_2025-01-26,grisMejua_2025_01_26__19_24_05_HDR0_3_Mothbot_yolo11m_4500_imgsz1600_b1_2024-01-18.pt.jpg,HS,Mothbot_yolo11m_4500_imgsz1600_b1_2024-01-18.pt,0.6782837510108948,,grisMejua,Cerro_Hoya_Expedition/Hoya_606m_grisMejua_2025-01-26/2025-01-26/patches/grisMejua_2025_01_26__19_24_05_HDR0_3_Mothbot_yolo11m_4500_imgsz1600_b1_2024-01-18.pt.jpg,ORDER_Hemiptera,2025-01-26,19:24:05,,2025_01_26__19_24_05,MachineObservation,Cerro_Hoya_Expedition_Hoya_606m_grisMejua_2025-01-26_2025-01-26,Cerro_Hoya_Expedition_Hoya_606m_grisMejua_2025-01-26,grisMejua_2025_01_26__19_24_05_HDR0.jpg,grisMejua_2025_01_26__19_24_05_HDR0_3_Mothbot_yolo11m_4500_imgsz1600_b1_2024-01-18.pt.jpg
doi.org10.15468dl.6nxkw6.csv,Animalia,Arthropoda,Insecta,Lepidoptera,,,,,797,,Lepidoptera,Lepidoptera,Cerro_Hoya_Expedition_Hoya_606m_grisMejua_2025-01-26,grisMejua_2025_01_26__19_24_05_HDR0_4_Mothbot_yolo11m_4500_imgsz1600_b1_2024-01-18.pt.jpg,HS,Mothbot_yolo11m_4500_imgsz1600_b1_2024-01-18.pt,0.6269460916519165,,grisMejua,Cerro_Hoya_Expedition/Hoya_606m_grisMejua_2025-01-26/2025-01-26/patches/grisMejua_2025_01_26__19_24_05_HDR0_4_Mothbot_yolo11m_4500_imgsz1600_b1_2024-01-18.pt.jpg,ORDER_Lepidoptera,2025-01-26,19:24:05,,2025_01_26__19_24_05,MachineObservation,Cerro_Hoya_Expedition_Hoya_606m_grisMejua_2025-01-26_2025-01-26,Cerro_Hoya_Expedition_Hoya_606m_grisMejua_2025-01-26,grisMejua_2025_01_26__19_24_05_HDR0.jpg,grisMejua_2025_01_26__19_24_05_HDR0_4_Mothbot_yolo11m_4500_imgsz1600_b1_2024-01-18.pt.jpg
doi.org10.15468dl.6nxkw6.csv,Animalia,Arthropoda,Insecta,Coleoptera,,,,Coleoptera_unknown,1470,,Coleoptera,Coleoptera_unknown,Cerro_Hoya_Expedition_Hoya_606m_grisMejua_2025-01-26,grisMejua_2025_01_26__19_24_05_HDR0_5_Mothbot_yolo11m_4500_imgsz1600_b1_2024-01-18.pt.jpg,HS,Mothbot_yolo11m_4500_imgsz1600_b1_2024-01-18.pt,0.44032636284828186,,grisMejua,Cerro_Hoya_Expedition/Hoya_606m_grisMejua_2025-01-26/2025-01-26/patches/grisMejua_2025_01_26__19_24_05_HDR0_5_Mothbot_yolo11m_4500_imgsz1600_b1_2024-01-18.pt.jpg,ORDER_Coleoptera,2025-01-26,19:24:05,,2025_01_26__19_24_05,MachineObservation,Cerro_Hoya_Expedition_Hoya_606m_grisMejua_2025-01-26_2025-01-26,Cerro_Hoya_Expedition_Hoya_606m_grisMejua_2025-01-26,grisMejua_2025_01_26__19_24_05_HDR0.jpg,grisMejua_2025_01_26__19_24_05_HDR0_5_Mothbot_yolo11m_4500_imgsz1600_b1_2024-01-18.pt.jpg
doi.org10.15468dl.6nxkw6.csv,Animalia,Arthropoda,Insecta,Coleoptera,Scarabaeidae,Cyclocephala,melanocephala,,4994793,,melanocephala,Cyclocephala melanocephala,Cerro_Hoya_Expedition_Hoya_606m_grisMejua_2025-01-26,grisMejua_2025_01_26__19_24_05_HDR0_6_Mothbot_yolo11m_4500_imgsz1600_b1_2024-01-18.pt.jpg,HS,Mothbot_yolo11m_4500_imgsz1600_b1_2024-01-18.pt,0.3369441032409668,,grisMejua,Cerro_Hoya_Expedition/Hoya_606m_grisMejua_2025-01-26/2025-01-26/patches/grisMejua_2025_01_26__19_24_05_HDR0_6_Mothbot_yolo11m_4500_imgsz1600_b1_2024-01-18.pt.jpg,ORDER_Coleoptera,2025-01-26,19:24:05,,2025_01_26__19_24_05,MachineObservation,Cerro_Hoya_Expedition_Hoya_606m_grisMejua_2025-01-26_2025-01-26,Cerro_Hoya_Expedition_Hoya_606m_grisMejua_2025-01-26,grisMejua_2025_01_26__19_24_05_HDR0.jpg,grisMejua_2025_01_26__19_24_05_HDR0_6_Mothbot_yolo11m_4500_imgsz1600_b1_2024-01-18.pt.jpg
doi.org10.15468dl.6nxkw6.csv,Animalia,Arthropoda,Insecta,Lepidoptera,,,,,797,,Lepidoptera,Lepidoptera,Cerro_Hoya_Expedition_Hoya_606m_grisMejua_2025-01-26,grisMejua_2025_01_26__19_25_06_HDR0_0_Mothbot_yolo11m_4500_imgsz1600_b1_2024-01-18.pt.jpg,HS,Mothbot_yolo11m_4500_imgsz1600_b1_2024-01-18.pt,0.7357897758483887,,grisMejua,Cerro_Hoya_Expedition/Hoya_606m_grisMejua_2025-01-26/2025-01-26/patches/grisMejua_2025_01_26__19_25_06_HDR0_0_Mothbot_yolo11m_4500_imgsz1600_b1_2024-01-18.pt.jpg,ORDER_Hemiptera,2025-01-26,19:25:06,,2025_01_26__19_25_06,MachineObservation,Cerro_Hoya_Expedition_Hoya_606m_grisMejua_2025-01-26_2025-01-26,Cerro_Hoya_Expedition_Hoya_606m_grisMejua_2025-01-26,grisMejua_2025_01_26__19_25_06_HDR0.jpg,grisMejua_2025_01_26__19_25_06_HDR0_0_Mothbot_yolo11m_4500_imgsz1600_b1_2024-01-18.pt.jpg
doi.org10.15468dl.6nxkw6.csv,Animalia,Arthropoda,Insecta,Lepidoptera,,,,,797,,Lepidoptera,Lepidoptera,Cerro_Hoya_Expedition_Hoya_606m_grisMejua_2025-01-26,grisMejua_2025_01_26__19_25_06_HDR0_1_Mothbot_yolo11m_4500_imgsz1600_b1_2024-01-18.pt.jpg,HS,Mothbot_yolo11m_4500_imgsz1600_b1_2024-01-18.pt,0.7350993156433105,,grisMejua,Cerro_Hoya_Expedition/Hoya_606m_grisMejua_2025-01-26/2025-01-26/patches/grisMejua_2025_01_26__19_25_06_HDR0_1_Mothbot_yolo11m_4500_imgsz1600_b1_2024-01-18.pt.jpg,ORDER_Lepidoptera,2025-01-26,19:25:06,,2025_01_26__19_25_06,MachineObservation,Cerro_Hoya_Expedition_Hoya_606m_grisMejua_2025-01-26_2025-01-26,Cerro_Hoya_Expedition_Hoya_606m_grisMejua_2025-01-26,grisMejua_2025_01_26__19_25_06_HDR0.jpg,grisMejua_2025_01_26__19_25_06_HDR0_1_Mothbot_yolo11m_4500_imgsz1600_b1_2024-01-18.pt.jpg
doi.org10.15468dl.6nxkw6.csv,Animalia,Arthropoda,Insecta,Lepidoptera,,,,,797,,Lepidoptera,Lepidoptera,Cerro_Hoya_Expedition_Hoya_606m_grisMejua_2025-01-26,grisMejua_2025_01_26__19_25_06_HDR0_2_Mothbot_yolo11m_4500_imgsz1600_b1_2024-01-18.pt.jpg,HS,Mothbot_yolo11m_4500_imgsz1600_b1_2024-01-18.pt,0.6573488712310791,,grisMejua,Cerro_Hoya_Expedition/Hoya_606m_grisMejua_2025-01-26/2025-01-26/patches/grisMejua_2025_01_26__19_25_06_HDR0_2_Mothbot_yolo11m_4500_imgsz1600_b1_2024-01-18.pt.jpg,ORDER_Lepidoptera,2025-01-26,19:25:06,,2025_01_26__19_25_06,MachineObservation,Cerro_Hoya_Expedition_Hoya_606m_grisMejua_2025-01-26_2025-01-26,Cerro_Hoya_Expedition_Hoya_606m_grisMejua_2025-01-26,grisMejua_2025_01_26__19_25_06_HDR0.jpg,grisMejua_2025_01_26__19_25_06_HDR0_2_Mothbot_yolo11m_4500_imgsz1600_b1_2024-01-18.pt.jpg
doi.org10.15468dl.6nxkw6.csv,Animalia,Arthropoda,Insecta,Coleoptera,Coccinellidae,Jaguarita,vogli,,,,vogli,Jaguarita vogli,Cerro_Hoya_Expedition_Hoya_606m_grisMejua_2025-01-26,grisMejua_2025_01_26__19_25_06_HDR0_3_Mothbot_yolo11m_4500_imgsz1600_b1_2024-01-18.pt.jpg,HS,Mothbot_yolo11m_4500_imgsz1600_b1_2024-01-18.pt,0.507591187953949,,grisMejua,Cerro_Hoya_Expedition/Hoya_606m_grisMejua_2025-01-26/2025-01-26/patches/grisMejua_2025_01_26__19_25_06_HDR0_3_Mothbot_yolo11m_4500_imgsz1600_b1_2024-01-18.pt.jpg,ORDER_Coleoptera,2025-01-26,19:25:06,,2025_01_26__19_25_06,MachineObservation,Cerro_Hoya_Expedition_Hoya_606m_grisMejua_2025-01-26_2025-01-26,Cerro_Hoya_Expedition_Hoya_606m_grisMejua_2025-01-26,grisMejua_2025_01_26__19_25_06_HDR0.jpg,grisMejua_2025_01_26__19_25_06_HDR0_3_Mothbot_yolo11m_4500_imgsz1600_b1_2024-01-18.pt.jpg
doi.org10.15468dl.6nxkw6.csv,Animalia,Arthropoda,Insecta,Coleoptera,,,,Coleoptera_unknown,1470,,Coleoptera,Coleoptera_unknown,Cerro_Hoya_Expedition_Hoya_606m_grisMejua_2025-01-26,grisMejua_2025_01_26__19_25_06_HDR0_4_Mothbot_yolo11m_4500_imgsz1600_b1_2024-01-18.pt.jpg,HS,Mothbot_yolo11m_4500_imgsz1600_b1_2024-01-18.pt,0.4887085556983948,,grisMejua,Cerro_Hoya_Expedition/Hoya_606m_grisMejua_2025-01-26/2025-01-26/patches/grisMejua_2025_01_26__19_25_06_HDR0_4_Mothbot_yolo11m_4500_imgsz1600_b1_2024-01-18.pt.jpg,ORDER_Coleoptera,2025-01-26,19:25:06,,2025_01_26__19_25_06,MachineObservation,Cerro_Hoya_Expedition_Hoya_606m_grisMejua_2025-01-26_2025-01-26,Cerro_Hoya_Expedition_Hoya_606m_grisMejua_2025-01-26,grisMejua_2025_01_26__19_25_06_HDR0.jpg,grisMejua_2025_01_26__19_25_06_HDR0_4_Mothbot_yolo11m_4500_imgsz1600_b1_2024-01-18.pt.jpg
doi.org10.15468dl.6nxkw6.csv,Animalia,Arthropoda,Insecta,Hemiptera,,,,,809,,Hemiptera,Hemiptera,Cerro_Hoya_Expedition_Hoya_606m_grisMejua_2025-01-26,grisMejua_2025_01_26__19_25_06_HDR0_5_Mothbot_yolo11m_4500_imgsz1600_b1_2024-01-18.pt.jpg,HS,Mothbot_yolo11m_4500_imgsz1600_b1_2024-01-18.pt,0.4714142978191376,,grisMejua,Cerro_Hoya_Expedition/Hoya_606m_grisMejua_2025-01-26/2025-01-26/patches/grisMejua_2025_01_26__19_25_06_HDR0_5_Mothbot_yolo11m_4500_imgsz1600_b1_2024-01-18.pt.jpg,ORDER_Hemiptera,2025-01-26,19:25:06,,2025_01_26__19_25_06,MachineObservation,Cerro_Hoya_Expedition_Hoya_606m_grisMejua_2025-01-26_2025-01-26,Cerro_Hoya_Expedition_Hoya_606m_grisMejua_2025-01-26,grisMejua_2025_01_26__19_25_06_HDR0.jpg,grisMejua_2025_01_26__19_25_06_HDR0_5_Mothbot_yolo11m_4500_imgsz1600_b1_2024-01-18.pt.jpg
doi.org10.15468dl.6nxkw6.csv,Animalia,Arthropoda,Insecta,Coleoptera,Scarabaeidae,Cyclocephala,melanocephala,,4994793,,melanocephala,Cyclocephala melanocephala,Cerro_Hoya_Expedition_Hoya_606m_grisMejua_2025-01-26,grisMejua_2025_01_26__19_25_06_HDR0_6_Mothbot_yolo11m_4500_imgsz1600_b1_2024-01-18.pt.jpg,HS,Mothbot_yolo11m_4500_imgsz1600_b1_2024-01-18.pt,0.329621285200119,,grisMejua,Cerro_Hoya_Expedition/Hoya_606m_grisMejua_2025-01-26/2025-01-26/patches/grisMejua_2025_01_26__19_25_06_HDR0_6_Mothbot_yolo11m_4500_imgsz1600_b1_2024-01-18.pt.jpg,ORDER_Coleoptera,2025-01-26,19:25:06,,2025_01_26__19_25_06,MachineObservation,Cerro_Hoya_Expedition_Hoya_606m_grisMejua_2025-01-26_2025-01-26,Cerro_Hoya_Expedition_Hoya_606m_grisMejua_2025-01-26,grisMejua_2025_01_26__19_25_06_HDR0.jpg,grisMejua_2025_01_26__19_25_06_HDR0_6_Mothbot_yolo11m_4500_imgsz1600_b1_2024-01-18.pt.jpg
doi.org10.15468dl.6nxkw6.csv,Animalia,Arthropoda,Insecta,Lepidoptera,,,,,797,,Lepidoptera,Lepidoptera,Cerro_Hoya_Expedition_Hoya_606m_grisMejua_2025-01-26,grisMejua_2025_01_26__19_26_06_HDR0_0_Mothbot_yolo11m_4500_imgsz1600_b1_2024-01-18.pt.jpg,HS,Mothbot_yolo11m_4500_imgsz1600_b1_2024-01-18.pt,0.7488964796066284,,grisMejua,Cerro_Hoya_Expedition/Hoya_606m_grisMejua_2025-01-26/2025-01-26/patches/grisMejua_2025_01_26__19_26_06_HDR0_0_Mothbot_yolo11m_4500_imgsz1600_b1_2024-01-18.pt.jpg,ORDER_Lepidoptera,2025-01-26,19:26:06,,2025_01_26__19_26_06,MachineObservation,Cerro_Hoya_Expedition_Hoya_606m_grisMejua_2025-01-26_2025-01-26,Cerro_Hoya_Expedition_Hoya_606m_grisMejua_2025-01-26,grisMejua_2025_01_26__19_26_06_HDR0.jpg,grisMejua_2025_01_26__19_26_06_HDR0_0_Mothbot_yolo11m_4500_imgsz1600_b1_2024-01-18.pt.jpg
doi.org10.15468dl.6nxkw6.csv,Animalia,Arthropoda,Insecta,Lepidoptera,,,,,797,,Lepidoptera,Lepidoptera,Cerro_Hoya_Expedition_Hoya_606m_grisMejua_2025-01-26,grisMejua_2025_01_26__19_26_06_HDR0_1_Mothbot_yolo11m_4500_imgsz1600_b1_2024-01-18.pt.jpg,HS,Mothbot_yolo11m_4500_imgsz1600_b1_2024-01-18.pt,0.693079948425293,,grisMejua,Cerro_Hoya_Expedition/Hoya_606m_grisMejua_2025-01-26/2025-01-26/patches/grisMejua_2025_01_26__19_26_06_HDR0_1_Mothbot_yolo11m_4500_imgsz1600_b1_2024-01-18.pt.jpg,ORDER_Lepidoptera,2025-01-26,19:26:06,,2025_01_26__19_26_06,MachineObservation,Cerro_Hoya_Expedition_Hoya_606m_grisMejua_2025-01-26_2025-01-26,Cerro_Hoya_Expedition_Hoya_606m_grisMejua_2025-01-26,grisMejua_2025_01_26__19_26_06_HDR0.jpg,grisMejua_2025_01_26__19_26_06_HDR0_1_Mothbot_yolo11m_4500_imgsz1600_b1_2024-01-18.pt.jpg
doi.org10.15468dl.6nxkw6.csv,Animalia,Arthropoda,Insecta,Lepidoptera,,,,,797,,Lepidoptera,Lepidoptera,Cerro_Hoya_Expedition_Hoya_606m_grisMejua_2025-01-26,grisMejua_2025_01_26__19_26_06_HDR0_2_Mothbot_yolo11m_4500_imgsz1600_b1_2024-01-18.pt.jpg,HS,Mothbot_yolo11m_4500_imgsz1600_b1_2024-01-18.pt,0.6904779672622681,,grisMejua,Cerro_Hoya_Expedition/Hoya_606m_grisMejua_2025-01-26/2025-01-26/patches/grisMejua_2025_01_26__19_26_06_HDR0_2_Mothbot_yolo11m_4500_imgsz1600_b1_2024-01-18.pt.jpg,ORDER_Diptera,2025-01-26,19:26:06,,2025_01_26__19_26_06,MachineObservation,Cerro_Hoya_Expedition_Hoya_606m_grisMejua_2025-01-26_2025-01-26,Cerro_Hoya_Expedition_Hoya_606m_grisMejua_2025-01-26,grisMejua_2025_01_26__19_26_06_HDR0.jpg,grisMejua_2025_01_26__19_26_06_HDR0_2_Mothbot_yolo11m_4500_imgsz1600_b1_2024-01-18.pt.jpg
doi.org10.15468dl.6nxkw6.csv,Animalia,Arthropoda,Insecta,Coleoptera,Coccinellidae,Jaguarita,vogli,,,,vogli,Jaguarita vogli,Cerro_Hoya_Expedition_Hoya_606m_grisMejua_2025-01-26,grisMejua_2025_01_26__19_26_06_HDR0_3_Mothbot_yolo11m_4500_imgsz1600_b1_2024-01-18.pt.jpg,HS,Mothbot_yolo11m_4500_imgsz1600_b1_2024-01-18.pt,0.629795491695404,,grisMejua,Cerro_Hoya_Expedition/Hoya_606m_grisMejua_2025-01-26/2025-01-26/patches/grisMejua_2025_01_26__19_26_06_HDR0_3_Mothbot_yolo11m_4500_imgsz1600_b1_2024-01-18.pt.jpg,ORDER_Coleoptera,2025-01-26,19:26:06,,2025_01_26__19_26_06,MachineObservation,Cerro_Hoya_Expedition_Hoya_606m_grisMejua_2025-01-26_2025-01-26,Cerro_Hoya_Expedition_Hoya_606m_grisMejua_2025-01-26,grisMejua_2025_01_26__19_26_06_HDR0.jpg,grisMejua_2025_01_26__19_26_06_HDR0_3_Mothbot_yolo11m_4500_imgsz1600_b1_2024-01-18.pt.jpg
doi.org10.15468dl.6nxkw6.csv,Animalia,Arthropoda,Insecta,Coleoptera,Scarabaeidae,Cyclocephala,melanocephala,,4994793,,melanocephala,Cyclocephala melanocephala,Cerro_Hoya_Expedition_Hoya_606m_grisMejua_2025-01-26,grisMejua_2025_01_26__19_26_06_HDR0_4_Mothbot_yolo11m_4500_imgsz1600_b1_2024-01-18.pt.jpg,HS,Mothbot_yolo11m_4500_imgsz1600_b1_2024-01-18.pt,0.48278746008872986,,grisMejua,Cerro_Hoya_Expedition/Hoya_606m_grisMejua_2025-01-26/2025-01-26/patches/grisMejua_2025_01_26__19_26_06_HDR0_4_Mothbot_yolo11m_4500_imgsz1600_b1_2024-01-18.pt.jpg,ORDER_Coleoptera,2025-01-26,19:26:06,,2025_01_26__19_26_06,MachineObservation,Cerro_Hoya_Expedition_Hoya_606m_grisMejua_2025-01-26_2025-01-26,Cerro_Hoya_Expedition_Hoya_606m_grisMejua_2025-01-26,grisMejua_2025_01_26__19_26_06_HDR0.jpg,grisMejua_2025_01_26__19_26_06_HDR0_4_Mothbot_yolo11m_4500_imgsz1600_b1_2024-01-18.pt.jpg
doi.org10.15468dl.6nxkw6.csv,Animalia,Arthropoda,Insecta,Diptera,,,,,811,,Diptera,Diptera,Cerro_Hoya_Expedition_Hoya_606m_grisMejua_2025-01-26,grisMejua_2025_01_26__19_26_06_HDR0_5_Mothbot_yolo11m_4500_imgsz1600_b1_2024-01-18.pt.jpg,HS,Mothbot_yolo11m_4500_imgsz1600_b1_2024-01-18.pt,0.4614813029766083,,grisMejua,Cerro_Hoya_Expedition/Hoya_606m_grisMejua_2025-01-26/2025-01-26/patches/grisMejua_2025_01_26__19_26_06_HDR0_5_Mothbot_yolo11m_4500_imgsz1600_b1_2024-01-18.pt.jpg,ORDER_Diptera,2025-01-26,19:26:06,,2025_01_26__19_26_06,MachineObservation,Cerro_Hoya_Expedition_Hoya_606m_grisMejua_2025-01-26_2025-01-26,Cerro_Hoya_Expedition_Hoya_606m_grisMejua_2025-01-26,grisMejua_2025_01_26__19_26_06_HDR0.jpg,grisMejua_2025_01_26__19_26_06_HDR0_5_Mothbot_yolo11m_4500_imgsz1600_b1_2024-01-18.pt.jpg
doi.org10.15468dl.6nxkw6.csv,Animalia,Arthropoda,Insecta,,,,,,216,,Insecta,Insecta,Cerro_Hoya_Expedition_Hoya_606m_grisMejua_2025-01-26,grisMejua_2025_01_26__19_26_06_HDR0_6_Mothbot_yolo11m_4500_imgsz1600_b1_2024-01-18.pt.jpg,HS,Mothbot_yolo11m_4500_imgsz1600_b1_2024-01-18.pt,0.39254286885261536,,grisMejua,Cerro_Hoya_Expedition/Hoya_606m_grisMejua_2025-01-26/2025-01-26/patches/grisMejua_2025_01_26__19_26_06_HDR0_6_Mothbot_yolo11m_4500_imgsz1600_b1_2024-01-18.pt.jpg,ORDER_Hemiptera,2025-01-26,19:26:06,,2025_01_26__19_26_06,MachineObservation,Cerro_Hoya_Expedition_Hoya_606m_grisMejua_2025-01-26_2025-01-26,Cerro_Hoya_Expedition_Hoya_606m_grisMejua_2025-01-26,grisMejua_2025_01_26__19_26_06_HDR0.jpg,grisMejua_2025_01_26__19_26_06_HDR0_6_Mothbot_yolo11m_4500_imgsz1600_b1_2024-01-18.pt.jpg
doi.org10.15468dl.6nxkw6.csv,Animalia,Arthropoda,Insecta,Lepidoptera,,,,,797,,Lepidoptera,Lepidoptera,Cerro_Hoya_Expedition_Hoya_606m_grisMejua_2025-01-26,grisMejua_2025_01_26__19_27_06_HDR0_0_Mothbot_yolo11m_4500_imgsz1600_b1_2024-01-18.pt.jpg,HS,Mothbot_yolo11m_4500_imgsz1600_b1_2024-01-18.pt,0.7696998715400696,,grisMejua,Cerro_Hoya_Expedition/Hoya_606m_grisMejua_2025-01-26/2025-01-26/patches/grisMejua_2025_01_26__19_27_06_HDR0_0_Mothbot_yolo11m_4500_imgsz1600_b1_2024-01-18.pt.jpg,ORDER_Lepidoptera,2025-01-26,19:27:06,,2025_01_26__19_27_06,MachineObservation,Cerro_Hoya_Expedition_Hoya_606m_grisMejua_2025-01-26_2025-01-26,Cerro_Hoya_Expedition_Hoya_606m_grisMejua_2025-01-26,grisMejua_2025_01_26__19_27_06_HDR0.jpg,grisMejua_2025_01_26__19_27_06_HDR0_0_Mothbot_yolo11m_4500_imgsz1600_b1_2024-01-18.pt.jpg
doi.org10.15468dl.6nxkw6.csv,Animalia,Arthropoda,Insecta,Lepidoptera,,,,,797,,Lepidoptera,Lepidoptera,Cerro_Hoya_Expedition_Hoya_606m_grisMejua_2025-01-26,grisMejua_2025_01_26__19_27_06_HDR0_1_Mothbot_yolo11m_4500_imgsz1600_b1_2024-01-18.pt.jpg,HS,Mothbot_yolo11m_4500_imgsz1600_b1_2024-01-18.pt,0.7412883043289185,,grisMejua,Cerro_Hoya_Expedition/Hoya_606m_grisMejua_2025-01-26/2025-01-26/patches/grisMejua_2025_01_26__19_27_06_HDR0_1_Mothbot_yolo11m_4500_imgsz1600_b1_2024-01-18.pt.jpg,ORDER_Lepidoptera,2025-01-26,19:27:06,,2025_01_26__19_27_06,MachineObservation,Cerro_Hoya_Expedition_Hoya_606m_grisMejua_2025-01-26_2025-01-26,Cerro_Hoya_Expedition_Hoya_606m_grisMejua_2025-01-26,grisMejua_2025_01_26__19_27_06_HDR0.jpg,grisMejua_2025_01_26__19_27_06_HDR0_1_Mothbot_yolo11m_4500_imgsz1600_b1_2024-01-18.pt.jpg
doi.org10.15468dl.6nxkw6.csv,Animalia,Arthropoda,Insecta,Coleoptera,Coccinellidae,Jaguarita,vogli,,,,vogli,Jaguarita vogli,Cerro_Hoya_Expedition_Hoya_606m_grisMejua_2025-01-26,grisMejua_2025_01_26__19_27_06_HDR0_2_Mothbot_yolo11m_4500_imgsz1600_b1_2024-01-18.pt.jpg,HS,Mothbot_yolo11m_4500_imgsz1600_b1_2024-01-18.pt,0.7025348544120789,,grisMejua,Cerro_Hoya_Expedition/Hoya_606m_grisMejua_2025-01-26/2025-01-26/patches/grisMejua_2025_01_26__19_27_06_HDR0_2_Mothbot_yolo11m_4500_imgsz1600_b1_2024-01-18.pt.jpg,ORDER_Coleoptera,2025-01-26,19:27:06,,2025_01_26__19_27_06,MachineObservation,Cerro_Hoya_Expedition_Hoya_606m_grisMejua_2025-01-26_2025-01-26,Cerro_Hoya_Expedition_Hoya_606m_grisMejua_2025-01-26,grisMejua_2025_01_26__19_27_06_HDR0.jpg,grisMejua_2025_01_26__19_27_06_HDR0_2_Mothbot_yolo11m_4500_imgsz1600_b1_2024-01-18.pt.jpg
doi.org10.15468dl.6nxkw6.csv,Animalia,Arthropoda,Insecta,Lepidoptera,,,,,797,,Lepidoptera,Lepidoptera,Cerro_Hoya_Expedition_Hoya_606m_grisMejua_2025-01-26,grisMejua_2025_01_26__19_27_06_HDR0_3_Mothbot_yolo11m_4500_imgsz1600_b1_2024-01-18.pt.jpg,HS,Mothbot_yolo11m_4500_imgsz1600_b1_2024-01-18.pt,0.6625862121582031,,grisMejua,Cerro_Hoya_Expedition/Hoya_606m_grisMejua_2025-01-26/2025-01-26/patches/grisMejua_2025_01_26__19_27_06_HDR0_3_Mothbot_yolo11m_4500_imgsz1600_b1_2024-01-18.pt.jpg,ORDER_Lepidoptera,2025-01-26,19:27:06,,2025_01_26__19_27_06,MachineObservation,Cerro_Hoya_Expedition_Hoya_606m_grisMejua_2025-01-26_2025-01-26,Cerro_Hoya_Expedition_Hoya_606m_grisMejua_2025-01-26,grisMejua_2025_01_26__19_27_06_HDR0.jpg,grisMejua_2025_01_26__19_27_06_HDR0_3_Mothbot_yolo11m_4500_imgsz1600_b1_2024-01-18.pt.jpg
doi.org10.15468dl.6nxkw6.csv,Animalia,Arthropoda,Insecta,Hemiptera,,,,,809,,Hemiptera,Hemiptera,Cerro_Hoya_Expedition_Hoya_606m_grisMejua_2025-01-26,grisMejua_2025_01_26__19_27_06_HDR0_4_Mothbot_yolo11m_4500_imgsz1600_b1_2024-01-18.pt.jpg,HS,Mothbot_yolo11m_4500_imgsz1600_b1_2024-01-18.pt,0.6125364899635315,,grisMejua,Cerro_Hoya_Expedition/Hoya_606m_grisMejua_2025-01-26/2025-01-26/patches/grisMejua_2025_01_26__19_27_06_HDR0_4_Mothbot_yolo11m_4500_imgsz1600_b1_2024-01-18.pt.jpg,ORDER_Hemiptera,2025-01-26,19:27:06,,2025_01_26__19_27_06,MachineObservation,Cerro_Hoya_Expedition_Hoya_606m_grisMejua_2025-01-26_2025-01-26,Cerro_Hoya_Expedition_Hoya_606m_grisMejua_2025-01-26,grisMejua_2025_01_26__19_27_06_HDR0.jpg,grisMejua_2025_01_26__19_27_06_HDR0_4_Mothbot_yolo11m_4500_imgsz1600_b1_2024-01-18.pt.jpg
doi.org10.15468dl.6nxkw6.csv,Animalia,Arthropoda,Insecta,Diptera,,,,,811,,Diptera,Diptera,Cerro_Hoya_Expedition_Hoya_606m_grisMejua_2025-01-26,grisMejua_2025_01_26__19_27_06_HDR0_5_Mothbot_yolo11m_4500_imgsz1600_b1_2024-01-18.pt.jpg,HS,Mothbot_yolo11m_4500_imgsz1600_b1_2024-01-18.pt,0.5941286087036133,,grisMejua,Cerro_Hoya_Expedition/Hoya_606m_grisMejua_2025-01-26/2025-01-26/patches/grisMejua_2025_01_26__19_27_06_HDR0_5_Mothbot_yolo11m_4500_imgsz1600_b1_2024-01-18.pt.jpg,ORDER_Diptera,2025-01-26,19:27:06,,2025_01_26__19_27_06,MachineObservation,Cerro_Hoya_Expedition_Hoya_606m_grisMejua_2025-01-26_2025-01-26,Cerro_Hoya_Expedition_Hoya_606m_grisMejua_2025-01-26,grisMejua_2025_01_26__19_27_06_HDR0.jpg,grisMejua_2025_01_26__19_27_06_HDR0_5_Mothbot_yolo11m_4500_imgsz1600_b1_2024-01-18.pt.jpg
doi.org10.15468dl.6nxkw6.csv,Animalia,Arthropoda,Insecta,Coleoptera,Scarabaeidae,Cyclocephala,melanocephala,,4994793,,melanocephala,Cyclocephala melanocephala,Cerro_Hoya_Expedition_Hoya_606m_grisMejua_2025-01-26,grisMejua_2025_01_26__19_27_06_HDR0_6_Mothbot_yolo11m_4500_imgsz1600_b1_2024-01-18.pt.jpg,HS,Mothbot_yolo11m_4500_imgsz1600_b1_2024-01-18.pt,0.4596456289291382,,grisMejua,Cerro_Hoya_Expedition/Hoya_606m_grisMejua_2025-01-26/2025-01-26/patches/grisMejua_2025_01_26__19_27_06_HDR0_6_Mothbot_yolo11m_4500_imgsz1600_b1_2024-01-18.pt.jpg,ORDER_Coleoptera,2025-01-26,19:27:06,,2025_01_26__19_27_06,MachineObservation,Cerro_Hoya_Expedition_Hoya_606m_grisMejua_2025-01-26_2025-01-26,Cerro_Hoya_Expedition_Hoya_606m_grisMejua_2025-01-26,grisMejua_2025_01_26__19_27_06_HDR0.jpg,grisMejua_2025_01_26__19_27_06_HDR0_6_Mothbot_yolo11m_4500_imgsz1600_b1_2024-01-18.pt.jpg
doi.org10.15468dl.6nxkw6.csv,Animalia,Arthropoda,Insecta,Coleoptera,,,,Tenebrionoidea2,1470,,Coleoptera,Tenebrionoidea2,Cerro_Hoya_Expedition_Hoya_606m_grisMejua_2025-01-26,grisMejua_2025_01_26__19_27_06_HDR0_7_Mothbot_yolo11m_4500_imgsz1600_b1_2024-01-18.pt.jpg,HS,Mothbot_yolo11m_4500_imgsz1600_b1_2024-01-18.pt,0.3805878460407257,,grisMejua,Cerro_Hoya_Expedition/Hoya_606m_grisMejua_2025-01-26/2025-01-26/patches/grisMejua_2025_01_26__19_27_06_HDR0_7_Mothbot_yolo11m_4500_imgsz1600_b1_2024-01-18.pt.jpg,ORDER_Coleoptera,2025-01-26,19:27:06,,2025_01_26__19_27_06,MachineObservation,Cerro_Hoya_Expedition_Hoya_606m_grisMejua_2025-01-26_2025-01-26,Cerro_Hoya_Expedition_Hoya_606m_grisMejua_2025-01-26,grisMejua_2025_01_26__19_27_06_HDR0.jpg,grisMejua_2025_01_26__19_27_06_HDR0_7_Mothbot_yolo11m_4500_imgsz1600_b1_2024-01-18.pt.jpg
doi.org10.15468dl.6nxkw6.csv,Animalia,Arthropoda,Insecta,Coleoptera,,,,Coleoptera_unknown,1470,,Coleoptera,Coleoptera_unknown,Cerro_Hoya_Expedition_Hoya_606m_grisMejua_2025-01-26,grisMejua_2025_01_26__19_27_06_HDR0_8_Mothbot_yolo11m_4500_imgsz1600_b1_2024-01-18.pt.jpg,HS,Mothbot_yolo11m_4500_imgsz1600_b1_2024-01-18.pt,0.28967025876045227,,grisMejua,Cerro_Hoya_Expedition/Hoya_606m_grisMejua_2025-01-26/2025-01-26/patches/grisMejua_2025_01_26__19_27_06_HDR0_8_Mothbot_yolo11m_4500_imgsz1600_b1_2024-01-18.pt.jpg,ORDER_Diptera,2025-01-26,19:27:06,,2025_01_26__19_27_06,MachineObservation,Cerro_Hoya_Expedition_Hoya_606m_grisMejua_2025-01-26_2025-01-26,Cerro_Hoya_Expedition_Hoya_606m_grisMejua_2025-01-26,grisMejua_2025_01_26__19_27_06_HDR0.jpg,grisMejua_2025_01_26__19_27_06_HDR0_8_Mothbot_yolo11m_4500_imgsz1600_b1_2024-01-18.pt.jpg
doi.org10.15468dl.6nxkw6.csv,Animalia,Arthropoda,Insecta,Lepidoptera,,,,,797,,Lepidoptera,Lepidoptera,Cerro_Hoya_Expedition_Hoya_606m_grisMejua_2025-01-26,grisMejua_2025_01_26__19_28_06_HDR0_0_Mothbot_yolo11m_4500_imgsz1600_b1_2024-01-18.pt.jpg,HS,Mothbot_yolo11m_4500_imgsz1600_b1_2024-01-18.pt,0.750038743019104,,grisMejua,Cerro_Hoya_Expedition/Hoya_606m_grisMejua_2025-01-26/2025-01-26/patches/grisMejua_2025_01_26__19_28_06_HDR0_0_Mothbot_yolo11m_4500_imgsz1600_b1_2024-01-18.pt.jpg,ORDER_Lepidoptera,2025-01-26,19:28:06,,2025_01_26__19_28_06,MachineObservation,Cerro_Hoya_Expedition_Hoya_606m_grisMejua_2025-01-26_2025-01-26,Cerro_Hoya_Expedition_Hoya_606m_grisMejua_2025-01-26,grisMejua_2025_01_26__19_28_06_HDR0.jpg,grisMejua_2025_01_26__19_28_06_HDR0_0_Mothbot_yolo11m_4500_imgsz1600_b1_2024-01-18.pt.jpg
doi.org10.15468dl.6nxkw6.csv,Animalia,Arthropoda,Insecta,Lepidoptera,,,,,797,,Lepidoptera,Lepidoptera,Cerro_Hoya_Expedition_Hoya_606m_grisMejua_2025-01-26,grisMejua_2025_01_26__19_28_06_HDR0_1_Mothbot_yolo11m_4500_imgsz1600_b1_2024-01-18.pt.jpg,HS,Mothbot_yolo11m_4500_imgsz1600_b1_2024-01-18.pt,0.7179787755012512,,grisMejua,Cerro_Hoya_Expedition/Hoya_606m_grisMejua_2025-01-26/2025-01-26/patches/grisMejua_2025_01_26__19_28_06_HDR0_1_Mothbot_yolo11m_4500_imgsz1600_b1_2024-01-18.pt.jpg,ORDER_Lepidoptera,2025-01-26,19:28:06,,2025_01_26__19_28_06,MachineObservation,Cerro_Hoya_Expedition_Hoya_606m_grisMejua_2025-01-26_2025-01-26,Cerro_Hoya_Expedition_Hoya_606m_grisMejua_2025-01-26,grisMejua_2025_01_26__19_28_06_HDR0.jpg,grisMejua_2025_01_26__19_28_06_HDR0_1_Mothbot_yolo11m_4500_imgsz1600_b1_2024-01-18.pt.jpg
doi.org10.15468dl.6nxkw6.csv,Animalia,Arthropoda,Insecta,Lepidoptera,,,,,797,,Lepidoptera,Lepidoptera,Cerro_Hoya_Expedition_Hoya_606m_grisMejua_2025-01-26,grisMejua_2025_01_26__19_28_06_HDR0_2_Mothbot_yolo11m_4500_imgsz1600_b1_2024-01-18.pt.jpg,HS,Mothbot_yolo11m_4500_imgsz1600_b1_2024-01-18.pt,0.685681939125061,,grisMejua,Cerro_Hoya_Expedition/Hoya_606m_grisMejua_2025-01-26/2025-01-26/patches/grisMejua_2025_01_26__19_28_06_HDR0_2_Mothbot_yolo11m_4500_imgsz1600_b1_2024-01-18.pt.jpg,ORDER_Lepidoptera,2025-01-26,19:28:06,,2025_01_26__19_28_06,MachineObservation,Cerro_Hoya_Expedition_Hoya_606m_grisMejua_2025-01-26_2025-01-26,Cerro_Hoya_Expedition_Hoya_606m_grisMejua_2025-01-26,grisMejua_2025_01_26__19_28_06_HDR0.jpg,grisMejua_2025_01_26__19_28_06_HDR0_2_Mothbot_yolo11m_4500_imgsz1600_b1_2024-01-18.pt.jpg
doi.org10.15468dl.6nxkw6.csv,Animalia,Arthropoda,Insecta,,,,,,216,,Insecta,Insecta,Cerro_Hoya_Expedition_Hoya_606m_grisMejua_2025-01-26,grisMejua_2025_01_26__19_28_06_HDR0_3_Mothbot_yolo11m_4500_imgsz1600_b1_2024-01-18.pt.jpg,HS,Mothbot_yolo11m_4500_imgsz1600_b1_2024-01-18.pt,0.5403319001197815,,grisMejua,Cerro_Hoya_Expedition/Hoya_606m_grisMejua_2025-01-26/2025-01-26/patches/grisMejua_2025_01_26__19_28_06_HDR0_3_Mothbot_yolo11m_4500_imgsz1600_b1_2024-01-18.pt.jpg,ORDER_Diptera,2025-01-26,19:28:06,,2025_01_26__19_28_06,MachineObservation,Cerro_Hoya_Expedition_Hoya_606m_grisMejua_2025-01-26_2025-01-26,Cerro_Hoya_Expedition_Hoya_606m_grisMejua_2025-01-26,grisMejua_2025_01_26__19_28_06_HDR0.jpg,grisMejua_2025_01_26__19_28_06_HDR0_3_Mothbot_yolo11m_4500_imgsz1600_b1_2024-01-18.pt.jpg
doi.org10.15468dl.6nxkw6.csv,Animalia,Arthropoda,Insecta,Coleoptera,,,,Tenebrionoidea2,1470,,Coleoptera,Tenebrionoidea2,Cerro_Hoya_Expedition_Hoya_606m_grisMejua_2025-01-26,grisMejua_2025_01_26__19_28_06_HDR0_4_Mothbot_yolo11m_4500_imgsz1600_b1_2024-01-18.pt.jpg,HS,Mothbot_yolo11m_4500_imgsz1600_b1_2024-01-18.pt,0.43839913606643677,,grisMejua,Cerro_Hoya_Expedition/Hoya_606m_grisMejua_2025-01-26/2025-01-26/patches/grisMejua_2025_01_26__19_28_06_HDR0_4_Mothbot_yolo11m_4500_imgsz1600_b1_2024-01-18.pt.jpg,ORDER_Diptera,2025-01-26,19:28:06,,2025_01_26__19_28_06,MachineObservation,Cerro_Hoya_Expedition_Hoya_606m_grisMejua_2025-01-26_2025-01-26,Cerro_Hoya_Expedition_Hoya_606m_grisMejua_2025-01-26,grisMejua_2025_01_26__19_28_06_HDR0.jpg,grisMejua_2025_01_26__19_28_06_HDR0_4_Mothbot_yolo11m_4500_imgsz1600_b1_2024-01-18.pt.jpg
doi.org10.15468dl.6nxkw6.csv,Animalia,Arthropoda,Insecta,Coleoptera,Chrysomelidae,,,Alticini8,7780,,Chrysomelidae,Alticini8,Cerro_Hoya_Expedition_Hoya_606m_grisMejua_2025-01-26,grisMejua_2025_01_26__19_28_06_HDR0_5_Mothbot_yolo11m_4500_imgsz1600_b1_2024-01-18.pt.jpg,HS,Mothbot_yolo11m_4500_imgsz1600_b1_2024-01-18.pt,0.29335901141166687,,grisMejua,Cerro_Hoya_Expedition/Hoya_606m_grisMejua_2025-01-26/2025-01-26/patches/grisMejua_2025_01_26__19_28_06_HDR0_5_Mothbot_yolo11m_4500_imgsz1600_b1_2024-01-18.pt.jpg,ORDER_Coleoptera,2025-01-26,19:28:06,,2025_01_26__19_28_06,MachineObservation,Cerro_Hoya_Expedition_Hoya_606m_grisMejua_2025-01-26_2025-01-26,Cerro_Hoya_Expedition_Hoya_606m_grisMejua_2025-01-26,grisMejua_2025_01_26__19_28_06_HDR0.jpg,grisMejua_2025_01_26__19_28_06_HDR0_5_Mothbot_yolo11m_4500_imgsz1600_b1_2024-01-18.pt.jpg
doi.org10.15468dl.6nxkw6.csv,Animalia,Arthropoda,Insecta,Lepidoptera,,,,,797,,Lepidoptera,Lepidoptera,Cerro_Hoya_Expedition_Hoya_606m_grisMejua_2025-01-26,grisMejua_2025_01_26__19_29_22_HDR0_0_Mothbot_yolo11m_4500_imgsz1600_b1_2024-01-18.pt.jpg,HS,Mothbot_yolo11m_4500_imgsz1600_b1_2024-01-18.pt,0.77443927526474,,grisMejua,Cerro_Hoya_Expedition/Hoya_606m_grisMejua_2025-01-26/2025-01-26/patches/grisMejua_2025_01_26__19_29_22_HDR0_0_Mothbot_yolo11m_4500_imgsz1600_b1_2024-01-18.pt.jpg,ORDER_Lepidoptera,2025-01-26,19:29:22,,2025_01_26__19_29_22,MachineObservation,Cerro_Hoya_Expedition_Hoya_606m_grisMejua_2025-01-26_2025-01-26,Cerro_Hoya_Expedition_Hoya_606m_grisMejua_2025-01-26,grisMejua_2025_01_26__19_29_22_HDR0.jpg,grisMejua_2025_01_26__19_29_22_HDR0_0_Mothbot_yolo11m_4500_imgsz1600_b1_2024-01-18.pt.jpg
doi.org10.15468dl.6nxkw6.csv,Animalia,Arthropoda,Insecta,Lepidoptera,,,,,797,,Lepidoptera,Lepidoptera,Cerro_Hoya_Expedition_Hoya_606m_grisMejua_2025-01-26,grisMejua_2025_01_26__19_29_22_HDR0_1_Mothbot_yolo11m_4500_imgsz1600_b1_2024-01-18.pt.jpg,HS,Mothbot_yolo11m_4500_imgsz1600_b1_2024-01-18.pt,0.7274575233459473,,grisMejua,Cerro_Hoya_Expedition/Hoya_606m_grisMejua_2025-01-26/2025-01-26/patches/grisMejua_2025_01_26__19_29_22_HDR0_1_Mothbot_yolo11m_4500_imgsz1600_b1_2024-01-18.pt.jpg,ORDER_Lepidoptera,2025-01-26,19:29:22,,2025_01_26__19_29_22,MachineObservation,Cerro_Hoya_Expedition_Hoya_606m_grisMejua_2025-01-26_2025-01-26,Cerro_Hoya_Expedition_Hoya_606m_grisMejua_2025-01-26,grisMejua_2025_01_26__19_29_22_HDR0.jpg,grisMejua_2025_01_26__19_29_22_HDR0_1_Mothbot_yolo11m_4500_imgsz1600_b1_2024-01-18.pt.jpg
doi.org10.15468dl.6nxkw6.csv,Animalia,Arthropoda,Insecta,Lepidoptera,,,,,797,,Lepidoptera,Lepidoptera,Cerro_Hoya_Expedition_Hoya_606m_grisMejua_2025-01-26,grisMejua_2025_01_26__19_29_22_HDR0_2_Mothbot_yolo11m_4500_imgsz1600_b1_2024-01-18.pt.jpg,HS,Mothbot_yolo11m_4500_imgsz1600_b1_2024-01-18.pt,0.6501410007476807,,grisMejua,Cerro_Hoya_Expedition/Hoya_606m_grisMejua_2025-01-26/2025-01-26/patches/grisMejua_2025_01_26__19_29_22_HDR0_2_Mothbot_yolo11m_4500_imgsz1600_b1_2024-01-18.pt.jpg,ORDER_Lepidoptera,2025-01-26,19:29:22,,2025_01_26__19_29_22,MachineObservation,Cerro_Hoya_Expedition_Hoya_606m_grisMejua_2025-01-26_2025-01-26,Cerro_Hoya_Expedition_Hoya_606m_grisMejua_2025-01-26,grisMejua_2025_01_26__19_29_22_HDR0.jpg,grisMejua_2025_01_26__19_29_22_HDR0_2_Mothbot_yolo11m_4500_imgsz1600_b1_2024-01-18.pt.jpg
doi.org10.15468dl.6nxkw6.csv,Animalia,Arthropoda,Insecta,Coleoptera,,,,,1470,,Coleoptera,Coleoptera,Cerro_Hoya_Expedition_Hoya_606m_grisMejua_2025-01-26,grisMejua_2025_01_26__19_29_22_HDR0_3_Mothbot_yolo11m_4500_imgsz1600_b1_2024-01-18.pt.jpg,HS,Mothbot_yolo11m_4500_imgsz1600_b1_2024-01-18.pt,0.6071585416793823,,grisMejua,Cerro_Hoya_Expedition/Hoya_606m_grisMejua_2025-01-26/2025-01-26/patches/grisMejua_2025_01_26__19_29_22_HDR0_3_Mothbot_yolo11m_4500_imgsz1600_b1_2024-01-18.pt.jpg,ORDER_Coleoptera,2025-01-26,19:29:22,,2025_01_26__19_29_22,MachineObservation,Cerro_Hoya_Expedition_Hoya_606m_grisMejua_2025-01-26_2025-01-26,Cerro_Hoya_Expedition_Hoya_606m_grisMejua_2025-01-26,grisMejua_2025_01_26__19_29_22_HDR0.jpg,grisMejua_2025_01_26__19_29_22_HDR0_3_Mothbot_yolo11m_4500_imgsz1600_b1_2024-01-18.pt.jpg
doi.org10.15468dl.6nxkw6.csv,Animalia,Arthropoda,Insecta,Hemiptera,,,,,809,,Hemiptera,Hemiptera,Cerro_Hoya_Expedition_Hoya_606m_grisMejua_2025-01-26,grisMejua_2025_01_26__19_29_22_HDR0_4_Mothbot_yolo11m_4500_imgsz1600_b1_2024-01-18.pt.jpg,HS,Mothbot_yolo11m_4500_imgsz1600_b1_2024-01-18.pt,0.5743476748466492,,grisMejua,Cerro_Hoya_Expedition/Hoya_606m_grisMejua_2025-01-26/2025-01-26/patches/grisMejua_2025_01_26__19_29_22_HDR0_4_Mothbot_yolo11m_4500_imgsz1600_b1_2024-01-18.pt.jpg,ORDER_Hemiptera,2025-01-26,19:29:22,,2025_01_26__19_29_22,MachineObservation,Cerro_Hoya_Expedition_Hoya_606m_grisMejua_2025-01-26_2025-01-26,Cerro_Hoya_Expedition_Hoya_606m_grisMejua_2025-01-26,grisMejua_2025_01_26__19_29_22_HDR0.jpg,grisMejua_2025_01_26__19_29_22_HDR0_4_Mothbot_yolo11m_4500_imgsz1600_b1_2024-01-18.pt.jpg
doi.org10.15468dl.6nxkw6.csv,Animalia,Arthropoda,Insecta,Coleoptera,Chrysomelidae,,,Alticini8,7780,,Chrysomelidae,Alticini8,Cerro_Hoya_Expedition_Hoya_606m_grisMejua_2025-01-26,grisMejua_2025_01_26__19_29_22_HDR0_5_Mothbot_yolo11m_4500_imgsz1600_b1_2024-01-18.pt.jpg,HS,Mothbot_yolo11m_4500_imgsz1600_b1_2024-01-18.pt,0.569770097732544,,grisMejua,Cerro_Hoya_Expedition/Hoya_606m_grisMejua_2025-01-26/2025-01-26/patches/grisMejua_2025_01_26__19_29_22_HDR0_5_Mothbot_yolo11m_4500_imgsz1600_b1_2024-01-18.pt.jpg,ORDER_Hemiptera,2025-01-26,19:29:22,,2025_01_26__19_29_22,MachineObservation,Cerro_Hoya_Expedition_Hoya_606m_grisMejua_2025-01-26_2025-01-26,Cerro_Hoya_Expedition_Hoya_606m_grisMejua_2025-01-26,grisMejua_2025_01_26__19_29_22_HDR0.jpg,grisMejua_2025_01_26__19_29_22_HDR0_5_Mothbot_yolo11m_4500_imgsz1600_b1_2024-01-18.pt.jpg
doi.org10.15468dl.6nxkw6.csv,Animalia,Arthropoda,Insecta,Coleoptera,,,,Tenebrionoidea2,1470,,Coleoptera,Tenebrionoidea2,Cerro_Hoya_Expedition_Hoya_606m_grisMejua_2025-01-26,grisMejua_2025_01_26__19_29_22_HDR0_6_Mothbot_yolo11m_4500_imgsz1600_b1_2024-01-18.pt.jpg,HS,Mothbot_yolo11m_4500_imgsz1600_b1_2024-01-18.pt,0.45404869318008423,,grisMejua,Cerro_Hoya_Expedition/Hoya_606m_grisMejua_2025-01-26/2025-01-26/patches/grisMejua_2025_01_26__19_29_22_HDR0_6_Mothbot_yolo11m_4500_imgsz1600_b1_2024-01-18.pt.jpg,ORDER_Diptera,2025-01-26,19:29:22,,2025_01_26__19_29_22,MachineObservation,Cerro_Hoya_Expedition_Hoya_606m_grisMejua_2025-01-26_2025-01-26,Cerro_Hoya_Expedition_Hoya_606m_grisMejua_2025-01-26,grisMejua_2025_01_26__19_29_22_HDR0.jpg,grisMejua_2025_01_26__19_29_22_HDR0_6_Mothbot_yolo11m_4500_imgsz1600_b1_2024-01-18.pt.jpg
doi.org10.15468dl.6nxkw6.csv,Animalia,Arthropoda,Insecta,Lepidoptera,,,,,797,,Lepidoptera,Lepidoptera,Cerro_Hoya_Expedition_Hoya_606m_grisMejua_2025-01-26,grisMejua_2025_01_26__19_30_06_HDR0_0_Mothbot_yolo11m_4500_imgsz1600_b1_2024-01-18.pt.jpg,HS,Mothbot_yolo11m_4500_imgsz1600_b1_2024-01-18.pt,0.7149958610534668,,grisMejua,Cerro_Hoya_Expedition/Hoya_606m_grisMejua_2025-01-26/2025-01-26/patches/grisMejua_2025_01_26__19_30_06_HDR0_0_Mothbot_yolo11m_4500_imgsz1600_b1_2024-01-18.pt.jpg,ORDER_Diptera,2025-01-26,19:30:06,,2025_01_26__19_30_06,MachineObservation,Cerro_Hoya_Expedition_Hoya_606m_grisMejua_2025-01-26_2025-01-26,Cerro_Hoya_Expedition_Hoya_606m_grisMejua_2025-01-26,grisMejua_2025_01_26__19_30_06_HDR0.jpg,grisMejua_2025_01_26__19_30_06_HDR0_0_Mothbot_yolo11m_4500_imgsz1600_b1_2024-01-18.pt.jpg
doi.org10.15468dl.6nxkw6.csv,Animalia,Arthropoda,Insecta,Lepidoptera,,,,,797,,Lepidoptera,Lepidoptera,Cerro_Hoya_Expedition_Hoya_606m_grisMejua_2025-01-26,grisMejua_2025_01_26__19_30_06_HDR0_1_Mothbot_yolo11m_4500_imgsz1600_b1_2024-01-18.pt.jpg,HS,Mothbot_yolo11m_4500_imgsz1600_b1_2024-01-18.pt,0.6988523602485657,,grisMejua,Cerro_Hoya_Expedition/Hoya_606m_grisMejua_2025-01-26/2025-01-26/patches/grisMejua_2025_01_26__19_30_06_HDR0_1_Mothbot_yolo11m_4500_imgsz1600_b1_2024-01-18.pt.jpg,ORDER_Lepidoptera,2025-01-26,19:30:06,,2025_01_26__19_30_06,MachineObservation,Cerro_Hoya_Expedition_Hoya_606m_grisMejua_2025-01-26_2025-01-26,Cerro_Hoya_Expedition_Hoya_606m_grisMejua_2025-01-26,grisMejua_2025_01_26__19_30_06_HDR0.jpg,grisMejua_2025_01_26__19_30_06_HDR0_1_Mothbot_yolo11m_4500_imgsz1600_b1_2024-01-18.pt.jpg
doi.org10.15468dl.6nxkw6.csv,Animalia,Arthropoda,Insecta,Lepidoptera,,,,,797,,Lepidoptera,Lepidoptera,Cerro_Hoya_Expedition_Hoya_606m_grisMejua_2025-01-26,grisMejua_2025_01_26__19_30_06_HDR0_2_Mothbot_yolo11m_4500_imgsz1600_b1_2024-01-18.pt.jpg,HS,Mothbot_yolo11m_4500_imgsz1600_b1_2024-01-18.pt,0.6796969175338745,,grisMejua,Cerro_Hoya_Expedition/Hoya_606m_grisMejua_2025-01-26/2025-01-26/patches/grisMejua_2025_01_26__19_30_06_HDR0_2_Mothbot_yolo11m_4500_imgsz1600_b1_2024-01-18.pt.jpg,ORDER_Lepidoptera,2025-01-26,19:30:06,,2025_01_26__19_30_06,MachineObservation,Cerro_Hoya_Expedition_Hoya_606m_grisMejua_2025-01-26_2025-01-26,Cerro_Hoya_Expedition_Hoya_606m_grisMejua_2025-01-26,grisMejua_2025_01_26__19_30_06_HDR0.jpg,grisMejua_2025_01_26__19_30_06_HDR0_2_Mothbot_yolo11m_4500_imgsz1600_b1_2024-01-18.pt.jpg
doi.org10.15468dl.6nxkw6.csv,Animalia,Arthropoda,Insecta,Hemiptera,,,,,809,,Hemiptera,Hemiptera,Cerro_Hoya_Expedition_Hoya_606m_grisMejua_2025-01-26,grisMejua_2025_01_26__19_30_06_HDR0_3_Mothbot_yolo11m_4500_imgsz1600_b1_2024-01-18.pt.jpg,HS,Mothbot_yolo11m_4500_imgsz1600_b1_2024-01-18.pt,0.5938518643379211,,grisMejua,Cerro_Hoya_Expedition/Hoya_606m_grisMejua_2025-01-26/2025-01-26/patches/grisMejua_2025_01_26__19_30_06_HDR0_3_Mothbot_yolo11m_4500_imgsz1600_b1_2024-01-18.pt.jpg,ORDER_Trichoptera,2025-01-26,19:30:06,,2025_01_26__19_30_06,MachineObservation,Cerro_Hoya_Expedition_Hoya_606m_grisMejua_2025-01-26_2025-01-26,Cerro_Hoya_Expedition_Hoya_606m_grisMejua_2025-01-26,grisMejua_2025_01_26__19_30_06_HDR0.jpg,grisMejua_2025_01_26__19_30_06_HDR0_3_Mothbot_yolo11m_4500_imgsz1600_b1_2024-01-18.pt.jpg
doi.org10.15468dl.6nxkw6.csv,Animalia,Arthropoda,Insecta,Hemiptera,,,,,809,,Hemiptera,Hemiptera,Cerro_Hoya_Expedition_Hoya_606m_grisMejua_2025-01-26,grisMejua_2025_01_26__19_30_06_HDR0_4_Mothbot_yolo11m_4500_imgsz1600_b1_2024-01-18.pt.jpg,HS,Mothbot_yolo11m_4500_imgsz1600_b1_2024-01-18.pt,0.5658762454986572,,grisMejua,Cerro_Hoya_Expedition/Hoya_606m_grisMejua_2025-01-26/2025-01-26/patches/grisMejua_2025_01_26__19_30_06_HDR0_4_Mothbot_yolo11m_4500_imgsz1600_b1_2024-01-18.pt.jpg,ORDER_Hemiptera,2025-01-26,19:30:06,,2025_01_26__19_30_06,MachineObservation,Cerro_Hoya_Expedition_Hoya_606m_grisMejua_2025-01-26_2025-01-26,Cerro_Hoya_Expedition_Hoya_606m_grisMejua_2025-01-26,grisMejua_2025_01_26__19_30_06_HDR0.jpg,grisMejua_2025_01_26__19_30_06_HDR0_4_Mothbot_yolo11m_4500_imgsz1600_b1_2024-01-18.pt.jpg
doi.org10.15468dl.6nxkw6.csv,Animalia,Arthropoda,Insecta,Coleoptera,,,,Coleoptera_unknown,1470,,Coleoptera,Coleoptera_unknown,Cerro_Hoya_Expedition_Hoya_606m_grisMejua_2025-01-26,grisMejua_2025_01_26__19_30_06_HDR0_5_Mothbot_yolo11m_4500_imgsz1600_b1_2024-01-18.pt.jpg,HS,Mothbot_yolo11m_4500_imgsz1600_b1_2024-01-18.pt,0.4460998475551605,,grisMejua,Cerro_Hoya_Expedition/Hoya_606m_grisMejua_2025-01-26/2025-01-26/patches/grisMejua_2025_01_26__19_30_06_HDR0_5_Mothbot_yolo11m_4500_imgsz1600_b1_2024-01-18.pt.jpg,ORDER_Hemiptera,2025-01-26,19:30:06,,2025_01_26__19_30_06,MachineObservation,Cerro_Hoya_Expedition_Hoya_606m_grisMejua_2025-01-26_2025-01-26,Cerro_Hoya_Expedition_Hoya_606m_grisMejua_2025-01-26,grisMejua_2025_01_26__19_30_06_HDR0.jpg,grisMejua_2025_01_26__19_30_06_HDR0_5_Mothbot_yolo11m_4500_imgsz1600_b1_2024-01-18.pt.jpg
doi.org10.15468dl.6nxkw6.csv,Animalia,Arthropoda,Insecta,Coleoptera,,,,Tenebrionoidea2,1470,,Coleoptera,Tenebrionoidea2,Cerro_Hoya_Expedition_Hoya_606m_grisMejua_2025-01-26,grisMejua_2025_01_26__19_30_06_HDR0_6_Mothbot_yolo11m_4500_imgsz1600_b1_2024-01-18.pt.jpg,HS,Mothbot_yolo11m_4500_imgsz1600_b1_2024-01-18.pt,0.3798828423023224,,grisMejua,Cerro_Hoya_Expedition/Hoya_606m_grisMejua_2025-01-26/2025-01-26/patches/grisMejua_2025_01_26__19_30_06_HDR0_6_Mothbot_yolo11m_4500_imgsz1600_b1_2024-01-18.pt.jpg,ORDER_Diptera,2025-01-26,19:30:06,,2025_01_26__19_30_06,MachineObservation,Cerro_Hoya_Expedition_Hoya_606m_grisMejua_2025-01-26_2025-01-26,Cerro_Hoya_Expedition_Hoya_606m_grisMejua_2025-01-26,grisMejua_2025_01_26__19_30_06_HDR0.jpg,grisMejua_2025_01_26__19_30_06_HDR0_6_Mothbot_yolo11m_4500_imgsz1600_b1_2024-01-18.pt.jpg
doi.org10.15468dl.6nxkw6.csv,Animalia,Arthropoda,Insecta,Hemiptera,,,,,809,,Hemiptera,Hemiptera,Cerro_Hoya_Expedition_Hoya_606m_grisMejua_2025-01-26,grisMejua_2025_01_26__19_30_06_HDR0_7_Mothbot_yolo11m_4500_imgsz1600_b1_2024-01-18.pt.jpg,HS,Mothbot_yolo11m_4500_imgsz1600_b1_2024-01-18.pt,0.27003049850463867,,grisMejua,Cerro_Hoya_Expedition/Hoya_606m_grisMejua_2025-01-26/2025-01-26/patches/grisMejua_2025_01_26__19_30_06_HDR0_7_Mothbot_yolo11m_4500_imgsz1600_b1_2024-01-18.pt.jpg,ORDER_Diptera,2025-01-26,19:30:06,,2025_01_26__19_30_06,MachineObservation,Cerro_Hoya_Expedition_Hoya_606m_grisMejua_2025-01-26_2025-01-26,Cerro_Hoya_Expedition_Hoya_606m_grisMejua_2025-01-26,grisMejua_2025_01_26__19_30_06_HDR0.jpg,grisMejua_2025_01_26__19_30_06_HDR0_7_Mothbot_yolo11m_4500_imgsz1600_b1_2024-01-18.pt.jpg
doi.org10.15468dl.6nxkw6.csv,Animalia,Arthropoda,Insecta,Lepidoptera,,,,,797,,Lepidoptera,Lepidoptera,Cerro_Hoya_Expedition_Hoya_606m_grisMejua_2025-01-26,grisMejua_2025_01_26__19_31_06_HDR0_0_Mothbot_yolo11m_4500_imgsz1600_b1_2024-01-18.pt.jpg,HS,Mothbot_yolo11m_4500_imgsz1600_b1_2024-01-18.pt,0.7318606972694397,,grisMejua,Cerro_Hoya_Expedition/Hoya_606m_grisMejua_2025-01-26/2025-01-26/patches/grisMejua_2025_01_26__19_31_06_HDR0_0_Mothbot_yolo11m_4500_imgsz1600_b1_2024-01-18.pt.jpg,ORDER_Lepidoptera,2025-01-26,19:31:06,,2025_01_26__19_31_06,MachineObservation,Cerro_Hoya_Expedition_Hoya_606m_grisMejua_2025-01-26_2025-01-26,Cerro_Hoya_Expedition_Hoya_606m_grisMejua_2025-01-26,grisMejua_2025_01_26__19_31_06_HDR0.jpg,grisMejua_2025_01_26__19_31_06_HDR0_0_Mothbot_yolo11m_4500_imgsz1600_b1_2024-01-18.pt.jpg
doi.org10.15468dl.6nxkw6.csv,Animalia,Arthropoda,Insecta,Diptera,,,,,811,,Diptera,Diptera,Cerro_Hoya_Expedition_Hoya_606m_grisMejua_2025-01-26,grisMejua_2025_01_26__19_31_06_HDR0_1_Mothbot_yolo11m_4500_imgsz1600_b1_2024-01-18.pt.jpg,HS,Mothbot_yolo11m_4500_imgsz1600_b1_2024-01-18.pt,0.7172879576683044,,grisMejua,Cerro_Hoya_Expedition/Hoya_606m_grisMejua_2025-01-26/2025-01-26/patches/grisMejua_2025_01_26__19_31_06_HDR0_1_Mothbot_yolo11m_4500_imgsz1600_b1_2024-01-18.pt.jpg,ORDER_Diptera,2025-01-26,19:31:06,,2025_01_26__19_31_06,MachineObservation,Cerro_Hoya_Expedition_Hoya_606m_grisMejua_2025-01-26_2025-01-26,Cerro_Hoya_Expedition_Hoya_606m_grisMejua_2025-01-26,grisMejua_2025_01_26__19_31_06_HDR0.jpg,grisMejua_2025_01_26__19_31_06_HDR0_1_Mothbot_yolo11m_4500_imgsz1600_b1_2024-01-18.pt.jpg
doi.org10.15468dl.6nxkw6.csv,Animalia,Arthropoda,Insecta,Lepidoptera,,,,,797,,Lepidoptera,Lepidoptera,Cerro_Hoya_Expedition_Hoya_606m_grisMejua_2025-01-26,grisMejua_2025_01_26__19_31_06_HDR0_2_Mothbot_yolo11m_4500_imgsz1600_b1_2024-01-18.pt.jpg,HS,Mothbot_yolo11m_4500_imgsz1600_b1_2024-01-18.pt,0.675095796585083,,grisMejua,Cerro_Hoya_Expedition/Hoya_606m_grisMejua_2025-01-26/2025-01-26/patches/grisMejua_2025_01_26__19_31_06_HDR0_2_Mothbot_yolo11m_4500_imgsz1600_b1_2024-01-18.pt.jpg,ORDER_Lepidoptera,2025-01-26,19:31:06,,2025_01_26__19_31_06,MachineObservation,Cerro_Hoya_Expedition_Hoya_606m_grisMejua_2025-01-26_2025-01-26,Cerro_Hoya_Expedition_Hoya_606m_grisMejua_2025-01-26,grisMejua_2025_01_26__19_31_06_HDR0.jpg,grisMejua_2025_01_26__19_31_06_HDR0_2_Mothbot_yolo11m_4500_imgsz1600_b1_2024-01-18.pt.jpg
doi.org10.15468dl.6nxkw6.csv,Animalia,Arthropoda,Insecta,Lepidoptera,,,,,797,,Lepidoptera,Lepidoptera,Cerro_Hoya_Expedition_Hoya_606m_grisMejua_2025-01-26,grisMejua_2025_01_26__19_31_06_HDR0_3_Mothbot_yolo11m_4500_imgsz1600_b1_2024-01-18.pt.jpg,HS,Mothbot_yolo11m_4500_imgsz1600_b1_2024-01-18.pt,0.673494815826416,,grisMejua,Cerro_Hoya_Expedition/Hoya_606m_grisMejua_2025-01-26/2025-01-26/patches/grisMejua_2025_01_26__19_31_06_HDR0_3_Mothbot_yolo11m_4500_imgsz1600_b1_2024-01-18.pt.jpg,ORDER_Lepidoptera,2025-01-26,19:31:06,,2025_01_26__19_31_06,MachineObservation,Cerro_Hoya_Expedition_Hoya_606m_grisMejua_2025-01-26_2025-01-26,Cerro_Hoya_Expedition_Hoya_606m_grisMejua_2025-01-26,grisMejua_2025_01_26__19_31_06_HDR0.jpg,grisMejua_2025_01_26__19_31_06_HDR0_3_Mothbot_yolo11m_4500_imgsz1600_b1_2024-01-18.pt.jpg
doi.org10.15468dl.6nxkw6.csv,Animalia,Arthropoda,Insecta,Lepidoptera,,,,,797,,Lepidoptera,Lepidoptera,Cerro_Hoya_Expedition_Hoya_606m_grisMejua_2025-01-26,grisMejua_2025_01_26__19_31_06_HDR0_4_Mothbot_yolo11m_4500_imgsz1600_b1_2024-01-18.pt.jpg,HS,Mothbot_yolo11m_4500_imgsz1600_b1_2024-01-18.pt,0.5946158766746521,,grisMejua,Cerro_Hoya_Expedition/Hoya_606m_grisMejua_2025-01-26/2025-01-26/patches/grisMejua_2025_01_26__19_31_06_HDR0_4_Mothbot_yolo11m_4500_imgsz1600_b1_2024-01-18.pt.jpg,ORDER_Lepidoptera,2025-01-26,19:31:06,,2025_01_26__19_31_06,MachineObservation,Cerro_Hoya_Expedition_Hoya_606m_grisMejua_2025-01-26_2025-01-26,Cerro_Hoya_Expedition_Hoya_606m_grisMejua_2025-01-26,grisMejua_2025_01_26__19_31_06_HDR0.jpg,grisMejua_2025_01_26__19_31_06_HDR0_4_Mothbot_yolo11m_4500_imgsz1600_b1_2024-01-18.pt.jpg
doi.org10.15468dl.6nxkw6.csv,Animalia,Arthropoda,Insecta,Coleoptera,,,,Tenebrionoidea2,1470,,Coleoptera,Tenebrionoidea2,Cerro_Hoya_Expedition_Hoya_606m_grisMejua_2025-01-26,grisMejua_2025_01_26__19_31_06_HDR0_5_Mothbot_yolo11m_4500_imgsz1600_b1_2024-01-18.pt.jpg,HS,Mothbot_yolo11m_4500_imgsz1600_b1_2024-01-18.pt,0.37855732440948486,,grisMejua,Cerro_Hoya_Expedition/Hoya_606m_grisMejua_2025-01-26/2025-01-26/patches/grisMejua_2025_01_26__19_31_06_HDR0_5_Mothbot_yolo11m_4500_imgsz1600_b1_2024-01-18.pt.jpg,ORDER_Diptera,2025-01-26,19:31:06,,2025_01_26__19_31_06,MachineObservation,Cerro_Hoya_Expedition_Hoya_606m_grisMejua_2025-01-26_2025-01-26,Cerro_Hoya_Expedition_Hoya_606m_grisMejua_2025-01-26,grisMejua_2025_01_26__19_31_06_HDR0.jpg,grisMejua_2025_01_26__19_31_06_HDR0_5_Mothbot_yolo11m_4500_imgsz1600_b1_2024-01-18.pt.jpg
doi.org10.15468dl.6nxkw6.csv,Animalia,Arthropoda,Insecta,Hemiptera,,,,,809,,Hemiptera,Hemiptera,Cerro_Hoya_Expedition_Hoya_606m_grisMejua_2025-01-26,grisMejua_2025_01_26__19_31_06_HDR0_6_Mothbot_yolo11m_4500_imgsz1600_b1_2024-01-18.pt.jpg,HS,Mothbot_yolo11m_4500_imgsz1600_b1_2024-01-18.pt,0.3665734529495239,,grisMejua,Cerro_Hoya_Expedition/Hoya_606m_grisMejua_2025-01-26/2025-01-26/patches/grisMejua_2025_01_26__19_31_06_HDR0_6_Mothbot_yolo11m_4500_imgsz1600_b1_2024-01-18.pt.jpg,ORDER_Hemiptera,2025-01-26,19:31:06,,2025_01_26__19_31_06,MachineObservation,Cerro_Hoya_Expedition_Hoya_606m_grisMejua_2025-01-26_2025-01-26,Cerro_Hoya_Expedition_Hoya_606m_grisMejua_2025-01-26,grisMejua_2025_01_26__19_31_06_HDR0.jpg,grisMejua_2025_01_26__19_31_06_HDR0_6_Mothbot_yolo11m_4500_imgsz1600_b1_2024-01-18.pt.jpg
doi.org10.15468dl.6nxkw6.csv,Animalia,Arthropoda,Insecta,Coleoptera,Scarabaeidae,Cyclocephala,melanocephala,,4994793,,melanocephala,Cyclocephala melanocephala,Cerro_Hoya_Expedition_Hoya_606m_grisMejua_2025-01-26,grisMejua_2025_01_26__19_31_06_HDR0_7_Mothbot_yolo11m_4500_imgsz1600_b1_2024-01-18.pt.jpg,HS,Mothbot_yolo11m_4500_imgsz1600_b1_2024-01-18.pt,0.2993272542953491,,grisMejua,Cerro_Hoya_Expedition/Hoya_606m_grisMejua_2025-01-26/2025-01-26/patches/grisMejua_2025_01_26__19_31_06_HDR0_7_Mothbot_yolo11m_4500_imgsz1600_b1_2024-01-18.pt.jpg,ORDER_Coleoptera,2025-01-26,19:31:06,,2025_01_26__19_31_06,MachineObservation,Cerro_Hoya_Expedition_Hoya_606m_grisMejua_2025-01-26_2025-01-26,Cerro_Hoya_Expedition_Hoya_606m_grisMejua_2025-01-26,grisMejua_2025_01_26__19_31_06_HDR0.jpg,grisMejua_2025_01_26__19_31_06_HDR0_7_Mothbot_yolo11m_4500_imgsz1600_b1_2024-01-18.pt.jpg
doi.org10.15468dl.6nxkw6.csv,Animalia,Arthropoda,Insecta,Lepidoptera,,,,,797,,Lepidoptera,Lepidoptera,Cerro_Hoya_Expedition_Hoya_606m_grisMejua_2025-01-26,grisMejua_2025_01_26__19_32_05_HDR0_0_Mothbot_yolo11m_4500_imgsz1600_b1_2024-01-18.pt.jpg,HS,Mothbot_yolo11m_4500_imgsz1600_b1_2024-01-18.pt,0.812438428401947,,grisMejua,Cerro_Hoya_Expedition/Hoya_606m_grisMejua_2025-01-26/2025-01-26/patches/grisMejua_2025_01_26__19_32_05_HDR0_0_Mothbot_yolo11m_4500_imgsz1600_b1_2024-01-18.pt.jpg,ORDER_Lepidoptera,2025-01-26,19:32:05,,2025_01_26__19_32_05,MachineObservation,Cerro_Hoya_Expedition_Hoya_606m_grisMejua_2025-01-26_2025-01-26,Cerro_Hoya_Expedition_Hoya_606m_grisMejua_2025-01-26,grisMejua_2025_01_26__19_32_05_HDR0.jpg,grisMejua_2025_01_26__19_32_05_HDR0_0_Mothbot_yolo11m_4500_imgsz1600_b1_2024-01-18.pt.jpg
doi.org10.15468dl.6nxkw6.csv,Animalia,Arthropoda,Insecta,Lepidoptera,,,,,797,,Lepidoptera,Lepidoptera,Cerro_Hoya_Expedition_Hoya_606m_grisMejua_2025-01-26,grisMejua_2025_01_26__19_32_05_HDR0_1_Mothbot_yolo11m_4500_imgsz1600_b1_2024-01-18.pt.jpg,HS,Mothbot_yolo11m_4500_imgsz1600_b1_2024-01-18.pt,0.7762349247932434,,grisMejua,Cerro_Hoya_Expedition/Hoya_606m_grisMejua_2025-01-26/2025-01-26/patches/grisMejua_2025_01_26__19_32_05_HDR0_1_Mothbot_yolo11m_4500_imgsz1600_b1_2024-01-18.pt.jpg,ORDER_Lepidoptera,2025-01-26,19:32:05,,2025_01_26__19_32_05,MachineObservation,Cerro_Hoya_Expedition_Hoya_606m_grisMejua_2025-01-26_2025-01-26,Cerro_Hoya_Expedition_Hoya_606m_grisMejua_2025-01-26,grisMejua_2025_01_26__19_32_05_HDR0.jpg,grisMejua_2025_01_26__19_32_05_HDR0_1_Mothbot_yolo11m_4500_imgsz1600_b1_2024-01-18.pt.jpg
doi.org10.15468dl.6nxkw6.csv,Animalia,Arthropoda,Insecta,Lepidoptera,,,,,797,,Lepidoptera,Lepidoptera,Cerro_Hoya_Expedition_Hoya_606m_grisMejua_2025-01-26,grisMejua_2025_01_26__19_32_05_HDR0_2_Mothbot_yolo11m_4500_imgsz1600_b1_2024-01-18.pt.jpg,HS,Mothbot_yolo11m_4500_imgsz1600_b1_2024-01-18.pt,0.7362143397331238,,grisMejua,Cerro_Hoya_Expedition/Hoya_606m_grisMejua_2025-01-26/2025-01-26/patches/grisMejua_2025_01_26__19_32_05_HDR0_2_Mothbot_yolo11m_4500_imgsz1600_b1_2024-01-18.pt.jpg,ORDER_Lepidoptera,2025-01-26,19:32:05,,2025_01_26__19_32_05,MachineObservation,Cerro_Hoya_Expedition_Hoya_606m_grisMejua_2025-01-26_2025-01-26,Cerro_Hoya_Expedition_Hoya_606m_grisMejua_2025-01-26,grisMejua_2025_01_26__19_32_05_HDR0.jpg,grisMejua_2025_01_26__19_32_05_HDR0_2_Mothbot_yolo11m_4500_imgsz1600_b1_2024-01-18.pt.jpg
doi.org10.15468dl.6nxkw6.csv,Animalia,Arthropoda,Insecta,Lepidoptera,,,,,797,,Lepidoptera,Lepidoptera,Cerro_Hoya_Expedition_Hoya_606m_grisMejua_2025-01-26,grisMejua_2025_01_26__19_32_05_HDR0_3_Mothbot_yolo11m_4500_imgsz1600_b1_2024-01-18.pt.jpg,HS,Mothbot_yolo11m_4500_imgsz1600_b1_2024-01-18.pt,0.6833105683326721,,grisMejua,Cerro_Hoya_Expedition/Hoya_606m_grisMejua_2025-01-26/2025-01-26/patches/grisMejua_2025_01_26__19_32_05_HDR0_3_Mothbot_yolo11m_4500_imgsz1600_b1_2024-01-18.pt.jpg,ORDER_Lepidoptera,2025-01-26,19:32:05,,2025_01_26__19_32_05,MachineObservation,Cerro_Hoya_Expedition_Hoya_606m_grisMejua_2025-01-26_2025-01-26,Cerro_Hoya_Expedition_Hoya_606m_grisMejua_2025-01-26,grisMejua_2025_01_26__19_32_05_HDR0.jpg,grisMejua_2025_01_26__19_32_05_HDR0_3_Mothbot_yolo11m_4500_imgsz1600_b1_2024-01-18.pt.jpg
doi.org10.15468dl.6nxkw6.csv,Animalia,Arthropoda,Insecta,Hemiptera,,,,,809,,Hemiptera,Hemiptera,Cerro_Hoya_Expedition_Hoya_606m_grisMejua_2025-01-26,grisMejua_2025_01_26__19_32_05_HDR0_4_Mothbot_yolo11m_4500_imgsz1600_b1_2024-01-18.pt.jpg,HS,Mothbot_yolo11m_4500_imgsz1600_b1_2024-01-18.pt,0.6729372143745422,,grisMejua,Cerro_Hoya_Expedition/Hoya_606m_grisMejua_2025-01-26/2025-01-26/patches/grisMejua_2025_01_26__19_32_05_HDR0_4_Mothbot_yolo11m_4500_imgsz1600_b1_2024-01-18.pt.jpg,ORDER_Coleoptera,2025-01-26,19:32:05,,2025_01_26__19_32_05,MachineObservation,Cerro_Hoya_Expedition_Hoya_606m_grisMejua_2025-01-26_2025-01-26,Cerro_Hoya_Expedition_Hoya_606m_grisMejua_2025-01-26,grisMejua_2025_01_26__19_32_05_HDR0.jpg,grisMejua_2025_01_26__19_32_05_HDR0_4_Mothbot_yolo11m_4500_imgsz1600_b1_2024-01-18.pt.jpg
doi.org10.15468dl.6nxkw6.csv,Animalia,Arthropoda,Insecta,Lepidoptera,,,,,797,,Lepidoptera,Lepidoptera,Cerro_Hoya_Expedition_Hoya_606m_grisMejua_2025-01-26,grisMejua_2025_01_26__19_32_05_HDR0_5_Mothbot_yolo11m_4500_imgsz1600_b1_2024-01-18.pt.jpg,HS,Mothbot_yolo11m_4500_imgsz1600_b1_2024-01-18.pt,0.665846049785614,,grisMejua,Cerro_Hoya_Expedition/Hoya_606m_grisMejua_2025-01-26/2025-01-26/patches/grisMejua_2025_01_26__19_32_05_HDR0_5_Mothbot_yolo11m_4500_imgsz1600_b1_2024-01-18.pt.jpg,ORDER_Lepidoptera,2025-01-26,19:32:05,,2025_01_26__19_32_05,MachineObservation,Cerro_Hoya_Expedition_Hoya_606m_grisMejua_2025-01-26_2025-01-26,Cerro_Hoya_Expedition_Hoya_606m_grisMejua_2025-01-26,grisMejua_2025_01_26__19_32_05_HDR0.jpg,grisMejua_2025_01_26__19_32_05_HDR0_5_Mothbot_yolo11m_4500_imgsz1600_b1_2024-01-18.pt.jpg
doi.org10.15468dl.6nxkw6.csv,Animalia,Arthropoda,Insecta,Hemiptera,,,,,809,,Hemiptera,Hemiptera,Cerro_Hoya_Expedition_Hoya_606m_grisMejua_2025-01-26,grisMejua_2025_01_26__19_32_05_HDR0_6_Mothbot_yolo11m_4500_imgsz1600_b1_2024-01-18.pt.jpg,HS,Mothbot_yolo11m_4500_imgsz1600_b1_2024-01-18.pt,0.43518587946891785,,grisMejua,Cerro_Hoya_Expedition/Hoya_606m_grisMejua_2025-01-26/2025-01-26/patches/grisMejua_2025_01_26__19_32_05_HDR0_6_Mothbot_yolo11m_4500_imgsz1600_b1_2024-01-18.pt.jpg,ORDER_Coleoptera,2025-01-26,19:32:05,,2025_01_26__19_32_05,MachineObservation,Cerro_Hoya_Expedition_Hoya_606m_grisMejua_2025-01-26_2025-01-26,Cerro_Hoya_Expedition_Hoya_606m_grisMejua_2025-01-26,grisMejua_2025_01_26__19_32_05_HDR0.jpg,grisMejua_2025_01_26__19_32_05_HDR0_6_Mothbot_yolo11m_4500_imgsz1600_b1_2024-01-18.pt.jpg
doi.org10.15468dl.6nxkw6.csv,Animalia,Arthropoda,Insecta,Coleoptera,,,,Tenebrionoidea2,1470,,Coleoptera,Tenebrionoidea2,Cerro_Hoya_Expedition_Hoya_606m_grisMejua_2025-01-26,grisMejua_2025_01_26__19_32_05_HDR0_7_Mothbot_yolo11m_4500_imgsz1600_b1_2024-01-18.pt.jpg,HS,Mothbot_yolo11m_4500_imgsz1600_b1_2024-01-18.pt,0.3950473666191101,,grisMejua,Cerro_Hoya_Expedition/Hoya_606m_grisMejua_2025-01-26/2025-01-26/patches/grisMejua_2025_01_26__19_32_05_HDR0_7_Mothbot_yolo11m_4500_imgsz1600_b1_2024-01-18.pt.jpg,ORDER_Coleoptera,2025-01-26,19:32:05,,2025_01_26__19_32_05,MachineObservation,Cerro_Hoya_Expedition_Hoya_606m_grisMejua_2025-01-26_2025-01-26,Cerro_Hoya_Expedition_Hoya_606m_grisMejua_2025-01-26,grisMejua_2025_01_26__19_32_05_HDR0.jpg,grisMejua_2025_01_26__19_32_05_HDR0_7_Mothbot_yolo11m_4500_imgsz1600_b1_2024-01-18.pt.jpg
doi.org10.15468dl.6nxkw6.csv,Animalia,Arthropoda,Insecta,Coleoptera,Scarabaeidae,Cyclocephala,melanocephala,,4994793,,melanocephala,Cyclocephala melanocephala,Cerro_Hoya_Expedition_Hoya_606m_grisMejua_2025-01-26,grisMejua_2025_01_26__19_32_05_HDR0_8_Mothbot_yolo11m_4500_imgsz1600_b1_2024-01-18.pt.jpg,HS,Mothbot_yolo11m_4500_imgsz1600_b1_2024-01-18.pt,0.2645907402038574,,grisMejua,Cerro_Hoya_Expedition/Hoya_606m_grisMejua_2025-01-26/2025-01-26/patches/grisMejua_2025_01_26__19_32_05_HDR0_8_Mothbot_yolo11m_4500_imgsz1600_b1_2024-01-18.pt.jpg,ORDER_Coleoptera,2025-01-26,19:32:05,,2025_01_26__19_32_05,MachineObservation,Cerro_Hoya_Expedition_Hoya_606m_grisMejua_2025-01-26_2025-01-26,Cerro_Hoya_Expedition_Hoya_606m_grisMejua_2025-01-26,grisMejua_2025_01_26__19_32_05_HDR0.jpg,grisMejua_2025_01_26__19_32_05_HDR0_8_Mothbot_yolo11m_4500_imgsz1600_b1_2024-01-18.pt.jpg
doi.org10.15468dl.6nxkw6.csv,Animalia,Arthropoda,Insecta,Lepidoptera,,,,,797,,Lepidoptera,Lepidoptera,Cerro_Hoya_Expedition_Hoya_606m_grisMejua_2025-01-26,grisMejua_2025_01_26__19_33_06_HDR0_0_Mothbot_yolo11m_4500_imgsz1600_b1_2024-01-18.pt.jpg,HS,Mothbot_yolo11m_4500_imgsz1600_b1_2024-01-18.pt,0.8228158354759216,,grisMejua,Cerro_Hoya_Expedition/Hoya_606m_grisMejua_2025-01-26/2025-01-26/patches/grisMejua_2025_01_26__19_33_06_HDR0_0_Mothbot_yolo11m_4500_imgsz1600_b1_2024-01-18.pt.jpg,ORDER_Lepidoptera,2025-01-26,19:33:06,,2025_01_26__19_33_06,MachineObservation,Cerro_Hoya_Expedition_Hoya_606m_grisMejua_2025-01-26_2025-01-26,Cerro_Hoya_Expedition_Hoya_606m_grisMejua_2025-01-26,grisMejua_2025_01_26__19_33_06_HDR0.jpg,grisMejua_2025_01_26__19_33_06_HDR0_0_Mothbot_yolo11m_4500_imgsz1600_b1_2024-01-18.pt.jpg
doi.org10.15468dl.6nxkw6.csv,Animalia,Arthropoda,Insecta,Lepidoptera,,,,,797,,Lepidoptera,Lepidoptera,Cerro_Hoya_Expedition_Hoya_606m_grisMejua_2025-01-26,grisMejua_2025_01_26__19_33_06_HDR0_1_Mothbot_yolo11m_4500_imgsz1600_b1_2024-01-18.pt.jpg,HS,Mothbot_yolo11m_4500_imgsz1600_b1_2024-01-18.pt,0.7856125831604004,,grisMejua,Cerro_Hoya_Expedition/Hoya_606m_grisMejua_2025-01-26/2025-01-26/patches/grisMejua_2025_01_26__19_33_06_HDR0_1_Mothbot_yolo11m_4500_imgsz1600_b1_2024-01-18.pt.jpg,ORDER_Diptera,2025-01-26,19:33:06,,2025_01_26__19_33_06,MachineObservation,Cerro_Hoya_Expedition_Hoya_606m_grisMejua_2025-01-26_2025-01-26,Cerro_Hoya_Expedition_Hoya_606m_grisMejua_2025-01-26,grisMejua_2025_01_26__19_33_06_HDR0.jpg,grisMejua_2025_01_26__19_33_06_HDR0_1_Mothbot_yolo11m_4500_imgsz1600_b1_2024-01-18.pt.jpg
doi.org10.15468dl.6nxkw6.csv,Animalia,Arthropoda,Insecta,,,,,,216,,Insecta,Insecta,Cerro_Hoya_Expedition_Hoya_606m_grisMejua_2025-01-26,grisMejua_2025_01_26__19_33_06_HDR0_2_Mothbot_yolo11m_4500_imgsz1600_b1_2024-01-18.pt.jpg,HS,Mothbot_yolo11m_4500_imgsz1600_b1_2024-01-18.pt,0.7604405283927917,,grisMejua,Cerro_Hoya_Expedition/Hoya_606m_grisMejua_2025-01-26/2025-01-26/patches/grisMejua_2025_01_26__19_33_06_HDR0_2_Mothbot_yolo11m_4500_imgsz1600_b1_2024-01-18.pt.jpg,ORDER_Coleoptera,2025-01-26,19:33:06,,2025_01_26__19_33_06,MachineObservation,Cerro_Hoya_Expedition_Hoya_606m_grisMejua_2025-01-26_2025-01-26,Cerro_Hoya_Expedition_Hoya_606m_grisMejua_2025-01-26,grisMejua_2025_01_26__19_33_06_HDR0.jpg,grisMejua_2025_01_26__19_33_06_HDR0_2_Mothbot_yolo11m_4500_imgsz1600_b1_2024-01-18.pt.jpg
doi.org10.15468dl.6nxkw6.csv,Animalia,Arthropoda,Insecta,Hemiptera,,,,,809,,Hemiptera,Hemiptera,Cerro_Hoya_Expedition_Hoya_606m_grisMejua_2025-01-26,grisMejua_2025_01_26__19_33_06_HDR0_3_Mothbot_yolo11m_4500_imgsz1600_b1_2024-01-18.pt.jpg,HS,Mothbot_yolo11m_4500_imgsz1600_b1_2024-01-18.pt,0.6716222167015076,,grisMejua,Cerro_Hoya_Expedition/Hoya_606m_grisMejua_2025-01-26/2025-01-26/patches/grisMejua_2025_01_26__19_33_06_HDR0_3_Mothbot_yolo11m_4500_imgsz1600_b1_2024-01-18.pt.jpg,ORDER_Lepidoptera,2025-01-26,19:33:06,,2025_01_26__19_33_06,MachineObservation,Cerro_Hoya_Expedition_Hoya_606m_grisMejua_2025-01-26_2025-01-26,Cerro_Hoya_Expedition_Hoya_606m_grisMejua_2025-01-26,grisMejua_2025_01_26__19_33_06_HDR0.jpg,grisMejua_2025_01_26__19_33_06_HDR0_3_Mothbot_yolo11m_4500_imgsz1600_b1_2024-01-18.pt.jpg
doi.org10.15468dl.6nxkw6.csv,Animalia,Arthropoda,Insecta,Lepidoptera,,,,,797,,Lepidoptera,Lepidoptera,Cerro_Hoya_Expedition_Hoya_606m_grisMejua_2025-01-26,grisMejua_2025_01_26__19_33_06_HDR0_4_Mothbot_yolo11m_4500_imgsz1600_b1_2024-01-18.pt.jpg,HS,Mothbot_yolo11m_4500_imgsz1600_b1_2024-01-18.pt,0.6666605472564697,,grisMejua,Cerro_Hoya_Expedition/Hoya_606m_grisMejua_2025-01-26/2025-01-26/patches/grisMejua_2025_01_26__19_33_06_HDR0_4_Mothbot_yolo11m_4500_imgsz1600_b1_2024-01-18.pt.jpg,ORDER_Lepidoptera,2025-01-26,19:33:06,,2025_01_26__19_33_06,MachineObservation,Cerro_Hoya_Expedition_Hoya_606m_grisMejua_2025-01-26_2025-01-26,Cerro_Hoya_Expedition_Hoya_606m_grisMejua_2025-01-26,grisMejua_2025_01_26__19_33_06_HDR0.jpg,grisMejua_2025_01_26__19_33_06_HDR0_4_Mothbot_yolo11m_4500_imgsz1600_b1_2024-01-18.pt.jpg
doi.org10.15468dl.6nxkw6.csv,Animalia,Arthropoda,Insecta,Hemiptera,,,,,809,,Hemiptera,Hemiptera,Cerro_Hoya_Expedition_Hoya_606m_grisMejua_2025-01-26,grisMejua_2025_01_26__19_33_06_HDR0_5_Mothbot_yolo11m_4500_imgsz1600_b1_2024-01-18.pt.jpg,HS,Mothbot_yolo11m_4500_imgsz1600_b1_2024-01-18.pt,0.6433072686195374,,grisMejua,Cerro_Hoya_Expedition/Hoya_606m_grisMejua_2025-01-26/2025-01-26/patches/grisMejua_2025_01_26__19_33_06_HDR0_5_Mothbot_yolo11m_4500_imgsz1600_b1_2024-01-18.pt.jpg,ORDER_Hemiptera,2025-01-26,19:33:06,,2025_01_26__19_33_06,MachineObservation,Cerro_Hoya_Expedition_Hoya_606m_grisMejua_2025-01-26_2025-01-26,Cerro_Hoya_Expedition_Hoya_606m_grisMejua_2025-01-26,grisMejua_2025_01_26__19_33_06_HDR0.jpg,grisMejua_2025_01_26__19_33_06_HDR0_5_Mothbot_yolo11m_4500_imgsz1600_b1_2024-01-18.pt.jpg
doi.org10.15468dl.6nxkw6.csv,Animalia,Arthropoda,Insecta,Hemiptera,,,,,809,,Hemiptera,Hemiptera,Cerro_Hoya_Expedition_Hoya_606m_grisMejua_2025-01-26,grisMejua_2025_01_26__19_33_06_HDR0_6_Mothbot_yolo11m_4500_imgsz1600_b1_2024-01-18.pt.jpg,HS,Mothbot_yolo11m_4500_imgsz1600_b1_2024-01-18.pt,0.5156509876251221,,grisMejua,Cerro_Hoya_Expedition/Hoya_606m_grisMejua_2025-01-26/2025-01-26/patches/grisMejua_2025_01_26__19_33_06_HDR0_6_Mothbot_yolo11m_4500_imgsz1600_b1_2024-01-18.pt.jpg,ORDER_Hemiptera,2025-01-26,19:33:06,,2025_01_26__19_33_06,MachineObservation,Cerro_Hoya_Expedition_Hoya_606m_grisMejua_2025-01-26_2025-01-26,Cerro_Hoya_Expedition_Hoya_606m_grisMejua_2025-01-26,grisMejua_2025_01_26__19_33_06_HDR0.jpg,grisMejua_2025_01_26__19_33_06_HDR0_6_Mothbot_yolo11m_4500_imgsz1600_b1_2024-01-18.pt.jpg
doi.org10.15468dl.6nxkw6.csv,Animalia,Arthropoda,Insecta,Coleoptera,,,,Tenebrionoidea2,1470,,Coleoptera,Tenebrionoidea2,Cerro_Hoya_Expedition_Hoya_606m_grisMejua_2025-01-26,grisMejua_2025_01_26__19_33_06_HDR0_7_Mothbot_yolo11m_4500_imgsz1600_b1_2024-01-18.pt.jpg,HS,Mothbot_yolo11m_4500_imgsz1600_b1_2024-01-18.pt,0.42345330119132996,,grisMejua,Cerro_Hoya_Expedition/Hoya_606m_grisMejua_2025-01-26/2025-01-26/patches/grisMejua_2025_01_26__19_33_06_HDR0_7_Mothbot_yolo11m_4500_imgsz1600_b1_2024-01-18.pt.jpg,ORDER_Coleoptera,2025-01-26,19:33:06,,2025_01_26__19_33_06,MachineObservation,Cerro_Hoya_Expedition_Hoya_606m_grisMejua_2025-01-26_2025-01-26,Cerro_Hoya_Expedition_Hoya_606m_grisMejua_2025-01-26,grisMejua_2025_01_26__19_33_06_HDR0.jpg,grisMejua_2025_01_26__19_33_06_HDR0_7_Mothbot_yolo11m_4500_imgsz1600_b1_2024-01-18.pt.jpg
doi.org10.15468dl.6nxkw6.csv,Animalia,Arthropoda,Insecta,Coleoptera,Scarabaeidae,Cyclocephala,melanocephala,,4994793,,melanocephala,Cyclocephala melanocephala,Cerro_Hoya_Expedition_Hoya_606m_grisMejua_2025-01-26,grisMejua_2025_01_26__19_33_06_HDR0_8_Mothbot_yolo11m_4500_imgsz1600_b1_2024-01-18.pt.jpg,HS,Mothbot_yolo11m_4500_imgsz1600_b1_2024-01-18.pt,0.2505320906639099,,grisMejua,Cerro_Hoya_Expedition/Hoya_606m_grisMejua_2025-01-26/2025-01-26/patches/grisMejua_2025_01_26__19_33_06_HDR0_8_Mothbot_yolo11m_4500_imgsz1600_b1_2024-01-18.pt.jpg,ORDER_Coleoptera,2025-01-26,19:33:06,,2025_01_26__19_33_06,MachineObservation,Cerro_Hoya_Expedition_Hoya_606m_grisMejua_2025-01-26_2025-01-26,Cerro_Hoya_Expedition_Hoya_606m_grisMejua_2025-01-26,grisMejua_2025_01_26__19_33_06_HDR0.jpg,grisMejua_2025_01_26__19_33_06_HDR0_8_Mothbot_yolo11m_4500_imgsz1600_b1_2024-01-18.pt.jpg
doi.org10.15468dl.6nxkw6.csv,Animalia,Arthropoda,Insecta,Lepidoptera,,,,,797,,Lepidoptera,Lepidoptera,Cerro_Hoya_Expedition_Hoya_606m_grisMejua_2025-01-26,grisMejua_2025_01_26__19_34_06_HDR0_0_Mothbot_yolo11m_4500_imgsz1600_b1_2024-01-18.pt.jpg,HS,Mothbot_yolo11m_4500_imgsz1600_b1_2024-01-18.pt,0.8104421496391296,,grisMejua,Cerro_Hoya_Expedition/Hoya_606m_grisMejua_2025-01-26/2025-01-26/patches/grisMejua_2025_01_26__19_34_06_HDR0_0_Mothbot_yolo11m_4500_imgsz1600_b1_2024-01-18.pt.jpg,ORDER_Lepidoptera,2025-01-26,19:34:06,,2025_01_26__19_34_06,MachineObservation,Cerro_Hoya_Expedition_Hoya_606m_grisMejua_2025-01-26_2025-01-26,Cerro_Hoya_Expedition_Hoya_606m_grisMejua_2025-01-26,grisMejua_2025_01_26__19_34_06_HDR0.jpg,grisMejua_2025_01_26__19_34_06_HDR0_0_Mothbot_yolo11m_4500_imgsz1600_b1_2024-01-18.pt.jpg
doi.org10.15468dl.6nxkw6.csv,Animalia,Arthropoda,Insecta,Lepidoptera,,,,,797,,Lepidoptera,Lepidoptera,Cerro_Hoya_Expedition_Hoya_606m_grisMejua_2025-01-26,grisMejua_2025_01_26__19_34_06_HDR0_1_Mothbot_yolo11m_4500_imgsz1600_b1_2024-01-18.pt.jpg,HS,Mothbot_yolo11m_4500_imgsz1600_b1_2024-01-18.pt,0.7500896453857422,,grisMejua,Cerro_Hoya_Expedition/Hoya_606m_grisMejua_2025-01-26/2025-01-26/patches/grisMejua_2025_01_26__19_34_06_HDR0_1_Mothbot_yolo11m_4500_imgsz1600_b1_2024-01-18.pt.jpg,ORDER_Lepidoptera,2025-01-26,19:34:06,,2025_01_26__19_34_06,MachineObservation,Cerro_Hoya_Expedition_Hoya_606m_grisMejua_2025-01-26_2025-01-26,Cerro_Hoya_Expedition_Hoya_606m_grisMejua_2025-01-26,grisMejua_2025_01_26__19_34_06_HDR0.jpg,grisMejua_2025_01_26__19_34_06_HDR0_1_Mothbot_yolo11m_4500_imgsz1600_b1_2024-01-18.pt.jpg
doi.org10.15468dl.6nxkw6.csv,Animalia,Arthropoda,Insecta,Lepidoptera,,,,,797,,Lepidoptera,Lepidoptera,Cerro_Hoya_Expedition_Hoya_606m_grisMejua_2025-01-26,grisMejua_2025_01_26__19_34_06_HDR0_2_Mothbot_yolo11m_4500_imgsz1600_b1_2024-01-18.pt.jpg,HS,Mothbot_yolo11m_4500_imgsz1600_b1_2024-01-18.pt,0.7311080694198608,,grisMejua,Cerro_Hoya_Expedition/Hoya_606m_grisMejua_2025-01-26/2025-01-26/patches/grisMejua_2025_01_26__19_34_06_HDR0_2_Mothbot_yolo11m_4500_imgsz1600_b1_2024-01-18.pt.jpg,ORDER_Lepidoptera,2025-01-26,19:34:06,,2025_01_26__19_34_06,MachineObservation,Cerro_Hoya_Expedition_Hoya_606m_grisMejua_2025-01-26_2025-01-26,Cerro_Hoya_Expedition_Hoya_606m_grisMejua_2025-01-26,grisMejua_2025_01_26__19_34_06_HDR0.jpg,grisMejua_2025_01_26__19_34_06_HDR0_2_Mothbot_yolo11m_4500_imgsz1600_b1_2024-01-18.pt.jpg
doi.org10.15468dl.6nxkw6.csv,Animalia,Arthropoda,Insecta,Lepidoptera,,,,,797,,Lepidoptera,Lepidoptera,Cerro_Hoya_Expedition_Hoya_606m_grisMejua_2025-01-26,grisMejua_2025_01_26__19_34_06_HDR0_3_Mothbot_yolo11m_4500_imgsz1600_b1_2024-01-18.pt.jpg,HS,Mothbot_yolo11m_4500_imgsz1600_b1_2024-01-18.pt,0.6535744071006775,,grisMejua,Cerro_Hoya_Expedition/Hoya_606m_grisMejua_2025-01-26/2025-01-26/patches/grisMejua_2025_01_26__19_34_06_HDR0_3_Mothbot_yolo11m_4500_imgsz1600_b1_2024-01-18.pt.jpg,ORDER_Diptera,2025-01-26,19:34:06,,2025_01_26__19_34_06,MachineObservation,Cerro_Hoya_Expedition_Hoya_606m_grisMejua_2025-01-26_2025-01-26,Cerro_Hoya_Expedition_Hoya_606m_grisMejua_2025-01-26,grisMejua_2025_01_26__19_34_06_HDR0.jpg,grisMejua_2025_01_26__19_34_06_HDR0_3_Mothbot_yolo11m_4500_imgsz1600_b1_2024-01-18.pt.jpg
doi.org10.15468dl.6nxkw6.csv,Animalia,Arthropoda,Insecta,Hemiptera,,,,,809,,Hemiptera,Hemiptera,Cerro_Hoya_Expedition_Hoya_606m_grisMejua_2025-01-26,grisMejua_2025_01_26__19_34_06_HDR0_4_Mothbot_yolo11m_4500_imgsz1600_b1_2024-01-18.pt.jpg,HS,Mothbot_yolo11m_4500_imgsz1600_b1_2024-01-18.pt,0.6332350373268127,,grisMejua,Cerro_Hoya_Expedition/Hoya_606m_grisMejua_2025-01-26/2025-01-26/patches/grisMejua_2025_01_26__19_34_06_HDR0_4_Mothbot_yolo11m_4500_imgsz1600_b1_2024-01-18.pt.jpg,ORDER_Diptera,2025-01-26,19:34:06,,2025_01_26__19_34_06,MachineObservation,Cerro_Hoya_Expedition_Hoya_606m_grisMejua_2025-01-26_2025-01-26,Cerro_Hoya_Expedition_Hoya_606m_grisMejua_2025-01-26,grisMejua_2025_01_26__19_34_06_HDR0.jpg,grisMejua_2025_01_26__19_34_06_HDR0_4_Mothbot_yolo11m_4500_imgsz1600_b1_2024-01-18.pt.jpg
doi.org10.15468dl.6nxkw6.csv,Animalia,Arthropoda,Insecta,Hemiptera,,,,,809,,Hemiptera,Hemiptera,Cerro_Hoya_Expedition_Hoya_606m_grisMejua_2025-01-26,grisMejua_2025_01_26__19_34_06_HDR0_5_Mothbot_yolo11m_4500_imgsz1600_b1_2024-01-18.pt.jpg,HS,Mothbot_yolo11m_4500_imgsz1600_b1_2024-01-18.pt,0.6187769174575806,,grisMejua,Cerro_Hoya_Expedition/Hoya_606m_grisMejua_2025-01-26/2025-01-26/patches/grisMejua_2025_01_26__19_34_06_HDR0_5_Mothbot_yolo11m_4500_imgsz1600_b1_2024-01-18.pt.jpg,ORDER_Hemiptera,2025-01-26,19:34:06,,2025_01_26__19_34_06,MachineObservation,Cerro_Hoya_Expedition_Hoya_606m_grisMejua_2025-01-26_2025-01-26,Cerro_Hoya_Expedition_Hoya_606m_grisMejua_2025-01-26,grisMejua_2025_01_26__19_34_06_HDR0.jpg,grisMejua_2025_01_26__19_34_06_HDR0_5_Mothbot_yolo11m_4500_imgsz1600_b1_2024-01-18.pt.jpg
doi.org10.15468dl.6nxkw6.csv,Animalia,Arthropoda,Insecta,Hemiptera,,,,,809,,Hemiptera,Hemiptera,Cerro_Hoya_Expedition_Hoya_606m_grisMejua_2025-01-26,grisMejua_2025_01_26__19_34_06_HDR0_6_Mothbot_yolo11m_4500_imgsz1600_b1_2024-01-18.pt.jpg,HS,Mothbot_yolo11m_4500_imgsz1600_b1_2024-01-18.pt,0.6109896898269653,,grisMejua,Cerro_Hoya_Expedition/Hoya_606m_grisMejua_2025-01-26/2025-01-26/patches/grisMejua_2025_01_26__19_34_06_HDR0_6_Mothbot_yolo11m_4500_imgsz1600_b1_2024-01-18.pt.jpg,ORDER_Psocodea,2025-01-26,19:34:06,,2025_01_26__19_34_06,MachineObservation,Cerro_Hoya_Expedition_Hoya_606m_grisMejua_2025-01-26_2025-01-26,Cerro_Hoya_Expedition_Hoya_606m_grisMejua_2025-01-26,grisMejua_2025_01_26__19_34_06_HDR0.jpg,grisMejua_2025_01_26__19_34_06_HDR0_6_Mothbot_yolo11m_4500_imgsz1600_b1_2024-01-18.pt.jpg
doi.org10.15468dl.6nxkw6.csv,Animalia,Arthropoda,Insecta,Coleoptera,,,,Tenebrionoidea2,1470,,Coleoptera,Tenebrionoidea2,Cerro_Hoya_Expedition_Hoya_606m_grisMejua_2025-01-26,grisMejua_2025_01_26__19_34_06_HDR0_7_Mothbot_yolo11m_4500_imgsz1600_b1_2024-01-18.pt.jpg,HS,Mothbot_yolo11m_4500_imgsz1600_b1_2024-01-18.pt,0.31416642665863037,,grisMejua,Cerro_Hoya_Expedition/Hoya_606m_grisMejua_2025-01-26/2025-01-26/patches/grisMejua_2025_01_26__19_34_06_HDR0_7_Mothbot_yolo11m_4500_imgsz1600_b1_2024-01-18.pt.jpg,ORDER_Coleoptera,2025-01-26,19:34:06,,2025_01_26__19_34_06,MachineObservation,Cerro_Hoya_Expedition_Hoya_606m_grisMejua_2025-01-26_2025-01-26,Cerro_Hoya_Expedition_Hoya_606m_grisMejua_2025-01-26,grisMejua_2025_01_26__19_34_06_HDR0.jpg,grisMejua_2025_01_26__19_34_06_HDR0_7_Mothbot_yolo11m_4500_imgsz1600_b1_2024-01-18.pt.jpg
doi.org10.15468dl.6nxkw6.csv,Animalia,Arthropoda,Insecta,Coleoptera,Scarabaeidae,Cyclocephala,melanocephala,,4994793,,melanocephala,Cyclocephala melanocephala,Cerro_Hoya_Expedition_Hoya_606m_grisMejua_2025-01-26,grisMejua_2025_01_26__19_34_06_HDR0_8_Mothbot_yolo11m_4500_imgsz1600_b1_2024-01-18.pt.jpg,HS,Mothbot_yolo11m_4500_imgsz1600_b1_2024-01-18.pt,0.27209773659706116,,grisMejua,Cerro_Hoya_Expedition/Hoya_606m_grisMejua_2025-01-26/2025-01-26/patches/grisMejua_2025_01_26__19_34_06_HDR0_8_Mothbot_yolo11m_4500_imgsz1600_b1_2024-01-18.pt.jpg,ORDER_Coleoptera,2025-01-26,19:34:06,,2025_01_26__19_34_06,MachineObservation,Cerro_Hoya_Expedition_Hoya_606m_grisMejua_2025-01-26_2025-01-26,Cerro_Hoya_Expedition_Hoya_606m_grisMejua_2025-01-26,grisMejua_2025_01_26__19_34_06_HDR0.jpg,grisMejua_2025_01_26__19_34_06_HDR0_8_Mothbot_yolo11m_4500_imgsz1600_b1_2024-01-18.pt.jpg
doi.org10.15468dl.6nxkw6.csv,Animalia,Arthropoda,Insecta,Lepidoptera,,,,,797,,Lepidoptera,Lepidoptera,Cerro_Hoya_Expedition_Hoya_606m_grisMejua_2025-01-26,grisMejua_2025_01_26__19_35_06_HDR0_0_Mothbot_yolo11m_4500_imgsz1600_b1_2024-01-18.pt.jpg,HS,Mothbot_yolo11m_4500_imgsz1600_b1_2024-01-18.pt,0.8233081698417664,,grisMejua,Cerro_Hoya_Expedition/Hoya_606m_grisMejua_2025-01-26/2025-01-26/patches/grisMejua_2025_01_26__19_35_06_HDR0_0_Mothbot_yolo11m_4500_imgsz1600_b1_2024-01-18.pt.jpg,ORDER_Lepidoptera,2025-01-26,19:35:06,,2025_01_26__19_35_06,MachineObservation,Cerro_Hoya_Expedition_Hoya_606m_grisMejua_2025-01-26_2025-01-26,Cerro_Hoya_Expedition_Hoya_606m_grisMejua_2025-01-26,grisMejua_2025_01_26__19_35_06_HDR0.jpg,grisMejua_2025_01_26__19_35_06_HDR0_0_Mothbot_yolo11m_4500_imgsz1600_b1_2024-01-18.pt.jpg
doi.org10.15468dl.6nxkw6.csv,Animalia,Arthropoda,Insecta,Lepidoptera,,,,,797,,Lepidoptera,Lepidoptera,Cerro_Hoya_Expedition_Hoya_606m_grisMejua_2025-01-26,grisMejua_2025_01_26__19_35_06_HDR0_1_Mothbot_yolo11m_4500_imgsz1600_b1_2024-01-18.pt.jpg,HS,Mothbot_yolo11m_4500_imgsz1600_b1_2024-01-18.pt,0.7401978373527527,,grisMejua,Cerro_Hoya_Expedition/Hoya_606m_grisMejua_2025-01-26/2025-01-26/patches/grisMejua_2025_01_26__19_35_06_HDR0_1_Mothbot_yolo11m_4500_imgsz1600_b1_2024-01-18.pt.jpg,ORDER_Lepidoptera,2025-01-26,19:35:06,,2025_01_26__19_35_06,MachineObservation,Cerro_Hoya_Expedition_Hoya_606m_grisMejua_2025-01-26_2025-01-26,Cerro_Hoya_Expedition_Hoya_606m_grisMejua_2025-01-26,grisMejua_2025_01_26__19_35_06_HDR0.jpg,grisMejua_2025_01_26__19_35_06_HDR0_1_Mothbot_yolo11m_4500_imgsz1600_b1_2024-01-18.pt.jpg
doi.org10.15468dl.6nxkw6.csv,Animalia,Arthropoda,Insecta,Lepidoptera,,,,,797,,Lepidoptera,Lepidoptera,Cerro_Hoya_Expedition_Hoya_606m_grisMejua_2025-01-26,grisMejua_2025_01_26__19_35_06_HDR0_2_Mothbot_yolo11m_4500_imgsz1600_b1_2024-01-18.pt.jpg,HS,Mothbot_yolo11m_4500_imgsz1600_b1_2024-01-18.pt,0.6841505169868469,,grisMejua,Cerro_Hoya_Expedition/Hoya_606m_grisMejua_2025-01-26/2025-01-26/patches/grisMejua_2025_01_26__19_35_06_HDR0_2_Mothbot_yolo11m_4500_imgsz1600_b1_2024-01-18.pt.jpg,ORDER_Lepidoptera,2025-01-26,19:35:06,,2025_01_26__19_35_06,MachineObservation,Cerro_Hoya_Expedition_Hoya_606m_grisMejua_2025-01-26_2025-01-26,Cerro_Hoya_Expedition_Hoya_606m_grisMejua_2025-01-26,grisMejua_2025_01_26__19_35_06_HDR0.jpg,grisMejua_2025_01_26__19_35_06_HDR0_2_Mothbot_yolo11m_4500_imgsz1600_b1_2024-01-18.pt.jpg
doi.org10.15468dl.6nxkw6.csv,Animalia,Arthropoda,Insecta,Lepidoptera,,,,,797,,Lepidoptera,Lepidoptera,Cerro_Hoya_Expedition_Hoya_606m_grisMejua_2025-01-26,grisMejua_2025_01_26__19_35_06_HDR0_3_Mothbot_yolo11m_4500_imgsz1600_b1_2024-01-18.pt.jpg,HS,Mothbot_yolo11m_4500_imgsz1600_b1_2024-01-18.pt,0.6748740077018738,,grisMejua,Cerro_Hoya_Expedition/Hoya_606m_grisMejua_2025-01-26/2025-01-26/patches/grisMejua_2025_01_26__19_35_06_HDR0_3_Mothbot_yolo11m_4500_imgsz1600_b1_2024-01-18.pt.jpg,ORDER_Lepidoptera,2025-01-26,19:35:06,,2025_01_26__19_35_06,MachineObservation,Cerro_Hoya_Expedition_Hoya_606m_grisMejua_2025-01-26_2025-01-26,Cerro_Hoya_Expedition_Hoya_606m_grisMejua_2025-01-26,grisMejua_2025_01_26__19_35_06_HDR0.jpg,grisMejua_2025_01_26__19_35_06_HDR0_3_Mothbot_yolo11m_4500_imgsz1600_b1_2024-01-18.pt.jpg
doi.org10.15468dl.6nxkw6.csv,Animalia,Arthropoda,Insecta,Hemiptera,,,,,809,,Hemiptera,Hemiptera,Cerro_Hoya_Expedition_Hoya_606m_grisMejua_2025-01-26,grisMejua_2025_01_26__19_35_06_HDR0_4_Mothbot_yolo11m_4500_imgsz1600_b1_2024-01-18.pt.jpg,HS,Mothbot_yolo11m_4500_imgsz1600_b1_2024-01-18.pt,0.660655677318573,,grisMejua,Cerro_Hoya_Expedition/Hoya_606m_grisMejua_2025-01-26/2025-01-26/patches/grisMejua_2025_01_26__19_35_06_HDR0_4_Mothbot_yolo11m_4500_imgsz1600_b1_2024-01-18.pt.jpg,ORDER_Hemiptera,2025-01-26,19:35:06,,2025_01_26__19_35_06,MachineObservation,Cerro_Hoya_Expedition_Hoya_606m_grisMejua_2025-01-26_2025-01-26,Cerro_Hoya_Expedition_Hoya_606m_grisMejua_2025-01-26,grisMejua_2025_01_26__19_35_06_HDR0.jpg,grisMejua_2025_01_26__19_35_06_HDR0_4_Mothbot_yolo11m_4500_imgsz1600_b1_2024-01-18.pt.jpg
doi.org10.15468dl.6nxkw6.csv,Animalia,Arthropoda,Insecta,Hemiptera,,,,,809,,Hemiptera,Hemiptera,Cerro_Hoya_Expedition_Hoya_606m_grisMejua_2025-01-26,grisMejua_2025_01_26__19_35_06_HDR0_5_Mothbot_yolo11m_4500_imgsz1600_b1_2024-01-18.pt.jpg,HS,Mothbot_yolo11m_4500_imgsz1600_b1_2024-01-18.pt,0.6137577891349792,,grisMejua,Cerro_Hoya_Expedition/Hoya_606m_grisMejua_2025-01-26/2025-01-26/patches/grisMejua_2025_01_26__19_35_06_HDR0_5_Mothbot_yolo11m_4500_imgsz1600_b1_2024-01-18.pt.jpg,ORDER_Hemiptera,2025-01-26,19:35:06,,2025_01_26__19_35_06,MachineObservation,Cerro_Hoya_Expedition_Hoya_606m_grisMejua_2025-01-26_2025-01-26,Cerro_Hoya_Expedition_Hoya_606m_grisMejua_2025-01-26,grisMejua_2025_01_26__19_35_06_HDR0.jpg,grisMejua_2025_01_26__19_35_06_HDR0_5_Mothbot_yolo11m_4500_imgsz1600_b1_2024-01-18.pt.jpg
doi.org10.15468dl.6nxkw6.csv,Animalia,Arthropoda,Insecta,Hemiptera,,,,,809,,Hemiptera,Hemiptera,Cerro_Hoya_Expedition_Hoya_606m_grisMejua_2025-01-26,grisMejua_2025_01_26__19_35_06_HDR0_6_Mothbot_yolo11m_4500_imgsz1600_b1_2024-01-18.pt.jpg,HS,Mothbot_yolo11m_4500_imgsz1600_b1_2024-01-18.pt,0.5961520671844482,,grisMejua,Cerro_Hoya_Expedition/Hoya_606m_grisMejua_2025-01-26/2025-01-26/patches/grisMejua_2025_01_26__19_35_06_HDR0_6_Mothbot_yolo11m_4500_imgsz1600_b1_2024-01-18.pt.jpg,ORDER_Coleoptera,2025-01-26,19:35:06,,2025_01_26__19_35_06,MachineObservation,Cerro_Hoya_Expedition_Hoya_606m_grisMejua_2025-01-26_2025-01-26,Cerro_Hoya_Expedition_Hoya_606m_grisMejua_2025-01-26,grisMejua_2025_01_26__19_35_06_HDR0.jpg,grisMejua_2025_01_26__19_35_06_HDR0_6_Mothbot_yolo11m_4500_imgsz1600_b1_2024-01-18.pt.jpg
doi.org10.15468dl.6nxkw6.csv,Animalia,Arthropoda,Insecta,Lepidoptera,,,,,797,,Lepidoptera,Lepidoptera,Cerro_Hoya_Expedition_Hoya_606m_grisMejua_2025-01-26,grisMejua_2025_01_26__19_35_06_HDR0_7_Mothbot_yolo11m_4500_imgsz1600_b1_2024-01-18.pt.jpg,HS,Mothbot_yolo11m_4500_imgsz1600_b1_2024-01-18.pt,0.548168957233429,,grisMejua,Cerro_Hoya_Expedition/Hoya_606m_grisMejua_2025-01-26/2025-01-26/patches/grisMejua_2025_01_26__19_35_06_HDR0_7_Mothbot_yolo11m_4500_imgsz1600_b1_2024-01-18.pt.jpg,ORDER_Lepidoptera,2025-01-26,19:35:06,,2025_01_26__19_35_06,MachineObservation,Cerro_Hoya_Expedition_Hoya_606m_grisMejua_2025-01-26_2025-01-26,Cerro_Hoya_Expedition_Hoya_606m_grisMejua_2025-01-26,grisMejua_2025_01_26__19_35_06_HDR0.jpg,grisMejua_2025_01_26__19_35_06_HDR0_7_Mothbot_yolo11m_4500_imgsz1600_b1_2024-01-18.pt.jpg
doi.org10.15468dl.6nxkw6.csv,Animalia,Arthropoda,Insecta,Coleoptera,,,,Tenebrionoidea2,1470,,Coleoptera,Tenebrionoidea2,Cerro_Hoya_Expedition_Hoya_606m_grisMejua_2025-01-26,grisMejua_2025_01_26__19_35_06_HDR0_8_Mothbot_yolo11m_4500_imgsz1600_b1_2024-01-18.pt.jpg,HS,Mothbot_yolo11m_4500_imgsz1600_b1_2024-01-18.pt,0.4273953437805176,,grisMejua,Cerro_Hoya_Expedition/Hoya_606m_grisMejua_2025-01-26/2025-01-26/patches/grisMejua_2025_01_26__19_35_06_HDR0_8_Mothbot_yolo11m_4500_imgsz1600_b1_2024-01-18.pt.jpg,ORDER_Diptera,2025-01-26,19:35:06,,2025_01_26__19_35_06,MachineObservation,Cerro_Hoya_Expedition_Hoya_606m_grisMejua_2025-01-26_2025-01-26,Cerro_Hoya_Expedition_Hoya_606m_grisMejua_2025-01-26,grisMejua_2025_01_26__19_35_06_HDR0.jpg,grisMejua_2025_01_26__19_35_06_HDR0_8_Mothbot_yolo11m_4500_imgsz1600_b1_2024-01-18.pt.jpg
doi.org10.15468dl.6nxkw6.csv,Animalia,Arthropoda,Insecta,Lepidoptera,,,,,797,,Lepidoptera,Lepidoptera,Cerro_Hoya_Expedition_Hoya_606m_grisMejua_2025-01-26,grisMejua_2025_01_26__19_36_22_HDR0_0_Mothbot_yolo11m_4500_imgsz1600_b1_2024-01-18.pt.jpg,HS,Mothbot_yolo11m_4500_imgsz1600_b1_2024-01-18.pt,0.8037163019180298,,grisMejua,Cerro_Hoya_Expedition/Hoya_606m_grisMejua_2025-01-26/2025-01-26/patches/grisMejua_2025_01_26__19_36_22_HDR0_0_Mothbot_yolo11m_4500_imgsz1600_b1_2024-01-18.pt.jpg,ORDER_Lepidoptera,2025-01-26,19:36:22,,2025_01_26__19_36_22,MachineObservation,Cerro_Hoya_Expedition_Hoya_606m_grisMejua_2025-01-26_2025-01-26,Cerro_Hoya_Expedition_Hoya_606m_grisMejua_2025-01-26,grisMejua_2025_01_26__19_36_22_HDR0.jpg,grisMejua_2025_01_26__19_36_22_HDR0_0_Mothbot_yolo11m_4500_imgsz1600_b1_2024-01-18.pt.jpg
doi.org10.15468dl.6nxkw6.csv,Animalia,Arthropoda,Insecta,Hemiptera,,,,,809,,Hemiptera,Hemiptera,Cerro_Hoya_Expedition_Hoya_606m_grisMejua_2025-01-26,grisMejua_2025_01_26__19_36_22_HDR0_1_Mothbot_yolo11m_4500_imgsz1600_b1_2024-01-18.pt.jpg,HS,Mothbot_yolo11m_4500_imgsz1600_b1_2024-01-18.pt,0.6813457012176514,,grisMejua,Cerro_Hoya_Expedition/Hoya_606m_grisMejua_2025-01-26/2025-01-26/patches/grisMejua_2025_01_26__19_36_22_HDR0_1_Mothbot_yolo11m_4500_imgsz1600_b1_2024-01-18.pt.jpg,ORDER_Hemiptera,2025-01-26,19:36:22,,2025_01_26__19_36_22,MachineObservation,Cerro_Hoya_Expedition_Hoya_606m_grisMejua_2025-01-26_2025-01-26,Cerro_Hoya_Expedition_Hoya_606m_grisMejua_2025-01-26,grisMejua_2025_01_26__19_36_22_HDR0.jpg,grisMejua_2025_01_26__19_36_22_HDR0_1_Mothbot_yolo11m_4500_imgsz1600_b1_2024-01-18.pt.jpg
doi.org10.15468dl.6nxkw6.csv,Animalia,Arthropoda,Insecta,Lepidoptera,,,,,797,,Lepidoptera,Lepidoptera,Cerro_Hoya_Expedition_Hoya_606m_grisMejua_2025-01-26,grisMejua_2025_01_26__19_36_22_HDR0_2_Mothbot_yolo11m_4500_imgsz1600_b1_2024-01-18.pt.jpg,HS,Mothbot_yolo11m_4500_imgsz1600_b1_2024-01-18.pt,0.6779522895812988,,grisMejua,Cerro_Hoya_Expedition/Hoya_606m_grisMejua_2025-01-26/2025-01-26/patches/grisMejua_2025_01_26__19_36_22_HDR0_2_Mothbot_yolo11m_4500_imgsz1600_b1_2024-01-18.pt.jpg,ORDER_Hymenoptera,2025-01-26,19:36:22,,2025_01_26__19_36_22,MachineObservation,Cerro_Hoya_Expedition_Hoya_606m_grisMejua_2025-01-26_2025-01-26,Cerro_Hoya_Expedition_Hoya_606m_grisMejua_2025-01-26,grisMejua_2025_01_26__19_36_22_HDR0.jpg,grisMejua_2025_01_26__19_36_22_HDR0_2_Mothbot_yolo11m_4500_imgsz1600_b1_2024-01-18.pt.jpg
doi.org10.15468dl.6nxkw6.csv,Animalia,Arthropoda,Insecta,Lepidoptera,,,,,797,,Lepidoptera,Lepidoptera,Cerro_Hoya_Expedition_Hoya_606m_grisMejua_2025-01-26,grisMejua_2025_01_26__19_36_22_HDR0_3_Mothbot_yolo11m_4500_imgsz1600_b1_2024-01-18.pt.jpg,HS,Mothbot_yolo11m_4500_imgsz1600_b1_2024-01-18.pt,0.6553778052330017,,grisMejua,Cerro_Hoya_Expedition/Hoya_606m_grisMejua_2025-01-26/2025-01-26/patches/grisMejua_2025_01_26__19_36_22_HDR0_3_Mothbot_yolo11m_4500_imgsz1600_b1_2024-01-18.pt.jpg,ORDER_Lepidoptera,2025-01-26,19:36:22,,2025_01_26__19_36_22,MachineObservation,Cerro_Hoya_Expedition_Hoya_606m_grisMejua_2025-01-26_2025-01-26,Cerro_Hoya_Expedition_Hoya_606m_grisMejua_2025-01-26,grisMejua_2025_01_26__19_36_22_HDR0.jpg,grisMejua_2025_01_26__19_36_22_HDR0_3_Mothbot_yolo11m_4500_imgsz1600_b1_2024-01-18.pt.jpg
doi.org10.15468dl.6nxkw6.csv,Animalia,Arthropoda,Insecta,Hemiptera,,,,,809,,Hemiptera,Hemiptera,Cerro_Hoya_Expedition_Hoya_606m_grisMejua_2025-01-26,grisMejua_2025_01_26__19_36_22_HDR0_4_Mothbot_yolo11m_4500_imgsz1600_b1_2024-01-18.pt.jpg,HS,Mothbot_yolo11m_4500_imgsz1600_b1_2024-01-18.pt,0.6263148188591003,,grisMejua,Cerro_Hoya_Expedition/Hoya_606m_grisMejua_2025-01-26/2025-01-26/patches/grisMejua_2025_01_26__19_36_22_HDR0_4_Mothbot_yolo11m_4500_imgsz1600_b1_2024-01-18.pt.jpg,ORDER_Hemiptera,2025-01-26,19:36:22,,2025_01_26__19_36_22,MachineObservation,Cerro_Hoya_Expedition_Hoya_606m_grisMejua_2025-01-26_2025-01-26,Cerro_Hoya_Expedition_Hoya_606m_grisMejua_2025-01-26,grisMejua_2025_01_26__19_36_22_HDR0.jpg,grisMejua_2025_01_26__19_36_22_HDR0_4_Mothbot_yolo11m_4500_imgsz1600_b1_2024-01-18.pt.jpg
doi.org10.15468dl.6nxkw6.csv,Animalia,Arthropoda,Insecta,Hemiptera,,,,,809,,Hemiptera,Hemiptera,Cerro_Hoya_Expedition_Hoya_606m_grisMejua_2025-01-26,grisMejua_2025_01_26__19_36_22_HDR0_5_Mothbot_yolo11m_4500_imgsz1600_b1_2024-01-18.pt.jpg,HS,Mothbot_yolo11m_4500_imgsz1600_b1_2024-01-18.pt,0.5646445751190186,,grisMejua,Cerro_Hoya_Expedition/Hoya_606m_grisMejua_2025-01-26/2025-01-26/patches/grisMejua_2025_01_26__19_36_22_HDR0_5_Mothbot_yolo11m_4500_imgsz1600_b1_2024-01-18.pt.jpg,ORDER_Hymenoptera,2025-01-26,19:36:22,,2025_01_26__19_36_22,MachineObservation,Cerro_Hoya_Expedition_Hoya_606m_grisMejua_2025-01-26_2025-01-26,Cerro_Hoya_Expedition_Hoya_606m_grisMejua_2025-01-26,grisMejua_2025_01_26__19_36_22_HDR0.jpg,grisMejua_2025_01_26__19_36_22_HDR0_5_Mothbot_yolo11m_4500_imgsz1600_b1_2024-01-18.pt.jpg
doi.org10.15468dl.6nxkw6.csv,Animalia,Arthropoda,Insecta,Lepidoptera,,,,,797,,Lepidoptera,Lepidoptera,Cerro_Hoya_Expedition_Hoya_606m_grisMejua_2025-01-26,grisMejua_2025_01_26__19_36_22_HDR0_6_Mothbot_yolo11m_4500_imgsz1600_b1_2024-01-18.pt.jpg,HS,Mothbot_yolo11m_4500_imgsz1600_b1_2024-01-18.pt,0.4347130060195923,,grisMejua,Cerro_Hoya_Expedition/Hoya_606m_grisMejua_2025-01-26/2025-01-26/patches/grisMejua_2025_01_26__19_36_22_HDR0_6_Mothbot_yolo11m_4500_imgsz1600_b1_2024-01-18.pt.jpg,ORDER_Lepidoptera,2025-01-26,19:36:22,,2025_01_26__19_36_22,MachineObservation,Cerro_Hoya_Expedition_Hoya_606m_grisMejua_2025-01-26_2025-01-26,Cerro_Hoya_Expedition_Hoya_606m_grisMejua_2025-01-26,grisMejua_2025_01_26__19_36_22_HDR0.jpg,grisMejua_2025_01_26__19_36_22_HDR0_6_Mothbot_yolo11m_4500_imgsz1600_b1_2024-01-18.pt.jpg
doi.org10.15468dl.6nxkw6.csv,Animalia,Arthropoda,Insecta,Coleoptera,,,,Tenebrionoidea2,1470,,Coleoptera,Tenebrionoidea2,Cerro_Hoya_Expedition_Hoya_606m_grisMejua_2025-01-26,grisMejua_2025_01_26__19_36_22_HDR0_7_Mothbot_yolo11m_4500_imgsz1600_b1_2024-01-18.pt.jpg,HS,Mothbot_yolo11m_4500_imgsz1600_b1_2024-01-18.pt,0.3797978162765503,,grisMejua,Cerro_Hoya_Expedition/Hoya_606m_grisMejua_2025-01-26/2025-01-26/patches/grisMejua_2025_01_26__19_36_22_HDR0_7_Mothbot_yolo11m_4500_imgsz1600_b1_2024-01-18.pt.jpg,ORDER_Coleoptera,2025-01-26,19:36:22,,2025_01_26__19_36_22,MachineObservation,Cerro_Hoya_Expedition_Hoya_606m_grisMejua_2025-01-26_2025-01-26,Cerro_Hoya_Expedition_Hoya_606m_grisMejua_2025-01-26,grisMejua_2025_01_26__19_36_22_HDR0.jpg,grisMejua_2025_01_26__19_36_22_HDR0_7_Mothbot_yolo11m_4500_imgsz1600_b1_2024-01-18.pt.jpg
doi.org10.15468dl.6nxkw6.csv,Animalia,Arthropoda,Insecta,Coleoptera,Scarabaeidae,Cyclocephala,melanocephala,,4994793,,melanocephala,Cyclocephala melanocephala,Cerro_Hoya_Expedition_Hoya_606m_grisMejua_2025-01-26,grisMejua_2025_01_26__19_36_22_HDR0_8_Mothbot_yolo11m_4500_imgsz1600_b1_2024-01-18.pt.jpg,HS,Mothbot_yolo11m_4500_imgsz1600_b1_2024-01-18.pt,0.31382429599761963,,grisMejua,Cerro_Hoya_Expedition/Hoya_606m_grisMejua_2025-01-26/2025-01-26/patches/grisMejua_2025_01_26__19_36_22_HDR0_8_Mothbot_yolo11m_4500_imgsz1600_b1_2024-01-18.pt.jpg,ORDER_Coleoptera,2025-01-26,19:36:22,,2025_01_26__19_36_22,MachineObservation,Cerro_Hoya_Expedition_Hoya_606m_grisMejua_2025-01-26_2025-01-26,Cerro_Hoya_Expedition_Hoya_606m_grisMejua_2025-01-26,grisMejua_2025_01_26__19_36_22_HDR0.jpg,grisMejua_2025_01_26__19_36_22_HDR0_8_Mothbot_yolo11m_4500_imgsz1600_b1_2024-01-18.pt.jpg
doi.org10.15468dl.6nxkw6.csv,Animalia,Arthropoda,Insecta,Lepidoptera,,,,,797,,Lepidoptera,Lepidoptera,Cerro_Hoya_Expedition_Hoya_606m_grisMejua_2025-01-26,grisMejua_2025_01_26__19_37_06_HDR0_0_Mothbot_yolo11m_4500_imgsz1600_b1_2024-01-18.pt.jpg,HS,Mothbot_yolo11m_4500_imgsz1600_b1_2024-01-18.pt,0.7734547853469849,,grisMejua,Cerro_Hoya_Expedition/Hoya_606m_grisMejua_2025-01-26/2025-01-26/patches/grisMejua_2025_01_26__19_37_06_HDR0_0_Mothbot_yolo11m_4500_imgsz1600_b1_2024-01-18.pt.jpg,ORDER_Lepidoptera,2025-01-26,19:37:06,,2025_01_26__19_37_06,MachineObservation,Cerro_Hoya_Expedition_Hoya_606m_grisMejua_2025-01-26_2025-01-26,Cerro_Hoya_Expedition_Hoya_606m_grisMejua_2025-01-26,grisMejua_2025_01_26__19_37_06_HDR0.jpg,grisMejua_2025_01_26__19_37_06_HDR0_0_Mothbot_yolo11m_4500_imgsz1600_b1_2024-01-18.pt.jpg
doi.org10.15468dl.6nxkw6.csv,Animalia,Arthropoda,Insecta,Lepidoptera,,,,,797,,Lepidoptera,Lepidoptera,Cerro_Hoya_Expedition_Hoya_606m_grisMejua_2025-01-26,grisMejua_2025_01_26__19_37_06_HDR0_1_Mothbot_yolo11m_4500_imgsz1600_b1_2024-01-18.pt.jpg,HS,Mothbot_yolo11m_4500_imgsz1600_b1_2024-01-18.pt,0.7197929620742798,,grisMejua,Cerro_Hoya_Expedition/Hoya_606m_grisMejua_2025-01-26/2025-01-26/patches/grisMejua_2025_01_26__19_37_06_HDR0_1_Mothbot_yolo11m_4500_imgsz1600_b1_2024-01-18.pt.jpg,ORDER_Lepidoptera,2025-01-26,19:37:06,,2025_01_26__19_37_06,MachineObservation,Cerro_Hoya_Expedition_Hoya_606m_grisMejua_2025-01-26_2025-01-26,Cerro_Hoya_Expedition_Hoya_606m_grisMejua_2025-01-26,grisMejua_2025_01_26__19_37_06_HDR0.jpg,grisMejua_2025_01_26__19_37_06_HDR0_1_Mothbot_yolo11m_4500_imgsz1600_b1_2024-01-18.pt.jpg
doi.org10.15468dl.6nxkw6.csv,Animalia,Arthropoda,Insecta,Hemiptera,,,,,809,,Hemiptera,Hemiptera,Cerro_Hoya_Expedition_Hoya_606m_grisMejua_2025-01-26,grisMejua_2025_01_26__19_37_06_HDR0_2_Mothbot_yolo11m_4500_imgsz1600_b1_2024-01-18.pt.jpg,HS,Mothbot_yolo11m_4500_imgsz1600_b1_2024-01-18.pt,0.6468265652656555,,grisMejua,Cerro_Hoya_Expedition/Hoya_606m_grisMejua_2025-01-26/2025-01-26/patches/grisMejua_2025_01_26__19_37_06_HDR0_2_Mothbot_yolo11m_4500_imgsz1600_b1_2024-01-18.pt.jpg,ORDER_Hemiptera,2025-01-26,19:37:06,,2025_01_26__19_37_06,MachineObservation,Cerro_Hoya_Expedition_Hoya_606m_grisMejua_2025-01-26_2025-01-26,Cerro_Hoya_Expedition_Hoya_606m_grisMejua_2025-01-26,grisMejua_2025_01_26__19_37_06_HDR0.jpg,grisMejua_2025_01_26__19_37_06_HDR0_2_Mothbot_yolo11m_4500_imgsz1600_b1_2024-01-18.pt.jpg
doi.org10.15468dl.6nxkw6.csv,Animalia,Arthropoda,Insecta,Lepidoptera,,,,,797,,Lepidoptera,Lepidoptera,Cerro_Hoya_Expedition_Hoya_606m_grisMejua_2025-01-26,grisMejua_2025_01_26__19_37_06_HDR0_3_Mothbot_yolo11m_4500_imgsz1600_b1_2024-01-18.pt.jpg,HS,Mothbot_yolo11m_4500_imgsz1600_b1_2024-01-18.pt,0.6273021697998047,,grisMejua,Cerro_Hoya_Expedition/Hoya_606m_grisMejua_2025-01-26/2025-01-26/patches/grisMejua_2025_01_26__19_37_06_HDR0_3_Mothbot_yolo11m_4500_imgsz1600_b1_2024-01-18.pt.jpg,ORDER_Lepidoptera,2025-01-26,19:37:06,,2025_01_26__19_37_06,MachineObservation,Cerro_Hoya_Expedition_Hoya_606m_grisMejua_2025-01-26_2025-01-26,Cerro_Hoya_Expedition_Hoya_606m_grisMejua_2025-01-26,grisMejua_2025_01_26__19_37_06_HDR0.jpg,grisMejua_2025_01_26__19_37_06_HDR0_3_Mothbot_yolo11m_4500_imgsz1600_b1_2024-01-18.pt.jpg
doi.org10.15468dl.6nxkw6.csv,Animalia,Arthropoda,Insecta,Hemiptera,,,,,809,,Hemiptera,Hemiptera,Cerro_Hoya_Expedition_Hoya_606m_grisMejua_2025-01-26,grisMejua_2025_01_26__19_37_06_HDR0_4_Mothbot_yolo11m_4500_imgsz1600_b1_2024-01-18.pt.jpg,HS,Mothbot_yolo11m_4500_imgsz1600_b1_2024-01-18.pt,0.6053079962730408,,grisMejua,Cerro_Hoya_Expedition/Hoya_606m_grisMejua_2025-01-26/2025-01-26/patches/grisMejua_2025_01_26__19_37_06_HDR0_4_Mothbot_yolo11m_4500_imgsz1600_b1_2024-01-18.pt.jpg,ORDER_Psocodea,2025-01-26,19:37:06,,2025_01_26__19_37_06,MachineObservation,Cerro_Hoya_Expedition_Hoya_606m_grisMejua_2025-01-26_2025-01-26,Cerro_Hoya_Expedition_Hoya_606m_grisMejua_2025-01-26,grisMejua_2025_01_26__19_37_06_HDR0.jpg,grisMejua_2025_01_26__19_37_06_HDR0_4_Mothbot_yolo11m_4500_imgsz1600_b1_2024-01-18.pt.jpg
doi.org10.15468dl.6nxkw6.csv,Animalia,Arthropoda,Insecta,Hemiptera,,,,,809,,Hemiptera,Hemiptera,Cerro_Hoya_Expedition_Hoya_606m_grisMejua_2025-01-26,grisMejua_2025_01_26__19_37_06_HDR0_5_Mothbot_yolo11m_4500_imgsz1600_b1_2024-01-18.pt.jpg,HS,Mothbot_yolo11m_4500_imgsz1600_b1_2024-01-18.pt,0.5923736095428467,,grisMejua,Cerro_Hoya_Expedition/Hoya_606m_grisMejua_2025-01-26/2025-01-26/patches/grisMejua_2025_01_26__19_37_06_HDR0_5_Mothbot_yolo11m_4500_imgsz1600_b1_2024-01-18.pt.jpg,ORDER_Hemiptera,2025-01-26,19:37:06,,2025_01_26__19_37_06,MachineObservation,Cerro_Hoya_Expedition_Hoya_606m_grisMejua_2025-01-26_2025-01-26,Cerro_Hoya_Expedition_Hoya_606m_grisMejua_2025-01-26,grisMejua_2025_01_26__19_37_06_HDR0.jpg,grisMejua_2025_01_26__19_37_06_HDR0_5_Mothbot_yolo11m_4500_imgsz1600_b1_2024-01-18.pt.jpg
doi.org10.15468dl.6nxkw6.csv,Animalia,Arthropoda,Insecta,Hemiptera,,,,,809,,Hemiptera,Hemiptera,Cerro_Hoya_Expedition_Hoya_606m_grisMejua_2025-01-26,grisMejua_2025_01_26__19_37_06_HDR0_6_Mothbot_yolo11m_4500_imgsz1600_b1_2024-01-18.pt.jpg,HS,Mothbot_yolo11m_4500_imgsz1600_b1_2024-01-18.pt,0.5468799471855164,,grisMejua,Cerro_Hoya_Expedition/Hoya_606m_grisMejua_2025-01-26/2025-01-26/patches/grisMejua_2025_01_26__19_37_06_HDR0_6_Mothbot_yolo11m_4500_imgsz1600_b1_2024-01-18.pt.jpg,ORDER_Hemiptera,2025-01-26,19:37:06,,2025_01_26__19_37_06,MachineObservation,Cerro_Hoya_Expedition_Hoya_606m_grisMejua_2025-01-26_2025-01-26,Cerro_Hoya_Expedition_Hoya_606m_grisMejua_2025-01-26,grisMejua_2025_01_26__19_37_06_HDR0.jpg,grisMejua_2025_01_26__19_37_06_HDR0_6_Mothbot_yolo11m_4500_imgsz1600_b1_2024-01-18.pt.jpg
doi.org10.15468dl.6nxkw6.csv,Animalia,Arthropoda,Insecta,Coleoptera,,,,Tenebrionoidea2,1470,,Coleoptera,Tenebrionoidea2,Cerro_Hoya_Expedition_Hoya_606m_grisMejua_2025-01-26,grisMejua_2025_01_26__19_37_06_HDR0_7_Mothbot_yolo11m_4500_imgsz1600_b1_2024-01-18.pt.jpg,HS,Mothbot_yolo11m_4500_imgsz1600_b1_2024-01-18.pt,0.4820009768009186,,grisMejua,Cerro_Hoya_Expedition/Hoya_606m_grisMejua_2025-01-26/2025-01-26/patches/grisMejua_2025_01_26__19_37_06_HDR0_7_Mothbot_yolo11m_4500_imgsz1600_b1_2024-01-18.pt.jpg,ORDER_Diptera,2025-01-26,19:37:06,,2025_01_26__19_37_06,MachineObservation,Cerro_Hoya_Expedition_Hoya_606m_grisMejua_2025-01-26_2025-01-26,Cerro_Hoya_Expedition_Hoya_606m_grisMejua_2025-01-26,grisMejua_2025_01_26__19_37_06_HDR0.jpg,grisMejua_2025_01_26__19_37_06_HDR0_7_Mothbot_yolo11m_4500_imgsz1600_b1_2024-01-18.pt.jpg
doi.org10.15468dl.6nxkw6.csv,Animalia,Arthropoda,Insecta,Lepidoptera,,,,,797,,Lepidoptera,Lepidoptera,Cerro_Hoya_Expedition_Hoya_606m_grisMejua_2025-01-26,grisMejua_2025_01_26__19_37_06_HDR0_8_Mothbot_yolo11m_4500_imgsz1600_b1_2024-01-18.pt.jpg,HS,Mothbot_yolo11m_4500_imgsz1600_b1_2024-01-18.pt,0.4159654974937439,,grisMejua,Cerro_Hoya_Expedition/Hoya_606m_grisMejua_2025-01-26/2025-01-26/patches/grisMejua_2025_01_26__19_37_06_HDR0_8_Mothbot_yolo11m_4500_imgsz1600_b1_2024-01-18.pt.jpg,ORDER_Lepidoptera,2025-01-26,19:37:06,,2025_01_26__19_37_06,MachineObservation,Cerro_Hoya_Expedition_Hoya_606m_grisMejua_2025-01-26_2025-01-26,Cerro_Hoya_Expedition_Hoya_606m_grisMejua_2025-01-26,grisMejua_2025_01_26__19_37_06_HDR0.jpg,grisMejua_2025_01_26__19_37_06_HDR0_8_Mothbot_yolo11m_4500_imgsz1600_b1_2024-01-18.pt.jpg
doi.org10.15468dl.6nxkw6.csv,Animalia,Arthropoda,Insecta,Coleoptera,Scarabaeidae,Cyclocephala,melanocephala,,4994793,,melanocephala,Cyclocephala melanocephala,Cerro_Hoya_Expedition_Hoya_606m_grisMejua_2025-01-26,grisMejua_2025_01_26__19_37_06_HDR0_9_Mothbot_yolo11m_4500_imgsz1600_b1_2024-01-18.pt.jpg,HS,Mothbot_yolo11m_4500_imgsz1600_b1_2024-01-18.pt,0.2847742736339569,,grisMejua,Cerro_Hoya_Expedition/Hoya_606m_grisMejua_2025-01-26/2025-01-26/patches/grisMejua_2025_01_26__19_37_06_HDR0_9_Mothbot_yolo11m_4500_imgsz1600_b1_2024-01-18.pt.jpg,ORDER_Coleoptera,2025-01-26,19:37:06,,2025_01_26__19_37_06,MachineObservation,Cerro_Hoya_Expedition_Hoya_606m_grisMejua_2025-01-26_2025-01-26,Cerro_Hoya_Expedition_Hoya_606m_grisMejua_2025-01-26,grisMejua_2025_01_26__19_37_06_HDR0.jpg,grisMejua_2025_01_26__19_37_06_HDR0_9_Mothbot_yolo11m_4500_imgsz1600_b1_2024-01-18.pt.jpg
doi.org10.15468dl.6nxkw6.csv,Animalia,Arthropoda,Insecta,Lepidoptera,,,,,797,,Lepidoptera,Lepidoptera,Cerro_Hoya_Expedition_Hoya_606m_grisMejua_2025-01-26,grisMejua_2025_01_26__19_38_06_HDR0_0_Mothbot_yolo11m_4500_imgsz1600_b1_2024-01-18.pt.jpg,HS,Mothbot_yolo11m_4500_imgsz1600_b1_2024-01-18.pt,0.7762196660041809,,grisMejua,Cerro_Hoya_Expedition/Hoya_606m_grisMejua_2025-01-26/2025-01-26/patches/grisMejua_2025_01_26__19_38_06_HDR0_0_Mothbot_yolo11m_4500_imgsz1600_b1_2024-01-18.pt.jpg,ORDER_Lepidoptera,2025-01-26,19:38:06,,2025_01_26__19_38_06,MachineObservation,Cerro_Hoya_Expedition_Hoya_606m_grisMejua_2025-01-26_2025-01-26,Cerro_Hoya_Expedition_Hoya_606m_grisMejua_2025-01-26,grisMejua_2025_01_26__19_38_06_HDR0.jpg,grisMejua_2025_01_26__19_38_06_HDR0_0_Mothbot_yolo11m_4500_imgsz1600_b1_2024-01-18.pt.jpg
doi.org10.15468dl.6nxkw6.csv,Animalia,Arthropoda,Insecta,Lepidoptera,,,,,797,,Lepidoptera,Lepidoptera,Cerro_Hoya_Expedition_Hoya_606m_grisMejua_2025-01-26,grisMejua_2025_01_26__19_38_06_HDR0_1_Mothbot_yolo11m_4500_imgsz1600_b1_2024-01-18.pt.jpg,HS,Mothbot_yolo11m_4500_imgsz1600_b1_2024-01-18.pt,0.6923759579658508,,grisMejua,Cerro_Hoya_Expedition/Hoya_606m_grisMejua_2025-01-26/2025-01-26/patches/grisMejua_2025_01_26__19_38_06_HDR0_1_Mothbot_yolo11m_4500_imgsz1600_b1_2024-01-18.pt.jpg,ORDER_Diptera,2025-01-26,19:38:06,,2025_01_26__19_38_06,MachineObservation,Cerro_Hoya_Expedition_Hoya_606m_grisMejua_2025-01-26_2025-01-26,Cerro_Hoya_Expedition_Hoya_606m_grisMejua_2025-01-26,grisMejua_2025_01_26__19_38_06_HDR0.jpg,grisMejua_2025_01_26__19_38_06_HDR0_1_Mothbot_yolo11m_4500_imgsz1600_b1_2024-01-18.pt.jpg
doi.org10.15468dl.6nxkw6.csv,Animalia,Arthropoda,Insecta,Hemiptera,,,,,809,,Hemiptera,Hemiptera,Cerro_Hoya_Expedition_Hoya_606m_grisMejua_2025-01-26,grisMejua_2025_01_26__19_38_06_HDR0_2_Mothbot_yolo11m_4500_imgsz1600_b1_2024-01-18.pt.jpg,HS,Mothbot_yolo11m_4500_imgsz1600_b1_2024-01-18.pt,0.6877831816673279,,grisMejua,Cerro_Hoya_Expedition/Hoya_606m_grisMejua_2025-01-26/2025-01-26/patches/grisMejua_2025_01_26__19_38_06_HDR0_2_Mothbot_yolo11m_4500_imgsz1600_b1_2024-01-18.pt.jpg,ORDER_Hemiptera,2025-01-26,19:38:06,,2025_01_26__19_38_06,MachineObservation,Cerro_Hoya_Expedition_Hoya_606m_grisMejua_2025-01-26_2025-01-26,Cerro_Hoya_Expedition_Hoya_606m_grisMejua_2025-01-26,grisMejua_2025_01_26__19_38_06_HDR0.jpg,grisMejua_2025_01_26__19_38_06_HDR0_2_Mothbot_yolo11m_4500_imgsz1600_b1_2024-01-18.pt.jpg
doi.org10.15468dl.6nxkw6.csv,Animalia,Arthropoda,Insecta,Lepidoptera,,,,,797,,Lepidoptera,Lepidoptera,Cerro_Hoya_Expedition_Hoya_606m_grisMejua_2025-01-26,grisMejua_2025_01_26__19_38_06_HDR0_3_Mothbot_yolo11m_4500_imgsz1600_b1_2024-01-18.pt.jpg,HS,Mothbot_yolo11m_4500_imgsz1600_b1_2024-01-18.pt,0.6407545208930969,,grisMejua,Cerro_Hoya_Expedition/Hoya_606m_grisMejua_2025-01-26/2025-01-26/patches/grisMejua_2025_01_26__19_38_06_HDR0_3_Mothbot_yolo11m_4500_imgsz1600_b1_2024-01-18.pt.jpg,ORDER_Hemiptera,2025-01-26,19:38:06,,2025_01_26__19_38_06,MachineObservation,Cerro_Hoya_Expedition_Hoya_606m_grisMejua_2025-01-26_2025-01-26,Cerro_Hoya_Expedition_Hoya_606m_grisMejua_2025-01-26,grisMejua_2025_01_26__19_38_06_HDR0.jpg,grisMejua_2025_01_26__19_38_06_HDR0_3_Mothbot_yolo11m_4500_imgsz1600_b1_2024-01-18.pt.jpg
doi.org10.15468dl.6nxkw6.csv,Animalia,Arthropoda,Insecta,Hemiptera,,,,,809,,Hemiptera,Hemiptera,Cerro_Hoya_Expedition_Hoya_606m_grisMejua_2025-01-26,grisMejua_2025_01_26__19_38_06_HDR0_4_Mothbot_yolo11m_4500_imgsz1600_b1_2024-01-18.pt.jpg,HS,Mothbot_yolo11m_4500_imgsz1600_b1_2024-01-18.pt,0.5997275114059448,,grisMejua,Cerro_Hoya_Expedition/Hoya_606m_grisMejua_2025-01-26/2025-01-26/patches/grisMejua_2025_01_26__19_38_06_HDR0_4_Mothbot_yolo11m_4500_imgsz1600_b1_2024-01-18.pt.jpg,ORDER_Hemiptera,2025-01-26,19:38:06,,2025_01_26__19_38_06,MachineObservation,Cerro_Hoya_Expedition_Hoya_606m_grisMejua_2025-01-26_2025-01-26,Cerro_Hoya_Expedition_Hoya_606m_grisMejua_2025-01-26,grisMejua_2025_01_26__19_38_06_HDR0.jpg,grisMejua_2025_01_26__19_38_06_HDR0_4_Mothbot_yolo11m_4500_imgsz1600_b1_2024-01-18.pt.jpg
doi.org10.15468dl.6nxkw6.csv,Animalia,Arthropoda,Insecta,Hemiptera,,,,,809,,Hemiptera,Hemiptera,Cerro_Hoya_Expedition_Hoya_606m_grisMejua_2025-01-26,grisMejua_2025_01_26__19_38_06_HDR0_5_Mothbot_yolo11m_4500_imgsz1600_b1_2024-01-18.pt.jpg,HS,Mothbot_yolo11m_4500_imgsz1600_b1_2024-01-18.pt,0.5989601016044617,,grisMejua,Cerro_Hoya_Expedition/Hoya_606m_grisMejua_2025-01-26/2025-01-26/patches/grisMejua_2025_01_26__19_38_06_HDR0_5_Mothbot_yolo11m_4500_imgsz1600_b1_2024-01-18.pt.jpg,ORDER_Hymenoptera,2025-01-26,19:38:06,,2025_01_26__19_38_06,MachineObservation,Cerro_Hoya_Expedition_Hoya_606m_grisMejua_2025-01-26_2025-01-26,Cerro_Hoya_Expedition_Hoya_606m_grisMejua_2025-01-26,grisMejua_2025_01_26__19_38_06_HDR0.jpg,grisMejua_2025_01_26__19_38_06_HDR0_5_Mothbot_yolo11m_4500_imgsz1600_b1_2024-01-18.pt.jpg
doi.org10.15468dl.6nxkw6.csv,Animalia,Arthropoda,Insecta,Hemiptera,,,,,809,,Hemiptera,Hemiptera,Cerro_Hoya_Expedition_Hoya_606m_grisMejua_2025-01-26,grisMejua_2025_01_26__19_38_06_HDR0_6_Mothbot_yolo11m_4500_imgsz1600_b1_2024-01-18.pt.jpg,HS,Mothbot_yolo11m_4500_imgsz1600_b1_2024-01-18.pt,0.4556938707828522,,grisMejua,Cerro_Hoya_Expedition/Hoya_606m_grisMejua_2025-01-26/2025-01-26/patches/grisMejua_2025_01_26__19_38_06_HDR0_6_Mothbot_yolo11m_4500_imgsz1600_b1_2024-01-18.pt.jpg,ORDER_Diptera,2025-01-26,19:38:06,,2025_01_26__19_38_06,MachineObservation,Cerro_Hoya_Expedition_Hoya_606m_grisMejua_2025-01-26_2025-01-26,Cerro_Hoya_Expedition_Hoya_606m_grisMejua_2025-01-26,grisMejua_2025_01_26__19_38_06_HDR0.jpg,grisMejua_2025_01_26__19_38_06_HDR0_6_Mothbot_yolo11m_4500_imgsz1600_b1_2024-01-18.pt.jpg
doi.org10.15468dl.6nxkw6.csv,Animalia,Arthropoda,Insecta,Coleoptera,,,,Tenebrionoidea2,1470,,Coleoptera,Tenebrionoidea2,Cerro_Hoya_Expedition_Hoya_606m_grisMejua_2025-01-26,grisMejua_2025_01_26__19_38_06_HDR0_7_Mothbot_yolo11m_4500_imgsz1600_b1_2024-01-18.pt.jpg,HS,Mothbot_yolo11m_4500_imgsz1600_b1_2024-01-18.pt,0.4193418323993683,,grisMejua,Cerro_Hoya_Expedition/Hoya_606m_grisMejua_2025-01-26/2025-01-26/patches/grisMejua_2025_01_26__19_38_06_HDR0_7_Mothbot_yolo11m_4500_imgsz1600_b1_2024-01-18.pt.jpg,ORDER_Diptera,2025-01-26,19:38:06,,2025_01_26__19_38_06,MachineObservation,Cerro_Hoya_Expedition_Hoya_606m_grisMejua_2025-01-26_2025-01-26,Cerro_Hoya_Expedition_Hoya_606m_grisMejua_2025-01-26,grisMejua_2025_01_26__19_38_06_HDR0.jpg,grisMejua_2025_01_26__19_38_06_HDR0_7_Mothbot_yolo11m_4500_imgsz1600_b1_2024-01-18.pt.jpg
doi.org10.15468dl.6nxkw6.csv,Animalia,Arthropoda,Insecta,Lepidoptera,,,,,797,,Lepidoptera,Lepidoptera,Cerro_Hoya_Expedition_Hoya_606m_grisMejua_2025-01-26,grisMejua_2025_01_26__19_38_06_HDR0_8_Mothbot_yolo11m_4500_imgsz1600_b1_2024-01-18.pt.jpg,HS,Mothbot_yolo11m_4500_imgsz1600_b1_2024-01-18.pt,0.40583744645118713,,grisMejua,Cerro_Hoya_Expedition/Hoya_606m_grisMejua_2025-01-26/2025-01-26/patches/grisMejua_2025_01_26__19_38_06_HDR0_8_Mothbot_yolo11m_4500_imgsz1600_b1_2024-01-18.pt.jpg,ORDER_Lepidoptera,2025-01-26,19:38:06,,2025_01_26__19_38_06,MachineObservation,Cerro_Hoya_Expedition_Hoya_606m_grisMejua_2025-01-26_2025-01-26,Cerro_Hoya_Expedition_Hoya_606m_grisMejua_2025-01-26,grisMejua_2025_01_26__19_38_06_HDR0.jpg,grisMejua_2025_01_26__19_38_06_HDR0_8_Mothbot_yolo11m_4500_imgsz1600_b1_2024-01-18.pt.jpg
doi.org10.15468dl.6nxkw6.csv,Animalia,Arthropoda,Insecta,Coleoptera,Scarabaeidae,Cyclocephala,melanocephala,,4994793,,melanocephala,Cyclocephala melanocephala,Cerro_Hoya_Expedition_Hoya_606m_grisMejua_2025-01-26,grisMejua_2025_01_26__19_38_06_HDR0_9_Mothbot_yolo11m_4500_imgsz1600_b1_2024-01-18.pt.jpg,HS,Mothbot_yolo11m_4500_imgsz1600_b1_2024-01-18.pt,0.2650991976261139,,grisMejua,Cerro_Hoya_Expedition/Hoya_606m_grisMejua_2025-01-26/2025-01-26/patches/grisMejua_2025_01_26__19_38_06_HDR0_9_Mothbot_yolo11m_4500_imgsz1600_b1_2024-01-18.pt.jpg,ORDER_Coleoptera,2025-01-26,19:38:06,,2025_01_26__19_38_06,MachineObservation,Cerro_Hoya_Expedition_Hoya_606m_grisMejua_2025-01-26_2025-01-26,Cerro_Hoya_Expedition_Hoya_606m_grisMejua_2025-01-26,grisMejua_2025_01_26__19_38_06_HDR0.jpg,grisMejua_2025_01_26__19_38_06_HDR0_9_Mothbot_yolo11m_4500_imgsz1600_b1_2024-01-18.pt.jpg
doi.org10.15468dl.6nxkw6.csv,Animalia,Arthropoda,Insecta,Lepidoptera,,,,,797,,Lepidoptera,Lepidoptera,Cerro_Hoya_Expedition_Hoya_606m_grisMejua_2025-01-26,grisMejua_2025_01_26__19_39_06_HDR0_0_Mothbot_yolo11m_4500_imgsz1600_b1_2024-01-18.pt.jpg,HS,Mothbot_yolo11m_4500_imgsz1600_b1_2024-01-18.pt,0.7838640809059143,,grisMejua,Cerro_Hoya_Expedition/Hoya_606m_grisMejua_2025-01-26/2025-01-26/patches/grisMejua_2025_01_26__19_39_06_HDR0_0_Mothbot_yolo11m_4500_imgsz1600_b1_2024-01-18.pt.jpg,ORDER_Lepidoptera,2025-01-26,19:39:06,,2025_01_26__19_39_06,MachineObservation,Cerro_Hoya_Expedition_Hoya_606m_grisMejua_2025-01-26_2025-01-26,Cerro_Hoya_Expedition_Hoya_606m_grisMejua_2025-01-26,grisMejua_2025_01_26__19_39_06_HDR0.jpg,grisMejua_2025_01_26__19_39_06_HDR0_0_Mothbot_yolo11m_4500_imgsz1600_b1_2024-01-18.pt.jpg
doi.org10.15468dl.6nxkw6.csv,Animalia,Arthropoda,Insecta,Lepidoptera,,,,,797,,Lepidoptera,Lepidoptera,Cerro_Hoya_Expedition_Hoya_606m_grisMejua_2025-01-26,grisMejua_2025_01_26__19_39_06_HDR0_1_Mothbot_yolo11m_4500_imgsz1600_b1_2024-01-18.pt.jpg,HS,Mothbot_yolo11m_4500_imgsz1600_b1_2024-01-18.pt,0.706937849521637,,grisMejua,Cerro_Hoya_Expedition/Hoya_606m_grisMejua_2025-01-26/2025-01-26/patches/grisMejua_2025_01_26__19_39_06_HDR0_1_Mothbot_yolo11m_4500_imgsz1600_b1_2024-01-18.pt.jpg,ORDER_Lepidoptera,2025-01-26,19:39:06,,2025_01_26__19_39_06,MachineObservation,Cerro_Hoya_Expedition_Hoya_606m_grisMejua_2025-01-26_2025-01-26,Cerro_Hoya_Expedition_Hoya_606m_grisMejua_2025-01-26,grisMejua_2025_01_26__19_39_06_HDR0.jpg,grisMejua_2025_01_26__19_39_06_HDR0_1_Mothbot_yolo11m_4500_imgsz1600_b1_2024-01-18.pt.jpg
doi.org10.15468dl.6nxkw6.csv,Animalia,Arthropoda,Insecta,Hemiptera,,,,,809,,Hemiptera,Hemiptera,Cerro_Hoya_Expedition_Hoya_606m_grisMejua_2025-01-26,grisMejua_2025_01_26__19_39_06_HDR0_2_Mothbot_yolo11m_4500_imgsz1600_b1_2024-01-18.pt.jpg,HS,Mothbot_yolo11m_4500_imgsz1600_b1_2024-01-18.pt,0.6521484851837158,,grisMejua,Cerro_Hoya_Expedition/Hoya_606m_grisMejua_2025-01-26/2025-01-26/patches/grisMejua_2025_01_26__19_39_06_HDR0_2_Mothbot_yolo11m_4500_imgsz1600_b1_2024-01-18.pt.jpg,ORDER_Hemiptera,2025-01-26,19:39:06,,2025_01_26__19_39_06,MachineObservation,Cerro_Hoya_Expedition_Hoya_606m_grisMejua_2025-01-26_2025-01-26,Cerro_Hoya_Expedition_Hoya_606m_grisMejua_2025-01-26,grisMejua_2025_01_26__19_39_06_HDR0.jpg,grisMejua_2025_01_26__19_39_06_HDR0_2_Mothbot_yolo11m_4500_imgsz1600_b1_2024-01-18.pt.jpg
doi.org10.15468dl.6nxkw6.csv,Animalia,Arthropoda,Insecta,Lepidoptera,,,,,797,,Lepidoptera,Lepidoptera,Cerro_Hoya_Expedition_Hoya_606m_grisMejua_2025-01-26,grisMejua_2025_01_26__19_39_06_HDR0_3_Mothbot_yolo11m_4500_imgsz1600_b1_2024-01-18.pt.jpg,HS,Mothbot_yolo11m_4500_imgsz1600_b1_2024-01-18.pt,0.6432067155838013,,grisMejua,Cerro_Hoya_Expedition/Hoya_606m_grisMejua_2025-01-26/2025-01-26/patches/grisMejua_2025_01_26__19_39_06_HDR0_3_Mothbot_yolo11m_4500_imgsz1600_b1_2024-01-18.pt.jpg,ORDER_Hemiptera,2025-01-26,19:39:06,,2025_01_26__19_39_06,MachineObservation,Cerro_Hoya_Expedition_Hoya_606m_grisMejua_2025-01-26_2025-01-26,Cerro_Hoya_Expedition_Hoya_606m_grisMejua_2025-01-26,grisMejua_2025_01_26__19_39_06_HDR0.jpg,grisMejua_2025_01_26__19_39_06_HDR0_3_Mothbot_yolo11m_4500_imgsz1600_b1_2024-01-18.pt.jpg
doi.org10.15468dl.6nxkw6.csv,Animalia,Arthropoda,Insecta,Hemiptera,,,,,809,,Hemiptera,Hemiptera,Cerro_Hoya_Expedition_Hoya_606m_grisMejua_2025-01-26,grisMejua_2025_01_26__19_39_06_HDR0_4_Mothbot_yolo11m_4500_imgsz1600_b1_2024-01-18.pt.jpg,HS,Mothbot_yolo11m_4500_imgsz1600_b1_2024-01-18.pt,0.5978981852531433,,grisMejua,Cerro_Hoya_Expedition/Hoya_606m_grisMejua_2025-01-26/2025-01-26/patches/grisMejua_2025_01_26__19_39_06_HDR0_4_Mothbot_yolo11m_4500_imgsz1600_b1_2024-01-18.pt.jpg,ORDER_Psocodea,2025-01-26,19:39:06,,2025_01_26__19_39_06,MachineObservation,Cerro_Hoya_Expedition_Hoya_606m_grisMejua_2025-01-26_2025-01-26,Cerro_Hoya_Expedition_Hoya_606m_grisMejua_2025-01-26,grisMejua_2025_01_26__19_39_06_HDR0.jpg,grisMejua_2025_01_26__19_39_06_HDR0_4_Mothbot_yolo11m_4500_imgsz1600_b1_2024-01-18.pt.jpg
doi.org10.15468dl.6nxkw6.csv,Animalia,Arthropoda,Insecta,Hemiptera,,,,,809,,Hemiptera,Hemiptera,Cerro_Hoya_Expedition_Hoya_606m_grisMejua_2025-01-26,grisMejua_2025_01_26__19_39_06_HDR0_5_Mothbot_yolo11m_4500_imgsz1600_b1_2024-01-18.pt.jpg,HS,Mothbot_yolo11m_4500_imgsz1600_b1_2024-01-18.pt,0.5741235017776489,,grisMejua,Cerro_Hoya_Expedition/Hoya_606m_grisMejua_2025-01-26/2025-01-26/patches/grisMejua_2025_01_26__19_39_06_HDR0_5_Mothbot_yolo11m_4500_imgsz1600_b1_2024-01-18.pt.jpg,ORDER_Hemiptera,2025-01-26,19:39:06,,2025_01_26__19_39_06,MachineObservation,Cerro_Hoya_Expedition_Hoya_606m_grisMejua_2025-01-26_2025-01-26,Cerro_Hoya_Expedition_Hoya_606m_grisMejua_2025-01-26,grisMejua_2025_01_26__19_39_06_HDR0.jpg,grisMejua_2025_01_26__19_39_06_HDR0_5_Mothbot_yolo11m_4500_imgsz1600_b1_2024-01-18.pt.jpg
doi.org10.15468dl.6nxkw6.csv,Animalia,Arthropoda,Insecta,Lepidoptera,,,,,797,,Lepidoptera,Lepidoptera,Cerro_Hoya_Expedition_Hoya_606m_grisMejua_2025-01-26,grisMejua_2025_01_26__19_39_06_HDR0_6_Mothbot_yolo11m_4500_imgsz1600_b1_2024-01-18.pt.jpg,HS,Mothbot_yolo11m_4500_imgsz1600_b1_2024-01-18.pt,0.4824640452861786,,grisMejua,Cerro_Hoya_Expedition/Hoya_606m_grisMejua_2025-01-26/2025-01-26/patches/grisMejua_2025_01_26__19_39_06_HDR0_6_Mothbot_yolo11m_4500_imgsz1600_b1_2024-01-18.pt.jpg,ORDER_Lepidoptera,2025-01-26,19:39:06,,2025_01_26__19_39_06,MachineObservation,Cerro_Hoya_Expedition_Hoya_606m_grisMejua_2025-01-26_2025-01-26,Cerro_Hoya_Expedition_Hoya_606m_grisMejua_2025-01-26,grisMejua_2025_01_26__19_39_06_HDR0.jpg,grisMejua_2025_01_26__19_39_06_HDR0_6_Mothbot_yolo11m_4500_imgsz1600_b1_2024-01-18.pt.jpg
doi.org10.15468dl.6nxkw6.csv,Animalia,Arthropoda,Insecta,Hemiptera,,,,,809,,Hemiptera,Hemiptera,Cerro_Hoya_Expedition_Hoya_606m_grisMejua_2025-01-26,grisMejua_2025_01_26__19_39_06_HDR0_7_Mothbot_yolo11m_4500_imgsz1600_b1_2024-01-18.pt.jpg,HS,Mothbot_yolo11m_4500_imgsz1600_b1_2024-01-18.pt,0.3851117491722107,,grisMejua,Cerro_Hoya_Expedition/Hoya_606m_grisMejua_2025-01-26/2025-01-26/patches/grisMejua_2025_01_26__19_39_06_HDR0_7_Mothbot_yolo11m_4500_imgsz1600_b1_2024-01-18.pt.jpg,ORDER_Diptera,2025-01-26,19:39:06,,2025_01_26__19_39_06,MachineObservation,Cerro_Hoya_Expedition_Hoya_606m_grisMejua_2025-01-26_2025-01-26,Cerro_Hoya_Expedition_Hoya_606m_grisMejua_2025-01-26,grisMejua_2025_01_26__19_39_06_HDR0.jpg,grisMejua_2025_01_26__19_39_06_HDR0_7_Mothbot_yolo11m_4500_imgsz1600_b1_2024-01-18.pt.jpg
doi.org10.15468dl.6nxkw6.csv,Animalia,Arthropoda,Insecta,Coleoptera,,,,Tenebrionoidea2,1470,,Coleoptera,Tenebrionoidea2,Cerro_Hoya_Expedition_Hoya_606m_grisMejua_2025-01-26,grisMejua_2025_01_26__19_39_06_HDR0_8_Mothbot_yolo11m_4500_imgsz1600_b1_2024-01-18.pt.jpg,HS,Mothbot_yolo11m_4500_imgsz1600_b1_2024-01-18.pt,0.36771252751350403,,grisMejua,Cerro_Hoya_Expedition/Hoya_606m_grisMejua_2025-01-26/2025-01-26/patches/grisMejua_2025_01_26__19_39_06_HDR0_8_Mothbot_yolo11m_4500_imgsz1600_b1_2024-01-18.pt.jpg,ORDER_Coleoptera,2025-01-26,19:39:06,,2025_01_26__19_39_06,MachineObservation,Cerro_Hoya_Expedition_Hoya_606m_grisMejua_2025-01-26_2025-01-26,Cerro_Hoya_Expedition_Hoya_606m_grisMejua_2025-01-26,grisMejua_2025_01_26__19_39_06_HDR0.jpg,grisMejua_2025_01_26__19_39_06_HDR0_8_Mothbot_yolo11m_4500_imgsz1600_b1_2024-01-18.pt.jpg
doi.org10.15468dl.6nxkw6.csv,Animalia,Arthropoda,Insecta,Coleoptera,Scarabaeidae,Cyclocephala,melanocephala,,4994793,,melanocephala,Cyclocephala melanocephala,Cerro_Hoya_Expedition_Hoya_606m_grisMejua_2025-01-26,grisMejua_2025_01_26__19_39_06_HDR0_9_Mothbot_yolo11m_4500_imgsz1600_b1_2024-01-18.pt.jpg,HS,Mothbot_yolo11m_4500_imgsz1600_b1_2024-01-18.pt,0.30343934893608093,,grisMejua,Cerro_Hoya_Expedition/Hoya_606m_grisMejua_2025-01-26/2025-01-26/patches/grisMejua_2025_01_26__19_39_06_HDR0_9_Mothbot_yolo11m_4500_imgsz1600_b1_2024-01-18.pt.jpg,ORDER_Coleoptera,2025-01-26,19:39:06,,2025_01_26__19_39_06,MachineObservation,Cerro_Hoya_Expedition_Hoya_606m_grisMejua_2025-01-26_2025-01-26,Cerro_Hoya_Expedition_Hoya_606m_grisMejua_2025-01-26,grisMejua_2025_01_26__19_39_06_HDR0.jpg,grisMejua_2025_01_26__19_39_06_HDR0_9_Mothbot_yolo11m_4500_imgsz1600_b1_2024-01-18.pt.jpg
doi.org10.15468dl.6nxkw6.csv,Animalia,Arthropoda,Insecta,Lepidoptera,,,,,797,,Lepidoptera,Lepidoptera,Cerro_Hoya_Expedition_Hoya_606m_grisMejua_2025-01-26,grisMejua_2025_01_26__19_40_06_HDR0_0_Mothbot_yolo11m_4500_imgsz1600_b1_2024-01-18.pt.jpg,HS,Mothbot_yolo11m_4500_imgsz1600_b1_2024-01-18.pt,0.7773398160934448,,grisMejua,Cerro_Hoya_Expedition/Hoya_606m_grisMejua_2025-01-26/2025-01-26/patches/grisMejua_2025_01_26__19_40_06_HDR0_0_Mothbot_yolo11m_4500_imgsz1600_b1_2024-01-18.pt.jpg,ORDER_Lepidoptera,2025-01-26,19:40:06,,2025_01_26__19_40_06,MachineObservation,Cerro_Hoya_Expedition_Hoya_606m_grisMejua_2025-01-26_2025-01-26,Cerro_Hoya_Expedition_Hoya_606m_grisMejua_2025-01-26,grisMejua_2025_01_26__19_40_06_HDR0.jpg,grisMejua_2025_01_26__19_40_06_HDR0_0_Mothbot_yolo11m_4500_imgsz1600_b1_2024-01-18.pt.jpg
doi.org10.15468dl.6nxkw6.csv,Animalia,Arthropoda,Insecta,Hemiptera,,,,,809,,Hemiptera,Hemiptera,Cerro_Hoya_Expedition_Hoya_606m_grisMejua_2025-01-26,grisMejua_2025_01_26__19_40_06_HDR0_1_Mothbot_yolo11m_4500_imgsz1600_b1_2024-01-18.pt.jpg,HS,Mothbot_yolo11m_4500_imgsz1600_b1_2024-01-18.pt,0.7047320008277893,,grisMejua,Cerro_Hoya_Expedition/Hoya_606m_grisMejua_2025-01-26/2025-01-26/patches/grisMejua_2025_01_26__19_40_06_HDR0_1_Mothbot_yolo11m_4500_imgsz1600_b1_2024-01-18.pt.jpg,ORDER_Hemiptera,2025-01-26,19:40:06,,2025_01_26__19_40_06,MachineObservation,Cerro_Hoya_Expedition_Hoya_606m_grisMejua_2025-01-26_2025-01-26,Cerro_Hoya_Expedition_Hoya_606m_grisMejua_2025-01-26,grisMejua_2025_01_26__19_40_06_HDR0.jpg,grisMejua_2025_01_26__19_40_06_HDR0_1_Mothbot_yolo11m_4500_imgsz1600_b1_2024-01-18.pt.jpg
doi.org10.15468dl.6nxkw6.csv,Animalia,Arthropoda,Insecta,Lepidoptera,,,,,797,,Lepidoptera,Lepidoptera,Cerro_Hoya_Expedition_Hoya_606m_grisMejua_2025-01-26,grisMejua_2025_01_26__19_40_06_HDR0_2_Mothbot_yolo11m_4500_imgsz1600_b1_2024-01-18.pt.jpg,HS,Mothbot_yolo11m_4500_imgsz1600_b1_2024-01-18.pt,0.6880096793174744,,grisMejua,Cerro_Hoya_Expedition/Hoya_606m_grisMejua_2025-01-26/2025-01-26/patches/grisMejua_2025_01_26__19_40_06_HDR0_2_Mothbot_yolo11m_4500_imgsz1600_b1_2024-01-18.pt.jpg,ORDER_Lepidoptera,2025-01-26,19:40:06,,2025_01_26__19_40_06,MachineObservation,Cerro_Hoya_Expedition_Hoya_606m_grisMejua_2025-01-26_2025-01-26,Cerro_Hoya_Expedition_Hoya_606m_grisMejua_2025-01-26,grisMejua_2025_01_26__19_40_06_HDR0.jpg,grisMejua_2025_01_26__19_40_06_HDR0_2_Mothbot_yolo11m_4500_imgsz1600_b1_2024-01-18.pt.jpg
doi.org10.15468dl.6nxkw6.csv,Animalia,Arthropoda,Insecta,Lepidoptera,,,,,797,,Lepidoptera,Lepidoptera,Cerro_Hoya_Expedition_Hoya_606m_grisMejua_2025-01-26,grisMejua_2025_01_26__19_40_06_HDR0_3_Mothbot_yolo11m_4500_imgsz1600_b1_2024-01-18.pt.jpg,HS,Mothbot_yolo11m_4500_imgsz1600_b1_2024-01-18.pt,0.6709049344062805,,grisMejua,Cerro_Hoya_Expedition/Hoya_606m_grisMejua_2025-01-26/2025-01-26/patches/grisMejua_2025_01_26__19_40_06_HDR0_3_Mothbot_yolo11m_4500_imgsz1600_b1_2024-01-18.pt.jpg,ORDER_Hemiptera,2025-01-26,19:40:06,,2025_01_26__19_40_06,MachineObservation,Cerro_Hoya_Expedition_Hoya_606m_grisMejua_2025-01-26_2025-01-26,Cerro_Hoya_Expedition_Hoya_606m_grisMejua_2025-01-26,grisMejua_2025_01_26__19_40_06_HDR0.jpg,grisMejua_2025_01_26__19_40_06_HDR0_3_Mothbot_yolo11m_4500_imgsz1600_b1_2024-01-18.pt.jpg
doi.org10.15468dl.6nxkw6.csv,Animalia,Arthropoda,Insecta,Hemiptera,,,,,809,,Hemiptera,Hemiptera,Cerro_Hoya_Expedition_Hoya_606m_grisMejua_2025-01-26,grisMejua_2025_01_26__19_40_06_HDR0_4_Mothbot_yolo11m_4500_imgsz1600_b1_2024-01-18.pt.jpg,HS,Mothbot_yolo11m_4500_imgsz1600_b1_2024-01-18.pt,0.6275104284286499,,grisMejua,Cerro_Hoya_Expedition/Hoya_606m_grisMejua_2025-01-26/2025-01-26/patches/grisMejua_2025_01_26__19_40_06_HDR0_4_Mothbot_yolo11m_4500_imgsz1600_b1_2024-01-18.pt.jpg,ORDER_Coleoptera,2025-01-26,19:40:06,,2025_01_26__19_40_06,MachineObservation,Cerro_Hoya_Expedition_Hoya_606m_grisMejua_2025-01-26_2025-01-26,Cerro_Hoya_Expedition_Hoya_606m_grisMejua_2025-01-26,grisMejua_2025_01_26__19_40_06_HDR0.jpg,grisMejua_2025_01_26__19_40_06_HDR0_4_Mothbot_yolo11m_4500_imgsz1600_b1_2024-01-18.pt.jpg
doi.org10.15468dl.6nxkw6.csv,Animalia,Arthropoda,Insecta,Hemiptera,,,,,809,,Hemiptera,Hemiptera,Cerro_Hoya_Expedition_Hoya_606m_grisMejua_2025-01-26,grisMejua_2025_01_26__19_40_06_HDR0_5_Mothbot_yolo11m_4500_imgsz1600_b1_2024-01-18.pt.jpg,HS,Mothbot_yolo11m_4500_imgsz1600_b1_2024-01-18.pt,0.6100045442581177,,grisMejua,Cerro_Hoya_Expedition/Hoya_606m_grisMejua_2025-01-26/2025-01-26/patches/grisMejua_2025_01_26__19_40_06_HDR0_5_Mothbot_yolo11m_4500_imgsz1600_b1_2024-01-18.pt.jpg,ORDER_Hemiptera,2025-01-26,19:40:06,,2025_01_26__19_40_06,MachineObservation,Cerro_Hoya_Expedition_Hoya_606m_grisMejua_2025-01-26_2025-01-26,Cerro_Hoya_Expedition_Hoya_606m_grisMejua_2025-01-26,grisMejua_2025_01_26__19_40_06_HDR0.jpg,grisMejua_2025_01_26__19_40_06_HDR0_5_Mothbot_yolo11m_4500_imgsz1600_b1_2024-01-18.pt.jpg
doi.org10.15468dl.6nxkw6.csv,Animalia,Arthropoda,Insecta,Coleoptera,,,,Tenebrionoidea2,1470,,Coleoptera,Tenebrionoidea2,Cerro_Hoya_Expedition_Hoya_606m_grisMejua_2025-01-26,grisMejua_2025_01_26__19_40_06_HDR0_6_Mothbot_yolo11m_4500_imgsz1600_b1_2024-01-18.pt.jpg,HS,Mothbot_yolo11m_4500_imgsz1600_b1_2024-01-18.pt,0.4913373291492462,,grisMejua,Cerro_Hoya_Expedition/Hoya_606m_grisMejua_2025-01-26/2025-01-26/patches/grisMejua_2025_01_26__19_40_06_HDR0_6_Mothbot_yolo11m_4500_imgsz1600_b1_2024-01-18.pt.jpg,ORDER_Diptera,2025-01-26,19:40:06,,2025_01_26__19_40_06,MachineObservation,Cerro_Hoya_Expedition_Hoya_606m_grisMejua_2025-01-26_2025-01-26,Cerro_Hoya_Expedition_Hoya_606m_grisMejua_2025-01-26,grisMejua_2025_01_26__19_40_06_HDR0.jpg,grisMejua_2025_01_26__19_40_06_HDR0_6_Mothbot_yolo11m_4500_imgsz1600_b1_2024-01-18.pt.jpg
doi.org10.15468dl.6nxkw6.csv,Animalia,Arthropoda,Insecta,Coleoptera,Scarabaeidae,Cyclocephala,melanocephala,,4994793,,melanocephala,Cyclocephala melanocephala,Cerro_Hoya_Expedition_Hoya_606m_grisMejua_2025-01-26,grisMejua_2025_01_26__19_40_06_HDR0_7_Mothbot_yolo11m_4500_imgsz1600_b1_2024-01-18.pt.jpg,HS,Mothbot_yolo11m_4500_imgsz1600_b1_2024-01-18.pt,0.4165512025356293,,grisMejua,Cerro_Hoya_Expedition/Hoya_606m_grisMejua_2025-01-26/2025-01-26/patches/grisMejua_2025_01_26__19_40_06_HDR0_7_Mothbot_yolo11m_4500_imgsz1600_b1_2024-01-18.pt.jpg,ORDER_Coleoptera,2025-01-26,19:40:06,,2025_01_26__19_40_06,MachineObservation,Cerro_Hoya_Expedition_Hoya_606m_grisMejua_2025-01-26_2025-01-26,Cerro_Hoya_Expedition_Hoya_606m_grisMejua_2025-01-26,grisMejua_2025_01_26__19_40_06_HDR0.jpg,grisMejua_2025_01_26__19_40_06_HDR0_7_Mothbot_yolo11m_4500_imgsz1600_b1_2024-01-18.pt.jpg
doi.org10.15468dl.6nxkw6.csv,Animalia,Arthropoda,Insecta,Hemiptera,,,,,809,,Hemiptera,Hemiptera,Cerro_Hoya_Expedition_Hoya_606m_grisMejua_2025-01-26,grisMejua_2025_01_26__19_40_06_HDR0_8_Mothbot_yolo11m_4500_imgsz1600_b1_2024-01-18.pt.jpg,HS,Mothbot_yolo11m_4500_imgsz1600_b1_2024-01-18.pt,0.40047043561935425,,grisMejua,Cerro_Hoya_Expedition/Hoya_606m_grisMejua_2025-01-26/2025-01-26/patches/grisMejua_2025_01_26__19_40_06_HDR0_8_Mothbot_yolo11m_4500_imgsz1600_b1_2024-01-18.pt.jpg,ORDER_Hemiptera,2025-01-26,19:40:06,,2025_01_26__19_40_06,MachineObservation,Cerro_Hoya_Expedition_Hoya_606m_grisMejua_2025-01-26_2025-01-26,Cerro_Hoya_Expedition_Hoya_606m_grisMejua_2025-01-26,grisMejua_2025_01_26__19_40_06_HDR0.jpg,grisMejua_2025_01_26__19_40_06_HDR0_8_Mothbot_yolo11m_4500_imgsz1600_b1_2024-01-18.pt.jpg
doi.org10.15468dl.6nxkw6.csv,Animalia,Arthropoda,Insecta,Lepidoptera,,,,,797,,Lepidoptera,Lepidoptera,Cerro_Hoya_Expedition_Hoya_606m_grisMejua_2025-01-26,grisMejua_2025_01_26__19_40_06_HDR0_9_Mothbot_yolo11m_4500_imgsz1600_b1_2024-01-18.pt.jpg,HS,Mothbot_yolo11m_4500_imgsz1600_b1_2024-01-18.pt,0.3651008903980255,,grisMejua,Cerro_Hoya_Expedition/Hoya_606m_grisMejua_2025-01-26/2025-01-26/patches/grisMejua_2025_01_26__19_40_06_HDR0_9_Mothbot_yolo11m_4500_imgsz1600_b1_2024-01-18.pt.jpg,ORDER_Lepidoptera,2025-01-26,19:40:06,,2025_01_26__19_40_06,MachineObservation,Cerro_Hoya_Expedition_Hoya_606m_grisMejua_2025-01-26_2025-01-26,Cerro_Hoya_Expedition_Hoya_606m_grisMejua_2025-01-26,grisMejua_2025_01_26__19_40_06_HDR0.jpg,grisMejua_2025_01_26__19_40_06_HDR0_9_Mothbot_yolo11m_4500_imgsz1600_b1_2024-01-18.pt.jpg
doi.org10.15468dl.6nxkw6.csv,Animalia,Arthropoda,Insecta,Lepidoptera,,,,,797,,Lepidoptera,Lepidoptera,Cerro_Hoya_Expedition_Hoya_606m_grisMejua_2025-01-26,grisMejua_2025_01_26__19_41_05_HDR0_0_Mothbot_yolo11m_4500_imgsz1600_b1_2024-01-18.pt.jpg,HS,Mothbot_yolo11m_4500_imgsz1600_b1_2024-01-18.pt,0.7963312864303589,,grisMejua,Cerro_Hoya_Expedition/Hoya_606m_grisMejua_2025-01-26/2025-01-26/patches/grisMejua_2025_01_26__19_41_05_HDR0_0_Mothbot_yolo11m_4500_imgsz1600_b1_2024-01-18.pt.jpg,ORDER_Psocodea,2025-01-26,19:41:05,,2025_01_26__19_41_05,MachineObservation,Cerro_Hoya_Expedition_Hoya_606m_grisMejua_2025-01-26_2025-01-26,Cerro_Hoya_Expedition_Hoya_606m_grisMejua_2025-01-26,grisMejua_2025_01_26__19_41_05_HDR0.jpg,grisMejua_2025_01_26__19_41_05_HDR0_0_Mothbot_yolo11m_4500_imgsz1600_b1_2024-01-18.pt.jpg
doi.org10.15468dl.6nxkw6.csv,Animalia,Arthropoda,Insecta,Lepidoptera,,,,,797,,Lepidoptera,Lepidoptera,Cerro_Hoya_Expedition_Hoya_606m_grisMejua_2025-01-26,grisMejua_2025_01_26__19_41_05_HDR0_1_Mothbot_yolo11m_4500_imgsz1600_b1_2024-01-18.pt.jpg,HS,Mothbot_yolo11m_4500_imgsz1600_b1_2024-01-18.pt,0.7904265522956848,,grisMejua,Cerro_Hoya_Expedition/Hoya_606m_grisMejua_2025-01-26/2025-01-26/patches/grisMejua_2025_01_26__19_41_05_HDR0_1_Mothbot_yolo11m_4500_imgsz1600_b1_2024-01-18.pt.jpg,ORDER_Lepidoptera,2025-01-26,19:41:05,,2025_01_26__19_41_05,MachineObservation,Cerro_Hoya_Expedition_Hoya_606m_grisMejua_2025-01-26_2025-01-26,Cerro_Hoya_Expedition_Hoya_606m_grisMejua_2025-01-26,grisMejua_2025_01_26__19_41_05_HDR0.jpg,grisMejua_2025_01_26__19_41_05_HDR0_1_Mothbot_yolo11m_4500_imgsz1600_b1_2024-01-18.pt.jpg
doi.org10.15468dl.6nxkw6.csv,Animalia,Arthropoda,Insecta,Hemiptera,,,,,809,,Hemiptera,Hemiptera,Cerro_Hoya_Expedition_Hoya_606m_grisMejua_2025-01-26,grisMejua_2025_01_26__19_41_05_HDR0_2_Mothbot_yolo11m_4500_imgsz1600_b1_2024-01-18.pt.jpg,HS,Mothbot_yolo11m_4500_imgsz1600_b1_2024-01-18.pt,0.6863483190536499,,grisMejua,Cerro_Hoya_Expedition/Hoya_606m_grisMejua_2025-01-26/2025-01-26/patches/grisMejua_2025_01_26__19_41_05_HDR0_2_Mothbot_yolo11m_4500_imgsz1600_b1_2024-01-18.pt.jpg,ORDER_Hymenoptera,2025-01-26,19:41:05,,2025_01_26__19_41_05,MachineObservation,Cerro_Hoya_Expedition_Hoya_606m_grisMejua_2025-01-26_2025-01-26,Cerro_Hoya_Expedition_Hoya_606m_grisMejua_2025-01-26,grisMejua_2025_01_26__19_41_05_HDR0.jpg,grisMejua_2025_01_26__19_41_05_HDR0_2_Mothbot_yolo11m_4500_imgsz1600_b1_2024-01-18.pt.jpg
doi.org10.15468dl.6nxkw6.csv,Animalia,Arthropoda,Insecta,Hemiptera,,,,,809,,Hemiptera,Hemiptera,Cerro_Hoya_Expedition_Hoya_606m_grisMejua_2025-01-26,grisMejua_2025_01_26__19_41_05_HDR0_3_Mothbot_yolo11m_4500_imgsz1600_b1_2024-01-18.pt.jpg,HS,Mothbot_yolo11m_4500_imgsz1600_b1_2024-01-18.pt,0.6331896781921387,,grisMejua,Cerro_Hoya_Expedition/Hoya_606m_grisMejua_2025-01-26/2025-01-26/patches/grisMejua_2025_01_26__19_41_05_HDR0_3_Mothbot_yolo11m_4500_imgsz1600_b1_2024-01-18.pt.jpg,ORDER_Coleoptera,2025-01-26,19:41:05,,2025_01_26__19_41_05,MachineObservation,Cerro_Hoya_Expedition_Hoya_606m_grisMejua_2025-01-26_2025-01-26,Cerro_Hoya_Expedition_Hoya_606m_grisMejua_2025-01-26,grisMejua_2025_01_26__19_41_05_HDR0.jpg,grisMejua_2025_01_26__19_41_05_HDR0_3_Mothbot_yolo11m_4500_imgsz1600_b1_2024-01-18.pt.jpg
doi.org10.15468dl.6nxkw6.csv,Animalia,Arthropoda,Insecta,Hemiptera,,,,,809,,Hemiptera,Hemiptera,Cerro_Hoya_Expedition_Hoya_606m_grisMejua_2025-01-26,grisMejua_2025_01_26__19_41_05_HDR0_4_Mothbot_yolo11m_4500_imgsz1600_b1_2024-01-18.pt.jpg,HS,Mothbot_yolo11m_4500_imgsz1600_b1_2024-01-18.pt,0.5748491287231445,,grisMejua,Cerro_Hoya_Expedition/Hoya_606m_grisMejua_2025-01-26/2025-01-26/patches/grisMejua_2025_01_26__19_41_05_HDR0_4_Mothbot_yolo11m_4500_imgsz1600_b1_2024-01-18.pt.jpg,ORDER_Hemiptera,2025-01-26,19:41:05,,2025_01_26__19_41_05,MachineObservation,Cerro_Hoya_Expedition_Hoya_606m_grisMejua_2025-01-26_2025-01-26,Cerro_Hoya_Expedition_Hoya_606m_grisMejua_2025-01-26,grisMejua_2025_01_26__19_41_05_HDR0.jpg,grisMejua_2025_01_26__19_41_05_HDR0_4_Mothbot_yolo11m_4500_imgsz1600_b1_2024-01-18.pt.jpg
doi.org10.15468dl.6nxkw6.csv,Animalia,Arthropoda,Insecta,Coleoptera,,,,Tenebrionoidea2,1470,,Coleoptera,Tenebrionoidea2,Cerro_Hoya_Expedition_Hoya_606m_grisMejua_2025-01-26,grisMejua_2025_01_26__19_41_05_HDR0_5_Mothbot_yolo11m_4500_imgsz1600_b1_2024-01-18.pt.jpg,HS,Mothbot_yolo11m_4500_imgsz1600_b1_2024-01-18.pt,0.3906726837158203,,grisMejua,Cerro_Hoya_Expedition/Hoya_606m_grisMejua_2025-01-26/2025-01-26/patches/grisMejua_2025_01_26__19_41_05_HDR0_5_Mothbot_yolo11m_4500_imgsz1600_b1_2024-01-18.pt.jpg,ORDER_Diptera,2025-01-26,19:41:05,,2025_01_26__19_41_05,MachineObservation,Cerro_Hoya_Expedition_Hoya_606m_grisMejua_2025-01-26_2025-01-26,Cerro_Hoya_Expedition_Hoya_606m_grisMejua_2025-01-26,grisMejua_2025_01_26__19_41_05_HDR0.jpg,grisMejua_2025_01_26__19_41_05_HDR0_5_Mothbot_yolo11m_4500_imgsz1600_b1_2024-01-18.pt.jpg
doi.org10.15468dl.6nxkw6.csv,Animalia,Arthropoda,Insecta,Hemiptera,,,,,809,,Hemiptera,Hemiptera,Cerro_Hoya_Expedition_Hoya_606m_grisMejua_2025-01-26,grisMejua_2025_01_26__19_41_05_HDR0_6_Mothbot_yolo11m_4500_imgsz1600_b1_2024-01-18.pt.jpg,HS,Mothbot_yolo11m_4500_imgsz1600_b1_2024-01-18.pt,0.3656851649284363,,grisMejua,Cerro_Hoya_Expedition/Hoya_606m_grisMejua_2025-01-26/2025-01-26/patches/grisMejua_2025_01_26__19_41_05_HDR0_6_Mothbot_yolo11m_4500_imgsz1600_b1_2024-01-18.pt.jpg,ORDER_Hemiptera,2025-01-26,19:41:05,,2025_01_26__19_41_05,MachineObservation,Cerro_Hoya_Expedition_Hoya_606m_grisMejua_2025-01-26_2025-01-26,Cerro_Hoya_Expedition_Hoya_606m_grisMejua_2025-01-26,grisMejua_2025_01_26__19_41_05_HDR0.jpg,grisMejua_2025_01_26__19_41_05_HDR0_6_Mothbot_yolo11m_4500_imgsz1600_b1_2024-01-18.pt.jpg
doi.org10.15468dl.6nxkw6.csv,Animalia,Arthropoda,Insecta,Lepidoptera,,,,,797,,Lepidoptera,Lepidoptera,Cerro_Hoya_Expedition_Hoya_606m_grisMejua_2025-01-26,grisMejua_2025_01_26__19_41_05_HDR0_7_Mothbot_yolo11m_4500_imgsz1600_b1_2024-01-18.pt.jpg,HS,Mothbot_yolo11m_4500_imgsz1600_b1_2024-01-18.pt,0.3620360791683197,,grisMejua,Cerro_Hoya_Expedition/Hoya_606m_grisMejua_2025-01-26/2025-01-26/patches/grisMejua_2025_01_26__19_41_05_HDR0_7_Mothbot_yolo11m_4500_imgsz1600_b1_2024-01-18.pt.jpg,ORDER_Lepidoptera,2025-01-26,19:41:05,,2025_01_26__19_41_05,MachineObservation,Cerro_Hoya_Expedition_Hoya_606m_grisMejua_2025-01-26_2025-01-26,Cerro_Hoya_Expedition_Hoya_606m_grisMejua_2025-01-26,grisMejua_2025_01_26__19_41_05_HDR0.jpg,grisMejua_2025_01_26__19_41_05_HDR0_7_Mothbot_yolo11m_4500_imgsz1600_b1_2024-01-18.pt.jpg
doi.org10.15468dl.6nxkw6.csv,Animalia,Arthropoda,Insecta,,,,,,216,,Insecta,Insecta,Cerro_Hoya_Expedition_Hoya_606m_grisMejua_2025-01-26,grisMejua_2025_01_26__19_41_05_HDR0_8_Mothbot_yolo11m_4500_imgsz1600_b1_2024-01-18.pt.jpg,HS,Mothbot_yolo11m_4500_imgsz1600_b1_2024-01-18.pt,0.3160916864871979,,grisMejua,Cerro_Hoya_Expedition/Hoya_606m_grisMejua_2025-01-26/2025-01-26/patches/grisMejua_2025_01_26__19_41_05_HDR0_8_Mothbot_yolo11m_4500_imgsz1600_b1_2024-01-18.pt.jpg,ORDER_Odonata,2025-01-26,19:41:05,,2025_01_26__19_41_05,MachineObservation,Cerro_Hoya_Expedition_Hoya_606m_grisMejua_2025-01-26_2025-01-26,Cerro_Hoya_Expedition_Hoya_606m_grisMejua_2025-01-26,grisMejua_2025_01_26__19_41_05_HDR0.jpg,grisMejua_2025_01_26__19_41_05_HDR0_8_Mothbot_yolo11m_4500_imgsz1600_b1_2024-01-18.pt.jpg
doi.org10.15468dl.6nxkw6.csv,Animalia,Arthropoda,Insecta,Coleoptera,Scarabaeidae,Cyclocephala,melanocephala,,4994793,,melanocephala,Cyclocephala melanocephala,Cerro_Hoya_Expedition_Hoya_606m_grisMejua_2025-01-26,grisMejua_2025_01_26__19_41_05_HDR0_9_Mothbot_yolo11m_4500_imgsz1600_b1_2024-01-18.pt.jpg,HS,Mothbot_yolo11m_4500_imgsz1600_b1_2024-01-18.pt,0.26710376143455505,,grisMejua,Cerro_Hoya_Expedition/Hoya_606m_grisMejua_2025-01-26/2025-01-26/patches/grisMejua_2025_01_26__19_41_05_HDR0_9_Mothbot_yolo11m_4500_imgsz1600_b1_2024-01-18.pt.jpg,ORDER_Coleoptera,2025-01-26,19:41:05,,2025_01_26__19_41_05,MachineObservation,Cerro_Hoya_Expedition_Hoya_606m_grisMejua_2025-01-26_2025-01-26,Cerro_Hoya_Expedition_Hoya_606m_grisMejua_2025-01-26,grisMejua_2025_01_26__19_41_05_HDR0.jpg,grisMejua_2025_01_26__19_41_05_HDR0_9_Mothbot_yolo11m_4500_imgsz1600_b1_2024-01-18.pt.jpg
doi.org10.15468dl.6nxkw6.csv,Animalia,Arthropoda,Insecta,Lepidoptera,,,,,797,,Lepidoptera,Lepidoptera,Cerro_Hoya_Expedition_Hoya_606m_grisMejua_2025-01-26,grisMejua_2025_01_26__19_42_06_HDR0_0_Mothbot_yolo11m_4500_imgsz1600_b1_2024-01-18.pt.jpg,HS,Mothbot_yolo11m_4500_imgsz1600_b1_2024-01-18.pt,0.7719758152961731,,grisMejua,Cerro_Hoya_Expedition/Hoya_606m_grisMejua_2025-01-26/2025-01-26/patches/grisMejua_2025_01_26__19_42_06_HDR0_0_Mothbot_yolo11m_4500_imgsz1600_b1_2024-01-18.pt.jpg,ORDER_Lepidoptera,2025-01-26,19:42:06,,2025_01_26__19_42_06,MachineObservation,Cerro_Hoya_Expedition_Hoya_606m_grisMejua_2025-01-26_2025-01-26,Cerro_Hoya_Expedition_Hoya_606m_grisMejua_2025-01-26,grisMejua_2025_01_26__19_42_06_HDR0.jpg,grisMejua_2025_01_26__19_42_06_HDR0_0_Mothbot_yolo11m_4500_imgsz1600_b1_2024-01-18.pt.jpg
doi.org10.15468dl.6nxkw6.csv,Animalia,Arthropoda,Insecta,Hemiptera,,,,,809,,Hemiptera,Hemiptera,Cerro_Hoya_Expedition_Hoya_606m_grisMejua_2025-01-26,grisMejua_2025_01_26__19_42_06_HDR0_1_Mothbot_yolo11m_4500_imgsz1600_b1_2024-01-18.pt.jpg,HS,Mothbot_yolo11m_4500_imgsz1600_b1_2024-01-18.pt,0.6716718673706055,,grisMejua,Cerro_Hoya_Expedition/Hoya_606m_grisMejua_2025-01-26/2025-01-26/patches/grisMejua_2025_01_26__19_42_06_HDR0_1_Mothbot_yolo11m_4500_imgsz1600_b1_2024-01-18.pt.jpg,ORDER_Coleoptera,2025-01-26,19:42:06,,2025_01_26__19_42_06,MachineObservation,Cerro_Hoya_Expedition_Hoya_606m_grisMejua_2025-01-26_2025-01-26,Cerro_Hoya_Expedition_Hoya_606m_grisMejua_2025-01-26,grisMejua_2025_01_26__19_42_06_HDR0.jpg,grisMejua_2025_01_26__19_42_06_HDR0_1_Mothbot_yolo11m_4500_imgsz1600_b1_2024-01-18.pt.jpg
doi.org10.15468dl.6nxkw6.csv,Animalia,Arthropoda,Insecta,Hemiptera,,,,,809,,Hemiptera,Hemiptera,Cerro_Hoya_Expedition_Hoya_606m_grisMejua_2025-01-26,grisMejua_2025_01_26__19_42_06_HDR0_2_Mothbot_yolo11m_4500_imgsz1600_b1_2024-01-18.pt.jpg,HS,Mothbot_yolo11m_4500_imgsz1600_b1_2024-01-18.pt,0.58892422914505,,grisMejua,Cerro_Hoya_Expedition/Hoya_606m_grisMejua_2025-01-26/2025-01-26/patches/grisMejua_2025_01_26__19_42_06_HDR0_2_Mothbot_yolo11m_4500_imgsz1600_b1_2024-01-18.pt.jpg,ORDER_Hemiptera,2025-01-26,19:42:06,,2025_01_26__19_42_06,MachineObservation,Cerro_Hoya_Expedition_Hoya_606m_grisMejua_2025-01-26_2025-01-26,Cerro_Hoya_Expedition_Hoya_606m_grisMejua_2025-01-26,grisMejua_2025_01_26__19_42_06_HDR0.jpg,grisMejua_2025_01_26__19_42_06_HDR0_2_Mothbot_yolo11m_4500_imgsz1600_b1_2024-01-18.pt.jpg
doi.org10.15468dl.6nxkw6.csv,Animalia,Arthropoda,Insecta,Coleoptera,,,,Coleoptera29,1470,,Coleoptera,Coleoptera29,Cerro_Hoya_Expedition_Hoya_606m_grisMejua_2025-01-26,grisMejua_2025_01_26__19_42_06_HDR0_3_Mothbot_yolo11m_4500_imgsz1600_b1_2024-01-18.pt.jpg,HS,Mothbot_yolo11m_4500_imgsz1600_b1_2024-01-18.pt,0.5843561887741089,,grisMejua,Cerro_Hoya_Expedition/Hoya_606m_grisMejua_2025-01-26/2025-01-26/patches/grisMejua_2025_01_26__19_42_06_HDR0_3_Mothbot_yolo11m_4500_imgsz1600_b1_2024-01-18.pt.jpg,ORDER_Hemiptera,2025-01-26,19:42:06,,2025_01_26__19_42_06,MachineObservation,Cerro_Hoya_Expedition_Hoya_606m_grisMejua_2025-01-26_2025-01-26,Cerro_Hoya_Expedition_Hoya_606m_grisMejua_2025-01-26,grisMejua_2025_01_26__19_42_06_HDR0.jpg,grisMejua_2025_01_26__19_42_06_HDR0_3_Mothbot_yolo11m_4500_imgsz1600_b1_2024-01-18.pt.jpg
doi.org10.15468dl.6nxkw6.csv,Animalia,Arthropoda,Insecta,Lepidoptera,,,,,797,,Lepidoptera,Lepidoptera,Cerro_Hoya_Expedition_Hoya_606m_grisMejua_2025-01-26,grisMejua_2025_01_26__19_42_06_HDR0_4_Mothbot_yolo11m_4500_imgsz1600_b1_2024-01-18.pt.jpg,HS,Mothbot_yolo11m_4500_imgsz1600_b1_2024-01-18.pt,0.43275201320648193,,grisMejua,Cerro_Hoya_Expedition/Hoya_606m_grisMejua_2025-01-26/2025-01-26/patches/grisMejua_2025_01_26__19_42_06_HDR0_4_Mothbot_yolo11m_4500_imgsz1600_b1_2024-01-18.pt.jpg,ORDER_Lepidoptera,2025-01-26,19:42:06,,2025_01_26__19_42_06,MachineObservation,Cerro_Hoya_Expedition_Hoya_606m_grisMejua_2025-01-26_2025-01-26,Cerro_Hoya_Expedition_Hoya_606m_grisMejua_2025-01-26,grisMejua_2025_01_26__19_42_06_HDR0.jpg,grisMejua_2025_01_26__19_42_06_HDR0_4_Mothbot_yolo11m_4500_imgsz1600_b1_2024-01-18.pt.jpg
doi.org10.15468dl.6nxkw6.csv,Animalia,Arthropoda,Insecta,Hemiptera,,,,,809,,Hemiptera,Hemiptera,Cerro_Hoya_Expedition_Hoya_606m_grisMejua_2025-01-26,grisMejua_2025_01_26__19_42_06_HDR0_5_Mothbot_yolo11m_4500_imgsz1600_b1_2024-01-18.pt.jpg,HS,Mothbot_yolo11m_4500_imgsz1600_b1_2024-01-18.pt,0.33678877353668213,,grisMejua,Cerro_Hoya_Expedition/Hoya_606m_grisMejua_2025-01-26/2025-01-26/patches/grisMejua_2025_01_26__19_42_06_HDR0_5_Mothbot_yolo11m_4500_imgsz1600_b1_2024-01-18.pt.jpg,ORDER_Diptera,2025-01-26,19:42:06,,2025_01_26__19_42_06,MachineObservation,Cerro_Hoya_Expedition_Hoya_606m_grisMejua_2025-01-26_2025-01-26,Cerro_Hoya_Expedition_Hoya_606m_grisMejua_2025-01-26,grisMejua_2025_01_26__19_42_06_HDR0.jpg,grisMejua_2025_01_26__19_42_06_HDR0_5_Mothbot_yolo11m_4500_imgsz1600_b1_2024-01-18.pt.jpg
doi.org10.15468dl.6nxkw6.csv,Animalia,Arthropoda,Insecta,Coleoptera,Scarabaeidae,Cyclocephala,melanocephala,,4994793,,melanocephala,Cyclocephala melanocephala,Cerro_Hoya_Expedition_Hoya_606m_grisMejua_2025-01-26,grisMejua_2025_01_26__19_42_06_HDR0_6_Mothbot_yolo11m_4500_imgsz1600_b1_2024-01-18.pt.jpg,HS,Mothbot_yolo11m_4500_imgsz1600_b1_2024-01-18.pt,0.26727816462516785,,grisMejua,Cerro_Hoya_Expedition/Hoya_606m_grisMejua_2025-01-26/2025-01-26/patches/grisMejua_2025_01_26__19_42_06_HDR0_6_Mothbot_yolo11m_4500_imgsz1600_b1_2024-01-18.pt.jpg,ORDER_Coleoptera,2025-01-26,19:42:06,,2025_01_26__19_42_06,MachineObservation,Cerro_Hoya_Expedition_Hoya_606m_grisMejua_2025-01-26_2025-01-26,Cerro_Hoya_Expedition_Hoya_606m_grisMejua_2025-01-26,grisMejua_2025_01_26__19_42_06_HDR0.jpg,grisMejua_2025_01_26__19_42_06_HDR0_6_Mothbot_yolo11m_4500_imgsz1600_b1_2024-01-18.pt.jpg
doi.org10.15468dl.6nxkw6.csv,Animalia,Arthropoda,Insecta,Lepidoptera,,,,,797,,Lepidoptera,Lepidoptera,Cerro_Hoya_Expedition_Hoya_606m_grisMejua_2025-01-26,grisMejua_2025_01_26__19_43_22_HDR0_0_Mothbot_yolo11m_4500_imgsz1600_b1_2024-01-18.pt.jpg,HS,Mothbot_yolo11m_4500_imgsz1600_b1_2024-01-18.pt,0.7835156917572021,,grisMejua,Cerro_Hoya_Expedition/Hoya_606m_grisMejua_2025-01-26/2025-01-26/patches/grisMejua_2025_01_26__19_43_22_HDR0_0_Mothbot_yolo11m_4500_imgsz1600_b1_2024-01-18.pt.jpg,ORDER_Lepidoptera,2025-01-26,19:43:22,,2025_01_26__19_43_22,MachineObservation,Cerro_Hoya_Expedition_Hoya_606m_grisMejua_2025-01-26_2025-01-26,Cerro_Hoya_Expedition_Hoya_606m_grisMejua_2025-01-26,grisMejua_2025_01_26__19_43_22_HDR0.jpg,grisMejua_2025_01_26__19_43_22_HDR0_0_Mothbot_yolo11m_4500_imgsz1600_b1_2024-01-18.pt.jpg
doi.org10.15468dl.6nxkw6.csv,Animalia,Arthropoda,Insecta,Hemiptera,,,,,809,,Hemiptera,Hemiptera,Cerro_Hoya_Expedition_Hoya_606m_grisMejua_2025-01-26,grisMejua_2025_01_26__19_43_22_HDR0_1_Mothbot_yolo11m_4500_imgsz1600_b1_2024-01-18.pt.jpg,HS,Mothbot_yolo11m_4500_imgsz1600_b1_2024-01-18.pt,0.6591640710830688,,grisMejua,Cerro_Hoya_Expedition/Hoya_606m_grisMejua_2025-01-26/2025-01-26/patches/grisMejua_2025_01_26__19_43_22_HDR0_1_Mothbot_yolo11m_4500_imgsz1600_b1_2024-01-18.pt.jpg,ORDER_Diptera,2025-01-26,19:43:22,,2025_01_26__19_43_22,MachineObservation,Cerro_Hoya_Expedition_Hoya_606m_grisMejua_2025-01-26_2025-01-26,Cerro_Hoya_Expedition_Hoya_606m_grisMejua_2025-01-26,grisMejua_2025_01_26__19_43_22_HDR0.jpg,grisMejua_2025_01_26__19_43_22_HDR0_1_Mothbot_yolo11m_4500_imgsz1600_b1_2024-01-18.pt.jpg
doi.org10.15468dl.6nxkw6.csv,Animalia,Arthropoda,Insecta,Hemiptera,,,,,809,,Hemiptera,Hemiptera,Cerro_Hoya_Expedition_Hoya_606m_grisMejua_2025-01-26,grisMejua_2025_01_26__19_43_22_HDR0_2_Mothbot_yolo11m_4500_imgsz1600_b1_2024-01-18.pt.jpg,HS,Mothbot_yolo11m_4500_imgsz1600_b1_2024-01-18.pt,0.590325653553009,,grisMejua,Cerro_Hoya_Expedition/Hoya_606m_grisMejua_2025-01-26/2025-01-26/patches/grisMejua_2025_01_26__19_43_22_HDR0_2_Mothbot_yolo11m_4500_imgsz1600_b1_2024-01-18.pt.jpg,ORDER_Diptera,2025-01-26,19:43:22,,2025_01_26__19_43_22,MachineObservation,Cerro_Hoya_Expedition_Hoya_606m_grisMejua_2025-01-26_2025-01-26,Cerro_Hoya_Expedition_Hoya_606m_grisMejua_2025-01-26,grisMejua_2025_01_26__19_43_22_HDR0.jpg,grisMejua_2025_01_26__19_43_22_HDR0_2_Mothbot_yolo11m_4500_imgsz1600_b1_2024-01-18.pt.jpg
doi.org10.15468dl.6nxkw6.csv,Animalia,Arthropoda,Insecta,Hemiptera,,,,,809,,Hemiptera,Hemiptera,Cerro_Hoya_Expedition_Hoya_606m_grisMejua_2025-01-26,grisMejua_2025_01_26__19_43_22_HDR0_3_Mothbot_yolo11m_4500_imgsz1600_b1_2024-01-18.pt.jpg,HS,Mothbot_yolo11m_4500_imgsz1600_b1_2024-01-18.pt,0.583459198474884,,grisMejua,Cerro_Hoya_Expedition/Hoya_606m_grisMejua_2025-01-26/2025-01-26/patches/grisMejua_2025_01_26__19_43_22_HDR0_3_Mothbot_yolo11m_4500_imgsz1600_b1_2024-01-18.pt.jpg,ORDER_Hymenoptera,2025-01-26,19:43:22,,2025_01_26__19_43_22,MachineObservation,Cerro_Hoya_Expedition_Hoya_606m_grisMejua_2025-01-26_2025-01-26,Cerro_Hoya_Expedition_Hoya_606m_grisMejua_2025-01-26,grisMejua_2025_01_26__19_43_22_HDR0.jpg,grisMejua_2025_01_26__19_43_22_HDR0_3_Mothbot_yolo11m_4500_imgsz1600_b1_2024-01-18.pt.jpg
doi.org10.15468dl.6nxkw6.csv,Animalia,Arthropoda,Insecta,Lepidoptera,,,,,797,,Lepidoptera,Lepidoptera,Cerro_Hoya_Expedition_Hoya_606m_grisMejua_2025-01-26,grisMejua_2025_01_26__19_43_22_HDR0_4_Mothbot_yolo11m_4500_imgsz1600_b1_2024-01-18.pt.jpg,HS,Mothbot_yolo11m_4500_imgsz1600_b1_2024-01-18.pt,0.5576942563056946,,grisMejua,Cerro_Hoya_Expedition/Hoya_606m_grisMejua_2025-01-26/2025-01-26/patches/grisMejua_2025_01_26__19_43_22_HDR0_4_Mothbot_yolo11m_4500_imgsz1600_b1_2024-01-18.pt.jpg,ORDER_Lepidoptera,2025-01-26,19:43:22,,2025_01_26__19_43_22,MachineObservation,Cerro_Hoya_Expedition_Hoya_606m_grisMejua_2025-01-26_2025-01-26,Cerro_Hoya_Expedition_Hoya_606m_grisMejua_2025-01-26,grisMejua_2025_01_26__19_43_22_HDR0.jpg,grisMejua_2025_01_26__19_43_22_HDR0_4_Mothbot_yolo11m_4500_imgsz1600_b1_2024-01-18.pt.jpg
doi.org10.15468dl.6nxkw6.csv,Animalia,Arthropoda,Insecta,Hemiptera,,,,,809,,Hemiptera,Hemiptera,Cerro_Hoya_Expedition_Hoya_606m_grisMejua_2025-01-26,grisMejua_2025_01_26__19_43_22_HDR0_5_Mothbot_yolo11m_4500_imgsz1600_b1_2024-01-18.pt.jpg,HS,Mothbot_yolo11m_4500_imgsz1600_b1_2024-01-18.pt,0.5074029564857483,,grisMejua,Cerro_Hoya_Expedition/Hoya_606m_grisMejua_2025-01-26/2025-01-26/patches/grisMejua_2025_01_26__19_43_22_HDR0_5_Mothbot_yolo11m_4500_imgsz1600_b1_2024-01-18.pt.jpg,ORDER_Hemiptera,2025-01-26,19:43:22,,2025_01_26__19_43_22,MachineObservation,Cerro_Hoya_Expedition_Hoya_606m_grisMejua_2025-01-26_2025-01-26,Cerro_Hoya_Expedition_Hoya_606m_grisMejua_2025-01-26,grisMejua_2025_01_26__19_43_22_HDR0.jpg,grisMejua_2025_01_26__19_43_22_HDR0_5_Mothbot_yolo11m_4500_imgsz1600_b1_2024-01-18.pt.jpg
doi.org10.15468dl.6nxkw6.csv,Animalia,Arthropoda,Insecta,Coleoptera,,,,Coleoptera29,1470,,Coleoptera,Coleoptera29,Cerro_Hoya_Expedition_Hoya_606m_grisMejua_2025-01-26,grisMejua_2025_01_26__19_43_22_HDR0_6_Mothbot_yolo11m_4500_imgsz1600_b1_2024-01-18.pt.jpg,HS,Mothbot_yolo11m_4500_imgsz1600_b1_2024-01-18.pt,0.42291000485420227,,grisMejua,Cerro_Hoya_Expedition/Hoya_606m_grisMejua_2025-01-26/2025-01-26/patches/grisMejua_2025_01_26__19_43_22_HDR0_6_Mothbot_yolo11m_4500_imgsz1600_b1_2024-01-18.pt.jpg,ORDER_Hemiptera,2025-01-26,19:43:22,,2025_01_26__19_43_22,MachineObservation,Cerro_Hoya_Expedition_Hoya_606m_grisMejua_2025-01-26_2025-01-26,Cerro_Hoya_Expedition_Hoya_606m_grisMejua_2025-01-26,grisMejua_2025_01_26__19_43_22_HDR0.jpg,grisMejua_2025_01_26__19_43_22_HDR0_6_Mothbot_yolo11m_4500_imgsz1600_b1_2024-01-18.pt.jpg
doi.org10.15468dl.6nxkw6.csv,Animalia,Arthropoda,Insecta,Coleoptera,Scarabaeidae,Cyclocephala,melanocephala,,4994793,,melanocephala,Cyclocephala melanocephala,Cerro_Hoya_Expedition_Hoya_606m_grisMejua_2025-01-26,grisMejua_2025_01_26__19_43_22_HDR0_7_Mothbot_yolo11m_4500_imgsz1600_b1_2024-01-18.pt.jpg,HS,Mothbot_yolo11m_4500_imgsz1600_b1_2024-01-18.pt,0.3077169954776764,,grisMejua,Cerro_Hoya_Expedition/Hoya_606m_grisMejua_2025-01-26/2025-01-26/patches/grisMejua_2025_01_26__19_43_22_HDR0_7_Mothbot_yolo11m_4500_imgsz1600_b1_2024-01-18.pt.jpg,ORDER_Coleoptera,2025-01-26,19:43:22,,2025_01_26__19_43_22,MachineObservation,Cerro_Hoya_Expedition_Hoya_606m_grisMejua_2025-01-26_2025-01-26,Cerro_Hoya_Expedition_Hoya_606m_grisMejua_2025-01-26,grisMejua_2025_01_26__19_43_22_HDR0.jpg,grisMejua_2025_01_26__19_43_22_HDR0_7_Mothbot_yolo11m_4500_imgsz1600_b1_2024-01-18.pt.jpg
doi.org10.15468dl.6nxkw6.csv,Animalia,Arthropoda,Insecta,Lepidoptera,,,,,797,,Lepidoptera,Lepidoptera,Cerro_Hoya_Expedition_Hoya_606m_grisMejua_2025-01-26,grisMejua_2025_01_26__19_44_06_HDR0_0_Mothbot_yolo11m_4500_imgsz1600_b1_2024-01-18.pt.jpg,HS,Mothbot_yolo11m_4500_imgsz1600_b1_2024-01-18.pt,0.776268720626831,,grisMejua,Cerro_Hoya_Expedition/Hoya_606m_grisMejua_2025-01-26/2025-01-26/patches/grisMejua_2025_01_26__19_44_06_HDR0_0_Mothbot_yolo11m_4500_imgsz1600_b1_2024-01-18.pt.jpg,ORDER_Lepidoptera,2025-01-26,19:44:06,,2025_01_26__19_44_06,MachineObservation,Cerro_Hoya_Expedition_Hoya_606m_grisMejua_2025-01-26_2025-01-26,Cerro_Hoya_Expedition_Hoya_606m_grisMejua_2025-01-26,grisMejua_2025_01_26__19_44_06_HDR0.jpg,grisMejua_2025_01_26__19_44_06_HDR0_0_Mothbot_yolo11m_4500_imgsz1600_b1_2024-01-18.pt.jpg
doi.org10.15468dl.6nxkw6.csv,Animalia,Arthropoda,Insecta,Coleoptera,,,,Coleoptera36,1470,,Coleoptera,Coleoptera36,Cerro_Hoya_Expedition_Hoya_606m_grisMejua_2025-01-26,grisMejua_2025_01_26__19_44_06_HDR0_1_Mothbot_yolo11m_4500_imgsz1600_b1_2024-01-18.pt.jpg,HS,Mothbot_yolo11m_4500_imgsz1600_b1_2024-01-18.pt,0.6950057744979858,,grisMejua,Cerro_Hoya_Expedition/Hoya_606m_grisMejua_2025-01-26/2025-01-26/patches/grisMejua_2025_01_26__19_44_06_HDR0_1_Mothbot_yolo11m_4500_imgsz1600_b1_2024-01-18.pt.jpg,ORDER_Hymenoptera,2025-01-26,19:44:06,,2025_01_26__19_44_06,MachineObservation,Cerro_Hoya_Expedition_Hoya_606m_grisMejua_2025-01-26_2025-01-26,Cerro_Hoya_Expedition_Hoya_606m_grisMejua_2025-01-26,grisMejua_2025_01_26__19_44_06_HDR0.jpg,grisMejua_2025_01_26__19_44_06_HDR0_1_Mothbot_yolo11m_4500_imgsz1600_b1_2024-01-18.pt.jpg
doi.org10.15468dl.6nxkw6.csv,Animalia,Arthropoda,Insecta,Hemiptera,,,,,809,,Hemiptera,Hemiptera,Cerro_Hoya_Expedition_Hoya_606m_grisMejua_2025-01-26,grisMejua_2025_01_26__19_44_06_HDR0_2_Mothbot_yolo11m_4500_imgsz1600_b1_2024-01-18.pt.jpg,HS,Mothbot_yolo11m_4500_imgsz1600_b1_2024-01-18.pt,0.6789267659187317,,grisMejua,Cerro_Hoya_Expedition/Hoya_606m_grisMejua_2025-01-26/2025-01-26/patches/grisMejua_2025_01_26__19_44_06_HDR0_2_Mothbot_yolo11m_4500_imgsz1600_b1_2024-01-18.pt.jpg,ORDER_Diptera,2025-01-26,19:44:06,,2025_01_26__19_44_06,MachineObservation,Cerro_Hoya_Expedition_Hoya_606m_grisMejua_2025-01-26_2025-01-26,Cerro_Hoya_Expedition_Hoya_606m_grisMejua_2025-01-26,grisMejua_2025_01_26__19_44_06_HDR0.jpg,grisMejua_2025_01_26__19_44_06_HDR0_2_Mothbot_yolo11m_4500_imgsz1600_b1_2024-01-18.pt.jpg
doi.org10.15468dl.6nxkw6.csv,Animalia,Arthropoda,Insecta,Hemiptera,,,,,809,,Hemiptera,Hemiptera,Cerro_Hoya_Expedition_Hoya_606m_grisMejua_2025-01-26,grisMejua_2025_01_26__19_44_06_HDR0_3_Mothbot_yolo11m_4500_imgsz1600_b1_2024-01-18.pt.jpg,HS,Mothbot_yolo11m_4500_imgsz1600_b1_2024-01-18.pt,0.6003796458244324,,grisMejua,Cerro_Hoya_Expedition/Hoya_606m_grisMejua_2025-01-26/2025-01-26/patches/grisMejua_2025_01_26__19_44_06_HDR0_3_Mothbot_yolo11m_4500_imgsz1600_b1_2024-01-18.pt.jpg,ORDER_Hymenoptera,2025-01-26,19:44:06,,2025_01_26__19_44_06,MachineObservation,Cerro_Hoya_Expedition_Hoya_606m_grisMejua_2025-01-26_2025-01-26,Cerro_Hoya_Expedition_Hoya_606m_grisMejua_2025-01-26,grisMejua_2025_01_26__19_44_06_HDR0.jpg,grisMejua_2025_01_26__19_44_06_HDR0_3_Mothbot_yolo11m_4500_imgsz1600_b1_2024-01-18.pt.jpg
doi.org10.15468dl.6nxkw6.csv,Animalia,Arthropoda,Insecta,Lepidoptera,,,,,797,,Lepidoptera,Lepidoptera,Cerro_Hoya_Expedition_Hoya_606m_grisMejua_2025-01-26,grisMejua_2025_01_26__19_44_06_HDR0_4_Mothbot_yolo11m_4500_imgsz1600_b1_2024-01-18.pt.jpg,HS,Mothbot_yolo11m_4500_imgsz1600_b1_2024-01-18.pt,0.5337886810302734,,grisMejua,Cerro_Hoya_Expedition/Hoya_606m_grisMejua_2025-01-26/2025-01-26/patches/grisMejua_2025_01_26__19_44_06_HDR0_4_Mothbot_yolo11m_4500_imgsz1600_b1_2024-01-18.pt.jpg,ORDER_Lepidoptera,2025-01-26,19:44:06,,2025_01_26__19_44_06,MachineObservation,Cerro_Hoya_Expedition_Hoya_606m_grisMejua_2025-01-26_2025-01-26,Cerro_Hoya_Expedition_Hoya_606m_grisMejua_2025-01-26,grisMejua_2025_01_26__19_44_06_HDR0.jpg,grisMejua_2025_01_26__19_44_06_HDR0_4_Mothbot_yolo11m_4500_imgsz1600_b1_2024-01-18.pt.jpg
doi.org10.15468dl.6nxkw6.csv,Animalia,Arthropoda,Insecta,Hemiptera,,,,,809,,Hemiptera,Hemiptera,Cerro_Hoya_Expedition_Hoya_606m_grisMejua_2025-01-26,grisMejua_2025_01_26__19_44_06_HDR0_5_Mothbot_yolo11m_4500_imgsz1600_b1_2024-01-18.pt.jpg,HS,Mothbot_yolo11m_4500_imgsz1600_b1_2024-01-18.pt,0.49707725644111633,,grisMejua,Cerro_Hoya_Expedition/Hoya_606m_grisMejua_2025-01-26/2025-01-26/patches/grisMejua_2025_01_26__19_44_06_HDR0_5_Mothbot_yolo11m_4500_imgsz1600_b1_2024-01-18.pt.jpg,ORDER_Hemiptera,2025-01-26,19:44:06,,2025_01_26__19_44_06,MachineObservation,Cerro_Hoya_Expedition_Hoya_606m_grisMejua_2025-01-26_2025-01-26,Cerro_Hoya_Expedition_Hoya_606m_grisMejua_2025-01-26,grisMejua_2025_01_26__19_44_06_HDR0.jpg,grisMejua_2025_01_26__19_44_06_HDR0_5_Mothbot_yolo11m_4500_imgsz1600_b1_2024-01-18.pt.jpg
doi.org10.15468dl.6nxkw6.csv,Animalia,Arthropoda,Insecta,Coleoptera,,,,Coleoptera_unknown,1470,,Coleoptera,Coleoptera_unknown,Cerro_Hoya_Expedition_Hoya_606m_grisMejua_2025-01-26,grisMejua_2025_01_26__19_44_06_HDR0_6_Mothbot_yolo11m_4500_imgsz1600_b1_2024-01-18.pt.jpg,HS,Mothbot_yolo11m_4500_imgsz1600_b1_2024-01-18.pt,0.41159766912460327,,grisMejua,Cerro_Hoya_Expedition/Hoya_606m_grisMejua_2025-01-26/2025-01-26/patches/grisMejua_2025_01_26__19_44_06_HDR0_6_Mothbot_yolo11m_4500_imgsz1600_b1_2024-01-18.pt.jpg,ORDER_Coleoptera,2025-01-26,19:44:06,,2025_01_26__19_44_06,MachineObservation,Cerro_Hoya_Expedition_Hoya_606m_grisMejua_2025-01-26_2025-01-26,Cerro_Hoya_Expedition_Hoya_606m_grisMejua_2025-01-26,grisMejua_2025_01_26__19_44_06_HDR0.jpg,grisMejua_2025_01_26__19_44_06_HDR0_6_Mothbot_yolo11m_4500_imgsz1600_b1_2024-01-18.pt.jpg
doi.org10.15468dl.6nxkw6.csv,Animalia,Arthropoda,Insecta,Coleoptera,,,,Coleoptera29,1470,,Coleoptera,Coleoptera29,Cerro_Hoya_Expedition_Hoya_606m_grisMejua_2025-01-26,grisMejua_2025_01_26__19_44_06_HDR0_7_Mothbot_yolo11m_4500_imgsz1600_b1_2024-01-18.pt.jpg,HS,Mothbot_yolo11m_4500_imgsz1600_b1_2024-01-18.pt,0.2780890464782715,,grisMejua,Cerro_Hoya_Expedition/Hoya_606m_grisMejua_2025-01-26/2025-01-26/patches/grisMejua_2025_01_26__19_44_06_HDR0_7_Mothbot_yolo11m_4500_imgsz1600_b1_2024-01-18.pt.jpg,ORDER_Hymenoptera,2025-01-26,19:44:06,,2025_01_26__19_44_06,MachineObservation,Cerro_Hoya_Expedition_Hoya_606m_grisMejua_2025-01-26_2025-01-26,Cerro_Hoya_Expedition_Hoya_606m_grisMejua_2025-01-26,grisMejua_2025_01_26__19_44_06_HDR0.jpg,grisMejua_2025_01_26__19_44_06_HDR0_7_Mothbot_yolo11m_4500_imgsz1600_b1_2024-01-18.pt.jpg
doi.org10.15468dl.6nxkw6.csv,Animalia,Arthropoda,Insecta,Coleoptera,Scarabaeidae,Cyclocephala,melanocephala,,4994793,,melanocephala,Cyclocephala melanocephala,Cerro_Hoya_Expedition_Hoya_606m_grisMejua_2025-01-26,grisMejua_2025_01_26__19_44_06_HDR0_8_Mothbot_yolo11m_4500_imgsz1600_b1_2024-01-18.pt.jpg,HS,Mothbot_yolo11m_4500_imgsz1600_b1_2024-01-18.pt,0.26192083954811096,,grisMejua,Cerro_Hoya_Expedition/Hoya_606m_grisMejua_2025-01-26/2025-01-26/patches/grisMejua_2025_01_26__19_44_06_HDR0_8_Mothbot_yolo11m_4500_imgsz1600_b1_2024-01-18.pt.jpg,ORDER_Coleoptera,2025-01-26,19:44:06,,2025_01_26__19_44_06,MachineObservation,Cerro_Hoya_Expedition_Hoya_606m_grisMejua_2025-01-26_2025-01-26,Cerro_Hoya_Expedition_Hoya_606m_grisMejua_2025-01-26,grisMejua_2025_01_26__19_44_06_HDR0.jpg,grisMejua_2025_01_26__19_44_06_HDR0_8_Mothbot_yolo11m_4500_imgsz1600_b1_2024-01-18.pt.jpg
doi.org10.15468dl.6nxkw6.csv,Animalia,Arthropoda,Insecta,Lepidoptera,,,,,797,,Lepidoptera,Lepidoptera,Cerro_Hoya_Expedition_Hoya_606m_grisMejua_2025-01-26,grisMejua_2025_01_26__19_45_05_HDR0_0_Mothbot_yolo11m_4500_imgsz1600_b1_2024-01-18.pt.jpg,HS,Mothbot_yolo11m_4500_imgsz1600_b1_2024-01-18.pt,0.7854340076446533,,grisMejua,Cerro_Hoya_Expedition/Hoya_606m_grisMejua_2025-01-26/2025-01-26/patches/grisMejua_2025_01_26__19_45_05_HDR0_0_Mothbot_yolo11m_4500_imgsz1600_b1_2024-01-18.pt.jpg,ORDER_Lepidoptera,2025-01-26,19:45:05,,2025_01_26__19_45_05,MachineObservation,Cerro_Hoya_Expedition_Hoya_606m_grisMejua_2025-01-26_2025-01-26,Cerro_Hoya_Expedition_Hoya_606m_grisMejua_2025-01-26,grisMejua_2025_01_26__19_45_05_HDR0.jpg,grisMejua_2025_01_26__19_45_05_HDR0_0_Mothbot_yolo11m_4500_imgsz1600_b1_2024-01-18.pt.jpg
doi.org10.15468dl.6nxkw6.csv,Animalia,Arthropoda,Insecta,Hemiptera,,,,,809,,Hemiptera,Hemiptera,Cerro_Hoya_Expedition_Hoya_606m_grisMejua_2025-01-26,grisMejua_2025_01_26__19_45_05_HDR0_1_Mothbot_yolo11m_4500_imgsz1600_b1_2024-01-18.pt.jpg,HS,Mothbot_yolo11m_4500_imgsz1600_b1_2024-01-18.pt,0.704035758972168,,grisMejua,Cerro_Hoya_Expedition/Hoya_606m_grisMejua_2025-01-26/2025-01-26/patches/grisMejua_2025_01_26__19_45_05_HDR0_1_Mothbot_yolo11m_4500_imgsz1600_b1_2024-01-18.pt.jpg,ORDER_Diptera,2025-01-26,19:45:05,,2025_01_26__19_45_05,MachineObservation,Cerro_Hoya_Expedition_Hoya_606m_grisMejua_2025-01-26_2025-01-26,Cerro_Hoya_Expedition_Hoya_606m_grisMejua_2025-01-26,grisMejua_2025_01_26__19_45_05_HDR0.jpg,grisMejua_2025_01_26__19_45_05_HDR0_1_Mothbot_yolo11m_4500_imgsz1600_b1_2024-01-18.pt.jpg
doi.org10.15468dl.6nxkw6.csv,Animalia,Arthropoda,Insecta,Hemiptera,,,,,809,,Hemiptera,Hemiptera,Cerro_Hoya_Expedition_Hoya_606m_grisMejua_2025-01-26,grisMejua_2025_01_26__19_45_05_HDR0_2_Mothbot_yolo11m_4500_imgsz1600_b1_2024-01-18.pt.jpg,HS,Mothbot_yolo11m_4500_imgsz1600_b1_2024-01-18.pt,0.590809166431427,,grisMejua,Cerro_Hoya_Expedition/Hoya_606m_grisMejua_2025-01-26/2025-01-26/patches/grisMejua_2025_01_26__19_45_05_HDR0_2_Mothbot_yolo11m_4500_imgsz1600_b1_2024-01-18.pt.jpg,ORDER_Psocodea,2025-01-26,19:45:05,,2025_01_26__19_45_05,MachineObservation,Cerro_Hoya_Expedition_Hoya_606m_grisMejua_2025-01-26_2025-01-26,Cerro_Hoya_Expedition_Hoya_606m_grisMejua_2025-01-26,grisMejua_2025_01_26__19_45_05_HDR0.jpg,grisMejua_2025_01_26__19_45_05_HDR0_2_Mothbot_yolo11m_4500_imgsz1600_b1_2024-01-18.pt.jpg
doi.org10.15468dl.6nxkw6.csv,Animalia,Arthropoda,Insecta,Hemiptera,,,,,809,,Hemiptera,Hemiptera,Cerro_Hoya_Expedition_Hoya_606m_grisMejua_2025-01-26,grisMejua_2025_01_26__19_45_05_HDR0_3_Mothbot_yolo11m_4500_imgsz1600_b1_2024-01-18.pt.jpg,HS,Mothbot_yolo11m_4500_imgsz1600_b1_2024-01-18.pt,0.5252752304077148,,grisMejua,Cerro_Hoya_Expedition/Hoya_606m_grisMejua_2025-01-26/2025-01-26/patches/grisMejua_2025_01_26__19_45_05_HDR0_3_Mothbot_yolo11m_4500_imgsz1600_b1_2024-01-18.pt.jpg,ORDER_Diptera,2025-01-26,19:45:05,,2025_01_26__19_45_05,MachineObservation,Cerro_Hoya_Expedition_Hoya_606m_grisMejua_2025-01-26_2025-01-26,Cerro_Hoya_Expedition_Hoya_606m_grisMejua_2025-01-26,grisMejua_2025_01_26__19_45_05_HDR0.jpg,grisMejua_2025_01_26__19_45_05_HDR0_3_Mothbot_yolo11m_4500_imgsz1600_b1_2024-01-18.pt.jpg
doi.org10.15468dl.6nxkw6.csv,Animalia,Arthropoda,Insecta,Coleoptera,,,,Coleoptera29,1470,,Coleoptera,Coleoptera29,Cerro_Hoya_Expedition_Hoya_606m_grisMejua_2025-01-26,grisMejua_2025_01_26__19_45_05_HDR0_4_Mothbot_yolo11m_4500_imgsz1600_b1_2024-01-18.pt.jpg,HS,Mothbot_yolo11m_4500_imgsz1600_b1_2024-01-18.pt,0.46820881962776184,,grisMejua,Cerro_Hoya_Expedition/Hoya_606m_grisMejua_2025-01-26/2025-01-26/patches/grisMejua_2025_01_26__19_45_05_HDR0_4_Mothbot_yolo11m_4500_imgsz1600_b1_2024-01-18.pt.jpg,ORDER_Diptera,2025-01-26,19:45:05,,2025_01_26__19_45_05,MachineObservation,Cerro_Hoya_Expedition_Hoya_606m_grisMejua_2025-01-26_2025-01-26,Cerro_Hoya_Expedition_Hoya_606m_grisMejua_2025-01-26,grisMejua_2025_01_26__19_45_05_HDR0.jpg,grisMejua_2025_01_26__19_45_05_HDR0_4_Mothbot_yolo11m_4500_imgsz1600_b1_2024-01-18.pt.jpg
doi.org10.15468dl.6nxkw6.csv,Animalia,Arthropoda,Insecta,Lepidoptera,,,,,797,,Lepidoptera,Lepidoptera,Cerro_Hoya_Expedition_Hoya_606m_grisMejua_2025-01-26,grisMejua_2025_01_26__19_45_05_HDR0_5_Mothbot_yolo11m_4500_imgsz1600_b1_2024-01-18.pt.jpg,HS,Mothbot_yolo11m_4500_imgsz1600_b1_2024-01-18.pt,0.39851412177085876,,grisMejua,Cerro_Hoya_Expedition/Hoya_606m_grisMejua_2025-01-26/2025-01-26/patches/grisMejua_2025_01_26__19_45_05_HDR0_5_Mothbot_yolo11m_4500_imgsz1600_b1_2024-01-18.pt.jpg,ORDER_Diptera,2025-01-26,19:45:05,,2025_01_26__19_45_05,MachineObservation,Cerro_Hoya_Expedition_Hoya_606m_grisMejua_2025-01-26_2025-01-26,Cerro_Hoya_Expedition_Hoya_606m_grisMejua_2025-01-26,grisMejua_2025_01_26__19_45_05_HDR0.jpg,grisMejua_2025_01_26__19_45_05_HDR0_5_Mothbot_yolo11m_4500_imgsz1600_b1_2024-01-18.pt.jpg
doi.org10.15468dl.6nxkw6.csv,Animalia,Arthropoda,Insecta,Coleoptera,Scarabaeidae,Cyclocephala,melanocephala,,4994793,,melanocephala,Cyclocephala melanocephala,Cerro_Hoya_Expedition_Hoya_606m_grisMejua_2025-01-26,grisMejua_2025_01_26__19_45_05_HDR0_6_Mothbot_yolo11m_4500_imgsz1600_b1_2024-01-18.pt.jpg,HS,Mothbot_yolo11m_4500_imgsz1600_b1_2024-01-18.pt,0.37932854890823364,,grisMejua,Cerro_Hoya_Expedition/Hoya_606m_grisMejua_2025-01-26/2025-01-26/patches/grisMejua_2025_01_26__19_45_05_HDR0_6_Mothbot_yolo11m_4500_imgsz1600_b1_2024-01-18.pt.jpg,ORDER_Coleoptera,2025-01-26,19:45:05,,2025_01_26__19_45_05,MachineObservation,Cerro_Hoya_Expedition_Hoya_606m_grisMejua_2025-01-26_2025-01-26,Cerro_Hoya_Expedition_Hoya_606m_grisMejua_2025-01-26,grisMejua_2025_01_26__19_45_05_HDR0.jpg,grisMejua_2025_01_26__19_45_05_HDR0_6_Mothbot_yolo11m_4500_imgsz1600_b1_2024-01-18.pt.jpg
doi.org10.15468dl.6nxkw6.csv,Animalia,Arthropoda,Insecta,Coleoptera,,,,Coleoptera_unknown,1470,,Coleoptera,Coleoptera_unknown,Cerro_Hoya_Expedition_Hoya_606m_grisMejua_2025-01-26,grisMejua_2025_01_26__19_45_05_HDR0_7_Mothbot_yolo11m_4500_imgsz1600_b1_2024-01-18.pt.jpg,HS,Mothbot_yolo11m_4500_imgsz1600_b1_2024-01-18.pt,0.3429810404777527,,grisMejua,Cerro_Hoya_Expedition/Hoya_606m_grisMejua_2025-01-26/2025-01-26/patches/grisMejua_2025_01_26__19_45_05_HDR0_7_Mothbot_yolo11m_4500_imgsz1600_b1_2024-01-18.pt.jpg,ORDER_Coleoptera,2025-01-26,19:45:05,,2025_01_26__19_45_05,MachineObservation,Cerro_Hoya_Expedition_Hoya_606m_grisMejua_2025-01-26_2025-01-26,Cerro_Hoya_Expedition_Hoya_606m_grisMejua_2025-01-26,grisMejua_2025_01_26__19_45_05_HDR0.jpg,grisMejua_2025_01_26__19_45_05_HDR0_7_Mothbot_yolo11m_4500_imgsz1600_b1_2024-01-18.pt.jpg
doi.org10.15468dl.6nxkw6.csv,Animalia,Arthropoda,Insecta,Lepidoptera,,,,,797,,Lepidoptera,Lepidoptera,Cerro_Hoya_Expedition_Hoya_606m_grisMejua_2025-01-26,grisMejua_2025_01_26__19_46_06_HDR0_0_Mothbot_yolo11m_4500_imgsz1600_b1_2024-01-18.pt.jpg,HS,Mothbot_yolo11m_4500_imgsz1600_b1_2024-01-18.pt,0.7673593759536743,,grisMejua,Cerro_Hoya_Expedition/Hoya_606m_grisMejua_2025-01-26/2025-01-26/patches/grisMejua_2025_01_26__19_46_06_HDR0_0_Mothbot_yolo11m_4500_imgsz1600_b1_2024-01-18.pt.jpg,ORDER_Lepidoptera,2025-01-26,19:46:06,,2025_01_26__19_46_06,MachineObservation,Cerro_Hoya_Expedition_Hoya_606m_grisMejua_2025-01-26_2025-01-26,Cerro_Hoya_Expedition_Hoya_606m_grisMejua_2025-01-26,grisMejua_2025_01_26__19_46_06_HDR0.jpg,grisMejua_2025_01_26__19_46_06_HDR0_0_Mothbot_yolo11m_4500_imgsz1600_b1_2024-01-18.pt.jpg
doi.org10.15468dl.6nxkw6.csv,Animalia,Arthropoda,Insecta,Hemiptera,,,,,809,,Hemiptera,Hemiptera,Cerro_Hoya_Expedition_Hoya_606m_grisMejua_2025-01-26,grisMejua_2025_01_26__19_46_06_HDR0_1_Mothbot_yolo11m_4500_imgsz1600_b1_2024-01-18.pt.jpg,HS,Mothbot_yolo11m_4500_imgsz1600_b1_2024-01-18.pt,0.6638050675392151,,grisMejua,Cerro_Hoya_Expedition/Hoya_606m_grisMejua_2025-01-26/2025-01-26/patches/grisMejua_2025_01_26__19_46_06_HDR0_1_Mothbot_yolo11m_4500_imgsz1600_b1_2024-01-18.pt.jpg,ORDER_Diptera,2025-01-26,19:46:06,,2025_01_26__19_46_06,MachineObservation,Cerro_Hoya_Expedition_Hoya_606m_grisMejua_2025-01-26_2025-01-26,Cerro_Hoya_Expedition_Hoya_606m_grisMejua_2025-01-26,grisMejua_2025_01_26__19_46_06_HDR0.jpg,grisMejua_2025_01_26__19_46_06_HDR0_1_Mothbot_yolo11m_4500_imgsz1600_b1_2024-01-18.pt.jpg
doi.org10.15468dl.6nxkw6.csv,Animalia,Arthropoda,Insecta,Coleoptera,,,,Coleoptera29,1470,,Coleoptera,Coleoptera29,Cerro_Hoya_Expedition_Hoya_606m_grisMejua_2025-01-26,grisMejua_2025_01_26__19_46_06_HDR0_2_Mothbot_yolo11m_4500_imgsz1600_b1_2024-01-18.pt.jpg,HS,Mothbot_yolo11m_4500_imgsz1600_b1_2024-01-18.pt,0.6172746419906616,,grisMejua,Cerro_Hoya_Expedition/Hoya_606m_grisMejua_2025-01-26/2025-01-26/patches/grisMejua_2025_01_26__19_46_06_HDR0_2_Mothbot_yolo11m_4500_imgsz1600_b1_2024-01-18.pt.jpg,ORDER_Coleoptera,2025-01-26,19:46:06,,2025_01_26__19_46_06,MachineObservation,Cerro_Hoya_Expedition_Hoya_606m_grisMejua_2025-01-26_2025-01-26,Cerro_Hoya_Expedition_Hoya_606m_grisMejua_2025-01-26,grisMejua_2025_01_26__19_46_06_HDR0.jpg,grisMejua_2025_01_26__19_46_06_HDR0_2_Mothbot_yolo11m_4500_imgsz1600_b1_2024-01-18.pt.jpg
doi.org10.15468dl.6nxkw6.csv,Animalia,Arthropoda,Insecta,Hemiptera,,,,,809,,Hemiptera,Hemiptera,Cerro_Hoya_Expedition_Hoya_606m_grisMejua_2025-01-26,grisMejua_2025_01_26__19_46_06_HDR0_3_Mothbot_yolo11m_4500_imgsz1600_b1_2024-01-18.pt.jpg,HS,Mothbot_yolo11m_4500_imgsz1600_b1_2024-01-18.pt,0.6102510094642639,,grisMejua,Cerro_Hoya_Expedition/Hoya_606m_grisMejua_2025-01-26/2025-01-26/patches/grisMejua_2025_01_26__19_46_06_HDR0_3_Mothbot_yolo11m_4500_imgsz1600_b1_2024-01-18.pt.jpg,ORDER_Psocodea,2025-01-26,19:46:06,,2025_01_26__19_46_06,MachineObservation,Cerro_Hoya_Expedition_Hoya_606m_grisMejua_2025-01-26_2025-01-26,Cerro_Hoya_Expedition_Hoya_606m_grisMejua_2025-01-26,grisMejua_2025_01_26__19_46_06_HDR0.jpg,grisMejua_2025_01_26__19_46_06_HDR0_3_Mothbot_yolo11m_4500_imgsz1600_b1_2024-01-18.pt.jpg
doi.org10.15468dl.6nxkw6.csv,Animalia,Arthropoda,Insecta,Hemiptera,,,,,809,,Hemiptera,Hemiptera,Cerro_Hoya_Expedition_Hoya_606m_grisMejua_2025-01-26,grisMejua_2025_01_26__19_46_06_HDR0_4_Mothbot_yolo11m_4500_imgsz1600_b1_2024-01-18.pt.jpg,HS,Mothbot_yolo11m_4500_imgsz1600_b1_2024-01-18.pt,0.5107444524765015,,grisMejua,Cerro_Hoya_Expedition/Hoya_606m_grisMejua_2025-01-26/2025-01-26/patches/grisMejua_2025_01_26__19_46_06_HDR0_4_Mothbot_yolo11m_4500_imgsz1600_b1_2024-01-18.pt.jpg,ORDER_Diptera,2025-01-26,19:46:06,,2025_01_26__19_46_06,MachineObservation,Cerro_Hoya_Expedition_Hoya_606m_grisMejua_2025-01-26_2025-01-26,Cerro_Hoya_Expedition_Hoya_606m_grisMejua_2025-01-26,grisMejua_2025_01_26__19_46_06_HDR0.jpg,grisMejua_2025_01_26__19_46_06_HDR0_4_Mothbot_yolo11m_4500_imgsz1600_b1_2024-01-18.pt.jpg
doi.org10.15468dl.6nxkw6.csv,Animalia,Arthropoda,Insecta,Coleoptera,,,,Tenebrionoidea2,1470,,Coleoptera,Tenebrionoidea2,Cerro_Hoya_Expedition_Hoya_606m_grisMejua_2025-01-26,grisMejua_2025_01_26__19_46_06_HDR0_5_Mothbot_yolo11m_4500_imgsz1600_b1_2024-01-18.pt.jpg,HS,Mothbot_yolo11m_4500_imgsz1600_b1_2024-01-18.pt,0.438619464635849,,grisMejua,Cerro_Hoya_Expedition/Hoya_606m_grisMejua_2025-01-26/2025-01-26/patches/grisMejua_2025_01_26__19_46_06_HDR0_5_Mothbot_yolo11m_4500_imgsz1600_b1_2024-01-18.pt.jpg,ORDER_Coleoptera,2025-01-26,19:46:06,,2025_01_26__19_46_06,MachineObservation,Cerro_Hoya_Expedition_Hoya_606m_grisMejua_2025-01-26_2025-01-26,Cerro_Hoya_Expedition_Hoya_606m_grisMejua_2025-01-26,grisMejua_2025_01_26__19_46_06_HDR0.jpg,grisMejua_2025_01_26__19_46_06_HDR0_5_Mothbot_yolo11m_4500_imgsz1600_b1_2024-01-18.pt.jpg
doi.org10.15468dl.6nxkw6.csv,Animalia,Arthropoda,Insecta,Coleoptera,Scarabaeidae,Cyclocephala,melanocephala,,4994793,,melanocephala,Cyclocephala melanocephala,Cerro_Hoya_Expedition_Hoya_606m_grisMejua_2025-01-26,grisMejua_2025_01_26__19_46_06_HDR0_6_Mothbot_yolo11m_4500_imgsz1600_b1_2024-01-18.pt.jpg,HS,Mothbot_yolo11m_4500_imgsz1600_b1_2024-01-18.pt,0.342168927192688,,grisMejua,Cerro_Hoya_Expedition/Hoya_606m_grisMejua_2025-01-26/2025-01-26/patches/grisMejua_2025_01_26__19_46_06_HDR0_6_Mothbot_yolo11m_4500_imgsz1600_b1_2024-01-18.pt.jpg,ORDER_Lepidoptera,2025-01-26,19:46:06,,2025_01_26__19_46_06,MachineObservation,Cerro_Hoya_Expedition_Hoya_606m_grisMejua_2025-01-26_2025-01-26,Cerro_Hoya_Expedition_Hoya_606m_grisMejua_2025-01-26,grisMejua_2025_01_26__19_46_06_HDR0.jpg,grisMejua_2025_01_26__19_46_06_HDR0_6_Mothbot_yolo11m_4500_imgsz1600_b1_2024-01-18.pt.jpg
doi.org10.15468dl.6nxkw6.csv,Animalia,Arthropoda,Insecta,Lepidoptera,,,,,797,,Lepidoptera,Lepidoptera,Cerro_Hoya_Expedition_Hoya_606m_grisMejua_2025-01-26,grisMejua_2025_01_26__19_47_06_HDR0_0_Mothbot_yolo11m_4500_imgsz1600_b1_2024-01-18.pt.jpg,HS,Mothbot_yolo11m_4500_imgsz1600_b1_2024-01-18.pt,0.7761505246162415,,grisMejua,Cerro_Hoya_Expedition/Hoya_606m_grisMejua_2025-01-26/2025-01-26/patches/grisMejua_2025_01_26__19_47_06_HDR0_0_Mothbot_yolo11m_4500_imgsz1600_b1_2024-01-18.pt.jpg,ORDER_Lepidoptera,2025-01-26,19:47:06,,2025_01_26__19_47_06,MachineObservation,Cerro_Hoya_Expedition_Hoya_606m_grisMejua_2025-01-26_2025-01-26,Cerro_Hoya_Expedition_Hoya_606m_grisMejua_2025-01-26,grisMejua_2025_01_26__19_47_06_HDR0.jpg,grisMejua_2025_01_26__19_47_06_HDR0_0_Mothbot_yolo11m_4500_imgsz1600_b1_2024-01-18.pt.jpg
doi.org10.15468dl.6nxkw6.csv,Animalia,Arthropoda,Insecta,Hemiptera,,,,,809,,Hemiptera,Hemiptera,Cerro_Hoya_Expedition_Hoya_606m_grisMejua_2025-01-26,grisMejua_2025_01_26__19_47_06_HDR0_1_Mothbot_yolo11m_4500_imgsz1600_b1_2024-01-18.pt.jpg,HS,Mothbot_yolo11m_4500_imgsz1600_b1_2024-01-18.pt,0.6183540225028992,,grisMejua,Cerro_Hoya_Expedition/Hoya_606m_grisMejua_2025-01-26/2025-01-26/patches/grisMejua_2025_01_26__19_47_06_HDR0_1_Mothbot_yolo11m_4500_imgsz1600_b1_2024-01-18.pt.jpg,ORDER_Hemiptera,2025-01-26,19:47:06,,2025_01_26__19_47_06,MachineObservation,Cerro_Hoya_Expedition_Hoya_606m_grisMejua_2025-01-26_2025-01-26,Cerro_Hoya_Expedition_Hoya_606m_grisMejua_2025-01-26,grisMejua_2025_01_26__19_47_06_HDR0.jpg,grisMejua_2025_01_26__19_47_06_HDR0_1_Mothbot_yolo11m_4500_imgsz1600_b1_2024-01-18.pt.jpg
doi.org10.15468dl.6nxkw6.csv,Animalia,Arthropoda,Insecta,Hemiptera,,,,,809,,Hemiptera,Hemiptera,Cerro_Hoya_Expedition_Hoya_606m_grisMejua_2025-01-26,grisMejua_2025_01_26__19_47_06_HDR0_2_Mothbot_yolo11m_4500_imgsz1600_b1_2024-01-18.pt.jpg,HS,Mothbot_yolo11m_4500_imgsz1600_b1_2024-01-18.pt,0.5973314642906189,,grisMejua,Cerro_Hoya_Expedition/Hoya_606m_grisMejua_2025-01-26/2025-01-26/patches/grisMejua_2025_01_26__19_47_06_HDR0_2_Mothbot_yolo11m_4500_imgsz1600_b1_2024-01-18.pt.jpg,ORDER_Psocodea,2025-01-26,19:47:06,,2025_01_26__19_47_06,MachineObservation,Cerro_Hoya_Expedition_Hoya_606m_grisMejua_2025-01-26_2025-01-26,Cerro_Hoya_Expedition_Hoya_606m_grisMejua_2025-01-26,grisMejua_2025_01_26__19_47_06_HDR0.jpg,grisMejua_2025_01_26__19_47_06_HDR0_2_Mothbot_yolo11m_4500_imgsz1600_b1_2024-01-18.pt.jpg
doi.org10.15468dl.6nxkw6.csv,Animalia,Arthropoda,Insecta,Hemiptera,,,,,809,,Hemiptera,Hemiptera,Cerro_Hoya_Expedition_Hoya_606m_grisMejua_2025-01-26,grisMejua_2025_01_26__19_47_06_HDR0_3_Mothbot_yolo11m_4500_imgsz1600_b1_2024-01-18.pt.jpg,HS,Mothbot_yolo11m_4500_imgsz1600_b1_2024-01-18.pt,0.5802189111709595,,grisMejua,Cerro_Hoya_Expedition/Hoya_606m_grisMejua_2025-01-26/2025-01-26/patches/grisMejua_2025_01_26__19_47_06_HDR0_3_Mothbot_yolo11m_4500_imgsz1600_b1_2024-01-18.pt.jpg,ORDER_Diptera,2025-01-26,19:47:06,,2025_01_26__19_47_06,MachineObservation,Cerro_Hoya_Expedition_Hoya_606m_grisMejua_2025-01-26_2025-01-26,Cerro_Hoya_Expedition_Hoya_606m_grisMejua_2025-01-26,grisMejua_2025_01_26__19_47_06_HDR0.jpg,grisMejua_2025_01_26__19_47_06_HDR0_3_Mothbot_yolo11m_4500_imgsz1600_b1_2024-01-18.pt.jpg
doi.org10.15468dl.6nxkw6.csv,Animalia,Arthropoda,Insecta,Coleoptera,,,,Coleoptera29,1470,,Coleoptera,Coleoptera29,Cerro_Hoya_Expedition_Hoya_606m_grisMejua_2025-01-26,grisMejua_2025_01_26__19_47_06_HDR0_4_Mothbot_yolo11m_4500_imgsz1600_b1_2024-01-18.pt.jpg,HS,Mothbot_yolo11m_4500_imgsz1600_b1_2024-01-18.pt,0.5320948362350464,,grisMejua,Cerro_Hoya_Expedition/Hoya_606m_grisMejua_2025-01-26/2025-01-26/patches/grisMejua_2025_01_26__19_47_06_HDR0_4_Mothbot_yolo11m_4500_imgsz1600_b1_2024-01-18.pt.jpg,ORDER_Coleoptera,2025-01-26,19:47:06,,2025_01_26__19_47_06,MachineObservation,Cerro_Hoya_Expedition_Hoya_606m_grisMejua_2025-01-26_2025-01-26,Cerro_Hoya_Expedition_Hoya_606m_grisMejua_2025-01-26,grisMejua_2025_01_26__19_47_06_HDR0.jpg,grisMejua_2025_01_26__19_47_06_HDR0_4_Mothbot_yolo11m_4500_imgsz1600_b1_2024-01-18.pt.jpg
doi.org10.15468dl.6nxkw6.csv,Animalia,Arthropoda,Insecta,Coleoptera,,,,Tenebrionoidea2,1470,,Coleoptera,Tenebrionoidea2,Cerro_Hoya_Expedition_Hoya_606m_grisMejua_2025-01-26,grisMejua_2025_01_26__19_47_06_HDR0_5_Mothbot_yolo11m_4500_imgsz1600_b1_2024-01-18.pt.jpg,HS,Mothbot_yolo11m_4500_imgsz1600_b1_2024-01-18.pt,0.5291383862495422,,grisMejua,Cerro_Hoya_Expedition/Hoya_606m_grisMejua_2025-01-26/2025-01-26/patches/grisMejua_2025_01_26__19_47_06_HDR0_5_Mothbot_yolo11m_4500_imgsz1600_b1_2024-01-18.pt.jpg,ORDER_Coleoptera,2025-01-26,19:47:06,,2025_01_26__19_47_06,MachineObservation,Cerro_Hoya_Expedition_Hoya_606m_grisMejua_2025-01-26_2025-01-26,Cerro_Hoya_Expedition_Hoya_606m_grisMejua_2025-01-26,grisMejua_2025_01_26__19_47_06_HDR0.jpg,grisMejua_2025_01_26__19_47_06_HDR0_5_Mothbot_yolo11m_4500_imgsz1600_b1_2024-01-18.pt.jpg
doi.org10.15468dl.6nxkw6.csv,Animalia,Arthropoda,Insecta,Hemiptera,,,,,809,,Hemiptera,Hemiptera,Cerro_Hoya_Expedition_Hoya_606m_grisMejua_2025-01-26,grisMejua_2025_01_26__19_47_06_HDR0_6_Mothbot_yolo11m_4500_imgsz1600_b1_2024-01-18.pt.jpg,HS,Mothbot_yolo11m_4500_imgsz1600_b1_2024-01-18.pt,0.4761338531970978,,grisMejua,Cerro_Hoya_Expedition/Hoya_606m_grisMejua_2025-01-26/2025-01-26/patches/grisMejua_2025_01_26__19_47_06_HDR0_6_Mothbot_yolo11m_4500_imgsz1600_b1_2024-01-18.pt.jpg,ORDER_Diptera,2025-01-26,19:47:06,,2025_01_26__19_47_06,MachineObservation,Cerro_Hoya_Expedition_Hoya_606m_grisMejua_2025-01-26_2025-01-26,Cerro_Hoya_Expedition_Hoya_606m_grisMejua_2025-01-26,grisMejua_2025_01_26__19_47_06_HDR0.jpg,grisMejua_2025_01_26__19_47_06_HDR0_6_Mothbot_yolo11m_4500_imgsz1600_b1_2024-01-18.pt.jpg
doi.org10.15468dl.6nxkw6.csv,Animalia,Arthropoda,Insecta,Lepidoptera,,,,,797,,Lepidoptera,Lepidoptera,Cerro_Hoya_Expedition_Hoya_606m_grisMejua_2025-01-26,grisMejua_2025_01_26__19_47_06_HDR0_7_Mothbot_yolo11m_4500_imgsz1600_b1_2024-01-18.pt.jpg,HS,Mothbot_yolo11m_4500_imgsz1600_b1_2024-01-18.pt,0.36728137731552124,,grisMejua,Cerro_Hoya_Expedition/Hoya_606m_grisMejua_2025-01-26/2025-01-26/patches/grisMejua_2025_01_26__19_47_06_HDR0_7_Mothbot_yolo11m_4500_imgsz1600_b1_2024-01-18.pt.jpg,ORDER_Diptera,2025-01-26,19:47:06,,2025_01_26__19_47_06,MachineObservation,Cerro_Hoya_Expedition_Hoya_606m_grisMejua_2025-01-26_2025-01-26,Cerro_Hoya_Expedition_Hoya_606m_grisMejua_2025-01-26,grisMejua_2025_01_26__19_47_06_HDR0.jpg,grisMejua_2025_01_26__19_47_06_HDR0_7_Mothbot_yolo11m_4500_imgsz1600_b1_2024-01-18.pt.jpg
doi.org10.15468dl.6nxkw6.csv,Animalia,Arthropoda,Insecta,Coleoptera,Scarabaeidae,Cyclocephala,melanocephala,,4994793,,melanocephala,Cyclocephala melanocephala,Cerro_Hoya_Expedition_Hoya_606m_grisMejua_2025-01-26,grisMejua_2025_01_26__19_47_06_HDR0_8_Mothbot_yolo11m_4500_imgsz1600_b1_2024-01-18.pt.jpg,HS,Mothbot_yolo11m_4500_imgsz1600_b1_2024-01-18.pt,0.25768572092056274,,grisMejua,Cerro_Hoya_Expedition/Hoya_606m_grisMejua_2025-01-26/2025-01-26/patches/grisMejua_2025_01_26__19_47_06_HDR0_8_Mothbot_yolo11m_4500_imgsz1600_b1_2024-01-18.pt.jpg,ORDER_Coleoptera,2025-01-26,19:47:06,,2025_01_26__19_47_06,MachineObservation,Cerro_Hoya_Expedition_Hoya_606m_grisMejua_2025-01-26_2025-01-26,Cerro_Hoya_Expedition_Hoya_606m_grisMejua_2025-01-26,grisMejua_2025_01_26__19_47_06_HDR0.jpg,grisMejua_2025_01_26__19_47_06_HDR0_8_Mothbot_yolo11m_4500_imgsz1600_b1_2024-01-18.pt.jpg
doi.org10.15468dl.6nxkw6.csv,Animalia,Arthropoda,Insecta,Lepidoptera,,,,,797,,Lepidoptera,Lepidoptera,Cerro_Hoya_Expedition_Hoya_606m_grisMejua_2025-01-26,grisMejua_2025_01_26__19_48_06_HDR0_0_Mothbot_yolo11m_4500_imgsz1600_b1_2024-01-18.pt.jpg,HS,Mothbot_yolo11m_4500_imgsz1600_b1_2024-01-18.pt,0.7637078762054443,,grisMejua,Cerro_Hoya_Expedition/Hoya_606m_grisMejua_2025-01-26/2025-01-26/patches/grisMejua_2025_01_26__19_48_06_HDR0_0_Mothbot_yolo11m_4500_imgsz1600_b1_2024-01-18.pt.jpg,ORDER_Lepidoptera,2025-01-26,19:48:06,,2025_01_26__19_48_06,MachineObservation,Cerro_Hoya_Expedition_Hoya_606m_grisMejua_2025-01-26_2025-01-26,Cerro_Hoya_Expedition_Hoya_606m_grisMejua_2025-01-26,grisMejua_2025_01_26__19_48_06_HDR0.jpg,grisMejua_2025_01_26__19_48_06_HDR0_0_Mothbot_yolo11m_4500_imgsz1600_b1_2024-01-18.pt.jpg
doi.org10.15468dl.6nxkw6.csv,Animalia,Arthropoda,Insecta,Hemiptera,,,,,809,,Hemiptera,Hemiptera,Cerro_Hoya_Expedition_Hoya_606m_grisMejua_2025-01-26,grisMejua_2025_01_26__19_48_06_HDR0_1_Mothbot_yolo11m_4500_imgsz1600_b1_2024-01-18.pt.jpg,HS,Mothbot_yolo11m_4500_imgsz1600_b1_2024-01-18.pt,0.6831926703453064,,grisMejua,Cerro_Hoya_Expedition/Hoya_606m_grisMejua_2025-01-26/2025-01-26/patches/grisMejua_2025_01_26__19_48_06_HDR0_1_Mothbot_yolo11m_4500_imgsz1600_b1_2024-01-18.pt.jpg,ORDER_Diptera,2025-01-26,19:48:06,,2025_01_26__19_48_06,MachineObservation,Cerro_Hoya_Expedition_Hoya_606m_grisMejua_2025-01-26_2025-01-26,Cerro_Hoya_Expedition_Hoya_606m_grisMejua_2025-01-26,grisMejua_2025_01_26__19_48_06_HDR0.jpg,grisMejua_2025_01_26__19_48_06_HDR0_1_Mothbot_yolo11m_4500_imgsz1600_b1_2024-01-18.pt.jpg
doi.org10.15468dl.6nxkw6.csv,Animalia,Arthropoda,Insecta,Coleoptera,,,,Tenebrionoidea2,1470,,Coleoptera,Tenebrionoidea2,Cerro_Hoya_Expedition_Hoya_606m_grisMejua_2025-01-26,grisMejua_2025_01_26__19_48_06_HDR0_2_Mothbot_yolo11m_4500_imgsz1600_b1_2024-01-18.pt.jpg,HS,Mothbot_yolo11m_4500_imgsz1600_b1_2024-01-18.pt,0.5954760313034058,,grisMejua,Cerro_Hoya_Expedition/Hoya_606m_grisMejua_2025-01-26/2025-01-26/patches/grisMejua_2025_01_26__19_48_06_HDR0_2_Mothbot_yolo11m_4500_imgsz1600_b1_2024-01-18.pt.jpg,ORDER_Coleoptera,2025-01-26,19:48:06,,2025_01_26__19_48_06,MachineObservation,Cerro_Hoya_Expedition_Hoya_606m_grisMejua_2025-01-26_2025-01-26,Cerro_Hoya_Expedition_Hoya_606m_grisMejua_2025-01-26,grisMejua_2025_01_26__19_48_06_HDR0.jpg,grisMejua_2025_01_26__19_48_06_HDR0_2_Mothbot_yolo11m_4500_imgsz1600_b1_2024-01-18.pt.jpg
doi.org10.15468dl.6nxkw6.csv,Animalia,Arthropoda,Insecta,Hemiptera,,,,,809,,Hemiptera,Hemiptera,Cerro_Hoya_Expedition_Hoya_606m_grisMejua_2025-01-26,grisMejua_2025_01_26__19_48_06_HDR0_3_Mothbot_yolo11m_4500_imgsz1600_b1_2024-01-18.pt.jpg,HS,Mothbot_yolo11m_4500_imgsz1600_b1_2024-01-18.pt,0.5609511733055115,,grisMejua,Cerro_Hoya_Expedition/Hoya_606m_grisMejua_2025-01-26/2025-01-26/patches/grisMejua_2025_01_26__19_48_06_HDR0_3_Mothbot_yolo11m_4500_imgsz1600_b1_2024-01-18.pt.jpg,ORDER_Psocodea,2025-01-26,19:48:06,,2025_01_26__19_48_06,MachineObservation,Cerro_Hoya_Expedition_Hoya_606m_grisMejua_2025-01-26_2025-01-26,Cerro_Hoya_Expedition_Hoya_606m_grisMejua_2025-01-26,grisMejua_2025_01_26__19_48_06_HDR0.jpg,grisMejua_2025_01_26__19_48_06_HDR0_3_Mothbot_yolo11m_4500_imgsz1600_b1_2024-01-18.pt.jpg
doi.org10.15468dl.6nxkw6.csv,Animalia,Arthropoda,Insecta,Hemiptera,,,,,809,,Hemiptera,Hemiptera,Cerro_Hoya_Expedition_Hoya_606m_grisMejua_2025-01-26,grisMejua_2025_01_26__19_48_06_HDR0_4_Mothbot_yolo11m_4500_imgsz1600_b1_2024-01-18.pt.jpg,HS,Mothbot_yolo11m_4500_imgsz1600_b1_2024-01-18.pt,0.5437586903572083,,grisMejua,Cerro_Hoya_Expedition/Hoya_606m_grisMejua_2025-01-26/2025-01-26/patches/grisMejua_2025_01_26__19_48_06_HDR0_4_Mothbot_yolo11m_4500_imgsz1600_b1_2024-01-18.pt.jpg,ORDER_Hemiptera,2025-01-26,19:48:06,,2025_01_26__19_48_06,MachineObservation,Cerro_Hoya_Expedition_Hoya_606m_grisMejua_2025-01-26_2025-01-26,Cerro_Hoya_Expedition_Hoya_606m_grisMejua_2025-01-26,grisMejua_2025_01_26__19_48_06_HDR0.jpg,grisMejua_2025_01_26__19_48_06_HDR0_4_Mothbot_yolo11m_4500_imgsz1600_b1_2024-01-18.pt.jpg
doi.org10.15468dl.6nxkw6.csv,Animalia,Arthropoda,Insecta,,,,,,216,,Insecta,Insecta,Cerro_Hoya_Expedition_Hoya_606m_grisMejua_2025-01-26,grisMejua_2025_01_26__19_48_06_HDR0_5_Mothbot_yolo11m_4500_imgsz1600_b1_2024-01-18.pt.jpg,HS,Mothbot_yolo11m_4500_imgsz1600_b1_2024-01-18.pt,0.48151418566703796,,grisMejua,Cerro_Hoya_Expedition/Hoya_606m_grisMejua_2025-01-26/2025-01-26/patches/grisMejua_2025_01_26__19_48_06_HDR0_5_Mothbot_yolo11m_4500_imgsz1600_b1_2024-01-18.pt.jpg,ORDER_Hemiptera,2025-01-26,19:48:06,,2025_01_26__19_48_06,MachineObservation,Cerro_Hoya_Expedition_Hoya_606m_grisMejua_2025-01-26_2025-01-26,Cerro_Hoya_Expedition_Hoya_606m_grisMejua_2025-01-26,grisMejua_2025_01_26__19_48_06_HDR0.jpg,grisMejua_2025_01_26__19_48_06_HDR0_5_Mothbot_yolo11m_4500_imgsz1600_b1_2024-01-18.pt.jpg
doi.org10.15468dl.6nxkw6.csv,Animalia,Arthropoda,Insecta,Coleoptera,,,,Coleoptera29,1470,,Coleoptera,Coleoptera29,Cerro_Hoya_Expedition_Hoya_606m_grisMejua_2025-01-26,grisMejua_2025_01_26__19_48_06_HDR0_6_Mothbot_yolo11m_4500_imgsz1600_b1_2024-01-18.pt.jpg,HS,Mothbot_yolo11m_4500_imgsz1600_b1_2024-01-18.pt,0.408547043800354,,grisMejua,Cerro_Hoya_Expedition/Hoya_606m_grisMejua_2025-01-26/2025-01-26/patches/grisMejua_2025_01_26__19_48_06_HDR0_6_Mothbot_yolo11m_4500_imgsz1600_b1_2024-01-18.pt.jpg,ORDER_Hymenoptera,2025-01-26,19:48:06,,2025_01_26__19_48_06,MachineObservation,Cerro_Hoya_Expedition_Hoya_606m_grisMejua_2025-01-26_2025-01-26,Cerro_Hoya_Expedition_Hoya_606m_grisMejua_2025-01-26,grisMejua_2025_01_26__19_48_06_HDR0.jpg,grisMejua_2025_01_26__19_48_06_HDR0_6_Mothbot_yolo11m_4500_imgsz1600_b1_2024-01-18.pt.jpg
doi.org10.15468dl.6nxkw6.csv,Animalia,Arthropoda,Insecta,Coleoptera,Scarabaeidae,Cyclocephala,melanocephala,,4994793,,melanocephala,Cyclocephala melanocephala,Cerro_Hoya_Expedition_Hoya_606m_grisMejua_2025-01-26,grisMejua_2025_01_26__19_48_06_HDR0_7_Mothbot_yolo11m_4500_imgsz1600_b1_2024-01-18.pt.jpg,HS,Mothbot_yolo11m_4500_imgsz1600_b1_2024-01-18.pt,0.28700435161590576,,grisMejua,Cerro_Hoya_Expedition/Hoya_606m_grisMejua_2025-01-26/2025-01-26/patches/grisMejua_2025_01_26__19_48_06_HDR0_7_Mothbot_yolo11m_4500_imgsz1600_b1_2024-01-18.pt.jpg,ORDER_Coleoptera,2025-01-26,19:48:06,,2025_01_26__19_48_06,MachineObservation,Cerro_Hoya_Expedition_Hoya_606m_grisMejua_2025-01-26_2025-01-26,Cerro_Hoya_Expedition_Hoya_606m_grisMejua_2025-01-26,grisMejua_2025_01_26__19_48_06_HDR0.jpg,grisMejua_2025_01_26__19_48_06_HDR0_7_Mothbot_yolo11m_4500_imgsz1600_b1_2024-01-18.pt.jpg
doi.org10.15468dl.6nxkw6.csv,Animalia,Arthropoda,Insecta,Lepidoptera,,,,,797,,Lepidoptera,Lepidoptera,Cerro_Hoya_Expedition_Hoya_606m_grisMejua_2025-01-26,grisMejua_2025_01_26__19_49_06_HDR0_0_Mothbot_yolo11m_4500_imgsz1600_b1_2024-01-18.pt.jpg,HS,Mothbot_yolo11m_4500_imgsz1600_b1_2024-01-18.pt,0.8386471271514893,,grisMejua,Cerro_Hoya_Expedition/Hoya_606m_grisMejua_2025-01-26/2025-01-26/patches/grisMejua_2025_01_26__19_49_06_HDR0_0_Mothbot_yolo11m_4500_imgsz1600_b1_2024-01-18.pt.jpg,ORDER_Lepidoptera,2025-01-26,19:49:06,,2025_01_26__19_49_06,MachineObservation,Cerro_Hoya_Expedition_Hoya_606m_grisMejua_2025-01-26_2025-01-26,Cerro_Hoya_Expedition_Hoya_606m_grisMejua_2025-01-26,grisMejua_2025_01_26__19_49_06_HDR0.jpg,grisMejua_2025_01_26__19_49_06_HDR0_0_Mothbot_yolo11m_4500_imgsz1600_b1_2024-01-18.pt.jpg
doi.org10.15468dl.6nxkw6.csv,Animalia,Arthropoda,Insecta,Lepidoptera,,,,,797,,Lepidoptera,Lepidoptera,Cerro_Hoya_Expedition_Hoya_606m_grisMejua_2025-01-26,grisMejua_2025_01_26__19_49_06_HDR0_1_Mothbot_yolo11m_4500_imgsz1600_b1_2024-01-18.pt.jpg,HS,Mothbot_yolo11m_4500_imgsz1600_b1_2024-01-18.pt,0.7831419706344604,,grisMejua,Cerro_Hoya_Expedition/Hoya_606m_grisMejua_2025-01-26/2025-01-26/patches/grisMejua_2025_01_26__19_49_06_HDR0_1_Mothbot_yolo11m_4500_imgsz1600_b1_2024-01-18.pt.jpg,ORDER_Lepidoptera,2025-01-26,19:49:06,,2025_01_26__19_49_06,MachineObservation,Cerro_Hoya_Expedition_Hoya_606m_grisMejua_2025-01-26_2025-01-26,Cerro_Hoya_Expedition_Hoya_606m_grisMejua_2025-01-26,grisMejua_2025_01_26__19_49_06_HDR0.jpg,grisMejua_2025_01_26__19_49_06_HDR0_1_Mothbot_yolo11m_4500_imgsz1600_b1_2024-01-18.pt.jpg
doi.org10.15468dl.6nxkw6.csv,Animalia,Arthropoda,Insecta,Hemiptera,,,,,809,,Hemiptera,Hemiptera,Cerro_Hoya_Expedition_Hoya_606m_grisMejua_2025-01-26,grisMejua_2025_01_26__19_49_06_HDR0_2_Mothbot_yolo11m_4500_imgsz1600_b1_2024-01-18.pt.jpg,HS,Mothbot_yolo11m_4500_imgsz1600_b1_2024-01-18.pt,0.5803576111793518,,grisMejua,Cerro_Hoya_Expedition/Hoya_606m_grisMejua_2025-01-26/2025-01-26/patches/grisMejua_2025_01_26__19_49_06_HDR0_2_Mothbot_yolo11m_4500_imgsz1600_b1_2024-01-18.pt.jpg,ORDER_Psocodea,2025-01-26,19:49:06,,2025_01_26__19_49_06,MachineObservation,Cerro_Hoya_Expedition_Hoya_606m_grisMejua_2025-01-26_2025-01-26,Cerro_Hoya_Expedition_Hoya_606m_grisMejua_2025-01-26,grisMejua_2025_01_26__19_49_06_HDR0.jpg,grisMejua_2025_01_26__19_49_06_HDR0_2_Mothbot_yolo11m_4500_imgsz1600_b1_2024-01-18.pt.jpg
doi.org10.15468dl.6nxkw6.csv,Animalia,Arthropoda,Insecta,,,,,,216,,Insecta,Insecta,Cerro_Hoya_Expedition_Hoya_606m_grisMejua_2025-01-26,grisMejua_2025_01_26__19_49_06_HDR0_3_Mothbot_yolo11m_4500_imgsz1600_b1_2024-01-18.pt.jpg,HS,Mothbot_yolo11m_4500_imgsz1600_b1_2024-01-18.pt,0.5776958465576172,,grisMejua,Cerro_Hoya_Expedition/Hoya_606m_grisMejua_2025-01-26/2025-01-26/patches/grisMejua_2025_01_26__19_49_06_HDR0_3_Mothbot_yolo11m_4500_imgsz1600_b1_2024-01-18.pt.jpg,ORDER_Diptera,2025-01-26,19:49:06,,2025_01_26__19_49_06,MachineObservation,Cerro_Hoya_Expedition_Hoya_606m_grisMejua_2025-01-26_2025-01-26,Cerro_Hoya_Expedition_Hoya_606m_grisMejua_2025-01-26,grisMejua_2025_01_26__19_49_06_HDR0.jpg,grisMejua_2025_01_26__19_49_06_HDR0_3_Mothbot_yolo11m_4500_imgsz1600_b1_2024-01-18.pt.jpg
doi.org10.15468dl.6nxkw6.csv,Animalia,Arthropoda,Insecta,Coleoptera,,,,Coleoptera29,1470,,Coleoptera,Coleoptera29,Cerro_Hoya_Expedition_Hoya_606m_grisMejua_2025-01-26,grisMejua_2025_01_26__19_49_06_HDR0_4_Mothbot_yolo11m_4500_imgsz1600_b1_2024-01-18.pt.jpg,HS,Mothbot_yolo11m_4500_imgsz1600_b1_2024-01-18.pt,0.549988329410553,,grisMejua,Cerro_Hoya_Expedition/Hoya_606m_grisMejua_2025-01-26/2025-01-26/patches/grisMejua_2025_01_26__19_49_06_HDR0_4_Mothbot_yolo11m_4500_imgsz1600_b1_2024-01-18.pt.jpg,ORDER_Hymenoptera,2025-01-26,19:49:06,,2025_01_26__19_49_06,MachineObservation,Cerro_Hoya_Expedition_Hoya_606m_grisMejua_2025-01-26_2025-01-26,Cerro_Hoya_Expedition_Hoya_606m_grisMejua_2025-01-26,grisMejua_2025_01_26__19_49_06_HDR0.jpg,grisMejua_2025_01_26__19_49_06_HDR0_4_Mothbot_yolo11m_4500_imgsz1600_b1_2024-01-18.pt.jpg
doi.org10.15468dl.6nxkw6.csv,Animalia,Arthropoda,Insecta,Hemiptera,,,,,809,,Hemiptera,Hemiptera,Cerro_Hoya_Expedition_Hoya_606m_grisMejua_2025-01-26,grisMejua_2025_01_26__19_49_06_HDR0_5_Mothbot_yolo11m_4500_imgsz1600_b1_2024-01-18.pt.jpg,HS,Mothbot_yolo11m_4500_imgsz1600_b1_2024-01-18.pt,0.5363290309906006,,grisMejua,Cerro_Hoya_Expedition/Hoya_606m_grisMejua_2025-01-26/2025-01-26/patches/grisMejua_2025_01_26__19_49_06_HDR0_5_Mothbot_yolo11m_4500_imgsz1600_b1_2024-01-18.pt.jpg,ORDER_Hemiptera,2025-01-26,19:49:06,,2025_01_26__19_49_06,MachineObservation,Cerro_Hoya_Expedition_Hoya_606m_grisMejua_2025-01-26_2025-01-26,Cerro_Hoya_Expedition_Hoya_606m_grisMejua_2025-01-26,grisMejua_2025_01_26__19_49_06_HDR0.jpg,grisMejua_2025_01_26__19_49_06_HDR0_5_Mothbot_yolo11m_4500_imgsz1600_b1_2024-01-18.pt.jpg
doi.org10.15468dl.6nxkw6.csv,Animalia,Arthropoda,Insecta,Hemiptera,,,,,809,,Hemiptera,Hemiptera,Cerro_Hoya_Expedition_Hoya_606m_grisMejua_2025-01-26,grisMejua_2025_01_26__19_49_06_HDR0_6_Mothbot_yolo11m_4500_imgsz1600_b1_2024-01-18.pt.jpg,HS,Mothbot_yolo11m_4500_imgsz1600_b1_2024-01-18.pt,0.5312058329582214,,grisMejua,Cerro_Hoya_Expedition/Hoya_606m_grisMejua_2025-01-26/2025-01-26/patches/grisMejua_2025_01_26__19_49_06_HDR0_6_Mothbot_yolo11m_4500_imgsz1600_b1_2024-01-18.pt.jpg,ORDER_Hemiptera,2025-01-26,19:49:06,,2025_01_26__19_49_06,MachineObservation,Cerro_Hoya_Expedition_Hoya_606m_grisMejua_2025-01-26_2025-01-26,Cerro_Hoya_Expedition_Hoya_606m_grisMejua_2025-01-26,grisMejua_2025_01_26__19_49_06_HDR0.jpg,grisMejua_2025_01_26__19_49_06_HDR0_6_Mothbot_yolo11m_4500_imgsz1600_b1_2024-01-18.pt.jpg
doi.org10.15468dl.6nxkw6.csv,Animalia,Arthropoda,Insecta,Hemiptera,,,,,809,,Hemiptera,Hemiptera,Cerro_Hoya_Expedition_Hoya_606m_grisMejua_2025-01-26,grisMejua_2025_01_26__19_49_06_HDR0_7_Mothbot_yolo11m_4500_imgsz1600_b1_2024-01-18.pt.jpg,HS,Mothbot_yolo11m_4500_imgsz1600_b1_2024-01-18.pt,0.51687091588974,,grisMejua,Cerro_Hoya_Expedition/Hoya_606m_grisMejua_2025-01-26/2025-01-26/patches/grisMejua_2025_01_26__19_49_06_HDR0_7_Mothbot_yolo11m_4500_imgsz1600_b1_2024-01-18.pt.jpg,ORDER_Psocodea,2025-01-26,19:49:06,,2025_01_26__19_49_06,MachineObservation,Cerro_Hoya_Expedition_Hoya_606m_grisMejua_2025-01-26_2025-01-26,Cerro_Hoya_Expedition_Hoya_606m_grisMejua_2025-01-26,grisMejua_2025_01_26__19_49_06_HDR0.jpg,grisMejua_2025_01_26__19_49_06_HDR0_7_Mothbot_yolo11m_4500_imgsz1600_b1_2024-01-18.pt.jpg
doi.org10.15468dl.6nxkw6.csv,Animalia,Arthropoda,Insecta,Coleoptera,,,,Tenebrionoidea2,1470,,Coleoptera,Tenebrionoidea2,Cerro_Hoya_Expedition_Hoya_606m_grisMejua_2025-01-26,grisMejua_2025_01_26__19_49_06_HDR0_8_Mothbot_yolo11m_4500_imgsz1600_b1_2024-01-18.pt.jpg,HS,Mothbot_yolo11m_4500_imgsz1600_b1_2024-01-18.pt,0.4683757722377777,,grisMejua,Cerro_Hoya_Expedition/Hoya_606m_grisMejua_2025-01-26/2025-01-26/patches/grisMejua_2025_01_26__19_49_06_HDR0_8_Mothbot_yolo11m_4500_imgsz1600_b1_2024-01-18.pt.jpg,ORDER_Coleoptera,2025-01-26,19:49:06,,2025_01_26__19_49_06,MachineObservation,Cerro_Hoya_Expedition_Hoya_606m_grisMejua_2025-01-26_2025-01-26,Cerro_Hoya_Expedition_Hoya_606m_grisMejua_2025-01-26,grisMejua_2025_01_26__19_49_06_HDR0.jpg,grisMejua_2025_01_26__19_49_06_HDR0_8_Mothbot_yolo11m_4500_imgsz1600_b1_2024-01-18.pt.jpg
doi.org10.15468dl.6nxkw6.csv,Animalia,Arthropoda,Insecta,Hemiptera,,,,,809,,Hemiptera,Hemiptera,Cerro_Hoya_Expedition_Hoya_606m_grisMejua_2025-01-26,grisMejua_2025_01_26__19_49_06_HDR0_9_Mothbot_yolo11m_4500_imgsz1600_b1_2024-01-18.pt.jpg,HS,Mothbot_yolo11m_4500_imgsz1600_b1_2024-01-18.pt,0.41136807203292847,,grisMejua,Cerro_Hoya_Expedition/Hoya_606m_grisMejua_2025-01-26/2025-01-26/patches/grisMejua_2025_01_26__19_49_06_HDR0_9_Mothbot_yolo11m_4500_imgsz1600_b1_2024-01-18.pt.jpg,ORDER_Psocodea,2025-01-26,19:49:06,,2025_01_26__19_49_06,MachineObservation,Cerro_Hoya_Expedition_Hoya_606m_grisMejua_2025-01-26_2025-01-26,Cerro_Hoya_Expedition_Hoya_606m_grisMejua_2025-01-26,grisMejua_2025_01_26__19_49_06_HDR0.jpg,grisMejua_2025_01_26__19_49_06_HDR0_9_Mothbot_yolo11m_4500_imgsz1600_b1_2024-01-18.pt.jpg
doi.org10.15468dl.6nxkw6.csv,Animalia,Arthropoda,Insecta,Lepidoptera,,,,,797,,Lepidoptera,Lepidoptera,Cerro_Hoya_Expedition_Hoya_606m_grisMejua_2025-01-26,grisMejua_2025_01_26__19_50_22_HDR0_0_Mothbot_yolo11m_4500_imgsz1600_b1_2024-01-18.pt.jpg,HS,Mothbot_yolo11m_4500_imgsz1600_b1_2024-01-18.pt,0.7709454298019409,,grisMejua,Cerro_Hoya_Expedition/Hoya_606m_grisMejua_2025-01-26/2025-01-26/patches/grisMejua_2025_01_26__19_50_22_HDR0_0_Mothbot_yolo11m_4500_imgsz1600_b1_2024-01-18.pt.jpg,ORDER_Lepidoptera,2025-01-26,19:50:22,,2025_01_26__19_50_22,MachineObservation,Cerro_Hoya_Expedition_Hoya_606m_grisMejua_2025-01-26_2025-01-26,Cerro_Hoya_Expedition_Hoya_606m_grisMejua_2025-01-26,grisMejua_2025_01_26__19_50_22_HDR0.jpg,grisMejua_2025_01_26__19_50_22_HDR0_0_Mothbot_yolo11m_4500_imgsz1600_b1_2024-01-18.pt.jpg
doi.org10.15468dl.6nxkw6.csv,Animalia,Arthropoda,Insecta,Coleoptera,,,,Tenebrionoidea2,1470,,Coleoptera,Tenebrionoidea2,Cerro_Hoya_Expedition_Hoya_606m_grisMejua_2025-01-26,grisMejua_2025_01_26__19_50_22_HDR0_1_Mothbot_yolo11m_4500_imgsz1600_b1_2024-01-18.pt.jpg,HS,Mothbot_yolo11m_4500_imgsz1600_b1_2024-01-18.pt,0.5846496224403381,,grisMejua,Cerro_Hoya_Expedition/Hoya_606m_grisMejua_2025-01-26/2025-01-26/patches/grisMejua_2025_01_26__19_50_22_HDR0_1_Mothbot_yolo11m_4500_imgsz1600_b1_2024-01-18.pt.jpg,ORDER_Coleoptera,2025-01-26,19:50:22,,2025_01_26__19_50_22,MachineObservation,Cerro_Hoya_Expedition_Hoya_606m_grisMejua_2025-01-26_2025-01-26,Cerro_Hoya_Expedition_Hoya_606m_grisMejua_2025-01-26,grisMejua_2025_01_26__19_50_22_HDR0.jpg,grisMejua_2025_01_26__19_50_22_HDR0_1_Mothbot_yolo11m_4500_imgsz1600_b1_2024-01-18.pt.jpg
doi.org10.15468dl.6nxkw6.csv,Animalia,Arthropoda,Insecta,Coleoptera,,,,Coleoptera29,1470,,Coleoptera,Coleoptera29,Cerro_Hoya_Expedition_Hoya_606m_grisMejua_2025-01-26,grisMejua_2025_01_26__19_50_22_HDR0_2_Mothbot_yolo11m_4500_imgsz1600_b1_2024-01-18.pt.jpg,HS,Mothbot_yolo11m_4500_imgsz1600_b1_2024-01-18.pt,0.5602176189422607,,grisMejua,Cerro_Hoya_Expedition/Hoya_606m_grisMejua_2025-01-26/2025-01-26/patches/grisMejua_2025_01_26__19_50_22_HDR0_2_Mothbot_yolo11m_4500_imgsz1600_b1_2024-01-18.pt.jpg,ORDER_Hemiptera,2025-01-26,19:50:22,,2025_01_26__19_50_22,MachineObservation,Cerro_Hoya_Expedition_Hoya_606m_grisMejua_2025-01-26_2025-01-26,Cerro_Hoya_Expedition_Hoya_606m_grisMejua_2025-01-26,grisMejua_2025_01_26__19_50_22_HDR0.jpg,grisMejua_2025_01_26__19_50_22_HDR0_2_Mothbot_yolo11m_4500_imgsz1600_b1_2024-01-18.pt.jpg
doi.org10.15468dl.6nxkw6.csv,Animalia,Arthropoda,Insecta,Hemiptera,,,,,809,,Hemiptera,Hemiptera,Cerro_Hoya_Expedition_Hoya_606m_grisMejua_2025-01-26,grisMejua_2025_01_26__19_50_22_HDR0_3_Mothbot_yolo11m_4500_imgsz1600_b1_2024-01-18.pt.jpg,HS,Mothbot_yolo11m_4500_imgsz1600_b1_2024-01-18.pt,0.5562571287155151,,grisMejua,Cerro_Hoya_Expedition/Hoya_606m_grisMejua_2025-01-26/2025-01-26/patches/grisMejua_2025_01_26__19_50_22_HDR0_3_Mothbot_yolo11m_4500_imgsz1600_b1_2024-01-18.pt.jpg,ORDER_Diptera,2025-01-26,19:50:22,,2025_01_26__19_50_22,MachineObservation,Cerro_Hoya_Expedition_Hoya_606m_grisMejua_2025-01-26_2025-01-26,Cerro_Hoya_Expedition_Hoya_606m_grisMejua_2025-01-26,grisMejua_2025_01_26__19_50_22_HDR0.jpg,grisMejua_2025_01_26__19_50_22_HDR0_3_Mothbot_yolo11m_4500_imgsz1600_b1_2024-01-18.pt.jpg
doi.org10.15468dl.6nxkw6.csv,Animalia,Arthropoda,Insecta,Hemiptera,,,,,809,,Hemiptera,Hemiptera,Cerro_Hoya_Expedition_Hoya_606m_grisMejua_2025-01-26,grisMejua_2025_01_26__19_50_22_HDR0_4_Mothbot_yolo11m_4500_imgsz1600_b1_2024-01-18.pt.jpg,HS,Mothbot_yolo11m_4500_imgsz1600_b1_2024-01-18.pt,0.5495090484619141,,grisMejua,Cerro_Hoya_Expedition/Hoya_606m_grisMejua_2025-01-26/2025-01-26/patches/grisMejua_2025_01_26__19_50_22_HDR0_4_Mothbot_yolo11m_4500_imgsz1600_b1_2024-01-18.pt.jpg,ORDER_Hemiptera,2025-01-26,19:50:22,,2025_01_26__19_50_22,MachineObservation,Cerro_Hoya_Expedition_Hoya_606m_grisMejua_2025-01-26_2025-01-26,Cerro_Hoya_Expedition_Hoya_606m_grisMejua_2025-01-26,grisMejua_2025_01_26__19_50_22_HDR0.jpg,grisMejua_2025_01_26__19_50_22_HDR0_4_Mothbot_yolo11m_4500_imgsz1600_b1_2024-01-18.pt.jpg
doi.org10.15468dl.6nxkw6.csv,Animalia,Arthropoda,Insecta,Hemiptera,,,,,809,,Hemiptera,Hemiptera,Cerro_Hoya_Expedition_Hoya_606m_grisMejua_2025-01-26,grisMejua_2025_01_26__19_50_22_HDR0_5_Mothbot_yolo11m_4500_imgsz1600_b1_2024-01-18.pt.jpg,HS,Mothbot_yolo11m_4500_imgsz1600_b1_2024-01-18.pt,0.5335081815719604,,grisMejua,Cerro_Hoya_Expedition/Hoya_606m_grisMejua_2025-01-26/2025-01-26/patches/grisMejua_2025_01_26__19_50_22_HDR0_5_Mothbot_yolo11m_4500_imgsz1600_b1_2024-01-18.pt.jpg,ORDER_Diptera,2025-01-26,19:50:22,,2025_01_26__19_50_22,MachineObservation,Cerro_Hoya_Expedition_Hoya_606m_grisMejua_2025-01-26_2025-01-26,Cerro_Hoya_Expedition_Hoya_606m_grisMejua_2025-01-26,grisMejua_2025_01_26__19_50_22_HDR0.jpg,grisMejua_2025_01_26__19_50_22_HDR0_5_Mothbot_yolo11m_4500_imgsz1600_b1_2024-01-18.pt.jpg
doi.org10.15468dl.6nxkw6.csv,Animalia,Arthropoda,Insecta,Lepidoptera,,,,,797,,Lepidoptera,Lepidoptera,Cerro_Hoya_Expedition_Hoya_606m_grisMejua_2025-01-26,grisMejua_2025_01_26__19_50_22_HDR0_6_Mothbot_yolo11m_4500_imgsz1600_b1_2024-01-18.pt.jpg,HS,Mothbot_yolo11m_4500_imgsz1600_b1_2024-01-18.pt,0.3862954378128052,,grisMejua,Cerro_Hoya_Expedition/Hoya_606m_grisMejua_2025-01-26/2025-01-26/patches/grisMejua_2025_01_26__19_50_22_HDR0_6_Mothbot_yolo11m_4500_imgsz1600_b1_2024-01-18.pt.jpg,ORDER_Lepidoptera,2025-01-26,19:50:22,,2025_01_26__19_50_22,MachineObservation,Cerro_Hoya_Expedition_Hoya_606m_grisMejua_2025-01-26_2025-01-26,Cerro_Hoya_Expedition_Hoya_606m_grisMejua_2025-01-26,grisMejua_2025_01_26__19_50_22_HDR0.jpg,grisMejua_2025_01_26__19_50_22_HDR0_6_Mothbot_yolo11m_4500_imgsz1600_b1_2024-01-18.pt.jpg
doi.org10.15468dl.6nxkw6.csv,Animalia,Arthropoda,Insecta,Hemiptera,,,,,809,,Hemiptera,Hemiptera,Cerro_Hoya_Expedition_Hoya_606m_grisMejua_2025-01-26,grisMejua_2025_01_26__19_50_22_HDR0_7_Mothbot_yolo11m_4500_imgsz1600_b1_2024-01-18.pt.jpg,HS,Mothbot_yolo11m_4500_imgsz1600_b1_2024-01-18.pt,0.2869284451007843,,grisMejua,Cerro_Hoya_Expedition/Hoya_606m_grisMejua_2025-01-26/2025-01-26/patches/grisMejua_2025_01_26__19_50_22_HDR0_7_Mothbot_yolo11m_4500_imgsz1600_b1_2024-01-18.pt.jpg,ORDER_Hemiptera,2025-01-26,19:50:22,,2025_01_26__19_50_22,MachineObservation,Cerro_Hoya_Expedition_Hoya_606m_grisMejua_2025-01-26_2025-01-26,Cerro_Hoya_Expedition_Hoya_606m_grisMejua_2025-01-26,grisMejua_2025_01_26__19_50_22_HDR0.jpg,grisMejua_2025_01_26__19_50_22_HDR0_7_Mothbot_yolo11m_4500_imgsz1600_b1_2024-01-18.pt.jpg
doi.org10.15468dl.6nxkw6.csv,Animalia,Arthropoda,Insecta,Coleoptera,Chrysomelidae,,,Alticini8,7780,,Chrysomelidae,Alticini8,Cerro_Hoya_Expedition_Hoya_606m_grisMejua_2025-01-26,grisMejua_2025_01_26__19_50_22_HDR0_8_Mothbot_yolo11m_4500_imgsz1600_b1_2024-01-18.pt.jpg,HS,Mothbot_yolo11m_4500_imgsz1600_b1_2024-01-18.pt,0.2767292857170105,,grisMejua,Cerro_Hoya_Expedition/Hoya_606m_grisMejua_2025-01-26/2025-01-26/patches/grisMejua_2025_01_26__19_50_22_HDR0_8_Mothbot_yolo11m_4500_imgsz1600_b1_2024-01-18.pt.jpg,ORDER_Coleoptera,2025-01-26,19:50:22,,2025_01_26__19_50_22,MachineObservation,Cerro_Hoya_Expedition_Hoya_606m_grisMejua_2025-01-26_2025-01-26,Cerro_Hoya_Expedition_Hoya_606m_grisMejua_2025-01-26,grisMejua_2025_01_26__19_50_22_HDR0.jpg,grisMejua_2025_01_26__19_50_22_HDR0_8_Mothbot_yolo11m_4500_imgsz1600_b1_2024-01-18.pt.jpg
doi.org10.15468dl.6nxkw6.csv,Animalia,Arthropoda,Insecta,Lepidoptera,,,,,797,,Lepidoptera,Lepidoptera,Cerro_Hoya_Expedition_Hoya_606m_grisMejua_2025-01-26,grisMejua_2025_01_26__19_51_06_HDR0_0_Mothbot_yolo11m_4500_imgsz1600_b1_2024-01-18.pt.jpg,HS,Mothbot_yolo11m_4500_imgsz1600_b1_2024-01-18.pt,0.755782425403595,,grisMejua,Cerro_Hoya_Expedition/Hoya_606m_grisMejua_2025-01-26/2025-01-26/patches/grisMejua_2025_01_26__19_51_06_HDR0_0_Mothbot_yolo11m_4500_imgsz1600_b1_2024-01-18.pt.jpg,ORDER_Lepidoptera,2025-01-26,19:51:06,,2025_01_26__19_51_06,MachineObservation,Cerro_Hoya_Expedition_Hoya_606m_grisMejua_2025-01-26_2025-01-26,Cerro_Hoya_Expedition_Hoya_606m_grisMejua_2025-01-26,grisMejua_2025_01_26__19_51_06_HDR0.jpg,grisMejua_2025_01_26__19_51_06_HDR0_0_Mothbot_yolo11m_4500_imgsz1600_b1_2024-01-18.pt.jpg
doi.org10.15468dl.6nxkw6.csv,Animalia,Arthropoda,Insecta,Diptera,,,,,811,,Diptera,Diptera,Cerro_Hoya_Expedition_Hoya_606m_grisMejua_2025-01-26,grisMejua_2025_01_26__19_51_06_HDR0_1_Mothbot_yolo11m_4500_imgsz1600_b1_2024-01-18.pt.jpg,HS,Mothbot_yolo11m_4500_imgsz1600_b1_2024-01-18.pt,0.6243121027946472,,grisMejua,Cerro_Hoya_Expedition/Hoya_606m_grisMejua_2025-01-26/2025-01-26/patches/grisMejua_2025_01_26__19_51_06_HDR0_1_Mothbot_yolo11m_4500_imgsz1600_b1_2024-01-18.pt.jpg,ORDER_Diptera,2025-01-26,19:51:06,,2025_01_26__19_51_06,MachineObservation,Cerro_Hoya_Expedition_Hoya_606m_grisMejua_2025-01-26_2025-01-26,Cerro_Hoya_Expedition_Hoya_606m_grisMejua_2025-01-26,grisMejua_2025_01_26__19_51_06_HDR0.jpg,grisMejua_2025_01_26__19_51_06_HDR0_1_Mothbot_yolo11m_4500_imgsz1600_b1_2024-01-18.pt.jpg
doi.org10.15468dl.6nxkw6.csv,Animalia,Arthropoda,Insecta,Hemiptera,,,,,809,,Hemiptera,Hemiptera,Cerro_Hoya_Expedition_Hoya_606m_grisMejua_2025-01-26,grisMejua_2025_01_26__19_51_06_HDR0_2_Mothbot_yolo11m_4500_imgsz1600_b1_2024-01-18.pt.jpg,HS,Mothbot_yolo11m_4500_imgsz1600_b1_2024-01-18.pt,0.5916391611099243,,grisMejua,Cerro_Hoya_Expedition/Hoya_606m_grisMejua_2025-01-26/2025-01-26/patches/grisMejua_2025_01_26__19_51_06_HDR0_2_Mothbot_yolo11m_4500_imgsz1600_b1_2024-01-18.pt.jpg,ORDER_Hemiptera,2025-01-26,19:51:06,,2025_01_26__19_51_06,MachineObservation,Cerro_Hoya_Expedition_Hoya_606m_grisMejua_2025-01-26_2025-01-26,Cerro_Hoya_Expedition_Hoya_606m_grisMejua_2025-01-26,grisMejua_2025_01_26__19_51_06_HDR0.jpg,grisMejua_2025_01_26__19_51_06_HDR0_2_Mothbot_yolo11m_4500_imgsz1600_b1_2024-01-18.pt.jpg
doi.org10.15468dl.6nxkw6.csv,Animalia,Arthropoda,Insecta,Hemiptera,,,,,809,,Hemiptera,Hemiptera,Cerro_Hoya_Expedition_Hoya_606m_grisMejua_2025-01-26,grisMejua_2025_01_26__19_51_06_HDR0_3_Mothbot_yolo11m_4500_imgsz1600_b1_2024-01-18.pt.jpg,HS,Mothbot_yolo11m_4500_imgsz1600_b1_2024-01-18.pt,0.5514867305755615,,grisMejua,Cerro_Hoya_Expedition/Hoya_606m_grisMejua_2025-01-26/2025-01-26/patches/grisMejua_2025_01_26__19_51_06_HDR0_3_Mothbot_yolo11m_4500_imgsz1600_b1_2024-01-18.pt.jpg,ORDER_Diptera,2025-01-26,19:51:06,,2025_01_26__19_51_06,MachineObservation,Cerro_Hoya_Expedition_Hoya_606m_grisMejua_2025-01-26_2025-01-26,Cerro_Hoya_Expedition_Hoya_606m_grisMejua_2025-01-26,grisMejua_2025_01_26__19_51_06_HDR0.jpg,grisMejua_2025_01_26__19_51_06_HDR0_3_Mothbot_yolo11m_4500_imgsz1600_b1_2024-01-18.pt.jpg
doi.org10.15468dl.6nxkw6.csv,Animalia,Arthropoda,Insecta,Coleoptera,,,,Coleoptera29,1470,,Coleoptera,Coleoptera29,Cerro_Hoya_Expedition_Hoya_606m_grisMejua_2025-01-26,grisMejua_2025_01_26__19_51_06_HDR0_4_Mothbot_yolo11m_4500_imgsz1600_b1_2024-01-18.pt.jpg,HS,Mothbot_yolo11m_4500_imgsz1600_b1_2024-01-18.pt,0.5292085409164429,,grisMejua,Cerro_Hoya_Expedition/Hoya_606m_grisMejua_2025-01-26/2025-01-26/patches/grisMejua_2025_01_26__19_51_06_HDR0_4_Mothbot_yolo11m_4500_imgsz1600_b1_2024-01-18.pt.jpg,ORDER_Hymenoptera,2025-01-26,19:51:06,,2025_01_26__19_51_06,MachineObservation,Cerro_Hoya_Expedition_Hoya_606m_grisMejua_2025-01-26_2025-01-26,Cerro_Hoya_Expedition_Hoya_606m_grisMejua_2025-01-26,grisMejua_2025_01_26__19_51_06_HDR0.jpg,grisMejua_2025_01_26__19_51_06_HDR0_4_Mothbot_yolo11m_4500_imgsz1600_b1_2024-01-18.pt.jpg
doi.org10.15468dl.6nxkw6.csv,Animalia,Arthropoda,Insecta,Coleoptera,,,,Tenebrionoidea2,1470,,Coleoptera,Tenebrionoidea2,Cerro_Hoya_Expedition_Hoya_606m_grisMejua_2025-01-26,grisMejua_2025_01_26__19_51_06_HDR0_5_Mothbot_yolo11m_4500_imgsz1600_b1_2024-01-18.pt.jpg,HS,Mothbot_yolo11m_4500_imgsz1600_b1_2024-01-18.pt,0.4729427397251129,,grisMejua,Cerro_Hoya_Expedition/Hoya_606m_grisMejua_2025-01-26/2025-01-26/patches/grisMejua_2025_01_26__19_51_06_HDR0_5_Mothbot_yolo11m_4500_imgsz1600_b1_2024-01-18.pt.jpg,ORDER_Coleoptera,2025-01-26,19:51:06,,2025_01_26__19_51_06,MachineObservation,Cerro_Hoya_Expedition_Hoya_606m_grisMejua_2025-01-26_2025-01-26,Cerro_Hoya_Expedition_Hoya_606m_grisMejua_2025-01-26,grisMejua_2025_01_26__19_51_06_HDR0.jpg,grisMejua_2025_01_26__19_51_06_HDR0_5_Mothbot_yolo11m_4500_imgsz1600_b1_2024-01-18.pt.jpg
doi.org10.15468dl.6nxkw6.csv,Animalia,Arthropoda,Insecta,Diptera,,,,,811,,Diptera,Diptera,Cerro_Hoya_Expedition_Hoya_606m_grisMejua_2025-01-26,grisMejua_2025_01_26__19_51_06_HDR0_6_Mothbot_yolo11m_4500_imgsz1600_b1_2024-01-18.pt.jpg,HS,Mothbot_yolo11m_4500_imgsz1600_b1_2024-01-18.pt,0.2899002730846405,,grisMejua,Cerro_Hoya_Expedition/Hoya_606m_grisMejua_2025-01-26/2025-01-26/patches/grisMejua_2025_01_26__19_51_06_HDR0_6_Mothbot_yolo11m_4500_imgsz1600_b1_2024-01-18.pt.jpg,ORDER_Hemiptera,2025-01-26,19:51:06,,2025_01_26__19_51_06,MachineObservation,Cerro_Hoya_Expedition_Hoya_606m_grisMejua_2025-01-26_2025-01-26,Cerro_Hoya_Expedition_Hoya_606m_grisMejua_2025-01-26,grisMejua_2025_01_26__19_51_06_HDR0.jpg,grisMejua_2025_01_26__19_51_06_HDR0_6_Mothbot_yolo11m_4500_imgsz1600_b1_2024-01-18.pt.jpg
doi.org10.15468dl.6nxkw6.csv,Animalia,Arthropoda,Insecta,Coleoptera,Scarabaeidae,Cyclocephala,melanocephala,,4994793,,melanocephala,Cyclocephala melanocephala,Cerro_Hoya_Expedition_Hoya_606m_grisMejua_2025-01-26,grisMejua_2025_01_26__19_51_06_HDR0_7_Mothbot_yolo11m_4500_imgsz1600_b1_2024-01-18.pt.jpg,HS,Mothbot_yolo11m_4500_imgsz1600_b1_2024-01-18.pt,0.26178550720214844,,grisMejua,Cerro_Hoya_Expedition/Hoya_606m_grisMejua_2025-01-26/2025-01-26/patches/grisMejua_2025_01_26__19_51_06_HDR0_7_Mothbot_yolo11m_4500_imgsz1600_b1_2024-01-18.pt.jpg,ORDER_Coleoptera,2025-01-26,19:51:06,,2025_01_26__19_51_06,MachineObservation,Cerro_Hoya_Expedition_Hoya_606m_grisMejua_2025-01-26_2025-01-26,Cerro_Hoya_Expedition_Hoya_606m_grisMejua_2025-01-26,grisMejua_2025_01_26__19_51_06_HDR0.jpg,grisMejua_2025_01_26__19_51_06_HDR0_7_Mothbot_yolo11m_4500_imgsz1600_b1_2024-01-18.pt.jpg
doi.org10.15468dl.6nxkw6.csv,Animalia,Arthropoda,Insecta,Lepidoptera,,,,,797,,Lepidoptera,Lepidoptera,Cerro_Hoya_Expedition_Hoya_606m_grisMejua_2025-01-26,grisMejua_2025_01_26__19_52_06_HDR0_0_Mothbot_yolo11m_4500_imgsz1600_b1_2024-01-18.pt.jpg,HS,Mothbot_yolo11m_4500_imgsz1600_b1_2024-01-18.pt,0.7840480804443359,,grisMejua,Cerro_Hoya_Expedition/Hoya_606m_grisMejua_2025-01-26/2025-01-26/patches/grisMejua_2025_01_26__19_52_06_HDR0_0_Mothbot_yolo11m_4500_imgsz1600_b1_2024-01-18.pt.jpg,ORDER_Lepidoptera,2025-01-26,19:52:06,,2025_01_26__19_52_06,MachineObservation,Cerro_Hoya_Expedition_Hoya_606m_grisMejua_2025-01-26_2025-01-26,Cerro_Hoya_Expedition_Hoya_606m_grisMejua_2025-01-26,grisMejua_2025_01_26__19_52_06_HDR0.jpg,grisMejua_2025_01_26__19_52_06_HDR0_0_Mothbot_yolo11m_4500_imgsz1600_b1_2024-01-18.pt.jpg
doi.org10.15468dl.6nxkw6.csv,Animalia,Arthropoda,Insecta,Diptera,,,,,811,,Diptera,Diptera,Cerro_Hoya_Expedition_Hoya_606m_grisMejua_2025-01-26,grisMejua_2025_01_26__19_52_06_HDR0_1_Mothbot_yolo11m_4500_imgsz1600_b1_2024-01-18.pt.jpg,HS,Mothbot_yolo11m_4500_imgsz1600_b1_2024-01-18.pt,0.5712420344352722,,grisMejua,Cerro_Hoya_Expedition/Hoya_606m_grisMejua_2025-01-26/2025-01-26/patches/grisMejua_2025_01_26__19_52_06_HDR0_1_Mothbot_yolo11m_4500_imgsz1600_b1_2024-01-18.pt.jpg,ORDER_Diptera,2025-01-26,19:52:06,,2025_01_26__19_52_06,MachineObservation,Cerro_Hoya_Expedition_Hoya_606m_grisMejua_2025-01-26_2025-01-26,Cerro_Hoya_Expedition_Hoya_606m_grisMejua_2025-01-26,grisMejua_2025_01_26__19_52_06_HDR0.jpg,grisMejua_2025_01_26__19_52_06_HDR0_1_Mothbot_yolo11m_4500_imgsz1600_b1_2024-01-18.pt.jpg
doi.org10.15468dl.6nxkw6.csv,Animalia,Arthropoda,Insecta,Coleoptera,,,,Coleoptera29,1470,,Coleoptera,Coleoptera29,Cerro_Hoya_Expedition_Hoya_606m_grisMejua_2025-01-26,grisMejua_2025_01_26__19_52_06_HDR0_2_Mothbot_yolo11m_4500_imgsz1600_b1_2024-01-18.pt.jpg,HS,Mothbot_yolo11m_4500_imgsz1600_b1_2024-01-18.pt,0.5275232195854187,,grisMejua,Cerro_Hoya_Expedition/Hoya_606m_grisMejua_2025-01-26/2025-01-26/patches/grisMejua_2025_01_26__19_52_06_HDR0_2_Mothbot_yolo11m_4500_imgsz1600_b1_2024-01-18.pt.jpg,ORDER_Coleoptera,2025-01-26,19:52:06,,2025_01_26__19_52_06,MachineObservation,Cerro_Hoya_Expedition_Hoya_606m_grisMejua_2025-01-26_2025-01-26,Cerro_Hoya_Expedition_Hoya_606m_grisMejua_2025-01-26,grisMejua_2025_01_26__19_52_06_HDR0.jpg,grisMejua_2025_01_26__19_52_06_HDR0_2_Mothbot_yolo11m_4500_imgsz1600_b1_2024-01-18.pt.jpg
doi.org10.15468dl.6nxkw6.csv,Animalia,Arthropoda,Insecta,Hemiptera,,,,,809,,Hemiptera,Hemiptera,Cerro_Hoya_Expedition_Hoya_606m_grisMejua_2025-01-26,grisMejua_2025_01_26__19_52_06_HDR0_3_Mothbot_yolo11m_4500_imgsz1600_b1_2024-01-18.pt.jpg,HS,Mothbot_yolo11m_4500_imgsz1600_b1_2024-01-18.pt,0.5125954747200012,,grisMejua,Cerro_Hoya_Expedition/Hoya_606m_grisMejua_2025-01-26/2025-01-26/patches/grisMejua_2025_01_26__19_52_06_HDR0_3_Mothbot_yolo11m_4500_imgsz1600_b1_2024-01-18.pt.jpg,ORDER_Hemiptera,2025-01-26,19:52:06,,2025_01_26__19_52_06,MachineObservation,Cerro_Hoya_Expedition_Hoya_606m_grisMejua_2025-01-26_2025-01-26,Cerro_Hoya_Expedition_Hoya_606m_grisMejua_2025-01-26,grisMejua_2025_01_26__19_52_06_HDR0.jpg,grisMejua_2025_01_26__19_52_06_HDR0_3_Mothbot_yolo11m_4500_imgsz1600_b1_2024-01-18.pt.jpg
doi.org10.15468dl.6nxkw6.csv,Animalia,Arthropoda,Insecta,Coleoptera,,,,Tenebrionoidea2,1470,,Coleoptera,Tenebrionoidea2,Cerro_Hoya_Expedition_Hoya_606m_grisMejua_2025-01-26,grisMejua_2025_01_26__19_52_06_HDR0_4_Mothbot_yolo11m_4500_imgsz1600_b1_2024-01-18.pt.jpg,HS,Mothbot_yolo11m_4500_imgsz1600_b1_2024-01-18.pt,0.4980751872062683,,grisMejua,Cerro_Hoya_Expedition/Hoya_606m_grisMejua_2025-01-26/2025-01-26/patches/grisMejua_2025_01_26__19_52_06_HDR0_4_Mothbot_yolo11m_4500_imgsz1600_b1_2024-01-18.pt.jpg,ORDER_Coleoptera,2025-01-26,19:52:06,,2025_01_26__19_52_06,MachineObservation,Cerro_Hoya_Expedition_Hoya_606m_grisMejua_2025-01-26_2025-01-26,Cerro_Hoya_Expedition_Hoya_606m_grisMejua_2025-01-26,grisMejua_2025_01_26__19_52_06_HDR0.jpg,grisMejua_2025_01_26__19_52_06_HDR0_4_Mothbot_yolo11m_4500_imgsz1600_b1_2024-01-18.pt.jpg
doi.org10.15468dl.6nxkw6.csv,Animalia,Arthropoda,Insecta,Hemiptera,,,,,809,,Hemiptera,Hemiptera,Cerro_Hoya_Expedition_Hoya_606m_grisMejua_2025-01-26,grisMejua_2025_01_26__19_52_06_HDR0_5_Mothbot_yolo11m_4500_imgsz1600_b1_2024-01-18.pt.jpg,HS,Mothbot_yolo11m_4500_imgsz1600_b1_2024-01-18.pt,0.427433580160141,,grisMejua,Cerro_Hoya_Expedition/Hoya_606m_grisMejua_2025-01-26/2025-01-26/patches/grisMejua_2025_01_26__19_52_06_HDR0_5_Mothbot_yolo11m_4500_imgsz1600_b1_2024-01-18.pt.jpg,ORDER_Diptera,2025-01-26,19:52:06,,2025_01_26__19_52_06,MachineObservation,Cerro_Hoya_Expedition_Hoya_606m_grisMejua_2025-01-26_2025-01-26,Cerro_Hoya_Expedition_Hoya_606m_grisMejua_2025-01-26,grisMejua_2025_01_26__19_52_06_HDR0.jpg,grisMejua_2025_01_26__19_52_06_HDR0_5_Mothbot_yolo11m_4500_imgsz1600_b1_2024-01-18.pt.jpg
doi.org10.15468dl.6nxkw6.csv,Animalia,Arthropoda,Insecta,Lepidoptera,,,,,797,,Lepidoptera,Lepidoptera,Cerro_Hoya_Expedition_Hoya_606m_grisMejua_2025-01-26,grisMejua_2025_01_26__19_53_06_HDR0_0_Mothbot_yolo11m_4500_imgsz1600_b1_2024-01-18.pt.jpg,HS,Mothbot_yolo11m_4500_imgsz1600_b1_2024-01-18.pt,0.7726990580558777,,grisMejua,Cerro_Hoya_Expedition/Hoya_606m_grisMejua_2025-01-26/2025-01-26/patches/grisMejua_2025_01_26__19_53_06_HDR0_0_Mothbot_yolo11m_4500_imgsz1600_b1_2024-01-18.pt.jpg,ORDER_Lepidoptera,2025-01-26,19:53:06,,2025_01_26__19_53_06,MachineObservation,Cerro_Hoya_Expedition_Hoya_606m_grisMejua_2025-01-26_2025-01-26,Cerro_Hoya_Expedition_Hoya_606m_grisMejua_2025-01-26,grisMejua_2025_01_26__19_53_06_HDR0.jpg,grisMejua_2025_01_26__19_53_06_HDR0_0_Mothbot_yolo11m_4500_imgsz1600_b1_2024-01-18.pt.jpg
doi.org10.15468dl.6nxkw6.csv,Animalia,Arthropoda,Insecta,Diptera,,,,,811,,Diptera,Diptera,Cerro_Hoya_Expedition_Hoya_606m_grisMejua_2025-01-26,grisMejua_2025_01_26__19_53_06_HDR0_1_Mothbot_yolo11m_4500_imgsz1600_b1_2024-01-18.pt.jpg,HS,Mothbot_yolo11m_4500_imgsz1600_b1_2024-01-18.pt,0.626561164855957,,grisMejua,Cerro_Hoya_Expedition/Hoya_606m_grisMejua_2025-01-26/2025-01-26/patches/grisMejua_2025_01_26__19_53_06_HDR0_1_Mothbot_yolo11m_4500_imgsz1600_b1_2024-01-18.pt.jpg,ORDER_Hemiptera,2025-01-26,19:53:06,,2025_01_26__19_53_06,MachineObservation,Cerro_Hoya_Expedition_Hoya_606m_grisMejua_2025-01-26_2025-01-26,Cerro_Hoya_Expedition_Hoya_606m_grisMejua_2025-01-26,grisMejua_2025_01_26__19_53_06_HDR0.jpg,grisMejua_2025_01_26__19_53_06_HDR0_1_Mothbot_yolo11m_4500_imgsz1600_b1_2024-01-18.pt.jpg
doi.org10.15468dl.6nxkw6.csv,Animalia,Arthropoda,Insecta,Coleoptera,,,,Coleoptera29,1470,,Coleoptera,Coleoptera29,Cerro_Hoya_Expedition_Hoya_606m_grisMejua_2025-01-26,grisMejua_2025_01_26__19_53_06_HDR0_2_Mothbot_yolo11m_4500_imgsz1600_b1_2024-01-18.pt.jpg,HS,Mothbot_yolo11m_4500_imgsz1600_b1_2024-01-18.pt,0.6191222667694092,,grisMejua,Cerro_Hoya_Expedition/Hoya_606m_grisMejua_2025-01-26/2025-01-26/patches/grisMejua_2025_01_26__19_53_06_HDR0_2_Mothbot_yolo11m_4500_imgsz1600_b1_2024-01-18.pt.jpg,ORDER_Hymenoptera,2025-01-26,19:53:06,,2025_01_26__19_53_06,MachineObservation,Cerro_Hoya_Expedition_Hoya_606m_grisMejua_2025-01-26_2025-01-26,Cerro_Hoya_Expedition_Hoya_606m_grisMejua_2025-01-26,grisMejua_2025_01_26__19_53_06_HDR0.jpg,grisMejua_2025_01_26__19_53_06_HDR0_2_Mothbot_yolo11m_4500_imgsz1600_b1_2024-01-18.pt.jpg
doi.org10.15468dl.6nxkw6.csv,Animalia,Arthropoda,Insecta,Hemiptera,,,,,809,,Hemiptera,Hemiptera,Cerro_Hoya_Expedition_Hoya_606m_grisMejua_2025-01-26,grisMejua_2025_01_26__19_53_06_HDR0_3_Mothbot_yolo11m_4500_imgsz1600_b1_2024-01-18.pt.jpg,HS,Mothbot_yolo11m_4500_imgsz1600_b1_2024-01-18.pt,0.6111845970153809,,grisMejua,Cerro_Hoya_Expedition/Hoya_606m_grisMejua_2025-01-26/2025-01-26/patches/grisMejua_2025_01_26__19_53_06_HDR0_3_Mothbot_yolo11m_4500_imgsz1600_b1_2024-01-18.pt.jpg,ORDER_Hemiptera,2025-01-26,19:53:06,,2025_01_26__19_53_06,MachineObservation,Cerro_Hoya_Expedition_Hoya_606m_grisMejua_2025-01-26_2025-01-26,Cerro_Hoya_Expedition_Hoya_606m_grisMejua_2025-01-26,grisMejua_2025_01_26__19_53_06_HDR0.jpg,grisMejua_2025_01_26__19_53_06_HDR0_3_Mothbot_yolo11m_4500_imgsz1600_b1_2024-01-18.pt.jpg
doi.org10.15468dl.6nxkw6.csv,Animalia,Arthropoda,Insecta,Hemiptera,,,,,809,,Hemiptera,Hemiptera,Cerro_Hoya_Expedition_Hoya_606m_grisMejua_2025-01-26,grisMejua_2025_01_26__19_53_06_HDR0_4_Mothbot_yolo11m_4500_imgsz1600_b1_2024-01-18.pt.jpg,HS,Mothbot_yolo11m_4500_imgsz1600_b1_2024-01-18.pt,0.5971601009368896,,grisMejua,Cerro_Hoya_Expedition/Hoya_606m_grisMejua_2025-01-26/2025-01-26/patches/grisMejua_2025_01_26__19_53_06_HDR0_4_Mothbot_yolo11m_4500_imgsz1600_b1_2024-01-18.pt.jpg,ORDER_Psocodea,2025-01-26,19:53:06,,2025_01_26__19_53_06,MachineObservation,Cerro_Hoya_Expedition_Hoya_606m_grisMejua_2025-01-26_2025-01-26,Cerro_Hoya_Expedition_Hoya_606m_grisMejua_2025-01-26,grisMejua_2025_01_26__19_53_06_HDR0.jpg,grisMejua_2025_01_26__19_53_06_HDR0_4_Mothbot_yolo11m_4500_imgsz1600_b1_2024-01-18.pt.jpg
doi.org10.15468dl.6nxkw6.csv,Animalia,Arthropoda,Insecta,Hemiptera,,,,,809,,Hemiptera,Hemiptera,Cerro_Hoya_Expedition_Hoya_606m_grisMejua_2025-01-26,grisMejua_2025_01_26__19_53_06_HDR0_5_Mothbot_yolo11m_4500_imgsz1600_b1_2024-01-18.pt.jpg,HS,Mothbot_yolo11m_4500_imgsz1600_b1_2024-01-18.pt,0.529791533946991,,grisMejua,Cerro_Hoya_Expedition/Hoya_606m_grisMejua_2025-01-26/2025-01-26/patches/grisMejua_2025_01_26__19_53_06_HDR0_5_Mothbot_yolo11m_4500_imgsz1600_b1_2024-01-18.pt.jpg,ORDER_Diptera,2025-01-26,19:53:06,,2025_01_26__19_53_06,MachineObservation,Cerro_Hoya_Expedition_Hoya_606m_grisMejua_2025-01-26_2025-01-26,Cerro_Hoya_Expedition_Hoya_606m_grisMejua_2025-01-26,grisMejua_2025_01_26__19_53_06_HDR0.jpg,grisMejua_2025_01_26__19_53_06_HDR0_5_Mothbot_yolo11m_4500_imgsz1600_b1_2024-01-18.pt.jpg
doi.org10.15468dl.6nxkw6.csv,Animalia,Arthropoda,Insecta,Coleoptera,,,,Coleoptera_unknown,1470,,Coleoptera,Coleoptera_unknown,Cerro_Hoya_Expedition_Hoya_606m_grisMejua_2025-01-26,grisMejua_2025_01_26__19_53_06_HDR0_6_Mothbot_yolo11m_4500_imgsz1600_b1_2024-01-18.pt.jpg,HS,Mothbot_yolo11m_4500_imgsz1600_b1_2024-01-18.pt,0.49175041913986206,,grisMejua,Cerro_Hoya_Expedition/Hoya_606m_grisMejua_2025-01-26/2025-01-26/patches/grisMejua_2025_01_26__19_53_06_HDR0_6_Mothbot_yolo11m_4500_imgsz1600_b1_2024-01-18.pt.jpg,ORDER_Coleoptera,2025-01-26,19:53:06,,2025_01_26__19_53_06,MachineObservation,Cerro_Hoya_Expedition_Hoya_606m_grisMejua_2025-01-26_2025-01-26,Cerro_Hoya_Expedition_Hoya_606m_grisMejua_2025-01-26,grisMejua_2025_01_26__19_53_06_HDR0.jpg,grisMejua_2025_01_26__19_53_06_HDR0_6_Mothbot_yolo11m_4500_imgsz1600_b1_2024-01-18.pt.jpg
doi.org10.15468dl.6nxkw6.csv,Animalia,Arthropoda,Insecta,Coleoptera,Scarabaeidae,Cyclocephala,melanocephala,,4994793,,melanocephala,Cyclocephala melanocephala,Cerro_Hoya_Expedition_Hoya_606m_grisMejua_2025-01-26,grisMejua_2025_01_26__19_53_06_HDR0_7_Mothbot_yolo11m_4500_imgsz1600_b1_2024-01-18.pt.jpg,HS,Mothbot_yolo11m_4500_imgsz1600_b1_2024-01-18.pt,0.2883278429508209,,grisMejua,Cerro_Hoya_Expedition/Hoya_606m_grisMejua_2025-01-26/2025-01-26/patches/grisMejua_2025_01_26__19_53_06_HDR0_7_Mothbot_yolo11m_4500_imgsz1600_b1_2024-01-18.pt.jpg,ORDER_Coleoptera,2025-01-26,19:53:06,,2025_01_26__19_53_06,MachineObservation,Cerro_Hoya_Expedition_Hoya_606m_grisMejua_2025-01-26_2025-01-26,Cerro_Hoya_Expedition_Hoya_606m_grisMejua_2025-01-26,grisMejua_2025_01_26__19_53_06_HDR0.jpg,grisMejua_2025_01_26__19_53_06_HDR0_7_Mothbot_yolo11m_4500_imgsz1600_b1_2024-01-18.pt.jpg
doi.org10.15468dl.6nxkw6.csv,Animalia,Arthropoda,Insecta,Lepidoptera,,,,,797,,Lepidoptera,Lepidoptera,Cerro_Hoya_Expedition_Hoya_606m_grisMejua_2025-01-26,grisMejua_2025_01_26__19_54_05_HDR0_0_Mothbot_yolo11m_4500_imgsz1600_b1_2024-01-18.pt.jpg,HS,Mothbot_yolo11m_4500_imgsz1600_b1_2024-01-18.pt,0.759490966796875,,grisMejua,Cerro_Hoya_Expedition/Hoya_606m_grisMejua_2025-01-26/2025-01-26/patches/grisMejua_2025_01_26__19_54_05_HDR0_0_Mothbot_yolo11m_4500_imgsz1600_b1_2024-01-18.pt.jpg,ORDER_Lepidoptera,2025-01-26,19:54:05,,2025_01_26__19_54_05,MachineObservation,Cerro_Hoya_Expedition_Hoya_606m_grisMejua_2025-01-26_2025-01-26,Cerro_Hoya_Expedition_Hoya_606m_grisMejua_2025-01-26,grisMejua_2025_01_26__19_54_05_HDR0.jpg,grisMejua_2025_01_26__19_54_05_HDR0_0_Mothbot_yolo11m_4500_imgsz1600_b1_2024-01-18.pt.jpg
doi.org10.15468dl.6nxkw6.csv,Animalia,Arthropoda,Insecta,Diptera,,,,,811,,Diptera,Diptera,Cerro_Hoya_Expedition_Hoya_606m_grisMejua_2025-01-26,grisMejua_2025_01_26__19_54_05_HDR0_1_Mothbot_yolo11m_4500_imgsz1600_b1_2024-01-18.pt.jpg,HS,Mothbot_yolo11m_4500_imgsz1600_b1_2024-01-18.pt,0.6637633442878723,,grisMejua,Cerro_Hoya_Expedition/Hoya_606m_grisMejua_2025-01-26/2025-01-26/patches/grisMejua_2025_01_26__19_54_05_HDR0_1_Mothbot_yolo11m_4500_imgsz1600_b1_2024-01-18.pt.jpg,ORDER_Diptera,2025-01-26,19:54:05,,2025_01_26__19_54_05,MachineObservation,Cerro_Hoya_Expedition_Hoya_606m_grisMejua_2025-01-26_2025-01-26,Cerro_Hoya_Expedition_Hoya_606m_grisMejua_2025-01-26,grisMejua_2025_01_26__19_54_05_HDR0.jpg,grisMejua_2025_01_26__19_54_05_HDR0_1_Mothbot_yolo11m_4500_imgsz1600_b1_2024-01-18.pt.jpg
doi.org10.15468dl.6nxkw6.csv,Animalia,Arthropoda,Insecta,Coleoptera,,,,Tenebrionoidea2,1470,,Coleoptera,Tenebrionoidea2,Cerro_Hoya_Expedition_Hoya_606m_grisMejua_2025-01-26,grisMejua_2025_01_26__19_54_05_HDR0_2_Mothbot_yolo11m_4500_imgsz1600_b1_2024-01-18.pt.jpg,HS,Mothbot_yolo11m_4500_imgsz1600_b1_2024-01-18.pt,0.5832842588424683,,grisMejua,Cerro_Hoya_Expedition/Hoya_606m_grisMejua_2025-01-26/2025-01-26/patches/grisMejua_2025_01_26__19_54_05_HDR0_2_Mothbot_yolo11m_4500_imgsz1600_b1_2024-01-18.pt.jpg,ORDER_Hymenoptera,2025-01-26,19:54:05,,2025_01_26__19_54_05,MachineObservation,Cerro_Hoya_Expedition_Hoya_606m_grisMejua_2025-01-26_2025-01-26,Cerro_Hoya_Expedition_Hoya_606m_grisMejua_2025-01-26,grisMejua_2025_01_26__19_54_05_HDR0.jpg,grisMejua_2025_01_26__19_54_05_HDR0_2_Mothbot_yolo11m_4500_imgsz1600_b1_2024-01-18.pt.jpg
doi.org10.15468dl.6nxkw6.csv,Animalia,Arthropoda,Insecta,Coleoptera,,,,Coleoptera29,1470,,Coleoptera,Coleoptera29,Cerro_Hoya_Expedition_Hoya_606m_grisMejua_2025-01-26,grisMejua_2025_01_26__19_54_05_HDR0_3_Mothbot_yolo11m_4500_imgsz1600_b1_2024-01-18.pt.jpg,HS,Mothbot_yolo11m_4500_imgsz1600_b1_2024-01-18.pt,0.5571519732475281,,grisMejua,Cerro_Hoya_Expedition/Hoya_606m_grisMejua_2025-01-26/2025-01-26/patches/grisMejua_2025_01_26__19_54_05_HDR0_3_Mothbot_yolo11m_4500_imgsz1600_b1_2024-01-18.pt.jpg,ORDER_Hemiptera,2025-01-26,19:54:05,,2025_01_26__19_54_05,MachineObservation,Cerro_Hoya_Expedition_Hoya_606m_grisMejua_2025-01-26_2025-01-26,Cerro_Hoya_Expedition_Hoya_606m_grisMejua_2025-01-26,grisMejua_2025_01_26__19_54_05_HDR0.jpg,grisMejua_2025_01_26__19_54_05_HDR0_3_Mothbot_yolo11m_4500_imgsz1600_b1_2024-01-18.pt.jpg
doi.org10.15468dl.6nxkw6.csv,Animalia,Arthropoda,Insecta,Hemiptera,,,,,809,,Hemiptera,Hemiptera,Cerro_Hoya_Expedition_Hoya_606m_grisMejua_2025-01-26,grisMejua_2025_01_26__19_54_05_HDR0_4_Mothbot_yolo11m_4500_imgsz1600_b1_2024-01-18.pt.jpg,HS,Mothbot_yolo11m_4500_imgsz1600_b1_2024-01-18.pt,0.4942679703235626,,grisMejua,Cerro_Hoya_Expedition/Hoya_606m_grisMejua_2025-01-26/2025-01-26/patches/grisMejua_2025_01_26__19_54_05_HDR0_4_Mothbot_yolo11m_4500_imgsz1600_b1_2024-01-18.pt.jpg,ORDER_Diptera,2025-01-26,19:54:05,,2025_01_26__19_54_05,MachineObservation,Cerro_Hoya_Expedition_Hoya_606m_grisMejua_2025-01-26_2025-01-26,Cerro_Hoya_Expedition_Hoya_606m_grisMejua_2025-01-26,grisMejua_2025_01_26__19_54_05_HDR0.jpg,grisMejua_2025_01_26__19_54_05_HDR0_4_Mothbot_yolo11m_4500_imgsz1600_b1_2024-01-18.pt.jpg
doi.org10.15468dl.6nxkw6.csv,Animalia,Arthropoda,Insecta,Hemiptera,,,,,809,,Hemiptera,Hemiptera,Cerro_Hoya_Expedition_Hoya_606m_grisMejua_2025-01-26,grisMejua_2025_01_26__19_54_05_HDR0_5_Mothbot_yolo11m_4500_imgsz1600_b1_2024-01-18.pt.jpg,HS,Mothbot_yolo11m_4500_imgsz1600_b1_2024-01-18.pt,0.4905335307121277,,grisMejua,Cerro_Hoya_Expedition/Hoya_606m_grisMejua_2025-01-26/2025-01-26/patches/grisMejua_2025_01_26__19_54_05_HDR0_5_Mothbot_yolo11m_4500_imgsz1600_b1_2024-01-18.pt.jpg,ORDER_Psocodea,2025-01-26,19:54:05,,2025_01_26__19_54_05,MachineObservation,Cerro_Hoya_Expedition_Hoya_606m_grisMejua_2025-01-26_2025-01-26,Cerro_Hoya_Expedition_Hoya_606m_grisMejua_2025-01-26,grisMejua_2025_01_26__19_54_05_HDR0.jpg,grisMejua_2025_01_26__19_54_05_HDR0_5_Mothbot_yolo11m_4500_imgsz1600_b1_2024-01-18.pt.jpg
doi.org10.15468dl.6nxkw6.csv,Animalia,Arthropoda,Insecta,Hemiptera,,,,,809,,Hemiptera,Hemiptera,Cerro_Hoya_Expedition_Hoya_606m_grisMejua_2025-01-26,grisMejua_2025_01_26__19_54_05_HDR0_6_Mothbot_yolo11m_4500_imgsz1600_b1_2024-01-18.pt.jpg,HS,Mothbot_yolo11m_4500_imgsz1600_b1_2024-01-18.pt,0.2981148660182953,,grisMejua,Cerro_Hoya_Expedition/Hoya_606m_grisMejua_2025-01-26/2025-01-26/patches/grisMejua_2025_01_26__19_54_05_HDR0_6_Mothbot_yolo11m_4500_imgsz1600_b1_2024-01-18.pt.jpg,ORDER_Coleoptera,2025-01-26,19:54:05,,2025_01_26__19_54_05,MachineObservation,Cerro_Hoya_Expedition_Hoya_606m_grisMejua_2025-01-26_2025-01-26,Cerro_Hoya_Expedition_Hoya_606m_grisMejua_2025-01-26,grisMejua_2025_01_26__19_54_05_HDR0.jpg,grisMejua_2025_01_26__19_54_05_HDR0_6_Mothbot_yolo11m_4500_imgsz1600_b1_2024-01-18.pt.jpg
doi.org10.15468dl.6nxkw6.csv,Animalia,Arthropoda,Insecta,Lepidoptera,,,,,797,,Lepidoptera,Lepidoptera,Cerro_Hoya_Expedition_Hoya_606m_grisMejua_2025-01-26,grisMejua_2025_01_26__19_55_05_HDR0_0_Mothbot_yolo11m_4500_imgsz1600_b1_2024-01-18.pt.jpg,HS,Mothbot_yolo11m_4500_imgsz1600_b1_2024-01-18.pt,0.784762978553772,,grisMejua,Cerro_Hoya_Expedition/Hoya_606m_grisMejua_2025-01-26/2025-01-26/patches/grisMejua_2025_01_26__19_55_05_HDR0_0_Mothbot_yolo11m_4500_imgsz1600_b1_2024-01-18.pt.jpg,ORDER_Lepidoptera,2025-01-26,19:55:05,,2025_01_26__19_55_05,MachineObservation,Cerro_Hoya_Expedition_Hoya_606m_grisMejua_2025-01-26_2025-01-26,Cerro_Hoya_Expedition_Hoya_606m_grisMejua_2025-01-26,grisMejua_2025_01_26__19_55_05_HDR0.jpg,grisMejua_2025_01_26__19_55_05_HDR0_0_Mothbot_yolo11m_4500_imgsz1600_b1_2024-01-18.pt.jpg
doi.org10.15468dl.6nxkw6.csv,Animalia,Arthropoda,Insecta,Diptera,,,,,811,,Diptera,Diptera,Cerro_Hoya_Expedition_Hoya_606m_grisMejua_2025-01-26,grisMejua_2025_01_26__19_55_05_HDR0_1_Mothbot_yolo11m_4500_imgsz1600_b1_2024-01-18.pt.jpg,HS,Mothbot_yolo11m_4500_imgsz1600_b1_2024-01-18.pt,0.6465141773223877,,grisMejua,Cerro_Hoya_Expedition/Hoya_606m_grisMejua_2025-01-26/2025-01-26/patches/grisMejua_2025_01_26__19_55_05_HDR0_1_Mothbot_yolo11m_4500_imgsz1600_b1_2024-01-18.pt.jpg,ORDER_Hemiptera,2025-01-26,19:55:05,,2025_01_26__19_55_05,MachineObservation,Cerro_Hoya_Expedition_Hoya_606m_grisMejua_2025-01-26_2025-01-26,Cerro_Hoya_Expedition_Hoya_606m_grisMejua_2025-01-26,grisMejua_2025_01_26__19_55_05_HDR0.jpg,grisMejua_2025_01_26__19_55_05_HDR0_1_Mothbot_yolo11m_4500_imgsz1600_b1_2024-01-18.pt.jpg
doi.org10.15468dl.6nxkw6.csv,Animalia,Arthropoda,Insecta,Hemiptera,,,,,809,,Hemiptera,Hemiptera,Cerro_Hoya_Expedition_Hoya_606m_grisMejua_2025-01-26,grisMejua_2025_01_26__19_55_05_HDR0_2_Mothbot_yolo11m_4500_imgsz1600_b1_2024-01-18.pt.jpg,HS,Mothbot_yolo11m_4500_imgsz1600_b1_2024-01-18.pt,0.5616437196731567,,grisMejua,Cerro_Hoya_Expedition/Hoya_606m_grisMejua_2025-01-26/2025-01-26/patches/grisMejua_2025_01_26__19_55_05_HDR0_2_Mothbot_yolo11m_4500_imgsz1600_b1_2024-01-18.pt.jpg,ORDER_Hemiptera,2025-01-26,19:55:05,,2025_01_26__19_55_05,MachineObservation,Cerro_Hoya_Expedition_Hoya_606m_grisMejua_2025-01-26_2025-01-26,Cerro_Hoya_Expedition_Hoya_606m_grisMejua_2025-01-26,grisMejua_2025_01_26__19_55_05_HDR0.jpg,grisMejua_2025_01_26__19_55_05_HDR0_2_Mothbot_yolo11m_4500_imgsz1600_b1_2024-01-18.pt.jpg
doi.org10.15468dl.6nxkw6.csv,Animalia,Arthropoda,Insecta,Hemiptera,,,,,809,,Hemiptera,Hemiptera,Cerro_Hoya_Expedition_Hoya_606m_grisMejua_2025-01-26,grisMejua_2025_01_26__19_55_05_HDR0_3_Mothbot_yolo11m_4500_imgsz1600_b1_2024-01-18.pt.jpg,HS,Mothbot_yolo11m_4500_imgsz1600_b1_2024-01-18.pt,0.5324042439460754,,grisMejua,Cerro_Hoya_Expedition/Hoya_606m_grisMejua_2025-01-26/2025-01-26/patches/grisMejua_2025_01_26__19_55_05_HDR0_3_Mothbot_yolo11m_4500_imgsz1600_b1_2024-01-18.pt.jpg,ORDER_Diptera,2025-01-26,19:55:05,,2025_01_26__19_55_05,MachineObservation,Cerro_Hoya_Expedition_Hoya_606m_grisMejua_2025-01-26_2025-01-26,Cerro_Hoya_Expedition_Hoya_606m_grisMejua_2025-01-26,grisMejua_2025_01_26__19_55_05_HDR0.jpg,grisMejua_2025_01_26__19_55_05_HDR0_3_Mothbot_yolo11m_4500_imgsz1600_b1_2024-01-18.pt.jpg
doi.org10.15468dl.6nxkw6.csv,Animalia,Arthropoda,Insecta,Hemiptera,,,,,809,,Hemiptera,Hemiptera,Cerro_Hoya_Expedition_Hoya_606m_grisMejua_2025-01-26,grisMejua_2025_01_26__19_55_05_HDR0_4_Mothbot_yolo11m_4500_imgsz1600_b1_2024-01-18.pt.jpg,HS,Mothbot_yolo11m_4500_imgsz1600_b1_2024-01-18.pt,0.4584197402000427,,grisMejua,Cerro_Hoya_Expedition/Hoya_606m_grisMejua_2025-01-26/2025-01-26/patches/grisMejua_2025_01_26__19_55_05_HDR0_4_Mothbot_yolo11m_4500_imgsz1600_b1_2024-01-18.pt.jpg,ORDER_Psocodea,2025-01-26,19:55:05,,2025_01_26__19_55_05,MachineObservation,Cerro_Hoya_Expedition_Hoya_606m_grisMejua_2025-01-26_2025-01-26,Cerro_Hoya_Expedition_Hoya_606m_grisMejua_2025-01-26,grisMejua_2025_01_26__19_55_05_HDR0.jpg,grisMejua_2025_01_26__19_55_05_HDR0_4_Mothbot_yolo11m_4500_imgsz1600_b1_2024-01-18.pt.jpg
doi.org10.15468dl.6nxkw6.csv,Animalia,Arthropoda,Insecta,Coleoptera,,,,Coleoptera29,1470,,Coleoptera,Coleoptera29,Cerro_Hoya_Expedition_Hoya_606m_grisMejua_2025-01-26,grisMejua_2025_01_26__19_55_05_HDR0_5_Mothbot_yolo11m_4500_imgsz1600_b1_2024-01-18.pt.jpg,HS,Mothbot_yolo11m_4500_imgsz1600_b1_2024-01-18.pt,0.45244210958480835,,grisMejua,Cerro_Hoya_Expedition/Hoya_606m_grisMejua_2025-01-26/2025-01-26/patches/grisMejua_2025_01_26__19_55_05_HDR0_5_Mothbot_yolo11m_4500_imgsz1600_b1_2024-01-18.pt.jpg,ORDER_Hemiptera,2025-01-26,19:55:05,,2025_01_26__19_55_05,MachineObservation,Cerro_Hoya_Expedition_Hoya_606m_grisMejua_2025-01-26_2025-01-26,Cerro_Hoya_Expedition_Hoya_606m_grisMejua_2025-01-26,grisMejua_2025_01_26__19_55_05_HDR0.jpg,grisMejua_2025_01_26__19_55_05_HDR0_5_Mothbot_yolo11m_4500_imgsz1600_b1_2024-01-18.pt.jpg
doi.org10.15468dl.6nxkw6.csv,Animalia,Arthropoda,Insecta,,,,,,216,,Insecta,Insecta,Cerro_Hoya_Expedition_Hoya_606m_grisMejua_2025-01-26,grisMejua_2025_01_26__19_55_05_HDR0_6_Mothbot_yolo11m_4500_imgsz1600_b1_2024-01-18.pt.jpg,HS,Mothbot_yolo11m_4500_imgsz1600_b1_2024-01-18.pt,0.3283727169036865,,grisMejua,Cerro_Hoya_Expedition/Hoya_606m_grisMejua_2025-01-26/2025-01-26/patches/grisMejua_2025_01_26__19_55_05_HDR0_6_Mothbot_yolo11m_4500_imgsz1600_b1_2024-01-18.pt.jpg,ORDER_Diptera,2025-01-26,19:55:05,,2025_01_26__19_55_05,MachineObservation,Cerro_Hoya_Expedition_Hoya_606m_grisMejua_2025-01-26_2025-01-26,Cerro_Hoya_Expedition_Hoya_606m_grisMejua_2025-01-26,grisMejua_2025_01_26__19_55_05_HDR0.jpg,grisMejua_2025_01_26__19_55_05_HDR0_6_Mothbot_yolo11m_4500_imgsz1600_b1_2024-01-18.pt.jpg
doi.org10.15468dl.6nxkw6.csv,Animalia,Arthropoda,Insecta,Diptera,,,,,811,,Diptera,Diptera,Cerro_Hoya_Expedition_Hoya_606m_grisMejua_2025-01-26,grisMejua_2025_01_26__19_55_05_HDR0_7_Mothbot_yolo11m_4500_imgsz1600_b1_2024-01-18.pt.jpg,HS,Mothbot_yolo11m_4500_imgsz1600_b1_2024-01-18.pt,0.304389089345932,,grisMejua,Cerro_Hoya_Expedition/Hoya_606m_grisMejua_2025-01-26/2025-01-26/patches/grisMejua_2025_01_26__19_55_05_HDR0_7_Mothbot_yolo11m_4500_imgsz1600_b1_2024-01-18.pt.jpg,ORDER_Diptera,2025-01-26,19:55:05,,2025_01_26__19_55_05,MachineObservation,Cerro_Hoya_Expedition_Hoya_606m_grisMejua_2025-01-26_2025-01-26,Cerro_Hoya_Expedition_Hoya_606m_grisMejua_2025-01-26,grisMejua_2025_01_26__19_55_05_HDR0.jpg,grisMejua_2025_01_26__19_55_05_HDR0_7_Mothbot_yolo11m_4500_imgsz1600_b1_2024-01-18.pt.jpg
doi.org10.15468dl.6nxkw6.csv,Animalia,Arthropoda,Insecta,Coleoptera,Scarabaeidae,Cyclocephala,melanocephala,,4994793,,melanocephala,Cyclocephala melanocephala,Cerro_Hoya_Expedition_Hoya_606m_grisMejua_2025-01-26,grisMejua_2025_01_26__19_55_05_HDR0_8_Mothbot_yolo11m_4500_imgsz1600_b1_2024-01-18.pt.jpg,HS,Mothbot_yolo11m_4500_imgsz1600_b1_2024-01-18.pt,0.2945897877216339,,grisMejua,Cerro_Hoya_Expedition/Hoya_606m_grisMejua_2025-01-26/2025-01-26/patches/grisMejua_2025_01_26__19_55_05_HDR0_8_Mothbot_yolo11m_4500_imgsz1600_b1_2024-01-18.pt.jpg,ORDER_Coleoptera,2025-01-26,19:55:05,,2025_01_26__19_55_05,MachineObservation,Cerro_Hoya_Expedition_Hoya_606m_grisMejua_2025-01-26_2025-01-26,Cerro_Hoya_Expedition_Hoya_606m_grisMejua_2025-01-26,grisMejua_2025_01_26__19_55_05_HDR0.jpg,grisMejua_2025_01_26__19_55_05_HDR0_8_Mothbot_yolo11m_4500_imgsz1600_b1_2024-01-18.pt.jpg
doi.org10.15468dl.6nxkw6.csv,Animalia,Arthropoda,Insecta,Lepidoptera,,,,,797,,Lepidoptera,Lepidoptera,Cerro_Hoya_Expedition_Hoya_606m_grisMejua_2025-01-26,grisMejua_2025_01_26__19_56_06_HDR0_0_Mothbot_yolo11m_4500_imgsz1600_b1_2024-01-18.pt.jpg,HS,Mothbot_yolo11m_4500_imgsz1600_b1_2024-01-18.pt,0.7593051791191101,,grisMejua,Cerro_Hoya_Expedition/Hoya_606m_grisMejua_2025-01-26/2025-01-26/patches/grisMejua_2025_01_26__19_56_06_HDR0_0_Mothbot_yolo11m_4500_imgsz1600_b1_2024-01-18.pt.jpg,ORDER_Lepidoptera,2025-01-26,19:56:06,,2025_01_26__19_56_06,MachineObservation,Cerro_Hoya_Expedition_Hoya_606m_grisMejua_2025-01-26_2025-01-26,Cerro_Hoya_Expedition_Hoya_606m_grisMejua_2025-01-26,grisMejua_2025_01_26__19_56_06_HDR0.jpg,grisMejua_2025_01_26__19_56_06_HDR0_0_Mothbot_yolo11m_4500_imgsz1600_b1_2024-01-18.pt.jpg
doi.org10.15468dl.6nxkw6.csv,Animalia,Arthropoda,Insecta,Diptera,,,,,811,,Diptera,Diptera,Cerro_Hoya_Expedition_Hoya_606m_grisMejua_2025-01-26,grisMejua_2025_01_26__19_56_06_HDR0_1_Mothbot_yolo11m_4500_imgsz1600_b1_2024-01-18.pt.jpg,HS,Mothbot_yolo11m_4500_imgsz1600_b1_2024-01-18.pt,0.6291764974594116,,grisMejua,Cerro_Hoya_Expedition/Hoya_606m_grisMejua_2025-01-26/2025-01-26/patches/grisMejua_2025_01_26__19_56_06_HDR0_1_Mothbot_yolo11m_4500_imgsz1600_b1_2024-01-18.pt.jpg,ORDER_Hemiptera,2025-01-26,19:56:06,,2025_01_26__19_56_06,MachineObservation,Cerro_Hoya_Expedition_Hoya_606m_grisMejua_2025-01-26_2025-01-26,Cerro_Hoya_Expedition_Hoya_606m_grisMejua_2025-01-26,grisMejua_2025_01_26__19_56_06_HDR0.jpg,grisMejua_2025_01_26__19_56_06_HDR0_1_Mothbot_yolo11m_4500_imgsz1600_b1_2024-01-18.pt.jpg
doi.org10.15468dl.6nxkw6.csv,Animalia,Arthropoda,Insecta,Hemiptera,,,,,809,,Hemiptera,Hemiptera,Cerro_Hoya_Expedition_Hoya_606m_grisMejua_2025-01-26,grisMejua_2025_01_26__19_56_06_HDR0_2_Mothbot_yolo11m_4500_imgsz1600_b1_2024-01-18.pt.jpg,HS,Mothbot_yolo11m_4500_imgsz1600_b1_2024-01-18.pt,0.5676480531692505,,grisMejua,Cerro_Hoya_Expedition/Hoya_606m_grisMejua_2025-01-26/2025-01-26/patches/grisMejua_2025_01_26__19_56_06_HDR0_2_Mothbot_yolo11m_4500_imgsz1600_b1_2024-01-18.pt.jpg,ORDER_Hemiptera,2025-01-26,19:56:06,,2025_01_26__19_56_06,MachineObservation,Cerro_Hoya_Expedition_Hoya_606m_grisMejua_2025-01-26_2025-01-26,Cerro_Hoya_Expedition_Hoya_606m_grisMejua_2025-01-26,grisMejua_2025_01_26__19_56_06_HDR0.jpg,grisMejua_2025_01_26__19_56_06_HDR0_2_Mothbot_yolo11m_4500_imgsz1600_b1_2024-01-18.pt.jpg
doi.org10.15468dl.6nxkw6.csv,Animalia,Arthropoda,Insecta,Coleoptera,,,,Coleoptera29,1470,,Coleoptera,Coleoptera29,Cerro_Hoya_Expedition_Hoya_606m_grisMejua_2025-01-26,grisMejua_2025_01_26__19_56_06_HDR0_3_Mothbot_yolo11m_4500_imgsz1600_b1_2024-01-18.pt.jpg,HS,Mothbot_yolo11m_4500_imgsz1600_b1_2024-01-18.pt,0.5510319471359253,,grisMejua,Cerro_Hoya_Expedition/Hoya_606m_grisMejua_2025-01-26/2025-01-26/patches/grisMejua_2025_01_26__19_56_06_HDR0_3_Mothbot_yolo11m_4500_imgsz1600_b1_2024-01-18.pt.jpg,ORDER_Hemiptera,2025-01-26,19:56:06,,2025_01_26__19_56_06,MachineObservation,Cerro_Hoya_Expedition_Hoya_606m_grisMejua_2025-01-26_2025-01-26,Cerro_Hoya_Expedition_Hoya_606m_grisMejua_2025-01-26,grisMejua_2025_01_26__19_56_06_HDR0.jpg,grisMejua_2025_01_26__19_56_06_HDR0_3_Mothbot_yolo11m_4500_imgsz1600_b1_2024-01-18.pt.jpg
doi.org10.15468dl.6nxkw6.csv,Animalia,Arthropoda,Insecta,Coleoptera,,,,Tenebrionoidea2,1470,,Coleoptera,Tenebrionoidea2,Cerro_Hoya_Expedition_Hoya_606m_grisMejua_2025-01-26,grisMejua_2025_01_26__19_56_06_HDR0_4_Mothbot_yolo11m_4500_imgsz1600_b1_2024-01-18.pt.jpg,HS,Mothbot_yolo11m_4500_imgsz1600_b1_2024-01-18.pt,0.5318400859832764,,grisMejua,Cerro_Hoya_Expedition/Hoya_606m_grisMejua_2025-01-26/2025-01-26/patches/grisMejua_2025_01_26__19_56_06_HDR0_4_Mothbot_yolo11m_4500_imgsz1600_b1_2024-01-18.pt.jpg,ORDER_Coleoptera,2025-01-26,19:56:06,,2025_01_26__19_56_06,MachineObservation,Cerro_Hoya_Expedition_Hoya_606m_grisMejua_2025-01-26_2025-01-26,Cerro_Hoya_Expedition_Hoya_606m_grisMejua_2025-01-26,grisMejua_2025_01_26__19_56_06_HDR0.jpg,grisMejua_2025_01_26__19_56_06_HDR0_4_Mothbot_yolo11m_4500_imgsz1600_b1_2024-01-18.pt.jpg
doi.org10.15468dl.6nxkw6.csv,Animalia,Arthropoda,Insecta,Diptera,,,,,811,,Diptera,Diptera,Cerro_Hoya_Expedition_Hoya_606m_grisMejua_2025-01-26,grisMejua_2025_01_26__19_56_06_HDR0_5_Mothbot_yolo11m_4500_imgsz1600_b1_2024-01-18.pt.jpg,HS,Mothbot_yolo11m_4500_imgsz1600_b1_2024-01-18.pt,0.5160364508628845,,grisMejua,Cerro_Hoya_Expedition/Hoya_606m_grisMejua_2025-01-26/2025-01-26/patches/grisMejua_2025_01_26__19_56_06_HDR0_5_Mothbot_yolo11m_4500_imgsz1600_b1_2024-01-18.pt.jpg,ORDER_Diptera,2025-01-26,19:56:06,,2025_01_26__19_56_06,MachineObservation,Cerro_Hoya_Expedition_Hoya_606m_grisMejua_2025-01-26_2025-01-26,Cerro_Hoya_Expedition_Hoya_606m_grisMejua_2025-01-26,grisMejua_2025_01_26__19_56_06_HDR0.jpg,grisMejua_2025_01_26__19_56_06_HDR0_5_Mothbot_yolo11m_4500_imgsz1600_b1_2024-01-18.pt.jpg
doi.org10.15468dl.6nxkw6.csv,Animalia,Arthropoda,Insecta,Hemiptera,,,,,809,,Hemiptera,Hemiptera,Cerro_Hoya_Expedition_Hoya_606m_grisMejua_2025-01-26,grisMejua_2025_01_26__19_56_06_HDR0_6_Mothbot_yolo11m_4500_imgsz1600_b1_2024-01-18.pt.jpg,HS,Mothbot_yolo11m_4500_imgsz1600_b1_2024-01-18.pt,0.511473536491394,,grisMejua,Cerro_Hoya_Expedition/Hoya_606m_grisMejua_2025-01-26/2025-01-26/patches/grisMejua_2025_01_26__19_56_06_HDR0_6_Mothbot_yolo11m_4500_imgsz1600_b1_2024-01-18.pt.jpg,ORDER_Diptera,2025-01-26,19:56:06,,2025_01_26__19_56_06,MachineObservation,Cerro_Hoya_Expedition_Hoya_606m_grisMejua_2025-01-26_2025-01-26,Cerro_Hoya_Expedition_Hoya_606m_grisMejua_2025-01-26,grisMejua_2025_01_26__19_56_06_HDR0.jpg,grisMejua_2025_01_26__19_56_06_HDR0_6_Mothbot_yolo11m_4500_imgsz1600_b1_2024-01-18.pt.jpg
doi.org10.15468dl.6nxkw6.csv,Animalia,Arthropoda,Insecta,Hemiptera,,,,,809,,Hemiptera,Hemiptera,Cerro_Hoya_Expedition_Hoya_606m_grisMejua_2025-01-26,grisMejua_2025_01_26__19_56_06_HDR0_7_Mothbot_yolo11m_4500_imgsz1600_b1_2024-01-18.pt.jpg,HS,Mothbot_yolo11m_4500_imgsz1600_b1_2024-01-18.pt,0.39651522040367126,,grisMejua,Cerro_Hoya_Expedition/Hoya_606m_grisMejua_2025-01-26/2025-01-26/patches/grisMejua_2025_01_26__19_56_06_HDR0_7_Mothbot_yolo11m_4500_imgsz1600_b1_2024-01-18.pt.jpg,ORDER_Psocodea,2025-01-26,19:56:06,,2025_01_26__19_56_06,MachineObservation,Cerro_Hoya_Expedition_Hoya_606m_grisMejua_2025-01-26_2025-01-26,Cerro_Hoya_Expedition_Hoya_606m_grisMejua_2025-01-26,grisMejua_2025_01_26__19_56_06_HDR0.jpg,grisMejua_2025_01_26__19_56_06_HDR0_7_Mothbot_yolo11m_4500_imgsz1600_b1_2024-01-18.pt.jpg
doi.org10.15468dl.6nxkw6.csv,Animalia,Arthropoda,Insecta,Coleoptera,Scarabaeidae,Cyclocephala,melanocephala,,4994793,,melanocephala,Cyclocephala melanocephala,Cerro_Hoya_Expedition_Hoya_606m_grisMejua_2025-01-26,grisMejua_2025_01_26__19_56_06_HDR0_8_Mothbot_yolo11m_4500_imgsz1600_b1_2024-01-18.pt.jpg,HS,Mothbot_yolo11m_4500_imgsz1600_b1_2024-01-18.pt,0.2870112955570221,,grisMejua,Cerro_Hoya_Expedition/Hoya_606m_grisMejua_2025-01-26/2025-01-26/patches/grisMejua_2025_01_26__19_56_06_HDR0_8_Mothbot_yolo11m_4500_imgsz1600_b1_2024-01-18.pt.jpg,ORDER_Coleoptera,2025-01-26,19:56:06,,2025_01_26__19_56_06,MachineObservation,Cerro_Hoya_Expedition_Hoya_606m_grisMejua_2025-01-26_2025-01-26,Cerro_Hoya_Expedition_Hoya_606m_grisMejua_2025-01-26,grisMejua_2025_01_26__19_56_06_HDR0.jpg,grisMejua_2025_01_26__19_56_06_HDR0_8_Mothbot_yolo11m_4500_imgsz1600_b1_2024-01-18.pt.jpg
doi.org10.15468dl.6nxkw6.csv,Animalia,Arthropoda,Insecta,Lepidoptera,,,,,797,,Lepidoptera,Lepidoptera,Cerro_Hoya_Expedition_Hoya_606m_grisMejua_2025-01-26,grisMejua_2025_01_26__19_57_22_HDR0_0_Mothbot_yolo11m_4500_imgsz1600_b1_2024-01-18.pt.jpg,HS,Mothbot_yolo11m_4500_imgsz1600_b1_2024-01-18.pt,0.7703208923339844,,grisMejua,Cerro_Hoya_Expedition/Hoya_606m_grisMejua_2025-01-26/2025-01-26/patches/grisMejua_2025_01_26__19_57_22_HDR0_0_Mothbot_yolo11m_4500_imgsz1600_b1_2024-01-18.pt.jpg,ORDER_Lepidoptera,2025-01-26,19:57:22,,2025_01_26__19_57_22,MachineObservation,Cerro_Hoya_Expedition_Hoya_606m_grisMejua_2025-01-26_2025-01-26,Cerro_Hoya_Expedition_Hoya_606m_grisMejua_2025-01-26,grisMejua_2025_01_26__19_57_22_HDR0.jpg,grisMejua_2025_01_26__19_57_22_HDR0_0_Mothbot_yolo11m_4500_imgsz1600_b1_2024-01-18.pt.jpg
doi.org10.15468dl.6nxkw6.csv,Animalia,Arthropoda,Insecta,Diptera,,,,,811,,Diptera,Diptera,Cerro_Hoya_Expedition_Hoya_606m_grisMejua_2025-01-26,grisMejua_2025_01_26__19_57_22_HDR0_1_Mothbot_yolo11m_4500_imgsz1600_b1_2024-01-18.pt.jpg,HS,Mothbot_yolo11m_4500_imgsz1600_b1_2024-01-18.pt,0.6258106827735901,,grisMejua,Cerro_Hoya_Expedition/Hoya_606m_grisMejua_2025-01-26/2025-01-26/patches/grisMejua_2025_01_26__19_57_22_HDR0_1_Mothbot_yolo11m_4500_imgsz1600_b1_2024-01-18.pt.jpg,ORDER_Hemiptera,2025-01-26,19:57:22,,2025_01_26__19_57_22,MachineObservation,Cerro_Hoya_Expedition_Hoya_606m_grisMejua_2025-01-26_2025-01-26,Cerro_Hoya_Expedition_Hoya_606m_grisMejua_2025-01-26,grisMejua_2025_01_26__19_57_22_HDR0.jpg,grisMejua_2025_01_26__19_57_22_HDR0_1_Mothbot_yolo11m_4500_imgsz1600_b1_2024-01-18.pt.jpg
doi.org10.15468dl.6nxkw6.csv,Animalia,Arthropoda,Insecta,Hemiptera,,,,,809,,Hemiptera,Hemiptera,Cerro_Hoya_Expedition_Hoya_606m_grisMejua_2025-01-26,grisMejua_2025_01_26__19_57_22_HDR0_2_Mothbot_yolo11m_4500_imgsz1600_b1_2024-01-18.pt.jpg,HS,Mothbot_yolo11m_4500_imgsz1600_b1_2024-01-18.pt,0.5569736957550049,,grisMejua,Cerro_Hoya_Expedition/Hoya_606m_grisMejua_2025-01-26/2025-01-26/patches/grisMejua_2025_01_26__19_57_22_HDR0_2_Mothbot_yolo11m_4500_imgsz1600_b1_2024-01-18.pt.jpg,ORDER_Hemiptera,2025-01-26,19:57:22,,2025_01_26__19_57_22,MachineObservation,Cerro_Hoya_Expedition_Hoya_606m_grisMejua_2025-01-26_2025-01-26,Cerro_Hoya_Expedition_Hoya_606m_grisMejua_2025-01-26,grisMejua_2025_01_26__19_57_22_HDR0.jpg,grisMejua_2025_01_26__19_57_22_HDR0_2_Mothbot_yolo11m_4500_imgsz1600_b1_2024-01-18.pt.jpg
doi.org10.15468dl.6nxkw6.csv,Animalia,Arthropoda,Insecta,Coleoptera,,,,Coleoptera29,1470,,Coleoptera,Coleoptera29,Cerro_Hoya_Expedition_Hoya_606m_grisMejua_2025-01-26,grisMejua_2025_01_26__19_57_22_HDR0_3_Mothbot_yolo11m_4500_imgsz1600_b1_2024-01-18.pt.jpg,HS,Mothbot_yolo11m_4500_imgsz1600_b1_2024-01-18.pt,0.5225718021392822,,grisMejua,Cerro_Hoya_Expedition/Hoya_606m_grisMejua_2025-01-26/2025-01-26/patches/grisMejua_2025_01_26__19_57_22_HDR0_3_Mothbot_yolo11m_4500_imgsz1600_b1_2024-01-18.pt.jpg,ORDER_Hemiptera,2025-01-26,19:57:22,,2025_01_26__19_57_22,MachineObservation,Cerro_Hoya_Expedition_Hoya_606m_grisMejua_2025-01-26_2025-01-26,Cerro_Hoya_Expedition_Hoya_606m_grisMejua_2025-01-26,grisMejua_2025_01_26__19_57_22_HDR0.jpg,grisMejua_2025_01_26__19_57_22_HDR0_3_Mothbot_yolo11m_4500_imgsz1600_b1_2024-01-18.pt.jpg
doi.org10.15468dl.6nxkw6.csv,Animalia,Arthropoda,Insecta,Hemiptera,,,,,809,,Hemiptera,Hemiptera,Cerro_Hoya_Expedition_Hoya_606m_grisMejua_2025-01-26,grisMejua_2025_01_26__19_57_22_HDR0_4_Mothbot_yolo11m_4500_imgsz1600_b1_2024-01-18.pt.jpg,HS,Mothbot_yolo11m_4500_imgsz1600_b1_2024-01-18.pt,0.5062804222106934,,grisMejua,Cerro_Hoya_Expedition/Hoya_606m_grisMejua_2025-01-26/2025-01-26/patches/grisMejua_2025_01_26__19_57_22_HDR0_4_Mothbot_yolo11m_4500_imgsz1600_b1_2024-01-18.pt.jpg,ORDER_Diptera,2025-01-26,19:57:22,,2025_01_26__19_57_22,MachineObservation,Cerro_Hoya_Expedition_Hoya_606m_grisMejua_2025-01-26_2025-01-26,Cerro_Hoya_Expedition_Hoya_606m_grisMejua_2025-01-26,grisMejua_2025_01_26__19_57_22_HDR0.jpg,grisMejua_2025_01_26__19_57_22_HDR0_4_Mothbot_yolo11m_4500_imgsz1600_b1_2024-01-18.pt.jpg
doi.org10.15468dl.6nxkw6.csv,Animalia,Arthropoda,Insecta,Coleoptera,,,,Tenebrionoidea2,1470,,Coleoptera,Tenebrionoidea2,Cerro_Hoya_Expedition_Hoya_606m_grisMejua_2025-01-26,grisMejua_2025_01_26__19_57_22_HDR0_5_Mothbot_yolo11m_4500_imgsz1600_b1_2024-01-18.pt.jpg,HS,Mothbot_yolo11m_4500_imgsz1600_b1_2024-01-18.pt,0.4783431887626648,,grisMejua,Cerro_Hoya_Expedition/Hoya_606m_grisMejua_2025-01-26/2025-01-26/patches/grisMejua_2025_01_26__19_57_22_HDR0_5_Mothbot_yolo11m_4500_imgsz1600_b1_2024-01-18.pt.jpg,ORDER_Coleoptera,2025-01-26,19:57:22,,2025_01_26__19_57_22,MachineObservation,Cerro_Hoya_Expedition_Hoya_606m_grisMejua_2025-01-26_2025-01-26,Cerro_Hoya_Expedition_Hoya_606m_grisMejua_2025-01-26,grisMejua_2025_01_26__19_57_22_HDR0.jpg,grisMejua_2025_01_26__19_57_22_HDR0_5_Mothbot_yolo11m_4500_imgsz1600_b1_2024-01-18.pt.jpg
doi.org10.15468dl.6nxkw6.csv,Animalia,Arthropoda,Insecta,Coleoptera,Scarabaeidae,Cyclocephala,melanocephala,,4994793,,melanocephala,Cyclocephala melanocephala,Cerro_Hoya_Expedition_Hoya_606m_grisMejua_2025-01-26,grisMejua_2025_01_26__19_57_22_HDR0_6_Mothbot_yolo11m_4500_imgsz1600_b1_2024-01-18.pt.jpg,HS,Mothbot_yolo11m_4500_imgsz1600_b1_2024-01-18.pt,0.29344186186790466,,grisMejua,Cerro_Hoya_Expedition/Hoya_606m_grisMejua_2025-01-26/2025-01-26/patches/grisMejua_2025_01_26__19_57_22_HDR0_6_Mothbot_yolo11m_4500_imgsz1600_b1_2024-01-18.pt.jpg,ORDER_Coleoptera,2025-01-26,19:57:22,,2025_01_26__19_57_22,MachineObservation,Cerro_Hoya_Expedition_Hoya_606m_grisMejua_2025-01-26_2025-01-26,Cerro_Hoya_Expedition_Hoya_606m_grisMejua_2025-01-26,grisMejua_2025_01_26__19_57_22_HDR0.jpg,grisMejua_2025_01_26__19_57_22_HDR0_6_Mothbot_yolo11m_4500_imgsz1600_b1_2024-01-18.pt.jpg
doi.org10.15468dl.6nxkw6.csv,Animalia,Arthropoda,Insecta,Lepidoptera,,,,,797,,Lepidoptera,Lepidoptera,Cerro_Hoya_Expedition_Hoya_606m_grisMejua_2025-01-26,grisMejua_2025_01_26__19_58_07_HDR0_0_Mothbot_yolo11m_4500_imgsz1600_b1_2024-01-18.pt.jpg,HS,Mothbot_yolo11m_4500_imgsz1600_b1_2024-01-18.pt,0.7668416500091553,,grisMejua,Cerro_Hoya_Expedition/Hoya_606m_grisMejua_2025-01-26/2025-01-26/patches/grisMejua_2025_01_26__19_58_07_HDR0_0_Mothbot_yolo11m_4500_imgsz1600_b1_2024-01-18.pt.jpg,ORDER_Lepidoptera,2025-01-26,19:58:07,,2025_01_26__19_58_07,MachineObservation,Cerro_Hoya_Expedition_Hoya_606m_grisMejua_2025-01-26_2025-01-26,Cerro_Hoya_Expedition_Hoya_606m_grisMejua_2025-01-26,grisMejua_2025_01_26__19_58_07_HDR0.jpg,grisMejua_2025_01_26__19_58_07_HDR0_0_Mothbot_yolo11m_4500_imgsz1600_b1_2024-01-18.pt.jpg
doi.org10.15468dl.6nxkw6.csv,Animalia,Arthropoda,Insecta,Diptera,,,,,811,,Diptera,Diptera,Cerro_Hoya_Expedition_Hoya_606m_grisMejua_2025-01-26,grisMejua_2025_01_26__19_58_07_HDR0_1_Mothbot_yolo11m_4500_imgsz1600_b1_2024-01-18.pt.jpg,HS,Mothbot_yolo11m_4500_imgsz1600_b1_2024-01-18.pt,0.5874438881874084,,grisMejua,Cerro_Hoya_Expedition/Hoya_606m_grisMejua_2025-01-26/2025-01-26/patches/grisMejua_2025_01_26__19_58_07_HDR0_1_Mothbot_yolo11m_4500_imgsz1600_b1_2024-01-18.pt.jpg,ORDER_Diptera,2025-01-26,19:58:07,,2025_01_26__19_58_07,MachineObservation,Cerro_Hoya_Expedition_Hoya_606m_grisMejua_2025-01-26_2025-01-26,Cerro_Hoya_Expedition_Hoya_606m_grisMejua_2025-01-26,grisMejua_2025_01_26__19_58_07_HDR0.jpg,grisMejua_2025_01_26__19_58_07_HDR0_1_Mothbot_yolo11m_4500_imgsz1600_b1_2024-01-18.pt.jpg
doi.org10.15468dl.6nxkw6.csv,Animalia,Arthropoda,Insecta,Hemiptera,,,,,809,,Hemiptera,Hemiptera,Cerro_Hoya_Expedition_Hoya_606m_grisMejua_2025-01-26,grisMejua_2025_01_26__19_58_07_HDR0_2_Mothbot_yolo11m_4500_imgsz1600_b1_2024-01-18.pt.jpg,HS,Mothbot_yolo11m_4500_imgsz1600_b1_2024-01-18.pt,0.5212759971618652,,grisMejua,Cerro_Hoya_Expedition/Hoya_606m_grisMejua_2025-01-26/2025-01-26/patches/grisMejua_2025_01_26__19_58_07_HDR0_2_Mothbot_yolo11m_4500_imgsz1600_b1_2024-01-18.pt.jpg,ORDER_Diptera,2025-01-26,19:58:07,,2025_01_26__19_58_07,MachineObservation,Cerro_Hoya_Expedition_Hoya_606m_grisMejua_2025-01-26_2025-01-26,Cerro_Hoya_Expedition_Hoya_606m_grisMejua_2025-01-26,grisMejua_2025_01_26__19_58_07_HDR0.jpg,grisMejua_2025_01_26__19_58_07_HDR0_2_Mothbot_yolo11m_4500_imgsz1600_b1_2024-01-18.pt.jpg
doi.org10.15468dl.6nxkw6.csv,Animalia,Arthropoda,Insecta,Coleoptera,,,,Coleoptera29,1470,,Coleoptera,Coleoptera29,Cerro_Hoya_Expedition_Hoya_606m_grisMejua_2025-01-26,grisMejua_2025_01_26__19_58_07_HDR0_3_Mothbot_yolo11m_4500_imgsz1600_b1_2024-01-18.pt.jpg,HS,Mothbot_yolo11m_4500_imgsz1600_b1_2024-01-18.pt,0.513897180557251,,grisMejua,Cerro_Hoya_Expedition/Hoya_606m_grisMejua_2025-01-26/2025-01-26/patches/grisMejua_2025_01_26__19_58_07_HDR0_3_Mothbot_yolo11m_4500_imgsz1600_b1_2024-01-18.pt.jpg,ORDER_Hemiptera,2025-01-26,19:58:07,,2025_01_26__19_58_07,MachineObservation,Cerro_Hoya_Expedition_Hoya_606m_grisMejua_2025-01-26_2025-01-26,Cerro_Hoya_Expedition_Hoya_606m_grisMejua_2025-01-26,grisMejua_2025_01_26__19_58_07_HDR0.jpg,grisMejua_2025_01_26__19_58_07_HDR0_3_Mothbot_yolo11m_4500_imgsz1600_b1_2024-01-18.pt.jpg
doi.org10.15468dl.6nxkw6.csv,Animalia,Arthropoda,Insecta,Hemiptera,,,,,809,,Hemiptera,Hemiptera,Cerro_Hoya_Expedition_Hoya_606m_grisMejua_2025-01-26,grisMejua_2025_01_26__19_58_07_HDR0_4_Mothbot_yolo11m_4500_imgsz1600_b1_2024-01-18.pt.jpg,HS,Mothbot_yolo11m_4500_imgsz1600_b1_2024-01-18.pt,0.5006389617919922,,grisMejua,Cerro_Hoya_Expedition/Hoya_606m_grisMejua_2025-01-26/2025-01-26/patches/grisMejua_2025_01_26__19_58_07_HDR0_4_Mothbot_yolo11m_4500_imgsz1600_b1_2024-01-18.pt.jpg,ORDER_Hemiptera,2025-01-26,19:58:07,,2025_01_26__19_58_07,MachineObservation,Cerro_Hoya_Expedition_Hoya_606m_grisMejua_2025-01-26_2025-01-26,Cerro_Hoya_Expedition_Hoya_606m_grisMejua_2025-01-26,grisMejua_2025_01_26__19_58_07_HDR0.jpg,grisMejua_2025_01_26__19_58_07_HDR0_4_Mothbot_yolo11m_4500_imgsz1600_b1_2024-01-18.pt.jpg
doi.org10.15468dl.6nxkw6.csv,Animalia,Arthropoda,Insecta,Coleoptera,,,,Tenebrionoidea2,1470,,Coleoptera,Tenebrionoidea2,Cerro_Hoya_Expedition_Hoya_606m_grisMejua_2025-01-26,grisMejua_2025_01_26__19_58_07_HDR0_5_Mothbot_yolo11m_4500_imgsz1600_b1_2024-01-18.pt.jpg,HS,Mothbot_yolo11m_4500_imgsz1600_b1_2024-01-18.pt,0.49462276697158813,,grisMejua,Cerro_Hoya_Expedition/Hoya_606m_grisMejua_2025-01-26/2025-01-26/patches/grisMejua_2025_01_26__19_58_07_HDR0_5_Mothbot_yolo11m_4500_imgsz1600_b1_2024-01-18.pt.jpg,ORDER_Coleoptera,2025-01-26,19:58:07,,2025_01_26__19_58_07,MachineObservation,Cerro_Hoya_Expedition_Hoya_606m_grisMejua_2025-01-26_2025-01-26,Cerro_Hoya_Expedition_Hoya_606m_grisMejua_2025-01-26,grisMejua_2025_01_26__19_58_07_HDR0.jpg,grisMejua_2025_01_26__19_58_07_HDR0_5_Mothbot_yolo11m_4500_imgsz1600_b1_2024-01-18.pt.jpg
doi.org10.15468dl.6nxkw6.csv,Animalia,Arthropoda,Insecta,Coleoptera,Scarabaeidae,Cyclocephala,melanocephala,,4994793,,melanocephala,Cyclocephala melanocephala,Cerro_Hoya_Expedition_Hoya_606m_grisMejua_2025-01-26,grisMejua_2025_01_26__19_58_07_HDR0_6_Mothbot_yolo11m_4500_imgsz1600_b1_2024-01-18.pt.jpg,HS,Mothbot_yolo11m_4500_imgsz1600_b1_2024-01-18.pt,0.3268907964229584,,grisMejua,Cerro_Hoya_Expedition/Hoya_606m_grisMejua_2025-01-26/2025-01-26/patches/grisMejua_2025_01_26__19_58_07_HDR0_6_Mothbot_yolo11m_4500_imgsz1600_b1_2024-01-18.pt.jpg,ORDER_Coleoptera,2025-01-26,19:58:07,,2025_01_26__19_58_07,MachineObservation,Cerro_Hoya_Expedition_Hoya_606m_grisMejua_2025-01-26_2025-01-26,Cerro_Hoya_Expedition_Hoya_606m_grisMejua_2025-01-26,grisMejua_2025_01_26__19_58_07_HDR0.jpg,grisMejua_2025_01_26__19_58_07_HDR0_6_Mothbot_yolo11m_4500_imgsz1600_b1_2024-01-18.pt.jpg
doi.org10.15468dl.6nxkw6.csv,Animalia,Arthropoda,Insecta,Lepidoptera,,,,,797,,Lepidoptera,Lepidoptera,Cerro_Hoya_Expedition_Hoya_606m_grisMejua_2025-01-26,grisMejua_2025_01_26__19_59_05_HDR0_0_Mothbot_yolo11m_4500_imgsz1600_b1_2024-01-18.pt.jpg,HS,Mothbot_yolo11m_4500_imgsz1600_b1_2024-01-18.pt,0.7762123942375183,,grisMejua,Cerro_Hoya_Expedition/Hoya_606m_grisMejua_2025-01-26/2025-01-26/patches/grisMejua_2025_01_26__19_59_05_HDR0_0_Mothbot_yolo11m_4500_imgsz1600_b1_2024-01-18.pt.jpg,ORDER_Hemiptera,2025-01-26,19:59:05,,2025_01_26__19_59_05,MachineObservation,Cerro_Hoya_Expedition_Hoya_606m_grisMejua_2025-01-26_2025-01-26,Cerro_Hoya_Expedition_Hoya_606m_grisMejua_2025-01-26,grisMejua_2025_01_26__19_59_05_HDR0.jpg,grisMejua_2025_01_26__19_59_05_HDR0_0_Mothbot_yolo11m_4500_imgsz1600_b1_2024-01-18.pt.jpg
doi.org10.15468dl.6nxkw6.csv,Animalia,Arthropoda,Insecta,Coleoptera,,,,Coleoptera37,1470,,Coleoptera,Coleoptera37,Cerro_Hoya_Expedition_Hoya_606m_grisMejua_2025-01-26,grisMejua_2025_01_26__19_59_05_HDR0_1_Mothbot_yolo11m_4500_imgsz1600_b1_2024-01-18.pt.jpg,HS,Mothbot_yolo11m_4500_imgsz1600_b1_2024-01-18.pt,0.7563962340354919,,grisMejua,Cerro_Hoya_Expedition/Hoya_606m_grisMejua_2025-01-26/2025-01-26/patches/grisMejua_2025_01_26__19_59_05_HDR0_1_Mothbot_yolo11m_4500_imgsz1600_b1_2024-01-18.pt.jpg,ORDER_Hemiptera,2025-01-26,19:59:05,,2025_01_26__19_59_05,MachineObservation,Cerro_Hoya_Expedition_Hoya_606m_grisMejua_2025-01-26_2025-01-26,Cerro_Hoya_Expedition_Hoya_606m_grisMejua_2025-01-26,grisMejua_2025_01_26__19_59_05_HDR0.jpg,grisMejua_2025_01_26__19_59_05_HDR0_1_Mothbot_yolo11m_4500_imgsz1600_b1_2024-01-18.pt.jpg
doi.org10.15468dl.6nxkw6.csv,Animalia,Arthropoda,Insecta,Coleoptera,,,,Tenebrionoidea2,1470,,Coleoptera,Tenebrionoidea2,Cerro_Hoya_Expedition_Hoya_606m_grisMejua_2025-01-26,grisMejua_2025_01_26__19_59_05_HDR0_2_Mothbot_yolo11m_4500_imgsz1600_b1_2024-01-18.pt.jpg,HS,Mothbot_yolo11m_4500_imgsz1600_b1_2024-01-18.pt,0.5524412393569946,,grisMejua,Cerro_Hoya_Expedition/Hoya_606m_grisMejua_2025-01-26/2025-01-26/patches/grisMejua_2025_01_26__19_59_05_HDR0_2_Mothbot_yolo11m_4500_imgsz1600_b1_2024-01-18.pt.jpg,ORDER_Coleoptera,2025-01-26,19:59:05,,2025_01_26__19_59_05,MachineObservation,Cerro_Hoya_Expedition_Hoya_606m_grisMejua_2025-01-26_2025-01-26,Cerro_Hoya_Expedition_Hoya_606m_grisMejua_2025-01-26,grisMejua_2025_01_26__19_59_05_HDR0.jpg,grisMejua_2025_01_26__19_59_05_HDR0_2_Mothbot_yolo11m_4500_imgsz1600_b1_2024-01-18.pt.jpg
doi.org10.15468dl.6nxkw6.csv,Animalia,Arthropoda,Insecta,Hemiptera,,,,,809,,Hemiptera,Hemiptera,Cerro_Hoya_Expedition_Hoya_606m_grisMejua_2025-01-26,grisMejua_2025_01_26__19_59_05_HDR0_3_Mothbot_yolo11m_4500_imgsz1600_b1_2024-01-18.pt.jpg,HS,Mothbot_yolo11m_4500_imgsz1600_b1_2024-01-18.pt,0.5420857071876526,,grisMejua,Cerro_Hoya_Expedition/Hoya_606m_grisMejua_2025-01-26/2025-01-26/patches/grisMejua_2025_01_26__19_59_05_HDR0_3_Mothbot_yolo11m_4500_imgsz1600_b1_2024-01-18.pt.jpg,ORDER_Hemiptera,2025-01-26,19:59:05,,2025_01_26__19_59_05,MachineObservation,Cerro_Hoya_Expedition_Hoya_606m_grisMejua_2025-01-26_2025-01-26,Cerro_Hoya_Expedition_Hoya_606m_grisMejua_2025-01-26,grisMejua_2025_01_26__19_59_05_HDR0.jpg,grisMejua_2025_01_26__19_59_05_HDR0_3_Mothbot_yolo11m_4500_imgsz1600_b1_2024-01-18.pt.jpg
doi.org10.15468dl.6nxkw6.csv,Animalia,Arthropoda,Insecta,Diptera,,,,,811,,Diptera,Diptera,Cerro_Hoya_Expedition_Hoya_606m_grisMejua_2025-01-26,grisMejua_2025_01_26__19_59_05_HDR0_4_Mothbot_yolo11m_4500_imgsz1600_b1_2024-01-18.pt.jpg,HS,Mothbot_yolo11m_4500_imgsz1600_b1_2024-01-18.pt,0.5349418520927429,,grisMejua,Cerro_Hoya_Expedition/Hoya_606m_grisMejua_2025-01-26/2025-01-26/patches/grisMejua_2025_01_26__19_59_05_HDR0_4_Mothbot_yolo11m_4500_imgsz1600_b1_2024-01-18.pt.jpg,ORDER_Hymenoptera,2025-01-26,19:59:05,,2025_01_26__19_59_05,MachineObservation,Cerro_Hoya_Expedition_Hoya_606m_grisMejua_2025-01-26_2025-01-26,Cerro_Hoya_Expedition_Hoya_606m_grisMejua_2025-01-26,grisMejua_2025_01_26__19_59_05_HDR0.jpg,grisMejua_2025_01_26__19_59_05_HDR0_4_Mothbot_yolo11m_4500_imgsz1600_b1_2024-01-18.pt.jpg
doi.org10.15468dl.6nxkw6.csv,Animalia,Arthropoda,Insecta,Hemiptera,,,,,809,,Hemiptera,Hemiptera,Cerro_Hoya_Expedition_Hoya_606m_grisMejua_2025-01-26,grisMejua_2025_01_26__19_59_05_HDR0_5_Mothbot_yolo11m_4500_imgsz1600_b1_2024-01-18.pt.jpg,HS,Mothbot_yolo11m_4500_imgsz1600_b1_2024-01-18.pt,0.49239784479141235,,grisMejua,Cerro_Hoya_Expedition/Hoya_606m_grisMejua_2025-01-26/2025-01-26/patches/grisMejua_2025_01_26__19_59_05_HDR0_5_Mothbot_yolo11m_4500_imgsz1600_b1_2024-01-18.pt.jpg,ORDER_Hemiptera,2025-01-26,19:59:05,,2025_01_26__19_59_05,MachineObservation,Cerro_Hoya_Expedition_Hoya_606m_grisMejua_2025-01-26_2025-01-26,Cerro_Hoya_Expedition_Hoya_606m_grisMejua_2025-01-26,grisMejua_2025_01_26__19_59_05_HDR0.jpg,grisMejua_2025_01_26__19_59_05_HDR0_5_Mothbot_yolo11m_4500_imgsz1600_b1_2024-01-18.pt.jpg
doi.org10.15468dl.6nxkw6.csv,Animalia,Arthropoda,Insecta,Coleoptera,,,,Coleoptera29,1470,,Coleoptera,Coleoptera29,Cerro_Hoya_Expedition_Hoya_606m_grisMejua_2025-01-26,grisMejua_2025_01_26__19_59_05_HDR0_6_Mothbot_yolo11m_4500_imgsz1600_b1_2024-01-18.pt.jpg,HS,Mothbot_yolo11m_4500_imgsz1600_b1_2024-01-18.pt,0.48646080493927,,grisMejua,Cerro_Hoya_Expedition/Hoya_606m_grisMejua_2025-01-26/2025-01-26/patches/grisMejua_2025_01_26__19_59_05_HDR0_6_Mothbot_yolo11m_4500_imgsz1600_b1_2024-01-18.pt.jpg,ORDER_Hemiptera,2025-01-26,19:59:05,,2025_01_26__19_59_05,MachineObservation,Cerro_Hoya_Expedition_Hoya_606m_grisMejua_2025-01-26_2025-01-26,Cerro_Hoya_Expedition_Hoya_606m_grisMejua_2025-01-26,grisMejua_2025_01_26__19_59_05_HDR0.jpg,grisMejua_2025_01_26__19_59_05_HDR0_6_Mothbot_yolo11m_4500_imgsz1600_b1_2024-01-18.pt.jpg
doi.org10.15468dl.6nxkw6.csv,Animalia,Arthropoda,Insecta,Hemiptera,,,,,809,,Hemiptera,Hemiptera,Cerro_Hoya_Expedition_Hoya_606m_grisMejua_2025-01-26,grisMejua_2025_01_26__19_59_05_HDR0_7_Mothbot_yolo11m_4500_imgsz1600_b1_2024-01-18.pt.jpg,HS,Mothbot_yolo11m_4500_imgsz1600_b1_2024-01-18.pt,0.47507724165916443,,grisMejua,Cerro_Hoya_Expedition/Hoya_606m_grisMejua_2025-01-26/2025-01-26/patches/grisMejua_2025_01_26__19_59_05_HDR0_7_Mothbot_yolo11m_4500_imgsz1600_b1_2024-01-18.pt.jpg,ORDER_Diptera,2025-01-26,19:59:05,,2025_01_26__19_59_05,MachineObservation,Cerro_Hoya_Expedition_Hoya_606m_grisMejua_2025-01-26_2025-01-26,Cerro_Hoya_Expedition_Hoya_606m_grisMejua_2025-01-26,grisMejua_2025_01_26__19_59_05_HDR0.jpg,grisMejua_2025_01_26__19_59_05_HDR0_7_Mothbot_yolo11m_4500_imgsz1600_b1_2024-01-18.pt.jpg
doi.org10.15468dl.6nxkw6.csv,Animalia,Arthropoda,Insecta,Coleoptera,,,,Tenebrionoidea2,1470,,Coleoptera,Tenebrionoidea2,Cerro_Hoya_Expedition_Hoya_606m_grisMejua_2025-01-26,grisMejua_2025_01_26__19_59_05_HDR0_8_Mothbot_yolo11m_4500_imgsz1600_b1_2024-01-18.pt.jpg,HS,Mothbot_yolo11m_4500_imgsz1600_b1_2024-01-18.pt,0.3640004098415375,,grisMejua,Cerro_Hoya_Expedition/Hoya_606m_grisMejua_2025-01-26/2025-01-26/patches/grisMejua_2025_01_26__19_59_05_HDR0_8_Mothbot_yolo11m_4500_imgsz1600_b1_2024-01-18.pt.jpg,ORDER_Coleoptera,2025-01-26,19:59:05,,2025_01_26__19_59_05,MachineObservation,Cerro_Hoya_Expedition_Hoya_606m_grisMejua_2025-01-26_2025-01-26,Cerro_Hoya_Expedition_Hoya_606m_grisMejua_2025-01-26,grisMejua_2025_01_26__19_59_05_HDR0.jpg,grisMejua_2025_01_26__19_59_05_HDR0_8_Mothbot_yolo11m_4500_imgsz1600_b1_2024-01-18.pt.jpg
doi.org10.15468dl.6nxkw6.csv,Animalia,Arthropoda,Insecta,Lepidoptera,,,,,797,,Lepidoptera,Lepidoptera,Cerro_Hoya_Expedition_Hoya_606m_grisMejua_2025-01-26,grisMejua_2025_01_26__19_59_05_HDR0_9_Mothbot_yolo11m_4500_imgsz1600_b1_2024-01-18.pt.jpg,HS,Mothbot_yolo11m_4500_imgsz1600_b1_2024-01-18.pt,0.3499053418636322,,grisMejua,Cerro_Hoya_Expedition/Hoya_606m_grisMejua_2025-01-26/2025-01-26/patches/grisMejua_2025_01_26__19_59_05_HDR0_9_Mothbot_yolo11m_4500_imgsz1600_b1_2024-01-18.pt.jpg,ORDER_Lepidoptera,2025-01-26,19:59:05,,2025_01_26__19_59_05,MachineObservation,Cerro_Hoya_Expedition_Hoya_606m_grisMejua_2025-01-26_2025-01-26,Cerro_Hoya_Expedition_Hoya_606m_grisMejua_2025-01-26,grisMejua_2025_01_26__19_59_05_HDR0.jpg,grisMejua_2025_01_26__19_59_05_HDR0_9_Mothbot_yolo11m_4500_imgsz1600_b1_2024-01-18.pt.jpg
doi.org10.15468dl.6nxkw6.csv,Animalia,Arthropoda,Insecta,Lepidoptera,,,,,797,,Lepidoptera,Lepidoptera,Cerro_Hoya_Expedition_Hoya_606m_grisMejua_2025-01-26,grisMejua_2025_01_26__21_07_06_HDR0_0_Mothbot_yolo11m_4500_imgsz1600_b1_2024-01-18.pt.jpg,HS,Mothbot_yolo11m_4500_imgsz1600_b1_2024-01-18.pt,0.8225409984588623,,grisMejua,Cerro_Hoya_Expedition/Hoya_606m_grisMejua_2025-01-26/2025-01-26/patches/grisMejua_2025_01_26__21_07_06_HDR0_0_Mothbot_yolo11m_4500_imgsz1600_b1_2024-01-18.pt.jpg,ORDER_Lepidoptera,2025-01-26,21:07:06,,2025_01_26__21_07_06,MachineObservation,Cerro_Hoya_Expedition_Hoya_606m_grisMejua_2025-01-26_2025-01-26,Cerro_Hoya_Expedition_Hoya_606m_grisMejua_2025-01-26,grisMejua_2025_01_26__21_07_06_HDR0.jpg,grisMejua_2025_01_26__21_07_06_HDR0_0_Mothbot_yolo11m_4500_imgsz1600_b1_2024-01-18.pt.jpg
doi.org10.15468dl.6nxkw6.csv,Animalia,Arthropoda,Insecta,Lepidoptera,,,,,797,,Lepidoptera,Lepidoptera,Cerro_Hoya_Expedition_Hoya_606m_grisMejua_2025-01-26,grisMejua_2025_01_26__21_08_22_HDR0_0_Mothbot_yolo11m_4500_imgsz1600_b1_2024-01-18.pt.jpg,HS,Mothbot_yolo11m_4500_imgsz1600_b1_2024-01-18.pt,0.7122614979743958,,grisMejua,Cerro_Hoya_Expedition/Hoya_606m_grisMejua_2025-01-26/2025-01-26/patches/grisMejua_2025_01_26__21_08_22_HDR0_0_Mothbot_yolo11m_4500_imgsz1600_b1_2024-01-18.pt.jpg,ORDER_Lepidoptera,2025-01-26,21:08:22,,2025_01_26__21_08_22,MachineObservation,Cerro_Hoya_Expedition_Hoya_606m_grisMejua_2025-01-26_2025-01-26,Cerro_Hoya_Expedition_Hoya_606m_grisMejua_2025-01-26,grisMejua_2025_01_26__21_08_22_HDR0.jpg,grisMejua_2025_01_26__21_08_22_HDR0_0_Mothbot_yolo11m_4500_imgsz1600_b1_2024-01-18.pt.jpg
doi.org10.15468dl.6nxkw6.csv,Animalia,Arthropoda,Insecta,Lepidoptera,,,,,797,,Lepidoptera,Lepidoptera,Cerro_Hoya_Expedition_Hoya_606m_grisMejua_2025-01-26,grisMejua_2025_01_26__21_09_05_HDR0_0_Mothbot_yolo11m_4500_imgsz1600_b1_2024-01-18.pt.jpg,HS,Mothbot_yolo11m_4500_imgsz1600_b1_2024-01-18.pt,0.6941326260566711,,grisMejua,Cerro_Hoya_Expedition/Hoya_606m_grisMejua_2025-01-26/2025-01-26/patches/grisMejua_2025_01_26__21_09_05_HDR0_0_Mothbot_yolo11m_4500_imgsz1600_b1_2024-01-18.pt.jpg,ORDER_Lepidoptera,2025-01-26,21:09:05,,2025_01_26__21_09_05,MachineObservation,Cerro_Hoya_Expedition_Hoya_606m_grisMejua_2025-01-26_2025-01-26,Cerro_Hoya_Expedition_Hoya_606m_grisMejua_2025-01-26,grisMejua_2025_01_26__21_09_05_HDR0.jpg,grisMejua_2025_01_26__21_09_05_HDR0_0_Mothbot_yolo11m_4500_imgsz1600_b1_2024-01-18.pt.jpg
doi.org10.15468dl.6nxkw6.csv,Animalia,Arthropoda,Insecta,Diptera,,,,,811,,Diptera,Diptera,Cerro_Hoya_Expedition_Hoya_606m_grisMejua_2025-01-26,grisMejua_2025_01_26__21_09_05_HDR0_1_Mothbot_yolo11m_4500_imgsz1600_b1_2024-01-18.pt.jpg,HS,Mothbot_yolo11m_4500_imgsz1600_b1_2024-01-18.pt,0.443311870098114,,grisMejua,Cerro_Hoya_Expedition/Hoya_606m_grisMejua_2025-01-26/2025-01-26/patches/grisMejua_2025_01_26__21_09_05_HDR0_1_Mothbot_yolo11m_4500_imgsz1600_b1_2024-01-18.pt.jpg,ORDER_Diptera,2025-01-26,21:09:05,,2025_01_26__21_09_05,MachineObservation,Cerro_Hoya_Expedition_Hoya_606m_grisMejua_2025-01-26_2025-01-26,Cerro_Hoya_Expedition_Hoya_606m_grisMejua_2025-01-26,grisMejua_2025_01_26__21_09_05_HDR0.jpg,grisMejua_2025_01_26__21_09_05_HDR0_1_Mothbot_yolo11m_4500_imgsz1600_b1_2024-01-18.pt.jpg
doi.org10.15468dl.6nxkw6.csv,Animalia,Arthropoda,Insecta,,,,,,216,,Insecta,Insecta,Cerro_Hoya_Expedition_Hoya_606m_grisMejua_2025-01-26,grisMejua_2025_01_26__21_09_05_HDR0_2_Mothbot_yolo11m_4500_imgsz1600_b1_2024-01-18.pt.jpg,HS,Mothbot_yolo11m_4500_imgsz1600_b1_2024-01-18.pt,0.31425437331199646,,grisMejua,Cerro_Hoya_Expedition/Hoya_606m_grisMejua_2025-01-26/2025-01-26/patches/grisMejua_2025_01_26__21_09_05_HDR0_2_Mothbot_yolo11m_4500_imgsz1600_b1_2024-01-18.pt.jpg,ORDER_Hymenoptera,2025-01-26,21:09:05,,2025_01_26__21_09_05,MachineObservation,Cerro_Hoya_Expedition_Hoya_606m_grisMejua_2025-01-26_2025-01-26,Cerro_Hoya_Expedition_Hoya_606m_grisMejua_2025-01-26,grisMejua_2025_01_26__21_09_05_HDR0.jpg,grisMejua_2025_01_26__21_09_05_HDR0_2_Mothbot_yolo11m_4500_imgsz1600_b1_2024-01-18.pt.jpg
doi.org10.15468dl.6nxkw6.csv,Animalia,Arthropoda,Insecta,Lepidoptera,,,,,797,,Lepidoptera,Lepidoptera,Cerro_Hoya_Expedition_Hoya_606m_grisMejua_2025-01-26,grisMejua_2025_01_26__21_10_05_HDR0_0_Mothbot_yolo11m_4500_imgsz1600_b1_2024-01-18.pt.jpg,HS,Mothbot_yolo11m_4500_imgsz1600_b1_2024-01-18.pt,0.7086658477783203,,grisMejua,Cerro_Hoya_Expedition/Hoya_606m_grisMejua_2025-01-26/2025-01-26/patches/grisMejua_2025_01_26__21_10_05_HDR0_0_Mothbot_yolo11m_4500_imgsz1600_b1_2024-01-18.pt.jpg,ORDER_Lepidoptera,2025-01-26,21:10:05,,2025_01_26__21_10_05,MachineObservation,Cerro_Hoya_Expedition_Hoya_606m_grisMejua_2025-01-26_2025-01-26,Cerro_Hoya_Expedition_Hoya_606m_grisMejua_2025-01-26,grisMejua_2025_01_26__21_10_05_HDR0.jpg,grisMejua_2025_01_26__21_10_05_HDR0_0_Mothbot_yolo11m_4500_imgsz1600_b1_2024-01-18.pt.jpg
doi.org10.15468dl.6nxkw6.csv,Animalia,Arthropoda,Insecta,Lepidoptera,,,,,797,,Lepidoptera,Lepidoptera,Cerro_Hoya_Expedition_Hoya_606m_grisMejua_2025-01-26,grisMejua_2025_01_26__21_11_06_HDR0_0_Mothbot_yolo11m_4500_imgsz1600_b1_2024-01-18.pt.jpg,HS,Mothbot_yolo11m_4500_imgsz1600_b1_2024-01-18.pt,0.716835618019104,,grisMejua,Cerro_Hoya_Expedition/Hoya_606m_grisMejua_2025-01-26/2025-01-26/patches/grisMejua_2025_01_26__21_11_06_HDR0_0_Mothbot_yolo11m_4500_imgsz1600_b1_2024-01-18.pt.jpg,ORDER_Lepidoptera,2025-01-26,21:11:06,,2025_01_26__21_11_06,MachineObservation,Cerro_Hoya_Expedition_Hoya_606m_grisMejua_2025-01-26_2025-01-26,Cerro_Hoya_Expedition_Hoya_606m_grisMejua_2025-01-26,grisMejua_2025_01_26__21_11_06_HDR0.jpg,grisMejua_2025_01_26__21_11_06_HDR0_0_Mothbot_yolo11m_4500_imgsz1600_b1_2024-01-18.pt.jpg
doi.org10.15468dl.6nxkw6.csv,Animalia,Arthropoda,Insecta,Lepidoptera,,,,,797,,Lepidoptera,Lepidoptera,Cerro_Hoya_Expedition_Hoya_606m_grisMejua_2025-01-26,grisMejua_2025_01_26__21_12_06_HDR0_0_Mothbot_yolo11m_4500_imgsz1600_b1_2024-01-18.pt.jpg,HS,Mothbot_yolo11m_4500_imgsz1600_b1_2024-01-18.pt,0.7006192207336426,,grisMejua,Cerro_Hoya_Expedition/Hoya_606m_grisMejua_2025-01-26/2025-01-26/patches/grisMejua_2025_01_26__21_12_06_HDR0_0_Mothbot_yolo11m_4500_imgsz1600_b1_2024-01-18.pt.jpg,ORDER_Lepidoptera,2025-01-26,21:12:06,,2025_01_26__21_12_06,MachineObservation,Cerro_Hoya_Expedition_Hoya_606m_grisMejua_2025-01-26_2025-01-26,Cerro_Hoya_Expedition_Hoya_606m_grisMejua_2025-01-26,grisMejua_2025_01_26__21_12_06_HDR0.jpg,grisMejua_2025_01_26__21_12_06_HDR0_0_Mothbot_yolo11m_4500_imgsz1600_b1_2024-01-18.pt.jpg
doi.org10.15468dl.6nxkw6.csv,Animalia,Arthropoda,Insecta,Diptera,,,,,811,,Diptera,Diptera,Cerro_Hoya_Expedition_Hoya_606m_grisMejua_2025-01-26,grisMejua_2025_01_26__21_12_06_HDR0_1_Mothbot_yolo11m_4500_imgsz1600_b1_2024-01-18.pt.jpg,HS,Mothbot_yolo11m_4500_imgsz1600_b1_2024-01-18.pt,0.36548689007759094,,grisMejua,Cerro_Hoya_Expedition/Hoya_606m_grisMejua_2025-01-26/2025-01-26/patches/grisMejua_2025_01_26__21_12_06_HDR0_1_Mothbot_yolo11m_4500_imgsz1600_b1_2024-01-18.pt.jpg,ORDER_Diptera,2025-01-26,21:12:06,,2025_01_26__21_12_06,MachineObservation,Cerro_Hoya_Expedition_Hoya_606m_grisMejua_2025-01-26_2025-01-26,Cerro_Hoya_Expedition_Hoya_606m_grisMejua_2025-01-26,grisMejua_2025_01_26__21_12_06_HDR0.jpg,grisMejua_2025_01_26__21_12_06_HDR0_1_Mothbot_yolo11m_4500_imgsz1600_b1_2024-01-18.pt.jpg
doi.org10.15468dl.6nxkw6.csv,Animalia,Arthropoda,Insecta,Lepidoptera,,,,,797,,Lepidoptera,Lepidoptera,Cerro_Hoya_Expedition_Hoya_606m_grisMejua_2025-01-26,grisMejua_2025_01_26__21_13_06_HDR0_0_Mothbot_yolo11m_4500_imgsz1600_b1_2024-01-18.pt.jpg,HS,Mothbot_yolo11m_4500_imgsz1600_b1_2024-01-18.pt,0.6967016458511353,,grisMejua,Cerro_Hoya_Expedition/Hoya_606m_grisMejua_2025-01-26/2025-01-26/patches/grisMejua_2025_01_26__21_13_06_HDR0_0_Mothbot_yolo11m_4500_imgsz1600_b1_2024-01-18.pt.jpg,ORDER_Lepidoptera,2025-01-26,21:13:06,,2025_01_26__21_13_06,MachineObservation,Cerro_Hoya_Expedition_Hoya_606m_grisMejua_2025-01-26_2025-01-26,Cerro_Hoya_Expedition_Hoya_606m_grisMejua_2025-01-26,grisMejua_2025_01_26__21_13_06_HDR0.jpg,grisMejua_2025_01_26__21_13_06_HDR0_0_Mothbot_yolo11m_4500_imgsz1600_b1_2024-01-18.pt.jpg
doi.org10.15468dl.6nxkw6.csv,Animalia,Arthropoda,Insecta,Lepidoptera,,,,,797,,Lepidoptera,Lepidoptera,Cerro_Hoya_Expedition_Hoya_606m_grisMejua_2025-01-26,grisMejua_2025_01_26__21_14_06_HDR0_0_Mothbot_yolo11m_4500_imgsz1600_b1_2024-01-18.pt.jpg,HS,Mothbot_yolo11m_4500_imgsz1600_b1_2024-01-18.pt,0.6143777370452881,,grisMejua,Cerro_Hoya_Expedition/Hoya_606m_grisMejua_2025-01-26/2025-01-26/patches/grisMejua_2025_01_26__21_14_06_HDR0_0_Mothbot_yolo11m_4500_imgsz1600_b1_2024-01-18.pt.jpg,ORDER_Lepidoptera,2025-01-26,21:14:06,,2025_01_26__21_14_06,MachineObservation,Cerro_Hoya_Expedition_Hoya_606m_grisMejua_2025-01-26_2025-01-26,Cerro_Hoya_Expedition_Hoya_606m_grisMejua_2025-01-26,grisMejua_2025_01_26__21_14_06_HDR0.jpg,grisMejua_2025_01_26__21_14_06_HDR0_0_Mothbot_yolo11m_4500_imgsz1600_b1_2024-01-18.pt.jpg
doi.org10.15468dl.6nxkw6.csv,Animalia,Arthropoda,Insecta,Lepidoptera,,,,,797,,Lepidoptera,Lepidoptera,Cerro_Hoya_Expedition_Hoya_606m_grisMejua_2025-01-26,grisMejua_2025_01_26__21_16_06_HDR0_0_Mothbot_yolo11m_4500_imgsz1600_b1_2024-01-18.pt.jpg,HS,Mothbot_yolo11m_4500_imgsz1600_b1_2024-01-18.pt,0.819749116897583,,grisMejua,Cerro_Hoya_Expedition/Hoya_606m_grisMejua_2025-01-26/2025-01-26/patches/grisMejua_2025_01_26__21_16_06_HDR0_0_Mothbot_yolo11m_4500_imgsz1600_b1_2024-01-18.pt.jpg,ORDER_Lepidoptera,2025-01-26,21:16:06,,2025_01_26__21_16_06,MachineObservation,Cerro_Hoya_Expedition_Hoya_606m_grisMejua_2025-01-26_2025-01-26,Cerro_Hoya_Expedition_Hoya_606m_grisMejua_2025-01-26,grisMejua_2025_01_26__21_16_06_HDR0.jpg,grisMejua_2025_01_26__21_16_06_HDR0_0_Mothbot_yolo11m_4500_imgsz1600_b1_2024-01-18.pt.jpg
doi.org10.15468dl.6nxkw6.csv,Animalia,Arthropoda,Insecta,Lepidoptera,,,,,797,,Lepidoptera,Lepidoptera,Cerro_Hoya_Expedition_Hoya_606m_grisMejua_2025-01-26,grisMejua_2025_01_26__21_17_06_HDR0_0_Mothbot_yolo11m_4500_imgsz1600_b1_2024-01-18.pt.jpg,HS,Mothbot_yolo11m_4500_imgsz1600_b1_2024-01-18.pt,0.8083232641220093,,grisMejua,Cerro_Hoya_Expedition/Hoya_606m_grisMejua_2025-01-26/2025-01-26/patches/grisMejua_2025_01_26__21_17_06_HDR0_0_Mothbot_yolo11m_4500_imgsz1600_b1_2024-01-18.pt.jpg,ORDER_Lepidoptera,2025-01-26,21:17:06,,2025_01_26__21_17_06,MachineObservation,Cerro_Hoya_Expedition_Hoya_606m_grisMejua_2025-01-26_2025-01-26,Cerro_Hoya_Expedition_Hoya_606m_grisMejua_2025-01-26,grisMejua_2025_01_26__21_17_06_HDR0.jpg,grisMejua_2025_01_26__21_17_06_HDR0_0_Mothbot_yolo11m_4500_imgsz1600_b1_2024-01-18.pt.jpg
doi.org10.15468dl.6nxkw6.csv,Animalia,Arthropoda,Insecta,Lepidoptera,,,,,797,,Lepidoptera,Lepidoptera,Cerro_Hoya_Expedition_Hoya_606m_grisMejua_2025-01-26,grisMejua_2025_01_26__21_18_05_HDR0_0_Mothbot_yolo11m_4500_imgsz1600_b1_2024-01-18.pt.jpg,HS,Mothbot_yolo11m_4500_imgsz1600_b1_2024-01-18.pt,0.8135102987289429,,grisMejua,Cerro_Hoya_Expedition/Hoya_606m_grisMejua_2025-01-26/2025-01-26/patches/grisMejua_2025_01_26__21_18_05_HDR0_0_Mothbot_yolo11m_4500_imgsz1600_b1_2024-01-18.pt.jpg,ORDER_Lepidoptera,2025-01-26,21:18:05,,2025_01_26__21_18_05,MachineObservation,Cerro_Hoya_Expedition_Hoya_606m_grisMejua_2025-01-26_2025-01-26,Cerro_Hoya_Expedition_Hoya_606m_grisMejua_2025-01-26,grisMejua_2025_01_26__21_18_05_HDR0.jpg,grisMejua_2025_01_26__21_18_05_HDR0_0_Mothbot_yolo11m_4500_imgsz1600_b1_2024-01-18.pt.jpg
doi.org10.15468dl.6nxkw6.csv,Animalia,Arthropoda,Insecta,Lepidoptera,,,,,797,,Lepidoptera,Lepidoptera,Cerro_Hoya_Expedition_Hoya_606m_grisMejua_2025-01-26,grisMejua_2025_01_26__21_19_06_HDR0_0_Mothbot_yolo11m_4500_imgsz1600_b1_2024-01-18.pt.jpg,HS,Mothbot_yolo11m_4500_imgsz1600_b1_2024-01-18.pt,0.786436915397644,,grisMejua,Cerro_Hoya_Expedition/Hoya_606m_grisMejua_2025-01-26/2025-01-26/patches/grisMejua_2025_01_26__21_19_06_HDR0_0_Mothbot_yolo11m_4500_imgsz1600_b1_2024-01-18.pt.jpg,ORDER_Lepidoptera,2025-01-26,21:19:06,,2025_01_26__21_19_06,MachineObservation,Cerro_Hoya_Expedition_Hoya_606m_grisMejua_2025-01-26_2025-01-26,Cerro_Hoya_Expedition_Hoya_606m_grisMejua_2025-01-26,grisMejua_2025_01_26__21_19_06_HDR0.jpg,grisMejua_2025_01_26__21_19_06_HDR0_0_Mothbot_yolo11m_4500_imgsz1600_b1_2024-01-18.pt.jpg
doi.org10.15468dl.6nxkw6.csv,Animalia,Arthropoda,Insecta,Coleoptera,,,,Coleoptera35,1470,,Coleoptera,Coleoptera35,Cerro_Hoya_Expedition_Hoya_606m_grisMejua_2025-01-26,grisMejua_2025_01_26__21_19_06_HDR0_1_Mothbot_yolo11m_4500_imgsz1600_b1_2024-01-18.pt.jpg,HS,Mothbot_yolo11m_4500_imgsz1600_b1_2024-01-18.pt,0.6346189379692078,,grisMejua,Cerro_Hoya_Expedition/Hoya_606m_grisMejua_2025-01-26/2025-01-26/patches/grisMejua_2025_01_26__21_19_06_HDR0_1_Mothbot_yolo11m_4500_imgsz1600_b1_2024-01-18.pt.jpg,ORDER_Hymenoptera,2025-01-26,21:19:06,,2025_01_26__21_19_06,MachineObservation,Cerro_Hoya_Expedition_Hoya_606m_grisMejua_2025-01-26_2025-01-26,Cerro_Hoya_Expedition_Hoya_606m_grisMejua_2025-01-26,grisMejua_2025_01_26__21_19_06_HDR0.jpg,grisMejua_2025_01_26__21_19_06_HDR0_1_Mothbot_yolo11m_4500_imgsz1600_b1_2024-01-18.pt.jpg
doi.org10.15468dl.6nxkw6.csv,Animalia,Arthropoda,Insecta,,,,,,216,,Insecta,Insecta,Cerro_Hoya_Expedition_Hoya_606m_grisMejua_2025-01-26,grisMejua_2025_01_26__21_19_06_HDR0_2_Mothbot_yolo11m_4500_imgsz1600_b1_2024-01-18.pt.jpg,HS,Mothbot_yolo11m_4500_imgsz1600_b1_2024-01-18.pt,0.5191161632537842,,grisMejua,Cerro_Hoya_Expedition/Hoya_606m_grisMejua_2025-01-26/2025-01-26/patches/grisMejua_2025_01_26__21_19_06_HDR0_2_Mothbot_yolo11m_4500_imgsz1600_b1_2024-01-18.pt.jpg,ORDER_Diptera,2025-01-26,21:19:06,,2025_01_26__21_19_06,MachineObservation,Cerro_Hoya_Expedition_Hoya_606m_grisMejua_2025-01-26_2025-01-26,Cerro_Hoya_Expedition_Hoya_606m_grisMejua_2025-01-26,grisMejua_2025_01_26__21_19_06_HDR0.jpg,grisMejua_2025_01_26__21_19_06_HDR0_2_Mothbot_yolo11m_4500_imgsz1600_b1_2024-01-18.pt.jpg
doi.org10.15468dl.6nxkw6.csv,Animalia,Arthropoda,Insecta,Diptera,,,,,811,,Diptera,Diptera,Cerro_Hoya_Expedition_Hoya_606m_grisMejua_2025-01-26,grisMejua_2025_01_26__21_19_06_HDR0_3_Mothbot_yolo11m_4500_imgsz1600_b1_2024-01-18.pt.jpg,HS,Mothbot_yolo11m_4500_imgsz1600_b1_2024-01-18.pt,0.34549346566200256,,grisMejua,Cerro_Hoya_Expedition/Hoya_606m_grisMejua_2025-01-26/2025-01-26/patches/grisMejua_2025_01_26__21_19_06_HDR0_3_Mothbot_yolo11m_4500_imgsz1600_b1_2024-01-18.pt.jpg,ORDER_Hemiptera,2025-01-26,21:19:06,,2025_01_26__21_19_06,MachineObservation,Cerro_Hoya_Expedition_Hoya_606m_grisMejua_2025-01-26_2025-01-26,Cerro_Hoya_Expedition_Hoya_606m_grisMejua_2025-01-26,grisMejua_2025_01_26__21_19_06_HDR0.jpg,grisMejua_2025_01_26__21_19_06_HDR0_3_Mothbot_yolo11m_4500_imgsz1600_b1_2024-01-18.pt.jpg
doi.org10.15468dl.6nxkw6.csv,Animalia,Arthropoda,Insecta,Lepidoptera,,,,,797,,Lepidoptera,Lepidoptera,Cerro_Hoya_Expedition_Hoya_606m_grisMejua_2025-01-26,grisMejua_2025_01_26__21_20_06_HDR0_0_Mothbot_yolo11m_4500_imgsz1600_b1_2024-01-18.pt.jpg,HS,Mothbot_yolo11m_4500_imgsz1600_b1_2024-01-18.pt,0.7692434787750244,,grisMejua,Cerro_Hoya_Expedition/Hoya_606m_grisMejua_2025-01-26/2025-01-26/patches/grisMejua_2025_01_26__21_20_06_HDR0_0_Mothbot_yolo11m_4500_imgsz1600_b1_2024-01-18.pt.jpg,ORDER_Lepidoptera,2025-01-26,21:20:06,,2025_01_26__21_20_06,MachineObservation,Cerro_Hoya_Expedition_Hoya_606m_grisMejua_2025-01-26_2025-01-26,Cerro_Hoya_Expedition_Hoya_606m_grisMejua_2025-01-26,grisMejua_2025_01_26__21_20_06_HDR0.jpg,grisMejua_2025_01_26__21_20_06_HDR0_0_Mothbot_yolo11m_4500_imgsz1600_b1_2024-01-18.pt.jpg
doi.org10.15468dl.6nxkw6.csv,Animalia,Arthropoda,Insecta,Diptera,,,,,811,,Diptera,Diptera,Cerro_Hoya_Expedition_Hoya_606m_grisMejua_2025-01-26,grisMejua_2025_01_26__21_23_06_HDR0_0_Mothbot_yolo11m_4500_imgsz1600_b1_2024-01-18.pt.jpg,HS,Mothbot_yolo11m_4500_imgsz1600_b1_2024-01-18.pt,0.26425305008888245,,grisMejua,Cerro_Hoya_Expedition/Hoya_606m_grisMejua_2025-01-26/2025-01-26/patches/grisMejua_2025_01_26__21_23_06_HDR0_0_Mothbot_yolo11m_4500_imgsz1600_b1_2024-01-18.pt.jpg,ORDER_Diptera,2025-01-26,21:23:06,,2025_01_26__21_23_06,MachineObservation,Cerro_Hoya_Expedition_Hoya_606m_grisMejua_2025-01-26_2025-01-26,Cerro_Hoya_Expedition_Hoya_606m_grisMejua_2025-01-26,grisMejua_2025_01_26__21_23_06_HDR0.jpg,grisMejua_2025_01_26__21_23_06_HDR0_0_Mothbot_yolo11m_4500_imgsz1600_b1_2024-01-18.pt.jpg
doi.org10.15468dl.6nxkw6.csv,Animalia,Arthropoda,Insecta,Lepidoptera,,,,,797,,Lepidoptera,Lepidoptera,Cerro_Hoya_Expedition_Hoya_606m_grisMejua_2025-01-26,grisMejua_2025_01_26__21_25_06_HDR0_0_Mothbot_yolo11m_4500_imgsz1600_b1_2024-01-18.pt.jpg,HS,Mothbot_yolo11m_4500_imgsz1600_b1_2024-01-18.pt,0.7520739436149597,,grisMejua,Cerro_Hoya_Expedition/Hoya_606m_grisMejua_2025-01-26/2025-01-26/patches/grisMejua_2025_01_26__21_25_06_HDR0_0_Mothbot_yolo11m_4500_imgsz1600_b1_2024-01-18.pt.jpg,ORDER_Lepidoptera,2025-01-26,21:25:06,,2025_01_26__21_25_06,MachineObservation,Cerro_Hoya_Expedition_Hoya_606m_grisMejua_2025-01-26_2025-01-26,Cerro_Hoya_Expedition_Hoya_606m_grisMejua_2025-01-26,grisMejua_2025_01_26__21_25_06_HDR0.jpg,grisMejua_2025_01_26__21_25_06_HDR0_0_Mothbot_yolo11m_4500_imgsz1600_b1_2024-01-18.pt.jpg
doi.org10.15468dl.6nxkw6.csv,Animalia,Arthropoda,Insecta,,,,,,216,,Insecta,Insecta,Cerro_Hoya_Expedition_Hoya_606m_grisMejua_2025-01-26,grisMejua_2025_01_26__21_26_05_HDR0_0_Mothbot_yolo11m_4500_imgsz1600_b1_2024-01-18.pt.jpg,HS,Mothbot_yolo11m_4500_imgsz1600_b1_2024-01-18.pt,0.30373018980026245,,grisMejua,Cerro_Hoya_Expedition/Hoya_606m_grisMejua_2025-01-26/2025-01-26/patches/grisMejua_2025_01_26__21_26_05_HDR0_0_Mothbot_yolo11m_4500_imgsz1600_b1_2024-01-18.pt.jpg,ORDER_Diptera,2025-01-26,21:26:05,,2025_01_26__21_26_05,MachineObservation,Cerro_Hoya_Expedition_Hoya_606m_grisMejua_2025-01-26_2025-01-26,Cerro_Hoya_Expedition_Hoya_606m_grisMejua_2025-01-26,grisMejua_2025_01_26__21_26_05_HDR0.jpg,grisMejua_2025_01_26__21_26_05_HDR0_0_Mothbot_yolo11m_4500_imgsz1600_b1_2024-01-18.pt.jpg
doi.org10.15468dl.6nxkw6.csv,Animalia,Arthropoda,Insecta,Lepidoptera,,,,,797,,Lepidoptera,Lepidoptera,Cerro_Hoya_Expedition_Hoya_606m_grisMejua_2025-01-26,grisMejua_2025_01_26__21_28_06_HDR0_0_Mothbot_yolo11m_4500_imgsz1600_b1_2024-01-18.pt.jpg,HS,Mothbot_yolo11m_4500_imgsz1600_b1_2024-01-18.pt,0.6696786284446716,,grisMejua,Cerro_Hoya_Expedition/Hoya_606m_grisMejua_2025-01-26/2025-01-26/patches/grisMejua_2025_01_26__21_28_06_HDR0_0_Mothbot_yolo11m_4500_imgsz1600_b1_2024-01-18.pt.jpg,ORDER_Lepidoptera,2025-01-26,21:28:06,,2025_01_26__21_28_06,MachineObservation,Cerro_Hoya_Expedition_Hoya_606m_grisMejua_2025-01-26_2025-01-26,Cerro_Hoya_Expedition_Hoya_606m_grisMejua_2025-01-26,grisMejua_2025_01_26__21_28_06_HDR0.jpg,grisMejua_2025_01_26__21_28_06_HDR0_0_Mothbot_yolo11m_4500_imgsz1600_b1_2024-01-18.pt.jpg
doi.org10.15468dl.6nxkw6.csv,Animalia,Arthropoda,Insecta,Diptera,,,,,811,,Diptera,Diptera,Cerro_Hoya_Expedition_Hoya_606m_grisMejua_2025-01-26,grisMejua_2025_01_26__21_30_06_HDR0_0_Mothbot_yolo11m_4500_imgsz1600_b1_2024-01-18.pt.jpg,HS,Mothbot_yolo11m_4500_imgsz1600_b1_2024-01-18.pt,0.7496854066848755,,grisMejua,Cerro_Hoya_Expedition/Hoya_606m_grisMejua_2025-01-26/2025-01-26/patches/grisMejua_2025_01_26__21_30_06_HDR0_0_Mothbot_yolo11m_4500_imgsz1600_b1_2024-01-18.pt.jpg,ORDER_Diptera,2025-01-26,21:30:06,,2025_01_26__21_30_06,MachineObservation,Cerro_Hoya_Expedition_Hoya_606m_grisMejua_2025-01-26_2025-01-26,Cerro_Hoya_Expedition_Hoya_606m_grisMejua_2025-01-26,grisMejua_2025_01_26__21_30_06_HDR0.jpg,grisMejua_2025_01_26__21_30_06_HDR0_0_Mothbot_yolo11m_4500_imgsz1600_b1_2024-01-18.pt.jpg
doi.org10.15468dl.6nxkw6.csv,Animalia,Arthropoda,Insecta,Hemiptera,,,,,809,,Hemiptera,Hemiptera,Cerro_Hoya_Expedition_Hoya_606m_grisMejua_2025-01-26,grisMejua_2025_01_26__21_30_06_HDR0_1_Mothbot_yolo11m_4500_imgsz1600_b1_2024-01-18.pt.jpg,HS,Mothbot_yolo11m_4500_imgsz1600_b1_2024-01-18.pt,0.7022684812545776,,grisMejua,Cerro_Hoya_Expedition/Hoya_606m_grisMejua_2025-01-26/2025-01-26/patches/grisMejua_2025_01_26__21_30_06_HDR0_1_Mothbot_yolo11m_4500_imgsz1600_b1_2024-01-18.pt.jpg,ORDER_Hemiptera,2025-01-26,21:30:06,,2025_01_26__21_30_06,MachineObservation,Cerro_Hoya_Expedition_Hoya_606m_grisMejua_2025-01-26_2025-01-26,Cerro_Hoya_Expedition_Hoya_606m_grisMejua_2025-01-26,grisMejua_2025_01_26__21_30_06_HDR0.jpg,grisMejua_2025_01_26__21_30_06_HDR0_1_Mothbot_yolo11m_4500_imgsz1600_b1_2024-01-18.pt.jpg
doi.org10.15468dl.6nxkw6.csv,Animalia,Arthropoda,Insecta,Hemiptera,,,,,809,,Hemiptera,Hemiptera,Cerro_Hoya_Expedition_Hoya_606m_grisMejua_2025-01-26,grisMejua_2025_01_26__21_30_06_HDR0_2_Mothbot_yolo11m_4500_imgsz1600_b1_2024-01-18.pt.jpg,HS,Mothbot_yolo11m_4500_imgsz1600_b1_2024-01-18.pt,0.5863564014434814,,grisMejua,Cerro_Hoya_Expedition/Hoya_606m_grisMejua_2025-01-26/2025-01-26/patches/grisMejua_2025_01_26__21_30_06_HDR0_2_Mothbot_yolo11m_4500_imgsz1600_b1_2024-01-18.pt.jpg,ORDER_Hemiptera,2025-01-26,21:30:06,,2025_01_26__21_30_06,MachineObservation,Cerro_Hoya_Expedition_Hoya_606m_grisMejua_2025-01-26_2025-01-26,Cerro_Hoya_Expedition_Hoya_606m_grisMejua_2025-01-26,grisMejua_2025_01_26__21_30_06_HDR0.jpg,grisMejua_2025_01_26__21_30_06_HDR0_2_Mothbot_yolo11m_4500_imgsz1600_b1_2024-01-18.pt.jpg
doi.org10.15468dl.6nxkw6.csv,Animalia,Arthropoda,Insecta,Hemiptera,,,,,809,,Hemiptera,Hemiptera,Cerro_Hoya_Expedition_Hoya_606m_grisMejua_2025-01-26,grisMejua_2025_01_26__21_31_06_HDR0_0_Mothbot_yolo11m_4500_imgsz1600_b1_2024-01-18.pt.jpg,HS,Mothbot_yolo11m_4500_imgsz1600_b1_2024-01-18.pt,0.6503039598464966,,grisMejua,Cerro_Hoya_Expedition/Hoya_606m_grisMejua_2025-01-26/2025-01-26/patches/grisMejua_2025_01_26__21_31_06_HDR0_0_Mothbot_yolo11m_4500_imgsz1600_b1_2024-01-18.pt.jpg,ORDER_Diptera,2025-01-26,21:31:06,,2025_01_26__21_31_06,MachineObservation,Cerro_Hoya_Expedition_Hoya_606m_grisMejua_2025-01-26_2025-01-26,Cerro_Hoya_Expedition_Hoya_606m_grisMejua_2025-01-26,grisMejua_2025_01_26__21_31_06_HDR0.jpg,grisMejua_2025_01_26__21_31_06_HDR0_0_Mothbot_yolo11m_4500_imgsz1600_b1_2024-01-18.pt.jpg
doi.org10.15468dl.6nxkw6.csv,Animalia,Arthropoda,Insecta,Hemiptera,,,,,809,,Hemiptera,Hemiptera,Cerro_Hoya_Expedition_Hoya_606m_grisMejua_2025-01-26,grisMejua_2025_01_26__21_32_06_HDR0_0_Mothbot_yolo11m_4500_imgsz1600_b1_2024-01-18.pt.jpg,HS,Mothbot_yolo11m_4500_imgsz1600_b1_2024-01-18.pt,0.5373861193656921,,grisMejua,Cerro_Hoya_Expedition/Hoya_606m_grisMejua_2025-01-26/2025-01-26/patches/grisMejua_2025_01_26__21_32_06_HDR0_0_Mothbot_yolo11m_4500_imgsz1600_b1_2024-01-18.pt.jpg,ORDER_Diptera,2025-01-26,21:32:06,,2025_01_26__21_32_06,MachineObservation,Cerro_Hoya_Expedition_Hoya_606m_grisMejua_2025-01-26_2025-01-26,Cerro_Hoya_Expedition_Hoya_606m_grisMejua_2025-01-26,grisMejua_2025_01_26__21_32_06_HDR0.jpg,grisMejua_2025_01_26__21_32_06_HDR0_0_Mothbot_yolo11m_4500_imgsz1600_b1_2024-01-18.pt.jpg
doi.org10.15468dl.6nxkw6.csv,Animalia,Arthropoda,Insecta,Lepidoptera,,,,,797,,Lepidoptera,Lepidoptera,Cerro_Hoya_Expedition_Hoya_606m_grisMejua_2025-01-26,grisMejua_2025_01_26__21_33_05_HDR0_0_Mothbot_yolo11m_4500_imgsz1600_b1_2024-01-18.pt.jpg,HS,Mothbot_yolo11m_4500_imgsz1600_b1_2024-01-18.pt,0.6696828603744507,,grisMejua,Cerro_Hoya_Expedition/Hoya_606m_grisMejua_2025-01-26/2025-01-26/patches/grisMejua_2025_01_26__21_33_05_HDR0_0_Mothbot_yolo11m_4500_imgsz1600_b1_2024-01-18.pt.jpg,ORDER_Lepidoptera,2025-01-26,21:33:05,,2025_01_26__21_33_05,MachineObservation,Cerro_Hoya_Expedition_Hoya_606m_grisMejua_2025-01-26_2025-01-26,Cerro_Hoya_Expedition_Hoya_606m_grisMejua_2025-01-26,grisMejua_2025_01_26__21_33_05_HDR0.jpg,grisMejua_2025_01_26__21_33_05_HDR0_0_Mothbot_yolo11m_4500_imgsz1600_b1_2024-01-18.pt.jpg
doi.org10.15468dl.6nxkw6.csv,Animalia,Arthropoda,Insecta,Hemiptera,,,,,809,,Hemiptera,Hemiptera,Cerro_Hoya_Expedition_Hoya_606m_grisMejua_2025-01-26,grisMejua_2025_01_26__21_33_05_HDR0_1_Mothbot_yolo11m_4500_imgsz1600_b1_2024-01-18.pt.jpg,HS,Mothbot_yolo11m_4500_imgsz1600_b1_2024-01-18.pt,0.5851173400878906,,grisMejua,Cerro_Hoya_Expedition/Hoya_606m_grisMejua_2025-01-26/2025-01-26/patches/grisMejua_2025_01_26__21_33_05_HDR0_1_Mothbot_yolo11m_4500_imgsz1600_b1_2024-01-18.pt.jpg,ORDER_Diptera,2025-01-26,21:33:05,,2025_01_26__21_33_05,MachineObservation,Cerro_Hoya_Expedition_Hoya_606m_grisMejua_2025-01-26_2025-01-26,Cerro_Hoya_Expedition_Hoya_606m_grisMejua_2025-01-26,grisMejua_2025_01_26__21_33_05_HDR0.jpg,grisMejua_2025_01_26__21_33_05_HDR0_1_Mothbot_yolo11m_4500_imgsz1600_b1_2024-01-18.pt.jpg
doi.org10.15468dl.6nxkw6.csv,Animalia,Arthropoda,Insecta,Coleoptera,,,,Coleoptera8,1470,,Coleoptera,Coleoptera8,Cerro_Hoya_Expedition_Hoya_606m_grisMejua_2025-01-26,grisMejua_2025_01_26__21_34_05_HDR0_0_Mothbot_yolo11m_4500_imgsz1600_b1_2024-01-18.pt.jpg,HS,Mothbot_yolo11m_4500_imgsz1600_b1_2024-01-18.pt,0.6291348934173584,,grisMejua,Cerro_Hoya_Expedition/Hoya_606m_grisMejua_2025-01-26/2025-01-26/patches/grisMejua_2025_01_26__21_34_05_HDR0_0_Mothbot_yolo11m_4500_imgsz1600_b1_2024-01-18.pt.jpg,ORDER_Coleoptera,2025-01-26,21:34:05,,2025_01_26__21_34_05,MachineObservation,Cerro_Hoya_Expedition_Hoya_606m_grisMejua_2025-01-26_2025-01-26,Cerro_Hoya_Expedition_Hoya_606m_grisMejua_2025-01-26,grisMejua_2025_01_26__21_34_05_HDR0.jpg,grisMejua_2025_01_26__21_34_05_HDR0_0_Mothbot_yolo11m_4500_imgsz1600_b1_2024-01-18.pt.jpg
doi.org10.15468dl.6nxkw6.csv,Animalia,Arthropoda,Insecta,Diptera,,,,,811,,Diptera,Diptera,Cerro_Hoya_Expedition_Hoya_606m_grisMejua_2025-01-26,grisMejua_2025_01_26__21_34_05_HDR0_1_Mothbot_yolo11m_4500_imgsz1600_b1_2024-01-18.pt.jpg,HS,Mothbot_yolo11m_4500_imgsz1600_b1_2024-01-18.pt,0.5431432127952576,,grisMejua,Cerro_Hoya_Expedition/Hoya_606m_grisMejua_2025-01-26/2025-01-26/patches/grisMejua_2025_01_26__21_34_05_HDR0_1_Mothbot_yolo11m_4500_imgsz1600_b1_2024-01-18.pt.jpg,ORDER_Diptera,2025-01-26,21:34:05,,2025_01_26__21_34_05,MachineObservation,Cerro_Hoya_Expedition_Hoya_606m_grisMejua_2025-01-26_2025-01-26,Cerro_Hoya_Expedition_Hoya_606m_grisMejua_2025-01-26,grisMejua_2025_01_26__21_34_05_HDR0.jpg,grisMejua_2025_01_26__21_34_05_HDR0_1_Mothbot_yolo11m_4500_imgsz1600_b1_2024-01-18.pt.jpg
doi.org10.15468dl.6nxkw6.csv,Animalia,Arthropoda,Insecta,Lepidoptera,,,,,797,,Lepidoptera,Lepidoptera,Cerro_Hoya_Expedition_Hoya_606m_grisMejua_2025-01-26,grisMejua_2025_01_26__21_35_05_HDR0_0_Mothbot_yolo11m_4500_imgsz1600_b1_2024-01-18.pt.jpg,HS,Mothbot_yolo11m_4500_imgsz1600_b1_2024-01-18.pt,0.778258740901947,,grisMejua,Cerro_Hoya_Expedition/Hoya_606m_grisMejua_2025-01-26/2025-01-26/patches/grisMejua_2025_01_26__21_35_05_HDR0_0_Mothbot_yolo11m_4500_imgsz1600_b1_2024-01-18.pt.jpg,ORDER_Lepidoptera,2025-01-26,21:35:05,,2025_01_26__21_35_05,MachineObservation,Cerro_Hoya_Expedition_Hoya_606m_grisMejua_2025-01-26_2025-01-26,Cerro_Hoya_Expedition_Hoya_606m_grisMejua_2025-01-26,grisMejua_2025_01_26__21_35_05_HDR0.jpg,grisMejua_2025_01_26__21_35_05_HDR0_0_Mothbot_yolo11m_4500_imgsz1600_b1_2024-01-18.pt.jpg
doi.org10.15468dl.6nxkw6.csv,Animalia,Arthropoda,Insecta,Diptera,,,,,811,,Diptera,Diptera,Cerro_Hoya_Expedition_Hoya_606m_grisMejua_2025-01-26,grisMejua_2025_01_26__21_35_05_HDR0_1_Mothbot_yolo11m_4500_imgsz1600_b1_2024-01-18.pt.jpg,HS,Mothbot_yolo11m_4500_imgsz1600_b1_2024-01-18.pt,0.3429316282272339,,grisMejua,Cerro_Hoya_Expedition/Hoya_606m_grisMejua_2025-01-26/2025-01-26/patches/grisMejua_2025_01_26__21_35_05_HDR0_1_Mothbot_yolo11m_4500_imgsz1600_b1_2024-01-18.pt.jpg,ORDER_Hymenoptera,2025-01-26,21:35:05,,2025_01_26__21_35_05,MachineObservation,Cerro_Hoya_Expedition_Hoya_606m_grisMejua_2025-01-26_2025-01-26,Cerro_Hoya_Expedition_Hoya_606m_grisMejua_2025-01-26,grisMejua_2025_01_26__21_35_05_HDR0.jpg,grisMejua_2025_01_26__21_35_05_HDR0_1_Mothbot_yolo11m_4500_imgsz1600_b1_2024-01-18.pt.jpg
doi.org10.15468dl.6nxkw6.csv,Animalia,Arthropoda,Insecta,Diptera,,,,,811,,Diptera,Diptera,Cerro_Hoya_Expedition_Hoya_606m_grisMejua_2025-01-26,grisMejua_2025_01_26__21_36_22_HDR0_0_Mothbot_yolo11m_4500_imgsz1600_b1_2024-01-18.pt.jpg,HS,Mothbot_yolo11m_4500_imgsz1600_b1_2024-01-18.pt,0.6195461750030518,,grisMejua,Cerro_Hoya_Expedition/Hoya_606m_grisMejua_2025-01-26/2025-01-26/patches/grisMejua_2025_01_26__21_36_22_HDR0_0_Mothbot_yolo11m_4500_imgsz1600_b1_2024-01-18.pt.jpg,ORDER_Diptera,2025-01-26,21:36:22,,2025_01_26__21_36_22,MachineObservation,Cerro_Hoya_Expedition_Hoya_606m_grisMejua_2025-01-26_2025-01-26,Cerro_Hoya_Expedition_Hoya_606m_grisMejua_2025-01-26,grisMejua_2025_01_26__21_36_22_HDR0.jpg,grisMejua_2025_01_26__21_36_22_HDR0_0_Mothbot_yolo11m_4500_imgsz1600_b1_2024-01-18.pt.jpg
doi.org10.15468dl.6nxkw6.csv,Animalia,Arthropoda,Insecta,Diptera,,,,,811,,Diptera,Diptera,Cerro_Hoya_Expedition_Hoya_606m_grisMejua_2025-01-26,grisMejua_2025_01_26__21_37_06_HDR0_0_Mothbot_yolo11m_4500_imgsz1600_b1_2024-01-18.pt.jpg,HS,Mothbot_yolo11m_4500_imgsz1600_b1_2024-01-18.pt,0.6829990744590759,,grisMejua,Cerro_Hoya_Expedition/Hoya_606m_grisMejua_2025-01-26/2025-01-26/patches/grisMejua_2025_01_26__21_37_06_HDR0_0_Mothbot_yolo11m_4500_imgsz1600_b1_2024-01-18.pt.jpg,ORDER_Hemiptera,2025-01-26,21:37:06,,2025_01_26__21_37_06,MachineObservation,Cerro_Hoya_Expedition_Hoya_606m_grisMejua_2025-01-26_2025-01-26,Cerro_Hoya_Expedition_Hoya_606m_grisMejua_2025-01-26,grisMejua_2025_01_26__21_37_06_HDR0.jpg,grisMejua_2025_01_26__21_37_06_HDR0_0_Mothbot_yolo11m_4500_imgsz1600_b1_2024-01-18.pt.jpg
doi.org10.15468dl.6nxkw6.csv,Animalia,Arthropoda,Insecta,Diptera,,,,,811,,Diptera,Diptera,Cerro_Hoya_Expedition_Hoya_606m_grisMejua_2025-01-26,grisMejua_2025_01_26__21_38_05_HDR0_0_Mothbot_yolo11m_4500_imgsz1600_b1_2024-01-18.pt.jpg,HS,Mothbot_yolo11m_4500_imgsz1600_b1_2024-01-18.pt,0.6579099893569946,,grisMejua,Cerro_Hoya_Expedition/Hoya_606m_grisMejua_2025-01-26/2025-01-26/patches/grisMejua_2025_01_26__21_38_05_HDR0_0_Mothbot_yolo11m_4500_imgsz1600_b1_2024-01-18.pt.jpg,ORDER_Diptera,2025-01-26,21:38:05,,2025_01_26__21_38_05,MachineObservation,Cerro_Hoya_Expedition_Hoya_606m_grisMejua_2025-01-26_2025-01-26,Cerro_Hoya_Expedition_Hoya_606m_grisMejua_2025-01-26,grisMejua_2025_01_26__21_38_05_HDR0.jpg,grisMejua_2025_01_26__21_38_05_HDR0_0_Mothbot_yolo11m_4500_imgsz1600_b1_2024-01-18.pt.jpg
doi.org10.15468dl.6nxkw6.csv,Animalia,Arthropoda,Insecta,Diptera,,,,,811,,Diptera,Diptera,Cerro_Hoya_Expedition_Hoya_606m_grisMejua_2025-01-26,grisMejua_2025_01_26__21_38_05_HDR0_1_Mothbot_yolo11m_4500_imgsz1600_b1_2024-01-18.pt.jpg,HS,Mothbot_yolo11m_4500_imgsz1600_b1_2024-01-18.pt,0.6504457592964172,,grisMejua,Cerro_Hoya_Expedition/Hoya_606m_grisMejua_2025-01-26/2025-01-26/patches/grisMejua_2025_01_26__21_38_05_HDR0_1_Mothbot_yolo11m_4500_imgsz1600_b1_2024-01-18.pt.jpg,ORDER_Hemiptera,2025-01-26,21:38:05,,2025_01_26__21_38_05,MachineObservation,Cerro_Hoya_Expedition_Hoya_606m_grisMejua_2025-01-26_2025-01-26,Cerro_Hoya_Expedition_Hoya_606m_grisMejua_2025-01-26,grisMejua_2025_01_26__21_38_05_HDR0.jpg,grisMejua_2025_01_26__21_38_05_HDR0_1_Mothbot_yolo11m_4500_imgsz1600_b1_2024-01-18.pt.jpg
doi.org10.15468dl.6nxkw6.csv,Animalia,Arthropoda,Insecta,Lepidoptera,,,,,797,,Lepidoptera,Lepidoptera,Cerro_Hoya_Expedition_Hoya_606m_grisMejua_2025-01-26,grisMejua_2025_01_26__21_39_06_HDR0_0_Mothbot_yolo11m_4500_imgsz1600_b1_2024-01-18.pt.jpg,HS,Mothbot_yolo11m_4500_imgsz1600_b1_2024-01-18.pt,0.7497931718826294,,grisMejua,Cerro_Hoya_Expedition/Hoya_606m_grisMejua_2025-01-26/2025-01-26/patches/grisMejua_2025_01_26__21_39_06_HDR0_0_Mothbot_yolo11m_4500_imgsz1600_b1_2024-01-18.pt.jpg,ORDER_Diptera,2025-01-26,21:39:06,,2025_01_26__21_39_06,MachineObservation,Cerro_Hoya_Expedition_Hoya_606m_grisMejua_2025-01-26_2025-01-26,Cerro_Hoya_Expedition_Hoya_606m_grisMejua_2025-01-26,grisMejua_2025_01_26__21_39_06_HDR0.jpg,grisMejua_2025_01_26__21_39_06_HDR0_0_Mothbot_yolo11m_4500_imgsz1600_b1_2024-01-18.pt.jpg
doi.org10.15468dl.6nxkw6.csv,Animalia,Arthropoda,Insecta,Diptera,,,,,811,,Diptera,Diptera,Cerro_Hoya_Expedition_Hoya_606m_grisMejua_2025-01-26,grisMejua_2025_01_26__21_39_06_HDR0_1_Mothbot_yolo11m_4500_imgsz1600_b1_2024-01-18.pt.jpg,HS,Mothbot_yolo11m_4500_imgsz1600_b1_2024-01-18.pt,0.6257935762405396,,grisMejua,Cerro_Hoya_Expedition/Hoya_606m_grisMejua_2025-01-26/2025-01-26/patches/grisMejua_2025_01_26__21_39_06_HDR0_1_Mothbot_yolo11m_4500_imgsz1600_b1_2024-01-18.pt.jpg,ORDER_Hemiptera,2025-01-26,21:39:06,,2025_01_26__21_39_06,MachineObservation,Cerro_Hoya_Expedition_Hoya_606m_grisMejua_2025-01-26_2025-01-26,Cerro_Hoya_Expedition_Hoya_606m_grisMejua_2025-01-26,grisMejua_2025_01_26__21_39_06_HDR0.jpg,grisMejua_2025_01_26__21_39_06_HDR0_1_Mothbot_yolo11m_4500_imgsz1600_b1_2024-01-18.pt.jpg
doi.org10.15468dl.6nxkw6.csv,Animalia,Arthropoda,Insecta,Lepidoptera,,,,,797,,Lepidoptera,Lepidoptera,Cerro_Hoya_Expedition_Hoya_606m_grisMejua_2025-01-26,grisMejua_2025_01_26__21_39_06_HDR0_2_Mothbot_yolo11m_4500_imgsz1600_b1_2024-01-18.pt.jpg,HS,Mothbot_yolo11m_4500_imgsz1600_b1_2024-01-18.pt,0.520331621170044,,grisMejua,Cerro_Hoya_Expedition/Hoya_606m_grisMejua_2025-01-26/2025-01-26/patches/grisMejua_2025_01_26__21_39_06_HDR0_2_Mothbot_yolo11m_4500_imgsz1600_b1_2024-01-18.pt.jpg,ORDER_Lepidoptera,2025-01-26,21:39:06,,2025_01_26__21_39_06,MachineObservation,Cerro_Hoya_Expedition_Hoya_606m_grisMejua_2025-01-26_2025-01-26,Cerro_Hoya_Expedition_Hoya_606m_grisMejua_2025-01-26,grisMejua_2025_01_26__21_39_06_HDR0.jpg,grisMejua_2025_01_26__21_39_06_HDR0_2_Mothbot_yolo11m_4500_imgsz1600_b1_2024-01-18.pt.jpg
doi.org10.15468dl.6nxkw6.csv,Animalia,Arthropoda,Insecta,Diptera,,,,,811,,Diptera,Diptera,Cerro_Hoya_Expedition_Hoya_606m_grisMejua_2025-01-26,grisMejua_2025_01_26__21_40_06_HDR0_0_Mothbot_yolo11m_4500_imgsz1600_b1_2024-01-18.pt.jpg,HS,Mothbot_yolo11m_4500_imgsz1600_b1_2024-01-18.pt,0.5643830299377441,,grisMejua,Cerro_Hoya_Expedition/Hoya_606m_grisMejua_2025-01-26/2025-01-26/patches/grisMejua_2025_01_26__21_40_06_HDR0_0_Mothbot_yolo11m_4500_imgsz1600_b1_2024-01-18.pt.jpg,ORDER_Hemiptera,2025-01-26,21:40:06,,2025_01_26__21_40_06,MachineObservation,Cerro_Hoya_Expedition_Hoya_606m_grisMejua_2025-01-26_2025-01-26,Cerro_Hoya_Expedition_Hoya_606m_grisMejua_2025-01-26,grisMejua_2025_01_26__21_40_06_HDR0.jpg,grisMejua_2025_01_26__21_40_06_HDR0_0_Mothbot_yolo11m_4500_imgsz1600_b1_2024-01-18.pt.jpg
doi.org10.15468dl.6nxkw6.csv,Animalia,Arthropoda,Insecta,Hemiptera,,,,,809,,Hemiptera,Hemiptera,Cerro_Hoya_Expedition_Hoya_606m_grisMejua_2025-01-26,grisMejua_2025_01_26__21_40_06_HDR0_1_Mothbot_yolo11m_4500_imgsz1600_b1_2024-01-18.pt.jpg,HS,Mothbot_yolo11m_4500_imgsz1600_b1_2024-01-18.pt,0.5606159567832947,,grisMejua,Cerro_Hoya_Expedition/Hoya_606m_grisMejua_2025-01-26/2025-01-26/patches/grisMejua_2025_01_26__21_40_06_HDR0_1_Mothbot_yolo11m_4500_imgsz1600_b1_2024-01-18.pt.jpg,ORDER_Diptera,2025-01-26,21:40:06,,2025_01_26__21_40_06,MachineObservation,Cerro_Hoya_Expedition_Hoya_606m_grisMejua_2025-01-26_2025-01-26,Cerro_Hoya_Expedition_Hoya_606m_grisMejua_2025-01-26,grisMejua_2025_01_26__21_40_06_HDR0.jpg,grisMejua_2025_01_26__21_40_06_HDR0_1_Mothbot_yolo11m_4500_imgsz1600_b1_2024-01-18.pt.jpg
doi.org10.15468dl.6nxkw6.csv,Animalia,Arthropoda,Insecta,,,,,,216,,Insecta,Insecta,Cerro_Hoya_Expedition_Hoya_606m_grisMejua_2025-01-26,grisMejua_2025_01_26__21_40_06_HDR0_2_Mothbot_yolo11m_4500_imgsz1600_b1_2024-01-18.pt.jpg,HS,Mothbot_yolo11m_4500_imgsz1600_b1_2024-01-18.pt,0.3575657606124878,,grisMejua,Cerro_Hoya_Expedition/Hoya_606m_grisMejua_2025-01-26/2025-01-26/patches/grisMejua_2025_01_26__21_40_06_HDR0_2_Mothbot_yolo11m_4500_imgsz1600_b1_2024-01-18.pt.jpg,ORDER_Diptera,2025-01-26,21:40:06,,2025_01_26__21_40_06,MachineObservation,Cerro_Hoya_Expedition_Hoya_606m_grisMejua_2025-01-26_2025-01-26,Cerro_Hoya_Expedition_Hoya_606m_grisMejua_2025-01-26,grisMejua_2025_01_26__21_40_06_HDR0.jpg,grisMejua_2025_01_26__21_40_06_HDR0_2_Mothbot_yolo11m_4500_imgsz1600_b1_2024-01-18.pt.jpg
doi.org10.15468dl.6nxkw6.csv,Animalia,Arthropoda,Insecta,,,,,,216,,Insecta,Insecta,Cerro_Hoya_Expedition_Hoya_606m_grisMejua_2025-01-26,grisMejua_2025_01_26__21_40_06_HDR0_3_Mothbot_yolo11m_4500_imgsz1600_b1_2024-01-18.pt.jpg,HS,Mothbot_yolo11m_4500_imgsz1600_b1_2024-01-18.pt,0.3153684139251709,,grisMejua,Cerro_Hoya_Expedition/Hoya_606m_grisMejua_2025-01-26/2025-01-26/patches/grisMejua_2025_01_26__21_40_06_HDR0_3_Mothbot_yolo11m_4500_imgsz1600_b1_2024-01-18.pt.jpg,ORDER_Diptera,2025-01-26,21:40:06,,2025_01_26__21_40_06,MachineObservation,Cerro_Hoya_Expedition_Hoya_606m_grisMejua_2025-01-26_2025-01-26,Cerro_Hoya_Expedition_Hoya_606m_grisMejua_2025-01-26,grisMejua_2025_01_26__21_40_06_HDR0.jpg,grisMejua_2025_01_26__21_40_06_HDR0_3_Mothbot_yolo11m_4500_imgsz1600_b1_2024-01-18.pt.jpg
doi.org10.15468dl.6nxkw6.csv,Animalia,Arthropoda,Insecta,,,,,,216,,Insecta,Insecta,Cerro_Hoya_Expedition_Hoya_606m_grisMejua_2025-01-26,grisMejua_2025_01_26__21_40_06_HDR0_4_Mothbot_yolo11m_4500_imgsz1600_b1_2024-01-18.pt.jpg,HS,Mothbot_yolo11m_4500_imgsz1600_b1_2024-01-18.pt,0.28868383169174194,,grisMejua,Cerro_Hoya_Expedition/Hoya_606m_grisMejua_2025-01-26/2025-01-26/patches/grisMejua_2025_01_26__21_40_06_HDR0_4_Mothbot_yolo11m_4500_imgsz1600_b1_2024-01-18.pt.jpg,ORDER_Diptera,2025-01-26,21:40:06,,2025_01_26__21_40_06,MachineObservation,Cerro_Hoya_Expedition_Hoya_606m_grisMejua_2025-01-26_2025-01-26,Cerro_Hoya_Expedition_Hoya_606m_grisMejua_2025-01-26,grisMejua_2025_01_26__21_40_06_HDR0.jpg,grisMejua_2025_01_26__21_40_06_HDR0_4_Mothbot_yolo11m_4500_imgsz1600_b1_2024-01-18.pt.jpg
doi.org10.15468dl.6nxkw6.csv,Animalia,Arthropoda,Insecta,Diptera,,,,,811,,Diptera,Diptera,Cerro_Hoya_Expedition_Hoya_606m_grisMejua_2025-01-26,grisMejua_2025_01_26__21_40_06_HDR0_5_Mothbot_yolo11m_4500_imgsz1600_b1_2024-01-18.pt.jpg,HS,Mothbot_yolo11m_4500_imgsz1600_b1_2024-01-18.pt,0.284999281167984,,grisMejua,Cerro_Hoya_Expedition/Hoya_606m_grisMejua_2025-01-26/2025-01-26/patches/grisMejua_2025_01_26__21_40_06_HDR0_5_Mothbot_yolo11m_4500_imgsz1600_b1_2024-01-18.pt.jpg,ORDER_Diptera,2025-01-26,21:40:06,,2025_01_26__21_40_06,MachineObservation,Cerro_Hoya_Expedition_Hoya_606m_grisMejua_2025-01-26_2025-01-26,Cerro_Hoya_Expedition_Hoya_606m_grisMejua_2025-01-26,grisMejua_2025_01_26__21_40_06_HDR0.jpg,grisMejua_2025_01_26__21_40_06_HDR0_5_Mothbot_yolo11m_4500_imgsz1600_b1_2024-01-18.pt.jpg
doi.org10.15468dl.6nxkw6.csv,Animalia,Arthropoda,Insecta,Coleoptera,,,,Coleoptera35,1470,,Coleoptera,Coleoptera35,Cerro_Hoya_Expedition_Hoya_606m_grisMejua_2025-01-26,grisMejua_2025_01_26__21_41_06_HDR0_0_Mothbot_yolo11m_4500_imgsz1600_b1_2024-01-18.pt.jpg,HS,Mothbot_yolo11m_4500_imgsz1600_b1_2024-01-18.pt,0.6444389820098877,,grisMejua,Cerro_Hoya_Expedition/Hoya_606m_grisMejua_2025-01-26/2025-01-26/patches/grisMejua_2025_01_26__21_41_06_HDR0_0_Mothbot_yolo11m_4500_imgsz1600_b1_2024-01-18.pt.jpg,ORDER_Blattodea,2025-01-26,21:41:06,,2025_01_26__21_41_06,MachineObservation,Cerro_Hoya_Expedition_Hoya_606m_grisMejua_2025-01-26_2025-01-26,Cerro_Hoya_Expedition_Hoya_606m_grisMejua_2025-01-26,grisMejua_2025_01_26__21_41_06_HDR0.jpg,grisMejua_2025_01_26__21_41_06_HDR0_0_Mothbot_yolo11m_4500_imgsz1600_b1_2024-01-18.pt.jpg
doi.org10.15468dl.6nxkw6.csv,Animalia,Arthropoda,Insecta,Diptera,,,,,811,,Diptera,Diptera,Cerro_Hoya_Expedition_Hoya_606m_grisMejua_2025-01-26,grisMejua_2025_01_26__21_41_06_HDR0_1_Mothbot_yolo11m_4500_imgsz1600_b1_2024-01-18.pt.jpg,HS,Mothbot_yolo11m_4500_imgsz1600_b1_2024-01-18.pt,0.6049802303314209,,grisMejua,Cerro_Hoya_Expedition/Hoya_606m_grisMejua_2025-01-26/2025-01-26/patches/grisMejua_2025_01_26__21_41_06_HDR0_1_Mothbot_yolo11m_4500_imgsz1600_b1_2024-01-18.pt.jpg,ORDER_Hemiptera,2025-01-26,21:41:06,,2025_01_26__21_41_06,MachineObservation,Cerro_Hoya_Expedition_Hoya_606m_grisMejua_2025-01-26_2025-01-26,Cerro_Hoya_Expedition_Hoya_606m_grisMejua_2025-01-26,grisMejua_2025_01_26__21_41_06_HDR0.jpg,grisMejua_2025_01_26__21_41_06_HDR0_1_Mothbot_yolo11m_4500_imgsz1600_b1_2024-01-18.pt.jpg
doi.org10.15468dl.6nxkw6.csv,Animalia,Arthropoda,Insecta,Hemiptera,,,,,809,,Hemiptera,Hemiptera,Cerro_Hoya_Expedition_Hoya_606m_grisMejua_2025-01-26,grisMejua_2025_01_26__21_41_06_HDR0_2_Mothbot_yolo11m_4500_imgsz1600_b1_2024-01-18.pt.jpg,HS,Mothbot_yolo11m_4500_imgsz1600_b1_2024-01-18.pt,0.4938702881336212,,grisMejua,Cerro_Hoya_Expedition/Hoya_606m_grisMejua_2025-01-26/2025-01-26/patches/grisMejua_2025_01_26__21_41_06_HDR0_2_Mothbot_yolo11m_4500_imgsz1600_b1_2024-01-18.pt.jpg,ORDER_Diptera,2025-01-26,21:41:06,,2025_01_26__21_41_06,MachineObservation,Cerro_Hoya_Expedition_Hoya_606m_grisMejua_2025-01-26_2025-01-26,Cerro_Hoya_Expedition_Hoya_606m_grisMejua_2025-01-26,grisMejua_2025_01_26__21_41_06_HDR0.jpg,grisMejua_2025_01_26__21_41_06_HDR0_2_Mothbot_yolo11m_4500_imgsz1600_b1_2024-01-18.pt.jpg
doi.org10.15468dl.6nxkw6.csv,Animalia,Arthropoda,Insecta,Hemiptera,,,,,809,,Hemiptera,Hemiptera,Cerro_Hoya_Expedition_Hoya_606m_grisMejua_2025-01-26,grisMejua_2025_01_26__21_41_06_HDR0_3_Mothbot_yolo11m_4500_imgsz1600_b1_2024-01-18.pt.jpg,HS,Mothbot_yolo11m_4500_imgsz1600_b1_2024-01-18.pt,0.42967742681503296,,grisMejua,Cerro_Hoya_Expedition/Hoya_606m_grisMejua_2025-01-26/2025-01-26/patches/grisMejua_2025_01_26__21_41_06_HDR0_3_Mothbot_yolo11m_4500_imgsz1600_b1_2024-01-18.pt.jpg,ORDER_Hemiptera,2025-01-26,21:41:06,,2025_01_26__21_41_06,MachineObservation,Cerro_Hoya_Expedition_Hoya_606m_grisMejua_2025-01-26_2025-01-26,Cerro_Hoya_Expedition_Hoya_606m_grisMejua_2025-01-26,grisMejua_2025_01_26__21_41_06_HDR0.jpg,grisMejua_2025_01_26__21_41_06_HDR0_3_Mothbot_yolo11m_4500_imgsz1600_b1_2024-01-18.pt.jpg
doi.org10.15468dl.6nxkw6.csv,Animalia,Arthropoda,Insecta,Coleoptera,,,,Coleoptera35,1470,,Coleoptera,Coleoptera35,Cerro_Hoya_Expedition_Hoya_606m_grisMejua_2025-01-26,grisMejua_2025_01_26__21_42_06_HDR0_0_Mothbot_yolo11m_4500_imgsz1600_b1_2024-01-18.pt.jpg,HS,Mothbot_yolo11m_4500_imgsz1600_b1_2024-01-18.pt,0.7280836701393127,,grisMejua,Cerro_Hoya_Expedition/Hoya_606m_grisMejua_2025-01-26/2025-01-26/patches/grisMejua_2025_01_26__21_42_06_HDR0_0_Mothbot_yolo11m_4500_imgsz1600_b1_2024-01-18.pt.jpg,ORDER_Blattodea,2025-01-26,21:42:06,,2025_01_26__21_42_06,MachineObservation,Cerro_Hoya_Expedition_Hoya_606m_grisMejua_2025-01-26_2025-01-26,Cerro_Hoya_Expedition_Hoya_606m_grisMejua_2025-01-26,grisMejua_2025_01_26__21_42_06_HDR0.jpg,grisMejua_2025_01_26__21_42_06_HDR0_0_Mothbot_yolo11m_4500_imgsz1600_b1_2024-01-18.pt.jpg
doi.org10.15468dl.6nxkw6.csv,Animalia,Arthropoda,Insecta,Lepidoptera,,,,,797,,Lepidoptera,Lepidoptera,Cerro_Hoya_Expedition_Hoya_606m_grisMejua_2025-01-26,grisMejua_2025_01_26__21_42_06_HDR0_1_Mothbot_yolo11m_4500_imgsz1600_b1_2024-01-18.pt.jpg,HS,Mothbot_yolo11m_4500_imgsz1600_b1_2024-01-18.pt,0.6920494437217712,,grisMejua,Cerro_Hoya_Expedition/Hoya_606m_grisMejua_2025-01-26/2025-01-26/patches/grisMejua_2025_01_26__21_42_06_HDR0_1_Mothbot_yolo11m_4500_imgsz1600_b1_2024-01-18.pt.jpg,ORDER_Lepidoptera,2025-01-26,21:42:06,,2025_01_26__21_42_06,MachineObservation,Cerro_Hoya_Expedition_Hoya_606m_grisMejua_2025-01-26_2025-01-26,Cerro_Hoya_Expedition_Hoya_606m_grisMejua_2025-01-26,grisMejua_2025_01_26__21_42_06_HDR0.jpg,grisMejua_2025_01_26__21_42_06_HDR0_1_Mothbot_yolo11m_4500_imgsz1600_b1_2024-01-18.pt.jpg
doi.org10.15468dl.6nxkw6.csv,Animalia,Arthropoda,Insecta,Hemiptera,,,,,809,,Hemiptera,Hemiptera,Cerro_Hoya_Expedition_Hoya_606m_grisMejua_2025-01-26,grisMejua_2025_01_26__21_42_06_HDR0_2_Mothbot_yolo11m_4500_imgsz1600_b1_2024-01-18.pt.jpg,HS,Mothbot_yolo11m_4500_imgsz1600_b1_2024-01-18.pt,0.675408661365509,,grisMejua,Cerro_Hoya_Expedition/Hoya_606m_grisMejua_2025-01-26/2025-01-26/patches/grisMejua_2025_01_26__21_42_06_HDR0_2_Mothbot_yolo11m_4500_imgsz1600_b1_2024-01-18.pt.jpg,ORDER_Hemiptera,2025-01-26,21:42:06,,2025_01_26__21_42_06,MachineObservation,Cerro_Hoya_Expedition_Hoya_606m_grisMejua_2025-01-26_2025-01-26,Cerro_Hoya_Expedition_Hoya_606m_grisMejua_2025-01-26,grisMejua_2025_01_26__21_42_06_HDR0.jpg,grisMejua_2025_01_26__21_42_06_HDR0_2_Mothbot_yolo11m_4500_imgsz1600_b1_2024-01-18.pt.jpg
doi.org10.15468dl.6nxkw6.csv,Animalia,Arthropoda,Insecta,Hemiptera,,,,,809,,Hemiptera,Hemiptera,Cerro_Hoya_Expedition_Hoya_606m_grisMejua_2025-01-26,grisMejua_2025_01_26__21_42_06_HDR0_3_Mothbot_yolo11m_4500_imgsz1600_b1_2024-01-18.pt.jpg,HS,Mothbot_yolo11m_4500_imgsz1600_b1_2024-01-18.pt,0.6627081036567688,,grisMejua,Cerro_Hoya_Expedition/Hoya_606m_grisMejua_2025-01-26/2025-01-26/patches/grisMejua_2025_01_26__21_42_06_HDR0_3_Mothbot_yolo11m_4500_imgsz1600_b1_2024-01-18.pt.jpg,ORDER_Diptera,2025-01-26,21:42:06,,2025_01_26__21_42_06,MachineObservation,Cerro_Hoya_Expedition_Hoya_606m_grisMejua_2025-01-26_2025-01-26,Cerro_Hoya_Expedition_Hoya_606m_grisMejua_2025-01-26,grisMejua_2025_01_26__21_42_06_HDR0.jpg,grisMejua_2025_01_26__21_42_06_HDR0_3_Mothbot_yolo11m_4500_imgsz1600_b1_2024-01-18.pt.jpg
doi.org10.15468dl.6nxkw6.csv,Animalia,Arthropoda,Insecta,Hemiptera,,,,,809,,Hemiptera,Hemiptera,Cerro_Hoya_Expedition_Hoya_606m_grisMejua_2025-01-26,grisMejua_2025_01_26__21_42_06_HDR0_4_Mothbot_yolo11m_4500_imgsz1600_b1_2024-01-18.pt.jpg,HS,Mothbot_yolo11m_4500_imgsz1600_b1_2024-01-18.pt,0.6401745676994324,,grisMejua,Cerro_Hoya_Expedition/Hoya_606m_grisMejua_2025-01-26/2025-01-26/patches/grisMejua_2025_01_26__21_42_06_HDR0_4_Mothbot_yolo11m_4500_imgsz1600_b1_2024-01-18.pt.jpg,ORDER_Hemiptera,2025-01-26,21:42:06,,2025_01_26__21_42_06,MachineObservation,Cerro_Hoya_Expedition_Hoya_606m_grisMejua_2025-01-26_2025-01-26,Cerro_Hoya_Expedition_Hoya_606m_grisMejua_2025-01-26,grisMejua_2025_01_26__21_42_06_HDR0.jpg,grisMejua_2025_01_26__21_42_06_HDR0_4_Mothbot_yolo11m_4500_imgsz1600_b1_2024-01-18.pt.jpg
doi.org10.15468dl.6nxkw6.csv,Animalia,Arthropoda,Insecta,Diptera,,,,,811,,Diptera,Diptera,Cerro_Hoya_Expedition_Hoya_606m_grisMejua_2025-01-26,grisMejua_2025_01_26__21_42_06_HDR0_5_Mothbot_yolo11m_4500_imgsz1600_b1_2024-01-18.pt.jpg,HS,Mothbot_yolo11m_4500_imgsz1600_b1_2024-01-18.pt,0.6257912516593933,,grisMejua,Cerro_Hoya_Expedition/Hoya_606m_grisMejua_2025-01-26/2025-01-26/patches/grisMejua_2025_01_26__21_42_06_HDR0_5_Mothbot_yolo11m_4500_imgsz1600_b1_2024-01-18.pt.jpg,ORDER_Diptera,2025-01-26,21:42:06,,2025_01_26__21_42_06,MachineObservation,Cerro_Hoya_Expedition_Hoya_606m_grisMejua_2025-01-26_2025-01-26,Cerro_Hoya_Expedition_Hoya_606m_grisMejua_2025-01-26,grisMejua_2025_01_26__21_42_06_HDR0.jpg,grisMejua_2025_01_26__21_42_06_HDR0_5_Mothbot_yolo11m_4500_imgsz1600_b1_2024-01-18.pt.jpg
doi.org10.15468dl.6nxkw6.csv,Animalia,Arthropoda,Insecta,Hemiptera,,,,,809,,Hemiptera,Hemiptera,Cerro_Hoya_Expedition_Hoya_606m_grisMejua_2025-01-26,grisMejua_2025_01_26__21_42_06_HDR0_6_Mothbot_yolo11m_4500_imgsz1600_b1_2024-01-18.pt.jpg,HS,Mothbot_yolo11m_4500_imgsz1600_b1_2024-01-18.pt,0.48062291741371155,,grisMejua,Cerro_Hoya_Expedition/Hoya_606m_grisMejua_2025-01-26/2025-01-26/patches/grisMejua_2025_01_26__21_42_06_HDR0_6_Mothbot_yolo11m_4500_imgsz1600_b1_2024-01-18.pt.jpg,ORDER_Hemiptera,2025-01-26,21:42:06,,2025_01_26__21_42_06,MachineObservation,Cerro_Hoya_Expedition_Hoya_606m_grisMejua_2025-01-26_2025-01-26,Cerro_Hoya_Expedition_Hoya_606m_grisMejua_2025-01-26,grisMejua_2025_01_26__21_42_06_HDR0.jpg,grisMejua_2025_01_26__21_42_06_HDR0_6_Mothbot_yolo11m_4500_imgsz1600_b1_2024-01-18.pt.jpg
doi.org10.15468dl.6nxkw6.csv,Animalia,Arthropoda,Insecta,Diptera,,,,,811,,Diptera,Diptera,Cerro_Hoya_Expedition_Hoya_606m_grisMejua_2025-01-26,grisMejua_2025_01_26__21_43_22_HDR0_0_Mothbot_yolo11m_4500_imgsz1600_b1_2024-01-18.pt.jpg,HS,Mothbot_yolo11m_4500_imgsz1600_b1_2024-01-18.pt,0.6375615000724792,,grisMejua,Cerro_Hoya_Expedition/Hoya_606m_grisMejua_2025-01-26/2025-01-26/patches/grisMejua_2025_01_26__21_43_22_HDR0_0_Mothbot_yolo11m_4500_imgsz1600_b1_2024-01-18.pt.jpg,ORDER_Psocodea,2025-01-26,21:43:22,,2025_01_26__21_43_22,MachineObservation,Cerro_Hoya_Expedition_Hoya_606m_grisMejua_2025-01-26_2025-01-26,Cerro_Hoya_Expedition_Hoya_606m_grisMejua_2025-01-26,grisMejua_2025_01_26__21_43_22_HDR0.jpg,grisMejua_2025_01_26__21_43_22_HDR0_0_Mothbot_yolo11m_4500_imgsz1600_b1_2024-01-18.pt.jpg
doi.org10.15468dl.6nxkw6.csv,Animalia,Arthropoda,Insecta,Hemiptera,,,,,809,,Hemiptera,Hemiptera,Cerro_Hoya_Expedition_Hoya_606m_grisMejua_2025-01-26,grisMejua_2025_01_26__21_43_22_HDR0_1_Mothbot_yolo11m_4500_imgsz1600_b1_2024-01-18.pt.jpg,HS,Mothbot_yolo11m_4500_imgsz1600_b1_2024-01-18.pt,0.6063020825386047,,grisMejua,Cerro_Hoya_Expedition/Hoya_606m_grisMejua_2025-01-26/2025-01-26/patches/grisMejua_2025_01_26__21_43_22_HDR0_1_Mothbot_yolo11m_4500_imgsz1600_b1_2024-01-18.pt.jpg,ORDER_Hemiptera,2025-01-26,21:43:22,,2025_01_26__21_43_22,MachineObservation,Cerro_Hoya_Expedition_Hoya_606m_grisMejua_2025-01-26_2025-01-26,Cerro_Hoya_Expedition_Hoya_606m_grisMejua_2025-01-26,grisMejua_2025_01_26__21_43_22_HDR0.jpg,grisMejua_2025_01_26__21_43_22_HDR0_1_Mothbot_yolo11m_4500_imgsz1600_b1_2024-01-18.pt.jpg
doi.org10.15468dl.6nxkw6.csv,Animalia,Arthropoda,Insecta,Hemiptera,,,,,809,,Hemiptera,Hemiptera,Cerro_Hoya_Expedition_Hoya_606m_grisMejua_2025-01-26,grisMejua_2025_01_26__21_43_22_HDR0_2_Mothbot_yolo11m_4500_imgsz1600_b1_2024-01-18.pt.jpg,HS,Mothbot_yolo11m_4500_imgsz1600_b1_2024-01-18.pt,0.5590269565582275,,grisMejua,Cerro_Hoya_Expedition/Hoya_606m_grisMejua_2025-01-26/2025-01-26/patches/grisMejua_2025_01_26__21_43_22_HDR0_2_Mothbot_yolo11m_4500_imgsz1600_b1_2024-01-18.pt.jpg,ORDER_Diptera,2025-01-26,21:43:22,,2025_01_26__21_43_22,MachineObservation,Cerro_Hoya_Expedition_Hoya_606m_grisMejua_2025-01-26_2025-01-26,Cerro_Hoya_Expedition_Hoya_606m_grisMejua_2025-01-26,grisMejua_2025_01_26__21_43_22_HDR0.jpg,grisMejua_2025_01_26__21_43_22_HDR0_2_Mothbot_yolo11m_4500_imgsz1600_b1_2024-01-18.pt.jpg
doi.org10.15468dl.6nxkw6.csv,Animalia,Arthropoda,Insecta,Lepidoptera,,,,,797,,Lepidoptera,Lepidoptera,Cerro_Hoya_Expedition_Hoya_606m_grisMejua_2025-01-26,grisMejua_2025_01_26__21_43_22_HDR0_3_Mothbot_yolo11m_4500_imgsz1600_b1_2024-01-18.pt.jpg,HS,Mothbot_yolo11m_4500_imgsz1600_b1_2024-01-18.pt,0.5418818593025208,,grisMejua,Cerro_Hoya_Expedition/Hoya_606m_grisMejua_2025-01-26/2025-01-26/patches/grisMejua_2025_01_26__21_43_22_HDR0_3_Mothbot_yolo11m_4500_imgsz1600_b1_2024-01-18.pt.jpg,ORDER_Lepidoptera,2025-01-26,21:43:22,,2025_01_26__21_43_22,MachineObservation,Cerro_Hoya_Expedition_Hoya_606m_grisMejua_2025-01-26_2025-01-26,Cerro_Hoya_Expedition_Hoya_606m_grisMejua_2025-01-26,grisMejua_2025_01_26__21_43_22_HDR0.jpg,grisMejua_2025_01_26__21_43_22_HDR0_3_Mothbot_yolo11m_4500_imgsz1600_b1_2024-01-18.pt.jpg
doi.org10.15468dl.6nxkw6.csv,Animalia,Arthropoda,Insecta,Hemiptera,,,,,809,,Hemiptera,Hemiptera,Cerro_Hoya_Expedition_Hoya_606m_grisMejua_2025-01-26,grisMejua_2025_01_26__21_43_22_HDR0_4_Mothbot_yolo11m_4500_imgsz1600_b1_2024-01-18.pt.jpg,HS,Mothbot_yolo11m_4500_imgsz1600_b1_2024-01-18.pt,0.4929008185863495,,grisMejua,Cerro_Hoya_Expedition/Hoya_606m_grisMejua_2025-01-26/2025-01-26/patches/grisMejua_2025_01_26__21_43_22_HDR0_4_Mothbot_yolo11m_4500_imgsz1600_b1_2024-01-18.pt.jpg,ORDER_Hemiptera,2025-01-26,21:43:22,,2025_01_26__21_43_22,MachineObservation,Cerro_Hoya_Expedition_Hoya_606m_grisMejua_2025-01-26_2025-01-26,Cerro_Hoya_Expedition_Hoya_606m_grisMejua_2025-01-26,grisMejua_2025_01_26__21_43_22_HDR0.jpg,grisMejua_2025_01_26__21_43_22_HDR0_4_Mothbot_yolo11m_4500_imgsz1600_b1_2024-01-18.pt.jpg
doi.org10.15468dl.6nxkw6.csv,Animalia,Arthropoda,Insecta,,,,,,216,,Insecta,Insecta,Cerro_Hoya_Expedition_Hoya_606m_grisMejua_2025-01-26,grisMejua_2025_01_26__21_43_22_HDR0_5_Mothbot_yolo11m_4500_imgsz1600_b1_2024-01-18.pt.jpg,HS,Mothbot_yolo11m_4500_imgsz1600_b1_2024-01-18.pt,0.35324525833129883,,grisMejua,Cerro_Hoya_Expedition/Hoya_606m_grisMejua_2025-01-26/2025-01-26/patches/grisMejua_2025_01_26__21_43_22_HDR0_5_Mothbot_yolo11m_4500_imgsz1600_b1_2024-01-18.pt.jpg,ORDER_Diptera,2025-01-26,21:43:22,,2025_01_26__21_43_22,MachineObservation,Cerro_Hoya_Expedition_Hoya_606m_grisMejua_2025-01-26_2025-01-26,Cerro_Hoya_Expedition_Hoya_606m_grisMejua_2025-01-26,grisMejua_2025_01_26__21_43_22_HDR0.jpg,grisMejua_2025_01_26__21_43_22_HDR0_5_Mothbot_yolo11m_4500_imgsz1600_b1_2024-01-18.pt.jpg
doi.org10.15468dl.6nxkw6.csv,Animalia,Arthropoda,Insecta,Diptera,,,,,811,,Diptera,Diptera,Cerro_Hoya_Expedition_Hoya_606m_grisMejua_2025-01-26,grisMejua_2025_01_26__21_44_06_HDR0_0_Mothbot_yolo11m_4500_imgsz1600_b1_2024-01-18.pt.jpg,HS,Mothbot_yolo11m_4500_imgsz1600_b1_2024-01-18.pt,0.650169312953949,,grisMejua,Cerro_Hoya_Expedition/Hoya_606m_grisMejua_2025-01-26/2025-01-26/patches/grisMejua_2025_01_26__21_44_06_HDR0_0_Mothbot_yolo11m_4500_imgsz1600_b1_2024-01-18.pt.jpg,ORDER_Diptera,2025-01-26,21:44:06,,2025_01_26__21_44_06,MachineObservation,Cerro_Hoya_Expedition_Hoya_606m_grisMejua_2025-01-26_2025-01-26,Cerro_Hoya_Expedition_Hoya_606m_grisMejua_2025-01-26,grisMejua_2025_01_26__21_44_06_HDR0.jpg,grisMejua_2025_01_26__21_44_06_HDR0_0_Mothbot_yolo11m_4500_imgsz1600_b1_2024-01-18.pt.jpg
doi.org10.15468dl.6nxkw6.csv,Animalia,Arthropoda,Insecta,Hemiptera,,,,,809,,Hemiptera,Hemiptera,Cerro_Hoya_Expedition_Hoya_606m_grisMejua_2025-01-26,grisMejua_2025_01_26__21_44_06_HDR0_1_Mothbot_yolo11m_4500_imgsz1600_b1_2024-01-18.pt.jpg,HS,Mothbot_yolo11m_4500_imgsz1600_b1_2024-01-18.pt,0.5132768154144287,,grisMejua,Cerro_Hoya_Expedition/Hoya_606m_grisMejua_2025-01-26/2025-01-26/patches/grisMejua_2025_01_26__21_44_06_HDR0_1_Mothbot_yolo11m_4500_imgsz1600_b1_2024-01-18.pt.jpg,ORDER_Hemiptera,2025-01-26,21:44:06,,2025_01_26__21_44_06,MachineObservation,Cerro_Hoya_Expedition_Hoya_606m_grisMejua_2025-01-26_2025-01-26,Cerro_Hoya_Expedition_Hoya_606m_grisMejua_2025-01-26,grisMejua_2025_01_26__21_44_06_HDR0.jpg,grisMejua_2025_01_26__21_44_06_HDR0_1_Mothbot_yolo11m_4500_imgsz1600_b1_2024-01-18.pt.jpg
doi.org10.15468dl.6nxkw6.csv,Animalia,Arthropoda,Insecta,Hemiptera,,,,,809,,Hemiptera,Hemiptera,Cerro_Hoya_Expedition_Hoya_606m_grisMejua_2025-01-26,grisMejua_2025_01_26__21_45_06_HDR0_0_Mothbot_yolo11m_4500_imgsz1600_b1_2024-01-18.pt.jpg,HS,Mothbot_yolo11m_4500_imgsz1600_b1_2024-01-18.pt,0.6826218962669373,,grisMejua,Cerro_Hoya_Expedition/Hoya_606m_grisMejua_2025-01-26/2025-01-26/patches/grisMejua_2025_01_26__21_45_06_HDR0_0_Mothbot_yolo11m_4500_imgsz1600_b1_2024-01-18.pt.jpg,ORDER_Hemiptera,2025-01-26,21:45:06,,2025_01_26__21_45_06,MachineObservation,Cerro_Hoya_Expedition_Hoya_606m_grisMejua_2025-01-26_2025-01-26,Cerro_Hoya_Expedition_Hoya_606m_grisMejua_2025-01-26,grisMejua_2025_01_26__21_45_06_HDR0.jpg,grisMejua_2025_01_26__21_45_06_HDR0_0_Mothbot_yolo11m_4500_imgsz1600_b1_2024-01-18.pt.jpg
doi.org10.15468dl.6nxkw6.csv,Animalia,Arthropoda,Insecta,Diptera,,,,,811,,Diptera,Diptera,Cerro_Hoya_Expedition_Hoya_606m_grisMejua_2025-01-26,grisMejua_2025_01_26__21_45_06_HDR0_1_Mothbot_yolo11m_4500_imgsz1600_b1_2024-01-18.pt.jpg,HS,Mothbot_yolo11m_4500_imgsz1600_b1_2024-01-18.pt,0.5974845886230469,,grisMejua,Cerro_Hoya_Expedition/Hoya_606m_grisMejua_2025-01-26/2025-01-26/patches/grisMejua_2025_01_26__21_45_06_HDR0_1_Mothbot_yolo11m_4500_imgsz1600_b1_2024-01-18.pt.jpg,ORDER_Diptera,2025-01-26,21:45:06,,2025_01_26__21_45_06,MachineObservation,Cerro_Hoya_Expedition_Hoya_606m_grisMejua_2025-01-26_2025-01-26,Cerro_Hoya_Expedition_Hoya_606m_grisMejua_2025-01-26,grisMejua_2025_01_26__21_45_06_HDR0.jpg,grisMejua_2025_01_26__21_45_06_HDR0_1_Mothbot_yolo11m_4500_imgsz1600_b1_2024-01-18.pt.jpg
doi.org10.15468dl.6nxkw6.csv,Animalia,Arthropoda,Insecta,,,,,,216,,Insecta,Insecta,Cerro_Hoya_Expedition_Hoya_606m_grisMejua_2025-01-26,grisMejua_2025_01_26__21_45_06_HDR0_2_Mothbot_yolo11m_4500_imgsz1600_b1_2024-01-18.pt.jpg,HS,Mothbot_yolo11m_4500_imgsz1600_b1_2024-01-18.pt,0.38626009225845337,,grisMejua,Cerro_Hoya_Expedition/Hoya_606m_grisMejua_2025-01-26/2025-01-26/patches/grisMejua_2025_01_26__21_45_06_HDR0_2_Mothbot_yolo11m_4500_imgsz1600_b1_2024-01-18.pt.jpg,ORDER_Diptera,2025-01-26,21:45:06,,2025_01_26__21_45_06,MachineObservation,Cerro_Hoya_Expedition_Hoya_606m_grisMejua_2025-01-26_2025-01-26,Cerro_Hoya_Expedition_Hoya_606m_grisMejua_2025-01-26,grisMejua_2025_01_26__21_45_06_HDR0.jpg,grisMejua_2025_01_26__21_45_06_HDR0_2_Mothbot_yolo11m_4500_imgsz1600_b1_2024-01-18.pt.jpg
doi.org10.15468dl.6nxkw6.csv,Animalia,Arthropoda,Insecta,Diptera,,,,,811,,Diptera,Diptera,Cerro_Hoya_Expedition_Hoya_606m_grisMejua_2025-01-26,grisMejua_2025_01_26__21_45_06_HDR0_3_Mothbot_yolo11m_4500_imgsz1600_b1_2024-01-18.pt.jpg,HS,Mothbot_yolo11m_4500_imgsz1600_b1_2024-01-18.pt,0.3825089931488037,,grisMejua,Cerro_Hoya_Expedition/Hoya_606m_grisMejua_2025-01-26/2025-01-26/patches/grisMejua_2025_01_26__21_45_06_HDR0_3_Mothbot_yolo11m_4500_imgsz1600_b1_2024-01-18.pt.jpg,ORDER_Hymenoptera,2025-01-26,21:45:06,,2025_01_26__21_45_06,MachineObservation,Cerro_Hoya_Expedition_Hoya_606m_grisMejua_2025-01-26_2025-01-26,Cerro_Hoya_Expedition_Hoya_606m_grisMejua_2025-01-26,grisMejua_2025_01_26__21_45_06_HDR0.jpg,grisMejua_2025_01_26__21_45_06_HDR0_3_Mothbot_yolo11m_4500_imgsz1600_b1_2024-01-18.pt.jpg
doi.org10.15468dl.6nxkw6.csv,Animalia,Arthropoda,Insecta,Lepidoptera,,,,,797,,Lepidoptera,Lepidoptera,Cerro_Hoya_Expedition_Hoya_606m_grisMejua_2025-01-26,grisMejua_2025_01_26__21_46_06_HDR0_0_Mothbot_yolo11m_4500_imgsz1600_b1_2024-01-18.pt.jpg,HS,Mothbot_yolo11m_4500_imgsz1600_b1_2024-01-18.pt,0.8141881227493286,,grisMejua,Cerro_Hoya_Expedition/Hoya_606m_grisMejua_2025-01-26/2025-01-26/patches/grisMejua_2025_01_26__21_46_06_HDR0_0_Mothbot_yolo11m_4500_imgsz1600_b1_2024-01-18.pt.jpg,ORDER_Lepidoptera,2025-01-26,21:46:06,,2025_01_26__21_46_06,MachineObservation,Cerro_Hoya_Expedition_Hoya_606m_grisMejua_2025-01-26_2025-01-26,Cerro_Hoya_Expedition_Hoya_606m_grisMejua_2025-01-26,grisMejua_2025_01_26__21_46_06_HDR0.jpg,grisMejua_2025_01_26__21_46_06_HDR0_0_Mothbot_yolo11m_4500_imgsz1600_b1_2024-01-18.pt.jpg
doi.org10.15468dl.6nxkw6.csv,Animalia,Arthropoda,Insecta,Lepidoptera,,,,,797,,Lepidoptera,Lepidoptera,Cerro_Hoya_Expedition_Hoya_606m_grisMejua_2025-01-26,grisMejua_2025_01_26__21_46_06_HDR0_1_Mothbot_yolo11m_4500_imgsz1600_b1_2024-01-18.pt.jpg,HS,Mothbot_yolo11m_4500_imgsz1600_b1_2024-01-18.pt,0.8108108043670654,,grisMejua,Cerro_Hoya_Expedition/Hoya_606m_grisMejua_2025-01-26/2025-01-26/patches/grisMejua_2025_01_26__21_46_06_HDR0_1_Mothbot_yolo11m_4500_imgsz1600_b1_2024-01-18.pt.jpg,ORDER_Lepidoptera,2025-01-26,21:46:06,,2025_01_26__21_46_06,MachineObservation,Cerro_Hoya_Expedition_Hoya_606m_grisMejua_2025-01-26_2025-01-26,Cerro_Hoya_Expedition_Hoya_606m_grisMejua_2025-01-26,grisMejua_2025_01_26__21_46_06_HDR0.jpg,grisMejua_2025_01_26__21_46_06_HDR0_1_Mothbot_yolo11m_4500_imgsz1600_b1_2024-01-18.pt.jpg
doi.org10.15468dl.6nxkw6.csv,Animalia,Arthropoda,Insecta,Diptera,,,,,811,,Diptera,Diptera,Cerro_Hoya_Expedition_Hoya_606m_grisMejua_2025-01-26,grisMejua_2025_01_26__21_46_06_HDR0_2_Mothbot_yolo11m_4500_imgsz1600_b1_2024-01-18.pt.jpg,HS,Mothbot_yolo11m_4500_imgsz1600_b1_2024-01-18.pt,0.647872805595398,,grisMejua,Cerro_Hoya_Expedition/Hoya_606m_grisMejua_2025-01-26/2025-01-26/patches/grisMejua_2025_01_26__21_46_06_HDR0_2_Mothbot_yolo11m_4500_imgsz1600_b1_2024-01-18.pt.jpg,ORDER_Diptera,2025-01-26,21:46:06,,2025_01_26__21_46_06,MachineObservation,Cerro_Hoya_Expedition_Hoya_606m_grisMejua_2025-01-26_2025-01-26,Cerro_Hoya_Expedition_Hoya_606m_grisMejua_2025-01-26,grisMejua_2025_01_26__21_46_06_HDR0.jpg,grisMejua_2025_01_26__21_46_06_HDR0_2_Mothbot_yolo11m_4500_imgsz1600_b1_2024-01-18.pt.jpg
doi.org10.15468dl.6nxkw6.csv,Animalia,Arthropoda,Insecta,Diptera,,,,,811,,Diptera,Diptera,Cerro_Hoya_Expedition_Hoya_606m_grisMejua_2025-01-26,grisMejua_2025_01_26__21_46_06_HDR0_3_Mothbot_yolo11m_4500_imgsz1600_b1_2024-01-18.pt.jpg,HS,Mothbot_yolo11m_4500_imgsz1600_b1_2024-01-18.pt,0.6187196969985962,,grisMejua,Cerro_Hoya_Expedition/Hoya_606m_grisMejua_2025-01-26/2025-01-26/patches/grisMejua_2025_01_26__21_46_06_HDR0_3_Mothbot_yolo11m_4500_imgsz1600_b1_2024-01-18.pt.jpg,ORDER_Diptera,2025-01-26,21:46:06,,2025_01_26__21_46_06,MachineObservation,Cerro_Hoya_Expedition_Hoya_606m_grisMejua_2025-01-26_2025-01-26,Cerro_Hoya_Expedition_Hoya_606m_grisMejua_2025-01-26,grisMejua_2025_01_26__21_46_06_HDR0.jpg,grisMejua_2025_01_26__21_46_06_HDR0_3_Mothbot_yolo11m_4500_imgsz1600_b1_2024-01-18.pt.jpg
doi.org10.15468dl.6nxkw6.csv,Animalia,Arthropoda,Insecta,Hemiptera,,,,,809,,Hemiptera,Hemiptera,Cerro_Hoya_Expedition_Hoya_606m_grisMejua_2025-01-26,grisMejua_2025_01_26__21_46_06_HDR0_4_Mothbot_yolo11m_4500_imgsz1600_b1_2024-01-18.pt.jpg,HS,Mothbot_yolo11m_4500_imgsz1600_b1_2024-01-18.pt,0.6184553503990173,,grisMejua,Cerro_Hoya_Expedition/Hoya_606m_grisMejua_2025-01-26/2025-01-26/patches/grisMejua_2025_01_26__21_46_06_HDR0_4_Mothbot_yolo11m_4500_imgsz1600_b1_2024-01-18.pt.jpg,ORDER_Hemiptera,2025-01-26,21:46:06,,2025_01_26__21_46_06,MachineObservation,Cerro_Hoya_Expedition_Hoya_606m_grisMejua_2025-01-26_2025-01-26,Cerro_Hoya_Expedition_Hoya_606m_grisMejua_2025-01-26,grisMejua_2025_01_26__21_46_06_HDR0.jpg,grisMejua_2025_01_26__21_46_06_HDR0_4_Mothbot_yolo11m_4500_imgsz1600_b1_2024-01-18.pt.jpg
doi.org10.15468dl.6nxkw6.csv,Animalia,Arthropoda,Insecta,Diptera,,,,,811,,Diptera,Diptera,Cerro_Hoya_Expedition_Hoya_606m_grisMejua_2025-01-26,grisMejua_2025_01_26__21_46_06_HDR0_5_Mothbot_yolo11m_4500_imgsz1600_b1_2024-01-18.pt.jpg,HS,Mothbot_yolo11m_4500_imgsz1600_b1_2024-01-18.pt,0.4922385811805725,,grisMejua,Cerro_Hoya_Expedition/Hoya_606m_grisMejua_2025-01-26/2025-01-26/patches/grisMejua_2025_01_26__21_46_06_HDR0_5_Mothbot_yolo11m_4500_imgsz1600_b1_2024-01-18.pt.jpg,ORDER_Diptera,2025-01-26,21:46:06,,2025_01_26__21_46_06,MachineObservation,Cerro_Hoya_Expedition_Hoya_606m_grisMejua_2025-01-26_2025-01-26,Cerro_Hoya_Expedition_Hoya_606m_grisMejua_2025-01-26,grisMejua_2025_01_26__21_46_06_HDR0.jpg,grisMejua_2025_01_26__21_46_06_HDR0_5_Mothbot_yolo11m_4500_imgsz1600_b1_2024-01-18.pt.jpg
doi.org10.15468dl.6nxkw6.csv,Animalia,Arthropoda,Insecta,,,,,,216,,Insecta,Insecta,Cerro_Hoya_Expedition_Hoya_606m_grisMejua_2025-01-26,grisMejua_2025_01_26__21_46_06_HDR0_6_Mothbot_yolo11m_4500_imgsz1600_b1_2024-01-18.pt.jpg,HS,Mothbot_yolo11m_4500_imgsz1600_b1_2024-01-18.pt,0.3465040624141693,,grisMejua,Cerro_Hoya_Expedition/Hoya_606m_grisMejua_2025-01-26/2025-01-26/patches/grisMejua_2025_01_26__21_46_06_HDR0_6_Mothbot_yolo11m_4500_imgsz1600_b1_2024-01-18.pt.jpg,ORDER_Diptera,2025-01-26,21:46:06,,2025_01_26__21_46_06,MachineObservation,Cerro_Hoya_Expedition_Hoya_606m_grisMejua_2025-01-26_2025-01-26,Cerro_Hoya_Expedition_Hoya_606m_grisMejua_2025-01-26,grisMejua_2025_01_26__21_46_06_HDR0.jpg,grisMejua_2025_01_26__21_46_06_HDR0_6_Mothbot_yolo11m_4500_imgsz1600_b1_2024-01-18.pt.jpg
doi.org10.15468dl.6nxkw6.csv,Animalia,Arthropoda,Insecta,Diptera,,,,,811,,Diptera,Diptera,Cerro_Hoya_Expedition_Hoya_606m_grisMejua_2025-01-26,grisMejua_2025_01_26__21_46_06_HDR0_7_Mothbot_yolo11m_4500_imgsz1600_b1_2024-01-18.pt.jpg,HS,Mothbot_yolo11m_4500_imgsz1600_b1_2024-01-18.pt,0.3396878242492676,,grisMejua,Cerro_Hoya_Expedition/Hoya_606m_grisMejua_2025-01-26/2025-01-26/patches/grisMejua_2025_01_26__21_46_06_HDR0_7_Mothbot_yolo11m_4500_imgsz1600_b1_2024-01-18.pt.jpg,ORDER_Diptera,2025-01-26,21:46:06,,2025_01_26__21_46_06,MachineObservation,Cerro_Hoya_Expedition_Hoya_606m_grisMejua_2025-01-26_2025-01-26,Cerro_Hoya_Expedition_Hoya_606m_grisMejua_2025-01-26,grisMejua_2025_01_26__21_46_06_HDR0.jpg,grisMejua_2025_01_26__21_46_06_HDR0_7_Mothbot_yolo11m_4500_imgsz1600_b1_2024-01-18.pt.jpg
doi.org10.15468dl.6nxkw6.csv,Animalia,Arthropoda,Insecta,Hemiptera,,,,,809,,Hemiptera,Hemiptera,Cerro_Hoya_Expedition_Hoya_606m_grisMejua_2025-01-26,grisMejua_2025_01_26__21_47_05_HDR0_0_Mothbot_yolo11m_4500_imgsz1600_b1_2024-01-18.pt.jpg,HS,Mothbot_yolo11m_4500_imgsz1600_b1_2024-01-18.pt,0.6485371589660645,,grisMejua,Cerro_Hoya_Expedition/Hoya_606m_grisMejua_2025-01-26/2025-01-26/patches/grisMejua_2025_01_26__21_47_05_HDR0_0_Mothbot_yolo11m_4500_imgsz1600_b1_2024-01-18.pt.jpg,ORDER_Hemiptera,2025-01-26,21:47:05,,2025_01_26__21_47_05,MachineObservation,Cerro_Hoya_Expedition_Hoya_606m_grisMejua_2025-01-26_2025-01-26,Cerro_Hoya_Expedition_Hoya_606m_grisMejua_2025-01-26,grisMejua_2025_01_26__21_47_05_HDR0.jpg,grisMejua_2025_01_26__21_47_05_HDR0_0_Mothbot_yolo11m_4500_imgsz1600_b1_2024-01-18.pt.jpg
doi.org10.15468dl.6nxkw6.csv,Animalia,Arthropoda,Insecta,Lepidoptera,,,,,797,,Lepidoptera,Lepidoptera,Cerro_Hoya_Expedition_Hoya_606m_grisMejua_2025-01-26,grisMejua_2025_01_26__21_47_05_HDR0_1_Mothbot_yolo11m_4500_imgsz1600_b1_2024-01-18.pt.jpg,HS,Mothbot_yolo11m_4500_imgsz1600_b1_2024-01-18.pt,0.6007614731788635,,grisMejua,Cerro_Hoya_Expedition/Hoya_606m_grisMejua_2025-01-26/2025-01-26/patches/grisMejua_2025_01_26__21_47_05_HDR0_1_Mothbot_yolo11m_4500_imgsz1600_b1_2024-01-18.pt.jpg,ORDER_Diptera,2025-01-26,21:47:05,,2025_01_26__21_47_05,MachineObservation,Cerro_Hoya_Expedition_Hoya_606m_grisMejua_2025-01-26_2025-01-26,Cerro_Hoya_Expedition_Hoya_606m_grisMejua_2025-01-26,grisMejua_2025_01_26__21_47_05_HDR0.jpg,grisMejua_2025_01_26__21_47_05_HDR0_1_Mothbot_yolo11m_4500_imgsz1600_b1_2024-01-18.pt.jpg
doi.org10.15468dl.6nxkw6.csv,Animalia,Arthropoda,Insecta,Diptera,,,,,811,,Diptera,Diptera,Cerro_Hoya_Expedition_Hoya_606m_grisMejua_2025-01-26,grisMejua_2025_01_26__21_47_05_HDR0_2_Mothbot_yolo11m_4500_imgsz1600_b1_2024-01-18.pt.jpg,HS,Mothbot_yolo11m_4500_imgsz1600_b1_2024-01-18.pt,0.5949355363845825,,grisMejua,Cerro_Hoya_Expedition/Hoya_606m_grisMejua_2025-01-26/2025-01-26/patches/grisMejua_2025_01_26__21_47_05_HDR0_2_Mothbot_yolo11m_4500_imgsz1600_b1_2024-01-18.pt.jpg,ORDER_Hemiptera,2025-01-26,21:47:05,,2025_01_26__21_47_05,MachineObservation,Cerro_Hoya_Expedition_Hoya_606m_grisMejua_2025-01-26_2025-01-26,Cerro_Hoya_Expedition_Hoya_606m_grisMejua_2025-01-26,grisMejua_2025_01_26__21_47_05_HDR0.jpg,grisMejua_2025_01_26__21_47_05_HDR0_2_Mothbot_yolo11m_4500_imgsz1600_b1_2024-01-18.pt.jpg
doi.org10.15468dl.6nxkw6.csv,Animalia,Arthropoda,Insecta,Diptera,,,,,811,,Diptera,Diptera,Cerro_Hoya_Expedition_Hoya_606m_grisMejua_2025-01-26,grisMejua_2025_01_26__21_47_05_HDR0_3_Mothbot_yolo11m_4500_imgsz1600_b1_2024-01-18.pt.jpg,HS,Mothbot_yolo11m_4500_imgsz1600_b1_2024-01-18.pt,0.5870630145072937,,grisMejua,Cerro_Hoya_Expedition/Hoya_606m_grisMejua_2025-01-26/2025-01-26/patches/grisMejua_2025_01_26__21_47_05_HDR0_3_Mothbot_yolo11m_4500_imgsz1600_b1_2024-01-18.pt.jpg,ORDER_Diptera,2025-01-26,21:47:05,,2025_01_26__21_47_05,MachineObservation,Cerro_Hoya_Expedition_Hoya_606m_grisMejua_2025-01-26_2025-01-26,Cerro_Hoya_Expedition_Hoya_606m_grisMejua_2025-01-26,grisMejua_2025_01_26__21_47_05_HDR0.jpg,grisMejua_2025_01_26__21_47_05_HDR0_3_Mothbot_yolo11m_4500_imgsz1600_b1_2024-01-18.pt.jpg
doi.org10.15468dl.6nxkw6.csv,Animalia,Arthropoda,Insecta,,,,,,216,,Insecta,Insecta,Cerro_Hoya_Expedition_Hoya_606m_grisMejua_2025-01-26,grisMejua_2025_01_26__21_47_05_HDR0_4_Mothbot_yolo11m_4500_imgsz1600_b1_2024-01-18.pt.jpg,HS,Mothbot_yolo11m_4500_imgsz1600_b1_2024-01-18.pt,0.39022698998451233,,grisMejua,Cerro_Hoya_Expedition/Hoya_606m_grisMejua_2025-01-26/2025-01-26/patches/grisMejua_2025_01_26__21_47_05_HDR0_4_Mothbot_yolo11m_4500_imgsz1600_b1_2024-01-18.pt.jpg,ORDER_Diptera,2025-01-26,21:47:05,,2025_01_26__21_47_05,MachineObservation,Cerro_Hoya_Expedition_Hoya_606m_grisMejua_2025-01-26_2025-01-26,Cerro_Hoya_Expedition_Hoya_606m_grisMejua_2025-01-26,grisMejua_2025_01_26__21_47_05_HDR0.jpg,grisMejua_2025_01_26__21_47_05_HDR0_4_Mothbot_yolo11m_4500_imgsz1600_b1_2024-01-18.pt.jpg
doi.org10.15468dl.6nxkw6.csv,Animalia,Arthropoda,Insecta,Hemiptera,,,,,809,,Hemiptera,Hemiptera,Cerro_Hoya_Expedition_Hoya_606m_grisMejua_2025-01-26,grisMejua_2025_01_26__21_48_06_HDR0_0_Mothbot_yolo11m_4500_imgsz1600_b1_2024-01-18.pt.jpg,HS,Mothbot_yolo11m_4500_imgsz1600_b1_2024-01-18.pt,0.6441885828971863,,grisMejua,Cerro_Hoya_Expedition/Hoya_606m_grisMejua_2025-01-26/2025-01-26/patches/grisMejua_2025_01_26__21_48_06_HDR0_0_Mothbot_yolo11m_4500_imgsz1600_b1_2024-01-18.pt.jpg,ORDER_Hemiptera,2025-01-26,21:48:06,,2025_01_26__21_48_06,MachineObservation,Cerro_Hoya_Expedition_Hoya_606m_grisMejua_2025-01-26_2025-01-26,Cerro_Hoya_Expedition_Hoya_606m_grisMejua_2025-01-26,grisMejua_2025_01_26__21_48_06_HDR0.jpg,grisMejua_2025_01_26__21_48_06_HDR0_0_Mothbot_yolo11m_4500_imgsz1600_b1_2024-01-18.pt.jpg
doi.org10.15468dl.6nxkw6.csv,Animalia,Arthropoda,Insecta,Diptera,,,,,811,,Diptera,Diptera,Cerro_Hoya_Expedition_Hoya_606m_grisMejua_2025-01-26,grisMejua_2025_01_26__21_48_06_HDR0_1_Mothbot_yolo11m_4500_imgsz1600_b1_2024-01-18.pt.jpg,HS,Mothbot_yolo11m_4500_imgsz1600_b1_2024-01-18.pt,0.6049225926399231,,grisMejua,Cerro_Hoya_Expedition/Hoya_606m_grisMejua_2025-01-26/2025-01-26/patches/grisMejua_2025_01_26__21_48_06_HDR0_1_Mothbot_yolo11m_4500_imgsz1600_b1_2024-01-18.pt.jpg,ORDER_Diptera,2025-01-26,21:48:06,,2025_01_26__21_48_06,MachineObservation,Cerro_Hoya_Expedition_Hoya_606m_grisMejua_2025-01-26_2025-01-26,Cerro_Hoya_Expedition_Hoya_606m_grisMejua_2025-01-26,grisMejua_2025_01_26__21_48_06_HDR0.jpg,grisMejua_2025_01_26__21_48_06_HDR0_1_Mothbot_yolo11m_4500_imgsz1600_b1_2024-01-18.pt.jpg
doi.org10.15468dl.6nxkw6.csv,Animalia,Arthropoda,Insecta,Diptera,,,,,811,,Diptera,Diptera,Cerro_Hoya_Expedition_Hoya_606m_grisMejua_2025-01-26,grisMejua_2025_01_26__21_48_06_HDR0_2_Mothbot_yolo11m_4500_imgsz1600_b1_2024-01-18.pt.jpg,HS,Mothbot_yolo11m_4500_imgsz1600_b1_2024-01-18.pt,0.2575812041759491,,grisMejua,Cerro_Hoya_Expedition/Hoya_606m_grisMejua_2025-01-26/2025-01-26/patches/grisMejua_2025_01_26__21_48_06_HDR0_2_Mothbot_yolo11m_4500_imgsz1600_b1_2024-01-18.pt.jpg,ORDER_Hemiptera,2025-01-26,21:48:06,,2025_01_26__21_48_06,MachineObservation,Cerro_Hoya_Expedition_Hoya_606m_grisMejua_2025-01-26_2025-01-26,Cerro_Hoya_Expedition_Hoya_606m_grisMejua_2025-01-26,grisMejua_2025_01_26__21_48_06_HDR0.jpg,grisMejua_2025_01_26__21_48_06_HDR0_2_Mothbot_yolo11m_4500_imgsz1600_b1_2024-01-18.pt.jpg
doi.org10.15468dl.6nxkw6.csv,Animalia,Arthropoda,Insecta,Lepidoptera,,,,,797,,Lepidoptera,Lepidoptera,Cerro_Hoya_Expedition_Hoya_606m_grisMejua_2025-01-26,grisMejua_2025_01_26__21_49_06_HDR0_0_Mothbot_yolo11m_4500_imgsz1600_b1_2024-01-18.pt.jpg,HS,Mothbot_yolo11m_4500_imgsz1600_b1_2024-01-18.pt,0.8516677618026733,,grisMejua,Cerro_Hoya_Expedition/Hoya_606m_grisMejua_2025-01-26/2025-01-26/patches/grisMejua_2025_01_26__21_49_06_HDR0_0_Mothbot_yolo11m_4500_imgsz1600_b1_2024-01-18.pt.jpg,ORDER_Lepidoptera,2025-01-26,21:49:06,,2025_01_26__21_49_06,MachineObservation,Cerro_Hoya_Expedition_Hoya_606m_grisMejua_2025-01-26_2025-01-26,Cerro_Hoya_Expedition_Hoya_606m_grisMejua_2025-01-26,grisMejua_2025_01_26__21_49_06_HDR0.jpg,grisMejua_2025_01_26__21_49_06_HDR0_0_Mothbot_yolo11m_4500_imgsz1600_b1_2024-01-18.pt.jpg
doi.org10.15468dl.6nxkw6.csv,Animalia,Arthropoda,Insecta,Lepidoptera,,,,,797,,Lepidoptera,Lepidoptera,Cerro_Hoya_Expedition_Hoya_606m_grisMejua_2025-01-26,grisMejua_2025_01_26__21_49_06_HDR0_1_Mothbot_yolo11m_4500_imgsz1600_b1_2024-01-18.pt.jpg,HS,Mothbot_yolo11m_4500_imgsz1600_b1_2024-01-18.pt,0.8078879117965698,,grisMejua,Cerro_Hoya_Expedition/Hoya_606m_grisMejua_2025-01-26/2025-01-26/patches/grisMejua_2025_01_26__21_49_06_HDR0_1_Mothbot_yolo11m_4500_imgsz1600_b1_2024-01-18.pt.jpg,ORDER_Lepidoptera,2025-01-26,21:49:06,,2025_01_26__21_49_06,MachineObservation,Cerro_Hoya_Expedition_Hoya_606m_grisMejua_2025-01-26_2025-01-26,Cerro_Hoya_Expedition_Hoya_606m_grisMejua_2025-01-26,grisMejua_2025_01_26__21_49_06_HDR0.jpg,grisMejua_2025_01_26__21_49_06_HDR0_1_Mothbot_yolo11m_4500_imgsz1600_b1_2024-01-18.pt.jpg
doi.org10.15468dl.6nxkw6.csv,Animalia,Arthropoda,Insecta,Diptera,,,,,811,,Diptera,Diptera,Cerro_Hoya_Expedition_Hoya_606m_grisMejua_2025-01-26,grisMejua_2025_01_26__21_49_06_HDR0_2_Mothbot_yolo11m_4500_imgsz1600_b1_2024-01-18.pt.jpg,HS,Mothbot_yolo11m_4500_imgsz1600_b1_2024-01-18.pt,0.6416967511177063,,grisMejua,Cerro_Hoya_Expedition/Hoya_606m_grisMejua_2025-01-26/2025-01-26/patches/grisMejua_2025_01_26__21_49_06_HDR0_2_Mothbot_yolo11m_4500_imgsz1600_b1_2024-01-18.pt.jpg,ORDER_Diptera,2025-01-26,21:49:06,,2025_01_26__21_49_06,MachineObservation,Cerro_Hoya_Expedition_Hoya_606m_grisMejua_2025-01-26_2025-01-26,Cerro_Hoya_Expedition_Hoya_606m_grisMejua_2025-01-26,grisMejua_2025_01_26__21_49_06_HDR0.jpg,grisMejua_2025_01_26__21_49_06_HDR0_2_Mothbot_yolo11m_4500_imgsz1600_b1_2024-01-18.pt.jpg
doi.org10.15468dl.6nxkw6.csv,Animalia,Arthropoda,Insecta,Diptera,,,,,811,,Diptera,Diptera,Cerro_Hoya_Expedition_Hoya_606m_grisMejua_2025-01-26,grisMejua_2025_01_26__21_49_06_HDR0_3_Mothbot_yolo11m_4500_imgsz1600_b1_2024-01-18.pt.jpg,HS,Mothbot_yolo11m_4500_imgsz1600_b1_2024-01-18.pt,0.26257815957069397,,grisMejua,Cerro_Hoya_Expedition/Hoya_606m_grisMejua_2025-01-26/2025-01-26/patches/grisMejua_2025_01_26__21_49_06_HDR0_3_Mothbot_yolo11m_4500_imgsz1600_b1_2024-01-18.pt.jpg,ORDER_Diptera,2025-01-26,21:49:06,,2025_01_26__21_49_06,MachineObservation,Cerro_Hoya_Expedition_Hoya_606m_grisMejua_2025-01-26_2025-01-26,Cerro_Hoya_Expedition_Hoya_606m_grisMejua_2025-01-26,grisMejua_2025_01_26__21_49_06_HDR0.jpg,grisMejua_2025_01_26__21_49_06_HDR0_3_Mothbot_yolo11m_4500_imgsz1600_b1_2024-01-18.pt.jpg
doi.org10.15468dl.6nxkw6.csv,Animalia,Arthropoda,Insecta,Lepidoptera,,,,,797,,Lepidoptera,Lepidoptera,Cerro_Hoya_Expedition_Hoya_606m_grisMejua_2025-01-26,grisMejua_2025_01_26__21_50_22_HDR0_0_Mothbot_yolo11m_4500_imgsz1600_b1_2024-01-18.pt.jpg,HS,Mothbot_yolo11m_4500_imgsz1600_b1_2024-01-18.pt,0.8540584444999695,,grisMejua,Cerro_Hoya_Expedition/Hoya_606m_grisMejua_2025-01-26/2025-01-26/patches/grisMejua_2025_01_26__21_50_22_HDR0_0_Mothbot_yolo11m_4500_imgsz1600_b1_2024-01-18.pt.jpg,ORDER_Lepidoptera,2025-01-26,21:50:22,,2025_01_26__21_50_22,MachineObservation,Cerro_Hoya_Expedition_Hoya_606m_grisMejua_2025-01-26_2025-01-26,Cerro_Hoya_Expedition_Hoya_606m_grisMejua_2025-01-26,grisMejua_2025_01_26__21_50_22_HDR0.jpg,grisMejua_2025_01_26__21_50_22_HDR0_0_Mothbot_yolo11m_4500_imgsz1600_b1_2024-01-18.pt.jpg
doi.org10.15468dl.6nxkw6.csv,Animalia,Arthropoda,Insecta,Diptera,,,,,811,,Diptera,Diptera,Cerro_Hoya_Expedition_Hoya_606m_grisMejua_2025-01-26,grisMejua_2025_01_26__21_50_22_HDR0_1_Mothbot_yolo11m_4500_imgsz1600_b1_2024-01-18.pt.jpg,HS,Mothbot_yolo11m_4500_imgsz1600_b1_2024-01-18.pt,0.7229111194610596,,grisMejua,Cerro_Hoya_Expedition/Hoya_606m_grisMejua_2025-01-26/2025-01-26/patches/grisMejua_2025_01_26__21_50_22_HDR0_1_Mothbot_yolo11m_4500_imgsz1600_b1_2024-01-18.pt.jpg,ORDER_Diptera,2025-01-26,21:50:22,,2025_01_26__21_50_22,MachineObservation,Cerro_Hoya_Expedition_Hoya_606m_grisMejua_2025-01-26_2025-01-26,Cerro_Hoya_Expedition_Hoya_606m_grisMejua_2025-01-26,grisMejua_2025_01_26__21_50_22_HDR0.jpg,grisMejua_2025_01_26__21_50_22_HDR0_1_Mothbot_yolo11m_4500_imgsz1600_b1_2024-01-18.pt.jpg
doi.org10.15468dl.6nxkw6.csv,Animalia,Arthropoda,Insecta,Diptera,,,,,811,,Diptera,Diptera,Cerro_Hoya_Expedition_Hoya_606m_grisMejua_2025-01-26,grisMejua_2025_01_26__21_50_22_HDR0_2_Mothbot_yolo11m_4500_imgsz1600_b1_2024-01-18.pt.jpg,HS,Mothbot_yolo11m_4500_imgsz1600_b1_2024-01-18.pt,0.34801754355430603,,grisMejua,Cerro_Hoya_Expedition/Hoya_606m_grisMejua_2025-01-26/2025-01-26/patches/grisMejua_2025_01_26__21_50_22_HDR0_2_Mothbot_yolo11m_4500_imgsz1600_b1_2024-01-18.pt.jpg,ORDER_Hemiptera,2025-01-26,21:50:22,,2025_01_26__21_50_22,MachineObservation,Cerro_Hoya_Expedition_Hoya_606m_grisMejua_2025-01-26_2025-01-26,Cerro_Hoya_Expedition_Hoya_606m_grisMejua_2025-01-26,grisMejua_2025_01_26__21_50_22_HDR0.jpg,grisMejua_2025_01_26__21_50_22_HDR0_2_Mothbot_yolo11m_4500_imgsz1600_b1_2024-01-18.pt.jpg
doi.org10.15468dl.6nxkw6.csv,Animalia,Arthropoda,Insecta,,,,,,216,,Insecta,Insecta,Cerro_Hoya_Expedition_Hoya_606m_grisMejua_2025-01-26,grisMejua_2025_01_26__21_50_22_HDR0_3_Mothbot_yolo11m_4500_imgsz1600_b1_2024-01-18.pt.jpg,HS,Mothbot_yolo11m_4500_imgsz1600_b1_2024-01-18.pt,0.2645816206932068,,grisMejua,Cerro_Hoya_Expedition/Hoya_606m_grisMejua_2025-01-26/2025-01-26/patches/grisMejua_2025_01_26__21_50_22_HDR0_3_Mothbot_yolo11m_4500_imgsz1600_b1_2024-01-18.pt.jpg,ORDER_Lepidoptera,2025-01-26,21:50:22,,2025_01_26__21_50_22,MachineObservation,Cerro_Hoya_Expedition_Hoya_606m_grisMejua_2025-01-26_2025-01-26,Cerro_Hoya_Expedition_Hoya_606m_grisMejua_2025-01-26,grisMejua_2025_01_26__21_50_22_HDR0.jpg,grisMejua_2025_01_26__21_50_22_HDR0_3_Mothbot_yolo11m_4500_imgsz1600_b1_2024-01-18.pt.jpg
doi.org10.15468dl.6nxkw6.csv,Animalia,Arthropoda,Insecta,,,,,,216,,Insecta,Insecta,Cerro_Hoya_Expedition_Hoya_606m_grisMejua_2025-01-26,grisMejua_2025_01_26__21_52_06_HDR0_0_Mothbot_yolo11m_4500_imgsz1600_b1_2024-01-18.pt.jpg,HS,Mothbot_yolo11m_4500_imgsz1600_b1_2024-01-18.pt,0.49283745884895325,,grisMejua,Cerro_Hoya_Expedition/Hoya_606m_grisMejua_2025-01-26/2025-01-26/patches/grisMejua_2025_01_26__21_52_06_HDR0_0_Mothbot_yolo11m_4500_imgsz1600_b1_2024-01-18.pt.jpg,ORDER_Hemiptera,2025-01-26,21:52:06,,2025_01_26__21_52_06,MachineObservation,Cerro_Hoya_Expedition_Hoya_606m_grisMejua_2025-01-26_2025-01-26,Cerro_Hoya_Expedition_Hoya_606m_grisMejua_2025-01-26,grisMejua_2025_01_26__21_52_06_HDR0.jpg,grisMejua_2025_01_26__21_52_06_HDR0_0_Mothbot_yolo11m_4500_imgsz1600_b1_2024-01-18.pt.jpg
doi.org10.15468dl.6nxkw6.csv,Animalia,Arthropoda,Insecta,Diptera,,,,,811,,Diptera,Diptera,Cerro_Hoya_Expedition_Hoya_606m_grisMejua_2025-01-26,grisMejua_2025_01_26__21_52_06_HDR0_1_Mothbot_yolo11m_4500_imgsz1600_b1_2024-01-18.pt.jpg,HS,Mothbot_yolo11m_4500_imgsz1600_b1_2024-01-18.pt,0.2998954951763153,,grisMejua,Cerro_Hoya_Expedition/Hoya_606m_grisMejua_2025-01-26/2025-01-26/patches/grisMejua_2025_01_26__21_52_06_HDR0_1_Mothbot_yolo11m_4500_imgsz1600_b1_2024-01-18.pt.jpg,ORDER_Hymenoptera,2025-01-26,21:52:06,,2025_01_26__21_52_06,MachineObservation,Cerro_Hoya_Expedition_Hoya_606m_grisMejua_2025-01-26_2025-01-26,Cerro_Hoya_Expedition_Hoya_606m_grisMejua_2025-01-26,grisMejua_2025_01_26__21_52_06_HDR0.jpg,grisMejua_2025_01_26__21_52_06_HDR0_1_Mothbot_yolo11m_4500_imgsz1600_b1_2024-01-18.pt.jpg
doi.org10.15468dl.6nxkw6.csv,Animalia,Arthropoda,Insecta,Diptera,,,,,811,,Diptera,Diptera,Cerro_Hoya_Expedition_Hoya_606m_grisMejua_2025-01-26,grisMejua_2025_01_26__21_53_06_HDR0_0_Mothbot_yolo11m_4500_imgsz1600_b1_2024-01-18.pt.jpg,HS,Mothbot_yolo11m_4500_imgsz1600_b1_2024-01-18.pt,0.7034640908241272,,grisMejua,Cerro_Hoya_Expedition/Hoya_606m_grisMejua_2025-01-26/2025-01-26/patches/grisMejua_2025_01_26__21_53_06_HDR0_0_Mothbot_yolo11m_4500_imgsz1600_b1_2024-01-18.pt.jpg,ORDER_Coleoptera,2025-01-26,21:53:06,,2025_01_26__21_53_06,MachineObservation,Cerro_Hoya_Expedition_Hoya_606m_grisMejua_2025-01-26_2025-01-26,Cerro_Hoya_Expedition_Hoya_606m_grisMejua_2025-01-26,grisMejua_2025_01_26__21_53_06_HDR0.jpg,grisMejua_2025_01_26__21_53_06_HDR0_0_Mothbot_yolo11m_4500_imgsz1600_b1_2024-01-18.pt.jpg
doi.org10.15468dl.6nxkw6.csv,Animalia,Arthropoda,Insecta,Lepidoptera,,,,,797,,Lepidoptera,Lepidoptera,Cerro_Hoya_Expedition_Hoya_606m_grisMejua_2025-01-26,grisMejua_2025_01_26__21_53_06_HDR0_1_Mothbot_yolo11m_4500_imgsz1600_b1_2024-01-18.pt.jpg,HS,Mothbot_yolo11m_4500_imgsz1600_b1_2024-01-18.pt,0.5972294807434082,,grisMejua,Cerro_Hoya_Expedition/Hoya_606m_grisMejua_2025-01-26/2025-01-26/patches/grisMejua_2025_01_26__21_53_06_HDR0_1_Mothbot_yolo11m_4500_imgsz1600_b1_2024-01-18.pt.jpg,ORDER_Lepidoptera,2025-01-26,21:53:06,,2025_01_26__21_53_06,MachineObservation,Cerro_Hoya_Expedition_Hoya_606m_grisMejua_2025-01-26_2025-01-26,Cerro_Hoya_Expedition_Hoya_606m_grisMejua_2025-01-26,grisMejua_2025_01_26__21_53_06_HDR0.jpg,grisMejua_2025_01_26__21_53_06_HDR0_1_Mothbot_yolo11m_4500_imgsz1600_b1_2024-01-18.pt.jpg
doi.org10.15468dl.6nxkw6.csv,Animalia,Arthropoda,Insecta,Hemiptera,,,,,809,,Hemiptera,Hemiptera,Cerro_Hoya_Expedition_Hoya_606m_grisMejua_2025-01-26,grisMejua_2025_01_26__21_53_06_HDR0_2_Mothbot_yolo11m_4500_imgsz1600_b1_2024-01-18.pt.jpg,HS,Mothbot_yolo11m_4500_imgsz1600_b1_2024-01-18.pt,0.5428079962730408,,grisMejua,Cerro_Hoya_Expedition/Hoya_606m_grisMejua_2025-01-26/2025-01-26/patches/grisMejua_2025_01_26__21_53_06_HDR0_2_Mothbot_yolo11m_4500_imgsz1600_b1_2024-01-18.pt.jpg,ORDER_Diptera,2025-01-26,21:53:06,,2025_01_26__21_53_06,MachineObservation,Cerro_Hoya_Expedition_Hoya_606m_grisMejua_2025-01-26_2025-01-26,Cerro_Hoya_Expedition_Hoya_606m_grisMejua_2025-01-26,grisMejua_2025_01_26__21_53_06_HDR0.jpg,grisMejua_2025_01_26__21_53_06_HDR0_2_Mothbot_yolo11m_4500_imgsz1600_b1_2024-01-18.pt.jpg
doi.org10.15468dl.6nxkw6.csv,Animalia,Arthropoda,Insecta,Diptera,,,,,811,,Diptera,Diptera,Cerro_Hoya_Expedition_Hoya_606m_grisMejua_2025-01-26,grisMejua_2025_01_26__21_53_06_HDR0_3_Mothbot_yolo11m_4500_imgsz1600_b1_2024-01-18.pt.jpg,HS,Mothbot_yolo11m_4500_imgsz1600_b1_2024-01-18.pt,0.5232498645782471,,grisMejua,Cerro_Hoya_Expedition/Hoya_606m_grisMejua_2025-01-26/2025-01-26/patches/grisMejua_2025_01_26__21_53_06_HDR0_3_Mothbot_yolo11m_4500_imgsz1600_b1_2024-01-18.pt.jpg,ORDER_Diptera,2025-01-26,21:53:06,,2025_01_26__21_53_06,MachineObservation,Cerro_Hoya_Expedition_Hoya_606m_grisMejua_2025-01-26_2025-01-26,Cerro_Hoya_Expedition_Hoya_606m_grisMejua_2025-01-26,grisMejua_2025_01_26__21_53_06_HDR0.jpg,grisMejua_2025_01_26__21_53_06_HDR0_3_Mothbot_yolo11m_4500_imgsz1600_b1_2024-01-18.pt.jpg
doi.org10.15468dl.6nxkw6.csv,Animalia,Arthropoda,Insecta,Diptera,,,,,811,,Diptera,Diptera,Cerro_Hoya_Expedition_Hoya_606m_grisMejua_2025-01-26,grisMejua_2025_01_26__21_54_06_HDR0_0_Mothbot_yolo11m_4500_imgsz1600_b1_2024-01-18.pt.jpg,HS,Mothbot_yolo11m_4500_imgsz1600_b1_2024-01-18.pt,0.6891947388648987,,grisMejua,Cerro_Hoya_Expedition/Hoya_606m_grisMejua_2025-01-26/2025-01-26/patches/grisMejua_2025_01_26__21_54_06_HDR0_0_Mothbot_yolo11m_4500_imgsz1600_b1_2024-01-18.pt.jpg,ORDER_Diptera,2025-01-26,21:54:06,,2025_01_26__21_54_06,MachineObservation,Cerro_Hoya_Expedition_Hoya_606m_grisMejua_2025-01-26_2025-01-26,Cerro_Hoya_Expedition_Hoya_606m_grisMejua_2025-01-26,grisMejua_2025_01_26__21_54_06_HDR0.jpg,grisMejua_2025_01_26__21_54_06_HDR0_0_Mothbot_yolo11m_4500_imgsz1600_b1_2024-01-18.pt.jpg
doi.org10.15468dl.6nxkw6.csv,Animalia,Arthropoda,Insecta,Hemiptera,,,,,809,,Hemiptera,Hemiptera,Cerro_Hoya_Expedition_Hoya_606m_grisMejua_2025-01-26,grisMejua_2025_01_26__21_54_06_HDR0_1_Mothbot_yolo11m_4500_imgsz1600_b1_2024-01-18.pt.jpg,HS,Mothbot_yolo11m_4500_imgsz1600_b1_2024-01-18.pt,0.6344413757324219,,grisMejua,Cerro_Hoya_Expedition/Hoya_606m_grisMejua_2025-01-26/2025-01-26/patches/grisMejua_2025_01_26__21_54_06_HDR0_1_Mothbot_yolo11m_4500_imgsz1600_b1_2024-01-18.pt.jpg,ORDER_Diptera,2025-01-26,21:54:06,,2025_01_26__21_54_06,MachineObservation,Cerro_Hoya_Expedition_Hoya_606m_grisMejua_2025-01-26_2025-01-26,Cerro_Hoya_Expedition_Hoya_606m_grisMejua_2025-01-26,grisMejua_2025_01_26__21_54_06_HDR0.jpg,grisMejua_2025_01_26__21_54_06_HDR0_1_Mothbot_yolo11m_4500_imgsz1600_b1_2024-01-18.pt.jpg
doi.org10.15468dl.6nxkw6.csv,Animalia,Arthropoda,Insecta,Lepidoptera,,,,,797,,Lepidoptera,Lepidoptera,Cerro_Hoya_Expedition_Hoya_606m_grisMejua_2025-01-26,grisMejua_2025_01_26__21_54_06_HDR0_2_Mothbot_yolo11m_4500_imgsz1600_b1_2024-01-18.pt.jpg,HS,Mothbot_yolo11m_4500_imgsz1600_b1_2024-01-18.pt,0.6011932492256165,,grisMejua,Cerro_Hoya_Expedition/Hoya_606m_grisMejua_2025-01-26/2025-01-26/patches/grisMejua_2025_01_26__21_54_06_HDR0_2_Mothbot_yolo11m_4500_imgsz1600_b1_2024-01-18.pt.jpg,ORDER_Lepidoptera,2025-01-26,21:54:06,,2025_01_26__21_54_06,MachineObservation,Cerro_Hoya_Expedition_Hoya_606m_grisMejua_2025-01-26_2025-01-26,Cerro_Hoya_Expedition_Hoya_606m_grisMejua_2025-01-26,grisMejua_2025_01_26__21_54_06_HDR0.jpg,grisMejua_2025_01_26__21_54_06_HDR0_2_Mothbot_yolo11m_4500_imgsz1600_b1_2024-01-18.pt.jpg
doi.org10.15468dl.6nxkw6.csv,Animalia,Arthropoda,Insecta,Diptera,,,,,811,,Diptera,Diptera,Cerro_Hoya_Expedition_Hoya_606m_grisMejua_2025-01-26,grisMejua_2025_01_26__21_55_05_HDR0_0_Mothbot_yolo11m_4500_imgsz1600_b1_2024-01-18.pt.jpg,HS,Mothbot_yolo11m_4500_imgsz1600_b1_2024-01-18.pt,0.6909946203231812,,grisMejua,Cerro_Hoya_Expedition/Hoya_606m_grisMejua_2025-01-26/2025-01-26/patches/grisMejua_2025_01_26__21_55_05_HDR0_0_Mothbot_yolo11m_4500_imgsz1600_b1_2024-01-18.pt.jpg,ORDER_Diptera,2025-01-26,21:55:05,,2025_01_26__21_55_05,MachineObservation,Cerro_Hoya_Expedition_Hoya_606m_grisMejua_2025-01-26_2025-01-26,Cerro_Hoya_Expedition_Hoya_606m_grisMejua_2025-01-26,grisMejua_2025_01_26__21_55_05_HDR0.jpg,grisMejua_2025_01_26__21_55_05_HDR0_0_Mothbot_yolo11m_4500_imgsz1600_b1_2024-01-18.pt.jpg
doi.org10.15468dl.6nxkw6.csv,Animalia,Arthropoda,Insecta,Diptera,,,,,811,,Diptera,Diptera,Cerro_Hoya_Expedition_Hoya_606m_grisMejua_2025-01-26,grisMejua_2025_01_26__21_55_05_HDR0_1_Mothbot_yolo11m_4500_imgsz1600_b1_2024-01-18.pt.jpg,HS,Mothbot_yolo11m_4500_imgsz1600_b1_2024-01-18.pt,0.6743497848510742,,grisMejua,Cerro_Hoya_Expedition/Hoya_606m_grisMejua_2025-01-26/2025-01-26/patches/grisMejua_2025_01_26__21_55_05_HDR0_1_Mothbot_yolo11m_4500_imgsz1600_b1_2024-01-18.pt.jpg,ORDER_Diptera,2025-01-26,21:55:05,,2025_01_26__21_55_05,MachineObservation,Cerro_Hoya_Expedition_Hoya_606m_grisMejua_2025-01-26_2025-01-26,Cerro_Hoya_Expedition_Hoya_606m_grisMejua_2025-01-26,grisMejua_2025_01_26__21_55_05_HDR0.jpg,grisMejua_2025_01_26__21_55_05_HDR0_1_Mothbot_yolo11m_4500_imgsz1600_b1_2024-01-18.pt.jpg
doi.org10.15468dl.6nxkw6.csv,Animalia,Arthropoda,Insecta,Hemiptera,,,,,809,,Hemiptera,Hemiptera,Cerro_Hoya_Expedition_Hoya_606m_grisMejua_2025-01-26,grisMejua_2025_01_26__21_55_05_HDR0_2_Mothbot_yolo11m_4500_imgsz1600_b1_2024-01-18.pt.jpg,HS,Mothbot_yolo11m_4500_imgsz1600_b1_2024-01-18.pt,0.5745518803596497,,grisMejua,Cerro_Hoya_Expedition/Hoya_606m_grisMejua_2025-01-26/2025-01-26/patches/grisMejua_2025_01_26__21_55_05_HDR0_2_Mothbot_yolo11m_4500_imgsz1600_b1_2024-01-18.pt.jpg,ORDER_Hemiptera,2025-01-26,21:55:05,,2025_01_26__21_55_05,MachineObservation,Cerro_Hoya_Expedition_Hoya_606m_grisMejua_2025-01-26_2025-01-26,Cerro_Hoya_Expedition_Hoya_606m_grisMejua_2025-01-26,grisMejua_2025_01_26__21_55_05_HDR0.jpg,grisMejua_2025_01_26__21_55_05_HDR0_2_Mothbot_yolo11m_4500_imgsz1600_b1_2024-01-18.pt.jpg
doi.org10.15468dl.6nxkw6.csv,Animalia,Arthropoda,Insecta,Diptera,,,,,811,,Diptera,Diptera,Cerro_Hoya_Expedition_Hoya_606m_grisMejua_2025-01-26,grisMejua_2025_01_26__21_56_06_HDR0_0_Mothbot_yolo11m_4500_imgsz1600_b1_2024-01-18.pt.jpg,HS,Mothbot_yolo11m_4500_imgsz1600_b1_2024-01-18.pt,0.6801367402076721,,grisMejua,Cerro_Hoya_Expedition/Hoya_606m_grisMejua_2025-01-26/2025-01-26/patches/grisMejua_2025_01_26__21_56_06_HDR0_0_Mothbot_yolo11m_4500_imgsz1600_b1_2024-01-18.pt.jpg,ORDER_Diptera,2025-01-26,21:56:06,,2025_01_26__21_56_06,MachineObservation,Cerro_Hoya_Expedition_Hoya_606m_grisMejua_2025-01-26_2025-01-26,Cerro_Hoya_Expedition_Hoya_606m_grisMejua_2025-01-26,grisMejua_2025_01_26__21_56_06_HDR0.jpg,grisMejua_2025_01_26__21_56_06_HDR0_0_Mothbot_yolo11m_4500_imgsz1600_b1_2024-01-18.pt.jpg
doi.org10.15468dl.6nxkw6.csv,Animalia,Arthropoda,Insecta,Hemiptera,,,,,809,,Hemiptera,Hemiptera,Cerro_Hoya_Expedition_Hoya_606m_grisMejua_2025-01-26,grisMejua_2025_01_26__21_56_06_HDR0_1_Mothbot_yolo11m_4500_imgsz1600_b1_2024-01-18.pt.jpg,HS,Mothbot_yolo11m_4500_imgsz1600_b1_2024-01-18.pt,0.45667409896850586,,grisMejua,Cerro_Hoya_Expedition/Hoya_606m_grisMejua_2025-01-26/2025-01-26/patches/grisMejua_2025_01_26__21_56_06_HDR0_1_Mothbot_yolo11m_4500_imgsz1600_b1_2024-01-18.pt.jpg,ORDER_Diptera,2025-01-26,21:56:06,,2025_01_26__21_56_06,MachineObservation,Cerro_Hoya_Expedition_Hoya_606m_grisMejua_2025-01-26_2025-01-26,Cerro_Hoya_Expedition_Hoya_606m_grisMejua_2025-01-26,grisMejua_2025_01_26__21_56_06_HDR0.jpg,grisMejua_2025_01_26__21_56_06_HDR0_1_Mothbot_yolo11m_4500_imgsz1600_b1_2024-01-18.pt.jpg
doi.org10.15468dl.6nxkw6.csv,Animalia,Arthropoda,Insecta,Diptera,,,,,811,,Diptera,Diptera,Cerro_Hoya_Expedition_Hoya_606m_grisMejua_2025-01-26,grisMejua_2025_01_26__21_57_22_HDR0_0_Mothbot_yolo11m_4500_imgsz1600_b1_2024-01-18.pt.jpg,HS,Mothbot_yolo11m_4500_imgsz1600_b1_2024-01-18.pt,0.6914442777633667,,grisMejua,Cerro_Hoya_Expedition/Hoya_606m_grisMejua_2025-01-26/2025-01-26/patches/grisMejua_2025_01_26__21_57_22_HDR0_0_Mothbot_yolo11m_4500_imgsz1600_b1_2024-01-18.pt.jpg,ORDER_Diptera,2025-01-26,21:57:22,,2025_01_26__21_57_22,MachineObservation,Cerro_Hoya_Expedition_Hoya_606m_grisMejua_2025-01-26_2025-01-26,Cerro_Hoya_Expedition_Hoya_606m_grisMejua_2025-01-26,grisMejua_2025_01_26__21_57_22_HDR0.jpg,grisMejua_2025_01_26__21_57_22_HDR0_0_Mothbot_yolo11m_4500_imgsz1600_b1_2024-01-18.pt.jpg
doi.org10.15468dl.6nxkw6.csv,Animalia,Arthropoda,Insecta,,,,,,216,,Insecta,Insecta,Cerro_Hoya_Expedition_Hoya_606m_grisMejua_2025-01-26,grisMejua_2025_01_26__21_57_22_HDR0_1_Mothbot_yolo11m_4500_imgsz1600_b1_2024-01-18.pt.jpg,HS,Mothbot_yolo11m_4500_imgsz1600_b1_2024-01-18.pt,0.5525856614112854,,grisMejua,Cerro_Hoya_Expedition/Hoya_606m_grisMejua_2025-01-26/2025-01-26/patches/grisMejua_2025_01_26__21_57_22_HDR0_1_Mothbot_yolo11m_4500_imgsz1600_b1_2024-01-18.pt.jpg,ORDER_Orthoptera,2025-01-26,21:57:22,,2025_01_26__21_57_22,MachineObservation,Cerro_Hoya_Expedition_Hoya_606m_grisMejua_2025-01-26_2025-01-26,Cerro_Hoya_Expedition_Hoya_606m_grisMejua_2025-01-26,grisMejua_2025_01_26__21_57_22_HDR0.jpg,grisMejua_2025_01_26__21_57_22_HDR0_1_Mothbot_yolo11m_4500_imgsz1600_b1_2024-01-18.pt.jpg
doi.org10.15468dl.6nxkw6.csv,Animalia,Arthropoda,Insecta,Hemiptera,,,,,809,,Hemiptera,Hemiptera,Cerro_Hoya_Expedition_Hoya_606m_grisMejua_2025-01-26,grisMejua_2025_01_26__21_57_22_HDR0_2_Mothbot_yolo11m_4500_imgsz1600_b1_2024-01-18.pt.jpg,HS,Mothbot_yolo11m_4500_imgsz1600_b1_2024-01-18.pt,0.5494893193244934,,grisMejua,Cerro_Hoya_Expedition/Hoya_606m_grisMejua_2025-01-26/2025-01-26/patches/grisMejua_2025_01_26__21_57_22_HDR0_2_Mothbot_yolo11m_4500_imgsz1600_b1_2024-01-18.pt.jpg,ORDER_Hemiptera,2025-01-26,21:57:22,,2025_01_26__21_57_22,MachineObservation,Cerro_Hoya_Expedition_Hoya_606m_grisMejua_2025-01-26_2025-01-26,Cerro_Hoya_Expedition_Hoya_606m_grisMejua_2025-01-26,grisMejua_2025_01_26__21_57_22_HDR0.jpg,grisMejua_2025_01_26__21_57_22_HDR0_2_Mothbot_yolo11m_4500_imgsz1600_b1_2024-01-18.pt.jpg
doi.org10.15468dl.6nxkw6.csv,Animalia,Arthropoda,Insecta,Diptera,,,,,811,,Diptera,Diptera,Cerro_Hoya_Expedition_Hoya_606m_grisMejua_2025-01-26,grisMejua_2025_01_26__21_58_06_HDR0_0_Mothbot_yolo11m_4500_imgsz1600_b1_2024-01-18.pt.jpg,HS,Mothbot_yolo11m_4500_imgsz1600_b1_2024-01-18.pt,0.7229779958724976,,grisMejua,Cerro_Hoya_Expedition/Hoya_606m_grisMejua_2025-01-26/2025-01-26/patches/grisMejua_2025_01_26__21_58_06_HDR0_0_Mothbot_yolo11m_4500_imgsz1600_b1_2024-01-18.pt.jpg,ORDER_Hemiptera,2025-01-26,21:58:06,,2025_01_26__21_58_06,MachineObservation,Cerro_Hoya_Expedition_Hoya_606m_grisMejua_2025-01-26_2025-01-26,Cerro_Hoya_Expedition_Hoya_606m_grisMejua_2025-01-26,grisMejua_2025_01_26__21_58_06_HDR0.jpg,grisMejua_2025_01_26__21_58_06_HDR0_0_Mothbot_yolo11m_4500_imgsz1600_b1_2024-01-18.pt.jpg
doi.org10.15468dl.6nxkw6.csv,Animalia,Arthropoda,Insecta,Diptera,,,,,811,,Diptera,Diptera,Cerro_Hoya_Expedition_Hoya_606m_grisMejua_2025-01-26,grisMejua_2025_01_26__21_58_06_HDR0_1_Mothbot_yolo11m_4500_imgsz1600_b1_2024-01-18.pt.jpg,HS,Mothbot_yolo11m_4500_imgsz1600_b1_2024-01-18.pt,0.7139129638671875,,grisMejua,Cerro_Hoya_Expedition/Hoya_606m_grisMejua_2025-01-26/2025-01-26/patches/grisMejua_2025_01_26__21_58_06_HDR0_1_Mothbot_yolo11m_4500_imgsz1600_b1_2024-01-18.pt.jpg,ORDER_Hemiptera,2025-01-26,21:58:06,,2025_01_26__21_58_06,MachineObservation,Cerro_Hoya_Expedition_Hoya_606m_grisMejua_2025-01-26_2025-01-26,Cerro_Hoya_Expedition_Hoya_606m_grisMejua_2025-01-26,grisMejua_2025_01_26__21_58_06_HDR0.jpg,grisMejua_2025_01_26__21_58_06_HDR0_1_Mothbot_yolo11m_4500_imgsz1600_b1_2024-01-18.pt.jpg
doi.org10.15468dl.6nxkw6.csv,Animalia,Arthropoda,Insecta,Hemiptera,,,,,809,,Hemiptera,Hemiptera,Cerro_Hoya_Expedition_Hoya_606m_grisMejua_2025-01-26,grisMejua_2025_01_26__21_58_06_HDR0_2_Mothbot_yolo11m_4500_imgsz1600_b1_2024-01-18.pt.jpg,HS,Mothbot_yolo11m_4500_imgsz1600_b1_2024-01-18.pt,0.48453593254089355,,grisMejua,Cerro_Hoya_Expedition/Hoya_606m_grisMejua_2025-01-26/2025-01-26/patches/grisMejua_2025_01_26__21_58_06_HDR0_2_Mothbot_yolo11m_4500_imgsz1600_b1_2024-01-18.pt.jpg,ORDER_Hemiptera,2025-01-26,21:58:06,,2025_01_26__21_58_06,MachineObservation,Cerro_Hoya_Expedition_Hoya_606m_grisMejua_2025-01-26_2025-01-26,Cerro_Hoya_Expedition_Hoya_606m_grisMejua_2025-01-26,grisMejua_2025_01_26__21_58_06_HDR0.jpg,grisMejua_2025_01_26__21_58_06_HDR0_2_Mothbot_yolo11m_4500_imgsz1600_b1_2024-01-18.pt.jpg
doi.org10.15468dl.6nxkw6.csv,Animalia,Arthropoda,Insecta,Diptera,,,,,811,,Diptera,Diptera,Cerro_Hoya_Expedition_Hoya_606m_grisMejua_2025-01-26,grisMejua_2025_01_26__21_59_06_HDR0_0_Mothbot_yolo11m_4500_imgsz1600_b1_2024-01-18.pt.jpg,HS,Mothbot_yolo11m_4500_imgsz1600_b1_2024-01-18.pt,0.7258642911911011,,grisMejua,Cerro_Hoya_Expedition/Hoya_606m_grisMejua_2025-01-26/2025-01-26/patches/grisMejua_2025_01_26__21_59_06_HDR0_0_Mothbot_yolo11m_4500_imgsz1600_b1_2024-01-18.pt.jpg,ORDER_Coleoptera,2025-01-26,21:59:06,,2025_01_26__21_59_06,MachineObservation,Cerro_Hoya_Expedition_Hoya_606m_grisMejua_2025-01-26_2025-01-26,Cerro_Hoya_Expedition_Hoya_606m_grisMejua_2025-01-26,grisMejua_2025_01_26__21_59_06_HDR0.jpg,grisMejua_2025_01_26__21_59_06_HDR0_0_Mothbot_yolo11m_4500_imgsz1600_b1_2024-01-18.pt.jpg
doi.org10.15468dl.6nxkw6.csv,Animalia,Arthropoda,Insecta,Diptera,,,,,811,,Diptera,Diptera,Cerro_Hoya_Expedition_Hoya_606m_grisMejua_2025-01-26,grisMejua_2025_01_26__21_59_06_HDR0_1_Mothbot_yolo11m_4500_imgsz1600_b1_2024-01-18.pt.jpg,HS,Mothbot_yolo11m_4500_imgsz1600_b1_2024-01-18.pt,0.7029500603675842,,grisMejua,Cerro_Hoya_Expedition/Hoya_606m_grisMejua_2025-01-26/2025-01-26/patches/grisMejua_2025_01_26__21_59_06_HDR0_1_Mothbot_yolo11m_4500_imgsz1600_b1_2024-01-18.pt.jpg,ORDER_Diptera,2025-01-26,21:59:06,,2025_01_26__21_59_06,MachineObservation,Cerro_Hoya_Expedition_Hoya_606m_grisMejua_2025-01-26_2025-01-26,Cerro_Hoya_Expedition_Hoya_606m_grisMejua_2025-01-26,grisMejua_2025_01_26__21_59_06_HDR0.jpg,grisMejua_2025_01_26__21_59_06_HDR0_1_Mothbot_yolo11m_4500_imgsz1600_b1_2024-01-18.pt.jpg
doi.org10.15468dl.6nxkw6.csv,Animalia,Arthropoda,Insecta,Hemiptera,,,,,809,,Hemiptera,Hemiptera,Cerro_Hoya_Expedition_Hoya_606m_grisMejua_2025-01-26,grisMejua_2025_01_26__21_59_06_HDR0_2_Mothbot_yolo11m_4500_imgsz1600_b1_2024-01-18.pt.jpg,HS,Mothbot_yolo11m_4500_imgsz1600_b1_2024-01-18.pt,0.5339024066925049,,grisMejua,Cerro_Hoya_Expedition/Hoya_606m_grisMejua_2025-01-26/2025-01-26/patches/grisMejua_2025_01_26__21_59_06_HDR0_2_Mothbot_yolo11m_4500_imgsz1600_b1_2024-01-18.pt.jpg,ORDER_Hemiptera,2025-01-26,21:59:06,,2025_01_26__21_59_06,MachineObservation,Cerro_Hoya_Expedition_Hoya_606m_grisMejua_2025-01-26_2025-01-26,Cerro_Hoya_Expedition_Hoya_606m_grisMejua_2025-01-26,grisMejua_2025_01_26__21_59_06_HDR0.jpg,grisMejua_2025_01_26__21_59_06_HDR0_2_Mothbot_yolo11m_4500_imgsz1600_b1_2024-01-18.pt.jpg
doi.org10.15468dl.6nxkw6.csv,Animalia,Arthropoda,Insecta,Diptera,,,,,811,,Diptera,Diptera,Cerro_Hoya_Expedition_Hoya_606m_grisMejua_2025-01-26,grisMejua_2025_01_26__23_01_23_HDR0_0_Mothbot_yolo11m_4500_imgsz1600_b1_2024-01-18.pt.jpg,HS,Mothbot_yolo11m_4500_imgsz1600_b1_2024-01-18.pt,0.5945050716400146,,grisMejua,Cerro_Hoya_Expedition/Hoya_606m_grisMejua_2025-01-26/2025-01-26/patches/grisMejua_2025_01_26__23_01_23_HDR0_0_Mothbot_yolo11m_4500_imgsz1600_b1_2024-01-18.pt.jpg,ORDER_Hemiptera,2025-01-26,23:01:23,,2025_01_26__23_01_23,MachineObservation,Cerro_Hoya_Expedition_Hoya_606m_grisMejua_2025-01-26_2025-01-26,Cerro_Hoya_Expedition_Hoya_606m_grisMejua_2025-01-26,grisMejua_2025_01_26__23_01_23_HDR0.jpg,grisMejua_2025_01_26__23_01_23_HDR0_0_Mothbot_yolo11m_4500_imgsz1600_b1_2024-01-18.pt.jpg
,,,,,,,,,,,,ERROR,Cerro_Hoya_Expedition_Hoya_606m_grisMejua_2025-01-26,grisMejua_2025_01_26__23_01_23_HDR0_1_Mothbot_yolo11m_4500_imgsz1600_b1_2024-01-18.pt.jpg,HS,Mothbot_yolo11m_4500_imgsz1600_b1_2024-01-18.pt,0.26666393876075745,,grisMejua,Cerro_Hoya_Expedition/Hoya_606m_grisMejua_2025-01-26/2025-01-26/patches/grisMejua_2025_01_26__23_01_23_HDR0_1_Mothbot_yolo11m_4500_imgsz1600_b1_2024-01-18.pt.jpg,ORDER_Hymenoptera,2025-01-26,23:01:23,,2025_01_26__23_01_23,MachineObservation,Cerro_Hoya_Expedition_Hoya_606m_grisMejua_2025-01-26_2025-01-26,Cerro_Hoya_Expedition_Hoya_606m_grisMejua_2025-01-26,grisMejua_2025_01_26__23_01_23_HDR0.jpg,grisMejua_2025_01_26__23_01_23_HDR0_1_Mothbot_yolo11m_4500_imgsz1600_b1_2024-01-18.pt.jpg
doi.org10.15468dl.6nxkw6.csv,Animalia,Arthropoda,Insecta,Diptera,,,,,811,,Diptera,Diptera,Cerro_Hoya_Expedition_Hoya_606m_grisMejua_2025-01-26,grisMejua_2025_01_26__23_02_06_HDR0_0_Mothbot_yolo11m_4500_imgsz1600_b1_2024-01-18.pt.jpg,HS,Mothbot_yolo11m_4500_imgsz1600_b1_2024-01-18.pt,0.6429798007011414,,grisMejua,Cerro_Hoya_Expedition/Hoya_606m_grisMejua_2025-01-26/2025-01-26/patches/grisMejua_2025_01_26__23_02_06_HDR0_0_Mothbot_yolo11m_4500_imgsz1600_b1_2024-01-18.pt.jpg,ORDER_Diptera,2025-01-26,23:02:06,,2025_01_26__23_02_06,MachineObservation,Cerro_Hoya_Expedition_Hoya_606m_grisMejua_2025-01-26_2025-01-26,Cerro_Hoya_Expedition_Hoya_606m_grisMejua_2025-01-26,grisMejua_2025_01_26__23_02_06_HDR0.jpg,grisMejua_2025_01_26__23_02_06_HDR0_0_Mothbot_yolo11m_4500_imgsz1600_b1_2024-01-18.pt.jpg
doi.org10.15468dl.6nxkw6.csv,Animalia,Arthropoda,Insecta,Diptera,,,,,811,,Diptera,Diptera,Cerro_Hoya_Expedition_Hoya_606m_grisMejua_2025-01-26,grisMejua_2025_01_26__23_03_06_HDR0_0_Mothbot_yolo11m_4500_imgsz1600_b1_2024-01-18.pt.jpg,HS,Mothbot_yolo11m_4500_imgsz1600_b1_2024-01-18.pt,0.6262944936752319,,grisMejua,Cerro_Hoya_Expedition/Hoya_606m_grisMejua_2025-01-26/2025-01-26/patches/grisMejua_2025_01_26__23_03_06_HDR0_0_Mothbot_yolo11m_4500_imgsz1600_b1_2024-01-18.pt.jpg,ORDER_Diptera,2025-01-26,23:03:06,,2025_01_26__23_03_06,MachineObservation,Cerro_Hoya_Expedition_Hoya_606m_grisMejua_2025-01-26_2025-01-26,Cerro_Hoya_Expedition_Hoya_606m_grisMejua_2025-01-26,grisMejua_2025_01_26__23_03_06_HDR0.jpg,grisMejua_2025_01_26__23_03_06_HDR0_0_Mothbot_yolo11m_4500_imgsz1600_b1_2024-01-18.pt.jpg
doi.org10.15468dl.6nxkw6.csv,Animalia,Arthropoda,Insecta,Diptera,,,,,811,,Diptera,Diptera,Cerro_Hoya_Expedition_Hoya_606m_grisMejua_2025-01-26,grisMejua_2025_01_26__23_04_06_HDR0_0_Mothbot_yolo11m_4500_imgsz1600_b1_2024-01-18.pt.jpg,HS,Mothbot_yolo11m_4500_imgsz1600_b1_2024-01-18.pt,0.5497369170188904,,grisMejua,Cerro_Hoya_Expedition/Hoya_606m_grisMejua_2025-01-26/2025-01-26/patches/grisMejua_2025_01_26__23_04_06_HDR0_0_Mothbot_yolo11m_4500_imgsz1600_b1_2024-01-18.pt.jpg,ORDER_Diptera,2025-01-26,23:04:06,,2025_01_26__23_04_06,MachineObservation,Cerro_Hoya_Expedition_Hoya_606m_grisMejua_2025-01-26_2025-01-26,Cerro_Hoya_Expedition_Hoya_606m_grisMejua_2025-01-26,grisMejua_2025_01_26__23_04_06_HDR0.jpg,grisMejua_2025_01_26__23_04_06_HDR0_0_Mothbot_yolo11m_4500_imgsz1600_b1_2024-01-18.pt.jpg
doi.org10.15468dl.6nxkw6.csv,Animalia,Arthropoda,Insecta,Hemiptera,,,,,809,,Hemiptera,Hemiptera,Cerro_Hoya_Expedition_Hoya_606m_grisMejua_2025-01-26,grisMejua_2025_01_26__23_05_06_HDR0_0_Mothbot_yolo11m_4500_imgsz1600_b1_2024-01-18.pt.jpg,HS,Mothbot_yolo11m_4500_imgsz1600_b1_2024-01-18.pt,0.7604091167449951,,grisMejua,Cerro_Hoya_Expedition/Hoya_606m_grisMejua_2025-01-26/2025-01-26/patches/grisMejua_2025_01_26__23_05_06_HDR0_0_Mothbot_yolo11m_4500_imgsz1600_b1_2024-01-18.pt.jpg,ORDER_Hemiptera,2025-01-26,23:05:06,,2025_01_26__23_05_06,MachineObservation,Cerro_Hoya_Expedition_Hoya_606m_grisMejua_2025-01-26_2025-01-26,Cerro_Hoya_Expedition_Hoya_606m_grisMejua_2025-01-26,grisMejua_2025_01_26__23_05_06_HDR0.jpg,grisMejua_2025_01_26__23_05_06_HDR0_0_Mothbot_yolo11m_4500_imgsz1600_b1_2024-01-18.pt.jpg
doi.org10.15468dl.6nxkw6.csv,Animalia,Arthropoda,Insecta,Diptera,,,,,811,,Diptera,Diptera,Cerro_Hoya_Expedition_Hoya_606m_grisMejua_2025-01-26,grisMejua_2025_01_26__23_05_06_HDR0_1_Mothbot_yolo11m_4500_imgsz1600_b1_2024-01-18.pt.jpg,HS,Mothbot_yolo11m_4500_imgsz1600_b1_2024-01-18.pt,0.6080313324928284,,grisMejua,Cerro_Hoya_Expedition/Hoya_606m_grisMejua_2025-01-26/2025-01-26/patches/grisMejua_2025_01_26__23_05_06_HDR0_1_Mothbot_yolo11m_4500_imgsz1600_b1_2024-01-18.pt.jpg,ORDER_Diptera,2025-01-26,23:05:06,,2025_01_26__23_05_06,MachineObservation,Cerro_Hoya_Expedition_Hoya_606m_grisMejua_2025-01-26_2025-01-26,Cerro_Hoya_Expedition_Hoya_606m_grisMejua_2025-01-26,grisMejua_2025_01_26__23_05_06_HDR0.jpg,grisMejua_2025_01_26__23_05_06_HDR0_1_Mothbot_yolo11m_4500_imgsz1600_b1_2024-01-18.pt.jpg
doi.org10.15468dl.6nxkw6.csv,Animalia,Arthropoda,Insecta,Diptera,,,,,811,,Diptera,Diptera,Cerro_Hoya_Expedition_Hoya_606m_grisMejua_2025-01-26,grisMejua_2025_01_26__23_06_05_HDR0_0_Mothbot_yolo11m_4500_imgsz1600_b1_2024-01-18.pt.jpg,HS,Mothbot_yolo11m_4500_imgsz1600_b1_2024-01-18.pt,0.7169749140739441,,grisMejua,Cerro_Hoya_Expedition/Hoya_606m_grisMejua_2025-01-26/2025-01-26/patches/grisMejua_2025_01_26__23_06_05_HDR0_0_Mothbot_yolo11m_4500_imgsz1600_b1_2024-01-18.pt.jpg,ORDER_Diptera,2025-01-26,23:06:05,,2025_01_26__23_06_05,MachineObservation,Cerro_Hoya_Expedition_Hoya_606m_grisMejua_2025-01-26_2025-01-26,Cerro_Hoya_Expedition_Hoya_606m_grisMejua_2025-01-26,grisMejua_2025_01_26__23_06_05_HDR0.jpg,grisMejua_2025_01_26__23_06_05_HDR0_0_Mothbot_yolo11m_4500_imgsz1600_b1_2024-01-18.pt.jpg
doi.org10.15468dl.6nxkw6.csv,Animalia,Arthropoda,Insecta,Hemiptera,,,,,809,,Hemiptera,Hemiptera,Cerro_Hoya_Expedition_Hoya_606m_grisMejua_2025-01-26,grisMejua_2025_01_26__23_06_05_HDR0_1_Mothbot_yolo11m_4500_imgsz1600_b1_2024-01-18.pt.jpg,HS,Mothbot_yolo11m_4500_imgsz1600_b1_2024-01-18.pt,0.7108224034309387,,grisMejua,Cerro_Hoya_Expedition/Hoya_606m_grisMejua_2025-01-26/2025-01-26/patches/grisMejua_2025_01_26__23_06_05_HDR0_1_Mothbot_yolo11m_4500_imgsz1600_b1_2024-01-18.pt.jpg,ORDER_Diptera,2025-01-26,23:06:05,,2025_01_26__23_06_05,MachineObservation,Cerro_Hoya_Expedition_Hoya_606m_grisMejua_2025-01-26_2025-01-26,Cerro_Hoya_Expedition_Hoya_606m_grisMejua_2025-01-26,grisMejua_2025_01_26__23_06_05_HDR0.jpg,grisMejua_2025_01_26__23_06_05_HDR0_1_Mothbot_yolo11m_4500_imgsz1600_b1_2024-01-18.pt.jpg
doi.org10.15468dl.6nxkw6.csv,Animalia,Arthropoda,Insecta,Diptera,,,,,811,,Diptera,Diptera,Cerro_Hoya_Expedition_Hoya_606m_grisMejua_2025-01-26,grisMejua_2025_01_26__23_06_05_HDR0_2_Mothbot_yolo11m_4500_imgsz1600_b1_2024-01-18.pt.jpg,HS,Mothbot_yolo11m_4500_imgsz1600_b1_2024-01-18.pt,0.6179143190383911,,grisMejua,Cerro_Hoya_Expedition/Hoya_606m_grisMejua_2025-01-26/2025-01-26/patches/grisMejua_2025_01_26__23_06_05_HDR0_2_Mothbot_yolo11m_4500_imgsz1600_b1_2024-01-18.pt.jpg,ORDER_Diptera,2025-01-26,23:06:05,,2025_01_26__23_06_05,MachineObservation,Cerro_Hoya_Expedition_Hoya_606m_grisMejua_2025-01-26_2025-01-26,Cerro_Hoya_Expedition_Hoya_606m_grisMejua_2025-01-26,grisMejua_2025_01_26__23_06_05_HDR0.jpg,grisMejua_2025_01_26__23_06_05_HDR0_2_Mothbot_yolo11m_4500_imgsz1600_b1_2024-01-18.pt.jpg
doi.org10.15468dl.6nxkw6.csv,Animalia,Arthropoda,Insecta,Hemiptera,,,,,809,,Hemiptera,Hemiptera,Cerro_Hoya_Expedition_Hoya_606m_grisMejua_2025-01-26,grisMejua_2025_01_26__23_07_05_HDR0_0_Mothbot_yolo11m_4500_imgsz1600_b1_2024-01-18.pt.jpg,HS,Mothbot_yolo11m_4500_imgsz1600_b1_2024-01-18.pt,0.7422090172767639,,grisMejua,Cerro_Hoya_Expedition/Hoya_606m_grisMejua_2025-01-26/2025-01-26/patches/grisMejua_2025_01_26__23_07_05_HDR0_0_Mothbot_yolo11m_4500_imgsz1600_b1_2024-01-18.pt.jpg,ORDER_Diptera,2025-01-26,23:07:05,,2025_01_26__23_07_05,MachineObservation,Cerro_Hoya_Expedition_Hoya_606m_grisMejua_2025-01-26_2025-01-26,Cerro_Hoya_Expedition_Hoya_606m_grisMejua_2025-01-26,grisMejua_2025_01_26__23_07_05_HDR0.jpg,grisMejua_2025_01_26__23_07_05_HDR0_0_Mothbot_yolo11m_4500_imgsz1600_b1_2024-01-18.pt.jpg
doi.org10.15468dl.6nxkw6.csv,Animalia,Arthropoda,Insecta,Diptera,,,,,811,,Diptera,Diptera,Cerro_Hoya_Expedition_Hoya_606m_grisMejua_2025-01-26,grisMejua_2025_01_26__23_07_05_HDR0_1_Mothbot_yolo11m_4500_imgsz1600_b1_2024-01-18.pt.jpg,HS,Mothbot_yolo11m_4500_imgsz1600_b1_2024-01-18.pt,0.6657394170761108,,grisMejua,Cerro_Hoya_Expedition/Hoya_606m_grisMejua_2025-01-26/2025-01-26/patches/grisMejua_2025_01_26__23_07_05_HDR0_1_Mothbot_yolo11m_4500_imgsz1600_b1_2024-01-18.pt.jpg,ORDER_Diptera,2025-01-26,23:07:05,,2025_01_26__23_07_05,MachineObservation,Cerro_Hoya_Expedition_Hoya_606m_grisMejua_2025-01-26_2025-01-26,Cerro_Hoya_Expedition_Hoya_606m_grisMejua_2025-01-26,grisMejua_2025_01_26__23_07_05_HDR0.jpg,grisMejua_2025_01_26__23_07_05_HDR0_1_Mothbot_yolo11m_4500_imgsz1600_b1_2024-01-18.pt.jpg
doi.org10.15468dl.6nxkw6.csv,Animalia,Arthropoda,Insecta,Hemiptera,,,,,809,,Hemiptera,Hemiptera,Cerro_Hoya_Expedition_Hoya_606m_grisMejua_2025-01-26,grisMejua_2025_01_26__23_08_22_HDR0_0_Mothbot_yolo11m_4500_imgsz1600_b1_2024-01-18.pt.jpg,HS,Mothbot_yolo11m_4500_imgsz1600_b1_2024-01-18.pt,0.6965935826301575,,grisMejua,Cerro_Hoya_Expedition/Hoya_606m_grisMejua_2025-01-26/2025-01-26/patches/grisMejua_2025_01_26__23_08_22_HDR0_0_Mothbot_yolo11m_4500_imgsz1600_b1_2024-01-18.pt.jpg,ORDER_Lepidoptera,2025-01-26,23:08:22,,2025_01_26__23_08_22,MachineObservation,Cerro_Hoya_Expedition_Hoya_606m_grisMejua_2025-01-26_2025-01-26,Cerro_Hoya_Expedition_Hoya_606m_grisMejua_2025-01-26,grisMejua_2025_01_26__23_08_22_HDR0.jpg,grisMejua_2025_01_26__23_08_22_HDR0_0_Mothbot_yolo11m_4500_imgsz1600_b1_2024-01-18.pt.jpg
doi.org10.15468dl.6nxkw6.csv,Animalia,Arthropoda,Insecta,Diptera,,,,,811,,Diptera,Diptera,Cerro_Hoya_Expedition_Hoya_606m_grisMejua_2025-01-26,grisMejua_2025_01_26__23_08_22_HDR0_1_Mothbot_yolo11m_4500_imgsz1600_b1_2024-01-18.pt.jpg,HS,Mothbot_yolo11m_4500_imgsz1600_b1_2024-01-18.pt,0.5637485384941101,,grisMejua,Cerro_Hoya_Expedition/Hoya_606m_grisMejua_2025-01-26/2025-01-26/patches/grisMejua_2025_01_26__23_08_22_HDR0_1_Mothbot_yolo11m_4500_imgsz1600_b1_2024-01-18.pt.jpg,ORDER_Diptera,2025-01-26,23:08:22,,2025_01_26__23_08_22,MachineObservation,Cerro_Hoya_Expedition_Hoya_606m_grisMejua_2025-01-26_2025-01-26,Cerro_Hoya_Expedition_Hoya_606m_grisMejua_2025-01-26,grisMejua_2025_01_26__23_08_22_HDR0.jpg,grisMejua_2025_01_26__23_08_22_HDR0_1_Mothbot_yolo11m_4500_imgsz1600_b1_2024-01-18.pt.jpg
doi.org10.15468dl.6nxkw6.csv,Animalia,Arthropoda,Insecta,Hemiptera,,,,,809,,Hemiptera,Hemiptera,Cerro_Hoya_Expedition_Hoya_606m_grisMejua_2025-01-26,grisMejua_2025_01_26__23_09_05_HDR0_0_Mothbot_yolo11m_4500_imgsz1600_b1_2024-01-18.pt.jpg,HS,Mothbot_yolo11m_4500_imgsz1600_b1_2024-01-18.pt,0.7523979544639587,,grisMejua,Cerro_Hoya_Expedition/Hoya_606m_grisMejua_2025-01-26/2025-01-26/patches/grisMejua_2025_01_26__23_09_05_HDR0_0_Mothbot_yolo11m_4500_imgsz1600_b1_2024-01-18.pt.jpg,ORDER_Diptera,2025-01-26,23:09:05,,2025_01_26__23_09_05,MachineObservation,Cerro_Hoya_Expedition_Hoya_606m_grisMejua_2025-01-26_2025-01-26,Cerro_Hoya_Expedition_Hoya_606m_grisMejua_2025-01-26,grisMejua_2025_01_26__23_09_05_HDR0.jpg,grisMejua_2025_01_26__23_09_05_HDR0_0_Mothbot_yolo11m_4500_imgsz1600_b1_2024-01-18.pt.jpg
doi.org10.15468dl.6nxkw6.csv,Animalia,Arthropoda,Insecta,Diptera,,,,,811,,Diptera,Diptera,Cerro_Hoya_Expedition_Hoya_606m_grisMejua_2025-01-26,grisMejua_2025_01_26__23_09_05_HDR0_1_Mothbot_yolo11m_4500_imgsz1600_b1_2024-01-18.pt.jpg,HS,Mothbot_yolo11m_4500_imgsz1600_b1_2024-01-18.pt,0.6020531058311462,,grisMejua,Cerro_Hoya_Expedition/Hoya_606m_grisMejua_2025-01-26/2025-01-26/patches/grisMejua_2025_01_26__23_09_05_HDR0_1_Mothbot_yolo11m_4500_imgsz1600_b1_2024-01-18.pt.jpg,ORDER_Diptera,2025-01-26,23:09:05,,2025_01_26__23_09_05,MachineObservation,Cerro_Hoya_Expedition_Hoya_606m_grisMejua_2025-01-26_2025-01-26,Cerro_Hoya_Expedition_Hoya_606m_grisMejua_2025-01-26,grisMejua_2025_01_26__23_09_05_HDR0.jpg,grisMejua_2025_01_26__23_09_05_HDR0_1_Mothbot_yolo11m_4500_imgsz1600_b1_2024-01-18.pt.jpg
doi.org10.15468dl.6nxkw6.csv,Animalia,Arthropoda,Insecta,Hemiptera,,,,,809,,Hemiptera,Hemiptera,Cerro_Hoya_Expedition_Hoya_606m_grisMejua_2025-01-26,grisMejua_2025_01_26__23_10_05_HDR0_0_Mothbot_yolo11m_4500_imgsz1600_b1_2024-01-18.pt.jpg,HS,Mothbot_yolo11m_4500_imgsz1600_b1_2024-01-18.pt,0.6913703680038452,,grisMejua,Cerro_Hoya_Expedition/Hoya_606m_grisMejua_2025-01-26/2025-01-26/patches/grisMejua_2025_01_26__23_10_05_HDR0_0_Mothbot_yolo11m_4500_imgsz1600_b1_2024-01-18.pt.jpg,ORDER_Hemiptera,2025-01-26,23:10:05,,2025_01_26__23_10_05,MachineObservation,Cerro_Hoya_Expedition_Hoya_606m_grisMejua_2025-01-26_2025-01-26,Cerro_Hoya_Expedition_Hoya_606m_grisMejua_2025-01-26,grisMejua_2025_01_26__23_10_05_HDR0.jpg,grisMejua_2025_01_26__23_10_05_HDR0_0_Mothbot_yolo11m_4500_imgsz1600_b1_2024-01-18.pt.jpg
doi.org10.15468dl.6nxkw6.csv,Animalia,Arthropoda,Insecta,Diptera,,,,,811,,Diptera,Diptera,Cerro_Hoya_Expedition_Hoya_606m_grisMejua_2025-01-26,grisMejua_2025_01_26__23_10_05_HDR0_1_Mothbot_yolo11m_4500_imgsz1600_b1_2024-01-18.pt.jpg,HS,Mothbot_yolo11m_4500_imgsz1600_b1_2024-01-18.pt,0.651609480381012,,grisMejua,Cerro_Hoya_Expedition/Hoya_606m_grisMejua_2025-01-26/2025-01-26/patches/grisMejua_2025_01_26__23_10_05_HDR0_1_Mothbot_yolo11m_4500_imgsz1600_b1_2024-01-18.pt.jpg,ORDER_Diptera,2025-01-26,23:10:05,,2025_01_26__23_10_05,MachineObservation,Cerro_Hoya_Expedition_Hoya_606m_grisMejua_2025-01-26_2025-01-26,Cerro_Hoya_Expedition_Hoya_606m_grisMejua_2025-01-26,grisMejua_2025_01_26__23_10_05_HDR0.jpg,grisMejua_2025_01_26__23_10_05_HDR0_1_Mothbot_yolo11m_4500_imgsz1600_b1_2024-01-18.pt.jpg
doi.org10.15468dl.6nxkw6.csv,Animalia,Arthropoda,Insecta,Hemiptera,,,,,809,,Hemiptera,Hemiptera,Cerro_Hoya_Expedition_Hoya_606m_grisMejua_2025-01-26,grisMejua_2025_01_26__23_11_06_HDR0_0_Mothbot_yolo11m_4500_imgsz1600_b1_2024-01-18.pt.jpg,HS,Mothbot_yolo11m_4500_imgsz1600_b1_2024-01-18.pt,0.7645865678787231,,grisMejua,Cerro_Hoya_Expedition/Hoya_606m_grisMejua_2025-01-26/2025-01-26/patches/grisMejua_2025_01_26__23_11_06_HDR0_0_Mothbot_yolo11m_4500_imgsz1600_b1_2024-01-18.pt.jpg,ORDER_Diptera,2025-01-26,23:11:06,,2025_01_26__23_11_06,MachineObservation,Cerro_Hoya_Expedition_Hoya_606m_grisMejua_2025-01-26_2025-01-26,Cerro_Hoya_Expedition_Hoya_606m_grisMejua_2025-01-26,grisMejua_2025_01_26__23_11_06_HDR0.jpg,grisMejua_2025_01_26__23_11_06_HDR0_0_Mothbot_yolo11m_4500_imgsz1600_b1_2024-01-18.pt.jpg
doi.org10.15468dl.6nxkw6.csv,Animalia,Arthropoda,Insecta,Diptera,,,,,811,,Diptera,Diptera,Cerro_Hoya_Expedition_Hoya_606m_grisMejua_2025-01-26,grisMejua_2025_01_26__23_11_06_HDR0_1_Mothbot_yolo11m_4500_imgsz1600_b1_2024-01-18.pt.jpg,HS,Mothbot_yolo11m_4500_imgsz1600_b1_2024-01-18.pt,0.6643199324607849,,grisMejua,Cerro_Hoya_Expedition/Hoya_606m_grisMejua_2025-01-26/2025-01-26/patches/grisMejua_2025_01_26__23_11_06_HDR0_1_Mothbot_yolo11m_4500_imgsz1600_b1_2024-01-18.pt.jpg,ORDER_Diptera,2025-01-26,23:11:06,,2025_01_26__23_11_06,MachineObservation,Cerro_Hoya_Expedition_Hoya_606m_grisMejua_2025-01-26_2025-01-26,Cerro_Hoya_Expedition_Hoya_606m_grisMejua_2025-01-26,grisMejua_2025_01_26__23_11_06_HDR0.jpg,grisMejua_2025_01_26__23_11_06_HDR0_1_Mothbot_yolo11m_4500_imgsz1600_b1_2024-01-18.pt.jpg
doi.org10.15468dl.6nxkw6.csv,Animalia,Arthropoda,Insecta,Hemiptera,,,,,809,,Hemiptera,Hemiptera,Cerro_Hoya_Expedition_Hoya_606m_grisMejua_2025-01-26,grisMejua_2025_01_26__23_12_06_HDR0_0_Mothbot_yolo11m_4500_imgsz1600_b1_2024-01-18.pt.jpg,HS,Mothbot_yolo11m_4500_imgsz1600_b1_2024-01-18.pt,0.7533414363861084,,grisMejua,Cerro_Hoya_Expedition/Hoya_606m_grisMejua_2025-01-26/2025-01-26/patches/grisMejua_2025_01_26__23_12_06_HDR0_0_Mothbot_yolo11m_4500_imgsz1600_b1_2024-01-18.pt.jpg,ORDER_Diptera,2025-01-26,23:12:06,,2025_01_26__23_12_06,MachineObservation,Cerro_Hoya_Expedition_Hoya_606m_grisMejua_2025-01-26_2025-01-26,Cerro_Hoya_Expedition_Hoya_606m_grisMejua_2025-01-26,grisMejua_2025_01_26__23_12_06_HDR0.jpg,grisMejua_2025_01_26__23_12_06_HDR0_0_Mothbot_yolo11m_4500_imgsz1600_b1_2024-01-18.pt.jpg
doi.org10.15468dl.6nxkw6.csv,Animalia,Arthropoda,Insecta,Diptera,,,,,811,,Diptera,Diptera,Cerro_Hoya_Expedition_Hoya_606m_grisMejua_2025-01-26,grisMejua_2025_01_26__23_12_06_HDR0_1_Mothbot_yolo11m_4500_imgsz1600_b1_2024-01-18.pt.jpg,HS,Mothbot_yolo11m_4500_imgsz1600_b1_2024-01-18.pt,0.6715704798698425,,grisMejua,Cerro_Hoya_Expedition/Hoya_606m_grisMejua_2025-01-26/2025-01-26/patches/grisMejua_2025_01_26__23_12_06_HDR0_1_Mothbot_yolo11m_4500_imgsz1600_b1_2024-01-18.pt.jpg,ORDER_Diptera,2025-01-26,23:12:06,,2025_01_26__23_12_06,MachineObservation,Cerro_Hoya_Expedition_Hoya_606m_grisMejua_2025-01-26_2025-01-26,Cerro_Hoya_Expedition_Hoya_606m_grisMejua_2025-01-26,grisMejua_2025_01_26__23_12_06_HDR0.jpg,grisMejua_2025_01_26__23_12_06_HDR0_1_Mothbot_yolo11m_4500_imgsz1600_b1_2024-01-18.pt.jpg
doi.org10.15468dl.6nxkw6.csv,Animalia,Arthropoda,Insecta,Lepidoptera,,,,,797,,Lepidoptera,Lepidoptera,Cerro_Hoya_Expedition_Hoya_606m_grisMejua_2025-01-26,grisMejua_2025_01_26__23_13_06_HDR0_0_Mothbot_yolo11m_4500_imgsz1600_b1_2024-01-18.pt.jpg,HS,Mothbot_yolo11m_4500_imgsz1600_b1_2024-01-18.pt,0.770415186882019,,grisMejua,Cerro_Hoya_Expedition/Hoya_606m_grisMejua_2025-01-26/2025-01-26/patches/grisMejua_2025_01_26__23_13_06_HDR0_0_Mothbot_yolo11m_4500_imgsz1600_b1_2024-01-18.pt.jpg,ORDER_Lepidoptera,2025-01-26,23:13:06,,2025_01_26__23_13_06,MachineObservation,Cerro_Hoya_Expedition_Hoya_606m_grisMejua_2025-01-26_2025-01-26,Cerro_Hoya_Expedition_Hoya_606m_grisMejua_2025-01-26,grisMejua_2025_01_26__23_13_06_HDR0.jpg,grisMejua_2025_01_26__23_13_06_HDR0_0_Mothbot_yolo11m_4500_imgsz1600_b1_2024-01-18.pt.jpg
doi.org10.15468dl.6nxkw6.csv,Animalia,Arthropoda,Insecta,Hemiptera,,,,,809,,Hemiptera,Hemiptera,Cerro_Hoya_Expedition_Hoya_606m_grisMejua_2025-01-26,grisMejua_2025_01_26__23_13_06_HDR0_1_Mothbot_yolo11m_4500_imgsz1600_b1_2024-01-18.pt.jpg,HS,Mothbot_yolo11m_4500_imgsz1600_b1_2024-01-18.pt,0.7288214564323425,,grisMejua,Cerro_Hoya_Expedition/Hoya_606m_grisMejua_2025-01-26/2025-01-26/patches/grisMejua_2025_01_26__23_13_06_HDR0_1_Mothbot_yolo11m_4500_imgsz1600_b1_2024-01-18.pt.jpg,ORDER_Coleoptera,2025-01-26,23:13:06,,2025_01_26__23_13_06,MachineObservation,Cerro_Hoya_Expedition_Hoya_606m_grisMejua_2025-01-26_2025-01-26,Cerro_Hoya_Expedition_Hoya_606m_grisMejua_2025-01-26,grisMejua_2025_01_26__23_13_06_HDR0.jpg,grisMejua_2025_01_26__23_13_06_HDR0_1_Mothbot_yolo11m_4500_imgsz1600_b1_2024-01-18.pt.jpg
doi.org10.15468dl.6nxkw6.csv,Animalia,Arthropoda,Insecta,Diptera,,,,,811,,Diptera,Diptera,Cerro_Hoya_Expedition_Hoya_606m_grisMejua_2025-01-26,grisMejua_2025_01_26__23_13_06_HDR0_2_Mothbot_yolo11m_4500_imgsz1600_b1_2024-01-18.pt.jpg,HS,Mothbot_yolo11m_4500_imgsz1600_b1_2024-01-18.pt,0.6972744464874268,,grisMejua,Cerro_Hoya_Expedition/Hoya_606m_grisMejua_2025-01-26/2025-01-26/patches/grisMejua_2025_01_26__23_13_06_HDR0_2_Mothbot_yolo11m_4500_imgsz1600_b1_2024-01-18.pt.jpg,ORDER_Diptera,2025-01-26,23:13:06,,2025_01_26__23_13_06,MachineObservation,Cerro_Hoya_Expedition_Hoya_606m_grisMejua_2025-01-26_2025-01-26,Cerro_Hoya_Expedition_Hoya_606m_grisMejua_2025-01-26,grisMejua_2025_01_26__23_13_06_HDR0.jpg,grisMejua_2025_01_26__23_13_06_HDR0_2_Mothbot_yolo11m_4500_imgsz1600_b1_2024-01-18.pt.jpg
doi.org10.15468dl.6nxkw6.csv,Animalia,Arthropoda,Insecta,Lepidoptera,,,,,797,,Lepidoptera,Lepidoptera,Cerro_Hoya_Expedition_Hoya_606m_grisMejua_2025-01-26,grisMejua_2025_01_26__23_14_05_HDR0_0_Mothbot_yolo11m_4500_imgsz1600_b1_2024-01-18.pt.jpg,HS,Mothbot_yolo11m_4500_imgsz1600_b1_2024-01-18.pt,0.7862281799316406,,grisMejua,Cerro_Hoya_Expedition/Hoya_606m_grisMejua_2025-01-26/2025-01-26/patches/grisMejua_2025_01_26__23_14_05_HDR0_0_Mothbot_yolo11m_4500_imgsz1600_b1_2024-01-18.pt.jpg,ORDER_Lepidoptera,2025-01-26,23:14:05,,2025_01_26__23_14_05,MachineObservation,Cerro_Hoya_Expedition_Hoya_606m_grisMejua_2025-01-26_2025-01-26,Cerro_Hoya_Expedition_Hoya_606m_grisMejua_2025-01-26,grisMejua_2025_01_26__23_14_05_HDR0.jpg,grisMejua_2025_01_26__23_14_05_HDR0_0_Mothbot_yolo11m_4500_imgsz1600_b1_2024-01-18.pt.jpg
doi.org10.15468dl.6nxkw6.csv,Animalia,Arthropoda,Insecta,Hemiptera,,,,,809,,Hemiptera,Hemiptera,Cerro_Hoya_Expedition_Hoya_606m_grisMejua_2025-01-26,grisMejua_2025_01_26__23_14_05_HDR0_1_Mothbot_yolo11m_4500_imgsz1600_b1_2024-01-18.pt.jpg,HS,Mothbot_yolo11m_4500_imgsz1600_b1_2024-01-18.pt,0.749297559261322,,grisMejua,Cerro_Hoya_Expedition/Hoya_606m_grisMejua_2025-01-26/2025-01-26/patches/grisMejua_2025_01_26__23_14_05_HDR0_1_Mothbot_yolo11m_4500_imgsz1600_b1_2024-01-18.pt.jpg,ORDER_Diptera,2025-01-26,23:14:05,,2025_01_26__23_14_05,MachineObservation,Cerro_Hoya_Expedition_Hoya_606m_grisMejua_2025-01-26_2025-01-26,Cerro_Hoya_Expedition_Hoya_606m_grisMejua_2025-01-26,grisMejua_2025_01_26__23_14_05_HDR0.jpg,grisMejua_2025_01_26__23_14_05_HDR0_1_Mothbot_yolo11m_4500_imgsz1600_b1_2024-01-18.pt.jpg
doi.org10.15468dl.6nxkw6.csv,Animalia,Arthropoda,Insecta,Diptera,,,,,811,,Diptera,Diptera,Cerro_Hoya_Expedition_Hoya_606m_grisMejua_2025-01-26,grisMejua_2025_01_26__23_14_05_HDR0_2_Mothbot_yolo11m_4500_imgsz1600_b1_2024-01-18.pt.jpg,HS,Mothbot_yolo11m_4500_imgsz1600_b1_2024-01-18.pt,0.7144674062728882,,grisMejua,Cerro_Hoya_Expedition/Hoya_606m_grisMejua_2025-01-26/2025-01-26/patches/grisMejua_2025_01_26__23_14_05_HDR0_2_Mothbot_yolo11m_4500_imgsz1600_b1_2024-01-18.pt.jpg,ORDER_Diptera,2025-01-26,23:14:05,,2025_01_26__23_14_05,MachineObservation,Cerro_Hoya_Expedition_Hoya_606m_grisMejua_2025-01-26_2025-01-26,Cerro_Hoya_Expedition_Hoya_606m_grisMejua_2025-01-26,grisMejua_2025_01_26__23_14_05_HDR0.jpg,grisMejua_2025_01_26__23_14_05_HDR0_2_Mothbot_yolo11m_4500_imgsz1600_b1_2024-01-18.pt.jpg
doi.org10.15468dl.6nxkw6.csv,Animalia,Arthropoda,Insecta,Hemiptera,,,,,809,,Hemiptera,Hemiptera,Cerro_Hoya_Expedition_Hoya_606m_grisMejua_2025-01-26,grisMejua_2025_01_26__23_15_22_HDR0_0_Mothbot_yolo11m_4500_imgsz1600_b1_2024-01-18.pt.jpg,HS,Mothbot_yolo11m_4500_imgsz1600_b1_2024-01-18.pt,0.7286621332168579,,grisMejua,Cerro_Hoya_Expedition/Hoya_606m_grisMejua_2025-01-26/2025-01-26/patches/grisMejua_2025_01_26__23_15_22_HDR0_0_Mothbot_yolo11m_4500_imgsz1600_b1_2024-01-18.pt.jpg,ORDER_Coleoptera,2025-01-26,23:15:22,,2025_01_26__23_15_22,MachineObservation,Cerro_Hoya_Expedition_Hoya_606m_grisMejua_2025-01-26_2025-01-26,Cerro_Hoya_Expedition_Hoya_606m_grisMejua_2025-01-26,grisMejua_2025_01_26__23_15_22_HDR0.jpg,grisMejua_2025_01_26__23_15_22_HDR0_0_Mothbot_yolo11m_4500_imgsz1600_b1_2024-01-18.pt.jpg
doi.org10.15468dl.6nxkw6.csv,Animalia,Arthropoda,Insecta,Diptera,,,,,811,,Diptera,Diptera,Cerro_Hoya_Expedition_Hoya_606m_grisMejua_2025-01-26,grisMejua_2025_01_26__23_15_22_HDR0_1_Mothbot_yolo11m_4500_imgsz1600_b1_2024-01-18.pt.jpg,HS,Mothbot_yolo11m_4500_imgsz1600_b1_2024-01-18.pt,0.6804739832878113,,grisMejua,Cerro_Hoya_Expedition/Hoya_606m_grisMejua_2025-01-26/2025-01-26/patches/grisMejua_2025_01_26__23_15_22_HDR0_1_Mothbot_yolo11m_4500_imgsz1600_b1_2024-01-18.pt.jpg,ORDER_Diptera,2025-01-26,23:15:22,,2025_01_26__23_15_22,MachineObservation,Cerro_Hoya_Expedition_Hoya_606m_grisMejua_2025-01-26_2025-01-26,Cerro_Hoya_Expedition_Hoya_606m_grisMejua_2025-01-26,grisMejua_2025_01_26__23_15_22_HDR0.jpg,grisMejua_2025_01_26__23_15_22_HDR0_1_Mothbot_yolo11m_4500_imgsz1600_b1_2024-01-18.pt.jpg
doi.org10.15468dl.6nxkw6.csv,Animalia,Arthropoda,Insecta,,,,,,216,,Insecta,Insecta,Cerro_Hoya_Expedition_Hoya_606m_grisMejua_2025-01-26,grisMejua_2025_01_26__23_15_22_HDR0_2_Mothbot_yolo11m_4500_imgsz1600_b1_2024-01-18.pt.jpg,HS,Mothbot_yolo11m_4500_imgsz1600_b1_2024-01-18.pt,0.3315332233905792,,grisMejua,Cerro_Hoya_Expedition/Hoya_606m_grisMejua_2025-01-26/2025-01-26/patches/grisMejua_2025_01_26__23_15_22_HDR0_2_Mothbot_yolo11m_4500_imgsz1600_b1_2024-01-18.pt.jpg,ORDER_Diptera,2025-01-26,23:15:22,,2025_01_26__23_15_22,MachineObservation,Cerro_Hoya_Expedition_Hoya_606m_grisMejua_2025-01-26_2025-01-26,Cerro_Hoya_Expedition_Hoya_606m_grisMejua_2025-01-26,grisMejua_2025_01_26__23_15_22_HDR0.jpg,grisMejua_2025_01_26__23_15_22_HDR0_2_Mothbot_yolo11m_4500_imgsz1600_b1_2024-01-18.pt.jpg
doi.org10.15468dl.6nxkw6.csv,Animalia,Arthropoda,Insecta,Hemiptera,,,,,809,,Hemiptera,Hemiptera,Cerro_Hoya_Expedition_Hoya_606m_grisMejua_2025-01-26,grisMejua_2025_01_26__23_16_06_HDR0_0_Mothbot_yolo11m_4500_imgsz1600_b1_2024-01-18.pt.jpg,HS,Mothbot_yolo11m_4500_imgsz1600_b1_2024-01-18.pt,0.7842726111412048,,grisMejua,Cerro_Hoya_Expedition/Hoya_606m_grisMejua_2025-01-26/2025-01-26/patches/grisMejua_2025_01_26__23_16_06_HDR0_0_Mothbot_yolo11m_4500_imgsz1600_b1_2024-01-18.pt.jpg,ORDER_Psocodea,2025-01-26,23:16:06,,2025_01_26__23_16_06,MachineObservation,Cerro_Hoya_Expedition_Hoya_606m_grisMejua_2025-01-26_2025-01-26,Cerro_Hoya_Expedition_Hoya_606m_grisMejua_2025-01-26,grisMejua_2025_01_26__23_16_06_HDR0.jpg,grisMejua_2025_01_26__23_16_06_HDR0_0_Mothbot_yolo11m_4500_imgsz1600_b1_2024-01-18.pt.jpg
doi.org10.15468dl.6nxkw6.csv,Animalia,Arthropoda,Insecta,Diptera,,,,,811,,Diptera,Diptera,Cerro_Hoya_Expedition_Hoya_606m_grisMejua_2025-01-26,grisMejua_2025_01_26__23_16_06_HDR0_1_Mothbot_yolo11m_4500_imgsz1600_b1_2024-01-18.pt.jpg,HS,Mothbot_yolo11m_4500_imgsz1600_b1_2024-01-18.pt,0.6747487187385559,,grisMejua,Cerro_Hoya_Expedition/Hoya_606m_grisMejua_2025-01-26/2025-01-26/patches/grisMejua_2025_01_26__23_16_06_HDR0_1_Mothbot_yolo11m_4500_imgsz1600_b1_2024-01-18.pt.jpg,ORDER_Diptera,2025-01-26,23:16:06,,2025_01_26__23_16_06,MachineObservation,Cerro_Hoya_Expedition_Hoya_606m_grisMejua_2025-01-26_2025-01-26,Cerro_Hoya_Expedition_Hoya_606m_grisMejua_2025-01-26,grisMejua_2025_01_26__23_16_06_HDR0.jpg,grisMejua_2025_01_26__23_16_06_HDR0_1_Mothbot_yolo11m_4500_imgsz1600_b1_2024-01-18.pt.jpg
doi.org10.15468dl.6nxkw6.csv,Animalia,Arthropoda,Insecta,Hemiptera,,,,,809,,Hemiptera,Hemiptera,Cerro_Hoya_Expedition_Hoya_606m_grisMejua_2025-01-26,grisMejua_2025_01_26__23_17_05_HDR0_0_Mothbot_yolo11m_4500_imgsz1600_b1_2024-01-18.pt.jpg,HS,Mothbot_yolo11m_4500_imgsz1600_b1_2024-01-18.pt,0.7097331881523132,,grisMejua,Cerro_Hoya_Expedition/Hoya_606m_grisMejua_2025-01-26/2025-01-26/patches/grisMejua_2025_01_26__23_17_05_HDR0_0_Mothbot_yolo11m_4500_imgsz1600_b1_2024-01-18.pt.jpg,ORDER_Diptera,2025-01-26,23:17:05,,2025_01_26__23_17_05,MachineObservation,Cerro_Hoya_Expedition_Hoya_606m_grisMejua_2025-01-26_2025-01-26,Cerro_Hoya_Expedition_Hoya_606m_grisMejua_2025-01-26,grisMejua_2025_01_26__23_17_05_HDR0.jpg,grisMejua_2025_01_26__23_17_05_HDR0_0_Mothbot_yolo11m_4500_imgsz1600_b1_2024-01-18.pt.jpg
doi.org10.15468dl.6nxkw6.csv,Animalia,Arthropoda,Insecta,Diptera,,,,,811,,Diptera,Diptera,Cerro_Hoya_Expedition_Hoya_606m_grisMejua_2025-01-26,grisMejua_2025_01_26__23_17_05_HDR0_1_Mothbot_yolo11m_4500_imgsz1600_b1_2024-01-18.pt.jpg,HS,Mothbot_yolo11m_4500_imgsz1600_b1_2024-01-18.pt,0.6816845536231995,,grisMejua,Cerro_Hoya_Expedition/Hoya_606m_grisMejua_2025-01-26/2025-01-26/patches/grisMejua_2025_01_26__23_17_05_HDR0_1_Mothbot_yolo11m_4500_imgsz1600_b1_2024-01-18.pt.jpg,ORDER_Diptera,2025-01-26,23:17:05,,2025_01_26__23_17_05,MachineObservation,Cerro_Hoya_Expedition_Hoya_606m_grisMejua_2025-01-26_2025-01-26,Cerro_Hoya_Expedition_Hoya_606m_grisMejua_2025-01-26,grisMejua_2025_01_26__23_17_05_HDR0.jpg,grisMejua_2025_01_26__23_17_05_HDR0_1_Mothbot_yolo11m_4500_imgsz1600_b1_2024-01-18.pt.jpg
doi.org10.15468dl.6nxkw6.csv,Animalia,Arthropoda,Insecta,Hemiptera,,,,,809,,Hemiptera,Hemiptera,Cerro_Hoya_Expedition_Hoya_606m_grisMejua_2025-01-26,grisMejua_2025_01_26__23_18_06_HDR0_0_Mothbot_yolo11m_4500_imgsz1600_b1_2024-01-18.pt.jpg,HS,Mothbot_yolo11m_4500_imgsz1600_b1_2024-01-18.pt,0.6254671812057495,,grisMejua,Cerro_Hoya_Expedition/Hoya_606m_grisMejua_2025-01-26/2025-01-26/patches/grisMejua_2025_01_26__23_18_06_HDR0_0_Mothbot_yolo11m_4500_imgsz1600_b1_2024-01-18.pt.jpg,ORDER_Psocodea,2025-01-26,23:18:06,,2025_01_26__23_18_06,MachineObservation,Cerro_Hoya_Expedition_Hoya_606m_grisMejua_2025-01-26_2025-01-26,Cerro_Hoya_Expedition_Hoya_606m_grisMejua_2025-01-26,grisMejua_2025_01_26__23_18_06_HDR0.jpg,grisMejua_2025_01_26__23_18_06_HDR0_0_Mothbot_yolo11m_4500_imgsz1600_b1_2024-01-18.pt.jpg
doi.org10.15468dl.6nxkw6.csv,Animalia,Arthropoda,Insecta,Diptera,,,,,811,,Diptera,Diptera,Cerro_Hoya_Expedition_Hoya_606m_grisMejua_2025-01-26,grisMejua_2025_01_26__23_18_06_HDR0_1_Mothbot_yolo11m_4500_imgsz1600_b1_2024-01-18.pt.jpg,HS,Mothbot_yolo11m_4500_imgsz1600_b1_2024-01-18.pt,0.6038163900375366,,grisMejua,Cerro_Hoya_Expedition/Hoya_606m_grisMejua_2025-01-26/2025-01-26/patches/grisMejua_2025_01_26__23_18_06_HDR0_1_Mothbot_yolo11m_4500_imgsz1600_b1_2024-01-18.pt.jpg,ORDER_Diptera,2025-01-26,23:18:06,,2025_01_26__23_18_06,MachineObservation,Cerro_Hoya_Expedition_Hoya_606m_grisMejua_2025-01-26_2025-01-26,Cerro_Hoya_Expedition_Hoya_606m_grisMejua_2025-01-26,grisMejua_2025_01_26__23_18_06_HDR0.jpg,grisMejua_2025_01_26__23_18_06_HDR0_1_Mothbot_yolo11m_4500_imgsz1600_b1_2024-01-18.pt.jpg
doi.org10.15468dl.6nxkw6.csv,Animalia,Arthropoda,Insecta,Diptera,,,,,811,,Diptera,Diptera,Cerro_Hoya_Expedition_Hoya_606m_grisMejua_2025-01-26,grisMejua_2025_01_26__23_19_06_HDR0_0_Mothbot_yolo11m_4500_imgsz1600_b1_2024-01-18.pt.jpg,HS,Mothbot_yolo11m_4500_imgsz1600_b1_2024-01-18.pt,0.5497598052024841,,grisMejua,Cerro_Hoya_Expedition/Hoya_606m_grisMejua_2025-01-26/2025-01-26/patches/grisMejua_2025_01_26__23_19_06_HDR0_0_Mothbot_yolo11m_4500_imgsz1600_b1_2024-01-18.pt.jpg,ORDER_Diptera,2025-01-26,23:19:06,,2025_01_26__23_19_06,MachineObservation,Cerro_Hoya_Expedition_Hoya_606m_grisMejua_2025-01-26_2025-01-26,Cerro_Hoya_Expedition_Hoya_606m_grisMejua_2025-01-26,grisMejua_2025_01_26__23_19_06_HDR0.jpg,grisMejua_2025_01_26__23_19_06_HDR0_0_Mothbot_yolo11m_4500_imgsz1600_b1_2024-01-18.pt.jpg
doi.org10.15468dl.6nxkw6.csv,Animalia,Arthropoda,Insecta,Diptera,,,,,811,,Diptera,Diptera,Cerro_Hoya_Expedition_Hoya_606m_grisMejua_2025-01-26,grisMejua_2025_01_26__23_20_06_HDR0_0_Mothbot_yolo11m_4500_imgsz1600_b1_2024-01-18.pt.jpg,HS,Mothbot_yolo11m_4500_imgsz1600_b1_2024-01-18.pt,0.6214956045150757,,grisMejua,Cerro_Hoya_Expedition/Hoya_606m_grisMejua_2025-01-26/2025-01-26/patches/grisMejua_2025_01_26__23_20_06_HDR0_0_Mothbot_yolo11m_4500_imgsz1600_b1_2024-01-18.pt.jpg,ORDER_Diptera,2025-01-26,23:20:06,,2025_01_26__23_20_06,MachineObservation,Cerro_Hoya_Expedition_Hoya_606m_grisMejua_2025-01-26_2025-01-26,Cerro_Hoya_Expedition_Hoya_606m_grisMejua_2025-01-26,grisMejua_2025_01_26__23_20_06_HDR0.jpg,grisMejua_2025_01_26__23_20_06_HDR0_0_Mothbot_yolo11m_4500_imgsz1600_b1_2024-01-18.pt.jpg
doi.org10.15468dl.6nxkw6.csv,Animalia,Arthropoda,Insecta,Lepidoptera,,,,,797,,Lepidoptera,Lepidoptera,Cerro_Hoya_Expedition_Hoya_606m_grisMejua_2025-01-26,grisMejua_2025_01_26__23_20_06_HDR0_1_Mothbot_yolo11m_4500_imgsz1600_b1_2024-01-18.pt.jpg,HS,Mothbot_yolo11m_4500_imgsz1600_b1_2024-01-18.pt,0.302870512008667,,grisMejua,Cerro_Hoya_Expedition/Hoya_606m_grisMejua_2025-01-26/2025-01-26/patches/grisMejua_2025_01_26__23_20_06_HDR0_1_Mothbot_yolo11m_4500_imgsz1600_b1_2024-01-18.pt.jpg,ORDER_Lepidoptera,2025-01-26,23:20:06,,2025_01_26__23_20_06,MachineObservation,Cerro_Hoya_Expedition_Hoya_606m_grisMejua_2025-01-26_2025-01-26,Cerro_Hoya_Expedition_Hoya_606m_grisMejua_2025-01-26,grisMejua_2025_01_26__23_20_06_HDR0.jpg,grisMejua_2025_01_26__23_20_06_HDR0_1_Mothbot_yolo11m_4500_imgsz1600_b1_2024-01-18.pt.jpg
doi.org10.15468dl.6nxkw6.csv,Animalia,Arthropoda,Insecta,Diptera,,,,,811,,Diptera,Diptera,Cerro_Hoya_Expedition_Hoya_606m_grisMejua_2025-01-26,grisMejua_2025_01_26__23_21_06_HDR0_0_Mothbot_yolo11m_4500_imgsz1600_b1_2024-01-18.pt.jpg,HS,Mothbot_yolo11m_4500_imgsz1600_b1_2024-01-18.pt,0.6285639405250549,,grisMejua,Cerro_Hoya_Expedition/Hoya_606m_grisMejua_2025-01-26/2025-01-26/patches/grisMejua_2025_01_26__23_21_06_HDR0_0_Mothbot_yolo11m_4500_imgsz1600_b1_2024-01-18.pt.jpg,ORDER_Diptera,2025-01-26,23:21:06,,2025_01_26__23_21_06,MachineObservation,Cerro_Hoya_Expedition_Hoya_606m_grisMejua_2025-01-26_2025-01-26,Cerro_Hoya_Expedition_Hoya_606m_grisMejua_2025-01-26,grisMejua_2025_01_26__23_21_06_HDR0.jpg,grisMejua_2025_01_26__23_21_06_HDR0_0_Mothbot_yolo11m_4500_imgsz1600_b1_2024-01-18.pt.jpg
doi.org10.15468dl.6nxkw6.csv,Animalia,Arthropoda,Insecta,Diptera,,,,,811,,Diptera,Diptera,Cerro_Hoya_Expedition_Hoya_606m_grisMejua_2025-01-26,grisMejua_2025_01_26__23_22_23_HDR0_0_Mothbot_yolo11m_4500_imgsz1600_b1_2024-01-18.pt.jpg,HS,Mothbot_yolo11m_4500_imgsz1600_b1_2024-01-18.pt,0.5718269944190979,,grisMejua,Cerro_Hoya_Expedition/Hoya_606m_grisMejua_2025-01-26/2025-01-26/patches/grisMejua_2025_01_26__23_22_23_HDR0_0_Mothbot_yolo11m_4500_imgsz1600_b1_2024-01-18.pt.jpg,ORDER_Diptera,2025-01-26,23:22:23,,2025_01_26__23_22_23,MachineObservation,Cerro_Hoya_Expedition_Hoya_606m_grisMejua_2025-01-26_2025-01-26,Cerro_Hoya_Expedition_Hoya_606m_grisMejua_2025-01-26,grisMejua_2025_01_26__23_22_23_HDR0.jpg,grisMejua_2025_01_26__23_22_23_HDR0_0_Mothbot_yolo11m_4500_imgsz1600_b1_2024-01-18.pt.jpg
doi.org10.15468dl.6nxkw6.csv,Animalia,Arthropoda,Insecta,Diptera,,,,,811,,Diptera,Diptera,Cerro_Hoya_Expedition_Hoya_606m_grisMejua_2025-01-26,grisMejua_2025_01_26__23_23_06_HDR0_0_Mothbot_yolo11m_4500_imgsz1600_b1_2024-01-18.pt.jpg,HS,Mothbot_yolo11m_4500_imgsz1600_b1_2024-01-18.pt,0.5600494146347046,,grisMejua,Cerro_Hoya_Expedition/Hoya_606m_grisMejua_2025-01-26/2025-01-26/patches/grisMejua_2025_01_26__23_23_06_HDR0_0_Mothbot_yolo11m_4500_imgsz1600_b1_2024-01-18.pt.jpg,ORDER_Hemiptera,2025-01-26,23:23:06,,2025_01_26__23_23_06,MachineObservation,Cerro_Hoya_Expedition_Hoya_606m_grisMejua_2025-01-26_2025-01-26,Cerro_Hoya_Expedition_Hoya_606m_grisMejua_2025-01-26,grisMejua_2025_01_26__23_23_06_HDR0.jpg,grisMejua_2025_01_26__23_23_06_HDR0_0_Mothbot_yolo11m_4500_imgsz1600_b1_2024-01-18.pt.jpg
doi.org10.15468dl.6nxkw6.csv,Animalia,Arthropoda,Insecta,Lepidoptera,,,,,797,,Lepidoptera,Lepidoptera,Cerro_Hoya_Expedition_Hoya_606m_grisMejua_2025-01-26,grisMejua_2025_01_26__23_24_06_HDR0_0_Mothbot_yolo11m_4500_imgsz1600_b1_2024-01-18.pt.jpg,HS,Mothbot_yolo11m_4500_imgsz1600_b1_2024-01-18.pt,0.84337317943573,,grisMejua,Cerro_Hoya_Expedition/Hoya_606m_grisMejua_2025-01-26/2025-01-26/patches/grisMejua_2025_01_26__23_24_06_HDR0_0_Mothbot_yolo11m_4500_imgsz1600_b1_2024-01-18.pt.jpg,ORDER_Lepidoptera,2025-01-26,23:24:06,,2025_01_26__23_24_06,MachineObservation,Cerro_Hoya_Expedition_Hoya_606m_grisMejua_2025-01-26_2025-01-26,Cerro_Hoya_Expedition_Hoya_606m_grisMejua_2025-01-26,grisMejua_2025_01_26__23_24_06_HDR0.jpg,grisMejua_2025_01_26__23_24_06_HDR0_0_Mothbot_yolo11m_4500_imgsz1600_b1_2024-01-18.pt.jpg
doi.org10.15468dl.6nxkw6.csv,Animalia,Arthropoda,Insecta,Diptera,,,,,811,,Diptera,Diptera,Cerro_Hoya_Expedition_Hoya_606m_grisMejua_2025-01-26,grisMejua_2025_01_26__23_24_06_HDR0_1_Mothbot_yolo11m_4500_imgsz1600_b1_2024-01-18.pt.jpg,HS,Mothbot_yolo11m_4500_imgsz1600_b1_2024-01-18.pt,0.5039042830467224,,grisMejua,Cerro_Hoya_Expedition/Hoya_606m_grisMejua_2025-01-26/2025-01-26/patches/grisMejua_2025_01_26__23_24_06_HDR0_1_Mothbot_yolo11m_4500_imgsz1600_b1_2024-01-18.pt.jpg,ORDER_Hemiptera,2025-01-26,23:24:06,,2025_01_26__23_24_06,MachineObservation,Cerro_Hoya_Expedition_Hoya_606m_grisMejua_2025-01-26_2025-01-26,Cerro_Hoya_Expedition_Hoya_606m_grisMejua_2025-01-26,grisMejua_2025_01_26__23_24_06_HDR0.jpg,grisMejua_2025_01_26__23_24_06_HDR0_1_Mothbot_yolo11m_4500_imgsz1600_b1_2024-01-18.pt.jpg
doi.org10.15468dl.6nxkw6.csv,Animalia,Arthropoda,Insecta,Lepidoptera,,,,,797,,Lepidoptera,Lepidoptera,Cerro_Hoya_Expedition_Hoya_606m_grisMejua_2025-01-26,grisMejua_2025_01_26__23_25_05_HDR0_0_Mothbot_yolo11m_4500_imgsz1600_b1_2024-01-18.pt.jpg,HS,Mothbot_yolo11m_4500_imgsz1600_b1_2024-01-18.pt,0.8252267241477966,,grisMejua,Cerro_Hoya_Expedition/Hoya_606m_grisMejua_2025-01-26/2025-01-26/patches/grisMejua_2025_01_26__23_25_05_HDR0_0_Mothbot_yolo11m_4500_imgsz1600_b1_2024-01-18.pt.jpg,ORDER_Lepidoptera,2025-01-26,23:25:05,,2025_01_26__23_25_05,MachineObservation,Cerro_Hoya_Expedition_Hoya_606m_grisMejua_2025-01-26_2025-01-26,Cerro_Hoya_Expedition_Hoya_606m_grisMejua_2025-01-26,grisMejua_2025_01_26__23_25_05_HDR0.jpg,grisMejua_2025_01_26__23_25_05_HDR0_0_Mothbot_yolo11m_4500_imgsz1600_b1_2024-01-18.pt.jpg
doi.org10.15468dl.6nxkw6.csv,Animalia,Arthropoda,Insecta,Lepidoptera,,,,,797,,Lepidoptera,Lepidoptera,Cerro_Hoya_Expedition_Hoya_606m_grisMejua_2025-01-26,grisMejua_2025_01_26__23_25_05_HDR0_1_Mothbot_yolo11m_4500_imgsz1600_b1_2024-01-18.pt.jpg,HS,Mothbot_yolo11m_4500_imgsz1600_b1_2024-01-18.pt,0.8218047618865967,,grisMejua,Cerro_Hoya_Expedition/Hoya_606m_grisMejua_2025-01-26/2025-01-26/patches/grisMejua_2025_01_26__23_25_05_HDR0_1_Mothbot_yolo11m_4500_imgsz1600_b1_2024-01-18.pt.jpg,ORDER_Lepidoptera,2025-01-26,23:25:05,,2025_01_26__23_25_05,MachineObservation,Cerro_Hoya_Expedition_Hoya_606m_grisMejua_2025-01-26_2025-01-26,Cerro_Hoya_Expedition_Hoya_606m_grisMejua_2025-01-26,grisMejua_2025_01_26__23_25_05_HDR0.jpg,grisMejua_2025_01_26__23_25_05_HDR0_1_Mothbot_yolo11m_4500_imgsz1600_b1_2024-01-18.pt.jpg
doi.org10.15468dl.6nxkw6.csv,Animalia,Arthropoda,Insecta,Diptera,,,,,811,,Diptera,Diptera,Cerro_Hoya_Expedition_Hoya_606m_grisMejua_2025-01-26,grisMejua_2025_01_26__23_25_05_HDR0_2_Mothbot_yolo11m_4500_imgsz1600_b1_2024-01-18.pt.jpg,HS,Mothbot_yolo11m_4500_imgsz1600_b1_2024-01-18.pt,0.5341396927833557,,grisMejua,Cerro_Hoya_Expedition/Hoya_606m_grisMejua_2025-01-26/2025-01-26/patches/grisMejua_2025_01_26__23_25_05_HDR0_2_Mothbot_yolo11m_4500_imgsz1600_b1_2024-01-18.pt.jpg,ORDER_Diptera,2025-01-26,23:25:05,,2025_01_26__23_25_05,MachineObservation,Cerro_Hoya_Expedition_Hoya_606m_grisMejua_2025-01-26_2025-01-26,Cerro_Hoya_Expedition_Hoya_606m_grisMejua_2025-01-26,grisMejua_2025_01_26__23_25_05_HDR0.jpg,grisMejua_2025_01_26__23_25_05_HDR0_2_Mothbot_yolo11m_4500_imgsz1600_b1_2024-01-18.pt.jpg
doi.org10.15468dl.6nxkw6.csv,Animalia,Arthropoda,Insecta,Lepidoptera,,,,,797,,Lepidoptera,Lepidoptera,Cerro_Hoya_Expedition_Hoya_606m_grisMejua_2025-01-26,grisMejua_2025_01_26__23_26_06_HDR0_0_Mothbot_yolo11m_4500_imgsz1600_b1_2024-01-18.pt.jpg,HS,Mothbot_yolo11m_4500_imgsz1600_b1_2024-01-18.pt,0.835116982460022,,grisMejua,Cerro_Hoya_Expedition/Hoya_606m_grisMejua_2025-01-26/2025-01-26/patches/grisMejua_2025_01_26__23_26_06_HDR0_0_Mothbot_yolo11m_4500_imgsz1600_b1_2024-01-18.pt.jpg,ORDER_Lepidoptera,2025-01-26,23:26:06,,2025_01_26__23_26_06,MachineObservation,Cerro_Hoya_Expedition_Hoya_606m_grisMejua_2025-01-26_2025-01-26,Cerro_Hoya_Expedition_Hoya_606m_grisMejua_2025-01-26,grisMejua_2025_01_26__23_26_06_HDR0.jpg,grisMejua_2025_01_26__23_26_06_HDR0_0_Mothbot_yolo11m_4500_imgsz1600_b1_2024-01-18.pt.jpg
doi.org10.15468dl.6nxkw6.csv,Animalia,Arthropoda,Insecta,Diptera,,,,,811,,Diptera,Diptera,Cerro_Hoya_Expedition_Hoya_606m_grisMejua_2025-01-26,grisMejua_2025_01_26__23_26_06_HDR0_1_Mothbot_yolo11m_4500_imgsz1600_b1_2024-01-18.pt.jpg,HS,Mothbot_yolo11m_4500_imgsz1600_b1_2024-01-18.pt,0.6036744713783264,,grisMejua,Cerro_Hoya_Expedition/Hoya_606m_grisMejua_2025-01-26/2025-01-26/patches/grisMejua_2025_01_26__23_26_06_HDR0_1_Mothbot_yolo11m_4500_imgsz1600_b1_2024-01-18.pt.jpg,ORDER_Hymenoptera,2025-01-26,23:26:06,,2025_01_26__23_26_06,MachineObservation,Cerro_Hoya_Expedition_Hoya_606m_grisMejua_2025-01-26_2025-01-26,Cerro_Hoya_Expedition_Hoya_606m_grisMejua_2025-01-26,grisMejua_2025_01_26__23_26_06_HDR0.jpg,grisMejua_2025_01_26__23_26_06_HDR0_1_Mothbot_yolo11m_4500_imgsz1600_b1_2024-01-18.pt.jpg
doi.org10.15468dl.6nxkw6.csv,Animalia,Arthropoda,Insecta,Lepidoptera,,,,,797,,Lepidoptera,Lepidoptera,Cerro_Hoya_Expedition_Hoya_606m_grisMejua_2025-01-26,grisMejua_2025_01_26__23_27_06_HDR0_0_Mothbot_yolo11m_4500_imgsz1600_b1_2024-01-18.pt.jpg,HS,Mothbot_yolo11m_4500_imgsz1600_b1_2024-01-18.pt,0.8206105828285217,,grisMejua,Cerro_Hoya_Expedition/Hoya_606m_grisMejua_2025-01-26/2025-01-26/patches/grisMejua_2025_01_26__23_27_06_HDR0_0_Mothbot_yolo11m_4500_imgsz1600_b1_2024-01-18.pt.jpg,ORDER_Lepidoptera,2025-01-26,23:27:06,,2025_01_26__23_27_06,MachineObservation,Cerro_Hoya_Expedition_Hoya_606m_grisMejua_2025-01-26_2025-01-26,Cerro_Hoya_Expedition_Hoya_606m_grisMejua_2025-01-26,grisMejua_2025_01_26__23_27_06_HDR0.jpg,grisMejua_2025_01_26__23_27_06_HDR0_0_Mothbot_yolo11m_4500_imgsz1600_b1_2024-01-18.pt.jpg
doi.org10.15468dl.6nxkw6.csv,Animalia,Arthropoda,Insecta,Diptera,,,,,811,,Diptera,Diptera,Cerro_Hoya_Expedition_Hoya_606m_grisMejua_2025-01-26,grisMejua_2025_01_26__23_27_06_HDR0_1_Mothbot_yolo11m_4500_imgsz1600_b1_2024-01-18.pt.jpg,HS,Mothbot_yolo11m_4500_imgsz1600_b1_2024-01-18.pt,0.7109074592590332,,grisMejua,Cerro_Hoya_Expedition/Hoya_606m_grisMejua_2025-01-26/2025-01-26/patches/grisMejua_2025_01_26__23_27_06_HDR0_1_Mothbot_yolo11m_4500_imgsz1600_b1_2024-01-18.pt.jpg,ORDER_Diptera,2025-01-26,23:27:06,,2025_01_26__23_27_06,MachineObservation,Cerro_Hoya_Expedition_Hoya_606m_grisMejua_2025-01-26_2025-01-26,Cerro_Hoya_Expedition_Hoya_606m_grisMejua_2025-01-26,grisMejua_2025_01_26__23_27_06_HDR0.jpg,grisMejua_2025_01_26__23_27_06_HDR0_1_Mothbot_yolo11m_4500_imgsz1600_b1_2024-01-18.pt.jpg
doi.org10.15468dl.6nxkw6.csv,Animalia,Arthropoda,Insecta,Lepidoptera,,,,,797,,Lepidoptera,Lepidoptera,Cerro_Hoya_Expedition_Hoya_606m_grisMejua_2025-01-26,grisMejua_2025_01_26__23_28_06_HDR0_0_Mothbot_yolo11m_4500_imgsz1600_b1_2024-01-18.pt.jpg,HS,Mothbot_yolo11m_4500_imgsz1600_b1_2024-01-18.pt,0.8196939826011658,,grisMejua,Cerro_Hoya_Expedition/Hoya_606m_grisMejua_2025-01-26/2025-01-26/patches/grisMejua_2025_01_26__23_28_06_HDR0_0_Mothbot_yolo11m_4500_imgsz1600_b1_2024-01-18.pt.jpg,ORDER_Lepidoptera,2025-01-26,23:28:06,,2025_01_26__23_28_06,MachineObservation,Cerro_Hoya_Expedition_Hoya_606m_grisMejua_2025-01-26_2025-01-26,Cerro_Hoya_Expedition_Hoya_606m_grisMejua_2025-01-26,grisMejua_2025_01_26__23_28_06_HDR0.jpg,grisMejua_2025_01_26__23_28_06_HDR0_0_Mothbot_yolo11m_4500_imgsz1600_b1_2024-01-18.pt.jpg
doi.org10.15468dl.6nxkw6.csv,Animalia,Arthropoda,Insecta,Diptera,,,,,811,,Diptera,Diptera,Cerro_Hoya_Expedition_Hoya_606m_grisMejua_2025-01-26,grisMejua_2025_01_26__23_28_06_HDR0_1_Mothbot_yolo11m_4500_imgsz1600_b1_2024-01-18.pt.jpg,HS,Mothbot_yolo11m_4500_imgsz1600_b1_2024-01-18.pt,0.5621513724327087,,grisMejua,Cerro_Hoya_Expedition/Hoya_606m_grisMejua_2025-01-26/2025-01-26/patches/grisMejua_2025_01_26__23_28_06_HDR0_1_Mothbot_yolo11m_4500_imgsz1600_b1_2024-01-18.pt.jpg,ORDER_Psocodea,2025-01-26,23:28:06,,2025_01_26__23_28_06,MachineObservation,Cerro_Hoya_Expedition_Hoya_606m_grisMejua_2025-01-26_2025-01-26,Cerro_Hoya_Expedition_Hoya_606m_grisMejua_2025-01-26,grisMejua_2025_01_26__23_28_06_HDR0.jpg,grisMejua_2025_01_26__23_28_06_HDR0_1_Mothbot_yolo11m_4500_imgsz1600_b1_2024-01-18.pt.jpg
doi.org10.15468dl.6nxkw6.csv,Animalia,Arthropoda,Insecta,Lepidoptera,,,,,797,,Lepidoptera,Lepidoptera,Cerro_Hoya_Expedition_Hoya_606m_grisMejua_2025-01-26,grisMejua_2025_01_26__23_29_23_HDR0_0_Mothbot_yolo11m_4500_imgsz1600_b1_2024-01-18.pt.jpg,HS,Mothbot_yolo11m_4500_imgsz1600_b1_2024-01-18.pt,0.8140051364898682,,grisMejua,Cerro_Hoya_Expedition/Hoya_606m_grisMejua_2025-01-26/2025-01-26/patches/grisMejua_2025_01_26__23_29_23_HDR0_0_Mothbot_yolo11m_4500_imgsz1600_b1_2024-01-18.pt.jpg,ORDER_Lepidoptera,2025-01-26,23:29:23,,2025_01_26__23_29_23,MachineObservation,Cerro_Hoya_Expedition_Hoya_606m_grisMejua_2025-01-26_2025-01-26,Cerro_Hoya_Expedition_Hoya_606m_grisMejua_2025-01-26,grisMejua_2025_01_26__23_29_23_HDR0.jpg,grisMejua_2025_01_26__23_29_23_HDR0_0_Mothbot_yolo11m_4500_imgsz1600_b1_2024-01-18.pt.jpg
doi.org10.15468dl.6nxkw6.csv,Animalia,Arthropoda,Insecta,Hemiptera,,,,,809,,Hemiptera,Hemiptera,Cerro_Hoya_Expedition_Hoya_606m_grisMejua_2025-01-26,grisMejua_2025_01_26__23_29_23_HDR0_1_Mothbot_yolo11m_4500_imgsz1600_b1_2024-01-18.pt.jpg,HS,Mothbot_yolo11m_4500_imgsz1600_b1_2024-01-18.pt,0.6653230786323547,,grisMejua,Cerro_Hoya_Expedition/Hoya_606m_grisMejua_2025-01-26/2025-01-26/patches/grisMejua_2025_01_26__23_29_23_HDR0_1_Mothbot_yolo11m_4500_imgsz1600_b1_2024-01-18.pt.jpg,ORDER_Diptera,2025-01-26,23:29:23,,2025_01_26__23_29_23,MachineObservation,Cerro_Hoya_Expedition_Hoya_606m_grisMejua_2025-01-26_2025-01-26,Cerro_Hoya_Expedition_Hoya_606m_grisMejua_2025-01-26,grisMejua_2025_01_26__23_29_23_HDR0.jpg,grisMejua_2025_01_26__23_29_23_HDR0_1_Mothbot_yolo11m_4500_imgsz1600_b1_2024-01-18.pt.jpg
doi.org10.15468dl.6nxkw6.csv,Animalia,Arthropoda,Insecta,Diptera,,,,,811,,Diptera,Diptera,Cerro_Hoya_Expedition_Hoya_606m_grisMejua_2025-01-26,grisMejua_2025_01_26__23_29_23_HDR0_2_Mothbot_yolo11m_4500_imgsz1600_b1_2024-01-18.pt.jpg,HS,Mothbot_yolo11m_4500_imgsz1600_b1_2024-01-18.pt,0.6476767659187317,,grisMejua,Cerro_Hoya_Expedition/Hoya_606m_grisMejua_2025-01-26/2025-01-26/patches/grisMejua_2025_01_26__23_29_23_HDR0_2_Mothbot_yolo11m_4500_imgsz1600_b1_2024-01-18.pt.jpg,ORDER_Psocodea,2025-01-26,23:29:23,,2025_01_26__23_29_23,MachineObservation,Cerro_Hoya_Expedition_Hoya_606m_grisMejua_2025-01-26_2025-01-26,Cerro_Hoya_Expedition_Hoya_606m_grisMejua_2025-01-26,grisMejua_2025_01_26__23_29_23_HDR0.jpg,grisMejua_2025_01_26__23_29_23_HDR0_2_Mothbot_yolo11m_4500_imgsz1600_b1_2024-01-18.pt.jpg
doi.org10.15468dl.6nxkw6.csv,Animalia,Arthropoda,Insecta,Lepidoptera,,,,,797,,Lepidoptera,Lepidoptera,Cerro_Hoya_Expedition_Hoya_606m_grisMejua_2025-01-26,grisMejua_2025_01_26__23_30_06_HDR0_0_Mothbot_yolo11m_4500_imgsz1600_b1_2024-01-18.pt.jpg,HS,Mothbot_yolo11m_4500_imgsz1600_b1_2024-01-18.pt,0.8168113231658936,,grisMejua,Cerro_Hoya_Expedition/Hoya_606m_grisMejua_2025-01-26/2025-01-26/patches/grisMejua_2025_01_26__23_30_06_HDR0_0_Mothbot_yolo11m_4500_imgsz1600_b1_2024-01-18.pt.jpg,ORDER_Lepidoptera,2025-01-26,23:30:06,,2025_01_26__23_30_06,MachineObservation,Cerro_Hoya_Expedition_Hoya_606m_grisMejua_2025-01-26_2025-01-26,Cerro_Hoya_Expedition_Hoya_606m_grisMejua_2025-01-26,grisMejua_2025_01_26__23_30_06_HDR0.jpg,grisMejua_2025_01_26__23_30_06_HDR0_0_Mothbot_yolo11m_4500_imgsz1600_b1_2024-01-18.pt.jpg
doi.org10.15468dl.6nxkw6.csv,Animalia,Arthropoda,Insecta,Hemiptera,,,,,809,,Hemiptera,Hemiptera,Cerro_Hoya_Expedition_Hoya_606m_grisMejua_2025-01-26,grisMejua_2025_01_26__23_30_06_HDR0_1_Mothbot_yolo11m_4500_imgsz1600_b1_2024-01-18.pt.jpg,HS,Mothbot_yolo11m_4500_imgsz1600_b1_2024-01-18.pt,0.6549117565155029,,grisMejua,Cerro_Hoya_Expedition/Hoya_606m_grisMejua_2025-01-26/2025-01-26/patches/grisMejua_2025_01_26__23_30_06_HDR0_1_Mothbot_yolo11m_4500_imgsz1600_b1_2024-01-18.pt.jpg,ORDER_Psocodea,2025-01-26,23:30:06,,2025_01_26__23_30_06,MachineObservation,Cerro_Hoya_Expedition_Hoya_606m_grisMejua_2025-01-26_2025-01-26,Cerro_Hoya_Expedition_Hoya_606m_grisMejua_2025-01-26,grisMejua_2025_01_26__23_30_06_HDR0.jpg,grisMejua_2025_01_26__23_30_06_HDR0_1_Mothbot_yolo11m_4500_imgsz1600_b1_2024-01-18.pt.jpg
doi.org10.15468dl.6nxkw6.csv,Animalia,Arthropoda,Insecta,Diptera,,,,,811,,Diptera,Diptera,Cerro_Hoya_Expedition_Hoya_606m_grisMejua_2025-01-26,grisMejua_2025_01_26__23_30_06_HDR0_2_Mothbot_yolo11m_4500_imgsz1600_b1_2024-01-18.pt.jpg,HS,Mothbot_yolo11m_4500_imgsz1600_b1_2024-01-18.pt,0.6139528751373291,,grisMejua,Cerro_Hoya_Expedition/Hoya_606m_grisMejua_2025-01-26/2025-01-26/patches/grisMejua_2025_01_26__23_30_06_HDR0_2_Mothbot_yolo11m_4500_imgsz1600_b1_2024-01-18.pt.jpg,ORDER_Diptera,2025-01-26,23:30:06,,2025_01_26__23_30_06,MachineObservation,Cerro_Hoya_Expedition_Hoya_606m_grisMejua_2025-01-26_2025-01-26,Cerro_Hoya_Expedition_Hoya_606m_grisMejua_2025-01-26,grisMejua_2025_01_26__23_30_06_HDR0.jpg,grisMejua_2025_01_26__23_30_06_HDR0_2_Mothbot_yolo11m_4500_imgsz1600_b1_2024-01-18.pt.jpg
doi.org10.15468dl.6nxkw6.csv,Animalia,Arthropoda,Insecta,Coleoptera,Chrysomelidae,,,Alticini8,7780,,Chrysomelidae,Alticini8,Cerro_Hoya_Expedition_Hoya_606m_grisMejua_2025-01-26,grisMejua_2025_01_26__23_30_06_HDR0_3_Mothbot_yolo11m_4500_imgsz1600_b1_2024-01-18.pt.jpg,HS,Mothbot_yolo11m_4500_imgsz1600_b1_2024-01-18.pt,0.277177095413208,,grisMejua,Cerro_Hoya_Expedition/Hoya_606m_grisMejua_2025-01-26/2025-01-26/patches/grisMejua_2025_01_26__23_30_06_HDR0_3_Mothbot_yolo11m_4500_imgsz1600_b1_2024-01-18.pt.jpg,ORDER_Coleoptera,2025-01-26,23:30:06,,2025_01_26__23_30_06,MachineObservation,Cerro_Hoya_Expedition_Hoya_606m_grisMejua_2025-01-26_2025-01-26,Cerro_Hoya_Expedition_Hoya_606m_grisMejua_2025-01-26,grisMejua_2025_01_26__23_30_06_HDR0.jpg,grisMejua_2025_01_26__23_30_06_HDR0_3_Mothbot_yolo11m_4500_imgsz1600_b1_2024-01-18.pt.jpg
doi.org10.15468dl.6nxkw6.csv,Animalia,Arthropoda,Insecta,Lepidoptera,,,,,797,,Lepidoptera,Lepidoptera,Cerro_Hoya_Expedition_Hoya_606m_grisMejua_2025-01-26,grisMejua_2025_01_26__23_31_06_HDR0_0_Mothbot_yolo11m_4500_imgsz1600_b1_2024-01-18.pt.jpg,HS,Mothbot_yolo11m_4500_imgsz1600_b1_2024-01-18.pt,0.8064531087875366,,grisMejua,Cerro_Hoya_Expedition/Hoya_606m_grisMejua_2025-01-26/2025-01-26/patches/grisMejua_2025_01_26__23_31_06_HDR0_0_Mothbot_yolo11m_4500_imgsz1600_b1_2024-01-18.pt.jpg,ORDER_Lepidoptera,2025-01-26,23:31:06,,2025_01_26__23_31_06,MachineObservation,Cerro_Hoya_Expedition_Hoya_606m_grisMejua_2025-01-26_2025-01-26,Cerro_Hoya_Expedition_Hoya_606m_grisMejua_2025-01-26,grisMejua_2025_01_26__23_31_06_HDR0.jpg,grisMejua_2025_01_26__23_31_06_HDR0_0_Mothbot_yolo11m_4500_imgsz1600_b1_2024-01-18.pt.jpg
doi.org10.15468dl.6nxkw6.csv,Animalia,Arthropoda,Insecta,Hemiptera,,,,,809,,Hemiptera,Hemiptera,Cerro_Hoya_Expedition_Hoya_606m_grisMejua_2025-01-26,grisMejua_2025_01_26__23_31_06_HDR0_1_Mothbot_yolo11m_4500_imgsz1600_b1_2024-01-18.pt.jpg,HS,Mothbot_yolo11m_4500_imgsz1600_b1_2024-01-18.pt,0.7546345591545105,,grisMejua,Cerro_Hoya_Expedition/Hoya_606m_grisMejua_2025-01-26/2025-01-26/patches/grisMejua_2025_01_26__23_31_06_HDR0_1_Mothbot_yolo11m_4500_imgsz1600_b1_2024-01-18.pt.jpg,ORDER_Hemiptera,2025-01-26,23:31:06,,2025_01_26__23_31_06,MachineObservation,Cerro_Hoya_Expedition_Hoya_606m_grisMejua_2025-01-26_2025-01-26,Cerro_Hoya_Expedition_Hoya_606m_grisMejua_2025-01-26,grisMejua_2025_01_26__23_31_06_HDR0.jpg,grisMejua_2025_01_26__23_31_06_HDR0_1_Mothbot_yolo11m_4500_imgsz1600_b1_2024-01-18.pt.jpg
doi.org10.15468dl.6nxkw6.csv,Animalia,Arthropoda,Insecta,Diptera,,,,,811,,Diptera,Diptera,Cerro_Hoya_Expedition_Hoya_606m_grisMejua_2025-01-26,grisMejua_2025_01_26__23_31_06_HDR0_2_Mothbot_yolo11m_4500_imgsz1600_b1_2024-01-18.pt.jpg,HS,Mothbot_yolo11m_4500_imgsz1600_b1_2024-01-18.pt,0.7220283150672913,,grisMejua,Cerro_Hoya_Expedition/Hoya_606m_grisMejua_2025-01-26/2025-01-26/patches/grisMejua_2025_01_26__23_31_06_HDR0_2_Mothbot_yolo11m_4500_imgsz1600_b1_2024-01-18.pt.jpg,ORDER_Diptera,2025-01-26,23:31:06,,2025_01_26__23_31_06,MachineObservation,Cerro_Hoya_Expedition_Hoya_606m_grisMejua_2025-01-26_2025-01-26,Cerro_Hoya_Expedition_Hoya_606m_grisMejua_2025-01-26,grisMejua_2025_01_26__23_31_06_HDR0.jpg,grisMejua_2025_01_26__23_31_06_HDR0_2_Mothbot_yolo11m_4500_imgsz1600_b1_2024-01-18.pt.jpg
doi.org10.15468dl.6nxkw6.csv,Animalia,Arthropoda,Insecta,Diptera,,,,,811,,Diptera,Diptera,Cerro_Hoya_Expedition_Hoya_606m_grisMejua_2025-01-26,grisMejua_2025_01_26__23_31_06_HDR0_3_Mothbot_yolo11m_4500_imgsz1600_b1_2024-01-18.pt.jpg,HS,Mothbot_yolo11m_4500_imgsz1600_b1_2024-01-18.pt,0.701022744178772,,grisMejua,Cerro_Hoya_Expedition/Hoya_606m_grisMejua_2025-01-26/2025-01-26/patches/grisMejua_2025_01_26__23_31_06_HDR0_3_Mothbot_yolo11m_4500_imgsz1600_b1_2024-01-18.pt.jpg,ORDER_Diptera,2025-01-26,23:31:06,,2025_01_26__23_31_06,MachineObservation,Cerro_Hoya_Expedition_Hoya_606m_grisMejua_2025-01-26_2025-01-26,Cerro_Hoya_Expedition_Hoya_606m_grisMejua_2025-01-26,grisMejua_2025_01_26__23_31_06_HDR0.jpg,grisMejua_2025_01_26__23_31_06_HDR0_3_Mothbot_yolo11m_4500_imgsz1600_b1_2024-01-18.pt.jpg
doi.org10.15468dl.6nxkw6.csv,Animalia,Arthropoda,Insecta,Lepidoptera,,,,,797,,Lepidoptera,Lepidoptera,Cerro_Hoya_Expedition_Hoya_606m_grisMejua_2025-01-26,grisMejua_2025_01_26__23_32_06_HDR0_0_Mothbot_yolo11m_4500_imgsz1600_b1_2024-01-18.pt.jpg,HS,Mothbot_yolo11m_4500_imgsz1600_b1_2024-01-18.pt,0.8020234107971191,,grisMejua,Cerro_Hoya_Expedition/Hoya_606m_grisMejua_2025-01-26/2025-01-26/patches/grisMejua_2025_01_26__23_32_06_HDR0_0_Mothbot_yolo11m_4500_imgsz1600_b1_2024-01-18.pt.jpg,ORDER_Lepidoptera,2025-01-26,23:32:06,,2025_01_26__23_32_06,MachineObservation,Cerro_Hoya_Expedition_Hoya_606m_grisMejua_2025-01-26_2025-01-26,Cerro_Hoya_Expedition_Hoya_606m_grisMejua_2025-01-26,grisMejua_2025_01_26__23_32_06_HDR0.jpg,grisMejua_2025_01_26__23_32_06_HDR0_0_Mothbot_yolo11m_4500_imgsz1600_b1_2024-01-18.pt.jpg
doi.org10.15468dl.6nxkw6.csv,Animalia,Arthropoda,Insecta,Hemiptera,,,,,809,,Hemiptera,Hemiptera,Cerro_Hoya_Expedition_Hoya_606m_grisMejua_2025-01-26,grisMejua_2025_01_26__23_32_06_HDR0_1_Mothbot_yolo11m_4500_imgsz1600_b1_2024-01-18.pt.jpg,HS,Mothbot_yolo11m_4500_imgsz1600_b1_2024-01-18.pt,0.7500258684158325,,grisMejua,Cerro_Hoya_Expedition/Hoya_606m_grisMejua_2025-01-26/2025-01-26/patches/grisMejua_2025_01_26__23_32_06_HDR0_1_Mothbot_yolo11m_4500_imgsz1600_b1_2024-01-18.pt.jpg,ORDER_Diptera,2025-01-26,23:32:06,,2025_01_26__23_32_06,MachineObservation,Cerro_Hoya_Expedition_Hoya_606m_grisMejua_2025-01-26_2025-01-26,Cerro_Hoya_Expedition_Hoya_606m_grisMejua_2025-01-26,grisMejua_2025_01_26__23_32_06_HDR0.jpg,grisMejua_2025_01_26__23_32_06_HDR0_1_Mothbot_yolo11m_4500_imgsz1600_b1_2024-01-18.pt.jpg
doi.org10.15468dl.6nxkw6.csv,Animalia,Arthropoda,Insecta,Diptera,,,,,811,,Diptera,Diptera,Cerro_Hoya_Expedition_Hoya_606m_grisMejua_2025-01-26,grisMejua_2025_01_26__23_32_06_HDR0_2_Mothbot_yolo11m_4500_imgsz1600_b1_2024-01-18.pt.jpg,HS,Mothbot_yolo11m_4500_imgsz1600_b1_2024-01-18.pt,0.669375479221344,,grisMejua,Cerro_Hoya_Expedition/Hoya_606m_grisMejua_2025-01-26/2025-01-26/patches/grisMejua_2025_01_26__23_32_06_HDR0_2_Mothbot_yolo11m_4500_imgsz1600_b1_2024-01-18.pt.jpg,ORDER_Diptera,2025-01-26,23:32:06,,2025_01_26__23_32_06,MachineObservation,Cerro_Hoya_Expedition_Hoya_606m_grisMejua_2025-01-26_2025-01-26,Cerro_Hoya_Expedition_Hoya_606m_grisMejua_2025-01-26,grisMejua_2025_01_26__23_32_06_HDR0.jpg,grisMejua_2025_01_26__23_32_06_HDR0_2_Mothbot_yolo11m_4500_imgsz1600_b1_2024-01-18.pt.jpg
doi.org10.15468dl.6nxkw6.csv,Animalia,Arthropoda,Insecta,Hemiptera,,,,,809,,Hemiptera,Hemiptera,Cerro_Hoya_Expedition_Hoya_606m_grisMejua_2025-01-26,grisMejua_2025_01_26__23_32_06_HDR0_3_Mothbot_yolo11m_4500_imgsz1600_b1_2024-01-18.pt.jpg,HS,Mothbot_yolo11m_4500_imgsz1600_b1_2024-01-18.pt,0.6289954781532288,,grisMejua,Cerro_Hoya_Expedition/Hoya_606m_grisMejua_2025-01-26/2025-01-26/patches/grisMejua_2025_01_26__23_32_06_HDR0_3_Mothbot_yolo11m_4500_imgsz1600_b1_2024-01-18.pt.jpg,ORDER_Hemiptera,2025-01-26,23:32:06,,2025_01_26__23_32_06,MachineObservation,Cerro_Hoya_Expedition_Hoya_606m_grisMejua_2025-01-26_2025-01-26,Cerro_Hoya_Expedition_Hoya_606m_grisMejua_2025-01-26,grisMejua_2025_01_26__23_32_06_HDR0.jpg,grisMejua_2025_01_26__23_32_06_HDR0_3_Mothbot_yolo11m_4500_imgsz1600_b1_2024-01-18.pt.jpg
doi.org10.15468dl.6nxkw6.csv,Animalia,Arthropoda,Insecta,,,,,,216,,Insecta,Insecta,Cerro_Hoya_Expedition_Hoya_606m_grisMejua_2025-01-26,grisMejua_2025_01_26__23_32_06_HDR0_4_Mothbot_yolo11m_4500_imgsz1600_b1_2024-01-18.pt.jpg,HS,Mothbot_yolo11m_4500_imgsz1600_b1_2024-01-18.pt,0.46795782446861267,,grisMejua,Cerro_Hoya_Expedition/Hoya_606m_grisMejua_2025-01-26/2025-01-26/patches/grisMejua_2025_01_26__23_32_06_HDR0_4_Mothbot_yolo11m_4500_imgsz1600_b1_2024-01-18.pt.jpg,ORDER_Psocodea,2025-01-26,23:32:06,,2025_01_26__23_32_06,MachineObservation,Cerro_Hoya_Expedition_Hoya_606m_grisMejua_2025-01-26_2025-01-26,Cerro_Hoya_Expedition_Hoya_606m_grisMejua_2025-01-26,grisMejua_2025_01_26__23_32_06_HDR0.jpg,grisMejua_2025_01_26__23_32_06_HDR0_4_Mothbot_yolo11m_4500_imgsz1600_b1_2024-01-18.pt.jpg
doi.org10.15468dl.6nxkw6.csv,Animalia,Arthropoda,Insecta,,,,,,216,,Insecta,Insecta,Cerro_Hoya_Expedition_Hoya_606m_grisMejua_2025-01-26,grisMejua_2025_01_26__23_32_06_HDR0_5_Mothbot_yolo11m_4500_imgsz1600_b1_2024-01-18.pt.jpg,HS,Mothbot_yolo11m_4500_imgsz1600_b1_2024-01-18.pt,0.25895658135414124,,grisMejua,Cerro_Hoya_Expedition/Hoya_606m_grisMejua_2025-01-26/2025-01-26/patches/grisMejua_2025_01_26__23_32_06_HDR0_5_Mothbot_yolo11m_4500_imgsz1600_b1_2024-01-18.pt.jpg,ORDER_Diptera,2025-01-26,23:32:06,,2025_01_26__23_32_06,MachineObservation,Cerro_Hoya_Expedition_Hoya_606m_grisMejua_2025-01-26_2025-01-26,Cerro_Hoya_Expedition_Hoya_606m_grisMejua_2025-01-26,grisMejua_2025_01_26__23_32_06_HDR0.jpg,grisMejua_2025_01_26__23_32_06_HDR0_5_Mothbot_yolo11m_4500_imgsz1600_b1_2024-01-18.pt.jpg
doi.org10.15468dl.6nxkw6.csv,Animalia,Arthropoda,Insecta,Lepidoptera,,,,,797,,Lepidoptera,Lepidoptera,Cerro_Hoya_Expedition_Hoya_606m_grisMejua_2025-01-26,grisMejua_2025_01_26__23_33_05_HDR0_0_Mothbot_yolo11m_4500_imgsz1600_b1_2024-01-18.pt.jpg,HS,Mothbot_yolo11m_4500_imgsz1600_b1_2024-01-18.pt,0.807767391204834,,grisMejua,Cerro_Hoya_Expedition/Hoya_606m_grisMejua_2025-01-26/2025-01-26/patches/grisMejua_2025_01_26__23_33_05_HDR0_0_Mothbot_yolo11m_4500_imgsz1600_b1_2024-01-18.pt.jpg,ORDER_Lepidoptera,2025-01-26,23:33:05,,2025_01_26__23_33_05,MachineObservation,Cerro_Hoya_Expedition_Hoya_606m_grisMejua_2025-01-26_2025-01-26,Cerro_Hoya_Expedition_Hoya_606m_grisMejua_2025-01-26,grisMejua_2025_01_26__23_33_05_HDR0.jpg,grisMejua_2025_01_26__23_33_05_HDR0_0_Mothbot_yolo11m_4500_imgsz1600_b1_2024-01-18.pt.jpg
doi.org10.15468dl.6nxkw6.csv,Animalia,Arthropoda,Insecta,Hemiptera,,,,,809,,Hemiptera,Hemiptera,Cerro_Hoya_Expedition_Hoya_606m_grisMejua_2025-01-26,grisMejua_2025_01_26__23_33_05_HDR0_1_Mothbot_yolo11m_4500_imgsz1600_b1_2024-01-18.pt.jpg,HS,Mothbot_yolo11m_4500_imgsz1600_b1_2024-01-18.pt,0.658939778804779,,grisMejua,Cerro_Hoya_Expedition/Hoya_606m_grisMejua_2025-01-26/2025-01-26/patches/grisMejua_2025_01_26__23_33_05_HDR0_1_Mothbot_yolo11m_4500_imgsz1600_b1_2024-01-18.pt.jpg,ORDER_Diptera,2025-01-26,23:33:05,,2025_01_26__23_33_05,MachineObservation,Cerro_Hoya_Expedition_Hoya_606m_grisMejua_2025-01-26_2025-01-26,Cerro_Hoya_Expedition_Hoya_606m_grisMejua_2025-01-26,grisMejua_2025_01_26__23_33_05_HDR0.jpg,grisMejua_2025_01_26__23_33_05_HDR0_1_Mothbot_yolo11m_4500_imgsz1600_b1_2024-01-18.pt.jpg
doi.org10.15468dl.6nxkw6.csv,Animalia,Arthropoda,Insecta,Hemiptera,,,,,809,,Hemiptera,Hemiptera,Cerro_Hoya_Expedition_Hoya_606m_grisMejua_2025-01-26,grisMejua_2025_01_26__23_33_05_HDR0_2_Mothbot_yolo11m_4500_imgsz1600_b1_2024-01-18.pt.jpg,HS,Mothbot_yolo11m_4500_imgsz1600_b1_2024-01-18.pt,0.6535478830337524,,grisMejua,Cerro_Hoya_Expedition/Hoya_606m_grisMejua_2025-01-26/2025-01-26/patches/grisMejua_2025_01_26__23_33_05_HDR0_2_Mothbot_yolo11m_4500_imgsz1600_b1_2024-01-18.pt.jpg,ORDER_Coleoptera,2025-01-26,23:33:05,,2025_01_26__23_33_05,MachineObservation,Cerro_Hoya_Expedition_Hoya_606m_grisMejua_2025-01-26_2025-01-26,Cerro_Hoya_Expedition_Hoya_606m_grisMejua_2025-01-26,grisMejua_2025_01_26__23_33_05_HDR0.jpg,grisMejua_2025_01_26__23_33_05_HDR0_2_Mothbot_yolo11m_4500_imgsz1600_b1_2024-01-18.pt.jpg
doi.org10.15468dl.6nxkw6.csv,Animalia,Arthropoda,Insecta,Lepidoptera,,,,,797,,Lepidoptera,Lepidoptera,Cerro_Hoya_Expedition_Hoya_606m_grisMejua_2025-01-26,grisMejua_2025_01_26__23_33_05_HDR0_3_Mothbot_yolo11m_4500_imgsz1600_b1_2024-01-18.pt.jpg,HS,Mothbot_yolo11m_4500_imgsz1600_b1_2024-01-18.pt,0.46422237157821655,,grisMejua,Cerro_Hoya_Expedition/Hoya_606m_grisMejua_2025-01-26/2025-01-26/patches/grisMejua_2025_01_26__23_33_05_HDR0_3_Mothbot_yolo11m_4500_imgsz1600_b1_2024-01-18.pt.jpg,ORDER_Blattodea,2025-01-26,23:33:05,,2025_01_26__23_33_05,MachineObservation,Cerro_Hoya_Expedition_Hoya_606m_grisMejua_2025-01-26_2025-01-26,Cerro_Hoya_Expedition_Hoya_606m_grisMejua_2025-01-26,grisMejua_2025_01_26__23_33_05_HDR0.jpg,grisMejua_2025_01_26__23_33_05_HDR0_3_Mothbot_yolo11m_4500_imgsz1600_b1_2024-01-18.pt.jpg
doi.org10.15468dl.6nxkw6.csv,Animalia,Arthropoda,Insecta,Diptera,,,,,811,,Diptera,Diptera,Cerro_Hoya_Expedition_Hoya_606m_grisMejua_2025-01-26,grisMejua_2025_01_26__23_34_05_HDR0_0_Mothbot_yolo11m_4500_imgsz1600_b1_2024-01-18.pt.jpg,HS,Mothbot_yolo11m_4500_imgsz1600_b1_2024-01-18.pt,0.7759197950363159,,grisMejua,Cerro_Hoya_Expedition/Hoya_606m_grisMejua_2025-01-26/2025-01-26/patches/grisMejua_2025_01_26__23_34_05_HDR0_0_Mothbot_yolo11m_4500_imgsz1600_b1_2024-01-18.pt.jpg,ORDER_Diptera,2025-01-26,23:34:05,,2025_01_26__23_34_05,MachineObservation,Cerro_Hoya_Expedition_Hoya_606m_grisMejua_2025-01-26_2025-01-26,Cerro_Hoya_Expedition_Hoya_606m_grisMejua_2025-01-26,grisMejua_2025_01_26__23_34_05_HDR0.jpg,grisMejua_2025_01_26__23_34_05_HDR0_0_Mothbot_yolo11m_4500_imgsz1600_b1_2024-01-18.pt.jpg
doi.org10.15468dl.6nxkw6.csv,Animalia,Arthropoda,Insecta,Hemiptera,,,,,809,,Hemiptera,Hemiptera,Cerro_Hoya_Expedition_Hoya_606m_grisMejua_2025-01-26,grisMejua_2025_01_26__23_34_05_HDR0_1_Mothbot_yolo11m_4500_imgsz1600_b1_2024-01-18.pt.jpg,HS,Mothbot_yolo11m_4500_imgsz1600_b1_2024-01-18.pt,0.6915603876113892,,grisMejua,Cerro_Hoya_Expedition/Hoya_606m_grisMejua_2025-01-26/2025-01-26/patches/grisMejua_2025_01_26__23_34_05_HDR0_1_Mothbot_yolo11m_4500_imgsz1600_b1_2024-01-18.pt.jpg,ORDER_Diptera,2025-01-26,23:34:05,,2025_01_26__23_34_05,MachineObservation,Cerro_Hoya_Expedition_Hoya_606m_grisMejua_2025-01-26_2025-01-26,Cerro_Hoya_Expedition_Hoya_606m_grisMejua_2025-01-26,grisMejua_2025_01_26__23_34_05_HDR0.jpg,grisMejua_2025_01_26__23_34_05_HDR0_1_Mothbot_yolo11m_4500_imgsz1600_b1_2024-01-18.pt.jpg
doi.org10.15468dl.6nxkw6.csv,Animalia,Arthropoda,Insecta,Hemiptera,,,,,809,,Hemiptera,Hemiptera,Cerro_Hoya_Expedition_Hoya_606m_grisMejua_2025-01-26,grisMejua_2025_01_26__23_34_05_HDR0_2_Mothbot_yolo11m_4500_imgsz1600_b1_2024-01-18.pt.jpg,HS,Mothbot_yolo11m_4500_imgsz1600_b1_2024-01-18.pt,0.6416566371917725,,grisMejua,Cerro_Hoya_Expedition/Hoya_606m_grisMejua_2025-01-26/2025-01-26/patches/grisMejua_2025_01_26__23_34_05_HDR0_2_Mothbot_yolo11m_4500_imgsz1600_b1_2024-01-18.pt.jpg,ORDER_Hemiptera,2025-01-26,23:34:05,,2025_01_26__23_34_05,MachineObservation,Cerro_Hoya_Expedition_Hoya_606m_grisMejua_2025-01-26_2025-01-26,Cerro_Hoya_Expedition_Hoya_606m_grisMejua_2025-01-26,grisMejua_2025_01_26__23_34_05_HDR0.jpg,grisMejua_2025_01_26__23_34_05_HDR0_2_Mothbot_yolo11m_4500_imgsz1600_b1_2024-01-18.pt.jpg
doi.org10.15468dl.6nxkw6.csv,Animalia,Arthropoda,Insecta,,,,,,216,,Insecta,Insecta,Cerro_Hoya_Expedition_Hoya_606m_grisMejua_2025-01-26,grisMejua_2025_01_26__23_34_05_HDR0_3_Mothbot_yolo11m_4500_imgsz1600_b1_2024-01-18.pt.jpg,HS,Mothbot_yolo11m_4500_imgsz1600_b1_2024-01-18.pt,0.5886381268501282,,grisMejua,Cerro_Hoya_Expedition/Hoya_606m_grisMejua_2025-01-26/2025-01-26/patches/grisMejua_2025_01_26__23_34_05_HDR0_3_Mothbot_yolo11m_4500_imgsz1600_b1_2024-01-18.pt.jpg,ORDER_Diptera,2025-01-26,23:34:05,,2025_01_26__23_34_05,MachineObservation,Cerro_Hoya_Expedition_Hoya_606m_grisMejua_2025-01-26_2025-01-26,Cerro_Hoya_Expedition_Hoya_606m_grisMejua_2025-01-26,grisMejua_2025_01_26__23_34_05_HDR0.jpg,grisMejua_2025_01_26__23_34_05_HDR0_3_Mothbot_yolo11m_4500_imgsz1600_b1_2024-01-18.pt.jpg
doi.org10.15468dl.6nxkw6.csv,Animalia,Arthropoda,Insecta,Lepidoptera,,,,,797,,Lepidoptera,Lepidoptera,Cerro_Hoya_Expedition_Hoya_606m_grisMejua_2025-01-26,grisMejua_2025_01_26__23_34_05_HDR0_4_Mothbot_yolo11m_4500_imgsz1600_b1_2024-01-18.pt.jpg,HS,Mothbot_yolo11m_4500_imgsz1600_b1_2024-01-18.pt,0.5039162039756775,,grisMejua,Cerro_Hoya_Expedition/Hoya_606m_grisMejua_2025-01-26/2025-01-26/patches/grisMejua_2025_01_26__23_34_05_HDR0_4_Mothbot_yolo11m_4500_imgsz1600_b1_2024-01-18.pt.jpg,ORDER_Diptera,2025-01-26,23:34:05,,2025_01_26__23_34_05,MachineObservation,Cerro_Hoya_Expedition_Hoya_606m_grisMejua_2025-01-26_2025-01-26,Cerro_Hoya_Expedition_Hoya_606m_grisMejua_2025-01-26,grisMejua_2025_01_26__23_34_05_HDR0.jpg,grisMejua_2025_01_26__23_34_05_HDR0_4_Mothbot_yolo11m_4500_imgsz1600_b1_2024-01-18.pt.jpg
doi.org10.15468dl.6nxkw6.csv,Animalia,Arthropoda,Insecta,,,,,,216,,Insecta,Insecta,Cerro_Hoya_Expedition_Hoya_606m_grisMejua_2025-01-26,grisMejua_2025_01_26__23_34_05_HDR0_5_Mothbot_yolo11m_4500_imgsz1600_b1_2024-01-18.pt.jpg,HS,Mothbot_yolo11m_4500_imgsz1600_b1_2024-01-18.pt,0.3044056296348572,,grisMejua,Cerro_Hoya_Expedition/Hoya_606m_grisMejua_2025-01-26/2025-01-26/patches/grisMejua_2025_01_26__23_34_05_HDR0_5_Mothbot_yolo11m_4500_imgsz1600_b1_2024-01-18.pt.jpg,ORDER_Diptera,2025-01-26,23:34:05,,2025_01_26__23_34_05,MachineObservation,Cerro_Hoya_Expedition_Hoya_606m_grisMejua_2025-01-26_2025-01-26,Cerro_Hoya_Expedition_Hoya_606m_grisMejua_2025-01-26,grisMejua_2025_01_26__23_34_05_HDR0.jpg,grisMejua_2025_01_26__23_34_05_HDR0_5_Mothbot_yolo11m_4500_imgsz1600_b1_2024-01-18.pt.jpg
doi.org10.15468dl.6nxkw6.csv,Animalia,Arthropoda,Insecta,Hemiptera,,,,,809,,Hemiptera,Hemiptera,Cerro_Hoya_Expedition_Hoya_606m_grisMejua_2025-01-26,grisMejua_2025_01_26__23_35_06_HDR0_0_Mothbot_yolo11m_4500_imgsz1600_b1_2024-01-18.pt.jpg,HS,Mothbot_yolo11m_4500_imgsz1600_b1_2024-01-18.pt,0.6509302854537964,,grisMejua,Cerro_Hoya_Expedition/Hoya_606m_grisMejua_2025-01-26/2025-01-26/patches/grisMejua_2025_01_26__23_35_06_HDR0_0_Mothbot_yolo11m_4500_imgsz1600_b1_2024-01-18.pt.jpg,ORDER_Hemiptera,2025-01-26,23:35:06,,2025_01_26__23_35_06,MachineObservation,Cerro_Hoya_Expedition_Hoya_606m_grisMejua_2025-01-26_2025-01-26,Cerro_Hoya_Expedition_Hoya_606m_grisMejua_2025-01-26,grisMejua_2025_01_26__23_35_06_HDR0.jpg,grisMejua_2025_01_26__23_35_06_HDR0_0_Mothbot_yolo11m_4500_imgsz1600_b1_2024-01-18.pt.jpg
doi.org10.15468dl.6nxkw6.csv,Animalia,Arthropoda,Insecta,Hemiptera,,,,,809,,Hemiptera,Hemiptera,Cerro_Hoya_Expedition_Hoya_606m_grisMejua_2025-01-26,grisMejua_2025_01_26__23_35_06_HDR0_1_Mothbot_yolo11m_4500_imgsz1600_b1_2024-01-18.pt.jpg,HS,Mothbot_yolo11m_4500_imgsz1600_b1_2024-01-18.pt,0.6441383957862854,,grisMejua,Cerro_Hoya_Expedition/Hoya_606m_grisMejua_2025-01-26/2025-01-26/patches/grisMejua_2025_01_26__23_35_06_HDR0_1_Mothbot_yolo11m_4500_imgsz1600_b1_2024-01-18.pt.jpg,ORDER_Diptera,2025-01-26,23:35:06,,2025_01_26__23_35_06,MachineObservation,Cerro_Hoya_Expedition_Hoya_606m_grisMejua_2025-01-26_2025-01-26,Cerro_Hoya_Expedition_Hoya_606m_grisMejua_2025-01-26,grisMejua_2025_01_26__23_35_06_HDR0.jpg,grisMejua_2025_01_26__23_35_06_HDR0_1_Mothbot_yolo11m_4500_imgsz1600_b1_2024-01-18.pt.jpg
doi.org10.15468dl.6nxkw6.csv,Animalia,Arthropoda,Insecta,Hemiptera,,,,,809,,Hemiptera,Hemiptera,Cerro_Hoya_Expedition_Hoya_606m_grisMejua_2025-01-26,grisMejua_2025_01_26__23_35_06_HDR0_2_Mothbot_yolo11m_4500_imgsz1600_b1_2024-01-18.pt.jpg,HS,Mothbot_yolo11m_4500_imgsz1600_b1_2024-01-18.pt,0.6429806351661682,,grisMejua,Cerro_Hoya_Expedition/Hoya_606m_grisMejua_2025-01-26/2025-01-26/patches/grisMejua_2025_01_26__23_35_06_HDR0_2_Mothbot_yolo11m_4500_imgsz1600_b1_2024-01-18.pt.jpg,ORDER_Coleoptera,2025-01-26,23:35:06,,2025_01_26__23_35_06,MachineObservation,Cerro_Hoya_Expedition_Hoya_606m_grisMejua_2025-01-26_2025-01-26,Cerro_Hoya_Expedition_Hoya_606m_grisMejua_2025-01-26,grisMejua_2025_01_26__23_35_06_HDR0.jpg,grisMejua_2025_01_26__23_35_06_HDR0_2_Mothbot_yolo11m_4500_imgsz1600_b1_2024-01-18.pt.jpg
doi.org10.15468dl.6nxkw6.csv,Animalia,Arthropoda,Insecta,Lepidoptera,,,,,797,,Lepidoptera,Lepidoptera,Cerro_Hoya_Expedition_Hoya_606m_grisMejua_2025-01-26,grisMejua_2025_01_26__23_35_06_HDR0_3_Mothbot_yolo11m_4500_imgsz1600_b1_2024-01-18.pt.jpg,HS,Mothbot_yolo11m_4500_imgsz1600_b1_2024-01-18.pt,0.517384946346283,,grisMejua,Cerro_Hoya_Expedition/Hoya_606m_grisMejua_2025-01-26/2025-01-26/patches/grisMejua_2025_01_26__23_35_06_HDR0_3_Mothbot_yolo11m_4500_imgsz1600_b1_2024-01-18.pt.jpg,ORDER_Diptera,2025-01-26,23:35:06,,2025_01_26__23_35_06,MachineObservation,Cerro_Hoya_Expedition_Hoya_606m_grisMejua_2025-01-26_2025-01-26,Cerro_Hoya_Expedition_Hoya_606m_grisMejua_2025-01-26,grisMejua_2025_01_26__23_35_06_HDR0.jpg,grisMejua_2025_01_26__23_35_06_HDR0_3_Mothbot_yolo11m_4500_imgsz1600_b1_2024-01-18.pt.jpg
doi.org10.15468dl.6nxkw6.csv,Animalia,Arthropoda,Insecta,,,,,,216,,Insecta,Insecta,Cerro_Hoya_Expedition_Hoya_606m_grisMejua_2025-01-26,grisMejua_2025_01_26__23_35_06_HDR0_4_Mothbot_yolo11m_4500_imgsz1600_b1_2024-01-18.pt.jpg,HS,Mothbot_yolo11m_4500_imgsz1600_b1_2024-01-18.pt,0.46179673075675964,,grisMejua,Cerro_Hoya_Expedition/Hoya_606m_grisMejua_2025-01-26/2025-01-26/patches/grisMejua_2025_01_26__23_35_06_HDR0_4_Mothbot_yolo11m_4500_imgsz1600_b1_2024-01-18.pt.jpg,ORDER_Diptera,2025-01-26,23:35:06,,2025_01_26__23_35_06,MachineObservation,Cerro_Hoya_Expedition_Hoya_606m_grisMejua_2025-01-26_2025-01-26,Cerro_Hoya_Expedition_Hoya_606m_grisMejua_2025-01-26,grisMejua_2025_01_26__23_35_06_HDR0.jpg,grisMejua_2025_01_26__23_35_06_HDR0_4_Mothbot_yolo11m_4500_imgsz1600_b1_2024-01-18.pt.jpg
doi.org10.15468dl.6nxkw6.csv,Animalia,Arthropoda,Insecta,Hemiptera,,,,,809,,Hemiptera,Hemiptera,Cerro_Hoya_Expedition_Hoya_606m_grisMejua_2025-01-26,grisMejua_2025_01_26__23_36_22_HDR0_0_Mothbot_yolo11m_4500_imgsz1600_b1_2024-01-18.pt.jpg,HS,Mothbot_yolo11m_4500_imgsz1600_b1_2024-01-18.pt,0.7327931523323059,,grisMejua,Cerro_Hoya_Expedition/Hoya_606m_grisMejua_2025-01-26/2025-01-26/patches/grisMejua_2025_01_26__23_36_22_HDR0_0_Mothbot_yolo11m_4500_imgsz1600_b1_2024-01-18.pt.jpg,ORDER_Diptera,2025-01-26,23:36:22,,2025_01_26__23_36_22,MachineObservation,Cerro_Hoya_Expedition_Hoya_606m_grisMejua_2025-01-26_2025-01-26,Cerro_Hoya_Expedition_Hoya_606m_grisMejua_2025-01-26,grisMejua_2025_01_26__23_36_22_HDR0.jpg,grisMejua_2025_01_26__23_36_22_HDR0_0_Mothbot_yolo11m_4500_imgsz1600_b1_2024-01-18.pt.jpg
doi.org10.15468dl.6nxkw6.csv,Animalia,Arthropoda,Insecta,Hemiptera,,,,,809,,Hemiptera,Hemiptera,Cerro_Hoya_Expedition_Hoya_606m_grisMejua_2025-01-26,grisMejua_2025_01_26__23_36_22_HDR0_1_Mothbot_yolo11m_4500_imgsz1600_b1_2024-01-18.pt.jpg,HS,Mothbot_yolo11m_4500_imgsz1600_b1_2024-01-18.pt,0.6727202534675598,,grisMejua,Cerro_Hoya_Expedition/Hoya_606m_grisMejua_2025-01-26/2025-01-26/patches/grisMejua_2025_01_26__23_36_22_HDR0_1_Mothbot_yolo11m_4500_imgsz1600_b1_2024-01-18.pt.jpg,ORDER_Diptera,2025-01-26,23:36:22,,2025_01_26__23_36_22,MachineObservation,Cerro_Hoya_Expedition_Hoya_606m_grisMejua_2025-01-26_2025-01-26,Cerro_Hoya_Expedition_Hoya_606m_grisMejua_2025-01-26,grisMejua_2025_01_26__23_36_22_HDR0.jpg,grisMejua_2025_01_26__23_36_22_HDR0_1_Mothbot_yolo11m_4500_imgsz1600_b1_2024-01-18.pt.jpg
doi.org10.15468dl.6nxkw6.csv,Animalia,Arthropoda,Insecta,Hemiptera,,,,,809,,Hemiptera,Hemiptera,Cerro_Hoya_Expedition_Hoya_606m_grisMejua_2025-01-26,grisMejua_2025_01_26__23_36_22_HDR0_2_Mothbot_yolo11m_4500_imgsz1600_b1_2024-01-18.pt.jpg,HS,Mothbot_yolo11m_4500_imgsz1600_b1_2024-01-18.pt,0.6325464248657227,,grisMejua,Cerro_Hoya_Expedition/Hoya_606m_grisMejua_2025-01-26/2025-01-26/patches/grisMejua_2025_01_26__23_36_22_HDR0_2_Mothbot_yolo11m_4500_imgsz1600_b1_2024-01-18.pt.jpg,ORDER_Hemiptera,2025-01-26,23:36:22,,2025_01_26__23_36_22,MachineObservation,Cerro_Hoya_Expedition_Hoya_606m_grisMejua_2025-01-26_2025-01-26,Cerro_Hoya_Expedition_Hoya_606m_grisMejua_2025-01-26,grisMejua_2025_01_26__23_36_22_HDR0.jpg,grisMejua_2025_01_26__23_36_22_HDR0_2_Mothbot_yolo11m_4500_imgsz1600_b1_2024-01-18.pt.jpg
doi.org10.15468dl.6nxkw6.csv,Animalia,Arthropoda,Insecta,Hemiptera,,,,,809,,Hemiptera,Hemiptera,Cerro_Hoya_Expedition_Hoya_606m_grisMejua_2025-01-26,grisMejua_2025_01_26__23_36_22_HDR0_3_Mothbot_yolo11m_4500_imgsz1600_b1_2024-01-18.pt.jpg,HS,Mothbot_yolo11m_4500_imgsz1600_b1_2024-01-18.pt,0.5929471254348755,,grisMejua,Cerro_Hoya_Expedition/Hoya_606m_grisMejua_2025-01-26/2025-01-26/patches/grisMejua_2025_01_26__23_36_22_HDR0_3_Mothbot_yolo11m_4500_imgsz1600_b1_2024-01-18.pt.jpg,ORDER_Hemiptera,2025-01-26,23:36:22,,2025_01_26__23_36_22,MachineObservation,Cerro_Hoya_Expedition_Hoya_606m_grisMejua_2025-01-26_2025-01-26,Cerro_Hoya_Expedition_Hoya_606m_grisMejua_2025-01-26,grisMejua_2025_01_26__23_36_22_HDR0.jpg,grisMejua_2025_01_26__23_36_22_HDR0_3_Mothbot_yolo11m_4500_imgsz1600_b1_2024-01-18.pt.jpg
doi.org10.15468dl.6nxkw6.csv,Animalia,Arthropoda,Insecta,Diptera,,,,,811,,Diptera,Diptera,Cerro_Hoya_Expedition_Hoya_606m_grisMejua_2025-01-26,grisMejua_2025_01_26__23_36_22_HDR0_4_Mothbot_yolo11m_4500_imgsz1600_b1_2024-01-18.pt.jpg,HS,Mothbot_yolo11m_4500_imgsz1600_b1_2024-01-18.pt,0.39093637466430664,,grisMejua,Cerro_Hoya_Expedition/Hoya_606m_grisMejua_2025-01-26/2025-01-26/patches/grisMejua_2025_01_26__23_36_22_HDR0_4_Mothbot_yolo11m_4500_imgsz1600_b1_2024-01-18.pt.jpg,ORDER_Hemiptera,2025-01-26,23:36:22,,2025_01_26__23_36_22,MachineObservation,Cerro_Hoya_Expedition_Hoya_606m_grisMejua_2025-01-26_2025-01-26,Cerro_Hoya_Expedition_Hoya_606m_grisMejua_2025-01-26,grisMejua_2025_01_26__23_36_22_HDR0.jpg,grisMejua_2025_01_26__23_36_22_HDR0_4_Mothbot_yolo11m_4500_imgsz1600_b1_2024-01-18.pt.jpg
doi.org10.15468dl.6nxkw6.csv,Animalia,Arthropoda,Insecta,Diptera,,,,,811,,Diptera,Diptera,Cerro_Hoya_Expedition_Hoya_606m_grisMejua_2025-01-26,grisMejua_2025_01_26__23_37_05_HDR0_0_Mothbot_yolo11m_4500_imgsz1600_b1_2024-01-18.pt.jpg,HS,Mothbot_yolo11m_4500_imgsz1600_b1_2024-01-18.pt,0.6581017374992371,,grisMejua,Cerro_Hoya_Expedition/Hoya_606m_grisMejua_2025-01-26/2025-01-26/patches/grisMejua_2025_01_26__23_37_05_HDR0_0_Mothbot_yolo11m_4500_imgsz1600_b1_2024-01-18.pt.jpg,ORDER_Diptera,2025-01-26,23:37:05,,2025_01_26__23_37_05,MachineObservation,Cerro_Hoya_Expedition_Hoya_606m_grisMejua_2025-01-26_2025-01-26,Cerro_Hoya_Expedition_Hoya_606m_grisMejua_2025-01-26,grisMejua_2025_01_26__23_37_05_HDR0.jpg,grisMejua_2025_01_26__23_37_05_HDR0_0_Mothbot_yolo11m_4500_imgsz1600_b1_2024-01-18.pt.jpg
doi.org10.15468dl.6nxkw6.csv,Animalia,Arthropoda,Insecta,Hemiptera,,,,,809,,Hemiptera,Hemiptera,Cerro_Hoya_Expedition_Hoya_606m_grisMejua_2025-01-26,grisMejua_2025_01_26__23_37_05_HDR0_1_Mothbot_yolo11m_4500_imgsz1600_b1_2024-01-18.pt.jpg,HS,Mothbot_yolo11m_4500_imgsz1600_b1_2024-01-18.pt,0.6487773656845093,,grisMejua,Cerro_Hoya_Expedition/Hoya_606m_grisMejua_2025-01-26/2025-01-26/patches/grisMejua_2025_01_26__23_37_05_HDR0_1_Mothbot_yolo11m_4500_imgsz1600_b1_2024-01-18.pt.jpg,ORDER_Hemiptera,2025-01-26,23:37:05,,2025_01_26__23_37_05,MachineObservation,Cerro_Hoya_Expedition_Hoya_606m_grisMejua_2025-01-26_2025-01-26,Cerro_Hoya_Expedition_Hoya_606m_grisMejua_2025-01-26,grisMejua_2025_01_26__23_37_05_HDR0.jpg,grisMejua_2025_01_26__23_37_05_HDR0_1_Mothbot_yolo11m_4500_imgsz1600_b1_2024-01-18.pt.jpg
doi.org10.15468dl.6nxkw6.csv,Animalia,Arthropoda,Insecta,Hemiptera,,,,,809,,Hemiptera,Hemiptera,Cerro_Hoya_Expedition_Hoya_606m_grisMejua_2025-01-26,grisMejua_2025_01_26__23_37_05_HDR0_2_Mothbot_yolo11m_4500_imgsz1600_b1_2024-01-18.pt.jpg,HS,Mothbot_yolo11m_4500_imgsz1600_b1_2024-01-18.pt,0.6442259550094604,,grisMejua,Cerro_Hoya_Expedition/Hoya_606m_grisMejua_2025-01-26/2025-01-26/patches/grisMejua_2025_01_26__23_37_05_HDR0_2_Mothbot_yolo11m_4500_imgsz1600_b1_2024-01-18.pt.jpg,ORDER_Lepidoptera,2025-01-26,23:37:05,,2025_01_26__23_37_05,MachineObservation,Cerro_Hoya_Expedition_Hoya_606m_grisMejua_2025-01-26_2025-01-26,Cerro_Hoya_Expedition_Hoya_606m_grisMejua_2025-01-26,grisMejua_2025_01_26__23_37_05_HDR0.jpg,grisMejua_2025_01_26__23_37_05_HDR0_2_Mothbot_yolo11m_4500_imgsz1600_b1_2024-01-18.pt.jpg
doi.org10.15468dl.6nxkw6.csv,Animalia,Arthropoda,Insecta,Diptera,,,,,811,,Diptera,Diptera,Cerro_Hoya_Expedition_Hoya_606m_grisMejua_2025-01-26,grisMejua_2025_01_26__23_37_05_HDR0_3_Mothbot_yolo11m_4500_imgsz1600_b1_2024-01-18.pt.jpg,HS,Mothbot_yolo11m_4500_imgsz1600_b1_2024-01-18.pt,0.6138225793838501,,grisMejua,Cerro_Hoya_Expedition/Hoya_606m_grisMejua_2025-01-26/2025-01-26/patches/grisMejua_2025_01_26__23_37_05_HDR0_3_Mothbot_yolo11m_4500_imgsz1600_b1_2024-01-18.pt.jpg,ORDER_Hemiptera,2025-01-26,23:37:05,,2025_01_26__23_37_05,MachineObservation,Cerro_Hoya_Expedition_Hoya_606m_grisMejua_2025-01-26_2025-01-26,Cerro_Hoya_Expedition_Hoya_606m_grisMejua_2025-01-26,grisMejua_2025_01_26__23_37_05_HDR0.jpg,grisMejua_2025_01_26__23_37_05_HDR0_3_Mothbot_yolo11m_4500_imgsz1600_b1_2024-01-18.pt.jpg
doi.org10.15468dl.6nxkw6.csv,Animalia,Arthropoda,Insecta,Hemiptera,,,,,809,,Hemiptera,Hemiptera,Cerro_Hoya_Expedition_Hoya_606m_grisMejua_2025-01-26,grisMejua_2025_01_26__23_37_05_HDR0_4_Mothbot_yolo11m_4500_imgsz1600_b1_2024-01-18.pt.jpg,HS,Mothbot_yolo11m_4500_imgsz1600_b1_2024-01-18.pt,0.5995282530784607,,grisMejua,Cerro_Hoya_Expedition/Hoya_606m_grisMejua_2025-01-26/2025-01-26/patches/grisMejua_2025_01_26__23_37_05_HDR0_4_Mothbot_yolo11m_4500_imgsz1600_b1_2024-01-18.pt.jpg,ORDER_Hemiptera,2025-01-26,23:37:05,,2025_01_26__23_37_05,MachineObservation,Cerro_Hoya_Expedition_Hoya_606m_grisMejua_2025-01-26_2025-01-26,Cerro_Hoya_Expedition_Hoya_606m_grisMejua_2025-01-26,grisMejua_2025_01_26__23_37_05_HDR0.jpg,grisMejua_2025_01_26__23_37_05_HDR0_4_Mothbot_yolo11m_4500_imgsz1600_b1_2024-01-18.pt.jpg
doi.org10.15468dl.6nxkw6.csv,Animalia,Arthropoda,Insecta,Diptera,,,,,811,,Diptera,Diptera,Cerro_Hoya_Expedition_Hoya_606m_grisMejua_2025-01-26,grisMejua_2025_01_26__23_37_05_HDR0_5_Mothbot_yolo11m_4500_imgsz1600_b1_2024-01-18.pt.jpg,HS,Mothbot_yolo11m_4500_imgsz1600_b1_2024-01-18.pt,0.3380335867404938,,grisMejua,Cerro_Hoya_Expedition/Hoya_606m_grisMejua_2025-01-26/2025-01-26/patches/grisMejua_2025_01_26__23_37_05_HDR0_5_Mothbot_yolo11m_4500_imgsz1600_b1_2024-01-18.pt.jpg,ORDER_Hemiptera,2025-01-26,23:37:05,,2025_01_26__23_37_05,MachineObservation,Cerro_Hoya_Expedition_Hoya_606m_grisMejua_2025-01-26_2025-01-26,Cerro_Hoya_Expedition_Hoya_606m_grisMejua_2025-01-26,grisMejua_2025_01_26__23_37_05_HDR0.jpg,grisMejua_2025_01_26__23_37_05_HDR0_5_Mothbot_yolo11m_4500_imgsz1600_b1_2024-01-18.pt.jpg
doi.org10.15468dl.6nxkw6.csv,Animalia,Arthropoda,Insecta,Diptera,,,,,811,,Diptera,Diptera,Cerro_Hoya_Expedition_Hoya_606m_grisMejua_2025-01-26,grisMejua_2025_01_26__23_37_05_HDR0_6_Mothbot_yolo11m_4500_imgsz1600_b1_2024-01-18.pt.jpg,HS,Mothbot_yolo11m_4500_imgsz1600_b1_2024-01-18.pt,0.2504653036594391,,grisMejua,Cerro_Hoya_Expedition/Hoya_606m_grisMejua_2025-01-26/2025-01-26/patches/grisMejua_2025_01_26__23_37_05_HDR0_6_Mothbot_yolo11m_4500_imgsz1600_b1_2024-01-18.pt.jpg,ORDER_Hemiptera,2025-01-26,23:37:05,,2025_01_26__23_37_05,MachineObservation,Cerro_Hoya_Expedition_Hoya_606m_grisMejua_2025-01-26_2025-01-26,Cerro_Hoya_Expedition_Hoya_606m_grisMejua_2025-01-26,grisMejua_2025_01_26__23_37_05_HDR0.jpg,grisMejua_2025_01_26__23_37_05_HDR0_6_Mothbot_yolo11m_4500_imgsz1600_b1_2024-01-18.pt.jpg
doi.org10.15468dl.6nxkw6.csv,Animalia,Arthropoda,Insecta,Diptera,,,,,811,,Diptera,Diptera,Cerro_Hoya_Expedition_Hoya_606m_grisMejua_2025-01-26,grisMejua_2025_01_26__23_38_06_HDR0_0_Mothbot_yolo11m_4500_imgsz1600_b1_2024-01-18.pt.jpg,HS,Mothbot_yolo11m_4500_imgsz1600_b1_2024-01-18.pt,0.7591311931610107,,grisMejua,Cerro_Hoya_Expedition/Hoya_606m_grisMejua_2025-01-26/2025-01-26/patches/grisMejua_2025_01_26__23_38_06_HDR0_0_Mothbot_yolo11m_4500_imgsz1600_b1_2024-01-18.pt.jpg,ORDER_Diptera,2025-01-26,23:38:06,,2025_01_26__23_38_06,MachineObservation,Cerro_Hoya_Expedition_Hoya_606m_grisMejua_2025-01-26_2025-01-26,Cerro_Hoya_Expedition_Hoya_606m_grisMejua_2025-01-26,grisMejua_2025_01_26__23_38_06_HDR0.jpg,grisMejua_2025_01_26__23_38_06_HDR0_0_Mothbot_yolo11m_4500_imgsz1600_b1_2024-01-18.pt.jpg
doi.org10.15468dl.6nxkw6.csv,Animalia,Arthropoda,Insecta,Hemiptera,,,,,809,,Hemiptera,Hemiptera,Cerro_Hoya_Expedition_Hoya_606m_grisMejua_2025-01-26,grisMejua_2025_01_26__23_38_06_HDR0_1_Mothbot_yolo11m_4500_imgsz1600_b1_2024-01-18.pt.jpg,HS,Mothbot_yolo11m_4500_imgsz1600_b1_2024-01-18.pt,0.725382924079895,,grisMejua,Cerro_Hoya_Expedition/Hoya_606m_grisMejua_2025-01-26/2025-01-26/patches/grisMejua_2025_01_26__23_38_06_HDR0_1_Mothbot_yolo11m_4500_imgsz1600_b1_2024-01-18.pt.jpg,ORDER_Diptera,2025-01-26,23:38:06,,2025_01_26__23_38_06,MachineObservation,Cerro_Hoya_Expedition_Hoya_606m_grisMejua_2025-01-26_2025-01-26,Cerro_Hoya_Expedition_Hoya_606m_grisMejua_2025-01-26,grisMejua_2025_01_26__23_38_06_HDR0.jpg,grisMejua_2025_01_26__23_38_06_HDR0_1_Mothbot_yolo11m_4500_imgsz1600_b1_2024-01-18.pt.jpg
doi.org10.15468dl.6nxkw6.csv,Animalia,Arthropoda,Insecta,Hemiptera,,,,,809,,Hemiptera,Hemiptera,Cerro_Hoya_Expedition_Hoya_606m_grisMejua_2025-01-26,grisMejua_2025_01_26__23_38_06_HDR0_2_Mothbot_yolo11m_4500_imgsz1600_b1_2024-01-18.pt.jpg,HS,Mothbot_yolo11m_4500_imgsz1600_b1_2024-01-18.pt,0.6621381640434265,,grisMejua,Cerro_Hoya_Expedition/Hoya_606m_grisMejua_2025-01-26/2025-01-26/patches/grisMejua_2025_01_26__23_38_06_HDR0_2_Mothbot_yolo11m_4500_imgsz1600_b1_2024-01-18.pt.jpg,ORDER_Hemiptera,2025-01-26,23:38:06,,2025_01_26__23_38_06,MachineObservation,Cerro_Hoya_Expedition_Hoya_606m_grisMejua_2025-01-26_2025-01-26,Cerro_Hoya_Expedition_Hoya_606m_grisMejua_2025-01-26,grisMejua_2025_01_26__23_38_06_HDR0.jpg,grisMejua_2025_01_26__23_38_06_HDR0_2_Mothbot_yolo11m_4500_imgsz1600_b1_2024-01-18.pt.jpg
doi.org10.15468dl.6nxkw6.csv,Animalia,Arthropoda,Insecta,Hemiptera,,,,,809,,Hemiptera,Hemiptera,Cerro_Hoya_Expedition_Hoya_606m_grisMejua_2025-01-26,grisMejua_2025_01_26__23_38_06_HDR0_3_Mothbot_yolo11m_4500_imgsz1600_b1_2024-01-18.pt.jpg,HS,Mothbot_yolo11m_4500_imgsz1600_b1_2024-01-18.pt,0.5999298691749573,,grisMejua,Cerro_Hoya_Expedition/Hoya_606m_grisMejua_2025-01-26/2025-01-26/patches/grisMejua_2025_01_26__23_38_06_HDR0_3_Mothbot_yolo11m_4500_imgsz1600_b1_2024-01-18.pt.jpg,ORDER_Hemiptera,2025-01-26,23:38:06,,2025_01_26__23_38_06,MachineObservation,Cerro_Hoya_Expedition_Hoya_606m_grisMejua_2025-01-26_2025-01-26,Cerro_Hoya_Expedition_Hoya_606m_grisMejua_2025-01-26,grisMejua_2025_01_26__23_38_06_HDR0.jpg,grisMejua_2025_01_26__23_38_06_HDR0_3_Mothbot_yolo11m_4500_imgsz1600_b1_2024-01-18.pt.jpg
doi.org10.15468dl.6nxkw6.csv,Animalia,Arthropoda,Insecta,Diptera,,,,,811,,Diptera,Diptera,Cerro_Hoya_Expedition_Hoya_606m_grisMejua_2025-01-26,grisMejua_2025_01_26__23_38_06_HDR0_4_Mothbot_yolo11m_4500_imgsz1600_b1_2024-01-18.pt.jpg,HS,Mothbot_yolo11m_4500_imgsz1600_b1_2024-01-18.pt,0.44209954142570496,,grisMejua,Cerro_Hoya_Expedition/Hoya_606m_grisMejua_2025-01-26/2025-01-26/patches/grisMejua_2025_01_26__23_38_06_HDR0_4_Mothbot_yolo11m_4500_imgsz1600_b1_2024-01-18.pt.jpg,ORDER_Diptera,2025-01-26,23:38:06,,2025_01_26__23_38_06,MachineObservation,Cerro_Hoya_Expedition_Hoya_606m_grisMejua_2025-01-26_2025-01-26,Cerro_Hoya_Expedition_Hoya_606m_grisMejua_2025-01-26,grisMejua_2025_01_26__23_38_06_HDR0.jpg,grisMejua_2025_01_26__23_38_06_HDR0_4_Mothbot_yolo11m_4500_imgsz1600_b1_2024-01-18.pt.jpg
doi.org10.15468dl.6nxkw6.csv,Animalia,Arthropoda,Insecta,Hemiptera,,,,,809,,Hemiptera,Hemiptera,Cerro_Hoya_Expedition_Hoya_606m_grisMejua_2025-01-26,grisMejua_2025_01_26__23_39_06_HDR0_0_Mothbot_yolo11m_4500_imgsz1600_b1_2024-01-18.pt.jpg,HS,Mothbot_yolo11m_4500_imgsz1600_b1_2024-01-18.pt,0.7148969769477844,,grisMejua,Cerro_Hoya_Expedition/Hoya_606m_grisMejua_2025-01-26/2025-01-26/patches/grisMejua_2025_01_26__23_39_06_HDR0_0_Mothbot_yolo11m_4500_imgsz1600_b1_2024-01-18.pt.jpg,ORDER_Hemiptera,2025-01-26,23:39:06,,2025_01_26__23_39_06,MachineObservation,Cerro_Hoya_Expedition_Hoya_606m_grisMejua_2025-01-26_2025-01-26,Cerro_Hoya_Expedition_Hoya_606m_grisMejua_2025-01-26,grisMejua_2025_01_26__23_39_06_HDR0.jpg,grisMejua_2025_01_26__23_39_06_HDR0_0_Mothbot_yolo11m_4500_imgsz1600_b1_2024-01-18.pt.jpg
doi.org10.15468dl.6nxkw6.csv,Animalia,Arthropoda,Insecta,Hemiptera,,,,,809,,Hemiptera,Hemiptera,Cerro_Hoya_Expedition_Hoya_606m_grisMejua_2025-01-26,grisMejua_2025_01_26__23_39_06_HDR0_1_Mothbot_yolo11m_4500_imgsz1600_b1_2024-01-18.pt.jpg,HS,Mothbot_yolo11m_4500_imgsz1600_b1_2024-01-18.pt,0.596075713634491,,grisMejua,Cerro_Hoya_Expedition/Hoya_606m_grisMejua_2025-01-26/2025-01-26/patches/grisMejua_2025_01_26__23_39_06_HDR0_1_Mothbot_yolo11m_4500_imgsz1600_b1_2024-01-18.pt.jpg,ORDER_Hemiptera,2025-01-26,23:39:06,,2025_01_26__23_39_06,MachineObservation,Cerro_Hoya_Expedition_Hoya_606m_grisMejua_2025-01-26_2025-01-26,Cerro_Hoya_Expedition_Hoya_606m_grisMejua_2025-01-26,grisMejua_2025_01_26__23_39_06_HDR0.jpg,grisMejua_2025_01_26__23_39_06_HDR0_1_Mothbot_yolo11m_4500_imgsz1600_b1_2024-01-18.pt.jpg
doi.org10.15468dl.6nxkw6.csv,Animalia,Arthropoda,Insecta,Hemiptera,,,,,809,,Hemiptera,Hemiptera,Cerro_Hoya_Expedition_Hoya_606m_grisMejua_2025-01-26,grisMejua_2025_01_26__23_39_06_HDR0_2_Mothbot_yolo11m_4500_imgsz1600_b1_2024-01-18.pt.jpg,HS,Mothbot_yolo11m_4500_imgsz1600_b1_2024-01-18.pt,0.5808054804801941,,grisMejua,Cerro_Hoya_Expedition/Hoya_606m_grisMejua_2025-01-26/2025-01-26/patches/grisMejua_2025_01_26__23_39_06_HDR0_2_Mothbot_yolo11m_4500_imgsz1600_b1_2024-01-18.pt.jpg,ORDER_Hemiptera,2025-01-26,23:39:06,,2025_01_26__23_39_06,MachineObservation,Cerro_Hoya_Expedition_Hoya_606m_grisMejua_2025-01-26_2025-01-26,Cerro_Hoya_Expedition_Hoya_606m_grisMejua_2025-01-26,grisMejua_2025_01_26__23_39_06_HDR0.jpg,grisMejua_2025_01_26__23_39_06_HDR0_2_Mothbot_yolo11m_4500_imgsz1600_b1_2024-01-18.pt.jpg
doi.org10.15468dl.6nxkw6.csv,Animalia,Arthropoda,Insecta,Hemiptera,,,,,809,,Hemiptera,Hemiptera,Cerro_Hoya_Expedition_Hoya_606m_grisMejua_2025-01-26,grisMejua_2025_01_26__23_39_06_HDR0_3_Mothbot_yolo11m_4500_imgsz1600_b1_2024-01-18.pt.jpg,HS,Mothbot_yolo11m_4500_imgsz1600_b1_2024-01-18.pt,0.5283224582672119,,grisMejua,Cerro_Hoya_Expedition/Hoya_606m_grisMejua_2025-01-26/2025-01-26/patches/grisMejua_2025_01_26__23_39_06_HDR0_3_Mothbot_yolo11m_4500_imgsz1600_b1_2024-01-18.pt.jpg,ORDER_Hemiptera,2025-01-26,23:39:06,,2025_01_26__23_39_06,MachineObservation,Cerro_Hoya_Expedition_Hoya_606m_grisMejua_2025-01-26_2025-01-26,Cerro_Hoya_Expedition_Hoya_606m_grisMejua_2025-01-26,grisMejua_2025_01_26__23_39_06_HDR0.jpg,grisMejua_2025_01_26__23_39_06_HDR0_3_Mothbot_yolo11m_4500_imgsz1600_b1_2024-01-18.pt.jpg
doi.org10.15468dl.6nxkw6.csv,Animalia,Arthropoda,Insecta,Hemiptera,,,,,809,,Hemiptera,Hemiptera,Cerro_Hoya_Expedition_Hoya_606m_grisMejua_2025-01-26,grisMejua_2025_01_26__23_40_06_HDR0_0_Mothbot_yolo11m_4500_imgsz1600_b1_2024-01-18.pt.jpg,HS,Mothbot_yolo11m_4500_imgsz1600_b1_2024-01-18.pt,0.6297356486320496,,grisMejua,Cerro_Hoya_Expedition/Hoya_606m_grisMejua_2025-01-26/2025-01-26/patches/grisMejua_2025_01_26__23_40_06_HDR0_0_Mothbot_yolo11m_4500_imgsz1600_b1_2024-01-18.pt.jpg,ORDER_Hemiptera,2025-01-26,23:40:06,,2025_01_26__23_40_06,MachineObservation,Cerro_Hoya_Expedition_Hoya_606m_grisMejua_2025-01-26_2025-01-26,Cerro_Hoya_Expedition_Hoya_606m_grisMejua_2025-01-26,grisMejua_2025_01_26__23_40_06_HDR0.jpg,grisMejua_2025_01_26__23_40_06_HDR0_0_Mothbot_yolo11m_4500_imgsz1600_b1_2024-01-18.pt.jpg
doi.org10.15468dl.6nxkw6.csv,Animalia,Arthropoda,Insecta,Hemiptera,,,,,809,,Hemiptera,Hemiptera,Cerro_Hoya_Expedition_Hoya_606m_grisMejua_2025-01-26,grisMejua_2025_01_26__23_40_06_HDR0_1_Mothbot_yolo11m_4500_imgsz1600_b1_2024-01-18.pt.jpg,HS,Mothbot_yolo11m_4500_imgsz1600_b1_2024-01-18.pt,0.5689924359321594,,grisMejua,Cerro_Hoya_Expedition/Hoya_606m_grisMejua_2025-01-26/2025-01-26/patches/grisMejua_2025_01_26__23_40_06_HDR0_1_Mothbot_yolo11m_4500_imgsz1600_b1_2024-01-18.pt.jpg,ORDER_Diptera,2025-01-26,23:40:06,,2025_01_26__23_40_06,MachineObservation,Cerro_Hoya_Expedition_Hoya_606m_grisMejua_2025-01-26_2025-01-26,Cerro_Hoya_Expedition_Hoya_606m_grisMejua_2025-01-26,grisMejua_2025_01_26__23_40_06_HDR0.jpg,grisMejua_2025_01_26__23_40_06_HDR0_1_Mothbot_yolo11m_4500_imgsz1600_b1_2024-01-18.pt.jpg
doi.org10.15468dl.6nxkw6.csv,Animalia,Arthropoda,Insecta,Hemiptera,,,,,809,,Hemiptera,Hemiptera,Cerro_Hoya_Expedition_Hoya_606m_grisMejua_2025-01-26,grisMejua_2025_01_26__23_40_06_HDR0_2_Mothbot_yolo11m_4500_imgsz1600_b1_2024-01-18.pt.jpg,HS,Mothbot_yolo11m_4500_imgsz1600_b1_2024-01-18.pt,0.568484902381897,,grisMejua,Cerro_Hoya_Expedition/Hoya_606m_grisMejua_2025-01-26/2025-01-26/patches/grisMejua_2025_01_26__23_40_06_HDR0_2_Mothbot_yolo11m_4500_imgsz1600_b1_2024-01-18.pt.jpg,ORDER_Hemiptera,2025-01-26,23:40:06,,2025_01_26__23_40_06,MachineObservation,Cerro_Hoya_Expedition_Hoya_606m_grisMejua_2025-01-26_2025-01-26,Cerro_Hoya_Expedition_Hoya_606m_grisMejua_2025-01-26,grisMejua_2025_01_26__23_40_06_HDR0.jpg,grisMejua_2025_01_26__23_40_06_HDR0_2_Mothbot_yolo11m_4500_imgsz1600_b1_2024-01-18.pt.jpg
doi.org10.15468dl.6nxkw6.csv,Animalia,Arthropoda,Insecta,Hemiptera,,,,,809,,Hemiptera,Hemiptera,Cerro_Hoya_Expedition_Hoya_606m_grisMejua_2025-01-26,grisMejua_2025_01_26__23_41_06_HDR0_0_Mothbot_yolo11m_4500_imgsz1600_b1_2024-01-18.pt.jpg,HS,Mothbot_yolo11m_4500_imgsz1600_b1_2024-01-18.pt,0.6607816815376282,,grisMejua,Cerro_Hoya_Expedition/Hoya_606m_grisMejua_2025-01-26/2025-01-26/patches/grisMejua_2025_01_26__23_41_06_HDR0_0_Mothbot_yolo11m_4500_imgsz1600_b1_2024-01-18.pt.jpg,ORDER_Hemiptera,2025-01-26,23:41:06,,2025_01_26__23_41_06,MachineObservation,Cerro_Hoya_Expedition_Hoya_606m_grisMejua_2025-01-26_2025-01-26,Cerro_Hoya_Expedition_Hoya_606m_grisMejua_2025-01-26,grisMejua_2025_01_26__23_41_06_HDR0.jpg,grisMejua_2025_01_26__23_41_06_HDR0_0_Mothbot_yolo11m_4500_imgsz1600_b1_2024-01-18.pt.jpg
doi.org10.15468dl.6nxkw6.csv,Animalia,Arthropoda,Insecta,Hemiptera,,,,,809,,Hemiptera,Hemiptera,Cerro_Hoya_Expedition_Hoya_606m_grisMejua_2025-01-26,grisMejua_2025_01_26__23_41_06_HDR0_1_Mothbot_yolo11m_4500_imgsz1600_b1_2024-01-18.pt.jpg,HS,Mothbot_yolo11m_4500_imgsz1600_b1_2024-01-18.pt,0.6317998766899109,,grisMejua,Cerro_Hoya_Expedition/Hoya_606m_grisMejua_2025-01-26/2025-01-26/patches/grisMejua_2025_01_26__23_41_06_HDR0_1_Mothbot_yolo11m_4500_imgsz1600_b1_2024-01-18.pt.jpg,ORDER_Hemiptera,2025-01-26,23:41:06,,2025_01_26__23_41_06,MachineObservation,Cerro_Hoya_Expedition_Hoya_606m_grisMejua_2025-01-26_2025-01-26,Cerro_Hoya_Expedition_Hoya_606m_grisMejua_2025-01-26,grisMejua_2025_01_26__23_41_06_HDR0.jpg,grisMejua_2025_01_26__23_41_06_HDR0_1_Mothbot_yolo11m_4500_imgsz1600_b1_2024-01-18.pt.jpg
doi.org10.15468dl.6nxkw6.csv,Animalia,Arthropoda,Insecta,Hemiptera,,,,,809,,Hemiptera,Hemiptera,Cerro_Hoya_Expedition_Hoya_606m_grisMejua_2025-01-26,grisMejua_2025_01_26__23_41_06_HDR0_2_Mothbot_yolo11m_4500_imgsz1600_b1_2024-01-18.pt.jpg,HS,Mothbot_yolo11m_4500_imgsz1600_b1_2024-01-18.pt,0.6107746362686157,,grisMejua,Cerro_Hoya_Expedition/Hoya_606m_grisMejua_2025-01-26/2025-01-26/patches/grisMejua_2025_01_26__23_41_06_HDR0_2_Mothbot_yolo11m_4500_imgsz1600_b1_2024-01-18.pt.jpg,ORDER_Hemiptera,2025-01-26,23:41:06,,2025_01_26__23_41_06,MachineObservation,Cerro_Hoya_Expedition_Hoya_606m_grisMejua_2025-01-26_2025-01-26,Cerro_Hoya_Expedition_Hoya_606m_grisMejua_2025-01-26,grisMejua_2025_01_26__23_41_06_HDR0.jpg,grisMejua_2025_01_26__23_41_06_HDR0_2_Mothbot_yolo11m_4500_imgsz1600_b1_2024-01-18.pt.jpg
doi.org10.15468dl.6nxkw6.csv,Animalia,Arthropoda,Insecta,Lepidoptera,,,,,797,,Lepidoptera,Lepidoptera,Cerro_Hoya_Expedition_Hoya_606m_grisMejua_2025-01-26,grisMejua_2025_01_26__23_41_06_HDR0_3_Mothbot_yolo11m_4500_imgsz1600_b1_2024-01-18.pt.jpg,HS,Mothbot_yolo11m_4500_imgsz1600_b1_2024-01-18.pt,0.42400670051574707,,grisMejua,Cerro_Hoya_Expedition/Hoya_606m_grisMejua_2025-01-26/2025-01-26/patches/grisMejua_2025_01_26__23_41_06_HDR0_3_Mothbot_yolo11m_4500_imgsz1600_b1_2024-01-18.pt.jpg,ORDER_Lepidoptera,2025-01-26,23:41:06,,2025_01_26__23_41_06,MachineObservation,Cerro_Hoya_Expedition_Hoya_606m_grisMejua_2025-01-26_2025-01-26,Cerro_Hoya_Expedition_Hoya_606m_grisMejua_2025-01-26,grisMejua_2025_01_26__23_41_06_HDR0.jpg,grisMejua_2025_01_26__23_41_06_HDR0_3_Mothbot_yolo11m_4500_imgsz1600_b1_2024-01-18.pt.jpg
doi.org10.15468dl.6nxkw6.csv,Animalia,Arthropoda,Insecta,Hemiptera,,,,,809,,Hemiptera,Hemiptera,Cerro_Hoya_Expedition_Hoya_606m_grisMejua_2025-01-26,grisMejua_2025_01_26__23_42_06_HDR0_0_Mothbot_yolo11m_4500_imgsz1600_b1_2024-01-18.pt.jpg,HS,Mothbot_yolo11m_4500_imgsz1600_b1_2024-01-18.pt,0.6563460826873779,,grisMejua,Cerro_Hoya_Expedition/Hoya_606m_grisMejua_2025-01-26/2025-01-26/patches/grisMejua_2025_01_26__23_42_06_HDR0_0_Mothbot_yolo11m_4500_imgsz1600_b1_2024-01-18.pt.jpg,ORDER_Hemiptera,2025-01-26,23:42:06,,2025_01_26__23_42_06,MachineObservation,Cerro_Hoya_Expedition_Hoya_606m_grisMejua_2025-01-26_2025-01-26,Cerro_Hoya_Expedition_Hoya_606m_grisMejua_2025-01-26,grisMejua_2025_01_26__23_42_06_HDR0.jpg,grisMejua_2025_01_26__23_42_06_HDR0_0_Mothbot_yolo11m_4500_imgsz1600_b1_2024-01-18.pt.jpg
doi.org10.15468dl.6nxkw6.csv,Animalia,Arthropoda,Insecta,Hemiptera,,,,,809,,Hemiptera,Hemiptera,Cerro_Hoya_Expedition_Hoya_606m_grisMejua_2025-01-26,grisMejua_2025_01_26__23_42_06_HDR0_1_Mothbot_yolo11m_4500_imgsz1600_b1_2024-01-18.pt.jpg,HS,Mothbot_yolo11m_4500_imgsz1600_b1_2024-01-18.pt,0.623413622379303,,grisMejua,Cerro_Hoya_Expedition/Hoya_606m_grisMejua_2025-01-26/2025-01-26/patches/grisMejua_2025_01_26__23_42_06_HDR0_1_Mothbot_yolo11m_4500_imgsz1600_b1_2024-01-18.pt.jpg,ORDER_Diptera,2025-01-26,23:42:06,,2025_01_26__23_42_06,MachineObservation,Cerro_Hoya_Expedition_Hoya_606m_grisMejua_2025-01-26_2025-01-26,Cerro_Hoya_Expedition_Hoya_606m_grisMejua_2025-01-26,grisMejua_2025_01_26__23_42_06_HDR0.jpg,grisMejua_2025_01_26__23_42_06_HDR0_1_Mothbot_yolo11m_4500_imgsz1600_b1_2024-01-18.pt.jpg
doi.org10.15468dl.6nxkw6.csv,Animalia,Arthropoda,Insecta,Coleoptera,Chrysomelidae,,,Alticini3,7780,,Chrysomelidae,Alticini3,Cerro_Hoya_Expedition_Hoya_606m_grisMejua_2025-01-26,grisMejua_2025_01_26__23_42_06_HDR0_2_Mothbot_yolo11m_4500_imgsz1600_b1_2024-01-18.pt.jpg,HS,Mothbot_yolo11m_4500_imgsz1600_b1_2024-01-18.pt,0.55162113904953,,grisMejua,Cerro_Hoya_Expedition/Hoya_606m_grisMejua_2025-01-26/2025-01-26/patches/grisMejua_2025_01_26__23_42_06_HDR0_2_Mothbot_yolo11m_4500_imgsz1600_b1_2024-01-18.pt.jpg,ORDER_Coleoptera,2025-01-26,23:42:06,,2025_01_26__23_42_06,MachineObservation,Cerro_Hoya_Expedition_Hoya_606m_grisMejua_2025-01-26_2025-01-26,Cerro_Hoya_Expedition_Hoya_606m_grisMejua_2025-01-26,grisMejua_2025_01_26__23_42_06_HDR0.jpg,grisMejua_2025_01_26__23_42_06_HDR0_2_Mothbot_yolo11m_4500_imgsz1600_b1_2024-01-18.pt.jpg
doi.org10.15468dl.6nxkw6.csv,Animalia,Arthropoda,Insecta,,,,,,216,,Insecta,Insecta,Cerro_Hoya_Expedition_Hoya_606m_grisMejua_2025-01-26,grisMejua_2025_01_26__23_42_06_HDR0_3_Mothbot_yolo11m_4500_imgsz1600_b1_2024-01-18.pt.jpg,HS,Mothbot_yolo11m_4500_imgsz1600_b1_2024-01-18.pt,0.4383849501609802,,grisMejua,Cerro_Hoya_Expedition/Hoya_606m_grisMejua_2025-01-26/2025-01-26/patches/grisMejua_2025_01_26__23_42_06_HDR0_3_Mothbot_yolo11m_4500_imgsz1600_b1_2024-01-18.pt.jpg,ORDER_Odonata,2025-01-26,23:42:06,,2025_01_26__23_42_06,MachineObservation,Cerro_Hoya_Expedition_Hoya_606m_grisMejua_2025-01-26_2025-01-26,Cerro_Hoya_Expedition_Hoya_606m_grisMejua_2025-01-26,grisMejua_2025_01_26__23_42_06_HDR0.jpg,grisMejua_2025_01_26__23_42_06_HDR0_3_Mothbot_yolo11m_4500_imgsz1600_b1_2024-01-18.pt.jpg
doi.org10.15468dl.6nxkw6.csv,Animalia,Arthropoda,Insecta,Hemiptera,,,,,809,,Hemiptera,Hemiptera,Cerro_Hoya_Expedition_Hoya_606m_grisMejua_2025-01-26,grisMejua_2025_01_26__23_43_22_HDR0_0_Mothbot_yolo11m_4500_imgsz1600_b1_2024-01-18.pt.jpg,HS,Mothbot_yolo11m_4500_imgsz1600_b1_2024-01-18.pt,0.6594328284263611,,grisMejua,Cerro_Hoya_Expedition/Hoya_606m_grisMejua_2025-01-26/2025-01-26/patches/grisMejua_2025_01_26__23_43_22_HDR0_0_Mothbot_yolo11m_4500_imgsz1600_b1_2024-01-18.pt.jpg,ORDER_Hemiptera,2025-01-26,23:43:22,,2025_01_26__23_43_22,MachineObservation,Cerro_Hoya_Expedition_Hoya_606m_grisMejua_2025-01-26_2025-01-26,Cerro_Hoya_Expedition_Hoya_606m_grisMejua_2025-01-26,grisMejua_2025_01_26__23_43_22_HDR0.jpg,grisMejua_2025_01_26__23_43_22_HDR0_0_Mothbot_yolo11m_4500_imgsz1600_b1_2024-01-18.pt.jpg
doi.org10.15468dl.6nxkw6.csv,Animalia,Arthropoda,Insecta,Hemiptera,,,,,809,,Hemiptera,Hemiptera,Cerro_Hoya_Expedition_Hoya_606m_grisMejua_2025-01-26,grisMejua_2025_01_26__23_43_22_HDR0_1_Mothbot_yolo11m_4500_imgsz1600_b1_2024-01-18.pt.jpg,HS,Mothbot_yolo11m_4500_imgsz1600_b1_2024-01-18.pt,0.6463320255279541,,grisMejua,Cerro_Hoya_Expedition/Hoya_606m_grisMejua_2025-01-26/2025-01-26/patches/grisMejua_2025_01_26__23_43_22_HDR0_1_Mothbot_yolo11m_4500_imgsz1600_b1_2024-01-18.pt.jpg,ORDER_Diptera,2025-01-26,23:43:22,,2025_01_26__23_43_22,MachineObservation,Cerro_Hoya_Expedition_Hoya_606m_grisMejua_2025-01-26_2025-01-26,Cerro_Hoya_Expedition_Hoya_606m_grisMejua_2025-01-26,grisMejua_2025_01_26__23_43_22_HDR0.jpg,grisMejua_2025_01_26__23_43_22_HDR0_1_Mothbot_yolo11m_4500_imgsz1600_b1_2024-01-18.pt.jpg
doi.org10.15468dl.6nxkw6.csv,Animalia,Arthropoda,Insecta,Coleoptera,Chrysomelidae,,,Alticini3,7780,,Chrysomelidae,Alticini3,Cerro_Hoya_Expedition_Hoya_606m_grisMejua_2025-01-26,grisMejua_2025_01_26__23_43_22_HDR0_2_Mothbot_yolo11m_4500_imgsz1600_b1_2024-01-18.pt.jpg,HS,Mothbot_yolo11m_4500_imgsz1600_b1_2024-01-18.pt,0.6402214765548706,,grisMejua,Cerro_Hoya_Expedition/Hoya_606m_grisMejua_2025-01-26/2025-01-26/patches/grisMejua_2025_01_26__23_43_22_HDR0_2_Mothbot_yolo11m_4500_imgsz1600_b1_2024-01-18.pt.jpg,ORDER_Hemiptera,2025-01-26,23:43:22,,2025_01_26__23_43_22,MachineObservation,Cerro_Hoya_Expedition_Hoya_606m_grisMejua_2025-01-26_2025-01-26,Cerro_Hoya_Expedition_Hoya_606m_grisMejua_2025-01-26,grisMejua_2025_01_26__23_43_22_HDR0.jpg,grisMejua_2025_01_26__23_43_22_HDR0_2_Mothbot_yolo11m_4500_imgsz1600_b1_2024-01-18.pt.jpg
doi.org10.15468dl.6nxkw6.csv,Animalia,Arthropoda,Insecta,Diptera,,,,,811,,Diptera,Diptera,Cerro_Hoya_Expedition_Hoya_606m_grisMejua_2025-01-26,grisMejua_2025_01_26__23_43_22_HDR0_3_Mothbot_yolo11m_4500_imgsz1600_b1_2024-01-18.pt.jpg,HS,Mothbot_yolo11m_4500_imgsz1600_b1_2024-01-18.pt,0.5905714631080627,,grisMejua,Cerro_Hoya_Expedition/Hoya_606m_grisMejua_2025-01-26/2025-01-26/patches/grisMejua_2025_01_26__23_43_22_HDR0_3_Mothbot_yolo11m_4500_imgsz1600_b1_2024-01-18.pt.jpg,ORDER_Diptera,2025-01-26,23:43:22,,2025_01_26__23_43_22,MachineObservation,Cerro_Hoya_Expedition_Hoya_606m_grisMejua_2025-01-26_2025-01-26,Cerro_Hoya_Expedition_Hoya_606m_grisMejua_2025-01-26,grisMejua_2025_01_26__23_43_22_HDR0.jpg,grisMejua_2025_01_26__23_43_22_HDR0_3_Mothbot_yolo11m_4500_imgsz1600_b1_2024-01-18.pt.jpg
doi.org10.15468dl.6nxkw6.csv,Animalia,Arthropoda,Insecta,Hemiptera,,,,,809,,Hemiptera,Hemiptera,Cerro_Hoya_Expedition_Hoya_606m_grisMejua_2025-01-26,grisMejua_2025_01_26__23_43_22_HDR0_4_Mothbot_yolo11m_4500_imgsz1600_b1_2024-01-18.pt.jpg,HS,Mothbot_yolo11m_4500_imgsz1600_b1_2024-01-18.pt,0.5897231101989746,,grisMejua,Cerro_Hoya_Expedition/Hoya_606m_grisMejua_2025-01-26/2025-01-26/patches/grisMejua_2025_01_26__23_43_22_HDR0_4_Mothbot_yolo11m_4500_imgsz1600_b1_2024-01-18.pt.jpg,ORDER_Diptera,2025-01-26,23:43:22,,2025_01_26__23_43_22,MachineObservation,Cerro_Hoya_Expedition_Hoya_606m_grisMejua_2025-01-26_2025-01-26,Cerro_Hoya_Expedition_Hoya_606m_grisMejua_2025-01-26,grisMejua_2025_01_26__23_43_22_HDR0.jpg,grisMejua_2025_01_26__23_43_22_HDR0_4_Mothbot_yolo11m_4500_imgsz1600_b1_2024-01-18.pt.jpg
doi.org10.15468dl.6nxkw6.csv,Animalia,Arthropoda,Insecta,Lepidoptera,,,,,797,,Lepidoptera,Lepidoptera,Cerro_Hoya_Expedition_Hoya_606m_grisMejua_2025-01-26,grisMejua_2025_01_26__23_44_06_HDR0_0_Mothbot_yolo11m_4500_imgsz1600_b1_2024-01-18.pt.jpg,HS,Mothbot_yolo11m_4500_imgsz1600_b1_2024-01-18.pt,0.8435996174812317,,grisMejua,Cerro_Hoya_Expedition/Hoya_606m_grisMejua_2025-01-26/2025-01-26/patches/grisMejua_2025_01_26__23_44_06_HDR0_0_Mothbot_yolo11m_4500_imgsz1600_b1_2024-01-18.pt.jpg,ORDER_Lepidoptera,2025-01-26,23:44:06,,2025_01_26__23_44_06,MachineObservation,Cerro_Hoya_Expedition_Hoya_606m_grisMejua_2025-01-26_2025-01-26,Cerro_Hoya_Expedition_Hoya_606m_grisMejua_2025-01-26,grisMejua_2025_01_26__23_44_06_HDR0.jpg,grisMejua_2025_01_26__23_44_06_HDR0_0_Mothbot_yolo11m_4500_imgsz1600_b1_2024-01-18.pt.jpg
doi.org10.15468dl.6nxkw6.csv,Animalia,Arthropoda,Insecta,Hemiptera,,,,,809,,Hemiptera,Hemiptera,Cerro_Hoya_Expedition_Hoya_606m_grisMejua_2025-01-26,grisMejua_2025_01_26__23_44_06_HDR0_1_Mothbot_yolo11m_4500_imgsz1600_b1_2024-01-18.pt.jpg,HS,Mothbot_yolo11m_4500_imgsz1600_b1_2024-01-18.pt,0.6377065181732178,,grisMejua,Cerro_Hoya_Expedition/Hoya_606m_grisMejua_2025-01-26/2025-01-26/patches/grisMejua_2025_01_26__23_44_06_HDR0_1_Mothbot_yolo11m_4500_imgsz1600_b1_2024-01-18.pt.jpg,ORDER_Psocodea,2025-01-26,23:44:06,,2025_01_26__23_44_06,MachineObservation,Cerro_Hoya_Expedition_Hoya_606m_grisMejua_2025-01-26_2025-01-26,Cerro_Hoya_Expedition_Hoya_606m_grisMejua_2025-01-26,grisMejua_2025_01_26__23_44_06_HDR0.jpg,grisMejua_2025_01_26__23_44_06_HDR0_1_Mothbot_yolo11m_4500_imgsz1600_b1_2024-01-18.pt.jpg
doi.org10.15468dl.6nxkw6.csv,Animalia,Arthropoda,Insecta,Lepidoptera,,,,,797,,Lepidoptera,Lepidoptera,Cerro_Hoya_Expedition_Hoya_606m_grisMejua_2025-01-26,grisMejua_2025_01_26__23_45_06_HDR0_0_Mothbot_yolo11m_4500_imgsz1600_b1_2024-01-18.pt.jpg,HS,Mothbot_yolo11m_4500_imgsz1600_b1_2024-01-18.pt,0.8459404706954956,,grisMejua,Cerro_Hoya_Expedition/Hoya_606m_grisMejua_2025-01-26/2025-01-26/patches/grisMejua_2025_01_26__23_45_06_HDR0_0_Mothbot_yolo11m_4500_imgsz1600_b1_2024-01-18.pt.jpg,ORDER_Lepidoptera,2025-01-26,23:45:06,,2025_01_26__23_45_06,MachineObservation,Cerro_Hoya_Expedition_Hoya_606m_grisMejua_2025-01-26_2025-01-26,Cerro_Hoya_Expedition_Hoya_606m_grisMejua_2025-01-26,grisMejua_2025_01_26__23_45_06_HDR0.jpg,grisMejua_2025_01_26__23_45_06_HDR0_0_Mothbot_yolo11m_4500_imgsz1600_b1_2024-01-18.pt.jpg
doi.org10.15468dl.6nxkw6.csv,Animalia,Arthropoda,Insecta,Diptera,,,,,811,,Diptera,Diptera,Cerro_Hoya_Expedition_Hoya_606m_grisMejua_2025-01-26,grisMejua_2025_01_26__23_45_06_HDR0_1_Mothbot_yolo11m_4500_imgsz1600_b1_2024-01-18.pt.jpg,HS,Mothbot_yolo11m_4500_imgsz1600_b1_2024-01-18.pt,0.723834216594696,,grisMejua,Cerro_Hoya_Expedition/Hoya_606m_grisMejua_2025-01-26/2025-01-26/patches/grisMejua_2025_01_26__23_45_06_HDR0_1_Mothbot_yolo11m_4500_imgsz1600_b1_2024-01-18.pt.jpg,ORDER_Diptera,2025-01-26,23:45:06,,2025_01_26__23_45_06,MachineObservation,Cerro_Hoya_Expedition_Hoya_606m_grisMejua_2025-01-26_2025-01-26,Cerro_Hoya_Expedition_Hoya_606m_grisMejua_2025-01-26,grisMejua_2025_01_26__23_45_06_HDR0.jpg,grisMejua_2025_01_26__23_45_06_HDR0_1_Mothbot_yolo11m_4500_imgsz1600_b1_2024-01-18.pt.jpg
doi.org10.15468dl.6nxkw6.csv,Animalia,Arthropoda,Insecta,Hemiptera,,,,,809,,Hemiptera,Hemiptera,Cerro_Hoya_Expedition_Hoya_606m_grisMejua_2025-01-26,grisMejua_2025_01_26__23_45_06_HDR0_2_Mothbot_yolo11m_4500_imgsz1600_b1_2024-01-18.pt.jpg,HS,Mothbot_yolo11m_4500_imgsz1600_b1_2024-01-18.pt,0.6526345610618591,,grisMejua,Cerro_Hoya_Expedition/Hoya_606m_grisMejua_2025-01-26/2025-01-26/patches/grisMejua_2025_01_26__23_45_06_HDR0_2_Mothbot_yolo11m_4500_imgsz1600_b1_2024-01-18.pt.jpg,ORDER_Hemiptera,2025-01-26,23:45:06,,2025_01_26__23_45_06,MachineObservation,Cerro_Hoya_Expedition_Hoya_606m_grisMejua_2025-01-26_2025-01-26,Cerro_Hoya_Expedition_Hoya_606m_grisMejua_2025-01-26,grisMejua_2025_01_26__23_45_06_HDR0.jpg,grisMejua_2025_01_26__23_45_06_HDR0_2_Mothbot_yolo11m_4500_imgsz1600_b1_2024-01-18.pt.jpg
doi.org10.15468dl.6nxkw6.csv,Animalia,Arthropoda,Insecta,Hemiptera,,,,,809,,Hemiptera,Hemiptera,Cerro_Hoya_Expedition_Hoya_606m_grisMejua_2025-01-26,grisMejua_2025_01_26__23_45_06_HDR0_3_Mothbot_yolo11m_4500_imgsz1600_b1_2024-01-18.pt.jpg,HS,Mothbot_yolo11m_4500_imgsz1600_b1_2024-01-18.pt,0.5853842496871948,,grisMejua,Cerro_Hoya_Expedition/Hoya_606m_grisMejua_2025-01-26/2025-01-26/patches/grisMejua_2025_01_26__23_45_06_HDR0_3_Mothbot_yolo11m_4500_imgsz1600_b1_2024-01-18.pt.jpg,ORDER_Hemiptera,2025-01-26,23:45:06,,2025_01_26__23_45_06,MachineObservation,Cerro_Hoya_Expedition_Hoya_606m_grisMejua_2025-01-26_2025-01-26,Cerro_Hoya_Expedition_Hoya_606m_grisMejua_2025-01-26,grisMejua_2025_01_26__23_45_06_HDR0.jpg,grisMejua_2025_01_26__23_45_06_HDR0_3_Mothbot_yolo11m_4500_imgsz1600_b1_2024-01-18.pt.jpg
doi.org10.15468dl.6nxkw6.csv,Animalia,Arthropoda,Insecta,Lepidoptera,,,,,797,,Lepidoptera,Lepidoptera,Cerro_Hoya_Expedition_Hoya_606m_grisMejua_2025-01-26,grisMejua_2025_01_26__23_46_05_HDR0_0_Mothbot_yolo11m_4500_imgsz1600_b1_2024-01-18.pt.jpg,HS,Mothbot_yolo11m_4500_imgsz1600_b1_2024-01-18.pt,0.8456565141677856,,grisMejua,Cerro_Hoya_Expedition/Hoya_606m_grisMejua_2025-01-26/2025-01-26/patches/grisMejua_2025_01_26__23_46_05_HDR0_0_Mothbot_yolo11m_4500_imgsz1600_b1_2024-01-18.pt.jpg,ORDER_Lepidoptera,2025-01-26,23:46:05,,2025_01_26__23_46_05,MachineObservation,Cerro_Hoya_Expedition_Hoya_606m_grisMejua_2025-01-26_2025-01-26,Cerro_Hoya_Expedition_Hoya_606m_grisMejua_2025-01-26,grisMejua_2025_01_26__23_46_05_HDR0.jpg,grisMejua_2025_01_26__23_46_05_HDR0_0_Mothbot_yolo11m_4500_imgsz1600_b1_2024-01-18.pt.jpg
doi.org10.15468dl.6nxkw6.csv,Animalia,Arthropoda,Insecta,Hemiptera,,,,,809,,Hemiptera,Hemiptera,Cerro_Hoya_Expedition_Hoya_606m_grisMejua_2025-01-26,grisMejua_2025_01_26__23_46_05_HDR0_1_Mothbot_yolo11m_4500_imgsz1600_b1_2024-01-18.pt.jpg,HS,Mothbot_yolo11m_4500_imgsz1600_b1_2024-01-18.pt,0.6514270305633545,,grisMejua,Cerro_Hoya_Expedition/Hoya_606m_grisMejua_2025-01-26/2025-01-26/patches/grisMejua_2025_01_26__23_46_05_HDR0_1_Mothbot_yolo11m_4500_imgsz1600_b1_2024-01-18.pt.jpg,ORDER_Coleoptera,2025-01-26,23:46:05,,2025_01_26__23_46_05,MachineObservation,Cerro_Hoya_Expedition_Hoya_606m_grisMejua_2025-01-26_2025-01-26,Cerro_Hoya_Expedition_Hoya_606m_grisMejua_2025-01-26,grisMejua_2025_01_26__23_46_05_HDR0.jpg,grisMejua_2025_01_26__23_46_05_HDR0_1_Mothbot_yolo11m_4500_imgsz1600_b1_2024-01-18.pt.jpg
doi.org10.15468dl.6nxkw6.csv,Animalia,Arthropoda,Insecta,Hemiptera,,,,,809,,Hemiptera,Hemiptera,Cerro_Hoya_Expedition_Hoya_606m_grisMejua_2025-01-26,grisMejua_2025_01_26__23_46_05_HDR0_2_Mothbot_yolo11m_4500_imgsz1600_b1_2024-01-18.pt.jpg,HS,Mothbot_yolo11m_4500_imgsz1600_b1_2024-01-18.pt,0.3990236222743988,,grisMejua,Cerro_Hoya_Expedition/Hoya_606m_grisMejua_2025-01-26/2025-01-26/patches/grisMejua_2025_01_26__23_46_05_HDR0_2_Mothbot_yolo11m_4500_imgsz1600_b1_2024-01-18.pt.jpg,ORDER_Hemiptera,2025-01-26,23:46:05,,2025_01_26__23_46_05,MachineObservation,Cerro_Hoya_Expedition_Hoya_606m_grisMejua_2025-01-26_2025-01-26,Cerro_Hoya_Expedition_Hoya_606m_grisMejua_2025-01-26,grisMejua_2025_01_26__23_46_05_HDR0.jpg,grisMejua_2025_01_26__23_46_05_HDR0_2_Mothbot_yolo11m_4500_imgsz1600_b1_2024-01-18.pt.jpg
doi.org10.15468dl.6nxkw6.csv,Animalia,Arthropoda,Insecta,Lepidoptera,,,,,797,,Lepidoptera,Lepidoptera,Cerro_Hoya_Expedition_Hoya_606m_grisMejua_2025-01-26,grisMejua_2025_01_26__23_47_06_HDR0_0_Mothbot_yolo11m_4500_imgsz1600_b1_2024-01-18.pt.jpg,HS,Mothbot_yolo11m_4500_imgsz1600_b1_2024-01-18.pt,0.8735848069190979,,grisMejua,Cerro_Hoya_Expedition/Hoya_606m_grisMejua_2025-01-26/2025-01-26/patches/grisMejua_2025_01_26__23_47_06_HDR0_0_Mothbot_yolo11m_4500_imgsz1600_b1_2024-01-18.pt.jpg,ORDER_Lepidoptera,2025-01-26,23:47:06,,2025_01_26__23_47_06,MachineObservation,Cerro_Hoya_Expedition_Hoya_606m_grisMejua_2025-01-26_2025-01-26,Cerro_Hoya_Expedition_Hoya_606m_grisMejua_2025-01-26,grisMejua_2025_01_26__23_47_06_HDR0.jpg,grisMejua_2025_01_26__23_47_06_HDR0_0_Mothbot_yolo11m_4500_imgsz1600_b1_2024-01-18.pt.jpg
doi.org10.15468dl.6nxkw6.csv,Animalia,Arthropoda,Insecta,Hemiptera,,,,,809,,Hemiptera,Hemiptera,Cerro_Hoya_Expedition_Hoya_606m_grisMejua_2025-01-26,grisMejua_2025_01_26__23_47_06_HDR0_1_Mothbot_yolo11m_4500_imgsz1600_b1_2024-01-18.pt.jpg,HS,Mothbot_yolo11m_4500_imgsz1600_b1_2024-01-18.pt,0.6451128125190735,,grisMejua,Cerro_Hoya_Expedition/Hoya_606m_grisMejua_2025-01-26/2025-01-26/patches/grisMejua_2025_01_26__23_47_06_HDR0_1_Mothbot_yolo11m_4500_imgsz1600_b1_2024-01-18.pt.jpg,ORDER_Psocodea,2025-01-26,23:47:06,,2025_01_26__23_47_06,MachineObservation,Cerro_Hoya_Expedition_Hoya_606m_grisMejua_2025-01-26_2025-01-26,Cerro_Hoya_Expedition_Hoya_606m_grisMejua_2025-01-26,grisMejua_2025_01_26__23_47_06_HDR0.jpg,grisMejua_2025_01_26__23_47_06_HDR0_1_Mothbot_yolo11m_4500_imgsz1600_b1_2024-01-18.pt.jpg
doi.org10.15468dl.6nxkw6.csv,Animalia,Arthropoda,Insecta,Lepidoptera,,,,,797,,Lepidoptera,Lepidoptera,Cerro_Hoya_Expedition_Hoya_606m_grisMejua_2025-01-26,grisMejua_2025_01_26__23_48_06_HDR0_0_Mothbot_yolo11m_4500_imgsz1600_b1_2024-01-18.pt.jpg,HS,Mothbot_yolo11m_4500_imgsz1600_b1_2024-01-18.pt,0.873665988445282,,grisMejua,Cerro_Hoya_Expedition/Hoya_606m_grisMejua_2025-01-26/2025-01-26/patches/grisMejua_2025_01_26__23_48_06_HDR0_0_Mothbot_yolo11m_4500_imgsz1600_b1_2024-01-18.pt.jpg,ORDER_Lepidoptera,2025-01-26,23:48:06,,2025_01_26__23_48_06,MachineObservation,Cerro_Hoya_Expedition_Hoya_606m_grisMejua_2025-01-26_2025-01-26,Cerro_Hoya_Expedition_Hoya_606m_grisMejua_2025-01-26,grisMejua_2025_01_26__23_48_06_HDR0.jpg,grisMejua_2025_01_26__23_48_06_HDR0_0_Mothbot_yolo11m_4500_imgsz1600_b1_2024-01-18.pt.jpg
doi.org10.15468dl.6nxkw6.csv,Animalia,Arthropoda,Insecta,Hemiptera,,,,,809,,Hemiptera,Hemiptera,Cerro_Hoya_Expedition_Hoya_606m_grisMejua_2025-01-26,grisMejua_2025_01_26__23_48_06_HDR0_1_Mothbot_yolo11m_4500_imgsz1600_b1_2024-01-18.pt.jpg,HS,Mothbot_yolo11m_4500_imgsz1600_b1_2024-01-18.pt,0.6628001928329468,,grisMejua,Cerro_Hoya_Expedition/Hoya_606m_grisMejua_2025-01-26/2025-01-26/patches/grisMejua_2025_01_26__23_48_06_HDR0_1_Mothbot_yolo11m_4500_imgsz1600_b1_2024-01-18.pt.jpg,ORDER_Coleoptera,2025-01-26,23:48:06,,2025_01_26__23_48_06,MachineObservation,Cerro_Hoya_Expedition_Hoya_606m_grisMejua_2025-01-26_2025-01-26,Cerro_Hoya_Expedition_Hoya_606m_grisMejua_2025-01-26,grisMejua_2025_01_26__23_48_06_HDR0.jpg,grisMejua_2025_01_26__23_48_06_HDR0_1_Mothbot_yolo11m_4500_imgsz1600_b1_2024-01-18.pt.jpg
doi.org10.15468dl.6nxkw6.csv,Animalia,Arthropoda,Insecta,Diptera,,,,,811,,Diptera,Diptera,Cerro_Hoya_Expedition_Hoya_606m_grisMejua_2025-01-26,grisMejua_2025_01_26__23_48_06_HDR0_2_Mothbot_yolo11m_4500_imgsz1600_b1_2024-01-18.pt.jpg,HS,Mothbot_yolo11m_4500_imgsz1600_b1_2024-01-18.pt,0.3919392228126526,,grisMejua,Cerro_Hoya_Expedition/Hoya_606m_grisMejua_2025-01-26/2025-01-26/patches/grisMejua_2025_01_26__23_48_06_HDR0_2_Mothbot_yolo11m_4500_imgsz1600_b1_2024-01-18.pt.jpg,ORDER_Hymenoptera,2025-01-26,23:48:06,,2025_01_26__23_48_06,MachineObservation,Cerro_Hoya_Expedition_Hoya_606m_grisMejua_2025-01-26_2025-01-26,Cerro_Hoya_Expedition_Hoya_606m_grisMejua_2025-01-26,grisMejua_2025_01_26__23_48_06_HDR0.jpg,grisMejua_2025_01_26__23_48_06_HDR0_2_Mothbot_yolo11m_4500_imgsz1600_b1_2024-01-18.pt.jpg
doi.org10.15468dl.6nxkw6.csv,Animalia,Arthropoda,Insecta,Lepidoptera,,,,,797,,Lepidoptera,Lepidoptera,Cerro_Hoya_Expedition_Hoya_606m_grisMejua_2025-01-26,grisMejua_2025_01_26__23_49_06_HDR0_0_Mothbot_yolo11m_4500_imgsz1600_b1_2024-01-18.pt.jpg,HS,Mothbot_yolo11m_4500_imgsz1600_b1_2024-01-18.pt,0.8796380162239075,,grisMejua,Cerro_Hoya_Expedition/Hoya_606m_grisMejua_2025-01-26/2025-01-26/patches/grisMejua_2025_01_26__23_49_06_HDR0_0_Mothbot_yolo11m_4500_imgsz1600_b1_2024-01-18.pt.jpg,ORDER_Lepidoptera,2025-01-26,23:49:06,,2025_01_26__23_49_06,MachineObservation,Cerro_Hoya_Expedition_Hoya_606m_grisMejua_2025-01-26_2025-01-26,Cerro_Hoya_Expedition_Hoya_606m_grisMejua_2025-01-26,grisMejua_2025_01_26__23_49_06_HDR0.jpg,grisMejua_2025_01_26__23_49_06_HDR0_0_Mothbot_yolo11m_4500_imgsz1600_b1_2024-01-18.pt.jpg
doi.org10.15468dl.6nxkw6.csv,Animalia,Arthropoda,Insecta,Hemiptera,,,,,809,,Hemiptera,Hemiptera,Cerro_Hoya_Expedition_Hoya_606m_grisMejua_2025-01-26,grisMejua_2025_01_26__23_49_06_HDR0_1_Mothbot_yolo11m_4500_imgsz1600_b1_2024-01-18.pt.jpg,HS,Mothbot_yolo11m_4500_imgsz1600_b1_2024-01-18.pt,0.6557578444480896,,grisMejua,Cerro_Hoya_Expedition/Hoya_606m_grisMejua_2025-01-26/2025-01-26/patches/grisMejua_2025_01_26__23_49_06_HDR0_1_Mothbot_yolo11m_4500_imgsz1600_b1_2024-01-18.pt.jpg,ORDER_Hemiptera,2025-01-26,23:49:06,,2025_01_26__23_49_06,MachineObservation,Cerro_Hoya_Expedition_Hoya_606m_grisMejua_2025-01-26_2025-01-26,Cerro_Hoya_Expedition_Hoya_606m_grisMejua_2025-01-26,grisMejua_2025_01_26__23_49_06_HDR0.jpg,grisMejua_2025_01_26__23_49_06_HDR0_1_Mothbot_yolo11m_4500_imgsz1600_b1_2024-01-18.pt.jpg
doi.org10.15468dl.6nxkw6.csv,Animalia,Arthropoda,Insecta,Hemiptera,,,,,809,,Hemiptera,Hemiptera,Cerro_Hoya_Expedition_Hoya_606m_grisMejua_2025-01-26,grisMejua_2025_01_26__23_49_06_HDR0_2_Mothbot_yolo11m_4500_imgsz1600_b1_2024-01-18.pt.jpg,HS,Mothbot_yolo11m_4500_imgsz1600_b1_2024-01-18.pt,0.5669957995414734,,grisMejua,Cerro_Hoya_Expedition/Hoya_606m_grisMejua_2025-01-26/2025-01-26/patches/grisMejua_2025_01_26__23_49_06_HDR0_2_Mothbot_yolo11m_4500_imgsz1600_b1_2024-01-18.pt.jpg,ORDER_Hemiptera,2025-01-26,23:49:06,,2025_01_26__23_49_06,MachineObservation,Cerro_Hoya_Expedition_Hoya_606m_grisMejua_2025-01-26_2025-01-26,Cerro_Hoya_Expedition_Hoya_606m_grisMejua_2025-01-26,grisMejua_2025_01_26__23_49_06_HDR0.jpg,grisMejua_2025_01_26__23_49_06_HDR0_2_Mothbot_yolo11m_4500_imgsz1600_b1_2024-01-18.pt.jpg
doi.org10.15468dl.6nxkw6.csv,Animalia,Arthropoda,Insecta,Coleoptera,,,,,1470,,Coleoptera,Coleoptera,Cerro_Hoya_Expedition_Hoya_606m_grisMejua_2025-01-26,grisMejua_2025_01_26__23_49_06_HDR0_3_Mothbot_yolo11m_4500_imgsz1600_b1_2024-01-18.pt.jpg,HS,Mothbot_yolo11m_4500_imgsz1600_b1_2024-01-18.pt,0.3548424243927002,,grisMejua,Cerro_Hoya_Expedition/Hoya_606m_grisMejua_2025-01-26/2025-01-26/patches/grisMejua_2025_01_26__23_49_06_HDR0_3_Mothbot_yolo11m_4500_imgsz1600_b1_2024-01-18.pt.jpg,ORDER_Hemiptera,2025-01-26,23:49:06,,2025_01_26__23_49_06,MachineObservation,Cerro_Hoya_Expedition_Hoya_606m_grisMejua_2025-01-26_2025-01-26,Cerro_Hoya_Expedition_Hoya_606m_grisMejua_2025-01-26,grisMejua_2025_01_26__23_49_06_HDR0.jpg,grisMejua_2025_01_26__23_49_06_HDR0_3_Mothbot_yolo11m_4500_imgsz1600_b1_2024-01-18.pt.jpg
doi.org10.15468dl.6nxkw6.csv,Animalia,Arthropoda,Insecta,Lepidoptera,,,,,797,,Lepidoptera,Lepidoptera,Cerro_Hoya_Expedition_Hoya_606m_grisMejua_2025-01-26,grisMejua_2025_01_26__23_50_23_HDR0_0_Mothbot_yolo11m_4500_imgsz1600_b1_2024-01-18.pt.jpg,HS,Mothbot_yolo11m_4500_imgsz1600_b1_2024-01-18.pt,0.8824694156646729,,grisMejua,Cerro_Hoya_Expedition/Hoya_606m_grisMejua_2025-01-26/2025-01-26/patches/grisMejua_2025_01_26__23_50_23_HDR0_0_Mothbot_yolo11m_4500_imgsz1600_b1_2024-01-18.pt.jpg,ORDER_Lepidoptera,2025-01-26,23:50:23,,2025_01_26__23_50_23,MachineObservation,Cerro_Hoya_Expedition_Hoya_606m_grisMejua_2025-01-26_2025-01-26,Cerro_Hoya_Expedition_Hoya_606m_grisMejua_2025-01-26,grisMejua_2025_01_26__23_50_23_HDR0.jpg,grisMejua_2025_01_26__23_50_23_HDR0_0_Mothbot_yolo11m_4500_imgsz1600_b1_2024-01-18.pt.jpg
doi.org10.15468dl.6nxkw6.csv,Animalia,Arthropoda,Insecta,Hemiptera,,,,,809,,Hemiptera,Hemiptera,Cerro_Hoya_Expedition_Hoya_606m_grisMejua_2025-01-26,grisMejua_2025_01_26__23_50_23_HDR0_1_Mothbot_yolo11m_4500_imgsz1600_b1_2024-01-18.pt.jpg,HS,Mothbot_yolo11m_4500_imgsz1600_b1_2024-01-18.pt,0.6469030380249023,,grisMejua,Cerro_Hoya_Expedition/Hoya_606m_grisMejua_2025-01-26/2025-01-26/patches/grisMejua_2025_01_26__23_50_23_HDR0_1_Mothbot_yolo11m_4500_imgsz1600_b1_2024-01-18.pt.jpg,ORDER_Hemiptera,2025-01-26,23:50:23,,2025_01_26__23_50_23,MachineObservation,Cerro_Hoya_Expedition_Hoya_606m_grisMejua_2025-01-26_2025-01-26,Cerro_Hoya_Expedition_Hoya_606m_grisMejua_2025-01-26,grisMejua_2025_01_26__23_50_23_HDR0.jpg,grisMejua_2025_01_26__23_50_23_HDR0_1_Mothbot_yolo11m_4500_imgsz1600_b1_2024-01-18.pt.jpg
doi.org10.15468dl.6nxkw6.csv,Animalia,Arthropoda,Insecta,Hemiptera,,,,,809,,Hemiptera,Hemiptera,Cerro_Hoya_Expedition_Hoya_606m_grisMejua_2025-01-26,grisMejua_2025_01_26__23_50_23_HDR0_2_Mothbot_yolo11m_4500_imgsz1600_b1_2024-01-18.pt.jpg,HS,Mothbot_yolo11m_4500_imgsz1600_b1_2024-01-18.pt,0.6300204992294312,,grisMejua,Cerro_Hoya_Expedition/Hoya_606m_grisMejua_2025-01-26/2025-01-26/patches/grisMejua_2025_01_26__23_50_23_HDR0_2_Mothbot_yolo11m_4500_imgsz1600_b1_2024-01-18.pt.jpg,ORDER_Hemiptera,2025-01-26,23:50:23,,2025_01_26__23_50_23,MachineObservation,Cerro_Hoya_Expedition_Hoya_606m_grisMejua_2025-01-26_2025-01-26,Cerro_Hoya_Expedition_Hoya_606m_grisMejua_2025-01-26,grisMejua_2025_01_26__23_50_23_HDR0.jpg,grisMejua_2025_01_26__23_50_23_HDR0_2_Mothbot_yolo11m_4500_imgsz1600_b1_2024-01-18.pt.jpg
doi.org10.15468dl.6nxkw6.csv,Animalia,Arthropoda,Insecta,Coleoptera,,,,,1470,,Coleoptera,Coleoptera,Cerro_Hoya_Expedition_Hoya_606m_grisMejua_2025-01-26,grisMejua_2025_01_26__23_50_23_HDR0_3_Mothbot_yolo11m_4500_imgsz1600_b1_2024-01-18.pt.jpg,HS,Mothbot_yolo11m_4500_imgsz1600_b1_2024-01-18.pt,0.44798094034194946,,grisMejua,Cerro_Hoya_Expedition/Hoya_606m_grisMejua_2025-01-26/2025-01-26/patches/grisMejua_2025_01_26__23_50_23_HDR0_3_Mothbot_yolo11m_4500_imgsz1600_b1_2024-01-18.pt.jpg,ORDER_Hymenoptera,2025-01-26,23:50:23,,2025_01_26__23_50_23,MachineObservation,Cerro_Hoya_Expedition_Hoya_606m_grisMejua_2025-01-26_2025-01-26,Cerro_Hoya_Expedition_Hoya_606m_grisMejua_2025-01-26,grisMejua_2025_01_26__23_50_23_HDR0.jpg,grisMejua_2025_01_26__23_50_23_HDR0_3_Mothbot_yolo11m_4500_imgsz1600_b1_2024-01-18.pt.jpg
doi.org10.15468dl.6nxkw6.csv,Animalia,Arthropoda,Insecta,Lepidoptera,,,,,797,,Lepidoptera,Lepidoptera,Cerro_Hoya_Expedition_Hoya_606m_grisMejua_2025-01-26,grisMejua_2025_01_26__23_51_06_HDR0_0_Mothbot_yolo11m_4500_imgsz1600_b1_2024-01-18.pt.jpg,HS,Mothbot_yolo11m_4500_imgsz1600_b1_2024-01-18.pt,0.8715242147445679,,grisMejua,Cerro_Hoya_Expedition/Hoya_606m_grisMejua_2025-01-26/2025-01-26/patches/grisMejua_2025_01_26__23_51_06_HDR0_0_Mothbot_yolo11m_4500_imgsz1600_b1_2024-01-18.pt.jpg,ORDER_Lepidoptera,2025-01-26,23:51:06,,2025_01_26__23_51_06,MachineObservation,Cerro_Hoya_Expedition_Hoya_606m_grisMejua_2025-01-26_2025-01-26,Cerro_Hoya_Expedition_Hoya_606m_grisMejua_2025-01-26,grisMejua_2025_01_26__23_51_06_HDR0.jpg,grisMejua_2025_01_26__23_51_06_HDR0_0_Mothbot_yolo11m_4500_imgsz1600_b1_2024-01-18.pt.jpg
doi.org10.15468dl.6nxkw6.csv,Animalia,Arthropoda,Insecta,Hemiptera,,,,,809,,Hemiptera,Hemiptera,Cerro_Hoya_Expedition_Hoya_606m_grisMejua_2025-01-26,grisMejua_2025_01_26__23_51_06_HDR0_1_Mothbot_yolo11m_4500_imgsz1600_b1_2024-01-18.pt.jpg,HS,Mothbot_yolo11m_4500_imgsz1600_b1_2024-01-18.pt,0.6722056269645691,,grisMejua,Cerro_Hoya_Expedition/Hoya_606m_grisMejua_2025-01-26/2025-01-26/patches/grisMejua_2025_01_26__23_51_06_HDR0_1_Mothbot_yolo11m_4500_imgsz1600_b1_2024-01-18.pt.jpg,ORDER_Hemiptera,2025-01-26,23:51:06,,2025_01_26__23_51_06,MachineObservation,Cerro_Hoya_Expedition_Hoya_606m_grisMejua_2025-01-26_2025-01-26,Cerro_Hoya_Expedition_Hoya_606m_grisMejua_2025-01-26,grisMejua_2025_01_26__23_51_06_HDR0.jpg,grisMejua_2025_01_26__23_51_06_HDR0_1_Mothbot_yolo11m_4500_imgsz1600_b1_2024-01-18.pt.jpg
doi.org10.15468dl.6nxkw6.csv,Animalia,Arthropoda,Insecta,Hemiptera,,,,,809,,Hemiptera,Hemiptera,Cerro_Hoya_Expedition_Hoya_606m_grisMejua_2025-01-26,grisMejua_2025_01_26__23_51_06_HDR0_2_Mothbot_yolo11m_4500_imgsz1600_b1_2024-01-18.pt.jpg,HS,Mothbot_yolo11m_4500_imgsz1600_b1_2024-01-18.pt,0.6072975397109985,,grisMejua,Cerro_Hoya_Expedition/Hoya_606m_grisMejua_2025-01-26/2025-01-26/patches/grisMejua_2025_01_26__23_51_06_HDR0_2_Mothbot_yolo11m_4500_imgsz1600_b1_2024-01-18.pt.jpg,ORDER_Diptera,2025-01-26,23:51:06,,2025_01_26__23_51_06,MachineObservation,Cerro_Hoya_Expedition_Hoya_606m_grisMejua_2025-01-26_2025-01-26,Cerro_Hoya_Expedition_Hoya_606m_grisMejua_2025-01-26,grisMejua_2025_01_26__23_51_06_HDR0.jpg,grisMejua_2025_01_26__23_51_06_HDR0_2_Mothbot_yolo11m_4500_imgsz1600_b1_2024-01-18.pt.jpg
doi.org10.15468dl.6nxkw6.csv,Animalia,Arthropoda,Insecta,Coleoptera,,,,,1470,,Coleoptera,Coleoptera,Cerro_Hoya_Expedition_Hoya_606m_grisMejua_2025-01-26,grisMejua_2025_01_26__23_51_06_HDR0_3_Mothbot_yolo11m_4500_imgsz1600_b1_2024-01-18.pt.jpg,HS,Mothbot_yolo11m_4500_imgsz1600_b1_2024-01-18.pt,0.46557897329330444,,grisMejua,Cerro_Hoya_Expedition/Hoya_606m_grisMejua_2025-01-26/2025-01-26/patches/grisMejua_2025_01_26__23_51_06_HDR0_3_Mothbot_yolo11m_4500_imgsz1600_b1_2024-01-18.pt.jpg,ORDER_Coleoptera,2025-01-26,23:51:06,,2025_01_26__23_51_06,MachineObservation,Cerro_Hoya_Expedition_Hoya_606m_grisMejua_2025-01-26_2025-01-26,Cerro_Hoya_Expedition_Hoya_606m_grisMejua_2025-01-26,grisMejua_2025_01_26__23_51_06_HDR0.jpg,grisMejua_2025_01_26__23_51_06_HDR0_3_Mothbot_yolo11m_4500_imgsz1600_b1_2024-01-18.pt.jpg
doi.org10.15468dl.6nxkw6.csv,Animalia,Arthropoda,Insecta,Lepidoptera,,,,,797,,Lepidoptera,Lepidoptera,Cerro_Hoya_Expedition_Hoya_606m_grisMejua_2025-01-26,grisMejua_2025_01_26__23_52_06_HDR0_0_Mothbot_yolo11m_4500_imgsz1600_b1_2024-01-18.pt.jpg,HS,Mothbot_yolo11m_4500_imgsz1600_b1_2024-01-18.pt,0.8821737766265869,,grisMejua,Cerro_Hoya_Expedition/Hoya_606m_grisMejua_2025-01-26/2025-01-26/patches/grisMejua_2025_01_26__23_52_06_HDR0_0_Mothbot_yolo11m_4500_imgsz1600_b1_2024-01-18.pt.jpg,ORDER_Lepidoptera,2025-01-26,23:52:06,,2025_01_26__23_52_06,MachineObservation,Cerro_Hoya_Expedition_Hoya_606m_grisMejua_2025-01-26_2025-01-26,Cerro_Hoya_Expedition_Hoya_606m_grisMejua_2025-01-26,grisMejua_2025_01_26__23_52_06_HDR0.jpg,grisMejua_2025_01_26__23_52_06_HDR0_0_Mothbot_yolo11m_4500_imgsz1600_b1_2024-01-18.pt.jpg
doi.org10.15468dl.6nxkw6.csv,Animalia,Arthropoda,Insecta,Diptera,,,,,811,,Diptera,Diptera,Cerro_Hoya_Expedition_Hoya_606m_grisMejua_2025-01-26,grisMejua_2025_01_26__23_52_06_HDR0_1_Mothbot_yolo11m_4500_imgsz1600_b1_2024-01-18.pt.jpg,HS,Mothbot_yolo11m_4500_imgsz1600_b1_2024-01-18.pt,0.7018777132034302,,grisMejua,Cerro_Hoya_Expedition/Hoya_606m_grisMejua_2025-01-26/2025-01-26/patches/grisMejua_2025_01_26__23_52_06_HDR0_1_Mothbot_yolo11m_4500_imgsz1600_b1_2024-01-18.pt.jpg,ORDER_Diptera,2025-01-26,23:52:06,,2025_01_26__23_52_06,MachineObservation,Cerro_Hoya_Expedition_Hoya_606m_grisMejua_2025-01-26_2025-01-26,Cerro_Hoya_Expedition_Hoya_606m_grisMejua_2025-01-26,grisMejua_2025_01_26__23_52_06_HDR0.jpg,grisMejua_2025_01_26__23_52_06_HDR0_1_Mothbot_yolo11m_4500_imgsz1600_b1_2024-01-18.pt.jpg
doi.org10.15468dl.6nxkw6.csv,Animalia,Arthropoda,Insecta,Hemiptera,,,,,809,,Hemiptera,Hemiptera,Cerro_Hoya_Expedition_Hoya_606m_grisMejua_2025-01-26,grisMejua_2025_01_26__23_52_06_HDR0_2_Mothbot_yolo11m_4500_imgsz1600_b1_2024-01-18.pt.jpg,HS,Mothbot_yolo11m_4500_imgsz1600_b1_2024-01-18.pt,0.6244246363639832,,grisMejua,Cerro_Hoya_Expedition/Hoya_606m_grisMejua_2025-01-26/2025-01-26/patches/grisMejua_2025_01_26__23_52_06_HDR0_2_Mothbot_yolo11m_4500_imgsz1600_b1_2024-01-18.pt.jpg,ORDER_Hemiptera,2025-01-26,23:52:06,,2025_01_26__23_52_06,MachineObservation,Cerro_Hoya_Expedition_Hoya_606m_grisMejua_2025-01-26_2025-01-26,Cerro_Hoya_Expedition_Hoya_606m_grisMejua_2025-01-26,grisMejua_2025_01_26__23_52_06_HDR0.jpg,grisMejua_2025_01_26__23_52_06_HDR0_2_Mothbot_yolo11m_4500_imgsz1600_b1_2024-01-18.pt.jpg
doi.org10.15468dl.6nxkw6.csv,Animalia,Arthropoda,Insecta,Coleoptera,,,,,1470,,Coleoptera,Coleoptera,Cerro_Hoya_Expedition_Hoya_606m_grisMejua_2025-01-26,grisMejua_2025_01_26__23_52_06_HDR0_3_Mothbot_yolo11m_4500_imgsz1600_b1_2024-01-18.pt.jpg,HS,Mothbot_yolo11m_4500_imgsz1600_b1_2024-01-18.pt,0.5605082511901855,,grisMejua,Cerro_Hoya_Expedition/Hoya_606m_grisMejua_2025-01-26/2025-01-26/patches/grisMejua_2025_01_26__23_52_06_HDR0_3_Mothbot_yolo11m_4500_imgsz1600_b1_2024-01-18.pt.jpg,ORDER_Diptera,2025-01-26,23:52:06,,2025_01_26__23_52_06,MachineObservation,Cerro_Hoya_Expedition_Hoya_606m_grisMejua_2025-01-26_2025-01-26,Cerro_Hoya_Expedition_Hoya_606m_grisMejua_2025-01-26,grisMejua_2025_01_26__23_52_06_HDR0.jpg,grisMejua_2025_01_26__23_52_06_HDR0_3_Mothbot_yolo11m_4500_imgsz1600_b1_2024-01-18.pt.jpg
doi.org10.15468dl.6nxkw6.csv,Animalia,Arthropoda,Insecta,Lepidoptera,,,,,797,,Lepidoptera,Lepidoptera,Cerro_Hoya_Expedition_Hoya_606m_grisMejua_2025-01-26,grisMejua_2025_01_26__23_53_06_HDR0_0_Mothbot_yolo11m_4500_imgsz1600_b1_2024-01-18.pt.jpg,HS,Mothbot_yolo11m_4500_imgsz1600_b1_2024-01-18.pt,0.877026379108429,,grisMejua,Cerro_Hoya_Expedition/Hoya_606m_grisMejua_2025-01-26/2025-01-26/patches/grisMejua_2025_01_26__23_53_06_HDR0_0_Mothbot_yolo11m_4500_imgsz1600_b1_2024-01-18.pt.jpg,ORDER_Lepidoptera,2025-01-26,23:53:06,,2025_01_26__23_53_06,MachineObservation,Cerro_Hoya_Expedition_Hoya_606m_grisMejua_2025-01-26_2025-01-26,Cerro_Hoya_Expedition_Hoya_606m_grisMejua_2025-01-26,grisMejua_2025_01_26__23_53_06_HDR0.jpg,grisMejua_2025_01_26__23_53_06_HDR0_0_Mothbot_yolo11m_4500_imgsz1600_b1_2024-01-18.pt.jpg
doi.org10.15468dl.6nxkw6.csv,Animalia,Arthropoda,Insecta,Hemiptera,,,,,809,,Hemiptera,Hemiptera,Cerro_Hoya_Expedition_Hoya_606m_grisMejua_2025-01-26,grisMejua_2025_01_26__23_53_06_HDR0_1_Mothbot_yolo11m_4500_imgsz1600_b1_2024-01-18.pt.jpg,HS,Mothbot_yolo11m_4500_imgsz1600_b1_2024-01-18.pt,0.6627878546714783,,grisMejua,Cerro_Hoya_Expedition/Hoya_606m_grisMejua_2025-01-26/2025-01-26/patches/grisMejua_2025_01_26__23_53_06_HDR0_1_Mothbot_yolo11m_4500_imgsz1600_b1_2024-01-18.pt.jpg,ORDER_Hemiptera,2025-01-26,23:53:06,,2025_01_26__23_53_06,MachineObservation,Cerro_Hoya_Expedition_Hoya_606m_grisMejua_2025-01-26_2025-01-26,Cerro_Hoya_Expedition_Hoya_606m_grisMejua_2025-01-26,grisMejua_2025_01_26__23_53_06_HDR0.jpg,grisMejua_2025_01_26__23_53_06_HDR0_1_Mothbot_yolo11m_4500_imgsz1600_b1_2024-01-18.pt.jpg
doi.org10.15468dl.6nxkw6.csv,Animalia,Arthropoda,Insecta,Hemiptera,,,,,809,,Hemiptera,Hemiptera,Cerro_Hoya_Expedition_Hoya_606m_grisMejua_2025-01-26,grisMejua_2025_01_26__23_53_06_HDR0_2_Mothbot_yolo11m_4500_imgsz1600_b1_2024-01-18.pt.jpg,HS,Mothbot_yolo11m_4500_imgsz1600_b1_2024-01-18.pt,0.6448744535446167,,grisMejua,Cerro_Hoya_Expedition/Hoya_606m_grisMejua_2025-01-26/2025-01-26/patches/grisMejua_2025_01_26__23_53_06_HDR0_2_Mothbot_yolo11m_4500_imgsz1600_b1_2024-01-18.pt.jpg,ORDER_Psocodea,2025-01-26,23:53:06,,2025_01_26__23_53_06,MachineObservation,Cerro_Hoya_Expedition_Hoya_606m_grisMejua_2025-01-26_2025-01-26,Cerro_Hoya_Expedition_Hoya_606m_grisMejua_2025-01-26,grisMejua_2025_01_26__23_53_06_HDR0.jpg,grisMejua_2025_01_26__23_53_06_HDR0_2_Mothbot_yolo11m_4500_imgsz1600_b1_2024-01-18.pt.jpg
doi.org10.15468dl.6nxkw6.csv,Animalia,Arthropoda,Insecta,Lepidoptera,,,,,797,,Lepidoptera,Lepidoptera,Cerro_Hoya_Expedition_Hoya_606m_grisMejua_2025-01-26,grisMejua_2025_01_26__23_54_05_HDR0_0_Mothbot_yolo11m_4500_imgsz1600_b1_2024-01-18.pt.jpg,HS,Mothbot_yolo11m_4500_imgsz1600_b1_2024-01-18.pt,0.8743988871574402,,grisMejua,Cerro_Hoya_Expedition/Hoya_606m_grisMejua_2025-01-26/2025-01-26/patches/grisMejua_2025_01_26__23_54_05_HDR0_0_Mothbot_yolo11m_4500_imgsz1600_b1_2024-01-18.pt.jpg,ORDER_Lepidoptera,2025-01-26,23:54:05,,2025_01_26__23_54_05,MachineObservation,Cerro_Hoya_Expedition_Hoya_606m_grisMejua_2025-01-26_2025-01-26,Cerro_Hoya_Expedition_Hoya_606m_grisMejua_2025-01-26,grisMejua_2025_01_26__23_54_05_HDR0.jpg,grisMejua_2025_01_26__23_54_05_HDR0_0_Mothbot_yolo11m_4500_imgsz1600_b1_2024-01-18.pt.jpg
doi.org10.15468dl.6nxkw6.csv,Animalia,Arthropoda,Insecta,Hemiptera,,,,,809,,Hemiptera,Hemiptera,Cerro_Hoya_Expedition_Hoya_606m_grisMejua_2025-01-26,grisMejua_2025_01_26__23_54_05_HDR0_1_Mothbot_yolo11m_4500_imgsz1600_b1_2024-01-18.pt.jpg,HS,Mothbot_yolo11m_4500_imgsz1600_b1_2024-01-18.pt,0.6326911449432373,,grisMejua,Cerro_Hoya_Expedition/Hoya_606m_grisMejua_2025-01-26/2025-01-26/patches/grisMejua_2025_01_26__23_54_05_HDR0_1_Mothbot_yolo11m_4500_imgsz1600_b1_2024-01-18.pt.jpg,ORDER_Coleoptera,2025-01-26,23:54:05,,2025_01_26__23_54_05,MachineObservation,Cerro_Hoya_Expedition_Hoya_606m_grisMejua_2025-01-26_2025-01-26,Cerro_Hoya_Expedition_Hoya_606m_grisMejua_2025-01-26,grisMejua_2025_01_26__23_54_05_HDR0.jpg,grisMejua_2025_01_26__23_54_05_HDR0_1_Mothbot_yolo11m_4500_imgsz1600_b1_2024-01-18.pt.jpg
doi.org10.15468dl.6nxkw6.csv,Animalia,Arthropoda,Insecta,Lepidoptera,,,,,797,,Lepidoptera,Lepidoptera,Cerro_Hoya_Expedition_Hoya_606m_grisMejua_2025-01-26,grisMejua_2025_01_26__23_55_06_HDR0_0_Mothbot_yolo11m_4500_imgsz1600_b1_2024-01-18.pt.jpg,HS,Mothbot_yolo11m_4500_imgsz1600_b1_2024-01-18.pt,0.8896458745002747,,grisMejua,Cerro_Hoya_Expedition/Hoya_606m_grisMejua_2025-01-26/2025-01-26/patches/grisMejua_2025_01_26__23_55_06_HDR0_0_Mothbot_yolo11m_4500_imgsz1600_b1_2024-01-18.pt.jpg,ORDER_Lepidoptera,2025-01-26,23:55:06,,2025_01_26__23_55_06,MachineObservation,Cerro_Hoya_Expedition_Hoya_606m_grisMejua_2025-01-26_2025-01-26,Cerro_Hoya_Expedition_Hoya_606m_grisMejua_2025-01-26,grisMejua_2025_01_26__23_55_06_HDR0.jpg,grisMejua_2025_01_26__23_55_06_HDR0_0_Mothbot_yolo11m_4500_imgsz1600_b1_2024-01-18.pt.jpg
doi.org10.15468dl.6nxkw6.csv,Animalia,Arthropoda,Insecta,Hemiptera,,,,,809,,Hemiptera,Hemiptera,Cerro_Hoya_Expedition_Hoya_606m_grisMejua_2025-01-26,grisMejua_2025_01_26__23_55_06_HDR0_1_Mothbot_yolo11m_4500_imgsz1600_b1_2024-01-18.pt.jpg,HS,Mothbot_yolo11m_4500_imgsz1600_b1_2024-01-18.pt,0.6614612340927124,,grisMejua,Cerro_Hoya_Expedition/Hoya_606m_grisMejua_2025-01-26/2025-01-26/patches/grisMejua_2025_01_26__23_55_06_HDR0_1_Mothbot_yolo11m_4500_imgsz1600_b1_2024-01-18.pt.jpg,ORDER_Psocodea,2025-01-26,23:55:06,,2025_01_26__23_55_06,MachineObservation,Cerro_Hoya_Expedition_Hoya_606m_grisMejua_2025-01-26_2025-01-26,Cerro_Hoya_Expedition_Hoya_606m_grisMejua_2025-01-26,grisMejua_2025_01_26__23_55_06_HDR0.jpg,grisMejua_2025_01_26__23_55_06_HDR0_1_Mothbot_yolo11m_4500_imgsz1600_b1_2024-01-18.pt.jpg
doi.org10.15468dl.6nxkw6.csv,Animalia,Arthropoda,Insecta,Hemiptera,,,,,809,,Hemiptera,Hemiptera,Cerro_Hoya_Expedition_Hoya_606m_grisMejua_2025-01-26,grisMejua_2025_01_26__23_55_06_HDR0_2_Mothbot_yolo11m_4500_imgsz1600_b1_2024-01-18.pt.jpg,HS,Mothbot_yolo11m_4500_imgsz1600_b1_2024-01-18.pt,0.4359017312526703,,grisMejua,Cerro_Hoya_Expedition/Hoya_606m_grisMejua_2025-01-26/2025-01-26/patches/grisMejua_2025_01_26__23_55_06_HDR0_2_Mothbot_yolo11m_4500_imgsz1600_b1_2024-01-18.pt.jpg,ORDER_Hemiptera,2025-01-26,23:55:06,,2025_01_26__23_55_06,MachineObservation,Cerro_Hoya_Expedition_Hoya_606m_grisMejua_2025-01-26_2025-01-26,Cerro_Hoya_Expedition_Hoya_606m_grisMejua_2025-01-26,grisMejua_2025_01_26__23_55_06_HDR0.jpg,grisMejua_2025_01_26__23_55_06_HDR0_2_Mothbot_yolo11m_4500_imgsz1600_b1_2024-01-18.pt.jpg
doi.org10.15468dl.6nxkw6.csv,Animalia,Arthropoda,Insecta,Hemiptera,,,,,809,,Hemiptera,Hemiptera,Cerro_Hoya_Expedition_Hoya_606m_grisMejua_2025-01-26,grisMejua_2025_01_26__23_56_06_HDR0_0_Mothbot_yolo11m_4500_imgsz1600_b1_2024-01-18.pt.jpg,HS,Mothbot_yolo11m_4500_imgsz1600_b1_2024-01-18.pt,0.5796495079994202,,grisMejua,Cerro_Hoya_Expedition/Hoya_606m_grisMejua_2025-01-26/2025-01-26/patches/grisMejua_2025_01_26__23_56_06_HDR0_0_Mothbot_yolo11m_4500_imgsz1600_b1_2024-01-18.pt.jpg,ORDER_Hemiptera,2025-01-26,23:56:06,,2025_01_26__23_56_06,MachineObservation,Cerro_Hoya_Expedition_Hoya_606m_grisMejua_2025-01-26_2025-01-26,Cerro_Hoya_Expedition_Hoya_606m_grisMejua_2025-01-26,grisMejua_2025_01_26__23_56_06_HDR0.jpg,grisMejua_2025_01_26__23_56_06_HDR0_0_Mothbot_yolo11m_4500_imgsz1600_b1_2024-01-18.pt.jpg
doi.org10.15468dl.6nxkw6.csv,Animalia,Arthropoda,Insecta,Hemiptera,,,,,809,,Hemiptera,Hemiptera,Cerro_Hoya_Expedition_Hoya_606m_grisMejua_2025-01-26,grisMejua_2025_01_26__23_56_06_HDR0_1_Mothbot_yolo11m_4500_imgsz1600_b1_2024-01-18.pt.jpg,HS,Mothbot_yolo11m_4500_imgsz1600_b1_2024-01-18.pt,0.3561655879020691,,grisMejua,Cerro_Hoya_Expedition/Hoya_606m_grisMejua_2025-01-26/2025-01-26/patches/grisMejua_2025_01_26__23_56_06_HDR0_1_Mothbot_yolo11m_4500_imgsz1600_b1_2024-01-18.pt.jpg,ORDER_Hemiptera,2025-01-26,23:56:06,,2025_01_26__23_56_06,MachineObservation,Cerro_Hoya_Expedition_Hoya_606m_grisMejua_2025-01-26_2025-01-26,Cerro_Hoya_Expedition_Hoya_606m_grisMejua_2025-01-26,grisMejua_2025_01_26__23_56_06_HDR0.jpg,grisMejua_2025_01_26__23_56_06_HDR0_1_Mothbot_yolo11m_4500_imgsz1600_b1_2024-01-18.pt.jpg
doi.org10.15468dl.6nxkw6.csv,Animalia,Arthropoda,Insecta,Hemiptera,,,,,809,,Hemiptera,Hemiptera,Cerro_Hoya_Expedition_Hoya_606m_grisMejua_2025-01-26,grisMejua_2025_01_26__23_57_22_HDR0_0_Mothbot_yolo11m_4500_imgsz1600_b1_2024-01-18.pt.jpg,HS,Mothbot_yolo11m_4500_imgsz1600_b1_2024-01-18.pt,0.6018062233924866,,grisMejua,Cerro_Hoya_Expedition/Hoya_606m_grisMejua_2025-01-26/2025-01-26/patches/grisMejua_2025_01_26__23_57_22_HDR0_0_Mothbot_yolo11m_4500_imgsz1600_b1_2024-01-18.pt.jpg,ORDER_Coleoptera,2025-01-26,23:57:22,,2025_01_26__23_57_22,MachineObservation,Cerro_Hoya_Expedition_Hoya_606m_grisMejua_2025-01-26_2025-01-26,Cerro_Hoya_Expedition_Hoya_606m_grisMejua_2025-01-26,grisMejua_2025_01_26__23_57_22_HDR0.jpg,grisMejua_2025_01_26__23_57_22_HDR0_0_Mothbot_yolo11m_4500_imgsz1600_b1_2024-01-18.pt.jpg
doi.org10.15468dl.6nxkw6.csv,Animalia,Arthropoda,Insecta,,,,,,216,,Insecta,Insecta,Cerro_Hoya_Expedition_Hoya_606m_grisMejua_2025-01-26,grisMejua_2025_01_26__23_57_22_HDR0_1_Mothbot_yolo11m_4500_imgsz1600_b1_2024-01-18.pt.jpg,HS,Mothbot_yolo11m_4500_imgsz1600_b1_2024-01-18.pt,0.4422725439071655,,grisMejua,Cerro_Hoya_Expedition/Hoya_606m_grisMejua_2025-01-26/2025-01-26/patches/grisMejua_2025_01_26__23_57_22_HDR0_1_Mothbot_yolo11m_4500_imgsz1600_b1_2024-01-18.pt.jpg,ORDER_Blattodea,2025-01-26,23:57:22,,2025_01_26__23_57_22,MachineObservation,Cerro_Hoya_Expedition_Hoya_606m_grisMejua_2025-01-26_2025-01-26,Cerro_Hoya_Expedition_Hoya_606m_grisMejua_2025-01-26,grisMejua_2025_01_26__23_57_22_HDR0.jpg,grisMejua_2025_01_26__23_57_22_HDR0_1_Mothbot_yolo11m_4500_imgsz1600_b1_2024-01-18.pt.jpg
doi.org10.15468dl.6nxkw6.csv,Animalia,Arthropoda,Insecta,Hemiptera,,,,,809,,Hemiptera,Hemiptera,Cerro_Hoya_Expedition_Hoya_606m_grisMejua_2025-01-26,grisMejua_2025_01_26__23_57_22_HDR0_2_Mothbot_yolo11m_4500_imgsz1600_b1_2024-01-18.pt.jpg,HS,Mothbot_yolo11m_4500_imgsz1600_b1_2024-01-18.pt,0.39264553785324097,,grisMejua,Cerro_Hoya_Expedition/Hoya_606m_grisMejua_2025-01-26/2025-01-26/patches/grisMejua_2025_01_26__23_57_22_HDR0_2_Mothbot_yolo11m_4500_imgsz1600_b1_2024-01-18.pt.jpg,ORDER_Hemiptera,2025-01-26,23:57:22,,2025_01_26__23_57_22,MachineObservation,Cerro_Hoya_Expedition_Hoya_606m_grisMejua_2025-01-26_2025-01-26,Cerro_Hoya_Expedition_Hoya_606m_grisMejua_2025-01-26,grisMejua_2025_01_26__23_57_22_HDR0.jpg,grisMejua_2025_01_26__23_57_22_HDR0_2_Mothbot_yolo11m_4500_imgsz1600_b1_2024-01-18.pt.jpg
doi.org10.15468dl.6nxkw6.csv,Animalia,Arthropoda,Insecta,Diptera,,,,,811,,Diptera,Diptera,Cerro_Hoya_Expedition_Hoya_606m_grisMejua_2025-01-26,grisMejua_2025_01_26__23_58_06_HDR0_0_Mothbot_yolo11m_4500_imgsz1600_b1_2024-01-18.pt.jpg,HS,Mothbot_yolo11m_4500_imgsz1600_b1_2024-01-18.pt,0.7144074440002441,,grisMejua,Cerro_Hoya_Expedition/Hoya_606m_grisMejua_2025-01-26/2025-01-26/patches/grisMejua_2025_01_26__23_58_06_HDR0_0_Mothbot_yolo11m_4500_imgsz1600_b1_2024-01-18.pt.jpg,ORDER_Blattodea,2025-01-26,23:58:06,,2025_01_26__23_58_06,MachineObservation,Cerro_Hoya_Expedition_Hoya_606m_grisMejua_2025-01-26_2025-01-26,Cerro_Hoya_Expedition_Hoya_606m_grisMejua_2025-01-26,grisMejua_2025_01_26__23_58_06_HDR0.jpg,grisMejua_2025_01_26__23_58_06_HDR0_0_Mothbot_yolo11m_4500_imgsz1600_b1_2024-01-18.pt.jpg
doi.org10.15468dl.6nxkw6.csv,Animalia,Arthropoda,Insecta,Hemiptera,,,,,809,,Hemiptera,Hemiptera,Cerro_Hoya_Expedition_Hoya_606m_grisMejua_2025-01-26,grisMejua_2025_01_26__23_58_06_HDR0_1_Mothbot_yolo11m_4500_imgsz1600_b1_2024-01-18.pt.jpg,HS,Mothbot_yolo11m_4500_imgsz1600_b1_2024-01-18.pt,0.6413826942443848,,grisMejua,Cerro_Hoya_Expedition/Hoya_606m_grisMejua_2025-01-26/2025-01-26/patches/grisMejua_2025_01_26__23_58_06_HDR0_1_Mothbot_yolo11m_4500_imgsz1600_b1_2024-01-18.pt.jpg,ORDER_Coleoptera,2025-01-26,23:58:06,,2025_01_26__23_58_06,MachineObservation,Cerro_Hoya_Expedition_Hoya_606m_grisMejua_2025-01-26_2025-01-26,Cerro_Hoya_Expedition_Hoya_606m_grisMejua_2025-01-26,grisMejua_2025_01_26__23_58_06_HDR0.jpg,grisMejua_2025_01_26__23_58_06_HDR0_1_Mothbot_yolo11m_4500_imgsz1600_b1_2024-01-18.pt.jpg
doi.org10.15468dl.6nxkw6.csv,Animalia,Arthropoda,Insecta,Hemiptera,,,,,809,,Hemiptera,Hemiptera,Cerro_Hoya_Expedition_Hoya_606m_grisMejua_2025-01-26,grisMejua_2025_01_26__23_58_06_HDR0_2_Mothbot_yolo11m_4500_imgsz1600_b1_2024-01-18.pt.jpg,HS,Mothbot_yolo11m_4500_imgsz1600_b1_2024-01-18.pt,0.4354543685913086,,grisMejua,Cerro_Hoya_Expedition/Hoya_606m_grisMejua_2025-01-26/2025-01-26/patches/grisMejua_2025_01_26__23_58_06_HDR0_2_Mothbot_yolo11m_4500_imgsz1600_b1_2024-01-18.pt.jpg,ORDER_Hemiptera,2025-01-26,23:58:06,,2025_01_26__23_58_06,MachineObservation,Cerro_Hoya_Expedition_Hoya_606m_grisMejua_2025-01-26_2025-01-26,Cerro_Hoya_Expedition_Hoya_606m_grisMejua_2025-01-26,grisMejua_2025_01_26__23_58_06_HDR0.jpg,grisMejua_2025_01_26__23_58_06_HDR0_2_Mothbot_yolo11m_4500_imgsz1600_b1_2024-01-18.pt.jpg
doi.org10.15468dl.6nxkw6.csv,Animalia,Arthropoda,Insecta,Hymenoptera,,,,,1457,,Hymenoptera,Hymenoptera,Cerro_Hoya_Expedition_Hoya_606m_grisMejua_2025-01-26,grisMejua_2025_01_26__23_59_06_HDR0_0_Mothbot_yolo11m_4500_imgsz1600_b1_2024-01-18.pt.jpg,HS,Mothbot_yolo11m_4500_imgsz1600_b1_2024-01-18.pt,0.8397570848464966,,grisMejua,Cerro_Hoya_Expedition/Hoya_606m_grisMejua_2025-01-26/2025-01-26/patches/grisMejua_2025_01_26__23_59_06_HDR0_0_Mothbot_yolo11m_4500_imgsz1600_b1_2024-01-18.pt.jpg,ORDER_Hymenoptera,2025-01-26,23:59:06,,2025_01_26__23_59_06,MachineObservation,Cerro_Hoya_Expedition_Hoya_606m_grisMejua_2025-01-26_2025-01-26,Cerro_Hoya_Expedition_Hoya_606m_grisMejua_2025-01-26,grisMejua_2025_01_26__23_59_06_HDR0.jpg,grisMejua_2025_01_26__23_59_06_HDR0_0_Mothbot_yolo11m_4500_imgsz1600_b1_2024-01-18.pt.jpg
doi.org10.15468dl.6nxkw6.csv,Animalia,Arthropoda,Insecta,Hemiptera,,,,,809,,Hemiptera,Hemiptera,Cerro_Hoya_Expedition_Hoya_606m_grisMejua_2025-01-26,grisMejua_2025_01_26__23_59_06_HDR0_1_Mothbot_yolo11m_4500_imgsz1600_b1_2024-01-18.pt.jpg,HS,Mothbot_yolo11m_4500_imgsz1600_b1_2024-01-18.pt,0.6615265607833862,,grisMejua,Cerro_Hoya_Expedition/Hoya_606m_grisMejua_2025-01-26/2025-01-26/patches/grisMejua_2025_01_26__23_59_06_HDR0_1_Mothbot_yolo11m_4500_imgsz1600_b1_2024-01-18.pt.jpg,ORDER_Coleoptera,2025-01-26,23:59:06,,2025_01_26__23_59_06,MachineObservation,Cerro_Hoya_Expedition_Hoya_606m_grisMejua_2025-01-26_2025-01-26,Cerro_Hoya_Expedition_Hoya_606m_grisMejua_2025-01-26,grisMejua_2025_01_26__23_59_06_HDR0.jpg,grisMejua_2025_01_26__23_59_06_HDR0_1_Mothbot_yolo11m_4500_imgsz1600_b1_2024-01-18.pt.jpg
doi.org10.15468dl.6nxkw6.csv,Animalia,Arthropoda,Insecta,Hemiptera,,,,,809,,Hemiptera,Hemiptera,Cerro_Hoya_Expedition_Hoya_606m_grisMejua_2025-01-26,grisMejua_2025_01_26__23_59_06_HDR0_2_Mothbot_yolo11m_4500_imgsz1600_b1_2024-01-18.pt.jpg,HS,Mothbot_yolo11m_4500_imgsz1600_b1_2024-01-18.pt,0.4883527457714081,,grisMejua,Cerro_Hoya_Expedition/Hoya_606m_grisMejua_2025-01-26/2025-01-26/patches/grisMejua_2025_01_26__23_59_06_HDR0_2_Mothbot_yolo11m_4500_imgsz1600_b1_2024-01-18.pt.jpg,ORDER_Hemiptera,2025-01-26,23:59:06,,2025_01_26__23_59_06,MachineObservation,Cerro_Hoya_Expedition_Hoya_606m_grisMejua_2025-01-26_2025-01-26,Cerro_Hoya_Expedition_Hoya_606m_grisMejua_2025-01-26,grisMejua_2025_01_26__23_59_06_HDR0.jpg,grisMejua_2025_01_26__23_59_06_HDR0_2_Mothbot_yolo11m_4500_imgsz1600_b1_2024-01-18.pt.jpg
doi.org10.15468dl.6nxkw6.csv,Animalia,Arthropoda,Insecta,Hymenoptera,,,,,1457,,Hymenoptera,Hymenoptera,Cerro_Hoya_Expedition_Hoya_606m_grisMejua_2025-01-26,grisMejua_2025_01_27__02_04_05_HDR0_0_Mothbot_yolo11m_4500_imgsz1600_b1_2024-01-18.pt.jpg,HS,Mothbot_yolo11m_4500_imgsz1600_b1_2024-01-18.pt,0.7397243976593018,,grisMejua,Cerro_Hoya_Expedition/Hoya_606m_grisMejua_2025-01-26/2025-01-26/patches/grisMejua_2025_01_27__02_04_05_HDR0_0_Mothbot_yolo11m_4500_imgsz1600_b1_2024-01-18.pt.jpg,ORDER_Hymenoptera,2025-01-27,02:04:05,,2025_01_27__02_04_05,MachineObservation,Cerro_Hoya_Expedition_Hoya_606m_grisMejua_2025-01-26_2025-01-26,Cerro_Hoya_Expedition_Hoya_606m_grisMejua_2025-01-26,grisMejua_2025_01_27__02_04_05_HDR0.jpg,grisMejua_2025_01_27__02_04_05_HDR0_0_Mothbot_yolo11m_4500_imgsz1600_b1_2024-01-18.pt.jpg
doi.org10.15468dl.6nxkw6.csv,Animalia,Arthropoda,Insecta,Hymenoptera,,,,,1457,,Hymenoptera,Hymenoptera,Cerro_Hoya_Expedition_Hoya_606m_grisMejua_2025-01-26,grisMejua_2025_01_27__02_05_06_HDR0_0_Mothbot_yolo11m_4500_imgsz1600_b1_2024-01-18.pt.jpg,HS,Mothbot_yolo11m_4500_imgsz1600_b1_2024-01-18.pt,0.6794230341911316,,grisMejua,Cerro_Hoya_Expedition/Hoya_606m_grisMejua_2025-01-26/2025-01-26/patches/grisMejua_2025_01_27__02_05_06_HDR0_0_Mothbot_yolo11m_4500_imgsz1600_b1_2024-01-18.pt.jpg,ORDER_Hymenoptera,2025-01-27,02:05:06,,2025_01_27__02_05_06,MachineObservation,Cerro_Hoya_Expedition_Hoya_606m_grisMejua_2025-01-26_2025-01-26,Cerro_Hoya_Expedition_Hoya_606m_grisMejua_2025-01-26,grisMejua_2025_01_27__02_05_06_HDR0.jpg,grisMejua_2025_01_27__02_05_06_HDR0_0_Mothbot_yolo11m_4500_imgsz1600_b1_2024-01-18.pt.jpg
doi.org10.15468dl.6nxkw6.csv,Animalia,Arthropoda,Insecta,Diptera,,,,,811,,Diptera,Diptera,Cerro_Hoya_Expedition_Hoya_606m_grisMejua_2025-01-26,grisMejua_2025_01_27__02_06_06_HDR0_0_Mothbot_yolo11m_4500_imgsz1600_b1_2024-01-18.pt.jpg,HS,Mothbot_yolo11m_4500_imgsz1600_b1_2024-01-18.pt,0.435835063457489,,grisMejua,Cerro_Hoya_Expedition/Hoya_606m_grisMejua_2025-01-26/2025-01-26/patches/grisMejua_2025_01_27__02_06_06_HDR0_0_Mothbot_yolo11m_4500_imgsz1600_b1_2024-01-18.pt.jpg,ORDER_Diptera,2025-01-27,02:06:06,,2025_01_27__02_06_06,MachineObservation,Cerro_Hoya_Expedition_Hoya_606m_grisMejua_2025-01-26_2025-01-26,Cerro_Hoya_Expedition_Hoya_606m_grisMejua_2025-01-26,grisMejua_2025_01_27__02_06_06_HDR0.jpg,grisMejua_2025_01_27__02_06_06_HDR0_0_Mothbot_yolo11m_4500_imgsz1600_b1_2024-01-18.pt.jpg
doi.org10.15468dl.6nxkw6.csv,Animalia,Arthropoda,Insecta,Lepidoptera,,,,,797,,Lepidoptera,Lepidoptera,Cerro_Hoya_Expedition_Hoya_606m_grisMejua_2025-01-26,grisMejua_2025_01_27__02_09_05_HDR0_0_Mothbot_yolo11m_4500_imgsz1600_b1_2024-01-18.pt.jpg,HS,Mothbot_yolo11m_4500_imgsz1600_b1_2024-01-18.pt,0.8482166528701782,,grisMejua,Cerro_Hoya_Expedition/Hoya_606m_grisMejua_2025-01-26/2025-01-26/patches/grisMejua_2025_01_27__02_09_05_HDR0_0_Mothbot_yolo11m_4500_imgsz1600_b1_2024-01-18.pt.jpg,ORDER_Lepidoptera,2025-01-27,02:09:05,,2025_01_27__02_09_05,MachineObservation,Cerro_Hoya_Expedition_Hoya_606m_grisMejua_2025-01-26_2025-01-26,Cerro_Hoya_Expedition_Hoya_606m_grisMejua_2025-01-26,grisMejua_2025_01_27__02_09_05_HDR0.jpg,grisMejua_2025_01_27__02_09_05_HDR0_0_Mothbot_yolo11m_4500_imgsz1600_b1_2024-01-18.pt.jpg
doi.org10.15468dl.6nxkw6.csv,Animalia,Arthropoda,Insecta,Diptera,,,,,811,,Diptera,Diptera,Cerro_Hoya_Expedition_Hoya_606m_grisMejua_2025-01-26,grisMejua_2025_01_27__02_09_05_HDR0_1_Mothbot_yolo11m_4500_imgsz1600_b1_2024-01-18.pt.jpg,HS,Mothbot_yolo11m_4500_imgsz1600_b1_2024-01-18.pt,0.616948664188385,,grisMejua,Cerro_Hoya_Expedition/Hoya_606m_grisMejua_2025-01-26/2025-01-26/patches/grisMejua_2025_01_27__02_09_05_HDR0_1_Mothbot_yolo11m_4500_imgsz1600_b1_2024-01-18.pt.jpg,ORDER_Hemiptera,2025-01-27,02:09:05,,2025_01_27__02_09_05,MachineObservation,Cerro_Hoya_Expedition_Hoya_606m_grisMejua_2025-01-26_2025-01-26,Cerro_Hoya_Expedition_Hoya_606m_grisMejua_2025-01-26,grisMejua_2025_01_27__02_09_05_HDR0.jpg,grisMejua_2025_01_27__02_09_05_HDR0_1_Mothbot_yolo11m_4500_imgsz1600_b1_2024-01-18.pt.jpg
doi.org10.15468dl.6nxkw6.csv,Animalia,Arthropoda,Insecta,Lepidoptera,,,,,797,,Lepidoptera,Lepidoptera,Cerro_Hoya_Expedition_Hoya_606m_grisMejua_2025-01-26,grisMejua_2025_01_27__02_10_06_HDR0_0_Mothbot_yolo11m_4500_imgsz1600_b1_2024-01-18.pt.jpg,HS,Mothbot_yolo11m_4500_imgsz1600_b1_2024-01-18.pt,0.844101071357727,,grisMejua,Cerro_Hoya_Expedition/Hoya_606m_grisMejua_2025-01-26/2025-01-26/patches/grisMejua_2025_01_27__02_10_06_HDR0_0_Mothbot_yolo11m_4500_imgsz1600_b1_2024-01-18.pt.jpg,ORDER_Lepidoptera,2025-01-27,02:10:06,,2025_01_27__02_10_06,MachineObservation,Cerro_Hoya_Expedition_Hoya_606m_grisMejua_2025-01-26_2025-01-26,Cerro_Hoya_Expedition_Hoya_606m_grisMejua_2025-01-26,grisMejua_2025_01_27__02_10_06_HDR0.jpg,grisMejua_2025_01_27__02_10_06_HDR0_0_Mothbot_yolo11m_4500_imgsz1600_b1_2024-01-18.pt.jpg
doi.org10.15468dl.6nxkw6.csv,Animalia,Arthropoda,Insecta,Lepidoptera,,,,,797,,Lepidoptera,Lepidoptera,Cerro_Hoya_Expedition_Hoya_606m_grisMejua_2025-01-26,grisMejua_2025_01_27__02_11_06_HDR0_0_Mothbot_yolo11m_4500_imgsz1600_b1_2024-01-18.pt.jpg,HS,Mothbot_yolo11m_4500_imgsz1600_b1_2024-01-18.pt,0.8358067870140076,,grisMejua,Cerro_Hoya_Expedition/Hoya_606m_grisMejua_2025-01-26/2025-01-26/patches/grisMejua_2025_01_27__02_11_06_HDR0_0_Mothbot_yolo11m_4500_imgsz1600_b1_2024-01-18.pt.jpg,ORDER_Lepidoptera,2025-01-27,02:11:06,,2025_01_27__02_11_06,MachineObservation,Cerro_Hoya_Expedition_Hoya_606m_grisMejua_2025-01-26_2025-01-26,Cerro_Hoya_Expedition_Hoya_606m_grisMejua_2025-01-26,grisMejua_2025_01_27__02_11_06_HDR0.jpg,grisMejua_2025_01_27__02_11_06_HDR0_0_Mothbot_yolo11m_4500_imgsz1600_b1_2024-01-18.pt.jpg
doi.org10.15468dl.6nxkw6.csv,Animalia,Arthropoda,Insecta,Hemiptera,,,,,809,,Hemiptera,Hemiptera,Cerro_Hoya_Expedition_Hoya_606m_grisMejua_2025-01-26,grisMejua_2025_01_27__02_11_06_HDR0_1_Mothbot_yolo11m_4500_imgsz1600_b1_2024-01-18.pt.jpg,HS,Mothbot_yolo11m_4500_imgsz1600_b1_2024-01-18.pt,0.6256800293922424,,grisMejua,Cerro_Hoya_Expedition/Hoya_606m_grisMejua_2025-01-26/2025-01-26/patches/grisMejua_2025_01_27__02_11_06_HDR0_1_Mothbot_yolo11m_4500_imgsz1600_b1_2024-01-18.pt.jpg,ORDER_Hemiptera,2025-01-27,02:11:06,,2025_01_27__02_11_06,MachineObservation,Cerro_Hoya_Expedition_Hoya_606m_grisMejua_2025-01-26_2025-01-26,Cerro_Hoya_Expedition_Hoya_606m_grisMejua_2025-01-26,grisMejua_2025_01_27__02_11_06_HDR0.jpg,grisMejua_2025_01_27__02_11_06_HDR0_1_Mothbot_yolo11m_4500_imgsz1600_b1_2024-01-18.pt.jpg
doi.org10.15468dl.6nxkw6.csv,Animalia,Arthropoda,Insecta,Hemiptera,,,,,809,,Hemiptera,Hemiptera,Cerro_Hoya_Expedition_Hoya_606m_grisMejua_2025-01-26,grisMejua_2025_01_27__02_11_06_HDR0_2_Mothbot_yolo11m_4500_imgsz1600_b1_2024-01-18.pt.jpg,HS,Mothbot_yolo11m_4500_imgsz1600_b1_2024-01-18.pt,0.6152603030204773,,grisMejua,Cerro_Hoya_Expedition/Hoya_606m_grisMejua_2025-01-26/2025-01-26/patches/grisMejua_2025_01_27__02_11_06_HDR0_2_Mothbot_yolo11m_4500_imgsz1600_b1_2024-01-18.pt.jpg,ORDER_Diptera,2025-01-27,02:11:06,,2025_01_27__02_11_06,MachineObservation,Cerro_Hoya_Expedition_Hoya_606m_grisMejua_2025-01-26_2025-01-26,Cerro_Hoya_Expedition_Hoya_606m_grisMejua_2025-01-26,grisMejua_2025_01_27__02_11_06_HDR0.jpg,grisMejua_2025_01_27__02_11_06_HDR0_2_Mothbot_yolo11m_4500_imgsz1600_b1_2024-01-18.pt.jpg
doi.org10.15468dl.6nxkw6.csv,Animalia,Arthropoda,Insecta,Lepidoptera,,,,,797,,Lepidoptera,Lepidoptera,Cerro_Hoya_Expedition_Hoya_606m_grisMejua_2025-01-26,grisMejua_2025_01_27__02_12_06_HDR0_0_Mothbot_yolo11m_4500_imgsz1600_b1_2024-01-18.pt.jpg,HS,Mothbot_yolo11m_4500_imgsz1600_b1_2024-01-18.pt,0.8368589282035828,,grisMejua,Cerro_Hoya_Expedition/Hoya_606m_grisMejua_2025-01-26/2025-01-26/patches/grisMejua_2025_01_27__02_12_06_HDR0_0_Mothbot_yolo11m_4500_imgsz1600_b1_2024-01-18.pt.jpg,ORDER_Lepidoptera,2025-01-27,02:12:06,,2025_01_27__02_12_06,MachineObservation,Cerro_Hoya_Expedition_Hoya_606m_grisMejua_2025-01-26_2025-01-26,Cerro_Hoya_Expedition_Hoya_606m_grisMejua_2025-01-26,grisMejua_2025_01_27__02_12_06_HDR0.jpg,grisMejua_2025_01_27__02_12_06_HDR0_0_Mothbot_yolo11m_4500_imgsz1600_b1_2024-01-18.pt.jpg
doi.org10.15468dl.6nxkw6.csv,Animalia,Arthropoda,Insecta,Hemiptera,,,,,809,,Hemiptera,Hemiptera,Cerro_Hoya_Expedition_Hoya_606m_grisMejua_2025-01-26,grisMejua_2025_01_27__02_12_06_HDR0_1_Mothbot_yolo11m_4500_imgsz1600_b1_2024-01-18.pt.jpg,HS,Mothbot_yolo11m_4500_imgsz1600_b1_2024-01-18.pt,0.6353678703308105,,grisMejua,Cerro_Hoya_Expedition/Hoya_606m_grisMejua_2025-01-26/2025-01-26/patches/grisMejua_2025_01_27__02_12_06_HDR0_1_Mothbot_yolo11m_4500_imgsz1600_b1_2024-01-18.pt.jpg,ORDER_Hemiptera,2025-01-27,02:12:06,,2025_01_27__02_12_06,MachineObservation,Cerro_Hoya_Expedition_Hoya_606m_grisMejua_2025-01-26_2025-01-26,Cerro_Hoya_Expedition_Hoya_606m_grisMejua_2025-01-26,grisMejua_2025_01_27__02_12_06_HDR0.jpg,grisMejua_2025_01_27__02_12_06_HDR0_1_Mothbot_yolo11m_4500_imgsz1600_b1_2024-01-18.pt.jpg
doi.org10.15468dl.6nxkw6.csv,Animalia,Arthropoda,Insecta,Hemiptera,,,,,809,,Hemiptera,Hemiptera,Cerro_Hoya_Expedition_Hoya_606m_grisMejua_2025-01-26,grisMejua_2025_01_27__02_12_06_HDR0_2_Mothbot_yolo11m_4500_imgsz1600_b1_2024-01-18.pt.jpg,HS,Mothbot_yolo11m_4500_imgsz1600_b1_2024-01-18.pt,0.6156038641929626,,grisMejua,Cerro_Hoya_Expedition/Hoya_606m_grisMejua_2025-01-26/2025-01-26/patches/grisMejua_2025_01_27__02_12_06_HDR0_2_Mothbot_yolo11m_4500_imgsz1600_b1_2024-01-18.pt.jpg,ORDER_Hemiptera,2025-01-27,02:12:06,,2025_01_27__02_12_06,MachineObservation,Cerro_Hoya_Expedition_Hoya_606m_grisMejua_2025-01-26_2025-01-26,Cerro_Hoya_Expedition_Hoya_606m_grisMejua_2025-01-26,grisMejua_2025_01_27__02_12_06_HDR0.jpg,grisMejua_2025_01_27__02_12_06_HDR0_2_Mothbot_yolo11m_4500_imgsz1600_b1_2024-01-18.pt.jpg
doi.org10.15468dl.6nxkw6.csv,Animalia,Arthropoda,Insecta,Lepidoptera,,,,,797,,Lepidoptera,Lepidoptera,Cerro_Hoya_Expedition_Hoya_606m_grisMejua_2025-01-26,grisMejua_2025_01_27__02_13_06_HDR0_0_Mothbot_yolo11m_4500_imgsz1600_b1_2024-01-18.pt.jpg,HS,Mothbot_yolo11m_4500_imgsz1600_b1_2024-01-18.pt,0.8328381180763245,,grisMejua,Cerro_Hoya_Expedition/Hoya_606m_grisMejua_2025-01-26/2025-01-26/patches/grisMejua_2025_01_27__02_13_06_HDR0_0_Mothbot_yolo11m_4500_imgsz1600_b1_2024-01-18.pt.jpg,ORDER_Lepidoptera,2025-01-27,02:13:06,,2025_01_27__02_13_06,MachineObservation,Cerro_Hoya_Expedition_Hoya_606m_grisMejua_2025-01-26_2025-01-26,Cerro_Hoya_Expedition_Hoya_606m_grisMejua_2025-01-26,grisMejua_2025_01_27__02_13_06_HDR0.jpg,grisMejua_2025_01_27__02_13_06_HDR0_0_Mothbot_yolo11m_4500_imgsz1600_b1_2024-01-18.pt.jpg
doi.org10.15468dl.6nxkw6.csv,Animalia,Arthropoda,Insecta,Hemiptera,,,,,809,,Hemiptera,Hemiptera,Cerro_Hoya_Expedition_Hoya_606m_grisMejua_2025-01-26,grisMejua_2025_01_27__02_13_06_HDR0_1_Mothbot_yolo11m_4500_imgsz1600_b1_2024-01-18.pt.jpg,HS,Mothbot_yolo11m_4500_imgsz1600_b1_2024-01-18.pt,0.6839800477027893,,grisMejua,Cerro_Hoya_Expedition/Hoya_606m_grisMejua_2025-01-26/2025-01-26/patches/grisMejua_2025_01_27__02_13_06_HDR0_1_Mothbot_yolo11m_4500_imgsz1600_b1_2024-01-18.pt.jpg,ORDER_Hemiptera,2025-01-27,02:13:06,,2025_01_27__02_13_06,MachineObservation,Cerro_Hoya_Expedition_Hoya_606m_grisMejua_2025-01-26_2025-01-26,Cerro_Hoya_Expedition_Hoya_606m_grisMejua_2025-01-26,grisMejua_2025_01_27__02_13_06_HDR0.jpg,grisMejua_2025_01_27__02_13_06_HDR0_1_Mothbot_yolo11m_4500_imgsz1600_b1_2024-01-18.pt.jpg
doi.org10.15468dl.6nxkw6.csv,Animalia,Arthropoda,Insecta,Hemiptera,,,,,809,,Hemiptera,Hemiptera,Cerro_Hoya_Expedition_Hoya_606m_grisMejua_2025-01-26,grisMejua_2025_01_27__02_13_06_HDR0_2_Mothbot_yolo11m_4500_imgsz1600_b1_2024-01-18.pt.jpg,HS,Mothbot_yolo11m_4500_imgsz1600_b1_2024-01-18.pt,0.6600499749183655,,grisMejua,Cerro_Hoya_Expedition/Hoya_606m_grisMejua_2025-01-26/2025-01-26/patches/grisMejua_2025_01_27__02_13_06_HDR0_2_Mothbot_yolo11m_4500_imgsz1600_b1_2024-01-18.pt.jpg,ORDER_Diptera,2025-01-27,02:13:06,,2025_01_27__02_13_06,MachineObservation,Cerro_Hoya_Expedition_Hoya_606m_grisMejua_2025-01-26_2025-01-26,Cerro_Hoya_Expedition_Hoya_606m_grisMejua_2025-01-26,grisMejua_2025_01_27__02_13_06_HDR0.jpg,grisMejua_2025_01_27__02_13_06_HDR0_2_Mothbot_yolo11m_4500_imgsz1600_b1_2024-01-18.pt.jpg
doi.org10.15468dl.6nxkw6.csv,Animalia,Arthropoda,Insecta,Hemiptera,,,,,809,,Hemiptera,Hemiptera,Cerro_Hoya_Expedition_Hoya_606m_grisMejua_2025-01-26,grisMejua_2025_01_27__02_13_06_HDR0_3_Mothbot_yolo11m_4500_imgsz1600_b1_2024-01-18.pt.jpg,HS,Mothbot_yolo11m_4500_imgsz1600_b1_2024-01-18.pt,0.6192691922187805,,grisMejua,Cerro_Hoya_Expedition/Hoya_606m_grisMejua_2025-01-26/2025-01-26/patches/grisMejua_2025_01_27__02_13_06_HDR0_3_Mothbot_yolo11m_4500_imgsz1600_b1_2024-01-18.pt.jpg,ORDER_Hemiptera,2025-01-27,02:13:06,,2025_01_27__02_13_06,MachineObservation,Cerro_Hoya_Expedition_Hoya_606m_grisMejua_2025-01-26_2025-01-26,Cerro_Hoya_Expedition_Hoya_606m_grisMejua_2025-01-26,grisMejua_2025_01_27__02_13_06_HDR0.jpg,grisMejua_2025_01_27__02_13_06_HDR0_3_Mothbot_yolo11m_4500_imgsz1600_b1_2024-01-18.pt.jpg
doi.org10.15468dl.6nxkw6.csv,Animalia,Arthropoda,Insecta,Lepidoptera,,,,,797,,Lepidoptera,Lepidoptera,Cerro_Hoya_Expedition_Hoya_606m_grisMejua_2025-01-26,grisMejua_2025_01_27__02_14_05_HDR0_0_Mothbot_yolo11m_4500_imgsz1600_b1_2024-01-18.pt.jpg,HS,Mothbot_yolo11m_4500_imgsz1600_b1_2024-01-18.pt,0.8326815366744995,,grisMejua,Cerro_Hoya_Expedition/Hoya_606m_grisMejua_2025-01-26/2025-01-26/patches/grisMejua_2025_01_27__02_14_05_HDR0_0_Mothbot_yolo11m_4500_imgsz1600_b1_2024-01-18.pt.jpg,ORDER_Lepidoptera,2025-01-27,02:14:05,,2025_01_27__02_14_05,MachineObservation,Cerro_Hoya_Expedition_Hoya_606m_grisMejua_2025-01-26_2025-01-26,Cerro_Hoya_Expedition_Hoya_606m_grisMejua_2025-01-26,grisMejua_2025_01_27__02_14_05_HDR0.jpg,grisMejua_2025_01_27__02_14_05_HDR0_0_Mothbot_yolo11m_4500_imgsz1600_b1_2024-01-18.pt.jpg
doi.org10.15468dl.6nxkw6.csv,Animalia,Arthropoda,Insecta,Hemiptera,,,,,809,,Hemiptera,Hemiptera,Cerro_Hoya_Expedition_Hoya_606m_grisMejua_2025-01-26,grisMejua_2025_01_27__02_14_05_HDR0_1_Mothbot_yolo11m_4500_imgsz1600_b1_2024-01-18.pt.jpg,HS,Mothbot_yolo11m_4500_imgsz1600_b1_2024-01-18.pt,0.710652232170105,,grisMejua,Cerro_Hoya_Expedition/Hoya_606m_grisMejua_2025-01-26/2025-01-26/patches/grisMejua_2025_01_27__02_14_05_HDR0_1_Mothbot_yolo11m_4500_imgsz1600_b1_2024-01-18.pt.jpg,ORDER_Hemiptera,2025-01-27,02:14:05,,2025_01_27__02_14_05,MachineObservation,Cerro_Hoya_Expedition_Hoya_606m_grisMejua_2025-01-26_2025-01-26,Cerro_Hoya_Expedition_Hoya_606m_grisMejua_2025-01-26,grisMejua_2025_01_27__02_14_05_HDR0.jpg,grisMejua_2025_01_27__02_14_05_HDR0_1_Mothbot_yolo11m_4500_imgsz1600_b1_2024-01-18.pt.jpg
doi.org10.15468dl.6nxkw6.csv,Animalia,Arthropoda,Insecta,Hemiptera,,,,,809,,Hemiptera,Hemiptera,Cerro_Hoya_Expedition_Hoya_606m_grisMejua_2025-01-26,grisMejua_2025_01_27__02_14_05_HDR0_2_Mothbot_yolo11m_4500_imgsz1600_b1_2024-01-18.pt.jpg,HS,Mothbot_yolo11m_4500_imgsz1600_b1_2024-01-18.pt,0.6456790566444397,,grisMejua,Cerro_Hoya_Expedition/Hoya_606m_grisMejua_2025-01-26/2025-01-26/patches/grisMejua_2025_01_27__02_14_05_HDR0_2_Mothbot_yolo11m_4500_imgsz1600_b1_2024-01-18.pt.jpg,ORDER_Hemiptera,2025-01-27,02:14:05,,2025_01_27__02_14_05,MachineObservation,Cerro_Hoya_Expedition_Hoya_606m_grisMejua_2025-01-26_2025-01-26,Cerro_Hoya_Expedition_Hoya_606m_grisMejua_2025-01-26,grisMejua_2025_01_27__02_14_05_HDR0.jpg,grisMejua_2025_01_27__02_14_05_HDR0_2_Mothbot_yolo11m_4500_imgsz1600_b1_2024-01-18.pt.jpg
doi.org10.15468dl.6nxkw6.csv,Animalia,Arthropoda,Insecta,Hemiptera,,,,,809,,Hemiptera,Hemiptera,Cerro_Hoya_Expedition_Hoya_606m_grisMejua_2025-01-26,grisMejua_2025_01_27__02_14_05_HDR0_3_Mothbot_yolo11m_4500_imgsz1600_b1_2024-01-18.pt.jpg,HS,Mothbot_yolo11m_4500_imgsz1600_b1_2024-01-18.pt,0.6075459718704224,,grisMejua,Cerro_Hoya_Expedition/Hoya_606m_grisMejua_2025-01-26/2025-01-26/patches/grisMejua_2025_01_27__02_14_05_HDR0_3_Mothbot_yolo11m_4500_imgsz1600_b1_2024-01-18.pt.jpg,ORDER_Hemiptera,2025-01-27,02:14:05,,2025_01_27__02_14_05,MachineObservation,Cerro_Hoya_Expedition_Hoya_606m_grisMejua_2025-01-26_2025-01-26,Cerro_Hoya_Expedition_Hoya_606m_grisMejua_2025-01-26,grisMejua_2025_01_27__02_14_05_HDR0.jpg,grisMejua_2025_01_27__02_14_05_HDR0_3_Mothbot_yolo11m_4500_imgsz1600_b1_2024-01-18.pt.jpg
doi.org10.15468dl.6nxkw6.csv,Animalia,Arthropoda,Insecta,Lepidoptera,,,,,797,,Lepidoptera,Lepidoptera,Cerro_Hoya_Expedition_Hoya_606m_grisMejua_2025-01-26,grisMejua_2025_01_27__02_15_22_HDR0_0_Mothbot_yolo11m_4500_imgsz1600_b1_2024-01-18.pt.jpg,HS,Mothbot_yolo11m_4500_imgsz1600_b1_2024-01-18.pt,0.8249928951263428,,grisMejua,Cerro_Hoya_Expedition/Hoya_606m_grisMejua_2025-01-26/2025-01-26/patches/grisMejua_2025_01_27__02_15_22_HDR0_0_Mothbot_yolo11m_4500_imgsz1600_b1_2024-01-18.pt.jpg,ORDER_Lepidoptera,2025-01-27,02:15:22,,2025_01_27__02_15_22,MachineObservation,Cerro_Hoya_Expedition_Hoya_606m_grisMejua_2025-01-26_2025-01-26,Cerro_Hoya_Expedition_Hoya_606m_grisMejua_2025-01-26,grisMejua_2025_01_27__02_15_22_HDR0.jpg,grisMejua_2025_01_27__02_15_22_HDR0_0_Mothbot_yolo11m_4500_imgsz1600_b1_2024-01-18.pt.jpg
doi.org10.15468dl.6nxkw6.csv,Animalia,Arthropoda,Insecta,Hemiptera,,,,,809,,Hemiptera,Hemiptera,Cerro_Hoya_Expedition_Hoya_606m_grisMejua_2025-01-26,grisMejua_2025_01_27__02_15_22_HDR0_1_Mothbot_yolo11m_4500_imgsz1600_b1_2024-01-18.pt.jpg,HS,Mothbot_yolo11m_4500_imgsz1600_b1_2024-01-18.pt,0.6428676843643188,,grisMejua,Cerro_Hoya_Expedition/Hoya_606m_grisMejua_2025-01-26/2025-01-26/patches/grisMejua_2025_01_27__02_15_22_HDR0_1_Mothbot_yolo11m_4500_imgsz1600_b1_2024-01-18.pt.jpg,ORDER_Diptera,2025-01-27,02:15:22,,2025_01_27__02_15_22,MachineObservation,Cerro_Hoya_Expedition_Hoya_606m_grisMejua_2025-01-26_2025-01-26,Cerro_Hoya_Expedition_Hoya_606m_grisMejua_2025-01-26,grisMejua_2025_01_27__02_15_22_HDR0.jpg,grisMejua_2025_01_27__02_15_22_HDR0_1_Mothbot_yolo11m_4500_imgsz1600_b1_2024-01-18.pt.jpg
doi.org10.15468dl.6nxkw6.csv,Animalia,Arthropoda,Insecta,Hemiptera,,,,,809,,Hemiptera,Hemiptera,Cerro_Hoya_Expedition_Hoya_606m_grisMejua_2025-01-26,grisMejua_2025_01_27__02_15_22_HDR0_2_Mothbot_yolo11m_4500_imgsz1600_b1_2024-01-18.pt.jpg,HS,Mothbot_yolo11m_4500_imgsz1600_b1_2024-01-18.pt,0.6191954016685486,,grisMejua,Cerro_Hoya_Expedition/Hoya_606m_grisMejua_2025-01-26/2025-01-26/patches/grisMejua_2025_01_27__02_15_22_HDR0_2_Mothbot_yolo11m_4500_imgsz1600_b1_2024-01-18.pt.jpg,ORDER_Hemiptera,2025-01-27,02:15:22,,2025_01_27__02_15_22,MachineObservation,Cerro_Hoya_Expedition_Hoya_606m_grisMejua_2025-01-26_2025-01-26,Cerro_Hoya_Expedition_Hoya_606m_grisMejua_2025-01-26,grisMejua_2025_01_27__02_15_22_HDR0.jpg,grisMejua_2025_01_27__02_15_22_HDR0_2_Mothbot_yolo11m_4500_imgsz1600_b1_2024-01-18.pt.jpg
doi.org10.15468dl.6nxkw6.csv,Animalia,Arthropoda,Insecta,Lepidoptera,,,,,797,,Lepidoptera,Lepidoptera,Cerro_Hoya_Expedition_Hoya_606m_grisMejua_2025-01-26,grisMejua_2025_01_27__02_16_06_HDR0_0_Mothbot_yolo11m_4500_imgsz1600_b1_2024-01-18.pt.jpg,HS,Mothbot_yolo11m_4500_imgsz1600_b1_2024-01-18.pt,0.8029504418373108,,grisMejua,Cerro_Hoya_Expedition/Hoya_606m_grisMejua_2025-01-26/2025-01-26/patches/grisMejua_2025_01_27__02_16_06_HDR0_0_Mothbot_yolo11m_4500_imgsz1600_b1_2024-01-18.pt.jpg,ORDER_Lepidoptera,2025-01-27,02:16:06,,2025_01_27__02_16_06,MachineObservation,Cerro_Hoya_Expedition_Hoya_606m_grisMejua_2025-01-26_2025-01-26,Cerro_Hoya_Expedition_Hoya_606m_grisMejua_2025-01-26,grisMejua_2025_01_27__02_16_06_HDR0.jpg,grisMejua_2025_01_27__02_16_06_HDR0_0_Mothbot_yolo11m_4500_imgsz1600_b1_2024-01-18.pt.jpg
doi.org10.15468dl.6nxkw6.csv,Animalia,Arthropoda,Insecta,Diptera,,,,,811,,Diptera,Diptera,Cerro_Hoya_Expedition_Hoya_606m_grisMejua_2025-01-26,grisMejua_2025_01_27__02_16_06_HDR0_1_Mothbot_yolo11m_4500_imgsz1600_b1_2024-01-18.pt.jpg,HS,Mothbot_yolo11m_4500_imgsz1600_b1_2024-01-18.pt,0.7636535167694092,,grisMejua,Cerro_Hoya_Expedition/Hoya_606m_grisMejua_2025-01-26/2025-01-26/patches/grisMejua_2025_01_27__02_16_06_HDR0_1_Mothbot_yolo11m_4500_imgsz1600_b1_2024-01-18.pt.jpg,ORDER_Diptera,2025-01-27,02:16:06,,2025_01_27__02_16_06,MachineObservation,Cerro_Hoya_Expedition_Hoya_606m_grisMejua_2025-01-26_2025-01-26,Cerro_Hoya_Expedition_Hoya_606m_grisMejua_2025-01-26,grisMejua_2025_01_27__02_16_06_HDR0.jpg,grisMejua_2025_01_27__02_16_06_HDR0_1_Mothbot_yolo11m_4500_imgsz1600_b1_2024-01-18.pt.jpg
doi.org10.15468dl.6nxkw6.csv,Animalia,Arthropoda,Insecta,Hemiptera,,,,,809,,Hemiptera,Hemiptera,Cerro_Hoya_Expedition_Hoya_606m_grisMejua_2025-01-26,grisMejua_2025_01_27__02_16_06_HDR0_2_Mothbot_yolo11m_4500_imgsz1600_b1_2024-01-18.pt.jpg,HS,Mothbot_yolo11m_4500_imgsz1600_b1_2024-01-18.pt,0.6514289379119873,,grisMejua,Cerro_Hoya_Expedition/Hoya_606m_grisMejua_2025-01-26/2025-01-26/patches/grisMejua_2025_01_27__02_16_06_HDR0_2_Mothbot_yolo11m_4500_imgsz1600_b1_2024-01-18.pt.jpg,ORDER_Diptera,2025-01-27,02:16:06,,2025_01_27__02_16_06,MachineObservation,Cerro_Hoya_Expedition_Hoya_606m_grisMejua_2025-01-26_2025-01-26,Cerro_Hoya_Expedition_Hoya_606m_grisMejua_2025-01-26,grisMejua_2025_01_27__02_16_06_HDR0.jpg,grisMejua_2025_01_27__02_16_06_HDR0_2_Mothbot_yolo11m_4500_imgsz1600_b1_2024-01-18.pt.jpg
doi.org10.15468dl.6nxkw6.csv,Animalia,Arthropoda,Insecta,Hemiptera,,,,,809,,Hemiptera,Hemiptera,Cerro_Hoya_Expedition_Hoya_606m_grisMejua_2025-01-26,grisMejua_2025_01_27__02_16_06_HDR0_3_Mothbot_yolo11m_4500_imgsz1600_b1_2024-01-18.pt.jpg,HS,Mothbot_yolo11m_4500_imgsz1600_b1_2024-01-18.pt,0.6217988729476929,,grisMejua,Cerro_Hoya_Expedition/Hoya_606m_grisMejua_2025-01-26/2025-01-26/patches/grisMejua_2025_01_27__02_16_06_HDR0_3_Mothbot_yolo11m_4500_imgsz1600_b1_2024-01-18.pt.jpg,ORDER_Hemiptera,2025-01-27,02:16:06,,2025_01_27__02_16_06,MachineObservation,Cerro_Hoya_Expedition_Hoya_606m_grisMejua_2025-01-26_2025-01-26,Cerro_Hoya_Expedition_Hoya_606m_grisMejua_2025-01-26,grisMejua_2025_01_27__02_16_06_HDR0.jpg,grisMejua_2025_01_27__02_16_06_HDR0_3_Mothbot_yolo11m_4500_imgsz1600_b1_2024-01-18.pt.jpg
doi.org10.15468dl.6nxkw6.csv,Animalia,Arthropoda,Insecta,Hemiptera,,,,,809,,Hemiptera,Hemiptera,Cerro_Hoya_Expedition_Hoya_606m_grisMejua_2025-01-26,grisMejua_2025_01_27__02_17_05_HDR0_0_Mothbot_yolo11m_4500_imgsz1600_b1_2024-01-18.pt.jpg,HS,Mothbot_yolo11m_4500_imgsz1600_b1_2024-01-18.pt,0.6658623218536377,,grisMejua,Cerro_Hoya_Expedition/Hoya_606m_grisMejua_2025-01-26/2025-01-26/patches/grisMejua_2025_01_27__02_17_05_HDR0_0_Mothbot_yolo11m_4500_imgsz1600_b1_2024-01-18.pt.jpg,ORDER_Diptera,2025-01-27,02:17:05,,2025_01_27__02_17_05,MachineObservation,Cerro_Hoya_Expedition_Hoya_606m_grisMejua_2025-01-26_2025-01-26,Cerro_Hoya_Expedition_Hoya_606m_grisMejua_2025-01-26,grisMejua_2025_01_27__02_17_05_HDR0.jpg,grisMejua_2025_01_27__02_17_05_HDR0_0_Mothbot_yolo11m_4500_imgsz1600_b1_2024-01-18.pt.jpg
doi.org10.15468dl.6nxkw6.csv,Animalia,Arthropoda,Insecta,Hemiptera,,,,,809,,Hemiptera,Hemiptera,Cerro_Hoya_Expedition_Hoya_606m_grisMejua_2025-01-26,grisMejua_2025_01_27__02_17_05_HDR0_1_Mothbot_yolo11m_4500_imgsz1600_b1_2024-01-18.pt.jpg,HS,Mothbot_yolo11m_4500_imgsz1600_b1_2024-01-18.pt,0.639258623123169,,grisMejua,Cerro_Hoya_Expedition/Hoya_606m_grisMejua_2025-01-26/2025-01-26/patches/grisMejua_2025_01_27__02_17_05_HDR0_1_Mothbot_yolo11m_4500_imgsz1600_b1_2024-01-18.pt.jpg,ORDER_Psocodea,2025-01-27,02:17:05,,2025_01_27__02_17_05,MachineObservation,Cerro_Hoya_Expedition_Hoya_606m_grisMejua_2025-01-26_2025-01-26,Cerro_Hoya_Expedition_Hoya_606m_grisMejua_2025-01-26,grisMejua_2025_01_27__02_17_05_HDR0.jpg,grisMejua_2025_01_27__02_17_05_HDR0_1_Mothbot_yolo11m_4500_imgsz1600_b1_2024-01-18.pt.jpg
doi.org10.15468dl.6nxkw6.csv,Animalia,Arthropoda,Insecta,Diptera,,,,,811,,Diptera,Diptera,Cerro_Hoya_Expedition_Hoya_606m_grisMejua_2025-01-26,grisMejua_2025_01_27__02_17_05_HDR0_2_Mothbot_yolo11m_4500_imgsz1600_b1_2024-01-18.pt.jpg,HS,Mothbot_yolo11m_4500_imgsz1600_b1_2024-01-18.pt,0.5323206782341003,,grisMejua,Cerro_Hoya_Expedition/Hoya_606m_grisMejua_2025-01-26/2025-01-26/patches/grisMejua_2025_01_27__02_17_05_HDR0_2_Mothbot_yolo11m_4500_imgsz1600_b1_2024-01-18.pt.jpg,ORDER_Hemiptera,2025-01-27,02:17:05,,2025_01_27__02_17_05,MachineObservation,Cerro_Hoya_Expedition_Hoya_606m_grisMejua_2025-01-26_2025-01-26,Cerro_Hoya_Expedition_Hoya_606m_grisMejua_2025-01-26,grisMejua_2025_01_27__02_17_05_HDR0.jpg,grisMejua_2025_01_27__02_17_05_HDR0_2_Mothbot_yolo11m_4500_imgsz1600_b1_2024-01-18.pt.jpg
doi.org10.15468dl.6nxkw6.csv,Animalia,Arthropoda,Insecta,Hemiptera,,,,,809,,Hemiptera,Hemiptera,Cerro_Hoya_Expedition_Hoya_606m_grisMejua_2025-01-26,grisMejua_2025_01_27__02_18_06_HDR0_0_Mothbot_yolo11m_4500_imgsz1600_b1_2024-01-18.pt.jpg,HS,Mothbot_yolo11m_4500_imgsz1600_b1_2024-01-18.pt,0.6651864051818848,,grisMejua,Cerro_Hoya_Expedition/Hoya_606m_grisMejua_2025-01-26/2025-01-26/patches/grisMejua_2025_01_27__02_18_06_HDR0_0_Mothbot_yolo11m_4500_imgsz1600_b1_2024-01-18.pt.jpg,ORDER_Diptera,2025-01-27,02:18:06,,2025_01_27__02_18_06,MachineObservation,Cerro_Hoya_Expedition_Hoya_606m_grisMejua_2025-01-26_2025-01-26,Cerro_Hoya_Expedition_Hoya_606m_grisMejua_2025-01-26,grisMejua_2025_01_27__02_18_06_HDR0.jpg,grisMejua_2025_01_27__02_18_06_HDR0_0_Mothbot_yolo11m_4500_imgsz1600_b1_2024-01-18.pt.jpg
doi.org10.15468dl.6nxkw6.csv,Animalia,Arthropoda,Insecta,Hemiptera,,,,,809,,Hemiptera,Hemiptera,Cerro_Hoya_Expedition_Hoya_606m_grisMejua_2025-01-26,grisMejua_2025_01_27__02_18_06_HDR0_1_Mothbot_yolo11m_4500_imgsz1600_b1_2024-01-18.pt.jpg,HS,Mothbot_yolo11m_4500_imgsz1600_b1_2024-01-18.pt,0.6342284679412842,,grisMejua,Cerro_Hoya_Expedition/Hoya_606m_grisMejua_2025-01-26/2025-01-26/patches/grisMejua_2025_01_27__02_18_06_HDR0_1_Mothbot_yolo11m_4500_imgsz1600_b1_2024-01-18.pt.jpg,ORDER_Diptera,2025-01-27,02:18:06,,2025_01_27__02_18_06,MachineObservation,Cerro_Hoya_Expedition_Hoya_606m_grisMejua_2025-01-26_2025-01-26,Cerro_Hoya_Expedition_Hoya_606m_grisMejua_2025-01-26,grisMejua_2025_01_27__02_18_06_HDR0.jpg,grisMejua_2025_01_27__02_18_06_HDR0_1_Mothbot_yolo11m_4500_imgsz1600_b1_2024-01-18.pt.jpg
doi.org10.15468dl.6nxkw6.csv,Animalia,Arthropoda,Insecta,Hemiptera,,,,,809,,Hemiptera,Hemiptera,Cerro_Hoya_Expedition_Hoya_606m_grisMejua_2025-01-26,grisMejua_2025_01_27__02_19_06_HDR0_0_Mothbot_yolo11m_4500_imgsz1600_b1_2024-01-18.pt.jpg,HS,Mothbot_yolo11m_4500_imgsz1600_b1_2024-01-18.pt,0.6533540487289429,,grisMejua,Cerro_Hoya_Expedition/Hoya_606m_grisMejua_2025-01-26/2025-01-26/patches/grisMejua_2025_01_27__02_19_06_HDR0_0_Mothbot_yolo11m_4500_imgsz1600_b1_2024-01-18.pt.jpg,ORDER_Diptera,2025-01-27,02:19:06,,2025_01_27__02_19_06,MachineObservation,Cerro_Hoya_Expedition_Hoya_606m_grisMejua_2025-01-26_2025-01-26,Cerro_Hoya_Expedition_Hoya_606m_grisMejua_2025-01-26,grisMejua_2025_01_27__02_19_06_HDR0.jpg,grisMejua_2025_01_27__02_19_06_HDR0_0_Mothbot_yolo11m_4500_imgsz1600_b1_2024-01-18.pt.jpg
doi.org10.15468dl.6nxkw6.csv,Animalia,Arthropoda,Insecta,Diptera,,,,,811,,Diptera,Diptera,Cerro_Hoya_Expedition_Hoya_606m_grisMejua_2025-01-26,grisMejua_2025_01_27__02_19_06_HDR0_1_Mothbot_yolo11m_4500_imgsz1600_b1_2024-01-18.pt.jpg,HS,Mothbot_yolo11m_4500_imgsz1600_b1_2024-01-18.pt,0.6249492764472961,,grisMejua,Cerro_Hoya_Expedition/Hoya_606m_grisMejua_2025-01-26/2025-01-26/patches/grisMejua_2025_01_27__02_19_06_HDR0_1_Mothbot_yolo11m_4500_imgsz1600_b1_2024-01-18.pt.jpg,ORDER_Hemiptera,2025-01-27,02:19:06,,2025_01_27__02_19_06,MachineObservation,Cerro_Hoya_Expedition_Hoya_606m_grisMejua_2025-01-26_2025-01-26,Cerro_Hoya_Expedition_Hoya_606m_grisMejua_2025-01-26,grisMejua_2025_01_27__02_19_06_HDR0.jpg,grisMejua_2025_01_27__02_19_06_HDR0_1_Mothbot_yolo11m_4500_imgsz1600_b1_2024-01-18.pt.jpg
doi.org10.15468dl.6nxkw6.csv,Animalia,Arthropoda,Insecta,Hemiptera,,,,,809,,Hemiptera,Hemiptera,Cerro_Hoya_Expedition_Hoya_606m_grisMejua_2025-01-26,grisMejua_2025_01_27__02_19_06_HDR0_2_Mothbot_yolo11m_4500_imgsz1600_b1_2024-01-18.pt.jpg,HS,Mothbot_yolo11m_4500_imgsz1600_b1_2024-01-18.pt,0.622571587562561,,grisMejua,Cerro_Hoya_Expedition/Hoya_606m_grisMejua_2025-01-26/2025-01-26/patches/grisMejua_2025_01_27__02_19_06_HDR0_2_Mothbot_yolo11m_4500_imgsz1600_b1_2024-01-18.pt.jpg,ORDER_Diptera,2025-01-27,02:19:06,,2025_01_27__02_19_06,MachineObservation,Cerro_Hoya_Expedition_Hoya_606m_grisMejua_2025-01-26_2025-01-26,Cerro_Hoya_Expedition_Hoya_606m_grisMejua_2025-01-26,grisMejua_2025_01_27__02_19_06_HDR0.jpg,grisMejua_2025_01_27__02_19_06_HDR0_2_Mothbot_yolo11m_4500_imgsz1600_b1_2024-01-18.pt.jpg
doi.org10.15468dl.6nxkw6.csv,Animalia,Arthropoda,Insecta,Hemiptera,,,,,809,,Hemiptera,Hemiptera,Cerro_Hoya_Expedition_Hoya_606m_grisMejua_2025-01-26,grisMejua_2025_01_27__02_20_06_HDR0_0_Mothbot_yolo11m_4500_imgsz1600_b1_2024-01-18.pt.jpg,HS,Mothbot_yolo11m_4500_imgsz1600_b1_2024-01-18.pt,0.6348927617073059,,grisMejua,Cerro_Hoya_Expedition/Hoya_606m_grisMejua_2025-01-26/2025-01-26/patches/grisMejua_2025_01_27__02_20_06_HDR0_0_Mothbot_yolo11m_4500_imgsz1600_b1_2024-01-18.pt.jpg,ORDER_Hemiptera,2025-01-27,02:20:06,,2025_01_27__02_20_06,MachineObservation,Cerro_Hoya_Expedition_Hoya_606m_grisMejua_2025-01-26_2025-01-26,Cerro_Hoya_Expedition_Hoya_606m_grisMejua_2025-01-26,grisMejua_2025_01_27__02_20_06_HDR0.jpg,grisMejua_2025_01_27__02_20_06_HDR0_0_Mothbot_yolo11m_4500_imgsz1600_b1_2024-01-18.pt.jpg
doi.org10.15468dl.6nxkw6.csv,Animalia,Arthropoda,Insecta,Hemiptera,,,,,809,,Hemiptera,Hemiptera,Cerro_Hoya_Expedition_Hoya_606m_grisMejua_2025-01-26,grisMejua_2025_01_27__02_20_06_HDR0_1_Mothbot_yolo11m_4500_imgsz1600_b1_2024-01-18.pt.jpg,HS,Mothbot_yolo11m_4500_imgsz1600_b1_2024-01-18.pt,0.6304354667663574,,grisMejua,Cerro_Hoya_Expedition/Hoya_606m_grisMejua_2025-01-26/2025-01-26/patches/grisMejua_2025_01_27__02_20_06_HDR0_1_Mothbot_yolo11m_4500_imgsz1600_b1_2024-01-18.pt.jpg,ORDER_Hemiptera,2025-01-27,02:20:06,,2025_01_27__02_20_06,MachineObservation,Cerro_Hoya_Expedition_Hoya_606m_grisMejua_2025-01-26_2025-01-26,Cerro_Hoya_Expedition_Hoya_606m_grisMejua_2025-01-26,grisMejua_2025_01_27__02_20_06_HDR0.jpg,grisMejua_2025_01_27__02_20_06_HDR0_1_Mothbot_yolo11m_4500_imgsz1600_b1_2024-01-18.pt.jpg
doi.org10.15468dl.6nxkw6.csv,Animalia,Arthropoda,Insecta,,,,,,216,,Insecta,Insecta,Cerro_Hoya_Expedition_Hoya_606m_grisMejua_2025-01-26,grisMejua_2025_01_27__02_20_06_HDR0_2_Mothbot_yolo11m_4500_imgsz1600_b1_2024-01-18.pt.jpg,HS,Mothbot_yolo11m_4500_imgsz1600_b1_2024-01-18.pt,0.38033249974250793,,grisMejua,Cerro_Hoya_Expedition/Hoya_606m_grisMejua_2025-01-26/2025-01-26/patches/grisMejua_2025_01_27__02_20_06_HDR0_2_Mothbot_yolo11m_4500_imgsz1600_b1_2024-01-18.pt.jpg,ORDER_Coleoptera,2025-01-27,02:20:06,,2025_01_27__02_20_06,MachineObservation,Cerro_Hoya_Expedition_Hoya_606m_grisMejua_2025-01-26_2025-01-26,Cerro_Hoya_Expedition_Hoya_606m_grisMejua_2025-01-26,grisMejua_2025_01_27__02_20_06_HDR0.jpg,grisMejua_2025_01_27__02_20_06_HDR0_2_Mothbot_yolo11m_4500_imgsz1600_b1_2024-01-18.pt.jpg
doi.org10.15468dl.6nxkw6.csv,Animalia,Arthropoda,Insecta,Hemiptera,,,,,809,,Hemiptera,Hemiptera,Cerro_Hoya_Expedition_Hoya_606m_grisMejua_2025-01-26,grisMejua_2025_01_27__02_21_05_HDR0_0_Mothbot_yolo11m_4500_imgsz1600_b1_2024-01-18.pt.jpg,HS,Mothbot_yolo11m_4500_imgsz1600_b1_2024-01-18.pt,0.6554808616638184,,grisMejua,Cerro_Hoya_Expedition/Hoya_606m_grisMejua_2025-01-26/2025-01-26/patches/grisMejua_2025_01_27__02_21_05_HDR0_0_Mothbot_yolo11m_4500_imgsz1600_b1_2024-01-18.pt.jpg,ORDER_Hemiptera,2025-01-27,02:21:05,,2025_01_27__02_21_05,MachineObservation,Cerro_Hoya_Expedition_Hoya_606m_grisMejua_2025-01-26_2025-01-26,Cerro_Hoya_Expedition_Hoya_606m_grisMejua_2025-01-26,grisMejua_2025_01_27__02_21_05_HDR0.jpg,grisMejua_2025_01_27__02_21_05_HDR0_0_Mothbot_yolo11m_4500_imgsz1600_b1_2024-01-18.pt.jpg
doi.org10.15468dl.6nxkw6.csv,Animalia,Arthropoda,Insecta,Hemiptera,,,,,809,,Hemiptera,Hemiptera,Cerro_Hoya_Expedition_Hoya_606m_grisMejua_2025-01-26,grisMejua_2025_01_27__02_22_22_HDR0_0_Mothbot_yolo11m_4500_imgsz1600_b1_2024-01-18.pt.jpg,HS,Mothbot_yolo11m_4500_imgsz1600_b1_2024-01-18.pt,0.5843634605407715,,grisMejua,Cerro_Hoya_Expedition/Hoya_606m_grisMejua_2025-01-26/2025-01-26/patches/grisMejua_2025_01_27__02_22_22_HDR0_0_Mothbot_yolo11m_4500_imgsz1600_b1_2024-01-18.pt.jpg,ORDER_Psocodea,2025-01-27,02:22:22,,2025_01_27__02_22_22,MachineObservation,Cerro_Hoya_Expedition_Hoya_606m_grisMejua_2025-01-26_2025-01-26,Cerro_Hoya_Expedition_Hoya_606m_grisMejua_2025-01-26,grisMejua_2025_01_27__02_22_22_HDR0.jpg,grisMejua_2025_01_27__02_22_22_HDR0_0_Mothbot_yolo11m_4500_imgsz1600_b1_2024-01-18.pt.jpg
doi.org10.15468dl.6nxkw6.csv,Animalia,Arthropoda,Insecta,Hemiptera,,,,,809,,Hemiptera,Hemiptera,Cerro_Hoya_Expedition_Hoya_606m_grisMejua_2025-01-26,grisMejua_2025_01_27__02_23_06_HDR0_0_Mothbot_yolo11m_4500_imgsz1600_b1_2024-01-18.pt.jpg,HS,Mothbot_yolo11m_4500_imgsz1600_b1_2024-01-18.pt,0.6260699033737183,,grisMejua,Cerro_Hoya_Expedition/Hoya_606m_grisMejua_2025-01-26/2025-01-26/patches/grisMejua_2025_01_27__02_23_06_HDR0_0_Mothbot_yolo11m_4500_imgsz1600_b1_2024-01-18.pt.jpg,ORDER_Hemiptera,2025-01-27,02:23:06,,2025_01_27__02_23_06,MachineObservation,Cerro_Hoya_Expedition_Hoya_606m_grisMejua_2025-01-26_2025-01-26,Cerro_Hoya_Expedition_Hoya_606m_grisMejua_2025-01-26,grisMejua_2025_01_27__02_23_06_HDR0.jpg,grisMejua_2025_01_27__02_23_06_HDR0_0_Mothbot_yolo11m_4500_imgsz1600_b1_2024-01-18.pt.jpg
doi.org10.15468dl.6nxkw6.csv,Animalia,Arthropoda,Insecta,Hemiptera,,,,,809,,Hemiptera,Hemiptera,Cerro_Hoya_Expedition_Hoya_606m_grisMejua_2025-01-26,grisMejua_2025_01_27__02_23_06_HDR0_1_Mothbot_yolo11m_4500_imgsz1600_b1_2024-01-18.pt.jpg,HS,Mothbot_yolo11m_4500_imgsz1600_b1_2024-01-18.pt,0.43182939291000366,,grisMejua,Cerro_Hoya_Expedition/Hoya_606m_grisMejua_2025-01-26/2025-01-26/patches/grisMejua_2025_01_27__02_23_06_HDR0_1_Mothbot_yolo11m_4500_imgsz1600_b1_2024-01-18.pt.jpg,ORDER_Hemiptera,2025-01-27,02:23:06,,2025_01_27__02_23_06,MachineObservation,Cerro_Hoya_Expedition_Hoya_606m_grisMejua_2025-01-26_2025-01-26,Cerro_Hoya_Expedition_Hoya_606m_grisMejua_2025-01-26,grisMejua_2025_01_27__02_23_06_HDR0.jpg,grisMejua_2025_01_27__02_23_06_HDR0_1_Mothbot_yolo11m_4500_imgsz1600_b1_2024-01-18.pt.jpg
doi.org10.15468dl.6nxkw6.csv,Animalia,Arthropoda,Insecta,Hemiptera,,,,,809,,Hemiptera,Hemiptera,Cerro_Hoya_Expedition_Hoya_606m_grisMejua_2025-01-26,grisMejua_2025_01_27__02_24_05_HDR0_0_Mothbot_yolo11m_4500_imgsz1600_b1_2024-01-18.pt.jpg,HS,Mothbot_yolo11m_4500_imgsz1600_b1_2024-01-18.pt,0.6403591632843018,,grisMejua,Cerro_Hoya_Expedition/Hoya_606m_grisMejua_2025-01-26/2025-01-26/patches/grisMejua_2025_01_27__02_24_05_HDR0_0_Mothbot_yolo11m_4500_imgsz1600_b1_2024-01-18.pt.jpg,ORDER_Orthoptera,2025-01-27,02:24:05,,2025_01_27__02_24_05,MachineObservation,Cerro_Hoya_Expedition_Hoya_606m_grisMejua_2025-01-26_2025-01-26,Cerro_Hoya_Expedition_Hoya_606m_grisMejua_2025-01-26,grisMejua_2025_01_27__02_24_05_HDR0.jpg,grisMejua_2025_01_27__02_24_05_HDR0_0_Mothbot_yolo11m_4500_imgsz1600_b1_2024-01-18.pt.jpg
doi.org10.15468dl.6nxkw6.csv,Animalia,Arthropoda,Insecta,Hemiptera,,,,,809,,Hemiptera,Hemiptera,Cerro_Hoya_Expedition_Hoya_606m_grisMejua_2025-01-26,grisMejua_2025_01_27__02_24_05_HDR0_1_Mothbot_yolo11m_4500_imgsz1600_b1_2024-01-18.pt.jpg,HS,Mothbot_yolo11m_4500_imgsz1600_b1_2024-01-18.pt,0.6208425164222717,,grisMejua,Cerro_Hoya_Expedition/Hoya_606m_grisMejua_2025-01-26/2025-01-26/patches/grisMejua_2025_01_27__02_24_05_HDR0_1_Mothbot_yolo11m_4500_imgsz1600_b1_2024-01-18.pt.jpg,ORDER_Hemiptera,2025-01-27,02:24:05,,2025_01_27__02_24_05,MachineObservation,Cerro_Hoya_Expedition_Hoya_606m_grisMejua_2025-01-26_2025-01-26,Cerro_Hoya_Expedition_Hoya_606m_grisMejua_2025-01-26,grisMejua_2025_01_27__02_24_05_HDR0.jpg,grisMejua_2025_01_27__02_24_05_HDR0_1_Mothbot_yolo11m_4500_imgsz1600_b1_2024-01-18.pt.jpg
doi.org10.15468dl.6nxkw6.csv,Animalia,Arthropoda,Insecta,Hemiptera,,,,,809,,Hemiptera,Hemiptera,Cerro_Hoya_Expedition_Hoya_606m_grisMejua_2025-01-26,grisMejua_2025_01_27__02_25_06_HDR0_0_Mothbot_yolo11m_4500_imgsz1600_b1_2024-01-18.pt.jpg,HS,Mothbot_yolo11m_4500_imgsz1600_b1_2024-01-18.pt,0.6794586181640625,,grisMejua,Cerro_Hoya_Expedition/Hoya_606m_grisMejua_2025-01-26/2025-01-26/patches/grisMejua_2025_01_27__02_25_06_HDR0_0_Mothbot_yolo11m_4500_imgsz1600_b1_2024-01-18.pt.jpg,ORDER_Hemiptera,2025-01-27,02:25:06,,2025_01_27__02_25_06,MachineObservation,Cerro_Hoya_Expedition_Hoya_606m_grisMejua_2025-01-26_2025-01-26,Cerro_Hoya_Expedition_Hoya_606m_grisMejua_2025-01-26,grisMejua_2025_01_27__02_25_06_HDR0.jpg,grisMejua_2025_01_27__02_25_06_HDR0_0_Mothbot_yolo11m_4500_imgsz1600_b1_2024-01-18.pt.jpg
doi.org10.15468dl.6nxkw6.csv,Animalia,Arthropoda,Insecta,Hemiptera,,,,,809,,Hemiptera,Hemiptera,Cerro_Hoya_Expedition_Hoya_606m_grisMejua_2025-01-26,grisMejua_2025_01_27__02_25_06_HDR0_1_Mothbot_yolo11m_4500_imgsz1600_b1_2024-01-18.pt.jpg,HS,Mothbot_yolo11m_4500_imgsz1600_b1_2024-01-18.pt,0.6224326491355896,,grisMejua,Cerro_Hoya_Expedition/Hoya_606m_grisMejua_2025-01-26/2025-01-26/patches/grisMejua_2025_01_27__02_25_06_HDR0_1_Mothbot_yolo11m_4500_imgsz1600_b1_2024-01-18.pt.jpg,ORDER_Hemiptera,2025-01-27,02:25:06,,2025_01_27__02_25_06,MachineObservation,Cerro_Hoya_Expedition_Hoya_606m_grisMejua_2025-01-26_2025-01-26,Cerro_Hoya_Expedition_Hoya_606m_grisMejua_2025-01-26,grisMejua_2025_01_27__02_25_06_HDR0.jpg,grisMejua_2025_01_27__02_25_06_HDR0_1_Mothbot_yolo11m_4500_imgsz1600_b1_2024-01-18.pt.jpg
doi.org10.15468dl.6nxkw6.csv,Animalia,Arthropoda,Insecta,Coleoptera,,,,Coleoptera8,1470,,Coleoptera,Coleoptera8,Cerro_Hoya_Expedition_Hoya_606m_grisMejua_2025-01-26,grisMejua_2025_01_27__02_25_06_HDR0_2_Mothbot_yolo11m_4500_imgsz1600_b1_2024-01-18.pt.jpg,HS,Mothbot_yolo11m_4500_imgsz1600_b1_2024-01-18.pt,0.5752084851264954,,grisMejua,Cerro_Hoya_Expedition/Hoya_606m_grisMejua_2025-01-26/2025-01-26/patches/grisMejua_2025_01_27__02_25_06_HDR0_2_Mothbot_yolo11m_4500_imgsz1600_b1_2024-01-18.pt.jpg,ORDER_Hemiptera,2025-01-27,02:25:06,,2025_01_27__02_25_06,MachineObservation,Cerro_Hoya_Expedition_Hoya_606m_grisMejua_2025-01-26_2025-01-26,Cerro_Hoya_Expedition_Hoya_606m_grisMejua_2025-01-26,grisMejua_2025_01_27__02_25_06_HDR0.jpg,grisMejua_2025_01_27__02_25_06_HDR0_2_Mothbot_yolo11m_4500_imgsz1600_b1_2024-01-18.pt.jpg
doi.org10.15468dl.6nxkw6.csv,Animalia,Arthropoda,Insecta,Diptera,,,,,811,,Diptera,Diptera,Cerro_Hoya_Expedition_Hoya_606m_grisMejua_2025-01-26,grisMejua_2025_01_27__02_25_06_HDR0_3_Mothbot_yolo11m_4500_imgsz1600_b1_2024-01-18.pt.jpg,HS,Mothbot_yolo11m_4500_imgsz1600_b1_2024-01-18.pt,0.3587726354598999,,grisMejua,Cerro_Hoya_Expedition/Hoya_606m_grisMejua_2025-01-26/2025-01-26/patches/grisMejua_2025_01_27__02_25_06_HDR0_3_Mothbot_yolo11m_4500_imgsz1600_b1_2024-01-18.pt.jpg,ORDER_Psocodea,2025-01-27,02:25:06,,2025_01_27__02_25_06,MachineObservation,Cerro_Hoya_Expedition_Hoya_606m_grisMejua_2025-01-26_2025-01-26,Cerro_Hoya_Expedition_Hoya_606m_grisMejua_2025-01-26,grisMejua_2025_01_27__02_25_06_HDR0.jpg,grisMejua_2025_01_27__02_25_06_HDR0_3_Mothbot_yolo11m_4500_imgsz1600_b1_2024-01-18.pt.jpg
doi.org10.15468dl.6nxkw6.csv,Animalia,Arthropoda,Insecta,Hemiptera,,,,,809,,Hemiptera,Hemiptera,Cerro_Hoya_Expedition_Hoya_606m_grisMejua_2025-01-26,grisMejua_2025_01_27__02_25_06_HDR0_4_Mothbot_yolo11m_4500_imgsz1600_b1_2024-01-18.pt.jpg,HS,Mothbot_yolo11m_4500_imgsz1600_b1_2024-01-18.pt,0.3530978560447693,,grisMejua,Cerro_Hoya_Expedition/Hoya_606m_grisMejua_2025-01-26/2025-01-26/patches/grisMejua_2025_01_27__02_25_06_HDR0_4_Mothbot_yolo11m_4500_imgsz1600_b1_2024-01-18.pt.jpg,ORDER_Coleoptera,2025-01-27,02:25:06,,2025_01_27__02_25_06,MachineObservation,Cerro_Hoya_Expedition_Hoya_606m_grisMejua_2025-01-26_2025-01-26,Cerro_Hoya_Expedition_Hoya_606m_grisMejua_2025-01-26,grisMejua_2025_01_27__02_25_06_HDR0.jpg,grisMejua_2025_01_27__02_25_06_HDR0_4_Mothbot_yolo11m_4500_imgsz1600_b1_2024-01-18.pt.jpg
doi.org10.15468dl.6nxkw6.csv,Animalia,Arthropoda,Insecta,Hemiptera,,,,,809,,Hemiptera,Hemiptera,Cerro_Hoya_Expedition_Hoya_606m_grisMejua_2025-01-26,grisMejua_2025_01_27__02_26_06_HDR0_0_Mothbot_yolo11m_4500_imgsz1600_b1_2024-01-18.pt.jpg,HS,Mothbot_yolo11m_4500_imgsz1600_b1_2024-01-18.pt,0.6763483285903931,,grisMejua,Cerro_Hoya_Expedition/Hoya_606m_grisMejua_2025-01-26/2025-01-26/patches/grisMejua_2025_01_27__02_26_06_HDR0_0_Mothbot_yolo11m_4500_imgsz1600_b1_2024-01-18.pt.jpg,ORDER_Hemiptera,2025-01-27,02:26:06,,2025_01_27__02_26_06,MachineObservation,Cerro_Hoya_Expedition_Hoya_606m_grisMejua_2025-01-26_2025-01-26,Cerro_Hoya_Expedition_Hoya_606m_grisMejua_2025-01-26,grisMejua_2025_01_27__02_26_06_HDR0.jpg,grisMejua_2025_01_27__02_26_06_HDR0_0_Mothbot_yolo11m_4500_imgsz1600_b1_2024-01-18.pt.jpg
doi.org10.15468dl.6nxkw6.csv,Animalia,Arthropoda,Insecta,Hemiptera,,,,,809,,Hemiptera,Hemiptera,Cerro_Hoya_Expedition_Hoya_606m_grisMejua_2025-01-26,grisMejua_2025_01_27__02_26_06_HDR0_1_Mothbot_yolo11m_4500_imgsz1600_b1_2024-01-18.pt.jpg,HS,Mothbot_yolo11m_4500_imgsz1600_b1_2024-01-18.pt,0.632860541343689,,grisMejua,Cerro_Hoya_Expedition/Hoya_606m_grisMejua_2025-01-26/2025-01-26/patches/grisMejua_2025_01_27__02_26_06_HDR0_1_Mothbot_yolo11m_4500_imgsz1600_b1_2024-01-18.pt.jpg,ORDER_Hemiptera,2025-01-27,02:26:06,,2025_01_27__02_26_06,MachineObservation,Cerro_Hoya_Expedition_Hoya_606m_grisMejua_2025-01-26_2025-01-26,Cerro_Hoya_Expedition_Hoya_606m_grisMejua_2025-01-26,grisMejua_2025_01_27__02_26_06_HDR0.jpg,grisMejua_2025_01_27__02_26_06_HDR0_1_Mothbot_yolo11m_4500_imgsz1600_b1_2024-01-18.pt.jpg
doi.org10.15468dl.6nxkw6.csv,Animalia,Arthropoda,Insecta,Diptera,,,,,811,,Diptera,Diptera,Cerro_Hoya_Expedition_Hoya_606m_grisMejua_2025-01-26,grisMejua_2025_01_27__02_26_06_HDR0_2_Mothbot_yolo11m_4500_imgsz1600_b1_2024-01-18.pt.jpg,HS,Mothbot_yolo11m_4500_imgsz1600_b1_2024-01-18.pt,0.36773359775543213,,grisMejua,Cerro_Hoya_Expedition/Hoya_606m_grisMejua_2025-01-26/2025-01-26/patches/grisMejua_2025_01_27__02_26_06_HDR0_2_Mothbot_yolo11m_4500_imgsz1600_b1_2024-01-18.pt.jpg,ORDER_Hemiptera,2025-01-27,02:26:06,,2025_01_27__02_26_06,MachineObservation,Cerro_Hoya_Expedition_Hoya_606m_grisMejua_2025-01-26_2025-01-26,Cerro_Hoya_Expedition_Hoya_606m_grisMejua_2025-01-26,grisMejua_2025_01_27__02_26_06_HDR0.jpg,grisMejua_2025_01_27__02_26_06_HDR0_2_Mothbot_yolo11m_4500_imgsz1600_b1_2024-01-18.pt.jpg
doi.org10.15468dl.6nxkw6.csv,Animalia,Arthropoda,Insecta,Hemiptera,,,,,809,,Hemiptera,Hemiptera,Cerro_Hoya_Expedition_Hoya_606m_grisMejua_2025-01-26,grisMejua_2025_01_27__02_27_06_HDR0_0_Mothbot_yolo11m_4500_imgsz1600_b1_2024-01-18.pt.jpg,HS,Mothbot_yolo11m_4500_imgsz1600_b1_2024-01-18.pt,0.6456007361412048,,grisMejua,Cerro_Hoya_Expedition/Hoya_606m_grisMejua_2025-01-26/2025-01-26/patches/grisMejua_2025_01_27__02_27_06_HDR0_0_Mothbot_yolo11m_4500_imgsz1600_b1_2024-01-18.pt.jpg,ORDER_Hemiptera,2025-01-27,02:27:06,,2025_01_27__02_27_06,MachineObservation,Cerro_Hoya_Expedition_Hoya_606m_grisMejua_2025-01-26_2025-01-26,Cerro_Hoya_Expedition_Hoya_606m_grisMejua_2025-01-26,grisMejua_2025_01_27__02_27_06_HDR0.jpg,grisMejua_2025_01_27__02_27_06_HDR0_0_Mothbot_yolo11m_4500_imgsz1600_b1_2024-01-18.pt.jpg
doi.org10.15468dl.6nxkw6.csv,Animalia,Arthropoda,Insecta,Hemiptera,,,,,809,,Hemiptera,Hemiptera,Cerro_Hoya_Expedition_Hoya_606m_grisMejua_2025-01-26,grisMejua_2025_01_27__02_27_06_HDR0_1_Mothbot_yolo11m_4500_imgsz1600_b1_2024-01-18.pt.jpg,HS,Mothbot_yolo11m_4500_imgsz1600_b1_2024-01-18.pt,0.6428466439247131,,grisMejua,Cerro_Hoya_Expedition/Hoya_606m_grisMejua_2025-01-26/2025-01-26/patches/grisMejua_2025_01_27__02_27_06_HDR0_1_Mothbot_yolo11m_4500_imgsz1600_b1_2024-01-18.pt.jpg,ORDER_Hemiptera,2025-01-27,02:27:06,,2025_01_27__02_27_06,MachineObservation,Cerro_Hoya_Expedition_Hoya_606m_grisMejua_2025-01-26_2025-01-26,Cerro_Hoya_Expedition_Hoya_606m_grisMejua_2025-01-26,grisMejua_2025_01_27__02_27_06_HDR0.jpg,grisMejua_2025_01_27__02_27_06_HDR0_1_Mothbot_yolo11m_4500_imgsz1600_b1_2024-01-18.pt.jpg
doi.org10.15468dl.6nxkw6.csv,Animalia,Arthropoda,Insecta,Diptera,,,,,811,,Diptera,Diptera,Cerro_Hoya_Expedition_Hoya_606m_grisMejua_2025-01-26,grisMejua_2025_01_27__02_27_06_HDR0_2_Mothbot_yolo11m_4500_imgsz1600_b1_2024-01-18.pt.jpg,HS,Mothbot_yolo11m_4500_imgsz1600_b1_2024-01-18.pt,0.2698010504245758,,grisMejua,Cerro_Hoya_Expedition/Hoya_606m_grisMejua_2025-01-26/2025-01-26/patches/grisMejua_2025_01_27__02_27_06_HDR0_2_Mothbot_yolo11m_4500_imgsz1600_b1_2024-01-18.pt.jpg,ORDER_Diptera,2025-01-27,02:27:06,,2025_01_27__02_27_06,MachineObservation,Cerro_Hoya_Expedition_Hoya_606m_grisMejua_2025-01-26_2025-01-26,Cerro_Hoya_Expedition_Hoya_606m_grisMejua_2025-01-26,grisMejua_2025_01_27__02_27_06_HDR0.jpg,grisMejua_2025_01_27__02_27_06_HDR0_2_Mothbot_yolo11m_4500_imgsz1600_b1_2024-01-18.pt.jpg
doi.org10.15468dl.6nxkw6.csv,Animalia,Arthropoda,Insecta,Lepidoptera,,,,,797,,Lepidoptera,Lepidoptera,Cerro_Hoya_Expedition_Hoya_606m_grisMejua_2025-01-26,grisMejua_2025_01_27__02_28_06_HDR0_0_Mothbot_yolo11m_4500_imgsz1600_b1_2024-01-18.pt.jpg,HS,Mothbot_yolo11m_4500_imgsz1600_b1_2024-01-18.pt,0.7384046316146851,,grisMejua,Cerro_Hoya_Expedition/Hoya_606m_grisMejua_2025-01-26/2025-01-26/patches/grisMejua_2025_01_27__02_28_06_HDR0_0_Mothbot_yolo11m_4500_imgsz1600_b1_2024-01-18.pt.jpg,ORDER_Lepidoptera,2025-01-27,02:28:06,,2025_01_27__02_28_06,MachineObservation,Cerro_Hoya_Expedition_Hoya_606m_grisMejua_2025-01-26_2025-01-26,Cerro_Hoya_Expedition_Hoya_606m_grisMejua_2025-01-26,grisMejua_2025_01_27__02_28_06_HDR0.jpg,grisMejua_2025_01_27__02_28_06_HDR0_0_Mothbot_yolo11m_4500_imgsz1600_b1_2024-01-18.pt.jpg
doi.org10.15468dl.6nxkw6.csv,Animalia,Arthropoda,Insecta,Hemiptera,,,,,809,,Hemiptera,Hemiptera,Cerro_Hoya_Expedition_Hoya_606m_grisMejua_2025-01-26,grisMejua_2025_01_27__02_28_06_HDR0_1_Mothbot_yolo11m_4500_imgsz1600_b1_2024-01-18.pt.jpg,HS,Mothbot_yolo11m_4500_imgsz1600_b1_2024-01-18.pt,0.6542020440101624,,grisMejua,Cerro_Hoya_Expedition/Hoya_606m_grisMejua_2025-01-26/2025-01-26/patches/grisMejua_2025_01_27__02_28_06_HDR0_1_Mothbot_yolo11m_4500_imgsz1600_b1_2024-01-18.pt.jpg,ORDER_Diptera,2025-01-27,02:28:06,,2025_01_27__02_28_06,MachineObservation,Cerro_Hoya_Expedition_Hoya_606m_grisMejua_2025-01-26_2025-01-26,Cerro_Hoya_Expedition_Hoya_606m_grisMejua_2025-01-26,grisMejua_2025_01_27__02_28_06_HDR0.jpg,grisMejua_2025_01_27__02_28_06_HDR0_1_Mothbot_yolo11m_4500_imgsz1600_b1_2024-01-18.pt.jpg
doi.org10.15468dl.6nxkw6.csv,Animalia,Arthropoda,Insecta,Lepidoptera,,,,,797,,Lepidoptera,Lepidoptera,Cerro_Hoya_Expedition_Hoya_606m_grisMejua_2025-01-26,grisMejua_2025_01_27__02_28_06_HDR0_2_Mothbot_yolo11m_4500_imgsz1600_b1_2024-01-18.pt.jpg,HS,Mothbot_yolo11m_4500_imgsz1600_b1_2024-01-18.pt,0.5992053151130676,,grisMejua,Cerro_Hoya_Expedition/Hoya_606m_grisMejua_2025-01-26/2025-01-26/patches/grisMejua_2025_01_27__02_28_06_HDR0_2_Mothbot_yolo11m_4500_imgsz1600_b1_2024-01-18.pt.jpg,ORDER_Lepidoptera,2025-01-27,02:28:06,,2025_01_27__02_28_06,MachineObservation,Cerro_Hoya_Expedition_Hoya_606m_grisMejua_2025-01-26_2025-01-26,Cerro_Hoya_Expedition_Hoya_606m_grisMejua_2025-01-26,grisMejua_2025_01_27__02_28_06_HDR0.jpg,grisMejua_2025_01_27__02_28_06_HDR0_2_Mothbot_yolo11m_4500_imgsz1600_b1_2024-01-18.pt.jpg
doi.org10.15468dl.6nxkw6.csv,Animalia,Arthropoda,Insecta,Coleoptera,,,,Coleoptera8,1470,,Coleoptera,Coleoptera8,Cerro_Hoya_Expedition_Hoya_606m_grisMejua_2025-01-26,grisMejua_2025_01_27__02_28_06_HDR0_3_Mothbot_yolo11m_4500_imgsz1600_b1_2024-01-18.pt.jpg,HS,Mothbot_yolo11m_4500_imgsz1600_b1_2024-01-18.pt,0.42654773592948914,,grisMejua,Cerro_Hoya_Expedition/Hoya_606m_grisMejua_2025-01-26/2025-01-26/patches/grisMejua_2025_01_27__02_28_06_HDR0_3_Mothbot_yolo11m_4500_imgsz1600_b1_2024-01-18.pt.jpg,ORDER_Hemiptera,2025-01-27,02:28:06,,2025_01_27__02_28_06,MachineObservation,Cerro_Hoya_Expedition_Hoya_606m_grisMejua_2025-01-26_2025-01-26,Cerro_Hoya_Expedition_Hoya_606m_grisMejua_2025-01-26,grisMejua_2025_01_27__02_28_06_HDR0.jpg,grisMejua_2025_01_27__02_28_06_HDR0_3_Mothbot_yolo11m_4500_imgsz1600_b1_2024-01-18.pt.jpg
doi.org10.15468dl.6nxkw6.csv,Animalia,Arthropoda,Insecta,Diptera,,,,,811,,Diptera,Diptera,Cerro_Hoya_Expedition_Hoya_606m_grisMejua_2025-01-26,grisMejua_2025_01_27__02_29_22_HDR0_0_Mothbot_yolo11m_4500_imgsz1600_b1_2024-01-18.pt.jpg,HS,Mothbot_yolo11m_4500_imgsz1600_b1_2024-01-18.pt,0.7594868540763855,,grisMejua,Cerro_Hoya_Expedition/Hoya_606m_grisMejua_2025-01-26/2025-01-26/patches/grisMejua_2025_01_27__02_29_22_HDR0_0_Mothbot_yolo11m_4500_imgsz1600_b1_2024-01-18.pt.jpg,ORDER_Diptera,2025-01-27,02:29:22,,2025_01_27__02_29_22,MachineObservation,Cerro_Hoya_Expedition_Hoya_606m_grisMejua_2025-01-26_2025-01-26,Cerro_Hoya_Expedition_Hoya_606m_grisMejua_2025-01-26,grisMejua_2025_01_27__02_29_22_HDR0.jpg,grisMejua_2025_01_27__02_29_22_HDR0_0_Mothbot_yolo11m_4500_imgsz1600_b1_2024-01-18.pt.jpg
doi.org10.15468dl.6nxkw6.csv,Animalia,Arthropoda,Insecta,Hemiptera,,,,,809,,Hemiptera,Hemiptera,Cerro_Hoya_Expedition_Hoya_606m_grisMejua_2025-01-26,grisMejua_2025_01_27__02_29_22_HDR0_1_Mothbot_yolo11m_4500_imgsz1600_b1_2024-01-18.pt.jpg,HS,Mothbot_yolo11m_4500_imgsz1600_b1_2024-01-18.pt,0.612116277217865,,grisMejua,Cerro_Hoya_Expedition/Hoya_606m_grisMejua_2025-01-26/2025-01-26/patches/grisMejua_2025_01_27__02_29_22_HDR0_1_Mothbot_yolo11m_4500_imgsz1600_b1_2024-01-18.pt.jpg,ORDER_Hemiptera,2025-01-27,02:29:22,,2025_01_27__02_29_22,MachineObservation,Cerro_Hoya_Expedition_Hoya_606m_grisMejua_2025-01-26_2025-01-26,Cerro_Hoya_Expedition_Hoya_606m_grisMejua_2025-01-26,grisMejua_2025_01_27__02_29_22_HDR0.jpg,grisMejua_2025_01_27__02_29_22_HDR0_1_Mothbot_yolo11m_4500_imgsz1600_b1_2024-01-18.pt.jpg
doi.org10.15468dl.6nxkw6.csv,Animalia,Arthropoda,Insecta,Hemiptera,,,,,809,,Hemiptera,Hemiptera,Cerro_Hoya_Expedition_Hoya_606m_grisMejua_2025-01-26,grisMejua_2025_01_27__02_29_22_HDR0_2_Mothbot_yolo11m_4500_imgsz1600_b1_2024-01-18.pt.jpg,HS,Mothbot_yolo11m_4500_imgsz1600_b1_2024-01-18.pt,0.5060301423072815,,grisMejua,Cerro_Hoya_Expedition/Hoya_606m_grisMejua_2025-01-26/2025-01-26/patches/grisMejua_2025_01_27__02_29_22_HDR0_2_Mothbot_yolo11m_4500_imgsz1600_b1_2024-01-18.pt.jpg,ORDER_Hemiptera,2025-01-27,02:29:22,,2025_01_27__02_29_22,MachineObservation,Cerro_Hoya_Expedition_Hoya_606m_grisMejua_2025-01-26_2025-01-26,Cerro_Hoya_Expedition_Hoya_606m_grisMejua_2025-01-26,grisMejua_2025_01_27__02_29_22_HDR0.jpg,grisMejua_2025_01_27__02_29_22_HDR0_2_Mothbot_yolo11m_4500_imgsz1600_b1_2024-01-18.pt.jpg
doi.org10.15468dl.6nxkw6.csv,Animalia,Arthropoda,Insecta,Lepidoptera,,,,,797,,Lepidoptera,Lepidoptera,Cerro_Hoya_Expedition_Hoya_606m_grisMejua_2025-01-26,grisMejua_2025_01_27__02_30_06_HDR0_0_Mothbot_yolo11m_4500_imgsz1600_b1_2024-01-18.pt.jpg,HS,Mothbot_yolo11m_4500_imgsz1600_b1_2024-01-18.pt,0.7942899465560913,,grisMejua,Cerro_Hoya_Expedition/Hoya_606m_grisMejua_2025-01-26/2025-01-26/patches/grisMejua_2025_01_27__02_30_06_HDR0_0_Mothbot_yolo11m_4500_imgsz1600_b1_2024-01-18.pt.jpg,ORDER_Lepidoptera,2025-01-27,02:30:06,,2025_01_27__02_30_06,MachineObservation,Cerro_Hoya_Expedition_Hoya_606m_grisMejua_2025-01-26_2025-01-26,Cerro_Hoya_Expedition_Hoya_606m_grisMejua_2025-01-26,grisMejua_2025_01_27__02_30_06_HDR0.jpg,grisMejua_2025_01_27__02_30_06_HDR0_0_Mothbot_yolo11m_4500_imgsz1600_b1_2024-01-18.pt.jpg
doi.org10.15468dl.6nxkw6.csv,Animalia,Arthropoda,Insecta,Hemiptera,,,,,809,,Hemiptera,Hemiptera,Cerro_Hoya_Expedition_Hoya_606m_grisMejua_2025-01-26,grisMejua_2025_01_27__02_30_06_HDR0_1_Mothbot_yolo11m_4500_imgsz1600_b1_2024-01-18.pt.jpg,HS,Mothbot_yolo11m_4500_imgsz1600_b1_2024-01-18.pt,0.6167284846305847,,grisMejua,Cerro_Hoya_Expedition/Hoya_606m_grisMejua_2025-01-26/2025-01-26/patches/grisMejua_2025_01_27__02_30_06_HDR0_1_Mothbot_yolo11m_4500_imgsz1600_b1_2024-01-18.pt.jpg,ORDER_Hemiptera,2025-01-27,02:30:06,,2025_01_27__02_30_06,MachineObservation,Cerro_Hoya_Expedition_Hoya_606m_grisMejua_2025-01-26_2025-01-26,Cerro_Hoya_Expedition_Hoya_606m_grisMejua_2025-01-26,grisMejua_2025_01_27__02_30_06_HDR0.jpg,grisMejua_2025_01_27__02_30_06_HDR0_1_Mothbot_yolo11m_4500_imgsz1600_b1_2024-01-18.pt.jpg
doi.org10.15468dl.6nxkw6.csv,Animalia,Arthropoda,Insecta,Hemiptera,,,,,809,,Hemiptera,Hemiptera,Cerro_Hoya_Expedition_Hoya_606m_grisMejua_2025-01-26,grisMejua_2025_01_27__02_30_06_HDR0_2_Mothbot_yolo11m_4500_imgsz1600_b1_2024-01-18.pt.jpg,HS,Mothbot_yolo11m_4500_imgsz1600_b1_2024-01-18.pt,0.5278126001358032,,grisMejua,Cerro_Hoya_Expedition/Hoya_606m_grisMejua_2025-01-26/2025-01-26/patches/grisMejua_2025_01_27__02_30_06_HDR0_2_Mothbot_yolo11m_4500_imgsz1600_b1_2024-01-18.pt.jpg,ORDER_Hemiptera,2025-01-27,02:30:06,,2025_01_27__02_30_06,MachineObservation,Cerro_Hoya_Expedition_Hoya_606m_grisMejua_2025-01-26_2025-01-26,Cerro_Hoya_Expedition_Hoya_606m_grisMejua_2025-01-26,grisMejua_2025_01_27__02_30_06_HDR0.jpg,grisMejua_2025_01_27__02_30_06_HDR0_2_Mothbot_yolo11m_4500_imgsz1600_b1_2024-01-18.pt.jpg
doi.org10.15468dl.6nxkw6.csv,Animalia,Arthropoda,Insecta,Lepidoptera,,,,,797,,Lepidoptera,Lepidoptera,Cerro_Hoya_Expedition_Hoya_606m_grisMejua_2025-01-26,grisMejua_2025_01_27__02_31_06_HDR0_0_Mothbot_yolo11m_4500_imgsz1600_b1_2024-01-18.pt.jpg,HS,Mothbot_yolo11m_4500_imgsz1600_b1_2024-01-18.pt,0.8522076606750488,,grisMejua,Cerro_Hoya_Expedition/Hoya_606m_grisMejua_2025-01-26/2025-01-26/patches/grisMejua_2025_01_27__02_31_06_HDR0_0_Mothbot_yolo11m_4500_imgsz1600_b1_2024-01-18.pt.jpg,ORDER_Lepidoptera,2025-01-27,02:31:06,,2025_01_27__02_31_06,MachineObservation,Cerro_Hoya_Expedition_Hoya_606m_grisMejua_2025-01-26_2025-01-26,Cerro_Hoya_Expedition_Hoya_606m_grisMejua_2025-01-26,grisMejua_2025_01_27__02_31_06_HDR0.jpg,grisMejua_2025_01_27__02_31_06_HDR0_0_Mothbot_yolo11m_4500_imgsz1600_b1_2024-01-18.pt.jpg
doi.org10.15468dl.6nxkw6.csv,Animalia,Arthropoda,Insecta,Hemiptera,,,,,809,,Hemiptera,Hemiptera,Cerro_Hoya_Expedition_Hoya_606m_grisMejua_2025-01-26,grisMejua_2025_01_27__02_31_06_HDR0_1_Mothbot_yolo11m_4500_imgsz1600_b1_2024-01-18.pt.jpg,HS,Mothbot_yolo11m_4500_imgsz1600_b1_2024-01-18.pt,0.631166398525238,,grisMejua,Cerro_Hoya_Expedition/Hoya_606m_grisMejua_2025-01-26/2025-01-26/patches/grisMejua_2025_01_27__02_31_06_HDR0_1_Mothbot_yolo11m_4500_imgsz1600_b1_2024-01-18.pt.jpg,ORDER_Hemiptera,2025-01-27,02:31:06,,2025_01_27__02_31_06,MachineObservation,Cerro_Hoya_Expedition_Hoya_606m_grisMejua_2025-01-26_2025-01-26,Cerro_Hoya_Expedition_Hoya_606m_grisMejua_2025-01-26,grisMejua_2025_01_27__02_31_06_HDR0.jpg,grisMejua_2025_01_27__02_31_06_HDR0_1_Mothbot_yolo11m_4500_imgsz1600_b1_2024-01-18.pt.jpg
doi.org10.15468dl.6nxkw6.csv,Animalia,Arthropoda,Insecta,Lepidoptera,,,,,797,,Lepidoptera,Lepidoptera,Cerro_Hoya_Expedition_Hoya_606m_grisMejua_2025-01-26,grisMejua_2025_01_27__02_31_06_HDR0_2_Mothbot_yolo11m_4500_imgsz1600_b1_2024-01-18.pt.jpg,HS,Mothbot_yolo11m_4500_imgsz1600_b1_2024-01-18.pt,0.5897679328918457,,grisMejua,Cerro_Hoya_Expedition/Hoya_606m_grisMejua_2025-01-26/2025-01-26/patches/grisMejua_2025_01_27__02_31_06_HDR0_2_Mothbot_yolo11m_4500_imgsz1600_b1_2024-01-18.pt.jpg,ORDER_Lepidoptera,2025-01-27,02:31:06,,2025_01_27__02_31_06,MachineObservation,Cerro_Hoya_Expedition_Hoya_606m_grisMejua_2025-01-26_2025-01-26,Cerro_Hoya_Expedition_Hoya_606m_grisMejua_2025-01-26,grisMejua_2025_01_27__02_31_06_HDR0.jpg,grisMejua_2025_01_27__02_31_06_HDR0_2_Mothbot_yolo11m_4500_imgsz1600_b1_2024-01-18.pt.jpg
doi.org10.15468dl.6nxkw6.csv,Animalia,Arthropoda,Insecta,Hemiptera,,,,,809,,Hemiptera,Hemiptera,Cerro_Hoya_Expedition_Hoya_606m_grisMejua_2025-01-26,grisMejua_2025_01_27__02_31_06_HDR0_3_Mothbot_yolo11m_4500_imgsz1600_b1_2024-01-18.pt.jpg,HS,Mothbot_yolo11m_4500_imgsz1600_b1_2024-01-18.pt,0.5100755095481873,,grisMejua,Cerro_Hoya_Expedition/Hoya_606m_grisMejua_2025-01-26/2025-01-26/patches/grisMejua_2025_01_27__02_31_06_HDR0_3_Mothbot_yolo11m_4500_imgsz1600_b1_2024-01-18.pt.jpg,ORDER_Orthoptera,2025-01-27,02:31:06,,2025_01_27__02_31_06,MachineObservation,Cerro_Hoya_Expedition_Hoya_606m_grisMejua_2025-01-26_2025-01-26,Cerro_Hoya_Expedition_Hoya_606m_grisMejua_2025-01-26,grisMejua_2025_01_27__02_31_06_HDR0.jpg,grisMejua_2025_01_27__02_31_06_HDR0_3_Mothbot_yolo11m_4500_imgsz1600_b1_2024-01-18.pt.jpg
doi.org10.15468dl.6nxkw6.csv,Animalia,Arthropoda,Insecta,,,,,,216,,Insecta,Insecta,Cerro_Hoya_Expedition_Hoya_606m_grisMejua_2025-01-26,grisMejua_2025_01_27__02_31_06_HDR0_4_Mothbot_yolo11m_4500_imgsz1600_b1_2024-01-18.pt.jpg,HS,Mothbot_yolo11m_4500_imgsz1600_b1_2024-01-18.pt,0.3105542063713074,,grisMejua,Cerro_Hoya_Expedition/Hoya_606m_grisMejua_2025-01-26/2025-01-26/patches/grisMejua_2025_01_27__02_31_06_HDR0_4_Mothbot_yolo11m_4500_imgsz1600_b1_2024-01-18.pt.jpg,ORDER_Lepidoptera,2025-01-27,02:31:06,,2025_01_27__02_31_06,MachineObservation,Cerro_Hoya_Expedition_Hoya_606m_grisMejua_2025-01-26_2025-01-26,Cerro_Hoya_Expedition_Hoya_606m_grisMejua_2025-01-26,grisMejua_2025_01_27__02_31_06_HDR0.jpg,grisMejua_2025_01_27__02_31_06_HDR0_4_Mothbot_yolo11m_4500_imgsz1600_b1_2024-01-18.pt.jpg
doi.org10.15468dl.6nxkw6.csv,Animalia,Arthropoda,Insecta,Lepidoptera,,,,,797,,Lepidoptera,Lepidoptera,Cerro_Hoya_Expedition_Hoya_606m_grisMejua_2025-01-26,grisMejua_2025_01_27__02_32_05_HDR0_0_Mothbot_yolo11m_4500_imgsz1600_b1_2024-01-18.pt.jpg,HS,Mothbot_yolo11m_4500_imgsz1600_b1_2024-01-18.pt,0.8535615801811218,,grisMejua,Cerro_Hoya_Expedition/Hoya_606m_grisMejua_2025-01-26/2025-01-26/patches/grisMejua_2025_01_27__02_32_05_HDR0_0_Mothbot_yolo11m_4500_imgsz1600_b1_2024-01-18.pt.jpg,ORDER_Lepidoptera,2025-01-27,02:32:05,,2025_01_27__02_32_05,MachineObservation,Cerro_Hoya_Expedition_Hoya_606m_grisMejua_2025-01-26_2025-01-26,Cerro_Hoya_Expedition_Hoya_606m_grisMejua_2025-01-26,grisMejua_2025_01_27__02_32_05_HDR0.jpg,grisMejua_2025_01_27__02_32_05_HDR0_0_Mothbot_yolo11m_4500_imgsz1600_b1_2024-01-18.pt.jpg
doi.org10.15468dl.6nxkw6.csv,Animalia,Arthropoda,Insecta,Hemiptera,,,,,809,,Hemiptera,Hemiptera,Cerro_Hoya_Expedition_Hoya_606m_grisMejua_2025-01-26,grisMejua_2025_01_27__02_32_05_HDR0_1_Mothbot_yolo11m_4500_imgsz1600_b1_2024-01-18.pt.jpg,HS,Mothbot_yolo11m_4500_imgsz1600_b1_2024-01-18.pt,0.7104615569114685,,grisMejua,Cerro_Hoya_Expedition/Hoya_606m_grisMejua_2025-01-26/2025-01-26/patches/grisMejua_2025_01_27__02_32_05_HDR0_1_Mothbot_yolo11m_4500_imgsz1600_b1_2024-01-18.pt.jpg,ORDER_Diptera,2025-01-27,02:32:05,,2025_01_27__02_32_05,MachineObservation,Cerro_Hoya_Expedition_Hoya_606m_grisMejua_2025-01-26_2025-01-26,Cerro_Hoya_Expedition_Hoya_606m_grisMejua_2025-01-26,grisMejua_2025_01_27__02_32_05_HDR0.jpg,grisMejua_2025_01_27__02_32_05_HDR0_1_Mothbot_yolo11m_4500_imgsz1600_b1_2024-01-18.pt.jpg
doi.org10.15468dl.6nxkw6.csv,Animalia,Arthropoda,Insecta,Hemiptera,,,,,809,,Hemiptera,Hemiptera,Cerro_Hoya_Expedition_Hoya_606m_grisMejua_2025-01-26,grisMejua_2025_01_27__02_32_05_HDR0_2_Mothbot_yolo11m_4500_imgsz1600_b1_2024-01-18.pt.jpg,HS,Mothbot_yolo11m_4500_imgsz1600_b1_2024-01-18.pt,0.6382930278778076,,grisMejua,Cerro_Hoya_Expedition/Hoya_606m_grisMejua_2025-01-26/2025-01-26/patches/grisMejua_2025_01_27__02_32_05_HDR0_2_Mothbot_yolo11m_4500_imgsz1600_b1_2024-01-18.pt.jpg,ORDER_Hemiptera,2025-01-27,02:32:05,,2025_01_27__02_32_05,MachineObservation,Cerro_Hoya_Expedition_Hoya_606m_grisMejua_2025-01-26_2025-01-26,Cerro_Hoya_Expedition_Hoya_606m_grisMejua_2025-01-26,grisMejua_2025_01_27__02_32_05_HDR0.jpg,grisMejua_2025_01_27__02_32_05_HDR0_2_Mothbot_yolo11m_4500_imgsz1600_b1_2024-01-18.pt.jpg
doi.org10.15468dl.6nxkw6.csv,Animalia,Arthropoda,Insecta,Coleoptera,,,,Coleoptera8,1470,,Coleoptera,Coleoptera8,Cerro_Hoya_Expedition_Hoya_606m_grisMejua_2025-01-26,grisMejua_2025_01_27__02_32_05_HDR0_3_Mothbot_yolo11m_4500_imgsz1600_b1_2024-01-18.pt.jpg,HS,Mothbot_yolo11m_4500_imgsz1600_b1_2024-01-18.pt,0.5187090039253235,,grisMejua,Cerro_Hoya_Expedition/Hoya_606m_grisMejua_2025-01-26/2025-01-26/patches/grisMejua_2025_01_27__02_32_05_HDR0_3_Mothbot_yolo11m_4500_imgsz1600_b1_2024-01-18.pt.jpg,ORDER_Coleoptera,2025-01-27,02:32:05,,2025_01_27__02_32_05,MachineObservation,Cerro_Hoya_Expedition_Hoya_606m_grisMejua_2025-01-26_2025-01-26,Cerro_Hoya_Expedition_Hoya_606m_grisMejua_2025-01-26,grisMejua_2025_01_27__02_32_05_HDR0.jpg,grisMejua_2025_01_27__02_32_05_HDR0_3_Mothbot_yolo11m_4500_imgsz1600_b1_2024-01-18.pt.jpg
doi.org10.15468dl.6nxkw6.csv,Animalia,Arthropoda,Insecta,Hemiptera,,,,,809,,Hemiptera,Hemiptera,Cerro_Hoya_Expedition_Hoya_606m_grisMejua_2025-01-26,grisMejua_2025_01_27__02_32_05_HDR0_4_Mothbot_yolo11m_4500_imgsz1600_b1_2024-01-18.pt.jpg,HS,Mothbot_yolo11m_4500_imgsz1600_b1_2024-01-18.pt,0.48524045944213867,,grisMejua,Cerro_Hoya_Expedition/Hoya_606m_grisMejua_2025-01-26/2025-01-26/patches/grisMejua_2025_01_27__02_32_05_HDR0_4_Mothbot_yolo11m_4500_imgsz1600_b1_2024-01-18.pt.jpg,ORDER_Hemiptera,2025-01-27,02:32:05,,2025_01_27__02_32_05,MachineObservation,Cerro_Hoya_Expedition_Hoya_606m_grisMejua_2025-01-26_2025-01-26,Cerro_Hoya_Expedition_Hoya_606m_grisMejua_2025-01-26,grisMejua_2025_01_27__02_32_05_HDR0.jpg,grisMejua_2025_01_27__02_32_05_HDR0_4_Mothbot_yolo11m_4500_imgsz1600_b1_2024-01-18.pt.jpg
doi.org10.15468dl.6nxkw6.csv,Animalia,Arthropoda,Insecta,Diptera,,,,,811,,Diptera,Diptera,Cerro_Hoya_Expedition_Hoya_606m_grisMejua_2025-01-26,grisMejua_2025_01_27__02_32_05_HDR0_5_Mothbot_yolo11m_4500_imgsz1600_b1_2024-01-18.pt.jpg,HS,Mothbot_yolo11m_4500_imgsz1600_b1_2024-01-18.pt,0.3234168291091919,,grisMejua,Cerro_Hoya_Expedition/Hoya_606m_grisMejua_2025-01-26/2025-01-26/patches/grisMejua_2025_01_27__02_32_05_HDR0_5_Mothbot_yolo11m_4500_imgsz1600_b1_2024-01-18.pt.jpg,ORDER_Hymenoptera,2025-01-27,02:32:05,,2025_01_27__02_32_05,MachineObservation,Cerro_Hoya_Expedition_Hoya_606m_grisMejua_2025-01-26_2025-01-26,Cerro_Hoya_Expedition_Hoya_606m_grisMejua_2025-01-26,grisMejua_2025_01_27__02_32_05_HDR0.jpg,grisMejua_2025_01_27__02_32_05_HDR0_5_Mothbot_yolo11m_4500_imgsz1600_b1_2024-01-18.pt.jpg
doi.org10.15468dl.6nxkw6.csv,Animalia,Arthropoda,Insecta,Lepidoptera,,,,,797,,Lepidoptera,Lepidoptera,Cerro_Hoya_Expedition_Hoya_606m_grisMejua_2025-01-26,grisMejua_2025_01_27__02_33_06_HDR0_0_Mothbot_yolo11m_4500_imgsz1600_b1_2024-01-18.pt.jpg,HS,Mothbot_yolo11m_4500_imgsz1600_b1_2024-01-18.pt,0.8277234435081482,,grisMejua,Cerro_Hoya_Expedition/Hoya_606m_grisMejua_2025-01-26/2025-01-26/patches/grisMejua_2025_01_27__02_33_06_HDR0_0_Mothbot_yolo11m_4500_imgsz1600_b1_2024-01-18.pt.jpg,ORDER_Lepidoptera,2025-01-27,02:33:06,,2025_01_27__02_33_06,MachineObservation,Cerro_Hoya_Expedition_Hoya_606m_grisMejua_2025-01-26_2025-01-26,Cerro_Hoya_Expedition_Hoya_606m_grisMejua_2025-01-26,grisMejua_2025_01_27__02_33_06_HDR0.jpg,grisMejua_2025_01_27__02_33_06_HDR0_0_Mothbot_yolo11m_4500_imgsz1600_b1_2024-01-18.pt.jpg
doi.org10.15468dl.6nxkw6.csv,Animalia,Arthropoda,Insecta,Lepidoptera,,,,,797,,Lepidoptera,Lepidoptera,Cerro_Hoya_Expedition_Hoya_606m_grisMejua_2025-01-26,grisMejua_2025_01_27__02_33_06_HDR0_1_Mothbot_yolo11m_4500_imgsz1600_b1_2024-01-18.pt.jpg,HS,Mothbot_yolo11m_4500_imgsz1600_b1_2024-01-18.pt,0.7241280674934387,,grisMejua,Cerro_Hoya_Expedition/Hoya_606m_grisMejua_2025-01-26/2025-01-26/patches/grisMejua_2025_01_27__02_33_06_HDR0_1_Mothbot_yolo11m_4500_imgsz1600_b1_2024-01-18.pt.jpg,ORDER_Lepidoptera,2025-01-27,02:33:06,,2025_01_27__02_33_06,MachineObservation,Cerro_Hoya_Expedition_Hoya_606m_grisMejua_2025-01-26_2025-01-26,Cerro_Hoya_Expedition_Hoya_606m_grisMejua_2025-01-26,grisMejua_2025_01_27__02_33_06_HDR0.jpg,grisMejua_2025_01_27__02_33_06_HDR0_1_Mothbot_yolo11m_4500_imgsz1600_b1_2024-01-18.pt.jpg
doi.org10.15468dl.6nxkw6.csv,Animalia,Arthropoda,Insecta,Hemiptera,,,,,809,,Hemiptera,Hemiptera,Cerro_Hoya_Expedition_Hoya_606m_grisMejua_2025-01-26,grisMejua_2025_01_27__02_33_06_HDR0_2_Mothbot_yolo11m_4500_imgsz1600_b1_2024-01-18.pt.jpg,HS,Mothbot_yolo11m_4500_imgsz1600_b1_2024-01-18.pt,0.6803539395332336,,grisMejua,Cerro_Hoya_Expedition/Hoya_606m_grisMejua_2025-01-26/2025-01-26/patches/grisMejua_2025_01_27__02_33_06_HDR0_2_Mothbot_yolo11m_4500_imgsz1600_b1_2024-01-18.pt.jpg,ORDER_Hemiptera,2025-01-27,02:33:06,,2025_01_27__02_33_06,MachineObservation,Cerro_Hoya_Expedition_Hoya_606m_grisMejua_2025-01-26_2025-01-26,Cerro_Hoya_Expedition_Hoya_606m_grisMejua_2025-01-26,grisMejua_2025_01_27__02_33_06_HDR0.jpg,grisMejua_2025_01_27__02_33_06_HDR0_2_Mothbot_yolo11m_4500_imgsz1600_b1_2024-01-18.pt.jpg
doi.org10.15468dl.6nxkw6.csv,Animalia,Arthropoda,Insecta,Coleoptera,,,,Coleoptera8,1470,,Coleoptera,Coleoptera8,Cerro_Hoya_Expedition_Hoya_606m_grisMejua_2025-01-26,grisMejua_2025_01_27__02_33_06_HDR0_3_Mothbot_yolo11m_4500_imgsz1600_b1_2024-01-18.pt.jpg,HS,Mothbot_yolo11m_4500_imgsz1600_b1_2024-01-18.pt,0.6175585389137268,,grisMejua,Cerro_Hoya_Expedition/Hoya_606m_grisMejua_2025-01-26/2025-01-26/patches/grisMejua_2025_01_27__02_33_06_HDR0_3_Mothbot_yolo11m_4500_imgsz1600_b1_2024-01-18.pt.jpg,ORDER_Hemiptera,2025-01-27,02:33:06,,2025_01_27__02_33_06,MachineObservation,Cerro_Hoya_Expedition_Hoya_606m_grisMejua_2025-01-26_2025-01-26,Cerro_Hoya_Expedition_Hoya_606m_grisMejua_2025-01-26,grisMejua_2025_01_27__02_33_06_HDR0.jpg,grisMejua_2025_01_27__02_33_06_HDR0_3_Mothbot_yolo11m_4500_imgsz1600_b1_2024-01-18.pt.jpg
doi.org10.15468dl.6nxkw6.csv,Animalia,Arthropoda,Insecta,Hemiptera,,,,,809,,Hemiptera,Hemiptera,Cerro_Hoya_Expedition_Hoya_606m_grisMejua_2025-01-26,grisMejua_2025_01_27__02_33_06_HDR0_4_Mothbot_yolo11m_4500_imgsz1600_b1_2024-01-18.pt.jpg,HS,Mothbot_yolo11m_4500_imgsz1600_b1_2024-01-18.pt,0.6082973480224609,,grisMejua,Cerro_Hoya_Expedition/Hoya_606m_grisMejua_2025-01-26/2025-01-26/patches/grisMejua_2025_01_27__02_33_06_HDR0_4_Mothbot_yolo11m_4500_imgsz1600_b1_2024-01-18.pt.jpg,ORDER_Hemiptera,2025-01-27,02:33:06,,2025_01_27__02_33_06,MachineObservation,Cerro_Hoya_Expedition_Hoya_606m_grisMejua_2025-01-26_2025-01-26,Cerro_Hoya_Expedition_Hoya_606m_grisMejua_2025-01-26,grisMejua_2025_01_27__02_33_06_HDR0.jpg,grisMejua_2025_01_27__02_33_06_HDR0_4_Mothbot_yolo11m_4500_imgsz1600_b1_2024-01-18.pt.jpg
doi.org10.15468dl.6nxkw6.csv,Animalia,Arthropoda,Insecta,Hemiptera,,,,,809,,Hemiptera,Hemiptera,Cerro_Hoya_Expedition_Hoya_606m_grisMejua_2025-01-26,grisMejua_2025_01_27__02_33_06_HDR0_5_Mothbot_yolo11m_4500_imgsz1600_b1_2024-01-18.pt.jpg,HS,Mothbot_yolo11m_4500_imgsz1600_b1_2024-01-18.pt,0.5296630263328552,,grisMejua,Cerro_Hoya_Expedition/Hoya_606m_grisMejua_2025-01-26/2025-01-26/patches/grisMejua_2025_01_27__02_33_06_HDR0_5_Mothbot_yolo11m_4500_imgsz1600_b1_2024-01-18.pt.jpg,ORDER_Hemiptera,2025-01-27,02:33:06,,2025_01_27__02_33_06,MachineObservation,Cerro_Hoya_Expedition_Hoya_606m_grisMejua_2025-01-26_2025-01-26,Cerro_Hoya_Expedition_Hoya_606m_grisMejua_2025-01-26,grisMejua_2025_01_27__02_33_06_HDR0.jpg,grisMejua_2025_01_27__02_33_06_HDR0_5_Mothbot_yolo11m_4500_imgsz1600_b1_2024-01-18.pt.jpg
doi.org10.15468dl.6nxkw6.csv,Animalia,Arthropoda,Insecta,Diptera,,,,,811,,Diptera,Diptera,Cerro_Hoya_Expedition_Hoya_606m_grisMejua_2025-01-26,grisMejua_2025_01_27__02_33_06_HDR0_6_Mothbot_yolo11m_4500_imgsz1600_b1_2024-01-18.pt.jpg,HS,Mothbot_yolo11m_4500_imgsz1600_b1_2024-01-18.pt,0.39084529876708984,,grisMejua,Cerro_Hoya_Expedition/Hoya_606m_grisMejua_2025-01-26/2025-01-26/patches/grisMejua_2025_01_27__02_33_06_HDR0_6_Mothbot_yolo11m_4500_imgsz1600_b1_2024-01-18.pt.jpg,ORDER_Hymenoptera,2025-01-27,02:33:06,,2025_01_27__02_33_06,MachineObservation,Cerro_Hoya_Expedition_Hoya_606m_grisMejua_2025-01-26_2025-01-26,Cerro_Hoya_Expedition_Hoya_606m_grisMejua_2025-01-26,grisMejua_2025_01_27__02_33_06_HDR0.jpg,grisMejua_2025_01_27__02_33_06_HDR0_6_Mothbot_yolo11m_4500_imgsz1600_b1_2024-01-18.pt.jpg
doi.org10.15468dl.6nxkw6.csv,Animalia,Arthropoda,Insecta,Lepidoptera,,,,,797,,Lepidoptera,Lepidoptera,Cerro_Hoya_Expedition_Hoya_606m_grisMejua_2025-01-26,grisMejua_2025_01_27__02_34_06_HDR0_0_Mothbot_yolo11m_4500_imgsz1600_b1_2024-01-18.pt.jpg,HS,Mothbot_yolo11m_4500_imgsz1600_b1_2024-01-18.pt,0.8391255736351013,,grisMejua,Cerro_Hoya_Expedition/Hoya_606m_grisMejua_2025-01-26/2025-01-26/patches/grisMejua_2025_01_27__02_34_06_HDR0_0_Mothbot_yolo11m_4500_imgsz1600_b1_2024-01-18.pt.jpg,ORDER_Lepidoptera,2025-01-27,02:34:06,,2025_01_27__02_34_06,MachineObservation,Cerro_Hoya_Expedition_Hoya_606m_grisMejua_2025-01-26_2025-01-26,Cerro_Hoya_Expedition_Hoya_606m_grisMejua_2025-01-26,grisMejua_2025_01_27__02_34_06_HDR0.jpg,grisMejua_2025_01_27__02_34_06_HDR0_0_Mothbot_yolo11m_4500_imgsz1600_b1_2024-01-18.pt.jpg
doi.org10.15468dl.6nxkw6.csv,Animalia,Arthropoda,Insecta,Hemiptera,,,,,809,,Hemiptera,Hemiptera,Cerro_Hoya_Expedition_Hoya_606m_grisMejua_2025-01-26,grisMejua_2025_01_27__02_34_06_HDR0_1_Mothbot_yolo11m_4500_imgsz1600_b1_2024-01-18.pt.jpg,HS,Mothbot_yolo11m_4500_imgsz1600_b1_2024-01-18.pt,0.6947279572486877,,grisMejua,Cerro_Hoya_Expedition/Hoya_606m_grisMejua_2025-01-26/2025-01-26/patches/grisMejua_2025_01_27__02_34_06_HDR0_1_Mothbot_yolo11m_4500_imgsz1600_b1_2024-01-18.pt.jpg,ORDER_Hemiptera,2025-01-27,02:34:06,,2025_01_27__02_34_06,MachineObservation,Cerro_Hoya_Expedition_Hoya_606m_grisMejua_2025-01-26_2025-01-26,Cerro_Hoya_Expedition_Hoya_606m_grisMejua_2025-01-26,grisMejua_2025_01_27__02_34_06_HDR0.jpg,grisMejua_2025_01_27__02_34_06_HDR0_1_Mothbot_yolo11m_4500_imgsz1600_b1_2024-01-18.pt.jpg
doi.org10.15468dl.6nxkw6.csv,Animalia,Arthropoda,Insecta,Lepidoptera,,,,,797,,Lepidoptera,Lepidoptera,Cerro_Hoya_Expedition_Hoya_606m_grisMejua_2025-01-26,grisMejua_2025_01_27__02_34_06_HDR0_2_Mothbot_yolo11m_4500_imgsz1600_b1_2024-01-18.pt.jpg,HS,Mothbot_yolo11m_4500_imgsz1600_b1_2024-01-18.pt,0.6616349220275879,,grisMejua,Cerro_Hoya_Expedition/Hoya_606m_grisMejua_2025-01-26/2025-01-26/patches/grisMejua_2025_01_27__02_34_06_HDR0_2_Mothbot_yolo11m_4500_imgsz1600_b1_2024-01-18.pt.jpg,ORDER_Lepidoptera,2025-01-27,02:34:06,,2025_01_27__02_34_06,MachineObservation,Cerro_Hoya_Expedition_Hoya_606m_grisMejua_2025-01-26_2025-01-26,Cerro_Hoya_Expedition_Hoya_606m_grisMejua_2025-01-26,grisMejua_2025_01_27__02_34_06_HDR0.jpg,grisMejua_2025_01_27__02_34_06_HDR0_2_Mothbot_yolo11m_4500_imgsz1600_b1_2024-01-18.pt.jpg
doi.org10.15468dl.6nxkw6.csv,Animalia,Arthropoda,Insecta,Hemiptera,,,,,809,,Hemiptera,Hemiptera,Cerro_Hoya_Expedition_Hoya_606m_grisMejua_2025-01-26,grisMejua_2025_01_27__02_34_06_HDR0_3_Mothbot_yolo11m_4500_imgsz1600_b1_2024-01-18.pt.jpg,HS,Mothbot_yolo11m_4500_imgsz1600_b1_2024-01-18.pt,0.6138885617256165,,grisMejua,Cerro_Hoya_Expedition/Hoya_606m_grisMejua_2025-01-26/2025-01-26/patches/grisMejua_2025_01_27__02_34_06_HDR0_3_Mothbot_yolo11m_4500_imgsz1600_b1_2024-01-18.pt.jpg,ORDER_Hemiptera,2025-01-27,02:34:06,,2025_01_27__02_34_06,MachineObservation,Cerro_Hoya_Expedition_Hoya_606m_grisMejua_2025-01-26_2025-01-26,Cerro_Hoya_Expedition_Hoya_606m_grisMejua_2025-01-26,grisMejua_2025_01_27__02_34_06_HDR0.jpg,grisMejua_2025_01_27__02_34_06_HDR0_3_Mothbot_yolo11m_4500_imgsz1600_b1_2024-01-18.pt.jpg
doi.org10.15468dl.6nxkw6.csv,Animalia,Arthropoda,Insecta,Hemiptera,,,,,809,,Hemiptera,Hemiptera,Cerro_Hoya_Expedition_Hoya_606m_grisMejua_2025-01-26,grisMejua_2025_01_27__02_34_06_HDR0_4_Mothbot_yolo11m_4500_imgsz1600_b1_2024-01-18.pt.jpg,HS,Mothbot_yolo11m_4500_imgsz1600_b1_2024-01-18.pt,0.595707893371582,,grisMejua,Cerro_Hoya_Expedition/Hoya_606m_grisMejua_2025-01-26/2025-01-26/patches/grisMejua_2025_01_27__02_34_06_HDR0_4_Mothbot_yolo11m_4500_imgsz1600_b1_2024-01-18.pt.jpg,ORDER_Hemiptera,2025-01-27,02:34:06,,2025_01_27__02_34_06,MachineObservation,Cerro_Hoya_Expedition_Hoya_606m_grisMejua_2025-01-26_2025-01-26,Cerro_Hoya_Expedition_Hoya_606m_grisMejua_2025-01-26,grisMejua_2025_01_27__02_34_06_HDR0.jpg,grisMejua_2025_01_27__02_34_06_HDR0_4_Mothbot_yolo11m_4500_imgsz1600_b1_2024-01-18.pt.jpg
doi.org10.15468dl.6nxkw6.csv,Animalia,Arthropoda,Insecta,Coleoptera,,,,,1470,,Coleoptera,Coleoptera,Cerro_Hoya_Expedition_Hoya_606m_grisMejua_2025-01-26,grisMejua_2025_01_27__02_34_06_HDR0_5_Mothbot_yolo11m_4500_imgsz1600_b1_2024-01-18.pt.jpg,HS,Mothbot_yolo11m_4500_imgsz1600_b1_2024-01-18.pt,0.5420136451721191,,grisMejua,Cerro_Hoya_Expedition/Hoya_606m_grisMejua_2025-01-26/2025-01-26/patches/grisMejua_2025_01_27__02_34_06_HDR0_5_Mothbot_yolo11m_4500_imgsz1600_b1_2024-01-18.pt.jpg,ORDER_Hemiptera,2025-01-27,02:34:06,,2025_01_27__02_34_06,MachineObservation,Cerro_Hoya_Expedition_Hoya_606m_grisMejua_2025-01-26_2025-01-26,Cerro_Hoya_Expedition_Hoya_606m_grisMejua_2025-01-26,grisMejua_2025_01_27__02_34_06_HDR0.jpg,grisMejua_2025_01_27__02_34_06_HDR0_5_Mothbot_yolo11m_4500_imgsz1600_b1_2024-01-18.pt.jpg
doi.org10.15468dl.6nxkw6.csv,Animalia,Arthropoda,Insecta,,,,,,216,,Insecta,Insecta,Cerro_Hoya_Expedition_Hoya_606m_grisMejua_2025-01-26,grisMejua_2025_01_27__02_34_06_HDR0_6_Mothbot_yolo11m_4500_imgsz1600_b1_2024-01-18.pt.jpg,HS,Mothbot_yolo11m_4500_imgsz1600_b1_2024-01-18.pt,0.41229233145713806,,grisMejua,Cerro_Hoya_Expedition/Hoya_606m_grisMejua_2025-01-26/2025-01-26/patches/grisMejua_2025_01_27__02_34_06_HDR0_6_Mothbot_yolo11m_4500_imgsz1600_b1_2024-01-18.pt.jpg,ORDER_Diptera,2025-01-27,02:34:06,,2025_01_27__02_34_06,MachineObservation,Cerro_Hoya_Expedition_Hoya_606m_grisMejua_2025-01-26_2025-01-26,Cerro_Hoya_Expedition_Hoya_606m_grisMejua_2025-01-26,grisMejua_2025_01_27__02_34_06_HDR0.jpg,grisMejua_2025_01_27__02_34_06_HDR0_6_Mothbot_yolo11m_4500_imgsz1600_b1_2024-01-18.pt.jpg
doi.org10.15468dl.6nxkw6.csv,Animalia,Arthropoda,Insecta,Lepidoptera,,,,,797,,Lepidoptera,Lepidoptera,Cerro_Hoya_Expedition_Hoya_606m_grisMejua_2025-01-26,grisMejua_2025_01_27__02_35_06_HDR0_0_Mothbot_yolo11m_4500_imgsz1600_b1_2024-01-18.pt.jpg,HS,Mothbot_yolo11m_4500_imgsz1600_b1_2024-01-18.pt,0.8374687433242798,,grisMejua,Cerro_Hoya_Expedition/Hoya_606m_grisMejua_2025-01-26/2025-01-26/patches/grisMejua_2025_01_27__02_35_06_HDR0_0_Mothbot_yolo11m_4500_imgsz1600_b1_2024-01-18.pt.jpg,ORDER_Lepidoptera,2025-01-27,02:35:06,,2025_01_27__02_35_06,MachineObservation,Cerro_Hoya_Expedition_Hoya_606m_grisMejua_2025-01-26_2025-01-26,Cerro_Hoya_Expedition_Hoya_606m_grisMejua_2025-01-26,grisMejua_2025_01_27__02_35_06_HDR0.jpg,grisMejua_2025_01_27__02_35_06_HDR0_0_Mothbot_yolo11m_4500_imgsz1600_b1_2024-01-18.pt.jpg
doi.org10.15468dl.6nxkw6.csv,Animalia,Arthropoda,Insecta,Hemiptera,,,,,809,,Hemiptera,Hemiptera,Cerro_Hoya_Expedition_Hoya_606m_grisMejua_2025-01-26,grisMejua_2025_01_27__02_35_06_HDR0_1_Mothbot_yolo11m_4500_imgsz1600_b1_2024-01-18.pt.jpg,HS,Mothbot_yolo11m_4500_imgsz1600_b1_2024-01-18.pt,0.674190104007721,,grisMejua,Cerro_Hoya_Expedition/Hoya_606m_grisMejua_2025-01-26/2025-01-26/patches/grisMejua_2025_01_27__02_35_06_HDR0_1_Mothbot_yolo11m_4500_imgsz1600_b1_2024-01-18.pt.jpg,ORDER_Hemiptera,2025-01-27,02:35:06,,2025_01_27__02_35_06,MachineObservation,Cerro_Hoya_Expedition_Hoya_606m_grisMejua_2025-01-26_2025-01-26,Cerro_Hoya_Expedition_Hoya_606m_grisMejua_2025-01-26,grisMejua_2025_01_27__02_35_06_HDR0.jpg,grisMejua_2025_01_27__02_35_06_HDR0_1_Mothbot_yolo11m_4500_imgsz1600_b1_2024-01-18.pt.jpg
doi.org10.15468dl.6nxkw6.csv,Animalia,Arthropoda,Insecta,Lepidoptera,,,,,797,,Lepidoptera,Lepidoptera,Cerro_Hoya_Expedition_Hoya_606m_grisMejua_2025-01-26,grisMejua_2025_01_27__02_35_06_HDR0_2_Mothbot_yolo11m_4500_imgsz1600_b1_2024-01-18.pt.jpg,HS,Mothbot_yolo11m_4500_imgsz1600_b1_2024-01-18.pt,0.6534526348114014,,grisMejua,Cerro_Hoya_Expedition/Hoya_606m_grisMejua_2025-01-26/2025-01-26/patches/grisMejua_2025_01_27__02_35_06_HDR0_2_Mothbot_yolo11m_4500_imgsz1600_b1_2024-01-18.pt.jpg,ORDER_Lepidoptera,2025-01-27,02:35:06,,2025_01_27__02_35_06,MachineObservation,Cerro_Hoya_Expedition_Hoya_606m_grisMejua_2025-01-26_2025-01-26,Cerro_Hoya_Expedition_Hoya_606m_grisMejua_2025-01-26,grisMejua_2025_01_27__02_35_06_HDR0.jpg,grisMejua_2025_01_27__02_35_06_HDR0_2_Mothbot_yolo11m_4500_imgsz1600_b1_2024-01-18.pt.jpg
doi.org10.15468dl.6nxkw6.csv,Animalia,Arthropoda,Insecta,Hemiptera,,,,,809,,Hemiptera,Hemiptera,Cerro_Hoya_Expedition_Hoya_606m_grisMejua_2025-01-26,grisMejua_2025_01_27__02_35_06_HDR0_3_Mothbot_yolo11m_4500_imgsz1600_b1_2024-01-18.pt.jpg,HS,Mothbot_yolo11m_4500_imgsz1600_b1_2024-01-18.pt,0.6430336236953735,,grisMejua,Cerro_Hoya_Expedition/Hoya_606m_grisMejua_2025-01-26/2025-01-26/patches/grisMejua_2025_01_27__02_35_06_HDR0_3_Mothbot_yolo11m_4500_imgsz1600_b1_2024-01-18.pt.jpg,ORDER_Orthoptera,2025-01-27,02:35:06,,2025_01_27__02_35_06,MachineObservation,Cerro_Hoya_Expedition_Hoya_606m_grisMejua_2025-01-26_2025-01-26,Cerro_Hoya_Expedition_Hoya_606m_grisMejua_2025-01-26,grisMejua_2025_01_27__02_35_06_HDR0.jpg,grisMejua_2025_01_27__02_35_06_HDR0_3_Mothbot_yolo11m_4500_imgsz1600_b1_2024-01-18.pt.jpg
doi.org10.15468dl.6nxkw6.csv,Animalia,Arthropoda,Insecta,Coleoptera,,,,,1470,,Coleoptera,Coleoptera,Cerro_Hoya_Expedition_Hoya_606m_grisMejua_2025-01-26,grisMejua_2025_01_27__02_35_06_HDR0_4_Mothbot_yolo11m_4500_imgsz1600_b1_2024-01-18.pt.jpg,HS,Mothbot_yolo11m_4500_imgsz1600_b1_2024-01-18.pt,0.460962176322937,,grisMejua,Cerro_Hoya_Expedition/Hoya_606m_grisMejua_2025-01-26/2025-01-26/patches/grisMejua_2025_01_27__02_35_06_HDR0_4_Mothbot_yolo11m_4500_imgsz1600_b1_2024-01-18.pt.jpg,ORDER_Hymenoptera,2025-01-27,02:35:06,,2025_01_27__02_35_06,MachineObservation,Cerro_Hoya_Expedition_Hoya_606m_grisMejua_2025-01-26_2025-01-26,Cerro_Hoya_Expedition_Hoya_606m_grisMejua_2025-01-26,grisMejua_2025_01_27__02_35_06_HDR0.jpg,grisMejua_2025_01_27__02_35_06_HDR0_4_Mothbot_yolo11m_4500_imgsz1600_b1_2024-01-18.pt.jpg
doi.org10.15468dl.6nxkw6.csv,Animalia,Arthropoda,Insecta,,,,,,216,,Insecta,Insecta,Cerro_Hoya_Expedition_Hoya_606m_grisMejua_2025-01-26,grisMejua_2025_01_27__02_35_06_HDR0_5_Mothbot_yolo11m_4500_imgsz1600_b1_2024-01-18.pt.jpg,HS,Mothbot_yolo11m_4500_imgsz1600_b1_2024-01-18.pt,0.26878535747528076,,grisMejua,Cerro_Hoya_Expedition/Hoya_606m_grisMejua_2025-01-26/2025-01-26/patches/grisMejua_2025_01_27__02_35_06_HDR0_5_Mothbot_yolo11m_4500_imgsz1600_b1_2024-01-18.pt.jpg,ORDER_Hymenoptera,2025-01-27,02:35:06,,2025_01_27__02_35_06,MachineObservation,Cerro_Hoya_Expedition_Hoya_606m_grisMejua_2025-01-26_2025-01-26,Cerro_Hoya_Expedition_Hoya_606m_grisMejua_2025-01-26,grisMejua_2025_01_27__02_35_06_HDR0.jpg,grisMejua_2025_01_27__02_35_06_HDR0_5_Mothbot_yolo11m_4500_imgsz1600_b1_2024-01-18.pt.jpg
doi.org10.15468dl.6nxkw6.csv,Animalia,Arthropoda,Insecta,Lepidoptera,,,,,797,,Lepidoptera,Lepidoptera,Cerro_Hoya_Expedition_Hoya_606m_grisMejua_2025-01-26,grisMejua_2025_01_27__02_36_22_HDR0_0_Mothbot_yolo11m_4500_imgsz1600_b1_2024-01-18.pt.jpg,HS,Mothbot_yolo11m_4500_imgsz1600_b1_2024-01-18.pt,0.8440433144569397,,grisMejua,Cerro_Hoya_Expedition/Hoya_606m_grisMejua_2025-01-26/2025-01-26/patches/grisMejua_2025_01_27__02_36_22_HDR0_0_Mothbot_yolo11m_4500_imgsz1600_b1_2024-01-18.pt.jpg,ORDER_Lepidoptera,2025-01-27,02:36:22,,2025_01_27__02_36_22,MachineObservation,Cerro_Hoya_Expedition_Hoya_606m_grisMejua_2025-01-26_2025-01-26,Cerro_Hoya_Expedition_Hoya_606m_grisMejua_2025-01-26,grisMejua_2025_01_27__02_36_22_HDR0.jpg,grisMejua_2025_01_27__02_36_22_HDR0_0_Mothbot_yolo11m_4500_imgsz1600_b1_2024-01-18.pt.jpg
doi.org10.15468dl.6nxkw6.csv,Animalia,Arthropoda,Insecta,Lepidoptera,,,,,797,,Lepidoptera,Lepidoptera,Cerro_Hoya_Expedition_Hoya_606m_grisMejua_2025-01-26,grisMejua_2025_01_27__02_36_22_HDR0_1_Mothbot_yolo11m_4500_imgsz1600_b1_2024-01-18.pt.jpg,HS,Mothbot_yolo11m_4500_imgsz1600_b1_2024-01-18.pt,0.7616145014762878,,grisMejua,Cerro_Hoya_Expedition/Hoya_606m_grisMejua_2025-01-26/2025-01-26/patches/grisMejua_2025_01_27__02_36_22_HDR0_1_Mothbot_yolo11m_4500_imgsz1600_b1_2024-01-18.pt.jpg,ORDER_Lepidoptera,2025-01-27,02:36:22,,2025_01_27__02_36_22,MachineObservation,Cerro_Hoya_Expedition_Hoya_606m_grisMejua_2025-01-26_2025-01-26,Cerro_Hoya_Expedition_Hoya_606m_grisMejua_2025-01-26,grisMejua_2025_01_27__02_36_22_HDR0.jpg,grisMejua_2025_01_27__02_36_22_HDR0_1_Mothbot_yolo11m_4500_imgsz1600_b1_2024-01-18.pt.jpg
doi.org10.15468dl.6nxkw6.csv,Animalia,Arthropoda,Insecta,Lepidoptera,,,,,797,,Lepidoptera,Lepidoptera,Cerro_Hoya_Expedition_Hoya_606m_grisMejua_2025-01-26,grisMejua_2025_01_27__02_36_22_HDR0_2_Mothbot_yolo11m_4500_imgsz1600_b1_2024-01-18.pt.jpg,HS,Mothbot_yolo11m_4500_imgsz1600_b1_2024-01-18.pt,0.6756450533866882,,grisMejua,Cerro_Hoya_Expedition/Hoya_606m_grisMejua_2025-01-26/2025-01-26/patches/grisMejua_2025_01_27__02_36_22_HDR0_2_Mothbot_yolo11m_4500_imgsz1600_b1_2024-01-18.pt.jpg,ORDER_Lepidoptera,2025-01-27,02:36:22,,2025_01_27__02_36_22,MachineObservation,Cerro_Hoya_Expedition_Hoya_606m_grisMejua_2025-01-26_2025-01-26,Cerro_Hoya_Expedition_Hoya_606m_grisMejua_2025-01-26,grisMejua_2025_01_27__02_36_22_HDR0.jpg,grisMejua_2025_01_27__02_36_22_HDR0_2_Mothbot_yolo11m_4500_imgsz1600_b1_2024-01-18.pt.jpg
doi.org10.15468dl.6nxkw6.csv,Animalia,Arthropoda,Insecta,Hemiptera,,,,,809,,Hemiptera,Hemiptera,Cerro_Hoya_Expedition_Hoya_606m_grisMejua_2025-01-26,grisMejua_2025_01_27__02_36_22_HDR0_3_Mothbot_yolo11m_4500_imgsz1600_b1_2024-01-18.pt.jpg,HS,Mothbot_yolo11m_4500_imgsz1600_b1_2024-01-18.pt,0.6571173667907715,,grisMejua,Cerro_Hoya_Expedition/Hoya_606m_grisMejua_2025-01-26/2025-01-26/patches/grisMejua_2025_01_27__02_36_22_HDR0_3_Mothbot_yolo11m_4500_imgsz1600_b1_2024-01-18.pt.jpg,ORDER_Psocodea,2025-01-27,02:36:22,,2025_01_27__02_36_22,MachineObservation,Cerro_Hoya_Expedition_Hoya_606m_grisMejua_2025-01-26_2025-01-26,Cerro_Hoya_Expedition_Hoya_606m_grisMejua_2025-01-26,grisMejua_2025_01_27__02_36_22_HDR0.jpg,grisMejua_2025_01_27__02_36_22_HDR0_3_Mothbot_yolo11m_4500_imgsz1600_b1_2024-01-18.pt.jpg
doi.org10.15468dl.6nxkw6.csv,Animalia,Arthropoda,Insecta,Hemiptera,,,,,809,,Hemiptera,Hemiptera,Cerro_Hoya_Expedition_Hoya_606m_grisMejua_2025-01-26,grisMejua_2025_01_27__02_36_22_HDR0_4_Mothbot_yolo11m_4500_imgsz1600_b1_2024-01-18.pt.jpg,HS,Mothbot_yolo11m_4500_imgsz1600_b1_2024-01-18.pt,0.5443486571311951,,grisMejua,Cerro_Hoya_Expedition/Hoya_606m_grisMejua_2025-01-26/2025-01-26/patches/grisMejua_2025_01_27__02_36_22_HDR0_4_Mothbot_yolo11m_4500_imgsz1600_b1_2024-01-18.pt.jpg,ORDER_Hemiptera,2025-01-27,02:36:22,,2025_01_27__02_36_22,MachineObservation,Cerro_Hoya_Expedition_Hoya_606m_grisMejua_2025-01-26_2025-01-26,Cerro_Hoya_Expedition_Hoya_606m_grisMejua_2025-01-26,grisMejua_2025_01_27__02_36_22_HDR0.jpg,grisMejua_2025_01_27__02_36_22_HDR0_4_Mothbot_yolo11m_4500_imgsz1600_b1_2024-01-18.pt.jpg
doi.org10.15468dl.6nxkw6.csv,Animalia,Arthropoda,Insecta,Lepidoptera,,,,,797,,Lepidoptera,Lepidoptera,Cerro_Hoya_Expedition_Hoya_606m_grisMejua_2025-01-26,grisMejua_2025_01_27__02_37_06_HDR0_0_Mothbot_yolo11m_4500_imgsz1600_b1_2024-01-18.pt.jpg,HS,Mothbot_yolo11m_4500_imgsz1600_b1_2024-01-18.pt,0.8379738330841064,,grisMejua,Cerro_Hoya_Expedition/Hoya_606m_grisMejua_2025-01-26/2025-01-26/patches/grisMejua_2025_01_27__02_37_06_HDR0_0_Mothbot_yolo11m_4500_imgsz1600_b1_2024-01-18.pt.jpg,ORDER_Lepidoptera,2025-01-27,02:37:06,,2025_01_27__02_37_06,MachineObservation,Cerro_Hoya_Expedition_Hoya_606m_grisMejua_2025-01-26_2025-01-26,Cerro_Hoya_Expedition_Hoya_606m_grisMejua_2025-01-26,grisMejua_2025_01_27__02_37_06_HDR0.jpg,grisMejua_2025_01_27__02_37_06_HDR0_0_Mothbot_yolo11m_4500_imgsz1600_b1_2024-01-18.pt.jpg
doi.org10.15468dl.6nxkw6.csv,Animalia,Arthropoda,Insecta,Lepidoptera,,,,,797,,Lepidoptera,Lepidoptera,Cerro_Hoya_Expedition_Hoya_606m_grisMejua_2025-01-26,grisMejua_2025_01_27__02_37_06_HDR0_1_Mothbot_yolo11m_4500_imgsz1600_b1_2024-01-18.pt.jpg,HS,Mothbot_yolo11m_4500_imgsz1600_b1_2024-01-18.pt,0.740362286567688,,grisMejua,Cerro_Hoya_Expedition/Hoya_606m_grisMejua_2025-01-26/2025-01-26/patches/grisMejua_2025_01_27__02_37_06_HDR0_1_Mothbot_yolo11m_4500_imgsz1600_b1_2024-01-18.pt.jpg,ORDER_Lepidoptera,2025-01-27,02:37:06,,2025_01_27__02_37_06,MachineObservation,Cerro_Hoya_Expedition_Hoya_606m_grisMejua_2025-01-26_2025-01-26,Cerro_Hoya_Expedition_Hoya_606m_grisMejua_2025-01-26,grisMejua_2025_01_27__02_37_06_HDR0.jpg,grisMejua_2025_01_27__02_37_06_HDR0_1_Mothbot_yolo11m_4500_imgsz1600_b1_2024-01-18.pt.jpg
doi.org10.15468dl.6nxkw6.csv,Animalia,Arthropoda,Insecta,Lepidoptera,,,,,797,,Lepidoptera,Lepidoptera,Cerro_Hoya_Expedition_Hoya_606m_grisMejua_2025-01-26,grisMejua_2025_01_27__02_37_06_HDR0_2_Mothbot_yolo11m_4500_imgsz1600_b1_2024-01-18.pt.jpg,HS,Mothbot_yolo11m_4500_imgsz1600_b1_2024-01-18.pt,0.6710048317909241,,grisMejua,Cerro_Hoya_Expedition/Hoya_606m_grisMejua_2025-01-26/2025-01-26/patches/grisMejua_2025_01_27__02_37_06_HDR0_2_Mothbot_yolo11m_4500_imgsz1600_b1_2024-01-18.pt.jpg,ORDER_Lepidoptera,2025-01-27,02:37:06,,2025_01_27__02_37_06,MachineObservation,Cerro_Hoya_Expedition_Hoya_606m_grisMejua_2025-01-26_2025-01-26,Cerro_Hoya_Expedition_Hoya_606m_grisMejua_2025-01-26,grisMejua_2025_01_27__02_37_06_HDR0.jpg,grisMejua_2025_01_27__02_37_06_HDR0_2_Mothbot_yolo11m_4500_imgsz1600_b1_2024-01-18.pt.jpg
doi.org10.15468dl.6nxkw6.csv,Animalia,Arthropoda,Insecta,Hemiptera,,,,,809,,Hemiptera,Hemiptera,Cerro_Hoya_Expedition_Hoya_606m_grisMejua_2025-01-26,grisMejua_2025_01_27__02_37_06_HDR0_3_Mothbot_yolo11m_4500_imgsz1600_b1_2024-01-18.pt.jpg,HS,Mothbot_yolo11m_4500_imgsz1600_b1_2024-01-18.pt,0.6544972062110901,,grisMejua,Cerro_Hoya_Expedition/Hoya_606m_grisMejua_2025-01-26/2025-01-26/patches/grisMejua_2025_01_27__02_37_06_HDR0_3_Mothbot_yolo11m_4500_imgsz1600_b1_2024-01-18.pt.jpg,ORDER_Psocodea,2025-01-27,02:37:06,,2025_01_27__02_37_06,MachineObservation,Cerro_Hoya_Expedition_Hoya_606m_grisMejua_2025-01-26_2025-01-26,Cerro_Hoya_Expedition_Hoya_606m_grisMejua_2025-01-26,grisMejua_2025_01_27__02_37_06_HDR0.jpg,grisMejua_2025_01_27__02_37_06_HDR0_3_Mothbot_yolo11m_4500_imgsz1600_b1_2024-01-18.pt.jpg
doi.org10.15468dl.6nxkw6.csv,Animalia,Arthropoda,Insecta,Coleoptera,,,,Coleoptera8,1470,,Coleoptera,Coleoptera8,Cerro_Hoya_Expedition_Hoya_606m_grisMejua_2025-01-26,grisMejua_2025_01_27__02_37_06_HDR0_4_Mothbot_yolo11m_4500_imgsz1600_b1_2024-01-18.pt.jpg,HS,Mothbot_yolo11m_4500_imgsz1600_b1_2024-01-18.pt,0.5543152093887329,,grisMejua,Cerro_Hoya_Expedition/Hoya_606m_grisMejua_2025-01-26/2025-01-26/patches/grisMejua_2025_01_27__02_37_06_HDR0_4_Mothbot_yolo11m_4500_imgsz1600_b1_2024-01-18.pt.jpg,ORDER_Hymenoptera,2025-01-27,02:37:06,,2025_01_27__02_37_06,MachineObservation,Cerro_Hoya_Expedition_Hoya_606m_grisMejua_2025-01-26_2025-01-26,Cerro_Hoya_Expedition_Hoya_606m_grisMejua_2025-01-26,grisMejua_2025_01_27__02_37_06_HDR0.jpg,grisMejua_2025_01_27__02_37_06_HDR0_4_Mothbot_yolo11m_4500_imgsz1600_b1_2024-01-18.pt.jpg
doi.org10.15468dl.6nxkw6.csv,Animalia,Arthropoda,Insecta,Hemiptera,,,,,809,,Hemiptera,Hemiptera,Cerro_Hoya_Expedition_Hoya_606m_grisMejua_2025-01-26,grisMejua_2025_01_27__02_37_06_HDR0_5_Mothbot_yolo11m_4500_imgsz1600_b1_2024-01-18.pt.jpg,HS,Mothbot_yolo11m_4500_imgsz1600_b1_2024-01-18.pt,0.5147085785865784,,grisMejua,Cerro_Hoya_Expedition/Hoya_606m_grisMejua_2025-01-26/2025-01-26/patches/grisMejua_2025_01_27__02_37_06_HDR0_5_Mothbot_yolo11m_4500_imgsz1600_b1_2024-01-18.pt.jpg,ORDER_Hemiptera,2025-01-27,02:37:06,,2025_01_27__02_37_06,MachineObservation,Cerro_Hoya_Expedition_Hoya_606m_grisMejua_2025-01-26_2025-01-26,Cerro_Hoya_Expedition_Hoya_606m_grisMejua_2025-01-26,grisMejua_2025_01_27__02_37_06_HDR0.jpg,grisMejua_2025_01_27__02_37_06_HDR0_5_Mothbot_yolo11m_4500_imgsz1600_b1_2024-01-18.pt.jpg
doi.org10.15468dl.6nxkw6.csv,Animalia,Arthropoda,Insecta,Lepidoptera,,,,,797,,Lepidoptera,Lepidoptera,Cerro_Hoya_Expedition_Hoya_606m_grisMejua_2025-01-26,grisMejua_2025_01_27__02_38_06_HDR0_0_Mothbot_yolo11m_4500_imgsz1600_b1_2024-01-18.pt.jpg,HS,Mothbot_yolo11m_4500_imgsz1600_b1_2024-01-18.pt,0.8405906558036804,,grisMejua,Cerro_Hoya_Expedition/Hoya_606m_grisMejua_2025-01-26/2025-01-26/patches/grisMejua_2025_01_27__02_38_06_HDR0_0_Mothbot_yolo11m_4500_imgsz1600_b1_2024-01-18.pt.jpg,ORDER_Lepidoptera,2025-01-27,02:38:06,,2025_01_27__02_38_06,MachineObservation,Cerro_Hoya_Expedition_Hoya_606m_grisMejua_2025-01-26_2025-01-26,Cerro_Hoya_Expedition_Hoya_606m_grisMejua_2025-01-26,grisMejua_2025_01_27__02_38_06_HDR0.jpg,grisMejua_2025_01_27__02_38_06_HDR0_0_Mothbot_yolo11m_4500_imgsz1600_b1_2024-01-18.pt.jpg
doi.org10.15468dl.6nxkw6.csv,Animalia,Arthropoda,Insecta,Lepidoptera,,,,,797,,Lepidoptera,Lepidoptera,Cerro_Hoya_Expedition_Hoya_606m_grisMejua_2025-01-26,grisMejua_2025_01_27__02_38_06_HDR0_1_Mothbot_yolo11m_4500_imgsz1600_b1_2024-01-18.pt.jpg,HS,Mothbot_yolo11m_4500_imgsz1600_b1_2024-01-18.pt,0.7382752895355225,,grisMejua,Cerro_Hoya_Expedition/Hoya_606m_grisMejua_2025-01-26/2025-01-26/patches/grisMejua_2025_01_27__02_38_06_HDR0_1_Mothbot_yolo11m_4500_imgsz1600_b1_2024-01-18.pt.jpg,ORDER_Lepidoptera,2025-01-27,02:38:06,,2025_01_27__02_38_06,MachineObservation,Cerro_Hoya_Expedition_Hoya_606m_grisMejua_2025-01-26_2025-01-26,Cerro_Hoya_Expedition_Hoya_606m_grisMejua_2025-01-26,grisMejua_2025_01_27__02_38_06_HDR0.jpg,grisMejua_2025_01_27__02_38_06_HDR0_1_Mothbot_yolo11m_4500_imgsz1600_b1_2024-01-18.pt.jpg
doi.org10.15468dl.6nxkw6.csv,Animalia,Arthropoda,Insecta,Lepidoptera,,,,,797,,Lepidoptera,Lepidoptera,Cerro_Hoya_Expedition_Hoya_606m_grisMejua_2025-01-26,grisMejua_2025_01_27__02_38_06_HDR0_2_Mothbot_yolo11m_4500_imgsz1600_b1_2024-01-18.pt.jpg,HS,Mothbot_yolo11m_4500_imgsz1600_b1_2024-01-18.pt,0.6690657138824463,,grisMejua,Cerro_Hoya_Expedition/Hoya_606m_grisMejua_2025-01-26/2025-01-26/patches/grisMejua_2025_01_27__02_38_06_HDR0_2_Mothbot_yolo11m_4500_imgsz1600_b1_2024-01-18.pt.jpg,ORDER_Lepidoptera,2025-01-27,02:38:06,,2025_01_27__02_38_06,MachineObservation,Cerro_Hoya_Expedition_Hoya_606m_grisMejua_2025-01-26_2025-01-26,Cerro_Hoya_Expedition_Hoya_606m_grisMejua_2025-01-26,grisMejua_2025_01_27__02_38_06_HDR0.jpg,grisMejua_2025_01_27__02_38_06_HDR0_2_Mothbot_yolo11m_4500_imgsz1600_b1_2024-01-18.pt.jpg
doi.org10.15468dl.6nxkw6.csv,Animalia,Arthropoda,Insecta,Coleoptera,,,,Coleoptera8,1470,,Coleoptera,Coleoptera8,Cerro_Hoya_Expedition_Hoya_606m_grisMejua_2025-01-26,grisMejua_2025_01_27__02_38_06_HDR0_3_Mothbot_yolo11m_4500_imgsz1600_b1_2024-01-18.pt.jpg,HS,Mothbot_yolo11m_4500_imgsz1600_b1_2024-01-18.pt,0.6079918742179871,,grisMejua,Cerro_Hoya_Expedition/Hoya_606m_grisMejua_2025-01-26/2025-01-26/patches/grisMejua_2025_01_27__02_38_06_HDR0_3_Mothbot_yolo11m_4500_imgsz1600_b1_2024-01-18.pt.jpg,ORDER_Hemiptera,2025-01-27,02:38:06,,2025_01_27__02_38_06,MachineObservation,Cerro_Hoya_Expedition_Hoya_606m_grisMejua_2025-01-26_2025-01-26,Cerro_Hoya_Expedition_Hoya_606m_grisMejua_2025-01-26,grisMejua_2025_01_27__02_38_06_HDR0.jpg,grisMejua_2025_01_27__02_38_06_HDR0_3_Mothbot_yolo11m_4500_imgsz1600_b1_2024-01-18.pt.jpg
doi.org10.15468dl.6nxkw6.csv,Animalia,Arthropoda,Insecta,Hemiptera,,,,,809,,Hemiptera,Hemiptera,Cerro_Hoya_Expedition_Hoya_606m_grisMejua_2025-01-26,grisMejua_2025_01_27__02_38_06_HDR0_4_Mothbot_yolo11m_4500_imgsz1600_b1_2024-01-18.pt.jpg,HS,Mothbot_yolo11m_4500_imgsz1600_b1_2024-01-18.pt,0.5871649384498596,,grisMejua,Cerro_Hoya_Expedition/Hoya_606m_grisMejua_2025-01-26/2025-01-26/patches/grisMejua_2025_01_27__02_38_06_HDR0_4_Mothbot_yolo11m_4500_imgsz1600_b1_2024-01-18.pt.jpg,ORDER_Orthoptera,2025-01-27,02:38:06,,2025_01_27__02_38_06,MachineObservation,Cerro_Hoya_Expedition_Hoya_606m_grisMejua_2025-01-26_2025-01-26,Cerro_Hoya_Expedition_Hoya_606m_grisMejua_2025-01-26,grisMejua_2025_01_27__02_38_06_HDR0.jpg,grisMejua_2025_01_27__02_38_06_HDR0_4_Mothbot_yolo11m_4500_imgsz1600_b1_2024-01-18.pt.jpg
doi.org10.15468dl.6nxkw6.csv,Animalia,Arthropoda,Insecta,Lepidoptera,,,,,797,,Lepidoptera,Lepidoptera,Cerro_Hoya_Expedition_Hoya_606m_grisMejua_2025-01-26,grisMejua_2025_01_27__02_39_05_HDR0_0_Mothbot_yolo11m_4500_imgsz1600_b1_2024-01-18.pt.jpg,HS,Mothbot_yolo11m_4500_imgsz1600_b1_2024-01-18.pt,0.8526428937911987,,grisMejua,Cerro_Hoya_Expedition/Hoya_606m_grisMejua_2025-01-26/2025-01-26/patches/grisMejua_2025_01_27__02_39_05_HDR0_0_Mothbot_yolo11m_4500_imgsz1600_b1_2024-01-18.pt.jpg,ORDER_Lepidoptera,2025-01-27,02:39:05,,2025_01_27__02_39_05,MachineObservation,Cerro_Hoya_Expedition_Hoya_606m_grisMejua_2025-01-26_2025-01-26,Cerro_Hoya_Expedition_Hoya_606m_grisMejua_2025-01-26,grisMejua_2025_01_27__02_39_05_HDR0.jpg,grisMejua_2025_01_27__02_39_05_HDR0_0_Mothbot_yolo11m_4500_imgsz1600_b1_2024-01-18.pt.jpg
doi.org10.15468dl.6nxkw6.csv,Animalia,Arthropoda,Insecta,Lepidoptera,,,,,797,,Lepidoptera,Lepidoptera,Cerro_Hoya_Expedition_Hoya_606m_grisMejua_2025-01-26,grisMejua_2025_01_27__02_39_05_HDR0_1_Mothbot_yolo11m_4500_imgsz1600_b1_2024-01-18.pt.jpg,HS,Mothbot_yolo11m_4500_imgsz1600_b1_2024-01-18.pt,0.744909405708313,,grisMejua,Cerro_Hoya_Expedition/Hoya_606m_grisMejua_2025-01-26/2025-01-26/patches/grisMejua_2025_01_27__02_39_05_HDR0_1_Mothbot_yolo11m_4500_imgsz1600_b1_2024-01-18.pt.jpg,ORDER_Lepidoptera,2025-01-27,02:39:05,,2025_01_27__02_39_05,MachineObservation,Cerro_Hoya_Expedition_Hoya_606m_grisMejua_2025-01-26_2025-01-26,Cerro_Hoya_Expedition_Hoya_606m_grisMejua_2025-01-26,grisMejua_2025_01_27__02_39_05_HDR0.jpg,grisMejua_2025_01_27__02_39_05_HDR0_1_Mothbot_yolo11m_4500_imgsz1600_b1_2024-01-18.pt.jpg
doi.org10.15468dl.6nxkw6.csv,Animalia,Arthropoda,Insecta,Lepidoptera,,,,,797,,Lepidoptera,Lepidoptera,Cerro_Hoya_Expedition_Hoya_606m_grisMejua_2025-01-26,grisMejua_2025_01_27__02_39_05_HDR0_2_Mothbot_yolo11m_4500_imgsz1600_b1_2024-01-18.pt.jpg,HS,Mothbot_yolo11m_4500_imgsz1600_b1_2024-01-18.pt,0.6632974743843079,,grisMejua,Cerro_Hoya_Expedition/Hoya_606m_grisMejua_2025-01-26/2025-01-26/patches/grisMejua_2025_01_27__02_39_05_HDR0_2_Mothbot_yolo11m_4500_imgsz1600_b1_2024-01-18.pt.jpg,ORDER_Lepidoptera,2025-01-27,02:39:05,,2025_01_27__02_39_05,MachineObservation,Cerro_Hoya_Expedition_Hoya_606m_grisMejua_2025-01-26_2025-01-26,Cerro_Hoya_Expedition_Hoya_606m_grisMejua_2025-01-26,grisMejua_2025_01_27__02_39_05_HDR0.jpg,grisMejua_2025_01_27__02_39_05_HDR0_2_Mothbot_yolo11m_4500_imgsz1600_b1_2024-01-18.pt.jpg
doi.org10.15468dl.6nxkw6.csv,Animalia,Arthropoda,Insecta,Coleoptera,,,,Coleoptera8,1470,,Coleoptera,Coleoptera8,Cerro_Hoya_Expedition_Hoya_606m_grisMejua_2025-01-26,grisMejua_2025_01_27__02_39_05_HDR0_3_Mothbot_yolo11m_4500_imgsz1600_b1_2024-01-18.pt.jpg,HS,Mothbot_yolo11m_4500_imgsz1600_b1_2024-01-18.pt,0.5950158834457397,,grisMejua,Cerro_Hoya_Expedition/Hoya_606m_grisMejua_2025-01-26/2025-01-26/patches/grisMejua_2025_01_27__02_39_05_HDR0_3_Mothbot_yolo11m_4500_imgsz1600_b1_2024-01-18.pt.jpg,ORDER_Coleoptera,2025-01-27,02:39:05,,2025_01_27__02_39_05,MachineObservation,Cerro_Hoya_Expedition_Hoya_606m_grisMejua_2025-01-26_2025-01-26,Cerro_Hoya_Expedition_Hoya_606m_grisMejua_2025-01-26,grisMejua_2025_01_27__02_39_05_HDR0.jpg,grisMejua_2025_01_27__02_39_05_HDR0_3_Mothbot_yolo11m_4500_imgsz1600_b1_2024-01-18.pt.jpg
doi.org10.15468dl.6nxkw6.csv,Animalia,Arthropoda,Insecta,Hemiptera,,,,,809,,Hemiptera,Hemiptera,Cerro_Hoya_Expedition_Hoya_606m_grisMejua_2025-01-26,grisMejua_2025_01_27__02_39_05_HDR0_4_Mothbot_yolo11m_4500_imgsz1600_b1_2024-01-18.pt.jpg,HS,Mothbot_yolo11m_4500_imgsz1600_b1_2024-01-18.pt,0.5336401462554932,,grisMejua,Cerro_Hoya_Expedition/Hoya_606m_grisMejua_2025-01-26/2025-01-26/patches/grisMejua_2025_01_27__02_39_05_HDR0_4_Mothbot_yolo11m_4500_imgsz1600_b1_2024-01-18.pt.jpg,ORDER_Orthoptera,2025-01-27,02:39:05,,2025_01_27__02_39_05,MachineObservation,Cerro_Hoya_Expedition_Hoya_606m_grisMejua_2025-01-26_2025-01-26,Cerro_Hoya_Expedition_Hoya_606m_grisMejua_2025-01-26,grisMejua_2025_01_27__02_39_05_HDR0.jpg,grisMejua_2025_01_27__02_39_05_HDR0_4_Mothbot_yolo11m_4500_imgsz1600_b1_2024-01-18.pt.jpg
doi.org10.15468dl.6nxkw6.csv,Animalia,Arthropoda,Insecta,Lepidoptera,,,,,797,,Lepidoptera,Lepidoptera,Cerro_Hoya_Expedition_Hoya_606m_grisMejua_2025-01-26,grisMejua_2025_01_27__02_40_06_HDR0_0_Mothbot_yolo11m_4500_imgsz1600_b1_2024-01-18.pt.jpg,HS,Mothbot_yolo11m_4500_imgsz1600_b1_2024-01-18.pt,0.8553000688552856,,grisMejua,Cerro_Hoya_Expedition/Hoya_606m_grisMejua_2025-01-26/2025-01-26/patches/grisMejua_2025_01_27__02_40_06_HDR0_0_Mothbot_yolo11m_4500_imgsz1600_b1_2024-01-18.pt.jpg,ORDER_Lepidoptera,2025-01-27,02:40:06,,2025_01_27__02_40_06,MachineObservation,Cerro_Hoya_Expedition_Hoya_606m_grisMejua_2025-01-26_2025-01-26,Cerro_Hoya_Expedition_Hoya_606m_grisMejua_2025-01-26,grisMejua_2025_01_27__02_40_06_HDR0.jpg,grisMejua_2025_01_27__02_40_06_HDR0_0_Mothbot_yolo11m_4500_imgsz1600_b1_2024-01-18.pt.jpg
doi.org10.15468dl.6nxkw6.csv,Animalia,Arthropoda,Insecta,Lepidoptera,,,,,797,,Lepidoptera,Lepidoptera,Cerro_Hoya_Expedition_Hoya_606m_grisMejua_2025-01-26,grisMejua_2025_01_27__02_40_06_HDR0_1_Mothbot_yolo11m_4500_imgsz1600_b1_2024-01-18.pt.jpg,HS,Mothbot_yolo11m_4500_imgsz1600_b1_2024-01-18.pt,0.745643675327301,,grisMejua,Cerro_Hoya_Expedition/Hoya_606m_grisMejua_2025-01-26/2025-01-26/patches/grisMejua_2025_01_27__02_40_06_HDR0_1_Mothbot_yolo11m_4500_imgsz1600_b1_2024-01-18.pt.jpg,ORDER_Lepidoptera,2025-01-27,02:40:06,,2025_01_27__02_40_06,MachineObservation,Cerro_Hoya_Expedition_Hoya_606m_grisMejua_2025-01-26_2025-01-26,Cerro_Hoya_Expedition_Hoya_606m_grisMejua_2025-01-26,grisMejua_2025_01_27__02_40_06_HDR0.jpg,grisMejua_2025_01_27__02_40_06_HDR0_1_Mothbot_yolo11m_4500_imgsz1600_b1_2024-01-18.pt.jpg
doi.org10.15468dl.6nxkw6.csv,Animalia,Arthropoda,Insecta,Lepidoptera,,,,,797,,Lepidoptera,Lepidoptera,Cerro_Hoya_Expedition_Hoya_606m_grisMejua_2025-01-26,grisMejua_2025_01_27__02_40_06_HDR0_2_Mothbot_yolo11m_4500_imgsz1600_b1_2024-01-18.pt.jpg,HS,Mothbot_yolo11m_4500_imgsz1600_b1_2024-01-18.pt,0.647255539894104,,grisMejua,Cerro_Hoya_Expedition/Hoya_606m_grisMejua_2025-01-26/2025-01-26/patches/grisMejua_2025_01_27__02_40_06_HDR0_2_Mothbot_yolo11m_4500_imgsz1600_b1_2024-01-18.pt.jpg,ORDER_Lepidoptera,2025-01-27,02:40:06,,2025_01_27__02_40_06,MachineObservation,Cerro_Hoya_Expedition_Hoya_606m_grisMejua_2025-01-26_2025-01-26,Cerro_Hoya_Expedition_Hoya_606m_grisMejua_2025-01-26,grisMejua_2025_01_27__02_40_06_HDR0.jpg,grisMejua_2025_01_27__02_40_06_HDR0_2_Mothbot_yolo11m_4500_imgsz1600_b1_2024-01-18.pt.jpg
doi.org10.15468dl.6nxkw6.csv,Animalia,Arthropoda,Insecta,Hemiptera,,,,,809,,Hemiptera,Hemiptera,Cerro_Hoya_Expedition_Hoya_606m_grisMejua_2025-01-26,grisMejua_2025_01_27__02_40_06_HDR0_3_Mothbot_yolo11m_4500_imgsz1600_b1_2024-01-18.pt.jpg,HS,Mothbot_yolo11m_4500_imgsz1600_b1_2024-01-18.pt,0.5226572155952454,,grisMejua,Cerro_Hoya_Expedition/Hoya_606m_grisMejua_2025-01-26/2025-01-26/patches/grisMejua_2025_01_27__02_40_06_HDR0_3_Mothbot_yolo11m_4500_imgsz1600_b1_2024-01-18.pt.jpg,ORDER_Orthoptera,2025-01-27,02:40:06,,2025_01_27__02_40_06,MachineObservation,Cerro_Hoya_Expedition_Hoya_606m_grisMejua_2025-01-26_2025-01-26,Cerro_Hoya_Expedition_Hoya_606m_grisMejua_2025-01-26,grisMejua_2025_01_27__02_40_06_HDR0.jpg,grisMejua_2025_01_27__02_40_06_HDR0_3_Mothbot_yolo11m_4500_imgsz1600_b1_2024-01-18.pt.jpg
doi.org10.15468dl.6nxkw6.csv,Animalia,Arthropoda,Insecta,Coleoptera,,,,Coleoptera8,1470,,Coleoptera,Coleoptera8,Cerro_Hoya_Expedition_Hoya_606m_grisMejua_2025-01-26,grisMejua_2025_01_27__02_40_06_HDR0_4_Mothbot_yolo11m_4500_imgsz1600_b1_2024-01-18.pt.jpg,HS,Mothbot_yolo11m_4500_imgsz1600_b1_2024-01-18.pt,0.2979097068309784,,grisMejua,Cerro_Hoya_Expedition/Hoya_606m_grisMejua_2025-01-26/2025-01-26/patches/grisMejua_2025_01_27__02_40_06_HDR0_4_Mothbot_yolo11m_4500_imgsz1600_b1_2024-01-18.pt.jpg,ORDER_Coleoptera,2025-01-27,02:40:06,,2025_01_27__02_40_06,MachineObservation,Cerro_Hoya_Expedition_Hoya_606m_grisMejua_2025-01-26_2025-01-26,Cerro_Hoya_Expedition_Hoya_606m_grisMejua_2025-01-26,grisMejua_2025_01_27__02_40_06_HDR0.jpg,grisMejua_2025_01_27__02_40_06_HDR0_4_Mothbot_yolo11m_4500_imgsz1600_b1_2024-01-18.pt.jpg
doi.org10.15468dl.6nxkw6.csv,Animalia,Arthropoda,Insecta,Diptera,,,,,811,,Diptera,Diptera,Cerro_Hoya_Expedition_Hoya_606m_grisMejua_2025-01-26,grisMejua_2025_01_27__02_40_06_HDR0_5_Mothbot_yolo11m_4500_imgsz1600_b1_2024-01-18.pt.jpg,HS,Mothbot_yolo11m_4500_imgsz1600_b1_2024-01-18.pt,0.29357394576072693,,grisMejua,Cerro_Hoya_Expedition/Hoya_606m_grisMejua_2025-01-26/2025-01-26/patches/grisMejua_2025_01_27__02_40_06_HDR0_5_Mothbot_yolo11m_4500_imgsz1600_b1_2024-01-18.pt.jpg,ORDER_Hemiptera,2025-01-27,02:40:06,,2025_01_27__02_40_06,MachineObservation,Cerro_Hoya_Expedition_Hoya_606m_grisMejua_2025-01-26_2025-01-26,Cerro_Hoya_Expedition_Hoya_606m_grisMejua_2025-01-26,grisMejua_2025_01_27__02_40_06_HDR0.jpg,grisMejua_2025_01_27__02_40_06_HDR0_5_Mothbot_yolo11m_4500_imgsz1600_b1_2024-01-18.pt.jpg
doi.org10.15468dl.6nxkw6.csv,Animalia,Arthropoda,Insecta,Lepidoptera,,,,,797,,Lepidoptera,Lepidoptera,Cerro_Hoya_Expedition_Hoya_606m_grisMejua_2025-01-26,grisMejua_2025_01_27__02_41_06_HDR0_0_Mothbot_yolo11m_4500_imgsz1600_b1_2024-01-18.pt.jpg,HS,Mothbot_yolo11m_4500_imgsz1600_b1_2024-01-18.pt,0.8566174507141113,,grisMejua,Cerro_Hoya_Expedition/Hoya_606m_grisMejua_2025-01-26/2025-01-26/patches/grisMejua_2025_01_27__02_41_06_HDR0_0_Mothbot_yolo11m_4500_imgsz1600_b1_2024-01-18.pt.jpg,ORDER_Lepidoptera,2025-01-27,02:41:06,,2025_01_27__02_41_06,MachineObservation,Cerro_Hoya_Expedition_Hoya_606m_grisMejua_2025-01-26_2025-01-26,Cerro_Hoya_Expedition_Hoya_606m_grisMejua_2025-01-26,grisMejua_2025_01_27__02_41_06_HDR0.jpg,grisMejua_2025_01_27__02_41_06_HDR0_0_Mothbot_yolo11m_4500_imgsz1600_b1_2024-01-18.pt.jpg
doi.org10.15468dl.6nxkw6.csv,Animalia,Arthropoda,Insecta,Lepidoptera,,,,,797,,Lepidoptera,Lepidoptera,Cerro_Hoya_Expedition_Hoya_606m_grisMejua_2025-01-26,grisMejua_2025_01_27__02_41_06_HDR0_1_Mothbot_yolo11m_4500_imgsz1600_b1_2024-01-18.pt.jpg,HS,Mothbot_yolo11m_4500_imgsz1600_b1_2024-01-18.pt,0.7695441246032715,,grisMejua,Cerro_Hoya_Expedition/Hoya_606m_grisMejua_2025-01-26/2025-01-26/patches/grisMejua_2025_01_27__02_41_06_HDR0_1_Mothbot_yolo11m_4500_imgsz1600_b1_2024-01-18.pt.jpg,ORDER_Lepidoptera,2025-01-27,02:41:06,,2025_01_27__02_41_06,MachineObservation,Cerro_Hoya_Expedition_Hoya_606m_grisMejua_2025-01-26_2025-01-26,Cerro_Hoya_Expedition_Hoya_606m_grisMejua_2025-01-26,grisMejua_2025_01_27__02_41_06_HDR0.jpg,grisMejua_2025_01_27__02_41_06_HDR0_1_Mothbot_yolo11m_4500_imgsz1600_b1_2024-01-18.pt.jpg
doi.org10.15468dl.6nxkw6.csv,Animalia,Arthropoda,Insecta,Lepidoptera,,,,,797,,Lepidoptera,Lepidoptera,Cerro_Hoya_Expedition_Hoya_606m_grisMejua_2025-01-26,grisMejua_2025_01_27__02_41_06_HDR0_2_Mothbot_yolo11m_4500_imgsz1600_b1_2024-01-18.pt.jpg,HS,Mothbot_yolo11m_4500_imgsz1600_b1_2024-01-18.pt,0.7515439987182617,,grisMejua,Cerro_Hoya_Expedition/Hoya_606m_grisMejua_2025-01-26/2025-01-26/patches/grisMejua_2025_01_27__02_41_06_HDR0_2_Mothbot_yolo11m_4500_imgsz1600_b1_2024-01-18.pt.jpg,ORDER_Lepidoptera,2025-01-27,02:41:06,,2025_01_27__02_41_06,MachineObservation,Cerro_Hoya_Expedition_Hoya_606m_grisMejua_2025-01-26_2025-01-26,Cerro_Hoya_Expedition_Hoya_606m_grisMejua_2025-01-26,grisMejua_2025_01_27__02_41_06_HDR0.jpg,grisMejua_2025_01_27__02_41_06_HDR0_2_Mothbot_yolo11m_4500_imgsz1600_b1_2024-01-18.pt.jpg
doi.org10.15468dl.6nxkw6.csv,Animalia,Arthropoda,Insecta,Coleoptera,Scarabaeidae,Cyclocephala,lunulata,,4994907,,lunulata,Cyclocephala lunulata,Cerro_Hoya_Expedition_Hoya_606m_grisMejua_2025-01-26,grisMejua_2025_01_27__02_41_06_HDR0_3_Mothbot_yolo11m_4500_imgsz1600_b1_2024-01-18.pt.jpg,HS,Mothbot_yolo11m_4500_imgsz1600_b1_2024-01-18.pt,0.731488823890686,,grisMejua,Cerro_Hoya_Expedition/Hoya_606m_grisMejua_2025-01-26/2025-01-26/patches/grisMejua_2025_01_27__02_41_06_HDR0_3_Mothbot_yolo11m_4500_imgsz1600_b1_2024-01-18.pt.jpg,ORDER_Coleoptera,2025-01-27,02:41:06,,2025_01_27__02_41_06,MachineObservation,Cerro_Hoya_Expedition_Hoya_606m_grisMejua_2025-01-26_2025-01-26,Cerro_Hoya_Expedition_Hoya_606m_grisMejua_2025-01-26,grisMejua_2025_01_27__02_41_06_HDR0.jpg,grisMejua_2025_01_27__02_41_06_HDR0_3_Mothbot_yolo11m_4500_imgsz1600_b1_2024-01-18.pt.jpg
doi.org10.15468dl.6nxkw6.csv,Animalia,Arthropoda,Insecta,Hemiptera,,,,,809,,Hemiptera,Hemiptera,Cerro_Hoya_Expedition_Hoya_606m_grisMejua_2025-01-26,grisMejua_2025_01_27__02_41_06_HDR0_4_Mothbot_yolo11m_4500_imgsz1600_b1_2024-01-18.pt.jpg,HS,Mothbot_yolo11m_4500_imgsz1600_b1_2024-01-18.pt,0.7195611000061035,,grisMejua,Cerro_Hoya_Expedition/Hoya_606m_grisMejua_2025-01-26/2025-01-26/patches/grisMejua_2025_01_27__02_41_06_HDR0_4_Mothbot_yolo11m_4500_imgsz1600_b1_2024-01-18.pt.jpg,ORDER_Orthoptera,2025-01-27,02:41:06,,2025_01_27__02_41_06,MachineObservation,Cerro_Hoya_Expedition_Hoya_606m_grisMejua_2025-01-26_2025-01-26,Cerro_Hoya_Expedition_Hoya_606m_grisMejua_2025-01-26,grisMejua_2025_01_27__02_41_06_HDR0.jpg,grisMejua_2025_01_27__02_41_06_HDR0_4_Mothbot_yolo11m_4500_imgsz1600_b1_2024-01-18.pt.jpg
doi.org10.15468dl.6nxkw6.csv,Animalia,Arthropoda,Insecta,Lepidoptera,,,,,797,,Lepidoptera,Lepidoptera,Cerro_Hoya_Expedition_Hoya_606m_grisMejua_2025-01-26,grisMejua_2025_01_27__02_41_06_HDR0_5_Mothbot_yolo11m_4500_imgsz1600_b1_2024-01-18.pt.jpg,HS,Mothbot_yolo11m_4500_imgsz1600_b1_2024-01-18.pt,0.6030853390693665,,grisMejua,Cerro_Hoya_Expedition/Hoya_606m_grisMejua_2025-01-26/2025-01-26/patches/grisMejua_2025_01_27__02_41_06_HDR0_5_Mothbot_yolo11m_4500_imgsz1600_b1_2024-01-18.pt.jpg,ORDER_Lepidoptera,2025-01-27,02:41:06,,2025_01_27__02_41_06,MachineObservation,Cerro_Hoya_Expedition_Hoya_606m_grisMejua_2025-01-26_2025-01-26,Cerro_Hoya_Expedition_Hoya_606m_grisMejua_2025-01-26,grisMejua_2025_01_27__02_41_06_HDR0.jpg,grisMejua_2025_01_27__02_41_06_HDR0_5_Mothbot_yolo11m_4500_imgsz1600_b1_2024-01-18.pt.jpg
doi.org10.15468dl.6nxkw6.csv,Animalia,Arthropoda,Insecta,Lepidoptera,,,,,797,,Lepidoptera,Lepidoptera,Cerro_Hoya_Expedition_Hoya_606m_grisMejua_2025-01-26,grisMejua_2025_01_27__02_41_06_HDR0_6_Mothbot_yolo11m_4500_imgsz1600_b1_2024-01-18.pt.jpg,HS,Mothbot_yolo11m_4500_imgsz1600_b1_2024-01-18.pt,0.5288026332855225,,grisMejua,Cerro_Hoya_Expedition/Hoya_606m_grisMejua_2025-01-26/2025-01-26/patches/grisMejua_2025_01_27__02_41_06_HDR0_6_Mothbot_yolo11m_4500_imgsz1600_b1_2024-01-18.pt.jpg,ORDER_Lepidoptera,2025-01-27,02:41:06,,2025_01_27__02_41_06,MachineObservation,Cerro_Hoya_Expedition_Hoya_606m_grisMejua_2025-01-26_2025-01-26,Cerro_Hoya_Expedition_Hoya_606m_grisMejua_2025-01-26,grisMejua_2025_01_27__02_41_06_HDR0.jpg,grisMejua_2025_01_27__02_41_06_HDR0_6_Mothbot_yolo11m_4500_imgsz1600_b1_2024-01-18.pt.jpg
doi.org10.15468dl.6nxkw6.csv,Animalia,Arthropoda,Insecta,,,,,,216,,Insecta,Insecta,Cerro_Hoya_Expedition_Hoya_606m_grisMejua_2025-01-26,grisMejua_2025_01_27__02_41_06_HDR0_7_Mothbot_yolo11m_4500_imgsz1600_b1_2024-01-18.pt.jpg,HS,Mothbot_yolo11m_4500_imgsz1600_b1_2024-01-18.pt,0.4280323386192322,,grisMejua,Cerro_Hoya_Expedition/Hoya_606m_grisMejua_2025-01-26/2025-01-26/patches/grisMejua_2025_01_27__02_41_06_HDR0_7_Mothbot_yolo11m_4500_imgsz1600_b1_2024-01-18.pt.jpg,ORDER_Diptera,2025-01-27,02:41:06,,2025_01_27__02_41_06,MachineObservation,Cerro_Hoya_Expedition_Hoya_606m_grisMejua_2025-01-26_2025-01-26,Cerro_Hoya_Expedition_Hoya_606m_grisMejua_2025-01-26,grisMejua_2025_01_27__02_41_06_HDR0.jpg,grisMejua_2025_01_27__02_41_06_HDR0_7_Mothbot_yolo11m_4500_imgsz1600_b1_2024-01-18.pt.jpg
doi.org10.15468dl.6nxkw6.csv,Animalia,Arthropoda,Insecta,Coleoptera,,,,Coleoptera8,1470,,Coleoptera,Coleoptera8,Cerro_Hoya_Expedition_Hoya_606m_grisMejua_2025-01-26,grisMejua_2025_01_27__02_41_06_HDR0_8_Mothbot_yolo11m_4500_imgsz1600_b1_2024-01-18.pt.jpg,HS,Mothbot_yolo11m_4500_imgsz1600_b1_2024-01-18.pt,0.36989903450012207,,grisMejua,Cerro_Hoya_Expedition/Hoya_606m_grisMejua_2025-01-26/2025-01-26/patches/grisMejua_2025_01_27__02_41_06_HDR0_8_Mothbot_yolo11m_4500_imgsz1600_b1_2024-01-18.pt.jpg,ORDER_Coleoptera,2025-01-27,02:41:06,,2025_01_27__02_41_06,MachineObservation,Cerro_Hoya_Expedition_Hoya_606m_grisMejua_2025-01-26_2025-01-26,Cerro_Hoya_Expedition_Hoya_606m_grisMejua_2025-01-26,grisMejua_2025_01_27__02_41_06_HDR0.jpg,grisMejua_2025_01_27__02_41_06_HDR0_8_Mothbot_yolo11m_4500_imgsz1600_b1_2024-01-18.pt.jpg
doi.org10.15468dl.6nxkw6.csv,Animalia,Arthropoda,Insecta,,,,,,216,,Insecta,Insecta,Cerro_Hoya_Expedition_Hoya_606m_grisMejua_2025-01-26,grisMejua_2025_01_27__02_41_06_HDR0_9_Mothbot_yolo11m_4500_imgsz1600_b1_2024-01-18.pt.jpg,HS,Mothbot_yolo11m_4500_imgsz1600_b1_2024-01-18.pt,0.31910377740859985,,grisMejua,Cerro_Hoya_Expedition/Hoya_606m_grisMejua_2025-01-26/2025-01-26/patches/grisMejua_2025_01_27__02_41_06_HDR0_9_Mothbot_yolo11m_4500_imgsz1600_b1_2024-01-18.pt.jpg,ORDER_Lepidoptera,2025-01-27,02:41:06,,2025_01_27__02_41_06,MachineObservation,Cerro_Hoya_Expedition_Hoya_606m_grisMejua_2025-01-26_2025-01-26,Cerro_Hoya_Expedition_Hoya_606m_grisMejua_2025-01-26,grisMejua_2025_01_27__02_41_06_HDR0.jpg,grisMejua_2025_01_27__02_41_06_HDR0_9_Mothbot_yolo11m_4500_imgsz1600_b1_2024-01-18.pt.jpg
doi.org10.15468dl.6nxkw6.csv,Animalia,Arthropoda,Insecta,Lepidoptera,,,,,797,,Lepidoptera,Lepidoptera,Cerro_Hoya_Expedition_Hoya_606m_grisMejua_2025-01-26,grisMejua_2025_01_27__02_41_06_HDR0_10_Mothbot_yolo11m_4500_imgsz1600_b1_2024-01-18.pt.jpg,HS,Mothbot_yolo11m_4500_imgsz1600_b1_2024-01-18.pt,0.29545676708221436,,grisMejua,Cerro_Hoya_Expedition/Hoya_606m_grisMejua_2025-01-26/2025-01-26/patches/grisMejua_2025_01_27__02_41_06_HDR0_10_Mothbot_yolo11m_4500_imgsz1600_b1_2024-01-18.pt.jpg,ORDER_Lepidoptera,2025-01-27,02:41:06,,2025_01_27__02_41_06,MachineObservation,Cerro_Hoya_Expedition_Hoya_606m_grisMejua_2025-01-26_2025-01-26,Cerro_Hoya_Expedition_Hoya_606m_grisMejua_2025-01-26,grisMejua_2025_01_27__02_41_06_HDR0.jpg,grisMejua_2025_01_27__02_41_06_HDR0_10_Mothbot_yolo11m_4500_imgsz1600_b1_2024-01-18.pt.jpg
doi.org10.15468dl.6nxkw6.csv,Animalia,Arthropoda,Insecta,Coleoptera,Scarabaeidae,Cyclocephala,lunulata,,4994907,,lunulata,Cyclocephala lunulata,Cerro_Hoya_Expedition_Hoya_606m_grisMejua_2025-01-26,grisMejua_2025_01_27__02_42_06_HDR0_0_Mothbot_yolo11m_4500_imgsz1600_b1_2024-01-18.pt.jpg,HS,Mothbot_yolo11m_4500_imgsz1600_b1_2024-01-18.pt,0.8646363019943237,,grisMejua,Cerro_Hoya_Expedition/Hoya_606m_grisMejua_2025-01-26/2025-01-26/patches/grisMejua_2025_01_27__02_42_06_HDR0_0_Mothbot_yolo11m_4500_imgsz1600_b1_2024-01-18.pt.jpg,ORDER_Coleoptera,2025-01-27,02:42:06,,2025_01_27__02_42_06,MachineObservation,Cerro_Hoya_Expedition_Hoya_606m_grisMejua_2025-01-26_2025-01-26,Cerro_Hoya_Expedition_Hoya_606m_grisMejua_2025-01-26,grisMejua_2025_01_27__02_42_06_HDR0.jpg,grisMejua_2025_01_27__02_42_06_HDR0_0_Mothbot_yolo11m_4500_imgsz1600_b1_2024-01-18.pt.jpg
doi.org10.15468dl.6nxkw6.csv,Animalia,Arthropoda,Insecta,Lepidoptera,,,,,797,,Lepidoptera,Lepidoptera,Cerro_Hoya_Expedition_Hoya_606m_grisMejua_2025-01-26,grisMejua_2025_01_27__02_42_06_HDR0_1_Mothbot_yolo11m_4500_imgsz1600_b1_2024-01-18.pt.jpg,HS,Mothbot_yolo11m_4500_imgsz1600_b1_2024-01-18.pt,0.8494285345077515,,grisMejua,Cerro_Hoya_Expedition/Hoya_606m_grisMejua_2025-01-26/2025-01-26/patches/grisMejua_2025_01_27__02_42_06_HDR0_1_Mothbot_yolo11m_4500_imgsz1600_b1_2024-01-18.pt.jpg,ORDER_Lepidoptera,2025-01-27,02:42:06,,2025_01_27__02_42_06,MachineObservation,Cerro_Hoya_Expedition_Hoya_606m_grisMejua_2025-01-26_2025-01-26,Cerro_Hoya_Expedition_Hoya_606m_grisMejua_2025-01-26,grisMejua_2025_01_27__02_42_06_HDR0.jpg,grisMejua_2025_01_27__02_42_06_HDR0_1_Mothbot_yolo11m_4500_imgsz1600_b1_2024-01-18.pt.jpg
doi.org10.15468dl.6nxkw6.csv,Animalia,Arthropoda,Insecta,Lepidoptera,,,,,797,,Lepidoptera,Lepidoptera,Cerro_Hoya_Expedition_Hoya_606m_grisMejua_2025-01-26,grisMejua_2025_01_27__02_42_06_HDR0_2_Mothbot_yolo11m_4500_imgsz1600_b1_2024-01-18.pt.jpg,HS,Mothbot_yolo11m_4500_imgsz1600_b1_2024-01-18.pt,0.7463536858558655,,grisMejua,Cerro_Hoya_Expedition/Hoya_606m_grisMejua_2025-01-26/2025-01-26/patches/grisMejua_2025_01_27__02_42_06_HDR0_2_Mothbot_yolo11m_4500_imgsz1600_b1_2024-01-18.pt.jpg,ORDER_Lepidoptera,2025-01-27,02:42:06,,2025_01_27__02_42_06,MachineObservation,Cerro_Hoya_Expedition_Hoya_606m_grisMejua_2025-01-26_2025-01-26,Cerro_Hoya_Expedition_Hoya_606m_grisMejua_2025-01-26,grisMejua_2025_01_27__02_42_06_HDR0.jpg,grisMejua_2025_01_27__02_42_06_HDR0_2_Mothbot_yolo11m_4500_imgsz1600_b1_2024-01-18.pt.jpg
doi.org10.15468dl.6nxkw6.csv,Animalia,Arthropoda,Insecta,Lepidoptera,,,,,797,,Lepidoptera,Lepidoptera,Cerro_Hoya_Expedition_Hoya_606m_grisMejua_2025-01-26,grisMejua_2025_01_27__02_42_06_HDR0_3_Mothbot_yolo11m_4500_imgsz1600_b1_2024-01-18.pt.jpg,HS,Mothbot_yolo11m_4500_imgsz1600_b1_2024-01-18.pt,0.6173014640808105,,grisMejua,Cerro_Hoya_Expedition/Hoya_606m_grisMejua_2025-01-26/2025-01-26/patches/grisMejua_2025_01_27__02_42_06_HDR0_3_Mothbot_yolo11m_4500_imgsz1600_b1_2024-01-18.pt.jpg,ORDER_Lepidoptera,2025-01-27,02:42:06,,2025_01_27__02_42_06,MachineObservation,Cerro_Hoya_Expedition_Hoya_606m_grisMejua_2025-01-26_2025-01-26,Cerro_Hoya_Expedition_Hoya_606m_grisMejua_2025-01-26,grisMejua_2025_01_27__02_42_06_HDR0.jpg,grisMejua_2025_01_27__02_42_06_HDR0_3_Mothbot_yolo11m_4500_imgsz1600_b1_2024-01-18.pt.jpg
doi.org10.15468dl.6nxkw6.csv,Animalia,Arthropoda,Insecta,Lepidoptera,,,,,797,,Lepidoptera,Lepidoptera,Cerro_Hoya_Expedition_Hoya_606m_grisMejua_2025-01-26,grisMejua_2025_01_27__02_42_06_HDR0_4_Mothbot_yolo11m_4500_imgsz1600_b1_2024-01-18.pt.jpg,HS,Mothbot_yolo11m_4500_imgsz1600_b1_2024-01-18.pt,0.531170666217804,,grisMejua,Cerro_Hoya_Expedition/Hoya_606m_grisMejua_2025-01-26/2025-01-26/patches/grisMejua_2025_01_27__02_42_06_HDR0_4_Mothbot_yolo11m_4500_imgsz1600_b1_2024-01-18.pt.jpg,ORDER_Lepidoptera,2025-01-27,02:42:06,,2025_01_27__02_42_06,MachineObservation,Cerro_Hoya_Expedition_Hoya_606m_grisMejua_2025-01-26_2025-01-26,Cerro_Hoya_Expedition_Hoya_606m_grisMejua_2025-01-26,grisMejua_2025_01_27__02_42_06_HDR0.jpg,grisMejua_2025_01_27__02_42_06_HDR0_4_Mothbot_yolo11m_4500_imgsz1600_b1_2024-01-18.pt.jpg
doi.org10.15468dl.6nxkw6.csv,Animalia,Arthropoda,Insecta,Hemiptera,,,,,809,,Hemiptera,Hemiptera,Cerro_Hoya_Expedition_Hoya_606m_grisMejua_2025-01-26,grisMejua_2025_01_27__02_42_06_HDR0_5_Mothbot_yolo11m_4500_imgsz1600_b1_2024-01-18.pt.jpg,HS,Mothbot_yolo11m_4500_imgsz1600_b1_2024-01-18.pt,0.41032007336616516,,grisMejua,Cerro_Hoya_Expedition/Hoya_606m_grisMejua_2025-01-26/2025-01-26/patches/grisMejua_2025_01_27__02_42_06_HDR0_5_Mothbot_yolo11m_4500_imgsz1600_b1_2024-01-18.pt.jpg,ORDER_Hemiptera,2025-01-27,02:42:06,,2025_01_27__02_42_06,MachineObservation,Cerro_Hoya_Expedition_Hoya_606m_grisMejua_2025-01-26_2025-01-26,Cerro_Hoya_Expedition_Hoya_606m_grisMejua_2025-01-26,grisMejua_2025_01_27__02_42_06_HDR0.jpg,grisMejua_2025_01_27__02_42_06_HDR0_5_Mothbot_yolo11m_4500_imgsz1600_b1_2024-01-18.pt.jpg
doi.org10.15468dl.6nxkw6.csv,Animalia,Arthropoda,Insecta,Coleoptera,,,,Coleoptera8,1470,,Coleoptera,Coleoptera8,Cerro_Hoya_Expedition_Hoya_606m_grisMejua_2025-01-26,grisMejua_2025_01_27__02_42_06_HDR0_6_Mothbot_yolo11m_4500_imgsz1600_b1_2024-01-18.pt.jpg,HS,Mothbot_yolo11m_4500_imgsz1600_b1_2024-01-18.pt,0.36074453592300415,,grisMejua,Cerro_Hoya_Expedition/Hoya_606m_grisMejua_2025-01-26/2025-01-26/patches/grisMejua_2025_01_27__02_42_06_HDR0_6_Mothbot_yolo11m_4500_imgsz1600_b1_2024-01-18.pt.jpg,ORDER_Coleoptera,2025-01-27,02:42:06,,2025_01_27__02_42_06,MachineObservation,Cerro_Hoya_Expedition_Hoya_606m_grisMejua_2025-01-26_2025-01-26,Cerro_Hoya_Expedition_Hoya_606m_grisMejua_2025-01-26,grisMejua_2025_01_27__02_42_06_HDR0.jpg,grisMejua_2025_01_27__02_42_06_HDR0_6_Mothbot_yolo11m_4500_imgsz1600_b1_2024-01-18.pt.jpg
doi.org10.15468dl.6nxkw6.csv,Animalia,Arthropoda,Insecta,Coleoptera,Chrysomelidae,,,Alticini8,7780,,Chrysomelidae,Alticini8,Cerro_Hoya_Expedition_Hoya_606m_grisMejua_2025-01-26,grisMejua_2025_01_27__02_42_06_HDR0_7_Mothbot_yolo11m_4500_imgsz1600_b1_2024-01-18.pt.jpg,HS,Mothbot_yolo11m_4500_imgsz1600_b1_2024-01-18.pt,0.3077792525291443,,grisMejua,Cerro_Hoya_Expedition/Hoya_606m_grisMejua_2025-01-26/2025-01-26/patches/grisMejua_2025_01_27__02_42_06_HDR0_7_Mothbot_yolo11m_4500_imgsz1600_b1_2024-01-18.pt.jpg,ORDER_Coleoptera,2025-01-27,02:42:06,,2025_01_27__02_42_06,MachineObservation,Cerro_Hoya_Expedition_Hoya_606m_grisMejua_2025-01-26_2025-01-26,Cerro_Hoya_Expedition_Hoya_606m_grisMejua_2025-01-26,grisMejua_2025_01_27__02_42_06_HDR0.jpg,grisMejua_2025_01_27__02_42_06_HDR0_7_Mothbot_yolo11m_4500_imgsz1600_b1_2024-01-18.pt.jpg
doi.org10.15468dl.6nxkw6.csv,Animalia,Arthropoda,Insecta,Lepidoptera,,,,,797,,Lepidoptera,Lepidoptera,Cerro_Hoya_Expedition_Hoya_606m_grisMejua_2025-01-26,grisMejua_2025_01_27__02_42_06_HDR0_8_Mothbot_yolo11m_4500_imgsz1600_b1_2024-01-18.pt.jpg,HS,Mothbot_yolo11m_4500_imgsz1600_b1_2024-01-18.pt,0.2687005400657654,,grisMejua,Cerro_Hoya_Expedition/Hoya_606m_grisMejua_2025-01-26/2025-01-26/patches/grisMejua_2025_01_27__02_42_06_HDR0_8_Mothbot_yolo11m_4500_imgsz1600_b1_2024-01-18.pt.jpg,ORDER_Lepidoptera,2025-01-27,02:42:06,,2025_01_27__02_42_06,MachineObservation,Cerro_Hoya_Expedition_Hoya_606m_grisMejua_2025-01-26_2025-01-26,Cerro_Hoya_Expedition_Hoya_606m_grisMejua_2025-01-26,grisMejua_2025_01_27__02_42_06_HDR0.jpg,grisMejua_2025_01_27__02_42_06_HDR0_8_Mothbot_yolo11m_4500_imgsz1600_b1_2024-01-18.pt.jpg
doi.org10.15468dl.6nxkw6.csv,Animalia,Arthropoda,Insecta,Lepidoptera,,,,,797,,Lepidoptera,Lepidoptera,Cerro_Hoya_Expedition_Hoya_606m_grisMejua_2025-01-26,grisMejua_2025_01_27__02_43_22_HDR0_0_Mothbot_yolo11m_4500_imgsz1600_b1_2024-01-18.pt.jpg,HS,Mothbot_yolo11m_4500_imgsz1600_b1_2024-01-18.pt,0.8513890504837036,,grisMejua,Cerro_Hoya_Expedition/Hoya_606m_grisMejua_2025-01-26/2025-01-26/patches/grisMejua_2025_01_27__02_43_22_HDR0_0_Mothbot_yolo11m_4500_imgsz1600_b1_2024-01-18.pt.jpg,ORDER_Lepidoptera,2025-01-27,02:43:22,,2025_01_27__02_43_22,MachineObservation,Cerro_Hoya_Expedition_Hoya_606m_grisMejua_2025-01-26_2025-01-26,Cerro_Hoya_Expedition_Hoya_606m_grisMejua_2025-01-26,grisMejua_2025_01_27__02_43_22_HDR0.jpg,grisMejua_2025_01_27__02_43_22_HDR0_0_Mothbot_yolo11m_4500_imgsz1600_b1_2024-01-18.pt.jpg
doi.org10.15468dl.6nxkw6.csv,Animalia,Arthropoda,Insecta,Coleoptera,Scarabaeidae,Cyclocephala,lunulata,,4994907,,lunulata,Cyclocephala lunulata,Cerro_Hoya_Expedition_Hoya_606m_grisMejua_2025-01-26,grisMejua_2025_01_27__02_43_22_HDR0_1_Mothbot_yolo11m_4500_imgsz1600_b1_2024-01-18.pt.jpg,HS,Mothbot_yolo11m_4500_imgsz1600_b1_2024-01-18.pt,0.8358039259910583,,grisMejua,Cerro_Hoya_Expedition/Hoya_606m_grisMejua_2025-01-26/2025-01-26/patches/grisMejua_2025_01_27__02_43_22_HDR0_1_Mothbot_yolo11m_4500_imgsz1600_b1_2024-01-18.pt.jpg,ORDER_Coleoptera,2025-01-27,02:43:22,,2025_01_27__02_43_22,MachineObservation,Cerro_Hoya_Expedition_Hoya_606m_grisMejua_2025-01-26_2025-01-26,Cerro_Hoya_Expedition_Hoya_606m_grisMejua_2025-01-26,grisMejua_2025_01_27__02_43_22_HDR0.jpg,grisMejua_2025_01_27__02_43_22_HDR0_1_Mothbot_yolo11m_4500_imgsz1600_b1_2024-01-18.pt.jpg
doi.org10.15468dl.6nxkw6.csv,Animalia,Arthropoda,Insecta,Lepidoptera,,,,,797,,Lepidoptera,Lepidoptera,Cerro_Hoya_Expedition_Hoya_606m_grisMejua_2025-01-26,grisMejua_2025_01_27__02_43_22_HDR0_2_Mothbot_yolo11m_4500_imgsz1600_b1_2024-01-18.pt.jpg,HS,Mothbot_yolo11m_4500_imgsz1600_b1_2024-01-18.pt,0.8015715479850769,,grisMejua,Cerro_Hoya_Expedition/Hoya_606m_grisMejua_2025-01-26/2025-01-26/patches/grisMejua_2025_01_27__02_43_22_HDR0_2_Mothbot_yolo11m_4500_imgsz1600_b1_2024-01-18.pt.jpg,ORDER_Lepidoptera,2025-01-27,02:43:22,,2025_01_27__02_43_22,MachineObservation,Cerro_Hoya_Expedition_Hoya_606m_grisMejua_2025-01-26_2025-01-26,Cerro_Hoya_Expedition_Hoya_606m_grisMejua_2025-01-26,grisMejua_2025_01_27__02_43_22_HDR0.jpg,grisMejua_2025_01_27__02_43_22_HDR0_2_Mothbot_yolo11m_4500_imgsz1600_b1_2024-01-18.pt.jpg
doi.org10.15468dl.6nxkw6.csv,Animalia,Arthropoda,Insecta,Lepidoptera,,,,,797,,Lepidoptera,Lepidoptera,Cerro_Hoya_Expedition_Hoya_606m_grisMejua_2025-01-26,grisMejua_2025_01_27__02_43_22_HDR0_3_Mothbot_yolo11m_4500_imgsz1600_b1_2024-01-18.pt.jpg,HS,Mothbot_yolo11m_4500_imgsz1600_b1_2024-01-18.pt,0.7928499579429626,,grisMejua,Cerro_Hoya_Expedition/Hoya_606m_grisMejua_2025-01-26/2025-01-26/patches/grisMejua_2025_01_27__02_43_22_HDR0_3_Mothbot_yolo11m_4500_imgsz1600_b1_2024-01-18.pt.jpg,ORDER_Lepidoptera,2025-01-27,02:43:22,,2025_01_27__02_43_22,MachineObservation,Cerro_Hoya_Expedition_Hoya_606m_grisMejua_2025-01-26_2025-01-26,Cerro_Hoya_Expedition_Hoya_606m_grisMejua_2025-01-26,grisMejua_2025_01_27__02_43_22_HDR0.jpg,grisMejua_2025_01_27__02_43_22_HDR0_3_Mothbot_yolo11m_4500_imgsz1600_b1_2024-01-18.pt.jpg
doi.org10.15468dl.6nxkw6.csv,Animalia,Arthropoda,Insecta,Lepidoptera,,,,,797,,Lepidoptera,Lepidoptera,Cerro_Hoya_Expedition_Hoya_606m_grisMejua_2025-01-26,grisMejua_2025_01_27__02_43_22_HDR0_4_Mothbot_yolo11m_4500_imgsz1600_b1_2024-01-18.pt.jpg,HS,Mothbot_yolo11m_4500_imgsz1600_b1_2024-01-18.pt,0.7714762091636658,,grisMejua,Cerro_Hoya_Expedition/Hoya_606m_grisMejua_2025-01-26/2025-01-26/patches/grisMejua_2025_01_27__02_43_22_HDR0_4_Mothbot_yolo11m_4500_imgsz1600_b1_2024-01-18.pt.jpg,ORDER_Lepidoptera,2025-01-27,02:43:22,,2025_01_27__02_43_22,MachineObservation,Cerro_Hoya_Expedition_Hoya_606m_grisMejua_2025-01-26_2025-01-26,Cerro_Hoya_Expedition_Hoya_606m_grisMejua_2025-01-26,grisMejua_2025_01_27__02_43_22_HDR0.jpg,grisMejua_2025_01_27__02_43_22_HDR0_4_Mothbot_yolo11m_4500_imgsz1600_b1_2024-01-18.pt.jpg
doi.org10.15468dl.6nxkw6.csv,Animalia,Arthropoda,Insecta,Hymenoptera,,,,,1457,,Hymenoptera,Hymenoptera,Cerro_Hoya_Expedition_Hoya_606m_grisMejua_2025-01-26,grisMejua_2025_01_27__02_43_22_HDR0_5_Mothbot_yolo11m_4500_imgsz1600_b1_2024-01-18.pt.jpg,HS,Mothbot_yolo11m_4500_imgsz1600_b1_2024-01-18.pt,0.7030330300331116,,grisMejua,Cerro_Hoya_Expedition/Hoya_606m_grisMejua_2025-01-26/2025-01-26/patches/grisMejua_2025_01_27__02_43_22_HDR0_5_Mothbot_yolo11m_4500_imgsz1600_b1_2024-01-18.pt.jpg,ORDER_Hymenoptera,2025-01-27,02:43:22,,2025_01_27__02_43_22,MachineObservation,Cerro_Hoya_Expedition_Hoya_606m_grisMejua_2025-01-26_2025-01-26,Cerro_Hoya_Expedition_Hoya_606m_grisMejua_2025-01-26,grisMejua_2025_01_27__02_43_22_HDR0.jpg,grisMejua_2025_01_27__02_43_22_HDR0_5_Mothbot_yolo11m_4500_imgsz1600_b1_2024-01-18.pt.jpg
doi.org10.15468dl.6nxkw6.csv,Animalia,Arthropoda,Insecta,Lepidoptera,,,,,797,,Lepidoptera,Lepidoptera,Cerro_Hoya_Expedition_Hoya_606m_grisMejua_2025-01-26,grisMejua_2025_01_27__02_43_22_HDR0_6_Mothbot_yolo11m_4500_imgsz1600_b1_2024-01-18.pt.jpg,HS,Mothbot_yolo11m_4500_imgsz1600_b1_2024-01-18.pt,0.5238893032073975,,grisMejua,Cerro_Hoya_Expedition/Hoya_606m_grisMejua_2025-01-26/2025-01-26/patches/grisMejua_2025_01_27__02_43_22_HDR0_6_Mothbot_yolo11m_4500_imgsz1600_b1_2024-01-18.pt.jpg,ORDER_Lepidoptera,2025-01-27,02:43:22,,2025_01_27__02_43_22,MachineObservation,Cerro_Hoya_Expedition_Hoya_606m_grisMejua_2025-01-26_2025-01-26,Cerro_Hoya_Expedition_Hoya_606m_grisMejua_2025-01-26,grisMejua_2025_01_27__02_43_22_HDR0.jpg,grisMejua_2025_01_27__02_43_22_HDR0_6_Mothbot_yolo11m_4500_imgsz1600_b1_2024-01-18.pt.jpg
doi.org10.15468dl.6nxkw6.csv,Animalia,Arthropoda,Insecta,Coleoptera,,,,Coleoptera8,1470,,Coleoptera,Coleoptera8,Cerro_Hoya_Expedition_Hoya_606m_grisMejua_2025-01-26,grisMejua_2025_01_27__02_43_22_HDR0_7_Mothbot_yolo11m_4500_imgsz1600_b1_2024-01-18.pt.jpg,HS,Mothbot_yolo11m_4500_imgsz1600_b1_2024-01-18.pt,0.47561579942703247,,grisMejua,Cerro_Hoya_Expedition/Hoya_606m_grisMejua_2025-01-26/2025-01-26/patches/grisMejua_2025_01_27__02_43_22_HDR0_7_Mothbot_yolo11m_4500_imgsz1600_b1_2024-01-18.pt.jpg,ORDER_Hemiptera,2025-01-27,02:43:22,,2025_01_27__02_43_22,MachineObservation,Cerro_Hoya_Expedition_Hoya_606m_grisMejua_2025-01-26_2025-01-26,Cerro_Hoya_Expedition_Hoya_606m_grisMejua_2025-01-26,grisMejua_2025_01_27__02_43_22_HDR0.jpg,grisMejua_2025_01_27__02_43_22_HDR0_7_Mothbot_yolo11m_4500_imgsz1600_b1_2024-01-18.pt.jpg
doi.org10.15468dl.6nxkw6.csv,Animalia,Arthropoda,Insecta,Lepidoptera,,,,,797,,Lepidoptera,Lepidoptera,Cerro_Hoya_Expedition_Hoya_606m_grisMejua_2025-01-26,grisMejua_2025_01_27__02_44_06_HDR0_0_Mothbot_yolo11m_4500_imgsz1600_b1_2024-01-18.pt.jpg,HS,Mothbot_yolo11m_4500_imgsz1600_b1_2024-01-18.pt,0.8476108312606812,,grisMejua,Cerro_Hoya_Expedition/Hoya_606m_grisMejua_2025-01-26/2025-01-26/patches/grisMejua_2025_01_27__02_44_06_HDR0_0_Mothbot_yolo11m_4500_imgsz1600_b1_2024-01-18.pt.jpg,ORDER_Lepidoptera,2025-01-27,02:44:06,,2025_01_27__02_44_06,MachineObservation,Cerro_Hoya_Expedition_Hoya_606m_grisMejua_2025-01-26_2025-01-26,Cerro_Hoya_Expedition_Hoya_606m_grisMejua_2025-01-26,grisMejua_2025_01_27__02_44_06_HDR0.jpg,grisMejua_2025_01_27__02_44_06_HDR0_0_Mothbot_yolo11m_4500_imgsz1600_b1_2024-01-18.pt.jpg
doi.org10.15468dl.6nxkw6.csv,Animalia,Arthropoda,Insecta,Coleoptera,Scarabaeidae,Cyclocephala,lunulata,,4994907,,lunulata,Cyclocephala lunulata,Cerro_Hoya_Expedition_Hoya_606m_grisMejua_2025-01-26,grisMejua_2025_01_27__02_44_06_HDR0_1_Mothbot_yolo11m_4500_imgsz1600_b1_2024-01-18.pt.jpg,HS,Mothbot_yolo11m_4500_imgsz1600_b1_2024-01-18.pt,0.7916650772094727,,grisMejua,Cerro_Hoya_Expedition/Hoya_606m_grisMejua_2025-01-26/2025-01-26/patches/grisMejua_2025_01_27__02_44_06_HDR0_1_Mothbot_yolo11m_4500_imgsz1600_b1_2024-01-18.pt.jpg,ORDER_Coleoptera,2025-01-27,02:44:06,,2025_01_27__02_44_06,MachineObservation,Cerro_Hoya_Expedition_Hoya_606m_grisMejua_2025-01-26_2025-01-26,Cerro_Hoya_Expedition_Hoya_606m_grisMejua_2025-01-26,grisMejua_2025_01_27__02_44_06_HDR0.jpg,grisMejua_2025_01_27__02_44_06_HDR0_1_Mothbot_yolo11m_4500_imgsz1600_b1_2024-01-18.pt.jpg
doi.org10.15468dl.6nxkw6.csv,Animalia,Arthropoda,Insecta,Lepidoptera,,,,,797,,Lepidoptera,Lepidoptera,Cerro_Hoya_Expedition_Hoya_606m_grisMejua_2025-01-26,grisMejua_2025_01_27__02_44_06_HDR0_2_Mothbot_yolo11m_4500_imgsz1600_b1_2024-01-18.pt.jpg,HS,Mothbot_yolo11m_4500_imgsz1600_b1_2024-01-18.pt,0.737038254737854,,grisMejua,Cerro_Hoya_Expedition/Hoya_606m_grisMejua_2025-01-26/2025-01-26/patches/grisMejua_2025_01_27__02_44_06_HDR0_2_Mothbot_yolo11m_4500_imgsz1600_b1_2024-01-18.pt.jpg,ORDER_Lepidoptera,2025-01-27,02:44:06,,2025_01_27__02_44_06,MachineObservation,Cerro_Hoya_Expedition_Hoya_606m_grisMejua_2025-01-26_2025-01-26,Cerro_Hoya_Expedition_Hoya_606m_grisMejua_2025-01-26,grisMejua_2025_01_27__02_44_06_HDR0.jpg,grisMejua_2025_01_27__02_44_06_HDR0_2_Mothbot_yolo11m_4500_imgsz1600_b1_2024-01-18.pt.jpg
doi.org10.15468dl.6nxkw6.csv,Animalia,Arthropoda,Insecta,Hymenoptera,,,,,1457,,Hymenoptera,Hymenoptera,Cerro_Hoya_Expedition_Hoya_606m_grisMejua_2025-01-26,grisMejua_2025_01_27__02_44_06_HDR0_3_Mothbot_yolo11m_4500_imgsz1600_b1_2024-01-18.pt.jpg,HS,Mothbot_yolo11m_4500_imgsz1600_b1_2024-01-18.pt,0.7300970554351807,,grisMejua,Cerro_Hoya_Expedition/Hoya_606m_grisMejua_2025-01-26/2025-01-26/patches/grisMejua_2025_01_27__02_44_06_HDR0_3_Mothbot_yolo11m_4500_imgsz1600_b1_2024-01-18.pt.jpg,ORDER_Diptera,2025-01-27,02:44:06,,2025_01_27__02_44_06,MachineObservation,Cerro_Hoya_Expedition_Hoya_606m_grisMejua_2025-01-26_2025-01-26,Cerro_Hoya_Expedition_Hoya_606m_grisMejua_2025-01-26,grisMejua_2025_01_27__02_44_06_HDR0.jpg,grisMejua_2025_01_27__02_44_06_HDR0_3_Mothbot_yolo11m_4500_imgsz1600_b1_2024-01-18.pt.jpg
doi.org10.15468dl.6nxkw6.csv,Animalia,Arthropoda,Insecta,Diptera,,,,,811,,Diptera,Diptera,Cerro_Hoya_Expedition_Hoya_606m_grisMejua_2025-01-26,grisMejua_2025_01_27__02_44_06_HDR0_4_Mothbot_yolo11m_4500_imgsz1600_b1_2024-01-18.pt.jpg,HS,Mothbot_yolo11m_4500_imgsz1600_b1_2024-01-18.pt,0.7245582342147827,,grisMejua,Cerro_Hoya_Expedition/Hoya_606m_grisMejua_2025-01-26/2025-01-26/patches/grisMejua_2025_01_27__02_44_06_HDR0_4_Mothbot_yolo11m_4500_imgsz1600_b1_2024-01-18.pt.jpg,ORDER_Diptera,2025-01-27,02:44:06,,2025_01_27__02_44_06,MachineObservation,Cerro_Hoya_Expedition_Hoya_606m_grisMejua_2025-01-26_2025-01-26,Cerro_Hoya_Expedition_Hoya_606m_grisMejua_2025-01-26,grisMejua_2025_01_27__02_44_06_HDR0.jpg,grisMejua_2025_01_27__02_44_06_HDR0_4_Mothbot_yolo11m_4500_imgsz1600_b1_2024-01-18.pt.jpg
doi.org10.15468dl.6nxkw6.csv,Animalia,Arthropoda,Insecta,Lepidoptera,,,,,797,,Lepidoptera,Lepidoptera,Cerro_Hoya_Expedition_Hoya_606m_grisMejua_2025-01-26,grisMejua_2025_01_27__02_44_06_HDR0_5_Mothbot_yolo11m_4500_imgsz1600_b1_2024-01-18.pt.jpg,HS,Mothbot_yolo11m_4500_imgsz1600_b1_2024-01-18.pt,0.6142428517341614,,grisMejua,Cerro_Hoya_Expedition/Hoya_606m_grisMejua_2025-01-26/2025-01-26/patches/grisMejua_2025_01_27__02_44_06_HDR0_5_Mothbot_yolo11m_4500_imgsz1600_b1_2024-01-18.pt.jpg,ORDER_Lepidoptera,2025-01-27,02:44:06,,2025_01_27__02_44_06,MachineObservation,Cerro_Hoya_Expedition_Hoya_606m_grisMejua_2025-01-26_2025-01-26,Cerro_Hoya_Expedition_Hoya_606m_grisMejua_2025-01-26,grisMejua_2025_01_27__02_44_06_HDR0.jpg,grisMejua_2025_01_27__02_44_06_HDR0_5_Mothbot_yolo11m_4500_imgsz1600_b1_2024-01-18.pt.jpg
doi.org10.15468dl.6nxkw6.csv,Animalia,Arthropoda,Insecta,Coleoptera,,,,Coleoptera8,1470,,Coleoptera,Coleoptera8,Cerro_Hoya_Expedition_Hoya_606m_grisMejua_2025-01-26,grisMejua_2025_01_27__02_44_06_HDR0_6_Mothbot_yolo11m_4500_imgsz1600_b1_2024-01-18.pt.jpg,HS,Mothbot_yolo11m_4500_imgsz1600_b1_2024-01-18.pt,0.5005255937576294,,grisMejua,Cerro_Hoya_Expedition/Hoya_606m_grisMejua_2025-01-26/2025-01-26/patches/grisMejua_2025_01_27__02_44_06_HDR0_6_Mothbot_yolo11m_4500_imgsz1600_b1_2024-01-18.pt.jpg,ORDER_Coleoptera,2025-01-27,02:44:06,,2025_01_27__02_44_06,MachineObservation,Cerro_Hoya_Expedition_Hoya_606m_grisMejua_2025-01-26_2025-01-26,Cerro_Hoya_Expedition_Hoya_606m_grisMejua_2025-01-26,grisMejua_2025_01_27__02_44_06_HDR0.jpg,grisMejua_2025_01_27__02_44_06_HDR0_6_Mothbot_yolo11m_4500_imgsz1600_b1_2024-01-18.pt.jpg
doi.org10.15468dl.6nxkw6.csv,Animalia,Arthropoda,Insecta,Lepidoptera,,,,,797,,Lepidoptera,Lepidoptera,Cerro_Hoya_Expedition_Hoya_606m_grisMejua_2025-01-26,grisMejua_2025_01_27__02_44_06_HDR0_7_Mothbot_yolo11m_4500_imgsz1600_b1_2024-01-18.pt.jpg,HS,Mothbot_yolo11m_4500_imgsz1600_b1_2024-01-18.pt,0.4147877097129822,,grisMejua,Cerro_Hoya_Expedition/Hoya_606m_grisMejua_2025-01-26/2025-01-26/patches/grisMejua_2025_01_27__02_44_06_HDR0_7_Mothbot_yolo11m_4500_imgsz1600_b1_2024-01-18.pt.jpg,ORDER_Lepidoptera,2025-01-27,02:44:06,,2025_01_27__02_44_06,MachineObservation,Cerro_Hoya_Expedition_Hoya_606m_grisMejua_2025-01-26_2025-01-26,Cerro_Hoya_Expedition_Hoya_606m_grisMejua_2025-01-26,grisMejua_2025_01_27__02_44_06_HDR0.jpg,grisMejua_2025_01_27__02_44_06_HDR0_7_Mothbot_yolo11m_4500_imgsz1600_b1_2024-01-18.pt.jpg
doi.org10.15468dl.6nxkw6.csv,Animalia,Arthropoda,Insecta,Lepidoptera,,,,,797,,Lepidoptera,Lepidoptera,Cerro_Hoya_Expedition_Hoya_606m_grisMejua_2025-01-26,grisMejua_2025_01_27__02_45_06_HDR0_0_Mothbot_yolo11m_4500_imgsz1600_b1_2024-01-18.pt.jpg,HS,Mothbot_yolo11m_4500_imgsz1600_b1_2024-01-18.pt,0.8540679216384888,,grisMejua,Cerro_Hoya_Expedition/Hoya_606m_grisMejua_2025-01-26/2025-01-26/patches/grisMejua_2025_01_27__02_45_06_HDR0_0_Mothbot_yolo11m_4500_imgsz1600_b1_2024-01-18.pt.jpg,ORDER_Lepidoptera,2025-01-27,02:45:06,,2025_01_27__02_45_06,MachineObservation,Cerro_Hoya_Expedition_Hoya_606m_grisMejua_2025-01-26_2025-01-26,Cerro_Hoya_Expedition_Hoya_606m_grisMejua_2025-01-26,grisMejua_2025_01_27__02_45_06_HDR0.jpg,grisMejua_2025_01_27__02_45_06_HDR0_0_Mothbot_yolo11m_4500_imgsz1600_b1_2024-01-18.pt.jpg
doi.org10.15468dl.6nxkw6.csv,Animalia,Arthropoda,Insecta,Lepidoptera,,,,,797,,Lepidoptera,Lepidoptera,Cerro_Hoya_Expedition_Hoya_606m_grisMejua_2025-01-26,grisMejua_2025_01_27__02_45_06_HDR0_1_Mothbot_yolo11m_4500_imgsz1600_b1_2024-01-18.pt.jpg,HS,Mothbot_yolo11m_4500_imgsz1600_b1_2024-01-18.pt,0.6373600363731384,,grisMejua,Cerro_Hoya_Expedition/Hoya_606m_grisMejua_2025-01-26/2025-01-26/patches/grisMejua_2025_01_27__02_45_06_HDR0_1_Mothbot_yolo11m_4500_imgsz1600_b1_2024-01-18.pt.jpg,ORDER_Diptera,2025-01-27,02:45:06,,2025_01_27__02_45_06,MachineObservation,Cerro_Hoya_Expedition_Hoya_606m_grisMejua_2025-01-26_2025-01-26,Cerro_Hoya_Expedition_Hoya_606m_grisMejua_2025-01-26,grisMejua_2025_01_27__02_45_06_HDR0.jpg,grisMejua_2025_01_27__02_45_06_HDR0_1_Mothbot_yolo11m_4500_imgsz1600_b1_2024-01-18.pt.jpg
doi.org10.15468dl.6nxkw6.csv,Animalia,Arthropoda,Insecta,Lepidoptera,,,,,797,,Lepidoptera,Lepidoptera,Cerro_Hoya_Expedition_Hoya_606m_grisMejua_2025-01-26,grisMejua_2025_01_27__02_45_06_HDR0_2_Mothbot_yolo11m_4500_imgsz1600_b1_2024-01-18.pt.jpg,HS,Mothbot_yolo11m_4500_imgsz1600_b1_2024-01-18.pt,0.43584170937538147,,grisMejua,Cerro_Hoya_Expedition/Hoya_606m_grisMejua_2025-01-26/2025-01-26/patches/grisMejua_2025_01_27__02_45_06_HDR0_2_Mothbot_yolo11m_4500_imgsz1600_b1_2024-01-18.pt.jpg,ORDER_Lepidoptera,2025-01-27,02:45:06,,2025_01_27__02_45_06,MachineObservation,Cerro_Hoya_Expedition_Hoya_606m_grisMejua_2025-01-26_2025-01-26,Cerro_Hoya_Expedition_Hoya_606m_grisMejua_2025-01-26,grisMejua_2025_01_27__02_45_06_HDR0.jpg,grisMejua_2025_01_27__02_45_06_HDR0_2_Mothbot_yolo11m_4500_imgsz1600_b1_2024-01-18.pt.jpg
doi.org10.15468dl.6nxkw6.csv,Animalia,Arthropoda,Insecta,Lepidoptera,,,,,797,,Lepidoptera,Lepidoptera,Cerro_Hoya_Expedition_Hoya_606m_grisMejua_2025-01-26,grisMejua_2025_01_27__02_45_06_HDR0_3_Mothbot_yolo11m_4500_imgsz1600_b1_2024-01-18.pt.jpg,HS,Mothbot_yolo11m_4500_imgsz1600_b1_2024-01-18.pt,0.35189133882522583,,grisMejua,Cerro_Hoya_Expedition/Hoya_606m_grisMejua_2025-01-26/2025-01-26/patches/grisMejua_2025_01_27__02_45_06_HDR0_3_Mothbot_yolo11m_4500_imgsz1600_b1_2024-01-18.pt.jpg,ORDER_Lepidoptera,2025-01-27,02:45:06,,2025_01_27__02_45_06,MachineObservation,Cerro_Hoya_Expedition_Hoya_606m_grisMejua_2025-01-26_2025-01-26,Cerro_Hoya_Expedition_Hoya_606m_grisMejua_2025-01-26,grisMejua_2025_01_27__02_45_06_HDR0.jpg,grisMejua_2025_01_27__02_45_06_HDR0_3_Mothbot_yolo11m_4500_imgsz1600_b1_2024-01-18.pt.jpg
doi.org10.15468dl.6nxkw6.csv,Animalia,Arthropoda,Insecta,,,,,,216,,Insecta,Insecta,Cerro_Hoya_Expedition_Hoya_606m_grisMejua_2025-01-26,grisMejua_2025_01_27__02_45_06_HDR0_4_Mothbot_yolo11m_4500_imgsz1600_b1_2024-01-18.pt.jpg,HS,Mothbot_yolo11m_4500_imgsz1600_b1_2024-01-18.pt,0.3236088156700134,,grisMejua,Cerro_Hoya_Expedition/Hoya_606m_grisMejua_2025-01-26/2025-01-26/patches/grisMejua_2025_01_27__02_45_06_HDR0_4_Mothbot_yolo11m_4500_imgsz1600_b1_2024-01-18.pt.jpg,ORDER_Blattodea,2025-01-27,02:45:06,,2025_01_27__02_45_06,MachineObservation,Cerro_Hoya_Expedition_Hoya_606m_grisMejua_2025-01-26_2025-01-26,Cerro_Hoya_Expedition_Hoya_606m_grisMejua_2025-01-26,grisMejua_2025_01_27__02_45_06_HDR0.jpg,grisMejua_2025_01_27__02_45_06_HDR0_4_Mothbot_yolo11m_4500_imgsz1600_b1_2024-01-18.pt.jpg
doi.org10.15468dl.6nxkw6.csv,Animalia,Arthropoda,Insecta,Lepidoptera,,,,,797,,Lepidoptera,Lepidoptera,Cerro_Hoya_Expedition_Hoya_606m_grisMejua_2025-01-26,grisMejua_2025_01_27__02_46_06_HDR0_0_Mothbot_yolo11m_4500_imgsz1600_b1_2024-01-18.pt.jpg,HS,Mothbot_yolo11m_4500_imgsz1600_b1_2024-01-18.pt,0.8483284711837769,,grisMejua,Cerro_Hoya_Expedition/Hoya_606m_grisMejua_2025-01-26/2025-01-26/patches/grisMejua_2025_01_27__02_46_06_HDR0_0_Mothbot_yolo11m_4500_imgsz1600_b1_2024-01-18.pt.jpg,ORDER_Lepidoptera,2025-01-27,02:46:06,,2025_01_27__02_46_06,MachineObservation,Cerro_Hoya_Expedition_Hoya_606m_grisMejua_2025-01-26_2025-01-26,Cerro_Hoya_Expedition_Hoya_606m_grisMejua_2025-01-26,grisMejua_2025_01_27__02_46_06_HDR0.jpg,grisMejua_2025_01_27__02_46_06_HDR0_0_Mothbot_yolo11m_4500_imgsz1600_b1_2024-01-18.pt.jpg
doi.org10.15468dl.6nxkw6.csv,Animalia,Arthropoda,Insecta,Coleoptera,,,,Coleoptera8,1470,,Coleoptera,Coleoptera8,Cerro_Hoya_Expedition_Hoya_606m_grisMejua_2025-01-26,grisMejua_2025_01_27__02_46_06_HDR0_1_Mothbot_yolo11m_4500_imgsz1600_b1_2024-01-18.pt.jpg,HS,Mothbot_yolo11m_4500_imgsz1600_b1_2024-01-18.pt,0.581034779548645,,grisMejua,Cerro_Hoya_Expedition/Hoya_606m_grisMejua_2025-01-26/2025-01-26/patches/grisMejua_2025_01_27__02_46_06_HDR0_1_Mothbot_yolo11m_4500_imgsz1600_b1_2024-01-18.pt.jpg,ORDER_Hemiptera,2025-01-27,02:46:06,,2025_01_27__02_46_06,MachineObservation,Cerro_Hoya_Expedition_Hoya_606m_grisMejua_2025-01-26_2025-01-26,Cerro_Hoya_Expedition_Hoya_606m_grisMejua_2025-01-26,grisMejua_2025_01_27__02_46_06_HDR0.jpg,grisMejua_2025_01_27__02_46_06_HDR0_1_Mothbot_yolo11m_4500_imgsz1600_b1_2024-01-18.pt.jpg
doi.org10.15468dl.6nxkw6.csv,Animalia,Arthropoda,Insecta,Lepidoptera,,,,,797,,Lepidoptera,Lepidoptera,Cerro_Hoya_Expedition_Hoya_606m_grisMejua_2025-01-26,grisMejua_2025_01_27__02_46_06_HDR0_2_Mothbot_yolo11m_4500_imgsz1600_b1_2024-01-18.pt.jpg,HS,Mothbot_yolo11m_4500_imgsz1600_b1_2024-01-18.pt,0.4854077994823456,,grisMejua,Cerro_Hoya_Expedition/Hoya_606m_grisMejua_2025-01-26/2025-01-26/patches/grisMejua_2025_01_27__02_46_06_HDR0_2_Mothbot_yolo11m_4500_imgsz1600_b1_2024-01-18.pt.jpg,ORDER_Lepidoptera,2025-01-27,02:46:06,,2025_01_27__02_46_06,MachineObservation,Cerro_Hoya_Expedition_Hoya_606m_grisMejua_2025-01-26_2025-01-26,Cerro_Hoya_Expedition_Hoya_606m_grisMejua_2025-01-26,grisMejua_2025_01_27__02_46_06_HDR0.jpg,grisMejua_2025_01_27__02_46_06_HDR0_2_Mothbot_yolo11m_4500_imgsz1600_b1_2024-01-18.pt.jpg
doi.org10.15468dl.6nxkw6.csv,Animalia,Arthropoda,Insecta,Lepidoptera,,,,,797,,Lepidoptera,Lepidoptera,Cerro_Hoya_Expedition_Hoya_606m_grisMejua_2025-01-26,grisMejua_2025_01_27__02_46_06_HDR0_3_Mothbot_yolo11m_4500_imgsz1600_b1_2024-01-18.pt.jpg,HS,Mothbot_yolo11m_4500_imgsz1600_b1_2024-01-18.pt,0.4440154433250427,,grisMejua,Cerro_Hoya_Expedition/Hoya_606m_grisMejua_2025-01-26/2025-01-26/patches/grisMejua_2025_01_27__02_46_06_HDR0_3_Mothbot_yolo11m_4500_imgsz1600_b1_2024-01-18.pt.jpg,ORDER_Lepidoptera,2025-01-27,02:46:06,,2025_01_27__02_46_06,MachineObservation,Cerro_Hoya_Expedition_Hoya_606m_grisMejua_2025-01-26_2025-01-26,Cerro_Hoya_Expedition_Hoya_606m_grisMejua_2025-01-26,grisMejua_2025_01_27__02_46_06_HDR0.jpg,grisMejua_2025_01_27__02_46_06_HDR0_3_Mothbot_yolo11m_4500_imgsz1600_b1_2024-01-18.pt.jpg
doi.org10.15468dl.6nxkw6.csv,Animalia,Arthropoda,Insecta,Lepidoptera,,,,,797,,Lepidoptera,Lepidoptera,Cerro_Hoya_Expedition_Hoya_606m_grisMejua_2025-01-26,grisMejua_2025_01_27__02_46_06_HDR0_4_Mothbot_yolo11m_4500_imgsz1600_b1_2024-01-18.pt.jpg,HS,Mothbot_yolo11m_4500_imgsz1600_b1_2024-01-18.pt,0.4197823405265808,,grisMejua,Cerro_Hoya_Expedition/Hoya_606m_grisMejua_2025-01-26/2025-01-26/patches/grisMejua_2025_01_27__02_46_06_HDR0_4_Mothbot_yolo11m_4500_imgsz1600_b1_2024-01-18.pt.jpg,ORDER_Lepidoptera,2025-01-27,02:46:06,,2025_01_27__02_46_06,MachineObservation,Cerro_Hoya_Expedition_Hoya_606m_grisMejua_2025-01-26_2025-01-26,Cerro_Hoya_Expedition_Hoya_606m_grisMejua_2025-01-26,grisMejua_2025_01_27__02_46_06_HDR0.jpg,grisMejua_2025_01_27__02_46_06_HDR0_4_Mothbot_yolo11m_4500_imgsz1600_b1_2024-01-18.pt.jpg
doi.org10.15468dl.6nxkw6.csv,Animalia,Arthropoda,Insecta,Lepidoptera,,,,,797,,Lepidoptera,Lepidoptera,Cerro_Hoya_Expedition_Hoya_606m_grisMejua_2025-01-26,grisMejua_2025_01_27__02_46_06_HDR0_5_Mothbot_yolo11m_4500_imgsz1600_b1_2024-01-18.pt.jpg,HS,Mothbot_yolo11m_4500_imgsz1600_b1_2024-01-18.pt,0.38100048899650574,,grisMejua,Cerro_Hoya_Expedition/Hoya_606m_grisMejua_2025-01-26/2025-01-26/patches/grisMejua_2025_01_27__02_46_06_HDR0_5_Mothbot_yolo11m_4500_imgsz1600_b1_2024-01-18.pt.jpg,ORDER_Lepidoptera,2025-01-27,02:46:06,,2025_01_27__02_46_06,MachineObservation,Cerro_Hoya_Expedition_Hoya_606m_grisMejua_2025-01-26_2025-01-26,Cerro_Hoya_Expedition_Hoya_606m_grisMejua_2025-01-26,grisMejua_2025_01_27__02_46_06_HDR0.jpg,grisMejua_2025_01_27__02_46_06_HDR0_5_Mothbot_yolo11m_4500_imgsz1600_b1_2024-01-18.pt.jpg
doi.org10.15468dl.6nxkw6.csv,Animalia,Arthropoda,Insecta,Diptera,,,,,811,,Diptera,Diptera,Cerro_Hoya_Expedition_Hoya_606m_grisMejua_2025-01-26,grisMejua_2025_01_27__02_46_06_HDR0_6_Mothbot_yolo11m_4500_imgsz1600_b1_2024-01-18.pt.jpg,HS,Mothbot_yolo11m_4500_imgsz1600_b1_2024-01-18.pt,0.3539108335971832,,grisMejua,Cerro_Hoya_Expedition/Hoya_606m_grisMejua_2025-01-26/2025-01-26/patches/grisMejua_2025_01_27__02_46_06_HDR0_6_Mothbot_yolo11m_4500_imgsz1600_b1_2024-01-18.pt.jpg,ORDER_Hemiptera,2025-01-27,02:46:06,,2025_01_27__02_46_06,MachineObservation,Cerro_Hoya_Expedition_Hoya_606m_grisMejua_2025-01-26_2025-01-26,Cerro_Hoya_Expedition_Hoya_606m_grisMejua_2025-01-26,grisMejua_2025_01_27__02_46_06_HDR0.jpg,grisMejua_2025_01_27__02_46_06_HDR0_6_Mothbot_yolo11m_4500_imgsz1600_b1_2024-01-18.pt.jpg
doi.org10.15468dl.6nxkw6.csv,Animalia,Arthropoda,Insecta,Lepidoptera,,,,,797,,Lepidoptera,Lepidoptera,Cerro_Hoya_Expedition_Hoya_606m_grisMejua_2025-01-26,grisMejua_2025_01_27__02_47_06_HDR0_0_Mothbot_yolo11m_4500_imgsz1600_b1_2024-01-18.pt.jpg,HS,Mothbot_yolo11m_4500_imgsz1600_b1_2024-01-18.pt,0.8389670252799988,,grisMejua,Cerro_Hoya_Expedition/Hoya_606m_grisMejua_2025-01-26/2025-01-26/patches/grisMejua_2025_01_27__02_47_06_HDR0_0_Mothbot_yolo11m_4500_imgsz1600_b1_2024-01-18.pt.jpg,ORDER_Lepidoptera,2025-01-27,02:47:06,,2025_01_27__02_47_06,MachineObservation,Cerro_Hoya_Expedition_Hoya_606m_grisMejua_2025-01-26_2025-01-26,Cerro_Hoya_Expedition_Hoya_606m_grisMejua_2025-01-26,grisMejua_2025_01_27__02_47_06_HDR0.jpg,grisMejua_2025_01_27__02_47_06_HDR0_0_Mothbot_yolo11m_4500_imgsz1600_b1_2024-01-18.pt.jpg
doi.org10.15468dl.6nxkw6.csv,Animalia,Arthropoda,Insecta,Hemiptera,,,,,809,,Hemiptera,Hemiptera,Cerro_Hoya_Expedition_Hoya_606m_grisMejua_2025-01-26,grisMejua_2025_01_27__02_47_06_HDR0_1_Mothbot_yolo11m_4500_imgsz1600_b1_2024-01-18.pt.jpg,HS,Mothbot_yolo11m_4500_imgsz1600_b1_2024-01-18.pt,0.7365329265594482,,grisMejua,Cerro_Hoya_Expedition/Hoya_606m_grisMejua_2025-01-26/2025-01-26/patches/grisMejua_2025_01_27__02_47_06_HDR0_1_Mothbot_yolo11m_4500_imgsz1600_b1_2024-01-18.pt.jpg,ORDER_Diptera,2025-01-27,02:47:06,,2025_01_27__02_47_06,MachineObservation,Cerro_Hoya_Expedition_Hoya_606m_grisMejua_2025-01-26_2025-01-26,Cerro_Hoya_Expedition_Hoya_606m_grisMejua_2025-01-26,grisMejua_2025_01_27__02_47_06_HDR0.jpg,grisMejua_2025_01_27__02_47_06_HDR0_1_Mothbot_yolo11m_4500_imgsz1600_b1_2024-01-18.pt.jpg
doi.org10.15468dl.6nxkw6.csv,Animalia,Arthropoda,Insecta,Coleoptera,,,,Coleoptera8,1470,,Coleoptera,Coleoptera8,Cerro_Hoya_Expedition_Hoya_606m_grisMejua_2025-01-26,grisMejua_2025_01_27__02_47_06_HDR0_2_Mothbot_yolo11m_4500_imgsz1600_b1_2024-01-18.pt.jpg,HS,Mothbot_yolo11m_4500_imgsz1600_b1_2024-01-18.pt,0.7157803773880005,,grisMejua,Cerro_Hoya_Expedition/Hoya_606m_grisMejua_2025-01-26/2025-01-26/patches/grisMejua_2025_01_27__02_47_06_HDR0_2_Mothbot_yolo11m_4500_imgsz1600_b1_2024-01-18.pt.jpg,ORDER_Coleoptera,2025-01-27,02:47:06,,2025_01_27__02_47_06,MachineObservation,Cerro_Hoya_Expedition_Hoya_606m_grisMejua_2025-01-26_2025-01-26,Cerro_Hoya_Expedition_Hoya_606m_grisMejua_2025-01-26,grisMejua_2025_01_27__02_47_06_HDR0.jpg,grisMejua_2025_01_27__02_47_06_HDR0_2_Mothbot_yolo11m_4500_imgsz1600_b1_2024-01-18.pt.jpg
doi.org10.15468dl.6nxkw6.csv,Animalia,Arthropoda,Insecta,Diptera,,,,,811,,Diptera,Diptera,Cerro_Hoya_Expedition_Hoya_606m_grisMejua_2025-01-26,grisMejua_2025_01_27__02_47_06_HDR0_3_Mothbot_yolo11m_4500_imgsz1600_b1_2024-01-18.pt.jpg,HS,Mothbot_yolo11m_4500_imgsz1600_b1_2024-01-18.pt,0.6749988198280334,,grisMejua,Cerro_Hoya_Expedition/Hoya_606m_grisMejua_2025-01-26/2025-01-26/patches/grisMejua_2025_01_27__02_47_06_HDR0_3_Mothbot_yolo11m_4500_imgsz1600_b1_2024-01-18.pt.jpg,ORDER_Diptera,2025-01-27,02:47:06,,2025_01_27__02_47_06,MachineObservation,Cerro_Hoya_Expedition_Hoya_606m_grisMejua_2025-01-26_2025-01-26,Cerro_Hoya_Expedition_Hoya_606m_grisMejua_2025-01-26,grisMejua_2025_01_27__02_47_06_HDR0.jpg,grisMejua_2025_01_27__02_47_06_HDR0_3_Mothbot_yolo11m_4500_imgsz1600_b1_2024-01-18.pt.jpg
doi.org10.15468dl.6nxkw6.csv,Animalia,Arthropoda,Insecta,Lepidoptera,,,,,797,,Lepidoptera,Lepidoptera,Cerro_Hoya_Expedition_Hoya_606m_grisMejua_2025-01-26,grisMejua_2025_01_27__02_47_06_HDR0_4_Mothbot_yolo11m_4500_imgsz1600_b1_2024-01-18.pt.jpg,HS,Mothbot_yolo11m_4500_imgsz1600_b1_2024-01-18.pt,0.661594569683075,,grisMejua,Cerro_Hoya_Expedition/Hoya_606m_grisMejua_2025-01-26/2025-01-26/patches/grisMejua_2025_01_27__02_47_06_HDR0_4_Mothbot_yolo11m_4500_imgsz1600_b1_2024-01-18.pt.jpg,ORDER_Lepidoptera,2025-01-27,02:47:06,,2025_01_27__02_47_06,MachineObservation,Cerro_Hoya_Expedition_Hoya_606m_grisMejua_2025-01-26_2025-01-26,Cerro_Hoya_Expedition_Hoya_606m_grisMejua_2025-01-26,grisMejua_2025_01_27__02_47_06_HDR0.jpg,grisMejua_2025_01_27__02_47_06_HDR0_4_Mothbot_yolo11m_4500_imgsz1600_b1_2024-01-18.pt.jpg
doi.org10.15468dl.6nxkw6.csv,Animalia,Arthropoda,Insecta,Lepidoptera,,,,,797,,Lepidoptera,Lepidoptera,Cerro_Hoya_Expedition_Hoya_606m_grisMejua_2025-01-26,grisMejua_2025_01_27__02_47_06_HDR0_5_Mothbot_yolo11m_4500_imgsz1600_b1_2024-01-18.pt.jpg,HS,Mothbot_yolo11m_4500_imgsz1600_b1_2024-01-18.pt,0.5482044219970703,,grisMejua,Cerro_Hoya_Expedition/Hoya_606m_grisMejua_2025-01-26/2025-01-26/patches/grisMejua_2025_01_27__02_47_06_HDR0_5_Mothbot_yolo11m_4500_imgsz1600_b1_2024-01-18.pt.jpg,ORDER_Lepidoptera,2025-01-27,02:47:06,,2025_01_27__02_47_06,MachineObservation,Cerro_Hoya_Expedition_Hoya_606m_grisMejua_2025-01-26_2025-01-26,Cerro_Hoya_Expedition_Hoya_606m_grisMejua_2025-01-26,grisMejua_2025_01_27__02_47_06_HDR0.jpg,grisMejua_2025_01_27__02_47_06_HDR0_5_Mothbot_yolo11m_4500_imgsz1600_b1_2024-01-18.pt.jpg
doi.org10.15468dl.6nxkw6.csv,Animalia,Arthropoda,Insecta,Diptera,,,,,811,,Diptera,Diptera,Cerro_Hoya_Expedition_Hoya_606m_grisMejua_2025-01-26,grisMejua_2025_01_27__02_47_06_HDR0_6_Mothbot_yolo11m_4500_imgsz1600_b1_2024-01-18.pt.jpg,HS,Mothbot_yolo11m_4500_imgsz1600_b1_2024-01-18.pt,0.4826965034008026,,grisMejua,Cerro_Hoya_Expedition/Hoya_606m_grisMejua_2025-01-26/2025-01-26/patches/grisMejua_2025_01_27__02_47_06_HDR0_6_Mothbot_yolo11m_4500_imgsz1600_b1_2024-01-18.pt.jpg,ORDER_Diptera,2025-01-27,02:47:06,,2025_01_27__02_47_06,MachineObservation,Cerro_Hoya_Expedition_Hoya_606m_grisMejua_2025-01-26_2025-01-26,Cerro_Hoya_Expedition_Hoya_606m_grisMejua_2025-01-26,grisMejua_2025_01_27__02_47_06_HDR0.jpg,grisMejua_2025_01_27__02_47_06_HDR0_6_Mothbot_yolo11m_4500_imgsz1600_b1_2024-01-18.pt.jpg
doi.org10.15468dl.6nxkw6.csv,Animalia,Arthropoda,Insecta,Lepidoptera,,,,,797,,Lepidoptera,Lepidoptera,Cerro_Hoya_Expedition_Hoya_606m_grisMejua_2025-01-26,grisMejua_2025_01_27__02_47_06_HDR0_7_Mothbot_yolo11m_4500_imgsz1600_b1_2024-01-18.pt.jpg,HS,Mothbot_yolo11m_4500_imgsz1600_b1_2024-01-18.pt,0.45250898599624634,,grisMejua,Cerro_Hoya_Expedition/Hoya_606m_grisMejua_2025-01-26/2025-01-26/patches/grisMejua_2025_01_27__02_47_06_HDR0_7_Mothbot_yolo11m_4500_imgsz1600_b1_2024-01-18.pt.jpg,ORDER_Lepidoptera,2025-01-27,02:47:06,,2025_01_27__02_47_06,MachineObservation,Cerro_Hoya_Expedition_Hoya_606m_grisMejua_2025-01-26_2025-01-26,Cerro_Hoya_Expedition_Hoya_606m_grisMejua_2025-01-26,grisMejua_2025_01_27__02_47_06_HDR0.jpg,grisMejua_2025_01_27__02_47_06_HDR0_7_Mothbot_yolo11m_4500_imgsz1600_b1_2024-01-18.pt.jpg
doi.org10.15468dl.6nxkw6.csv,Animalia,Arthropoda,Insecta,Lepidoptera,,,,,797,,Lepidoptera,Lepidoptera,Cerro_Hoya_Expedition_Hoya_606m_grisMejua_2025-01-26,grisMejua_2025_01_27__02_47_06_HDR0_8_Mothbot_yolo11m_4500_imgsz1600_b1_2024-01-18.pt.jpg,HS,Mothbot_yolo11m_4500_imgsz1600_b1_2024-01-18.pt,0.4387049078941345,,grisMejua,Cerro_Hoya_Expedition/Hoya_606m_grisMejua_2025-01-26/2025-01-26/patches/grisMejua_2025_01_27__02_47_06_HDR0_8_Mothbot_yolo11m_4500_imgsz1600_b1_2024-01-18.pt.jpg,ORDER_Lepidoptera,2025-01-27,02:47:06,,2025_01_27__02_47_06,MachineObservation,Cerro_Hoya_Expedition_Hoya_606m_grisMejua_2025-01-26_2025-01-26,Cerro_Hoya_Expedition_Hoya_606m_grisMejua_2025-01-26,grisMejua_2025_01_27__02_47_06_HDR0.jpg,grisMejua_2025_01_27__02_47_06_HDR0_8_Mothbot_yolo11m_4500_imgsz1600_b1_2024-01-18.pt.jpg
doi.org10.15468dl.6nxkw6.csv,Animalia,Arthropoda,Insecta,Coleoptera,,,,,1470,,Coleoptera,Coleoptera,Cerro_Hoya_Expedition_Hoya_606m_grisMejua_2025-01-26,grisMejua_2025_01_27__02_47_06_HDR0_9_Mothbot_yolo11m_4500_imgsz1600_b1_2024-01-18.pt.jpg,HS,Mothbot_yolo11m_4500_imgsz1600_b1_2024-01-18.pt,0.42756757140159607,,grisMejua,Cerro_Hoya_Expedition/Hoya_606m_grisMejua_2025-01-26/2025-01-26/patches/grisMejua_2025_01_27__02_47_06_HDR0_9_Mothbot_yolo11m_4500_imgsz1600_b1_2024-01-18.pt.jpg,ORDER_Diptera,2025-01-27,02:47:06,,2025_01_27__02_47_06,MachineObservation,Cerro_Hoya_Expedition_Hoya_606m_grisMejua_2025-01-26_2025-01-26,Cerro_Hoya_Expedition_Hoya_606m_grisMejua_2025-01-26,grisMejua_2025_01_27__02_47_06_HDR0.jpg,grisMejua_2025_01_27__02_47_06_HDR0_9_Mothbot_yolo11m_4500_imgsz1600_b1_2024-01-18.pt.jpg
doi.org10.15468dl.6nxkw6.csv,Animalia,Arthropoda,Insecta,Lepidoptera,,,,,797,,Lepidoptera,Lepidoptera,Cerro_Hoya_Expedition_Hoya_606m_grisMejua_2025-01-26,grisMejua_2025_01_27__02_48_05_HDR0_0_Mothbot_yolo11m_4500_imgsz1600_b1_2024-01-18.pt.jpg,HS,Mothbot_yolo11m_4500_imgsz1600_b1_2024-01-18.pt,0.8347012996673584,,grisMejua,Cerro_Hoya_Expedition/Hoya_606m_grisMejua_2025-01-26/2025-01-26/patches/grisMejua_2025_01_27__02_48_05_HDR0_0_Mothbot_yolo11m_4500_imgsz1600_b1_2024-01-18.pt.jpg,ORDER_Lepidoptera,2025-01-27,02:48:05,,2025_01_27__02_48_05,MachineObservation,Cerro_Hoya_Expedition_Hoya_606m_grisMejua_2025-01-26_2025-01-26,Cerro_Hoya_Expedition_Hoya_606m_grisMejua_2025-01-26,grisMejua_2025_01_27__02_48_05_HDR0.jpg,grisMejua_2025_01_27__02_48_05_HDR0_0_Mothbot_yolo11m_4500_imgsz1600_b1_2024-01-18.pt.jpg
doi.org10.15468dl.6nxkw6.csv,Animalia,Arthropoda,Insecta,Lepidoptera,,,,,797,,Lepidoptera,Lepidoptera,Cerro_Hoya_Expedition_Hoya_606m_grisMejua_2025-01-26,grisMejua_2025_01_27__02_48_05_HDR0_1_Mothbot_yolo11m_4500_imgsz1600_b1_2024-01-18.pt.jpg,HS,Mothbot_yolo11m_4500_imgsz1600_b1_2024-01-18.pt,0.5986140966415405,,grisMejua,Cerro_Hoya_Expedition/Hoya_606m_grisMejua_2025-01-26/2025-01-26/patches/grisMejua_2025_01_27__02_48_05_HDR0_1_Mothbot_yolo11m_4500_imgsz1600_b1_2024-01-18.pt.jpg,ORDER_Lepidoptera,2025-01-27,02:48:05,,2025_01_27__02_48_05,MachineObservation,Cerro_Hoya_Expedition_Hoya_606m_grisMejua_2025-01-26_2025-01-26,Cerro_Hoya_Expedition_Hoya_606m_grisMejua_2025-01-26,grisMejua_2025_01_27__02_48_05_HDR0.jpg,grisMejua_2025_01_27__02_48_05_HDR0_1_Mothbot_yolo11m_4500_imgsz1600_b1_2024-01-18.pt.jpg
doi.org10.15468dl.6nxkw6.csv,Animalia,Arthropoda,Insecta,Lepidoptera,,,,,797,,Lepidoptera,Lepidoptera,Cerro_Hoya_Expedition_Hoya_606m_grisMejua_2025-01-26,grisMejua_2025_01_27__02_48_05_HDR0_2_Mothbot_yolo11m_4500_imgsz1600_b1_2024-01-18.pt.jpg,HS,Mothbot_yolo11m_4500_imgsz1600_b1_2024-01-18.pt,0.3912346661090851,,grisMejua,Cerro_Hoya_Expedition/Hoya_606m_grisMejua_2025-01-26/2025-01-26/patches/grisMejua_2025_01_27__02_48_05_HDR0_2_Mothbot_yolo11m_4500_imgsz1600_b1_2024-01-18.pt.jpg,ORDER_Lepidoptera,2025-01-27,02:48:05,,2025_01_27__02_48_05,MachineObservation,Cerro_Hoya_Expedition_Hoya_606m_grisMejua_2025-01-26_2025-01-26,Cerro_Hoya_Expedition_Hoya_606m_grisMejua_2025-01-26,grisMejua_2025_01_27__02_48_05_HDR0.jpg,grisMejua_2025_01_27__02_48_05_HDR0_2_Mothbot_yolo11m_4500_imgsz1600_b1_2024-01-18.pt.jpg
doi.org10.15468dl.6nxkw6.csv,Animalia,Arthropoda,Insecta,Lepidoptera,,,,,797,,Lepidoptera,Lepidoptera,Cerro_Hoya_Expedition_Hoya_606m_grisMejua_2025-01-26,grisMejua_2025_01_27__02_48_05_HDR0_3_Mothbot_yolo11m_4500_imgsz1600_b1_2024-01-18.pt.jpg,HS,Mothbot_yolo11m_4500_imgsz1600_b1_2024-01-18.pt,0.3837060332298279,,grisMejua,Cerro_Hoya_Expedition/Hoya_606m_grisMejua_2025-01-26/2025-01-26/patches/grisMejua_2025_01_27__02_48_05_HDR0_3_Mothbot_yolo11m_4500_imgsz1600_b1_2024-01-18.pt.jpg,ORDER_Lepidoptera,2025-01-27,02:48:05,,2025_01_27__02_48_05,MachineObservation,Cerro_Hoya_Expedition_Hoya_606m_grisMejua_2025-01-26_2025-01-26,Cerro_Hoya_Expedition_Hoya_606m_grisMejua_2025-01-26,grisMejua_2025_01_27__02_48_05_HDR0.jpg,grisMejua_2025_01_27__02_48_05_HDR0_3_Mothbot_yolo11m_4500_imgsz1600_b1_2024-01-18.pt.jpg
doi.org10.15468dl.6nxkw6.csv,Animalia,Arthropoda,Insecta,Coleoptera,,,,Tenebrionoidea2,1470,,Coleoptera,Tenebrionoidea2,Cerro_Hoya_Expedition_Hoya_606m_grisMejua_2025-01-26,grisMejua_2025_01_27__02_48_05_HDR0_4_Mothbot_yolo11m_4500_imgsz1600_b1_2024-01-18.pt.jpg,HS,Mothbot_yolo11m_4500_imgsz1600_b1_2024-01-18.pt,0.3431676924228668,,grisMejua,Cerro_Hoya_Expedition/Hoya_606m_grisMejua_2025-01-26/2025-01-26/patches/grisMejua_2025_01_27__02_48_05_HDR0_4_Mothbot_yolo11m_4500_imgsz1600_b1_2024-01-18.pt.jpg,ORDER_Coleoptera,2025-01-27,02:48:05,,2025_01_27__02_48_05,MachineObservation,Cerro_Hoya_Expedition_Hoya_606m_grisMejua_2025-01-26_2025-01-26,Cerro_Hoya_Expedition_Hoya_606m_grisMejua_2025-01-26,grisMejua_2025_01_27__02_48_05_HDR0.jpg,grisMejua_2025_01_27__02_48_05_HDR0_4_Mothbot_yolo11m_4500_imgsz1600_b1_2024-01-18.pt.jpg
doi.org10.15468dl.6nxkw6.csv,Animalia,Arthropoda,Insecta,,,,,,216,,Insecta,Insecta,Cerro_Hoya_Expedition_Hoya_606m_grisMejua_2025-01-26,grisMejua_2025_01_27__02_48_05_HDR0_5_Mothbot_yolo11m_4500_imgsz1600_b1_2024-01-18.pt.jpg,HS,Mothbot_yolo11m_4500_imgsz1600_b1_2024-01-18.pt,0.2695985734462738,,grisMejua,Cerro_Hoya_Expedition/Hoya_606m_grisMejua_2025-01-26/2025-01-26/patches/grisMejua_2025_01_27__02_48_05_HDR0_5_Mothbot_yolo11m_4500_imgsz1600_b1_2024-01-18.pt.jpg,ORDER_Psocodea,2025-01-27,02:48:05,,2025_01_27__02_48_05,MachineObservation,Cerro_Hoya_Expedition_Hoya_606m_grisMejua_2025-01-26_2025-01-26,Cerro_Hoya_Expedition_Hoya_606m_grisMejua_2025-01-26,grisMejua_2025_01_27__02_48_05_HDR0.jpg,grisMejua_2025_01_27__02_48_05_HDR0_5_Mothbot_yolo11m_4500_imgsz1600_b1_2024-01-18.pt.jpg
doi.org10.15468dl.6nxkw6.csv,Animalia,Arthropoda,Insecta,Lepidoptera,,,,,797,,Lepidoptera,Lepidoptera,Cerro_Hoya_Expedition_Hoya_606m_grisMejua_2025-01-26,grisMejua_2025_01_27__02_49_06_HDR0_0_Mothbot_yolo11m_4500_imgsz1600_b1_2024-01-18.pt.jpg,HS,Mothbot_yolo11m_4500_imgsz1600_b1_2024-01-18.pt,0.8446634411811829,,grisMejua,Cerro_Hoya_Expedition/Hoya_606m_grisMejua_2025-01-26/2025-01-26/patches/grisMejua_2025_01_27__02_49_06_HDR0_0_Mothbot_yolo11m_4500_imgsz1600_b1_2024-01-18.pt.jpg,ORDER_Lepidoptera,2025-01-27,02:49:06,,2025_01_27__02_49_06,MachineObservation,Cerro_Hoya_Expedition_Hoya_606m_grisMejua_2025-01-26_2025-01-26,Cerro_Hoya_Expedition_Hoya_606m_grisMejua_2025-01-26,grisMejua_2025_01_27__02_49_06_HDR0.jpg,grisMejua_2025_01_27__02_49_06_HDR0_0_Mothbot_yolo11m_4500_imgsz1600_b1_2024-01-18.pt.jpg
doi.org10.15468dl.6nxkw6.csv,Animalia,Arthropoda,Insecta,Lepidoptera,,,,,797,,Lepidoptera,Lepidoptera,Cerro_Hoya_Expedition_Hoya_606m_grisMejua_2025-01-26,grisMejua_2025_01_27__02_49_06_HDR0_1_Mothbot_yolo11m_4500_imgsz1600_b1_2024-01-18.pt.jpg,HS,Mothbot_yolo11m_4500_imgsz1600_b1_2024-01-18.pt,0.8179698586463928,,grisMejua,Cerro_Hoya_Expedition/Hoya_606m_grisMejua_2025-01-26/2025-01-26/patches/grisMejua_2025_01_27__02_49_06_HDR0_1_Mothbot_yolo11m_4500_imgsz1600_b1_2024-01-18.pt.jpg,ORDER_Lepidoptera,2025-01-27,02:49:06,,2025_01_27__02_49_06,MachineObservation,Cerro_Hoya_Expedition_Hoya_606m_grisMejua_2025-01-26_2025-01-26,Cerro_Hoya_Expedition_Hoya_606m_grisMejua_2025-01-26,grisMejua_2025_01_27__02_49_06_HDR0.jpg,grisMejua_2025_01_27__02_49_06_HDR0_1_Mothbot_yolo11m_4500_imgsz1600_b1_2024-01-18.pt.jpg
doi.org10.15468dl.6nxkw6.csv,Animalia,Arthropoda,Insecta,Hemiptera,,,,,809,,Hemiptera,Hemiptera,Cerro_Hoya_Expedition_Hoya_606m_grisMejua_2025-01-26,grisMejua_2025_01_27__02_49_06_HDR0_2_Mothbot_yolo11m_4500_imgsz1600_b1_2024-01-18.pt.jpg,HS,Mothbot_yolo11m_4500_imgsz1600_b1_2024-01-18.pt,0.7587994337081909,,grisMejua,Cerro_Hoya_Expedition/Hoya_606m_grisMejua_2025-01-26/2025-01-26/patches/grisMejua_2025_01_27__02_49_06_HDR0_2_Mothbot_yolo11m_4500_imgsz1600_b1_2024-01-18.pt.jpg,ORDER_Hemiptera,2025-01-27,02:49:06,,2025_01_27__02_49_06,MachineObservation,Cerro_Hoya_Expedition_Hoya_606m_grisMejua_2025-01-26_2025-01-26,Cerro_Hoya_Expedition_Hoya_606m_grisMejua_2025-01-26,grisMejua_2025_01_27__02_49_06_HDR0.jpg,grisMejua_2025_01_27__02_49_06_HDR0_2_Mothbot_yolo11m_4500_imgsz1600_b1_2024-01-18.pt.jpg
doi.org10.15468dl.6nxkw6.csv,Animalia,Arthropoda,Insecta,Lepidoptera,,,,,797,,Lepidoptera,Lepidoptera,Cerro_Hoya_Expedition_Hoya_606m_grisMejua_2025-01-26,grisMejua_2025_01_27__02_49_06_HDR0_3_Mothbot_yolo11m_4500_imgsz1600_b1_2024-01-18.pt.jpg,HS,Mothbot_yolo11m_4500_imgsz1600_b1_2024-01-18.pt,0.5947791337966919,,grisMejua,Cerro_Hoya_Expedition/Hoya_606m_grisMejua_2025-01-26/2025-01-26/patches/grisMejua_2025_01_27__02_49_06_HDR0_3_Mothbot_yolo11m_4500_imgsz1600_b1_2024-01-18.pt.jpg,ORDER_Lepidoptera,2025-01-27,02:49:06,,2025_01_27__02_49_06,MachineObservation,Cerro_Hoya_Expedition_Hoya_606m_grisMejua_2025-01-26_2025-01-26,Cerro_Hoya_Expedition_Hoya_606m_grisMejua_2025-01-26,grisMejua_2025_01_27__02_49_06_HDR0.jpg,grisMejua_2025_01_27__02_49_06_HDR0_3_Mothbot_yolo11m_4500_imgsz1600_b1_2024-01-18.pt.jpg
doi.org10.15468dl.6nxkw6.csv,Animalia,Arthropoda,Insecta,Lepidoptera,,,,,797,,Lepidoptera,Lepidoptera,Cerro_Hoya_Expedition_Hoya_606m_grisMejua_2025-01-26,grisMejua_2025_01_27__02_49_06_HDR0_4_Mothbot_yolo11m_4500_imgsz1600_b1_2024-01-18.pt.jpg,HS,Mothbot_yolo11m_4500_imgsz1600_b1_2024-01-18.pt,0.5694687962532043,,grisMejua,Cerro_Hoya_Expedition/Hoya_606m_grisMejua_2025-01-26/2025-01-26/patches/grisMejua_2025_01_27__02_49_06_HDR0_4_Mothbot_yolo11m_4500_imgsz1600_b1_2024-01-18.pt.jpg,ORDER_Lepidoptera,2025-01-27,02:49:06,,2025_01_27__02_49_06,MachineObservation,Cerro_Hoya_Expedition_Hoya_606m_grisMejua_2025-01-26_2025-01-26,Cerro_Hoya_Expedition_Hoya_606m_grisMejua_2025-01-26,grisMejua_2025_01_27__02_49_06_HDR0.jpg,grisMejua_2025_01_27__02_49_06_HDR0_4_Mothbot_yolo11m_4500_imgsz1600_b1_2024-01-18.pt.jpg
doi.org10.15468dl.6nxkw6.csv,Animalia,Arthropoda,Insecta,Lepidoptera,,,,,797,,Lepidoptera,Lepidoptera,Cerro_Hoya_Expedition_Hoya_606m_grisMejua_2025-01-26,grisMejua_2025_01_27__02_49_06_HDR0_5_Mothbot_yolo11m_4500_imgsz1600_b1_2024-01-18.pt.jpg,HS,Mothbot_yolo11m_4500_imgsz1600_b1_2024-01-18.pt,0.37357470393180847,,grisMejua,Cerro_Hoya_Expedition/Hoya_606m_grisMejua_2025-01-26/2025-01-26/patches/grisMejua_2025_01_27__02_49_06_HDR0_5_Mothbot_yolo11m_4500_imgsz1600_b1_2024-01-18.pt.jpg,ORDER_Lepidoptera,2025-01-27,02:49:06,,2025_01_27__02_49_06,MachineObservation,Cerro_Hoya_Expedition_Hoya_606m_grisMejua_2025-01-26_2025-01-26,Cerro_Hoya_Expedition_Hoya_606m_grisMejua_2025-01-26,grisMejua_2025_01_27__02_49_06_HDR0.jpg,grisMejua_2025_01_27__02_49_06_HDR0_5_Mothbot_yolo11m_4500_imgsz1600_b1_2024-01-18.pt.jpg
doi.org10.15468dl.6nxkw6.csv,Animalia,Arthropoda,Insecta,Lepidoptera,,,,,797,,Lepidoptera,Lepidoptera,Cerro_Hoya_Expedition_Hoya_606m_grisMejua_2025-01-26,grisMejua_2025_01_27__02_50_22_HDR0_0_Mothbot_yolo11m_4500_imgsz1600_b1_2024-01-18.pt.jpg,HS,Mothbot_yolo11m_4500_imgsz1600_b1_2024-01-18.pt,0.8400407433509827,,grisMejua,Cerro_Hoya_Expedition/Hoya_606m_grisMejua_2025-01-26/2025-01-26/patches/grisMejua_2025_01_27__02_50_22_HDR0_0_Mothbot_yolo11m_4500_imgsz1600_b1_2024-01-18.pt.jpg,ORDER_Lepidoptera,2025-01-27,02:50:22,,2025_01_27__02_50_22,MachineObservation,Cerro_Hoya_Expedition_Hoya_606m_grisMejua_2025-01-26_2025-01-26,Cerro_Hoya_Expedition_Hoya_606m_grisMejua_2025-01-26,grisMejua_2025_01_27__02_50_22_HDR0.jpg,grisMejua_2025_01_27__02_50_22_HDR0_0_Mothbot_yolo11m_4500_imgsz1600_b1_2024-01-18.pt.jpg
doi.org10.15468dl.6nxkw6.csv,Animalia,Arthropoda,Insecta,Lepidoptera,,,,,797,,Lepidoptera,Lepidoptera,Cerro_Hoya_Expedition_Hoya_606m_grisMejua_2025-01-26,grisMejua_2025_01_27__02_50_22_HDR0_1_Mothbot_yolo11m_4500_imgsz1600_b1_2024-01-18.pt.jpg,HS,Mothbot_yolo11m_4500_imgsz1600_b1_2024-01-18.pt,0.8147323131561279,,grisMejua,Cerro_Hoya_Expedition/Hoya_606m_grisMejua_2025-01-26/2025-01-26/patches/grisMejua_2025_01_27__02_50_22_HDR0_1_Mothbot_yolo11m_4500_imgsz1600_b1_2024-01-18.pt.jpg,ORDER_Lepidoptera,2025-01-27,02:50:22,,2025_01_27__02_50_22,MachineObservation,Cerro_Hoya_Expedition_Hoya_606m_grisMejua_2025-01-26_2025-01-26,Cerro_Hoya_Expedition_Hoya_606m_grisMejua_2025-01-26,grisMejua_2025_01_27__02_50_22_HDR0.jpg,grisMejua_2025_01_27__02_50_22_HDR0_1_Mothbot_yolo11m_4500_imgsz1600_b1_2024-01-18.pt.jpg
doi.org10.15468dl.6nxkw6.csv,Animalia,Arthropoda,Insecta,Hemiptera,,,,,809,,Hemiptera,Hemiptera,Cerro_Hoya_Expedition_Hoya_606m_grisMejua_2025-01-26,grisMejua_2025_01_27__02_50_22_HDR0_2_Mothbot_yolo11m_4500_imgsz1600_b1_2024-01-18.pt.jpg,HS,Mothbot_yolo11m_4500_imgsz1600_b1_2024-01-18.pt,0.8077848553657532,,grisMejua,Cerro_Hoya_Expedition/Hoya_606m_grisMejua_2025-01-26/2025-01-26/patches/grisMejua_2025_01_27__02_50_22_HDR0_2_Mothbot_yolo11m_4500_imgsz1600_b1_2024-01-18.pt.jpg,ORDER_Hemiptera,2025-01-27,02:50:22,,2025_01_27__02_50_22,MachineObservation,Cerro_Hoya_Expedition_Hoya_606m_grisMejua_2025-01-26_2025-01-26,Cerro_Hoya_Expedition_Hoya_606m_grisMejua_2025-01-26,grisMejua_2025_01_27__02_50_22_HDR0.jpg,grisMejua_2025_01_27__02_50_22_HDR0_2_Mothbot_yolo11m_4500_imgsz1600_b1_2024-01-18.pt.jpg
doi.org10.15468dl.6nxkw6.csv,Animalia,Arthropoda,Insecta,Diptera,,,,,811,,Diptera,Diptera,Cerro_Hoya_Expedition_Hoya_606m_grisMejua_2025-01-26,grisMejua_2025_01_27__02_50_22_HDR0_3_Mothbot_yolo11m_4500_imgsz1600_b1_2024-01-18.pt.jpg,HS,Mothbot_yolo11m_4500_imgsz1600_b1_2024-01-18.pt,0.7924401164054871,,grisMejua,Cerro_Hoya_Expedition/Hoya_606m_grisMejua_2025-01-26/2025-01-26/patches/grisMejua_2025_01_27__02_50_22_HDR0_3_Mothbot_yolo11m_4500_imgsz1600_b1_2024-01-18.pt.jpg,ORDER_Hemiptera,2025-01-27,02:50:22,,2025_01_27__02_50_22,MachineObservation,Cerro_Hoya_Expedition_Hoya_606m_grisMejua_2025-01-26_2025-01-26,Cerro_Hoya_Expedition_Hoya_606m_grisMejua_2025-01-26,grisMejua_2025_01_27__02_50_22_HDR0.jpg,grisMejua_2025_01_27__02_50_22_HDR0_3_Mothbot_yolo11m_4500_imgsz1600_b1_2024-01-18.pt.jpg
doi.org10.15468dl.6nxkw6.csv,Animalia,Arthropoda,Insecta,Coleoptera,,,,Coleoptera8,1470,,Coleoptera,Coleoptera8,Cerro_Hoya_Expedition_Hoya_606m_grisMejua_2025-01-26,grisMejua_2025_01_27__02_50_22_HDR0_4_Mothbot_yolo11m_4500_imgsz1600_b1_2024-01-18.pt.jpg,HS,Mothbot_yolo11m_4500_imgsz1600_b1_2024-01-18.pt,0.6552420854568481,,grisMejua,Cerro_Hoya_Expedition/Hoya_606m_grisMejua_2025-01-26/2025-01-26/patches/grisMejua_2025_01_27__02_50_22_HDR0_4_Mothbot_yolo11m_4500_imgsz1600_b1_2024-01-18.pt.jpg,ORDER_Hemiptera,2025-01-27,02:50:22,,2025_01_27__02_50_22,MachineObservation,Cerro_Hoya_Expedition_Hoya_606m_grisMejua_2025-01-26_2025-01-26,Cerro_Hoya_Expedition_Hoya_606m_grisMejua_2025-01-26,grisMejua_2025_01_27__02_50_22_HDR0.jpg,grisMejua_2025_01_27__02_50_22_HDR0_4_Mothbot_yolo11m_4500_imgsz1600_b1_2024-01-18.pt.jpg
doi.org10.15468dl.6nxkw6.csv,Animalia,Arthropoda,Insecta,Lepidoptera,,,,,797,,Lepidoptera,Lepidoptera,Cerro_Hoya_Expedition_Hoya_606m_grisMejua_2025-01-26,grisMejua_2025_01_27__02_50_22_HDR0_5_Mothbot_yolo11m_4500_imgsz1600_b1_2024-01-18.pt.jpg,HS,Mothbot_yolo11m_4500_imgsz1600_b1_2024-01-18.pt,0.5224182605743408,,grisMejua,Cerro_Hoya_Expedition/Hoya_606m_grisMejua_2025-01-26/2025-01-26/patches/grisMejua_2025_01_27__02_50_22_HDR0_5_Mothbot_yolo11m_4500_imgsz1600_b1_2024-01-18.pt.jpg,ORDER_Lepidoptera,2025-01-27,02:50:22,,2025_01_27__02_50_22,MachineObservation,Cerro_Hoya_Expedition_Hoya_606m_grisMejua_2025-01-26_2025-01-26,Cerro_Hoya_Expedition_Hoya_606m_grisMejua_2025-01-26,grisMejua_2025_01_27__02_50_22_HDR0.jpg,grisMejua_2025_01_27__02_50_22_HDR0_5_Mothbot_yolo11m_4500_imgsz1600_b1_2024-01-18.pt.jpg
doi.org10.15468dl.6nxkw6.csv,Animalia,Arthropoda,Insecta,Lepidoptera,,,,,797,,Lepidoptera,Lepidoptera,Cerro_Hoya_Expedition_Hoya_606m_grisMejua_2025-01-26,grisMejua_2025_01_27__02_50_22_HDR0_6_Mothbot_yolo11m_4500_imgsz1600_b1_2024-01-18.pt.jpg,HS,Mothbot_yolo11m_4500_imgsz1600_b1_2024-01-18.pt,0.40158501267433167,,grisMejua,Cerro_Hoya_Expedition/Hoya_606m_grisMejua_2025-01-26/2025-01-26/patches/grisMejua_2025_01_27__02_50_22_HDR0_6_Mothbot_yolo11m_4500_imgsz1600_b1_2024-01-18.pt.jpg,ORDER_Lepidoptera,2025-01-27,02:50:22,,2025_01_27__02_50_22,MachineObservation,Cerro_Hoya_Expedition_Hoya_606m_grisMejua_2025-01-26_2025-01-26,Cerro_Hoya_Expedition_Hoya_606m_grisMejua_2025-01-26,grisMejua_2025_01_27__02_50_22_HDR0.jpg,grisMejua_2025_01_27__02_50_22_HDR0_6_Mothbot_yolo11m_4500_imgsz1600_b1_2024-01-18.pt.jpg
doi.org10.15468dl.6nxkw6.csv,Animalia,Arthropoda,Insecta,Lepidoptera,,,,,797,,Lepidoptera,Lepidoptera,Cerro_Hoya_Expedition_Hoya_606m_grisMejua_2025-01-26,grisMejua_2025_01_27__02_51_05_HDR0_0_Mothbot_yolo11m_4500_imgsz1600_b1_2024-01-18.pt.jpg,HS,Mothbot_yolo11m_4500_imgsz1600_b1_2024-01-18.pt,0.8567083477973938,,grisMejua,Cerro_Hoya_Expedition/Hoya_606m_grisMejua_2025-01-26/2025-01-26/patches/grisMejua_2025_01_27__02_51_05_HDR0_0_Mothbot_yolo11m_4500_imgsz1600_b1_2024-01-18.pt.jpg,ORDER_Lepidoptera,2025-01-27,02:51:05,,2025_01_27__02_51_05,MachineObservation,Cerro_Hoya_Expedition_Hoya_606m_grisMejua_2025-01-26_2025-01-26,Cerro_Hoya_Expedition_Hoya_606m_grisMejua_2025-01-26,grisMejua_2025_01_27__02_51_05_HDR0.jpg,grisMejua_2025_01_27__02_51_05_HDR0_0_Mothbot_yolo11m_4500_imgsz1600_b1_2024-01-18.pt.jpg
doi.org10.15468dl.6nxkw6.csv,Animalia,Arthropoda,Insecta,Lepidoptera,,,,,797,,Lepidoptera,Lepidoptera,Cerro_Hoya_Expedition_Hoya_606m_grisMejua_2025-01-26,grisMejua_2025_01_27__02_51_05_HDR0_1_Mothbot_yolo11m_4500_imgsz1600_b1_2024-01-18.pt.jpg,HS,Mothbot_yolo11m_4500_imgsz1600_b1_2024-01-18.pt,0.80799800157547,,grisMejua,Cerro_Hoya_Expedition/Hoya_606m_grisMejua_2025-01-26/2025-01-26/patches/grisMejua_2025_01_27__02_51_05_HDR0_1_Mothbot_yolo11m_4500_imgsz1600_b1_2024-01-18.pt.jpg,ORDER_Lepidoptera,2025-01-27,02:51:05,,2025_01_27__02_51_05,MachineObservation,Cerro_Hoya_Expedition_Hoya_606m_grisMejua_2025-01-26_2025-01-26,Cerro_Hoya_Expedition_Hoya_606m_grisMejua_2025-01-26,grisMejua_2025_01_27__02_51_05_HDR0.jpg,grisMejua_2025_01_27__02_51_05_HDR0_1_Mothbot_yolo11m_4500_imgsz1600_b1_2024-01-18.pt.jpg
doi.org10.15468dl.6nxkw6.csv,Animalia,Arthropoda,Insecta,Lepidoptera,,,,,797,,Lepidoptera,Lepidoptera,Cerro_Hoya_Expedition_Hoya_606m_grisMejua_2025-01-26,grisMejua_2025_01_27__02_51_05_HDR0_2_Mothbot_yolo11m_4500_imgsz1600_b1_2024-01-18.pt.jpg,HS,Mothbot_yolo11m_4500_imgsz1600_b1_2024-01-18.pt,0.5783683061599731,,grisMejua,Cerro_Hoya_Expedition/Hoya_606m_grisMejua_2025-01-26/2025-01-26/patches/grisMejua_2025_01_27__02_51_05_HDR0_2_Mothbot_yolo11m_4500_imgsz1600_b1_2024-01-18.pt.jpg,ORDER_Lepidoptera,2025-01-27,02:51:05,,2025_01_27__02_51_05,MachineObservation,Cerro_Hoya_Expedition_Hoya_606m_grisMejua_2025-01-26_2025-01-26,Cerro_Hoya_Expedition_Hoya_606m_grisMejua_2025-01-26,grisMejua_2025_01_27__02_51_05_HDR0.jpg,grisMejua_2025_01_27__02_51_05_HDR0_2_Mothbot_yolo11m_4500_imgsz1600_b1_2024-01-18.pt.jpg
doi.org10.15468dl.6nxkw6.csv,Animalia,Arthropoda,Insecta,Hemiptera,,,,,809,,Hemiptera,Hemiptera,Cerro_Hoya_Expedition_Hoya_606m_grisMejua_2025-01-26,grisMejua_2025_01_27__02_51_05_HDR0_3_Mothbot_yolo11m_4500_imgsz1600_b1_2024-01-18.pt.jpg,HS,Mothbot_yolo11m_4500_imgsz1600_b1_2024-01-18.pt,0.5510552525520325,,grisMejua,Cerro_Hoya_Expedition/Hoya_606m_grisMejua_2025-01-26/2025-01-26/patches/grisMejua_2025_01_27__02_51_05_HDR0_3_Mothbot_yolo11m_4500_imgsz1600_b1_2024-01-18.pt.jpg,ORDER_Diptera,2025-01-27,02:51:05,,2025_01_27__02_51_05,MachineObservation,Cerro_Hoya_Expedition_Hoya_606m_grisMejua_2025-01-26_2025-01-26,Cerro_Hoya_Expedition_Hoya_606m_grisMejua_2025-01-26,grisMejua_2025_01_27__02_51_05_HDR0.jpg,grisMejua_2025_01_27__02_51_05_HDR0_3_Mothbot_yolo11m_4500_imgsz1600_b1_2024-01-18.pt.jpg
doi.org10.15468dl.6nxkw6.csv,Animalia,Arthropoda,Insecta,Coleoptera,,,,Coleoptera8,1470,,Coleoptera,Coleoptera8,Cerro_Hoya_Expedition_Hoya_606m_grisMejua_2025-01-26,grisMejua_2025_01_27__02_51_05_HDR0_4_Mothbot_yolo11m_4500_imgsz1600_b1_2024-01-18.pt.jpg,HS,Mothbot_yolo11m_4500_imgsz1600_b1_2024-01-18.pt,0.40494492650032043,,grisMejua,Cerro_Hoya_Expedition/Hoya_606m_grisMejua_2025-01-26/2025-01-26/patches/grisMejua_2025_01_27__02_51_05_HDR0_4_Mothbot_yolo11m_4500_imgsz1600_b1_2024-01-18.pt.jpg,ORDER_Hemiptera,2025-01-27,02:51:05,,2025_01_27__02_51_05,MachineObservation,Cerro_Hoya_Expedition_Hoya_606m_grisMejua_2025-01-26_2025-01-26,Cerro_Hoya_Expedition_Hoya_606m_grisMejua_2025-01-26,grisMejua_2025_01_27__02_51_05_HDR0.jpg,grisMejua_2025_01_27__02_51_05_HDR0_4_Mothbot_yolo11m_4500_imgsz1600_b1_2024-01-18.pt.jpg
,,,,,,,,,,,,ERROR,Cerro_Hoya_Expedition_Hoya_606m_grisMejua_2025-01-26,grisMejua_2025_01_27__02_51_05_HDR0_5_Mothbot_yolo11m_4500_imgsz1600_b1_2024-01-18.pt.jpg,HS,Mothbot_yolo11m_4500_imgsz1600_b1_2024-01-18.pt,0.39732420444488525,,grisMejua,Cerro_Hoya_Expedition/Hoya_606m_grisMejua_2025-01-26/2025-01-26/patches/grisMejua_2025_01_27__02_51_05_HDR0_5_Mothbot_yolo11m_4500_imgsz1600_b1_2024-01-18.pt.jpg,ORDER_Psocodea,2025-01-27,02:51:05,,2025_01_27__02_51_05,MachineObservation,Cerro_Hoya_Expedition_Hoya_606m_grisMejua_2025-01-26_2025-01-26,Cerro_Hoya_Expedition_Hoya_606m_grisMejua_2025-01-26,grisMejua_2025_01_27__02_51_05_HDR0.jpg,grisMejua_2025_01_27__02_51_05_HDR0_5_Mothbot_yolo11m_4500_imgsz1600_b1_2024-01-18.pt.jpg
doi.org10.15468dl.6nxkw6.csv,Animalia,Arthropoda,Insecta,Lepidoptera,,,,,797,,Lepidoptera,Lepidoptera,Cerro_Hoya_Expedition_Hoya_606m_grisMejua_2025-01-26,grisMejua_2025_01_27__02_52_05_HDR0_0_Mothbot_yolo11m_4500_imgsz1600_b1_2024-01-18.pt.jpg,HS,Mothbot_yolo11m_4500_imgsz1600_b1_2024-01-18.pt,0.8028720617294312,,grisMejua,Cerro_Hoya_Expedition/Hoya_606m_grisMejua_2025-01-26/2025-01-26/patches/grisMejua_2025_01_27__02_52_05_HDR0_0_Mothbot_yolo11m_4500_imgsz1600_b1_2024-01-18.pt.jpg,ORDER_Lepidoptera,2025-01-27,02:52:05,,2025_01_27__02_52_05,MachineObservation,Cerro_Hoya_Expedition_Hoya_606m_grisMejua_2025-01-26_2025-01-26,Cerro_Hoya_Expedition_Hoya_606m_grisMejua_2025-01-26,grisMejua_2025_01_27__02_52_05_HDR0.jpg,grisMejua_2025_01_27__02_52_05_HDR0_0_Mothbot_yolo11m_4500_imgsz1600_b1_2024-01-18.pt.jpg
doi.org10.15468dl.6nxkw6.csv,Animalia,Arthropoda,Insecta,Lepidoptera,,,,,797,,Lepidoptera,Lepidoptera,Cerro_Hoya_Expedition_Hoya_606m_grisMejua_2025-01-26,grisMejua_2025_01_27__02_52_05_HDR0_1_Mothbot_yolo11m_4500_imgsz1600_b1_2024-01-18.pt.jpg,HS,Mothbot_yolo11m_4500_imgsz1600_b1_2024-01-18.pt,0.7839173674583435,,grisMejua,Cerro_Hoya_Expedition/Hoya_606m_grisMejua_2025-01-26/2025-01-26/patches/grisMejua_2025_01_27__02_52_05_HDR0_1_Mothbot_yolo11m_4500_imgsz1600_b1_2024-01-18.pt.jpg,ORDER_Lepidoptera,2025-01-27,02:52:05,,2025_01_27__02_52_05,MachineObservation,Cerro_Hoya_Expedition_Hoya_606m_grisMejua_2025-01-26_2025-01-26,Cerro_Hoya_Expedition_Hoya_606m_grisMejua_2025-01-26,grisMejua_2025_01_27__02_52_05_HDR0.jpg,grisMejua_2025_01_27__02_52_05_HDR0_1_Mothbot_yolo11m_4500_imgsz1600_b1_2024-01-18.pt.jpg
doi.org10.15468dl.6nxkw6.csv,Animalia,Arthropoda,Insecta,,,,,,216,,Insecta,Insecta,Cerro_Hoya_Expedition_Hoya_606m_grisMejua_2025-01-26,grisMejua_2025_01_27__02_52_05_HDR0_2_Mothbot_yolo11m_4500_imgsz1600_b1_2024-01-18.pt.jpg,HS,Mothbot_yolo11m_4500_imgsz1600_b1_2024-01-18.pt,0.662285566329956,,grisMejua,Cerro_Hoya_Expedition/Hoya_606m_grisMejua_2025-01-26/2025-01-26/patches/grisMejua_2025_01_27__02_52_05_HDR0_2_Mothbot_yolo11m_4500_imgsz1600_b1_2024-01-18.pt.jpg,ORDER_Diptera,2025-01-27,02:52:05,,2025_01_27__02_52_05,MachineObservation,Cerro_Hoya_Expedition_Hoya_606m_grisMejua_2025-01-26_2025-01-26,Cerro_Hoya_Expedition_Hoya_606m_grisMejua_2025-01-26,grisMejua_2025_01_27__02_52_05_HDR0.jpg,grisMejua_2025_01_27__02_52_05_HDR0_2_Mothbot_yolo11m_4500_imgsz1600_b1_2024-01-18.pt.jpg
doi.org10.15468dl.6nxkw6.csv,Animalia,Arthropoda,Insecta,Lepidoptera,,,,,797,,Lepidoptera,Lepidoptera,Cerro_Hoya_Expedition_Hoya_606m_grisMejua_2025-01-26,grisMejua_2025_01_27__02_52_05_HDR0_3_Mothbot_yolo11m_4500_imgsz1600_b1_2024-01-18.pt.jpg,HS,Mothbot_yolo11m_4500_imgsz1600_b1_2024-01-18.pt,0.6298725605010986,,grisMejua,Cerro_Hoya_Expedition/Hoya_606m_grisMejua_2025-01-26/2025-01-26/patches/grisMejua_2025_01_27__02_52_05_HDR0_3_Mothbot_yolo11m_4500_imgsz1600_b1_2024-01-18.pt.jpg,ORDER_Lepidoptera,2025-01-27,02:52:05,,2025_01_27__02_52_05,MachineObservation,Cerro_Hoya_Expedition_Hoya_606m_grisMejua_2025-01-26_2025-01-26,Cerro_Hoya_Expedition_Hoya_606m_grisMejua_2025-01-26,grisMejua_2025_01_27__02_52_05_HDR0.jpg,grisMejua_2025_01_27__02_52_05_HDR0_3_Mothbot_yolo11m_4500_imgsz1600_b1_2024-01-18.pt.jpg
doi.org10.15468dl.6nxkw6.csv,Animalia,Arthropoda,Insecta,Coleoptera,,,,Coleoptera8,1470,,Coleoptera,Coleoptera8,Cerro_Hoya_Expedition_Hoya_606m_grisMejua_2025-01-26,grisMejua_2025_01_27__02_52_05_HDR0_4_Mothbot_yolo11m_4500_imgsz1600_b1_2024-01-18.pt.jpg,HS,Mothbot_yolo11m_4500_imgsz1600_b1_2024-01-18.pt,0.5868779420852661,,grisMejua,Cerro_Hoya_Expedition/Hoya_606m_grisMejua_2025-01-26/2025-01-26/patches/grisMejua_2025_01_27__02_52_05_HDR0_4_Mothbot_yolo11m_4500_imgsz1600_b1_2024-01-18.pt.jpg,ORDER_Hemiptera,2025-01-27,02:52:05,,2025_01_27__02_52_05,MachineObservation,Cerro_Hoya_Expedition_Hoya_606m_grisMejua_2025-01-26_2025-01-26,Cerro_Hoya_Expedition_Hoya_606m_grisMejua_2025-01-26,grisMejua_2025_01_27__02_52_05_HDR0.jpg,grisMejua_2025_01_27__02_52_05_HDR0_4_Mothbot_yolo11m_4500_imgsz1600_b1_2024-01-18.pt.jpg
,,,,,,,,,,,,ERROR,Cerro_Hoya_Expedition_Hoya_606m_grisMejua_2025-01-26,grisMejua_2025_01_27__02_52_05_HDR0_5_Mothbot_yolo11m_4500_imgsz1600_b1_2024-01-18.pt.jpg,HS,Mothbot_yolo11m_4500_imgsz1600_b1_2024-01-18.pt,0.5317456126213074,,grisMejua,Cerro_Hoya_Expedition/Hoya_606m_grisMejua_2025-01-26/2025-01-26/patches/grisMejua_2025_01_27__02_52_05_HDR0_5_Mothbot_yolo11m_4500_imgsz1600_b1_2024-01-18.pt.jpg,ORDER_Psocodea,2025-01-27,02:52:05,,2025_01_27__02_52_05,MachineObservation,Cerro_Hoya_Expedition_Hoya_606m_grisMejua_2025-01-26_2025-01-26,Cerro_Hoya_Expedition_Hoya_606m_grisMejua_2025-01-26,grisMejua_2025_01_27__02_52_05_HDR0.jpg,grisMejua_2025_01_27__02_52_05_HDR0_5_Mothbot_yolo11m_4500_imgsz1600_b1_2024-01-18.pt.jpg
doi.org10.15468dl.6nxkw6.csv,Animalia,Arthropoda,Insecta,Lepidoptera,,,,,797,,Lepidoptera,Lepidoptera,Cerro_Hoya_Expedition_Hoya_606m_grisMejua_2025-01-26,grisMejua_2025_01_27__02_53_06_HDR0_0_Mothbot_yolo11m_4500_imgsz1600_b1_2024-01-18.pt.jpg,HS,Mothbot_yolo11m_4500_imgsz1600_b1_2024-01-18.pt,0.7918556332588196,,grisMejua,Cerro_Hoya_Expedition/Hoya_606m_grisMejua_2025-01-26/2025-01-26/patches/grisMejua_2025_01_27__02_53_06_HDR0_0_Mothbot_yolo11m_4500_imgsz1600_b1_2024-01-18.pt.jpg,ORDER_Lepidoptera,2025-01-27,02:53:06,,2025_01_27__02_53_06,MachineObservation,Cerro_Hoya_Expedition_Hoya_606m_grisMejua_2025-01-26_2025-01-26,Cerro_Hoya_Expedition_Hoya_606m_grisMejua_2025-01-26,grisMejua_2025_01_27__02_53_06_HDR0.jpg,grisMejua_2025_01_27__02_53_06_HDR0_0_Mothbot_yolo11m_4500_imgsz1600_b1_2024-01-18.pt.jpg
doi.org10.15468dl.6nxkw6.csv,Animalia,Arthropoda,Insecta,Hemiptera,,,,,809,,Hemiptera,Hemiptera,Cerro_Hoya_Expedition_Hoya_606m_grisMejua_2025-01-26,grisMejua_2025_01_27__02_53_06_HDR0_1_Mothbot_yolo11m_4500_imgsz1600_b1_2024-01-18.pt.jpg,HS,Mothbot_yolo11m_4500_imgsz1600_b1_2024-01-18.pt,0.5676529407501221,,grisMejua,Cerro_Hoya_Expedition/Hoya_606m_grisMejua_2025-01-26/2025-01-26/patches/grisMejua_2025_01_27__02_53_06_HDR0_1_Mothbot_yolo11m_4500_imgsz1600_b1_2024-01-18.pt.jpg,ORDER_Blattodea,2025-01-27,02:53:06,,2025_01_27__02_53_06,MachineObservation,Cerro_Hoya_Expedition_Hoya_606m_grisMejua_2025-01-26_2025-01-26,Cerro_Hoya_Expedition_Hoya_606m_grisMejua_2025-01-26,grisMejua_2025_01_27__02_53_06_HDR0.jpg,grisMejua_2025_01_27__02_53_06_HDR0_1_Mothbot_yolo11m_4500_imgsz1600_b1_2024-01-18.pt.jpg
doi.org10.15468dl.6nxkw6.csv,Animalia,Arthropoda,Insecta,Coleoptera,,,,Coleoptera_unknown,1470,,Coleoptera,Coleoptera_unknown,Cerro_Hoya_Expedition_Hoya_606m_grisMejua_2025-01-26,grisMejua_2025_01_27__02_53_06_HDR0_2_Mothbot_yolo11m_4500_imgsz1600_b1_2024-01-18.pt.jpg,HS,Mothbot_yolo11m_4500_imgsz1600_b1_2024-01-18.pt,0.5581662654876709,,grisMejua,Cerro_Hoya_Expedition/Hoya_606m_grisMejua_2025-01-26/2025-01-26/patches/grisMejua_2025_01_27__02_53_06_HDR0_2_Mothbot_yolo11m_4500_imgsz1600_b1_2024-01-18.pt.jpg,ORDER_Coleoptera,2025-01-27,02:53:06,,2025_01_27__02_53_06,MachineObservation,Cerro_Hoya_Expedition_Hoya_606m_grisMejua_2025-01-26_2025-01-26,Cerro_Hoya_Expedition_Hoya_606m_grisMejua_2025-01-26,grisMejua_2025_01_27__02_53_06_HDR0.jpg,grisMejua_2025_01_27__02_53_06_HDR0_2_Mothbot_yolo11m_4500_imgsz1600_b1_2024-01-18.pt.jpg
doi.org10.15468dl.6nxkw6.csv,Animalia,Arthropoda,Insecta,Lepidoptera,,,,,797,,Lepidoptera,Lepidoptera,Cerro_Hoya_Expedition_Hoya_606m_grisMejua_2025-01-26,grisMejua_2025_01_27__02_53_06_HDR0_3_Mothbot_yolo11m_4500_imgsz1600_b1_2024-01-18.pt.jpg,HS,Mothbot_yolo11m_4500_imgsz1600_b1_2024-01-18.pt,0.5394701957702637,,grisMejua,Cerro_Hoya_Expedition/Hoya_606m_grisMejua_2025-01-26/2025-01-26/patches/grisMejua_2025_01_27__02_53_06_HDR0_3_Mothbot_yolo11m_4500_imgsz1600_b1_2024-01-18.pt.jpg,ORDER_Lepidoptera,2025-01-27,02:53:06,,2025_01_27__02_53_06,MachineObservation,Cerro_Hoya_Expedition_Hoya_606m_grisMejua_2025-01-26_2025-01-26,Cerro_Hoya_Expedition_Hoya_606m_grisMejua_2025-01-26,grisMejua_2025_01_27__02_53_06_HDR0.jpg,grisMejua_2025_01_27__02_53_06_HDR0_3_Mothbot_yolo11m_4500_imgsz1600_b1_2024-01-18.pt.jpg
,,,,,,,,,,,,ERROR,Cerro_Hoya_Expedition_Hoya_606m_grisMejua_2025-01-26,grisMejua_2025_01_27__02_53_06_HDR0_4_Mothbot_yolo11m_4500_imgsz1600_b1_2024-01-18.pt.jpg,HS,Mothbot_yolo11m_4500_imgsz1600_b1_2024-01-18.pt,0.5385644435882568,,grisMejua,Cerro_Hoya_Expedition/Hoya_606m_grisMejua_2025-01-26/2025-01-26/patches/grisMejua_2025_01_27__02_53_06_HDR0_4_Mothbot_yolo11m_4500_imgsz1600_b1_2024-01-18.pt.jpg,ORDER_Lepidoptera,2025-01-27,02:53:06,,2025_01_27__02_53_06,MachineObservation,Cerro_Hoya_Expedition_Hoya_606m_grisMejua_2025-01-26_2025-01-26,Cerro_Hoya_Expedition_Hoya_606m_grisMejua_2025-01-26,grisMejua_2025_01_27__02_53_06_HDR0.jpg,grisMejua_2025_01_27__02_53_06_HDR0_4_Mothbot_yolo11m_4500_imgsz1600_b1_2024-01-18.pt.jpg
doi.org10.15468dl.6nxkw6.csv,Animalia,Arthropoda,Insecta,Coleoptera,,,,Coleoptera8,1470,,Coleoptera,Coleoptera8,Cerro_Hoya_Expedition_Hoya_606m_grisMejua_2025-01-26,grisMejua_2025_01_27__02_53_06_HDR0_5_Mothbot_yolo11m_4500_imgsz1600_b1_2024-01-18.pt.jpg,HS,Mothbot_yolo11m_4500_imgsz1600_b1_2024-01-18.pt,0.4946458041667938,,grisMejua,Cerro_Hoya_Expedition/Hoya_606m_grisMejua_2025-01-26/2025-01-26/patches/grisMejua_2025_01_27__02_53_06_HDR0_5_Mothbot_yolo11m_4500_imgsz1600_b1_2024-01-18.pt.jpg,ORDER_Psocodea,2025-01-27,02:53:06,,2025_01_27__02_53_06,MachineObservation,Cerro_Hoya_Expedition_Hoya_606m_grisMejua_2025-01-26_2025-01-26,Cerro_Hoya_Expedition_Hoya_606m_grisMejua_2025-01-26,grisMejua_2025_01_27__02_53_06_HDR0.jpg,grisMejua_2025_01_27__02_53_06_HDR0_5_Mothbot_yolo11m_4500_imgsz1600_b1_2024-01-18.pt.jpg
doi.org10.15468dl.6nxkw6.csv,Animalia,Arthropoda,Insecta,Lepidoptera,,,,,797,,Lepidoptera,Lepidoptera,Cerro_Hoya_Expedition_Hoya_606m_grisMejua_2025-01-26,grisMejua_2025_01_27__02_54_06_HDR0_0_Mothbot_yolo11m_4500_imgsz1600_b1_2024-01-18.pt.jpg,HS,Mothbot_yolo11m_4500_imgsz1600_b1_2024-01-18.pt,0.8283296823501587,,grisMejua,Cerro_Hoya_Expedition/Hoya_606m_grisMejua_2025-01-26/2025-01-26/patches/grisMejua_2025_01_27__02_54_06_HDR0_0_Mothbot_yolo11m_4500_imgsz1600_b1_2024-01-18.pt.jpg,ORDER_Lepidoptera,2025-01-27,02:54:06,,2025_01_27__02_54_06,MachineObservation,Cerro_Hoya_Expedition_Hoya_606m_grisMejua_2025-01-26_2025-01-26,Cerro_Hoya_Expedition_Hoya_606m_grisMejua_2025-01-26,grisMejua_2025_01_27__02_54_06_HDR0.jpg,grisMejua_2025_01_27__02_54_06_HDR0_0_Mothbot_yolo11m_4500_imgsz1600_b1_2024-01-18.pt.jpg
doi.org10.15468dl.6nxkw6.csv,Animalia,Arthropoda,Insecta,Lepidoptera,,,,,797,,Lepidoptera,Lepidoptera,Cerro_Hoya_Expedition_Hoya_606m_grisMejua_2025-01-26,grisMejua_2025_01_27__02_54_06_HDR0_1_Mothbot_yolo11m_4500_imgsz1600_b1_2024-01-18.pt.jpg,HS,Mothbot_yolo11m_4500_imgsz1600_b1_2024-01-18.pt,0.8267484307289124,,grisMejua,Cerro_Hoya_Expedition/Hoya_606m_grisMejua_2025-01-26/2025-01-26/patches/grisMejua_2025_01_27__02_54_06_HDR0_1_Mothbot_yolo11m_4500_imgsz1600_b1_2024-01-18.pt.jpg,ORDER_Lepidoptera,2025-01-27,02:54:06,,2025_01_27__02_54_06,MachineObservation,Cerro_Hoya_Expedition_Hoya_606m_grisMejua_2025-01-26_2025-01-26,Cerro_Hoya_Expedition_Hoya_606m_grisMejua_2025-01-26,grisMejua_2025_01_27__02_54_06_HDR0.jpg,grisMejua_2025_01_27__02_54_06_HDR0_1_Mothbot_yolo11m_4500_imgsz1600_b1_2024-01-18.pt.jpg
doi.org10.15468dl.6nxkw6.csv,Animalia,Arthropoda,Insecta,Lepidoptera,,,,,797,,Lepidoptera,Lepidoptera,Cerro_Hoya_Expedition_Hoya_606m_grisMejua_2025-01-26,grisMejua_2025_01_27__02_54_06_HDR0_2_Mothbot_yolo11m_4500_imgsz1600_b1_2024-01-18.pt.jpg,HS,Mothbot_yolo11m_4500_imgsz1600_b1_2024-01-18.pt,0.7749751210212708,,grisMejua,Cerro_Hoya_Expedition/Hoya_606m_grisMejua_2025-01-26/2025-01-26/patches/grisMejua_2025_01_27__02_54_06_HDR0_2_Mothbot_yolo11m_4500_imgsz1600_b1_2024-01-18.pt.jpg,ORDER_Lepidoptera,2025-01-27,02:54:06,,2025_01_27__02_54_06,MachineObservation,Cerro_Hoya_Expedition_Hoya_606m_grisMejua_2025-01-26_2025-01-26,Cerro_Hoya_Expedition_Hoya_606m_grisMejua_2025-01-26,grisMejua_2025_01_27__02_54_06_HDR0.jpg,grisMejua_2025_01_27__02_54_06_HDR0_2_Mothbot_yolo11m_4500_imgsz1600_b1_2024-01-18.pt.jpg
doi.org10.15468dl.6nxkw6.csv,Animalia,Arthropoda,Insecta,Hemiptera,,,,,809,,Hemiptera,Hemiptera,Cerro_Hoya_Expedition_Hoya_606m_grisMejua_2025-01-26,grisMejua_2025_01_27__02_54_06_HDR0_3_Mothbot_yolo11m_4500_imgsz1600_b1_2024-01-18.pt.jpg,HS,Mothbot_yolo11m_4500_imgsz1600_b1_2024-01-18.pt,0.7070883512496948,,grisMejua,Cerro_Hoya_Expedition/Hoya_606m_grisMejua_2025-01-26/2025-01-26/patches/grisMejua_2025_01_27__02_54_06_HDR0_3_Mothbot_yolo11m_4500_imgsz1600_b1_2024-01-18.pt.jpg,ORDER_Hemiptera,2025-01-27,02:54:06,,2025_01_27__02_54_06,MachineObservation,Cerro_Hoya_Expedition_Hoya_606m_grisMejua_2025-01-26_2025-01-26,Cerro_Hoya_Expedition_Hoya_606m_grisMejua_2025-01-26,grisMejua_2025_01_27__02_54_06_HDR0.jpg,grisMejua_2025_01_27__02_54_06_HDR0_3_Mothbot_yolo11m_4500_imgsz1600_b1_2024-01-18.pt.jpg
doi.org10.15468dl.6nxkw6.csv,Animalia,Arthropoda,Insecta,Hemiptera,,,,,809,,Hemiptera,Hemiptera,Cerro_Hoya_Expedition_Hoya_606m_grisMejua_2025-01-26,grisMejua_2025_01_27__02_54_06_HDR0_4_Mothbot_yolo11m_4500_imgsz1600_b1_2024-01-18.pt.jpg,HS,Mothbot_yolo11m_4500_imgsz1600_b1_2024-01-18.pt,0.6672220230102539,,grisMejua,Cerro_Hoya_Expedition/Hoya_606m_grisMejua_2025-01-26/2025-01-26/patches/grisMejua_2025_01_27__02_54_06_HDR0_4_Mothbot_yolo11m_4500_imgsz1600_b1_2024-01-18.pt.jpg,ORDER_Psocodea,2025-01-27,02:54:06,,2025_01_27__02_54_06,MachineObservation,Cerro_Hoya_Expedition_Hoya_606m_grisMejua_2025-01-26_2025-01-26,Cerro_Hoya_Expedition_Hoya_606m_grisMejua_2025-01-26,grisMejua_2025_01_27__02_54_06_HDR0.jpg,grisMejua_2025_01_27__02_54_06_HDR0_4_Mothbot_yolo11m_4500_imgsz1600_b1_2024-01-18.pt.jpg
doi.org10.15468dl.6nxkw6.csv,Animalia,Arthropoda,Insecta,Lepidoptera,,,,,797,,Lepidoptera,Lepidoptera,Cerro_Hoya_Expedition_Hoya_606m_grisMejua_2025-01-26,grisMejua_2025_01_27__02_54_06_HDR0_5_Mothbot_yolo11m_4500_imgsz1600_b1_2024-01-18.pt.jpg,HS,Mothbot_yolo11m_4500_imgsz1600_b1_2024-01-18.pt,0.584457516670227,,grisMejua,Cerro_Hoya_Expedition/Hoya_606m_grisMejua_2025-01-26/2025-01-26/patches/grisMejua_2025_01_27__02_54_06_HDR0_5_Mothbot_yolo11m_4500_imgsz1600_b1_2024-01-18.pt.jpg,ORDER_Lepidoptera,2025-01-27,02:54:06,,2025_01_27__02_54_06,MachineObservation,Cerro_Hoya_Expedition_Hoya_606m_grisMejua_2025-01-26_2025-01-26,Cerro_Hoya_Expedition_Hoya_606m_grisMejua_2025-01-26,grisMejua_2025_01_27__02_54_06_HDR0.jpg,grisMejua_2025_01_27__02_54_06_HDR0_5_Mothbot_yolo11m_4500_imgsz1600_b1_2024-01-18.pt.jpg
,,,,,,,,,,,,ERROR,Cerro_Hoya_Expedition_Hoya_606m_grisMejua_2025-01-26,grisMejua_2025_01_27__02_54_06_HDR0_6_Mothbot_yolo11m_4500_imgsz1600_b1_2024-01-18.pt.jpg,HS,Mothbot_yolo11m_4500_imgsz1600_b1_2024-01-18.pt,0.5423263311386108,,grisMejua,Cerro_Hoya_Expedition/Hoya_606m_grisMejua_2025-01-26/2025-01-26/patches/grisMejua_2025_01_27__02_54_06_HDR0_6_Mothbot_yolo11m_4500_imgsz1600_b1_2024-01-18.pt.jpg,ORDER_Hemiptera,2025-01-27,02:54:06,,2025_01_27__02_54_06,MachineObservation,Cerro_Hoya_Expedition_Hoya_606m_grisMejua_2025-01-26_2025-01-26,Cerro_Hoya_Expedition_Hoya_606m_grisMejua_2025-01-26,grisMejua_2025_01_27__02_54_06_HDR0.jpg,grisMejua_2025_01_27__02_54_06_HDR0_6_Mothbot_yolo11m_4500_imgsz1600_b1_2024-01-18.pt.jpg
doi.org10.15468dl.6nxkw6.csv,Animalia,Arthropoda,Insecta,Coleoptera,,,,Coleoptera8,1470,,Coleoptera,Coleoptera8,Cerro_Hoya_Expedition_Hoya_606m_grisMejua_2025-01-26,grisMejua_2025_01_27__02_54_06_HDR0_7_Mothbot_yolo11m_4500_imgsz1600_b1_2024-01-18.pt.jpg,HS,Mothbot_yolo11m_4500_imgsz1600_b1_2024-01-18.pt,0.47760552167892456,,grisMejua,Cerro_Hoya_Expedition/Hoya_606m_grisMejua_2025-01-26/2025-01-26/patches/grisMejua_2025_01_27__02_54_06_HDR0_7_Mothbot_yolo11m_4500_imgsz1600_b1_2024-01-18.pt.jpg,ORDER_Psocodea,2025-01-27,02:54:06,,2025_01_27__02_54_06,MachineObservation,Cerro_Hoya_Expedition_Hoya_606m_grisMejua_2025-01-26_2025-01-26,Cerro_Hoya_Expedition_Hoya_606m_grisMejua_2025-01-26,grisMejua_2025_01_27__02_54_06_HDR0.jpg,grisMejua_2025_01_27__02_54_06_HDR0_7_Mothbot_yolo11m_4500_imgsz1600_b1_2024-01-18.pt.jpg
doi.org10.15468dl.6nxkw6.csv,Animalia,Arthropoda,Insecta,Lepidoptera,,,,,797,,Lepidoptera,Lepidoptera,Cerro_Hoya_Expedition_Hoya_606m_grisMejua_2025-01-26,grisMejua_2025_01_27__02_55_06_HDR0_0_Mothbot_yolo11m_4500_imgsz1600_b1_2024-01-18.pt.jpg,HS,Mothbot_yolo11m_4500_imgsz1600_b1_2024-01-18.pt,0.798612117767334,,grisMejua,Cerro_Hoya_Expedition/Hoya_606m_grisMejua_2025-01-26/2025-01-26/patches/grisMejua_2025_01_27__02_55_06_HDR0_0_Mothbot_yolo11m_4500_imgsz1600_b1_2024-01-18.pt.jpg,ORDER_Lepidoptera,2025-01-27,02:55:06,,2025_01_27__02_55_06,MachineObservation,Cerro_Hoya_Expedition_Hoya_606m_grisMejua_2025-01-26_2025-01-26,Cerro_Hoya_Expedition_Hoya_606m_grisMejua_2025-01-26,grisMejua_2025_01_27__02_55_06_HDR0.jpg,grisMejua_2025_01_27__02_55_06_HDR0_0_Mothbot_yolo11m_4500_imgsz1600_b1_2024-01-18.pt.jpg
doi.org10.15468dl.6nxkw6.csv,Animalia,Arthropoda,Insecta,Lepidoptera,,,,,797,,Lepidoptera,Lepidoptera,Cerro_Hoya_Expedition_Hoya_606m_grisMejua_2025-01-26,grisMejua_2025_01_27__02_55_06_HDR0_1_Mothbot_yolo11m_4500_imgsz1600_b1_2024-01-18.pt.jpg,HS,Mothbot_yolo11m_4500_imgsz1600_b1_2024-01-18.pt,0.7651917934417725,,grisMejua,Cerro_Hoya_Expedition/Hoya_606m_grisMejua_2025-01-26/2025-01-26/patches/grisMejua_2025_01_27__02_55_06_HDR0_1_Mothbot_yolo11m_4500_imgsz1600_b1_2024-01-18.pt.jpg,ORDER_Lepidoptera,2025-01-27,02:55:06,,2025_01_27__02_55_06,MachineObservation,Cerro_Hoya_Expedition_Hoya_606m_grisMejua_2025-01-26_2025-01-26,Cerro_Hoya_Expedition_Hoya_606m_grisMejua_2025-01-26,grisMejua_2025_01_27__02_55_06_HDR0.jpg,grisMejua_2025_01_27__02_55_06_HDR0_1_Mothbot_yolo11m_4500_imgsz1600_b1_2024-01-18.pt.jpg
doi.org10.15468dl.6nxkw6.csv,Animalia,Arthropoda,Insecta,Lepidoptera,,,,,797,,Lepidoptera,Lepidoptera,Cerro_Hoya_Expedition_Hoya_606m_grisMejua_2025-01-26,grisMejua_2025_01_27__02_55_06_HDR0_2_Mothbot_yolo11m_4500_imgsz1600_b1_2024-01-18.pt.jpg,HS,Mothbot_yolo11m_4500_imgsz1600_b1_2024-01-18.pt,0.7513453960418701,,grisMejua,Cerro_Hoya_Expedition/Hoya_606m_grisMejua_2025-01-26/2025-01-26/patches/grisMejua_2025_01_27__02_55_06_HDR0_2_Mothbot_yolo11m_4500_imgsz1600_b1_2024-01-18.pt.jpg,ORDER_Lepidoptera,2025-01-27,02:55:06,,2025_01_27__02_55_06,MachineObservation,Cerro_Hoya_Expedition_Hoya_606m_grisMejua_2025-01-26_2025-01-26,Cerro_Hoya_Expedition_Hoya_606m_grisMejua_2025-01-26,grisMejua_2025_01_27__02_55_06_HDR0.jpg,grisMejua_2025_01_27__02_55_06_HDR0_2_Mothbot_yolo11m_4500_imgsz1600_b1_2024-01-18.pt.jpg
doi.org10.15468dl.6nxkw6.csv,Animalia,Arthropoda,Insecta,Hemiptera,,,,,809,,Hemiptera,Hemiptera,Cerro_Hoya_Expedition_Hoya_606m_grisMejua_2025-01-26,grisMejua_2025_01_27__02_55_06_HDR0_3_Mothbot_yolo11m_4500_imgsz1600_b1_2024-01-18.pt.jpg,HS,Mothbot_yolo11m_4500_imgsz1600_b1_2024-01-18.pt,0.745751142501831,,grisMejua,Cerro_Hoya_Expedition/Hoya_606m_grisMejua_2025-01-26/2025-01-26/patches/grisMejua_2025_01_27__02_55_06_HDR0_3_Mothbot_yolo11m_4500_imgsz1600_b1_2024-01-18.pt.jpg,ORDER_Diptera,2025-01-27,02:55:06,,2025_01_27__02_55_06,MachineObservation,Cerro_Hoya_Expedition_Hoya_606m_grisMejua_2025-01-26_2025-01-26,Cerro_Hoya_Expedition_Hoya_606m_grisMejua_2025-01-26,grisMejua_2025_01_27__02_55_06_HDR0.jpg,grisMejua_2025_01_27__02_55_06_HDR0_3_Mothbot_yolo11m_4500_imgsz1600_b1_2024-01-18.pt.jpg
doi.org10.15468dl.6nxkw6.csv,Animalia,Arthropoda,Insecta,Hemiptera,,,,,809,,Hemiptera,Hemiptera,Cerro_Hoya_Expedition_Hoya_606m_grisMejua_2025-01-26,grisMejua_2025_01_27__02_55_06_HDR0_4_Mothbot_yolo11m_4500_imgsz1600_b1_2024-01-18.pt.jpg,HS,Mothbot_yolo11m_4500_imgsz1600_b1_2024-01-18.pt,0.6935341954231262,,grisMejua,Cerro_Hoya_Expedition/Hoya_606m_grisMejua_2025-01-26/2025-01-26/patches/grisMejua_2025_01_27__02_55_06_HDR0_4_Mothbot_yolo11m_4500_imgsz1600_b1_2024-01-18.pt.jpg,ORDER_Hemiptera,2025-01-27,02:55:06,,2025_01_27__02_55_06,MachineObservation,Cerro_Hoya_Expedition_Hoya_606m_grisMejua_2025-01-26_2025-01-26,Cerro_Hoya_Expedition_Hoya_606m_grisMejua_2025-01-26,grisMejua_2025_01_27__02_55_06_HDR0.jpg,grisMejua_2025_01_27__02_55_06_HDR0_4_Mothbot_yolo11m_4500_imgsz1600_b1_2024-01-18.pt.jpg
doi.org10.15468dl.6nxkw6.csv,Animalia,Arthropoda,Insecta,Coleoptera,,,,,1470,,Coleoptera,Coleoptera,Cerro_Hoya_Expedition_Hoya_606m_grisMejua_2025-01-26,grisMejua_2025_01_27__02_55_06_HDR0_5_Mothbot_yolo11m_4500_imgsz1600_b1_2024-01-18.pt.jpg,HS,Mothbot_yolo11m_4500_imgsz1600_b1_2024-01-18.pt,0.5170296430587769,,grisMejua,Cerro_Hoya_Expedition/Hoya_606m_grisMejua_2025-01-26/2025-01-26/patches/grisMejua_2025_01_27__02_55_06_HDR0_5_Mothbot_yolo11m_4500_imgsz1600_b1_2024-01-18.pt.jpg,ORDER_Hemiptera,2025-01-27,02:55:06,,2025_01_27__02_55_06,MachineObservation,Cerro_Hoya_Expedition_Hoya_606m_grisMejua_2025-01-26_2025-01-26,Cerro_Hoya_Expedition_Hoya_606m_grisMejua_2025-01-26,grisMejua_2025_01_27__02_55_06_HDR0.jpg,grisMejua_2025_01_27__02_55_06_HDR0_5_Mothbot_yolo11m_4500_imgsz1600_b1_2024-01-18.pt.jpg
,,,,,,,,,,,,ERROR,Cerro_Hoya_Expedition_Hoya_606m_grisMejua_2025-01-26,grisMejua_2025_01_27__02_55_06_HDR0_6_Mothbot_yolo11m_4500_imgsz1600_b1_2024-01-18.pt.jpg,HS,Mothbot_yolo11m_4500_imgsz1600_b1_2024-01-18.pt,0.5098820924758911,,grisMejua,Cerro_Hoya_Expedition/Hoya_606m_grisMejua_2025-01-26/2025-01-26/patches/grisMejua_2025_01_27__02_55_06_HDR0_6_Mothbot_yolo11m_4500_imgsz1600_b1_2024-01-18.pt.jpg,ORDER_Lepidoptera,2025-01-27,02:55:06,,2025_01_27__02_55_06,MachineObservation,Cerro_Hoya_Expedition_Hoya_606m_grisMejua_2025-01-26_2025-01-26,Cerro_Hoya_Expedition_Hoya_606m_grisMejua_2025-01-26,grisMejua_2025_01_27__02_55_06_HDR0.jpg,grisMejua_2025_01_27__02_55_06_HDR0_6_Mothbot_yolo11m_4500_imgsz1600_b1_2024-01-18.pt.jpg
doi.org10.15468dl.6nxkw6.csv,Animalia,Arthropoda,Insecta,Lepidoptera,,,,,797,,Lepidoptera,Lepidoptera,Cerro_Hoya_Expedition_Hoya_606m_grisMejua_2025-01-26,grisMejua_2025_01_27__02_55_06_HDR0_7_Mothbot_yolo11m_4500_imgsz1600_b1_2024-01-18.pt.jpg,HS,Mothbot_yolo11m_4500_imgsz1600_b1_2024-01-18.pt,0.5077864527702332,,grisMejua,Cerro_Hoya_Expedition/Hoya_606m_grisMejua_2025-01-26/2025-01-26/patches/grisMejua_2025_01_27__02_55_06_HDR0_7_Mothbot_yolo11m_4500_imgsz1600_b1_2024-01-18.pt.jpg,ORDER_Lepidoptera,2025-01-27,02:55:06,,2025_01_27__02_55_06,MachineObservation,Cerro_Hoya_Expedition_Hoya_606m_grisMejua_2025-01-26_2025-01-26,Cerro_Hoya_Expedition_Hoya_606m_grisMejua_2025-01-26,grisMejua_2025_01_27__02_55_06_HDR0.jpg,grisMejua_2025_01_27__02_55_06_HDR0_7_Mothbot_yolo11m_4500_imgsz1600_b1_2024-01-18.pt.jpg
doi.org10.15468dl.6nxkw6.csv,Animalia,Arthropoda,Insecta,Coleoptera,,,,Coleoptera8,1470,,Coleoptera,Coleoptera8,Cerro_Hoya_Expedition_Hoya_606m_grisMejua_2025-01-26,grisMejua_2025_01_27__02_55_06_HDR0_8_Mothbot_yolo11m_4500_imgsz1600_b1_2024-01-18.pt.jpg,HS,Mothbot_yolo11m_4500_imgsz1600_b1_2024-01-18.pt,0.4932432770729065,,grisMejua,Cerro_Hoya_Expedition/Hoya_606m_grisMejua_2025-01-26/2025-01-26/patches/grisMejua_2025_01_27__02_55_06_HDR0_8_Mothbot_yolo11m_4500_imgsz1600_b1_2024-01-18.pt.jpg,ORDER_Hemiptera,2025-01-27,02:55:06,,2025_01_27__02_55_06,MachineObservation,Cerro_Hoya_Expedition_Hoya_606m_grisMejua_2025-01-26_2025-01-26,Cerro_Hoya_Expedition_Hoya_606m_grisMejua_2025-01-26,grisMejua_2025_01_27__02_55_06_HDR0.jpg,grisMejua_2025_01_27__02_55_06_HDR0_8_Mothbot_yolo11m_4500_imgsz1600_b1_2024-01-18.pt.jpg
doi.org10.15468dl.6nxkw6.csv,Animalia,Arthropoda,Insecta,Lepidoptera,,,,,797,,Lepidoptera,Lepidoptera,Cerro_Hoya_Expedition_Hoya_606m_grisMejua_2025-01-26,grisMejua_2025_01_27__02_56_06_HDR0_0_Mothbot_yolo11m_4500_imgsz1600_b1_2024-01-18.pt.jpg,HS,Mothbot_yolo11m_4500_imgsz1600_b1_2024-01-18.pt,0.8168843388557434,,grisMejua,Cerro_Hoya_Expedition/Hoya_606m_grisMejua_2025-01-26/2025-01-26/patches/grisMejua_2025_01_27__02_56_06_HDR0_0_Mothbot_yolo11m_4500_imgsz1600_b1_2024-01-18.pt.jpg,ORDER_Lepidoptera,2025-01-27,02:56:06,,2025_01_27__02_56_06,MachineObservation,Cerro_Hoya_Expedition_Hoya_606m_grisMejua_2025-01-26_2025-01-26,Cerro_Hoya_Expedition_Hoya_606m_grisMejua_2025-01-26,grisMejua_2025_01_27__02_56_06_HDR0.jpg,grisMejua_2025_01_27__02_56_06_HDR0_0_Mothbot_yolo11m_4500_imgsz1600_b1_2024-01-18.pt.jpg
doi.org10.15468dl.6nxkw6.csv,Animalia,Arthropoda,Insecta,Lepidoptera,,,,,797,,Lepidoptera,Lepidoptera,Cerro_Hoya_Expedition_Hoya_606m_grisMejua_2025-01-26,grisMejua_2025_01_27__02_56_06_HDR0_1_Mothbot_yolo11m_4500_imgsz1600_b1_2024-01-18.pt.jpg,HS,Mothbot_yolo11m_4500_imgsz1600_b1_2024-01-18.pt,0.8073304295539856,,grisMejua,Cerro_Hoya_Expedition/Hoya_606m_grisMejua_2025-01-26/2025-01-26/patches/grisMejua_2025_01_27__02_56_06_HDR0_1_Mothbot_yolo11m_4500_imgsz1600_b1_2024-01-18.pt.jpg,ORDER_Lepidoptera,2025-01-27,02:56:06,,2025_01_27__02_56_06,MachineObservation,Cerro_Hoya_Expedition_Hoya_606m_grisMejua_2025-01-26_2025-01-26,Cerro_Hoya_Expedition_Hoya_606m_grisMejua_2025-01-26,grisMejua_2025_01_27__02_56_06_HDR0.jpg,grisMejua_2025_01_27__02_56_06_HDR0_1_Mothbot_yolo11m_4500_imgsz1600_b1_2024-01-18.pt.jpg
doi.org10.15468dl.6nxkw6.csv,Animalia,Arthropoda,Insecta,Hemiptera,,,,,809,,Hemiptera,Hemiptera,Cerro_Hoya_Expedition_Hoya_606m_grisMejua_2025-01-26,grisMejua_2025_01_27__02_56_06_HDR0_2_Mothbot_yolo11m_4500_imgsz1600_b1_2024-01-18.pt.jpg,HS,Mothbot_yolo11m_4500_imgsz1600_b1_2024-01-18.pt,0.8012086153030396,,grisMejua,Cerro_Hoya_Expedition/Hoya_606m_grisMejua_2025-01-26/2025-01-26/patches/grisMejua_2025_01_27__02_56_06_HDR0_2_Mothbot_yolo11m_4500_imgsz1600_b1_2024-01-18.pt.jpg,ORDER_Hemiptera,2025-01-27,02:56:06,,2025_01_27__02_56_06,MachineObservation,Cerro_Hoya_Expedition_Hoya_606m_grisMejua_2025-01-26_2025-01-26,Cerro_Hoya_Expedition_Hoya_606m_grisMejua_2025-01-26,grisMejua_2025_01_27__02_56_06_HDR0.jpg,grisMejua_2025_01_27__02_56_06_HDR0_2_Mothbot_yolo11m_4500_imgsz1600_b1_2024-01-18.pt.jpg
doi.org10.15468dl.6nxkw6.csv,Animalia,Arthropoda,Insecta,Hemiptera,,,,,809,,Hemiptera,Hemiptera,Cerro_Hoya_Expedition_Hoya_606m_grisMejua_2025-01-26,grisMejua_2025_01_27__02_56_06_HDR0_3_Mothbot_yolo11m_4500_imgsz1600_b1_2024-01-18.pt.jpg,HS,Mothbot_yolo11m_4500_imgsz1600_b1_2024-01-18.pt,0.788137674331665,,grisMejua,Cerro_Hoya_Expedition/Hoya_606m_grisMejua_2025-01-26/2025-01-26/patches/grisMejua_2025_01_27__02_56_06_HDR0_3_Mothbot_yolo11m_4500_imgsz1600_b1_2024-01-18.pt.jpg,ORDER_Diptera,2025-01-27,02:56:06,,2025_01_27__02_56_06,MachineObservation,Cerro_Hoya_Expedition_Hoya_606m_grisMejua_2025-01-26_2025-01-26,Cerro_Hoya_Expedition_Hoya_606m_grisMejua_2025-01-26,grisMejua_2025_01_27__02_56_06_HDR0.jpg,grisMejua_2025_01_27__02_56_06_HDR0_3_Mothbot_yolo11m_4500_imgsz1600_b1_2024-01-18.pt.jpg
doi.org10.15468dl.6nxkw6.csv,Animalia,Arthropoda,Insecta,Lepidoptera,,,,,797,,Lepidoptera,Lepidoptera,Cerro_Hoya_Expedition_Hoya_606m_grisMejua_2025-01-26,grisMejua_2025_01_27__02_56_06_HDR0_4_Mothbot_yolo11m_4500_imgsz1600_b1_2024-01-18.pt.jpg,HS,Mothbot_yolo11m_4500_imgsz1600_b1_2024-01-18.pt,0.7785148620605469,,grisMejua,Cerro_Hoya_Expedition/Hoya_606m_grisMejua_2025-01-26/2025-01-26/patches/grisMejua_2025_01_27__02_56_06_HDR0_4_Mothbot_yolo11m_4500_imgsz1600_b1_2024-01-18.pt.jpg,ORDER_Lepidoptera,2025-01-27,02:56:06,,2025_01_27__02_56_06,MachineObservation,Cerro_Hoya_Expedition_Hoya_606m_grisMejua_2025-01-26_2025-01-26,Cerro_Hoya_Expedition_Hoya_606m_grisMejua_2025-01-26,grisMejua_2025_01_27__02_56_06_HDR0.jpg,grisMejua_2025_01_27__02_56_06_HDR0_4_Mothbot_yolo11m_4500_imgsz1600_b1_2024-01-18.pt.jpg
doi.org10.15468dl.6nxkw6.csv,Animalia,Arthropoda,Insecta,Lepidoptera,,,,,797,,Lepidoptera,Lepidoptera,Cerro_Hoya_Expedition_Hoya_606m_grisMejua_2025-01-26,grisMejua_2025_01_27__02_56_06_HDR0_5_Mothbot_yolo11m_4500_imgsz1600_b1_2024-01-18.pt.jpg,HS,Mothbot_yolo11m_4500_imgsz1600_b1_2024-01-18.pt,0.5836572647094727,,grisMejua,Cerro_Hoya_Expedition/Hoya_606m_grisMejua_2025-01-26/2025-01-26/patches/grisMejua_2025_01_27__02_56_06_HDR0_5_Mothbot_yolo11m_4500_imgsz1600_b1_2024-01-18.pt.jpg,ORDER_Lepidoptera,2025-01-27,02:56:06,,2025_01_27__02_56_06,MachineObservation,Cerro_Hoya_Expedition_Hoya_606m_grisMejua_2025-01-26_2025-01-26,Cerro_Hoya_Expedition_Hoya_606m_grisMejua_2025-01-26,grisMejua_2025_01_27__02_56_06_HDR0.jpg,grisMejua_2025_01_27__02_56_06_HDR0_5_Mothbot_yolo11m_4500_imgsz1600_b1_2024-01-18.pt.jpg
doi.org10.15468dl.6nxkw6.csv,Animalia,Arthropoda,Insecta,Hemiptera,,,,,809,,Hemiptera,Hemiptera,Cerro_Hoya_Expedition_Hoya_606m_grisMejua_2025-01-26,grisMejua_2025_01_27__02_56_06_HDR0_6_Mothbot_yolo11m_4500_imgsz1600_b1_2024-01-18.pt.jpg,HS,Mothbot_yolo11m_4500_imgsz1600_b1_2024-01-18.pt,0.5533732771873474,,grisMejua,Cerro_Hoya_Expedition/Hoya_606m_grisMejua_2025-01-26/2025-01-26/patches/grisMejua_2025_01_27__02_56_06_HDR0_6_Mothbot_yolo11m_4500_imgsz1600_b1_2024-01-18.pt.jpg,ORDER_Hemiptera,2025-01-27,02:56:06,,2025_01_27__02_56_06,MachineObservation,Cerro_Hoya_Expedition_Hoya_606m_grisMejua_2025-01-26_2025-01-26,Cerro_Hoya_Expedition_Hoya_606m_grisMejua_2025-01-26,grisMejua_2025_01_27__02_56_06_HDR0.jpg,grisMejua_2025_01_27__02_56_06_HDR0_6_Mothbot_yolo11m_4500_imgsz1600_b1_2024-01-18.pt.jpg
,,,,,,,,,,,,ERROR,Cerro_Hoya_Expedition_Hoya_606m_grisMejua_2025-01-26,grisMejua_2025_01_27__02_56_06_HDR0_7_Mothbot_yolo11m_4500_imgsz1600_b1_2024-01-18.pt.jpg,HS,Mothbot_yolo11m_4500_imgsz1600_b1_2024-01-18.pt,0.5521636009216309,,grisMejua,Cerro_Hoya_Expedition/Hoya_606m_grisMejua_2025-01-26/2025-01-26/patches/grisMejua_2025_01_27__02_56_06_HDR0_7_Mothbot_yolo11m_4500_imgsz1600_b1_2024-01-18.pt.jpg,ORDER_Lepidoptera,2025-01-27,02:56:06,,2025_01_27__02_56_06,MachineObservation,Cerro_Hoya_Expedition_Hoya_606m_grisMejua_2025-01-26_2025-01-26,Cerro_Hoya_Expedition_Hoya_606m_grisMejua_2025-01-26,grisMejua_2025_01_27__02_56_06_HDR0.jpg,grisMejua_2025_01_27__02_56_06_HDR0_7_Mothbot_yolo11m_4500_imgsz1600_b1_2024-01-18.pt.jpg
doi.org10.15468dl.6nxkw6.csv,Animalia,Arthropoda,Insecta,Coleoptera,,,,Coleoptera8,1470,,Coleoptera,Coleoptera8,Cerro_Hoya_Expedition_Hoya_606m_grisMejua_2025-01-26,grisMejua_2025_01_27__02_56_06_HDR0_8_Mothbot_yolo11m_4500_imgsz1600_b1_2024-01-18.pt.jpg,HS,Mothbot_yolo11m_4500_imgsz1600_b1_2024-01-18.pt,0.5383286476135254,,grisMejua,Cerro_Hoya_Expedition/Hoya_606m_grisMejua_2025-01-26/2025-01-26/patches/grisMejua_2025_01_27__02_56_06_HDR0_8_Mothbot_yolo11m_4500_imgsz1600_b1_2024-01-18.pt.jpg,ORDER_Hemiptera,2025-01-27,02:56:06,,2025_01_27__02_56_06,MachineObservation,Cerro_Hoya_Expedition_Hoya_606m_grisMejua_2025-01-26_2025-01-26,Cerro_Hoya_Expedition_Hoya_606m_grisMejua_2025-01-26,grisMejua_2025_01_27__02_56_06_HDR0.jpg,grisMejua_2025_01_27__02_56_06_HDR0_8_Mothbot_yolo11m_4500_imgsz1600_b1_2024-01-18.pt.jpg
doi.org10.15468dl.6nxkw6.csv,Animalia,Arthropoda,Insecta,Lepidoptera,,,,,797,,Lepidoptera,Lepidoptera,Cerro_Hoya_Expedition_Hoya_606m_grisMejua_2025-01-26,grisMejua_2025_01_27__02_57_22_HDR0_0_Mothbot_yolo11m_4500_imgsz1600_b1_2024-01-18.pt.jpg,HS,Mothbot_yolo11m_4500_imgsz1600_b1_2024-01-18.pt,0.8013313412666321,,grisMejua,Cerro_Hoya_Expedition/Hoya_606m_grisMejua_2025-01-26/2025-01-26/patches/grisMejua_2025_01_27__02_57_22_HDR0_0_Mothbot_yolo11m_4500_imgsz1600_b1_2024-01-18.pt.jpg,ORDER_Lepidoptera,2025-01-27,02:57:22,,2025_01_27__02_57_22,MachineObservation,Cerro_Hoya_Expedition_Hoya_606m_grisMejua_2025-01-26_2025-01-26,Cerro_Hoya_Expedition_Hoya_606m_grisMejua_2025-01-26,grisMejua_2025_01_27__02_57_22_HDR0.jpg,grisMejua_2025_01_27__02_57_22_HDR0_0_Mothbot_yolo11m_4500_imgsz1600_b1_2024-01-18.pt.jpg
doi.org10.15468dl.6nxkw6.csv,Animalia,Arthropoda,Insecta,Lepidoptera,,,,,797,,Lepidoptera,Lepidoptera,Cerro_Hoya_Expedition_Hoya_606m_grisMejua_2025-01-26,grisMejua_2025_01_27__02_57_22_HDR0_1_Mothbot_yolo11m_4500_imgsz1600_b1_2024-01-18.pt.jpg,HS,Mothbot_yolo11m_4500_imgsz1600_b1_2024-01-18.pt,0.7867661714553833,,grisMejua,Cerro_Hoya_Expedition/Hoya_606m_grisMejua_2025-01-26/2025-01-26/patches/grisMejua_2025_01_27__02_57_22_HDR0_1_Mothbot_yolo11m_4500_imgsz1600_b1_2024-01-18.pt.jpg,ORDER_Lepidoptera,2025-01-27,02:57:22,,2025_01_27__02_57_22,MachineObservation,Cerro_Hoya_Expedition_Hoya_606m_grisMejua_2025-01-26_2025-01-26,Cerro_Hoya_Expedition_Hoya_606m_grisMejua_2025-01-26,grisMejua_2025_01_27__02_57_22_HDR0.jpg,grisMejua_2025_01_27__02_57_22_HDR0_1_Mothbot_yolo11m_4500_imgsz1600_b1_2024-01-18.pt.jpg
doi.org10.15468dl.6nxkw6.csv,Animalia,Arthropoda,Insecta,Hemiptera,,,,,809,,Hemiptera,Hemiptera,Cerro_Hoya_Expedition_Hoya_606m_grisMejua_2025-01-26,grisMejua_2025_01_27__02_57_22_HDR0_2_Mothbot_yolo11m_4500_imgsz1600_b1_2024-01-18.pt.jpg,HS,Mothbot_yolo11m_4500_imgsz1600_b1_2024-01-18.pt,0.7223133444786072,,grisMejua,Cerro_Hoya_Expedition/Hoya_606m_grisMejua_2025-01-26/2025-01-26/patches/grisMejua_2025_01_27__02_57_22_HDR0_2_Mothbot_yolo11m_4500_imgsz1600_b1_2024-01-18.pt.jpg,ORDER_Hemiptera,2025-01-27,02:57:22,,2025_01_27__02_57_22,MachineObservation,Cerro_Hoya_Expedition_Hoya_606m_grisMejua_2025-01-26_2025-01-26,Cerro_Hoya_Expedition_Hoya_606m_grisMejua_2025-01-26,grisMejua_2025_01_27__02_57_22_HDR0.jpg,grisMejua_2025_01_27__02_57_22_HDR0_2_Mothbot_yolo11m_4500_imgsz1600_b1_2024-01-18.pt.jpg
doi.org10.15468dl.6nxkw6.csv,Animalia,Arthropoda,Insecta,,,,,,216,,Insecta,Insecta,Cerro_Hoya_Expedition_Hoya_606m_grisMejua_2025-01-26,grisMejua_2025_01_27__02_57_22_HDR0_3_Mothbot_yolo11m_4500_imgsz1600_b1_2024-01-18.pt.jpg,HS,Mothbot_yolo11m_4500_imgsz1600_b1_2024-01-18.pt,0.6516267657279968,,grisMejua,Cerro_Hoya_Expedition/Hoya_606m_grisMejua_2025-01-26/2025-01-26/patches/grisMejua_2025_01_27__02_57_22_HDR0_3_Mothbot_yolo11m_4500_imgsz1600_b1_2024-01-18.pt.jpg,ORDER_Diptera,2025-01-27,02:57:22,,2025_01_27__02_57_22,MachineObservation,Cerro_Hoya_Expedition_Hoya_606m_grisMejua_2025-01-26_2025-01-26,Cerro_Hoya_Expedition_Hoya_606m_grisMejua_2025-01-26,grisMejua_2025_01_27__02_57_22_HDR0.jpg,grisMejua_2025_01_27__02_57_22_HDR0_3_Mothbot_yolo11m_4500_imgsz1600_b1_2024-01-18.pt.jpg
doi.org10.15468dl.6nxkw6.csv,Animalia,Arthropoda,Insecta,Hymenoptera,,,,,1457,,Hymenoptera,Hymenoptera,Cerro_Hoya_Expedition_Hoya_606m_grisMejua_2025-01-26,grisMejua_2025_01_27__02_57_22_HDR0_4_Mothbot_yolo11m_4500_imgsz1600_b1_2024-01-18.pt.jpg,HS,Mothbot_yolo11m_4500_imgsz1600_b1_2024-01-18.pt,0.6380918025970459,,grisMejua,Cerro_Hoya_Expedition/Hoya_606m_grisMejua_2025-01-26/2025-01-26/patches/grisMejua_2025_01_27__02_57_22_HDR0_4_Mothbot_yolo11m_4500_imgsz1600_b1_2024-01-18.pt.jpg,ORDER_Hymenoptera,2025-01-27,02:57:22,,2025_01_27__02_57_22,MachineObservation,Cerro_Hoya_Expedition_Hoya_606m_grisMejua_2025-01-26_2025-01-26,Cerro_Hoya_Expedition_Hoya_606m_grisMejua_2025-01-26,grisMejua_2025_01_27__02_57_22_HDR0.jpg,grisMejua_2025_01_27__02_57_22_HDR0_4_Mothbot_yolo11m_4500_imgsz1600_b1_2024-01-18.pt.jpg
doi.org10.15468dl.6nxkw6.csv,Animalia,Arthropoda,Insecta,Coleoptera,,,,Coleoptera8,1470,,Coleoptera,Coleoptera8,Cerro_Hoya_Expedition_Hoya_606m_grisMejua_2025-01-26,grisMejua_2025_01_27__02_57_22_HDR0_5_Mothbot_yolo11m_4500_imgsz1600_b1_2024-01-18.pt.jpg,HS,Mothbot_yolo11m_4500_imgsz1600_b1_2024-01-18.pt,0.589657723903656,,grisMejua,Cerro_Hoya_Expedition/Hoya_606m_grisMejua_2025-01-26/2025-01-26/patches/grisMejua_2025_01_27__02_57_22_HDR0_5_Mothbot_yolo11m_4500_imgsz1600_b1_2024-01-18.pt.jpg,ORDER_Hemiptera,2025-01-27,02:57:22,,2025_01_27__02_57_22,MachineObservation,Cerro_Hoya_Expedition_Hoya_606m_grisMejua_2025-01-26_2025-01-26,Cerro_Hoya_Expedition_Hoya_606m_grisMejua_2025-01-26,grisMejua_2025_01_27__02_57_22_HDR0.jpg,grisMejua_2025_01_27__02_57_22_HDR0_5_Mothbot_yolo11m_4500_imgsz1600_b1_2024-01-18.pt.jpg
doi.org10.15468dl.6nxkw6.csv,Animalia,Arthropoda,Insecta,Lepidoptera,,,,,797,,Lepidoptera,Lepidoptera,Cerro_Hoya_Expedition_Hoya_606m_grisMejua_2025-01-26,grisMejua_2025_01_27__02_57_22_HDR0_6_Mothbot_yolo11m_4500_imgsz1600_b1_2024-01-18.pt.jpg,HS,Mothbot_yolo11m_4500_imgsz1600_b1_2024-01-18.pt,0.5832284092903137,,grisMejua,Cerro_Hoya_Expedition/Hoya_606m_grisMejua_2025-01-26/2025-01-26/patches/grisMejua_2025_01_27__02_57_22_HDR0_6_Mothbot_yolo11m_4500_imgsz1600_b1_2024-01-18.pt.jpg,ORDER_Lepidoptera,2025-01-27,02:57:22,,2025_01_27__02_57_22,MachineObservation,Cerro_Hoya_Expedition_Hoya_606m_grisMejua_2025-01-26_2025-01-26,Cerro_Hoya_Expedition_Hoya_606m_grisMejua_2025-01-26,grisMejua_2025_01_27__02_57_22_HDR0.jpg,grisMejua_2025_01_27__02_57_22_HDR0_6_Mothbot_yolo11m_4500_imgsz1600_b1_2024-01-18.pt.jpg
doi.org10.15468dl.6nxkw6.csv,Animalia,Arthropoda,Insecta,Hemiptera,,,,,809,,Hemiptera,Hemiptera,Cerro_Hoya_Expedition_Hoya_606m_grisMejua_2025-01-26,grisMejua_2025_01_27__02_57_22_HDR0_7_Mothbot_yolo11m_4500_imgsz1600_b1_2024-01-18.pt.jpg,HS,Mothbot_yolo11m_4500_imgsz1600_b1_2024-01-18.pt,0.4791736900806427,,grisMejua,Cerro_Hoya_Expedition/Hoya_606m_grisMejua_2025-01-26/2025-01-26/patches/grisMejua_2025_01_27__02_57_22_HDR0_7_Mothbot_yolo11m_4500_imgsz1600_b1_2024-01-18.pt.jpg,ORDER_Hemiptera,2025-01-27,02:57:22,,2025_01_27__02_57_22,MachineObservation,Cerro_Hoya_Expedition_Hoya_606m_grisMejua_2025-01-26_2025-01-26,Cerro_Hoya_Expedition_Hoya_606m_grisMejua_2025-01-26,grisMejua_2025_01_27__02_57_22_HDR0.jpg,grisMejua_2025_01_27__02_57_22_HDR0_7_Mothbot_yolo11m_4500_imgsz1600_b1_2024-01-18.pt.jpg
,,,,,,,,,,,,ERROR,Cerro_Hoya_Expedition_Hoya_606m_grisMejua_2025-01-26,grisMejua_2025_01_27__02_57_22_HDR0_8_Mothbot_yolo11m_4500_imgsz1600_b1_2024-01-18.pt.jpg,HS,Mothbot_yolo11m_4500_imgsz1600_b1_2024-01-18.pt,0.4645874798297882,,grisMejua,Cerro_Hoya_Expedition/Hoya_606m_grisMejua_2025-01-26/2025-01-26/patches/grisMejua_2025_01_27__02_57_22_HDR0_8_Mothbot_yolo11m_4500_imgsz1600_b1_2024-01-18.pt.jpg,ORDER_Lepidoptera,2025-01-27,02:57:22,,2025_01_27__02_57_22,MachineObservation,Cerro_Hoya_Expedition_Hoya_606m_grisMejua_2025-01-26_2025-01-26,Cerro_Hoya_Expedition_Hoya_606m_grisMejua_2025-01-26,grisMejua_2025_01_27__02_57_22_HDR0.jpg,grisMejua_2025_01_27__02_57_22_HDR0_8_Mothbot_yolo11m_4500_imgsz1600_b1_2024-01-18.pt.jpg
doi.org10.15468dl.6nxkw6.csv,Animalia,Arthropoda,Insecta,Lepidoptera,,,,,797,,Lepidoptera,Lepidoptera,Cerro_Hoya_Expedition_Hoya_606m_grisMejua_2025-01-26,grisMejua_2025_01_27__02_58_06_HDR0_0_Mothbot_yolo11m_4500_imgsz1600_b1_2024-01-18.pt.jpg,HS,Mothbot_yolo11m_4500_imgsz1600_b1_2024-01-18.pt,0.8503068089485168,,grisMejua,Cerro_Hoya_Expedition/Hoya_606m_grisMejua_2025-01-26/2025-01-26/patches/grisMejua_2025_01_27__02_58_06_HDR0_0_Mothbot_yolo11m_4500_imgsz1600_b1_2024-01-18.pt.jpg,ORDER_Lepidoptera,2025-01-27,02:58:06,,2025_01_27__02_58_06,MachineObservation,Cerro_Hoya_Expedition_Hoya_606m_grisMejua_2025-01-26_2025-01-26,Cerro_Hoya_Expedition_Hoya_606m_grisMejua_2025-01-26,grisMejua_2025_01_27__02_58_06_HDR0.jpg,grisMejua_2025_01_27__02_58_06_HDR0_0_Mothbot_yolo11m_4500_imgsz1600_b1_2024-01-18.pt.jpg
doi.org10.15468dl.6nxkw6.csv,Animalia,Arthropoda,Insecta,Lepidoptera,,,,,797,,Lepidoptera,Lepidoptera,Cerro_Hoya_Expedition_Hoya_606m_grisMejua_2025-01-26,grisMejua_2025_01_27__02_58_06_HDR0_1_Mothbot_yolo11m_4500_imgsz1600_b1_2024-01-18.pt.jpg,HS,Mothbot_yolo11m_4500_imgsz1600_b1_2024-01-18.pt,0.7860628366470337,,grisMejua,Cerro_Hoya_Expedition/Hoya_606m_grisMejua_2025-01-26/2025-01-26/patches/grisMejua_2025_01_27__02_58_06_HDR0_1_Mothbot_yolo11m_4500_imgsz1600_b1_2024-01-18.pt.jpg,ORDER_Lepidoptera,2025-01-27,02:58:06,,2025_01_27__02_58_06,MachineObservation,Cerro_Hoya_Expedition_Hoya_606m_grisMejua_2025-01-26_2025-01-26,Cerro_Hoya_Expedition_Hoya_606m_grisMejua_2025-01-26,grisMejua_2025_01_27__02_58_06_HDR0.jpg,grisMejua_2025_01_27__02_58_06_HDR0_1_Mothbot_yolo11m_4500_imgsz1600_b1_2024-01-18.pt.jpg
doi.org10.15468dl.6nxkw6.csv,Animalia,Arthropoda,Insecta,Lepidoptera,,,,,797,,Lepidoptera,Lepidoptera,Cerro_Hoya_Expedition_Hoya_606m_grisMejua_2025-01-26,grisMejua_2025_01_27__02_58_06_HDR0_2_Mothbot_yolo11m_4500_imgsz1600_b1_2024-01-18.pt.jpg,HS,Mothbot_yolo11m_4500_imgsz1600_b1_2024-01-18.pt,0.7763018012046814,,grisMejua,Cerro_Hoya_Expedition/Hoya_606m_grisMejua_2025-01-26/2025-01-26/patches/grisMejua_2025_01_27__02_58_06_HDR0_2_Mothbot_yolo11m_4500_imgsz1600_b1_2024-01-18.pt.jpg,ORDER_Lepidoptera,2025-01-27,02:58:06,,2025_01_27__02_58_06,MachineObservation,Cerro_Hoya_Expedition_Hoya_606m_grisMejua_2025-01-26_2025-01-26,Cerro_Hoya_Expedition_Hoya_606m_grisMejua_2025-01-26,grisMejua_2025_01_27__02_58_06_HDR0.jpg,grisMejua_2025_01_27__02_58_06_HDR0_2_Mothbot_yolo11m_4500_imgsz1600_b1_2024-01-18.pt.jpg
doi.org10.15468dl.6nxkw6.csv,Animalia,Arthropoda,Insecta,Hemiptera,,,,,809,,Hemiptera,Hemiptera,Cerro_Hoya_Expedition_Hoya_606m_grisMejua_2025-01-26,grisMejua_2025_01_27__02_58_06_HDR0_3_Mothbot_yolo11m_4500_imgsz1600_b1_2024-01-18.pt.jpg,HS,Mothbot_yolo11m_4500_imgsz1600_b1_2024-01-18.pt,0.7401772737503052,,grisMejua,Cerro_Hoya_Expedition/Hoya_606m_grisMejua_2025-01-26/2025-01-26/patches/grisMejua_2025_01_27__02_58_06_HDR0_3_Mothbot_yolo11m_4500_imgsz1600_b1_2024-01-18.pt.jpg,ORDER_Hemiptera,2025-01-27,02:58:06,,2025_01_27__02_58_06,MachineObservation,Cerro_Hoya_Expedition_Hoya_606m_grisMejua_2025-01-26_2025-01-26,Cerro_Hoya_Expedition_Hoya_606m_grisMejua_2025-01-26,grisMejua_2025_01_27__02_58_06_HDR0.jpg,grisMejua_2025_01_27__02_58_06_HDR0_3_Mothbot_yolo11m_4500_imgsz1600_b1_2024-01-18.pt.jpg
doi.org10.15468dl.6nxkw6.csv,Animalia,Arthropoda,Insecta,Diptera,,,,,811,,Diptera,Diptera,Cerro_Hoya_Expedition_Hoya_606m_grisMejua_2025-01-26,grisMejua_2025_01_27__02_58_06_HDR0_4_Mothbot_yolo11m_4500_imgsz1600_b1_2024-01-18.pt.jpg,HS,Mothbot_yolo11m_4500_imgsz1600_b1_2024-01-18.pt,0.6552267074584961,,grisMejua,Cerro_Hoya_Expedition/Hoya_606m_grisMejua_2025-01-26/2025-01-26/patches/grisMejua_2025_01_27__02_58_06_HDR0_4_Mothbot_yolo11m_4500_imgsz1600_b1_2024-01-18.pt.jpg,ORDER_Diptera,2025-01-27,02:58:06,,2025_01_27__02_58_06,MachineObservation,Cerro_Hoya_Expedition_Hoya_606m_grisMejua_2025-01-26_2025-01-26,Cerro_Hoya_Expedition_Hoya_606m_grisMejua_2025-01-26,grisMejua_2025_01_27__02_58_06_HDR0.jpg,grisMejua_2025_01_27__02_58_06_HDR0_4_Mothbot_yolo11m_4500_imgsz1600_b1_2024-01-18.pt.jpg
doi.org10.15468dl.6nxkw6.csv,Animalia,Arthropoda,Insecta,Lepidoptera,,,,,797,,Lepidoptera,Lepidoptera,Cerro_Hoya_Expedition_Hoya_606m_grisMejua_2025-01-26,grisMejua_2025_01_27__02_58_06_HDR0_5_Mothbot_yolo11m_4500_imgsz1600_b1_2024-01-18.pt.jpg,HS,Mothbot_yolo11m_4500_imgsz1600_b1_2024-01-18.pt,0.5888015627861023,,grisMejua,Cerro_Hoya_Expedition/Hoya_606m_grisMejua_2025-01-26/2025-01-26/patches/grisMejua_2025_01_27__02_58_06_HDR0_5_Mothbot_yolo11m_4500_imgsz1600_b1_2024-01-18.pt.jpg,ORDER_Lepidoptera,2025-01-27,02:58:06,,2025_01_27__02_58_06,MachineObservation,Cerro_Hoya_Expedition_Hoya_606m_grisMejua_2025-01-26_2025-01-26,Cerro_Hoya_Expedition_Hoya_606m_grisMejua_2025-01-26,grisMejua_2025_01_27__02_58_06_HDR0.jpg,grisMejua_2025_01_27__02_58_06_HDR0_5_Mothbot_yolo11m_4500_imgsz1600_b1_2024-01-18.pt.jpg
,,,,,,,,,,,,ERROR,Cerro_Hoya_Expedition_Hoya_606m_grisMejua_2025-01-26,grisMejua_2025_01_27__02_58_06_HDR0_6_Mothbot_yolo11m_4500_imgsz1600_b1_2024-01-18.pt.jpg,HS,Mothbot_yolo11m_4500_imgsz1600_b1_2024-01-18.pt,0.4764192998409271,,grisMejua,Cerro_Hoya_Expedition/Hoya_606m_grisMejua_2025-01-26/2025-01-26/patches/grisMejua_2025_01_27__02_58_06_HDR0_6_Mothbot_yolo11m_4500_imgsz1600_b1_2024-01-18.pt.jpg,ORDER_Lepidoptera,2025-01-27,02:58:06,,2025_01_27__02_58_06,MachineObservation,Cerro_Hoya_Expedition_Hoya_606m_grisMejua_2025-01-26_2025-01-26,Cerro_Hoya_Expedition_Hoya_606m_grisMejua_2025-01-26,grisMejua_2025_01_27__02_58_06_HDR0.jpg,grisMejua_2025_01_27__02_58_06_HDR0_6_Mothbot_yolo11m_4500_imgsz1600_b1_2024-01-18.pt.jpg
doi.org10.15468dl.6nxkw6.csv,Animalia,Arthropoda,Insecta,Coleoptera,,,,Coleoptera8,1470,,Coleoptera,Coleoptera8,Cerro_Hoya_Expedition_Hoya_606m_grisMejua_2025-01-26,grisMejua_2025_01_27__02_58_06_HDR0_7_Mothbot_yolo11m_4500_imgsz1600_b1_2024-01-18.pt.jpg,HS,Mothbot_yolo11m_4500_imgsz1600_b1_2024-01-18.pt,0.47187677025794983,,grisMejua,Cerro_Hoya_Expedition/Hoya_606m_grisMejua_2025-01-26/2025-01-26/patches/grisMejua_2025_01_27__02_58_06_HDR0_7_Mothbot_yolo11m_4500_imgsz1600_b1_2024-01-18.pt.jpg,ORDER_Hemiptera,2025-01-27,02:58:06,,2025_01_27__02_58_06,MachineObservation,Cerro_Hoya_Expedition_Hoya_606m_grisMejua_2025-01-26_2025-01-26,Cerro_Hoya_Expedition_Hoya_606m_grisMejua_2025-01-26,grisMejua_2025_01_27__02_58_06_HDR0.jpg,grisMejua_2025_01_27__02_58_06_HDR0_7_Mothbot_yolo11m_4500_imgsz1600_b1_2024-01-18.pt.jpg
doi.org10.15468dl.6nxkw6.csv,Animalia,Arthropoda,Insecta,Lepidoptera,,,,,797,,Lepidoptera,Lepidoptera,Cerro_Hoya_Expedition_Hoya_606m_grisMejua_2025-01-26,grisMejua_2025_01_27__02_59_06_HDR0_0_Mothbot_yolo11m_4500_imgsz1600_b1_2024-01-18.pt.jpg,HS,Mothbot_yolo11m_4500_imgsz1600_b1_2024-01-18.pt,0.8106234669685364,,grisMejua,Cerro_Hoya_Expedition/Hoya_606m_grisMejua_2025-01-26/2025-01-26/patches/grisMejua_2025_01_27__02_59_06_HDR0_0_Mothbot_yolo11m_4500_imgsz1600_b1_2024-01-18.pt.jpg,ORDER_Lepidoptera,2025-01-27,02:59:06,,2025_01_27__02_59_06,MachineObservation,Cerro_Hoya_Expedition_Hoya_606m_grisMejua_2025-01-26_2025-01-26,Cerro_Hoya_Expedition_Hoya_606m_grisMejua_2025-01-26,grisMejua_2025_01_27__02_59_06_HDR0.jpg,grisMejua_2025_01_27__02_59_06_HDR0_0_Mothbot_yolo11m_4500_imgsz1600_b1_2024-01-18.pt.jpg
doi.org10.15468dl.6nxkw6.csv,Animalia,Arthropoda,Insecta,Lepidoptera,,,,,797,,Lepidoptera,Lepidoptera,Cerro_Hoya_Expedition_Hoya_606m_grisMejua_2025-01-26,grisMejua_2025_01_27__02_59_06_HDR0_1_Mothbot_yolo11m_4500_imgsz1600_b1_2024-01-18.pt.jpg,HS,Mothbot_yolo11m_4500_imgsz1600_b1_2024-01-18.pt,0.8024435043334961,,grisMejua,Cerro_Hoya_Expedition/Hoya_606m_grisMejua_2025-01-26/2025-01-26/patches/grisMejua_2025_01_27__02_59_06_HDR0_1_Mothbot_yolo11m_4500_imgsz1600_b1_2024-01-18.pt.jpg,ORDER_Lepidoptera,2025-01-27,02:59:06,,2025_01_27__02_59_06,MachineObservation,Cerro_Hoya_Expedition_Hoya_606m_grisMejua_2025-01-26_2025-01-26,Cerro_Hoya_Expedition_Hoya_606m_grisMejua_2025-01-26,grisMejua_2025_01_27__02_59_06_HDR0.jpg,grisMejua_2025_01_27__02_59_06_HDR0_1_Mothbot_yolo11m_4500_imgsz1600_b1_2024-01-18.pt.jpg
doi.org10.15468dl.6nxkw6.csv,Animalia,Arthropoda,Insecta,Diptera,,,,,811,,Diptera,Diptera,Cerro_Hoya_Expedition_Hoya_606m_grisMejua_2025-01-26,grisMejua_2025_01_27__02_59_06_HDR0_2_Mothbot_yolo11m_4500_imgsz1600_b1_2024-01-18.pt.jpg,HS,Mothbot_yolo11m_4500_imgsz1600_b1_2024-01-18.pt,0.5817593336105347,,grisMejua,Cerro_Hoya_Expedition/Hoya_606m_grisMejua_2025-01-26/2025-01-26/patches/grisMejua_2025_01_27__02_59_06_HDR0_2_Mothbot_yolo11m_4500_imgsz1600_b1_2024-01-18.pt.jpg,ORDER_Diptera,2025-01-27,02:59:06,,2025_01_27__02_59_06,MachineObservation,Cerro_Hoya_Expedition_Hoya_606m_grisMejua_2025-01-26_2025-01-26,Cerro_Hoya_Expedition_Hoya_606m_grisMejua_2025-01-26,grisMejua_2025_01_27__02_59_06_HDR0.jpg,grisMejua_2025_01_27__02_59_06_HDR0_2_Mothbot_yolo11m_4500_imgsz1600_b1_2024-01-18.pt.jpg
doi.org10.15468dl.6nxkw6.csv,Animalia,Arthropoda,Insecta,Lepidoptera,,,,,797,,Lepidoptera,Lepidoptera,Cerro_Hoya_Expedition_Hoya_606m_grisMejua_2025-01-26,grisMejua_2025_01_27__02_59_06_HDR0_3_Mothbot_yolo11m_4500_imgsz1600_b1_2024-01-18.pt.jpg,HS,Mothbot_yolo11m_4500_imgsz1600_b1_2024-01-18.pt,0.5417931079864502,,grisMejua,Cerro_Hoya_Expedition/Hoya_606m_grisMejua_2025-01-26/2025-01-26/patches/grisMejua_2025_01_27__02_59_06_HDR0_3_Mothbot_yolo11m_4500_imgsz1600_b1_2024-01-18.pt.jpg,ORDER_Lepidoptera,2025-01-27,02:59:06,,2025_01_27__02_59_06,MachineObservation,Cerro_Hoya_Expedition_Hoya_606m_grisMejua_2025-01-26_2025-01-26,Cerro_Hoya_Expedition_Hoya_606m_grisMejua_2025-01-26,grisMejua_2025_01_27__02_59_06_HDR0.jpg,grisMejua_2025_01_27__02_59_06_HDR0_3_Mothbot_yolo11m_4500_imgsz1600_b1_2024-01-18.pt.jpg
doi.org10.15468dl.6nxkw6.csv,Animalia,Arthropoda,Insecta,Coleoptera,,,,Coleoptera8,1470,,Coleoptera,Coleoptera8,Cerro_Hoya_Expedition_Hoya_606m_grisMejua_2025-01-26,grisMejua_2025_01_27__02_59_06_HDR0_4_Mothbot_yolo11m_4500_imgsz1600_b1_2024-01-18.pt.jpg,HS,Mothbot_yolo11m_4500_imgsz1600_b1_2024-01-18.pt,0.5410487651824951,,grisMejua,Cerro_Hoya_Expedition/Hoya_606m_grisMejua_2025-01-26/2025-01-26/patches/grisMejua_2025_01_27__02_59_06_HDR0_4_Mothbot_yolo11m_4500_imgsz1600_b1_2024-01-18.pt.jpg,ORDER_Hemiptera,2025-01-27,02:59:06,,2025_01_27__02_59_06,MachineObservation,Cerro_Hoya_Expedition_Hoya_606m_grisMejua_2025-01-26_2025-01-26,Cerro_Hoya_Expedition_Hoya_606m_grisMejua_2025-01-26,grisMejua_2025_01_27__02_59_06_HDR0.jpg,grisMejua_2025_01_27__02_59_06_HDR0_4_Mothbot_yolo11m_4500_imgsz1600_b1_2024-01-18.pt.jpg
,,,,,,,,,,,,ERROR,Cerro_Hoya_Expedition_Hoya_606m_grisMejua_2025-01-26,grisMejua_2025_01_27__02_59_06_HDR0_5_Mothbot_yolo11m_4500_imgsz1600_b1_2024-01-18.pt.jpg,HS,Mothbot_yolo11m_4500_imgsz1600_b1_2024-01-18.pt,0.5101155638694763,,grisMejua,Cerro_Hoya_Expedition/Hoya_606m_grisMejua_2025-01-26/2025-01-26/patches/grisMejua_2025_01_27__02_59_06_HDR0_5_Mothbot_yolo11m_4500_imgsz1600_b1_2024-01-18.pt.jpg,ORDER_Lepidoptera,2025-01-27,02:59:06,,2025_01_27__02_59_06,MachineObservation,Cerro_Hoya_Expedition_Hoya_606m_grisMejua_2025-01-26_2025-01-26,Cerro_Hoya_Expedition_Hoya_606m_grisMejua_2025-01-26,grisMejua_2025_01_27__02_59_06_HDR0.jpg,grisMejua_2025_01_27__02_59_06_HDR0_5_Mothbot_yolo11m_4500_imgsz1600_b1_2024-01-18.pt.jpg
doi.org10.15468dl.6nxkw6.csv,Animalia,Arthropoda,Insecta,Hemiptera,,,,,809,,Hemiptera,Hemiptera,Cerro_Hoya_Expedition_Hoya_606m_grisMejua_2025-01-26,grisMejua_2025_01_27__04_03_06_HDR0_0_Mothbot_yolo11m_4500_imgsz1600_b1_2024-01-18.pt.jpg,HS,Mothbot_yolo11m_4500_imgsz1600_b1_2024-01-18.pt,0.7315199971199036,,grisMejua,Cerro_Hoya_Expedition/Hoya_606m_grisMejua_2025-01-26/2025-01-26/patches/grisMejua_2025_01_27__04_03_06_HDR0_0_Mothbot_yolo11m_4500_imgsz1600_b1_2024-01-18.pt.jpg,ORDER_Hemiptera,2025-01-27,04:03:06,,2025_01_27__04_03_06,MachineObservation,Cerro_Hoya_Expedition_Hoya_606m_grisMejua_2025-01-26_2025-01-26,Cerro_Hoya_Expedition_Hoya_606m_grisMejua_2025-01-26,grisMejua_2025_01_27__04_03_06_HDR0.jpg,grisMejua_2025_01_27__04_03_06_HDR0_0_Mothbot_yolo11m_4500_imgsz1600_b1_2024-01-18.pt.jpg
doi.org10.15468dl.6nxkw6.csv,Animalia,Arthropoda,Insecta,Diptera,,,,,811,,Diptera,Diptera,Cerro_Hoya_Expedition_Hoya_606m_grisMejua_2025-01-26,grisMejua_2025_01_27__04_03_06_HDR0_1_Mothbot_yolo11m_4500_imgsz1600_b1_2024-01-18.pt.jpg,HS,Mothbot_yolo11m_4500_imgsz1600_b1_2024-01-18.pt,0.5674419403076172,,grisMejua,Cerro_Hoya_Expedition/Hoya_606m_grisMejua_2025-01-26/2025-01-26/patches/grisMejua_2025_01_27__04_03_06_HDR0_1_Mothbot_yolo11m_4500_imgsz1600_b1_2024-01-18.pt.jpg,ORDER_Diptera,2025-01-27,04:03:06,,2025_01_27__04_03_06,MachineObservation,Cerro_Hoya_Expedition_Hoya_606m_grisMejua_2025-01-26_2025-01-26,Cerro_Hoya_Expedition_Hoya_606m_grisMejua_2025-01-26,grisMejua_2025_01_27__04_03_06_HDR0.jpg,grisMejua_2025_01_27__04_03_06_HDR0_1_Mothbot_yolo11m_4500_imgsz1600_b1_2024-01-18.pt.jpg
doi.org10.15468dl.6nxkw6.csv,Animalia,Arthropoda,Insecta,Hemiptera,,,,,809,,Hemiptera,Hemiptera,Cerro_Hoya_Expedition_Hoya_606m_grisMejua_2025-01-26,grisMejua_2025_01_27__04_03_06_HDR0_2_Mothbot_yolo11m_4500_imgsz1600_b1_2024-01-18.pt.jpg,HS,Mothbot_yolo11m_4500_imgsz1600_b1_2024-01-18.pt,0.5010135173797607,,grisMejua,Cerro_Hoya_Expedition/Hoya_606m_grisMejua_2025-01-26/2025-01-26/patches/grisMejua_2025_01_27__04_03_06_HDR0_2_Mothbot_yolo11m_4500_imgsz1600_b1_2024-01-18.pt.jpg,ORDER_Hemiptera,2025-01-27,04:03:06,,2025_01_27__04_03_06,MachineObservation,Cerro_Hoya_Expedition_Hoya_606m_grisMejua_2025-01-26_2025-01-26,Cerro_Hoya_Expedition_Hoya_606m_grisMejua_2025-01-26,grisMejua_2025_01_27__04_03_06_HDR0.jpg,grisMejua_2025_01_27__04_03_06_HDR0_2_Mothbot_yolo11m_4500_imgsz1600_b1_2024-01-18.pt.jpg
doi.org10.15468dl.6nxkw6.csv,Animalia,Arthropoda,Insecta,Diptera,,,,,811,,Diptera,Diptera,Cerro_Hoya_Expedition_Hoya_606m_grisMejua_2025-01-26,grisMejua_2025_01_27__04_04_05_HDR0_0_Mothbot_yolo11m_4500_imgsz1600_b1_2024-01-18.pt.jpg,HS,Mothbot_yolo11m_4500_imgsz1600_b1_2024-01-18.pt,0.6845847368240356,,grisMejua,Cerro_Hoya_Expedition/Hoya_606m_grisMejua_2025-01-26/2025-01-26/patches/grisMejua_2025_01_27__04_04_05_HDR0_0_Mothbot_yolo11m_4500_imgsz1600_b1_2024-01-18.pt.jpg,ORDER_Diptera,2025-01-27,04:04:05,,2025_01_27__04_04_05,MachineObservation,Cerro_Hoya_Expedition_Hoya_606m_grisMejua_2025-01-26_2025-01-26,Cerro_Hoya_Expedition_Hoya_606m_grisMejua_2025-01-26,grisMejua_2025_01_27__04_04_05_HDR0.jpg,grisMejua_2025_01_27__04_04_05_HDR0_0_Mothbot_yolo11m_4500_imgsz1600_b1_2024-01-18.pt.jpg
doi.org10.15468dl.6nxkw6.csv,Animalia,Arthropoda,Insecta,Lepidoptera,,,,,797,,Lepidoptera,Lepidoptera,Cerro_Hoya_Expedition_Hoya_606m_grisMejua_2025-01-26,grisMejua_2025_01_27__04_04_05_HDR0_1_Mothbot_yolo11m_4500_imgsz1600_b1_2024-01-18.pt.jpg,HS,Mothbot_yolo11m_4500_imgsz1600_b1_2024-01-18.pt,0.2982431948184967,,grisMejua,Cerro_Hoya_Expedition/Hoya_606m_grisMejua_2025-01-26/2025-01-26/patches/grisMejua_2025_01_27__04_04_05_HDR0_1_Mothbot_yolo11m_4500_imgsz1600_b1_2024-01-18.pt.jpg,ORDER_Psocodea,2025-01-27,04:04:05,,2025_01_27__04_04_05,MachineObservation,Cerro_Hoya_Expedition_Hoya_606m_grisMejua_2025-01-26_2025-01-26,Cerro_Hoya_Expedition_Hoya_606m_grisMejua_2025-01-26,grisMejua_2025_01_27__04_04_05_HDR0.jpg,grisMejua_2025_01_27__04_04_05_HDR0_1_Mothbot_yolo11m_4500_imgsz1600_b1_2024-01-18.pt.jpg
doi.org10.15468dl.6nxkw6.csv,Animalia,Arthropoda,Insecta,Hemiptera,,,,,809,,Hemiptera,Hemiptera,Cerro_Hoya_Expedition_Hoya_606m_grisMejua_2025-01-26,grisMejua_2025_01_27__04_05_05_HDR0_0_Mothbot_yolo11m_4500_imgsz1600_b1_2024-01-18.pt.jpg,HS,Mothbot_yolo11m_4500_imgsz1600_b1_2024-01-18.pt,0.5323768258094788,,grisMejua,Cerro_Hoya_Expedition/Hoya_606m_grisMejua_2025-01-26/2025-01-26/patches/grisMejua_2025_01_27__04_05_05_HDR0_0_Mothbot_yolo11m_4500_imgsz1600_b1_2024-01-18.pt.jpg,ORDER_Diptera,2025-01-27,04:05:05,,2025_01_27__04_05_05,MachineObservation,Cerro_Hoya_Expedition_Hoya_606m_grisMejua_2025-01-26_2025-01-26,Cerro_Hoya_Expedition_Hoya_606m_grisMejua_2025-01-26,grisMejua_2025_01_27__04_05_05_HDR0.jpg,grisMejua_2025_01_27__04_05_05_HDR0_0_Mothbot_yolo11m_4500_imgsz1600_b1_2024-01-18.pt.jpg
doi.org10.15468dl.6nxkw6.csv,Animalia,Arthropoda,Insecta,Hemiptera,,,,,809,,Hemiptera,Hemiptera,Cerro_Hoya_Expedition_Hoya_606m_grisMejua_2025-01-26,grisMejua_2025_01_27__04_06_06_HDR0_0_Mothbot_yolo11m_4500_imgsz1600_b1_2024-01-18.pt.jpg,HS,Mothbot_yolo11m_4500_imgsz1600_b1_2024-01-18.pt,0.5025284886360168,,grisMejua,Cerro_Hoya_Expedition/Hoya_606m_grisMejua_2025-01-26/2025-01-26/patches/grisMejua_2025_01_27__04_06_06_HDR0_0_Mothbot_yolo11m_4500_imgsz1600_b1_2024-01-18.pt.jpg,ORDER_Diptera,2025-01-27,04:06:06,,2025_01_27__04_06_06,MachineObservation,Cerro_Hoya_Expedition_Hoya_606m_grisMejua_2025-01-26_2025-01-26,Cerro_Hoya_Expedition_Hoya_606m_grisMejua_2025-01-26,grisMejua_2025_01_27__04_06_06_HDR0.jpg,grisMejua_2025_01_27__04_06_06_HDR0_0_Mothbot_yolo11m_4500_imgsz1600_b1_2024-01-18.pt.jpg
doi.org10.15468dl.6nxkw6.csv,Animalia,Arthropoda,Insecta,Hemiptera,,,,,809,,Hemiptera,Hemiptera,Cerro_Hoya_Expedition_Hoya_606m_grisMejua_2025-01-26,grisMejua_2025_01_27__04_07_06_HDR0_0_Mothbot_yolo11m_4500_imgsz1600_b1_2024-01-18.pt.jpg,HS,Mothbot_yolo11m_4500_imgsz1600_b1_2024-01-18.pt,0.25781452655792236,,grisMejua,Cerro_Hoya_Expedition/Hoya_606m_grisMejua_2025-01-26/2025-01-26/patches/grisMejua_2025_01_27__04_07_06_HDR0_0_Mothbot_yolo11m_4500_imgsz1600_b1_2024-01-18.pt.jpg,ORDER_Hemiptera,2025-01-27,04:07:06,,2025_01_27__04_07_06,MachineObservation,Cerro_Hoya_Expedition_Hoya_606m_grisMejua_2025-01-26_2025-01-26,Cerro_Hoya_Expedition_Hoya_606m_grisMejua_2025-01-26,grisMejua_2025_01_27__04_07_06_HDR0.jpg,grisMejua_2025_01_27__04_07_06_HDR0_0_Mothbot_yolo11m_4500_imgsz1600_b1_2024-01-18.pt.jpg
doi.org10.15468dl.6nxkw6.csv,Animalia,Arthropoda,Insecta,,,,,,216,,Insecta,Insecta,Cerro_Hoya_Expedition_Hoya_606m_grisMejua_2025-01-26,grisMejua_2025_01_27__04_11_06_HDR0_0_Mothbot_yolo11m_4500_imgsz1600_b1_2024-01-18.pt.jpg,HS,Mothbot_yolo11m_4500_imgsz1600_b1_2024-01-18.pt,0.5179562568664551,,grisMejua,Cerro_Hoya_Expedition/Hoya_606m_grisMejua_2025-01-26/2025-01-26/patches/grisMejua_2025_01_27__04_11_06_HDR0_0_Mothbot_yolo11m_4500_imgsz1600_b1_2024-01-18.pt.jpg,ORDER_Lepidoptera,2025-01-27,04:11:06,,2025_01_27__04_11_06,MachineObservation,Cerro_Hoya_Expedition_Hoya_606m_grisMejua_2025-01-26_2025-01-26,Cerro_Hoya_Expedition_Hoya_606m_grisMejua_2025-01-26,grisMejua_2025_01_27__04_11_06_HDR0.jpg,grisMejua_2025_01_27__04_11_06_HDR0_0_Mothbot_yolo11m_4500_imgsz1600_b1_2024-01-18.pt.jpg
doi.org10.15468dl.6nxkw6.csv,Animalia,Arthropoda,Insecta,Lepidoptera,,,,,797,,Lepidoptera,Lepidoptera,Cerro_Hoya_Expedition_Hoya_606m_grisMejua_2025-01-26,grisMejua_2025_01_27__04_13_05_HDR0_0_Mothbot_yolo11m_4500_imgsz1600_b1_2024-01-18.pt.jpg,HS,Mothbot_yolo11m_4500_imgsz1600_b1_2024-01-18.pt,0.6038746237754822,,grisMejua,Cerro_Hoya_Expedition/Hoya_606m_grisMejua_2025-01-26/2025-01-26/patches/grisMejua_2025_01_27__04_13_05_HDR0_0_Mothbot_yolo11m_4500_imgsz1600_b1_2024-01-18.pt.jpg,ORDER_Diptera,2025-01-27,04:13:05,,2025_01_27__04_13_05,MachineObservation,Cerro_Hoya_Expedition_Hoya_606m_grisMejua_2025-01-26_2025-01-26,Cerro_Hoya_Expedition_Hoya_606m_grisMejua_2025-01-26,grisMejua_2025_01_27__04_13_05_HDR0.jpg,grisMejua_2025_01_27__04_13_05_HDR0_0_Mothbot_yolo11m_4500_imgsz1600_b1_2024-01-18.pt.jpg
doi.org10.15468dl.6nxkw6.csv,Animalia,Arthropoda,Insecta,Diptera,,,,,811,,Diptera,Diptera,Cerro_Hoya_Expedition_Hoya_606m_grisMejua_2025-01-26,grisMejua_2025_01_27__04_16_05_HDR0_0_Mothbot_yolo11m_4500_imgsz1600_b1_2024-01-18.pt.jpg,HS,Mothbot_yolo11m_4500_imgsz1600_b1_2024-01-18.pt,0.3514290750026703,,grisMejua,Cerro_Hoya_Expedition/Hoya_606m_grisMejua_2025-01-26/2025-01-26/patches/grisMejua_2025_01_27__04_16_05_HDR0_0_Mothbot_yolo11m_4500_imgsz1600_b1_2024-01-18.pt.jpg,ORDER_Diptera,2025-01-27,04:16:05,,2025_01_27__04_16_05,MachineObservation,Cerro_Hoya_Expedition_Hoya_606m_grisMejua_2025-01-26_2025-01-26,Cerro_Hoya_Expedition_Hoya_606m_grisMejua_2025-01-26,grisMejua_2025_01_27__04_16_05_HDR0.jpg,grisMejua_2025_01_27__04_16_05_HDR0_0_Mothbot_yolo11m_4500_imgsz1600_b1_2024-01-18.pt.jpg
doi.org10.15468dl.6nxkw6.csv,Animalia,Arthropoda,Insecta,Hemiptera,,,,,809,,Hemiptera,Hemiptera,Cerro_Hoya_Expedition_Hoya_606m_grisMejua_2025-01-26,grisMejua_2025_01_27__04_17_05_HDR0_0_Mothbot_yolo11m_4500_imgsz1600_b1_2024-01-18.pt.jpg,HS,Mothbot_yolo11m_4500_imgsz1600_b1_2024-01-18.pt,0.7917962670326233,,grisMejua,Cerro_Hoya_Expedition/Hoya_606m_grisMejua_2025-01-26/2025-01-26/patches/grisMejua_2025_01_27__04_17_05_HDR0_0_Mothbot_yolo11m_4500_imgsz1600_b1_2024-01-18.pt.jpg,ORDER_Diptera,2025-01-27,04:17:05,,2025_01_27__04_17_05,MachineObservation,Cerro_Hoya_Expedition_Hoya_606m_grisMejua_2025-01-26_2025-01-26,Cerro_Hoya_Expedition_Hoya_606m_grisMejua_2025-01-26,grisMejua_2025_01_27__04_17_05_HDR0.jpg,grisMejua_2025_01_27__04_17_05_HDR0_0_Mothbot_yolo11m_4500_imgsz1600_b1_2024-01-18.pt.jpg
doi.org10.15468dl.6nxkw6.csv,Animalia,Arthropoda,Insecta,Hemiptera,,,,,809,,Hemiptera,Hemiptera,Cerro_Hoya_Expedition_Hoya_606m_grisMejua_2025-01-26,grisMejua_2025_01_27__04_18_06_HDR0_0_Mothbot_yolo11m_4500_imgsz1600_b1_2024-01-18.pt.jpg,HS,Mothbot_yolo11m_4500_imgsz1600_b1_2024-01-18.pt,0.7976458072662354,,grisMejua,Cerro_Hoya_Expedition/Hoya_606m_grisMejua_2025-01-26/2025-01-26/patches/grisMejua_2025_01_27__04_18_06_HDR0_0_Mothbot_yolo11m_4500_imgsz1600_b1_2024-01-18.pt.jpg,ORDER_Diptera,2025-01-27,04:18:06,,2025_01_27__04_18_06,MachineObservation,Cerro_Hoya_Expedition_Hoya_606m_grisMejua_2025-01-26_2025-01-26,Cerro_Hoya_Expedition_Hoya_606m_grisMejua_2025-01-26,grisMejua_2025_01_27__04_18_06_HDR0.jpg,grisMejua_2025_01_27__04_18_06_HDR0_0_Mothbot_yolo11m_4500_imgsz1600_b1_2024-01-18.pt.jpg
,,,,,,,,,,,,ERROR,Cerro_Hoya_Expedition_Hoya_606m_grisMejua_2025-01-26,grisMejua_2025_01_27__04_18_06_HDR0_1_Mothbot_yolo11m_4500_imgsz1600_b1_2024-01-18.pt.jpg,HS,Mothbot_yolo11m_4500_imgsz1600_b1_2024-01-18.pt,0.2697555124759674,,grisMejua,Cerro_Hoya_Expedition/Hoya_606m_grisMejua_2025-01-26/2025-01-26/patches/grisMejua_2025_01_27__04_18_06_HDR0_1_Mothbot_yolo11m_4500_imgsz1600_b1_2024-01-18.pt.jpg,ORDER_Hymenoptera,2025-01-27,04:18:06,,2025_01_27__04_18_06,MachineObservation,Cerro_Hoya_Expedition_Hoya_606m_grisMejua_2025-01-26_2025-01-26,Cerro_Hoya_Expedition_Hoya_606m_grisMejua_2025-01-26,grisMejua_2025_01_27__04_18_06_HDR0.jpg,grisMejua_2025_01_27__04_18_06_HDR0_1_Mothbot_yolo11m_4500_imgsz1600_b1_2024-01-18.pt.jpg
doi.org10.15468dl.6nxkw6.csv,Animalia,Arthropoda,Insecta,Hemiptera,,,,,809,,Hemiptera,Hemiptera,Cerro_Hoya_Expedition_Hoya_606m_grisMejua_2025-01-26,grisMejua_2025_01_27__04_19_06_HDR0_0_Mothbot_yolo11m_4500_imgsz1600_b1_2024-01-18.pt.jpg,HS,Mothbot_yolo11m_4500_imgsz1600_b1_2024-01-18.pt,0.754253089427948,,grisMejua,Cerro_Hoya_Expedition/Hoya_606m_grisMejua_2025-01-26/2025-01-26/patches/grisMejua_2025_01_27__04_19_06_HDR0_0_Mothbot_yolo11m_4500_imgsz1600_b1_2024-01-18.pt.jpg,ORDER_Orthoptera,2025-01-27,04:19:06,,2025_01_27__04_19_06,MachineObservation,Cerro_Hoya_Expedition_Hoya_606m_grisMejua_2025-01-26_2025-01-26,Cerro_Hoya_Expedition_Hoya_606m_grisMejua_2025-01-26,grisMejua_2025_01_27__04_19_06_HDR0.jpg,grisMejua_2025_01_27__04_19_06_HDR0_0_Mothbot_yolo11m_4500_imgsz1600_b1_2024-01-18.pt.jpg
doi.org10.15468dl.6nxkw6.csv,Animalia,Arthropoda,Insecta,Hemiptera,,,,,809,,Hemiptera,Hemiptera,Cerro_Hoya_Expedition_Hoya_606m_grisMejua_2025-01-26,grisMejua_2025_01_27__04_20_06_HDR0_0_Mothbot_yolo11m_4500_imgsz1600_b1_2024-01-18.pt.jpg,HS,Mothbot_yolo11m_4500_imgsz1600_b1_2024-01-18.pt,0.7478753328323364,,grisMejua,Cerro_Hoya_Expedition/Hoya_606m_grisMejua_2025-01-26/2025-01-26/patches/grisMejua_2025_01_27__04_20_06_HDR0_0_Mothbot_yolo11m_4500_imgsz1600_b1_2024-01-18.pt.jpg,ORDER_Diptera,2025-01-27,04:20:06,,2025_01_27__04_20_06,MachineObservation,Cerro_Hoya_Expedition_Hoya_606m_grisMejua_2025-01-26_2025-01-26,Cerro_Hoya_Expedition_Hoya_606m_grisMejua_2025-01-26,grisMejua_2025_01_27__04_20_06_HDR0.jpg,grisMejua_2025_01_27__04_20_06_HDR0_0_Mothbot_yolo11m_4500_imgsz1600_b1_2024-01-18.pt.jpg
doi.org10.15468dl.6nxkw6.csv,Animalia,Arthropoda,Insecta,Hemiptera,,,,,809,,Hemiptera,Hemiptera,Cerro_Hoya_Expedition_Hoya_606m_grisMejua_2025-01-26,grisMejua_2025_01_27__04_20_06_HDR0_1_Mothbot_yolo11m_4500_imgsz1600_b1_2024-01-18.pt.jpg,HS,Mothbot_yolo11m_4500_imgsz1600_b1_2024-01-18.pt,0.6837387681007385,,grisMejua,Cerro_Hoya_Expedition/Hoya_606m_grisMejua_2025-01-26/2025-01-26/patches/grisMejua_2025_01_27__04_20_06_HDR0_1_Mothbot_yolo11m_4500_imgsz1600_b1_2024-01-18.pt.jpg,ORDER_Hemiptera,2025-01-27,04:20:06,,2025_01_27__04_20_06,MachineObservation,Cerro_Hoya_Expedition_Hoya_606m_grisMejua_2025-01-26_2025-01-26,Cerro_Hoya_Expedition_Hoya_606m_grisMejua_2025-01-26,grisMejua_2025_01_27__04_20_06_HDR0.jpg,grisMejua_2025_01_27__04_20_06_HDR0_1_Mothbot_yolo11m_4500_imgsz1600_b1_2024-01-18.pt.jpg
doi.org10.15468dl.6nxkw6.csv,Animalia,Arthropoda,Insecta,Hemiptera,,,,,809,,Hemiptera,Hemiptera,Cerro_Hoya_Expedition_Hoya_606m_grisMejua_2025-01-26,grisMejua_2025_01_27__04_21_05_HDR0_0_Mothbot_yolo11m_4500_imgsz1600_b1_2024-01-18.pt.jpg,HS,Mothbot_yolo11m_4500_imgsz1600_b1_2024-01-18.pt,0.7533608675003052,,grisMejua,Cerro_Hoya_Expedition/Hoya_606m_grisMejua_2025-01-26/2025-01-26/patches/grisMejua_2025_01_27__04_21_05_HDR0_0_Mothbot_yolo11m_4500_imgsz1600_b1_2024-01-18.pt.jpg,ORDER_Diptera,2025-01-27,04:21:05,,2025_01_27__04_21_05,MachineObservation,Cerro_Hoya_Expedition_Hoya_606m_grisMejua_2025-01-26_2025-01-26,Cerro_Hoya_Expedition_Hoya_606m_grisMejua_2025-01-26,grisMejua_2025_01_27__04_21_05_HDR0.jpg,grisMejua_2025_01_27__04_21_05_HDR0_0_Mothbot_yolo11m_4500_imgsz1600_b1_2024-01-18.pt.jpg
,,,,,,,,,,,,ERROR,Cerro_Hoya_Expedition_Hoya_606m_grisMejua_2025-01-26,grisMejua_2025_01_27__04_21_05_HDR0_1_Mothbot_yolo11m_4500_imgsz1600_b1_2024-01-18.pt.jpg,HS,Mothbot_yolo11m_4500_imgsz1600_b1_2024-01-18.pt,0.2965468168258667,,grisMejua,Cerro_Hoya_Expedition/Hoya_606m_grisMejua_2025-01-26/2025-01-26/patches/grisMejua_2025_01_27__04_21_05_HDR0_1_Mothbot_yolo11m_4500_imgsz1600_b1_2024-01-18.pt.jpg,ORDER_Hymenoptera,2025-01-27,04:21:05,,2025_01_27__04_21_05,MachineObservation,Cerro_Hoya_Expedition_Hoya_606m_grisMejua_2025-01-26_2025-01-26,Cerro_Hoya_Expedition_Hoya_606m_grisMejua_2025-01-26,grisMejua_2025_01_27__04_21_05_HDR0.jpg,grisMejua_2025_01_27__04_21_05_HDR0_1_Mothbot_yolo11m_4500_imgsz1600_b1_2024-01-18.pt.jpg
doi.org10.15468dl.6nxkw6.csv,Animalia,Arthropoda,Insecta,Hemiptera,,,,,809,,Hemiptera,Hemiptera,Cerro_Hoya_Expedition_Hoya_606m_grisMejua_2025-01-26,grisMejua_2025_01_27__04_22_22_HDR0_0_Mothbot_yolo11m_4500_imgsz1600_b1_2024-01-18.pt.jpg,HS,Mothbot_yolo11m_4500_imgsz1600_b1_2024-01-18.pt,0.7553290128707886,,grisMejua,Cerro_Hoya_Expedition/Hoya_606m_grisMejua_2025-01-26/2025-01-26/patches/grisMejua_2025_01_27__04_22_22_HDR0_0_Mothbot_yolo11m_4500_imgsz1600_b1_2024-01-18.pt.jpg,ORDER_Hemiptera,2025-01-27,04:22:22,,2025_01_27__04_22_22,MachineObservation,Cerro_Hoya_Expedition_Hoya_606m_grisMejua_2025-01-26_2025-01-26,Cerro_Hoya_Expedition_Hoya_606m_grisMejua_2025-01-26,grisMejua_2025_01_27__04_22_22_HDR0.jpg,grisMejua_2025_01_27__04_22_22_HDR0_0_Mothbot_yolo11m_4500_imgsz1600_b1_2024-01-18.pt.jpg
doi.org10.15468dl.6nxkw6.csv,Animalia,Arthropoda,Insecta,Coleoptera,Cerambycidae,Bebelis,,Bebelis1,1136583,,Bebelis,Bebelis1,Cerro_Hoya_Expedition_Hoya_606m_grisMejua_2025-01-26,grisMejua_2025_01_27__04_22_22_HDR0_1_Mothbot_yolo11m_4500_imgsz1600_b1_2024-01-18.pt.jpg,HS,Mothbot_yolo11m_4500_imgsz1600_b1_2024-01-18.pt,0.6677353978157043,,grisMejua,Cerro_Hoya_Expedition/Hoya_606m_grisMejua_2025-01-26/2025-01-26/patches/grisMejua_2025_01_27__04_22_22_HDR0_1_Mothbot_yolo11m_4500_imgsz1600_b1_2024-01-18.pt.jpg,ORDER_Coleoptera,2025-01-27,04:22:22,,2025_01_27__04_22_22,MachineObservation,Cerro_Hoya_Expedition_Hoya_606m_grisMejua_2025-01-26_2025-01-26,Cerro_Hoya_Expedition_Hoya_606m_grisMejua_2025-01-26,grisMejua_2025_01_27__04_22_22_HDR0.jpg,grisMejua_2025_01_27__04_22_22_HDR0_1_Mothbot_yolo11m_4500_imgsz1600_b1_2024-01-18.pt.jpg
doi.org10.15468dl.6nxkw6.csv,Animalia,Arthropoda,Insecta,Hemiptera,,,,,809,,Hemiptera,Hemiptera,Cerro_Hoya_Expedition_Hoya_606m_grisMejua_2025-01-26,grisMejua_2025_01_27__04_23_06_HDR0_0_Mothbot_yolo11m_4500_imgsz1600_b1_2024-01-18.pt.jpg,HS,Mothbot_yolo11m_4500_imgsz1600_b1_2024-01-18.pt,0.7107667326927185,,grisMejua,Cerro_Hoya_Expedition/Hoya_606m_grisMejua_2025-01-26/2025-01-26/patches/grisMejua_2025_01_27__04_23_06_HDR0_0_Mothbot_yolo11m_4500_imgsz1600_b1_2024-01-18.pt.jpg,ORDER_Hemiptera,2025-01-27,04:23:06,,2025_01_27__04_23_06,MachineObservation,Cerro_Hoya_Expedition_Hoya_606m_grisMejua_2025-01-26_2025-01-26,Cerro_Hoya_Expedition_Hoya_606m_grisMejua_2025-01-26,grisMejua_2025_01_27__04_23_06_HDR0.jpg,grisMejua_2025_01_27__04_23_06_HDR0_0_Mothbot_yolo11m_4500_imgsz1600_b1_2024-01-18.pt.jpg
doi.org10.15468dl.6nxkw6.csv,Animalia,Arthropoda,Insecta,Coleoptera,Cerambycidae,Bebelis,,Bebelis1,1136583,,Bebelis,Bebelis1,Cerro_Hoya_Expedition_Hoya_606m_grisMejua_2025-01-26,grisMejua_2025_01_27__04_23_06_HDR0_1_Mothbot_yolo11m_4500_imgsz1600_b1_2024-01-18.pt.jpg,HS,Mothbot_yolo11m_4500_imgsz1600_b1_2024-01-18.pt,0.6708098649978638,,grisMejua,Cerro_Hoya_Expedition/Hoya_606m_grisMejua_2025-01-26/2025-01-26/patches/grisMejua_2025_01_27__04_23_06_HDR0_1_Mothbot_yolo11m_4500_imgsz1600_b1_2024-01-18.pt.jpg,ORDER_Coleoptera,2025-01-27,04:23:06,,2025_01_27__04_23_06,MachineObservation,Cerro_Hoya_Expedition_Hoya_606m_grisMejua_2025-01-26_2025-01-26,Cerro_Hoya_Expedition_Hoya_606m_grisMejua_2025-01-26,grisMejua_2025_01_27__04_23_06_HDR0.jpg,grisMejua_2025_01_27__04_23_06_HDR0_1_Mothbot_yolo11m_4500_imgsz1600_b1_2024-01-18.pt.jpg
doi.org10.15468dl.6nxkw6.csv,Animalia,Arthropoda,Insecta,Hemiptera,,,,,809,,Hemiptera,Hemiptera,Cerro_Hoya_Expedition_Hoya_606m_grisMejua_2025-01-26,grisMejua_2025_01_27__04_24_05_HDR0_0_Mothbot_yolo11m_4500_imgsz1600_b1_2024-01-18.pt.jpg,HS,Mothbot_yolo11m_4500_imgsz1600_b1_2024-01-18.pt,0.7175816297531128,,grisMejua,Cerro_Hoya_Expedition/Hoya_606m_grisMejua_2025-01-26/2025-01-26/patches/grisMejua_2025_01_27__04_24_05_HDR0_0_Mothbot_yolo11m_4500_imgsz1600_b1_2024-01-18.pt.jpg,ORDER_Diptera,2025-01-27,04:24:05,,2025_01_27__04_24_05,MachineObservation,Cerro_Hoya_Expedition_Hoya_606m_grisMejua_2025-01-26_2025-01-26,Cerro_Hoya_Expedition_Hoya_606m_grisMejua_2025-01-26,grisMejua_2025_01_27__04_24_05_HDR0.jpg,grisMejua_2025_01_27__04_24_05_HDR0_0_Mothbot_yolo11m_4500_imgsz1600_b1_2024-01-18.pt.jpg
doi.org10.15468dl.6nxkw6.csv,Animalia,Arthropoda,Insecta,Hemiptera,,,,,809,,Hemiptera,Hemiptera,Cerro_Hoya_Expedition_Hoya_606m_grisMejua_2025-01-26,grisMejua_2025_01_27__04_25_06_HDR0_0_Mothbot_yolo11m_4500_imgsz1600_b1_2024-01-18.pt.jpg,HS,Mothbot_yolo11m_4500_imgsz1600_b1_2024-01-18.pt,0.7444432377815247,,grisMejua,Cerro_Hoya_Expedition/Hoya_606m_grisMejua_2025-01-26/2025-01-26/patches/grisMejua_2025_01_27__04_25_06_HDR0_0_Mothbot_yolo11m_4500_imgsz1600_b1_2024-01-18.pt.jpg,ORDER_Diptera,2025-01-27,04:25:06,,2025_01_27__04_25_06,MachineObservation,Cerro_Hoya_Expedition_Hoya_606m_grisMejua_2025-01-26_2025-01-26,Cerro_Hoya_Expedition_Hoya_606m_grisMejua_2025-01-26,grisMejua_2025_01_27__04_25_06_HDR0.jpg,grisMejua_2025_01_27__04_25_06_HDR0_0_Mothbot_yolo11m_4500_imgsz1600_b1_2024-01-18.pt.jpg
doi.org10.15468dl.6nxkw6.csv,Animalia,Arthropoda,Insecta,Diptera,,,,,811,,Diptera,Diptera,Cerro_Hoya_Expedition_Hoya_606m_grisMejua_2025-01-26,grisMejua_2025_01_27__04_25_06_HDR0_1_Mothbot_yolo11m_4500_imgsz1600_b1_2024-01-18.pt.jpg,HS,Mothbot_yolo11m_4500_imgsz1600_b1_2024-01-18.pt,0.29828035831451416,,grisMejua,Cerro_Hoya_Expedition/Hoya_606m_grisMejua_2025-01-26/2025-01-26/patches/grisMejua_2025_01_27__04_25_06_HDR0_1_Mothbot_yolo11m_4500_imgsz1600_b1_2024-01-18.pt.jpg,ORDER_Diptera,2025-01-27,04:25:06,,2025_01_27__04_25_06,MachineObservation,Cerro_Hoya_Expedition_Hoya_606m_grisMejua_2025-01-26_2025-01-26,Cerro_Hoya_Expedition_Hoya_606m_grisMejua_2025-01-26,grisMejua_2025_01_27__04_25_06_HDR0.jpg,grisMejua_2025_01_27__04_25_06_HDR0_1_Mothbot_yolo11m_4500_imgsz1600_b1_2024-01-18.pt.jpg
doi.org10.15468dl.6nxkw6.csv,Animalia,Arthropoda,Insecta,Hemiptera,,,,,809,,Hemiptera,Hemiptera,Cerro_Hoya_Expedition_Hoya_606m_grisMejua_2025-01-26,grisMejua_2025_01_27__04_26_06_HDR0_0_Mothbot_yolo11m_4500_imgsz1600_b1_2024-01-18.pt.jpg,HS,Mothbot_yolo11m_4500_imgsz1600_b1_2024-01-18.pt,0.7360824346542358,,grisMejua,Cerro_Hoya_Expedition/Hoya_606m_grisMejua_2025-01-26/2025-01-26/patches/grisMejua_2025_01_27__04_26_06_HDR0_0_Mothbot_yolo11m_4500_imgsz1600_b1_2024-01-18.pt.jpg,ORDER_Diptera,2025-01-27,04:26:06,,2025_01_27__04_26_06,MachineObservation,Cerro_Hoya_Expedition_Hoya_606m_grisMejua_2025-01-26_2025-01-26,Cerro_Hoya_Expedition_Hoya_606m_grisMejua_2025-01-26,grisMejua_2025_01_27__04_26_06_HDR0.jpg,grisMejua_2025_01_27__04_26_06_HDR0_0_Mothbot_yolo11m_4500_imgsz1600_b1_2024-01-18.pt.jpg
doi.org10.15468dl.6nxkw6.csv,Animalia,Arthropoda,Insecta,Hemiptera,,,,,809,,Hemiptera,Hemiptera,Cerro_Hoya_Expedition_Hoya_606m_grisMejua_2025-01-26,grisMejua_2025_01_27__04_26_06_HDR0_1_Mothbot_yolo11m_4500_imgsz1600_b1_2024-01-18.pt.jpg,HS,Mothbot_yolo11m_4500_imgsz1600_b1_2024-01-18.pt,0.5847207307815552,,grisMejua,Cerro_Hoya_Expedition/Hoya_606m_grisMejua_2025-01-26/2025-01-26/patches/grisMejua_2025_01_27__04_26_06_HDR0_1_Mothbot_yolo11m_4500_imgsz1600_b1_2024-01-18.pt.jpg,ORDER_Hemiptera,2025-01-27,04:26:06,,2025_01_27__04_26_06,MachineObservation,Cerro_Hoya_Expedition_Hoya_606m_grisMejua_2025-01-26_2025-01-26,Cerro_Hoya_Expedition_Hoya_606m_grisMejua_2025-01-26,grisMejua_2025_01_27__04_26_06_HDR0.jpg,grisMejua_2025_01_27__04_26_06_HDR0_1_Mothbot_yolo11m_4500_imgsz1600_b1_2024-01-18.pt.jpg
doi.org10.15468dl.6nxkw6.csv,Animalia,Arthropoda,Insecta,,,,,,216,,Insecta,Insecta,Cerro_Hoya_Expedition_Hoya_606m_grisMejua_2025-01-26,grisMejua_2025_01_27__04_26_06_HDR0_2_Mothbot_yolo11m_4500_imgsz1600_b1_2024-01-18.pt.jpg,HS,Mothbot_yolo11m_4500_imgsz1600_b1_2024-01-18.pt,0.2889730632305145,,grisMejua,Cerro_Hoya_Expedition/Hoya_606m_grisMejua_2025-01-26/2025-01-26/patches/grisMejua_2025_01_27__04_26_06_HDR0_2_Mothbot_yolo11m_4500_imgsz1600_b1_2024-01-18.pt.jpg,ORDER_Diptera,2025-01-27,04:26:06,,2025_01_27__04_26_06,MachineObservation,Cerro_Hoya_Expedition_Hoya_606m_grisMejua_2025-01-26_2025-01-26,Cerro_Hoya_Expedition_Hoya_606m_grisMejua_2025-01-26,grisMejua_2025_01_27__04_26_06_HDR0.jpg,grisMejua_2025_01_27__04_26_06_HDR0_2_Mothbot_yolo11m_4500_imgsz1600_b1_2024-01-18.pt.jpg
doi.org10.15468dl.6nxkw6.csv,Animalia,Arthropoda,Insecta,Hemiptera,,,,,809,,Hemiptera,Hemiptera,Cerro_Hoya_Expedition_Hoya_606m_grisMejua_2025-01-26,grisMejua_2025_01_27__04_27_06_HDR0_0_Mothbot_yolo11m_4500_imgsz1600_b1_2024-01-18.pt.jpg,HS,Mothbot_yolo11m_4500_imgsz1600_b1_2024-01-18.pt,0.7274013161659241,,grisMejua,Cerro_Hoya_Expedition/Hoya_606m_grisMejua_2025-01-26/2025-01-26/patches/grisMejua_2025_01_27__04_27_06_HDR0_0_Mothbot_yolo11m_4500_imgsz1600_b1_2024-01-18.pt.jpg,ORDER_Diptera,2025-01-27,04:27:06,,2025_01_27__04_27_06,MachineObservation,Cerro_Hoya_Expedition_Hoya_606m_grisMejua_2025-01-26_2025-01-26,Cerro_Hoya_Expedition_Hoya_606m_grisMejua_2025-01-26,grisMejua_2025_01_27__04_27_06_HDR0.jpg,grisMejua_2025_01_27__04_27_06_HDR0_0_Mothbot_yolo11m_4500_imgsz1600_b1_2024-01-18.pt.jpg
doi.org10.15468dl.6nxkw6.csv,Animalia,Arthropoda,Insecta,Diptera,,,,,811,,Diptera,Diptera,Cerro_Hoya_Expedition_Hoya_606m_grisMejua_2025-01-26,grisMejua_2025_01_27__04_27_06_HDR0_1_Mothbot_yolo11m_4500_imgsz1600_b1_2024-01-18.pt.jpg,HS,Mothbot_yolo11m_4500_imgsz1600_b1_2024-01-18.pt,0.6829711198806763,,grisMejua,Cerro_Hoya_Expedition/Hoya_606m_grisMejua_2025-01-26/2025-01-26/patches/grisMejua_2025_01_27__04_27_06_HDR0_1_Mothbot_yolo11m_4500_imgsz1600_b1_2024-01-18.pt.jpg,ORDER_Diptera,2025-01-27,04:27:06,,2025_01_27__04_27_06,MachineObservation,Cerro_Hoya_Expedition_Hoya_606m_grisMejua_2025-01-26_2025-01-26,Cerro_Hoya_Expedition_Hoya_606m_grisMejua_2025-01-26,grisMejua_2025_01_27__04_27_06_HDR0.jpg,grisMejua_2025_01_27__04_27_06_HDR0_1_Mothbot_yolo11m_4500_imgsz1600_b1_2024-01-18.pt.jpg
doi.org10.15468dl.6nxkw6.csv,Animalia,Arthropoda,Insecta,Hemiptera,,,,,809,,Hemiptera,Hemiptera,Cerro_Hoya_Expedition_Hoya_606m_grisMejua_2025-01-26,grisMejua_2025_01_27__04_27_06_HDR0_2_Mothbot_yolo11m_4500_imgsz1600_b1_2024-01-18.pt.jpg,HS,Mothbot_yolo11m_4500_imgsz1600_b1_2024-01-18.pt,0.5207045674324036,,grisMejua,Cerro_Hoya_Expedition/Hoya_606m_grisMejua_2025-01-26/2025-01-26/patches/grisMejua_2025_01_27__04_27_06_HDR0_2_Mothbot_yolo11m_4500_imgsz1600_b1_2024-01-18.pt.jpg,ORDER_Hemiptera,2025-01-27,04:27:06,,2025_01_27__04_27_06,MachineObservation,Cerro_Hoya_Expedition_Hoya_606m_grisMejua_2025-01-26_2025-01-26,Cerro_Hoya_Expedition_Hoya_606m_grisMejua_2025-01-26,grisMejua_2025_01_27__04_27_06_HDR0.jpg,grisMejua_2025_01_27__04_27_06_HDR0_2_Mothbot_yolo11m_4500_imgsz1600_b1_2024-01-18.pt.jpg
doi.org10.15468dl.6nxkw6.csv,Animalia,Arthropoda,Insecta,Diptera,,,,,811,,Diptera,Diptera,Cerro_Hoya_Expedition_Hoya_606m_grisMejua_2025-01-26,grisMejua_2025_01_27__04_27_06_HDR0_3_Mothbot_yolo11m_4500_imgsz1600_b1_2024-01-18.pt.jpg,HS,Mothbot_yolo11m_4500_imgsz1600_b1_2024-01-18.pt,0.4799783229827881,,grisMejua,Cerro_Hoya_Expedition/Hoya_606m_grisMejua_2025-01-26/2025-01-26/patches/grisMejua_2025_01_27__04_27_06_HDR0_3_Mothbot_yolo11m_4500_imgsz1600_b1_2024-01-18.pt.jpg,ORDER_Diptera,2025-01-27,04:27:06,,2025_01_27__04_27_06,MachineObservation,Cerro_Hoya_Expedition_Hoya_606m_grisMejua_2025-01-26_2025-01-26,Cerro_Hoya_Expedition_Hoya_606m_grisMejua_2025-01-26,grisMejua_2025_01_27__04_27_06_HDR0.jpg,grisMejua_2025_01_27__04_27_06_HDR0_3_Mothbot_yolo11m_4500_imgsz1600_b1_2024-01-18.pt.jpg
doi.org10.15468dl.6nxkw6.csv,Animalia,Arthropoda,Insecta,Lepidoptera,,,,,797,,Lepidoptera,Lepidoptera,Cerro_Hoya_Expedition_Hoya_606m_grisMejua_2025-01-26,grisMejua_2025_01_27__04_28_06_HDR0_0_Mothbot_yolo11m_4500_imgsz1600_b1_2024-01-18.pt.jpg,HS,Mothbot_yolo11m_4500_imgsz1600_b1_2024-01-18.pt,0.7904220223426819,,grisMejua,Cerro_Hoya_Expedition/Hoya_606m_grisMejua_2025-01-26/2025-01-26/patches/grisMejua_2025_01_27__04_28_06_HDR0_0_Mothbot_yolo11m_4500_imgsz1600_b1_2024-01-18.pt.jpg,ORDER_Lepidoptera,2025-01-27,04:28:06,,2025_01_27__04_28_06,MachineObservation,Cerro_Hoya_Expedition_Hoya_606m_grisMejua_2025-01-26_2025-01-26,Cerro_Hoya_Expedition_Hoya_606m_grisMejua_2025-01-26,grisMejua_2025_01_27__04_28_06_HDR0.jpg,grisMejua_2025_01_27__04_28_06_HDR0_0_Mothbot_yolo11m_4500_imgsz1600_b1_2024-01-18.pt.jpg
doi.org10.15468dl.6nxkw6.csv,Animalia,Arthropoda,Insecta,Lepidoptera,,,,,797,,Lepidoptera,Lepidoptera,Cerro_Hoya_Expedition_Hoya_606m_grisMejua_2025-01-26,grisMejua_2025_01_27__04_28_06_HDR0_1_Mothbot_yolo11m_4500_imgsz1600_b1_2024-01-18.pt.jpg,HS,Mothbot_yolo11m_4500_imgsz1600_b1_2024-01-18.pt,0.7678241729736328,,grisMejua,Cerro_Hoya_Expedition/Hoya_606m_grisMejua_2025-01-26/2025-01-26/patches/grisMejua_2025_01_27__04_28_06_HDR0_1_Mothbot_yolo11m_4500_imgsz1600_b1_2024-01-18.pt.jpg,ORDER_Lepidoptera,2025-01-27,04:28:06,,2025_01_27__04_28_06,MachineObservation,Cerro_Hoya_Expedition_Hoya_606m_grisMejua_2025-01-26_2025-01-26,Cerro_Hoya_Expedition_Hoya_606m_grisMejua_2025-01-26,grisMejua_2025_01_27__04_28_06_HDR0.jpg,grisMejua_2025_01_27__04_28_06_HDR0_1_Mothbot_yolo11m_4500_imgsz1600_b1_2024-01-18.pt.jpg
doi.org10.15468dl.6nxkw6.csv,Animalia,Arthropoda,Insecta,Hemiptera,,,,,809,,Hemiptera,Hemiptera,Cerro_Hoya_Expedition_Hoya_606m_grisMejua_2025-01-26,grisMejua_2025_01_27__04_28_06_HDR0_2_Mothbot_yolo11m_4500_imgsz1600_b1_2024-01-18.pt.jpg,HS,Mothbot_yolo11m_4500_imgsz1600_b1_2024-01-18.pt,0.7157279849052429,,grisMejua,Cerro_Hoya_Expedition/Hoya_606m_grisMejua_2025-01-26/2025-01-26/patches/grisMejua_2025_01_27__04_28_06_HDR0_2_Mothbot_yolo11m_4500_imgsz1600_b1_2024-01-18.pt.jpg,ORDER_Diptera,2025-01-27,04:28:06,,2025_01_27__04_28_06,MachineObservation,Cerro_Hoya_Expedition_Hoya_606m_grisMejua_2025-01-26_2025-01-26,Cerro_Hoya_Expedition_Hoya_606m_grisMejua_2025-01-26,grisMejua_2025_01_27__04_28_06_HDR0.jpg,grisMejua_2025_01_27__04_28_06_HDR0_2_Mothbot_yolo11m_4500_imgsz1600_b1_2024-01-18.pt.jpg
doi.org10.15468dl.6nxkw6.csv,Animalia,Arthropoda,Insecta,Hemiptera,,,,,809,,Hemiptera,Hemiptera,Cerro_Hoya_Expedition_Hoya_606m_grisMejua_2025-01-26,grisMejua_2025_01_27__04_28_06_HDR0_3_Mothbot_yolo11m_4500_imgsz1600_b1_2024-01-18.pt.jpg,HS,Mothbot_yolo11m_4500_imgsz1600_b1_2024-01-18.pt,0.7133512496948242,,grisMejua,Cerro_Hoya_Expedition/Hoya_606m_grisMejua_2025-01-26/2025-01-26/patches/grisMejua_2025_01_27__04_28_06_HDR0_3_Mothbot_yolo11m_4500_imgsz1600_b1_2024-01-18.pt.jpg,ORDER_Hemiptera,2025-01-27,04:28:06,,2025_01_27__04_28_06,MachineObservation,Cerro_Hoya_Expedition_Hoya_606m_grisMejua_2025-01-26_2025-01-26,Cerro_Hoya_Expedition_Hoya_606m_grisMejua_2025-01-26,grisMejua_2025_01_27__04_28_06_HDR0.jpg,grisMejua_2025_01_27__04_28_06_HDR0_3_Mothbot_yolo11m_4500_imgsz1600_b1_2024-01-18.pt.jpg
doi.org10.15468dl.6nxkw6.csv,Animalia,Arthropoda,Insecta,Lepidoptera,,,,,797,,Lepidoptera,Lepidoptera,Cerro_Hoya_Expedition_Hoya_606m_grisMejua_2025-01-26,grisMejua_2025_01_27__04_29_22_HDR0_0_Mothbot_yolo11m_4500_imgsz1600_b1_2024-01-18.pt.jpg,HS,Mothbot_yolo11m_4500_imgsz1600_b1_2024-01-18.pt,0.7803142666816711,,grisMejua,Cerro_Hoya_Expedition/Hoya_606m_grisMejua_2025-01-26/2025-01-26/patches/grisMejua_2025_01_27__04_29_22_HDR0_0_Mothbot_yolo11m_4500_imgsz1600_b1_2024-01-18.pt.jpg,ORDER_Lepidoptera,2025-01-27,04:29:22,,2025_01_27__04_29_22,MachineObservation,Cerro_Hoya_Expedition_Hoya_606m_grisMejua_2025-01-26_2025-01-26,Cerro_Hoya_Expedition_Hoya_606m_grisMejua_2025-01-26,grisMejua_2025_01_27__04_29_22_HDR0.jpg,grisMejua_2025_01_27__04_29_22_HDR0_0_Mothbot_yolo11m_4500_imgsz1600_b1_2024-01-18.pt.jpg
doi.org10.15468dl.6nxkw6.csv,Animalia,Arthropoda,Insecta,Blattodea,,,,,800,,Blattodea,Blattodea,Cerro_Hoya_Expedition_Hoya_606m_grisMejua_2025-01-26,grisMejua_2025_01_27__04_29_22_HDR0_1_Mothbot_yolo11m_4500_imgsz1600_b1_2024-01-18.pt.jpg,HS,Mothbot_yolo11m_4500_imgsz1600_b1_2024-01-18.pt,0.7703524231910706,,grisMejua,Cerro_Hoya_Expedition/Hoya_606m_grisMejua_2025-01-26/2025-01-26/patches/grisMejua_2025_01_27__04_29_22_HDR0_1_Mothbot_yolo11m_4500_imgsz1600_b1_2024-01-18.pt.jpg,ORDER_Hymenoptera,2025-01-27,04:29:22,,2025_01_27__04_29_22,MachineObservation,Cerro_Hoya_Expedition_Hoya_606m_grisMejua_2025-01-26_2025-01-26,Cerro_Hoya_Expedition_Hoya_606m_grisMejua_2025-01-26,grisMejua_2025_01_27__04_29_22_HDR0.jpg,grisMejua_2025_01_27__04_29_22_HDR0_1_Mothbot_yolo11m_4500_imgsz1600_b1_2024-01-18.pt.jpg
doi.org10.15468dl.6nxkw6.csv,Animalia,Arthropoda,Insecta,Hemiptera,,,,,809,,Hemiptera,Hemiptera,Cerro_Hoya_Expedition_Hoya_606m_grisMejua_2025-01-26,grisMejua_2025_01_27__04_29_22_HDR0_2_Mothbot_yolo11m_4500_imgsz1600_b1_2024-01-18.pt.jpg,HS,Mothbot_yolo11m_4500_imgsz1600_b1_2024-01-18.pt,0.707097053527832,,grisMejua,Cerro_Hoya_Expedition/Hoya_606m_grisMejua_2025-01-26/2025-01-26/patches/grisMejua_2025_01_27__04_29_22_HDR0_2_Mothbot_yolo11m_4500_imgsz1600_b1_2024-01-18.pt.jpg,ORDER_Diptera,2025-01-27,04:29:22,,2025_01_27__04_29_22,MachineObservation,Cerro_Hoya_Expedition_Hoya_606m_grisMejua_2025-01-26_2025-01-26,Cerro_Hoya_Expedition_Hoya_606m_grisMejua_2025-01-26,grisMejua_2025_01_27__04_29_22_HDR0.jpg,grisMejua_2025_01_27__04_29_22_HDR0_2_Mothbot_yolo11m_4500_imgsz1600_b1_2024-01-18.pt.jpg
doi.org10.15468dl.6nxkw6.csv,Animalia,Arthropoda,Insecta,Hemiptera,,,,,809,,Hemiptera,Hemiptera,Cerro_Hoya_Expedition_Hoya_606m_grisMejua_2025-01-26,grisMejua_2025_01_27__04_29_22_HDR0_3_Mothbot_yolo11m_4500_imgsz1600_b1_2024-01-18.pt.jpg,HS,Mothbot_yolo11m_4500_imgsz1600_b1_2024-01-18.pt,0.6966623067855835,,grisMejua,Cerro_Hoya_Expedition/Hoya_606m_grisMejua_2025-01-26/2025-01-26/patches/grisMejua_2025_01_27__04_29_22_HDR0_3_Mothbot_yolo11m_4500_imgsz1600_b1_2024-01-18.pt.jpg,ORDER_Hemiptera,2025-01-27,04:29:22,,2025_01_27__04_29_22,MachineObservation,Cerro_Hoya_Expedition_Hoya_606m_grisMejua_2025-01-26_2025-01-26,Cerro_Hoya_Expedition_Hoya_606m_grisMejua_2025-01-26,grisMejua_2025_01_27__04_29_22_HDR0.jpg,grisMejua_2025_01_27__04_29_22_HDR0_3_Mothbot_yolo11m_4500_imgsz1600_b1_2024-01-18.pt.jpg
doi.org10.15468dl.6nxkw6.csv,Animalia,Arthropoda,Insecta,Diptera,,,,,811,,Diptera,Diptera,Cerro_Hoya_Expedition_Hoya_606m_grisMejua_2025-01-26,grisMejua_2025_01_27__04_29_22_HDR0_4_Mothbot_yolo11m_4500_imgsz1600_b1_2024-01-18.pt.jpg,HS,Mothbot_yolo11m_4500_imgsz1600_b1_2024-01-18.pt,0.3906362056732178,,grisMejua,Cerro_Hoya_Expedition/Hoya_606m_grisMejua_2025-01-26/2025-01-26/patches/grisMejua_2025_01_27__04_29_22_HDR0_4_Mothbot_yolo11m_4500_imgsz1600_b1_2024-01-18.pt.jpg,ORDER_Hymenoptera,2025-01-27,04:29:22,,2025_01_27__04_29_22,MachineObservation,Cerro_Hoya_Expedition_Hoya_606m_grisMejua_2025-01-26_2025-01-26,Cerro_Hoya_Expedition_Hoya_606m_grisMejua_2025-01-26,grisMejua_2025_01_27__04_29_22_HDR0.jpg,grisMejua_2025_01_27__04_29_22_HDR0_4_Mothbot_yolo11m_4500_imgsz1600_b1_2024-01-18.pt.jpg
doi.org10.15468dl.6nxkw6.csv,Animalia,Arthropoda,Insecta,Lepidoptera,,,,,797,,Lepidoptera,Lepidoptera,Cerro_Hoya_Expedition_Hoya_606m_grisMejua_2025-01-26,grisMejua_2025_01_27__04_30_06_HDR0_0_Mothbot_yolo11m_4500_imgsz1600_b1_2024-01-18.pt.jpg,HS,Mothbot_yolo11m_4500_imgsz1600_b1_2024-01-18.pt,0.7758558988571167,,grisMejua,Cerro_Hoya_Expedition/Hoya_606m_grisMejua_2025-01-26/2025-01-26/patches/grisMejua_2025_01_27__04_30_06_HDR0_0_Mothbot_yolo11m_4500_imgsz1600_b1_2024-01-18.pt.jpg,ORDER_Lepidoptera,2025-01-27,04:30:06,,2025_01_27__04_30_06,MachineObservation,Cerro_Hoya_Expedition_Hoya_606m_grisMejua_2025-01-26_2025-01-26,Cerro_Hoya_Expedition_Hoya_606m_grisMejua_2025-01-26,grisMejua_2025_01_27__04_30_06_HDR0.jpg,grisMejua_2025_01_27__04_30_06_HDR0_0_Mothbot_yolo11m_4500_imgsz1600_b1_2024-01-18.pt.jpg
doi.org10.15468dl.6nxkw6.csv,Animalia,Arthropoda,Insecta,Hemiptera,,,,,809,,Hemiptera,Hemiptera,Cerro_Hoya_Expedition_Hoya_606m_grisMejua_2025-01-26,grisMejua_2025_01_27__04_30_06_HDR0_1_Mothbot_yolo11m_4500_imgsz1600_b1_2024-01-18.pt.jpg,HS,Mothbot_yolo11m_4500_imgsz1600_b1_2024-01-18.pt,0.6896567940711975,,grisMejua,Cerro_Hoya_Expedition/Hoya_606m_grisMejua_2025-01-26/2025-01-26/patches/grisMejua_2025_01_27__04_30_06_HDR0_1_Mothbot_yolo11m_4500_imgsz1600_b1_2024-01-18.pt.jpg,ORDER_Diptera,2025-01-27,04:30:06,,2025_01_27__04_30_06,MachineObservation,Cerro_Hoya_Expedition_Hoya_606m_grisMejua_2025-01-26_2025-01-26,Cerro_Hoya_Expedition_Hoya_606m_grisMejua_2025-01-26,grisMejua_2025_01_27__04_30_06_HDR0.jpg,grisMejua_2025_01_27__04_30_06_HDR0_1_Mothbot_yolo11m_4500_imgsz1600_b1_2024-01-18.pt.jpg
doi.org10.15468dl.6nxkw6.csv,Animalia,Arthropoda,Insecta,Hemiptera,,,,,809,,Hemiptera,Hemiptera,Cerro_Hoya_Expedition_Hoya_606m_grisMejua_2025-01-26,grisMejua_2025_01_27__04_30_06_HDR0_2_Mothbot_yolo11m_4500_imgsz1600_b1_2024-01-18.pt.jpg,HS,Mothbot_yolo11m_4500_imgsz1600_b1_2024-01-18.pt,0.5854492783546448,,grisMejua,Cerro_Hoya_Expedition/Hoya_606m_grisMejua_2025-01-26/2025-01-26/patches/grisMejua_2025_01_27__04_30_06_HDR0_2_Mothbot_yolo11m_4500_imgsz1600_b1_2024-01-18.pt.jpg,ORDER_Hemiptera,2025-01-27,04:30:06,,2025_01_27__04_30_06,MachineObservation,Cerro_Hoya_Expedition_Hoya_606m_grisMejua_2025-01-26_2025-01-26,Cerro_Hoya_Expedition_Hoya_606m_grisMejua_2025-01-26,grisMejua_2025_01_27__04_30_06_HDR0.jpg,grisMejua_2025_01_27__04_30_06_HDR0_2_Mothbot_yolo11m_4500_imgsz1600_b1_2024-01-18.pt.jpg
doi.org10.15468dl.6nxkw6.csv,Animalia,Arthropoda,Insecta,Blattodea,,,,,800,,Blattodea,Blattodea,Cerro_Hoya_Expedition_Hoya_606m_grisMejua_2025-01-26,grisMejua_2025_01_27__04_30_06_HDR0_3_Mothbot_yolo11m_4500_imgsz1600_b1_2024-01-18.pt.jpg,HS,Mothbot_yolo11m_4500_imgsz1600_b1_2024-01-18.pt,0.46289268136024475,,grisMejua,Cerro_Hoya_Expedition/Hoya_606m_grisMejua_2025-01-26/2025-01-26/patches/grisMejua_2025_01_27__04_30_06_HDR0_3_Mothbot_yolo11m_4500_imgsz1600_b1_2024-01-18.pt.jpg,ORDER_Blattodea,2025-01-27,04:30:06,,2025_01_27__04_30_06,MachineObservation,Cerro_Hoya_Expedition_Hoya_606m_grisMejua_2025-01-26_2025-01-26,Cerro_Hoya_Expedition_Hoya_606m_grisMejua_2025-01-26,grisMejua_2025_01_27__04_30_06_HDR0.jpg,grisMejua_2025_01_27__04_30_06_HDR0_3_Mothbot_yolo11m_4500_imgsz1600_b1_2024-01-18.pt.jpg
doi.org10.15468dl.6nxkw6.csv,Animalia,Arthropoda,Insecta,Diptera,,,,,811,,Diptera,Diptera,Cerro_Hoya_Expedition_Hoya_606m_grisMejua_2025-01-26,grisMejua_2025_01_27__04_30_06_HDR0_4_Mothbot_yolo11m_4500_imgsz1600_b1_2024-01-18.pt.jpg,HS,Mothbot_yolo11m_4500_imgsz1600_b1_2024-01-18.pt,0.4427294433116913,,grisMejua,Cerro_Hoya_Expedition/Hoya_606m_grisMejua_2025-01-26/2025-01-26/patches/grisMejua_2025_01_27__04_30_06_HDR0_4_Mothbot_yolo11m_4500_imgsz1600_b1_2024-01-18.pt.jpg,ORDER_Hymenoptera,2025-01-27,04:30:06,,2025_01_27__04_30_06,MachineObservation,Cerro_Hoya_Expedition_Hoya_606m_grisMejua_2025-01-26_2025-01-26,Cerro_Hoya_Expedition_Hoya_606m_grisMejua_2025-01-26,grisMejua_2025_01_27__04_30_06_HDR0.jpg,grisMejua_2025_01_27__04_30_06_HDR0_4_Mothbot_yolo11m_4500_imgsz1600_b1_2024-01-18.pt.jpg
doi.org10.15468dl.6nxkw6.csv,Animalia,Arthropoda,Insecta,Lepidoptera,,,,,797,,Lepidoptera,Lepidoptera,Cerro_Hoya_Expedition_Hoya_606m_grisMejua_2025-01-26,grisMejua_2025_01_27__04_31_05_HDR0_0_Mothbot_yolo11m_4500_imgsz1600_b1_2024-01-18.pt.jpg,HS,Mothbot_yolo11m_4500_imgsz1600_b1_2024-01-18.pt,0.779961347579956,,grisMejua,Cerro_Hoya_Expedition/Hoya_606m_grisMejua_2025-01-26/2025-01-26/patches/grisMejua_2025_01_27__04_31_05_HDR0_0_Mothbot_yolo11m_4500_imgsz1600_b1_2024-01-18.pt.jpg,ORDER_Lepidoptera,2025-01-27,04:31:05,,2025_01_27__04_31_05,MachineObservation,Cerro_Hoya_Expedition_Hoya_606m_grisMejua_2025-01-26_2025-01-26,Cerro_Hoya_Expedition_Hoya_606m_grisMejua_2025-01-26,grisMejua_2025_01_27__04_31_05_HDR0.jpg,grisMejua_2025_01_27__04_31_05_HDR0_0_Mothbot_yolo11m_4500_imgsz1600_b1_2024-01-18.pt.jpg
doi.org10.15468dl.6nxkw6.csv,Animalia,Arthropoda,Insecta,Hemiptera,,,,,809,,Hemiptera,Hemiptera,Cerro_Hoya_Expedition_Hoya_606m_grisMejua_2025-01-26,grisMejua_2025_01_27__04_31_05_HDR0_1_Mothbot_yolo11m_4500_imgsz1600_b1_2024-01-18.pt.jpg,HS,Mothbot_yolo11m_4500_imgsz1600_b1_2024-01-18.pt,0.727895200252533,,grisMejua,Cerro_Hoya_Expedition/Hoya_606m_grisMejua_2025-01-26/2025-01-26/patches/grisMejua_2025_01_27__04_31_05_HDR0_1_Mothbot_yolo11m_4500_imgsz1600_b1_2024-01-18.pt.jpg,ORDER_Diptera,2025-01-27,04:31:05,,2025_01_27__04_31_05,MachineObservation,Cerro_Hoya_Expedition_Hoya_606m_grisMejua_2025-01-26_2025-01-26,Cerro_Hoya_Expedition_Hoya_606m_grisMejua_2025-01-26,grisMejua_2025_01_27__04_31_05_HDR0.jpg,grisMejua_2025_01_27__04_31_05_HDR0_1_Mothbot_yolo11m_4500_imgsz1600_b1_2024-01-18.pt.jpg
doi.org10.15468dl.6nxkw6.csv,Animalia,Arthropoda,Insecta,Blattodea,,,,,800,,Blattodea,Blattodea,Cerro_Hoya_Expedition_Hoya_606m_grisMejua_2025-01-26,grisMejua_2025_01_27__04_31_05_HDR0_2_Mothbot_yolo11m_4500_imgsz1600_b1_2024-01-18.pt.jpg,HS,Mothbot_yolo11m_4500_imgsz1600_b1_2024-01-18.pt,0.6802763342857361,,grisMejua,Cerro_Hoya_Expedition/Hoya_606m_grisMejua_2025-01-26/2025-01-26/patches/grisMejua_2025_01_27__04_31_05_HDR0_2_Mothbot_yolo11m_4500_imgsz1600_b1_2024-01-18.pt.jpg,ORDER_Blattodea,2025-01-27,04:31:05,,2025_01_27__04_31_05,MachineObservation,Cerro_Hoya_Expedition_Hoya_606m_grisMejua_2025-01-26_2025-01-26,Cerro_Hoya_Expedition_Hoya_606m_grisMejua_2025-01-26,grisMejua_2025_01_27__04_31_05_HDR0.jpg,grisMejua_2025_01_27__04_31_05_HDR0_2_Mothbot_yolo11m_4500_imgsz1600_b1_2024-01-18.pt.jpg
doi.org10.15468dl.6nxkw6.csv,Animalia,Arthropoda,Insecta,Lepidoptera,,,,,797,,Lepidoptera,Lepidoptera,Cerro_Hoya_Expedition_Hoya_606m_grisMejua_2025-01-26,grisMejua_2025_01_27__04_32_06_HDR0_0_Mothbot_yolo11m_4500_imgsz1600_b1_2024-01-18.pt.jpg,HS,Mothbot_yolo11m_4500_imgsz1600_b1_2024-01-18.pt,0.7971937656402588,,grisMejua,Cerro_Hoya_Expedition/Hoya_606m_grisMejua_2025-01-26/2025-01-26/patches/grisMejua_2025_01_27__04_32_06_HDR0_0_Mothbot_yolo11m_4500_imgsz1600_b1_2024-01-18.pt.jpg,ORDER_Lepidoptera,2025-01-27,04:32:06,,2025_01_27__04_32_06,MachineObservation,Cerro_Hoya_Expedition_Hoya_606m_grisMejua_2025-01-26_2025-01-26,Cerro_Hoya_Expedition_Hoya_606m_grisMejua_2025-01-26,grisMejua_2025_01_27__04_32_06_HDR0.jpg,grisMejua_2025_01_27__04_32_06_HDR0_0_Mothbot_yolo11m_4500_imgsz1600_b1_2024-01-18.pt.jpg
doi.org10.15468dl.6nxkw6.csv,Animalia,Arthropoda,Insecta,Blattodea,,,,,800,,Blattodea,Blattodea,Cerro_Hoya_Expedition_Hoya_606m_grisMejua_2025-01-26,grisMejua_2025_01_27__04_32_06_HDR0_1_Mothbot_yolo11m_4500_imgsz1600_b1_2024-01-18.pt.jpg,HS,Mothbot_yolo11m_4500_imgsz1600_b1_2024-01-18.pt,0.7593711018562317,,grisMejua,Cerro_Hoya_Expedition/Hoya_606m_grisMejua_2025-01-26/2025-01-26/patches/grisMejua_2025_01_27__04_32_06_HDR0_1_Mothbot_yolo11m_4500_imgsz1600_b1_2024-01-18.pt.jpg,ORDER_Hemiptera,2025-01-27,04:32:06,,2025_01_27__04_32_06,MachineObservation,Cerro_Hoya_Expedition_Hoya_606m_grisMejua_2025-01-26_2025-01-26,Cerro_Hoya_Expedition_Hoya_606m_grisMejua_2025-01-26,grisMejua_2025_01_27__04_32_06_HDR0.jpg,grisMejua_2025_01_27__04_32_06_HDR0_1_Mothbot_yolo11m_4500_imgsz1600_b1_2024-01-18.pt.jpg
doi.org10.15468dl.6nxkw6.csv,Animalia,Arthropoda,Insecta,Hemiptera,,,,,809,,Hemiptera,Hemiptera,Cerro_Hoya_Expedition_Hoya_606m_grisMejua_2025-01-26,grisMejua_2025_01_27__04_32_06_HDR0_2_Mothbot_yolo11m_4500_imgsz1600_b1_2024-01-18.pt.jpg,HS,Mothbot_yolo11m_4500_imgsz1600_b1_2024-01-18.pt,0.7263310551643372,,grisMejua,Cerro_Hoya_Expedition/Hoya_606m_grisMejua_2025-01-26/2025-01-26/patches/grisMejua_2025_01_27__04_32_06_HDR0_2_Mothbot_yolo11m_4500_imgsz1600_b1_2024-01-18.pt.jpg,ORDER_Hemiptera,2025-01-27,04:32:06,,2025_01_27__04_32_06,MachineObservation,Cerro_Hoya_Expedition_Hoya_606m_grisMejua_2025-01-26_2025-01-26,Cerro_Hoya_Expedition_Hoya_606m_grisMejua_2025-01-26,grisMejua_2025_01_27__04_32_06_HDR0.jpg,grisMejua_2025_01_27__04_32_06_HDR0_2_Mothbot_yolo11m_4500_imgsz1600_b1_2024-01-18.pt.jpg
doi.org10.15468dl.6nxkw6.csv,Animalia,Arthropoda,Insecta,Lepidoptera,,,,,797,,Lepidoptera,Lepidoptera,Cerro_Hoya_Expedition_Hoya_606m_grisMejua_2025-01-26,grisMejua_2025_01_27__04_32_06_HDR0_3_Mothbot_yolo11m_4500_imgsz1600_b1_2024-01-18.pt.jpg,HS,Mothbot_yolo11m_4500_imgsz1600_b1_2024-01-18.pt,0.6961072087287903,,grisMejua,Cerro_Hoya_Expedition/Hoya_606m_grisMejua_2025-01-26/2025-01-26/patches/grisMejua_2025_01_27__04_32_06_HDR0_3_Mothbot_yolo11m_4500_imgsz1600_b1_2024-01-18.pt.jpg,ORDER_Lepidoptera,2025-01-27,04:32:06,,2025_01_27__04_32_06,MachineObservation,Cerro_Hoya_Expedition_Hoya_606m_grisMejua_2025-01-26_2025-01-26,Cerro_Hoya_Expedition_Hoya_606m_grisMejua_2025-01-26,grisMejua_2025_01_27__04_32_06_HDR0.jpg,grisMejua_2025_01_27__04_32_06_HDR0_3_Mothbot_yolo11m_4500_imgsz1600_b1_2024-01-18.pt.jpg
doi.org10.15468dl.6nxkw6.csv,Animalia,Arthropoda,Insecta,Hemiptera,,,,,809,,Hemiptera,Hemiptera,Cerro_Hoya_Expedition_Hoya_606m_grisMejua_2025-01-26,grisMejua_2025_01_27__04_33_06_HDR0_0_Mothbot_yolo11m_4500_imgsz1600_b1_2024-01-18.pt.jpg,HS,Mothbot_yolo11m_4500_imgsz1600_b1_2024-01-18.pt,0.805377185344696,,grisMejua,Cerro_Hoya_Expedition/Hoya_606m_grisMejua_2025-01-26/2025-01-26/patches/grisMejua_2025_01_27__04_33_06_HDR0_0_Mothbot_yolo11m_4500_imgsz1600_b1_2024-01-18.pt.jpg,ORDER_Hemiptera,2025-01-27,04:33:06,,2025_01_27__04_33_06,MachineObservation,Cerro_Hoya_Expedition_Hoya_606m_grisMejua_2025-01-26_2025-01-26,Cerro_Hoya_Expedition_Hoya_606m_grisMejua_2025-01-26,grisMejua_2025_01_27__04_33_06_HDR0.jpg,grisMejua_2025_01_27__04_33_06_HDR0_0_Mothbot_yolo11m_4500_imgsz1600_b1_2024-01-18.pt.jpg
doi.org10.15468dl.6nxkw6.csv,Animalia,Arthropoda,Insecta,Lepidoptera,,,,,797,,Lepidoptera,Lepidoptera,Cerro_Hoya_Expedition_Hoya_606m_grisMejua_2025-01-26,grisMejua_2025_01_27__04_33_06_HDR0_1_Mothbot_yolo11m_4500_imgsz1600_b1_2024-01-18.pt.jpg,HS,Mothbot_yolo11m_4500_imgsz1600_b1_2024-01-18.pt,0.7860578298568726,,grisMejua,Cerro_Hoya_Expedition/Hoya_606m_grisMejua_2025-01-26/2025-01-26/patches/grisMejua_2025_01_27__04_33_06_HDR0_1_Mothbot_yolo11m_4500_imgsz1600_b1_2024-01-18.pt.jpg,ORDER_Lepidoptera,2025-01-27,04:33:06,,2025_01_27__04_33_06,MachineObservation,Cerro_Hoya_Expedition_Hoya_606m_grisMejua_2025-01-26_2025-01-26,Cerro_Hoya_Expedition_Hoya_606m_grisMejua_2025-01-26,grisMejua_2025_01_27__04_33_06_HDR0.jpg,grisMejua_2025_01_27__04_33_06_HDR0_1_Mothbot_yolo11m_4500_imgsz1600_b1_2024-01-18.pt.jpg
doi.org10.15468dl.6nxkw6.csv,Animalia,Arthropoda,Insecta,Blattodea,,,,,800,,Blattodea,Blattodea,Cerro_Hoya_Expedition_Hoya_606m_grisMejua_2025-01-26,grisMejua_2025_01_27__04_33_06_HDR0_2_Mothbot_yolo11m_4500_imgsz1600_b1_2024-01-18.pt.jpg,HS,Mothbot_yolo11m_4500_imgsz1600_b1_2024-01-18.pt,0.7793728113174438,,grisMejua,Cerro_Hoya_Expedition/Hoya_606m_grisMejua_2025-01-26/2025-01-26/patches/grisMejua_2025_01_27__04_33_06_HDR0_2_Mothbot_yolo11m_4500_imgsz1600_b1_2024-01-18.pt.jpg,ORDER_Hemiptera,2025-01-27,04:33:06,,2025_01_27__04_33_06,MachineObservation,Cerro_Hoya_Expedition_Hoya_606m_grisMejua_2025-01-26_2025-01-26,Cerro_Hoya_Expedition_Hoya_606m_grisMejua_2025-01-26,grisMejua_2025_01_27__04_33_06_HDR0.jpg,grisMejua_2025_01_27__04_33_06_HDR0_2_Mothbot_yolo11m_4500_imgsz1600_b1_2024-01-18.pt.jpg
doi.org10.15468dl.6nxkw6.csv,Animalia,Arthropoda,Insecta,Hemiptera,,,,,809,,Hemiptera,Hemiptera,Cerro_Hoya_Expedition_Hoya_606m_grisMejua_2025-01-26,grisMejua_2025_01_27__04_33_06_HDR0_3_Mothbot_yolo11m_4500_imgsz1600_b1_2024-01-18.pt.jpg,HS,Mothbot_yolo11m_4500_imgsz1600_b1_2024-01-18.pt,0.7344760298728943,,grisMejua,Cerro_Hoya_Expedition/Hoya_606m_grisMejua_2025-01-26/2025-01-26/patches/grisMejua_2025_01_27__04_33_06_HDR0_3_Mothbot_yolo11m_4500_imgsz1600_b1_2024-01-18.pt.jpg,ORDER_Diptera,2025-01-27,04:33:06,,2025_01_27__04_33_06,MachineObservation,Cerro_Hoya_Expedition_Hoya_606m_grisMejua_2025-01-26_2025-01-26,Cerro_Hoya_Expedition_Hoya_606m_grisMejua_2025-01-26,grisMejua_2025_01_27__04_33_06_HDR0.jpg,grisMejua_2025_01_27__04_33_06_HDR0_3_Mothbot_yolo11m_4500_imgsz1600_b1_2024-01-18.pt.jpg
doi.org10.15468dl.6nxkw6.csv,Animalia,Arthropoda,Insecta,Diptera,,,,,811,,Diptera,Diptera,Cerro_Hoya_Expedition_Hoya_606m_grisMejua_2025-01-26,grisMejua_2025_01_27__04_33_06_HDR0_4_Mothbot_yolo11m_4500_imgsz1600_b1_2024-01-18.pt.jpg,HS,Mothbot_yolo11m_4500_imgsz1600_b1_2024-01-18.pt,0.4300987422466278,,grisMejua,Cerro_Hoya_Expedition/Hoya_606m_grisMejua_2025-01-26/2025-01-26/patches/grisMejua_2025_01_27__04_33_06_HDR0_4_Mothbot_yolo11m_4500_imgsz1600_b1_2024-01-18.pt.jpg,ORDER_Diptera,2025-01-27,04:33:06,,2025_01_27__04_33_06,MachineObservation,Cerro_Hoya_Expedition_Hoya_606m_grisMejua_2025-01-26_2025-01-26,Cerro_Hoya_Expedition_Hoya_606m_grisMejua_2025-01-26,grisMejua_2025_01_27__04_33_06_HDR0.jpg,grisMejua_2025_01_27__04_33_06_HDR0_4_Mothbot_yolo11m_4500_imgsz1600_b1_2024-01-18.pt.jpg
doi.org10.15468dl.6nxkw6.csv,Animalia,Arthropoda,Insecta,Lepidoptera,,,,,797,,Lepidoptera,Lepidoptera,Cerro_Hoya_Expedition_Hoya_606m_grisMejua_2025-01-26,grisMejua_2025_01_27__04_34_06_HDR0_0_Mothbot_yolo11m_4500_imgsz1600_b1_2024-01-18.pt.jpg,HS,Mothbot_yolo11m_4500_imgsz1600_b1_2024-01-18.pt,0.7701431512832642,,grisMejua,Cerro_Hoya_Expedition/Hoya_606m_grisMejua_2025-01-26/2025-01-26/patches/grisMejua_2025_01_27__04_34_06_HDR0_0_Mothbot_yolo11m_4500_imgsz1600_b1_2024-01-18.pt.jpg,ORDER_Lepidoptera,2025-01-27,04:34:06,,2025_01_27__04_34_06,MachineObservation,Cerro_Hoya_Expedition_Hoya_606m_grisMejua_2025-01-26_2025-01-26,Cerro_Hoya_Expedition_Hoya_606m_grisMejua_2025-01-26,grisMejua_2025_01_27__04_34_06_HDR0.jpg,grisMejua_2025_01_27__04_34_06_HDR0_0_Mothbot_yolo11m_4500_imgsz1600_b1_2024-01-18.pt.jpg
doi.org10.15468dl.6nxkw6.csv,Animalia,Arthropoda,Insecta,Hemiptera,,,,,809,,Hemiptera,Hemiptera,Cerro_Hoya_Expedition_Hoya_606m_grisMejua_2025-01-26,grisMejua_2025_01_27__04_34_06_HDR0_1_Mothbot_yolo11m_4500_imgsz1600_b1_2024-01-18.pt.jpg,HS,Mothbot_yolo11m_4500_imgsz1600_b1_2024-01-18.pt,0.6843165159225464,,grisMejua,Cerro_Hoya_Expedition/Hoya_606m_grisMejua_2025-01-26/2025-01-26/patches/grisMejua_2025_01_27__04_34_06_HDR0_1_Mothbot_yolo11m_4500_imgsz1600_b1_2024-01-18.pt.jpg,ORDER_Diptera,2025-01-27,04:34:06,,2025_01_27__04_34_06,MachineObservation,Cerro_Hoya_Expedition_Hoya_606m_grisMejua_2025-01-26_2025-01-26,Cerro_Hoya_Expedition_Hoya_606m_grisMejua_2025-01-26,grisMejua_2025_01_27__04_34_06_HDR0.jpg,grisMejua_2025_01_27__04_34_06_HDR0_1_Mothbot_yolo11m_4500_imgsz1600_b1_2024-01-18.pt.jpg
doi.org10.15468dl.6nxkw6.csv,Animalia,Arthropoda,Insecta,Blattodea,,,,,800,,Blattodea,Blattodea,Cerro_Hoya_Expedition_Hoya_606m_grisMejua_2025-01-26,grisMejua_2025_01_27__04_34_06_HDR0_2_Mothbot_yolo11m_4500_imgsz1600_b1_2024-01-18.pt.jpg,HS,Mothbot_yolo11m_4500_imgsz1600_b1_2024-01-18.pt,0.4116016924381256,,grisMejua,Cerro_Hoya_Expedition/Hoya_606m_grisMejua_2025-01-26/2025-01-26/patches/grisMejua_2025_01_27__04_34_06_HDR0_2_Mothbot_yolo11m_4500_imgsz1600_b1_2024-01-18.pt.jpg,ORDER_Hemiptera,2025-01-27,04:34:06,,2025_01_27__04_34_06,MachineObservation,Cerro_Hoya_Expedition_Hoya_606m_grisMejua_2025-01-26_2025-01-26,Cerro_Hoya_Expedition_Hoya_606m_grisMejua_2025-01-26,grisMejua_2025_01_27__04_34_06_HDR0.jpg,grisMejua_2025_01_27__04_34_06_HDR0_2_Mothbot_yolo11m_4500_imgsz1600_b1_2024-01-18.pt.jpg
doi.org10.15468dl.6nxkw6.csv,Animalia,Arthropoda,Insecta,Lepidoptera,,,,,797,,Lepidoptera,Lepidoptera,Cerro_Hoya_Expedition_Hoya_606m_grisMejua_2025-01-26,grisMejua_2025_01_27__04_35_06_HDR0_0_Mothbot_yolo11m_4500_imgsz1600_b1_2024-01-18.pt.jpg,HS,Mothbot_yolo11m_4500_imgsz1600_b1_2024-01-18.pt,0.767238199710846,,grisMejua,Cerro_Hoya_Expedition/Hoya_606m_grisMejua_2025-01-26/2025-01-26/patches/grisMejua_2025_01_27__04_35_06_HDR0_0_Mothbot_yolo11m_4500_imgsz1600_b1_2024-01-18.pt.jpg,ORDER_Lepidoptera,2025-01-27,04:35:06,,2025_01_27__04_35_06,MachineObservation,Cerro_Hoya_Expedition_Hoya_606m_grisMejua_2025-01-26_2025-01-26,Cerro_Hoya_Expedition_Hoya_606m_grisMejua_2025-01-26,grisMejua_2025_01_27__04_35_06_HDR0.jpg,grisMejua_2025_01_27__04_35_06_HDR0_0_Mothbot_yolo11m_4500_imgsz1600_b1_2024-01-18.pt.jpg
doi.org10.15468dl.6nxkw6.csv,Animalia,Arthropoda,Insecta,Hemiptera,,,,,809,,Hemiptera,Hemiptera,Cerro_Hoya_Expedition_Hoya_606m_grisMejua_2025-01-26,grisMejua_2025_01_27__04_35_06_HDR0_1_Mothbot_yolo11m_4500_imgsz1600_b1_2024-01-18.pt.jpg,HS,Mothbot_yolo11m_4500_imgsz1600_b1_2024-01-18.pt,0.7329927682876587,,grisMejua,Cerro_Hoya_Expedition/Hoya_606m_grisMejua_2025-01-26/2025-01-26/patches/grisMejua_2025_01_27__04_35_06_HDR0_1_Mothbot_yolo11m_4500_imgsz1600_b1_2024-01-18.pt.jpg,ORDER_Hemiptera,2025-01-27,04:35:06,,2025_01_27__04_35_06,MachineObservation,Cerro_Hoya_Expedition_Hoya_606m_grisMejua_2025-01-26_2025-01-26,Cerro_Hoya_Expedition_Hoya_606m_grisMejua_2025-01-26,grisMejua_2025_01_27__04_35_06_HDR0.jpg,grisMejua_2025_01_27__04_35_06_HDR0_1_Mothbot_yolo11m_4500_imgsz1600_b1_2024-01-18.pt.jpg
doi.org10.15468dl.6nxkw6.csv,Animalia,Arthropoda,Insecta,Hemiptera,,,,,809,,Hemiptera,Hemiptera,Cerro_Hoya_Expedition_Hoya_606m_grisMejua_2025-01-26,grisMejua_2025_01_27__04_35_06_HDR0_2_Mothbot_yolo11m_4500_imgsz1600_b1_2024-01-18.pt.jpg,HS,Mothbot_yolo11m_4500_imgsz1600_b1_2024-01-18.pt,0.574462890625,,grisMejua,Cerro_Hoya_Expedition/Hoya_606m_grisMejua_2025-01-26/2025-01-26/patches/grisMejua_2025_01_27__04_35_06_HDR0_2_Mothbot_yolo11m_4500_imgsz1600_b1_2024-01-18.pt.jpg,ORDER_Hemiptera,2025-01-27,04:35:06,,2025_01_27__04_35_06,MachineObservation,Cerro_Hoya_Expedition_Hoya_606m_grisMejua_2025-01-26_2025-01-26,Cerro_Hoya_Expedition_Hoya_606m_grisMejua_2025-01-26,grisMejua_2025_01_27__04_35_06_HDR0.jpg,grisMejua_2025_01_27__04_35_06_HDR0_2_Mothbot_yolo11m_4500_imgsz1600_b1_2024-01-18.pt.jpg
doi.org10.15468dl.6nxkw6.csv,Animalia,Arthropoda,Insecta,Lepidoptera,,,,,797,,Lepidoptera,Lepidoptera,Cerro_Hoya_Expedition_Hoya_606m_grisMejua_2025-01-26,grisMejua_2025_01_27__04_36_23_HDR0_0_Mothbot_yolo11m_4500_imgsz1600_b1_2024-01-18.pt.jpg,HS,Mothbot_yolo11m_4500_imgsz1600_b1_2024-01-18.pt,0.7818763256072998,,grisMejua,Cerro_Hoya_Expedition/Hoya_606m_grisMejua_2025-01-26/2025-01-26/patches/grisMejua_2025_01_27__04_36_23_HDR0_0_Mothbot_yolo11m_4500_imgsz1600_b1_2024-01-18.pt.jpg,ORDER_Lepidoptera,2025-01-27,04:36:23,,2025_01_27__04_36_23,MachineObservation,Cerro_Hoya_Expedition_Hoya_606m_grisMejua_2025-01-26_2025-01-26,Cerro_Hoya_Expedition_Hoya_606m_grisMejua_2025-01-26,grisMejua_2025_01_27__04_36_23_HDR0.jpg,grisMejua_2025_01_27__04_36_23_HDR0_0_Mothbot_yolo11m_4500_imgsz1600_b1_2024-01-18.pt.jpg
doi.org10.15468dl.6nxkw6.csv,Animalia,Arthropoda,Insecta,Lepidoptera,,,,,797,,Lepidoptera,Lepidoptera,Cerro_Hoya_Expedition_Hoya_606m_grisMejua_2025-01-26,grisMejua_2025_01_27__04_36_23_HDR0_1_Mothbot_yolo11m_4500_imgsz1600_b1_2024-01-18.pt.jpg,HS,Mothbot_yolo11m_4500_imgsz1600_b1_2024-01-18.pt,0.7758024334907532,,grisMejua,Cerro_Hoya_Expedition/Hoya_606m_grisMejua_2025-01-26/2025-01-26/patches/grisMejua_2025_01_27__04_36_23_HDR0_1_Mothbot_yolo11m_4500_imgsz1600_b1_2024-01-18.pt.jpg,ORDER_Lepidoptera,2025-01-27,04:36:23,,2025_01_27__04_36_23,MachineObservation,Cerro_Hoya_Expedition_Hoya_606m_grisMejua_2025-01-26_2025-01-26,Cerro_Hoya_Expedition_Hoya_606m_grisMejua_2025-01-26,grisMejua_2025_01_27__04_36_23_HDR0.jpg,grisMejua_2025_01_27__04_36_23_HDR0_1_Mothbot_yolo11m_4500_imgsz1600_b1_2024-01-18.pt.jpg
doi.org10.15468dl.6nxkw6.csv,Animalia,Arthropoda,Insecta,Hemiptera,,,,,809,,Hemiptera,Hemiptera,Cerro_Hoya_Expedition_Hoya_606m_grisMejua_2025-01-26,grisMejua_2025_01_27__04_36_23_HDR0_2_Mothbot_yolo11m_4500_imgsz1600_b1_2024-01-18.pt.jpg,HS,Mothbot_yolo11m_4500_imgsz1600_b1_2024-01-18.pt,0.7398139834403992,,grisMejua,Cerro_Hoya_Expedition/Hoya_606m_grisMejua_2025-01-26/2025-01-26/patches/grisMejua_2025_01_27__04_36_23_HDR0_2_Mothbot_yolo11m_4500_imgsz1600_b1_2024-01-18.pt.jpg,ORDER_Diptera,2025-01-27,04:36:23,,2025_01_27__04_36_23,MachineObservation,Cerro_Hoya_Expedition_Hoya_606m_grisMejua_2025-01-26_2025-01-26,Cerro_Hoya_Expedition_Hoya_606m_grisMejua_2025-01-26,grisMejua_2025_01_27__04_36_23_HDR0.jpg,grisMejua_2025_01_27__04_36_23_HDR0_2_Mothbot_yolo11m_4500_imgsz1600_b1_2024-01-18.pt.jpg
doi.org10.15468dl.6nxkw6.csv,Animalia,Arthropoda,Insecta,Hemiptera,,,,,809,,Hemiptera,Hemiptera,Cerro_Hoya_Expedition_Hoya_606m_grisMejua_2025-01-26,grisMejua_2025_01_27__04_36_23_HDR0_3_Mothbot_yolo11m_4500_imgsz1600_b1_2024-01-18.pt.jpg,HS,Mothbot_yolo11m_4500_imgsz1600_b1_2024-01-18.pt,0.5152158141136169,,grisMejua,Cerro_Hoya_Expedition/Hoya_606m_grisMejua_2025-01-26/2025-01-26/patches/grisMejua_2025_01_27__04_36_23_HDR0_3_Mothbot_yolo11m_4500_imgsz1600_b1_2024-01-18.pt.jpg,ORDER_Hemiptera,2025-01-27,04:36:23,,2025_01_27__04_36_23,MachineObservation,Cerro_Hoya_Expedition_Hoya_606m_grisMejua_2025-01-26_2025-01-26,Cerro_Hoya_Expedition_Hoya_606m_grisMejua_2025-01-26,grisMejua_2025_01_27__04_36_23_HDR0.jpg,grisMejua_2025_01_27__04_36_23_HDR0_3_Mothbot_yolo11m_4500_imgsz1600_b1_2024-01-18.pt.jpg
doi.org10.15468dl.6nxkw6.csv,Animalia,Arthropoda,Insecta,Lepidoptera,,,,,797,,Lepidoptera,Lepidoptera,Cerro_Hoya_Expedition_Hoya_606m_grisMejua_2025-01-26,grisMejua_2025_01_27__04_37_06_HDR0_0_Mothbot_yolo11m_4500_imgsz1600_b1_2024-01-18.pt.jpg,HS,Mothbot_yolo11m_4500_imgsz1600_b1_2024-01-18.pt,0.8003796935081482,,grisMejua,Cerro_Hoya_Expedition/Hoya_606m_grisMejua_2025-01-26/2025-01-26/patches/grisMejua_2025_01_27__04_37_06_HDR0_0_Mothbot_yolo11m_4500_imgsz1600_b1_2024-01-18.pt.jpg,ORDER_Lepidoptera,2025-01-27,04:37:06,,2025_01_27__04_37_06,MachineObservation,Cerro_Hoya_Expedition_Hoya_606m_grisMejua_2025-01-26_2025-01-26,Cerro_Hoya_Expedition_Hoya_606m_grisMejua_2025-01-26,grisMejua_2025_01_27__04_37_06_HDR0.jpg,grisMejua_2025_01_27__04_37_06_HDR0_0_Mothbot_yolo11m_4500_imgsz1600_b1_2024-01-18.pt.jpg
doi.org10.15468dl.6nxkw6.csv,Animalia,Arthropoda,Insecta,Lepidoptera,,,,,797,,Lepidoptera,Lepidoptera,Cerro_Hoya_Expedition_Hoya_606m_grisMejua_2025-01-26,grisMejua_2025_01_27__04_37_06_HDR0_1_Mothbot_yolo11m_4500_imgsz1600_b1_2024-01-18.pt.jpg,HS,Mothbot_yolo11m_4500_imgsz1600_b1_2024-01-18.pt,0.7784911394119263,,grisMejua,Cerro_Hoya_Expedition/Hoya_606m_grisMejua_2025-01-26/2025-01-26/patches/grisMejua_2025_01_27__04_37_06_HDR0_1_Mothbot_yolo11m_4500_imgsz1600_b1_2024-01-18.pt.jpg,ORDER_Lepidoptera,2025-01-27,04:37:06,,2025_01_27__04_37_06,MachineObservation,Cerro_Hoya_Expedition_Hoya_606m_grisMejua_2025-01-26_2025-01-26,Cerro_Hoya_Expedition_Hoya_606m_grisMejua_2025-01-26,grisMejua_2025_01_27__04_37_06_HDR0.jpg,grisMejua_2025_01_27__04_37_06_HDR0_1_Mothbot_yolo11m_4500_imgsz1600_b1_2024-01-18.pt.jpg
doi.org10.15468dl.6nxkw6.csv,Animalia,Arthropoda,Insecta,Hemiptera,,,,,809,,Hemiptera,Hemiptera,Cerro_Hoya_Expedition_Hoya_606m_grisMejua_2025-01-26,grisMejua_2025_01_27__04_37_06_HDR0_2_Mothbot_yolo11m_4500_imgsz1600_b1_2024-01-18.pt.jpg,HS,Mothbot_yolo11m_4500_imgsz1600_b1_2024-01-18.pt,0.72495037317276,,grisMejua,Cerro_Hoya_Expedition/Hoya_606m_grisMejua_2025-01-26/2025-01-26/patches/grisMejua_2025_01_27__04_37_06_HDR0_2_Mothbot_yolo11m_4500_imgsz1600_b1_2024-01-18.pt.jpg,ORDER_Diptera,2025-01-27,04:37:06,,2025_01_27__04_37_06,MachineObservation,Cerro_Hoya_Expedition_Hoya_606m_grisMejua_2025-01-26_2025-01-26,Cerro_Hoya_Expedition_Hoya_606m_grisMejua_2025-01-26,grisMejua_2025_01_27__04_37_06_HDR0.jpg,grisMejua_2025_01_27__04_37_06_HDR0_2_Mothbot_yolo11m_4500_imgsz1600_b1_2024-01-18.pt.jpg
doi.org10.15468dl.6nxkw6.csv,Animalia,Arthropoda,Insecta,Hemiptera,,,,,809,,Hemiptera,Hemiptera,Cerro_Hoya_Expedition_Hoya_606m_grisMejua_2025-01-26,grisMejua_2025_01_27__04_37_06_HDR0_3_Mothbot_yolo11m_4500_imgsz1600_b1_2024-01-18.pt.jpg,HS,Mothbot_yolo11m_4500_imgsz1600_b1_2024-01-18.pt,0.5443808436393738,,grisMejua,Cerro_Hoya_Expedition/Hoya_606m_grisMejua_2025-01-26/2025-01-26/patches/grisMejua_2025_01_27__04_37_06_HDR0_3_Mothbot_yolo11m_4500_imgsz1600_b1_2024-01-18.pt.jpg,ORDER_Hemiptera,2025-01-27,04:37:06,,2025_01_27__04_37_06,MachineObservation,Cerro_Hoya_Expedition_Hoya_606m_grisMejua_2025-01-26_2025-01-26,Cerro_Hoya_Expedition_Hoya_606m_grisMejua_2025-01-26,grisMejua_2025_01_27__04_37_06_HDR0.jpg,grisMejua_2025_01_27__04_37_06_HDR0_3_Mothbot_yolo11m_4500_imgsz1600_b1_2024-01-18.pt.jpg
doi.org10.15468dl.6nxkw6.csv,Animalia,Arthropoda,Insecta,Lepidoptera,,,,,797,,Lepidoptera,Lepidoptera,Cerro_Hoya_Expedition_Hoya_606m_grisMejua_2025-01-26,grisMejua_2025_01_27__04_38_06_HDR0_0_Mothbot_yolo11m_4500_imgsz1600_b1_2024-01-18.pt.jpg,HS,Mothbot_yolo11m_4500_imgsz1600_b1_2024-01-18.pt,0.8227263689041138,,grisMejua,Cerro_Hoya_Expedition/Hoya_606m_grisMejua_2025-01-26/2025-01-26/patches/grisMejua_2025_01_27__04_38_06_HDR0_0_Mothbot_yolo11m_4500_imgsz1600_b1_2024-01-18.pt.jpg,ORDER_Lepidoptera,2025-01-27,04:38:06,,2025_01_27__04_38_06,MachineObservation,Cerro_Hoya_Expedition_Hoya_606m_grisMejua_2025-01-26_2025-01-26,Cerro_Hoya_Expedition_Hoya_606m_grisMejua_2025-01-26,grisMejua_2025_01_27__04_38_06_HDR0.jpg,grisMejua_2025_01_27__04_38_06_HDR0_0_Mothbot_yolo11m_4500_imgsz1600_b1_2024-01-18.pt.jpg
doi.org10.15468dl.6nxkw6.csv,Animalia,Arthropoda,Insecta,Lepidoptera,,,,,797,,Lepidoptera,Lepidoptera,Cerro_Hoya_Expedition_Hoya_606m_grisMejua_2025-01-26,grisMejua_2025_01_27__04_38_06_HDR0_1_Mothbot_yolo11m_4500_imgsz1600_b1_2024-01-18.pt.jpg,HS,Mothbot_yolo11m_4500_imgsz1600_b1_2024-01-18.pt,0.7795199155807495,,grisMejua,Cerro_Hoya_Expedition/Hoya_606m_grisMejua_2025-01-26/2025-01-26/patches/grisMejua_2025_01_27__04_38_06_HDR0_1_Mothbot_yolo11m_4500_imgsz1600_b1_2024-01-18.pt.jpg,ORDER_Lepidoptera,2025-01-27,04:38:06,,2025_01_27__04_38_06,MachineObservation,Cerro_Hoya_Expedition_Hoya_606m_grisMejua_2025-01-26_2025-01-26,Cerro_Hoya_Expedition_Hoya_606m_grisMejua_2025-01-26,grisMejua_2025_01_27__04_38_06_HDR0.jpg,grisMejua_2025_01_27__04_38_06_HDR0_1_Mothbot_yolo11m_4500_imgsz1600_b1_2024-01-18.pt.jpg
doi.org10.15468dl.6nxkw6.csv,Animalia,Arthropoda,Insecta,Hemiptera,,,,,809,,Hemiptera,Hemiptera,Cerro_Hoya_Expedition_Hoya_606m_grisMejua_2025-01-26,grisMejua_2025_01_27__04_38_06_HDR0_2_Mothbot_yolo11m_4500_imgsz1600_b1_2024-01-18.pt.jpg,HS,Mothbot_yolo11m_4500_imgsz1600_b1_2024-01-18.pt,0.7253514528274536,,grisMejua,Cerro_Hoya_Expedition/Hoya_606m_grisMejua_2025-01-26/2025-01-26/patches/grisMejua_2025_01_27__04_38_06_HDR0_2_Mothbot_yolo11m_4500_imgsz1600_b1_2024-01-18.pt.jpg,ORDER_Diptera,2025-01-27,04:38:06,,2025_01_27__04_38_06,MachineObservation,Cerro_Hoya_Expedition_Hoya_606m_grisMejua_2025-01-26_2025-01-26,Cerro_Hoya_Expedition_Hoya_606m_grisMejua_2025-01-26,grisMejua_2025_01_27__04_38_06_HDR0.jpg,grisMejua_2025_01_27__04_38_06_HDR0_2_Mothbot_yolo11m_4500_imgsz1600_b1_2024-01-18.pt.jpg
doi.org10.15468dl.6nxkw6.csv,Animalia,Arthropoda,Insecta,Hemiptera,,,,,809,,Hemiptera,Hemiptera,Cerro_Hoya_Expedition_Hoya_606m_grisMejua_2025-01-26,grisMejua_2025_01_27__04_38_06_HDR0_3_Mothbot_yolo11m_4500_imgsz1600_b1_2024-01-18.pt.jpg,HS,Mothbot_yolo11m_4500_imgsz1600_b1_2024-01-18.pt,0.5031080842018127,,grisMejua,Cerro_Hoya_Expedition/Hoya_606m_grisMejua_2025-01-26/2025-01-26/patches/grisMejua_2025_01_27__04_38_06_HDR0_3_Mothbot_yolo11m_4500_imgsz1600_b1_2024-01-18.pt.jpg,ORDER_Hemiptera,2025-01-27,04:38:06,,2025_01_27__04_38_06,MachineObservation,Cerro_Hoya_Expedition_Hoya_606m_grisMejua_2025-01-26_2025-01-26,Cerro_Hoya_Expedition_Hoya_606m_grisMejua_2025-01-26,grisMejua_2025_01_27__04_38_06_HDR0.jpg,grisMejua_2025_01_27__04_38_06_HDR0_3_Mothbot_yolo11m_4500_imgsz1600_b1_2024-01-18.pt.jpg
doi.org10.15468dl.6nxkw6.csv,Animalia,Arthropoda,Insecta,Lepidoptera,,,,,797,,Lepidoptera,Lepidoptera,Cerro_Hoya_Expedition_Hoya_606m_grisMejua_2025-01-26,grisMejua_2025_01_27__04_39_06_HDR0_0_Mothbot_yolo11m_4500_imgsz1600_b1_2024-01-18.pt.jpg,HS,Mothbot_yolo11m_4500_imgsz1600_b1_2024-01-18.pt,0.8646625876426697,,grisMejua,Cerro_Hoya_Expedition/Hoya_606m_grisMejua_2025-01-26/2025-01-26/patches/grisMejua_2025_01_27__04_39_06_HDR0_0_Mothbot_yolo11m_4500_imgsz1600_b1_2024-01-18.pt.jpg,ORDER_Lepidoptera,2025-01-27,04:39:06,,2025_01_27__04_39_06,MachineObservation,Cerro_Hoya_Expedition_Hoya_606m_grisMejua_2025-01-26_2025-01-26,Cerro_Hoya_Expedition_Hoya_606m_grisMejua_2025-01-26,grisMejua_2025_01_27__04_39_06_HDR0.jpg,grisMejua_2025_01_27__04_39_06_HDR0_0_Mothbot_yolo11m_4500_imgsz1600_b1_2024-01-18.pt.jpg
doi.org10.15468dl.6nxkw6.csv,Animalia,Arthropoda,Insecta,Lepidoptera,,,,,797,,Lepidoptera,Lepidoptera,Cerro_Hoya_Expedition_Hoya_606m_grisMejua_2025-01-26,grisMejua_2025_01_27__04_39_06_HDR0_1_Mothbot_yolo11m_4500_imgsz1600_b1_2024-01-18.pt.jpg,HS,Mothbot_yolo11m_4500_imgsz1600_b1_2024-01-18.pt,0.8188046813011169,,grisMejua,Cerro_Hoya_Expedition/Hoya_606m_grisMejua_2025-01-26/2025-01-26/patches/grisMejua_2025_01_27__04_39_06_HDR0_1_Mothbot_yolo11m_4500_imgsz1600_b1_2024-01-18.pt.jpg,ORDER_Lepidoptera,2025-01-27,04:39:06,,2025_01_27__04_39_06,MachineObservation,Cerro_Hoya_Expedition_Hoya_606m_grisMejua_2025-01-26_2025-01-26,Cerro_Hoya_Expedition_Hoya_606m_grisMejua_2025-01-26,grisMejua_2025_01_27__04_39_06_HDR0.jpg,grisMejua_2025_01_27__04_39_06_HDR0_1_Mothbot_yolo11m_4500_imgsz1600_b1_2024-01-18.pt.jpg
doi.org10.15468dl.6nxkw6.csv,Animalia,Arthropoda,Insecta,Lepidoptera,,,,,797,,Lepidoptera,Lepidoptera,Cerro_Hoya_Expedition_Hoya_606m_grisMejua_2025-01-26,grisMejua_2025_01_27__04_39_06_HDR0_2_Mothbot_yolo11m_4500_imgsz1600_b1_2024-01-18.pt.jpg,HS,Mothbot_yolo11m_4500_imgsz1600_b1_2024-01-18.pt,0.7742846608161926,,grisMejua,Cerro_Hoya_Expedition/Hoya_606m_grisMejua_2025-01-26/2025-01-26/patches/grisMejua_2025_01_27__04_39_06_HDR0_2_Mothbot_yolo11m_4500_imgsz1600_b1_2024-01-18.pt.jpg,ORDER_Lepidoptera,2025-01-27,04:39:06,,2025_01_27__04_39_06,MachineObservation,Cerro_Hoya_Expedition_Hoya_606m_grisMejua_2025-01-26_2025-01-26,Cerro_Hoya_Expedition_Hoya_606m_grisMejua_2025-01-26,grisMejua_2025_01_27__04_39_06_HDR0.jpg,grisMejua_2025_01_27__04_39_06_HDR0_2_Mothbot_yolo11m_4500_imgsz1600_b1_2024-01-18.pt.jpg
doi.org10.15468dl.6nxkw6.csv,Animalia,Arthropoda,Insecta,Hemiptera,,,,,809,,Hemiptera,Hemiptera,Cerro_Hoya_Expedition_Hoya_606m_grisMejua_2025-01-26,grisMejua_2025_01_27__04_39_06_HDR0_3_Mothbot_yolo11m_4500_imgsz1600_b1_2024-01-18.pt.jpg,HS,Mothbot_yolo11m_4500_imgsz1600_b1_2024-01-18.pt,0.7184844613075256,,grisMejua,Cerro_Hoya_Expedition/Hoya_606m_grisMejua_2025-01-26/2025-01-26/patches/grisMejua_2025_01_27__04_39_06_HDR0_3_Mothbot_yolo11m_4500_imgsz1600_b1_2024-01-18.pt.jpg,ORDER_Hemiptera,2025-01-27,04:39:06,,2025_01_27__04_39_06,MachineObservation,Cerro_Hoya_Expedition_Hoya_606m_grisMejua_2025-01-26_2025-01-26,Cerro_Hoya_Expedition_Hoya_606m_grisMejua_2025-01-26,grisMejua_2025_01_27__04_39_06_HDR0.jpg,grisMejua_2025_01_27__04_39_06_HDR0_3_Mothbot_yolo11m_4500_imgsz1600_b1_2024-01-18.pt.jpg
doi.org10.15468dl.6nxkw6.csv,Animalia,Arthropoda,Insecta,Diptera,,,,,811,,Diptera,Diptera,Cerro_Hoya_Expedition_Hoya_606m_grisMejua_2025-01-26,grisMejua_2025_01_27__04_39_06_HDR0_4_Mothbot_yolo11m_4500_imgsz1600_b1_2024-01-18.pt.jpg,HS,Mothbot_yolo11m_4500_imgsz1600_b1_2024-01-18.pt,0.28689634799957275,,grisMejua,Cerro_Hoya_Expedition/Hoya_606m_grisMejua_2025-01-26/2025-01-26/patches/grisMejua_2025_01_27__04_39_06_HDR0_4_Mothbot_yolo11m_4500_imgsz1600_b1_2024-01-18.pt.jpg,ORDER_Hemiptera,2025-01-27,04:39:06,,2025_01_27__04_39_06,MachineObservation,Cerro_Hoya_Expedition_Hoya_606m_grisMejua_2025-01-26_2025-01-26,Cerro_Hoya_Expedition_Hoya_606m_grisMejua_2025-01-26,grisMejua_2025_01_27__04_39_06_HDR0.jpg,grisMejua_2025_01_27__04_39_06_HDR0_4_Mothbot_yolo11m_4500_imgsz1600_b1_2024-01-18.pt.jpg
doi.org10.15468dl.6nxkw6.csv,Animalia,Arthropoda,Insecta,Lepidoptera,,,,,797,,Lepidoptera,Lepidoptera,Cerro_Hoya_Expedition_Hoya_606m_grisMejua_2025-01-26,grisMejua_2025_01_27__04_40_05_HDR0_0_Mothbot_yolo11m_4500_imgsz1600_b1_2024-01-18.pt.jpg,HS,Mothbot_yolo11m_4500_imgsz1600_b1_2024-01-18.pt,0.8445250391960144,,grisMejua,Cerro_Hoya_Expedition/Hoya_606m_grisMejua_2025-01-26/2025-01-26/patches/grisMejua_2025_01_27__04_40_05_HDR0_0_Mothbot_yolo11m_4500_imgsz1600_b1_2024-01-18.pt.jpg,ORDER_Lepidoptera,2025-01-27,04:40:05,,2025_01_27__04_40_05,MachineObservation,Cerro_Hoya_Expedition_Hoya_606m_grisMejua_2025-01-26_2025-01-26,Cerro_Hoya_Expedition_Hoya_606m_grisMejua_2025-01-26,grisMejua_2025_01_27__04_40_05_HDR0.jpg,grisMejua_2025_01_27__04_40_05_HDR0_0_Mothbot_yolo11m_4500_imgsz1600_b1_2024-01-18.pt.jpg
doi.org10.15468dl.6nxkw6.csv,Animalia,Arthropoda,Insecta,Lepidoptera,,,,,797,,Lepidoptera,Lepidoptera,Cerro_Hoya_Expedition_Hoya_606m_grisMejua_2025-01-26,grisMejua_2025_01_27__04_40_05_HDR0_1_Mothbot_yolo11m_4500_imgsz1600_b1_2024-01-18.pt.jpg,HS,Mothbot_yolo11m_4500_imgsz1600_b1_2024-01-18.pt,0.7829057574272156,,grisMejua,Cerro_Hoya_Expedition/Hoya_606m_grisMejua_2025-01-26/2025-01-26/patches/grisMejua_2025_01_27__04_40_05_HDR0_1_Mothbot_yolo11m_4500_imgsz1600_b1_2024-01-18.pt.jpg,ORDER_Lepidoptera,2025-01-27,04:40:05,,2025_01_27__04_40_05,MachineObservation,Cerro_Hoya_Expedition_Hoya_606m_grisMejua_2025-01-26_2025-01-26,Cerro_Hoya_Expedition_Hoya_606m_grisMejua_2025-01-26,grisMejua_2025_01_27__04_40_05_HDR0.jpg,grisMejua_2025_01_27__04_40_05_HDR0_1_Mothbot_yolo11m_4500_imgsz1600_b1_2024-01-18.pt.jpg
doi.org10.15468dl.6nxkw6.csv,Animalia,Arthropoda,Insecta,Hemiptera,,,,,809,,Hemiptera,Hemiptera,Cerro_Hoya_Expedition_Hoya_606m_grisMejua_2025-01-26,grisMejua_2025_01_27__04_40_05_HDR0_2_Mothbot_yolo11m_4500_imgsz1600_b1_2024-01-18.pt.jpg,HS,Mothbot_yolo11m_4500_imgsz1600_b1_2024-01-18.pt,0.7204735279083252,,grisMejua,Cerro_Hoya_Expedition/Hoya_606m_grisMejua_2025-01-26/2025-01-26/patches/grisMejua_2025_01_27__04_40_05_HDR0_2_Mothbot_yolo11m_4500_imgsz1600_b1_2024-01-18.pt.jpg,ORDER_Hemiptera,2025-01-27,04:40:05,,2025_01_27__04_40_05,MachineObservation,Cerro_Hoya_Expedition_Hoya_606m_grisMejua_2025-01-26_2025-01-26,Cerro_Hoya_Expedition_Hoya_606m_grisMejua_2025-01-26,grisMejua_2025_01_27__04_40_05_HDR0.jpg,grisMejua_2025_01_27__04_40_05_HDR0_2_Mothbot_yolo11m_4500_imgsz1600_b1_2024-01-18.pt.jpg
doi.org10.15468dl.6nxkw6.csv,Animalia,Arthropoda,Insecta,Hemiptera,,,,,809,,Hemiptera,Hemiptera,Cerro_Hoya_Expedition_Hoya_606m_grisMejua_2025-01-26,grisMejua_2025_01_27__04_40_05_HDR0_3_Mothbot_yolo11m_4500_imgsz1600_b1_2024-01-18.pt.jpg,HS,Mothbot_yolo11m_4500_imgsz1600_b1_2024-01-18.pt,0.6839087009429932,,grisMejua,Cerro_Hoya_Expedition/Hoya_606m_grisMejua_2025-01-26/2025-01-26/patches/grisMejua_2025_01_27__04_40_05_HDR0_3_Mothbot_yolo11m_4500_imgsz1600_b1_2024-01-18.pt.jpg,ORDER_Diptera,2025-01-27,04:40:05,,2025_01_27__04_40_05,MachineObservation,Cerro_Hoya_Expedition_Hoya_606m_grisMejua_2025-01-26_2025-01-26,Cerro_Hoya_Expedition_Hoya_606m_grisMejua_2025-01-26,grisMejua_2025_01_27__04_40_05_HDR0.jpg,grisMejua_2025_01_27__04_40_05_HDR0_3_Mothbot_yolo11m_4500_imgsz1600_b1_2024-01-18.pt.jpg
doi.org10.15468dl.6nxkw6.csv,Animalia,Arthropoda,Insecta,Hemiptera,,,,,809,,Hemiptera,Hemiptera,Cerro_Hoya_Expedition_Hoya_606m_grisMejua_2025-01-26,grisMejua_2025_01_27__04_40_05_HDR0_4_Mothbot_yolo11m_4500_imgsz1600_b1_2024-01-18.pt.jpg,HS,Mothbot_yolo11m_4500_imgsz1600_b1_2024-01-18.pt,0.5517440438270569,,grisMejua,Cerro_Hoya_Expedition/Hoya_606m_grisMejua_2025-01-26/2025-01-26/patches/grisMejua_2025_01_27__04_40_05_HDR0_4_Mothbot_yolo11m_4500_imgsz1600_b1_2024-01-18.pt.jpg,ORDER_Hemiptera,2025-01-27,04:40:05,,2025_01_27__04_40_05,MachineObservation,Cerro_Hoya_Expedition_Hoya_606m_grisMejua_2025-01-26_2025-01-26,Cerro_Hoya_Expedition_Hoya_606m_grisMejua_2025-01-26,grisMejua_2025_01_27__04_40_05_HDR0.jpg,grisMejua_2025_01_27__04_40_05_HDR0_4_Mothbot_yolo11m_4500_imgsz1600_b1_2024-01-18.pt.jpg
doi.org10.15468dl.6nxkw6.csv,Animalia,Arthropoda,Insecta,,,,,,216,,Insecta,Insecta,Cerro_Hoya_Expedition_Hoya_606m_grisMejua_2025-01-26,grisMejua_2025_01_27__04_40_05_HDR0_5_Mothbot_yolo11m_4500_imgsz1600_b1_2024-01-18.pt.jpg,HS,Mothbot_yolo11m_4500_imgsz1600_b1_2024-01-18.pt,0.41753461956977844,,grisMejua,Cerro_Hoya_Expedition/Hoya_606m_grisMejua_2025-01-26/2025-01-26/patches/grisMejua_2025_01_27__04_40_05_HDR0_5_Mothbot_yolo11m_4500_imgsz1600_b1_2024-01-18.pt.jpg,ORDER_Diptera,2025-01-27,04:40:05,,2025_01_27__04_40_05,MachineObservation,Cerro_Hoya_Expedition_Hoya_606m_grisMejua_2025-01-26_2025-01-26,Cerro_Hoya_Expedition_Hoya_606m_grisMejua_2025-01-26,grisMejua_2025_01_27__04_40_05_HDR0.jpg,grisMejua_2025_01_27__04_40_05_HDR0_5_Mothbot_yolo11m_4500_imgsz1600_b1_2024-01-18.pt.jpg
doi.org10.15468dl.6nxkw6.csv,Animalia,Arthropoda,Insecta,,,,,,216,,Insecta,Insecta,Cerro_Hoya_Expedition_Hoya_606m_grisMejua_2025-01-26,grisMejua_2025_01_27__04_40_05_HDR0_6_Mothbot_yolo11m_4500_imgsz1600_b1_2024-01-18.pt.jpg,HS,Mothbot_yolo11m_4500_imgsz1600_b1_2024-01-18.pt,0.2942935824394226,,grisMejua,Cerro_Hoya_Expedition/Hoya_606m_grisMejua_2025-01-26/2025-01-26/patches/grisMejua_2025_01_27__04_40_05_HDR0_6_Mothbot_yolo11m_4500_imgsz1600_b1_2024-01-18.pt.jpg,ORDER_Psocodea,2025-01-27,04:40:05,,2025_01_27__04_40_05,MachineObservation,Cerro_Hoya_Expedition_Hoya_606m_grisMejua_2025-01-26_2025-01-26,Cerro_Hoya_Expedition_Hoya_606m_grisMejua_2025-01-26,grisMejua_2025_01_27__04_40_05_HDR0.jpg,grisMejua_2025_01_27__04_40_05_HDR0_6_Mothbot_yolo11m_4500_imgsz1600_b1_2024-01-18.pt.jpg
doi.org10.15468dl.6nxkw6.csv,Animalia,Arthropoda,Insecta,Lepidoptera,,,,,797,,Lepidoptera,Lepidoptera,Cerro_Hoya_Expedition_Hoya_606m_grisMejua_2025-01-26,grisMejua_2025_01_27__04_41_05_HDR0_0_Mothbot_yolo11m_4500_imgsz1600_b1_2024-01-18.pt.jpg,HS,Mothbot_yolo11m_4500_imgsz1600_b1_2024-01-18.pt,0.8289785385131836,,grisMejua,Cerro_Hoya_Expedition/Hoya_606m_grisMejua_2025-01-26/2025-01-26/patches/grisMejua_2025_01_27__04_41_05_HDR0_0_Mothbot_yolo11m_4500_imgsz1600_b1_2024-01-18.pt.jpg,ORDER_Lepidoptera,2025-01-27,04:41:05,,2025_01_27__04_41_05,MachineObservation,Cerro_Hoya_Expedition_Hoya_606m_grisMejua_2025-01-26_2025-01-26,Cerro_Hoya_Expedition_Hoya_606m_grisMejua_2025-01-26,grisMejua_2025_01_27__04_41_05_HDR0.jpg,grisMejua_2025_01_27__04_41_05_HDR0_0_Mothbot_yolo11m_4500_imgsz1600_b1_2024-01-18.pt.jpg
doi.org10.15468dl.6nxkw6.csv,Animalia,Arthropoda,Insecta,Lepidoptera,,,,,797,,Lepidoptera,Lepidoptera,Cerro_Hoya_Expedition_Hoya_606m_grisMejua_2025-01-26,grisMejua_2025_01_27__04_41_05_HDR0_1_Mothbot_yolo11m_4500_imgsz1600_b1_2024-01-18.pt.jpg,HS,Mothbot_yolo11m_4500_imgsz1600_b1_2024-01-18.pt,0.7919003367424011,,grisMejua,Cerro_Hoya_Expedition/Hoya_606m_grisMejua_2025-01-26/2025-01-26/patches/grisMejua_2025_01_27__04_41_05_HDR0_1_Mothbot_yolo11m_4500_imgsz1600_b1_2024-01-18.pt.jpg,ORDER_Lepidoptera,2025-01-27,04:41:05,,2025_01_27__04_41_05,MachineObservation,Cerro_Hoya_Expedition_Hoya_606m_grisMejua_2025-01-26_2025-01-26,Cerro_Hoya_Expedition_Hoya_606m_grisMejua_2025-01-26,grisMejua_2025_01_27__04_41_05_HDR0.jpg,grisMejua_2025_01_27__04_41_05_HDR0_1_Mothbot_yolo11m_4500_imgsz1600_b1_2024-01-18.pt.jpg
doi.org10.15468dl.6nxkw6.csv,Animalia,Arthropoda,Insecta,Hemiptera,,,,,809,,Hemiptera,Hemiptera,Cerro_Hoya_Expedition_Hoya_606m_grisMejua_2025-01-26,grisMejua_2025_01_27__04_41_05_HDR0_2_Mothbot_yolo11m_4500_imgsz1600_b1_2024-01-18.pt.jpg,HS,Mothbot_yolo11m_4500_imgsz1600_b1_2024-01-18.pt,0.6978185176849365,,grisMejua,Cerro_Hoya_Expedition/Hoya_606m_grisMejua_2025-01-26/2025-01-26/patches/grisMejua_2025_01_27__04_41_05_HDR0_2_Mothbot_yolo11m_4500_imgsz1600_b1_2024-01-18.pt.jpg,ORDER_Diptera,2025-01-27,04:41:05,,2025_01_27__04_41_05,MachineObservation,Cerro_Hoya_Expedition_Hoya_606m_grisMejua_2025-01-26_2025-01-26,Cerro_Hoya_Expedition_Hoya_606m_grisMejua_2025-01-26,grisMejua_2025_01_27__04_41_05_HDR0.jpg,grisMejua_2025_01_27__04_41_05_HDR0_2_Mothbot_yolo11m_4500_imgsz1600_b1_2024-01-18.pt.jpg
doi.org10.15468dl.6nxkw6.csv,Animalia,Arthropoda,Insecta,Hemiptera,,,,,809,,Hemiptera,Hemiptera,Cerro_Hoya_Expedition_Hoya_606m_grisMejua_2025-01-26,grisMejua_2025_01_27__04_41_05_HDR0_3_Mothbot_yolo11m_4500_imgsz1600_b1_2024-01-18.pt.jpg,HS,Mothbot_yolo11m_4500_imgsz1600_b1_2024-01-18.pt,0.5487775206565857,,grisMejua,Cerro_Hoya_Expedition/Hoya_606m_grisMejua_2025-01-26/2025-01-26/patches/grisMejua_2025_01_27__04_41_05_HDR0_3_Mothbot_yolo11m_4500_imgsz1600_b1_2024-01-18.pt.jpg,ORDER_Hemiptera,2025-01-27,04:41:05,,2025_01_27__04_41_05,MachineObservation,Cerro_Hoya_Expedition_Hoya_606m_grisMejua_2025-01-26_2025-01-26,Cerro_Hoya_Expedition_Hoya_606m_grisMejua_2025-01-26,grisMejua_2025_01_27__04_41_05_HDR0.jpg,grisMejua_2025_01_27__04_41_05_HDR0_3_Mothbot_yolo11m_4500_imgsz1600_b1_2024-01-18.pt.jpg
doi.org10.15468dl.6nxkw6.csv,Animalia,Arthropoda,Insecta,Lepidoptera,,,,,797,,Lepidoptera,Lepidoptera,Cerro_Hoya_Expedition_Hoya_606m_grisMejua_2025-01-26,grisMejua_2025_01_27__04_42_06_HDR0_0_Mothbot_yolo11m_4500_imgsz1600_b1_2024-01-18.pt.jpg,HS,Mothbot_yolo11m_4500_imgsz1600_b1_2024-01-18.pt,0.7872939705848694,,grisMejua,Cerro_Hoya_Expedition/Hoya_606m_grisMejua_2025-01-26/2025-01-26/patches/grisMejua_2025_01_27__04_42_06_HDR0_0_Mothbot_yolo11m_4500_imgsz1600_b1_2024-01-18.pt.jpg,ORDER_Lepidoptera,2025-01-27,04:42:06,,2025_01_27__04_42_06,MachineObservation,Cerro_Hoya_Expedition_Hoya_606m_grisMejua_2025-01-26_2025-01-26,Cerro_Hoya_Expedition_Hoya_606m_grisMejua_2025-01-26,grisMejua_2025_01_27__04_42_06_HDR0.jpg,grisMejua_2025_01_27__04_42_06_HDR0_0_Mothbot_yolo11m_4500_imgsz1600_b1_2024-01-18.pt.jpg
doi.org10.15468dl.6nxkw6.csv,Animalia,Arthropoda,Insecta,Hemiptera,,,,,809,,Hemiptera,Hemiptera,Cerro_Hoya_Expedition_Hoya_606m_grisMejua_2025-01-26,grisMejua_2025_01_27__04_42_06_HDR0_1_Mothbot_yolo11m_4500_imgsz1600_b1_2024-01-18.pt.jpg,HS,Mothbot_yolo11m_4500_imgsz1600_b1_2024-01-18.pt,0.6622614860534668,,grisMejua,Cerro_Hoya_Expedition/Hoya_606m_grisMejua_2025-01-26/2025-01-26/patches/grisMejua_2025_01_27__04_42_06_HDR0_1_Mothbot_yolo11m_4500_imgsz1600_b1_2024-01-18.pt.jpg,ORDER_Lepidoptera,2025-01-27,04:42:06,,2025_01_27__04_42_06,MachineObservation,Cerro_Hoya_Expedition_Hoya_606m_grisMejua_2025-01-26_2025-01-26,Cerro_Hoya_Expedition_Hoya_606m_grisMejua_2025-01-26,grisMejua_2025_01_27__04_42_06_HDR0.jpg,grisMejua_2025_01_27__04_42_06_HDR0_1_Mothbot_yolo11m_4500_imgsz1600_b1_2024-01-18.pt.jpg
doi.org10.15468dl.6nxkw6.csv,Animalia,Arthropoda,Insecta,Lepidoptera,,,,,797,,Lepidoptera,Lepidoptera,Cerro_Hoya_Expedition_Hoya_606m_grisMejua_2025-01-26,grisMejua_2025_01_27__04_42_06_HDR0_2_Mothbot_yolo11m_4500_imgsz1600_b1_2024-01-18.pt.jpg,HS,Mothbot_yolo11m_4500_imgsz1600_b1_2024-01-18.pt,0.518426775932312,,grisMejua,Cerro_Hoya_Expedition/Hoya_606m_grisMejua_2025-01-26/2025-01-26/patches/grisMejua_2025_01_27__04_42_06_HDR0_2_Mothbot_yolo11m_4500_imgsz1600_b1_2024-01-18.pt.jpg,ORDER_Lepidoptera,2025-01-27,04:42:06,,2025_01_27__04_42_06,MachineObservation,Cerro_Hoya_Expedition_Hoya_606m_grisMejua_2025-01-26_2025-01-26,Cerro_Hoya_Expedition_Hoya_606m_grisMejua_2025-01-26,grisMejua_2025_01_27__04_42_06_HDR0.jpg,grisMejua_2025_01_27__04_42_06_HDR0_2_Mothbot_yolo11m_4500_imgsz1600_b1_2024-01-18.pt.jpg
doi.org10.15468dl.6nxkw6.csv,Animalia,Arthropoda,Insecta,Hemiptera,,,,,809,,Hemiptera,Hemiptera,Cerro_Hoya_Expedition_Hoya_606m_grisMejua_2025-01-26,grisMejua_2025_01_27__04_42_06_HDR0_3_Mothbot_yolo11m_4500_imgsz1600_b1_2024-01-18.pt.jpg,HS,Mothbot_yolo11m_4500_imgsz1600_b1_2024-01-18.pt,0.4726228713989258,,grisMejua,Cerro_Hoya_Expedition/Hoya_606m_grisMejua_2025-01-26/2025-01-26/patches/grisMejua_2025_01_27__04_42_06_HDR0_3_Mothbot_yolo11m_4500_imgsz1600_b1_2024-01-18.pt.jpg,ORDER_Hemiptera,2025-01-27,04:42:06,,2025_01_27__04_42_06,MachineObservation,Cerro_Hoya_Expedition_Hoya_606m_grisMejua_2025-01-26_2025-01-26,Cerro_Hoya_Expedition_Hoya_606m_grisMejua_2025-01-26,grisMejua_2025_01_27__04_42_06_HDR0.jpg,grisMejua_2025_01_27__04_42_06_HDR0_3_Mothbot_yolo11m_4500_imgsz1600_b1_2024-01-18.pt.jpg
doi.org10.15468dl.6nxkw6.csv,Animalia,Arthropoda,Insecta,Hemiptera,,,,,809,,Hemiptera,Hemiptera,Cerro_Hoya_Expedition_Hoya_606m_grisMejua_2025-01-26,grisMejua_2025_01_27__04_43_22_HDR0_0_Mothbot_yolo11m_4500_imgsz1600_b1_2024-01-18.pt.jpg,HS,Mothbot_yolo11m_4500_imgsz1600_b1_2024-01-18.pt,0.8172724843025208,,grisMejua,Cerro_Hoya_Expedition/Hoya_606m_grisMejua_2025-01-26/2025-01-26/patches/grisMejua_2025_01_27__04_43_22_HDR0_0_Mothbot_yolo11m_4500_imgsz1600_b1_2024-01-18.pt.jpg,ORDER_Hemiptera,2025-01-27,04:43:22,,2025_01_27__04_43_22,MachineObservation,Cerro_Hoya_Expedition_Hoya_606m_grisMejua_2025-01-26_2025-01-26,Cerro_Hoya_Expedition_Hoya_606m_grisMejua_2025-01-26,grisMejua_2025_01_27__04_43_22_HDR0.jpg,grisMejua_2025_01_27__04_43_22_HDR0_0_Mothbot_yolo11m_4500_imgsz1600_b1_2024-01-18.pt.jpg
doi.org10.15468dl.6nxkw6.csv,Animalia,Arthropoda,Insecta,Lepidoptera,,,,,797,,Lepidoptera,Lepidoptera,Cerro_Hoya_Expedition_Hoya_606m_grisMejua_2025-01-26,grisMejua_2025_01_27__04_43_22_HDR0_1_Mothbot_yolo11m_4500_imgsz1600_b1_2024-01-18.pt.jpg,HS,Mothbot_yolo11m_4500_imgsz1600_b1_2024-01-18.pt,0.7782188653945923,,grisMejua,Cerro_Hoya_Expedition/Hoya_606m_grisMejua_2025-01-26/2025-01-26/patches/grisMejua_2025_01_27__04_43_22_HDR0_1_Mothbot_yolo11m_4500_imgsz1600_b1_2024-01-18.pt.jpg,ORDER_Lepidoptera,2025-01-27,04:43:22,,2025_01_27__04_43_22,MachineObservation,Cerro_Hoya_Expedition_Hoya_606m_grisMejua_2025-01-26_2025-01-26,Cerro_Hoya_Expedition_Hoya_606m_grisMejua_2025-01-26,grisMejua_2025_01_27__04_43_22_HDR0.jpg,grisMejua_2025_01_27__04_43_22_HDR0_1_Mothbot_yolo11m_4500_imgsz1600_b1_2024-01-18.pt.jpg
doi.org10.15468dl.6nxkw6.csv,Animalia,Arthropoda,Insecta,Hemiptera,,,,,809,,Hemiptera,Hemiptera,Cerro_Hoya_Expedition_Hoya_606m_grisMejua_2025-01-26,grisMejua_2025_01_27__04_43_22_HDR0_2_Mothbot_yolo11m_4500_imgsz1600_b1_2024-01-18.pt.jpg,HS,Mothbot_yolo11m_4500_imgsz1600_b1_2024-01-18.pt,0.5540341138839722,,grisMejua,Cerro_Hoya_Expedition/Hoya_606m_grisMejua_2025-01-26/2025-01-26/patches/grisMejua_2025_01_27__04_43_22_HDR0_2_Mothbot_yolo11m_4500_imgsz1600_b1_2024-01-18.pt.jpg,ORDER_Hemiptera,2025-01-27,04:43:22,,2025_01_27__04_43_22,MachineObservation,Cerro_Hoya_Expedition_Hoya_606m_grisMejua_2025-01-26_2025-01-26,Cerro_Hoya_Expedition_Hoya_606m_grisMejua_2025-01-26,grisMejua_2025_01_27__04_43_22_HDR0.jpg,grisMejua_2025_01_27__04_43_22_HDR0_2_Mothbot_yolo11m_4500_imgsz1600_b1_2024-01-18.pt.jpg
doi.org10.15468dl.6nxkw6.csv,Animalia,Arthropoda,Insecta,Lepidoptera,,,,,797,,Lepidoptera,Lepidoptera,Cerro_Hoya_Expedition_Hoya_606m_grisMejua_2025-01-26,grisMejua_2025_01_27__04_43_22_HDR0_3_Mothbot_yolo11m_4500_imgsz1600_b1_2024-01-18.pt.jpg,HS,Mothbot_yolo11m_4500_imgsz1600_b1_2024-01-18.pt,0.4037664830684662,,grisMejua,Cerro_Hoya_Expedition/Hoya_606m_grisMejua_2025-01-26/2025-01-26/patches/grisMejua_2025_01_27__04_43_22_HDR0_3_Mothbot_yolo11m_4500_imgsz1600_b1_2024-01-18.pt.jpg,ORDER_Lepidoptera,2025-01-27,04:43:22,,2025_01_27__04_43_22,MachineObservation,Cerro_Hoya_Expedition_Hoya_606m_grisMejua_2025-01-26_2025-01-26,Cerro_Hoya_Expedition_Hoya_606m_grisMejua_2025-01-26,grisMejua_2025_01_27__04_43_22_HDR0.jpg,grisMejua_2025_01_27__04_43_22_HDR0_3_Mothbot_yolo11m_4500_imgsz1600_b1_2024-01-18.pt.jpg
doi.org10.15468dl.6nxkw6.csv,Animalia,Arthropoda,Insecta,Lepidoptera,,,,,797,,Lepidoptera,Lepidoptera,Cerro_Hoya_Expedition_Hoya_606m_grisMejua_2025-01-26,grisMejua_2025_01_27__04_44_05_HDR0_0_Mothbot_yolo11m_4500_imgsz1600_b1_2024-01-18.pt.jpg,HS,Mothbot_yolo11m_4500_imgsz1600_b1_2024-01-18.pt,0.7812814712524414,,grisMejua,Cerro_Hoya_Expedition/Hoya_606m_grisMejua_2025-01-26/2025-01-26/patches/grisMejua_2025_01_27__04_44_05_HDR0_0_Mothbot_yolo11m_4500_imgsz1600_b1_2024-01-18.pt.jpg,ORDER_Lepidoptera,2025-01-27,04:44:05,,2025_01_27__04_44_05,MachineObservation,Cerro_Hoya_Expedition_Hoya_606m_grisMejua_2025-01-26_2025-01-26,Cerro_Hoya_Expedition_Hoya_606m_grisMejua_2025-01-26,grisMejua_2025_01_27__04_44_05_HDR0.jpg,grisMejua_2025_01_27__04_44_05_HDR0_0_Mothbot_yolo11m_4500_imgsz1600_b1_2024-01-18.pt.jpg
doi.org10.15468dl.6nxkw6.csv,Animalia,Arthropoda,Insecta,Hemiptera,,,,,809,,Hemiptera,Hemiptera,Cerro_Hoya_Expedition_Hoya_606m_grisMejua_2025-01-26,grisMejua_2025_01_27__04_44_05_HDR0_1_Mothbot_yolo11m_4500_imgsz1600_b1_2024-01-18.pt.jpg,HS,Mothbot_yolo11m_4500_imgsz1600_b1_2024-01-18.pt,0.6944780945777893,,grisMejua,Cerro_Hoya_Expedition/Hoya_606m_grisMejua_2025-01-26/2025-01-26/patches/grisMejua_2025_01_27__04_44_05_HDR0_1_Mothbot_yolo11m_4500_imgsz1600_b1_2024-01-18.pt.jpg,ORDER_Diptera,2025-01-27,04:44:05,,2025_01_27__04_44_05,MachineObservation,Cerro_Hoya_Expedition_Hoya_606m_grisMejua_2025-01-26_2025-01-26,Cerro_Hoya_Expedition_Hoya_606m_grisMejua_2025-01-26,grisMejua_2025_01_27__04_44_05_HDR0.jpg,grisMejua_2025_01_27__04_44_05_HDR0_1_Mothbot_yolo11m_4500_imgsz1600_b1_2024-01-18.pt.jpg
doi.org10.15468dl.6nxkw6.csv,Animalia,Arthropoda,Insecta,Hemiptera,,,,,809,,Hemiptera,Hemiptera,Cerro_Hoya_Expedition_Hoya_606m_grisMejua_2025-01-26,grisMejua_2025_01_27__04_44_05_HDR0_2_Mothbot_yolo11m_4500_imgsz1600_b1_2024-01-18.pt.jpg,HS,Mothbot_yolo11m_4500_imgsz1600_b1_2024-01-18.pt,0.5590795278549194,,grisMejua,Cerro_Hoya_Expedition/Hoya_606m_grisMejua_2025-01-26/2025-01-26/patches/grisMejua_2025_01_27__04_44_05_HDR0_2_Mothbot_yolo11m_4500_imgsz1600_b1_2024-01-18.pt.jpg,ORDER_Hemiptera,2025-01-27,04:44:05,,2025_01_27__04_44_05,MachineObservation,Cerro_Hoya_Expedition_Hoya_606m_grisMejua_2025-01-26_2025-01-26,Cerro_Hoya_Expedition_Hoya_606m_grisMejua_2025-01-26,grisMejua_2025_01_27__04_44_05_HDR0.jpg,grisMejua_2025_01_27__04_44_05_HDR0_2_Mothbot_yolo11m_4500_imgsz1600_b1_2024-01-18.pt.jpg
doi.org10.15468dl.6nxkw6.csv,Animalia,Arthropoda,Insecta,Diptera,,,,,811,,Diptera,Diptera,Cerro_Hoya_Expedition_Hoya_606m_grisMejua_2025-01-26,grisMejua_2025_01_27__04_44_05_HDR0_3_Mothbot_yolo11m_4500_imgsz1600_b1_2024-01-18.pt.jpg,HS,Mothbot_yolo11m_4500_imgsz1600_b1_2024-01-18.pt,0.5378542542457581,,grisMejua,Cerro_Hoya_Expedition/Hoya_606m_grisMejua_2025-01-26/2025-01-26/patches/grisMejua_2025_01_27__04_44_05_HDR0_3_Mothbot_yolo11m_4500_imgsz1600_b1_2024-01-18.pt.jpg,ORDER_Diptera,2025-01-27,04:44:05,,2025_01_27__04_44_05,MachineObservation,Cerro_Hoya_Expedition_Hoya_606m_grisMejua_2025-01-26_2025-01-26,Cerro_Hoya_Expedition_Hoya_606m_grisMejua_2025-01-26,grisMejua_2025_01_27__04_44_05_HDR0.jpg,grisMejua_2025_01_27__04_44_05_HDR0_3_Mothbot_yolo11m_4500_imgsz1600_b1_2024-01-18.pt.jpg
doi.org10.15468dl.6nxkw6.csv,Animalia,Arthropoda,Insecta,Lepidoptera,,,,,797,,Lepidoptera,Lepidoptera,Cerro_Hoya_Expedition_Hoya_606m_grisMejua_2025-01-26,grisMejua_2025_01_27__04_44_05_HDR0_4_Mothbot_yolo11m_4500_imgsz1600_b1_2024-01-18.pt.jpg,HS,Mothbot_yolo11m_4500_imgsz1600_b1_2024-01-18.pt,0.37307772040367126,,grisMejua,Cerro_Hoya_Expedition/Hoya_606m_grisMejua_2025-01-26/2025-01-26/patches/grisMejua_2025_01_27__04_44_05_HDR0_4_Mothbot_yolo11m_4500_imgsz1600_b1_2024-01-18.pt.jpg,ORDER_Lepidoptera,2025-01-27,04:44:05,,2025_01_27__04_44_05,MachineObservation,Cerro_Hoya_Expedition_Hoya_606m_grisMejua_2025-01-26_2025-01-26,Cerro_Hoya_Expedition_Hoya_606m_grisMejua_2025-01-26,grisMejua_2025_01_27__04_44_05_HDR0.jpg,grisMejua_2025_01_27__04_44_05_HDR0_4_Mothbot_yolo11m_4500_imgsz1600_b1_2024-01-18.pt.jpg
doi.org10.15468dl.6nxkw6.csv,Animalia,Arthropoda,Insecta,Lepidoptera,,,,,797,,Lepidoptera,Lepidoptera,Cerro_Hoya_Expedition_Hoya_606m_grisMejua_2025-01-26,grisMejua_2025_01_27__04_45_05_HDR0_0_Mothbot_yolo11m_4500_imgsz1600_b1_2024-01-18.pt.jpg,HS,Mothbot_yolo11m_4500_imgsz1600_b1_2024-01-18.pt,0.7692846059799194,,grisMejua,Cerro_Hoya_Expedition/Hoya_606m_grisMejua_2025-01-26/2025-01-26/patches/grisMejua_2025_01_27__04_45_05_HDR0_0_Mothbot_yolo11m_4500_imgsz1600_b1_2024-01-18.pt.jpg,ORDER_Lepidoptera,2025-01-27,04:45:05,,2025_01_27__04_45_05,MachineObservation,Cerro_Hoya_Expedition_Hoya_606m_grisMejua_2025-01-26_2025-01-26,Cerro_Hoya_Expedition_Hoya_606m_grisMejua_2025-01-26,grisMejua_2025_01_27__04_45_05_HDR0.jpg,grisMejua_2025_01_27__04_45_05_HDR0_0_Mothbot_yolo11m_4500_imgsz1600_b1_2024-01-18.pt.jpg
doi.org10.15468dl.6nxkw6.csv,Animalia,Arthropoda,Insecta,Lepidoptera,,,,,797,,Lepidoptera,Lepidoptera,Cerro_Hoya_Expedition_Hoya_606m_grisMejua_2025-01-26,grisMejua_2025_01_27__04_45_05_HDR0_1_Mothbot_yolo11m_4500_imgsz1600_b1_2024-01-18.pt.jpg,HS,Mothbot_yolo11m_4500_imgsz1600_b1_2024-01-18.pt,0.7210838794708252,,grisMejua,Cerro_Hoya_Expedition/Hoya_606m_grisMejua_2025-01-26/2025-01-26/patches/grisMejua_2025_01_27__04_45_05_HDR0_1_Mothbot_yolo11m_4500_imgsz1600_b1_2024-01-18.pt.jpg,ORDER_Lepidoptera,2025-01-27,04:45:05,,2025_01_27__04_45_05,MachineObservation,Cerro_Hoya_Expedition_Hoya_606m_grisMejua_2025-01-26_2025-01-26,Cerro_Hoya_Expedition_Hoya_606m_grisMejua_2025-01-26,grisMejua_2025_01_27__04_45_05_HDR0.jpg,grisMejua_2025_01_27__04_45_05_HDR0_1_Mothbot_yolo11m_4500_imgsz1600_b1_2024-01-18.pt.jpg
doi.org10.15468dl.6nxkw6.csv,Animalia,Arthropoda,Insecta,Hemiptera,,,,,809,,Hemiptera,Hemiptera,Cerro_Hoya_Expedition_Hoya_606m_grisMejua_2025-01-26,grisMejua_2025_01_27__04_45_05_HDR0_2_Mothbot_yolo11m_4500_imgsz1600_b1_2024-01-18.pt.jpg,HS,Mothbot_yolo11m_4500_imgsz1600_b1_2024-01-18.pt,0.679344892501831,,grisMejua,Cerro_Hoya_Expedition/Hoya_606m_grisMejua_2025-01-26/2025-01-26/patches/grisMejua_2025_01_27__04_45_05_HDR0_2_Mothbot_yolo11m_4500_imgsz1600_b1_2024-01-18.pt.jpg,ORDER_Hemiptera,2025-01-27,04:45:05,,2025_01_27__04_45_05,MachineObservation,Cerro_Hoya_Expedition_Hoya_606m_grisMejua_2025-01-26_2025-01-26,Cerro_Hoya_Expedition_Hoya_606m_grisMejua_2025-01-26,grisMejua_2025_01_27__04_45_05_HDR0.jpg,grisMejua_2025_01_27__04_45_05_HDR0_2_Mothbot_yolo11m_4500_imgsz1600_b1_2024-01-18.pt.jpg
doi.org10.15468dl.6nxkw6.csv,Animalia,Arthropoda,Insecta,Diptera,,,,,811,,Diptera,Diptera,Cerro_Hoya_Expedition_Hoya_606m_grisMejua_2025-01-26,grisMejua_2025_01_27__04_45_05_HDR0_3_Mothbot_yolo11m_4500_imgsz1600_b1_2024-01-18.pt.jpg,HS,Mothbot_yolo11m_4500_imgsz1600_b1_2024-01-18.pt,0.5572429299354553,,grisMejua,Cerro_Hoya_Expedition/Hoya_606m_grisMejua_2025-01-26/2025-01-26/patches/grisMejua_2025_01_27__04_45_05_HDR0_3_Mothbot_yolo11m_4500_imgsz1600_b1_2024-01-18.pt.jpg,ORDER_Diptera,2025-01-27,04:45:05,,2025_01_27__04_45_05,MachineObservation,Cerro_Hoya_Expedition_Hoya_606m_grisMejua_2025-01-26_2025-01-26,Cerro_Hoya_Expedition_Hoya_606m_grisMejua_2025-01-26,grisMejua_2025_01_27__04_45_05_HDR0.jpg,grisMejua_2025_01_27__04_45_05_HDR0_3_Mothbot_yolo11m_4500_imgsz1600_b1_2024-01-18.pt.jpg
doi.org10.15468dl.6nxkw6.csv,Animalia,Arthropoda,Insecta,Hemiptera,,,,,809,,Hemiptera,Hemiptera,Cerro_Hoya_Expedition_Hoya_606m_grisMejua_2025-01-26,grisMejua_2025_01_27__04_45_05_HDR0_4_Mothbot_yolo11m_4500_imgsz1600_b1_2024-01-18.pt.jpg,HS,Mothbot_yolo11m_4500_imgsz1600_b1_2024-01-18.pt,0.5333902835845947,,grisMejua,Cerro_Hoya_Expedition/Hoya_606m_grisMejua_2025-01-26/2025-01-26/patches/grisMejua_2025_01_27__04_45_05_HDR0_4_Mothbot_yolo11m_4500_imgsz1600_b1_2024-01-18.pt.jpg,ORDER_Hemiptera,2025-01-27,04:45:05,,2025_01_27__04_45_05,MachineObservation,Cerro_Hoya_Expedition_Hoya_606m_grisMejua_2025-01-26_2025-01-26,Cerro_Hoya_Expedition_Hoya_606m_grisMejua_2025-01-26,grisMejua_2025_01_27__04_45_05_HDR0.jpg,grisMejua_2025_01_27__04_45_05_HDR0_4_Mothbot_yolo11m_4500_imgsz1600_b1_2024-01-18.pt.jpg
doi.org10.15468dl.6nxkw6.csv,Animalia,Arthropoda,Insecta,Lepidoptera,,,,,797,,Lepidoptera,Lepidoptera,Cerro_Hoya_Expedition_Hoya_606m_grisMejua_2025-01-26,grisMejua_2025_01_27__04_45_05_HDR0_5_Mothbot_yolo11m_4500_imgsz1600_b1_2024-01-18.pt.jpg,HS,Mothbot_yolo11m_4500_imgsz1600_b1_2024-01-18.pt,0.431551069021225,,grisMejua,Cerro_Hoya_Expedition/Hoya_606m_grisMejua_2025-01-26/2025-01-26/patches/grisMejua_2025_01_27__04_45_05_HDR0_5_Mothbot_yolo11m_4500_imgsz1600_b1_2024-01-18.pt.jpg,ORDER_Lepidoptera,2025-01-27,04:45:05,,2025_01_27__04_45_05,MachineObservation,Cerro_Hoya_Expedition_Hoya_606m_grisMejua_2025-01-26_2025-01-26,Cerro_Hoya_Expedition_Hoya_606m_grisMejua_2025-01-26,grisMejua_2025_01_27__04_45_05_HDR0.jpg,grisMejua_2025_01_27__04_45_05_HDR0_5_Mothbot_yolo11m_4500_imgsz1600_b1_2024-01-18.pt.jpg
doi.org10.15468dl.6nxkw6.csv,Animalia,Arthropoda,Insecta,Hemiptera,,,,,809,,Hemiptera,Hemiptera,Cerro_Hoya_Expedition_Hoya_606m_grisMejua_2025-01-26,grisMejua_2025_01_27__04_46_06_HDR0_0_Mothbot_yolo11m_4500_imgsz1600_b1_2024-01-18.pt.jpg,HS,Mothbot_yolo11m_4500_imgsz1600_b1_2024-01-18.pt,0.8628645539283752,,grisMejua,Cerro_Hoya_Expedition/Hoya_606m_grisMejua_2025-01-26/2025-01-26/patches/grisMejua_2025_01_27__04_46_06_HDR0_0_Mothbot_yolo11m_4500_imgsz1600_b1_2024-01-18.pt.jpg,ORDER_Hemiptera,2025-01-27,04:46:06,,2025_01_27__04_46_06,MachineObservation,Cerro_Hoya_Expedition_Hoya_606m_grisMejua_2025-01-26_2025-01-26,Cerro_Hoya_Expedition_Hoya_606m_grisMejua_2025-01-26,grisMejua_2025_01_27__04_46_06_HDR0.jpg,grisMejua_2025_01_27__04_46_06_HDR0_0_Mothbot_yolo11m_4500_imgsz1600_b1_2024-01-18.pt.jpg
doi.org10.15468dl.6nxkw6.csv,Animalia,Arthropoda,Insecta,Lepidoptera,,,,,797,,Lepidoptera,Lepidoptera,Cerro_Hoya_Expedition_Hoya_606m_grisMejua_2025-01-26,grisMejua_2025_01_27__04_46_06_HDR0_1_Mothbot_yolo11m_4500_imgsz1600_b1_2024-01-18.pt.jpg,HS,Mothbot_yolo11m_4500_imgsz1600_b1_2024-01-18.pt,0.8182278871536255,,grisMejua,Cerro_Hoya_Expedition/Hoya_606m_grisMejua_2025-01-26/2025-01-26/patches/grisMejua_2025_01_27__04_46_06_HDR0_1_Mothbot_yolo11m_4500_imgsz1600_b1_2024-01-18.pt.jpg,ORDER_Lepidoptera,2025-01-27,04:46:06,,2025_01_27__04_46_06,MachineObservation,Cerro_Hoya_Expedition_Hoya_606m_grisMejua_2025-01-26_2025-01-26,Cerro_Hoya_Expedition_Hoya_606m_grisMejua_2025-01-26,grisMejua_2025_01_27__04_46_06_HDR0.jpg,grisMejua_2025_01_27__04_46_06_HDR0_1_Mothbot_yolo11m_4500_imgsz1600_b1_2024-01-18.pt.jpg
doi.org10.15468dl.6nxkw6.csv,Animalia,Arthropoda,Insecta,Hemiptera,,,,,809,,Hemiptera,Hemiptera,Cerro_Hoya_Expedition_Hoya_606m_grisMejua_2025-01-26,grisMejua_2025_01_27__04_46_06_HDR0_2_Mothbot_yolo11m_4500_imgsz1600_b1_2024-01-18.pt.jpg,HS,Mothbot_yolo11m_4500_imgsz1600_b1_2024-01-18.pt,0.7889174818992615,,grisMejua,Cerro_Hoya_Expedition/Hoya_606m_grisMejua_2025-01-26/2025-01-26/patches/grisMejua_2025_01_27__04_46_06_HDR0_2_Mothbot_yolo11m_4500_imgsz1600_b1_2024-01-18.pt.jpg,ORDER_Orthoptera,2025-01-27,04:46:06,,2025_01_27__04_46_06,MachineObservation,Cerro_Hoya_Expedition_Hoya_606m_grisMejua_2025-01-26_2025-01-26,Cerro_Hoya_Expedition_Hoya_606m_grisMejua_2025-01-26,grisMejua_2025_01_27__04_46_06_HDR0.jpg,grisMejua_2025_01_27__04_46_06_HDR0_2_Mothbot_yolo11m_4500_imgsz1600_b1_2024-01-18.pt.jpg
doi.org10.15468dl.6nxkw6.csv,Animalia,Arthropoda,Insecta,Lepidoptera,,,,,797,,Lepidoptera,Lepidoptera,Cerro_Hoya_Expedition_Hoya_606m_grisMejua_2025-01-26,grisMejua_2025_01_27__04_46_06_HDR0_3_Mothbot_yolo11m_4500_imgsz1600_b1_2024-01-18.pt.jpg,HS,Mothbot_yolo11m_4500_imgsz1600_b1_2024-01-18.pt,0.7754954099655151,,grisMejua,Cerro_Hoya_Expedition/Hoya_606m_grisMejua_2025-01-26/2025-01-26/patches/grisMejua_2025_01_27__04_46_06_HDR0_3_Mothbot_yolo11m_4500_imgsz1600_b1_2024-01-18.pt.jpg,ORDER_Lepidoptera,2025-01-27,04:46:06,,2025_01_27__04_46_06,MachineObservation,Cerro_Hoya_Expedition_Hoya_606m_grisMejua_2025-01-26_2025-01-26,Cerro_Hoya_Expedition_Hoya_606m_grisMejua_2025-01-26,grisMejua_2025_01_27__04_46_06_HDR0.jpg,grisMejua_2025_01_27__04_46_06_HDR0_3_Mothbot_yolo11m_4500_imgsz1600_b1_2024-01-18.pt.jpg
doi.org10.15468dl.6nxkw6.csv,Animalia,Arthropoda,Insecta,Lepidoptera,,,,,797,,Lepidoptera,Lepidoptera,Cerro_Hoya_Expedition_Hoya_606m_grisMejua_2025-01-26,grisMejua_2025_01_27__04_46_06_HDR0_4_Mothbot_yolo11m_4500_imgsz1600_b1_2024-01-18.pt.jpg,HS,Mothbot_yolo11m_4500_imgsz1600_b1_2024-01-18.pt,0.7052302360534668,,grisMejua,Cerro_Hoya_Expedition/Hoya_606m_grisMejua_2025-01-26/2025-01-26/patches/grisMejua_2025_01_27__04_46_06_HDR0_4_Mothbot_yolo11m_4500_imgsz1600_b1_2024-01-18.pt.jpg,ORDER_Lepidoptera,2025-01-27,04:46:06,,2025_01_27__04_46_06,MachineObservation,Cerro_Hoya_Expedition_Hoya_606m_grisMejua_2025-01-26_2025-01-26,Cerro_Hoya_Expedition_Hoya_606m_grisMejua_2025-01-26,grisMejua_2025_01_27__04_46_06_HDR0.jpg,grisMejua_2025_01_27__04_46_06_HDR0_4_Mothbot_yolo11m_4500_imgsz1600_b1_2024-01-18.pt.jpg
doi.org10.15468dl.6nxkw6.csv,Animalia,Arthropoda,Insecta,Hemiptera,,,,,809,,Hemiptera,Hemiptera,Cerro_Hoya_Expedition_Hoya_606m_grisMejua_2025-01-26,grisMejua_2025_01_27__04_46_06_HDR0_5_Mothbot_yolo11m_4500_imgsz1600_b1_2024-01-18.pt.jpg,HS,Mothbot_yolo11m_4500_imgsz1600_b1_2024-01-18.pt,0.5692699551582336,,grisMejua,Cerro_Hoya_Expedition/Hoya_606m_grisMejua_2025-01-26/2025-01-26/patches/grisMejua_2025_01_27__04_46_06_HDR0_5_Mothbot_yolo11m_4500_imgsz1600_b1_2024-01-18.pt.jpg,ORDER_Hemiptera,2025-01-27,04:46:06,,2025_01_27__04_46_06,MachineObservation,Cerro_Hoya_Expedition_Hoya_606m_grisMejua_2025-01-26_2025-01-26,Cerro_Hoya_Expedition_Hoya_606m_grisMejua_2025-01-26,grisMejua_2025_01_27__04_46_06_HDR0.jpg,grisMejua_2025_01_27__04_46_06_HDR0_5_Mothbot_yolo11m_4500_imgsz1600_b1_2024-01-18.pt.jpg
doi.org10.15468dl.6nxkw6.csv,Animalia,Arthropoda,Insecta,Diptera,,,,,811,,Diptera,Diptera,Cerro_Hoya_Expedition_Hoya_606m_grisMejua_2025-01-26,grisMejua_2025_01_27__04_46_06_HDR0_6_Mothbot_yolo11m_4500_imgsz1600_b1_2024-01-18.pt.jpg,HS,Mothbot_yolo11m_4500_imgsz1600_b1_2024-01-18.pt,0.5043138265609741,,grisMejua,Cerro_Hoya_Expedition/Hoya_606m_grisMejua_2025-01-26/2025-01-26/patches/grisMejua_2025_01_27__04_46_06_HDR0_6_Mothbot_yolo11m_4500_imgsz1600_b1_2024-01-18.pt.jpg,ORDER_Hymenoptera,2025-01-27,04:46:06,,2025_01_27__04_46_06,MachineObservation,Cerro_Hoya_Expedition_Hoya_606m_grisMejua_2025-01-26_2025-01-26,Cerro_Hoya_Expedition_Hoya_606m_grisMejua_2025-01-26,grisMejua_2025_01_27__04_46_06_HDR0.jpg,grisMejua_2025_01_27__04_46_06_HDR0_6_Mothbot_yolo11m_4500_imgsz1600_b1_2024-01-18.pt.jpg
doi.org10.15468dl.6nxkw6.csv,Animalia,Arthropoda,Insecta,Lepidoptera,,,,,797,,Lepidoptera,Lepidoptera,Cerro_Hoya_Expedition_Hoya_606m_grisMejua_2025-01-26,grisMejua_2025_01_27__04_46_06_HDR0_7_Mothbot_yolo11m_4500_imgsz1600_b1_2024-01-18.pt.jpg,HS,Mothbot_yolo11m_4500_imgsz1600_b1_2024-01-18.pt,0.43568629026412964,,grisMejua,Cerro_Hoya_Expedition/Hoya_606m_grisMejua_2025-01-26/2025-01-26/patches/grisMejua_2025_01_27__04_46_06_HDR0_7_Mothbot_yolo11m_4500_imgsz1600_b1_2024-01-18.pt.jpg,ORDER_Lepidoptera,2025-01-27,04:46:06,,2025_01_27__04_46_06,MachineObservation,Cerro_Hoya_Expedition_Hoya_606m_grisMejua_2025-01-26_2025-01-26,Cerro_Hoya_Expedition_Hoya_606m_grisMejua_2025-01-26,grisMejua_2025_01_27__04_46_06_HDR0.jpg,grisMejua_2025_01_27__04_46_06_HDR0_7_Mothbot_yolo11m_4500_imgsz1600_b1_2024-01-18.pt.jpg
doi.org10.15468dl.6nxkw6.csv,Animalia,Arthropoda,Insecta,Hemiptera,,,,,809,,Hemiptera,Hemiptera,Cerro_Hoya_Expedition_Hoya_606m_grisMejua_2025-01-26,grisMejua_2025_01_27__04_47_06_HDR0_0_Mothbot_yolo11m_4500_imgsz1600_b1_2024-01-18.pt.jpg,HS,Mothbot_yolo11m_4500_imgsz1600_b1_2024-01-18.pt,0.8529455065727234,,grisMejua,Cerro_Hoya_Expedition/Hoya_606m_grisMejua_2025-01-26/2025-01-26/patches/grisMejua_2025_01_27__04_47_06_HDR0_0_Mothbot_yolo11m_4500_imgsz1600_b1_2024-01-18.pt.jpg,ORDER_Hemiptera,2025-01-27,04:47:06,,2025_01_27__04_47_06,MachineObservation,Cerro_Hoya_Expedition_Hoya_606m_grisMejua_2025-01-26_2025-01-26,Cerro_Hoya_Expedition_Hoya_606m_grisMejua_2025-01-26,grisMejua_2025_01_27__04_47_06_HDR0.jpg,grisMejua_2025_01_27__04_47_06_HDR0_0_Mothbot_yolo11m_4500_imgsz1600_b1_2024-01-18.pt.jpg
doi.org10.15468dl.6nxkw6.csv,Animalia,Arthropoda,Insecta,Lepidoptera,,,,,797,,Lepidoptera,Lepidoptera,Cerro_Hoya_Expedition_Hoya_606m_grisMejua_2025-01-26,grisMejua_2025_01_27__04_47_06_HDR0_1_Mothbot_yolo11m_4500_imgsz1600_b1_2024-01-18.pt.jpg,HS,Mothbot_yolo11m_4500_imgsz1600_b1_2024-01-18.pt,0.8027641773223877,,grisMejua,Cerro_Hoya_Expedition/Hoya_606m_grisMejua_2025-01-26/2025-01-26/patches/grisMejua_2025_01_27__04_47_06_HDR0_1_Mothbot_yolo11m_4500_imgsz1600_b1_2024-01-18.pt.jpg,ORDER_Lepidoptera,2025-01-27,04:47:06,,2025_01_27__04_47_06,MachineObservation,Cerro_Hoya_Expedition_Hoya_606m_grisMejua_2025-01-26_2025-01-26,Cerro_Hoya_Expedition_Hoya_606m_grisMejua_2025-01-26,grisMejua_2025_01_27__04_47_06_HDR0.jpg,grisMejua_2025_01_27__04_47_06_HDR0_1_Mothbot_yolo11m_4500_imgsz1600_b1_2024-01-18.pt.jpg
doi.org10.15468dl.6nxkw6.csv,Animalia,Arthropoda,Insecta,Lepidoptera,,,,,797,,Lepidoptera,Lepidoptera,Cerro_Hoya_Expedition_Hoya_606m_grisMejua_2025-01-26,grisMejua_2025_01_27__04_47_06_HDR0_2_Mothbot_yolo11m_4500_imgsz1600_b1_2024-01-18.pt.jpg,HS,Mothbot_yolo11m_4500_imgsz1600_b1_2024-01-18.pt,0.8010956048965454,,grisMejua,Cerro_Hoya_Expedition/Hoya_606m_grisMejua_2025-01-26/2025-01-26/patches/grisMejua_2025_01_27__04_47_06_HDR0_2_Mothbot_yolo11m_4500_imgsz1600_b1_2024-01-18.pt.jpg,ORDER_Lepidoptera,2025-01-27,04:47:06,,2025_01_27__04_47_06,MachineObservation,Cerro_Hoya_Expedition_Hoya_606m_grisMejua_2025-01-26_2025-01-26,Cerro_Hoya_Expedition_Hoya_606m_grisMejua_2025-01-26,grisMejua_2025_01_27__04_47_06_HDR0.jpg,grisMejua_2025_01_27__04_47_06_HDR0_2_Mothbot_yolo11m_4500_imgsz1600_b1_2024-01-18.pt.jpg
doi.org10.15468dl.6nxkw6.csv,Animalia,Arthropoda,Insecta,Hemiptera,,,,,809,,Hemiptera,Hemiptera,Cerro_Hoya_Expedition_Hoya_606m_grisMejua_2025-01-26,grisMejua_2025_01_27__04_47_06_HDR0_3_Mothbot_yolo11m_4500_imgsz1600_b1_2024-01-18.pt.jpg,HS,Mothbot_yolo11m_4500_imgsz1600_b1_2024-01-18.pt,0.7815231680870056,,grisMejua,Cerro_Hoya_Expedition/Hoya_606m_grisMejua_2025-01-26/2025-01-26/patches/grisMejua_2025_01_27__04_47_06_HDR0_3_Mothbot_yolo11m_4500_imgsz1600_b1_2024-01-18.pt.jpg,ORDER_Hemiptera,2025-01-27,04:47:06,,2025_01_27__04_47_06,MachineObservation,Cerro_Hoya_Expedition_Hoya_606m_grisMejua_2025-01-26_2025-01-26,Cerro_Hoya_Expedition_Hoya_606m_grisMejua_2025-01-26,grisMejua_2025_01_27__04_47_06_HDR0.jpg,grisMejua_2025_01_27__04_47_06_HDR0_3_Mothbot_yolo11m_4500_imgsz1600_b1_2024-01-18.pt.jpg
doi.org10.15468dl.6nxkw6.csv,Animalia,Arthropoda,Insecta,Diptera,,,,,811,,Diptera,Diptera,Cerro_Hoya_Expedition_Hoya_606m_grisMejua_2025-01-26,grisMejua_2025_01_27__04_47_06_HDR0_4_Mothbot_yolo11m_4500_imgsz1600_b1_2024-01-18.pt.jpg,HS,Mothbot_yolo11m_4500_imgsz1600_b1_2024-01-18.pt,0.5667104125022888,,grisMejua,Cerro_Hoya_Expedition/Hoya_606m_grisMejua_2025-01-26/2025-01-26/patches/grisMejua_2025_01_27__04_47_06_HDR0_4_Mothbot_yolo11m_4500_imgsz1600_b1_2024-01-18.pt.jpg,ORDER_Diptera,2025-01-27,04:47:06,,2025_01_27__04_47_06,MachineObservation,Cerro_Hoya_Expedition_Hoya_606m_grisMejua_2025-01-26_2025-01-26,Cerro_Hoya_Expedition_Hoya_606m_grisMejua_2025-01-26,grisMejua_2025_01_27__04_47_06_HDR0.jpg,grisMejua_2025_01_27__04_47_06_HDR0_4_Mothbot_yolo11m_4500_imgsz1600_b1_2024-01-18.pt.jpg
doi.org10.15468dl.6nxkw6.csv,Animalia,Arthropoda,Insecta,Lepidoptera,,,,,797,,Lepidoptera,Lepidoptera,Cerro_Hoya_Expedition_Hoya_606m_grisMejua_2025-01-26,grisMejua_2025_01_27__04_47_06_HDR0_5_Mothbot_yolo11m_4500_imgsz1600_b1_2024-01-18.pt.jpg,HS,Mothbot_yolo11m_4500_imgsz1600_b1_2024-01-18.pt,0.49708059430122375,,grisMejua,Cerro_Hoya_Expedition/Hoya_606m_grisMejua_2025-01-26/2025-01-26/patches/grisMejua_2025_01_27__04_47_06_HDR0_5_Mothbot_yolo11m_4500_imgsz1600_b1_2024-01-18.pt.jpg,ORDER_Lepidoptera,2025-01-27,04:47:06,,2025_01_27__04_47_06,MachineObservation,Cerro_Hoya_Expedition_Hoya_606m_grisMejua_2025-01-26_2025-01-26,Cerro_Hoya_Expedition_Hoya_606m_grisMejua_2025-01-26,grisMejua_2025_01_27__04_47_06_HDR0.jpg,grisMejua_2025_01_27__04_47_06_HDR0_5_Mothbot_yolo11m_4500_imgsz1600_b1_2024-01-18.pt.jpg
doi.org10.15468dl.6nxkw6.csv,Animalia,Arthropoda,Insecta,Lepidoptera,,,,,797,,Lepidoptera,Lepidoptera,Cerro_Hoya_Expedition_Hoya_606m_grisMejua_2025-01-26,grisMejua_2025_01_27__04_48_06_HDR0_0_Mothbot_yolo11m_4500_imgsz1600_b1_2024-01-18.pt.jpg,HS,Mothbot_yolo11m_4500_imgsz1600_b1_2024-01-18.pt,0.8327919244766235,,grisMejua,Cerro_Hoya_Expedition/Hoya_606m_grisMejua_2025-01-26/2025-01-26/patches/grisMejua_2025_01_27__04_48_06_HDR0_0_Mothbot_yolo11m_4500_imgsz1600_b1_2024-01-18.pt.jpg,ORDER_Lepidoptera,2025-01-27,04:48:06,,2025_01_27__04_48_06,MachineObservation,Cerro_Hoya_Expedition_Hoya_606m_grisMejua_2025-01-26_2025-01-26,Cerro_Hoya_Expedition_Hoya_606m_grisMejua_2025-01-26,grisMejua_2025_01_27__04_48_06_HDR0.jpg,grisMejua_2025_01_27__04_48_06_HDR0_0_Mothbot_yolo11m_4500_imgsz1600_b1_2024-01-18.pt.jpg
doi.org10.15468dl.6nxkw6.csv,Animalia,Arthropoda,Insecta,Diptera,,,,,811,,Diptera,Diptera,Cerro_Hoya_Expedition_Hoya_606m_grisMejua_2025-01-26,grisMejua_2025_01_27__04_48_06_HDR0_1_Mothbot_yolo11m_4500_imgsz1600_b1_2024-01-18.pt.jpg,HS,Mothbot_yolo11m_4500_imgsz1600_b1_2024-01-18.pt,0.7932020425796509,,grisMejua,Cerro_Hoya_Expedition/Hoya_606m_grisMejua_2025-01-26/2025-01-26/patches/grisMejua_2025_01_27__04_48_06_HDR0_1_Mothbot_yolo11m_4500_imgsz1600_b1_2024-01-18.pt.jpg,ORDER_Diptera,2025-01-27,04:48:06,,2025_01_27__04_48_06,MachineObservation,Cerro_Hoya_Expedition_Hoya_606m_grisMejua_2025-01-26_2025-01-26,Cerro_Hoya_Expedition_Hoya_606m_grisMejua_2025-01-26,grisMejua_2025_01_27__04_48_06_HDR0.jpg,grisMejua_2025_01_27__04_48_06_HDR0_1_Mothbot_yolo11m_4500_imgsz1600_b1_2024-01-18.pt.jpg
doi.org10.15468dl.6nxkw6.csv,Animalia,Arthropoda,Insecta,Hemiptera,,,,,809,,Hemiptera,Hemiptera,Cerro_Hoya_Expedition_Hoya_606m_grisMejua_2025-01-26,grisMejua_2025_01_27__04_48_06_HDR0_2_Mothbot_yolo11m_4500_imgsz1600_b1_2024-01-18.pt.jpg,HS,Mothbot_yolo11m_4500_imgsz1600_b1_2024-01-18.pt,0.7312696576118469,,grisMejua,Cerro_Hoya_Expedition/Hoya_606m_grisMejua_2025-01-26/2025-01-26/patches/grisMejua_2025_01_27__04_48_06_HDR0_2_Mothbot_yolo11m_4500_imgsz1600_b1_2024-01-18.pt.jpg,ORDER_Hemiptera,2025-01-27,04:48:06,,2025_01_27__04_48_06,MachineObservation,Cerro_Hoya_Expedition_Hoya_606m_grisMejua_2025-01-26_2025-01-26,Cerro_Hoya_Expedition_Hoya_606m_grisMejua_2025-01-26,grisMejua_2025_01_27__04_48_06_HDR0.jpg,grisMejua_2025_01_27__04_48_06_HDR0_2_Mothbot_yolo11m_4500_imgsz1600_b1_2024-01-18.pt.jpg
doi.org10.15468dl.6nxkw6.csv,Animalia,Arthropoda,Insecta,Diptera,,,,,811,,Diptera,Diptera,Cerro_Hoya_Expedition_Hoya_606m_grisMejua_2025-01-26,grisMejua_2025_01_27__04_48_06_HDR0_3_Mothbot_yolo11m_4500_imgsz1600_b1_2024-01-18.pt.jpg,HS,Mothbot_yolo11m_4500_imgsz1600_b1_2024-01-18.pt,0.5420815348625183,,grisMejua,Cerro_Hoya_Expedition/Hoya_606m_grisMejua_2025-01-26/2025-01-26/patches/grisMejua_2025_01_27__04_48_06_HDR0_3_Mothbot_yolo11m_4500_imgsz1600_b1_2024-01-18.pt.jpg,ORDER_Diptera,2025-01-27,04:48:06,,2025_01_27__04_48_06,MachineObservation,Cerro_Hoya_Expedition_Hoya_606m_grisMejua_2025-01-26_2025-01-26,Cerro_Hoya_Expedition_Hoya_606m_grisMejua_2025-01-26,grisMejua_2025_01_27__04_48_06_HDR0.jpg,grisMejua_2025_01_27__04_48_06_HDR0_3_Mothbot_yolo11m_4500_imgsz1600_b1_2024-01-18.pt.jpg
doi.org10.15468dl.6nxkw6.csv,Animalia,Arthropoda,Insecta,Lepidoptera,,,,,797,,Lepidoptera,Lepidoptera,Cerro_Hoya_Expedition_Hoya_606m_grisMejua_2025-01-26,grisMejua_2025_01_27__04_48_06_HDR0_4_Mothbot_yolo11m_4500_imgsz1600_b1_2024-01-18.pt.jpg,HS,Mothbot_yolo11m_4500_imgsz1600_b1_2024-01-18.pt,0.49802613258361816,,grisMejua,Cerro_Hoya_Expedition/Hoya_606m_grisMejua_2025-01-26/2025-01-26/patches/grisMejua_2025_01_27__04_48_06_HDR0_4_Mothbot_yolo11m_4500_imgsz1600_b1_2024-01-18.pt.jpg,ORDER_Lepidoptera,2025-01-27,04:48:06,,2025_01_27__04_48_06,MachineObservation,Cerro_Hoya_Expedition_Hoya_606m_grisMejua_2025-01-26_2025-01-26,Cerro_Hoya_Expedition_Hoya_606m_grisMejua_2025-01-26,grisMejua_2025_01_27__04_48_06_HDR0.jpg,grisMejua_2025_01_27__04_48_06_HDR0_4_Mothbot_yolo11m_4500_imgsz1600_b1_2024-01-18.pt.jpg
doi.org10.15468dl.6nxkw6.csv,Animalia,Arthropoda,Insecta,Hemiptera,,,,,809,,Hemiptera,Hemiptera,Cerro_Hoya_Expedition_Hoya_606m_grisMejua_2025-01-26,grisMejua_2025_01_27__04_49_05_HDR0_0_Mothbot_yolo11m_4500_imgsz1600_b1_2024-01-18.pt.jpg,HS,Mothbot_yolo11m_4500_imgsz1600_b1_2024-01-18.pt,0.7778289914131165,,grisMejua,Cerro_Hoya_Expedition/Hoya_606m_grisMejua_2025-01-26/2025-01-26/patches/grisMejua_2025_01_27__04_49_05_HDR0_0_Mothbot_yolo11m_4500_imgsz1600_b1_2024-01-18.pt.jpg,ORDER_Diptera,2025-01-27,04:49:05,,2025_01_27__04_49_05,MachineObservation,Cerro_Hoya_Expedition_Hoya_606m_grisMejua_2025-01-26_2025-01-26,Cerro_Hoya_Expedition_Hoya_606m_grisMejua_2025-01-26,grisMejua_2025_01_27__04_49_05_HDR0.jpg,grisMejua_2025_01_27__04_49_05_HDR0_0_Mothbot_yolo11m_4500_imgsz1600_b1_2024-01-18.pt.jpg
doi.org10.15468dl.6nxkw6.csv,Animalia,Arthropoda,Insecta,Diptera,,,,,811,,Diptera,Diptera,Cerro_Hoya_Expedition_Hoya_606m_grisMejua_2025-01-26,grisMejua_2025_01_27__04_49_05_HDR0_1_Mothbot_yolo11m_4500_imgsz1600_b1_2024-01-18.pt.jpg,HS,Mothbot_yolo11m_4500_imgsz1600_b1_2024-01-18.pt,0.7407197952270508,,grisMejua,Cerro_Hoya_Expedition/Hoya_606m_grisMejua_2025-01-26/2025-01-26/patches/grisMejua_2025_01_27__04_49_05_HDR0_1_Mothbot_yolo11m_4500_imgsz1600_b1_2024-01-18.pt.jpg,ORDER_Hymenoptera,2025-01-27,04:49:05,,2025_01_27__04_49_05,MachineObservation,Cerro_Hoya_Expedition_Hoya_606m_grisMejua_2025-01-26_2025-01-26,Cerro_Hoya_Expedition_Hoya_606m_grisMejua_2025-01-26,grisMejua_2025_01_27__04_49_05_HDR0.jpg,grisMejua_2025_01_27__04_49_05_HDR0_1_Mothbot_yolo11m_4500_imgsz1600_b1_2024-01-18.pt.jpg
doi.org10.15468dl.6nxkw6.csv,Animalia,Arthropoda,Insecta,Hemiptera,,,,,809,,Hemiptera,Hemiptera,Cerro_Hoya_Expedition_Hoya_606m_grisMejua_2025-01-26,grisMejua_2025_01_27__04_49_05_HDR0_2_Mothbot_yolo11m_4500_imgsz1600_b1_2024-01-18.pt.jpg,HS,Mothbot_yolo11m_4500_imgsz1600_b1_2024-01-18.pt,0.7135222554206848,,grisMejua,Cerro_Hoya_Expedition/Hoya_606m_grisMejua_2025-01-26/2025-01-26/patches/grisMejua_2025_01_27__04_49_05_HDR0_2_Mothbot_yolo11m_4500_imgsz1600_b1_2024-01-18.pt.jpg,ORDER_Psocodea,2025-01-27,04:49:05,,2025_01_27__04_49_05,MachineObservation,Cerro_Hoya_Expedition_Hoya_606m_grisMejua_2025-01-26_2025-01-26,Cerro_Hoya_Expedition_Hoya_606m_grisMejua_2025-01-26,grisMejua_2025_01_27__04_49_05_HDR0.jpg,grisMejua_2025_01_27__04_49_05_HDR0_2_Mothbot_yolo11m_4500_imgsz1600_b1_2024-01-18.pt.jpg
doi.org10.15468dl.6nxkw6.csv,Animalia,Arthropoda,Insecta,Hemiptera,,,,,809,,Hemiptera,Hemiptera,Cerro_Hoya_Expedition_Hoya_606m_grisMejua_2025-01-26,grisMejua_2025_01_27__04_49_05_HDR0_3_Mothbot_yolo11m_4500_imgsz1600_b1_2024-01-18.pt.jpg,HS,Mothbot_yolo11m_4500_imgsz1600_b1_2024-01-18.pt,0.7122122049331665,,grisMejua,Cerro_Hoya_Expedition/Hoya_606m_grisMejua_2025-01-26/2025-01-26/patches/grisMejua_2025_01_27__04_49_05_HDR0_3_Mothbot_yolo11m_4500_imgsz1600_b1_2024-01-18.pt.jpg,ORDER_Hemiptera,2025-01-27,04:49:05,,2025_01_27__04_49_05,MachineObservation,Cerro_Hoya_Expedition_Hoya_606m_grisMejua_2025-01-26_2025-01-26,Cerro_Hoya_Expedition_Hoya_606m_grisMejua_2025-01-26,grisMejua_2025_01_27__04_49_05_HDR0.jpg,grisMejua_2025_01_27__04_49_05_HDR0_3_Mothbot_yolo11m_4500_imgsz1600_b1_2024-01-18.pt.jpg
doi.org10.15468dl.6nxkw6.csv,Animalia,Arthropoda,Insecta,Diptera,,,,,811,,Diptera,Diptera,Cerro_Hoya_Expedition_Hoya_606m_grisMejua_2025-01-26,grisMejua_2025_01_27__04_49_05_HDR0_4_Mothbot_yolo11m_4500_imgsz1600_b1_2024-01-18.pt.jpg,HS,Mothbot_yolo11m_4500_imgsz1600_b1_2024-01-18.pt,0.504630446434021,,grisMejua,Cerro_Hoya_Expedition/Hoya_606m_grisMejua_2025-01-26/2025-01-26/patches/grisMejua_2025_01_27__04_49_05_HDR0_4_Mothbot_yolo11m_4500_imgsz1600_b1_2024-01-18.pt.jpg,ORDER_Diptera,2025-01-27,04:49:05,,2025_01_27__04_49_05,MachineObservation,Cerro_Hoya_Expedition_Hoya_606m_grisMejua_2025-01-26_2025-01-26,Cerro_Hoya_Expedition_Hoya_606m_grisMejua_2025-01-26,grisMejua_2025_01_27__04_49_05_HDR0.jpg,grisMejua_2025_01_27__04_49_05_HDR0_4_Mothbot_yolo11m_4500_imgsz1600_b1_2024-01-18.pt.jpg
doi.org10.15468dl.6nxkw6.csv,Animalia,Arthropoda,Insecta,Lepidoptera,,,,,797,,Lepidoptera,Lepidoptera,Cerro_Hoya_Expedition_Hoya_606m_grisMejua_2025-01-26,grisMejua_2025_01_27__04_49_05_HDR0_5_Mothbot_yolo11m_4500_imgsz1600_b1_2024-01-18.pt.jpg,HS,Mothbot_yolo11m_4500_imgsz1600_b1_2024-01-18.pt,0.4535277485847473,,grisMejua,Cerro_Hoya_Expedition/Hoya_606m_grisMejua_2025-01-26/2025-01-26/patches/grisMejua_2025_01_27__04_49_05_HDR0_5_Mothbot_yolo11m_4500_imgsz1600_b1_2024-01-18.pt.jpg,ORDER_Lepidoptera,2025-01-27,04:49:05,,2025_01_27__04_49_05,MachineObservation,Cerro_Hoya_Expedition_Hoya_606m_grisMejua_2025-01-26_2025-01-26,Cerro_Hoya_Expedition_Hoya_606m_grisMejua_2025-01-26,grisMejua_2025_01_27__04_49_05_HDR0.jpg,grisMejua_2025_01_27__04_49_05_HDR0_5_Mothbot_yolo11m_4500_imgsz1600_b1_2024-01-18.pt.jpg
doi.org10.15468dl.6nxkw6.csv,Animalia,Arthropoda,Insecta,Hemiptera,,,,,809,,Hemiptera,Hemiptera,Cerro_Hoya_Expedition_Hoya_606m_grisMejua_2025-01-26,grisMejua_2025_01_27__04_50_22_HDR0_0_Mothbot_yolo11m_4500_imgsz1600_b1_2024-01-18.pt.jpg,HS,Mothbot_yolo11m_4500_imgsz1600_b1_2024-01-18.pt,0.7560718655586243,,grisMejua,Cerro_Hoya_Expedition/Hoya_606m_grisMejua_2025-01-26/2025-01-26/patches/grisMejua_2025_01_27__04_50_22_HDR0_0_Mothbot_yolo11m_4500_imgsz1600_b1_2024-01-18.pt.jpg,ORDER_Hemiptera,2025-01-27,04:50:22,,2025_01_27__04_50_22,MachineObservation,Cerro_Hoya_Expedition_Hoya_606m_grisMejua_2025-01-26_2025-01-26,Cerro_Hoya_Expedition_Hoya_606m_grisMejua_2025-01-26,grisMejua_2025_01_27__04_50_22_HDR0.jpg,grisMejua_2025_01_27__04_50_22_HDR0_0_Mothbot_yolo11m_4500_imgsz1600_b1_2024-01-18.pt.jpg
doi.org10.15468dl.6nxkw6.csv,Animalia,Arthropoda,Insecta,Hemiptera,,,,,809,,Hemiptera,Hemiptera,Cerro_Hoya_Expedition_Hoya_606m_grisMejua_2025-01-26,grisMejua_2025_01_27__04_50_22_HDR0_1_Mothbot_yolo11m_4500_imgsz1600_b1_2024-01-18.pt.jpg,HS,Mothbot_yolo11m_4500_imgsz1600_b1_2024-01-18.pt,0.700206995010376,,grisMejua,Cerro_Hoya_Expedition/Hoya_606m_grisMejua_2025-01-26/2025-01-26/patches/grisMejua_2025_01_27__04_50_22_HDR0_1_Mothbot_yolo11m_4500_imgsz1600_b1_2024-01-18.pt.jpg,ORDER_Hemiptera,2025-01-27,04:50:22,,2025_01_27__04_50_22,MachineObservation,Cerro_Hoya_Expedition_Hoya_606m_grisMejua_2025-01-26_2025-01-26,Cerro_Hoya_Expedition_Hoya_606m_grisMejua_2025-01-26,grisMejua_2025_01_27__04_50_22_HDR0.jpg,grisMejua_2025_01_27__04_50_22_HDR0_1_Mothbot_yolo11m_4500_imgsz1600_b1_2024-01-18.pt.jpg
doi.org10.15468dl.6nxkw6.csv,Animalia,Arthropoda,Insecta,Hemiptera,,,,,809,,Hemiptera,Hemiptera,Cerro_Hoya_Expedition_Hoya_606m_grisMejua_2025-01-26,grisMejua_2025_01_27__04_50_22_HDR0_2_Mothbot_yolo11m_4500_imgsz1600_b1_2024-01-18.pt.jpg,HS,Mothbot_yolo11m_4500_imgsz1600_b1_2024-01-18.pt,0.6292036771774292,,grisMejua,Cerro_Hoya_Expedition/Hoya_606m_grisMejua_2025-01-26/2025-01-26/patches/grisMejua_2025_01_27__04_50_22_HDR0_2_Mothbot_yolo11m_4500_imgsz1600_b1_2024-01-18.pt.jpg,ORDER_Diptera,2025-01-27,04:50:22,,2025_01_27__04_50_22,MachineObservation,Cerro_Hoya_Expedition_Hoya_606m_grisMejua_2025-01-26_2025-01-26,Cerro_Hoya_Expedition_Hoya_606m_grisMejua_2025-01-26,grisMejua_2025_01_27__04_50_22_HDR0.jpg,grisMejua_2025_01_27__04_50_22_HDR0_2_Mothbot_yolo11m_4500_imgsz1600_b1_2024-01-18.pt.jpg
doi.org10.15468dl.6nxkw6.csv,Animalia,Arthropoda,Insecta,Hemiptera,,,,,809,,Hemiptera,Hemiptera,Cerro_Hoya_Expedition_Hoya_606m_grisMejua_2025-01-26,grisMejua_2025_01_27__04_50_22_HDR0_3_Mothbot_yolo11m_4500_imgsz1600_b1_2024-01-18.pt.jpg,HS,Mothbot_yolo11m_4500_imgsz1600_b1_2024-01-18.pt,0.6118972301483154,,grisMejua,Cerro_Hoya_Expedition/Hoya_606m_grisMejua_2025-01-26/2025-01-26/patches/grisMejua_2025_01_27__04_50_22_HDR0_3_Mothbot_yolo11m_4500_imgsz1600_b1_2024-01-18.pt.jpg,ORDER_Diptera,2025-01-27,04:50:22,,2025_01_27__04_50_22,MachineObservation,Cerro_Hoya_Expedition_Hoya_606m_grisMejua_2025-01-26_2025-01-26,Cerro_Hoya_Expedition_Hoya_606m_grisMejua_2025-01-26,grisMejua_2025_01_27__04_50_22_HDR0.jpg,grisMejua_2025_01_27__04_50_22_HDR0_3_Mothbot_yolo11m_4500_imgsz1600_b1_2024-01-18.pt.jpg
doi.org10.15468dl.6nxkw6.csv,Animalia,Arthropoda,Insecta,Hemiptera,,,,,809,,Hemiptera,Hemiptera,Cerro_Hoya_Expedition_Hoya_606m_grisMejua_2025-01-26,grisMejua_2025_01_27__04_50_22_HDR0_4_Mothbot_yolo11m_4500_imgsz1600_b1_2024-01-18.pt.jpg,HS,Mothbot_yolo11m_4500_imgsz1600_b1_2024-01-18.pt,0.5868167877197266,,grisMejua,Cerro_Hoya_Expedition/Hoya_606m_grisMejua_2025-01-26/2025-01-26/patches/grisMejua_2025_01_27__04_50_22_HDR0_4_Mothbot_yolo11m_4500_imgsz1600_b1_2024-01-18.pt.jpg,ORDER_Hemiptera,2025-01-27,04:50:22,,2025_01_27__04_50_22,MachineObservation,Cerro_Hoya_Expedition_Hoya_606m_grisMejua_2025-01-26_2025-01-26,Cerro_Hoya_Expedition_Hoya_606m_grisMejua_2025-01-26,grisMejua_2025_01_27__04_50_22_HDR0.jpg,grisMejua_2025_01_27__04_50_22_HDR0_4_Mothbot_yolo11m_4500_imgsz1600_b1_2024-01-18.pt.jpg
doi.org10.15468dl.6nxkw6.csv,Animalia,Arthropoda,Insecta,Diptera,,,,,811,,Diptera,Diptera,Cerro_Hoya_Expedition_Hoya_606m_grisMejua_2025-01-26,grisMejua_2025_01_27__04_50_22_HDR0_5_Mothbot_yolo11m_4500_imgsz1600_b1_2024-01-18.pt.jpg,HS,Mothbot_yolo11m_4500_imgsz1600_b1_2024-01-18.pt,0.5380418300628662,,grisMejua,Cerro_Hoya_Expedition/Hoya_606m_grisMejua_2025-01-26/2025-01-26/patches/grisMejua_2025_01_27__04_50_22_HDR0_5_Mothbot_yolo11m_4500_imgsz1600_b1_2024-01-18.pt.jpg,ORDER_Diptera,2025-01-27,04:50:22,,2025_01_27__04_50_22,MachineObservation,Cerro_Hoya_Expedition_Hoya_606m_grisMejua_2025-01-26_2025-01-26,Cerro_Hoya_Expedition_Hoya_606m_grisMejua_2025-01-26,grisMejua_2025_01_27__04_50_22_HDR0.jpg,grisMejua_2025_01_27__04_50_22_HDR0_5_Mothbot_yolo11m_4500_imgsz1600_b1_2024-01-18.pt.jpg
doi.org10.15468dl.6nxkw6.csv,Animalia,Arthropoda,Insecta,Lepidoptera,,,,,797,,Lepidoptera,Lepidoptera,Cerro_Hoya_Expedition_Hoya_606m_grisMejua_2025-01-26,grisMejua_2025_01_27__04_50_22_HDR0_6_Mothbot_yolo11m_4500_imgsz1600_b1_2024-01-18.pt.jpg,HS,Mothbot_yolo11m_4500_imgsz1600_b1_2024-01-18.pt,0.5341120362281799,,grisMejua,Cerro_Hoya_Expedition/Hoya_606m_grisMejua_2025-01-26/2025-01-26/patches/grisMejua_2025_01_27__04_50_22_HDR0_6_Mothbot_yolo11m_4500_imgsz1600_b1_2024-01-18.pt.jpg,ORDER_Lepidoptera,2025-01-27,04:50:22,,2025_01_27__04_50_22,MachineObservation,Cerro_Hoya_Expedition_Hoya_606m_grisMejua_2025-01-26_2025-01-26,Cerro_Hoya_Expedition_Hoya_606m_grisMejua_2025-01-26,grisMejua_2025_01_27__04_50_22_HDR0.jpg,grisMejua_2025_01_27__04_50_22_HDR0_6_Mothbot_yolo11m_4500_imgsz1600_b1_2024-01-18.pt.jpg
doi.org10.15468dl.6nxkw6.csv,Animalia,Arthropoda,Insecta,Diptera,,,,,811,,Diptera,Diptera,Cerro_Hoya_Expedition_Hoya_606m_grisMejua_2025-01-26,grisMejua_2025_01_27__04_50_22_HDR0_7_Mothbot_yolo11m_4500_imgsz1600_b1_2024-01-18.pt.jpg,HS,Mothbot_yolo11m_4500_imgsz1600_b1_2024-01-18.pt,0.2947031557559967,,grisMejua,Cerro_Hoya_Expedition/Hoya_606m_grisMejua_2025-01-26/2025-01-26/patches/grisMejua_2025_01_27__04_50_22_HDR0_7_Mothbot_yolo11m_4500_imgsz1600_b1_2024-01-18.pt.jpg,ORDER_Diptera,2025-01-27,04:50:22,,2025_01_27__04_50_22,MachineObservation,Cerro_Hoya_Expedition_Hoya_606m_grisMejua_2025-01-26_2025-01-26,Cerro_Hoya_Expedition_Hoya_606m_grisMejua_2025-01-26,grisMejua_2025_01_27__04_50_22_HDR0.jpg,grisMejua_2025_01_27__04_50_22_HDR0_7_Mothbot_yolo11m_4500_imgsz1600_b1_2024-01-18.pt.jpg
doi.org10.15468dl.6nxkw6.csv,Animalia,Arthropoda,Insecta,Hemiptera,,,,,809,,Hemiptera,Hemiptera,Cerro_Hoya_Expedition_Hoya_606m_grisMejua_2025-01-26,grisMejua_2025_01_27__04_51_06_HDR0_0_Mothbot_yolo11m_4500_imgsz1600_b1_2024-01-18.pt.jpg,HS,Mothbot_yolo11m_4500_imgsz1600_b1_2024-01-18.pt,0.7379512190818787,,grisMejua,Cerro_Hoya_Expedition/Hoya_606m_grisMejua_2025-01-26/2025-01-26/patches/grisMejua_2025_01_27__04_51_06_HDR0_0_Mothbot_yolo11m_4500_imgsz1600_b1_2024-01-18.pt.jpg,ORDER_Hemiptera,2025-01-27,04:51:06,,2025_01_27__04_51_06,MachineObservation,Cerro_Hoya_Expedition_Hoya_606m_grisMejua_2025-01-26_2025-01-26,Cerro_Hoya_Expedition_Hoya_606m_grisMejua_2025-01-26,grisMejua_2025_01_27__04_51_06_HDR0.jpg,grisMejua_2025_01_27__04_51_06_HDR0_0_Mothbot_yolo11m_4500_imgsz1600_b1_2024-01-18.pt.jpg
doi.org10.15468dl.6nxkw6.csv,Animalia,Arthropoda,Insecta,Hemiptera,,,,,809,,Hemiptera,Hemiptera,Cerro_Hoya_Expedition_Hoya_606m_grisMejua_2025-01-26,grisMejua_2025_01_27__04_51_06_HDR0_1_Mothbot_yolo11m_4500_imgsz1600_b1_2024-01-18.pt.jpg,HS,Mothbot_yolo11m_4500_imgsz1600_b1_2024-01-18.pt,0.7222952246665955,,grisMejua,Cerro_Hoya_Expedition/Hoya_606m_grisMejua_2025-01-26/2025-01-26/patches/grisMejua_2025_01_27__04_51_06_HDR0_1_Mothbot_yolo11m_4500_imgsz1600_b1_2024-01-18.pt.jpg,ORDER_Diptera,2025-01-27,04:51:06,,2025_01_27__04_51_06,MachineObservation,Cerro_Hoya_Expedition_Hoya_606m_grisMejua_2025-01-26_2025-01-26,Cerro_Hoya_Expedition_Hoya_606m_grisMejua_2025-01-26,grisMejua_2025_01_27__04_51_06_HDR0.jpg,grisMejua_2025_01_27__04_51_06_HDR0_1_Mothbot_yolo11m_4500_imgsz1600_b1_2024-01-18.pt.jpg
doi.org10.15468dl.6nxkw6.csv,Animalia,Arthropoda,Insecta,Hemiptera,,,,,809,,Hemiptera,Hemiptera,Cerro_Hoya_Expedition_Hoya_606m_grisMejua_2025-01-26,grisMejua_2025_01_27__04_51_06_HDR0_2_Mothbot_yolo11m_4500_imgsz1600_b1_2024-01-18.pt.jpg,HS,Mothbot_yolo11m_4500_imgsz1600_b1_2024-01-18.pt,0.6161659955978394,,grisMejua,Cerro_Hoya_Expedition/Hoya_606m_grisMejua_2025-01-26/2025-01-26/patches/grisMejua_2025_01_27__04_51_06_HDR0_2_Mothbot_yolo11m_4500_imgsz1600_b1_2024-01-18.pt.jpg,ORDER_Diptera,2025-01-27,04:51:06,,2025_01_27__04_51_06,MachineObservation,Cerro_Hoya_Expedition_Hoya_606m_grisMejua_2025-01-26_2025-01-26,Cerro_Hoya_Expedition_Hoya_606m_grisMejua_2025-01-26,grisMejua_2025_01_27__04_51_06_HDR0.jpg,grisMejua_2025_01_27__04_51_06_HDR0_2_Mothbot_yolo11m_4500_imgsz1600_b1_2024-01-18.pt.jpg
doi.org10.15468dl.6nxkw6.csv,Animalia,Arthropoda,Insecta,Hemiptera,,,,,809,,Hemiptera,Hemiptera,Cerro_Hoya_Expedition_Hoya_606m_grisMejua_2025-01-26,grisMejua_2025_01_27__04_51_06_HDR0_3_Mothbot_yolo11m_4500_imgsz1600_b1_2024-01-18.pt.jpg,HS,Mothbot_yolo11m_4500_imgsz1600_b1_2024-01-18.pt,0.6134440302848816,,grisMejua,Cerro_Hoya_Expedition/Hoya_606m_grisMejua_2025-01-26/2025-01-26/patches/grisMejua_2025_01_27__04_51_06_HDR0_3_Mothbot_yolo11m_4500_imgsz1600_b1_2024-01-18.pt.jpg,ORDER_Hemiptera,2025-01-27,04:51:06,,2025_01_27__04_51_06,MachineObservation,Cerro_Hoya_Expedition_Hoya_606m_grisMejua_2025-01-26_2025-01-26,Cerro_Hoya_Expedition_Hoya_606m_grisMejua_2025-01-26,grisMejua_2025_01_27__04_51_06_HDR0.jpg,grisMejua_2025_01_27__04_51_06_HDR0_3_Mothbot_yolo11m_4500_imgsz1600_b1_2024-01-18.pt.jpg
doi.org10.15468dl.6nxkw6.csv,Animalia,Arthropoda,Insecta,Diptera,,,,,811,,Diptera,Diptera,Cerro_Hoya_Expedition_Hoya_606m_grisMejua_2025-01-26,grisMejua_2025_01_27__04_51_06_HDR0_4_Mothbot_yolo11m_4500_imgsz1600_b1_2024-01-18.pt.jpg,HS,Mothbot_yolo11m_4500_imgsz1600_b1_2024-01-18.pt,0.5941208004951477,,grisMejua,Cerro_Hoya_Expedition/Hoya_606m_grisMejua_2025-01-26/2025-01-26/patches/grisMejua_2025_01_27__04_51_06_HDR0_4_Mothbot_yolo11m_4500_imgsz1600_b1_2024-01-18.pt.jpg,ORDER_Diptera,2025-01-27,04:51:06,,2025_01_27__04_51_06,MachineObservation,Cerro_Hoya_Expedition_Hoya_606m_grisMejua_2025-01-26_2025-01-26,Cerro_Hoya_Expedition_Hoya_606m_grisMejua_2025-01-26,grisMejua_2025_01_27__04_51_06_HDR0.jpg,grisMejua_2025_01_27__04_51_06_HDR0_4_Mothbot_yolo11m_4500_imgsz1600_b1_2024-01-18.pt.jpg
doi.org10.15468dl.6nxkw6.csv,Animalia,Arthropoda,Insecta,Lepidoptera,,,,,797,,Lepidoptera,Lepidoptera,Cerro_Hoya_Expedition_Hoya_606m_grisMejua_2025-01-26,grisMejua_2025_01_27__04_51_06_HDR0_5_Mothbot_yolo11m_4500_imgsz1600_b1_2024-01-18.pt.jpg,HS,Mothbot_yolo11m_4500_imgsz1600_b1_2024-01-18.pt,0.5116493701934814,,grisMejua,Cerro_Hoya_Expedition/Hoya_606m_grisMejua_2025-01-26/2025-01-26/patches/grisMejua_2025_01_27__04_51_06_HDR0_5_Mothbot_yolo11m_4500_imgsz1600_b1_2024-01-18.pt.jpg,ORDER_Lepidoptera,2025-01-27,04:51:06,,2025_01_27__04_51_06,MachineObservation,Cerro_Hoya_Expedition_Hoya_606m_grisMejua_2025-01-26_2025-01-26,Cerro_Hoya_Expedition_Hoya_606m_grisMejua_2025-01-26,grisMejua_2025_01_27__04_51_06_HDR0.jpg,grisMejua_2025_01_27__04_51_06_HDR0_5_Mothbot_yolo11m_4500_imgsz1600_b1_2024-01-18.pt.jpg
doi.org10.15468dl.6nxkw6.csv,Animalia,Arthropoda,Insecta,Diptera,,,,,811,,Diptera,Diptera,Cerro_Hoya_Expedition_Hoya_606m_grisMejua_2025-01-26,grisMejua_2025_01_27__04_51_06_HDR0_6_Mothbot_yolo11m_4500_imgsz1600_b1_2024-01-18.pt.jpg,HS,Mothbot_yolo11m_4500_imgsz1600_b1_2024-01-18.pt,0.4001634120941162,,grisMejua,Cerro_Hoya_Expedition/Hoya_606m_grisMejua_2025-01-26/2025-01-26/patches/grisMejua_2025_01_27__04_51_06_HDR0_6_Mothbot_yolo11m_4500_imgsz1600_b1_2024-01-18.pt.jpg,ORDER_Diptera,2025-01-27,04:51:06,,2025_01_27__04_51_06,MachineObservation,Cerro_Hoya_Expedition_Hoya_606m_grisMejua_2025-01-26_2025-01-26,Cerro_Hoya_Expedition_Hoya_606m_grisMejua_2025-01-26,grisMejua_2025_01_27__04_51_06_HDR0.jpg,grisMejua_2025_01_27__04_51_06_HDR0_6_Mothbot_yolo11m_4500_imgsz1600_b1_2024-01-18.pt.jpg
doi.org10.15468dl.6nxkw6.csv,Animalia,Arthropoda,Insecta,Lepidoptera,,,,,797,,Lepidoptera,Lepidoptera,Cerro_Hoya_Expedition_Hoya_606m_grisMejua_2025-01-26,grisMejua_2025_01_27__04_52_06_HDR0_0_Mothbot_yolo11m_4500_imgsz1600_b1_2024-01-18.pt.jpg,HS,Mothbot_yolo11m_4500_imgsz1600_b1_2024-01-18.pt,0.8653601408004761,,grisMejua,Cerro_Hoya_Expedition/Hoya_606m_grisMejua_2025-01-26/2025-01-26/patches/grisMejua_2025_01_27__04_52_06_HDR0_0_Mothbot_yolo11m_4500_imgsz1600_b1_2024-01-18.pt.jpg,ORDER_Lepidoptera,2025-01-27,04:52:06,,2025_01_27__04_52_06,MachineObservation,Cerro_Hoya_Expedition_Hoya_606m_grisMejua_2025-01-26_2025-01-26,Cerro_Hoya_Expedition_Hoya_606m_grisMejua_2025-01-26,grisMejua_2025_01_27__04_52_06_HDR0.jpg,grisMejua_2025_01_27__04_52_06_HDR0_0_Mothbot_yolo11m_4500_imgsz1600_b1_2024-01-18.pt.jpg
doi.org10.15468dl.6nxkw6.csv,Animalia,Arthropoda,Insecta,Hemiptera,,,,,809,,Hemiptera,Hemiptera,Cerro_Hoya_Expedition_Hoya_606m_grisMejua_2025-01-26,grisMejua_2025_01_27__04_52_06_HDR0_1_Mothbot_yolo11m_4500_imgsz1600_b1_2024-01-18.pt.jpg,HS,Mothbot_yolo11m_4500_imgsz1600_b1_2024-01-18.pt,0.7646152377128601,,grisMejua,Cerro_Hoya_Expedition/Hoya_606m_grisMejua_2025-01-26/2025-01-26/patches/grisMejua_2025_01_27__04_52_06_HDR0_1_Mothbot_yolo11m_4500_imgsz1600_b1_2024-01-18.pt.jpg,ORDER_Hemiptera,2025-01-27,04:52:06,,2025_01_27__04_52_06,MachineObservation,Cerro_Hoya_Expedition_Hoya_606m_grisMejua_2025-01-26_2025-01-26,Cerro_Hoya_Expedition_Hoya_606m_grisMejua_2025-01-26,grisMejua_2025_01_27__04_52_06_HDR0.jpg,grisMejua_2025_01_27__04_52_06_HDR0_1_Mothbot_yolo11m_4500_imgsz1600_b1_2024-01-18.pt.jpg
doi.org10.15468dl.6nxkw6.csv,Animalia,Arthropoda,Insecta,Diptera,,,,,811,,Diptera,Diptera,Cerro_Hoya_Expedition_Hoya_606m_grisMejua_2025-01-26,grisMejua_2025_01_27__04_52_06_HDR0_2_Mothbot_yolo11m_4500_imgsz1600_b1_2024-01-18.pt.jpg,HS,Mothbot_yolo11m_4500_imgsz1600_b1_2024-01-18.pt,0.7628145813941956,,grisMejua,Cerro_Hoya_Expedition/Hoya_606m_grisMejua_2025-01-26/2025-01-26/patches/grisMejua_2025_01_27__04_52_06_HDR0_2_Mothbot_yolo11m_4500_imgsz1600_b1_2024-01-18.pt.jpg,ORDER_Hemiptera,2025-01-27,04:52:06,,2025_01_27__04_52_06,MachineObservation,Cerro_Hoya_Expedition_Hoya_606m_grisMejua_2025-01-26_2025-01-26,Cerro_Hoya_Expedition_Hoya_606m_grisMejua_2025-01-26,grisMejua_2025_01_27__04_52_06_HDR0.jpg,grisMejua_2025_01_27__04_52_06_HDR0_2_Mothbot_yolo11m_4500_imgsz1600_b1_2024-01-18.pt.jpg
doi.org10.15468dl.6nxkw6.csv,Animalia,Arthropoda,Insecta,Hemiptera,,,,,809,,Hemiptera,Hemiptera,Cerro_Hoya_Expedition_Hoya_606m_grisMejua_2025-01-26,grisMejua_2025_01_27__04_52_06_HDR0_3_Mothbot_yolo11m_4500_imgsz1600_b1_2024-01-18.pt.jpg,HS,Mothbot_yolo11m_4500_imgsz1600_b1_2024-01-18.pt,0.7221122980117798,,grisMejua,Cerro_Hoya_Expedition/Hoya_606m_grisMejua_2025-01-26/2025-01-26/patches/grisMejua_2025_01_27__04_52_06_HDR0_3_Mothbot_yolo11m_4500_imgsz1600_b1_2024-01-18.pt.jpg,ORDER_Hemiptera,2025-01-27,04:52:06,,2025_01_27__04_52_06,MachineObservation,Cerro_Hoya_Expedition_Hoya_606m_grisMejua_2025-01-26_2025-01-26,Cerro_Hoya_Expedition_Hoya_606m_grisMejua_2025-01-26,grisMejua_2025_01_27__04_52_06_HDR0.jpg,grisMejua_2025_01_27__04_52_06_HDR0_3_Mothbot_yolo11m_4500_imgsz1600_b1_2024-01-18.pt.jpg
doi.org10.15468dl.6nxkw6.csv,Animalia,Arthropoda,Insecta,Hemiptera,,,,,809,,Hemiptera,Hemiptera,Cerro_Hoya_Expedition_Hoya_606m_grisMejua_2025-01-26,grisMejua_2025_01_27__04_52_06_HDR0_4_Mothbot_yolo11m_4500_imgsz1600_b1_2024-01-18.pt.jpg,HS,Mothbot_yolo11m_4500_imgsz1600_b1_2024-01-18.pt,0.676827073097229,,grisMejua,Cerro_Hoya_Expedition/Hoya_606m_grisMejua_2025-01-26/2025-01-26/patches/grisMejua_2025_01_27__04_52_06_HDR0_4_Mothbot_yolo11m_4500_imgsz1600_b1_2024-01-18.pt.jpg,ORDER_Hemiptera,2025-01-27,04:52:06,,2025_01_27__04_52_06,MachineObservation,Cerro_Hoya_Expedition_Hoya_606m_grisMejua_2025-01-26_2025-01-26,Cerro_Hoya_Expedition_Hoya_606m_grisMejua_2025-01-26,grisMejua_2025_01_27__04_52_06_HDR0.jpg,grisMejua_2025_01_27__04_52_06_HDR0_4_Mothbot_yolo11m_4500_imgsz1600_b1_2024-01-18.pt.jpg
doi.org10.15468dl.6nxkw6.csv,Animalia,Arthropoda,Insecta,Diptera,,,,,811,,Diptera,Diptera,Cerro_Hoya_Expedition_Hoya_606m_grisMejua_2025-01-26,grisMejua_2025_01_27__04_52_06_HDR0_5_Mothbot_yolo11m_4500_imgsz1600_b1_2024-01-18.pt.jpg,HS,Mothbot_yolo11m_4500_imgsz1600_b1_2024-01-18.pt,0.6570391654968262,,grisMejua,Cerro_Hoya_Expedition/Hoya_606m_grisMejua_2025-01-26/2025-01-26/patches/grisMejua_2025_01_27__04_52_06_HDR0_5_Mothbot_yolo11m_4500_imgsz1600_b1_2024-01-18.pt.jpg,ORDER_Diptera,2025-01-27,04:52:06,,2025_01_27__04_52_06,MachineObservation,Cerro_Hoya_Expedition_Hoya_606m_grisMejua_2025-01-26_2025-01-26,Cerro_Hoya_Expedition_Hoya_606m_grisMejua_2025-01-26,grisMejua_2025_01_27__04_52_06_HDR0.jpg,grisMejua_2025_01_27__04_52_06_HDR0_5_Mothbot_yolo11m_4500_imgsz1600_b1_2024-01-18.pt.jpg
doi.org10.15468dl.6nxkw6.csv,Animalia,Arthropoda,Insecta,Diptera,,,,,811,,Diptera,Diptera,Cerro_Hoya_Expedition_Hoya_606m_grisMejua_2025-01-26,grisMejua_2025_01_27__04_52_06_HDR0_6_Mothbot_yolo11m_4500_imgsz1600_b1_2024-01-18.pt.jpg,HS,Mothbot_yolo11m_4500_imgsz1600_b1_2024-01-18.pt,0.6056774258613586,,grisMejua,Cerro_Hoya_Expedition/Hoya_606m_grisMejua_2025-01-26/2025-01-26/patches/grisMejua_2025_01_27__04_52_06_HDR0_6_Mothbot_yolo11m_4500_imgsz1600_b1_2024-01-18.pt.jpg,ORDER_Diptera,2025-01-27,04:52:06,,2025_01_27__04_52_06,MachineObservation,Cerro_Hoya_Expedition_Hoya_606m_grisMejua_2025-01-26_2025-01-26,Cerro_Hoya_Expedition_Hoya_606m_grisMejua_2025-01-26,grisMejua_2025_01_27__04_52_06_HDR0.jpg,grisMejua_2025_01_27__04_52_06_HDR0_6_Mothbot_yolo11m_4500_imgsz1600_b1_2024-01-18.pt.jpg
doi.org10.15468dl.6nxkw6.csv,Animalia,Arthropoda,Insecta,Hemiptera,,,,,809,,Hemiptera,Hemiptera,Cerro_Hoya_Expedition_Hoya_606m_grisMejua_2025-01-26,grisMejua_2025_01_27__04_52_06_HDR0_7_Mothbot_yolo11m_4500_imgsz1600_b1_2024-01-18.pt.jpg,HS,Mothbot_yolo11m_4500_imgsz1600_b1_2024-01-18.pt,0.5289024710655212,,grisMejua,Cerro_Hoya_Expedition/Hoya_606m_grisMejua_2025-01-26/2025-01-26/patches/grisMejua_2025_01_27__04_52_06_HDR0_7_Mothbot_yolo11m_4500_imgsz1600_b1_2024-01-18.pt.jpg,ORDER_Diptera,2025-01-27,04:52:06,,2025_01_27__04_52_06,MachineObservation,Cerro_Hoya_Expedition_Hoya_606m_grisMejua_2025-01-26_2025-01-26,Cerro_Hoya_Expedition_Hoya_606m_grisMejua_2025-01-26,grisMejua_2025_01_27__04_52_06_HDR0.jpg,grisMejua_2025_01_27__04_52_06_HDR0_7_Mothbot_yolo11m_4500_imgsz1600_b1_2024-01-18.pt.jpg
doi.org10.15468dl.6nxkw6.csv,Animalia,Arthropoda,Insecta,Lepidoptera,,,,,797,,Lepidoptera,Lepidoptera,Cerro_Hoya_Expedition_Hoya_606m_grisMejua_2025-01-26,grisMejua_2025_01_27__04_52_06_HDR0_8_Mothbot_yolo11m_4500_imgsz1600_b1_2024-01-18.pt.jpg,HS,Mothbot_yolo11m_4500_imgsz1600_b1_2024-01-18.pt,0.4850921928882599,,grisMejua,Cerro_Hoya_Expedition/Hoya_606m_grisMejua_2025-01-26/2025-01-26/patches/grisMejua_2025_01_27__04_52_06_HDR0_8_Mothbot_yolo11m_4500_imgsz1600_b1_2024-01-18.pt.jpg,ORDER_Lepidoptera,2025-01-27,04:52:06,,2025_01_27__04_52_06,MachineObservation,Cerro_Hoya_Expedition_Hoya_606m_grisMejua_2025-01-26_2025-01-26,Cerro_Hoya_Expedition_Hoya_606m_grisMejua_2025-01-26,grisMejua_2025_01_27__04_52_06_HDR0.jpg,grisMejua_2025_01_27__04_52_06_HDR0_8_Mothbot_yolo11m_4500_imgsz1600_b1_2024-01-18.pt.jpg
doi.org10.15468dl.6nxkw6.csv,Animalia,Arthropoda,Insecta,Lepidoptera,,,,,797,,Lepidoptera,Lepidoptera,Cerro_Hoya_Expedition_Hoya_606m_grisMejua_2025-01-26,grisMejua_2025_01_27__04_53_05_HDR0_0_Mothbot_yolo11m_4500_imgsz1600_b1_2024-01-18.pt.jpg,HS,Mothbot_yolo11m_4500_imgsz1600_b1_2024-01-18.pt,0.8559023141860962,,grisMejua,Cerro_Hoya_Expedition/Hoya_606m_grisMejua_2025-01-26/2025-01-26/patches/grisMejua_2025_01_27__04_53_05_HDR0_0_Mothbot_yolo11m_4500_imgsz1600_b1_2024-01-18.pt.jpg,ORDER_Lepidoptera,2025-01-27,04:53:05,,2025_01_27__04_53_05,MachineObservation,Cerro_Hoya_Expedition_Hoya_606m_grisMejua_2025-01-26_2025-01-26,Cerro_Hoya_Expedition_Hoya_606m_grisMejua_2025-01-26,grisMejua_2025_01_27__04_53_05_HDR0.jpg,grisMejua_2025_01_27__04_53_05_HDR0_0_Mothbot_yolo11m_4500_imgsz1600_b1_2024-01-18.pt.jpg
doi.org10.15468dl.6nxkw6.csv,Animalia,Arthropoda,Insecta,Lepidoptera,,,,,797,,Lepidoptera,Lepidoptera,Cerro_Hoya_Expedition_Hoya_606m_grisMejua_2025-01-26,grisMejua_2025_01_27__04_53_05_HDR0_1_Mothbot_yolo11m_4500_imgsz1600_b1_2024-01-18.pt.jpg,HS,Mothbot_yolo11m_4500_imgsz1600_b1_2024-01-18.pt,0.8385040760040283,,grisMejua,Cerro_Hoya_Expedition/Hoya_606m_grisMejua_2025-01-26/2025-01-26/patches/grisMejua_2025_01_27__04_53_05_HDR0_1_Mothbot_yolo11m_4500_imgsz1600_b1_2024-01-18.pt.jpg,ORDER_Coleoptera,2025-01-27,04:53:05,,2025_01_27__04_53_05,MachineObservation,Cerro_Hoya_Expedition_Hoya_606m_grisMejua_2025-01-26_2025-01-26,Cerro_Hoya_Expedition_Hoya_606m_grisMejua_2025-01-26,grisMejua_2025_01_27__04_53_05_HDR0.jpg,grisMejua_2025_01_27__04_53_05_HDR0_1_Mothbot_yolo11m_4500_imgsz1600_b1_2024-01-18.pt.jpg
doi.org10.15468dl.6nxkw6.csv,Animalia,Arthropoda,Insecta,Hemiptera,,,,,809,,Hemiptera,Hemiptera,Cerro_Hoya_Expedition_Hoya_606m_grisMejua_2025-01-26,grisMejua_2025_01_27__04_53_05_HDR0_2_Mothbot_yolo11m_4500_imgsz1600_b1_2024-01-18.pt.jpg,HS,Mothbot_yolo11m_4500_imgsz1600_b1_2024-01-18.pt,0.7436282634735107,,grisMejua,Cerro_Hoya_Expedition/Hoya_606m_grisMejua_2025-01-26/2025-01-26/patches/grisMejua_2025_01_27__04_53_05_HDR0_2_Mothbot_yolo11m_4500_imgsz1600_b1_2024-01-18.pt.jpg,ORDER_Hemiptera,2025-01-27,04:53:05,,2025_01_27__04_53_05,MachineObservation,Cerro_Hoya_Expedition_Hoya_606m_grisMejua_2025-01-26_2025-01-26,Cerro_Hoya_Expedition_Hoya_606m_grisMejua_2025-01-26,grisMejua_2025_01_27__04_53_05_HDR0.jpg,grisMejua_2025_01_27__04_53_05_HDR0_2_Mothbot_yolo11m_4500_imgsz1600_b1_2024-01-18.pt.jpg
doi.org10.15468dl.6nxkw6.csv,Animalia,Arthropoda,Insecta,Diptera,,,,,811,,Diptera,Diptera,Cerro_Hoya_Expedition_Hoya_606m_grisMejua_2025-01-26,grisMejua_2025_01_27__04_53_05_HDR0_3_Mothbot_yolo11m_4500_imgsz1600_b1_2024-01-18.pt.jpg,HS,Mothbot_yolo11m_4500_imgsz1600_b1_2024-01-18.pt,0.7095634341239929,,grisMejua,Cerro_Hoya_Expedition/Hoya_606m_grisMejua_2025-01-26/2025-01-26/patches/grisMejua_2025_01_27__04_53_05_HDR0_3_Mothbot_yolo11m_4500_imgsz1600_b1_2024-01-18.pt.jpg,ORDER_Diptera,2025-01-27,04:53:05,,2025_01_27__04_53_05,MachineObservation,Cerro_Hoya_Expedition_Hoya_606m_grisMejua_2025-01-26_2025-01-26,Cerro_Hoya_Expedition_Hoya_606m_grisMejua_2025-01-26,grisMejua_2025_01_27__04_53_05_HDR0.jpg,grisMejua_2025_01_27__04_53_05_HDR0_3_Mothbot_yolo11m_4500_imgsz1600_b1_2024-01-18.pt.jpg
doi.org10.15468dl.6nxkw6.csv,Animalia,Arthropoda,Insecta,Diptera,,,,,811,,Diptera,Diptera,Cerro_Hoya_Expedition_Hoya_606m_grisMejua_2025-01-26,grisMejua_2025_01_27__04_53_05_HDR0_4_Mothbot_yolo11m_4500_imgsz1600_b1_2024-01-18.pt.jpg,HS,Mothbot_yolo11m_4500_imgsz1600_b1_2024-01-18.pt,0.6654707193374634,,grisMejua,Cerro_Hoya_Expedition/Hoya_606m_grisMejua_2025-01-26/2025-01-26/patches/grisMejua_2025_01_27__04_53_05_HDR0_4_Mothbot_yolo11m_4500_imgsz1600_b1_2024-01-18.pt.jpg,ORDER_Blattodea,2025-01-27,04:53:05,,2025_01_27__04_53_05,MachineObservation,Cerro_Hoya_Expedition_Hoya_606m_grisMejua_2025-01-26_2025-01-26,Cerro_Hoya_Expedition_Hoya_606m_grisMejua_2025-01-26,grisMejua_2025_01_27__04_53_05_HDR0.jpg,grisMejua_2025_01_27__04_53_05_HDR0_4_Mothbot_yolo11m_4500_imgsz1600_b1_2024-01-18.pt.jpg
doi.org10.15468dl.6nxkw6.csv,Animalia,Arthropoda,Insecta,Hemiptera,,,,,809,,Hemiptera,Hemiptera,Cerro_Hoya_Expedition_Hoya_606m_grisMejua_2025-01-26,grisMejua_2025_01_27__04_53_05_HDR0_5_Mothbot_yolo11m_4500_imgsz1600_b1_2024-01-18.pt.jpg,HS,Mothbot_yolo11m_4500_imgsz1600_b1_2024-01-18.pt,0.6432524919509888,,grisMejua,Cerro_Hoya_Expedition/Hoya_606m_grisMejua_2025-01-26/2025-01-26/patches/grisMejua_2025_01_27__04_53_05_HDR0_5_Mothbot_yolo11m_4500_imgsz1600_b1_2024-01-18.pt.jpg,ORDER_Lepidoptera,2025-01-27,04:53:05,,2025_01_27__04_53_05,MachineObservation,Cerro_Hoya_Expedition_Hoya_606m_grisMejua_2025-01-26_2025-01-26,Cerro_Hoya_Expedition_Hoya_606m_grisMejua_2025-01-26,grisMejua_2025_01_27__04_53_05_HDR0.jpg,grisMejua_2025_01_27__04_53_05_HDR0_5_Mothbot_yolo11m_4500_imgsz1600_b1_2024-01-18.pt.jpg
doi.org10.15468dl.6nxkw6.csv,Animalia,Arthropoda,Insecta,Diptera,,,,,811,,Diptera,Diptera,Cerro_Hoya_Expedition_Hoya_606m_grisMejua_2025-01-26,grisMejua_2025_01_27__04_53_05_HDR0_6_Mothbot_yolo11m_4500_imgsz1600_b1_2024-01-18.pt.jpg,HS,Mothbot_yolo11m_4500_imgsz1600_b1_2024-01-18.pt,0.5894652605056763,,grisMejua,Cerro_Hoya_Expedition/Hoya_606m_grisMejua_2025-01-26/2025-01-26/patches/grisMejua_2025_01_27__04_53_05_HDR0_6_Mothbot_yolo11m_4500_imgsz1600_b1_2024-01-18.pt.jpg,ORDER_Diptera,2025-01-27,04:53:05,,2025_01_27__04_53_05,MachineObservation,Cerro_Hoya_Expedition_Hoya_606m_grisMejua_2025-01-26_2025-01-26,Cerro_Hoya_Expedition_Hoya_606m_grisMejua_2025-01-26,grisMejua_2025_01_27__04_53_05_HDR0.jpg,grisMejua_2025_01_27__04_53_05_HDR0_6_Mothbot_yolo11m_4500_imgsz1600_b1_2024-01-18.pt.jpg
doi.org10.15468dl.6nxkw6.csv,Animalia,Arthropoda,Insecta,Hemiptera,,,,,809,,Hemiptera,Hemiptera,Cerro_Hoya_Expedition_Hoya_606m_grisMejua_2025-01-26,grisMejua_2025_01_27__04_53_05_HDR0_7_Mothbot_yolo11m_4500_imgsz1600_b1_2024-01-18.pt.jpg,HS,Mothbot_yolo11m_4500_imgsz1600_b1_2024-01-18.pt,0.5747519135475159,,grisMejua,Cerro_Hoya_Expedition/Hoya_606m_grisMejua_2025-01-26/2025-01-26/patches/grisMejua_2025_01_27__04_53_05_HDR0_7_Mothbot_yolo11m_4500_imgsz1600_b1_2024-01-18.pt.jpg,ORDER_Hemiptera,2025-01-27,04:53:05,,2025_01_27__04_53_05,MachineObservation,Cerro_Hoya_Expedition_Hoya_606m_grisMejua_2025-01-26_2025-01-26,Cerro_Hoya_Expedition_Hoya_606m_grisMejua_2025-01-26,grisMejua_2025_01_27__04_53_05_HDR0.jpg,grisMejua_2025_01_27__04_53_05_HDR0_7_Mothbot_yolo11m_4500_imgsz1600_b1_2024-01-18.pt.jpg
doi.org10.15468dl.6nxkw6.csv,Animalia,Arthropoda,Insecta,Hemiptera,,,,,809,,Hemiptera,Hemiptera,Cerro_Hoya_Expedition_Hoya_606m_grisMejua_2025-01-26,grisMejua_2025_01_27__04_53_05_HDR0_8_Mothbot_yolo11m_4500_imgsz1600_b1_2024-01-18.pt.jpg,HS,Mothbot_yolo11m_4500_imgsz1600_b1_2024-01-18.pt,0.5639603734016418,,grisMejua,Cerro_Hoya_Expedition/Hoya_606m_grisMejua_2025-01-26/2025-01-26/patches/grisMejua_2025_01_27__04_53_05_HDR0_8_Mothbot_yolo11m_4500_imgsz1600_b1_2024-01-18.pt.jpg,ORDER_Hemiptera,2025-01-27,04:53:05,,2025_01_27__04_53_05,MachineObservation,Cerro_Hoya_Expedition_Hoya_606m_grisMejua_2025-01-26_2025-01-26,Cerro_Hoya_Expedition_Hoya_606m_grisMejua_2025-01-26,grisMejua_2025_01_27__04_53_05_HDR0.jpg,grisMejua_2025_01_27__04_53_05_HDR0_8_Mothbot_yolo11m_4500_imgsz1600_b1_2024-01-18.pt.jpg
doi.org10.15468dl.6nxkw6.csv,Animalia,Arthropoda,Insecta,Hemiptera,,,,,809,,Hemiptera,Hemiptera,Cerro_Hoya_Expedition_Hoya_606m_grisMejua_2025-01-26,grisMejua_2025_01_27__04_53_05_HDR0_9_Mothbot_yolo11m_4500_imgsz1600_b1_2024-01-18.pt.jpg,HS,Mothbot_yolo11m_4500_imgsz1600_b1_2024-01-18.pt,0.339629203081131,,grisMejua,Cerro_Hoya_Expedition/Hoya_606m_grisMejua_2025-01-26/2025-01-26/patches/grisMejua_2025_01_27__04_53_05_HDR0_9_Mothbot_yolo11m_4500_imgsz1600_b1_2024-01-18.pt.jpg,ORDER_Lepidoptera,2025-01-27,04:53:05,,2025_01_27__04_53_05,MachineObservation,Cerro_Hoya_Expedition_Hoya_606m_grisMejua_2025-01-26_2025-01-26,Cerro_Hoya_Expedition_Hoya_606m_grisMejua_2025-01-26,grisMejua_2025_01_27__04_53_05_HDR0.jpg,grisMejua_2025_01_27__04_53_05_HDR0_9_Mothbot_yolo11m_4500_imgsz1600_b1_2024-01-18.pt.jpg
doi.org10.15468dl.6nxkw6.csv,Animalia,Arthropoda,Insecta,Lepidoptera,,,,,797,,Lepidoptera,Lepidoptera,Cerro_Hoya_Expedition_Hoya_606m_grisMejua_2025-01-26,grisMejua_2025_01_27__04_54_06_HDR0_0_Mothbot_yolo11m_4500_imgsz1600_b1_2024-01-18.pt.jpg,HS,Mothbot_yolo11m_4500_imgsz1600_b1_2024-01-18.pt,0.8744277358055115,,grisMejua,Cerro_Hoya_Expedition/Hoya_606m_grisMejua_2025-01-26/2025-01-26/patches/grisMejua_2025_01_27__04_54_06_HDR0_0_Mothbot_yolo11m_4500_imgsz1600_b1_2024-01-18.pt.jpg,ORDER_Lepidoptera,2025-01-27,04:54:06,,2025_01_27__04_54_06,MachineObservation,Cerro_Hoya_Expedition_Hoya_606m_grisMejua_2025-01-26_2025-01-26,Cerro_Hoya_Expedition_Hoya_606m_grisMejua_2025-01-26,grisMejua_2025_01_27__04_54_06_HDR0.jpg,grisMejua_2025_01_27__04_54_06_HDR0_0_Mothbot_yolo11m_4500_imgsz1600_b1_2024-01-18.pt.jpg
doi.org10.15468dl.6nxkw6.csv,Animalia,Arthropoda,Insecta,Lepidoptera,,,,,797,,Lepidoptera,Lepidoptera,Cerro_Hoya_Expedition_Hoya_606m_grisMejua_2025-01-26,grisMejua_2025_01_27__04_54_06_HDR0_1_Mothbot_yolo11m_4500_imgsz1600_b1_2024-01-18.pt.jpg,HS,Mothbot_yolo11m_4500_imgsz1600_b1_2024-01-18.pt,0.842800498008728,,grisMejua,Cerro_Hoya_Expedition/Hoya_606m_grisMejua_2025-01-26/2025-01-26/patches/grisMejua_2025_01_27__04_54_06_HDR0_1_Mothbot_yolo11m_4500_imgsz1600_b1_2024-01-18.pt.jpg,ORDER_Coleoptera,2025-01-27,04:54:06,,2025_01_27__04_54_06,MachineObservation,Cerro_Hoya_Expedition_Hoya_606m_grisMejua_2025-01-26_2025-01-26,Cerro_Hoya_Expedition_Hoya_606m_grisMejua_2025-01-26,grisMejua_2025_01_27__04_54_06_HDR0.jpg,grisMejua_2025_01_27__04_54_06_HDR0_1_Mothbot_yolo11m_4500_imgsz1600_b1_2024-01-18.pt.jpg
doi.org10.15468dl.6nxkw6.csv,Animalia,Arthropoda,Insecta,Hemiptera,,,,,809,,Hemiptera,Hemiptera,Cerro_Hoya_Expedition_Hoya_606m_grisMejua_2025-01-26,grisMejua_2025_01_27__04_54_06_HDR0_2_Mothbot_yolo11m_4500_imgsz1600_b1_2024-01-18.pt.jpg,HS,Mothbot_yolo11m_4500_imgsz1600_b1_2024-01-18.pt,0.7454752922058105,,grisMejua,Cerro_Hoya_Expedition/Hoya_606m_grisMejua_2025-01-26/2025-01-26/patches/grisMejua_2025_01_27__04_54_06_HDR0_2_Mothbot_yolo11m_4500_imgsz1600_b1_2024-01-18.pt.jpg,ORDER_Hemiptera,2025-01-27,04:54:06,,2025_01_27__04_54_06,MachineObservation,Cerro_Hoya_Expedition_Hoya_606m_grisMejua_2025-01-26_2025-01-26,Cerro_Hoya_Expedition_Hoya_606m_grisMejua_2025-01-26,grisMejua_2025_01_27__04_54_06_HDR0.jpg,grisMejua_2025_01_27__04_54_06_HDR0_2_Mothbot_yolo11m_4500_imgsz1600_b1_2024-01-18.pt.jpg
doi.org10.15468dl.6nxkw6.csv,Animalia,Arthropoda,Insecta,Hemiptera,,,,,809,,Hemiptera,Hemiptera,Cerro_Hoya_Expedition_Hoya_606m_grisMejua_2025-01-26,grisMejua_2025_01_27__04_54_06_HDR0_3_Mothbot_yolo11m_4500_imgsz1600_b1_2024-01-18.pt.jpg,HS,Mothbot_yolo11m_4500_imgsz1600_b1_2024-01-18.pt,0.7207739949226379,,grisMejua,Cerro_Hoya_Expedition/Hoya_606m_grisMejua_2025-01-26/2025-01-26/patches/grisMejua_2025_01_27__04_54_06_HDR0_3_Mothbot_yolo11m_4500_imgsz1600_b1_2024-01-18.pt.jpg,ORDER_Hemiptera,2025-01-27,04:54:06,,2025_01_27__04_54_06,MachineObservation,Cerro_Hoya_Expedition_Hoya_606m_grisMejua_2025-01-26_2025-01-26,Cerro_Hoya_Expedition_Hoya_606m_grisMejua_2025-01-26,grisMejua_2025_01_27__04_54_06_HDR0.jpg,grisMejua_2025_01_27__04_54_06_HDR0_3_Mothbot_yolo11m_4500_imgsz1600_b1_2024-01-18.pt.jpg
doi.org10.15468dl.6nxkw6.csv,Animalia,Arthropoda,Insecta,Diptera,,,,,811,,Diptera,Diptera,Cerro_Hoya_Expedition_Hoya_606m_grisMejua_2025-01-26,grisMejua_2025_01_27__04_54_06_HDR0_4_Mothbot_yolo11m_4500_imgsz1600_b1_2024-01-18.pt.jpg,HS,Mothbot_yolo11m_4500_imgsz1600_b1_2024-01-18.pt,0.6793034076690674,,grisMejua,Cerro_Hoya_Expedition/Hoya_606m_grisMejua_2025-01-26/2025-01-26/patches/grisMejua_2025_01_27__04_54_06_HDR0_4_Mothbot_yolo11m_4500_imgsz1600_b1_2024-01-18.pt.jpg,ORDER_Hymenoptera,2025-01-27,04:54:06,,2025_01_27__04_54_06,MachineObservation,Cerro_Hoya_Expedition_Hoya_606m_grisMejua_2025-01-26_2025-01-26,Cerro_Hoya_Expedition_Hoya_606m_grisMejua_2025-01-26,grisMejua_2025_01_27__04_54_06_HDR0.jpg,grisMejua_2025_01_27__04_54_06_HDR0_4_Mothbot_yolo11m_4500_imgsz1600_b1_2024-01-18.pt.jpg
doi.org10.15468dl.6nxkw6.csv,Animalia,Arthropoda,Insecta,Hemiptera,,,,,809,,Hemiptera,Hemiptera,Cerro_Hoya_Expedition_Hoya_606m_grisMejua_2025-01-26,grisMejua_2025_01_27__04_54_06_HDR0_5_Mothbot_yolo11m_4500_imgsz1600_b1_2024-01-18.pt.jpg,HS,Mothbot_yolo11m_4500_imgsz1600_b1_2024-01-18.pt,0.6731976270675659,,grisMejua,Cerro_Hoya_Expedition/Hoya_606m_grisMejua_2025-01-26/2025-01-26/patches/grisMejua_2025_01_27__04_54_06_HDR0_5_Mothbot_yolo11m_4500_imgsz1600_b1_2024-01-18.pt.jpg,ORDER_Hemiptera,2025-01-27,04:54:06,,2025_01_27__04_54_06,MachineObservation,Cerro_Hoya_Expedition_Hoya_606m_grisMejua_2025-01-26_2025-01-26,Cerro_Hoya_Expedition_Hoya_606m_grisMejua_2025-01-26,grisMejua_2025_01_27__04_54_06_HDR0.jpg,grisMejua_2025_01_27__04_54_06_HDR0_5_Mothbot_yolo11m_4500_imgsz1600_b1_2024-01-18.pt.jpg
doi.org10.15468dl.6nxkw6.csv,Animalia,Arthropoda,Insecta,Diptera,,,,,811,,Diptera,Diptera,Cerro_Hoya_Expedition_Hoya_606m_grisMejua_2025-01-26,grisMejua_2025_01_27__04_54_06_HDR0_6_Mothbot_yolo11m_4500_imgsz1600_b1_2024-01-18.pt.jpg,HS,Mothbot_yolo11m_4500_imgsz1600_b1_2024-01-18.pt,0.6720232963562012,,grisMejua,Cerro_Hoya_Expedition/Hoya_606m_grisMejua_2025-01-26/2025-01-26/patches/grisMejua_2025_01_27__04_54_06_HDR0_6_Mothbot_yolo11m_4500_imgsz1600_b1_2024-01-18.pt.jpg,ORDER_Diptera,2025-01-27,04:54:06,,2025_01_27__04_54_06,MachineObservation,Cerro_Hoya_Expedition_Hoya_606m_grisMejua_2025-01-26_2025-01-26,Cerro_Hoya_Expedition_Hoya_606m_grisMejua_2025-01-26,grisMejua_2025_01_27__04_54_06_HDR0.jpg,grisMejua_2025_01_27__04_54_06_HDR0_6_Mothbot_yolo11m_4500_imgsz1600_b1_2024-01-18.pt.jpg
doi.org10.15468dl.6nxkw6.csv,Animalia,Arthropoda,Insecta,Diptera,,,,,811,,Diptera,Diptera,Cerro_Hoya_Expedition_Hoya_606m_grisMejua_2025-01-26,grisMejua_2025_01_27__04_54_06_HDR0_7_Mothbot_yolo11m_4500_imgsz1600_b1_2024-01-18.pt.jpg,HS,Mothbot_yolo11m_4500_imgsz1600_b1_2024-01-18.pt,0.619717538356781,,grisMejua,Cerro_Hoya_Expedition/Hoya_606m_grisMejua_2025-01-26/2025-01-26/patches/grisMejua_2025_01_27__04_54_06_HDR0_7_Mothbot_yolo11m_4500_imgsz1600_b1_2024-01-18.pt.jpg,ORDER_Diptera,2025-01-27,04:54:06,,2025_01_27__04_54_06,MachineObservation,Cerro_Hoya_Expedition_Hoya_606m_grisMejua_2025-01-26_2025-01-26,Cerro_Hoya_Expedition_Hoya_606m_grisMejua_2025-01-26,grisMejua_2025_01_27__04_54_06_HDR0.jpg,grisMejua_2025_01_27__04_54_06_HDR0_7_Mothbot_yolo11m_4500_imgsz1600_b1_2024-01-18.pt.jpg
doi.org10.15468dl.6nxkw6.csv,Animalia,Arthropoda,Insecta,Hemiptera,,,,,809,,Hemiptera,Hemiptera,Cerro_Hoya_Expedition_Hoya_606m_grisMejua_2025-01-26,grisMejua_2025_01_27__04_54_06_HDR0_8_Mothbot_yolo11m_4500_imgsz1600_b1_2024-01-18.pt.jpg,HS,Mothbot_yolo11m_4500_imgsz1600_b1_2024-01-18.pt,0.5176315307617188,,grisMejua,Cerro_Hoya_Expedition/Hoya_606m_grisMejua_2025-01-26/2025-01-26/patches/grisMejua_2025_01_27__04_54_06_HDR0_8_Mothbot_yolo11m_4500_imgsz1600_b1_2024-01-18.pt.jpg,ORDER_Hemiptera,2025-01-27,04:54:06,,2025_01_27__04_54_06,MachineObservation,Cerro_Hoya_Expedition_Hoya_606m_grisMejua_2025-01-26_2025-01-26,Cerro_Hoya_Expedition_Hoya_606m_grisMejua_2025-01-26,grisMejua_2025_01_27__04_54_06_HDR0.jpg,grisMejua_2025_01_27__04_54_06_HDR0_8_Mothbot_yolo11m_4500_imgsz1600_b1_2024-01-18.pt.jpg
doi.org10.15468dl.6nxkw6.csv,Animalia,Arthropoda,Insecta,Lepidoptera,,,,,797,,Lepidoptera,Lepidoptera,Cerro_Hoya_Expedition_Hoya_606m_grisMejua_2025-01-26,grisMejua_2025_01_27__04_55_06_HDR0_0_Mothbot_yolo11m_4500_imgsz1600_b1_2024-01-18.pt.jpg,HS,Mothbot_yolo11m_4500_imgsz1600_b1_2024-01-18.pt,0.8692499399185181,,grisMejua,Cerro_Hoya_Expedition/Hoya_606m_grisMejua_2025-01-26/2025-01-26/patches/grisMejua_2025_01_27__04_55_06_HDR0_0_Mothbot_yolo11m_4500_imgsz1600_b1_2024-01-18.pt.jpg,ORDER_Lepidoptera,2025-01-27,04:55:06,,2025_01_27__04_55_06,MachineObservation,Cerro_Hoya_Expedition_Hoya_606m_grisMejua_2025-01-26_2025-01-26,Cerro_Hoya_Expedition_Hoya_606m_grisMejua_2025-01-26,grisMejua_2025_01_27__04_55_06_HDR0.jpg,grisMejua_2025_01_27__04_55_06_HDR0_0_Mothbot_yolo11m_4500_imgsz1600_b1_2024-01-18.pt.jpg
doi.org10.15468dl.6nxkw6.csv,Animalia,Arthropoda,Insecta,Lepidoptera,,,,,797,,Lepidoptera,Lepidoptera,Cerro_Hoya_Expedition_Hoya_606m_grisMejua_2025-01-26,grisMejua_2025_01_27__04_55_06_HDR0_1_Mothbot_yolo11m_4500_imgsz1600_b1_2024-01-18.pt.jpg,HS,Mothbot_yolo11m_4500_imgsz1600_b1_2024-01-18.pt,0.84474778175354,,grisMejua,Cerro_Hoya_Expedition/Hoya_606m_grisMejua_2025-01-26/2025-01-26/patches/grisMejua_2025_01_27__04_55_06_HDR0_1_Mothbot_yolo11m_4500_imgsz1600_b1_2024-01-18.pt.jpg,ORDER_Lepidoptera,2025-01-27,04:55:06,,2025_01_27__04_55_06,MachineObservation,Cerro_Hoya_Expedition_Hoya_606m_grisMejua_2025-01-26_2025-01-26,Cerro_Hoya_Expedition_Hoya_606m_grisMejua_2025-01-26,grisMejua_2025_01_27__04_55_06_HDR0.jpg,grisMejua_2025_01_27__04_55_06_HDR0_1_Mothbot_yolo11m_4500_imgsz1600_b1_2024-01-18.pt.jpg
doi.org10.15468dl.6nxkw6.csv,Animalia,Arthropoda,Insecta,Hemiptera,,,,,809,,Hemiptera,Hemiptera,Cerro_Hoya_Expedition_Hoya_606m_grisMejua_2025-01-26,grisMejua_2025_01_27__04_55_06_HDR0_2_Mothbot_yolo11m_4500_imgsz1600_b1_2024-01-18.pt.jpg,HS,Mothbot_yolo11m_4500_imgsz1600_b1_2024-01-18.pt,0.7513126134872437,,grisMejua,Cerro_Hoya_Expedition/Hoya_606m_grisMejua_2025-01-26/2025-01-26/patches/grisMejua_2025_01_27__04_55_06_HDR0_2_Mothbot_yolo11m_4500_imgsz1600_b1_2024-01-18.pt.jpg,ORDER_Hemiptera,2025-01-27,04:55:06,,2025_01_27__04_55_06,MachineObservation,Cerro_Hoya_Expedition_Hoya_606m_grisMejua_2025-01-26_2025-01-26,Cerro_Hoya_Expedition_Hoya_606m_grisMejua_2025-01-26,grisMejua_2025_01_27__04_55_06_HDR0.jpg,grisMejua_2025_01_27__04_55_06_HDR0_2_Mothbot_yolo11m_4500_imgsz1600_b1_2024-01-18.pt.jpg
doi.org10.15468dl.6nxkw6.csv,Animalia,Arthropoda,Insecta,Hemiptera,,,,,809,,Hemiptera,Hemiptera,Cerro_Hoya_Expedition_Hoya_606m_grisMejua_2025-01-26,grisMejua_2025_01_27__04_55_06_HDR0_3_Mothbot_yolo11m_4500_imgsz1600_b1_2024-01-18.pt.jpg,HS,Mothbot_yolo11m_4500_imgsz1600_b1_2024-01-18.pt,0.6882967948913574,,grisMejua,Cerro_Hoya_Expedition/Hoya_606m_grisMejua_2025-01-26/2025-01-26/patches/grisMejua_2025_01_27__04_55_06_HDR0_3_Mothbot_yolo11m_4500_imgsz1600_b1_2024-01-18.pt.jpg,ORDER_Hemiptera,2025-01-27,04:55:06,,2025_01_27__04_55_06,MachineObservation,Cerro_Hoya_Expedition_Hoya_606m_grisMejua_2025-01-26_2025-01-26,Cerro_Hoya_Expedition_Hoya_606m_grisMejua_2025-01-26,grisMejua_2025_01_27__04_55_06_HDR0.jpg,grisMejua_2025_01_27__04_55_06_HDR0_3_Mothbot_yolo11m_4500_imgsz1600_b1_2024-01-18.pt.jpg
doi.org10.15468dl.6nxkw6.csv,Animalia,Arthropoda,Insecta,Diptera,,,,,811,,Diptera,Diptera,Cerro_Hoya_Expedition_Hoya_606m_grisMejua_2025-01-26,grisMejua_2025_01_27__04_55_06_HDR0_4_Mothbot_yolo11m_4500_imgsz1600_b1_2024-01-18.pt.jpg,HS,Mothbot_yolo11m_4500_imgsz1600_b1_2024-01-18.pt,0.6484385132789612,,grisMejua,Cerro_Hoya_Expedition/Hoya_606m_grisMejua_2025-01-26/2025-01-26/patches/grisMejua_2025_01_27__04_55_06_HDR0_4_Mothbot_yolo11m_4500_imgsz1600_b1_2024-01-18.pt.jpg,ORDER_Diptera,2025-01-27,04:55:06,,2025_01_27__04_55_06,MachineObservation,Cerro_Hoya_Expedition_Hoya_606m_grisMejua_2025-01-26_2025-01-26,Cerro_Hoya_Expedition_Hoya_606m_grisMejua_2025-01-26,grisMejua_2025_01_27__04_55_06_HDR0.jpg,grisMejua_2025_01_27__04_55_06_HDR0_4_Mothbot_yolo11m_4500_imgsz1600_b1_2024-01-18.pt.jpg
doi.org10.15468dl.6nxkw6.csv,Animalia,Arthropoda,Insecta,Diptera,,,,,811,,Diptera,Diptera,Cerro_Hoya_Expedition_Hoya_606m_grisMejua_2025-01-26,grisMejua_2025_01_27__04_55_06_HDR0_5_Mothbot_yolo11m_4500_imgsz1600_b1_2024-01-18.pt.jpg,HS,Mothbot_yolo11m_4500_imgsz1600_b1_2024-01-18.pt,0.6068225502967834,,grisMejua,Cerro_Hoya_Expedition/Hoya_606m_grisMejua_2025-01-26/2025-01-26/patches/grisMejua_2025_01_27__04_55_06_HDR0_5_Mothbot_yolo11m_4500_imgsz1600_b1_2024-01-18.pt.jpg,ORDER_Diptera,2025-01-27,04:55:06,,2025_01_27__04_55_06,MachineObservation,Cerro_Hoya_Expedition_Hoya_606m_grisMejua_2025-01-26_2025-01-26,Cerro_Hoya_Expedition_Hoya_606m_grisMejua_2025-01-26,grisMejua_2025_01_27__04_55_06_HDR0.jpg,grisMejua_2025_01_27__04_55_06_HDR0_5_Mothbot_yolo11m_4500_imgsz1600_b1_2024-01-18.pt.jpg
doi.org10.15468dl.6nxkw6.csv,Animalia,Arthropoda,Insecta,Hemiptera,,,,,809,,Hemiptera,Hemiptera,Cerro_Hoya_Expedition_Hoya_606m_grisMejua_2025-01-26,grisMejua_2025_01_27__04_55_06_HDR0_6_Mothbot_yolo11m_4500_imgsz1600_b1_2024-01-18.pt.jpg,HS,Mothbot_yolo11m_4500_imgsz1600_b1_2024-01-18.pt,0.5584499835968018,,grisMejua,Cerro_Hoya_Expedition/Hoya_606m_grisMejua_2025-01-26/2025-01-26/patches/grisMejua_2025_01_27__04_55_06_HDR0_6_Mothbot_yolo11m_4500_imgsz1600_b1_2024-01-18.pt.jpg,ORDER_Hemiptera,2025-01-27,04:55:06,,2025_01_27__04_55_06,MachineObservation,Cerro_Hoya_Expedition_Hoya_606m_grisMejua_2025-01-26_2025-01-26,Cerro_Hoya_Expedition_Hoya_606m_grisMejua_2025-01-26,grisMejua_2025_01_27__04_55_06_HDR0.jpg,grisMejua_2025_01_27__04_55_06_HDR0_6_Mothbot_yolo11m_4500_imgsz1600_b1_2024-01-18.pt.jpg
doi.org10.15468dl.6nxkw6.csv,Animalia,Arthropoda,Insecta,Diptera,,,,,811,,Diptera,Diptera,Cerro_Hoya_Expedition_Hoya_606m_grisMejua_2025-01-26,grisMejua_2025_01_27__04_55_06_HDR0_7_Mothbot_yolo11m_4500_imgsz1600_b1_2024-01-18.pt.jpg,HS,Mothbot_yolo11m_4500_imgsz1600_b1_2024-01-18.pt,0.5556260943412781,,grisMejua,Cerro_Hoya_Expedition/Hoya_606m_grisMejua_2025-01-26/2025-01-26/patches/grisMejua_2025_01_27__04_55_06_HDR0_7_Mothbot_yolo11m_4500_imgsz1600_b1_2024-01-18.pt.jpg,ORDER_Diptera,2025-01-27,04:55:06,,2025_01_27__04_55_06,MachineObservation,Cerro_Hoya_Expedition_Hoya_606m_grisMejua_2025-01-26_2025-01-26,Cerro_Hoya_Expedition_Hoya_606m_grisMejua_2025-01-26,grisMejua_2025_01_27__04_55_06_HDR0.jpg,grisMejua_2025_01_27__04_55_06_HDR0_7_Mothbot_yolo11m_4500_imgsz1600_b1_2024-01-18.pt.jpg
doi.org10.15468dl.6nxkw6.csv,Animalia,Arthropoda,Insecta,Lepidoptera,,,,,797,,Lepidoptera,Lepidoptera,Cerro_Hoya_Expedition_Hoya_606m_grisMejua_2025-01-26,grisMejua_2025_01_27__04_56_06_HDR0_0_Mothbot_yolo11m_4500_imgsz1600_b1_2024-01-18.pt.jpg,HS,Mothbot_yolo11m_4500_imgsz1600_b1_2024-01-18.pt,0.8875072002410889,,grisMejua,Cerro_Hoya_Expedition/Hoya_606m_grisMejua_2025-01-26/2025-01-26/patches/grisMejua_2025_01_27__04_56_06_HDR0_0_Mothbot_yolo11m_4500_imgsz1600_b1_2024-01-18.pt.jpg,ORDER_Lepidoptera,2025-01-27,04:56:06,,2025_01_27__04_56_06,MachineObservation,Cerro_Hoya_Expedition_Hoya_606m_grisMejua_2025-01-26_2025-01-26,Cerro_Hoya_Expedition_Hoya_606m_grisMejua_2025-01-26,grisMejua_2025_01_27__04_56_06_HDR0.jpg,grisMejua_2025_01_27__04_56_06_HDR0_0_Mothbot_yolo11m_4500_imgsz1600_b1_2024-01-18.pt.jpg
doi.org10.15468dl.6nxkw6.csv,Animalia,Arthropoda,Insecta,Lepidoptera,,,,,797,,Lepidoptera,Lepidoptera,Cerro_Hoya_Expedition_Hoya_606m_grisMejua_2025-01-26,grisMejua_2025_01_27__04_56_06_HDR0_1_Mothbot_yolo11m_4500_imgsz1600_b1_2024-01-18.pt.jpg,HS,Mothbot_yolo11m_4500_imgsz1600_b1_2024-01-18.pt,0.8244863748550415,,grisMejua,Cerro_Hoya_Expedition/Hoya_606m_grisMejua_2025-01-26/2025-01-26/patches/grisMejua_2025_01_27__04_56_06_HDR0_1_Mothbot_yolo11m_4500_imgsz1600_b1_2024-01-18.pt.jpg,ORDER_Coleoptera,2025-01-27,04:56:06,,2025_01_27__04_56_06,MachineObservation,Cerro_Hoya_Expedition_Hoya_606m_grisMejua_2025-01-26_2025-01-26,Cerro_Hoya_Expedition_Hoya_606m_grisMejua_2025-01-26,grisMejua_2025_01_27__04_56_06_HDR0.jpg,grisMejua_2025_01_27__04_56_06_HDR0_1_Mothbot_yolo11m_4500_imgsz1600_b1_2024-01-18.pt.jpg
doi.org10.15468dl.6nxkw6.csv,Animalia,Arthropoda,Insecta,Hemiptera,,,,,809,,Hemiptera,Hemiptera,Cerro_Hoya_Expedition_Hoya_606m_grisMejua_2025-01-26,grisMejua_2025_01_27__04_56_06_HDR0_2_Mothbot_yolo11m_4500_imgsz1600_b1_2024-01-18.pt.jpg,HS,Mothbot_yolo11m_4500_imgsz1600_b1_2024-01-18.pt,0.6719406247138977,,grisMejua,Cerro_Hoya_Expedition/Hoya_606m_grisMejua_2025-01-26/2025-01-26/patches/grisMejua_2025_01_27__04_56_06_HDR0_2_Mothbot_yolo11m_4500_imgsz1600_b1_2024-01-18.pt.jpg,ORDER_Hemiptera,2025-01-27,04:56:06,,2025_01_27__04_56_06,MachineObservation,Cerro_Hoya_Expedition_Hoya_606m_grisMejua_2025-01-26_2025-01-26,Cerro_Hoya_Expedition_Hoya_606m_grisMejua_2025-01-26,grisMejua_2025_01_27__04_56_06_HDR0.jpg,grisMejua_2025_01_27__04_56_06_HDR0_2_Mothbot_yolo11m_4500_imgsz1600_b1_2024-01-18.pt.jpg
doi.org10.15468dl.6nxkw6.csv,Animalia,Arthropoda,Insecta,Hemiptera,,,,,809,,Hemiptera,Hemiptera,Cerro_Hoya_Expedition_Hoya_606m_grisMejua_2025-01-26,grisMejua_2025_01_27__04_56_06_HDR0_3_Mothbot_yolo11m_4500_imgsz1600_b1_2024-01-18.pt.jpg,HS,Mothbot_yolo11m_4500_imgsz1600_b1_2024-01-18.pt,0.6568742990493774,,grisMejua,Cerro_Hoya_Expedition/Hoya_606m_grisMejua_2025-01-26/2025-01-26/patches/grisMejua_2025_01_27__04_56_06_HDR0_3_Mothbot_yolo11m_4500_imgsz1600_b1_2024-01-18.pt.jpg,ORDER_Hemiptera,2025-01-27,04:56:06,,2025_01_27__04_56_06,MachineObservation,Cerro_Hoya_Expedition_Hoya_606m_grisMejua_2025-01-26_2025-01-26,Cerro_Hoya_Expedition_Hoya_606m_grisMejua_2025-01-26,grisMejua_2025_01_27__04_56_06_HDR0.jpg,grisMejua_2025_01_27__04_56_06_HDR0_3_Mothbot_yolo11m_4500_imgsz1600_b1_2024-01-18.pt.jpg
doi.org10.15468dl.6nxkw6.csv,Animalia,Arthropoda,Insecta,Diptera,,,,,811,,Diptera,Diptera,Cerro_Hoya_Expedition_Hoya_606m_grisMejua_2025-01-26,grisMejua_2025_01_27__04_56_06_HDR0_4_Mothbot_yolo11m_4500_imgsz1600_b1_2024-01-18.pt.jpg,HS,Mothbot_yolo11m_4500_imgsz1600_b1_2024-01-18.pt,0.6125843524932861,,grisMejua,Cerro_Hoya_Expedition/Hoya_606m_grisMejua_2025-01-26/2025-01-26/patches/grisMejua_2025_01_27__04_56_06_HDR0_4_Mothbot_yolo11m_4500_imgsz1600_b1_2024-01-18.pt.jpg,ORDER_Psocodea,2025-01-27,04:56:06,,2025_01_27__04_56_06,MachineObservation,Cerro_Hoya_Expedition_Hoya_606m_grisMejua_2025-01-26_2025-01-26,Cerro_Hoya_Expedition_Hoya_606m_grisMejua_2025-01-26,grisMejua_2025_01_27__04_56_06_HDR0.jpg,grisMejua_2025_01_27__04_56_06_HDR0_4_Mothbot_yolo11m_4500_imgsz1600_b1_2024-01-18.pt.jpg
doi.org10.15468dl.6nxkw6.csv,Animalia,Arthropoda,Insecta,Hemiptera,,,,,809,,Hemiptera,Hemiptera,Cerro_Hoya_Expedition_Hoya_606m_grisMejua_2025-01-26,grisMejua_2025_01_27__04_56_06_HDR0_5_Mothbot_yolo11m_4500_imgsz1600_b1_2024-01-18.pt.jpg,HS,Mothbot_yolo11m_4500_imgsz1600_b1_2024-01-18.pt,0.47176212072372437,,grisMejua,Cerro_Hoya_Expedition/Hoya_606m_grisMejua_2025-01-26/2025-01-26/patches/grisMejua_2025_01_27__04_56_06_HDR0_5_Mothbot_yolo11m_4500_imgsz1600_b1_2024-01-18.pt.jpg,ORDER_Hemiptera,2025-01-27,04:56:06,,2025_01_27__04_56_06,MachineObservation,Cerro_Hoya_Expedition_Hoya_606m_grisMejua_2025-01-26_2025-01-26,Cerro_Hoya_Expedition_Hoya_606m_grisMejua_2025-01-26,grisMejua_2025_01_27__04_56_06_HDR0.jpg,grisMejua_2025_01_27__04_56_06_HDR0_5_Mothbot_yolo11m_4500_imgsz1600_b1_2024-01-18.pt.jpg
doi.org10.15468dl.6nxkw6.csv,Animalia,Arthropoda,Insecta,Diptera,,,,,811,,Diptera,Diptera,Cerro_Hoya_Expedition_Hoya_606m_grisMejua_2025-01-26,grisMejua_2025_01_27__04_56_06_HDR0_6_Mothbot_yolo11m_4500_imgsz1600_b1_2024-01-18.pt.jpg,HS,Mothbot_yolo11m_4500_imgsz1600_b1_2024-01-18.pt,0.4468895196914673,,grisMejua,Cerro_Hoya_Expedition/Hoya_606m_grisMejua_2025-01-26/2025-01-26/patches/grisMejua_2025_01_27__04_56_06_HDR0_6_Mothbot_yolo11m_4500_imgsz1600_b1_2024-01-18.pt.jpg,ORDER_Diptera,2025-01-27,04:56:06,,2025_01_27__04_56_06,MachineObservation,Cerro_Hoya_Expedition_Hoya_606m_grisMejua_2025-01-26_2025-01-26,Cerro_Hoya_Expedition_Hoya_606m_grisMejua_2025-01-26,grisMejua_2025_01_27__04_56_06_HDR0.jpg,grisMejua_2025_01_27__04_56_06_HDR0_6_Mothbot_yolo11m_4500_imgsz1600_b1_2024-01-18.pt.jpg
doi.org10.15468dl.6nxkw6.csv,Animalia,Arthropoda,Insecta,Hemiptera,,,,,809,,Hemiptera,Hemiptera,Cerro_Hoya_Expedition_Hoya_606m_grisMejua_2025-01-26,grisMejua_2025_01_27__04_56_06_HDR0_7_Mothbot_yolo11m_4500_imgsz1600_b1_2024-01-18.pt.jpg,HS,Mothbot_yolo11m_4500_imgsz1600_b1_2024-01-18.pt,0.362387478351593,,grisMejua,Cerro_Hoya_Expedition/Hoya_606m_grisMejua_2025-01-26/2025-01-26/patches/grisMejua_2025_01_27__04_56_06_HDR0_7_Mothbot_yolo11m_4500_imgsz1600_b1_2024-01-18.pt.jpg,ORDER_Lepidoptera,2025-01-27,04:56:06,,2025_01_27__04_56_06,MachineObservation,Cerro_Hoya_Expedition_Hoya_606m_grisMejua_2025-01-26_2025-01-26,Cerro_Hoya_Expedition_Hoya_606m_grisMejua_2025-01-26,grisMejua_2025_01_27__04_56_06_HDR0.jpg,grisMejua_2025_01_27__04_56_06_HDR0_7_Mothbot_yolo11m_4500_imgsz1600_b1_2024-01-18.pt.jpg
doi.org10.15468dl.6nxkw6.csv,Animalia,Arthropoda,Insecta,Lepidoptera,,,,,797,,Lepidoptera,Lepidoptera,Cerro_Hoya_Expedition_Hoya_606m_grisMejua_2025-01-26,grisMejua_2025_01_27__04_57_22_HDR0_0_Mothbot_yolo11m_4500_imgsz1600_b1_2024-01-18.pt.jpg,HS,Mothbot_yolo11m_4500_imgsz1600_b1_2024-01-18.pt,0.8525570631027222,,grisMejua,Cerro_Hoya_Expedition/Hoya_606m_grisMejua_2025-01-26/2025-01-26/patches/grisMejua_2025_01_27__04_57_22_HDR0_0_Mothbot_yolo11m_4500_imgsz1600_b1_2024-01-18.pt.jpg,ORDER_Lepidoptera,2025-01-27,04:57:22,,2025_01_27__04_57_22,MachineObservation,Cerro_Hoya_Expedition_Hoya_606m_grisMejua_2025-01-26_2025-01-26,Cerro_Hoya_Expedition_Hoya_606m_grisMejua_2025-01-26,grisMejua_2025_01_27__04_57_22_HDR0.jpg,grisMejua_2025_01_27__04_57_22_HDR0_0_Mothbot_yolo11m_4500_imgsz1600_b1_2024-01-18.pt.jpg
doi.org10.15468dl.6nxkw6.csv,Animalia,Arthropoda,Insecta,Lepidoptera,,,,,797,,Lepidoptera,Lepidoptera,Cerro_Hoya_Expedition_Hoya_606m_grisMejua_2025-01-26,grisMejua_2025_01_27__04_57_22_HDR0_1_Mothbot_yolo11m_4500_imgsz1600_b1_2024-01-18.pt.jpg,HS,Mothbot_yolo11m_4500_imgsz1600_b1_2024-01-18.pt,0.8329483866691589,,grisMejua,Cerro_Hoya_Expedition/Hoya_606m_grisMejua_2025-01-26/2025-01-26/patches/grisMejua_2025_01_27__04_57_22_HDR0_1_Mothbot_yolo11m_4500_imgsz1600_b1_2024-01-18.pt.jpg,ORDER_Hemiptera,2025-01-27,04:57:22,,2025_01_27__04_57_22,MachineObservation,Cerro_Hoya_Expedition_Hoya_606m_grisMejua_2025-01-26_2025-01-26,Cerro_Hoya_Expedition_Hoya_606m_grisMejua_2025-01-26,grisMejua_2025_01_27__04_57_22_HDR0.jpg,grisMejua_2025_01_27__04_57_22_HDR0_1_Mothbot_yolo11m_4500_imgsz1600_b1_2024-01-18.pt.jpg
doi.org10.15468dl.6nxkw6.csv,Animalia,Arthropoda,Insecta,Hemiptera,,,,,809,,Hemiptera,Hemiptera,Cerro_Hoya_Expedition_Hoya_606m_grisMejua_2025-01-26,grisMejua_2025_01_27__04_57_22_HDR0_2_Mothbot_yolo11m_4500_imgsz1600_b1_2024-01-18.pt.jpg,HS,Mothbot_yolo11m_4500_imgsz1600_b1_2024-01-18.pt,0.7363435626029968,,grisMejua,Cerro_Hoya_Expedition/Hoya_606m_grisMejua_2025-01-26/2025-01-26/patches/grisMejua_2025_01_27__04_57_22_HDR0_2_Mothbot_yolo11m_4500_imgsz1600_b1_2024-01-18.pt.jpg,ORDER_Hemiptera,2025-01-27,04:57:22,,2025_01_27__04_57_22,MachineObservation,Cerro_Hoya_Expedition_Hoya_606m_grisMejua_2025-01-26_2025-01-26,Cerro_Hoya_Expedition_Hoya_606m_grisMejua_2025-01-26,grisMejua_2025_01_27__04_57_22_HDR0.jpg,grisMejua_2025_01_27__04_57_22_HDR0_2_Mothbot_yolo11m_4500_imgsz1600_b1_2024-01-18.pt.jpg
doi.org10.15468dl.6nxkw6.csv,Animalia,Arthropoda,Insecta,Hemiptera,,,,,809,,Hemiptera,Hemiptera,Cerro_Hoya_Expedition_Hoya_606m_grisMejua_2025-01-26,grisMejua_2025_01_27__04_57_22_HDR0_3_Mothbot_yolo11m_4500_imgsz1600_b1_2024-01-18.pt.jpg,HS,Mothbot_yolo11m_4500_imgsz1600_b1_2024-01-18.pt,0.717297375202179,,grisMejua,Cerro_Hoya_Expedition/Hoya_606m_grisMejua_2025-01-26/2025-01-26/patches/grisMejua_2025_01_27__04_57_22_HDR0_3_Mothbot_yolo11m_4500_imgsz1600_b1_2024-01-18.pt.jpg,ORDER_Odonata,2025-01-27,04:57:22,,2025_01_27__04_57_22,MachineObservation,Cerro_Hoya_Expedition_Hoya_606m_grisMejua_2025-01-26_2025-01-26,Cerro_Hoya_Expedition_Hoya_606m_grisMejua_2025-01-26,grisMejua_2025_01_27__04_57_22_HDR0.jpg,grisMejua_2025_01_27__04_57_22_HDR0_3_Mothbot_yolo11m_4500_imgsz1600_b1_2024-01-18.pt.jpg
doi.org10.15468dl.6nxkw6.csv,Animalia,Arthropoda,Insecta,Diptera,,,,,811,,Diptera,Diptera,Cerro_Hoya_Expedition_Hoya_606m_grisMejua_2025-01-26,grisMejua_2025_01_27__04_57_22_HDR0_4_Mothbot_yolo11m_4500_imgsz1600_b1_2024-01-18.pt.jpg,HS,Mothbot_yolo11m_4500_imgsz1600_b1_2024-01-18.pt,0.6747090816497803,,grisMejua,Cerro_Hoya_Expedition/Hoya_606m_grisMejua_2025-01-26/2025-01-26/patches/grisMejua_2025_01_27__04_57_22_HDR0_4_Mothbot_yolo11m_4500_imgsz1600_b1_2024-01-18.pt.jpg,ORDER_Diptera,2025-01-27,04:57:22,,2025_01_27__04_57_22,MachineObservation,Cerro_Hoya_Expedition_Hoya_606m_grisMejua_2025-01-26_2025-01-26,Cerro_Hoya_Expedition_Hoya_606m_grisMejua_2025-01-26,grisMejua_2025_01_27__04_57_22_HDR0.jpg,grisMejua_2025_01_27__04_57_22_HDR0_4_Mothbot_yolo11m_4500_imgsz1600_b1_2024-01-18.pt.jpg
doi.org10.15468dl.6nxkw6.csv,Animalia,Arthropoda,Insecta,Hemiptera,,,,,809,,Hemiptera,Hemiptera,Cerro_Hoya_Expedition_Hoya_606m_grisMejua_2025-01-26,grisMejua_2025_01_27__04_57_22_HDR0_5_Mothbot_yolo11m_4500_imgsz1600_b1_2024-01-18.pt.jpg,HS,Mothbot_yolo11m_4500_imgsz1600_b1_2024-01-18.pt,0.506337583065033,,grisMejua,Cerro_Hoya_Expedition/Hoya_606m_grisMejua_2025-01-26/2025-01-26/patches/grisMejua_2025_01_27__04_57_22_HDR0_5_Mothbot_yolo11m_4500_imgsz1600_b1_2024-01-18.pt.jpg,ORDER_Lepidoptera,2025-01-27,04:57:22,,2025_01_27__04_57_22,MachineObservation,Cerro_Hoya_Expedition_Hoya_606m_grisMejua_2025-01-26_2025-01-26,Cerro_Hoya_Expedition_Hoya_606m_grisMejua_2025-01-26,grisMejua_2025_01_27__04_57_22_HDR0.jpg,grisMejua_2025_01_27__04_57_22_HDR0_5_Mothbot_yolo11m_4500_imgsz1600_b1_2024-01-18.pt.jpg
doi.org10.15468dl.6nxkw6.csv,Animalia,Arthropoda,Insecta,Lepidoptera,,,,,797,,Lepidoptera,Lepidoptera,Cerro_Hoya_Expedition_Hoya_606m_grisMejua_2025-01-26,grisMejua_2025_01_27__04_58_06_HDR0_0_Mothbot_yolo11m_4500_imgsz1600_b1_2024-01-18.pt.jpg,HS,Mothbot_yolo11m_4500_imgsz1600_b1_2024-01-18.pt,0.8654419183731079,,grisMejua,Cerro_Hoya_Expedition/Hoya_606m_grisMejua_2025-01-26/2025-01-26/patches/grisMejua_2025_01_27__04_58_06_HDR0_0_Mothbot_yolo11m_4500_imgsz1600_b1_2024-01-18.pt.jpg,ORDER_Lepidoptera,2025-01-27,04:58:06,,2025_01_27__04_58_06,MachineObservation,Cerro_Hoya_Expedition_Hoya_606m_grisMejua_2025-01-26_2025-01-26,Cerro_Hoya_Expedition_Hoya_606m_grisMejua_2025-01-26,grisMejua_2025_01_27__04_58_06_HDR0.jpg,grisMejua_2025_01_27__04_58_06_HDR0_0_Mothbot_yolo11m_4500_imgsz1600_b1_2024-01-18.pt.jpg
doi.org10.15468dl.6nxkw6.csv,Animalia,Arthropoda,Insecta,Lepidoptera,,,,,797,,Lepidoptera,Lepidoptera,Cerro_Hoya_Expedition_Hoya_606m_grisMejua_2025-01-26,grisMejua_2025_01_27__04_58_06_HDR0_1_Mothbot_yolo11m_4500_imgsz1600_b1_2024-01-18.pt.jpg,HS,Mothbot_yolo11m_4500_imgsz1600_b1_2024-01-18.pt,0.8438433408737183,,grisMejua,Cerro_Hoya_Expedition/Hoya_606m_grisMejua_2025-01-26/2025-01-26/patches/grisMejua_2025_01_27__04_58_06_HDR0_1_Mothbot_yolo11m_4500_imgsz1600_b1_2024-01-18.pt.jpg,ORDER_Coleoptera,2025-01-27,04:58:06,,2025_01_27__04_58_06,MachineObservation,Cerro_Hoya_Expedition_Hoya_606m_grisMejua_2025-01-26_2025-01-26,Cerro_Hoya_Expedition_Hoya_606m_grisMejua_2025-01-26,grisMejua_2025_01_27__04_58_06_HDR0.jpg,grisMejua_2025_01_27__04_58_06_HDR0_1_Mothbot_yolo11m_4500_imgsz1600_b1_2024-01-18.pt.jpg
doi.org10.15468dl.6nxkw6.csv,Animalia,Arthropoda,Insecta,Hemiptera,,,,,809,,Hemiptera,Hemiptera,Cerro_Hoya_Expedition_Hoya_606m_grisMejua_2025-01-26,grisMejua_2025_01_27__04_58_06_HDR0_2_Mothbot_yolo11m_4500_imgsz1600_b1_2024-01-18.pt.jpg,HS,Mothbot_yolo11m_4500_imgsz1600_b1_2024-01-18.pt,0.7389097809791565,,grisMejua,Cerro_Hoya_Expedition/Hoya_606m_grisMejua_2025-01-26/2025-01-26/patches/grisMejua_2025_01_27__04_58_06_HDR0_2_Mothbot_yolo11m_4500_imgsz1600_b1_2024-01-18.pt.jpg,ORDER_Hemiptera,2025-01-27,04:58:06,,2025_01_27__04_58_06,MachineObservation,Cerro_Hoya_Expedition_Hoya_606m_grisMejua_2025-01-26_2025-01-26,Cerro_Hoya_Expedition_Hoya_606m_grisMejua_2025-01-26,grisMejua_2025_01_27__04_58_06_HDR0.jpg,grisMejua_2025_01_27__04_58_06_HDR0_2_Mothbot_yolo11m_4500_imgsz1600_b1_2024-01-18.pt.jpg
doi.org10.15468dl.6nxkw6.csv,Animalia,Arthropoda,Insecta,Hemiptera,,,,,809,,Hemiptera,Hemiptera,Cerro_Hoya_Expedition_Hoya_606m_grisMejua_2025-01-26,grisMejua_2025_01_27__04_58_06_HDR0_3_Mothbot_yolo11m_4500_imgsz1600_b1_2024-01-18.pt.jpg,HS,Mothbot_yolo11m_4500_imgsz1600_b1_2024-01-18.pt,0.7146163582801819,,grisMejua,Cerro_Hoya_Expedition/Hoya_606m_grisMejua_2025-01-26/2025-01-26/patches/grisMejua_2025_01_27__04_58_06_HDR0_3_Mothbot_yolo11m_4500_imgsz1600_b1_2024-01-18.pt.jpg,ORDER_Hemiptera,2025-01-27,04:58:06,,2025_01_27__04_58_06,MachineObservation,Cerro_Hoya_Expedition_Hoya_606m_grisMejua_2025-01-26_2025-01-26,Cerro_Hoya_Expedition_Hoya_606m_grisMejua_2025-01-26,grisMejua_2025_01_27__04_58_06_HDR0.jpg,grisMejua_2025_01_27__04_58_06_HDR0_3_Mothbot_yolo11m_4500_imgsz1600_b1_2024-01-18.pt.jpg
doi.org10.15468dl.6nxkw6.csv,Animalia,Arthropoda,Insecta,Diptera,,,,,811,,Diptera,Diptera,Cerro_Hoya_Expedition_Hoya_606m_grisMejua_2025-01-26,grisMejua_2025_01_27__04_58_06_HDR0_4_Mothbot_yolo11m_4500_imgsz1600_b1_2024-01-18.pt.jpg,HS,Mothbot_yolo11m_4500_imgsz1600_b1_2024-01-18.pt,0.6707664728164673,,grisMejua,Cerro_Hoya_Expedition/Hoya_606m_grisMejua_2025-01-26/2025-01-26/patches/grisMejua_2025_01_27__04_58_06_HDR0_4_Mothbot_yolo11m_4500_imgsz1600_b1_2024-01-18.pt.jpg,ORDER_Hemiptera,2025-01-27,04:58:06,,2025_01_27__04_58_06,MachineObservation,Cerro_Hoya_Expedition_Hoya_606m_grisMejua_2025-01-26_2025-01-26,Cerro_Hoya_Expedition_Hoya_606m_grisMejua_2025-01-26,grisMejua_2025_01_27__04_58_06_HDR0.jpg,grisMejua_2025_01_27__04_58_06_HDR0_4_Mothbot_yolo11m_4500_imgsz1600_b1_2024-01-18.pt.jpg
doi.org10.15468dl.6nxkw6.csv,Animalia,Arthropoda,Insecta,Diptera,,,,,811,,Diptera,Diptera,Cerro_Hoya_Expedition_Hoya_606m_grisMejua_2025-01-26,grisMejua_2025_01_27__04_58_06_HDR0_5_Mothbot_yolo11m_4500_imgsz1600_b1_2024-01-18.pt.jpg,HS,Mothbot_yolo11m_4500_imgsz1600_b1_2024-01-18.pt,0.6254310607910156,,grisMejua,Cerro_Hoya_Expedition/Hoya_606m_grisMejua_2025-01-26/2025-01-26/patches/grisMejua_2025_01_27__04_58_06_HDR0_5_Mothbot_yolo11m_4500_imgsz1600_b1_2024-01-18.pt.jpg,ORDER_Diptera,2025-01-27,04:58:06,,2025_01_27__04_58_06,MachineObservation,Cerro_Hoya_Expedition_Hoya_606m_grisMejua_2025-01-26_2025-01-26,Cerro_Hoya_Expedition_Hoya_606m_grisMejua_2025-01-26,grisMejua_2025_01_27__04_58_06_HDR0.jpg,grisMejua_2025_01_27__04_58_06_HDR0_5_Mothbot_yolo11m_4500_imgsz1600_b1_2024-01-18.pt.jpg
doi.org10.15468dl.6nxkw6.csv,Animalia,Arthropoda,Insecta,Coleoptera,Chrysomelidae,Diabrotica,,Diabrotica1,1048495,,Diabrotica,Diabrotica1,Cerro_Hoya_Expedition_Hoya_606m_grisMejua_2025-01-26,grisMejua_2025_01_27__04_58_06_HDR0_6_Mothbot_yolo11m_4500_imgsz1600_b1_2024-01-18.pt.jpg,HS,Mothbot_yolo11m_4500_imgsz1600_b1_2024-01-18.pt,0.5586332678794861,,grisMejua,Cerro_Hoya_Expedition/Hoya_606m_grisMejua_2025-01-26/2025-01-26/patches/grisMejua_2025_01_27__04_58_06_HDR0_6_Mothbot_yolo11m_4500_imgsz1600_b1_2024-01-18.pt.jpg,ORDER_Blattodea,2025-01-27,04:58:06,,2025_01_27__04_58_06,MachineObservation,Cerro_Hoya_Expedition_Hoya_606m_grisMejua_2025-01-26_2025-01-26,Cerro_Hoya_Expedition_Hoya_606m_grisMejua_2025-01-26,grisMejua_2025_01_27__04_58_06_HDR0.jpg,grisMejua_2025_01_27__04_58_06_HDR0_6_Mothbot_yolo11m_4500_imgsz1600_b1_2024-01-18.pt.jpg
doi.org10.15468dl.6nxkw6.csv,Animalia,Arthropoda,Insecta,Hemiptera,,,,,809,,Hemiptera,Hemiptera,Cerro_Hoya_Expedition_Hoya_606m_grisMejua_2025-01-26,grisMejua_2025_01_27__04_58_06_HDR0_7_Mothbot_yolo11m_4500_imgsz1600_b1_2024-01-18.pt.jpg,HS,Mothbot_yolo11m_4500_imgsz1600_b1_2024-01-18.pt,0.46790215373039246,,grisMejua,Cerro_Hoya_Expedition/Hoya_606m_grisMejua_2025-01-26/2025-01-26/patches/grisMejua_2025_01_27__04_58_06_HDR0_7_Mothbot_yolo11m_4500_imgsz1600_b1_2024-01-18.pt.jpg,ORDER_Lepidoptera,2025-01-27,04:58:06,,2025_01_27__04_58_06,MachineObservation,Cerro_Hoya_Expedition_Hoya_606m_grisMejua_2025-01-26_2025-01-26,Cerro_Hoya_Expedition_Hoya_606m_grisMejua_2025-01-26,grisMejua_2025_01_27__04_58_06_HDR0.jpg,grisMejua_2025_01_27__04_58_06_HDR0_7_Mothbot_yolo11m_4500_imgsz1600_b1_2024-01-18.pt.jpg
doi.org10.15468dl.6nxkw6.csv,Animalia,Arthropoda,Insecta,Diptera,,,,,811,,Diptera,Diptera,Cerro_Hoya_Expedition_Hoya_606m_grisMejua_2025-01-26,grisMejua_2025_01_27__04_58_06_HDR0_8_Mothbot_yolo11m_4500_imgsz1600_b1_2024-01-18.pt.jpg,HS,Mothbot_yolo11m_4500_imgsz1600_b1_2024-01-18.pt,0.3448571264743805,,grisMejua,Cerro_Hoya_Expedition/Hoya_606m_grisMejua_2025-01-26/2025-01-26/patches/grisMejua_2025_01_27__04_58_06_HDR0_8_Mothbot_yolo11m_4500_imgsz1600_b1_2024-01-18.pt.jpg,ORDER_Hymenoptera,2025-01-27,04:58:06,,2025_01_27__04_58_06,MachineObservation,Cerro_Hoya_Expedition_Hoya_606m_grisMejua_2025-01-26_2025-01-26,Cerro_Hoya_Expedition_Hoya_606m_grisMejua_2025-01-26,grisMejua_2025_01_27__04_58_06_HDR0.jpg,grisMejua_2025_01_27__04_58_06_HDR0_8_Mothbot_yolo11m_4500_imgsz1600_b1_2024-01-18.pt.jpg
doi.org10.15468dl.6nxkw6.csv,Animalia,Arthropoda,Insecta,Diptera,,,,,811,,Diptera,Diptera,Cerro_Hoya_Expedition_Hoya_606m_grisMejua_2025-01-26,grisMejua_2025_01_27__04_58_06_HDR0_9_Mothbot_yolo11m_4500_imgsz1600_b1_2024-01-18.pt.jpg,HS,Mothbot_yolo11m_4500_imgsz1600_b1_2024-01-18.pt,0.33688005805015564,,grisMejua,Cerro_Hoya_Expedition/Hoya_606m_grisMejua_2025-01-26/2025-01-26/patches/grisMejua_2025_01_27__04_58_06_HDR0_9_Mothbot_yolo11m_4500_imgsz1600_b1_2024-01-18.pt.jpg,ORDER_Diptera,2025-01-27,04:58:06,,2025_01_27__04_58_06,MachineObservation,Cerro_Hoya_Expedition_Hoya_606m_grisMejua_2025-01-26_2025-01-26,Cerro_Hoya_Expedition_Hoya_606m_grisMejua_2025-01-26,grisMejua_2025_01_27__04_58_06_HDR0.jpg,grisMejua_2025_01_27__04_58_06_HDR0_9_Mothbot_yolo11m_4500_imgsz1600_b1_2024-01-18.pt.jpg
doi.org10.15468dl.6nxkw6.csv,Animalia,Arthropoda,Insecta,Hemiptera,,,,,809,,Hemiptera,Hemiptera,Cerro_Hoya_Expedition_Hoya_606m_grisMejua_2025-01-26,grisMejua_2025_01_27__04_58_06_HDR0_10_Mothbot_yolo11m_4500_imgsz1600_b1_2024-01-18.pt.jpg,HS,Mothbot_yolo11m_4500_imgsz1600_b1_2024-01-18.pt,0.32746708393096924,,grisMejua,Cerro_Hoya_Expedition/Hoya_606m_grisMejua_2025-01-26/2025-01-26/patches/grisMejua_2025_01_27__04_58_06_HDR0_10_Mothbot_yolo11m_4500_imgsz1600_b1_2024-01-18.pt.jpg,ORDER_Hemiptera,2025-01-27,04:58:06,,2025_01_27__04_58_06,MachineObservation,Cerro_Hoya_Expedition_Hoya_606m_grisMejua_2025-01-26_2025-01-26,Cerro_Hoya_Expedition_Hoya_606m_grisMejua_2025-01-26,grisMejua_2025_01_27__04_58_06_HDR0.jpg,grisMejua_2025_01_27__04_58_06_HDR0_10_Mothbot_yolo11m_4500_imgsz1600_b1_2024-01-18.pt.jpg
doi.org10.15468dl.6nxkw6.csv,Animalia,Arthropoda,Insecta,Lepidoptera,,,,,797,,Lepidoptera,Lepidoptera,Cerro_Hoya_Expedition_Hoya_606m_grisMejua_2025-01-26,grisMejua_2025_01_27__04_59_06_HDR0_0_Mothbot_yolo11m_4500_imgsz1600_b1_2024-01-18.pt.jpg,HS,Mothbot_yolo11m_4500_imgsz1600_b1_2024-01-18.pt,0.8690639734268188,,grisMejua,Cerro_Hoya_Expedition/Hoya_606m_grisMejua_2025-01-26/2025-01-26/patches/grisMejua_2025_01_27__04_59_06_HDR0_0_Mothbot_yolo11m_4500_imgsz1600_b1_2024-01-18.pt.jpg,ORDER_Lepidoptera,2025-01-27,04:59:06,,2025_01_27__04_59_06,MachineObservation,Cerro_Hoya_Expedition_Hoya_606m_grisMejua_2025-01-26_2025-01-26,Cerro_Hoya_Expedition_Hoya_606m_grisMejua_2025-01-26,grisMejua_2025_01_27__04_59_06_HDR0.jpg,grisMejua_2025_01_27__04_59_06_HDR0_0_Mothbot_yolo11m_4500_imgsz1600_b1_2024-01-18.pt.jpg
doi.org10.15468dl.6nxkw6.csv,Animalia,Arthropoda,Insecta,Lepidoptera,,,,,797,,Lepidoptera,Lepidoptera,Cerro_Hoya_Expedition_Hoya_606m_grisMejua_2025-01-26,grisMejua_2025_01_27__04_59_06_HDR0_1_Mothbot_yolo11m_4500_imgsz1600_b1_2024-01-18.pt.jpg,HS,Mothbot_yolo11m_4500_imgsz1600_b1_2024-01-18.pt,0.8385097980499268,,grisMejua,Cerro_Hoya_Expedition/Hoya_606m_grisMejua_2025-01-26/2025-01-26/patches/grisMejua_2025_01_27__04_59_06_HDR0_1_Mothbot_yolo11m_4500_imgsz1600_b1_2024-01-18.pt.jpg,ORDER_Coleoptera,2025-01-27,04:59:06,,2025_01_27__04_59_06,MachineObservation,Cerro_Hoya_Expedition_Hoya_606m_grisMejua_2025-01-26_2025-01-26,Cerro_Hoya_Expedition_Hoya_606m_grisMejua_2025-01-26,grisMejua_2025_01_27__04_59_06_HDR0.jpg,grisMejua_2025_01_27__04_59_06_HDR0_1_Mothbot_yolo11m_4500_imgsz1600_b1_2024-01-18.pt.jpg
doi.org10.15468dl.6nxkw6.csv,Animalia,Arthropoda,Insecta,Hemiptera,,,,,809,,Hemiptera,Hemiptera,Cerro_Hoya_Expedition_Hoya_606m_grisMejua_2025-01-26,grisMejua_2025_01_27__04_59_06_HDR0_2_Mothbot_yolo11m_4500_imgsz1600_b1_2024-01-18.pt.jpg,HS,Mothbot_yolo11m_4500_imgsz1600_b1_2024-01-18.pt,0.7639527320861816,,grisMejua,Cerro_Hoya_Expedition/Hoya_606m_grisMejua_2025-01-26/2025-01-26/patches/grisMejua_2025_01_27__04_59_06_HDR0_2_Mothbot_yolo11m_4500_imgsz1600_b1_2024-01-18.pt.jpg,ORDER_Hemiptera,2025-01-27,04:59:06,,2025_01_27__04_59_06,MachineObservation,Cerro_Hoya_Expedition_Hoya_606m_grisMejua_2025-01-26_2025-01-26,Cerro_Hoya_Expedition_Hoya_606m_grisMejua_2025-01-26,grisMejua_2025_01_27__04_59_06_HDR0.jpg,grisMejua_2025_01_27__04_59_06_HDR0_2_Mothbot_yolo11m_4500_imgsz1600_b1_2024-01-18.pt.jpg
doi.org10.15468dl.6nxkw6.csv,Animalia,Arthropoda,Insecta,Hemiptera,,,,,809,,Hemiptera,Hemiptera,Cerro_Hoya_Expedition_Hoya_606m_grisMejua_2025-01-26,grisMejua_2025_01_27__04_59_06_HDR0_3_Mothbot_yolo11m_4500_imgsz1600_b1_2024-01-18.pt.jpg,HS,Mothbot_yolo11m_4500_imgsz1600_b1_2024-01-18.pt,0.7112873792648315,,grisMejua,Cerro_Hoya_Expedition/Hoya_606m_grisMejua_2025-01-26/2025-01-26/patches/grisMejua_2025_01_27__04_59_06_HDR0_3_Mothbot_yolo11m_4500_imgsz1600_b1_2024-01-18.pt.jpg,ORDER_Hemiptera,2025-01-27,04:59:06,,2025_01_27__04_59_06,MachineObservation,Cerro_Hoya_Expedition_Hoya_606m_grisMejua_2025-01-26_2025-01-26,Cerro_Hoya_Expedition_Hoya_606m_grisMejua_2025-01-26,grisMejua_2025_01_27__04_59_06_HDR0.jpg,grisMejua_2025_01_27__04_59_06_HDR0_3_Mothbot_yolo11m_4500_imgsz1600_b1_2024-01-18.pt.jpg
doi.org10.15468dl.6nxkw6.csv,Animalia,Arthropoda,Insecta,Diptera,,,,,811,,Diptera,Diptera,Cerro_Hoya_Expedition_Hoya_606m_grisMejua_2025-01-26,grisMejua_2025_01_27__04_59_06_HDR0_4_Mothbot_yolo11m_4500_imgsz1600_b1_2024-01-18.pt.jpg,HS,Mothbot_yolo11m_4500_imgsz1600_b1_2024-01-18.pt,0.6006320118904114,,grisMejua,Cerro_Hoya_Expedition/Hoya_606m_grisMejua_2025-01-26/2025-01-26/patches/grisMejua_2025_01_27__04_59_06_HDR0_4_Mothbot_yolo11m_4500_imgsz1600_b1_2024-01-18.pt.jpg,ORDER_Coleoptera,2025-01-27,04:59:06,,2025_01_27__04_59_06,MachineObservation,Cerro_Hoya_Expedition_Hoya_606m_grisMejua_2025-01-26_2025-01-26,Cerro_Hoya_Expedition_Hoya_606m_grisMejua_2025-01-26,grisMejua_2025_01_27__04_59_06_HDR0.jpg,grisMejua_2025_01_27__04_59_06_HDR0_4_Mothbot_yolo11m_4500_imgsz1600_b1_2024-01-18.pt.jpg
doi.org10.15468dl.6nxkw6.csv,Animalia,Arthropoda,Insecta,Hemiptera,,,,,809,,Hemiptera,Hemiptera,Cerro_Hoya_Expedition_Hoya_606m_grisMejua_2025-01-26,grisMejua_2025_01_27__04_59_06_HDR0_5_Mothbot_yolo11m_4500_imgsz1600_b1_2024-01-18.pt.jpg,HS,Mothbot_yolo11m_4500_imgsz1600_b1_2024-01-18.pt,0.40511494874954224,,grisMejua,Cerro_Hoya_Expedition/Hoya_606m_grisMejua_2025-01-26/2025-01-26/patches/grisMejua_2025_01_27__04_59_06_HDR0_5_Mothbot_yolo11m_4500_imgsz1600_b1_2024-01-18.pt.jpg,ORDER_Hemiptera,2025-01-27,04:59:06,,2025_01_27__04_59_06,MachineObservation,Cerro_Hoya_Expedition_Hoya_606m_grisMejua_2025-01-26_2025-01-26,Cerro_Hoya_Expedition_Hoya_606m_grisMejua_2025-01-26,grisMejua_2025_01_27__04_59_06_HDR0.jpg,grisMejua_2025_01_27__04_59_06_HDR0_5_Mothbot_yolo11m_4500_imgsz1600_b1_2024-01-18.pt.jpg
,,,,,,,,,,,,ERROR,Cerro_Hoya_Expedition_Hoya_606m_grisMejua_2025-01-26,grisMejua_2025_01_27__04_59_06_HDR0_6_Mothbot_yolo11m_4500_imgsz1600_b1_2024-01-18.pt.jpg,HS,Mothbot_yolo11m_4500_imgsz1600_b1_2024-01-18.pt,0.25602981448173523,,grisMejua,Cerro_Hoya_Expedition/Hoya_606m_grisMejua_2025-01-26/2025-01-26/patches/grisMejua_2025_01_27__04_59_06_HDR0_6_Mothbot_yolo11m_4500_imgsz1600_b1_2024-01-18.pt.jpg,ORDER_Hymenoptera,2025-01-27,04:59:06,,2025_01_27__04_59_06,MachineObservation,Cerro_Hoya_Expedition_Hoya_606m_grisMejua_2025-01-26_2025-01-26,Cerro_Hoya_Expedition_Hoya_606m_grisMejua_2025-01-26,grisMejua_2025_01_27__04_59_06_HDR0.jpg,grisMejua_2025_01_27__04_59_06_HDR0_6_Mothbot_yolo11m_4500_imgsz1600_b1_2024-01-18.pt.jpg