species_list_doi,kingdom,phylum,class,order,family,genus,species,morphospecies,taxonID,commonName,scientificName,name,deployment,image_id,identifiedBy,detectionBy,detection_confidence,ID_confidence,mothbox,filepath,original_mothbox_identifciation,eventDate,eventTime,UTCOFFSET,verbatimEventDate,basisOfRecord,datasetID,parentEventID,eventID,occurrenceID
,,,,,,,,,,,,ERROR,Cerro_Hoya_Expedition_Hoya_1416m_fondoGorila_2025-01-27,fondoGorila_2025_01_28__19_01_24_HDR0_0_Mothbot_yolo11m_4500_imgsz1600_b1_2024-01-18.pt.jpg,HS,Mothbot_yolo11m_4500_imgsz1600_b1_2024-01-18.pt,0.8044701218605042,,fondoGorila,Cerro_Hoya_Expedition/Hoya_1416m_fondoGorila_2025-01-27/2025-01-28/patches/fondoGorila_2025_01_28__19_01_24_HDR0_0_Mothbot_yolo11m_4500_imgsz1600_b1_2024-01-18.pt.jpg,ORDER_Lepidoptera,2025-01-28,19:01:24,,2025_01_28__19_01_24,MachineObservation,Cerro_Hoya_Expedition_Hoya_1416m_fondoGorila_2025-01-27_2025-01-28,Cerro_Hoya_Expedition_Hoya_1416m_fondoGorila_2025-01-27,fondoGorila_2025_01_28__19_01_24_HDR0.jpg,fondoGorila_2025_01_28__19_01_24_HDR0_0_Mothbot_yolo11m_4500_imgsz1600_b1_2024-01-18.pt.jpg
,,,,,,,,,,,,ERROR,Cerro_Hoya_Expedition_Hoya_1416m_fondoGorila_2025-01-27,fondoGorila_2025_01_28__19_02_06_HDR0_0_Mothbot_yolo11m_4500_imgsz1600_b1_2024-01-18.pt.jpg,HS,Mothbot_yolo11m_4500_imgsz1600_b1_2024-01-18.pt,0.8125351667404175,,fondoGorila,Cerro_Hoya_Expedition/Hoya_1416m_fondoGorila_2025-01-27/2025-01-28/patches/fondoGorila_2025_01_28__19_02_06_HDR0_0_Mothbot_yolo11m_4500_imgsz1600_b1_2024-01-18.pt.jpg,ORDER_Diptera,2025-01-28,19:02:06,,2025_01_28__19_02_06,MachineObservation,Cerro_Hoya_Expedition_Hoya_1416m_fondoGorila_2025-01-27_2025-01-28,Cerro_Hoya_Expedition_Hoya_1416m_fondoGorila_2025-01-27,fondoGorila_2025_01_28__19_02_06_HDR0.jpg,fondoGorila_2025_01_28__19_02_06_HDR0_0_Mothbot_yolo11m_4500_imgsz1600_b1_2024-01-18.pt.jpg
,,,,,,,,,,,,ERROR,Cerro_Hoya_Expedition_Hoya_1416m_fondoGorila_2025-01-27,fondoGorila_2025_01_28__19_03_06_HDR0_0_Mothbot_yolo11m_4500_imgsz1600_b1_2024-01-18.pt.jpg,HS,Mothbot_yolo11m_4500_imgsz1600_b1_2024-01-18.pt,0.8180601596832275,,fondoGorila,Cerro_Hoya_Expedition/Hoya_1416m_fondoGorila_2025-01-27/2025-01-28/patches/fondoGorila_2025_01_28__19_03_06_HDR0_0_Mothbot_yolo11m_4500_imgsz1600_b1_2024-01-18.pt.jpg,ORDER_Diptera,2025-01-28,19:03:06,,2025_01_28__19_03_06,MachineObservation,Cerro_Hoya_Expedition_Hoya_1416m_fondoGorila_2025-01-27_2025-01-28,Cerro_Hoya_Expedition_Hoya_1416m_fondoGorila_2025-01-27,fondoGorila_2025_01_28__19_03_06_HDR0.jpg,fondoGorila_2025_01_28__19_03_06_HDR0_0_Mothbot_yolo11m_4500_imgsz1600_b1_2024-01-18.pt.jpg
,,,,,,,,,,,,ERROR,Cerro_Hoya_Expedition_Hoya_1416m_fondoGorila_2025-01-27,fondoGorila_2025_01_28__19_04_06_HDR0_0_Mothbot_yolo11m_4500_imgsz1600_b1_2024-01-18.pt.jpg,HS,Mothbot_yolo11m_4500_imgsz1600_b1_2024-01-18.pt,0.8088879585266113,,fondoGorila,Cerro_Hoya_Expedition/Hoya_1416m_fondoGorila_2025-01-27/2025-01-28/patches/fondoGorila_2025_01_28__19_04_06_HDR0_0_Mothbot_yolo11m_4500_imgsz1600_b1_2024-01-18.pt.jpg,ORDER_Lepidoptera,2025-01-28,19:04:06,,2025_01_28__19_04_06,MachineObservation,Cerro_Hoya_Expedition_Hoya_1416m_fondoGorila_2025-01-27_2025-01-28,Cerro_Hoya_Expedition_Hoya_1416m_fondoGorila_2025-01-27,fondoGorila_2025_01_28__19_04_06_HDR0.jpg,fondoGorila_2025_01_28__19_04_06_HDR0_0_Mothbot_yolo11m_4500_imgsz1600_b1_2024-01-18.pt.jpg
,,,,,,,,,,,,ERROR,Cerro_Hoya_Expedition_Hoya_1416m_fondoGorila_2025-01-27,fondoGorila_2025_01_28__19_05_05_HDR0_0_Mothbot_yolo11m_4500_imgsz1600_b1_2024-01-18.pt.jpg,HS,Mothbot_yolo11m_4500_imgsz1600_b1_2024-01-18.pt,0.7922502160072327,,fondoGorila,Cerro_Hoya_Expedition/Hoya_1416m_fondoGorila_2025-01-27/2025-01-28/patches/fondoGorila_2025_01_28__19_05_05_HDR0_0_Mothbot_yolo11m_4500_imgsz1600_b1_2024-01-18.pt.jpg,ORDER_Lepidoptera,2025-01-28,19:05:05,,2025_01_28__19_05_05,MachineObservation,Cerro_Hoya_Expedition_Hoya_1416m_fondoGorila_2025-01-27_2025-01-28,Cerro_Hoya_Expedition_Hoya_1416m_fondoGorila_2025-01-27,fondoGorila_2025_01_28__19_05_05_HDR0.jpg,fondoGorila_2025_01_28__19_05_05_HDR0_0_Mothbot_yolo11m_4500_imgsz1600_b1_2024-01-18.pt.jpg
,,,,,,,,,,,,ERROR,Cerro_Hoya_Expedition_Hoya_1416m_fondoGorila_2025-01-27,fondoGorila_2025_01_28__19_06_05_HDR0_0_Mothbot_yolo11m_4500_imgsz1600_b1_2024-01-18.pt.jpg,HS,Mothbot_yolo11m_4500_imgsz1600_b1_2024-01-18.pt,0.7947043776512146,,fondoGorila,Cerro_Hoya_Expedition/Hoya_1416m_fondoGorila_2025-01-27/2025-01-28/patches/fondoGorila_2025_01_28__19_06_05_HDR0_0_Mothbot_yolo11m_4500_imgsz1600_b1_2024-01-18.pt.jpg,ORDER_Lepidoptera,2025-01-28,19:06:05,,2025_01_28__19_06_05,MachineObservation,Cerro_Hoya_Expedition_Hoya_1416m_fondoGorila_2025-01-27_2025-01-28,Cerro_Hoya_Expedition_Hoya_1416m_fondoGorila_2025-01-27,fondoGorila_2025_01_28__19_06_05_HDR0.jpg,fondoGorila_2025_01_28__19_06_05_HDR0_0_Mothbot_yolo11m_4500_imgsz1600_b1_2024-01-18.pt.jpg
,,,,,,,,,,,,ERROR,Cerro_Hoya_Expedition_Hoya_1416m_fondoGorila_2025-01-27,fondoGorila_2025_01_28__19_07_05_HDR0_0_Mothbot_yolo11m_4500_imgsz1600_b1_2024-01-18.pt.jpg,HS,Mothbot_yolo11m_4500_imgsz1600_b1_2024-01-18.pt,0.8076100945472717,,fondoGorila,Cerro_Hoya_Expedition/Hoya_1416m_fondoGorila_2025-01-27/2025-01-28/patches/fondoGorila_2025_01_28__19_07_05_HDR0_0_Mothbot_yolo11m_4500_imgsz1600_b1_2024-01-18.pt.jpg,ORDER_Lepidoptera,2025-01-28,19:07:05,,2025_01_28__19_07_05,MachineObservation,Cerro_Hoya_Expedition_Hoya_1416m_fondoGorila_2025-01-27_2025-01-28,Cerro_Hoya_Expedition_Hoya_1416m_fondoGorila_2025-01-27,fondoGorila_2025_01_28__19_07_05_HDR0.jpg,fondoGorila_2025_01_28__19_07_05_HDR0_0_Mothbot_yolo11m_4500_imgsz1600_b1_2024-01-18.pt.jpg
,,,,,,,,,,,,ERROR,Cerro_Hoya_Expedition_Hoya_1416m_fondoGorila_2025-01-27,fondoGorila_2025_01_28__19_08_22_HDR0_0_Mothbot_yolo11m_4500_imgsz1600_b1_2024-01-18.pt.jpg,HS,Mothbot_yolo11m_4500_imgsz1600_b1_2024-01-18.pt,0.8199276924133301,,fondoGorila,Cerro_Hoya_Expedition/Hoya_1416m_fondoGorila_2025-01-27/2025-01-28/patches/fondoGorila_2025_01_28__19_08_22_HDR0_0_Mothbot_yolo11m_4500_imgsz1600_b1_2024-01-18.pt.jpg,ORDER_Lepidoptera,2025-01-28,19:08:22,,2025_01_28__19_08_22,MachineObservation,Cerro_Hoya_Expedition_Hoya_1416m_fondoGorila_2025-01-27_2025-01-28,Cerro_Hoya_Expedition_Hoya_1416m_fondoGorila_2025-01-27,fondoGorila_2025_01_28__19_08_22_HDR0.jpg,fondoGorila_2025_01_28__19_08_22_HDR0_0_Mothbot_yolo11m_4500_imgsz1600_b1_2024-01-18.pt.jpg
,,,,,,,,,,,,ERROR,Cerro_Hoya_Expedition_Hoya_1416m_fondoGorila_2025-01-27,fondoGorila_2025_01_28__19_09_06_HDR0_0_Mothbot_yolo11m_4500_imgsz1600_b1_2024-01-18.pt.jpg,HS,Mothbot_yolo11m_4500_imgsz1600_b1_2024-01-18.pt,0.821374237537384,,fondoGorila,Cerro_Hoya_Expedition/Hoya_1416m_fondoGorila_2025-01-27/2025-01-28/patches/fondoGorila_2025_01_28__19_09_06_HDR0_0_Mothbot_yolo11m_4500_imgsz1600_b1_2024-01-18.pt.jpg,ORDER_Lepidoptera,2025-01-28,19:09:06,,2025_01_28__19_09_06,MachineObservation,Cerro_Hoya_Expedition_Hoya_1416m_fondoGorila_2025-01-27_2025-01-28,Cerro_Hoya_Expedition_Hoya_1416m_fondoGorila_2025-01-27,fondoGorila_2025_01_28__19_09_06_HDR0.jpg,fondoGorila_2025_01_28__19_09_06_HDR0_0_Mothbot_yolo11m_4500_imgsz1600_b1_2024-01-18.pt.jpg
,,,,,,,,,,,,ERROR,Cerro_Hoya_Expedition_Hoya_1416m_fondoGorila_2025-01-27,fondoGorila_2025_01_28__19_10_05_HDR0_0_Mothbot_yolo11m_4500_imgsz1600_b1_2024-01-18.pt.jpg,HS,Mothbot_yolo11m_4500_imgsz1600_b1_2024-01-18.pt,0.8100740313529968,,fondoGorila,Cerro_Hoya_Expedition/Hoya_1416m_fondoGorila_2025-01-27/2025-01-28/patches/fondoGorila_2025_01_28__19_10_05_HDR0_0_Mothbot_yolo11m_4500_imgsz1600_b1_2024-01-18.pt.jpg,ORDER_Hymenoptera,2025-01-28,19:10:05,,2025_01_28__19_10_05,MachineObservation,Cerro_Hoya_Expedition_Hoya_1416m_fondoGorila_2025-01-27_2025-01-28,Cerro_Hoya_Expedition_Hoya_1416m_fondoGorila_2025-01-27,fondoGorila_2025_01_28__19_10_05_HDR0.jpg,fondoGorila_2025_01_28__19_10_05_HDR0_0_Mothbot_yolo11m_4500_imgsz1600_b1_2024-01-18.pt.jpg
,,,,,,,,,,,,ERROR,Cerro_Hoya_Expedition_Hoya_1416m_fondoGorila_2025-01-27,fondoGorila_2025_01_28__19_11_05_HDR0_0_Mothbot_yolo11m_4500_imgsz1600_b1_2024-01-18.pt.jpg,HS,Mothbot_yolo11m_4500_imgsz1600_b1_2024-01-18.pt,0.8105881214141846,,fondoGorila,Cerro_Hoya_Expedition/Hoya_1416m_fondoGorila_2025-01-27/2025-01-28/patches/fondoGorila_2025_01_28__19_11_05_HDR0_0_Mothbot_yolo11m_4500_imgsz1600_b1_2024-01-18.pt.jpg,ORDER_Diptera,2025-01-28,19:11:05,,2025_01_28__19_11_05,MachineObservation,Cerro_Hoya_Expedition_Hoya_1416m_fondoGorila_2025-01-27_2025-01-28,Cerro_Hoya_Expedition_Hoya_1416m_fondoGorila_2025-01-27,fondoGorila_2025_01_28__19_11_05_HDR0.jpg,fondoGorila_2025_01_28__19_11_05_HDR0_0_Mothbot_yolo11m_4500_imgsz1600_b1_2024-01-18.pt.jpg
,,,,,,,,,,,,ERROR,Cerro_Hoya_Expedition_Hoya_1416m_fondoGorila_2025-01-27,fondoGorila_2025_01_28__19_12_06_HDR0_0_Mothbot_yolo11m_4500_imgsz1600_b1_2024-01-18.pt.jpg,HS,Mothbot_yolo11m_4500_imgsz1600_b1_2024-01-18.pt,0.8156745433807373,,fondoGorila,Cerro_Hoya_Expedition/Hoya_1416m_fondoGorila_2025-01-27/2025-01-28/patches/fondoGorila_2025_01_28__19_12_06_HDR0_0_Mothbot_yolo11m_4500_imgsz1600_b1_2024-01-18.pt.jpg,ORDER_Hymenoptera,2025-01-28,19:12:06,,2025_01_28__19_12_06,MachineObservation,Cerro_Hoya_Expedition_Hoya_1416m_fondoGorila_2025-01-27_2025-01-28,Cerro_Hoya_Expedition_Hoya_1416m_fondoGorila_2025-01-27,fondoGorila_2025_01_28__19_12_06_HDR0.jpg,fondoGorila_2025_01_28__19_12_06_HDR0_0_Mothbot_yolo11m_4500_imgsz1600_b1_2024-01-18.pt.jpg
doi.org10.15468dl.6nxkw6.csv,Animalia,Arthropoda,Insecta,Orthoptera,,,,,1458,,Orthoptera,Orthoptera,Cerro_Hoya_Expedition_Hoya_1416m_fondoGorila_2025-01-27,fondoGorila_2025_01_28__19_12_06_HDR0_1_Mothbot_yolo11m_4500_imgsz1600_b1_2024-01-18.pt.jpg,HS,Mothbot_yolo11m_4500_imgsz1600_b1_2024-01-18.pt,0.4602499306201935,,fondoGorila,Cerro_Hoya_Expedition/Hoya_1416m_fondoGorila_2025-01-27/2025-01-28/patches/fondoGorila_2025_01_28__19_12_06_HDR0_1_Mothbot_yolo11m_4500_imgsz1600_b1_2024-01-18.pt.jpg,ORDER_Blattodea,2025-01-28,19:12:06,,2025_01_28__19_12_06,MachineObservation,Cerro_Hoya_Expedition_Hoya_1416m_fondoGorila_2025-01-27_2025-01-28,Cerro_Hoya_Expedition_Hoya_1416m_fondoGorila_2025-01-27,fondoGorila_2025_01_28__19_12_06_HDR0.jpg,fondoGorila_2025_01_28__19_12_06_HDR0_1_Mothbot_yolo11m_4500_imgsz1600_b1_2024-01-18.pt.jpg
,,,,,,,,,,,,ERROR,Cerro_Hoya_Expedition_Hoya_1416m_fondoGorila_2025-01-27,fondoGorila_2025_01_28__19_13_06_HDR0_0_Mothbot_yolo11m_4500_imgsz1600_b1_2024-01-18.pt.jpg,HS,Mothbot_yolo11m_4500_imgsz1600_b1_2024-01-18.pt,0.8069849014282227,,fondoGorila,Cerro_Hoya_Expedition/Hoya_1416m_fondoGorila_2025-01-27/2025-01-28/patches/fondoGorila_2025_01_28__19_13_06_HDR0_0_Mothbot_yolo11m_4500_imgsz1600_b1_2024-01-18.pt.jpg,ORDER_Lepidoptera,2025-01-28,19:13:06,,2025_01_28__19_13_06,MachineObservation,Cerro_Hoya_Expedition_Hoya_1416m_fondoGorila_2025-01-27_2025-01-28,Cerro_Hoya_Expedition_Hoya_1416m_fondoGorila_2025-01-27,fondoGorila_2025_01_28__19_13_06_HDR0.jpg,fondoGorila_2025_01_28__19_13_06_HDR0_0_Mothbot_yolo11m_4500_imgsz1600_b1_2024-01-18.pt.jpg
doi.org10.15468dl.6nxkw6.csv,Animalia,Arthropoda,Insecta,Diptera,,,,,811,,Diptera,Diptera,Cerro_Hoya_Expedition_Hoya_1416m_fondoGorila_2025-01-27,fondoGorila_2025_01_28__19_13_06_HDR0_1_Mothbot_yolo11m_4500_imgsz1600_b1_2024-01-18.pt.jpg,HS,Mothbot_yolo11m_4500_imgsz1600_b1_2024-01-18.pt,0.2601376473903656,,fondoGorila,Cerro_Hoya_Expedition/Hoya_1416m_fondoGorila_2025-01-27/2025-01-28/patches/fondoGorila_2025_01_28__19_13_06_HDR0_1_Mothbot_yolo11m_4500_imgsz1600_b1_2024-01-18.pt.jpg,ORDER_Psocodea,2025-01-28,19:13:06,,2025_01_28__19_13_06,MachineObservation,Cerro_Hoya_Expedition_Hoya_1416m_fondoGorila_2025-01-27_2025-01-28,Cerro_Hoya_Expedition_Hoya_1416m_fondoGorila_2025-01-27,fondoGorila_2025_01_28__19_13_06_HDR0.jpg,fondoGorila_2025_01_28__19_13_06_HDR0_1_Mothbot_yolo11m_4500_imgsz1600_b1_2024-01-18.pt.jpg
,,,,,,,,,,,,ERROR,Cerro_Hoya_Expedition_Hoya_1416m_fondoGorila_2025-01-27,fondoGorila_2025_01_28__19_14_06_HDR0_0_Mothbot_yolo11m_4500_imgsz1600_b1_2024-01-18.pt.jpg,HS,Mothbot_yolo11m_4500_imgsz1600_b1_2024-01-18.pt,0.8081889152526855,,fondoGorila,Cerro_Hoya_Expedition/Hoya_1416m_fondoGorila_2025-01-27/2025-01-28/patches/fondoGorila_2025_01_28__19_14_06_HDR0_0_Mothbot_yolo11m_4500_imgsz1600_b1_2024-01-18.pt.jpg,ORDER_Lepidoptera,2025-01-28,19:14:06,,2025_01_28__19_14_06,MachineObservation,Cerro_Hoya_Expedition_Hoya_1416m_fondoGorila_2025-01-27_2025-01-28,Cerro_Hoya_Expedition_Hoya_1416m_fondoGorila_2025-01-27,fondoGorila_2025_01_28__19_14_06_HDR0.jpg,fondoGorila_2025_01_28__19_14_06_HDR0_0_Mothbot_yolo11m_4500_imgsz1600_b1_2024-01-18.pt.jpg
,,,,,,,,,,,,ERROR,Cerro_Hoya_Expedition_Hoya_1416m_fondoGorila_2025-01-27,fondoGorila_2025_01_28__19_15_23_HDR0_0_Mothbot_yolo11m_4500_imgsz1600_b1_2024-01-18.pt.jpg,HS,Mothbot_yolo11m_4500_imgsz1600_b1_2024-01-18.pt,0.7632084488868713,,fondoGorila,Cerro_Hoya_Expedition/Hoya_1416m_fondoGorila_2025-01-27/2025-01-28/patches/fondoGorila_2025_01_28__19_15_23_HDR0_0_Mothbot_yolo11m_4500_imgsz1600_b1_2024-01-18.pt.jpg,ORDER_Diptera,2025-01-28,19:15:23,,2025_01_28__19_15_23,MachineObservation,Cerro_Hoya_Expedition_Hoya_1416m_fondoGorila_2025-01-27_2025-01-28,Cerro_Hoya_Expedition_Hoya_1416m_fondoGorila_2025-01-27,fondoGorila_2025_01_28__19_15_23_HDR0.jpg,fondoGorila_2025_01_28__19_15_23_HDR0_0_Mothbot_yolo11m_4500_imgsz1600_b1_2024-01-18.pt.jpg
,,,,,,,,,,,,ERROR,Cerro_Hoya_Expedition_Hoya_1416m_fondoGorila_2025-01-27,fondoGorila_2025_01_28__19_16_06_HDR0_0_Mothbot_yolo11m_4500_imgsz1600_b1_2024-01-18.pt.jpg,HS,Mothbot_yolo11m_4500_imgsz1600_b1_2024-01-18.pt,0.7349840402603149,,fondoGorila,Cerro_Hoya_Expedition/Hoya_1416m_fondoGorila_2025-01-27/2025-01-28/patches/fondoGorila_2025_01_28__19_16_06_HDR0_0_Mothbot_yolo11m_4500_imgsz1600_b1_2024-01-18.pt.jpg,ORDER_Diptera,2025-01-28,19:16:06,,2025_01_28__19_16_06,MachineObservation,Cerro_Hoya_Expedition_Hoya_1416m_fondoGorila_2025-01-27_2025-01-28,Cerro_Hoya_Expedition_Hoya_1416m_fondoGorila_2025-01-27,fondoGorila_2025_01_28__19_16_06_HDR0.jpg,fondoGorila_2025_01_28__19_16_06_HDR0_0_Mothbot_yolo11m_4500_imgsz1600_b1_2024-01-18.pt.jpg
,,,,,,,,,,,,ERROR,Cerro_Hoya_Expedition_Hoya_1416m_fondoGorila_2025-01-27,fondoGorila_2025_01_28__19_17_06_HDR0_0_Mothbot_yolo11m_4500_imgsz1600_b1_2024-01-18.pt.jpg,HS,Mothbot_yolo11m_4500_imgsz1600_b1_2024-01-18.pt,0.7064448595046997,,fondoGorila,Cerro_Hoya_Expedition/Hoya_1416m_fondoGorila_2025-01-27/2025-01-28/patches/fondoGorila_2025_01_28__19_17_06_HDR0_0_Mothbot_yolo11m_4500_imgsz1600_b1_2024-01-18.pt.jpg,ORDER_Diptera,2025-01-28,19:17:06,,2025_01_28__19_17_06,MachineObservation,Cerro_Hoya_Expedition_Hoya_1416m_fondoGorila_2025-01-27_2025-01-28,Cerro_Hoya_Expedition_Hoya_1416m_fondoGorila_2025-01-27,fondoGorila_2025_01_28__19_17_06_HDR0.jpg,fondoGorila_2025_01_28__19_17_06_HDR0_0_Mothbot_yolo11m_4500_imgsz1600_b1_2024-01-18.pt.jpg
,,,,,,,,,,,,ERROR,Cerro_Hoya_Expedition_Hoya_1416m_fondoGorila_2025-01-27,fondoGorila_2025_01_28__19_18_06_HDR0_0_Mothbot_yolo11m_4500_imgsz1600_b1_2024-01-18.pt.jpg,HS,Mothbot_yolo11m_4500_imgsz1600_b1_2024-01-18.pt,0.7464690804481506,,fondoGorila,Cerro_Hoya_Expedition/Hoya_1416m_fondoGorila_2025-01-27/2025-01-28/patches/fondoGorila_2025_01_28__19_18_06_HDR0_0_Mothbot_yolo11m_4500_imgsz1600_b1_2024-01-18.pt.jpg,ORDER_Lepidoptera,2025-01-28,19:18:06,,2025_01_28__19_18_06,MachineObservation,Cerro_Hoya_Expedition_Hoya_1416m_fondoGorila_2025-01-27_2025-01-28,Cerro_Hoya_Expedition_Hoya_1416m_fondoGorila_2025-01-27,fondoGorila_2025_01_28__19_18_06_HDR0.jpg,fondoGorila_2025_01_28__19_18_06_HDR0_0_Mothbot_yolo11m_4500_imgsz1600_b1_2024-01-18.pt.jpg
,,,,,,,,,,,,ERROR,Cerro_Hoya_Expedition_Hoya_1416m_fondoGorila_2025-01-27,fondoGorila_2025_01_28__19_19_05_HDR0_0_Mothbot_yolo11m_4500_imgsz1600_b1_2024-01-18.pt.jpg,HS,Mothbot_yolo11m_4500_imgsz1600_b1_2024-01-18.pt,0.6838159561157227,,fondoGorila,Cerro_Hoya_Expedition/Hoya_1416m_fondoGorila_2025-01-27/2025-01-28/patches/fondoGorila_2025_01_28__19_19_05_HDR0_0_Mothbot_yolo11m_4500_imgsz1600_b1_2024-01-18.pt.jpg,ORDER_Diptera,2025-01-28,19:19:05,,2025_01_28__19_19_05,MachineObservation,Cerro_Hoya_Expedition_Hoya_1416m_fondoGorila_2025-01-27_2025-01-28,Cerro_Hoya_Expedition_Hoya_1416m_fondoGorila_2025-01-27,fondoGorila_2025_01_28__19_19_05_HDR0.jpg,fondoGorila_2025_01_28__19_19_05_HDR0_0_Mothbot_yolo11m_4500_imgsz1600_b1_2024-01-18.pt.jpg
,,,,,,,,,,,,ERROR,Cerro_Hoya_Expedition_Hoya_1416m_fondoGorila_2025-01-27,fondoGorila_2025_01_28__19_20_05_HDR0_0_Mothbot_yolo11m_4500_imgsz1600_b1_2024-01-18.pt.jpg,HS,Mothbot_yolo11m_4500_imgsz1600_b1_2024-01-18.pt,0.6598872542381287,,fondoGorila,Cerro_Hoya_Expedition/Hoya_1416m_fondoGorila_2025-01-27/2025-01-28/patches/fondoGorila_2025_01_28__19_20_05_HDR0_0_Mothbot_yolo11m_4500_imgsz1600_b1_2024-01-18.pt.jpg,ORDER_Diptera,2025-01-28,19:20:05,,2025_01_28__19_20_05,MachineObservation,Cerro_Hoya_Expedition_Hoya_1416m_fondoGorila_2025-01-27_2025-01-28,Cerro_Hoya_Expedition_Hoya_1416m_fondoGorila_2025-01-27,fondoGorila_2025_01_28__19_20_05_HDR0.jpg,fondoGorila_2025_01_28__19_20_05_HDR0_0_Mothbot_yolo11m_4500_imgsz1600_b1_2024-01-18.pt.jpg
,,,,,,,,,,,,ERROR,Cerro_Hoya_Expedition_Hoya_1416m_fondoGorila_2025-01-27,fondoGorila_2025_01_28__19_21_06_HDR0_0_Mothbot_yolo11m_4500_imgsz1600_b1_2024-01-18.pt.jpg,HS,Mothbot_yolo11m_4500_imgsz1600_b1_2024-01-18.pt,0.7327849864959717,,fondoGorila,Cerro_Hoya_Expedition/Hoya_1416m_fondoGorila_2025-01-27/2025-01-28/patches/fondoGorila_2025_01_28__19_21_06_HDR0_0_Mothbot_yolo11m_4500_imgsz1600_b1_2024-01-18.pt.jpg,ORDER_Diptera,2025-01-28,19:21:06,,2025_01_28__19_21_06,MachineObservation,Cerro_Hoya_Expedition_Hoya_1416m_fondoGorila_2025-01-27_2025-01-28,Cerro_Hoya_Expedition_Hoya_1416m_fondoGorila_2025-01-27,fondoGorila_2025_01_28__19_21_06_HDR0.jpg,fondoGorila_2025_01_28__19_21_06_HDR0_0_Mothbot_yolo11m_4500_imgsz1600_b1_2024-01-18.pt.jpg
,,,,,,,,,,,,ERROR,Cerro_Hoya_Expedition_Hoya_1416m_fondoGorila_2025-01-27,fondoGorila_2025_01_28__19_22_22_HDR0_0_Mothbot_yolo11m_4500_imgsz1600_b1_2024-01-18.pt.jpg,HS,Mothbot_yolo11m_4500_imgsz1600_b1_2024-01-18.pt,0.6561312675476074,,fondoGorila,Cerro_Hoya_Expedition/Hoya_1416m_fondoGorila_2025-01-27/2025-01-28/patches/fondoGorila_2025_01_28__19_22_22_HDR0_0_Mothbot_yolo11m_4500_imgsz1600_b1_2024-01-18.pt.jpg,ORDER_Diptera,2025-01-28,19:22:22,,2025_01_28__19_22_22,MachineObservation,Cerro_Hoya_Expedition_Hoya_1416m_fondoGorila_2025-01-27_2025-01-28,Cerro_Hoya_Expedition_Hoya_1416m_fondoGorila_2025-01-27,fondoGorila_2025_01_28__19_22_22_HDR0.jpg,fondoGorila_2025_01_28__19_22_22_HDR0_0_Mothbot_yolo11m_4500_imgsz1600_b1_2024-01-18.pt.jpg
,,,,,,,,,,,,ERROR,Cerro_Hoya_Expedition_Hoya_1416m_fondoGorila_2025-01-27,fondoGorila_2025_01_28__19_23_05_HDR0_0_Mothbot_yolo11m_4500_imgsz1600_b1_2024-01-18.pt.jpg,HS,Mothbot_yolo11m_4500_imgsz1600_b1_2024-01-18.pt,0.6881963014602661,,fondoGorila,Cerro_Hoya_Expedition/Hoya_1416m_fondoGorila_2025-01-27/2025-01-28/patches/fondoGorila_2025_01_28__19_23_05_HDR0_0_Mothbot_yolo11m_4500_imgsz1600_b1_2024-01-18.pt.jpg,ORDER_Diptera,2025-01-28,19:23:05,,2025_01_28__19_23_05,MachineObservation,Cerro_Hoya_Expedition_Hoya_1416m_fondoGorila_2025-01-27_2025-01-28,Cerro_Hoya_Expedition_Hoya_1416m_fondoGorila_2025-01-27,fondoGorila_2025_01_28__19_23_05_HDR0.jpg,fondoGorila_2025_01_28__19_23_05_HDR0_0_Mothbot_yolo11m_4500_imgsz1600_b1_2024-01-18.pt.jpg
,,,,,,,,,,,,ERROR,Cerro_Hoya_Expedition_Hoya_1416m_fondoGorila_2025-01-27,fondoGorila_2025_01_28__19_24_06_HDR0_0_Mothbot_yolo11m_4500_imgsz1600_b1_2024-01-18.pt.jpg,HS,Mothbot_yolo11m_4500_imgsz1600_b1_2024-01-18.pt,0.4950331449508667,,fondoGorila,Cerro_Hoya_Expedition/Hoya_1416m_fondoGorila_2025-01-27/2025-01-28/patches/fondoGorila_2025_01_28__19_24_06_HDR0_0_Mothbot_yolo11m_4500_imgsz1600_b1_2024-01-18.pt.jpg,ORDER_Diptera,2025-01-28,19:24:06,,2025_01_28__19_24_06,MachineObservation,Cerro_Hoya_Expedition_Hoya_1416m_fondoGorila_2025-01-27_2025-01-28,Cerro_Hoya_Expedition_Hoya_1416m_fondoGorila_2025-01-27,fondoGorila_2025_01_28__19_24_06_HDR0.jpg,fondoGorila_2025_01_28__19_24_06_HDR0_0_Mothbot_yolo11m_4500_imgsz1600_b1_2024-01-18.pt.jpg
,,,,,,,,,,,,ERROR,Cerro_Hoya_Expedition_Hoya_1416m_fondoGorila_2025-01-27,fondoGorila_2025_01_28__19_25_06_HDR0_0_Mothbot_yolo11m_4500_imgsz1600_b1_2024-01-18.pt.jpg,HS,Mothbot_yolo11m_4500_imgsz1600_b1_2024-01-18.pt,0.5657698512077332,,fondoGorila,Cerro_Hoya_Expedition/Hoya_1416m_fondoGorila_2025-01-27/2025-01-28/patches/fondoGorila_2025_01_28__19_25_06_HDR0_0_Mothbot_yolo11m_4500_imgsz1600_b1_2024-01-18.pt.jpg,ORDER_Hymenoptera,2025-01-28,19:25:06,,2025_01_28__19_25_06,MachineObservation,Cerro_Hoya_Expedition_Hoya_1416m_fondoGorila_2025-01-27_2025-01-28,Cerro_Hoya_Expedition_Hoya_1416m_fondoGorila_2025-01-27,fondoGorila_2025_01_28__19_25_06_HDR0.jpg,fondoGorila_2025_01_28__19_25_06_HDR0_0_Mothbot_yolo11m_4500_imgsz1600_b1_2024-01-18.pt.jpg
,,,,,,,,,,,,ERROR,Cerro_Hoya_Expedition_Hoya_1416m_fondoGorila_2025-01-27,fondoGorila_2025_01_28__19_26_06_HDR0_0_Mothbot_yolo11m_4500_imgsz1600_b1_2024-01-18.pt.jpg,HS,Mothbot_yolo11m_4500_imgsz1600_b1_2024-01-18.pt,0.58902907371521,,fondoGorila,Cerro_Hoya_Expedition/Hoya_1416m_fondoGorila_2025-01-27/2025-01-28/patches/fondoGorila_2025_01_28__19_26_06_HDR0_0_Mothbot_yolo11m_4500_imgsz1600_b1_2024-01-18.pt.jpg,ORDER_Diptera,2025-01-28,19:26:06,,2025_01_28__19_26_06,MachineObservation,Cerro_Hoya_Expedition_Hoya_1416m_fondoGorila_2025-01-27_2025-01-28,Cerro_Hoya_Expedition_Hoya_1416m_fondoGorila_2025-01-27,fondoGorila_2025_01_28__19_26_06_HDR0.jpg,fondoGorila_2025_01_28__19_26_06_HDR0_0_Mothbot_yolo11m_4500_imgsz1600_b1_2024-01-18.pt.jpg
,,,,,,,,,,,,ERROR,Cerro_Hoya_Expedition_Hoya_1416m_fondoGorila_2025-01-27,fondoGorila_2025_01_28__19_27_06_HDR0_0_Mothbot_yolo11m_4500_imgsz1600_b1_2024-01-18.pt.jpg,HS,Mothbot_yolo11m_4500_imgsz1600_b1_2024-01-18.pt,0.5944773554801941,,fondoGorila,Cerro_Hoya_Expedition/Hoya_1416m_fondoGorila_2025-01-27/2025-01-28/patches/fondoGorila_2025_01_28__19_27_06_HDR0_0_Mothbot_yolo11m_4500_imgsz1600_b1_2024-01-18.pt.jpg,ORDER_Diptera,2025-01-28,19:27:06,,2025_01_28__19_27_06,MachineObservation,Cerro_Hoya_Expedition_Hoya_1416m_fondoGorila_2025-01-27_2025-01-28,Cerro_Hoya_Expedition_Hoya_1416m_fondoGorila_2025-01-27,fondoGorila_2025_01_28__19_27_06_HDR0.jpg,fondoGorila_2025_01_28__19_27_06_HDR0_0_Mothbot_yolo11m_4500_imgsz1600_b1_2024-01-18.pt.jpg
,,,,,,,,,,,,ERROR,Cerro_Hoya_Expedition_Hoya_1416m_fondoGorila_2025-01-27,fondoGorila_2025_01_28__19_28_05_HDR0_0_Mothbot_yolo11m_4500_imgsz1600_b1_2024-01-18.pt.jpg,HS,Mothbot_yolo11m_4500_imgsz1600_b1_2024-01-18.pt,0.447051465511322,,fondoGorila,Cerro_Hoya_Expedition/Hoya_1416m_fondoGorila_2025-01-27/2025-01-28/patches/fondoGorila_2025_01_28__19_28_05_HDR0_0_Mothbot_yolo11m_4500_imgsz1600_b1_2024-01-18.pt.jpg,ORDER_Diptera,2025-01-28,19:28:05,,2025_01_28__19_28_05,MachineObservation,Cerro_Hoya_Expedition_Hoya_1416m_fondoGorila_2025-01-27_2025-01-28,Cerro_Hoya_Expedition_Hoya_1416m_fondoGorila_2025-01-27,fondoGorila_2025_01_28__19_28_05_HDR0.jpg,fondoGorila_2025_01_28__19_28_05_HDR0_0_Mothbot_yolo11m_4500_imgsz1600_b1_2024-01-18.pt.jpg
,,,,,,,,,,,,ERROR,Cerro_Hoya_Expedition_Hoya_1416m_fondoGorila_2025-01-27,fondoGorila_2025_01_28__19_29_22_HDR0_0_Mothbot_yolo11m_4500_imgsz1600_b1_2024-01-18.pt.jpg,HS,Mothbot_yolo11m_4500_imgsz1600_b1_2024-01-18.pt,0.5668205618858337,,fondoGorila,Cerro_Hoya_Expedition/Hoya_1416m_fondoGorila_2025-01-27/2025-01-28/patches/fondoGorila_2025_01_28__19_29_22_HDR0_0_Mothbot_yolo11m_4500_imgsz1600_b1_2024-01-18.pt.jpg,ORDER_Diptera,2025-01-28,19:29:22,,2025_01_28__19_29_22,MachineObservation,Cerro_Hoya_Expedition_Hoya_1416m_fondoGorila_2025-01-27_2025-01-28,Cerro_Hoya_Expedition_Hoya_1416m_fondoGorila_2025-01-27,fondoGorila_2025_01_28__19_29_22_HDR0.jpg,fondoGorila_2025_01_28__19_29_22_HDR0_0_Mothbot_yolo11m_4500_imgsz1600_b1_2024-01-18.pt.jpg
,,,,,,,,,,,,ERROR,Cerro_Hoya_Expedition_Hoya_1416m_fondoGorila_2025-01-27,fondoGorila_2025_01_28__19_30_06_HDR0_0_Mothbot_yolo11m_4500_imgsz1600_b1_2024-01-18.pt.jpg,HS,Mothbot_yolo11m_4500_imgsz1600_b1_2024-01-18.pt,0.603329062461853,,fondoGorila,Cerro_Hoya_Expedition/Hoya_1416m_fondoGorila_2025-01-27/2025-01-28/patches/fondoGorila_2025_01_28__19_30_06_HDR0_0_Mothbot_yolo11m_4500_imgsz1600_b1_2024-01-18.pt.jpg,ORDER_Diptera,2025-01-28,19:30:06,,2025_01_28__19_30_06,MachineObservation,Cerro_Hoya_Expedition_Hoya_1416m_fondoGorila_2025-01-27_2025-01-28,Cerro_Hoya_Expedition_Hoya_1416m_fondoGorila_2025-01-27,fondoGorila_2025_01_28__19_30_06_HDR0.jpg,fondoGorila_2025_01_28__19_30_06_HDR0_0_Mothbot_yolo11m_4500_imgsz1600_b1_2024-01-18.pt.jpg
,,,,,,,,,,,,ERROR,Cerro_Hoya_Expedition_Hoya_1416m_fondoGorila_2025-01-27,fondoGorila_2025_01_28__19_31_05_HDR0_0_Mothbot_yolo11m_4500_imgsz1600_b1_2024-01-18.pt.jpg,HS,Mothbot_yolo11m_4500_imgsz1600_b1_2024-01-18.pt,0.5435459613800049,,fondoGorila,Cerro_Hoya_Expedition/Hoya_1416m_fondoGorila_2025-01-27/2025-01-28/patches/fondoGorila_2025_01_28__19_31_05_HDR0_0_Mothbot_yolo11m_4500_imgsz1600_b1_2024-01-18.pt.jpg,ORDER_Diptera,2025-01-28,19:31:05,,2025_01_28__19_31_05,MachineObservation,Cerro_Hoya_Expedition_Hoya_1416m_fondoGorila_2025-01-27_2025-01-28,Cerro_Hoya_Expedition_Hoya_1416m_fondoGorila_2025-01-27,fondoGorila_2025_01_28__19_31_05_HDR0.jpg,fondoGorila_2025_01_28__19_31_05_HDR0_0_Mothbot_yolo11m_4500_imgsz1600_b1_2024-01-18.pt.jpg
,,,,,,,,,,,,ERROR,Cerro_Hoya_Expedition_Hoya_1416m_fondoGorila_2025-01-27,fondoGorila_2025_01_28__19_32_06_HDR0_0_Mothbot_yolo11m_4500_imgsz1600_b1_2024-01-18.pt.jpg,HS,Mothbot_yolo11m_4500_imgsz1600_b1_2024-01-18.pt,0.4833996295928955,,fondoGorila,Cerro_Hoya_Expedition/Hoya_1416m_fondoGorila_2025-01-27/2025-01-28/patches/fondoGorila_2025_01_28__19_32_06_HDR0_0_Mothbot_yolo11m_4500_imgsz1600_b1_2024-01-18.pt.jpg,ORDER_Diptera,2025-01-28,19:32:06,,2025_01_28__19_32_06,MachineObservation,Cerro_Hoya_Expedition_Hoya_1416m_fondoGorila_2025-01-27_2025-01-28,Cerro_Hoya_Expedition_Hoya_1416m_fondoGorila_2025-01-27,fondoGorila_2025_01_28__19_32_06_HDR0.jpg,fondoGorila_2025_01_28__19_32_06_HDR0_0_Mothbot_yolo11m_4500_imgsz1600_b1_2024-01-18.pt.jpg
,,,,,,,,,,,,ERROR,Cerro_Hoya_Expedition_Hoya_1416m_fondoGorila_2025-01-27,fondoGorila_2025_01_28__19_33_06_HDR0_0_Mothbot_yolo11m_4500_imgsz1600_b1_2024-01-18.pt.jpg,HS,Mothbot_yolo11m_4500_imgsz1600_b1_2024-01-18.pt,0.5050949454307556,,fondoGorila,Cerro_Hoya_Expedition/Hoya_1416m_fondoGorila_2025-01-27/2025-01-28/patches/fondoGorila_2025_01_28__19_33_06_HDR0_0_Mothbot_yolo11m_4500_imgsz1600_b1_2024-01-18.pt.jpg,ORDER_Diptera,2025-01-28,19:33:06,,2025_01_28__19_33_06,MachineObservation,Cerro_Hoya_Expedition_Hoya_1416m_fondoGorila_2025-01-27_2025-01-28,Cerro_Hoya_Expedition_Hoya_1416m_fondoGorila_2025-01-27,fondoGorila_2025_01_28__19_33_06_HDR0.jpg,fondoGorila_2025_01_28__19_33_06_HDR0_0_Mothbot_yolo11m_4500_imgsz1600_b1_2024-01-18.pt.jpg
,,,,,,,,,,,,ERROR,Cerro_Hoya_Expedition_Hoya_1416m_fondoGorila_2025-01-27,fondoGorila_2025_01_28__19_34_06_HDR0_0_Mothbot_yolo11m_4500_imgsz1600_b1_2024-01-18.pt.jpg,HS,Mothbot_yolo11m_4500_imgsz1600_b1_2024-01-18.pt,0.3763801157474518,,fondoGorila,Cerro_Hoya_Expedition/Hoya_1416m_fondoGorila_2025-01-27/2025-01-28/patches/fondoGorila_2025_01_28__19_34_06_HDR0_0_Mothbot_yolo11m_4500_imgsz1600_b1_2024-01-18.pt.jpg,ORDER_Diptera,2025-01-28,19:34:06,,2025_01_28__19_34_06,MachineObservation,Cerro_Hoya_Expedition_Hoya_1416m_fondoGorila_2025-01-27_2025-01-28,Cerro_Hoya_Expedition_Hoya_1416m_fondoGorila_2025-01-27,fondoGorila_2025_01_28__19_34_06_HDR0.jpg,fondoGorila_2025_01_28__19_34_06_HDR0_0_Mothbot_yolo11m_4500_imgsz1600_b1_2024-01-18.pt.jpg
,,,,,,,,,,,,ERROR,Cerro_Hoya_Expedition_Hoya_1416m_fondoGorila_2025-01-27,fondoGorila_2025_01_28__19_35_06_HDR0_0_Mothbot_yolo11m_4500_imgsz1600_b1_2024-01-18.pt.jpg,HS,Mothbot_yolo11m_4500_imgsz1600_b1_2024-01-18.pt,0.372612327337265,,fondoGorila,Cerro_Hoya_Expedition/Hoya_1416m_fondoGorila_2025-01-27/2025-01-28/patches/fondoGorila_2025_01_28__19_35_06_HDR0_0_Mothbot_yolo11m_4500_imgsz1600_b1_2024-01-18.pt.jpg,ORDER_Diptera,2025-01-28,19:35:06,,2025_01_28__19_35_06,MachineObservation,Cerro_Hoya_Expedition_Hoya_1416m_fondoGorila_2025-01-27_2025-01-28,Cerro_Hoya_Expedition_Hoya_1416m_fondoGorila_2025-01-27,fondoGorila_2025_01_28__19_35_06_HDR0.jpg,fondoGorila_2025_01_28__19_35_06_HDR0_0_Mothbot_yolo11m_4500_imgsz1600_b1_2024-01-18.pt.jpg
,,,,,,,,,,,,ERROR,Cerro_Hoya_Expedition_Hoya_1416m_fondoGorila_2025-01-27,fondoGorila_2025_01_28__19_36_23_HDR0_0_Mothbot_yolo11m_4500_imgsz1600_b1_2024-01-18.pt.jpg,HS,Mothbot_yolo11m_4500_imgsz1600_b1_2024-01-18.pt,0.40930473804473877,,fondoGorila,Cerro_Hoya_Expedition/Hoya_1416m_fondoGorila_2025-01-27/2025-01-28/patches/fondoGorila_2025_01_28__19_36_23_HDR0_0_Mothbot_yolo11m_4500_imgsz1600_b1_2024-01-18.pt.jpg,ORDER_Trichoptera,2025-01-28,19:36:23,,2025_01_28__19_36_23,MachineObservation,Cerro_Hoya_Expedition_Hoya_1416m_fondoGorila_2025-01-27_2025-01-28,Cerro_Hoya_Expedition_Hoya_1416m_fondoGorila_2025-01-27,fondoGorila_2025_01_28__19_36_23_HDR0.jpg,fondoGorila_2025_01_28__19_36_23_HDR0_0_Mothbot_yolo11m_4500_imgsz1600_b1_2024-01-18.pt.jpg
,,,,,,,,,,,,ERROR,Cerro_Hoya_Expedition_Hoya_1416m_fondoGorila_2025-01-27,fondoGorila_2025_01_28__19_37_06_HDR0_0_Mothbot_yolo11m_4500_imgsz1600_b1_2024-01-18.pt.jpg,HS,Mothbot_yolo11m_4500_imgsz1600_b1_2024-01-18.pt,0.43749842047691345,,fondoGorila,Cerro_Hoya_Expedition/Hoya_1416m_fondoGorila_2025-01-27/2025-01-28/patches/fondoGorila_2025_01_28__19_37_06_HDR0_0_Mothbot_yolo11m_4500_imgsz1600_b1_2024-01-18.pt.jpg,ORDER_Diptera,2025-01-28,19:37:06,,2025_01_28__19_37_06,MachineObservation,Cerro_Hoya_Expedition_Hoya_1416m_fondoGorila_2025-01-27_2025-01-28,Cerro_Hoya_Expedition_Hoya_1416m_fondoGorila_2025-01-27,fondoGorila_2025_01_28__19_37_06_HDR0.jpg,fondoGorila_2025_01_28__19_37_06_HDR0_0_Mothbot_yolo11m_4500_imgsz1600_b1_2024-01-18.pt.jpg
,,,,,,,,,,,,ERROR,Cerro_Hoya_Expedition_Hoya_1416m_fondoGorila_2025-01-27,fondoGorila_2025_01_28__19_38_06_HDR0_0_Mothbot_yolo11m_4500_imgsz1600_b1_2024-01-18.pt.jpg,HS,Mothbot_yolo11m_4500_imgsz1600_b1_2024-01-18.pt,0.2894436717033386,,fondoGorila,Cerro_Hoya_Expedition/Hoya_1416m_fondoGorila_2025-01-27/2025-01-28/patches/fondoGorila_2025_01_28__19_38_06_HDR0_0_Mothbot_yolo11m_4500_imgsz1600_b1_2024-01-18.pt.jpg,ORDER_Diptera,2025-01-28,19:38:06,,2025_01_28__19_38_06,MachineObservation,Cerro_Hoya_Expedition_Hoya_1416m_fondoGorila_2025-01-27_2025-01-28,Cerro_Hoya_Expedition_Hoya_1416m_fondoGorila_2025-01-27,fondoGorila_2025_01_28__19_38_06_HDR0.jpg,fondoGorila_2025_01_28__19_38_06_HDR0_0_Mothbot_yolo11m_4500_imgsz1600_b1_2024-01-18.pt.jpg
,,,,,,,,,,,,ERROR,Cerro_Hoya_Expedition_Hoya_1416m_fondoGorila_2025-01-27,fondoGorila_2025_01_28__19_39_06_HDR0_0_Mothbot_yolo11m_4500_imgsz1600_b1_2024-01-18.pt.jpg,HS,Mothbot_yolo11m_4500_imgsz1600_b1_2024-01-18.pt,0.4088004529476166,,fondoGorila,Cerro_Hoya_Expedition/Hoya_1416m_fondoGorila_2025-01-27/2025-01-28/patches/fondoGorila_2025_01_28__19_39_06_HDR0_0_Mothbot_yolo11m_4500_imgsz1600_b1_2024-01-18.pt.jpg,ORDER_Diptera,2025-01-28,19:39:06,,2025_01_28__19_39_06,MachineObservation,Cerro_Hoya_Expedition_Hoya_1416m_fondoGorila_2025-01-27_2025-01-28,Cerro_Hoya_Expedition_Hoya_1416m_fondoGorila_2025-01-27,fondoGorila_2025_01_28__19_39_06_HDR0.jpg,fondoGorila_2025_01_28__19_39_06_HDR0_0_Mothbot_yolo11m_4500_imgsz1600_b1_2024-01-18.pt.jpg
,,,,,,,,,,,,ERROR,Cerro_Hoya_Expedition_Hoya_1416m_fondoGorila_2025-01-27,fondoGorila_2025_01_28__19_40_06_HDR0_0_Mothbot_yolo11m_4500_imgsz1600_b1_2024-01-18.pt.jpg,HS,Mothbot_yolo11m_4500_imgsz1600_b1_2024-01-18.pt,0.5084995031356812,,fondoGorila,Cerro_Hoya_Expedition/Hoya_1416m_fondoGorila_2025-01-27/2025-01-28/patches/fondoGorila_2025_01_28__19_40_06_HDR0_0_Mothbot_yolo11m_4500_imgsz1600_b1_2024-01-18.pt.jpg,ORDER_Diptera,2025-01-28,19:40:06,,2025_01_28__19_40_06,MachineObservation,Cerro_Hoya_Expedition_Hoya_1416m_fondoGorila_2025-01-27_2025-01-28,Cerro_Hoya_Expedition_Hoya_1416m_fondoGorila_2025-01-27,fondoGorila_2025_01_28__19_40_06_HDR0.jpg,fondoGorila_2025_01_28__19_40_06_HDR0_0_Mothbot_yolo11m_4500_imgsz1600_b1_2024-01-18.pt.jpg
,,,,,,,,,,,,ERROR,Cerro_Hoya_Expedition_Hoya_1416m_fondoGorila_2025-01-27,fondoGorila_2025_01_28__19_41_05_HDR0_0_Mothbot_yolo11m_4500_imgsz1600_b1_2024-01-18.pt.jpg,HS,Mothbot_yolo11m_4500_imgsz1600_b1_2024-01-18.pt,0.39872097969055176,,fondoGorila,Cerro_Hoya_Expedition/Hoya_1416m_fondoGorila_2025-01-27/2025-01-28/patches/fondoGorila_2025_01_28__19_41_05_HDR0_0_Mothbot_yolo11m_4500_imgsz1600_b1_2024-01-18.pt.jpg,ORDER_Diptera,2025-01-28,19:41:05,,2025_01_28__19_41_05,MachineObservation,Cerro_Hoya_Expedition_Hoya_1416m_fondoGorila_2025-01-27_2025-01-28,Cerro_Hoya_Expedition_Hoya_1416m_fondoGorila_2025-01-27,fondoGorila_2025_01_28__19_41_05_HDR0.jpg,fondoGorila_2025_01_28__19_41_05_HDR0_0_Mothbot_yolo11m_4500_imgsz1600_b1_2024-01-18.pt.jpg
,,,,,,,,,,,,ERROR,Cerro_Hoya_Expedition_Hoya_1416m_fondoGorila_2025-01-27,fondoGorila_2025_01_28__19_42_06_HDR0_0_Mothbot_yolo11m_4500_imgsz1600_b1_2024-01-18.pt.jpg,HS,Mothbot_yolo11m_4500_imgsz1600_b1_2024-01-18.pt,0.3647865056991577,,fondoGorila,Cerro_Hoya_Expedition/Hoya_1416m_fondoGorila_2025-01-27/2025-01-28/patches/fondoGorila_2025_01_28__19_42_06_HDR0_0_Mothbot_yolo11m_4500_imgsz1600_b1_2024-01-18.pt.jpg,ORDER_Diptera,2025-01-28,19:42:06,,2025_01_28__19_42_06,MachineObservation,Cerro_Hoya_Expedition_Hoya_1416m_fondoGorila_2025-01-27_2025-01-28,Cerro_Hoya_Expedition_Hoya_1416m_fondoGorila_2025-01-27,fondoGorila_2025_01_28__19_42_06_HDR0.jpg,fondoGorila_2025_01_28__19_42_06_HDR0_0_Mothbot_yolo11m_4500_imgsz1600_b1_2024-01-18.pt.jpg
,,,,,,,,,,,,ERROR,Cerro_Hoya_Expedition_Hoya_1416m_fondoGorila_2025-01-27,fondoGorila_2025_01_28__19_43_22_HDR0_0_Mothbot_yolo11m_4500_imgsz1600_b1_2024-01-18.pt.jpg,HS,Mothbot_yolo11m_4500_imgsz1600_b1_2024-01-18.pt,0.38991647958755493,,fondoGorila,Cerro_Hoya_Expedition/Hoya_1416m_fondoGorila_2025-01-27/2025-01-28/patches/fondoGorila_2025_01_28__19_43_22_HDR0_0_Mothbot_yolo11m_4500_imgsz1600_b1_2024-01-18.pt.jpg,ORDER_Diptera,2025-01-28,19:43:22,,2025_01_28__19_43_22,MachineObservation,Cerro_Hoya_Expedition_Hoya_1416m_fondoGorila_2025-01-27_2025-01-28,Cerro_Hoya_Expedition_Hoya_1416m_fondoGorila_2025-01-27,fondoGorila_2025_01_28__19_43_22_HDR0.jpg,fondoGorila_2025_01_28__19_43_22_HDR0_0_Mothbot_yolo11m_4500_imgsz1600_b1_2024-01-18.pt.jpg
,,,,,,,,,,,,ERROR,Cerro_Hoya_Expedition_Hoya_1416m_fondoGorila_2025-01-27,fondoGorila_2025_01_28__19_44_06_HDR0_0_Mothbot_yolo11m_4500_imgsz1600_b1_2024-01-18.pt.jpg,HS,Mothbot_yolo11m_4500_imgsz1600_b1_2024-01-18.pt,0.3362419903278351,,fondoGorila,Cerro_Hoya_Expedition/Hoya_1416m_fondoGorila_2025-01-27/2025-01-28/patches/fondoGorila_2025_01_28__19_44_06_HDR0_0_Mothbot_yolo11m_4500_imgsz1600_b1_2024-01-18.pt.jpg,ORDER_Hymenoptera,2025-01-28,19:44:06,,2025_01_28__19_44_06,MachineObservation,Cerro_Hoya_Expedition_Hoya_1416m_fondoGorila_2025-01-27_2025-01-28,Cerro_Hoya_Expedition_Hoya_1416m_fondoGorila_2025-01-27,fondoGorila_2025_01_28__19_44_06_HDR0.jpg,fondoGorila_2025_01_28__19_44_06_HDR0_0_Mothbot_yolo11m_4500_imgsz1600_b1_2024-01-18.pt.jpg
,,,,,,,,,,,,ERROR,Cerro_Hoya_Expedition_Hoya_1416m_fondoGorila_2025-01-27,fondoGorila_2025_01_28__19_45_06_HDR0_0_Mothbot_yolo11m_4500_imgsz1600_b1_2024-01-18.pt.jpg,HS,Mothbot_yolo11m_4500_imgsz1600_b1_2024-01-18.pt,0.40225639939308167,,fondoGorila,Cerro_Hoya_Expedition/Hoya_1416m_fondoGorila_2025-01-27/2025-01-28/patches/fondoGorila_2025_01_28__19_45_06_HDR0_0_Mothbot_yolo11m_4500_imgsz1600_b1_2024-01-18.pt.jpg,ORDER_Diptera,2025-01-28,19:45:06,,2025_01_28__19_45_06,MachineObservation,Cerro_Hoya_Expedition_Hoya_1416m_fondoGorila_2025-01-27_2025-01-28,Cerro_Hoya_Expedition_Hoya_1416m_fondoGorila_2025-01-27,fondoGorila_2025_01_28__19_45_06_HDR0.jpg,fondoGorila_2025_01_28__19_45_06_HDR0_0_Mothbot_yolo11m_4500_imgsz1600_b1_2024-01-18.pt.jpg
,,,,,,,,,,,,ERROR,Cerro_Hoya_Expedition_Hoya_1416m_fondoGorila_2025-01-27,fondoGorila_2025_01_28__19_46_06_HDR0_0_Mothbot_yolo11m_4500_imgsz1600_b1_2024-01-18.pt.jpg,HS,Mothbot_yolo11m_4500_imgsz1600_b1_2024-01-18.pt,0.27847498655319214,,fondoGorila,Cerro_Hoya_Expedition/Hoya_1416m_fondoGorila_2025-01-27/2025-01-28/patches/fondoGorila_2025_01_28__19_46_06_HDR0_0_Mothbot_yolo11m_4500_imgsz1600_b1_2024-01-18.pt.jpg,ORDER_Hymenoptera,2025-01-28,19:46:06,,2025_01_28__19_46_06,MachineObservation,Cerro_Hoya_Expedition_Hoya_1416m_fondoGorila_2025-01-27_2025-01-28,Cerro_Hoya_Expedition_Hoya_1416m_fondoGorila_2025-01-27,fondoGorila_2025_01_28__19_46_06_HDR0.jpg,fondoGorila_2025_01_28__19_46_06_HDR0_0_Mothbot_yolo11m_4500_imgsz1600_b1_2024-01-18.pt.jpg
,,,,,,,,,,,,ERROR,Cerro_Hoya_Expedition_Hoya_1416m_fondoGorila_2025-01-27,fondoGorila_2025_01_28__19_47_06_HDR0_0_Mothbot_yolo11m_4500_imgsz1600_b1_2024-01-18.pt.jpg,HS,Mothbot_yolo11m_4500_imgsz1600_b1_2024-01-18.pt,0.2692226767539978,,fondoGorila,Cerro_Hoya_Expedition/Hoya_1416m_fondoGorila_2025-01-27/2025-01-28/patches/fondoGorila_2025_01_28__19_47_06_HDR0_0_Mothbot_yolo11m_4500_imgsz1600_b1_2024-01-18.pt.jpg,ORDER_Hymenoptera,2025-01-28,19:47:06,,2025_01_28__19_47_06,MachineObservation,Cerro_Hoya_Expedition_Hoya_1416m_fondoGorila_2025-01-27_2025-01-28,Cerro_Hoya_Expedition_Hoya_1416m_fondoGorila_2025-01-27,fondoGorila_2025_01_28__19_47_06_HDR0.jpg,fondoGorila_2025_01_28__19_47_06_HDR0_0_Mothbot_yolo11m_4500_imgsz1600_b1_2024-01-18.pt.jpg
,,,,,,,,,,,,ERROR,Cerro_Hoya_Expedition_Hoya_1416m_fondoGorila_2025-01-27,fondoGorila_2025_01_28__19_48_06_HDR0_0_Mothbot_yolo11m_4500_imgsz1600_b1_2024-01-18.pt.jpg,HS,Mothbot_yolo11m_4500_imgsz1600_b1_2024-01-18.pt,0.28572461009025574,,fondoGorila,Cerro_Hoya_Expedition/Hoya_1416m_fondoGorila_2025-01-27/2025-01-28/patches/fondoGorila_2025_01_28__19_48_06_HDR0_0_Mothbot_yolo11m_4500_imgsz1600_b1_2024-01-18.pt.jpg,ORDER_Diptera,2025-01-28,19:48:06,,2025_01_28__19_48_06,MachineObservation,Cerro_Hoya_Expedition_Hoya_1416m_fondoGorila_2025-01-27_2025-01-28,Cerro_Hoya_Expedition_Hoya_1416m_fondoGorila_2025-01-27,fondoGorila_2025_01_28__19_48_06_HDR0.jpg,fondoGorila_2025_01_28__19_48_06_HDR0_0_Mothbot_yolo11m_4500_imgsz1600_b1_2024-01-18.pt.jpg
,,,,,,,,,,,,ERROR,Cerro_Hoya_Expedition_Hoya_1416m_fondoGorila_2025-01-27,fondoGorila_2025_01_28__19_49_05_HDR0_0_Mothbot_yolo11m_4500_imgsz1600_b1_2024-01-18.pt.jpg,HS,Mothbot_yolo11m_4500_imgsz1600_b1_2024-01-18.pt,0.26043960452079773,,fondoGorila,Cerro_Hoya_Expedition/Hoya_1416m_fondoGorila_2025-01-27/2025-01-28/patches/fondoGorila_2025_01_28__19_49_05_HDR0_0_Mothbot_yolo11m_4500_imgsz1600_b1_2024-01-18.pt.jpg,ORDER_Diptera,2025-01-28,19:49:05,,2025_01_28__19_49_05,MachineObservation,Cerro_Hoya_Expedition_Hoya_1416m_fondoGorila_2025-01-27_2025-01-28,Cerro_Hoya_Expedition_Hoya_1416m_fondoGorila_2025-01-27,fondoGorila_2025_01_28__19_49_05_HDR0.jpg,fondoGorila_2025_01_28__19_49_05_HDR0_0_Mothbot_yolo11m_4500_imgsz1600_b1_2024-01-18.pt.jpg
,,,,,,,,,,,,ERROR,Cerro_Hoya_Expedition_Hoya_1416m_fondoGorila_2025-01-27,fondoGorila_2025_01_28__19_51_05_HDR0_0_Mothbot_yolo11m_4500_imgsz1600_b1_2024-01-18.pt.jpg,HS,Mothbot_yolo11m_4500_imgsz1600_b1_2024-01-18.pt,0.28035470843315125,,fondoGorila,Cerro_Hoya_Expedition/Hoya_1416m_fondoGorila_2025-01-27/2025-01-28/patches/fondoGorila_2025_01_28__19_51_05_HDR0_0_Mothbot_yolo11m_4500_imgsz1600_b1_2024-01-18.pt.jpg,ORDER_Hymenoptera,2025-01-28,19:51:05,,2025_01_28__19_51_05,MachineObservation,Cerro_Hoya_Expedition_Hoya_1416m_fondoGorila_2025-01-27_2025-01-28,Cerro_Hoya_Expedition_Hoya_1416m_fondoGorila_2025-01-27,fondoGorila_2025_01_28__19_51_05_HDR0.jpg,fondoGorila_2025_01_28__19_51_05_HDR0_0_Mothbot_yolo11m_4500_imgsz1600_b1_2024-01-18.pt.jpg
,,,,,,,,,,,,ERROR,Cerro_Hoya_Expedition_Hoya_1416m_fondoGorila_2025-01-27,fondoGorila_2025_01_28__19_52_06_HDR0_0_Mothbot_yolo11m_4500_imgsz1600_b1_2024-01-18.pt.jpg,HS,Mothbot_yolo11m_4500_imgsz1600_b1_2024-01-18.pt,0.33659401535987854,,fondoGorila,Cerro_Hoya_Expedition/Hoya_1416m_fondoGorila_2025-01-27/2025-01-28/patches/fondoGorila_2025_01_28__19_52_06_HDR0_0_Mothbot_yolo11m_4500_imgsz1600_b1_2024-01-18.pt.jpg,ORDER_Diptera,2025-01-28,19:52:06,,2025_01_28__19_52_06,MachineObservation,Cerro_Hoya_Expedition_Hoya_1416m_fondoGorila_2025-01-27_2025-01-28,Cerro_Hoya_Expedition_Hoya_1416m_fondoGorila_2025-01-27,fondoGorila_2025_01_28__19_52_06_HDR0.jpg,fondoGorila_2025_01_28__19_52_06_HDR0_0_Mothbot_yolo11m_4500_imgsz1600_b1_2024-01-18.pt.jpg
,,,,,,,,,,,,ERROR,Cerro_Hoya_Expedition_Hoya_1416m_fondoGorila_2025-01-27,fondoGorila_2025_01_28__19_53_06_HDR0_0_Mothbot_yolo11m_4500_imgsz1600_b1_2024-01-18.pt.jpg,HS,Mothbot_yolo11m_4500_imgsz1600_b1_2024-01-18.pt,0.36757341027259827,,fondoGorila,Cerro_Hoya_Expedition/Hoya_1416m_fondoGorila_2025-01-27/2025-01-28/patches/fondoGorila_2025_01_28__19_53_06_HDR0_0_Mothbot_yolo11m_4500_imgsz1600_b1_2024-01-18.pt.jpg,ORDER_Hymenoptera,2025-01-28,19:53:06,,2025_01_28__19_53_06,MachineObservation,Cerro_Hoya_Expedition_Hoya_1416m_fondoGorila_2025-01-27_2025-01-28,Cerro_Hoya_Expedition_Hoya_1416m_fondoGorila_2025-01-27,fondoGorila_2025_01_28__19_53_06_HDR0.jpg,fondoGorila_2025_01_28__19_53_06_HDR0_0_Mothbot_yolo11m_4500_imgsz1600_b1_2024-01-18.pt.jpg
,,,,,,,,,,,,ERROR,Cerro_Hoya_Expedition_Hoya_1416m_fondoGorila_2025-01-27,fondoGorila_2025_01_28__19_54_06_HDR0_0_Mothbot_yolo11m_4500_imgsz1600_b1_2024-01-18.pt.jpg,HS,Mothbot_yolo11m_4500_imgsz1600_b1_2024-01-18.pt,0.2902563512325287,,fondoGorila,Cerro_Hoya_Expedition/Hoya_1416m_fondoGorila_2025-01-27/2025-01-28/patches/fondoGorila_2025_01_28__19_54_06_HDR0_0_Mothbot_yolo11m_4500_imgsz1600_b1_2024-01-18.pt.jpg,ORDER_Hymenoptera,2025-01-28,19:54:06,,2025_01_28__19_54_06,MachineObservation,Cerro_Hoya_Expedition_Hoya_1416m_fondoGorila_2025-01-27_2025-01-28,Cerro_Hoya_Expedition_Hoya_1416m_fondoGorila_2025-01-27,fondoGorila_2025_01_28__19_54_06_HDR0.jpg,fondoGorila_2025_01_28__19_54_06_HDR0_0_Mothbot_yolo11m_4500_imgsz1600_b1_2024-01-18.pt.jpg
,,,,,,,,,,,,ERROR,Cerro_Hoya_Expedition_Hoya_1416m_fondoGorila_2025-01-27,fondoGorila_2025_01_28__19_55_06_HDR0_0_Mothbot_yolo11m_4500_imgsz1600_b1_2024-01-18.pt.jpg,HS,Mothbot_yolo11m_4500_imgsz1600_b1_2024-01-18.pt,0.5038114190101624,,fondoGorila,Cerro_Hoya_Expedition/Hoya_1416m_fondoGorila_2025-01-27/2025-01-28/patches/fondoGorila_2025_01_28__19_55_06_HDR0_0_Mothbot_yolo11m_4500_imgsz1600_b1_2024-01-18.pt.jpg,ORDER_Diptera,2025-01-28,19:55:06,,2025_01_28__19_55_06,MachineObservation,Cerro_Hoya_Expedition_Hoya_1416m_fondoGorila_2025-01-27_2025-01-28,Cerro_Hoya_Expedition_Hoya_1416m_fondoGorila_2025-01-27,fondoGorila_2025_01_28__19_55_06_HDR0.jpg,fondoGorila_2025_01_28__19_55_06_HDR0_0_Mothbot_yolo11m_4500_imgsz1600_b1_2024-01-18.pt.jpg
,,,,,,,,,,,,ERROR,Cerro_Hoya_Expedition_Hoya_1416m_fondoGorila_2025-01-27,fondoGorila_2025_01_28__19_56_06_HDR0_0_Mothbot_yolo11m_4500_imgsz1600_b1_2024-01-18.pt.jpg,HS,Mothbot_yolo11m_4500_imgsz1600_b1_2024-01-18.pt,0.5121879577636719,,fondoGorila,Cerro_Hoya_Expedition/Hoya_1416m_fondoGorila_2025-01-27/2025-01-28/patches/fondoGorila_2025_01_28__19_56_06_HDR0_0_Mothbot_yolo11m_4500_imgsz1600_b1_2024-01-18.pt.jpg,ORDER_Hymenoptera,2025-01-28,19:56:06,,2025_01_28__19_56_06,MachineObservation,Cerro_Hoya_Expedition_Hoya_1416m_fondoGorila_2025-01-27_2025-01-28,Cerro_Hoya_Expedition_Hoya_1416m_fondoGorila_2025-01-27,fondoGorila_2025_01_28__19_56_06_HDR0.jpg,fondoGorila_2025_01_28__19_56_06_HDR0_0_Mothbot_yolo11m_4500_imgsz1600_b1_2024-01-18.pt.jpg
,,,,,,,,,,,,ERROR,Cerro_Hoya_Expedition_Hoya_1416m_fondoGorila_2025-01-27,fondoGorila_2025_01_28__19_57_22_HDR0_0_Mothbot_yolo11m_4500_imgsz1600_b1_2024-01-18.pt.jpg,HS,Mothbot_yolo11m_4500_imgsz1600_b1_2024-01-18.pt,0.5387397408485413,,fondoGorila,Cerro_Hoya_Expedition/Hoya_1416m_fondoGorila_2025-01-27/2025-01-28/patches/fondoGorila_2025_01_28__19_57_22_HDR0_0_Mothbot_yolo11m_4500_imgsz1600_b1_2024-01-18.pt.jpg,ORDER_Diptera,2025-01-28,19:57:22,,2025_01_28__19_57_22,MachineObservation,Cerro_Hoya_Expedition_Hoya_1416m_fondoGorila_2025-01-27_2025-01-28,Cerro_Hoya_Expedition_Hoya_1416m_fondoGorila_2025-01-27,fondoGorila_2025_01_28__19_57_22_HDR0.jpg,fondoGorila_2025_01_28__19_57_22_HDR0_0_Mothbot_yolo11m_4500_imgsz1600_b1_2024-01-18.pt.jpg
,,,,,,,,,,,,ERROR,Cerro_Hoya_Expedition_Hoya_1416m_fondoGorila_2025-01-27,fondoGorila_2025_01_28__19_58_06_HDR0_0_Mothbot_yolo11m_4500_imgsz1600_b1_2024-01-18.pt.jpg,HS,Mothbot_yolo11m_4500_imgsz1600_b1_2024-01-18.pt,0.5226718783378601,,fondoGorila,Cerro_Hoya_Expedition/Hoya_1416m_fondoGorila_2025-01-27/2025-01-28/patches/fondoGorila_2025_01_28__19_58_06_HDR0_0_Mothbot_yolo11m_4500_imgsz1600_b1_2024-01-18.pt.jpg,ORDER_Diptera,2025-01-28,19:58:06,,2025_01_28__19_58_06,MachineObservation,Cerro_Hoya_Expedition_Hoya_1416m_fondoGorila_2025-01-27_2025-01-28,Cerro_Hoya_Expedition_Hoya_1416m_fondoGorila_2025-01-27,fondoGorila_2025_01_28__19_58_06_HDR0.jpg,fondoGorila_2025_01_28__19_58_06_HDR0_0_Mothbot_yolo11m_4500_imgsz1600_b1_2024-01-18.pt.jpg
,,,,,,,,,,,,ERROR,Cerro_Hoya_Expedition_Hoya_1416m_fondoGorila_2025-01-27,fondoGorila_2025_01_28__19_59_06_HDR0_0_Mothbot_yolo11m_4500_imgsz1600_b1_2024-01-18.pt.jpg,HS,Mothbot_yolo11m_4500_imgsz1600_b1_2024-01-18.pt,0.5546156764030457,,fondoGorila,Cerro_Hoya_Expedition/Hoya_1416m_fondoGorila_2025-01-27/2025-01-28/patches/fondoGorila_2025_01_28__19_59_06_HDR0_0_Mothbot_yolo11m_4500_imgsz1600_b1_2024-01-18.pt.jpg,ORDER_Lepidoptera,2025-01-28,19:59:06,,2025_01_28__19_59_06,MachineObservation,Cerro_Hoya_Expedition_Hoya_1416m_fondoGorila_2025-01-27_2025-01-28,Cerro_Hoya_Expedition_Hoya_1416m_fondoGorila_2025-01-27,fondoGorila_2025_01_28__19_59_06_HDR0.jpg,fondoGorila_2025_01_28__19_59_06_HDR0_0_Mothbot_yolo11m_4500_imgsz1600_b1_2024-01-18.pt.jpg
,,,,,,,,,,,,ERROR,Cerro_Hoya_Expedition_Hoya_1416m_fondoGorila_2025-01-27,fondoGorila_2025_01_28__21_02_06_HDR0_0_Mothbot_yolo11m_4500_imgsz1600_b1_2024-01-18.pt.jpg,HS,Mothbot_yolo11m_4500_imgsz1600_b1_2024-01-18.pt,0.7952824831008911,,fondoGorila,Cerro_Hoya_Expedition/Hoya_1416m_fondoGorila_2025-01-27/2025-01-28/patches/fondoGorila_2025_01_28__21_02_06_HDR0_0_Mothbot_yolo11m_4500_imgsz1600_b1_2024-01-18.pt.jpg,ORDER_Lepidoptera,2025-01-28,21:02:06,,2025_01_28__21_02_06,MachineObservation,Cerro_Hoya_Expedition_Hoya_1416m_fondoGorila_2025-01-27_2025-01-28,Cerro_Hoya_Expedition_Hoya_1416m_fondoGorila_2025-01-27,fondoGorila_2025_01_28__21_02_06_HDR0.jpg,fondoGorila_2025_01_28__21_02_06_HDR0_0_Mothbot_yolo11m_4500_imgsz1600_b1_2024-01-18.pt.jpg
,,,,,,,,,,,,ERROR,Cerro_Hoya_Expedition_Hoya_1416m_fondoGorila_2025-01-27,fondoGorila_2025_01_28__21_03_05_HDR0_0_Mothbot_yolo11m_4500_imgsz1600_b1_2024-01-18.pt.jpg,HS,Mothbot_yolo11m_4500_imgsz1600_b1_2024-01-18.pt,0.8146467804908752,,fondoGorila,Cerro_Hoya_Expedition/Hoya_1416m_fondoGorila_2025-01-27/2025-01-28/patches/fondoGorila_2025_01_28__21_03_05_HDR0_0_Mothbot_yolo11m_4500_imgsz1600_b1_2024-01-18.pt.jpg,ORDER_Lepidoptera,2025-01-28,21:03:05,,2025_01_28__21_03_05,MachineObservation,Cerro_Hoya_Expedition_Hoya_1416m_fondoGorila_2025-01-27_2025-01-28,Cerro_Hoya_Expedition_Hoya_1416m_fondoGorila_2025-01-27,fondoGorila_2025_01_28__21_03_05_HDR0.jpg,fondoGorila_2025_01_28__21_03_05_HDR0_0_Mothbot_yolo11m_4500_imgsz1600_b1_2024-01-18.pt.jpg
,,,,,,,,,,,,ERROR,Cerro_Hoya_Expedition_Hoya_1416m_fondoGorila_2025-01-27,fondoGorila_2025_01_28__21_04_05_HDR0_0_Mothbot_yolo11m_4500_imgsz1600_b1_2024-01-18.pt.jpg,HS,Mothbot_yolo11m_4500_imgsz1600_b1_2024-01-18.pt,0.8021317720413208,,fondoGorila,Cerro_Hoya_Expedition/Hoya_1416m_fondoGorila_2025-01-27/2025-01-28/patches/fondoGorila_2025_01_28__21_04_05_HDR0_0_Mothbot_yolo11m_4500_imgsz1600_b1_2024-01-18.pt.jpg,ORDER_Diptera,2025-01-28,21:04:05,,2025_01_28__21_04_05,MachineObservation,Cerro_Hoya_Expedition_Hoya_1416m_fondoGorila_2025-01-27_2025-01-28,Cerro_Hoya_Expedition_Hoya_1416m_fondoGorila_2025-01-27,fondoGorila_2025_01_28__21_04_05_HDR0.jpg,fondoGorila_2025_01_28__21_04_05_HDR0_0_Mothbot_yolo11m_4500_imgsz1600_b1_2024-01-18.pt.jpg
,,,,,,,,,,,,ERROR,Cerro_Hoya_Expedition_Hoya_1416m_fondoGorila_2025-01-27,fondoGorila_2025_01_28__21_05_06_HDR0_0_Mothbot_yolo11m_4500_imgsz1600_b1_2024-01-18.pt.jpg,HS,Mothbot_yolo11m_4500_imgsz1600_b1_2024-01-18.pt,0.814395010471344,,fondoGorila,Cerro_Hoya_Expedition/Hoya_1416m_fondoGorila_2025-01-27/2025-01-28/patches/fondoGorila_2025_01_28__21_05_06_HDR0_0_Mothbot_yolo11m_4500_imgsz1600_b1_2024-01-18.pt.jpg,ORDER_Lepidoptera,2025-01-28,21:05:06,,2025_01_28__21_05_06,MachineObservation,Cerro_Hoya_Expedition_Hoya_1416m_fondoGorila_2025-01-27_2025-01-28,Cerro_Hoya_Expedition_Hoya_1416m_fondoGorila_2025-01-27,fondoGorila_2025_01_28__21_05_06_HDR0.jpg,fondoGorila_2025_01_28__21_05_06_HDR0_0_Mothbot_yolo11m_4500_imgsz1600_b1_2024-01-18.pt.jpg
,,,,,,,,,,,,ERROR,Cerro_Hoya_Expedition_Hoya_1416m_fondoGorila_2025-01-27,fondoGorila_2025_01_28__21_06_06_HDR0_0_Mothbot_yolo11m_4500_imgsz1600_b1_2024-01-18.pt.jpg,HS,Mothbot_yolo11m_4500_imgsz1600_b1_2024-01-18.pt,0.7924811840057373,,fondoGorila,Cerro_Hoya_Expedition/Hoya_1416m_fondoGorila_2025-01-27/2025-01-28/patches/fondoGorila_2025_01_28__21_06_06_HDR0_0_Mothbot_yolo11m_4500_imgsz1600_b1_2024-01-18.pt.jpg,ORDER_Diptera,2025-01-28,21:06:06,,2025_01_28__21_06_06,MachineObservation,Cerro_Hoya_Expedition_Hoya_1416m_fondoGorila_2025-01-27_2025-01-28,Cerro_Hoya_Expedition_Hoya_1416m_fondoGorila_2025-01-27,fondoGorila_2025_01_28__21_06_06_HDR0.jpg,fondoGorila_2025_01_28__21_06_06_HDR0_0_Mothbot_yolo11m_4500_imgsz1600_b1_2024-01-18.pt.jpg
,,,,,,,,,,,,ERROR,Cerro_Hoya_Expedition_Hoya_1416m_fondoGorila_2025-01-27,fondoGorila_2025_01_28__21_07_06_HDR0_0_Mothbot_yolo11m_4500_imgsz1600_b1_2024-01-18.pt.jpg,HS,Mothbot_yolo11m_4500_imgsz1600_b1_2024-01-18.pt,0.8128484487533569,,fondoGorila,Cerro_Hoya_Expedition/Hoya_1416m_fondoGorila_2025-01-27/2025-01-28/patches/fondoGorila_2025_01_28__21_07_06_HDR0_0_Mothbot_yolo11m_4500_imgsz1600_b1_2024-01-18.pt.jpg,ORDER_Lepidoptera,2025-01-28,21:07:06,,2025_01_28__21_07_06,MachineObservation,Cerro_Hoya_Expedition_Hoya_1416m_fondoGorila_2025-01-27_2025-01-28,Cerro_Hoya_Expedition_Hoya_1416m_fondoGorila_2025-01-27,fondoGorila_2025_01_28__21_07_06_HDR0.jpg,fondoGorila_2025_01_28__21_07_06_HDR0_0_Mothbot_yolo11m_4500_imgsz1600_b1_2024-01-18.pt.jpg
,,,,,,,,,,,,ERROR,Cerro_Hoya_Expedition_Hoya_1416m_fondoGorila_2025-01-27,fondoGorila_2025_01_28__21_09_06_HDR0_0_Mothbot_yolo11m_4500_imgsz1600_b1_2024-01-18.pt.jpg,HS,Mothbot_yolo11m_4500_imgsz1600_b1_2024-01-18.pt,0.8171466588973999,,fondoGorila,Cerro_Hoya_Expedition/Hoya_1416m_fondoGorila_2025-01-27/2025-01-28/patches/fondoGorila_2025_01_28__21_09_06_HDR0_0_Mothbot_yolo11m_4500_imgsz1600_b1_2024-01-18.pt.jpg,ORDER_Diptera,2025-01-28,21:09:06,,2025_01_28__21_09_06,MachineObservation,Cerro_Hoya_Expedition_Hoya_1416m_fondoGorila_2025-01-27_2025-01-28,Cerro_Hoya_Expedition_Hoya_1416m_fondoGorila_2025-01-27,fondoGorila_2025_01_28__21_09_06_HDR0.jpg,fondoGorila_2025_01_28__21_09_06_HDR0_0_Mothbot_yolo11m_4500_imgsz1600_b1_2024-01-18.pt.jpg
,,,,,,,,,,,,ERROR,Cerro_Hoya_Expedition_Hoya_1416m_fondoGorila_2025-01-27,fondoGorila_2025_01_28__21_10_06_HDR0_0_Mothbot_yolo11m_4500_imgsz1600_b1_2024-01-18.pt.jpg,HS,Mothbot_yolo11m_4500_imgsz1600_b1_2024-01-18.pt,0.8052781224250793,,fondoGorila,Cerro_Hoya_Expedition/Hoya_1416m_fondoGorila_2025-01-27/2025-01-28/patches/fondoGorila_2025_01_28__21_10_06_HDR0_0_Mothbot_yolo11m_4500_imgsz1600_b1_2024-01-18.pt.jpg,ORDER_Lepidoptera,2025-01-28,21:10:06,,2025_01_28__21_10_06,MachineObservation,Cerro_Hoya_Expedition_Hoya_1416m_fondoGorila_2025-01-27_2025-01-28,Cerro_Hoya_Expedition_Hoya_1416m_fondoGorila_2025-01-27,fondoGorila_2025_01_28__21_10_06_HDR0.jpg,fondoGorila_2025_01_28__21_10_06_HDR0_0_Mothbot_yolo11m_4500_imgsz1600_b1_2024-01-18.pt.jpg
,,,,,,,,,,,,ERROR,Cerro_Hoya_Expedition_Hoya_1416m_fondoGorila_2025-01-27,fondoGorila_2025_01_28__21_11_06_HDR0_0_Mothbot_yolo11m_4500_imgsz1600_b1_2024-01-18.pt.jpg,HS,Mothbot_yolo11m_4500_imgsz1600_b1_2024-01-18.pt,0.787806510925293,,fondoGorila,Cerro_Hoya_Expedition/Hoya_1416m_fondoGorila_2025-01-27/2025-01-28/patches/fondoGorila_2025_01_28__21_11_06_HDR0_0_Mothbot_yolo11m_4500_imgsz1600_b1_2024-01-18.pt.jpg,ORDER_Diptera,2025-01-28,21:11:06,,2025_01_28__21_11_06,MachineObservation,Cerro_Hoya_Expedition_Hoya_1416m_fondoGorila_2025-01-27_2025-01-28,Cerro_Hoya_Expedition_Hoya_1416m_fondoGorila_2025-01-27,fondoGorila_2025_01_28__21_11_06_HDR0.jpg,fondoGorila_2025_01_28__21_11_06_HDR0_0_Mothbot_yolo11m_4500_imgsz1600_b1_2024-01-18.pt.jpg
,,,,,,,,,,,,ERROR,Cerro_Hoya_Expedition_Hoya_1416m_fondoGorila_2025-01-27,fondoGorila_2025_01_28__21_12_05_HDR0_0_Mothbot_yolo11m_4500_imgsz1600_b1_2024-01-18.pt.jpg,HS,Mothbot_yolo11m_4500_imgsz1600_b1_2024-01-18.pt,0.7839642763137817,,fondoGorila,Cerro_Hoya_Expedition/Hoya_1416m_fondoGorila_2025-01-27/2025-01-28/patches/fondoGorila_2025_01_28__21_12_05_HDR0_0_Mothbot_yolo11m_4500_imgsz1600_b1_2024-01-18.pt.jpg,ORDER_Diptera,2025-01-28,21:12:05,,2025_01_28__21_12_05,MachineObservation,Cerro_Hoya_Expedition_Hoya_1416m_fondoGorila_2025-01-27_2025-01-28,Cerro_Hoya_Expedition_Hoya_1416m_fondoGorila_2025-01-27,fondoGorila_2025_01_28__21_12_05_HDR0.jpg,fondoGorila_2025_01_28__21_12_05_HDR0_0_Mothbot_yolo11m_4500_imgsz1600_b1_2024-01-18.pt.jpg
,,,,,,,,,,,,ERROR,Cerro_Hoya_Expedition_Hoya_1416m_fondoGorila_2025-01-27,fondoGorila_2025_01_28__21_13_05_HDR0_0_Mothbot_yolo11m_4500_imgsz1600_b1_2024-01-18.pt.jpg,HS,Mothbot_yolo11m_4500_imgsz1600_b1_2024-01-18.pt,0.7654851675033569,,fondoGorila,Cerro_Hoya_Expedition/Hoya_1416m_fondoGorila_2025-01-27/2025-01-28/patches/fondoGorila_2025_01_28__21_13_05_HDR0_0_Mothbot_yolo11m_4500_imgsz1600_b1_2024-01-18.pt.jpg,ORDER_Lepidoptera,2025-01-28,21:13:05,,2025_01_28__21_13_05,MachineObservation,Cerro_Hoya_Expedition_Hoya_1416m_fondoGorila_2025-01-27_2025-01-28,Cerro_Hoya_Expedition_Hoya_1416m_fondoGorila_2025-01-27,fondoGorila_2025_01_28__21_13_05_HDR0.jpg,fondoGorila_2025_01_28__21_13_05_HDR0_0_Mothbot_yolo11m_4500_imgsz1600_b1_2024-01-18.pt.jpg
,,,,,,,,,,,,ERROR,Cerro_Hoya_Expedition_Hoya_1416m_fondoGorila_2025-01-27,fondoGorila_2025_01_28__21_14_06_HDR0_0_Mothbot_yolo11m_4500_imgsz1600_b1_2024-01-18.pt.jpg,HS,Mothbot_yolo11m_4500_imgsz1600_b1_2024-01-18.pt,0.7735052108764648,,fondoGorila,Cerro_Hoya_Expedition/Hoya_1416m_fondoGorila_2025-01-27/2025-01-28/patches/fondoGorila_2025_01_28__21_14_06_HDR0_0_Mothbot_yolo11m_4500_imgsz1600_b1_2024-01-18.pt.jpg,ORDER_Diptera,2025-01-28,21:14:06,,2025_01_28__21_14_06,MachineObservation,Cerro_Hoya_Expedition_Hoya_1416m_fondoGorila_2025-01-27_2025-01-28,Cerro_Hoya_Expedition_Hoya_1416m_fondoGorila_2025-01-27,fondoGorila_2025_01_28__21_14_06_HDR0.jpg,fondoGorila_2025_01_28__21_14_06_HDR0_0_Mothbot_yolo11m_4500_imgsz1600_b1_2024-01-18.pt.jpg
,,,,,,,,,,,,ERROR,Cerro_Hoya_Expedition_Hoya_1416m_fondoGorila_2025-01-27,fondoGorila_2025_01_28__21_16_06_HDR0_0_Mothbot_yolo11m_4500_imgsz1600_b1_2024-01-18.pt.jpg,HS,Mothbot_yolo11m_4500_imgsz1600_b1_2024-01-18.pt,0.6644457578659058,,fondoGorila,Cerro_Hoya_Expedition/Hoya_1416m_fondoGorila_2025-01-27/2025-01-28/patches/fondoGorila_2025_01_28__21_16_06_HDR0_0_Mothbot_yolo11m_4500_imgsz1600_b1_2024-01-18.pt.jpg,ORDER_Diptera,2025-01-28,21:16:06,,2025_01_28__21_16_06,MachineObservation,Cerro_Hoya_Expedition_Hoya_1416m_fondoGorila_2025-01-27_2025-01-28,Cerro_Hoya_Expedition_Hoya_1416m_fondoGorila_2025-01-27,fondoGorila_2025_01_28__21_16_06_HDR0.jpg,fondoGorila_2025_01_28__21_16_06_HDR0_0_Mothbot_yolo11m_4500_imgsz1600_b1_2024-01-18.pt.jpg
,,,,,,,,,,,,ERROR,Cerro_Hoya_Expedition_Hoya_1416m_fondoGorila_2025-01-27,fondoGorila_2025_01_28__21_17_06_HDR0_0_Mothbot_yolo11m_4500_imgsz1600_b1_2024-01-18.pt.jpg,HS,Mothbot_yolo11m_4500_imgsz1600_b1_2024-01-18.pt,0.6521551609039307,,fondoGorila,Cerro_Hoya_Expedition/Hoya_1416m_fondoGorila_2025-01-27/2025-01-28/patches/fondoGorila_2025_01_28__21_17_06_HDR0_0_Mothbot_yolo11m_4500_imgsz1600_b1_2024-01-18.pt.jpg,ORDER_Diptera,2025-01-28,21:17:06,,2025_01_28__21_17_06,MachineObservation,Cerro_Hoya_Expedition_Hoya_1416m_fondoGorila_2025-01-27_2025-01-28,Cerro_Hoya_Expedition_Hoya_1416m_fondoGorila_2025-01-27,fondoGorila_2025_01_28__21_17_06_HDR0.jpg,fondoGorila_2025_01_28__21_17_06_HDR0_0_Mothbot_yolo11m_4500_imgsz1600_b1_2024-01-18.pt.jpg
,,,,,,,,,,,,ERROR,Cerro_Hoya_Expedition_Hoya_1416m_fondoGorila_2025-01-27,fondoGorila_2025_01_28__21_18_06_HDR0_0_Mothbot_yolo11m_4500_imgsz1600_b1_2024-01-18.pt.jpg,HS,Mothbot_yolo11m_4500_imgsz1600_b1_2024-01-18.pt,0.6999061703681946,,fondoGorila,Cerro_Hoya_Expedition/Hoya_1416m_fondoGorila_2025-01-27/2025-01-28/patches/fondoGorila_2025_01_28__21_18_06_HDR0_0_Mothbot_yolo11m_4500_imgsz1600_b1_2024-01-18.pt.jpg,ORDER_Diptera,2025-01-28,21:18:06,,2025_01_28__21_18_06,MachineObservation,Cerro_Hoya_Expedition_Hoya_1416m_fondoGorila_2025-01-27_2025-01-28,Cerro_Hoya_Expedition_Hoya_1416m_fondoGorila_2025-01-27,fondoGorila_2025_01_28__21_18_06_HDR0.jpg,fondoGorila_2025_01_28__21_18_06_HDR0_0_Mothbot_yolo11m_4500_imgsz1600_b1_2024-01-18.pt.jpg
,,,,,,,,,,,,ERROR,Cerro_Hoya_Expedition_Hoya_1416m_fondoGorila_2025-01-27,fondoGorila_2025_01_28__21_19_05_HDR0_0_Mothbot_yolo11m_4500_imgsz1600_b1_2024-01-18.pt.jpg,HS,Mothbot_yolo11m_4500_imgsz1600_b1_2024-01-18.pt,0.620959997177124,,fondoGorila,Cerro_Hoya_Expedition/Hoya_1416m_fondoGorila_2025-01-27/2025-01-28/patches/fondoGorila_2025_01_28__21_19_05_HDR0_0_Mothbot_yolo11m_4500_imgsz1600_b1_2024-01-18.pt.jpg,ORDER_Diptera,2025-01-28,21:19:05,,2025_01_28__21_19_05,MachineObservation,Cerro_Hoya_Expedition_Hoya_1416m_fondoGorila_2025-01-27_2025-01-28,Cerro_Hoya_Expedition_Hoya_1416m_fondoGorila_2025-01-27,fondoGorila_2025_01_28__21_19_05_HDR0.jpg,fondoGorila_2025_01_28__21_19_05_HDR0_0_Mothbot_yolo11m_4500_imgsz1600_b1_2024-01-18.pt.jpg
,,,,,,,,,,,,ERROR,Cerro_Hoya_Expedition_Hoya_1416m_fondoGorila_2025-01-27,fondoGorila_2025_01_28__21_20_05_HDR0_0_Mothbot_yolo11m_4500_imgsz1600_b1_2024-01-18.pt.jpg,HS,Mothbot_yolo11m_4500_imgsz1600_b1_2024-01-18.pt,0.7420531511306763,,fondoGorila,Cerro_Hoya_Expedition/Hoya_1416m_fondoGorila_2025-01-27/2025-01-28/patches/fondoGorila_2025_01_28__21_20_05_HDR0_0_Mothbot_yolo11m_4500_imgsz1600_b1_2024-01-18.pt.jpg,ORDER_Diptera,2025-01-28,21:20:05,,2025_01_28__21_20_05,MachineObservation,Cerro_Hoya_Expedition_Hoya_1416m_fondoGorila_2025-01-27_2025-01-28,Cerro_Hoya_Expedition_Hoya_1416m_fondoGorila_2025-01-27,fondoGorila_2025_01_28__21_20_05_HDR0.jpg,fondoGorila_2025_01_28__21_20_05_HDR0_0_Mothbot_yolo11m_4500_imgsz1600_b1_2024-01-18.pt.jpg
,,,,,,,,,,,,ERROR,Cerro_Hoya_Expedition_Hoya_1416m_fondoGorila_2025-01-27,fondoGorila_2025_01_28__21_21_06_HDR0_0_Mothbot_yolo11m_4500_imgsz1600_b1_2024-01-18.pt.jpg,HS,Mothbot_yolo11m_4500_imgsz1600_b1_2024-01-18.pt,0.7598169445991516,,fondoGorila,Cerro_Hoya_Expedition/Hoya_1416m_fondoGorila_2025-01-27/2025-01-28/patches/fondoGorila_2025_01_28__21_21_06_HDR0_0_Mothbot_yolo11m_4500_imgsz1600_b1_2024-01-18.pt.jpg,ORDER_Diptera,2025-01-28,21:21:06,,2025_01_28__21_21_06,MachineObservation,Cerro_Hoya_Expedition_Hoya_1416m_fondoGorila_2025-01-27_2025-01-28,Cerro_Hoya_Expedition_Hoya_1416m_fondoGorila_2025-01-27,fondoGorila_2025_01_28__21_21_06_HDR0.jpg,fondoGorila_2025_01_28__21_21_06_HDR0_0_Mothbot_yolo11m_4500_imgsz1600_b1_2024-01-18.pt.jpg
,,,,,,,,,,,,ERROR,Cerro_Hoya_Expedition_Hoya_1416m_fondoGorila_2025-01-27,fondoGorila_2025_01_28__21_23_06_HDR0_0_Mothbot_yolo11m_4500_imgsz1600_b1_2024-01-18.pt.jpg,HS,Mothbot_yolo11m_4500_imgsz1600_b1_2024-01-18.pt,0.6224642992019653,,fondoGorila,Cerro_Hoya_Expedition/Hoya_1416m_fondoGorila_2025-01-27/2025-01-28/patches/fondoGorila_2025_01_28__21_23_06_HDR0_0_Mothbot_yolo11m_4500_imgsz1600_b1_2024-01-18.pt.jpg,ORDER_Diptera,2025-01-28,21:23:06,,2025_01_28__21_23_06,MachineObservation,Cerro_Hoya_Expedition_Hoya_1416m_fondoGorila_2025-01-27_2025-01-28,Cerro_Hoya_Expedition_Hoya_1416m_fondoGorila_2025-01-27,fondoGorila_2025_01_28__21_23_06_HDR0.jpg,fondoGorila_2025_01_28__21_23_06_HDR0_0_Mothbot_yolo11m_4500_imgsz1600_b1_2024-01-18.pt.jpg
,,,,,,,,,,,,ERROR,Cerro_Hoya_Expedition_Hoya_1416m_fondoGorila_2025-01-27,fondoGorila_2025_01_28__21_24_06_HDR0_0_Mothbot_yolo11m_4500_imgsz1600_b1_2024-01-18.pt.jpg,HS,Mothbot_yolo11m_4500_imgsz1600_b1_2024-01-18.pt,0.6455718278884888,,fondoGorila,Cerro_Hoya_Expedition/Hoya_1416m_fondoGorila_2025-01-27/2025-01-28/patches/fondoGorila_2025_01_28__21_24_06_HDR0_0_Mothbot_yolo11m_4500_imgsz1600_b1_2024-01-18.pt.jpg,ORDER_Diptera,2025-01-28,21:24:06,,2025_01_28__21_24_06,MachineObservation,Cerro_Hoya_Expedition_Hoya_1416m_fondoGorila_2025-01-27_2025-01-28,Cerro_Hoya_Expedition_Hoya_1416m_fondoGorila_2025-01-27,fondoGorila_2025_01_28__21_24_06_HDR0.jpg,fondoGorila_2025_01_28__21_24_06_HDR0_0_Mothbot_yolo11m_4500_imgsz1600_b1_2024-01-18.pt.jpg
,,,,,,,,,,,,ERROR,Cerro_Hoya_Expedition_Hoya_1416m_fondoGorila_2025-01-27,fondoGorila_2025_01_28__21_25_06_HDR0_0_Mothbot_yolo11m_4500_imgsz1600_b1_2024-01-18.pt.jpg,HS,Mothbot_yolo11m_4500_imgsz1600_b1_2024-01-18.pt,0.6908537149429321,,fondoGorila,Cerro_Hoya_Expedition/Hoya_1416m_fondoGorila_2025-01-27/2025-01-28/patches/fondoGorila_2025_01_28__21_25_06_HDR0_0_Mothbot_yolo11m_4500_imgsz1600_b1_2024-01-18.pt.jpg,ORDER_Hymenoptera,2025-01-28,21:25:06,,2025_01_28__21_25_06,MachineObservation,Cerro_Hoya_Expedition_Hoya_1416m_fondoGorila_2025-01-27_2025-01-28,Cerro_Hoya_Expedition_Hoya_1416m_fondoGorila_2025-01-27,fondoGorila_2025_01_28__21_25_06_HDR0.jpg,fondoGorila_2025_01_28__21_25_06_HDR0_0_Mothbot_yolo11m_4500_imgsz1600_b1_2024-01-18.pt.jpg
,,,,,,,,,,,,ERROR,Cerro_Hoya_Expedition_Hoya_1416m_fondoGorila_2025-01-27,fondoGorila_2025_01_28__21_26_05_HDR0_0_Mothbot_yolo11m_4500_imgsz1600_b1_2024-01-18.pt.jpg,HS,Mothbot_yolo11m_4500_imgsz1600_b1_2024-01-18.pt,0.6928993463516235,,fondoGorila,Cerro_Hoya_Expedition/Hoya_1416m_fondoGorila_2025-01-27/2025-01-28/patches/fondoGorila_2025_01_28__21_26_05_HDR0_0_Mothbot_yolo11m_4500_imgsz1600_b1_2024-01-18.pt.jpg,ORDER_Diptera,2025-01-28,21:26:05,,2025_01_28__21_26_05,MachineObservation,Cerro_Hoya_Expedition_Hoya_1416m_fondoGorila_2025-01-27_2025-01-28,Cerro_Hoya_Expedition_Hoya_1416m_fondoGorila_2025-01-27,fondoGorila_2025_01_28__21_26_05_HDR0.jpg,fondoGorila_2025_01_28__21_26_05_HDR0_0_Mothbot_yolo11m_4500_imgsz1600_b1_2024-01-18.pt.jpg
,,,,,,,,,,,,ERROR,Cerro_Hoya_Expedition_Hoya_1416m_fondoGorila_2025-01-27,fondoGorila_2025_01_28__21_27_06_HDR0_0_Mothbot_yolo11m_4500_imgsz1600_b1_2024-01-18.pt.jpg,HS,Mothbot_yolo11m_4500_imgsz1600_b1_2024-01-18.pt,0.69891357421875,,fondoGorila,Cerro_Hoya_Expedition/Hoya_1416m_fondoGorila_2025-01-27/2025-01-28/patches/fondoGorila_2025_01_28__21_27_06_HDR0_0_Mothbot_yolo11m_4500_imgsz1600_b1_2024-01-18.pt.jpg,ORDER_Lepidoptera,2025-01-28,21:27:06,,2025_01_28__21_27_06,MachineObservation,Cerro_Hoya_Expedition_Hoya_1416m_fondoGorila_2025-01-27_2025-01-28,Cerro_Hoya_Expedition_Hoya_1416m_fondoGorila_2025-01-27,fondoGorila_2025_01_28__21_27_06_HDR0.jpg,fondoGorila_2025_01_28__21_27_06_HDR0_0_Mothbot_yolo11m_4500_imgsz1600_b1_2024-01-18.pt.jpg
,,,,,,,,,,,,ERROR,Cerro_Hoya_Expedition_Hoya_1416m_fondoGorila_2025-01-27,fondoGorila_2025_01_28__21_28_06_HDR0_0_Mothbot_yolo11m_4500_imgsz1600_b1_2024-01-18.pt.jpg,HS,Mothbot_yolo11m_4500_imgsz1600_b1_2024-01-18.pt,0.708697497844696,,fondoGorila,Cerro_Hoya_Expedition/Hoya_1416m_fondoGorila_2025-01-27/2025-01-28/patches/fondoGorila_2025_01_28__21_28_06_HDR0_0_Mothbot_yolo11m_4500_imgsz1600_b1_2024-01-18.pt.jpg,ORDER_Diptera,2025-01-28,21:28:06,,2025_01_28__21_28_06,MachineObservation,Cerro_Hoya_Expedition_Hoya_1416m_fondoGorila_2025-01-27_2025-01-28,Cerro_Hoya_Expedition_Hoya_1416m_fondoGorila_2025-01-27,fondoGorila_2025_01_28__21_28_06_HDR0.jpg,fondoGorila_2025_01_28__21_28_06_HDR0_0_Mothbot_yolo11m_4500_imgsz1600_b1_2024-01-18.pt.jpg
,,,,,,,,,,,,ERROR,Cerro_Hoya_Expedition_Hoya_1416m_fondoGorila_2025-01-27,fondoGorila_2025_01_28__21_30_06_HDR0_0_Mothbot_yolo11m_4500_imgsz1600_b1_2024-01-18.pt.jpg,HS,Mothbot_yolo11m_4500_imgsz1600_b1_2024-01-18.pt,0.6445285677909851,,fondoGorila,Cerro_Hoya_Expedition/Hoya_1416m_fondoGorila_2025-01-27/2025-01-28/patches/fondoGorila_2025_01_28__21_30_06_HDR0_0_Mothbot_yolo11m_4500_imgsz1600_b1_2024-01-18.pt.jpg,ORDER_Lepidoptera,2025-01-28,21:30:06,,2025_01_28__21_30_06,MachineObservation,Cerro_Hoya_Expedition_Hoya_1416m_fondoGorila_2025-01-27_2025-01-28,Cerro_Hoya_Expedition_Hoya_1416m_fondoGorila_2025-01-27,fondoGorila_2025_01_28__21_30_06_HDR0.jpg,fondoGorila_2025_01_28__21_30_06_HDR0_0_Mothbot_yolo11m_4500_imgsz1600_b1_2024-01-18.pt.jpg
,,,,,,,,,,,,ERROR,Cerro_Hoya_Expedition_Hoya_1416m_fondoGorila_2025-01-27,fondoGorila_2025_01_28__21_31_06_HDR0_0_Mothbot_yolo11m_4500_imgsz1600_b1_2024-01-18.pt.jpg,HS,Mothbot_yolo11m_4500_imgsz1600_b1_2024-01-18.pt,0.6090520620346069,,fondoGorila,Cerro_Hoya_Expedition/Hoya_1416m_fondoGorila_2025-01-27/2025-01-28/patches/fondoGorila_2025_01_28__21_31_06_HDR0_0_Mothbot_yolo11m_4500_imgsz1600_b1_2024-01-18.pt.jpg,ORDER_Lepidoptera,2025-01-28,21:31:06,,2025_01_28__21_31_06,MachineObservation,Cerro_Hoya_Expedition_Hoya_1416m_fondoGorila_2025-01-27_2025-01-28,Cerro_Hoya_Expedition_Hoya_1416m_fondoGorila_2025-01-27,fondoGorila_2025_01_28__21_31_06_HDR0.jpg,fondoGorila_2025_01_28__21_31_06_HDR0_0_Mothbot_yolo11m_4500_imgsz1600_b1_2024-01-18.pt.jpg
,,,,,,,,,,,,ERROR,Cerro_Hoya_Expedition_Hoya_1416m_fondoGorila_2025-01-27,fondoGorila_2025_01_28__21_32_05_HDR0_0_Mothbot_yolo11m_4500_imgsz1600_b1_2024-01-18.pt.jpg,HS,Mothbot_yolo11m_4500_imgsz1600_b1_2024-01-18.pt,0.6081587076187134,,fondoGorila,Cerro_Hoya_Expedition/Hoya_1416m_fondoGorila_2025-01-27/2025-01-28/patches/fondoGorila_2025_01_28__21_32_05_HDR0_0_Mothbot_yolo11m_4500_imgsz1600_b1_2024-01-18.pt.jpg,ORDER_Diptera,2025-01-28,21:32:05,,2025_01_28__21_32_05,MachineObservation,Cerro_Hoya_Expedition_Hoya_1416m_fondoGorila_2025-01-27_2025-01-28,Cerro_Hoya_Expedition_Hoya_1416m_fondoGorila_2025-01-27,fondoGorila_2025_01_28__21_32_05_HDR0.jpg,fondoGorila_2025_01_28__21_32_05_HDR0_0_Mothbot_yolo11m_4500_imgsz1600_b1_2024-01-18.pt.jpg
,,,,,,,,,,,,ERROR,Cerro_Hoya_Expedition_Hoya_1416m_fondoGorila_2025-01-27,fondoGorila_2025_01_28__21_33_06_HDR0_0_Mothbot_yolo11m_4500_imgsz1600_b1_2024-01-18.pt.jpg,HS,Mothbot_yolo11m_4500_imgsz1600_b1_2024-01-18.pt,0.7256379723548889,,fondoGorila,Cerro_Hoya_Expedition/Hoya_1416m_fondoGorila_2025-01-27/2025-01-28/patches/fondoGorila_2025_01_28__21_33_06_HDR0_0_Mothbot_yolo11m_4500_imgsz1600_b1_2024-01-18.pt.jpg,ORDER_Diptera,2025-01-28,21:33:06,,2025_01_28__21_33_06,MachineObservation,Cerro_Hoya_Expedition_Hoya_1416m_fondoGorila_2025-01-27_2025-01-28,Cerro_Hoya_Expedition_Hoya_1416m_fondoGorila_2025-01-27,fondoGorila_2025_01_28__21_33_06_HDR0.jpg,fondoGorila_2025_01_28__21_33_06_HDR0_0_Mothbot_yolo11m_4500_imgsz1600_b1_2024-01-18.pt.jpg
,,,,,,,,,,,,ERROR,Cerro_Hoya_Expedition_Hoya_1416m_fondoGorila_2025-01-27,fondoGorila_2025_01_28__21_34_06_HDR0_0_Mothbot_yolo11m_4500_imgsz1600_b1_2024-01-18.pt.jpg,HS,Mothbot_yolo11m_4500_imgsz1600_b1_2024-01-18.pt,0.5439732670783997,,fondoGorila,Cerro_Hoya_Expedition/Hoya_1416m_fondoGorila_2025-01-27/2025-01-28/patches/fondoGorila_2025_01_28__21_34_06_HDR0_0_Mothbot_yolo11m_4500_imgsz1600_b1_2024-01-18.pt.jpg,ORDER_Diptera,2025-01-28,21:34:06,,2025_01_28__21_34_06,MachineObservation,Cerro_Hoya_Expedition_Hoya_1416m_fondoGorila_2025-01-27_2025-01-28,Cerro_Hoya_Expedition_Hoya_1416m_fondoGorila_2025-01-27,fondoGorila_2025_01_28__21_34_06_HDR0.jpg,fondoGorila_2025_01_28__21_34_06_HDR0_0_Mothbot_yolo11m_4500_imgsz1600_b1_2024-01-18.pt.jpg
,,,,,,,,,,,,ERROR,Cerro_Hoya_Expedition_Hoya_1416m_fondoGorila_2025-01-27,fondoGorila_2025_01_28__21_35_06_HDR0_0_Mothbot_yolo11m_4500_imgsz1600_b1_2024-01-18.pt.jpg,HS,Mothbot_yolo11m_4500_imgsz1600_b1_2024-01-18.pt,0.7568888068199158,,fondoGorila,Cerro_Hoya_Expedition/Hoya_1416m_fondoGorila_2025-01-27/2025-01-28/patches/fondoGorila_2025_01_28__21_35_06_HDR0_0_Mothbot_yolo11m_4500_imgsz1600_b1_2024-01-18.pt.jpg,ORDER_Diptera,2025-01-28,21:35:06,,2025_01_28__21_35_06,MachineObservation,Cerro_Hoya_Expedition_Hoya_1416m_fondoGorila_2025-01-27_2025-01-28,Cerro_Hoya_Expedition_Hoya_1416m_fondoGorila_2025-01-27,fondoGorila_2025_01_28__21_35_06_HDR0.jpg,fondoGorila_2025_01_28__21_35_06_HDR0_0_Mothbot_yolo11m_4500_imgsz1600_b1_2024-01-18.pt.jpg
,,,,,,,,,,,,ERROR,Cerro_Hoya_Expedition_Hoya_1416m_fondoGorila_2025-01-27,fondoGorila_2025_01_28__21_37_06_HDR0_0_Mothbot_yolo11m_4500_imgsz1600_b1_2024-01-18.pt.jpg,HS,Mothbot_yolo11m_4500_imgsz1600_b1_2024-01-18.pt,0.5977859497070312,,fondoGorila,Cerro_Hoya_Expedition/Hoya_1416m_fondoGorila_2025-01-27/2025-01-28/patches/fondoGorila_2025_01_28__21_37_06_HDR0_0_Mothbot_yolo11m_4500_imgsz1600_b1_2024-01-18.pt.jpg,ORDER_Diptera,2025-01-28,21:37:06,,2025_01_28__21_37_06,MachineObservation,Cerro_Hoya_Expedition_Hoya_1416m_fondoGorila_2025-01-27_2025-01-28,Cerro_Hoya_Expedition_Hoya_1416m_fondoGorila_2025-01-27,fondoGorila_2025_01_28__21_37_06_HDR0.jpg,fondoGorila_2025_01_28__21_37_06_HDR0_0_Mothbot_yolo11m_4500_imgsz1600_b1_2024-01-18.pt.jpg
,,,,,,,,,,,,ERROR,Cerro_Hoya_Expedition_Hoya_1416m_fondoGorila_2025-01-27,fondoGorila_2025_01_28__21_38_06_HDR0_0_Mothbot_yolo11m_4500_imgsz1600_b1_2024-01-18.pt.jpg,HS,Mothbot_yolo11m_4500_imgsz1600_b1_2024-01-18.pt,0.6850460171699524,,fondoGorila,Cerro_Hoya_Expedition/Hoya_1416m_fondoGorila_2025-01-27/2025-01-28/patches/fondoGorila_2025_01_28__21_38_06_HDR0_0_Mothbot_yolo11m_4500_imgsz1600_b1_2024-01-18.pt.jpg,ORDER_Diptera,2025-01-28,21:38:06,,2025_01_28__21_38_06,MachineObservation,Cerro_Hoya_Expedition_Hoya_1416m_fondoGorila_2025-01-27_2025-01-28,Cerro_Hoya_Expedition_Hoya_1416m_fondoGorila_2025-01-27,fondoGorila_2025_01_28__21_38_06_HDR0.jpg,fondoGorila_2025_01_28__21_38_06_HDR0_0_Mothbot_yolo11m_4500_imgsz1600_b1_2024-01-18.pt.jpg
,,,,,,,,,,,,ERROR,Cerro_Hoya_Expedition_Hoya_1416m_fondoGorila_2025-01-27,fondoGorila_2025_01_28__21_39_05_HDR0_0_Mothbot_yolo11m_4500_imgsz1600_b1_2024-01-18.pt.jpg,HS,Mothbot_yolo11m_4500_imgsz1600_b1_2024-01-18.pt,0.7071713805198669,,fondoGorila,Cerro_Hoya_Expedition/Hoya_1416m_fondoGorila_2025-01-27/2025-01-28/patches/fondoGorila_2025_01_28__21_39_05_HDR0_0_Mothbot_yolo11m_4500_imgsz1600_b1_2024-01-18.pt.jpg,ORDER_Diptera,2025-01-28,21:39:05,,2025_01_28__21_39_05,MachineObservation,Cerro_Hoya_Expedition_Hoya_1416m_fondoGorila_2025-01-27_2025-01-28,Cerro_Hoya_Expedition_Hoya_1416m_fondoGorila_2025-01-27,fondoGorila_2025_01_28__21_39_05_HDR0.jpg,fondoGorila_2025_01_28__21_39_05_HDR0_0_Mothbot_yolo11m_4500_imgsz1600_b1_2024-01-18.pt.jpg
,,,,,,,,,,,,ERROR,Cerro_Hoya_Expedition_Hoya_1416m_fondoGorila_2025-01-27,fondoGorila_2025_01_28__21_40_06_HDR0_0_Mothbot_yolo11m_4500_imgsz1600_b1_2024-01-18.pt.jpg,HS,Mothbot_yolo11m_4500_imgsz1600_b1_2024-01-18.pt,0.7520045638084412,,fondoGorila,Cerro_Hoya_Expedition/Hoya_1416m_fondoGorila_2025-01-27/2025-01-28/patches/fondoGorila_2025_01_28__21_40_06_HDR0_0_Mothbot_yolo11m_4500_imgsz1600_b1_2024-01-18.pt.jpg,ORDER_Lepidoptera,2025-01-28,21:40:06,,2025_01_28__21_40_06,MachineObservation,Cerro_Hoya_Expedition_Hoya_1416m_fondoGorila_2025-01-27_2025-01-28,Cerro_Hoya_Expedition_Hoya_1416m_fondoGorila_2025-01-27,fondoGorila_2025_01_28__21_40_06_HDR0.jpg,fondoGorila_2025_01_28__21_40_06_HDR0_0_Mothbot_yolo11m_4500_imgsz1600_b1_2024-01-18.pt.jpg
,,,,,,,,,,,,ERROR,Cerro_Hoya_Expedition_Hoya_1416m_fondoGorila_2025-01-27,fondoGorila_2025_01_28__21_41_06_HDR0_0_Mothbot_yolo11m_4500_imgsz1600_b1_2024-01-18.pt.jpg,HS,Mothbot_yolo11m_4500_imgsz1600_b1_2024-01-18.pt,0.7883137464523315,,fondoGorila,Cerro_Hoya_Expedition/Hoya_1416m_fondoGorila_2025-01-27/2025-01-28/patches/fondoGorila_2025_01_28__21_41_06_HDR0_0_Mothbot_yolo11m_4500_imgsz1600_b1_2024-01-18.pt.jpg,ORDER_Diptera,2025-01-28,21:41:06,,2025_01_28__21_41_06,MachineObservation,Cerro_Hoya_Expedition_Hoya_1416m_fondoGorila_2025-01-27_2025-01-28,Cerro_Hoya_Expedition_Hoya_1416m_fondoGorila_2025-01-27,fondoGorila_2025_01_28__21_41_06_HDR0.jpg,fondoGorila_2025_01_28__21_41_06_HDR0_0_Mothbot_yolo11m_4500_imgsz1600_b1_2024-01-18.pt.jpg
,,,,,,,,,,,,ERROR,Cerro_Hoya_Expedition_Hoya_1416m_fondoGorila_2025-01-27,fondoGorila_2025_01_28__21_42_06_HDR0_0_Mothbot_yolo11m_4500_imgsz1600_b1_2024-01-18.pt.jpg,HS,Mothbot_yolo11m_4500_imgsz1600_b1_2024-01-18.pt,0.7366862893104553,,fondoGorila,Cerro_Hoya_Expedition/Hoya_1416m_fondoGorila_2025-01-27/2025-01-28/patches/fondoGorila_2025_01_28__21_42_06_HDR0_0_Mothbot_yolo11m_4500_imgsz1600_b1_2024-01-18.pt.jpg,ORDER_Diptera,2025-01-28,21:42:06,,2025_01_28__21_42_06,MachineObservation,Cerro_Hoya_Expedition_Hoya_1416m_fondoGorila_2025-01-27_2025-01-28,Cerro_Hoya_Expedition_Hoya_1416m_fondoGorila_2025-01-27,fondoGorila_2025_01_28__21_42_06_HDR0.jpg,fondoGorila_2025_01_28__21_42_06_HDR0_0_Mothbot_yolo11m_4500_imgsz1600_b1_2024-01-18.pt.jpg
,,,,,,,,,,,,ERROR,Cerro_Hoya_Expedition_Hoya_1416m_fondoGorila_2025-01-27,fondoGorila_2025_01_28__21_44_06_HDR0_0_Mothbot_yolo11m_4500_imgsz1600_b1_2024-01-18.pt.jpg,HS,Mothbot_yolo11m_4500_imgsz1600_b1_2024-01-18.pt,0.7707369327545166,,fondoGorila,Cerro_Hoya_Expedition/Hoya_1416m_fondoGorila_2025-01-27/2025-01-28/patches/fondoGorila_2025_01_28__21_44_06_HDR0_0_Mothbot_yolo11m_4500_imgsz1600_b1_2024-01-18.pt.jpg,ORDER_Diptera,2025-01-28,21:44:06,,2025_01_28__21_44_06,MachineObservation,Cerro_Hoya_Expedition_Hoya_1416m_fondoGorila_2025-01-27_2025-01-28,Cerro_Hoya_Expedition_Hoya_1416m_fondoGorila_2025-01-27,fondoGorila_2025_01_28__21_44_06_HDR0.jpg,fondoGorila_2025_01_28__21_44_06_HDR0_0_Mothbot_yolo11m_4500_imgsz1600_b1_2024-01-18.pt.jpg
,,,,,,,,,,,,ERROR,Cerro_Hoya_Expedition_Hoya_1416m_fondoGorila_2025-01-27,fondoGorila_2025_01_28__21_45_05_HDR0_0_Mothbot_yolo11m_4500_imgsz1600_b1_2024-01-18.pt.jpg,HS,Mothbot_yolo11m_4500_imgsz1600_b1_2024-01-18.pt,0.76976478099823,,fondoGorila,Cerro_Hoya_Expedition/Hoya_1416m_fondoGorila_2025-01-27/2025-01-28/patches/fondoGorila_2025_01_28__21_45_05_HDR0_0_Mothbot_yolo11m_4500_imgsz1600_b1_2024-01-18.pt.jpg,ORDER_Diptera,2025-01-28,21:45:05,,2025_01_28__21_45_05,MachineObservation,Cerro_Hoya_Expedition_Hoya_1416m_fondoGorila_2025-01-27_2025-01-28,Cerro_Hoya_Expedition_Hoya_1416m_fondoGorila_2025-01-27,fondoGorila_2025_01_28__21_45_05_HDR0.jpg,fondoGorila_2025_01_28__21_45_05_HDR0_0_Mothbot_yolo11m_4500_imgsz1600_b1_2024-01-18.pt.jpg
,,,,,,,,,,,,ERROR,Cerro_Hoya_Expedition_Hoya_1416m_fondoGorila_2025-01-27,fondoGorila_2025_01_28__21_46_06_HDR0_0_Mothbot_yolo11m_4500_imgsz1600_b1_2024-01-18.pt.jpg,HS,Mothbot_yolo11m_4500_imgsz1600_b1_2024-01-18.pt,0.8008724451065063,,fondoGorila,Cerro_Hoya_Expedition/Hoya_1416m_fondoGorila_2025-01-27/2025-01-28/patches/fondoGorila_2025_01_28__21_46_06_HDR0_0_Mothbot_yolo11m_4500_imgsz1600_b1_2024-01-18.pt.jpg,ORDER_Lepidoptera,2025-01-28,21:46:06,,2025_01_28__21_46_06,MachineObservation,Cerro_Hoya_Expedition_Hoya_1416m_fondoGorila_2025-01-27_2025-01-28,Cerro_Hoya_Expedition_Hoya_1416m_fondoGorila_2025-01-27,fondoGorila_2025_01_28__21_46_06_HDR0.jpg,fondoGorila_2025_01_28__21_46_06_HDR0_0_Mothbot_yolo11m_4500_imgsz1600_b1_2024-01-18.pt.jpg
,,,,,,,,,,,,ERROR,Cerro_Hoya_Expedition_Hoya_1416m_fondoGorila_2025-01-27,fondoGorila_2025_01_28__21_47_06_HDR0_0_Mothbot_yolo11m_4500_imgsz1600_b1_2024-01-18.pt.jpg,HS,Mothbot_yolo11m_4500_imgsz1600_b1_2024-01-18.pt,0.8091640472412109,,fondoGorila,Cerro_Hoya_Expedition/Hoya_1416m_fondoGorila_2025-01-27/2025-01-28/patches/fondoGorila_2025_01_28__21_47_06_HDR0_0_Mothbot_yolo11m_4500_imgsz1600_b1_2024-01-18.pt.jpg,ORDER_Lepidoptera,2025-01-28,21:47:06,,2025_01_28__21_47_06,MachineObservation,Cerro_Hoya_Expedition_Hoya_1416m_fondoGorila_2025-01-27_2025-01-28,Cerro_Hoya_Expedition_Hoya_1416m_fondoGorila_2025-01-27,fondoGorila_2025_01_28__21_47_06_HDR0.jpg,fondoGorila_2025_01_28__21_47_06_HDR0_0_Mothbot_yolo11m_4500_imgsz1600_b1_2024-01-18.pt.jpg
,,,,,,,,,,,,ERROR,Cerro_Hoya_Expedition_Hoya_1416m_fondoGorila_2025-01-27,fondoGorila_2025_01_28__21_48_06_HDR0_0_Mothbot_yolo11m_4500_imgsz1600_b1_2024-01-18.pt.jpg,HS,Mothbot_yolo11m_4500_imgsz1600_b1_2024-01-18.pt,0.7981388568878174,,fondoGorila,Cerro_Hoya_Expedition/Hoya_1416m_fondoGorila_2025-01-27/2025-01-28/patches/fondoGorila_2025_01_28__21_48_06_HDR0_0_Mothbot_yolo11m_4500_imgsz1600_b1_2024-01-18.pt.jpg,ORDER_Diptera,2025-01-28,21:48:06,,2025_01_28__21_48_06,MachineObservation,Cerro_Hoya_Expedition_Hoya_1416m_fondoGorila_2025-01-27_2025-01-28,Cerro_Hoya_Expedition_Hoya_1416m_fondoGorila_2025-01-27,fondoGorila_2025_01_28__21_48_06_HDR0.jpg,fondoGorila_2025_01_28__21_48_06_HDR0_0_Mothbot_yolo11m_4500_imgsz1600_b1_2024-01-18.pt.jpg
,,,,,,,,,,,,ERROR,Cerro_Hoya_Expedition_Hoya_1416m_fondoGorila_2025-01-27,fondoGorila_2025_01_28__21_49_05_HDR0_0_Mothbot_yolo11m_4500_imgsz1600_b1_2024-01-18.pt.jpg,HS,Mothbot_yolo11m_4500_imgsz1600_b1_2024-01-18.pt,0.8076369762420654,,fondoGorila,Cerro_Hoya_Expedition/Hoya_1416m_fondoGorila_2025-01-27/2025-01-28/patches/fondoGorila_2025_01_28__21_49_05_HDR0_0_Mothbot_yolo11m_4500_imgsz1600_b1_2024-01-18.pt.jpg,ORDER_Lepidoptera,2025-01-28,21:49:05,,2025_01_28__21_49_05,MachineObservation,Cerro_Hoya_Expedition_Hoya_1416m_fondoGorila_2025-01-27_2025-01-28,Cerro_Hoya_Expedition_Hoya_1416m_fondoGorila_2025-01-27,fondoGorila_2025_01_28__21_49_05_HDR0.jpg,fondoGorila_2025_01_28__21_49_05_HDR0_0_Mothbot_yolo11m_4500_imgsz1600_b1_2024-01-18.pt.jpg
,,,,,,,,,,,,ERROR,Cerro_Hoya_Expedition_Hoya_1416m_fondoGorila_2025-01-27,fondoGorila_2025_01_28__21_49_05_HDR0_1_Mothbot_yolo11m_4500_imgsz1600_b1_2024-01-18.pt.jpg,HS,Mothbot_yolo11m_4500_imgsz1600_b1_2024-01-18.pt,0.5469339489936829,,fondoGorila,Cerro_Hoya_Expedition/Hoya_1416m_fondoGorila_2025-01-27/2025-01-28/patches/fondoGorila_2025_01_28__21_49_05_HDR0_1_Mothbot_yolo11m_4500_imgsz1600_b1_2024-01-18.pt.jpg,ORDER_Diptera,2025-01-28,21:49:05,,2025_01_28__21_49_05,MachineObservation,Cerro_Hoya_Expedition_Hoya_1416m_fondoGorila_2025-01-27_2025-01-28,Cerro_Hoya_Expedition_Hoya_1416m_fondoGorila_2025-01-27,fondoGorila_2025_01_28__21_49_05_HDR0.jpg,fondoGorila_2025_01_28__21_49_05_HDR0_1_Mothbot_yolo11m_4500_imgsz1600_b1_2024-01-18.pt.jpg
,,,,,,,,,,,,ERROR,Cerro_Hoya_Expedition_Hoya_1416m_fondoGorila_2025-01-27,fondoGorila_2025_01_28__21_51_06_HDR0_0_Mothbot_yolo11m_4500_imgsz1600_b1_2024-01-18.pt.jpg,HS,Mothbot_yolo11m_4500_imgsz1600_b1_2024-01-18.pt,0.7876216173171997,,fondoGorila,Cerro_Hoya_Expedition/Hoya_1416m_fondoGorila_2025-01-27/2025-01-28/patches/fondoGorila_2025_01_28__21_51_06_HDR0_0_Mothbot_yolo11m_4500_imgsz1600_b1_2024-01-18.pt.jpg,ORDER_Diptera,2025-01-28,21:51:06,,2025_01_28__21_51_06,MachineObservation,Cerro_Hoya_Expedition_Hoya_1416m_fondoGorila_2025-01-27_2025-01-28,Cerro_Hoya_Expedition_Hoya_1416m_fondoGorila_2025-01-27,fondoGorila_2025_01_28__21_51_06_HDR0.jpg,fondoGorila_2025_01_28__21_51_06_HDR0_0_Mothbot_yolo11m_4500_imgsz1600_b1_2024-01-18.pt.jpg
,,,,,,,,,,,,ERROR,Cerro_Hoya_Expedition_Hoya_1416m_fondoGorila_2025-01-27,fondoGorila_2025_01_28__21_51_06_HDR0_1_Mothbot_yolo11m_4500_imgsz1600_b1_2024-01-18.pt.jpg,HS,Mothbot_yolo11m_4500_imgsz1600_b1_2024-01-18.pt,0.641724169254303,,fondoGorila,Cerro_Hoya_Expedition/Hoya_1416m_fondoGorila_2025-01-27/2025-01-28/patches/fondoGorila_2025_01_28__21_51_06_HDR0_1_Mothbot_yolo11m_4500_imgsz1600_b1_2024-01-18.pt.jpg,ORDER_Diptera,2025-01-28,21:51:06,,2025_01_28__21_51_06,MachineObservation,Cerro_Hoya_Expedition_Hoya_1416m_fondoGorila_2025-01-27_2025-01-28,Cerro_Hoya_Expedition_Hoya_1416m_fondoGorila_2025-01-27,fondoGorila_2025_01_28__21_51_06_HDR0.jpg,fondoGorila_2025_01_28__21_51_06_HDR0_1_Mothbot_yolo11m_4500_imgsz1600_b1_2024-01-18.pt.jpg
,,,,,,,,,,,,ERROR,Cerro_Hoya_Expedition_Hoya_1416m_fondoGorila_2025-01-27,fondoGorila_2025_01_28__21_52_06_HDR0_0_Mothbot_yolo11m_4500_imgsz1600_b1_2024-01-18.pt.jpg,HS,Mothbot_yolo11m_4500_imgsz1600_b1_2024-01-18.pt,0.8089183568954468,,fondoGorila,Cerro_Hoya_Expedition/Hoya_1416m_fondoGorila_2025-01-27/2025-01-28/patches/fondoGorila_2025_01_28__21_52_06_HDR0_0_Mothbot_yolo11m_4500_imgsz1600_b1_2024-01-18.pt.jpg,ORDER_Lepidoptera,2025-01-28,21:52:06,,2025_01_28__21_52_06,MachineObservation,Cerro_Hoya_Expedition_Hoya_1416m_fondoGorila_2025-01-27_2025-01-28,Cerro_Hoya_Expedition_Hoya_1416m_fondoGorila_2025-01-27,fondoGorila_2025_01_28__21_52_06_HDR0.jpg,fondoGorila_2025_01_28__21_52_06_HDR0_0_Mothbot_yolo11m_4500_imgsz1600_b1_2024-01-18.pt.jpg
,,,,,,,,,,,,ERROR,Cerro_Hoya_Expedition_Hoya_1416m_fondoGorila_2025-01-27,fondoGorila_2025_01_28__21_52_06_HDR0_1_Mothbot_yolo11m_4500_imgsz1600_b1_2024-01-18.pt.jpg,HS,Mothbot_yolo11m_4500_imgsz1600_b1_2024-01-18.pt,0.637660562992096,,fondoGorila,Cerro_Hoya_Expedition/Hoya_1416m_fondoGorila_2025-01-27/2025-01-28/patches/fondoGorila_2025_01_28__21_52_06_HDR0_1_Mothbot_yolo11m_4500_imgsz1600_b1_2024-01-18.pt.jpg,ORDER_Diptera,2025-01-28,21:52:06,,2025_01_28__21_52_06,MachineObservation,Cerro_Hoya_Expedition_Hoya_1416m_fondoGorila_2025-01-27_2025-01-28,Cerro_Hoya_Expedition_Hoya_1416m_fondoGorila_2025-01-27,fondoGorila_2025_01_28__21_52_06_HDR0.jpg,fondoGorila_2025_01_28__21_52_06_HDR0_1_Mothbot_yolo11m_4500_imgsz1600_b1_2024-01-18.pt.jpg
,,,,,,,,,,,,ERROR,Cerro_Hoya_Expedition_Hoya_1416m_fondoGorila_2025-01-27,fondoGorila_2025_01_28__21_53_05_HDR0_0_Mothbot_yolo11m_4500_imgsz1600_b1_2024-01-18.pt.jpg,HS,Mothbot_yolo11m_4500_imgsz1600_b1_2024-01-18.pt,0.8059066534042358,,fondoGorila,Cerro_Hoya_Expedition/Hoya_1416m_fondoGorila_2025-01-27/2025-01-28/patches/fondoGorila_2025_01_28__21_53_05_HDR0_0_Mothbot_yolo11m_4500_imgsz1600_b1_2024-01-18.pt.jpg,ORDER_Diptera,2025-01-28,21:53:05,,2025_01_28__21_53_05,MachineObservation,Cerro_Hoya_Expedition_Hoya_1416m_fondoGorila_2025-01-27_2025-01-28,Cerro_Hoya_Expedition_Hoya_1416m_fondoGorila_2025-01-27,fondoGorila_2025_01_28__21_53_05_HDR0.jpg,fondoGorila_2025_01_28__21_53_05_HDR0_0_Mothbot_yolo11m_4500_imgsz1600_b1_2024-01-18.pt.jpg
,,,,,,,,,,,,ERROR,Cerro_Hoya_Expedition_Hoya_1416m_fondoGorila_2025-01-27,fondoGorila_2025_01_28__21_53_05_HDR0_1_Mothbot_yolo11m_4500_imgsz1600_b1_2024-01-18.pt.jpg,HS,Mothbot_yolo11m_4500_imgsz1600_b1_2024-01-18.pt,0.5966231822967529,,fondoGorila,Cerro_Hoya_Expedition/Hoya_1416m_fondoGorila_2025-01-27/2025-01-28/patches/fondoGorila_2025_01_28__21_53_05_HDR0_1_Mothbot_yolo11m_4500_imgsz1600_b1_2024-01-18.pt.jpg,ERROR_background,2025-01-28,21:53:05,,2025_01_28__21_53_05,MachineObservation,Cerro_Hoya_Expedition_Hoya_1416m_fondoGorila_2025-01-27_2025-01-28,Cerro_Hoya_Expedition_Hoya_1416m_fondoGorila_2025-01-27,fondoGorila_2025_01_28__21_53_05_HDR0.jpg,fondoGorila_2025_01_28__21_53_05_HDR0_1_Mothbot_yolo11m_4500_imgsz1600_b1_2024-01-18.pt.jpg
,,,,,,,,,,,,ERROR,Cerro_Hoya_Expedition_Hoya_1416m_fondoGorila_2025-01-27,fondoGorila_2025_01_28__21_54_06_HDR0_0_Mothbot_yolo11m_4500_imgsz1600_b1_2024-01-18.pt.jpg,HS,Mothbot_yolo11m_4500_imgsz1600_b1_2024-01-18.pt,0.7727239727973938,,fondoGorila,Cerro_Hoya_Expedition/Hoya_1416m_fondoGorila_2025-01-27/2025-01-28/patches/fondoGorila_2025_01_28__21_54_06_HDR0_0_Mothbot_yolo11m_4500_imgsz1600_b1_2024-01-18.pt.jpg,ORDER_Diptera,2025-01-28,21:54:06,,2025_01_28__21_54_06,MachineObservation,Cerro_Hoya_Expedition_Hoya_1416m_fondoGorila_2025-01-27_2025-01-28,Cerro_Hoya_Expedition_Hoya_1416m_fondoGorila_2025-01-27,fondoGorila_2025_01_28__21_54_06_HDR0.jpg,fondoGorila_2025_01_28__21_54_06_HDR0_0_Mothbot_yolo11m_4500_imgsz1600_b1_2024-01-18.pt.jpg
,,,,,,,,,,,,ERROR,Cerro_Hoya_Expedition_Hoya_1416m_fondoGorila_2025-01-27,fondoGorila_2025_01_28__21_54_06_HDR0_1_Mothbot_yolo11m_4500_imgsz1600_b1_2024-01-18.pt.jpg,HS,Mothbot_yolo11m_4500_imgsz1600_b1_2024-01-18.pt,0.6585150957107544,,fondoGorila,Cerro_Hoya_Expedition/Hoya_1416m_fondoGorila_2025-01-27/2025-01-28/patches/fondoGorila_2025_01_28__21_54_06_HDR0_1_Mothbot_yolo11m_4500_imgsz1600_b1_2024-01-18.pt.jpg,ORDER_Lepidoptera,2025-01-28,21:54:06,,2025_01_28__21_54_06,MachineObservation,Cerro_Hoya_Expedition_Hoya_1416m_fondoGorila_2025-01-27_2025-01-28,Cerro_Hoya_Expedition_Hoya_1416m_fondoGorila_2025-01-27,fondoGorila_2025_01_28__21_54_06_HDR0.jpg,fondoGorila_2025_01_28__21_54_06_HDR0_1_Mothbot_yolo11m_4500_imgsz1600_b1_2024-01-18.pt.jpg
,,,,,,,,,,,,ERROR,Cerro_Hoya_Expedition_Hoya_1416m_fondoGorila_2025-01-27,fondoGorila_2025_01_28__21_55_06_HDR0_0_Mothbot_yolo11m_4500_imgsz1600_b1_2024-01-18.pt.jpg,HS,Mothbot_yolo11m_4500_imgsz1600_b1_2024-01-18.pt,0.814664900302887,,fondoGorila,Cerro_Hoya_Expedition/Hoya_1416m_fondoGorila_2025-01-27/2025-01-28/patches/fondoGorila_2025_01_28__21_55_06_HDR0_0_Mothbot_yolo11m_4500_imgsz1600_b1_2024-01-18.pt.jpg,ORDER_Diptera,2025-01-28,21:55:06,,2025_01_28__21_55_06,MachineObservation,Cerro_Hoya_Expedition_Hoya_1416m_fondoGorila_2025-01-27_2025-01-28,Cerro_Hoya_Expedition_Hoya_1416m_fondoGorila_2025-01-27,fondoGorila_2025_01_28__21_55_06_HDR0.jpg,fondoGorila_2025_01_28__21_55_06_HDR0_0_Mothbot_yolo11m_4500_imgsz1600_b1_2024-01-18.pt.jpg
,,,,,,,,,,,,ERROR,Cerro_Hoya_Expedition_Hoya_1416m_fondoGorila_2025-01-27,fondoGorila_2025_01_28__21_55_06_HDR0_1_Mothbot_yolo11m_4500_imgsz1600_b1_2024-01-18.pt.jpg,HS,Mothbot_yolo11m_4500_imgsz1600_b1_2024-01-18.pt,0.40980789065361023,,fondoGorila,Cerro_Hoya_Expedition/Hoya_1416m_fondoGorila_2025-01-27/2025-01-28/patches/fondoGorila_2025_01_28__21_55_06_HDR0_1_Mothbot_yolo11m_4500_imgsz1600_b1_2024-01-18.pt.jpg,ORDER_Lepidoptera,2025-01-28,21:55:06,,2025_01_28__21_55_06,MachineObservation,Cerro_Hoya_Expedition_Hoya_1416m_fondoGorila_2025-01-27_2025-01-28,Cerro_Hoya_Expedition_Hoya_1416m_fondoGorila_2025-01-27,fondoGorila_2025_01_28__21_55_06_HDR0.jpg,fondoGorila_2025_01_28__21_55_06_HDR0_1_Mothbot_yolo11m_4500_imgsz1600_b1_2024-01-18.pt.jpg
,,,,,,,,,,,,ERROR,Cerro_Hoya_Expedition_Hoya_1416m_fondoGorila_2025-01-27,fondoGorila_2025_01_28__21_56_06_HDR0_0_Mothbot_yolo11m_4500_imgsz1600_b1_2024-01-18.pt.jpg,HS,Mothbot_yolo11m_4500_imgsz1600_b1_2024-01-18.pt,0.7887605428695679,,fondoGorila,Cerro_Hoya_Expedition/Hoya_1416m_fondoGorila_2025-01-27/2025-01-28/patches/fondoGorila_2025_01_28__21_56_06_HDR0_0_Mothbot_yolo11m_4500_imgsz1600_b1_2024-01-18.pt.jpg,ORDER_Lepidoptera,2025-01-28,21:56:06,,2025_01_28__21_56_06,MachineObservation,Cerro_Hoya_Expedition_Hoya_1416m_fondoGorila_2025-01-27_2025-01-28,Cerro_Hoya_Expedition_Hoya_1416m_fondoGorila_2025-01-27,fondoGorila_2025_01_28__21_56_06_HDR0.jpg,fondoGorila_2025_01_28__21_56_06_HDR0_0_Mothbot_yolo11m_4500_imgsz1600_b1_2024-01-18.pt.jpg
,,,,,,,,,,,,ERROR,Cerro_Hoya_Expedition_Hoya_1416m_fondoGorila_2025-01-27,fondoGorila_2025_01_28__21_56_06_HDR0_1_Mothbot_yolo11m_4500_imgsz1600_b1_2024-01-18.pt.jpg,HS,Mothbot_yolo11m_4500_imgsz1600_b1_2024-01-18.pt,0.6309215426445007,,fondoGorila,Cerro_Hoya_Expedition/Hoya_1416m_fondoGorila_2025-01-27/2025-01-28/patches/fondoGorila_2025_01_28__21_56_06_HDR0_1_Mothbot_yolo11m_4500_imgsz1600_b1_2024-01-18.pt.jpg,ORDER_Lepidoptera,2025-01-28,21:56:06,,2025_01_28__21_56_06,MachineObservation,Cerro_Hoya_Expedition_Hoya_1416m_fondoGorila_2025-01-27_2025-01-28,Cerro_Hoya_Expedition_Hoya_1416m_fondoGorila_2025-01-27,fondoGorila_2025_01_28__21_56_06_HDR0.jpg,fondoGorila_2025_01_28__21_56_06_HDR0_1_Mothbot_yolo11m_4500_imgsz1600_b1_2024-01-18.pt.jpg
,,,,,,,,,,,,ERROR,Cerro_Hoya_Expedition_Hoya_1416m_fondoGorila_2025-01-27,fondoGorila_2025_01_28__21_58_06_HDR0_0_Mothbot_yolo11m_4500_imgsz1600_b1_2024-01-18.pt.jpg,HS,Mothbot_yolo11m_4500_imgsz1600_b1_2024-01-18.pt,0.8021517395973206,,fondoGorila,Cerro_Hoya_Expedition/Hoya_1416m_fondoGorila_2025-01-27/2025-01-28/patches/fondoGorila_2025_01_28__21_58_06_HDR0_0_Mothbot_yolo11m_4500_imgsz1600_b1_2024-01-18.pt.jpg,ORDER_Lepidoptera,2025-01-28,21:58:06,,2025_01_28__21_58_06,MachineObservation,Cerro_Hoya_Expedition_Hoya_1416m_fondoGorila_2025-01-27_2025-01-28,Cerro_Hoya_Expedition_Hoya_1416m_fondoGorila_2025-01-27,fondoGorila_2025_01_28__21_58_06_HDR0.jpg,fondoGorila_2025_01_28__21_58_06_HDR0_0_Mothbot_yolo11m_4500_imgsz1600_b1_2024-01-18.pt.jpg
,,,,,,,,,,,,ERROR,Cerro_Hoya_Expedition_Hoya_1416m_fondoGorila_2025-01-27,fondoGorila_2025_01_28__21_58_06_HDR0_1_Mothbot_yolo11m_4500_imgsz1600_b1_2024-01-18.pt.jpg,HS,Mothbot_yolo11m_4500_imgsz1600_b1_2024-01-18.pt,0.6578758955001831,,fondoGorila,Cerro_Hoya_Expedition/Hoya_1416m_fondoGorila_2025-01-27/2025-01-28/patches/fondoGorila_2025_01_28__21_58_06_HDR0_1_Mothbot_yolo11m_4500_imgsz1600_b1_2024-01-18.pt.jpg,ORDER_Lepidoptera,2025-01-28,21:58:06,,2025_01_28__21_58_06,MachineObservation,Cerro_Hoya_Expedition_Hoya_1416m_fondoGorila_2025-01-27_2025-01-28,Cerro_Hoya_Expedition_Hoya_1416m_fondoGorila_2025-01-27,fondoGorila_2025_01_28__21_58_06_HDR0.jpg,fondoGorila_2025_01_28__21_58_06_HDR0_1_Mothbot_yolo11m_4500_imgsz1600_b1_2024-01-18.pt.jpg
,,,,,,,,,,,,ERROR,Cerro_Hoya_Expedition_Hoya_1416m_fondoGorila_2025-01-27,fondoGorila_2025_01_28__21_59_06_HDR0_0_Mothbot_yolo11m_4500_imgsz1600_b1_2024-01-18.pt.jpg,HS,Mothbot_yolo11m_4500_imgsz1600_b1_2024-01-18.pt,0.7972790598869324,,fondoGorila,Cerro_Hoya_Expedition/Hoya_1416m_fondoGorila_2025-01-27/2025-01-28/patches/fondoGorila_2025_01_28__21_59_06_HDR0_0_Mothbot_yolo11m_4500_imgsz1600_b1_2024-01-18.pt.jpg,ORDER_Lepidoptera,2025-01-28,21:59:06,,2025_01_28__21_59_06,MachineObservation,Cerro_Hoya_Expedition_Hoya_1416m_fondoGorila_2025-01-27_2025-01-28,Cerro_Hoya_Expedition_Hoya_1416m_fondoGorila_2025-01-27,fondoGorila_2025_01_28__21_59_06_HDR0.jpg,fondoGorila_2025_01_28__21_59_06_HDR0_0_Mothbot_yolo11m_4500_imgsz1600_b1_2024-01-18.pt.jpg
,,,,,,,,,,,,ERROR,Cerro_Hoya_Expedition_Hoya_1416m_fondoGorila_2025-01-27,fondoGorila_2025_01_28__21_59_06_HDR0_1_Mothbot_yolo11m_4500_imgsz1600_b1_2024-01-18.pt.jpg,HS,Mothbot_yolo11m_4500_imgsz1600_b1_2024-01-18.pt,0.7008271813392639,,fondoGorila,Cerro_Hoya_Expedition/Hoya_1416m_fondoGorila_2025-01-27/2025-01-28/patches/fondoGorila_2025_01_28__21_59_06_HDR0_1_Mothbot_yolo11m_4500_imgsz1600_b1_2024-01-18.pt.jpg,ORDER_Hymenoptera,2025-01-28,21:59:06,,2025_01_28__21_59_06,MachineObservation,Cerro_Hoya_Expedition_Hoya_1416m_fondoGorila_2025-01-27_2025-01-28,Cerro_Hoya_Expedition_Hoya_1416m_fondoGorila_2025-01-27,fondoGorila_2025_01_28__21_59_06_HDR0.jpg,fondoGorila_2025_01_28__21_59_06_HDR0_1_Mothbot_yolo11m_4500_imgsz1600_b1_2024-01-18.pt.jpg
,,,,,,,,,,,,ERROR,Cerro_Hoya_Expedition_Hoya_1416m_fondoGorila_2025-01-27,fondoGorila_2025_01_28__23_01_24_HDR0_0_Mothbot_yolo11m_4500_imgsz1600_b1_2024-01-18.pt.jpg,HS,Mothbot_yolo11m_4500_imgsz1600_b1_2024-01-18.pt,0.8009299039840698,,fondoGorila,Cerro_Hoya_Expedition/Hoya_1416m_fondoGorila_2025-01-27/2025-01-28/patches/fondoGorila_2025_01_28__23_01_24_HDR0_0_Mothbot_yolo11m_4500_imgsz1600_b1_2024-01-18.pt.jpg,ORDER_Diptera,2025-01-28,23:01:24,,2025_01_28__23_01_24,MachineObservation,Cerro_Hoya_Expedition_Hoya_1416m_fondoGorila_2025-01-27_2025-01-28,Cerro_Hoya_Expedition_Hoya_1416m_fondoGorila_2025-01-27,fondoGorila_2025_01_28__23_01_24_HDR0.jpg,fondoGorila_2025_01_28__23_01_24_HDR0_0_Mothbot_yolo11m_4500_imgsz1600_b1_2024-01-18.pt.jpg
,,,,,,,,,,,,ERROR,Cerro_Hoya_Expedition_Hoya_1416m_fondoGorila_2025-01-27,fondoGorila_2025_01_28__23_01_24_HDR0_1_Mothbot_yolo11m_4500_imgsz1600_b1_2024-01-18.pt.jpg,HS,Mothbot_yolo11m_4500_imgsz1600_b1_2024-01-18.pt,0.6735519170761108,,fondoGorila,Cerro_Hoya_Expedition/Hoya_1416m_fondoGorila_2025-01-27/2025-01-28/patches/fondoGorila_2025_01_28__23_01_24_HDR0_1_Mothbot_yolo11m_4500_imgsz1600_b1_2024-01-18.pt.jpg,ORDER_Coleoptera,2025-01-28,23:01:24,,2025_01_28__23_01_24,MachineObservation,Cerro_Hoya_Expedition_Hoya_1416m_fondoGorila_2025-01-27_2025-01-28,Cerro_Hoya_Expedition_Hoya_1416m_fondoGorila_2025-01-27,fondoGorila_2025_01_28__23_01_24_HDR0.jpg,fondoGorila_2025_01_28__23_01_24_HDR0_1_Mothbot_yolo11m_4500_imgsz1600_b1_2024-01-18.pt.jpg
,,,,,,,,,,,,ERROR,Cerro_Hoya_Expedition_Hoya_1416m_fondoGorila_2025-01-27,fondoGorila_2025_01_28__23_02_06_HDR0_0_Mothbot_yolo11m_4500_imgsz1600_b1_2024-01-18.pt.jpg,HS,Mothbot_yolo11m_4500_imgsz1600_b1_2024-01-18.pt,0.8164662718772888,,fondoGorila,Cerro_Hoya_Expedition/Hoya_1416m_fondoGorila_2025-01-27/2025-01-28/patches/fondoGorila_2025_01_28__23_02_06_HDR0_0_Mothbot_yolo11m_4500_imgsz1600_b1_2024-01-18.pt.jpg,ORDER_Lepidoptera,2025-01-28,23:02:06,,2025_01_28__23_02_06,MachineObservation,Cerro_Hoya_Expedition_Hoya_1416m_fondoGorila_2025-01-27_2025-01-28,Cerro_Hoya_Expedition_Hoya_1416m_fondoGorila_2025-01-27,fondoGorila_2025_01_28__23_02_06_HDR0.jpg,fondoGorila_2025_01_28__23_02_06_HDR0_0_Mothbot_yolo11m_4500_imgsz1600_b1_2024-01-18.pt.jpg
,,,,,,,,,,,,ERROR,Cerro_Hoya_Expedition_Hoya_1416m_fondoGorila_2025-01-27,fondoGorila_2025_01_28__23_02_06_HDR0_1_Mothbot_yolo11m_4500_imgsz1600_b1_2024-01-18.pt.jpg,HS,Mothbot_yolo11m_4500_imgsz1600_b1_2024-01-18.pt,0.6010603308677673,,fondoGorila,Cerro_Hoya_Expedition/Hoya_1416m_fondoGorila_2025-01-27/2025-01-28/patches/fondoGorila_2025_01_28__23_02_06_HDR0_1_Mothbot_yolo11m_4500_imgsz1600_b1_2024-01-18.pt.jpg,ORDER_Psocodea,2025-01-28,23:02:06,,2025_01_28__23_02_06,MachineObservation,Cerro_Hoya_Expedition_Hoya_1416m_fondoGorila_2025-01-27_2025-01-28,Cerro_Hoya_Expedition_Hoya_1416m_fondoGorila_2025-01-27,fondoGorila_2025_01_28__23_02_06_HDR0.jpg,fondoGorila_2025_01_28__23_02_06_HDR0_1_Mothbot_yolo11m_4500_imgsz1600_b1_2024-01-18.pt.jpg
,,,,,,,,,,,,ERROR,Cerro_Hoya_Expedition_Hoya_1416m_fondoGorila_2025-01-27,fondoGorila_2025_01_28__23_02_06_HDR0_2_Mothbot_yolo11m_4500_imgsz1600_b1_2024-01-18.pt.jpg,HS,Mothbot_yolo11m_4500_imgsz1600_b1_2024-01-18.pt,0.31447187066078186,,fondoGorila,Cerro_Hoya_Expedition/Hoya_1416m_fondoGorila_2025-01-27/2025-01-28/patches/fondoGorila_2025_01_28__23_02_06_HDR0_2_Mothbot_yolo11m_4500_imgsz1600_b1_2024-01-18.pt.jpg,ORDER_Coleoptera,2025-01-28,23:02:06,,2025_01_28__23_02_06,MachineObservation,Cerro_Hoya_Expedition_Hoya_1416m_fondoGorila_2025-01-27_2025-01-28,Cerro_Hoya_Expedition_Hoya_1416m_fondoGorila_2025-01-27,fondoGorila_2025_01_28__23_02_06_HDR0.jpg,fondoGorila_2025_01_28__23_02_06_HDR0_2_Mothbot_yolo11m_4500_imgsz1600_b1_2024-01-18.pt.jpg
,,,,,,,,,,,,ERROR,Cerro_Hoya_Expedition_Hoya_1416m_fondoGorila_2025-01-27,fondoGorila_2025_01_28__23_03_06_HDR0_0_Mothbot_yolo11m_4500_imgsz1600_b1_2024-01-18.pt.jpg,HS,Mothbot_yolo11m_4500_imgsz1600_b1_2024-01-18.pt,0.7962426543235779,,fondoGorila,Cerro_Hoya_Expedition/Hoya_1416m_fondoGorila_2025-01-27/2025-01-28/patches/fondoGorila_2025_01_28__23_03_06_HDR0_0_Mothbot_yolo11m_4500_imgsz1600_b1_2024-01-18.pt.jpg,ORDER_Lepidoptera,2025-01-28,23:03:06,,2025_01_28__23_03_06,MachineObservation,Cerro_Hoya_Expedition_Hoya_1416m_fondoGorila_2025-01-27_2025-01-28,Cerro_Hoya_Expedition_Hoya_1416m_fondoGorila_2025-01-27,fondoGorila_2025_01_28__23_03_06_HDR0.jpg,fondoGorila_2025_01_28__23_03_06_HDR0_0_Mothbot_yolo11m_4500_imgsz1600_b1_2024-01-18.pt.jpg
,,,,,,,,,,,,ERROR,Cerro_Hoya_Expedition_Hoya_1416m_fondoGorila_2025-01-27,fondoGorila_2025_01_28__23_03_06_HDR0_1_Mothbot_yolo11m_4500_imgsz1600_b1_2024-01-18.pt.jpg,HS,Mothbot_yolo11m_4500_imgsz1600_b1_2024-01-18.pt,0.5589752793312073,,fondoGorila,Cerro_Hoya_Expedition/Hoya_1416m_fondoGorila_2025-01-27/2025-01-28/patches/fondoGorila_2025_01_28__23_03_06_HDR0_1_Mothbot_yolo11m_4500_imgsz1600_b1_2024-01-18.pt.jpg,ORDER_Diptera,2025-01-28,23:03:06,,2025_01_28__23_03_06,MachineObservation,Cerro_Hoya_Expedition_Hoya_1416m_fondoGorila_2025-01-27_2025-01-28,Cerro_Hoya_Expedition_Hoya_1416m_fondoGorila_2025-01-27,fondoGorila_2025_01_28__23_03_06_HDR0.jpg,fondoGorila_2025_01_28__23_03_06_HDR0_1_Mothbot_yolo11m_4500_imgsz1600_b1_2024-01-18.pt.jpg
,,,,,,,,,,,,ERROR,Cerro_Hoya_Expedition_Hoya_1416m_fondoGorila_2025-01-27,fondoGorila_2025_01_28__23_03_06_HDR0_2_Mothbot_yolo11m_4500_imgsz1600_b1_2024-01-18.pt.jpg,HS,Mothbot_yolo11m_4500_imgsz1600_b1_2024-01-18.pt,0.3373989164829254,,fondoGorila,Cerro_Hoya_Expedition/Hoya_1416m_fondoGorila_2025-01-27/2025-01-28/patches/fondoGorila_2025_01_28__23_03_06_HDR0_2_Mothbot_yolo11m_4500_imgsz1600_b1_2024-01-18.pt.jpg,ORDER_Coleoptera,2025-01-28,23:03:06,,2025_01_28__23_03_06,MachineObservation,Cerro_Hoya_Expedition_Hoya_1416m_fondoGorila_2025-01-27_2025-01-28,Cerro_Hoya_Expedition_Hoya_1416m_fondoGorila_2025-01-27,fondoGorila_2025_01_28__23_03_06_HDR0.jpg,fondoGorila_2025_01_28__23_03_06_HDR0_2_Mothbot_yolo11m_4500_imgsz1600_b1_2024-01-18.pt.jpg
,,,,,,,,,,,,ERROR,Cerro_Hoya_Expedition_Hoya_1416m_fondoGorila_2025-01-27,fondoGorila_2025_01_28__23_04_06_HDR0_0_Mothbot_yolo11m_4500_imgsz1600_b1_2024-01-18.pt.jpg,HS,Mothbot_yolo11m_4500_imgsz1600_b1_2024-01-18.pt,0.7876580357551575,,fondoGorila,Cerro_Hoya_Expedition/Hoya_1416m_fondoGorila_2025-01-27/2025-01-28/patches/fondoGorila_2025_01_28__23_04_06_HDR0_0_Mothbot_yolo11m_4500_imgsz1600_b1_2024-01-18.pt.jpg,ORDER_Lepidoptera,2025-01-28,23:04:06,,2025_01_28__23_04_06,MachineObservation,Cerro_Hoya_Expedition_Hoya_1416m_fondoGorila_2025-01-27_2025-01-28,Cerro_Hoya_Expedition_Hoya_1416m_fondoGorila_2025-01-27,fondoGorila_2025_01_28__23_04_06_HDR0.jpg,fondoGorila_2025_01_28__23_04_06_HDR0_0_Mothbot_yolo11m_4500_imgsz1600_b1_2024-01-18.pt.jpg
,,,,,,,,,,,,ERROR,Cerro_Hoya_Expedition_Hoya_1416m_fondoGorila_2025-01-27,fondoGorila_2025_01_28__23_04_06_HDR0_1_Mothbot_yolo11m_4500_imgsz1600_b1_2024-01-18.pt.jpg,HS,Mothbot_yolo11m_4500_imgsz1600_b1_2024-01-18.pt,0.5736810564994812,,fondoGorila,Cerro_Hoya_Expedition/Hoya_1416m_fondoGorila_2025-01-27/2025-01-28/patches/fondoGorila_2025_01_28__23_04_06_HDR0_1_Mothbot_yolo11m_4500_imgsz1600_b1_2024-01-18.pt.jpg,ORDER_Diptera,2025-01-28,23:04:06,,2025_01_28__23_04_06,MachineObservation,Cerro_Hoya_Expedition_Hoya_1416m_fondoGorila_2025-01-27_2025-01-28,Cerro_Hoya_Expedition_Hoya_1416m_fondoGorila_2025-01-27,fondoGorila_2025_01_28__23_04_06_HDR0.jpg,fondoGorila_2025_01_28__23_04_06_HDR0_1_Mothbot_yolo11m_4500_imgsz1600_b1_2024-01-18.pt.jpg
,,,,,,,,,,,,ERROR,Cerro_Hoya_Expedition_Hoya_1416m_fondoGorila_2025-01-27,fondoGorila_2025_01_28__23_04_06_HDR0_2_Mothbot_yolo11m_4500_imgsz1600_b1_2024-01-18.pt.jpg,HS,Mothbot_yolo11m_4500_imgsz1600_b1_2024-01-18.pt,0.27856603264808655,,fondoGorila,Cerro_Hoya_Expedition/Hoya_1416m_fondoGorila_2025-01-27/2025-01-28/patches/fondoGorila_2025_01_28__23_04_06_HDR0_2_Mothbot_yolo11m_4500_imgsz1600_b1_2024-01-18.pt.jpg,ORDER_Hymenoptera,2025-01-28,23:04:06,,2025_01_28__23_04_06,MachineObservation,Cerro_Hoya_Expedition_Hoya_1416m_fondoGorila_2025-01-27_2025-01-28,Cerro_Hoya_Expedition_Hoya_1416m_fondoGorila_2025-01-27,fondoGorila_2025_01_28__23_04_06_HDR0.jpg,fondoGorila_2025_01_28__23_04_06_HDR0_2_Mothbot_yolo11m_4500_imgsz1600_b1_2024-01-18.pt.jpg
,,,,,,,,,,,,ERROR,Cerro_Hoya_Expedition_Hoya_1416m_fondoGorila_2025-01-27,fondoGorila_2025_01_28__23_05_05_HDR0_0_Mothbot_yolo11m_4500_imgsz1600_b1_2024-01-18.pt.jpg,HS,Mothbot_yolo11m_4500_imgsz1600_b1_2024-01-18.pt,0.793186366558075,,fondoGorila,Cerro_Hoya_Expedition/Hoya_1416m_fondoGorila_2025-01-27/2025-01-28/patches/fondoGorila_2025_01_28__23_05_05_HDR0_0_Mothbot_yolo11m_4500_imgsz1600_b1_2024-01-18.pt.jpg,ORDER_Lepidoptera,2025-01-28,23:05:05,,2025_01_28__23_05_05,MachineObservation,Cerro_Hoya_Expedition_Hoya_1416m_fondoGorila_2025-01-27_2025-01-28,Cerro_Hoya_Expedition_Hoya_1416m_fondoGorila_2025-01-27,fondoGorila_2025_01_28__23_05_05_HDR0.jpg,fondoGorila_2025_01_28__23_05_05_HDR0_0_Mothbot_yolo11m_4500_imgsz1600_b1_2024-01-18.pt.jpg
,,,,,,,,,,,,ERROR,Cerro_Hoya_Expedition_Hoya_1416m_fondoGorila_2025-01-27,fondoGorila_2025_01_28__23_05_05_HDR0_1_Mothbot_yolo11m_4500_imgsz1600_b1_2024-01-18.pt.jpg,HS,Mothbot_yolo11m_4500_imgsz1600_b1_2024-01-18.pt,0.5864971876144409,,fondoGorila,Cerro_Hoya_Expedition/Hoya_1416m_fondoGorila_2025-01-27/2025-01-28/patches/fondoGorila_2025_01_28__23_05_05_HDR0_1_Mothbot_yolo11m_4500_imgsz1600_b1_2024-01-18.pt.jpg,ORDER_Lepidoptera,2025-01-28,23:05:05,,2025_01_28__23_05_05,MachineObservation,Cerro_Hoya_Expedition_Hoya_1416m_fondoGorila_2025-01-27_2025-01-28,Cerro_Hoya_Expedition_Hoya_1416m_fondoGorila_2025-01-27,fondoGorila_2025_01_28__23_05_05_HDR0.jpg,fondoGorila_2025_01_28__23_05_05_HDR0_1_Mothbot_yolo11m_4500_imgsz1600_b1_2024-01-18.pt.jpg
,,,,,,,,,,,,ERROR,Cerro_Hoya_Expedition_Hoya_1416m_fondoGorila_2025-01-27,fondoGorila_2025_01_28__23_05_05_HDR0_2_Mothbot_yolo11m_4500_imgsz1600_b1_2024-01-18.pt.jpg,HS,Mothbot_yolo11m_4500_imgsz1600_b1_2024-01-18.pt,0.2724469304084778,,fondoGorila,Cerro_Hoya_Expedition/Hoya_1416m_fondoGorila_2025-01-27/2025-01-28/patches/fondoGorila_2025_01_28__23_05_05_HDR0_2_Mothbot_yolo11m_4500_imgsz1600_b1_2024-01-18.pt.jpg,ORDER_Coleoptera,2025-01-28,23:05:05,,2025_01_28__23_05_05,MachineObservation,Cerro_Hoya_Expedition_Hoya_1416m_fondoGorila_2025-01-27_2025-01-28,Cerro_Hoya_Expedition_Hoya_1416m_fondoGorila_2025-01-27,fondoGorila_2025_01_28__23_05_05_HDR0.jpg,fondoGorila_2025_01_28__23_05_05_HDR0_2_Mothbot_yolo11m_4500_imgsz1600_b1_2024-01-18.pt.jpg
,,,,,,,,,,,,ERROR,Cerro_Hoya_Expedition_Hoya_1416m_fondoGorila_2025-01-27,fondoGorila_2025_01_28__23_06_06_HDR0_0_Mothbot_yolo11m_4500_imgsz1600_b1_2024-01-18.pt.jpg,HS,Mothbot_yolo11m_4500_imgsz1600_b1_2024-01-18.pt,0.7964174747467041,,fondoGorila,Cerro_Hoya_Expedition/Hoya_1416m_fondoGorila_2025-01-27/2025-01-28/patches/fondoGorila_2025_01_28__23_06_06_HDR0_0_Mothbot_yolo11m_4500_imgsz1600_b1_2024-01-18.pt.jpg,ORDER_Lepidoptera,2025-01-28,23:06:06,,2025_01_28__23_06_06,MachineObservation,Cerro_Hoya_Expedition_Hoya_1416m_fondoGorila_2025-01-27_2025-01-28,Cerro_Hoya_Expedition_Hoya_1416m_fondoGorila_2025-01-27,fondoGorila_2025_01_28__23_06_06_HDR0.jpg,fondoGorila_2025_01_28__23_06_06_HDR0_0_Mothbot_yolo11m_4500_imgsz1600_b1_2024-01-18.pt.jpg
,,,,,,,,,,,,ERROR,Cerro_Hoya_Expedition_Hoya_1416m_fondoGorila_2025-01-27,fondoGorila_2025_01_28__23_06_06_HDR0_1_Mothbot_yolo11m_4500_imgsz1600_b1_2024-01-18.pt.jpg,HS,Mothbot_yolo11m_4500_imgsz1600_b1_2024-01-18.pt,0.6487612128257751,,fondoGorila,Cerro_Hoya_Expedition/Hoya_1416m_fondoGorila_2025-01-27/2025-01-28/patches/fondoGorila_2025_01_28__23_06_06_HDR0_1_Mothbot_yolo11m_4500_imgsz1600_b1_2024-01-18.pt.jpg,ORDER_Diptera,2025-01-28,23:06:06,,2025_01_28__23_06_06,MachineObservation,Cerro_Hoya_Expedition_Hoya_1416m_fondoGorila_2025-01-27_2025-01-28,Cerro_Hoya_Expedition_Hoya_1416m_fondoGorila_2025-01-27,fondoGorila_2025_01_28__23_06_06_HDR0.jpg,fondoGorila_2025_01_28__23_06_06_HDR0_1_Mothbot_yolo11m_4500_imgsz1600_b1_2024-01-18.pt.jpg
,,,,,,,,,,,,ERROR,Cerro_Hoya_Expedition_Hoya_1416m_fondoGorila_2025-01-27,fondoGorila_2025_01_28__23_06_06_HDR0_2_Mothbot_yolo11m_4500_imgsz1600_b1_2024-01-18.pt.jpg,HS,Mothbot_yolo11m_4500_imgsz1600_b1_2024-01-18.pt,0.32279422879219055,,fondoGorila,Cerro_Hoya_Expedition/Hoya_1416m_fondoGorila_2025-01-27/2025-01-28/patches/fondoGorila_2025_01_28__23_06_06_HDR0_2_Mothbot_yolo11m_4500_imgsz1600_b1_2024-01-18.pt.jpg,ORDER_Hymenoptera,2025-01-28,23:06:06,,2025_01_28__23_06_06,MachineObservation,Cerro_Hoya_Expedition_Hoya_1416m_fondoGorila_2025-01-27_2025-01-28,Cerro_Hoya_Expedition_Hoya_1416m_fondoGorila_2025-01-27,fondoGorila_2025_01_28__23_06_06_HDR0.jpg,fondoGorila_2025_01_28__23_06_06_HDR0_2_Mothbot_yolo11m_4500_imgsz1600_b1_2024-01-18.pt.jpg
,,,,,,,,,,,,ERROR,Cerro_Hoya_Expedition_Hoya_1416m_fondoGorila_2025-01-27,fondoGorila_2025_01_28__23_07_06_HDR0_0_Mothbot_yolo11m_4500_imgsz1600_b1_2024-01-18.pt.jpg,HS,Mothbot_yolo11m_4500_imgsz1600_b1_2024-01-18.pt,0.8053935766220093,,fondoGorila,Cerro_Hoya_Expedition/Hoya_1416m_fondoGorila_2025-01-27/2025-01-28/patches/fondoGorila_2025_01_28__23_07_06_HDR0_0_Mothbot_yolo11m_4500_imgsz1600_b1_2024-01-18.pt.jpg,ORDER_Lepidoptera,2025-01-28,23:07:06,,2025_01_28__23_07_06,MachineObservation,Cerro_Hoya_Expedition_Hoya_1416m_fondoGorila_2025-01-27_2025-01-28,Cerro_Hoya_Expedition_Hoya_1416m_fondoGorila_2025-01-27,fondoGorila_2025_01_28__23_07_06_HDR0.jpg,fondoGorila_2025_01_28__23_07_06_HDR0_0_Mothbot_yolo11m_4500_imgsz1600_b1_2024-01-18.pt.jpg
,,,,,,,,,,,,ERROR,Cerro_Hoya_Expedition_Hoya_1416m_fondoGorila_2025-01-27,fondoGorila_2025_01_28__23_07_06_HDR0_1_Mothbot_yolo11m_4500_imgsz1600_b1_2024-01-18.pt.jpg,HS,Mothbot_yolo11m_4500_imgsz1600_b1_2024-01-18.pt,0.6606953144073486,,fondoGorila,Cerro_Hoya_Expedition/Hoya_1416m_fondoGorila_2025-01-27/2025-01-28/patches/fondoGorila_2025_01_28__23_07_06_HDR0_1_Mothbot_yolo11m_4500_imgsz1600_b1_2024-01-18.pt.jpg,ORDER_Psocodea,2025-01-28,23:07:06,,2025_01_28__23_07_06,MachineObservation,Cerro_Hoya_Expedition_Hoya_1416m_fondoGorila_2025-01-27_2025-01-28,Cerro_Hoya_Expedition_Hoya_1416m_fondoGorila_2025-01-27,fondoGorila_2025_01_28__23_07_06_HDR0.jpg,fondoGorila_2025_01_28__23_07_06_HDR0_1_Mothbot_yolo11m_4500_imgsz1600_b1_2024-01-18.pt.jpg
,,,,,,,,,,,,ERROR,Cerro_Hoya_Expedition_Hoya_1416m_fondoGorila_2025-01-27,fondoGorila_2025_01_28__23_07_06_HDR0_2_Mothbot_yolo11m_4500_imgsz1600_b1_2024-01-18.pt.jpg,HS,Mothbot_yolo11m_4500_imgsz1600_b1_2024-01-18.pt,0.3067297041416168,,fondoGorila,Cerro_Hoya_Expedition/Hoya_1416m_fondoGorila_2025-01-27/2025-01-28/patches/fondoGorila_2025_01_28__23_07_06_HDR0_2_Mothbot_yolo11m_4500_imgsz1600_b1_2024-01-18.pt.jpg,ORDER_Hymenoptera,2025-01-28,23:07:06,,2025_01_28__23_07_06,MachineObservation,Cerro_Hoya_Expedition_Hoya_1416m_fondoGorila_2025-01-27_2025-01-28,Cerro_Hoya_Expedition_Hoya_1416m_fondoGorila_2025-01-27,fondoGorila_2025_01_28__23_07_06_HDR0.jpg,fondoGorila_2025_01_28__23_07_06_HDR0_2_Mothbot_yolo11m_4500_imgsz1600_b1_2024-01-18.pt.jpg
,,,,,,,,,,,,ERROR,Cerro_Hoya_Expedition_Hoya_1416m_fondoGorila_2025-01-27,fondoGorila_2025_01_28__23_08_22_HDR0_0_Mothbot_yolo11m_4500_imgsz1600_b1_2024-01-18.pt.jpg,HS,Mothbot_yolo11m_4500_imgsz1600_b1_2024-01-18.pt,0.8101353645324707,,fondoGorila,Cerro_Hoya_Expedition/Hoya_1416m_fondoGorila_2025-01-27/2025-01-28/patches/fondoGorila_2025_01_28__23_08_22_HDR0_0_Mothbot_yolo11m_4500_imgsz1600_b1_2024-01-18.pt.jpg,ORDER_Diptera,2025-01-28,23:08:22,,2025_01_28__23_08_22,MachineObservation,Cerro_Hoya_Expedition_Hoya_1416m_fondoGorila_2025-01-27_2025-01-28,Cerro_Hoya_Expedition_Hoya_1416m_fondoGorila_2025-01-27,fondoGorila_2025_01_28__23_08_22_HDR0.jpg,fondoGorila_2025_01_28__23_08_22_HDR0_0_Mothbot_yolo11m_4500_imgsz1600_b1_2024-01-18.pt.jpg
,,,,,,,,,,,,ERROR,Cerro_Hoya_Expedition_Hoya_1416m_fondoGorila_2025-01-27,fondoGorila_2025_01_28__23_08_22_HDR0_1_Mothbot_yolo11m_4500_imgsz1600_b1_2024-01-18.pt.jpg,HS,Mothbot_yolo11m_4500_imgsz1600_b1_2024-01-18.pt,0.4598728120326996,,fondoGorila,Cerro_Hoya_Expedition/Hoya_1416m_fondoGorila_2025-01-27/2025-01-28/patches/fondoGorila_2025_01_28__23_08_22_HDR0_1_Mothbot_yolo11m_4500_imgsz1600_b1_2024-01-18.pt.jpg,ORDER_Lepidoptera,2025-01-28,23:08:22,,2025_01_28__23_08_22,MachineObservation,Cerro_Hoya_Expedition_Hoya_1416m_fondoGorila_2025-01-27_2025-01-28,Cerro_Hoya_Expedition_Hoya_1416m_fondoGorila_2025-01-27,fondoGorila_2025_01_28__23_08_22_HDR0.jpg,fondoGorila_2025_01_28__23_08_22_HDR0_1_Mothbot_yolo11m_4500_imgsz1600_b1_2024-01-18.pt.jpg
,,,,,,,,,,,,ERROR,Cerro_Hoya_Expedition_Hoya_1416m_fondoGorila_2025-01-27,fondoGorila_2025_01_28__23_09_05_HDR0_0_Mothbot_yolo11m_4500_imgsz1600_b1_2024-01-18.pt.jpg,HS,Mothbot_yolo11m_4500_imgsz1600_b1_2024-01-18.pt,0.7828269004821777,,fondoGorila,Cerro_Hoya_Expedition/Hoya_1416m_fondoGorila_2025-01-27/2025-01-28/patches/fondoGorila_2025_01_28__23_09_05_HDR0_0_Mothbot_yolo11m_4500_imgsz1600_b1_2024-01-18.pt.jpg,ORDER_Lepidoptera,2025-01-28,23:09:05,,2025_01_28__23_09_05,MachineObservation,Cerro_Hoya_Expedition_Hoya_1416m_fondoGorila_2025-01-27_2025-01-28,Cerro_Hoya_Expedition_Hoya_1416m_fondoGorila_2025-01-27,fondoGorila_2025_01_28__23_09_05_HDR0.jpg,fondoGorila_2025_01_28__23_09_05_HDR0_0_Mothbot_yolo11m_4500_imgsz1600_b1_2024-01-18.pt.jpg
,,,,,,,,,,,,ERROR,Cerro_Hoya_Expedition_Hoya_1416m_fondoGorila_2025-01-27,fondoGorila_2025_01_28__23_09_05_HDR0_1_Mothbot_yolo11m_4500_imgsz1600_b1_2024-01-18.pt.jpg,HS,Mothbot_yolo11m_4500_imgsz1600_b1_2024-01-18.pt,0.4989989697933197,,fondoGorila,Cerro_Hoya_Expedition/Hoya_1416m_fondoGorila_2025-01-27/2025-01-28/patches/fondoGorila_2025_01_28__23_09_05_HDR0_1_Mothbot_yolo11m_4500_imgsz1600_b1_2024-01-18.pt.jpg,ORDER_Lepidoptera,2025-01-28,23:09:05,,2025_01_28__23_09_05,MachineObservation,Cerro_Hoya_Expedition_Hoya_1416m_fondoGorila_2025-01-27_2025-01-28,Cerro_Hoya_Expedition_Hoya_1416m_fondoGorila_2025-01-27,fondoGorila_2025_01_28__23_09_05_HDR0.jpg,fondoGorila_2025_01_28__23_09_05_HDR0_1_Mothbot_yolo11m_4500_imgsz1600_b1_2024-01-18.pt.jpg
,,,,,,,,,,,,ERROR,Cerro_Hoya_Expedition_Hoya_1416m_fondoGorila_2025-01-27,fondoGorila_2025_01_28__23_10_05_HDR0_0_Mothbot_yolo11m_4500_imgsz1600_b1_2024-01-18.pt.jpg,HS,Mothbot_yolo11m_4500_imgsz1600_b1_2024-01-18.pt,0.777859628200531,,fondoGorila,Cerro_Hoya_Expedition/Hoya_1416m_fondoGorila_2025-01-27/2025-01-28/patches/fondoGorila_2025_01_28__23_10_05_HDR0_0_Mothbot_yolo11m_4500_imgsz1600_b1_2024-01-18.pt.jpg,ORDER_Diptera,2025-01-28,23:10:05,,2025_01_28__23_10_05,MachineObservation,Cerro_Hoya_Expedition_Hoya_1416m_fondoGorila_2025-01-27_2025-01-28,Cerro_Hoya_Expedition_Hoya_1416m_fondoGorila_2025-01-27,fondoGorila_2025_01_28__23_10_05_HDR0.jpg,fondoGorila_2025_01_28__23_10_05_HDR0_0_Mothbot_yolo11m_4500_imgsz1600_b1_2024-01-18.pt.jpg
,,,,,,,,,,,,ERROR,Cerro_Hoya_Expedition_Hoya_1416m_fondoGorila_2025-01-27,fondoGorila_2025_01_28__23_10_05_HDR0_1_Mothbot_yolo11m_4500_imgsz1600_b1_2024-01-18.pt.jpg,HS,Mothbot_yolo11m_4500_imgsz1600_b1_2024-01-18.pt,0.6120212078094482,,fondoGorila,Cerro_Hoya_Expedition/Hoya_1416m_fondoGorila_2025-01-27/2025-01-28/patches/fondoGorila_2025_01_28__23_10_05_HDR0_1_Mothbot_yolo11m_4500_imgsz1600_b1_2024-01-18.pt.jpg,ORDER_Coleoptera,2025-01-28,23:10:05,,2025_01_28__23_10_05,MachineObservation,Cerro_Hoya_Expedition_Hoya_1416m_fondoGorila_2025-01-27_2025-01-28,Cerro_Hoya_Expedition_Hoya_1416m_fondoGorila_2025-01-27,fondoGorila_2025_01_28__23_10_05_HDR0.jpg,fondoGorila_2025_01_28__23_10_05_HDR0_1_Mothbot_yolo11m_4500_imgsz1600_b1_2024-01-18.pt.jpg
,,,,,,,,,,,,ERROR,Cerro_Hoya_Expedition_Hoya_1416m_fondoGorila_2025-01-27,fondoGorila_2025_01_28__23_11_06_HDR0_0_Mothbot_yolo11m_4500_imgsz1600_b1_2024-01-18.pt.jpg,HS,Mothbot_yolo11m_4500_imgsz1600_b1_2024-01-18.pt,0.7889060974121094,,fondoGorila,Cerro_Hoya_Expedition/Hoya_1416m_fondoGorila_2025-01-27/2025-01-28/patches/fondoGorila_2025_01_28__23_11_06_HDR0_0_Mothbot_yolo11m_4500_imgsz1600_b1_2024-01-18.pt.jpg,ORDER_Lepidoptera,2025-01-28,23:11:06,,2025_01_28__23_11_06,MachineObservation,Cerro_Hoya_Expedition_Hoya_1416m_fondoGorila_2025-01-27_2025-01-28,Cerro_Hoya_Expedition_Hoya_1416m_fondoGorila_2025-01-27,fondoGorila_2025_01_28__23_11_06_HDR0.jpg,fondoGorila_2025_01_28__23_11_06_HDR0_0_Mothbot_yolo11m_4500_imgsz1600_b1_2024-01-18.pt.jpg
,,,,,,,,,,,,ERROR,Cerro_Hoya_Expedition_Hoya_1416m_fondoGorila_2025-01-27,fondoGorila_2025_01_28__23_11_06_HDR0_1_Mothbot_yolo11m_4500_imgsz1600_b1_2024-01-18.pt.jpg,HS,Mothbot_yolo11m_4500_imgsz1600_b1_2024-01-18.pt,0.49444887042045593,,fondoGorila,Cerro_Hoya_Expedition/Hoya_1416m_fondoGorila_2025-01-27/2025-01-28/patches/fondoGorila_2025_01_28__23_11_06_HDR0_1_Mothbot_yolo11m_4500_imgsz1600_b1_2024-01-18.pt.jpg,ORDER_Diptera,2025-01-28,23:11:06,,2025_01_28__23_11_06,MachineObservation,Cerro_Hoya_Expedition_Hoya_1416m_fondoGorila_2025-01-27_2025-01-28,Cerro_Hoya_Expedition_Hoya_1416m_fondoGorila_2025-01-27,fondoGorila_2025_01_28__23_11_06_HDR0.jpg,fondoGorila_2025_01_28__23_11_06_HDR0_1_Mothbot_yolo11m_4500_imgsz1600_b1_2024-01-18.pt.jpg
,,,,,,,,,,,,ERROR,Cerro_Hoya_Expedition_Hoya_1416m_fondoGorila_2025-01-27,fondoGorila_2025_01_28__23_12_06_HDR0_0_Mothbot_yolo11m_4500_imgsz1600_b1_2024-01-18.pt.jpg,HS,Mothbot_yolo11m_4500_imgsz1600_b1_2024-01-18.pt,0.7867860198020935,,fondoGorila,Cerro_Hoya_Expedition/Hoya_1416m_fondoGorila_2025-01-27/2025-01-28/patches/fondoGorila_2025_01_28__23_12_06_HDR0_0_Mothbot_yolo11m_4500_imgsz1600_b1_2024-01-18.pt.jpg,ORDER_Lepidoptera,2025-01-28,23:12:06,,2025_01_28__23_12_06,MachineObservation,Cerro_Hoya_Expedition_Hoya_1416m_fondoGorila_2025-01-27_2025-01-28,Cerro_Hoya_Expedition_Hoya_1416m_fondoGorila_2025-01-27,fondoGorila_2025_01_28__23_12_06_HDR0.jpg,fondoGorila_2025_01_28__23_12_06_HDR0_0_Mothbot_yolo11m_4500_imgsz1600_b1_2024-01-18.pt.jpg
,,,,,,,,,,,,ERROR,Cerro_Hoya_Expedition_Hoya_1416m_fondoGorila_2025-01-27,fondoGorila_2025_01_28__23_12_06_HDR0_1_Mothbot_yolo11m_4500_imgsz1600_b1_2024-01-18.pt.jpg,HS,Mothbot_yolo11m_4500_imgsz1600_b1_2024-01-18.pt,0.5404765009880066,,fondoGorila,Cerro_Hoya_Expedition/Hoya_1416m_fondoGorila_2025-01-27/2025-01-28/patches/fondoGorila_2025_01_28__23_12_06_HDR0_1_Mothbot_yolo11m_4500_imgsz1600_b1_2024-01-18.pt.jpg,ORDER_Diptera,2025-01-28,23:12:06,,2025_01_28__23_12_06,MachineObservation,Cerro_Hoya_Expedition_Hoya_1416m_fondoGorila_2025-01-27_2025-01-28,Cerro_Hoya_Expedition_Hoya_1416m_fondoGorila_2025-01-27,fondoGorila_2025_01_28__23_12_06_HDR0.jpg,fondoGorila_2025_01_28__23_12_06_HDR0_1_Mothbot_yolo11m_4500_imgsz1600_b1_2024-01-18.pt.jpg
,,,,,,,,,,,,ERROR,Cerro_Hoya_Expedition_Hoya_1416m_fondoGorila_2025-01-27,fondoGorila_2025_01_28__23_13_06_HDR0_0_Mothbot_yolo11m_4500_imgsz1600_b1_2024-01-18.pt.jpg,HS,Mothbot_yolo11m_4500_imgsz1600_b1_2024-01-18.pt,0.7765275835990906,,fondoGorila,Cerro_Hoya_Expedition/Hoya_1416m_fondoGorila_2025-01-27/2025-01-28/patches/fondoGorila_2025_01_28__23_13_06_HDR0_0_Mothbot_yolo11m_4500_imgsz1600_b1_2024-01-18.pt.jpg,ORDER_Lepidoptera,2025-01-28,23:13:06,,2025_01_28__23_13_06,MachineObservation,Cerro_Hoya_Expedition_Hoya_1416m_fondoGorila_2025-01-27_2025-01-28,Cerro_Hoya_Expedition_Hoya_1416m_fondoGorila_2025-01-27,fondoGorila_2025_01_28__23_13_06_HDR0.jpg,fondoGorila_2025_01_28__23_13_06_HDR0_0_Mothbot_yolo11m_4500_imgsz1600_b1_2024-01-18.pt.jpg
,,,,,,,,,,,,ERROR,Cerro_Hoya_Expedition_Hoya_1416m_fondoGorila_2025-01-27,fondoGorila_2025_01_28__23_13_06_HDR0_1_Mothbot_yolo11m_4500_imgsz1600_b1_2024-01-18.pt.jpg,HS,Mothbot_yolo11m_4500_imgsz1600_b1_2024-01-18.pt,0.4891623556613922,,fondoGorila,Cerro_Hoya_Expedition/Hoya_1416m_fondoGorila_2025-01-27/2025-01-28/patches/fondoGorila_2025_01_28__23_13_06_HDR0_1_Mothbot_yolo11m_4500_imgsz1600_b1_2024-01-18.pt.jpg,ORDER_Lepidoptera,2025-01-28,23:13:06,,2025_01_28__23_13_06,MachineObservation,Cerro_Hoya_Expedition_Hoya_1416m_fondoGorila_2025-01-27_2025-01-28,Cerro_Hoya_Expedition_Hoya_1416m_fondoGorila_2025-01-27,fondoGorila_2025_01_28__23_13_06_HDR0.jpg,fondoGorila_2025_01_28__23_13_06_HDR0_1_Mothbot_yolo11m_4500_imgsz1600_b1_2024-01-18.pt.jpg
,,,,,,,,,,,,ERROR,Cerro_Hoya_Expedition_Hoya_1416m_fondoGorila_2025-01-27,fondoGorila_2025_01_28__23_14_06_HDR0_0_Mothbot_yolo11m_4500_imgsz1600_b1_2024-01-18.pt.jpg,HS,Mothbot_yolo11m_4500_imgsz1600_b1_2024-01-18.pt,0.7851065993309021,,fondoGorila,Cerro_Hoya_Expedition/Hoya_1416m_fondoGorila_2025-01-27/2025-01-28/patches/fondoGorila_2025_01_28__23_14_06_HDR0_0_Mothbot_yolo11m_4500_imgsz1600_b1_2024-01-18.pt.jpg,ORDER_Diptera,2025-01-28,23:14:06,,2025_01_28__23_14_06,MachineObservation,Cerro_Hoya_Expedition_Hoya_1416m_fondoGorila_2025-01-27_2025-01-28,Cerro_Hoya_Expedition_Hoya_1416m_fondoGorila_2025-01-27,fondoGorila_2025_01_28__23_14_06_HDR0.jpg,fondoGorila_2025_01_28__23_14_06_HDR0_0_Mothbot_yolo11m_4500_imgsz1600_b1_2024-01-18.pt.jpg
,,,,,,,,,,,,ERROR,Cerro_Hoya_Expedition_Hoya_1416m_fondoGorila_2025-01-27,fondoGorila_2025_01_28__23_14_06_HDR0_1_Mothbot_yolo11m_4500_imgsz1600_b1_2024-01-18.pt.jpg,HS,Mothbot_yolo11m_4500_imgsz1600_b1_2024-01-18.pt,0.4415927827358246,,fondoGorila,Cerro_Hoya_Expedition/Hoya_1416m_fondoGorila_2025-01-27/2025-01-28/patches/fondoGorila_2025_01_28__23_14_06_HDR0_1_Mothbot_yolo11m_4500_imgsz1600_b1_2024-01-18.pt.jpg,ORDER_Diptera,2025-01-28,23:14:06,,2025_01_28__23_14_06,MachineObservation,Cerro_Hoya_Expedition_Hoya_1416m_fondoGorila_2025-01-27_2025-01-28,Cerro_Hoya_Expedition_Hoya_1416m_fondoGorila_2025-01-27,fondoGorila_2025_01_28__23_14_06_HDR0.jpg,fondoGorila_2025_01_28__23_14_06_HDR0_1_Mothbot_yolo11m_4500_imgsz1600_b1_2024-01-18.pt.jpg
,,,,,,,,,,,,ERROR,Cerro_Hoya_Expedition_Hoya_1416m_fondoGorila_2025-01-27,fondoGorila_2025_01_28__23_15_23_HDR0_0_Mothbot_yolo11m_4500_imgsz1600_b1_2024-01-18.pt.jpg,HS,Mothbot_yolo11m_4500_imgsz1600_b1_2024-01-18.pt,0.798166811466217,,fondoGorila,Cerro_Hoya_Expedition/Hoya_1416m_fondoGorila_2025-01-27/2025-01-28/patches/fondoGorila_2025_01_28__23_15_23_HDR0_0_Mothbot_yolo11m_4500_imgsz1600_b1_2024-01-18.pt.jpg,ORDER_Lepidoptera,2025-01-28,23:15:23,,2025_01_28__23_15_23,MachineObservation,Cerro_Hoya_Expedition_Hoya_1416m_fondoGorila_2025-01-27_2025-01-28,Cerro_Hoya_Expedition_Hoya_1416m_fondoGorila_2025-01-27,fondoGorila_2025_01_28__23_15_23_HDR0.jpg,fondoGorila_2025_01_28__23_15_23_HDR0_0_Mothbot_yolo11m_4500_imgsz1600_b1_2024-01-18.pt.jpg
,,,,,,,,,,,,ERROR,Cerro_Hoya_Expedition_Hoya_1416m_fondoGorila_2025-01-27,fondoGorila_2025_01_28__23_15_23_HDR0_1_Mothbot_yolo11m_4500_imgsz1600_b1_2024-01-18.pt.jpg,HS,Mothbot_yolo11m_4500_imgsz1600_b1_2024-01-18.pt,0.6135457158088684,,fondoGorila,Cerro_Hoya_Expedition/Hoya_1416m_fondoGorila_2025-01-27/2025-01-28/patches/fondoGorila_2025_01_28__23_15_23_HDR0_1_Mothbot_yolo11m_4500_imgsz1600_b1_2024-01-18.pt.jpg,ORDER_Trichoptera,2025-01-28,23:15:23,,2025_01_28__23_15_23,MachineObservation,Cerro_Hoya_Expedition_Hoya_1416m_fondoGorila_2025-01-27_2025-01-28,Cerro_Hoya_Expedition_Hoya_1416m_fondoGorila_2025-01-27,fondoGorila_2025_01_28__23_15_23_HDR0.jpg,fondoGorila_2025_01_28__23_15_23_HDR0_1_Mothbot_yolo11m_4500_imgsz1600_b1_2024-01-18.pt.jpg
,,,,,,,,,,,,ERROR,Cerro_Hoya_Expedition_Hoya_1416m_fondoGorila_2025-01-27,fondoGorila_2025_01_28__23_16_06_HDR0_0_Mothbot_yolo11m_4500_imgsz1600_b1_2024-01-18.pt.jpg,HS,Mothbot_yolo11m_4500_imgsz1600_b1_2024-01-18.pt,0.7161323428153992,,fondoGorila,Cerro_Hoya_Expedition/Hoya_1416m_fondoGorila_2025-01-27/2025-01-28/patches/fondoGorila_2025_01_28__23_16_06_HDR0_0_Mothbot_yolo11m_4500_imgsz1600_b1_2024-01-18.pt.jpg,ORDER_Diptera,2025-01-28,23:16:06,,2025_01_28__23_16_06,MachineObservation,Cerro_Hoya_Expedition_Hoya_1416m_fondoGorila_2025-01-27_2025-01-28,Cerro_Hoya_Expedition_Hoya_1416m_fondoGorila_2025-01-27,fondoGorila_2025_01_28__23_16_06_HDR0.jpg,fondoGorila_2025_01_28__23_16_06_HDR0_0_Mothbot_yolo11m_4500_imgsz1600_b1_2024-01-18.pt.jpg
,,,,,,,,,,,,ERROR,Cerro_Hoya_Expedition_Hoya_1416m_fondoGorila_2025-01-27,fondoGorila_2025_01_28__23_16_06_HDR0_1_Mothbot_yolo11m_4500_imgsz1600_b1_2024-01-18.pt.jpg,HS,Mothbot_yolo11m_4500_imgsz1600_b1_2024-01-18.pt,0.5661425590515137,,fondoGorila,Cerro_Hoya_Expedition/Hoya_1416m_fondoGorila_2025-01-27/2025-01-28/patches/fondoGorila_2025_01_28__23_16_06_HDR0_1_Mothbot_yolo11m_4500_imgsz1600_b1_2024-01-18.pt.jpg,ORDER_Lepidoptera,2025-01-28,23:16:06,,2025_01_28__23_16_06,MachineObservation,Cerro_Hoya_Expedition_Hoya_1416m_fondoGorila_2025-01-27_2025-01-28,Cerro_Hoya_Expedition_Hoya_1416m_fondoGorila_2025-01-27,fondoGorila_2025_01_28__23_16_06_HDR0.jpg,fondoGorila_2025_01_28__23_16_06_HDR0_1_Mothbot_yolo11m_4500_imgsz1600_b1_2024-01-18.pt.jpg
,,,,,,,,,,,,ERROR,Cerro_Hoya_Expedition_Hoya_1416m_fondoGorila_2025-01-27,fondoGorila_2025_01_28__23_17_06_HDR0_0_Mothbot_yolo11m_4500_imgsz1600_b1_2024-01-18.pt.jpg,HS,Mothbot_yolo11m_4500_imgsz1600_b1_2024-01-18.pt,0.7754799723625183,,fondoGorila,Cerro_Hoya_Expedition/Hoya_1416m_fondoGorila_2025-01-27/2025-01-28/patches/fondoGorila_2025_01_28__23_17_06_HDR0_0_Mothbot_yolo11m_4500_imgsz1600_b1_2024-01-18.pt.jpg,ORDER_Diptera,2025-01-28,23:17:06,,2025_01_28__23_17_06,MachineObservation,Cerro_Hoya_Expedition_Hoya_1416m_fondoGorila_2025-01-27_2025-01-28,Cerro_Hoya_Expedition_Hoya_1416m_fondoGorila_2025-01-27,fondoGorila_2025_01_28__23_17_06_HDR0.jpg,fondoGorila_2025_01_28__23_17_06_HDR0_0_Mothbot_yolo11m_4500_imgsz1600_b1_2024-01-18.pt.jpg
,,,,,,,,,,,,ERROR,Cerro_Hoya_Expedition_Hoya_1416m_fondoGorila_2025-01-27,fondoGorila_2025_01_28__23_17_06_HDR0_1_Mothbot_yolo11m_4500_imgsz1600_b1_2024-01-18.pt.jpg,HS,Mothbot_yolo11m_4500_imgsz1600_b1_2024-01-18.pt,0.6465244293212891,,fondoGorila,Cerro_Hoya_Expedition/Hoya_1416m_fondoGorila_2025-01-27/2025-01-28/patches/fondoGorila_2025_01_28__23_17_06_HDR0_1_Mothbot_yolo11m_4500_imgsz1600_b1_2024-01-18.pt.jpg,ORDER_Hymenoptera,2025-01-28,23:17:06,,2025_01_28__23_17_06,MachineObservation,Cerro_Hoya_Expedition_Hoya_1416m_fondoGorila_2025-01-27_2025-01-28,Cerro_Hoya_Expedition_Hoya_1416m_fondoGorila_2025-01-27,fondoGorila_2025_01_28__23_17_06_HDR0.jpg,fondoGorila_2025_01_28__23_17_06_HDR0_1_Mothbot_yolo11m_4500_imgsz1600_b1_2024-01-18.pt.jpg
,,,,,,,,,,,,ERROR,Cerro_Hoya_Expedition_Hoya_1416m_fondoGorila_2025-01-27,fondoGorila_2025_01_28__23_18_06_HDR0_0_Mothbot_yolo11m_4500_imgsz1600_b1_2024-01-18.pt.jpg,HS,Mothbot_yolo11m_4500_imgsz1600_b1_2024-01-18.pt,0.7669220566749573,,fondoGorila,Cerro_Hoya_Expedition/Hoya_1416m_fondoGorila_2025-01-27/2025-01-28/patches/fondoGorila_2025_01_28__23_18_06_HDR0_0_Mothbot_yolo11m_4500_imgsz1600_b1_2024-01-18.pt.jpg,ORDER_Lepidoptera,2025-01-28,23:18:06,,2025_01_28__23_18_06,MachineObservation,Cerro_Hoya_Expedition_Hoya_1416m_fondoGorila_2025-01-27_2025-01-28,Cerro_Hoya_Expedition_Hoya_1416m_fondoGorila_2025-01-27,fondoGorila_2025_01_28__23_18_06_HDR0.jpg,fondoGorila_2025_01_28__23_18_06_HDR0_0_Mothbot_yolo11m_4500_imgsz1600_b1_2024-01-18.pt.jpg
,,,,,,,,,,,,ERROR,Cerro_Hoya_Expedition_Hoya_1416m_fondoGorila_2025-01-27,fondoGorila_2025_01_28__23_18_06_HDR0_1_Mothbot_yolo11m_4500_imgsz1600_b1_2024-01-18.pt.jpg,HS,Mothbot_yolo11m_4500_imgsz1600_b1_2024-01-18.pt,0.5136865973472595,,fondoGorila,Cerro_Hoya_Expedition/Hoya_1416m_fondoGorila_2025-01-27/2025-01-28/patches/fondoGorila_2025_01_28__23_18_06_HDR0_1_Mothbot_yolo11m_4500_imgsz1600_b1_2024-01-18.pt.jpg,ORDER_Lepidoptera,2025-01-28,23:18:06,,2025_01_28__23_18_06,MachineObservation,Cerro_Hoya_Expedition_Hoya_1416m_fondoGorila_2025-01-27_2025-01-28,Cerro_Hoya_Expedition_Hoya_1416m_fondoGorila_2025-01-27,fondoGorila_2025_01_28__23_18_06_HDR0.jpg,fondoGorila_2025_01_28__23_18_06_HDR0_1_Mothbot_yolo11m_4500_imgsz1600_b1_2024-01-18.pt.jpg
,,,,,,,,,,,,ERROR,Cerro_Hoya_Expedition_Hoya_1416m_fondoGorila_2025-01-27,fondoGorila_2025_01_28__23_19_05_HDR0_0_Mothbot_yolo11m_4500_imgsz1600_b1_2024-01-18.pt.jpg,HS,Mothbot_yolo11m_4500_imgsz1600_b1_2024-01-18.pt,0.7369433641433716,,fondoGorila,Cerro_Hoya_Expedition/Hoya_1416m_fondoGorila_2025-01-27/2025-01-28/patches/fondoGorila_2025_01_28__23_19_05_HDR0_0_Mothbot_yolo11m_4500_imgsz1600_b1_2024-01-18.pt.jpg,ORDER_Diptera,2025-01-28,23:19:05,,2025_01_28__23_19_05,MachineObservation,Cerro_Hoya_Expedition_Hoya_1416m_fondoGorila_2025-01-27_2025-01-28,Cerro_Hoya_Expedition_Hoya_1416m_fondoGorila_2025-01-27,fondoGorila_2025_01_28__23_19_05_HDR0.jpg,fondoGorila_2025_01_28__23_19_05_HDR0_0_Mothbot_yolo11m_4500_imgsz1600_b1_2024-01-18.pt.jpg
,,,,,,,,,,,,ERROR,Cerro_Hoya_Expedition_Hoya_1416m_fondoGorila_2025-01-27,fondoGorila_2025_01_28__23_19_05_HDR0_1_Mothbot_yolo11m_4500_imgsz1600_b1_2024-01-18.pt.jpg,HS,Mothbot_yolo11m_4500_imgsz1600_b1_2024-01-18.pt,0.5583944916725159,,fondoGorila,Cerro_Hoya_Expedition/Hoya_1416m_fondoGorila_2025-01-27/2025-01-28/patches/fondoGorila_2025_01_28__23_19_05_HDR0_1_Mothbot_yolo11m_4500_imgsz1600_b1_2024-01-18.pt.jpg,ORDER_Coleoptera,2025-01-28,23:19:05,,2025_01_28__23_19_05,MachineObservation,Cerro_Hoya_Expedition_Hoya_1416m_fondoGorila_2025-01-27_2025-01-28,Cerro_Hoya_Expedition_Hoya_1416m_fondoGorila_2025-01-27,fondoGorila_2025_01_28__23_19_05_HDR0.jpg,fondoGorila_2025_01_28__23_19_05_HDR0_1_Mothbot_yolo11m_4500_imgsz1600_b1_2024-01-18.pt.jpg
,,,,,,,,,,,,ERROR,Cerro_Hoya_Expedition_Hoya_1416m_fondoGorila_2025-01-27,fondoGorila_2025_01_28__23_20_06_HDR0_0_Mothbot_yolo11m_4500_imgsz1600_b1_2024-01-18.pt.jpg,HS,Mothbot_yolo11m_4500_imgsz1600_b1_2024-01-18.pt,0.7777059078216553,,fondoGorila,Cerro_Hoya_Expedition/Hoya_1416m_fondoGorila_2025-01-27/2025-01-28/patches/fondoGorila_2025_01_28__23_20_06_HDR0_0_Mothbot_yolo11m_4500_imgsz1600_b1_2024-01-18.pt.jpg,ORDER_Diptera,2025-01-28,23:20:06,,2025_01_28__23_20_06,MachineObservation,Cerro_Hoya_Expedition_Hoya_1416m_fondoGorila_2025-01-27_2025-01-28,Cerro_Hoya_Expedition_Hoya_1416m_fondoGorila_2025-01-27,fondoGorila_2025_01_28__23_20_06_HDR0.jpg,fondoGorila_2025_01_28__23_20_06_HDR0_0_Mothbot_yolo11m_4500_imgsz1600_b1_2024-01-18.pt.jpg
,,,,,,,,,,,,ERROR,Cerro_Hoya_Expedition_Hoya_1416m_fondoGorila_2025-01-27,fondoGorila_2025_01_28__23_20_06_HDR0_1_Mothbot_yolo11m_4500_imgsz1600_b1_2024-01-18.pt.jpg,HS,Mothbot_yolo11m_4500_imgsz1600_b1_2024-01-18.pt,0.5792648792266846,,fondoGorila,Cerro_Hoya_Expedition/Hoya_1416m_fondoGorila_2025-01-27/2025-01-28/patches/fondoGorila_2025_01_28__23_20_06_HDR0_1_Mothbot_yolo11m_4500_imgsz1600_b1_2024-01-18.pt.jpg,ORDER_Coleoptera,2025-01-28,23:20:06,,2025_01_28__23_20_06,MachineObservation,Cerro_Hoya_Expedition_Hoya_1416m_fondoGorila_2025-01-27_2025-01-28,Cerro_Hoya_Expedition_Hoya_1416m_fondoGorila_2025-01-27,fondoGorila_2025_01_28__23_20_06_HDR0.jpg,fondoGorila_2025_01_28__23_20_06_HDR0_1_Mothbot_yolo11m_4500_imgsz1600_b1_2024-01-18.pt.jpg
,,,,,,,,,,,,ERROR,Cerro_Hoya_Expedition_Hoya_1416m_fondoGorila_2025-01-27,fondoGorila_2025_01_28__23_21_06_HDR0_0_Mothbot_yolo11m_4500_imgsz1600_b1_2024-01-18.pt.jpg,HS,Mothbot_yolo11m_4500_imgsz1600_b1_2024-01-18.pt,0.7372815608978271,,fondoGorila,Cerro_Hoya_Expedition/Hoya_1416m_fondoGorila_2025-01-27/2025-01-28/patches/fondoGorila_2025_01_28__23_21_06_HDR0_0_Mothbot_yolo11m_4500_imgsz1600_b1_2024-01-18.pt.jpg,ORDER_Lepidoptera,2025-01-28,23:21:06,,2025_01_28__23_21_06,MachineObservation,Cerro_Hoya_Expedition_Hoya_1416m_fondoGorila_2025-01-27_2025-01-28,Cerro_Hoya_Expedition_Hoya_1416m_fondoGorila_2025-01-27,fondoGorila_2025_01_28__23_21_06_HDR0.jpg,fondoGorila_2025_01_28__23_21_06_HDR0_0_Mothbot_yolo11m_4500_imgsz1600_b1_2024-01-18.pt.jpg
,,,,,,,,,,,,ERROR,Cerro_Hoya_Expedition_Hoya_1416m_fondoGorila_2025-01-27,fondoGorila_2025_01_28__23_21_06_HDR0_1_Mothbot_yolo11m_4500_imgsz1600_b1_2024-01-18.pt.jpg,HS,Mothbot_yolo11m_4500_imgsz1600_b1_2024-01-18.pt,0.615600049495697,,fondoGorila,Cerro_Hoya_Expedition/Hoya_1416m_fondoGorila_2025-01-27/2025-01-28/patches/fondoGorila_2025_01_28__23_21_06_HDR0_1_Mothbot_yolo11m_4500_imgsz1600_b1_2024-01-18.pt.jpg,ORDER_Lepidoptera,2025-01-28,23:21:06,,2025_01_28__23_21_06,MachineObservation,Cerro_Hoya_Expedition_Hoya_1416m_fondoGorila_2025-01-27_2025-01-28,Cerro_Hoya_Expedition_Hoya_1416m_fondoGorila_2025-01-27,fondoGorila_2025_01_28__23_21_06_HDR0.jpg,fondoGorila_2025_01_28__23_21_06_HDR0_1_Mothbot_yolo11m_4500_imgsz1600_b1_2024-01-18.pt.jpg
,,,,,,,,,,,,ERROR,Cerro_Hoya_Expedition_Hoya_1416m_fondoGorila_2025-01-27,fondoGorila_2025_01_28__23_22_22_HDR0_0_Mothbot_yolo11m_4500_imgsz1600_b1_2024-01-18.pt.jpg,HS,Mothbot_yolo11m_4500_imgsz1600_b1_2024-01-18.pt,0.7628949880599976,,fondoGorila,Cerro_Hoya_Expedition/Hoya_1416m_fondoGorila_2025-01-27/2025-01-28/patches/fondoGorila_2025_01_28__23_22_22_HDR0_0_Mothbot_yolo11m_4500_imgsz1600_b1_2024-01-18.pt.jpg,ORDER_Diptera,2025-01-28,23:22:22,,2025_01_28__23_22_22,MachineObservation,Cerro_Hoya_Expedition_Hoya_1416m_fondoGorila_2025-01-27_2025-01-28,Cerro_Hoya_Expedition_Hoya_1416m_fondoGorila_2025-01-27,fondoGorila_2025_01_28__23_22_22_HDR0.jpg,fondoGorila_2025_01_28__23_22_22_HDR0_0_Mothbot_yolo11m_4500_imgsz1600_b1_2024-01-18.pt.jpg
,,,,,,,,,,,,ERROR,Cerro_Hoya_Expedition_Hoya_1416m_fondoGorila_2025-01-27,fondoGorila_2025_01_28__23_22_22_HDR0_1_Mothbot_yolo11m_4500_imgsz1600_b1_2024-01-18.pt.jpg,HS,Mothbot_yolo11m_4500_imgsz1600_b1_2024-01-18.pt,0.6197516918182373,,fondoGorila,Cerro_Hoya_Expedition/Hoya_1416m_fondoGorila_2025-01-27/2025-01-28/patches/fondoGorila_2025_01_28__23_22_22_HDR0_1_Mothbot_yolo11m_4500_imgsz1600_b1_2024-01-18.pt.jpg,ORDER_Hymenoptera,2025-01-28,23:22:22,,2025_01_28__23_22_22,MachineObservation,Cerro_Hoya_Expedition_Hoya_1416m_fondoGorila_2025-01-27_2025-01-28,Cerro_Hoya_Expedition_Hoya_1416m_fondoGorila_2025-01-27,fondoGorila_2025_01_28__23_22_22_HDR0.jpg,fondoGorila_2025_01_28__23_22_22_HDR0_1_Mothbot_yolo11m_4500_imgsz1600_b1_2024-01-18.pt.jpg
,,,,,,,,,,,,ERROR,Cerro_Hoya_Expedition_Hoya_1416m_fondoGorila_2025-01-27,fondoGorila_2025_01_28__23_23_05_HDR0_0_Mothbot_yolo11m_4500_imgsz1600_b1_2024-01-18.pt.jpg,HS,Mothbot_yolo11m_4500_imgsz1600_b1_2024-01-18.pt,0.6700183749198914,,fondoGorila,Cerro_Hoya_Expedition/Hoya_1416m_fondoGorila_2025-01-27/2025-01-28/patches/fondoGorila_2025_01_28__23_23_05_HDR0_0_Mothbot_yolo11m_4500_imgsz1600_b1_2024-01-18.pt.jpg,ORDER_Lepidoptera,2025-01-28,23:23:05,,2025_01_28__23_23_05,MachineObservation,Cerro_Hoya_Expedition_Hoya_1416m_fondoGorila_2025-01-27_2025-01-28,Cerro_Hoya_Expedition_Hoya_1416m_fondoGorila_2025-01-27,fondoGorila_2025_01_28__23_23_05_HDR0.jpg,fondoGorila_2025_01_28__23_23_05_HDR0_0_Mothbot_yolo11m_4500_imgsz1600_b1_2024-01-18.pt.jpg
,,,,,,,,,,,,ERROR,Cerro_Hoya_Expedition_Hoya_1416m_fondoGorila_2025-01-27,fondoGorila_2025_01_28__23_23_05_HDR0_1_Mothbot_yolo11m_4500_imgsz1600_b1_2024-01-18.pt.jpg,HS,Mothbot_yolo11m_4500_imgsz1600_b1_2024-01-18.pt,0.4013226330280304,,fondoGorila,Cerro_Hoya_Expedition/Hoya_1416m_fondoGorila_2025-01-27/2025-01-28/patches/fondoGorila_2025_01_28__23_23_05_HDR0_1_Mothbot_yolo11m_4500_imgsz1600_b1_2024-01-18.pt.jpg,ORDER_Lepidoptera,2025-01-28,23:23:05,,2025_01_28__23_23_05,MachineObservation,Cerro_Hoya_Expedition_Hoya_1416m_fondoGorila_2025-01-27_2025-01-28,Cerro_Hoya_Expedition_Hoya_1416m_fondoGorila_2025-01-27,fondoGorila_2025_01_28__23_23_05_HDR0.jpg,fondoGorila_2025_01_28__23_23_05_HDR0_1_Mothbot_yolo11m_4500_imgsz1600_b1_2024-01-18.pt.jpg
,,,,,,,,,,,,ERROR,Cerro_Hoya_Expedition_Hoya_1416m_fondoGorila_2025-01-27,fondoGorila_2025_01_28__23_24_06_HDR0_0_Mothbot_yolo11m_4500_imgsz1600_b1_2024-01-18.pt.jpg,HS,Mothbot_yolo11m_4500_imgsz1600_b1_2024-01-18.pt,0.7335718870162964,,fondoGorila,Cerro_Hoya_Expedition/Hoya_1416m_fondoGorila_2025-01-27/2025-01-28/patches/fondoGorila_2025_01_28__23_24_06_HDR0_0_Mothbot_yolo11m_4500_imgsz1600_b1_2024-01-18.pt.jpg,ORDER_Diptera,2025-01-28,23:24:06,,2025_01_28__23_24_06,MachineObservation,Cerro_Hoya_Expedition_Hoya_1416m_fondoGorila_2025-01-27_2025-01-28,Cerro_Hoya_Expedition_Hoya_1416m_fondoGorila_2025-01-27,fondoGorila_2025_01_28__23_24_06_HDR0.jpg,fondoGorila_2025_01_28__23_24_06_HDR0_0_Mothbot_yolo11m_4500_imgsz1600_b1_2024-01-18.pt.jpg
,,,,,,,,,,,,ERROR,Cerro_Hoya_Expedition_Hoya_1416m_fondoGorila_2025-01-27,fondoGorila_2025_01_28__23_24_06_HDR0_1_Mothbot_yolo11m_4500_imgsz1600_b1_2024-01-18.pt.jpg,HS,Mothbot_yolo11m_4500_imgsz1600_b1_2024-01-18.pt,0.45466744899749756,,fondoGorila,Cerro_Hoya_Expedition/Hoya_1416m_fondoGorila_2025-01-27/2025-01-28/patches/fondoGorila_2025_01_28__23_24_06_HDR0_1_Mothbot_yolo11m_4500_imgsz1600_b1_2024-01-18.pt.jpg,ORDER_Hemiptera,2025-01-28,23:24:06,,2025_01_28__23_24_06,MachineObservation,Cerro_Hoya_Expedition_Hoya_1416m_fondoGorila_2025-01-27_2025-01-28,Cerro_Hoya_Expedition_Hoya_1416m_fondoGorila_2025-01-27,fondoGorila_2025_01_28__23_24_06_HDR0.jpg,fondoGorila_2025_01_28__23_24_06_HDR0_1_Mothbot_yolo11m_4500_imgsz1600_b1_2024-01-18.pt.jpg
,,,,,,,,,,,,ERROR,Cerro_Hoya_Expedition_Hoya_1416m_fondoGorila_2025-01-27,fondoGorila_2025_01_28__23_25_06_HDR0_0_Mothbot_yolo11m_4500_imgsz1600_b1_2024-01-18.pt.jpg,HS,Mothbot_yolo11m_4500_imgsz1600_b1_2024-01-18.pt,0.7879493236541748,,fondoGorila,Cerro_Hoya_Expedition/Hoya_1416m_fondoGorila_2025-01-27/2025-01-28/patches/fondoGorila_2025_01_28__23_25_06_HDR0_0_Mothbot_yolo11m_4500_imgsz1600_b1_2024-01-18.pt.jpg,ORDER_Diptera,2025-01-28,23:25:06,,2025_01_28__23_25_06,MachineObservation,Cerro_Hoya_Expedition_Hoya_1416m_fondoGorila_2025-01-27_2025-01-28,Cerro_Hoya_Expedition_Hoya_1416m_fondoGorila_2025-01-27,fondoGorila_2025_01_28__23_25_06_HDR0.jpg,fondoGorila_2025_01_28__23_25_06_HDR0_0_Mothbot_yolo11m_4500_imgsz1600_b1_2024-01-18.pt.jpg
,,,,,,,,,,,,ERROR,Cerro_Hoya_Expedition_Hoya_1416m_fondoGorila_2025-01-27,fondoGorila_2025_01_28__23_25_06_HDR0_1_Mothbot_yolo11m_4500_imgsz1600_b1_2024-01-18.pt.jpg,HS,Mothbot_yolo11m_4500_imgsz1600_b1_2024-01-18.pt,0.6425060629844666,,fondoGorila,Cerro_Hoya_Expedition/Hoya_1416m_fondoGorila_2025-01-27/2025-01-28/patches/fondoGorila_2025_01_28__23_25_06_HDR0_1_Mothbot_yolo11m_4500_imgsz1600_b1_2024-01-18.pt.jpg,ORDER_Coleoptera,2025-01-28,23:25:06,,2025_01_28__23_25_06,MachineObservation,Cerro_Hoya_Expedition_Hoya_1416m_fondoGorila_2025-01-27_2025-01-28,Cerro_Hoya_Expedition_Hoya_1416m_fondoGorila_2025-01-27,fondoGorila_2025_01_28__23_25_06_HDR0.jpg,fondoGorila_2025_01_28__23_25_06_HDR0_1_Mothbot_yolo11m_4500_imgsz1600_b1_2024-01-18.pt.jpg
,,,,,,,,,,,,ERROR,Cerro_Hoya_Expedition_Hoya_1416m_fondoGorila_2025-01-27,fondoGorila_2025_01_28__23_26_06_HDR0_0_Mothbot_yolo11m_4500_imgsz1600_b1_2024-01-18.pt.jpg,HS,Mothbot_yolo11m_4500_imgsz1600_b1_2024-01-18.pt,0.6575133204460144,,fondoGorila,Cerro_Hoya_Expedition/Hoya_1416m_fondoGorila_2025-01-27/2025-01-28/patches/fondoGorila_2025_01_28__23_26_06_HDR0_0_Mothbot_yolo11m_4500_imgsz1600_b1_2024-01-18.pt.jpg,ORDER_Hymenoptera,2025-01-28,23:26:06,,2025_01_28__23_26_06,MachineObservation,Cerro_Hoya_Expedition_Hoya_1416m_fondoGorila_2025-01-27_2025-01-28,Cerro_Hoya_Expedition_Hoya_1416m_fondoGorila_2025-01-27,fondoGorila_2025_01_28__23_26_06_HDR0.jpg,fondoGorila_2025_01_28__23_26_06_HDR0_0_Mothbot_yolo11m_4500_imgsz1600_b1_2024-01-18.pt.jpg
,,,,,,,,,,,,ERROR,Cerro_Hoya_Expedition_Hoya_1416m_fondoGorila_2025-01-27,fondoGorila_2025_01_28__23_26_06_HDR0_1_Mothbot_yolo11m_4500_imgsz1600_b1_2024-01-18.pt.jpg,HS,Mothbot_yolo11m_4500_imgsz1600_b1_2024-01-18.pt,0.5525425672531128,,fondoGorila,Cerro_Hoya_Expedition/Hoya_1416m_fondoGorila_2025-01-27/2025-01-28/patches/fondoGorila_2025_01_28__23_26_06_HDR0_1_Mothbot_yolo11m_4500_imgsz1600_b1_2024-01-18.pt.jpg,ORDER_Coleoptera,2025-01-28,23:26:06,,2025_01_28__23_26_06,MachineObservation,Cerro_Hoya_Expedition_Hoya_1416m_fondoGorila_2025-01-27_2025-01-28,Cerro_Hoya_Expedition_Hoya_1416m_fondoGorila_2025-01-27,fondoGorila_2025_01_28__23_26_06_HDR0.jpg,fondoGorila_2025_01_28__23_26_06_HDR0_1_Mothbot_yolo11m_4500_imgsz1600_b1_2024-01-18.pt.jpg
,,,,,,,,,,,,ERROR,Cerro_Hoya_Expedition_Hoya_1416m_fondoGorila_2025-01-27,fondoGorila_2025_01_28__23_27_05_HDR0_0_Mothbot_yolo11m_4500_imgsz1600_b1_2024-01-18.pt.jpg,HS,Mothbot_yolo11m_4500_imgsz1600_b1_2024-01-18.pt,0.718806266784668,,fondoGorila,Cerro_Hoya_Expedition/Hoya_1416m_fondoGorila_2025-01-27/2025-01-28/patches/fondoGorila_2025_01_28__23_27_05_HDR0_0_Mothbot_yolo11m_4500_imgsz1600_b1_2024-01-18.pt.jpg,ORDER_Diptera,2025-01-28,23:27:05,,2025_01_28__23_27_05,MachineObservation,Cerro_Hoya_Expedition_Hoya_1416m_fondoGorila_2025-01-27_2025-01-28,Cerro_Hoya_Expedition_Hoya_1416m_fondoGorila_2025-01-27,fondoGorila_2025_01_28__23_27_05_HDR0.jpg,fondoGorila_2025_01_28__23_27_05_HDR0_0_Mothbot_yolo11m_4500_imgsz1600_b1_2024-01-18.pt.jpg
,,,,,,,,,,,,ERROR,Cerro_Hoya_Expedition_Hoya_1416m_fondoGorila_2025-01-27,fondoGorila_2025_01_28__23_27_05_HDR0_1_Mothbot_yolo11m_4500_imgsz1600_b1_2024-01-18.pt.jpg,HS,Mothbot_yolo11m_4500_imgsz1600_b1_2024-01-18.pt,0.47382470965385437,,fondoGorila,Cerro_Hoya_Expedition/Hoya_1416m_fondoGorila_2025-01-27/2025-01-28/patches/fondoGorila_2025_01_28__23_27_05_HDR0_1_Mothbot_yolo11m_4500_imgsz1600_b1_2024-01-18.pt.jpg,ORDER_Diptera,2025-01-28,23:27:05,,2025_01_28__23_27_05,MachineObservation,Cerro_Hoya_Expedition_Hoya_1416m_fondoGorila_2025-01-27_2025-01-28,Cerro_Hoya_Expedition_Hoya_1416m_fondoGorila_2025-01-27,fondoGorila_2025_01_28__23_27_05_HDR0.jpg,fondoGorila_2025_01_28__23_27_05_HDR0_1_Mothbot_yolo11m_4500_imgsz1600_b1_2024-01-18.pt.jpg
,,,,,,,,,,,,ERROR,Cerro_Hoya_Expedition_Hoya_1416m_fondoGorila_2025-01-27,fondoGorila_2025_01_28__23_28_06_HDR0_0_Mothbot_yolo11m_4500_imgsz1600_b1_2024-01-18.pt.jpg,HS,Mothbot_yolo11m_4500_imgsz1600_b1_2024-01-18.pt,0.7274463772773743,,fondoGorila,Cerro_Hoya_Expedition/Hoya_1416m_fondoGorila_2025-01-27/2025-01-28/patches/fondoGorila_2025_01_28__23_28_06_HDR0_0_Mothbot_yolo11m_4500_imgsz1600_b1_2024-01-18.pt.jpg,ORDER_Lepidoptera,2025-01-28,23:28:06,,2025_01_28__23_28_06,MachineObservation,Cerro_Hoya_Expedition_Hoya_1416m_fondoGorila_2025-01-27_2025-01-28,Cerro_Hoya_Expedition_Hoya_1416m_fondoGorila_2025-01-27,fondoGorila_2025_01_28__23_28_06_HDR0.jpg,fondoGorila_2025_01_28__23_28_06_HDR0_0_Mothbot_yolo11m_4500_imgsz1600_b1_2024-01-18.pt.jpg
,,,,,,,,,,,,ERROR,Cerro_Hoya_Expedition_Hoya_1416m_fondoGorila_2025-01-27,fondoGorila_2025_01_28__23_28_06_HDR0_1_Mothbot_yolo11m_4500_imgsz1600_b1_2024-01-18.pt.jpg,HS,Mothbot_yolo11m_4500_imgsz1600_b1_2024-01-18.pt,0.6525861024856567,,fondoGorila,Cerro_Hoya_Expedition/Hoya_1416m_fondoGorila_2025-01-27/2025-01-28/patches/fondoGorila_2025_01_28__23_28_06_HDR0_1_Mothbot_yolo11m_4500_imgsz1600_b1_2024-01-18.pt.jpg,ORDER_Hymenoptera,2025-01-28,23:28:06,,2025_01_28__23_28_06,MachineObservation,Cerro_Hoya_Expedition_Hoya_1416m_fondoGorila_2025-01-27_2025-01-28,Cerro_Hoya_Expedition_Hoya_1416m_fondoGorila_2025-01-27,fondoGorila_2025_01_28__23_28_06_HDR0.jpg,fondoGorila_2025_01_28__23_28_06_HDR0_1_Mothbot_yolo11m_4500_imgsz1600_b1_2024-01-18.pt.jpg
,,,,,,,,,,,,ERROR,Cerro_Hoya_Expedition_Hoya_1416m_fondoGorila_2025-01-27,fondoGorila_2025_01_28__23_29_22_HDR0_0_Mothbot_yolo11m_4500_imgsz1600_b1_2024-01-18.pt.jpg,HS,Mothbot_yolo11m_4500_imgsz1600_b1_2024-01-18.pt,0.6999446749687195,,fondoGorila,Cerro_Hoya_Expedition/Hoya_1416m_fondoGorila_2025-01-27/2025-01-28/patches/fondoGorila_2025_01_28__23_29_22_HDR0_0_Mothbot_yolo11m_4500_imgsz1600_b1_2024-01-18.pt.jpg,ORDER_Lepidoptera,2025-01-28,23:29:22,,2025_01_28__23_29_22,MachineObservation,Cerro_Hoya_Expedition_Hoya_1416m_fondoGorila_2025-01-27_2025-01-28,Cerro_Hoya_Expedition_Hoya_1416m_fondoGorila_2025-01-27,fondoGorila_2025_01_28__23_29_22_HDR0.jpg,fondoGorila_2025_01_28__23_29_22_HDR0_0_Mothbot_yolo11m_4500_imgsz1600_b1_2024-01-18.pt.jpg
,,,,,,,,,,,,ERROR,Cerro_Hoya_Expedition_Hoya_1416m_fondoGorila_2025-01-27,fondoGorila_2025_01_28__23_29_22_HDR0_1_Mothbot_yolo11m_4500_imgsz1600_b1_2024-01-18.pt.jpg,HS,Mothbot_yolo11m_4500_imgsz1600_b1_2024-01-18.pt,0.5330291986465454,,fondoGorila,Cerro_Hoya_Expedition/Hoya_1416m_fondoGorila_2025-01-27/2025-01-28/patches/fondoGorila_2025_01_28__23_29_22_HDR0_1_Mothbot_yolo11m_4500_imgsz1600_b1_2024-01-18.pt.jpg,ORDER_Trichoptera,2025-01-28,23:29:22,,2025_01_28__23_29_22,MachineObservation,Cerro_Hoya_Expedition_Hoya_1416m_fondoGorila_2025-01-27_2025-01-28,Cerro_Hoya_Expedition_Hoya_1416m_fondoGorila_2025-01-27,fondoGorila_2025_01_28__23_29_22_HDR0.jpg,fondoGorila_2025_01_28__23_29_22_HDR0_1_Mothbot_yolo11m_4500_imgsz1600_b1_2024-01-18.pt.jpg
,,,,,,,,,,,,ERROR,Cerro_Hoya_Expedition_Hoya_1416m_fondoGorila_2025-01-27,fondoGorila_2025_01_28__23_30_06_HDR0_0_Mothbot_yolo11m_4500_imgsz1600_b1_2024-01-18.pt.jpg,HS,Mothbot_yolo11m_4500_imgsz1600_b1_2024-01-18.pt,0.7483970522880554,,fondoGorila,Cerro_Hoya_Expedition/Hoya_1416m_fondoGorila_2025-01-27/2025-01-28/patches/fondoGorila_2025_01_28__23_30_06_HDR0_0_Mothbot_yolo11m_4500_imgsz1600_b1_2024-01-18.pt.jpg,ORDER_Diptera,2025-01-28,23:30:06,,2025_01_28__23_30_06,MachineObservation,Cerro_Hoya_Expedition_Hoya_1416m_fondoGorila_2025-01-27_2025-01-28,Cerro_Hoya_Expedition_Hoya_1416m_fondoGorila_2025-01-27,fondoGorila_2025_01_28__23_30_06_HDR0.jpg,fondoGorila_2025_01_28__23_30_06_HDR0_0_Mothbot_yolo11m_4500_imgsz1600_b1_2024-01-18.pt.jpg
,,,,,,,,,,,,ERROR,Cerro_Hoya_Expedition_Hoya_1416m_fondoGorila_2025-01-27,fondoGorila_2025_01_28__23_30_06_HDR0_1_Mothbot_yolo11m_4500_imgsz1600_b1_2024-01-18.pt.jpg,HS,Mothbot_yolo11m_4500_imgsz1600_b1_2024-01-18.pt,0.6093078255653381,,fondoGorila,Cerro_Hoya_Expedition/Hoya_1416m_fondoGorila_2025-01-27/2025-01-28/patches/fondoGorila_2025_01_28__23_30_06_HDR0_1_Mothbot_yolo11m_4500_imgsz1600_b1_2024-01-18.pt.jpg,ORDER_Diptera,2025-01-28,23:30:06,,2025_01_28__23_30_06,MachineObservation,Cerro_Hoya_Expedition_Hoya_1416m_fondoGorila_2025-01-27_2025-01-28,Cerro_Hoya_Expedition_Hoya_1416m_fondoGorila_2025-01-27,fondoGorila_2025_01_28__23_30_06_HDR0.jpg,fondoGorila_2025_01_28__23_30_06_HDR0_1_Mothbot_yolo11m_4500_imgsz1600_b1_2024-01-18.pt.jpg
,,,,,,,,,,,,ERROR,Cerro_Hoya_Expedition_Hoya_1416m_fondoGorila_2025-01-27,fondoGorila_2025_01_28__23_31_06_HDR0_0_Mothbot_yolo11m_4500_imgsz1600_b1_2024-01-18.pt.jpg,HS,Mothbot_yolo11m_4500_imgsz1600_b1_2024-01-18.pt,0.6476131081581116,,fondoGorila,Cerro_Hoya_Expedition/Hoya_1416m_fondoGorila_2025-01-27/2025-01-28/patches/fondoGorila_2025_01_28__23_31_06_HDR0_0_Mothbot_yolo11m_4500_imgsz1600_b1_2024-01-18.pt.jpg,ORDER_Diptera,2025-01-28,23:31:06,,2025_01_28__23_31_06,MachineObservation,Cerro_Hoya_Expedition_Hoya_1416m_fondoGorila_2025-01-27_2025-01-28,Cerro_Hoya_Expedition_Hoya_1416m_fondoGorila_2025-01-27,fondoGorila_2025_01_28__23_31_06_HDR0.jpg,fondoGorila_2025_01_28__23_31_06_HDR0_0_Mothbot_yolo11m_4500_imgsz1600_b1_2024-01-18.pt.jpg
,,,,,,,,,,,,ERROR,Cerro_Hoya_Expedition_Hoya_1416m_fondoGorila_2025-01-27,fondoGorila_2025_01_28__23_31_06_HDR0_1_Mothbot_yolo11m_4500_imgsz1600_b1_2024-01-18.pt.jpg,HS,Mothbot_yolo11m_4500_imgsz1600_b1_2024-01-18.pt,0.6255302429199219,,fondoGorila,Cerro_Hoya_Expedition/Hoya_1416m_fondoGorila_2025-01-27/2025-01-28/patches/fondoGorila_2025_01_28__23_31_06_HDR0_1_Mothbot_yolo11m_4500_imgsz1600_b1_2024-01-18.pt.jpg,ORDER_Coleoptera,2025-01-28,23:31:06,,2025_01_28__23_31_06,MachineObservation,Cerro_Hoya_Expedition_Hoya_1416m_fondoGorila_2025-01-27_2025-01-28,Cerro_Hoya_Expedition_Hoya_1416m_fondoGorila_2025-01-27,fondoGorila_2025_01_28__23_31_06_HDR0.jpg,fondoGorila_2025_01_28__23_31_06_HDR0_1_Mothbot_yolo11m_4500_imgsz1600_b1_2024-01-18.pt.jpg
,,,,,,,,,,,,ERROR,Cerro_Hoya_Expedition_Hoya_1416m_fondoGorila_2025-01-27,fondoGorila_2025_01_28__23_32_06_HDR0_0_Mothbot_yolo11m_4500_imgsz1600_b1_2024-01-18.pt.jpg,HS,Mothbot_yolo11m_4500_imgsz1600_b1_2024-01-18.pt,0.7266855239868164,,fondoGorila,Cerro_Hoya_Expedition/Hoya_1416m_fondoGorila_2025-01-27/2025-01-28/patches/fondoGorila_2025_01_28__23_32_06_HDR0_0_Mothbot_yolo11m_4500_imgsz1600_b1_2024-01-18.pt.jpg,ORDER_Diptera,2025-01-28,23:32:06,,2025_01_28__23_32_06,MachineObservation,Cerro_Hoya_Expedition_Hoya_1416m_fondoGorila_2025-01-27_2025-01-28,Cerro_Hoya_Expedition_Hoya_1416m_fondoGorila_2025-01-27,fondoGorila_2025_01_28__23_32_06_HDR0.jpg,fondoGorila_2025_01_28__23_32_06_HDR0_0_Mothbot_yolo11m_4500_imgsz1600_b1_2024-01-18.pt.jpg
,,,,,,,,,,,,ERROR,Cerro_Hoya_Expedition_Hoya_1416m_fondoGorila_2025-01-27,fondoGorila_2025_01_28__23_32_06_HDR0_1_Mothbot_yolo11m_4500_imgsz1600_b1_2024-01-18.pt.jpg,HS,Mothbot_yolo11m_4500_imgsz1600_b1_2024-01-18.pt,0.6301806569099426,,fondoGorila,Cerro_Hoya_Expedition/Hoya_1416m_fondoGorila_2025-01-27/2025-01-28/patches/fondoGorila_2025_01_28__23_32_06_HDR0_1_Mothbot_yolo11m_4500_imgsz1600_b1_2024-01-18.pt.jpg,ORDER_Coleoptera,2025-01-28,23:32:06,,2025_01_28__23_32_06,MachineObservation,Cerro_Hoya_Expedition_Hoya_1416m_fondoGorila_2025-01-27_2025-01-28,Cerro_Hoya_Expedition_Hoya_1416m_fondoGorila_2025-01-27,fondoGorila_2025_01_28__23_32_06_HDR0.jpg,fondoGorila_2025_01_28__23_32_06_HDR0_1_Mothbot_yolo11m_4500_imgsz1600_b1_2024-01-18.pt.jpg
,,,,,,,,,,,,ERROR,Cerro_Hoya_Expedition_Hoya_1416m_fondoGorila_2025-01-27,fondoGorila_2025_01_28__23_33_06_HDR0_0_Mothbot_yolo11m_4500_imgsz1600_b1_2024-01-18.pt.jpg,HS,Mothbot_yolo11m_4500_imgsz1600_b1_2024-01-18.pt,0.6699689626693726,,fondoGorila,Cerro_Hoya_Expedition/Hoya_1416m_fondoGorila_2025-01-27/2025-01-28/patches/fondoGorila_2025_01_28__23_33_06_HDR0_0_Mothbot_yolo11m_4500_imgsz1600_b1_2024-01-18.pt.jpg,ORDER_Psocodea,2025-01-28,23:33:06,,2025_01_28__23_33_06,MachineObservation,Cerro_Hoya_Expedition_Hoya_1416m_fondoGorila_2025-01-27_2025-01-28,Cerro_Hoya_Expedition_Hoya_1416m_fondoGorila_2025-01-27,fondoGorila_2025_01_28__23_33_06_HDR0.jpg,fondoGorila_2025_01_28__23_33_06_HDR0_0_Mothbot_yolo11m_4500_imgsz1600_b1_2024-01-18.pt.jpg
,,,,,,,,,,,,ERROR,Cerro_Hoya_Expedition_Hoya_1416m_fondoGorila_2025-01-27,fondoGorila_2025_01_28__23_33_06_HDR0_1_Mothbot_yolo11m_4500_imgsz1600_b1_2024-01-18.pt.jpg,HS,Mothbot_yolo11m_4500_imgsz1600_b1_2024-01-18.pt,0.4514807462692261,,fondoGorila,Cerro_Hoya_Expedition/Hoya_1416m_fondoGorila_2025-01-27/2025-01-28/patches/fondoGorila_2025_01_28__23_33_06_HDR0_1_Mothbot_yolo11m_4500_imgsz1600_b1_2024-01-18.pt.jpg,ORDER_Lepidoptera,2025-01-28,23:33:06,,2025_01_28__23_33_06,MachineObservation,Cerro_Hoya_Expedition_Hoya_1416m_fondoGorila_2025-01-27_2025-01-28,Cerro_Hoya_Expedition_Hoya_1416m_fondoGorila_2025-01-27,fondoGorila_2025_01_28__23_33_06_HDR0.jpg,fondoGorila_2025_01_28__23_33_06_HDR0_1_Mothbot_yolo11m_4500_imgsz1600_b1_2024-01-18.pt.jpg
,,,,,,,,,,,,ERROR,Cerro_Hoya_Expedition_Hoya_1416m_fondoGorila_2025-01-27,fondoGorila_2025_01_28__23_34_05_HDR0_0_Mothbot_yolo11m_4500_imgsz1600_b1_2024-01-18.pt.jpg,HS,Mothbot_yolo11m_4500_imgsz1600_b1_2024-01-18.pt,0.7301949858665466,,fondoGorila,Cerro_Hoya_Expedition/Hoya_1416m_fondoGorila_2025-01-27/2025-01-28/patches/fondoGorila_2025_01_28__23_34_05_HDR0_0_Mothbot_yolo11m_4500_imgsz1600_b1_2024-01-18.pt.jpg,ORDER_Hymenoptera,2025-01-28,23:34:05,,2025_01_28__23_34_05,MachineObservation,Cerro_Hoya_Expedition_Hoya_1416m_fondoGorila_2025-01-27_2025-01-28,Cerro_Hoya_Expedition_Hoya_1416m_fondoGorila_2025-01-27,fondoGorila_2025_01_28__23_34_05_HDR0.jpg,fondoGorila_2025_01_28__23_34_05_HDR0_0_Mothbot_yolo11m_4500_imgsz1600_b1_2024-01-18.pt.jpg
,,,,,,,,,,,,ERROR,Cerro_Hoya_Expedition_Hoya_1416m_fondoGorila_2025-01-27,fondoGorila_2025_01_28__23_34_05_HDR0_1_Mothbot_yolo11m_4500_imgsz1600_b1_2024-01-18.pt.jpg,HS,Mothbot_yolo11m_4500_imgsz1600_b1_2024-01-18.pt,0.6144583821296692,,fondoGorila,Cerro_Hoya_Expedition/Hoya_1416m_fondoGorila_2025-01-27/2025-01-28/patches/fondoGorila_2025_01_28__23_34_05_HDR0_1_Mothbot_yolo11m_4500_imgsz1600_b1_2024-01-18.pt.jpg,ORDER_Coleoptera,2025-01-28,23:34:05,,2025_01_28__23_34_05,MachineObservation,Cerro_Hoya_Expedition_Hoya_1416m_fondoGorila_2025-01-27_2025-01-28,Cerro_Hoya_Expedition_Hoya_1416m_fondoGorila_2025-01-27,fondoGorila_2025_01_28__23_34_05_HDR0.jpg,fondoGorila_2025_01_28__23_34_05_HDR0_1_Mothbot_yolo11m_4500_imgsz1600_b1_2024-01-18.pt.jpg
,,,,,,,,,,,,ERROR,Cerro_Hoya_Expedition_Hoya_1416m_fondoGorila_2025-01-27,fondoGorila_2025_01_28__23_35_05_HDR0_0_Mothbot_yolo11m_4500_imgsz1600_b1_2024-01-18.pt.jpg,HS,Mothbot_yolo11m_4500_imgsz1600_b1_2024-01-18.pt,0.7864751815795898,,fondoGorila,Cerro_Hoya_Expedition/Hoya_1416m_fondoGorila_2025-01-27/2025-01-28/patches/fondoGorila_2025_01_28__23_35_05_HDR0_0_Mothbot_yolo11m_4500_imgsz1600_b1_2024-01-18.pt.jpg,ORDER_Lepidoptera,2025-01-28,23:35:05,,2025_01_28__23_35_05,MachineObservation,Cerro_Hoya_Expedition_Hoya_1416m_fondoGorila_2025-01-27_2025-01-28,Cerro_Hoya_Expedition_Hoya_1416m_fondoGorila_2025-01-27,fondoGorila_2025_01_28__23_35_05_HDR0.jpg,fondoGorila_2025_01_28__23_35_05_HDR0_0_Mothbot_yolo11m_4500_imgsz1600_b1_2024-01-18.pt.jpg
,,,,,,,,,,,,ERROR,Cerro_Hoya_Expedition_Hoya_1416m_fondoGorila_2025-01-27,fondoGorila_2025_01_28__23_35_05_HDR0_1_Mothbot_yolo11m_4500_imgsz1600_b1_2024-01-18.pt.jpg,HS,Mothbot_yolo11m_4500_imgsz1600_b1_2024-01-18.pt,0.5524415969848633,,fondoGorila,Cerro_Hoya_Expedition/Hoya_1416m_fondoGorila_2025-01-27/2025-01-28/patches/fondoGorila_2025_01_28__23_35_05_HDR0_1_Mothbot_yolo11m_4500_imgsz1600_b1_2024-01-18.pt.jpg,ERROR_floor,2025-01-28,23:35:05,,2025_01_28__23_35_05,MachineObservation,Cerro_Hoya_Expedition_Hoya_1416m_fondoGorila_2025-01-27_2025-01-28,Cerro_Hoya_Expedition_Hoya_1416m_fondoGorila_2025-01-27,fondoGorila_2025_01_28__23_35_05_HDR0.jpg,fondoGorila_2025_01_28__23_35_05_HDR0_1_Mothbot_yolo11m_4500_imgsz1600_b1_2024-01-18.pt.jpg
,,,,,,,,,,,,ERROR,Cerro_Hoya_Expedition_Hoya_1416m_fondoGorila_2025-01-27,fondoGorila_2025_01_28__23_36_22_HDR0_0_Mothbot_yolo11m_4500_imgsz1600_b1_2024-01-18.pt.jpg,HS,Mothbot_yolo11m_4500_imgsz1600_b1_2024-01-18.pt,0.7623907327651978,,fondoGorila,Cerro_Hoya_Expedition/Hoya_1416m_fondoGorila_2025-01-27/2025-01-28/patches/fondoGorila_2025_01_28__23_36_22_HDR0_0_Mothbot_yolo11m_4500_imgsz1600_b1_2024-01-18.pt.jpg,ORDER_Diptera,2025-01-28,23:36:22,,2025_01_28__23_36_22,MachineObservation,Cerro_Hoya_Expedition_Hoya_1416m_fondoGorila_2025-01-27_2025-01-28,Cerro_Hoya_Expedition_Hoya_1416m_fondoGorila_2025-01-27,fondoGorila_2025_01_28__23_36_22_HDR0.jpg,fondoGorila_2025_01_28__23_36_22_HDR0_0_Mothbot_yolo11m_4500_imgsz1600_b1_2024-01-18.pt.jpg
,,,,,,,,,,,,ERROR,Cerro_Hoya_Expedition_Hoya_1416m_fondoGorila_2025-01-27,fondoGorila_2025_01_28__23_36_22_HDR0_1_Mothbot_yolo11m_4500_imgsz1600_b1_2024-01-18.pt.jpg,HS,Mothbot_yolo11m_4500_imgsz1600_b1_2024-01-18.pt,0.4865165650844574,,fondoGorila,Cerro_Hoya_Expedition/Hoya_1416m_fondoGorila_2025-01-27/2025-01-28/patches/fondoGorila_2025_01_28__23_36_22_HDR0_1_Mothbot_yolo11m_4500_imgsz1600_b1_2024-01-18.pt.jpg,ORDER_Hemiptera,2025-01-28,23:36:22,,2025_01_28__23_36_22,MachineObservation,Cerro_Hoya_Expedition_Hoya_1416m_fondoGorila_2025-01-27_2025-01-28,Cerro_Hoya_Expedition_Hoya_1416m_fondoGorila_2025-01-27,fondoGorila_2025_01_28__23_36_22_HDR0.jpg,fondoGorila_2025_01_28__23_36_22_HDR0_1_Mothbot_yolo11m_4500_imgsz1600_b1_2024-01-18.pt.jpg
,,,,,,,,,,,,ERROR,Cerro_Hoya_Expedition_Hoya_1416m_fondoGorila_2025-01-27,fondoGorila_2025_01_28__23_37_06_HDR0_0_Mothbot_yolo11m_4500_imgsz1600_b1_2024-01-18.pt.jpg,HS,Mothbot_yolo11m_4500_imgsz1600_b1_2024-01-18.pt,0.7242936491966248,,fondoGorila,Cerro_Hoya_Expedition/Hoya_1416m_fondoGorila_2025-01-27/2025-01-28/patches/fondoGorila_2025_01_28__23_37_06_HDR0_0_Mothbot_yolo11m_4500_imgsz1600_b1_2024-01-18.pt.jpg,ORDER_Diptera,2025-01-28,23:37:06,,2025_01_28__23_37_06,MachineObservation,Cerro_Hoya_Expedition_Hoya_1416m_fondoGorila_2025-01-27_2025-01-28,Cerro_Hoya_Expedition_Hoya_1416m_fondoGorila_2025-01-27,fondoGorila_2025_01_28__23_37_06_HDR0.jpg,fondoGorila_2025_01_28__23_37_06_HDR0_0_Mothbot_yolo11m_4500_imgsz1600_b1_2024-01-18.pt.jpg
,,,,,,,,,,,,ERROR,Cerro_Hoya_Expedition_Hoya_1416m_fondoGorila_2025-01-27,fondoGorila_2025_01_28__23_37_06_HDR0_1_Mothbot_yolo11m_4500_imgsz1600_b1_2024-01-18.pt.jpg,HS,Mothbot_yolo11m_4500_imgsz1600_b1_2024-01-18.pt,0.6220929026603699,,fondoGorila,Cerro_Hoya_Expedition/Hoya_1416m_fondoGorila_2025-01-27/2025-01-28/patches/fondoGorila_2025_01_28__23_37_06_HDR0_1_Mothbot_yolo11m_4500_imgsz1600_b1_2024-01-18.pt.jpg,ORDER_Hymenoptera,2025-01-28,23:37:06,,2025_01_28__23_37_06,MachineObservation,Cerro_Hoya_Expedition_Hoya_1416m_fondoGorila_2025-01-27_2025-01-28,Cerro_Hoya_Expedition_Hoya_1416m_fondoGorila_2025-01-27,fondoGorila_2025_01_28__23_37_06_HDR0.jpg,fondoGorila_2025_01_28__23_37_06_HDR0_1_Mothbot_yolo11m_4500_imgsz1600_b1_2024-01-18.pt.jpg
,,,,,,,,,,,,ERROR,Cerro_Hoya_Expedition_Hoya_1416m_fondoGorila_2025-01-27,fondoGorila_2025_01_28__23_38_05_HDR0_0_Mothbot_yolo11m_4500_imgsz1600_b1_2024-01-18.pt.jpg,HS,Mothbot_yolo11m_4500_imgsz1600_b1_2024-01-18.pt,0.7234991788864136,,fondoGorila,Cerro_Hoya_Expedition/Hoya_1416m_fondoGorila_2025-01-27/2025-01-28/patches/fondoGorila_2025_01_28__23_38_05_HDR0_0_Mothbot_yolo11m_4500_imgsz1600_b1_2024-01-18.pt.jpg,ORDER_Diptera,2025-01-28,23:38:05,,2025_01_28__23_38_05,MachineObservation,Cerro_Hoya_Expedition_Hoya_1416m_fondoGorila_2025-01-27_2025-01-28,Cerro_Hoya_Expedition_Hoya_1416m_fondoGorila_2025-01-27,fondoGorila_2025_01_28__23_38_05_HDR0.jpg,fondoGorila_2025_01_28__23_38_05_HDR0_0_Mothbot_yolo11m_4500_imgsz1600_b1_2024-01-18.pt.jpg
,,,,,,,,,,,,ERROR,Cerro_Hoya_Expedition_Hoya_1416m_fondoGorila_2025-01-27,fondoGorila_2025_01_28__23_38_05_HDR0_1_Mothbot_yolo11m_4500_imgsz1600_b1_2024-01-18.pt.jpg,HS,Mothbot_yolo11m_4500_imgsz1600_b1_2024-01-18.pt,0.6112974286079407,,fondoGorila,Cerro_Hoya_Expedition/Hoya_1416m_fondoGorila_2025-01-27/2025-01-28/patches/fondoGorila_2025_01_28__23_38_05_HDR0_1_Mothbot_yolo11m_4500_imgsz1600_b1_2024-01-18.pt.jpg,ORDER_Lepidoptera,2025-01-28,23:38:05,,2025_01_28__23_38_05,MachineObservation,Cerro_Hoya_Expedition_Hoya_1416m_fondoGorila_2025-01-27_2025-01-28,Cerro_Hoya_Expedition_Hoya_1416m_fondoGorila_2025-01-27,fondoGorila_2025_01_28__23_38_05_HDR0.jpg,fondoGorila_2025_01_28__23_38_05_HDR0_1_Mothbot_yolo11m_4500_imgsz1600_b1_2024-01-18.pt.jpg
,,,,,,,,,,,,ERROR,Cerro_Hoya_Expedition_Hoya_1416m_fondoGorila_2025-01-27,fondoGorila_2025_01_28__23_39_06_HDR0_0_Mothbot_yolo11m_4500_imgsz1600_b1_2024-01-18.pt.jpg,HS,Mothbot_yolo11m_4500_imgsz1600_b1_2024-01-18.pt,0.6232184171676636,,fondoGorila,Cerro_Hoya_Expedition/Hoya_1416m_fondoGorila_2025-01-27/2025-01-28/patches/fondoGorila_2025_01_28__23_39_06_HDR0_0_Mothbot_yolo11m_4500_imgsz1600_b1_2024-01-18.pt.jpg,ORDER_Lepidoptera,2025-01-28,23:39:06,,2025_01_28__23_39_06,MachineObservation,Cerro_Hoya_Expedition_Hoya_1416m_fondoGorila_2025-01-27_2025-01-28,Cerro_Hoya_Expedition_Hoya_1416m_fondoGorila_2025-01-27,fondoGorila_2025_01_28__23_39_06_HDR0.jpg,fondoGorila_2025_01_28__23_39_06_HDR0_0_Mothbot_yolo11m_4500_imgsz1600_b1_2024-01-18.pt.jpg
,,,,,,,,,,,,ERROR,Cerro_Hoya_Expedition_Hoya_1416m_fondoGorila_2025-01-27,fondoGorila_2025_01_28__23_39_06_HDR0_1_Mothbot_yolo11m_4500_imgsz1600_b1_2024-01-18.pt.jpg,HS,Mothbot_yolo11m_4500_imgsz1600_b1_2024-01-18.pt,0.5880770087242126,,fondoGorila,Cerro_Hoya_Expedition/Hoya_1416m_fondoGorila_2025-01-27/2025-01-28/patches/fondoGorila_2025_01_28__23_39_06_HDR0_1_Mothbot_yolo11m_4500_imgsz1600_b1_2024-01-18.pt.jpg,ORDER_Hymenoptera,2025-01-28,23:39:06,,2025_01_28__23_39_06,MachineObservation,Cerro_Hoya_Expedition_Hoya_1416m_fondoGorila_2025-01-27_2025-01-28,Cerro_Hoya_Expedition_Hoya_1416m_fondoGorila_2025-01-27,fondoGorila_2025_01_28__23_39_06_HDR0.jpg,fondoGorila_2025_01_28__23_39_06_HDR0_1_Mothbot_yolo11m_4500_imgsz1600_b1_2024-01-18.pt.jpg
,,,,,,,,,,,,ERROR,Cerro_Hoya_Expedition_Hoya_1416m_fondoGorila_2025-01-27,fondoGorila_2025_01_28__23_40_06_HDR0_0_Mothbot_yolo11m_4500_imgsz1600_b1_2024-01-18.pt.jpg,HS,Mothbot_yolo11m_4500_imgsz1600_b1_2024-01-18.pt,0.7453940510749817,,fondoGorila,Cerro_Hoya_Expedition/Hoya_1416m_fondoGorila_2025-01-27/2025-01-28/patches/fondoGorila_2025_01_28__23_40_06_HDR0_0_Mothbot_yolo11m_4500_imgsz1600_b1_2024-01-18.pt.jpg,ORDER_Diptera,2025-01-28,23:40:06,,2025_01_28__23_40_06,MachineObservation,Cerro_Hoya_Expedition_Hoya_1416m_fondoGorila_2025-01-27_2025-01-28,Cerro_Hoya_Expedition_Hoya_1416m_fondoGorila_2025-01-27,fondoGorila_2025_01_28__23_40_06_HDR0.jpg,fondoGorila_2025_01_28__23_40_06_HDR0_0_Mothbot_yolo11m_4500_imgsz1600_b1_2024-01-18.pt.jpg
,,,,,,,,,,,,ERROR,Cerro_Hoya_Expedition_Hoya_1416m_fondoGorila_2025-01-27,fondoGorila_2025_01_28__23_40_06_HDR0_1_Mothbot_yolo11m_4500_imgsz1600_b1_2024-01-18.pt.jpg,HS,Mothbot_yolo11m_4500_imgsz1600_b1_2024-01-18.pt,0.48588621616363525,,fondoGorila,Cerro_Hoya_Expedition/Hoya_1416m_fondoGorila_2025-01-27/2025-01-28/patches/fondoGorila_2025_01_28__23_40_06_HDR0_1_Mothbot_yolo11m_4500_imgsz1600_b1_2024-01-18.pt.jpg,ORDER_Diptera,2025-01-28,23:40:06,,2025_01_28__23_40_06,MachineObservation,Cerro_Hoya_Expedition_Hoya_1416m_fondoGorila_2025-01-27_2025-01-28,Cerro_Hoya_Expedition_Hoya_1416m_fondoGorila_2025-01-27,fondoGorila_2025_01_28__23_40_06_HDR0.jpg,fondoGorila_2025_01_28__23_40_06_HDR0_1_Mothbot_yolo11m_4500_imgsz1600_b1_2024-01-18.pt.jpg
,,,,,,,,,,,,ERROR,Cerro_Hoya_Expedition_Hoya_1416m_fondoGorila_2025-01-27,fondoGorila_2025_01_28__23_41_06_HDR0_0_Mothbot_yolo11m_4500_imgsz1600_b1_2024-01-18.pt.jpg,HS,Mothbot_yolo11m_4500_imgsz1600_b1_2024-01-18.pt,0.7638565897941589,,fondoGorila,Cerro_Hoya_Expedition/Hoya_1416m_fondoGorila_2025-01-27/2025-01-28/patches/fondoGorila_2025_01_28__23_41_06_HDR0_0_Mothbot_yolo11m_4500_imgsz1600_b1_2024-01-18.pt.jpg,ORDER_Lepidoptera,2025-01-28,23:41:06,,2025_01_28__23_41_06,MachineObservation,Cerro_Hoya_Expedition_Hoya_1416m_fondoGorila_2025-01-27_2025-01-28,Cerro_Hoya_Expedition_Hoya_1416m_fondoGorila_2025-01-27,fondoGorila_2025_01_28__23_41_06_HDR0.jpg,fondoGorila_2025_01_28__23_41_06_HDR0_0_Mothbot_yolo11m_4500_imgsz1600_b1_2024-01-18.pt.jpg
,,,,,,,,,,,,ERROR,Cerro_Hoya_Expedition_Hoya_1416m_fondoGorila_2025-01-27,fondoGorila_2025_01_28__23_41_06_HDR0_1_Mothbot_yolo11m_4500_imgsz1600_b1_2024-01-18.pt.jpg,HS,Mothbot_yolo11m_4500_imgsz1600_b1_2024-01-18.pt,0.5966737866401672,,fondoGorila,Cerro_Hoya_Expedition/Hoya_1416m_fondoGorila_2025-01-27/2025-01-28/patches/fondoGorila_2025_01_28__23_41_06_HDR0_1_Mothbot_yolo11m_4500_imgsz1600_b1_2024-01-18.pt.jpg,ORDER_Hymenoptera,2025-01-28,23:41:06,,2025_01_28__23_41_06,MachineObservation,Cerro_Hoya_Expedition_Hoya_1416m_fondoGorila_2025-01-27_2025-01-28,Cerro_Hoya_Expedition_Hoya_1416m_fondoGorila_2025-01-27,fondoGorila_2025_01_28__23_41_06_HDR0.jpg,fondoGorila_2025_01_28__23_41_06_HDR0_1_Mothbot_yolo11m_4500_imgsz1600_b1_2024-01-18.pt.jpg
,,,,,,,,,,,,ERROR,Cerro_Hoya_Expedition_Hoya_1416m_fondoGorila_2025-01-27,fondoGorila_2025_01_28__23_42_06_HDR0_0_Mothbot_yolo11m_4500_imgsz1600_b1_2024-01-18.pt.jpg,HS,Mothbot_yolo11m_4500_imgsz1600_b1_2024-01-18.pt,0.7740294337272644,,fondoGorila,Cerro_Hoya_Expedition/Hoya_1416m_fondoGorila_2025-01-27/2025-01-28/patches/fondoGorila_2025_01_28__23_42_06_HDR0_0_Mothbot_yolo11m_4500_imgsz1600_b1_2024-01-18.pt.jpg,ORDER_Diptera,2025-01-28,23:42:06,,2025_01_28__23_42_06,MachineObservation,Cerro_Hoya_Expedition_Hoya_1416m_fondoGorila_2025-01-27_2025-01-28,Cerro_Hoya_Expedition_Hoya_1416m_fondoGorila_2025-01-27,fondoGorila_2025_01_28__23_42_06_HDR0.jpg,fondoGorila_2025_01_28__23_42_06_HDR0_0_Mothbot_yolo11m_4500_imgsz1600_b1_2024-01-18.pt.jpg
,,,,,,,,,,,,ERROR,Cerro_Hoya_Expedition_Hoya_1416m_fondoGorila_2025-01-27,fondoGorila_2025_01_28__23_42_06_HDR0_1_Mothbot_yolo11m_4500_imgsz1600_b1_2024-01-18.pt.jpg,HS,Mothbot_yolo11m_4500_imgsz1600_b1_2024-01-18.pt,0.5780941843986511,,fondoGorila,Cerro_Hoya_Expedition/Hoya_1416m_fondoGorila_2025-01-27/2025-01-28/patches/fondoGorila_2025_01_28__23_42_06_HDR0_1_Mothbot_yolo11m_4500_imgsz1600_b1_2024-01-18.pt.jpg,ORDER_Hymenoptera,2025-01-28,23:42:06,,2025_01_28__23_42_06,MachineObservation,Cerro_Hoya_Expedition_Hoya_1416m_fondoGorila_2025-01-27_2025-01-28,Cerro_Hoya_Expedition_Hoya_1416m_fondoGorila_2025-01-27,fondoGorila_2025_01_28__23_42_06_HDR0.jpg,fondoGorila_2025_01_28__23_42_06_HDR0_1_Mothbot_yolo11m_4500_imgsz1600_b1_2024-01-18.pt.jpg
,,,,,,,,,,,,ERROR,Cerro_Hoya_Expedition_Hoya_1416m_fondoGorila_2025-01-27,fondoGorila_2025_01_28__23_43_21_HDR0_0_Mothbot_yolo11m_4500_imgsz1600_b1_2024-01-18.pt.jpg,HS,Mothbot_yolo11m_4500_imgsz1600_b1_2024-01-18.pt,0.722424328327179,,fondoGorila,Cerro_Hoya_Expedition/Hoya_1416m_fondoGorila_2025-01-27/2025-01-28/patches/fondoGorila_2025_01_28__23_43_21_HDR0_0_Mothbot_yolo11m_4500_imgsz1600_b1_2024-01-18.pt.jpg,ORDER_Diptera,2025-01-28,23:43:21,,2025_01_28__23_43_21,MachineObservation,Cerro_Hoya_Expedition_Hoya_1416m_fondoGorila_2025-01-27_2025-01-28,Cerro_Hoya_Expedition_Hoya_1416m_fondoGorila_2025-01-27,fondoGorila_2025_01_28__23_43_21_HDR0.jpg,fondoGorila_2025_01_28__23_43_21_HDR0_0_Mothbot_yolo11m_4500_imgsz1600_b1_2024-01-18.pt.jpg
,,,,,,,,,,,,ERROR,Cerro_Hoya_Expedition_Hoya_1416m_fondoGorila_2025-01-27,fondoGorila_2025_01_28__23_43_21_HDR0_1_Mothbot_yolo11m_4500_imgsz1600_b1_2024-01-18.pt.jpg,HS,Mothbot_yolo11m_4500_imgsz1600_b1_2024-01-18.pt,0.5437237620353699,,fondoGorila,Cerro_Hoya_Expedition/Hoya_1416m_fondoGorila_2025-01-27/2025-01-28/patches/fondoGorila_2025_01_28__23_43_21_HDR0_1_Mothbot_yolo11m_4500_imgsz1600_b1_2024-01-18.pt.jpg,ORDER_Lepidoptera,2025-01-28,23:43:21,,2025_01_28__23_43_21,MachineObservation,Cerro_Hoya_Expedition_Hoya_1416m_fondoGorila_2025-01-27_2025-01-28,Cerro_Hoya_Expedition_Hoya_1416m_fondoGorila_2025-01-27,fondoGorila_2025_01_28__23_43_21_HDR0.jpg,fondoGorila_2025_01_28__23_43_21_HDR0_1_Mothbot_yolo11m_4500_imgsz1600_b1_2024-01-18.pt.jpg
,,,,,,,,,,,,ERROR,Cerro_Hoya_Expedition_Hoya_1416m_fondoGorila_2025-01-27,fondoGorila_2025_01_28__23_44_06_HDR0_0_Mothbot_yolo11m_4500_imgsz1600_b1_2024-01-18.pt.jpg,HS,Mothbot_yolo11m_4500_imgsz1600_b1_2024-01-18.pt,0.7103884220123291,,fondoGorila,Cerro_Hoya_Expedition/Hoya_1416m_fondoGorila_2025-01-27/2025-01-28/patches/fondoGorila_2025_01_28__23_44_06_HDR0_0_Mothbot_yolo11m_4500_imgsz1600_b1_2024-01-18.pt.jpg,ORDER_Lepidoptera,2025-01-28,23:44:06,,2025_01_28__23_44_06,MachineObservation,Cerro_Hoya_Expedition_Hoya_1416m_fondoGorila_2025-01-27_2025-01-28,Cerro_Hoya_Expedition_Hoya_1416m_fondoGorila_2025-01-27,fondoGorila_2025_01_28__23_44_06_HDR0.jpg,fondoGorila_2025_01_28__23_44_06_HDR0_0_Mothbot_yolo11m_4500_imgsz1600_b1_2024-01-18.pt.jpg
,,,,,,,,,,,,ERROR,Cerro_Hoya_Expedition_Hoya_1416m_fondoGorila_2025-01-27,fondoGorila_2025_01_28__23_44_06_HDR0_1_Mothbot_yolo11m_4500_imgsz1600_b1_2024-01-18.pt.jpg,HS,Mothbot_yolo11m_4500_imgsz1600_b1_2024-01-18.pt,0.5469020009040833,,fondoGorila,Cerro_Hoya_Expedition/Hoya_1416m_fondoGorila_2025-01-27/2025-01-28/patches/fondoGorila_2025_01_28__23_44_06_HDR0_1_Mothbot_yolo11m_4500_imgsz1600_b1_2024-01-18.pt.jpg,ORDER_Diptera,2025-01-28,23:44:06,,2025_01_28__23_44_06,MachineObservation,Cerro_Hoya_Expedition_Hoya_1416m_fondoGorila_2025-01-27_2025-01-28,Cerro_Hoya_Expedition_Hoya_1416m_fondoGorila_2025-01-27,fondoGorila_2025_01_28__23_44_06_HDR0.jpg,fondoGorila_2025_01_28__23_44_06_HDR0_1_Mothbot_yolo11m_4500_imgsz1600_b1_2024-01-18.pt.jpg
,,,,,,,,,,,,ERROR,Cerro_Hoya_Expedition_Hoya_1416m_fondoGorila_2025-01-27,fondoGorila_2025_01_28__23_45_06_HDR0_0_Mothbot_yolo11m_4500_imgsz1600_b1_2024-01-18.pt.jpg,HS,Mothbot_yolo11m_4500_imgsz1600_b1_2024-01-18.pt,0.7314326763153076,,fondoGorila,Cerro_Hoya_Expedition/Hoya_1416m_fondoGorila_2025-01-27/2025-01-28/patches/fondoGorila_2025_01_28__23_45_06_HDR0_0_Mothbot_yolo11m_4500_imgsz1600_b1_2024-01-18.pt.jpg,ORDER_Hymenoptera,2025-01-28,23:45:06,,2025_01_28__23_45_06,MachineObservation,Cerro_Hoya_Expedition_Hoya_1416m_fondoGorila_2025-01-27_2025-01-28,Cerro_Hoya_Expedition_Hoya_1416m_fondoGorila_2025-01-27,fondoGorila_2025_01_28__23_45_06_HDR0.jpg,fondoGorila_2025_01_28__23_45_06_HDR0_0_Mothbot_yolo11m_4500_imgsz1600_b1_2024-01-18.pt.jpg
,,,,,,,,,,,,ERROR,Cerro_Hoya_Expedition_Hoya_1416m_fondoGorila_2025-01-27,fondoGorila_2025_01_28__23_45_06_HDR0_1_Mothbot_yolo11m_4500_imgsz1600_b1_2024-01-18.pt.jpg,HS,Mothbot_yolo11m_4500_imgsz1600_b1_2024-01-18.pt,0.44206541776657104,,fondoGorila,Cerro_Hoya_Expedition/Hoya_1416m_fondoGorila_2025-01-27/2025-01-28/patches/fondoGorila_2025_01_28__23_45_06_HDR0_1_Mothbot_yolo11m_4500_imgsz1600_b1_2024-01-18.pt.jpg,ORDER_Lepidoptera,2025-01-28,23:45:06,,2025_01_28__23_45_06,MachineObservation,Cerro_Hoya_Expedition_Hoya_1416m_fondoGorila_2025-01-27_2025-01-28,Cerro_Hoya_Expedition_Hoya_1416m_fondoGorila_2025-01-27,fondoGorila_2025_01_28__23_45_06_HDR0.jpg,fondoGorila_2025_01_28__23_45_06_HDR0_1_Mothbot_yolo11m_4500_imgsz1600_b1_2024-01-18.pt.jpg
,,,,,,,,,,,,ERROR,Cerro_Hoya_Expedition_Hoya_1416m_fondoGorila_2025-01-27,fondoGorila_2025_01_28__23_46_06_HDR0_0_Mothbot_yolo11m_4500_imgsz1600_b1_2024-01-18.pt.jpg,HS,Mothbot_yolo11m_4500_imgsz1600_b1_2024-01-18.pt,0.7233985662460327,,fondoGorila,Cerro_Hoya_Expedition/Hoya_1416m_fondoGorila_2025-01-27/2025-01-28/patches/fondoGorila_2025_01_28__23_46_06_HDR0_0_Mothbot_yolo11m_4500_imgsz1600_b1_2024-01-18.pt.jpg,ORDER_Diptera,2025-01-28,23:46:06,,2025_01_28__23_46_06,MachineObservation,Cerro_Hoya_Expedition_Hoya_1416m_fondoGorila_2025-01-27_2025-01-28,Cerro_Hoya_Expedition_Hoya_1416m_fondoGorila_2025-01-27,fondoGorila_2025_01_28__23_46_06_HDR0.jpg,fondoGorila_2025_01_28__23_46_06_HDR0_0_Mothbot_yolo11m_4500_imgsz1600_b1_2024-01-18.pt.jpg
,,,,,,,,,,,,ERROR,Cerro_Hoya_Expedition_Hoya_1416m_fondoGorila_2025-01-27,fondoGorila_2025_01_28__23_46_06_HDR0_1_Mothbot_yolo11m_4500_imgsz1600_b1_2024-01-18.pt.jpg,HS,Mothbot_yolo11m_4500_imgsz1600_b1_2024-01-18.pt,0.5248461365699768,,fondoGorila,Cerro_Hoya_Expedition/Hoya_1416m_fondoGorila_2025-01-27/2025-01-28/patches/fondoGorila_2025_01_28__23_46_06_HDR0_1_Mothbot_yolo11m_4500_imgsz1600_b1_2024-01-18.pt.jpg,ORDER_Hymenoptera,2025-01-28,23:46:06,,2025_01_28__23_46_06,MachineObservation,Cerro_Hoya_Expedition_Hoya_1416m_fondoGorila_2025-01-27_2025-01-28,Cerro_Hoya_Expedition_Hoya_1416m_fondoGorila_2025-01-27,fondoGorila_2025_01_28__23_46_06_HDR0.jpg,fondoGorila_2025_01_28__23_46_06_HDR0_1_Mothbot_yolo11m_4500_imgsz1600_b1_2024-01-18.pt.jpg
,,,,,,,,,,,,ERROR,Cerro_Hoya_Expedition_Hoya_1416m_fondoGorila_2025-01-27,fondoGorila_2025_01_28__23_47_06_HDR0_0_Mothbot_yolo11m_4500_imgsz1600_b1_2024-01-18.pt.jpg,HS,Mothbot_yolo11m_4500_imgsz1600_b1_2024-01-18.pt,0.7118061184883118,,fondoGorila,Cerro_Hoya_Expedition/Hoya_1416m_fondoGorila_2025-01-27/2025-01-28/patches/fondoGorila_2025_01_28__23_47_06_HDR0_0_Mothbot_yolo11m_4500_imgsz1600_b1_2024-01-18.pt.jpg,ORDER_Diptera,2025-01-28,23:47:06,,2025_01_28__23_47_06,MachineObservation,Cerro_Hoya_Expedition_Hoya_1416m_fondoGorila_2025-01-27_2025-01-28,Cerro_Hoya_Expedition_Hoya_1416m_fondoGorila_2025-01-27,fondoGorila_2025_01_28__23_47_06_HDR0.jpg,fondoGorila_2025_01_28__23_47_06_HDR0_0_Mothbot_yolo11m_4500_imgsz1600_b1_2024-01-18.pt.jpg
,,,,,,,,,,,,ERROR,Cerro_Hoya_Expedition_Hoya_1416m_fondoGorila_2025-01-27,fondoGorila_2025_01_28__23_47_06_HDR0_1_Mothbot_yolo11m_4500_imgsz1600_b1_2024-01-18.pt.jpg,HS,Mothbot_yolo11m_4500_imgsz1600_b1_2024-01-18.pt,0.522209644317627,,fondoGorila,Cerro_Hoya_Expedition/Hoya_1416m_fondoGorila_2025-01-27/2025-01-28/patches/fondoGorila_2025_01_28__23_47_06_HDR0_1_Mothbot_yolo11m_4500_imgsz1600_b1_2024-01-18.pt.jpg,ORDER_Diptera,2025-01-28,23:47:06,,2025_01_28__23_47_06,MachineObservation,Cerro_Hoya_Expedition_Hoya_1416m_fondoGorila_2025-01-27_2025-01-28,Cerro_Hoya_Expedition_Hoya_1416m_fondoGorila_2025-01-27,fondoGorila_2025_01_28__23_47_06_HDR0.jpg,fondoGorila_2025_01_28__23_47_06_HDR0_1_Mothbot_yolo11m_4500_imgsz1600_b1_2024-01-18.pt.jpg
,,,,,,,,,,,,ERROR,Cerro_Hoya_Expedition_Hoya_1416m_fondoGorila_2025-01-27,fondoGorila_2025_01_28__23_48_05_HDR0_0_Mothbot_yolo11m_4500_imgsz1600_b1_2024-01-18.pt.jpg,HS,Mothbot_yolo11m_4500_imgsz1600_b1_2024-01-18.pt,0.7669535875320435,,fondoGorila,Cerro_Hoya_Expedition/Hoya_1416m_fondoGorila_2025-01-27/2025-01-28/patches/fondoGorila_2025_01_28__23_48_05_HDR0_0_Mothbot_yolo11m_4500_imgsz1600_b1_2024-01-18.pt.jpg,ORDER_Diptera,2025-01-28,23:48:05,,2025_01_28__23_48_05,MachineObservation,Cerro_Hoya_Expedition_Hoya_1416m_fondoGorila_2025-01-27_2025-01-28,Cerro_Hoya_Expedition_Hoya_1416m_fondoGorila_2025-01-27,fondoGorila_2025_01_28__23_48_05_HDR0.jpg,fondoGorila_2025_01_28__23_48_05_HDR0_0_Mothbot_yolo11m_4500_imgsz1600_b1_2024-01-18.pt.jpg
,,,,,,,,,,,,ERROR,Cerro_Hoya_Expedition_Hoya_1416m_fondoGorila_2025-01-27,fondoGorila_2025_01_28__23_48_05_HDR0_1_Mothbot_yolo11m_4500_imgsz1600_b1_2024-01-18.pt.jpg,HS,Mothbot_yolo11m_4500_imgsz1600_b1_2024-01-18.pt,0.6337794065475464,,fondoGorila,Cerro_Hoya_Expedition/Hoya_1416m_fondoGorila_2025-01-27/2025-01-28/patches/fondoGorila_2025_01_28__23_48_05_HDR0_1_Mothbot_yolo11m_4500_imgsz1600_b1_2024-01-18.pt.jpg,ORDER_Coleoptera,2025-01-28,23:48:05,,2025_01_28__23_48_05,MachineObservation,Cerro_Hoya_Expedition_Hoya_1416m_fondoGorila_2025-01-27_2025-01-28,Cerro_Hoya_Expedition_Hoya_1416m_fondoGorila_2025-01-27,fondoGorila_2025_01_28__23_48_05_HDR0.jpg,fondoGorila_2025_01_28__23_48_05_HDR0_1_Mothbot_yolo11m_4500_imgsz1600_b1_2024-01-18.pt.jpg
,,,,,,,,,,,,ERROR,Cerro_Hoya_Expedition_Hoya_1416m_fondoGorila_2025-01-27,fondoGorila_2025_01_28__23_49_06_HDR0_0_Mothbot_yolo11m_4500_imgsz1600_b1_2024-01-18.pt.jpg,HS,Mothbot_yolo11m_4500_imgsz1600_b1_2024-01-18.pt,0.7633983492851257,,fondoGorila,Cerro_Hoya_Expedition/Hoya_1416m_fondoGorila_2025-01-27/2025-01-28/patches/fondoGorila_2025_01_28__23_49_06_HDR0_0_Mothbot_yolo11m_4500_imgsz1600_b1_2024-01-18.pt.jpg,ORDER_Lepidoptera,2025-01-28,23:49:06,,2025_01_28__23_49_06,MachineObservation,Cerro_Hoya_Expedition_Hoya_1416m_fondoGorila_2025-01-27_2025-01-28,Cerro_Hoya_Expedition_Hoya_1416m_fondoGorila_2025-01-27,fondoGorila_2025_01_28__23_49_06_HDR0.jpg,fondoGorila_2025_01_28__23_49_06_HDR0_0_Mothbot_yolo11m_4500_imgsz1600_b1_2024-01-18.pt.jpg
,,,,,,,,,,,,ERROR,Cerro_Hoya_Expedition_Hoya_1416m_fondoGorila_2025-01-27,fondoGorila_2025_01_28__23_49_06_HDR0_1_Mothbot_yolo11m_4500_imgsz1600_b1_2024-01-18.pt.jpg,HS,Mothbot_yolo11m_4500_imgsz1600_b1_2024-01-18.pt,0.4975968897342682,,fondoGorila,Cerro_Hoya_Expedition/Hoya_1416m_fondoGorila_2025-01-27/2025-01-28/patches/fondoGorila_2025_01_28__23_49_06_HDR0_1_Mothbot_yolo11m_4500_imgsz1600_b1_2024-01-18.pt.jpg,ORDER_Hymenoptera,2025-01-28,23:49:06,,2025_01_28__23_49_06,MachineObservation,Cerro_Hoya_Expedition_Hoya_1416m_fondoGorila_2025-01-27_2025-01-28,Cerro_Hoya_Expedition_Hoya_1416m_fondoGorila_2025-01-27,fondoGorila_2025_01_28__23_49_06_HDR0.jpg,fondoGorila_2025_01_28__23_49_06_HDR0_1_Mothbot_yolo11m_4500_imgsz1600_b1_2024-01-18.pt.jpg
,,,,,,,,,,,,ERROR,Cerro_Hoya_Expedition_Hoya_1416m_fondoGorila_2025-01-27,fondoGorila_2025_01_28__23_50_22_HDR0_0_Mothbot_yolo11m_4500_imgsz1600_b1_2024-01-18.pt.jpg,HS,Mothbot_yolo11m_4500_imgsz1600_b1_2024-01-18.pt,0.7819875478744507,,fondoGorila,Cerro_Hoya_Expedition/Hoya_1416m_fondoGorila_2025-01-27/2025-01-28/patches/fondoGorila_2025_01_28__23_50_22_HDR0_0_Mothbot_yolo11m_4500_imgsz1600_b1_2024-01-18.pt.jpg,ORDER_Diptera,2025-01-28,23:50:22,,2025_01_28__23_50_22,MachineObservation,Cerro_Hoya_Expedition_Hoya_1416m_fondoGorila_2025-01-27_2025-01-28,Cerro_Hoya_Expedition_Hoya_1416m_fondoGorila_2025-01-27,fondoGorila_2025_01_28__23_50_22_HDR0.jpg,fondoGorila_2025_01_28__23_50_22_HDR0_0_Mothbot_yolo11m_4500_imgsz1600_b1_2024-01-18.pt.jpg
,,,,,,,,,,,,ERROR,Cerro_Hoya_Expedition_Hoya_1416m_fondoGorila_2025-01-27,fondoGorila_2025_01_28__23_50_22_HDR0_1_Mothbot_yolo11m_4500_imgsz1600_b1_2024-01-18.pt.jpg,HS,Mothbot_yolo11m_4500_imgsz1600_b1_2024-01-18.pt,0.5697911381721497,,fondoGorila,Cerro_Hoya_Expedition/Hoya_1416m_fondoGorila_2025-01-27/2025-01-28/patches/fondoGorila_2025_01_28__23_50_22_HDR0_1_Mothbot_yolo11m_4500_imgsz1600_b1_2024-01-18.pt.jpg,ORDER_Hymenoptera,2025-01-28,23:50:22,,2025_01_28__23_50_22,MachineObservation,Cerro_Hoya_Expedition_Hoya_1416m_fondoGorila_2025-01-27_2025-01-28,Cerro_Hoya_Expedition_Hoya_1416m_fondoGorila_2025-01-27,fondoGorila_2025_01_28__23_50_22_HDR0.jpg,fondoGorila_2025_01_28__23_50_22_HDR0_1_Mothbot_yolo11m_4500_imgsz1600_b1_2024-01-18.pt.jpg
,,,,,,,,,,,,ERROR,Cerro_Hoya_Expedition_Hoya_1416m_fondoGorila_2025-01-27,fondoGorila_2025_01_28__23_51_06_HDR0_0_Mothbot_yolo11m_4500_imgsz1600_b1_2024-01-18.pt.jpg,HS,Mothbot_yolo11m_4500_imgsz1600_b1_2024-01-18.pt,0.7610400319099426,,fondoGorila,Cerro_Hoya_Expedition/Hoya_1416m_fondoGorila_2025-01-27/2025-01-28/patches/fondoGorila_2025_01_28__23_51_06_HDR0_0_Mothbot_yolo11m_4500_imgsz1600_b1_2024-01-18.pt.jpg,ORDER_Diptera,2025-01-28,23:51:06,,2025_01_28__23_51_06,MachineObservation,Cerro_Hoya_Expedition_Hoya_1416m_fondoGorila_2025-01-27_2025-01-28,Cerro_Hoya_Expedition_Hoya_1416m_fondoGorila_2025-01-27,fondoGorila_2025_01_28__23_51_06_HDR0.jpg,fondoGorila_2025_01_28__23_51_06_HDR0_0_Mothbot_yolo11m_4500_imgsz1600_b1_2024-01-18.pt.jpg
,,,,,,,,,,,,ERROR,Cerro_Hoya_Expedition_Hoya_1416m_fondoGorila_2025-01-27,fondoGorila_2025_01_28__23_51_06_HDR0_1_Mothbot_yolo11m_4500_imgsz1600_b1_2024-01-18.pt.jpg,HS,Mothbot_yolo11m_4500_imgsz1600_b1_2024-01-18.pt,0.5504109263420105,,fondoGorila,Cerro_Hoya_Expedition/Hoya_1416m_fondoGorila_2025-01-27/2025-01-28/patches/fondoGorila_2025_01_28__23_51_06_HDR0_1_Mothbot_yolo11m_4500_imgsz1600_b1_2024-01-18.pt.jpg,ORDER_Coleoptera,2025-01-28,23:51:06,,2025_01_28__23_51_06,MachineObservation,Cerro_Hoya_Expedition_Hoya_1416m_fondoGorila_2025-01-27_2025-01-28,Cerro_Hoya_Expedition_Hoya_1416m_fondoGorila_2025-01-27,fondoGorila_2025_01_28__23_51_06_HDR0.jpg,fondoGorila_2025_01_28__23_51_06_HDR0_1_Mothbot_yolo11m_4500_imgsz1600_b1_2024-01-18.pt.jpg
,,,,,,,,,,,,ERROR,Cerro_Hoya_Expedition_Hoya_1416m_fondoGorila_2025-01-27,fondoGorila_2025_01_28__23_52_06_HDR0_0_Mothbot_yolo11m_4500_imgsz1600_b1_2024-01-18.pt.jpg,HS,Mothbot_yolo11m_4500_imgsz1600_b1_2024-01-18.pt,0.730153501033783,,fondoGorila,Cerro_Hoya_Expedition/Hoya_1416m_fondoGorila_2025-01-27/2025-01-28/patches/fondoGorila_2025_01_28__23_52_06_HDR0_0_Mothbot_yolo11m_4500_imgsz1600_b1_2024-01-18.pt.jpg,ORDER_Diptera,2025-01-28,23:52:06,,2025_01_28__23_52_06,MachineObservation,Cerro_Hoya_Expedition_Hoya_1416m_fondoGorila_2025-01-27_2025-01-28,Cerro_Hoya_Expedition_Hoya_1416m_fondoGorila_2025-01-27,fondoGorila_2025_01_28__23_52_06_HDR0.jpg,fondoGorila_2025_01_28__23_52_06_HDR0_0_Mothbot_yolo11m_4500_imgsz1600_b1_2024-01-18.pt.jpg
,,,,,,,,,,,,ERROR,Cerro_Hoya_Expedition_Hoya_1416m_fondoGorila_2025-01-27,fondoGorila_2025_01_28__23_52_06_HDR0_1_Mothbot_yolo11m_4500_imgsz1600_b1_2024-01-18.pt.jpg,HS,Mothbot_yolo11m_4500_imgsz1600_b1_2024-01-18.pt,0.41342025995254517,,fondoGorila,Cerro_Hoya_Expedition/Hoya_1416m_fondoGorila_2025-01-27/2025-01-28/patches/fondoGorila_2025_01_28__23_52_06_HDR0_1_Mothbot_yolo11m_4500_imgsz1600_b1_2024-01-18.pt.jpg,ORDER_Diptera,2025-01-28,23:52:06,,2025_01_28__23_52_06,MachineObservation,Cerro_Hoya_Expedition_Hoya_1416m_fondoGorila_2025-01-27_2025-01-28,Cerro_Hoya_Expedition_Hoya_1416m_fondoGorila_2025-01-27,fondoGorila_2025_01_28__23_52_06_HDR0.jpg,fondoGorila_2025_01_28__23_52_06_HDR0_1_Mothbot_yolo11m_4500_imgsz1600_b1_2024-01-18.pt.jpg
,,,,,,,,,,,,ERROR,Cerro_Hoya_Expedition_Hoya_1416m_fondoGorila_2025-01-27,fondoGorila_2025_01_28__23_53_05_HDR0_0_Mothbot_yolo11m_4500_imgsz1600_b1_2024-01-18.pt.jpg,HS,Mothbot_yolo11m_4500_imgsz1600_b1_2024-01-18.pt,0.760027289390564,,fondoGorila,Cerro_Hoya_Expedition/Hoya_1416m_fondoGorila_2025-01-27/2025-01-28/patches/fondoGorila_2025_01_28__23_53_05_HDR0_0_Mothbot_yolo11m_4500_imgsz1600_b1_2024-01-18.pt.jpg,ORDER_Diptera,2025-01-28,23:53:05,,2025_01_28__23_53_05,MachineObservation,Cerro_Hoya_Expedition_Hoya_1416m_fondoGorila_2025-01-27_2025-01-28,Cerro_Hoya_Expedition_Hoya_1416m_fondoGorila_2025-01-27,fondoGorila_2025_01_28__23_53_05_HDR0.jpg,fondoGorila_2025_01_28__23_53_05_HDR0_0_Mothbot_yolo11m_4500_imgsz1600_b1_2024-01-18.pt.jpg
,,,,,,,,,,,,ERROR,Cerro_Hoya_Expedition_Hoya_1416m_fondoGorila_2025-01-27,fondoGorila_2025_01_28__23_53_05_HDR0_1_Mothbot_yolo11m_4500_imgsz1600_b1_2024-01-18.pt.jpg,HS,Mothbot_yolo11m_4500_imgsz1600_b1_2024-01-18.pt,0.5556918978691101,,fondoGorila,Cerro_Hoya_Expedition/Hoya_1416m_fondoGorila_2025-01-27/2025-01-28/patches/fondoGorila_2025_01_28__23_53_05_HDR0_1_Mothbot_yolo11m_4500_imgsz1600_b1_2024-01-18.pt.jpg,ORDER_Hymenoptera,2025-01-28,23:53:05,,2025_01_28__23_53_05,MachineObservation,Cerro_Hoya_Expedition_Hoya_1416m_fondoGorila_2025-01-27_2025-01-28,Cerro_Hoya_Expedition_Hoya_1416m_fondoGorila_2025-01-27,fondoGorila_2025_01_28__23_53_05_HDR0.jpg,fondoGorila_2025_01_28__23_53_05_HDR0_1_Mothbot_yolo11m_4500_imgsz1600_b1_2024-01-18.pt.jpg
,,,,,,,,,,,,ERROR,Cerro_Hoya_Expedition_Hoya_1416m_fondoGorila_2025-01-27,fondoGorila_2025_01_28__23_54_06_HDR0_0_Mothbot_yolo11m_4500_imgsz1600_b1_2024-01-18.pt.jpg,HS,Mothbot_yolo11m_4500_imgsz1600_b1_2024-01-18.pt,0.789238452911377,,fondoGorila,Cerro_Hoya_Expedition/Hoya_1416m_fondoGorila_2025-01-27/2025-01-28/patches/fondoGorila_2025_01_28__23_54_06_HDR0_0_Mothbot_yolo11m_4500_imgsz1600_b1_2024-01-18.pt.jpg,ORDER_Diptera,2025-01-28,23:54:06,,2025_01_28__23_54_06,MachineObservation,Cerro_Hoya_Expedition_Hoya_1416m_fondoGorila_2025-01-27_2025-01-28,Cerro_Hoya_Expedition_Hoya_1416m_fondoGorila_2025-01-27,fondoGorila_2025_01_28__23_54_06_HDR0.jpg,fondoGorila_2025_01_28__23_54_06_HDR0_0_Mothbot_yolo11m_4500_imgsz1600_b1_2024-01-18.pt.jpg
,,,,,,,,,,,,ERROR,Cerro_Hoya_Expedition_Hoya_1416m_fondoGorila_2025-01-27,fondoGorila_2025_01_28__23_54_06_HDR0_1_Mothbot_yolo11m_4500_imgsz1600_b1_2024-01-18.pt.jpg,HS,Mothbot_yolo11m_4500_imgsz1600_b1_2024-01-18.pt,0.5418274402618408,,fondoGorila,Cerro_Hoya_Expedition/Hoya_1416m_fondoGorila_2025-01-27/2025-01-28/patches/fondoGorila_2025_01_28__23_54_06_HDR0_1_Mothbot_yolo11m_4500_imgsz1600_b1_2024-01-18.pt.jpg,ORDER_Trichoptera,2025-01-28,23:54:06,,2025_01_28__23_54_06,MachineObservation,Cerro_Hoya_Expedition_Hoya_1416m_fondoGorila_2025-01-27_2025-01-28,Cerro_Hoya_Expedition_Hoya_1416m_fondoGorila_2025-01-27,fondoGorila_2025_01_28__23_54_06_HDR0.jpg,fondoGorila_2025_01_28__23_54_06_HDR0_1_Mothbot_yolo11m_4500_imgsz1600_b1_2024-01-18.pt.jpg
,,,,,,,,,,,,ERROR,Cerro_Hoya_Expedition_Hoya_1416m_fondoGorila_2025-01-27,fondoGorila_2025_01_28__23_55_06_HDR0_0_Mothbot_yolo11m_4500_imgsz1600_b1_2024-01-18.pt.jpg,HS,Mothbot_yolo11m_4500_imgsz1600_b1_2024-01-18.pt,0.7884290814399719,,fondoGorila,Cerro_Hoya_Expedition/Hoya_1416m_fondoGorila_2025-01-27/2025-01-28/patches/fondoGorila_2025_01_28__23_55_06_HDR0_0_Mothbot_yolo11m_4500_imgsz1600_b1_2024-01-18.pt.jpg,ORDER_Diptera,2025-01-28,23:55:06,,2025_01_28__23_55_06,MachineObservation,Cerro_Hoya_Expedition_Hoya_1416m_fondoGorila_2025-01-27_2025-01-28,Cerro_Hoya_Expedition_Hoya_1416m_fondoGorila_2025-01-27,fondoGorila_2025_01_28__23_55_06_HDR0.jpg,fondoGorila_2025_01_28__23_55_06_HDR0_0_Mothbot_yolo11m_4500_imgsz1600_b1_2024-01-18.pt.jpg
,,,,,,,,,,,,ERROR,Cerro_Hoya_Expedition_Hoya_1416m_fondoGorila_2025-01-27,fondoGorila_2025_01_28__23_55_06_HDR0_1_Mothbot_yolo11m_4500_imgsz1600_b1_2024-01-18.pt.jpg,HS,Mothbot_yolo11m_4500_imgsz1600_b1_2024-01-18.pt,0.5844587683677673,,fondoGorila,Cerro_Hoya_Expedition/Hoya_1416m_fondoGorila_2025-01-27/2025-01-28/patches/fondoGorila_2025_01_28__23_55_06_HDR0_1_Mothbot_yolo11m_4500_imgsz1600_b1_2024-01-18.pt.jpg,ORDER_Coleoptera,2025-01-28,23:55:06,,2025_01_28__23_55_06,MachineObservation,Cerro_Hoya_Expedition_Hoya_1416m_fondoGorila_2025-01-27_2025-01-28,Cerro_Hoya_Expedition_Hoya_1416m_fondoGorila_2025-01-27,fondoGorila_2025_01_28__23_55_06_HDR0.jpg,fondoGorila_2025_01_28__23_55_06_HDR0_1_Mothbot_yolo11m_4500_imgsz1600_b1_2024-01-18.pt.jpg
,,,,,,,,,,,,ERROR,Cerro_Hoya_Expedition_Hoya_1416m_fondoGorila_2025-01-27,fondoGorila_2025_01_28__23_56_06_HDR0_0_Mothbot_yolo11m_4500_imgsz1600_b1_2024-01-18.pt.jpg,HS,Mothbot_yolo11m_4500_imgsz1600_b1_2024-01-18.pt,0.757710874080658,,fondoGorila,Cerro_Hoya_Expedition/Hoya_1416m_fondoGorila_2025-01-27/2025-01-28/patches/fondoGorila_2025_01_28__23_56_06_HDR0_0_Mothbot_yolo11m_4500_imgsz1600_b1_2024-01-18.pt.jpg,ORDER_Diptera,2025-01-28,23:56:06,,2025_01_28__23_56_06,MachineObservation,Cerro_Hoya_Expedition_Hoya_1416m_fondoGorila_2025-01-27_2025-01-28,Cerro_Hoya_Expedition_Hoya_1416m_fondoGorila_2025-01-27,fondoGorila_2025_01_28__23_56_06_HDR0.jpg,fondoGorila_2025_01_28__23_56_06_HDR0_0_Mothbot_yolo11m_4500_imgsz1600_b1_2024-01-18.pt.jpg
,,,,,,,,,,,,ERROR,Cerro_Hoya_Expedition_Hoya_1416m_fondoGorila_2025-01-27,fondoGorila_2025_01_28__23_56_06_HDR0_1_Mothbot_yolo11m_4500_imgsz1600_b1_2024-01-18.pt.jpg,HS,Mothbot_yolo11m_4500_imgsz1600_b1_2024-01-18.pt,0.5823184251785278,,fondoGorila,Cerro_Hoya_Expedition/Hoya_1416m_fondoGorila_2025-01-27/2025-01-28/patches/fondoGorila_2025_01_28__23_56_06_HDR0_1_Mothbot_yolo11m_4500_imgsz1600_b1_2024-01-18.pt.jpg,ORDER_Coleoptera,2025-01-28,23:56:06,,2025_01_28__23_56_06,MachineObservation,Cerro_Hoya_Expedition_Hoya_1416m_fondoGorila_2025-01-27_2025-01-28,Cerro_Hoya_Expedition_Hoya_1416m_fondoGorila_2025-01-27,fondoGorila_2025_01_28__23_56_06_HDR0.jpg,fondoGorila_2025_01_28__23_56_06_HDR0_1_Mothbot_yolo11m_4500_imgsz1600_b1_2024-01-18.pt.jpg
,,,,,,,,,,,,ERROR,Cerro_Hoya_Expedition_Hoya_1416m_fondoGorila_2025-01-27,fondoGorila_2025_01_28__23_57_21_HDR0_0_Mothbot_yolo11m_4500_imgsz1600_b1_2024-01-18.pt.jpg,HS,Mothbot_yolo11m_4500_imgsz1600_b1_2024-01-18.pt,0.7941334843635559,,fondoGorila,Cerro_Hoya_Expedition/Hoya_1416m_fondoGorila_2025-01-27/2025-01-28/patches/fondoGorila_2025_01_28__23_57_21_HDR0_0_Mothbot_yolo11m_4500_imgsz1600_b1_2024-01-18.pt.jpg,ORDER_Diptera,2025-01-28,23:57:21,,2025_01_28__23_57_21,MachineObservation,Cerro_Hoya_Expedition_Hoya_1416m_fondoGorila_2025-01-27_2025-01-28,Cerro_Hoya_Expedition_Hoya_1416m_fondoGorila_2025-01-27,fondoGorila_2025_01_28__23_57_21_HDR0.jpg,fondoGorila_2025_01_28__23_57_21_HDR0_0_Mothbot_yolo11m_4500_imgsz1600_b1_2024-01-18.pt.jpg
,,,,,,,,,,,,ERROR,Cerro_Hoya_Expedition_Hoya_1416m_fondoGorila_2025-01-27,fondoGorila_2025_01_28__23_57_21_HDR0_1_Mothbot_yolo11m_4500_imgsz1600_b1_2024-01-18.pt.jpg,HS,Mothbot_yolo11m_4500_imgsz1600_b1_2024-01-18.pt,0.5151907205581665,,fondoGorila,Cerro_Hoya_Expedition/Hoya_1416m_fondoGorila_2025-01-27/2025-01-28/patches/fondoGorila_2025_01_28__23_57_21_HDR0_1_Mothbot_yolo11m_4500_imgsz1600_b1_2024-01-18.pt.jpg,ORDER_Psocodea,2025-01-28,23:57:21,,2025_01_28__23_57_21,MachineObservation,Cerro_Hoya_Expedition_Hoya_1416m_fondoGorila_2025-01-27_2025-01-28,Cerro_Hoya_Expedition_Hoya_1416m_fondoGorila_2025-01-27,fondoGorila_2025_01_28__23_57_21_HDR0.jpg,fondoGorila_2025_01_28__23_57_21_HDR0_1_Mothbot_yolo11m_4500_imgsz1600_b1_2024-01-18.pt.jpg
,,,,,,,,,,,,ERROR,Cerro_Hoya_Expedition_Hoya_1416m_fondoGorila_2025-01-27,fondoGorila_2025_01_28__23_58_06_HDR0_0_Mothbot_yolo11m_4500_imgsz1600_b1_2024-01-18.pt.jpg,HS,Mothbot_yolo11m_4500_imgsz1600_b1_2024-01-18.pt,0.7907724976539612,,fondoGorila,Cerro_Hoya_Expedition/Hoya_1416m_fondoGorila_2025-01-27/2025-01-28/patches/fondoGorila_2025_01_28__23_58_06_HDR0_0_Mothbot_yolo11m_4500_imgsz1600_b1_2024-01-18.pt.jpg,ORDER_Diptera,2025-01-28,23:58:06,,2025_01_28__23_58_06,MachineObservation,Cerro_Hoya_Expedition_Hoya_1416m_fondoGorila_2025-01-27_2025-01-28,Cerro_Hoya_Expedition_Hoya_1416m_fondoGorila_2025-01-27,fondoGorila_2025_01_28__23_58_06_HDR0.jpg,fondoGorila_2025_01_28__23_58_06_HDR0_0_Mothbot_yolo11m_4500_imgsz1600_b1_2024-01-18.pt.jpg
,,,,,,,,,,,,ERROR,Cerro_Hoya_Expedition_Hoya_1416m_fondoGorila_2025-01-27,fondoGorila_2025_01_28__23_58_06_HDR0_1_Mothbot_yolo11m_4500_imgsz1600_b1_2024-01-18.pt.jpg,HS,Mothbot_yolo11m_4500_imgsz1600_b1_2024-01-18.pt,0.43973276019096375,,fondoGorila,Cerro_Hoya_Expedition/Hoya_1416m_fondoGorila_2025-01-27/2025-01-28/patches/fondoGorila_2025_01_28__23_58_06_HDR0_1_Mothbot_yolo11m_4500_imgsz1600_b1_2024-01-18.pt.jpg,ORDER_Hymenoptera,2025-01-28,23:58:06,,2025_01_28__23_58_06,MachineObservation,Cerro_Hoya_Expedition_Hoya_1416m_fondoGorila_2025-01-27_2025-01-28,Cerro_Hoya_Expedition_Hoya_1416m_fondoGorila_2025-01-27,fondoGorila_2025_01_28__23_58_06_HDR0.jpg,fondoGorila_2025_01_28__23_58_06_HDR0_1_Mothbot_yolo11m_4500_imgsz1600_b1_2024-01-18.pt.jpg
,,,,,,,,,,,,ERROR,Cerro_Hoya_Expedition_Hoya_1416m_fondoGorila_2025-01-27,fondoGorila_2025_01_28__23_59_06_HDR0_0_Mothbot_yolo11m_4500_imgsz1600_b1_2024-01-18.pt.jpg,HS,Mothbot_yolo11m_4500_imgsz1600_b1_2024-01-18.pt,0.7815462350845337,,fondoGorila,Cerro_Hoya_Expedition/Hoya_1416m_fondoGorila_2025-01-27/2025-01-28/patches/fondoGorila_2025_01_28__23_59_06_HDR0_0_Mothbot_yolo11m_4500_imgsz1600_b1_2024-01-18.pt.jpg,ORDER_Lepidoptera,2025-01-28,23:59:06,,2025_01_28__23_59_06,MachineObservation,Cerro_Hoya_Expedition_Hoya_1416m_fondoGorila_2025-01-27_2025-01-28,Cerro_Hoya_Expedition_Hoya_1416m_fondoGorila_2025-01-27,fondoGorila_2025_01_28__23_59_06_HDR0.jpg,fondoGorila_2025_01_28__23_59_06_HDR0_0_Mothbot_yolo11m_4500_imgsz1600_b1_2024-01-18.pt.jpg
,,,,,,,,,,,,ERROR,Cerro_Hoya_Expedition_Hoya_1416m_fondoGorila_2025-01-27,fondoGorila_2025_01_28__23_59_06_HDR0_1_Mothbot_yolo11m_4500_imgsz1600_b1_2024-01-18.pt.jpg,HS,Mothbot_yolo11m_4500_imgsz1600_b1_2024-01-18.pt,0.3276320695877075,,fondoGorila,Cerro_Hoya_Expedition/Hoya_1416m_fondoGorila_2025-01-27/2025-01-28/patches/fondoGorila_2025_01_28__23_59_06_HDR0_1_Mothbot_yolo11m_4500_imgsz1600_b1_2024-01-18.pt.jpg,ORDER_Coleoptera,2025-01-28,23:59:06,,2025_01_28__23_59_06,MachineObservation,Cerro_Hoya_Expedition_Hoya_1416m_fondoGorila_2025-01-27_2025-01-28,Cerro_Hoya_Expedition_Hoya_1416m_fondoGorila_2025-01-27,fondoGorila_2025_01_28__23_59_06_HDR0.jpg,fondoGorila_2025_01_28__23_59_06_HDR0_1_Mothbot_yolo11m_4500_imgsz1600_b1_2024-01-18.pt.jpg
,,,,,,,,,,,,ERROR,Cerro_Hoya_Expedition_Hoya_1416m_fondoGorila_2025-01-27,fondoGorila_2025_01_29__02_01_25_HDR0_0_Mothbot_yolo11m_4500_imgsz1600_b1_2024-01-18.pt.jpg,HS,Mothbot_yolo11m_4500_imgsz1600_b1_2024-01-18.pt,0.7838271856307983,,fondoGorila,Cerro_Hoya_Expedition/Hoya_1416m_fondoGorila_2025-01-27/2025-01-28/patches/fondoGorila_2025_01_29__02_01_25_HDR0_0_Mothbot_yolo11m_4500_imgsz1600_b1_2024-01-18.pt.jpg,ORDER_Lepidoptera,2025-01-29,02:01:25,,2025_01_29__02_01_25,MachineObservation,Cerro_Hoya_Expedition_Hoya_1416m_fondoGorila_2025-01-27_2025-01-28,Cerro_Hoya_Expedition_Hoya_1416m_fondoGorila_2025-01-27,fondoGorila_2025_01_29__02_01_25_HDR0.jpg,fondoGorila_2025_01_29__02_01_25_HDR0_0_Mothbot_yolo11m_4500_imgsz1600_b1_2024-01-18.pt.jpg
,,,,,,,,,,,,ERROR,Cerro_Hoya_Expedition_Hoya_1416m_fondoGorila_2025-01-27,fondoGorila_2025_01_29__02_01_25_HDR0_1_Mothbot_yolo11m_4500_imgsz1600_b1_2024-01-18.pt.jpg,HS,Mothbot_yolo11m_4500_imgsz1600_b1_2024-01-18.pt,0.6029987931251526,,fondoGorila,Cerro_Hoya_Expedition/Hoya_1416m_fondoGorila_2025-01-27/2025-01-28/patches/fondoGorila_2025_01_29__02_01_25_HDR0_1_Mothbot_yolo11m_4500_imgsz1600_b1_2024-01-18.pt.jpg,ORDER_Diptera,2025-01-29,02:01:25,,2025_01_29__02_01_25,MachineObservation,Cerro_Hoya_Expedition_Hoya_1416m_fondoGorila_2025-01-27_2025-01-28,Cerro_Hoya_Expedition_Hoya_1416m_fondoGorila_2025-01-27,fondoGorila_2025_01_29__02_01_25_HDR0.jpg,fondoGorila_2025_01_29__02_01_25_HDR0_1_Mothbot_yolo11m_4500_imgsz1600_b1_2024-01-18.pt.jpg
,,,,,,,,,,,,ERROR,Cerro_Hoya_Expedition_Hoya_1416m_fondoGorila_2025-01-27,fondoGorila_2025_01_29__02_02_06_HDR0_0_Mothbot_yolo11m_4500_imgsz1600_b1_2024-01-18.pt.jpg,HS,Mothbot_yolo11m_4500_imgsz1600_b1_2024-01-18.pt,0.7954217195510864,,fondoGorila,Cerro_Hoya_Expedition/Hoya_1416m_fondoGorila_2025-01-27/2025-01-28/patches/fondoGorila_2025_01_29__02_02_06_HDR0_0_Mothbot_yolo11m_4500_imgsz1600_b1_2024-01-18.pt.jpg,ORDER_Diptera,2025-01-29,02:02:06,,2025_01_29__02_02_06,MachineObservation,Cerro_Hoya_Expedition_Hoya_1416m_fondoGorila_2025-01-27_2025-01-28,Cerro_Hoya_Expedition_Hoya_1416m_fondoGorila_2025-01-27,fondoGorila_2025_01_29__02_02_06_HDR0.jpg,fondoGorila_2025_01_29__02_02_06_HDR0_0_Mothbot_yolo11m_4500_imgsz1600_b1_2024-01-18.pt.jpg
,,,,,,,,,,,,ERROR,Cerro_Hoya_Expedition_Hoya_1416m_fondoGorila_2025-01-27,fondoGorila_2025_01_29__02_02_06_HDR0_1_Mothbot_yolo11m_4500_imgsz1600_b1_2024-01-18.pt.jpg,HS,Mothbot_yolo11m_4500_imgsz1600_b1_2024-01-18.pt,0.612700343132019,,fondoGorila,Cerro_Hoya_Expedition/Hoya_1416m_fondoGorila_2025-01-27/2025-01-28/patches/fondoGorila_2025_01_29__02_02_06_HDR0_1_Mothbot_yolo11m_4500_imgsz1600_b1_2024-01-18.pt.jpg,ORDER_Coleoptera,2025-01-29,02:02:06,,2025_01_29__02_02_06,MachineObservation,Cerro_Hoya_Expedition_Hoya_1416m_fondoGorila_2025-01-27_2025-01-28,Cerro_Hoya_Expedition_Hoya_1416m_fondoGorila_2025-01-27,fondoGorila_2025_01_29__02_02_06_HDR0.jpg,fondoGorila_2025_01_29__02_02_06_HDR0_1_Mothbot_yolo11m_4500_imgsz1600_b1_2024-01-18.pt.jpg
,,,,,,,,,,,,ERROR,Cerro_Hoya_Expedition_Hoya_1416m_fondoGorila_2025-01-27,fondoGorila_2025_01_29__02_03_06_HDR0_0_Mothbot_yolo11m_4500_imgsz1600_b1_2024-01-18.pt.jpg,HS,Mothbot_yolo11m_4500_imgsz1600_b1_2024-01-18.pt,0.7930912375450134,,fondoGorila,Cerro_Hoya_Expedition/Hoya_1416m_fondoGorila_2025-01-27/2025-01-28/patches/fondoGorila_2025_01_29__02_03_06_HDR0_0_Mothbot_yolo11m_4500_imgsz1600_b1_2024-01-18.pt.jpg,ORDER_Diptera,2025-01-29,02:03:06,,2025_01_29__02_03_06,MachineObservation,Cerro_Hoya_Expedition_Hoya_1416m_fondoGorila_2025-01-27_2025-01-28,Cerro_Hoya_Expedition_Hoya_1416m_fondoGorila_2025-01-27,fondoGorila_2025_01_29__02_03_06_HDR0.jpg,fondoGorila_2025_01_29__02_03_06_HDR0_0_Mothbot_yolo11m_4500_imgsz1600_b1_2024-01-18.pt.jpg
,,,,,,,,,,,,ERROR,Cerro_Hoya_Expedition_Hoya_1416m_fondoGorila_2025-01-27,fondoGorila_2025_01_29__02_03_06_HDR0_1_Mothbot_yolo11m_4500_imgsz1600_b1_2024-01-18.pt.jpg,HS,Mothbot_yolo11m_4500_imgsz1600_b1_2024-01-18.pt,0.5990138053894043,,fondoGorila,Cerro_Hoya_Expedition/Hoya_1416m_fondoGorila_2025-01-27/2025-01-28/patches/fondoGorila_2025_01_29__02_03_06_HDR0_1_Mothbot_yolo11m_4500_imgsz1600_b1_2024-01-18.pt.jpg,ORDER_Diptera,2025-01-29,02:03:06,,2025_01_29__02_03_06,MachineObservation,Cerro_Hoya_Expedition_Hoya_1416m_fondoGorila_2025-01-27_2025-01-28,Cerro_Hoya_Expedition_Hoya_1416m_fondoGorila_2025-01-27,fondoGorila_2025_01_29__02_03_06_HDR0.jpg,fondoGorila_2025_01_29__02_03_06_HDR0_1_Mothbot_yolo11m_4500_imgsz1600_b1_2024-01-18.pt.jpg
,,,,,,,,,,,,ERROR,Cerro_Hoya_Expedition_Hoya_1416m_fondoGorila_2025-01-27,fondoGorila_2025_01_29__02_04_06_HDR0_0_Mothbot_yolo11m_4500_imgsz1600_b1_2024-01-18.pt.jpg,HS,Mothbot_yolo11m_4500_imgsz1600_b1_2024-01-18.pt,0.7885801196098328,,fondoGorila,Cerro_Hoya_Expedition/Hoya_1416m_fondoGorila_2025-01-27/2025-01-28/patches/fondoGorila_2025_01_29__02_04_06_HDR0_0_Mothbot_yolo11m_4500_imgsz1600_b1_2024-01-18.pt.jpg,ORDER_Diptera,2025-01-29,02:04:06,,2025_01_29__02_04_06,MachineObservation,Cerro_Hoya_Expedition_Hoya_1416m_fondoGorila_2025-01-27_2025-01-28,Cerro_Hoya_Expedition_Hoya_1416m_fondoGorila_2025-01-27,fondoGorila_2025_01_29__02_04_06_HDR0.jpg,fondoGorila_2025_01_29__02_04_06_HDR0_0_Mothbot_yolo11m_4500_imgsz1600_b1_2024-01-18.pt.jpg
,,,,,,,,,,,,ERROR,Cerro_Hoya_Expedition_Hoya_1416m_fondoGorila_2025-01-27,fondoGorila_2025_01_29__02_04_06_HDR0_1_Mothbot_yolo11m_4500_imgsz1600_b1_2024-01-18.pt.jpg,HS,Mothbot_yolo11m_4500_imgsz1600_b1_2024-01-18.pt,0.6209629774093628,,fondoGorila,Cerro_Hoya_Expedition/Hoya_1416m_fondoGorila_2025-01-27/2025-01-28/patches/fondoGorila_2025_01_29__02_04_06_HDR0_1_Mothbot_yolo11m_4500_imgsz1600_b1_2024-01-18.pt.jpg,ORDER_Coleoptera,2025-01-29,02:04:06,,2025_01_29__02_04_06,MachineObservation,Cerro_Hoya_Expedition_Hoya_1416m_fondoGorila_2025-01-27_2025-01-28,Cerro_Hoya_Expedition_Hoya_1416m_fondoGorila_2025-01-27,fondoGorila_2025_01_29__02_04_06_HDR0.jpg,fondoGorila_2025_01_29__02_04_06_HDR0_1_Mothbot_yolo11m_4500_imgsz1600_b1_2024-01-18.pt.jpg
,,,,,,,,,,,,ERROR,Cerro_Hoya_Expedition_Hoya_1416m_fondoGorila_2025-01-27,fondoGorila_2025_01_29__02_05_06_HDR0_0_Mothbot_yolo11m_4500_imgsz1600_b1_2024-01-18.pt.jpg,HS,Mothbot_yolo11m_4500_imgsz1600_b1_2024-01-18.pt,0.7807679176330566,,fondoGorila,Cerro_Hoya_Expedition/Hoya_1416m_fondoGorila_2025-01-27/2025-01-28/patches/fondoGorila_2025_01_29__02_05_06_HDR0_0_Mothbot_yolo11m_4500_imgsz1600_b1_2024-01-18.pt.jpg,ORDER_Lepidoptera,2025-01-29,02:05:06,,2025_01_29__02_05_06,MachineObservation,Cerro_Hoya_Expedition_Hoya_1416m_fondoGorila_2025-01-27_2025-01-28,Cerro_Hoya_Expedition_Hoya_1416m_fondoGorila_2025-01-27,fondoGorila_2025_01_29__02_05_06_HDR0.jpg,fondoGorila_2025_01_29__02_05_06_HDR0_0_Mothbot_yolo11m_4500_imgsz1600_b1_2024-01-18.pt.jpg
,,,,,,,,,,,,ERROR,Cerro_Hoya_Expedition_Hoya_1416m_fondoGorila_2025-01-27,fondoGorila_2025_01_29__02_05_06_HDR0_1_Mothbot_yolo11m_4500_imgsz1600_b1_2024-01-18.pt.jpg,HS,Mothbot_yolo11m_4500_imgsz1600_b1_2024-01-18.pt,0.6257498860359192,,fondoGorila,Cerro_Hoya_Expedition/Hoya_1416m_fondoGorila_2025-01-27/2025-01-28/patches/fondoGorila_2025_01_29__02_05_06_HDR0_1_Mothbot_yolo11m_4500_imgsz1600_b1_2024-01-18.pt.jpg,ORDER_Coleoptera,2025-01-29,02:05:06,,2025_01_29__02_05_06,MachineObservation,Cerro_Hoya_Expedition_Hoya_1416m_fondoGorila_2025-01-27_2025-01-28,Cerro_Hoya_Expedition_Hoya_1416m_fondoGorila_2025-01-27,fondoGorila_2025_01_29__02_05_06_HDR0.jpg,fondoGorila_2025_01_29__02_05_06_HDR0_1_Mothbot_yolo11m_4500_imgsz1600_b1_2024-01-18.pt.jpg
,,,,,,,,,,,,ERROR,Cerro_Hoya_Expedition_Hoya_1416m_fondoGorila_2025-01-27,fondoGorila_2025_01_29__02_06_05_HDR0_0_Mothbot_yolo11m_4500_imgsz1600_b1_2024-01-18.pt.jpg,HS,Mothbot_yolo11m_4500_imgsz1600_b1_2024-01-18.pt,0.7896071672439575,,fondoGorila,Cerro_Hoya_Expedition/Hoya_1416m_fondoGorila_2025-01-27/2025-01-28/patches/fondoGorila_2025_01_29__02_06_05_HDR0_0_Mothbot_yolo11m_4500_imgsz1600_b1_2024-01-18.pt.jpg,ORDER_Diptera,2025-01-29,02:06:05,,2025_01_29__02_06_05,MachineObservation,Cerro_Hoya_Expedition_Hoya_1416m_fondoGorila_2025-01-27_2025-01-28,Cerro_Hoya_Expedition_Hoya_1416m_fondoGorila_2025-01-27,fondoGorila_2025_01_29__02_06_05_HDR0.jpg,fondoGorila_2025_01_29__02_06_05_HDR0_0_Mothbot_yolo11m_4500_imgsz1600_b1_2024-01-18.pt.jpg
,,,,,,,,,,,,ERROR,Cerro_Hoya_Expedition_Hoya_1416m_fondoGorila_2025-01-27,fondoGorila_2025_01_29__02_06_05_HDR0_1_Mothbot_yolo11m_4500_imgsz1600_b1_2024-01-18.pt.jpg,HS,Mothbot_yolo11m_4500_imgsz1600_b1_2024-01-18.pt,0.661875307559967,,fondoGorila,Cerro_Hoya_Expedition/Hoya_1416m_fondoGorila_2025-01-27/2025-01-28/patches/fondoGorila_2025_01_29__02_06_05_HDR0_1_Mothbot_yolo11m_4500_imgsz1600_b1_2024-01-18.pt.jpg,ORDER_Coleoptera,2025-01-29,02:06:05,,2025_01_29__02_06_05,MachineObservation,Cerro_Hoya_Expedition_Hoya_1416m_fondoGorila_2025-01-27_2025-01-28,Cerro_Hoya_Expedition_Hoya_1416m_fondoGorila_2025-01-27,fondoGorila_2025_01_29__02_06_05_HDR0.jpg,fondoGorila_2025_01_29__02_06_05_HDR0_1_Mothbot_yolo11m_4500_imgsz1600_b1_2024-01-18.pt.jpg
,,,,,,,,,,,,ERROR,Cerro_Hoya_Expedition_Hoya_1416m_fondoGorila_2025-01-27,fondoGorila_2025_01_29__02_07_05_HDR0_0_Mothbot_yolo11m_4500_imgsz1600_b1_2024-01-18.pt.jpg,HS,Mothbot_yolo11m_4500_imgsz1600_b1_2024-01-18.pt,0.7955988645553589,,fondoGorila,Cerro_Hoya_Expedition/Hoya_1416m_fondoGorila_2025-01-27/2025-01-28/patches/fondoGorila_2025_01_29__02_07_05_HDR0_0_Mothbot_yolo11m_4500_imgsz1600_b1_2024-01-18.pt.jpg,ORDER_Lepidoptera,2025-01-29,02:07:05,,2025_01_29__02_07_05,MachineObservation,Cerro_Hoya_Expedition_Hoya_1416m_fondoGorila_2025-01-27_2025-01-28,Cerro_Hoya_Expedition_Hoya_1416m_fondoGorila_2025-01-27,fondoGorila_2025_01_29__02_07_05_HDR0.jpg,fondoGorila_2025_01_29__02_07_05_HDR0_0_Mothbot_yolo11m_4500_imgsz1600_b1_2024-01-18.pt.jpg
,,,,,,,,,,,,ERROR,Cerro_Hoya_Expedition_Hoya_1416m_fondoGorila_2025-01-27,fondoGorila_2025_01_29__02_07_05_HDR0_1_Mothbot_yolo11m_4500_imgsz1600_b1_2024-01-18.pt.jpg,HS,Mothbot_yolo11m_4500_imgsz1600_b1_2024-01-18.pt,0.6851460337638855,,fondoGorila,Cerro_Hoya_Expedition/Hoya_1416m_fondoGorila_2025-01-27/2025-01-28/patches/fondoGorila_2025_01_29__02_07_05_HDR0_1_Mothbot_yolo11m_4500_imgsz1600_b1_2024-01-18.pt.jpg,ORDER_Diptera,2025-01-29,02:07:05,,2025_01_29__02_07_05,MachineObservation,Cerro_Hoya_Expedition_Hoya_1416m_fondoGorila_2025-01-27_2025-01-28,Cerro_Hoya_Expedition_Hoya_1416m_fondoGorila_2025-01-27,fondoGorila_2025_01_29__02_07_05_HDR0.jpg,fondoGorila_2025_01_29__02_07_05_HDR0_1_Mothbot_yolo11m_4500_imgsz1600_b1_2024-01-18.pt.jpg
,,,,,,,,,,,,ERROR,Cerro_Hoya_Expedition_Hoya_1416m_fondoGorila_2025-01-27,fondoGorila_2025_01_29__02_08_22_HDR0_0_Mothbot_yolo11m_4500_imgsz1600_b1_2024-01-18.pt.jpg,HS,Mothbot_yolo11m_4500_imgsz1600_b1_2024-01-18.pt,0.7944799661636353,,fondoGorila,Cerro_Hoya_Expedition/Hoya_1416m_fondoGorila_2025-01-27/2025-01-28/patches/fondoGorila_2025_01_29__02_08_22_HDR0_0_Mothbot_yolo11m_4500_imgsz1600_b1_2024-01-18.pt.jpg,ORDER_Hymenoptera,2025-01-29,02:08:22,,2025_01_29__02_08_22,MachineObservation,Cerro_Hoya_Expedition_Hoya_1416m_fondoGorila_2025-01-27_2025-01-28,Cerro_Hoya_Expedition_Hoya_1416m_fondoGorila_2025-01-27,fondoGorila_2025_01_29__02_08_22_HDR0.jpg,fondoGorila_2025_01_29__02_08_22_HDR0_0_Mothbot_yolo11m_4500_imgsz1600_b1_2024-01-18.pt.jpg
,,,,,,,,,,,,ERROR,Cerro_Hoya_Expedition_Hoya_1416m_fondoGorila_2025-01-27,fondoGorila_2025_01_29__02_08_22_HDR0_1_Mothbot_yolo11m_4500_imgsz1600_b1_2024-01-18.pt.jpg,HS,Mothbot_yolo11m_4500_imgsz1600_b1_2024-01-18.pt,0.6413639187812805,,fondoGorila,Cerro_Hoya_Expedition/Hoya_1416m_fondoGorila_2025-01-27/2025-01-28/patches/fondoGorila_2025_01_29__02_08_22_HDR0_1_Mothbot_yolo11m_4500_imgsz1600_b1_2024-01-18.pt.jpg,ORDER_Hymenoptera,2025-01-29,02:08:22,,2025_01_29__02_08_22,MachineObservation,Cerro_Hoya_Expedition_Hoya_1416m_fondoGorila_2025-01-27_2025-01-28,Cerro_Hoya_Expedition_Hoya_1416m_fondoGorila_2025-01-27,fondoGorila_2025_01_29__02_08_22_HDR0.jpg,fondoGorila_2025_01_29__02_08_22_HDR0_1_Mothbot_yolo11m_4500_imgsz1600_b1_2024-01-18.pt.jpg
,,,,,,,,,,,,ERROR,Cerro_Hoya_Expedition_Hoya_1416m_fondoGorila_2025-01-27,fondoGorila_2025_01_29__02_09_06_HDR0_0_Mothbot_yolo11m_4500_imgsz1600_b1_2024-01-18.pt.jpg,HS,Mothbot_yolo11m_4500_imgsz1600_b1_2024-01-18.pt,0.7855072617530823,,fondoGorila,Cerro_Hoya_Expedition/Hoya_1416m_fondoGorila_2025-01-27/2025-01-28/patches/fondoGorila_2025_01_29__02_09_06_HDR0_0_Mothbot_yolo11m_4500_imgsz1600_b1_2024-01-18.pt.jpg,ORDER_Diptera,2025-01-29,02:09:06,,2025_01_29__02_09_06,MachineObservation,Cerro_Hoya_Expedition_Hoya_1416m_fondoGorila_2025-01-27_2025-01-28,Cerro_Hoya_Expedition_Hoya_1416m_fondoGorila_2025-01-27,fondoGorila_2025_01_29__02_09_06_HDR0.jpg,fondoGorila_2025_01_29__02_09_06_HDR0_0_Mothbot_yolo11m_4500_imgsz1600_b1_2024-01-18.pt.jpg
,,,,,,,,,,,,ERROR,Cerro_Hoya_Expedition_Hoya_1416m_fondoGorila_2025-01-27,fondoGorila_2025_01_29__02_09_06_HDR0_1_Mothbot_yolo11m_4500_imgsz1600_b1_2024-01-18.pt.jpg,HS,Mothbot_yolo11m_4500_imgsz1600_b1_2024-01-18.pt,0.5998589992523193,,fondoGorila,Cerro_Hoya_Expedition/Hoya_1416m_fondoGorila_2025-01-27/2025-01-28/patches/fondoGorila_2025_01_29__02_09_06_HDR0_1_Mothbot_yolo11m_4500_imgsz1600_b1_2024-01-18.pt.jpg,ORDER_Hemiptera,2025-01-29,02:09:06,,2025_01_29__02_09_06,MachineObservation,Cerro_Hoya_Expedition_Hoya_1416m_fondoGorila_2025-01-27_2025-01-28,Cerro_Hoya_Expedition_Hoya_1416m_fondoGorila_2025-01-27,fondoGorila_2025_01_29__02_09_06_HDR0.jpg,fondoGorila_2025_01_29__02_09_06_HDR0_1_Mothbot_yolo11m_4500_imgsz1600_b1_2024-01-18.pt.jpg
,,,,,,,,,,,,ERROR,Cerro_Hoya_Expedition_Hoya_1416m_fondoGorila_2025-01-27,fondoGorila_2025_01_29__02_10_06_HDR0_0_Mothbot_yolo11m_4500_imgsz1600_b1_2024-01-18.pt.jpg,HS,Mothbot_yolo11m_4500_imgsz1600_b1_2024-01-18.pt,0.7972551584243774,,fondoGorila,Cerro_Hoya_Expedition/Hoya_1416m_fondoGorila_2025-01-27/2025-01-28/patches/fondoGorila_2025_01_29__02_10_06_HDR0_0_Mothbot_yolo11m_4500_imgsz1600_b1_2024-01-18.pt.jpg,ORDER_Lepidoptera,2025-01-29,02:10:06,,2025_01_29__02_10_06,MachineObservation,Cerro_Hoya_Expedition_Hoya_1416m_fondoGorila_2025-01-27_2025-01-28,Cerro_Hoya_Expedition_Hoya_1416m_fondoGorila_2025-01-27,fondoGorila_2025_01_29__02_10_06_HDR0.jpg,fondoGorila_2025_01_29__02_10_06_HDR0_0_Mothbot_yolo11m_4500_imgsz1600_b1_2024-01-18.pt.jpg
,,,,,,,,,,,,ERROR,Cerro_Hoya_Expedition_Hoya_1416m_fondoGorila_2025-01-27,fondoGorila_2025_01_29__02_10_06_HDR0_1_Mothbot_yolo11m_4500_imgsz1600_b1_2024-01-18.pt.jpg,HS,Mothbot_yolo11m_4500_imgsz1600_b1_2024-01-18.pt,0.6440761089324951,,fondoGorila,Cerro_Hoya_Expedition/Hoya_1416m_fondoGorila_2025-01-27/2025-01-28/patches/fondoGorila_2025_01_29__02_10_06_HDR0_1_Mothbot_yolo11m_4500_imgsz1600_b1_2024-01-18.pt.jpg,ORDER_Diptera,2025-01-29,02:10:06,,2025_01_29__02_10_06,MachineObservation,Cerro_Hoya_Expedition_Hoya_1416m_fondoGorila_2025-01-27_2025-01-28,Cerro_Hoya_Expedition_Hoya_1416m_fondoGorila_2025-01-27,fondoGorila_2025_01_29__02_10_06_HDR0.jpg,fondoGorila_2025_01_29__02_10_06_HDR0_1_Mothbot_yolo11m_4500_imgsz1600_b1_2024-01-18.pt.jpg
,,,,,,,,,,,,ERROR,Cerro_Hoya_Expedition_Hoya_1416m_fondoGorila_2025-01-27,fondoGorila_2025_01_29__02_11_06_HDR0_0_Mothbot_yolo11m_4500_imgsz1600_b1_2024-01-18.pt.jpg,HS,Mothbot_yolo11m_4500_imgsz1600_b1_2024-01-18.pt,0.796290934085846,,fondoGorila,Cerro_Hoya_Expedition/Hoya_1416m_fondoGorila_2025-01-27/2025-01-28/patches/fondoGorila_2025_01_29__02_11_06_HDR0_0_Mothbot_yolo11m_4500_imgsz1600_b1_2024-01-18.pt.jpg,ORDER_Diptera,2025-01-29,02:11:06,,2025_01_29__02_11_06,MachineObservation,Cerro_Hoya_Expedition_Hoya_1416m_fondoGorila_2025-01-27_2025-01-28,Cerro_Hoya_Expedition_Hoya_1416m_fondoGorila_2025-01-27,fondoGorila_2025_01_29__02_11_06_HDR0.jpg,fondoGorila_2025_01_29__02_11_06_HDR0_0_Mothbot_yolo11m_4500_imgsz1600_b1_2024-01-18.pt.jpg
,,,,,,,,,,,,ERROR,Cerro_Hoya_Expedition_Hoya_1416m_fondoGorila_2025-01-27,fondoGorila_2025_01_29__02_11_06_HDR0_1_Mothbot_yolo11m_4500_imgsz1600_b1_2024-01-18.pt.jpg,HS,Mothbot_yolo11m_4500_imgsz1600_b1_2024-01-18.pt,0.6143641471862793,,fondoGorila,Cerro_Hoya_Expedition/Hoya_1416m_fondoGorila_2025-01-27/2025-01-28/patches/fondoGorila_2025_01_29__02_11_06_HDR0_1_Mothbot_yolo11m_4500_imgsz1600_b1_2024-01-18.pt.jpg,ORDER_Diptera,2025-01-29,02:11:06,,2025_01_29__02_11_06,MachineObservation,Cerro_Hoya_Expedition_Hoya_1416m_fondoGorila_2025-01-27_2025-01-28,Cerro_Hoya_Expedition_Hoya_1416m_fondoGorila_2025-01-27,fondoGorila_2025_01_29__02_11_06_HDR0.jpg,fondoGorila_2025_01_29__02_11_06_HDR0_1_Mothbot_yolo11m_4500_imgsz1600_b1_2024-01-18.pt.jpg
,,,,,,,,,,,,ERROR,Cerro_Hoya_Expedition_Hoya_1416m_fondoGorila_2025-01-27,fondoGorila_2025_01_29__02_12_06_HDR0_0_Mothbot_yolo11m_4500_imgsz1600_b1_2024-01-18.pt.jpg,HS,Mothbot_yolo11m_4500_imgsz1600_b1_2024-01-18.pt,0.7951246500015259,,fondoGorila,Cerro_Hoya_Expedition/Hoya_1416m_fondoGorila_2025-01-27/2025-01-28/patches/fondoGorila_2025_01_29__02_12_06_HDR0_0_Mothbot_yolo11m_4500_imgsz1600_b1_2024-01-18.pt.jpg,ORDER_Lepidoptera,2025-01-29,02:12:06,,2025_01_29__02_12_06,MachineObservation,Cerro_Hoya_Expedition_Hoya_1416m_fondoGorila_2025-01-27_2025-01-28,Cerro_Hoya_Expedition_Hoya_1416m_fondoGorila_2025-01-27,fondoGorila_2025_01_29__02_12_06_HDR0.jpg,fondoGorila_2025_01_29__02_12_06_HDR0_0_Mothbot_yolo11m_4500_imgsz1600_b1_2024-01-18.pt.jpg
,,,,,,,,,,,,ERROR,Cerro_Hoya_Expedition_Hoya_1416m_fondoGorila_2025-01-27,fondoGorila_2025_01_29__02_12_06_HDR0_1_Mothbot_yolo11m_4500_imgsz1600_b1_2024-01-18.pt.jpg,HS,Mothbot_yolo11m_4500_imgsz1600_b1_2024-01-18.pt,0.6094399094581604,,fondoGorila,Cerro_Hoya_Expedition/Hoya_1416m_fondoGorila_2025-01-27/2025-01-28/patches/fondoGorila_2025_01_29__02_12_06_HDR0_1_Mothbot_yolo11m_4500_imgsz1600_b1_2024-01-18.pt.jpg,ORDER_Hymenoptera,2025-01-29,02:12:06,,2025_01_29__02_12_06,MachineObservation,Cerro_Hoya_Expedition_Hoya_1416m_fondoGorila_2025-01-27_2025-01-28,Cerro_Hoya_Expedition_Hoya_1416m_fondoGorila_2025-01-27,fondoGorila_2025_01_29__02_12_06_HDR0.jpg,fondoGorila_2025_01_29__02_12_06_HDR0_1_Mothbot_yolo11m_4500_imgsz1600_b1_2024-01-18.pt.jpg
,,,,,,,,,,,,ERROR,Cerro_Hoya_Expedition_Hoya_1416m_fondoGorila_2025-01-27,fondoGorila_2025_01_29__02_13_05_HDR0_0_Mothbot_yolo11m_4500_imgsz1600_b1_2024-01-18.pt.jpg,HS,Mothbot_yolo11m_4500_imgsz1600_b1_2024-01-18.pt,0.7909557819366455,,fondoGorila,Cerro_Hoya_Expedition/Hoya_1416m_fondoGorila_2025-01-27/2025-01-28/patches/fondoGorila_2025_01_29__02_13_05_HDR0_0_Mothbot_yolo11m_4500_imgsz1600_b1_2024-01-18.pt.jpg,ORDER_Diptera,2025-01-29,02:13:05,,2025_01_29__02_13_05,MachineObservation,Cerro_Hoya_Expedition_Hoya_1416m_fondoGorila_2025-01-27_2025-01-28,Cerro_Hoya_Expedition_Hoya_1416m_fondoGorila_2025-01-27,fondoGorila_2025_01_29__02_13_05_HDR0.jpg,fondoGorila_2025_01_29__02_13_05_HDR0_0_Mothbot_yolo11m_4500_imgsz1600_b1_2024-01-18.pt.jpg
,,,,,,,,,,,,ERROR,Cerro_Hoya_Expedition_Hoya_1416m_fondoGorila_2025-01-27,fondoGorila_2025_01_29__02_13_05_HDR0_1_Mothbot_yolo11m_4500_imgsz1600_b1_2024-01-18.pt.jpg,HS,Mothbot_yolo11m_4500_imgsz1600_b1_2024-01-18.pt,0.5604663491249084,,fondoGorila,Cerro_Hoya_Expedition/Hoya_1416m_fondoGorila_2025-01-27/2025-01-28/patches/fondoGorila_2025_01_29__02_13_05_HDR0_1_Mothbot_yolo11m_4500_imgsz1600_b1_2024-01-18.pt.jpg,ORDER_Coleoptera,2025-01-29,02:13:05,,2025_01_29__02_13_05,MachineObservation,Cerro_Hoya_Expedition_Hoya_1416m_fondoGorila_2025-01-27_2025-01-28,Cerro_Hoya_Expedition_Hoya_1416m_fondoGorila_2025-01-27,fondoGorila_2025_01_29__02_13_05_HDR0.jpg,fondoGorila_2025_01_29__02_13_05_HDR0_1_Mothbot_yolo11m_4500_imgsz1600_b1_2024-01-18.pt.jpg
,,,,,,,,,,,,ERROR,Cerro_Hoya_Expedition_Hoya_1416m_fondoGorila_2025-01-27,fondoGorila_2025_01_29__02_14_06_HDR0_0_Mothbot_yolo11m_4500_imgsz1600_b1_2024-01-18.pt.jpg,HS,Mothbot_yolo11m_4500_imgsz1600_b1_2024-01-18.pt,0.793422520160675,,fondoGorila,Cerro_Hoya_Expedition/Hoya_1416m_fondoGorila_2025-01-27/2025-01-28/patches/fondoGorila_2025_01_29__02_14_06_HDR0_0_Mothbot_yolo11m_4500_imgsz1600_b1_2024-01-18.pt.jpg,ORDER_Diptera,2025-01-29,02:14:06,,2025_01_29__02_14_06,MachineObservation,Cerro_Hoya_Expedition_Hoya_1416m_fondoGorila_2025-01-27_2025-01-28,Cerro_Hoya_Expedition_Hoya_1416m_fondoGorila_2025-01-27,fondoGorila_2025_01_29__02_14_06_HDR0.jpg,fondoGorila_2025_01_29__02_14_06_HDR0_0_Mothbot_yolo11m_4500_imgsz1600_b1_2024-01-18.pt.jpg
,,,,,,,,,,,,ERROR,Cerro_Hoya_Expedition_Hoya_1416m_fondoGorila_2025-01-27,fondoGorila_2025_01_29__02_14_06_HDR0_1_Mothbot_yolo11m_4500_imgsz1600_b1_2024-01-18.pt.jpg,HS,Mothbot_yolo11m_4500_imgsz1600_b1_2024-01-18.pt,0.5410836338996887,,fondoGorila,Cerro_Hoya_Expedition/Hoya_1416m_fondoGorila_2025-01-27/2025-01-28/patches/fondoGorila_2025_01_29__02_14_06_HDR0_1_Mothbot_yolo11m_4500_imgsz1600_b1_2024-01-18.pt.jpg,ORDER_Diptera,2025-01-29,02:14:06,,2025_01_29__02_14_06,MachineObservation,Cerro_Hoya_Expedition_Hoya_1416m_fondoGorila_2025-01-27_2025-01-28,Cerro_Hoya_Expedition_Hoya_1416m_fondoGorila_2025-01-27,fondoGorila_2025_01_29__02_14_06_HDR0.jpg,fondoGorila_2025_01_29__02_14_06_HDR0_1_Mothbot_yolo11m_4500_imgsz1600_b1_2024-01-18.pt.jpg
,,,,,,,,,,,,ERROR,Cerro_Hoya_Expedition_Hoya_1416m_fondoGorila_2025-01-27,fondoGorila_2025_01_29__02_15_22_HDR0_0_Mothbot_yolo11m_4500_imgsz1600_b1_2024-01-18.pt.jpg,HS,Mothbot_yolo11m_4500_imgsz1600_b1_2024-01-18.pt,0.7919661402702332,,fondoGorila,Cerro_Hoya_Expedition/Hoya_1416m_fondoGorila_2025-01-27/2025-01-28/patches/fondoGorila_2025_01_29__02_15_22_HDR0_0_Mothbot_yolo11m_4500_imgsz1600_b1_2024-01-18.pt.jpg,ORDER_Lepidoptera,2025-01-29,02:15:22,,2025_01_29__02_15_22,MachineObservation,Cerro_Hoya_Expedition_Hoya_1416m_fondoGorila_2025-01-27_2025-01-28,Cerro_Hoya_Expedition_Hoya_1416m_fondoGorila_2025-01-27,fondoGorila_2025_01_29__02_15_22_HDR0.jpg,fondoGorila_2025_01_29__02_15_22_HDR0_0_Mothbot_yolo11m_4500_imgsz1600_b1_2024-01-18.pt.jpg
,,,,,,,,,,,,ERROR,Cerro_Hoya_Expedition_Hoya_1416m_fondoGorila_2025-01-27,fondoGorila_2025_01_29__02_15_22_HDR0_1_Mothbot_yolo11m_4500_imgsz1600_b1_2024-01-18.pt.jpg,HS,Mothbot_yolo11m_4500_imgsz1600_b1_2024-01-18.pt,0.5004761219024658,,fondoGorila,Cerro_Hoya_Expedition/Hoya_1416m_fondoGorila_2025-01-27/2025-01-28/patches/fondoGorila_2025_01_29__02_15_22_HDR0_1_Mothbot_yolo11m_4500_imgsz1600_b1_2024-01-18.pt.jpg,ORDER_Trichoptera,2025-01-29,02:15:22,,2025_01_29__02_15_22,MachineObservation,Cerro_Hoya_Expedition_Hoya_1416m_fondoGorila_2025-01-27_2025-01-28,Cerro_Hoya_Expedition_Hoya_1416m_fondoGorila_2025-01-27,fondoGorila_2025_01_29__02_15_22_HDR0.jpg,fondoGorila_2025_01_29__02_15_22_HDR0_1_Mothbot_yolo11m_4500_imgsz1600_b1_2024-01-18.pt.jpg
,,,,,,,,,,,,ERROR,Cerro_Hoya_Expedition_Hoya_1416m_fondoGorila_2025-01-27,fondoGorila_2025_01_29__02_16_06_HDR0_0_Mothbot_yolo11m_4500_imgsz1600_b1_2024-01-18.pt.jpg,HS,Mothbot_yolo11m_4500_imgsz1600_b1_2024-01-18.pt,0.7866303324699402,,fondoGorila,Cerro_Hoya_Expedition/Hoya_1416m_fondoGorila_2025-01-27/2025-01-28/patches/fondoGorila_2025_01_29__02_16_06_HDR0_0_Mothbot_yolo11m_4500_imgsz1600_b1_2024-01-18.pt.jpg,ORDER_Lepidoptera,2025-01-29,02:16:06,,2025_01_29__02_16_06,MachineObservation,Cerro_Hoya_Expedition_Hoya_1416m_fondoGorila_2025-01-27_2025-01-28,Cerro_Hoya_Expedition_Hoya_1416m_fondoGorila_2025-01-27,fondoGorila_2025_01_29__02_16_06_HDR0.jpg,fondoGorila_2025_01_29__02_16_06_HDR0_0_Mothbot_yolo11m_4500_imgsz1600_b1_2024-01-18.pt.jpg
,,,,,,,,,,,,ERROR,Cerro_Hoya_Expedition_Hoya_1416m_fondoGorila_2025-01-27,fondoGorila_2025_01_29__02_16_06_HDR0_1_Mothbot_yolo11m_4500_imgsz1600_b1_2024-01-18.pt.jpg,HS,Mothbot_yolo11m_4500_imgsz1600_b1_2024-01-18.pt,0.4594346582889557,,fondoGorila,Cerro_Hoya_Expedition/Hoya_1416m_fondoGorila_2025-01-27/2025-01-28/patches/fondoGorila_2025_01_29__02_16_06_HDR0_1_Mothbot_yolo11m_4500_imgsz1600_b1_2024-01-18.pt.jpg,ORDER_Lepidoptera,2025-01-29,02:16:06,,2025_01_29__02_16_06,MachineObservation,Cerro_Hoya_Expedition_Hoya_1416m_fondoGorila_2025-01-27_2025-01-28,Cerro_Hoya_Expedition_Hoya_1416m_fondoGorila_2025-01-27,fondoGorila_2025_01_29__02_16_06_HDR0.jpg,fondoGorila_2025_01_29__02_16_06_HDR0_1_Mothbot_yolo11m_4500_imgsz1600_b1_2024-01-18.pt.jpg
,,,,,,,,,,,,ERROR,Cerro_Hoya_Expedition_Hoya_1416m_fondoGorila_2025-01-27,fondoGorila_2025_01_29__02_17_06_HDR0_0_Mothbot_yolo11m_4500_imgsz1600_b1_2024-01-18.pt.jpg,HS,Mothbot_yolo11m_4500_imgsz1600_b1_2024-01-18.pt,0.7861745953559875,,fondoGorila,Cerro_Hoya_Expedition/Hoya_1416m_fondoGorila_2025-01-27/2025-01-28/patches/fondoGorila_2025_01_29__02_17_06_HDR0_0_Mothbot_yolo11m_4500_imgsz1600_b1_2024-01-18.pt.jpg,ORDER_Lepidoptera,2025-01-29,02:17:06,,2025_01_29__02_17_06,MachineObservation,Cerro_Hoya_Expedition_Hoya_1416m_fondoGorila_2025-01-27_2025-01-28,Cerro_Hoya_Expedition_Hoya_1416m_fondoGorila_2025-01-27,fondoGorila_2025_01_29__02_17_06_HDR0.jpg,fondoGorila_2025_01_29__02_17_06_HDR0_0_Mothbot_yolo11m_4500_imgsz1600_b1_2024-01-18.pt.jpg
,,,,,,,,,,,,ERROR,Cerro_Hoya_Expedition_Hoya_1416m_fondoGorila_2025-01-27,fondoGorila_2025_01_29__02_17_06_HDR0_1_Mothbot_yolo11m_4500_imgsz1600_b1_2024-01-18.pt.jpg,HS,Mothbot_yolo11m_4500_imgsz1600_b1_2024-01-18.pt,0.5735982656478882,,fondoGorila,Cerro_Hoya_Expedition/Hoya_1416m_fondoGorila_2025-01-27/2025-01-28/patches/fondoGorila_2025_01_29__02_17_06_HDR0_1_Mothbot_yolo11m_4500_imgsz1600_b1_2024-01-18.pt.jpg,ORDER_Trichoptera,2025-01-29,02:17:06,,2025_01_29__02_17_06,MachineObservation,Cerro_Hoya_Expedition_Hoya_1416m_fondoGorila_2025-01-27_2025-01-28,Cerro_Hoya_Expedition_Hoya_1416m_fondoGorila_2025-01-27,fondoGorila_2025_01_29__02_17_06_HDR0.jpg,fondoGorila_2025_01_29__02_17_06_HDR0_1_Mothbot_yolo11m_4500_imgsz1600_b1_2024-01-18.pt.jpg
,,,,,,,,,,,,ERROR,Cerro_Hoya_Expedition_Hoya_1416m_fondoGorila_2025-01-27,fondoGorila_2025_01_29__02_18_05_HDR0_0_Mothbot_yolo11m_4500_imgsz1600_b1_2024-01-18.pt.jpg,HS,Mothbot_yolo11m_4500_imgsz1600_b1_2024-01-18.pt,0.792205274105072,,fondoGorila,Cerro_Hoya_Expedition/Hoya_1416m_fondoGorila_2025-01-27/2025-01-28/patches/fondoGorila_2025_01_29__02_18_05_HDR0_0_Mothbot_yolo11m_4500_imgsz1600_b1_2024-01-18.pt.jpg,ORDER_Diptera,2025-01-29,02:18:05,,2025_01_29__02_18_05,MachineObservation,Cerro_Hoya_Expedition_Hoya_1416m_fondoGorila_2025-01-27_2025-01-28,Cerro_Hoya_Expedition_Hoya_1416m_fondoGorila_2025-01-27,fondoGorila_2025_01_29__02_18_05_HDR0.jpg,fondoGorila_2025_01_29__02_18_05_HDR0_0_Mothbot_yolo11m_4500_imgsz1600_b1_2024-01-18.pt.jpg
,,,,,,,,,,,,ERROR,Cerro_Hoya_Expedition_Hoya_1416m_fondoGorila_2025-01-27,fondoGorila_2025_01_29__02_18_05_HDR0_1_Mothbot_yolo11m_4500_imgsz1600_b1_2024-01-18.pt.jpg,HS,Mothbot_yolo11m_4500_imgsz1600_b1_2024-01-18.pt,0.466828852891922,,fondoGorila,Cerro_Hoya_Expedition/Hoya_1416m_fondoGorila_2025-01-27/2025-01-28/patches/fondoGorila_2025_01_29__02_18_05_HDR0_1_Mothbot_yolo11m_4500_imgsz1600_b1_2024-01-18.pt.jpg,ORDER_Lepidoptera,2025-01-29,02:18:05,,2025_01_29__02_18_05,MachineObservation,Cerro_Hoya_Expedition_Hoya_1416m_fondoGorila_2025-01-27_2025-01-28,Cerro_Hoya_Expedition_Hoya_1416m_fondoGorila_2025-01-27,fondoGorila_2025_01_29__02_18_05_HDR0.jpg,fondoGorila_2025_01_29__02_18_05_HDR0_1_Mothbot_yolo11m_4500_imgsz1600_b1_2024-01-18.pt.jpg
,,,,,,,,,,,,ERROR,Cerro_Hoya_Expedition_Hoya_1416m_fondoGorila_2025-01-27,fondoGorila_2025_01_29__02_19_06_HDR0_0_Mothbot_yolo11m_4500_imgsz1600_b1_2024-01-18.pt.jpg,HS,Mothbot_yolo11m_4500_imgsz1600_b1_2024-01-18.pt,0.7762771844863892,,fondoGorila,Cerro_Hoya_Expedition/Hoya_1416m_fondoGorila_2025-01-27/2025-01-28/patches/fondoGorila_2025_01_29__02_19_06_HDR0_0_Mothbot_yolo11m_4500_imgsz1600_b1_2024-01-18.pt.jpg,ORDER_Lepidoptera,2025-01-29,02:19:06,,2025_01_29__02_19_06,MachineObservation,Cerro_Hoya_Expedition_Hoya_1416m_fondoGorila_2025-01-27_2025-01-28,Cerro_Hoya_Expedition_Hoya_1416m_fondoGorila_2025-01-27,fondoGorila_2025_01_29__02_19_06_HDR0.jpg,fondoGorila_2025_01_29__02_19_06_HDR0_0_Mothbot_yolo11m_4500_imgsz1600_b1_2024-01-18.pt.jpg
,,,,,,,,,,,,ERROR,Cerro_Hoya_Expedition_Hoya_1416m_fondoGorila_2025-01-27,fondoGorila_2025_01_29__02_19_06_HDR0_1_Mothbot_yolo11m_4500_imgsz1600_b1_2024-01-18.pt.jpg,HS,Mothbot_yolo11m_4500_imgsz1600_b1_2024-01-18.pt,0.4701240658760071,,fondoGorila,Cerro_Hoya_Expedition/Hoya_1416m_fondoGorila_2025-01-27/2025-01-28/patches/fondoGorila_2025_01_29__02_19_06_HDR0_1_Mothbot_yolo11m_4500_imgsz1600_b1_2024-01-18.pt.jpg,ORDER_Coleoptera,2025-01-29,02:19:06,,2025_01_29__02_19_06,MachineObservation,Cerro_Hoya_Expedition_Hoya_1416m_fondoGorila_2025-01-27_2025-01-28,Cerro_Hoya_Expedition_Hoya_1416m_fondoGorila_2025-01-27,fondoGorila_2025_01_29__02_19_06_HDR0.jpg,fondoGorila_2025_01_29__02_19_06_HDR0_1_Mothbot_yolo11m_4500_imgsz1600_b1_2024-01-18.pt.jpg
,,,,,,,,,,,,ERROR,Cerro_Hoya_Expedition_Hoya_1416m_fondoGorila_2025-01-27,fondoGorila_2025_01_29__02_20_06_HDR0_0_Mothbot_yolo11m_4500_imgsz1600_b1_2024-01-18.pt.jpg,HS,Mothbot_yolo11m_4500_imgsz1600_b1_2024-01-18.pt,0.7647492289543152,,fondoGorila,Cerro_Hoya_Expedition/Hoya_1416m_fondoGorila_2025-01-27/2025-01-28/patches/fondoGorila_2025_01_29__02_20_06_HDR0_0_Mothbot_yolo11m_4500_imgsz1600_b1_2024-01-18.pt.jpg,ORDER_Trichoptera,2025-01-29,02:20:06,,2025_01_29__02_20_06,MachineObservation,Cerro_Hoya_Expedition_Hoya_1416m_fondoGorila_2025-01-27_2025-01-28,Cerro_Hoya_Expedition_Hoya_1416m_fondoGorila_2025-01-27,fondoGorila_2025_01_29__02_20_06_HDR0.jpg,fondoGorila_2025_01_29__02_20_06_HDR0_0_Mothbot_yolo11m_4500_imgsz1600_b1_2024-01-18.pt.jpg
,,,,,,,,,,,,ERROR,Cerro_Hoya_Expedition_Hoya_1416m_fondoGorila_2025-01-27,fondoGorila_2025_01_29__02_20_06_HDR0_1_Mothbot_yolo11m_4500_imgsz1600_b1_2024-01-18.pt.jpg,HS,Mothbot_yolo11m_4500_imgsz1600_b1_2024-01-18.pt,0.512734055519104,,fondoGorila,Cerro_Hoya_Expedition/Hoya_1416m_fondoGorila_2025-01-27/2025-01-28/patches/fondoGorila_2025_01_29__02_20_06_HDR0_1_Mothbot_yolo11m_4500_imgsz1600_b1_2024-01-18.pt.jpg,ORDER_Coleoptera,2025-01-29,02:20:06,,2025_01_29__02_20_06,MachineObservation,Cerro_Hoya_Expedition_Hoya_1416m_fondoGorila_2025-01-27_2025-01-28,Cerro_Hoya_Expedition_Hoya_1416m_fondoGorila_2025-01-27,fondoGorila_2025_01_29__02_20_06_HDR0.jpg,fondoGorila_2025_01_29__02_20_06_HDR0_1_Mothbot_yolo11m_4500_imgsz1600_b1_2024-01-18.pt.jpg
,,,,,,,,,,,,ERROR,Cerro_Hoya_Expedition_Hoya_1416m_fondoGorila_2025-01-27,fondoGorila_2025_01_29__02_21_06_HDR0_0_Mothbot_yolo11m_4500_imgsz1600_b1_2024-01-18.pt.jpg,HS,Mothbot_yolo11m_4500_imgsz1600_b1_2024-01-18.pt,0.7740462422370911,,fondoGorila,Cerro_Hoya_Expedition/Hoya_1416m_fondoGorila_2025-01-27/2025-01-28/patches/fondoGorila_2025_01_29__02_21_06_HDR0_0_Mothbot_yolo11m_4500_imgsz1600_b1_2024-01-18.pt.jpg,ORDER_Diptera,2025-01-29,02:21:06,,2025_01_29__02_21_06,MachineObservation,Cerro_Hoya_Expedition_Hoya_1416m_fondoGorila_2025-01-27_2025-01-28,Cerro_Hoya_Expedition_Hoya_1416m_fondoGorila_2025-01-27,fondoGorila_2025_01_29__02_21_06_HDR0.jpg,fondoGorila_2025_01_29__02_21_06_HDR0_0_Mothbot_yolo11m_4500_imgsz1600_b1_2024-01-18.pt.jpg
,,,,,,,,,,,,ERROR,Cerro_Hoya_Expedition_Hoya_1416m_fondoGorila_2025-01-27,fondoGorila_2025_01_29__02_21_06_HDR0_1_Mothbot_yolo11m_4500_imgsz1600_b1_2024-01-18.pt.jpg,HS,Mothbot_yolo11m_4500_imgsz1600_b1_2024-01-18.pt,0.41454756259918213,,fondoGorila,Cerro_Hoya_Expedition/Hoya_1416m_fondoGorila_2025-01-27/2025-01-28/patches/fondoGorila_2025_01_29__02_21_06_HDR0_1_Mothbot_yolo11m_4500_imgsz1600_b1_2024-01-18.pt.jpg,ORDER_Hymenoptera,2025-01-29,02:21:06,,2025_01_29__02_21_06,MachineObservation,Cerro_Hoya_Expedition_Hoya_1416m_fondoGorila_2025-01-27_2025-01-28,Cerro_Hoya_Expedition_Hoya_1416m_fondoGorila_2025-01-27,fondoGorila_2025_01_29__02_21_06_HDR0.jpg,fondoGorila_2025_01_29__02_21_06_HDR0_1_Mothbot_yolo11m_4500_imgsz1600_b1_2024-01-18.pt.jpg
,,,,,,,,,,,,ERROR,Cerro_Hoya_Expedition_Hoya_1416m_fondoGorila_2025-01-27,fondoGorila_2025_01_29__02_22_23_HDR0_0_Mothbot_yolo11m_4500_imgsz1600_b1_2024-01-18.pt.jpg,HS,Mothbot_yolo11m_4500_imgsz1600_b1_2024-01-18.pt,0.718607485294342,,fondoGorila,Cerro_Hoya_Expedition/Hoya_1416m_fondoGorila_2025-01-27/2025-01-28/patches/fondoGorila_2025_01_29__02_22_23_HDR0_0_Mothbot_yolo11m_4500_imgsz1600_b1_2024-01-18.pt.jpg,ORDER_Diptera,2025-01-29,02:22:23,,2025_01_29__02_22_23,MachineObservation,Cerro_Hoya_Expedition_Hoya_1416m_fondoGorila_2025-01-27_2025-01-28,Cerro_Hoya_Expedition_Hoya_1416m_fondoGorila_2025-01-27,fondoGorila_2025_01_29__02_22_23_HDR0.jpg,fondoGorila_2025_01_29__02_22_23_HDR0_0_Mothbot_yolo11m_4500_imgsz1600_b1_2024-01-18.pt.jpg
,,,,,,,,,,,,ERROR,Cerro_Hoya_Expedition_Hoya_1416m_fondoGorila_2025-01-27,fondoGorila_2025_01_29__02_22_23_HDR0_1_Mothbot_yolo11m_4500_imgsz1600_b1_2024-01-18.pt.jpg,HS,Mothbot_yolo11m_4500_imgsz1600_b1_2024-01-18.pt,0.4665403366088867,,fondoGorila,Cerro_Hoya_Expedition/Hoya_1416m_fondoGorila_2025-01-27/2025-01-28/patches/fondoGorila_2025_01_29__02_22_23_HDR0_1_Mothbot_yolo11m_4500_imgsz1600_b1_2024-01-18.pt.jpg,ORDER_Hymenoptera,2025-01-29,02:22:23,,2025_01_29__02_22_23,MachineObservation,Cerro_Hoya_Expedition_Hoya_1416m_fondoGorila_2025-01-27_2025-01-28,Cerro_Hoya_Expedition_Hoya_1416m_fondoGorila_2025-01-27,fondoGorila_2025_01_29__02_22_23_HDR0.jpg,fondoGorila_2025_01_29__02_22_23_HDR0_1_Mothbot_yolo11m_4500_imgsz1600_b1_2024-01-18.pt.jpg
,,,,,,,,,,,,ERROR,Cerro_Hoya_Expedition_Hoya_1416m_fondoGorila_2025-01-27,fondoGorila_2025_01_29__02_23_06_HDR0_0_Mothbot_yolo11m_4500_imgsz1600_b1_2024-01-18.pt.jpg,HS,Mothbot_yolo11m_4500_imgsz1600_b1_2024-01-18.pt,0.6699428558349609,,fondoGorila,Cerro_Hoya_Expedition/Hoya_1416m_fondoGorila_2025-01-27/2025-01-28/patches/fondoGorila_2025_01_29__02_23_06_HDR0_0_Mothbot_yolo11m_4500_imgsz1600_b1_2024-01-18.pt.jpg,ORDER_Diptera,2025-01-29,02:23:06,,2025_01_29__02_23_06,MachineObservation,Cerro_Hoya_Expedition_Hoya_1416m_fondoGorila_2025-01-27_2025-01-28,Cerro_Hoya_Expedition_Hoya_1416m_fondoGorila_2025-01-27,fondoGorila_2025_01_29__02_23_06_HDR0.jpg,fondoGorila_2025_01_29__02_23_06_HDR0_0_Mothbot_yolo11m_4500_imgsz1600_b1_2024-01-18.pt.jpg
,,,,,,,,,,,,ERROR,Cerro_Hoya_Expedition_Hoya_1416m_fondoGorila_2025-01-27,fondoGorila_2025_01_29__02_23_06_HDR0_1_Mothbot_yolo11m_4500_imgsz1600_b1_2024-01-18.pt.jpg,HS,Mothbot_yolo11m_4500_imgsz1600_b1_2024-01-18.pt,0.41263529658317566,,fondoGorila,Cerro_Hoya_Expedition/Hoya_1416m_fondoGorila_2025-01-27/2025-01-28/patches/fondoGorila_2025_01_29__02_23_06_HDR0_1_Mothbot_yolo11m_4500_imgsz1600_b1_2024-01-18.pt.jpg,ORDER_Hymenoptera,2025-01-29,02:23:06,,2025_01_29__02_23_06,MachineObservation,Cerro_Hoya_Expedition_Hoya_1416m_fondoGorila_2025-01-27_2025-01-28,Cerro_Hoya_Expedition_Hoya_1416m_fondoGorila_2025-01-27,fondoGorila_2025_01_29__02_23_06_HDR0.jpg,fondoGorila_2025_01_29__02_23_06_HDR0_1_Mothbot_yolo11m_4500_imgsz1600_b1_2024-01-18.pt.jpg
,,,,,,,,,,,,ERROR,Cerro_Hoya_Expedition_Hoya_1416m_fondoGorila_2025-01-27,fondoGorila_2025_01_29__02_24_06_HDR0_0_Mothbot_yolo11m_4500_imgsz1600_b1_2024-01-18.pt.jpg,HS,Mothbot_yolo11m_4500_imgsz1600_b1_2024-01-18.pt,0.6273661255836487,,fondoGorila,Cerro_Hoya_Expedition/Hoya_1416m_fondoGorila_2025-01-27/2025-01-28/patches/fondoGorila_2025_01_29__02_24_06_HDR0_0_Mothbot_yolo11m_4500_imgsz1600_b1_2024-01-18.pt.jpg,ORDER_Diptera,2025-01-29,02:24:06,,2025_01_29__02_24_06,MachineObservation,Cerro_Hoya_Expedition_Hoya_1416m_fondoGorila_2025-01-27_2025-01-28,Cerro_Hoya_Expedition_Hoya_1416m_fondoGorila_2025-01-27,fondoGorila_2025_01_29__02_24_06_HDR0.jpg,fondoGorila_2025_01_29__02_24_06_HDR0_0_Mothbot_yolo11m_4500_imgsz1600_b1_2024-01-18.pt.jpg
,,,,,,,,,,,,ERROR,Cerro_Hoya_Expedition_Hoya_1416m_fondoGorila_2025-01-27,fondoGorila_2025_01_29__02_24_06_HDR0_1_Mothbot_yolo11m_4500_imgsz1600_b1_2024-01-18.pt.jpg,HS,Mothbot_yolo11m_4500_imgsz1600_b1_2024-01-18.pt,0.5087528228759766,,fondoGorila,Cerro_Hoya_Expedition/Hoya_1416m_fondoGorila_2025-01-27/2025-01-28/patches/fondoGorila_2025_01_29__02_24_06_HDR0_1_Mothbot_yolo11m_4500_imgsz1600_b1_2024-01-18.pt.jpg,ORDER_Diptera,2025-01-29,02:24:06,,2025_01_29__02_24_06,MachineObservation,Cerro_Hoya_Expedition_Hoya_1416m_fondoGorila_2025-01-27_2025-01-28,Cerro_Hoya_Expedition_Hoya_1416m_fondoGorila_2025-01-27,fondoGorila_2025_01_29__02_24_06_HDR0.jpg,fondoGorila_2025_01_29__02_24_06_HDR0_1_Mothbot_yolo11m_4500_imgsz1600_b1_2024-01-18.pt.jpg
,,,,,,,,,,,,ERROR,Cerro_Hoya_Expedition_Hoya_1416m_fondoGorila_2025-01-27,fondoGorila_2025_01_29__02_25_06_HDR0_0_Mothbot_yolo11m_4500_imgsz1600_b1_2024-01-18.pt.jpg,HS,Mothbot_yolo11m_4500_imgsz1600_b1_2024-01-18.pt,0.5882670283317566,,fondoGorila,Cerro_Hoya_Expedition/Hoya_1416m_fondoGorila_2025-01-27/2025-01-28/patches/fondoGorila_2025_01_29__02_25_06_HDR0_0_Mothbot_yolo11m_4500_imgsz1600_b1_2024-01-18.pt.jpg,ORDER_Diptera,2025-01-29,02:25:06,,2025_01_29__02_25_06,MachineObservation,Cerro_Hoya_Expedition_Hoya_1416m_fondoGorila_2025-01-27_2025-01-28,Cerro_Hoya_Expedition_Hoya_1416m_fondoGorila_2025-01-27,fondoGorila_2025_01_29__02_25_06_HDR0.jpg,fondoGorila_2025_01_29__02_25_06_HDR0_0_Mothbot_yolo11m_4500_imgsz1600_b1_2024-01-18.pt.jpg
,,,,,,,,,,,,ERROR,Cerro_Hoya_Expedition_Hoya_1416m_fondoGorila_2025-01-27,fondoGorila_2025_01_29__02_25_06_HDR0_1_Mothbot_yolo11m_4500_imgsz1600_b1_2024-01-18.pt.jpg,HS,Mothbot_yolo11m_4500_imgsz1600_b1_2024-01-18.pt,0.3036135137081146,,fondoGorila,Cerro_Hoya_Expedition/Hoya_1416m_fondoGorila_2025-01-27/2025-01-28/patches/fondoGorila_2025_01_29__02_25_06_HDR0_1_Mothbot_yolo11m_4500_imgsz1600_b1_2024-01-18.pt.jpg,ORDER_Trichoptera,2025-01-29,02:25:06,,2025_01_29__02_25_06,MachineObservation,Cerro_Hoya_Expedition_Hoya_1416m_fondoGorila_2025-01-27_2025-01-28,Cerro_Hoya_Expedition_Hoya_1416m_fondoGorila_2025-01-27,fondoGorila_2025_01_29__02_25_06_HDR0.jpg,fondoGorila_2025_01_29__02_25_06_HDR0_1_Mothbot_yolo11m_4500_imgsz1600_b1_2024-01-18.pt.jpg
,,,,,,,,,,,,ERROR,Cerro_Hoya_Expedition_Hoya_1416m_fondoGorila_2025-01-27,fondoGorila_2025_01_29__02_26_06_HDR0_0_Mothbot_yolo11m_4500_imgsz1600_b1_2024-01-18.pt.jpg,HS,Mothbot_yolo11m_4500_imgsz1600_b1_2024-01-18.pt,0.5777897238731384,,fondoGorila,Cerro_Hoya_Expedition/Hoya_1416m_fondoGorila_2025-01-27/2025-01-28/patches/fondoGorila_2025_01_29__02_26_06_HDR0_0_Mothbot_yolo11m_4500_imgsz1600_b1_2024-01-18.pt.jpg,ORDER_Diptera,2025-01-29,02:26:06,,2025_01_29__02_26_06,MachineObservation,Cerro_Hoya_Expedition_Hoya_1416m_fondoGorila_2025-01-27_2025-01-28,Cerro_Hoya_Expedition_Hoya_1416m_fondoGorila_2025-01-27,fondoGorila_2025_01_29__02_26_06_HDR0.jpg,fondoGorila_2025_01_29__02_26_06_HDR0_0_Mothbot_yolo11m_4500_imgsz1600_b1_2024-01-18.pt.jpg
,,,,,,,,,,,,ERROR,Cerro_Hoya_Expedition_Hoya_1416m_fondoGorila_2025-01-27,fondoGorila_2025_01_29__02_26_06_HDR0_1_Mothbot_yolo11m_4500_imgsz1600_b1_2024-01-18.pt.jpg,HS,Mothbot_yolo11m_4500_imgsz1600_b1_2024-01-18.pt,0.38964471220970154,,fondoGorila,Cerro_Hoya_Expedition/Hoya_1416m_fondoGorila_2025-01-27/2025-01-28/patches/fondoGorila_2025_01_29__02_26_06_HDR0_1_Mothbot_yolo11m_4500_imgsz1600_b1_2024-01-18.pt.jpg,ORDER_Lepidoptera,2025-01-29,02:26:06,,2025_01_29__02_26_06,MachineObservation,Cerro_Hoya_Expedition_Hoya_1416m_fondoGorila_2025-01-27_2025-01-28,Cerro_Hoya_Expedition_Hoya_1416m_fondoGorila_2025-01-27,fondoGorila_2025_01_29__02_26_06_HDR0.jpg,fondoGorila_2025_01_29__02_26_06_HDR0_1_Mothbot_yolo11m_4500_imgsz1600_b1_2024-01-18.pt.jpg
,,,,,,,,,,,,ERROR,Cerro_Hoya_Expedition_Hoya_1416m_fondoGorila_2025-01-27,fondoGorila_2025_01_29__02_27_05_HDR0_0_Mothbot_yolo11m_4500_imgsz1600_b1_2024-01-18.pt.jpg,HS,Mothbot_yolo11m_4500_imgsz1600_b1_2024-01-18.pt,0.6970381140708923,,fondoGorila,Cerro_Hoya_Expedition/Hoya_1416m_fondoGorila_2025-01-27/2025-01-28/patches/fondoGorila_2025_01_29__02_27_05_HDR0_0_Mothbot_yolo11m_4500_imgsz1600_b1_2024-01-18.pt.jpg,ORDER_Lepidoptera,2025-01-29,02:27:05,,2025_01_29__02_27_05,MachineObservation,Cerro_Hoya_Expedition_Hoya_1416m_fondoGorila_2025-01-27_2025-01-28,Cerro_Hoya_Expedition_Hoya_1416m_fondoGorila_2025-01-27,fondoGorila_2025_01_29__02_27_05_HDR0.jpg,fondoGorila_2025_01_29__02_27_05_HDR0_0_Mothbot_yolo11m_4500_imgsz1600_b1_2024-01-18.pt.jpg
,,,,,,,,,,,,ERROR,Cerro_Hoya_Expedition_Hoya_1416m_fondoGorila_2025-01-27,fondoGorila_2025_01_29__02_27_05_HDR0_1_Mothbot_yolo11m_4500_imgsz1600_b1_2024-01-18.pt.jpg,HS,Mothbot_yolo11m_4500_imgsz1600_b1_2024-01-18.pt,0.4511876404285431,,fondoGorila,Cerro_Hoya_Expedition/Hoya_1416m_fondoGorila_2025-01-27/2025-01-28/patches/fondoGorila_2025_01_29__02_27_05_HDR0_1_Mothbot_yolo11m_4500_imgsz1600_b1_2024-01-18.pt.jpg,ORDER_Lepidoptera,2025-01-29,02:27:05,,2025_01_29__02_27_05,MachineObservation,Cerro_Hoya_Expedition_Hoya_1416m_fondoGorila_2025-01-27_2025-01-28,Cerro_Hoya_Expedition_Hoya_1416m_fondoGorila_2025-01-27,fondoGorila_2025_01_29__02_27_05_HDR0.jpg,fondoGorila_2025_01_29__02_27_05_HDR0_1_Mothbot_yolo11m_4500_imgsz1600_b1_2024-01-18.pt.jpg
,,,,,,,,,,,,ERROR,Cerro_Hoya_Expedition_Hoya_1416m_fondoGorila_2025-01-27,fondoGorila_2025_01_29__02_28_06_HDR0_0_Mothbot_yolo11m_4500_imgsz1600_b1_2024-01-18.pt.jpg,HS,Mothbot_yolo11m_4500_imgsz1600_b1_2024-01-18.pt,0.7184751629829407,,fondoGorila,Cerro_Hoya_Expedition/Hoya_1416m_fondoGorila_2025-01-27/2025-01-28/patches/fondoGorila_2025_01_29__02_28_06_HDR0_0_Mothbot_yolo11m_4500_imgsz1600_b1_2024-01-18.pt.jpg,ORDER_Diptera,2025-01-29,02:28:06,,2025_01_29__02_28_06,MachineObservation,Cerro_Hoya_Expedition_Hoya_1416m_fondoGorila_2025-01-27_2025-01-28,Cerro_Hoya_Expedition_Hoya_1416m_fondoGorila_2025-01-27,fondoGorila_2025_01_29__02_28_06_HDR0.jpg,fondoGorila_2025_01_29__02_28_06_HDR0_0_Mothbot_yolo11m_4500_imgsz1600_b1_2024-01-18.pt.jpg
,,,,,,,,,,,,ERROR,Cerro_Hoya_Expedition_Hoya_1416m_fondoGorila_2025-01-27,fondoGorila_2025_01_29__02_28_06_HDR0_1_Mothbot_yolo11m_4500_imgsz1600_b1_2024-01-18.pt.jpg,HS,Mothbot_yolo11m_4500_imgsz1600_b1_2024-01-18.pt,0.42067012190818787,,fondoGorila,Cerro_Hoya_Expedition/Hoya_1416m_fondoGorila_2025-01-27/2025-01-28/patches/fondoGorila_2025_01_29__02_28_06_HDR0_1_Mothbot_yolo11m_4500_imgsz1600_b1_2024-01-18.pt.jpg,ORDER_Hymenoptera,2025-01-29,02:28:06,,2025_01_29__02_28_06,MachineObservation,Cerro_Hoya_Expedition_Hoya_1416m_fondoGorila_2025-01-27_2025-01-28,Cerro_Hoya_Expedition_Hoya_1416m_fondoGorila_2025-01-27,fondoGorila_2025_01_29__02_28_06_HDR0.jpg,fondoGorila_2025_01_29__02_28_06_HDR0_1_Mothbot_yolo11m_4500_imgsz1600_b1_2024-01-18.pt.jpg
doi.org10.15468dl.6nxkw6.csv,Animalia,Arthropoda,Insecta,Diptera,,,,,811,,Diptera,Diptera,Cerro_Hoya_Expedition_Hoya_1416m_fondoGorila_2025-01-27,fondoGorila_2025_01_29__02_29_22_HDR0_0_Mothbot_yolo11m_4500_imgsz1600_b1_2024-01-18.pt.jpg,HS,Mothbot_yolo11m_4500_imgsz1600_b1_2024-01-18.pt,0.7135719656944275,,fondoGorila,Cerro_Hoya_Expedition/Hoya_1416m_fondoGorila_2025-01-27/2025-01-28/patches/fondoGorila_2025_01_29__02_29_22_HDR0_0_Mothbot_yolo11m_4500_imgsz1600_b1_2024-01-18.pt.jpg,ORDER_Diptera,2025-01-29,02:29:22,,2025_01_29__02_29_22,MachineObservation,Cerro_Hoya_Expedition_Hoya_1416m_fondoGorila_2025-01-27_2025-01-28,Cerro_Hoya_Expedition_Hoya_1416m_fondoGorila_2025-01-27,fondoGorila_2025_01_29__02_29_22_HDR0.jpg,fondoGorila_2025_01_29__02_29_22_HDR0_0_Mothbot_yolo11m_4500_imgsz1600_b1_2024-01-18.pt.jpg
,,,,,,,,,,,,ERROR,Cerro_Hoya_Expedition_Hoya_1416m_fondoGorila_2025-01-27,fondoGorila_2025_01_29__02_29_22_HDR0_1_Mothbot_yolo11m_4500_imgsz1600_b1_2024-01-18.pt.jpg,HS,Mothbot_yolo11m_4500_imgsz1600_b1_2024-01-18.pt,0.6651992201805115,,fondoGorila,Cerro_Hoya_Expedition/Hoya_1416m_fondoGorila_2025-01-27/2025-01-28/patches/fondoGorila_2025_01_29__02_29_22_HDR0_1_Mothbot_yolo11m_4500_imgsz1600_b1_2024-01-18.pt.jpg,ORDER_Diptera,2025-01-29,02:29:22,,2025_01_29__02_29_22,MachineObservation,Cerro_Hoya_Expedition_Hoya_1416m_fondoGorila_2025-01-27_2025-01-28,Cerro_Hoya_Expedition_Hoya_1416m_fondoGorila_2025-01-27,fondoGorila_2025_01_29__02_29_22_HDR0.jpg,fondoGorila_2025_01_29__02_29_22_HDR0_1_Mothbot_yolo11m_4500_imgsz1600_b1_2024-01-18.pt.jpg
,,,,,,,,,,,,ERROR,Cerro_Hoya_Expedition_Hoya_1416m_fondoGorila_2025-01-27,fondoGorila_2025_01_29__02_29_22_HDR0_2_Mothbot_yolo11m_4500_imgsz1600_b1_2024-01-18.pt.jpg,HS,Mothbot_yolo11m_4500_imgsz1600_b1_2024-01-18.pt,0.4413110911846161,,fondoGorila,Cerro_Hoya_Expedition/Hoya_1416m_fondoGorila_2025-01-27/2025-01-28/patches/fondoGorila_2025_01_29__02_29_22_HDR0_2_Mothbot_yolo11m_4500_imgsz1600_b1_2024-01-18.pt.jpg,ORDER_Diptera,2025-01-29,02:29:22,,2025_01_29__02_29_22,MachineObservation,Cerro_Hoya_Expedition_Hoya_1416m_fondoGorila_2025-01-27_2025-01-28,Cerro_Hoya_Expedition_Hoya_1416m_fondoGorila_2025-01-27,fondoGorila_2025_01_29__02_29_22_HDR0.jpg,fondoGorila_2025_01_29__02_29_22_HDR0_2_Mothbot_yolo11m_4500_imgsz1600_b1_2024-01-18.pt.jpg
doi.org10.15468dl.6nxkw6.csv,Animalia,Arthropoda,Insecta,Diptera,,,,,811,,Diptera,Diptera,Cerro_Hoya_Expedition_Hoya_1416m_fondoGorila_2025-01-27,fondoGorila_2025_01_29__02_30_06_HDR0_0_Mothbot_yolo11m_4500_imgsz1600_b1_2024-01-18.pt.jpg,HS,Mothbot_yolo11m_4500_imgsz1600_b1_2024-01-18.pt,0.723922073841095,,fondoGorila,Cerro_Hoya_Expedition/Hoya_1416m_fondoGorila_2025-01-27/2025-01-28/patches/fondoGorila_2025_01_29__02_30_06_HDR0_0_Mothbot_yolo11m_4500_imgsz1600_b1_2024-01-18.pt.jpg,ORDER_Hymenoptera,2025-01-29,02:30:06,,2025_01_29__02_30_06,MachineObservation,Cerro_Hoya_Expedition_Hoya_1416m_fondoGorila_2025-01-27_2025-01-28,Cerro_Hoya_Expedition_Hoya_1416m_fondoGorila_2025-01-27,fondoGorila_2025_01_29__02_30_06_HDR0.jpg,fondoGorila_2025_01_29__02_30_06_HDR0_0_Mothbot_yolo11m_4500_imgsz1600_b1_2024-01-18.pt.jpg
,,,,,,,,,,,,ERROR,Cerro_Hoya_Expedition_Hoya_1416m_fondoGorila_2025-01-27,fondoGorila_2025_01_29__02_30_06_HDR0_1_Mothbot_yolo11m_4500_imgsz1600_b1_2024-01-18.pt.jpg,HS,Mothbot_yolo11m_4500_imgsz1600_b1_2024-01-18.pt,0.47205957770347595,,fondoGorila,Cerro_Hoya_Expedition/Hoya_1416m_fondoGorila_2025-01-27/2025-01-28/patches/fondoGorila_2025_01_29__02_30_06_HDR0_1_Mothbot_yolo11m_4500_imgsz1600_b1_2024-01-18.pt.jpg,ORDER_Lepidoptera,2025-01-29,02:30:06,,2025_01_29__02_30_06,MachineObservation,Cerro_Hoya_Expedition_Hoya_1416m_fondoGorila_2025-01-27_2025-01-28,Cerro_Hoya_Expedition_Hoya_1416m_fondoGorila_2025-01-27,fondoGorila_2025_01_29__02_30_06_HDR0.jpg,fondoGorila_2025_01_29__02_30_06_HDR0_1_Mothbot_yolo11m_4500_imgsz1600_b1_2024-01-18.pt.jpg
,,,,,,,,,,,,ERROR,Cerro_Hoya_Expedition_Hoya_1416m_fondoGorila_2025-01-27,fondoGorila_2025_01_29__02_30_06_HDR0_2_Mothbot_yolo11m_4500_imgsz1600_b1_2024-01-18.pt.jpg,HS,Mothbot_yolo11m_4500_imgsz1600_b1_2024-01-18.pt,0.4180655777454376,,fondoGorila,Cerro_Hoya_Expedition/Hoya_1416m_fondoGorila_2025-01-27/2025-01-28/patches/fondoGorila_2025_01_29__02_30_06_HDR0_2_Mothbot_yolo11m_4500_imgsz1600_b1_2024-01-18.pt.jpg,ORDER_Lepidoptera,2025-01-29,02:30:06,,2025_01_29__02_30_06,MachineObservation,Cerro_Hoya_Expedition_Hoya_1416m_fondoGorila_2025-01-27_2025-01-28,Cerro_Hoya_Expedition_Hoya_1416m_fondoGorila_2025-01-27,fondoGorila_2025_01_29__02_30_06_HDR0.jpg,fondoGorila_2025_01_29__02_30_06_HDR0_2_Mothbot_yolo11m_4500_imgsz1600_b1_2024-01-18.pt.jpg
doi.org10.15468dl.6nxkw6.csv,Animalia,Arthropoda,Insecta,Diptera,,,,,811,,Diptera,Diptera,Cerro_Hoya_Expedition_Hoya_1416m_fondoGorila_2025-01-27,fondoGorila_2025_01_29__02_31_05_HDR0_0_Mothbot_yolo11m_4500_imgsz1600_b1_2024-01-18.pt.jpg,HS,Mothbot_yolo11m_4500_imgsz1600_b1_2024-01-18.pt,0.6859897375106812,,fondoGorila,Cerro_Hoya_Expedition/Hoya_1416m_fondoGorila_2025-01-27/2025-01-28/patches/fondoGorila_2025_01_29__02_31_05_HDR0_0_Mothbot_yolo11m_4500_imgsz1600_b1_2024-01-18.pt.jpg,ORDER_Diptera,2025-01-29,02:31:05,,2025_01_29__02_31_05,MachineObservation,Cerro_Hoya_Expedition_Hoya_1416m_fondoGorila_2025-01-27_2025-01-28,Cerro_Hoya_Expedition_Hoya_1416m_fondoGorila_2025-01-27,fondoGorila_2025_01_29__02_31_05_HDR0.jpg,fondoGorila_2025_01_29__02_31_05_HDR0_0_Mothbot_yolo11m_4500_imgsz1600_b1_2024-01-18.pt.jpg
,,,,,,,,,,,,ERROR,Cerro_Hoya_Expedition_Hoya_1416m_fondoGorila_2025-01-27,fondoGorila_2025_01_29__02_31_05_HDR0_1_Mothbot_yolo11m_4500_imgsz1600_b1_2024-01-18.pt.jpg,HS,Mothbot_yolo11m_4500_imgsz1600_b1_2024-01-18.pt,0.6802827715873718,,fondoGorila,Cerro_Hoya_Expedition/Hoya_1416m_fondoGorila_2025-01-27/2025-01-28/patches/fondoGorila_2025_01_29__02_31_05_HDR0_1_Mothbot_yolo11m_4500_imgsz1600_b1_2024-01-18.pt.jpg,ORDER_Coleoptera,2025-01-29,02:31:05,,2025_01_29__02_31_05,MachineObservation,Cerro_Hoya_Expedition_Hoya_1416m_fondoGorila_2025-01-27_2025-01-28,Cerro_Hoya_Expedition_Hoya_1416m_fondoGorila_2025-01-27,fondoGorila_2025_01_29__02_31_05_HDR0.jpg,fondoGorila_2025_01_29__02_31_05_HDR0_1_Mothbot_yolo11m_4500_imgsz1600_b1_2024-01-18.pt.jpg
,,,,,,,,,,,,ERROR,Cerro_Hoya_Expedition_Hoya_1416m_fondoGorila_2025-01-27,fondoGorila_2025_01_29__02_31_05_HDR0_2_Mothbot_yolo11m_4500_imgsz1600_b1_2024-01-18.pt.jpg,HS,Mothbot_yolo11m_4500_imgsz1600_b1_2024-01-18.pt,0.462978720664978,,fondoGorila,Cerro_Hoya_Expedition/Hoya_1416m_fondoGorila_2025-01-27/2025-01-28/patches/fondoGorila_2025_01_29__02_31_05_HDR0_2_Mothbot_yolo11m_4500_imgsz1600_b1_2024-01-18.pt.jpg,ORDER_Hymenoptera,2025-01-29,02:31:05,,2025_01_29__02_31_05,MachineObservation,Cerro_Hoya_Expedition_Hoya_1416m_fondoGorila_2025-01-27_2025-01-28,Cerro_Hoya_Expedition_Hoya_1416m_fondoGorila_2025-01-27,fondoGorila_2025_01_29__02_31_05_HDR0.jpg,fondoGorila_2025_01_29__02_31_05_HDR0_2_Mothbot_yolo11m_4500_imgsz1600_b1_2024-01-18.pt.jpg
doi.org10.15468dl.6nxkw6.csv,Animalia,Arthropoda,Insecta,Diptera,,,,,811,,Diptera,Diptera,Cerro_Hoya_Expedition_Hoya_1416m_fondoGorila_2025-01-27,fondoGorila_2025_01_29__02_32_06_HDR0_0_Mothbot_yolo11m_4500_imgsz1600_b1_2024-01-18.pt.jpg,HS,Mothbot_yolo11m_4500_imgsz1600_b1_2024-01-18.pt,0.6973935961723328,,fondoGorila,Cerro_Hoya_Expedition/Hoya_1416m_fondoGorila_2025-01-27/2025-01-28/patches/fondoGorila_2025_01_29__02_32_06_HDR0_0_Mothbot_yolo11m_4500_imgsz1600_b1_2024-01-18.pt.jpg,ORDER_Diptera,2025-01-29,02:32:06,,2025_01_29__02_32_06,MachineObservation,Cerro_Hoya_Expedition_Hoya_1416m_fondoGorila_2025-01-27_2025-01-28,Cerro_Hoya_Expedition_Hoya_1416m_fondoGorila_2025-01-27,fondoGorila_2025_01_29__02_32_06_HDR0.jpg,fondoGorila_2025_01_29__02_32_06_HDR0_0_Mothbot_yolo11m_4500_imgsz1600_b1_2024-01-18.pt.jpg
doi.org10.15468dl.6nxkw6.csv,Animalia,Arthropoda,Insecta,Diptera,,,,,811,,Diptera,Diptera,Cerro_Hoya_Expedition_Hoya_1416m_fondoGorila_2025-01-27,fondoGorila_2025_01_29__02_32_06_HDR0_1_Mothbot_yolo11m_4500_imgsz1600_b1_2024-01-18.pt.jpg,HS,Mothbot_yolo11m_4500_imgsz1600_b1_2024-01-18.pt,0.6817685961723328,,fondoGorila,Cerro_Hoya_Expedition/Hoya_1416m_fondoGorila_2025-01-27/2025-01-28/patches/fondoGorila_2025_01_29__02_32_06_HDR0_1_Mothbot_yolo11m_4500_imgsz1600_b1_2024-01-18.pt.jpg,ORDER_Diptera,2025-01-29,02:32:06,,2025_01_29__02_32_06,MachineObservation,Cerro_Hoya_Expedition_Hoya_1416m_fondoGorila_2025-01-27_2025-01-28,Cerro_Hoya_Expedition_Hoya_1416m_fondoGorila_2025-01-27,fondoGorila_2025_01_29__02_32_06_HDR0.jpg,fondoGorila_2025_01_29__02_32_06_HDR0_1_Mothbot_yolo11m_4500_imgsz1600_b1_2024-01-18.pt.jpg
doi.org10.15468dl.6nxkw6.csv,Animalia,Arthropoda,Insecta,Hemiptera,,,,,809,,Hemiptera,Hemiptera,Cerro_Hoya_Expedition_Hoya_1416m_fondoGorila_2025-01-27,fondoGorila_2025_01_29__02_32_06_HDR0_2_Mothbot_yolo11m_4500_imgsz1600_b1_2024-01-18.pt.jpg,HS,Mothbot_yolo11m_4500_imgsz1600_b1_2024-01-18.pt,0.6786937117576599,,fondoGorila,Cerro_Hoya_Expedition/Hoya_1416m_fondoGorila_2025-01-27/2025-01-28/patches/fondoGorila_2025_01_29__02_32_06_HDR0_2_Mothbot_yolo11m_4500_imgsz1600_b1_2024-01-18.pt.jpg,ORDER_Psocodea,2025-01-29,02:32:06,,2025_01_29__02_32_06,MachineObservation,Cerro_Hoya_Expedition_Hoya_1416m_fondoGorila_2025-01-27_2025-01-28,Cerro_Hoya_Expedition_Hoya_1416m_fondoGorila_2025-01-27,fondoGorila_2025_01_29__02_32_06_HDR0.jpg,fondoGorila_2025_01_29__02_32_06_HDR0_2_Mothbot_yolo11m_4500_imgsz1600_b1_2024-01-18.pt.jpg
,,,,,,,,,,,,ERROR,Cerro_Hoya_Expedition_Hoya_1416m_fondoGorila_2025-01-27,fondoGorila_2025_01_29__02_32_06_HDR0_3_Mothbot_yolo11m_4500_imgsz1600_b1_2024-01-18.pt.jpg,HS,Mothbot_yolo11m_4500_imgsz1600_b1_2024-01-18.pt,0.64933842420578,,fondoGorila,Cerro_Hoya_Expedition/Hoya_1416m_fondoGorila_2025-01-27/2025-01-28/patches/fondoGorila_2025_01_29__02_32_06_HDR0_3_Mothbot_yolo11m_4500_imgsz1600_b1_2024-01-18.pt.jpg,ORDER_Diptera,2025-01-29,02:32:06,,2025_01_29__02_32_06,MachineObservation,Cerro_Hoya_Expedition_Hoya_1416m_fondoGorila_2025-01-27_2025-01-28,Cerro_Hoya_Expedition_Hoya_1416m_fondoGorila_2025-01-27,fondoGorila_2025_01_29__02_32_06_HDR0.jpg,fondoGorila_2025_01_29__02_32_06_HDR0_3_Mothbot_yolo11m_4500_imgsz1600_b1_2024-01-18.pt.jpg
,,,,,,,,,,,,ERROR,Cerro_Hoya_Expedition_Hoya_1416m_fondoGorila_2025-01-27,fondoGorila_2025_01_29__02_32_06_HDR0_4_Mothbot_yolo11m_4500_imgsz1600_b1_2024-01-18.pt.jpg,HS,Mothbot_yolo11m_4500_imgsz1600_b1_2024-01-18.pt,0.42075544595718384,,fondoGorila,Cerro_Hoya_Expedition/Hoya_1416m_fondoGorila_2025-01-27/2025-01-28/patches/fondoGorila_2025_01_29__02_32_06_HDR0_4_Mothbot_yolo11m_4500_imgsz1600_b1_2024-01-18.pt.jpg,ORDER_Hymenoptera,2025-01-29,02:32:06,,2025_01_29__02_32_06,MachineObservation,Cerro_Hoya_Expedition_Hoya_1416m_fondoGorila_2025-01-27_2025-01-28,Cerro_Hoya_Expedition_Hoya_1416m_fondoGorila_2025-01-27,fondoGorila_2025_01_29__02_32_06_HDR0.jpg,fondoGorila_2025_01_29__02_32_06_HDR0_4_Mothbot_yolo11m_4500_imgsz1600_b1_2024-01-18.pt.jpg
doi.org10.15468dl.6nxkw6.csv,Animalia,Arthropoda,Insecta,Diptera,,,,,811,,Diptera,Diptera,Cerro_Hoya_Expedition_Hoya_1416m_fondoGorila_2025-01-27,fondoGorila_2025_01_29__02_33_06_HDR0_0_Mothbot_yolo11m_4500_imgsz1600_b1_2024-01-18.pt.jpg,HS,Mothbot_yolo11m_4500_imgsz1600_b1_2024-01-18.pt,0.6693825721740723,,fondoGorila,Cerro_Hoya_Expedition/Hoya_1416m_fondoGorila_2025-01-27/2025-01-28/patches/fondoGorila_2025_01_29__02_33_06_HDR0_0_Mothbot_yolo11m_4500_imgsz1600_b1_2024-01-18.pt.jpg,ORDER_Diptera,2025-01-29,02:33:06,,2025_01_29__02_33_06,MachineObservation,Cerro_Hoya_Expedition_Hoya_1416m_fondoGorila_2025-01-27_2025-01-28,Cerro_Hoya_Expedition_Hoya_1416m_fondoGorila_2025-01-27,fondoGorila_2025_01_29__02_33_06_HDR0.jpg,fondoGorila_2025_01_29__02_33_06_HDR0_0_Mothbot_yolo11m_4500_imgsz1600_b1_2024-01-18.pt.jpg
,,,,,,,,,,,,ERROR,Cerro_Hoya_Expedition_Hoya_1416m_fondoGorila_2025-01-27,fondoGorila_2025_01_29__02_33_06_HDR0_1_Mothbot_yolo11m_4500_imgsz1600_b1_2024-01-18.pt.jpg,HS,Mothbot_yolo11m_4500_imgsz1600_b1_2024-01-18.pt,0.5574890375137329,,fondoGorila,Cerro_Hoya_Expedition/Hoya_1416m_fondoGorila_2025-01-27/2025-01-28/patches/fondoGorila_2025_01_29__02_33_06_HDR0_1_Mothbot_yolo11m_4500_imgsz1600_b1_2024-01-18.pt.jpg,ORDER_Diptera,2025-01-29,02:33:06,,2025_01_29__02_33_06,MachineObservation,Cerro_Hoya_Expedition_Hoya_1416m_fondoGorila_2025-01-27_2025-01-28,Cerro_Hoya_Expedition_Hoya_1416m_fondoGorila_2025-01-27,fondoGorila_2025_01_29__02_33_06_HDR0.jpg,fondoGorila_2025_01_29__02_33_06_HDR0_1_Mothbot_yolo11m_4500_imgsz1600_b1_2024-01-18.pt.jpg
,,,,,,,,,,,,ERROR,Cerro_Hoya_Expedition_Hoya_1416m_fondoGorila_2025-01-27,fondoGorila_2025_01_29__02_33_06_HDR0_2_Mothbot_yolo11m_4500_imgsz1600_b1_2024-01-18.pt.jpg,HS,Mothbot_yolo11m_4500_imgsz1600_b1_2024-01-18.pt,0.3702089488506317,,fondoGorila,Cerro_Hoya_Expedition/Hoya_1416m_fondoGorila_2025-01-27/2025-01-28/patches/fondoGorila_2025_01_29__02_33_06_HDR0_2_Mothbot_yolo11m_4500_imgsz1600_b1_2024-01-18.pt.jpg,ORDER_Psocodea,2025-01-29,02:33:06,,2025_01_29__02_33_06,MachineObservation,Cerro_Hoya_Expedition_Hoya_1416m_fondoGorila_2025-01-27_2025-01-28,Cerro_Hoya_Expedition_Hoya_1416m_fondoGorila_2025-01-27,fondoGorila_2025_01_29__02_33_06_HDR0.jpg,fondoGorila_2025_01_29__02_33_06_HDR0_2_Mothbot_yolo11m_4500_imgsz1600_b1_2024-01-18.pt.jpg
doi.org10.15468dl.6nxkw6.csv,Animalia,Arthropoda,Insecta,Hemiptera,,,,,809,,Hemiptera,Hemiptera,Cerro_Hoya_Expedition_Hoya_1416m_fondoGorila_2025-01-27,fondoGorila_2025_01_29__02_34_06_HDR0_0_Mothbot_yolo11m_4500_imgsz1600_b1_2024-01-18.pt.jpg,HS,Mothbot_yolo11m_4500_imgsz1600_b1_2024-01-18.pt,0.8064084053039551,,fondoGorila,Cerro_Hoya_Expedition/Hoya_1416m_fondoGorila_2025-01-27/2025-01-28/patches/fondoGorila_2025_01_29__02_34_06_HDR0_0_Mothbot_yolo11m_4500_imgsz1600_b1_2024-01-18.pt.jpg,ORDER_Hemiptera,2025-01-29,02:34:06,,2025_01_29__02_34_06,MachineObservation,Cerro_Hoya_Expedition_Hoya_1416m_fondoGorila_2025-01-27_2025-01-28,Cerro_Hoya_Expedition_Hoya_1416m_fondoGorila_2025-01-27,fondoGorila_2025_01_29__02_34_06_HDR0.jpg,fondoGorila_2025_01_29__02_34_06_HDR0_0_Mothbot_yolo11m_4500_imgsz1600_b1_2024-01-18.pt.jpg
doi.org10.15468dl.6nxkw6.csv,Animalia,Arthropoda,Insecta,Diptera,,,,,811,,Diptera,Diptera,Cerro_Hoya_Expedition_Hoya_1416m_fondoGorila_2025-01-27,fondoGorila_2025_01_29__02_34_06_HDR0_1_Mothbot_yolo11m_4500_imgsz1600_b1_2024-01-18.pt.jpg,HS,Mothbot_yolo11m_4500_imgsz1600_b1_2024-01-18.pt,0.7244172096252441,,fondoGorila,Cerro_Hoya_Expedition/Hoya_1416m_fondoGorila_2025-01-27/2025-01-28/patches/fondoGorila_2025_01_29__02_34_06_HDR0_1_Mothbot_yolo11m_4500_imgsz1600_b1_2024-01-18.pt.jpg,ORDER_Psocodea,2025-01-29,02:34:06,,2025_01_29__02_34_06,MachineObservation,Cerro_Hoya_Expedition_Hoya_1416m_fondoGorila_2025-01-27_2025-01-28,Cerro_Hoya_Expedition_Hoya_1416m_fondoGorila_2025-01-27,fondoGorila_2025_01_29__02_34_06_HDR0.jpg,fondoGorila_2025_01_29__02_34_06_HDR0_1_Mothbot_yolo11m_4500_imgsz1600_b1_2024-01-18.pt.jpg
,,,,,,,,,,,,ERROR,Cerro_Hoya_Expedition_Hoya_1416m_fondoGorila_2025-01-27,fondoGorila_2025_01_29__02_34_06_HDR0_2_Mothbot_yolo11m_4500_imgsz1600_b1_2024-01-18.pt.jpg,HS,Mothbot_yolo11m_4500_imgsz1600_b1_2024-01-18.pt,0.6615386009216309,,fondoGorila,Cerro_Hoya_Expedition/Hoya_1416m_fondoGorila_2025-01-27/2025-01-28/patches/fondoGorila_2025_01_29__02_34_06_HDR0_2_Mothbot_yolo11m_4500_imgsz1600_b1_2024-01-18.pt.jpg,ORDER_Diptera,2025-01-29,02:34:06,,2025_01_29__02_34_06,MachineObservation,Cerro_Hoya_Expedition_Hoya_1416m_fondoGorila_2025-01-27_2025-01-28,Cerro_Hoya_Expedition_Hoya_1416m_fondoGorila_2025-01-27,fondoGorila_2025_01_29__02_34_06_HDR0.jpg,fondoGorila_2025_01_29__02_34_06_HDR0_2_Mothbot_yolo11m_4500_imgsz1600_b1_2024-01-18.pt.jpg
,,,,,,,,,,,,ERROR,Cerro_Hoya_Expedition_Hoya_1416m_fondoGorila_2025-01-27,fondoGorila_2025_01_29__02_34_06_HDR0_3_Mothbot_yolo11m_4500_imgsz1600_b1_2024-01-18.pt.jpg,HS,Mothbot_yolo11m_4500_imgsz1600_b1_2024-01-18.pt,0.5819249153137207,,fondoGorila,Cerro_Hoya_Expedition/Hoya_1416m_fondoGorila_2025-01-27/2025-01-28/patches/fondoGorila_2025_01_29__02_34_06_HDR0_3_Mothbot_yolo11m_4500_imgsz1600_b1_2024-01-18.pt.jpg,ORDER_Coleoptera,2025-01-29,02:34:06,,2025_01_29__02_34_06,MachineObservation,Cerro_Hoya_Expedition_Hoya_1416m_fondoGorila_2025-01-27_2025-01-28,Cerro_Hoya_Expedition_Hoya_1416m_fondoGorila_2025-01-27,fondoGorila_2025_01_29__02_34_06_HDR0.jpg,fondoGorila_2025_01_29__02_34_06_HDR0_3_Mothbot_yolo11m_4500_imgsz1600_b1_2024-01-18.pt.jpg
doi.org10.15468dl.6nxkw6.csv,Animalia,Arthropoda,Insecta,Hemiptera,,,,,809,,Hemiptera,Hemiptera,Cerro_Hoya_Expedition_Hoya_1416m_fondoGorila_2025-01-27,fondoGorila_2025_01_29__02_34_06_HDR0_4_Mothbot_yolo11m_4500_imgsz1600_b1_2024-01-18.pt.jpg,HS,Mothbot_yolo11m_4500_imgsz1600_b1_2024-01-18.pt,0.2590533196926117,,fondoGorila,Cerro_Hoya_Expedition/Hoya_1416m_fondoGorila_2025-01-27/2025-01-28/patches/fondoGorila_2025_01_29__02_34_06_HDR0_4_Mothbot_yolo11m_4500_imgsz1600_b1_2024-01-18.pt.jpg,ORDER_Psocodea,2025-01-29,02:34:06,,2025_01_29__02_34_06,MachineObservation,Cerro_Hoya_Expedition_Hoya_1416m_fondoGorila_2025-01-27_2025-01-28,Cerro_Hoya_Expedition_Hoya_1416m_fondoGorila_2025-01-27,fondoGorila_2025_01_29__02_34_06_HDR0.jpg,fondoGorila_2025_01_29__02_34_06_HDR0_4_Mothbot_yolo11m_4500_imgsz1600_b1_2024-01-18.pt.jpg
doi.org10.15468dl.6nxkw6.csv,Animalia,Arthropoda,Insecta,Hemiptera,,,,,809,,Hemiptera,Hemiptera,Cerro_Hoya_Expedition_Hoya_1416m_fondoGorila_2025-01-27,fondoGorila_2025_01_29__02_35_06_HDR0_0_Mothbot_yolo11m_4500_imgsz1600_b1_2024-01-18.pt.jpg,HS,Mothbot_yolo11m_4500_imgsz1600_b1_2024-01-18.pt,0.8331203460693359,,fondoGorila,Cerro_Hoya_Expedition/Hoya_1416m_fondoGorila_2025-01-27/2025-01-28/patches/fondoGorila_2025_01_29__02_35_06_HDR0_0_Mothbot_yolo11m_4500_imgsz1600_b1_2024-01-18.pt.jpg,ORDER_Diptera,2025-01-29,02:35:06,,2025_01_29__02_35_06,MachineObservation,Cerro_Hoya_Expedition_Hoya_1416m_fondoGorila_2025-01-27_2025-01-28,Cerro_Hoya_Expedition_Hoya_1416m_fondoGorila_2025-01-27,fondoGorila_2025_01_29__02_35_06_HDR0.jpg,fondoGorila_2025_01_29__02_35_06_HDR0_0_Mothbot_yolo11m_4500_imgsz1600_b1_2024-01-18.pt.jpg
,,,,,,,,,,,,ERROR,Cerro_Hoya_Expedition_Hoya_1416m_fondoGorila_2025-01-27,fondoGorila_2025_01_29__02_35_06_HDR0_1_Mothbot_yolo11m_4500_imgsz1600_b1_2024-01-18.pt.jpg,HS,Mothbot_yolo11m_4500_imgsz1600_b1_2024-01-18.pt,0.7683042883872986,,fondoGorila,Cerro_Hoya_Expedition/Hoya_1416m_fondoGorila_2025-01-27/2025-01-28/patches/fondoGorila_2025_01_29__02_35_06_HDR0_1_Mothbot_yolo11m_4500_imgsz1600_b1_2024-01-18.pt.jpg,ORDER_Lepidoptera,2025-01-29,02:35:06,,2025_01_29__02_35_06,MachineObservation,Cerro_Hoya_Expedition_Hoya_1416m_fondoGorila_2025-01-27_2025-01-28,Cerro_Hoya_Expedition_Hoya_1416m_fondoGorila_2025-01-27,fondoGorila_2025_01_29__02_35_06_HDR0.jpg,fondoGorila_2025_01_29__02_35_06_HDR0_1_Mothbot_yolo11m_4500_imgsz1600_b1_2024-01-18.pt.jpg
,,,,,,,,,,,,ERROR,Cerro_Hoya_Expedition_Hoya_1416m_fondoGorila_2025-01-27,fondoGorila_2025_01_29__02_35_06_HDR0_2_Mothbot_yolo11m_4500_imgsz1600_b1_2024-01-18.pt.jpg,HS,Mothbot_yolo11m_4500_imgsz1600_b1_2024-01-18.pt,0.5194008350372314,,fondoGorila,Cerro_Hoya_Expedition/Hoya_1416m_fondoGorila_2025-01-27/2025-01-28/patches/fondoGorila_2025_01_29__02_35_06_HDR0_2_Mothbot_yolo11m_4500_imgsz1600_b1_2024-01-18.pt.jpg,ORDER_Hymenoptera,2025-01-29,02:35:06,,2025_01_29__02_35_06,MachineObservation,Cerro_Hoya_Expedition_Hoya_1416m_fondoGorila_2025-01-27_2025-01-28,Cerro_Hoya_Expedition_Hoya_1416m_fondoGorila_2025-01-27,fondoGorila_2025_01_29__02_35_06_HDR0.jpg,fondoGorila_2025_01_29__02_35_06_HDR0_2_Mothbot_yolo11m_4500_imgsz1600_b1_2024-01-18.pt.jpg
doi.org10.15468dl.6nxkw6.csv,Animalia,Arthropoda,Insecta,Diptera,,,,,811,,Diptera,Diptera,Cerro_Hoya_Expedition_Hoya_1416m_fondoGorila_2025-01-27,fondoGorila_2025_01_29__02_36_21_HDR0_0_Mothbot_yolo11m_4500_imgsz1600_b1_2024-01-18.pt.jpg,HS,Mothbot_yolo11m_4500_imgsz1600_b1_2024-01-18.pt,0.8576549291610718,,fondoGorila,Cerro_Hoya_Expedition/Hoya_1416m_fondoGorila_2025-01-27/2025-01-28/patches/fondoGorila_2025_01_29__02_36_21_HDR0_0_Mothbot_yolo11m_4500_imgsz1600_b1_2024-01-18.pt.jpg,ORDER_Diptera,2025-01-29,02:36:21,,2025_01_29__02_36_21,MachineObservation,Cerro_Hoya_Expedition_Hoya_1416m_fondoGorila_2025-01-27_2025-01-28,Cerro_Hoya_Expedition_Hoya_1416m_fondoGorila_2025-01-27,fondoGorila_2025_01_29__02_36_21_HDR0.jpg,fondoGorila_2025_01_29__02_36_21_HDR0_0_Mothbot_yolo11m_4500_imgsz1600_b1_2024-01-18.pt.jpg
doi.org10.15468dl.6nxkw6.csv,Animalia,Arthropoda,Insecta,Hemiptera,,,,,809,,Hemiptera,Hemiptera,Cerro_Hoya_Expedition_Hoya_1416m_fondoGorila_2025-01-27,fondoGorila_2025_01_29__02_36_21_HDR0_1_Mothbot_yolo11m_4500_imgsz1600_b1_2024-01-18.pt.jpg,HS,Mothbot_yolo11m_4500_imgsz1600_b1_2024-01-18.pt,0.7924984693527222,,fondoGorila,Cerro_Hoya_Expedition/Hoya_1416m_fondoGorila_2025-01-27/2025-01-28/patches/fondoGorila_2025_01_29__02_36_21_HDR0_1_Mothbot_yolo11m_4500_imgsz1600_b1_2024-01-18.pt.jpg,ORDER_Psocodea,2025-01-29,02:36:21,,2025_01_29__02_36_21,MachineObservation,Cerro_Hoya_Expedition_Hoya_1416m_fondoGorila_2025-01-27_2025-01-28,Cerro_Hoya_Expedition_Hoya_1416m_fondoGorila_2025-01-27,fondoGorila_2025_01_29__02_36_21_HDR0.jpg,fondoGorila_2025_01_29__02_36_21_HDR0_1_Mothbot_yolo11m_4500_imgsz1600_b1_2024-01-18.pt.jpg
,,,,,,,,,,,,ERROR,Cerro_Hoya_Expedition_Hoya_1416m_fondoGorila_2025-01-27,fondoGorila_2025_01_29__02_36_21_HDR0_2_Mothbot_yolo11m_4500_imgsz1600_b1_2024-01-18.pt.jpg,HS,Mothbot_yolo11m_4500_imgsz1600_b1_2024-01-18.pt,0.7166494727134705,,fondoGorila,Cerro_Hoya_Expedition/Hoya_1416m_fondoGorila_2025-01-27/2025-01-28/patches/fondoGorila_2025_01_29__02_36_21_HDR0_2_Mothbot_yolo11m_4500_imgsz1600_b1_2024-01-18.pt.jpg,ORDER_Lepidoptera,2025-01-29,02:36:21,,2025_01_29__02_36_21,MachineObservation,Cerro_Hoya_Expedition_Hoya_1416m_fondoGorila_2025-01-27_2025-01-28,Cerro_Hoya_Expedition_Hoya_1416m_fondoGorila_2025-01-27,fondoGorila_2025_01_29__02_36_21_HDR0.jpg,fondoGorila_2025_01_29__02_36_21_HDR0_2_Mothbot_yolo11m_4500_imgsz1600_b1_2024-01-18.pt.jpg
,,,,,,,,,,,,ERROR,Cerro_Hoya_Expedition_Hoya_1416m_fondoGorila_2025-01-27,fondoGorila_2025_01_29__02_36_21_HDR0_3_Mothbot_yolo11m_4500_imgsz1600_b1_2024-01-18.pt.jpg,HS,Mothbot_yolo11m_4500_imgsz1600_b1_2024-01-18.pt,0.5439549088478088,,fondoGorila,Cerro_Hoya_Expedition/Hoya_1416m_fondoGorila_2025-01-27/2025-01-28/patches/fondoGorila_2025_01_29__02_36_21_HDR0_3_Mothbot_yolo11m_4500_imgsz1600_b1_2024-01-18.pt.jpg,ORDER_Hymenoptera,2025-01-29,02:36:21,,2025_01_29__02_36_21,MachineObservation,Cerro_Hoya_Expedition_Hoya_1416m_fondoGorila_2025-01-27_2025-01-28,Cerro_Hoya_Expedition_Hoya_1416m_fondoGorila_2025-01-27,fondoGorila_2025_01_29__02_36_21_HDR0.jpg,fondoGorila_2025_01_29__02_36_21_HDR0_3_Mothbot_yolo11m_4500_imgsz1600_b1_2024-01-18.pt.jpg
,,,,,,,,,,,,ERROR,Cerro_Hoya_Expedition_Hoya_1416m_fondoGorila_2025-01-27,fondoGorila_2025_01_29__02_36_21_HDR0_4_Mothbot_yolo11m_4500_imgsz1600_b1_2024-01-18.pt.jpg,HS,Mothbot_yolo11m_4500_imgsz1600_b1_2024-01-18.pt,0.25192809104919434,,fondoGorila,Cerro_Hoya_Expedition/Hoya_1416m_fondoGorila_2025-01-27/2025-01-28/patches/fondoGorila_2025_01_29__02_36_21_HDR0_4_Mothbot_yolo11m_4500_imgsz1600_b1_2024-01-18.pt.jpg,ORDER_Diptera,2025-01-29,02:36:21,,2025_01_29__02_36_21,MachineObservation,Cerro_Hoya_Expedition_Hoya_1416m_fondoGorila_2025-01-27_2025-01-28,Cerro_Hoya_Expedition_Hoya_1416m_fondoGorila_2025-01-27,fondoGorila_2025_01_29__02_36_21_HDR0.jpg,fondoGorila_2025_01_29__02_36_21_HDR0_4_Mothbot_yolo11m_4500_imgsz1600_b1_2024-01-18.pt.jpg
doi.org10.15468dl.6nxkw6.csv,Animalia,Arthropoda,Insecta,Diptera,,,,,811,,Diptera,Diptera,Cerro_Hoya_Expedition_Hoya_1416m_fondoGorila_2025-01-27,fondoGorila_2025_01_29__02_37_06_HDR0_0_Mothbot_yolo11m_4500_imgsz1600_b1_2024-01-18.pt.jpg,HS,Mothbot_yolo11m_4500_imgsz1600_b1_2024-01-18.pt,0.8502123355865479,,fondoGorila,Cerro_Hoya_Expedition/Hoya_1416m_fondoGorila_2025-01-27/2025-01-28/patches/fondoGorila_2025_01_29__02_37_06_HDR0_0_Mothbot_yolo11m_4500_imgsz1600_b1_2024-01-18.pt.jpg,ORDER_Diptera,2025-01-29,02:37:06,,2025_01_29__02_37_06,MachineObservation,Cerro_Hoya_Expedition_Hoya_1416m_fondoGorila_2025-01-27_2025-01-28,Cerro_Hoya_Expedition_Hoya_1416m_fondoGorila_2025-01-27,fondoGorila_2025_01_29__02_37_06_HDR0.jpg,fondoGorila_2025_01_29__02_37_06_HDR0_0_Mothbot_yolo11m_4500_imgsz1600_b1_2024-01-18.pt.jpg
,,,,,,,,,,,,ERROR,Cerro_Hoya_Expedition_Hoya_1416m_fondoGorila_2025-01-27,fondoGorila_2025_01_29__02_37_06_HDR0_1_Mothbot_yolo11m_4500_imgsz1600_b1_2024-01-18.pt.jpg,HS,Mothbot_yolo11m_4500_imgsz1600_b1_2024-01-18.pt,0.551878809928894,,fondoGorila,Cerro_Hoya_Expedition/Hoya_1416m_fondoGorila_2025-01-27/2025-01-28/patches/fondoGorila_2025_01_29__02_37_06_HDR0_1_Mothbot_yolo11m_4500_imgsz1600_b1_2024-01-18.pt.jpg,ORDER_Lepidoptera,2025-01-29,02:37:06,,2025_01_29__02_37_06,MachineObservation,Cerro_Hoya_Expedition_Hoya_1416m_fondoGorila_2025-01-27_2025-01-28,Cerro_Hoya_Expedition_Hoya_1416m_fondoGorila_2025-01-27,fondoGorila_2025_01_29__02_37_06_HDR0.jpg,fondoGorila_2025_01_29__02_37_06_HDR0_1_Mothbot_yolo11m_4500_imgsz1600_b1_2024-01-18.pt.jpg
,,,,,,,,,,,,ERROR,Cerro_Hoya_Expedition_Hoya_1416m_fondoGorila_2025-01-27,fondoGorila_2025_01_29__02_37_06_HDR0_2_Mothbot_yolo11m_4500_imgsz1600_b1_2024-01-18.pt.jpg,HS,Mothbot_yolo11m_4500_imgsz1600_b1_2024-01-18.pt,0.537948489189148,,fondoGorila,Cerro_Hoya_Expedition/Hoya_1416m_fondoGorila_2025-01-27/2025-01-28/patches/fondoGorila_2025_01_29__02_37_06_HDR0_2_Mothbot_yolo11m_4500_imgsz1600_b1_2024-01-18.pt.jpg,ORDER_Diptera,2025-01-29,02:37:06,,2025_01_29__02_37_06,MachineObservation,Cerro_Hoya_Expedition_Hoya_1416m_fondoGorila_2025-01-27_2025-01-28,Cerro_Hoya_Expedition_Hoya_1416m_fondoGorila_2025-01-27,fondoGorila_2025_01_29__02_37_06_HDR0.jpg,fondoGorila_2025_01_29__02_37_06_HDR0_2_Mothbot_yolo11m_4500_imgsz1600_b1_2024-01-18.pt.jpg
doi.org10.15468dl.6nxkw6.csv,Animalia,Arthropoda,Insecta,Hemiptera,,,,,809,,Hemiptera,Hemiptera,Cerro_Hoya_Expedition_Hoya_1416m_fondoGorila_2025-01-27,fondoGorila_2025_01_29__02_38_06_HDR0_0_Mothbot_yolo11m_4500_imgsz1600_b1_2024-01-18.pt.jpg,HS,Mothbot_yolo11m_4500_imgsz1600_b1_2024-01-18.pt,0.8361874222755432,,fondoGorila,Cerro_Hoya_Expedition/Hoya_1416m_fondoGorila_2025-01-27/2025-01-28/patches/fondoGorila_2025_01_29__02_38_06_HDR0_0_Mothbot_yolo11m_4500_imgsz1600_b1_2024-01-18.pt.jpg,ORDER_Hemiptera,2025-01-29,02:38:06,,2025_01_29__02_38_06,MachineObservation,Cerro_Hoya_Expedition_Hoya_1416m_fondoGorila_2025-01-27_2025-01-28,Cerro_Hoya_Expedition_Hoya_1416m_fondoGorila_2025-01-27,fondoGorila_2025_01_29__02_38_06_HDR0.jpg,fondoGorila_2025_01_29__02_38_06_HDR0_0_Mothbot_yolo11m_4500_imgsz1600_b1_2024-01-18.pt.jpg
,,,,,,,,,,,,ERROR,Cerro_Hoya_Expedition_Hoya_1416m_fondoGorila_2025-01-27,fondoGorila_2025_01_29__02_38_06_HDR0_1_Mothbot_yolo11m_4500_imgsz1600_b1_2024-01-18.pt.jpg,HS,Mothbot_yolo11m_4500_imgsz1600_b1_2024-01-18.pt,0.6359109878540039,,fondoGorila,Cerro_Hoya_Expedition/Hoya_1416m_fondoGorila_2025-01-27/2025-01-28/patches/fondoGorila_2025_01_29__02_38_06_HDR0_1_Mothbot_yolo11m_4500_imgsz1600_b1_2024-01-18.pt.jpg,ORDER_Diptera,2025-01-29,02:38:06,,2025_01_29__02_38_06,MachineObservation,Cerro_Hoya_Expedition_Hoya_1416m_fondoGorila_2025-01-27_2025-01-28,Cerro_Hoya_Expedition_Hoya_1416m_fondoGorila_2025-01-27,fondoGorila_2025_01_29__02_38_06_HDR0.jpg,fondoGorila_2025_01_29__02_38_06_HDR0_1_Mothbot_yolo11m_4500_imgsz1600_b1_2024-01-18.pt.jpg
,,,,,,,,,,,,ERROR,Cerro_Hoya_Expedition_Hoya_1416m_fondoGorila_2025-01-27,fondoGorila_2025_01_29__02_38_06_HDR0_2_Mothbot_yolo11m_4500_imgsz1600_b1_2024-01-18.pt.jpg,HS,Mothbot_yolo11m_4500_imgsz1600_b1_2024-01-18.pt,0.5659446120262146,,fondoGorila,Cerro_Hoya_Expedition/Hoya_1416m_fondoGorila_2025-01-27/2025-01-28/patches/fondoGorila_2025_01_29__02_38_06_HDR0_2_Mothbot_yolo11m_4500_imgsz1600_b1_2024-01-18.pt.jpg,ORDER_Lepidoptera,2025-01-29,02:38:06,,2025_01_29__02_38_06,MachineObservation,Cerro_Hoya_Expedition_Hoya_1416m_fondoGorila_2025-01-27_2025-01-28,Cerro_Hoya_Expedition_Hoya_1416m_fondoGorila_2025-01-27,fondoGorila_2025_01_29__02_38_06_HDR0.jpg,fondoGorila_2025_01_29__02_38_06_HDR0_2_Mothbot_yolo11m_4500_imgsz1600_b1_2024-01-18.pt.jpg
doi.org10.15468dl.6nxkw6.csv,Animalia,Arthropoda,Insecta,Hemiptera,,,,,809,,Hemiptera,Hemiptera,Cerro_Hoya_Expedition_Hoya_1416m_fondoGorila_2025-01-27,fondoGorila_2025_01_29__02_39_06_HDR0_0_Mothbot_yolo11m_4500_imgsz1600_b1_2024-01-18.pt.jpg,HS,Mothbot_yolo11m_4500_imgsz1600_b1_2024-01-18.pt,0.837562084197998,,fondoGorila,Cerro_Hoya_Expedition/Hoya_1416m_fondoGorila_2025-01-27/2025-01-28/patches/fondoGorila_2025_01_29__02_39_06_HDR0_0_Mothbot_yolo11m_4500_imgsz1600_b1_2024-01-18.pt.jpg,ORDER_Hemiptera,2025-01-29,02:39:06,,2025_01_29__02_39_06,MachineObservation,Cerro_Hoya_Expedition_Hoya_1416m_fondoGorila_2025-01-27_2025-01-28,Cerro_Hoya_Expedition_Hoya_1416m_fondoGorila_2025-01-27,fondoGorila_2025_01_29__02_39_06_HDR0.jpg,fondoGorila_2025_01_29__02_39_06_HDR0_0_Mothbot_yolo11m_4500_imgsz1600_b1_2024-01-18.pt.jpg
doi.org10.15468dl.6nxkw6.csv,Animalia,Arthropoda,Insecta,Coleoptera,Chrysomelidae,Neobrotica,trichops,,,,trichops,Neobrotica trichops,Cerro_Hoya_Expedition_Hoya_1416m_fondoGorila_2025-01-27,fondoGorila_2025_01_29__02_39_06_HDR0_1_Mothbot_yolo11m_4500_imgsz1600_b1_2024-01-18.pt.jpg,HS,Mothbot_yolo11m_4500_imgsz1600_b1_2024-01-18.pt,0.8148123621940613,,fondoGorila,Cerro_Hoya_Expedition/Hoya_1416m_fondoGorila_2025-01-27/2025-01-28/patches/fondoGorila_2025_01_29__02_39_06_HDR0_1_Mothbot_yolo11m_4500_imgsz1600_b1_2024-01-18.pt.jpg,ORDER_Lepidoptera,2025-01-29,02:39:06,,2025_01_29__02_39_06,MachineObservation,Cerro_Hoya_Expedition_Hoya_1416m_fondoGorila_2025-01-27_2025-01-28,Cerro_Hoya_Expedition_Hoya_1416m_fondoGorila_2025-01-27,fondoGorila_2025_01_29__02_39_06_HDR0.jpg,fondoGorila_2025_01_29__02_39_06_HDR0_1_Mothbot_yolo11m_4500_imgsz1600_b1_2024-01-18.pt.jpg
doi.org10.15468dl.6nxkw6.csv,Animalia,Arthropoda,Insecta,Hemiptera,,,,,809,,Hemiptera,Hemiptera,Cerro_Hoya_Expedition_Hoya_1416m_fondoGorila_2025-01-27,fondoGorila_2025_01_29__02_39_06_HDR0_2_Mothbot_yolo11m_4500_imgsz1600_b1_2024-01-18.pt.jpg,HS,Mothbot_yolo11m_4500_imgsz1600_b1_2024-01-18.pt,0.7364774346351624,,fondoGorila,Cerro_Hoya_Expedition/Hoya_1416m_fondoGorila_2025-01-27/2025-01-28/patches/fondoGorila_2025_01_29__02_39_06_HDR0_2_Mothbot_yolo11m_4500_imgsz1600_b1_2024-01-18.pt.jpg,ORDER_Hemiptera,2025-01-29,02:39:06,,2025_01_29__02_39_06,MachineObservation,Cerro_Hoya_Expedition_Hoya_1416m_fondoGorila_2025-01-27_2025-01-28,Cerro_Hoya_Expedition_Hoya_1416m_fondoGorila_2025-01-27,fondoGorila_2025_01_29__02_39_06_HDR0.jpg,fondoGorila_2025_01_29__02_39_06_HDR0_2_Mothbot_yolo11m_4500_imgsz1600_b1_2024-01-18.pt.jpg
,,,,,,,,,,,,ERROR,Cerro_Hoya_Expedition_Hoya_1416m_fondoGorila_2025-01-27,fondoGorila_2025_01_29__02_39_06_HDR0_3_Mothbot_yolo11m_4500_imgsz1600_b1_2024-01-18.pt.jpg,HS,Mothbot_yolo11m_4500_imgsz1600_b1_2024-01-18.pt,0.6993115544319153,,fondoGorila,Cerro_Hoya_Expedition/Hoya_1416m_fondoGorila_2025-01-27/2025-01-28/patches/fondoGorila_2025_01_29__02_39_06_HDR0_3_Mothbot_yolo11m_4500_imgsz1600_b1_2024-01-18.pt.jpg,ORDER_Diptera,2025-01-29,02:39:06,,2025_01_29__02_39_06,MachineObservation,Cerro_Hoya_Expedition_Hoya_1416m_fondoGorila_2025-01-27_2025-01-28,Cerro_Hoya_Expedition_Hoya_1416m_fondoGorila_2025-01-27,fondoGorila_2025_01_29__02_39_06_HDR0.jpg,fondoGorila_2025_01_29__02_39_06_HDR0_3_Mothbot_yolo11m_4500_imgsz1600_b1_2024-01-18.pt.jpg
,,,,,,,,,,,,ERROR,Cerro_Hoya_Expedition_Hoya_1416m_fondoGorila_2025-01-27,fondoGorila_2025_01_29__02_39_06_HDR0_4_Mothbot_yolo11m_4500_imgsz1600_b1_2024-01-18.pt.jpg,HS,Mothbot_yolo11m_4500_imgsz1600_b1_2024-01-18.pt,0.6091105341911316,,fondoGorila,Cerro_Hoya_Expedition/Hoya_1416m_fondoGorila_2025-01-27/2025-01-28/patches/fondoGorila_2025_01_29__02_39_06_HDR0_4_Mothbot_yolo11m_4500_imgsz1600_b1_2024-01-18.pt.jpg,ORDER_Lepidoptera,2025-01-29,02:39:06,,2025_01_29__02_39_06,MachineObservation,Cerro_Hoya_Expedition_Hoya_1416m_fondoGorila_2025-01-27_2025-01-28,Cerro_Hoya_Expedition_Hoya_1416m_fondoGorila_2025-01-27,fondoGorila_2025_01_29__02_39_06_HDR0.jpg,fondoGorila_2025_01_29__02_39_06_HDR0_4_Mothbot_yolo11m_4500_imgsz1600_b1_2024-01-18.pt.jpg
doi.org10.15468dl.6nxkw6.csv,Animalia,Arthropoda,Insecta,Hemiptera,,,,,809,,Hemiptera,Hemiptera,Cerro_Hoya_Expedition_Hoya_1416m_fondoGorila_2025-01-27,fondoGorila_2025_01_29__02_39_06_HDR0_5_Mothbot_yolo11m_4500_imgsz1600_b1_2024-01-18.pt.jpg,HS,Mothbot_yolo11m_4500_imgsz1600_b1_2024-01-18.pt,0.37281620502471924,,fondoGorila,Cerro_Hoya_Expedition/Hoya_1416m_fondoGorila_2025-01-27/2025-01-28/patches/fondoGorila_2025_01_29__02_39_06_HDR0_5_Mothbot_yolo11m_4500_imgsz1600_b1_2024-01-18.pt.jpg,ORDER_Hemiptera,2025-01-29,02:39:06,,2025_01_29__02_39_06,MachineObservation,Cerro_Hoya_Expedition_Hoya_1416m_fondoGorila_2025-01-27_2025-01-28,Cerro_Hoya_Expedition_Hoya_1416m_fondoGorila_2025-01-27,fondoGorila_2025_01_29__02_39_06_HDR0.jpg,fondoGorila_2025_01_29__02_39_06_HDR0_5_Mothbot_yolo11m_4500_imgsz1600_b1_2024-01-18.pt.jpg
,,,,,,,,,,,,ERROR,Cerro_Hoya_Expedition_Hoya_1416m_fondoGorila_2025-01-27,fondoGorila_2025_01_29__02_39_06_HDR0_6_Mothbot_yolo11m_4500_imgsz1600_b1_2024-01-18.pt.jpg,HS,Mothbot_yolo11m_4500_imgsz1600_b1_2024-01-18.pt,0.318195104598999,,fondoGorila,Cerro_Hoya_Expedition/Hoya_1416m_fondoGorila_2025-01-27/2025-01-28/patches/fondoGorila_2025_01_29__02_39_06_HDR0_6_Mothbot_yolo11m_4500_imgsz1600_b1_2024-01-18.pt.jpg,ORDER_Diptera,2025-01-29,02:39:06,,2025_01_29__02_39_06,MachineObservation,Cerro_Hoya_Expedition_Hoya_1416m_fondoGorila_2025-01-27_2025-01-28,Cerro_Hoya_Expedition_Hoya_1416m_fondoGorila_2025-01-27,fondoGorila_2025_01_29__02_39_06_HDR0.jpg,fondoGorila_2025_01_29__02_39_06_HDR0_6_Mothbot_yolo11m_4500_imgsz1600_b1_2024-01-18.pt.jpg
doi.org10.15468dl.6nxkw6.csv,Animalia,Arthropoda,Insecta,Hemiptera,,,,,809,,Hemiptera,Hemiptera,Cerro_Hoya_Expedition_Hoya_1416m_fondoGorila_2025-01-27,fondoGorila_2025_01_29__02_40_06_HDR0_0_Mothbot_yolo11m_4500_imgsz1600_b1_2024-01-18.pt.jpg,HS,Mothbot_yolo11m_4500_imgsz1600_b1_2024-01-18.pt,0.8415778279304504,,fondoGorila,Cerro_Hoya_Expedition/Hoya_1416m_fondoGorila_2025-01-27/2025-01-28/patches/fondoGorila_2025_01_29__02_40_06_HDR0_0_Mothbot_yolo11m_4500_imgsz1600_b1_2024-01-18.pt.jpg,ORDER_Hemiptera,2025-01-29,02:40:06,,2025_01_29__02_40_06,MachineObservation,Cerro_Hoya_Expedition_Hoya_1416m_fondoGorila_2025-01-27_2025-01-28,Cerro_Hoya_Expedition_Hoya_1416m_fondoGorila_2025-01-27,fondoGorila_2025_01_29__02_40_06_HDR0.jpg,fondoGorila_2025_01_29__02_40_06_HDR0_0_Mothbot_yolo11m_4500_imgsz1600_b1_2024-01-18.pt.jpg
doi.org10.15468dl.6nxkw6.csv,Animalia,Arthropoda,Insecta,Hemiptera,,,,,809,,Hemiptera,Hemiptera,Cerro_Hoya_Expedition_Hoya_1416m_fondoGorila_2025-01-27,fondoGorila_2025_01_29__02_40_06_HDR0_1_Mothbot_yolo11m_4500_imgsz1600_b1_2024-01-18.pt.jpg,HS,Mothbot_yolo11m_4500_imgsz1600_b1_2024-01-18.pt,0.7346643805503845,,fondoGorila,Cerro_Hoya_Expedition/Hoya_1416m_fondoGorila_2025-01-27/2025-01-28/patches/fondoGorila_2025_01_29__02_40_06_HDR0_1_Mothbot_yolo11m_4500_imgsz1600_b1_2024-01-18.pt.jpg,ORDER_Coleoptera,2025-01-29,02:40:06,,2025_01_29__02_40_06,MachineObservation,Cerro_Hoya_Expedition_Hoya_1416m_fondoGorila_2025-01-27_2025-01-28,Cerro_Hoya_Expedition_Hoya_1416m_fondoGorila_2025-01-27,fondoGorila_2025_01_29__02_40_06_HDR0.jpg,fondoGorila_2025_01_29__02_40_06_HDR0_1_Mothbot_yolo11m_4500_imgsz1600_b1_2024-01-18.pt.jpg
,,,,,,,,,,,,ERROR,Cerro_Hoya_Expedition_Hoya_1416m_fondoGorila_2025-01-27,fondoGorila_2025_01_29__02_40_06_HDR0_2_Mothbot_yolo11m_4500_imgsz1600_b1_2024-01-18.pt.jpg,HS,Mothbot_yolo11m_4500_imgsz1600_b1_2024-01-18.pt,0.7087804079055786,,fondoGorila,Cerro_Hoya_Expedition/Hoya_1416m_fondoGorila_2025-01-27/2025-01-28/patches/fondoGorila_2025_01_29__02_40_06_HDR0_2_Mothbot_yolo11m_4500_imgsz1600_b1_2024-01-18.pt.jpg,ORDER_Diptera,2025-01-29,02:40:06,,2025_01_29__02_40_06,MachineObservation,Cerro_Hoya_Expedition_Hoya_1416m_fondoGorila_2025-01-27_2025-01-28,Cerro_Hoya_Expedition_Hoya_1416m_fondoGorila_2025-01-27,fondoGorila_2025_01_29__02_40_06_HDR0.jpg,fondoGorila_2025_01_29__02_40_06_HDR0_2_Mothbot_yolo11m_4500_imgsz1600_b1_2024-01-18.pt.jpg
,,,,,,,,,,,,ERROR,Cerro_Hoya_Expedition_Hoya_1416m_fondoGorila_2025-01-27,fondoGorila_2025_01_29__02_40_06_HDR0_3_Mothbot_yolo11m_4500_imgsz1600_b1_2024-01-18.pt.jpg,HS,Mothbot_yolo11m_4500_imgsz1600_b1_2024-01-18.pt,0.5562837719917297,,fondoGorila,Cerro_Hoya_Expedition/Hoya_1416m_fondoGorila_2025-01-27/2025-01-28/patches/fondoGorila_2025_01_29__02_40_06_HDR0_3_Mothbot_yolo11m_4500_imgsz1600_b1_2024-01-18.pt.jpg,ORDER_Lepidoptera,2025-01-29,02:40:06,,2025_01_29__02_40_06,MachineObservation,Cerro_Hoya_Expedition_Hoya_1416m_fondoGorila_2025-01-27_2025-01-28,Cerro_Hoya_Expedition_Hoya_1416m_fondoGorila_2025-01-27,fondoGorila_2025_01_29__02_40_06_HDR0.jpg,fondoGorila_2025_01_29__02_40_06_HDR0_3_Mothbot_yolo11m_4500_imgsz1600_b1_2024-01-18.pt.jpg
doi.org10.15468dl.6nxkw6.csv,Animalia,Arthropoda,Insecta,Hemiptera,,,,,809,,Hemiptera,Hemiptera,Cerro_Hoya_Expedition_Hoya_1416m_fondoGorila_2025-01-27,fondoGorila_2025_01_29__02_40_06_HDR0_4_Mothbot_yolo11m_4500_imgsz1600_b1_2024-01-18.pt.jpg,HS,Mothbot_yolo11m_4500_imgsz1600_b1_2024-01-18.pt,0.269244909286499,,fondoGorila,Cerro_Hoya_Expedition/Hoya_1416m_fondoGorila_2025-01-27/2025-01-28/patches/fondoGorila_2025_01_29__02_40_06_HDR0_4_Mothbot_yolo11m_4500_imgsz1600_b1_2024-01-18.pt.jpg,ORDER_Hemiptera,2025-01-29,02:40:06,,2025_01_29__02_40_06,MachineObservation,Cerro_Hoya_Expedition_Hoya_1416m_fondoGorila_2025-01-27_2025-01-28,Cerro_Hoya_Expedition_Hoya_1416m_fondoGorila_2025-01-27,fondoGorila_2025_01_29__02_40_06_HDR0.jpg,fondoGorila_2025_01_29__02_40_06_HDR0_4_Mothbot_yolo11m_4500_imgsz1600_b1_2024-01-18.pt.jpg