species_list_doi,kingdom,phylum,class,order,family,genus,species,morphospecies,taxonID,commonName,scientificName,name,deployment,image_id,identifiedBy,detectionBy,detection_confidence,ID_confidence,mothbox,filepath,original_mothbox_identifciation,eventDate,eventTime,UTCOFFSET,verbatimEventDate,basisOfRecord,datasetID,parentEventID,eventID,occurrenceID
,Animalia,Arthropoda,Insecta,Diptera,,,,,,,Diptera,Diptera,Panama_Hoya_1004m_accionSauro_2025-01-26,accionSauro_2025_01_27__19_04_06_HDR0_0_Mothbot_yolo11m_4500_imgsz1600_b1_2024-01-18.pt.jpg,HS,Mothbot_yolo11m_4500_imgsz1600_b1_2024-01-18.pt,0.587663889,,accionSauro,Panama/Hoya_1004m_accionSauro_2025-01-26/2025-01-27/patches/accionSauro_2025_01_27__19_04_06_HDR0_0_Mothbot_yolo11m_4500_imgsz1600_b1_2024-01-18.pt.jpg,ORDER_Diptera,27-01-25,19:04:06,,2025_01_27__19_04_06,MachineObservation,Panama_Hoya_1004m_accionSauro_2025-01-26_2025-01-27,Panama_Hoya_1004m_accionSauro_2025-01-26_2025-01-27,accionSauro_2025_01_27__19_04_06_HDR0.jpg,accionSauro_2025_01_27__19_04_06_HDR0_0_Mothbot_yolo11m_4500_imgsz1600_b1_2024-01-18.pt.jpg
,Animalia,Arthropoda,Insecta,Diptera,,,,,,,Diptera,Diptera,Panama_Hoya_1004m_accionSauro_2025-01-26,accionSauro_2025_01_27__19_05_06_HDR0_0_Mothbot_yolo11m_4500_imgsz1600_b1_2024-01-18.pt.jpg,HS,Mothbot_yolo11m_4500_imgsz1600_b1_2024-01-18.pt,0.656674564,,accionSauro,Panama/Hoya_1004m_accionSauro_2025-01-26/2025-01-27/patches/accionSauro_2025_01_27__19_05_06_HDR0_0_Mothbot_yolo11m_4500_imgsz1600_b1_2024-01-18.pt.jpg,ORDER_Diptera,27-01-25,19:05:06,,2025_01_27__19_05_06,MachineObservation,Panama_Hoya_1004m_accionSauro_2025-01-26_2025-01-27,Panama_Hoya_1004m_accionSauro_2025-01-26_2025-01-27,accionSauro_2025_01_27__19_05_06_HDR0.jpg,accionSauro_2025_01_27__19_05_06_HDR0_0_Mothbot_yolo11m_4500_imgsz1600_b1_2024-01-18.pt.jpg
,Animalia,Arthropoda,Insecta,Diptera,,,,,,,Diptera,Diptera,Panama_Hoya_1004m_accionSauro_2025-01-26,accionSauro_2025_01_27__19_07_06_HDR0_0_Mothbot_yolo11m_4500_imgsz1600_b1_2024-01-18.pt.jpg,HS,Mothbot_yolo11m_4500_imgsz1600_b1_2024-01-18.pt,0.789317131,,accionSauro,Panama/Hoya_1004m_accionSauro_2025-01-26/2025-01-27/patches/accionSauro_2025_01_27__19_07_06_HDR0_0_Mothbot_yolo11m_4500_imgsz1600_b1_2024-01-18.pt.jpg,ORDER_Diptera,27-01-25,19:07:06,,2025_01_27__19_07_06,MachineObservation,Panama_Hoya_1004m_accionSauro_2025-01-26_2025-01-27,Panama_Hoya_1004m_accionSauro_2025-01-26_2025-01-27,accionSauro_2025_01_27__19_07_06_HDR0.jpg,accionSauro_2025_01_27__19_07_06_HDR0_0_Mothbot_yolo11m_4500_imgsz1600_b1_2024-01-18.pt.jpg
doi.org10.15468dl.6nxkw6.csv,Animalia,Arthropoda,Insecta,Diptera,,,,,,,Diptera,Diptera,Panama_Hoya_1004m_accionSauro_2025-01-26,accionSauro_2025_01_27__19_08_22_HDR0_0_Mothbot_yolo11m_4500_imgsz1600_b1_2024-01-18.pt.jpg,HS,Mothbot_yolo11m_4500_imgsz1600_b1_2024-01-18.pt,0.785532475,,accionSauro,Panama/Hoya_1004m_accionSauro_2025-01-26/2025-01-27/patches/accionSauro_2025_01_27__19_08_22_HDR0_0_Mothbot_yolo11m_4500_imgsz1600_b1_2024-01-18.pt.jpg,ORDER_Hemiptera,27-01-25,19:08:22,,2025_01_27__19_08_22,MachineObservation,Panama_Hoya_1004m_accionSauro_2025-01-26_2025-01-27,Panama_Hoya_1004m_accionSauro_2025-01-26_2025-01-27,accionSauro_2025_01_27__19_08_22_HDR0.jpg,accionSauro_2025_01_27__19_08_22_HDR0_0_Mothbot_yolo11m_4500_imgsz1600_b1_2024-01-18.pt.jpg
doi.org10.15468dl.6nxkw6.csv,Animalia,Arthropoda,Insecta,,,,,,216,,Insecta,Insecta,Panama_Hoya_1004m_accionSauro_2025-01-26,accionSauro_2025_01_27__19_08_22_HDR0_1_Mothbot_yolo11m_4500_imgsz1600_b1_2024-01-18.pt.jpg,HS,Mothbot_yolo11m_4500_imgsz1600_b1_2024-01-18.pt,0.465217024,,accionSauro,Panama/Hoya_1004m_accionSauro_2025-01-26/2025-01-27/patches/accionSauro_2025_01_27__19_08_22_HDR0_1_Mothbot_yolo11m_4500_imgsz1600_b1_2024-01-18.pt.jpg,ORDER_Diptera,27-01-25,19:08:22,,2025_01_27__19_08_22,MachineObservation,Panama_Hoya_1004m_accionSauro_2025-01-26_2025-01-27,Panama_Hoya_1004m_accionSauro_2025-01-26_2025-01-27,accionSauro_2025_01_27__19_08_22_HDR0.jpg,accionSauro_2025_01_27__19_08_22_HDR0_1_Mothbot_yolo11m_4500_imgsz1600_b1_2024-01-18.pt.jpg
,Animalia,Arthropoda,Insecta,Diptera,,,,,,,Diptera,Diptera,Panama_Hoya_1004m_accionSauro_2025-01-26,accionSauro_2025_01_27__19_11_06_HDR0_0_Mothbot_yolo11m_4500_imgsz1600_b1_2024-01-18.pt.jpg,HS,Mothbot_yolo11m_4500_imgsz1600_b1_2024-01-18.pt,0.514473557,,accionSauro,Panama/Hoya_1004m_accionSauro_2025-01-26/2025-01-27/patches/accionSauro_2025_01_27__19_11_06_HDR0_0_Mothbot_yolo11m_4500_imgsz1600_b1_2024-01-18.pt.jpg,ORDER_Diptera,27-01-25,19:11:06,,2025_01_27__19_11_06,MachineObservation,Panama_Hoya_1004m_accionSauro_2025-01-26_2025-01-27,Panama_Hoya_1004m_accionSauro_2025-01-26_2025-01-27,accionSauro_2025_01_27__19_11_06_HDR0.jpg,accionSauro_2025_01_27__19_11_06_HDR0_0_Mothbot_yolo11m_4500_imgsz1600_b1_2024-01-18.pt.jpg
,Animalia,Arthropoda,Insecta,Diptera,,,,,,,Diptera,Diptera,Panama_Hoya_1004m_accionSauro_2025-01-26,accionSauro_2025_01_27__19_12_06_HDR0_0_Mothbot_yolo11m_4500_imgsz1600_b1_2024-01-18.pt.jpg,HS,Mothbot_yolo11m_4500_imgsz1600_b1_2024-01-18.pt,0.471456677,,accionSauro,Panama/Hoya_1004m_accionSauro_2025-01-26/2025-01-27/patches/accionSauro_2025_01_27__19_12_06_HDR0_0_Mothbot_yolo11m_4500_imgsz1600_b1_2024-01-18.pt.jpg,ORDER_Diptera,27-01-25,19:12:06,,2025_01_27__19_12_06,MachineObservation,Panama_Hoya_1004m_accionSauro_2025-01-26_2025-01-27,Panama_Hoya_1004m_accionSauro_2025-01-26_2025-01-27,accionSauro_2025_01_27__19_12_06_HDR0.jpg,accionSauro_2025_01_27__19_12_06_HDR0_0_Mothbot_yolo11m_4500_imgsz1600_b1_2024-01-18.pt.jpg
doi.org10.15468dl.6nxkw6.csv,Animalia,Arthropoda,Insecta,Diptera,,,,,,,Diptera,Diptera,Panama_Hoya_1004m_accionSauro_2025-01-26,accionSauro_2025_01_27__19_12_06_HDR0_1_Mothbot_yolo11m_4500_imgsz1600_b1_2024-01-18.pt.jpg,HS,Mothbot_yolo11m_4500_imgsz1600_b1_2024-01-18.pt,0.275960892,,accionSauro,Panama/Hoya_1004m_accionSauro_2025-01-26/2025-01-27/patches/accionSauro_2025_01_27__19_12_06_HDR0_1_Mothbot_yolo11m_4500_imgsz1600_b1_2024-01-18.pt.jpg,ORDER_Hymenoptera,27-01-25,19:12:06,,2025_01_27__19_12_06,MachineObservation,Panama_Hoya_1004m_accionSauro_2025-01-26_2025-01-27,Panama_Hoya_1004m_accionSauro_2025-01-26_2025-01-27,accionSauro_2025_01_27__19_12_06_HDR0.jpg,accionSauro_2025_01_27__19_12_06_HDR0_1_Mothbot_yolo11m_4500_imgsz1600_b1_2024-01-18.pt.jpg
,Animalia,Arthropoda,Insecta,Diptera,,,,,,,Diptera,Diptera,Panama_Hoya_1004m_accionSauro_2025-01-26,accionSauro_2025_01_27__19_13_06_HDR0_0_Mothbot_yolo11m_4500_imgsz1600_b1_2024-01-18.pt.jpg,HS,Mothbot_yolo11m_4500_imgsz1600_b1_2024-01-18.pt,0.738580883,,accionSauro,Panama/Hoya_1004m_accionSauro_2025-01-26/2025-01-27/patches/accionSauro_2025_01_27__19_13_06_HDR0_0_Mothbot_yolo11m_4500_imgsz1600_b1_2024-01-18.pt.jpg,ORDER_Diptera,27-01-25,19:13:06,,2025_01_27__19_13_06,MachineObservation,Panama_Hoya_1004m_accionSauro_2025-01-26_2025-01-27,Panama_Hoya_1004m_accionSauro_2025-01-26_2025-01-27,accionSauro_2025_01_27__19_13_06_HDR0.jpg,accionSauro_2025_01_27__19_13_06_HDR0_0_Mothbot_yolo11m_4500_imgsz1600_b1_2024-01-18.pt.jpg
doi.org10.15468dl.6nxkw6.csv,Animalia,Arthropoda,Insecta,Diptera,,,,,,,Diptera,Diptera,Panama_Hoya_1004m_accionSauro_2025-01-26,accionSauro_2025_01_27__19_13_06_HDR0_1_Mothbot_yolo11m_4500_imgsz1600_b1_2024-01-18.pt.jpg,HS,Mothbot_yolo11m_4500_imgsz1600_b1_2024-01-18.pt,0.446202457,,accionSauro,Panama/Hoya_1004m_accionSauro_2025-01-26/2025-01-27/patches/accionSauro_2025_01_27__19_13_06_HDR0_1_Mothbot_yolo11m_4500_imgsz1600_b1_2024-01-18.pt.jpg,ORDER_Hymenoptera,27-01-25,19:13:06,,2025_01_27__19_13_06,MachineObservation,Panama_Hoya_1004m_accionSauro_2025-01-26_2025-01-27,Panama_Hoya_1004m_accionSauro_2025-01-26_2025-01-27,accionSauro_2025_01_27__19_13_06_HDR0.jpg,accionSauro_2025_01_27__19_13_06_HDR0_1_Mothbot_yolo11m_4500_imgsz1600_b1_2024-01-18.pt.jpg
,Animalia,Arthropoda,Insecta,Diptera,,,,,,,Diptera,Diptera,Panama_Hoya_1004m_accionSauro_2025-01-26,accionSauro_2025_01_27__19_13_06_HDR0_2_Mothbot_yolo11m_4500_imgsz1600_b1_2024-01-18.pt.jpg,HS,Mothbot_yolo11m_4500_imgsz1600_b1_2024-01-18.pt,0.428560466,,accionSauro,Panama/Hoya_1004m_accionSauro_2025-01-26/2025-01-27/patches/accionSauro_2025_01_27__19_13_06_HDR0_2_Mothbot_yolo11m_4500_imgsz1600_b1_2024-01-18.pt.jpg,ORDER_Diptera,27-01-25,19:13:06,,2025_01_27__19_13_06,MachineObservation,Panama_Hoya_1004m_accionSauro_2025-01-26_2025-01-27,Panama_Hoya_1004m_accionSauro_2025-01-26_2025-01-27,accionSauro_2025_01_27__19_13_06_HDR0.jpg,accionSauro_2025_01_27__19_13_06_HDR0_2_Mothbot_yolo11m_4500_imgsz1600_b1_2024-01-18.pt.jpg
doi.org10.15468dl.6nxkw6.csv,Animalia,Arthropoda,Insecta,Diptera,,,,,,,Diptera,Diptera,Panama_Hoya_1004m_accionSauro_2025-01-26,accionSauro_2025_01_27__19_14_06_HDR0_0_Mothbot_yolo11m_4500_imgsz1600_b1_2024-01-18.pt.jpg,HS,Mothbot_yolo11m_4500_imgsz1600_b1_2024-01-18.pt,0.813564062,,accionSauro,Panama/Hoya_1004m_accionSauro_2025-01-26/2025-01-27/patches/accionSauro_2025_01_27__19_14_06_HDR0_0_Mothbot_yolo11m_4500_imgsz1600_b1_2024-01-18.pt.jpg,ORDER_Hemiptera,27-01-25,19:14:06,,2025_01_27__19_14_06,MachineObservation,Panama_Hoya_1004m_accionSauro_2025-01-26_2025-01-27,Panama_Hoya_1004m_accionSauro_2025-01-26_2025-01-27,accionSauro_2025_01_27__19_14_06_HDR0.jpg,accionSauro_2025_01_27__19_14_06_HDR0_0_Mothbot_yolo11m_4500_imgsz1600_b1_2024-01-18.pt.jpg
,Animalia,Arthropoda,Insecta,Hemiptera,,,,,,,Hemiptera,Hemiptera,Panama_Hoya_1004m_accionSauro_2025-01-26,accionSauro_2025_01_27__19_14_06_HDR0_1_Mothbot_yolo11m_4500_imgsz1600_b1_2024-01-18.pt.jpg,HS,Mothbot_yolo11m_4500_imgsz1600_b1_2024-01-18.pt,0.678806067,,accionSauro,Panama/Hoya_1004m_accionSauro_2025-01-26/2025-01-27/patches/accionSauro_2025_01_27__19_14_06_HDR0_1_Mothbot_yolo11m_4500_imgsz1600_b1_2024-01-18.pt.jpg,ORDER_Hemiptera,27-01-25,19:14:06,,2025_01_27__19_14_06,MachineObservation,Panama_Hoya_1004m_accionSauro_2025-01-26_2025-01-27,Panama_Hoya_1004m_accionSauro_2025-01-26_2025-01-27,accionSauro_2025_01_27__19_14_06_HDR0.jpg,accionSauro_2025_01_27__19_14_06_HDR0_1_Mothbot_yolo11m_4500_imgsz1600_b1_2024-01-18.pt.jpg
,Animalia,Arthropoda,Insecta,Diptera,,,,,,,Diptera,Diptera,Panama_Hoya_1004m_accionSauro_2025-01-26,accionSauro_2025_01_27__19_14_06_HDR0_2_Mothbot_yolo11m_4500_imgsz1600_b1_2024-01-18.pt.jpg,HS,Mothbot_yolo11m_4500_imgsz1600_b1_2024-01-18.pt,0.518924713,,accionSauro,Panama/Hoya_1004m_accionSauro_2025-01-26/2025-01-27/patches/accionSauro_2025_01_27__19_14_06_HDR0_2_Mothbot_yolo11m_4500_imgsz1600_b1_2024-01-18.pt.jpg,ORDER_Diptera,27-01-25,19:14:06,,2025_01_27__19_14_06,MachineObservation,Panama_Hoya_1004m_accionSauro_2025-01-26_2025-01-27,Panama_Hoya_1004m_accionSauro_2025-01-26_2025-01-27,accionSauro_2025_01_27__19_14_06_HDR0.jpg,accionSauro_2025_01_27__19_14_06_HDR0_2_Mothbot_yolo11m_4500_imgsz1600_b1_2024-01-18.pt.jpg
doi.org10.15468dl.6nxkw6.csv,Animalia,Arthropoda,Insecta,Diptera,,,,,,,Diptera,Diptera,Panama_Hoya_1004m_accionSauro_2025-01-26,accionSauro_2025_01_27__19_14_06_HDR0_3_Mothbot_yolo11m_4500_imgsz1600_b1_2024-01-18.pt.jpg,HS,Mothbot_yolo11m_4500_imgsz1600_b1_2024-01-18.pt,0.465209335,,accionSauro,Panama/Hoya_1004m_accionSauro_2025-01-26/2025-01-27/patches/accionSauro_2025_01_27__19_14_06_HDR0_3_Mothbot_yolo11m_4500_imgsz1600_b1_2024-01-18.pt.jpg,ORDER_Hymenoptera,27-01-25,19:14:06,,2025_01_27__19_14_06,MachineObservation,Panama_Hoya_1004m_accionSauro_2025-01-26_2025-01-27,Panama_Hoya_1004m_accionSauro_2025-01-26_2025-01-27,accionSauro_2025_01_27__19_14_06_HDR0.jpg,accionSauro_2025_01_27__19_14_06_HDR0_3_Mothbot_yolo11m_4500_imgsz1600_b1_2024-01-18.pt.jpg
,Animalia,Arthropoda,Insecta,Diptera,,,,,,,Diptera,Diptera,Panama_Hoya_1004m_accionSauro_2025-01-26,accionSauro_2025_01_27__19_14_06_HDR0_4_Mothbot_yolo11m_4500_imgsz1600_b1_2024-01-18.pt.jpg,HS,Mothbot_yolo11m_4500_imgsz1600_b1_2024-01-18.pt,0.377409488,,accionSauro,Panama/Hoya_1004m_accionSauro_2025-01-26/2025-01-27/patches/accionSauro_2025_01_27__19_14_06_HDR0_4_Mothbot_yolo11m_4500_imgsz1600_b1_2024-01-18.pt.jpg,ORDER_Diptera,27-01-25,19:14:06,,2025_01_27__19_14_06,MachineObservation,Panama_Hoya_1004m_accionSauro_2025-01-26_2025-01-27,Panama_Hoya_1004m_accionSauro_2025-01-26_2025-01-27,accionSauro_2025_01_27__19_14_06_HDR0.jpg,accionSauro_2025_01_27__19_14_06_HDR0_4_Mothbot_yolo11m_4500_imgsz1600_b1_2024-01-18.pt.jpg
doi.org10.15468dl.6nxkw6.csv,Animalia,Arthropoda,Insecta,Diptera,,,,,,,Diptera,Diptera,Panama_Hoya_1004m_accionSauro_2025-01-26,accionSauro_2025_01_27__19_15_22_HDR0_0_Mothbot_yolo11m_4500_imgsz1600_b1_2024-01-18.pt.jpg,HS,Mothbot_yolo11m_4500_imgsz1600_b1_2024-01-18.pt,0.788121104,,accionSauro,Panama/Hoya_1004m_accionSauro_2025-01-26/2025-01-27/patches/accionSauro_2025_01_27__19_15_22_HDR0_0_Mothbot_yolo11m_4500_imgsz1600_b1_2024-01-18.pt.jpg,ORDER_Hemiptera,27-01-25,19:15:22,,2025_01_27__19_15_22,MachineObservation,Panama_Hoya_1004m_accionSauro_2025-01-26_2025-01-27,Panama_Hoya_1004m_accionSauro_2025-01-26_2025-01-27,accionSauro_2025_01_27__19_15_22_HDR0.jpg,accionSauro_2025_01_27__19_15_22_HDR0_0_Mothbot_yolo11m_4500_imgsz1600_b1_2024-01-18.pt.jpg
,Animalia,Arthropoda,Insecta,Diptera,,,,,,,Diptera,Diptera,Panama_Hoya_1004m_accionSauro_2025-01-26,accionSauro_2025_01_27__19_15_22_HDR0_1_Mothbot_yolo11m_4500_imgsz1600_b1_2024-01-18.pt.jpg,HS,Mothbot_yolo11m_4500_imgsz1600_b1_2024-01-18.pt,0.687252522,,accionSauro,Panama/Hoya_1004m_accionSauro_2025-01-26/2025-01-27/patches/accionSauro_2025_01_27__19_15_22_HDR0_1_Mothbot_yolo11m_4500_imgsz1600_b1_2024-01-18.pt.jpg,ORDER_Diptera,27-01-25,19:15:22,,2025_01_27__19_15_22,MachineObservation,Panama_Hoya_1004m_accionSauro_2025-01-26_2025-01-27,Panama_Hoya_1004m_accionSauro_2025-01-26_2025-01-27,accionSauro_2025_01_27__19_15_22_HDR0.jpg,accionSauro_2025_01_27__19_15_22_HDR0_1_Mothbot_yolo11m_4500_imgsz1600_b1_2024-01-18.pt.jpg
,Animalia,Arthropoda,Insecta,Hemiptera,,,,,,,Hemiptera,Hemiptera,Panama_Hoya_1004m_accionSauro_2025-01-26,accionSauro_2025_01_27__19_15_22_HDR0_2_Mothbot_yolo11m_4500_imgsz1600_b1_2024-01-18.pt.jpg,HS,Mothbot_yolo11m_4500_imgsz1600_b1_2024-01-18.pt,0.668611646,,accionSauro,Panama/Hoya_1004m_accionSauro_2025-01-26/2025-01-27/patches/accionSauro_2025_01_27__19_15_22_HDR0_2_Mothbot_yolo11m_4500_imgsz1600_b1_2024-01-18.pt.jpg,ORDER_Hemiptera,27-01-25,19:15:22,,2025_01_27__19_15_22,MachineObservation,Panama_Hoya_1004m_accionSauro_2025-01-26_2025-01-27,Panama_Hoya_1004m_accionSauro_2025-01-26_2025-01-27,accionSauro_2025_01_27__19_15_22_HDR0.jpg,accionSauro_2025_01_27__19_15_22_HDR0_2_Mothbot_yolo11m_4500_imgsz1600_b1_2024-01-18.pt.jpg
doi.org10.15468dl.6nxkw6.csv,Animalia,Arthropoda,Insecta,Diptera,,,,,,,Diptera,Diptera,Panama_Hoya_1004m_accionSauro_2025-01-26,accionSauro_2025_01_27__19_15_22_HDR0_3_Mothbot_yolo11m_4500_imgsz1600_b1_2024-01-18.pt.jpg,HS,Mothbot_yolo11m_4500_imgsz1600_b1_2024-01-18.pt,0.3686001,,accionSauro,Panama/Hoya_1004m_accionSauro_2025-01-26/2025-01-27/patches/accionSauro_2025_01_27__19_15_22_HDR0_3_Mothbot_yolo11m_4500_imgsz1600_b1_2024-01-18.pt.jpg,ORDER_Hymenoptera,27-01-25,19:15:22,,2025_01_27__19_15_22,MachineObservation,Panama_Hoya_1004m_accionSauro_2025-01-26_2025-01-27,Panama_Hoya_1004m_accionSauro_2025-01-26_2025-01-27,accionSauro_2025_01_27__19_15_22_HDR0.jpg,accionSauro_2025_01_27__19_15_22_HDR0_3_Mothbot_yolo11m_4500_imgsz1600_b1_2024-01-18.pt.jpg
doi.org10.15468dl.6nxkw6.csv,Animalia,Arthropoda,Insecta,Diptera,,,,,,,Diptera,Diptera,Panama_Hoya_1004m_accionSauro_2025-01-26,accionSauro_2025_01_27__19_16_06_HDR0_0_Mothbot_yolo11m_4500_imgsz1600_b1_2024-01-18.pt.jpg,HS,Mothbot_yolo11m_4500_imgsz1600_b1_2024-01-18.pt,0.720062315,,accionSauro,Panama/Hoya_1004m_accionSauro_2025-01-26/2025-01-27/patches/accionSauro_2025_01_27__19_16_06_HDR0_0_Mothbot_yolo11m_4500_imgsz1600_b1_2024-01-18.pt.jpg,ORDER_Hemiptera,27-01-25,19:16:06,,2025_01_27__19_16_06,MachineObservation,Panama_Hoya_1004m_accionSauro_2025-01-26_2025-01-27,Panama_Hoya_1004m_accionSauro_2025-01-26_2025-01-27,accionSauro_2025_01_27__19_16_06_HDR0.jpg,accionSauro_2025_01_27__19_16_06_HDR0_0_Mothbot_yolo11m_4500_imgsz1600_b1_2024-01-18.pt.jpg
,Animalia,Arthropoda,Insecta,Hemiptera,,,,,,,Hemiptera,Hemiptera,Panama_Hoya_1004m_accionSauro_2025-01-26,accionSauro_2025_01_27__19_16_06_HDR0_1_Mothbot_yolo11m_4500_imgsz1600_b1_2024-01-18.pt.jpg,HS,Mothbot_yolo11m_4500_imgsz1600_b1_2024-01-18.pt,0.669036329,,accionSauro,Panama/Hoya_1004m_accionSauro_2025-01-26/2025-01-27/patches/accionSauro_2025_01_27__19_16_06_HDR0_1_Mothbot_yolo11m_4500_imgsz1600_b1_2024-01-18.pt.jpg,ORDER_Hemiptera,27-01-25,19:16:06,,2025_01_27__19_16_06,MachineObservation,Panama_Hoya_1004m_accionSauro_2025-01-26_2025-01-27,Panama_Hoya_1004m_accionSauro_2025-01-26_2025-01-27,accionSauro_2025_01_27__19_16_06_HDR0.jpg,accionSauro_2025_01_27__19_16_06_HDR0_1_Mothbot_yolo11m_4500_imgsz1600_b1_2024-01-18.pt.jpg
doi.org10.15468dl.6nxkw6.csv,Animalia,Arthropoda,Insecta,Diptera,,,,,811,,Diptera,Diptera,Panama_Hoya_1004m_accionSauro_2025-01-26,accionSauro_2025_01_27__19_16_06_HDR0_2_Mothbot_yolo11m_4500_imgsz1600_b1_2024-01-18.pt.jpg,HS,Mothbot_yolo11m_4500_imgsz1600_b1_2024-01-18.pt,0.544118166,,accionSauro,Panama/Hoya_1004m_accionSauro_2025-01-26/2025-01-27/patches/accionSauro_2025_01_27__19_16_06_HDR0_2_Mothbot_yolo11m_4500_imgsz1600_b1_2024-01-18.pt.jpg,ORDER_Coleoptera,27-01-25,19:16:06,,2025_01_27__19_16_06,MachineObservation,Panama_Hoya_1004m_accionSauro_2025-01-26_2025-01-27,Panama_Hoya_1004m_accionSauro_2025-01-26_2025-01-27,accionSauro_2025_01_27__19_16_06_HDR0.jpg,accionSauro_2025_01_27__19_16_06_HDR0_2_Mothbot_yolo11m_4500_imgsz1600_b1_2024-01-18.pt.jpg
,Animalia,Arthropoda,Insecta,Diptera,,,,,,,Diptera,Diptera,Panama_Hoya_1004m_accionSauro_2025-01-26,accionSauro_2025_01_27__19_16_06_HDR0_3_Mothbot_yolo11m_4500_imgsz1600_b1_2024-01-18.pt.jpg,HS,Mothbot_yolo11m_4500_imgsz1600_b1_2024-01-18.pt,0.540510356,,accionSauro,Panama/Hoya_1004m_accionSauro_2025-01-26/2025-01-27/patches/accionSauro_2025_01_27__19_16_06_HDR0_3_Mothbot_yolo11m_4500_imgsz1600_b1_2024-01-18.pt.jpg,ORDER_Diptera,27-01-25,19:16:06,,2025_01_27__19_16_06,MachineObservation,Panama_Hoya_1004m_accionSauro_2025-01-26_2025-01-27,Panama_Hoya_1004m_accionSauro_2025-01-26_2025-01-27,accionSauro_2025_01_27__19_16_06_HDR0.jpg,accionSauro_2025_01_27__19_16_06_HDR0_3_Mothbot_yolo11m_4500_imgsz1600_b1_2024-01-18.pt.jpg
,Animalia,Arthropoda,Insecta,Diptera,,,,,,,Diptera,Diptera,Panama_Hoya_1004m_accionSauro_2025-01-26,accionSauro_2025_01_27__19_16_06_HDR0_4_Mothbot_yolo11m_4500_imgsz1600_b1_2024-01-18.pt.jpg,HS,Mothbot_yolo11m_4500_imgsz1600_b1_2024-01-18.pt,0.41662848,,accionSauro,Panama/Hoya_1004m_accionSauro_2025-01-26/2025-01-27/patches/accionSauro_2025_01_27__19_16_06_HDR0_4_Mothbot_yolo11m_4500_imgsz1600_b1_2024-01-18.pt.jpg,ORDER_Diptera,27-01-25,19:16:06,,2025_01_27__19_16_06,MachineObservation,Panama_Hoya_1004m_accionSauro_2025-01-26_2025-01-27,Panama_Hoya_1004m_accionSauro_2025-01-26_2025-01-27,accionSauro_2025_01_27__19_16_06_HDR0.jpg,accionSauro_2025_01_27__19_16_06_HDR0_4_Mothbot_yolo11m_4500_imgsz1600_b1_2024-01-18.pt.jpg
doi.org10.15468dl.6nxkw6.csv,Animalia,Arthropoda,Insecta,Diptera,,,,,,,Diptera,Diptera,Panama_Hoya_1004m_accionSauro_2025-01-26,accionSauro_2025_01_27__19_17_06_HDR0_0_Mothbot_yolo11m_4500_imgsz1600_b1_2024-01-18.pt.jpg,HS,Mothbot_yolo11m_4500_imgsz1600_b1_2024-01-18.pt,0.77460283,,accionSauro,Panama/Hoya_1004m_accionSauro_2025-01-26/2025-01-27/patches/accionSauro_2025_01_27__19_17_06_HDR0_0_Mothbot_yolo11m_4500_imgsz1600_b1_2024-01-18.pt.jpg,ORDER_Hemiptera,27-01-25,19:17:06,,2025_01_27__19_17_06,MachineObservation,Panama_Hoya_1004m_accionSauro_2025-01-26_2025-01-27,Panama_Hoya_1004m_accionSauro_2025-01-26_2025-01-27,accionSauro_2025_01_27__19_17_06_HDR0.jpg,accionSauro_2025_01_27__19_17_06_HDR0_0_Mothbot_yolo11m_4500_imgsz1600_b1_2024-01-18.pt.jpg
,Animalia,Arthropoda,Insecta,Hemiptera,,,,,,,Hemiptera,Hemiptera,Panama_Hoya_1004m_accionSauro_2025-01-26,accionSauro_2025_01_27__19_17_06_HDR0_1_Mothbot_yolo11m_4500_imgsz1600_b1_2024-01-18.pt.jpg,HS,Mothbot_yolo11m_4500_imgsz1600_b1_2024-01-18.pt,0.709493458,,accionSauro,Panama/Hoya_1004m_accionSauro_2025-01-26/2025-01-27/patches/accionSauro_2025_01_27__19_17_06_HDR0_1_Mothbot_yolo11m_4500_imgsz1600_b1_2024-01-18.pt.jpg,ORDER_Hemiptera,27-01-25,19:17:06,,2025_01_27__19_17_06,MachineObservation,Panama_Hoya_1004m_accionSauro_2025-01-26_2025-01-27,Panama_Hoya_1004m_accionSauro_2025-01-26_2025-01-27,accionSauro_2025_01_27__19_17_06_HDR0.jpg,accionSauro_2025_01_27__19_17_06_HDR0_1_Mothbot_yolo11m_4500_imgsz1600_b1_2024-01-18.pt.jpg
,Animalia,Arthropoda,Insecta,Diptera,,,,,,,Diptera,Diptera,Panama_Hoya_1004m_accionSauro_2025-01-26,accionSauro_2025_01_27__19_17_06_HDR0_2_Mothbot_yolo11m_4500_imgsz1600_b1_2024-01-18.pt.jpg,HS,Mothbot_yolo11m_4500_imgsz1600_b1_2024-01-18.pt,0.626692653,,accionSauro,Panama/Hoya_1004m_accionSauro_2025-01-26/2025-01-27/patches/accionSauro_2025_01_27__19_17_06_HDR0_2_Mothbot_yolo11m_4500_imgsz1600_b1_2024-01-18.pt.jpg,ORDER_Diptera,27-01-25,19:17:06,,2025_01_27__19_17_06,MachineObservation,Panama_Hoya_1004m_accionSauro_2025-01-26_2025-01-27,Panama_Hoya_1004m_accionSauro_2025-01-26_2025-01-27,accionSauro_2025_01_27__19_17_06_HDR0.jpg,accionSauro_2025_01_27__19_17_06_HDR0_2_Mothbot_yolo11m_4500_imgsz1600_b1_2024-01-18.pt.jpg
,Animalia,Arthropoda,Insecta,Diptera,,,,,,,Diptera,Diptera,Panama_Hoya_1004m_accionSauro_2025-01-26,accionSauro_2025_01_27__19_17_06_HDR0_3_Mothbot_yolo11m_4500_imgsz1600_b1_2024-01-18.pt.jpg,HS,Mothbot_yolo11m_4500_imgsz1600_b1_2024-01-18.pt,0.406547397,,accionSauro,Panama/Hoya_1004m_accionSauro_2025-01-26/2025-01-27/patches/accionSauro_2025_01_27__19_17_06_HDR0_3_Mothbot_yolo11m_4500_imgsz1600_b1_2024-01-18.pt.jpg,ORDER_Diptera,27-01-25,19:17:06,,2025_01_27__19_17_06,MachineObservation,Panama_Hoya_1004m_accionSauro_2025-01-26_2025-01-27,Panama_Hoya_1004m_accionSauro_2025-01-26_2025-01-27,accionSauro_2025_01_27__19_17_06_HDR0.jpg,accionSauro_2025_01_27__19_17_06_HDR0_3_Mothbot_yolo11m_4500_imgsz1600_b1_2024-01-18.pt.jpg
doi.org10.15468dl.6nxkw6.csv,Animalia,Arthropoda,Insecta,,,,,,216,,Insecta,Insecta,Panama_Hoya_1004m_accionSauro_2025-01-26,accionSauro_2025_01_27__19_18_07_HDR0_0_Mothbot_yolo11m_4500_imgsz1600_b1_2024-01-18.pt.jpg,HS,Mothbot_yolo11m_4500_imgsz1600_b1_2024-01-18.pt,0.682437718,,accionSauro,Panama/Hoya_1004m_accionSauro_2025-01-26/2025-01-27/patches/accionSauro_2025_01_27__19_18_07_HDR0_0_Mothbot_yolo11m_4500_imgsz1600_b1_2024-01-18.pt.jpg,ORDER_Diptera,27-01-25,19:18:07,,2025_01_27__19_18_07,MachineObservation,Panama_Hoya_1004m_accionSauro_2025-01-26_2025-01-27,Panama_Hoya_1004m_accionSauro_2025-01-26_2025-01-27,accionSauro_2025_01_27__19_18_07_HDR0.jpg,accionSauro_2025_01_27__19_18_07_HDR0_0_Mothbot_yolo11m_4500_imgsz1600_b1_2024-01-18.pt.jpg
,Animalia,Arthropoda,Insecta,Diptera,,,,,,,Diptera,Diptera,Panama_Hoya_1004m_accionSauro_2025-01-26,accionSauro_2025_01_27__19_19_06_HDR0_0_Mothbot_yolo11m_4500_imgsz1600_b1_2024-01-18.pt.jpg,HS,Mothbot_yolo11m_4500_imgsz1600_b1_2024-01-18.pt,0.591215789,,accionSauro,Panama/Hoya_1004m_accionSauro_2025-01-26/2025-01-27/patches/accionSauro_2025_01_27__19_19_06_HDR0_0_Mothbot_yolo11m_4500_imgsz1600_b1_2024-01-18.pt.jpg,ORDER_Diptera,27-01-25,19:19:06,,2025_01_27__19_19_06,MachineObservation,Panama_Hoya_1004m_accionSauro_2025-01-26_2025-01-27,Panama_Hoya_1004m_accionSauro_2025-01-26_2025-01-27,accionSauro_2025_01_27__19_19_06_HDR0.jpg,accionSauro_2025_01_27__19_19_06_HDR0_0_Mothbot_yolo11m_4500_imgsz1600_b1_2024-01-18.pt.jpg
,Animalia,Arthropoda,Insecta,Diptera,,,,,,,Diptera,Diptera,Panama_Hoya_1004m_accionSauro_2025-01-26,accionSauro_2025_01_27__19_19_06_HDR0_1_Mothbot_yolo11m_4500_imgsz1600_b1_2024-01-18.pt.jpg,HS,Mothbot_yolo11m_4500_imgsz1600_b1_2024-01-18.pt,0.545992315,,accionSauro,Panama/Hoya_1004m_accionSauro_2025-01-26/2025-01-27/patches/accionSauro_2025_01_27__19_19_06_HDR0_1_Mothbot_yolo11m_4500_imgsz1600_b1_2024-01-18.pt.jpg,ORDER_Diptera,27-01-25,19:19:06,,2025_01_27__19_19_06,MachineObservation,Panama_Hoya_1004m_accionSauro_2025-01-26_2025-01-27,Panama_Hoya_1004m_accionSauro_2025-01-26_2025-01-27,accionSauro_2025_01_27__19_19_06_HDR0.jpg,accionSauro_2025_01_27__19_19_06_HDR0_1_Mothbot_yolo11m_4500_imgsz1600_b1_2024-01-18.pt.jpg
,Animalia,Arthropoda,Insecta,Hemiptera,,,,,,,Hemiptera,Hemiptera,Panama_Hoya_1004m_accionSauro_2025-01-26,accionSauro_2025_01_27__19_20_06_HDR0_0_Mothbot_yolo11m_4500_imgsz1600_b1_2024-01-18.pt.jpg,HS,Mothbot_yolo11m_4500_imgsz1600_b1_2024-01-18.pt,0.714861393,,accionSauro,Panama/Hoya_1004m_accionSauro_2025-01-26/2025-01-27/patches/accionSauro_2025_01_27__19_20_06_HDR0_0_Mothbot_yolo11m_4500_imgsz1600_b1_2024-01-18.pt.jpg,ORDER_Hemiptera,27-01-25,19:20:06,,2025_01_27__19_20_06,MachineObservation,Panama_Hoya_1004m_accionSauro_2025-01-26_2025-01-27,Panama_Hoya_1004m_accionSauro_2025-01-26_2025-01-27,accionSauro_2025_01_27__19_20_06_HDR0.jpg,accionSauro_2025_01_27__19_20_06_HDR0_0_Mothbot_yolo11m_4500_imgsz1600_b1_2024-01-18.pt.jpg
doi.org10.15468dl.6nxkw6.csv,Animalia,Arthropoda,Insecta,Lepidoptera,,,,,797,,Lepidoptera,Lepidoptera,Panama_Hoya_1004m_accionSauro_2025-01-26,accionSauro_2025_01_27__19_20_06_HDR0_1_Mothbot_yolo11m_4500_imgsz1600_b1_2024-01-18.pt.jpg,HS,Mothbot_yolo11m_4500_imgsz1600_b1_2024-01-18.pt,0.691287339,,accionSauro,Panama/Hoya_1004m_accionSauro_2025-01-26/2025-01-27/patches/accionSauro_2025_01_27__19_20_06_HDR0_1_Mothbot_yolo11m_4500_imgsz1600_b1_2024-01-18.pt.jpg,ORDER_Zygentoma,27-01-25,19:20:06,,2025_01_27__19_20_06,MachineObservation,Panama_Hoya_1004m_accionSauro_2025-01-26_2025-01-27,Panama_Hoya_1004m_accionSauro_2025-01-26_2025-01-27,accionSauro_2025_01_27__19_20_06_HDR0.jpg,accionSauro_2025_01_27__19_20_06_HDR0_1_Mothbot_yolo11m_4500_imgsz1600_b1_2024-01-18.pt.jpg
doi.org10.15468dl.6nxkw6.csv,Animalia,Arthropoda,Insecta,Diptera,,,,,,,Diptera,Diptera,Panama_Hoya_1004m_accionSauro_2025-01-26,accionSauro_2025_01_27__19_20_06_HDR0_2_Mothbot_yolo11m_4500_imgsz1600_b1_2024-01-18.pt.jpg,HS,Mothbot_yolo11m_4500_imgsz1600_b1_2024-01-18.pt,0.634894192,,accionSauro,Panama/Hoya_1004m_accionSauro_2025-01-26/2025-01-27/patches/accionSauro_2025_01_27__19_20_06_HDR0_2_Mothbot_yolo11m_4500_imgsz1600_b1_2024-01-18.pt.jpg,ORDER_Hymenoptera,27-01-25,19:20:06,,2025_01_27__19_20_06,MachineObservation,Panama_Hoya_1004m_accionSauro_2025-01-26_2025-01-27,Panama_Hoya_1004m_accionSauro_2025-01-26_2025-01-27,accionSauro_2025_01_27__19_20_06_HDR0.jpg,accionSauro_2025_01_27__19_20_06_HDR0_2_Mothbot_yolo11m_4500_imgsz1600_b1_2024-01-18.pt.jpg
,Animalia,Arthropoda,Insecta,Lepidoptera,,,,,,,Lepidoptera,Lepidoptera,Panama_Hoya_1004m_accionSauro_2025-01-26,accionSauro_2025_01_27__19_21_06_HDR0_0_Mothbot_yolo11m_4500_imgsz1600_b1_2024-01-18.pt.jpg,HS,Mothbot_yolo11m_4500_imgsz1600_b1_2024-01-18.pt,0.726089656,,accionSauro,Panama/Hoya_1004m_accionSauro_2025-01-26/2025-01-27/patches/accionSauro_2025_01_27__19_21_06_HDR0_0_Mothbot_yolo11m_4500_imgsz1600_b1_2024-01-18.pt.jpg,ORDER_Lepidoptera,27-01-25,19:21:06,,2025_01_27__19_21_06,MachineObservation,Panama_Hoya_1004m_accionSauro_2025-01-26_2025-01-27,Panama_Hoya_1004m_accionSauro_2025-01-26_2025-01-27,accionSauro_2025_01_27__19_21_06_HDR0.jpg,accionSauro_2025_01_27__19_21_06_HDR0_0_Mothbot_yolo11m_4500_imgsz1600_b1_2024-01-18.pt.jpg
,Animalia,Arthropoda,Insecta,Hemiptera,,,,,,,Hemiptera,Hemiptera,Panama_Hoya_1004m_accionSauro_2025-01-26,accionSauro_2025_01_27__19_21_06_HDR0_1_Mothbot_yolo11m_4500_imgsz1600_b1_2024-01-18.pt.jpg,HS,Mothbot_yolo11m_4500_imgsz1600_b1_2024-01-18.pt,0.723514795,,accionSauro,Panama/Hoya_1004m_accionSauro_2025-01-26/2025-01-27/patches/accionSauro_2025_01_27__19_21_06_HDR0_1_Mothbot_yolo11m_4500_imgsz1600_b1_2024-01-18.pt.jpg,ORDER_Hemiptera,27-01-25,19:21:06,,2025_01_27__19_21_06,MachineObservation,Panama_Hoya_1004m_accionSauro_2025-01-26_2025-01-27,Panama_Hoya_1004m_accionSauro_2025-01-26_2025-01-27,accionSauro_2025_01_27__19_21_06_HDR0.jpg,accionSauro_2025_01_27__19_21_06_HDR0_1_Mothbot_yolo11m_4500_imgsz1600_b1_2024-01-18.pt.jpg
doi.org10.15468dl.6nxkw6.csv,Animalia,Arthropoda,Insecta,Diptera,,,,,,,Diptera,Diptera,Panama_Hoya_1004m_accionSauro_2025-01-26,accionSauro_2025_01_27__19_21_06_HDR0_2_Mothbot_yolo11m_4500_imgsz1600_b1_2024-01-18.pt.jpg,HS,Mothbot_yolo11m_4500_imgsz1600_b1_2024-01-18.pt,0.702345073,,accionSauro,Panama/Hoya_1004m_accionSauro_2025-01-26/2025-01-27/patches/accionSauro_2025_01_27__19_21_06_HDR0_2_Mothbot_yolo11m_4500_imgsz1600_b1_2024-01-18.pt.jpg,ORDER_Lepidoptera,27-01-25,19:21:06,,2025_01_27__19_21_06,MachineObservation,Panama_Hoya_1004m_accionSauro_2025-01-26_2025-01-27,Panama_Hoya_1004m_accionSauro_2025-01-26_2025-01-27,accionSauro_2025_01_27__19_21_06_HDR0.jpg,accionSauro_2025_01_27__19_21_06_HDR0_2_Mothbot_yolo11m_4500_imgsz1600_b1_2024-01-18.pt.jpg
,Animalia,Arthropoda,Insecta,Diptera,,,,,,,Diptera,Diptera,Panama_Hoya_1004m_accionSauro_2025-01-26,accionSauro_2025_01_27__19_21_06_HDR0_3_Mothbot_yolo11m_4500_imgsz1600_b1_2024-01-18.pt.jpg,HS,Mothbot_yolo11m_4500_imgsz1600_b1_2024-01-18.pt,0.688962579,,accionSauro,Panama/Hoya_1004m_accionSauro_2025-01-26/2025-01-27/patches/accionSauro_2025_01_27__19_21_06_HDR0_3_Mothbot_yolo11m_4500_imgsz1600_b1_2024-01-18.pt.jpg,ORDER_Diptera,27-01-25,19:21:06,,2025_01_27__19_21_06,MachineObservation,Panama_Hoya_1004m_accionSauro_2025-01-26_2025-01-27,Panama_Hoya_1004m_accionSauro_2025-01-26_2025-01-27,accionSauro_2025_01_27__19_21_06_HDR0.jpg,accionSauro_2025_01_27__19_21_06_HDR0_3_Mothbot_yolo11m_4500_imgsz1600_b1_2024-01-18.pt.jpg
,Animalia,Arthropoda,Insecta,Diptera,,,,,,,Diptera,Diptera,Panama_Hoya_1004m_accionSauro_2025-01-26,accionSauro_2025_01_27__19_21_06_HDR0_4_Mothbot_yolo11m_4500_imgsz1600_b1_2024-01-18.pt.jpg,HS,Mothbot_yolo11m_4500_imgsz1600_b1_2024-01-18.pt,0.627690494,,accionSauro,Panama/Hoya_1004m_accionSauro_2025-01-26/2025-01-27/patches/accionSauro_2025_01_27__19_21_06_HDR0_4_Mothbot_yolo11m_4500_imgsz1600_b1_2024-01-18.pt.jpg,ORDER_Diptera,27-01-25,19:21:06,,2025_01_27__19_21_06,MachineObservation,Panama_Hoya_1004m_accionSauro_2025-01-26_2025-01-27,Panama_Hoya_1004m_accionSauro_2025-01-26_2025-01-27,accionSauro_2025_01_27__19_21_06_HDR0.jpg,accionSauro_2025_01_27__19_21_06_HDR0_4_Mothbot_yolo11m_4500_imgsz1600_b1_2024-01-18.pt.jpg
doi.org10.15468dl.6nxkw6.csv,Animalia,Arthropoda,Insecta,,,,,,216,,Insecta,Insecta,Panama_Hoya_1004m_accionSauro_2025-01-26,accionSauro_2025_01_27__19_21_06_HDR0_5_Mothbot_yolo11m_4500_imgsz1600_b1_2024-01-18.pt.jpg,HS,Mothbot_yolo11m_4500_imgsz1600_b1_2024-01-18.pt,0.296601534,,accionSauro,Panama/Hoya_1004m_accionSauro_2025-01-26/2025-01-27/patches/accionSauro_2025_01_27__19_21_06_HDR0_5_Mothbot_yolo11m_4500_imgsz1600_b1_2024-01-18.pt.jpg,ORDER_Diptera,27-01-25,19:21:06,,2025_01_27__19_21_06,MachineObservation,Panama_Hoya_1004m_accionSauro_2025-01-26_2025-01-27,Panama_Hoya_1004m_accionSauro_2025-01-26_2025-01-27,accionSauro_2025_01_27__19_21_06_HDR0.jpg,accionSauro_2025_01_27__19_21_06_HDR0_5_Mothbot_yolo11m_4500_imgsz1600_b1_2024-01-18.pt.jpg
,Animalia,Arthropoda,Insecta,Hemiptera,,,,,,,Hemiptera,Hemiptera,Panama_Hoya_1004m_accionSauro_2025-01-26,accionSauro_2025_01_27__19_22_23_HDR0_0_Mothbot_yolo11m_4500_imgsz1600_b1_2024-01-18.pt.jpg,HS,Mothbot_yolo11m_4500_imgsz1600_b1_2024-01-18.pt,0.761170745,,accionSauro,Panama/Hoya_1004m_accionSauro_2025-01-26/2025-01-27/patches/accionSauro_2025_01_27__19_22_23_HDR0_0_Mothbot_yolo11m_4500_imgsz1600_b1_2024-01-18.pt.jpg,ORDER_Hemiptera,27-01-25,19:22:23,,2025_01_27__19_22_23,MachineObservation,Panama_Hoya_1004m_accionSauro_2025-01-26_2025-01-27,Panama_Hoya_1004m_accionSauro_2025-01-26_2025-01-27,accionSauro_2025_01_27__19_22_23_HDR0.jpg,accionSauro_2025_01_27__19_22_23_HDR0_0_Mothbot_yolo11m_4500_imgsz1600_b1_2024-01-18.pt.jpg
,Animalia,Arthropoda,Insecta,Hemiptera,,,,,,,Hemiptera,Hemiptera,Panama_Hoya_1004m_accionSauro_2025-01-26,accionSauro_2025_01_27__19_22_23_HDR0_1_Mothbot_yolo11m_4500_imgsz1600_b1_2024-01-18.pt.jpg,HS,Mothbot_yolo11m_4500_imgsz1600_b1_2024-01-18.pt,0.736598492,,accionSauro,Panama/Hoya_1004m_accionSauro_2025-01-26/2025-01-27/patches/accionSauro_2025_01_27__19_22_23_HDR0_1_Mothbot_yolo11m_4500_imgsz1600_b1_2024-01-18.pt.jpg,ORDER_Hemiptera,27-01-25,19:22:23,,2025_01_27__19_22_23,MachineObservation,Panama_Hoya_1004m_accionSauro_2025-01-26_2025-01-27,Panama_Hoya_1004m_accionSauro_2025-01-26_2025-01-27,accionSauro_2025_01_27__19_22_23_HDR0.jpg,accionSauro_2025_01_27__19_22_23_HDR0_1_Mothbot_yolo11m_4500_imgsz1600_b1_2024-01-18.pt.jpg
doi.org10.15468dl.6nxkw6.csv,Animalia,Arthropoda,Insecta,Hemiptera,,,,,809,,Hemiptera,Hemiptera,Panama_Hoya_1004m_accionSauro_2025-01-26,accionSauro_2025_01_27__19_22_23_HDR0_2_Mothbot_yolo11m_4500_imgsz1600_b1_2024-01-18.pt.jpg,HS,Mothbot_yolo11m_4500_imgsz1600_b1_2024-01-18.pt,0.727573991,,accionSauro,Panama/Hoya_1004m_accionSauro_2025-01-26/2025-01-27/patches/accionSauro_2025_01_27__19_22_23_HDR0_2_Mothbot_yolo11m_4500_imgsz1600_b1_2024-01-18.pt.jpg,ORDER_Psocodea,27-01-25,19:22:23,,2025_01_27__19_22_23,MachineObservation,Panama_Hoya_1004m_accionSauro_2025-01-26_2025-01-27,Panama_Hoya_1004m_accionSauro_2025-01-26_2025-01-27,accionSauro_2025_01_27__19_22_23_HDR0.jpg,accionSauro_2025_01_27__19_22_23_HDR0_2_Mothbot_yolo11m_4500_imgsz1600_b1_2024-01-18.pt.jpg
,Animalia,Arthropoda,Insecta,Hemiptera,,,,,,,Hemiptera,Hemiptera,Panama_Hoya_1004m_accionSauro_2025-01-26,accionSauro_2025_01_27__19_22_23_HDR0_3_Mothbot_yolo11m_4500_imgsz1600_b1_2024-01-18.pt.jpg,HS,Mothbot_yolo11m_4500_imgsz1600_b1_2024-01-18.pt,0.725749254,,accionSauro,Panama/Hoya_1004m_accionSauro_2025-01-26/2025-01-27/patches/accionSauro_2025_01_27__19_22_23_HDR0_3_Mothbot_yolo11m_4500_imgsz1600_b1_2024-01-18.pt.jpg,ORDER_Hemiptera,27-01-25,19:22:23,,2025_01_27__19_22_23,MachineObservation,Panama_Hoya_1004m_accionSauro_2025-01-26_2025-01-27,Panama_Hoya_1004m_accionSauro_2025-01-26_2025-01-27,accionSauro_2025_01_27__19_22_23_HDR0.jpg,accionSauro_2025_01_27__19_22_23_HDR0_3_Mothbot_yolo11m_4500_imgsz1600_b1_2024-01-18.pt.jpg
,Animalia,Arthropoda,Insecta,Coleoptera,,,,,,,Coleoptera,Coleoptera,Panama_Hoya_1004m_accionSauro_2025-01-26,accionSauro_2025_01_27__19_22_23_HDR0_4_Mothbot_yolo11m_4500_imgsz1600_b1_2024-01-18.pt.jpg,HS,Mothbot_yolo11m_4500_imgsz1600_b1_2024-01-18.pt,0.601806104,,accionSauro,Panama/Hoya_1004m_accionSauro_2025-01-26/2025-01-27/patches/accionSauro_2025_01_27__19_22_23_HDR0_4_Mothbot_yolo11m_4500_imgsz1600_b1_2024-01-18.pt.jpg,ORDER_Coleoptera,27-01-25,19:22:23,,2025_01_27__19_22_23,MachineObservation,Panama_Hoya_1004m_accionSauro_2025-01-26_2025-01-27,Panama_Hoya_1004m_accionSauro_2025-01-26_2025-01-27,accionSauro_2025_01_27__19_22_23_HDR0.jpg,accionSauro_2025_01_27__19_22_23_HDR0_4_Mothbot_yolo11m_4500_imgsz1600_b1_2024-01-18.pt.jpg
,Animalia,Arthropoda,Insecta,Diptera,,,,,,,Diptera,Diptera,Panama_Hoya_1004m_accionSauro_2025-01-26,accionSauro_2025_01_27__19_22_23_HDR0_5_Mothbot_yolo11m_4500_imgsz1600_b1_2024-01-18.pt.jpg,HS,Mothbot_yolo11m_4500_imgsz1600_b1_2024-01-18.pt,0.60179466,,accionSauro,Panama/Hoya_1004m_accionSauro_2025-01-26/2025-01-27/patches/accionSauro_2025_01_27__19_22_23_HDR0_5_Mothbot_yolo11m_4500_imgsz1600_b1_2024-01-18.pt.jpg,ORDER_Diptera,27-01-25,19:22:23,,2025_01_27__19_22_23,MachineObservation,Panama_Hoya_1004m_accionSauro_2025-01-26_2025-01-27,Panama_Hoya_1004m_accionSauro_2025-01-26_2025-01-27,accionSauro_2025_01_27__19_22_23_HDR0.jpg,accionSauro_2025_01_27__19_22_23_HDR0_5_Mothbot_yolo11m_4500_imgsz1600_b1_2024-01-18.pt.jpg
,Animalia,Arthropoda,Insecta,Diptera,,,,,,,Diptera,Diptera,Panama_Hoya_1004m_accionSauro_2025-01-26,accionSauro_2025_01_27__19_22_23_HDR0_6_Mothbot_yolo11m_4500_imgsz1600_b1_2024-01-18.pt.jpg,HS,Mothbot_yolo11m_4500_imgsz1600_b1_2024-01-18.pt,0.589826405,,accionSauro,Panama/Hoya_1004m_accionSauro_2025-01-26/2025-01-27/patches/accionSauro_2025_01_27__19_22_23_HDR0_6_Mothbot_yolo11m_4500_imgsz1600_b1_2024-01-18.pt.jpg,ORDER_Diptera,27-01-25,19:22:23,,2025_01_27__19_22_23,MachineObservation,Panama_Hoya_1004m_accionSauro_2025-01-26_2025-01-27,Panama_Hoya_1004m_accionSauro_2025-01-26_2025-01-27,accionSauro_2025_01_27__19_22_23_HDR0.jpg,accionSauro_2025_01_27__19_22_23_HDR0_6_Mothbot_yolo11m_4500_imgsz1600_b1_2024-01-18.pt.jpg
,Animalia,Arthropoda,Insecta,Diptera,,,,,,,Diptera,Diptera,Panama_Hoya_1004m_accionSauro_2025-01-26,accionSauro_2025_01_27__19_22_23_HDR0_7_Mothbot_yolo11m_4500_imgsz1600_b1_2024-01-18.pt.jpg,HS,Mothbot_yolo11m_4500_imgsz1600_b1_2024-01-18.pt,0.434147656,,accionSauro,Panama/Hoya_1004m_accionSauro_2025-01-26/2025-01-27/patches/accionSauro_2025_01_27__19_22_23_HDR0_7_Mothbot_yolo11m_4500_imgsz1600_b1_2024-01-18.pt.jpg,ORDER_Diptera,27-01-25,19:22:23,,2025_01_27__19_22_23,MachineObservation,Panama_Hoya_1004m_accionSauro_2025-01-26_2025-01-27,Panama_Hoya_1004m_accionSauro_2025-01-26_2025-01-27,accionSauro_2025_01_27__19_22_23_HDR0.jpg,accionSauro_2025_01_27__19_22_23_HDR0_7_Mothbot_yolo11m_4500_imgsz1600_b1_2024-01-18.pt.jpg
doi.org10.15468dl.6nxkw6.csv,Animalia,Arthropoda,Insecta,,,,,,216,,Insecta,Insecta,Panama_Hoya_1004m_accionSauro_2025-01-26,accionSauro_2025_01_27__19_22_23_HDR0_8_Mothbot_yolo11m_4500_imgsz1600_b1_2024-01-18.pt.jpg,HS,Mothbot_yolo11m_4500_imgsz1600_b1_2024-01-18.pt,0.430871814,,accionSauro,Panama/Hoya_1004m_accionSauro_2025-01-26/2025-01-27/patches/accionSauro_2025_01_27__19_22_23_HDR0_8_Mothbot_yolo11m_4500_imgsz1600_b1_2024-01-18.pt.jpg,ORDER_Lepidoptera,27-01-25,19:22:23,,2025_01_27__19_22_23,MachineObservation,Panama_Hoya_1004m_accionSauro_2025-01-26_2025-01-27,Panama_Hoya_1004m_accionSauro_2025-01-26_2025-01-27,accionSauro_2025_01_27__19_22_23_HDR0.jpg,accionSauro_2025_01_27__19_22_23_HDR0_8_Mothbot_yolo11m_4500_imgsz1600_b1_2024-01-18.pt.jpg
,Animalia,Arthropoda,Insecta,Hemiptera,,,,,,,Hemiptera,Hemiptera,Panama_Hoya_1004m_accionSauro_2025-01-26,accionSauro_2025_01_27__19_23_06_HDR0_0_Mothbot_yolo11m_4500_imgsz1600_b1_2024-01-18.pt.jpg,HS,Mothbot_yolo11m_4500_imgsz1600_b1_2024-01-18.pt,0.793694794,,accionSauro,Panama/Hoya_1004m_accionSauro_2025-01-26/2025-01-27/patches/accionSauro_2025_01_27__19_23_06_HDR0_0_Mothbot_yolo11m_4500_imgsz1600_b1_2024-01-18.pt.jpg,ORDER_Hemiptera,27-01-25,19:23:06,,2025_01_27__19_23_06,MachineObservation,Panama_Hoya_1004m_accionSauro_2025-01-26_2025-01-27,Panama_Hoya_1004m_accionSauro_2025-01-26_2025-01-27,accionSauro_2025_01_27__19_23_06_HDR0.jpg,accionSauro_2025_01_27__19_23_06_HDR0_0_Mothbot_yolo11m_4500_imgsz1600_b1_2024-01-18.pt.jpg
,Animalia,Arthropoda,Insecta,Hemiptera,,,,,,,Hemiptera,Hemiptera,Panama_Hoya_1004m_accionSauro_2025-01-26,accionSauro_2025_01_27__19_23_06_HDR0_1_Mothbot_yolo11m_4500_imgsz1600_b1_2024-01-18.pt.jpg,HS,Mothbot_yolo11m_4500_imgsz1600_b1_2024-01-18.pt,0.734569013,,accionSauro,Panama/Hoya_1004m_accionSauro_2025-01-26/2025-01-27/patches/accionSauro_2025_01_27__19_23_06_HDR0_1_Mothbot_yolo11m_4500_imgsz1600_b1_2024-01-18.pt.jpg,ORDER_Hemiptera,27-01-25,19:23:06,,2025_01_27__19_23_06,MachineObservation,Panama_Hoya_1004m_accionSauro_2025-01-26_2025-01-27,Panama_Hoya_1004m_accionSauro_2025-01-26_2025-01-27,accionSauro_2025_01_27__19_23_06_HDR0.jpg,accionSauro_2025_01_27__19_23_06_HDR0_1_Mothbot_yolo11m_4500_imgsz1600_b1_2024-01-18.pt.jpg
,Animalia,Arthropoda,Insecta,Hemiptera,,,,,,,Hemiptera,Hemiptera,Panama_Hoya_1004m_accionSauro_2025-01-26,accionSauro_2025_01_27__19_23_06_HDR0_2_Mothbot_yolo11m_4500_imgsz1600_b1_2024-01-18.pt.jpg,HS,Mothbot_yolo11m_4500_imgsz1600_b1_2024-01-18.pt,0.725882471,,accionSauro,Panama/Hoya_1004m_accionSauro_2025-01-26/2025-01-27/patches/accionSauro_2025_01_27__19_23_06_HDR0_2_Mothbot_yolo11m_4500_imgsz1600_b1_2024-01-18.pt.jpg,ORDER_Hemiptera,27-01-25,19:23:06,,2025_01_27__19_23_06,MachineObservation,Panama_Hoya_1004m_accionSauro_2025-01-26_2025-01-27,Panama_Hoya_1004m_accionSauro_2025-01-26_2025-01-27,accionSauro_2025_01_27__19_23_06_HDR0.jpg,accionSauro_2025_01_27__19_23_06_HDR0_2_Mothbot_yolo11m_4500_imgsz1600_b1_2024-01-18.pt.jpg
,Animalia,Arthropoda,Insecta,Diptera,,,,,,,Diptera,Diptera,Panama_Hoya_1004m_accionSauro_2025-01-26,accionSauro_2025_01_27__19_23_06_HDR0_3_Mothbot_yolo11m_4500_imgsz1600_b1_2024-01-18.pt.jpg,HS,Mothbot_yolo11m_4500_imgsz1600_b1_2024-01-18.pt,0.718139827,,accionSauro,Panama/Hoya_1004m_accionSauro_2025-01-26/2025-01-27/patches/accionSauro_2025_01_27__19_23_06_HDR0_3_Mothbot_yolo11m_4500_imgsz1600_b1_2024-01-18.pt.jpg,ORDER_Diptera,27-01-25,19:23:06,,2025_01_27__19_23_06,MachineObservation,Panama_Hoya_1004m_accionSauro_2025-01-26_2025-01-27,Panama_Hoya_1004m_accionSauro_2025-01-26_2025-01-27,accionSauro_2025_01_27__19_23_06_HDR0.jpg,accionSauro_2025_01_27__19_23_06_HDR0_3_Mothbot_yolo11m_4500_imgsz1600_b1_2024-01-18.pt.jpg
,Animalia,Arthropoda,Insecta,Diptera,,,,,,,Diptera,Diptera,Panama_Hoya_1004m_accionSauro_2025-01-26,accionSauro_2025_01_27__19_23_06_HDR0_4_Mothbot_yolo11m_4500_imgsz1600_b1_2024-01-18.pt.jpg,HS,Mothbot_yolo11m_4500_imgsz1600_b1_2024-01-18.pt,0.701003194,,accionSauro,Panama/Hoya_1004m_accionSauro_2025-01-26/2025-01-27/patches/accionSauro_2025_01_27__19_23_06_HDR0_4_Mothbot_yolo11m_4500_imgsz1600_b1_2024-01-18.pt.jpg,ORDER_Diptera,27-01-25,19:23:06,,2025_01_27__19_23_06,MachineObservation,Panama_Hoya_1004m_accionSauro_2025-01-26_2025-01-27,Panama_Hoya_1004m_accionSauro_2025-01-26_2025-01-27,accionSauro_2025_01_27__19_23_06_HDR0.jpg,accionSauro_2025_01_27__19_23_06_HDR0_4_Mothbot_yolo11m_4500_imgsz1600_b1_2024-01-18.pt.jpg
,Animalia,Arthropoda,Insecta,Diptera,,,,,,,Diptera,Diptera,Panama_Hoya_1004m_accionSauro_2025-01-26,accionSauro_2025_01_27__19_23_06_HDR0_5_Mothbot_yolo11m_4500_imgsz1600_b1_2024-01-18.pt.jpg,HS,Mothbot_yolo11m_4500_imgsz1600_b1_2024-01-18.pt,0.647638619,,accionSauro,Panama/Hoya_1004m_accionSauro_2025-01-26/2025-01-27/patches/accionSauro_2025_01_27__19_23_06_HDR0_5_Mothbot_yolo11m_4500_imgsz1600_b1_2024-01-18.pt.jpg,ORDER_Diptera,27-01-25,19:23:06,,2025_01_27__19_23_06,MachineObservation,Panama_Hoya_1004m_accionSauro_2025-01-26_2025-01-27,Panama_Hoya_1004m_accionSauro_2025-01-26_2025-01-27,accionSauro_2025_01_27__19_23_06_HDR0.jpg,accionSauro_2025_01_27__19_23_06_HDR0_5_Mothbot_yolo11m_4500_imgsz1600_b1_2024-01-18.pt.jpg
,Animalia,Arthropoda,Insecta,Hemiptera,,,,,,,Hemiptera,Hemiptera,Panama_Hoya_1004m_accionSauro_2025-01-26,accionSauro_2025_01_27__19_24_06_HDR0_0_Mothbot_yolo11m_4500_imgsz1600_b1_2024-01-18.pt.jpg,HS,Mothbot_yolo11m_4500_imgsz1600_b1_2024-01-18.pt,0.783162355,,accionSauro,Panama/Hoya_1004m_accionSauro_2025-01-26/2025-01-27/patches/accionSauro_2025_01_27__19_24_06_HDR0_0_Mothbot_yolo11m_4500_imgsz1600_b1_2024-01-18.pt.jpg,ORDER_Hemiptera,27-01-25,19:24:06,,2025_01_27__19_24_06,MachineObservation,Panama_Hoya_1004m_accionSauro_2025-01-26_2025-01-27,Panama_Hoya_1004m_accionSauro_2025-01-26_2025-01-27,accionSauro_2025_01_27__19_24_06_HDR0.jpg,accionSauro_2025_01_27__19_24_06_HDR0_0_Mothbot_yolo11m_4500_imgsz1600_b1_2024-01-18.pt.jpg
,Animalia,Arthropoda,Insecta,Hemiptera,,,,,,,Hemiptera,Hemiptera,Panama_Hoya_1004m_accionSauro_2025-01-26,accionSauro_2025_01_27__19_24_06_HDR0_1_Mothbot_yolo11m_4500_imgsz1600_b1_2024-01-18.pt.jpg,HS,Mothbot_yolo11m_4500_imgsz1600_b1_2024-01-18.pt,0.737380981,,accionSauro,Panama/Hoya_1004m_accionSauro_2025-01-26/2025-01-27/patches/accionSauro_2025_01_27__19_24_06_HDR0_1_Mothbot_yolo11m_4500_imgsz1600_b1_2024-01-18.pt.jpg,ORDER_Hemiptera,27-01-25,19:24:06,,2025_01_27__19_24_06,MachineObservation,Panama_Hoya_1004m_accionSauro_2025-01-26_2025-01-27,Panama_Hoya_1004m_accionSauro_2025-01-26_2025-01-27,accionSauro_2025_01_27__19_24_06_HDR0.jpg,accionSauro_2025_01_27__19_24_06_HDR0_1_Mothbot_yolo11m_4500_imgsz1600_b1_2024-01-18.pt.jpg
,Animalia,Arthropoda,Insecta,Hemiptera,,,,,,,Hemiptera,Hemiptera,Panama_Hoya_1004m_accionSauro_2025-01-26,accionSauro_2025_01_27__19_24_06_HDR0_2_Mothbot_yolo11m_4500_imgsz1600_b1_2024-01-18.pt.jpg,HS,Mothbot_yolo11m_4500_imgsz1600_b1_2024-01-18.pt,0.719541073,,accionSauro,Panama/Hoya_1004m_accionSauro_2025-01-26/2025-01-27/patches/accionSauro_2025_01_27__19_24_06_HDR0_2_Mothbot_yolo11m_4500_imgsz1600_b1_2024-01-18.pt.jpg,ORDER_Hemiptera,27-01-25,19:24:06,,2025_01_27__19_24_06,MachineObservation,Panama_Hoya_1004m_accionSauro_2025-01-26_2025-01-27,Panama_Hoya_1004m_accionSauro_2025-01-26_2025-01-27,accionSauro_2025_01_27__19_24_06_HDR0.jpg,accionSauro_2025_01_27__19_24_06_HDR0_2_Mothbot_yolo11m_4500_imgsz1600_b1_2024-01-18.pt.jpg
doi.org10.15468dl.6nxkw6.csv,Animalia,Arthropoda,Insecta,Diptera,,,,,,,Diptera,Diptera,Panama_Hoya_1004m_accionSauro_2025-01-26,accionSauro_2025_01_27__19_24_06_HDR0_3_Mothbot_yolo11m_4500_imgsz1600_b1_2024-01-18.pt.jpg,HS,Mothbot_yolo11m_4500_imgsz1600_b1_2024-01-18.pt,0.624803662,,accionSauro,Panama/Hoya_1004m_accionSauro_2025-01-26/2025-01-27/patches/accionSauro_2025_01_27__19_24_06_HDR0_3_Mothbot_yolo11m_4500_imgsz1600_b1_2024-01-18.pt.jpg,ORDER_Hemiptera,27-01-25,19:24:06,,2025_01_27__19_24_06,MachineObservation,Panama_Hoya_1004m_accionSauro_2025-01-26_2025-01-27,Panama_Hoya_1004m_accionSauro_2025-01-26_2025-01-27,accionSauro_2025_01_27__19_24_06_HDR0.jpg,accionSauro_2025_01_27__19_24_06_HDR0_3_Mothbot_yolo11m_4500_imgsz1600_b1_2024-01-18.pt.jpg
,Animalia,Arthropoda,Insecta,Diptera,,,,,,,Diptera,Diptera,Panama_Hoya_1004m_accionSauro_2025-01-26,accionSauro_2025_01_27__19_24_06_HDR0_4_Mothbot_yolo11m_4500_imgsz1600_b1_2024-01-18.pt.jpg,HS,Mothbot_yolo11m_4500_imgsz1600_b1_2024-01-18.pt,0.545324862,,accionSauro,Panama/Hoya_1004m_accionSauro_2025-01-26/2025-01-27/patches/accionSauro_2025_01_27__19_24_06_HDR0_4_Mothbot_yolo11m_4500_imgsz1600_b1_2024-01-18.pt.jpg,ORDER_Diptera,27-01-25,19:24:06,,2025_01_27__19_24_06,MachineObservation,Panama_Hoya_1004m_accionSauro_2025-01-26_2025-01-27,Panama_Hoya_1004m_accionSauro_2025-01-26_2025-01-27,accionSauro_2025_01_27__19_24_06_HDR0.jpg,accionSauro_2025_01_27__19_24_06_HDR0_4_Mothbot_yolo11m_4500_imgsz1600_b1_2024-01-18.pt.jpg
,Animalia,Arthropoda,Insecta,Hemiptera,,,,,,,Hemiptera,Hemiptera,Panama_Hoya_1004m_accionSauro_2025-01-26,accionSauro_2025_01_27__19_25_06_HDR0_0_Mothbot_yolo11m_4500_imgsz1600_b1_2024-01-18.pt.jpg,HS,Mothbot_yolo11m_4500_imgsz1600_b1_2024-01-18.pt,0.78828311,,accionSauro,Panama/Hoya_1004m_accionSauro_2025-01-26/2025-01-27/patches/accionSauro_2025_01_27__19_25_06_HDR0_0_Mothbot_yolo11m_4500_imgsz1600_b1_2024-01-18.pt.jpg,ORDER_Hemiptera,27-01-25,19:25:06,,2025_01_27__19_25_06,MachineObservation,Panama_Hoya_1004m_accionSauro_2025-01-26_2025-01-27,Panama_Hoya_1004m_accionSauro_2025-01-26_2025-01-27,accionSauro_2025_01_27__19_25_06_HDR0.jpg,accionSauro_2025_01_27__19_25_06_HDR0_0_Mothbot_yolo11m_4500_imgsz1600_b1_2024-01-18.pt.jpg
,Animalia,Arthropoda,Insecta,Lepidoptera,,,,,,,Lepidoptera,Lepidoptera,Panama_Hoya_1004m_accionSauro_2025-01-26,accionSauro_2025_01_27__19_25_06_HDR0_1_Mothbot_yolo11m_4500_imgsz1600_b1_2024-01-18.pt.jpg,HS,Mothbot_yolo11m_4500_imgsz1600_b1_2024-01-18.pt,0.782705307,,accionSauro,Panama/Hoya_1004m_accionSauro_2025-01-26/2025-01-27/patches/accionSauro_2025_01_27__19_25_06_HDR0_1_Mothbot_yolo11m_4500_imgsz1600_b1_2024-01-18.pt.jpg,ORDER_Lepidoptera,27-01-25,19:25:06,,2025_01_27__19_25_06,MachineObservation,Panama_Hoya_1004m_accionSauro_2025-01-26_2025-01-27,Panama_Hoya_1004m_accionSauro_2025-01-26_2025-01-27,accionSauro_2025_01_27__19_25_06_HDR0.jpg,accionSauro_2025_01_27__19_25_06_HDR0_1_Mothbot_yolo11m_4500_imgsz1600_b1_2024-01-18.pt.jpg
,Animalia,Arthropoda,Insecta,Hemiptera,,,,,,,Hemiptera,Hemiptera,Panama_Hoya_1004m_accionSauro_2025-01-26,accionSauro_2025_01_27__19_25_06_HDR0_2_Mothbot_yolo11m_4500_imgsz1600_b1_2024-01-18.pt.jpg,HS,Mothbot_yolo11m_4500_imgsz1600_b1_2024-01-18.pt,0.754868627,,accionSauro,Panama/Hoya_1004m_accionSauro_2025-01-26/2025-01-27/patches/accionSauro_2025_01_27__19_25_06_HDR0_2_Mothbot_yolo11m_4500_imgsz1600_b1_2024-01-18.pt.jpg,ORDER_Hemiptera,27-01-25,19:25:06,,2025_01_27__19_25_06,MachineObservation,Panama_Hoya_1004m_accionSauro_2025-01-26_2025-01-27,Panama_Hoya_1004m_accionSauro_2025-01-26_2025-01-27,accionSauro_2025_01_27__19_25_06_HDR0.jpg,accionSauro_2025_01_27__19_25_06_HDR0_2_Mothbot_yolo11m_4500_imgsz1600_b1_2024-01-18.pt.jpg
,Animalia,Arthropoda,Insecta,Hemiptera,,,,,,,Hemiptera,Hemiptera,Panama_Hoya_1004m_accionSauro_2025-01-26,accionSauro_2025_01_27__19_25_06_HDR0_3_Mothbot_yolo11m_4500_imgsz1600_b1_2024-01-18.pt.jpg,HS,Mothbot_yolo11m_4500_imgsz1600_b1_2024-01-18.pt,0.713963985,,accionSauro,Panama/Hoya_1004m_accionSauro_2025-01-26/2025-01-27/patches/accionSauro_2025_01_27__19_25_06_HDR0_3_Mothbot_yolo11m_4500_imgsz1600_b1_2024-01-18.pt.jpg,ORDER_Hemiptera,27-01-25,19:25:06,,2025_01_27__19_25_06,MachineObservation,Panama_Hoya_1004m_accionSauro_2025-01-26_2025-01-27,Panama_Hoya_1004m_accionSauro_2025-01-26_2025-01-27,accionSauro_2025_01_27__19_25_06_HDR0.jpg,accionSauro_2025_01_27__19_25_06_HDR0_3_Mothbot_yolo11m_4500_imgsz1600_b1_2024-01-18.pt.jpg
doi.org10.15468dl.6nxkw6.csv,Animalia,Arthropoda,Insecta,Diptera,,,,,,,Diptera,Diptera,Panama_Hoya_1004m_accionSauro_2025-01-26,accionSauro_2025_01_27__19_25_06_HDR0_4_Mothbot_yolo11m_4500_imgsz1600_b1_2024-01-18.pt.jpg,HS,Mothbot_yolo11m_4500_imgsz1600_b1_2024-01-18.pt,0.665661156,,accionSauro,Panama/Hoya_1004m_accionSauro_2025-01-26/2025-01-27/patches/accionSauro_2025_01_27__19_25_06_HDR0_4_Mothbot_yolo11m_4500_imgsz1600_b1_2024-01-18.pt.jpg,ORDER_Hemiptera,27-01-25,19:25:06,,2025_01_27__19_25_06,MachineObservation,Panama_Hoya_1004m_accionSauro_2025-01-26_2025-01-27,Panama_Hoya_1004m_accionSauro_2025-01-26_2025-01-27,accionSauro_2025_01_27__19_25_06_HDR0.jpg,accionSauro_2025_01_27__19_25_06_HDR0_4_Mothbot_yolo11m_4500_imgsz1600_b1_2024-01-18.pt.jpg
,Animalia,Arthropoda,Insecta,Hemiptera,,,,,,,Hemiptera,Hemiptera,Panama_Hoya_1004m_accionSauro_2025-01-26,accionSauro_2025_01_27__19_26_06_HDR0_0_Mothbot_yolo11m_4500_imgsz1600_b1_2024-01-18.pt.jpg,HS,Mothbot_yolo11m_4500_imgsz1600_b1_2024-01-18.pt,0.782554567,,accionSauro,Panama/Hoya_1004m_accionSauro_2025-01-26/2025-01-27/patches/accionSauro_2025_01_27__19_26_06_HDR0_0_Mothbot_yolo11m_4500_imgsz1600_b1_2024-01-18.pt.jpg,ORDER_Hemiptera,27-01-25,19:26:06,,2025_01_27__19_26_06,MachineObservation,Panama_Hoya_1004m_accionSauro_2025-01-26_2025-01-27,Panama_Hoya_1004m_accionSauro_2025-01-26_2025-01-27,accionSauro_2025_01_27__19_26_06_HDR0.jpg,accionSauro_2025_01_27__19_26_06_HDR0_0_Mothbot_yolo11m_4500_imgsz1600_b1_2024-01-18.pt.jpg
,Animalia,Arthropoda,Insecta,Hemiptera,,,,,,,Hemiptera,Hemiptera,Panama_Hoya_1004m_accionSauro_2025-01-26,accionSauro_2025_01_27__19_26_06_HDR0_1_Mothbot_yolo11m_4500_imgsz1600_b1_2024-01-18.pt.jpg,HS,Mothbot_yolo11m_4500_imgsz1600_b1_2024-01-18.pt,0.739193738,,accionSauro,Panama/Hoya_1004m_accionSauro_2025-01-26/2025-01-27/patches/accionSauro_2025_01_27__19_26_06_HDR0_1_Mothbot_yolo11m_4500_imgsz1600_b1_2024-01-18.pt.jpg,ORDER_Hemiptera,27-01-25,19:26:06,,2025_01_27__19_26_06,MachineObservation,Panama_Hoya_1004m_accionSauro_2025-01-26_2025-01-27,Panama_Hoya_1004m_accionSauro_2025-01-26_2025-01-27,accionSauro_2025_01_27__19_26_06_HDR0.jpg,accionSauro_2025_01_27__19_26_06_HDR0_1_Mothbot_yolo11m_4500_imgsz1600_b1_2024-01-18.pt.jpg
,Animalia,Arthropoda,Insecta,Hemiptera,,,,,,,Hemiptera,Hemiptera,Panama_Hoya_1004m_accionSauro_2025-01-26,accionSauro_2025_01_27__19_26_06_HDR0_2_Mothbot_yolo11m_4500_imgsz1600_b1_2024-01-18.pt.jpg,HS,Mothbot_yolo11m_4500_imgsz1600_b1_2024-01-18.pt,0.703731239,,accionSauro,Panama/Hoya_1004m_accionSauro_2025-01-26/2025-01-27/patches/accionSauro_2025_01_27__19_26_06_HDR0_2_Mothbot_yolo11m_4500_imgsz1600_b1_2024-01-18.pt.jpg,ORDER_Hemiptera,27-01-25,19:26:06,,2025_01_27__19_26_06,MachineObservation,Panama_Hoya_1004m_accionSauro_2025-01-26_2025-01-27,Panama_Hoya_1004m_accionSauro_2025-01-26_2025-01-27,accionSauro_2025_01_27__19_26_06_HDR0.jpg,accionSauro_2025_01_27__19_26_06_HDR0_2_Mothbot_yolo11m_4500_imgsz1600_b1_2024-01-18.pt.jpg
doi.org10.15468dl.6nxkw6.csv,Animalia,Arthropoda,Insecta,Diptera,,,,,811,,Diptera,Diptera,Panama_Hoya_1004m_accionSauro_2025-01-26,accionSauro_2025_01_27__19_26_06_HDR0_3_Mothbot_yolo11m_4500_imgsz1600_b1_2024-01-18.pt.jpg,HS,Mothbot_yolo11m_4500_imgsz1600_b1_2024-01-18.pt,0.666053891,,accionSauro,Panama/Hoya_1004m_accionSauro_2025-01-26/2025-01-27/patches/accionSauro_2025_01_27__19_26_06_HDR0_3_Mothbot_yolo11m_4500_imgsz1600_b1_2024-01-18.pt.jpg,ORDER_Psocodea,27-01-25,19:26:06,,2025_01_27__19_26_06,MachineObservation,Panama_Hoya_1004m_accionSauro_2025-01-26_2025-01-27,Panama_Hoya_1004m_accionSauro_2025-01-26_2025-01-27,accionSauro_2025_01_27__19_26_06_HDR0.jpg,accionSauro_2025_01_27__19_26_06_HDR0_3_Mothbot_yolo11m_4500_imgsz1600_b1_2024-01-18.pt.jpg
,Animalia,Arthropoda,Insecta,Diptera,,,,,,,Diptera,Diptera,Panama_Hoya_1004m_accionSauro_2025-01-26,accionSauro_2025_01_27__19_26_06_HDR0_4_Mothbot_yolo11m_4500_imgsz1600_b1_2024-01-18.pt.jpg,HS,Mothbot_yolo11m_4500_imgsz1600_b1_2024-01-18.pt,0.659325182,,accionSauro,Panama/Hoya_1004m_accionSauro_2025-01-26/2025-01-27/patches/accionSauro_2025_01_27__19_26_06_HDR0_4_Mothbot_yolo11m_4500_imgsz1600_b1_2024-01-18.pt.jpg,ORDER_Diptera,27-01-25,19:26:06,,2025_01_27__19_26_06,MachineObservation,Panama_Hoya_1004m_accionSauro_2025-01-26_2025-01-27,Panama_Hoya_1004m_accionSauro_2025-01-26_2025-01-27,accionSauro_2025_01_27__19_26_06_HDR0.jpg,accionSauro_2025_01_27__19_26_06_HDR0_4_Mothbot_yolo11m_4500_imgsz1600_b1_2024-01-18.pt.jpg
doi.org10.15468dl.6nxkw6.csv,Animalia,Arthropoda,Insecta,Diptera,,,,,,,Diptera,Diptera,Panama_Hoya_1004m_accionSauro_2025-01-26,accionSauro_2025_01_27__19_26_06_HDR0_5_Mothbot_yolo11m_4500_imgsz1600_b1_2024-01-18.pt.jpg,HS,Mothbot_yolo11m_4500_imgsz1600_b1_2024-01-18.pt,0.653892636,,accionSauro,Panama/Hoya_1004m_accionSauro_2025-01-26/2025-01-27/patches/accionSauro_2025_01_27__19_26_06_HDR0_5_Mothbot_yolo11m_4500_imgsz1600_b1_2024-01-18.pt.jpg,ORDER_Hymenoptera,27-01-25,19:26:06,,2025_01_27__19_26_06,MachineObservation,Panama_Hoya_1004m_accionSauro_2025-01-26_2025-01-27,Panama_Hoya_1004m_accionSauro_2025-01-26_2025-01-27,accionSauro_2025_01_27__19_26_06_HDR0.jpg,accionSauro_2025_01_27__19_26_06_HDR0_5_Mothbot_yolo11m_4500_imgsz1600_b1_2024-01-18.pt.jpg
doi.org10.15468dl.6nxkw6.csv,Animalia,Arthropoda,Insecta,Diptera,,,,,,,Diptera,Diptera,Panama_Hoya_1004m_accionSauro_2025-01-26,accionSauro_2025_01_27__19_27_06_HDR0_0_Mothbot_yolo11m_4500_imgsz1600_b1_2024-01-18.pt.jpg,HS,Mothbot_yolo11m_4500_imgsz1600_b1_2024-01-18.pt,0.652428508,,accionSauro,Panama/Hoya_1004m_accionSauro_2025-01-26/2025-01-27/patches/accionSauro_2025_01_27__19_27_06_HDR0_0_Mothbot_yolo11m_4500_imgsz1600_b1_2024-01-18.pt.jpg,ORDER_Hemiptera,27-01-25,19:27:06,,2025_01_27__19_27_06,MachineObservation,Panama_Hoya_1004m_accionSauro_2025-01-26_2025-01-27,Panama_Hoya_1004m_accionSauro_2025-01-26_2025-01-27,accionSauro_2025_01_27__19_27_06_HDR0.jpg,accionSauro_2025_01_27__19_27_06_HDR0_0_Mothbot_yolo11m_4500_imgsz1600_b1_2024-01-18.pt.jpg
doi.org10.15468dl.6nxkw6.csv,Animalia,Arthropoda,Insecta,Hemiptera,,,,,809,,Hemiptera,Hemiptera,Panama_Hoya_1004m_accionSauro_2025-01-26,accionSauro_2025_01_27__19_27_06_HDR0_1_Mothbot_yolo11m_4500_imgsz1600_b1_2024-01-18.pt.jpg,HS,Mothbot_yolo11m_4500_imgsz1600_b1_2024-01-18.pt,0.629573345,,accionSauro,Panama/Hoya_1004m_accionSauro_2025-01-26/2025-01-27/patches/accionSauro_2025_01_27__19_27_06_HDR0_1_Mothbot_yolo11m_4500_imgsz1600_b1_2024-01-18.pt.jpg,ORDER_Diptera,27-01-25,19:27:06,,2025_01_27__19_27_06,MachineObservation,Panama_Hoya_1004m_accionSauro_2025-01-26_2025-01-27,Panama_Hoya_1004m_accionSauro_2025-01-26_2025-01-27,accionSauro_2025_01_27__19_27_06_HDR0.jpg,accionSauro_2025_01_27__19_27_06_HDR0_1_Mothbot_yolo11m_4500_imgsz1600_b1_2024-01-18.pt.jpg
,Animalia,Arthropoda,Insecta,Diptera,,,,,,,Diptera,Diptera,Panama_Hoya_1004m_accionSauro_2025-01-26,accionSauro_2025_01_27__19_27_06_HDR0_2_Mothbot_yolo11m_4500_imgsz1600_b1_2024-01-18.pt.jpg,HS,Mothbot_yolo11m_4500_imgsz1600_b1_2024-01-18.pt,0.626623094,,accionSauro,Panama/Hoya_1004m_accionSauro_2025-01-26/2025-01-27/patches/accionSauro_2025_01_27__19_27_06_HDR0_2_Mothbot_yolo11m_4500_imgsz1600_b1_2024-01-18.pt.jpg,ORDER_Diptera,27-01-25,19:27:06,,2025_01_27__19_27_06,MachineObservation,Panama_Hoya_1004m_accionSauro_2025-01-26_2025-01-27,Panama_Hoya_1004m_accionSauro_2025-01-26_2025-01-27,accionSauro_2025_01_27__19_27_06_HDR0.jpg,accionSauro_2025_01_27__19_27_06_HDR0_2_Mothbot_yolo11m_4500_imgsz1600_b1_2024-01-18.pt.jpg
,Animalia,Arthropoda,Insecta,Hemiptera,,,,,,,Hemiptera,Hemiptera,Panama_Hoya_1004m_accionSauro_2025-01-26,accionSauro_2025_01_27__19_27_06_HDR0_3_Mothbot_yolo11m_4500_imgsz1600_b1_2024-01-18.pt.jpg,HS,Mothbot_yolo11m_4500_imgsz1600_b1_2024-01-18.pt,0.612745285,,accionSauro,Panama/Hoya_1004m_accionSauro_2025-01-26/2025-01-27/patches/accionSauro_2025_01_27__19_27_06_HDR0_3_Mothbot_yolo11m_4500_imgsz1600_b1_2024-01-18.pt.jpg,ORDER_Hemiptera,27-01-25,19:27:06,,2025_01_27__19_27_06,MachineObservation,Panama_Hoya_1004m_accionSauro_2025-01-26_2025-01-27,Panama_Hoya_1004m_accionSauro_2025-01-26_2025-01-27,accionSauro_2025_01_27__19_27_06_HDR0.jpg,accionSauro_2025_01_27__19_27_06_HDR0_3_Mothbot_yolo11m_4500_imgsz1600_b1_2024-01-18.pt.jpg
,Animalia,Arthropoda,Insecta,Diptera,,,,,,,Diptera,Diptera,Panama_Hoya_1004m_accionSauro_2025-01-26,accionSauro_2025_01_27__19_27_06_HDR0_4_Mothbot_yolo11m_4500_imgsz1600_b1_2024-01-18.pt.jpg,HS,Mothbot_yolo11m_4500_imgsz1600_b1_2024-01-18.pt,0.551579952,,accionSauro,Panama/Hoya_1004m_accionSauro_2025-01-26/2025-01-27/patches/accionSauro_2025_01_27__19_27_06_HDR0_4_Mothbot_yolo11m_4500_imgsz1600_b1_2024-01-18.pt.jpg,ORDER_Diptera,27-01-25,19:27:06,,2025_01_27__19_27_06,MachineObservation,Panama_Hoya_1004m_accionSauro_2025-01-26_2025-01-27,Panama_Hoya_1004m_accionSauro_2025-01-26_2025-01-27,accionSauro_2025_01_27__19_27_06_HDR0.jpg,accionSauro_2025_01_27__19_27_06_HDR0_4_Mothbot_yolo11m_4500_imgsz1600_b1_2024-01-18.pt.jpg
,Animalia,Arthropoda,Insecta,Diptera,,,,,,,Diptera,Diptera,Panama_Hoya_1004m_accionSauro_2025-01-26,accionSauro_2025_01_27__19_27_06_HDR0_5_Mothbot_yolo11m_4500_imgsz1600_b1_2024-01-18.pt.jpg,HS,Mothbot_yolo11m_4500_imgsz1600_b1_2024-01-18.pt,0.46774438,,accionSauro,Panama/Hoya_1004m_accionSauro_2025-01-26/2025-01-27/patches/accionSauro_2025_01_27__19_27_06_HDR0_5_Mothbot_yolo11m_4500_imgsz1600_b1_2024-01-18.pt.jpg,ORDER_Diptera,27-01-25,19:27:06,,2025_01_27__19_27_06,MachineObservation,Panama_Hoya_1004m_accionSauro_2025-01-26_2025-01-27,Panama_Hoya_1004m_accionSauro_2025-01-26_2025-01-27,accionSauro_2025_01_27__19_27_06_HDR0.jpg,accionSauro_2025_01_27__19_27_06_HDR0_5_Mothbot_yolo11m_4500_imgsz1600_b1_2024-01-18.pt.jpg
,Animalia,Arthropoda,Insecta,Coleoptera,,,,,,,Coleoptera,Coleoptera,Panama_Hoya_1004m_accionSauro_2025-01-26,accionSauro_2025_01_27__19_28_06_HDR0_0_Mothbot_yolo11m_4500_imgsz1600_b1_2024-01-18.pt.jpg,HS,Mothbot_yolo11m_4500_imgsz1600_b1_2024-01-18.pt,0.757860541,,accionSauro,Panama/Hoya_1004m_accionSauro_2025-01-26/2025-01-27/patches/accionSauro_2025_01_27__19_28_06_HDR0_0_Mothbot_yolo11m_4500_imgsz1600_b1_2024-01-18.pt.jpg,ORDER_Coleoptera,27-01-25,19:28:06,,2025_01_27__19_28_06,MachineObservation,Panama_Hoya_1004m_accionSauro_2025-01-26_2025-01-27,Panama_Hoya_1004m_accionSauro_2025-01-26_2025-01-27,accionSauro_2025_01_27__19_28_06_HDR0.jpg,accionSauro_2025_01_27__19_28_06_HDR0_0_Mothbot_yolo11m_4500_imgsz1600_b1_2024-01-18.pt.jpg
doi.org10.15468dl.6nxkw6.csv,Animalia,Arthropoda,Insecta,Hemiptera,,,,,809,,Hemiptera,Hemiptera,Panama_Hoya_1004m_accionSauro_2025-01-26,accionSauro_2025_01_27__19_28_06_HDR0_1_Mothbot_yolo11m_4500_imgsz1600_b1_2024-01-18.pt.jpg,HS,Mothbot_yolo11m_4500_imgsz1600_b1_2024-01-18.pt,0.745161891,,accionSauro,Panama/Hoya_1004m_accionSauro_2025-01-26/2025-01-27/patches/accionSauro_2025_01_27__19_28_06_HDR0_1_Mothbot_yolo11m_4500_imgsz1600_b1_2024-01-18.pt.jpg,ORDER_Psocodea,27-01-25,19:28:06,,2025_01_27__19_28_06,MachineObservation,Panama_Hoya_1004m_accionSauro_2025-01-26_2025-01-27,Panama_Hoya_1004m_accionSauro_2025-01-26_2025-01-27,accionSauro_2025_01_27__19_28_06_HDR0.jpg,accionSauro_2025_01_27__19_28_06_HDR0_1_Mothbot_yolo11m_4500_imgsz1600_b1_2024-01-18.pt.jpg
,Animalia,Arthropoda,Insecta,Hemiptera,,,,,,,Hemiptera,Hemiptera,Panama_Hoya_1004m_accionSauro_2025-01-26,accionSauro_2025_01_27__19_28_06_HDR0_2_Mothbot_yolo11m_4500_imgsz1600_b1_2024-01-18.pt.jpg,HS,Mothbot_yolo11m_4500_imgsz1600_b1_2024-01-18.pt,0.710435688,,accionSauro,Panama/Hoya_1004m_accionSauro_2025-01-26/2025-01-27/patches/accionSauro_2025_01_27__19_28_06_HDR0_2_Mothbot_yolo11m_4500_imgsz1600_b1_2024-01-18.pt.jpg,ORDER_Hemiptera,27-01-25,19:28:06,,2025_01_27__19_28_06,MachineObservation,Panama_Hoya_1004m_accionSauro_2025-01-26_2025-01-27,Panama_Hoya_1004m_accionSauro_2025-01-26_2025-01-27,accionSauro_2025_01_27__19_28_06_HDR0.jpg,accionSauro_2025_01_27__19_28_06_HDR0_2_Mothbot_yolo11m_4500_imgsz1600_b1_2024-01-18.pt.jpg
,Animalia,Arthropoda,Insecta,Lepidoptera,,,,,,,Lepidoptera,Lepidoptera,Panama_Hoya_1004m_accionSauro_2025-01-26,accionSauro_2025_01_27__19_28_06_HDR0_3_Mothbot_yolo11m_4500_imgsz1600_b1_2024-01-18.pt.jpg,HS,Mothbot_yolo11m_4500_imgsz1600_b1_2024-01-18.pt,0.705037475,,accionSauro,Panama/Hoya_1004m_accionSauro_2025-01-26/2025-01-27/patches/accionSauro_2025_01_27__19_28_06_HDR0_3_Mothbot_yolo11m_4500_imgsz1600_b1_2024-01-18.pt.jpg,ORDER_Lepidoptera,27-01-25,19:28:06,,2025_01_27__19_28_06,MachineObservation,Panama_Hoya_1004m_accionSauro_2025-01-26_2025-01-27,Panama_Hoya_1004m_accionSauro_2025-01-26_2025-01-27,accionSauro_2025_01_27__19_28_06_HDR0.jpg,accionSauro_2025_01_27__19_28_06_HDR0_3_Mothbot_yolo11m_4500_imgsz1600_b1_2024-01-18.pt.jpg
doi.org10.15468dl.6nxkw6.csv,Animalia,Arthropoda,Insecta,Diptera,,,,,,,Diptera,Diptera,Panama_Hoya_1004m_accionSauro_2025-01-26,accionSauro_2025_01_27__19_28_06_HDR0_4_Mothbot_yolo11m_4500_imgsz1600_b1_2024-01-18.pt.jpg,HS,Mothbot_yolo11m_4500_imgsz1600_b1_2024-01-18.pt,0.340482622,,accionSauro,Panama/Hoya_1004m_accionSauro_2025-01-26/2025-01-27/patches/accionSauro_2025_01_27__19_28_06_HDR0_4_Mothbot_yolo11m_4500_imgsz1600_b1_2024-01-18.pt.jpg,ORDER_Hemiptera,27-01-25,19:28:06,,2025_01_27__19_28_06,MachineObservation,Panama_Hoya_1004m_accionSauro_2025-01-26_2025-01-27,Panama_Hoya_1004m_accionSauro_2025-01-26_2025-01-27,accionSauro_2025_01_27__19_28_06_HDR0.jpg,accionSauro_2025_01_27__19_28_06_HDR0_4_Mothbot_yolo11m_4500_imgsz1600_b1_2024-01-18.pt.jpg
doi.org10.15468dl.6nxkw6.csv,Animalia,Arthropoda,Insecta,Hemiptera,,,,,809,,Hemiptera,Hemiptera,Panama_Hoya_1004m_accionSauro_2025-01-26,accionSauro_2025_01_27__19_29_22_HDR0_0_Mothbot_yolo11m_4500_imgsz1600_b1_2024-01-18.pt.jpg,HS,Mothbot_yolo11m_4500_imgsz1600_b1_2024-01-18.pt,0.790502965,,accionSauro,Panama/Hoya_1004m_accionSauro_2025-01-26/2025-01-27/patches/accionSauro_2025_01_27__19_29_22_HDR0_0_Mothbot_yolo11m_4500_imgsz1600_b1_2024-01-18.pt.jpg,ORDER_Psocodea,27-01-25,19:29:22,,2025_01_27__19_29_22,MachineObservation,Panama_Hoya_1004m_accionSauro_2025-01-26_2025-01-27,Panama_Hoya_1004m_accionSauro_2025-01-26_2025-01-27,accionSauro_2025_01_27__19_29_22_HDR0.jpg,accionSauro_2025_01_27__19_29_22_HDR0_0_Mothbot_yolo11m_4500_imgsz1600_b1_2024-01-18.pt.jpg
,Animalia,Arthropoda,Insecta,Hemiptera,,,,,,,Hemiptera,Hemiptera,Panama_Hoya_1004m_accionSauro_2025-01-26,accionSauro_2025_01_27__19_29_22_HDR0_1_Mothbot_yolo11m_4500_imgsz1600_b1_2024-01-18.pt.jpg,HS,Mothbot_yolo11m_4500_imgsz1600_b1_2024-01-18.pt,0.754460156,,accionSauro,Panama/Hoya_1004m_accionSauro_2025-01-26/2025-01-27/patches/accionSauro_2025_01_27__19_29_22_HDR0_1_Mothbot_yolo11m_4500_imgsz1600_b1_2024-01-18.pt.jpg,ORDER_Hemiptera,27-01-25,19:29:22,,2025_01_27__19_29_22,MachineObservation,Panama_Hoya_1004m_accionSauro_2025-01-26_2025-01-27,Panama_Hoya_1004m_accionSauro_2025-01-26_2025-01-27,accionSauro_2025_01_27__19_29_22_HDR0.jpg,accionSauro_2025_01_27__19_29_22_HDR0_1_Mothbot_yolo11m_4500_imgsz1600_b1_2024-01-18.pt.jpg
,Animalia,Arthropoda,Insecta,Hemiptera,,,,,,,Hemiptera,Hemiptera,Panama_Hoya_1004m_accionSauro_2025-01-26,accionSauro_2025_01_27__19_29_22_HDR0_2_Mothbot_yolo11m_4500_imgsz1600_b1_2024-01-18.pt.jpg,HS,Mothbot_yolo11m_4500_imgsz1600_b1_2024-01-18.pt,0.735794425,,accionSauro,Panama/Hoya_1004m_accionSauro_2025-01-26/2025-01-27/patches/accionSauro_2025_01_27__19_29_22_HDR0_2_Mothbot_yolo11m_4500_imgsz1600_b1_2024-01-18.pt.jpg,ORDER_Hemiptera,27-01-25,19:29:22,,2025_01_27__19_29_22,MachineObservation,Panama_Hoya_1004m_accionSauro_2025-01-26_2025-01-27,Panama_Hoya_1004m_accionSauro_2025-01-26_2025-01-27,accionSauro_2025_01_27__19_29_22_HDR0.jpg,accionSauro_2025_01_27__19_29_22_HDR0_2_Mothbot_yolo11m_4500_imgsz1600_b1_2024-01-18.pt.jpg
,Animalia,Arthropoda,Insecta,Hemiptera,,,,,,,Hemiptera,Hemiptera,Panama_Hoya_1004m_accionSauro_2025-01-26,accionSauro_2025_01_27__19_29_22_HDR0_3_Mothbot_yolo11m_4500_imgsz1600_b1_2024-01-18.pt.jpg,HS,Mothbot_yolo11m_4500_imgsz1600_b1_2024-01-18.pt,0.719040036,,accionSauro,Panama/Hoya_1004m_accionSauro_2025-01-26/2025-01-27/patches/accionSauro_2025_01_27__19_29_22_HDR0_3_Mothbot_yolo11m_4500_imgsz1600_b1_2024-01-18.pt.jpg,ORDER_Hemiptera,27-01-25,19:29:22,,2025_01_27__19_29_22,MachineObservation,Panama_Hoya_1004m_accionSauro_2025-01-26_2025-01-27,Panama_Hoya_1004m_accionSauro_2025-01-26_2025-01-27,accionSauro_2025_01_27__19_29_22_HDR0.jpg,accionSauro_2025_01_27__19_29_22_HDR0_3_Mothbot_yolo11m_4500_imgsz1600_b1_2024-01-18.pt.jpg
,Animalia,Arthropoda,Insecta,Coleoptera,,,,,,,Coleoptera,Coleoptera,Panama_Hoya_1004m_accionSauro_2025-01-26,accionSauro_2025_01_27__19_29_22_HDR0_4_Mothbot_yolo11m_4500_imgsz1600_b1_2024-01-18.pt.jpg,HS,Mothbot_yolo11m_4500_imgsz1600_b1_2024-01-18.pt,0.718114316,,accionSauro,Panama/Hoya_1004m_accionSauro_2025-01-26/2025-01-27/patches/accionSauro_2025_01_27__19_29_22_HDR0_4_Mothbot_yolo11m_4500_imgsz1600_b1_2024-01-18.pt.jpg,ORDER_Coleoptera,27-01-25,19:29:22,,2025_01_27__19_29_22,MachineObservation,Panama_Hoya_1004m_accionSauro_2025-01-26_2025-01-27,Panama_Hoya_1004m_accionSauro_2025-01-26_2025-01-27,accionSauro_2025_01_27__19_29_22_HDR0.jpg,accionSauro_2025_01_27__19_29_22_HDR0_4_Mothbot_yolo11m_4500_imgsz1600_b1_2024-01-18.pt.jpg
doi.org10.15468dl.6nxkw6.csv,Animalia,Arthropoda,Insecta,Coleoptera,,,,,1470,,Coleoptera,Coleoptera,Panama_Hoya_1004m_accionSauro_2025-01-26,accionSauro_2025_01_27__19_30_06_HDR0_0_Mothbot_yolo11m_4500_imgsz1600_b1_2024-01-18.pt.jpg,HS,Mothbot_yolo11m_4500_imgsz1600_b1_2024-01-18.pt,0.761524141,,accionSauro,Panama/Hoya_1004m_accionSauro_2025-01-26/2025-01-27/patches/accionSauro_2025_01_27__19_30_06_HDR0_0_Mothbot_yolo11m_4500_imgsz1600_b1_2024-01-18.pt.jpg,ORDER_Hymenoptera,27-01-25,19:30:06,,2025_01_27__19_30_06,MachineObservation,Panama_Hoya_1004m_accionSauro_2025-01-26_2025-01-27,Panama_Hoya_1004m_accionSauro_2025-01-26_2025-01-27,accionSauro_2025_01_27__19_30_06_HDR0.jpg,accionSauro_2025_01_27__19_30_06_HDR0_0_Mothbot_yolo11m_4500_imgsz1600_b1_2024-01-18.pt.jpg
,Animalia,Arthropoda,Insecta,Hemiptera,,,,,,,Hemiptera,Hemiptera,Panama_Hoya_1004m_accionSauro_2025-01-26,accionSauro_2025_01_27__19_30_06_HDR0_1_Mothbot_yolo11m_4500_imgsz1600_b1_2024-01-18.pt.jpg,HS,Mothbot_yolo11m_4500_imgsz1600_b1_2024-01-18.pt,0.758154452,,accionSauro,Panama/Hoya_1004m_accionSauro_2025-01-26/2025-01-27/patches/accionSauro_2025_01_27__19_30_06_HDR0_1_Mothbot_yolo11m_4500_imgsz1600_b1_2024-01-18.pt.jpg,ORDER_Hemiptera,27-01-25,19:30:06,,2025_01_27__19_30_06,MachineObservation,Panama_Hoya_1004m_accionSauro_2025-01-26_2025-01-27,Panama_Hoya_1004m_accionSauro_2025-01-26_2025-01-27,accionSauro_2025_01_27__19_30_06_HDR0.jpg,accionSauro_2025_01_27__19_30_06_HDR0_1_Mothbot_yolo11m_4500_imgsz1600_b1_2024-01-18.pt.jpg
,Animalia,Arthropoda,Insecta,Hemiptera,,,,,,,Hemiptera,Hemiptera,Panama_Hoya_1004m_accionSauro_2025-01-26,accionSauro_2025_01_27__19_30_06_HDR0_2_Mothbot_yolo11m_4500_imgsz1600_b1_2024-01-18.pt.jpg,HS,Mothbot_yolo11m_4500_imgsz1600_b1_2024-01-18.pt,0.754438996,,accionSauro,Panama/Hoya_1004m_accionSauro_2025-01-26/2025-01-27/patches/accionSauro_2025_01_27__19_30_06_HDR0_2_Mothbot_yolo11m_4500_imgsz1600_b1_2024-01-18.pt.jpg,ORDER_Hemiptera,27-01-25,19:30:06,,2025_01_27__19_30_06,MachineObservation,Panama_Hoya_1004m_accionSauro_2025-01-26_2025-01-27,Panama_Hoya_1004m_accionSauro_2025-01-26_2025-01-27,accionSauro_2025_01_27__19_30_06_HDR0.jpg,accionSauro_2025_01_27__19_30_06_HDR0_2_Mothbot_yolo11m_4500_imgsz1600_b1_2024-01-18.pt.jpg
,Animalia,Arthropoda,Insecta,Hemiptera,,,,,,,Hemiptera,Hemiptera,Panama_Hoya_1004m_accionSauro_2025-01-26,accionSauro_2025_01_27__19_30_06_HDR0_3_Mothbot_yolo11m_4500_imgsz1600_b1_2024-01-18.pt.jpg,HS,Mothbot_yolo11m_4500_imgsz1600_b1_2024-01-18.pt,0.724499404,,accionSauro,Panama/Hoya_1004m_accionSauro_2025-01-26/2025-01-27/patches/accionSauro_2025_01_27__19_30_06_HDR0_3_Mothbot_yolo11m_4500_imgsz1600_b1_2024-01-18.pt.jpg,ORDER_Hemiptera,27-01-25,19:30:06,,2025_01_27__19_30_06,MachineObservation,Panama_Hoya_1004m_accionSauro_2025-01-26_2025-01-27,Panama_Hoya_1004m_accionSauro_2025-01-26_2025-01-27,accionSauro_2025_01_27__19_30_06_HDR0.jpg,accionSauro_2025_01_27__19_30_06_HDR0_3_Mothbot_yolo11m_4500_imgsz1600_b1_2024-01-18.pt.jpg
,Animalia,Arthropoda,Insecta,Diptera,,,,,,,Diptera,Diptera,Panama_Hoya_1004m_accionSauro_2025-01-26,accionSauro_2025_01_27__19_30_06_HDR0_4_Mothbot_yolo11m_4500_imgsz1600_b1_2024-01-18.pt.jpg,HS,Mothbot_yolo11m_4500_imgsz1600_b1_2024-01-18.pt,0.394583732,,accionSauro,Panama/Hoya_1004m_accionSauro_2025-01-26/2025-01-27/patches/accionSauro_2025_01_27__19_30_06_HDR0_4_Mothbot_yolo11m_4500_imgsz1600_b1_2024-01-18.pt.jpg,ORDER_Diptera,27-01-25,19:30:06,,2025_01_27__19_30_06,MachineObservation,Panama_Hoya_1004m_accionSauro_2025-01-26_2025-01-27,Panama_Hoya_1004m_accionSauro_2025-01-26_2025-01-27,accionSauro_2025_01_27__19_30_06_HDR0.jpg,accionSauro_2025_01_27__19_30_06_HDR0_4_Mothbot_yolo11m_4500_imgsz1600_b1_2024-01-18.pt.jpg
,Animalia,Arthropoda,Insecta,Hemiptera,,,,,,,Hemiptera,Hemiptera,Panama_Hoya_1004m_accionSauro_2025-01-26,accionSauro_2025_01_27__19_31_06_HDR0_0_Mothbot_yolo11m_4500_imgsz1600_b1_2024-01-18.pt.jpg,HS,Mothbot_yolo11m_4500_imgsz1600_b1_2024-01-18.pt,0.77614826,,accionSauro,Panama/Hoya_1004m_accionSauro_2025-01-26/2025-01-27/patches/accionSauro_2025_01_27__19_31_06_HDR0_0_Mothbot_yolo11m_4500_imgsz1600_b1_2024-01-18.pt.jpg,ORDER_Hemiptera,27-01-25,19:31:06,,2025_01_27__19_31_06,MachineObservation,Panama_Hoya_1004m_accionSauro_2025-01-26_2025-01-27,Panama_Hoya_1004m_accionSauro_2025-01-26_2025-01-27,accionSauro_2025_01_27__19_31_06_HDR0.jpg,accionSauro_2025_01_27__19_31_06_HDR0_0_Mothbot_yolo11m_4500_imgsz1600_b1_2024-01-18.pt.jpg
doi.org10.15468dl.6nxkw6.csv,Animalia,Arthropoda,Insecta,Hemiptera,,,,,809,,Hemiptera,Hemiptera,Panama_Hoya_1004m_accionSauro_2025-01-26,accionSauro_2025_01_27__19_31_06_HDR0_1_Mothbot_yolo11m_4500_imgsz1600_b1_2024-01-18.pt.jpg,HS,Mothbot_yolo11m_4500_imgsz1600_b1_2024-01-18.pt,0.772241592,,accionSauro,Panama/Hoya_1004m_accionSauro_2025-01-26/2025-01-27/patches/accionSauro_2025_01_27__19_31_06_HDR0_1_Mothbot_yolo11m_4500_imgsz1600_b1_2024-01-18.pt.jpg,ORDER_Coleoptera,27-01-25,19:31:06,,2025_01_27__19_31_06,MachineObservation,Panama_Hoya_1004m_accionSauro_2025-01-26_2025-01-27,Panama_Hoya_1004m_accionSauro_2025-01-26_2025-01-27,accionSauro_2025_01_27__19_31_06_HDR0.jpg,accionSauro_2025_01_27__19_31_06_HDR0_1_Mothbot_yolo11m_4500_imgsz1600_b1_2024-01-18.pt.jpg
,Animalia,Arthropoda,Insecta,Hemiptera,,,,,,,Hemiptera,Hemiptera,Panama_Hoya_1004m_accionSauro_2025-01-26,accionSauro_2025_01_27__19_31_06_HDR0_2_Mothbot_yolo11m_4500_imgsz1600_b1_2024-01-18.pt.jpg,HS,Mothbot_yolo11m_4500_imgsz1600_b1_2024-01-18.pt,0.757230103,,accionSauro,Panama/Hoya_1004m_accionSauro_2025-01-26/2025-01-27/patches/accionSauro_2025_01_27__19_31_06_HDR0_2_Mothbot_yolo11m_4500_imgsz1600_b1_2024-01-18.pt.jpg,ORDER_Hemiptera,27-01-25,19:31:06,,2025_01_27__19_31_06,MachineObservation,Panama_Hoya_1004m_accionSauro_2025-01-26_2025-01-27,Panama_Hoya_1004m_accionSauro_2025-01-26_2025-01-27,accionSauro_2025_01_27__19_31_06_HDR0.jpg,accionSauro_2025_01_27__19_31_06_HDR0_2_Mothbot_yolo11m_4500_imgsz1600_b1_2024-01-18.pt.jpg
doi.org10.15468dl.6nxkw6.csv,Animalia,Arthropoda,Insecta,Coleoptera,,,,,1470,,Coleoptera,Coleoptera,Panama_Hoya_1004m_accionSauro_2025-01-26,accionSauro_2025_01_27__19_31_06_HDR0_3_Mothbot_yolo11m_4500_imgsz1600_b1_2024-01-18.pt.jpg,HS,Mothbot_yolo11m_4500_imgsz1600_b1_2024-01-18.pt,0.680306613,,accionSauro,Panama/Hoya_1004m_accionSauro_2025-01-26/2025-01-27/patches/accionSauro_2025_01_27__19_31_06_HDR0_3_Mothbot_yolo11m_4500_imgsz1600_b1_2024-01-18.pt.jpg,ORDER_Psocodea,27-01-25,19:31:06,,2025_01_27__19_31_06,MachineObservation,Panama_Hoya_1004m_accionSauro_2025-01-26_2025-01-27,Panama_Hoya_1004m_accionSauro_2025-01-26_2025-01-27,accionSauro_2025_01_27__19_31_06_HDR0.jpg,accionSauro_2025_01_27__19_31_06_HDR0_3_Mothbot_yolo11m_4500_imgsz1600_b1_2024-01-18.pt.jpg
,Animalia,Arthropoda,Insecta,Hemiptera,,,,,,,Hemiptera,Hemiptera,Panama_Hoya_1004m_accionSauro_2025-01-26,accionSauro_2025_01_27__19_31_06_HDR0_4_Mothbot_yolo11m_4500_imgsz1600_b1_2024-01-18.pt.jpg,HS,Mothbot_yolo11m_4500_imgsz1600_b1_2024-01-18.pt,0.590008914,,accionSauro,Panama/Hoya_1004m_accionSauro_2025-01-26/2025-01-27/patches/accionSauro_2025_01_27__19_31_06_HDR0_4_Mothbot_yolo11m_4500_imgsz1600_b1_2024-01-18.pt.jpg,ORDER_Hemiptera,27-01-25,19:31:06,,2025_01_27__19_31_06,MachineObservation,Panama_Hoya_1004m_accionSauro_2025-01-26_2025-01-27,Panama_Hoya_1004m_accionSauro_2025-01-26_2025-01-27,accionSauro_2025_01_27__19_31_06_HDR0.jpg,accionSauro_2025_01_27__19_31_06_HDR0_4_Mothbot_yolo11m_4500_imgsz1600_b1_2024-01-18.pt.jpg
,Animalia,Arthropoda,Insecta,Diptera,,,,,,,Diptera,Diptera,Panama_Hoya_1004m_accionSauro_2025-01-26,accionSauro_2025_01_27__19_31_06_HDR0_5_Mothbot_yolo11m_4500_imgsz1600_b1_2024-01-18.pt.jpg,HS,Mothbot_yolo11m_4500_imgsz1600_b1_2024-01-18.pt,0.586843431,,accionSauro,Panama/Hoya_1004m_accionSauro_2025-01-26/2025-01-27/patches/accionSauro_2025_01_27__19_31_06_HDR0_5_Mothbot_yolo11m_4500_imgsz1600_b1_2024-01-18.pt.jpg,ORDER_Diptera,27-01-25,19:31:06,,2025_01_27__19_31_06,MachineObservation,Panama_Hoya_1004m_accionSauro_2025-01-26_2025-01-27,Panama_Hoya_1004m_accionSauro_2025-01-26_2025-01-27,accionSauro_2025_01_27__19_31_06_HDR0.jpg,accionSauro_2025_01_27__19_31_06_HDR0_5_Mothbot_yolo11m_4500_imgsz1600_b1_2024-01-18.pt.jpg
doi.org10.15468dl.6nxkw6.csv,Animalia,Arthropoda,Insecta,,,,,,216,,Insecta,Insecta,Panama_Hoya_1004m_accionSauro_2025-01-26,accionSauro_2025_01_27__19_31_06_HDR0_6_Mothbot_yolo11m_4500_imgsz1600_b1_2024-01-18.pt.jpg,HS,Mothbot_yolo11m_4500_imgsz1600_b1_2024-01-18.pt,0.506459594,,accionSauro,Panama/Hoya_1004m_accionSauro_2025-01-26/2025-01-27/patches/accionSauro_2025_01_27__19_31_06_HDR0_6_Mothbot_yolo11m_4500_imgsz1600_b1_2024-01-18.pt.jpg,ORDER_Hemiptera,27-01-25,19:31:06,,2025_01_27__19_31_06,MachineObservation,Panama_Hoya_1004m_accionSauro_2025-01-26_2025-01-27,Panama_Hoya_1004m_accionSauro_2025-01-26_2025-01-27,accionSauro_2025_01_27__19_31_06_HDR0.jpg,accionSauro_2025_01_27__19_31_06_HDR0_6_Mothbot_yolo11m_4500_imgsz1600_b1_2024-01-18.pt.jpg
doi.org10.15468dl.6nxkw6.csv,Animalia,Arthropoda,Insecta,Hemiptera,,,,,809,,Hemiptera,Hemiptera,Panama_Hoya_1004m_accionSauro_2025-01-26,accionSauro_2025_01_27__19_32_06_HDR0_0_Mothbot_yolo11m_4500_imgsz1600_b1_2024-01-18.pt.jpg,HS,Mothbot_yolo11m_4500_imgsz1600_b1_2024-01-18.pt,0.77737087,,accionSauro,Panama/Hoya_1004m_accionSauro_2025-01-26/2025-01-27/patches/accionSauro_2025_01_27__19_32_06_HDR0_0_Mothbot_yolo11m_4500_imgsz1600_b1_2024-01-18.pt.jpg,ORDER_Psocodea,27-01-25,19:32:06,,2025_01_27__19_32_06,MachineObservation,Panama_Hoya_1004m_accionSauro_2025-01-26_2025-01-27,Panama_Hoya_1004m_accionSauro_2025-01-26_2025-01-27,accionSauro_2025_01_27__19_32_06_HDR0.jpg,accionSauro_2025_01_27__19_32_06_HDR0_0_Mothbot_yolo11m_4500_imgsz1600_b1_2024-01-18.pt.jpg
,Animalia,Arthropoda,Insecta,Hemiptera,,,,,,,Hemiptera,Hemiptera,Panama_Hoya_1004m_accionSauro_2025-01-26,accionSauro_2025_01_27__19_32_06_HDR0_1_Mothbot_yolo11m_4500_imgsz1600_b1_2024-01-18.pt.jpg,HS,Mothbot_yolo11m_4500_imgsz1600_b1_2024-01-18.pt,0.77476579,,accionSauro,Panama/Hoya_1004m_accionSauro_2025-01-26/2025-01-27/patches/accionSauro_2025_01_27__19_32_06_HDR0_1_Mothbot_yolo11m_4500_imgsz1600_b1_2024-01-18.pt.jpg,ORDER_Hemiptera,27-01-25,19:32:06,,2025_01_27__19_32_06,MachineObservation,Panama_Hoya_1004m_accionSauro_2025-01-26_2025-01-27,Panama_Hoya_1004m_accionSauro_2025-01-26_2025-01-27,accionSauro_2025_01_27__19_32_06_HDR0.jpg,accionSauro_2025_01_27__19_32_06_HDR0_1_Mothbot_yolo11m_4500_imgsz1600_b1_2024-01-18.pt.jpg
,Animalia,Arthropoda,Insecta,Coleoptera,,,,,,,Coleoptera,Coleoptera,Panama_Hoya_1004m_accionSauro_2025-01-26,accionSauro_2025_01_27__19_32_06_HDR0_2_Mothbot_yolo11m_4500_imgsz1600_b1_2024-01-18.pt.jpg,HS,Mothbot_yolo11m_4500_imgsz1600_b1_2024-01-18.pt,0.721984088,,accionSauro,Panama/Hoya_1004m_accionSauro_2025-01-26/2025-01-27/patches/accionSauro_2025_01_27__19_32_06_HDR0_2_Mothbot_yolo11m_4500_imgsz1600_b1_2024-01-18.pt.jpg,ORDER_Coleoptera,27-01-25,19:32:06,,2025_01_27__19_32_06,MachineObservation,Panama_Hoya_1004m_accionSauro_2025-01-26_2025-01-27,Panama_Hoya_1004m_accionSauro_2025-01-26_2025-01-27,accionSauro_2025_01_27__19_32_06_HDR0.jpg,accionSauro_2025_01_27__19_32_06_HDR0_2_Mothbot_yolo11m_4500_imgsz1600_b1_2024-01-18.pt.jpg
,Animalia,Arthropoda,Insecta,Hemiptera,,,,,,,Hemiptera,Hemiptera,Panama_Hoya_1004m_accionSauro_2025-01-26,accionSauro_2025_01_27__19_32_06_HDR0_3_Mothbot_yolo11m_4500_imgsz1600_b1_2024-01-18.pt.jpg,HS,Mothbot_yolo11m_4500_imgsz1600_b1_2024-01-18.pt,0.643880427,,accionSauro,Panama/Hoya_1004m_accionSauro_2025-01-26/2025-01-27/patches/accionSauro_2025_01_27__19_32_06_HDR0_3_Mothbot_yolo11m_4500_imgsz1600_b1_2024-01-18.pt.jpg,ORDER_Hemiptera,27-01-25,19:32:06,,2025_01_27__19_32_06,MachineObservation,Panama_Hoya_1004m_accionSauro_2025-01-26_2025-01-27,Panama_Hoya_1004m_accionSauro_2025-01-26_2025-01-27,accionSauro_2025_01_27__19_32_06_HDR0.jpg,accionSauro_2025_01_27__19_32_06_HDR0_3_Mothbot_yolo11m_4500_imgsz1600_b1_2024-01-18.pt.jpg
doi.org10.15468dl.6nxkw6.csv,Animalia,Arthropoda,Insecta,,,,,,216,,Insecta,Insecta,Panama_Hoya_1004m_accionSauro_2025-01-26,accionSauro_2025_01_27__19_32_06_HDR0_4_Mothbot_yolo11m_4500_imgsz1600_b1_2024-01-18.pt.jpg,HS,Mothbot_yolo11m_4500_imgsz1600_b1_2024-01-18.pt,0.549314559,,accionSauro,Panama/Hoya_1004m_accionSauro_2025-01-26/2025-01-27/patches/accionSauro_2025_01_27__19_32_06_HDR0_4_Mothbot_yolo11m_4500_imgsz1600_b1_2024-01-18.pt.jpg,ORDER_Hemiptera,27-01-25,19:32:06,,2025_01_27__19_32_06,MachineObservation,Panama_Hoya_1004m_accionSauro_2025-01-26_2025-01-27,Panama_Hoya_1004m_accionSauro_2025-01-26_2025-01-27,accionSauro_2025_01_27__19_32_06_HDR0.jpg,accionSauro_2025_01_27__19_32_06_HDR0_4_Mothbot_yolo11m_4500_imgsz1600_b1_2024-01-18.pt.jpg
,Animalia,Arthropoda,Insecta,Hemiptera,,,,,,,Hemiptera,Hemiptera,Panama_Hoya_1004m_accionSauro_2025-01-26,accionSauro_2025_01_27__19_32_06_HDR0_5_Mothbot_yolo11m_4500_imgsz1600_b1_2024-01-18.pt.jpg,HS,Mothbot_yolo11m_4500_imgsz1600_b1_2024-01-18.pt,0.504358053,,accionSauro,Panama/Hoya_1004m_accionSauro_2025-01-26/2025-01-27/patches/accionSauro_2025_01_27__19_32_06_HDR0_5_Mothbot_yolo11m_4500_imgsz1600_b1_2024-01-18.pt.jpg,ORDER_Hemiptera,27-01-25,19:32:06,,2025_01_27__19_32_06,MachineObservation,Panama_Hoya_1004m_accionSauro_2025-01-26_2025-01-27,Panama_Hoya_1004m_accionSauro_2025-01-26_2025-01-27,accionSauro_2025_01_27__19_32_06_HDR0.jpg,accionSauro_2025_01_27__19_32_06_HDR0_5_Mothbot_yolo11m_4500_imgsz1600_b1_2024-01-18.pt.jpg
,,,,,,,,,,,,ERROR,Panama_Hoya_1004m_accionSauro_2025-01-26,accionSauro_2025_01_27__19_32_06_HDR0_6_Mothbot_yolo11m_4500_imgsz1600_b1_2024-01-18.pt.jpg,HS,Mothbot_yolo11m_4500_imgsz1600_b1_2024-01-18.pt,0.480830967,,accionSauro,Panama/Hoya_1004m_accionSauro_2025-01-26/2025-01-27/patches/accionSauro_2025_01_27__19_32_06_HDR0_6_Mothbot_yolo11m_4500_imgsz1600_b1_2024-01-18.pt.jpg,ORDER_Coleoptera,27-01-25,19:32:06,,2025_01_27__19_32_06,MachineObservation,Panama_Hoya_1004m_accionSauro_2025-01-26_2025-01-27,Panama_Hoya_1004m_accionSauro_2025-01-26_2025-01-27,accionSauro_2025_01_27__19_32_06_HDR0.jpg,accionSauro_2025_01_27__19_32_06_HDR0_6_Mothbot_yolo11m_4500_imgsz1600_b1_2024-01-18.pt.jpg
doi.org10.15468dl.6nxkw6.csv,Animalia,Arthropoda,Insecta,,,,,,216,,Insecta,Insecta,Panama_Hoya_1004m_accionSauro_2025-01-26,accionSauro_2025_01_27__19_32_06_HDR0_7_Mothbot_yolo11m_4500_imgsz1600_b1_2024-01-18.pt.jpg,HS,Mothbot_yolo11m_4500_imgsz1600_b1_2024-01-18.pt,0.425964773,,accionSauro,Panama/Hoya_1004m_accionSauro_2025-01-26/2025-01-27/patches/accionSauro_2025_01_27__19_32_06_HDR0_7_Mothbot_yolo11m_4500_imgsz1600_b1_2024-01-18.pt.jpg,ORDER_Diptera,27-01-25,19:32:06,,2025_01_27__19_32_06,MachineObservation,Panama_Hoya_1004m_accionSauro_2025-01-26_2025-01-27,Panama_Hoya_1004m_accionSauro_2025-01-26_2025-01-27,accionSauro_2025_01_27__19_32_06_HDR0.jpg,accionSauro_2025_01_27__19_32_06_HDR0_7_Mothbot_yolo11m_4500_imgsz1600_b1_2024-01-18.pt.jpg
,Animalia,Arthropoda,Insecta,Hemiptera,,,,,,,Hemiptera,Hemiptera,Panama_Hoya_1004m_accionSauro_2025-01-26,accionSauro_2025_01_27__19_32_06_HDR0_8_Mothbot_yolo11m_4500_imgsz1600_b1_2024-01-18.pt.jpg,HS,Mothbot_yolo11m_4500_imgsz1600_b1_2024-01-18.pt,0.421327293,,accionSauro,Panama/Hoya_1004m_accionSauro_2025-01-26/2025-01-27/patches/accionSauro_2025_01_27__19_32_06_HDR0_8_Mothbot_yolo11m_4500_imgsz1600_b1_2024-01-18.pt.jpg,ORDER_Hemiptera,27-01-25,19:32:06,,2025_01_27__19_32_06,MachineObservation,Panama_Hoya_1004m_accionSauro_2025-01-26_2025-01-27,Panama_Hoya_1004m_accionSauro_2025-01-26_2025-01-27,accionSauro_2025_01_27__19_32_06_HDR0.jpg,accionSauro_2025_01_27__19_32_06_HDR0_8_Mothbot_yolo11m_4500_imgsz1600_b1_2024-01-18.pt.jpg
,,,,,,,,,,,,ERROR,Panama_Hoya_1004m_accionSauro_2025-01-26,accionSauro_2025_01_27__19_32_06_HDR0_9_Mothbot_yolo11m_4500_imgsz1600_b1_2024-01-18.pt.jpg,HS,Mothbot_yolo11m_4500_imgsz1600_b1_2024-01-18.pt,0.354435474,,accionSauro,Panama/Hoya_1004m_accionSauro_2025-01-26/2025-01-27/patches/accionSauro_2025_01_27__19_32_06_HDR0_9_Mothbot_yolo11m_4500_imgsz1600_b1_2024-01-18.pt.jpg,ORDER_Diptera,27-01-25,19:32:06,,2025_01_27__19_32_06,MachineObservation,Panama_Hoya_1004m_accionSauro_2025-01-26_2025-01-27,Panama_Hoya_1004m_accionSauro_2025-01-26_2025-01-27,accionSauro_2025_01_27__19_32_06_HDR0.jpg,accionSauro_2025_01_27__19_32_06_HDR0_9_Mothbot_yolo11m_4500_imgsz1600_b1_2024-01-18.pt.jpg
,Animalia,Arthropoda,Insecta,Lepidoptera,,,,,,,Lepidoptera,Lepidoptera,Panama_Hoya_1004m_accionSauro_2025-01-26,accionSauro_2025_01_27__19_32_06_HDR0_10_Mothbot_yolo11m_4500_imgsz1600_b1_2024-01-18.pt.jpg,HS,Mothbot_yolo11m_4500_imgsz1600_b1_2024-01-18.pt,0.287379265,,accionSauro,Panama/Hoya_1004m_accionSauro_2025-01-26/2025-01-27/patches/accionSauro_2025_01_27__19_32_06_HDR0_10_Mothbot_yolo11m_4500_imgsz1600_b1_2024-01-18.pt.jpg,ORDER_Lepidoptera,27-01-25,19:32:06,,2025_01_27__19_32_06,MachineObservation,Panama_Hoya_1004m_accionSauro_2025-01-26_2025-01-27,Panama_Hoya_1004m_accionSauro_2025-01-26_2025-01-27,accionSauro_2025_01_27__19_32_06_HDR0.jpg,accionSauro_2025_01_27__19_32_06_HDR0_10_Mothbot_yolo11m_4500_imgsz1600_b1_2024-01-18.pt.jpg
doi.org10.15468dl.6nxkw6.csv,Animalia,Arthropoda,Insecta,Diptera,,,,,,,Diptera,Diptera,Panama_Hoya_1004m_accionSauro_2025-01-26,accionSauro_2025_01_27__19_33_06_HDR0_0_Mothbot_yolo11m_4500_imgsz1600_b1_2024-01-18.pt.jpg,HS,Mothbot_yolo11m_4500_imgsz1600_b1_2024-01-18.pt,0.761638224,,accionSauro,Panama/Hoya_1004m_accionSauro_2025-01-26/2025-01-27/patches/accionSauro_2025_01_27__19_33_06_HDR0_0_Mothbot_yolo11m_4500_imgsz1600_b1_2024-01-18.pt.jpg,ORDER_Hymenoptera,27-01-25,19:33:06,,2025_01_27__19_33_06,MachineObservation,Panama_Hoya_1004m_accionSauro_2025-01-26_2025-01-27,Panama_Hoya_1004m_accionSauro_2025-01-26_2025-01-27,accionSauro_2025_01_27__19_33_06_HDR0.jpg,accionSauro_2025_01_27__19_33_06_HDR0_0_Mothbot_yolo11m_4500_imgsz1600_b1_2024-01-18.pt.jpg
,Animalia,Arthropoda,Insecta,Diptera,,,,,,,Diptera,Diptera,Panama_Hoya_1004m_accionSauro_2025-01-26,accionSauro_2025_01_27__19_33_06_HDR0_1_Mothbot_yolo11m_4500_imgsz1600_b1_2024-01-18.pt.jpg,HS,Mothbot_yolo11m_4500_imgsz1600_b1_2024-01-18.pt,0.75171864,,accionSauro,Panama/Hoya_1004m_accionSauro_2025-01-26/2025-01-27/patches/accionSauro_2025_01_27__19_33_06_HDR0_1_Mothbot_yolo11m_4500_imgsz1600_b1_2024-01-18.pt.jpg,ORDER_Diptera,27-01-25,19:33:06,,2025_01_27__19_33_06,MachineObservation,Panama_Hoya_1004m_accionSauro_2025-01-26_2025-01-27,Panama_Hoya_1004m_accionSauro_2025-01-26_2025-01-27,accionSauro_2025_01_27__19_33_06_HDR0.jpg,accionSauro_2025_01_27__19_33_06_HDR0_1_Mothbot_yolo11m_4500_imgsz1600_b1_2024-01-18.pt.jpg
,Animalia,Arthropoda,Insecta,Hemiptera,,,,,,,Hemiptera,Hemiptera,Panama_Hoya_1004m_accionSauro_2025-01-26,accionSauro_2025_01_27__19_33_06_HDR0_2_Mothbot_yolo11m_4500_imgsz1600_b1_2024-01-18.pt.jpg,HS,Mothbot_yolo11m_4500_imgsz1600_b1_2024-01-18.pt,0.735031366,,accionSauro,Panama/Hoya_1004m_accionSauro_2025-01-26/2025-01-27/patches/accionSauro_2025_01_27__19_33_06_HDR0_2_Mothbot_yolo11m_4500_imgsz1600_b1_2024-01-18.pt.jpg,ORDER_Hemiptera,27-01-25,19:33:06,,2025_01_27__19_33_06,MachineObservation,Panama_Hoya_1004m_accionSauro_2025-01-26_2025-01-27,Panama_Hoya_1004m_accionSauro_2025-01-26_2025-01-27,accionSauro_2025_01_27__19_33_06_HDR0.jpg,accionSauro_2025_01_27__19_33_06_HDR0_2_Mothbot_yolo11m_4500_imgsz1600_b1_2024-01-18.pt.jpg
,Animalia,Arthropoda,Insecta,Diptera,,,,,,,Diptera,Diptera,Panama_Hoya_1004m_accionSauro_2025-01-26,accionSauro_2025_01_27__19_33_06_HDR0_3_Mothbot_yolo11m_4500_imgsz1600_b1_2024-01-18.pt.jpg,HS,Mothbot_yolo11m_4500_imgsz1600_b1_2024-01-18.pt,0.679277658,,accionSauro,Panama/Hoya_1004m_accionSauro_2025-01-26/2025-01-27/patches/accionSauro_2025_01_27__19_33_06_HDR0_3_Mothbot_yolo11m_4500_imgsz1600_b1_2024-01-18.pt.jpg,ORDER_Diptera,27-01-25,19:33:06,,2025_01_27__19_33_06,MachineObservation,Panama_Hoya_1004m_accionSauro_2025-01-26_2025-01-27,Panama_Hoya_1004m_accionSauro_2025-01-26_2025-01-27,accionSauro_2025_01_27__19_33_06_HDR0.jpg,accionSauro_2025_01_27__19_33_06_HDR0_3_Mothbot_yolo11m_4500_imgsz1600_b1_2024-01-18.pt.jpg
,Animalia,Arthropoda,Insecta,Diptera,,,,,,,Diptera,Diptera,Panama_Hoya_1004m_accionSauro_2025-01-26,accionSauro_2025_01_27__19_33_06_HDR0_4_Mothbot_yolo11m_4500_imgsz1600_b1_2024-01-18.pt.jpg,HS,Mothbot_yolo11m_4500_imgsz1600_b1_2024-01-18.pt,0.583729684,,accionSauro,Panama/Hoya_1004m_accionSauro_2025-01-26/2025-01-27/patches/accionSauro_2025_01_27__19_33_06_HDR0_4_Mothbot_yolo11m_4500_imgsz1600_b1_2024-01-18.pt.jpg,ORDER_Diptera,27-01-25,19:33:06,,2025_01_27__19_33_06,MachineObservation,Panama_Hoya_1004m_accionSauro_2025-01-26_2025-01-27,Panama_Hoya_1004m_accionSauro_2025-01-26_2025-01-27,accionSauro_2025_01_27__19_33_06_HDR0.jpg,accionSauro_2025_01_27__19_33_06_HDR0_4_Mothbot_yolo11m_4500_imgsz1600_b1_2024-01-18.pt.jpg
doi.org10.15468dl.6nxkw6.csv,Animalia,Arthropoda,Insecta,,,,,,216,,Insecta,Insecta,Panama_Hoya_1004m_accionSauro_2025-01-26,accionSauro_2025_01_27__19_33_06_HDR0_5_Mothbot_yolo11m_4500_imgsz1600_b1_2024-01-18.pt.jpg,HS,Mothbot_yolo11m_4500_imgsz1600_b1_2024-01-18.pt,0.445204824,,accionSauro,Panama/Hoya_1004m_accionSauro_2025-01-26/2025-01-27/patches/accionSauro_2025_01_27__19_33_06_HDR0_5_Mothbot_yolo11m_4500_imgsz1600_b1_2024-01-18.pt.jpg,ORDER_Coleoptera,27-01-25,19:33:06,,2025_01_27__19_33_06,MachineObservation,Panama_Hoya_1004m_accionSauro_2025-01-26_2025-01-27,Panama_Hoya_1004m_accionSauro_2025-01-26_2025-01-27,accionSauro_2025_01_27__19_33_06_HDR0.jpg,accionSauro_2025_01_27__19_33_06_HDR0_5_Mothbot_yolo11m_4500_imgsz1600_b1_2024-01-18.pt.jpg
,Animalia,Arthropoda,Insecta,Lepidoptera,,,,,,,Lepidoptera,Lepidoptera,Panama_Hoya_1004m_accionSauro_2025-01-26,accionSauro_2025_01_27__19_34_06_HDR0_0_Mothbot_yolo11m_4500_imgsz1600_b1_2024-01-18.pt.jpg,HS,Mothbot_yolo11m_4500_imgsz1600_b1_2024-01-18.pt,0.802937925,,accionSauro,Panama/Hoya_1004m_accionSauro_2025-01-26/2025-01-27/patches/accionSauro_2025_01_27__19_34_06_HDR0_0_Mothbot_yolo11m_4500_imgsz1600_b1_2024-01-18.pt.jpg,ORDER_Lepidoptera,27-01-25,19:34:06,,2025_01_27__19_34_06,MachineObservation,Panama_Hoya_1004m_accionSauro_2025-01-26_2025-01-27,Panama_Hoya_1004m_accionSauro_2025-01-26_2025-01-27,accionSauro_2025_01_27__19_34_06_HDR0.jpg,accionSauro_2025_01_27__19_34_06_HDR0_0_Mothbot_yolo11m_4500_imgsz1600_b1_2024-01-18.pt.jpg
,Animalia,Arthropoda,Insecta,Hemiptera,,,,,,,Hemiptera,Hemiptera,Panama_Hoya_1004m_accionSauro_2025-01-26,accionSauro_2025_01_27__19_34_06_HDR0_1_Mothbot_yolo11m_4500_imgsz1600_b1_2024-01-18.pt.jpg,HS,Mothbot_yolo11m_4500_imgsz1600_b1_2024-01-18.pt,0.737606585,,accionSauro,Panama/Hoya_1004m_accionSauro_2025-01-26/2025-01-27/patches/accionSauro_2025_01_27__19_34_06_HDR0_1_Mothbot_yolo11m_4500_imgsz1600_b1_2024-01-18.pt.jpg,ORDER_Hemiptera,27-01-25,19:34:06,,2025_01_27__19_34_06,MachineObservation,Panama_Hoya_1004m_accionSauro_2025-01-26_2025-01-27,Panama_Hoya_1004m_accionSauro_2025-01-26_2025-01-27,accionSauro_2025_01_27__19_34_06_HDR0.jpg,accionSauro_2025_01_27__19_34_06_HDR0_1_Mothbot_yolo11m_4500_imgsz1600_b1_2024-01-18.pt.jpg
,Animalia,Arthropoda,Insecta,Lepidoptera,,,,,,,Lepidoptera,Lepidoptera,Panama_Hoya_1004m_accionSauro_2025-01-26,accionSauro_2025_01_27__19_34_06_HDR0_2_Mothbot_yolo11m_4500_imgsz1600_b1_2024-01-18.pt.jpg,HS,Mothbot_yolo11m_4500_imgsz1600_b1_2024-01-18.pt,0.734548688,,accionSauro,Panama/Hoya_1004m_accionSauro_2025-01-26/2025-01-27/patches/accionSauro_2025_01_27__19_34_06_HDR0_2_Mothbot_yolo11m_4500_imgsz1600_b1_2024-01-18.pt.jpg,ORDER_Lepidoptera,27-01-25,19:34:06,,2025_01_27__19_34_06,MachineObservation,Panama_Hoya_1004m_accionSauro_2025-01-26_2025-01-27,Panama_Hoya_1004m_accionSauro_2025-01-26_2025-01-27,accionSauro_2025_01_27__19_34_06_HDR0.jpg,accionSauro_2025_01_27__19_34_06_HDR0_2_Mothbot_yolo11m_4500_imgsz1600_b1_2024-01-18.pt.jpg
doi.org10.15468dl.6nxkw6.csv,Animalia,Arthropoda,Insecta,Diptera,,,,,,,Diptera,Diptera,Panama_Hoya_1004m_accionSauro_2025-01-26,accionSauro_2025_01_27__19_34_06_HDR0_3_Mothbot_yolo11m_4500_imgsz1600_b1_2024-01-18.pt.jpg,HS,Mothbot_yolo11m_4500_imgsz1600_b1_2024-01-18.pt,0.727949381,,accionSauro,Panama/Hoya_1004m_accionSauro_2025-01-26/2025-01-27/patches/accionSauro_2025_01_27__19_34_06_HDR0_3_Mothbot_yolo11m_4500_imgsz1600_b1_2024-01-18.pt.jpg,ORDER_Hymenoptera,27-01-25,19:34:06,,2025_01_27__19_34_06,MachineObservation,Panama_Hoya_1004m_accionSauro_2025-01-26_2025-01-27,Panama_Hoya_1004m_accionSauro_2025-01-26_2025-01-27,accionSauro_2025_01_27__19_34_06_HDR0.jpg,accionSauro_2025_01_27__19_34_06_HDR0_3_Mothbot_yolo11m_4500_imgsz1600_b1_2024-01-18.pt.jpg
,Animalia,Arthropoda,Insecta,Hemiptera,,,,,,,Hemiptera,Hemiptera,Panama_Hoya_1004m_accionSauro_2025-01-26,accionSauro_2025_01_27__19_34_06_HDR0_4_Mothbot_yolo11m_4500_imgsz1600_b1_2024-01-18.pt.jpg,HS,Mothbot_yolo11m_4500_imgsz1600_b1_2024-01-18.pt,0.651752174,,accionSauro,Panama/Hoya_1004m_accionSauro_2025-01-26/2025-01-27/patches/accionSauro_2025_01_27__19_34_06_HDR0_4_Mothbot_yolo11m_4500_imgsz1600_b1_2024-01-18.pt.jpg,ORDER_Hemiptera,27-01-25,19:34:06,,2025_01_27__19_34_06,MachineObservation,Panama_Hoya_1004m_accionSauro_2025-01-26_2025-01-27,Panama_Hoya_1004m_accionSauro_2025-01-26_2025-01-27,accionSauro_2025_01_27__19_34_06_HDR0.jpg,accionSauro_2025_01_27__19_34_06_HDR0_4_Mothbot_yolo11m_4500_imgsz1600_b1_2024-01-18.pt.jpg
doi.org10.15468dl.6nxkw6.csv,Animalia,Arthropoda,Insecta,,,,,,216,,Insecta,Insecta,Panama_Hoya_1004m_accionSauro_2025-01-26,accionSauro_2025_01_27__19_34_06_HDR0_5_Mothbot_yolo11m_4500_imgsz1600_b1_2024-01-18.pt.jpg,HS,Mothbot_yolo11m_4500_imgsz1600_b1_2024-01-18.pt,0.648980975,,accionSauro,Panama/Hoya_1004m_accionSauro_2025-01-26/2025-01-27/patches/accionSauro_2025_01_27__19_34_06_HDR0_5_Mothbot_yolo11m_4500_imgsz1600_b1_2024-01-18.pt.jpg,ORDER_Diptera,27-01-25,19:34:06,,2025_01_27__19_34_06,MachineObservation,Panama_Hoya_1004m_accionSauro_2025-01-26_2025-01-27,Panama_Hoya_1004m_accionSauro_2025-01-26_2025-01-27,accionSauro_2025_01_27__19_34_06_HDR0.jpg,accionSauro_2025_01_27__19_34_06_HDR0_5_Mothbot_yolo11m_4500_imgsz1600_b1_2024-01-18.pt.jpg
,Animalia,Arthropoda,Insecta,Diptera,,,,,,,Diptera,Diptera,Panama_Hoya_1004m_accionSauro_2025-01-26,accionSauro_2025_01_27__19_34_06_HDR0_6_Mothbot_yolo11m_4500_imgsz1600_b1_2024-01-18.pt.jpg,HS,Mothbot_yolo11m_4500_imgsz1600_b1_2024-01-18.pt,0.638295829,,accionSauro,Panama/Hoya_1004m_accionSauro_2025-01-26/2025-01-27/patches/accionSauro_2025_01_27__19_34_06_HDR0_6_Mothbot_yolo11m_4500_imgsz1600_b1_2024-01-18.pt.jpg,ORDER_Diptera,27-01-25,19:34:06,,2025_01_27__19_34_06,MachineObservation,Panama_Hoya_1004m_accionSauro_2025-01-26_2025-01-27,Panama_Hoya_1004m_accionSauro_2025-01-26_2025-01-27,accionSauro_2025_01_27__19_34_06_HDR0.jpg,accionSauro_2025_01_27__19_34_06_HDR0_6_Mothbot_yolo11m_4500_imgsz1600_b1_2024-01-18.pt.jpg
doi.org10.15468dl.6nxkw6.csv,Animalia,Arthropoda,Insecta,Diptera,,,,,811,,Diptera,Diptera,Panama_Hoya_1004m_accionSauro_2025-01-26,accionSauro_2025_01_27__19_34_06_HDR0_7_Mothbot_yolo11m_4500_imgsz1600_b1_2024-01-18.pt.jpg,HS,Mothbot_yolo11m_4500_imgsz1600_b1_2024-01-18.pt,0.57490772,,accionSauro,Panama/Hoya_1004m_accionSauro_2025-01-26/2025-01-27/patches/accionSauro_2025_01_27__19_34_06_HDR0_7_Mothbot_yolo11m_4500_imgsz1600_b1_2024-01-18.pt.jpg,ORDER_Psocodea,27-01-25,19:34:06,,2025_01_27__19_34_06,MachineObservation,Panama_Hoya_1004m_accionSauro_2025-01-26_2025-01-27,Panama_Hoya_1004m_accionSauro_2025-01-26_2025-01-27,accionSauro_2025_01_27__19_34_06_HDR0.jpg,accionSauro_2025_01_27__19_34_06_HDR0_7_Mothbot_yolo11m_4500_imgsz1600_b1_2024-01-18.pt.jpg
,Animalia,Arthropoda,Insecta,Diptera,,,,,,,Diptera,Diptera,Panama_Hoya_1004m_accionSauro_2025-01-26,accionSauro_2025_01_27__19_34_06_HDR0_8_Mothbot_yolo11m_4500_imgsz1600_b1_2024-01-18.pt.jpg,HS,Mothbot_yolo11m_4500_imgsz1600_b1_2024-01-18.pt,0.353072405,,accionSauro,Panama/Hoya_1004m_accionSauro_2025-01-26/2025-01-27/patches/accionSauro_2025_01_27__19_34_06_HDR0_8_Mothbot_yolo11m_4500_imgsz1600_b1_2024-01-18.pt.jpg,ORDER_Diptera,27-01-25,19:34:06,,2025_01_27__19_34_06,MachineObservation,Panama_Hoya_1004m_accionSauro_2025-01-26_2025-01-27,Panama_Hoya_1004m_accionSauro_2025-01-26_2025-01-27,accionSauro_2025_01_27__19_34_06_HDR0.jpg,accionSauro_2025_01_27__19_34_06_HDR0_8_Mothbot_yolo11m_4500_imgsz1600_b1_2024-01-18.pt.jpg
,Animalia,Arthropoda,Insecta,Hemiptera,,,,,,,Hemiptera,Hemiptera,Panama_Hoya_1004m_accionSauro_2025-01-26,accionSauro_2025_01_27__19_35_06_HDR0_0_Mothbot_yolo11m_4500_imgsz1600_b1_2024-01-18.pt.jpg,HS,Mothbot_yolo11m_4500_imgsz1600_b1_2024-01-18.pt,0.786299944,,accionSauro,Panama/Hoya_1004m_accionSauro_2025-01-26/2025-01-27/patches/accionSauro_2025_01_27__19_35_06_HDR0_0_Mothbot_yolo11m_4500_imgsz1600_b1_2024-01-18.pt.jpg,ORDER_Hemiptera,27-01-25,19:35:06,,2025_01_27__19_35_06,MachineObservation,Panama_Hoya_1004m_accionSauro_2025-01-26_2025-01-27,Panama_Hoya_1004m_accionSauro_2025-01-26_2025-01-27,accionSauro_2025_01_27__19_35_06_HDR0.jpg,accionSauro_2025_01_27__19_35_06_HDR0_0_Mothbot_yolo11m_4500_imgsz1600_b1_2024-01-18.pt.jpg
doi.org10.15468dl.6nxkw6.csv,Animalia,Arthropoda,Insecta,Lepidoptera,Notodontidae,,,,7016,,Notodontidae,Notodontidae,Panama_Hoya_1004m_accionSauro_2025-01-26,accionSauro_2025_01_27__19_35_06_HDR0_1_Mothbot_yolo11m_4500_imgsz1600_b1_2024-01-18.pt.jpg,HS,Mothbot_yolo11m_4500_imgsz1600_b1_2024-01-18.pt,0.763165891,,accionSauro,Panama/Hoya_1004m_accionSauro_2025-01-26/2025-01-27/patches/accionSauro_2025_01_27__19_35_06_HDR0_1_Mothbot_yolo11m_4500_imgsz1600_b1_2024-01-18.pt.jpg,ORDER_Lepidoptera,27-01-25,19:35:06,,2025_01_27__19_35_06,MachineObservation,Panama_Hoya_1004m_accionSauro_2025-01-26_2025-01-27,Panama_Hoya_1004m_accionSauro_2025-01-26_2025-01-27,accionSauro_2025_01_27__19_35_06_HDR0.jpg,accionSauro_2025_01_27__19_35_06_HDR0_1_Mothbot_yolo11m_4500_imgsz1600_b1_2024-01-18.pt.jpg
,Animalia,Arthropoda,Insecta,Hemiptera,,,,,,,Hemiptera,Hemiptera,Panama_Hoya_1004m_accionSauro_2025-01-26,accionSauro_2025_01_27__19_35_06_HDR0_2_Mothbot_yolo11m_4500_imgsz1600_b1_2024-01-18.pt.jpg,HS,Mothbot_yolo11m_4500_imgsz1600_b1_2024-01-18.pt,0.728506923,,accionSauro,Panama/Hoya_1004m_accionSauro_2025-01-26/2025-01-27/patches/accionSauro_2025_01_27__19_35_06_HDR0_2_Mothbot_yolo11m_4500_imgsz1600_b1_2024-01-18.pt.jpg,ORDER_Hemiptera,27-01-25,19:35:06,,2025_01_27__19_35_06,MachineObservation,Panama_Hoya_1004m_accionSauro_2025-01-26_2025-01-27,Panama_Hoya_1004m_accionSauro_2025-01-26_2025-01-27,accionSauro_2025_01_27__19_35_06_HDR0.jpg,accionSauro_2025_01_27__19_35_06_HDR0_2_Mothbot_yolo11m_4500_imgsz1600_b1_2024-01-18.pt.jpg
doi.org10.15468dl.6nxkw6.csv,Animalia,Arthropoda,Insecta,Hemiptera,,,,,809,,Hemiptera,Hemiptera,Panama_Hoya_1004m_accionSauro_2025-01-26,accionSauro_2025_01_27__19_35_06_HDR0_3_Mothbot_yolo11m_4500_imgsz1600_b1_2024-01-18.pt.jpg,HS,Mothbot_yolo11m_4500_imgsz1600_b1_2024-01-18.pt,0.726751268,,accionSauro,Panama/Hoya_1004m_accionSauro_2025-01-26/2025-01-27/patches/accionSauro_2025_01_27__19_35_06_HDR0_3_Mothbot_yolo11m_4500_imgsz1600_b1_2024-01-18.pt.jpg,ORDER_Coleoptera,27-01-25,19:35:06,,2025_01_27__19_35_06,MachineObservation,Panama_Hoya_1004m_accionSauro_2025-01-26_2025-01-27,Panama_Hoya_1004m_accionSauro_2025-01-26_2025-01-27,accionSauro_2025_01_27__19_35_06_HDR0.jpg,accionSauro_2025_01_27__19_35_06_HDR0_3_Mothbot_yolo11m_4500_imgsz1600_b1_2024-01-18.pt.jpg
,Animalia,Arthropoda,Insecta,Diptera,,,,,,,Diptera,Diptera,Panama_Hoya_1004m_accionSauro_2025-01-26,accionSauro_2025_01_27__19_35_06_HDR0_4_Mothbot_yolo11m_4500_imgsz1600_b1_2024-01-18.pt.jpg,HS,Mothbot_yolo11m_4500_imgsz1600_b1_2024-01-18.pt,0.720971704,,accionSauro,Panama/Hoya_1004m_accionSauro_2025-01-26/2025-01-27/patches/accionSauro_2025_01_27__19_35_06_HDR0_4_Mothbot_yolo11m_4500_imgsz1600_b1_2024-01-18.pt.jpg,ORDER_Diptera,27-01-25,19:35:06,,2025_01_27__19_35_06,MachineObservation,Panama_Hoya_1004m_accionSauro_2025-01-26_2025-01-27,Panama_Hoya_1004m_accionSauro_2025-01-26_2025-01-27,accionSauro_2025_01_27__19_35_06_HDR0.jpg,accionSauro_2025_01_27__19_35_06_HDR0_4_Mothbot_yolo11m_4500_imgsz1600_b1_2024-01-18.pt.jpg
,Animalia,Arthropoda,Insecta,Diptera,,,,,,,Diptera,Diptera,Panama_Hoya_1004m_accionSauro_2025-01-26,accionSauro_2025_01_27__19_35_06_HDR0_5_Mothbot_yolo11m_4500_imgsz1600_b1_2024-01-18.pt.jpg,HS,Mothbot_yolo11m_4500_imgsz1600_b1_2024-01-18.pt,0.706438899,,accionSauro,Panama/Hoya_1004m_accionSauro_2025-01-26/2025-01-27/patches/accionSauro_2025_01_27__19_35_06_HDR0_5_Mothbot_yolo11m_4500_imgsz1600_b1_2024-01-18.pt.jpg,ORDER_Diptera,27-01-25,19:35:06,,2025_01_27__19_35_06,MachineObservation,Panama_Hoya_1004m_accionSauro_2025-01-26_2025-01-27,Panama_Hoya_1004m_accionSauro_2025-01-26_2025-01-27,accionSauro_2025_01_27__19_35_06_HDR0.jpg,accionSauro_2025_01_27__19_35_06_HDR0_5_Mothbot_yolo11m_4500_imgsz1600_b1_2024-01-18.pt.jpg
doi.org10.15468dl.6nxkw6.csv,Animalia,Arthropoda,Insecta,Hemiptera,,,,,809,,Hemiptera,Hemiptera,Panama_Hoya_1004m_accionSauro_2025-01-26,accionSauro_2025_01_27__19_35_06_HDR0_6_Mothbot_yolo11m_4500_imgsz1600_b1_2024-01-18.pt.jpg,HS,Mothbot_yolo11m_4500_imgsz1600_b1_2024-01-18.pt,0.682481766,,accionSauro,Panama/Hoya_1004m_accionSauro_2025-01-26/2025-01-27/patches/accionSauro_2025_01_27__19_35_06_HDR0_6_Mothbot_yolo11m_4500_imgsz1600_b1_2024-01-18.pt.jpg,ORDER_Coleoptera,27-01-25,19:35:06,,2025_01_27__19_35_06,MachineObservation,Panama_Hoya_1004m_accionSauro_2025-01-26_2025-01-27,Panama_Hoya_1004m_accionSauro_2025-01-26_2025-01-27,accionSauro_2025_01_27__19_35_06_HDR0.jpg,accionSauro_2025_01_27__19_35_06_HDR0_6_Mothbot_yolo11m_4500_imgsz1600_b1_2024-01-18.pt.jpg
,Animalia,Arthropoda,Insecta,Diptera,,,,,,,Diptera,Diptera,Panama_Hoya_1004m_accionSauro_2025-01-26,accionSauro_2025_01_27__19_35_06_HDR0_7_Mothbot_yolo11m_4500_imgsz1600_b1_2024-01-18.pt.jpg,HS,Mothbot_yolo11m_4500_imgsz1600_b1_2024-01-18.pt,0.645517349,,accionSauro,Panama/Hoya_1004m_accionSauro_2025-01-26/2025-01-27/patches/accionSauro_2025_01_27__19_35_06_HDR0_7_Mothbot_yolo11m_4500_imgsz1600_b1_2024-01-18.pt.jpg,ORDER_Diptera,27-01-25,19:35:06,,2025_01_27__19_35_06,MachineObservation,Panama_Hoya_1004m_accionSauro_2025-01-26_2025-01-27,Panama_Hoya_1004m_accionSauro_2025-01-26_2025-01-27,accionSauro_2025_01_27__19_35_06_HDR0.jpg,accionSauro_2025_01_27__19_35_06_HDR0_7_Mothbot_yolo11m_4500_imgsz1600_b1_2024-01-18.pt.jpg
,Animalia,Arthropoda,Insecta,Diptera,,,,,,,Diptera,Diptera,Panama_Hoya_1004m_accionSauro_2025-01-26,accionSauro_2025_01_27__19_35_06_HDR0_8_Mothbot_yolo11m_4500_imgsz1600_b1_2024-01-18.pt.jpg,HS,Mothbot_yolo11m_4500_imgsz1600_b1_2024-01-18.pt,0.607636094,,accionSauro,Panama/Hoya_1004m_accionSauro_2025-01-26/2025-01-27/patches/accionSauro_2025_01_27__19_35_06_HDR0_8_Mothbot_yolo11m_4500_imgsz1600_b1_2024-01-18.pt.jpg,ORDER_Diptera,27-01-25,19:35:06,,2025_01_27__19_35_06,MachineObservation,Panama_Hoya_1004m_accionSauro_2025-01-26_2025-01-27,Panama_Hoya_1004m_accionSauro_2025-01-26_2025-01-27,accionSauro_2025_01_27__19_35_06_HDR0.jpg,accionSauro_2025_01_27__19_35_06_HDR0_8_Mothbot_yolo11m_4500_imgsz1600_b1_2024-01-18.pt.jpg
doi.org10.15468dl.6nxkw6.csv,Animalia,Arthropoda,Insecta,Diptera,,,,,,,Diptera,Diptera,Panama_Hoya_1004m_accionSauro_2025-01-26,accionSauro_2025_01_27__19_35_06_HDR0_9_Mothbot_yolo11m_4500_imgsz1600_b1_2024-01-18.pt.jpg,HS,Mothbot_yolo11m_4500_imgsz1600_b1_2024-01-18.pt,0.552351058,,accionSauro,Panama/Hoya_1004m_accionSauro_2025-01-26/2025-01-27/patches/accionSauro_2025_01_27__19_35_06_HDR0_9_Mothbot_yolo11m_4500_imgsz1600_b1_2024-01-18.pt.jpg,ERROR_floor,27-01-25,19:35:06,,2025_01_27__19_35_06,MachineObservation,Panama_Hoya_1004m_accionSauro_2025-01-26_2025-01-27,Panama_Hoya_1004m_accionSauro_2025-01-26_2025-01-27,accionSauro_2025_01_27__19_35_06_HDR0.jpg,accionSauro_2025_01_27__19_35_06_HDR0_9_Mothbot_yolo11m_4500_imgsz1600_b1_2024-01-18.pt.jpg
,Animalia,Arthropoda,Insecta,Coleoptera,,,,,,,Coleoptera,Coleoptera,Panama_Hoya_1004m_accionSauro_2025-01-26,accionSauro_2025_01_27__19_35_06_HDR0_10_Mothbot_yolo11m_4500_imgsz1600_b1_2024-01-18.pt.jpg,HS,Mothbot_yolo11m_4500_imgsz1600_b1_2024-01-18.pt,0.545865595,,accionSauro,Panama/Hoya_1004m_accionSauro_2025-01-26/2025-01-27/patches/accionSauro_2025_01_27__19_35_06_HDR0_10_Mothbot_yolo11m_4500_imgsz1600_b1_2024-01-18.pt.jpg,ORDER_Coleoptera,27-01-25,19:35:06,,2025_01_27__19_35_06,MachineObservation,Panama_Hoya_1004m_accionSauro_2025-01-26_2025-01-27,Panama_Hoya_1004m_accionSauro_2025-01-26_2025-01-27,accionSauro_2025_01_27__19_35_06_HDR0.jpg,accionSauro_2025_01_27__19_35_06_HDR0_10_Mothbot_yolo11m_4500_imgsz1600_b1_2024-01-18.pt.jpg
doi.org10.15468dl.6nxkw6.csv,Animalia,Arthropoda,Insecta,,,,,,216,,Insecta,Insecta,Panama_Hoya_1004m_accionSauro_2025-01-26,accionSauro_2025_01_27__19_35_06_HDR0_11_Mothbot_yolo11m_4500_imgsz1600_b1_2024-01-18.pt.jpg,HS,Mothbot_yolo11m_4500_imgsz1600_b1_2024-01-18.pt,0.529534936,,accionSauro,Panama/Hoya_1004m_accionSauro_2025-01-26/2025-01-27/patches/accionSauro_2025_01_27__19_35_06_HDR0_11_Mothbot_yolo11m_4500_imgsz1600_b1_2024-01-18.pt.jpg,ORDER_Diptera,27-01-25,19:35:06,,2025_01_27__19_35_06,MachineObservation,Panama_Hoya_1004m_accionSauro_2025-01-26_2025-01-27,Panama_Hoya_1004m_accionSauro_2025-01-26_2025-01-27,accionSauro_2025_01_27__19_35_06_HDR0.jpg,accionSauro_2025_01_27__19_35_06_HDR0_11_Mothbot_yolo11m_4500_imgsz1600_b1_2024-01-18.pt.jpg
doi.org10.15468dl.6nxkw6.csv,Animalia,Arthropoda,Insecta,Coleoptera,,,,,1470,,Coleoptera,Coleoptera,Panama_Hoya_1004m_accionSauro_2025-01-26,accionSauro_2025_01_27__19_35_06_HDR0_12_Mothbot_yolo11m_4500_imgsz1600_b1_2024-01-18.pt.jpg,HS,Mothbot_yolo11m_4500_imgsz1600_b1_2024-01-18.pt,0.50930953,,accionSauro,Panama/Hoya_1004m_accionSauro_2025-01-26/2025-01-27/patches/accionSauro_2025_01_27__19_35_06_HDR0_12_Mothbot_yolo11m_4500_imgsz1600_b1_2024-01-18.pt.jpg,ORDER_Diptera,27-01-25,19:35:06,,2025_01_27__19_35_06,MachineObservation,Panama_Hoya_1004m_accionSauro_2025-01-26_2025-01-27,Panama_Hoya_1004m_accionSauro_2025-01-26_2025-01-27,accionSauro_2025_01_27__19_35_06_HDR0.jpg,accionSauro_2025_01_27__19_35_06_HDR0_12_Mothbot_yolo11m_4500_imgsz1600_b1_2024-01-18.pt.jpg
,Animalia,Arthropoda,Insecta,Diptera,,,,,,,Diptera,Diptera,Panama_Hoya_1004m_accionSauro_2025-01-26,accionSauro_2025_01_27__19_35_06_HDR0_13_Mothbot_yolo11m_4500_imgsz1600_b1_2024-01-18.pt.jpg,HS,Mothbot_yolo11m_4500_imgsz1600_b1_2024-01-18.pt,0.507667065,,accionSauro,Panama/Hoya_1004m_accionSauro_2025-01-26/2025-01-27/patches/accionSauro_2025_01_27__19_35_06_HDR0_13_Mothbot_yolo11m_4500_imgsz1600_b1_2024-01-18.pt.jpg,ORDER_Diptera,27-01-25,19:35:06,,2025_01_27__19_35_06,MachineObservation,Panama_Hoya_1004m_accionSauro_2025-01-26_2025-01-27,Panama_Hoya_1004m_accionSauro_2025-01-26_2025-01-27,accionSauro_2025_01_27__19_35_06_HDR0.jpg,accionSauro_2025_01_27__19_35_06_HDR0_13_Mothbot_yolo11m_4500_imgsz1600_b1_2024-01-18.pt.jpg
,Animalia,Arthropoda,Insecta,Diptera,,,,,,,Diptera,Diptera,Panama_Hoya_1004m_accionSauro_2025-01-26,accionSauro_2025_01_27__19_35_06_HDR0_14_Mothbot_yolo11m_4500_imgsz1600_b1_2024-01-18.pt.jpg,HS,Mothbot_yolo11m_4500_imgsz1600_b1_2024-01-18.pt,0.501035452,,accionSauro,Panama/Hoya_1004m_accionSauro_2025-01-26/2025-01-27/patches/accionSauro_2025_01_27__19_35_06_HDR0_14_Mothbot_yolo11m_4500_imgsz1600_b1_2024-01-18.pt.jpg,ORDER_Diptera,27-01-25,19:35:06,,2025_01_27__19_35_06,MachineObservation,Panama_Hoya_1004m_accionSauro_2025-01-26_2025-01-27,Panama_Hoya_1004m_accionSauro_2025-01-26_2025-01-27,accionSauro_2025_01_27__19_35_06_HDR0.jpg,accionSauro_2025_01_27__19_35_06_HDR0_14_Mothbot_yolo11m_4500_imgsz1600_b1_2024-01-18.pt.jpg
doi.org10.15468dl.6nxkw6.csv,Animalia,Arthropoda,Insecta,Diptera,,,,,811,,Diptera,Diptera,Panama_Hoya_1004m_accionSauro_2025-01-26,accionSauro_2025_01_27__19_35_06_HDR0_15_Mothbot_yolo11m_4500_imgsz1600_b1_2024-01-18.pt.jpg,HS,Mothbot_yolo11m_4500_imgsz1600_b1_2024-01-18.pt,0.323367178,,accionSauro,Panama/Hoya_1004m_accionSauro_2025-01-26/2025-01-27/patches/accionSauro_2025_01_27__19_35_06_HDR0_15_Mothbot_yolo11m_4500_imgsz1600_b1_2024-01-18.pt.jpg,ORDER_Coleoptera,27-01-25,19:35:06,,2025_01_27__19_35_06,MachineObservation,Panama_Hoya_1004m_accionSauro_2025-01-26_2025-01-27,Panama_Hoya_1004m_accionSauro_2025-01-26_2025-01-27,accionSauro_2025_01_27__19_35_06_HDR0.jpg,accionSauro_2025_01_27__19_35_06_HDR0_15_Mothbot_yolo11m_4500_imgsz1600_b1_2024-01-18.pt.jpg
,Animalia,Arthropoda,Insecta,Diptera,,,,,,,Diptera,Diptera,Panama_Hoya_1004m_accionSauro_2025-01-26,accionSauro_2025_01_27__19_36_22_HDR0_0_Mothbot_yolo11m_4500_imgsz1600_b1_2024-01-18.pt.jpg,HS,Mothbot_yolo11m_4500_imgsz1600_b1_2024-01-18.pt,0.787398756,,accionSauro,Panama/Hoya_1004m_accionSauro_2025-01-26/2025-01-27/patches/accionSauro_2025_01_27__19_36_22_HDR0_0_Mothbot_yolo11m_4500_imgsz1600_b1_2024-01-18.pt.jpg,ORDER_Diptera,27-01-25,19:36:22,,2025_01_27__19_36_22,MachineObservation,Panama_Hoya_1004m_accionSauro_2025-01-26_2025-01-27,Panama_Hoya_1004m_accionSauro_2025-01-26_2025-01-27,accionSauro_2025_01_27__19_36_22_HDR0.jpg,accionSauro_2025_01_27__19_36_22_HDR0_0_Mothbot_yolo11m_4500_imgsz1600_b1_2024-01-18.pt.jpg
,Animalia,Arthropoda,Insecta,Diptera,,,,,,,Diptera,Diptera,Panama_Hoya_1004m_accionSauro_2025-01-26,accionSauro_2025_01_27__19_36_22_HDR0_1_Mothbot_yolo11m_4500_imgsz1600_b1_2024-01-18.pt.jpg,HS,Mothbot_yolo11m_4500_imgsz1600_b1_2024-01-18.pt,0.7852965,,accionSauro,Panama/Hoya_1004m_accionSauro_2025-01-26/2025-01-27/patches/accionSauro_2025_01_27__19_36_22_HDR0_1_Mothbot_yolo11m_4500_imgsz1600_b1_2024-01-18.pt.jpg,ORDER_Diptera,27-01-25,19:36:22,,2025_01_27__19_36_22,MachineObservation,Panama_Hoya_1004m_accionSauro_2025-01-26_2025-01-27,Panama_Hoya_1004m_accionSauro_2025-01-26_2025-01-27,accionSauro_2025_01_27__19_36_22_HDR0.jpg,accionSauro_2025_01_27__19_36_22_HDR0_1_Mothbot_yolo11m_4500_imgsz1600_b1_2024-01-18.pt.jpg
doi.org10.15468dl.6nxkw6.csv,Animalia,Arthropoda,Insecta,Lepidoptera,Notodontidae,,,,7016,,Notodontidae,Notodontidae,Panama_Hoya_1004m_accionSauro_2025-01-26,accionSauro_2025_01_27__19_36_22_HDR0_2_Mothbot_yolo11m_4500_imgsz1600_b1_2024-01-18.pt.jpg,HS,Mothbot_yolo11m_4500_imgsz1600_b1_2024-01-18.pt,0.770069897,,accionSauro,Panama/Hoya_1004m_accionSauro_2025-01-26/2025-01-27/patches/accionSauro_2025_01_27__19_36_22_HDR0_2_Mothbot_yolo11m_4500_imgsz1600_b1_2024-01-18.pt.jpg,ORDER_Lepidoptera,27-01-25,19:36:22,,2025_01_27__19_36_22,MachineObservation,Panama_Hoya_1004m_accionSauro_2025-01-26_2025-01-27,Panama_Hoya_1004m_accionSauro_2025-01-26_2025-01-27,accionSauro_2025_01_27__19_36_22_HDR0.jpg,accionSauro_2025_01_27__19_36_22_HDR0_2_Mothbot_yolo11m_4500_imgsz1600_b1_2024-01-18.pt.jpg
doi.org10.15468dl.6nxkw6.csv,Animalia,Arthropoda,Insecta,Hemiptera,,,,,809,,Hemiptera,Hemiptera,Panama_Hoya_1004m_accionSauro_2025-01-26,accionSauro_2025_01_27__19_36_22_HDR0_3_Mothbot_yolo11m_4500_imgsz1600_b1_2024-01-18.pt.jpg,HS,Mothbot_yolo11m_4500_imgsz1600_b1_2024-01-18.pt,0.753900766,,accionSauro,Panama/Hoya_1004m_accionSauro_2025-01-26/2025-01-27/patches/accionSauro_2025_01_27__19_36_22_HDR0_3_Mothbot_yolo11m_4500_imgsz1600_b1_2024-01-18.pt.jpg,ORDER_Diptera,27-01-25,19:36:22,,2025_01_27__19_36_22,MachineObservation,Panama_Hoya_1004m_accionSauro_2025-01-26_2025-01-27,Panama_Hoya_1004m_accionSauro_2025-01-26_2025-01-27,accionSauro_2025_01_27__19_36_22_HDR0.jpg,accionSauro_2025_01_27__19_36_22_HDR0_3_Mothbot_yolo11m_4500_imgsz1600_b1_2024-01-18.pt.jpg
,Animalia,Arthropoda,Insecta,Hemiptera,,,,,,,Hemiptera,Hemiptera,Panama_Hoya_1004m_accionSauro_2025-01-26,accionSauro_2025_01_27__19_36_22_HDR0_4_Mothbot_yolo11m_4500_imgsz1600_b1_2024-01-18.pt.jpg,HS,Mothbot_yolo11m_4500_imgsz1600_b1_2024-01-18.pt,0.699826896,,accionSauro,Panama/Hoya_1004m_accionSauro_2025-01-26/2025-01-27/patches/accionSauro_2025_01_27__19_36_22_HDR0_4_Mothbot_yolo11m_4500_imgsz1600_b1_2024-01-18.pt.jpg,ORDER_Hemiptera,27-01-25,19:36:22,,2025_01_27__19_36_22,MachineObservation,Panama_Hoya_1004m_accionSauro_2025-01-26_2025-01-27,Panama_Hoya_1004m_accionSauro_2025-01-26_2025-01-27,accionSauro_2025_01_27__19_36_22_HDR0.jpg,accionSauro_2025_01_27__19_36_22_HDR0_4_Mothbot_yolo11m_4500_imgsz1600_b1_2024-01-18.pt.jpg
doi.org10.15468dl.6nxkw6.csv,Animalia,Arthropoda,Insecta,Diptera,,,,,,,Diptera,Diptera,Panama_Hoya_1004m_accionSauro_2025-01-26,accionSauro_2025_01_27__19_36_22_HDR0_5_Mothbot_yolo11m_4500_imgsz1600_b1_2024-01-18.pt.jpg,HS,Mothbot_yolo11m_4500_imgsz1600_b1_2024-01-18.pt,0.637535214,,accionSauro,Panama/Hoya_1004m_accionSauro_2025-01-26/2025-01-27/patches/accionSauro_2025_01_27__19_36_22_HDR0_5_Mothbot_yolo11m_4500_imgsz1600_b1_2024-01-18.pt.jpg,ORDER_Hemiptera,27-01-25,19:36:22,,2025_01_27__19_36_22,MachineObservation,Panama_Hoya_1004m_accionSauro_2025-01-26_2025-01-27,Panama_Hoya_1004m_accionSauro_2025-01-26_2025-01-27,accionSauro_2025_01_27__19_36_22_HDR0.jpg,accionSauro_2025_01_27__19_36_22_HDR0_5_Mothbot_yolo11m_4500_imgsz1600_b1_2024-01-18.pt.jpg
,Animalia,Arthropoda,Insecta,Diptera,,,,,,,Diptera,Diptera,Panama_Hoya_1004m_accionSauro_2025-01-26,accionSauro_2025_01_27__19_36_22_HDR0_6_Mothbot_yolo11m_4500_imgsz1600_b1_2024-01-18.pt.jpg,HS,Mothbot_yolo11m_4500_imgsz1600_b1_2024-01-18.pt,0.596761346,,accionSauro,Panama/Hoya_1004m_accionSauro_2025-01-26/2025-01-27/patches/accionSauro_2025_01_27__19_36_22_HDR0_6_Mothbot_yolo11m_4500_imgsz1600_b1_2024-01-18.pt.jpg,ORDER_Diptera,27-01-25,19:36:22,,2025_01_27__19_36_22,MachineObservation,Panama_Hoya_1004m_accionSauro_2025-01-26_2025-01-27,Panama_Hoya_1004m_accionSauro_2025-01-26_2025-01-27,accionSauro_2025_01_27__19_36_22_HDR0.jpg,accionSauro_2025_01_27__19_36_22_HDR0_6_Mothbot_yolo11m_4500_imgsz1600_b1_2024-01-18.pt.jpg
,Animalia,Arthropoda,Insecta,Coleoptera,,,,,,,Coleoptera,Coleoptera,Panama_Hoya_1004m_accionSauro_2025-01-26,accionSauro_2025_01_27__19_36_22_HDR0_7_Mothbot_yolo11m_4500_imgsz1600_b1_2024-01-18.pt.jpg,HS,Mothbot_yolo11m_4500_imgsz1600_b1_2024-01-18.pt,0.575097084,,accionSauro,Panama/Hoya_1004m_accionSauro_2025-01-26/2025-01-27/patches/accionSauro_2025_01_27__19_36_22_HDR0_7_Mothbot_yolo11m_4500_imgsz1600_b1_2024-01-18.pt.jpg,ORDER_Coleoptera,27-01-25,19:36:22,,2025_01_27__19_36_22,MachineObservation,Panama_Hoya_1004m_accionSauro_2025-01-26_2025-01-27,Panama_Hoya_1004m_accionSauro_2025-01-26_2025-01-27,accionSauro_2025_01_27__19_36_22_HDR0.jpg,accionSauro_2025_01_27__19_36_22_HDR0_7_Mothbot_yolo11m_4500_imgsz1600_b1_2024-01-18.pt.jpg
,Animalia,Arthropoda,Insecta,Diptera,,,,,,,Diptera,Diptera,Panama_Hoya_1004m_accionSauro_2025-01-26,accionSauro_2025_01_27__19_36_22_HDR0_8_Mothbot_yolo11m_4500_imgsz1600_b1_2024-01-18.pt.jpg,HS,Mothbot_yolo11m_4500_imgsz1600_b1_2024-01-18.pt,0.480202407,,accionSauro,Panama/Hoya_1004m_accionSauro_2025-01-26/2025-01-27/patches/accionSauro_2025_01_27__19_36_22_HDR0_8_Mothbot_yolo11m_4500_imgsz1600_b1_2024-01-18.pt.jpg,ORDER_Diptera,27-01-25,19:36:22,,2025_01_27__19_36_22,MachineObservation,Panama_Hoya_1004m_accionSauro_2025-01-26_2025-01-27,Panama_Hoya_1004m_accionSauro_2025-01-26_2025-01-27,accionSauro_2025_01_27__19_36_22_HDR0.jpg,accionSauro_2025_01_27__19_36_22_HDR0_8_Mothbot_yolo11m_4500_imgsz1600_b1_2024-01-18.pt.jpg
,,,,,,,,,,,,ERROR,Panama_Hoya_1004m_accionSauro_2025-01-26,accionSauro_2025_01_27__19_36_22_HDR0_9_Mothbot_yolo11m_4500_imgsz1600_b1_2024-01-18.pt.jpg,HS,Mothbot_yolo11m_4500_imgsz1600_b1_2024-01-18.pt,0.355798602,,accionSauro,Panama/Hoya_1004m_accionSauro_2025-01-26/2025-01-27/patches/accionSauro_2025_01_27__19_36_22_HDR0_9_Mothbot_yolo11m_4500_imgsz1600_b1_2024-01-18.pt.jpg,ORDER_Diptera,27-01-25,19:36:22,,2025_01_27__19_36_22,MachineObservation,Panama_Hoya_1004m_accionSauro_2025-01-26_2025-01-27,Panama_Hoya_1004m_accionSauro_2025-01-26_2025-01-27,accionSauro_2025_01_27__19_36_22_HDR0.jpg,accionSauro_2025_01_27__19_36_22_HDR0_9_Mothbot_yolo11m_4500_imgsz1600_b1_2024-01-18.pt.jpg
,Animalia,Arthropoda,Insecta,Diptera,,,,,,,Diptera,Diptera,Panama_Hoya_1004m_accionSauro_2025-01-26,accionSauro_2025_01_27__19_36_22_HDR0_10_Mothbot_yolo11m_4500_imgsz1600_b1_2024-01-18.pt.jpg,HS,Mothbot_yolo11m_4500_imgsz1600_b1_2024-01-18.pt,0.323724896,,accionSauro,Panama/Hoya_1004m_accionSauro_2025-01-26/2025-01-27/patches/accionSauro_2025_01_27__19_36_22_HDR0_10_Mothbot_yolo11m_4500_imgsz1600_b1_2024-01-18.pt.jpg,ORDER_Diptera,27-01-25,19:36:22,,2025_01_27__19_36_22,MachineObservation,Panama_Hoya_1004m_accionSauro_2025-01-26_2025-01-27,Panama_Hoya_1004m_accionSauro_2025-01-26_2025-01-27,accionSauro_2025_01_27__19_36_22_HDR0.jpg,accionSauro_2025_01_27__19_36_22_HDR0_10_Mothbot_yolo11m_4500_imgsz1600_b1_2024-01-18.pt.jpg
doi.org10.15468dl.6nxkw6.csv,Animalia,Arthropoda,Insecta,Lepidoptera,Notodontidae,,,,7016,,Notodontidae,Notodontidae,Panama_Hoya_1004m_accionSauro_2025-01-26,accionSauro_2025_01_27__19_37_06_HDR0_0_Mothbot_yolo11m_4500_imgsz1600_b1_2024-01-18.pt.jpg,HS,Mothbot_yolo11m_4500_imgsz1600_b1_2024-01-18.pt,0.768519163,,accionSauro,Panama/Hoya_1004m_accionSauro_2025-01-26/2025-01-27/patches/accionSauro_2025_01_27__19_37_06_HDR0_0_Mothbot_yolo11m_4500_imgsz1600_b1_2024-01-18.pt.jpg,ORDER_Lepidoptera,27-01-25,19:37:06,,2025_01_27__19_37_06,MachineObservation,Panama_Hoya_1004m_accionSauro_2025-01-26_2025-01-27,Panama_Hoya_1004m_accionSauro_2025-01-26_2025-01-27,accionSauro_2025_01_27__19_37_06_HDR0.jpg,accionSauro_2025_01_27__19_37_06_HDR0_0_Mothbot_yolo11m_4500_imgsz1600_b1_2024-01-18.pt.jpg
doi.org10.15468dl.6nxkw6.csv,Animalia,Arthropoda,Insecta,Hemiptera,,,,,809,,Hemiptera,Hemiptera,Panama_Hoya_1004m_accionSauro_2025-01-26,accionSauro_2025_01_27__19_37_06_HDR0_1_Mothbot_yolo11m_4500_imgsz1600_b1_2024-01-18.pt.jpg,HS,Mothbot_yolo11m_4500_imgsz1600_b1_2024-01-18.pt,0.745597601,,accionSauro,Panama/Hoya_1004m_accionSauro_2025-01-26/2025-01-27/patches/accionSauro_2025_01_27__19_37_06_HDR0_1_Mothbot_yolo11m_4500_imgsz1600_b1_2024-01-18.pt.jpg,ORDER_Diptera,27-01-25,19:37:06,,2025_01_27__19_37_06,MachineObservation,Panama_Hoya_1004m_accionSauro_2025-01-26_2025-01-27,Panama_Hoya_1004m_accionSauro_2025-01-26_2025-01-27,accionSauro_2025_01_27__19_37_06_HDR0.jpg,accionSauro_2025_01_27__19_37_06_HDR0_1_Mothbot_yolo11m_4500_imgsz1600_b1_2024-01-18.pt.jpg
,Animalia,Arthropoda,Insecta,Hemiptera,,,,,,,Hemiptera,Hemiptera,Panama_Hoya_1004m_accionSauro_2025-01-26,accionSauro_2025_01_27__19_37_06_HDR0_2_Mothbot_yolo11m_4500_imgsz1600_b1_2024-01-18.pt.jpg,HS,Mothbot_yolo11m_4500_imgsz1600_b1_2024-01-18.pt,0.736197114,,accionSauro,Panama/Hoya_1004m_accionSauro_2025-01-26/2025-01-27/patches/accionSauro_2025_01_27__19_37_06_HDR0_2_Mothbot_yolo11m_4500_imgsz1600_b1_2024-01-18.pt.jpg,ORDER_Hemiptera,27-01-25,19:37:06,,2025_01_27__19_37_06,MachineObservation,Panama_Hoya_1004m_accionSauro_2025-01-26_2025-01-27,Panama_Hoya_1004m_accionSauro_2025-01-26_2025-01-27,accionSauro_2025_01_27__19_37_06_HDR0.jpg,accionSauro_2025_01_27__19_37_06_HDR0_2_Mothbot_yolo11m_4500_imgsz1600_b1_2024-01-18.pt.jpg
,Animalia,Arthropoda,Insecta,Hemiptera,,,,,,,Hemiptera,Hemiptera,Panama_Hoya_1004m_accionSauro_2025-01-26,accionSauro_2025_01_27__19_37_06_HDR0_3_Mothbot_yolo11m_4500_imgsz1600_b1_2024-01-18.pt.jpg,HS,Mothbot_yolo11m_4500_imgsz1600_b1_2024-01-18.pt,0.730780065,,accionSauro,Panama/Hoya_1004m_accionSauro_2025-01-26/2025-01-27/patches/accionSauro_2025_01_27__19_37_06_HDR0_3_Mothbot_yolo11m_4500_imgsz1600_b1_2024-01-18.pt.jpg,ORDER_Hemiptera,27-01-25,19:37:06,,2025_01_27__19_37_06,MachineObservation,Panama_Hoya_1004m_accionSauro_2025-01-26_2025-01-27,Panama_Hoya_1004m_accionSauro_2025-01-26_2025-01-27,accionSauro_2025_01_27__19_37_06_HDR0.jpg,accionSauro_2025_01_27__19_37_06_HDR0_3_Mothbot_yolo11m_4500_imgsz1600_b1_2024-01-18.pt.jpg
doi.org10.15468dl.6nxkw6.csv,Animalia,Arthropoda,Insecta,Diptera,,,,,,,Diptera,Diptera,Panama_Hoya_1004m_accionSauro_2025-01-26,accionSauro_2025_01_27__19_37_06_HDR0_4_Mothbot_yolo11m_4500_imgsz1600_b1_2024-01-18.pt.jpg,HS,Mothbot_yolo11m_4500_imgsz1600_b1_2024-01-18.pt,0.66812098,,accionSauro,Panama/Hoya_1004m_accionSauro_2025-01-26/2025-01-27/patches/accionSauro_2025_01_27__19_37_06_HDR0_4_Mothbot_yolo11m_4500_imgsz1600_b1_2024-01-18.pt.jpg,ORDER_Hemiptera,27-01-25,19:37:06,,2025_01_27__19_37_06,MachineObservation,Panama_Hoya_1004m_accionSauro_2025-01-26_2025-01-27,Panama_Hoya_1004m_accionSauro_2025-01-26_2025-01-27,accionSauro_2025_01_27__19_37_06_HDR0.jpg,accionSauro_2025_01_27__19_37_06_HDR0_4_Mothbot_yolo11m_4500_imgsz1600_b1_2024-01-18.pt.jpg
doi.org10.15468dl.6nxkw6.csv,Animalia,Arthropoda,Insecta,Hemiptera,,,,,809,,Hemiptera,Hemiptera,Panama_Hoya_1004m_accionSauro_2025-01-26,accionSauro_2025_01_27__19_37_06_HDR0_5_Mothbot_yolo11m_4500_imgsz1600_b1_2024-01-18.pt.jpg,HS,Mothbot_yolo11m_4500_imgsz1600_b1_2024-01-18.pt,0.66306752,,accionSauro,Panama/Hoya_1004m_accionSauro_2025-01-26/2025-01-27/patches/accionSauro_2025_01_27__19_37_06_HDR0_5_Mothbot_yolo11m_4500_imgsz1600_b1_2024-01-18.pt.jpg,ORDER_Hymenoptera,27-01-25,19:37:06,,2025_01_27__19_37_06,MachineObservation,Panama_Hoya_1004m_accionSauro_2025-01-26_2025-01-27,Panama_Hoya_1004m_accionSauro_2025-01-26_2025-01-27,accionSauro_2025_01_27__19_37_06_HDR0.jpg,accionSauro_2025_01_27__19_37_06_HDR0_5_Mothbot_yolo11m_4500_imgsz1600_b1_2024-01-18.pt.jpg
doi.org10.15468dl.6nxkw6.csv,Animalia,Arthropoda,Insecta,Hemiptera,,,,,809,,Hemiptera,Hemiptera,Panama_Hoya_1004m_accionSauro_2025-01-26,accionSauro_2025_01_27__19_37_06_HDR0_6_Mothbot_yolo11m_4500_imgsz1600_b1_2024-01-18.pt.jpg,HS,Mothbot_yolo11m_4500_imgsz1600_b1_2024-01-18.pt,0.659677923,,accionSauro,Panama/Hoya_1004m_accionSauro_2025-01-26/2025-01-27/patches/accionSauro_2025_01_27__19_37_06_HDR0_6_Mothbot_yolo11m_4500_imgsz1600_b1_2024-01-18.pt.jpg,ORDER_Coleoptera,27-01-25,19:37:06,,2025_01_27__19_37_06,MachineObservation,Panama_Hoya_1004m_accionSauro_2025-01-26_2025-01-27,Panama_Hoya_1004m_accionSauro_2025-01-26_2025-01-27,accionSauro_2025_01_27__19_37_06_HDR0.jpg,accionSauro_2025_01_27__19_37_06_HDR0_6_Mothbot_yolo11m_4500_imgsz1600_b1_2024-01-18.pt.jpg
doi.org10.15468dl.6nxkw6.csv,Animalia,Arthropoda,Insecta,,,,,,216,,Insecta,Insecta,Panama_Hoya_1004m_accionSauro_2025-01-26,accionSauro_2025_01_27__19_37_06_HDR0_7_Mothbot_yolo11m_4500_imgsz1600_b1_2024-01-18.pt.jpg,HS,Mothbot_yolo11m_4500_imgsz1600_b1_2024-01-18.pt,0.633156002,,accionSauro,Panama/Hoya_1004m_accionSauro_2025-01-26/2025-01-27/patches/accionSauro_2025_01_27__19_37_06_HDR0_7_Mothbot_yolo11m_4500_imgsz1600_b1_2024-01-18.pt.jpg,ORDER_Diptera,27-01-25,19:37:06,,2025_01_27__19_37_06,MachineObservation,Panama_Hoya_1004m_accionSauro_2025-01-26_2025-01-27,Panama_Hoya_1004m_accionSauro_2025-01-26_2025-01-27,accionSauro_2025_01_27__19_37_06_HDR0.jpg,accionSauro_2025_01_27__19_37_06_HDR0_7_Mothbot_yolo11m_4500_imgsz1600_b1_2024-01-18.pt.jpg
doi.org10.15468dl.6nxkw6.csv,Animalia,Arthropoda,Insecta,,,,,,216,,Insecta,Insecta,Panama_Hoya_1004m_accionSauro_2025-01-26,accionSauro_2025_01_27__19_37_06_HDR0_8_Mothbot_yolo11m_4500_imgsz1600_b1_2024-01-18.pt.jpg,HS,Mothbot_yolo11m_4500_imgsz1600_b1_2024-01-18.pt,0.548023164,,accionSauro,Panama/Hoya_1004m_accionSauro_2025-01-26/2025-01-27/patches/accionSauro_2025_01_27__19_37_06_HDR0_8_Mothbot_yolo11m_4500_imgsz1600_b1_2024-01-18.pt.jpg,ORDER_Hymenoptera,27-01-25,19:37:06,,2025_01_27__19_37_06,MachineObservation,Panama_Hoya_1004m_accionSauro_2025-01-26_2025-01-27,Panama_Hoya_1004m_accionSauro_2025-01-26_2025-01-27,accionSauro_2025_01_27__19_37_06_HDR0.jpg,accionSauro_2025_01_27__19_37_06_HDR0_8_Mothbot_yolo11m_4500_imgsz1600_b1_2024-01-18.pt.jpg
doi.org10.15468dl.6nxkw6.csv,Animalia,Arthropoda,Insecta,Diptera,,,,,811,,Diptera,Diptera,Panama_Hoya_1004m_accionSauro_2025-01-26,accionSauro_2025_01_27__19_37_06_HDR0_9_Mothbot_yolo11m_4500_imgsz1600_b1_2024-01-18.pt.jpg,HS,Mothbot_yolo11m_4500_imgsz1600_b1_2024-01-18.pt,0.37002641,,accionSauro,Panama/Hoya_1004m_accionSauro_2025-01-26/2025-01-27/patches/accionSauro_2025_01_27__19_37_06_HDR0_9_Mothbot_yolo11m_4500_imgsz1600_b1_2024-01-18.pt.jpg,ORDER_Coleoptera,27-01-25,19:37:06,,2025_01_27__19_37_06,MachineObservation,Panama_Hoya_1004m_accionSauro_2025-01-26_2025-01-27,Panama_Hoya_1004m_accionSauro_2025-01-26_2025-01-27,accionSauro_2025_01_27__19_37_06_HDR0.jpg,accionSauro_2025_01_27__19_37_06_HDR0_9_Mothbot_yolo11m_4500_imgsz1600_b1_2024-01-18.pt.jpg
,,,,,,,,,,,,ERROR,Panama_Hoya_1004m_accionSauro_2025-01-26,accionSauro_2025_01_27__19_37_06_HDR0_10_Mothbot_yolo11m_4500_imgsz1600_b1_2024-01-18.pt.jpg,HS,Mothbot_yolo11m_4500_imgsz1600_b1_2024-01-18.pt,0.26433742,,accionSauro,Panama/Hoya_1004m_accionSauro_2025-01-26/2025-01-27/patches/accionSauro_2025_01_27__19_37_06_HDR0_10_Mothbot_yolo11m_4500_imgsz1600_b1_2024-01-18.pt.jpg,ORDER_Hymenoptera,27-01-25,19:37:06,,2025_01_27__19_37_06,MachineObservation,Panama_Hoya_1004m_accionSauro_2025-01-26_2025-01-27,Panama_Hoya_1004m_accionSauro_2025-01-26_2025-01-27,accionSauro_2025_01_27__19_37_06_HDR0.jpg,accionSauro_2025_01_27__19_37_06_HDR0_10_Mothbot_yolo11m_4500_imgsz1600_b1_2024-01-18.pt.jpg
,Animalia,Arthropoda,Insecta,Diptera,,,,,,,Diptera,Diptera,Panama_Hoya_1004m_accionSauro_2025-01-26,accionSauro_2025_01_27__19_37_06_HDR0_11_Mothbot_yolo11m_4500_imgsz1600_b1_2024-01-18.pt.jpg,HS,Mothbot_yolo11m_4500_imgsz1600_b1_2024-01-18.pt,0.260674417,,accionSauro,Panama/Hoya_1004m_accionSauro_2025-01-26/2025-01-27/patches/accionSauro_2025_01_27__19_37_06_HDR0_11_Mothbot_yolo11m_4500_imgsz1600_b1_2024-01-18.pt.jpg,ORDER_Diptera,27-01-25,19:37:06,,2025_01_27__19_37_06,MachineObservation,Panama_Hoya_1004m_accionSauro_2025-01-26_2025-01-27,Panama_Hoya_1004m_accionSauro_2025-01-26_2025-01-27,accionSauro_2025_01_27__19_37_06_HDR0.jpg,accionSauro_2025_01_27__19_37_06_HDR0_11_Mothbot_yolo11m_4500_imgsz1600_b1_2024-01-18.pt.jpg
doi.org10.15468dl.6nxkw6.csv,Animalia,Arthropoda,Insecta,Lepidoptera,Notodontidae,,,,7016,,Notodontidae,Notodontidae,Panama_Hoya_1004m_accionSauro_2025-01-26,accionSauro_2025_01_27__19_38_06_HDR0_0_Mothbot_yolo11m_4500_imgsz1600_b1_2024-01-18.pt.jpg,HS,Mothbot_yolo11m_4500_imgsz1600_b1_2024-01-18.pt,0.765227735,,accionSauro,Panama/Hoya_1004m_accionSauro_2025-01-26/2025-01-27/patches/accionSauro_2025_01_27__19_38_06_HDR0_0_Mothbot_yolo11m_4500_imgsz1600_b1_2024-01-18.pt.jpg,ORDER_Lepidoptera,27-01-25,19:38:06,,2025_01_27__19_38_06,MachineObservation,Panama_Hoya_1004m_accionSauro_2025-01-26_2025-01-27,Panama_Hoya_1004m_accionSauro_2025-01-26_2025-01-27,accionSauro_2025_01_27__19_38_06_HDR0.jpg,accionSauro_2025_01_27__19_38_06_HDR0_0_Mothbot_yolo11m_4500_imgsz1600_b1_2024-01-18.pt.jpg
doi.org10.15468dl.6nxkw6.csv,Animalia,Arthropoda,Insecta,Hemiptera,,,,,809,,Hemiptera,Hemiptera,Panama_Hoya_1004m_accionSauro_2025-01-26,accionSauro_2025_01_27__19_38_06_HDR0_1_Mothbot_yolo11m_4500_imgsz1600_b1_2024-01-18.pt.jpg,HS,Mothbot_yolo11m_4500_imgsz1600_b1_2024-01-18.pt,0.762089133,,accionSauro,Panama/Hoya_1004m_accionSauro_2025-01-26/2025-01-27/patches/accionSauro_2025_01_27__19_38_06_HDR0_1_Mothbot_yolo11m_4500_imgsz1600_b1_2024-01-18.pt.jpg,ORDER_Diptera,27-01-25,19:38:06,,2025_01_27__19_38_06,MachineObservation,Panama_Hoya_1004m_accionSauro_2025-01-26_2025-01-27,Panama_Hoya_1004m_accionSauro_2025-01-26_2025-01-27,accionSauro_2025_01_27__19_38_06_HDR0.jpg,accionSauro_2025_01_27__19_38_06_HDR0_1_Mothbot_yolo11m_4500_imgsz1600_b1_2024-01-18.pt.jpg
,Animalia,Arthropoda,Insecta,Hemiptera,,,,,,,Hemiptera,Hemiptera,Panama_Hoya_1004m_accionSauro_2025-01-26,accionSauro_2025_01_27__19_38_06_HDR0_2_Mothbot_yolo11m_4500_imgsz1600_b1_2024-01-18.pt.jpg,HS,Mothbot_yolo11m_4500_imgsz1600_b1_2024-01-18.pt,0.705688775,,accionSauro,Panama/Hoya_1004m_accionSauro_2025-01-26/2025-01-27/patches/accionSauro_2025_01_27__19_38_06_HDR0_2_Mothbot_yolo11m_4500_imgsz1600_b1_2024-01-18.pt.jpg,ORDER_Hemiptera,27-01-25,19:38:06,,2025_01_27__19_38_06,MachineObservation,Panama_Hoya_1004m_accionSauro_2025-01-26_2025-01-27,Panama_Hoya_1004m_accionSauro_2025-01-26_2025-01-27,accionSauro_2025_01_27__19_38_06_HDR0.jpg,accionSauro_2025_01_27__19_38_06_HDR0_2_Mothbot_yolo11m_4500_imgsz1600_b1_2024-01-18.pt.jpg
,Animalia,Arthropoda,Insecta,Diptera,,,,,,,Diptera,Diptera,Panama_Hoya_1004m_accionSauro_2025-01-26,accionSauro_2025_01_27__19_38_06_HDR0_3_Mothbot_yolo11m_4500_imgsz1600_b1_2024-01-18.pt.jpg,HS,Mothbot_yolo11m_4500_imgsz1600_b1_2024-01-18.pt,0.699857116,,accionSauro,Panama/Hoya_1004m_accionSauro_2025-01-26/2025-01-27/patches/accionSauro_2025_01_27__19_38_06_HDR0_3_Mothbot_yolo11m_4500_imgsz1600_b1_2024-01-18.pt.jpg,ORDER_Diptera,27-01-25,19:38:06,,2025_01_27__19_38_06,MachineObservation,Panama_Hoya_1004m_accionSauro_2025-01-26_2025-01-27,Panama_Hoya_1004m_accionSauro_2025-01-26_2025-01-27,accionSauro_2025_01_27__19_38_06_HDR0.jpg,accionSauro_2025_01_27__19_38_06_HDR0_3_Mothbot_yolo11m_4500_imgsz1600_b1_2024-01-18.pt.jpg
doi.org10.15468dl.6nxkw6.csv,Animalia,Arthropoda,Insecta,Hemiptera,,,,,809,,Hemiptera,Hemiptera,Panama_Hoya_1004m_accionSauro_2025-01-26,accionSauro_2025_01_27__19_38_06_HDR0_4_Mothbot_yolo11m_4500_imgsz1600_b1_2024-01-18.pt.jpg,HS,Mothbot_yolo11m_4500_imgsz1600_b1_2024-01-18.pt,0.667708218,,accionSauro,Panama/Hoya_1004m_accionSauro_2025-01-26/2025-01-27/patches/accionSauro_2025_01_27__19_38_06_HDR0_4_Mothbot_yolo11m_4500_imgsz1600_b1_2024-01-18.pt.jpg,ORDER_Coleoptera,27-01-25,19:38:06,,2025_01_27__19_38_06,MachineObservation,Panama_Hoya_1004m_accionSauro_2025-01-26_2025-01-27,Panama_Hoya_1004m_accionSauro_2025-01-26_2025-01-27,accionSauro_2025_01_27__19_38_06_HDR0.jpg,accionSauro_2025_01_27__19_38_06_HDR0_4_Mothbot_yolo11m_4500_imgsz1600_b1_2024-01-18.pt.jpg
,Animalia,Arthropoda,Insecta,Diptera,,,,,,,Diptera,Diptera,Panama_Hoya_1004m_accionSauro_2025-01-26,accionSauro_2025_01_27__19_38_06_HDR0_5_Mothbot_yolo11m_4500_imgsz1600_b1_2024-01-18.pt.jpg,HS,Mothbot_yolo11m_4500_imgsz1600_b1_2024-01-18.pt,0.64801383,,accionSauro,Panama/Hoya_1004m_accionSauro_2025-01-26/2025-01-27/patches/accionSauro_2025_01_27__19_38_06_HDR0_5_Mothbot_yolo11m_4500_imgsz1600_b1_2024-01-18.pt.jpg,ORDER_Diptera,27-01-25,19:38:06,,2025_01_27__19_38_06,MachineObservation,Panama_Hoya_1004m_accionSauro_2025-01-26_2025-01-27,Panama_Hoya_1004m_accionSauro_2025-01-26_2025-01-27,accionSauro_2025_01_27__19_38_06_HDR0.jpg,accionSauro_2025_01_27__19_38_06_HDR0_5_Mothbot_yolo11m_4500_imgsz1600_b1_2024-01-18.pt.jpg
,,,,,,,,,,,,ERROR,Panama_Hoya_1004m_accionSauro_2025-01-26,accionSauro_2025_01_27__19_38_06_HDR0_6_Mothbot_yolo11m_4500_imgsz1600_b1_2024-01-18.pt.jpg,HS,Mothbot_yolo11m_4500_imgsz1600_b1_2024-01-18.pt,0.6146487,,accionSauro,Panama/Hoya_1004m_accionSauro_2025-01-26/2025-01-27/patches/accionSauro_2025_01_27__19_38_06_HDR0_6_Mothbot_yolo11m_4500_imgsz1600_b1_2024-01-18.pt.jpg,ERROR_background,27-01-25,19:38:06,,2025_01_27__19_38_06,MachineObservation,Panama_Hoya_1004m_accionSauro_2025-01-26_2025-01-27,Panama_Hoya_1004m_accionSauro_2025-01-26_2025-01-27,accionSauro_2025_01_27__19_38_06_HDR0.jpg,accionSauro_2025_01_27__19_38_06_HDR0_6_Mothbot_yolo11m_4500_imgsz1600_b1_2024-01-18.pt.jpg
,Animalia,Arthropoda,Insecta,Hemiptera,,,,,,,Hemiptera,Hemiptera,Panama_Hoya_1004m_accionSauro_2025-01-26,accionSauro_2025_01_27__19_38_06_HDR0_7_Mothbot_yolo11m_4500_imgsz1600_b1_2024-01-18.pt.jpg,HS,Mothbot_yolo11m_4500_imgsz1600_b1_2024-01-18.pt,0.531957448,,accionSauro,Panama/Hoya_1004m_accionSauro_2025-01-26/2025-01-27/patches/accionSauro_2025_01_27__19_38_06_HDR0_7_Mothbot_yolo11m_4500_imgsz1600_b1_2024-01-18.pt.jpg,ORDER_Hemiptera,27-01-25,19:38:06,,2025_01_27__19_38_06,MachineObservation,Panama_Hoya_1004m_accionSauro_2025-01-26_2025-01-27,Panama_Hoya_1004m_accionSauro_2025-01-26_2025-01-27,accionSauro_2025_01_27__19_38_06_HDR0.jpg,accionSauro_2025_01_27__19_38_06_HDR0_7_Mothbot_yolo11m_4500_imgsz1600_b1_2024-01-18.pt.jpg
,Animalia,Arthropoda,Insecta,Diptera,,,,,,,Diptera,Diptera,Panama_Hoya_1004m_accionSauro_2025-01-26,accionSauro_2025_01_27__19_38_06_HDR0_8_Mothbot_yolo11m_4500_imgsz1600_b1_2024-01-18.pt.jpg,HS,Mothbot_yolo11m_4500_imgsz1600_b1_2024-01-18.pt,0.524046302,,accionSauro,Panama/Hoya_1004m_accionSauro_2025-01-26/2025-01-27/patches/accionSauro_2025_01_27__19_38_06_HDR0_8_Mothbot_yolo11m_4500_imgsz1600_b1_2024-01-18.pt.jpg,ORDER_Diptera,27-01-25,19:38:06,,2025_01_27__19_38_06,MachineObservation,Panama_Hoya_1004m_accionSauro_2025-01-26_2025-01-27,Panama_Hoya_1004m_accionSauro_2025-01-26_2025-01-27,accionSauro_2025_01_27__19_38_06_HDR0.jpg,accionSauro_2025_01_27__19_38_06_HDR0_8_Mothbot_yolo11m_4500_imgsz1600_b1_2024-01-18.pt.jpg
,Animalia,Arthropoda,Insecta,Diptera,,,,,,,Diptera,Diptera,Panama_Hoya_1004m_accionSauro_2025-01-26,accionSauro_2025_01_27__19_38_06_HDR0_9_Mothbot_yolo11m_4500_imgsz1600_b1_2024-01-18.pt.jpg,HS,Mothbot_yolo11m_4500_imgsz1600_b1_2024-01-18.pt,0.438962668,,accionSauro,Panama/Hoya_1004m_accionSauro_2025-01-26/2025-01-27/patches/accionSauro_2025_01_27__19_38_06_HDR0_9_Mothbot_yolo11m_4500_imgsz1600_b1_2024-01-18.pt.jpg,ORDER_Diptera,27-01-25,19:38:06,,2025_01_27__19_38_06,MachineObservation,Panama_Hoya_1004m_accionSauro_2025-01-26_2025-01-27,Panama_Hoya_1004m_accionSauro_2025-01-26_2025-01-27,accionSauro_2025_01_27__19_38_06_HDR0.jpg,accionSauro_2025_01_27__19_38_06_HDR0_9_Mothbot_yolo11m_4500_imgsz1600_b1_2024-01-18.pt.jpg
,Animalia,Arthropoda,Insecta,Diptera,,,,,,,Diptera,Diptera,Panama_Hoya_1004m_accionSauro_2025-01-26,accionSauro_2025_01_27__19_38_06_HDR0_10_Mothbot_yolo11m_4500_imgsz1600_b1_2024-01-18.pt.jpg,HS,Mothbot_yolo11m_4500_imgsz1600_b1_2024-01-18.pt,0.392929286,,accionSauro,Panama/Hoya_1004m_accionSauro_2025-01-26/2025-01-27/patches/accionSauro_2025_01_27__19_38_06_HDR0_10_Mothbot_yolo11m_4500_imgsz1600_b1_2024-01-18.pt.jpg,ORDER_Diptera,27-01-25,19:38:06,,2025_01_27__19_38_06,MachineObservation,Panama_Hoya_1004m_accionSauro_2025-01-26_2025-01-27,Panama_Hoya_1004m_accionSauro_2025-01-26_2025-01-27,accionSauro_2025_01_27__19_38_06_HDR0.jpg,accionSauro_2025_01_27__19_38_06_HDR0_10_Mothbot_yolo11m_4500_imgsz1600_b1_2024-01-18.pt.jpg
,Animalia,Arthropoda,Insecta,Coleoptera,,,,,,,Coleoptera,Coleoptera,Panama_Hoya_1004m_accionSauro_2025-01-26,accionSauro_2025_01_27__19_38_06_HDR0_11_Mothbot_yolo11m_4500_imgsz1600_b1_2024-01-18.pt.jpg,HS,Mothbot_yolo11m_4500_imgsz1600_b1_2024-01-18.pt,0.361870676,,accionSauro,Panama/Hoya_1004m_accionSauro_2025-01-26/2025-01-27/patches/accionSauro_2025_01_27__19_38_06_HDR0_11_Mothbot_yolo11m_4500_imgsz1600_b1_2024-01-18.pt.jpg,ORDER_Coleoptera,27-01-25,19:38:06,,2025_01_27__19_38_06,MachineObservation,Panama_Hoya_1004m_accionSauro_2025-01-26_2025-01-27,Panama_Hoya_1004m_accionSauro_2025-01-26_2025-01-27,accionSauro_2025_01_27__19_38_06_HDR0.jpg,accionSauro_2025_01_27__19_38_06_HDR0_11_Mothbot_yolo11m_4500_imgsz1600_b1_2024-01-18.pt.jpg
doi.org10.15468dl.6nxkw6.csv,Animalia,Arthropoda,Insecta,Hemiptera,,,,,809,,Hemiptera,Hemiptera,Panama_Hoya_1004m_accionSauro_2025-01-26,accionSauro_2025_01_27__19_39_06_HDR0_0_Mothbot_yolo11m_4500_imgsz1600_b1_2024-01-18.pt.jpg,HS,Mothbot_yolo11m_4500_imgsz1600_b1_2024-01-18.pt,0.771485925,,accionSauro,Panama/Hoya_1004m_accionSauro_2025-01-26/2025-01-27/patches/accionSauro_2025_01_27__19_39_06_HDR0_0_Mothbot_yolo11m_4500_imgsz1600_b1_2024-01-18.pt.jpg,ORDER_Diptera,27-01-25,19:39:06,,2025_01_27__19_39_06,MachineObservation,Panama_Hoya_1004m_accionSauro_2025-01-26_2025-01-27,Panama_Hoya_1004m_accionSauro_2025-01-26_2025-01-27,accionSauro_2025_01_27__19_39_06_HDR0.jpg,accionSauro_2025_01_27__19_39_06_HDR0_0_Mothbot_yolo11m_4500_imgsz1600_b1_2024-01-18.pt.jpg
,Animalia,Arthropoda,Insecta,Hemiptera,,,,,,,Hemiptera,Hemiptera,Panama_Hoya_1004m_accionSauro_2025-01-26,accionSauro_2025_01_27__19_39_06_HDR0_1_Mothbot_yolo11m_4500_imgsz1600_b1_2024-01-18.pt.jpg,HS,Mothbot_yolo11m_4500_imgsz1600_b1_2024-01-18.pt,0.7682181,,accionSauro,Panama/Hoya_1004m_accionSauro_2025-01-26/2025-01-27/patches/accionSauro_2025_01_27__19_39_06_HDR0_1_Mothbot_yolo11m_4500_imgsz1600_b1_2024-01-18.pt.jpg,ORDER_Hemiptera,27-01-25,19:39:06,,2025_01_27__19_39_06,MachineObservation,Panama_Hoya_1004m_accionSauro_2025-01-26_2025-01-27,Panama_Hoya_1004m_accionSauro_2025-01-26_2025-01-27,accionSauro_2025_01_27__19_39_06_HDR0.jpg,accionSauro_2025_01_27__19_39_06_HDR0_1_Mothbot_yolo11m_4500_imgsz1600_b1_2024-01-18.pt.jpg
doi.org10.15468dl.6nxkw6.csv,Animalia,Arthropoda,Insecta,Lepidoptera,Notodontidae,,,,7016,,Notodontidae,Notodontidae,Panama_Hoya_1004m_accionSauro_2025-01-26,accionSauro_2025_01_27__19_39_06_HDR0_2_Mothbot_yolo11m_4500_imgsz1600_b1_2024-01-18.pt.jpg,HS,Mothbot_yolo11m_4500_imgsz1600_b1_2024-01-18.pt,0.765486181,,accionSauro,Panama/Hoya_1004m_accionSauro_2025-01-26/2025-01-27/patches/accionSauro_2025_01_27__19_39_06_HDR0_2_Mothbot_yolo11m_4500_imgsz1600_b1_2024-01-18.pt.jpg,ORDER_Lepidoptera,27-01-25,19:39:06,,2025_01_27__19_39_06,MachineObservation,Panama_Hoya_1004m_accionSauro_2025-01-26_2025-01-27,Panama_Hoya_1004m_accionSauro_2025-01-26_2025-01-27,accionSauro_2025_01_27__19_39_06_HDR0.jpg,accionSauro_2025_01_27__19_39_06_HDR0_2_Mothbot_yolo11m_4500_imgsz1600_b1_2024-01-18.pt.jpg
doi.org10.15468dl.6nxkw6.csv,Animalia,Arthropoda,Insecta,Diptera,,,,,,,Diptera,Diptera,Panama_Hoya_1004m_accionSauro_2025-01-26,accionSauro_2025_01_27__19_39_06_HDR0_3_Mothbot_yolo11m_4500_imgsz1600_b1_2024-01-18.pt.jpg,HS,Mothbot_yolo11m_4500_imgsz1600_b1_2024-01-18.pt,0.73943305,,accionSauro,Panama/Hoya_1004m_accionSauro_2025-01-26/2025-01-27/patches/accionSauro_2025_01_27__19_39_06_HDR0_3_Mothbot_yolo11m_4500_imgsz1600_b1_2024-01-18.pt.jpg,ORDER_Hemiptera,27-01-25,19:39:06,,2025_01_27__19_39_06,MachineObservation,Panama_Hoya_1004m_accionSauro_2025-01-26_2025-01-27,Panama_Hoya_1004m_accionSauro_2025-01-26_2025-01-27,accionSauro_2025_01_27__19_39_06_HDR0.jpg,accionSauro_2025_01_27__19_39_06_HDR0_3_Mothbot_yolo11m_4500_imgsz1600_b1_2024-01-18.pt.jpg
doi.org10.15468dl.6nxkw6.csv,Animalia,Arthropoda,Insecta,Hemiptera,,,,,809,,Hemiptera,Hemiptera,Panama_Hoya_1004m_accionSauro_2025-01-26,accionSauro_2025_01_27__19_39_06_HDR0_4_Mothbot_yolo11m_4500_imgsz1600_b1_2024-01-18.pt.jpg,HS,Mothbot_yolo11m_4500_imgsz1600_b1_2024-01-18.pt,0.731647134,,accionSauro,Panama/Hoya_1004m_accionSauro_2025-01-26/2025-01-27/patches/accionSauro_2025_01_27__19_39_06_HDR0_4_Mothbot_yolo11m_4500_imgsz1600_b1_2024-01-18.pt.jpg,ORDER_Coleoptera,27-01-25,19:39:06,,2025_01_27__19_39_06,MachineObservation,Panama_Hoya_1004m_accionSauro_2025-01-26_2025-01-27,Panama_Hoya_1004m_accionSauro_2025-01-26_2025-01-27,accionSauro_2025_01_27__19_39_06_HDR0.jpg,accionSauro_2025_01_27__19_39_06_HDR0_4_Mothbot_yolo11m_4500_imgsz1600_b1_2024-01-18.pt.jpg
,Animalia,Arthropoda,Insecta,Hemiptera,,,,,,,Hemiptera,Hemiptera,Panama_Hoya_1004m_accionSauro_2025-01-26,accionSauro_2025_01_27__19_39_06_HDR0_5_Mothbot_yolo11m_4500_imgsz1600_b1_2024-01-18.pt.jpg,HS,Mothbot_yolo11m_4500_imgsz1600_b1_2024-01-18.pt,0.693373859,,accionSauro,Panama/Hoya_1004m_accionSauro_2025-01-26/2025-01-27/patches/accionSauro_2025_01_27__19_39_06_HDR0_5_Mothbot_yolo11m_4500_imgsz1600_b1_2024-01-18.pt.jpg,ORDER_Hemiptera,27-01-25,19:39:06,,2025_01_27__19_39_06,MachineObservation,Panama_Hoya_1004m_accionSauro_2025-01-26_2025-01-27,Panama_Hoya_1004m_accionSauro_2025-01-26_2025-01-27,accionSauro_2025_01_27__19_39_06_HDR0.jpg,accionSauro_2025_01_27__19_39_06_HDR0_5_Mothbot_yolo11m_4500_imgsz1600_b1_2024-01-18.pt.jpg
,Animalia,Arthropoda,Insecta,Hemiptera,,,,,,,Hemiptera,Hemiptera,Panama_Hoya_1004m_accionSauro_2025-01-26,accionSauro_2025_01_27__19_39_06_HDR0_6_Mothbot_yolo11m_4500_imgsz1600_b1_2024-01-18.pt.jpg,HS,Mothbot_yolo11m_4500_imgsz1600_b1_2024-01-18.pt,0.673125446,,accionSauro,Panama/Hoya_1004m_accionSauro_2025-01-26/2025-01-27/patches/accionSauro_2025_01_27__19_39_06_HDR0_6_Mothbot_yolo11m_4500_imgsz1600_b1_2024-01-18.pt.jpg,ORDER_Hemiptera,27-01-25,19:39:06,,2025_01_27__19_39_06,MachineObservation,Panama_Hoya_1004m_accionSauro_2025-01-26_2025-01-27,Panama_Hoya_1004m_accionSauro_2025-01-26_2025-01-27,accionSauro_2025_01_27__19_39_06_HDR0.jpg,accionSauro_2025_01_27__19_39_06_HDR0_6_Mothbot_yolo11m_4500_imgsz1600_b1_2024-01-18.pt.jpg
,Animalia,Arthropoda,Insecta,Diptera,,,,,,,Diptera,Diptera,Panama_Hoya_1004m_accionSauro_2025-01-26,accionSauro_2025_01_27__19_39_06_HDR0_7_Mothbot_yolo11m_4500_imgsz1600_b1_2024-01-18.pt.jpg,HS,Mothbot_yolo11m_4500_imgsz1600_b1_2024-01-18.pt,0.651549578,,accionSauro,Panama/Hoya_1004m_accionSauro_2025-01-26/2025-01-27/patches/accionSauro_2025_01_27__19_39_06_HDR0_7_Mothbot_yolo11m_4500_imgsz1600_b1_2024-01-18.pt.jpg,ORDER_Diptera,27-01-25,19:39:06,,2025_01_27__19_39_06,MachineObservation,Panama_Hoya_1004m_accionSauro_2025-01-26_2025-01-27,Panama_Hoya_1004m_accionSauro_2025-01-26_2025-01-27,accionSauro_2025_01_27__19_39_06_HDR0.jpg,accionSauro_2025_01_27__19_39_06_HDR0_7_Mothbot_yolo11m_4500_imgsz1600_b1_2024-01-18.pt.jpg
doi.org10.15468dl.6nxkw6.csv,Animalia,Arthropoda,Insecta,Hemiptera,,,,,809,,Hemiptera,Hemiptera,Panama_Hoya_1004m_accionSauro_2025-01-26,accionSauro_2025_01_27__19_39_06_HDR0_8_Mothbot_yolo11m_4500_imgsz1600_b1_2024-01-18.pt.jpg,HS,Mothbot_yolo11m_4500_imgsz1600_b1_2024-01-18.pt,0.631490648,,accionSauro,Panama/Hoya_1004m_accionSauro_2025-01-26/2025-01-27/patches/accionSauro_2025_01_27__19_39_06_HDR0_8_Mothbot_yolo11m_4500_imgsz1600_b1_2024-01-18.pt.jpg,ORDER_Diptera,27-01-25,19:39:06,,2025_01_27__19_39_06,MachineObservation,Panama_Hoya_1004m_accionSauro_2025-01-26_2025-01-27,Panama_Hoya_1004m_accionSauro_2025-01-26_2025-01-27,accionSauro_2025_01_27__19_39_06_HDR0.jpg,accionSauro_2025_01_27__19_39_06_HDR0_8_Mothbot_yolo11m_4500_imgsz1600_b1_2024-01-18.pt.jpg
doi.org10.15468dl.6nxkw6.csv,Animalia,Arthropoda,Insecta,Hemiptera,,,,,809,,Hemiptera,Hemiptera,Panama_Hoya_1004m_accionSauro_2025-01-26,accionSauro_2025_01_27__19_39_06_HDR0_9_Mothbot_yolo11m_4500_imgsz1600_b1_2024-01-18.pt.jpg,HS,Mothbot_yolo11m_4500_imgsz1600_b1_2024-01-18.pt,0.602646589,,accionSauro,Panama/Hoya_1004m_accionSauro_2025-01-26/2025-01-27/patches/accionSauro_2025_01_27__19_39_06_HDR0_9_Mothbot_yolo11m_4500_imgsz1600_b1_2024-01-18.pt.jpg,ORDER_Diptera,27-01-25,19:39:06,,2025_01_27__19_39_06,MachineObservation,Panama_Hoya_1004m_accionSauro_2025-01-26_2025-01-27,Panama_Hoya_1004m_accionSauro_2025-01-26_2025-01-27,accionSauro_2025_01_27__19_39_06_HDR0.jpg,accionSauro_2025_01_27__19_39_06_HDR0_9_Mothbot_yolo11m_4500_imgsz1600_b1_2024-01-18.pt.jpg
doi.org10.15468dl.6nxkw6.csv,Animalia,Arthropoda,Insecta,Hemiptera,,,,,809,,Hemiptera,Hemiptera,Panama_Hoya_1004m_accionSauro_2025-01-26,accionSauro_2025_01_27__19_39_06_HDR0_10_Mothbot_yolo11m_4500_imgsz1600_b1_2024-01-18.pt.jpg,HS,Mothbot_yolo11m_4500_imgsz1600_b1_2024-01-18.pt,0.572701991,,accionSauro,Panama/Hoya_1004m_accionSauro_2025-01-26/2025-01-27/patches/accionSauro_2025_01_27__19_39_06_HDR0_10_Mothbot_yolo11m_4500_imgsz1600_b1_2024-01-18.pt.jpg,ORDER_Psocodea,27-01-25,19:39:06,,2025_01_27__19_39_06,MachineObservation,Panama_Hoya_1004m_accionSauro_2025-01-26_2025-01-27,Panama_Hoya_1004m_accionSauro_2025-01-26_2025-01-27,accionSauro_2025_01_27__19_39_06_HDR0.jpg,accionSauro_2025_01_27__19_39_06_HDR0_10_Mothbot_yolo11m_4500_imgsz1600_b1_2024-01-18.pt.jpg
doi.org10.15468dl.6nxkw6.csv,Animalia,Arthropoda,Insecta,,,,,,216,,Insecta,Insecta,Panama_Hoya_1004m_accionSauro_2025-01-26,accionSauro_2025_01_27__19_39_06_HDR0_11_Mothbot_yolo11m_4500_imgsz1600_b1_2024-01-18.pt.jpg,HS,Mothbot_yolo11m_4500_imgsz1600_b1_2024-01-18.pt,0.37774843,,accionSauro,Panama/Hoya_1004m_accionSauro_2025-01-26/2025-01-27/patches/accionSauro_2025_01_27__19_39_06_HDR0_11_Mothbot_yolo11m_4500_imgsz1600_b1_2024-01-18.pt.jpg,ORDER_Psocodea,27-01-25,19:39:06,,2025_01_27__19_39_06,MachineObservation,Panama_Hoya_1004m_accionSauro_2025-01-26_2025-01-27,Panama_Hoya_1004m_accionSauro_2025-01-26_2025-01-27,accionSauro_2025_01_27__19_39_06_HDR0.jpg,accionSauro_2025_01_27__19_39_06_HDR0_11_Mothbot_yolo11m_4500_imgsz1600_b1_2024-01-18.pt.jpg
,Animalia,Arthropoda,Insecta,Hemiptera,,,,,,,Hemiptera,Hemiptera,Panama_Hoya_1004m_accionSauro_2025-01-26,accionSauro_2025_01_27__19_40_06_HDR0_0_Mothbot_yolo11m_4500_imgsz1600_b1_2024-01-18.pt.jpg,HS,Mothbot_yolo11m_4500_imgsz1600_b1_2024-01-18.pt,0.810788691,,accionSauro,Panama/Hoya_1004m_accionSauro_2025-01-26/2025-01-27/patches/accionSauro_2025_01_27__19_40_06_HDR0_0_Mothbot_yolo11m_4500_imgsz1600_b1_2024-01-18.pt.jpg,ORDER_Hemiptera,27-01-25,19:40:06,,2025_01_27__19_40_06,MachineObservation,Panama_Hoya_1004m_accionSauro_2025-01-26_2025-01-27,Panama_Hoya_1004m_accionSauro_2025-01-26_2025-01-27,accionSauro_2025_01_27__19_40_06_HDR0.jpg,accionSauro_2025_01_27__19_40_06_HDR0_0_Mothbot_yolo11m_4500_imgsz1600_b1_2024-01-18.pt.jpg
,Animalia,Arthropoda,Insecta,Hemiptera,,,,,,,Hemiptera,Hemiptera,Panama_Hoya_1004m_accionSauro_2025-01-26,accionSauro_2025_01_27__19_40_06_HDR0_1_Mothbot_yolo11m_4500_imgsz1600_b1_2024-01-18.pt.jpg,HS,Mothbot_yolo11m_4500_imgsz1600_b1_2024-01-18.pt,0.765997708,,accionSauro,Panama/Hoya_1004m_accionSauro_2025-01-26/2025-01-27/patches/accionSauro_2025_01_27__19_40_06_HDR0_1_Mothbot_yolo11m_4500_imgsz1600_b1_2024-01-18.pt.jpg,ORDER_Hemiptera,27-01-25,19:40:06,,2025_01_27__19_40_06,MachineObservation,Panama_Hoya_1004m_accionSauro_2025-01-26_2025-01-27,Panama_Hoya_1004m_accionSauro_2025-01-26_2025-01-27,accionSauro_2025_01_27__19_40_06_HDR0.jpg,accionSauro_2025_01_27__19_40_06_HDR0_1_Mothbot_yolo11m_4500_imgsz1600_b1_2024-01-18.pt.jpg
doi.org10.15468dl.6nxkw6.csv,Animalia,Arthropoda,Insecta,Lepidoptera,Notodontidae,,,,7016,,Notodontidae,Notodontidae,Panama_Hoya_1004m_accionSauro_2025-01-26,accionSauro_2025_01_27__19_40_06_HDR0_2_Mothbot_yolo11m_4500_imgsz1600_b1_2024-01-18.pt.jpg,HS,Mothbot_yolo11m_4500_imgsz1600_b1_2024-01-18.pt,0.761450112,,accionSauro,Panama/Hoya_1004m_accionSauro_2025-01-26/2025-01-27/patches/accionSauro_2025_01_27__19_40_06_HDR0_2_Mothbot_yolo11m_4500_imgsz1600_b1_2024-01-18.pt.jpg,ORDER_Lepidoptera,27-01-25,19:40:06,,2025_01_27__19_40_06,MachineObservation,Panama_Hoya_1004m_accionSauro_2025-01-26_2025-01-27,Panama_Hoya_1004m_accionSauro_2025-01-26_2025-01-27,accionSauro_2025_01_27__19_40_06_HDR0.jpg,accionSauro_2025_01_27__19_40_06_HDR0_2_Mothbot_yolo11m_4500_imgsz1600_b1_2024-01-18.pt.jpg
,Animalia,Arthropoda,Insecta,Hemiptera,,,,,,,Hemiptera,Hemiptera,Panama_Hoya_1004m_accionSauro_2025-01-26,accionSauro_2025_01_27__19_40_06_HDR0_3_Mothbot_yolo11m_4500_imgsz1600_b1_2024-01-18.pt.jpg,HS,Mothbot_yolo11m_4500_imgsz1600_b1_2024-01-18.pt,0.755660057,,accionSauro,Panama/Hoya_1004m_accionSauro_2025-01-26/2025-01-27/patches/accionSauro_2025_01_27__19_40_06_HDR0_3_Mothbot_yolo11m_4500_imgsz1600_b1_2024-01-18.pt.jpg,ORDER_Hemiptera,27-01-25,19:40:06,,2025_01_27__19_40_06,MachineObservation,Panama_Hoya_1004m_accionSauro_2025-01-26_2025-01-27,Panama_Hoya_1004m_accionSauro_2025-01-26_2025-01-27,accionSauro_2025_01_27__19_40_06_HDR0.jpg,accionSauro_2025_01_27__19_40_06_HDR0_3_Mothbot_yolo11m_4500_imgsz1600_b1_2024-01-18.pt.jpg
doi.org10.15468dl.6nxkw6.csv,Animalia,Arthropoda,Insecta,Hemiptera,,,,,809,,Hemiptera,Hemiptera,Panama_Hoya_1004m_accionSauro_2025-01-26,accionSauro_2025_01_27__19_40_06_HDR0_4_Mothbot_yolo11m_4500_imgsz1600_b1_2024-01-18.pt.jpg,HS,Mothbot_yolo11m_4500_imgsz1600_b1_2024-01-18.pt,0.747352421,,accionSauro,Panama/Hoya_1004m_accionSauro_2025-01-26/2025-01-27/patches/accionSauro_2025_01_27__19_40_06_HDR0_4_Mothbot_yolo11m_4500_imgsz1600_b1_2024-01-18.pt.jpg,ORDER_Psocodea,27-01-25,19:40:06,,2025_01_27__19_40_06,MachineObservation,Panama_Hoya_1004m_accionSauro_2025-01-26_2025-01-27,Panama_Hoya_1004m_accionSauro_2025-01-26_2025-01-27,accionSauro_2025_01_27__19_40_06_HDR0.jpg,accionSauro_2025_01_27__19_40_06_HDR0_4_Mothbot_yolo11m_4500_imgsz1600_b1_2024-01-18.pt.jpg
doi.org10.15468dl.6nxkw6.csv,Animalia,Arthropoda,Insecta,Hemiptera,,,,,809,,Hemiptera,Hemiptera,Panama_Hoya_1004m_accionSauro_2025-01-26,accionSauro_2025_01_27__19_40_06_HDR0_5_Mothbot_yolo11m_4500_imgsz1600_b1_2024-01-18.pt.jpg,HS,Mothbot_yolo11m_4500_imgsz1600_b1_2024-01-18.pt,0.681317806,,accionSauro,Panama/Hoya_1004m_accionSauro_2025-01-26/2025-01-27/patches/accionSauro_2025_01_27__19_40_06_HDR0_5_Mothbot_yolo11m_4500_imgsz1600_b1_2024-01-18.pt.jpg,ORDER_Diptera,27-01-25,19:40:06,,2025_01_27__19_40_06,MachineObservation,Panama_Hoya_1004m_accionSauro_2025-01-26_2025-01-27,Panama_Hoya_1004m_accionSauro_2025-01-26_2025-01-27,accionSauro_2025_01_27__19_40_06_HDR0.jpg,accionSauro_2025_01_27__19_40_06_HDR0_5_Mothbot_yolo11m_4500_imgsz1600_b1_2024-01-18.pt.jpg
doi.org10.15468dl.6nxkw6.csv,Animalia,Arthropoda,Insecta,Diptera,,,,,811,,Diptera,Diptera,Panama_Hoya_1004m_accionSauro_2025-01-26,accionSauro_2025_01_27__19_40_06_HDR0_6_Mothbot_yolo11m_4500_imgsz1600_b1_2024-01-18.pt.jpg,HS,Mothbot_yolo11m_4500_imgsz1600_b1_2024-01-18.pt,0.63722527,,accionSauro,Panama/Hoya_1004m_accionSauro_2025-01-26/2025-01-27/patches/accionSauro_2025_01_27__19_40_06_HDR0_6_Mothbot_yolo11m_4500_imgsz1600_b1_2024-01-18.pt.jpg,ORDER_Coleoptera,27-01-25,19:40:06,,2025_01_27__19_40_06,MachineObservation,Panama_Hoya_1004m_accionSauro_2025-01-26_2025-01-27,Panama_Hoya_1004m_accionSauro_2025-01-26_2025-01-27,accionSauro_2025_01_27__19_40_06_HDR0.jpg,accionSauro_2025_01_27__19_40_06_HDR0_6_Mothbot_yolo11m_4500_imgsz1600_b1_2024-01-18.pt.jpg
,Animalia,Arthropoda,Insecta,Hemiptera,,,,,,,Hemiptera,Hemiptera,Panama_Hoya_1004m_accionSauro_2025-01-26,accionSauro_2025_01_27__19_40_06_HDR0_7_Mothbot_yolo11m_4500_imgsz1600_b1_2024-01-18.pt.jpg,HS,Mothbot_yolo11m_4500_imgsz1600_b1_2024-01-18.pt,0.611576259,,accionSauro,Panama/Hoya_1004m_accionSauro_2025-01-26/2025-01-27/patches/accionSauro_2025_01_27__19_40_06_HDR0_7_Mothbot_yolo11m_4500_imgsz1600_b1_2024-01-18.pt.jpg,ORDER_Hemiptera,27-01-25,19:40:06,,2025_01_27__19_40_06,MachineObservation,Panama_Hoya_1004m_accionSauro_2025-01-26_2025-01-27,Panama_Hoya_1004m_accionSauro_2025-01-26_2025-01-27,accionSauro_2025_01_27__19_40_06_HDR0.jpg,accionSauro_2025_01_27__19_40_06_HDR0_7_Mothbot_yolo11m_4500_imgsz1600_b1_2024-01-18.pt.jpg
doi.org10.15468dl.6nxkw6.csv,Animalia,Arthropoda,Insecta,Diptera,,,,,,,Diptera,Diptera,Panama_Hoya_1004m_accionSauro_2025-01-26,accionSauro_2025_01_27__19_40_06_HDR0_8_Mothbot_yolo11m_4500_imgsz1600_b1_2024-01-18.pt.jpg,HS,Mothbot_yolo11m_4500_imgsz1600_b1_2024-01-18.pt,0.61021781,,accionSauro,Panama/Hoya_1004m_accionSauro_2025-01-26/2025-01-27/patches/accionSauro_2025_01_27__19_40_06_HDR0_8_Mothbot_yolo11m_4500_imgsz1600_b1_2024-01-18.pt.jpg,ORDER_Hemiptera,27-01-25,19:40:06,,2025_01_27__19_40_06,MachineObservation,Panama_Hoya_1004m_accionSauro_2025-01-26_2025-01-27,Panama_Hoya_1004m_accionSauro_2025-01-26_2025-01-27,accionSauro_2025_01_27__19_40_06_HDR0.jpg,accionSauro_2025_01_27__19_40_06_HDR0_8_Mothbot_yolo11m_4500_imgsz1600_b1_2024-01-18.pt.jpg
doi.org10.15468dl.6nxkw6.csv,Animalia,Arthropoda,Insecta,Hemiptera,,,,,809,,Hemiptera,Hemiptera,Panama_Hoya_1004m_accionSauro_2025-01-26,accionSauro_2025_01_27__19_40_06_HDR0_9_Mothbot_yolo11m_4500_imgsz1600_b1_2024-01-18.pt.jpg,HS,Mothbot_yolo11m_4500_imgsz1600_b1_2024-01-18.pt,0.557438076,,accionSauro,Panama/Hoya_1004m_accionSauro_2025-01-26/2025-01-27/patches/accionSauro_2025_01_27__19_40_06_HDR0_9_Mothbot_yolo11m_4500_imgsz1600_b1_2024-01-18.pt.jpg,ORDER_Psocodea,27-01-25,19:40:06,,2025_01_27__19_40_06,MachineObservation,Panama_Hoya_1004m_accionSauro_2025-01-26_2025-01-27,Panama_Hoya_1004m_accionSauro_2025-01-26_2025-01-27,accionSauro_2025_01_27__19_40_06_HDR0.jpg,accionSauro_2025_01_27__19_40_06_HDR0_9_Mothbot_yolo11m_4500_imgsz1600_b1_2024-01-18.pt.jpg
,Animalia,Arthropoda,Insecta,Diptera,,,,,,,Diptera,Diptera,Panama_Hoya_1004m_accionSauro_2025-01-26,accionSauro_2025_01_27__19_40_06_HDR0_10_Mothbot_yolo11m_4500_imgsz1600_b1_2024-01-18.pt.jpg,HS,Mothbot_yolo11m_4500_imgsz1600_b1_2024-01-18.pt,0.517492652,,accionSauro,Panama/Hoya_1004m_accionSauro_2025-01-26/2025-01-27/patches/accionSauro_2025_01_27__19_40_06_HDR0_10_Mothbot_yolo11m_4500_imgsz1600_b1_2024-01-18.pt.jpg,ORDER_Diptera,27-01-25,19:40:06,,2025_01_27__19_40_06,MachineObservation,Panama_Hoya_1004m_accionSauro_2025-01-26_2025-01-27,Panama_Hoya_1004m_accionSauro_2025-01-26_2025-01-27,accionSauro_2025_01_27__19_40_06_HDR0.jpg,accionSauro_2025_01_27__19_40_06_HDR0_10_Mothbot_yolo11m_4500_imgsz1600_b1_2024-01-18.pt.jpg
,Animalia,Arthropoda,Insecta,Diptera,,,,,,,Diptera,Diptera,Panama_Hoya_1004m_accionSauro_2025-01-26,accionSauro_2025_01_27__19_40_06_HDR0_11_Mothbot_yolo11m_4500_imgsz1600_b1_2024-01-18.pt.jpg,HS,Mothbot_yolo11m_4500_imgsz1600_b1_2024-01-18.pt,0.452528626,,accionSauro,Panama/Hoya_1004m_accionSauro_2025-01-26/2025-01-27/patches/accionSauro_2025_01_27__19_40_06_HDR0_11_Mothbot_yolo11m_4500_imgsz1600_b1_2024-01-18.pt.jpg,ORDER_Diptera,27-01-25,19:40:06,,2025_01_27__19_40_06,MachineObservation,Panama_Hoya_1004m_accionSauro_2025-01-26_2025-01-27,Panama_Hoya_1004m_accionSauro_2025-01-26_2025-01-27,accionSauro_2025_01_27__19_40_06_HDR0.jpg,accionSauro_2025_01_27__19_40_06_HDR0_11_Mothbot_yolo11m_4500_imgsz1600_b1_2024-01-18.pt.jpg
,Animalia,Arthropoda,Insecta,Diptera,,,,,,,Diptera,Diptera,Panama_Hoya_1004m_accionSauro_2025-01-26,accionSauro_2025_01_27__19_40_06_HDR0_12_Mothbot_yolo11m_4500_imgsz1600_b1_2024-01-18.pt.jpg,HS,Mothbot_yolo11m_4500_imgsz1600_b1_2024-01-18.pt,0.425083548,,accionSauro,Panama/Hoya_1004m_accionSauro_2025-01-26/2025-01-27/patches/accionSauro_2025_01_27__19_40_06_HDR0_12_Mothbot_yolo11m_4500_imgsz1600_b1_2024-01-18.pt.jpg,ORDER_Diptera,27-01-25,19:40:06,,2025_01_27__19_40_06,MachineObservation,Panama_Hoya_1004m_accionSauro_2025-01-26_2025-01-27,Panama_Hoya_1004m_accionSauro_2025-01-26_2025-01-27,accionSauro_2025_01_27__19_40_06_HDR0.jpg,accionSauro_2025_01_27__19_40_06_HDR0_12_Mothbot_yolo11m_4500_imgsz1600_b1_2024-01-18.pt.jpg
doi.org10.15468dl.6nxkw6.csv,Animalia,Arthropoda,Insecta,Lepidoptera,,,,,797,,Lepidoptera,Lepidoptera,Panama_Hoya_1004m_accionSauro_2025-01-26,accionSauro_2025_01_27__19_41_06_HDR0_0_Mothbot_yolo11m_4500_imgsz1600_b1_2024-01-18.pt.jpg,HS,Mothbot_yolo11m_4500_imgsz1600_b1_2024-01-18.pt,0.814433575,,accionSauro,Panama/Hoya_1004m_accionSauro_2025-01-26/2025-01-27/patches/accionSauro_2025_01_27__19_41_06_HDR0_0_Mothbot_yolo11m_4500_imgsz1600_b1_2024-01-18.pt.jpg,ORDER_Psocodea,27-01-25,19:41:06,,2025_01_27__19_41_06,MachineObservation,Panama_Hoya_1004m_accionSauro_2025-01-26_2025-01-27,Panama_Hoya_1004m_accionSauro_2025-01-26_2025-01-27,accionSauro_2025_01_27__19_41_06_HDR0.jpg,accionSauro_2025_01_27__19_41_06_HDR0_0_Mothbot_yolo11m_4500_imgsz1600_b1_2024-01-18.pt.jpg
,Animalia,Arthropoda,Insecta,Diptera,,,,,,,Diptera,Diptera,Panama_Hoya_1004m_accionSauro_2025-01-26,accionSauro_2025_01_27__19_41_06_HDR0_1_Mothbot_yolo11m_4500_imgsz1600_b1_2024-01-18.pt.jpg,HS,Mothbot_yolo11m_4500_imgsz1600_b1_2024-01-18.pt,0.795693457,,accionSauro,Panama/Hoya_1004m_accionSauro_2025-01-26/2025-01-27/patches/accionSauro_2025_01_27__19_41_06_HDR0_1_Mothbot_yolo11m_4500_imgsz1600_b1_2024-01-18.pt.jpg,ORDER_Diptera,27-01-25,19:41:06,,2025_01_27__19_41_06,MachineObservation,Panama_Hoya_1004m_accionSauro_2025-01-26_2025-01-27,Panama_Hoya_1004m_accionSauro_2025-01-26_2025-01-27,accionSauro_2025_01_27__19_41_06_HDR0.jpg,accionSauro_2025_01_27__19_41_06_HDR0_1_Mothbot_yolo11m_4500_imgsz1600_b1_2024-01-18.pt.jpg
,Animalia,Arthropoda,Insecta,Hemiptera,,,,,,,Hemiptera,Hemiptera,Panama_Hoya_1004m_accionSauro_2025-01-26,accionSauro_2025_01_27__19_41_06_HDR0_2_Mothbot_yolo11m_4500_imgsz1600_b1_2024-01-18.pt.jpg,HS,Mothbot_yolo11m_4500_imgsz1600_b1_2024-01-18.pt,0.755467713,,accionSauro,Panama/Hoya_1004m_accionSauro_2025-01-26/2025-01-27/patches/accionSauro_2025_01_27__19_41_06_HDR0_2_Mothbot_yolo11m_4500_imgsz1600_b1_2024-01-18.pt.jpg,ORDER_Hemiptera,27-01-25,19:41:06,,2025_01_27__19_41_06,MachineObservation,Panama_Hoya_1004m_accionSauro_2025-01-26_2025-01-27,Panama_Hoya_1004m_accionSauro_2025-01-26_2025-01-27,accionSauro_2025_01_27__19_41_06_HDR0.jpg,accionSauro_2025_01_27__19_41_06_HDR0_2_Mothbot_yolo11m_4500_imgsz1600_b1_2024-01-18.pt.jpg
,Animalia,Arthropoda,Insecta,Hemiptera,,,,,,,Hemiptera,Hemiptera,Panama_Hoya_1004m_accionSauro_2025-01-26,accionSauro_2025_01_27__19_41_06_HDR0_3_Mothbot_yolo11m_4500_imgsz1600_b1_2024-01-18.pt.jpg,HS,Mothbot_yolo11m_4500_imgsz1600_b1_2024-01-18.pt,0.74641943,,accionSauro,Panama/Hoya_1004m_accionSauro_2025-01-26/2025-01-27/patches/accionSauro_2025_01_27__19_41_06_HDR0_3_Mothbot_yolo11m_4500_imgsz1600_b1_2024-01-18.pt.jpg,ORDER_Hemiptera,27-01-25,19:41:06,,2025_01_27__19_41_06,MachineObservation,Panama_Hoya_1004m_accionSauro_2025-01-26_2025-01-27,Panama_Hoya_1004m_accionSauro_2025-01-26_2025-01-27,accionSauro_2025_01_27__19_41_06_HDR0.jpg,accionSauro_2025_01_27__19_41_06_HDR0_3_Mothbot_yolo11m_4500_imgsz1600_b1_2024-01-18.pt.jpg
,Animalia,Arthropoda,Insecta,Lepidoptera,,,,,,,Lepidoptera,Lepidoptera,Panama_Hoya_1004m_accionSauro_2025-01-26,accionSauro_2025_01_27__19_41_06_HDR0_4_Mothbot_yolo11m_4500_imgsz1600_b1_2024-01-18.pt.jpg,HS,Mothbot_yolo11m_4500_imgsz1600_b1_2024-01-18.pt,0.718804896,,accionSauro,Panama/Hoya_1004m_accionSauro_2025-01-26/2025-01-27/patches/accionSauro_2025_01_27__19_41_06_HDR0_4_Mothbot_yolo11m_4500_imgsz1600_b1_2024-01-18.pt.jpg,ORDER_Lepidoptera,27-01-25,19:41:06,,2025_01_27__19_41_06,MachineObservation,Panama_Hoya_1004m_accionSauro_2025-01-26_2025-01-27,Panama_Hoya_1004m_accionSauro_2025-01-26_2025-01-27,accionSauro_2025_01_27__19_41_06_HDR0.jpg,accionSauro_2025_01_27__19_41_06_HDR0_4_Mothbot_yolo11m_4500_imgsz1600_b1_2024-01-18.pt.jpg
doi.org10.15468dl.6nxkw6.csv,Animalia,Arthropoda,Insecta,Lepidoptera,Notodontidae,,,,7016,,Notodontidae,Notodontidae,Panama_Hoya_1004m_accionSauro_2025-01-26,accionSauro_2025_01_27__19_41_06_HDR0_5_Mothbot_yolo11m_4500_imgsz1600_b1_2024-01-18.pt.jpg,HS,Mothbot_yolo11m_4500_imgsz1600_b1_2024-01-18.pt,0.701784134,,accionSauro,Panama/Hoya_1004m_accionSauro_2025-01-26/2025-01-27/patches/accionSauro_2025_01_27__19_41_06_HDR0_5_Mothbot_yolo11m_4500_imgsz1600_b1_2024-01-18.pt.jpg,ORDER_Psocodea,27-01-25,19:41:06,,2025_01_27__19_41_06,MachineObservation,Panama_Hoya_1004m_accionSauro_2025-01-26_2025-01-27,Panama_Hoya_1004m_accionSauro_2025-01-26_2025-01-27,accionSauro_2025_01_27__19_41_06_HDR0.jpg,accionSauro_2025_01_27__19_41_06_HDR0_5_Mothbot_yolo11m_4500_imgsz1600_b1_2024-01-18.pt.jpg
,Animalia,Arthropoda,Insecta,Diptera,,,,,,,Diptera,Diptera,Panama_Hoya_1004m_accionSauro_2025-01-26,accionSauro_2025_01_27__19_41_06_HDR0_6_Mothbot_yolo11m_4500_imgsz1600_b1_2024-01-18.pt.jpg,HS,Mothbot_yolo11m_4500_imgsz1600_b1_2024-01-18.pt,0.688241959,,accionSauro,Panama/Hoya_1004m_accionSauro_2025-01-26/2025-01-27/patches/accionSauro_2025_01_27__19_41_06_HDR0_6_Mothbot_yolo11m_4500_imgsz1600_b1_2024-01-18.pt.jpg,ORDER_Diptera,27-01-25,19:41:06,,2025_01_27__19_41_06,MachineObservation,Panama_Hoya_1004m_accionSauro_2025-01-26_2025-01-27,Panama_Hoya_1004m_accionSauro_2025-01-26_2025-01-27,accionSauro_2025_01_27__19_41_06_HDR0.jpg,accionSauro_2025_01_27__19_41_06_HDR0_6_Mothbot_yolo11m_4500_imgsz1600_b1_2024-01-18.pt.jpg
doi.org10.15468dl.6nxkw6.csv,Animalia,Arthropoda,Insecta,Diptera,,,,,,,Diptera,Diptera,Panama_Hoya_1004m_accionSauro_2025-01-26,accionSauro_2025_01_27__19_41_06_HDR0_7_Mothbot_yolo11m_4500_imgsz1600_b1_2024-01-18.pt.jpg,HS,Mothbot_yolo11m_4500_imgsz1600_b1_2024-01-18.pt,0.682960212,,accionSauro,Panama/Hoya_1004m_accionSauro_2025-01-26/2025-01-27/patches/accionSauro_2025_01_27__19_41_06_HDR0_7_Mothbot_yolo11m_4500_imgsz1600_b1_2024-01-18.pt.jpg,ORDER_Hemiptera,27-01-25,19:41:06,,2025_01_27__19_41_06,MachineObservation,Panama_Hoya_1004m_accionSauro_2025-01-26_2025-01-27,Panama_Hoya_1004m_accionSauro_2025-01-26_2025-01-27,accionSauro_2025_01_27__19_41_06_HDR0.jpg,accionSauro_2025_01_27__19_41_06_HDR0_7_Mothbot_yolo11m_4500_imgsz1600_b1_2024-01-18.pt.jpg
doi.org10.15468dl.6nxkw6.csv,Animalia,Arthropoda,Insecta,Hemiptera,,,,,809,,Hemiptera,Hemiptera,Panama_Hoya_1004m_accionSauro_2025-01-26,accionSauro_2025_01_27__19_41_06_HDR0_8_Mothbot_yolo11m_4500_imgsz1600_b1_2024-01-18.pt.jpg,HS,Mothbot_yolo11m_4500_imgsz1600_b1_2024-01-18.pt,0.673651397,,accionSauro,Panama/Hoya_1004m_accionSauro_2025-01-26/2025-01-27/patches/accionSauro_2025_01_27__19_41_06_HDR0_8_Mothbot_yolo11m_4500_imgsz1600_b1_2024-01-18.pt.jpg,ORDER_Diptera,27-01-25,19:41:06,,2025_01_27__19_41_06,MachineObservation,Panama_Hoya_1004m_accionSauro_2025-01-26_2025-01-27,Panama_Hoya_1004m_accionSauro_2025-01-26_2025-01-27,accionSauro_2025_01_27__19_41_06_HDR0.jpg,accionSauro_2025_01_27__19_41_06_HDR0_8_Mothbot_yolo11m_4500_imgsz1600_b1_2024-01-18.pt.jpg
,Animalia,Arthropoda,Insecta,Hemiptera,,,,,,,Hemiptera,Hemiptera,Panama_Hoya_1004m_accionSauro_2025-01-26,accionSauro_2025_01_27__19_41_06_HDR0_9_Mothbot_yolo11m_4500_imgsz1600_b1_2024-01-18.pt.jpg,HS,Mothbot_yolo11m_4500_imgsz1600_b1_2024-01-18.pt,0.647049785,,accionSauro,Panama/Hoya_1004m_accionSauro_2025-01-26/2025-01-27/patches/accionSauro_2025_01_27__19_41_06_HDR0_9_Mothbot_yolo11m_4500_imgsz1600_b1_2024-01-18.pt.jpg,ORDER_Hemiptera,27-01-25,19:41:06,,2025_01_27__19_41_06,MachineObservation,Panama_Hoya_1004m_accionSauro_2025-01-26_2025-01-27,Panama_Hoya_1004m_accionSauro_2025-01-26_2025-01-27,accionSauro_2025_01_27__19_41_06_HDR0.jpg,accionSauro_2025_01_27__19_41_06_HDR0_9_Mothbot_yolo11m_4500_imgsz1600_b1_2024-01-18.pt.jpg
,Animalia,Arthropoda,Insecta,Diptera,,,,,,,Diptera,Diptera,Panama_Hoya_1004m_accionSauro_2025-01-26,accionSauro_2025_01_27__19_41_06_HDR0_10_Mothbot_yolo11m_4500_imgsz1600_b1_2024-01-18.pt.jpg,HS,Mothbot_yolo11m_4500_imgsz1600_b1_2024-01-18.pt,0.644409359,,accionSauro,Panama/Hoya_1004m_accionSauro_2025-01-26/2025-01-27/patches/accionSauro_2025_01_27__19_41_06_HDR0_10_Mothbot_yolo11m_4500_imgsz1600_b1_2024-01-18.pt.jpg,ORDER_Diptera,27-01-25,19:41:06,,2025_01_27__19_41_06,MachineObservation,Panama_Hoya_1004m_accionSauro_2025-01-26_2025-01-27,Panama_Hoya_1004m_accionSauro_2025-01-26_2025-01-27,accionSauro_2025_01_27__19_41_06_HDR0.jpg,accionSauro_2025_01_27__19_41_06_HDR0_10_Mothbot_yolo11m_4500_imgsz1600_b1_2024-01-18.pt.jpg
,Animalia,Arthropoda,Insecta,Hemiptera,,,,,,,Hemiptera,Hemiptera,Panama_Hoya_1004m_accionSauro_2025-01-26,accionSauro_2025_01_27__19_41_06_HDR0_11_Mothbot_yolo11m_4500_imgsz1600_b1_2024-01-18.pt.jpg,HS,Mothbot_yolo11m_4500_imgsz1600_b1_2024-01-18.pt,0.644267499,,accionSauro,Panama/Hoya_1004m_accionSauro_2025-01-26/2025-01-27/patches/accionSauro_2025_01_27__19_41_06_HDR0_11_Mothbot_yolo11m_4500_imgsz1600_b1_2024-01-18.pt.jpg,ORDER_Hemiptera,27-01-25,19:41:06,,2025_01_27__19_41_06,MachineObservation,Panama_Hoya_1004m_accionSauro_2025-01-26_2025-01-27,Panama_Hoya_1004m_accionSauro_2025-01-26_2025-01-27,accionSauro_2025_01_27__19_41_06_HDR0.jpg,accionSauro_2025_01_27__19_41_06_HDR0_11_Mothbot_yolo11m_4500_imgsz1600_b1_2024-01-18.pt.jpg
,Animalia,Arthropoda,Insecta,Diptera,,,,,,,Diptera,Diptera,Panama_Hoya_1004m_accionSauro_2025-01-26,accionSauro_2025_01_27__19_41_06_HDR0_12_Mothbot_yolo11m_4500_imgsz1600_b1_2024-01-18.pt.jpg,HS,Mothbot_yolo11m_4500_imgsz1600_b1_2024-01-18.pt,0.630028963,,accionSauro,Panama/Hoya_1004m_accionSauro_2025-01-26/2025-01-27/patches/accionSauro_2025_01_27__19_41_06_HDR0_12_Mothbot_yolo11m_4500_imgsz1600_b1_2024-01-18.pt.jpg,ORDER_Diptera,27-01-25,19:41:06,,2025_01_27__19_41_06,MachineObservation,Panama_Hoya_1004m_accionSauro_2025-01-26_2025-01-27,Panama_Hoya_1004m_accionSauro_2025-01-26_2025-01-27,accionSauro_2025_01_27__19_41_06_HDR0.jpg,accionSauro_2025_01_27__19_41_06_HDR0_12_Mothbot_yolo11m_4500_imgsz1600_b1_2024-01-18.pt.jpg
,Animalia,Arthropoda,Insecta,Hemiptera,,,,,,,Hemiptera,Hemiptera,Panama_Hoya_1004m_accionSauro_2025-01-26,accionSauro_2025_01_27__19_41_06_HDR0_13_Mothbot_yolo11m_4500_imgsz1600_b1_2024-01-18.pt.jpg,HS,Mothbot_yolo11m_4500_imgsz1600_b1_2024-01-18.pt,0.566098392,,accionSauro,Panama/Hoya_1004m_accionSauro_2025-01-26/2025-01-27/patches/accionSauro_2025_01_27__19_41_06_HDR0_13_Mothbot_yolo11m_4500_imgsz1600_b1_2024-01-18.pt.jpg,ORDER_Hemiptera,27-01-25,19:41:06,,2025_01_27__19_41_06,MachineObservation,Panama_Hoya_1004m_accionSauro_2025-01-26_2025-01-27,Panama_Hoya_1004m_accionSauro_2025-01-26_2025-01-27,accionSauro_2025_01_27__19_41_06_HDR0.jpg,accionSauro_2025_01_27__19_41_06_HDR0_13_Mothbot_yolo11m_4500_imgsz1600_b1_2024-01-18.pt.jpg
doi.org10.15468dl.6nxkw6.csv,Animalia,Arthropoda,Insecta,,,,,,216,,Insecta,Insecta,Panama_Hoya_1004m_accionSauro_2025-01-26,accionSauro_2025_01_27__19_41_06_HDR0_14_Mothbot_yolo11m_4500_imgsz1600_b1_2024-01-18.pt.jpg,HS,Mothbot_yolo11m_4500_imgsz1600_b1_2024-01-18.pt,0.424945474,,accionSauro,Panama/Hoya_1004m_accionSauro_2025-01-26/2025-01-27/patches/accionSauro_2025_01_27__19_41_06_HDR0_14_Mothbot_yolo11m_4500_imgsz1600_b1_2024-01-18.pt.jpg,ORDER_Diptera,27-01-25,19:41:06,,2025_01_27__19_41_06,MachineObservation,Panama_Hoya_1004m_accionSauro_2025-01-26_2025-01-27,Panama_Hoya_1004m_accionSauro_2025-01-26_2025-01-27,accionSauro_2025_01_27__19_41_06_HDR0.jpg,accionSauro_2025_01_27__19_41_06_HDR0_14_Mothbot_yolo11m_4500_imgsz1600_b1_2024-01-18.pt.jpg
,Animalia,Arthropoda,Insecta,Diptera,,,,,,,Diptera,Diptera,Panama_Hoya_1004m_accionSauro_2025-01-26,accionSauro_2025_01_27__19_41_06_HDR0_15_Mothbot_yolo11m_4500_imgsz1600_b1_2024-01-18.pt.jpg,HS,Mothbot_yolo11m_4500_imgsz1600_b1_2024-01-18.pt,0.288984448,,accionSauro,Panama/Hoya_1004m_accionSauro_2025-01-26/2025-01-27/patches/accionSauro_2025_01_27__19_41_06_HDR0_15_Mothbot_yolo11m_4500_imgsz1600_b1_2024-01-18.pt.jpg,ORDER_Diptera,27-01-25,19:41:06,,2025_01_27__19_41_06,MachineObservation,Panama_Hoya_1004m_accionSauro_2025-01-26_2025-01-27,Panama_Hoya_1004m_accionSauro_2025-01-26_2025-01-27,accionSauro_2025_01_27__19_41_06_HDR0.jpg,accionSauro_2025_01_27__19_41_06_HDR0_15_Mothbot_yolo11m_4500_imgsz1600_b1_2024-01-18.pt.jpg
,Animalia,Arthropoda,Insecta,Hemiptera,,,,,,,Hemiptera,Hemiptera,Panama_Hoya_1004m_accionSauro_2025-01-26,accionSauro_2025_01_27__19_42_06_HDR0_0_Mothbot_yolo11m_4500_imgsz1600_b1_2024-01-18.pt.jpg,HS,Mothbot_yolo11m_4500_imgsz1600_b1_2024-01-18.pt,0.762144506,,accionSauro,Panama/Hoya_1004m_accionSauro_2025-01-26/2025-01-27/patches/accionSauro_2025_01_27__19_42_06_HDR0_0_Mothbot_yolo11m_4500_imgsz1600_b1_2024-01-18.pt.jpg,ORDER_Hemiptera,27-01-25,19:42:06,,2025_01_27__19_42_06,MachineObservation,Panama_Hoya_1004m_accionSauro_2025-01-26_2025-01-27,Panama_Hoya_1004m_accionSauro_2025-01-26_2025-01-27,accionSauro_2025_01_27__19_42_06_HDR0.jpg,accionSauro_2025_01_27__19_42_06_HDR0_0_Mothbot_yolo11m_4500_imgsz1600_b1_2024-01-18.pt.jpg
doi.org10.15468dl.6nxkw6.csv,Animalia,Arthropoda,Insecta,Lepidoptera,,,,,797,,Lepidoptera,Lepidoptera,Panama_Hoya_1004m_accionSauro_2025-01-26,accionSauro_2025_01_27__19_42_06_HDR0_1_Mothbot_yolo11m_4500_imgsz1600_b1_2024-01-18.pt.jpg,HS,Mothbot_yolo11m_4500_imgsz1600_b1_2024-01-18.pt,0.758216321,,accionSauro,Panama/Hoya_1004m_accionSauro_2025-01-26/2025-01-27/patches/accionSauro_2025_01_27__19_42_06_HDR0_1_Mothbot_yolo11m_4500_imgsz1600_b1_2024-01-18.pt.jpg,ORDER_Blattodea,27-01-25,19:42:06,,2025_01_27__19_42_06,MachineObservation,Panama_Hoya_1004m_accionSauro_2025-01-26_2025-01-27,Panama_Hoya_1004m_accionSauro_2025-01-26_2025-01-27,accionSauro_2025_01_27__19_42_06_HDR0.jpg,accionSauro_2025_01_27__19_42_06_HDR0_1_Mothbot_yolo11m_4500_imgsz1600_b1_2024-01-18.pt.jpg
,Animalia,Arthropoda,Insecta,Hemiptera,,,,,,,Hemiptera,Hemiptera,Panama_Hoya_1004m_accionSauro_2025-01-26,accionSauro_2025_01_27__19_42_06_HDR0_2_Mothbot_yolo11m_4500_imgsz1600_b1_2024-01-18.pt.jpg,HS,Mothbot_yolo11m_4500_imgsz1600_b1_2024-01-18.pt,0.721634746,,accionSauro,Panama/Hoya_1004m_accionSauro_2025-01-26/2025-01-27/patches/accionSauro_2025_01_27__19_42_06_HDR0_2_Mothbot_yolo11m_4500_imgsz1600_b1_2024-01-18.pt.jpg,ORDER_Hemiptera,27-01-25,19:42:06,,2025_01_27__19_42_06,MachineObservation,Panama_Hoya_1004m_accionSauro_2025-01-26_2025-01-27,Panama_Hoya_1004m_accionSauro_2025-01-26_2025-01-27,accionSauro_2025_01_27__19_42_06_HDR0.jpg,accionSauro_2025_01_27__19_42_06_HDR0_2_Mothbot_yolo11m_4500_imgsz1600_b1_2024-01-18.pt.jpg
doi.org10.15468dl.6nxkw6.csv,Animalia,Arthropoda,Insecta,Lepidoptera,,,,,797,,Lepidoptera,Lepidoptera,Panama_Hoya_1004m_accionSauro_2025-01-26,accionSauro_2025_01_27__19_42_06_HDR0_3_Mothbot_yolo11m_4500_imgsz1600_b1_2024-01-18.pt.jpg,HS,Mothbot_yolo11m_4500_imgsz1600_b1_2024-01-18.pt,0.703841388,,accionSauro,Panama/Hoya_1004m_accionSauro_2025-01-26/2025-01-27/patches/accionSauro_2025_01_27__19_42_06_HDR0_3_Mothbot_yolo11m_4500_imgsz1600_b1_2024-01-18.pt.jpg,ORDER_Hemiptera,27-01-25,19:42:06,,2025_01_27__19_42_06,MachineObservation,Panama_Hoya_1004m_accionSauro_2025-01-26_2025-01-27,Panama_Hoya_1004m_accionSauro_2025-01-26_2025-01-27,accionSauro_2025_01_27__19_42_06_HDR0.jpg,accionSauro_2025_01_27__19_42_06_HDR0_3_Mothbot_yolo11m_4500_imgsz1600_b1_2024-01-18.pt.jpg
doi.org10.15468dl.6nxkw6.csv,Animalia,Arthropoda,Insecta,Lepidoptera,Notodontidae,,,,7016,,Notodontidae,Notodontidae,Panama_Hoya_1004m_accionSauro_2025-01-26,accionSauro_2025_01_27__19_42_06_HDR0_4_Mothbot_yolo11m_4500_imgsz1600_b1_2024-01-18.pt.jpg,HS,Mothbot_yolo11m_4500_imgsz1600_b1_2024-01-18.pt,0.694922507,,accionSauro,Panama/Hoya_1004m_accionSauro_2025-01-26/2025-01-27/patches/accionSauro_2025_01_27__19_42_06_HDR0_4_Mothbot_yolo11m_4500_imgsz1600_b1_2024-01-18.pt.jpg,ORDER_Coleoptera,27-01-25,19:42:06,,2025_01_27__19_42_06,MachineObservation,Panama_Hoya_1004m_accionSauro_2025-01-26_2025-01-27,Panama_Hoya_1004m_accionSauro_2025-01-26_2025-01-27,accionSauro_2025_01_27__19_42_06_HDR0.jpg,accionSauro_2025_01_27__19_42_06_HDR0_4_Mothbot_yolo11m_4500_imgsz1600_b1_2024-01-18.pt.jpg
,Animalia,Arthropoda,Insecta,Diptera,,,,,,,Diptera,Diptera,Panama_Hoya_1004m_accionSauro_2025-01-26,accionSauro_2025_01_27__19_42_06_HDR0_5_Mothbot_yolo11m_4500_imgsz1600_b1_2024-01-18.pt.jpg,HS,Mothbot_yolo11m_4500_imgsz1600_b1_2024-01-18.pt,0.675081432,,accionSauro,Panama/Hoya_1004m_accionSauro_2025-01-26/2025-01-27/patches/accionSauro_2025_01_27__19_42_06_HDR0_5_Mothbot_yolo11m_4500_imgsz1600_b1_2024-01-18.pt.jpg,ORDER_Diptera,27-01-25,19:42:06,,2025_01_27__19_42_06,MachineObservation,Panama_Hoya_1004m_accionSauro_2025-01-26_2025-01-27,Panama_Hoya_1004m_accionSauro_2025-01-26_2025-01-27,accionSauro_2025_01_27__19_42_06_HDR0.jpg,accionSauro_2025_01_27__19_42_06_HDR0_5_Mothbot_yolo11m_4500_imgsz1600_b1_2024-01-18.pt.jpg
doi.org10.15468dl.6nxkw6.csv,Animalia,Arthropoda,Insecta,Diptera,,,,,811,,Diptera,Diptera,Panama_Hoya_1004m_accionSauro_2025-01-26,accionSauro_2025_01_27__19_42_06_HDR0_6_Mothbot_yolo11m_4500_imgsz1600_b1_2024-01-18.pt.jpg,HS,Mothbot_yolo11m_4500_imgsz1600_b1_2024-01-18.pt,0.674358189,,accionSauro,Panama/Hoya_1004m_accionSauro_2025-01-26/2025-01-27/patches/accionSauro_2025_01_27__19_42_06_HDR0_6_Mothbot_yolo11m_4500_imgsz1600_b1_2024-01-18.pt.jpg,ORDER_Coleoptera,27-01-25,19:42:06,,2025_01_27__19_42_06,MachineObservation,Panama_Hoya_1004m_accionSauro_2025-01-26_2025-01-27,Panama_Hoya_1004m_accionSauro_2025-01-26_2025-01-27,accionSauro_2025_01_27__19_42_06_HDR0.jpg,accionSauro_2025_01_27__19_42_06_HDR0_6_Mothbot_yolo11m_4500_imgsz1600_b1_2024-01-18.pt.jpg
doi.org10.15468dl.6nxkw6.csv,Animalia,Arthropoda,Insecta,Hemiptera,,,,,809,,Hemiptera,Hemiptera,Panama_Hoya_1004m_accionSauro_2025-01-26,accionSauro_2025_01_27__19_42_06_HDR0_7_Mothbot_yolo11m_4500_imgsz1600_b1_2024-01-18.pt.jpg,HS,Mothbot_yolo11m_4500_imgsz1600_b1_2024-01-18.pt,0.587852776,,accionSauro,Panama/Hoya_1004m_accionSauro_2025-01-26/2025-01-27/patches/accionSauro_2025_01_27__19_42_06_HDR0_7_Mothbot_yolo11m_4500_imgsz1600_b1_2024-01-18.pt.jpg,ORDER_Diptera,27-01-25,19:42:06,,2025_01_27__19_42_06,MachineObservation,Panama_Hoya_1004m_accionSauro_2025-01-26_2025-01-27,Panama_Hoya_1004m_accionSauro_2025-01-26_2025-01-27,accionSauro_2025_01_27__19_42_06_HDR0.jpg,accionSauro_2025_01_27__19_42_06_HDR0_7_Mothbot_yolo11m_4500_imgsz1600_b1_2024-01-18.pt.jpg
doi.org10.15468dl.6nxkw6.csv,Animalia,Arthropoda,Insecta,Diptera,,,,,,,Diptera,Diptera,Panama_Hoya_1004m_accionSauro_2025-01-26,accionSauro_2025_01_27__19_42_06_HDR0_8_Mothbot_yolo11m_4500_imgsz1600_b1_2024-01-18.pt.jpg,HS,Mothbot_yolo11m_4500_imgsz1600_b1_2024-01-18.pt,0.537753463,,accionSauro,Panama/Hoya_1004m_accionSauro_2025-01-26/2025-01-27/patches/accionSauro_2025_01_27__19_42_06_HDR0_8_Mothbot_yolo11m_4500_imgsz1600_b1_2024-01-18.pt.jpg,ORDER_Hymenoptera,27-01-25,19:42:06,,2025_01_27__19_42_06,MachineObservation,Panama_Hoya_1004m_accionSauro_2025-01-26_2025-01-27,Panama_Hoya_1004m_accionSauro_2025-01-26_2025-01-27,accionSauro_2025_01_27__19_42_06_HDR0.jpg,accionSauro_2025_01_27__19_42_06_HDR0_8_Mothbot_yolo11m_4500_imgsz1600_b1_2024-01-18.pt.jpg
,Animalia,Arthropoda,Insecta,Hemiptera,,,,,,,Hemiptera,Hemiptera,Panama_Hoya_1004m_accionSauro_2025-01-26,accionSauro_2025_01_27__19_43_22_HDR0_0_Mothbot_yolo11m_4500_imgsz1600_b1_2024-01-18.pt.jpg,HS,Mothbot_yolo11m_4500_imgsz1600_b1_2024-01-18.pt,0.764582396,,accionSauro,Panama/Hoya_1004m_accionSauro_2025-01-26/2025-01-27/patches/accionSauro_2025_01_27__19_43_22_HDR0_0_Mothbot_yolo11m_4500_imgsz1600_b1_2024-01-18.pt.jpg,ORDER_Hemiptera,27-01-25,19:43:22,,2025_01_27__19_43_22,MachineObservation,Panama_Hoya_1004m_accionSauro_2025-01-26_2025-01-27,Panama_Hoya_1004m_accionSauro_2025-01-26_2025-01-27,accionSauro_2025_01_27__19_43_22_HDR0.jpg,accionSauro_2025_01_27__19_43_22_HDR0_0_Mothbot_yolo11m_4500_imgsz1600_b1_2024-01-18.pt.jpg
doi.org10.15468dl.6nxkw6.csv,Animalia,Arthropoda,Insecta,Diptera,,,,,,,Diptera,Diptera,Panama_Hoya_1004m_accionSauro_2025-01-26,accionSauro_2025_01_27__19_43_22_HDR0_1_Mothbot_yolo11m_4500_imgsz1600_b1_2024-01-18.pt.jpg,HS,Mothbot_yolo11m_4500_imgsz1600_b1_2024-01-18.pt,0.755672157,,accionSauro,Panama/Hoya_1004m_accionSauro_2025-01-26/2025-01-27/patches/accionSauro_2025_01_27__19_43_22_HDR0_1_Mothbot_yolo11m_4500_imgsz1600_b1_2024-01-18.pt.jpg,ORDER_Hemiptera,27-01-25,19:43:22,,2025_01_27__19_43_22,MachineObservation,Panama_Hoya_1004m_accionSauro_2025-01-26_2025-01-27,Panama_Hoya_1004m_accionSauro_2025-01-26_2025-01-27,accionSauro_2025_01_27__19_43_22_HDR0.jpg,accionSauro_2025_01_27__19_43_22_HDR0_1_Mothbot_yolo11m_4500_imgsz1600_b1_2024-01-18.pt.jpg
,Animalia,Arthropoda,Insecta,Hemiptera,,,,,,,Hemiptera,Hemiptera,Panama_Hoya_1004m_accionSauro_2025-01-26,accionSauro_2025_01_27__19_43_22_HDR0_2_Mothbot_yolo11m_4500_imgsz1600_b1_2024-01-18.pt.jpg,HS,Mothbot_yolo11m_4500_imgsz1600_b1_2024-01-18.pt,0.748951674,,accionSauro,Panama/Hoya_1004m_accionSauro_2025-01-26/2025-01-27/patches/accionSauro_2025_01_27__19_43_22_HDR0_2_Mothbot_yolo11m_4500_imgsz1600_b1_2024-01-18.pt.jpg,ORDER_Hemiptera,27-01-25,19:43:22,,2025_01_27__19_43_22,MachineObservation,Panama_Hoya_1004m_accionSauro_2025-01-26_2025-01-27,Panama_Hoya_1004m_accionSauro_2025-01-26_2025-01-27,accionSauro_2025_01_27__19_43_22_HDR0.jpg,accionSauro_2025_01_27__19_43_22_HDR0_2_Mothbot_yolo11m_4500_imgsz1600_b1_2024-01-18.pt.jpg
,Animalia,Arthropoda,Insecta,Lepidoptera,,,,,,,Lepidoptera,Lepidoptera,Panama_Hoya_1004m_accionSauro_2025-01-26,accionSauro_2025_01_27__19_43_22_HDR0_3_Mothbot_yolo11m_4500_imgsz1600_b1_2024-01-18.pt.jpg,HS,Mothbot_yolo11m_4500_imgsz1600_b1_2024-01-18.pt,0.723757565,,accionSauro,Panama/Hoya_1004m_accionSauro_2025-01-26/2025-01-27/patches/accionSauro_2025_01_27__19_43_22_HDR0_3_Mothbot_yolo11m_4500_imgsz1600_b1_2024-01-18.pt.jpg,ORDER_Lepidoptera,27-01-25,19:43:22,,2025_01_27__19_43_22,MachineObservation,Panama_Hoya_1004m_accionSauro_2025-01-26_2025-01-27,Panama_Hoya_1004m_accionSauro_2025-01-26_2025-01-27,accionSauro_2025_01_27__19_43_22_HDR0.jpg,accionSauro_2025_01_27__19_43_22_HDR0_3_Mothbot_yolo11m_4500_imgsz1600_b1_2024-01-18.pt.jpg
doi.org10.15468dl.6nxkw6.csv,Animalia,Arthropoda,Insecta,Lepidoptera,,,,,797,,Lepidoptera,Lepidoptera,Panama_Hoya_1004m_accionSauro_2025-01-26,accionSauro_2025_01_27__19_43_22_HDR0_4_Mothbot_yolo11m_4500_imgsz1600_b1_2024-01-18.pt.jpg,HS,Mothbot_yolo11m_4500_imgsz1600_b1_2024-01-18.pt,0.705483735,,accionSauro,Panama/Hoya_1004m_accionSauro_2025-01-26/2025-01-27/patches/accionSauro_2025_01_27__19_43_22_HDR0_4_Mothbot_yolo11m_4500_imgsz1600_b1_2024-01-18.pt.jpg,ORDER_Hemiptera,27-01-25,19:43:22,,2025_01_27__19_43_22,MachineObservation,Panama_Hoya_1004m_accionSauro_2025-01-26_2025-01-27,Panama_Hoya_1004m_accionSauro_2025-01-26_2025-01-27,accionSauro_2025_01_27__19_43_22_HDR0.jpg,accionSauro_2025_01_27__19_43_22_HDR0_4_Mothbot_yolo11m_4500_imgsz1600_b1_2024-01-18.pt.jpg
,Animalia,Arthropoda,Insecta,Diptera,,,,,,,Diptera,Diptera,Panama_Hoya_1004m_accionSauro_2025-01-26,accionSauro_2025_01_27__19_43_22_HDR0_5_Mothbot_yolo11m_4500_imgsz1600_b1_2024-01-18.pt.jpg,HS,Mothbot_yolo11m_4500_imgsz1600_b1_2024-01-18.pt,0.700874805,,accionSauro,Panama/Hoya_1004m_accionSauro_2025-01-26/2025-01-27/patches/accionSauro_2025_01_27__19_43_22_HDR0_5_Mothbot_yolo11m_4500_imgsz1600_b1_2024-01-18.pt.jpg,ORDER_Diptera,27-01-25,19:43:22,,2025_01_27__19_43_22,MachineObservation,Panama_Hoya_1004m_accionSauro_2025-01-26_2025-01-27,Panama_Hoya_1004m_accionSauro_2025-01-26_2025-01-27,accionSauro_2025_01_27__19_43_22_HDR0.jpg,accionSauro_2025_01_27__19_43_22_HDR0_5_Mothbot_yolo11m_4500_imgsz1600_b1_2024-01-18.pt.jpg
doi.org10.15468dl.6nxkw6.csv,Animalia,Arthropoda,Insecta,Lepidoptera,Notodontidae,,,,7016,,Notodontidae,Notodontidae,Panama_Hoya_1004m_accionSauro_2025-01-26,accionSauro_2025_01_27__19_43_22_HDR0_6_Mothbot_yolo11m_4500_imgsz1600_b1_2024-01-18.pt.jpg,HS,Mothbot_yolo11m_4500_imgsz1600_b1_2024-01-18.pt,0.698000848,,accionSauro,Panama/Hoya_1004m_accionSauro_2025-01-26/2025-01-27/patches/accionSauro_2025_01_27__19_43_22_HDR0_6_Mothbot_yolo11m_4500_imgsz1600_b1_2024-01-18.pt.jpg,ORDER_Hemiptera,27-01-25,19:43:22,,2025_01_27__19_43_22,MachineObservation,Panama_Hoya_1004m_accionSauro_2025-01-26_2025-01-27,Panama_Hoya_1004m_accionSauro_2025-01-26_2025-01-27,accionSauro_2025_01_27__19_43_22_HDR0.jpg,accionSauro_2025_01_27__19_43_22_HDR0_6_Mothbot_yolo11m_4500_imgsz1600_b1_2024-01-18.pt.jpg
doi.org10.15468dl.6nxkw6.csv,Animalia,Arthropoda,Insecta,Hemiptera,,,,,809,,Hemiptera,Hemiptera,Panama_Hoya_1004m_accionSauro_2025-01-26,accionSauro_2025_01_27__19_43_22_HDR0_7_Mothbot_yolo11m_4500_imgsz1600_b1_2024-01-18.pt.jpg,HS,Mothbot_yolo11m_4500_imgsz1600_b1_2024-01-18.pt,0.685889006,,accionSauro,Panama/Hoya_1004m_accionSauro_2025-01-26/2025-01-27/patches/accionSauro_2025_01_27__19_43_22_HDR0_7_Mothbot_yolo11m_4500_imgsz1600_b1_2024-01-18.pt.jpg,ORDER_Diptera,27-01-25,19:43:22,,2025_01_27__19_43_22,MachineObservation,Panama_Hoya_1004m_accionSauro_2025-01-26_2025-01-27,Panama_Hoya_1004m_accionSauro_2025-01-26_2025-01-27,accionSauro_2025_01_27__19_43_22_HDR0.jpg,accionSauro_2025_01_27__19_43_22_HDR0_7_Mothbot_yolo11m_4500_imgsz1600_b1_2024-01-18.pt.jpg
doi.org10.15468dl.6nxkw6.csv,Animalia,Arthropoda,Insecta,Diptera,,,,,,,Diptera,Diptera,Panama_Hoya_1004m_accionSauro_2025-01-26,accionSauro_2025_01_27__19_43_22_HDR0_8_Mothbot_yolo11m_4500_imgsz1600_b1_2024-01-18.pt.jpg,HS,Mothbot_yolo11m_4500_imgsz1600_b1_2024-01-18.pt,0.467311829,,accionSauro,Panama/Hoya_1004m_accionSauro_2025-01-26/2025-01-27/patches/accionSauro_2025_01_27__19_43_22_HDR0_8_Mothbot_yolo11m_4500_imgsz1600_b1_2024-01-18.pt.jpg,ORDER_Hymenoptera,27-01-25,19:43:22,,2025_01_27__19_43_22,MachineObservation,Panama_Hoya_1004m_accionSauro_2025-01-26_2025-01-27,Panama_Hoya_1004m_accionSauro_2025-01-26_2025-01-27,accionSauro_2025_01_27__19_43_22_HDR0.jpg,accionSauro_2025_01_27__19_43_22_HDR0_8_Mothbot_yolo11m_4500_imgsz1600_b1_2024-01-18.pt.jpg
doi.org10.15468dl.6nxkw6.csv,Animalia,Arthropoda,Insecta,Hemiptera,,,,,809,,Hemiptera,Hemiptera,Panama_Hoya_1004m_accionSauro_2025-01-26,accionSauro_2025_01_27__19_43_22_HDR0_9_Mothbot_yolo11m_4500_imgsz1600_b1_2024-01-18.pt.jpg,HS,Mothbot_yolo11m_4500_imgsz1600_b1_2024-01-18.pt,0.316265106,,accionSauro,Panama/Hoya_1004m_accionSauro_2025-01-26/2025-01-27/patches/accionSauro_2025_01_27__19_43_22_HDR0_9_Mothbot_yolo11m_4500_imgsz1600_b1_2024-01-18.pt.jpg,ORDER_Diptera,27-01-25,19:43:22,,2025_01_27__19_43_22,MachineObservation,Panama_Hoya_1004m_accionSauro_2025-01-26_2025-01-27,Panama_Hoya_1004m_accionSauro_2025-01-26_2025-01-27,accionSauro_2025_01_27__19_43_22_HDR0.jpg,accionSauro_2025_01_27__19_43_22_HDR0_9_Mothbot_yolo11m_4500_imgsz1600_b1_2024-01-18.pt.jpg
,Animalia,Arthropoda,Insecta,Hemiptera,,,,,,,Hemiptera,Hemiptera,Panama_Hoya_1004m_accionSauro_2025-01-26,accionSauro_2025_01_27__19_44_06_HDR0_0_Mothbot_yolo11m_4500_imgsz1600_b1_2024-01-18.pt.jpg,HS,Mothbot_yolo11m_4500_imgsz1600_b1_2024-01-18.pt,0.75682503,,accionSauro,Panama/Hoya_1004m_accionSauro_2025-01-26/2025-01-27/patches/accionSauro_2025_01_27__19_44_06_HDR0_0_Mothbot_yolo11m_4500_imgsz1600_b1_2024-01-18.pt.jpg,ORDER_Hemiptera,27-01-25,19:44:06,,2025_01_27__19_44_06,MachineObservation,Panama_Hoya_1004m_accionSauro_2025-01-26_2025-01-27,Panama_Hoya_1004m_accionSauro_2025-01-26_2025-01-27,accionSauro_2025_01_27__19_44_06_HDR0.jpg,accionSauro_2025_01_27__19_44_06_HDR0_0_Mothbot_yolo11m_4500_imgsz1600_b1_2024-01-18.pt.jpg
,Animalia,Arthropoda,Insecta,Hemiptera,,,,,,,Hemiptera,Hemiptera,Panama_Hoya_1004m_accionSauro_2025-01-26,accionSauro_2025_01_27__19_44_06_HDR0_1_Mothbot_yolo11m_4500_imgsz1600_b1_2024-01-18.pt.jpg,HS,Mothbot_yolo11m_4500_imgsz1600_b1_2024-01-18.pt,0.75265336,,accionSauro,Panama/Hoya_1004m_accionSauro_2025-01-26/2025-01-27/patches/accionSauro_2025_01_27__19_44_06_HDR0_1_Mothbot_yolo11m_4500_imgsz1600_b1_2024-01-18.pt.jpg,ORDER_Hemiptera,27-01-25,19:44:06,,2025_01_27__19_44_06,MachineObservation,Panama_Hoya_1004m_accionSauro_2025-01-26_2025-01-27,Panama_Hoya_1004m_accionSauro_2025-01-26_2025-01-27,accionSauro_2025_01_27__19_44_06_HDR0.jpg,accionSauro_2025_01_27__19_44_06_HDR0_1_Mothbot_yolo11m_4500_imgsz1600_b1_2024-01-18.pt.jpg
,Animalia,Arthropoda,Insecta,Diptera,,,,,,,Diptera,Diptera,Panama_Hoya_1004m_accionSauro_2025-01-26,accionSauro_2025_01_27__19_44_06_HDR0_2_Mothbot_yolo11m_4500_imgsz1600_b1_2024-01-18.pt.jpg,HS,Mothbot_yolo11m_4500_imgsz1600_b1_2024-01-18.pt,0.744425654,,accionSauro,Panama/Hoya_1004m_accionSauro_2025-01-26/2025-01-27/patches/accionSauro_2025_01_27__19_44_06_HDR0_2_Mothbot_yolo11m_4500_imgsz1600_b1_2024-01-18.pt.jpg,ORDER_Diptera,27-01-25,19:44:06,,2025_01_27__19_44_06,MachineObservation,Panama_Hoya_1004m_accionSauro_2025-01-26_2025-01-27,Panama_Hoya_1004m_accionSauro_2025-01-26_2025-01-27,accionSauro_2025_01_27__19_44_06_HDR0.jpg,accionSauro_2025_01_27__19_44_06_HDR0_2_Mothbot_yolo11m_4500_imgsz1600_b1_2024-01-18.pt.jpg
doi.org10.15468dl.6nxkw6.csv,Animalia,Arthropoda,Insecta,Lepidoptera,,,,,797,,Lepidoptera,Lepidoptera,Panama_Hoya_1004m_accionSauro_2025-01-26,accionSauro_2025_01_27__19_44_06_HDR0_3_Mothbot_yolo11m_4500_imgsz1600_b1_2024-01-18.pt.jpg,HS,Mothbot_yolo11m_4500_imgsz1600_b1_2024-01-18.pt,0.738440692,,accionSauro,Panama/Hoya_1004m_accionSauro_2025-01-26/2025-01-27/patches/accionSauro_2025_01_27__19_44_06_HDR0_3_Mothbot_yolo11m_4500_imgsz1600_b1_2024-01-18.pt.jpg,ORDER_Hemiptera,27-01-25,19:44:06,,2025_01_27__19_44_06,MachineObservation,Panama_Hoya_1004m_accionSauro_2025-01-26_2025-01-27,Panama_Hoya_1004m_accionSauro_2025-01-26_2025-01-27,accionSauro_2025_01_27__19_44_06_HDR0.jpg,accionSauro_2025_01_27__19_44_06_HDR0_3_Mothbot_yolo11m_4500_imgsz1600_b1_2024-01-18.pt.jpg
,Animalia,Arthropoda,Insecta,Hemiptera,,,,,,,Hemiptera,Hemiptera,Panama_Hoya_1004m_accionSauro_2025-01-26,accionSauro_2025_01_27__19_44_06_HDR0_4_Mothbot_yolo11m_4500_imgsz1600_b1_2024-01-18.pt.jpg,HS,Mothbot_yolo11m_4500_imgsz1600_b1_2024-01-18.pt,0.708339453,,accionSauro,Panama/Hoya_1004m_accionSauro_2025-01-26/2025-01-27/patches/accionSauro_2025_01_27__19_44_06_HDR0_4_Mothbot_yolo11m_4500_imgsz1600_b1_2024-01-18.pt.jpg,ORDER_Hemiptera,27-01-25,19:44:06,,2025_01_27__19_44_06,MachineObservation,Panama_Hoya_1004m_accionSauro_2025-01-26_2025-01-27,Panama_Hoya_1004m_accionSauro_2025-01-26_2025-01-27,accionSauro_2025_01_27__19_44_06_HDR0.jpg,accionSauro_2025_01_27__19_44_06_HDR0_4_Mothbot_yolo11m_4500_imgsz1600_b1_2024-01-18.pt.jpg
doi.org10.15468dl.6nxkw6.csv,Animalia,Arthropoda,Insecta,Lepidoptera,Notodontidae,,,,7016,,Notodontidae,Notodontidae,Panama_Hoya_1004m_accionSauro_2025-01-26,accionSauro_2025_01_27__19_44_06_HDR0_5_Mothbot_yolo11m_4500_imgsz1600_b1_2024-01-18.pt.jpg,HS,Mothbot_yolo11m_4500_imgsz1600_b1_2024-01-18.pt,0.693469763,,accionSauro,Panama/Hoya_1004m_accionSauro_2025-01-26/2025-01-27/patches/accionSauro_2025_01_27__19_44_06_HDR0_5_Mothbot_yolo11m_4500_imgsz1600_b1_2024-01-18.pt.jpg,ORDER_Psocodea,27-01-25,19:44:06,,2025_01_27__19_44_06,MachineObservation,Panama_Hoya_1004m_accionSauro_2025-01-26_2025-01-27,Panama_Hoya_1004m_accionSauro_2025-01-26_2025-01-27,accionSauro_2025_01_27__19_44_06_HDR0.jpg,accionSauro_2025_01_27__19_44_06_HDR0_5_Mothbot_yolo11m_4500_imgsz1600_b1_2024-01-18.pt.jpg
,Animalia,Arthropoda,Insecta,Lepidoptera,,,,,,,Lepidoptera,Lepidoptera,Panama_Hoya_1004m_accionSauro_2025-01-26,accionSauro_2025_01_27__19_44_06_HDR0_6_Mothbot_yolo11m_4500_imgsz1600_b1_2024-01-18.pt.jpg,HS,Mothbot_yolo11m_4500_imgsz1600_b1_2024-01-18.pt,0.693275452,,accionSauro,Panama/Hoya_1004m_accionSauro_2025-01-26/2025-01-27/patches/accionSauro_2025_01_27__19_44_06_HDR0_6_Mothbot_yolo11m_4500_imgsz1600_b1_2024-01-18.pt.jpg,ORDER_Lepidoptera,27-01-25,19:44:06,,2025_01_27__19_44_06,MachineObservation,Panama_Hoya_1004m_accionSauro_2025-01-26_2025-01-27,Panama_Hoya_1004m_accionSauro_2025-01-26_2025-01-27,accionSauro_2025_01_27__19_44_06_HDR0.jpg,accionSauro_2025_01_27__19_44_06_HDR0_6_Mothbot_yolo11m_4500_imgsz1600_b1_2024-01-18.pt.jpg
,Animalia,Arthropoda,Insecta,Diptera,,,,,,,Diptera,Diptera,Panama_Hoya_1004m_accionSauro_2025-01-26,accionSauro_2025_01_27__19_44_06_HDR0_7_Mothbot_yolo11m_4500_imgsz1600_b1_2024-01-18.pt.jpg,HS,Mothbot_yolo11m_4500_imgsz1600_b1_2024-01-18.pt,0.684909165,,accionSauro,Panama/Hoya_1004m_accionSauro_2025-01-26/2025-01-27/patches/accionSauro_2025_01_27__19_44_06_HDR0_7_Mothbot_yolo11m_4500_imgsz1600_b1_2024-01-18.pt.jpg,ORDER_Diptera,27-01-25,19:44:06,,2025_01_27__19_44_06,MachineObservation,Panama_Hoya_1004m_accionSauro_2025-01-26_2025-01-27,Panama_Hoya_1004m_accionSauro_2025-01-26_2025-01-27,accionSauro_2025_01_27__19_44_06_HDR0.jpg,accionSauro_2025_01_27__19_44_06_HDR0_7_Mothbot_yolo11m_4500_imgsz1600_b1_2024-01-18.pt.jpg
,Animalia,Arthropoda,Insecta,Hemiptera,,,,,,,Hemiptera,Hemiptera,Panama_Hoya_1004m_accionSauro_2025-01-26,accionSauro_2025_01_27__19_44_06_HDR0_8_Mothbot_yolo11m_4500_imgsz1600_b1_2024-01-18.pt.jpg,HS,Mothbot_yolo11m_4500_imgsz1600_b1_2024-01-18.pt,0.642971814,,accionSauro,Panama/Hoya_1004m_accionSauro_2025-01-26/2025-01-27/patches/accionSauro_2025_01_27__19_44_06_HDR0_8_Mothbot_yolo11m_4500_imgsz1600_b1_2024-01-18.pt.jpg,ORDER_Hemiptera,27-01-25,19:44:06,,2025_01_27__19_44_06,MachineObservation,Panama_Hoya_1004m_accionSauro_2025-01-26_2025-01-27,Panama_Hoya_1004m_accionSauro_2025-01-26_2025-01-27,accionSauro_2025_01_27__19_44_06_HDR0.jpg,accionSauro_2025_01_27__19_44_06_HDR0_8_Mothbot_yolo11m_4500_imgsz1600_b1_2024-01-18.pt.jpg
doi.org10.15468dl.6nxkw6.csv,Animalia,Arthropoda,Insecta,Neuroptera,,,,,1501,,Neuroptera,Neuroptera,Panama_Hoya_1004m_accionSauro_2025-01-26,accionSauro_2025_01_27__19_44_06_HDR0_9_Mothbot_yolo11m_4500_imgsz1600_b1_2024-01-18.pt.jpg,HS,Mothbot_yolo11m_4500_imgsz1600_b1_2024-01-18.pt,0.637307048,,accionSauro,Panama/Hoya_1004m_accionSauro_2025-01-26/2025-01-27/patches/accionSauro_2025_01_27__19_44_06_HDR0_9_Mothbot_yolo11m_4500_imgsz1600_b1_2024-01-18.pt.jpg,ORDER_Diptera,27-01-25,19:44:06,,2025_01_27__19_44_06,MachineObservation,Panama_Hoya_1004m_accionSauro_2025-01-26_2025-01-27,Panama_Hoya_1004m_accionSauro_2025-01-26_2025-01-27,accionSauro_2025_01_27__19_44_06_HDR0.jpg,accionSauro_2025_01_27__19_44_06_HDR0_9_Mothbot_yolo11m_4500_imgsz1600_b1_2024-01-18.pt.jpg
,Animalia,Arthropoda,Insecta,Diptera,,,,,,,Diptera,Diptera,Panama_Hoya_1004m_accionSauro_2025-01-26,accionSauro_2025_01_27__19_44_06_HDR0_10_Mothbot_yolo11m_4500_imgsz1600_b1_2024-01-18.pt.jpg,HS,Mothbot_yolo11m_4500_imgsz1600_b1_2024-01-18.pt,0.585707724,,accionSauro,Panama/Hoya_1004m_accionSauro_2025-01-26/2025-01-27/patches/accionSauro_2025_01_27__19_44_06_HDR0_10_Mothbot_yolo11m_4500_imgsz1600_b1_2024-01-18.pt.jpg,ORDER_Diptera,27-01-25,19:44:06,,2025_01_27__19_44_06,MachineObservation,Panama_Hoya_1004m_accionSauro_2025-01-26_2025-01-27,Panama_Hoya_1004m_accionSauro_2025-01-26_2025-01-27,accionSauro_2025_01_27__19_44_06_HDR0.jpg,accionSauro_2025_01_27__19_44_06_HDR0_10_Mothbot_yolo11m_4500_imgsz1600_b1_2024-01-18.pt.jpg
doi.org10.15468dl.6nxkw6.csv,Animalia,Arthropoda,Insecta,Hemiptera,,,,,809,,Hemiptera,Hemiptera,Panama_Hoya_1004m_accionSauro_2025-01-26,accionSauro_2025_01_27__19_44_06_HDR0_11_Mothbot_yolo11m_4500_imgsz1600_b1_2024-01-18.pt.jpg,HS,Mothbot_yolo11m_4500_imgsz1600_b1_2024-01-18.pt,0.510502338,,accionSauro,Panama/Hoya_1004m_accionSauro_2025-01-26/2025-01-27/patches/accionSauro_2025_01_27__19_44_06_HDR0_11_Mothbot_yolo11m_4500_imgsz1600_b1_2024-01-18.pt.jpg,ORDER_Diptera,27-01-25,19:44:06,,2025_01_27__19_44_06,MachineObservation,Panama_Hoya_1004m_accionSauro_2025-01-26_2025-01-27,Panama_Hoya_1004m_accionSauro_2025-01-26_2025-01-27,accionSauro_2025_01_27__19_44_06_HDR0.jpg,accionSauro_2025_01_27__19_44_06_HDR0_11_Mothbot_yolo11m_4500_imgsz1600_b1_2024-01-18.pt.jpg
doi.org10.15468dl.6nxkw6.csv,Animalia,Arthropoda,Insecta,Hemiptera,,,,,809,,Hemiptera,Hemiptera,Panama_Hoya_1004m_accionSauro_2025-01-26,accionSauro_2025_01_27__19_44_06_HDR0_12_Mothbot_yolo11m_4500_imgsz1600_b1_2024-01-18.pt.jpg,HS,Mothbot_yolo11m_4500_imgsz1600_b1_2024-01-18.pt,0.498301983,,accionSauro,Panama/Hoya_1004m_accionSauro_2025-01-26/2025-01-27/patches/accionSauro_2025_01_27__19_44_06_HDR0_12_Mothbot_yolo11m_4500_imgsz1600_b1_2024-01-18.pt.jpg,ORDER_Diptera,27-01-25,19:44:06,,2025_01_27__19_44_06,MachineObservation,Panama_Hoya_1004m_accionSauro_2025-01-26_2025-01-27,Panama_Hoya_1004m_accionSauro_2025-01-26_2025-01-27,accionSauro_2025_01_27__19_44_06_HDR0.jpg,accionSauro_2025_01_27__19_44_06_HDR0_12_Mothbot_yolo11m_4500_imgsz1600_b1_2024-01-18.pt.jpg
doi.org10.15468dl.6nxkw6.csv,Animalia,Arthropoda,Insecta,Hemiptera,Rhopalidae,Jadera,coturnix,,2050229,,Jadera coturnix,Jadera coturnix,Panama_Hoya_1004m_accionSauro_2025-01-26,accionSauro_2025_01_27__19_45_06_HDR0_0_Mothbot_yolo11m_4500_imgsz1600_b1_2024-01-18.pt.jpg,HS,Mothbot_yolo11m_4500_imgsz1600_b1_2024-01-18.pt,0.818378747,,accionSauro,Panama/Hoya_1004m_accionSauro_2025-01-26/2025-01-27/patches/accionSauro_2025_01_27__19_45_06_HDR0_0_Mothbot_yolo11m_4500_imgsz1600_b1_2024-01-18.pt.jpg,ORDER_Hemiptera,27-01-25,19:45:06,,2025_01_27__19_45_06,MachineObservation,Panama_Hoya_1004m_accionSauro_2025-01-26_2025-01-27,Panama_Hoya_1004m_accionSauro_2025-01-26_2025-01-27,accionSauro_2025_01_27__19_45_06_HDR0.jpg,accionSauro_2025_01_27__19_45_06_HDR0_0_Mothbot_yolo11m_4500_imgsz1600_b1_2024-01-18.pt.jpg
,Animalia,Arthropoda,Insecta,Hemiptera,,,,,,,Hemiptera,Hemiptera,Panama_Hoya_1004m_accionSauro_2025-01-26,accionSauro_2025_01_27__19_45_06_HDR0_1_Mothbot_yolo11m_4500_imgsz1600_b1_2024-01-18.pt.jpg,HS,Mothbot_yolo11m_4500_imgsz1600_b1_2024-01-18.pt,0.760403275,,accionSauro,Panama/Hoya_1004m_accionSauro_2025-01-26/2025-01-27/patches/accionSauro_2025_01_27__19_45_06_HDR0_1_Mothbot_yolo11m_4500_imgsz1600_b1_2024-01-18.pt.jpg,ORDER_Hemiptera,27-01-25,19:45:06,,2025_01_27__19_45_06,MachineObservation,Panama_Hoya_1004m_accionSauro_2025-01-26_2025-01-27,Panama_Hoya_1004m_accionSauro_2025-01-26_2025-01-27,accionSauro_2025_01_27__19_45_06_HDR0.jpg,accionSauro_2025_01_27__19_45_06_HDR0_1_Mothbot_yolo11m_4500_imgsz1600_b1_2024-01-18.pt.jpg
,Animalia,Arthropoda,Insecta,Hemiptera,,,,,,,Hemiptera,Hemiptera,Panama_Hoya_1004m_accionSauro_2025-01-26,accionSauro_2025_01_27__19_45_06_HDR0_2_Mothbot_yolo11m_4500_imgsz1600_b1_2024-01-18.pt.jpg,HS,Mothbot_yolo11m_4500_imgsz1600_b1_2024-01-18.pt,0.742979169,,accionSauro,Panama/Hoya_1004m_accionSauro_2025-01-26/2025-01-27/patches/accionSauro_2025_01_27__19_45_06_HDR0_2_Mothbot_yolo11m_4500_imgsz1600_b1_2024-01-18.pt.jpg,ORDER_Hemiptera,27-01-25,19:45:06,,2025_01_27__19_45_06,MachineObservation,Panama_Hoya_1004m_accionSauro_2025-01-26_2025-01-27,Panama_Hoya_1004m_accionSauro_2025-01-26_2025-01-27,accionSauro_2025_01_27__19_45_06_HDR0.jpg,accionSauro_2025_01_27__19_45_06_HDR0_2_Mothbot_yolo11m_4500_imgsz1600_b1_2024-01-18.pt.jpg
,Animalia,Arthropoda,Insecta,Hemiptera,,,,,,,Hemiptera,Hemiptera,Panama_Hoya_1004m_accionSauro_2025-01-26,accionSauro_2025_01_27__19_45_06_HDR0_3_Mothbot_yolo11m_4500_imgsz1600_b1_2024-01-18.pt.jpg,HS,Mothbot_yolo11m_4500_imgsz1600_b1_2024-01-18.pt,0.735512555,,accionSauro,Panama/Hoya_1004m_accionSauro_2025-01-26/2025-01-27/patches/accionSauro_2025_01_27__19_45_06_HDR0_3_Mothbot_yolo11m_4500_imgsz1600_b1_2024-01-18.pt.jpg,ORDER_Hemiptera,27-01-25,19:45:06,,2025_01_27__19_45_06,MachineObservation,Panama_Hoya_1004m_accionSauro_2025-01-26_2025-01-27,Panama_Hoya_1004m_accionSauro_2025-01-26_2025-01-27,accionSauro_2025_01_27__19_45_06_HDR0.jpg,accionSauro_2025_01_27__19_45_06_HDR0_3_Mothbot_yolo11m_4500_imgsz1600_b1_2024-01-18.pt.jpg
doi.org10.15468dl.6nxkw6.csv,Animalia,Arthropoda,Insecta,Diptera,,,,,,,Diptera,Diptera,Panama_Hoya_1004m_accionSauro_2025-01-26,accionSauro_2025_01_27__19_45_06_HDR0_4_Mothbot_yolo11m_4500_imgsz1600_b1_2024-01-18.pt.jpg,HS,Mothbot_yolo11m_4500_imgsz1600_b1_2024-01-18.pt,0.728009641,,accionSauro,Panama/Hoya_1004m_accionSauro_2025-01-26/2025-01-27/patches/accionSauro_2025_01_27__19_45_06_HDR0_4_Mothbot_yolo11m_4500_imgsz1600_b1_2024-01-18.pt.jpg,ORDER_Hemiptera,27-01-25,19:45:06,,2025_01_27__19_45_06,MachineObservation,Panama_Hoya_1004m_accionSauro_2025-01-26_2025-01-27,Panama_Hoya_1004m_accionSauro_2025-01-26_2025-01-27,accionSauro_2025_01_27__19_45_06_HDR0.jpg,accionSauro_2025_01_27__19_45_06_HDR0_4_Mothbot_yolo11m_4500_imgsz1600_b1_2024-01-18.pt.jpg
,Animalia,Arthropoda,Insecta,Hemiptera,,,,,,,Hemiptera,Hemiptera,Panama_Hoya_1004m_accionSauro_2025-01-26,accionSauro_2025_01_27__19_45_06_HDR0_5_Mothbot_yolo11m_4500_imgsz1600_b1_2024-01-18.pt.jpg,HS,Mothbot_yolo11m_4500_imgsz1600_b1_2024-01-18.pt,0.726437569,,accionSauro,Panama/Hoya_1004m_accionSauro_2025-01-26/2025-01-27/patches/accionSauro_2025_01_27__19_45_06_HDR0_5_Mothbot_yolo11m_4500_imgsz1600_b1_2024-01-18.pt.jpg,ORDER_Hemiptera,27-01-25,19:45:06,,2025_01_27__19_45_06,MachineObservation,Panama_Hoya_1004m_accionSauro_2025-01-26_2025-01-27,Panama_Hoya_1004m_accionSauro_2025-01-26_2025-01-27,accionSauro_2025_01_27__19_45_06_HDR0.jpg,accionSauro_2025_01_27__19_45_06_HDR0_5_Mothbot_yolo11m_4500_imgsz1600_b1_2024-01-18.pt.jpg
,Animalia,Arthropoda,Insecta,Hemiptera,,,,,,,Hemiptera,Hemiptera,Panama_Hoya_1004m_accionSauro_2025-01-26,accionSauro_2025_01_27__19_45_06_HDR0_6_Mothbot_yolo11m_4500_imgsz1600_b1_2024-01-18.pt.jpg,HS,Mothbot_yolo11m_4500_imgsz1600_b1_2024-01-18.pt,0.721155226,,accionSauro,Panama/Hoya_1004m_accionSauro_2025-01-26/2025-01-27/patches/accionSauro_2025_01_27__19_45_06_HDR0_6_Mothbot_yolo11m_4500_imgsz1600_b1_2024-01-18.pt.jpg,ORDER_Hemiptera,27-01-25,19:45:06,,2025_01_27__19_45_06,MachineObservation,Panama_Hoya_1004m_accionSauro_2025-01-26_2025-01-27,Panama_Hoya_1004m_accionSauro_2025-01-26_2025-01-27,accionSauro_2025_01_27__19_45_06_HDR0.jpg,accionSauro_2025_01_27__19_45_06_HDR0_6_Mothbot_yolo11m_4500_imgsz1600_b1_2024-01-18.pt.jpg
,Animalia,Arthropoda,Insecta,Hemiptera,,,,,,,Hemiptera,Hemiptera,Panama_Hoya_1004m_accionSauro_2025-01-26,accionSauro_2025_01_27__19_45_06_HDR0_7_Mothbot_yolo11m_4500_imgsz1600_b1_2024-01-18.pt.jpg,HS,Mothbot_yolo11m_4500_imgsz1600_b1_2024-01-18.pt,0.717855155,,accionSauro,Panama/Hoya_1004m_accionSauro_2025-01-26/2025-01-27/patches/accionSauro_2025_01_27__19_45_06_HDR0_7_Mothbot_yolo11m_4500_imgsz1600_b1_2024-01-18.pt.jpg,ORDER_Hemiptera,27-01-25,19:45:06,,2025_01_27__19_45_06,MachineObservation,Panama_Hoya_1004m_accionSauro_2025-01-26_2025-01-27,Panama_Hoya_1004m_accionSauro_2025-01-26_2025-01-27,accionSauro_2025_01_27__19_45_06_HDR0.jpg,accionSauro_2025_01_27__19_45_06_HDR0_7_Mothbot_yolo11m_4500_imgsz1600_b1_2024-01-18.pt.jpg
doi.org10.15468dl.6nxkw6.csv,Animalia,Arthropoda,Insecta,Hemiptera,,,,,809,,Hemiptera,Hemiptera,Panama_Hoya_1004m_accionSauro_2025-01-26,accionSauro_2025_01_27__19_45_06_HDR0_8_Mothbot_yolo11m_4500_imgsz1600_b1_2024-01-18.pt.jpg,HS,Mothbot_yolo11m_4500_imgsz1600_b1_2024-01-18.pt,0.698477685,,accionSauro,Panama/Hoya_1004m_accionSauro_2025-01-26/2025-01-27/patches/accionSauro_2025_01_27__19_45_06_HDR0_8_Mothbot_yolo11m_4500_imgsz1600_b1_2024-01-18.pt.jpg,ORDER_Coleoptera,27-01-25,19:45:06,,2025_01_27__19_45_06,MachineObservation,Panama_Hoya_1004m_accionSauro_2025-01-26_2025-01-27,Panama_Hoya_1004m_accionSauro_2025-01-26_2025-01-27,accionSauro_2025_01_27__19_45_06_HDR0.jpg,accionSauro_2025_01_27__19_45_06_HDR0_8_Mothbot_yolo11m_4500_imgsz1600_b1_2024-01-18.pt.jpg
,Animalia,Arthropoda,Insecta,Lepidoptera,,,,,,,Lepidoptera,Lepidoptera,Panama_Hoya_1004m_accionSauro_2025-01-26,accionSauro_2025_01_27__19_45_06_HDR0_9_Mothbot_yolo11m_4500_imgsz1600_b1_2024-01-18.pt.jpg,HS,Mothbot_yolo11m_4500_imgsz1600_b1_2024-01-18.pt,0.69211632,,accionSauro,Panama/Hoya_1004m_accionSauro_2025-01-26/2025-01-27/patches/accionSauro_2025_01_27__19_45_06_HDR0_9_Mothbot_yolo11m_4500_imgsz1600_b1_2024-01-18.pt.jpg,ORDER_Lepidoptera,27-01-25,19:45:06,,2025_01_27__19_45_06,MachineObservation,Panama_Hoya_1004m_accionSauro_2025-01-26_2025-01-27,Panama_Hoya_1004m_accionSauro_2025-01-26_2025-01-27,accionSauro_2025_01_27__19_45_06_HDR0.jpg,accionSauro_2025_01_27__19_45_06_HDR0_9_Mothbot_yolo11m_4500_imgsz1600_b1_2024-01-18.pt.jpg
,Animalia,Arthropoda,Insecta,Diptera,,,,,,,Diptera,Diptera,Panama_Hoya_1004m_accionSauro_2025-01-26,accionSauro_2025_01_27__19_45_06_HDR0_10_Mothbot_yolo11m_4500_imgsz1600_b1_2024-01-18.pt.jpg,HS,Mothbot_yolo11m_4500_imgsz1600_b1_2024-01-18.pt,0.683852613,,accionSauro,Panama/Hoya_1004m_accionSauro_2025-01-26/2025-01-27/patches/accionSauro_2025_01_27__19_45_06_HDR0_10_Mothbot_yolo11m_4500_imgsz1600_b1_2024-01-18.pt.jpg,ORDER_Diptera,27-01-25,19:45:06,,2025_01_27__19_45_06,MachineObservation,Panama_Hoya_1004m_accionSauro_2025-01-26_2025-01-27,Panama_Hoya_1004m_accionSauro_2025-01-26_2025-01-27,accionSauro_2025_01_27__19_45_06_HDR0.jpg,accionSauro_2025_01_27__19_45_06_HDR0_10_Mothbot_yolo11m_4500_imgsz1600_b1_2024-01-18.pt.jpg
doi.org10.15468dl.6nxkw6.csv,Animalia,Arthropoda,Insecta,Hemiptera,,,,,809,,Hemiptera,Hemiptera,Panama_Hoya_1004m_accionSauro_2025-01-26,accionSauro_2025_01_27__19_45_06_HDR0_11_Mothbot_yolo11m_4500_imgsz1600_b1_2024-01-18.pt.jpg,HS,Mothbot_yolo11m_4500_imgsz1600_b1_2024-01-18.pt,0.661224365,,accionSauro,Panama/Hoya_1004m_accionSauro_2025-01-26/2025-01-27/patches/accionSauro_2025_01_27__19_45_06_HDR0_11_Mothbot_yolo11m_4500_imgsz1600_b1_2024-01-18.pt.jpg,ORDER_Hymenoptera,27-01-25,19:45:06,,2025_01_27__19_45_06,MachineObservation,Panama_Hoya_1004m_accionSauro_2025-01-26_2025-01-27,Panama_Hoya_1004m_accionSauro_2025-01-26_2025-01-27,accionSauro_2025_01_27__19_45_06_HDR0.jpg,accionSauro_2025_01_27__19_45_06_HDR0_11_Mothbot_yolo11m_4500_imgsz1600_b1_2024-01-18.pt.jpg
doi.org10.15468dl.6nxkw6.csv,Animalia,Arthropoda,Insecta,Lepidoptera,Notodontidae,,,,7016,,Notodontidae,Notodontidae,Panama_Hoya_1004m_accionSauro_2025-01-26,accionSauro_2025_01_27__19_45_06_HDR0_12_Mothbot_yolo11m_4500_imgsz1600_b1_2024-01-18.pt.jpg,HS,Mothbot_yolo11m_4500_imgsz1600_b1_2024-01-18.pt,0.619766295,,accionSauro,Panama/Hoya_1004m_accionSauro_2025-01-26/2025-01-27/patches/accionSauro_2025_01_27__19_45_06_HDR0_12_Mothbot_yolo11m_4500_imgsz1600_b1_2024-01-18.pt.jpg,ORDER_Lepidoptera,27-01-25,19:45:06,,2025_01_27__19_45_06,MachineObservation,Panama_Hoya_1004m_accionSauro_2025-01-26_2025-01-27,Panama_Hoya_1004m_accionSauro_2025-01-26_2025-01-27,accionSauro_2025_01_27__19_45_06_HDR0.jpg,accionSauro_2025_01_27__19_45_06_HDR0_12_Mothbot_yolo11m_4500_imgsz1600_b1_2024-01-18.pt.jpg
,Animalia,Arthropoda,Insecta,Diptera,,,,,,,Diptera,Diptera,Panama_Hoya_1004m_accionSauro_2025-01-26,accionSauro_2025_01_27__19_45_06_HDR0_13_Mothbot_yolo11m_4500_imgsz1600_b1_2024-01-18.pt.jpg,HS,Mothbot_yolo11m_4500_imgsz1600_b1_2024-01-18.pt,0.378151804,,accionSauro,Panama/Hoya_1004m_accionSauro_2025-01-26/2025-01-27/patches/accionSauro_2025_01_27__19_45_06_HDR0_13_Mothbot_yolo11m_4500_imgsz1600_b1_2024-01-18.pt.jpg,ORDER_Diptera,27-01-25,19:45:06,,2025_01_27__19_45_06,MachineObservation,Panama_Hoya_1004m_accionSauro_2025-01-26_2025-01-27,Panama_Hoya_1004m_accionSauro_2025-01-26_2025-01-27,accionSauro_2025_01_27__19_45_06_HDR0.jpg,accionSauro_2025_01_27__19_45_06_HDR0_13_Mothbot_yolo11m_4500_imgsz1600_b1_2024-01-18.pt.jpg
doi.org10.15468dl.6nxkw6.csv,Animalia,Arthropoda,Insecta,,,,,,216,,Insecta,Insecta,Panama_Hoya_1004m_accionSauro_2025-01-26,accionSauro_2025_01_27__19_45_06_HDR0_14_Mothbot_yolo11m_4500_imgsz1600_b1_2024-01-18.pt.jpg,HS,Mothbot_yolo11m_4500_imgsz1600_b1_2024-01-18.pt,0.373679042,,accionSauro,Panama/Hoya_1004m_accionSauro_2025-01-26/2025-01-27/patches/accionSauro_2025_01_27__19_45_06_HDR0_14_Mothbot_yolo11m_4500_imgsz1600_b1_2024-01-18.pt.jpg,ORDER_Diptera,27-01-25,19:45:06,,2025_01_27__19_45_06,MachineObservation,Panama_Hoya_1004m_accionSauro_2025-01-26_2025-01-27,Panama_Hoya_1004m_accionSauro_2025-01-26_2025-01-27,accionSauro_2025_01_27__19_45_06_HDR0.jpg,accionSauro_2025_01_27__19_45_06_HDR0_14_Mothbot_yolo11m_4500_imgsz1600_b1_2024-01-18.pt.jpg
doi.org10.15468dl.6nxkw6.csv,Animalia,Arthropoda,Insecta,Hemiptera,,,,,809,,Hemiptera,Hemiptera,Panama_Hoya_1004m_accionSauro_2025-01-26,accionSauro_2025_01_27__19_45_06_HDR0_15_Mothbot_yolo11m_4500_imgsz1600_b1_2024-01-18.pt.jpg,HS,Mothbot_yolo11m_4500_imgsz1600_b1_2024-01-18.pt,0.36909166,,accionSauro,Panama/Hoya_1004m_accionSauro_2025-01-26/2025-01-27/patches/accionSauro_2025_01_27__19_45_06_HDR0_15_Mothbot_yolo11m_4500_imgsz1600_b1_2024-01-18.pt.jpg,ORDER_Diptera,27-01-25,19:45:06,,2025_01_27__19_45_06,MachineObservation,Panama_Hoya_1004m_accionSauro_2025-01-26_2025-01-27,Panama_Hoya_1004m_accionSauro_2025-01-26_2025-01-27,accionSauro_2025_01_27__19_45_06_HDR0.jpg,accionSauro_2025_01_27__19_45_06_HDR0_15_Mothbot_yolo11m_4500_imgsz1600_b1_2024-01-18.pt.jpg
,Animalia,Arthropoda,Insecta,Diptera,,,,,,,Diptera,Diptera,Panama_Hoya_1004m_accionSauro_2025-01-26,accionSauro_2025_01_27__19_45_06_HDR0_16_Mothbot_yolo11m_4500_imgsz1600_b1_2024-01-18.pt.jpg,HS,Mothbot_yolo11m_4500_imgsz1600_b1_2024-01-18.pt,0.366602242,,accionSauro,Panama/Hoya_1004m_accionSauro_2025-01-26/2025-01-27/patches/accionSauro_2025_01_27__19_45_06_HDR0_16_Mothbot_yolo11m_4500_imgsz1600_b1_2024-01-18.pt.jpg,ORDER_Diptera,27-01-25,19:45:06,,2025_01_27__19_45_06,MachineObservation,Panama_Hoya_1004m_accionSauro_2025-01-26_2025-01-27,Panama_Hoya_1004m_accionSauro_2025-01-26_2025-01-27,accionSauro_2025_01_27__19_45_06_HDR0.jpg,accionSauro_2025_01_27__19_45_06_HDR0_16_Mothbot_yolo11m_4500_imgsz1600_b1_2024-01-18.pt.jpg
doi.org10.15468dl.6nxkw6.csv,Animalia,Arthropoda,Insecta,Hemiptera,Rhopalidae,Jadera,coturnix,,2050229,,Jadera coturnix,Jadera coturnix,Panama_Hoya_1004m_accionSauro_2025-01-26,accionSauro_2025_01_27__19_46_06_HDR0_0_Mothbot_yolo11m_4500_imgsz1600_b1_2024-01-18.pt.jpg,HS,Mothbot_yolo11m_4500_imgsz1600_b1_2024-01-18.pt,0.787967861,,accionSauro,Panama/Hoya_1004m_accionSauro_2025-01-26/2025-01-27/patches/accionSauro_2025_01_27__19_46_06_HDR0_0_Mothbot_yolo11m_4500_imgsz1600_b1_2024-01-18.pt.jpg,ORDER_Hemiptera,27-01-25,19:46:06,,2025_01_27__19_46_06,MachineObservation,Panama_Hoya_1004m_accionSauro_2025-01-26_2025-01-27,Panama_Hoya_1004m_accionSauro_2025-01-26_2025-01-27,accionSauro_2025_01_27__19_46_06_HDR0.jpg,accionSauro_2025_01_27__19_46_06_HDR0_0_Mothbot_yolo11m_4500_imgsz1600_b1_2024-01-18.pt.jpg
doi.org10.15468dl.6nxkw6.csv,Animalia,Arthropoda,Insecta,Hemiptera,,,,,809,,Hemiptera,Hemiptera,Panama_Hoya_1004m_accionSauro_2025-01-26,accionSauro_2025_01_27__19_46_06_HDR0_1_Mothbot_yolo11m_4500_imgsz1600_b1_2024-01-18.pt.jpg,HS,Mothbot_yolo11m_4500_imgsz1600_b1_2024-01-18.pt,0.783386409,,accionSauro,Panama/Hoya_1004m_accionSauro_2025-01-26/2025-01-27/patches/accionSauro_2025_01_27__19_46_06_HDR0_1_Mothbot_yolo11m_4500_imgsz1600_b1_2024-01-18.pt.jpg,ORDER_Coleoptera,27-01-25,19:46:06,,2025_01_27__19_46_06,MachineObservation,Panama_Hoya_1004m_accionSauro_2025-01-26_2025-01-27,Panama_Hoya_1004m_accionSauro_2025-01-26_2025-01-27,accionSauro_2025_01_27__19_46_06_HDR0.jpg,accionSauro_2025_01_27__19_46_06_HDR0_1_Mothbot_yolo11m_4500_imgsz1600_b1_2024-01-18.pt.jpg
,Animalia,Arthropoda,Insecta,Hemiptera,,,,,,,Hemiptera,Hemiptera,Panama_Hoya_1004m_accionSauro_2025-01-26,accionSauro_2025_01_27__19_46_06_HDR0_2_Mothbot_yolo11m_4500_imgsz1600_b1_2024-01-18.pt.jpg,HS,Mothbot_yolo11m_4500_imgsz1600_b1_2024-01-18.pt,0.779211223,,accionSauro,Panama/Hoya_1004m_accionSauro_2025-01-26/2025-01-27/patches/accionSauro_2025_01_27__19_46_06_HDR0_2_Mothbot_yolo11m_4500_imgsz1600_b1_2024-01-18.pt.jpg,ORDER_Hemiptera,27-01-25,19:46:06,,2025_01_27__19_46_06,MachineObservation,Panama_Hoya_1004m_accionSauro_2025-01-26_2025-01-27,Panama_Hoya_1004m_accionSauro_2025-01-26_2025-01-27,accionSauro_2025_01_27__19_46_06_HDR0.jpg,accionSauro_2025_01_27__19_46_06_HDR0_2_Mothbot_yolo11m_4500_imgsz1600_b1_2024-01-18.pt.jpg
,Animalia,Arthropoda,Insecta,Diptera,,,,,,,Diptera,Diptera,Panama_Hoya_1004m_accionSauro_2025-01-26,accionSauro_2025_01_27__19_46_06_HDR0_3_Mothbot_yolo11m_4500_imgsz1600_b1_2024-01-18.pt.jpg,HS,Mothbot_yolo11m_4500_imgsz1600_b1_2024-01-18.pt,0.724192262,,accionSauro,Panama/Hoya_1004m_accionSauro_2025-01-26/2025-01-27/patches/accionSauro_2025_01_27__19_46_06_HDR0_3_Mothbot_yolo11m_4500_imgsz1600_b1_2024-01-18.pt.jpg,ORDER_Diptera,27-01-25,19:46:06,,2025_01_27__19_46_06,MachineObservation,Panama_Hoya_1004m_accionSauro_2025-01-26_2025-01-27,Panama_Hoya_1004m_accionSauro_2025-01-26_2025-01-27,accionSauro_2025_01_27__19_46_06_HDR0.jpg,accionSauro_2025_01_27__19_46_06_HDR0_3_Mothbot_yolo11m_4500_imgsz1600_b1_2024-01-18.pt.jpg
,Animalia,Arthropoda,Insecta,Diptera,,,,,,,Diptera,Diptera,Panama_Hoya_1004m_accionSauro_2025-01-26,accionSauro_2025_01_27__19_46_06_HDR0_4_Mothbot_yolo11m_4500_imgsz1600_b1_2024-01-18.pt.jpg,HS,Mothbot_yolo11m_4500_imgsz1600_b1_2024-01-18.pt,0.715536177,,accionSauro,Panama/Hoya_1004m_accionSauro_2025-01-26/2025-01-27/patches/accionSauro_2025_01_27__19_46_06_HDR0_4_Mothbot_yolo11m_4500_imgsz1600_b1_2024-01-18.pt.jpg,ORDER_Diptera,27-01-25,19:46:06,,2025_01_27__19_46_06,MachineObservation,Panama_Hoya_1004m_accionSauro_2025-01-26_2025-01-27,Panama_Hoya_1004m_accionSauro_2025-01-26_2025-01-27,accionSauro_2025_01_27__19_46_06_HDR0.jpg,accionSauro_2025_01_27__19_46_06_HDR0_4_Mothbot_yolo11m_4500_imgsz1600_b1_2024-01-18.pt.jpg
doi.org10.15468dl.6nxkw6.csv,Animalia,Arthropoda,Insecta,Lepidoptera,,,,,797,,Lepidoptera,Lepidoptera,Panama_Hoya_1004m_accionSauro_2025-01-26,accionSauro_2025_01_27__19_46_06_HDR0_5_Mothbot_yolo11m_4500_imgsz1600_b1_2024-01-18.pt.jpg,HS,Mothbot_yolo11m_4500_imgsz1600_b1_2024-01-18.pt,0.706529677,,accionSauro,Panama/Hoya_1004m_accionSauro_2025-01-26/2025-01-27/patches/accionSauro_2025_01_27__19_46_06_HDR0_5_Mothbot_yolo11m_4500_imgsz1600_b1_2024-01-18.pt.jpg,ORDER_Hemiptera,27-01-25,19:46:06,,2025_01_27__19_46_06,MachineObservation,Panama_Hoya_1004m_accionSauro_2025-01-26_2025-01-27,Panama_Hoya_1004m_accionSauro_2025-01-26_2025-01-27,accionSauro_2025_01_27__19_46_06_HDR0.jpg,accionSauro_2025_01_27__19_46_06_HDR0_5_Mothbot_yolo11m_4500_imgsz1600_b1_2024-01-18.pt.jpg
,Animalia,Arthropoda,Insecta,Hemiptera,,,,,,,Hemiptera,Hemiptera,Panama_Hoya_1004m_accionSauro_2025-01-26,accionSauro_2025_01_27__19_46_06_HDR0_6_Mothbot_yolo11m_4500_imgsz1600_b1_2024-01-18.pt.jpg,HS,Mothbot_yolo11m_4500_imgsz1600_b1_2024-01-18.pt,0.686461985,,accionSauro,Panama/Hoya_1004m_accionSauro_2025-01-26/2025-01-27/patches/accionSauro_2025_01_27__19_46_06_HDR0_6_Mothbot_yolo11m_4500_imgsz1600_b1_2024-01-18.pt.jpg,ORDER_Hemiptera,27-01-25,19:46:06,,2025_01_27__19_46_06,MachineObservation,Panama_Hoya_1004m_accionSauro_2025-01-26_2025-01-27,Panama_Hoya_1004m_accionSauro_2025-01-26_2025-01-27,accionSauro_2025_01_27__19_46_06_HDR0.jpg,accionSauro_2025_01_27__19_46_06_HDR0_6_Mothbot_yolo11m_4500_imgsz1600_b1_2024-01-18.pt.jpg
doi.org10.15468dl.6nxkw6.csv,Animalia,Arthropoda,Insecta,Hemiptera,,,,,809,,Hemiptera,Hemiptera,Panama_Hoya_1004m_accionSauro_2025-01-26,accionSauro_2025_01_27__19_46_06_HDR0_7_Mothbot_yolo11m_4500_imgsz1600_b1_2024-01-18.pt.jpg,HS,Mothbot_yolo11m_4500_imgsz1600_b1_2024-01-18.pt,0.663921893,,accionSauro,Panama/Hoya_1004m_accionSauro_2025-01-26/2025-01-27/patches/accionSauro_2025_01_27__19_46_06_HDR0_7_Mothbot_yolo11m_4500_imgsz1600_b1_2024-01-18.pt.jpg,ORDER_Diptera,27-01-25,19:46:06,,2025_01_27__19_46_06,MachineObservation,Panama_Hoya_1004m_accionSauro_2025-01-26_2025-01-27,Panama_Hoya_1004m_accionSauro_2025-01-26_2025-01-27,accionSauro_2025_01_27__19_46_06_HDR0.jpg,accionSauro_2025_01_27__19_46_06_HDR0_7_Mothbot_yolo11m_4500_imgsz1600_b1_2024-01-18.pt.jpg
doi.org10.15468dl.6nxkw6.csv,Animalia,Arthropoda,Insecta,Hemiptera,,,,,809,,Hemiptera,Hemiptera,Panama_Hoya_1004m_accionSauro_2025-01-26,accionSauro_2025_01_27__19_46_06_HDR0_8_Mothbot_yolo11m_4500_imgsz1600_b1_2024-01-18.pt.jpg,HS,Mothbot_yolo11m_4500_imgsz1600_b1_2024-01-18.pt,0.526845992,,accionSauro,Panama/Hoya_1004m_accionSauro_2025-01-26/2025-01-27/patches/accionSauro_2025_01_27__19_46_06_HDR0_8_Mothbot_yolo11m_4500_imgsz1600_b1_2024-01-18.pt.jpg,ORDER_Diptera,27-01-25,19:46:06,,2025_01_27__19_46_06,MachineObservation,Panama_Hoya_1004m_accionSauro_2025-01-26_2025-01-27,Panama_Hoya_1004m_accionSauro_2025-01-26_2025-01-27,accionSauro_2025_01_27__19_46_06_HDR0.jpg,accionSauro_2025_01_27__19_46_06_HDR0_8_Mothbot_yolo11m_4500_imgsz1600_b1_2024-01-18.pt.jpg
doi.org10.15468dl.6nxkw6.csv,Animalia,Arthropoda,Insecta,Lepidoptera,Notodontidae,,,,7016,,Notodontidae,Notodontidae,Panama_Hoya_1004m_accionSauro_2025-01-26,accionSauro_2025_01_27__19_46_06_HDR0_9_Mothbot_yolo11m_4500_imgsz1600_b1_2024-01-18.pt.jpg,HS,Mothbot_yolo11m_4500_imgsz1600_b1_2024-01-18.pt,0.36042574,,accionSauro,Panama/Hoya_1004m_accionSauro_2025-01-26/2025-01-27/patches/accionSauro_2025_01_27__19_46_06_HDR0_9_Mothbot_yolo11m_4500_imgsz1600_b1_2024-01-18.pt.jpg,ERROR_hole,27-01-25,19:46:06,,2025_01_27__19_46_06,MachineObservation,Panama_Hoya_1004m_accionSauro_2025-01-26_2025-01-27,Panama_Hoya_1004m_accionSauro_2025-01-26_2025-01-27,accionSauro_2025_01_27__19_46_06_HDR0.jpg,accionSauro_2025_01_27__19_46_06_HDR0_9_Mothbot_yolo11m_4500_imgsz1600_b1_2024-01-18.pt.jpg
doi.org10.15468dl.6nxkw6.csv,Animalia,Arthropoda,Insecta,Hemiptera,Rhopalidae,Jadera,coturnix,,2050229,,Jadera coturnix,Jadera coturnix,Panama_Hoya_1004m_accionSauro_2025-01-26,accionSauro_2025_01_27__19_47_06_HDR0_0_Mothbot_yolo11m_4500_imgsz1600_b1_2024-01-18.pt.jpg,HS,Mothbot_yolo11m_4500_imgsz1600_b1_2024-01-18.pt,0.771600246,,accionSauro,Panama/Hoya_1004m_accionSauro_2025-01-26/2025-01-27/patches/accionSauro_2025_01_27__19_47_06_HDR0_0_Mothbot_yolo11m_4500_imgsz1600_b1_2024-01-18.pt.jpg,ORDER_Hemiptera,27-01-25,19:47:06,,2025_01_27__19_47_06,MachineObservation,Panama_Hoya_1004m_accionSauro_2025-01-26_2025-01-27,Panama_Hoya_1004m_accionSauro_2025-01-26_2025-01-27,accionSauro_2025_01_27__19_47_06_HDR0.jpg,accionSauro_2025_01_27__19_47_06_HDR0_0_Mothbot_yolo11m_4500_imgsz1600_b1_2024-01-18.pt.jpg
doi.org10.15468dl.6nxkw6.csv,Animalia,Arthropoda,Insecta,Diptera,,,,,,,Diptera,Diptera,Panama_Hoya_1004m_accionSauro_2025-01-26,accionSauro_2025_01_27__19_47_06_HDR0_1_Mothbot_yolo11m_4500_imgsz1600_b1_2024-01-18.pt.jpg,HS,Mothbot_yolo11m_4500_imgsz1600_b1_2024-01-18.pt,0.767665386,,accionSauro,Panama/Hoya_1004m_accionSauro_2025-01-26/2025-01-27/patches/accionSauro_2025_01_27__19_47_06_HDR0_1_Mothbot_yolo11m_4500_imgsz1600_b1_2024-01-18.pt.jpg,ORDER_Hemiptera,27-01-25,19:47:06,,2025_01_27__19_47_06,MachineObservation,Panama_Hoya_1004m_accionSauro_2025-01-26_2025-01-27,Panama_Hoya_1004m_accionSauro_2025-01-26_2025-01-27,accionSauro_2025_01_27__19_47_06_HDR0.jpg,accionSauro_2025_01_27__19_47_06_HDR0_1_Mothbot_yolo11m_4500_imgsz1600_b1_2024-01-18.pt.jpg
,Animalia,Arthropoda,Insecta,Lepidoptera,,,,,,,Lepidoptera,Lepidoptera,Panama_Hoya_1004m_accionSauro_2025-01-26,accionSauro_2025_01_27__19_47_06_HDR0_2_Mothbot_yolo11m_4500_imgsz1600_b1_2024-01-18.pt.jpg,HS,Mothbot_yolo11m_4500_imgsz1600_b1_2024-01-18.pt,0.695504844,,accionSauro,Panama/Hoya_1004m_accionSauro_2025-01-26/2025-01-27/patches/accionSauro_2025_01_27__19_47_06_HDR0_2_Mothbot_yolo11m_4500_imgsz1600_b1_2024-01-18.pt.jpg,ORDER_Lepidoptera,27-01-25,19:47:06,,2025_01_27__19_47_06,MachineObservation,Panama_Hoya_1004m_accionSauro_2025-01-26_2025-01-27,Panama_Hoya_1004m_accionSauro_2025-01-26_2025-01-27,accionSauro_2025_01_27__19_47_06_HDR0.jpg,accionSauro_2025_01_27__19_47_06_HDR0_2_Mothbot_yolo11m_4500_imgsz1600_b1_2024-01-18.pt.jpg
,Animalia,Arthropoda,Insecta,Hemiptera,,,,,,,Hemiptera,Hemiptera,Panama_Hoya_1004m_accionSauro_2025-01-26,accionSauro_2025_01_27__19_47_06_HDR0_3_Mothbot_yolo11m_4500_imgsz1600_b1_2024-01-18.pt.jpg,HS,Mothbot_yolo11m_4500_imgsz1600_b1_2024-01-18.pt,0.666070282,,accionSauro,Panama/Hoya_1004m_accionSauro_2025-01-26/2025-01-27/patches/accionSauro_2025_01_27__19_47_06_HDR0_3_Mothbot_yolo11m_4500_imgsz1600_b1_2024-01-18.pt.jpg,ORDER_Hemiptera,27-01-25,19:47:06,,2025_01_27__19_47_06,MachineObservation,Panama_Hoya_1004m_accionSauro_2025-01-26_2025-01-27,Panama_Hoya_1004m_accionSauro_2025-01-26_2025-01-27,accionSauro_2025_01_27__19_47_06_HDR0.jpg,accionSauro_2025_01_27__19_47_06_HDR0_3_Mothbot_yolo11m_4500_imgsz1600_b1_2024-01-18.pt.jpg
,Animalia,Arthropoda,Insecta,Hemiptera,,,,,,,Hemiptera,Hemiptera,Panama_Hoya_1004m_accionSauro_2025-01-26,accionSauro_2025_01_27__19_47_06_HDR0_4_Mothbot_yolo11m_4500_imgsz1600_b1_2024-01-18.pt.jpg,HS,Mothbot_yolo11m_4500_imgsz1600_b1_2024-01-18.pt,0.665343702,,accionSauro,Panama/Hoya_1004m_accionSauro_2025-01-26/2025-01-27/patches/accionSauro_2025_01_27__19_47_06_HDR0_4_Mothbot_yolo11m_4500_imgsz1600_b1_2024-01-18.pt.jpg,ORDER_Hemiptera,27-01-25,19:47:06,,2025_01_27__19_47_06,MachineObservation,Panama_Hoya_1004m_accionSauro_2025-01-26_2025-01-27,Panama_Hoya_1004m_accionSauro_2025-01-26_2025-01-27,accionSauro_2025_01_27__19_47_06_HDR0.jpg,accionSauro_2025_01_27__19_47_06_HDR0_4_Mothbot_yolo11m_4500_imgsz1600_b1_2024-01-18.pt.jpg
doi.org10.15468dl.6nxkw6.csv,Animalia,Arthropoda,Insecta,Lepidoptera,Notodontidae,,,,7016,,Notodontidae,Notodontidae,Panama_Hoya_1004m_accionSauro_2025-01-26,accionSauro_2025_01_27__19_47_06_HDR0_5_Mothbot_yolo11m_4500_imgsz1600_b1_2024-01-18.pt.jpg,HS,Mothbot_yolo11m_4500_imgsz1600_b1_2024-01-18.pt,0.599567592,,accionSauro,Panama/Hoya_1004m_accionSauro_2025-01-26/2025-01-27/patches/accionSauro_2025_01_27__19_47_06_HDR0_5_Mothbot_yolo11m_4500_imgsz1600_b1_2024-01-18.pt.jpg,ERROR_background,27-01-25,19:47:06,,2025_01_27__19_47_06,MachineObservation,Panama_Hoya_1004m_accionSauro_2025-01-26_2025-01-27,Panama_Hoya_1004m_accionSauro_2025-01-26_2025-01-27,accionSauro_2025_01_27__19_47_06_HDR0.jpg,accionSauro_2025_01_27__19_47_06_HDR0_5_Mothbot_yolo11m_4500_imgsz1600_b1_2024-01-18.pt.jpg
doi.org10.15468dl.6nxkw6.csv,Animalia,Arthropoda,Insecta,Diptera,,,,,811,,Diptera,Diptera,Panama_Hoya_1004m_accionSauro_2025-01-26,accionSauro_2025_01_27__19_47_06_HDR0_6_Mothbot_yolo11m_4500_imgsz1600_b1_2024-01-18.pt.jpg,HS,Mothbot_yolo11m_4500_imgsz1600_b1_2024-01-18.pt,0.289206505,,accionSauro,Panama/Hoya_1004m_accionSauro_2025-01-26/2025-01-27/patches/accionSauro_2025_01_27__19_47_06_HDR0_6_Mothbot_yolo11m_4500_imgsz1600_b1_2024-01-18.pt.jpg,ORDER_Psocodea,27-01-25,19:47:06,,2025_01_27__19_47_06,MachineObservation,Panama_Hoya_1004m_accionSauro_2025-01-26_2025-01-27,Panama_Hoya_1004m_accionSauro_2025-01-26_2025-01-27,accionSauro_2025_01_27__19_47_06_HDR0.jpg,accionSauro_2025_01_27__19_47_06_HDR0_6_Mothbot_yolo11m_4500_imgsz1600_b1_2024-01-18.pt.jpg
,Animalia,Arthropoda,Insecta,Diptera,,,,,,,Diptera,Diptera,Panama_Hoya_1004m_accionSauro_2025-01-26,accionSauro_2025_01_27__19_48_06_HDR0_0_Mothbot_yolo11m_4500_imgsz1600_b1_2024-01-18.pt.jpg,HS,Mothbot_yolo11m_4500_imgsz1600_b1_2024-01-18.pt,0.759717882,,accionSauro,Panama/Hoya_1004m_accionSauro_2025-01-26/2025-01-27/patches/accionSauro_2025_01_27__19_48_06_HDR0_0_Mothbot_yolo11m_4500_imgsz1600_b1_2024-01-18.pt.jpg,ORDER_Diptera,27-01-25,19:48:06,,2025_01_27__19_48_06,MachineObservation,Panama_Hoya_1004m_accionSauro_2025-01-26_2025-01-27,Panama_Hoya_1004m_accionSauro_2025-01-26_2025-01-27,accionSauro_2025_01_27__19_48_06_HDR0.jpg,accionSauro_2025_01_27__19_48_06_HDR0_0_Mothbot_yolo11m_4500_imgsz1600_b1_2024-01-18.pt.jpg
,Animalia,Arthropoda,Insecta,Lepidoptera,,,,,,,Lepidoptera,Lepidoptera,Panama_Hoya_1004m_accionSauro_2025-01-26,accionSauro_2025_01_27__19_48_06_HDR0_1_Mothbot_yolo11m_4500_imgsz1600_b1_2024-01-18.pt.jpg,HS,Mothbot_yolo11m_4500_imgsz1600_b1_2024-01-18.pt,0.695328772,,accionSauro,Panama/Hoya_1004m_accionSauro_2025-01-26/2025-01-27/patches/accionSauro_2025_01_27__19_48_06_HDR0_1_Mothbot_yolo11m_4500_imgsz1600_b1_2024-01-18.pt.jpg,ORDER_Lepidoptera,27-01-25,19:48:06,,2025_01_27__19_48_06,MachineObservation,Panama_Hoya_1004m_accionSauro_2025-01-26_2025-01-27,Panama_Hoya_1004m_accionSauro_2025-01-26_2025-01-27,accionSauro_2025_01_27__19_48_06_HDR0.jpg,accionSauro_2025_01_27__19_48_06_HDR0_1_Mothbot_yolo11m_4500_imgsz1600_b1_2024-01-18.pt.jpg
,Animalia,Arthropoda,Insecta,Hemiptera,,,,,,,Hemiptera,Hemiptera,Panama_Hoya_1004m_accionSauro_2025-01-26,accionSauro_2025_01_27__19_48_06_HDR0_2_Mothbot_yolo11m_4500_imgsz1600_b1_2024-01-18.pt.jpg,HS,Mothbot_yolo11m_4500_imgsz1600_b1_2024-01-18.pt,0.662940502,,accionSauro,Panama/Hoya_1004m_accionSauro_2025-01-26/2025-01-27/patches/accionSauro_2025_01_27__19_48_06_HDR0_2_Mothbot_yolo11m_4500_imgsz1600_b1_2024-01-18.pt.jpg,ORDER_Hemiptera,27-01-25,19:48:06,,2025_01_27__19_48_06,MachineObservation,Panama_Hoya_1004m_accionSauro_2025-01-26_2025-01-27,Panama_Hoya_1004m_accionSauro_2025-01-26_2025-01-27,accionSauro_2025_01_27__19_48_06_HDR0.jpg,accionSauro_2025_01_27__19_48_06_HDR0_2_Mothbot_yolo11m_4500_imgsz1600_b1_2024-01-18.pt.jpg
doi.org10.15468dl.6nxkw6.csv,Animalia,Arthropoda,Insecta,,,,,,216,,Insecta,Insecta,Panama_Hoya_1004m_accionSauro_2025-01-26,accionSauro_2025_01_27__19_48_06_HDR0_3_Mothbot_yolo11m_4500_imgsz1600_b1_2024-01-18.pt.jpg,HS,Mothbot_yolo11m_4500_imgsz1600_b1_2024-01-18.pt,0.29125011,,accionSauro,Panama/Hoya_1004m_accionSauro_2025-01-26/2025-01-27/patches/accionSauro_2025_01_27__19_48_06_HDR0_3_Mothbot_yolo11m_4500_imgsz1600_b1_2024-01-18.pt.jpg,ORDER_Hymenoptera,27-01-25,19:48:06,,2025_01_27__19_48_06,MachineObservation,Panama_Hoya_1004m_accionSauro_2025-01-26_2025-01-27,Panama_Hoya_1004m_accionSauro_2025-01-26_2025-01-27,accionSauro_2025_01_27__19_48_06_HDR0.jpg,accionSauro_2025_01_27__19_48_06_HDR0_3_Mothbot_yolo11m_4500_imgsz1600_b1_2024-01-18.pt.jpg
doi.org10.15468dl.6nxkw6.csv,Animalia,Arthropoda,Insecta,Hemiptera,Rhopalidae,Jadera,coturnix,,2050229,,Jadera coturnix,Jadera coturnix,Panama_Hoya_1004m_accionSauro_2025-01-26,accionSauro_2025_01_27__19_49_06_HDR0_0_Mothbot_yolo11m_4500_imgsz1600_b1_2024-01-18.pt.jpg,HS,Mothbot_yolo11m_4500_imgsz1600_b1_2024-01-18.pt,0.796246052,,accionSauro,Panama/Hoya_1004m_accionSauro_2025-01-26/2025-01-27/patches/accionSauro_2025_01_27__19_49_06_HDR0_0_Mothbot_yolo11m_4500_imgsz1600_b1_2024-01-18.pt.jpg,ORDER_Hemiptera,27-01-25,19:49:06,,2025_01_27__19_49_06,MachineObservation,Panama_Hoya_1004m_accionSauro_2025-01-26_2025-01-27,Panama_Hoya_1004m_accionSauro_2025-01-26_2025-01-27,accionSauro_2025_01_27__19_49_06_HDR0.jpg,accionSauro_2025_01_27__19_49_06_HDR0_0_Mothbot_yolo11m_4500_imgsz1600_b1_2024-01-18.pt.jpg
doi.org10.15468dl.6nxkw6.csv,Animalia,Arthropoda,Insecta,Diptera,,,,,,,Diptera,Diptera,Panama_Hoya_1004m_accionSauro_2025-01-26,accionSauro_2025_01_27__19_49_06_HDR0_1_Mothbot_yolo11m_4500_imgsz1600_b1_2024-01-18.pt.jpg,HS,Mothbot_yolo11m_4500_imgsz1600_b1_2024-01-18.pt,0.796183527,,accionSauro,Panama/Hoya_1004m_accionSauro_2025-01-26/2025-01-27/patches/accionSauro_2025_01_27__19_49_06_HDR0_1_Mothbot_yolo11m_4500_imgsz1600_b1_2024-01-18.pt.jpg,ORDER_Hemiptera,27-01-25,19:49:06,,2025_01_27__19_49_06,MachineObservation,Panama_Hoya_1004m_accionSauro_2025-01-26_2025-01-27,Panama_Hoya_1004m_accionSauro_2025-01-26_2025-01-27,accionSauro_2025_01_27__19_49_06_HDR0.jpg,accionSauro_2025_01_27__19_49_06_HDR0_1_Mothbot_yolo11m_4500_imgsz1600_b1_2024-01-18.pt.jpg
,Animalia,Arthropoda,Insecta,Hemiptera,,,,,,,Hemiptera,Hemiptera,Panama_Hoya_1004m_accionSauro_2025-01-26,accionSauro_2025_01_27__19_49_06_HDR0_2_Mothbot_yolo11m_4500_imgsz1600_b1_2024-01-18.pt.jpg,HS,Mothbot_yolo11m_4500_imgsz1600_b1_2024-01-18.pt,0.772290945,,accionSauro,Panama/Hoya_1004m_accionSauro_2025-01-26/2025-01-27/patches/accionSauro_2025_01_27__19_49_06_HDR0_2_Mothbot_yolo11m_4500_imgsz1600_b1_2024-01-18.pt.jpg,ORDER_Hemiptera,27-01-25,19:49:06,,2025_01_27__19_49_06,MachineObservation,Panama_Hoya_1004m_accionSauro_2025-01-26_2025-01-27,Panama_Hoya_1004m_accionSauro_2025-01-26_2025-01-27,accionSauro_2025_01_27__19_49_06_HDR0.jpg,accionSauro_2025_01_27__19_49_06_HDR0_2_Mothbot_yolo11m_4500_imgsz1600_b1_2024-01-18.pt.jpg
,Animalia,Arthropoda,Insecta,Hemiptera,,,,,,,Hemiptera,Hemiptera,Panama_Hoya_1004m_accionSauro_2025-01-26,accionSauro_2025_01_27__19_49_06_HDR0_3_Mothbot_yolo11m_4500_imgsz1600_b1_2024-01-18.pt.jpg,HS,Mothbot_yolo11m_4500_imgsz1600_b1_2024-01-18.pt,0.718283772,,accionSauro,Panama/Hoya_1004m_accionSauro_2025-01-26/2025-01-27/patches/accionSauro_2025_01_27__19_49_06_HDR0_3_Mothbot_yolo11m_4500_imgsz1600_b1_2024-01-18.pt.jpg,ORDER_Hemiptera,27-01-25,19:49:06,,2025_01_27__19_49_06,MachineObservation,Panama_Hoya_1004m_accionSauro_2025-01-26_2025-01-27,Panama_Hoya_1004m_accionSauro_2025-01-26_2025-01-27,accionSauro_2025_01_27__19_49_06_HDR0.jpg,accionSauro_2025_01_27__19_49_06_HDR0_3_Mothbot_yolo11m_4500_imgsz1600_b1_2024-01-18.pt.jpg
doi.org10.15468dl.6nxkw6.csv,Animalia,Arthropoda,Insecta,Lepidoptera,,,,,797,,Lepidoptera,Lepidoptera,Panama_Hoya_1004m_accionSauro_2025-01-26,accionSauro_2025_01_27__19_49_06_HDR0_4_Mothbot_yolo11m_4500_imgsz1600_b1_2024-01-18.pt.jpg,HS,Mothbot_yolo11m_4500_imgsz1600_b1_2024-01-18.pt,0.69253391,,accionSauro,Panama/Hoya_1004m_accionSauro_2025-01-26/2025-01-27/patches/accionSauro_2025_01_27__19_49_06_HDR0_4_Mothbot_yolo11m_4500_imgsz1600_b1_2024-01-18.pt.jpg,ORDER_Hemiptera,27-01-25,19:49:06,,2025_01_27__19_49_06,MachineObservation,Panama_Hoya_1004m_accionSauro_2025-01-26_2025-01-27,Panama_Hoya_1004m_accionSauro_2025-01-26_2025-01-27,accionSauro_2025_01_27__19_49_06_HDR0.jpg,accionSauro_2025_01_27__19_49_06_HDR0_4_Mothbot_yolo11m_4500_imgsz1600_b1_2024-01-18.pt.jpg
doi.org10.15468dl.6nxkw6.csv,Animalia,Arthropoda,Insecta,,,,,,216,,Insecta,Insecta,Panama_Hoya_1004m_accionSauro_2025-01-26,accionSauro_2025_01_27__19_49_06_HDR0_5_Mothbot_yolo11m_4500_imgsz1600_b1_2024-01-18.pt.jpg,HS,Mothbot_yolo11m_4500_imgsz1600_b1_2024-01-18.pt,0.322736293,,accionSauro,Panama/Hoya_1004m_accionSauro_2025-01-26/2025-01-27/patches/accionSauro_2025_01_27__19_49_06_HDR0_5_Mothbot_yolo11m_4500_imgsz1600_b1_2024-01-18.pt.jpg,ORDER_Diptera,27-01-25,19:49:06,,2025_01_27__19_49_06,MachineObservation,Panama_Hoya_1004m_accionSauro_2025-01-26_2025-01-27,Panama_Hoya_1004m_accionSauro_2025-01-26_2025-01-27,accionSauro_2025_01_27__19_49_06_HDR0.jpg,accionSauro_2025_01_27__19_49_06_HDR0_5_Mothbot_yolo11m_4500_imgsz1600_b1_2024-01-18.pt.jpg
doi.org10.15468dl.6nxkw6.csv,Animalia,Arthropoda,Insecta,Diptera,,,,,,,Diptera,Diptera,Panama_Hoya_1004m_accionSauro_2025-01-26,accionSauro_2025_01_27__19_50_22_HDR0_0_Mothbot_yolo11m_4500_imgsz1600_b1_2024-01-18.pt.jpg,HS,Mothbot_yolo11m_4500_imgsz1600_b1_2024-01-18.pt,0.758721948,,accionSauro,Panama/Hoya_1004m_accionSauro_2025-01-26/2025-01-27/patches/accionSauro_2025_01_27__19_50_22_HDR0_0_Mothbot_yolo11m_4500_imgsz1600_b1_2024-01-18.pt.jpg,ORDER_Hemiptera,27-01-25,19:50:22,,2025_01_27__19_50_22,MachineObservation,Panama_Hoya_1004m_accionSauro_2025-01-26_2025-01-27,Panama_Hoya_1004m_accionSauro_2025-01-26_2025-01-27,accionSauro_2025_01_27__19_50_22_HDR0.jpg,accionSauro_2025_01_27__19_50_22_HDR0_0_Mothbot_yolo11m_4500_imgsz1600_b1_2024-01-18.pt.jpg
doi.org10.15468dl.6nxkw6.csv,Animalia,Arthropoda,Insecta,Hemiptera,Rhopalidae,Jadera,coturnix,,2050229,,Jadera coturnix,Jadera coturnix,Panama_Hoya_1004m_accionSauro_2025-01-26,accionSauro_2025_01_27__19_50_22_HDR0_1_Mothbot_yolo11m_4500_imgsz1600_b1_2024-01-18.pt.jpg,HS,Mothbot_yolo11m_4500_imgsz1600_b1_2024-01-18.pt,0.746836364,,accionSauro,Panama/Hoya_1004m_accionSauro_2025-01-26/2025-01-27/patches/accionSauro_2025_01_27__19_50_22_HDR0_1_Mothbot_yolo11m_4500_imgsz1600_b1_2024-01-18.pt.jpg,ORDER_Hemiptera,27-01-25,19:50:22,,2025_01_27__19_50_22,MachineObservation,Panama_Hoya_1004m_accionSauro_2025-01-26_2025-01-27,Panama_Hoya_1004m_accionSauro_2025-01-26_2025-01-27,accionSauro_2025_01_27__19_50_22_HDR0.jpg,accionSauro_2025_01_27__19_50_22_HDR0_1_Mothbot_yolo11m_4500_imgsz1600_b1_2024-01-18.pt.jpg
doi.org10.15468dl.6nxkw6.csv,Animalia,Arthropoda,Insecta,Hemiptera,,,,,809,,Hemiptera,Hemiptera,Panama_Hoya_1004m_accionSauro_2025-01-26,accionSauro_2025_01_27__19_50_22_HDR0_2_Mothbot_yolo11m_4500_imgsz1600_b1_2024-01-18.pt.jpg,HS,Mothbot_yolo11m_4500_imgsz1600_b1_2024-01-18.pt,0.631273627,,accionSauro,Panama/Hoya_1004m_accionSauro_2025-01-26/2025-01-27/patches/accionSauro_2025_01_27__19_50_22_HDR0_2_Mothbot_yolo11m_4500_imgsz1600_b1_2024-01-18.pt.jpg,ORDER_Diptera,27-01-25,19:50:22,,2025_01_27__19_50_22,MachineObservation,Panama_Hoya_1004m_accionSauro_2025-01-26_2025-01-27,Panama_Hoya_1004m_accionSauro_2025-01-26_2025-01-27,accionSauro_2025_01_27__19_50_22_HDR0.jpg,accionSauro_2025_01_27__19_50_22_HDR0_2_Mothbot_yolo11m_4500_imgsz1600_b1_2024-01-18.pt.jpg
,Animalia,Arthropoda,Insecta,Diptera,,,,,,,Diptera,Diptera,Panama_Hoya_1004m_accionSauro_2025-01-26,accionSauro_2025_01_27__19_50_22_HDR0_3_Mothbot_yolo11m_4500_imgsz1600_b1_2024-01-18.pt.jpg,HS,Mothbot_yolo11m_4500_imgsz1600_b1_2024-01-18.pt,0.537687659,,accionSauro,Panama/Hoya_1004m_accionSauro_2025-01-26/2025-01-27/patches/accionSauro_2025_01_27__19_50_22_HDR0_3_Mothbot_yolo11m_4500_imgsz1600_b1_2024-01-18.pt.jpg,ORDER_Diptera,27-01-25,19:50:22,,2025_01_27__19_50_22,MachineObservation,Panama_Hoya_1004m_accionSauro_2025-01-26_2025-01-27,Panama_Hoya_1004m_accionSauro_2025-01-26_2025-01-27,accionSauro_2025_01_27__19_50_22_HDR0.jpg,accionSauro_2025_01_27__19_50_22_HDR0_3_Mothbot_yolo11m_4500_imgsz1600_b1_2024-01-18.pt.jpg
doi.org10.15468dl.6nxkw6.csv,Animalia,Arthropoda,Insecta,Diptera,,,,,811,,Diptera,Diptera,Panama_Hoya_1004m_accionSauro_2025-01-26,accionSauro_2025_01_27__19_50_22_HDR0_4_Mothbot_yolo11m_4500_imgsz1600_b1_2024-01-18.pt.jpg,HS,Mothbot_yolo11m_4500_imgsz1600_b1_2024-01-18.pt,0.287570059,,accionSauro,Panama/Hoya_1004m_accionSauro_2025-01-26/2025-01-27/patches/accionSauro_2025_01_27__19_50_22_HDR0_4_Mothbot_yolo11m_4500_imgsz1600_b1_2024-01-18.pt.jpg,ORDER_Coleoptera,27-01-25,19:50:22,,2025_01_27__19_50_22,MachineObservation,Panama_Hoya_1004m_accionSauro_2025-01-26_2025-01-27,Panama_Hoya_1004m_accionSauro_2025-01-26_2025-01-27,accionSauro_2025_01_27__19_50_22_HDR0.jpg,accionSauro_2025_01_27__19_50_22_HDR0_4_Mothbot_yolo11m_4500_imgsz1600_b1_2024-01-18.pt.jpg
doi.org10.15468dl.6nxkw6.csv,Animalia,Arthropoda,Insecta,Hemiptera,Rhopalidae,Jadera,coturnix,,2050229,,Jadera coturnix,Jadera coturnix,Panama_Hoya_1004m_accionSauro_2025-01-26,accionSauro_2025_01_27__19_51_06_HDR0_0_Mothbot_yolo11m_4500_imgsz1600_b1_2024-01-18.pt.jpg,HS,Mothbot_yolo11m_4500_imgsz1600_b1_2024-01-18.pt,0.750733793,,accionSauro,Panama/Hoya_1004m_accionSauro_2025-01-26/2025-01-27/patches/accionSauro_2025_01_27__19_51_06_HDR0_0_Mothbot_yolo11m_4500_imgsz1600_b1_2024-01-18.pt.jpg,ORDER_Hemiptera,27-01-25,19:51:06,,2025_01_27__19_51_06,MachineObservation,Panama_Hoya_1004m_accionSauro_2025-01-26_2025-01-27,Panama_Hoya_1004m_accionSauro_2025-01-26_2025-01-27,accionSauro_2025_01_27__19_51_06_HDR0.jpg,accionSauro_2025_01_27__19_51_06_HDR0_0_Mothbot_yolo11m_4500_imgsz1600_b1_2024-01-18.pt.jpg
doi.org10.15468dl.6nxkw6.csv,Animalia,Arthropoda,Insecta,Hemiptera,,,,,809,,Hemiptera,Hemiptera,Panama_Hoya_1004m_accionSauro_2025-01-26,accionSauro_2025_01_27__19_51_06_HDR0_1_Mothbot_yolo11m_4500_imgsz1600_b1_2024-01-18.pt.jpg,HS,Mothbot_yolo11m_4500_imgsz1600_b1_2024-01-18.pt,0.733317375,,accionSauro,Panama/Hoya_1004m_accionSauro_2025-01-26/2025-01-27/patches/accionSauro_2025_01_27__19_51_06_HDR0_1_Mothbot_yolo11m_4500_imgsz1600_b1_2024-01-18.pt.jpg,ORDER_Psocodea,27-01-25,19:51:06,,2025_01_27__19_51_06,MachineObservation,Panama_Hoya_1004m_accionSauro_2025-01-26_2025-01-27,Panama_Hoya_1004m_accionSauro_2025-01-26_2025-01-27,accionSauro_2025_01_27__19_51_06_HDR0.jpg,accionSauro_2025_01_27__19_51_06_HDR0_1_Mothbot_yolo11m_4500_imgsz1600_b1_2024-01-18.pt.jpg
doi.org10.15468dl.6nxkw6.csv,Animalia,Arthropoda,Insecta,Diptera,,,,,,,Diptera,Diptera,Panama_Hoya_1004m_accionSauro_2025-01-26,accionSauro_2025_01_27__19_51_06_HDR0_2_Mothbot_yolo11m_4500_imgsz1600_b1_2024-01-18.pt.jpg,HS,Mothbot_yolo11m_4500_imgsz1600_b1_2024-01-18.pt,0.730048954,,accionSauro,Panama/Hoya_1004m_accionSauro_2025-01-26/2025-01-27/patches/accionSauro_2025_01_27__19_51_06_HDR0_2_Mothbot_yolo11m_4500_imgsz1600_b1_2024-01-18.pt.jpg,ORDER_Hemiptera,27-01-25,19:51:06,,2025_01_27__19_51_06,MachineObservation,Panama_Hoya_1004m_accionSauro_2025-01-26_2025-01-27,Panama_Hoya_1004m_accionSauro_2025-01-26_2025-01-27,accionSauro_2025_01_27__19_51_06_HDR0.jpg,accionSauro_2025_01_27__19_51_06_HDR0_2_Mothbot_yolo11m_4500_imgsz1600_b1_2024-01-18.pt.jpg
doi.org10.15468dl.6nxkw6.csv,Animalia,Arthropoda,Insecta,Diptera,,,,,,,Diptera,Diptera,Panama_Hoya_1004m_accionSauro_2025-01-26,accionSauro_2025_01_27__19_51_06_HDR0_3_Mothbot_yolo11m_4500_imgsz1600_b1_2024-01-18.pt.jpg,HS,Mothbot_yolo11m_4500_imgsz1600_b1_2024-01-18.pt,0.705910325,,accionSauro,Panama/Hoya_1004m_accionSauro_2025-01-26/2025-01-27/patches/accionSauro_2025_01_27__19_51_06_HDR0_3_Mothbot_yolo11m_4500_imgsz1600_b1_2024-01-18.pt.jpg,ORDER_Hemiptera,27-01-25,19:51:06,,2025_01_27__19_51_06,MachineObservation,Panama_Hoya_1004m_accionSauro_2025-01-26_2025-01-27,Panama_Hoya_1004m_accionSauro_2025-01-26_2025-01-27,accionSauro_2025_01_27__19_51_06_HDR0.jpg,accionSauro_2025_01_27__19_51_06_HDR0_3_Mothbot_yolo11m_4500_imgsz1600_b1_2024-01-18.pt.jpg
doi.org10.15468dl.6nxkw6.csv,Animalia,Arthropoda,Insecta,Diptera,,,,,,,Diptera,Diptera,Panama_Hoya_1004m_accionSauro_2025-01-26,accionSauro_2025_01_27__19_51_06_HDR0_4_Mothbot_yolo11m_4500_imgsz1600_b1_2024-01-18.pt.jpg,HS,Mothbot_yolo11m_4500_imgsz1600_b1_2024-01-18.pt,0.662471235,,accionSauro,Panama/Hoya_1004m_accionSauro_2025-01-26/2025-01-27/patches/accionSauro_2025_01_27__19_51_06_HDR0_4_Mothbot_yolo11m_4500_imgsz1600_b1_2024-01-18.pt.jpg,ORDER_Trichoptera,27-01-25,19:51:06,,2025_01_27__19_51_06,MachineObservation,Panama_Hoya_1004m_accionSauro_2025-01-26_2025-01-27,Panama_Hoya_1004m_accionSauro_2025-01-26_2025-01-27,accionSauro_2025_01_27__19_51_06_HDR0.jpg,accionSauro_2025_01_27__19_51_06_HDR0_4_Mothbot_yolo11m_4500_imgsz1600_b1_2024-01-18.pt.jpg
doi.org10.15468dl.6nxkw6.csv,Animalia,Arthropoda,Insecta,Hemiptera,,,,,809,,Hemiptera,Hemiptera,Panama_Hoya_1004m_accionSauro_2025-01-26,accionSauro_2025_01_27__19_51_06_HDR0_5_Mothbot_yolo11m_4500_imgsz1600_b1_2024-01-18.pt.jpg,HS,Mothbot_yolo11m_4500_imgsz1600_b1_2024-01-18.pt,0.5348261,,accionSauro,Panama/Hoya_1004m_accionSauro_2025-01-26/2025-01-27/patches/accionSauro_2025_01_27__19_51_06_HDR0_5_Mothbot_yolo11m_4500_imgsz1600_b1_2024-01-18.pt.jpg,ORDER_Diptera,27-01-25,19:51:06,,2025_01_27__19_51_06,MachineObservation,Panama_Hoya_1004m_accionSauro_2025-01-26_2025-01-27,Panama_Hoya_1004m_accionSauro_2025-01-26_2025-01-27,accionSauro_2025_01_27__19_51_06_HDR0.jpg,accionSauro_2025_01_27__19_51_06_HDR0_5_Mothbot_yolo11m_4500_imgsz1600_b1_2024-01-18.pt.jpg
,Animalia,Arthropoda,Insecta,Diptera,,,,,,,Diptera,Diptera,Panama_Hoya_1004m_accionSauro_2025-01-26,accionSauro_2025_01_27__19_51_06_HDR0_6_Mothbot_yolo11m_4500_imgsz1600_b1_2024-01-18.pt.jpg,HS,Mothbot_yolo11m_4500_imgsz1600_b1_2024-01-18.pt,0.513529181,,accionSauro,Panama/Hoya_1004m_accionSauro_2025-01-26/2025-01-27/patches/accionSauro_2025_01_27__19_51_06_HDR0_6_Mothbot_yolo11m_4500_imgsz1600_b1_2024-01-18.pt.jpg,ORDER_Diptera,27-01-25,19:51:06,,2025_01_27__19_51_06,MachineObservation,Panama_Hoya_1004m_accionSauro_2025-01-26_2025-01-27,Panama_Hoya_1004m_accionSauro_2025-01-26_2025-01-27,accionSauro_2025_01_27__19_51_06_HDR0.jpg,accionSauro_2025_01_27__19_51_06_HDR0_6_Mothbot_yolo11m_4500_imgsz1600_b1_2024-01-18.pt.jpg
,Animalia,Arthropoda,Insecta,Hemiptera,,,,,,,Hemiptera,Hemiptera,Panama_Hoya_1004m_accionSauro_2025-01-26,accionSauro_2025_01_27__19_51_06_HDR0_7_Mothbot_yolo11m_4500_imgsz1600_b1_2024-01-18.pt.jpg,HS,Mothbot_yolo11m_4500_imgsz1600_b1_2024-01-18.pt,0.465151548,,accionSauro,Panama/Hoya_1004m_accionSauro_2025-01-26/2025-01-27/patches/accionSauro_2025_01_27__19_51_06_HDR0_7_Mothbot_yolo11m_4500_imgsz1600_b1_2024-01-18.pt.jpg,ORDER_Hemiptera,27-01-25,19:51:06,,2025_01_27__19_51_06,MachineObservation,Panama_Hoya_1004m_accionSauro_2025-01-26_2025-01-27,Panama_Hoya_1004m_accionSauro_2025-01-26_2025-01-27,accionSauro_2025_01_27__19_51_06_HDR0.jpg,accionSauro_2025_01_27__19_51_06_HDR0_7_Mothbot_yolo11m_4500_imgsz1600_b1_2024-01-18.pt.jpg
doi.org10.15468dl.6nxkw6.csv,Animalia,Arthropoda,Insecta,,,,,,216,,Insecta,Insecta,Panama_Hoya_1004m_accionSauro_2025-01-26,accionSauro_2025_01_27__19_51_06_HDR0_8_Mothbot_yolo11m_4500_imgsz1600_b1_2024-01-18.pt.jpg,HS,Mothbot_yolo11m_4500_imgsz1600_b1_2024-01-18.pt,0.377695769,,accionSauro,Panama/Hoya_1004m_accionSauro_2025-01-26/2025-01-27/patches/accionSauro_2025_01_27__19_51_06_HDR0_8_Mothbot_yolo11m_4500_imgsz1600_b1_2024-01-18.pt.jpg,ORDER_Lepidoptera,27-01-25,19:51:06,,2025_01_27__19_51_06,MachineObservation,Panama_Hoya_1004m_accionSauro_2025-01-26_2025-01-27,Panama_Hoya_1004m_accionSauro_2025-01-26_2025-01-27,accionSauro_2025_01_27__19_51_06_HDR0.jpg,accionSauro_2025_01_27__19_51_06_HDR0_8_Mothbot_yolo11m_4500_imgsz1600_b1_2024-01-18.pt.jpg
doi.org10.15468dl.6nxkw6.csv,Animalia,Arthropoda,Insecta,Diptera,,,,,811,,Diptera,Diptera,Panama_Hoya_1004m_accionSauro_2025-01-26,accionSauro_2025_01_27__19_51_06_HDR0_9_Mothbot_yolo11m_4500_imgsz1600_b1_2024-01-18.pt.jpg,HS,Mothbot_yolo11m_4500_imgsz1600_b1_2024-01-18.pt,0.354355603,,accionSauro,Panama/Hoya_1004m_accionSauro_2025-01-26/2025-01-27/patches/accionSauro_2025_01_27__19_51_06_HDR0_9_Mothbot_yolo11m_4500_imgsz1600_b1_2024-01-18.pt.jpg,ORDER_Psocodea,27-01-25,19:51:06,,2025_01_27__19_51_06,MachineObservation,Panama_Hoya_1004m_accionSauro_2025-01-26_2025-01-27,Panama_Hoya_1004m_accionSauro_2025-01-26_2025-01-27,accionSauro_2025_01_27__19_51_06_HDR0.jpg,accionSauro_2025_01_27__19_51_06_HDR0_9_Mothbot_yolo11m_4500_imgsz1600_b1_2024-01-18.pt.jpg
,Animalia,Arthropoda,Insecta,Hemiptera,,,,,,,Hemiptera,Hemiptera,Panama_Hoya_1004m_accionSauro_2025-01-26,accionSauro_2025_01_27__19_52_06_HDR0_0_Mothbot_yolo11m_4500_imgsz1600_b1_2024-01-18.pt.jpg,HS,Mothbot_yolo11m_4500_imgsz1600_b1_2024-01-18.pt,0.748681903,,accionSauro,Panama/Hoya_1004m_accionSauro_2025-01-26/2025-01-27/patches/accionSauro_2025_01_27__19_52_06_HDR0_0_Mothbot_yolo11m_4500_imgsz1600_b1_2024-01-18.pt.jpg,ORDER_Hemiptera,27-01-25,19:52:06,,2025_01_27__19_52_06,MachineObservation,Panama_Hoya_1004m_accionSauro_2025-01-26_2025-01-27,Panama_Hoya_1004m_accionSauro_2025-01-26_2025-01-27,accionSauro_2025_01_27__19_52_06_HDR0.jpg,accionSauro_2025_01_27__19_52_06_HDR0_0_Mothbot_yolo11m_4500_imgsz1600_b1_2024-01-18.pt.jpg
,Animalia,Arthropoda,Insecta,Hemiptera,,,,,,,Hemiptera,Hemiptera,Panama_Hoya_1004m_accionSauro_2025-01-26,accionSauro_2025_01_27__19_52_06_HDR0_1_Mothbot_yolo11m_4500_imgsz1600_b1_2024-01-18.pt.jpg,HS,Mothbot_yolo11m_4500_imgsz1600_b1_2024-01-18.pt,0.73784095,,accionSauro,Panama/Hoya_1004m_accionSauro_2025-01-26/2025-01-27/patches/accionSauro_2025_01_27__19_52_06_HDR0_1_Mothbot_yolo11m_4500_imgsz1600_b1_2024-01-18.pt.jpg,ORDER_Hemiptera,27-01-25,19:52:06,,2025_01_27__19_52_06,MachineObservation,Panama_Hoya_1004m_accionSauro_2025-01-26_2025-01-27,Panama_Hoya_1004m_accionSauro_2025-01-26_2025-01-27,accionSauro_2025_01_27__19_52_06_HDR0.jpg,accionSauro_2025_01_27__19_52_06_HDR0_1_Mothbot_yolo11m_4500_imgsz1600_b1_2024-01-18.pt.jpg
doi.org10.15468dl.6nxkw6.csv,Animalia,Arthropoda,Insecta,Hemiptera,Rhopalidae,Jadera,coturnix,,2050229,,Jadera coturnix,Jadera coturnix,Panama_Hoya_1004m_accionSauro_2025-01-26,accionSauro_2025_01_27__19_52_06_HDR0_2_Mothbot_yolo11m_4500_imgsz1600_b1_2024-01-18.pt.jpg,HS,Mothbot_yolo11m_4500_imgsz1600_b1_2024-01-18.pt,0.721334696,,accionSauro,Panama/Hoya_1004m_accionSauro_2025-01-26/2025-01-27/patches/accionSauro_2025_01_27__19_52_06_HDR0_2_Mothbot_yolo11m_4500_imgsz1600_b1_2024-01-18.pt.jpg,ORDER_Hemiptera,27-01-25,19:52:06,,2025_01_27__19_52_06,MachineObservation,Panama_Hoya_1004m_accionSauro_2025-01-26_2025-01-27,Panama_Hoya_1004m_accionSauro_2025-01-26_2025-01-27,accionSauro_2025_01_27__19_52_06_HDR0.jpg,accionSauro_2025_01_27__19_52_06_HDR0_2_Mothbot_yolo11m_4500_imgsz1600_b1_2024-01-18.pt.jpg
doi.org10.15468dl.6nxkw6.csv,Animalia,Arthropoda,Insecta,Diptera,,,,,,,Diptera,Diptera,Panama_Hoya_1004m_accionSauro_2025-01-26,accionSauro_2025_01_27__19_52_06_HDR0_3_Mothbot_yolo11m_4500_imgsz1600_b1_2024-01-18.pt.jpg,HS,Mothbot_yolo11m_4500_imgsz1600_b1_2024-01-18.pt,0.692054093,,accionSauro,Panama/Hoya_1004m_accionSauro_2025-01-26/2025-01-27/patches/accionSauro_2025_01_27__19_52_06_HDR0_3_Mothbot_yolo11m_4500_imgsz1600_b1_2024-01-18.pt.jpg,ORDER_Hemiptera,27-01-25,19:52:06,,2025_01_27__19_52_06,MachineObservation,Panama_Hoya_1004m_accionSauro_2025-01-26_2025-01-27,Panama_Hoya_1004m_accionSauro_2025-01-26_2025-01-27,accionSauro_2025_01_27__19_52_06_HDR0.jpg,accionSauro_2025_01_27__19_52_06_HDR0_3_Mothbot_yolo11m_4500_imgsz1600_b1_2024-01-18.pt.jpg
doi.org10.15468dl.6nxkw6.csv,Animalia,Arthropoda,Insecta,Hemiptera,,,,,809,,Hemiptera,Hemiptera,Panama_Hoya_1004m_accionSauro_2025-01-26,accionSauro_2025_01_27__19_52_06_HDR0_4_Mothbot_yolo11m_4500_imgsz1600_b1_2024-01-18.pt.jpg,HS,Mothbot_yolo11m_4500_imgsz1600_b1_2024-01-18.pt,0.660721123,,accionSauro,Panama/Hoya_1004m_accionSauro_2025-01-26/2025-01-27/patches/accionSauro_2025_01_27__19_52_06_HDR0_4_Mothbot_yolo11m_4500_imgsz1600_b1_2024-01-18.pt.jpg,ORDER_Psocodea,27-01-25,19:52:06,,2025_01_27__19_52_06,MachineObservation,Panama_Hoya_1004m_accionSauro_2025-01-26_2025-01-27,Panama_Hoya_1004m_accionSauro_2025-01-26_2025-01-27,accionSauro_2025_01_27__19_52_06_HDR0.jpg,accionSauro_2025_01_27__19_52_06_HDR0_4_Mothbot_yolo11m_4500_imgsz1600_b1_2024-01-18.pt.jpg
,Animalia,Arthropoda,Insecta,Diptera,,,,,,,Diptera,Diptera,Panama_Hoya_1004m_accionSauro_2025-01-26,accionSauro_2025_01_27__19_52_06_HDR0_5_Mothbot_yolo11m_4500_imgsz1600_b1_2024-01-18.pt.jpg,HS,Mothbot_yolo11m_4500_imgsz1600_b1_2024-01-18.pt,0.660506248,,accionSauro,Panama/Hoya_1004m_accionSauro_2025-01-26/2025-01-27/patches/accionSauro_2025_01_27__19_52_06_HDR0_5_Mothbot_yolo11m_4500_imgsz1600_b1_2024-01-18.pt.jpg,ORDER_Diptera,27-01-25,19:52:06,,2025_01_27__19_52_06,MachineObservation,Panama_Hoya_1004m_accionSauro_2025-01-26_2025-01-27,Panama_Hoya_1004m_accionSauro_2025-01-26_2025-01-27,accionSauro_2025_01_27__19_52_06_HDR0.jpg,accionSauro_2025_01_27__19_52_06_HDR0_5_Mothbot_yolo11m_4500_imgsz1600_b1_2024-01-18.pt.jpg
doi.org10.15468dl.6nxkw6.csv,Animalia,Arthropoda,Insecta,Hemiptera,,,,,809,,Hemiptera,Hemiptera,Panama_Hoya_1004m_accionSauro_2025-01-26,accionSauro_2025_01_27__19_52_06_HDR0_6_Mothbot_yolo11m_4500_imgsz1600_b1_2024-01-18.pt.jpg,HS,Mothbot_yolo11m_4500_imgsz1600_b1_2024-01-18.pt,0.64960438,,accionSauro,Panama/Hoya_1004m_accionSauro_2025-01-26/2025-01-27/patches/accionSauro_2025_01_27__19_52_06_HDR0_6_Mothbot_yolo11m_4500_imgsz1600_b1_2024-01-18.pt.jpg,ORDER_Diptera,27-01-25,19:52:06,,2025_01_27__19_52_06,MachineObservation,Panama_Hoya_1004m_accionSauro_2025-01-26_2025-01-27,Panama_Hoya_1004m_accionSauro_2025-01-26_2025-01-27,accionSauro_2025_01_27__19_52_06_HDR0.jpg,accionSauro_2025_01_27__19_52_06_HDR0_6_Mothbot_yolo11m_4500_imgsz1600_b1_2024-01-18.pt.jpg
,Animalia,Arthropoda,Insecta,Hemiptera,,,,,,,Hemiptera,Hemiptera,Panama_Hoya_1004m_accionSauro_2025-01-26,accionSauro_2025_01_27__19_52_06_HDR0_7_Mothbot_yolo11m_4500_imgsz1600_b1_2024-01-18.pt.jpg,HS,Mothbot_yolo11m_4500_imgsz1600_b1_2024-01-18.pt,0.260706246,,accionSauro,Panama/Hoya_1004m_accionSauro_2025-01-26/2025-01-27/patches/accionSauro_2025_01_27__19_52_06_HDR0_7_Mothbot_yolo11m_4500_imgsz1600_b1_2024-01-18.pt.jpg,ORDER_Hemiptera,27-01-25,19:52:06,,2025_01_27__19_52_06,MachineObservation,Panama_Hoya_1004m_accionSauro_2025-01-26_2025-01-27,Panama_Hoya_1004m_accionSauro_2025-01-26_2025-01-27,accionSauro_2025_01_27__19_52_06_HDR0.jpg,accionSauro_2025_01_27__19_52_06_HDR0_7_Mothbot_yolo11m_4500_imgsz1600_b1_2024-01-18.pt.jpg
doi.org10.15468dl.6nxkw6.csv,Animalia,Arthropoda,Insecta,Hemiptera,Rhopalidae,Jadera,coturnix,,2050229,,Jadera coturnix,Jadera coturnix,Panama_Hoya_1004m_accionSauro_2025-01-26,accionSauro_2025_01_27__19_53_06_HDR0_0_Mothbot_yolo11m_4500_imgsz1600_b1_2024-01-18.pt.jpg,HS,Mothbot_yolo11m_4500_imgsz1600_b1_2024-01-18.pt,0.775651753,,accionSauro,Panama/Hoya_1004m_accionSauro_2025-01-26/2025-01-27/patches/accionSauro_2025_01_27__19_53_06_HDR0_0_Mothbot_yolo11m_4500_imgsz1600_b1_2024-01-18.pt.jpg,ORDER_Hemiptera,27-01-25,19:53:06,,2025_01_27__19_53_06,MachineObservation,Panama_Hoya_1004m_accionSauro_2025-01-26_2025-01-27,Panama_Hoya_1004m_accionSauro_2025-01-26_2025-01-27,accionSauro_2025_01_27__19_53_06_HDR0.jpg,accionSauro_2025_01_27__19_53_06_HDR0_0_Mothbot_yolo11m_4500_imgsz1600_b1_2024-01-18.pt.jpg
,Animalia,Arthropoda,Insecta,Hemiptera,,,,,,,Hemiptera,Hemiptera,Panama_Hoya_1004m_accionSauro_2025-01-26,accionSauro_2025_01_27__19_53_06_HDR0_1_Mothbot_yolo11m_4500_imgsz1600_b1_2024-01-18.pt.jpg,HS,Mothbot_yolo11m_4500_imgsz1600_b1_2024-01-18.pt,0.771897912,,accionSauro,Panama/Hoya_1004m_accionSauro_2025-01-26/2025-01-27/patches/accionSauro_2025_01_27__19_53_06_HDR0_1_Mothbot_yolo11m_4500_imgsz1600_b1_2024-01-18.pt.jpg,ORDER_Hemiptera,27-01-25,19:53:06,,2025_01_27__19_53_06,MachineObservation,Panama_Hoya_1004m_accionSauro_2025-01-26_2025-01-27,Panama_Hoya_1004m_accionSauro_2025-01-26_2025-01-27,accionSauro_2025_01_27__19_53_06_HDR0.jpg,accionSauro_2025_01_27__19_53_06_HDR0_1_Mothbot_yolo11m_4500_imgsz1600_b1_2024-01-18.pt.jpg
doi.org10.15468dl.6nxkw6.csv,Animalia,Arthropoda,Insecta,Diptera,,,,,,,Diptera,Diptera,Panama_Hoya_1004m_accionSauro_2025-01-26,accionSauro_2025_01_27__19_53_06_HDR0_2_Mothbot_yolo11m_4500_imgsz1600_b1_2024-01-18.pt.jpg,HS,Mothbot_yolo11m_4500_imgsz1600_b1_2024-01-18.pt,0.769092917,,accionSauro,Panama/Hoya_1004m_accionSauro_2025-01-26/2025-01-27/patches/accionSauro_2025_01_27__19_53_06_HDR0_2_Mothbot_yolo11m_4500_imgsz1600_b1_2024-01-18.pt.jpg,ORDER_Hemiptera,27-01-25,19:53:06,,2025_01_27__19_53_06,MachineObservation,Panama_Hoya_1004m_accionSauro_2025-01-26_2025-01-27,Panama_Hoya_1004m_accionSauro_2025-01-26_2025-01-27,accionSauro_2025_01_27__19_53_06_HDR0.jpg,accionSauro_2025_01_27__19_53_06_HDR0_2_Mothbot_yolo11m_4500_imgsz1600_b1_2024-01-18.pt.jpg
,Animalia,Arthropoda,Insecta,Hemiptera,,,,,,,Hemiptera,Hemiptera,Panama_Hoya_1004m_accionSauro_2025-01-26,accionSauro_2025_01_27__19_53_06_HDR0_3_Mothbot_yolo11m_4500_imgsz1600_b1_2024-01-18.pt.jpg,HS,Mothbot_yolo11m_4500_imgsz1600_b1_2024-01-18.pt,0.742090046,,accionSauro,Panama/Hoya_1004m_accionSauro_2025-01-26/2025-01-27/patches/accionSauro_2025_01_27__19_53_06_HDR0_3_Mothbot_yolo11m_4500_imgsz1600_b1_2024-01-18.pt.jpg,ORDER_Hemiptera,27-01-25,19:53:06,,2025_01_27__19_53_06,MachineObservation,Panama_Hoya_1004m_accionSauro_2025-01-26_2025-01-27,Panama_Hoya_1004m_accionSauro_2025-01-26_2025-01-27,accionSauro_2025_01_27__19_53_06_HDR0.jpg,accionSauro_2025_01_27__19_53_06_HDR0_3_Mothbot_yolo11m_4500_imgsz1600_b1_2024-01-18.pt.jpg
doi.org10.15468dl.6nxkw6.csv,Animalia,Arthropoda,Insecta,Diptera,,,,,,,Diptera,Diptera,Panama_Hoya_1004m_accionSauro_2025-01-26,accionSauro_2025_01_27__19_53_06_HDR0_4_Mothbot_yolo11m_4500_imgsz1600_b1_2024-01-18.pt.jpg,HS,Mothbot_yolo11m_4500_imgsz1600_b1_2024-01-18.pt,0.738576293,,accionSauro,Panama/Hoya_1004m_accionSauro_2025-01-26/2025-01-27/patches/accionSauro_2025_01_27__19_53_06_HDR0_4_Mothbot_yolo11m_4500_imgsz1600_b1_2024-01-18.pt.jpg,ORDER_Hemiptera,27-01-25,19:53:06,,2025_01_27__19_53_06,MachineObservation,Panama_Hoya_1004m_accionSauro_2025-01-26_2025-01-27,Panama_Hoya_1004m_accionSauro_2025-01-26_2025-01-27,accionSauro_2025_01_27__19_53_06_HDR0.jpg,accionSauro_2025_01_27__19_53_06_HDR0_4_Mothbot_yolo11m_4500_imgsz1600_b1_2024-01-18.pt.jpg
,Animalia,Arthropoda,Insecta,Hemiptera,,,,,,,Hemiptera,Hemiptera,Panama_Hoya_1004m_accionSauro_2025-01-26,accionSauro_2025_01_27__19_53_06_HDR0_5_Mothbot_yolo11m_4500_imgsz1600_b1_2024-01-18.pt.jpg,HS,Mothbot_yolo11m_4500_imgsz1600_b1_2024-01-18.pt,0.654255152,,accionSauro,Panama/Hoya_1004m_accionSauro_2025-01-26/2025-01-27/patches/accionSauro_2025_01_27__19_53_06_HDR0_5_Mothbot_yolo11m_4500_imgsz1600_b1_2024-01-18.pt.jpg,ORDER_Hemiptera,27-01-25,19:53:06,,2025_01_27__19_53_06,MachineObservation,Panama_Hoya_1004m_accionSauro_2025-01-26_2025-01-27,Panama_Hoya_1004m_accionSauro_2025-01-26_2025-01-27,accionSauro_2025_01_27__19_53_06_HDR0.jpg,accionSauro_2025_01_27__19_53_06_HDR0_5_Mothbot_yolo11m_4500_imgsz1600_b1_2024-01-18.pt.jpg
,Animalia,Arthropoda,Insecta,Diptera,,,,,,,Diptera,Diptera,Panama_Hoya_1004m_accionSauro_2025-01-26,accionSauro_2025_01_27__19_53_06_HDR0_6_Mothbot_yolo11m_4500_imgsz1600_b1_2024-01-18.pt.jpg,HS,Mothbot_yolo11m_4500_imgsz1600_b1_2024-01-18.pt,0.62389648,,accionSauro,Panama/Hoya_1004m_accionSauro_2025-01-26/2025-01-27/patches/accionSauro_2025_01_27__19_53_06_HDR0_6_Mothbot_yolo11m_4500_imgsz1600_b1_2024-01-18.pt.jpg,ORDER_Diptera,27-01-25,19:53:06,,2025_01_27__19_53_06,MachineObservation,Panama_Hoya_1004m_accionSauro_2025-01-26_2025-01-27,Panama_Hoya_1004m_accionSauro_2025-01-26_2025-01-27,accionSauro_2025_01_27__19_53_06_HDR0.jpg,accionSauro_2025_01_27__19_53_06_HDR0_6_Mothbot_yolo11m_4500_imgsz1600_b1_2024-01-18.pt.jpg
doi.org10.15468dl.6nxkw6.csv,Animalia,Arthropoda,Insecta,Hemiptera,,,,,809,,Hemiptera,Hemiptera,Panama_Hoya_1004m_accionSauro_2025-01-26,accionSauro_2025_01_27__19_53_06_HDR0_7_Mothbot_yolo11m_4500_imgsz1600_b1_2024-01-18.pt.jpg,HS,Mothbot_yolo11m_4500_imgsz1600_b1_2024-01-18.pt,0.608383894,,accionSauro,Panama/Hoya_1004m_accionSauro_2025-01-26/2025-01-27/patches/accionSauro_2025_01_27__19_53_06_HDR0_7_Mothbot_yolo11m_4500_imgsz1600_b1_2024-01-18.pt.jpg,ORDER_Psocodea,27-01-25,19:53:06,,2025_01_27__19_53_06,MachineObservation,Panama_Hoya_1004m_accionSauro_2025-01-26_2025-01-27,Panama_Hoya_1004m_accionSauro_2025-01-26_2025-01-27,accionSauro_2025_01_27__19_53_06_HDR0.jpg,accionSauro_2025_01_27__19_53_06_HDR0_7_Mothbot_yolo11m_4500_imgsz1600_b1_2024-01-18.pt.jpg
,Animalia,Arthropoda,Insecta,Hemiptera,,,,,,,Hemiptera,Hemiptera,Panama_Hoya_1004m_accionSauro_2025-01-26,accionSauro_2025_01_27__19_53_06_HDR0_8_Mothbot_yolo11m_4500_imgsz1600_b1_2024-01-18.pt.jpg,HS,Mothbot_yolo11m_4500_imgsz1600_b1_2024-01-18.pt,0.553805768,,accionSauro,Panama/Hoya_1004m_accionSauro_2025-01-26/2025-01-27/patches/accionSauro_2025_01_27__19_53_06_HDR0_8_Mothbot_yolo11m_4500_imgsz1600_b1_2024-01-18.pt.jpg,ORDER_Hemiptera,27-01-25,19:53:06,,2025_01_27__19_53_06,MachineObservation,Panama_Hoya_1004m_accionSauro_2025-01-26_2025-01-27,Panama_Hoya_1004m_accionSauro_2025-01-26_2025-01-27,accionSauro_2025_01_27__19_53_06_HDR0.jpg,accionSauro_2025_01_27__19_53_06_HDR0_8_Mothbot_yolo11m_4500_imgsz1600_b1_2024-01-18.pt.jpg
doi.org10.15468dl.6nxkw6.csv,Animalia,Arthropoda,Insecta,Hemiptera,Rhopalidae,Jadera,coturnix,,2050229,,Jadera coturnix,Jadera coturnix,Panama_Hoya_1004m_accionSauro_2025-01-26,accionSauro_2025_01_27__19_54_06_HDR0_0_Mothbot_yolo11m_4500_imgsz1600_b1_2024-01-18.pt.jpg,HS,Mothbot_yolo11m_4500_imgsz1600_b1_2024-01-18.pt,0.773610473,,accionSauro,Panama/Hoya_1004m_accionSauro_2025-01-26/2025-01-27/patches/accionSauro_2025_01_27__19_54_06_HDR0_0_Mothbot_yolo11m_4500_imgsz1600_b1_2024-01-18.pt.jpg,ORDER_Hemiptera,27-01-25,19:54:06,,2025_01_27__19_54_06,MachineObservation,Panama_Hoya_1004m_accionSauro_2025-01-26_2025-01-27,Panama_Hoya_1004m_accionSauro_2025-01-26_2025-01-27,accionSauro_2025_01_27__19_54_06_HDR0.jpg,accionSauro_2025_01_27__19_54_06_HDR0_0_Mothbot_yolo11m_4500_imgsz1600_b1_2024-01-18.pt.jpg
doi.org10.15468dl.6nxkw6.csv,Animalia,Arthropoda,Insecta,Hemiptera,,,,,809,,Hemiptera,Hemiptera,Panama_Hoya_1004m_accionSauro_2025-01-26,accionSauro_2025_01_27__19_54_06_HDR0_1_Mothbot_yolo11m_4500_imgsz1600_b1_2024-01-18.pt.jpg,HS,Mothbot_yolo11m_4500_imgsz1600_b1_2024-01-18.pt,0.744418383,,accionSauro,Panama/Hoya_1004m_accionSauro_2025-01-26/2025-01-27/patches/accionSauro_2025_01_27__19_54_06_HDR0_1_Mothbot_yolo11m_4500_imgsz1600_b1_2024-01-18.pt.jpg,ORDER_Diptera,27-01-25,19:54:06,,2025_01_27__19_54_06,MachineObservation,Panama_Hoya_1004m_accionSauro_2025-01-26_2025-01-27,Panama_Hoya_1004m_accionSauro_2025-01-26_2025-01-27,accionSauro_2025_01_27__19_54_06_HDR0.jpg,accionSauro_2025_01_27__19_54_06_HDR0_1_Mothbot_yolo11m_4500_imgsz1600_b1_2024-01-18.pt.jpg
doi.org10.15468dl.6nxkw6.csv,Animalia,Arthropoda,Insecta,Diptera,,,,,,,Diptera,Diptera,Panama_Hoya_1004m_accionSauro_2025-01-26,accionSauro_2025_01_27__19_54_06_HDR0_2_Mothbot_yolo11m_4500_imgsz1600_b1_2024-01-18.pt.jpg,HS,Mothbot_yolo11m_4500_imgsz1600_b1_2024-01-18.pt,0.740049303,,accionSauro,Panama/Hoya_1004m_accionSauro_2025-01-26/2025-01-27/patches/accionSauro_2025_01_27__19_54_06_HDR0_2_Mothbot_yolo11m_4500_imgsz1600_b1_2024-01-18.pt.jpg,ORDER_Hemiptera,27-01-25,19:54:06,,2025_01_27__19_54_06,MachineObservation,Panama_Hoya_1004m_accionSauro_2025-01-26_2025-01-27,Panama_Hoya_1004m_accionSauro_2025-01-26_2025-01-27,accionSauro_2025_01_27__19_54_06_HDR0.jpg,accionSauro_2025_01_27__19_54_06_HDR0_2_Mothbot_yolo11m_4500_imgsz1600_b1_2024-01-18.pt.jpg
,Animalia,Arthropoda,Insecta,Hemiptera,,,,,,,Hemiptera,Hemiptera,Panama_Hoya_1004m_accionSauro_2025-01-26,accionSauro_2025_01_27__19_54_06_HDR0_3_Mothbot_yolo11m_4500_imgsz1600_b1_2024-01-18.pt.jpg,HS,Mothbot_yolo11m_4500_imgsz1600_b1_2024-01-18.pt,0.735571146,,accionSauro,Panama/Hoya_1004m_accionSauro_2025-01-26/2025-01-27/patches/accionSauro_2025_01_27__19_54_06_HDR0_3_Mothbot_yolo11m_4500_imgsz1600_b1_2024-01-18.pt.jpg,ORDER_Hemiptera,27-01-25,19:54:06,,2025_01_27__19_54_06,MachineObservation,Panama_Hoya_1004m_accionSauro_2025-01-26_2025-01-27,Panama_Hoya_1004m_accionSauro_2025-01-26_2025-01-27,accionSauro_2025_01_27__19_54_06_HDR0.jpg,accionSauro_2025_01_27__19_54_06_HDR0_3_Mothbot_yolo11m_4500_imgsz1600_b1_2024-01-18.pt.jpg
doi.org10.15468dl.6nxkw6.csv,Animalia,Arthropoda,Insecta,Hemiptera,,,,,809,,Hemiptera,Hemiptera,Panama_Hoya_1004m_accionSauro_2025-01-26,accionSauro_2025_01_27__19_54_06_HDR0_4_Mothbot_yolo11m_4500_imgsz1600_b1_2024-01-18.pt.jpg,HS,Mothbot_yolo11m_4500_imgsz1600_b1_2024-01-18.pt,0.733384669,,accionSauro,Panama/Hoya_1004m_accionSauro_2025-01-26/2025-01-27/patches/accionSauro_2025_01_27__19_54_06_HDR0_4_Mothbot_yolo11m_4500_imgsz1600_b1_2024-01-18.pt.jpg,ORDER_Diptera,27-01-25,19:54:06,,2025_01_27__19_54_06,MachineObservation,Panama_Hoya_1004m_accionSauro_2025-01-26_2025-01-27,Panama_Hoya_1004m_accionSauro_2025-01-26_2025-01-27,accionSauro_2025_01_27__19_54_06_HDR0.jpg,accionSauro_2025_01_27__19_54_06_HDR0_4_Mothbot_yolo11m_4500_imgsz1600_b1_2024-01-18.pt.jpg
,Animalia,Arthropoda,Insecta,Hemiptera,,,,,,,Hemiptera,Hemiptera,Panama_Hoya_1004m_accionSauro_2025-01-26,accionSauro_2025_01_27__19_54_06_HDR0_5_Mothbot_yolo11m_4500_imgsz1600_b1_2024-01-18.pt.jpg,HS,Mothbot_yolo11m_4500_imgsz1600_b1_2024-01-18.pt,0.725437403,,accionSauro,Panama/Hoya_1004m_accionSauro_2025-01-26/2025-01-27/patches/accionSauro_2025_01_27__19_54_06_HDR0_5_Mothbot_yolo11m_4500_imgsz1600_b1_2024-01-18.pt.jpg,ORDER_Hemiptera,27-01-25,19:54:06,,2025_01_27__19_54_06,MachineObservation,Panama_Hoya_1004m_accionSauro_2025-01-26_2025-01-27,Panama_Hoya_1004m_accionSauro_2025-01-26_2025-01-27,accionSauro_2025_01_27__19_54_06_HDR0.jpg,accionSauro_2025_01_27__19_54_06_HDR0_5_Mothbot_yolo11m_4500_imgsz1600_b1_2024-01-18.pt.jpg
,Animalia,Arthropoda,Insecta,Hemiptera,,,,,,,Hemiptera,Hemiptera,Panama_Hoya_1004m_accionSauro_2025-01-26,accionSauro_2025_01_27__19_54_06_HDR0_6_Mothbot_yolo11m_4500_imgsz1600_b1_2024-01-18.pt.jpg,HS,Mothbot_yolo11m_4500_imgsz1600_b1_2024-01-18.pt,0.702471256,,accionSauro,Panama/Hoya_1004m_accionSauro_2025-01-26/2025-01-27/patches/accionSauro_2025_01_27__19_54_06_HDR0_6_Mothbot_yolo11m_4500_imgsz1600_b1_2024-01-18.pt.jpg,ORDER_Hemiptera,27-01-25,19:54:06,,2025_01_27__19_54_06,MachineObservation,Panama_Hoya_1004m_accionSauro_2025-01-26_2025-01-27,Panama_Hoya_1004m_accionSauro_2025-01-26_2025-01-27,accionSauro_2025_01_27__19_54_06_HDR0.jpg,accionSauro_2025_01_27__19_54_06_HDR0_6_Mothbot_yolo11m_4500_imgsz1600_b1_2024-01-18.pt.jpg
,Animalia,Arthropoda,Insecta,Hemiptera,,,,,,,Hemiptera,Hemiptera,Panama_Hoya_1004m_accionSauro_2025-01-26,accionSauro_2025_01_27__19_54_06_HDR0_7_Mothbot_yolo11m_4500_imgsz1600_b1_2024-01-18.pt.jpg,HS,Mothbot_yolo11m_4500_imgsz1600_b1_2024-01-18.pt,0.621029794,,accionSauro,Panama/Hoya_1004m_accionSauro_2025-01-26/2025-01-27/patches/accionSauro_2025_01_27__19_54_06_HDR0_7_Mothbot_yolo11m_4500_imgsz1600_b1_2024-01-18.pt.jpg,ORDER_Hemiptera,27-01-25,19:54:06,,2025_01_27__19_54_06,MachineObservation,Panama_Hoya_1004m_accionSauro_2025-01-26_2025-01-27,Panama_Hoya_1004m_accionSauro_2025-01-26_2025-01-27,accionSauro_2025_01_27__19_54_06_HDR0.jpg,accionSauro_2025_01_27__19_54_06_HDR0_7_Mothbot_yolo11m_4500_imgsz1600_b1_2024-01-18.pt.jpg
,Animalia,Arthropoda,Insecta,Hemiptera,,,,,,,Hemiptera,Hemiptera,Panama_Hoya_1004m_accionSauro_2025-01-26,accionSauro_2025_01_27__19_54_06_HDR0_8_Mothbot_yolo11m_4500_imgsz1600_b1_2024-01-18.pt.jpg,HS,Mothbot_yolo11m_4500_imgsz1600_b1_2024-01-18.pt,0.589857042,,accionSauro,Panama/Hoya_1004m_accionSauro_2025-01-26/2025-01-27/patches/accionSauro_2025_01_27__19_54_06_HDR0_8_Mothbot_yolo11m_4500_imgsz1600_b1_2024-01-18.pt.jpg,ORDER_Hemiptera,27-01-25,19:54:06,,2025_01_27__19_54_06,MachineObservation,Panama_Hoya_1004m_accionSauro_2025-01-26_2025-01-27,Panama_Hoya_1004m_accionSauro_2025-01-26_2025-01-27,accionSauro_2025_01_27__19_54_06_HDR0.jpg,accionSauro_2025_01_27__19_54_06_HDR0_8_Mothbot_yolo11m_4500_imgsz1600_b1_2024-01-18.pt.jpg
,Animalia,Arthropoda,Insecta,Diptera,,,,,,,Diptera,Diptera,Panama_Hoya_1004m_accionSauro_2025-01-26,accionSauro_2025_01_27__19_54_06_HDR0_9_Mothbot_yolo11m_4500_imgsz1600_b1_2024-01-18.pt.jpg,HS,Mothbot_yolo11m_4500_imgsz1600_b1_2024-01-18.pt,0.567418635,,accionSauro,Panama/Hoya_1004m_accionSauro_2025-01-26/2025-01-27/patches/accionSauro_2025_01_27__19_54_06_HDR0_9_Mothbot_yolo11m_4500_imgsz1600_b1_2024-01-18.pt.jpg,ORDER_Diptera,27-01-25,19:54:06,,2025_01_27__19_54_06,MachineObservation,Panama_Hoya_1004m_accionSauro_2025-01-26_2025-01-27,Panama_Hoya_1004m_accionSauro_2025-01-26_2025-01-27,accionSauro_2025_01_27__19_54_06_HDR0.jpg,accionSauro_2025_01_27__19_54_06_HDR0_9_Mothbot_yolo11m_4500_imgsz1600_b1_2024-01-18.pt.jpg
,Animalia,Arthropoda,Insecta,Diptera,,,,,,,Diptera,Diptera,Panama_Hoya_1004m_accionSauro_2025-01-26,accionSauro_2025_01_27__19_54_06_HDR0_10_Mothbot_yolo11m_4500_imgsz1600_b1_2024-01-18.pt.jpg,HS,Mothbot_yolo11m_4500_imgsz1600_b1_2024-01-18.pt,0.445918858,,accionSauro,Panama/Hoya_1004m_accionSauro_2025-01-26/2025-01-27/patches/accionSauro_2025_01_27__19_54_06_HDR0_10_Mothbot_yolo11m_4500_imgsz1600_b1_2024-01-18.pt.jpg,ORDER_Diptera,27-01-25,19:54:06,,2025_01_27__19_54_06,MachineObservation,Panama_Hoya_1004m_accionSauro_2025-01-26_2025-01-27,Panama_Hoya_1004m_accionSauro_2025-01-26_2025-01-27,accionSauro_2025_01_27__19_54_06_HDR0.jpg,accionSauro_2025_01_27__19_54_06_HDR0_10_Mothbot_yolo11m_4500_imgsz1600_b1_2024-01-18.pt.jpg
,Animalia,Arthropoda,Insecta,Hemiptera,,,,,,,Hemiptera,Hemiptera,Panama_Hoya_1004m_accionSauro_2025-01-26,accionSauro_2025_01_27__19_54_06_HDR0_11_Mothbot_yolo11m_4500_imgsz1600_b1_2024-01-18.pt.jpg,HS,Mothbot_yolo11m_4500_imgsz1600_b1_2024-01-18.pt,0.406361043,,accionSauro,Panama/Hoya_1004m_accionSauro_2025-01-26/2025-01-27/patches/accionSauro_2025_01_27__19_54_06_HDR0_11_Mothbot_yolo11m_4500_imgsz1600_b1_2024-01-18.pt.jpg,ORDER_Hemiptera,27-01-25,19:54:06,,2025_01_27__19_54_06,MachineObservation,Panama_Hoya_1004m_accionSauro_2025-01-26_2025-01-27,Panama_Hoya_1004m_accionSauro_2025-01-26_2025-01-27,accionSauro_2025_01_27__19_54_06_HDR0.jpg,accionSauro_2025_01_27__19_54_06_HDR0_11_Mothbot_yolo11m_4500_imgsz1600_b1_2024-01-18.pt.jpg
doi.org10.15468dl.6nxkw6.csv,Animalia,Arthropoda,Insecta,Hemiptera,,,,,809,,Hemiptera,Hemiptera,Panama_Hoya_1004m_accionSauro_2025-01-26,accionSauro_2025_01_27__19_54_06_HDR0_12_Mothbot_yolo11m_4500_imgsz1600_b1_2024-01-18.pt.jpg,HS,Mothbot_yolo11m_4500_imgsz1600_b1_2024-01-18.pt,0.288504183,,accionSauro,Panama/Hoya_1004m_accionSauro_2025-01-26/2025-01-27/patches/accionSauro_2025_01_27__19_54_06_HDR0_12_Mothbot_yolo11m_4500_imgsz1600_b1_2024-01-18.pt.jpg,ORDER_Diptera,27-01-25,19:54:06,,2025_01_27__19_54_06,MachineObservation,Panama_Hoya_1004m_accionSauro_2025-01-26_2025-01-27,Panama_Hoya_1004m_accionSauro_2025-01-26_2025-01-27,accionSauro_2025_01_27__19_54_06_HDR0.jpg,accionSauro_2025_01_27__19_54_06_HDR0_12_Mothbot_yolo11m_4500_imgsz1600_b1_2024-01-18.pt.jpg
,Animalia,Arthropoda,Insecta,Hemiptera,,,,,,,Hemiptera,Hemiptera,Panama_Hoya_1004m_accionSauro_2025-01-26,accionSauro_2025_01_27__19_55_06_HDR0_0_Mothbot_yolo11m_4500_imgsz1600_b1_2024-01-18.pt.jpg,HS,Mothbot_yolo11m_4500_imgsz1600_b1_2024-01-18.pt,0.773028553,,accionSauro,Panama/Hoya_1004m_accionSauro_2025-01-26/2025-01-27/patches/accionSauro_2025_01_27__19_55_06_HDR0_0_Mothbot_yolo11m_4500_imgsz1600_b1_2024-01-18.pt.jpg,ORDER_Hemiptera,27-01-25,19:55:06,,2025_01_27__19_55_06,MachineObservation,Panama_Hoya_1004m_accionSauro_2025-01-26_2025-01-27,Panama_Hoya_1004m_accionSauro_2025-01-26_2025-01-27,accionSauro_2025_01_27__19_55_06_HDR0.jpg,accionSauro_2025_01_27__19_55_06_HDR0_0_Mothbot_yolo11m_4500_imgsz1600_b1_2024-01-18.pt.jpg
doi.org10.15468dl.6nxkw6.csv,Animalia,Arthropoda,Insecta,Hemiptera,Rhopalidae,Jadera,coturnix,,2050229,,Jadera coturnix,Jadera coturnix,Panama_Hoya_1004m_accionSauro_2025-01-26,accionSauro_2025_01_27__19_55_06_HDR0_1_Mothbot_yolo11m_4500_imgsz1600_b1_2024-01-18.pt.jpg,HS,Mothbot_yolo11m_4500_imgsz1600_b1_2024-01-18.pt,0.749354362,,accionSauro,Panama/Hoya_1004m_accionSauro_2025-01-26/2025-01-27/patches/accionSauro_2025_01_27__19_55_06_HDR0_1_Mothbot_yolo11m_4500_imgsz1600_b1_2024-01-18.pt.jpg,ORDER_Hemiptera,27-01-25,19:55:06,,2025_01_27__19_55_06,MachineObservation,Panama_Hoya_1004m_accionSauro_2025-01-26_2025-01-27,Panama_Hoya_1004m_accionSauro_2025-01-26_2025-01-27,accionSauro_2025_01_27__19_55_06_HDR0.jpg,accionSauro_2025_01_27__19_55_06_HDR0_1_Mothbot_yolo11m_4500_imgsz1600_b1_2024-01-18.pt.jpg
doi.org10.15468dl.6nxkw6.csv,Animalia,Arthropoda,Insecta,Hemiptera,,,,,809,,Hemiptera,Hemiptera,Panama_Hoya_1004m_accionSauro_2025-01-26,accionSauro_2025_01_27__19_55_06_HDR0_2_Mothbot_yolo11m_4500_imgsz1600_b1_2024-01-18.pt.jpg,HS,Mothbot_yolo11m_4500_imgsz1600_b1_2024-01-18.pt,0.740599692,,accionSauro,Panama/Hoya_1004m_accionSauro_2025-01-26/2025-01-27/patches/accionSauro_2025_01_27__19_55_06_HDR0_2_Mothbot_yolo11m_4500_imgsz1600_b1_2024-01-18.pt.jpg,ORDER_Psocodea,27-01-25,19:55:06,,2025_01_27__19_55_06,MachineObservation,Panama_Hoya_1004m_accionSauro_2025-01-26_2025-01-27,Panama_Hoya_1004m_accionSauro_2025-01-26_2025-01-27,accionSauro_2025_01_27__19_55_06_HDR0.jpg,accionSauro_2025_01_27__19_55_06_HDR0_2_Mothbot_yolo11m_4500_imgsz1600_b1_2024-01-18.pt.jpg
doi.org10.15468dl.6nxkw6.csv,Animalia,Arthropoda,Insecta,Hemiptera,,,,,809,,Hemiptera,Hemiptera,Panama_Hoya_1004m_accionSauro_2025-01-26,accionSauro_2025_01_27__19_55_06_HDR0_3_Mothbot_yolo11m_4500_imgsz1600_b1_2024-01-18.pt.jpg,HS,Mothbot_yolo11m_4500_imgsz1600_b1_2024-01-18.pt,0.730803847,,accionSauro,Panama/Hoya_1004m_accionSauro_2025-01-26/2025-01-27/patches/accionSauro_2025_01_27__19_55_06_HDR0_3_Mothbot_yolo11m_4500_imgsz1600_b1_2024-01-18.pt.jpg,ORDER_Psocodea,27-01-25,19:55:06,,2025_01_27__19_55_06,MachineObservation,Panama_Hoya_1004m_accionSauro_2025-01-26_2025-01-27,Panama_Hoya_1004m_accionSauro_2025-01-26_2025-01-27,accionSauro_2025_01_27__19_55_06_HDR0.jpg,accionSauro_2025_01_27__19_55_06_HDR0_3_Mothbot_yolo11m_4500_imgsz1600_b1_2024-01-18.pt.jpg
doi.org10.15468dl.6nxkw6.csv,Animalia,Arthropoda,Insecta,Diptera,,,,,,,Diptera,Diptera,Panama_Hoya_1004m_accionSauro_2025-01-26,accionSauro_2025_01_27__19_55_06_HDR0_4_Mothbot_yolo11m_4500_imgsz1600_b1_2024-01-18.pt.jpg,HS,Mothbot_yolo11m_4500_imgsz1600_b1_2024-01-18.pt,0.684793711,,accionSauro,Panama/Hoya_1004m_accionSauro_2025-01-26/2025-01-27/patches/accionSauro_2025_01_27__19_55_06_HDR0_4_Mothbot_yolo11m_4500_imgsz1600_b1_2024-01-18.pt.jpg,ORDER_Hemiptera,27-01-25,19:55:06,,2025_01_27__19_55_06,MachineObservation,Panama_Hoya_1004m_accionSauro_2025-01-26_2025-01-27,Panama_Hoya_1004m_accionSauro_2025-01-26_2025-01-27,accionSauro_2025_01_27__19_55_06_HDR0.jpg,accionSauro_2025_01_27__19_55_06_HDR0_4_Mothbot_yolo11m_4500_imgsz1600_b1_2024-01-18.pt.jpg
,Animalia,Arthropoda,Insecta,Hemiptera,,,,,,,Hemiptera,Hemiptera,Panama_Hoya_1004m_accionSauro_2025-01-26,accionSauro_2025_01_27__19_55_06_HDR0_5_Mothbot_yolo11m_4500_imgsz1600_b1_2024-01-18.pt.jpg,HS,Mothbot_yolo11m_4500_imgsz1600_b1_2024-01-18.pt,0.622716486,,accionSauro,Panama/Hoya_1004m_accionSauro_2025-01-26/2025-01-27/patches/accionSauro_2025_01_27__19_55_06_HDR0_5_Mothbot_yolo11m_4500_imgsz1600_b1_2024-01-18.pt.jpg,ORDER_Hemiptera,27-01-25,19:55:06,,2025_01_27__19_55_06,MachineObservation,Panama_Hoya_1004m_accionSauro_2025-01-26_2025-01-27,Panama_Hoya_1004m_accionSauro_2025-01-26_2025-01-27,accionSauro_2025_01_27__19_55_06_HDR0.jpg,accionSauro_2025_01_27__19_55_06_HDR0_5_Mothbot_yolo11m_4500_imgsz1600_b1_2024-01-18.pt.jpg
doi.org10.15468dl.6nxkw6.csv,Animalia,Arthropoda,Insecta,Hemiptera,,,,,809,,Hemiptera,Hemiptera,Panama_Hoya_1004m_accionSauro_2025-01-26,accionSauro_2025_01_27__19_55_06_HDR0_6_Mothbot_yolo11m_4500_imgsz1600_b1_2024-01-18.pt.jpg,HS,Mothbot_yolo11m_4500_imgsz1600_b1_2024-01-18.pt,0.598097742,,accionSauro,Panama/Hoya_1004m_accionSauro_2025-01-26/2025-01-27/patches/accionSauro_2025_01_27__19_55_06_HDR0_6_Mothbot_yolo11m_4500_imgsz1600_b1_2024-01-18.pt.jpg,ORDER_Hymenoptera,27-01-25,19:55:06,,2025_01_27__19_55_06,MachineObservation,Panama_Hoya_1004m_accionSauro_2025-01-26_2025-01-27,Panama_Hoya_1004m_accionSauro_2025-01-26_2025-01-27,accionSauro_2025_01_27__19_55_06_HDR0.jpg,accionSauro_2025_01_27__19_55_06_HDR0_6_Mothbot_yolo11m_4500_imgsz1600_b1_2024-01-18.pt.jpg
,Animalia,Arthropoda,Insecta,Diptera,,,,,,,Diptera,Diptera,Panama_Hoya_1004m_accionSauro_2025-01-26,accionSauro_2025_01_27__19_55_06_HDR0_7_Mothbot_yolo11m_4500_imgsz1600_b1_2024-01-18.pt.jpg,HS,Mothbot_yolo11m_4500_imgsz1600_b1_2024-01-18.pt,0.454210281,,accionSauro,Panama/Hoya_1004m_accionSauro_2025-01-26/2025-01-27/patches/accionSauro_2025_01_27__19_55_06_HDR0_7_Mothbot_yolo11m_4500_imgsz1600_b1_2024-01-18.pt.jpg,ORDER_Diptera,27-01-25,19:55:06,,2025_01_27__19_55_06,MachineObservation,Panama_Hoya_1004m_accionSauro_2025-01-26_2025-01-27,Panama_Hoya_1004m_accionSauro_2025-01-26_2025-01-27,accionSauro_2025_01_27__19_55_06_HDR0.jpg,accionSauro_2025_01_27__19_55_06_HDR0_7_Mothbot_yolo11m_4500_imgsz1600_b1_2024-01-18.pt.jpg
,Animalia,Arthropoda,Insecta,Diptera,,,,,,,Diptera,Diptera,Panama_Hoya_1004m_accionSauro_2025-01-26,accionSauro_2025_01_27__19_55_06_HDR0_8_Mothbot_yolo11m_4500_imgsz1600_b1_2024-01-18.pt.jpg,HS,Mothbot_yolo11m_4500_imgsz1600_b1_2024-01-18.pt,0.419114053,,accionSauro,Panama/Hoya_1004m_accionSauro_2025-01-26/2025-01-27/patches/accionSauro_2025_01_27__19_55_06_HDR0_8_Mothbot_yolo11m_4500_imgsz1600_b1_2024-01-18.pt.jpg,ORDER_Diptera,27-01-25,19:55:06,,2025_01_27__19_55_06,MachineObservation,Panama_Hoya_1004m_accionSauro_2025-01-26_2025-01-27,Panama_Hoya_1004m_accionSauro_2025-01-26_2025-01-27,accionSauro_2025_01_27__19_55_06_HDR0.jpg,accionSauro_2025_01_27__19_55_06_HDR0_8_Mothbot_yolo11m_4500_imgsz1600_b1_2024-01-18.pt.jpg
doi.org10.15468dl.6nxkw6.csv,Animalia,Arthropoda,Insecta,Hemiptera,Rhopalidae,Jadera,coturnix,,2050229,,Jadera coturnix,Jadera coturnix,Panama_Hoya_1004m_accionSauro_2025-01-26,accionSauro_2025_01_27__19_56_06_HDR0_0_Mothbot_yolo11m_4500_imgsz1600_b1_2024-01-18.pt.jpg,HS,Mothbot_yolo11m_4500_imgsz1600_b1_2024-01-18.pt,0.7687819,,accionSauro,Panama/Hoya_1004m_accionSauro_2025-01-26/2025-01-27/patches/accionSauro_2025_01_27__19_56_06_HDR0_0_Mothbot_yolo11m_4500_imgsz1600_b1_2024-01-18.pt.jpg,ORDER_Hemiptera,27-01-25,19:56:06,,2025_01_27__19_56_06,MachineObservation,Panama_Hoya_1004m_accionSauro_2025-01-26_2025-01-27,Panama_Hoya_1004m_accionSauro_2025-01-26_2025-01-27,accionSauro_2025_01_27__19_56_06_HDR0.jpg,accionSauro_2025_01_27__19_56_06_HDR0_0_Mothbot_yolo11m_4500_imgsz1600_b1_2024-01-18.pt.jpg
doi.org10.15468dl.6nxkw6.csv,Animalia,Arthropoda,Insecta,Diptera,,,,,,,Diptera,Diptera,Panama_Hoya_1004m_accionSauro_2025-01-26,accionSauro_2025_01_27__19_56_06_HDR0_1_Mothbot_yolo11m_4500_imgsz1600_b1_2024-01-18.pt.jpg,HS,Mothbot_yolo11m_4500_imgsz1600_b1_2024-01-18.pt,0.752761781,,accionSauro,Panama/Hoya_1004m_accionSauro_2025-01-26/2025-01-27/patches/accionSauro_2025_01_27__19_56_06_HDR0_1_Mothbot_yolo11m_4500_imgsz1600_b1_2024-01-18.pt.jpg,ORDER_Hemiptera,27-01-25,19:56:06,,2025_01_27__19_56_06,MachineObservation,Panama_Hoya_1004m_accionSauro_2025-01-26_2025-01-27,Panama_Hoya_1004m_accionSauro_2025-01-26_2025-01-27,accionSauro_2025_01_27__19_56_06_HDR0.jpg,accionSauro_2025_01_27__19_56_06_HDR0_1_Mothbot_yolo11m_4500_imgsz1600_b1_2024-01-18.pt.jpg
,Animalia,Arthropoda,Insecta,Hemiptera,,,,,,,Hemiptera,Hemiptera,Panama_Hoya_1004m_accionSauro_2025-01-26,accionSauro_2025_01_27__19_56_06_HDR0_2_Mothbot_yolo11m_4500_imgsz1600_b1_2024-01-18.pt.jpg,HS,Mothbot_yolo11m_4500_imgsz1600_b1_2024-01-18.pt,0.751560926,,accionSauro,Panama/Hoya_1004m_accionSauro_2025-01-26/2025-01-27/patches/accionSauro_2025_01_27__19_56_06_HDR0_2_Mothbot_yolo11m_4500_imgsz1600_b1_2024-01-18.pt.jpg,ORDER_Hemiptera,27-01-25,19:56:06,,2025_01_27__19_56_06,MachineObservation,Panama_Hoya_1004m_accionSauro_2025-01-26_2025-01-27,Panama_Hoya_1004m_accionSauro_2025-01-26_2025-01-27,accionSauro_2025_01_27__19_56_06_HDR0.jpg,accionSauro_2025_01_27__19_56_06_HDR0_2_Mothbot_yolo11m_4500_imgsz1600_b1_2024-01-18.pt.jpg
doi.org10.15468dl.6nxkw6.csv,Animalia,Arthropoda,Insecta,Hemiptera,,,,,809,,Hemiptera,Hemiptera,Panama_Hoya_1004m_accionSauro_2025-01-26,accionSauro_2025_01_27__19_56_06_HDR0_3_Mothbot_yolo11m_4500_imgsz1600_b1_2024-01-18.pt.jpg,HS,Mothbot_yolo11m_4500_imgsz1600_b1_2024-01-18.pt,0.744611561,,accionSauro,Panama/Hoya_1004m_accionSauro_2025-01-26/2025-01-27/patches/accionSauro_2025_01_27__19_56_06_HDR0_3_Mothbot_yolo11m_4500_imgsz1600_b1_2024-01-18.pt.jpg,ORDER_Diptera,27-01-25,19:56:06,,2025_01_27__19_56_06,MachineObservation,Panama_Hoya_1004m_accionSauro_2025-01-26_2025-01-27,Panama_Hoya_1004m_accionSauro_2025-01-26_2025-01-27,accionSauro_2025_01_27__19_56_06_HDR0.jpg,accionSauro_2025_01_27__19_56_06_HDR0_3_Mothbot_yolo11m_4500_imgsz1600_b1_2024-01-18.pt.jpg
,Animalia,Arthropoda,Insecta,Hemiptera,,,,,,,Hemiptera,Hemiptera,Panama_Hoya_1004m_accionSauro_2025-01-26,accionSauro_2025_01_27__19_56_06_HDR0_4_Mothbot_yolo11m_4500_imgsz1600_b1_2024-01-18.pt.jpg,HS,Mothbot_yolo11m_4500_imgsz1600_b1_2024-01-18.pt,0.733885646,,accionSauro,Panama/Hoya_1004m_accionSauro_2025-01-26/2025-01-27/patches/accionSauro_2025_01_27__19_56_06_HDR0_4_Mothbot_yolo11m_4500_imgsz1600_b1_2024-01-18.pt.jpg,ORDER_Hemiptera,27-01-25,19:56:06,,2025_01_27__19_56_06,MachineObservation,Panama_Hoya_1004m_accionSauro_2025-01-26_2025-01-27,Panama_Hoya_1004m_accionSauro_2025-01-26_2025-01-27,accionSauro_2025_01_27__19_56_06_HDR0.jpg,accionSauro_2025_01_27__19_56_06_HDR0_4_Mothbot_yolo11m_4500_imgsz1600_b1_2024-01-18.pt.jpg
doi.org10.15468dl.6nxkw6.csv,Animalia,Arthropoda,Insecta,Hemiptera,,,,,809,,Hemiptera,Hemiptera,Panama_Hoya_1004m_accionSauro_2025-01-26,accionSauro_2025_01_27__19_56_06_HDR0_5_Mothbot_yolo11m_4500_imgsz1600_b1_2024-01-18.pt.jpg,HS,Mothbot_yolo11m_4500_imgsz1600_b1_2024-01-18.pt,0.681432486,,accionSauro,Panama/Hoya_1004m_accionSauro_2025-01-26/2025-01-27/patches/accionSauro_2025_01_27__19_56_06_HDR0_5_Mothbot_yolo11m_4500_imgsz1600_b1_2024-01-18.pt.jpg,ORDER_Diptera,27-01-25,19:56:06,,2025_01_27__19_56_06,MachineObservation,Panama_Hoya_1004m_accionSauro_2025-01-26_2025-01-27,Panama_Hoya_1004m_accionSauro_2025-01-26_2025-01-27,accionSauro_2025_01_27__19_56_06_HDR0.jpg,accionSauro_2025_01_27__19_56_06_HDR0_5_Mothbot_yolo11m_4500_imgsz1600_b1_2024-01-18.pt.jpg
,Animalia,Arthropoda,Insecta,Hemiptera,,,,,,,Hemiptera,Hemiptera,Panama_Hoya_1004m_accionSauro_2025-01-26,accionSauro_2025_01_27__19_56_06_HDR0_6_Mothbot_yolo11m_4500_imgsz1600_b1_2024-01-18.pt.jpg,HS,Mothbot_yolo11m_4500_imgsz1600_b1_2024-01-18.pt,0.625232518,,accionSauro,Panama/Hoya_1004m_accionSauro_2025-01-26/2025-01-27/patches/accionSauro_2025_01_27__19_56_06_HDR0_6_Mothbot_yolo11m_4500_imgsz1600_b1_2024-01-18.pt.jpg,ORDER_Hemiptera,27-01-25,19:56:06,,2025_01_27__19_56_06,MachineObservation,Panama_Hoya_1004m_accionSauro_2025-01-26_2025-01-27,Panama_Hoya_1004m_accionSauro_2025-01-26_2025-01-27,accionSauro_2025_01_27__19_56_06_HDR0.jpg,accionSauro_2025_01_27__19_56_06_HDR0_6_Mothbot_yolo11m_4500_imgsz1600_b1_2024-01-18.pt.jpg
,Animalia,Arthropoda,Insecta,Hemiptera,,,,,,,Hemiptera,Hemiptera,Panama_Hoya_1004m_accionSauro_2025-01-26,accionSauro_2025_01_27__19_56_06_HDR0_7_Mothbot_yolo11m_4500_imgsz1600_b1_2024-01-18.pt.jpg,HS,Mothbot_yolo11m_4500_imgsz1600_b1_2024-01-18.pt,0.614539504,,accionSauro,Panama/Hoya_1004m_accionSauro_2025-01-26/2025-01-27/patches/accionSauro_2025_01_27__19_56_06_HDR0_7_Mothbot_yolo11m_4500_imgsz1600_b1_2024-01-18.pt.jpg,ORDER_Hemiptera,27-01-25,19:56:06,,2025_01_27__19_56_06,MachineObservation,Panama_Hoya_1004m_accionSauro_2025-01-26_2025-01-27,Panama_Hoya_1004m_accionSauro_2025-01-26_2025-01-27,accionSauro_2025_01_27__19_56_06_HDR0.jpg,accionSauro_2025_01_27__19_56_06_HDR0_7_Mothbot_yolo11m_4500_imgsz1600_b1_2024-01-18.pt.jpg
,Animalia,Arthropoda,Insecta,Diptera,,,,,,,Diptera,Diptera,Panama_Hoya_1004m_accionSauro_2025-01-26,accionSauro_2025_01_27__19_56_06_HDR0_8_Mothbot_yolo11m_4500_imgsz1600_b1_2024-01-18.pt.jpg,HS,Mothbot_yolo11m_4500_imgsz1600_b1_2024-01-18.pt,0.420725316,,accionSauro,Panama/Hoya_1004m_accionSauro_2025-01-26/2025-01-27/patches/accionSauro_2025_01_27__19_56_06_HDR0_8_Mothbot_yolo11m_4500_imgsz1600_b1_2024-01-18.pt.jpg,ORDER_Diptera,27-01-25,19:56:06,,2025_01_27__19_56_06,MachineObservation,Panama_Hoya_1004m_accionSauro_2025-01-26_2025-01-27,Panama_Hoya_1004m_accionSauro_2025-01-26_2025-01-27,accionSauro_2025_01_27__19_56_06_HDR0.jpg,accionSauro_2025_01_27__19_56_06_HDR0_8_Mothbot_yolo11m_4500_imgsz1600_b1_2024-01-18.pt.jpg
doi.org10.15468dl.6nxkw6.csv,Animalia,Arthropoda,Insecta,Hemiptera,,,,,809,,Hemiptera,Hemiptera,Panama_Hoya_1004m_accionSauro_2025-01-26,accionSauro_2025_01_27__19_56_06_HDR0_9_Mothbot_yolo11m_4500_imgsz1600_b1_2024-01-18.pt.jpg,HS,Mothbot_yolo11m_4500_imgsz1600_b1_2024-01-18.pt,0.402322143,,accionSauro,Panama/Hoya_1004m_accionSauro_2025-01-26/2025-01-27/patches/accionSauro_2025_01_27__19_56_06_HDR0_9_Mothbot_yolo11m_4500_imgsz1600_b1_2024-01-18.pt.jpg,ORDER_Diptera,27-01-25,19:56:06,,2025_01_27__19_56_06,MachineObservation,Panama_Hoya_1004m_accionSauro_2025-01-26_2025-01-27,Panama_Hoya_1004m_accionSauro_2025-01-26_2025-01-27,accionSauro_2025_01_27__19_56_06_HDR0.jpg,accionSauro_2025_01_27__19_56_06_HDR0_9_Mothbot_yolo11m_4500_imgsz1600_b1_2024-01-18.pt.jpg
doi.org10.15468dl.6nxkw6.csv,Animalia,Arthropoda,Insecta,Diptera,,,,,811,,Diptera,Diptera,Panama_Hoya_1004m_accionSauro_2025-01-26,accionSauro_2025_01_27__19_56_06_HDR0_10_Mothbot_yolo11m_4500_imgsz1600_b1_2024-01-18.pt.jpg,HS,Mothbot_yolo11m_4500_imgsz1600_b1_2024-01-18.pt,0.389644504,,accionSauro,Panama/Hoya_1004m_accionSauro_2025-01-26/2025-01-27/patches/accionSauro_2025_01_27__19_56_06_HDR0_10_Mothbot_yolo11m_4500_imgsz1600_b1_2024-01-18.pt.jpg,ORDER_Coleoptera,27-01-25,19:56:06,,2025_01_27__19_56_06,MachineObservation,Panama_Hoya_1004m_accionSauro_2025-01-26_2025-01-27,Panama_Hoya_1004m_accionSauro_2025-01-26_2025-01-27,accionSauro_2025_01_27__19_56_06_HDR0.jpg,accionSauro_2025_01_27__19_56_06_HDR0_10_Mothbot_yolo11m_4500_imgsz1600_b1_2024-01-18.pt.jpg
doi.org10.15468dl.6nxkw6.csv,Animalia,Arthropoda,Insecta,Hemiptera,Rhopalidae,Jadera,coturnix,,2050229,,Jadera coturnix,Jadera coturnix,Panama_Hoya_1004m_accionSauro_2025-01-26,accionSauro_2025_01_27__19_57_22_HDR0_0_Mothbot_yolo11m_4500_imgsz1600_b1_2024-01-18.pt.jpg,HS,Mothbot_yolo11m_4500_imgsz1600_b1_2024-01-18.pt,0.764515638,,accionSauro,Panama/Hoya_1004m_accionSauro_2025-01-26/2025-01-27/patches/accionSauro_2025_01_27__19_57_22_HDR0_0_Mothbot_yolo11m_4500_imgsz1600_b1_2024-01-18.pt.jpg,ORDER_Hemiptera,27-01-25,19:57:22,,2025_01_27__19_57_22,MachineObservation,Panama_Hoya_1004m_accionSauro_2025-01-26_2025-01-27,Panama_Hoya_1004m_accionSauro_2025-01-26_2025-01-27,accionSauro_2025_01_27__19_57_22_HDR0.jpg,accionSauro_2025_01_27__19_57_22_HDR0_0_Mothbot_yolo11m_4500_imgsz1600_b1_2024-01-18.pt.jpg
doi.org10.15468dl.6nxkw6.csv,Animalia,Arthropoda,Insecta,Hemiptera,,,,,809,,Hemiptera,Hemiptera,Panama_Hoya_1004m_accionSauro_2025-01-26,accionSauro_2025_01_27__19_57_22_HDR0_1_Mothbot_yolo11m_4500_imgsz1600_b1_2024-01-18.pt.jpg,HS,Mothbot_yolo11m_4500_imgsz1600_b1_2024-01-18.pt,0.753255427,,accionSauro,Panama/Hoya_1004m_accionSauro_2025-01-26/2025-01-27/patches/accionSauro_2025_01_27__19_57_22_HDR0_1_Mothbot_yolo11m_4500_imgsz1600_b1_2024-01-18.pt.jpg,ORDER_Psocodea,27-01-25,19:57:22,,2025_01_27__19_57_22,MachineObservation,Panama_Hoya_1004m_accionSauro_2025-01-26_2025-01-27,Panama_Hoya_1004m_accionSauro_2025-01-26_2025-01-27,accionSauro_2025_01_27__19_57_22_HDR0.jpg,accionSauro_2025_01_27__19_57_22_HDR0_1_Mothbot_yolo11m_4500_imgsz1600_b1_2024-01-18.pt.jpg
,Animalia,Arthropoda,Insecta,Hemiptera,,,,,,,Hemiptera,Hemiptera,Panama_Hoya_1004m_accionSauro_2025-01-26,accionSauro_2025_01_27__19_57_22_HDR0_2_Mothbot_yolo11m_4500_imgsz1600_b1_2024-01-18.pt.jpg,HS,Mothbot_yolo11m_4500_imgsz1600_b1_2024-01-18.pt,0.715863764,,accionSauro,Panama/Hoya_1004m_accionSauro_2025-01-26/2025-01-27/patches/accionSauro_2025_01_27__19_57_22_HDR0_2_Mothbot_yolo11m_4500_imgsz1600_b1_2024-01-18.pt.jpg,ORDER_Hemiptera,27-01-25,19:57:22,,2025_01_27__19_57_22,MachineObservation,Panama_Hoya_1004m_accionSauro_2025-01-26_2025-01-27,Panama_Hoya_1004m_accionSauro_2025-01-26_2025-01-27,accionSauro_2025_01_27__19_57_22_HDR0.jpg,accionSauro_2025_01_27__19_57_22_HDR0_2_Mothbot_yolo11m_4500_imgsz1600_b1_2024-01-18.pt.jpg
,Animalia,Arthropoda,Insecta,Hemiptera,,,,,,,Hemiptera,Hemiptera,Panama_Hoya_1004m_accionSauro_2025-01-26,accionSauro_2025_01_27__19_57_22_HDR0_3_Mothbot_yolo11m_4500_imgsz1600_b1_2024-01-18.pt.jpg,HS,Mothbot_yolo11m_4500_imgsz1600_b1_2024-01-18.pt,0.706028163,,accionSauro,Panama/Hoya_1004m_accionSauro_2025-01-26/2025-01-27/patches/accionSauro_2025_01_27__19_57_22_HDR0_3_Mothbot_yolo11m_4500_imgsz1600_b1_2024-01-18.pt.jpg,ORDER_Hemiptera,27-01-25,19:57:22,,2025_01_27__19_57_22,MachineObservation,Panama_Hoya_1004m_accionSauro_2025-01-26_2025-01-27,Panama_Hoya_1004m_accionSauro_2025-01-26_2025-01-27,accionSauro_2025_01_27__19_57_22_HDR0.jpg,accionSauro_2025_01_27__19_57_22_HDR0_3_Mothbot_yolo11m_4500_imgsz1600_b1_2024-01-18.pt.jpg
,Animalia,Arthropoda,Insecta,Hemiptera,,,,,,,Hemiptera,Hemiptera,Panama_Hoya_1004m_accionSauro_2025-01-26,accionSauro_2025_01_27__19_57_22_HDR0_4_Mothbot_yolo11m_4500_imgsz1600_b1_2024-01-18.pt.jpg,HS,Mothbot_yolo11m_4500_imgsz1600_b1_2024-01-18.pt,0.646850109,,accionSauro,Panama/Hoya_1004m_accionSauro_2025-01-26/2025-01-27/patches/accionSauro_2025_01_27__19_57_22_HDR0_4_Mothbot_yolo11m_4500_imgsz1600_b1_2024-01-18.pt.jpg,ORDER_Hemiptera,27-01-25,19:57:22,,2025_01_27__19_57_22,MachineObservation,Panama_Hoya_1004m_accionSauro_2025-01-26_2025-01-27,Panama_Hoya_1004m_accionSauro_2025-01-26_2025-01-27,accionSauro_2025_01_27__19_57_22_HDR0.jpg,accionSauro_2025_01_27__19_57_22_HDR0_4_Mothbot_yolo11m_4500_imgsz1600_b1_2024-01-18.pt.jpg
doi.org10.15468dl.6nxkw6.csv,Animalia,Arthropoda,Insecta,Diptera,,,,,,,Diptera,Diptera,Panama_Hoya_1004m_accionSauro_2025-01-26,accionSauro_2025_01_27__19_57_22_HDR0_5_Mothbot_yolo11m_4500_imgsz1600_b1_2024-01-18.pt.jpg,HS,Mothbot_yolo11m_4500_imgsz1600_b1_2024-01-18.pt,0.644743383,,accionSauro,Panama/Hoya_1004m_accionSauro_2025-01-26/2025-01-27/patches/accionSauro_2025_01_27__19_57_22_HDR0_5_Mothbot_yolo11m_4500_imgsz1600_b1_2024-01-18.pt.jpg,ORDER_Hemiptera,27-01-25,19:57:22,,2025_01_27__19_57_22,MachineObservation,Panama_Hoya_1004m_accionSauro_2025-01-26_2025-01-27,Panama_Hoya_1004m_accionSauro_2025-01-26_2025-01-27,accionSauro_2025_01_27__19_57_22_HDR0.jpg,accionSauro_2025_01_27__19_57_22_HDR0_5_Mothbot_yolo11m_4500_imgsz1600_b1_2024-01-18.pt.jpg
,Animalia,Arthropoda,Insecta,Hemiptera,,,,,,,Hemiptera,Hemiptera,Panama_Hoya_1004m_accionSauro_2025-01-26,accionSauro_2025_01_27__19_57_22_HDR0_6_Mothbot_yolo11m_4500_imgsz1600_b1_2024-01-18.pt.jpg,HS,Mothbot_yolo11m_4500_imgsz1600_b1_2024-01-18.pt,0.631160796,,accionSauro,Panama/Hoya_1004m_accionSauro_2025-01-26/2025-01-27/patches/accionSauro_2025_01_27__19_57_22_HDR0_6_Mothbot_yolo11m_4500_imgsz1600_b1_2024-01-18.pt.jpg,ORDER_Hemiptera,27-01-25,19:57:22,,2025_01_27__19_57_22,MachineObservation,Panama_Hoya_1004m_accionSauro_2025-01-26_2025-01-27,Panama_Hoya_1004m_accionSauro_2025-01-26_2025-01-27,accionSauro_2025_01_27__19_57_22_HDR0.jpg,accionSauro_2025_01_27__19_57_22_HDR0_6_Mothbot_yolo11m_4500_imgsz1600_b1_2024-01-18.pt.jpg
,Animalia,Arthropoda,Insecta,Hemiptera,,,,,,,Hemiptera,Hemiptera,Panama_Hoya_1004m_accionSauro_2025-01-26,accionSauro_2025_01_27__19_57_22_HDR0_7_Mothbot_yolo11m_4500_imgsz1600_b1_2024-01-18.pt.jpg,HS,Mothbot_yolo11m_4500_imgsz1600_b1_2024-01-18.pt,0.603101611,,accionSauro,Panama/Hoya_1004m_accionSauro_2025-01-26/2025-01-27/patches/accionSauro_2025_01_27__19_57_22_HDR0_7_Mothbot_yolo11m_4500_imgsz1600_b1_2024-01-18.pt.jpg,ORDER_Hemiptera,27-01-25,19:57:22,,2025_01_27__19_57_22,MachineObservation,Panama_Hoya_1004m_accionSauro_2025-01-26_2025-01-27,Panama_Hoya_1004m_accionSauro_2025-01-26_2025-01-27,accionSauro_2025_01_27__19_57_22_HDR0.jpg,accionSauro_2025_01_27__19_57_22_HDR0_7_Mothbot_yolo11m_4500_imgsz1600_b1_2024-01-18.pt.jpg
,Animalia,Arthropoda,Insecta,Diptera,,,,,,,Diptera,Diptera,Panama_Hoya_1004m_accionSauro_2025-01-26,accionSauro_2025_01_27__19_57_22_HDR0_8_Mothbot_yolo11m_4500_imgsz1600_b1_2024-01-18.pt.jpg,HS,Mothbot_yolo11m_4500_imgsz1600_b1_2024-01-18.pt,0.421809733,,accionSauro,Panama/Hoya_1004m_accionSauro_2025-01-26/2025-01-27/patches/accionSauro_2025_01_27__19_57_22_HDR0_8_Mothbot_yolo11m_4500_imgsz1600_b1_2024-01-18.pt.jpg,ORDER_Diptera,27-01-25,19:57:22,,2025_01_27__19_57_22,MachineObservation,Panama_Hoya_1004m_accionSauro_2025-01-26_2025-01-27,Panama_Hoya_1004m_accionSauro_2025-01-26_2025-01-27,accionSauro_2025_01_27__19_57_22_HDR0.jpg,accionSauro_2025_01_27__19_57_22_HDR0_8_Mothbot_yolo11m_4500_imgsz1600_b1_2024-01-18.pt.jpg
,Animalia,Arthropoda,Insecta,Hemiptera,,,,,,,Hemiptera,Hemiptera,Panama_Hoya_1004m_accionSauro_2025-01-26,accionSauro_2025_01_27__19_57_22_HDR0_9_Mothbot_yolo11m_4500_imgsz1600_b1_2024-01-18.pt.jpg,HS,Mothbot_yolo11m_4500_imgsz1600_b1_2024-01-18.pt,0.337569833,,accionSauro,Panama/Hoya_1004m_accionSauro_2025-01-26/2025-01-27/patches/accionSauro_2025_01_27__19_57_22_HDR0_9_Mothbot_yolo11m_4500_imgsz1600_b1_2024-01-18.pt.jpg,ORDER_Hemiptera,27-01-25,19:57:22,,2025_01_27__19_57_22,MachineObservation,Panama_Hoya_1004m_accionSauro_2025-01-26_2025-01-27,Panama_Hoya_1004m_accionSauro_2025-01-26_2025-01-27,accionSauro_2025_01_27__19_57_22_HDR0.jpg,accionSauro_2025_01_27__19_57_22_HDR0_9_Mothbot_yolo11m_4500_imgsz1600_b1_2024-01-18.pt.jpg
doi.org10.15468dl.6nxkw6.csv,Animalia,Arthropoda,Insecta,Hemiptera,,,,,809,,Hemiptera,Hemiptera,Panama_Hoya_1004m_accionSauro_2025-01-26,accionSauro_2025_01_27__19_58_06_HDR0_0_Mothbot_yolo11m_4500_imgsz1600_b1_2024-01-18.pt.jpg,HS,Mothbot_yolo11m_4500_imgsz1600_b1_2024-01-18.pt,0.757286251,,accionSauro,Panama/Hoya_1004m_accionSauro_2025-01-26/2025-01-27/patches/accionSauro_2025_01_27__19_58_06_HDR0_0_Mothbot_yolo11m_4500_imgsz1600_b1_2024-01-18.pt.jpg,ORDER_Psocodea,27-01-25,19:58:06,,2025_01_27__19_58_06,MachineObservation,Panama_Hoya_1004m_accionSauro_2025-01-26_2025-01-27,Panama_Hoya_1004m_accionSauro_2025-01-26_2025-01-27,accionSauro_2025_01_27__19_58_06_HDR0.jpg,accionSauro_2025_01_27__19_58_06_HDR0_0_Mothbot_yolo11m_4500_imgsz1600_b1_2024-01-18.pt.jpg
doi.org10.15468dl.6nxkw6.csv,Animalia,Arthropoda,Insecta,Hemiptera,,,,,809,,Hemiptera,Hemiptera,Panama_Hoya_1004m_accionSauro_2025-01-26,accionSauro_2025_01_27__19_58_06_HDR0_1_Mothbot_yolo11m_4500_imgsz1600_b1_2024-01-18.pt.jpg,HS,Mothbot_yolo11m_4500_imgsz1600_b1_2024-01-18.pt,0.743817091,,accionSauro,Panama/Hoya_1004m_accionSauro_2025-01-26/2025-01-27/patches/accionSauro_2025_01_27__19_58_06_HDR0_1_Mothbot_yolo11m_4500_imgsz1600_b1_2024-01-18.pt.jpg,ORDER_Diptera,27-01-25,19:58:06,,2025_01_27__19_58_06,MachineObservation,Panama_Hoya_1004m_accionSauro_2025-01-26_2025-01-27,Panama_Hoya_1004m_accionSauro_2025-01-26_2025-01-27,accionSauro_2025_01_27__19_58_06_HDR0.jpg,accionSauro_2025_01_27__19_58_06_HDR0_1_Mothbot_yolo11m_4500_imgsz1600_b1_2024-01-18.pt.jpg
doi.org10.15468dl.6nxkw6.csv,Animalia,Arthropoda,Insecta,Hemiptera,Rhopalidae,Jadera,coturnix,,2050229,,Jadera coturnix,Jadera coturnix,Panama_Hoya_1004m_accionSauro_2025-01-26,accionSauro_2025_01_27__19_58_06_HDR0_2_Mothbot_yolo11m_4500_imgsz1600_b1_2024-01-18.pt.jpg,HS,Mothbot_yolo11m_4500_imgsz1600_b1_2024-01-18.pt,0.733020544,,accionSauro,Panama/Hoya_1004m_accionSauro_2025-01-26/2025-01-27/patches/accionSauro_2025_01_27__19_58_06_HDR0_2_Mothbot_yolo11m_4500_imgsz1600_b1_2024-01-18.pt.jpg,ORDER_Hemiptera,27-01-25,19:58:06,,2025_01_27__19_58_06,MachineObservation,Panama_Hoya_1004m_accionSauro_2025-01-26_2025-01-27,Panama_Hoya_1004m_accionSauro_2025-01-26_2025-01-27,accionSauro_2025_01_27__19_58_06_HDR0.jpg,accionSauro_2025_01_27__19_58_06_HDR0_2_Mothbot_yolo11m_4500_imgsz1600_b1_2024-01-18.pt.jpg
,Animalia,Arthropoda,Insecta,Hemiptera,,,,,,,Hemiptera,Hemiptera,Panama_Hoya_1004m_accionSauro_2025-01-26,accionSauro_2025_01_27__19_58_06_HDR0_3_Mothbot_yolo11m_4500_imgsz1600_b1_2024-01-18.pt.jpg,HS,Mothbot_yolo11m_4500_imgsz1600_b1_2024-01-18.pt,0.690443099,,accionSauro,Panama/Hoya_1004m_accionSauro_2025-01-26/2025-01-27/patches/accionSauro_2025_01_27__19_58_06_HDR0_3_Mothbot_yolo11m_4500_imgsz1600_b1_2024-01-18.pt.jpg,ORDER_Hemiptera,27-01-25,19:58:06,,2025_01_27__19_58_06,MachineObservation,Panama_Hoya_1004m_accionSauro_2025-01-26_2025-01-27,Panama_Hoya_1004m_accionSauro_2025-01-26_2025-01-27,accionSauro_2025_01_27__19_58_06_HDR0.jpg,accionSauro_2025_01_27__19_58_06_HDR0_3_Mothbot_yolo11m_4500_imgsz1600_b1_2024-01-18.pt.jpg
,Animalia,Arthropoda,Insecta,Hemiptera,,,,,,,Hemiptera,Hemiptera,Panama_Hoya_1004m_accionSauro_2025-01-26,accionSauro_2025_01_27__19_58_06_HDR0_4_Mothbot_yolo11m_4500_imgsz1600_b1_2024-01-18.pt.jpg,HS,Mothbot_yolo11m_4500_imgsz1600_b1_2024-01-18.pt,0.676585257,,accionSauro,Panama/Hoya_1004m_accionSauro_2025-01-26/2025-01-27/patches/accionSauro_2025_01_27__19_58_06_HDR0_4_Mothbot_yolo11m_4500_imgsz1600_b1_2024-01-18.pt.jpg,ORDER_Hemiptera,27-01-25,19:58:06,,2025_01_27__19_58_06,MachineObservation,Panama_Hoya_1004m_accionSauro_2025-01-26_2025-01-27,Panama_Hoya_1004m_accionSauro_2025-01-26_2025-01-27,accionSauro_2025_01_27__19_58_06_HDR0.jpg,accionSauro_2025_01_27__19_58_06_HDR0_4_Mothbot_yolo11m_4500_imgsz1600_b1_2024-01-18.pt.jpg
doi.org10.15468dl.6nxkw6.csv,Animalia,Arthropoda,Insecta,Diptera,,,,,,,Diptera,Diptera,Panama_Hoya_1004m_accionSauro_2025-01-26,accionSauro_2025_01_27__19_58_06_HDR0_5_Mothbot_yolo11m_4500_imgsz1600_b1_2024-01-18.pt.jpg,HS,Mothbot_yolo11m_4500_imgsz1600_b1_2024-01-18.pt,0.659115493,,accionSauro,Panama/Hoya_1004m_accionSauro_2025-01-26/2025-01-27/patches/accionSauro_2025_01_27__19_58_06_HDR0_5_Mothbot_yolo11m_4500_imgsz1600_b1_2024-01-18.pt.jpg,ORDER_Hemiptera,27-01-25,19:58:06,,2025_01_27__19_58_06,MachineObservation,Panama_Hoya_1004m_accionSauro_2025-01-26_2025-01-27,Panama_Hoya_1004m_accionSauro_2025-01-26_2025-01-27,accionSauro_2025_01_27__19_58_06_HDR0.jpg,accionSauro_2025_01_27__19_58_06_HDR0_5_Mothbot_yolo11m_4500_imgsz1600_b1_2024-01-18.pt.jpg
,Animalia,Arthropoda,Insecta,Hemiptera,,,,,,,Hemiptera,Hemiptera,Panama_Hoya_1004m_accionSauro_2025-01-26,accionSauro_2025_01_27__19_58_06_HDR0_6_Mothbot_yolo11m_4500_imgsz1600_b1_2024-01-18.pt.jpg,HS,Mothbot_yolo11m_4500_imgsz1600_b1_2024-01-18.pt,0.647606611,,accionSauro,Panama/Hoya_1004m_accionSauro_2025-01-26/2025-01-27/patches/accionSauro_2025_01_27__19_58_06_HDR0_6_Mothbot_yolo11m_4500_imgsz1600_b1_2024-01-18.pt.jpg,ORDER_Hemiptera,27-01-25,19:58:06,,2025_01_27__19_58_06,MachineObservation,Panama_Hoya_1004m_accionSauro_2025-01-26_2025-01-27,Panama_Hoya_1004m_accionSauro_2025-01-26_2025-01-27,accionSauro_2025_01_27__19_58_06_HDR0.jpg,accionSauro_2025_01_27__19_58_06_HDR0_6_Mothbot_yolo11m_4500_imgsz1600_b1_2024-01-18.pt.jpg
,Animalia,Arthropoda,Insecta,Hemiptera,,,,,,,Hemiptera,Hemiptera,Panama_Hoya_1004m_accionSauro_2025-01-26,accionSauro_2025_01_27__19_58_06_HDR0_7_Mothbot_yolo11m_4500_imgsz1600_b1_2024-01-18.pt.jpg,HS,Mothbot_yolo11m_4500_imgsz1600_b1_2024-01-18.pt,0.561594427,,accionSauro,Panama/Hoya_1004m_accionSauro_2025-01-26/2025-01-27/patches/accionSauro_2025_01_27__19_58_06_HDR0_7_Mothbot_yolo11m_4500_imgsz1600_b1_2024-01-18.pt.jpg,ORDER_Hemiptera,27-01-25,19:58:06,,2025_01_27__19_58_06,MachineObservation,Panama_Hoya_1004m_accionSauro_2025-01-26_2025-01-27,Panama_Hoya_1004m_accionSauro_2025-01-26_2025-01-27,accionSauro_2025_01_27__19_58_06_HDR0.jpg,accionSauro_2025_01_27__19_58_06_HDR0_7_Mothbot_yolo11m_4500_imgsz1600_b1_2024-01-18.pt.jpg
doi.org10.15468dl.6nxkw6.csv,Animalia,Arthropoda,Insecta,Diptera,,,,,811,,Diptera,Diptera,Panama_Hoya_1004m_accionSauro_2025-01-26,accionSauro_2025_01_27__19_58_06_HDR0_8_Mothbot_yolo11m_4500_imgsz1600_b1_2024-01-18.pt.jpg,HS,Mothbot_yolo11m_4500_imgsz1600_b1_2024-01-18.pt,0.516194642,,accionSauro,Panama/Hoya_1004m_accionSauro_2025-01-26/2025-01-27/patches/accionSauro_2025_01_27__19_58_06_HDR0_8_Mothbot_yolo11m_4500_imgsz1600_b1_2024-01-18.pt.jpg,ORDER_Coleoptera,27-01-25,19:58:06,,2025_01_27__19_58_06,MachineObservation,Panama_Hoya_1004m_accionSauro_2025-01-26_2025-01-27,Panama_Hoya_1004m_accionSauro_2025-01-26_2025-01-27,accionSauro_2025_01_27__19_58_06_HDR0.jpg,accionSauro_2025_01_27__19_58_06_HDR0_8_Mothbot_yolo11m_4500_imgsz1600_b1_2024-01-18.pt.jpg
,Animalia,Arthropoda,Insecta,Diptera,,,,,,,Diptera,Diptera,Panama_Hoya_1004m_accionSauro_2025-01-26,accionSauro_2025_01_27__19_58_06_HDR0_9_Mothbot_yolo11m_4500_imgsz1600_b1_2024-01-18.pt.jpg,HS,Mothbot_yolo11m_4500_imgsz1600_b1_2024-01-18.pt,0.503090322,,accionSauro,Panama/Hoya_1004m_accionSauro_2025-01-26/2025-01-27/patches/accionSauro_2025_01_27__19_58_06_HDR0_9_Mothbot_yolo11m_4500_imgsz1600_b1_2024-01-18.pt.jpg,ORDER_Diptera,27-01-25,19:58:06,,2025_01_27__19_58_06,MachineObservation,Panama_Hoya_1004m_accionSauro_2025-01-26_2025-01-27,Panama_Hoya_1004m_accionSauro_2025-01-26_2025-01-27,accionSauro_2025_01_27__19_58_06_HDR0.jpg,accionSauro_2025_01_27__19_58_06_HDR0_9_Mothbot_yolo11m_4500_imgsz1600_b1_2024-01-18.pt.jpg
,Animalia,Arthropoda,Insecta,Hemiptera,,,,,,,Hemiptera,Hemiptera,Panama_Hoya_1004m_accionSauro_2025-01-26,accionSauro_2025_01_27__19_59_05_HDR0_0_Mothbot_yolo11m_4500_imgsz1600_b1_2024-01-18.pt.jpg,HS,Mothbot_yolo11m_4500_imgsz1600_b1_2024-01-18.pt,0.746807337,,accionSauro,Panama/Hoya_1004m_accionSauro_2025-01-26/2025-01-27/patches/accionSauro_2025_01_27__19_59_05_HDR0_0_Mothbot_yolo11m_4500_imgsz1600_b1_2024-01-18.pt.jpg,ORDER_Hemiptera,27-01-25,19:59:05,,2025_01_27__19_59_05,MachineObservation,Panama_Hoya_1004m_accionSauro_2025-01-26_2025-01-27,Panama_Hoya_1004m_accionSauro_2025-01-26_2025-01-27,accionSauro_2025_01_27__19_59_05_HDR0.jpg,accionSauro_2025_01_27__19_59_05_HDR0_0_Mothbot_yolo11m_4500_imgsz1600_b1_2024-01-18.pt.jpg
,Animalia,Arthropoda,Insecta,Hemiptera,,,,,,,Hemiptera,Hemiptera,Panama_Hoya_1004m_accionSauro_2025-01-26,accionSauro_2025_01_27__19_59_05_HDR0_1_Mothbot_yolo11m_4500_imgsz1600_b1_2024-01-18.pt.jpg,HS,Mothbot_yolo11m_4500_imgsz1600_b1_2024-01-18.pt,0.723568916,,accionSauro,Panama/Hoya_1004m_accionSauro_2025-01-26/2025-01-27/patches/accionSauro_2025_01_27__19_59_05_HDR0_1_Mothbot_yolo11m_4500_imgsz1600_b1_2024-01-18.pt.jpg,ORDER_Hemiptera,27-01-25,19:59:05,,2025_01_27__19_59_05,MachineObservation,Panama_Hoya_1004m_accionSauro_2025-01-26_2025-01-27,Panama_Hoya_1004m_accionSauro_2025-01-26_2025-01-27,accionSauro_2025_01_27__19_59_05_HDR0.jpg,accionSauro_2025_01_27__19_59_05_HDR0_1_Mothbot_yolo11m_4500_imgsz1600_b1_2024-01-18.pt.jpg
doi.org10.15468dl.6nxkw6.csv,Animalia,Arthropoda,Insecta,Diptera,,,,,,,Diptera,Diptera,Panama_Hoya_1004m_accionSauro_2025-01-26,accionSauro_2025_01_27__19_59_05_HDR0_2_Mothbot_yolo11m_4500_imgsz1600_b1_2024-01-18.pt.jpg,HS,Mothbot_yolo11m_4500_imgsz1600_b1_2024-01-18.pt,0.696501076,,accionSauro,Panama/Hoya_1004m_accionSauro_2025-01-26/2025-01-27/patches/accionSauro_2025_01_27__19_59_05_HDR0_2_Mothbot_yolo11m_4500_imgsz1600_b1_2024-01-18.pt.jpg,ORDER_Hemiptera,27-01-25,19:59:05,,2025_01_27__19_59_05,MachineObservation,Panama_Hoya_1004m_accionSauro_2025-01-26_2025-01-27,Panama_Hoya_1004m_accionSauro_2025-01-26_2025-01-27,accionSauro_2025_01_27__19_59_05_HDR0.jpg,accionSauro_2025_01_27__19_59_05_HDR0_2_Mothbot_yolo11m_4500_imgsz1600_b1_2024-01-18.pt.jpg
doi.org10.15468dl.6nxkw6.csv,Animalia,Arthropoda,Insecta,Hemiptera,,,,,809,,Hemiptera,Hemiptera,Panama_Hoya_1004m_accionSauro_2025-01-26,accionSauro_2025_01_27__19_59_05_HDR0_3_Mothbot_yolo11m_4500_imgsz1600_b1_2024-01-18.pt.jpg,HS,Mothbot_yolo11m_4500_imgsz1600_b1_2024-01-18.pt,0.62389183,,accionSauro,Panama/Hoya_1004m_accionSauro_2025-01-26/2025-01-27/patches/accionSauro_2025_01_27__19_59_05_HDR0_3_Mothbot_yolo11m_4500_imgsz1600_b1_2024-01-18.pt.jpg,ORDER_Hymenoptera,27-01-25,19:59:05,,2025_01_27__19_59_05,MachineObservation,Panama_Hoya_1004m_accionSauro_2025-01-26_2025-01-27,Panama_Hoya_1004m_accionSauro_2025-01-26_2025-01-27,accionSauro_2025_01_27__19_59_05_HDR0.jpg,accionSauro_2025_01_27__19_59_05_HDR0_3_Mothbot_yolo11m_4500_imgsz1600_b1_2024-01-18.pt.jpg
,Animalia,Arthropoda,Insecta,Diptera,,,,,,,Diptera,Diptera,Panama_Hoya_1004m_accionSauro_2025-01-26,accionSauro_2025_01_27__19_59_05_HDR0_4_Mothbot_yolo11m_4500_imgsz1600_b1_2024-01-18.pt.jpg,HS,Mothbot_yolo11m_4500_imgsz1600_b1_2024-01-18.pt,0.382554024,,accionSauro,Panama/Hoya_1004m_accionSauro_2025-01-26/2025-01-27/patches/accionSauro_2025_01_27__19_59_05_HDR0_4_Mothbot_yolo11m_4500_imgsz1600_b1_2024-01-18.pt.jpg,ORDER_Diptera,27-01-25,19:59:05,,2025_01_27__19_59_05,MachineObservation,Panama_Hoya_1004m_accionSauro_2025-01-26_2025-01-27,Panama_Hoya_1004m_accionSauro_2025-01-26_2025-01-27,accionSauro_2025_01_27__19_59_05_HDR0.jpg,accionSauro_2025_01_27__19_59_05_HDR0_4_Mothbot_yolo11m_4500_imgsz1600_b1_2024-01-18.pt.jpg
,Animalia,Arthropoda,Insecta,Hemiptera,,,,,,,Hemiptera,Hemiptera,Panama_Hoya_1004m_accionSauro_2025-01-26,accionSauro_2025_01_27__21_04_06_HDR0_0_Mothbot_yolo11m_4500_imgsz1600_b1_2024-01-18.pt.jpg,HS,Mothbot_yolo11m_4500_imgsz1600_b1_2024-01-18.pt,0.301338643,,accionSauro,Panama/Hoya_1004m_accionSauro_2025-01-26/2025-01-27/patches/accionSauro_2025_01_27__21_04_06_HDR0_0_Mothbot_yolo11m_4500_imgsz1600_b1_2024-01-18.pt.jpg,ORDER_Hemiptera,27-01-25,21:04:06,,2025_01_27__21_04_06,MachineObservation,Panama_Hoya_1004m_accionSauro_2025-01-26_2025-01-27,Panama_Hoya_1004m_accionSauro_2025-01-26_2025-01-27,accionSauro_2025_01_27__21_04_06_HDR0.jpg,accionSauro_2025_01_27__21_04_06_HDR0_0_Mothbot_yolo11m_4500_imgsz1600_b1_2024-01-18.pt.jpg
,,,,,,,,,,,,ERROR,Panama_Hoya_1004m_accionSauro_2025-01-26,accionSauro_2025_01_27__21_05_06_HDR0_0_Mothbot_yolo11m_4500_imgsz1600_b1_2024-01-18.pt.jpg,HS,Mothbot_yolo11m_4500_imgsz1600_b1_2024-01-18.pt,0.441060901,,accionSauro,Panama/Hoya_1004m_accionSauro_2025-01-26/2025-01-27/patches/accionSauro_2025_01_27__21_05_06_HDR0_0_Mothbot_yolo11m_4500_imgsz1600_b1_2024-01-18.pt.jpg,ORDER_Diptera,27-01-25,21:05:06,,2025_01_27__21_05_06,MachineObservation,Panama_Hoya_1004m_accionSauro_2025-01-26_2025-01-27,Panama_Hoya_1004m_accionSauro_2025-01-26_2025-01-27,accionSauro_2025_01_27__21_05_06_HDR0.jpg,accionSauro_2025_01_27__21_05_06_HDR0_0_Mothbot_yolo11m_4500_imgsz1600_b1_2024-01-18.pt.jpg
doi.org10.15468dl.6nxkw6.csv,Animalia,Arthropoda,Insecta,Hemiptera,,,,,809,,Hemiptera,Hemiptera,Panama_Hoya_1004m_accionSauro_2025-01-26,accionSauro_2025_01_27__21_06_06_HDR0_0_Mothbot_yolo11m_4500_imgsz1600_b1_2024-01-18.pt.jpg,HS,Mothbot_yolo11m_4500_imgsz1600_b1_2024-01-18.pt,0.392367989,,accionSauro,Panama/Hoya_1004m_accionSauro_2025-01-26/2025-01-27/patches/accionSauro_2025_01_27__21_06_06_HDR0_0_Mothbot_yolo11m_4500_imgsz1600_b1_2024-01-18.pt.jpg,ORDER_Diptera,27-01-25,21:06:06,,2025_01_27__21_06_06,MachineObservation,Panama_Hoya_1004m_accionSauro_2025-01-26_2025-01-27,Panama_Hoya_1004m_accionSauro_2025-01-26_2025-01-27,accionSauro_2025_01_27__21_06_06_HDR0.jpg,accionSauro_2025_01_27__21_06_06_HDR0_0_Mothbot_yolo11m_4500_imgsz1600_b1_2024-01-18.pt.jpg
doi.org10.15468dl.6nxkw6.csv,Animalia,Arthropoda,Insecta,Hemiptera,,,,,809,,Hemiptera,Hemiptera,Panama_Hoya_1004m_accionSauro_2025-01-26,accionSauro_2025_01_27__21_07_06_HDR0_0_Mothbot_yolo11m_4500_imgsz1600_b1_2024-01-18.pt.jpg,HS,Mothbot_yolo11m_4500_imgsz1600_b1_2024-01-18.pt,0.277461231,,accionSauro,Panama/Hoya_1004m_accionSauro_2025-01-26/2025-01-27/patches/accionSauro_2025_01_27__21_07_06_HDR0_0_Mothbot_yolo11m_4500_imgsz1600_b1_2024-01-18.pt.jpg,ORDER_Diptera,27-01-25,21:07:06,,2025_01_27__21_07_06,MachineObservation,Panama_Hoya_1004m_accionSauro_2025-01-26_2025-01-27,Panama_Hoya_1004m_accionSauro_2025-01-26_2025-01-27,accionSauro_2025_01_27__21_07_06_HDR0.jpg,accionSauro_2025_01_27__21_07_06_HDR0_0_Mothbot_yolo11m_4500_imgsz1600_b1_2024-01-18.pt.jpg
,Animalia,Arthropoda,Insecta,Diptera,,,,,,,Diptera,Diptera,Panama_Hoya_1004m_accionSauro_2025-01-26,accionSauro_2025_01_27__21_08_22_HDR0_0_Mothbot_yolo11m_4500_imgsz1600_b1_2024-01-18.pt.jpg,HS,Mothbot_yolo11m_4500_imgsz1600_b1_2024-01-18.pt,0.708845019,,accionSauro,Panama/Hoya_1004m_accionSauro_2025-01-26/2025-01-27/patches/accionSauro_2025_01_27__21_08_22_HDR0_0_Mothbot_yolo11m_4500_imgsz1600_b1_2024-01-18.pt.jpg,ORDER_Diptera,27-01-25,21:08:22,,2025_01_27__21_08_22,MachineObservation,Panama_Hoya_1004m_accionSauro_2025-01-26_2025-01-27,Panama_Hoya_1004m_accionSauro_2025-01-26_2025-01-27,accionSauro_2025_01_27__21_08_22_HDR0.jpg,accionSauro_2025_01_27__21_08_22_HDR0_0_Mothbot_yolo11m_4500_imgsz1600_b1_2024-01-18.pt.jpg
,Animalia,Arthropoda,Insecta,Diptera,,,,,,,Diptera,Diptera,Panama_Hoya_1004m_accionSauro_2025-01-26,accionSauro_2025_01_27__21_09_06_HDR0_0_Mothbot_yolo11m_4500_imgsz1600_b1_2024-01-18.pt.jpg,HS,Mothbot_yolo11m_4500_imgsz1600_b1_2024-01-18.pt,0.715955317,,accionSauro,Panama/Hoya_1004m_accionSauro_2025-01-26/2025-01-27/patches/accionSauro_2025_01_27__21_09_06_HDR0_0_Mothbot_yolo11m_4500_imgsz1600_b1_2024-01-18.pt.jpg,ORDER_Diptera,27-01-25,21:09:06,,2025_01_27__21_09_06,MachineObservation,Panama_Hoya_1004m_accionSauro_2025-01-26_2025-01-27,Panama_Hoya_1004m_accionSauro_2025-01-26_2025-01-27,accionSauro_2025_01_27__21_09_06_HDR0.jpg,accionSauro_2025_01_27__21_09_06_HDR0_0_Mothbot_yolo11m_4500_imgsz1600_b1_2024-01-18.pt.jpg
,Animalia,Arthropoda,Insecta,Diptera,,,,,,,Diptera,Diptera,Panama_Hoya_1004m_accionSauro_2025-01-26,accionSauro_2025_01_27__21_10_06_HDR0_0_Mothbot_yolo11m_4500_imgsz1600_b1_2024-01-18.pt.jpg,HS,Mothbot_yolo11m_4500_imgsz1600_b1_2024-01-18.pt,0.731382489,,accionSauro,Panama/Hoya_1004m_accionSauro_2025-01-26/2025-01-27/patches/accionSauro_2025_01_27__21_10_06_HDR0_0_Mothbot_yolo11m_4500_imgsz1600_b1_2024-01-18.pt.jpg,ORDER_Diptera,27-01-25,21:10:06,,2025_01_27__21_10_06,MachineObservation,Panama_Hoya_1004m_accionSauro_2025-01-26_2025-01-27,Panama_Hoya_1004m_accionSauro_2025-01-26_2025-01-27,accionSauro_2025_01_27__21_10_06_HDR0.jpg,accionSauro_2025_01_27__21_10_06_HDR0_0_Mothbot_yolo11m_4500_imgsz1600_b1_2024-01-18.pt.jpg
,Animalia,Arthropoda,Insecta,Lepidoptera,,,,,,,Lepidoptera,Lepidoptera,Panama_Hoya_1004m_accionSauro_2025-01-26,accionSauro_2025_01_27__21_11_06_HDR0_0_Mothbot_yolo11m_4500_imgsz1600_b1_2024-01-18.pt.jpg,HS,Mothbot_yolo11m_4500_imgsz1600_b1_2024-01-18.pt,0.790772796,,accionSauro,Panama/Hoya_1004m_accionSauro_2025-01-26/2025-01-27/patches/accionSauro_2025_01_27__21_11_06_HDR0_0_Mothbot_yolo11m_4500_imgsz1600_b1_2024-01-18.pt.jpg,ORDER_Lepidoptera,27-01-25,21:11:06,,2025_01_27__21_11_06,MachineObservation,Panama_Hoya_1004m_accionSauro_2025-01-26_2025-01-27,Panama_Hoya_1004m_accionSauro_2025-01-26_2025-01-27,accionSauro_2025_01_27__21_11_06_HDR0.jpg,accionSauro_2025_01_27__21_11_06_HDR0_0_Mothbot_yolo11m_4500_imgsz1600_b1_2024-01-18.pt.jpg
,Animalia,Arthropoda,Insecta,Hemiptera,,,,,,,Hemiptera,Hemiptera,Panama_Hoya_1004m_accionSauro_2025-01-26,accionSauro_2025_01_27__21_11_06_HDR0_1_Mothbot_yolo11m_4500_imgsz1600_b1_2024-01-18.pt.jpg,HS,Mothbot_yolo11m_4500_imgsz1600_b1_2024-01-18.pt,0.696156859,,accionSauro,Panama/Hoya_1004m_accionSauro_2025-01-26/2025-01-27/patches/accionSauro_2025_01_27__21_11_06_HDR0_1_Mothbot_yolo11m_4500_imgsz1600_b1_2024-01-18.pt.jpg,ORDER_Hemiptera,27-01-25,21:11:06,,2025_01_27__21_11_06,MachineObservation,Panama_Hoya_1004m_accionSauro_2025-01-26_2025-01-27,Panama_Hoya_1004m_accionSauro_2025-01-26_2025-01-27,accionSauro_2025_01_27__21_11_06_HDR0.jpg,accionSauro_2025_01_27__21_11_06_HDR0_1_Mothbot_yolo11m_4500_imgsz1600_b1_2024-01-18.pt.jpg
,Animalia,Arthropoda,Insecta,Lepidoptera,,,,,,,Lepidoptera,Lepidoptera,Panama_Hoya_1004m_accionSauro_2025-01-26,accionSauro_2025_01_27__21_12_06_HDR0_0_Mothbot_yolo11m_4500_imgsz1600_b1_2024-01-18.pt.jpg,HS,Mothbot_yolo11m_4500_imgsz1600_b1_2024-01-18.pt,0.793294013,,accionSauro,Panama/Hoya_1004m_accionSauro_2025-01-26/2025-01-27/patches/accionSauro_2025_01_27__21_12_06_HDR0_0_Mothbot_yolo11m_4500_imgsz1600_b1_2024-01-18.pt.jpg,ORDER_Lepidoptera,27-01-25,21:12:06,,2025_01_27__21_12_06,MachineObservation,Panama_Hoya_1004m_accionSauro_2025-01-26_2025-01-27,Panama_Hoya_1004m_accionSauro_2025-01-26_2025-01-27,accionSauro_2025_01_27__21_12_06_HDR0.jpg,accionSauro_2025_01_27__21_12_06_HDR0_0_Mothbot_yolo11m_4500_imgsz1600_b1_2024-01-18.pt.jpg
,Animalia,Arthropoda,Insecta,Hemiptera,,,,,,,Hemiptera,Hemiptera,Panama_Hoya_1004m_accionSauro_2025-01-26,accionSauro_2025_01_27__21_14_06_HDR0_0_Mothbot_yolo11m_4500_imgsz1600_b1_2024-01-18.pt.jpg,HS,Mothbot_yolo11m_4500_imgsz1600_b1_2024-01-18.pt,0.264674246,,accionSauro,Panama/Hoya_1004m_accionSauro_2025-01-26/2025-01-27/patches/accionSauro_2025_01_27__21_14_06_HDR0_0_Mothbot_yolo11m_4500_imgsz1600_b1_2024-01-18.pt.jpg,ORDER_Hemiptera,27-01-25,21:14:06,,2025_01_27__21_14_06,MachineObservation,Panama_Hoya_1004m_accionSauro_2025-01-26_2025-01-27,Panama_Hoya_1004m_accionSauro_2025-01-26_2025-01-27,accionSauro_2025_01_27__21_14_06_HDR0.jpg,accionSauro_2025_01_27__21_14_06_HDR0_0_Mothbot_yolo11m_4500_imgsz1600_b1_2024-01-18.pt.jpg
,Animalia,Arthropoda,Insecta,Lepidoptera,,,,,,,Lepidoptera,Lepidoptera,Panama_Hoya_1004m_accionSauro_2025-01-26,accionSauro_2025_01_27__21_17_06_HDR0_0_Mothbot_yolo11m_4500_imgsz1600_b1_2024-01-18.pt.jpg,HS,Mothbot_yolo11m_4500_imgsz1600_b1_2024-01-18.pt,0.384867221,,accionSauro,Panama/Hoya_1004m_accionSauro_2025-01-26/2025-01-27/patches/accionSauro_2025_01_27__21_17_06_HDR0_0_Mothbot_yolo11m_4500_imgsz1600_b1_2024-01-18.pt.jpg,ORDER_Lepidoptera,27-01-25,21:17:06,,2025_01_27__21_17_06,MachineObservation,Panama_Hoya_1004m_accionSauro_2025-01-26_2025-01-27,Panama_Hoya_1004m_accionSauro_2025-01-26_2025-01-27,accionSauro_2025_01_27__21_17_06_HDR0.jpg,accionSauro_2025_01_27__21_17_06_HDR0_0_Mothbot_yolo11m_4500_imgsz1600_b1_2024-01-18.pt.jpg
doi.org10.15468dl.6nxkw6.csv,Animalia,Arthropoda,Insecta,,,,,,216,,Insecta,Insecta,Panama_Hoya_1004m_accionSauro_2025-01-26,accionSauro_2025_01_27__21_18_06_HDR0_0_Mothbot_yolo11m_4500_imgsz1600_b1_2024-01-18.pt.jpg,HS,Mothbot_yolo11m_4500_imgsz1600_b1_2024-01-18.pt,0.32979843,,accionSauro,Panama/Hoya_1004m_accionSauro_2025-01-26/2025-01-27/patches/accionSauro_2025_01_27__21_18_06_HDR0_0_Mothbot_yolo11m_4500_imgsz1600_b1_2024-01-18.pt.jpg,ORDER_Hymenoptera,27-01-25,21:18:06,,2025_01_27__21_18_06,MachineObservation,Panama_Hoya_1004m_accionSauro_2025-01-26_2025-01-27,Panama_Hoya_1004m_accionSauro_2025-01-26_2025-01-27,accionSauro_2025_01_27__21_18_06_HDR0.jpg,accionSauro_2025_01_27__21_18_06_HDR0_0_Mothbot_yolo11m_4500_imgsz1600_b1_2024-01-18.pt.jpg
doi.org10.15468dl.6nxkw6.csv,Animalia,Arthropoda,Insecta,,,,,,216,,Insecta,Insecta,Panama_Hoya_1004m_accionSauro_2025-01-26,accionSauro_2025_01_27__21_25_06_HDR0_0_Mothbot_yolo11m_4500_imgsz1600_b1_2024-01-18.pt.jpg,HS,Mothbot_yolo11m_4500_imgsz1600_b1_2024-01-18.pt,0.483718067,,accionSauro,Panama/Hoya_1004m_accionSauro_2025-01-26/2025-01-27/patches/accionSauro_2025_01_27__21_25_06_HDR0_0_Mothbot_yolo11m_4500_imgsz1600_b1_2024-01-18.pt.jpg,ORDER_Diptera,27-01-25,21:25:06,,2025_01_27__21_25_06,MachineObservation,Panama_Hoya_1004m_accionSauro_2025-01-26_2025-01-27,Panama_Hoya_1004m_accionSauro_2025-01-26_2025-01-27,accionSauro_2025_01_27__21_25_06_HDR0.jpg,accionSauro_2025_01_27__21_25_06_HDR0_0_Mothbot_yolo11m_4500_imgsz1600_b1_2024-01-18.pt.jpg
doi.org10.15468dl.6nxkw6.csv,Animalia,Arthropoda,Insecta,Diptera,,,,,811,,Diptera,Diptera,Panama_Hoya_1004m_accionSauro_2025-01-26,accionSauro_2025_01_27__21_28_06_HDR0_0_Mothbot_yolo11m_4500_imgsz1600_b1_2024-01-18.pt.jpg,HS,Mothbot_yolo11m_4500_imgsz1600_b1_2024-01-18.pt,0.493321717,,accionSauro,Panama/Hoya_1004m_accionSauro_2025-01-26/2025-01-27/patches/accionSauro_2025_01_27__21_28_06_HDR0_0_Mothbot_yolo11m_4500_imgsz1600_b1_2024-01-18.pt.jpg,ORDER_Coleoptera,27-01-25,21:28:06,,2025_01_27__21_28_06,MachineObservation,Panama_Hoya_1004m_accionSauro_2025-01-26_2025-01-27,Panama_Hoya_1004m_accionSauro_2025-01-26_2025-01-27,accionSauro_2025_01_27__21_28_06_HDR0.jpg,accionSauro_2025_01_27__21_28_06_HDR0_0_Mothbot_yolo11m_4500_imgsz1600_b1_2024-01-18.pt.jpg
doi.org10.15468dl.6nxkw6.csv,Animalia,Arthropoda,Insecta,Diptera,,,,,,,Diptera,Diptera,Panama_Hoya_1004m_accionSauro_2025-01-26,accionSauro_2025_01_27__21_29_22_HDR0_0_Mothbot_yolo11m_4500_imgsz1600_b1_2024-01-18.pt.jpg,HS,Mothbot_yolo11m_4500_imgsz1600_b1_2024-01-18.pt,0.648089409,,accionSauro,Panama/Hoya_1004m_accionSauro_2025-01-26/2025-01-27/patches/accionSauro_2025_01_27__21_29_22_HDR0_0_Mothbot_yolo11m_4500_imgsz1600_b1_2024-01-18.pt.jpg,ORDER_Hemiptera,27-01-25,21:29:22,,2025_01_27__21_29_22,MachineObservation,Panama_Hoya_1004m_accionSauro_2025-01-26_2025-01-27,Panama_Hoya_1004m_accionSauro_2025-01-26_2025-01-27,accionSauro_2025_01_27__21_29_22_HDR0.jpg,accionSauro_2025_01_27__21_29_22_HDR0_0_Mothbot_yolo11m_4500_imgsz1600_b1_2024-01-18.pt.jpg
doi.org10.15468dl.6nxkw6.csv,Animalia,Arthropoda,Insecta,Hemiptera,,,,,809,,Hemiptera,Hemiptera,Panama_Hoya_1004m_accionSauro_2025-01-26,accionSauro_2025_01_27__21_30_06_HDR0_0_Mothbot_yolo11m_4500_imgsz1600_b1_2024-01-18.pt.jpg,HS,Mothbot_yolo11m_4500_imgsz1600_b1_2024-01-18.pt,0.689725161,,accionSauro,Panama/Hoya_1004m_accionSauro_2025-01-26/2025-01-27/patches/accionSauro_2025_01_27__21_30_06_HDR0_0_Mothbot_yolo11m_4500_imgsz1600_b1_2024-01-18.pt.jpg,ORDER_Hymenoptera,27-01-25,21:30:06,,2025_01_27__21_30_06,MachineObservation,Panama_Hoya_1004m_accionSauro_2025-01-26_2025-01-27,Panama_Hoya_1004m_accionSauro_2025-01-26_2025-01-27,accionSauro_2025_01_27__21_30_06_HDR0.jpg,accionSauro_2025_01_27__21_30_06_HDR0_0_Mothbot_yolo11m_4500_imgsz1600_b1_2024-01-18.pt.jpg
doi.org10.15468dl.6nxkw6.csv,Animalia,Arthropoda,Insecta,Diptera,,,,,,,Diptera,Diptera,Panama_Hoya_1004m_accionSauro_2025-01-26,accionSauro_2025_01_27__21_30_06_HDR0_1_Mothbot_yolo11m_4500_imgsz1600_b1_2024-01-18.pt.jpg,HS,Mothbot_yolo11m_4500_imgsz1600_b1_2024-01-18.pt,0.627254784,,accionSauro,Panama/Hoya_1004m_accionSauro_2025-01-26/2025-01-27/patches/accionSauro_2025_01_27__21_30_06_HDR0_1_Mothbot_yolo11m_4500_imgsz1600_b1_2024-01-18.pt.jpg,ORDER_Hemiptera,27-01-25,21:30:06,,2025_01_27__21_30_06,MachineObservation,Panama_Hoya_1004m_accionSauro_2025-01-26_2025-01-27,Panama_Hoya_1004m_accionSauro_2025-01-26_2025-01-27,accionSauro_2025_01_27__21_30_06_HDR0.jpg,accionSauro_2025_01_27__21_30_06_HDR0_1_Mothbot_yolo11m_4500_imgsz1600_b1_2024-01-18.pt.jpg
doi.org10.15468dl.6nxkw6.csv,Animalia,Arthropoda,Insecta,Diptera,,,,,,,Diptera,Diptera,Panama_Hoya_1004m_accionSauro_2025-01-26,accionSauro_2025_01_27__21_31_06_HDR0_0_Mothbot_yolo11m_4500_imgsz1600_b1_2024-01-18.pt.jpg,HS,Mothbot_yolo11m_4500_imgsz1600_b1_2024-01-18.pt,0.61168468,,accionSauro,Panama/Hoya_1004m_accionSauro_2025-01-26/2025-01-27/patches/accionSauro_2025_01_27__21_31_06_HDR0_0_Mothbot_yolo11m_4500_imgsz1600_b1_2024-01-18.pt.jpg,ORDER_Hemiptera,27-01-25,21:31:06,,2025_01_27__21_31_06,MachineObservation,Panama_Hoya_1004m_accionSauro_2025-01-26_2025-01-27,Panama_Hoya_1004m_accionSauro_2025-01-26_2025-01-27,accionSauro_2025_01_27__21_31_06_HDR0.jpg,accionSauro_2025_01_27__21_31_06_HDR0_0_Mothbot_yolo11m_4500_imgsz1600_b1_2024-01-18.pt.jpg
doi.org10.15468dl.6nxkw6.csv,Animalia,Arthropoda,Insecta,Diptera,,,,,811,,Diptera,Diptera,Panama_Hoya_1004m_accionSauro_2025-01-26,accionSauro_2025_01_27__21_31_06_HDR0_1_Mothbot_yolo11m_4500_imgsz1600_b1_2024-01-18.pt.jpg,HS,Mothbot_yolo11m_4500_imgsz1600_b1_2024-01-18.pt,0.516838372,,accionSauro,Panama/Hoya_1004m_accionSauro_2025-01-26/2025-01-27/patches/accionSauro_2025_01_27__21_31_06_HDR0_1_Mothbot_yolo11m_4500_imgsz1600_b1_2024-01-18.pt.jpg,ORDER_Coleoptera,27-01-25,21:31:06,,2025_01_27__21_31_06,MachineObservation,Panama_Hoya_1004m_accionSauro_2025-01-26_2025-01-27,Panama_Hoya_1004m_accionSauro_2025-01-26_2025-01-27,accionSauro_2025_01_27__21_31_06_HDR0.jpg,accionSauro_2025_01_27__21_31_06_HDR0_1_Mothbot_yolo11m_4500_imgsz1600_b1_2024-01-18.pt.jpg
doi.org10.15468dl.6nxkw6.csv,Animalia,Arthropoda,Insecta,Diptera,,,,,,,Diptera,Diptera,Panama_Hoya_1004m_accionSauro_2025-01-26,accionSauro_2025_01_27__21_32_06_HDR0_0_Mothbot_yolo11m_4500_imgsz1600_b1_2024-01-18.pt.jpg,HS,Mothbot_yolo11m_4500_imgsz1600_b1_2024-01-18.pt,0.616575181,,accionSauro,Panama/Hoya_1004m_accionSauro_2025-01-26/2025-01-27/patches/accionSauro_2025_01_27__21_32_06_HDR0_0_Mothbot_yolo11m_4500_imgsz1600_b1_2024-01-18.pt.jpg,ORDER_Hemiptera,27-01-25,21:32:06,,2025_01_27__21_32_06,MachineObservation,Panama_Hoya_1004m_accionSauro_2025-01-26_2025-01-27,Panama_Hoya_1004m_accionSauro_2025-01-26_2025-01-27,accionSauro_2025_01_27__21_32_06_HDR0.jpg,accionSauro_2025_01_27__21_32_06_HDR0_0_Mothbot_yolo11m_4500_imgsz1600_b1_2024-01-18.pt.jpg
,Animalia,Arthropoda,Insecta,Diptera,,,,,,,Diptera,Diptera,Panama_Hoya_1004m_accionSauro_2025-01-26,accionSauro_2025_01_27__21_32_06_HDR0_1_Mothbot_yolo11m_4500_imgsz1600_b1_2024-01-18.pt.jpg,HS,Mothbot_yolo11m_4500_imgsz1600_b1_2024-01-18.pt,0.491874337,,accionSauro,Panama/Hoya_1004m_accionSauro_2025-01-26/2025-01-27/patches/accionSauro_2025_01_27__21_32_06_HDR0_1_Mothbot_yolo11m_4500_imgsz1600_b1_2024-01-18.pt.jpg,ORDER_Diptera,27-01-25,21:32:06,,2025_01_27__21_32_06,MachineObservation,Panama_Hoya_1004m_accionSauro_2025-01-26_2025-01-27,Panama_Hoya_1004m_accionSauro_2025-01-26_2025-01-27,accionSauro_2025_01_27__21_32_06_HDR0.jpg,accionSauro_2025_01_27__21_32_06_HDR0_1_Mothbot_yolo11m_4500_imgsz1600_b1_2024-01-18.pt.jpg
,Animalia,Arthropoda,Insecta,Lepidoptera,,,,,,,Lepidoptera,Lepidoptera,Panama_Hoya_1004m_accionSauro_2025-01-26,accionSauro_2025_01_27__21_46_06_HDR0_0_Mothbot_yolo11m_4500_imgsz1600_b1_2024-01-18.pt.jpg,HS,Mothbot_yolo11m_4500_imgsz1600_b1_2024-01-18.pt,0.819335222,,accionSauro,Panama/Hoya_1004m_accionSauro_2025-01-26/2025-01-27/patches/accionSauro_2025_01_27__21_46_06_HDR0_0_Mothbot_yolo11m_4500_imgsz1600_b1_2024-01-18.pt.jpg,ORDER_Lepidoptera,27-01-25,21:46:06,,2025_01_27__21_46_06,MachineObservation,Panama_Hoya_1004m_accionSauro_2025-01-26_2025-01-27,Panama_Hoya_1004m_accionSauro_2025-01-26_2025-01-27,accionSauro_2025_01_27__21_46_06_HDR0.jpg,accionSauro_2025_01_27__21_46_06_HDR0_0_Mothbot_yolo11m_4500_imgsz1600_b1_2024-01-18.pt.jpg
,Animalia,Arthropoda,Insecta,Lepidoptera,,,,,,,Lepidoptera,Lepidoptera,Panama_Hoya_1004m_accionSauro_2025-01-26,accionSauro_2025_01_27__21_47_06_HDR0_0_Mothbot_yolo11m_4500_imgsz1600_b1_2024-01-18.pt.jpg,HS,Mothbot_yolo11m_4500_imgsz1600_b1_2024-01-18.pt,0.820274949,,accionSauro,Panama/Hoya_1004m_accionSauro_2025-01-26/2025-01-27/patches/accionSauro_2025_01_27__21_47_06_HDR0_0_Mothbot_yolo11m_4500_imgsz1600_b1_2024-01-18.pt.jpg,ORDER_Lepidoptera,27-01-25,21:47:06,,2025_01_27__21_47_06,MachineObservation,Panama_Hoya_1004m_accionSauro_2025-01-26_2025-01-27,Panama_Hoya_1004m_accionSauro_2025-01-26_2025-01-27,accionSauro_2025_01_27__21_47_06_HDR0.jpg,accionSauro_2025_01_27__21_47_06_HDR0_0_Mothbot_yolo11m_4500_imgsz1600_b1_2024-01-18.pt.jpg
doi.org10.15468dl.6nxkw6.csv,Animalia,Arthropoda,Insecta,Diptera,,,,,,,Diptera,Diptera,Panama_Hoya_1004m_accionSauro_2025-01-26,accionSauro_2025_01_27__21_47_06_HDR0_1_Mothbot_yolo11m_4500_imgsz1600_b1_2024-01-18.pt.jpg,HS,Mothbot_yolo11m_4500_imgsz1600_b1_2024-01-18.pt,0.369322062,,accionSauro,Panama/Hoya_1004m_accionSauro_2025-01-26/2025-01-27/patches/accionSauro_2025_01_27__21_47_06_HDR0_1_Mothbot_yolo11m_4500_imgsz1600_b1_2024-01-18.pt.jpg,ORDER_Hemiptera,27-01-25,21:47:06,,2025_01_27__21_47_06,MachineObservation,Panama_Hoya_1004m_accionSauro_2025-01-26_2025-01-27,Panama_Hoya_1004m_accionSauro_2025-01-26_2025-01-27,accionSauro_2025_01_27__21_47_06_HDR0.jpg,accionSauro_2025_01_27__21_47_06_HDR0_1_Mothbot_yolo11m_4500_imgsz1600_b1_2024-01-18.pt.jpg
doi.org10.15468dl.6nxkw6.csv,Animalia,Arthropoda,Insecta,Diptera,,,,,811,,Diptera,Diptera,Panama_Hoya_1004m_accionSauro_2025-01-26,accionSauro_2025_01_27__21_48_06_HDR0_0_Mothbot_yolo11m_4500_imgsz1600_b1_2024-01-18.pt.jpg,HS,Mothbot_yolo11m_4500_imgsz1600_b1_2024-01-18.pt,0.39490366,,accionSauro,Panama/Hoya_1004m_accionSauro_2025-01-26/2025-01-27/patches/accionSauro_2025_01_27__21_48_06_HDR0_0_Mothbot_yolo11m_4500_imgsz1600_b1_2024-01-18.pt.jpg,ORDER_Coleoptera,27-01-25,21:48:06,,2025_01_27__21_48_06,MachineObservation,Panama_Hoya_1004m_accionSauro_2025-01-26_2025-01-27,Panama_Hoya_1004m_accionSauro_2025-01-26_2025-01-27,accionSauro_2025_01_27__21_48_06_HDR0.jpg,accionSauro_2025_01_27__21_48_06_HDR0_0_Mothbot_yolo11m_4500_imgsz1600_b1_2024-01-18.pt.jpg
doi.org10.15468dl.6nxkw6.csv,Animalia,Arthropoda,Insecta,Diptera,,,,,,,Diptera,Diptera,Panama_Hoya_1004m_accionSauro_2025-01-26,accionSauro_2025_01_27__21_49_06_HDR0_0_Mothbot_yolo11m_4500_imgsz1600_b1_2024-01-18.pt.jpg,HS,Mothbot_yolo11m_4500_imgsz1600_b1_2024-01-18.pt,0.299820244,,accionSauro,Panama/Hoya_1004m_accionSauro_2025-01-26/2025-01-27/patches/accionSauro_2025_01_27__21_49_06_HDR0_0_Mothbot_yolo11m_4500_imgsz1600_b1_2024-01-18.pt.jpg,ORDER_Hemiptera,27-01-25,21:49:06,,2025_01_27__21_49_06,MachineObservation,Panama_Hoya_1004m_accionSauro_2025-01-26_2025-01-27,Panama_Hoya_1004m_accionSauro_2025-01-26_2025-01-27,accionSauro_2025_01_27__21_49_06_HDR0.jpg,accionSauro_2025_01_27__21_49_06_HDR0_0_Mothbot_yolo11m_4500_imgsz1600_b1_2024-01-18.pt.jpg
,Animalia,Arthropoda,Insecta,Lepidoptera,,,,,,,Lepidoptera,Lepidoptera,Panama_Hoya_1004m_accionSauro_2025-01-26,accionSauro_2025_01_27__21_52_06_HDR0_0_Mothbot_yolo11m_4500_imgsz1600_b1_2024-01-18.pt.jpg,HS,Mothbot_yolo11m_4500_imgsz1600_b1_2024-01-18.pt,0.778379619,,accionSauro,Panama/Hoya_1004m_accionSauro_2025-01-26/2025-01-27/patches/accionSauro_2025_01_27__21_52_06_HDR0_0_Mothbot_yolo11m_4500_imgsz1600_b1_2024-01-18.pt.jpg,ORDER_Lepidoptera,27-01-25,21:52:06,,2025_01_27__21_52_06,MachineObservation,Panama_Hoya_1004m_accionSauro_2025-01-26_2025-01-27,Panama_Hoya_1004m_accionSauro_2025-01-26_2025-01-27,accionSauro_2025_01_27__21_52_06_HDR0.jpg,accionSauro_2025_01_27__21_52_06_HDR0_0_Mothbot_yolo11m_4500_imgsz1600_b1_2024-01-18.pt.jpg
doi.org10.15468dl.6nxkw6.csv,Animalia,Arthropoda,Insecta,Hemiptera,,,,,809,,Hemiptera,Hemiptera,Panama_Hoya_1004m_accionSauro_2025-01-26,accionSauro_2025_01_27__21_52_06_HDR0_1_Mothbot_yolo11m_4500_imgsz1600_b1_2024-01-18.pt.jpg,HS,Mothbot_yolo11m_4500_imgsz1600_b1_2024-01-18.pt,0.697992206,,accionSauro,Panama/Hoya_1004m_accionSauro_2025-01-26/2025-01-27/patches/accionSauro_2025_01_27__21_52_06_HDR0_1_Mothbot_yolo11m_4500_imgsz1600_b1_2024-01-18.pt.jpg,ORDER_Coleoptera,27-01-25,21:52:06,,2025_01_27__21_52_06,MachineObservation,Panama_Hoya_1004m_accionSauro_2025-01-26_2025-01-27,Panama_Hoya_1004m_accionSauro_2025-01-26_2025-01-27,accionSauro_2025_01_27__21_52_06_HDR0.jpg,accionSauro_2025_01_27__21_52_06_HDR0_1_Mothbot_yolo11m_4500_imgsz1600_b1_2024-01-18.pt.jpg
,Animalia,Arthropoda,Insecta,Diptera,,,,,,,Diptera,Diptera,Panama_Hoya_1004m_accionSauro_2025-01-26,accionSauro_2025_01_27__21_52_06_HDR0_2_Mothbot_yolo11m_4500_imgsz1600_b1_2024-01-18.pt.jpg,HS,Mothbot_yolo11m_4500_imgsz1600_b1_2024-01-18.pt,0.688807249,,accionSauro,Panama/Hoya_1004m_accionSauro_2025-01-26/2025-01-27/patches/accionSauro_2025_01_27__21_52_06_HDR0_2_Mothbot_yolo11m_4500_imgsz1600_b1_2024-01-18.pt.jpg,ORDER_Diptera,27-01-25,21:52:06,,2025_01_27__21_52_06,MachineObservation,Panama_Hoya_1004m_accionSauro_2025-01-26_2025-01-27,Panama_Hoya_1004m_accionSauro_2025-01-26_2025-01-27,accionSauro_2025_01_27__21_52_06_HDR0.jpg,accionSauro_2025_01_27__21_52_06_HDR0_2_Mothbot_yolo11m_4500_imgsz1600_b1_2024-01-18.pt.jpg
doi.org10.15468dl.6nxkw6.csv,Animalia,Arthropoda,Insecta,Hemiptera,,,,,809,,Hemiptera,Hemiptera,Panama_Hoya_1004m_accionSauro_2025-01-26,accionSauro_2025_01_27__21_53_06_HDR0_0_Mothbot_yolo11m_4500_imgsz1600_b1_2024-01-18.pt.jpg,HS,Mothbot_yolo11m_4500_imgsz1600_b1_2024-01-18.pt,0.697972298,,accionSauro,Panama/Hoya_1004m_accionSauro_2025-01-26/2025-01-27/patches/accionSauro_2025_01_27__21_53_06_HDR0_0_Mothbot_yolo11m_4500_imgsz1600_b1_2024-01-18.pt.jpg,ORDER_Coleoptera,27-01-25,21:53:06,,2025_01_27__21_53_06,MachineObservation,Panama_Hoya_1004m_accionSauro_2025-01-26_2025-01-27,Panama_Hoya_1004m_accionSauro_2025-01-26_2025-01-27,accionSauro_2025_01_27__21_53_06_HDR0.jpg,accionSauro_2025_01_27__21_53_06_HDR0_0_Mothbot_yolo11m_4500_imgsz1600_b1_2024-01-18.pt.jpg
,Animalia,Arthropoda,Insecta,Hemiptera,,,,,,,Hemiptera,Hemiptera,Panama_Hoya_1004m_accionSauro_2025-01-26,accionSauro_2025_01_27__21_54_06_HDR0_0_Mothbot_yolo11m_4500_imgsz1600_b1_2024-01-18.pt.jpg,HS,Mothbot_yolo11m_4500_imgsz1600_b1_2024-01-18.pt,0.7595222,,accionSauro,Panama/Hoya_1004m_accionSauro_2025-01-26/2025-01-27/patches/accionSauro_2025_01_27__21_54_06_HDR0_0_Mothbot_yolo11m_4500_imgsz1600_b1_2024-01-18.pt.jpg,ORDER_Hemiptera,27-01-25,21:54:06,,2025_01_27__21_54_06,MachineObservation,Panama_Hoya_1004m_accionSauro_2025-01-26_2025-01-27,Panama_Hoya_1004m_accionSauro_2025-01-26_2025-01-27,accionSauro_2025_01_27__21_54_06_HDR0.jpg,accionSauro_2025_01_27__21_54_06_HDR0_0_Mothbot_yolo11m_4500_imgsz1600_b1_2024-01-18.pt.jpg
,Animalia,Arthropoda,Insecta,Hemiptera,,,,,,,Hemiptera,Hemiptera,Panama_Hoya_1004m_accionSauro_2025-01-26,accionSauro_2025_01_27__21_55_06_HDR0_0_Mothbot_yolo11m_4500_imgsz1600_b1_2024-01-18.pt.jpg,HS,Mothbot_yolo11m_4500_imgsz1600_b1_2024-01-18.pt,0.748370588,,accionSauro,Panama/Hoya_1004m_accionSauro_2025-01-26/2025-01-27/patches/accionSauro_2025_01_27__21_55_06_HDR0_0_Mothbot_yolo11m_4500_imgsz1600_b1_2024-01-18.pt.jpg,ORDER_Hemiptera,27-01-25,21:55:06,,2025_01_27__21_55_06,MachineObservation,Panama_Hoya_1004m_accionSauro_2025-01-26_2025-01-27,Panama_Hoya_1004m_accionSauro_2025-01-26_2025-01-27,accionSauro_2025_01_27__21_55_06_HDR0.jpg,accionSauro_2025_01_27__21_55_06_HDR0_0_Mothbot_yolo11m_4500_imgsz1600_b1_2024-01-18.pt.jpg
doi.org10.15468dl.6nxkw6.csv,Animalia,Arthropoda,Insecta,Hemiptera,,,,,809,,Hemiptera,Hemiptera,Panama_Hoya_1004m_accionSauro_2025-01-26,accionSauro_2025_01_27__21_56_06_HDR0_0_Mothbot_yolo11m_4500_imgsz1600_b1_2024-01-18.pt.jpg,HS,Mothbot_yolo11m_4500_imgsz1600_b1_2024-01-18.pt,0.738358378,,accionSauro,Panama/Hoya_1004m_accionSauro_2025-01-26/2025-01-27/patches/accionSauro_2025_01_27__21_56_06_HDR0_0_Mothbot_yolo11m_4500_imgsz1600_b1_2024-01-18.pt.jpg,ORDER_Diptera,27-01-25,21:56:06,,2025_01_27__21_56_06,MachineObservation,Panama_Hoya_1004m_accionSauro_2025-01-26_2025-01-27,Panama_Hoya_1004m_accionSauro_2025-01-26_2025-01-27,accionSauro_2025_01_27__21_56_06_HDR0.jpg,accionSauro_2025_01_27__21_56_06_HDR0_0_Mothbot_yolo11m_4500_imgsz1600_b1_2024-01-18.pt.jpg
doi.org10.15468dl.6nxkw6.csv,Animalia,Arthropoda,Insecta,Hemiptera,,,,,809,,Hemiptera,Hemiptera,Panama_Hoya_1004m_accionSauro_2025-01-26,accionSauro_2025_01_27__21_57_22_HDR0_0_Mothbot_yolo11m_4500_imgsz1600_b1_2024-01-18.pt.jpg,HS,Mothbot_yolo11m_4500_imgsz1600_b1_2024-01-18.pt,0.772024453,,accionSauro,Panama/Hoya_1004m_accionSauro_2025-01-26/2025-01-27/patches/accionSauro_2025_01_27__21_57_22_HDR0_0_Mothbot_yolo11m_4500_imgsz1600_b1_2024-01-18.pt.jpg,ORDER_Psocodea,27-01-25,21:57:22,,2025_01_27__21_57_22,MachineObservation,Panama_Hoya_1004m_accionSauro_2025-01-26_2025-01-27,Panama_Hoya_1004m_accionSauro_2025-01-26_2025-01-27,accionSauro_2025_01_27__21_57_22_HDR0.jpg,accionSauro_2025_01_27__21_57_22_HDR0_0_Mothbot_yolo11m_4500_imgsz1600_b1_2024-01-18.pt.jpg
doi.org10.15468dl.6nxkw6.csv,Animalia,Arthropoda,Insecta,Hemiptera,,,,,809,,Hemiptera,Hemiptera,Panama_Hoya_1004m_accionSauro_2025-01-26,accionSauro_2025_01_27__21_57_22_HDR0_1_Mothbot_yolo11m_4500_imgsz1600_b1_2024-01-18.pt.jpg,HS,Mothbot_yolo11m_4500_imgsz1600_b1_2024-01-18.pt,0.739811063,,accionSauro,Panama/Hoya_1004m_accionSauro_2025-01-26/2025-01-27/patches/accionSauro_2025_01_27__21_57_22_HDR0_1_Mothbot_yolo11m_4500_imgsz1600_b1_2024-01-18.pt.jpg,ORDER_Diptera,27-01-25,21:57:22,,2025_01_27__21_57_22,MachineObservation,Panama_Hoya_1004m_accionSauro_2025-01-26_2025-01-27,Panama_Hoya_1004m_accionSauro_2025-01-26_2025-01-27,accionSauro_2025_01_27__21_57_22_HDR0.jpg,accionSauro_2025_01_27__21_57_22_HDR0_1_Mothbot_yolo11m_4500_imgsz1600_b1_2024-01-18.pt.jpg
doi.org10.15468dl.6nxkw6.csv,Animalia,Arthropoda,Insecta,,,,,,216,,Insecta,Insecta,Panama_Hoya_1004m_accionSauro_2025-01-26,accionSauro_2025_01_27__21_57_22_HDR0_2_Mothbot_yolo11m_4500_imgsz1600_b1_2024-01-18.pt.jpg,HS,Mothbot_yolo11m_4500_imgsz1600_b1_2024-01-18.pt,0.537306011,,accionSauro,Panama/Hoya_1004m_accionSauro_2025-01-26/2025-01-27/patches/accionSauro_2025_01_27__21_57_22_HDR0_2_Mothbot_yolo11m_4500_imgsz1600_b1_2024-01-18.pt.jpg,ORDER_Hymenoptera,27-01-25,21:57:22,,2025_01_27__21_57_22,MachineObservation,Panama_Hoya_1004m_accionSauro_2025-01-26_2025-01-27,Panama_Hoya_1004m_accionSauro_2025-01-26_2025-01-27,accionSauro_2025_01_27__21_57_22_HDR0.jpg,accionSauro_2025_01_27__21_57_22_HDR0_2_Mothbot_yolo11m_4500_imgsz1600_b1_2024-01-18.pt.jpg
,Animalia,Arthropoda,Insecta,Hemiptera,,,,,,,Hemiptera,Hemiptera,Panama_Hoya_1004m_accionSauro_2025-01-26,accionSauro_2025_01_27__21_58_06_HDR0_0_Mothbot_yolo11m_4500_imgsz1600_b1_2024-01-18.pt.jpg,HS,Mothbot_yolo11m_4500_imgsz1600_b1_2024-01-18.pt,0.742469251,,accionSauro,Panama/Hoya_1004m_accionSauro_2025-01-26/2025-01-27/patches/accionSauro_2025_01_27__21_58_06_HDR0_0_Mothbot_yolo11m_4500_imgsz1600_b1_2024-01-18.pt.jpg,ORDER_Hemiptera,27-01-25,21:58:06,,2025_01_27__21_58_06,MachineObservation,Panama_Hoya_1004m_accionSauro_2025-01-26_2025-01-27,Panama_Hoya_1004m_accionSauro_2025-01-26_2025-01-27,accionSauro_2025_01_27__21_58_06_HDR0.jpg,accionSauro_2025_01_27__21_58_06_HDR0_0_Mothbot_yolo11m_4500_imgsz1600_b1_2024-01-18.pt.jpg
doi.org10.15468dl.6nxkw6.csv,Animalia,Arthropoda,Insecta,Diptera,,,,,,,Diptera,Diptera,Panama_Hoya_1004m_accionSauro_2025-01-26,accionSauro_2025_01_27__21_58_06_HDR0_1_Mothbot_yolo11m_4500_imgsz1600_b1_2024-01-18.pt.jpg,HS,Mothbot_yolo11m_4500_imgsz1600_b1_2024-01-18.pt,0.669888496,,accionSauro,Panama/Hoya_1004m_accionSauro_2025-01-26/2025-01-27/patches/accionSauro_2025_01_27__21_58_06_HDR0_1_Mothbot_yolo11m_4500_imgsz1600_b1_2024-01-18.pt.jpg,ORDER_Diptera,27-01-25,21:58:06,,2025_01_27__21_58_06,MachineObservation,Panama_Hoya_1004m_accionSauro_2025-01-26_2025-01-27,Panama_Hoya_1004m_accionSauro_2025-01-26_2025-01-27,accionSauro_2025_01_27__21_58_06_HDR0.jpg,accionSauro_2025_01_27__21_58_06_HDR0_1_Mothbot_yolo11m_4500_imgsz1600_b1_2024-01-18.pt.jpg
,Animalia,Arthropoda,Insecta,Hemiptera,,,,,,,Hemiptera,Hemiptera,Panama_Hoya_1004m_accionSauro_2025-01-26,accionSauro_2025_01_27__21_59_05_HDR0_0_Mothbot_yolo11m_4500_imgsz1600_b1_2024-01-18.pt.jpg,HS,Mothbot_yolo11m_4500_imgsz1600_b1_2024-01-18.pt,0.742808938,,accionSauro,Panama/Hoya_1004m_accionSauro_2025-01-26/2025-01-27/patches/accionSauro_2025_01_27__21_59_05_HDR0_0_Mothbot_yolo11m_4500_imgsz1600_b1_2024-01-18.pt.jpg,ORDER_Hemiptera,27-01-25,21:59:05,,2025_01_27__21_59_05,MachineObservation,Panama_Hoya_1004m_accionSauro_2025-01-26_2025-01-27,Panama_Hoya_1004m_accionSauro_2025-01-26_2025-01-27,accionSauro_2025_01_27__21_59_05_HDR0.jpg,accionSauro_2025_01_27__21_59_05_HDR0_0_Mothbot_yolo11m_4500_imgsz1600_b1_2024-01-18.pt.jpg
doi.org10.15468dl.6nxkw6.csv,Animalia,Arthropoda,Insecta,,,,,,216,,Insecta,Insecta,Panama_Hoya_1004m_accionSauro_2025-01-26,accionSauro_2025_01_27__23_03_05_HDR0_0_Mothbot_yolo11m_4500_imgsz1600_b1_2024-01-18.pt.jpg,HS,Mothbot_yolo11m_4500_imgsz1600_b1_2024-01-18.pt,0.367334753,,accionSauro,Panama/Hoya_1004m_accionSauro_2025-01-26/2025-01-27/patches/accionSauro_2025_01_27__23_03_05_HDR0_0_Mothbot_yolo11m_4500_imgsz1600_b1_2024-01-18.pt.jpg,ORDER_Hymenoptera,27-01-25,23:03:05,,2025_01_27__23_03_05,MachineObservation,Panama_Hoya_1004m_accionSauro_2025-01-26_2025-01-27,Panama_Hoya_1004m_accionSauro_2025-01-26_2025-01-27,accionSauro_2025_01_27__23_03_05_HDR0.jpg,accionSauro_2025_01_27__23_03_05_HDR0_0_Mothbot_yolo11m_4500_imgsz1600_b1_2024-01-18.pt.jpg
doi.org10.15468dl.6nxkw6.csv,Animalia,Arthropoda,Insecta,,,,,,216,,Insecta,Insecta,Panama_Hoya_1004m_accionSauro_2025-01-26,accionSauro_2025_01_27__23_16_06_HDR0_0_Mothbot_yolo11m_4500_imgsz1600_b1_2024-01-18.pt.jpg,HS,Mothbot_yolo11m_4500_imgsz1600_b1_2024-01-18.pt,0.305619806,,accionSauro,Panama/Hoya_1004m_accionSauro_2025-01-26/2025-01-27/patches/accionSauro_2025_01_27__23_16_06_HDR0_0_Mothbot_yolo11m_4500_imgsz1600_b1_2024-01-18.pt.jpg,ORDER_Hymenoptera,27-01-25,23:16:06,,2025_01_27__23_16_06,MachineObservation,Panama_Hoya_1004m_accionSauro_2025-01-26_2025-01-27,Panama_Hoya_1004m_accionSauro_2025-01-26_2025-01-27,accionSauro_2025_01_27__23_16_06_HDR0.jpg,accionSauro_2025_01_27__23_16_06_HDR0_0_Mothbot_yolo11m_4500_imgsz1600_b1_2024-01-18.pt.jpg
doi.org10.15468dl.6nxkw6.csv,Animalia,Arthropoda,Insecta,Hemiptera,,,,,809,,Hemiptera,Hemiptera,Panama_Hoya_1004m_accionSauro_2025-01-26,accionSauro_2025_01_27__23_17_06_HDR0_0_Mothbot_yolo11m_4500_imgsz1600_b1_2024-01-18.pt.jpg,HS,Mothbot_yolo11m_4500_imgsz1600_b1_2024-01-18.pt,0.654512525,,accionSauro,Panama/Hoya_1004m_accionSauro_2025-01-26/2025-01-27/patches/accionSauro_2025_01_27__23_17_06_HDR0_0_Mothbot_yolo11m_4500_imgsz1600_b1_2024-01-18.pt.jpg,ORDER_Psocodea,27-01-25,23:17:06,,2025_01_27__23_17_06,MachineObservation,Panama_Hoya_1004m_accionSauro_2025-01-26_2025-01-27,Panama_Hoya_1004m_accionSauro_2025-01-26_2025-01-27,accionSauro_2025_01_27__23_17_06_HDR0.jpg,accionSauro_2025_01_27__23_17_06_HDR0_0_Mothbot_yolo11m_4500_imgsz1600_b1_2024-01-18.pt.jpg
doi.org10.15468dl.6nxkw6.csv,Animalia,Arthropoda,Insecta,Hemiptera,,,,,809,,Hemiptera,Hemiptera,Panama_Hoya_1004m_accionSauro_2025-01-26,accionSauro_2025_01_27__23_18_06_HDR0_0_Mothbot_yolo11m_4500_imgsz1600_b1_2024-01-18.pt.jpg,HS,Mothbot_yolo11m_4500_imgsz1600_b1_2024-01-18.pt,0.780262172,,accionSauro,Panama/Hoya_1004m_accionSauro_2025-01-26/2025-01-27/patches/accionSauro_2025_01_27__23_18_06_HDR0_0_Mothbot_yolo11m_4500_imgsz1600_b1_2024-01-18.pt.jpg,ORDER_Psocodea,27-01-25,23:18:06,,2025_01_27__23_18_06,MachineObservation,Panama_Hoya_1004m_accionSauro_2025-01-26_2025-01-27,Panama_Hoya_1004m_accionSauro_2025-01-26_2025-01-27,accionSauro_2025_01_27__23_18_06_HDR0.jpg,accionSauro_2025_01_27__23_18_06_HDR0_0_Mothbot_yolo11m_4500_imgsz1600_b1_2024-01-18.pt.jpg
,Animalia,Arthropoda,Insecta,Diptera,,,,,,,Diptera,Diptera,Panama_Hoya_1004m_accionSauro_2025-01-26,accionSauro_2025_01_27__23_18_06_HDR0_1_Mothbot_yolo11m_4500_imgsz1600_b1_2024-01-18.pt.jpg,HS,Mothbot_yolo11m_4500_imgsz1600_b1_2024-01-18.pt,0.709394574,,accionSauro,Panama/Hoya_1004m_accionSauro_2025-01-26/2025-01-27/patches/accionSauro_2025_01_27__23_18_06_HDR0_1_Mothbot_yolo11m_4500_imgsz1600_b1_2024-01-18.pt.jpg,ORDER_Diptera,27-01-25,23:18:06,,2025_01_27__23_18_06,MachineObservation,Panama_Hoya_1004m_accionSauro_2025-01-26_2025-01-27,Panama_Hoya_1004m_accionSauro_2025-01-26_2025-01-27,accionSauro_2025_01_27__23_18_06_HDR0.jpg,accionSauro_2025_01_27__23_18_06_HDR0_1_Mothbot_yolo11m_4500_imgsz1600_b1_2024-01-18.pt.jpg
,Animalia,Arthropoda,Insecta,Diptera,,,,,,,Diptera,Diptera,Panama_Hoya_1004m_accionSauro_2025-01-26,accionSauro_2025_01_27__23_18_06_HDR0_2_Mothbot_yolo11m_4500_imgsz1600_b1_2024-01-18.pt.jpg,HS,Mothbot_yolo11m_4500_imgsz1600_b1_2024-01-18.pt,0.435149521,,accionSauro,Panama/Hoya_1004m_accionSauro_2025-01-26/2025-01-27/patches/accionSauro_2025_01_27__23_18_06_HDR0_2_Mothbot_yolo11m_4500_imgsz1600_b1_2024-01-18.pt.jpg,ORDER_Diptera,27-01-25,23:18:06,,2025_01_27__23_18_06,MachineObservation,Panama_Hoya_1004m_accionSauro_2025-01-26_2025-01-27,Panama_Hoya_1004m_accionSauro_2025-01-26_2025-01-27,accionSauro_2025_01_27__23_18_06_HDR0.jpg,accionSauro_2025_01_27__23_18_06_HDR0_2_Mothbot_yolo11m_4500_imgsz1600_b1_2024-01-18.pt.jpg
doi.org10.15468dl.6nxkw6.csv,Animalia,Arthropoda,Insecta,Hemiptera,,,,,809,,Hemiptera,Hemiptera,Panama_Hoya_1004m_accionSauro_2025-01-26,accionSauro_2025_01_27__23_19_06_HDR0_0_Mothbot_yolo11m_4500_imgsz1600_b1_2024-01-18.pt.jpg,HS,Mothbot_yolo11m_4500_imgsz1600_b1_2024-01-18.pt,0.75249815,,accionSauro,Panama/Hoya_1004m_accionSauro_2025-01-26/2025-01-27/patches/accionSauro_2025_01_27__23_19_06_HDR0_0_Mothbot_yolo11m_4500_imgsz1600_b1_2024-01-18.pt.jpg,ORDER_Coleoptera,27-01-25,23:19:06,,2025_01_27__23_19_06,MachineObservation,Panama_Hoya_1004m_accionSauro_2025-01-26_2025-01-27,Panama_Hoya_1004m_accionSauro_2025-01-26_2025-01-27,accionSauro_2025_01_27__23_19_06_HDR0.jpg,accionSauro_2025_01_27__23_19_06_HDR0_0_Mothbot_yolo11m_4500_imgsz1600_b1_2024-01-18.pt.jpg
doi.org10.15468dl.6nxkw6.csv,Animalia,Arthropoda,Insecta,Hemiptera,,,,,809,,Hemiptera,Hemiptera,Panama_Hoya_1004m_accionSauro_2025-01-26,accionSauro_2025_01_27__23_19_06_HDR0_1_Mothbot_yolo11m_4500_imgsz1600_b1_2024-01-18.pt.jpg,HS,Mothbot_yolo11m_4500_imgsz1600_b1_2024-01-18.pt,0.742205381,,accionSauro,Panama/Hoya_1004m_accionSauro_2025-01-26/2025-01-27/patches/accionSauro_2025_01_27__23_19_06_HDR0_1_Mothbot_yolo11m_4500_imgsz1600_b1_2024-01-18.pt.jpg,ORDER_Psocodea,27-01-25,23:19:06,,2025_01_27__23_19_06,MachineObservation,Panama_Hoya_1004m_accionSauro_2025-01-26_2025-01-27,Panama_Hoya_1004m_accionSauro_2025-01-26_2025-01-27,accionSauro_2025_01_27__23_19_06_HDR0.jpg,accionSauro_2025_01_27__23_19_06_HDR0_1_Mothbot_yolo11m_4500_imgsz1600_b1_2024-01-18.pt.jpg
,Animalia,Arthropoda,Insecta,Diptera,,,,,,,Diptera,Diptera,Panama_Hoya_1004m_accionSauro_2025-01-26,accionSauro_2025_01_27__23_19_06_HDR0_2_Mothbot_yolo11m_4500_imgsz1600_b1_2024-01-18.pt.jpg,HS,Mothbot_yolo11m_4500_imgsz1600_b1_2024-01-18.pt,0.712704957,,accionSauro,Panama/Hoya_1004m_accionSauro_2025-01-26/2025-01-27/patches/accionSauro_2025_01_27__23_19_06_HDR0_2_Mothbot_yolo11m_4500_imgsz1600_b1_2024-01-18.pt.jpg,ORDER_Diptera,27-01-25,23:19:06,,2025_01_27__23_19_06,MachineObservation,Panama_Hoya_1004m_accionSauro_2025-01-26_2025-01-27,Panama_Hoya_1004m_accionSauro_2025-01-26_2025-01-27,accionSauro_2025_01_27__23_19_06_HDR0.jpg,accionSauro_2025_01_27__23_19_06_HDR0_2_Mothbot_yolo11m_4500_imgsz1600_b1_2024-01-18.pt.jpg
,Animalia,Arthropoda,Insecta,Diptera,,,,,,,Diptera,Diptera,Panama_Hoya_1004m_accionSauro_2025-01-26,accionSauro_2025_01_27__23_20_06_HDR0_0_Mothbot_yolo11m_4500_imgsz1600_b1_2024-01-18.pt.jpg,HS,Mothbot_yolo11m_4500_imgsz1600_b1_2024-01-18.pt,0.352037728,,accionSauro,Panama/Hoya_1004m_accionSauro_2025-01-26/2025-01-27/patches/accionSauro_2025_01_27__23_20_06_HDR0_0_Mothbot_yolo11m_4500_imgsz1600_b1_2024-01-18.pt.jpg,ORDER_Diptera,27-01-25,23:20:06,,2025_01_27__23_20_06,MachineObservation,Panama_Hoya_1004m_accionSauro_2025-01-26_2025-01-27,Panama_Hoya_1004m_accionSauro_2025-01-26_2025-01-27,accionSauro_2025_01_27__23_20_06_HDR0.jpg,accionSauro_2025_01_27__23_20_06_HDR0_0_Mothbot_yolo11m_4500_imgsz1600_b1_2024-01-18.pt.jpg
,Animalia,Arthropoda,Insecta,Diptera,,,,,,,Diptera,Diptera,Panama_Hoya_1004m_accionSauro_2025-01-26,accionSauro_2025_01_27__23_21_06_HDR0_0_Mothbot_yolo11m_4500_imgsz1600_b1_2024-01-18.pt.jpg,HS,Mothbot_yolo11m_4500_imgsz1600_b1_2024-01-18.pt,0.512643993,,accionSauro,Panama/Hoya_1004m_accionSauro_2025-01-26/2025-01-27/patches/accionSauro_2025_01_27__23_21_06_HDR0_0_Mothbot_yolo11m_4500_imgsz1600_b1_2024-01-18.pt.jpg,ORDER_Diptera,27-01-25,23:21:06,,2025_01_27__23_21_06,MachineObservation,Panama_Hoya_1004m_accionSauro_2025-01-26_2025-01-27,Panama_Hoya_1004m_accionSauro_2025-01-26_2025-01-27,accionSauro_2025_01_27__23_21_06_HDR0.jpg,accionSauro_2025_01_27__23_21_06_HDR0_0_Mothbot_yolo11m_4500_imgsz1600_b1_2024-01-18.pt.jpg
,Animalia,Arthropoda,Insecta,Lepidoptera,,,,,,,Lepidoptera,Lepidoptera,Panama_Hoya_1004m_accionSauro_2025-01-26,accionSauro_2025_01_27__23_23_06_HDR0_0_Mothbot_yolo11m_4500_imgsz1600_b1_2024-01-18.pt.jpg,HS,Mothbot_yolo11m_4500_imgsz1600_b1_2024-01-18.pt,0.572216272,,accionSauro,Panama/Hoya_1004m_accionSauro_2025-01-26/2025-01-27/patches/accionSauro_2025_01_27__23_23_06_HDR0_0_Mothbot_yolo11m_4500_imgsz1600_b1_2024-01-18.pt.jpg,ORDER_Lepidoptera,27-01-25,23:23:06,,2025_01_27__23_23_06,MachineObservation,Panama_Hoya_1004m_accionSauro_2025-01-26_2025-01-27,Panama_Hoya_1004m_accionSauro_2025-01-26_2025-01-27,accionSauro_2025_01_27__23_23_06_HDR0.jpg,accionSauro_2025_01_27__23_23_06_HDR0_0_Mothbot_yolo11m_4500_imgsz1600_b1_2024-01-18.pt.jpg
doi.org10.15468dl.6nxkw6.csv,Animalia,Arthropoda,Insecta,Diptera,,,,,,,Diptera,Diptera,Panama_Hoya_1004m_accionSauro_2025-01-26,accionSauro_2025_01_27__23_23_06_HDR0_1_Mothbot_yolo11m_4500_imgsz1600_b1_2024-01-18.pt.jpg,HS,Mothbot_yolo11m_4500_imgsz1600_b1_2024-01-18.pt,0.311620981,,accionSauro,Panama/Hoya_1004m_accionSauro_2025-01-26/2025-01-27/patches/accionSauro_2025_01_27__23_23_06_HDR0_1_Mothbot_yolo11m_4500_imgsz1600_b1_2024-01-18.pt.jpg,ORDER_Hymenoptera,27-01-25,23:23:06,,2025_01_27__23_23_06,MachineObservation,Panama_Hoya_1004m_accionSauro_2025-01-26_2025-01-27,Panama_Hoya_1004m_accionSauro_2025-01-26_2025-01-27,accionSauro_2025_01_27__23_23_06_HDR0.jpg,accionSauro_2025_01_27__23_23_06_HDR0_1_Mothbot_yolo11m_4500_imgsz1600_b1_2024-01-18.pt.jpg
,Animalia,Arthropoda,Insecta,Lepidoptera,,,,,,,Lepidoptera,Lepidoptera,Panama_Hoya_1004m_accionSauro_2025-01-26,accionSauro_2025_01_27__23_24_06_HDR0_0_Mothbot_yolo11m_4500_imgsz1600_b1_2024-01-18.pt.jpg,HS,Mothbot_yolo11m_4500_imgsz1600_b1_2024-01-18.pt,0.651262403,,accionSauro,Panama/Hoya_1004m_accionSauro_2025-01-26/2025-01-27/patches/accionSauro_2025_01_27__23_24_06_HDR0_0_Mothbot_yolo11m_4500_imgsz1600_b1_2024-01-18.pt.jpg,ORDER_Lepidoptera,27-01-25,23:24:06,,2025_01_27__23_24_06,MachineObservation,Panama_Hoya_1004m_accionSauro_2025-01-26_2025-01-27,Panama_Hoya_1004m_accionSauro_2025-01-26_2025-01-27,accionSauro_2025_01_27__23_24_06_HDR0.jpg,accionSauro_2025_01_27__23_24_06_HDR0_0_Mothbot_yolo11m_4500_imgsz1600_b1_2024-01-18.pt.jpg
doi.org10.15468dl.6nxkw6.csv,Animalia,Arthropoda,Insecta,Diptera,,,,,811,,Diptera,Diptera,Panama_Hoya_1004m_accionSauro_2025-01-26,accionSauro_2025_01_27__23_24_06_HDR0_1_Mothbot_yolo11m_4500_imgsz1600_b1_2024-01-18.pt.jpg,HS,Mothbot_yolo11m_4500_imgsz1600_b1_2024-01-18.pt,0.305375576,,accionSauro,Panama/Hoya_1004m_accionSauro_2025-01-26/2025-01-27/patches/accionSauro_2025_01_27__23_24_06_HDR0_1_Mothbot_yolo11m_4500_imgsz1600_b1_2024-01-18.pt.jpg,ORDER_Coleoptera,27-01-25,23:24:06,,2025_01_27__23_24_06,MachineObservation,Panama_Hoya_1004m_accionSauro_2025-01-26_2025-01-27,Panama_Hoya_1004m_accionSauro_2025-01-26_2025-01-27,accionSauro_2025_01_27__23_24_06_HDR0.jpg,accionSauro_2025_01_27__23_24_06_HDR0_1_Mothbot_yolo11m_4500_imgsz1600_b1_2024-01-18.pt.jpg
,Animalia,Arthropoda,Insecta,Hemiptera,,,,,,,Hemiptera,Hemiptera,Panama_Hoya_1004m_accionSauro_2025-01-26,accionSauro_2025_01_27__23_25_06_HDR0_0_Mothbot_yolo11m_4500_imgsz1600_b1_2024-01-18.pt.jpg,HS,Mothbot_yolo11m_4500_imgsz1600_b1_2024-01-18.pt,0.683458686,,accionSauro,Panama/Hoya_1004m_accionSauro_2025-01-26/2025-01-27/patches/accionSauro_2025_01_27__23_25_06_HDR0_0_Mothbot_yolo11m_4500_imgsz1600_b1_2024-01-18.pt.jpg,ORDER_Hemiptera,27-01-25,23:25:06,,2025_01_27__23_25_06,MachineObservation,Panama_Hoya_1004m_accionSauro_2025-01-26_2025-01-27,Panama_Hoya_1004m_accionSauro_2025-01-26_2025-01-27,accionSauro_2025_01_27__23_25_06_HDR0.jpg,accionSauro_2025_01_27__23_25_06_HDR0_0_Mothbot_yolo11m_4500_imgsz1600_b1_2024-01-18.pt.jpg
,Animalia,Arthropoda,Insecta,Lepidoptera,,,,,,,Lepidoptera,Lepidoptera,Panama_Hoya_1004m_accionSauro_2025-01-26,accionSauro_2025_01_27__23_25_06_HDR0_1_Mothbot_yolo11m_4500_imgsz1600_b1_2024-01-18.pt.jpg,HS,Mothbot_yolo11m_4500_imgsz1600_b1_2024-01-18.pt,0.600441873,,accionSauro,Panama/Hoya_1004m_accionSauro_2025-01-26/2025-01-27/patches/accionSauro_2025_01_27__23_25_06_HDR0_1_Mothbot_yolo11m_4500_imgsz1600_b1_2024-01-18.pt.jpg,ORDER_Lepidoptera,27-01-25,23:25:06,,2025_01_27__23_25_06,MachineObservation,Panama_Hoya_1004m_accionSauro_2025-01-26_2025-01-27,Panama_Hoya_1004m_accionSauro_2025-01-26_2025-01-27,accionSauro_2025_01_27__23_25_06_HDR0.jpg,accionSauro_2025_01_27__23_25_06_HDR0_1_Mothbot_yolo11m_4500_imgsz1600_b1_2024-01-18.pt.jpg
doi.org10.15468dl.6nxkw6.csv,Animalia,Arthropoda,Insecta,Hemiptera,,,,,809,,Hemiptera,Hemiptera,Panama_Hoya_1004m_accionSauro_2025-01-26,accionSauro_2025_01_27__23_26_06_HDR0_0_Mothbot_yolo11m_4500_imgsz1600_b1_2024-01-18.pt.jpg,HS,Mothbot_yolo11m_4500_imgsz1600_b1_2024-01-18.pt,0.714289904,,accionSauro,Panama/Hoya_1004m_accionSauro_2025-01-26/2025-01-27/patches/accionSauro_2025_01_27__23_26_06_HDR0_0_Mothbot_yolo11m_4500_imgsz1600_b1_2024-01-18.pt.jpg,ORDER_Diptera,27-01-25,23:26:06,,2025_01_27__23_26_06,MachineObservation,Panama_Hoya_1004m_accionSauro_2025-01-26_2025-01-27,Panama_Hoya_1004m_accionSauro_2025-01-26_2025-01-27,accionSauro_2025_01_27__23_26_06_HDR0.jpg,accionSauro_2025_01_27__23_26_06_HDR0_0_Mothbot_yolo11m_4500_imgsz1600_b1_2024-01-18.pt.jpg
doi.org10.15468dl.6nxkw6.csv,Animalia,Arthropoda,Insecta,Hemiptera,,,,,809,,Hemiptera,Hemiptera,Panama_Hoya_1004m_accionSauro_2025-01-26,accionSauro_2025_01_27__23_26_06_HDR0_1_Mothbot_yolo11m_4500_imgsz1600_b1_2024-01-18.pt.jpg,HS,Mothbot_yolo11m_4500_imgsz1600_b1_2024-01-18.pt,0.683981299,,accionSauro,Panama/Hoya_1004m_accionSauro_2025-01-26/2025-01-27/patches/accionSauro_2025_01_27__23_26_06_HDR0_1_Mothbot_yolo11m_4500_imgsz1600_b1_2024-01-18.pt.jpg,ORDER_Psocodea,27-01-25,23:26:06,,2025_01_27__23_26_06,MachineObservation,Panama_Hoya_1004m_accionSauro_2025-01-26_2025-01-27,Panama_Hoya_1004m_accionSauro_2025-01-26_2025-01-27,accionSauro_2025_01_27__23_26_06_HDR0.jpg,accionSauro_2025_01_27__23_26_06_HDR0_1_Mothbot_yolo11m_4500_imgsz1600_b1_2024-01-18.pt.jpg
,Animalia,Arthropoda,Insecta,Hemiptera,,,,,,,Hemiptera,Hemiptera,Panama_Hoya_1004m_accionSauro_2025-01-26,accionSauro_2025_01_27__23_27_06_HDR0_0_Mothbot_yolo11m_4500_imgsz1600_b1_2024-01-18.pt.jpg,HS,Mothbot_yolo11m_4500_imgsz1600_b1_2024-01-18.pt,0.696098745,,accionSauro,Panama/Hoya_1004m_accionSauro_2025-01-26/2025-01-27/patches/accionSauro_2025_01_27__23_27_06_HDR0_0_Mothbot_yolo11m_4500_imgsz1600_b1_2024-01-18.pt.jpg,ORDER_Hemiptera,27-01-25,23:27:06,,2025_01_27__23_27_06,MachineObservation,Panama_Hoya_1004m_accionSauro_2025-01-26_2025-01-27,Panama_Hoya_1004m_accionSauro_2025-01-26_2025-01-27,accionSauro_2025_01_27__23_27_06_HDR0.jpg,accionSauro_2025_01_27__23_27_06_HDR0_0_Mothbot_yolo11m_4500_imgsz1600_b1_2024-01-18.pt.jpg
,Animalia,Arthropoda,Insecta,Diptera,,,,,,,Diptera,Diptera,Panama_Hoya_1004m_accionSauro_2025-01-26,accionSauro_2025_01_27__23_27_06_HDR0_1_Mothbot_yolo11m_4500_imgsz1600_b1_2024-01-18.pt.jpg,HS,Mothbot_yolo11m_4500_imgsz1600_b1_2024-01-18.pt,0.465851903,,accionSauro,Panama/Hoya_1004m_accionSauro_2025-01-26/2025-01-27/patches/accionSauro_2025_01_27__23_27_06_HDR0_1_Mothbot_yolo11m_4500_imgsz1600_b1_2024-01-18.pt.jpg,ORDER_Diptera,27-01-25,23:27:06,,2025_01_27__23_27_06,MachineObservation,Panama_Hoya_1004m_accionSauro_2025-01-26_2025-01-27,Panama_Hoya_1004m_accionSauro_2025-01-26_2025-01-27,accionSauro_2025_01_27__23_27_06_HDR0.jpg,accionSauro_2025_01_27__23_27_06_HDR0_1_Mothbot_yolo11m_4500_imgsz1600_b1_2024-01-18.pt.jpg
,Animalia,Arthropoda,Insecta,Diptera,,,,,,,Diptera,Diptera,Panama_Hoya_1004m_accionSauro_2025-01-26,accionSauro_2025_01_27__23_27_06_HDR0_2_Mothbot_yolo11m_4500_imgsz1600_b1_2024-01-18.pt.jpg,HS,Mothbot_yolo11m_4500_imgsz1600_b1_2024-01-18.pt,0.318263829,,accionSauro,Panama/Hoya_1004m_accionSauro_2025-01-26/2025-01-27/patches/accionSauro_2025_01_27__23_27_06_HDR0_2_Mothbot_yolo11m_4500_imgsz1600_b1_2024-01-18.pt.jpg,ORDER_Diptera,27-01-25,23:27:06,,2025_01_27__23_27_06,MachineObservation,Panama_Hoya_1004m_accionSauro_2025-01-26_2025-01-27,Panama_Hoya_1004m_accionSauro_2025-01-26_2025-01-27,accionSauro_2025_01_27__23_27_06_HDR0.jpg,accionSauro_2025_01_27__23_27_06_HDR0_2_Mothbot_yolo11m_4500_imgsz1600_b1_2024-01-18.pt.jpg
,Animalia,Arthropoda,Insecta,Hemiptera,,,,,,,Hemiptera,Hemiptera,Panama_Hoya_1004m_accionSauro_2025-01-26,accionSauro_2025_01_27__23_30_06_HDR0_0_Mothbot_yolo11m_4500_imgsz1600_b1_2024-01-18.pt.jpg,HS,Mothbot_yolo11m_4500_imgsz1600_b1_2024-01-18.pt,0.670301795,,accionSauro,Panama/Hoya_1004m_accionSauro_2025-01-26/2025-01-27/patches/accionSauro_2025_01_27__23_30_06_HDR0_0_Mothbot_yolo11m_4500_imgsz1600_b1_2024-01-18.pt.jpg,ORDER_Hemiptera,27-01-25,23:30:06,,2025_01_27__23_30_06,MachineObservation,Panama_Hoya_1004m_accionSauro_2025-01-26_2025-01-27,Panama_Hoya_1004m_accionSauro_2025-01-26_2025-01-27,accionSauro_2025_01_27__23_30_06_HDR0.jpg,accionSauro_2025_01_27__23_30_06_HDR0_0_Mothbot_yolo11m_4500_imgsz1600_b1_2024-01-18.pt.jpg
doi.org10.15468dl.6nxkw6.csv,Animalia,Arthropoda,Insecta,Hemiptera,,,,,809,,Hemiptera,Hemiptera,Panama_Hoya_1004m_accionSauro_2025-01-26,accionSauro_2025_01_27__23_37_06_HDR0_0_Mothbot_yolo11m_4500_imgsz1600_b1_2024-01-18.pt.jpg,HS,Mothbot_yolo11m_4500_imgsz1600_b1_2024-01-18.pt,0.695536017,,accionSauro,Panama/Hoya_1004m_accionSauro_2025-01-26/2025-01-27/patches/accionSauro_2025_01_27__23_37_06_HDR0_0_Mothbot_yolo11m_4500_imgsz1600_b1_2024-01-18.pt.jpg,ORDER_Diptera,27-01-25,23:37:06,,2025_01_27__23_37_06,MachineObservation,Panama_Hoya_1004m_accionSauro_2025-01-26_2025-01-27,Panama_Hoya_1004m_accionSauro_2025-01-26_2025-01-27,accionSauro_2025_01_27__23_37_06_HDR0.jpg,accionSauro_2025_01_27__23_37_06_HDR0_0_Mothbot_yolo11m_4500_imgsz1600_b1_2024-01-18.pt.jpg
,Animalia,Arthropoda,Insecta,Diptera,,,,,,,Diptera,Diptera,Panama_Hoya_1004m_accionSauro_2025-01-26,accionSauro_2025_01_27__23_37_06_HDR0_1_Mothbot_yolo11m_4500_imgsz1600_b1_2024-01-18.pt.jpg,HS,Mothbot_yolo11m_4500_imgsz1600_b1_2024-01-18.pt,0.603099108,,accionSauro,Panama/Hoya_1004m_accionSauro_2025-01-26/2025-01-27/patches/accionSauro_2025_01_27__23_37_06_HDR0_1_Mothbot_yolo11m_4500_imgsz1600_b1_2024-01-18.pt.jpg,ORDER_Diptera,27-01-25,23:37:06,,2025_01_27__23_37_06,MachineObservation,Panama_Hoya_1004m_accionSauro_2025-01-26_2025-01-27,Panama_Hoya_1004m_accionSauro_2025-01-26_2025-01-27,accionSauro_2025_01_27__23_37_06_HDR0.jpg,accionSauro_2025_01_27__23_37_06_HDR0_1_Mothbot_yolo11m_4500_imgsz1600_b1_2024-01-18.pt.jpg
,Animalia,Arthropoda,Insecta,Diptera,,,,,,,Diptera,Diptera,Panama_Hoya_1004m_accionSauro_2025-01-26,accionSauro_2025_01_27__23_38_06_HDR0_0_Mothbot_yolo11m_4500_imgsz1600_b1_2024-01-18.pt.jpg,HS,Mothbot_yolo11m_4500_imgsz1600_b1_2024-01-18.pt,0.777080715,,accionSauro,Panama/Hoya_1004m_accionSauro_2025-01-26/2025-01-27/patches/accionSauro_2025_01_27__23_38_06_HDR0_0_Mothbot_yolo11m_4500_imgsz1600_b1_2024-01-18.pt.jpg,ORDER_Diptera,27-01-25,23:38:06,,2025_01_27__23_38_06,MachineObservation,Panama_Hoya_1004m_accionSauro_2025-01-26_2025-01-27,Panama_Hoya_1004m_accionSauro_2025-01-26_2025-01-27,accionSauro_2025_01_27__23_38_06_HDR0.jpg,accionSauro_2025_01_27__23_38_06_HDR0_0_Mothbot_yolo11m_4500_imgsz1600_b1_2024-01-18.pt.jpg
,Animalia,Arthropoda,Insecta,Hemiptera,,,,,,,Hemiptera,Hemiptera,Panama_Hoya_1004m_accionSauro_2025-01-26,accionSauro_2025_01_27__23_38_06_HDR0_1_Mothbot_yolo11m_4500_imgsz1600_b1_2024-01-18.pt.jpg,HS,Mothbot_yolo11m_4500_imgsz1600_b1_2024-01-18.pt,0.706936657,,accionSauro,Panama/Hoya_1004m_accionSauro_2025-01-26/2025-01-27/patches/accionSauro_2025_01_27__23_38_06_HDR0_1_Mothbot_yolo11m_4500_imgsz1600_b1_2024-01-18.pt.jpg,ORDER_Hemiptera,27-01-25,23:38:06,,2025_01_27__23_38_06,MachineObservation,Panama_Hoya_1004m_accionSauro_2025-01-26_2025-01-27,Panama_Hoya_1004m_accionSauro_2025-01-26_2025-01-27,accionSauro_2025_01_27__23_38_06_HDR0.jpg,accionSauro_2025_01_27__23_38_06_HDR0_1_Mothbot_yolo11m_4500_imgsz1600_b1_2024-01-18.pt.jpg
,Animalia,Arthropoda,Insecta,Diptera,,,,,,,Diptera,Diptera,Panama_Hoya_1004m_accionSauro_2025-01-26,accionSauro_2025_01_27__23_38_06_HDR0_2_Mothbot_yolo11m_4500_imgsz1600_b1_2024-01-18.pt.jpg,HS,Mothbot_yolo11m_4500_imgsz1600_b1_2024-01-18.pt,0.505545855,,accionSauro,Panama/Hoya_1004m_accionSauro_2025-01-26/2025-01-27/patches/accionSauro_2025_01_27__23_38_06_HDR0_2_Mothbot_yolo11m_4500_imgsz1600_b1_2024-01-18.pt.jpg,ORDER_Diptera,27-01-25,23:38:06,,2025_01_27__23_38_06,MachineObservation,Panama_Hoya_1004m_accionSauro_2025-01-26_2025-01-27,Panama_Hoya_1004m_accionSauro_2025-01-26_2025-01-27,accionSauro_2025_01_27__23_38_06_HDR0.jpg,accionSauro_2025_01_27__23_38_06_HDR0_2_Mothbot_yolo11m_4500_imgsz1600_b1_2024-01-18.pt.jpg
,Animalia,Arthropoda,Insecta,Hemiptera,,,,,,,Hemiptera,Hemiptera,Panama_Hoya_1004m_accionSauro_2025-01-26,accionSauro_2025_01_27__23_38_06_HDR0_3_Mothbot_yolo11m_4500_imgsz1600_b1_2024-01-18.pt.jpg,HS,Mothbot_yolo11m_4500_imgsz1600_b1_2024-01-18.pt,0.258926392,,accionSauro,Panama/Hoya_1004m_accionSauro_2025-01-26/2025-01-27/patches/accionSauro_2025_01_27__23_38_06_HDR0_3_Mothbot_yolo11m_4500_imgsz1600_b1_2024-01-18.pt.jpg,ORDER_Hemiptera,27-01-25,23:38:06,,2025_01_27__23_38_06,MachineObservation,Panama_Hoya_1004m_accionSauro_2025-01-26_2025-01-27,Panama_Hoya_1004m_accionSauro_2025-01-26_2025-01-27,accionSauro_2025_01_27__23_38_06_HDR0.jpg,accionSauro_2025_01_27__23_38_06_HDR0_3_Mothbot_yolo11m_4500_imgsz1600_b1_2024-01-18.pt.jpg
,Animalia,Arthropoda,Insecta,Hemiptera,,,,,,,Hemiptera,Hemiptera,Panama_Hoya_1004m_accionSauro_2025-01-26,accionSauro_2025_01_27__23_39_06_HDR0_0_Mothbot_yolo11m_4500_imgsz1600_b1_2024-01-18.pt.jpg,HS,Mothbot_yolo11m_4500_imgsz1600_b1_2024-01-18.pt,0.699462354,,accionSauro,Panama/Hoya_1004m_accionSauro_2025-01-26/2025-01-27/patches/accionSauro_2025_01_27__23_39_06_HDR0_0_Mothbot_yolo11m_4500_imgsz1600_b1_2024-01-18.pt.jpg,ORDER_Hemiptera,27-01-25,23:39:06,,2025_01_27__23_39_06,MachineObservation,Panama_Hoya_1004m_accionSauro_2025-01-26_2025-01-27,Panama_Hoya_1004m_accionSauro_2025-01-26_2025-01-27,accionSauro_2025_01_27__23_39_06_HDR0.jpg,accionSauro_2025_01_27__23_39_06_HDR0_0_Mothbot_yolo11m_4500_imgsz1600_b1_2024-01-18.pt.jpg
doi.org10.15468dl.6nxkw6.csv,Animalia,Arthropoda,Insecta,Diptera,,,,,,,Diptera,Diptera,Panama_Hoya_1004m_accionSauro_2025-01-26,accionSauro_2025_01_27__23_39_06_HDR0_1_Mothbot_yolo11m_4500_imgsz1600_b1_2024-01-18.pt.jpg,HS,Mothbot_yolo11m_4500_imgsz1600_b1_2024-01-18.pt,0.515860677,,accionSauro,Panama/Hoya_1004m_accionSauro_2025-01-26/2025-01-27/patches/accionSauro_2025_01_27__23_39_06_HDR0_1_Mothbot_yolo11m_4500_imgsz1600_b1_2024-01-18.pt.jpg,ORDER_Hymenoptera,27-01-25,23:39:06,,2025_01_27__23_39_06,MachineObservation,Panama_Hoya_1004m_accionSauro_2025-01-26_2025-01-27,Panama_Hoya_1004m_accionSauro_2025-01-26_2025-01-27,accionSauro_2025_01_27__23_39_06_HDR0.jpg,accionSauro_2025_01_27__23_39_06_HDR0_1_Mothbot_yolo11m_4500_imgsz1600_b1_2024-01-18.pt.jpg
doi.org10.15468dl.6nxkw6.csv,Animalia,Arthropoda,Insecta,,,,,,216,,Insecta,Insecta,Panama_Hoya_1004m_accionSauro_2025-01-26,accionSauro_2025_01_27__23_39_06_HDR0_2_Mothbot_yolo11m_4500_imgsz1600_b1_2024-01-18.pt.jpg,HS,Mothbot_yolo11m_4500_imgsz1600_b1_2024-01-18.pt,0.291277081,,accionSauro,Panama/Hoya_1004m_accionSauro_2025-01-26/2025-01-27/patches/accionSauro_2025_01_27__23_39_06_HDR0_2_Mothbot_yolo11m_4500_imgsz1600_b1_2024-01-18.pt.jpg,ORDER_Psocodea,27-01-25,23:39:06,,2025_01_27__23_39_06,MachineObservation,Panama_Hoya_1004m_accionSauro_2025-01-26_2025-01-27,Panama_Hoya_1004m_accionSauro_2025-01-26_2025-01-27,accionSauro_2025_01_27__23_39_06_HDR0.jpg,accionSauro_2025_01_27__23_39_06_HDR0_2_Mothbot_yolo11m_4500_imgsz1600_b1_2024-01-18.pt.jpg
,Animalia,Arthropoda,Insecta,Hemiptera,,,,,,,Hemiptera,Hemiptera,Panama_Hoya_1004m_accionSauro_2025-01-26,accionSauro_2025_01_27__23_40_06_HDR0_0_Mothbot_yolo11m_4500_imgsz1600_b1_2024-01-18.pt.jpg,HS,Mothbot_yolo11m_4500_imgsz1600_b1_2024-01-18.pt,0.722352624,,accionSauro,Panama/Hoya_1004m_accionSauro_2025-01-26/2025-01-27/patches/accionSauro_2025_01_27__23_40_06_HDR0_0_Mothbot_yolo11m_4500_imgsz1600_b1_2024-01-18.pt.jpg,ORDER_Hemiptera,27-01-25,23:40:06,,2025_01_27__23_40_06,MachineObservation,Panama_Hoya_1004m_accionSauro_2025-01-26_2025-01-27,Panama_Hoya_1004m_accionSauro_2025-01-26_2025-01-27,accionSauro_2025_01_27__23_40_06_HDR0.jpg,accionSauro_2025_01_27__23_40_06_HDR0_0_Mothbot_yolo11m_4500_imgsz1600_b1_2024-01-18.pt.jpg
,Animalia,Arthropoda,Insecta,Diptera,,,,,,,Diptera,Diptera,Panama_Hoya_1004m_accionSauro_2025-01-26,accionSauro_2025_01_27__23_40_06_HDR0_1_Mothbot_yolo11m_4500_imgsz1600_b1_2024-01-18.pt.jpg,HS,Mothbot_yolo11m_4500_imgsz1600_b1_2024-01-18.pt,0.370191157,,accionSauro,Panama/Hoya_1004m_accionSauro_2025-01-26/2025-01-27/patches/accionSauro_2025_01_27__23_40_06_HDR0_1_Mothbot_yolo11m_4500_imgsz1600_b1_2024-01-18.pt.jpg,ORDER_Diptera,27-01-25,23:40:06,,2025_01_27__23_40_06,MachineObservation,Panama_Hoya_1004m_accionSauro_2025-01-26_2025-01-27,Panama_Hoya_1004m_accionSauro_2025-01-26_2025-01-27,accionSauro_2025_01_27__23_40_06_HDR0.jpg,accionSauro_2025_01_27__23_40_06_HDR0_1_Mothbot_yolo11m_4500_imgsz1600_b1_2024-01-18.pt.jpg
doi.org10.15468dl.6nxkw6.csv,Animalia,Arthropoda,Insecta,,,,,,216,,Insecta,Insecta,Panama_Hoya_1004m_accionSauro_2025-01-26,accionSauro_2025_01_27__23_40_06_HDR0_2_Mothbot_yolo11m_4500_imgsz1600_b1_2024-01-18.pt.jpg,HS,Mothbot_yolo11m_4500_imgsz1600_b1_2024-01-18.pt,0.30616197,,accionSauro,Panama/Hoya_1004m_accionSauro_2025-01-26/2025-01-27/patches/accionSauro_2025_01_27__23_40_06_HDR0_2_Mothbot_yolo11m_4500_imgsz1600_b1_2024-01-18.pt.jpg,ORDER_Diptera,27-01-25,23:40:06,,2025_01_27__23_40_06,MachineObservation,Panama_Hoya_1004m_accionSauro_2025-01-26_2025-01-27,Panama_Hoya_1004m_accionSauro_2025-01-26_2025-01-27,accionSauro_2025_01_27__23_40_06_HDR0.jpg,accionSauro_2025_01_27__23_40_06_HDR0_2_Mothbot_yolo11m_4500_imgsz1600_b1_2024-01-18.pt.jpg
doi.org10.15468dl.6nxkw6.csv,Animalia,Arthropoda,Insecta,Hemiptera,,,,,809,,Hemiptera,Hemiptera,Panama_Hoya_1004m_accionSauro_2025-01-26,accionSauro_2025_01_27__23_42_06_HDR0_0_Mothbot_yolo11m_4500_imgsz1600_b1_2024-01-18.pt.jpg,HS,Mothbot_yolo11m_4500_imgsz1600_b1_2024-01-18.pt,0.711550474,,accionSauro,Panama/Hoya_1004m_accionSauro_2025-01-26/2025-01-27/patches/accionSauro_2025_01_27__23_42_06_HDR0_0_Mothbot_yolo11m_4500_imgsz1600_b1_2024-01-18.pt.jpg,ORDER_Diptera,27-01-25,23:42:06,,2025_01_27__23_42_06,MachineObservation,Panama_Hoya_1004m_accionSauro_2025-01-26_2025-01-27,Panama_Hoya_1004m_accionSauro_2025-01-26_2025-01-27,accionSauro_2025_01_27__23_42_06_HDR0.jpg,accionSauro_2025_01_27__23_42_06_HDR0_0_Mothbot_yolo11m_4500_imgsz1600_b1_2024-01-18.pt.jpg
,Animalia,Arthropoda,Insecta,Lepidoptera,,,,,,,Lepidoptera,Lepidoptera,Panama_Hoya_1004m_accionSauro_2025-01-26,accionSauro_2025_01_27__23_44_06_HDR0_0_Mothbot_yolo11m_4500_imgsz1600_b1_2024-01-18.pt.jpg,HS,Mothbot_yolo11m_4500_imgsz1600_b1_2024-01-18.pt,0.722822309,,accionSauro,Panama/Hoya_1004m_accionSauro_2025-01-26/2025-01-27/patches/accionSauro_2025_01_27__23_44_06_HDR0_0_Mothbot_yolo11m_4500_imgsz1600_b1_2024-01-18.pt.jpg,ORDER_Lepidoptera,27-01-25,23:44:06,,2025_01_27__23_44_06,MachineObservation,Panama_Hoya_1004m_accionSauro_2025-01-26_2025-01-27,Panama_Hoya_1004m_accionSauro_2025-01-26_2025-01-27,accionSauro_2025_01_27__23_44_06_HDR0.jpg,accionSauro_2025_01_27__23_44_06_HDR0_0_Mothbot_yolo11m_4500_imgsz1600_b1_2024-01-18.pt.jpg
doi.org10.15468dl.6nxkw6.csv,Animalia,Arthropoda,Insecta,Psocodea,,,,,7612838,,Psocodea,Psocodea,Panama_Hoya_1004m_accionSauro_2025-01-26,accionSauro_2025_01_27__23_45_06_HDR0_0_Mothbot_yolo11m_4500_imgsz1600_b1_2024-01-18.pt.jpg,HS,Mothbot_yolo11m_4500_imgsz1600_b1_2024-01-18.pt,0.670952618,,accionSauro,Panama/Hoya_1004m_accionSauro_2025-01-26/2025-01-27/patches/accionSauro_2025_01_27__23_45_06_HDR0_0_Mothbot_yolo11m_4500_imgsz1600_b1_2024-01-18.pt.jpg,ORDER_Hymenoptera,27-01-25,23:45:06,,2025_01_27__23_45_06,MachineObservation,Panama_Hoya_1004m_accionSauro_2025-01-26_2025-01-27,Panama_Hoya_1004m_accionSauro_2025-01-26_2025-01-27,accionSauro_2025_01_27__23_45_06_HDR0.jpg,accionSauro_2025_01_27__23_45_06_HDR0_0_Mothbot_yolo11m_4500_imgsz1600_b1_2024-01-18.pt.jpg
,Animalia,Arthropoda,Insecta,Lepidoptera,,,,,,,Lepidoptera,Lepidoptera,Panama_Hoya_1004m_accionSauro_2025-01-26,accionSauro_2025_01_27__23_45_06_HDR0_1_Mothbot_yolo11m_4500_imgsz1600_b1_2024-01-18.pt.jpg,HS,Mothbot_yolo11m_4500_imgsz1600_b1_2024-01-18.pt,0.636849761,,accionSauro,Panama/Hoya_1004m_accionSauro_2025-01-26/2025-01-27/patches/accionSauro_2025_01_27__23_45_06_HDR0_1_Mothbot_yolo11m_4500_imgsz1600_b1_2024-01-18.pt.jpg,ORDER_Lepidoptera,27-01-25,23:45:06,,2025_01_27__23_45_06,MachineObservation,Panama_Hoya_1004m_accionSauro_2025-01-26_2025-01-27,Panama_Hoya_1004m_accionSauro_2025-01-26_2025-01-27,accionSauro_2025_01_27__23_45_06_HDR0.jpg,accionSauro_2025_01_27__23_45_06_HDR0_1_Mothbot_yolo11m_4500_imgsz1600_b1_2024-01-18.pt.jpg
doi.org10.15468dl.6nxkw6.csv,Animalia,Arthropoda,Insecta,,,,,,216,,Insecta,Insecta,Panama_Hoya_1004m_accionSauro_2025-01-26,accionSauro_2025_01_27__23_45_06_HDR0_2_Mothbot_yolo11m_4500_imgsz1600_b1_2024-01-18.pt.jpg,HS,Mothbot_yolo11m_4500_imgsz1600_b1_2024-01-18.pt,0.28706184,,accionSauro,Panama/Hoya_1004m_accionSauro_2025-01-26/2025-01-27/patches/accionSauro_2025_01_27__23_45_06_HDR0_2_Mothbot_yolo11m_4500_imgsz1600_b1_2024-01-18.pt.jpg,ORDER_Diptera,27-01-25,23:45:06,,2025_01_27__23_45_06,MachineObservation,Panama_Hoya_1004m_accionSauro_2025-01-26_2025-01-27,Panama_Hoya_1004m_accionSauro_2025-01-26_2025-01-27,accionSauro_2025_01_27__23_45_06_HDR0.jpg,accionSauro_2025_01_27__23_45_06_HDR0_2_Mothbot_yolo11m_4500_imgsz1600_b1_2024-01-18.pt.jpg
doi.org10.15468dl.6nxkw6.csv,Animalia,Arthropoda,Insecta,Hemiptera,,,,,809,,Hemiptera,Hemiptera,Panama_Hoya_1004m_accionSauro_2025-01-26,accionSauro_2025_01_27__23_45_06_HDR0_3_Mothbot_yolo11m_4500_imgsz1600_b1_2024-01-18.pt.jpg,HS,Mothbot_yolo11m_4500_imgsz1600_b1_2024-01-18.pt,0.269857407,,accionSauro,Panama/Hoya_1004m_accionSauro_2025-01-26/2025-01-27/patches/accionSauro_2025_01_27__23_45_06_HDR0_3_Mothbot_yolo11m_4500_imgsz1600_b1_2024-01-18.pt.jpg,ORDER_Blattodea,27-01-25,23:45:06,,2025_01_27__23_45_06,MachineObservation,Panama_Hoya_1004m_accionSauro_2025-01-26_2025-01-27,Panama_Hoya_1004m_accionSauro_2025-01-26_2025-01-27,accionSauro_2025_01_27__23_45_06_HDR0.jpg,accionSauro_2025_01_27__23_45_06_HDR0_3_Mothbot_yolo11m_4500_imgsz1600_b1_2024-01-18.pt.jpg
,Animalia,Arthropoda,Insecta,Lepidoptera,,,,,,,Lepidoptera,Lepidoptera,Panama_Hoya_1004m_accionSauro_2025-01-26,accionSauro_2025_01_27__23_46_06_HDR0_0_Mothbot_yolo11m_4500_imgsz1600_b1_2024-01-18.pt.jpg,HS,Mothbot_yolo11m_4500_imgsz1600_b1_2024-01-18.pt,0.803985775,,accionSauro,Panama/Hoya_1004m_accionSauro_2025-01-26/2025-01-27/patches/accionSauro_2025_01_27__23_46_06_HDR0_0_Mothbot_yolo11m_4500_imgsz1600_b1_2024-01-18.pt.jpg,ORDER_Lepidoptera,27-01-25,23:46:06,,2025_01_27__23_46_06,MachineObservation,Panama_Hoya_1004m_accionSauro_2025-01-26_2025-01-27,Panama_Hoya_1004m_accionSauro_2025-01-26_2025-01-27,accionSauro_2025_01_27__23_46_06_HDR0.jpg,accionSauro_2025_01_27__23_46_06_HDR0_0_Mothbot_yolo11m_4500_imgsz1600_b1_2024-01-18.pt.jpg
doi.org10.15468dl.6nxkw6.csv,Animalia,Arthropoda,Insecta,Diptera,,,,,,,Diptera,Diptera,Panama_Hoya_1004m_accionSauro_2025-01-26,accionSauro_2025_01_27__23_46_06_HDR0_1_Mothbot_yolo11m_4500_imgsz1600_b1_2024-01-18.pt.jpg,HS,Mothbot_yolo11m_4500_imgsz1600_b1_2024-01-18.pt,0.711481631,,accionSauro,Panama/Hoya_1004m_accionSauro_2025-01-26/2025-01-27/patches/accionSauro_2025_01_27__23_46_06_HDR0_1_Mothbot_yolo11m_4500_imgsz1600_b1_2024-01-18.pt.jpg,ORDER_Lepidoptera,27-01-25,23:46:06,,2025_01_27__23_46_06,MachineObservation,Panama_Hoya_1004m_accionSauro_2025-01-26_2025-01-27,Panama_Hoya_1004m_accionSauro_2025-01-26_2025-01-27,accionSauro_2025_01_27__23_46_06_HDR0.jpg,accionSauro_2025_01_27__23_46_06_HDR0_1_Mothbot_yolo11m_4500_imgsz1600_b1_2024-01-18.pt.jpg
doi.org10.15468dl.6nxkw6.csv,Animalia,Arthropoda,Insecta,Diptera,,,,,811,,Diptera,Diptera,Panama_Hoya_1004m_accionSauro_2025-01-26,accionSauro_2025_01_27__23_46_06_HDR0_2_Mothbot_yolo11m_4500_imgsz1600_b1_2024-01-18.pt.jpg,HS,Mothbot_yolo11m_4500_imgsz1600_b1_2024-01-18.pt,0.634028971,,accionSauro,Panama/Hoya_1004m_accionSauro_2025-01-26/2025-01-27/patches/accionSauro_2025_01_27__23_46_06_HDR0_2_Mothbot_yolo11m_4500_imgsz1600_b1_2024-01-18.pt.jpg,ORDER_Psocodea,27-01-25,23:46:06,,2025_01_27__23_46_06,MachineObservation,Panama_Hoya_1004m_accionSauro_2025-01-26_2025-01-27,Panama_Hoya_1004m_accionSauro_2025-01-26_2025-01-27,accionSauro_2025_01_27__23_46_06_HDR0.jpg,accionSauro_2025_01_27__23_46_06_HDR0_2_Mothbot_yolo11m_4500_imgsz1600_b1_2024-01-18.pt.jpg
,Animalia,Arthropoda,Insecta,Coleoptera,,,,,,,Coleoptera,Coleoptera,Panama_Hoya_1004m_accionSauro_2025-01-26,accionSauro_2025_01_27__23_46_06_HDR0_3_Mothbot_yolo11m_4500_imgsz1600_b1_2024-01-18.pt.jpg,HS,Mothbot_yolo11m_4500_imgsz1600_b1_2024-01-18.pt,0.588655233,,accionSauro,Panama/Hoya_1004m_accionSauro_2025-01-26/2025-01-27/patches/accionSauro_2025_01_27__23_46_06_HDR0_3_Mothbot_yolo11m_4500_imgsz1600_b1_2024-01-18.pt.jpg,ORDER_Coleoptera,27-01-25,23:46:06,,2025_01_27__23_46_06,MachineObservation,Panama_Hoya_1004m_accionSauro_2025-01-26_2025-01-27,Panama_Hoya_1004m_accionSauro_2025-01-26_2025-01-27,accionSauro_2025_01_27__23_46_06_HDR0.jpg,accionSauro_2025_01_27__23_46_06_HDR0_3_Mothbot_yolo11m_4500_imgsz1600_b1_2024-01-18.pt.jpg
,Animalia,Arthropoda,Insecta,Hemiptera,,,,,,,Hemiptera,Hemiptera,Panama_Hoya_1004m_accionSauro_2025-01-26,accionSauro_2025_01_27__23_46_06_HDR0_4_Mothbot_yolo11m_4500_imgsz1600_b1_2024-01-18.pt.jpg,HS,Mothbot_yolo11m_4500_imgsz1600_b1_2024-01-18.pt,0.586137354,,accionSauro,Panama/Hoya_1004m_accionSauro_2025-01-26/2025-01-27/patches/accionSauro_2025_01_27__23_46_06_HDR0_4_Mothbot_yolo11m_4500_imgsz1600_b1_2024-01-18.pt.jpg,ORDER_Hemiptera,27-01-25,23:46:06,,2025_01_27__23_46_06,MachineObservation,Panama_Hoya_1004m_accionSauro_2025-01-26_2025-01-27,Panama_Hoya_1004m_accionSauro_2025-01-26_2025-01-27,accionSauro_2025_01_27__23_46_06_HDR0.jpg,accionSauro_2025_01_27__23_46_06_HDR0_4_Mothbot_yolo11m_4500_imgsz1600_b1_2024-01-18.pt.jpg
,Animalia,Arthropoda,Insecta,Lepidoptera,,,,,,,Lepidoptera,Lepidoptera,Panama_Hoya_1004m_accionSauro_2025-01-26,accionSauro_2025_01_27__23_47_06_HDR0_0_Mothbot_yolo11m_4500_imgsz1600_b1_2024-01-18.pt.jpg,HS,Mothbot_yolo11m_4500_imgsz1600_b1_2024-01-18.pt,0.823528349,,accionSauro,Panama/Hoya_1004m_accionSauro_2025-01-26/2025-01-27/patches/accionSauro_2025_01_27__23_47_06_HDR0_0_Mothbot_yolo11m_4500_imgsz1600_b1_2024-01-18.pt.jpg,ORDER_Lepidoptera,27-01-25,23:47:06,,2025_01_27__23_47_06,MachineObservation,Panama_Hoya_1004m_accionSauro_2025-01-26_2025-01-27,Panama_Hoya_1004m_accionSauro_2025-01-26_2025-01-27,accionSauro_2025_01_27__23_47_06_HDR0.jpg,accionSauro_2025_01_27__23_47_06_HDR0_0_Mothbot_yolo11m_4500_imgsz1600_b1_2024-01-18.pt.jpg
,Animalia,Arthropoda,Insecta,Diptera,,,,,,,Diptera,Diptera,Panama_Hoya_1004m_accionSauro_2025-01-26,accionSauro_2025_01_27__23_47_06_HDR0_1_Mothbot_yolo11m_4500_imgsz1600_b1_2024-01-18.pt.jpg,HS,Mothbot_yolo11m_4500_imgsz1600_b1_2024-01-18.pt,0.60131079,,accionSauro,Panama/Hoya_1004m_accionSauro_2025-01-26/2025-01-27/patches/accionSauro_2025_01_27__23_47_06_HDR0_1_Mothbot_yolo11m_4500_imgsz1600_b1_2024-01-18.pt.jpg,ORDER_Diptera,27-01-25,23:47:06,,2025_01_27__23_47_06,MachineObservation,Panama_Hoya_1004m_accionSauro_2025-01-26_2025-01-27,Panama_Hoya_1004m_accionSauro_2025-01-26_2025-01-27,accionSauro_2025_01_27__23_47_06_HDR0.jpg,accionSauro_2025_01_27__23_47_06_HDR0_1_Mothbot_yolo11m_4500_imgsz1600_b1_2024-01-18.pt.jpg
,Animalia,Arthropoda,Insecta,Diptera,,,,,,,Diptera,Diptera,Panama_Hoya_1004m_accionSauro_2025-01-26,accionSauro_2025_01_27__23_47_06_HDR0_2_Mothbot_yolo11m_4500_imgsz1600_b1_2024-01-18.pt.jpg,HS,Mothbot_yolo11m_4500_imgsz1600_b1_2024-01-18.pt,0.59912914,,accionSauro,Panama/Hoya_1004m_accionSauro_2025-01-26/2025-01-27/patches/accionSauro_2025_01_27__23_47_06_HDR0_2_Mothbot_yolo11m_4500_imgsz1600_b1_2024-01-18.pt.jpg,ORDER_Diptera,27-01-25,23:47:06,,2025_01_27__23_47_06,MachineObservation,Panama_Hoya_1004m_accionSauro_2025-01-26_2025-01-27,Panama_Hoya_1004m_accionSauro_2025-01-26_2025-01-27,accionSauro_2025_01_27__23_47_06_HDR0.jpg,accionSauro_2025_01_27__23_47_06_HDR0_2_Mothbot_yolo11m_4500_imgsz1600_b1_2024-01-18.pt.jpg
,Animalia,Arthropoda,Insecta,Lepidoptera,,,,,,,Lepidoptera,Lepidoptera,Panama_Hoya_1004m_accionSauro_2025-01-26,accionSauro_2025_01_27__23_48_06_HDR0_0_Mothbot_yolo11m_4500_imgsz1600_b1_2024-01-18.pt.jpg,HS,Mothbot_yolo11m_4500_imgsz1600_b1_2024-01-18.pt,0.809086859,,accionSauro,Panama/Hoya_1004m_accionSauro_2025-01-26/2025-01-27/patches/accionSauro_2025_01_27__23_48_06_HDR0_0_Mothbot_yolo11m_4500_imgsz1600_b1_2024-01-18.pt.jpg,ORDER_Lepidoptera,27-01-25,23:48:06,,2025_01_27__23_48_06,MachineObservation,Panama_Hoya_1004m_accionSauro_2025-01-26_2025-01-27,Panama_Hoya_1004m_accionSauro_2025-01-26_2025-01-27,accionSauro_2025_01_27__23_48_06_HDR0.jpg,accionSauro_2025_01_27__23_48_06_HDR0_0_Mothbot_yolo11m_4500_imgsz1600_b1_2024-01-18.pt.jpg
doi.org10.15468dl.6nxkw6.csv,Animalia,Arthropoda,Insecta,Diptera,,,,,,,Diptera,Diptera,Panama_Hoya_1004m_accionSauro_2025-01-26,accionSauro_2025_01_27__23_48_06_HDR0_1_Mothbot_yolo11m_4500_imgsz1600_b1_2024-01-18.pt.jpg,HS,Mothbot_yolo11m_4500_imgsz1600_b1_2024-01-18.pt,0.475595564,,accionSauro,Panama/Hoya_1004m_accionSauro_2025-01-26/2025-01-27/patches/accionSauro_2025_01_27__23_48_06_HDR0_1_Mothbot_yolo11m_4500_imgsz1600_b1_2024-01-18.pt.jpg,ORDER_Hymenoptera,27-01-25,23:48:06,,2025_01_27__23_48_06,MachineObservation,Panama_Hoya_1004m_accionSauro_2025-01-26_2025-01-27,Panama_Hoya_1004m_accionSauro_2025-01-26_2025-01-27,accionSauro_2025_01_27__23_48_06_HDR0.jpg,accionSauro_2025_01_27__23_48_06_HDR0_1_Mothbot_yolo11m_4500_imgsz1600_b1_2024-01-18.pt.jpg
,Animalia,Arthropoda,Insecta,Hemiptera,,,,,,,Hemiptera,Hemiptera,Panama_Hoya_1004m_accionSauro_2025-01-26,accionSauro_2025_01_27__23_48_06_HDR0_2_Mothbot_yolo11m_4500_imgsz1600_b1_2024-01-18.pt.jpg,HS,Mothbot_yolo11m_4500_imgsz1600_b1_2024-01-18.pt,0.332483917,,accionSauro,Panama/Hoya_1004m_accionSauro_2025-01-26/2025-01-27/patches/accionSauro_2025_01_27__23_48_06_HDR0_2_Mothbot_yolo11m_4500_imgsz1600_b1_2024-01-18.pt.jpg,ORDER_Hemiptera,27-01-25,23:48:06,,2025_01_27__23_48_06,MachineObservation,Panama_Hoya_1004m_accionSauro_2025-01-26_2025-01-27,Panama_Hoya_1004m_accionSauro_2025-01-26_2025-01-27,accionSauro_2025_01_27__23_48_06_HDR0.jpg,accionSauro_2025_01_27__23_48_06_HDR0_2_Mothbot_yolo11m_4500_imgsz1600_b1_2024-01-18.pt.jpg
,Animalia,Arthropoda,Insecta,Lepidoptera,,,,,,,Lepidoptera,Lepidoptera,Panama_Hoya_1004m_accionSauro_2025-01-26,accionSauro_2025_01_27__23_49_06_HDR0_0_Mothbot_yolo11m_4500_imgsz1600_b1_2024-01-18.pt.jpg,HS,Mothbot_yolo11m_4500_imgsz1600_b1_2024-01-18.pt,0.800251007,,accionSauro,Panama/Hoya_1004m_accionSauro_2025-01-26/2025-01-27/patches/accionSauro_2025_01_27__23_49_06_HDR0_0_Mothbot_yolo11m_4500_imgsz1600_b1_2024-01-18.pt.jpg,ORDER_Lepidoptera,27-01-25,23:49:06,,2025_01_27__23_49_06,MachineObservation,Panama_Hoya_1004m_accionSauro_2025-01-26_2025-01-27,Panama_Hoya_1004m_accionSauro_2025-01-26_2025-01-27,accionSauro_2025_01_27__23_49_06_HDR0.jpg,accionSauro_2025_01_27__23_49_06_HDR0_0_Mothbot_yolo11m_4500_imgsz1600_b1_2024-01-18.pt.jpg
,Animalia,Arthropoda,Insecta,Diptera,,,,,,,Diptera,Diptera,Panama_Hoya_1004m_accionSauro_2025-01-26,accionSauro_2025_01_27__23_49_06_HDR0_1_Mothbot_yolo11m_4500_imgsz1600_b1_2024-01-18.pt.jpg,HS,Mothbot_yolo11m_4500_imgsz1600_b1_2024-01-18.pt,0.282573998,,accionSauro,Panama/Hoya_1004m_accionSauro_2025-01-26/2025-01-27/patches/accionSauro_2025_01_27__23_49_06_HDR0_1_Mothbot_yolo11m_4500_imgsz1600_b1_2024-01-18.pt.jpg,ORDER_Diptera,27-01-25,23:49:06,,2025_01_27__23_49_06,MachineObservation,Panama_Hoya_1004m_accionSauro_2025-01-26_2025-01-27,Panama_Hoya_1004m_accionSauro_2025-01-26_2025-01-27,accionSauro_2025_01_27__23_49_06_HDR0.jpg,accionSauro_2025_01_27__23_49_06_HDR0_1_Mothbot_yolo11m_4500_imgsz1600_b1_2024-01-18.pt.jpg
,Animalia,Arthropoda,Insecta,Hemiptera,,,,,,,Hemiptera,Hemiptera,Panama_Hoya_1004m_accionSauro_2025-01-26,accionSauro_2025_01_27__23_51_05_HDR0_0_Mothbot_yolo11m_4500_imgsz1600_b1_2024-01-18.pt.jpg,HS,Mothbot_yolo11m_4500_imgsz1600_b1_2024-01-18.pt,0.669831157,,accionSauro,Panama/Hoya_1004m_accionSauro_2025-01-26/2025-01-27/patches/accionSauro_2025_01_27__23_51_05_HDR0_0_Mothbot_yolo11m_4500_imgsz1600_b1_2024-01-18.pt.jpg,ORDER_Hemiptera,27-01-25,23:51:05,,2025_01_27__23_51_05,MachineObservation,Panama_Hoya_1004m_accionSauro_2025-01-26_2025-01-27,Panama_Hoya_1004m_accionSauro_2025-01-26_2025-01-27,accionSauro_2025_01_27__23_51_05_HDR0.jpg,accionSauro_2025_01_27__23_51_05_HDR0_0_Mothbot_yolo11m_4500_imgsz1600_b1_2024-01-18.pt.jpg
,Animalia,Arthropoda,Insecta,Lepidoptera,,,,,,,Lepidoptera,Lepidoptera,Panama_Hoya_1004m_accionSauro_2025-01-26,accionSauro_2025_01_27__23_51_05_HDR0_1_Mothbot_yolo11m_4500_imgsz1600_b1_2024-01-18.pt.jpg,HS,Mothbot_yolo11m_4500_imgsz1600_b1_2024-01-18.pt,0.551033735,,accionSauro,Panama/Hoya_1004m_accionSauro_2025-01-26/2025-01-27/patches/accionSauro_2025_01_27__23_51_05_HDR0_1_Mothbot_yolo11m_4500_imgsz1600_b1_2024-01-18.pt.jpg,ORDER_Lepidoptera,27-01-25,23:51:05,,2025_01_27__23_51_05,MachineObservation,Panama_Hoya_1004m_accionSauro_2025-01-26_2025-01-27,Panama_Hoya_1004m_accionSauro_2025-01-26_2025-01-27,accionSauro_2025_01_27__23_51_05_HDR0.jpg,accionSauro_2025_01_27__23_51_05_HDR0_1_Mothbot_yolo11m_4500_imgsz1600_b1_2024-01-18.pt.jpg
doi.org10.15468dl.6nxkw6.csv,Animalia,Arthropoda,Insecta,Diptera,,,,,,,Diptera,Diptera,Panama_Hoya_1004m_accionSauro_2025-01-26,accionSauro_2025_01_27__23_53_06_HDR0_0_Mothbot_yolo11m_4500_imgsz1600_b1_2024-01-18.pt.jpg,HS,Mothbot_yolo11m_4500_imgsz1600_b1_2024-01-18.pt,0.685067236,,accionSauro,Panama/Hoya_1004m_accionSauro_2025-01-26/2025-01-27/patches/accionSauro_2025_01_27__23_53_06_HDR0_0_Mothbot_yolo11m_4500_imgsz1600_b1_2024-01-18.pt.jpg,ORDER_Diptera,27-01-25,23:53:06,,2025_01_27__23_53_06,MachineObservation,Panama_Hoya_1004m_accionSauro_2025-01-26_2025-01-27,Panama_Hoya_1004m_accionSauro_2025-01-26_2025-01-27,accionSauro_2025_01_27__23_53_06_HDR0.jpg,accionSauro_2025_01_27__23_53_06_HDR0_0_Mothbot_yolo11m_4500_imgsz1600_b1_2024-01-18.pt.jpg
doi.org10.15468dl.6nxkw6.csv,Animalia,Arthropoda,Insecta,,,,,,216,,Insecta,Insecta,Panama_Hoya_1004m_accionSauro_2025-01-26,accionSauro_2025_01_27__23_53_06_HDR0_1_Mothbot_yolo11m_4500_imgsz1600_b1_2024-01-18.pt.jpg,HS,Mothbot_yolo11m_4500_imgsz1600_b1_2024-01-18.pt,0.265619963,,accionSauro,Panama/Hoya_1004m_accionSauro_2025-01-26/2025-01-27/patches/accionSauro_2025_01_27__23_53_06_HDR0_1_Mothbot_yolo11m_4500_imgsz1600_b1_2024-01-18.pt.jpg,ORDER_Psocodea,27-01-25,23:53:06,,2025_01_27__23_53_06,MachineObservation,Panama_Hoya_1004m_accionSauro_2025-01-26_2025-01-27,Panama_Hoya_1004m_accionSauro_2025-01-26_2025-01-27,accionSauro_2025_01_27__23_53_06_HDR0.jpg,accionSauro_2025_01_27__23_53_06_HDR0_1_Mothbot_yolo11m_4500_imgsz1600_b1_2024-01-18.pt.jpg
,Animalia,Arthropoda,Insecta,Diptera,,,,,,,Diptera,Diptera,Panama_Hoya_1004m_accionSauro_2025-01-26,accionSauro_2025_01_27__23_55_06_HDR0_0_Mothbot_yolo11m_4500_imgsz1600_b1_2024-01-18.pt.jpg,HS,Mothbot_yolo11m_4500_imgsz1600_b1_2024-01-18.pt,0.762701392,,accionSauro,Panama/Hoya_1004m_accionSauro_2025-01-26/2025-01-27/patches/accionSauro_2025_01_27__23_55_06_HDR0_0_Mothbot_yolo11m_4500_imgsz1600_b1_2024-01-18.pt.jpg,ORDER_Diptera,27-01-25,23:55:06,,2025_01_27__23_55_06,MachineObservation,Panama_Hoya_1004m_accionSauro_2025-01-26_2025-01-27,Panama_Hoya_1004m_accionSauro_2025-01-26_2025-01-27,accionSauro_2025_01_27__23_55_06_HDR0.jpg,accionSauro_2025_01_27__23_55_06_HDR0_0_Mothbot_yolo11m_4500_imgsz1600_b1_2024-01-18.pt.jpg
doi.org10.15468dl.6nxkw6.csv,Animalia,Arthropoda,Insecta,Hemiptera,Cicadidae,Guyalna,panamensis,,8496325,,Guyalna panamensis,Guyalna panamensis,Panama_Hoya_1004m_accionSauro_2025-01-26,accionSauro_2025_01_27__23_55_06_HDR0_1_Mothbot_yolo11m_4500_imgsz1600_b1_2024-01-18.pt.jpg,HS,Mothbot_yolo11m_4500_imgsz1600_b1_2024-01-18.pt,0.718345523,,accionSauro,Panama/Hoya_1004m_accionSauro_2025-01-26/2025-01-27/patches/accionSauro_2025_01_27__23_55_06_HDR0_1_Mothbot_yolo11m_4500_imgsz1600_b1_2024-01-18.pt.jpg,ORDER_Hemiptera,27-01-25,23:55:06,,2025_01_27__23_55_06,MachineObservation,Panama_Hoya_1004m_accionSauro_2025-01-26_2025-01-27,Panama_Hoya_1004m_accionSauro_2025-01-26_2025-01-27,accionSauro_2025_01_27__23_55_06_HDR0.jpg,accionSauro_2025_01_27__23_55_06_HDR0_1_Mothbot_yolo11m_4500_imgsz1600_b1_2024-01-18.pt.jpg
,Animalia,Arthropoda,Insecta,Diptera,,,,,,,Diptera,Diptera,Panama_Hoya_1004m_accionSauro_2025-01-26,accionSauro_2025_01_27__23_55_06_HDR0_2_Mothbot_yolo11m_4500_imgsz1600_b1_2024-01-18.pt.jpg,HS,Mothbot_yolo11m_4500_imgsz1600_b1_2024-01-18.pt,0.714993119,,accionSauro,Panama/Hoya_1004m_accionSauro_2025-01-26/2025-01-27/patches/accionSauro_2025_01_27__23_55_06_HDR0_2_Mothbot_yolo11m_4500_imgsz1600_b1_2024-01-18.pt.jpg,ORDER_Diptera,27-01-25,23:55:06,,2025_01_27__23_55_06,MachineObservation,Panama_Hoya_1004m_accionSauro_2025-01-26_2025-01-27,Panama_Hoya_1004m_accionSauro_2025-01-26_2025-01-27,accionSauro_2025_01_27__23_55_06_HDR0.jpg,accionSauro_2025_01_27__23_55_06_HDR0_2_Mothbot_yolo11m_4500_imgsz1600_b1_2024-01-18.pt.jpg
doi.org10.15468dl.6nxkw6.csv,Animalia,Arthropoda,Insecta,,,,,,216,,Insecta,Insecta,Panama_Hoya_1004m_accionSauro_2025-01-26,accionSauro_2025_01_27__23_55_06_HDR0_3_Mothbot_yolo11m_4500_imgsz1600_b1_2024-01-18.pt.jpg,HS,Mothbot_yolo11m_4500_imgsz1600_b1_2024-01-18.pt,0.399250418,,accionSauro,Panama/Hoya_1004m_accionSauro_2025-01-26/2025-01-27/patches/accionSauro_2025_01_27__23_55_06_HDR0_3_Mothbot_yolo11m_4500_imgsz1600_b1_2024-01-18.pt.jpg,ORDER_Psocodea,27-01-25,23:55:06,,2025_01_27__23_55_06,MachineObservation,Panama_Hoya_1004m_accionSauro_2025-01-26_2025-01-27,Panama_Hoya_1004m_accionSauro_2025-01-26_2025-01-27,accionSauro_2025_01_27__23_55_06_HDR0.jpg,accionSauro_2025_01_27__23_55_06_HDR0_3_Mothbot_yolo11m_4500_imgsz1600_b1_2024-01-18.pt.jpg
,Animalia,Arthropoda,Insecta,Hemiptera,,,,,,,Hemiptera,Hemiptera,Panama_Hoya_1004m_accionSauro_2025-01-26,accionSauro_2025_01_27__23_56_06_HDR0_0_Mothbot_yolo11m_4500_imgsz1600_b1_2024-01-18.pt.jpg,HS,Mothbot_yolo11m_4500_imgsz1600_b1_2024-01-18.pt,0.751606524,,accionSauro,Panama/Hoya_1004m_accionSauro_2025-01-26/2025-01-27/patches/accionSauro_2025_01_27__23_56_06_HDR0_0_Mothbot_yolo11m_4500_imgsz1600_b1_2024-01-18.pt.jpg,ORDER_Hemiptera,27-01-25,23:56:06,,2025_01_27__23_56_06,MachineObservation,Panama_Hoya_1004m_accionSauro_2025-01-26_2025-01-27,Panama_Hoya_1004m_accionSauro_2025-01-26_2025-01-27,accionSauro_2025_01_27__23_56_06_HDR0.jpg,accionSauro_2025_01_27__23_56_06_HDR0_0_Mothbot_yolo11m_4500_imgsz1600_b1_2024-01-18.pt.jpg
,Animalia,Arthropoda,Insecta,Diptera,,,,,,,Diptera,Diptera,Panama_Hoya_1004m_accionSauro_2025-01-26,accionSauro_2025_01_27__23_56_06_HDR0_1_Mothbot_yolo11m_4500_imgsz1600_b1_2024-01-18.pt.jpg,HS,Mothbot_yolo11m_4500_imgsz1600_b1_2024-01-18.pt,0.707719386,,accionSauro,Panama/Hoya_1004m_accionSauro_2025-01-26/2025-01-27/patches/accionSauro_2025_01_27__23_56_06_HDR0_1_Mothbot_yolo11m_4500_imgsz1600_b1_2024-01-18.pt.jpg,ORDER_Diptera,27-01-25,23:56:06,,2025_01_27__23_56_06,MachineObservation,Panama_Hoya_1004m_accionSauro_2025-01-26_2025-01-27,Panama_Hoya_1004m_accionSauro_2025-01-26_2025-01-27,accionSauro_2025_01_27__23_56_06_HDR0.jpg,accionSauro_2025_01_27__23_56_06_HDR0_1_Mothbot_yolo11m_4500_imgsz1600_b1_2024-01-18.pt.jpg
doi.org10.15468dl.6nxkw6.csv,Animalia,Arthropoda,Insecta,,,,,,216,,Insecta,Insecta,Panama_Hoya_1004m_accionSauro_2025-01-26,accionSauro_2025_01_27__23_56_06_HDR0_2_Mothbot_yolo11m_4500_imgsz1600_b1_2024-01-18.pt.jpg,HS,Mothbot_yolo11m_4500_imgsz1600_b1_2024-01-18.pt,0.424070418,,accionSauro,Panama/Hoya_1004m_accionSauro_2025-01-26/2025-01-27/patches/accionSauro_2025_01_27__23_56_06_HDR0_2_Mothbot_yolo11m_4500_imgsz1600_b1_2024-01-18.pt.jpg,ERROR_background,27-01-25,23:56:06,,2025_01_27__23_56_06,MachineObservation,Panama_Hoya_1004m_accionSauro_2025-01-26_2025-01-27,Panama_Hoya_1004m_accionSauro_2025-01-26_2025-01-27,accionSauro_2025_01_27__23_56_06_HDR0.jpg,accionSauro_2025_01_27__23_56_06_HDR0_2_Mothbot_yolo11m_4500_imgsz1600_b1_2024-01-18.pt.jpg
,Animalia,Arthropoda,Insecta,Hemiptera,,,,,,,Hemiptera,Hemiptera,Panama_Hoya_1004m_accionSauro_2025-01-26,accionSauro_2025_01_27__23_58_06_HDR0_0_Mothbot_yolo11m_4500_imgsz1600_b1_2024-01-18.pt.jpg,HS,Mothbot_yolo11m_4500_imgsz1600_b1_2024-01-18.pt,0.764310539,,accionSauro,Panama/Hoya_1004m_accionSauro_2025-01-26/2025-01-27/patches/accionSauro_2025_01_27__23_58_06_HDR0_0_Mothbot_yolo11m_4500_imgsz1600_b1_2024-01-18.pt.jpg,ORDER_Hemiptera,27-01-25,23:58:06,,2025_01_27__23_58_06,MachineObservation,Panama_Hoya_1004m_accionSauro_2025-01-26_2025-01-27,Panama_Hoya_1004m_accionSauro_2025-01-26_2025-01-27,accionSauro_2025_01_27__23_58_06_HDR0.jpg,accionSauro_2025_01_27__23_58_06_HDR0_0_Mothbot_yolo11m_4500_imgsz1600_b1_2024-01-18.pt.jpg
doi.org10.15468dl.6nxkw6.csv,Animalia,Arthropoda,Insecta,Hemiptera,,,,,809,,Hemiptera,Hemiptera,Panama_Hoya_1004m_accionSauro_2025-01-26,accionSauro_2025_01_27__23_58_06_HDR0_1_Mothbot_yolo11m_4500_imgsz1600_b1_2024-01-18.pt.jpg,HS,Mothbot_yolo11m_4500_imgsz1600_b1_2024-01-18.pt,0.750694692,,accionSauro,Panama/Hoya_1004m_accionSauro_2025-01-26/2025-01-27/patches/accionSauro_2025_01_27__23_58_06_HDR0_1_Mothbot_yolo11m_4500_imgsz1600_b1_2024-01-18.pt.jpg,ORDER_Trichoptera,27-01-25,23:58:06,,2025_01_27__23_58_06,MachineObservation,Panama_Hoya_1004m_accionSauro_2025-01-26_2025-01-27,Panama_Hoya_1004m_accionSauro_2025-01-26_2025-01-27,accionSauro_2025_01_27__23_58_06_HDR0.jpg,accionSauro_2025_01_27__23_58_06_HDR0_1_Mothbot_yolo11m_4500_imgsz1600_b1_2024-01-18.pt.jpg
doi.org10.15468dl.6nxkw6.csv,Animalia,Arthropoda,Insecta,Hemiptera,,,,,809,,Hemiptera,Hemiptera,Panama_Hoya_1004m_accionSauro_2025-01-26,accionSauro_2025_01_27__23_59_06_HDR0_0_Mothbot_yolo11m_4500_imgsz1600_b1_2024-01-18.pt.jpg,HS,Mothbot_yolo11m_4500_imgsz1600_b1_2024-01-18.pt,0.740471721,,accionSauro,Panama/Hoya_1004m_accionSauro_2025-01-26/2025-01-27/patches/accionSauro_2025_01_27__23_59_06_HDR0_0_Mothbot_yolo11m_4500_imgsz1600_b1_2024-01-18.pt.jpg,ORDER_Lepidoptera,27-01-25,23:59:06,,2025_01_27__23_59_06,MachineObservation,Panama_Hoya_1004m_accionSauro_2025-01-26_2025-01-27,Panama_Hoya_1004m_accionSauro_2025-01-26_2025-01-27,accionSauro_2025_01_27__23_59_06_HDR0.jpg,accionSauro_2025_01_27__23_59_06_HDR0_0_Mothbot_yolo11m_4500_imgsz1600_b1_2024-01-18.pt.jpg
,Animalia,Arthropoda,Insecta,Hemiptera,,,,,,,Hemiptera,Hemiptera,Panama_Hoya_1004m_accionSauro_2025-01-26,accionSauro_2025_01_28__02_01_26_HDR0_0_Mothbot_yolo11m_4500_imgsz1600_b1_2024-01-18.pt.jpg,HS,Mothbot_yolo11m_4500_imgsz1600_b1_2024-01-18.pt,0.744955778,,accionSauro,Panama/Hoya_1004m_accionSauro_2025-01-26/2025-01-27/patches/accionSauro_2025_01_28__02_01_26_HDR0_0_Mothbot_yolo11m_4500_imgsz1600_b1_2024-01-18.pt.jpg,ORDER_Hemiptera,28-01-25,2:01:26,,2025_01_28__02_01_26,MachineObservation,Panama_Hoya_1004m_accionSauro_2025-01-26_2025-01-27,Panama_Hoya_1004m_accionSauro_2025-01-26_2025-01-27,accionSauro_2025_01_28__02_01_26_HDR0.jpg,accionSauro_2025_01_28__02_01_26_HDR0_0_Mothbot_yolo11m_4500_imgsz1600_b1_2024-01-18.pt.jpg
,Animalia,Arthropoda,Insecta,Hemiptera,,,,,,,Hemiptera,Hemiptera,Panama_Hoya_1004m_accionSauro_2025-01-26,accionSauro_2025_01_28__02_01_26_HDR0_1_Mothbot_yolo11m_4500_imgsz1600_b1_2024-01-18.pt.jpg,HS,Mothbot_yolo11m_4500_imgsz1600_b1_2024-01-18.pt,0.705490708,,accionSauro,Panama/Hoya_1004m_accionSauro_2025-01-26/2025-01-27/patches/accionSauro_2025_01_28__02_01_26_HDR0_1_Mothbot_yolo11m_4500_imgsz1600_b1_2024-01-18.pt.jpg,ORDER_Hemiptera,28-01-25,2:01:26,,2025_01_28__02_01_26,MachineObservation,Panama_Hoya_1004m_accionSauro_2025-01-26_2025-01-27,Panama_Hoya_1004m_accionSauro_2025-01-26_2025-01-27,accionSauro_2025_01_28__02_01_26_HDR0.jpg,accionSauro_2025_01_28__02_01_26_HDR0_1_Mothbot_yolo11m_4500_imgsz1600_b1_2024-01-18.pt.jpg
doi.org10.15468dl.6nxkw6.csv,Animalia,Arthropoda,Insecta,Diptera,,,,,811,,Diptera,Diptera,Panama_Hoya_1004m_accionSauro_2025-01-26,accionSauro_2025_01_28__02_01_26_HDR0_2_Mothbot_yolo11m_4500_imgsz1600_b1_2024-01-18.pt.jpg,HS,Mothbot_yolo11m_4500_imgsz1600_b1_2024-01-18.pt,0.630419314,,accionSauro,Panama/Hoya_1004m_accionSauro_2025-01-26/2025-01-27/patches/accionSauro_2025_01_28__02_01_26_HDR0_2_Mothbot_yolo11m_4500_imgsz1600_b1_2024-01-18.pt.jpg,ORDER_Psocodea,28-01-25,2:01:26,,2025_01_28__02_01_26,MachineObservation,Panama_Hoya_1004m_accionSauro_2025-01-26_2025-01-27,Panama_Hoya_1004m_accionSauro_2025-01-26_2025-01-27,accionSauro_2025_01_28__02_01_26_HDR0.jpg,accionSauro_2025_01_28__02_01_26_HDR0_2_Mothbot_yolo11m_4500_imgsz1600_b1_2024-01-18.pt.jpg
doi.org10.15468dl.6nxkw6.csv,Animalia,Arthropoda,Insecta,Diptera,,,,,811,,Diptera,Diptera,Panama_Hoya_1004m_accionSauro_2025-01-26,accionSauro_2025_01_28__02_02_06_HDR0_0_Mothbot_yolo11m_4500_imgsz1600_b1_2024-01-18.pt.jpg,HS,Mothbot_yolo11m_4500_imgsz1600_b1_2024-01-18.pt,0.626443148,,accionSauro,Panama/Hoya_1004m_accionSauro_2025-01-26/2025-01-27/patches/accionSauro_2025_01_28__02_02_06_HDR0_0_Mothbot_yolo11m_4500_imgsz1600_b1_2024-01-18.pt.jpg,ORDER_Psocodea,28-01-25,2:02:06,,2025_01_28__02_02_06,MachineObservation,Panama_Hoya_1004m_accionSauro_2025-01-26_2025-01-27,Panama_Hoya_1004m_accionSauro_2025-01-26_2025-01-27,accionSauro_2025_01_28__02_02_06_HDR0.jpg,accionSauro_2025_01_28__02_02_06_HDR0_0_Mothbot_yolo11m_4500_imgsz1600_b1_2024-01-18.pt.jpg
,Animalia,Arthropoda,Insecta,Hemiptera,,,,,,,Hemiptera,Hemiptera,Panama_Hoya_1004m_accionSauro_2025-01-26,accionSauro_2025_01_28__02_02_06_HDR0_1_Mothbot_yolo11m_4500_imgsz1600_b1_2024-01-18.pt.jpg,HS,Mothbot_yolo11m_4500_imgsz1600_b1_2024-01-18.pt,0.275102913,,accionSauro,Panama/Hoya_1004m_accionSauro_2025-01-26/2025-01-27/patches/accionSauro_2025_01_28__02_02_06_HDR0_1_Mothbot_yolo11m_4500_imgsz1600_b1_2024-01-18.pt.jpg,ORDER_Hemiptera,28-01-25,2:02:06,,2025_01_28__02_02_06,MachineObservation,Panama_Hoya_1004m_accionSauro_2025-01-26_2025-01-27,Panama_Hoya_1004m_accionSauro_2025-01-26_2025-01-27,accionSauro_2025_01_28__02_02_06_HDR0.jpg,accionSauro_2025_01_28__02_02_06_HDR0_1_Mothbot_yolo11m_4500_imgsz1600_b1_2024-01-18.pt.jpg
doi.org10.15468dl.6nxkw6.csv,Animalia,Arthropoda,Insecta,Diptera,,,,,811,,Diptera,Diptera,Panama_Hoya_1004m_accionSauro_2025-01-26,accionSauro_2025_01_28__02_03_06_HDR0_0_Mothbot_yolo11m_4500_imgsz1600_b1_2024-01-18.pt.jpg,HS,Mothbot_yolo11m_4500_imgsz1600_b1_2024-01-18.pt,0.623104334,,accionSauro,Panama/Hoya_1004m_accionSauro_2025-01-26/2025-01-27/patches/accionSauro_2025_01_28__02_03_06_HDR0_0_Mothbot_yolo11m_4500_imgsz1600_b1_2024-01-18.pt.jpg,ORDER_Psocodea,28-01-25,2:03:06,,2025_01_28__02_03_06,MachineObservation,Panama_Hoya_1004m_accionSauro_2025-01-26_2025-01-27,Panama_Hoya_1004m_accionSauro_2025-01-26_2025-01-27,accionSauro_2025_01_28__02_03_06_HDR0.jpg,accionSauro_2025_01_28__02_03_06_HDR0_0_Mothbot_yolo11m_4500_imgsz1600_b1_2024-01-18.pt.jpg
,Animalia,Arthropoda,Insecta,Hemiptera,,,,,,,Hemiptera,Hemiptera,Panama_Hoya_1004m_accionSauro_2025-01-26,accionSauro_2025_01_28__02_03_06_HDR0_1_Mothbot_yolo11m_4500_imgsz1600_b1_2024-01-18.pt.jpg,HS,Mothbot_yolo11m_4500_imgsz1600_b1_2024-01-18.pt,0.581901729,,accionSauro,Panama/Hoya_1004m_accionSauro_2025-01-26/2025-01-27/patches/accionSauro_2025_01_28__02_03_06_HDR0_1_Mothbot_yolo11m_4500_imgsz1600_b1_2024-01-18.pt.jpg,ORDER_Hemiptera,28-01-25,2:03:06,,2025_01_28__02_03_06,MachineObservation,Panama_Hoya_1004m_accionSauro_2025-01-26_2025-01-27,Panama_Hoya_1004m_accionSauro_2025-01-26_2025-01-27,accionSauro_2025_01_28__02_03_06_HDR0.jpg,accionSauro_2025_01_28__02_03_06_HDR0_1_Mothbot_yolo11m_4500_imgsz1600_b1_2024-01-18.pt.jpg
,Animalia,Arthropoda,Insecta,Diptera,,,,,,,Diptera,Diptera,Panama_Hoya_1004m_accionSauro_2025-01-26,accionSauro_2025_01_28__02_04_06_HDR0_0_Mothbot_yolo11m_4500_imgsz1600_b1_2024-01-18.pt.jpg,HS,Mothbot_yolo11m_4500_imgsz1600_b1_2024-01-18.pt,0.617565334,,accionSauro,Panama/Hoya_1004m_accionSauro_2025-01-26/2025-01-27/patches/accionSauro_2025_01_28__02_04_06_HDR0_0_Mothbot_yolo11m_4500_imgsz1600_b1_2024-01-18.pt.jpg,ORDER_Diptera,28-01-25,2:04:06,,2025_01_28__02_04_06,MachineObservation,Panama_Hoya_1004m_accionSauro_2025-01-26_2025-01-27,Panama_Hoya_1004m_accionSauro_2025-01-26_2025-01-27,accionSauro_2025_01_28__02_04_06_HDR0.jpg,accionSauro_2025_01_28__02_04_06_HDR0_0_Mothbot_yolo11m_4500_imgsz1600_b1_2024-01-18.pt.jpg
,Animalia,Arthropoda,Insecta,Diptera,,,,,,,Diptera,Diptera,Panama_Hoya_1004m_accionSauro_2025-01-26,accionSauro_2025_01_28__02_04_06_HDR0_1_Mothbot_yolo11m_4500_imgsz1600_b1_2024-01-18.pt.jpg,HS,Mothbot_yolo11m_4500_imgsz1600_b1_2024-01-18.pt,0.603624523,,accionSauro,Panama/Hoya_1004m_accionSauro_2025-01-26/2025-01-27/patches/accionSauro_2025_01_28__02_04_06_HDR0_1_Mothbot_yolo11m_4500_imgsz1600_b1_2024-01-18.pt.jpg,ORDER_Diptera,28-01-25,2:04:06,,2025_01_28__02_04_06,MachineObservation,Panama_Hoya_1004m_accionSauro_2025-01-26_2025-01-27,Panama_Hoya_1004m_accionSauro_2025-01-26_2025-01-27,accionSauro_2025_01_28__02_04_06_HDR0.jpg,accionSauro_2025_01_28__02_04_06_HDR0_1_Mothbot_yolo11m_4500_imgsz1600_b1_2024-01-18.pt.jpg
,Animalia,Arthropoda,Insecta,Diptera,,,,,,,Diptera,Diptera,Panama_Hoya_1004m_accionSauro_2025-01-26,accionSauro_2025_01_28__02_05_05_HDR0_0_Mothbot_yolo11m_4500_imgsz1600_b1_2024-01-18.pt.jpg,HS,Mothbot_yolo11m_4500_imgsz1600_b1_2024-01-18.pt,0.569756329,,accionSauro,Panama/Hoya_1004m_accionSauro_2025-01-26/2025-01-27/patches/accionSauro_2025_01_28__02_05_05_HDR0_0_Mothbot_yolo11m_4500_imgsz1600_b1_2024-01-18.pt.jpg,ORDER_Diptera,28-01-25,2:05:05,,2025_01_28__02_05_05,MachineObservation,Panama_Hoya_1004m_accionSauro_2025-01-26_2025-01-27,Panama_Hoya_1004m_accionSauro_2025-01-26_2025-01-27,accionSauro_2025_01_28__02_05_05_HDR0.jpg,accionSauro_2025_01_28__02_05_05_HDR0_0_Mothbot_yolo11m_4500_imgsz1600_b1_2024-01-18.pt.jpg
doi.org10.15468dl.6nxkw6.csv,Animalia,Arthropoda,Insecta,Diptera,,,,,811,,Diptera,Diptera,Panama_Hoya_1004m_accionSauro_2025-01-26,accionSauro_2025_01_28__02_06_06_HDR0_0_Mothbot_yolo11m_4500_imgsz1600_b1_2024-01-18.pt.jpg,HS,Mothbot_yolo11m_4500_imgsz1600_b1_2024-01-18.pt,0.707318187,,accionSauro,Panama/Hoya_1004m_accionSauro_2025-01-26/2025-01-27/patches/accionSauro_2025_01_28__02_06_06_HDR0_0_Mothbot_yolo11m_4500_imgsz1600_b1_2024-01-18.pt.jpg,ORDER_Psocodea,28-01-25,2:06:06,,2025_01_28__02_06_06,MachineObservation,Panama_Hoya_1004m_accionSauro_2025-01-26_2025-01-27,Panama_Hoya_1004m_accionSauro_2025-01-26_2025-01-27,accionSauro_2025_01_28__02_06_06_HDR0.jpg,accionSauro_2025_01_28__02_06_06_HDR0_0_Mothbot_yolo11m_4500_imgsz1600_b1_2024-01-18.pt.jpg
,Animalia,Arthropoda,Insecta,Diptera,,,,,,,Diptera,Diptera,Panama_Hoya_1004m_accionSauro_2025-01-26,accionSauro_2025_01_28__02_06_06_HDR0_1_Mothbot_yolo11m_4500_imgsz1600_b1_2024-01-18.pt.jpg,HS,Mothbot_yolo11m_4500_imgsz1600_b1_2024-01-18.pt,0.701972485,,accionSauro,Panama/Hoya_1004m_accionSauro_2025-01-26/2025-01-27/patches/accionSauro_2025_01_28__02_06_06_HDR0_1_Mothbot_yolo11m_4500_imgsz1600_b1_2024-01-18.pt.jpg,ORDER_Diptera,28-01-25,2:06:06,,2025_01_28__02_06_06,MachineObservation,Panama_Hoya_1004m_accionSauro_2025-01-26_2025-01-27,Panama_Hoya_1004m_accionSauro_2025-01-26_2025-01-27,accionSauro_2025_01_28__02_06_06_HDR0.jpg,accionSauro_2025_01_28__02_06_06_HDR0_1_Mothbot_yolo11m_4500_imgsz1600_b1_2024-01-18.pt.jpg
doi.org10.15468dl.6nxkw6.csv,Animalia,Arthropoda,Insecta,Diptera,,,,,811,,Diptera,Diptera,Panama_Hoya_1004m_accionSauro_2025-01-26,accionSauro_2025_01_28__02_06_06_HDR0_2_Mothbot_yolo11m_4500_imgsz1600_b1_2024-01-18.pt.jpg,HS,Mothbot_yolo11m_4500_imgsz1600_b1_2024-01-18.pt,0.592916369,,accionSauro,Panama/Hoya_1004m_accionSauro_2025-01-26/2025-01-27/patches/accionSauro_2025_01_28__02_06_06_HDR0_2_Mothbot_yolo11m_4500_imgsz1600_b1_2024-01-18.pt.jpg,ORDER_Psocodea,28-01-25,2:06:06,,2025_01_28__02_06_06,MachineObservation,Panama_Hoya_1004m_accionSauro_2025-01-26_2025-01-27,Panama_Hoya_1004m_accionSauro_2025-01-26_2025-01-27,accionSauro_2025_01_28__02_06_06_HDR0.jpg,accionSauro_2025_01_28__02_06_06_HDR0_2_Mothbot_yolo11m_4500_imgsz1600_b1_2024-01-18.pt.jpg
doi.org10.15468dl.6nxkw6.csv,Animalia,Arthropoda,Insecta,Coleoptera,,,,,1470,,Coleoptera,Coleoptera,Panama_Hoya_1004m_accionSauro_2025-01-26,accionSauro_2025_01_28__02_07_06_HDR0_0_Mothbot_yolo11m_4500_imgsz1600_b1_2024-01-18.pt.jpg,HS,Mothbot_yolo11m_4500_imgsz1600_b1_2024-01-18.pt,0.766676664,,accionSauro,Panama/Hoya_1004m_accionSauro_2025-01-26/2025-01-27/patches/accionSauro_2025_01_28__02_07_06_HDR0_0_Mothbot_yolo11m_4500_imgsz1600_b1_2024-01-18.pt.jpg,ORDER_Hemiptera,28-01-25,2:07:06,,2025_01_28__02_07_06,MachineObservation,Panama_Hoya_1004m_accionSauro_2025-01-26_2025-01-27,Panama_Hoya_1004m_accionSauro_2025-01-26_2025-01-27,accionSauro_2025_01_28__02_07_06_HDR0.jpg,accionSauro_2025_01_28__02_07_06_HDR0_0_Mothbot_yolo11m_4500_imgsz1600_b1_2024-01-18.pt.jpg
,Animalia,Arthropoda,Insecta,Diptera,,,,,,,Diptera,Diptera,Panama_Hoya_1004m_accionSauro_2025-01-26,accionSauro_2025_01_28__02_07_06_HDR0_1_Mothbot_yolo11m_4500_imgsz1600_b1_2024-01-18.pt.jpg,HS,Mothbot_yolo11m_4500_imgsz1600_b1_2024-01-18.pt,0.702609777,,accionSauro,Panama/Hoya_1004m_accionSauro_2025-01-26/2025-01-27/patches/accionSauro_2025_01_28__02_07_06_HDR0_1_Mothbot_yolo11m_4500_imgsz1600_b1_2024-01-18.pt.jpg,ORDER_Diptera,28-01-25,2:07:06,,2025_01_28__02_07_06,MachineObservation,Panama_Hoya_1004m_accionSauro_2025-01-26_2025-01-27,Panama_Hoya_1004m_accionSauro_2025-01-26_2025-01-27,accionSauro_2025_01_28__02_07_06_HDR0.jpg,accionSauro_2025_01_28__02_07_06_HDR0_1_Mothbot_yolo11m_4500_imgsz1600_b1_2024-01-18.pt.jpg
doi.org10.15468dl.6nxkw6.csv,Animalia,Arthropoda,Insecta,Diptera,,,,,,,Diptera,Diptera,Panama_Hoya_1004m_accionSauro_2025-01-26,accionSauro_2025_01_28__02_07_06_HDR0_2_Mothbot_yolo11m_4500_imgsz1600_b1_2024-01-18.pt.jpg,HS,Mothbot_yolo11m_4500_imgsz1600_b1_2024-01-18.pt,0.662248075,,accionSauro,Panama/Hoya_1004m_accionSauro_2025-01-26/2025-01-27/patches/accionSauro_2025_01_28__02_07_06_HDR0_2_Mothbot_yolo11m_4500_imgsz1600_b1_2024-01-18.pt.jpg,ORDER_Hemiptera,28-01-25,2:07:06,,2025_01_28__02_07_06,MachineObservation,Panama_Hoya_1004m_accionSauro_2025-01-26_2025-01-27,Panama_Hoya_1004m_accionSauro_2025-01-26_2025-01-27,accionSauro_2025_01_28__02_07_06_HDR0.jpg,accionSauro_2025_01_28__02_07_06_HDR0_2_Mothbot_yolo11m_4500_imgsz1600_b1_2024-01-18.pt.jpg
doi.org10.15468dl.6nxkw6.csv,Animalia,Arthropoda,Insecta,,,,,,216,,Insecta,Insecta,Panama_Hoya_1004m_accionSauro_2025-01-26,accionSauro_2025_01_28__02_07_06_HDR0_3_Mothbot_yolo11m_4500_imgsz1600_b1_2024-01-18.pt.jpg,HS,Mothbot_yolo11m_4500_imgsz1600_b1_2024-01-18.pt,0.657171965,,accionSauro,Panama/Hoya_1004m_accionSauro_2025-01-26/2025-01-27/patches/accionSauro_2025_01_28__02_07_06_HDR0_3_Mothbot_yolo11m_4500_imgsz1600_b1_2024-01-18.pt.jpg,ERROR_background,28-01-25,2:07:06,,2025_01_28__02_07_06,MachineObservation,Panama_Hoya_1004m_accionSauro_2025-01-26_2025-01-27,Panama_Hoya_1004m_accionSauro_2025-01-26_2025-01-27,accionSauro_2025_01_28__02_07_06_HDR0.jpg,accionSauro_2025_01_28__02_07_06_HDR0_3_Mothbot_yolo11m_4500_imgsz1600_b1_2024-01-18.pt.jpg
doi.org10.15468dl.6nxkw6.csv,Animalia,Arthropoda,Insecta,Diptera,,,,,811,,Diptera,Diptera,Panama_Hoya_1004m_accionSauro_2025-01-26,accionSauro_2025_01_28__02_07_06_HDR0_4_Mothbot_yolo11m_4500_imgsz1600_b1_2024-01-18.pt.jpg,HS,Mothbot_yolo11m_4500_imgsz1600_b1_2024-01-18.pt,0.606096208,,accionSauro,Panama/Hoya_1004m_accionSauro_2025-01-26/2025-01-27/patches/accionSauro_2025_01_28__02_07_06_HDR0_4_Mothbot_yolo11m_4500_imgsz1600_b1_2024-01-18.pt.jpg,ORDER_Psocodea,28-01-25,2:07:06,,2025_01_28__02_07_06,MachineObservation,Panama_Hoya_1004m_accionSauro_2025-01-26_2025-01-27,Panama_Hoya_1004m_accionSauro_2025-01-26_2025-01-27,accionSauro_2025_01_28__02_07_06_HDR0.jpg,accionSauro_2025_01_28__02_07_06_HDR0_4_Mothbot_yolo11m_4500_imgsz1600_b1_2024-01-18.pt.jpg
,Animalia,Arthropoda,Insecta,Lepidoptera,,,,,,,Lepidoptera,Lepidoptera,Panama_Hoya_1004m_accionSauro_2025-01-26,accionSauro_2025_01_28__02_07_06_HDR0_5_Mothbot_yolo11m_4500_imgsz1600_b1_2024-01-18.pt.jpg,HS,Mothbot_yolo11m_4500_imgsz1600_b1_2024-01-18.pt,0.568144023,,accionSauro,Panama/Hoya_1004m_accionSauro_2025-01-26/2025-01-27/patches/accionSauro_2025_01_28__02_07_06_HDR0_5_Mothbot_yolo11m_4500_imgsz1600_b1_2024-01-18.pt.jpg,ORDER_Lepidoptera,28-01-25,2:07:06,,2025_01_28__02_07_06,MachineObservation,Panama_Hoya_1004m_accionSauro_2025-01-26_2025-01-27,Panama_Hoya_1004m_accionSauro_2025-01-26_2025-01-27,accionSauro_2025_01_28__02_07_06_HDR0.jpg,accionSauro_2025_01_28__02_07_06_HDR0_5_Mothbot_yolo11m_4500_imgsz1600_b1_2024-01-18.pt.jpg
,Animalia,Arthropoda,Insecta,Lepidoptera,,,,,,,Lepidoptera,Lepidoptera,Panama_Hoya_1004m_accionSauro_2025-01-26,accionSauro_2025_01_28__02_07_06_HDR0_6_Mothbot_yolo11m_4500_imgsz1600_b1_2024-01-18.pt.jpg,HS,Mothbot_yolo11m_4500_imgsz1600_b1_2024-01-18.pt,0.512559414,,accionSauro,Panama/Hoya_1004m_accionSauro_2025-01-26/2025-01-27/patches/accionSauro_2025_01_28__02_07_06_HDR0_6_Mothbot_yolo11m_4500_imgsz1600_b1_2024-01-18.pt.jpg,ORDER_Lepidoptera,28-01-25,2:07:06,,2025_01_28__02_07_06,MachineObservation,Panama_Hoya_1004m_accionSauro_2025-01-26_2025-01-27,Panama_Hoya_1004m_accionSauro_2025-01-26_2025-01-27,accionSauro_2025_01_28__02_07_06_HDR0.jpg,accionSauro_2025_01_28__02_07_06_HDR0_6_Mothbot_yolo11m_4500_imgsz1600_b1_2024-01-18.pt.jpg
,,,,,,,,,,,,ERROR,Panama_Hoya_1004m_accionSauro_2025-01-26,accionSauro_2025_01_28__02_07_06_HDR0_7_Mothbot_yolo11m_4500_imgsz1600_b1_2024-01-18.pt.jpg,HS,Mothbot_yolo11m_4500_imgsz1600_b1_2024-01-18.pt,0.452978253,,accionSauro,Panama/Hoya_1004m_accionSauro_2025-01-26/2025-01-27/patches/accionSauro_2025_01_28__02_07_06_HDR0_7_Mothbot_yolo11m_4500_imgsz1600_b1_2024-01-18.pt.jpg,ORDER_Diptera,28-01-25,2:07:06,,2025_01_28__02_07_06,MachineObservation,Panama_Hoya_1004m_accionSauro_2025-01-26_2025-01-27,Panama_Hoya_1004m_accionSauro_2025-01-26_2025-01-27,accionSauro_2025_01_28__02_07_06_HDR0.jpg,accionSauro_2025_01_28__02_07_06_HDR0_7_Mothbot_yolo11m_4500_imgsz1600_b1_2024-01-18.pt.jpg
doi.org10.15468dl.6nxkw6.csv,Animalia,Arthropoda,Insecta,,,,,,216,,Insecta,Insecta,Panama_Hoya_1004m_accionSauro_2025-01-26,accionSauro_2025_01_28__02_07_06_HDR0_8_Mothbot_yolo11m_4500_imgsz1600_b1_2024-01-18.pt.jpg,HS,Mothbot_yolo11m_4500_imgsz1600_b1_2024-01-18.pt,0.323642462,,accionSauro,Panama/Hoya_1004m_accionSauro_2025-01-26/2025-01-27/patches/accionSauro_2025_01_28__02_07_06_HDR0_8_Mothbot_yolo11m_4500_imgsz1600_b1_2024-01-18.pt.jpg,ORDER_Lepidoptera,28-01-25,2:07:06,,2025_01_28__02_07_06,MachineObservation,Panama_Hoya_1004m_accionSauro_2025-01-26_2025-01-27,Panama_Hoya_1004m_accionSauro_2025-01-26_2025-01-27,accionSauro_2025_01_28__02_07_06_HDR0.jpg,accionSauro_2025_01_28__02_07_06_HDR0_8_Mothbot_yolo11m_4500_imgsz1600_b1_2024-01-18.pt.jpg
doi.org10.15468dl.6nxkw6.csv,Animalia,Arthropoda,Insecta,Diptera,,,,,,,Diptera,Diptera,Panama_Hoya_1004m_accionSauro_2025-01-26,accionSauro_2025_01_28__02_08_22_HDR0_0_Mothbot_yolo11m_4500_imgsz1600_b1_2024-01-18.pt.jpg,HS,Mothbot_yolo11m_4500_imgsz1600_b1_2024-01-18.pt,0.63393563,,accionSauro,Panama/Hoya_1004m_accionSauro_2025-01-26/2025-01-27/patches/accionSauro_2025_01_28__02_08_22_HDR0_0_Mothbot_yolo11m_4500_imgsz1600_b1_2024-01-18.pt.jpg,ORDER_Hemiptera,28-01-25,2:08:22,,2025_01_28__02_08_22,MachineObservation,Panama_Hoya_1004m_accionSauro_2025-01-26_2025-01-27,Panama_Hoya_1004m_accionSauro_2025-01-26_2025-01-27,accionSauro_2025_01_28__02_08_22_HDR0.jpg,accionSauro_2025_01_28__02_08_22_HDR0_0_Mothbot_yolo11m_4500_imgsz1600_b1_2024-01-18.pt.jpg
,Animalia,Arthropoda,Insecta,Diptera,,,,,,,Diptera,Diptera,Panama_Hoya_1004m_accionSauro_2025-01-26,accionSauro_2025_01_28__02_08_22_HDR0_1_Mothbot_yolo11m_4500_imgsz1600_b1_2024-01-18.pt.jpg,HS,Mothbot_yolo11m_4500_imgsz1600_b1_2024-01-18.pt,0.617722631,,accionSauro,Panama/Hoya_1004m_accionSauro_2025-01-26/2025-01-27/patches/accionSauro_2025_01_28__02_08_22_HDR0_1_Mothbot_yolo11m_4500_imgsz1600_b1_2024-01-18.pt.jpg,ORDER_Diptera,28-01-25,2:08:22,,2025_01_28__02_08_22,MachineObservation,Panama_Hoya_1004m_accionSauro_2025-01-26_2025-01-27,Panama_Hoya_1004m_accionSauro_2025-01-26_2025-01-27,accionSauro_2025_01_28__02_08_22_HDR0.jpg,accionSauro_2025_01_28__02_08_22_HDR0_1_Mothbot_yolo11m_4500_imgsz1600_b1_2024-01-18.pt.jpg
doi.org10.15468dl.6nxkw6.csv,Animalia,Arthropoda,Insecta,Diptera,,,,,811,,Diptera,Diptera,Panama_Hoya_1004m_accionSauro_2025-01-26,accionSauro_2025_01_28__02_08_22_HDR0_2_Mothbot_yolo11m_4500_imgsz1600_b1_2024-01-18.pt.jpg,HS,Mothbot_yolo11m_4500_imgsz1600_b1_2024-01-18.pt,0.269263864,,accionSauro,Panama/Hoya_1004m_accionSauro_2025-01-26/2025-01-27/patches/accionSauro_2025_01_28__02_08_22_HDR0_2_Mothbot_yolo11m_4500_imgsz1600_b1_2024-01-18.pt.jpg,ORDER_Psocodea,28-01-25,2:08:22,,2025_01_28__02_08_22,MachineObservation,Panama_Hoya_1004m_accionSauro_2025-01-26_2025-01-27,Panama_Hoya_1004m_accionSauro_2025-01-26_2025-01-27,accionSauro_2025_01_28__02_08_22_HDR0.jpg,accionSauro_2025_01_28__02_08_22_HDR0_2_Mothbot_yolo11m_4500_imgsz1600_b1_2024-01-18.pt.jpg
doi.org10.15468dl.6nxkw6.csv,Animalia,Arthropoda,Insecta,Diptera,,,,,811,,Diptera,Diptera,Panama_Hoya_1004m_accionSauro_2025-01-26,accionSauro_2025_01_28__02_09_06_HDR0_0_Mothbot_yolo11m_4500_imgsz1600_b1_2024-01-18.pt.jpg,HS,Mothbot_yolo11m_4500_imgsz1600_b1_2024-01-18.pt,0.641067207,,accionSauro,Panama/Hoya_1004m_accionSauro_2025-01-26/2025-01-27/patches/accionSauro_2025_01_28__02_09_06_HDR0_0_Mothbot_yolo11m_4500_imgsz1600_b1_2024-01-18.pt.jpg,ORDER_Psocodea,28-01-25,2:09:06,,2025_01_28__02_09_06,MachineObservation,Panama_Hoya_1004m_accionSauro_2025-01-26_2025-01-27,Panama_Hoya_1004m_accionSauro_2025-01-26_2025-01-27,accionSauro_2025_01_28__02_09_06_HDR0.jpg,accionSauro_2025_01_28__02_09_06_HDR0_0_Mothbot_yolo11m_4500_imgsz1600_b1_2024-01-18.pt.jpg
doi.org10.15468dl.6nxkw6.csv,Animalia,Arthropoda,Insecta,Diptera,,,,,811,,Diptera,Diptera,Panama_Hoya_1004m_accionSauro_2025-01-26,accionSauro_2025_01_28__02_09_06_HDR0_1_Mothbot_yolo11m_4500_imgsz1600_b1_2024-01-18.pt.jpg,HS,Mothbot_yolo11m_4500_imgsz1600_b1_2024-01-18.pt,0.640732646,,accionSauro,Panama/Hoya_1004m_accionSauro_2025-01-26/2025-01-27/patches/accionSauro_2025_01_28__02_09_06_HDR0_1_Mothbot_yolo11m_4500_imgsz1600_b1_2024-01-18.pt.jpg,ORDER_Psocodea,28-01-25,2:09:06,,2025_01_28__02_09_06,MachineObservation,Panama_Hoya_1004m_accionSauro_2025-01-26_2025-01-27,Panama_Hoya_1004m_accionSauro_2025-01-26_2025-01-27,accionSauro_2025_01_28__02_09_06_HDR0.jpg,accionSauro_2025_01_28__02_09_06_HDR0_1_Mothbot_yolo11m_4500_imgsz1600_b1_2024-01-18.pt.jpg
,Animalia,Arthropoda,Insecta,Lepidoptera,,,,,,,Lepidoptera,Lepidoptera,Panama_Hoya_1004m_accionSauro_2025-01-26,accionSauro_2025_01_28__02_09_06_HDR0_2_Mothbot_yolo11m_4500_imgsz1600_b1_2024-01-18.pt.jpg,HS,Mothbot_yolo11m_4500_imgsz1600_b1_2024-01-18.pt,0.567609906,,accionSauro,Panama/Hoya_1004m_accionSauro_2025-01-26/2025-01-27/patches/accionSauro_2025_01_28__02_09_06_HDR0_2_Mothbot_yolo11m_4500_imgsz1600_b1_2024-01-18.pt.jpg,ORDER_Lepidoptera,28-01-25,2:09:06,,2025_01_28__02_09_06,MachineObservation,Panama_Hoya_1004m_accionSauro_2025-01-26_2025-01-27,Panama_Hoya_1004m_accionSauro_2025-01-26_2025-01-27,accionSauro_2025_01_28__02_09_06_HDR0.jpg,accionSauro_2025_01_28__02_09_06_HDR0_2_Mothbot_yolo11m_4500_imgsz1600_b1_2024-01-18.pt.jpg
,Animalia,Arthropoda,Insecta,Diptera,,,,,,,Diptera,Diptera,Panama_Hoya_1004m_accionSauro_2025-01-26,accionSauro_2025_01_28__02_09_06_HDR0_3_Mothbot_yolo11m_4500_imgsz1600_b1_2024-01-18.pt.jpg,HS,Mothbot_yolo11m_4500_imgsz1600_b1_2024-01-18.pt,0.482338876,,accionSauro,Panama/Hoya_1004m_accionSauro_2025-01-26/2025-01-27/patches/accionSauro_2025_01_28__02_09_06_HDR0_3_Mothbot_yolo11m_4500_imgsz1600_b1_2024-01-18.pt.jpg,ORDER_Diptera,28-01-25,2:09:06,,2025_01_28__02_09_06,MachineObservation,Panama_Hoya_1004m_accionSauro_2025-01-26_2025-01-27,Panama_Hoya_1004m_accionSauro_2025-01-26_2025-01-27,accionSauro_2025_01_28__02_09_06_HDR0.jpg,accionSauro_2025_01_28__02_09_06_HDR0_3_Mothbot_yolo11m_4500_imgsz1600_b1_2024-01-18.pt.jpg
,Animalia,Arthropoda,Insecta,Diptera,,,,,,,Diptera,Diptera,Panama_Hoya_1004m_accionSauro_2025-01-26,accionSauro_2025_01_28__02_10_06_HDR0_0_Mothbot_yolo11m_4500_imgsz1600_b1_2024-01-18.pt.jpg,HS,Mothbot_yolo11m_4500_imgsz1600_b1_2024-01-18.pt,0.620590627,,accionSauro,Panama/Hoya_1004m_accionSauro_2025-01-26/2025-01-27/patches/accionSauro_2025_01_28__02_10_06_HDR0_0_Mothbot_yolo11m_4500_imgsz1600_b1_2024-01-18.pt.jpg,ORDER_Diptera,28-01-25,2:10:06,,2025_01_28__02_10_06,MachineObservation,Panama_Hoya_1004m_accionSauro_2025-01-26_2025-01-27,Panama_Hoya_1004m_accionSauro_2025-01-26_2025-01-27,accionSauro_2025_01_28__02_10_06_HDR0.jpg,accionSauro_2025_01_28__02_10_06_HDR0_0_Mothbot_yolo11m_4500_imgsz1600_b1_2024-01-18.pt.jpg
,Animalia,Arthropoda,Insecta,Diptera,,,,,,,Diptera,Diptera,Panama_Hoya_1004m_accionSauro_2025-01-26,accionSauro_2025_01_28__02_10_06_HDR0_1_Mothbot_yolo11m_4500_imgsz1600_b1_2024-01-18.pt.jpg,HS,Mothbot_yolo11m_4500_imgsz1600_b1_2024-01-18.pt,0.618512154,,accionSauro,Panama/Hoya_1004m_accionSauro_2025-01-26/2025-01-27/patches/accionSauro_2025_01_28__02_10_06_HDR0_1_Mothbot_yolo11m_4500_imgsz1600_b1_2024-01-18.pt.jpg,ORDER_Diptera,28-01-25,2:10:06,,2025_01_28__02_10_06,MachineObservation,Panama_Hoya_1004m_accionSauro_2025-01-26_2025-01-27,Panama_Hoya_1004m_accionSauro_2025-01-26_2025-01-27,accionSauro_2025_01_28__02_10_06_HDR0.jpg,accionSauro_2025_01_28__02_10_06_HDR0_1_Mothbot_yolo11m_4500_imgsz1600_b1_2024-01-18.pt.jpg
doi.org10.15468dl.6nxkw6.csv,Animalia,Arthropoda,Insecta,Diptera,,,,,,,Diptera,Diptera,Panama_Hoya_1004m_accionSauro_2025-01-26,accionSauro_2025_01_28__02_10_06_HDR0_2_Mothbot_yolo11m_4500_imgsz1600_b1_2024-01-18.pt.jpg,HS,Mothbot_yolo11m_4500_imgsz1600_b1_2024-01-18.pt,0.603015602,,accionSauro,Panama/Hoya_1004m_accionSauro_2025-01-26/2025-01-27/patches/accionSauro_2025_01_28__02_10_06_HDR0_2_Mothbot_yolo11m_4500_imgsz1600_b1_2024-01-18.pt.jpg,ORDER_Hemiptera,28-01-25,2:10:06,,2025_01_28__02_10_06,MachineObservation,Panama_Hoya_1004m_accionSauro_2025-01-26_2025-01-27,Panama_Hoya_1004m_accionSauro_2025-01-26_2025-01-27,accionSauro_2025_01_28__02_10_06_HDR0.jpg,accionSauro_2025_01_28__02_10_06_HDR0_2_Mothbot_yolo11m_4500_imgsz1600_b1_2024-01-18.pt.jpg
doi.org10.15468dl.6nxkw6.csv,Animalia,Arthropoda,Insecta,,,,,,216,,Insecta,Insecta,Panama_Hoya_1004m_accionSauro_2025-01-26,accionSauro_2025_01_28__02_11_06_HDR0_0_Mothbot_yolo11m_4500_imgsz1600_b1_2024-01-18.pt.jpg,HS,Mothbot_yolo11m_4500_imgsz1600_b1_2024-01-18.pt,0.529507637,,accionSauro,Panama/Hoya_1004m_accionSauro_2025-01-26/2025-01-27/patches/accionSauro_2025_01_28__02_11_06_HDR0_0_Mothbot_yolo11m_4500_imgsz1600_b1_2024-01-18.pt.jpg,ORDER_Psocodea,28-01-25,2:11:06,,2025_01_28__02_11_06,MachineObservation,Panama_Hoya_1004m_accionSauro_2025-01-26_2025-01-27,Panama_Hoya_1004m_accionSauro_2025-01-26_2025-01-27,accionSauro_2025_01_28__02_11_06_HDR0.jpg,accionSauro_2025_01_28__02_11_06_HDR0_0_Mothbot_yolo11m_4500_imgsz1600_b1_2024-01-18.pt.jpg
doi.org10.15468dl.6nxkw6.csv,Animalia,Arthropoda,Insecta,Lepidoptera,,,,,797,,Lepidoptera,Lepidoptera,Panama_Hoya_1004m_accionSauro_2025-01-26,accionSauro_2025_01_28__02_11_06_HDR0_1_Mothbot_yolo11m_4500_imgsz1600_b1_2024-01-18.pt.jpg,HS,Mothbot_yolo11m_4500_imgsz1600_b1_2024-01-18.pt,0.409296781,,accionSauro,Panama/Hoya_1004m_accionSauro_2025-01-26/2025-01-27/patches/accionSauro_2025_01_28__02_11_06_HDR0_1_Mothbot_yolo11m_4500_imgsz1600_b1_2024-01-18.pt.jpg,ORDER_Psocodea,28-01-25,2:11:06,,2025_01_28__02_11_06,MachineObservation,Panama_Hoya_1004m_accionSauro_2025-01-26_2025-01-27,Panama_Hoya_1004m_accionSauro_2025-01-26_2025-01-27,accionSauro_2025_01_28__02_11_06_HDR0.jpg,accionSauro_2025_01_28__02_11_06_HDR0_1_Mothbot_yolo11m_4500_imgsz1600_b1_2024-01-18.pt.jpg
doi.org10.15468dl.6nxkw6.csv,Animalia,Arthropoda,Insecta,Hemiptera,Cicadidae,Guyalna,panamensis,,8496325,,Guyalna panamensis,Guyalna panamensis,Panama_Hoya_1004m_accionSauro_2025-01-26,accionSauro_2025_01_28__02_12_06_HDR0_0_Mothbot_yolo11m_4500_imgsz1600_b1_2024-01-18.pt.jpg,HS,Mothbot_yolo11m_4500_imgsz1600_b1_2024-01-18.pt,0.79049021,,accionSauro,Panama/Hoya_1004m_accionSauro_2025-01-26/2025-01-27/patches/accionSauro_2025_01_28__02_12_06_HDR0_0_Mothbot_yolo11m_4500_imgsz1600_b1_2024-01-18.pt.jpg,ORDER_Hemiptera,28-01-25,2:12:06,,2025_01_28__02_12_06,MachineObservation,Panama_Hoya_1004m_accionSauro_2025-01-26_2025-01-27,Panama_Hoya_1004m_accionSauro_2025-01-26_2025-01-27,accionSauro_2025_01_28__02_12_06_HDR0.jpg,accionSauro_2025_01_28__02_12_06_HDR0_0_Mothbot_yolo11m_4500_imgsz1600_b1_2024-01-18.pt.jpg
,Animalia,Arthropoda,Insecta,Diptera,,,,,,,Diptera,Diptera,Panama_Hoya_1004m_accionSauro_2025-01-26,accionSauro_2025_01_28__02_12_06_HDR0_1_Mothbot_yolo11m_4500_imgsz1600_b1_2024-01-18.pt.jpg,HS,Mothbot_yolo11m_4500_imgsz1600_b1_2024-01-18.pt,0.692991674,,accionSauro,Panama/Hoya_1004m_accionSauro_2025-01-26/2025-01-27/patches/accionSauro_2025_01_28__02_12_06_HDR0_1_Mothbot_yolo11m_4500_imgsz1600_b1_2024-01-18.pt.jpg,ORDER_Diptera,28-01-25,2:12:06,,2025_01_28__02_12_06,MachineObservation,Panama_Hoya_1004m_accionSauro_2025-01-26_2025-01-27,Panama_Hoya_1004m_accionSauro_2025-01-26_2025-01-27,accionSauro_2025_01_28__02_12_06_HDR0.jpg,accionSauro_2025_01_28__02_12_06_HDR0_1_Mothbot_yolo11m_4500_imgsz1600_b1_2024-01-18.pt.jpg
,Animalia,Arthropoda,Insecta,Diptera,,,,,,,Diptera,Diptera,Panama_Hoya_1004m_accionSauro_2025-01-26,accionSauro_2025_01_28__02_12_06_HDR0_2_Mothbot_yolo11m_4500_imgsz1600_b1_2024-01-18.pt.jpg,HS,Mothbot_yolo11m_4500_imgsz1600_b1_2024-01-18.pt,0.65549469,,accionSauro,Panama/Hoya_1004m_accionSauro_2025-01-26/2025-01-27/patches/accionSauro_2025_01_28__02_12_06_HDR0_2_Mothbot_yolo11m_4500_imgsz1600_b1_2024-01-18.pt.jpg,ORDER_Diptera,28-01-25,2:12:06,,2025_01_28__02_12_06,MachineObservation,Panama_Hoya_1004m_accionSauro_2025-01-26_2025-01-27,Panama_Hoya_1004m_accionSauro_2025-01-26_2025-01-27,accionSauro_2025_01_28__02_12_06_HDR0.jpg,accionSauro_2025_01_28__02_12_06_HDR0_2_Mothbot_yolo11m_4500_imgsz1600_b1_2024-01-18.pt.jpg
doi.org10.15468dl.6nxkw6.csv,Animalia,Arthropoda,Insecta,,,,,,216,,Insecta,Insecta,Panama_Hoya_1004m_accionSauro_2025-01-26,accionSauro_2025_01_28__02_12_06_HDR0_3_Mothbot_yolo11m_4500_imgsz1600_b1_2024-01-18.pt.jpg,HS,Mothbot_yolo11m_4500_imgsz1600_b1_2024-01-18.pt,0.523376942,,accionSauro,Panama/Hoya_1004m_accionSauro_2025-01-26/2025-01-27/patches/accionSauro_2025_01_28__02_12_06_HDR0_3_Mothbot_yolo11m_4500_imgsz1600_b1_2024-01-18.pt.jpg,ORDER_Psocodea,28-01-25,2:12:06,,2025_01_28__02_12_06,MachineObservation,Panama_Hoya_1004m_accionSauro_2025-01-26_2025-01-27,Panama_Hoya_1004m_accionSauro_2025-01-26_2025-01-27,accionSauro_2025_01_28__02_12_06_HDR0.jpg,accionSauro_2025_01_28__02_12_06_HDR0_3_Mothbot_yolo11m_4500_imgsz1600_b1_2024-01-18.pt.jpg
doi.org10.15468dl.6nxkw6.csv,Animalia,Arthropoda,Insecta,,,,,,216,,Insecta,Insecta,Panama_Hoya_1004m_accionSauro_2025-01-26,accionSauro_2025_01_28__02_12_06_HDR0_4_Mothbot_yolo11m_4500_imgsz1600_b1_2024-01-18.pt.jpg,HS,Mothbot_yolo11m_4500_imgsz1600_b1_2024-01-18.pt,0.512728333,,accionSauro,Panama/Hoya_1004m_accionSauro_2025-01-26/2025-01-27/patches/accionSauro_2025_01_28__02_12_06_HDR0_4_Mothbot_yolo11m_4500_imgsz1600_b1_2024-01-18.pt.jpg,ORDER_Diptera,28-01-25,2:12:06,,2025_01_28__02_12_06,MachineObservation,Panama_Hoya_1004m_accionSauro_2025-01-26_2025-01-27,Panama_Hoya_1004m_accionSauro_2025-01-26_2025-01-27,accionSauro_2025_01_28__02_12_06_HDR0.jpg,accionSauro_2025_01_28__02_12_06_HDR0_4_Mothbot_yolo11m_4500_imgsz1600_b1_2024-01-18.pt.jpg
doi.org10.15468dl.6nxkw6.csv,Animalia,Arthropoda,Insecta,Hemiptera,Cicadidae,Guyalna,panamensis,,8496325,,Guyalna panamensis,Guyalna panamensis,Panama_Hoya_1004m_accionSauro_2025-01-26,accionSauro_2025_01_28__02_12_06_HDR0_5_Mothbot_yolo11m_4500_imgsz1600_b1_2024-01-18.pt.jpg,HS,Mothbot_yolo11m_4500_imgsz1600_b1_2024-01-18.pt,0.504266798,,accionSauro,Panama/Hoya_1004m_accionSauro_2025-01-26/2025-01-27/patches/accionSauro_2025_01_28__02_12_06_HDR0_5_Mothbot_yolo11m_4500_imgsz1600_b1_2024-01-18.pt.jpg,ORDER_Hemiptera,28-01-25,2:12:06,,2025_01_28__02_12_06,MachineObservation,Panama_Hoya_1004m_accionSauro_2025-01-26_2025-01-27,Panama_Hoya_1004m_accionSauro_2025-01-26_2025-01-27,accionSauro_2025_01_28__02_12_06_HDR0.jpg,accionSauro_2025_01_28__02_12_06_HDR0_5_Mothbot_yolo11m_4500_imgsz1600_b1_2024-01-18.pt.jpg
,Animalia,Arthropoda,Insecta,Coleoptera,,,,,,,Coleoptera,Coleoptera,Panama_Hoya_1004m_accionSauro_2025-01-26,accionSauro_2025_01_28__02_13_06_HDR0_0_Mothbot_yolo11m_4500_imgsz1600_b1_2024-01-18.pt.jpg,HS,Mothbot_yolo11m_4500_imgsz1600_b1_2024-01-18.pt,0.729935825,,accionSauro,Panama/Hoya_1004m_accionSauro_2025-01-26/2025-01-27/patches/accionSauro_2025_01_28__02_13_06_HDR0_0_Mothbot_yolo11m_4500_imgsz1600_b1_2024-01-18.pt.jpg,ORDER_Coleoptera,28-01-25,2:13:06,,2025_01_28__02_13_06,MachineObservation,Panama_Hoya_1004m_accionSauro_2025-01-26_2025-01-27,Panama_Hoya_1004m_accionSauro_2025-01-26_2025-01-27,accionSauro_2025_01_28__02_13_06_HDR0.jpg,accionSauro_2025_01_28__02_13_06_HDR0_0_Mothbot_yolo11m_4500_imgsz1600_b1_2024-01-18.pt.jpg
doi.org10.15468dl.6nxkw6.csv,Animalia,Arthropoda,Insecta,,,,,,216,,Insecta,Insecta,Panama_Hoya_1004m_accionSauro_2025-01-26,accionSauro_2025_01_28__02_13_06_HDR0_1_Mothbot_yolo11m_4500_imgsz1600_b1_2024-01-18.pt.jpg,HS,Mothbot_yolo11m_4500_imgsz1600_b1_2024-01-18.pt,0.707380593,,accionSauro,Panama/Hoya_1004m_accionSauro_2025-01-26/2025-01-27/patches/accionSauro_2025_01_28__02_13_06_HDR0_1_Mothbot_yolo11m_4500_imgsz1600_b1_2024-01-18.pt.jpg,ORDER_Coleoptera,28-01-25,2:13:06,,2025_01_28__02_13_06,MachineObservation,Panama_Hoya_1004m_accionSauro_2025-01-26_2025-01-27,Panama_Hoya_1004m_accionSauro_2025-01-26_2025-01-27,accionSauro_2025_01_28__02_13_06_HDR0.jpg,accionSauro_2025_01_28__02_13_06_HDR0_1_Mothbot_yolo11m_4500_imgsz1600_b1_2024-01-18.pt.jpg
,Animalia,Arthropoda,Insecta,Diptera,,,,,,,Diptera,Diptera,Panama_Hoya_1004m_accionSauro_2025-01-26,accionSauro_2025_01_28__02_13_06_HDR0_2_Mothbot_yolo11m_4500_imgsz1600_b1_2024-01-18.pt.jpg,HS,Mothbot_yolo11m_4500_imgsz1600_b1_2024-01-18.pt,0.529237747,,accionSauro,Panama/Hoya_1004m_accionSauro_2025-01-26/2025-01-27/patches/accionSauro_2025_01_28__02_13_06_HDR0_2_Mothbot_yolo11m_4500_imgsz1600_b1_2024-01-18.pt.jpg,ORDER_Diptera,28-01-25,2:13:06,,2025_01_28__02_13_06,MachineObservation,Panama_Hoya_1004m_accionSauro_2025-01-26_2025-01-27,Panama_Hoya_1004m_accionSauro_2025-01-26_2025-01-27,accionSauro_2025_01_28__02_13_06_HDR0.jpg,accionSauro_2025_01_28__02_13_06_HDR0_2_Mothbot_yolo11m_4500_imgsz1600_b1_2024-01-18.pt.jpg
doi.org10.15468dl.6nxkw6.csv,Animalia,Arthropoda,Insecta,,,,,,216,,Insecta,Insecta,Panama_Hoya_1004m_accionSauro_2025-01-26,accionSauro_2025_01_28__02_13_06_HDR0_3_Mothbot_yolo11m_4500_imgsz1600_b1_2024-01-18.pt.jpg,HS,Mothbot_yolo11m_4500_imgsz1600_b1_2024-01-18.pt,0.497505784,,accionSauro,Panama/Hoya_1004m_accionSauro_2025-01-26/2025-01-27/patches/accionSauro_2025_01_28__02_13_06_HDR0_3_Mothbot_yolo11m_4500_imgsz1600_b1_2024-01-18.pt.jpg,ORDER_Diptera,28-01-25,2:13:06,,2025_01_28__02_13_06,MachineObservation,Panama_Hoya_1004m_accionSauro_2025-01-26_2025-01-27,Panama_Hoya_1004m_accionSauro_2025-01-26_2025-01-27,accionSauro_2025_01_28__02_13_06_HDR0.jpg,accionSauro_2025_01_28__02_13_06_HDR0_3_Mothbot_yolo11m_4500_imgsz1600_b1_2024-01-18.pt.jpg
doi.org10.15468dl.6nxkw6.csv,Animalia,Arthropoda,Insecta,Diptera,,,,,,,Diptera,Diptera,Panama_Hoya_1004m_accionSauro_2025-01-26,accionSauro_2025_01_28__02_14_06_HDR0_0_Mothbot_yolo11m_4500_imgsz1600_b1_2024-01-18.pt.jpg,HS,Mothbot_yolo11m_4500_imgsz1600_b1_2024-01-18.pt,0.582258165,,accionSauro,Panama/Hoya_1004m_accionSauro_2025-01-26/2025-01-27/patches/accionSauro_2025_01_28__02_14_06_HDR0_0_Mothbot_yolo11m_4500_imgsz1600_b1_2024-01-18.pt.jpg,ORDER_Hemiptera,28-01-25,2:14:06,,2025_01_28__02_14_06,MachineObservation,Panama_Hoya_1004m_accionSauro_2025-01-26_2025-01-27,Panama_Hoya_1004m_accionSauro_2025-01-26_2025-01-27,accionSauro_2025_01_28__02_14_06_HDR0.jpg,accionSauro_2025_01_28__02_14_06_HDR0_0_Mothbot_yolo11m_4500_imgsz1600_b1_2024-01-18.pt.jpg
doi.org10.15468dl.6nxkw6.csv,Animalia,Arthropoda,Insecta,,,,,,216,,Insecta,Insecta,Panama_Hoya_1004m_accionSauro_2025-01-26,accionSauro_2025_01_28__02_14_06_HDR0_1_Mothbot_yolo11m_4500_imgsz1600_b1_2024-01-18.pt.jpg,HS,Mothbot_yolo11m_4500_imgsz1600_b1_2024-01-18.pt,0.543785632,,accionSauro,Panama/Hoya_1004m_accionSauro_2025-01-26/2025-01-27/patches/accionSauro_2025_01_28__02_14_06_HDR0_1_Mothbot_yolo11m_4500_imgsz1600_b1_2024-01-18.pt.jpg,ORDER_Psocodea,28-01-25,2:14:06,,2025_01_28__02_14_06,MachineObservation,Panama_Hoya_1004m_accionSauro_2025-01-26_2025-01-27,Panama_Hoya_1004m_accionSauro_2025-01-26_2025-01-27,accionSauro_2025_01_28__02_14_06_HDR0.jpg,accionSauro_2025_01_28__02_14_06_HDR0_1_Mothbot_yolo11m_4500_imgsz1600_b1_2024-01-18.pt.jpg
doi.org10.15468dl.6nxkw6.csv,Animalia,Arthropoda,Insecta,Hemiptera,Cicadidae,Guyalna,panamensis,,8496325,,Guyalna panamensis,Guyalna panamensis,Panama_Hoya_1004m_accionSauro_2025-01-26,accionSauro_2025_01_28__02_15_22_HDR0_0_Mothbot_yolo11m_4500_imgsz1600_b1_2024-01-18.pt.jpg,HS,Mothbot_yolo11m_4500_imgsz1600_b1_2024-01-18.pt,0.846015036,,accionSauro,Panama/Hoya_1004m_accionSauro_2025-01-26/2025-01-27/patches/accionSauro_2025_01_28__02_15_22_HDR0_0_Mothbot_yolo11m_4500_imgsz1600_b1_2024-01-18.pt.jpg,ORDER_Hemiptera,28-01-25,2:15:22,,2025_01_28__02_15_22,MachineObservation,Panama_Hoya_1004m_accionSauro_2025-01-26_2025-01-27,Panama_Hoya_1004m_accionSauro_2025-01-26_2025-01-27,accionSauro_2025_01_28__02_15_22_HDR0.jpg,accionSauro_2025_01_28__02_15_22_HDR0_0_Mothbot_yolo11m_4500_imgsz1600_b1_2024-01-18.pt.jpg
,Animalia,Arthropoda,Insecta,Diptera,,,,,,,Diptera,Diptera,Panama_Hoya_1004m_accionSauro_2025-01-26,accionSauro_2025_01_28__02_15_22_HDR0_1_Mothbot_yolo11m_4500_imgsz1600_b1_2024-01-18.pt.jpg,HS,Mothbot_yolo11m_4500_imgsz1600_b1_2024-01-18.pt,0.733417511,,accionSauro,Panama/Hoya_1004m_accionSauro_2025-01-26/2025-01-27/patches/accionSauro_2025_01_28__02_15_22_HDR0_1_Mothbot_yolo11m_4500_imgsz1600_b1_2024-01-18.pt.jpg,ORDER_Diptera,28-01-25,2:15:22,,2025_01_28__02_15_22,MachineObservation,Panama_Hoya_1004m_accionSauro_2025-01-26_2025-01-27,Panama_Hoya_1004m_accionSauro_2025-01-26_2025-01-27,accionSauro_2025_01_28__02_15_22_HDR0.jpg,accionSauro_2025_01_28__02_15_22_HDR0_1_Mothbot_yolo11m_4500_imgsz1600_b1_2024-01-18.pt.jpg
doi.org10.15468dl.6nxkw6.csv,Animalia,Arthropoda,Insecta,Hemiptera,,,,,809,,Hemiptera,Hemiptera,Panama_Hoya_1004m_accionSauro_2025-01-26,accionSauro_2025_01_28__02_15_22_HDR0_2_Mothbot_yolo11m_4500_imgsz1600_b1_2024-01-18.pt.jpg,HS,Mothbot_yolo11m_4500_imgsz1600_b1_2024-01-18.pt,0.730217397,,accionSauro,Panama/Hoya_1004m_accionSauro_2025-01-26/2025-01-27/patches/accionSauro_2025_01_28__02_15_22_HDR0_2_Mothbot_yolo11m_4500_imgsz1600_b1_2024-01-18.pt.jpg,ORDER_Hymenoptera,28-01-25,2:15:22,,2025_01_28__02_15_22,MachineObservation,Panama_Hoya_1004m_accionSauro_2025-01-26_2025-01-27,Panama_Hoya_1004m_accionSauro_2025-01-26_2025-01-27,accionSauro_2025_01_28__02_15_22_HDR0.jpg,accionSauro_2025_01_28__02_15_22_HDR0_2_Mothbot_yolo11m_4500_imgsz1600_b1_2024-01-18.pt.jpg
,Animalia,Arthropoda,Insecta,Hymenoptera,,,,,,,Hymenoptera,Hymenoptera,Panama_Hoya_1004m_accionSauro_2025-01-26,accionSauro_2025_01_28__02_15_22_HDR0_3_Mothbot_yolo11m_4500_imgsz1600_b1_2024-01-18.pt.jpg,HS,Mothbot_yolo11m_4500_imgsz1600_b1_2024-01-18.pt,0.600673616,,accionSauro,Panama/Hoya_1004m_accionSauro_2025-01-26/2025-01-27/patches/accionSauro_2025_01_28__02_15_22_HDR0_3_Mothbot_yolo11m_4500_imgsz1600_b1_2024-01-18.pt.jpg,ORDER_Hymenoptera,28-01-25,2:15:22,,2025_01_28__02_15_22,MachineObservation,Panama_Hoya_1004m_accionSauro_2025-01-26_2025-01-27,Panama_Hoya_1004m_accionSauro_2025-01-26_2025-01-27,accionSauro_2025_01_28__02_15_22_HDR0.jpg,accionSauro_2025_01_28__02_15_22_HDR0_3_Mothbot_yolo11m_4500_imgsz1600_b1_2024-01-18.pt.jpg
doi.org10.15468dl.6nxkw6.csv,Animalia,Arthropoda,Insecta,Hemiptera,Cicadidae,Guyalna,panamensis,,8496325,,Guyalna panamensis,Guyalna panamensis,Panama_Hoya_1004m_accionSauro_2025-01-26,accionSauro_2025_01_28__02_15_22_HDR0_4_Mothbot_yolo11m_4500_imgsz1600_b1_2024-01-18.pt.jpg,HS,Mothbot_yolo11m_4500_imgsz1600_b1_2024-01-18.pt,0.474979699,,accionSauro,Panama/Hoya_1004m_accionSauro_2025-01-26/2025-01-27/patches/accionSauro_2025_01_28__02_15_22_HDR0_4_Mothbot_yolo11m_4500_imgsz1600_b1_2024-01-18.pt.jpg,ORDER_Hemiptera,28-01-25,2:15:22,,2025_01_28__02_15_22,MachineObservation,Panama_Hoya_1004m_accionSauro_2025-01-26_2025-01-27,Panama_Hoya_1004m_accionSauro_2025-01-26_2025-01-27,accionSauro_2025_01_28__02_15_22_HDR0.jpg,accionSauro_2025_01_28__02_15_22_HDR0_4_Mothbot_yolo11m_4500_imgsz1600_b1_2024-01-18.pt.jpg
,Animalia,Arthropoda,Insecta,Hymenoptera,,,,,,,Hymenoptera,Hymenoptera,Panama_Hoya_1004m_accionSauro_2025-01-26,accionSauro_2025_01_28__02_15_22_HDR0_5_Mothbot_yolo11m_4500_imgsz1600_b1_2024-01-18.pt.jpg,HS,Mothbot_yolo11m_4500_imgsz1600_b1_2024-01-18.pt,0.355011076,,accionSauro,Panama/Hoya_1004m_accionSauro_2025-01-26/2025-01-27/patches/accionSauro_2025_01_28__02_15_22_HDR0_5_Mothbot_yolo11m_4500_imgsz1600_b1_2024-01-18.pt.jpg,ORDER_Hymenoptera,28-01-25,2:15:22,,2025_01_28__02_15_22,MachineObservation,Panama_Hoya_1004m_accionSauro_2025-01-26_2025-01-27,Panama_Hoya_1004m_accionSauro_2025-01-26_2025-01-27,accionSauro_2025_01_28__02_15_22_HDR0.jpg,accionSauro_2025_01_28__02_15_22_HDR0_5_Mothbot_yolo11m_4500_imgsz1600_b1_2024-01-18.pt.jpg
doi.org10.15468dl.6nxkw6.csv,Animalia,Arthropoda,Insecta,Hemiptera,Cicadidae,Guyalna,panamensis,,8496325,,Guyalna panamensis,Guyalna panamensis,Panama_Hoya_1004m_accionSauro_2025-01-26,accionSauro_2025_01_28__02_16_06_HDR0_0_Mothbot_yolo11m_4500_imgsz1600_b1_2024-01-18.pt.jpg,HS,Mothbot_yolo11m_4500_imgsz1600_b1_2024-01-18.pt,0.851715565,,accionSauro,Panama/Hoya_1004m_accionSauro_2025-01-26/2025-01-27/patches/accionSauro_2025_01_28__02_16_06_HDR0_0_Mothbot_yolo11m_4500_imgsz1600_b1_2024-01-18.pt.jpg,ORDER_Hemiptera,28-01-25,2:16:06,,2025_01_28__02_16_06,MachineObservation,Panama_Hoya_1004m_accionSauro_2025-01-26_2025-01-27,Panama_Hoya_1004m_accionSauro_2025-01-26_2025-01-27,accionSauro_2025_01_28__02_16_06_HDR0.jpg,accionSauro_2025_01_28__02_16_06_HDR0_0_Mothbot_yolo11m_4500_imgsz1600_b1_2024-01-18.pt.jpg
doi.org10.15468dl.6nxkw6.csv,Animalia,Arthropoda,Insecta,Coleoptera,,,,,1470,,Coleoptera,Coleoptera,Panama_Hoya_1004m_accionSauro_2025-01-26,accionSauro_2025_01_28__02_16_06_HDR0_1_Mothbot_yolo11m_4500_imgsz1600_b1_2024-01-18.pt.jpg,HS,Mothbot_yolo11m_4500_imgsz1600_b1_2024-01-18.pt,0.806927085,,accionSauro,Panama/Hoya_1004m_accionSauro_2025-01-26/2025-01-27/patches/accionSauro_2025_01_28__02_16_06_HDR0_1_Mothbot_yolo11m_4500_imgsz1600_b1_2024-01-18.pt.jpg,ORDER_Diptera,28-01-25,2:16:06,,2025_01_28__02_16_06,MachineObservation,Panama_Hoya_1004m_accionSauro_2025-01-26_2025-01-27,Panama_Hoya_1004m_accionSauro_2025-01-26_2025-01-27,accionSauro_2025_01_28__02_16_06_HDR0.jpg,accionSauro_2025_01_28__02_16_06_HDR0_1_Mothbot_yolo11m_4500_imgsz1600_b1_2024-01-18.pt.jpg
doi.org10.15468dl.6nxkw6.csv,Animalia,Arthropoda,Insecta,Hemiptera,,,,,809,,Hemiptera,Hemiptera,Panama_Hoya_1004m_accionSauro_2025-01-26,accionSauro_2025_01_28__02_16_06_HDR0_2_Mothbot_yolo11m_4500_imgsz1600_b1_2024-01-18.pt.jpg,HS,Mothbot_yolo11m_4500_imgsz1600_b1_2024-01-18.pt,0.77648592,,accionSauro,Panama/Hoya_1004m_accionSauro_2025-01-26/2025-01-27/patches/accionSauro_2025_01_28__02_16_06_HDR0_2_Mothbot_yolo11m_4500_imgsz1600_b1_2024-01-18.pt.jpg,ORDER_Diptera,28-01-25,2:16:06,,2025_01_28__02_16_06,MachineObservation,Panama_Hoya_1004m_accionSauro_2025-01-26_2025-01-27,Panama_Hoya_1004m_accionSauro_2025-01-26_2025-01-27,accionSauro_2025_01_28__02_16_06_HDR0.jpg,accionSauro_2025_01_28__02_16_06_HDR0_2_Mothbot_yolo11m_4500_imgsz1600_b1_2024-01-18.pt.jpg
doi.org10.15468dl.6nxkw6.csv,Animalia,Arthropoda,Insecta,Hemiptera,,,,,809,,Hemiptera,Hemiptera,Panama_Hoya_1004m_accionSauro_2025-01-26,accionSauro_2025_01_28__02_16_06_HDR0_3_Mothbot_yolo11m_4500_imgsz1600_b1_2024-01-18.pt.jpg,HS,Mothbot_yolo11m_4500_imgsz1600_b1_2024-01-18.pt,0.749766648,,accionSauro,Panama/Hoya_1004m_accionSauro_2025-01-26/2025-01-27/patches/accionSauro_2025_01_28__02_16_06_HDR0_3_Mothbot_yolo11m_4500_imgsz1600_b1_2024-01-18.pt.jpg,ORDER_Coleoptera,28-01-25,2:16:06,,2025_01_28__02_16_06,MachineObservation,Panama_Hoya_1004m_accionSauro_2025-01-26_2025-01-27,Panama_Hoya_1004m_accionSauro_2025-01-26_2025-01-27,accionSauro_2025_01_28__02_16_06_HDR0.jpg,accionSauro_2025_01_28__02_16_06_HDR0_3_Mothbot_yolo11m_4500_imgsz1600_b1_2024-01-18.pt.jpg
doi.org10.15468dl.6nxkw6.csv,Animalia,Arthropoda,Insecta,Hemiptera,Cicadidae,Guyalna,panamensis,,8496325,,Guyalna panamensis,Guyalna panamensis,Panama_Hoya_1004m_accionSauro_2025-01-26,accionSauro_2025_01_28__02_16_06_HDR0_4_Mothbot_yolo11m_4500_imgsz1600_b1_2024-01-18.pt.jpg,HS,Mothbot_yolo11m_4500_imgsz1600_b1_2024-01-18.pt,0.443875372,,accionSauro,Panama/Hoya_1004m_accionSauro_2025-01-26/2025-01-27/patches/accionSauro_2025_01_28__02_16_06_HDR0_4_Mothbot_yolo11m_4500_imgsz1600_b1_2024-01-18.pt.jpg,ORDER_Hemiptera,28-01-25,2:16:06,,2025_01_28__02_16_06,MachineObservation,Panama_Hoya_1004m_accionSauro_2025-01-26_2025-01-27,Panama_Hoya_1004m_accionSauro_2025-01-26_2025-01-27,accionSauro_2025_01_28__02_16_06_HDR0.jpg,accionSauro_2025_01_28__02_16_06_HDR0_4_Mothbot_yolo11m_4500_imgsz1600_b1_2024-01-18.pt.jpg
doi.org10.15468dl.6nxkw6.csv,Animalia,Arthropoda,Insecta,Hemiptera,Cicadidae,Guyalna,panamensis,,8496325,,Guyalna panamensis,Guyalna panamensis,Panama_Hoya_1004m_accionSauro_2025-01-26,accionSauro_2025_01_28__02_17_06_HDR0_0_Mothbot_yolo11m_4500_imgsz1600_b1_2024-01-18.pt.jpg,HS,Mothbot_yolo11m_4500_imgsz1600_b1_2024-01-18.pt,0.829238594,,accionSauro,Panama/Hoya_1004m_accionSauro_2025-01-26/2025-01-27/patches/accionSauro_2025_01_28__02_17_06_HDR0_0_Mothbot_yolo11m_4500_imgsz1600_b1_2024-01-18.pt.jpg,ORDER_Hemiptera,28-01-25,2:17:06,,2025_01_28__02_17_06,MachineObservation,Panama_Hoya_1004m_accionSauro_2025-01-26_2025-01-27,Panama_Hoya_1004m_accionSauro_2025-01-26_2025-01-27,accionSauro_2025_01_28__02_17_06_HDR0.jpg,accionSauro_2025_01_28__02_17_06_HDR0_0_Mothbot_yolo11m_4500_imgsz1600_b1_2024-01-18.pt.jpg
doi.org10.15468dl.6nxkw6.csv,Animalia,Arthropoda,Insecta,Hemiptera,,,,,809,,Hemiptera,Hemiptera,Panama_Hoya_1004m_accionSauro_2025-01-26,accionSauro_2025_01_28__02_17_06_HDR0_1_Mothbot_yolo11m_4500_imgsz1600_b1_2024-01-18.pt.jpg,HS,Mothbot_yolo11m_4500_imgsz1600_b1_2024-01-18.pt,0.773186266,,accionSauro,Panama/Hoya_1004m_accionSauro_2025-01-26/2025-01-27/patches/accionSauro_2025_01_28__02_17_06_HDR0_1_Mothbot_yolo11m_4500_imgsz1600_b1_2024-01-18.pt.jpg,ORDER_Psocodea,28-01-25,2:17:06,,2025_01_28__02_17_06,MachineObservation,Panama_Hoya_1004m_accionSauro_2025-01-26_2025-01-27,Panama_Hoya_1004m_accionSauro_2025-01-26_2025-01-27,accionSauro_2025_01_28__02_17_06_HDR0.jpg,accionSauro_2025_01_28__02_17_06_HDR0_1_Mothbot_yolo11m_4500_imgsz1600_b1_2024-01-18.pt.jpg
,Animalia,Arthropoda,Insecta,Lepidoptera,,,,,,,Lepidoptera,Lepidoptera,Panama_Hoya_1004m_accionSauro_2025-01-26,accionSauro_2025_01_28__02_17_06_HDR0_2_Mothbot_yolo11m_4500_imgsz1600_b1_2024-01-18.pt.jpg,HS,Mothbot_yolo11m_4500_imgsz1600_b1_2024-01-18.pt,0.735327303,,accionSauro,Panama/Hoya_1004m_accionSauro_2025-01-26/2025-01-27/patches/accionSauro_2025_01_28__02_17_06_HDR0_2_Mothbot_yolo11m_4500_imgsz1600_b1_2024-01-18.pt.jpg,ORDER_Lepidoptera,28-01-25,2:17:06,,2025_01_28__02_17_06,MachineObservation,Panama_Hoya_1004m_accionSauro_2025-01-26_2025-01-27,Panama_Hoya_1004m_accionSauro_2025-01-26_2025-01-27,accionSauro_2025_01_28__02_17_06_HDR0.jpg,accionSauro_2025_01_28__02_17_06_HDR0_2_Mothbot_yolo11m_4500_imgsz1600_b1_2024-01-18.pt.jpg
doi.org10.15468dl.6nxkw6.csv,Animalia,Arthropoda,Insecta,Coleoptera,,,,,1470,,Coleoptera,Coleoptera,Panama_Hoya_1004m_accionSauro_2025-01-26,accionSauro_2025_01_28__02_17_06_HDR0_3_Mothbot_yolo11m_4500_imgsz1600_b1_2024-01-18.pt.jpg,HS,Mothbot_yolo11m_4500_imgsz1600_b1_2024-01-18.pt,0.715618908,,accionSauro,Panama/Hoya_1004m_accionSauro_2025-01-26/2025-01-27/patches/accionSauro_2025_01_28__02_17_06_HDR0_3_Mothbot_yolo11m_4500_imgsz1600_b1_2024-01-18.pt.jpg,ORDER_Diptera,28-01-25,2:17:06,,2025_01_28__02_17_06,MachineObservation,Panama_Hoya_1004m_accionSauro_2025-01-26_2025-01-27,Panama_Hoya_1004m_accionSauro_2025-01-26_2025-01-27,accionSauro_2025_01_28__02_17_06_HDR0.jpg,accionSauro_2025_01_28__02_17_06_HDR0_3_Mothbot_yolo11m_4500_imgsz1600_b1_2024-01-18.pt.jpg
,Animalia,Arthropoda,Insecta,Hemiptera,,,,,,,Hemiptera,Hemiptera,Panama_Hoya_1004m_accionSauro_2025-01-26,accionSauro_2025_01_28__02_17_06_HDR0_4_Mothbot_yolo11m_4500_imgsz1600_b1_2024-01-18.pt.jpg,HS,Mothbot_yolo11m_4500_imgsz1600_b1_2024-01-18.pt,0.69940722,,accionSauro,Panama/Hoya_1004m_accionSauro_2025-01-26/2025-01-27/patches/accionSauro_2025_01_28__02_17_06_HDR0_4_Mothbot_yolo11m_4500_imgsz1600_b1_2024-01-18.pt.jpg,ORDER_Hemiptera,28-01-25,2:17:06,,2025_01_28__02_17_06,MachineObservation,Panama_Hoya_1004m_accionSauro_2025-01-26_2025-01-27,Panama_Hoya_1004m_accionSauro_2025-01-26_2025-01-27,accionSauro_2025_01_28__02_17_06_HDR0.jpg,accionSauro_2025_01_28__02_17_06_HDR0_4_Mothbot_yolo11m_4500_imgsz1600_b1_2024-01-18.pt.jpg
,Animalia,Arthropoda,Insecta,Diptera,,,,,,,Diptera,Diptera,Panama_Hoya_1004m_accionSauro_2025-01-26,accionSauro_2025_01_28__02_17_06_HDR0_5_Mothbot_yolo11m_4500_imgsz1600_b1_2024-01-18.pt.jpg,HS,Mothbot_yolo11m_4500_imgsz1600_b1_2024-01-18.pt,0.329584509,,accionSauro,Panama/Hoya_1004m_accionSauro_2025-01-26/2025-01-27/patches/accionSauro_2025_01_28__02_17_06_HDR0_5_Mothbot_yolo11m_4500_imgsz1600_b1_2024-01-18.pt.jpg,ORDER_Diptera,28-01-25,2:17:06,,2025_01_28__02_17_06,MachineObservation,Panama_Hoya_1004m_accionSauro_2025-01-26_2025-01-27,Panama_Hoya_1004m_accionSauro_2025-01-26_2025-01-27,accionSauro_2025_01_28__02_17_06_HDR0.jpg,accionSauro_2025_01_28__02_17_06_HDR0_5_Mothbot_yolo11m_4500_imgsz1600_b1_2024-01-18.pt.jpg
doi.org10.15468dl.6nxkw6.csv,Animalia,Arthropoda,Insecta,Hemiptera,Cicadidae,Guyalna,panamensis,,8496325,,Guyalna panamensis,Guyalna panamensis,Panama_Hoya_1004m_accionSauro_2025-01-26,accionSauro_2025_01_28__02_17_06_HDR0_6_Mothbot_yolo11m_4500_imgsz1600_b1_2024-01-18.pt.jpg,HS,Mothbot_yolo11m_4500_imgsz1600_b1_2024-01-18.pt,0.276033252,,accionSauro,Panama/Hoya_1004m_accionSauro_2025-01-26/2025-01-27/patches/accionSauro_2025_01_28__02_17_06_HDR0_6_Mothbot_yolo11m_4500_imgsz1600_b1_2024-01-18.pt.jpg,ORDER_Hemiptera,28-01-25,2:17:06,,2025_01_28__02_17_06,MachineObservation,Panama_Hoya_1004m_accionSauro_2025-01-26_2025-01-27,Panama_Hoya_1004m_accionSauro_2025-01-26_2025-01-27,accionSauro_2025_01_28__02_17_06_HDR0.jpg,accionSauro_2025_01_28__02_17_06_HDR0_6_Mothbot_yolo11m_4500_imgsz1600_b1_2024-01-18.pt.jpg
,Animalia,Arthropoda,Insecta,Diptera,,,,,,,Diptera,Diptera,Panama_Hoya_1004m_accionSauro_2025-01-26,accionSauro_2025_01_28__02_17_06_HDR0_7_Mothbot_yolo11m_4500_imgsz1600_b1_2024-01-18.pt.jpg,HS,Mothbot_yolo11m_4500_imgsz1600_b1_2024-01-18.pt,0.269620746,,accionSauro,Panama/Hoya_1004m_accionSauro_2025-01-26/2025-01-27/patches/accionSauro_2025_01_28__02_17_06_HDR0_7_Mothbot_yolo11m_4500_imgsz1600_b1_2024-01-18.pt.jpg,ORDER_Diptera,28-01-25,2:17:06,,2025_01_28__02_17_06,MachineObservation,Panama_Hoya_1004m_accionSauro_2025-01-26_2025-01-27,Panama_Hoya_1004m_accionSauro_2025-01-26_2025-01-27,accionSauro_2025_01_28__02_17_06_HDR0.jpg,accionSauro_2025_01_28__02_17_06_HDR0_7_Mothbot_yolo11m_4500_imgsz1600_b1_2024-01-18.pt.jpg
doi.org10.15468dl.6nxkw6.csv,Animalia,Arthropoda,Insecta,Hemiptera,Cicadidae,Guyalna,panamensis,,8496325,,Guyalna panamensis,Guyalna panamensis,Panama_Hoya_1004m_accionSauro_2025-01-26,accionSauro_2025_01_28__02_18_06_HDR0_0_Mothbot_yolo11m_4500_imgsz1600_b1_2024-01-18.pt.jpg,HS,Mothbot_yolo11m_4500_imgsz1600_b1_2024-01-18.pt,0.781415224,,accionSauro,Panama/Hoya_1004m_accionSauro_2025-01-26/2025-01-27/patches/accionSauro_2025_01_28__02_18_06_HDR0_0_Mothbot_yolo11m_4500_imgsz1600_b1_2024-01-18.pt.jpg,ORDER_Hemiptera,28-01-25,2:18:06,,2025_01_28__02_18_06,MachineObservation,Panama_Hoya_1004m_accionSauro_2025-01-26_2025-01-27,Panama_Hoya_1004m_accionSauro_2025-01-26_2025-01-27,accionSauro_2025_01_28__02_18_06_HDR0.jpg,accionSauro_2025_01_28__02_18_06_HDR0_0_Mothbot_yolo11m_4500_imgsz1600_b1_2024-01-18.pt.jpg
doi.org10.15468dl.6nxkw6.csv,Animalia,Arthropoda,Insecta,Coleoptera,,,,,1470,,Coleoptera,Coleoptera,Panama_Hoya_1004m_accionSauro_2025-01-26,accionSauro_2025_01_28__02_18_06_HDR0_1_Mothbot_yolo11m_4500_imgsz1600_b1_2024-01-18.pt.jpg,HS,Mothbot_yolo11m_4500_imgsz1600_b1_2024-01-18.pt,0.726746202,,accionSauro,Panama/Hoya_1004m_accionSauro_2025-01-26/2025-01-27/patches/accionSauro_2025_01_28__02_18_06_HDR0_1_Mothbot_yolo11m_4500_imgsz1600_b1_2024-01-18.pt.jpg,ORDER_Diptera,28-01-25,2:18:06,,2025_01_28__02_18_06,MachineObservation,Panama_Hoya_1004m_accionSauro_2025-01-26_2025-01-27,Panama_Hoya_1004m_accionSauro_2025-01-26_2025-01-27,accionSauro_2025_01_28__02_18_06_HDR0.jpg,accionSauro_2025_01_28__02_18_06_HDR0_1_Mothbot_yolo11m_4500_imgsz1600_b1_2024-01-18.pt.jpg
doi.org10.15468dl.6nxkw6.csv,Animalia,Arthropoda,Insecta,Hemiptera,,,,,809,,Hemiptera,Hemiptera,Panama_Hoya_1004m_accionSauro_2025-01-26,accionSauro_2025_01_28__02_18_06_HDR0_2_Mothbot_yolo11m_4500_imgsz1600_b1_2024-01-18.pt.jpg,HS,Mothbot_yolo11m_4500_imgsz1600_b1_2024-01-18.pt,0.656428874,,accionSauro,Panama/Hoya_1004m_accionSauro_2025-01-26/2025-01-27/patches/accionSauro_2025_01_28__02_18_06_HDR0_2_Mothbot_yolo11m_4500_imgsz1600_b1_2024-01-18.pt.jpg,ORDER_Hymenoptera,28-01-25,2:18:06,,2025_01_28__02_18_06,MachineObservation,Panama_Hoya_1004m_accionSauro_2025-01-26_2025-01-27,Panama_Hoya_1004m_accionSauro_2025-01-26_2025-01-27,accionSauro_2025_01_28__02_18_06_HDR0.jpg,accionSauro_2025_01_28__02_18_06_HDR0_2_Mothbot_yolo11m_4500_imgsz1600_b1_2024-01-18.pt.jpg
,Animalia,Arthropoda,Insecta,Hymenoptera,,,,,,,Hymenoptera,Hymenoptera,Panama_Hoya_1004m_accionSauro_2025-01-26,accionSauro_2025_01_28__02_18_06_HDR0_3_Mothbot_yolo11m_4500_imgsz1600_b1_2024-01-18.pt.jpg,HS,Mothbot_yolo11m_4500_imgsz1600_b1_2024-01-18.pt,0.377095014,,accionSauro,Panama/Hoya_1004m_accionSauro_2025-01-26/2025-01-27/patches/accionSauro_2025_01_28__02_18_06_HDR0_3_Mothbot_yolo11m_4500_imgsz1600_b1_2024-01-18.pt.jpg,ORDER_Hymenoptera,28-01-25,2:18:06,,2025_01_28__02_18_06,MachineObservation,Panama_Hoya_1004m_accionSauro_2025-01-26_2025-01-27,Panama_Hoya_1004m_accionSauro_2025-01-26_2025-01-27,accionSauro_2025_01_28__02_18_06_HDR0.jpg,accionSauro_2025_01_28__02_18_06_HDR0_3_Mothbot_yolo11m_4500_imgsz1600_b1_2024-01-18.pt.jpg
doi.org10.15468dl.6nxkw6.csv,Animalia,Arthropoda,Insecta,Hemiptera,Cicadidae,Guyalna,panamensis,,8496325,,Guyalna panamensis,Guyalna panamensis,Panama_Hoya_1004m_accionSauro_2025-01-26,accionSauro_2025_01_28__02_19_06_HDR0_0_Mothbot_yolo11m_4500_imgsz1600_b1_2024-01-18.pt.jpg,HS,Mothbot_yolo11m_4500_imgsz1600_b1_2024-01-18.pt,0.82013458,,accionSauro,Panama/Hoya_1004m_accionSauro_2025-01-26/2025-01-27/patches/accionSauro_2025_01_28__02_19_06_HDR0_0_Mothbot_yolo11m_4500_imgsz1600_b1_2024-01-18.pt.jpg,ORDER_Hemiptera,28-01-25,2:19:06,,2025_01_28__02_19_06,MachineObservation,Panama_Hoya_1004m_accionSauro_2025-01-26_2025-01-27,Panama_Hoya_1004m_accionSauro_2025-01-26_2025-01-27,accionSauro_2025_01_28__02_19_06_HDR0.jpg,accionSauro_2025_01_28__02_19_06_HDR0_0_Mothbot_yolo11m_4500_imgsz1600_b1_2024-01-18.pt.jpg
doi.org10.15468dl.6nxkw6.csv,Animalia,Arthropoda,Insecta,Coleoptera,,,,,1470,,Coleoptera,Coleoptera,Panama_Hoya_1004m_accionSauro_2025-01-26,accionSauro_2025_01_28__02_19_06_HDR0_1_Mothbot_yolo11m_4500_imgsz1600_b1_2024-01-18.pt.jpg,HS,Mothbot_yolo11m_4500_imgsz1600_b1_2024-01-18.pt,0.781834483,,accionSauro,Panama/Hoya_1004m_accionSauro_2025-01-26/2025-01-27/patches/accionSauro_2025_01_28__02_19_06_HDR0_1_Mothbot_yolo11m_4500_imgsz1600_b1_2024-01-18.pt.jpg,ORDER_Diptera,28-01-25,2:19:06,,2025_01_28__02_19_06,MachineObservation,Panama_Hoya_1004m_accionSauro_2025-01-26_2025-01-27,Panama_Hoya_1004m_accionSauro_2025-01-26_2025-01-27,accionSauro_2025_01_28__02_19_06_HDR0.jpg,accionSauro_2025_01_28__02_19_06_HDR0_1_Mothbot_yolo11m_4500_imgsz1600_b1_2024-01-18.pt.jpg
,Animalia,Arthropoda,Insecta,Hemiptera,,,,,,,Hemiptera,Hemiptera,Panama_Hoya_1004m_accionSauro_2025-01-26,accionSauro_2025_01_28__02_19_06_HDR0_2_Mothbot_yolo11m_4500_imgsz1600_b1_2024-01-18.pt.jpg,HS,Mothbot_yolo11m_4500_imgsz1600_b1_2024-01-18.pt,0.683937371,,accionSauro,Panama/Hoya_1004m_accionSauro_2025-01-26/2025-01-27/patches/accionSauro_2025_01_28__02_19_06_HDR0_2_Mothbot_yolo11m_4500_imgsz1600_b1_2024-01-18.pt.jpg,ORDER_Hemiptera,28-01-25,2:19:06,,2025_01_28__02_19_06,MachineObservation,Panama_Hoya_1004m_accionSauro_2025-01-26_2025-01-27,Panama_Hoya_1004m_accionSauro_2025-01-26_2025-01-27,accionSauro_2025_01_28__02_19_06_HDR0.jpg,accionSauro_2025_01_28__02_19_06_HDR0_2_Mothbot_yolo11m_4500_imgsz1600_b1_2024-01-18.pt.jpg
,Animalia,Arthropoda,Insecta,Diptera,,,,,,,Diptera,Diptera,Panama_Hoya_1004m_accionSauro_2025-01-26,accionSauro_2025_01_28__02_19_06_HDR0_3_Mothbot_yolo11m_4500_imgsz1600_b1_2024-01-18.pt.jpg,HS,Mothbot_yolo11m_4500_imgsz1600_b1_2024-01-18.pt,0.659056783,,accionSauro,Panama/Hoya_1004m_accionSauro_2025-01-26/2025-01-27/patches/accionSauro_2025_01_28__02_19_06_HDR0_3_Mothbot_yolo11m_4500_imgsz1600_b1_2024-01-18.pt.jpg,ORDER_Diptera,28-01-25,2:19:06,,2025_01_28__02_19_06,MachineObservation,Panama_Hoya_1004m_accionSauro_2025-01-26_2025-01-27,Panama_Hoya_1004m_accionSauro_2025-01-26_2025-01-27,accionSauro_2025_01_28__02_19_06_HDR0.jpg,accionSauro_2025_01_28__02_19_06_HDR0_3_Mothbot_yolo11m_4500_imgsz1600_b1_2024-01-18.pt.jpg
,Animalia,Arthropoda,Insecta,Diptera,,,,,,,Diptera,Diptera,Panama_Hoya_1004m_accionSauro_2025-01-26,accionSauro_2025_01_28__02_19_06_HDR0_4_Mothbot_yolo11m_4500_imgsz1600_b1_2024-01-18.pt.jpg,HS,Mothbot_yolo11m_4500_imgsz1600_b1_2024-01-18.pt,0.506158173,,accionSauro,Panama/Hoya_1004m_accionSauro_2025-01-26/2025-01-27/patches/accionSauro_2025_01_28__02_19_06_HDR0_4_Mothbot_yolo11m_4500_imgsz1600_b1_2024-01-18.pt.jpg,ORDER_Diptera,28-01-25,2:19:06,,2025_01_28__02_19_06,MachineObservation,Panama_Hoya_1004m_accionSauro_2025-01-26_2025-01-27,Panama_Hoya_1004m_accionSauro_2025-01-26_2025-01-27,accionSauro_2025_01_28__02_19_06_HDR0.jpg,accionSauro_2025_01_28__02_19_06_HDR0_4_Mothbot_yolo11m_4500_imgsz1600_b1_2024-01-18.pt.jpg
doi.org10.15468dl.6nxkw6.csv,Animalia,Arthropoda,Insecta,Hemiptera,Cicadidae,Guyalna,panamensis,,8496325,,Guyalna panamensis,Guyalna panamensis,Panama_Hoya_1004m_accionSauro_2025-01-26,accionSauro_2025_01_28__02_20_06_HDR0_0_Mothbot_yolo11m_4500_imgsz1600_b1_2024-01-18.pt.jpg,HS,Mothbot_yolo11m_4500_imgsz1600_b1_2024-01-18.pt,0.760261178,,accionSauro,Panama/Hoya_1004m_accionSauro_2025-01-26/2025-01-27/patches/accionSauro_2025_01_28__02_20_06_HDR0_0_Mothbot_yolo11m_4500_imgsz1600_b1_2024-01-18.pt.jpg,ORDER_Hemiptera,28-01-25,2:20:06,,2025_01_28__02_20_06,MachineObservation,Panama_Hoya_1004m_accionSauro_2025-01-26_2025-01-27,Panama_Hoya_1004m_accionSauro_2025-01-26_2025-01-27,accionSauro_2025_01_28__02_20_06_HDR0.jpg,accionSauro_2025_01_28__02_20_06_HDR0_0_Mothbot_yolo11m_4500_imgsz1600_b1_2024-01-18.pt.jpg
doi.org10.15468dl.6nxkw6.csv,Animalia,Arthropoda,Insecta,Coleoptera,,,,,1470,,Coleoptera,Coleoptera,Panama_Hoya_1004m_accionSauro_2025-01-26,accionSauro_2025_01_28__02_20_06_HDR0_1_Mothbot_yolo11m_4500_imgsz1600_b1_2024-01-18.pt.jpg,HS,Mothbot_yolo11m_4500_imgsz1600_b1_2024-01-18.pt,0.75334549,,accionSauro,Panama/Hoya_1004m_accionSauro_2025-01-26/2025-01-27/patches/accionSauro_2025_01_28__02_20_06_HDR0_1_Mothbot_yolo11m_4500_imgsz1600_b1_2024-01-18.pt.jpg,ORDER_Diptera,28-01-25,2:20:06,,2025_01_28__02_20_06,MachineObservation,Panama_Hoya_1004m_accionSauro_2025-01-26_2025-01-27,Panama_Hoya_1004m_accionSauro_2025-01-26_2025-01-27,accionSauro_2025_01_28__02_20_06_HDR0.jpg,accionSauro_2025_01_28__02_20_06_HDR0_1_Mothbot_yolo11m_4500_imgsz1600_b1_2024-01-18.pt.jpg
doi.org10.15468dl.6nxkw6.csv,Animalia,Arthropoda,Insecta,Hemiptera,,,,,809,,Hemiptera,Hemiptera,Panama_Hoya_1004m_accionSauro_2025-01-26,accionSauro_2025_01_28__02_20_06_HDR0_2_Mothbot_yolo11m_4500_imgsz1600_b1_2024-01-18.pt.jpg,HS,Mothbot_yolo11m_4500_imgsz1600_b1_2024-01-18.pt,0.701241195,,accionSauro,Panama/Hoya_1004m_accionSauro_2025-01-26/2025-01-27/patches/accionSauro_2025_01_28__02_20_06_HDR0_2_Mothbot_yolo11m_4500_imgsz1600_b1_2024-01-18.pt.jpg,ORDER_Psocodea,28-01-25,2:20:06,,2025_01_28__02_20_06,MachineObservation,Panama_Hoya_1004m_accionSauro_2025-01-26_2025-01-27,Panama_Hoya_1004m_accionSauro_2025-01-26_2025-01-27,accionSauro_2025_01_28__02_20_06_HDR0.jpg,accionSauro_2025_01_28__02_20_06_HDR0_2_Mothbot_yolo11m_4500_imgsz1600_b1_2024-01-18.pt.jpg
,Animalia,Arthropoda,Insecta,Hemiptera,,,,,,,Hemiptera,Hemiptera,Panama_Hoya_1004m_accionSauro_2025-01-26,accionSauro_2025_01_28__02_20_06_HDR0_3_Mothbot_yolo11m_4500_imgsz1600_b1_2024-01-18.pt.jpg,HS,Mothbot_yolo11m_4500_imgsz1600_b1_2024-01-18.pt,0.700871825,,accionSauro,Panama/Hoya_1004m_accionSauro_2025-01-26/2025-01-27/patches/accionSauro_2025_01_28__02_20_06_HDR0_3_Mothbot_yolo11m_4500_imgsz1600_b1_2024-01-18.pt.jpg,ORDER_Hemiptera,28-01-25,2:20:06,,2025_01_28__02_20_06,MachineObservation,Panama_Hoya_1004m_accionSauro_2025-01-26_2025-01-27,Panama_Hoya_1004m_accionSauro_2025-01-26_2025-01-27,accionSauro_2025_01_28__02_20_06_HDR0.jpg,accionSauro_2025_01_28__02_20_06_HDR0_3_Mothbot_yolo11m_4500_imgsz1600_b1_2024-01-18.pt.jpg
,Animalia,Arthropoda,Insecta,Hymenoptera,,,,,,,Hymenoptera,Hymenoptera,Panama_Hoya_1004m_accionSauro_2025-01-26,accionSauro_2025_01_28__02_20_06_HDR0_4_Mothbot_yolo11m_4500_imgsz1600_b1_2024-01-18.pt.jpg,HS,Mothbot_yolo11m_4500_imgsz1600_b1_2024-01-18.pt,0.556678712,,accionSauro,Panama/Hoya_1004m_accionSauro_2025-01-26/2025-01-27/patches/accionSauro_2025_01_28__02_20_06_HDR0_4_Mothbot_yolo11m_4500_imgsz1600_b1_2024-01-18.pt.jpg,ORDER_Hymenoptera,28-01-25,2:20:06,,2025_01_28__02_20_06,MachineObservation,Panama_Hoya_1004m_accionSauro_2025-01-26_2025-01-27,Panama_Hoya_1004m_accionSauro_2025-01-26_2025-01-27,accionSauro_2025_01_28__02_20_06_HDR0.jpg,accionSauro_2025_01_28__02_20_06_HDR0_4_Mothbot_yolo11m_4500_imgsz1600_b1_2024-01-18.pt.jpg
,,,,,,,,,,,,ERROR,Panama_Hoya_1004m_accionSauro_2025-01-26,accionSauro_2025_01_28__02_20_06_HDR0_5_Mothbot_yolo11m_4500_imgsz1600_b1_2024-01-18.pt.jpg,HS,Mothbot_yolo11m_4500_imgsz1600_b1_2024-01-18.pt,0.275403678,,accionSauro,Panama/Hoya_1004m_accionSauro_2025-01-26/2025-01-27/patches/accionSauro_2025_01_28__02_20_06_HDR0_5_Mothbot_yolo11m_4500_imgsz1600_b1_2024-01-18.pt.jpg,ORDER_Coleoptera,28-01-25,2:20:06,,2025_01_28__02_20_06,MachineObservation,Panama_Hoya_1004m_accionSauro_2025-01-26_2025-01-27,Panama_Hoya_1004m_accionSauro_2025-01-26_2025-01-27,accionSauro_2025_01_28__02_20_06_HDR0.jpg,accionSauro_2025_01_28__02_20_06_HDR0_5_Mothbot_yolo11m_4500_imgsz1600_b1_2024-01-18.pt.jpg
doi.org10.15468dl.6nxkw6.csv,Animalia,Arthropoda,Insecta,Coleoptera,,,,,1470,,Coleoptera,Coleoptera,Panama_Hoya_1004m_accionSauro_2025-01-26,accionSauro_2025_01_28__02_21_05_HDR0_0_Mothbot_yolo11m_4500_imgsz1600_b1_2024-01-18.pt.jpg,HS,Mothbot_yolo11m_4500_imgsz1600_b1_2024-01-18.pt,0.782260835,,accionSauro,Panama/Hoya_1004m_accionSauro_2025-01-26/2025-01-27/patches/accionSauro_2025_01_28__02_21_05_HDR0_0_Mothbot_yolo11m_4500_imgsz1600_b1_2024-01-18.pt.jpg,ORDER_Diptera,28-01-25,2:21:05,,2025_01_28__02_21_05,MachineObservation,Panama_Hoya_1004m_accionSauro_2025-01-26_2025-01-27,Panama_Hoya_1004m_accionSauro_2025-01-26_2025-01-27,accionSauro_2025_01_28__02_21_05_HDR0.jpg,accionSauro_2025_01_28__02_21_05_HDR0_0_Mothbot_yolo11m_4500_imgsz1600_b1_2024-01-18.pt.jpg
doi.org10.15468dl.6nxkw6.csv,Animalia,Arthropoda,Insecta,Hemiptera,Cicadidae,Guyalna,panamensis,,8496325,,Guyalna panamensis,Guyalna panamensis,Panama_Hoya_1004m_accionSauro_2025-01-26,accionSauro_2025_01_28__02_21_05_HDR0_1_Mothbot_yolo11m_4500_imgsz1600_b1_2024-01-18.pt.jpg,HS,Mothbot_yolo11m_4500_imgsz1600_b1_2024-01-18.pt,0.727553546,,accionSauro,Panama/Hoya_1004m_accionSauro_2025-01-26/2025-01-27/patches/accionSauro_2025_01_28__02_21_05_HDR0_1_Mothbot_yolo11m_4500_imgsz1600_b1_2024-01-18.pt.jpg,ORDER_Hemiptera,28-01-25,2:21:05,,2025_01_28__02_21_05,MachineObservation,Panama_Hoya_1004m_accionSauro_2025-01-26_2025-01-27,Panama_Hoya_1004m_accionSauro_2025-01-26_2025-01-27,accionSauro_2025_01_28__02_21_05_HDR0.jpg,accionSauro_2025_01_28__02_21_05_HDR0_1_Mothbot_yolo11m_4500_imgsz1600_b1_2024-01-18.pt.jpg
doi.org10.15468dl.6nxkw6.csv,Animalia,Arthropoda,Insecta,Hemiptera,,,,,809,,Hemiptera,Hemiptera,Panama_Hoya_1004m_accionSauro_2025-01-26,accionSauro_2025_01_28__02_21_05_HDR0_2_Mothbot_yolo11m_4500_imgsz1600_b1_2024-01-18.pt.jpg,HS,Mothbot_yolo11m_4500_imgsz1600_b1_2024-01-18.pt,0.7036075,,accionSauro,Panama/Hoya_1004m_accionSauro_2025-01-26/2025-01-27/patches/accionSauro_2025_01_28__02_21_05_HDR0_2_Mothbot_yolo11m_4500_imgsz1600_b1_2024-01-18.pt.jpg,ORDER_Diptera,28-01-25,2:21:05,,2025_01_28__02_21_05,MachineObservation,Panama_Hoya_1004m_accionSauro_2025-01-26_2025-01-27,Panama_Hoya_1004m_accionSauro_2025-01-26_2025-01-27,accionSauro_2025_01_28__02_21_05_HDR0.jpg,accionSauro_2025_01_28__02_21_05_HDR0_2_Mothbot_yolo11m_4500_imgsz1600_b1_2024-01-18.pt.jpg
doi.org10.15468dl.6nxkw6.csv,Animalia,Arthropoda,Insecta,Hymenoptera,,,,,1457,,Hymenoptera,Hymenoptera,Panama_Hoya_1004m_accionSauro_2025-01-26,accionSauro_2025_01_28__02_21_05_HDR0_3_Mothbot_yolo11m_4500_imgsz1600_b1_2024-01-18.pt.jpg,HS,Mothbot_yolo11m_4500_imgsz1600_b1_2024-01-18.pt,0.472557873,,accionSauro,Panama/Hoya_1004m_accionSauro_2025-01-26/2025-01-27/patches/accionSauro_2025_01_28__02_21_05_HDR0_3_Mothbot_yolo11m_4500_imgsz1600_b1_2024-01-18.pt.jpg,ORDER_Diptera,28-01-25,2:21:05,,2025_01_28__02_21_05,MachineObservation,Panama_Hoya_1004m_accionSauro_2025-01-26_2025-01-27,Panama_Hoya_1004m_accionSauro_2025-01-26_2025-01-27,accionSauro_2025_01_28__02_21_05_HDR0.jpg,accionSauro_2025_01_28__02_21_05_HDR0_3_Mothbot_yolo11m_4500_imgsz1600_b1_2024-01-18.pt.jpg
,Animalia,Arthropoda,Insecta,Coleoptera,,,,,,,Coleoptera,Coleoptera,Panama_Hoya_1004m_accionSauro_2025-01-26,accionSauro_2025_01_28__02_21_05_HDR0_4_Mothbot_yolo11m_4500_imgsz1600_b1_2024-01-18.pt.jpg,HS,Mothbot_yolo11m_4500_imgsz1600_b1_2024-01-18.pt,0.363981962,,accionSauro,Panama/Hoya_1004m_accionSauro_2025-01-26/2025-01-27/patches/accionSauro_2025_01_28__02_21_05_HDR0_4_Mothbot_yolo11m_4500_imgsz1600_b1_2024-01-18.pt.jpg,ORDER_Coleoptera,28-01-25,2:21:05,,2025_01_28__02_21_05,MachineObservation,Panama_Hoya_1004m_accionSauro_2025-01-26_2025-01-27,Panama_Hoya_1004m_accionSauro_2025-01-26_2025-01-27,accionSauro_2025_01_28__02_21_05_HDR0.jpg,accionSauro_2025_01_28__02_21_05_HDR0_4_Mothbot_yolo11m_4500_imgsz1600_b1_2024-01-18.pt.jpg
doi.org10.15468dl.6nxkw6.csv,Animalia,Arthropoda,Insecta,Hemiptera,Cicadidae,Guyalna,panamensis,,8496325,,Guyalna panamensis,Guyalna panamensis,Panama_Hoya_1004m_accionSauro_2025-01-26,accionSauro_2025_01_28__02_22_22_HDR0_0_Mothbot_yolo11m_4500_imgsz1600_b1_2024-01-18.pt.jpg,HS,Mothbot_yolo11m_4500_imgsz1600_b1_2024-01-18.pt,0.739252985,,accionSauro,Panama/Hoya_1004m_accionSauro_2025-01-26/2025-01-27/patches/accionSauro_2025_01_28__02_22_22_HDR0_0_Mothbot_yolo11m_4500_imgsz1600_b1_2024-01-18.pt.jpg,ORDER_Hemiptera,28-01-25,2:22:22,,2025_01_28__02_22_22,MachineObservation,Panama_Hoya_1004m_accionSauro_2025-01-26_2025-01-27,Panama_Hoya_1004m_accionSauro_2025-01-26_2025-01-27,accionSauro_2025_01_28__02_22_22_HDR0.jpg,accionSauro_2025_01_28__02_22_22_HDR0_0_Mothbot_yolo11m_4500_imgsz1600_b1_2024-01-18.pt.jpg
,Animalia,Arthropoda,Insecta,Hymenoptera,,,,,,,Hymenoptera,Hymenoptera,Panama_Hoya_1004m_accionSauro_2025-01-26,accionSauro_2025_01_28__02_22_22_HDR0_1_Mothbot_yolo11m_4500_imgsz1600_b1_2024-01-18.pt.jpg,HS,Mothbot_yolo11m_4500_imgsz1600_b1_2024-01-18.pt,0.365202636,,accionSauro,Panama/Hoya_1004m_accionSauro_2025-01-26/2025-01-27/patches/accionSauro_2025_01_28__02_22_22_HDR0_1_Mothbot_yolo11m_4500_imgsz1600_b1_2024-01-18.pt.jpg,ORDER_Hymenoptera,28-01-25,2:22:22,,2025_01_28__02_22_22,MachineObservation,Panama_Hoya_1004m_accionSauro_2025-01-26_2025-01-27,Panama_Hoya_1004m_accionSauro_2025-01-26_2025-01-27,accionSauro_2025_01_28__02_22_22_HDR0.jpg,accionSauro_2025_01_28__02_22_22_HDR0_1_Mothbot_yolo11m_4500_imgsz1600_b1_2024-01-18.pt.jpg
,Animalia,Arthropoda,Insecta,Diptera,,,,,,,Diptera,Diptera,Panama_Hoya_1004m_accionSauro_2025-01-26,accionSauro_2025_01_28__02_23_06_HDR0_0_Mothbot_yolo11m_4500_imgsz1600_b1_2024-01-18.pt.jpg,HS,Mothbot_yolo11m_4500_imgsz1600_b1_2024-01-18.pt,0.757062793,,accionSauro,Panama/Hoya_1004m_accionSauro_2025-01-26/2025-01-27/patches/accionSauro_2025_01_28__02_23_06_HDR0_0_Mothbot_yolo11m_4500_imgsz1600_b1_2024-01-18.pt.jpg,ORDER_Diptera,28-01-25,2:23:06,,2025_01_28__02_23_06,MachineObservation,Panama_Hoya_1004m_accionSauro_2025-01-26_2025-01-27,Panama_Hoya_1004m_accionSauro_2025-01-26_2025-01-27,accionSauro_2025_01_28__02_23_06_HDR0.jpg,accionSauro_2025_01_28__02_23_06_HDR0_0_Mothbot_yolo11m_4500_imgsz1600_b1_2024-01-18.pt.jpg
doi.org10.15468dl.6nxkw6.csv,Animalia,Arthropoda,Insecta,Hemiptera,Cicadidae,Guyalna,panamensis,,8496325,,Guyalna panamensis,Guyalna panamensis,Panama_Hoya_1004m_accionSauro_2025-01-26,accionSauro_2025_01_28__02_23_06_HDR0_1_Mothbot_yolo11m_4500_imgsz1600_b1_2024-01-18.pt.jpg,HS,Mothbot_yolo11m_4500_imgsz1600_b1_2024-01-18.pt,0.719608247,,accionSauro,Panama/Hoya_1004m_accionSauro_2025-01-26/2025-01-27/patches/accionSauro_2025_01_28__02_23_06_HDR0_1_Mothbot_yolo11m_4500_imgsz1600_b1_2024-01-18.pt.jpg,ORDER_Hemiptera,28-01-25,2:23:06,,2025_01_28__02_23_06,MachineObservation,Panama_Hoya_1004m_accionSauro_2025-01-26_2025-01-27,Panama_Hoya_1004m_accionSauro_2025-01-26_2025-01-27,accionSauro_2025_01_28__02_23_06_HDR0.jpg,accionSauro_2025_01_28__02_23_06_HDR0_1_Mothbot_yolo11m_4500_imgsz1600_b1_2024-01-18.pt.jpg
doi.org10.15468dl.6nxkw6.csv,Animalia,Arthropoda,Insecta,Coleoptera,Chrysomelidae,Diabrotica,,diabrotica1,1048495,,Diabrotica,diabrotica1,Panama_Hoya_1004m_accionSauro_2025-01-26,accionSauro_2025_01_28__02_23_06_HDR0_2_Mothbot_yolo11m_4500_imgsz1600_b1_2024-01-18.pt.jpg,HS,Mothbot_yolo11m_4500_imgsz1600_b1_2024-01-18.pt,0.659534574,,accionSauro,Panama/Hoya_1004m_accionSauro_2025-01-26/2025-01-27/patches/accionSauro_2025_01_28__02_23_06_HDR0_2_Mothbot_yolo11m_4500_imgsz1600_b1_2024-01-18.pt.jpg,ORDER_Coleoptera,28-01-25,2:23:06,,2025_01_28__02_23_06,MachineObservation,Panama_Hoya_1004m_accionSauro_2025-01-26_2025-01-27,Panama_Hoya_1004m_accionSauro_2025-01-26_2025-01-27,accionSauro_2025_01_28__02_23_06_HDR0.jpg,accionSauro_2025_01_28__02_23_06_HDR0_2_Mothbot_yolo11m_4500_imgsz1600_b1_2024-01-18.pt.jpg
doi.org10.15468dl.6nxkw6.csv,Animalia,Arthropoda,Insecta,Hymenoptera,,,,,1457,,Hymenoptera,Hymenoptera,Panama_Hoya_1004m_accionSauro_2025-01-26,accionSauro_2025_01_28__02_23_06_HDR0_3_Mothbot_yolo11m_4500_imgsz1600_b1_2024-01-18.pt.jpg,HS,Mothbot_yolo11m_4500_imgsz1600_b1_2024-01-18.pt,0.367565185,,accionSauro,Panama/Hoya_1004m_accionSauro_2025-01-26/2025-01-27/patches/accionSauro_2025_01_28__02_23_06_HDR0_3_Mothbot_yolo11m_4500_imgsz1600_b1_2024-01-18.pt.jpg,ORDER_Diptera,28-01-25,2:23:06,,2025_01_28__02_23_06,MachineObservation,Panama_Hoya_1004m_accionSauro_2025-01-26_2025-01-27,Panama_Hoya_1004m_accionSauro_2025-01-26_2025-01-27,accionSauro_2025_01_28__02_23_06_HDR0.jpg,accionSauro_2025_01_28__02_23_06_HDR0_3_Mothbot_yolo11m_4500_imgsz1600_b1_2024-01-18.pt.jpg
doi.org10.15468dl.6nxkw6.csv,Animalia,Arthropoda,Insecta,Hemiptera,Cicadidae,Guyalna,panamensis,,8496325,,Guyalna panamensis,Guyalna panamensis,Panama_Hoya_1004m_accionSauro_2025-01-26,accionSauro_2025_01_28__02_24_06_HDR0_0_Mothbot_yolo11m_4500_imgsz1600_b1_2024-01-18.pt.jpg,HS,Mothbot_yolo11m_4500_imgsz1600_b1_2024-01-18.pt,0.773408353,,accionSauro,Panama/Hoya_1004m_accionSauro_2025-01-26/2025-01-27/patches/accionSauro_2025_01_28__02_24_06_HDR0_0_Mothbot_yolo11m_4500_imgsz1600_b1_2024-01-18.pt.jpg,ORDER_Hemiptera,28-01-25,2:24:06,,2025_01_28__02_24_06,MachineObservation,Panama_Hoya_1004m_accionSauro_2025-01-26_2025-01-27,Panama_Hoya_1004m_accionSauro_2025-01-26_2025-01-27,accionSauro_2025_01_28__02_24_06_HDR0.jpg,accionSauro_2025_01_28__02_24_06_HDR0_0_Mothbot_yolo11m_4500_imgsz1600_b1_2024-01-18.pt.jpg
,Animalia,Arthropoda,Insecta,Diptera,,,,,,,Diptera,Diptera,Panama_Hoya_1004m_accionSauro_2025-01-26,accionSauro_2025_01_28__02_24_06_HDR0_1_Mothbot_yolo11m_4500_imgsz1600_b1_2024-01-18.pt.jpg,HS,Mothbot_yolo11m_4500_imgsz1600_b1_2024-01-18.pt,0.728814662,,accionSauro,Panama/Hoya_1004m_accionSauro_2025-01-26/2025-01-27/patches/accionSauro_2025_01_28__02_24_06_HDR0_1_Mothbot_yolo11m_4500_imgsz1600_b1_2024-01-18.pt.jpg,ORDER_Diptera,28-01-25,2:24:06,,2025_01_28__02_24_06,MachineObservation,Panama_Hoya_1004m_accionSauro_2025-01-26_2025-01-27,Panama_Hoya_1004m_accionSauro_2025-01-26_2025-01-27,accionSauro_2025_01_28__02_24_06_HDR0.jpg,accionSauro_2025_01_28__02_24_06_HDR0_1_Mothbot_yolo11m_4500_imgsz1600_b1_2024-01-18.pt.jpg
,Animalia,Arthropoda,Insecta,Hymenoptera,,,,,,,Hymenoptera,Hymenoptera,Panama_Hoya_1004m_accionSauro_2025-01-26,accionSauro_2025_01_28__02_24_06_HDR0_2_Mothbot_yolo11m_4500_imgsz1600_b1_2024-01-18.pt.jpg,HS,Mothbot_yolo11m_4500_imgsz1600_b1_2024-01-18.pt,0.715305924,,accionSauro,Panama/Hoya_1004m_accionSauro_2025-01-26/2025-01-27/patches/accionSauro_2025_01_28__02_24_06_HDR0_2_Mothbot_yolo11m_4500_imgsz1600_b1_2024-01-18.pt.jpg,ORDER_Hymenoptera,28-01-25,2:24:06,,2025_01_28__02_24_06,MachineObservation,Panama_Hoya_1004m_accionSauro_2025-01-26_2025-01-27,Panama_Hoya_1004m_accionSauro_2025-01-26_2025-01-27,accionSauro_2025_01_28__02_24_06_HDR0.jpg,accionSauro_2025_01_28__02_24_06_HDR0_2_Mothbot_yolo11m_4500_imgsz1600_b1_2024-01-18.pt.jpg
,Animalia,Arthropoda,Insecta,Hemiptera,,,,,,,Hemiptera,Hemiptera,Panama_Hoya_1004m_accionSauro_2025-01-26,accionSauro_2025_01_28__02_24_06_HDR0_3_Mothbot_yolo11m_4500_imgsz1600_b1_2024-01-18.pt.jpg,HS,Mothbot_yolo11m_4500_imgsz1600_b1_2024-01-18.pt,0.683681667,,accionSauro,Panama/Hoya_1004m_accionSauro_2025-01-26/2025-01-27/patches/accionSauro_2025_01_28__02_24_06_HDR0_3_Mothbot_yolo11m_4500_imgsz1600_b1_2024-01-18.pt.jpg,ORDER_Hemiptera,28-01-25,2:24:06,,2025_01_28__02_24_06,MachineObservation,Panama_Hoya_1004m_accionSauro_2025-01-26_2025-01-27,Panama_Hoya_1004m_accionSauro_2025-01-26_2025-01-27,accionSauro_2025_01_28__02_24_06_HDR0.jpg,accionSauro_2025_01_28__02_24_06_HDR0_3_Mothbot_yolo11m_4500_imgsz1600_b1_2024-01-18.pt.jpg
,Animalia,Arthropoda,Insecta,Diptera,,,,,,,Diptera,Diptera,Panama_Hoya_1004m_accionSauro_2025-01-26,accionSauro_2025_01_28__02_24_06_HDR0_4_Mothbot_yolo11m_4500_imgsz1600_b1_2024-01-18.pt.jpg,HS,Mothbot_yolo11m_4500_imgsz1600_b1_2024-01-18.pt,0.668258846,,accionSauro,Panama/Hoya_1004m_accionSauro_2025-01-26/2025-01-27/patches/accionSauro_2025_01_28__02_24_06_HDR0_4_Mothbot_yolo11m_4500_imgsz1600_b1_2024-01-18.pt.jpg,ORDER_Diptera,28-01-25,2:24:06,,2025_01_28__02_24_06,MachineObservation,Panama_Hoya_1004m_accionSauro_2025-01-26_2025-01-27,Panama_Hoya_1004m_accionSauro_2025-01-26_2025-01-27,accionSauro_2025_01_28__02_24_06_HDR0.jpg,accionSauro_2025_01_28__02_24_06_HDR0_4_Mothbot_yolo11m_4500_imgsz1600_b1_2024-01-18.pt.jpg
doi.org10.15468dl.6nxkw6.csv,Animalia,Arthropoda,Insecta,Coleoptera,Chrysomelidae,Diabrotica,,diabrotica1,1048495,,Diabrotica,diabrotica1,Panama_Hoya_1004m_accionSauro_2025-01-26,accionSauro_2025_01_28__02_24_06_HDR0_5_Mothbot_yolo11m_4500_imgsz1600_b1_2024-01-18.pt.jpg,HS,Mothbot_yolo11m_4500_imgsz1600_b1_2024-01-18.pt,0.624681115,,accionSauro,Panama/Hoya_1004m_accionSauro_2025-01-26/2025-01-27/patches/accionSauro_2025_01_28__02_24_06_HDR0_5_Mothbot_yolo11m_4500_imgsz1600_b1_2024-01-18.pt.jpg,ORDER_Coleoptera,28-01-25,2:24:06,,2025_01_28__02_24_06,MachineObservation,Panama_Hoya_1004m_accionSauro_2025-01-26_2025-01-27,Panama_Hoya_1004m_accionSauro_2025-01-26_2025-01-27,accionSauro_2025_01_28__02_24_06_HDR0.jpg,accionSauro_2025_01_28__02_24_06_HDR0_5_Mothbot_yolo11m_4500_imgsz1600_b1_2024-01-18.pt.jpg
doi.org10.15468dl.6nxkw6.csv,Animalia,Arthropoda,Insecta,Hemiptera,Cicadidae,Guyalna,panamensis,,8496325,,Guyalna panamensis,Guyalna panamensis,Panama_Hoya_1004m_accionSauro_2025-01-26,accionSauro_2025_01_28__02_24_06_HDR0_6_Mothbot_yolo11m_4500_imgsz1600_b1_2024-01-18.pt.jpg,HS,Mothbot_yolo11m_4500_imgsz1600_b1_2024-01-18.pt,0.567317188,,accionSauro,Panama/Hoya_1004m_accionSauro_2025-01-26/2025-01-27/patches/accionSauro_2025_01_28__02_24_06_HDR0_6_Mothbot_yolo11m_4500_imgsz1600_b1_2024-01-18.pt.jpg,ORDER_Hemiptera,28-01-25,2:24:06,,2025_01_28__02_24_06,MachineObservation,Panama_Hoya_1004m_accionSauro_2025-01-26_2025-01-27,Panama_Hoya_1004m_accionSauro_2025-01-26_2025-01-27,accionSauro_2025_01_28__02_24_06_HDR0.jpg,accionSauro_2025_01_28__02_24_06_HDR0_6_Mothbot_yolo11m_4500_imgsz1600_b1_2024-01-18.pt.jpg
doi.org10.15468dl.6nxkw6.csv,Animalia,Arthropoda,Insecta,Coleoptera,Chrysomelidae,Diabrotica,,diabrotica1,1048495,,Diabrotica,diabrotica1,Panama_Hoya_1004m_accionSauro_2025-01-26,accionSauro_2025_01_28__02_24_06_HDR0_7_Mothbot_yolo11m_4500_imgsz1600_b1_2024-01-18.pt.jpg,HS,Mothbot_yolo11m_4500_imgsz1600_b1_2024-01-18.pt,0.551735759,,accionSauro,Panama/Hoya_1004m_accionSauro_2025-01-26/2025-01-27/patches/accionSauro_2025_01_28__02_24_06_HDR0_7_Mothbot_yolo11m_4500_imgsz1600_b1_2024-01-18.pt.jpg,ORDER_Coleoptera,28-01-25,2:24:06,,2025_01_28__02_24_06,MachineObservation,Panama_Hoya_1004m_accionSauro_2025-01-26_2025-01-27,Panama_Hoya_1004m_accionSauro_2025-01-26_2025-01-27,accionSauro_2025_01_28__02_24_06_HDR0.jpg,accionSauro_2025_01_28__02_24_06_HDR0_7_Mothbot_yolo11m_4500_imgsz1600_b1_2024-01-18.pt.jpg
doi.org10.15468dl.6nxkw6.csv,Animalia,Arthropoda,Insecta,Hemiptera,Cicadidae,Guyalna,panamensis,,8496325,,Guyalna panamensis,Guyalna panamensis,Panama_Hoya_1004m_accionSauro_2025-01-26,accionSauro_2025_01_28__02_24_06_HDR0_8_Mothbot_yolo11m_4500_imgsz1600_b1_2024-01-18.pt.jpg,HS,Mothbot_yolo11m_4500_imgsz1600_b1_2024-01-18.pt,0.520977855,,accionSauro,Panama/Hoya_1004m_accionSauro_2025-01-26/2025-01-27/patches/accionSauro_2025_01_28__02_24_06_HDR0_8_Mothbot_yolo11m_4500_imgsz1600_b1_2024-01-18.pt.jpg,ORDER_Odonata,28-01-25,2:24:06,,2025_01_28__02_24_06,MachineObservation,Panama_Hoya_1004m_accionSauro_2025-01-26_2025-01-27,Panama_Hoya_1004m_accionSauro_2025-01-26_2025-01-27,accionSauro_2025_01_28__02_24_06_HDR0.jpg,accionSauro_2025_01_28__02_24_06_HDR0_8_Mothbot_yolo11m_4500_imgsz1600_b1_2024-01-18.pt.jpg
doi.org10.15468dl.6nxkw6.csv,Animalia,Arthropoda,Insecta,Hemiptera,Cicadidae,Guyalna,panamensis,,8496325,,Guyalna panamensis,Guyalna panamensis,Panama_Hoya_1004m_accionSauro_2025-01-26,accionSauro_2025_01_28__02_25_06_HDR0_0_Mothbot_yolo11m_4500_imgsz1600_b1_2024-01-18.pt.jpg,HS,Mothbot_yolo11m_4500_imgsz1600_b1_2024-01-18.pt,0.822787583,,accionSauro,Panama/Hoya_1004m_accionSauro_2025-01-26/2025-01-27/patches/accionSauro_2025_01_28__02_25_06_HDR0_0_Mothbot_yolo11m_4500_imgsz1600_b1_2024-01-18.pt.jpg,ORDER_Hemiptera,28-01-25,2:25:06,,2025_01_28__02_25_06,MachineObservation,Panama_Hoya_1004m_accionSauro_2025-01-26_2025-01-27,Panama_Hoya_1004m_accionSauro_2025-01-26_2025-01-27,accionSauro_2025_01_28__02_25_06_HDR0.jpg,accionSauro_2025_01_28__02_25_06_HDR0_0_Mothbot_yolo11m_4500_imgsz1600_b1_2024-01-18.pt.jpg
,Animalia,Arthropoda,Insecta,Diptera,,,,,,,Diptera,Diptera,Panama_Hoya_1004m_accionSauro_2025-01-26,accionSauro_2025_01_28__02_25_06_HDR0_1_Mothbot_yolo11m_4500_imgsz1600_b1_2024-01-18.pt.jpg,HS,Mothbot_yolo11m_4500_imgsz1600_b1_2024-01-18.pt,0.777695358,,accionSauro,Panama/Hoya_1004m_accionSauro_2025-01-26/2025-01-27/patches/accionSauro_2025_01_28__02_25_06_HDR0_1_Mothbot_yolo11m_4500_imgsz1600_b1_2024-01-18.pt.jpg,ORDER_Diptera,28-01-25,2:25:06,,2025_01_28__02_25_06,MachineObservation,Panama_Hoya_1004m_accionSauro_2025-01-26_2025-01-27,Panama_Hoya_1004m_accionSauro_2025-01-26_2025-01-27,accionSauro_2025_01_28__02_25_06_HDR0.jpg,accionSauro_2025_01_28__02_25_06_HDR0_1_Mothbot_yolo11m_4500_imgsz1600_b1_2024-01-18.pt.jpg
,Animalia,Arthropoda,Insecta,Hemiptera,,,,,,,Hemiptera,Hemiptera,Panama_Hoya_1004m_accionSauro_2025-01-26,accionSauro_2025_01_28__02_25_06_HDR0_2_Mothbot_yolo11m_4500_imgsz1600_b1_2024-01-18.pt.jpg,HS,Mothbot_yolo11m_4500_imgsz1600_b1_2024-01-18.pt,0.740512788,,accionSauro,Panama/Hoya_1004m_accionSauro_2025-01-26/2025-01-27/patches/accionSauro_2025_01_28__02_25_06_HDR0_2_Mothbot_yolo11m_4500_imgsz1600_b1_2024-01-18.pt.jpg,ORDER_Hemiptera,28-01-25,2:25:06,,2025_01_28__02_25_06,MachineObservation,Panama_Hoya_1004m_accionSauro_2025-01-26_2025-01-27,Panama_Hoya_1004m_accionSauro_2025-01-26_2025-01-27,accionSauro_2025_01_28__02_25_06_HDR0.jpg,accionSauro_2025_01_28__02_25_06_HDR0_2_Mothbot_yolo11m_4500_imgsz1600_b1_2024-01-18.pt.jpg
,Animalia,Arthropoda,Insecta,Hemiptera,,,,,,,Hemiptera,Hemiptera,Panama_Hoya_1004m_accionSauro_2025-01-26,accionSauro_2025_01_28__02_25_06_HDR0_3_Mothbot_yolo11m_4500_imgsz1600_b1_2024-01-18.pt.jpg,HS,Mothbot_yolo11m_4500_imgsz1600_b1_2024-01-18.pt,0.677395225,,accionSauro,Panama/Hoya_1004m_accionSauro_2025-01-26/2025-01-27/patches/accionSauro_2025_01_28__02_25_06_HDR0_3_Mothbot_yolo11m_4500_imgsz1600_b1_2024-01-18.pt.jpg,ORDER_Hemiptera,28-01-25,2:25:06,,2025_01_28__02_25_06,MachineObservation,Panama_Hoya_1004m_accionSauro_2025-01-26_2025-01-27,Panama_Hoya_1004m_accionSauro_2025-01-26_2025-01-27,accionSauro_2025_01_28__02_25_06_HDR0.jpg,accionSauro_2025_01_28__02_25_06_HDR0_3_Mothbot_yolo11m_4500_imgsz1600_b1_2024-01-18.pt.jpg
,Animalia,Arthropoda,Insecta,Hymenoptera,,,,,,,Hymenoptera,Hymenoptera,Panama_Hoya_1004m_accionSauro_2025-01-26,accionSauro_2025_01_28__02_25_06_HDR0_4_Mothbot_yolo11m_4500_imgsz1600_b1_2024-01-18.pt.jpg,HS,Mothbot_yolo11m_4500_imgsz1600_b1_2024-01-18.pt,0.609926403,,accionSauro,Panama/Hoya_1004m_accionSauro_2025-01-26/2025-01-27/patches/accionSauro_2025_01_28__02_25_06_HDR0_4_Mothbot_yolo11m_4500_imgsz1600_b1_2024-01-18.pt.jpg,ORDER_Hymenoptera,28-01-25,2:25:06,,2025_01_28__02_25_06,MachineObservation,Panama_Hoya_1004m_accionSauro_2025-01-26_2025-01-27,Panama_Hoya_1004m_accionSauro_2025-01-26_2025-01-27,accionSauro_2025_01_28__02_25_06_HDR0.jpg,accionSauro_2025_01_28__02_25_06_HDR0_4_Mothbot_yolo11m_4500_imgsz1600_b1_2024-01-18.pt.jpg
doi.org10.15468dl.6nxkw6.csv,Animalia,Arthropoda,Insecta,Coleoptera,Chrysomelidae,Diabrotica,,diabrotica1,1048495,,Diabrotica,diabrotica1,Panama_Hoya_1004m_accionSauro_2025-01-26,accionSauro_2025_01_28__02_25_06_HDR0_5_Mothbot_yolo11m_4500_imgsz1600_b1_2024-01-18.pt.jpg,HS,Mothbot_yolo11m_4500_imgsz1600_b1_2024-01-18.pt,0.583328307,,accionSauro,Panama/Hoya_1004m_accionSauro_2025-01-26/2025-01-27/patches/accionSauro_2025_01_28__02_25_06_HDR0_5_Mothbot_yolo11m_4500_imgsz1600_b1_2024-01-18.pt.jpg,ORDER_Coleoptera,28-01-25,2:25:06,,2025_01_28__02_25_06,MachineObservation,Panama_Hoya_1004m_accionSauro_2025-01-26_2025-01-27,Panama_Hoya_1004m_accionSauro_2025-01-26_2025-01-27,accionSauro_2025_01_28__02_25_06_HDR0.jpg,accionSauro_2025_01_28__02_25_06_HDR0_5_Mothbot_yolo11m_4500_imgsz1600_b1_2024-01-18.pt.jpg
doi.org10.15468dl.6nxkw6.csv,Animalia,Arthropoda,Insecta,Diptera,,,,,811,,Diptera,Diptera,Panama_Hoya_1004m_accionSauro_2025-01-26,accionSauro_2025_01_28__02_25_06_HDR0_6_Mothbot_yolo11m_4500_imgsz1600_b1_2024-01-18.pt.jpg,HS,Mothbot_yolo11m_4500_imgsz1600_b1_2024-01-18.pt,0.468352944,,accionSauro,Panama/Hoya_1004m_accionSauro_2025-01-26/2025-01-27/patches/accionSauro_2025_01_28__02_25_06_HDR0_6_Mothbot_yolo11m_4500_imgsz1600_b1_2024-01-18.pt.jpg,ORDER_Coleoptera,28-01-25,2:25:06,,2025_01_28__02_25_06,MachineObservation,Panama_Hoya_1004m_accionSauro_2025-01-26_2025-01-27,Panama_Hoya_1004m_accionSauro_2025-01-26_2025-01-27,accionSauro_2025_01_28__02_25_06_HDR0.jpg,accionSauro_2025_01_28__02_25_06_HDR0_6_Mothbot_yolo11m_4500_imgsz1600_b1_2024-01-18.pt.jpg
,Animalia,Arthropoda,Insecta,Diptera,,,,,,,Diptera,Diptera,Panama_Hoya_1004m_accionSauro_2025-01-26,accionSauro_2025_01_28__02_26_06_HDR0_0_Mothbot_yolo11m_4500_imgsz1600_b1_2024-01-18.pt.jpg,HS,Mothbot_yolo11m_4500_imgsz1600_b1_2024-01-18.pt,0.768396676,,accionSauro,Panama/Hoya_1004m_accionSauro_2025-01-26/2025-01-27/patches/accionSauro_2025_01_28__02_26_06_HDR0_0_Mothbot_yolo11m_4500_imgsz1600_b1_2024-01-18.pt.jpg,ORDER_Diptera,28-01-25,2:26:06,,2025_01_28__02_26_06,MachineObservation,Panama_Hoya_1004m_accionSauro_2025-01-26_2025-01-27,Panama_Hoya_1004m_accionSauro_2025-01-26_2025-01-27,accionSauro_2025_01_28__02_26_06_HDR0.jpg,accionSauro_2025_01_28__02_26_06_HDR0_0_Mothbot_yolo11m_4500_imgsz1600_b1_2024-01-18.pt.jpg
,Animalia,Arthropoda,Insecta,Diptera,,,,,,,Diptera,Diptera,Panama_Hoya_1004m_accionSauro_2025-01-26,accionSauro_2025_01_28__02_26_06_HDR0_1_Mothbot_yolo11m_4500_imgsz1600_b1_2024-01-18.pt.jpg,HS,Mothbot_yolo11m_4500_imgsz1600_b1_2024-01-18.pt,0.733881712,,accionSauro,Panama/Hoya_1004m_accionSauro_2025-01-26/2025-01-27/patches/accionSauro_2025_01_28__02_26_06_HDR0_1_Mothbot_yolo11m_4500_imgsz1600_b1_2024-01-18.pt.jpg,ORDER_Diptera,28-01-25,2:26:06,,2025_01_28__02_26_06,MachineObservation,Panama_Hoya_1004m_accionSauro_2025-01-26_2025-01-27,Panama_Hoya_1004m_accionSauro_2025-01-26_2025-01-27,accionSauro_2025_01_28__02_26_06_HDR0.jpg,accionSauro_2025_01_28__02_26_06_HDR0_1_Mothbot_yolo11m_4500_imgsz1600_b1_2024-01-18.pt.jpg
doi.org10.15468dl.6nxkw6.csv,Animalia,Arthropoda,Insecta,Hemiptera,,,,,809,,Hemiptera,Hemiptera,Panama_Hoya_1004m_accionSauro_2025-01-26,accionSauro_2025_01_28__02_26_06_HDR0_2_Mothbot_yolo11m_4500_imgsz1600_b1_2024-01-18.pt.jpg,HS,Mothbot_yolo11m_4500_imgsz1600_b1_2024-01-18.pt,0.722459316,,accionSauro,Panama/Hoya_1004m_accionSauro_2025-01-26/2025-01-27/patches/accionSauro_2025_01_28__02_26_06_HDR0_2_Mothbot_yolo11m_4500_imgsz1600_b1_2024-01-18.pt.jpg,ORDER_Diptera,28-01-25,2:26:06,,2025_01_28__02_26_06,MachineObservation,Panama_Hoya_1004m_accionSauro_2025-01-26_2025-01-27,Panama_Hoya_1004m_accionSauro_2025-01-26_2025-01-27,accionSauro_2025_01_28__02_26_06_HDR0.jpg,accionSauro_2025_01_28__02_26_06_HDR0_2_Mothbot_yolo11m_4500_imgsz1600_b1_2024-01-18.pt.jpg
doi.org10.15468dl.6nxkw6.csv,Animalia,Arthropoda,Insecta,Diptera,,,,,,,Diptera,Diptera,Panama_Hoya_1004m_accionSauro_2025-01-26,accionSauro_2025_01_28__02_26_06_HDR0_3_Mothbot_yolo11m_4500_imgsz1600_b1_2024-01-18.pt.jpg,HS,Mothbot_yolo11m_4500_imgsz1600_b1_2024-01-18.pt,0.614593625,,accionSauro,Panama/Hoya_1004m_accionSauro_2025-01-26/2025-01-27/patches/accionSauro_2025_01_28__02_26_06_HDR0_3_Mothbot_yolo11m_4500_imgsz1600_b1_2024-01-18.pt.jpg,ORDER_Hymenoptera,28-01-25,2:26:06,,2025_01_28__02_26_06,MachineObservation,Panama_Hoya_1004m_accionSauro_2025-01-26_2025-01-27,Panama_Hoya_1004m_accionSauro_2025-01-26_2025-01-27,accionSauro_2025_01_28__02_26_06_HDR0.jpg,accionSauro_2025_01_28__02_26_06_HDR0_3_Mothbot_yolo11m_4500_imgsz1600_b1_2024-01-18.pt.jpg
doi.org10.15468dl.6nxkw6.csv,Animalia,Arthropoda,Insecta,Coleoptera,Chrysomelidae,Diabrotica,,diabrotica1,1048495,,Diabrotica,diabrotica1,Panama_Hoya_1004m_accionSauro_2025-01-26,accionSauro_2025_01_28__02_26_06_HDR0_4_Mothbot_yolo11m_4500_imgsz1600_b1_2024-01-18.pt.jpg,HS,Mothbot_yolo11m_4500_imgsz1600_b1_2024-01-18.pt,0.614552379,,accionSauro,Panama/Hoya_1004m_accionSauro_2025-01-26/2025-01-27/patches/accionSauro_2025_01_28__02_26_06_HDR0_4_Mothbot_yolo11m_4500_imgsz1600_b1_2024-01-18.pt.jpg,ORDER_Coleoptera,28-01-25,2:26:06,,2025_01_28__02_26_06,MachineObservation,Panama_Hoya_1004m_accionSauro_2025-01-26_2025-01-27,Panama_Hoya_1004m_accionSauro_2025-01-26_2025-01-27,accionSauro_2025_01_28__02_26_06_HDR0.jpg,accionSauro_2025_01_28__02_26_06_HDR0_4_Mothbot_yolo11m_4500_imgsz1600_b1_2024-01-18.pt.jpg
doi.org10.15468dl.6nxkw6.csv,Animalia,Arthropoda,Insecta,Diptera,,,,,,,Diptera,Diptera,Panama_Hoya_1004m_accionSauro_2025-01-26,accionSauro_2025_01_28__02_26_06_HDR0_5_Mothbot_yolo11m_4500_imgsz1600_b1_2024-01-18.pt.jpg,HS,Mothbot_yolo11m_4500_imgsz1600_b1_2024-01-18.pt,0.488871574,,accionSauro,Panama/Hoya_1004m_accionSauro_2025-01-26/2025-01-27/patches/accionSauro_2025_01_28__02_26_06_HDR0_5_Mothbot_yolo11m_4500_imgsz1600_b1_2024-01-18.pt.jpg,ORDER_Hymenoptera,28-01-25,2:26:06,,2025_01_28__02_26_06,MachineObservation,Panama_Hoya_1004m_accionSauro_2025-01-26_2025-01-27,Panama_Hoya_1004m_accionSauro_2025-01-26_2025-01-27,accionSauro_2025_01_28__02_26_06_HDR0.jpg,accionSauro_2025_01_28__02_26_06_HDR0_5_Mothbot_yolo11m_4500_imgsz1600_b1_2024-01-18.pt.jpg
,,,,,,,,,,,,ERROR,Panama_Hoya_1004m_accionSauro_2025-01-26,accionSauro_2025_01_28__02_26_06_HDR0_6_Mothbot_yolo11m_4500_imgsz1600_b1_2024-01-18.pt.jpg,HS,Mothbot_yolo11m_4500_imgsz1600_b1_2024-01-18.pt,0.282237232,,accionSauro,Panama/Hoya_1004m_accionSauro_2025-01-26/2025-01-27/patches/accionSauro_2025_01_28__02_26_06_HDR0_6_Mothbot_yolo11m_4500_imgsz1600_b1_2024-01-18.pt.jpg,ORDER_Diptera,28-01-25,2:26:06,,2025_01_28__02_26_06,MachineObservation,Panama_Hoya_1004m_accionSauro_2025-01-26_2025-01-27,Panama_Hoya_1004m_accionSauro_2025-01-26_2025-01-27,accionSauro_2025_01_28__02_26_06_HDR0.jpg,accionSauro_2025_01_28__02_26_06_HDR0_6_Mothbot_yolo11m_4500_imgsz1600_b1_2024-01-18.pt.jpg
,Animalia,Arthropoda,Insecta,Diptera,,,,,,,Diptera,Diptera,Panama_Hoya_1004m_accionSauro_2025-01-26,accionSauro_2025_01_28__02_27_06_HDR0_0_Mothbot_yolo11m_4500_imgsz1600_b1_2024-01-18.pt.jpg,HS,Mothbot_yolo11m_4500_imgsz1600_b1_2024-01-18.pt,0.770184398,,accionSauro,Panama/Hoya_1004m_accionSauro_2025-01-26/2025-01-27/patches/accionSauro_2025_01_28__02_27_06_HDR0_0_Mothbot_yolo11m_4500_imgsz1600_b1_2024-01-18.pt.jpg,ORDER_Diptera,28-01-25,2:27:06,,2025_01_28__02_27_06,MachineObservation,Panama_Hoya_1004m_accionSauro_2025-01-26_2025-01-27,Panama_Hoya_1004m_accionSauro_2025-01-26_2025-01-27,accionSauro_2025_01_28__02_27_06_HDR0.jpg,accionSauro_2025_01_28__02_27_06_HDR0_0_Mothbot_yolo11m_4500_imgsz1600_b1_2024-01-18.pt.jpg
doi.org10.15468dl.6nxkw6.csv,Animalia,Arthropoda,Insecta,Hemiptera,Cicadidae,Guyalna,panamensis,,8496325,,Guyalna panamensis,Guyalna panamensis,Panama_Hoya_1004m_accionSauro_2025-01-26,accionSauro_2025_01_28__02_27_06_HDR0_1_Mothbot_yolo11m_4500_imgsz1600_b1_2024-01-18.pt.jpg,HS,Mothbot_yolo11m_4500_imgsz1600_b1_2024-01-18.pt,0.763409495,,accionSauro,Panama/Hoya_1004m_accionSauro_2025-01-26/2025-01-27/patches/accionSauro_2025_01_28__02_27_06_HDR0_1_Mothbot_yolo11m_4500_imgsz1600_b1_2024-01-18.pt.jpg,ORDER_Hemiptera,28-01-25,2:27:06,,2025_01_28__02_27_06,MachineObservation,Panama_Hoya_1004m_accionSauro_2025-01-26_2025-01-27,Panama_Hoya_1004m_accionSauro_2025-01-26_2025-01-27,accionSauro_2025_01_28__02_27_06_HDR0.jpg,accionSauro_2025_01_28__02_27_06_HDR0_1_Mothbot_yolo11m_4500_imgsz1600_b1_2024-01-18.pt.jpg
doi.org10.15468dl.6nxkw6.csv,Animalia,Arthropoda,Insecta,Hemiptera,,,,,809,,Hemiptera,Hemiptera,Panama_Hoya_1004m_accionSauro_2025-01-26,accionSauro_2025_01_28__02_27_06_HDR0_2_Mothbot_yolo11m_4500_imgsz1600_b1_2024-01-18.pt.jpg,HS,Mothbot_yolo11m_4500_imgsz1600_b1_2024-01-18.pt,0.750746667,,accionSauro,Panama/Hoya_1004m_accionSauro_2025-01-26/2025-01-27/patches/accionSauro_2025_01_28__02_27_06_HDR0_2_Mothbot_yolo11m_4500_imgsz1600_b1_2024-01-18.pt.jpg,ORDER_Psocodea,28-01-25,2:27:06,,2025_01_28__02_27_06,MachineObservation,Panama_Hoya_1004m_accionSauro_2025-01-26_2025-01-27,Panama_Hoya_1004m_accionSauro_2025-01-26_2025-01-27,accionSauro_2025_01_28__02_27_06_HDR0.jpg,accionSauro_2025_01_28__02_27_06_HDR0_2_Mothbot_yolo11m_4500_imgsz1600_b1_2024-01-18.pt.jpg
,Animalia,Arthropoda,Insecta,Diptera,,,,,,,Diptera,Diptera,Panama_Hoya_1004m_accionSauro_2025-01-26,accionSauro_2025_01_28__02_27_06_HDR0_3_Mothbot_yolo11m_4500_imgsz1600_b1_2024-01-18.pt.jpg,HS,Mothbot_yolo11m_4500_imgsz1600_b1_2024-01-18.pt,0.728868186,,accionSauro,Panama/Hoya_1004m_accionSauro_2025-01-26/2025-01-27/patches/accionSauro_2025_01_28__02_27_06_HDR0_3_Mothbot_yolo11m_4500_imgsz1600_b1_2024-01-18.pt.jpg,ORDER_Diptera,28-01-25,2:27:06,,2025_01_28__02_27_06,MachineObservation,Panama_Hoya_1004m_accionSauro_2025-01-26_2025-01-27,Panama_Hoya_1004m_accionSauro_2025-01-26_2025-01-27,accionSauro_2025_01_28__02_27_06_HDR0.jpg,accionSauro_2025_01_28__02_27_06_HDR0_3_Mothbot_yolo11m_4500_imgsz1600_b1_2024-01-18.pt.jpg
doi.org10.15468dl.6nxkw6.csv,Animalia,Arthropoda,Insecta,Hemiptera,,,,,809,,Hemiptera,Hemiptera,Panama_Hoya_1004m_accionSauro_2025-01-26,accionSauro_2025_01_28__02_27_06_HDR0_4_Mothbot_yolo11m_4500_imgsz1600_b1_2024-01-18.pt.jpg,HS,Mothbot_yolo11m_4500_imgsz1600_b1_2024-01-18.pt,0.705465257,,accionSauro,Panama/Hoya_1004m_accionSauro_2025-01-26/2025-01-27/patches/accionSauro_2025_01_28__02_27_06_HDR0_4_Mothbot_yolo11m_4500_imgsz1600_b1_2024-01-18.pt.jpg,ORDER_Diptera,28-01-25,2:27:06,,2025_01_28__02_27_06,MachineObservation,Panama_Hoya_1004m_accionSauro_2025-01-26_2025-01-27,Panama_Hoya_1004m_accionSauro_2025-01-26_2025-01-27,accionSauro_2025_01_28__02_27_06_HDR0.jpg,accionSauro_2025_01_28__02_27_06_HDR0_4_Mothbot_yolo11m_4500_imgsz1600_b1_2024-01-18.pt.jpg
doi.org10.15468dl.6nxkw6.csv,Animalia,Arthropoda,Insecta,Coleoptera,Chrysomelidae,Diabrotica,,diabrotica1,1048495,,Diabrotica,diabrotica1,Panama_Hoya_1004m_accionSauro_2025-01-26,accionSauro_2025_01_28__02_27_06_HDR0_5_Mothbot_yolo11m_4500_imgsz1600_b1_2024-01-18.pt.jpg,HS,Mothbot_yolo11m_4500_imgsz1600_b1_2024-01-18.pt,0.635766208,,accionSauro,Panama/Hoya_1004m_accionSauro_2025-01-26/2025-01-27/patches/accionSauro_2025_01_28__02_27_06_HDR0_5_Mothbot_yolo11m_4500_imgsz1600_b1_2024-01-18.pt.jpg,ORDER_Coleoptera,28-01-25,2:27:06,,2025_01_28__02_27_06,MachineObservation,Panama_Hoya_1004m_accionSauro_2025-01-26_2025-01-27,Panama_Hoya_1004m_accionSauro_2025-01-26_2025-01-27,accionSauro_2025_01_28__02_27_06_HDR0.jpg,accionSauro_2025_01_28__02_27_06_HDR0_5_Mothbot_yolo11m_4500_imgsz1600_b1_2024-01-18.pt.jpg
,Animalia,Arthropoda,Insecta,Diptera,,,,,,,Diptera,Diptera,Panama_Hoya_1004m_accionSauro_2025-01-26,accionSauro_2025_01_28__02_28_06_HDR0_0_Mothbot_yolo11m_4500_imgsz1600_b1_2024-01-18.pt.jpg,HS,Mothbot_yolo11m_4500_imgsz1600_b1_2024-01-18.pt,0.741862595,,accionSauro,Panama/Hoya_1004m_accionSauro_2025-01-26/2025-01-27/patches/accionSauro_2025_01_28__02_28_06_HDR0_0_Mothbot_yolo11m_4500_imgsz1600_b1_2024-01-18.pt.jpg,ORDER_Diptera,28-01-25,2:28:06,,2025_01_28__02_28_06,MachineObservation,Panama_Hoya_1004m_accionSauro_2025-01-26_2025-01-27,Panama_Hoya_1004m_accionSauro_2025-01-26_2025-01-27,accionSauro_2025_01_28__02_28_06_HDR0.jpg,accionSauro_2025_01_28__02_28_06_HDR0_0_Mothbot_yolo11m_4500_imgsz1600_b1_2024-01-18.pt.jpg
doi.org10.15468dl.6nxkw6.csv,Animalia,Arthropoda,Insecta,Hemiptera,Cicadidae,Guyalna,panamensis,,8496325,,Guyalna panamensis,Guyalna panamensis,Panama_Hoya_1004m_accionSauro_2025-01-26,accionSauro_2025_01_28__02_28_06_HDR0_1_Mothbot_yolo11m_4500_imgsz1600_b1_2024-01-18.pt.jpg,HS,Mothbot_yolo11m_4500_imgsz1600_b1_2024-01-18.pt,0.731156409,,accionSauro,Panama/Hoya_1004m_accionSauro_2025-01-26/2025-01-27/patches/accionSauro_2025_01_28__02_28_06_HDR0_1_Mothbot_yolo11m_4500_imgsz1600_b1_2024-01-18.pt.jpg,ORDER_Hemiptera,28-01-25,2:28:06,,2025_01_28__02_28_06,MachineObservation,Panama_Hoya_1004m_accionSauro_2025-01-26_2025-01-27,Panama_Hoya_1004m_accionSauro_2025-01-26_2025-01-27,accionSauro_2025_01_28__02_28_06_HDR0.jpg,accionSauro_2025_01_28__02_28_06_HDR0_1_Mothbot_yolo11m_4500_imgsz1600_b1_2024-01-18.pt.jpg
doi.org10.15468dl.6nxkw6.csv,Animalia,Arthropoda,Insecta,Hemiptera,,,,,809,,Hemiptera,Hemiptera,Panama_Hoya_1004m_accionSauro_2025-01-26,accionSauro_2025_01_28__02_28_06_HDR0_2_Mothbot_yolo11m_4500_imgsz1600_b1_2024-01-18.pt.jpg,HS,Mothbot_yolo11m_4500_imgsz1600_b1_2024-01-18.pt,0.698522449,,accionSauro,Panama/Hoya_1004m_accionSauro_2025-01-26/2025-01-27/patches/accionSauro_2025_01_28__02_28_06_HDR0_2_Mothbot_yolo11m_4500_imgsz1600_b1_2024-01-18.pt.jpg,ORDER_Diptera,28-01-25,2:28:06,,2025_01_28__02_28_06,MachineObservation,Panama_Hoya_1004m_accionSauro_2025-01-26_2025-01-27,Panama_Hoya_1004m_accionSauro_2025-01-26_2025-01-27,accionSauro_2025_01_28__02_28_06_HDR0.jpg,accionSauro_2025_01_28__02_28_06_HDR0_2_Mothbot_yolo11m_4500_imgsz1600_b1_2024-01-18.pt.jpg
,Animalia,Arthropoda,Insecta,Hemiptera,,,,,,,Hemiptera,Hemiptera,Panama_Hoya_1004m_accionSauro_2025-01-26,accionSauro_2025_01_28__02_28_06_HDR0_3_Mothbot_yolo11m_4500_imgsz1600_b1_2024-01-18.pt.jpg,HS,Mothbot_yolo11m_4500_imgsz1600_b1_2024-01-18.pt,0.669582427,,accionSauro,Panama/Hoya_1004m_accionSauro_2025-01-26/2025-01-27/patches/accionSauro_2025_01_28__02_28_06_HDR0_3_Mothbot_yolo11m_4500_imgsz1600_b1_2024-01-18.pt.jpg,ORDER_Hemiptera,28-01-25,2:28:06,,2025_01_28__02_28_06,MachineObservation,Panama_Hoya_1004m_accionSauro_2025-01-26_2025-01-27,Panama_Hoya_1004m_accionSauro_2025-01-26_2025-01-27,accionSauro_2025_01_28__02_28_06_HDR0.jpg,accionSauro_2025_01_28__02_28_06_HDR0_3_Mothbot_yolo11m_4500_imgsz1600_b1_2024-01-18.pt.jpg
doi.org10.15468dl.6nxkw6.csv,Animalia,Arthropoda,Insecta,Coleoptera,Chrysomelidae,Diabrotica,,diabrotica1,1048495,,Diabrotica,diabrotica1,Panama_Hoya_1004m_accionSauro_2025-01-26,accionSauro_2025_01_28__02_28_06_HDR0_4_Mothbot_yolo11m_4500_imgsz1600_b1_2024-01-18.pt.jpg,HS,Mothbot_yolo11m_4500_imgsz1600_b1_2024-01-18.pt,0.610223949,,accionSauro,Panama/Hoya_1004m_accionSauro_2025-01-26/2025-01-27/patches/accionSauro_2025_01_28__02_28_06_HDR0_4_Mothbot_yolo11m_4500_imgsz1600_b1_2024-01-18.pt.jpg,ORDER_Coleoptera,28-01-25,2:28:06,,2025_01_28__02_28_06,MachineObservation,Panama_Hoya_1004m_accionSauro_2025-01-26_2025-01-27,Panama_Hoya_1004m_accionSauro_2025-01-26_2025-01-27,accionSauro_2025_01_28__02_28_06_HDR0.jpg,accionSauro_2025_01_28__02_28_06_HDR0_4_Mothbot_yolo11m_4500_imgsz1600_b1_2024-01-18.pt.jpg
doi.org10.15468dl.6nxkw6.csv,Animalia,Arthropoda,Insecta,Hemiptera,Cicadidae,Guyalna,panamensis,,8496325,,Guyalna panamensis,Guyalna panamensis,Panama_Hoya_1004m_accionSauro_2025-01-26,accionSauro_2025_01_28__02_28_06_HDR0_5_Mothbot_yolo11m_4500_imgsz1600_b1_2024-01-18.pt.jpg,HS,Mothbot_yolo11m_4500_imgsz1600_b1_2024-01-18.pt,0.346328169,,accionSauro,Panama/Hoya_1004m_accionSauro_2025-01-26/2025-01-27/patches/accionSauro_2025_01_28__02_28_06_HDR0_5_Mothbot_yolo11m_4500_imgsz1600_b1_2024-01-18.pt.jpg,ORDER_Hemiptera,28-01-25,2:28:06,,2025_01_28__02_28_06,MachineObservation,Panama_Hoya_1004m_accionSauro_2025-01-26_2025-01-27,Panama_Hoya_1004m_accionSauro_2025-01-26_2025-01-27,accionSauro_2025_01_28__02_28_06_HDR0.jpg,accionSauro_2025_01_28__02_28_06_HDR0_5_Mothbot_yolo11m_4500_imgsz1600_b1_2024-01-18.pt.jpg
doi.org10.15468dl.6nxkw6.csv,Animalia,Arthropoda,Insecta,Hemiptera,Cicadidae,Guyalna,panamensis,,8496325,,Guyalna panamensis,Guyalna panamensis,Panama_Hoya_1004m_accionSauro_2025-01-26,accionSauro_2025_01_28__02_29_23_HDR0_0_Mothbot_yolo11m_4500_imgsz1600_b1_2024-01-18.pt.jpg,HS,Mothbot_yolo11m_4500_imgsz1600_b1_2024-01-18.pt,0.803958714,,accionSauro,Panama/Hoya_1004m_accionSauro_2025-01-26/2025-01-27/patches/accionSauro_2025_01_28__02_29_23_HDR0_0_Mothbot_yolo11m_4500_imgsz1600_b1_2024-01-18.pt.jpg,ORDER_Hemiptera,28-01-25,2:29:23,,2025_01_28__02_29_23,MachineObservation,Panama_Hoya_1004m_accionSauro_2025-01-26_2025-01-27,Panama_Hoya_1004m_accionSauro_2025-01-26_2025-01-27,accionSauro_2025_01_28__02_29_23_HDR0.jpg,accionSauro_2025_01_28__02_29_23_HDR0_0_Mothbot_yolo11m_4500_imgsz1600_b1_2024-01-18.pt.jpg
doi.org10.15468dl.6nxkw6.csv,Animalia,Arthropoda,Insecta,Coleoptera,Chrysomelidae,Diabrotica,,diabrotica1,1048495,,Diabrotica,diabrotica1,Panama_Hoya_1004m_accionSauro_2025-01-26,accionSauro_2025_01_28__02_29_23_HDR0_1_Mothbot_yolo11m_4500_imgsz1600_b1_2024-01-18.pt.jpg,HS,Mothbot_yolo11m_4500_imgsz1600_b1_2024-01-18.pt,0.612928867,,accionSauro,Panama/Hoya_1004m_accionSauro_2025-01-26/2025-01-27/patches/accionSauro_2025_01_28__02_29_23_HDR0_1_Mothbot_yolo11m_4500_imgsz1600_b1_2024-01-18.pt.jpg,ORDER_Coleoptera,28-01-25,2:29:23,,2025_01_28__02_29_23,MachineObservation,Panama_Hoya_1004m_accionSauro_2025-01-26_2025-01-27,Panama_Hoya_1004m_accionSauro_2025-01-26_2025-01-27,accionSauro_2025_01_28__02_29_23_HDR0.jpg,accionSauro_2025_01_28__02_29_23_HDR0_1_Mothbot_yolo11m_4500_imgsz1600_b1_2024-01-18.pt.jpg
doi.org10.15468dl.6nxkw6.csv,Animalia,Arthropoda,Insecta,Hemiptera,Cicadidae,Guyalna,panamensis,,8496325,,Guyalna panamensis,Guyalna panamensis,Panama_Hoya_1004m_accionSauro_2025-01-26,accionSauro_2025_01_28__02_29_23_HDR0_2_Mothbot_yolo11m_4500_imgsz1600_b1_2024-01-18.pt.jpg,HS,Mothbot_yolo11m_4500_imgsz1600_b1_2024-01-18.pt,0.365617901,,accionSauro,Panama/Hoya_1004m_accionSauro_2025-01-26/2025-01-27/patches/accionSauro_2025_01_28__02_29_23_HDR0_2_Mothbot_yolo11m_4500_imgsz1600_b1_2024-01-18.pt.jpg,ORDER_Hemiptera,28-01-25,2:29:23,,2025_01_28__02_29_23,MachineObservation,Panama_Hoya_1004m_accionSauro_2025-01-26_2025-01-27,Panama_Hoya_1004m_accionSauro_2025-01-26_2025-01-27,accionSauro_2025_01_28__02_29_23_HDR0.jpg,accionSauro_2025_01_28__02_29_23_HDR0_2_Mothbot_yolo11m_4500_imgsz1600_b1_2024-01-18.pt.jpg
doi.org10.15468dl.6nxkw6.csv,Animalia,Arthropoda,Insecta,Hemiptera,Cicadidae,Guyalna,panamensis,,8496325,,Guyalna panamensis,Guyalna panamensis,Panama_Hoya_1004m_accionSauro_2025-01-26,accionSauro_2025_01_28__02_30_06_HDR0_0_Mothbot_yolo11m_4500_imgsz1600_b1_2024-01-18.pt.jpg,HS,Mothbot_yolo11m_4500_imgsz1600_b1_2024-01-18.pt,0.81502223,,accionSauro,Panama/Hoya_1004m_accionSauro_2025-01-26/2025-01-27/patches/accionSauro_2025_01_28__02_30_06_HDR0_0_Mothbot_yolo11m_4500_imgsz1600_b1_2024-01-18.pt.jpg,ORDER_Hemiptera,28-01-25,2:30:06,,2025_01_28__02_30_06,MachineObservation,Panama_Hoya_1004m_accionSauro_2025-01-26_2025-01-27,Panama_Hoya_1004m_accionSauro_2025-01-26_2025-01-27,accionSauro_2025_01_28__02_30_06_HDR0.jpg,accionSauro_2025_01_28__02_30_06_HDR0_0_Mothbot_yolo11m_4500_imgsz1600_b1_2024-01-18.pt.jpg
doi.org10.15468dl.6nxkw6.csv,Animalia,Arthropoda,Insecta,Coleoptera,Chrysomelidae,Diabrotica,,diabrotica1,1048495,,Diabrotica,diabrotica1,Panama_Hoya_1004m_accionSauro_2025-01-26,accionSauro_2025_01_28__02_30_06_HDR0_1_Mothbot_yolo11m_4500_imgsz1600_b1_2024-01-18.pt.jpg,HS,Mothbot_yolo11m_4500_imgsz1600_b1_2024-01-18.pt,0.668352425,,accionSauro,Panama/Hoya_1004m_accionSauro_2025-01-26/2025-01-27/patches/accionSauro_2025_01_28__02_30_06_HDR0_1_Mothbot_yolo11m_4500_imgsz1600_b1_2024-01-18.pt.jpg,ORDER_Coleoptera,28-01-25,2:30:06,,2025_01_28__02_30_06,MachineObservation,Panama_Hoya_1004m_accionSauro_2025-01-26_2025-01-27,Panama_Hoya_1004m_accionSauro_2025-01-26_2025-01-27,accionSauro_2025_01_28__02_30_06_HDR0.jpg,accionSauro_2025_01_28__02_30_06_HDR0_1_Mothbot_yolo11m_4500_imgsz1600_b1_2024-01-18.pt.jpg
doi.org10.15468dl.6nxkw6.csv,Animalia,Arthropoda,Insecta,Hemiptera,Cicadidae,Guyalna,panamensis,,8496325,,Guyalna panamensis,Guyalna panamensis,Panama_Hoya_1004m_accionSauro_2025-01-26,accionSauro_2025_01_28__02_30_06_HDR0_2_Mothbot_yolo11m_4500_imgsz1600_b1_2024-01-18.pt.jpg,HS,Mothbot_yolo11m_4500_imgsz1600_b1_2024-01-18.pt,0.334086955,,accionSauro,Panama/Hoya_1004m_accionSauro_2025-01-26/2025-01-27/patches/accionSauro_2025_01_28__02_30_06_HDR0_2_Mothbot_yolo11m_4500_imgsz1600_b1_2024-01-18.pt.jpg,ORDER_Hemiptera,28-01-25,2:30:06,,2025_01_28__02_30_06,MachineObservation,Panama_Hoya_1004m_accionSauro_2025-01-26_2025-01-27,Panama_Hoya_1004m_accionSauro_2025-01-26_2025-01-27,accionSauro_2025_01_28__02_30_06_HDR0.jpg,accionSauro_2025_01_28__02_30_06_HDR0_2_Mothbot_yolo11m_4500_imgsz1600_b1_2024-01-18.pt.jpg
doi.org10.15468dl.6nxkw6.csv,Animalia,Arthropoda,Insecta,Hemiptera,Cicadidae,Guyalna,panamensis,,8496325,,Guyalna panamensis,Guyalna panamensis,Panama_Hoya_1004m_accionSauro_2025-01-26,accionSauro_2025_01_28__02_31_05_HDR0_0_Mothbot_yolo11m_4500_imgsz1600_b1_2024-01-18.pt.jpg,HS,Mothbot_yolo11m_4500_imgsz1600_b1_2024-01-18.pt,0.795420945,,accionSauro,Panama/Hoya_1004m_accionSauro_2025-01-26/2025-01-27/patches/accionSauro_2025_01_28__02_31_05_HDR0_0_Mothbot_yolo11m_4500_imgsz1600_b1_2024-01-18.pt.jpg,ORDER_Hemiptera,28-01-25,2:31:05,,2025_01_28__02_31_05,MachineObservation,Panama_Hoya_1004m_accionSauro_2025-01-26_2025-01-27,Panama_Hoya_1004m_accionSauro_2025-01-26_2025-01-27,accionSauro_2025_01_28__02_31_05_HDR0.jpg,accionSauro_2025_01_28__02_31_05_HDR0_0_Mothbot_yolo11m_4500_imgsz1600_b1_2024-01-18.pt.jpg
doi.org10.15468dl.6nxkw6.csv,Animalia,Arthropoda,Insecta,Coleoptera,Chrysomelidae,Diabrotica,,diabrotica1,1048495,,Diabrotica,diabrotica1,Panama_Hoya_1004m_accionSauro_2025-01-26,accionSauro_2025_01_28__02_31_05_HDR0_1_Mothbot_yolo11m_4500_imgsz1600_b1_2024-01-18.pt.jpg,HS,Mothbot_yolo11m_4500_imgsz1600_b1_2024-01-18.pt,0.646580935,,accionSauro,Panama/Hoya_1004m_accionSauro_2025-01-26/2025-01-27/patches/accionSauro_2025_01_28__02_31_05_HDR0_1_Mothbot_yolo11m_4500_imgsz1600_b1_2024-01-18.pt.jpg,ORDER_Coleoptera,28-01-25,2:31:05,,2025_01_28__02_31_05,MachineObservation,Panama_Hoya_1004m_accionSauro_2025-01-26_2025-01-27,Panama_Hoya_1004m_accionSauro_2025-01-26_2025-01-27,accionSauro_2025_01_28__02_31_05_HDR0.jpg,accionSauro_2025_01_28__02_31_05_HDR0_1_Mothbot_yolo11m_4500_imgsz1600_b1_2024-01-18.pt.jpg
doi.org10.15468dl.6nxkw6.csv,Animalia,Arthropoda,Insecta,Hemiptera,Cicadidae,Guyalna,panamensis,,8496325,,Guyalna panamensis,Guyalna panamensis,Panama_Hoya_1004m_accionSauro_2025-01-26,accionSauro_2025_01_28__02_31_05_HDR0_2_Mothbot_yolo11m_4500_imgsz1600_b1_2024-01-18.pt.jpg,HS,Mothbot_yolo11m_4500_imgsz1600_b1_2024-01-18.pt,0.389364094,,accionSauro,Panama/Hoya_1004m_accionSauro_2025-01-26/2025-01-27/patches/accionSauro_2025_01_28__02_31_05_HDR0_2_Mothbot_yolo11m_4500_imgsz1600_b1_2024-01-18.pt.jpg,ORDER_Hemiptera,28-01-25,2:31:05,,2025_01_28__02_31_05,MachineObservation,Panama_Hoya_1004m_accionSauro_2025-01-26_2025-01-27,Panama_Hoya_1004m_accionSauro_2025-01-26_2025-01-27,accionSauro_2025_01_28__02_31_05_HDR0.jpg,accionSauro_2025_01_28__02_31_05_HDR0_2_Mothbot_yolo11m_4500_imgsz1600_b1_2024-01-18.pt.jpg
doi.org10.15468dl.6nxkw6.csv,Animalia,Arthropoda,Insecta,Hemiptera,Cicadidae,Guyalna,panamensis,,8496325,,Guyalna panamensis,Guyalna panamensis,Panama_Hoya_1004m_accionSauro_2025-01-26,accionSauro_2025_01_28__02_32_06_HDR0_0_Mothbot_yolo11m_4500_imgsz1600_b1_2024-01-18.pt.jpg,HS,Mothbot_yolo11m_4500_imgsz1600_b1_2024-01-18.pt,0.78844732,,accionSauro,Panama/Hoya_1004m_accionSauro_2025-01-26/2025-01-27/patches/accionSauro_2025_01_28__02_32_06_HDR0_0_Mothbot_yolo11m_4500_imgsz1600_b1_2024-01-18.pt.jpg,ORDER_Hemiptera,28-01-25,2:32:06,,2025_01_28__02_32_06,MachineObservation,Panama_Hoya_1004m_accionSauro_2025-01-26_2025-01-27,Panama_Hoya_1004m_accionSauro_2025-01-26_2025-01-27,accionSauro_2025_01_28__02_32_06_HDR0.jpg,accionSauro_2025_01_28__02_32_06_HDR0_0_Mothbot_yolo11m_4500_imgsz1600_b1_2024-01-18.pt.jpg
doi.org10.15468dl.6nxkw6.csv,Animalia,Arthropoda,Insecta,Coleoptera,Chrysomelidae,Diabrotica,,diabrotica1,1048495,,Diabrotica,diabrotica1,Panama_Hoya_1004m_accionSauro_2025-01-26,accionSauro_2025_01_28__02_32_06_HDR0_1_Mothbot_yolo11m_4500_imgsz1600_b1_2024-01-18.pt.jpg,HS,Mothbot_yolo11m_4500_imgsz1600_b1_2024-01-18.pt,0.657706022,,accionSauro,Panama/Hoya_1004m_accionSauro_2025-01-26/2025-01-27/patches/accionSauro_2025_01_28__02_32_06_HDR0_1_Mothbot_yolo11m_4500_imgsz1600_b1_2024-01-18.pt.jpg,ORDER_Coleoptera,28-01-25,2:32:06,,2025_01_28__02_32_06,MachineObservation,Panama_Hoya_1004m_accionSauro_2025-01-26_2025-01-27,Panama_Hoya_1004m_accionSauro_2025-01-26_2025-01-27,accionSauro_2025_01_28__02_32_06_HDR0.jpg,accionSauro_2025_01_28__02_32_06_HDR0_1_Mothbot_yolo11m_4500_imgsz1600_b1_2024-01-18.pt.jpg
,Animalia,Arthropoda,Insecta,Hemiptera,,,,,,,Hemiptera,Hemiptera,Panama_Hoya_1004m_accionSauro_2025-01-26,accionSauro_2025_01_28__02_32_06_HDR0_2_Mothbot_yolo11m_4500_imgsz1600_b1_2024-01-18.pt.jpg,HS,Mothbot_yolo11m_4500_imgsz1600_b1_2024-01-18.pt,0.548727453,,accionSauro,Panama/Hoya_1004m_accionSauro_2025-01-26/2025-01-27/patches/accionSauro_2025_01_28__02_32_06_HDR0_2_Mothbot_yolo11m_4500_imgsz1600_b1_2024-01-18.pt.jpg,ORDER_Hemiptera,28-01-25,2:32:06,,2025_01_28__02_32_06,MachineObservation,Panama_Hoya_1004m_accionSauro_2025-01-26_2025-01-27,Panama_Hoya_1004m_accionSauro_2025-01-26_2025-01-27,accionSauro_2025_01_28__02_32_06_HDR0.jpg,accionSauro_2025_01_28__02_32_06_HDR0_2_Mothbot_yolo11m_4500_imgsz1600_b1_2024-01-18.pt.jpg
doi.org10.15468dl.6nxkw6.csv,Animalia,Arthropoda,Insecta,Hemiptera,Cicadidae,Guyalna,panamensis,,8496325,,Guyalna panamensis,Guyalna panamensis,Panama_Hoya_1004m_accionSauro_2025-01-26,accionSauro_2025_01_28__02_32_06_HDR0_3_Mothbot_yolo11m_4500_imgsz1600_b1_2024-01-18.pt.jpg,HS,Mothbot_yolo11m_4500_imgsz1600_b1_2024-01-18.pt,0.482446164,,accionSauro,Panama/Hoya_1004m_accionSauro_2025-01-26/2025-01-27/patches/accionSauro_2025_01_28__02_32_06_HDR0_3_Mothbot_yolo11m_4500_imgsz1600_b1_2024-01-18.pt.jpg,ORDER_Hemiptera,28-01-25,2:32:06,,2025_01_28__02_32_06,MachineObservation,Panama_Hoya_1004m_accionSauro_2025-01-26_2025-01-27,Panama_Hoya_1004m_accionSauro_2025-01-26_2025-01-27,accionSauro_2025_01_28__02_32_06_HDR0.jpg,accionSauro_2025_01_28__02_32_06_HDR0_3_Mothbot_yolo11m_4500_imgsz1600_b1_2024-01-18.pt.jpg
,Animalia,Arthropoda,Insecta,Diptera,,,,,,,Diptera,Diptera,Panama_Hoya_1004m_accionSauro_2025-01-26,accionSauro_2025_01_28__02_32_06_HDR0_4_Mothbot_yolo11m_4500_imgsz1600_b1_2024-01-18.pt.jpg,HS,Mothbot_yolo11m_4500_imgsz1600_b1_2024-01-18.pt,0.458059162,,accionSauro,Panama/Hoya_1004m_accionSauro_2025-01-26/2025-01-27/patches/accionSauro_2025_01_28__02_32_06_HDR0_4_Mothbot_yolo11m_4500_imgsz1600_b1_2024-01-18.pt.jpg,ORDER_Diptera,28-01-25,2:32:06,,2025_01_28__02_32_06,MachineObservation,Panama_Hoya_1004m_accionSauro_2025-01-26_2025-01-27,Panama_Hoya_1004m_accionSauro_2025-01-26_2025-01-27,accionSauro_2025_01_28__02_32_06_HDR0.jpg,accionSauro_2025_01_28__02_32_06_HDR0_4_Mothbot_yolo11m_4500_imgsz1600_b1_2024-01-18.pt.jpg
doi.org10.15468dl.6nxkw6.csv,Animalia,Arthropoda,Insecta,Hemiptera,Cicadidae,Guyalna,panamensis,,8496325,,Guyalna panamensis,Guyalna panamensis,Panama_Hoya_1004m_accionSauro_2025-01-26,accionSauro_2025_01_28__02_33_06_HDR0_0_Mothbot_yolo11m_4500_imgsz1600_b1_2024-01-18.pt.jpg,HS,Mothbot_yolo11m_4500_imgsz1600_b1_2024-01-18.pt,0.847865224,,accionSauro,Panama/Hoya_1004m_accionSauro_2025-01-26/2025-01-27/patches/accionSauro_2025_01_28__02_33_06_HDR0_0_Mothbot_yolo11m_4500_imgsz1600_b1_2024-01-18.pt.jpg,ORDER_Hemiptera,28-01-25,2:33:06,,2025_01_28__02_33_06,MachineObservation,Panama_Hoya_1004m_accionSauro_2025-01-26_2025-01-27,Panama_Hoya_1004m_accionSauro_2025-01-26_2025-01-27,accionSauro_2025_01_28__02_33_06_HDR0.jpg,accionSauro_2025_01_28__02_33_06_HDR0_0_Mothbot_yolo11m_4500_imgsz1600_b1_2024-01-18.pt.jpg
,Animalia,Arthropoda,Insecta,Lepidoptera,,,,,,,Lepidoptera,Lepidoptera,Panama_Hoya_1004m_accionSauro_2025-01-26,accionSauro_2025_01_28__02_33_06_HDR0_1_Mothbot_yolo11m_4500_imgsz1600_b1_2024-01-18.pt.jpg,HS,Mothbot_yolo11m_4500_imgsz1600_b1_2024-01-18.pt,0.708096683,,accionSauro,Panama/Hoya_1004m_accionSauro_2025-01-26/2025-01-27/patches/accionSauro_2025_01_28__02_33_06_HDR0_1_Mothbot_yolo11m_4500_imgsz1600_b1_2024-01-18.pt.jpg,ORDER_Lepidoptera,28-01-25,2:33:06,,2025_01_28__02_33_06,MachineObservation,Panama_Hoya_1004m_accionSauro_2025-01-26_2025-01-27,Panama_Hoya_1004m_accionSauro_2025-01-26_2025-01-27,accionSauro_2025_01_28__02_33_06_HDR0.jpg,accionSauro_2025_01_28__02_33_06_HDR0_1_Mothbot_yolo11m_4500_imgsz1600_b1_2024-01-18.pt.jpg
doi.org10.15468dl.6nxkw6.csv,Animalia,Arthropoda,Insecta,Coleoptera,Chrysomelidae,Diabrotica,,diabrotica1,1048495,,Diabrotica,diabrotica1,Panama_Hoya_1004m_accionSauro_2025-01-26,accionSauro_2025_01_28__02_33_06_HDR0_2_Mothbot_yolo11m_4500_imgsz1600_b1_2024-01-18.pt.jpg,HS,Mothbot_yolo11m_4500_imgsz1600_b1_2024-01-18.pt,0.663103104,,accionSauro,Panama/Hoya_1004m_accionSauro_2025-01-26/2025-01-27/patches/accionSauro_2025_01_28__02_33_06_HDR0_2_Mothbot_yolo11m_4500_imgsz1600_b1_2024-01-18.pt.jpg,ORDER_Coleoptera,28-01-25,2:33:06,,2025_01_28__02_33_06,MachineObservation,Panama_Hoya_1004m_accionSauro_2025-01-26_2025-01-27,Panama_Hoya_1004m_accionSauro_2025-01-26_2025-01-27,accionSauro_2025_01_28__02_33_06_HDR0.jpg,accionSauro_2025_01_28__02_33_06_HDR0_2_Mothbot_yolo11m_4500_imgsz1600_b1_2024-01-18.pt.jpg
doi.org10.15468dl.6nxkw6.csv,Animalia,Arthropoda,Insecta,Hemiptera,Cicadidae,Guyalna,panamensis,,8496325,,Guyalna panamensis,Guyalna panamensis,Panama_Hoya_1004m_accionSauro_2025-01-26,accionSauro_2025_01_28__02_33_06_HDR0_3_Mothbot_yolo11m_4500_imgsz1600_b1_2024-01-18.pt.jpg,HS,Mothbot_yolo11m_4500_imgsz1600_b1_2024-01-18.pt,0.347818136,,accionSauro,Panama/Hoya_1004m_accionSauro_2025-01-26/2025-01-27/patches/accionSauro_2025_01_28__02_33_06_HDR0_3_Mothbot_yolo11m_4500_imgsz1600_b1_2024-01-18.pt.jpg,ORDER_Hemiptera,28-01-25,2:33:06,,2025_01_28__02_33_06,MachineObservation,Panama_Hoya_1004m_accionSauro_2025-01-26_2025-01-27,Panama_Hoya_1004m_accionSauro_2025-01-26_2025-01-27,accionSauro_2025_01_28__02_33_06_HDR0.jpg,accionSauro_2025_01_28__02_33_06_HDR0_3_Mothbot_yolo11m_4500_imgsz1600_b1_2024-01-18.pt.jpg
doi.org10.15468dl.6nxkw6.csv,Animalia,Arthropoda,Insecta,Hemiptera,Cicadidae,Guyalna,panamensis,,8496325,,Guyalna panamensis,Guyalna panamensis,Panama_Hoya_1004m_accionSauro_2025-01-26,accionSauro_2025_01_28__02_34_06_HDR0_0_Mothbot_yolo11m_4500_imgsz1600_b1_2024-01-18.pt.jpg,HS,Mothbot_yolo11m_4500_imgsz1600_b1_2024-01-18.pt,0.811865151,,accionSauro,Panama/Hoya_1004m_accionSauro_2025-01-26/2025-01-27/patches/accionSauro_2025_01_28__02_34_06_HDR0_0_Mothbot_yolo11m_4500_imgsz1600_b1_2024-01-18.pt.jpg,ORDER_Hemiptera,28-01-25,2:34:06,,2025_01_28__02_34_06,MachineObservation,Panama_Hoya_1004m_accionSauro_2025-01-26_2025-01-27,Panama_Hoya_1004m_accionSauro_2025-01-26_2025-01-27,accionSauro_2025_01_28__02_34_06_HDR0.jpg,accionSauro_2025_01_28__02_34_06_HDR0_0_Mothbot_yolo11m_4500_imgsz1600_b1_2024-01-18.pt.jpg
,Animalia,Arthropoda,Insecta,Lepidoptera,,,,,,,Lepidoptera,Lepidoptera,Panama_Hoya_1004m_accionSauro_2025-01-26,accionSauro_2025_01_28__02_34_06_HDR0_1_Mothbot_yolo11m_4500_imgsz1600_b1_2024-01-18.pt.jpg,HS,Mothbot_yolo11m_4500_imgsz1600_b1_2024-01-18.pt,0.786505342,,accionSauro,Panama/Hoya_1004m_accionSauro_2025-01-26/2025-01-27/patches/accionSauro_2025_01_28__02_34_06_HDR0_1_Mothbot_yolo11m_4500_imgsz1600_b1_2024-01-18.pt.jpg,ORDER_Lepidoptera,28-01-25,2:34:06,,2025_01_28__02_34_06,MachineObservation,Panama_Hoya_1004m_accionSauro_2025-01-26_2025-01-27,Panama_Hoya_1004m_accionSauro_2025-01-26_2025-01-27,accionSauro_2025_01_28__02_34_06_HDR0.jpg,accionSauro_2025_01_28__02_34_06_HDR0_1_Mothbot_yolo11m_4500_imgsz1600_b1_2024-01-18.pt.jpg
,Animalia,Arthropoda,Insecta,Diptera,,,,,,,Diptera,Diptera,Panama_Hoya_1004m_accionSauro_2025-01-26,accionSauro_2025_01_28__02_34_06_HDR0_2_Mothbot_yolo11m_4500_imgsz1600_b1_2024-01-18.pt.jpg,HS,Mothbot_yolo11m_4500_imgsz1600_b1_2024-01-18.pt,0.673535466,,accionSauro,Panama/Hoya_1004m_accionSauro_2025-01-26/2025-01-27/patches/accionSauro_2025_01_28__02_34_06_HDR0_2_Mothbot_yolo11m_4500_imgsz1600_b1_2024-01-18.pt.jpg,ORDER_Diptera,28-01-25,2:34:06,,2025_01_28__02_34_06,MachineObservation,Panama_Hoya_1004m_accionSauro_2025-01-26_2025-01-27,Panama_Hoya_1004m_accionSauro_2025-01-26_2025-01-27,accionSauro_2025_01_28__02_34_06_HDR0.jpg,accionSauro_2025_01_28__02_34_06_HDR0_2_Mothbot_yolo11m_4500_imgsz1600_b1_2024-01-18.pt.jpg
,Animalia,Arthropoda,Insecta,Hemiptera,,,,,,,Hemiptera,Hemiptera,Panama_Hoya_1004m_accionSauro_2025-01-26,accionSauro_2025_01_28__02_34_06_HDR0_3_Mothbot_yolo11m_4500_imgsz1600_b1_2024-01-18.pt.jpg,HS,Mothbot_yolo11m_4500_imgsz1600_b1_2024-01-18.pt,0.668275654,,accionSauro,Panama/Hoya_1004m_accionSauro_2025-01-26/2025-01-27/patches/accionSauro_2025_01_28__02_34_06_HDR0_3_Mothbot_yolo11m_4500_imgsz1600_b1_2024-01-18.pt.jpg,ORDER_Hemiptera,28-01-25,2:34:06,,2025_01_28__02_34_06,MachineObservation,Panama_Hoya_1004m_accionSauro_2025-01-26_2025-01-27,Panama_Hoya_1004m_accionSauro_2025-01-26_2025-01-27,accionSauro_2025_01_28__02_34_06_HDR0.jpg,accionSauro_2025_01_28__02_34_06_HDR0_3_Mothbot_yolo11m_4500_imgsz1600_b1_2024-01-18.pt.jpg
,Animalia,Arthropoda,Insecta,Diptera,,,,,,,Diptera,Diptera,Panama_Hoya_1004m_accionSauro_2025-01-26,accionSauro_2025_01_28__02_34_06_HDR0_4_Mothbot_yolo11m_4500_imgsz1600_b1_2024-01-18.pt.jpg,HS,Mothbot_yolo11m_4500_imgsz1600_b1_2024-01-18.pt,0.624204516,,accionSauro,Panama/Hoya_1004m_accionSauro_2025-01-26/2025-01-27/patches/accionSauro_2025_01_28__02_34_06_HDR0_4_Mothbot_yolo11m_4500_imgsz1600_b1_2024-01-18.pt.jpg,ORDER_Diptera,28-01-25,2:34:06,,2025_01_28__02_34_06,MachineObservation,Panama_Hoya_1004m_accionSauro_2025-01-26_2025-01-27,Panama_Hoya_1004m_accionSauro_2025-01-26_2025-01-27,accionSauro_2025_01_28__02_34_06_HDR0.jpg,accionSauro_2025_01_28__02_34_06_HDR0_4_Mothbot_yolo11m_4500_imgsz1600_b1_2024-01-18.pt.jpg
doi.org10.15468dl.6nxkw6.csv,Animalia,Arthropoda,Insecta,Coleoptera,Chrysomelidae,Diabrotica,,diabrotica1,1048495,,Diabrotica,diabrotica1,Panama_Hoya_1004m_accionSauro_2025-01-26,accionSauro_2025_01_28__02_34_06_HDR0_5_Mothbot_yolo11m_4500_imgsz1600_b1_2024-01-18.pt.jpg,HS,Mothbot_yolo11m_4500_imgsz1600_b1_2024-01-18.pt,0.620868266,,accionSauro,Panama/Hoya_1004m_accionSauro_2025-01-26/2025-01-27/patches/accionSauro_2025_01_28__02_34_06_HDR0_5_Mothbot_yolo11m_4500_imgsz1600_b1_2024-01-18.pt.jpg,ORDER_Coleoptera,28-01-25,2:34:06,,2025_01_28__02_34_06,MachineObservation,Panama_Hoya_1004m_accionSauro_2025-01-26_2025-01-27,Panama_Hoya_1004m_accionSauro_2025-01-26_2025-01-27,accionSauro_2025_01_28__02_34_06_HDR0.jpg,accionSauro_2025_01_28__02_34_06_HDR0_5_Mothbot_yolo11m_4500_imgsz1600_b1_2024-01-18.pt.jpg
doi.org10.15468dl.6nxkw6.csv,Animalia,Arthropoda,Insecta,Hemiptera,Cicadidae,Guyalna,panamensis,,8496325,,Guyalna panamensis,Guyalna panamensis,Panama_Hoya_1004m_accionSauro_2025-01-26,accionSauro_2025_01_28__02_35_06_HDR0_0_Mothbot_yolo11m_4500_imgsz1600_b1_2024-01-18.pt.jpg,HS,Mothbot_yolo11m_4500_imgsz1600_b1_2024-01-18.pt,0.801949024,,accionSauro,Panama/Hoya_1004m_accionSauro_2025-01-26/2025-01-27/patches/accionSauro_2025_01_28__02_35_06_HDR0_0_Mothbot_yolo11m_4500_imgsz1600_b1_2024-01-18.pt.jpg,ORDER_Hemiptera,28-01-25,2:35:06,,2025_01_28__02_35_06,MachineObservation,Panama_Hoya_1004m_accionSauro_2025-01-26_2025-01-27,Panama_Hoya_1004m_accionSauro_2025-01-26_2025-01-27,accionSauro_2025_01_28__02_35_06_HDR0.jpg,accionSauro_2025_01_28__02_35_06_HDR0_0_Mothbot_yolo11m_4500_imgsz1600_b1_2024-01-18.pt.jpg
doi.org10.15468dl.6nxkw6.csv,Animalia,Arthropoda,Insecta,Coleoptera,Chrysomelidae,Diabrotica,,diabrotica1,1048495,,Diabrotica,diabrotica1,Panama_Hoya_1004m_accionSauro_2025-01-26,accionSauro_2025_01_28__02_35_06_HDR0_1_Mothbot_yolo11m_4500_imgsz1600_b1_2024-01-18.pt.jpg,HS,Mothbot_yolo11m_4500_imgsz1600_b1_2024-01-18.pt,0.797765791,,accionSauro,Panama/Hoya_1004m_accionSauro_2025-01-26/2025-01-27/patches/accionSauro_2025_01_28__02_35_06_HDR0_1_Mothbot_yolo11m_4500_imgsz1600_b1_2024-01-18.pt.jpg,ORDER_Coleoptera,28-01-25,2:35:06,,2025_01_28__02_35_06,MachineObservation,Panama_Hoya_1004m_accionSauro_2025-01-26_2025-01-27,Panama_Hoya_1004m_accionSauro_2025-01-26_2025-01-27,accionSauro_2025_01_28__02_35_06_HDR0.jpg,accionSauro_2025_01_28__02_35_06_HDR0_1_Mothbot_yolo11m_4500_imgsz1600_b1_2024-01-18.pt.jpg
doi.org10.15468dl.6nxkw6.csv,Animalia,Arthropoda,Insecta,Coleoptera,Chrysomelidae,Diabrotica,,diabrotica1,1048495,,Diabrotica,diabrotica1,Panama_Hoya_1004m_accionSauro_2025-01-26,accionSauro_2025_01_28__02_35_06_HDR0_2_Mothbot_yolo11m_4500_imgsz1600_b1_2024-01-18.pt.jpg,HS,Mothbot_yolo11m_4500_imgsz1600_b1_2024-01-18.pt,0.766515136,,accionSauro,Panama/Hoya_1004m_accionSauro_2025-01-26/2025-01-27/patches/accionSauro_2025_01_28__02_35_06_HDR0_2_Mothbot_yolo11m_4500_imgsz1600_b1_2024-01-18.pt.jpg,ORDER_Coleoptera,28-01-25,2:35:06,,2025_01_28__02_35_06,MachineObservation,Panama_Hoya_1004m_accionSauro_2025-01-26_2025-01-27,Panama_Hoya_1004m_accionSauro_2025-01-26_2025-01-27,accionSauro_2025_01_28__02_35_06_HDR0.jpg,accionSauro_2025_01_28__02_35_06_HDR0_2_Mothbot_yolo11m_4500_imgsz1600_b1_2024-01-18.pt.jpg
,Animalia,Arthropoda,Insecta,Hemiptera,,,,,,,Hemiptera,Hemiptera,Panama_Hoya_1004m_accionSauro_2025-01-26,accionSauro_2025_01_28__02_35_06_HDR0_3_Mothbot_yolo11m_4500_imgsz1600_b1_2024-01-18.pt.jpg,HS,Mothbot_yolo11m_4500_imgsz1600_b1_2024-01-18.pt,0.716162145,,accionSauro,Panama/Hoya_1004m_accionSauro_2025-01-26/2025-01-27/patches/accionSauro_2025_01_28__02_35_06_HDR0_3_Mothbot_yolo11m_4500_imgsz1600_b1_2024-01-18.pt.jpg,ORDER_Hemiptera,28-01-25,2:35:06,,2025_01_28__02_35_06,MachineObservation,Panama_Hoya_1004m_accionSauro_2025-01-26_2025-01-27,Panama_Hoya_1004m_accionSauro_2025-01-26_2025-01-27,accionSauro_2025_01_28__02_35_06_HDR0.jpg,accionSauro_2025_01_28__02_35_06_HDR0_3_Mothbot_yolo11m_4500_imgsz1600_b1_2024-01-18.pt.jpg
doi.org10.15468dl.6nxkw6.csv,Animalia,Arthropoda,Insecta,,,,,,216,,Insecta,Insecta,Panama_Hoya_1004m_accionSauro_2025-01-26,accionSauro_2025_01_28__02_35_06_HDR0_4_Mothbot_yolo11m_4500_imgsz1600_b1_2024-01-18.pt.jpg,HS,Mothbot_yolo11m_4500_imgsz1600_b1_2024-01-18.pt,0.655060589,,accionSauro,Panama/Hoya_1004m_accionSauro_2025-01-26/2025-01-27/patches/accionSauro_2025_01_28__02_35_06_HDR0_4_Mothbot_yolo11m_4500_imgsz1600_b1_2024-01-18.pt.jpg,ORDER_Diptera,28-01-25,2:35:06,,2025_01_28__02_35_06,MachineObservation,Panama_Hoya_1004m_accionSauro_2025-01-26_2025-01-27,Panama_Hoya_1004m_accionSauro_2025-01-26_2025-01-27,accionSauro_2025_01_28__02_35_06_HDR0.jpg,accionSauro_2025_01_28__02_35_06_HDR0_4_Mothbot_yolo11m_4500_imgsz1600_b1_2024-01-18.pt.jpg
,Animalia,Arthropoda,Insecta,Diptera,,,,,,,Diptera,Diptera,Panama_Hoya_1004m_accionSauro_2025-01-26,accionSauro_2025_01_28__02_35_06_HDR0_5_Mothbot_yolo11m_4500_imgsz1600_b1_2024-01-18.pt.jpg,HS,Mothbot_yolo11m_4500_imgsz1600_b1_2024-01-18.pt,0.59179914,,accionSauro,Panama/Hoya_1004m_accionSauro_2025-01-26/2025-01-27/patches/accionSauro_2025_01_28__02_35_06_HDR0_5_Mothbot_yolo11m_4500_imgsz1600_b1_2024-01-18.pt.jpg,ORDER_Diptera,28-01-25,2:35:06,,2025_01_28__02_35_06,MachineObservation,Panama_Hoya_1004m_accionSauro_2025-01-26_2025-01-27,Panama_Hoya_1004m_accionSauro_2025-01-26_2025-01-27,accionSauro_2025_01_28__02_35_06_HDR0.jpg,accionSauro_2025_01_28__02_35_06_HDR0_5_Mothbot_yolo11m_4500_imgsz1600_b1_2024-01-18.pt.jpg
doi.org10.15468dl.6nxkw6.csv,Animalia,Arthropoda,Insecta,Hemiptera,Cicadidae,Guyalna,panamensis,,8496325,,Guyalna panamensis,Guyalna panamensis,Panama_Hoya_1004m_accionSauro_2025-01-26,accionSauro_2025_01_28__02_36_23_HDR0_0_Mothbot_yolo11m_4500_imgsz1600_b1_2024-01-18.pt.jpg,HS,Mothbot_yolo11m_4500_imgsz1600_b1_2024-01-18.pt,0.813652873,,accionSauro,Panama/Hoya_1004m_accionSauro_2025-01-26/2025-01-27/patches/accionSauro_2025_01_28__02_36_23_HDR0_0_Mothbot_yolo11m_4500_imgsz1600_b1_2024-01-18.pt.jpg,ORDER_Hemiptera,28-01-25,2:36:23,,2025_01_28__02_36_23,MachineObservation,Panama_Hoya_1004m_accionSauro_2025-01-26_2025-01-27,Panama_Hoya_1004m_accionSauro_2025-01-26_2025-01-27,accionSauro_2025_01_28__02_36_23_HDR0.jpg,accionSauro_2025_01_28__02_36_23_HDR0_0_Mothbot_yolo11m_4500_imgsz1600_b1_2024-01-18.pt.jpg
doi.org10.15468dl.6nxkw6.csv,Animalia,Arthropoda,Insecta,Coleoptera,Chrysomelidae,Diabrotica,,diabrotica1,1048495,,Diabrotica,diabrotica1,Panama_Hoya_1004m_accionSauro_2025-01-26,accionSauro_2025_01_28__02_36_23_HDR0_1_Mothbot_yolo11m_4500_imgsz1600_b1_2024-01-18.pt.jpg,HS,Mothbot_yolo11m_4500_imgsz1600_b1_2024-01-18.pt,0.776274681,,accionSauro,Panama/Hoya_1004m_accionSauro_2025-01-26/2025-01-27/patches/accionSauro_2025_01_28__02_36_23_HDR0_1_Mothbot_yolo11m_4500_imgsz1600_b1_2024-01-18.pt.jpg,ORDER_Coleoptera,28-01-25,2:36:23,,2025_01_28__02_36_23,MachineObservation,Panama_Hoya_1004m_accionSauro_2025-01-26_2025-01-27,Panama_Hoya_1004m_accionSauro_2025-01-26_2025-01-27,accionSauro_2025_01_28__02_36_23_HDR0.jpg,accionSauro_2025_01_28__02_36_23_HDR0_1_Mothbot_yolo11m_4500_imgsz1600_b1_2024-01-18.pt.jpg
,Animalia,Arthropoda,Insecta,Hemiptera,,,,,,,Hemiptera,Hemiptera,Panama_Hoya_1004m_accionSauro_2025-01-26,accionSauro_2025_01_28__02_36_23_HDR0_2_Mothbot_yolo11m_4500_imgsz1600_b1_2024-01-18.pt.jpg,HS,Mothbot_yolo11m_4500_imgsz1600_b1_2024-01-18.pt,0.709627926,,accionSauro,Panama/Hoya_1004m_accionSauro_2025-01-26/2025-01-27/patches/accionSauro_2025_01_28__02_36_23_HDR0_2_Mothbot_yolo11m_4500_imgsz1600_b1_2024-01-18.pt.jpg,ORDER_Hemiptera,28-01-25,2:36:23,,2025_01_28__02_36_23,MachineObservation,Panama_Hoya_1004m_accionSauro_2025-01-26_2025-01-27,Panama_Hoya_1004m_accionSauro_2025-01-26_2025-01-27,accionSauro_2025_01_28__02_36_23_HDR0.jpg,accionSauro_2025_01_28__02_36_23_HDR0_2_Mothbot_yolo11m_4500_imgsz1600_b1_2024-01-18.pt.jpg
doi.org10.15468dl.6nxkw6.csv,Animalia,Arthropoda,Insecta,Hemiptera,,,,,809,,Hemiptera,Hemiptera,Panama_Hoya_1004m_accionSauro_2025-01-26,accionSauro_2025_01_28__02_36_23_HDR0_3_Mothbot_yolo11m_4500_imgsz1600_b1_2024-01-18.pt.jpg,HS,Mothbot_yolo11m_4500_imgsz1600_b1_2024-01-18.pt,0.583327115,,accionSauro,Panama/Hoya_1004m_accionSauro_2025-01-26/2025-01-27/patches/accionSauro_2025_01_28__02_36_23_HDR0_3_Mothbot_yolo11m_4500_imgsz1600_b1_2024-01-18.pt.jpg,ORDER_Psocodea,28-01-25,2:36:23,,2025_01_28__02_36_23,MachineObservation,Panama_Hoya_1004m_accionSauro_2025-01-26_2025-01-27,Panama_Hoya_1004m_accionSauro_2025-01-26_2025-01-27,accionSauro_2025_01_28__02_36_23_HDR0.jpg,accionSauro_2025_01_28__02_36_23_HDR0_3_Mothbot_yolo11m_4500_imgsz1600_b1_2024-01-18.pt.jpg
,Animalia,Arthropoda,Insecta,Diptera,,,,,,,Diptera,Diptera,Panama_Hoya_1004m_accionSauro_2025-01-26,accionSauro_2025_01_28__02_36_23_HDR0_4_Mothbot_yolo11m_4500_imgsz1600_b1_2024-01-18.pt.jpg,HS,Mothbot_yolo11m_4500_imgsz1600_b1_2024-01-18.pt,0.556073904,,accionSauro,Panama/Hoya_1004m_accionSauro_2025-01-26/2025-01-27/patches/accionSauro_2025_01_28__02_36_23_HDR0_4_Mothbot_yolo11m_4500_imgsz1600_b1_2024-01-18.pt.jpg,ORDER_Diptera,28-01-25,2:36:23,,2025_01_28__02_36_23,MachineObservation,Panama_Hoya_1004m_accionSauro_2025-01-26_2025-01-27,Panama_Hoya_1004m_accionSauro_2025-01-26_2025-01-27,accionSauro_2025_01_28__02_36_23_HDR0.jpg,accionSauro_2025_01_28__02_36_23_HDR0_4_Mothbot_yolo11m_4500_imgsz1600_b1_2024-01-18.pt.jpg
,Animalia,Arthropoda,Insecta,Hemiptera,,,,,,,Hemiptera,Hemiptera,Panama_Hoya_1004m_accionSauro_2025-01-26,accionSauro_2025_01_28__02_37_06_HDR0_0_Mothbot_yolo11m_4500_imgsz1600_b1_2024-01-18.pt.jpg,HS,Mothbot_yolo11m_4500_imgsz1600_b1_2024-01-18.pt,0.784861267,,accionSauro,Panama/Hoya_1004m_accionSauro_2025-01-26/2025-01-27/patches/accionSauro_2025_01_28__02_37_06_HDR0_0_Mothbot_yolo11m_4500_imgsz1600_b1_2024-01-18.pt.jpg,ORDER_Hemiptera,28-01-25,2:37:06,,2025_01_28__02_37_06,MachineObservation,Panama_Hoya_1004m_accionSauro_2025-01-26_2025-01-27,Panama_Hoya_1004m_accionSauro_2025-01-26_2025-01-27,accionSauro_2025_01_28__02_37_06_HDR0.jpg,accionSauro_2025_01_28__02_37_06_HDR0_0_Mothbot_yolo11m_4500_imgsz1600_b1_2024-01-18.pt.jpg
,Animalia,Arthropoda,Insecta,Hemiptera,,,,,,,Hemiptera,Hemiptera,Panama_Hoya_1004m_accionSauro_2025-01-26,accionSauro_2025_01_28__02_37_06_HDR0_1_Mothbot_yolo11m_4500_imgsz1600_b1_2024-01-18.pt.jpg,HS,Mothbot_yolo11m_4500_imgsz1600_b1_2024-01-18.pt,0.777959049,,accionSauro,Panama/Hoya_1004m_accionSauro_2025-01-26/2025-01-27/patches/accionSauro_2025_01_28__02_37_06_HDR0_1_Mothbot_yolo11m_4500_imgsz1600_b1_2024-01-18.pt.jpg,ORDER_Hemiptera,28-01-25,2:37:06,,2025_01_28__02_37_06,MachineObservation,Panama_Hoya_1004m_accionSauro_2025-01-26_2025-01-27,Panama_Hoya_1004m_accionSauro_2025-01-26_2025-01-27,accionSauro_2025_01_28__02_37_06_HDR0.jpg,accionSauro_2025_01_28__02_37_06_HDR0_1_Mothbot_yolo11m_4500_imgsz1600_b1_2024-01-18.pt.jpg
doi.org10.15468dl.6nxkw6.csv,Animalia,Arthropoda,Insecta,Hemiptera,Cicadidae,Guyalna,panamensis,,8496325,,Guyalna panamensis,Guyalna panamensis,Panama_Hoya_1004m_accionSauro_2025-01-26,accionSauro_2025_01_28__02_37_06_HDR0_2_Mothbot_yolo11m_4500_imgsz1600_b1_2024-01-18.pt.jpg,HS,Mothbot_yolo11m_4500_imgsz1600_b1_2024-01-18.pt,0.776850164,,accionSauro,Panama/Hoya_1004m_accionSauro_2025-01-26/2025-01-27/patches/accionSauro_2025_01_28__02_37_06_HDR0_2_Mothbot_yolo11m_4500_imgsz1600_b1_2024-01-18.pt.jpg,ORDER_Hemiptera,28-01-25,2:37:06,,2025_01_28__02_37_06,MachineObservation,Panama_Hoya_1004m_accionSauro_2025-01-26_2025-01-27,Panama_Hoya_1004m_accionSauro_2025-01-26_2025-01-27,accionSauro_2025_01_28__02_37_06_HDR0.jpg,accionSauro_2025_01_28__02_37_06_HDR0_2_Mothbot_yolo11m_4500_imgsz1600_b1_2024-01-18.pt.jpg
doi.org10.15468dl.6nxkw6.csv,Animalia,Arthropoda,Insecta,Coleoptera,Chrysomelidae,Diabrotica,,diabrotica1,1048495,,Diabrotica,diabrotica1,Panama_Hoya_1004m_accionSauro_2025-01-26,accionSauro_2025_01_28__02_37_06_HDR0_3_Mothbot_yolo11m_4500_imgsz1600_b1_2024-01-18.pt.jpg,HS,Mothbot_yolo11m_4500_imgsz1600_b1_2024-01-18.pt,0.771655679,,accionSauro,Panama/Hoya_1004m_accionSauro_2025-01-26/2025-01-27/patches/accionSauro_2025_01_28__02_37_06_HDR0_3_Mothbot_yolo11m_4500_imgsz1600_b1_2024-01-18.pt.jpg,ORDER_Coleoptera,28-01-25,2:37:06,,2025_01_28__02_37_06,MachineObservation,Panama_Hoya_1004m_accionSauro_2025-01-26_2025-01-27,Panama_Hoya_1004m_accionSauro_2025-01-26_2025-01-27,accionSauro_2025_01_28__02_37_06_HDR0.jpg,accionSauro_2025_01_28__02_37_06_HDR0_3_Mothbot_yolo11m_4500_imgsz1600_b1_2024-01-18.pt.jpg
doi.org10.15468dl.6nxkw6.csv,Animalia,Arthropoda,Insecta,Hemiptera,,,,,809,,Hemiptera,Hemiptera,Panama_Hoya_1004m_accionSauro_2025-01-26,accionSauro_2025_01_28__02_37_06_HDR0_4_Mothbot_yolo11m_4500_imgsz1600_b1_2024-01-18.pt.jpg,HS,Mothbot_yolo11m_4500_imgsz1600_b1_2024-01-18.pt,0.599187911,,accionSauro,Panama/Hoya_1004m_accionSauro_2025-01-26/2025-01-27/patches/accionSauro_2025_01_28__02_37_06_HDR0_4_Mothbot_yolo11m_4500_imgsz1600_b1_2024-01-18.pt.jpg,ORDER_Psocodea,28-01-25,2:37:06,,2025_01_28__02_37_06,MachineObservation,Panama_Hoya_1004m_accionSauro_2025-01-26_2025-01-27,Panama_Hoya_1004m_accionSauro_2025-01-26_2025-01-27,accionSauro_2025_01_28__02_37_06_HDR0.jpg,accionSauro_2025_01_28__02_37_06_HDR0_4_Mothbot_yolo11m_4500_imgsz1600_b1_2024-01-18.pt.jpg
doi.org10.15468dl.6nxkw6.csv,Animalia,Arthropoda,Insecta,Hemiptera,,,,,809,,Hemiptera,Hemiptera,Panama_Hoya_1004m_accionSauro_2025-01-26,accionSauro_2025_01_28__02_37_06_HDR0_5_Mothbot_yolo11m_4500_imgsz1600_b1_2024-01-18.pt.jpg,HS,Mothbot_yolo11m_4500_imgsz1600_b1_2024-01-18.pt,0.475868404,,accionSauro,Panama/Hoya_1004m_accionSauro_2025-01-26/2025-01-27/patches/accionSauro_2025_01_28__02_37_06_HDR0_5_Mothbot_yolo11m_4500_imgsz1600_b1_2024-01-18.pt.jpg,ORDER_Lepidoptera,28-01-25,2:37:06,,2025_01_28__02_37_06,MachineObservation,Panama_Hoya_1004m_accionSauro_2025-01-26_2025-01-27,Panama_Hoya_1004m_accionSauro_2025-01-26_2025-01-27,accionSauro_2025_01_28__02_37_06_HDR0.jpg,accionSauro_2025_01_28__02_37_06_HDR0_5_Mothbot_yolo11m_4500_imgsz1600_b1_2024-01-18.pt.jpg
doi.org10.15468dl.6nxkw6.csv,Animalia,Arthropoda,Insecta,Coleoptera,Chrysomelidae,Diabrotica,,diabrotica1,1048495,,Diabrotica,diabrotica1,Panama_Hoya_1004m_accionSauro_2025-01-26,accionSauro_2025_01_28__02_38_06_HDR0_0_Mothbot_yolo11m_4500_imgsz1600_b1_2024-01-18.pt.jpg,HS,Mothbot_yolo11m_4500_imgsz1600_b1_2024-01-18.pt,0.785253286,,accionSauro,Panama/Hoya_1004m_accionSauro_2025-01-26/2025-01-27/patches/accionSauro_2025_01_28__02_38_06_HDR0_0_Mothbot_yolo11m_4500_imgsz1600_b1_2024-01-18.pt.jpg,ORDER_Coleoptera,28-01-25,2:38:06,,2025_01_28__02_38_06,MachineObservation,Panama_Hoya_1004m_accionSauro_2025-01-26_2025-01-27,Panama_Hoya_1004m_accionSauro_2025-01-26_2025-01-27,accionSauro_2025_01_28__02_38_06_HDR0.jpg,accionSauro_2025_01_28__02_38_06_HDR0_0_Mothbot_yolo11m_4500_imgsz1600_b1_2024-01-18.pt.jpg
,Animalia,Arthropoda,Insecta,Hemiptera,,,,,,,Hemiptera,Hemiptera,Panama_Hoya_1004m_accionSauro_2025-01-26,accionSauro_2025_01_28__02_38_06_HDR0_1_Mothbot_yolo11m_4500_imgsz1600_b1_2024-01-18.pt.jpg,HS,Mothbot_yolo11m_4500_imgsz1600_b1_2024-01-18.pt,0.77905637,,accionSauro,Panama/Hoya_1004m_accionSauro_2025-01-26/2025-01-27/patches/accionSauro_2025_01_28__02_38_06_HDR0_1_Mothbot_yolo11m_4500_imgsz1600_b1_2024-01-18.pt.jpg,ORDER_Hemiptera,28-01-25,2:38:06,,2025_01_28__02_38_06,MachineObservation,Panama_Hoya_1004m_accionSauro_2025-01-26_2025-01-27,Panama_Hoya_1004m_accionSauro_2025-01-26_2025-01-27,accionSauro_2025_01_28__02_38_06_HDR0.jpg,accionSauro_2025_01_28__02_38_06_HDR0_1_Mothbot_yolo11m_4500_imgsz1600_b1_2024-01-18.pt.jpg
,Animalia,Arthropoda,Insecta,Diptera,,,,,,,Diptera,Diptera,Panama_Hoya_1004m_accionSauro_2025-01-26,accionSauro_2025_01_28__02_38_06_HDR0_2_Mothbot_yolo11m_4500_imgsz1600_b1_2024-01-18.pt.jpg,HS,Mothbot_yolo11m_4500_imgsz1600_b1_2024-01-18.pt,0.554544628,,accionSauro,Panama/Hoya_1004m_accionSauro_2025-01-26/2025-01-27/patches/accionSauro_2025_01_28__02_38_06_HDR0_2_Mothbot_yolo11m_4500_imgsz1600_b1_2024-01-18.pt.jpg,ORDER_Diptera,28-01-25,2:38:06,,2025_01_28__02_38_06,MachineObservation,Panama_Hoya_1004m_accionSauro_2025-01-26_2025-01-27,Panama_Hoya_1004m_accionSauro_2025-01-26_2025-01-27,accionSauro_2025_01_28__02_38_06_HDR0.jpg,accionSauro_2025_01_28__02_38_06_HDR0_2_Mothbot_yolo11m_4500_imgsz1600_b1_2024-01-18.pt.jpg
doi.org10.15468dl.6nxkw6.csv,Animalia,Arthropoda,Insecta,Hemiptera,,,,,809,,Hemiptera,Hemiptera,Panama_Hoya_1004m_accionSauro_2025-01-26,accionSauro_2025_01_28__02_38_06_HDR0_3_Mothbot_yolo11m_4500_imgsz1600_b1_2024-01-18.pt.jpg,HS,Mothbot_yolo11m_4500_imgsz1600_b1_2024-01-18.pt,0.422607481,,accionSauro,Panama/Hoya_1004m_accionSauro_2025-01-26/2025-01-27/patches/accionSauro_2025_01_28__02_38_06_HDR0_3_Mothbot_yolo11m_4500_imgsz1600_b1_2024-01-18.pt.jpg,ORDER_Lepidoptera,28-01-25,2:38:06,,2025_01_28__02_38_06,MachineObservation,Panama_Hoya_1004m_accionSauro_2025-01-26_2025-01-27,Panama_Hoya_1004m_accionSauro_2025-01-26_2025-01-27,accionSauro_2025_01_28__02_38_06_HDR0.jpg,accionSauro_2025_01_28__02_38_06_HDR0_3_Mothbot_yolo11m_4500_imgsz1600_b1_2024-01-18.pt.jpg
doi.org10.15468dl.6nxkw6.csv,Animalia,Arthropoda,Insecta,Coleoptera,Chrysomelidae,Diabrotica,,diabrotica1,1048495,,Diabrotica,diabrotica1,Panama_Hoya_1004m_accionSauro_2025-01-26,accionSauro_2025_01_28__02_39_06_HDR0_0_Mothbot_yolo11m_4500_imgsz1600_b1_2024-01-18.pt.jpg,HS,Mothbot_yolo11m_4500_imgsz1600_b1_2024-01-18.pt,0.773529589,,accionSauro,Panama/Hoya_1004m_accionSauro_2025-01-26/2025-01-27/patches/accionSauro_2025_01_28__02_39_06_HDR0_0_Mothbot_yolo11m_4500_imgsz1600_b1_2024-01-18.pt.jpg,ORDER_Coleoptera,28-01-25,2:39:06,,2025_01_28__02_39_06,MachineObservation,Panama_Hoya_1004m_accionSauro_2025-01-26_2025-01-27,Panama_Hoya_1004m_accionSauro_2025-01-26_2025-01-27,accionSauro_2025_01_28__02_39_06_HDR0.jpg,accionSauro_2025_01_28__02_39_06_HDR0_0_Mothbot_yolo11m_4500_imgsz1600_b1_2024-01-18.pt.jpg
,Animalia,Arthropoda,Insecta,Hemiptera,,,,,,,Hemiptera,Hemiptera,Panama_Hoya_1004m_accionSauro_2025-01-26,accionSauro_2025_01_28__02_39_06_HDR0_1_Mothbot_yolo11m_4500_imgsz1600_b1_2024-01-18.pt.jpg,HS,Mothbot_yolo11m_4500_imgsz1600_b1_2024-01-18.pt,0.717019439,,accionSauro,Panama/Hoya_1004m_accionSauro_2025-01-26/2025-01-27/patches/accionSauro_2025_01_28__02_39_06_HDR0_1_Mothbot_yolo11m_4500_imgsz1600_b1_2024-01-18.pt.jpg,ORDER_Hemiptera,28-01-25,2:39:06,,2025_01_28__02_39_06,MachineObservation,Panama_Hoya_1004m_accionSauro_2025-01-26_2025-01-27,Panama_Hoya_1004m_accionSauro_2025-01-26_2025-01-27,accionSauro_2025_01_28__02_39_06_HDR0.jpg,accionSauro_2025_01_28__02_39_06_HDR0_1_Mothbot_yolo11m_4500_imgsz1600_b1_2024-01-18.pt.jpg
doi.org10.15468dl.6nxkw6.csv,Animalia,Arthropoda,Insecta,Hemiptera,,,,,809,,Hemiptera,Hemiptera,Panama_Hoya_1004m_accionSauro_2025-01-26,accionSauro_2025_01_28__02_39_06_HDR0_2_Mothbot_yolo11m_4500_imgsz1600_b1_2024-01-18.pt.jpg,HS,Mothbot_yolo11m_4500_imgsz1600_b1_2024-01-18.pt,0.591107726,,accionSauro,Panama/Hoya_1004m_accionSauro_2025-01-26/2025-01-27/patches/accionSauro_2025_01_28__02_39_06_HDR0_2_Mothbot_yolo11m_4500_imgsz1600_b1_2024-01-18.pt.jpg,ORDER_Lepidoptera,28-01-25,2:39:06,,2025_01_28__02_39_06,MachineObservation,Panama_Hoya_1004m_accionSauro_2025-01-26_2025-01-27,Panama_Hoya_1004m_accionSauro_2025-01-26_2025-01-27,accionSauro_2025_01_28__02_39_06_HDR0.jpg,accionSauro_2025_01_28__02_39_06_HDR0_2_Mothbot_yolo11m_4500_imgsz1600_b1_2024-01-18.pt.jpg
,Animalia,Arthropoda,Insecta,Diptera,,,,,,,Diptera,Diptera,Panama_Hoya_1004m_accionSauro_2025-01-26,accionSauro_2025_01_28__02_39_06_HDR0_3_Mothbot_yolo11m_4500_imgsz1600_b1_2024-01-18.pt.jpg,HS,Mothbot_yolo11m_4500_imgsz1600_b1_2024-01-18.pt,0.563394725,,accionSauro,Panama/Hoya_1004m_accionSauro_2025-01-26/2025-01-27/patches/accionSauro_2025_01_28__02_39_06_HDR0_3_Mothbot_yolo11m_4500_imgsz1600_b1_2024-01-18.pt.jpg,ORDER_Diptera,28-01-25,2:39:06,,2025_01_28__02_39_06,MachineObservation,Panama_Hoya_1004m_accionSauro_2025-01-26_2025-01-27,Panama_Hoya_1004m_accionSauro_2025-01-26_2025-01-27,accionSauro_2025_01_28__02_39_06_HDR0.jpg,accionSauro_2025_01_28__02_39_06_HDR0_3_Mothbot_yolo11m_4500_imgsz1600_b1_2024-01-18.pt.jpg
,Animalia,Arthropoda,Insecta,Diptera,,,,,,,Diptera,Diptera,Panama_Hoya_1004m_accionSauro_2025-01-26,accionSauro_2025_01_28__02_39_06_HDR0_4_Mothbot_yolo11m_4500_imgsz1600_b1_2024-01-18.pt.jpg,HS,Mothbot_yolo11m_4500_imgsz1600_b1_2024-01-18.pt,0.541576803,,accionSauro,Panama/Hoya_1004m_accionSauro_2025-01-26/2025-01-27/patches/accionSauro_2025_01_28__02_39_06_HDR0_4_Mothbot_yolo11m_4500_imgsz1600_b1_2024-01-18.pt.jpg,ORDER_Diptera,28-01-25,2:39:06,,2025_01_28__02_39_06,MachineObservation,Panama_Hoya_1004m_accionSauro_2025-01-26_2025-01-27,Panama_Hoya_1004m_accionSauro_2025-01-26_2025-01-27,accionSauro_2025_01_28__02_39_06_HDR0.jpg,accionSauro_2025_01_28__02_39_06_HDR0_4_Mothbot_yolo11m_4500_imgsz1600_b1_2024-01-18.pt.jpg
doi.org10.15468dl.6nxkw6.csv,Animalia,Arthropoda,Insecta,Coleoptera,Chrysomelidae,Diabrotica,,diabrotica1,1048495,,Diabrotica,diabrotica1,Panama_Hoya_1004m_accionSauro_2025-01-26,accionSauro_2025_01_28__02_40_06_HDR0_0_Mothbot_yolo11m_4500_imgsz1600_b1_2024-01-18.pt.jpg,HS,Mothbot_yolo11m_4500_imgsz1600_b1_2024-01-18.pt,0.771609008,,accionSauro,Panama/Hoya_1004m_accionSauro_2025-01-26/2025-01-27/patches/accionSauro_2025_01_28__02_40_06_HDR0_0_Mothbot_yolo11m_4500_imgsz1600_b1_2024-01-18.pt.jpg,ORDER_Coleoptera,28-01-25,2:40:06,,2025_01_28__02_40_06,MachineObservation,Panama_Hoya_1004m_accionSauro_2025-01-26_2025-01-27,Panama_Hoya_1004m_accionSauro_2025-01-26_2025-01-27,accionSauro_2025_01_28__02_40_06_HDR0.jpg,accionSauro_2025_01_28__02_40_06_HDR0_0_Mothbot_yolo11m_4500_imgsz1600_b1_2024-01-18.pt.jpg
doi.org10.15468dl.6nxkw6.csv,Animalia,Arthropoda,Insecta,Hemiptera,,,,,809,,Hemiptera,Hemiptera,Panama_Hoya_1004m_accionSauro_2025-01-26,accionSauro_2025_01_28__02_40_06_HDR0_1_Mothbot_yolo11m_4500_imgsz1600_b1_2024-01-18.pt.jpg,HS,Mothbot_yolo11m_4500_imgsz1600_b1_2024-01-18.pt,0.621998131,,accionSauro,Panama/Hoya_1004m_accionSauro_2025-01-26/2025-01-27/patches/accionSauro_2025_01_28__02_40_06_HDR0_1_Mothbot_yolo11m_4500_imgsz1600_b1_2024-01-18.pt.jpg,ORDER_Diptera,28-01-25,2:40:06,,2025_01_28__02_40_06,MachineObservation,Panama_Hoya_1004m_accionSauro_2025-01-26_2025-01-27,Panama_Hoya_1004m_accionSauro_2025-01-26_2025-01-27,accionSauro_2025_01_28__02_40_06_HDR0.jpg,accionSauro_2025_01_28__02_40_06_HDR0_1_Mothbot_yolo11m_4500_imgsz1600_b1_2024-01-18.pt.jpg
,Animalia,Arthropoda,Insecta,Diptera,,,,,,,Diptera,Diptera,Panama_Hoya_1004m_accionSauro_2025-01-26,accionSauro_2025_01_28__02_40_06_HDR0_2_Mothbot_yolo11m_4500_imgsz1600_b1_2024-01-18.pt.jpg,HS,Mothbot_yolo11m_4500_imgsz1600_b1_2024-01-18.pt,0.540622592,,accionSauro,Panama/Hoya_1004m_accionSauro_2025-01-26/2025-01-27/patches/accionSauro_2025_01_28__02_40_06_HDR0_2_Mothbot_yolo11m_4500_imgsz1600_b1_2024-01-18.pt.jpg,ORDER_Diptera,28-01-25,2:40:06,,2025_01_28__02_40_06,MachineObservation,Panama_Hoya_1004m_accionSauro_2025-01-26_2025-01-27,Panama_Hoya_1004m_accionSauro_2025-01-26_2025-01-27,accionSauro_2025_01_28__02_40_06_HDR0.jpg,accionSauro_2025_01_28__02_40_06_HDR0_2_Mothbot_yolo11m_4500_imgsz1600_b1_2024-01-18.pt.jpg
doi.org10.15468dl.6nxkw6.csv,Animalia,Arthropoda,Insecta,,,,,,216,,Insecta,Insecta,Panama_Hoya_1004m_accionSauro_2025-01-26,accionSauro_2025_01_28__02_40_06_HDR0_3_Mothbot_yolo11m_4500_imgsz1600_b1_2024-01-18.pt.jpg,HS,Mothbot_yolo11m_4500_imgsz1600_b1_2024-01-18.pt,0.251319647,,accionSauro,Panama/Hoya_1004m_accionSauro_2025-01-26/2025-01-27/patches/accionSauro_2025_01_28__02_40_06_HDR0_3_Mothbot_yolo11m_4500_imgsz1600_b1_2024-01-18.pt.jpg,ORDER_Coleoptera,28-01-25,2:40:06,,2025_01_28__02_40_06,MachineObservation,Panama_Hoya_1004m_accionSauro_2025-01-26_2025-01-27,Panama_Hoya_1004m_accionSauro_2025-01-26_2025-01-27,accionSauro_2025_01_28__02_40_06_HDR0.jpg,accionSauro_2025_01_28__02_40_06_HDR0_3_Mothbot_yolo11m_4500_imgsz1600_b1_2024-01-18.pt.jpg
doi.org10.15468dl.6nxkw6.csv,Animalia,Arthropoda,Insecta,Coleoptera,Chrysomelidae,Diabrotica,,diabrotica1,1048495,,Diabrotica,diabrotica1,Panama_Hoya_1004m_accionSauro_2025-01-26,accionSauro_2025_01_28__02_41_06_HDR0_0_Mothbot_yolo11m_4500_imgsz1600_b1_2024-01-18.pt.jpg,HS,Mothbot_yolo11m_4500_imgsz1600_b1_2024-01-18.pt,0.773582935,,accionSauro,Panama/Hoya_1004m_accionSauro_2025-01-26/2025-01-27/patches/accionSauro_2025_01_28__02_41_06_HDR0_0_Mothbot_yolo11m_4500_imgsz1600_b1_2024-01-18.pt.jpg,ORDER_Coleoptera,28-01-25,2:41:06,,2025_01_28__02_41_06,MachineObservation,Panama_Hoya_1004m_accionSauro_2025-01-26_2025-01-27,Panama_Hoya_1004m_accionSauro_2025-01-26_2025-01-27,accionSauro_2025_01_28__02_41_06_HDR0.jpg,accionSauro_2025_01_28__02_41_06_HDR0_0_Mothbot_yolo11m_4500_imgsz1600_b1_2024-01-18.pt.jpg
doi.org10.15468dl.6nxkw6.csv,Animalia,Arthropoda,Insecta,Hemiptera,,,,,809,,Hemiptera,Hemiptera,Panama_Hoya_1004m_accionSauro_2025-01-26,accionSauro_2025_01_28__02_41_06_HDR0_1_Mothbot_yolo11m_4500_imgsz1600_b1_2024-01-18.pt.jpg,HS,Mothbot_yolo11m_4500_imgsz1600_b1_2024-01-18.pt,0.60195303,,accionSauro,Panama/Hoya_1004m_accionSauro_2025-01-26/2025-01-27/patches/accionSauro_2025_01_28__02_41_06_HDR0_1_Mothbot_yolo11m_4500_imgsz1600_b1_2024-01-18.pt.jpg,ORDER_Diptera,28-01-25,2:41:06,,2025_01_28__02_41_06,MachineObservation,Panama_Hoya_1004m_accionSauro_2025-01-26_2025-01-27,Panama_Hoya_1004m_accionSauro_2025-01-26_2025-01-27,accionSauro_2025_01_28__02_41_06_HDR0.jpg,accionSauro_2025_01_28__02_41_06_HDR0_1_Mothbot_yolo11m_4500_imgsz1600_b1_2024-01-18.pt.jpg
,Animalia,Arthropoda,Insecta,Lepidoptera,,,,,,,Lepidoptera,Lepidoptera,Panama_Hoya_1004m_accionSauro_2025-01-26,accionSauro_2025_01_28__02_42_06_HDR0_0_Mothbot_yolo11m_4500_imgsz1600_b1_2024-01-18.pt.jpg,HS,Mothbot_yolo11m_4500_imgsz1600_b1_2024-01-18.pt,0.814812124,,accionSauro,Panama/Hoya_1004m_accionSauro_2025-01-26/2025-01-27/patches/accionSauro_2025_01_28__02_42_06_HDR0_0_Mothbot_yolo11m_4500_imgsz1600_b1_2024-01-18.pt.jpg,ORDER_Lepidoptera,28-01-25,2:42:06,,2025_01_28__02_42_06,MachineObservation,Panama_Hoya_1004m_accionSauro_2025-01-26_2025-01-27,Panama_Hoya_1004m_accionSauro_2025-01-26_2025-01-27,accionSauro_2025_01_28__02_42_06_HDR0.jpg,accionSauro_2025_01_28__02_42_06_HDR0_0_Mothbot_yolo11m_4500_imgsz1600_b1_2024-01-18.pt.jpg
doi.org10.15468dl.6nxkw6.csv,Animalia,Arthropoda,Insecta,Coleoptera,Chrysomelidae,Diabrotica,,diabrotica1,1048495,,Diabrotica,diabrotica1,Panama_Hoya_1004m_accionSauro_2025-01-26,accionSauro_2025_01_28__02_42_06_HDR0_1_Mothbot_yolo11m_4500_imgsz1600_b1_2024-01-18.pt.jpg,HS,Mothbot_yolo11m_4500_imgsz1600_b1_2024-01-18.pt,0.765075266,,accionSauro,Panama/Hoya_1004m_accionSauro_2025-01-26/2025-01-27/patches/accionSauro_2025_01_28__02_42_06_HDR0_1_Mothbot_yolo11m_4500_imgsz1600_b1_2024-01-18.pt.jpg,ORDER_Coleoptera,28-01-25,2:42:06,,2025_01_28__02_42_06,MachineObservation,Panama_Hoya_1004m_accionSauro_2025-01-26_2025-01-27,Panama_Hoya_1004m_accionSauro_2025-01-26_2025-01-27,accionSauro_2025_01_28__02_42_06_HDR0.jpg,accionSauro_2025_01_28__02_42_06_HDR0_1_Mothbot_yolo11m_4500_imgsz1600_b1_2024-01-18.pt.jpg
doi.org10.15468dl.6nxkw6.csv,Animalia,Arthropoda,Insecta,Hemiptera,,,,,809,,Hemiptera,Hemiptera,Panama_Hoya_1004m_accionSauro_2025-01-26,accionSauro_2025_01_28__02_42_06_HDR0_2_Mothbot_yolo11m_4500_imgsz1600_b1_2024-01-18.pt.jpg,HS,Mothbot_yolo11m_4500_imgsz1600_b1_2024-01-18.pt,0.692682624,,accionSauro,Panama/Hoya_1004m_accionSauro_2025-01-26/2025-01-27/patches/accionSauro_2025_01_28__02_42_06_HDR0_2_Mothbot_yolo11m_4500_imgsz1600_b1_2024-01-18.pt.jpg,ORDER_Hymenoptera,28-01-25,2:42:06,,2025_01_28__02_42_06,MachineObservation,Panama_Hoya_1004m_accionSauro_2025-01-26_2025-01-27,Panama_Hoya_1004m_accionSauro_2025-01-26_2025-01-27,accionSauro_2025_01_28__02_42_06_HDR0.jpg,accionSauro_2025_01_28__02_42_06_HDR0_2_Mothbot_yolo11m_4500_imgsz1600_b1_2024-01-18.pt.jpg
,Animalia,Arthropoda,Insecta,Lepidoptera,,,,,,,Lepidoptera,Lepidoptera,Panama_Hoya_1004m_accionSauro_2025-01-26,accionSauro_2025_01_28__02_43_22_HDR0_0_Mothbot_yolo11m_4500_imgsz1600_b1_2024-01-18.pt.jpg,HS,Mothbot_yolo11m_4500_imgsz1600_b1_2024-01-18.pt,0.808091879,,accionSauro,Panama/Hoya_1004m_accionSauro_2025-01-26/2025-01-27/patches/accionSauro_2025_01_28__02_43_22_HDR0_0_Mothbot_yolo11m_4500_imgsz1600_b1_2024-01-18.pt.jpg,ORDER_Lepidoptera,28-01-25,2:43:22,,2025_01_28__02_43_22,MachineObservation,Panama_Hoya_1004m_accionSauro_2025-01-26_2025-01-27,Panama_Hoya_1004m_accionSauro_2025-01-26_2025-01-27,accionSauro_2025_01_28__02_43_22_HDR0.jpg,accionSauro_2025_01_28__02_43_22_HDR0_0_Mothbot_yolo11m_4500_imgsz1600_b1_2024-01-18.pt.jpg
doi.org10.15468dl.6nxkw6.csv,Animalia,Arthropoda,Insecta,Hemiptera,,,,,809,,Hemiptera,Hemiptera,Panama_Hoya_1004m_accionSauro_2025-01-26,accionSauro_2025_01_28__02_43_22_HDR0_1_Mothbot_yolo11m_4500_imgsz1600_b1_2024-01-18.pt.jpg,HS,Mothbot_yolo11m_4500_imgsz1600_b1_2024-01-18.pt,0.546653986,,accionSauro,Panama/Hoya_1004m_accionSauro_2025-01-26/2025-01-27/patches/accionSauro_2025_01_28__02_43_22_HDR0_1_Mothbot_yolo11m_4500_imgsz1600_b1_2024-01-18.pt.jpg,ORDER_Psocodea,28-01-25,2:43:22,,2025_01_28__02_43_22,MachineObservation,Panama_Hoya_1004m_accionSauro_2025-01-26_2025-01-27,Panama_Hoya_1004m_accionSauro_2025-01-26_2025-01-27,accionSauro_2025_01_28__02_43_22_HDR0.jpg,accionSauro_2025_01_28__02_43_22_HDR0_1_Mothbot_yolo11m_4500_imgsz1600_b1_2024-01-18.pt.jpg
,Animalia,Arthropoda,Insecta,Lepidoptera,,,,,,,Lepidoptera,Lepidoptera,Panama_Hoya_1004m_accionSauro_2025-01-26,accionSauro_2025_01_28__02_44_06_HDR0_0_Mothbot_yolo11m_4500_imgsz1600_b1_2024-01-18.pt.jpg,HS,Mothbot_yolo11m_4500_imgsz1600_b1_2024-01-18.pt,0.818992198,,accionSauro,Panama/Hoya_1004m_accionSauro_2025-01-26/2025-01-27/patches/accionSauro_2025_01_28__02_44_06_HDR0_0_Mothbot_yolo11m_4500_imgsz1600_b1_2024-01-18.pt.jpg,ORDER_Lepidoptera,28-01-25,2:44:06,,2025_01_28__02_44_06,MachineObservation,Panama_Hoya_1004m_accionSauro_2025-01-26_2025-01-27,Panama_Hoya_1004m_accionSauro_2025-01-26_2025-01-27,accionSauro_2025_01_28__02_44_06_HDR0.jpg,accionSauro_2025_01_28__02_44_06_HDR0_0_Mothbot_yolo11m_4500_imgsz1600_b1_2024-01-18.pt.jpg
doi.org10.15468dl.6nxkw6.csv,Animalia,Arthropoda,Insecta,Hemiptera,,,,,809,,Hemiptera,Hemiptera,Panama_Hoya_1004m_accionSauro_2025-01-26,accionSauro_2025_01_28__02_44_06_HDR0_1_Mothbot_yolo11m_4500_imgsz1600_b1_2024-01-18.pt.jpg,HS,Mothbot_yolo11m_4500_imgsz1600_b1_2024-01-18.pt,0.49224472,,accionSauro,Panama/Hoya_1004m_accionSauro_2025-01-26/2025-01-27/patches/accionSauro_2025_01_28__02_44_06_HDR0_1_Mothbot_yolo11m_4500_imgsz1600_b1_2024-01-18.pt.jpg,ORDER_Psocodea,28-01-25,2:44:06,,2025_01_28__02_44_06,MachineObservation,Panama_Hoya_1004m_accionSauro_2025-01-26_2025-01-27,Panama_Hoya_1004m_accionSauro_2025-01-26_2025-01-27,accionSauro_2025_01_28__02_44_06_HDR0.jpg,accionSauro_2025_01_28__02_44_06_HDR0_1_Mothbot_yolo11m_4500_imgsz1600_b1_2024-01-18.pt.jpg
,Animalia,Arthropoda,Insecta,Lepidoptera,,,,,,,Lepidoptera,Lepidoptera,Panama_Hoya_1004m_accionSauro_2025-01-26,accionSauro_2025_01_28__02_45_06_HDR0_0_Mothbot_yolo11m_4500_imgsz1600_b1_2024-01-18.pt.jpg,HS,Mothbot_yolo11m_4500_imgsz1600_b1_2024-01-18.pt,0.818262041,,accionSauro,Panama/Hoya_1004m_accionSauro_2025-01-26/2025-01-27/patches/accionSauro_2025_01_28__02_45_06_HDR0_0_Mothbot_yolo11m_4500_imgsz1600_b1_2024-01-18.pt.jpg,ORDER_Lepidoptera,28-01-25,2:45:06,,2025_01_28__02_45_06,MachineObservation,Panama_Hoya_1004m_accionSauro_2025-01-26_2025-01-27,Panama_Hoya_1004m_accionSauro_2025-01-26_2025-01-27,accionSauro_2025_01_28__02_45_06_HDR0.jpg,accionSauro_2025_01_28__02_45_06_HDR0_0_Mothbot_yolo11m_4500_imgsz1600_b1_2024-01-18.pt.jpg
doi.org10.15468dl.6nxkw6.csv,Animalia,Arthropoda,Insecta,Hemiptera,,,,,809,,Hemiptera,Hemiptera,Panama_Hoya_1004m_accionSauro_2025-01-26,accionSauro_2025_01_28__02_45_06_HDR0_1_Mothbot_yolo11m_4500_imgsz1600_b1_2024-01-18.pt.jpg,HS,Mothbot_yolo11m_4500_imgsz1600_b1_2024-01-18.pt,0.566329718,,accionSauro,Panama/Hoya_1004m_accionSauro_2025-01-26/2025-01-27/patches/accionSauro_2025_01_28__02_45_06_HDR0_1_Mothbot_yolo11m_4500_imgsz1600_b1_2024-01-18.pt.jpg,ORDER_Diptera,28-01-25,2:45:06,,2025_01_28__02_45_06,MachineObservation,Panama_Hoya_1004m_accionSauro_2025-01-26_2025-01-27,Panama_Hoya_1004m_accionSauro_2025-01-26_2025-01-27,accionSauro_2025_01_28__02_45_06_HDR0.jpg,accionSauro_2025_01_28__02_45_06_HDR0_1_Mothbot_yolo11m_4500_imgsz1600_b1_2024-01-18.pt.jpg
,Animalia,Arthropoda,Insecta,Lepidoptera,,,,,,,Lepidoptera,Lepidoptera,Panama_Hoya_1004m_accionSauro_2025-01-26,accionSauro_2025_01_28__02_46_06_HDR0_0_Mothbot_yolo11m_4500_imgsz1600_b1_2024-01-18.pt.jpg,HS,Mothbot_yolo11m_4500_imgsz1600_b1_2024-01-18.pt,0.826466024,,accionSauro,Panama/Hoya_1004m_accionSauro_2025-01-26/2025-01-27/patches/accionSauro_2025_01_28__02_46_06_HDR0_0_Mothbot_yolo11m_4500_imgsz1600_b1_2024-01-18.pt.jpg,ORDER_Lepidoptera,28-01-25,2:46:06,,2025_01_28__02_46_06,MachineObservation,Panama_Hoya_1004m_accionSauro_2025-01-26_2025-01-27,Panama_Hoya_1004m_accionSauro_2025-01-26_2025-01-27,accionSauro_2025_01_28__02_46_06_HDR0.jpg,accionSauro_2025_01_28__02_46_06_HDR0_0_Mothbot_yolo11m_4500_imgsz1600_b1_2024-01-18.pt.jpg
,Animalia,Arthropoda,Insecta,Hemiptera,,,,,,,Hemiptera,Hemiptera,Panama_Hoya_1004m_accionSauro_2025-01-26,accionSauro_2025_01_28__02_46_06_HDR0_1_Mothbot_yolo11m_4500_imgsz1600_b1_2024-01-18.pt.jpg,HS,Mothbot_yolo11m_4500_imgsz1600_b1_2024-01-18.pt,0.747519851,,accionSauro,Panama/Hoya_1004m_accionSauro_2025-01-26/2025-01-27/patches/accionSauro_2025_01_28__02_46_06_HDR0_1_Mothbot_yolo11m_4500_imgsz1600_b1_2024-01-18.pt.jpg,ORDER_Hemiptera,28-01-25,2:46:06,,2025_01_28__02_46_06,MachineObservation,Panama_Hoya_1004m_accionSauro_2025-01-26_2025-01-27,Panama_Hoya_1004m_accionSauro_2025-01-26_2025-01-27,accionSauro_2025_01_28__02_46_06_HDR0.jpg,accionSauro_2025_01_28__02_46_06_HDR0_1_Mothbot_yolo11m_4500_imgsz1600_b1_2024-01-18.pt.jpg
doi.org10.15468dl.6nxkw6.csv,Animalia,Arthropoda,Insecta,Diptera,,,,,811,,Diptera,Diptera,Panama_Hoya_1004m_accionSauro_2025-01-26,accionSauro_2025_01_28__02_46_06_HDR0_2_Mothbot_yolo11m_4500_imgsz1600_b1_2024-01-18.pt.jpg,HS,Mothbot_yolo11m_4500_imgsz1600_b1_2024-01-18.pt,0.597429395,,accionSauro,Panama/Hoya_1004m_accionSauro_2025-01-26/2025-01-27/patches/accionSauro_2025_01_28__02_46_06_HDR0_2_Mothbot_yolo11m_4500_imgsz1600_b1_2024-01-18.pt.jpg,ORDER_Psocodea,28-01-25,2:46:06,,2025_01_28__02_46_06,MachineObservation,Panama_Hoya_1004m_accionSauro_2025-01-26_2025-01-27,Panama_Hoya_1004m_accionSauro_2025-01-26_2025-01-27,accionSauro_2025_01_28__02_46_06_HDR0.jpg,accionSauro_2025_01_28__02_46_06_HDR0_2_Mothbot_yolo11m_4500_imgsz1600_b1_2024-01-18.pt.jpg
,Animalia,Arthropoda,Insecta,Hemiptera,,,,,,,Hemiptera,Hemiptera,Panama_Hoya_1004m_accionSauro_2025-01-26,accionSauro_2025_01_28__02_46_06_HDR0_3_Mothbot_yolo11m_4500_imgsz1600_b1_2024-01-18.pt.jpg,HS,Mothbot_yolo11m_4500_imgsz1600_b1_2024-01-18.pt,0.384930193,,accionSauro,Panama/Hoya_1004m_accionSauro_2025-01-26/2025-01-27/patches/accionSauro_2025_01_28__02_46_06_HDR0_3_Mothbot_yolo11m_4500_imgsz1600_b1_2024-01-18.pt.jpg,ORDER_Hemiptera,28-01-25,2:46:06,,2025_01_28__02_46_06,MachineObservation,Panama_Hoya_1004m_accionSauro_2025-01-26_2025-01-27,Panama_Hoya_1004m_accionSauro_2025-01-26_2025-01-27,accionSauro_2025_01_28__02_46_06_HDR0.jpg,accionSauro_2025_01_28__02_46_06_HDR0_3_Mothbot_yolo11m_4500_imgsz1600_b1_2024-01-18.pt.jpg
,Animalia,Arthropoda,Insecta,Lepidoptera,,,,,,,Lepidoptera,Lepidoptera,Panama_Hoya_1004m_accionSauro_2025-01-26,accionSauro_2025_01_28__02_47_06_HDR0_0_Mothbot_yolo11m_4500_imgsz1600_b1_2024-01-18.pt.jpg,HS,Mothbot_yolo11m_4500_imgsz1600_b1_2024-01-18.pt,0.815601647,,accionSauro,Panama/Hoya_1004m_accionSauro_2025-01-26/2025-01-27/patches/accionSauro_2025_01_28__02_47_06_HDR0_0_Mothbot_yolo11m_4500_imgsz1600_b1_2024-01-18.pt.jpg,ORDER_Lepidoptera,28-01-25,2:47:06,,2025_01_28__02_47_06,MachineObservation,Panama_Hoya_1004m_accionSauro_2025-01-26_2025-01-27,Panama_Hoya_1004m_accionSauro_2025-01-26_2025-01-27,accionSauro_2025_01_28__02_47_06_HDR0.jpg,accionSauro_2025_01_28__02_47_06_HDR0_0_Mothbot_yolo11m_4500_imgsz1600_b1_2024-01-18.pt.jpg
,Animalia,Arthropoda,Insecta,Diptera,,,,,,,Diptera,Diptera,Panama_Hoya_1004m_accionSauro_2025-01-26,accionSauro_2025_01_28__02_47_06_HDR0_1_Mothbot_yolo11m_4500_imgsz1600_b1_2024-01-18.pt.jpg,HS,Mothbot_yolo11m_4500_imgsz1600_b1_2024-01-18.pt,0.665768266,,accionSauro,Panama/Hoya_1004m_accionSauro_2025-01-26/2025-01-27/patches/accionSauro_2025_01_28__02_47_06_HDR0_1_Mothbot_yolo11m_4500_imgsz1600_b1_2024-01-18.pt.jpg,ORDER_Diptera,28-01-25,2:47:06,,2025_01_28__02_47_06,MachineObservation,Panama_Hoya_1004m_accionSauro_2025-01-26_2025-01-27,Panama_Hoya_1004m_accionSauro_2025-01-26_2025-01-27,accionSauro_2025_01_28__02_47_06_HDR0.jpg,accionSauro_2025_01_28__02_47_06_HDR0_1_Mothbot_yolo11m_4500_imgsz1600_b1_2024-01-18.pt.jpg
doi.org10.15468dl.6nxkw6.csv,Animalia,Arthropoda,Insecta,Hemiptera,,,,,809,,Hemiptera,Hemiptera,Panama_Hoya_1004m_accionSauro_2025-01-26,accionSauro_2025_01_28__02_47_06_HDR0_2_Mothbot_yolo11m_4500_imgsz1600_b1_2024-01-18.pt.jpg,HS,Mothbot_yolo11m_4500_imgsz1600_b1_2024-01-18.pt,0.664661288,,accionSauro,Panama/Hoya_1004m_accionSauro_2025-01-26/2025-01-27/patches/accionSauro_2025_01_28__02_47_06_HDR0_2_Mothbot_yolo11m_4500_imgsz1600_b1_2024-01-18.pt.jpg,ORDER_Psocodea,28-01-25,2:47:06,,2025_01_28__02_47_06,MachineObservation,Panama_Hoya_1004m_accionSauro_2025-01-26_2025-01-27,Panama_Hoya_1004m_accionSauro_2025-01-26_2025-01-27,accionSauro_2025_01_28__02_47_06_HDR0.jpg,accionSauro_2025_01_28__02_47_06_HDR0_2_Mothbot_yolo11m_4500_imgsz1600_b1_2024-01-18.pt.jpg
,Animalia,Arthropoda,Insecta,Lepidoptera,,,,,,,Lepidoptera,Lepidoptera,Panama_Hoya_1004m_accionSauro_2025-01-26,accionSauro_2025_01_28__02_48_06_HDR0_0_Mothbot_yolo11m_4500_imgsz1600_b1_2024-01-18.pt.jpg,HS,Mothbot_yolo11m_4500_imgsz1600_b1_2024-01-18.pt,0.821063161,,accionSauro,Panama/Hoya_1004m_accionSauro_2025-01-26/2025-01-27/patches/accionSauro_2025_01_28__02_48_06_HDR0_0_Mothbot_yolo11m_4500_imgsz1600_b1_2024-01-18.pt.jpg,ORDER_Lepidoptera,28-01-25,2:48:06,,2025_01_28__02_48_06,MachineObservation,Panama_Hoya_1004m_accionSauro_2025-01-26_2025-01-27,Panama_Hoya_1004m_accionSauro_2025-01-26_2025-01-27,accionSauro_2025_01_28__02_48_06_HDR0.jpg,accionSauro_2025_01_28__02_48_06_HDR0_0_Mothbot_yolo11m_4500_imgsz1600_b1_2024-01-18.pt.jpg
,Animalia,Arthropoda,Insecta,Hemiptera,,,,,,,Hemiptera,Hemiptera,Panama_Hoya_1004m_accionSauro_2025-01-26,accionSauro_2025_01_28__02_48_06_HDR0_1_Mothbot_yolo11m_4500_imgsz1600_b1_2024-01-18.pt.jpg,HS,Mothbot_yolo11m_4500_imgsz1600_b1_2024-01-18.pt,0.771845698,,accionSauro,Panama/Hoya_1004m_accionSauro_2025-01-26/2025-01-27/patches/accionSauro_2025_01_28__02_48_06_HDR0_1_Mothbot_yolo11m_4500_imgsz1600_b1_2024-01-18.pt.jpg,ORDER_Hemiptera,28-01-25,2:48:06,,2025_01_28__02_48_06,MachineObservation,Panama_Hoya_1004m_accionSauro_2025-01-26_2025-01-27,Panama_Hoya_1004m_accionSauro_2025-01-26_2025-01-27,accionSauro_2025_01_28__02_48_06_HDR0.jpg,accionSauro_2025_01_28__02_48_06_HDR0_1_Mothbot_yolo11m_4500_imgsz1600_b1_2024-01-18.pt.jpg
,Animalia,Arthropoda,Insecta,Hemiptera,,,,,,,Hemiptera,Hemiptera,Panama_Hoya_1004m_accionSauro_2025-01-26,accionSauro_2025_01_28__02_48_06_HDR0_2_Mothbot_yolo11m_4500_imgsz1600_b1_2024-01-18.pt.jpg,HS,Mothbot_yolo11m_4500_imgsz1600_b1_2024-01-18.pt,0.768856943,,accionSauro,Panama/Hoya_1004m_accionSauro_2025-01-26/2025-01-27/patches/accionSauro_2025_01_28__02_48_06_HDR0_2_Mothbot_yolo11m_4500_imgsz1600_b1_2024-01-18.pt.jpg,ORDER_Hemiptera,28-01-25,2:48:06,,2025_01_28__02_48_06,MachineObservation,Panama_Hoya_1004m_accionSauro_2025-01-26_2025-01-27,Panama_Hoya_1004m_accionSauro_2025-01-26_2025-01-27,accionSauro_2025_01_28__02_48_06_HDR0.jpg,accionSauro_2025_01_28__02_48_06_HDR0_2_Mothbot_yolo11m_4500_imgsz1600_b1_2024-01-18.pt.jpg
,Animalia,Arthropoda,Insecta,Hemiptera,,,,,,,Hemiptera,Hemiptera,Panama_Hoya_1004m_accionSauro_2025-01-26,accionSauro_2025_01_28__02_48_06_HDR0_3_Mothbot_yolo11m_4500_imgsz1600_b1_2024-01-18.pt.jpg,HS,Mothbot_yolo11m_4500_imgsz1600_b1_2024-01-18.pt,0.749421537,,accionSauro,Panama/Hoya_1004m_accionSauro_2025-01-26/2025-01-27/patches/accionSauro_2025_01_28__02_48_06_HDR0_3_Mothbot_yolo11m_4500_imgsz1600_b1_2024-01-18.pt.jpg,ORDER_Hemiptera,28-01-25,2:48:06,,2025_01_28__02_48_06,MachineObservation,Panama_Hoya_1004m_accionSauro_2025-01-26_2025-01-27,Panama_Hoya_1004m_accionSauro_2025-01-26_2025-01-27,accionSauro_2025_01_28__02_48_06_HDR0.jpg,accionSauro_2025_01_28__02_48_06_HDR0_3_Mothbot_yolo11m_4500_imgsz1600_b1_2024-01-18.pt.jpg
,Animalia,Arthropoda,Insecta,Diptera,,,,,,,Diptera,Diptera,Panama_Hoya_1004m_accionSauro_2025-01-26,accionSauro_2025_01_28__02_48_06_HDR0_4_Mothbot_yolo11m_4500_imgsz1600_b1_2024-01-18.pt.jpg,HS,Mothbot_yolo11m_4500_imgsz1600_b1_2024-01-18.pt,0.720983505,,accionSauro,Panama/Hoya_1004m_accionSauro_2025-01-26/2025-01-27/patches/accionSauro_2025_01_28__02_48_06_HDR0_4_Mothbot_yolo11m_4500_imgsz1600_b1_2024-01-18.pt.jpg,ORDER_Diptera,28-01-25,2:48:06,,2025_01_28__02_48_06,MachineObservation,Panama_Hoya_1004m_accionSauro_2025-01-26_2025-01-27,Panama_Hoya_1004m_accionSauro_2025-01-26_2025-01-27,accionSauro_2025_01_28__02_48_06_HDR0.jpg,accionSauro_2025_01_28__02_48_06_HDR0_4_Mothbot_yolo11m_4500_imgsz1600_b1_2024-01-18.pt.jpg
doi.org10.15468dl.6nxkw6.csv,Animalia,Arthropoda,Insecta,Hemiptera,,,,,809,,Hemiptera,Hemiptera,Panama_Hoya_1004m_accionSauro_2025-01-26,accionSauro_2025_01_28__02_48_06_HDR0_5_Mothbot_yolo11m_4500_imgsz1600_b1_2024-01-18.pt.jpg,HS,Mothbot_yolo11m_4500_imgsz1600_b1_2024-01-18.pt,0.676352322,,accionSauro,Panama/Hoya_1004m_accionSauro_2025-01-26/2025-01-27/patches/accionSauro_2025_01_28__02_48_06_HDR0_5_Mothbot_yolo11m_4500_imgsz1600_b1_2024-01-18.pt.jpg,ORDER_Psocodea,28-01-25,2:48:06,,2025_01_28__02_48_06,MachineObservation,Panama_Hoya_1004m_accionSauro_2025-01-26_2025-01-27,Panama_Hoya_1004m_accionSauro_2025-01-26_2025-01-27,accionSauro_2025_01_28__02_48_06_HDR0.jpg,accionSauro_2025_01_28__02_48_06_HDR0_5_Mothbot_yolo11m_4500_imgsz1600_b1_2024-01-18.pt.jpg
,,,,,,,,,,,,ERROR,Panama_Hoya_1004m_accionSauro_2025-01-26,accionSauro_2025_01_28__02_48_06_HDR0_6_Mothbot_yolo11m_4500_imgsz1600_b1_2024-01-18.pt.jpg,HS,Mothbot_yolo11m_4500_imgsz1600_b1_2024-01-18.pt,0.329448909,,accionSauro,Panama/Hoya_1004m_accionSauro_2025-01-26/2025-01-27/patches/accionSauro_2025_01_28__02_48_06_HDR0_6_Mothbot_yolo11m_4500_imgsz1600_b1_2024-01-18.pt.jpg,ORDER_Diptera,28-01-25,2:48:06,,2025_01_28__02_48_06,MachineObservation,Panama_Hoya_1004m_accionSauro_2025-01-26_2025-01-27,Panama_Hoya_1004m_accionSauro_2025-01-26_2025-01-27,accionSauro_2025_01_28__02_48_06_HDR0.jpg,accionSauro_2025_01_28__02_48_06_HDR0_6_Mothbot_yolo11m_4500_imgsz1600_b1_2024-01-18.pt.jpg
,Animalia,Arthropoda,Insecta,Diptera,,,,,,,Diptera,Diptera,Panama_Hoya_1004m_accionSauro_2025-01-26,accionSauro_2025_01_28__02_48_06_HDR0_7_Mothbot_yolo11m_4500_imgsz1600_b1_2024-01-18.pt.jpg,HS,Mothbot_yolo11m_4500_imgsz1600_b1_2024-01-18.pt,0.295668244,,accionSauro,Panama/Hoya_1004m_accionSauro_2025-01-26/2025-01-27/patches/accionSauro_2025_01_28__02_48_06_HDR0_7_Mothbot_yolo11m_4500_imgsz1600_b1_2024-01-18.pt.jpg,ORDER_Diptera,28-01-25,2:48:06,,2025_01_28__02_48_06,MachineObservation,Panama_Hoya_1004m_accionSauro_2025-01-26_2025-01-27,Panama_Hoya_1004m_accionSauro_2025-01-26_2025-01-27,accionSauro_2025_01_28__02_48_06_HDR0.jpg,accionSauro_2025_01_28__02_48_06_HDR0_7_Mothbot_yolo11m_4500_imgsz1600_b1_2024-01-18.pt.jpg
,Animalia,Arthropoda,Insecta,Lepidoptera,,,,,,,Lepidoptera,Lepidoptera,Panama_Hoya_1004m_accionSauro_2025-01-26,accionSauro_2025_01_28__02_49_06_HDR0_0_Mothbot_yolo11m_4500_imgsz1600_b1_2024-01-18.pt.jpg,HS,Mothbot_yolo11m_4500_imgsz1600_b1_2024-01-18.pt,0.847449422,,accionSauro,Panama/Hoya_1004m_accionSauro_2025-01-26/2025-01-27/patches/accionSauro_2025_01_28__02_49_06_HDR0_0_Mothbot_yolo11m_4500_imgsz1600_b1_2024-01-18.pt.jpg,ORDER_Lepidoptera,28-01-25,2:49:06,,2025_01_28__02_49_06,MachineObservation,Panama_Hoya_1004m_accionSauro_2025-01-26_2025-01-27,Panama_Hoya_1004m_accionSauro_2025-01-26_2025-01-27,accionSauro_2025_01_28__02_49_06_HDR0.jpg,accionSauro_2025_01_28__02_49_06_HDR0_0_Mothbot_yolo11m_4500_imgsz1600_b1_2024-01-18.pt.jpg
doi.org10.15468dl.6nxkw6.csv,Animalia,Arthropoda,Insecta,Diptera,,,,,,,Diptera,Diptera,Panama_Hoya_1004m_accionSauro_2025-01-26,accionSauro_2025_01_28__02_49_06_HDR0_1_Mothbot_yolo11m_4500_imgsz1600_b1_2024-01-18.pt.jpg,HS,Mothbot_yolo11m_4500_imgsz1600_b1_2024-01-18.pt,0.663895607,,accionSauro,Panama/Hoya_1004m_accionSauro_2025-01-26/2025-01-27/patches/accionSauro_2025_01_28__02_49_06_HDR0_1_Mothbot_yolo11m_4500_imgsz1600_b1_2024-01-18.pt.jpg,ORDER_Lepidoptera,28-01-25,2:49:06,,2025_01_28__02_49_06,MachineObservation,Panama_Hoya_1004m_accionSauro_2025-01-26_2025-01-27,Panama_Hoya_1004m_accionSauro_2025-01-26_2025-01-27,accionSauro_2025_01_28__02_49_06_HDR0.jpg,accionSauro_2025_01_28__02_49_06_HDR0_1_Mothbot_yolo11m_4500_imgsz1600_b1_2024-01-18.pt.jpg
,Animalia,Arthropoda,Insecta,Hemiptera,,,,,,,Hemiptera,Hemiptera,Panama_Hoya_1004m_accionSauro_2025-01-26,accionSauro_2025_01_28__02_49_06_HDR0_2_Mothbot_yolo11m_4500_imgsz1600_b1_2024-01-18.pt.jpg,HS,Mothbot_yolo11m_4500_imgsz1600_b1_2024-01-18.pt,0.474527717,,accionSauro,Panama/Hoya_1004m_accionSauro_2025-01-26/2025-01-27/patches/accionSauro_2025_01_28__02_49_06_HDR0_2_Mothbot_yolo11m_4500_imgsz1600_b1_2024-01-18.pt.jpg,ORDER_Hemiptera,28-01-25,2:49:06,,2025_01_28__02_49_06,MachineObservation,Panama_Hoya_1004m_accionSauro_2025-01-26_2025-01-27,Panama_Hoya_1004m_accionSauro_2025-01-26_2025-01-27,accionSauro_2025_01_28__02_49_06_HDR0.jpg,accionSauro_2025_01_28__02_49_06_HDR0_2_Mothbot_yolo11m_4500_imgsz1600_b1_2024-01-18.pt.jpg
doi.org10.15468dl.6nxkw6.csv,Animalia,Arthropoda,Insecta,Coleoptera,,,,,1470,,Coleoptera,Coleoptera,Panama_Hoya_1004m_accionSauro_2025-01-26,accionSauro_2025_01_28__02_49_06_HDR0_3_Mothbot_yolo11m_4500_imgsz1600_b1_2024-01-18.pt.jpg,HS,Mothbot_yolo11m_4500_imgsz1600_b1_2024-01-18.pt,0.393576235,,accionSauro,Panama/Hoya_1004m_accionSauro_2025-01-26/2025-01-27/patches/accionSauro_2025_01_28__02_49_06_HDR0_3_Mothbot_yolo11m_4500_imgsz1600_b1_2024-01-18.pt.jpg,ORDER_Hemiptera,28-01-25,2:49:06,,2025_01_28__02_49_06,MachineObservation,Panama_Hoya_1004m_accionSauro_2025-01-26_2025-01-27,Panama_Hoya_1004m_accionSauro_2025-01-26_2025-01-27,accionSauro_2025_01_28__02_49_06_HDR0.jpg,accionSauro_2025_01_28__02_49_06_HDR0_3_Mothbot_yolo11m_4500_imgsz1600_b1_2024-01-18.pt.jpg
,Animalia,Arthropoda,Insecta,Diptera,,,,,,,Diptera,Diptera,Panama_Hoya_1004m_accionSauro_2025-01-26,accionSauro_2025_01_28__02_50_22_HDR0_0_Mothbot_yolo11m_4500_imgsz1600_b1_2024-01-18.pt.jpg,HS,Mothbot_yolo11m_4500_imgsz1600_b1_2024-01-18.pt,0.738315105,,accionSauro,Panama/Hoya_1004m_accionSauro_2025-01-26/2025-01-27/patches/accionSauro_2025_01_28__02_50_22_HDR0_0_Mothbot_yolo11m_4500_imgsz1600_b1_2024-01-18.pt.jpg,ORDER_Diptera,28-01-25,2:50:22,,2025_01_28__02_50_22,MachineObservation,Panama_Hoya_1004m_accionSauro_2025-01-26_2025-01-27,Panama_Hoya_1004m_accionSauro_2025-01-26_2025-01-27,accionSauro_2025_01_28__02_50_22_HDR0.jpg,accionSauro_2025_01_28__02_50_22_HDR0_0_Mothbot_yolo11m_4500_imgsz1600_b1_2024-01-18.pt.jpg
doi.org10.15468dl.6nxkw6.csv,Animalia,Arthropoda,Insecta,Hemiptera,,,,,809,,Hemiptera,Hemiptera,Panama_Hoya_1004m_accionSauro_2025-01-26,accionSauro_2025_01_28__02_50_22_HDR0_1_Mothbot_yolo11m_4500_imgsz1600_b1_2024-01-18.pt.jpg,HS,Mothbot_yolo11m_4500_imgsz1600_b1_2024-01-18.pt,0.719240785,,accionSauro,Panama/Hoya_1004m_accionSauro_2025-01-26/2025-01-27/patches/accionSauro_2025_01_28__02_50_22_HDR0_1_Mothbot_yolo11m_4500_imgsz1600_b1_2024-01-18.pt.jpg,ORDER_Coleoptera,28-01-25,2:50:22,,2025_01_28__02_50_22,MachineObservation,Panama_Hoya_1004m_accionSauro_2025-01-26_2025-01-27,Panama_Hoya_1004m_accionSauro_2025-01-26_2025-01-27,accionSauro_2025_01_28__02_50_22_HDR0.jpg,accionSauro_2025_01_28__02_50_22_HDR0_1_Mothbot_yolo11m_4500_imgsz1600_b1_2024-01-18.pt.jpg
doi.org10.15468dl.6nxkw6.csv,Animalia,Arthropoda,Insecta,Hemiptera,,,,,809,,Hemiptera,Hemiptera,Panama_Hoya_1004m_accionSauro_2025-01-26,accionSauro_2025_01_28__02_50_22_HDR0_2_Mothbot_yolo11m_4500_imgsz1600_b1_2024-01-18.pt.jpg,HS,Mothbot_yolo11m_4500_imgsz1600_b1_2024-01-18.pt,0.713221788,,accionSauro,Panama/Hoya_1004m_accionSauro_2025-01-26/2025-01-27/patches/accionSauro_2025_01_28__02_50_22_HDR0_2_Mothbot_yolo11m_4500_imgsz1600_b1_2024-01-18.pt.jpg,ORDER_Trichoptera,28-01-25,2:50:22,,2025_01_28__02_50_22,MachineObservation,Panama_Hoya_1004m_accionSauro_2025-01-26_2025-01-27,Panama_Hoya_1004m_accionSauro_2025-01-26_2025-01-27,accionSauro_2025_01_28__02_50_22_HDR0.jpg,accionSauro_2025_01_28__02_50_22_HDR0_2_Mothbot_yolo11m_4500_imgsz1600_b1_2024-01-18.pt.jpg
,Animalia,Arthropoda,Insecta,Hemiptera,,,,,,,Hemiptera,Hemiptera,Panama_Hoya_1004m_accionSauro_2025-01-26,accionSauro_2025_01_28__02_50_22_HDR0_3_Mothbot_yolo11m_4500_imgsz1600_b1_2024-01-18.pt.jpg,HS,Mothbot_yolo11m_4500_imgsz1600_b1_2024-01-18.pt,0.707085967,,accionSauro,Panama/Hoya_1004m_accionSauro_2025-01-26/2025-01-27/patches/accionSauro_2025_01_28__02_50_22_HDR0_3_Mothbot_yolo11m_4500_imgsz1600_b1_2024-01-18.pt.jpg,ORDER_Hemiptera,28-01-25,2:50:22,,2025_01_28__02_50_22,MachineObservation,Panama_Hoya_1004m_accionSauro_2025-01-26_2025-01-27,Panama_Hoya_1004m_accionSauro_2025-01-26_2025-01-27,accionSauro_2025_01_28__02_50_22_HDR0.jpg,accionSauro_2025_01_28__02_50_22_HDR0_3_Mothbot_yolo11m_4500_imgsz1600_b1_2024-01-18.pt.jpg
,Animalia,Arthropoda,Insecta,Hemiptera,,,,,,,Hemiptera,Hemiptera,Panama_Hoya_1004m_accionSauro_2025-01-26,accionSauro_2025_01_28__02_50_22_HDR0_4_Mothbot_yolo11m_4500_imgsz1600_b1_2024-01-18.pt.jpg,HS,Mothbot_yolo11m_4500_imgsz1600_b1_2024-01-18.pt,0.697393417,,accionSauro,Panama/Hoya_1004m_accionSauro_2025-01-26/2025-01-27/patches/accionSauro_2025_01_28__02_50_22_HDR0_4_Mothbot_yolo11m_4500_imgsz1600_b1_2024-01-18.pt.jpg,ORDER_Hemiptera,28-01-25,2:50:22,,2025_01_28__02_50_22,MachineObservation,Panama_Hoya_1004m_accionSauro_2025-01-26_2025-01-27,Panama_Hoya_1004m_accionSauro_2025-01-26_2025-01-27,accionSauro_2025_01_28__02_50_22_HDR0.jpg,accionSauro_2025_01_28__02_50_22_HDR0_4_Mothbot_yolo11m_4500_imgsz1600_b1_2024-01-18.pt.jpg
,Animalia,Arthropoda,Insecta,Hemiptera,,,,,,,Hemiptera,Hemiptera,Panama_Hoya_1004m_accionSauro_2025-01-26,accionSauro_2025_01_28__02_50_22_HDR0_5_Mothbot_yolo11m_4500_imgsz1600_b1_2024-01-18.pt.jpg,HS,Mothbot_yolo11m_4500_imgsz1600_b1_2024-01-18.pt,0.334656447,,accionSauro,Panama/Hoya_1004m_accionSauro_2025-01-26/2025-01-27/patches/accionSauro_2025_01_28__02_50_22_HDR0_5_Mothbot_yolo11m_4500_imgsz1600_b1_2024-01-18.pt.jpg,ORDER_Hemiptera,28-01-25,2:50:22,,2025_01_28__02_50_22,MachineObservation,Panama_Hoya_1004m_accionSauro_2025-01-26_2025-01-27,Panama_Hoya_1004m_accionSauro_2025-01-26_2025-01-27,accionSauro_2025_01_28__02_50_22_HDR0.jpg,accionSauro_2025_01_28__02_50_22_HDR0_5_Mothbot_yolo11m_4500_imgsz1600_b1_2024-01-18.pt.jpg
doi.org10.15468dl.6nxkw6.csv,Animalia,Arthropoda,Insecta,Diptera,,,,,,,Diptera,Diptera,Panama_Hoya_1004m_accionSauro_2025-01-26,accionSauro_2025_01_28__02_51_06_HDR0_0_Mothbot_yolo11m_4500_imgsz1600_b1_2024-01-18.pt.jpg,HS,Mothbot_yolo11m_4500_imgsz1600_b1_2024-01-18.pt,0.711053669,,accionSauro,Panama/Hoya_1004m_accionSauro_2025-01-26/2025-01-27/patches/accionSauro_2025_01_28__02_51_06_HDR0_0_Mothbot_yolo11m_4500_imgsz1600_b1_2024-01-18.pt.jpg,ORDER_Lepidoptera,28-01-25,2:51:06,,2025_01_28__02_51_06,MachineObservation,Panama_Hoya_1004m_accionSauro_2025-01-26_2025-01-27,Panama_Hoya_1004m_accionSauro_2025-01-26_2025-01-27,accionSauro_2025_01_28__02_51_06_HDR0.jpg,accionSauro_2025_01_28__02_51_06_HDR0_0_Mothbot_yolo11m_4500_imgsz1600_b1_2024-01-18.pt.jpg
doi.org10.15468dl.6nxkw6.csv,Animalia,Arthropoda,Insecta,Hemiptera,,,,,809,,Hemiptera,Hemiptera,Panama_Hoya_1004m_accionSauro_2025-01-26,accionSauro_2025_01_28__02_51_06_HDR0_1_Mothbot_yolo11m_4500_imgsz1600_b1_2024-01-18.pt.jpg,HS,Mothbot_yolo11m_4500_imgsz1600_b1_2024-01-18.pt,0.700077832,,accionSauro,Panama/Hoya_1004m_accionSauro_2025-01-26/2025-01-27/patches/accionSauro_2025_01_28__02_51_06_HDR0_1_Mothbot_yolo11m_4500_imgsz1600_b1_2024-01-18.pt.jpg,ORDER_Lepidoptera,28-01-25,2:51:06,,2025_01_28__02_51_06,MachineObservation,Panama_Hoya_1004m_accionSauro_2025-01-26_2025-01-27,Panama_Hoya_1004m_accionSauro_2025-01-26_2025-01-27,accionSauro_2025_01_28__02_51_06_HDR0.jpg,accionSauro_2025_01_28__02_51_06_HDR0_1_Mothbot_yolo11m_4500_imgsz1600_b1_2024-01-18.pt.jpg
doi.org10.15468dl.6nxkw6.csv,Animalia,Arthropoda,Insecta,Hemiptera,,,,,809,,Hemiptera,Hemiptera,Panama_Hoya_1004m_accionSauro_2025-01-26,accionSauro_2025_01_28__02_51_06_HDR0_2_Mothbot_yolo11m_4500_imgsz1600_b1_2024-01-18.pt.jpg,HS,Mothbot_yolo11m_4500_imgsz1600_b1_2024-01-18.pt,0.690272689,,accionSauro,Panama/Hoya_1004m_accionSauro_2025-01-26/2025-01-27/patches/accionSauro_2025_01_28__02_51_06_HDR0_2_Mothbot_yolo11m_4500_imgsz1600_b1_2024-01-18.pt.jpg,ORDER_Coleoptera,28-01-25,2:51:06,,2025_01_28__02_51_06,MachineObservation,Panama_Hoya_1004m_accionSauro_2025-01-26_2025-01-27,Panama_Hoya_1004m_accionSauro_2025-01-26_2025-01-27,accionSauro_2025_01_28__02_51_06_HDR0.jpg,accionSauro_2025_01_28__02_51_06_HDR0_2_Mothbot_yolo11m_4500_imgsz1600_b1_2024-01-18.pt.jpg
,Animalia,Arthropoda,Insecta,Hemiptera,,,,,,,Hemiptera,Hemiptera,Panama_Hoya_1004m_accionSauro_2025-01-26,accionSauro_2025_01_28__02_51_06_HDR0_3_Mothbot_yolo11m_4500_imgsz1600_b1_2024-01-18.pt.jpg,HS,Mothbot_yolo11m_4500_imgsz1600_b1_2024-01-18.pt,0.449407011,,accionSauro,Panama/Hoya_1004m_accionSauro_2025-01-26/2025-01-27/patches/accionSauro_2025_01_28__02_51_06_HDR0_3_Mothbot_yolo11m_4500_imgsz1600_b1_2024-01-18.pt.jpg,ORDER_Hemiptera,28-01-25,2:51:06,,2025_01_28__02_51_06,MachineObservation,Panama_Hoya_1004m_accionSauro_2025-01-26_2025-01-27,Panama_Hoya_1004m_accionSauro_2025-01-26_2025-01-27,accionSauro_2025_01_28__02_51_06_HDR0.jpg,accionSauro_2025_01_28__02_51_06_HDR0_3_Mothbot_yolo11m_4500_imgsz1600_b1_2024-01-18.pt.jpg
doi.org10.15468dl.6nxkw6.csv,Animalia,Arthropoda,Insecta,Hemiptera,,,,,809,,Hemiptera,Hemiptera,Panama_Hoya_1004m_accionSauro_2025-01-26,accionSauro_2025_01_28__02_52_06_HDR0_0_Mothbot_yolo11m_4500_imgsz1600_b1_2024-01-18.pt.jpg,HS,Mothbot_yolo11m_4500_imgsz1600_b1_2024-01-18.pt,0.719355702,,accionSauro,Panama/Hoya_1004m_accionSauro_2025-01-26/2025-01-27/patches/accionSauro_2025_01_28__02_52_06_HDR0_0_Mothbot_yolo11m_4500_imgsz1600_b1_2024-01-18.pt.jpg,ORDER_Psocodea,28-01-25,2:52:06,,2025_01_28__02_52_06,MachineObservation,Panama_Hoya_1004m_accionSauro_2025-01-26_2025-01-27,Panama_Hoya_1004m_accionSauro_2025-01-26_2025-01-27,accionSauro_2025_01_28__02_52_06_HDR0.jpg,accionSauro_2025_01_28__02_52_06_HDR0_0_Mothbot_yolo11m_4500_imgsz1600_b1_2024-01-18.pt.jpg
doi.org10.15468dl.6nxkw6.csv,Animalia,Arthropoda,Insecta,Diptera,,,,,,,Diptera,Diptera,Panama_Hoya_1004m_accionSauro_2025-01-26,accionSauro_2025_01_28__02_52_06_HDR0_1_Mothbot_yolo11m_4500_imgsz1600_b1_2024-01-18.pt.jpg,HS,Mothbot_yolo11m_4500_imgsz1600_b1_2024-01-18.pt,0.675210297,,accionSauro,Panama/Hoya_1004m_accionSauro_2025-01-26/2025-01-27/patches/accionSauro_2025_01_28__02_52_06_HDR0_1_Mothbot_yolo11m_4500_imgsz1600_b1_2024-01-18.pt.jpg,ORDER_Lepidoptera,28-01-25,2:52:06,,2025_01_28__02_52_06,MachineObservation,Panama_Hoya_1004m_accionSauro_2025-01-26_2025-01-27,Panama_Hoya_1004m_accionSauro_2025-01-26_2025-01-27,accionSauro_2025_01_28__02_52_06_HDR0.jpg,accionSauro_2025_01_28__02_52_06_HDR0_1_Mothbot_yolo11m_4500_imgsz1600_b1_2024-01-18.pt.jpg
doi.org10.15468dl.6nxkw6.csv,Animalia,Arthropoda,Insecta,Diptera,,,,,,,Diptera,Diptera,Panama_Hoya_1004m_accionSauro_2025-01-26,accionSauro_2025_01_28__02_52_06_HDR0_2_Mothbot_yolo11m_4500_imgsz1600_b1_2024-01-18.pt.jpg,HS,Mothbot_yolo11m_4500_imgsz1600_b1_2024-01-18.pt,0.600194156,,accionSauro,Panama/Hoya_1004m_accionSauro_2025-01-26/2025-01-27/patches/accionSauro_2025_01_28__02_52_06_HDR0_2_Mothbot_yolo11m_4500_imgsz1600_b1_2024-01-18.pt.jpg,ORDER_Hymenoptera,28-01-25,2:52:06,,2025_01_28__02_52_06,MachineObservation,Panama_Hoya_1004m_accionSauro_2025-01-26_2025-01-27,Panama_Hoya_1004m_accionSauro_2025-01-26_2025-01-27,accionSauro_2025_01_28__02_52_06_HDR0.jpg,accionSauro_2025_01_28__02_52_06_HDR0_2_Mothbot_yolo11m_4500_imgsz1600_b1_2024-01-18.pt.jpg
doi.org10.15468dl.6nxkw6.csv,Animalia,Arthropoda,Insecta,,,,,,216,,Insecta,Insecta,Panama_Hoya_1004m_accionSauro_2025-01-26,accionSauro_2025_01_28__02_52_06_HDR0_3_Mothbot_yolo11m_4500_imgsz1600_b1_2024-01-18.pt.jpg,HS,Mothbot_yolo11m_4500_imgsz1600_b1_2024-01-18.pt,0.566345274,,accionSauro,Panama/Hoya_1004m_accionSauro_2025-01-26/2025-01-27/patches/accionSauro_2025_01_28__02_52_06_HDR0_3_Mothbot_yolo11m_4500_imgsz1600_b1_2024-01-18.pt.jpg,ORDER_Diptera,28-01-25,2:52:06,,2025_01_28__02_52_06,MachineObservation,Panama_Hoya_1004m_accionSauro_2025-01-26_2025-01-27,Panama_Hoya_1004m_accionSauro_2025-01-26_2025-01-27,accionSauro_2025_01_28__02_52_06_HDR0.jpg,accionSauro_2025_01_28__02_52_06_HDR0_3_Mothbot_yolo11m_4500_imgsz1600_b1_2024-01-18.pt.jpg
,Animalia,Arthropoda,Insecta,Diptera,,,,,,,Diptera,Diptera,Panama_Hoya_1004m_accionSauro_2025-01-26,accionSauro_2025_01_28__02_52_06_HDR0_4_Mothbot_yolo11m_4500_imgsz1600_b1_2024-01-18.pt.jpg,HS,Mothbot_yolo11m_4500_imgsz1600_b1_2024-01-18.pt,0.513854742,,accionSauro,Panama/Hoya_1004m_accionSauro_2025-01-26/2025-01-27/patches/accionSauro_2025_01_28__02_52_06_HDR0_4_Mothbot_yolo11m_4500_imgsz1600_b1_2024-01-18.pt.jpg,ORDER_Diptera,28-01-25,2:52:06,,2025_01_28__02_52_06,MachineObservation,Panama_Hoya_1004m_accionSauro_2025-01-26_2025-01-27,Panama_Hoya_1004m_accionSauro_2025-01-26_2025-01-27,accionSauro_2025_01_28__02_52_06_HDR0.jpg,accionSauro_2025_01_28__02_52_06_HDR0_4_Mothbot_yolo11m_4500_imgsz1600_b1_2024-01-18.pt.jpg
,Animalia,Arthropoda,Insecta,Coleoptera,,,,,,,Coleoptera,Coleoptera,Panama_Hoya_1004m_accionSauro_2025-01-26,accionSauro_2025_01_28__02_53_06_HDR0_0_Mothbot_yolo11m_4500_imgsz1600_b1_2024-01-18.pt.jpg,HS,Mothbot_yolo11m_4500_imgsz1600_b1_2024-01-18.pt,0.805102706,,accionSauro,Panama/Hoya_1004m_accionSauro_2025-01-26/2025-01-27/patches/accionSauro_2025_01_28__02_53_06_HDR0_0_Mothbot_yolo11m_4500_imgsz1600_b1_2024-01-18.pt.jpg,ORDER_Coleoptera,28-01-25,2:53:06,,2025_01_28__02_53_06,MachineObservation,Panama_Hoya_1004m_accionSauro_2025-01-26_2025-01-27,Panama_Hoya_1004m_accionSauro_2025-01-26_2025-01-27,accionSauro_2025_01_28__02_53_06_HDR0.jpg,accionSauro_2025_01_28__02_53_06_HDR0_0_Mothbot_yolo11m_4500_imgsz1600_b1_2024-01-18.pt.jpg
doi.org10.15468dl.6nxkw6.csv,Animalia,Arthropoda,Insecta,Hemiptera,,,,,809,,Hemiptera,Hemiptera,Panama_Hoya_1004m_accionSauro_2025-01-26,accionSauro_2025_01_28__02_53_06_HDR0_1_Mothbot_yolo11m_4500_imgsz1600_b1_2024-01-18.pt.jpg,HS,Mothbot_yolo11m_4500_imgsz1600_b1_2024-01-18.pt,0.792236745,,accionSauro,Panama/Hoya_1004m_accionSauro_2025-01-26/2025-01-27/patches/accionSauro_2025_01_28__02_53_06_HDR0_1_Mothbot_yolo11m_4500_imgsz1600_b1_2024-01-18.pt.jpg,ORDER_Psocodea,28-01-25,2:53:06,,2025_01_28__02_53_06,MachineObservation,Panama_Hoya_1004m_accionSauro_2025-01-26_2025-01-27,Panama_Hoya_1004m_accionSauro_2025-01-26_2025-01-27,accionSauro_2025_01_28__02_53_06_HDR0.jpg,accionSauro_2025_01_28__02_53_06_HDR0_1_Mothbot_yolo11m_4500_imgsz1600_b1_2024-01-18.pt.jpg
,Animalia,Arthropoda,Insecta,Hemiptera,,,,,,,Hemiptera,Hemiptera,Panama_Hoya_1004m_accionSauro_2025-01-26,accionSauro_2025_01_28__02_53_06_HDR0_2_Mothbot_yolo11m_4500_imgsz1600_b1_2024-01-18.pt.jpg,HS,Mothbot_yolo11m_4500_imgsz1600_b1_2024-01-18.pt,0.78051585,,accionSauro,Panama/Hoya_1004m_accionSauro_2025-01-26/2025-01-27/patches/accionSauro_2025_01_28__02_53_06_HDR0_2_Mothbot_yolo11m_4500_imgsz1600_b1_2024-01-18.pt.jpg,ORDER_Hemiptera,28-01-25,2:53:06,,2025_01_28__02_53_06,MachineObservation,Panama_Hoya_1004m_accionSauro_2025-01-26_2025-01-27,Panama_Hoya_1004m_accionSauro_2025-01-26_2025-01-27,accionSauro_2025_01_28__02_53_06_HDR0.jpg,accionSauro_2025_01_28__02_53_06_HDR0_2_Mothbot_yolo11m_4500_imgsz1600_b1_2024-01-18.pt.jpg
,Animalia,Arthropoda,Insecta,Diptera,,,,,,,Diptera,Diptera,Panama_Hoya_1004m_accionSauro_2025-01-26,accionSauro_2025_01_28__02_53_06_HDR0_3_Mothbot_yolo11m_4500_imgsz1600_b1_2024-01-18.pt.jpg,HS,Mothbot_yolo11m_4500_imgsz1600_b1_2024-01-18.pt,0.77339828,,accionSauro,Panama/Hoya_1004m_accionSauro_2025-01-26/2025-01-27/patches/accionSauro_2025_01_28__02_53_06_HDR0_3_Mothbot_yolo11m_4500_imgsz1600_b1_2024-01-18.pt.jpg,ORDER_Diptera,28-01-25,2:53:06,,2025_01_28__02_53_06,MachineObservation,Panama_Hoya_1004m_accionSauro_2025-01-26_2025-01-27,Panama_Hoya_1004m_accionSauro_2025-01-26_2025-01-27,accionSauro_2025_01_28__02_53_06_HDR0.jpg,accionSauro_2025_01_28__02_53_06_HDR0_3_Mothbot_yolo11m_4500_imgsz1600_b1_2024-01-18.pt.jpg
,Animalia,Arthropoda,Insecta,Coleoptera,,,,,,,Coleoptera,Coleoptera,Panama_Hoya_1004m_accionSauro_2025-01-26,accionSauro_2025_01_28__02_53_06_HDR0_4_Mothbot_yolo11m_4500_imgsz1600_b1_2024-01-18.pt.jpg,HS,Mothbot_yolo11m_4500_imgsz1600_b1_2024-01-18.pt,0.752946854,,accionSauro,Panama/Hoya_1004m_accionSauro_2025-01-26/2025-01-27/patches/accionSauro_2025_01_28__02_53_06_HDR0_4_Mothbot_yolo11m_4500_imgsz1600_b1_2024-01-18.pt.jpg,ORDER_Coleoptera,28-01-25,2:53:06,,2025_01_28__02_53_06,MachineObservation,Panama_Hoya_1004m_accionSauro_2025-01-26_2025-01-27,Panama_Hoya_1004m_accionSauro_2025-01-26_2025-01-27,accionSauro_2025_01_28__02_53_06_HDR0.jpg,accionSauro_2025_01_28__02_53_06_HDR0_4_Mothbot_yolo11m_4500_imgsz1600_b1_2024-01-18.pt.jpg
,Animalia,Arthropoda,Insecta,Diptera,,,,,,,Diptera,Diptera,Panama_Hoya_1004m_accionSauro_2025-01-26,accionSauro_2025_01_28__02_53_06_HDR0_5_Mothbot_yolo11m_4500_imgsz1600_b1_2024-01-18.pt.jpg,HS,Mothbot_yolo11m_4500_imgsz1600_b1_2024-01-18.pt,0.707443595,,accionSauro,Panama/Hoya_1004m_accionSauro_2025-01-26/2025-01-27/patches/accionSauro_2025_01_28__02_53_06_HDR0_5_Mothbot_yolo11m_4500_imgsz1600_b1_2024-01-18.pt.jpg,ORDER_Diptera,28-01-25,2:53:06,,2025_01_28__02_53_06,MachineObservation,Panama_Hoya_1004m_accionSauro_2025-01-26_2025-01-27,Panama_Hoya_1004m_accionSauro_2025-01-26_2025-01-27,accionSauro_2025_01_28__02_53_06_HDR0.jpg,accionSauro_2025_01_28__02_53_06_HDR0_5_Mothbot_yolo11m_4500_imgsz1600_b1_2024-01-18.pt.jpg
,Animalia,Arthropoda,Insecta,Lepidoptera,,,,,,,Lepidoptera,Lepidoptera,Panama_Hoya_1004m_accionSauro_2025-01-26,accionSauro_2025_01_28__02_53_06_HDR0_6_Mothbot_yolo11m_4500_imgsz1600_b1_2024-01-18.pt.jpg,HS,Mothbot_yolo11m_4500_imgsz1600_b1_2024-01-18.pt,0.703200281,,accionSauro,Panama/Hoya_1004m_accionSauro_2025-01-26/2025-01-27/patches/accionSauro_2025_01_28__02_53_06_HDR0_6_Mothbot_yolo11m_4500_imgsz1600_b1_2024-01-18.pt.jpg,ORDER_Lepidoptera,28-01-25,2:53:06,,2025_01_28__02_53_06,MachineObservation,Panama_Hoya_1004m_accionSauro_2025-01-26_2025-01-27,Panama_Hoya_1004m_accionSauro_2025-01-26_2025-01-27,accionSauro_2025_01_28__02_53_06_HDR0.jpg,accionSauro_2025_01_28__02_53_06_HDR0_6_Mothbot_yolo11m_4500_imgsz1600_b1_2024-01-18.pt.jpg
doi.org10.15468dl.6nxkw6.csv,Animalia,Arthropoda,Insecta,Hemiptera,,,,,809,,Hemiptera,Hemiptera,Panama_Hoya_1004m_accionSauro_2025-01-26,accionSauro_2025_01_28__02_53_06_HDR0_7_Mothbot_yolo11m_4500_imgsz1600_b1_2024-01-18.pt.jpg,HS,Mothbot_yolo11m_4500_imgsz1600_b1_2024-01-18.pt,0.643364966,,accionSauro,Panama/Hoya_1004m_accionSauro_2025-01-26/2025-01-27/patches/accionSauro_2025_01_28__02_53_06_HDR0_7_Mothbot_yolo11m_4500_imgsz1600_b1_2024-01-18.pt.jpg,ORDER_Psocodea,28-01-25,2:53:06,,2025_01_28__02_53_06,MachineObservation,Panama_Hoya_1004m_accionSauro_2025-01-26_2025-01-27,Panama_Hoya_1004m_accionSauro_2025-01-26_2025-01-27,accionSauro_2025_01_28__02_53_06_HDR0.jpg,accionSauro_2025_01_28__02_53_06_HDR0_7_Mothbot_yolo11m_4500_imgsz1600_b1_2024-01-18.pt.jpg
,Animalia,Arthropoda,Insecta,Diptera,,,,,,,Diptera,Diptera,Panama_Hoya_1004m_accionSauro_2025-01-26,accionSauro_2025_01_28__02_53_06_HDR0_8_Mothbot_yolo11m_4500_imgsz1600_b1_2024-01-18.pt.jpg,HS,Mothbot_yolo11m_4500_imgsz1600_b1_2024-01-18.pt,0.570158243,,accionSauro,Panama/Hoya_1004m_accionSauro_2025-01-26/2025-01-27/patches/accionSauro_2025_01_28__02_53_06_HDR0_8_Mothbot_yolo11m_4500_imgsz1600_b1_2024-01-18.pt.jpg,ORDER_Diptera,28-01-25,2:53:06,,2025_01_28__02_53_06,MachineObservation,Panama_Hoya_1004m_accionSauro_2025-01-26_2025-01-27,Panama_Hoya_1004m_accionSauro_2025-01-26_2025-01-27,accionSauro_2025_01_28__02_53_06_HDR0.jpg,accionSauro_2025_01_28__02_53_06_HDR0_8_Mothbot_yolo11m_4500_imgsz1600_b1_2024-01-18.pt.jpg
,,,,,,,,,,,,ERROR,Panama_Hoya_1004m_accionSauro_2025-01-26,accionSauro_2025_01_28__02_53_06_HDR0_9_Mothbot_yolo11m_4500_imgsz1600_b1_2024-01-18.pt.jpg,HS,Mothbot_yolo11m_4500_imgsz1600_b1_2024-01-18.pt,0.370159566,,accionSauro,Panama/Hoya_1004m_accionSauro_2025-01-26/2025-01-27/patches/accionSauro_2025_01_28__02_53_06_HDR0_9_Mothbot_yolo11m_4500_imgsz1600_b1_2024-01-18.pt.jpg,ORDER_Hemiptera,28-01-25,2:53:06,,2025_01_28__02_53_06,MachineObservation,Panama_Hoya_1004m_accionSauro_2025-01-26_2025-01-27,Panama_Hoya_1004m_accionSauro_2025-01-26_2025-01-27,accionSauro_2025_01_28__02_53_06_HDR0.jpg,accionSauro_2025_01_28__02_53_06_HDR0_9_Mothbot_yolo11m_4500_imgsz1600_b1_2024-01-18.pt.jpg
,Animalia,Arthropoda,Insecta,Hemiptera,,,,,,,Hemiptera,Hemiptera,Panama_Hoya_1004m_accionSauro_2025-01-26,accionSauro_2025_01_28__02_54_06_HDR0_0_Mothbot_yolo11m_4500_imgsz1600_b1_2024-01-18.pt.jpg,HS,Mothbot_yolo11m_4500_imgsz1600_b1_2024-01-18.pt,0.769249439,,accionSauro,Panama/Hoya_1004m_accionSauro_2025-01-26/2025-01-27/patches/accionSauro_2025_01_28__02_54_06_HDR0_0_Mothbot_yolo11m_4500_imgsz1600_b1_2024-01-18.pt.jpg,ORDER_Hemiptera,28-01-25,2:54:06,,2025_01_28__02_54_06,MachineObservation,Panama_Hoya_1004m_accionSauro_2025-01-26_2025-01-27,Panama_Hoya_1004m_accionSauro_2025-01-26_2025-01-27,accionSauro_2025_01_28__02_54_06_HDR0.jpg,accionSauro_2025_01_28__02_54_06_HDR0_0_Mothbot_yolo11m_4500_imgsz1600_b1_2024-01-18.pt.jpg
doi.org10.15468dl.6nxkw6.csv,Animalia,Arthropoda,Insecta,Diptera,,,,,,,Diptera,Diptera,Panama_Hoya_1004m_accionSauro_2025-01-26,accionSauro_2025_01_28__02_54_06_HDR0_1_Mothbot_yolo11m_4500_imgsz1600_b1_2024-01-18.pt.jpg,HS,Mothbot_yolo11m_4500_imgsz1600_b1_2024-01-18.pt,0.744880557,,accionSauro,Panama/Hoya_1004m_accionSauro_2025-01-26/2025-01-27/patches/accionSauro_2025_01_28__02_54_06_HDR0_1_Mothbot_yolo11m_4500_imgsz1600_b1_2024-01-18.pt.jpg,ORDER_Lepidoptera,28-01-25,2:54:06,,2025_01_28__02_54_06,MachineObservation,Panama_Hoya_1004m_accionSauro_2025-01-26_2025-01-27,Panama_Hoya_1004m_accionSauro_2025-01-26_2025-01-27,accionSauro_2025_01_28__02_54_06_HDR0.jpg,accionSauro_2025_01_28__02_54_06_HDR0_1_Mothbot_yolo11m_4500_imgsz1600_b1_2024-01-18.pt.jpg
doi.org10.15468dl.6nxkw6.csv,Animalia,Arthropoda,Insecta,Hemiptera,,,,,809,,Hemiptera,Hemiptera,Panama_Hoya_1004m_accionSauro_2025-01-26,accionSauro_2025_01_28__02_54_06_HDR0_2_Mothbot_yolo11m_4500_imgsz1600_b1_2024-01-18.pt.jpg,HS,Mothbot_yolo11m_4500_imgsz1600_b1_2024-01-18.pt,0.717825651,,accionSauro,Panama/Hoya_1004m_accionSauro_2025-01-26/2025-01-27/patches/accionSauro_2025_01_28__02_54_06_HDR0_2_Mothbot_yolo11m_4500_imgsz1600_b1_2024-01-18.pt.jpg,ORDER_Psocodea,28-01-25,2:54:06,,2025_01_28__02_54_06,MachineObservation,Panama_Hoya_1004m_accionSauro_2025-01-26_2025-01-27,Panama_Hoya_1004m_accionSauro_2025-01-26_2025-01-27,accionSauro_2025_01_28__02_54_06_HDR0.jpg,accionSauro_2025_01_28__02_54_06_HDR0_2_Mothbot_yolo11m_4500_imgsz1600_b1_2024-01-18.pt.jpg
,Animalia,Arthropoda,Insecta,Hemiptera,,,,,,,Hemiptera,Hemiptera,Panama_Hoya_1004m_accionSauro_2025-01-26,accionSauro_2025_01_28__02_54_06_HDR0_3_Mothbot_yolo11m_4500_imgsz1600_b1_2024-01-18.pt.jpg,HS,Mothbot_yolo11m_4500_imgsz1600_b1_2024-01-18.pt,0.710915744,,accionSauro,Panama/Hoya_1004m_accionSauro_2025-01-26/2025-01-27/patches/accionSauro_2025_01_28__02_54_06_HDR0_3_Mothbot_yolo11m_4500_imgsz1600_b1_2024-01-18.pt.jpg,ORDER_Hemiptera,28-01-25,2:54:06,,2025_01_28__02_54_06,MachineObservation,Panama_Hoya_1004m_accionSauro_2025-01-26_2025-01-27,Panama_Hoya_1004m_accionSauro_2025-01-26_2025-01-27,accionSauro_2025_01_28__02_54_06_HDR0.jpg,accionSauro_2025_01_28__02_54_06_HDR0_3_Mothbot_yolo11m_4500_imgsz1600_b1_2024-01-18.pt.jpg
,Animalia,Arthropoda,Insecta,Diptera,,,,,,,Diptera,Diptera,Panama_Hoya_1004m_accionSauro_2025-01-26,accionSauro_2025_01_28__02_54_06_HDR0_4_Mothbot_yolo11m_4500_imgsz1600_b1_2024-01-18.pt.jpg,HS,Mothbot_yolo11m_4500_imgsz1600_b1_2024-01-18.pt,0.610260904,,accionSauro,Panama/Hoya_1004m_accionSauro_2025-01-26/2025-01-27/patches/accionSauro_2025_01_28__02_54_06_HDR0_4_Mothbot_yolo11m_4500_imgsz1600_b1_2024-01-18.pt.jpg,ORDER_Diptera,28-01-25,2:54:06,,2025_01_28__02_54_06,MachineObservation,Panama_Hoya_1004m_accionSauro_2025-01-26_2025-01-27,Panama_Hoya_1004m_accionSauro_2025-01-26_2025-01-27,accionSauro_2025_01_28__02_54_06_HDR0.jpg,accionSauro_2025_01_28__02_54_06_HDR0_4_Mothbot_yolo11m_4500_imgsz1600_b1_2024-01-18.pt.jpg
doi.org10.15468dl.6nxkw6.csv,Animalia,Arthropoda,Insecta,Hemiptera,,,,,809,,Hemiptera,Hemiptera,Panama_Hoya_1004m_accionSauro_2025-01-26,accionSauro_2025_01_28__02_56_06_HDR0_0_Mothbot_yolo11m_4500_imgsz1600_b1_2024-01-18.pt.jpg,HS,Mothbot_yolo11m_4500_imgsz1600_b1_2024-01-18.pt,0.741055965,,accionSauro,Panama/Hoya_1004m_accionSauro_2025-01-26/2025-01-27/patches/accionSauro_2025_01_28__02_56_06_HDR0_0_Mothbot_yolo11m_4500_imgsz1600_b1_2024-01-18.pt.jpg,ORDER_Coleoptera,28-01-25,2:56:06,,2025_01_28__02_56_06,MachineObservation,Panama_Hoya_1004m_accionSauro_2025-01-26_2025-01-27,Panama_Hoya_1004m_accionSauro_2025-01-26_2025-01-27,accionSauro_2025_01_28__02_56_06_HDR0.jpg,accionSauro_2025_01_28__02_56_06_HDR0_0_Mothbot_yolo11m_4500_imgsz1600_b1_2024-01-18.pt.jpg
,Animalia,Arthropoda,Insecta,Hemiptera,,,,,,,Hemiptera,Hemiptera,Panama_Hoya_1004m_accionSauro_2025-01-26,accionSauro_2025_01_28__02_56_06_HDR0_1_Mothbot_yolo11m_4500_imgsz1600_b1_2024-01-18.pt.jpg,HS,Mothbot_yolo11m_4500_imgsz1600_b1_2024-01-18.pt,0.737412691,,accionSauro,Panama/Hoya_1004m_accionSauro_2025-01-26/2025-01-27/patches/accionSauro_2025_01_28__02_56_06_HDR0_1_Mothbot_yolo11m_4500_imgsz1600_b1_2024-01-18.pt.jpg,ORDER_Hemiptera,28-01-25,2:56:06,,2025_01_28__02_56_06,MachineObservation,Panama_Hoya_1004m_accionSauro_2025-01-26_2025-01-27,Panama_Hoya_1004m_accionSauro_2025-01-26_2025-01-27,accionSauro_2025_01_28__02_56_06_HDR0.jpg,accionSauro_2025_01_28__02_56_06_HDR0_1_Mothbot_yolo11m_4500_imgsz1600_b1_2024-01-18.pt.jpg
doi.org10.15468dl.6nxkw6.csv,Animalia,Arthropoda,Insecta,Hemiptera,,,,,809,,Hemiptera,Hemiptera,Panama_Hoya_1004m_accionSauro_2025-01-26,accionSauro_2025_01_28__02_56_06_HDR0_2_Mothbot_yolo11m_4500_imgsz1600_b1_2024-01-18.pt.jpg,HS,Mothbot_yolo11m_4500_imgsz1600_b1_2024-01-18.pt,0.733469009,,accionSauro,Panama/Hoya_1004m_accionSauro_2025-01-26/2025-01-27/patches/accionSauro_2025_01_28__02_56_06_HDR0_2_Mothbot_yolo11m_4500_imgsz1600_b1_2024-01-18.pt.jpg,ORDER_Psocodea,28-01-25,2:56:06,,2025_01_28__02_56_06,MachineObservation,Panama_Hoya_1004m_accionSauro_2025-01-26_2025-01-27,Panama_Hoya_1004m_accionSauro_2025-01-26_2025-01-27,accionSauro_2025_01_28__02_56_06_HDR0.jpg,accionSauro_2025_01_28__02_56_06_HDR0_2_Mothbot_yolo11m_4500_imgsz1600_b1_2024-01-18.pt.jpg
,Animalia,Arthropoda,Insecta,Diptera,,,,,,,Diptera,Diptera,Panama_Hoya_1004m_accionSauro_2025-01-26,accionSauro_2025_01_28__02_56_06_HDR0_3_Mothbot_yolo11m_4500_imgsz1600_b1_2024-01-18.pt.jpg,HS,Mothbot_yolo11m_4500_imgsz1600_b1_2024-01-18.pt,0.708251178,,accionSauro,Panama/Hoya_1004m_accionSauro_2025-01-26/2025-01-27/patches/accionSauro_2025_01_28__02_56_06_HDR0_3_Mothbot_yolo11m_4500_imgsz1600_b1_2024-01-18.pt.jpg,ORDER_Diptera,28-01-25,2:56:06,,2025_01_28__02_56_06,MachineObservation,Panama_Hoya_1004m_accionSauro_2025-01-26_2025-01-27,Panama_Hoya_1004m_accionSauro_2025-01-26_2025-01-27,accionSauro_2025_01_28__02_56_06_HDR0.jpg,accionSauro_2025_01_28__02_56_06_HDR0_3_Mothbot_yolo11m_4500_imgsz1600_b1_2024-01-18.pt.jpg
,Animalia,Arthropoda,Insecta,Diptera,,,,,,,Diptera,Diptera,Panama_Hoya_1004m_accionSauro_2025-01-26,accionSauro_2025_01_28__02_56_06_HDR0_4_Mothbot_yolo11m_4500_imgsz1600_b1_2024-01-18.pt.jpg,HS,Mothbot_yolo11m_4500_imgsz1600_b1_2024-01-18.pt,0.585588038,,accionSauro,Panama/Hoya_1004m_accionSauro_2025-01-26/2025-01-27/patches/accionSauro_2025_01_28__02_56_06_HDR0_4_Mothbot_yolo11m_4500_imgsz1600_b1_2024-01-18.pt.jpg,ORDER_Diptera,28-01-25,2:56:06,,2025_01_28__02_56_06,MachineObservation,Panama_Hoya_1004m_accionSauro_2025-01-26_2025-01-27,Panama_Hoya_1004m_accionSauro_2025-01-26_2025-01-27,accionSauro_2025_01_28__02_56_06_HDR0.jpg,accionSauro_2025_01_28__02_56_06_HDR0_4_Mothbot_yolo11m_4500_imgsz1600_b1_2024-01-18.pt.jpg
doi.org10.15468dl.6nxkw6.csv,Animalia,Arthropoda,Insecta,,,,,,216,,Insecta,Insecta,Panama_Hoya_1004m_accionSauro_2025-01-26,accionSauro_2025_01_28__02_56_06_HDR0_5_Mothbot_yolo11m_4500_imgsz1600_b1_2024-01-18.pt.jpg,HS,Mothbot_yolo11m_4500_imgsz1600_b1_2024-01-18.pt,0.482473642,,accionSauro,Panama/Hoya_1004m_accionSauro_2025-01-26/2025-01-27/patches/accionSauro_2025_01_28__02_56_06_HDR0_5_Mothbot_yolo11m_4500_imgsz1600_b1_2024-01-18.pt.jpg,ORDER_Diptera,28-01-25,2:56:06,,2025_01_28__02_56_06,MachineObservation,Panama_Hoya_1004m_accionSauro_2025-01-26_2025-01-27,Panama_Hoya_1004m_accionSauro_2025-01-26_2025-01-27,accionSauro_2025_01_28__02_56_06_HDR0.jpg,accionSauro_2025_01_28__02_56_06_HDR0_5_Mothbot_yolo11m_4500_imgsz1600_b1_2024-01-18.pt.jpg
,Animalia,Arthropoda,Insecta,Hemiptera,,,,,,,Hemiptera,Hemiptera,Panama_Hoya_1004m_accionSauro_2025-01-26,accionSauro_2025_01_28__02_56_06_HDR0_6_Mothbot_yolo11m_4500_imgsz1600_b1_2024-01-18.pt.jpg,HS,Mothbot_yolo11m_4500_imgsz1600_b1_2024-01-18.pt,0.469030261,,accionSauro,Panama/Hoya_1004m_accionSauro_2025-01-26/2025-01-27/patches/accionSauro_2025_01_28__02_56_06_HDR0_6_Mothbot_yolo11m_4500_imgsz1600_b1_2024-01-18.pt.jpg,ORDER_Hemiptera,28-01-25,2:56:06,,2025_01_28__02_56_06,MachineObservation,Panama_Hoya_1004m_accionSauro_2025-01-26_2025-01-27,Panama_Hoya_1004m_accionSauro_2025-01-26_2025-01-27,accionSauro_2025_01_28__02_56_06_HDR0.jpg,accionSauro_2025_01_28__02_56_06_HDR0_6_Mothbot_yolo11m_4500_imgsz1600_b1_2024-01-18.pt.jpg
,Animalia,Arthropoda,Insecta,Hemiptera,,,,,,,Hemiptera,Hemiptera,Panama_Hoya_1004m_accionSauro_2025-01-26,accionSauro_2025_01_28__02_56_06_HDR0_7_Mothbot_yolo11m_4500_imgsz1600_b1_2024-01-18.pt.jpg,HS,Mothbot_yolo11m_4500_imgsz1600_b1_2024-01-18.pt,0.405732781,,accionSauro,Panama/Hoya_1004m_accionSauro_2025-01-26/2025-01-27/patches/accionSauro_2025_01_28__02_56_06_HDR0_7_Mothbot_yolo11m_4500_imgsz1600_b1_2024-01-18.pt.jpg,ORDER_Hemiptera,28-01-25,2:56:06,,2025_01_28__02_56_06,MachineObservation,Panama_Hoya_1004m_accionSauro_2025-01-26_2025-01-27,Panama_Hoya_1004m_accionSauro_2025-01-26_2025-01-27,accionSauro_2025_01_28__02_56_06_HDR0.jpg,accionSauro_2025_01_28__02_56_06_HDR0_7_Mothbot_yolo11m_4500_imgsz1600_b1_2024-01-18.pt.jpg
doi.org10.15468dl.6nxkw6.csv,Animalia,Arthropoda,Insecta,Hemiptera,,,,,809,,Hemiptera,Hemiptera,Panama_Hoya_1004m_accionSauro_2025-01-26,accionSauro_2025_01_28__02_55_06_HDR0_0_Mothbot_yolo11m_4500_imgsz1600_b1_2024-01-18.pt.jpg,HS,Mothbot_yolo11m_4500_imgsz1600_b1_2024-01-18.pt,0.759496868,,accionSauro,Panama/Hoya_1004m_accionSauro_2025-01-26/2025-01-27/patches/accionSauro_2025_01_28__02_55_06_HDR0_0_Mothbot_yolo11m_4500_imgsz1600_b1_2024-01-18.pt.jpg,ORDER_Coleoptera,28-01-25,2:55:06,,2025_01_28__02_55_06,MachineObservation,Panama_Hoya_1004m_accionSauro_2025-01-26_2025-01-27,Panama_Hoya_1004m_accionSauro_2025-01-26_2025-01-27,accionSauro_2025_01_28__02_55_06_HDR0.jpg,accionSauro_2025_01_28__02_55_06_HDR0_0_Mothbot_yolo11m_4500_imgsz1600_b1_2024-01-18.pt.jpg
doi.org10.15468dl.6nxkw6.csv,Animalia,Arthropoda,Insecta,Hemiptera,,,,,809,,Hemiptera,Hemiptera,Panama_Hoya_1004m_accionSauro_2025-01-26,accionSauro_2025_01_28__02_55_06_HDR0_1_Mothbot_yolo11m_4500_imgsz1600_b1_2024-01-18.pt.jpg,HS,Mothbot_yolo11m_4500_imgsz1600_b1_2024-01-18.pt,0.736197293,,accionSauro,Panama/Hoya_1004m_accionSauro_2025-01-26/2025-01-27/patches/accionSauro_2025_01_28__02_55_06_HDR0_1_Mothbot_yolo11m_4500_imgsz1600_b1_2024-01-18.pt.jpg,ORDER_Diptera,28-01-25,2:55:06,,2025_01_28__02_55_06,MachineObservation,Panama_Hoya_1004m_accionSauro_2025-01-26_2025-01-27,Panama_Hoya_1004m_accionSauro_2025-01-26_2025-01-27,accionSauro_2025_01_28__02_55_06_HDR0.jpg,accionSauro_2025_01_28__02_55_06_HDR0_1_Mothbot_yolo11m_4500_imgsz1600_b1_2024-01-18.pt.jpg
,Animalia,Arthropoda,Insecta,Diptera,,,,,,,Diptera,Diptera,Panama_Hoya_1004m_accionSauro_2025-01-26,accionSauro_2025_01_28__02_55_06_HDR0_2_Mothbot_yolo11m_4500_imgsz1600_b1_2024-01-18.pt.jpg,HS,Mothbot_yolo11m_4500_imgsz1600_b1_2024-01-18.pt,0.721649349,,accionSauro,Panama/Hoya_1004m_accionSauro_2025-01-26/2025-01-27/patches/accionSauro_2025_01_28__02_55_06_HDR0_2_Mothbot_yolo11m_4500_imgsz1600_b1_2024-01-18.pt.jpg,ORDER_Diptera,28-01-25,2:55:06,,2025_01_28__02_55_06,MachineObservation,Panama_Hoya_1004m_accionSauro_2025-01-26_2025-01-27,Panama_Hoya_1004m_accionSauro_2025-01-26_2025-01-27,accionSauro_2025_01_28__02_55_06_HDR0.jpg,accionSauro_2025_01_28__02_55_06_HDR0_2_Mothbot_yolo11m_4500_imgsz1600_b1_2024-01-18.pt.jpg
doi.org10.15468dl.6nxkw6.csv,Animalia,Arthropoda,Insecta,Diptera,,,,,,,Diptera,Diptera,Panama_Hoya_1004m_accionSauro_2025-01-26,accionSauro_2025_01_28__02_55_06_HDR0_3_Mothbot_yolo11m_4500_imgsz1600_b1_2024-01-18.pt.jpg,HS,Mothbot_yolo11m_4500_imgsz1600_b1_2024-01-18.pt,0.647841871,,accionSauro,Panama/Hoya_1004m_accionSauro_2025-01-26/2025-01-27/patches/accionSauro_2025_01_28__02_55_06_HDR0_3_Mothbot_yolo11m_4500_imgsz1600_b1_2024-01-18.pt.jpg,ORDER_Diptera,28-01-25,2:55:06,,2025_01_28__02_55_06,MachineObservation,Panama_Hoya_1004m_accionSauro_2025-01-26_2025-01-27,Panama_Hoya_1004m_accionSauro_2025-01-26_2025-01-27,accionSauro_2025_01_28__02_55_06_HDR0.jpg,accionSauro_2025_01_28__02_55_06_HDR0_3_Mothbot_yolo11m_4500_imgsz1600_b1_2024-01-18.pt.jpg
,Animalia,Arthropoda,Insecta,Diptera,,,,,,,Diptera,Diptera,Panama_Hoya_1004m_accionSauro_2025-01-26,accionSauro_2025_01_28__02_55_06_HDR0_4_Mothbot_yolo11m_4500_imgsz1600_b1_2024-01-18.pt.jpg,HS,Mothbot_yolo11m_4500_imgsz1600_b1_2024-01-18.pt,0.613870621,,accionSauro,Panama/Hoya_1004m_accionSauro_2025-01-26/2025-01-27/patches/accionSauro_2025_01_28__02_55_06_HDR0_4_Mothbot_yolo11m_4500_imgsz1600_b1_2024-01-18.pt.jpg,ORDER_Diptera,28-01-25,2:55:06,,2025_01_28__02_55_06,MachineObservation,Panama_Hoya_1004m_accionSauro_2025-01-26_2025-01-27,Panama_Hoya_1004m_accionSauro_2025-01-26_2025-01-27,accionSauro_2025_01_28__02_55_06_HDR0.jpg,accionSauro_2025_01_28__02_55_06_HDR0_4_Mothbot_yolo11m_4500_imgsz1600_b1_2024-01-18.pt.jpg
doi.org10.15468dl.6nxkw6.csv,Animalia,Arthropoda,Insecta,Hemiptera,,,,,809,,Hemiptera,Hemiptera,Panama_Hoya_1004m_accionSauro_2025-01-26,accionSauro_2025_01_28__02_55_06_HDR0_5_Mothbot_yolo11m_4500_imgsz1600_b1_2024-01-18.pt.jpg,HS,Mothbot_yolo11m_4500_imgsz1600_b1_2024-01-18.pt,0.506742656,,accionSauro,Panama/Hoya_1004m_accionSauro_2025-01-26/2025-01-27/patches/accionSauro_2025_01_28__02_55_06_HDR0_5_Mothbot_yolo11m_4500_imgsz1600_b1_2024-01-18.pt.jpg,ORDER_Diptera,28-01-25,2:55:06,,2025_01_28__02_55_06,MachineObservation,Panama_Hoya_1004m_accionSauro_2025-01-26_2025-01-27,Panama_Hoya_1004m_accionSauro_2025-01-26_2025-01-27,accionSauro_2025_01_28__02_55_06_HDR0.jpg,accionSauro_2025_01_28__02_55_06_HDR0_5_Mothbot_yolo11m_4500_imgsz1600_b1_2024-01-18.pt.jpg
doi.org10.15468dl.6nxkw6.csv,Animalia,Arthropoda,Insecta,,,,,,216,,Insecta,Insecta,Panama_Hoya_1004m_accionSauro_2025-01-26,accionSauro_2025_01_28__02_55_06_HDR0_6_Mothbot_yolo11m_4500_imgsz1600_b1_2024-01-18.pt.jpg,HS,Mothbot_yolo11m_4500_imgsz1600_b1_2024-01-18.pt,0.301097065,,accionSauro,Panama/Hoya_1004m_accionSauro_2025-01-26/2025-01-27/patches/accionSauro_2025_01_28__02_55_06_HDR0_6_Mothbot_yolo11m_4500_imgsz1600_b1_2024-01-18.pt.jpg,ORDER_Hymenoptera,28-01-25,2:55:06,,2025_01_28__02_55_06,MachineObservation,Panama_Hoya_1004m_accionSauro_2025-01-26_2025-01-27,Panama_Hoya_1004m_accionSauro_2025-01-26_2025-01-27,accionSauro_2025_01_28__02_55_06_HDR0.jpg,accionSauro_2025_01_28__02_55_06_HDR0_6_Mothbot_yolo11m_4500_imgsz1600_b1_2024-01-18.pt.jpg
doi.org10.15468dl.6nxkw6.csv,Animalia,Arthropoda,Insecta,Hemiptera,,,,,809,,Hemiptera,Hemiptera,Panama_Hoya_1004m_accionSauro_2025-01-26,accionSauro_2025_01_28__02_57_21_HDR0_0_Mothbot_yolo11m_4500_imgsz1600_b1_2024-01-18.pt.jpg,HS,Mothbot_yolo11m_4500_imgsz1600_b1_2024-01-18.pt,0.783046067,,accionSauro,Panama/Hoya_1004m_accionSauro_2025-01-26/2025-01-27/patches/accionSauro_2025_01_28__02_57_21_HDR0_0_Mothbot_yolo11m_4500_imgsz1600_b1_2024-01-18.pt.jpg,ORDER_Coleoptera,28-01-25,2:57:21,,2025_01_28__02_57_21,MachineObservation,Panama_Hoya_1004m_accionSauro_2025-01-26_2025-01-27,Panama_Hoya_1004m_accionSauro_2025-01-26_2025-01-27,accionSauro_2025_01_28__02_57_21_HDR0.jpg,accionSauro_2025_01_28__02_57_21_HDR0_0_Mothbot_yolo11m_4500_imgsz1600_b1_2024-01-18.pt.jpg
doi.org10.15468dl.6nxkw6.csv,Animalia,Arthropoda,Insecta,Diptera,,,,,,,Diptera,Diptera,Panama_Hoya_1004m_accionSauro_2025-01-26,accionSauro_2025_01_28__02_57_21_HDR0_1_Mothbot_yolo11m_4500_imgsz1600_b1_2024-01-18.pt.jpg,HS,Mothbot_yolo11m_4500_imgsz1600_b1_2024-01-18.pt,0.724242151,,accionSauro,Panama/Hoya_1004m_accionSauro_2025-01-26/2025-01-27/patches/accionSauro_2025_01_28__02_57_21_HDR0_1_Mothbot_yolo11m_4500_imgsz1600_b1_2024-01-18.pt.jpg,ORDER_Lepidoptera,28-01-25,2:57:21,,2025_01_28__02_57_21,MachineObservation,Panama_Hoya_1004m_accionSauro_2025-01-26_2025-01-27,Panama_Hoya_1004m_accionSauro_2025-01-26_2025-01-27,accionSauro_2025_01_28__02_57_21_HDR0.jpg,accionSauro_2025_01_28__02_57_21_HDR0_1_Mothbot_yolo11m_4500_imgsz1600_b1_2024-01-18.pt.jpg
,Animalia,Arthropoda,Insecta,Hemiptera,,,,,,,Hemiptera,Hemiptera,Panama_Hoya_1004m_accionSauro_2025-01-26,accionSauro_2025_01_28__02_57_21_HDR0_2_Mothbot_yolo11m_4500_imgsz1600_b1_2024-01-18.pt.jpg,HS,Mothbot_yolo11m_4500_imgsz1600_b1_2024-01-18.pt,0.719747365,,accionSauro,Panama/Hoya_1004m_accionSauro_2025-01-26/2025-01-27/patches/accionSauro_2025_01_28__02_57_21_HDR0_2_Mothbot_yolo11m_4500_imgsz1600_b1_2024-01-18.pt.jpg,ORDER_Hemiptera,28-01-25,2:57:21,,2025_01_28__02_57_21,MachineObservation,Panama_Hoya_1004m_accionSauro_2025-01-26_2025-01-27,Panama_Hoya_1004m_accionSauro_2025-01-26_2025-01-27,accionSauro_2025_01_28__02_57_21_HDR0.jpg,accionSauro_2025_01_28__02_57_21_HDR0_2_Mothbot_yolo11m_4500_imgsz1600_b1_2024-01-18.pt.jpg
doi.org10.15468dl.6nxkw6.csv,Animalia,Arthropoda,Insecta,Hemiptera,,,,,809,,Hemiptera,Hemiptera,Panama_Hoya_1004m_accionSauro_2025-01-26,accionSauro_2025_01_28__02_57_21_HDR0_3_Mothbot_yolo11m_4500_imgsz1600_b1_2024-01-18.pt.jpg,HS,Mothbot_yolo11m_4500_imgsz1600_b1_2024-01-18.pt,0.501793146,,accionSauro,Panama/Hoya_1004m_accionSauro_2025-01-26/2025-01-27/patches/accionSauro_2025_01_28__02_57_21_HDR0_3_Mothbot_yolo11m_4500_imgsz1600_b1_2024-01-18.pt.jpg,ORDER_Hymenoptera,28-01-25,2:57:21,,2025_01_28__02_57_21,MachineObservation,Panama_Hoya_1004m_accionSauro_2025-01-26_2025-01-27,Panama_Hoya_1004m_accionSauro_2025-01-26_2025-01-27,accionSauro_2025_01_28__02_57_21_HDR0.jpg,accionSauro_2025_01_28__02_57_21_HDR0_3_Mothbot_yolo11m_4500_imgsz1600_b1_2024-01-18.pt.jpg
,Animalia,Arthropoda,Insecta,Diptera,,,,,,,Diptera,Diptera,Panama_Hoya_1004m_accionSauro_2025-01-26,accionSauro_2025_01_28__02_57_21_HDR0_4_Mothbot_yolo11m_4500_imgsz1600_b1_2024-01-18.pt.jpg,HS,Mothbot_yolo11m_4500_imgsz1600_b1_2024-01-18.pt,0.441828221,,accionSauro,Panama/Hoya_1004m_accionSauro_2025-01-26/2025-01-27/patches/accionSauro_2025_01_28__02_57_21_HDR0_4_Mothbot_yolo11m_4500_imgsz1600_b1_2024-01-18.pt.jpg,ORDER_Diptera,28-01-25,2:57:21,,2025_01_28__02_57_21,MachineObservation,Panama_Hoya_1004m_accionSauro_2025-01-26_2025-01-27,Panama_Hoya_1004m_accionSauro_2025-01-26_2025-01-27,accionSauro_2025_01_28__02_57_21_HDR0.jpg,accionSauro_2025_01_28__02_57_21_HDR0_4_Mothbot_yolo11m_4500_imgsz1600_b1_2024-01-18.pt.jpg
doi.org10.15468dl.6nxkw6.csv,Animalia,Arthropoda,Insecta,Hemiptera,,,,,809,,Hemiptera,Hemiptera,Panama_Hoya_1004m_accionSauro_2025-01-26,accionSauro_2025_01_28__02_58_06_HDR0_0_Mothbot_yolo11m_4500_imgsz1600_b1_2024-01-18.pt.jpg,HS,Mothbot_yolo11m_4500_imgsz1600_b1_2024-01-18.pt,0.807436347,,accionSauro,Panama/Hoya_1004m_accionSauro_2025-01-26/2025-01-27/patches/accionSauro_2025_01_28__02_58_06_HDR0_0_Mothbot_yolo11m_4500_imgsz1600_b1_2024-01-18.pt.jpg,ORDER_Coleoptera,28-01-25,2:58:06,,2025_01_28__02_58_06,MachineObservation,Panama_Hoya_1004m_accionSauro_2025-01-26_2025-01-27,Panama_Hoya_1004m_accionSauro_2025-01-26_2025-01-27,accionSauro_2025_01_28__02_58_06_HDR0.jpg,accionSauro_2025_01_28__02_58_06_HDR0_0_Mothbot_yolo11m_4500_imgsz1600_b1_2024-01-18.pt.jpg
,Animalia,Arthropoda,Insecta,Hemiptera,,,,,,,Hemiptera,Hemiptera,Panama_Hoya_1004m_accionSauro_2025-01-26,accionSauro_2025_01_28__02_58_06_HDR0_1_Mothbot_yolo11m_4500_imgsz1600_b1_2024-01-18.pt.jpg,HS,Mothbot_yolo11m_4500_imgsz1600_b1_2024-01-18.pt,0.768542886,,accionSauro,Panama/Hoya_1004m_accionSauro_2025-01-26/2025-01-27/patches/accionSauro_2025_01_28__02_58_06_HDR0_1_Mothbot_yolo11m_4500_imgsz1600_b1_2024-01-18.pt.jpg,ORDER_Hemiptera,28-01-25,2:58:06,,2025_01_28__02_58_06,MachineObservation,Panama_Hoya_1004m_accionSauro_2025-01-26_2025-01-27,Panama_Hoya_1004m_accionSauro_2025-01-26_2025-01-27,accionSauro_2025_01_28__02_58_06_HDR0.jpg,accionSauro_2025_01_28__02_58_06_HDR0_1_Mothbot_yolo11m_4500_imgsz1600_b1_2024-01-18.pt.jpg
,Animalia,Arthropoda,Insecta,Diptera,,,,,,,Diptera,Diptera,Panama_Hoya_1004m_accionSauro_2025-01-26,accionSauro_2025_01_28__02_58_06_HDR0_2_Mothbot_yolo11m_4500_imgsz1600_b1_2024-01-18.pt.jpg,HS,Mothbot_yolo11m_4500_imgsz1600_b1_2024-01-18.pt,0.726657152,,accionSauro,Panama/Hoya_1004m_accionSauro_2025-01-26/2025-01-27/patches/accionSauro_2025_01_28__02_58_06_HDR0_2_Mothbot_yolo11m_4500_imgsz1600_b1_2024-01-18.pt.jpg,ORDER_Diptera,28-01-25,2:58:06,,2025_01_28__02_58_06,MachineObservation,Panama_Hoya_1004m_accionSauro_2025-01-26_2025-01-27,Panama_Hoya_1004m_accionSauro_2025-01-26_2025-01-27,accionSauro_2025_01_28__02_58_06_HDR0.jpg,accionSauro_2025_01_28__02_58_06_HDR0_2_Mothbot_yolo11m_4500_imgsz1600_b1_2024-01-18.pt.jpg
doi.org10.15468dl.6nxkw6.csv,Animalia,Arthropoda,Insecta,Diptera,,,,,,,Diptera,Diptera,Panama_Hoya_1004m_accionSauro_2025-01-26,accionSauro_2025_01_28__02_58_06_HDR0_3_Mothbot_yolo11m_4500_imgsz1600_b1_2024-01-18.pt.jpg,HS,Mothbot_yolo11m_4500_imgsz1600_b1_2024-01-18.pt,0.68086201,,accionSauro,Panama/Hoya_1004m_accionSauro_2025-01-26/2025-01-27/patches/accionSauro_2025_01_28__02_58_06_HDR0_3_Mothbot_yolo11m_4500_imgsz1600_b1_2024-01-18.pt.jpg,ORDER_Trichoptera,28-01-25,2:58:06,,2025_01_28__02_58_06,MachineObservation,Panama_Hoya_1004m_accionSauro_2025-01-26_2025-01-27,Panama_Hoya_1004m_accionSauro_2025-01-26_2025-01-27,accionSauro_2025_01_28__02_58_06_HDR0.jpg,accionSauro_2025_01_28__02_58_06_HDR0_3_Mothbot_yolo11m_4500_imgsz1600_b1_2024-01-18.pt.jpg
,Animalia,Arthropoda,Insecta,Diptera,,,,,,,Diptera,Diptera,Panama_Hoya_1004m_accionSauro_2025-01-26,accionSauro_2025_01_28__02_58_06_HDR0_4_Mothbot_yolo11m_4500_imgsz1600_b1_2024-01-18.pt.jpg,HS,Mothbot_yolo11m_4500_imgsz1600_b1_2024-01-18.pt,0.49042055,,accionSauro,Panama/Hoya_1004m_accionSauro_2025-01-26/2025-01-27/patches/accionSauro_2025_01_28__02_58_06_HDR0_4_Mothbot_yolo11m_4500_imgsz1600_b1_2024-01-18.pt.jpg,ORDER_Diptera,28-01-25,2:58:06,,2025_01_28__02_58_06,MachineObservation,Panama_Hoya_1004m_accionSauro_2025-01-26_2025-01-27,Panama_Hoya_1004m_accionSauro_2025-01-26_2025-01-27,accionSauro_2025_01_28__02_58_06_HDR0.jpg,accionSauro_2025_01_28__02_58_06_HDR0_4_Mothbot_yolo11m_4500_imgsz1600_b1_2024-01-18.pt.jpg
doi.org10.15468dl.6nxkw6.csv,Animalia,Arthropoda,Insecta,Hemiptera,,,,,809,,Hemiptera,Hemiptera,Panama_Hoya_1004m_accionSauro_2025-01-26,accionSauro_2025_01_28__02_58_06_HDR0_5_Mothbot_yolo11m_4500_imgsz1600_b1_2024-01-18.pt.jpg,HS,Mothbot_yolo11m_4500_imgsz1600_b1_2024-01-18.pt,0.410078079,,accionSauro,Panama/Hoya_1004m_accionSauro_2025-01-26/2025-01-27/patches/accionSauro_2025_01_28__02_58_06_HDR0_5_Mothbot_yolo11m_4500_imgsz1600_b1_2024-01-18.pt.jpg,ORDER_Diptera,28-01-25,2:58:06,,2025_01_28__02_58_06,MachineObservation,Panama_Hoya_1004m_accionSauro_2025-01-26_2025-01-27,Panama_Hoya_1004m_accionSauro_2025-01-26_2025-01-27,accionSauro_2025_01_28__02_58_06_HDR0.jpg,accionSauro_2025_01_28__02_58_06_HDR0_5_Mothbot_yolo11m_4500_imgsz1600_b1_2024-01-18.pt.jpg
,Animalia,Arthropoda,Insecta,Hemiptera,,,,,,,Hemiptera,Hemiptera,Panama_Hoya_1004m_accionSauro_2025-01-26,accionSauro_2025_01_28__02_59_06_HDR0_0_Mothbot_yolo11m_4500_imgsz1600_b1_2024-01-18.pt.jpg,HS,Mothbot_yolo11m_4500_imgsz1600_b1_2024-01-18.pt,0.807055533,,accionSauro,Panama/Hoya_1004m_accionSauro_2025-01-26/2025-01-27/patches/accionSauro_2025_01_28__02_59_06_HDR0_0_Mothbot_yolo11m_4500_imgsz1600_b1_2024-01-18.pt.jpg,ORDER_Hemiptera,28-01-25,2:59:06,,2025_01_28__02_59_06,MachineObservation,Panama_Hoya_1004m_accionSauro_2025-01-26_2025-01-27,Panama_Hoya_1004m_accionSauro_2025-01-26_2025-01-27,accionSauro_2025_01_28__02_59_06_HDR0.jpg,accionSauro_2025_01_28__02_59_06_HDR0_0_Mothbot_yolo11m_4500_imgsz1600_b1_2024-01-18.pt.jpg
,Animalia,Arthropoda,Insecta,Hemiptera,,,,,,,Hemiptera,Hemiptera,Panama_Hoya_1004m_accionSauro_2025-01-26,accionSauro_2025_01_28__02_59_06_HDR0_1_Mothbot_yolo11m_4500_imgsz1600_b1_2024-01-18.pt.jpg,HS,Mothbot_yolo11m_4500_imgsz1600_b1_2024-01-18.pt,0.730711162,,accionSauro,Panama/Hoya_1004m_accionSauro_2025-01-26/2025-01-27/patches/accionSauro_2025_01_28__02_59_06_HDR0_1_Mothbot_yolo11m_4500_imgsz1600_b1_2024-01-18.pt.jpg,ORDER_Hemiptera,28-01-25,2:59:06,,2025_01_28__02_59_06,MachineObservation,Panama_Hoya_1004m_accionSauro_2025-01-26_2025-01-27,Panama_Hoya_1004m_accionSauro_2025-01-26_2025-01-27,accionSauro_2025_01_28__02_59_06_HDR0.jpg,accionSauro_2025_01_28__02_59_06_HDR0_1_Mothbot_yolo11m_4500_imgsz1600_b1_2024-01-18.pt.jpg
doi.org10.15468dl.6nxkw6.csv,Animalia,Arthropoda,Insecta,Diptera,,,,,,,Diptera,Diptera,Panama_Hoya_1004m_accionSauro_2025-01-26,accionSauro_2025_01_28__02_59_06_HDR0_2_Mothbot_yolo11m_4500_imgsz1600_b1_2024-01-18.pt.jpg,HS,Mothbot_yolo11m_4500_imgsz1600_b1_2024-01-18.pt,0.712747872,,accionSauro,Panama/Hoya_1004m_accionSauro_2025-01-26/2025-01-27/patches/accionSauro_2025_01_28__02_59_06_HDR0_2_Mothbot_yolo11m_4500_imgsz1600_b1_2024-01-18.pt.jpg,ORDER_Orthoptera,28-01-25,2:59:06,,2025_01_28__02_59_06,MachineObservation,Panama_Hoya_1004m_accionSauro_2025-01-26_2025-01-27,Panama_Hoya_1004m_accionSauro_2025-01-26_2025-01-27,accionSauro_2025_01_28__02_59_06_HDR0.jpg,accionSauro_2025_01_28__02_59_06_HDR0_2_Mothbot_yolo11m_4500_imgsz1600_b1_2024-01-18.pt.jpg
doi.org10.15468dl.6nxkw6.csv,Animalia,Arthropoda,Insecta,Hemiptera,,,,,809,,Hemiptera,Hemiptera,Panama_Hoya_1004m_accionSauro_2025-01-26,accionSauro_2025_01_28__02_59_06_HDR0_3_Mothbot_yolo11m_4500_imgsz1600_b1_2024-01-18.pt.jpg,HS,Mothbot_yolo11m_4500_imgsz1600_b1_2024-01-18.pt,0.434369951,,accionSauro,Panama/Hoya_1004m_accionSauro_2025-01-26/2025-01-27/patches/accionSauro_2025_01_28__02_59_06_HDR0_3_Mothbot_yolo11m_4500_imgsz1600_b1_2024-01-18.pt.jpg,ORDER_Hymenoptera,28-01-25,2:59:06,,2025_01_28__02_59_06,MachineObservation,Panama_Hoya_1004m_accionSauro_2025-01-26_2025-01-27,Panama_Hoya_1004m_accionSauro_2025-01-26_2025-01-27,accionSauro_2025_01_28__02_59_06_HDR0.jpg,accionSauro_2025_01_28__02_59_06_HDR0_3_Mothbot_yolo11m_4500_imgsz1600_b1_2024-01-18.pt.jpg
doi.org10.15468dl.6nxkw6.csv,Animalia,Arthropoda,Insecta,Coleoptera,Lycidae,,,,7836,,Lycidae,Lycidae,Panama_Hoya_1004m_accionSauro_2025-01-26,accionSauro_2025_01_28__04_02_06_HDR0_0_Mothbot_yolo11m_4500_imgsz1600_b1_2024-01-18.pt.jpg,HS,Mothbot_yolo11m_4500_imgsz1600_b1_2024-01-18.pt,0.737254202,,accionSauro,Panama/Hoya_1004m_accionSauro_2025-01-26/2025-01-27/patches/accionSauro_2025_01_28__04_02_06_HDR0_0_Mothbot_yolo11m_4500_imgsz1600_b1_2024-01-18.pt.jpg,ORDER_Coleoptera,28-01-25,4:02:06,,2025_01_28__04_02_06,MachineObservation,Panama_Hoya_1004m_accionSauro_2025-01-26_2025-01-27,Panama_Hoya_1004m_accionSauro_2025-01-26_2025-01-27,accionSauro_2025_01_28__04_02_06_HDR0.jpg,accionSauro_2025_01_28__04_02_06_HDR0_0_Mothbot_yolo11m_4500_imgsz1600_b1_2024-01-18.pt.jpg
doi.org10.15468dl.6nxkw6.csv,Animalia,Arthropoda,Insecta,Coleoptera,Lycidae,,,,7836,,Lycidae,Lycidae,Panama_Hoya_1004m_accionSauro_2025-01-26,accionSauro_2025_01_28__04_03_06_HDR0_0_Mothbot_yolo11m_4500_imgsz1600_b1_2024-01-18.pt.jpg,HS,Mothbot_yolo11m_4500_imgsz1600_b1_2024-01-18.pt,0.712015569,,accionSauro,Panama/Hoya_1004m_accionSauro_2025-01-26/2025-01-27/patches/accionSauro_2025_01_28__04_03_06_HDR0_0_Mothbot_yolo11m_4500_imgsz1600_b1_2024-01-18.pt.jpg,ORDER_Coleoptera,28-01-25,4:03:06,,2025_01_28__04_03_06,MachineObservation,Panama_Hoya_1004m_accionSauro_2025-01-26_2025-01-27,Panama_Hoya_1004m_accionSauro_2025-01-26_2025-01-27,accionSauro_2025_01_28__04_03_06_HDR0.jpg,accionSauro_2025_01_28__04_03_06_HDR0_0_Mothbot_yolo11m_4500_imgsz1600_b1_2024-01-18.pt.jpg
doi.org10.15468dl.6nxkw6.csv,Animalia,Arthropoda,Insecta,Coleoptera,Lycidae,,,,7836,,Lycidae,Lycidae,Panama_Hoya_1004m_accionSauro_2025-01-26,accionSauro_2025_01_28__04_04_06_HDR0_0_Mothbot_yolo11m_4500_imgsz1600_b1_2024-01-18.pt.jpg,HS,Mothbot_yolo11m_4500_imgsz1600_b1_2024-01-18.pt,0.745277405,,accionSauro,Panama/Hoya_1004m_accionSauro_2025-01-26/2025-01-27/patches/accionSauro_2025_01_28__04_04_06_HDR0_0_Mothbot_yolo11m_4500_imgsz1600_b1_2024-01-18.pt.jpg,ORDER_Coleoptera,28-01-25,4:04:06,,2025_01_28__04_04_06,MachineObservation,Panama_Hoya_1004m_accionSauro_2025-01-26_2025-01-27,Panama_Hoya_1004m_accionSauro_2025-01-26_2025-01-27,accionSauro_2025_01_28__04_04_06_HDR0.jpg,accionSauro_2025_01_28__04_04_06_HDR0_0_Mothbot_yolo11m_4500_imgsz1600_b1_2024-01-18.pt.jpg
doi.org10.15468dl.6nxkw6.csv,Animalia,Arthropoda,Insecta,Coleoptera,Chrysomelidae,Diabrotica,,diabrotica1,1048495,,Diabrotica,diabrotica1,Panama_Hoya_1004m_accionSauro_2025-01-26,accionSauro_2025_01_28__04_05_06_HDR0_0_Mothbot_yolo11m_4500_imgsz1600_b1_2024-01-18.pt.jpg,HS,Mothbot_yolo11m_4500_imgsz1600_b1_2024-01-18.pt,0.677444041,,accionSauro,Panama/Hoya_1004m_accionSauro_2025-01-26/2025-01-27/patches/accionSauro_2025_01_28__04_05_06_HDR0_0_Mothbot_yolo11m_4500_imgsz1600_b1_2024-01-18.pt.jpg,ORDER_Coleoptera,28-01-25,4:05:06,,2025_01_28__04_05_06,MachineObservation,Panama_Hoya_1004m_accionSauro_2025-01-26_2025-01-27,Panama_Hoya_1004m_accionSauro_2025-01-26_2025-01-27,accionSauro_2025_01_28__04_05_06_HDR0.jpg,accionSauro_2025_01_28__04_05_06_HDR0_0_Mothbot_yolo11m_4500_imgsz1600_b1_2024-01-18.pt.jpg
doi.org10.15468dl.6nxkw6.csv,Animalia,Arthropoda,Insecta,Coleoptera,Lycidae,,,,7836,,Lycidae,Lycidae,Panama_Hoya_1004m_accionSauro_2025-01-26,accionSauro_2025_01_28__04_05_06_HDR0_1_Mothbot_yolo11m_4500_imgsz1600_b1_2024-01-18.pt.jpg,HS,Mothbot_yolo11m_4500_imgsz1600_b1_2024-01-18.pt,0.616542041,,accionSauro,Panama/Hoya_1004m_accionSauro_2025-01-26/2025-01-27/patches/accionSauro_2025_01_28__04_05_06_HDR0_1_Mothbot_yolo11m_4500_imgsz1600_b1_2024-01-18.pt.jpg,ORDER_Coleoptera,28-01-25,4:05:06,,2025_01_28__04_05_06,MachineObservation,Panama_Hoya_1004m_accionSauro_2025-01-26_2025-01-27,Panama_Hoya_1004m_accionSauro_2025-01-26_2025-01-27,accionSauro_2025_01_28__04_05_06_HDR0.jpg,accionSauro_2025_01_28__04_05_06_HDR0_1_Mothbot_yolo11m_4500_imgsz1600_b1_2024-01-18.pt.jpg
doi.org10.15468dl.6nxkw6.csv,Animalia,Arthropoda,Insecta,Coleoptera,Chrysomelidae,Diabrotica,,diabrotica1,1048495,,Diabrotica,diabrotica1,Panama_Hoya_1004m_accionSauro_2025-01-26,accionSauro_2025_01_28__04_06_06_HDR0_0_Mothbot_yolo11m_4500_imgsz1600_b1_2024-01-18.pt.jpg,HS,Mothbot_yolo11m_4500_imgsz1600_b1_2024-01-18.pt,0.69387579,,accionSauro,Panama/Hoya_1004m_accionSauro_2025-01-26/2025-01-27/patches/accionSauro_2025_01_28__04_06_06_HDR0_0_Mothbot_yolo11m_4500_imgsz1600_b1_2024-01-18.pt.jpg,ORDER_Coleoptera,28-01-25,4:06:06,,2025_01_28__04_06_06,MachineObservation,Panama_Hoya_1004m_accionSauro_2025-01-26_2025-01-27,Panama_Hoya_1004m_accionSauro_2025-01-26_2025-01-27,accionSauro_2025_01_28__04_06_06_HDR0.jpg,accionSauro_2025_01_28__04_06_06_HDR0_0_Mothbot_yolo11m_4500_imgsz1600_b1_2024-01-18.pt.jpg
doi.org10.15468dl.6nxkw6.csv,Animalia,Arthropoda,Insecta,Coleoptera,Lycidae,,,,7836,,Lycidae,Lycidae,Panama_Hoya_1004m_accionSauro_2025-01-26,accionSauro_2025_01_28__04_06_06_HDR0_1_Mothbot_yolo11m_4500_imgsz1600_b1_2024-01-18.pt.jpg,HS,Mothbot_yolo11m_4500_imgsz1600_b1_2024-01-18.pt,0.615465999,,accionSauro,Panama/Hoya_1004m_accionSauro_2025-01-26/2025-01-27/patches/accionSauro_2025_01_28__04_06_06_HDR0_1_Mothbot_yolo11m_4500_imgsz1600_b1_2024-01-18.pt.jpg,ORDER_Coleoptera,28-01-25,4:06:06,,2025_01_28__04_06_06,MachineObservation,Panama_Hoya_1004m_accionSauro_2025-01-26_2025-01-27,Panama_Hoya_1004m_accionSauro_2025-01-26_2025-01-27,accionSauro_2025_01_28__04_06_06_HDR0.jpg,accionSauro_2025_01_28__04_06_06_HDR0_1_Mothbot_yolo11m_4500_imgsz1600_b1_2024-01-18.pt.jpg
doi.org10.15468dl.6nxkw6.csv,Animalia,Arthropoda,Insecta,Coleoptera,Chrysomelidae,Diabrotica,,diabrotica1,1048495,,Diabrotica,diabrotica1,Panama_Hoya_1004m_accionSauro_2025-01-26,accionSauro_2025_01_28__04_07_06_HDR0_0_Mothbot_yolo11m_4500_imgsz1600_b1_2024-01-18.pt.jpg,HS,Mothbot_yolo11m_4500_imgsz1600_b1_2024-01-18.pt,0.71764189,,accionSauro,Panama/Hoya_1004m_accionSauro_2025-01-26/2025-01-27/patches/accionSauro_2025_01_28__04_07_06_HDR0_0_Mothbot_yolo11m_4500_imgsz1600_b1_2024-01-18.pt.jpg,ORDER_Coleoptera,28-01-25,4:07:06,,2025_01_28__04_07_06,MachineObservation,Panama_Hoya_1004m_accionSauro_2025-01-26_2025-01-27,Panama_Hoya_1004m_accionSauro_2025-01-26_2025-01-27,accionSauro_2025_01_28__04_07_06_HDR0.jpg,accionSauro_2025_01_28__04_07_06_HDR0_0_Mothbot_yolo11m_4500_imgsz1600_b1_2024-01-18.pt.jpg
,Animalia,Arthropoda,Insecta,Diptera,,,,,,,Diptera,Diptera,Panama_Hoya_1004m_accionSauro_2025-01-26,accionSauro_2025_01_28__04_10_06_HDR0_0_Mothbot_yolo11m_4500_imgsz1600_b1_2024-01-18.pt.jpg,HS,Mothbot_yolo11m_4500_imgsz1600_b1_2024-01-18.pt,0.696015239,,accionSauro,Panama/Hoya_1004m_accionSauro_2025-01-26/2025-01-27/patches/accionSauro_2025_01_28__04_10_06_HDR0_0_Mothbot_yolo11m_4500_imgsz1600_b1_2024-01-18.pt.jpg,ORDER_Diptera,28-01-25,4:10:06,,2025_01_28__04_10_06,MachineObservation,Panama_Hoya_1004m_accionSauro_2025-01-26_2025-01-27,Panama_Hoya_1004m_accionSauro_2025-01-26_2025-01-27,accionSauro_2025_01_28__04_10_06_HDR0.jpg,accionSauro_2025_01_28__04_10_06_HDR0_0_Mothbot_yolo11m_4500_imgsz1600_b1_2024-01-18.pt.jpg
,Animalia,Arthropoda,Insecta,Diptera,,,,,,,Diptera,Diptera,Panama_Hoya_1004m_accionSauro_2025-01-26,accionSauro_2025_01_28__04_12_06_HDR0_0_Mothbot_yolo11m_4500_imgsz1600_b1_2024-01-18.pt.jpg,HS,Mothbot_yolo11m_4500_imgsz1600_b1_2024-01-18.pt,0.748403311,,accionSauro,Panama/Hoya_1004m_accionSauro_2025-01-26/2025-01-27/patches/accionSauro_2025_01_28__04_12_06_HDR0_0_Mothbot_yolo11m_4500_imgsz1600_b1_2024-01-18.pt.jpg,ORDER_Diptera,28-01-25,4:12:06,,2025_01_28__04_12_06,MachineObservation,Panama_Hoya_1004m_accionSauro_2025-01-26_2025-01-27,Panama_Hoya_1004m_accionSauro_2025-01-26_2025-01-27,accionSauro_2025_01_28__04_12_06_HDR0.jpg,accionSauro_2025_01_28__04_12_06_HDR0_0_Mothbot_yolo11m_4500_imgsz1600_b1_2024-01-18.pt.jpg
,Animalia,Arthropoda,Insecta,Lepidoptera,,,,,,,Lepidoptera,Lepidoptera,Panama_Hoya_1004m_accionSauro_2025-01-26,accionSauro_2025_01_28__04_12_06_HDR0_1_Mothbot_yolo11m_4500_imgsz1600_b1_2024-01-18.pt.jpg,HS,Mothbot_yolo11m_4500_imgsz1600_b1_2024-01-18.pt,0.28970933,,accionSauro,Panama/Hoya_1004m_accionSauro_2025-01-26/2025-01-27/patches/accionSauro_2025_01_28__04_12_06_HDR0_1_Mothbot_yolo11m_4500_imgsz1600_b1_2024-01-18.pt.jpg,ORDER_Lepidoptera,28-01-25,4:12:06,,2025_01_28__04_12_06,MachineObservation,Panama_Hoya_1004m_accionSauro_2025-01-26_2025-01-27,Panama_Hoya_1004m_accionSauro_2025-01-26_2025-01-27,accionSauro_2025_01_28__04_12_06_HDR0.jpg,accionSauro_2025_01_28__04_12_06_HDR0_1_Mothbot_yolo11m_4500_imgsz1600_b1_2024-01-18.pt.jpg
,Animalia,Arthropoda,Insecta,Diptera,,,,,,,Diptera,Diptera,Panama_Hoya_1004m_accionSauro_2025-01-26,accionSauro_2025_01_28__04_13_06_HDR0_0_Mothbot_yolo11m_4500_imgsz1600_b1_2024-01-18.pt.jpg,HS,Mothbot_yolo11m_4500_imgsz1600_b1_2024-01-18.pt,0.693346441,,accionSauro,Panama/Hoya_1004m_accionSauro_2025-01-26/2025-01-27/patches/accionSauro_2025_01_28__04_13_06_HDR0_0_Mothbot_yolo11m_4500_imgsz1600_b1_2024-01-18.pt.jpg,ORDER_Diptera,28-01-25,4:13:06,,2025_01_28__04_13_06,MachineObservation,Panama_Hoya_1004m_accionSauro_2025-01-26_2025-01-27,Panama_Hoya_1004m_accionSauro_2025-01-26_2025-01-27,accionSauro_2025_01_28__04_13_06_HDR0.jpg,accionSauro_2025_01_28__04_13_06_HDR0_0_Mothbot_yolo11m_4500_imgsz1600_b1_2024-01-18.pt.jpg
,Animalia,Arthropoda,Insecta,Lepidoptera,,,,,,,Lepidoptera,Lepidoptera,Panama_Hoya_1004m_accionSauro_2025-01-26,accionSauro_2025_01_28__04_13_06_HDR0_1_Mothbot_yolo11m_4500_imgsz1600_b1_2024-01-18.pt.jpg,HS,Mothbot_yolo11m_4500_imgsz1600_b1_2024-01-18.pt,0.260234565,,accionSauro,Panama/Hoya_1004m_accionSauro_2025-01-26/2025-01-27/patches/accionSauro_2025_01_28__04_13_06_HDR0_1_Mothbot_yolo11m_4500_imgsz1600_b1_2024-01-18.pt.jpg,ORDER_Lepidoptera,28-01-25,4:13:06,,2025_01_28__04_13_06,MachineObservation,Panama_Hoya_1004m_accionSauro_2025-01-26_2025-01-27,Panama_Hoya_1004m_accionSauro_2025-01-26_2025-01-27,accionSauro_2025_01_28__04_13_06_HDR0.jpg,accionSauro_2025_01_28__04_13_06_HDR0_1_Mothbot_yolo11m_4500_imgsz1600_b1_2024-01-18.pt.jpg
,Animalia,Arthropoda,Insecta,Diptera,,,,,,,Diptera,Diptera,Panama_Hoya_1004m_accionSauro_2025-01-26,accionSauro_2025_01_28__04_14_07_HDR0_0_Mothbot_yolo11m_4500_imgsz1600_b1_2024-01-18.pt.jpg,HS,Mothbot_yolo11m_4500_imgsz1600_b1_2024-01-18.pt,0.767680526,,accionSauro,Panama/Hoya_1004m_accionSauro_2025-01-26/2025-01-27/patches/accionSauro_2025_01_28__04_14_07_HDR0_0_Mothbot_yolo11m_4500_imgsz1600_b1_2024-01-18.pt.jpg,ORDER_Diptera,28-01-25,4:14:07,,2025_01_28__04_14_07,MachineObservation,Panama_Hoya_1004m_accionSauro_2025-01-26_2025-01-27,Panama_Hoya_1004m_accionSauro_2025-01-26_2025-01-27,accionSauro_2025_01_28__04_14_07_HDR0.jpg,accionSauro_2025_01_28__04_14_07_HDR0_0_Mothbot_yolo11m_4500_imgsz1600_b1_2024-01-18.pt.jpg
doi.org10.15468dl.6nxkw6.csv,Animalia,Arthropoda,Insecta,Hemiptera,,,,,809,,Hemiptera,Hemiptera,Panama_Hoya_1004m_accionSauro_2025-01-26,accionSauro_2025_01_28__04_14_07_HDR0_1_Mothbot_yolo11m_4500_imgsz1600_b1_2024-01-18.pt.jpg,HS,Mothbot_yolo11m_4500_imgsz1600_b1_2024-01-18.pt,0.552370429,,accionSauro,Panama/Hoya_1004m_accionSauro_2025-01-26/2025-01-27/patches/accionSauro_2025_01_28__04_14_07_HDR0_1_Mothbot_yolo11m_4500_imgsz1600_b1_2024-01-18.pt.jpg,ORDER_Psocodea,28-01-25,4:14:07,,2025_01_28__04_14_07,MachineObservation,Panama_Hoya_1004m_accionSauro_2025-01-26_2025-01-27,Panama_Hoya_1004m_accionSauro_2025-01-26_2025-01-27,accionSauro_2025_01_28__04_14_07_HDR0.jpg,accionSauro_2025_01_28__04_14_07_HDR0_1_Mothbot_yolo11m_4500_imgsz1600_b1_2024-01-18.pt.jpg
,Animalia,Arthropoda,Insecta,Lepidoptera,,,,,,,Lepidoptera,Lepidoptera,Panama_Hoya_1004m_accionSauro_2025-01-26,accionSauro_2025_01_28__04_14_07_HDR0_2_Mothbot_yolo11m_4500_imgsz1600_b1_2024-01-18.pt.jpg,HS,Mothbot_yolo11m_4500_imgsz1600_b1_2024-01-18.pt,0.395687491,,accionSauro,Panama/Hoya_1004m_accionSauro_2025-01-26/2025-01-27/patches/accionSauro_2025_01_28__04_14_07_HDR0_2_Mothbot_yolo11m_4500_imgsz1600_b1_2024-01-18.pt.jpg,ORDER_Lepidoptera,28-01-25,4:14:07,,2025_01_28__04_14_07,MachineObservation,Panama_Hoya_1004m_accionSauro_2025-01-26_2025-01-27,Panama_Hoya_1004m_accionSauro_2025-01-26_2025-01-27,accionSauro_2025_01_28__04_14_07_HDR0.jpg,accionSauro_2025_01_28__04_14_07_HDR0_2_Mothbot_yolo11m_4500_imgsz1600_b1_2024-01-18.pt.jpg
,Animalia,Arthropoda,Insecta,Diptera,,,,,,,Diptera,Diptera,Panama_Hoya_1004m_accionSauro_2025-01-26,accionSauro_2025_01_28__04_15_22_HDR0_0_Mothbot_yolo11m_4500_imgsz1600_b1_2024-01-18.pt.jpg,HS,Mothbot_yolo11m_4500_imgsz1600_b1_2024-01-18.pt,0.749648929,,accionSauro,Panama/Hoya_1004m_accionSauro_2025-01-26/2025-01-27/patches/accionSauro_2025_01_28__04_15_22_HDR0_0_Mothbot_yolo11m_4500_imgsz1600_b1_2024-01-18.pt.jpg,ORDER_Diptera,28-01-25,4:15:22,,2025_01_28__04_15_22,MachineObservation,Panama_Hoya_1004m_accionSauro_2025-01-26_2025-01-27,Panama_Hoya_1004m_accionSauro_2025-01-26_2025-01-27,accionSauro_2025_01_28__04_15_22_HDR0.jpg,accionSauro_2025_01_28__04_15_22_HDR0_0_Mothbot_yolo11m_4500_imgsz1600_b1_2024-01-18.pt.jpg
,Animalia,Arthropoda,Insecta,Hemiptera,,,,,,,Hemiptera,Hemiptera,Panama_Hoya_1004m_accionSauro_2025-01-26,accionSauro_2025_01_28__04_15_22_HDR0_1_Mothbot_yolo11m_4500_imgsz1600_b1_2024-01-18.pt.jpg,HS,Mothbot_yolo11m_4500_imgsz1600_b1_2024-01-18.pt,0.481005281,,accionSauro,Panama/Hoya_1004m_accionSauro_2025-01-26/2025-01-27/patches/accionSauro_2025_01_28__04_15_22_HDR0_1_Mothbot_yolo11m_4500_imgsz1600_b1_2024-01-18.pt.jpg,ORDER_Hemiptera,28-01-25,4:15:22,,2025_01_28__04_15_22,MachineObservation,Panama_Hoya_1004m_accionSauro_2025-01-26_2025-01-27,Panama_Hoya_1004m_accionSauro_2025-01-26_2025-01-27,accionSauro_2025_01_28__04_15_22_HDR0.jpg,accionSauro_2025_01_28__04_15_22_HDR0_1_Mothbot_yolo11m_4500_imgsz1600_b1_2024-01-18.pt.jpg
,Animalia,Arthropoda,Insecta,Lepidoptera,,,,,,,Lepidoptera,Lepidoptera,Panama_Hoya_1004m_accionSauro_2025-01-26,accionSauro_2025_01_28__04_15_22_HDR0_2_Mothbot_yolo11m_4500_imgsz1600_b1_2024-01-18.pt.jpg,HS,Mothbot_yolo11m_4500_imgsz1600_b1_2024-01-18.pt,0.399132073,,accionSauro,Panama/Hoya_1004m_accionSauro_2025-01-26/2025-01-27/patches/accionSauro_2025_01_28__04_15_22_HDR0_2_Mothbot_yolo11m_4500_imgsz1600_b1_2024-01-18.pt.jpg,ORDER_Lepidoptera,28-01-25,4:15:22,,2025_01_28__04_15_22,MachineObservation,Panama_Hoya_1004m_accionSauro_2025-01-26_2025-01-27,Panama_Hoya_1004m_accionSauro_2025-01-26_2025-01-27,accionSauro_2025_01_28__04_15_22_HDR0.jpg,accionSauro_2025_01_28__04_15_22_HDR0_2_Mothbot_yolo11m_4500_imgsz1600_b1_2024-01-18.pt.jpg
,Animalia,Arthropoda,Insecta,Diptera,,,,,,,Diptera,Diptera,Panama_Hoya_1004m_accionSauro_2025-01-26,accionSauro_2025_01_28__04_16_06_HDR0_0_Mothbot_yolo11m_4500_imgsz1600_b1_2024-01-18.pt.jpg,HS,Mothbot_yolo11m_4500_imgsz1600_b1_2024-01-18.pt,0.745887816,,accionSauro,Panama/Hoya_1004m_accionSauro_2025-01-26/2025-01-27/patches/accionSauro_2025_01_28__04_16_06_HDR0_0_Mothbot_yolo11m_4500_imgsz1600_b1_2024-01-18.pt.jpg,ORDER_Diptera,28-01-25,4:16:06,,2025_01_28__04_16_06,MachineObservation,Panama_Hoya_1004m_accionSauro_2025-01-26_2025-01-27,Panama_Hoya_1004m_accionSauro_2025-01-26_2025-01-27,accionSauro_2025_01_28__04_16_06_HDR0.jpg,accionSauro_2025_01_28__04_16_06_HDR0_0_Mothbot_yolo11m_4500_imgsz1600_b1_2024-01-18.pt.jpg
,Animalia,Arthropoda,Insecta,Hemiptera,,,,,,,Hemiptera,Hemiptera,Panama_Hoya_1004m_accionSauro_2025-01-26,accionSauro_2025_01_28__04_16_06_HDR0_1_Mothbot_yolo11m_4500_imgsz1600_b1_2024-01-18.pt.jpg,HS,Mothbot_yolo11m_4500_imgsz1600_b1_2024-01-18.pt,0.616012692,,accionSauro,Panama/Hoya_1004m_accionSauro_2025-01-26/2025-01-27/patches/accionSauro_2025_01_28__04_16_06_HDR0_1_Mothbot_yolo11m_4500_imgsz1600_b1_2024-01-18.pt.jpg,ORDER_Hemiptera,28-01-25,4:16:06,,2025_01_28__04_16_06,MachineObservation,Panama_Hoya_1004m_accionSauro_2025-01-26_2025-01-27,Panama_Hoya_1004m_accionSauro_2025-01-26_2025-01-27,accionSauro_2025_01_28__04_16_06_HDR0.jpg,accionSauro_2025_01_28__04_16_06_HDR0_1_Mothbot_yolo11m_4500_imgsz1600_b1_2024-01-18.pt.jpg
,Animalia,Arthropoda,Insecta,Lepidoptera,,,,,,,Lepidoptera,Lepidoptera,Panama_Hoya_1004m_accionSauro_2025-01-26,accionSauro_2025_01_28__04_16_06_HDR0_2_Mothbot_yolo11m_4500_imgsz1600_b1_2024-01-18.pt.jpg,HS,Mothbot_yolo11m_4500_imgsz1600_b1_2024-01-18.pt,0.463026434,,accionSauro,Panama/Hoya_1004m_accionSauro_2025-01-26/2025-01-27/patches/accionSauro_2025_01_28__04_16_06_HDR0_2_Mothbot_yolo11m_4500_imgsz1600_b1_2024-01-18.pt.jpg,ORDER_Lepidoptera,28-01-25,4:16:06,,2025_01_28__04_16_06,MachineObservation,Panama_Hoya_1004m_accionSauro_2025-01-26_2025-01-27,Panama_Hoya_1004m_accionSauro_2025-01-26_2025-01-27,accionSauro_2025_01_28__04_16_06_HDR0.jpg,accionSauro_2025_01_28__04_16_06_HDR0_2_Mothbot_yolo11m_4500_imgsz1600_b1_2024-01-18.pt.jpg
,Animalia,Arthropoda,Insecta,Diptera,,,,,,,Diptera,Diptera,Panama_Hoya_1004m_accionSauro_2025-01-26,accionSauro_2025_01_28__04_17_06_HDR0_0_Mothbot_yolo11m_4500_imgsz1600_b1_2024-01-18.pt.jpg,HS,Mothbot_yolo11m_4500_imgsz1600_b1_2024-01-18.pt,0.771300197,,accionSauro,Panama/Hoya_1004m_accionSauro_2025-01-26/2025-01-27/patches/accionSauro_2025_01_28__04_17_06_HDR0_0_Mothbot_yolo11m_4500_imgsz1600_b1_2024-01-18.pt.jpg,ORDER_Diptera,28-01-25,4:17:06,,2025_01_28__04_17_06,MachineObservation,Panama_Hoya_1004m_accionSauro_2025-01-26_2025-01-27,Panama_Hoya_1004m_accionSauro_2025-01-26_2025-01-27,accionSauro_2025_01_28__04_17_06_HDR0.jpg,accionSauro_2025_01_28__04_17_06_HDR0_0_Mothbot_yolo11m_4500_imgsz1600_b1_2024-01-18.pt.jpg
,Animalia,Arthropoda,Insecta,Hemiptera,,,,,,,Hemiptera,Hemiptera,Panama_Hoya_1004m_accionSauro_2025-01-26,accionSauro_2025_01_28__04_17_06_HDR0_1_Mothbot_yolo11m_4500_imgsz1600_b1_2024-01-18.pt.jpg,HS,Mothbot_yolo11m_4500_imgsz1600_b1_2024-01-18.pt,0.557411015,,accionSauro,Panama/Hoya_1004m_accionSauro_2025-01-26/2025-01-27/patches/accionSauro_2025_01_28__04_17_06_HDR0_1_Mothbot_yolo11m_4500_imgsz1600_b1_2024-01-18.pt.jpg,ORDER_Hemiptera,28-01-25,4:17:06,,2025_01_28__04_17_06,MachineObservation,Panama_Hoya_1004m_accionSauro_2025-01-26_2025-01-27,Panama_Hoya_1004m_accionSauro_2025-01-26_2025-01-27,accionSauro_2025_01_28__04_17_06_HDR0.jpg,accionSauro_2025_01_28__04_17_06_HDR0_1_Mothbot_yolo11m_4500_imgsz1600_b1_2024-01-18.pt.jpg
,Animalia,Arthropoda,Insecta,Lepidoptera,,,,,,,Lepidoptera,Lepidoptera,Panama_Hoya_1004m_accionSauro_2025-01-26,accionSauro_2025_01_28__04_17_06_HDR0_2_Mothbot_yolo11m_4500_imgsz1600_b1_2024-01-18.pt.jpg,HS,Mothbot_yolo11m_4500_imgsz1600_b1_2024-01-18.pt,0.458341122,,accionSauro,Panama/Hoya_1004m_accionSauro_2025-01-26/2025-01-27/patches/accionSauro_2025_01_28__04_17_06_HDR0_2_Mothbot_yolo11m_4500_imgsz1600_b1_2024-01-18.pt.jpg,ORDER_Lepidoptera,28-01-25,4:17:06,,2025_01_28__04_17_06,MachineObservation,Panama_Hoya_1004m_accionSauro_2025-01-26_2025-01-27,Panama_Hoya_1004m_accionSauro_2025-01-26_2025-01-27,accionSauro_2025_01_28__04_17_06_HDR0.jpg,accionSauro_2025_01_28__04_17_06_HDR0_2_Mothbot_yolo11m_4500_imgsz1600_b1_2024-01-18.pt.jpg
,Animalia,Arthropoda,Insecta,Diptera,,,,,,,Diptera,Diptera,Panama_Hoya_1004m_accionSauro_2025-01-26,accionSauro_2025_01_28__04_18_06_HDR0_0_Mothbot_yolo11m_4500_imgsz1600_b1_2024-01-18.pt.jpg,HS,Mothbot_yolo11m_4500_imgsz1600_b1_2024-01-18.pt,0.78893292,,accionSauro,Panama/Hoya_1004m_accionSauro_2025-01-26/2025-01-27/patches/accionSauro_2025_01_28__04_18_06_HDR0_0_Mothbot_yolo11m_4500_imgsz1600_b1_2024-01-18.pt.jpg,ORDER_Diptera,28-01-25,4:18:06,,2025_01_28__04_18_06,MachineObservation,Panama_Hoya_1004m_accionSauro_2025-01-26_2025-01-27,Panama_Hoya_1004m_accionSauro_2025-01-26_2025-01-27,accionSauro_2025_01_28__04_18_06_HDR0.jpg,accionSauro_2025_01_28__04_18_06_HDR0_0_Mothbot_yolo11m_4500_imgsz1600_b1_2024-01-18.pt.jpg
doi.org10.15468dl.6nxkw6.csv,Animalia,Arthropoda,Insecta,Hemiptera,,,,,809,,Hemiptera,Hemiptera,Panama_Hoya_1004m_accionSauro_2025-01-26,accionSauro_2025_01_28__04_18_06_HDR0_1_Mothbot_yolo11m_4500_imgsz1600_b1_2024-01-18.pt.jpg,HS,Mothbot_yolo11m_4500_imgsz1600_b1_2024-01-18.pt,0.573682129,,accionSauro,Panama/Hoya_1004m_accionSauro_2025-01-26/2025-01-27/patches/accionSauro_2025_01_28__04_18_06_HDR0_1_Mothbot_yolo11m_4500_imgsz1600_b1_2024-01-18.pt.jpg,ORDER_Psocodea,28-01-25,4:18:06,,2025_01_28__04_18_06,MachineObservation,Panama_Hoya_1004m_accionSauro_2025-01-26_2025-01-27,Panama_Hoya_1004m_accionSauro_2025-01-26_2025-01-27,accionSauro_2025_01_28__04_18_06_HDR0.jpg,accionSauro_2025_01_28__04_18_06_HDR0_1_Mothbot_yolo11m_4500_imgsz1600_b1_2024-01-18.pt.jpg
,Animalia,Arthropoda,Insecta,Lepidoptera,,,,,,,Lepidoptera,Lepidoptera,Panama_Hoya_1004m_accionSauro_2025-01-26,accionSauro_2025_01_28__04_18_06_HDR0_2_Mothbot_yolo11m_4500_imgsz1600_b1_2024-01-18.pt.jpg,HS,Mothbot_yolo11m_4500_imgsz1600_b1_2024-01-18.pt,0.450483203,,accionSauro,Panama/Hoya_1004m_accionSauro_2025-01-26/2025-01-27/patches/accionSauro_2025_01_28__04_18_06_HDR0_2_Mothbot_yolo11m_4500_imgsz1600_b1_2024-01-18.pt.jpg,ORDER_Lepidoptera,28-01-25,4:18:06,,2025_01_28__04_18_06,MachineObservation,Panama_Hoya_1004m_accionSauro_2025-01-26_2025-01-27,Panama_Hoya_1004m_accionSauro_2025-01-26_2025-01-27,accionSauro_2025_01_28__04_18_06_HDR0.jpg,accionSauro_2025_01_28__04_18_06_HDR0_2_Mothbot_yolo11m_4500_imgsz1600_b1_2024-01-18.pt.jpg
,Animalia,Arthropoda,Insecta,Diptera,,,,,,,Diptera,Diptera,Panama_Hoya_1004m_accionSauro_2025-01-26,accionSauro_2025_01_28__04_19_06_HDR0_0_Mothbot_yolo11m_4500_imgsz1600_b1_2024-01-18.pt.jpg,HS,Mothbot_yolo11m_4500_imgsz1600_b1_2024-01-18.pt,0.79319483,,accionSauro,Panama/Hoya_1004m_accionSauro_2025-01-26/2025-01-27/patches/accionSauro_2025_01_28__04_19_06_HDR0_0_Mothbot_yolo11m_4500_imgsz1600_b1_2024-01-18.pt.jpg,ORDER_Diptera,28-01-25,4:19:06,,2025_01_28__04_19_06,MachineObservation,Panama_Hoya_1004m_accionSauro_2025-01-26_2025-01-27,Panama_Hoya_1004m_accionSauro_2025-01-26_2025-01-27,accionSauro_2025_01_28__04_19_06_HDR0.jpg,accionSauro_2025_01_28__04_19_06_HDR0_0_Mothbot_yolo11m_4500_imgsz1600_b1_2024-01-18.pt.jpg
doi.org10.15468dl.6nxkw6.csv,Animalia,Arthropoda,Insecta,,,,,,216,,Insecta,Insecta,Panama_Hoya_1004m_accionSauro_2025-01-26,accionSauro_2025_01_28__04_19_06_HDR0_1_Mothbot_yolo11m_4500_imgsz1600_b1_2024-01-18.pt.jpg,HS,Mothbot_yolo11m_4500_imgsz1600_b1_2024-01-18.pt,0.743280828,,accionSauro,Panama/Hoya_1004m_accionSauro_2025-01-26/2025-01-27/patches/accionSauro_2025_01_28__04_19_06_HDR0_1_Mothbot_yolo11m_4500_imgsz1600_b1_2024-01-18.pt.jpg,ERROR_background,28-01-25,4:19:06,,2025_01_28__04_19_06,MachineObservation,Panama_Hoya_1004m_accionSauro_2025-01-26_2025-01-27,Panama_Hoya_1004m_accionSauro_2025-01-26_2025-01-27,accionSauro_2025_01_28__04_19_06_HDR0.jpg,accionSauro_2025_01_28__04_19_06_HDR0_1_Mothbot_yolo11m_4500_imgsz1600_b1_2024-01-18.pt.jpg
doi.org10.15468dl.6nxkw6.csv,Animalia,Arthropoda,Insecta,Hemiptera,,,,,809,,Hemiptera,Hemiptera,Panama_Hoya_1004m_accionSauro_2025-01-26,accionSauro_2025_01_28__04_19_06_HDR0_2_Mothbot_yolo11m_4500_imgsz1600_b1_2024-01-18.pt.jpg,HS,Mothbot_yolo11m_4500_imgsz1600_b1_2024-01-18.pt,0.715744078,,accionSauro,Panama/Hoya_1004m_accionSauro_2025-01-26/2025-01-27/patches/accionSauro_2025_01_28__04_19_06_HDR0_2_Mothbot_yolo11m_4500_imgsz1600_b1_2024-01-18.pt.jpg,ORDER_Diptera,28-01-25,4:19:06,,2025_01_28__04_19_06,MachineObservation,Panama_Hoya_1004m_accionSauro_2025-01-26_2025-01-27,Panama_Hoya_1004m_accionSauro_2025-01-26_2025-01-27,accionSauro_2025_01_28__04_19_06_HDR0.jpg,accionSauro_2025_01_28__04_19_06_HDR0_2_Mothbot_yolo11m_4500_imgsz1600_b1_2024-01-18.pt.jpg
,Animalia,Arthropoda,Insecta,Diptera,,,,,,,Diptera,Diptera,Panama_Hoya_1004m_accionSauro_2025-01-26,accionSauro_2025_01_28__04_19_06_HDR0_3_Mothbot_yolo11m_4500_imgsz1600_b1_2024-01-18.pt.jpg,HS,Mothbot_yolo11m_4500_imgsz1600_b1_2024-01-18.pt,0.691483557,,accionSauro,Panama/Hoya_1004m_accionSauro_2025-01-26/2025-01-27/patches/accionSauro_2025_01_28__04_19_06_HDR0_3_Mothbot_yolo11m_4500_imgsz1600_b1_2024-01-18.pt.jpg,ORDER_Diptera,28-01-25,4:19:06,,2025_01_28__04_19_06,MachineObservation,Panama_Hoya_1004m_accionSauro_2025-01-26_2025-01-27,Panama_Hoya_1004m_accionSauro_2025-01-26_2025-01-27,accionSauro_2025_01_28__04_19_06_HDR0.jpg,accionSauro_2025_01_28__04_19_06_HDR0_3_Mothbot_yolo11m_4500_imgsz1600_b1_2024-01-18.pt.jpg
,Animalia,Arthropoda,Insecta,Lepidoptera,,,,,,,Lepidoptera,Lepidoptera,Panama_Hoya_1004m_accionSauro_2025-01-26,accionSauro_2025_01_28__04_19_06_HDR0_4_Mothbot_yolo11m_4500_imgsz1600_b1_2024-01-18.pt.jpg,HS,Mothbot_yolo11m_4500_imgsz1600_b1_2024-01-18.pt,0.353872687,,accionSauro,Panama/Hoya_1004m_accionSauro_2025-01-26/2025-01-27/patches/accionSauro_2025_01_28__04_19_06_HDR0_4_Mothbot_yolo11m_4500_imgsz1600_b1_2024-01-18.pt.jpg,ORDER_Lepidoptera,28-01-25,4:19:06,,2025_01_28__04_19_06,MachineObservation,Panama_Hoya_1004m_accionSauro_2025-01-26_2025-01-27,Panama_Hoya_1004m_accionSauro_2025-01-26_2025-01-27,accionSauro_2025_01_28__04_19_06_HDR0.jpg,accionSauro_2025_01_28__04_19_06_HDR0_4_Mothbot_yolo11m_4500_imgsz1600_b1_2024-01-18.pt.jpg
,Animalia,Arthropoda,Insecta,Diptera,,,,,,,Diptera,Diptera,Panama_Hoya_1004m_accionSauro_2025-01-26,accionSauro_2025_01_28__04_20_06_HDR0_0_Mothbot_yolo11m_4500_imgsz1600_b1_2024-01-18.pt.jpg,HS,Mothbot_yolo11m_4500_imgsz1600_b1_2024-01-18.pt,0.750990689,,accionSauro,Panama/Hoya_1004m_accionSauro_2025-01-26/2025-01-27/patches/accionSauro_2025_01_28__04_20_06_HDR0_0_Mothbot_yolo11m_4500_imgsz1600_b1_2024-01-18.pt.jpg,ORDER_Diptera,28-01-25,4:20:06,,2025_01_28__04_20_06,MachineObservation,Panama_Hoya_1004m_accionSauro_2025-01-26_2025-01-27,Panama_Hoya_1004m_accionSauro_2025-01-26_2025-01-27,accionSauro_2025_01_28__04_20_06_HDR0.jpg,accionSauro_2025_01_28__04_20_06_HDR0_0_Mothbot_yolo11m_4500_imgsz1600_b1_2024-01-18.pt.jpg
,Animalia,Arthropoda,Insecta,Diptera,,,,,,,Diptera,Diptera,Panama_Hoya_1004m_accionSauro_2025-01-26,accionSauro_2025_01_28__04_20_06_HDR0_1_Mothbot_yolo11m_4500_imgsz1600_b1_2024-01-18.pt.jpg,HS,Mothbot_yolo11m_4500_imgsz1600_b1_2024-01-18.pt,0.577381909,,accionSauro,Panama/Hoya_1004m_accionSauro_2025-01-26/2025-01-27/patches/accionSauro_2025_01_28__04_20_06_HDR0_1_Mothbot_yolo11m_4500_imgsz1600_b1_2024-01-18.pt.jpg,ORDER_Diptera,28-01-25,4:20:06,,2025_01_28__04_20_06,MachineObservation,Panama_Hoya_1004m_accionSauro_2025-01-26_2025-01-27,Panama_Hoya_1004m_accionSauro_2025-01-26_2025-01-27,accionSauro_2025_01_28__04_20_06_HDR0.jpg,accionSauro_2025_01_28__04_20_06_HDR0_1_Mothbot_yolo11m_4500_imgsz1600_b1_2024-01-18.pt.jpg
,Animalia,Arthropoda,Insecta,Lepidoptera,,,,,,,Lepidoptera,Lepidoptera,Panama_Hoya_1004m_accionSauro_2025-01-26,accionSauro_2025_01_28__04_20_06_HDR0_2_Mothbot_yolo11m_4500_imgsz1600_b1_2024-01-18.pt.jpg,HS,Mothbot_yolo11m_4500_imgsz1600_b1_2024-01-18.pt,0.471110046,,accionSauro,Panama/Hoya_1004m_accionSauro_2025-01-26/2025-01-27/patches/accionSauro_2025_01_28__04_20_06_HDR0_2_Mothbot_yolo11m_4500_imgsz1600_b1_2024-01-18.pt.jpg,ORDER_Lepidoptera,28-01-25,4:20:06,,2025_01_28__04_20_06,MachineObservation,Panama_Hoya_1004m_accionSauro_2025-01-26_2025-01-27,Panama_Hoya_1004m_accionSauro_2025-01-26_2025-01-27,accionSauro_2025_01_28__04_20_06_HDR0.jpg,accionSauro_2025_01_28__04_20_06_HDR0_2_Mothbot_yolo11m_4500_imgsz1600_b1_2024-01-18.pt.jpg
,Animalia,Arthropoda,Insecta,Hemiptera,,,,,,,Hemiptera,Hemiptera,Panama_Hoya_1004m_accionSauro_2025-01-26,accionSauro_2025_01_28__04_21_06_HDR0_0_Mothbot_yolo11m_4500_imgsz1600_b1_2024-01-18.pt.jpg,HS,Mothbot_yolo11m_4500_imgsz1600_b1_2024-01-18.pt,0.741336048,,accionSauro,Panama/Hoya_1004m_accionSauro_2025-01-26/2025-01-27/patches/accionSauro_2025_01_28__04_21_06_HDR0_0_Mothbot_yolo11m_4500_imgsz1600_b1_2024-01-18.pt.jpg,ORDER_Hemiptera,28-01-25,4:21:06,,2025_01_28__04_21_06,MachineObservation,Panama_Hoya_1004m_accionSauro_2025-01-26_2025-01-27,Panama_Hoya_1004m_accionSauro_2025-01-26_2025-01-27,accionSauro_2025_01_28__04_21_06_HDR0.jpg,accionSauro_2025_01_28__04_21_06_HDR0_0_Mothbot_yolo11m_4500_imgsz1600_b1_2024-01-18.pt.jpg
,Animalia,Arthropoda,Insecta,Lepidoptera,,,,,,,Lepidoptera,Lepidoptera,Panama_Hoya_1004m_accionSauro_2025-01-26,accionSauro_2025_01_28__04_21_06_HDR0_1_Mothbot_yolo11m_4500_imgsz1600_b1_2024-01-18.pt.jpg,HS,Mothbot_yolo11m_4500_imgsz1600_b1_2024-01-18.pt,0.468694717,,accionSauro,Panama/Hoya_1004m_accionSauro_2025-01-26/2025-01-27/patches/accionSauro_2025_01_28__04_21_06_HDR0_1_Mothbot_yolo11m_4500_imgsz1600_b1_2024-01-18.pt.jpg,ORDER_Lepidoptera,28-01-25,4:21:06,,2025_01_28__04_21_06,MachineObservation,Panama_Hoya_1004m_accionSauro_2025-01-26_2025-01-27,Panama_Hoya_1004m_accionSauro_2025-01-26_2025-01-27,accionSauro_2025_01_28__04_21_06_HDR0.jpg,accionSauro_2025_01_28__04_21_06_HDR0_1_Mothbot_yolo11m_4500_imgsz1600_b1_2024-01-18.pt.jpg
,Animalia,Arthropoda,Insecta,Lepidoptera,,,,,,,Lepidoptera,Lepidoptera,Panama_Hoya_1004m_accionSauro_2025-01-26,accionSauro_2025_01_28__04_22_23_HDR0_0_Mothbot_yolo11m_4500_imgsz1600_b1_2024-01-18.pt.jpg,HS,Mothbot_yolo11m_4500_imgsz1600_b1_2024-01-18.pt,0.51782757,,accionSauro,Panama/Hoya_1004m_accionSauro_2025-01-26/2025-01-27/patches/accionSauro_2025_01_28__04_22_23_HDR0_0_Mothbot_yolo11m_4500_imgsz1600_b1_2024-01-18.pt.jpg,ORDER_Lepidoptera,28-01-25,4:22:23,,2025_01_28__04_22_23,MachineObservation,Panama_Hoya_1004m_accionSauro_2025-01-26_2025-01-27,Panama_Hoya_1004m_accionSauro_2025-01-26_2025-01-27,accionSauro_2025_01_28__04_22_23_HDR0.jpg,accionSauro_2025_01_28__04_22_23_HDR0_0_Mothbot_yolo11m_4500_imgsz1600_b1_2024-01-18.pt.jpg
,Animalia,Arthropoda,Insecta,Lepidoptera,,,,,,,Lepidoptera,Lepidoptera,Panama_Hoya_1004m_accionSauro_2025-01-26,accionSauro_2025_01_28__04_23_06_HDR0_0_Mothbot_yolo11m_4500_imgsz1600_b1_2024-01-18.pt.jpg,HS,Mothbot_yolo11m_4500_imgsz1600_b1_2024-01-18.pt,0.433894545,,accionSauro,Panama/Hoya_1004m_accionSauro_2025-01-26/2025-01-27/patches/accionSauro_2025_01_28__04_23_06_HDR0_0_Mothbot_yolo11m_4500_imgsz1600_b1_2024-01-18.pt.jpg,ORDER_Lepidoptera,28-01-25,4:23:06,,2025_01_28__04_23_06,MachineObservation,Panama_Hoya_1004m_accionSauro_2025-01-26_2025-01-27,Panama_Hoya_1004m_accionSauro_2025-01-26_2025-01-27,accionSauro_2025_01_28__04_23_06_HDR0.jpg,accionSauro_2025_01_28__04_23_06_HDR0_0_Mothbot_yolo11m_4500_imgsz1600_b1_2024-01-18.pt.jpg
doi.org10.15468dl.6nxkw6.csv,Animalia,Arthropoda,Insecta,Diptera,,,,,,,Diptera,Diptera,Panama_Hoya_1004m_accionSauro_2025-01-26,accionSauro_2025_01_28__04_25_06_HDR0_0_Mothbot_yolo11m_4500_imgsz1600_b1_2024-01-18.pt.jpg,HS,Mothbot_yolo11m_4500_imgsz1600_b1_2024-01-18.pt,0.734852672,,accionSauro,Panama/Hoya_1004m_accionSauro_2025-01-26/2025-01-27/patches/accionSauro_2025_01_28__04_25_06_HDR0_0_Mothbot_yolo11m_4500_imgsz1600_b1_2024-01-18.pt.jpg,ORDER_Hymenoptera,28-01-25,4:25:06,,2025_01_28__04_25_06,MachineObservation,Panama_Hoya_1004m_accionSauro_2025-01-26_2025-01-27,Panama_Hoya_1004m_accionSauro_2025-01-26_2025-01-27,accionSauro_2025_01_28__04_25_06_HDR0.jpg,accionSauro_2025_01_28__04_25_06_HDR0_0_Mothbot_yolo11m_4500_imgsz1600_b1_2024-01-18.pt.jpg
,Animalia,Arthropoda,Insecta,Hemiptera,,,,,,,Hemiptera,Hemiptera,Panama_Hoya_1004m_accionSauro_2025-01-26,accionSauro_2025_01_28__04_25_06_HDR0_1_Mothbot_yolo11m_4500_imgsz1600_b1_2024-01-18.pt.jpg,HS,Mothbot_yolo11m_4500_imgsz1600_b1_2024-01-18.pt,0.734674037,,accionSauro,Panama/Hoya_1004m_accionSauro_2025-01-26/2025-01-27/patches/accionSauro_2025_01_28__04_25_06_HDR0_1_Mothbot_yolo11m_4500_imgsz1600_b1_2024-01-18.pt.jpg,ORDER_Hemiptera,28-01-25,4:25:06,,2025_01_28__04_25_06,MachineObservation,Panama_Hoya_1004m_accionSauro_2025-01-26_2025-01-27,Panama_Hoya_1004m_accionSauro_2025-01-26_2025-01-27,accionSauro_2025_01_28__04_25_06_HDR0.jpg,accionSauro_2025_01_28__04_25_06_HDR0_1_Mothbot_yolo11m_4500_imgsz1600_b1_2024-01-18.pt.jpg
,Animalia,Arthropoda,Insecta,Lepidoptera,,,,,,,Lepidoptera,Lepidoptera,Panama_Hoya_1004m_accionSauro_2025-01-26,accionSauro_2025_01_28__04_25_06_HDR0_2_Mothbot_yolo11m_4500_imgsz1600_b1_2024-01-18.pt.jpg,HS,Mothbot_yolo11m_4500_imgsz1600_b1_2024-01-18.pt,0.446931332,,accionSauro,Panama/Hoya_1004m_accionSauro_2025-01-26/2025-01-27/patches/accionSauro_2025_01_28__04_25_06_HDR0_2_Mothbot_yolo11m_4500_imgsz1600_b1_2024-01-18.pt.jpg,ORDER_Lepidoptera,28-01-25,4:25:06,,2025_01_28__04_25_06,MachineObservation,Panama_Hoya_1004m_accionSauro_2025-01-26_2025-01-27,Panama_Hoya_1004m_accionSauro_2025-01-26_2025-01-27,accionSauro_2025_01_28__04_25_06_HDR0.jpg,accionSauro_2025_01_28__04_25_06_HDR0_2_Mothbot_yolo11m_4500_imgsz1600_b1_2024-01-18.pt.jpg
,Animalia,Arthropoda,Insecta,Hemiptera,,,,,,,Hemiptera,Hemiptera,Panama_Hoya_1004m_accionSauro_2025-01-26,accionSauro_2025_01_28__04_26_06_HDR0_0_Mothbot_yolo11m_4500_imgsz1600_b1_2024-01-18.pt.jpg,HS,Mothbot_yolo11m_4500_imgsz1600_b1_2024-01-18.pt,0.698459983,,accionSauro,Panama/Hoya_1004m_accionSauro_2025-01-26/2025-01-27/patches/accionSauro_2025_01_28__04_26_06_HDR0_0_Mothbot_yolo11m_4500_imgsz1600_b1_2024-01-18.pt.jpg,ORDER_Hemiptera,28-01-25,4:26:06,,2025_01_28__04_26_06,MachineObservation,Panama_Hoya_1004m_accionSauro_2025-01-26_2025-01-27,Panama_Hoya_1004m_accionSauro_2025-01-26_2025-01-27,accionSauro_2025_01_28__04_26_06_HDR0.jpg,accionSauro_2025_01_28__04_26_06_HDR0_0_Mothbot_yolo11m_4500_imgsz1600_b1_2024-01-18.pt.jpg
,Animalia,Arthropoda,Insecta,Lepidoptera,,,,,,,Lepidoptera,Lepidoptera,Panama_Hoya_1004m_accionSauro_2025-01-26,accionSauro_2025_01_28__04_26_06_HDR0_1_Mothbot_yolo11m_4500_imgsz1600_b1_2024-01-18.pt.jpg,HS,Mothbot_yolo11m_4500_imgsz1600_b1_2024-01-18.pt,0.39925018,,accionSauro,Panama/Hoya_1004m_accionSauro_2025-01-26/2025-01-27/patches/accionSauro_2025_01_28__04_26_06_HDR0_1_Mothbot_yolo11m_4500_imgsz1600_b1_2024-01-18.pt.jpg,ORDER_Lepidoptera,28-01-25,4:26:06,,2025_01_28__04_26_06,MachineObservation,Panama_Hoya_1004m_accionSauro_2025-01-26_2025-01-27,Panama_Hoya_1004m_accionSauro_2025-01-26_2025-01-27,accionSauro_2025_01_28__04_26_06_HDR0.jpg,accionSauro_2025_01_28__04_26_06_HDR0_1_Mothbot_yolo11m_4500_imgsz1600_b1_2024-01-18.pt.jpg
,Animalia,Arthropoda,Insecta,Diptera,,,,,,,Diptera,Diptera,Panama_Hoya_1004m_accionSauro_2025-01-26,accionSauro_2025_01_28__04_27_06_HDR0_0_Mothbot_yolo11m_4500_imgsz1600_b1_2024-01-18.pt.jpg,HS,Mothbot_yolo11m_4500_imgsz1600_b1_2024-01-18.pt,0.781240225,,accionSauro,Panama/Hoya_1004m_accionSauro_2025-01-26/2025-01-27/patches/accionSauro_2025_01_28__04_27_06_HDR0_0_Mothbot_yolo11m_4500_imgsz1600_b1_2024-01-18.pt.jpg,ORDER_Diptera,28-01-25,4:27:06,,2025_01_28__04_27_06,MachineObservation,Panama_Hoya_1004m_accionSauro_2025-01-26_2025-01-27,Panama_Hoya_1004m_accionSauro_2025-01-26_2025-01-27,accionSauro_2025_01_28__04_27_06_HDR0.jpg,accionSauro_2025_01_28__04_27_06_HDR0_0_Mothbot_yolo11m_4500_imgsz1600_b1_2024-01-18.pt.jpg
,Animalia,Arthropoda,Insecta,Hemiptera,,,,,,,Hemiptera,Hemiptera,Panama_Hoya_1004m_accionSauro_2025-01-26,accionSauro_2025_01_28__04_27_06_HDR0_1_Mothbot_yolo11m_4500_imgsz1600_b1_2024-01-18.pt.jpg,HS,Mothbot_yolo11m_4500_imgsz1600_b1_2024-01-18.pt,0.720904529,,accionSauro,Panama/Hoya_1004m_accionSauro_2025-01-26/2025-01-27/patches/accionSauro_2025_01_28__04_27_06_HDR0_1_Mothbot_yolo11m_4500_imgsz1600_b1_2024-01-18.pt.jpg,ORDER_Hemiptera,28-01-25,4:27:06,,2025_01_28__04_27_06,MachineObservation,Panama_Hoya_1004m_accionSauro_2025-01-26_2025-01-27,Panama_Hoya_1004m_accionSauro_2025-01-26_2025-01-27,accionSauro_2025_01_28__04_27_06_HDR0.jpg,accionSauro_2025_01_28__04_27_06_HDR0_1_Mothbot_yolo11m_4500_imgsz1600_b1_2024-01-18.pt.jpg
,Animalia,Arthropoda,Insecta,Lepidoptera,,,,,,,Lepidoptera,Lepidoptera,Panama_Hoya_1004m_accionSauro_2025-01-26,accionSauro_2025_01_28__04_27_06_HDR0_2_Mothbot_yolo11m_4500_imgsz1600_b1_2024-01-18.pt.jpg,HS,Mothbot_yolo11m_4500_imgsz1600_b1_2024-01-18.pt,0.399603277,,accionSauro,Panama/Hoya_1004m_accionSauro_2025-01-26/2025-01-27/patches/accionSauro_2025_01_28__04_27_06_HDR0_2_Mothbot_yolo11m_4500_imgsz1600_b1_2024-01-18.pt.jpg,ORDER_Lepidoptera,28-01-25,4:27:06,,2025_01_28__04_27_06,MachineObservation,Panama_Hoya_1004m_accionSauro_2025-01-26_2025-01-27,Panama_Hoya_1004m_accionSauro_2025-01-26_2025-01-27,accionSauro_2025_01_28__04_27_06_HDR0.jpg,accionSauro_2025_01_28__04_27_06_HDR0_2_Mothbot_yolo11m_4500_imgsz1600_b1_2024-01-18.pt.jpg
,Animalia,Arthropoda,Insecta,Diptera,,,,,,,Diptera,Diptera,Panama_Hoya_1004m_accionSauro_2025-01-26,accionSauro_2025_01_28__04_28_06_HDR0_0_Mothbot_yolo11m_4500_imgsz1600_b1_2024-01-18.pt.jpg,HS,Mothbot_yolo11m_4500_imgsz1600_b1_2024-01-18.pt,0.731161714,,accionSauro,Panama/Hoya_1004m_accionSauro_2025-01-26/2025-01-27/patches/accionSauro_2025_01_28__04_28_06_HDR0_0_Mothbot_yolo11m_4500_imgsz1600_b1_2024-01-18.pt.jpg,ORDER_Diptera,28-01-25,4:28:06,,2025_01_28__04_28_06,MachineObservation,Panama_Hoya_1004m_accionSauro_2025-01-26_2025-01-27,Panama_Hoya_1004m_accionSauro_2025-01-26_2025-01-27,accionSauro_2025_01_28__04_28_06_HDR0.jpg,accionSauro_2025_01_28__04_28_06_HDR0_0_Mothbot_yolo11m_4500_imgsz1600_b1_2024-01-18.pt.jpg
,Animalia,Arthropoda,Insecta,Lepidoptera,,,,,,,Lepidoptera,Lepidoptera,Panama_Hoya_1004m_accionSauro_2025-01-26,accionSauro_2025_01_28__04_29_22_HDR0_0_Mothbot_yolo11m_4500_imgsz1600_b1_2024-01-18.pt.jpg,HS,Mothbot_yolo11m_4500_imgsz1600_b1_2024-01-18.pt,0.471130878,,accionSauro,Panama/Hoya_1004m_accionSauro_2025-01-26/2025-01-27/patches/accionSauro_2025_01_28__04_29_22_HDR0_0_Mothbot_yolo11m_4500_imgsz1600_b1_2024-01-18.pt.jpg,ORDER_Lepidoptera,28-01-25,4:29:22,,2025_01_28__04_29_22,MachineObservation,Panama_Hoya_1004m_accionSauro_2025-01-26_2025-01-27,Panama_Hoya_1004m_accionSauro_2025-01-26_2025-01-27,accionSauro_2025_01_28__04_29_22_HDR0.jpg,accionSauro_2025_01_28__04_29_22_HDR0_0_Mothbot_yolo11m_4500_imgsz1600_b1_2024-01-18.pt.jpg
,Animalia,Arthropoda,Insecta,Lepidoptera,,,,,,,Lepidoptera,Lepidoptera,Panama_Hoya_1004m_accionSauro_2025-01-26,accionSauro_2025_01_28__04_30_06_HDR0_0_Mothbot_yolo11m_4500_imgsz1600_b1_2024-01-18.pt.jpg,HS,Mothbot_yolo11m_4500_imgsz1600_b1_2024-01-18.pt,0.445083261,,accionSauro,Panama/Hoya_1004m_accionSauro_2025-01-26/2025-01-27/patches/accionSauro_2025_01_28__04_30_06_HDR0_0_Mothbot_yolo11m_4500_imgsz1600_b1_2024-01-18.pt.jpg,ORDER_Lepidoptera,28-01-25,4:30:06,,2025_01_28__04_30_06,MachineObservation,Panama_Hoya_1004m_accionSauro_2025-01-26_2025-01-27,Panama_Hoya_1004m_accionSauro_2025-01-26_2025-01-27,accionSauro_2025_01_28__04_30_06_HDR0.jpg,accionSauro_2025_01_28__04_30_06_HDR0_0_Mothbot_yolo11m_4500_imgsz1600_b1_2024-01-18.pt.jpg
,Animalia,Arthropoda,Insecta,Lepidoptera,,,,,,,Lepidoptera,Lepidoptera,Panama_Hoya_1004m_accionSauro_2025-01-26,accionSauro_2025_01_28__04_31_06_HDR0_0_Mothbot_yolo11m_4500_imgsz1600_b1_2024-01-18.pt.jpg,HS,Mothbot_yolo11m_4500_imgsz1600_b1_2024-01-18.pt,0.485171974,,accionSauro,Panama/Hoya_1004m_accionSauro_2025-01-26/2025-01-27/patches/accionSauro_2025_01_28__04_31_06_HDR0_0_Mothbot_yolo11m_4500_imgsz1600_b1_2024-01-18.pt.jpg,ORDER_Lepidoptera,28-01-25,4:31:06,,2025_01_28__04_31_06,MachineObservation,Panama_Hoya_1004m_accionSauro_2025-01-26_2025-01-27,Panama_Hoya_1004m_accionSauro_2025-01-26_2025-01-27,accionSauro_2025_01_28__04_31_06_HDR0.jpg,accionSauro_2025_01_28__04_31_06_HDR0_0_Mothbot_yolo11m_4500_imgsz1600_b1_2024-01-18.pt.jpg
,Animalia,Arthropoda,Insecta,Lepidoptera,,,,,,,Lepidoptera,Lepidoptera,Panama_Hoya_1004m_accionSauro_2025-01-26,accionSauro_2025_01_28__04_33_06_HDR0_0_Mothbot_yolo11m_4500_imgsz1600_b1_2024-01-18.pt.jpg,HS,Mothbot_yolo11m_4500_imgsz1600_b1_2024-01-18.pt,0.405374676,,accionSauro,Panama/Hoya_1004m_accionSauro_2025-01-26/2025-01-27/patches/accionSauro_2025_01_28__04_33_06_HDR0_0_Mothbot_yolo11m_4500_imgsz1600_b1_2024-01-18.pt.jpg,ORDER_Lepidoptera,28-01-25,4:33:06,,2025_01_28__04_33_06,MachineObservation,Panama_Hoya_1004m_accionSauro_2025-01-26_2025-01-27,Panama_Hoya_1004m_accionSauro_2025-01-26_2025-01-27,accionSauro_2025_01_28__04_33_06_HDR0.jpg,accionSauro_2025_01_28__04_33_06_HDR0_0_Mothbot_yolo11m_4500_imgsz1600_b1_2024-01-18.pt.jpg
,Animalia,Arthropoda,Insecta,Diptera,,,,,,,Diptera,Diptera,Panama_Hoya_1004m_accionSauro_2025-01-26,accionSauro_2025_01_28__04_34_06_HDR0_0_Mothbot_yolo11m_4500_imgsz1600_b1_2024-01-18.pt.jpg,HS,Mothbot_yolo11m_4500_imgsz1600_b1_2024-01-18.pt,0.641231537,,accionSauro,Panama/Hoya_1004m_accionSauro_2025-01-26/2025-01-27/patches/accionSauro_2025_01_28__04_34_06_HDR0_0_Mothbot_yolo11m_4500_imgsz1600_b1_2024-01-18.pt.jpg,ORDER_Diptera,28-01-25,4:34:06,,2025_01_28__04_34_06,MachineObservation,Panama_Hoya_1004m_accionSauro_2025-01-26_2025-01-27,Panama_Hoya_1004m_accionSauro_2025-01-26_2025-01-27,accionSauro_2025_01_28__04_34_06_HDR0.jpg,accionSauro_2025_01_28__04_34_06_HDR0_0_Mothbot_yolo11m_4500_imgsz1600_b1_2024-01-18.pt.jpg
,Animalia,Arthropoda,Insecta,Lepidoptera,,,,,,,Lepidoptera,Lepidoptera,Panama_Hoya_1004m_accionSauro_2025-01-26,accionSauro_2025_01_28__04_34_06_HDR0_1_Mothbot_yolo11m_4500_imgsz1600_b1_2024-01-18.pt.jpg,HS,Mothbot_yolo11m_4500_imgsz1600_b1_2024-01-18.pt,0.40825808,,accionSauro,Panama/Hoya_1004m_accionSauro_2025-01-26/2025-01-27/patches/accionSauro_2025_01_28__04_34_06_HDR0_1_Mothbot_yolo11m_4500_imgsz1600_b1_2024-01-18.pt.jpg,ORDER_Lepidoptera,28-01-25,4:34:06,,2025_01_28__04_34_06,MachineObservation,Panama_Hoya_1004m_accionSauro_2025-01-26_2025-01-27,Panama_Hoya_1004m_accionSauro_2025-01-26_2025-01-27,accionSauro_2025_01_28__04_34_06_HDR0.jpg,accionSauro_2025_01_28__04_34_06_HDR0_1_Mothbot_yolo11m_4500_imgsz1600_b1_2024-01-18.pt.jpg
,Animalia,Arthropoda,Insecta,Lepidoptera,,,,,,,Lepidoptera,Lepidoptera,Panama_Hoya_1004m_accionSauro_2025-01-26,accionSauro_2025_01_28__04_35_06_HDR0_0_Mothbot_yolo11m_4500_imgsz1600_b1_2024-01-18.pt.jpg,HS,Mothbot_yolo11m_4500_imgsz1600_b1_2024-01-18.pt,0.290162951,,accionSauro,Panama/Hoya_1004m_accionSauro_2025-01-26/2025-01-27/patches/accionSauro_2025_01_28__04_35_06_HDR0_0_Mothbot_yolo11m_4500_imgsz1600_b1_2024-01-18.pt.jpg,ORDER_Lepidoptera,28-01-25,4:35:06,,2025_01_28__04_35_06,MachineObservation,Panama_Hoya_1004m_accionSauro_2025-01-26_2025-01-27,Panama_Hoya_1004m_accionSauro_2025-01-26_2025-01-27,accionSauro_2025_01_28__04_35_06_HDR0.jpg,accionSauro_2025_01_28__04_35_06_HDR0_0_Mothbot_yolo11m_4500_imgsz1600_b1_2024-01-18.pt.jpg
,Animalia,Arthropoda,Insecta,Hemiptera,,,,,,,Hemiptera,Hemiptera,Panama_Hoya_1004m_accionSauro_2025-01-26,accionSauro_2025_01_28__04_36_22_HDR0_0_Mothbot_yolo11m_4500_imgsz1600_b1_2024-01-18.pt.jpg,HS,Mothbot_yolo11m_4500_imgsz1600_b1_2024-01-18.pt,0.753072619,,accionSauro,Panama/Hoya_1004m_accionSauro_2025-01-26/2025-01-27/patches/accionSauro_2025_01_28__04_36_22_HDR0_0_Mothbot_yolo11m_4500_imgsz1600_b1_2024-01-18.pt.jpg,ORDER_Hemiptera,28-01-25,4:36:22,,2025_01_28__04_36_22,MachineObservation,Panama_Hoya_1004m_accionSauro_2025-01-26_2025-01-27,Panama_Hoya_1004m_accionSauro_2025-01-26_2025-01-27,accionSauro_2025_01_28__04_36_22_HDR0.jpg,accionSauro_2025_01_28__04_36_22_HDR0_0_Mothbot_yolo11m_4500_imgsz1600_b1_2024-01-18.pt.jpg
,Animalia,Arthropoda,Insecta,Hemiptera,,,,,,,Hemiptera,Hemiptera,Panama_Hoya_1004m_accionSauro_2025-01-26,accionSauro_2025_01_28__04_36_22_HDR0_1_Mothbot_yolo11m_4500_imgsz1600_b1_2024-01-18.pt.jpg,HS,Mothbot_yolo11m_4500_imgsz1600_b1_2024-01-18.pt,0.714236557,,accionSauro,Panama/Hoya_1004m_accionSauro_2025-01-26/2025-01-27/patches/accionSauro_2025_01_28__04_36_22_HDR0_1_Mothbot_yolo11m_4500_imgsz1600_b1_2024-01-18.pt.jpg,ORDER_Hemiptera,28-01-25,4:36:22,,2025_01_28__04_36_22,MachineObservation,Panama_Hoya_1004m_accionSauro_2025-01-26_2025-01-27,Panama_Hoya_1004m_accionSauro_2025-01-26_2025-01-27,accionSauro_2025_01_28__04_36_22_HDR0.jpg,accionSauro_2025_01_28__04_36_22_HDR0_1_Mothbot_yolo11m_4500_imgsz1600_b1_2024-01-18.pt.jpg
,Animalia,Arthropoda,Insecta,Lepidoptera,,,,,,,Lepidoptera,Lepidoptera,Panama_Hoya_1004m_accionSauro_2025-01-26,accionSauro_2025_01_28__04_36_22_HDR0_2_Mothbot_yolo11m_4500_imgsz1600_b1_2024-01-18.pt.jpg,HS,Mothbot_yolo11m_4500_imgsz1600_b1_2024-01-18.pt,0.452723324,,accionSauro,Panama/Hoya_1004m_accionSauro_2025-01-26/2025-01-27/patches/accionSauro_2025_01_28__04_36_22_HDR0_2_Mothbot_yolo11m_4500_imgsz1600_b1_2024-01-18.pt.jpg,ORDER_Lepidoptera,28-01-25,4:36:22,,2025_01_28__04_36_22,MachineObservation,Panama_Hoya_1004m_accionSauro_2025-01-26_2025-01-27,Panama_Hoya_1004m_accionSauro_2025-01-26_2025-01-27,accionSauro_2025_01_28__04_36_22_HDR0.jpg,accionSauro_2025_01_28__04_36_22_HDR0_2_Mothbot_yolo11m_4500_imgsz1600_b1_2024-01-18.pt.jpg
,Animalia,Arthropoda,Insecta,Hemiptera,,,,,,,Hemiptera,Hemiptera,Panama_Hoya_1004m_accionSauro_2025-01-26,accionSauro_2025_01_28__04_37_06_HDR0_0_Mothbot_yolo11m_4500_imgsz1600_b1_2024-01-18.pt.jpg,HS,Mothbot_yolo11m_4500_imgsz1600_b1_2024-01-18.pt,0.724301279,,accionSauro,Panama/Hoya_1004m_accionSauro_2025-01-26/2025-01-27/patches/accionSauro_2025_01_28__04_37_06_HDR0_0_Mothbot_yolo11m_4500_imgsz1600_b1_2024-01-18.pt.jpg,ORDER_Hemiptera,28-01-25,4:37:06,,2025_01_28__04_37_06,MachineObservation,Panama_Hoya_1004m_accionSauro_2025-01-26_2025-01-27,Panama_Hoya_1004m_accionSauro_2025-01-26_2025-01-27,accionSauro_2025_01_28__04_37_06_HDR0.jpg,accionSauro_2025_01_28__04_37_06_HDR0_0_Mothbot_yolo11m_4500_imgsz1600_b1_2024-01-18.pt.jpg
,Animalia,Arthropoda,Insecta,Lepidoptera,,,,,,,Lepidoptera,Lepidoptera,Panama_Hoya_1004m_accionSauro_2025-01-26,accionSauro_2025_01_28__04_37_06_HDR0_1_Mothbot_yolo11m_4500_imgsz1600_b1_2024-01-18.pt.jpg,HS,Mothbot_yolo11m_4500_imgsz1600_b1_2024-01-18.pt,0.452206314,,accionSauro,Panama/Hoya_1004m_accionSauro_2025-01-26/2025-01-27/patches/accionSauro_2025_01_28__04_37_06_HDR0_1_Mothbot_yolo11m_4500_imgsz1600_b1_2024-01-18.pt.jpg,ORDER_Lepidoptera,28-01-25,4:37:06,,2025_01_28__04_37_06,MachineObservation,Panama_Hoya_1004m_accionSauro_2025-01-26_2025-01-27,Panama_Hoya_1004m_accionSauro_2025-01-26_2025-01-27,accionSauro_2025_01_28__04_37_06_HDR0.jpg,accionSauro_2025_01_28__04_37_06_HDR0_1_Mothbot_yolo11m_4500_imgsz1600_b1_2024-01-18.pt.jpg
,Animalia,Arthropoda,Insecta,Hemiptera,,,,,,,Hemiptera,Hemiptera,Panama_Hoya_1004m_accionSauro_2025-01-26,accionSauro_2025_01_28__04_38_06_HDR0_0_Mothbot_yolo11m_4500_imgsz1600_b1_2024-01-18.pt.jpg,HS,Mothbot_yolo11m_4500_imgsz1600_b1_2024-01-18.pt,0.716357768,,accionSauro,Panama/Hoya_1004m_accionSauro_2025-01-26/2025-01-27/patches/accionSauro_2025_01_28__04_38_06_HDR0_0_Mothbot_yolo11m_4500_imgsz1600_b1_2024-01-18.pt.jpg,ORDER_Hemiptera,28-01-25,4:38:06,,2025_01_28__04_38_06,MachineObservation,Panama_Hoya_1004m_accionSauro_2025-01-26_2025-01-27,Panama_Hoya_1004m_accionSauro_2025-01-26_2025-01-27,accionSauro_2025_01_28__04_38_06_HDR0.jpg,accionSauro_2025_01_28__04_38_06_HDR0_0_Mothbot_yolo11m_4500_imgsz1600_b1_2024-01-18.pt.jpg
,Animalia,Arthropoda,Insecta,Lepidoptera,,,,,,,Lepidoptera,Lepidoptera,Panama_Hoya_1004m_accionSauro_2025-01-26,accionSauro_2025_01_28__04_38_06_HDR0_1_Mothbot_yolo11m_4500_imgsz1600_b1_2024-01-18.pt.jpg,HS,Mothbot_yolo11m_4500_imgsz1600_b1_2024-01-18.pt,0.444591999,,accionSauro,Panama/Hoya_1004m_accionSauro_2025-01-26/2025-01-27/patches/accionSauro_2025_01_28__04_38_06_HDR0_1_Mothbot_yolo11m_4500_imgsz1600_b1_2024-01-18.pt.jpg,ORDER_Lepidoptera,28-01-25,4:38:06,,2025_01_28__04_38_06,MachineObservation,Panama_Hoya_1004m_accionSauro_2025-01-26_2025-01-27,Panama_Hoya_1004m_accionSauro_2025-01-26_2025-01-27,accionSauro_2025_01_28__04_38_06_HDR0.jpg,accionSauro_2025_01_28__04_38_06_HDR0_1_Mothbot_yolo11m_4500_imgsz1600_b1_2024-01-18.pt.jpg
,Animalia,Arthropoda,Insecta,Hemiptera,,,,,,,Hemiptera,Hemiptera,Panama_Hoya_1004m_accionSauro_2025-01-26,accionSauro_2025_01_28__04_39_05_HDR0_0_Mothbot_yolo11m_4500_imgsz1600_b1_2024-01-18.pt.jpg,HS,Mothbot_yolo11m_4500_imgsz1600_b1_2024-01-18.pt,0.716478288,,accionSauro,Panama/Hoya_1004m_accionSauro_2025-01-26/2025-01-27/patches/accionSauro_2025_01_28__04_39_05_HDR0_0_Mothbot_yolo11m_4500_imgsz1600_b1_2024-01-18.pt.jpg,ORDER_Hemiptera,28-01-25,4:39:05,,2025_01_28__04_39_05,MachineObservation,Panama_Hoya_1004m_accionSauro_2025-01-26_2025-01-27,Panama_Hoya_1004m_accionSauro_2025-01-26_2025-01-27,accionSauro_2025_01_28__04_39_05_HDR0.jpg,accionSauro_2025_01_28__04_39_05_HDR0_0_Mothbot_yolo11m_4500_imgsz1600_b1_2024-01-18.pt.jpg
,Animalia,Arthropoda,Insecta,Lepidoptera,,,,,,,Lepidoptera,Lepidoptera,Panama_Hoya_1004m_accionSauro_2025-01-26,accionSauro_2025_01_28__04_39_05_HDR0_1_Mothbot_yolo11m_4500_imgsz1600_b1_2024-01-18.pt.jpg,HS,Mothbot_yolo11m_4500_imgsz1600_b1_2024-01-18.pt,0.471550614,,accionSauro,Panama/Hoya_1004m_accionSauro_2025-01-26/2025-01-27/patches/accionSauro_2025_01_28__04_39_05_HDR0_1_Mothbot_yolo11m_4500_imgsz1600_b1_2024-01-18.pt.jpg,ORDER_Lepidoptera,28-01-25,4:39:05,,2025_01_28__04_39_05,MachineObservation,Panama_Hoya_1004m_accionSauro_2025-01-26_2025-01-27,Panama_Hoya_1004m_accionSauro_2025-01-26_2025-01-27,accionSauro_2025_01_28__04_39_05_HDR0.jpg,accionSauro_2025_01_28__04_39_05_HDR0_1_Mothbot_yolo11m_4500_imgsz1600_b1_2024-01-18.pt.jpg
,Animalia,Arthropoda,Insecta,Hemiptera,,,,,,,Hemiptera,Hemiptera,Panama_Hoya_1004m_accionSauro_2025-01-26,accionSauro_2025_01_28__04_40_06_HDR0_0_Mothbot_yolo11m_4500_imgsz1600_b1_2024-01-18.pt.jpg,HS,Mothbot_yolo11m_4500_imgsz1600_b1_2024-01-18.pt,0.669078112,,accionSauro,Panama/Hoya_1004m_accionSauro_2025-01-26/2025-01-27/patches/accionSauro_2025_01_28__04_40_06_HDR0_0_Mothbot_yolo11m_4500_imgsz1600_b1_2024-01-18.pt.jpg,ORDER_Hemiptera,28-01-25,4:40:06,,2025_01_28__04_40_06,MachineObservation,Panama_Hoya_1004m_accionSauro_2025-01-26_2025-01-27,Panama_Hoya_1004m_accionSauro_2025-01-26_2025-01-27,accionSauro_2025_01_28__04_40_06_HDR0.jpg,accionSauro_2025_01_28__04_40_06_HDR0_0_Mothbot_yolo11m_4500_imgsz1600_b1_2024-01-18.pt.jpg
,Animalia,Arthropoda,Insecta,Lepidoptera,,,,,,,Lepidoptera,Lepidoptera,Panama_Hoya_1004m_accionSauro_2025-01-26,accionSauro_2025_01_28__04_40_06_HDR0_1_Mothbot_yolo11m_4500_imgsz1600_b1_2024-01-18.pt.jpg,HS,Mothbot_yolo11m_4500_imgsz1600_b1_2024-01-18.pt,0.337802291,,accionSauro,Panama/Hoya_1004m_accionSauro_2025-01-26/2025-01-27/patches/accionSauro_2025_01_28__04_40_06_HDR0_1_Mothbot_yolo11m_4500_imgsz1600_b1_2024-01-18.pt.jpg,ORDER_Lepidoptera,28-01-25,4:40:06,,2025_01_28__04_40_06,MachineObservation,Panama_Hoya_1004m_accionSauro_2025-01-26_2025-01-27,Panama_Hoya_1004m_accionSauro_2025-01-26_2025-01-27,accionSauro_2025_01_28__04_40_06_HDR0.jpg,accionSauro_2025_01_28__04_40_06_HDR0_1_Mothbot_yolo11m_4500_imgsz1600_b1_2024-01-18.pt.jpg
,Animalia,Arthropoda,Insecta,Lepidoptera,,,,,,,Lepidoptera,Lepidoptera,Panama_Hoya_1004m_accionSauro_2025-01-26,accionSauro_2025_01_28__04_41_06_HDR0_0_Mothbot_yolo11m_4500_imgsz1600_b1_2024-01-18.pt.jpg,HS,Mothbot_yolo11m_4500_imgsz1600_b1_2024-01-18.pt,0.367692798,,accionSauro,Panama/Hoya_1004m_accionSauro_2025-01-26/2025-01-27/patches/accionSauro_2025_01_28__04_41_06_HDR0_0_Mothbot_yolo11m_4500_imgsz1600_b1_2024-01-18.pt.jpg,ORDER_Lepidoptera,28-01-25,4:41:06,,2025_01_28__04_41_06,MachineObservation,Panama_Hoya_1004m_accionSauro_2025-01-26_2025-01-27,Panama_Hoya_1004m_accionSauro_2025-01-26_2025-01-27,accionSauro_2025_01_28__04_41_06_HDR0.jpg,accionSauro_2025_01_28__04_41_06_HDR0_0_Mothbot_yolo11m_4500_imgsz1600_b1_2024-01-18.pt.jpg
,Animalia,Arthropoda,Insecta,Lepidoptera,,,,,,,Lepidoptera,Lepidoptera,Panama_Hoya_1004m_accionSauro_2025-01-26,accionSauro_2025_01_28__04_42_06_HDR0_0_Mothbot_yolo11m_4500_imgsz1600_b1_2024-01-18.pt.jpg,HS,Mothbot_yolo11m_4500_imgsz1600_b1_2024-01-18.pt,0.484556317,,accionSauro,Panama/Hoya_1004m_accionSauro_2025-01-26/2025-01-27/patches/accionSauro_2025_01_28__04_42_06_HDR0_0_Mothbot_yolo11m_4500_imgsz1600_b1_2024-01-18.pt.jpg,ORDER_Lepidoptera,28-01-25,4:42:06,,2025_01_28__04_42_06,MachineObservation,Panama_Hoya_1004m_accionSauro_2025-01-26_2025-01-27,Panama_Hoya_1004m_accionSauro_2025-01-26_2025-01-27,accionSauro_2025_01_28__04_42_06_HDR0.jpg,accionSauro_2025_01_28__04_42_06_HDR0_0_Mothbot_yolo11m_4500_imgsz1600_b1_2024-01-18.pt.jpg
,Animalia,Arthropoda,Insecta,Hemiptera,,,,,,,Hemiptera,Hemiptera,Panama_Hoya_1004m_accionSauro_2025-01-26,accionSauro_2025_01_28__04_43_22_HDR0_0_Mothbot_yolo11m_4500_imgsz1600_b1_2024-01-18.pt.jpg,HS,Mothbot_yolo11m_4500_imgsz1600_b1_2024-01-18.pt,0.723894835,,accionSauro,Panama/Hoya_1004m_accionSauro_2025-01-26/2025-01-27/patches/accionSauro_2025_01_28__04_43_22_HDR0_0_Mothbot_yolo11m_4500_imgsz1600_b1_2024-01-18.pt.jpg,ORDER_Hemiptera,28-01-25,4:43:22,,2025_01_28__04_43_22,MachineObservation,Panama_Hoya_1004m_accionSauro_2025-01-26_2025-01-27,Panama_Hoya_1004m_accionSauro_2025-01-26_2025-01-27,accionSauro_2025_01_28__04_43_22_HDR0.jpg,accionSauro_2025_01_28__04_43_22_HDR0_0_Mothbot_yolo11m_4500_imgsz1600_b1_2024-01-18.pt.jpg
doi.org10.15468dl.6nxkw6.csv,Animalia,Arthropoda,Insecta,Hemiptera,,,,,809,,Hemiptera,Hemiptera,Panama_Hoya_1004m_accionSauro_2025-01-26,accionSauro_2025_01_28__04_43_22_HDR0_1_Mothbot_yolo11m_4500_imgsz1600_b1_2024-01-18.pt.jpg,HS,Mothbot_yolo11m_4500_imgsz1600_b1_2024-01-18.pt,0.661341012,,accionSauro,Panama/Hoya_1004m_accionSauro_2025-01-26/2025-01-27/patches/accionSauro_2025_01_28__04_43_22_HDR0_1_Mothbot_yolo11m_4500_imgsz1600_b1_2024-01-18.pt.jpg,ORDER_Psocodea,28-01-25,4:43:22,,2025_01_28__04_43_22,MachineObservation,Panama_Hoya_1004m_accionSauro_2025-01-26_2025-01-27,Panama_Hoya_1004m_accionSauro_2025-01-26_2025-01-27,accionSauro_2025_01_28__04_43_22_HDR0.jpg,accionSauro_2025_01_28__04_43_22_HDR0_1_Mothbot_yolo11m_4500_imgsz1600_b1_2024-01-18.pt.jpg
doi.org10.15468dl.6nxkw6.csv,Animalia,Arthropoda,Insecta,Diptera,,,,,,,Diptera,Diptera,Panama_Hoya_1004m_accionSauro_2025-01-26,accionSauro_2025_01_28__04_43_22_HDR0_2_Mothbot_yolo11m_4500_imgsz1600_b1_2024-01-18.pt.jpg,HS,Mothbot_yolo11m_4500_imgsz1600_b1_2024-01-18.pt,0.566401303,,accionSauro,Panama/Hoya_1004m_accionSauro_2025-01-26/2025-01-27/patches/accionSauro_2025_01_28__04_43_22_HDR0_2_Mothbot_yolo11m_4500_imgsz1600_b1_2024-01-18.pt.jpg,ORDER_Hymenoptera,28-01-25,4:43:22,,2025_01_28__04_43_22,MachineObservation,Panama_Hoya_1004m_accionSauro_2025-01-26_2025-01-27,Panama_Hoya_1004m_accionSauro_2025-01-26_2025-01-27,accionSauro_2025_01_28__04_43_22_HDR0.jpg,accionSauro_2025_01_28__04_43_22_HDR0_2_Mothbot_yolo11m_4500_imgsz1600_b1_2024-01-18.pt.jpg
,Animalia,Arthropoda,Insecta,Lepidoptera,,,,,,,Lepidoptera,Lepidoptera,Panama_Hoya_1004m_accionSauro_2025-01-26,accionSauro_2025_01_28__04_43_22_HDR0_3_Mothbot_yolo11m_4500_imgsz1600_b1_2024-01-18.pt.jpg,HS,Mothbot_yolo11m_4500_imgsz1600_b1_2024-01-18.pt,0.424034983,,accionSauro,Panama/Hoya_1004m_accionSauro_2025-01-26/2025-01-27/patches/accionSauro_2025_01_28__04_43_22_HDR0_3_Mothbot_yolo11m_4500_imgsz1600_b1_2024-01-18.pt.jpg,ORDER_Lepidoptera,28-01-25,4:43:22,,2025_01_28__04_43_22,MachineObservation,Panama_Hoya_1004m_accionSauro_2025-01-26_2025-01-27,Panama_Hoya_1004m_accionSauro_2025-01-26_2025-01-27,accionSauro_2025_01_28__04_43_22_HDR0.jpg,accionSauro_2025_01_28__04_43_22_HDR0_3_Mothbot_yolo11m_4500_imgsz1600_b1_2024-01-18.pt.jpg
,Animalia,Arthropoda,Insecta,Hemiptera,,,,,,,Hemiptera,Hemiptera,Panama_Hoya_1004m_accionSauro_2025-01-26,accionSauro_2025_01_28__04_44_06_HDR0_0_Mothbot_yolo11m_4500_imgsz1600_b1_2024-01-18.pt.jpg,HS,Mothbot_yolo11m_4500_imgsz1600_b1_2024-01-18.pt,0.731298089,,accionSauro,Panama/Hoya_1004m_accionSauro_2025-01-26/2025-01-27/patches/accionSauro_2025_01_28__04_44_06_HDR0_0_Mothbot_yolo11m_4500_imgsz1600_b1_2024-01-18.pt.jpg,ORDER_Hemiptera,28-01-25,4:44:06,,2025_01_28__04_44_06,MachineObservation,Panama_Hoya_1004m_accionSauro_2025-01-26_2025-01-27,Panama_Hoya_1004m_accionSauro_2025-01-26_2025-01-27,accionSauro_2025_01_28__04_44_06_HDR0.jpg,accionSauro_2025_01_28__04_44_06_HDR0_0_Mothbot_yolo11m_4500_imgsz1600_b1_2024-01-18.pt.jpg
doi.org10.15468dl.6nxkw6.csv,Animalia,Arthropoda,Insecta,Hemiptera,,,,,809,,Hemiptera,Hemiptera,Panama_Hoya_1004m_accionSauro_2025-01-26,accionSauro_2025_01_28__04_44_06_HDR0_1_Mothbot_yolo11m_4500_imgsz1600_b1_2024-01-18.pt.jpg,HS,Mothbot_yolo11m_4500_imgsz1600_b1_2024-01-18.pt,0.651796401,,accionSauro,Panama/Hoya_1004m_accionSauro_2025-01-26/2025-01-27/patches/accionSauro_2025_01_28__04_44_06_HDR0_1_Mothbot_yolo11m_4500_imgsz1600_b1_2024-01-18.pt.jpg,ORDER_Psocodea,28-01-25,4:44:06,,2025_01_28__04_44_06,MachineObservation,Panama_Hoya_1004m_accionSauro_2025-01-26_2025-01-27,Panama_Hoya_1004m_accionSauro_2025-01-26_2025-01-27,accionSauro_2025_01_28__04_44_06_HDR0.jpg,accionSauro_2025_01_28__04_44_06_HDR0_1_Mothbot_yolo11m_4500_imgsz1600_b1_2024-01-18.pt.jpg
,Animalia,Arthropoda,Insecta,Lepidoptera,,,,,,,Lepidoptera,Lepidoptera,Panama_Hoya_1004m_accionSauro_2025-01-26,accionSauro_2025_01_28__04_44_06_HDR0_2_Mothbot_yolo11m_4500_imgsz1600_b1_2024-01-18.pt.jpg,HS,Mothbot_yolo11m_4500_imgsz1600_b1_2024-01-18.pt,0.332173079,,accionSauro,Panama/Hoya_1004m_accionSauro_2025-01-26/2025-01-27/patches/accionSauro_2025_01_28__04_44_06_HDR0_2_Mothbot_yolo11m_4500_imgsz1600_b1_2024-01-18.pt.jpg,ORDER_Lepidoptera,28-01-25,4:44:06,,2025_01_28__04_44_06,MachineObservation,Panama_Hoya_1004m_accionSauro_2025-01-26_2025-01-27,Panama_Hoya_1004m_accionSauro_2025-01-26_2025-01-27,accionSauro_2025_01_28__04_44_06_HDR0.jpg,accionSauro_2025_01_28__04_44_06_HDR0_2_Mothbot_yolo11m_4500_imgsz1600_b1_2024-01-18.pt.jpg
,Animalia,Arthropoda,Insecta,Hemiptera,,,,,,,Hemiptera,Hemiptera,Panama_Hoya_1004m_accionSauro_2025-01-26,accionSauro_2025_01_28__04_45_06_HDR0_0_Mothbot_yolo11m_4500_imgsz1600_b1_2024-01-18.pt.jpg,HS,Mothbot_yolo11m_4500_imgsz1600_b1_2024-01-18.pt,0.800412595,,accionSauro,Panama/Hoya_1004m_accionSauro_2025-01-26/2025-01-27/patches/accionSauro_2025_01_28__04_45_06_HDR0_0_Mothbot_yolo11m_4500_imgsz1600_b1_2024-01-18.pt.jpg,ORDER_Hemiptera,28-01-25,4:45:06,,2025_01_28__04_45_06,MachineObservation,Panama_Hoya_1004m_accionSauro_2025-01-26_2025-01-27,Panama_Hoya_1004m_accionSauro_2025-01-26_2025-01-27,accionSauro_2025_01_28__04_45_06_HDR0.jpg,accionSauro_2025_01_28__04_45_06_HDR0_0_Mothbot_yolo11m_4500_imgsz1600_b1_2024-01-18.pt.jpg
doi.org10.15468dl.6nxkw6.csv,Animalia,Arthropoda,Insecta,Hemiptera,,,,,809,,Hemiptera,Hemiptera,Panama_Hoya_1004m_accionSauro_2025-01-26,accionSauro_2025_01_28__04_45_06_HDR0_1_Mothbot_yolo11m_4500_imgsz1600_b1_2024-01-18.pt.jpg,HS,Mothbot_yolo11m_4500_imgsz1600_b1_2024-01-18.pt,0.624610245,,accionSauro,Panama/Hoya_1004m_accionSauro_2025-01-26/2025-01-27/patches/accionSauro_2025_01_28__04_45_06_HDR0_1_Mothbot_yolo11m_4500_imgsz1600_b1_2024-01-18.pt.jpg,ORDER_Psocodea,28-01-25,4:45:06,,2025_01_28__04_45_06,MachineObservation,Panama_Hoya_1004m_accionSauro_2025-01-26_2025-01-27,Panama_Hoya_1004m_accionSauro_2025-01-26_2025-01-27,accionSauro_2025_01_28__04_45_06_HDR0.jpg,accionSauro_2025_01_28__04_45_06_HDR0_1_Mothbot_yolo11m_4500_imgsz1600_b1_2024-01-18.pt.jpg
doi.org10.15468dl.6nxkw6.csv,Animalia,Arthropoda,Insecta,Lepidoptera,,,,,797,,Lepidoptera,Lepidoptera,Panama_Hoya_1004m_accionSauro_2025-01-26,accionSauro_2025_01_28__04_45_06_HDR0_2_Mothbot_yolo11m_4500_imgsz1600_b1_2024-01-18.pt.jpg,HS,Mothbot_yolo11m_4500_imgsz1600_b1_2024-01-18.pt,0.415499032,,accionSauro,Panama/Hoya_1004m_accionSauro_2025-01-26/2025-01-27/patches/accionSauro_2025_01_28__04_45_06_HDR0_2_Mothbot_yolo11m_4500_imgsz1600_b1_2024-01-18.pt.jpg,ORDER_Neuroptera,28-01-25,4:45:06,,2025_01_28__04_45_06,MachineObservation,Panama_Hoya_1004m_accionSauro_2025-01-26_2025-01-27,Panama_Hoya_1004m_accionSauro_2025-01-26_2025-01-27,accionSauro_2025_01_28__04_45_06_HDR0.jpg,accionSauro_2025_01_28__04_45_06_HDR0_2_Mothbot_yolo11m_4500_imgsz1600_b1_2024-01-18.pt.jpg
,Animalia,Arthropoda,Insecta,Hemiptera,,,,,,,Hemiptera,Hemiptera,Panama_Hoya_1004m_accionSauro_2025-01-26,accionSauro_2025_01_28__04_46_06_HDR0_0_Mothbot_yolo11m_4500_imgsz1600_b1_2024-01-18.pt.jpg,HS,Mothbot_yolo11m_4500_imgsz1600_b1_2024-01-18.pt,0.770034075,,accionSauro,Panama/Hoya_1004m_accionSauro_2025-01-26/2025-01-27/patches/accionSauro_2025_01_28__04_46_06_HDR0_0_Mothbot_yolo11m_4500_imgsz1600_b1_2024-01-18.pt.jpg,ORDER_Hemiptera,28-01-25,4:46:06,,2025_01_28__04_46_06,MachineObservation,Panama_Hoya_1004m_accionSauro_2025-01-26_2025-01-27,Panama_Hoya_1004m_accionSauro_2025-01-26_2025-01-27,accionSauro_2025_01_28__04_46_06_HDR0.jpg,accionSauro_2025_01_28__04_46_06_HDR0_0_Mothbot_yolo11m_4500_imgsz1600_b1_2024-01-18.pt.jpg
,Animalia,Arthropoda,Insecta,Hemiptera,,,,,,,Hemiptera,Hemiptera,Panama_Hoya_1004m_accionSauro_2025-01-26,accionSauro_2025_01_28__04_46_06_HDR0_1_Mothbot_yolo11m_4500_imgsz1600_b1_2024-01-18.pt.jpg,HS,Mothbot_yolo11m_4500_imgsz1600_b1_2024-01-18.pt,0.718103707,,accionSauro,Panama/Hoya_1004m_accionSauro_2025-01-26/2025-01-27/patches/accionSauro_2025_01_28__04_46_06_HDR0_1_Mothbot_yolo11m_4500_imgsz1600_b1_2024-01-18.pt.jpg,ORDER_Hemiptera,28-01-25,4:46:06,,2025_01_28__04_46_06,MachineObservation,Panama_Hoya_1004m_accionSauro_2025-01-26_2025-01-27,Panama_Hoya_1004m_accionSauro_2025-01-26_2025-01-27,accionSauro_2025_01_28__04_46_06_HDR0.jpg,accionSauro_2025_01_28__04_46_06_HDR0_1_Mothbot_yolo11m_4500_imgsz1600_b1_2024-01-18.pt.jpg
doi.org10.15468dl.6nxkw6.csv,Animalia,Arthropoda,Insecta,Lepidoptera,,,,,797,,Lepidoptera,Lepidoptera,Panama_Hoya_1004m_accionSauro_2025-01-26,accionSauro_2025_01_28__04_46_06_HDR0_2_Mothbot_yolo11m_4500_imgsz1600_b1_2024-01-18.pt.jpg,HS,Mothbot_yolo11m_4500_imgsz1600_b1_2024-01-18.pt,0.653310835,,accionSauro,Panama/Hoya_1004m_accionSauro_2025-01-26/2025-01-27/patches/accionSauro_2025_01_28__04_46_06_HDR0_2_Mothbot_yolo11m_4500_imgsz1600_b1_2024-01-18.pt.jpg,ORDER_Hymenoptera,28-01-25,4:46:06,,2025_01_28__04_46_06,MachineObservation,Panama_Hoya_1004m_accionSauro_2025-01-26_2025-01-27,Panama_Hoya_1004m_accionSauro_2025-01-26_2025-01-27,accionSauro_2025_01_28__04_46_06_HDR0.jpg,accionSauro_2025_01_28__04_46_06_HDR0_2_Mothbot_yolo11m_4500_imgsz1600_b1_2024-01-18.pt.jpg
,Animalia,Arthropoda,Insecta,Lepidoptera,,,,,,,Lepidoptera,Lepidoptera,Panama_Hoya_1004m_accionSauro_2025-01-26,accionSauro_2025_01_28__04_46_06_HDR0_3_Mothbot_yolo11m_4500_imgsz1600_b1_2024-01-18.pt.jpg,HS,Mothbot_yolo11m_4500_imgsz1600_b1_2024-01-18.pt,0.501488566,,accionSauro,Panama/Hoya_1004m_accionSauro_2025-01-26/2025-01-27/patches/accionSauro_2025_01_28__04_46_06_HDR0_3_Mothbot_yolo11m_4500_imgsz1600_b1_2024-01-18.pt.jpg,ORDER_Lepidoptera,28-01-25,4:46:06,,2025_01_28__04_46_06,MachineObservation,Panama_Hoya_1004m_accionSauro_2025-01-26_2025-01-27,Panama_Hoya_1004m_accionSauro_2025-01-26_2025-01-27,accionSauro_2025_01_28__04_46_06_HDR0.jpg,accionSauro_2025_01_28__04_46_06_HDR0_3_Mothbot_yolo11m_4500_imgsz1600_b1_2024-01-18.pt.jpg
,Animalia,Arthropoda,Insecta,Hemiptera,,,,,,,Hemiptera,Hemiptera,Panama_Hoya_1004m_accionSauro_2025-01-26,accionSauro_2025_01_28__04_47_06_HDR0_0_Mothbot_yolo11m_4500_imgsz1600_b1_2024-01-18.pt.jpg,HS,Mothbot_yolo11m_4500_imgsz1600_b1_2024-01-18.pt,0.306008637,,accionSauro,Panama/Hoya_1004m_accionSauro_2025-01-26/2025-01-27/patches/accionSauro_2025_01_28__04_47_06_HDR0_0_Mothbot_yolo11m_4500_imgsz1600_b1_2024-01-18.pt.jpg,ORDER_Hemiptera,28-01-25,4:47:06,,2025_01_28__04_47_06,MachineObservation,Panama_Hoya_1004m_accionSauro_2025-01-26_2025-01-27,Panama_Hoya_1004m_accionSauro_2025-01-26_2025-01-27,accionSauro_2025_01_28__04_47_06_HDR0.jpg,accionSauro_2025_01_28__04_47_06_HDR0_0_Mothbot_yolo11m_4500_imgsz1600_b1_2024-01-18.pt.jpg
,Animalia,Arthropoda,Insecta,Hemiptera,,,,,,,Hemiptera,Hemiptera,Panama_Hoya_1004m_accionSauro_2025-01-26,accionSauro_2025_01_28__04_48_06_HDR0_0_Mothbot_yolo11m_4500_imgsz1600_b1_2024-01-18.pt.jpg,HS,Mothbot_yolo11m_4500_imgsz1600_b1_2024-01-18.pt,0.312593848,,accionSauro,Panama/Hoya_1004m_accionSauro_2025-01-26/2025-01-27/patches/accionSauro_2025_01_28__04_48_06_HDR0_0_Mothbot_yolo11m_4500_imgsz1600_b1_2024-01-18.pt.jpg,ORDER_Hemiptera,28-01-25,4:48:06,,2025_01_28__04_48_06,MachineObservation,Panama_Hoya_1004m_accionSauro_2025-01-26_2025-01-27,Panama_Hoya_1004m_accionSauro_2025-01-26_2025-01-27,accionSauro_2025_01_28__04_48_06_HDR0.jpg,accionSauro_2025_01_28__04_48_06_HDR0_0_Mothbot_yolo11m_4500_imgsz1600_b1_2024-01-18.pt.jpg
,Animalia,Arthropoda,Insecta,Lepidoptera,,,,,,,Lepidoptera,Lepidoptera,Panama_Hoya_1004m_accionSauro_2025-01-26,accionSauro_2025_01_28__04_50_22_HDR0_0_Mothbot_yolo11m_4500_imgsz1600_b1_2024-01-18.pt.jpg,HS,Mothbot_yolo11m_4500_imgsz1600_b1_2024-01-18.pt,0.832619905,,accionSauro,Panama/Hoya_1004m_accionSauro_2025-01-26/2025-01-27/patches/accionSauro_2025_01_28__04_50_22_HDR0_0_Mothbot_yolo11m_4500_imgsz1600_b1_2024-01-18.pt.jpg,ORDER_Lepidoptera,28-01-25,4:50:22,,2025_01_28__04_50_22,MachineObservation,Panama_Hoya_1004m_accionSauro_2025-01-26_2025-01-27,Panama_Hoya_1004m_accionSauro_2025-01-26_2025-01-27,accionSauro_2025_01_28__04_50_22_HDR0.jpg,accionSauro_2025_01_28__04_50_22_HDR0_0_Mothbot_yolo11m_4500_imgsz1600_b1_2024-01-18.pt.jpg
,Animalia,Arthropoda,Insecta,Hemiptera,,,,,,,Hemiptera,Hemiptera,Panama_Hoya_1004m_accionSauro_2025-01-26,accionSauro_2025_01_28__04_50_22_HDR0_1_Mothbot_yolo11m_4500_imgsz1600_b1_2024-01-18.pt.jpg,HS,Mothbot_yolo11m_4500_imgsz1600_b1_2024-01-18.pt,0.769778848,,accionSauro,Panama/Hoya_1004m_accionSauro_2025-01-26/2025-01-27/patches/accionSauro_2025_01_28__04_50_22_HDR0_1_Mothbot_yolo11m_4500_imgsz1600_b1_2024-01-18.pt.jpg,ORDER_Hemiptera,28-01-25,4:50:22,,2025_01_28__04_50_22,MachineObservation,Panama_Hoya_1004m_accionSauro_2025-01-26_2025-01-27,Panama_Hoya_1004m_accionSauro_2025-01-26_2025-01-27,accionSauro_2025_01_28__04_50_22_HDR0.jpg,accionSauro_2025_01_28__04_50_22_HDR0_1_Mothbot_yolo11m_4500_imgsz1600_b1_2024-01-18.pt.jpg
,Animalia,Arthropoda,Insecta,Hemiptera,,,,,,,Hemiptera,Hemiptera,Panama_Hoya_1004m_accionSauro_2025-01-26,accionSauro_2025_01_28__04_50_22_HDR0_2_Mothbot_yolo11m_4500_imgsz1600_b1_2024-01-18.pt.jpg,HS,Mothbot_yolo11m_4500_imgsz1600_b1_2024-01-18.pt,0.765345812,,accionSauro,Panama/Hoya_1004m_accionSauro_2025-01-26/2025-01-27/patches/accionSauro_2025_01_28__04_50_22_HDR0_2_Mothbot_yolo11m_4500_imgsz1600_b1_2024-01-18.pt.jpg,ORDER_Hemiptera,28-01-25,4:50:22,,2025_01_28__04_50_22,MachineObservation,Panama_Hoya_1004m_accionSauro_2025-01-26_2025-01-27,Panama_Hoya_1004m_accionSauro_2025-01-26_2025-01-27,accionSauro_2025_01_28__04_50_22_HDR0.jpg,accionSauro_2025_01_28__04_50_22_HDR0_2_Mothbot_yolo11m_4500_imgsz1600_b1_2024-01-18.pt.jpg
,Animalia,Arthropoda,Insecta,Hemiptera,,,,,,,Hemiptera,Hemiptera,Panama_Hoya_1004m_accionSauro_2025-01-26,accionSauro_2025_01_28__04_50_22_HDR0_3_Mothbot_yolo11m_4500_imgsz1600_b1_2024-01-18.pt.jpg,HS,Mothbot_yolo11m_4500_imgsz1600_b1_2024-01-18.pt,0.723886847,,accionSauro,Panama/Hoya_1004m_accionSauro_2025-01-26/2025-01-27/patches/accionSauro_2025_01_28__04_50_22_HDR0_3_Mothbot_yolo11m_4500_imgsz1600_b1_2024-01-18.pt.jpg,ORDER_Hemiptera,28-01-25,4:50:22,,2025_01_28__04_50_22,MachineObservation,Panama_Hoya_1004m_accionSauro_2025-01-26_2025-01-27,Panama_Hoya_1004m_accionSauro_2025-01-26_2025-01-27,accionSauro_2025_01_28__04_50_22_HDR0.jpg,accionSauro_2025_01_28__04_50_22_HDR0_3_Mothbot_yolo11m_4500_imgsz1600_b1_2024-01-18.pt.jpg
doi.org10.15468dl.6nxkw6.csv,Animalia,Arthropoda,Insecta,Hemiptera,,,,,809,,Hemiptera,Hemiptera,Panama_Hoya_1004m_accionSauro_2025-01-26,accionSauro_2025_01_28__04_50_22_HDR0_4_Mothbot_yolo11m_4500_imgsz1600_b1_2024-01-18.pt.jpg,HS,Mothbot_yolo11m_4500_imgsz1600_b1_2024-01-18.pt,0.683945179,,accionSauro,Panama/Hoya_1004m_accionSauro_2025-01-26/2025-01-27/patches/accionSauro_2025_01_28__04_50_22_HDR0_4_Mothbot_yolo11m_4500_imgsz1600_b1_2024-01-18.pt.jpg,ORDER_Diptera,28-01-25,4:50:22,,2025_01_28__04_50_22,MachineObservation,Panama_Hoya_1004m_accionSauro_2025-01-26_2025-01-27,Panama_Hoya_1004m_accionSauro_2025-01-26_2025-01-27,accionSauro_2025_01_28__04_50_22_HDR0.jpg,accionSauro_2025_01_28__04_50_22_HDR0_4_Mothbot_yolo11m_4500_imgsz1600_b1_2024-01-18.pt.jpg
,Animalia,Arthropoda,Insecta,Hemiptera,,,,,,,Hemiptera,Hemiptera,Panama_Hoya_1004m_accionSauro_2025-01-26,accionSauro_2025_01_28__04_50_22_HDR0_5_Mothbot_yolo11m_4500_imgsz1600_b1_2024-01-18.pt.jpg,HS,Mothbot_yolo11m_4500_imgsz1600_b1_2024-01-18.pt,0.45778051,,accionSauro,Panama/Hoya_1004m_accionSauro_2025-01-26/2025-01-27/patches/accionSauro_2025_01_28__04_50_22_HDR0_5_Mothbot_yolo11m_4500_imgsz1600_b1_2024-01-18.pt.jpg,ORDER_Hemiptera,28-01-25,4:50:22,,2025_01_28__04_50_22,MachineObservation,Panama_Hoya_1004m_accionSauro_2025-01-26_2025-01-27,Panama_Hoya_1004m_accionSauro_2025-01-26_2025-01-27,accionSauro_2025_01_28__04_50_22_HDR0.jpg,accionSauro_2025_01_28__04_50_22_HDR0_5_Mothbot_yolo11m_4500_imgsz1600_b1_2024-01-18.pt.jpg
doi.org10.15468dl.6nxkw6.csv,Animalia,Arthropoda,Insecta,Hemiptera,,,,,809,,Hemiptera,Hemiptera,Panama_Hoya_1004m_accionSauro_2025-01-26,accionSauro_2025_01_28__04_51_06_HDR0_0_Mothbot_yolo11m_4500_imgsz1600_b1_2024-01-18.pt.jpg,HS,Mothbot_yolo11m_4500_imgsz1600_b1_2024-01-18.pt,0.79913944,,accionSauro,Panama/Hoya_1004m_accionSauro_2025-01-26/2025-01-27/patches/accionSauro_2025_01_28__04_51_06_HDR0_0_Mothbot_yolo11m_4500_imgsz1600_b1_2024-01-18.pt.jpg,ORDER_Diptera,28-01-25,4:51:06,,2025_01_28__04_51_06,MachineObservation,Panama_Hoya_1004m_accionSauro_2025-01-26_2025-01-27,Panama_Hoya_1004m_accionSauro_2025-01-26_2025-01-27,accionSauro_2025_01_28__04_51_06_HDR0.jpg,accionSauro_2025_01_28__04_51_06_HDR0_0_Mothbot_yolo11m_4500_imgsz1600_b1_2024-01-18.pt.jpg
doi.org10.15468dl.6nxkw6.csv,Animalia,Arthropoda,Insecta,Hemiptera,,,,,809,,Hemiptera,Hemiptera,Panama_Hoya_1004m_accionSauro_2025-01-26,accionSauro_2025_01_28__04_51_06_HDR0_1_Mothbot_yolo11m_4500_imgsz1600_b1_2024-01-18.pt.jpg,HS,Mothbot_yolo11m_4500_imgsz1600_b1_2024-01-18.pt,0.769333184,,accionSauro,Panama/Hoya_1004m_accionSauro_2025-01-26/2025-01-27/patches/accionSauro_2025_01_28__04_51_06_HDR0_1_Mothbot_yolo11m_4500_imgsz1600_b1_2024-01-18.pt.jpg,ORDER_Diptera,28-01-25,4:51:06,,2025_01_28__04_51_06,MachineObservation,Panama_Hoya_1004m_accionSauro_2025-01-26_2025-01-27,Panama_Hoya_1004m_accionSauro_2025-01-26_2025-01-27,accionSauro_2025_01_28__04_51_06_HDR0.jpg,accionSauro_2025_01_28__04_51_06_HDR0_1_Mothbot_yolo11m_4500_imgsz1600_b1_2024-01-18.pt.jpg
doi.org10.15468dl.6nxkw6.csv,Animalia,Arthropoda,Insecta,Lepidoptera,,,,,797,,Lepidoptera,Lepidoptera,Panama_Hoya_1004m_accionSauro_2025-01-26,accionSauro_2025_01_28__04_52_06_HDR0_0_Mothbot_yolo11m_4500_imgsz1600_b1_2024-01-18.pt.jpg,HS,Mothbot_yolo11m_4500_imgsz1600_b1_2024-01-18.pt,0.792288661,,accionSauro,Panama/Hoya_1004m_accionSauro_2025-01-26/2025-01-27/patches/accionSauro_2025_01_28__04_52_06_HDR0_0_Mothbot_yolo11m_4500_imgsz1600_b1_2024-01-18.pt.jpg,ORDER_Neuroptera,28-01-25,4:52:06,,2025_01_28__04_52_06,MachineObservation,Panama_Hoya_1004m_accionSauro_2025-01-26_2025-01-27,Panama_Hoya_1004m_accionSauro_2025-01-26_2025-01-27,accionSauro_2025_01_28__04_52_06_HDR0.jpg,accionSauro_2025_01_28__04_52_06_HDR0_0_Mothbot_yolo11m_4500_imgsz1600_b1_2024-01-18.pt.jpg
doi.org10.15468dl.6nxkw6.csv,Animalia,Arthropoda,Insecta,Hemiptera,,,,,809,,Hemiptera,Hemiptera,Panama_Hoya_1004m_accionSauro_2025-01-26,accionSauro_2025_01_28__04_52_06_HDR0_1_Mothbot_yolo11m_4500_imgsz1600_b1_2024-01-18.pt.jpg,HS,Mothbot_yolo11m_4500_imgsz1600_b1_2024-01-18.pt,0.761801958,,accionSauro,Panama/Hoya_1004m_accionSauro_2025-01-26/2025-01-27/patches/accionSauro_2025_01_28__04_52_06_HDR0_1_Mothbot_yolo11m_4500_imgsz1600_b1_2024-01-18.pt.jpg,ORDER_Psocodea,28-01-25,4:52:06,,2025_01_28__04_52_06,MachineObservation,Panama_Hoya_1004m_accionSauro_2025-01-26_2025-01-27,Panama_Hoya_1004m_accionSauro_2025-01-26_2025-01-27,accionSauro_2025_01_28__04_52_06_HDR0.jpg,accionSauro_2025_01_28__04_52_06_HDR0_1_Mothbot_yolo11m_4500_imgsz1600_b1_2024-01-18.pt.jpg
,Animalia,Arthropoda,Insecta,Hemiptera,,,,,,,Hemiptera,Hemiptera,Panama_Hoya_1004m_accionSauro_2025-01-26,accionSauro_2025_01_28__04_52_06_HDR0_2_Mothbot_yolo11m_4500_imgsz1600_b1_2024-01-18.pt.jpg,HS,Mothbot_yolo11m_4500_imgsz1600_b1_2024-01-18.pt,0.552403033,,accionSauro,Panama/Hoya_1004m_accionSauro_2025-01-26/2025-01-27/patches/accionSauro_2025_01_28__04_52_06_HDR0_2_Mothbot_yolo11m_4500_imgsz1600_b1_2024-01-18.pt.jpg,ORDER_Hemiptera,28-01-25,4:52:06,,2025_01_28__04_52_06,MachineObservation,Panama_Hoya_1004m_accionSauro_2025-01-26_2025-01-27,Panama_Hoya_1004m_accionSauro_2025-01-26_2025-01-27,accionSauro_2025_01_28__04_52_06_HDR0.jpg,accionSauro_2025_01_28__04_52_06_HDR0_2_Mothbot_yolo11m_4500_imgsz1600_b1_2024-01-18.pt.jpg
,Animalia,Arthropoda,Insecta,Lepidoptera,,,,,,,Lepidoptera,Lepidoptera,Panama_Hoya_1004m_accionSauro_2025-01-26,accionSauro_2025_01_28__04_53_06_HDR0_0_Mothbot_yolo11m_4500_imgsz1600_b1_2024-01-18.pt.jpg,HS,Mothbot_yolo11m_4500_imgsz1600_b1_2024-01-18.pt,0.794488668,,accionSauro,Panama/Hoya_1004m_accionSauro_2025-01-26/2025-01-27/patches/accionSauro_2025_01_28__04_53_06_HDR0_0_Mothbot_yolo11m_4500_imgsz1600_b1_2024-01-18.pt.jpg,ORDER_Lepidoptera,28-01-25,4:53:06,,2025_01_28__04_53_06,MachineObservation,Panama_Hoya_1004m_accionSauro_2025-01-26_2025-01-27,Panama_Hoya_1004m_accionSauro_2025-01-26_2025-01-27,accionSauro_2025_01_28__04_53_06_HDR0.jpg,accionSauro_2025_01_28__04_53_06_HDR0_0_Mothbot_yolo11m_4500_imgsz1600_b1_2024-01-18.pt.jpg
,Animalia,Arthropoda,Insecta,Hemiptera,,,,,,,Hemiptera,Hemiptera,Panama_Hoya_1004m_accionSauro_2025-01-26,accionSauro_2025_01_28__04_53_06_HDR0_1_Mothbot_yolo11m_4500_imgsz1600_b1_2024-01-18.pt.jpg,HS,Mothbot_yolo11m_4500_imgsz1600_b1_2024-01-18.pt,0.752780974,,accionSauro,Panama/Hoya_1004m_accionSauro_2025-01-26/2025-01-27/patches/accionSauro_2025_01_28__04_53_06_HDR0_1_Mothbot_yolo11m_4500_imgsz1600_b1_2024-01-18.pt.jpg,ORDER_Hemiptera,28-01-25,4:53:06,,2025_01_28__04_53_06,MachineObservation,Panama_Hoya_1004m_accionSauro_2025-01-26_2025-01-27,Panama_Hoya_1004m_accionSauro_2025-01-26_2025-01-27,accionSauro_2025_01_28__04_53_06_HDR0.jpg,accionSauro_2025_01_28__04_53_06_HDR0_1_Mothbot_yolo11m_4500_imgsz1600_b1_2024-01-18.pt.jpg
,Animalia,Arthropoda,Insecta,Hemiptera,,,,,,,Hemiptera,Hemiptera,Panama_Hoya_1004m_accionSauro_2025-01-26,accionSauro_2025_01_28__04_53_06_HDR0_2_Mothbot_yolo11m_4500_imgsz1600_b1_2024-01-18.pt.jpg,HS,Mothbot_yolo11m_4500_imgsz1600_b1_2024-01-18.pt,0.626981735,,accionSauro,Panama/Hoya_1004m_accionSauro_2025-01-26/2025-01-27/patches/accionSauro_2025_01_28__04_53_06_HDR0_2_Mothbot_yolo11m_4500_imgsz1600_b1_2024-01-18.pt.jpg,ORDER_Hemiptera,28-01-25,4:53:06,,2025_01_28__04_53_06,MachineObservation,Panama_Hoya_1004m_accionSauro_2025-01-26_2025-01-27,Panama_Hoya_1004m_accionSauro_2025-01-26_2025-01-27,accionSauro_2025_01_28__04_53_06_HDR0.jpg,accionSauro_2025_01_28__04_53_06_HDR0_2_Mothbot_yolo11m_4500_imgsz1600_b1_2024-01-18.pt.jpg
,Animalia,Arthropoda,Insecta,Lepidoptera,,,,,,,Lepidoptera,Lepidoptera,Panama_Hoya_1004m_accionSauro_2025-01-26,accionSauro_2025_01_28__04_54_06_HDR0_0_Mothbot_yolo11m_4500_imgsz1600_b1_2024-01-18.pt.jpg,HS,Mothbot_yolo11m_4500_imgsz1600_b1_2024-01-18.pt,0.760737479,,accionSauro,Panama/Hoya_1004m_accionSauro_2025-01-26/2025-01-27/patches/accionSauro_2025_01_28__04_54_06_HDR0_0_Mothbot_yolo11m_4500_imgsz1600_b1_2024-01-18.pt.jpg,ORDER_Lepidoptera,28-01-25,4:54:06,,2025_01_28__04_54_06,MachineObservation,Panama_Hoya_1004m_accionSauro_2025-01-26_2025-01-27,Panama_Hoya_1004m_accionSauro_2025-01-26_2025-01-27,accionSauro_2025_01_28__04_54_06_HDR0.jpg,accionSauro_2025_01_28__04_54_06_HDR0_0_Mothbot_yolo11m_4500_imgsz1600_b1_2024-01-18.pt.jpg
,Animalia,Arthropoda,Insecta,Hemiptera,,,,,,,Hemiptera,Hemiptera,Panama_Hoya_1004m_accionSauro_2025-01-26,accionSauro_2025_01_28__04_54_06_HDR0_1_Mothbot_yolo11m_4500_imgsz1600_b1_2024-01-18.pt.jpg,HS,Mothbot_yolo11m_4500_imgsz1600_b1_2024-01-18.pt,0.753342986,,accionSauro,Panama/Hoya_1004m_accionSauro_2025-01-26/2025-01-27/patches/accionSauro_2025_01_28__04_54_06_HDR0_1_Mothbot_yolo11m_4500_imgsz1600_b1_2024-01-18.pt.jpg,ORDER_Hemiptera,28-01-25,4:54:06,,2025_01_28__04_54_06,MachineObservation,Panama_Hoya_1004m_accionSauro_2025-01-26_2025-01-27,Panama_Hoya_1004m_accionSauro_2025-01-26_2025-01-27,accionSauro_2025_01_28__04_54_06_HDR0.jpg,accionSauro_2025_01_28__04_54_06_HDR0_1_Mothbot_yolo11m_4500_imgsz1600_b1_2024-01-18.pt.jpg
,Animalia,Arthropoda,Insecta,Hemiptera,,,,,,,Hemiptera,Hemiptera,Panama_Hoya_1004m_accionSauro_2025-01-26,accionSauro_2025_01_28__04_54_06_HDR0_2_Mothbot_yolo11m_4500_imgsz1600_b1_2024-01-18.pt.jpg,HS,Mothbot_yolo11m_4500_imgsz1600_b1_2024-01-18.pt,0.702164173,,accionSauro,Panama/Hoya_1004m_accionSauro_2025-01-26/2025-01-27/patches/accionSauro_2025_01_28__04_54_06_HDR0_2_Mothbot_yolo11m_4500_imgsz1600_b1_2024-01-18.pt.jpg,ORDER_Hemiptera,28-01-25,4:54:06,,2025_01_28__04_54_06,MachineObservation,Panama_Hoya_1004m_accionSauro_2025-01-26_2025-01-27,Panama_Hoya_1004m_accionSauro_2025-01-26_2025-01-27,accionSauro_2025_01_28__04_54_06_HDR0.jpg,accionSauro_2025_01_28__04_54_06_HDR0_2_Mothbot_yolo11m_4500_imgsz1600_b1_2024-01-18.pt.jpg
doi.org10.15468dl.6nxkw6.csv,Animalia,Arthropoda,Insecta,Hemiptera,,,,,809,,Hemiptera,Hemiptera,Panama_Hoya_1004m_accionSauro_2025-01-26,accionSauro_2025_01_28__04_54_06_HDR0_3_Mothbot_yolo11m_4500_imgsz1600_b1_2024-01-18.pt.jpg,HS,Mothbot_yolo11m_4500_imgsz1600_b1_2024-01-18.pt,0.559190869,,accionSauro,Panama/Hoya_1004m_accionSauro_2025-01-26/2025-01-27/patches/accionSauro_2025_01_28__04_54_06_HDR0_3_Mothbot_yolo11m_4500_imgsz1600_b1_2024-01-18.pt.jpg,ORDER_Coleoptera,28-01-25,4:54:06,,2025_01_28__04_54_06,MachineObservation,Panama_Hoya_1004m_accionSauro_2025-01-26_2025-01-27,Panama_Hoya_1004m_accionSauro_2025-01-26_2025-01-27,accionSauro_2025_01_28__04_54_06_HDR0.jpg,accionSauro_2025_01_28__04_54_06_HDR0_3_Mothbot_yolo11m_4500_imgsz1600_b1_2024-01-18.pt.jpg
doi.org10.15468dl.6nxkw6.csv,Animalia,Arthropoda,Insecta,Hemiptera,,,,,809,,Hemiptera,Hemiptera,Panama_Hoya_1004m_accionSauro_2025-01-26,accionSauro_2025_01_28__04_54_06_HDR0_4_Mothbot_yolo11m_4500_imgsz1600_b1_2024-01-18.pt.jpg,HS,Mothbot_yolo11m_4500_imgsz1600_b1_2024-01-18.pt,0.558157921,,accionSauro,Panama/Hoya_1004m_accionSauro_2025-01-26/2025-01-27/patches/accionSauro_2025_01_28__04_54_06_HDR0_4_Mothbot_yolo11m_4500_imgsz1600_b1_2024-01-18.pt.jpg,ORDER_Diptera,28-01-25,4:54:06,,2025_01_28__04_54_06,MachineObservation,Panama_Hoya_1004m_accionSauro_2025-01-26_2025-01-27,Panama_Hoya_1004m_accionSauro_2025-01-26_2025-01-27,accionSauro_2025_01_28__04_54_06_HDR0.jpg,accionSauro_2025_01_28__04_54_06_HDR0_4_Mothbot_yolo11m_4500_imgsz1600_b1_2024-01-18.pt.jpg
,,,,,,,,,,,,ERROR,Panama_Hoya_1004m_accionSauro_2025-01-26,accionSauro_2025_01_28__04_54_06_HDR0_5_Mothbot_yolo11m_4500_imgsz1600_b1_2024-01-18.pt.jpg,HS,Mothbot_yolo11m_4500_imgsz1600_b1_2024-01-18.pt,0.512843609,,accionSauro,Panama/Hoya_1004m_accionSauro_2025-01-26/2025-01-27/patches/accionSauro_2025_01_28__04_54_06_HDR0_5_Mothbot_yolo11m_4500_imgsz1600_b1_2024-01-18.pt.jpg,ORDER_Diptera,28-01-25,4:54:06,,2025_01_28__04_54_06,MachineObservation,Panama_Hoya_1004m_accionSauro_2025-01-26_2025-01-27,Panama_Hoya_1004m_accionSauro_2025-01-26_2025-01-27,accionSauro_2025_01_28__04_54_06_HDR0.jpg,accionSauro_2025_01_28__04_54_06_HDR0_5_Mothbot_yolo11m_4500_imgsz1600_b1_2024-01-18.pt.jpg
doi.org10.15468dl.6nxkw6.csv,Animalia,Arthropoda,Insecta,Hemiptera,Cicadidae,Guyalna,panamensis,,8496325,,Guyalna panamensis,Guyalna panamensis,Panama_Hoya_1004m_accionSauro_2025-01-26,accionSauro_2025_01_28__04_55_06_HDR0_0_Mothbot_yolo11m_4500_imgsz1600_b1_2024-01-18.pt.jpg,HS,Mothbot_yolo11m_4500_imgsz1600_b1_2024-01-18.pt,0.775305569,,accionSauro,Panama/Hoya_1004m_accionSauro_2025-01-26/2025-01-27/patches/accionSauro_2025_01_28__04_55_06_HDR0_0_Mothbot_yolo11m_4500_imgsz1600_b1_2024-01-18.pt.jpg,ORDER_Hemiptera,28-01-25,4:55:06,,2025_01_28__04_55_06,MachineObservation,Panama_Hoya_1004m_accionSauro_2025-01-26_2025-01-27,Panama_Hoya_1004m_accionSauro_2025-01-26_2025-01-27,accionSauro_2025_01_28__04_55_06_HDR0.jpg,accionSauro_2025_01_28__04_55_06_HDR0_0_Mothbot_yolo11m_4500_imgsz1600_b1_2024-01-18.pt.jpg
,Animalia,Arthropoda,Insecta,Hemiptera,,,,,,,Hemiptera,Hemiptera,Panama_Hoya_1004m_accionSauro_2025-01-26,accionSauro_2025_01_28__04_55_06_HDR0_1_Mothbot_yolo11m_4500_imgsz1600_b1_2024-01-18.pt.jpg,HS,Mothbot_yolo11m_4500_imgsz1600_b1_2024-01-18.pt,0.669911265,,accionSauro,Panama/Hoya_1004m_accionSauro_2025-01-26/2025-01-27/patches/accionSauro_2025_01_28__04_55_06_HDR0_1_Mothbot_yolo11m_4500_imgsz1600_b1_2024-01-18.pt.jpg,ORDER_Hemiptera,28-01-25,4:55:06,,2025_01_28__04_55_06,MachineObservation,Panama_Hoya_1004m_accionSauro_2025-01-26_2025-01-27,Panama_Hoya_1004m_accionSauro_2025-01-26_2025-01-27,accionSauro_2025_01_28__04_55_06_HDR0.jpg,accionSauro_2025_01_28__04_55_06_HDR0_1_Mothbot_yolo11m_4500_imgsz1600_b1_2024-01-18.pt.jpg
,Animalia,Arthropoda,Insecta,Coleoptera,,,,,,,Coleoptera,Coleoptera,Panama_Hoya_1004m_accionSauro_2025-01-26,accionSauro_2025_01_28__04_55_06_HDR0_2_Mothbot_yolo11m_4500_imgsz1600_b1_2024-01-18.pt.jpg,HS,Mothbot_yolo11m_4500_imgsz1600_b1_2024-01-18.pt,0.446169704,,accionSauro,Panama/Hoya_1004m_accionSauro_2025-01-26/2025-01-27/patches/accionSauro_2025_01_28__04_55_06_HDR0_2_Mothbot_yolo11m_4500_imgsz1600_b1_2024-01-18.pt.jpg,ORDER_Coleoptera,28-01-25,4:55:06,,2025_01_28__04_55_06,MachineObservation,Panama_Hoya_1004m_accionSauro_2025-01-26_2025-01-27,Panama_Hoya_1004m_accionSauro_2025-01-26_2025-01-27,accionSauro_2025_01_28__04_55_06_HDR0.jpg,accionSauro_2025_01_28__04_55_06_HDR0_2_Mothbot_yolo11m_4500_imgsz1600_b1_2024-01-18.pt.jpg
doi.org10.15468dl.6nxkw6.csv,Animalia,Arthropoda,Insecta,Coleoptera,Chrysomelidae,Diabrotica,,diabrotica1,1048495,,Diabrotica,diabrotica1,Panama_Hoya_1004m_accionSauro_2025-01-26,accionSauro_2025_01_28__04_56_06_HDR0_0_Mothbot_yolo11m_4500_imgsz1600_b1_2024-01-18.pt.jpg,HS,Mothbot_yolo11m_4500_imgsz1600_b1_2024-01-18.pt,0.77588284,,accionSauro,Panama/Hoya_1004m_accionSauro_2025-01-26/2025-01-27/patches/accionSauro_2025_01_28__04_56_06_HDR0_0_Mothbot_yolo11m_4500_imgsz1600_b1_2024-01-18.pt.jpg,ORDER_Coleoptera,28-01-25,4:56:06,,2025_01_28__04_56_06,MachineObservation,Panama_Hoya_1004m_accionSauro_2025-01-26_2025-01-27,Panama_Hoya_1004m_accionSauro_2025-01-26_2025-01-27,accionSauro_2025_01_28__04_56_06_HDR0.jpg,accionSauro_2025_01_28__04_56_06_HDR0_0_Mothbot_yolo11m_4500_imgsz1600_b1_2024-01-18.pt.jpg
doi.org10.15468dl.6nxkw6.csv,Animalia,Arthropoda,Insecta,Coleoptera,Chrysomelidae,Diabrotica,,diabrotica1,1048495,,Diabrotica,diabrotica1,Panama_Hoya_1004m_accionSauro_2025-01-26,accionSauro_2025_01_28__04_57_22_HDR0_0_Mothbot_yolo11m_4500_imgsz1600_b1_2024-01-18.pt.jpg,HS,Mothbot_yolo11m_4500_imgsz1600_b1_2024-01-18.pt,0.710329175,,accionSauro,Panama/Hoya_1004m_accionSauro_2025-01-26/2025-01-27/patches/accionSauro_2025_01_28__04_57_22_HDR0_0_Mothbot_yolo11m_4500_imgsz1600_b1_2024-01-18.pt.jpg,ORDER_Coleoptera,28-01-25,4:57:22,,2025_01_28__04_57_22,MachineObservation,Panama_Hoya_1004m_accionSauro_2025-01-26_2025-01-27,Panama_Hoya_1004m_accionSauro_2025-01-26_2025-01-27,accionSauro_2025_01_28__04_57_22_HDR0.jpg,accionSauro_2025_01_28__04_57_22_HDR0_0_Mothbot_yolo11m_4500_imgsz1600_b1_2024-01-18.pt.jpg
,Animalia,Arthropoda,Insecta,Diptera,,,,,,,Diptera,Diptera,Panama_Hoya_1004m_accionSauro_2025-01-26,accionSauro_2025_01_28__04_57_22_HDR0_1_Mothbot_yolo11m_4500_imgsz1600_b1_2024-01-18.pt.jpg,HS,Mothbot_yolo11m_4500_imgsz1600_b1_2024-01-18.pt,0.569628954,,accionSauro,Panama/Hoya_1004m_accionSauro_2025-01-26/2025-01-27/patches/accionSauro_2025_01_28__04_57_22_HDR0_1_Mothbot_yolo11m_4500_imgsz1600_b1_2024-01-18.pt.jpg,ORDER_Diptera,28-01-25,4:57:22,,2025_01_28__04_57_22,MachineObservation,Panama_Hoya_1004m_accionSauro_2025-01-26_2025-01-27,Panama_Hoya_1004m_accionSauro_2025-01-26_2025-01-27,accionSauro_2025_01_28__04_57_22_HDR0.jpg,accionSauro_2025_01_28__04_57_22_HDR0_1_Mothbot_yolo11m_4500_imgsz1600_b1_2024-01-18.pt.jpg
doi.org10.15468dl.6nxkw6.csv,Animalia,Arthropoda,Insecta,Coleoptera,Chrysomelidae,Diabrotica,,diabrotica1,1048495,,Diabrotica,diabrotica1,Panama_Hoya_1004m_accionSauro_2025-01-26,accionSauro_2025_01_28__04_58_06_HDR0_0_Mothbot_yolo11m_4500_imgsz1600_b1_2024-01-18.pt.jpg,HS,Mothbot_yolo11m_4500_imgsz1600_b1_2024-01-18.pt,0.736105025,,accionSauro,Panama/Hoya_1004m_accionSauro_2025-01-26/2025-01-27/patches/accionSauro_2025_01_28__04_58_06_HDR0_0_Mothbot_yolo11m_4500_imgsz1600_b1_2024-01-18.pt.jpg,ORDER_Hymenoptera,28-01-25,4:58:06,,2025_01_28__04_58_06,MachineObservation,Panama_Hoya_1004m_accionSauro_2025-01-26_2025-01-27,Panama_Hoya_1004m_accionSauro_2025-01-26_2025-01-27,accionSauro_2025_01_28__04_58_06_HDR0.jpg,accionSauro_2025_01_28__04_58_06_HDR0_0_Mothbot_yolo11m_4500_imgsz1600_b1_2024-01-18.pt.jpg
doi.org10.15468dl.6nxkw6.csv,Animalia,Arthropoda,Insecta,Coleoptera,Chrysomelidae,Diabrotica,,diabrotica1,1048495,,Diabrotica,diabrotica1,Panama_Hoya_1004m_accionSauro_2025-01-26,accionSauro_2025_01_28__04_59_06_HDR0_0_Mothbot_yolo11m_4500_imgsz1600_b1_2024-01-18.pt.jpg,HS,Mothbot_yolo11m_4500_imgsz1600_b1_2024-01-18.pt,0.773561656,,accionSauro,Panama/Hoya_1004m_accionSauro_2025-01-26/2025-01-27/patches/accionSauro_2025_01_28__04_59_06_HDR0_0_Mothbot_yolo11m_4500_imgsz1600_b1_2024-01-18.pt.jpg,ORDER_Coleoptera,28-01-25,4:59:06,,2025_01_28__04_59_06,MachineObservation,Panama_Hoya_1004m_accionSauro_2025-01-26_2025-01-27,Panama_Hoya_1004m_accionSauro_2025-01-26_2025-01-27,accionSauro_2025_01_28__04_59_06_HDR0.jpg,accionSauro_2025_01_28__04_59_06_HDR0_0_Mothbot_yolo11m_4500_imgsz1600_b1_2024-01-18.pt.jpg
